{
    "dataset_info": {
        "identifier": "02-031-002-NL",
        "name": "기술과학 문서 요약 데이터",
        "category": "자연어",
        "last_updated": "2023-08-30"
    },
    "dataset": {
        "doc_id": "034b7f4e-40efa17c-54dc-47db-8488-fd17f892d09e",
        "doc_type": "논문",
        "doc_title": {
            "kor": "v4n5",
            "eng": ""
        },
        "doc_category": {
            "KDC": "560.5",
            "DDC": ""
        },
        "doc_number": {
            "ISSN": "1229-2214",
            "ISBN": "",
            "DOI": "",
            "UCI": ""
        },
        "doc_year": "1999",
        "doc_author": [],
        "doc_publisher": "전력전자학회",
        "doc_license": "CC BY-NC",
        "context_info": [
            {
                "context_id": "55e-0c9-merge_ed_034b7f4e-40efa17c-54dc-47db-8488-fd17f892d09e_00",
                "context_K-NSCC": {
                    "field": "인공물",
                    "large_category": "ED",
                    "medium_category": "11"
                },
                "context": "<h1>1. 서 론</h1> <p>인간에게 현실감을 제공하기 위한 수단으로 외부에서 받아들이는 수많은 정보들 중에 약 70%는 시각에 의해 홉수되기 때문에 지금까지 대부분의 가상현실의 연구는 실시간 3차원 입체영상 구현에 치중되어왔다. 그러나 최근 시각과 청각에 이어 촉각에 대한 관심이 높아가고 있다. 컴퓨터 메모리 상에 가상의 세계를 모델링하고 인간과 역감을 상호 인터페이스 하는 디바이스를 역감장치라 하는데 이를 디바이스 가운데는 단순히 위치정보만을 제공하는 Cyber Glove나 Data Glove, Motion capture 장비 등이 있고, 역감까지 제시하는 장치로는 Thomas H. Massie의 PHANToM과 Iwata의 Haptic Master등이 있다. 그러나 기존 개발된 장치들은 가상공간의 제시능력과 분해능이 떨어지고 구조적인 문제로 토크 손실 및 백러쉬, 부피 및 무게 등의 단점을 지닌다. 한편 국내의 역감장치의 연구는 준비 단계이며, 현재 외국에서 상품화된 장치들은 대부분 고가이다. 본연구에서는 저가이며 인간에게 안정된 상호작용력을 제공하는 범용의 Man-Machine Haptic Interface 장치의 개발을 목적으로 위치피 분해능이 높고, 가상환경과 접촉시 충분한 역감제시가 가능한 3자유도 힘 반향 역감장치를 개발하였다. 개발된 역감 장치의 액츄에이터는 \\( \\mathrm { DC } \\) 서보 모터를 사용하여 전류제어에 기반을 둔 입피던스제어를 하였고, 기구학적 구조는 패러럴방식의 링크 메커니즘과 와이어 증폭방식을 채용 안정성 및 토크의 증폭을 꾀했다. 이는 종래에 토크손실, 마찰 손실 등을 최소화하여 윈하는 힘을 그대로 반영시킬 수 있도록 설계 하였다. 본 논문에서는 자체 제작한 역감 장치를 가상환경과 인터페이스하여 3 차원 그래픽환경에서 여러 가지의 역감을 구현한 결과를 서술한다.</p> <h1>2. 역감 발생의 원리</h1> <p>인간 근-골격은 손각락 끝에서 측정된 동력학적인 임피넌스(impedance)에 비례하여 관절이 일정한 강성(stiffness)을 발생함으로써 탄성력을 가지고 움직이므로 관절의 강성을 변화시킴으로써 손각학 끝의 임피던스가 지속적으로 변화하여 복잡하고 어려운 작업을 행하게 된다. 여기서는 단순한 역감만을 다루기 위하여 실 환경가운데서 가장 간단한 벽을 모델화 한다. 벽은 그림 2화 같이 탄성요소와 점섬요소가 병렬로 구성되어지며 벽과 수직인 한쪽 방향으로만 구속력이 강하게 나타난다. 사람의 손끝이 벽과 접촉한 위치를 \\( x_ { w } \\)라 하면 접촉하기전의 자유공간 \\( \\left (x<x_ { w } \\right ) \\)과 접촉이 이루어져서 힘의 평형이 이루어진 구속공간 \\( \\left (x \\geq x_ { w } \\right ) \\)으로 나누어 생각할 수 있다. 이떄 임의의 위치 \\( \\mathrm { x } \\)에 대한 함수를 \\( \\xi(x) \\)를 식으로 정의한다면 손끝이 받는 탄성력은</p>",
                "context_length": 1458,
                "clue": [
                    {
                        "clue_text": "그러나 최근 시각과 청각에 이어 촉각에 대한 관심이 높아가고 있다.",
                        "clue_start": "132",
                        "clue_end": "169"
                    },
                    {
                        "clue_text": "그러나 기존 개발된 장치들은 가상공간의 제시능력과 분해능이 떨어지고 구조적인 문제로 토크 손실 및 백러쉬, 부피 및 무게 등의 단점을 지닌다.",
                        "clue_start": "379",
                        "clue_end": "458"
                    },
                    {
                        "clue_text": "본연구에서는 저가이며 인간에게 안정된 상호작용력을 제공하는 범용의 Man-Machine Haptic Interface 장치의 개발을 목적으로 위치피 분해능이 높고, 가상환경과 접촉시 충분한 역감제시가 가능한 3자유도 힘 반향 역감장치를 개발하였다.",
                        "clue_start": "513",
                        "clue_end": "651"
                    },
                    {
                        "clue_text": "한편 국내의 역감장치의 연구는 준비 단계이며, 현재 외국에서 상품화된 장치들은 대부분 고가이다.",
                        "clue_start": "459",
                        "clue_end": "512"
                    },
                    {
                        "clue_text": "개발된 역감 장치의 액츄에이터는 \\( \\mathrm { DC } \\) 서보 모터를 사용하여 전류제어에 기반을 둔 입피던스제어를 하였고, 기구학적 구조는 패러럴방식의 링크 메커니즘과 와이어 증폭방식을 채용 안정성 및 토크의 증폭을 꾀했다.",
                        "clue_start": "652",
                        "clue_end": "784"
                    }
                ],
                "terminology": [
                    {
                        "word": "3자유도"
                    },
                    {
                        "word": "DC"
                    },
                    {
                        "word": "Data"
                    },
                    {
                        "word": "Data Glove"
                    },
                    {
                        "word": "Interface"
                    },
                    {
                        "word": "Man-Machine Haptic Interface"
                    },
                    {
                        "word": "Motion capture"
                    },
                    {
                        "word": "capture"
                    },
                    {
                        "word": "impedance"
                    },
                    {
                        "word": "stiffness"
                    },
                    {
                        "word": "가상공간"
                    },
                    {
                        "word": "마찰 손실"
                    },
                    {
                        "word": "메모리"
                    },
                    {
                        "word": "백러쉬"
                    },
                    {
                        "word": "분해능"
                    },
                    {
                        "word": "상호작용력"
                    },
                    {
                        "word": "서보 모터"
                    },
                    {
                        "word": "액츄에이터"
                    },
                    {
                        "word": "역감장치"
                    },
                    {
                        "word": "역감제시"
                    },
                    {
                        "word": "임피던스"
                    },
                    {
                        "word": "입피던스제어"
                    },
                    {
                        "word": "자유공간"
                    },
                    {
                        "word": "차원"
                    },
                    {
                        "word": "패러럴방식"
                    },
                    {
                        "word": "평형"
                    },
                    {
                        "word": "함수"
                    },
                    {
                        "word": "홉수"
                    }
                ]
            },
            {
                "context_id": "55e-0c9-merge_ed_034b7f4e-40efa17c-54dc-47db-8488-fd17f892d09e_05",
                "context_K-NSCC": {
                    "field": "인공물",
                    "large_category": "ED",
                    "medium_category": "11"
                },
                "context": "<p>\\( \\tau=J ^ { T } \\cdot F \\)<caption>(10)</caption></p> <p>여기서 F는 God Object 알고리즘에 의해 구해진 제시할 힘의 벡터이고, \\( J ^ { T } \\) 는 속도에 기초한 매니퓰레이터의 자코비안 매트릭스이다. 이 자코비안 매트릭스를 구하이 위혜서는 매니퓰레이터의 위치를 구하는 포워드 키네마틱스에서 시간에 대헤 미분을 한다.</p> <h2>4.3 그래픽 렌더링</h2> <p>그래픽 랜더러는 그림 7과 같은 순서로 진행되는데 \\( 20[ \\mathrm { ~Hz } ] \\) 주기로 인터럽트 벡터가 생성될 때 가상환경에서 이뤄진 결과를 OpenGL 라이브러리에 의해 랜더링한 후, 모델링하여 그 결과를 화면에 디스플레이 한다.</p> <h1>5. 실 험</h1> <p>제작된 매니퓰레이터를 이용하여 가상환경에서 사용자에게 어떤 감각을 제시할 수 있는지를 실험하기 위해 점성과 탄성 값을 조절하먼서 이때의 느낌을 검줄하었다. 그림 8 (a)는 가상환경과 접촉하지 않는 자유상태를 표시하고 있으며, (b)는 접촉하고 있는 상태를 표현하고 있다. 그림 9는 점성 값은 주지 않고, 탄성 값만 주어 가상 벽 효과를 검출하기 위해 파라미터 \\( \\mathrm { K } =100, \\mathrm { ~B } =0 \\) 의 값은 주었을 때 \\( \\mathrm { AD } 664 \\) 의 출력을 측정한 것이다. 전압이 드라이버 회로에서 전류로 변환되므로 이 출력되는 전압을 측정하므로 제시되는 힘을 알 수 있다. 단위 스텝함수와 같은 파형을 볼 수 있으며, 피 시험자가 벽의 구속 저항을 감지할 수 있었다. 그림 10과 같이 \\( \\mathrm { K } =50, \\mathrm { ~B } =50 \\)으로 값을 조정할 때 출력 상태는 램프함수 형태의 출력을 얻을 수 있었고 피 시험자가 진흙 뻘에 손가락을 집어넣는 느낌을 얻을 수 있었다. 그림 11은 최대토크인 \\( \\tau_ {\\max } \\) 를 설정하고 그 최대 토크 값을 초과한 경우 출력을 제거하는 방법으로 버튼을 누른 것 같은 느낌을 실현하였다. 이때 \\( \\mathrm { A } \\) 부분의 완만한 경사는 버튼 안의 내장된 스프링을 의미하고, B부분은 버튼이 눌렸을 때 딸깍거리는 느낌, \\( \\mathrm { C } \\) 부분은 계속해서 버튼을 누를 때, 그리고 \\( \\mathrm { D } \\) 부분은 버튼에서 손을 뗄 때를 의미한다.</p> <h1>6. 결 론</h1> <p>본 논문에서는 직접 제작한 역감장치와 제어기를 이용하이 실험을 수행한 결과 가상물체에 부여하는 점성과 탄성 값의 조절만으로 여러 가지 역감을 지니는 가상물체의 설계가 가능함을 입증하었다. 아울러 점성값과 탄성값의 배열을 적용하여 하나의 물체에 여러 역감제시도 가능함을 버튼 모델 실헙을 통하여 확인할 수 있었다. 역감 렌더러는 안정하고 정밀한 위치제시와 힘의 제시가 가능하며, 그래픽 렌더러는 \\( 20[ \\mathrm { Hz } ] \\) 의 갱신주기로도 실시간 구현이 가능함을 확인하였다. 본 역감장치의 응용분야는 가상환경에서 물체의 고도의 조작성을 요하는 수술 시뮬레이션, 원격제어용 로봇의 마스터로봇 조작, 각종 운전 시물레이션 및 게임 등에서 폭넓게 응용할 수 있다.</p>",
                "context_length": 1616,
                "clue": [
                    {
                        "clue_text": "여기서 F는 God Object 알고리즘에 의해 구해진 제시할 힘의 벡터이고, \\( J ^ { T } \\) 는 속도에 기초한 매니퓰레이터의 자코비안 매트릭스이다.",
                        "clue_start": "62",
                        "clue_end": "152"
                    },
                    {
                        "clue_text": "이 자코비안 매트릭스를 구하이 위혜서는 매니퓰레이터의 위치를 구하는 포워드 키네마틱스에서 시간에 대헤 미분을 한다.",
                        "clue_start": "153",
                        "clue_end": "217"
                    },
                    {
                        "clue_text": "그래픽 랜더러는 그림 7과 같은 순서로 진행되는데 \\( 20[ \\mathrm { ~Hz } ] \\) 주기로 인터럽트 벡터가 생성될 때 가상환경에서 이뤄진 결과를 OpenGL 라이브러리에 의해 랜더링한 후, 모델링하여 그 결과를 화면에 디스플레이 한다.",
                        "clue_start": "246",
                        "clue_end": "386"
                    },
                    {
                        "clue_text": "제작된 매니퓰레이터를 이용하여 가상환경에서 사용자에게 어떤 감각을 제시할 수 있는지를 실험하기 위해 점성과 탄성 값을 조절하먼서 이때의 느낌을 검줄하었다.",
                        "clue_start": "410",
                        "clue_end": "496"
                    }
                ],
                "terminology": [
                    {
                        "word": "God Object 알고리즘"
                    },
                    {
                        "word": "Object"
                    },
                    {
                        "word": "OpenGL"
                    },
                    {
                        "word": "OpenGL 라이브러리"
                    },
                    {
                        "word": "가상 벽"
                    },
                    {
                        "word": "가상 벽 효과"
                    },
                    {
                        "word": "구속 저항"
                    },
                    {
                        "word": "그래픽 랜더러"
                    },
                    {
                        "word": "그래픽 렌더러"
                    },
                    {
                        "word": "드라이버 회로"
                    },
                    {
                        "word": "라이브러리"
                    },
                    {
                        "word": "랜더링"
                    },
                    {
                        "word": "램프함수"
                    },
                    {
                        "word": "렌더링"
                    },
                    {
                        "word": "매니퓰레이터"
                    },
                    {
                        "word": "매트릭스"
                    },
                    {
                        "word": "벡터"
                    },
                    {
                        "word": "시뮬레이션"
                    },
                    {
                        "word": "알고리즘"
                    },
                    {
                        "word": "역감 렌더러"
                    },
                    {
                        "word": "역감장치"
                    },
                    {
                        "word": "인터럽트"
                    },
                    {
                        "word": "인터럽트 벡터"
                    },
                    {
                        "word": "자코비안 매트릭스"
                    },
                    {
                        "word": "전류"
                    },
                    {
                        "word": "제어기"
                    },
                    {
                        "word": "최대 토크"
                    },
                    {
                        "word": "탄성"
                    },
                    {
                        "word": "탄성값"
                    },
                    {
                        "word": "토크 값"
                    },
                    {
                        "word": "파라미터"
                    },
                    {
                        "word": "파형"
                    },
                    {
                        "word": "포워드"
                    },
                    {
                        "word": "포워드 키네마틱스"
                    },
                    {
                        "word": "회로"
                    }
                ]
            },
            {
                "context_id": "55e-0c9-merge_ed_034b7f4e-40efa17c-54dc-47db-8488-fd17f892d09e_03",
                "context_K-NSCC": {
                    "field": "인공물",
                    "large_category": "ED",
                    "medium_category": "11"
                },
                "context": "<p>\\( Q= \\frac { 1 } { 2 } \\left (x-x_ { p } \\right ) ^ { 2 } + \\frac { 1 } { 2 } \\left (y-y_ { p } \\right ) ^ { 2 } + \\frac { 1 } { 2 } \\left (z-z_ { p } \\right ) ^ { 2 } \\)<caption>\\( (6) \\)</caption></p> <p>여기서 \\( (x, y, z) \\) 는 가상 점의 좌표이고, \\( \\left (x_ { p } , y_ { p, } , z_ { p } \\right ) \\) 는 역감장치 엠트이펙터의 좌표를 의미한다. 구속은 식 (7)과 간은 평면을 추가함으로서 표현할 수 있다.</p> <p>\\( A x + B y + C z-D=0 \\)<caption>(7)</caption></p> <p>개발한 3 자유도 역감장치는 3 개의 구속평면을 갖는다. 고손이 없는 깅우 평변의 개수눈 0 이 뇐다. 새로운 가상 점의 위치는 식 (7)의 L에 대하여 6개의 변수에 관한 편미분 값을 0으로 두어 L을 최소화함으로씨 찾을 수 있다. 이와 같은 방법을 사옹하면 쉽게 미분방정식을 얽은 수 있다.</p> <p>\\( \\begin {aligned} L= & \\frac { 1 } { 2 } \\left (x-x_ { p } \\right ) ^ { 2 } + \\frac { 1 } { 2 } \\left (y-y_ { p } \\right ) ^ { 2 } + \\frac { 1 } { 2 } \\left (z-z_ { p } \\right ) ^ { 2 } \\\\ & + l_ { 1 } \\left (A_ { 1 } x + B_ { 1 } y + C_ { 1 } z-D_ { 1 } \\right ) \\\\ & + l_ { 2 } \\left (A_ { 2 } x + B_ { 2 } y + C_ { 2 } z-D_ { 2 } \\right ) \\\\ & + l_ { 3 } \\left (A_ { 3 } x + B_ { 3 } y + C_ { 3 } z-D_ { 3 } \\right ) \\end {aligned} \\)<caption>(8)</caption></p>",
                "context_length": 1056,
                "clue": [
                    {
                        "clue_text": "개발한 3 자유도 역감장치는 3 개의 구속평면을 갖는다. 고손이 없는 깅우 평변의 개수눈 0 이 뇐다.",
                        "clue_start": "419",
                        "clue_end": "476"
                    },
                    {
                        "clue_text": "고손이 없는 깅우 평변의 개수눈 0 이 뇐다.",
                        "clue_start": "451",
                        "clue_end": "476"
                    },
                    {
                        "clue_text": "새로운 가상 점의 위치는 식 (7)의 L에 대하여 6개의 변수에 관한 편미분 값을 0으로 두어 L을 최소화함으로씨 찾을 수 있다.",
                        "clue_start": "477",
                        "clue_end": "549"
                    },
                    {
                        "clue_text": "이와 같은 방법을 사옹하면 쉽게 미분방정식을 얽은 수 있다.",
                        "clue_start": "550",
                        "clue_end": "583"
                    }
                ],
                "terminology": [
                    {
                        "word": "구속평면"
                    },
                    {
                        "word": "미분방정식"
                    },
                    {
                        "word": "역감장치"
                    },
                    {
                        "word": "역감장치 엠트이펙터"
                    },
                    {
                        "word": "편미분"
                    },
                    {
                        "word": "평변"
                    }
                ]
            },
            {
                "context_id": "55e-0c9-merge_ed_034b7f4e-40efa17c-54dc-47db-8488-fd17f892d09e_02",
                "context_K-NSCC": {
                    "field": "인공물",
                    "large_category": "ED",
                    "medium_category": "11"
                },
                "context": "<h2>3.2 제어기 및 드라이버 구성</h2> <p>그림 4는 역감장치 액츄에이터의 제어회로 구성도를 나타낸다. 관절의 위치 데이터는 500[P/R] 엔코더를 통해 검출되어 FPGA로 구성된 XC4010E에서 4체배 되므로 2000[P/R]의 분해능을 갖는다. 인터럽트 주기는 1[kHz]를 설정하였다. 소프트웨어와 하트웨어의 인터페이스 속도를 증가시키고 안정한 동작을 위해 VxD로 작성된 드라이버가 이를 처리하도록 하였고, 컴퓨터로 입력된 위치 데이터는 내부 렌더링 알고지름에 의해 처리되어 D/A출력부로 전송된다. D/A출력부는 12비트 역감 데이터 값을 AD664에서 전압으로 변환, 각 모터에 계산된 힘이 분배되어 디바이스가 가상환경의 느낌을 제시하게 된다. 그래픽 렌더러를 거쳐 그래픽 처리부로 들어온 데이터는 OpenGL 라이브러리에 의해 화면에 현재 엔드 포인터와 가상물체를 그려주게 된다. 제어 프로그램에서 인터럽트는 소프트웨어로 제작한 MMtimer() 함수를 이용 인터럽트 벡터를 생성한 후 역감 렌더러는 1[kHz], 그래픽 렌더러는 20[Hz]의 주기로 발생시킨다. 이때 통신 타이밍이 서로 일치하지 않기 때문에 실제의 엔드 포인터의 위치와 그래픽이 상이한 결과를 초래할 수 있다. 이를 해결하기 위해 힘 적분 알고리즘을 추가하여 해결하였다. 그 원리는 운동방정식</p> <p>\\( m \\frac { d V } { d t } -f \\)<caption>(5)</caption></p> <p>의 양변을 t에서 \\( t + \\Delta t \\) 적분하여 \\( \\Delta t \\)초 후의 물체의 속도를 구하면</p> <p>\\( V(t + \\Delta t)=V(t) + \\frac { 1 } { m } \\int_ { t } ^ { t \\mid \\cdot d t } f d t \\)<caption>(6)</caption></p> <p>와 같다. 이는 물체의 운동속도가 힘의 적분항인 \\( \\int_ { t } ^ {\\cdot s t } f d t \\)에 의해서 결정되므로 동적 그래픽 렌더링 알고리즘에 적용 가성물체의 조작성을 향상시키는데 기여한다. 인터럽트 벡터에 의해 VxD는 엔코더의 값을 메모리에 저장하고, 필요시에 지정된 번지의 메모리에서 엔코더 값을 얻을 수 있고, 주기적으로 모터로 출력되는 값을 지정된 번지에서 데이터를 얻어 D/A 컨버터를 통해 모터를 동작하게 한다. 드라이버 회로는 D/A컨버터에서 전송되는 아날로그 전압 값을 LF356N에서 전압-전류 변환시키고, .TIP41C에 의해 모터에 흐르는 전류를 조절하며 민감한 힘의 제시가 가능하도록 하는 전류제어기법을 이용한 임피던스제어를 하였다.</p> <h1>4. 렌더링 알고리즘</h1> <h2>4.1 가상환경의 수학적인 모델링</h2> <p>렌더링 알고리즘은 크게 역감 렌더링과 그래픽 렌더링으로 나눌 수 있다. 이 두 렌더러의 데이터 교환은 Feature model을 이용한다. 이는 가상환경에 제시된 물체에 K, B, 위치, Geometry Database등으로 구성된 모델을 상호 참초함으로써 가능하게 하였다. 그림 5는 이러한 렌더러의 입출력 관계를 나타낸다. 가상 점의 위치를 계산하기 위해서 디바이스의 각 자유도당 1개의 평면을 정의함으로써 간단하게 가상점 운동의 경로를 유지할 수 있다. 이 실험에서는 (x, y, z) 좌표값을 갖는 하나의 점으로 나타내었다. 가상 점의 위치가 결정되면 디스플레이 될 힘은 식 (3)의 힘의 방정식을 이용하여 계산한다. 이때 활성화된 구속평면이 발견되면 새로운 가상 점의 위치를 결정하기 위해 위치에너지와 운동에너지의 차를 나타내는 Lagrange-multiplier를 사용한다. 단위 강성을 갖는 가상 스프링에서의 에너지는 식 (6)과 같다.</p>",
                "context_length": 1841,
                "clue": [
                    {
                        "clue_text": "그림 4는 역감장치 액츄에이터의 제어회로 구성도를 나타낸다.",
                        "clue_start": "30",
                        "clue_end": "63"
                    },
                    {
                        "clue_text": "인터럽트 주기는 1[kHz]를 설정하였다.",
                        "clue_start": "147",
                        "clue_end": "170"
                    },
                    {
                        "clue_text": "소프트웨어와 하트웨어의 인터페이스 속도를 증가시키고 안정한 동작을 위해 VxD로 작성된 드라이버가 이를 처리하도록 하였고, 컴퓨터로 입력된 위치 데이터는 내부 렌더링 알고지름에 의해 처리되어 D/A출력부로 전송된다.",
                        "clue_start": "171",
                        "clue_end": "291"
                    },
                    {
                        "clue_text": "렌더링 알고리즘은 크게 역감 렌더링과 그래픽 렌더링으로 나눌 수 있다.",
                        "clue_start": "1362",
                        "clue_end": "1401"
                    },
                    {
                        "clue_text": "이 두 렌더러의 데이터 교환은 Feature model을 이용한다.",
                        "clue_start": "1402",
                        "clue_end": "1439"
                    }
                ],
                "terminology": [
                    {
                        "word": "D/A"
                    },
                    {
                        "word": "D/A 컨버터"
                    },
                    {
                        "word": "D/A출력부"
                    },
                    {
                        "word": "FPGA"
                    },
                    {
                        "word": "Feature model"
                    },
                    {
                        "word": "Geometry"
                    },
                    {
                        "word": "Lagrange-multiplier"
                    },
                    {
                        "word": "OpenGL"
                    },
                    {
                        "word": "OpenGL 라이브러리"
                    },
                    {
                        "word": "VxD"
                    },
                    {
                        "word": "구속평면"
                    },
                    {
                        "word": "그래픽 렌더러"
                    },
                    {
                        "word": "드라이버 회로"
                    },
                    {
                        "word": "라이브러리"
                    },
                    {
                        "word": "렌더링"
                    },
                    {
                        "word": "메모리"
                    },
                    {
                        "word": "방정식"
                    },
                    {
                        "word": "번지"
                    },
                    {
                        "word": "벡터"
                    },
                    {
                        "word": "분해능"
                    },
                    {
                        "word": "소프트웨어"
                    },
                    {
                        "word": "알고리즘"
                    },
                    {
                        "word": "액츄에이터"
                    },
                    {
                        "word": "엔코더"
                    },
                    {
                        "word": "역감 렌더러"
                    },
                    {
                        "word": "역감장치"
                    },
                    {
                        "word": "인터럽트"
                    },
                    {
                        "word": "인터럽트 벡터"
                    },
                    {
                        "word": "인터럽트 주기"
                    },
                    {
                        "word": "적분"
                    },
                    {
                        "word": "적분 알고리즘"
                    },
                    {
                        "word": "전류"
                    },
                    {
                        "word": "전류제어기법"
                    },
                    {
                        "word": "전송"
                    },
                    {
                        "word": "제어기"
                    },
                    {
                        "word": "제어회"
                    },
                    {
                        "word": "컨버터"
                    },
                    {
                        "word": "포인터"
                    },
                    {
                        "word": "함수"
                    },
                    {
                        "word": "활성화"
                    },
                    {
                        "word": "회로"
                    }
                ]
            },
            {
                "context_id": "55e-0c9-merge_ed_034b7f4e-40efa17c-54dc-47db-8488-fd17f892d09e_04",
                "context_K-NSCC": {
                    "field": "인공물",
                    "large_category": "ED",
                    "medium_category": "11"
                },
                "context": "<p>식 (8)은 6 새의 변수 \\( \\left (x, y, z, l_ { 1 } , l_ { 2 } , l_ { 1 } \\right ) \\) 에 대해 편미분한 결과를 행렬식으로 나타내면 다음과 같이 된다.</p> <p>\\( \\left ( \\begin {array} { cccccc } 1 & 0 & 0 & A_ { 1 } & A_ { 2 } & A_ { 3 } \\\\ 0 & 1 & 0 & B_ { 1 } & B_ { 2 } & B_ { 3 } \\\\ 0 & 0 & 1 & C_ { 1 } & C_ { 2 } & C_ { 3 } \\\\ A_ { 1 } & B_ { 1 } & C_ { 1 } & 0 & 0 & 0 \\\\ A_ { 2 } & B_ { 2 } & C_ { 3 } & 0 & 0 & 0 \\\\ \\Lambda_ { 3 } & B_ { 3 } & C_ { 3 } & 0 & 0 & 0 \\end {array} \\right ) \\left ( \\begin {array} { l } x \\\\ y \\\\ z \\\\ l_ { 1 } \\\\ l_ { 2 } \\\\ l_ { 3 } \\end {array} \\right )- \\left ( \\begin {array} { l } x_ { p } \\\\ y_ { p } \\\\ z_ { p } \\\\ D_ { 1 } \\\\ D_ { 2 } \\\\ D_ { 3 } \\end {array} \\right ) \\)<caption>(9)</caption></p> <p>이 행렬 방징식은 사용하기 관한 특징올 가지고 있다. 식 (9)에서와 같이 좌우대칭 구조를 가지고 있는데, 좌측 상위 \\( 3 \\times 3 \\) 행련은 단위행련, 우즉 상위의 \\( 3 \\times \\) 3 행렬과 좌측 아래 \\( 3 \\times 3 \\) 행렬은 역행렬이어서 교환이 가능하다. 구속이 없는 경우 가상 점은 역감장치의 작용점, 즉 엔드포인트 위치를 나타낸다.</p> <h2>4.2 역감 렌더링</h2> <p>역감 랜더러는 가상물체와 상호작용을 하는 역감장치를 제어하는 것이다. 내부처리 순서도는 그림 6 과 같다. 우선 \\( 1[ \\mathrm { kHz } ] \\) 의 인터럽트가 발생시까지 대기하다가 인터럽트가 발생하면 엔코더로부터 값을 읽어들여 각축의 각도를 포위드 키네마티스(Forward kinematics) 에 의해 현재 포인터의 위치를 계산하고, Affine 행렬에 의해 그래픽좌표계로 변환하여 충돌 검출을 한다. 충돌이 발생하면 God Object Method에 의해 충돌 점에서 발생할 힘을 계산하여 제시할 힘을 출력부로 전송한다. 제시될 힘의 계산은 속도에 비례한 토크롤 발생시키도록 자코비안 행렬을 유도하여 계산한다.</p>",
                "context_length": 1306,
                "clue": [
                    {
                        "clue_text": "식 (9)에서와 같이 좌우대칭 구조를 가지고 있는데, 좌측 상위 \\( 3 \\times 3 \\) 행련은 단위행련, 우즉 상위의 \\( 3 \\times \\) 3 행렬과 좌측 아래 \\( 3 \\times 3 \\) 행렬은 역행렬이어서 교환이 가능하다.",
                        "clue_start": "743",
                        "clue_end": "877"
                    },
                    {
                        "clue_text": "역감 랜더러는 가상물체와 상호작용을 하는 역감장치를 제어하는 것이다.",
                        "clue_start": "950",
                        "clue_end": "988"
                    },
                    {
                        "clue_text": "제시될 힘의 계산은 속도에 비례한 토크롤 발생시키도록 자코비안 행렬을 유도하여 계산한다.",
                        "clue_start": "1253",
                        "clue_end": "1302"
                    }
                ],
                "terminology": [
                    {
                        "word": "Affine"
                    },
                    {
                        "word": "Affine 행렬"
                    },
                    {
                        "word": "Forward"
                    },
                    {
                        "word": "Object"
                    },
                    {
                        "word": "각축"
                    },
                    {
                        "word": "렌더링"
                    },
                    {
                        "word": "방징식"
                    },
                    {
                        "word": "엔드포인트"
                    },
                    {
                        "word": "엔코더"
                    },
                    {
                        "word": "역감 랜더러"
                    },
                    {
                        "word": "역감장치"
                    },
                    {
                        "word": "역행렬"
                    },
                    {
                        "word": "인터럽트"
                    },
                    {
                        "word": "자코비안 행렬"
                    },
                    {
                        "word": "전송"
                    },
                    {
                        "word": "편미분"
                    },
                    {
                        "word": "포인터"
                    },
                    {
                        "word": "행렬"
                    },
                    {
                        "word": "행렬 방징식"
                    },
                    {
                        "word": "행렬식"
                    }
                ]
            },
            {
                "context_id": "55e-0c9-merge_ed_034b7f4e-40efa17c-54dc-47db-8488-fd17f892d09e_01",
                "context_K-NSCC": {
                    "field": "인공물",
                    "large_category": "ED",
                    "medium_category": "11"
                },
                "context": "<p>\\( \\begin {array} { ll } \\xi(x) = 0 & \\left (x<x_ { k } \\right ) \\\\ \\xi(x)=1 & \\left (x \\geq x_ { k \\prime } \\right ) \\end {array} \\)<caption>(1)</caption></p> <p>\\( F_ { K } \\) 와 점성력 \\( F_ { B } { } \\) 는</p> <p>\\( F_ { K } =K_ { m } \\left (x-x_ { u } \\right ) \\xi(x) \\)</p> <p>\\( F_ { B } =B_ { u } \\dot { x } \\xi(x) \\)<caption>(2)</caption></p> <p>로 각각 표시되며 두 힘의 합성은</p> <p>\\( F=F_ { K } + F_ { B } - \\xi(x) \\left [K_ { k } \\left (x-x_ { k } \\right ) + B_ { w } \\dot { x } \\right ] \\)<caption>(3)</caption></p> <p>이며, 식(3)은 사람이 벽과 접촉하는 느낌을 힘으로 표현한 것이다. 그러나 가상환경에서 가상 벽과 인간의 손이 직접 접촉할 수 없고 역감장치를 통해서 접촉감을 느껴야하기 때문에 이를 모델링 하면 그림 2화 같다. 여기서 역감장치의 탄성계수 K와 점성계수 B는 힘의 평형 점에서</p> <p>\\( K= \\frac { x } { x_ { d } -x } \\cdot K_ { w } \\) \\( B- \\frac {\\dot { x } } {\\dot { X } } \\cdot B_ { w r } \\quad \\left ( \\div + , X-x_ { d d } -x \\right ) \\)<caption>(4)</caption></p> <p>와 같이 구할 수 있다. 가상 벽의 \\( \\chi \\)와 점, 탄성 계수 \\( K_ { m } , B_ { m } \\)값을 확인된 값으로 설정하면 매니퓰레이터의 위치정보 \\( x_ { d } \\)값만으로도 역감장치로의 힘 반향을 쉽게 계산해 낼 수 있다. 즉, 매니퓰레이터의 위치 정보만으로도 역감장치의 K,B 값을 산출하여 사람이 실세계에서 느낄 수 있는 벽의 감각을 가상환경에서 제시할 수 있다.</p> <h1>3. 역감장치의 설계</h1> <h2>3.1 매니퓰레이터</h2> <p>역감장치는 컴퓨터 그래픽으로부터 만들어진 가상의 물체와 접촉이 일어났을 떄, 실체 물체와의 접촉느낌을 제시해 주어야 하며 또한 역감장치를 사용하는 사용자의 움직임이 방해되어서는 않된다. 제작된 역감장치는 액츄에이터로는 맥슨 DC 서보 모터를 사용하였고, 링크는 역감장치에서 보편화된 패럴럴 구조로 안정성 및 토크증가를 기하였고, 와이어 증폭에 의한 구동방식으로 토크손실이 최소화 되도록 제작하였다. 와이어 증폭 방식은 정,역의 급속한 변환시 진동을 흡수하며 일정한 와이어 궤적을 따라 모터가 움직이므로 마찰손 및 백러쉬 해결에 가장 알맞은 구조였다. 힘의 제어를 위해 자체 제작한 제어기를 사용하여 최대 8[N]의 힘을 제시할 수 있도록 설계하였다. 이 힘의 크기는 완전구속의 벽을 제시하기에 적은 양이지만 벽에 근접 느낌을 제시하는데 충분하다. 그림 3은 시험 제작한 역감장치의 사진을 보인다.</p>",
                "context_length": 1592,
                "clue": [
                    {
                        "clue_text": "그러나 가상환경에서 가상 벽과 인간의 손이 직접 접촉할 수 없고 역감장치를 통해서 접촉감을 느껴야하기 때문에 이를 모델링 하면 그림 2화 같다.",
                        "clue_start": "558",
                        "clue_end": "638"
                    },
                    {
                        "clue_text": "즉, 매니퓰레이터의 위치 정보만으로도 역감장치의 K,B 값을 산출하여 사람이 실세계에서 느낄 수 있는 벽의 감각을 가상환경에서 제시할 수 있다.",
                        "clue_start": "1014",
                        "clue_end": "1094"
                    },
                    {
                        "clue_text": "제작된 역감장치는 액츄에이터로는 맥슨 DC 서보 모터를 사용하였고, 링크는 역감장치에서 보편화된 패럴럴 구조로 안정성 및 토크증가를 기하였고, 와이어 증폭에 의한 구동방식으로 토크손실이 최소화 되도록 제작하였다. ",
                        "clue_start": "1247",
                        "clue_end": "1366"
                    },
                    {
                        "clue_text": "와이어 증폭 방식은 정,역의 급속한 변환시 진동을 흡수하며 일정한 와이어 궤적을 따라 모터가 움직이므로 마찰손 및 백러쉬 해결에 가장 알맞은 구조였다.",
                        "clue_start": "1366",
                        "clue_end": "1450"
                    }
                ],
                "terminology": [
                    {
                        "word": "DC"
                    },
                    {
                        "word": "DC 서보 모터"
                    },
                    {
                        "word": "가상 벽"
                    },
                    {
                        "word": "마찰손"
                    },
                    {
                        "word": "매니퓰레이터"
                    },
                    {
                        "word": "백러쉬"
                    },
                    {
                        "word": "서보 모터"
                    },
                    {
                        "word": "액츄에이터"
                    },
                    {
                        "word": "역감장치"
                    },
                    {
                        "word": "점성계수"
                    },
                    {
                        "word": "점성력"
                    },
                    {
                        "word": "제어기"
                    },
                    {
                        "word": "탄성"
                    },
                    {
                        "word": "탄성계수"
                    },
                    {
                        "word": "토크"
                    },
                    {
                        "word": "패럴럴 구조"
                    },
                    {
                        "word": "평형"
                    },
                    {
                        "word": "평형 점"
                    },
                    {
                        "word": "합성"
                    }
                ]
            }
        ]
    }
}