{
    "dataset_info": {
        "identifier": "02-031-002-NL",
        "name": "기술과학 문서 요약 데이터",
        "category": "자연어",
        "last_updated": "2023-08-30"
    },
    "dataset": {
        "doc_id": "034b7f4e-47b4aa68-eabf-4369-b59a-74eef17e2888",
        "doc_type": "논문",
        "doc_title": {
            "kor": "AC 회생이 가능한 배터리 충.방전 테스트 시스템",
            "eng": ""
        },
        "doc_category": {
            "KDC": "560.5",
            "DDC": ""
        },
        "doc_number": {
            "ISSN": "1229-2214",
            "ISBN": "",
            "DOI": "",
            "UCI": ""
        },
        "doc_year": "2012",
        "doc_author": [
            "김준구",
            "윤선재",
            "김재형",
            "원충연",
            "나종국"
        ],
        "doc_publisher": "전력전자학회",
        "doc_license": "CC BY-NC",
        "context_info": [
            {
                "context_id": "55e-0c9-merge_2_034b7f4e-47b4aa68-eabf-4369-b59a-74eef17e2888_02",
                "context_K-NSCC": {
                    "field": "인공물",
                    "large_category": "ED",
                    "medium_category": "05"
                },
                "context": "<h1>3. 시스템 설계 및 제작</h1> <h2>3.1 배터리 충·방전 테스트 장치</h2> <p>표 1은 \\(70[ \\mathrm { A } ] \\) 24채널의 시스템 파라미터를 나타낸다. \\(220[ \\mathrm { Vrms } ] \\) 3상 3선식이고 \\( 15[ \\mathrm { kW } ] \\)출력이 가능하다. 배터리 전압 및 전류 센싱에 \\(16 [ \\mathrm { bit } ] \\) AD를 사용하기 때문에 충·방전 정밀도가 높다.</p> <p>그림 7은 배터리 충 방전 테스트 장치를 나타낸다. 테스트 장치는 개별의 배터리를 충전과 방전을 할 수 있는 12개의 모듈로 구성되어 있고, 하나의 모듈은 그림 6과 같이 2개의 배터리를 충·방전 할 수 있도록 구성되어 있다. 제품 뒷면의 DC-Link단을 이용하여 각각의 모듈로 전력이 전달된다. 또한 시스템 초기 설치 시, 계통 입력단자에 R-S-T의 상순이 아닌 역상(R-T-S)으로 결선이 되면 전원단의 이상으로 판단하여 시스템의 동 작을 정지한다. 하나의 시스템에는 24개의 배터리를 테스트 할 수 있지만, 상위 제어기와의 통신을 통하여 시스템 추가 테스트가 가능하다. 또한 모듈 형식이기 때문에 고장 및 이상이 발생할 경우, 점검 및 교체를 손쉽게 할 수 있다.</p> <h2>3.2 양방항 컨버터부</h2> <p>그림 8은 양방향 DC-DC컨버터의 모듈 내부를 나타낸다. 하나의 모듈은 그림 6과 같이 Full-bridge Type의 컨버터와 Two-Inductor Type의 컨버터를 결합하여 양방으로 동작이 가능하다. 또한 결합된 양방향 컨버터의 저전압단은 Half-bridge Type양방향 컨버터의 고전압단과 연결된다. 그리고 Half-bridge Type 양방향 컨버터 2개가 하나의 모듈을 구성하기 때문에 각 모듈별로 2개의 배터리 충·방전 하게 된다. 또한 그림 8의 Inverter connection은 그림 7의 뒤쪽에 있는 DC-Link단자에 연결되어 다른 모듈과 결합된다.</p> <h2>3.3 인버터부</h2> <p>그림 9는 배터리 충 방전 시스템에서 인버터부를 나타낸다. 표 1에서 나타낸 시스템의 효율을 고려하면 배터리 충전 시, \\( 12.8[ \\mathrm { kW } ] \\)의 전력이 계통으로부터 공급되고, 배터리 방전 시, \\( 5.5[ \\mathrm { kW } ] \\)의 전력이 계통으로 공급된다. 제안하는 시스템의 인버터부는 배터리 충전 시 \\( 12.8[ \\mathrm { kW } ] \\)의 전력전달이 가능해야 하기 때문에 시스템을 \\( 15[ \\mathrm { kW } ] \\)로 설계하여 제작하였다.</p> <h1>4. 시뮬레이션</h1> <p>배터리 충 방전 시스템은 기존의 DC회생 시스템에서 저항으로 소비되던 에너지를 계통으로 회생하여 에너지 활용률을 높이는 것이 중요하다. 그렇기 때문에 기존의 시스템에서 추가된 인버터의 동작 특성은 인버터 및 컨버터 동작 시 응답특성이 빨라야 하며 가장 안정적으로 동작해야 하는 부분이다. 제안하는 AC회생 시스템의 동작을 확인하기 위하여 PowerSIM사의 PSIM 6.0을 사용하여 시뮬레이션을 수행하였다. 배터리 충·방전 시 DC-Link단의 전압 감소 및 상승하는 상황을 만들어서 각 상황별 인버터의 동작을 시뮬레이션 하였다.</p> <p>그림 10은 DC-Link가변에 따른 인버터의 동작을 나타내는 파형이다. 그림 11과 그림 12는 인버터의 각 동작 상황을 DC-Link전압에 따라 상전압과 상전류 그리고 계통 전압으로부터 검출된 위상각을 나타낸다. 그림 11과 같이 DC-Link단의 전압이 \\( 400[ \\mathrm { V } ] \\)보다 큰 경우, 잉여 에너지는 계통 전압과 동상으로 계통연계가 되는 것을 확인 할 수 있다. 또한 그림 12와 같이 DC-Link단 전압이 \\( 400[ \\mathrm { V } ] \\)보다 낮은 경우, 인버터는 컨버터로 동작하여 계통 전압과 역상의 전류가 흐르는 것을 확인 할 수 있다.</p>",
                "context_length": 1968,
                "clue": [
                    {
                        "clue_text": "표 1은 \\(70[ \\mathrm { A } ] \\) 24채널의 시스템 파라미터를 나타낸다.",
                        "clue_start": "56",
                        "clue_end": "107"
                    },
                    {
                        "clue_text": "\\(220[ \\mathrm { Vrms } ] \\) 3상 3선식이고 \\( 15[ \\mathrm { kW } ] \\)출력이 가능하다.",
                        "clue_start": "108",
                        "clue_end": "181"
                    },
                    {
                        "clue_text": "표 1에서 나타낸 시스템의 효율을 고려하면 배터리 충전 시, \\( 12.8[ \\mathrm { kW } ] \\)의 전력이 계통으로부터 공급되고, 배터리 방전 시, \\( 5.5[ \\mathrm { kW } ] \\)의 전력이 계통으로 공급된다.",
                        "clue_start": "1049",
                        "clue_end": "1183"
                    },
                    {
                        "clue_text": "그리고 Half-bridge Type 양방향 컨버터 2개가 하나의 모듈을 구성하기 때문에 각 모듈별로 2개의 배터리 충·방전 하게 된다.",
                        "clue_start": "842",
                        "clue_end": "918"
                    },
                    {
                        "clue_text": "테스트 장치는 개별의 배터리를 충전과 방전을 할 수 있는 12개의 모듈로 구성되어 있고, 하나의 모듈은 그림 6과 같이 2개의 배터리를 충·방전 할 수 있도록 구성되어 있다.",
                        "clue_start": "289",
                        "clue_end": "386"
                    }
                ],
                "terminology": [
                    {
                        "word": "AC회생 시스템"
                    },
                    {
                        "word": "DC-DC컨버터"
                    },
                    {
                        "word": "DC-Link"
                    },
                    {
                        "word": "DC-Link단"
                    },
                    {
                        "word": "DC-Link단자"
                    },
                    {
                        "word": "DC-Link전압"
                    },
                    {
                        "word": "DC회생 시스템"
                    },
                    {
                        "word": "Full-bridge"
                    },
                    {
                        "word": "Full-bridge Type"
                    },
                    {
                        "word": "Half-bridge"
                    },
                    {
                        "word": "Half-bridge Type"
                    },
                    {
                        "word": "Inverter"
                    },
                    {
                        "word": "Inverter connection"
                    },
                    {
                        "word": "PSIM"
                    },
                    {
                        "word": "Two-Inductor Type"
                    },
                    {
                        "word": "Vrms"
                    },
                    {
                        "word": "connection"
                    },
                    {
                        "word": "결선"
                    },
                    {
                        "word": "계통 입력단자"
                    },
                    {
                        "word": "계통 전압"
                    },
                    {
                        "word": "계통연계"
                    },
                    {
                        "word": "모듈별"
                    },
                    {
                        "word": "상순"
                    },
                    {
                        "word": "상전류"
                    },
                    {
                        "word": "시뮬레이션"
                    },
                    {
                        "word": "시스템 설계"
                    },
                    {
                        "word": "시스템 파라미터"
                    },
                    {
                        "word": "양방향 DC-DC컨버터"
                    },
                    {
                        "word": "양방향 컨버터"
                    },
                    {
                        "word": "역상"
                    },
                    {
                        "word": "위상각"
                    },
                    {
                        "word": "인버터부"
                    },
                    {
                        "word": "잉여 에너지"
                    },
                    {
                        "word": "저전압단"
                    },
                    {
                        "word": "전류"
                    },
                    {
                        "word": "전류 센싱"
                    },
                    {
                        "word": "전원단"
                    },
                    {
                        "word": "정밀도"
                    },
                    {
                        "word": "컨버터"
                    },
                    {
                        "word": "컨버터 동작"
                    },
                    {
                        "word": "컨버터부"
                    },
                    {
                        "word": "파라미터"
                    },
                    {
                        "word": "파형"
                    }
                ]
            },
            {
                "context_id": "55e-0c9-ddaf30d7-56ee-4ec1-8933-622ca02777e1",
                "context_K-NSCC": {
                    "field": "인공물",
                    "large_category": "ED",
                    "medium_category": "05"
                },
                "context": "<h1>1. 서 론</h1> <p>최근 자동차 산업 분야는 연비 향상을 목적으로 하는 저공해 차량과 도심에서 환경 물질 배출의 최소화를 목적으로 무공해 차량 (Zero Emission Vehicle)에 대한 연구가 진행 중이고, 종류로는 일부 또는 전부의 추진동력을 전기에너지로 사용하는 HEV(Hybrid Electric Vehicle), PHEV(Plug-in HEV) EVElectric Vehicle) 및 FCEV(Fuel Cell EV)가 있다. 전기에너지를 사용하는 친환경 전기 자동차인 PHEV 나 EV의 도입은 전기에너지의 측면에서는 큰 패러다임의 변화이며, 자동차 산업은 물론이고 관련 부품 산업과 전력 산업 전반에 걸쳐 많은 변화가 예상된다.</p> <p>그림 1과 같이 2차 전지의 사용 증가와 더불어 이와 관련된 배터리 및 BMS(Battery Management System), 충·방전기 등에 대한 연구가 중요한 이슈로 대두되고 있다. 특히 위의 과제를 풀어가기 위해서는 2차전지에 대한 신뢰성이 검증되어야 한다. 이러한 이유로 배터리에 대한 정확한 데이터 제공 및 사용자의 요구에 유연한 시스템이 절실히 필요하게 되었다.</p> <p>그림 2는 기존의 DC회생 시스템의 블록도이다. 배터리 충전 시 3상 다이오드 정류기와 DC-DC 컨버터를 통하여 DC-BUS Line을 \\( 48[\\mathrm{V}]\\)로 제어한다. \\( 48[\\mathrm{V}]\\)는 양방향 컨버터를 통하여 배터리 충전 전압인 \\( 5[\\mathrm{V}]\\)를 유지하게 된다. 기존의 \\( \\mathrm{DC}\\)회생 시스템에서는 배터리 충전시 계통의 전력을 다이오드 정류기를 이용하여 충전 전력을 수급하였고 방전 시에는 전자부하(저항)를 이용하여 열로 소비시켰다. 잉여 전력을 사용하지 않고 소비하였기 때문에 전력 활용률 및 효율이 낮다. 그리고 배터리 방전 시, \\( 48[\\mathrm{V}]\\)로 유지하던 DC-BUS Line은 방전 에너지를 소비할 패스가 없기 때문에 계속적으로 상승하게 된다. 여러 시스템이 연결되어 테스트가 되는 경우, 방전 동작중인 시스템의 에너지는 다른 시스템의 충전 에너지로 사용되어 약간의 DC회생을 하게 된다. 하지만 방전모드로 테스트 중인 시스템보다 충전 모드로 테스트 중인 시스템이 현저히 적은 경우에는 DC-BUS Line을 상승시키게 된다. 기존의 시스템은 DC-BUS Line이 \\( 52[\\mathrm{V}]\\) 이상으로 상승하는 경우, 시스템 보호를 위해 병렬로 연결된 전자 부하(저항)를 통하여 열로 소비한다. 기존의 DC 충·방전 테스트 시스템은 장시간 테스트가 이루어져야 하는 만큼 전자 부하를 통하여 발생한 열에 대한 추가적인 대책이 필요하다. 이러한 문제를 해결하기 위하여 냉각 시스템을 따로 추가하였지만 제품의 가격 및 크기가 커지는 문제점이 발생한다. 또한 잉여 전력을 저항을 통하여 소비하기 때문에 전력 사용률이 낮아 시스템 전체 효율을 떨어뜨리게 된다. 본 논문에서는 배터리의 충·방전 시, 방전 모드에서 잉여 전력을 3상 계통에 회생할 수 있는 AC회생 시스템을 제안하였다. 제안하는 AC회생 시스템에서는 배터리에 충전된 DC전압을 방전 시에 AC전압으로 변환하여 계통으로 회생하여 준다.</p>",
                "context_length": 1604,
                "clue": [
                    {
                        "clue_text": "최근 자동차 산업 분야는 연비 향상을 목적으로 하는 저공해 차량과 도심에서 환경 물질 배출의 최소화를 목적으로 무공해 차량 (Zero Emission Vehicle)에 대한 연구가 진행 중이고, 종류로는 일부 또는 전부의 추진동력을 전기에너지로 사용하는 HEV(Hybrid Electric Vehicle), PHEV(Plug-in HEV) EVElectric Vehicle) 및 FCEV(Fuel Cell EV)가 있다.",
                        "clue_start": "19",
                        "clue_end": "254"
                    },
                    {
                        "clue_text": "그림 1과 같이 2차 전지의 사용 증가와 더불어 이와 관련된 배터리 및 BMS(Battery Management System), 충·방전기 등에 대한 연구가 중요한 이슈로 대두되고 있다.",
                        "clue_start": "377",
                        "clue_end": "481"
                    },
                    {
                        "clue_text": " 이러한 이유로 배터리에 대한 정확한 데이터 제공 및 사용자의 요구에 유연한 시스템이 절실히 필요하게 되었다.",
                        "clue_start": "525",
                        "clue_end": "586"
                    },
                    {
                        "clue_text": "잉여 전력을 사용하지 않고 소비하였기 때문에 전력 활용률 및 효율이 낮다.",
                        "clue_start": "878",
                        "clue_end": "919"
                    },
                    {
                        "clue_text": "기존의 시스템은 DC-BUS Line이 \\( 52[\\mathrm{V}]\\) 이상으로 상승하는 경우, 시스템 보호를 위해 병렬로 연결된 전자 부하(저항)를 통하여 열로 소비한다.",
                        "clue_start": "1169",
                        "clue_end": "1267"
                    }
                ],
                "terminology": [
                    {
                        "word": "AC전압"
                    },
                    {
                        "word": "AC회생 시스템"
                    },
                    {
                        "word": "BMS"
                    },
                    {
                        "word": "Battery Management System"
                    },
                    {
                        "word": "Cell"
                    },
                    {
                        "word": "DC"
                    },
                    {
                        "word": "DC-BUS"
                    },
                    {
                        "word": "DC-DC"
                    },
                    {
                        "word": "DC-DC 컨버터"
                    },
                    {
                        "word": "DC전압"
                    },
                    {
                        "word": "DC회생 시스템"
                    },
                    {
                        "word": "EV"
                    },
                    {
                        "word": "Electric Vehicle"
                    },
                    {
                        "word": "Emission"
                    },
                    {
                        "word": "FCEV"
                    },
                    {
                        "word": "Fuel Cell"
                    },
                    {
                        "word": "HEV"
                    },
                    {
                        "word": "Hybrid"
                    },
                    {
                        "word": "Line"
                    },
                    {
                        "word": "Management"
                    },
                    {
                        "word": "PHEV"
                    },
                    {
                        "word": "Plug-in"
                    },
                    {
                        "word": "Vehicle"
                    },
                    {
                        "word": "Zero"
                    },
                    {
                        "word": "냉각 시스템"
                    },
                    {
                        "word": "다이오드"
                    },
                    {
                        "word": "다이오드 정류기"
                    },
                    {
                        "word": "대두"
                    },
                    {
                        "word": "무공해 차량"
                    },
                    {
                        "word": "방전 모드"
                    },
                    {
                        "word": "방전 에너지"
                    },
                    {
                        "word": "수급"
                    },
                    {
                        "word": "신뢰성"
                    },
                    {
                        "word": "양방향 컨버터"
                    },
                    {
                        "word": "연비 향상"
                    },
                    {
                        "word": "전자부"
                    },
                    {
                        "word": "전자부하"
                    },
                    {
                        "word": "정류기"
                    },
                    {
                        "word": "컨버터"
                    }
                ]
            },
            {
                "context_id": "55e-0c9-281ac7a4-eef8-4e2e-b3f3-6bf0d2a73438",
                "context_K-NSCC": {
                    "field": "인공물",
                    "large_category": "ED",
                    "medium_category": "05"
                },
                "context": "<h1>2. 제안하는 AC 희생 시스템</h1> <h2>2.1 AC 희생 시스템</h2> <p>그림 3은 제안하는 계통 연계형 AC회생 시스템의 블록도이다. 배터리 방전 시 두 개의 양방향 컨버터를 통하여 승압된 DC-Link를 DC-AC인버터를 통하여 계통으로 회생한다. 기존의 DC회생 시스템에서 다이오드로 구성한 정류부를 스위치로 바꾸어서 양방향 컨버터로 동작이 가능하도록 하였다. PWM제어를 통하여 더 높은 승·강압 비를 얻을 수 있다. 배터리 충전 시에는 PWM인버터를 AC-DC컨버터로 동작시켜 DC-Link확보가 가능하다. 이를 통하여 기존의 시스템과 크기 변화 없이 충·방전 활용이 가능하기 때문에 불필요한 시스템의 축소 및 안정적인 동작이 가능하다. 또한 DC회생 시스템에서 전자 부하로 소진하는 잉여 전력을 계통으로 회생하기 때문에 에너지 활용률이 높고, 추가적인 전자 부하 및 냉각 시스템이 필요하지 않는다.</p> <h2>2.2 계통 연계형 인버터</h2> <p>그림 4는 3상 계통 연계형 DC-AC인버터의 구조이다. 제안한 시스템에서 사용한 LCL필터는 각 인덕터의 허용 전류 리플을 설정하여 인덕턴스를 구하고, 무효 전력의 제한값을 이용하여 커패시터를 설계한다. LCL필터는 기존의 L, LC필터에 비해 효과적인 필터링이 가능하여 전체 시스템의 크기 및 단가를 절감시킬 수 있지만 공진 주파수에서의 고조파가 증폭되는 문제점이 있다. 이러한 문제를 해결하기 위해서 커패시터에 저항 을 직렬로 삽입하여 공진을 억제하는 패시브 댐핑 기법을 적용하였다. TI社의 TMS320F28335를 사용하여 제어하고, DC-Link전압과 3상 AC전압 및 전류를 측정하여 연산한다. 또한 다수의 테스트 장비가 동시에 운전되기 때문에 원활한 동작을 위해서 상위 제어기와 RS485통신을 사용한다.</p> <p>그림 5는 3상 계통 연계형 인버터의 제어 블록도를 나타낸다. 제안한 논문에서 사용한 동기좌표계를 PLL방법은 3상 전원을 \\(d-q\\)변환을 통해서 동기좌표계로 변환하여 전원각 제어를 하는 방법이다. 하지만 불평형 발생 시, \\(d\\)축과 \\(q\\)축에서 계통 주파수의 2배에 해당하는 리플이 발생하게 되어 정확한 위상각을 검출하는데 어려움이 발생한다. 이를 해결하기 위해 불평형 사고에서도 정상분 전압은 항상 평형을 유지하기 때문에 정상분 전압을 계산을 통해 추출하여 PLL을 검출한다. 또한 측정된 DC-Link전압은 지령전압과 비교하여 오차만큼 전류지령을 생성한다. 이 때, 오차 성분에 대한 완전한 제거를 위하여 PI제어기를 사용하였다. 식 (1)과 (2)는 전향보상이 추가된 동기 좌표계에서의 \\(d-q\\)전압방정식을 나타낸다. 전향보상은 전압제어를 위해 DC단으로 흘러야 할 전류와 부하 측으로 흘러야 할 전류를 계산하여 입력측에 흐르도록 함으로써, 부하 변동에 대한 영향을 최소화하여 과도응답 및 정상상태응답을 향상시키는 효과가 있다. 실제로 사용되는 유효전력은 \\(q\\)축 전류 성분에 의해서만 제어되기 때문에 전압 제어기의 출력은 \\(q\\)축 전류의 지령값이 되고 식(3)과 같다.</p> <p>\\( V_{d}^{e}=L_{i} \\frac{d i_{d}^{e}}{d t}-\\omega L_{i} i_{q}^{e}+e_{d}^{e} \\)<caption>(1)</caption></p> <p>\\( V_{q}^{e}=L_{i} \\frac{d i_{q}^{e}}{d t}-\\omega L_{i} i_{d}^{e}+e_{q}^{e} \\)<caption>(2)</caption></p> <p>\\( i_{q}^{e^{*}}=K_{p-Vdc}(V_{dc}^{*}-V_{dc})+K_{i-Vdc} \\int(V_{dc}^{*}-V_{dc}) \\)<caption>(3)</caption></p> <p>일반적인 공간벡터 전압변조방식(SVPWM)은 벡터 공간상의 위치에 기준을 두어 스위칭 시간을 결정하기 때문에 연산이 복잡하고, 수행시간이 길다. 이러한 단점을 보완하기 위해 SVPWM의 복잡한 계산이 필요 없이 3상 기준 전압에 계산된 Offset전압을 더하여 Sinusoidal PWM을 적용한 Min-max방식을 사용하였다. 이 Offset전압은 실제로 출력되는 상전압에는 영향을 미치지 않는다.</p> <h2>2.3 제안하는 양방항 컨버터</h2> <p>그림 6은 Full-bridge컨버터와 Two-inductor컨버터를 결합한 양방향 컨버터이다. 강압 모드로 동작할 경우, Full-bridge방식의 컨버터는 \\( 400[\\mathrm{V}]\\)의 DC-Link 전압을 \\(12[\\mathrm{V}]\\)로 출력한다. Full-bridge 방식의 컨버터는 위상 천이 방식을 사용하여 제어하기 때문에 소프트 스위칭이 가능하고, 트랜스 2차 측의 승압 스위치를 동기 정류 방식으로 제어한다. 승압 모드로 동작할 경우, Two-inductor방식의 컨버터는 배터리 방전 시 Half-bridge방식의 양방향 컨버터에서 승압된 \\(12[\\mathrm{V}]\\)전압을 \\( 400[\\mathrm{V}]\\)로 승압하게 된다. Two-inductor 방식은 듀티를 \\( 50 \\%\\)이상으로 동작시켜 각각의 인덕터에 에너지를 저장 할 수 있는 구간을 필요로 한다.</p>",
                "context_length": 2565,
                "clue": [
                    {
                        "clue_text": "배터리 방전 시 두 개의 양방향 컨버터를 통하여 승압된 DC-Link를 DC-AC인버터를 통하여 계통으로 회생한다.",
                        "clue_start": "88",
                        "clue_end": "152"
                    },
                    {
                        "clue_text": "이를 통하여 기존의 시스템과 크기 변화 없이 충·방전 활용이 가능하기 때문에 불필요한 시스템의 축소 및 안정적인 동작이 가능하다.",
                        "clue_start": "301",
                        "clue_end": "373"
                    },
                    {
                        "clue_text": "제안한 시스템에서 사용한 LCL필터는 각 인덕터의 허용 전류 리플을 설정하여 인덕턴스를 구하고, 무효 전력의 제한값을 이용하여 커패시터를 설계한다.",
                        "clue_start": "528",
                        "clue_end": "610"
                    },
                    {
                        "clue_text": "Full-bridge 방식의 컨버터는 위상 천이 방식을 사용하여 제어하기 때문에 소프트 스위칭이 가능하고, 트랜스 2차 측의 승압 스위치를 동기 정류 방식으로 제어한다.",
                        "clue_start": "2263",
                        "clue_end": "2357"
                    },
                    {
                        "clue_text": "Two-inductor 방식은 듀티를 \\( 50 \\%\\)이상으로 동작시켜 각각의 인덕터에 에너지를 저장 할 수 있는 구간을 필요로 한다.",
                        "clue_start": "2485",
                        "clue_end": "2561"
                    }
                ],
                "terminology": [
                    {
                        "word": "AC-DC컨버터"
                    },
                    {
                        "word": "AC전압"
                    },
                    {
                        "word": "AC회생 시스템"
                    },
                    {
                        "word": "DC-AC인버터"
                    },
                    {
                        "word": "DC-Link"
                    },
                    {
                        "word": "DC-Link전압"
                    },
                    {
                        "word": "DC단"
                    },
                    {
                        "word": "DC회생 시스템"
                    },
                    {
                        "word": "Full-bridge"
                    },
                    {
                        "word": "Full-bridge 방식"
                    },
                    {
                        "word": "Half-bridge방식"
                    },
                    {
                        "word": "LCL필터"
                    },
                    {
                        "word": "LC필터"
                    },
                    {
                        "word": "Min-max방식"
                    },
                    {
                        "word": "Offset전압"
                    },
                    {
                        "word": "PI제어기"
                    },
                    {
                        "word": "PLL"
                    },
                    {
                        "word": "PLL방법"
                    },
                    {
                        "word": "PWM"
                    },
                    {
                        "word": "PWM인버터"
                    },
                    {
                        "word": "PWM제어"
                    },
                    {
                        "word": "SVPWM"
                    },
                    {
                        "word": "Sinusoidal"
                    },
                    {
                        "word": "Sinusoidal PWM"
                    },
                    {
                        "word": "Two-inductor컨버터"
                    },
                    {
                        "word": "강압 모드"
                    },
                    {
                        "word": "계통 연계형"
                    },
                    {
                        "word": "계통 연계형 AC회생 시스템"
                    },
                    {
                        "word": "계통 연계형 DC-AC인버터"
                    },
                    {
                        "word": "계통 연계형 인버터"
                    },
                    {
                        "word": "계통 주파수"
                    },
                    {
                        "word": "고조파"
                    },
                    {
                        "word": "공간벡터"
                    },
                    {
                        "word": "공간벡터 전압변조방식"
                    },
                    {
                        "word": "공진 주파수"
                    },
                    {
                        "word": "기준 전압"
                    },
                    {
                        "word": "냉각 시스템"
                    },
                    {
                        "word": "다이오드"
                    },
                    {
                        "word": "동기 정류"
                    },
                    {
                        "word": "동기 정류 방식"
                    },
                    {
                        "word": "동기좌표계"
                    },
                    {
                        "word": "무효 전력"
                    },
                    {
                        "word": "벡터"
                    },
                    {
                        "word": "부하 변동"
                    },
                    {
                        "word": "불평형 사고"
                    },
                    {
                        "word": "상전압"
                    },
                    {
                        "word": "소프트 스위칭"
                    },
                    {
                        "word": "스위치"
                    },
                    {
                        "word": "스위칭"
                    },
                    {
                        "word": "승·강압 비"
                    },
                    {
                        "word": "승압"
                    },
                    {
                        "word": "승압 모드"
                    },
                    {
                        "word": "승압 스위치"
                    },
                    {
                        "word": "양방향 컨버터"
                    },
                    {
                        "word": "연계형 인버터"
                    },
                    {
                        "word": "위상"
                    },
                    {
                        "word": "위상 천이"
                    },
                    {
                        "word": "위상각"
                    },
                    {
                        "word": "유효전력"
                    },
                    {
                        "word": "인덕터"
                    },
                    {
                        "word": "인덕턴스"
                    },
                    {
                        "word": "인버터의 제어 블록도"
                    },
                    {
                        "word": "입력측"
                    },
                    {
                        "word": "전류"
                    },
                    {
                        "word": "전류 리플"
                    },
                    {
                        "word": "전류 성분"
                    },
                    {
                        "word": "전류지령"
                    },
                    {
                        "word": "전압 제어기"
                    },
                    {
                        "word": "전압방정식"
                    },
                    {
                        "word": "전압제어"
                    },
                    {
                        "word": "전원각"
                    },
                    {
                        "word": "전원각 제어"
                    },
                    {
                        "word": "전자 부하"
                    },
                    {
                        "word": "전향보상"
                    },
                    {
                        "word": "정류"
                    },
                    {
                        "word": "정류부"
                    },
                    {
                        "word": "정상분"
                    },
                    {
                        "word": "정상분 전압"
                    },
                    {
                        "word": "정상상태응답"
                    },
                    {
                        "word": "제어 블록도"
                    },
                    {
                        "word": "제어기"
                    },
                    {
                        "word": "좌표계"
                    },
                    {
                        "word": "주파수"
                    },
                    {
                        "word": "지령값"
                    },
                    {
                        "word": "직렬"
                    },
                    {
                        "word": "커패시터"
                    },
                    {
                        "word": "컨버터"
                    },
                    {
                        "word": "트랜스"
                    },
                    {
                        "word": "패시브"
                    },
                    {
                        "word": "패시브 댐핑 기법"
                    },
                    {
                        "word": "평형"
                    },
                    {
                        "word": "필터링"
                    },
                    {
                        "word": "허용 전류 리플"
                    }
                ]
            },
            {
                "context_id": "55e-0c9-c1de9ad1-2e57-42b4-a00e-7e0b4e7c2205",
                "context_K-NSCC": {
                    "field": "인공물",
                    "large_category": "ED",
                    "medium_category": "05"
                },
                "context": "<h1>5. 실험 결과</h1> <p>본 논문에서 제안한 배터리 충·방전 시스템의 실험은 \\( 15[\\mathrm{kW}]\\)하드웨어를 제작하여 진행하였다. 그림 13과 그림 14는 계통연계시의 전압 및 전류를 나타내는 파형이다. 그림 13과 같이 3상 \\( 220[\\mathrm{Vrms}]\\)의 선간 전압을 DSP를 이용하여 센싱한다. 센싱된 선간접압을 그림 5에서와 같이 상전압을 검출하게 된다. 검출된 계통의 상전압과 정상분을 계산하고, DAC를 통하여 출력한 파형을 나타낸다. 그림 13을 통하여 계통의 선간전압과 DAC로 출력한 정상분 상전압은 30도 위상 차이가 나고, 정상분상전압을 이용하여 DAC로 출력한 위상이 일치되는 것을 확인 할 수 있다. 또한 계통의 위상을 이용하여 그림 14에서 나타낸 부분과 같이 계통의 전류와 위상이 동상이다. 이것은 계통의 상전압과 동상인 상전류가 인버터를 통하여 계통으로 출력되고 있음을 나타내고, 역률 \\( 98 \\%\\)이상을 만족한다.</p> <p>그림 15와 그림 16은 계통의 R-S, S-T, T-R 선간전압과 R상 전류에 대한 파형이다. 그림 15 는 배터리를 충전 시, 인버터가 컨버터로 동작하는 파형으로 R-S의 선간전압과 R상 전류파형이 위상은 30도 지연되어 있고, 역상의 전류가 흐르는 것을 확인 할 수 있다. 또한 그림 16은 그림 15와 반대로 R-S의 선간전압과 R상 전류파형이 위상은 30도 지연되어 있고, 동상의 전류가 흐르는 것을 확인할 수 있다.</p> <p>그림 17은 배터리 충·방전 테스트 시스템의 데이터 수집 프로그램을 나타낸다. 앞서 나타낸 것과 같이 배터리의 충전 및 방전 전압은 짧은 시간에 나타낼 수 없기 때문에 오랜 시간 테스트를 진행하고, 각각의 전압 및 전류 데이터를 수집하여 파일로 저장하게 된다. 저장된 프로그램을 제작한 Viewer를 이용하여 나타내면 아래와 같다.</p> <p>그림 18과 그림 19는 배터리 충·방전 시 24개 채널에 대하여 전압 및 전류를 모니터링한 그래프를 나타냈다. 그림에서 왼쪽은 전류를 오른쪽은 전압을 나타낸다. 전압의 경우, \\( 1 / 1000\\)로 전압을 환산하여 모니터링 한다. 24개의 채널별 배터리는 동일한 충·방전 패턴으로 7시간동안 이루어 졌고, 연속적인 전압 및 전류 변화 그래프를 확인 할 수 있다.</p> <p>그림 20 은 위의 24개 채널 중에서 하나의 채널을 전 압 및 전류 그리고 전력의 변화를 함께 나타냈다. 그림 21는 그림 20을 확대한 그래프이다. 그림 21에서 나타냈듯이 충전과 방전 그리고 CV모드로 나눌 수 있다. 배터리 충전모드는 양방향 컨버터를 \\(50[\\mathrm{A}]\\)로 정전류 제어한다. 이 때 배터리 전압은 계속적으로 상승하게 되고, 이에 따라 전력도 상승한다. 배터리 전압이 계속적으로 상승하다가 \\( 4.2[\\mathrm{V}]\\)가 되면 CV모드로 전환되고, 전류는 감소하는 것을 확인 할 수 있다. 배터리 방전모드는 양방향 컨버터를 \\(50[\\mathrm{A}]\\)로 정전류 제어를 한다. 방전모드 시 배터리 전압은 감소하게 되고, 방전 전력은 증가하게 된다. 방전 시 배터리 전압이 \\(3[\\mathrm{V}]\\)가 되면 더 이상의 동작은 수행하지 않고, 계속적으로 충전을 하게 된다.</p>",
                "context_length": 1619,
                "clue": [
                    {
                        "clue_text": "본 논문에서 제안한 배터리 충·방전 시스템의 실험은 \\( 15[\\mathrm{kW}]\\)하드웨어를 제작하여 진행하였다.",
                        "clue_start": "21",
                        "clue_end": "87"
                    },
                    {
                        "clue_text": "배터리 충전모드는 양방향 컨버터를 \\(50[\\mathrm{A}]\\)로 정전류 제어한다. ",
                        "clue_start": "1282",
                        "clue_end": "1331"
                    },
                    {
                        "clue_text": "이 때 배터리 전압은 계속적으로 상승하게 되고, 이에 따라 전력도 상승한다.",
                        "clue_start": "1331",
                        "clue_end": "1373"
                    },
                    {
                        "clue_text": "배터리 전압이 계속적으로 상승하다가 \\( 4.2[\\mathrm{V}]\\)가 되면 CV모드로 전환되고, 전류는 감소하는 것을 확인 할 수 있다.",
                        "clue_start": "1374",
                        "clue_end": "1453"
                    },
                    {
                        "clue_text": "방전모드 시 배터리 전압은 감소하게 되고, 방전 전력은 증가하게 된다. 방전 시 배터리 전압이 \\(3[\\mathrm{V}]\\)가 되면 더 이상의 동작은 수행하지 않고, 계속적으로 충전을 하게 된다.",
                        "clue_start": "1505",
                        "clue_end": "1615"
                    }
                ],
                "terminology": [
                    {
                        "word": "CV모드"
                    },
                    {
                        "word": "DAC"
                    },
                    {
                        "word": "DSP"
                    },
                    {
                        "word": "R-S"
                    },
                    {
                        "word": "R상 전류"
                    },
                    {
                        "word": "R상 전류파형"
                    },
                    {
                        "word": "S-T"
                    },
                    {
                        "word": "T-R"
                    },
                    {
                        "word": "계통의 위상"
                    },
                    {
                        "word": "방전 전압"
                    },
                    {
                        "word": "상전류"
                    },
                    {
                        "word": "상전압"
                    },
                    {
                        "word": "선간 전압"
                    },
                    {
                        "word": "양방향 컨버터"
                    },
                    {
                        "word": "역률"
                    },
                    {
                        "word": "역상"
                    },
                    {
                        "word": "위상"
                    },
                    {
                        "word": "전류"
                    },
                    {
                        "word": "전류파형"
                    },
                    {
                        "word": "전압"
                    },
                    {
                        "word": "전환"
                    },
                    {
                        "word": "정상분"
                    },
                    {
                        "word": "정전류"
                    },
                    {
                        "word": "정전류 제어"
                    },
                    {
                        "word": "컨버터"
                    },
                    {
                        "word": "파형"
                    },
                    {
                        "word": "하드웨어"
                    }
                ]
            }
        ]
    }
}