{
    "dataset_info": {
        "identifier": "02-031-002-NL",
        "name": "기술과학 문서 요약 데이터",
        "category": "자연어",
        "last_updated": "2023-08-30"
    },
    "dataset": {
        "doc_id": "034b7f4e-13b59de4-f40b-43d7-9655-1cf7afba3cde",
        "doc_type": "논문",
        "doc_title": {
            "kor": "소형 태양광 발전시스템 상용화를 위한 프로그램 방식의 태양위치추적기 개발",
            "eng": ""
        },
        "doc_category": {
            "KDC": "560.5",
            "DDC": ""
        },
        "doc_number": {
            "ISSN": "1229-2214",
            "ISBN": "",
            "DOI": "",
            "UCI": ""
        },
        "doc_year": "2003",
        "doc_author": [
            "이양규",
            "강신영",
            "김광헌"
        ],
        "doc_publisher": "전력전자학회",
        "doc_license": "CC BY-NC",
        "context_info": [
            {
                "context_id": "55e-0c9-merge_ed_034b7f4e-13b59de4-f40b-43d7-9655-1cf7afba3cde_00",
                "context_K-NSCC": {
                    "field": "인공물",
                    "large_category": "ED",
                    "medium_category": "09"
                },
                "context": "<h1>1. 서 론</h1> <p>태양광 발전 시스템은 무소음, 무한정, 무공해인 청정에너지를 발생하므로 쾌적하고 안정된 전원을 공급할 수 있으며, 연료의 공급없이 20 년 이상 사용 가능하여 대체 에너지원으로 활발한 연구가 진행되고 있다. 하지만 에너지원이 태양광이므로 야간이나 우천시에 사용이 불가능하며, 출력이 일사량에만 의존하므로 자연환경에 따른 변동이 일어나 불안정하며, 직/교류 전력변환장치가 필요하고, 또한 에너지원이 저밀도이므로 대전력을 얻기 위해서는 큰 면적이 필요한 단점이 있다. 현재 국내에서는 연구관련 또는 도서지역 등에 설치되고 있다. 따라서 기존의 전기 설비에 비해 발전단가가 높아 경제성을 갖추기 위해서는 태양전지 재료의 성능향상, 주변 장치의 효율 증대 및 관련분야 기술에 대한 많은 연구가 펄요한 실정이며, 태양전지의 변환효율이 상용제품의 경우 \\( 14 \\% \\) 정도로 낮고, \\( 1 \\mathrm { ~W } \\) 당 가격이 약 \\( 4 \\$ \\) 내외로서 초기 시설 투자비가 많이 소요되고 있다. 이러한 태양광 발전 설비는 계절에 따라 달라지는 태양의 고도와 방위각에 많은 영향을 받으므로, PV모듈을 태양과 법선 방향이 되도록 위치시켜 발전 효율을 효과적으로 개선할 수 있다. 태양광 추적장치에 대한 지금까지의 연구를 살펴보면 대용량이고 고가이며 장치의 규모가 커서 추적장치는 연구분야에 주로 적용되고있다. 본 연구에서는 생산단가를 낮추고, 소규모 독립형 시스템인 가로등에 맞는 경제적인 추적장치를 상품화를 목적으로 연구를 하였다. 본 연구에서는 대형 시스템에 주로 적용된 기존 제품에 비해 소형의 저가형 태양위치 추적기를 개발하여, 실제 가로등에 적용한 결과 고정식 태양광 가로등에 비해 효율이 높아 동일용량의 가로등에서 원가 절감이 가능한 것으로 판단되었다.</p> <h1>2. 태양전지의 특성</h1> <p>태양전지는 광기전력 효과를 이용하여 빛에너지를 직접 전기로 변환한다. 그림 1은 광기전력 효과를 수학적으로 모델링한 것으로 태양전지의 특성을 해석하는데 일반적으로 사용하는 one-diode 모델의 등가회로도이다. 식 \\( (1) \\sim(4) \\) 는 관련 식으로서 각랑의 기호는 다음과 같다.</p> <p>\\( I = I_ { D h } -I_ { d } -I_ { r } \\)<caption>(1)</caption></p> <p>\\( I_ {\\text { th } } =I_ { s c } \\left ( \\frac { S } { 1000 } \\right ) + J_ { 0 } \\left (T-T_ { r e f } \\right ) \\)<caption>(2)</caption></p>",
                "context_length": 1310,
                "clue": [
                    {
                        "clue_text": "태양광 발전 시스템은 무소음, 무한정, 무공해인 청정에너지를 발생하므로 쾌적하고 안정된 전원을 공급할 수 있으며, 연료의 공급없이 20 년 이상 사용 가능하여 대체 에너지원으로 활발한 연구가 진행되고 있다.",
                        "clue_start": "19",
                        "clue_end": "134"
                    },
                    {
                        "clue_text": "하지만 에너지원이 태양광이므로 야간이나 우천시에 사용이 불가능하며, 출력이 일사량에만 의존하므로 자연환경에 따른 변동이 일어나 불안정하며, 직/교류 전력변환장치가 필요하고, 또한 에너지원이 저밀도이므로 대전력을 얻기 위해서는 큰 면적이 필요한 단점이 있다.",
                        "clue_start": "135",
                        "clue_end": "278"
                    },
                    {
                        "clue_text": "본 연구에서는 생산단가를 낮추고, 소규모 독립형 시스템인 가로등에 맞는 경제적인 추적장치를 상품화를 목적으로 연구를 하였다.",
                        "clue_start": "699",
                        "clue_end": "768"
                    },
                    {
                        "clue_text": "본 연구에서는 대형 시스템에 주로 적용된 기존 제품에 비해 소형의 저가형 태양위치 추적기를 개발하여, 실제 가로등에 적용한 결과 고정식 태양광 가로등에 비해 효율이 높아 동일용량의 가로등에서 원가 절감이 가능한 것으로 판단되었다.",
                        "clue_start": "769",
                        "clue_end": "897"
                    }
                ],
                "terminology": [
                    {
                        "word": "one-diode 모델"
                    },
                    {
                        "word": "고정식"
                    },
                    {
                        "word": "광기전력"
                    },
                    {
                        "word": "광기전력 효과"
                    },
                    {
                        "word": "대전력"
                    },
                    {
                        "word": "도서지역"
                    },
                    {
                        "word": "등가회로도"
                    },
                    {
                        "word": "발전단"
                    },
                    {
                        "word": "방위각"
                    },
                    {
                        "word": "법선"
                    },
                    {
                        "word": "생산단가"
                    },
                    {
                        "word": "에너지원"
                    },
                    {
                        "word": "전력변환장치"
                    },
                    {
                        "word": "직/교류"
                    },
                    {
                        "word": "추적장치"
                    },
                    {
                        "word": "태양광 가로등"
                    },
                    {
                        "word": "태양광 발전"
                    }
                ]
            },
            {
                "context_id": "55e-0c9-merge_ed_034b7f4e-13b59de4-f40b-43d7-9655-1cf7afba3cde_01",
                "context_K-NSCC": {
                    "field": "인공물",
                    "large_category": "ED",
                    "medium_category": "09"
                },
                "context": "<p>\\( I_ { d } =I_ { s a t } \\left [ \\exp \\left \\{\\frac { q \\left (V + R_ { s } I \\right ) } { n k T } \\right \\} -1 \\right ] \\)<caption>(3)</caption></p> <p>\\( I=I_ { p h } -I_ { s a t } \\left \\{\\exp \\left [ \\frac { q \\left (V + I R_ { s } \\right ) } { A K T } \\right ]-1 \\right \\} - \\frac { V + I R_ { s } } { R_ { s h } } \\)<caption>(4)</caption></p> <p>태양전지의 모델링 방법으로는 소수의 실측 데이터로부터 모델을 구할 수 있는 SQHRKS법과 광기전력 효과를 수학적으로 모델링하는 매개 변수법이 있다. 본 연구에서는 매개 변수법을 이용하였고, 원다이오드 모델을 Matlab을 이용하여 시뮬레이션 하였다.시뮬레이션 시에 온도는 \\( 25 ^ {\\circ } \\mathrm { C } \\) 이며 광량변화에 의한 태양전지 모둘의 출력특성을 확인하고자 하였다. 광량 \\( 1000 \\mathrm { ~W } / \\mathrm { m } ^ { 2 } \\) 까지 5 단계로 하여 실함하여, 태양전지의 출력 특성을 확인하였다. 본 시뮬레이션에서는 표 1 에 태양전지의 사양을 나타내었으며, 온도 변화를 고려하지 않은 상태이다. 실험 결과 그림 2 에서와 같이 \\( \\mathrm { I } - \\mathrm { V } \\) 곡선과 \\( \\mathrm { P } - \\mathrm { V } \\) 곡선이 광량에 비례하여 나타났다.</p> <h1>3. 태양추적장치의 구성</h1> <h2>3.1 태양 추적 방법</h2> <p>2장의 시뮬레이션 실험에서 알 수 있듯이 태양전지의 발전량은 입사 광량에 비례하므로 같은 외부 환경에서도 태양전지가 태양과 법선방향으로 위치할 때 발 전량이 최대가 된다. 따라서 태양전지를 태양과 항상 법선방향이 되도록 조정하면 태양전지의 누적 발전 효율을 증가시킬 수 있다. 태양을 추적하는 방법으로는 그림 3 에서와 같이 광센서를 이용하는 방법과 태양의 위치를 계산하여 추적하는 프로그램식, 센서와 프로그램을 병행하는 방법 등 크게 3가지 방법이 있다. 프로그램과 센서를 조합하는 방식은 좋은 결과를 얻을 수 있으나 소형 시스템에서는 프로그램만을 사용한 것에 비해 큰 효과를 나타나지 않았고, 센서방식은 외부환경 문제를 완전히 해결하지 못하고 오동작이 자주 발생하는 문제가 있었다. 날씨 변화가 심하고 사계절이 뚜렷한 국내 기상조건에서 상용화를 위해서는 이물질에 의한 오동작 우려가 없는 프로그램 방식이 가장 적합한 것으로 나타났다. 그림 4 와 같이 천구에서 태양위치를 나타내는 방법은 관측자가 서있는 지평면에서 머리의 수직 상방인 천정을 중심으로, 태양의 고도각(Elevation) E는 태양과 태양전지 모듈이 설치되어 있는 지점(좌표원점으로 정의)을 연결하는 선분이 지구 지표면과의 이루는 각으로 표시되는 값이다. 방위각(Azimuth) A는 북쪽을 \\( 0 ^ {\\circ } \\), 동쪽을 \\( 90 ^ {\\circ } \\), 남쪽을 \\( 180 ^ {\\circ } \\), 서쪽을 \\( 270 ^ {\\circ } \\) 로 정의하고 현재 태양의 위치를 지표면에 투영시켰을 때 투영된 태양과 좌표의 원점이 이루는 직선이 좌표상의 정북을 가르키는 직선과 이루는 각으로 정의된다. 고도 \\( \\mathrm { E } \\) 는 천정과 태양과의 거리 \\( \\mathrm { Z } \\) 와 \\( \\mathrm { E } =90- \\mathrm { Z } \\) 인 관계가 있다. 본 논문에서는 태양의 위치는 그림 4 에서와 같이 태양의 고도각 및 방위각을 사용하여 정의한다. 태양추적의 정확도를 높이고 전체시스템을 효율적으로 관리하기 위해 마이크로 프로세서를 사용하였다. 이 방법은 프로세서를 이용하여 태양위치를 계산해내고 계산된 값으로 태양을 추적하는 방법이다. 또 일출 일몰 시각도 계산하여 태양을 추적하다가 일몰시간이 되면 자동적으로 정오지점으로 추적장치를 돌려놓고 전원을 차단하며, 다음날 일출시간이 되면 자동적으로 전체 시스템을 작동시킨다.</p>",
                "context_length": 2100,
                "clue": [
                    {
                        "clue_text": "태양을 추적하는 방법으로는 그림 3 에서와 같이 광센서를 이용하는 방법과 태양의 위치를 계산하여 추적하는 프로그램식, 센서와 프로그램을 병행하는 방법 등 크게 3가지 방법이 있다.",
                        "clue_start": "1048",
                        "clue_end": "1148"
                    },
                    {
                        "clue_text": "본 연구에서는 매개 변수법을 이용하였고, 원다이오드 모델을 Matlab을 이용하여 시뮬레이션 하였다.시뮬레이션 시에 온도는 \\( 25 ^ {\\circ } \\mathrm { C } \\) 이며 광량변화에 의한 태양전지 모둘의 출력특성을 확인하고자 하였다.",
                        "clue_start": "440",
                        "clue_end": "580"
                    }
                ],
                "terminology": [
                    {
                        "word": "Elevation"
                    },
                    {
                        "word": "Matlab"
                    },
                    {
                        "word": "고도각"
                    },
                    {
                        "word": "광기전력"
                    },
                    {
                        "word": "광기전력 효과"
                    },
                    {
                        "word": "마이크로 프로세서"
                    },
                    {
                        "word": "매개 변수법"
                    },
                    {
                        "word": "모델링하"
                    },
                    {
                        "word": "방위각"
                    },
                    {
                        "word": "법선방향"
                    },
                    {
                        "word": "선분"
                    },
                    {
                        "word": "센서"
                    },
                    {
                        "word": "센서방식"
                    },
                    {
                        "word": "시뮬레이션"
                    },
                    {
                        "word": "원다이오드 모델"
                    },
                    {
                        "word": "일출"
                    },
                    {
                        "word": "입사 광량"
                    },
                    {
                        "word": "자동적"
                    },
                    {
                        "word": "좌표원점"
                    },
                    {
                        "word": "추적장치"
                    },
                    {
                        "word": "태양의 고도각"
                    },
                    {
                        "word": "태양전지 모듈"
                    },
                    {
                        "word": "태양추적"
                    },
                    {
                        "word": "프로세서"
                    }
                ]
            },
            {
                "context_id": "55e-0c9-merge_ed_034b7f4e-13b59de4-f40b-43d7-9655-1cf7afba3cde_02",
                "context_K-NSCC": {
                    "field": "인공물",
                    "large_category": "ED",
                    "medium_category": "09"
                },
                "context": "<h2>3.2 시스템 구성</h2> <p>그림 5와 같이 태양위치 추적장치의 구조는 상부에 태양전지판을 고정시키기 위한 지지대가 있.고 몸체를 구동하기 위한 구동장치 가로등 등주에 연결하기 위한 고정판 및 움직인 각도를 측정하기 위한 센서부로 구성되어 있다. 태양위치 추적장치는 소형의 저가형으로 구동장치 및 기계적인 부분을 고려하여 제작 실험하였다. 구동장치에 사용되는 모터는 소형 \\( \\mathrm { DC } \\) 모터를 사용하였으며, 구동토크를 크기 하기 위해 \\( 400: 1 \\) 의 감속기어와 36:1의 웜기어를 중복하여 사용하므로 \\( 14400: 1 \\) 의 감속비를 갖는다. 모터가 부하상태에서 약 \\( 6000 / \\mathrm { rpm } \\) 정도 이므로 실세 추적장치는 약 \\( 0.42 / \\mathrm { rpm } \\) 의 회전 속도를 갖는다. 그리고 태양추적장치에서는 태양전지판이 풍압의해 움직이지 못하도록 모터의 회전방향을 90 도 전환시켜 몸체의 구동 축에 전달하는 웜기어를 사용한다. 윔기어를 사용할 경우 모터의 회전 운동은 몸체에 그대로 전달되지만 외부에서 가해지는 힘은 웜기어 직각방향으로 전달되므로 모터에 전달되지 못하는 구조로 되어있다. 따라서 외부의 힘에 의해 구동장치에 역토크가 가해지는 것을 예방할 수 있도록 설계되었다.</p> <h1>4. 실험 및 검토</h1> <p>본 시스템은 데이터를 분석하기 위해, 태양에너지의 특성상 같은 조건을 두 번 만들 수 없으므로, 동시에 두 가지 모드로 데이터를 저장할 수 있도록 구성하였다. 수집데이터는 전압, 전류, 광량, 온도 등이다. 데이터 수집을 위해 \\( 16 \\mathrm { bit } \\) 급 8 채널 \\( \\mathrm { A } / \\mathrm { D } \\) 카드를 이용하여 하루동안의 변화량을 측정하였으며, 태양의 입사각도 변화에 의한 태양의 위치를 추적하는 방식과 일반적인 고정방식의 가로등 시스템을 비교하기 위해, 실시간으로 데이터 수집장치인 Labview를 이용, 프로그램을 작성하여 모니터링할 수 있도록 하였다. 그림 6 은 시스템 구성도이다. 그림 7의 (a)-(c)는 추종식과 비추종식에 각각 조도계를 설치하고 태양광 발전실험과 광량실험을 한 결과 발전량과 광량에 대한 그래프를 나타낸 것으로서 6 월 7일부터 일주일동안 실험하였다. 봄철에 실험하였으나 고정식의 태양각도를 잉여 태양에너지가 가장 작은 겨울철의 입사각도인 \\( 60 ^ {\\circ } \\) 기준으로 하였으므로 정오에도 추종식과 고정식에 어느 정도의 차이를 보이고 있다. 그렿지만 일중 태양의 고도가 가장 높은 정오부근에서 두 방식의 태양에너지의 차이가 제일 작았으며, 태양의 고도가 낮은 늦은 오후부터 일몰에 다가갈수록 비교적 큰 차이를 나타내었다. 그리고 날씨가 흐린 날보다 맑은 날에 추적방식의 발전량의 상승이 현저함을 나타내었다. 고정방식과 추적방식에서 태양과 태양전지 모둘의 법선면 각도범위의 차이에 의해서 에너지 양이 하강함을 보였고, 흐린 날에는 법선면 각도차이가 많은 영향을 주지 않음을 알 수 있었다. 표 2는 실험이 년중 일사 조건이 우수한 봄철(6월)에 실험한 결과이며 실험 기간이 1 주일 정도로 비교적 짧았고, 고정방식의 경우 가로등 설치시 겨울철 에 적합한 고도각인 \\( 52 ^ {\\circ } \\) 정도로 설치되어 봄철에는 효율이 약간 감소하는 경향이 있다. 따라서 년중 평균효율 개선치는 본 실험 결과에 비해 상당히 감소할 것으로 예상된다. 겨울철이 봄철에 비해 전반적으로 발전량이 감소하고 또한 기상의 변화를 고려할 경우 년중 평균 치는 실험치에 비해 \\( 30 \\sim 40 \\% \\) 정도 낮은 \\( 50 \\% \\) 내외의 개선 효과가 있을 것으로 보인다. 본 연구에서는 태양추적장치를 소형 저가형으로 개발하고자 연구하였다. 원가분석 결과 \\( 50 \\mathrm { ~W } \\) 태양전지 모듈 1 개 가격 이하 정도로 생산이 가능한 것으로 나타났다. 그리고 태양광 가로등의 경우 주간의 발전량으로 야간에 점등하기 위해 일반적으로 \\( 50 \\mathrm { ~W } \\) 가로등의 경우 6장의 태양전지가 필요로 하지만 본 시스템의 경우는 일사량 획득의 향상으로 \\( 50 \\mathrm { ~W } \\) 태양광 가로등에서 태양전지판의 소요를 \\( 30 \\% \\sim 40 \\% \\) 정도를 절감할 수 있을 판단된다. 따라서 태양추적장치를 적용할 경우 태양전지 비용의 \\( 15 \\% \\) 정도를 절감할 수 있을 것으로 판단된다. 추적장치를 부착한 경우와 고정방식의 태양전지에 대한 비교 실험을 하여 효율개선효과에 대해 실험한 결과 추적장치를 이용한 시스템은 고정방식에 비해 흐린 날은 \\( 67 \\% \\) 이고, 맑은 날은 \\( 105 \\% \\) 의 일사량의 향상으로 거의 \\( 60 \\sim 100 \\% \\) 에 가까운 발전량의 향상을 가져왔다. 따라서 5 일 동안 비교 실험한 결과 발전 효율을 평균 \\( 86 \\% \\) 정도 개선할 수 있었다.</p> <h1>4. 결 론</h1> <p>본 연구에서는 태양열 온수 시스텔이나 기상관측 및 연구 목적으로 주로 사용되었던 고가의 대형 태양추적장치를 소규모 독립형 태양광 발전시스템에 경제적으로 적용할 수 있도록 하기 위해 소형의 저가형 태양광추적장치를 연구 실험하였다. 앞서 선행되었던 실험결과 태양광 추적을 위해 사용된 센서를 사용한 태양 추적 방식은 날씨 변화 및 먼지나 낙엽 같은 이물질에 의한 오동작이 자주 발생하여 제품화에 문제가 있는 것으로 나타났다. 특히 한국과 같이 날씨 변화가 심하고 사계절의 변화가 뚜렷한 경우에는 적용이 부적합한 것으로 판단되었다. 따라서 본 연구에서는 프로그램에 의한 태양추적방식을 선택하여 소형 저가형 태양광 추적장치를 연구 하여 그 특성 및 경제성 등을 실험하고 검토하였다. 본 연구 결과 소규모 독립형 태양광 발전 시스템에 태양추적장치를 적용함으로서 원가절감이 가능하여 태양광 가로등 및 유사 관련 제품에 응용이 가능하여 소규모 독립형 태양광 발전시스템 보급에 기여할 수 있을 것으로 기대된다.</p>",
                "context_length": 2981,
                "clue": [
                    {
                        "clue_text": "태양위치 추적장치는 소형의 저가형으로 구동장치 및 기계적인 부분을 고려하여 제작 실험하였다.",
                        "clue_start": "145",
                        "clue_end": "196"
                    },
                    {
                        "clue_text": "데이터 수집을 위해 \\( 16 \\mathrm { bit } \\) 급 8 채널 \\( \\mathrm { A } / \\mathrm { D } \\) 카드를 이용하여 하루동안의 변화량을 측정하였으며, 태양의 입사각도 변화에 의한 태양의 위치를 추적하는 방식과 일반적인 고정방식의 가로등 시스템을 비교하기 위해, 실시간으로 데이터 수집장치인 Labview를 이용, 프로그램을 작성하여 모니터링할 수 있도록 하였다.",
                        "clue_start": "801",
                        "clue_end": "1026"
                    },
                    {
                        "clue_text": "봄철에 실험하였으나 고정식의 태양각도를 잉여 태양에너지가 가장 작은 겨울철의 입사각도인 \\( 60 ^ {\\circ } \\) 기준으로 하였으므로 정오에도 추종식과 고정식에 어느 정도의 차이를 보이고 있다.",
                        "clue_start": "1153",
                        "clue_end": "1266"
                    },
                    {
                        "clue_text": "따라서 5 일 동안 비교 실험한 결과 발전 효율을 평균 \\( 86 \\% \\) 정도 개선할 수 있었다.",
                        "clue_start": "2396",
                        "clue_end": "2452"
                    },
                    {
                        "clue_text": "겨울철이 봄철에 비해 전반적으로 발전량이 감소하고 또한 기상의 변화를 고려할 경우 년중 평균 치는 실험치에 비해 \\( 30 \\sim 40 \\% \\) 정도 낮은 \\( 50 \\% \\) 내외의 개선 효과가 있을 것으로 보인다.",
                        "clue_start": "1715",
                        "clue_end": "1838"
                    }
                ],
                "terminology": [
                    {
                        "word": "DC"
                    },
                    {
                        "word": "Labview"
                    },
                    {
                        "word": "감속기어"
                    },
                    {
                        "word": "감속비"
                    },
                    {
                        "word": "고정식"
                    },
                    {
                        "word": "고정판"
                    },
                    {
                        "word": "광량"
                    },
                    {
                        "word": "구동 축"
                    },
                    {
                        "word": "구동장치"
                    },
                    {
                        "word": "구동토크"
                    },
                    {
                        "word": "독립형 태양광 발전시스템"
                    },
                    {
                        "word": "등주"
                    },
                    {
                        "word": "법선면"
                    },
                    {
                        "word": "부하상태"
                    },
                    {
                        "word": "센서"
                    },
                    {
                        "word": "센서부"
                    },
                    {
                        "word": "소규모 독립형 태양광 발전시스템"
                    },
                    {
                        "word": "역토크"
                    },
                    {
                        "word": "웜기어"
                    },
                    {
                        "word": "윔기어"
                    },
                    {
                        "word": "입사각도"
                    },
                    {
                        "word": "전류"
                    },
                    {
                        "word": "전압"
                    },
                    {
                        "word": "조도계"
                    },
                    {
                        "word": "추적방식"
                    },
                    {
                        "word": "추적장치"
                    },
                    {
                        "word": "태양각도"
                    },
                    {
                        "word": "태양광 가로등"
                    },
                    {
                        "word": "태양광 발전"
                    },
                    {
                        "word": "태양에너지"
                    },
                    {
                        "word": "태양위치 추적장치"
                    },
                    {
                        "word": "태양전지 모듈"
                    },
                    {
                        "word": "태양전지판"
                    },
                    {
                        "word": "풍압"
                    }
                ]
            }
        ]
    }
}