{
    "dataset_info": {
        "identifier": "02-031-002-NL",
        "name": "기술과학 문서 요약 데이터",
        "category": "자연어",
        "last_updated": "2023-08-30"
    },
    "dataset": {
        "doc_id": "034b7f4e-24e0b7c8-861a-40a5-a284-e47ec4931a0e",
        "doc_type": "논문",
        "doc_title": {
            "kor": "선택적 충전단계절환에 의한 Ni-MH 전지의 계단충전 특성 개선",
            "eng": ""
        },
        "doc_category": {
            "KDC": "560.5",
            "DDC": ""
        },
        "doc_number": {
            "ISSN": "1229-2214",
            "ISBN": "",
            "DOI": "",
            "UCI": ""
        },
        "doc_year": "1998",
        "doc_author": [
            "안재영",
            "강신영",
            "김광헌",
            "임영철"
        ],
        "doc_publisher": "전력전자학회",
        "doc_license": "CC BY-NC",
        "context_info": [
            {
                "context_id": "55e-0c9-merge_2_034b7f4e-24e0b7c8-861a-40a5-a284-e47ec4931a0e_00",
                "context_K-NSCC": {
                    "field": "인공물",
                    "large_category": "ED",
                    "medium_category": "09"
                },
                "context": "<h1>요 약</h1> <p>본 논문에서 제안하는 계단출전방식에서는 직렬로 연결된 전지에 있어서 각 전지의 \\( \\Delta \\mathrm { V } = 0 \\) 시점이 서로 다름을 고려하여 각 전지별로 선택적으로 충전단계를 절환시킴으로써 과충전 또는 부족충전을 예방할 수 있도록 하였다. 또한, 각 단계의 초기에 전지간의 잔존용량의 불균등을 해소하기 위해 시분할 균등충전모드를 추가하였다. 기존의 계단충전방식에 비해 선택적 충전단계절환을 위한 간단한 회로가 추가되지만 과충전과 부족충전을 예방하므로 전지수명과 충전효율을 개선시킬 수 있다.</p> <h1>1. 서 론</h1> <p>현재, 대기오염의 주된 원인으로 여겨지고 있는 가솔린 내연기관 자동차를 대신할 수 있는 전기자동차의 개발이 가속화 되고있는 실정이다. 그러나. 전기자동차의 에너지원으로 쓰이는 전지는 지속적인 연구와 개발 노력에도 불구하고 여전히 많은 어려움을 가지고 있다. 따라서, 전기자동차에 적합한 전지의 획기적인 개발성과를 기대하는 한편, 에너지 소모를 감소시키기 위한 전기자동차의 전동기 구동장치와 충 \\( \\cdot \\)방전장치의 고효율화 등에 많은 연구가 진행되고 있다.</p> <p>전기자동차용 전지 전원은 단일 모듈로 제작하기 어렵기 때문에, 대부분 소용량의 전지를 직 \\( \\cdot \\)병렬로 연결한 형태를 갖추고 있으며 최근에 주목받고있는 Ni-MH 전지는 다른 전지에 비해 충방전 사이클 수명이 길고, 에너지 밀도도 높으며 단위 체적당 용량이 크다는 장점 때문에 휴대용 컴퓨터와 휴대용 전자장비 등에 많이 사용되고 있다.</p> <p>Ni-MH 전지의 충전방식에는 여러 가지가 있지만, 정전류를 단계적으로 인가하여 충전하는 계단충전(step-charging) 방식이 일반적으로 사용되고 있다. 계단충전방식은 정전류를 2~3단계 또는 그 이상의 단계로 변화시키면서 충전하는 방식을 말하며, 특히, 전기자동차와 같은 급속충전이 필요한 응용분야에 적합하다.</p> <p>기존의 계단충전방식은 각 충전단계를 절환(cut- off)하는 데 있어서 직렬 연결된 전지를 일괄적으로 절환하고 다음 단계의 충전을 행한다. 그러나 충전이 거듭될수록 일괄적인 전류 절환으로 인해 전지간의 잔존용량차는 점점 커지게 되며 특정 전지의 과충전이나 부족충전 현상을 가져오게 되어 급속한 열화를 초래한다.</p> <p>본 논문에서는 이러한 문제점을 해결하기 위해 충전단계 절환을 전지별로 선택적으로 절환하는 방식을 제안한다. 셀전지 단위의 선택적 절환 방식은 기존의 일괄적인 절환방식과는 달리 각 셀전지의 \\( \\frac {\\Delta V } {\\Delta t } = 0 \\)점을 검출하여 해당 셀전지만 선택적으로 절환시키는 방식이다. 또한, 직 \\( \\cdot \\)병렬로 연결된 전지전원의 충전시 전지간의 잔존용량이 불균등하여 특정 전지가 과충전 또는 과방전될 수 있으며, 그로 인해 전지 수명이 단축되고 충전효율의 저하와 같은 문제가 발생한다. 따라서 본 논문에서는 전지간의 잔존용량 불균등을 해소하기 위해 잔존용량에 반비례하는 충전시간으로 균등충전을 실시하는 시분할 균등충전방식을 적용한다.</p>",
                "context_length": 1546,
                "clue": [
                    {
                        "clue_text": "본 논문에서 제안하는 계단출전방식에서는 직렬로 연결된 전지에 있어서 각 전지의 \\( \\Delta \\mathrm { V } = 0 \\) 시점이 서로 다름을 고려하여 각 전지별로 선택적으로 충전단계를 절환시킴으로써 과충전 또는 부족충전을 예방할 수 있도록 하였다.",
                        "clue_start": "16",
                        "clue_end": "161"
                    },
                    {
                        "clue_text": "또한, 각 단계의 초기에 전지간의 잔존용량의 불균등을 해소하기 위해 시분할 균등충전모드를 추가하였다.",
                        "clue_start": "162",
                        "clue_end": "218"
                    },
                    {
                        "clue_text": "기존의 계단충전방식에 비해 선택적 충전단계절환을 위한 간단한 회로가 추가되지만 과충전과 부족충전을 예방하므로 전지수명과 충전효율을 개선시킬 수 있다.",
                        "clue_start": "219",
                        "clue_end": "302"
                    }
                ],
                "terminology": [
                    {
                        "word": "Ni-MH 전지"
                    },
                    {
                        "word": "계단충전"
                    },
                    {
                        "word": "균등충전모드"
                    },
                    {
                        "word": "급속충전"
                    },
                    {
                        "word": "내연기관"
                    },
                    {
                        "word": "방전장치"
                    },
                    {
                        "word": "셀전지"
                    },
                    {
                        "word": "시분할"
                    },
                    {
                        "word": "에너지원"
                    },
                    {
                        "word": "잔존용량"
                    },
                    {
                        "word": "전동기"
                    },
                    {
                        "word": "전류"
                    },
                    {
                        "word": "절환"
                    },
                    {
                        "word": "정전류"
                    },
                    {
                        "word": "직렬"
                    },
                    {
                        "word": "직렬 연결"
                    },
                    {
                        "word": "회로"
                    }
                ]
            },
            {
                "context_id": "55e-0c9-dd35831e-8d5d-4f85-a2c5-f1baafa295eb",
                "context_K-NSCC": {
                    "field": "인공물",
                    "large_category": "ED",
                    "medium_category": "09"
                },
                "context": "<h1>4. 충전시스템의 구성 및 실험 결과</h1> <h2>4.1 충전시스템의 구성</h2> <p>선택적 충전단계 절환방식을 갖는 계단충전 시스템의 블록도는 그림 8과 같다. \\( \\mathrm{AA} \\)사이즈 \\( 1.2 \\mathrm{~V} \\), \\( 1200 ~ \\mathrm{mAh} \\)의 용량을 갖는 Ni-MH 전지를 충전하기 위해 스위칭소자로는 \\( 100 \\mathrm{~V} \\), \\( 5 \\mathrm{~A} \\) MOSFET를 사용하였으며 직렬 전지뱅크에 입력되는 충전전류와 전압을 검출하기 위해 홀소자형 전류센서와 전압센서를 사용하였다.</p> <p>또한, 계단충전과 \\( \\Delta \\mathrm{V}=0 \\)를 검출하여 셀전지별로 선택적으로 충전단계를 절환하고 각 전지의 균등충전모드를 제어하기 위해 원칩 마이크로프로세서 80196KC를 사용하였다. 원칩 마이크로프로세서는 1분마다 각 전지에 연결된 Op Amp의 출력을 내부 10비트 A/D로 받아들여 전지간의 단자전압을 이전의 전압값과 비교하고 단계절환 시점을 검출한다. 원칩 마이크로프로세서에 의해 제어되는 8255의 병렬 입출력 포트A의 8비트 디지털 신호중 7비트를 이용하여 바이패스 스위치 회로의 스위치 7개를 온/오프시키며, 입출력 포트B의 8비트 신호를 이용하여 정전류 충전을 위한 히스테리시스 전류제어기의 지령치 \\( \\mathrm{I}_{\\mathrm{ref}} \\)를 만든다. 원칩 마이크로프로세서의 제어부에서는 입력된 전지의 단자 전압값으로부터 \\( \\Delta \\mathrm{V}=0 \\)를 검색하며 각 단계의 초기에 A/D에 입력되는 값을 근거로 전지의 단자전압의 크기를 비교하여 전지별 충전 시간을설정하며 그에 따라 순차적으로 충전을 실시한다. 즉, 전압의 크기에 따라 각 전지의 충전순서와 충전시간을 결정하고 그림 7로 나타낸 바이패스 스위치 회로의 스위치를 표 1과 같이 동작시키도록 한다. 현재 바이패스 스위치로는 릴레이를 사용하고 있으나 차후 트랜지스터나 그 외의 스위칭 소자로 대체하면 시스템의 부피를 줄일 수 있을 것으로 기대된다.</p> <h2>4.2 실험 결과 및 검토</h2> <h3>(1) 기존방식의 계단충전 실험</h3> <p>일반적인 계단충전에 의한 충전특성의 실험 결과를 그림 9에 나타내었다. 계단충전의 제1단계에서는 \\( 1 \\mathrm{C}(1.2 \\mathrm{~A}) \\)를 초기 전류로 설정하고 다음 제2단계에서는 \\( 0.5 \\mathrm{C}(0.6 \\mathrm{~A}) \\)로 그리고 마지막 제3단계에서는 \\( 0.1 \\mathrm{C}(0.12 \\mathrm{~A}) \\)의 작은 전류를 흘려 충전을 종료한 다. 그림 9에서는 충전전류를 전지 \\( \\mathrm{B}_{2} \\)의 전압 상승률 \\( \\Delta \\mathrm{V}_{2}=0 \\)인 점에서 모든 전지가 다음 단계로 절환되고 있다. 따라서. 전지 \\( \\mathrm{B}_{1} \\)은 과충전에 의한 열화가 발생할 가능성이 있고, 전지 \\( \\mathrm{B}_{3} \\)는 부족충전에의해 만충전량으로 충전되지 못하고 있음을 나타내고 있다. 또한, 제1단계 충전단계에서 \\( \\mathrm{B}_{1}, \\mathrm{~B}_{2}, \\mathrm{~B}_{3} \\) 그리고 제3단계에서 \\( \\mathrm{B}_{2} \\)와 \\( \\mathrm{B}_{1}, \\mathrm{~B}_{3} \\)간의 단자전압에 차이가 있는 것은 서로의 충방전특성이 달라 잔존용량이 불균등함을 보이고 있다.</p> <h3>(2) 선택적 충전단계 절환에 의한 계단충전 실험.</h3> <p>제안된 전지별 선택적 충전단계 절환 방법에 의한 계단충전 실험결과를 그림 10에 나타내었다. 서로 다른 초기 전압을 가지고 충전을 시작한 전지 \\( \\mathrm{B}_{1} \\), \\( \\mathrm{~B}_{2} \\), \\( \\mathrm{~B}_{3} \\)가 각각 다른 시점에서 \\( \\Delta \\mathrm{V}=0 \\)가 나타남에 따라 각 셀전지의 \\( \\Delta \\mathrm{V}=0 \\)가 되는 시점에서 선택적으로 충전단계가 절환되고 있음을 알 수 있다.</p> <p>기존 일괄 절환방식의 계단충전과 같이 모든 전지를 동시에 절환할 경우 일부 전지에 전지열화 현상의 발생이 예상되는 반면 그림 10의 제안된 선택적 절환방식에서는 이런 문제점을 막을 수 있을 것으로 생각한다. 그러나. 그림 9와 10의 충전시간을 비교하여 볼 때 기존의 계단충전보다는 충전시간이 전지별로 약 3~10분 정도 더 소요되고 있음을 알 수 있다.</p> <h3>(3) 균등충전과 선택적 충전단계 절환방식을 갖는 개선된 계단충전 실험</h3> <p>시분할 균등충전을 포함한 선택적 충전단계 절환에 의한 계단충전의 특성을 그림 11에 나타내었다. 시분할 균등충전 모드를 첨가함으로써 그림 10의 실험결과에 비해 그림 11의 제 2,3 단계에서 보는 바와 같이 전지간의 용량 불균등을 상당히 극복할 수 있었으며 그에 따라 충전특성이 개선될 것으로 생각한다. 각 충전단계 사이에 균등충전이 이루어지므로 각 전지의 잔존용량 차이를 감소시키고 직렬 연결된 전지들의 충전특성을 비슷하게 유지시킬 수 있다. 선택적 충전단계 절환은 각 전지의 과충전과 부족충전을 방지할 수 있었다.</p>",
                "context_length": 2607,
                "clue": [
                    {
                        "clue_text": "전지 \\( \\mathrm{B}_{1} \\)은 과충전에 의한 열화가 발생할 가능성이 있고, 전지 \\( \\mathrm{B}_{3} \\)는 부족충전에의해 만충전량으로 충전되지 못하고 있음을 나타내고 있다.",
                        "clue_start": "1435",
                        "clue_end": "1546"
                    },
                    {
                        "clue_text": "또한, 제1단계 충전단계에서 \\( \\mathrm{B}_{1}, \\mathrm{~B}_{2}, \\mathrm{~B}_{3} \\) 그리고 제3단계에서 \\( \\mathrm{B}_{2} \\)와 \\( \\mathrm{B}_{1}, \\mathrm{~B}_{3} \\)간의 단자전압에 차이가 있는 것은 서로의 충방전특성이 달라 잔존용량이 불균등함을 보이고 있다.",
                        "clue_start": "1547",
                        "clue_end": "1740"
                    },
                    {
                        "clue_text": "기존 일괄 절환방식의 계단충전과 같이 모든 전지를 동시에 절환할 경우 일부 전지에 전지열화 현상의 발생이 예상되는 반면 그림 10의 제안된 선택적 절환방식에서는 이런 문제점을 막을 수 있을 것으로 생각한다.",
                        "clue_start": "2058",
                        "clue_end": "2173"
                    },
                    {
                        "clue_text": "시분할 균등충전 모드를 첨가함으로써 그림 10의 실험결과에 비해 그림 11의 제 2,3 단계에서 보는 바와 같이 전지간의 용량 불균등을 상당히 극복할 수 있었으며 그에 따라 충전특성이 개선될 것으로 생각한다.",
                        "clue_start": "2367",
                        "clue_end": "2483"
                    },
                    {
                        "clue_text": "(3) 균등충전과 선택적 충전단계 절환방식을 갖는 개선된 계단충전 실험",
                        "clue_start": "2265",
                        "clue_end": "2304"
                    }
                ],
                "terminology": [
                    {
                        "word": "A/D"
                    },
                    {
                        "word": "Amp"
                    },
                    {
                        "word": "MOSFET"
                    },
                    {
                        "word": "Ni-MH 전지"
                    },
                    {
                        "word": "Op Amp"
                    },
                    {
                        "word": "계단충전"
                    },
                    {
                        "word": "계단충전 시스템"
                    },
                    {
                        "word": "과충전"
                    },
                    {
                        "word": "균등충전모드"
                    },
                    {
                        "word": "단자전압"
                    },
                    {
                        "word": "디지털 신호"
                    },
                    {
                        "word": "릴레이"
                    },
                    {
                        "word": "마이크로프로세서"
                    },
                    {
                        "word": "만충전량"
                    },
                    {
                        "word": "바이패스"
                    },
                    {
                        "word": "바이패스 스위치"
                    },
                    {
                        "word": "바이패스 스위치 회로"
                    },
                    {
                        "word": "비트"
                    },
                    {
                        "word": "선택적 충전단계 절환방식"
                    },
                    {
                        "word": "셀전지"
                    },
                    {
                        "word": "소자"
                    },
                    {
                        "word": "스위치"
                    },
                    {
                        "word": "스위치 회로"
                    },
                    {
                        "word": "스위칭"
                    },
                    {
                        "word": "스위칭소자"
                    },
                    {
                        "word": "시분할"
                    },
                    {
                        "word": "시분할 균등충전"
                    },
                    {
                        "word": "열화"
                    },
                    {
                        "word": "용량 불균등"
                    },
                    {
                        "word": "원칩"
                    },
                    {
                        "word": "원칩 마이크로프로세서"
                    },
                    {
                        "word": "잔존용량"
                    },
                    {
                        "word": "전류"
                    },
                    {
                        "word": "전압"
                    },
                    {
                        "word": "전압 상승률"
                    },
                    {
                        "word": "전압센서"
                    },
                    {
                        "word": "전지별 선택적 충전단계 절환 방법"
                    },
                    {
                        "word": "전지열화"
                    },
                    {
                        "word": "절환"
                    },
                    {
                        "word": "정전류"
                    },
                    {
                        "word": "정전류 충전"
                    },
                    {
                        "word": "제어부"
                    },
                    {
                        "word": "직렬"
                    },
                    {
                        "word": "직렬 연결"
                    },
                    {
                        "word": "직렬 전지뱅크"
                    },
                    {
                        "word": "충방전특성"
                    },
                    {
                        "word": "충전전류"
                    },
                    {
                        "word": "충전특성"
                    },
                    {
                        "word": "회로"
                    },
                    {
                        "word": "히스테리시스"
                    },
                    {
                        "word": "히스테리시스 전류제어기"
                    }
                ]
            },
            {
                "context_id": "55e-0c9-5f4869ee-38bb-4298-9f79-7bdd5913f764",
                "context_K-NSCC": {
                    "field": "인공물",
                    "large_category": "ED",
                    "medium_category": "09"
                },
                "context": "<h1>2. Ni-MH 전지의 충전특성과 일반적인 계단충전 방식</h1> <p>충전특성은 전지의 성능뿐만 아니라 전지의 수명에도 영향을 미친다. Ni-MH 전지의 효율적인 충전을 위해서는 만충전, 과전압, 고온과 과도한 온도 변동 등에 주의해야 한다. 그림 1은 정전류로 충전하는 동안의 Ni-MH 전지의 전압과 온도의 변화를 나타내고 있다.</p> <p>일정 전류로 충전을 시작하면 전지의 단자전압은 상승하게 되며, Ni-MH 전지의 온도도 점진적으로 상승한다. 전지 용량의 \\( 75 \\sim 80 \\% \\) 충전에 이르면 양극에서의 산소발생에 기인하여 전압은 급상승하며 두 전지의 온도는 산소재결합 반응으로 인해 올라간다. 이러한 전지온도의 급격한 상승은 전지를 과충전하게 되는 결과가 되고 정격 만충전 전압을 낮아지게 한다.</p> <p>Ni-MH 전지의 충전에는 정전류 충전방식을 기본으로 하여 여러가지 변형된 방식이 사용되어 왔다. 이 중에 3-단계 충전방식과 다단계 충전방식은 Ni-MH 전지의 급속충전에 많이 사용되고 있는 방식이다.</p> <p>3-단계 충전방식은 충전 구간을 3단계로 나누어 충전을 수행하는 방식으로, 제1단계에서는 \\( 1 \\mathrm{C} \\)의 높은 충전전류로 만충전량의 \\( 80 \\% \\)까지 충전하며, 제2단계에서는 만충전량의 \\( 80 \\% \\) 부근에서 일어나는 가스발생과 급격한 온도 상승을 억제하기 위해충전전류를 \\( 0.1 \\mathrm{C} \\)로 낮추어 만충전량의 \\( 100 \\% \\)까지 충전한다. 제3단계에서는 \\( 0.05 \\mathrm{C} \\)의 작은 전류로 트리클(trickle) 충전을 하여 만충전량의 \\( 120 \\% \\)까지 이르도록 한다.</p> <p>계단 충전방식에서 사용하는 기존의 대표적인 충전단계의 절환 방법으로는 과도한 온도상승을 막기 위하여 온도상승률로 충전단계를 절환하는 \\( \\Delta \\mathrm{T} \\)법과 특정 전압값에 이르면 충전을 중지하고 다음 충전단계를 수행하는 전압법이 있다. 가장 일반적으로 쓰이고 있는 방법으로는 전압상승률을 비교하여 다음 충전단계로 절환하는 그림 2와 같은 \\( \\Delta \\mathrm{V} \\)법이 있다. \\( \\Delta \\mathrm{V} \\)법은 시간의 변화에 따른 전압 변화율이 0 인 시점에서 절환하는 \\( \\Delta \\mathrm{V}=0 \\)법과, 전압변화율이 일정값 이상으로 감소하거나 증가하는 시점에서 절환하는 \\( -\\Delta \\mathrm{V} \\)법, 그리고 \\( +\\Delta \\mathrm{V} \\)법이 있다. 이러한 \\( \\Delta \\mathrm{V} \\)법중 일반적으로 많이 사용하는 계단충전 단계의 절환방법으로는 과충전을 방지할 수 있는 \\( \\Delta \\mathrm{V}=0 \\)법을 사용하고 있다.</p> <p>현재 전지가 직렬로 연결된 Ni-MH 전지전원의 경우 단위 셀전지는 각 전지의 특성과 초기 잔존용량의 차이 때문에 \\( \\Delta \\mathrm{V} \\)의 값이 서로 차이가 있음에도 불구하고 직렬 연결된 \\( \\mathrm{B}_{1} \\), \\( \\mathrm{B}_{2} \\), \\( \\mathrm{~B}_{3} \\) 전지의 단자전압 \\( \\left(\\mathrm{V}_{1}+\\mathrm{V}_{2}+\\mathrm{V}_{3}\\right) \\)의 상승률이 0이면 그림 3과 같은 제어에 의해 일괄적으로 모든 전지를 다음 단계의 충전전류로 절환하여 충전하고 있다. 이 때 발생하는 문제점으로 모든 전지에 유입하는 충전전류를 한꺼번에 절환시킴으로써 그림 3의 \\( \\mathrm{B}_{1}, \\mathrm{~B}_{2} \\) 전지와 같이 각각 특정 전지가 과충전 또는, 부족충전될 가능성이 있다. 더구나 셀전지간 잔존용량에 차이가 있는 경우, 그 차이가 더욱 커지게 되어 정확한 절환 시점의 선택이 중요하게 된다. 따라서 각 셀전지의 과충전과 부족충전을 고려하여 각 전지별로 절환시킬 수 있는 방식이 필요하다. 그림 4는 3개의 셀전지가 직렬 연결된 경우 기존 계단충전방식의 제어 흐름도를 표현한 것이다.</p>",
                "context_length": 2021,
                "clue": [
                    {
                        "clue_text": "따라서 각 셀전지의 과충전과 부족충전을 고려하여 각 전지별로 절환시킬 수 있는 방식이 필요하다.",
                        "clue_start": "1911",
                        "clue_end": "1964"
                    },
                    {
                        "clue_text": "3-단계 충전방식은 충전 구간을 3단계로 나누어 충전을 수행하는 방식으로, 제1단계에서는 \\( 1 \\mathrm{C} \\)의 높은 충전전류로 만충전량의 \\( 80 \\% \\)까지 충전하며, 제2단계에서는 만충전량의 \\( 80 \\% \\) 부근에서 일어나는 가스발생과 급격한 온도 상승을 억제하기 위해충전전류를 \\( 0.1 \\mathrm{C} \\)로 낮추어 만충전량의 \\( 100 \\% \\)까지 충전한다.",
                        "clue_start": "538",
                        "clue_end": "761"
                    },
                    {
                        "clue_text": "제3단계에서는 \\( 0.05 \\mathrm{C} \\)의 작은 전류로 트리클(trickle) 충전을 하여 만충전량의 \\( 120 \\% \\)까지 이르도록 한다.",
                        "clue_start": "762",
                        "clue_end": "849"
                    },
                    {
                        "clue_text": "이러한 \\( \\Delta \\mathrm{V} \\)법중 일반적으로 많이 사용하는 계단충전 단계의 절환방법으로는 과충전을 방지할 수 있는 \\( \\Delta \\mathrm{V}=0 \\)법을 사용하고 있다.",
                        "clue_start": "1275",
                        "clue_end": "1386"
                    },
                    {
                        "clue_text": "계단 충전방식에서 사용하는 기존의 대표적인 충전단계의 절환 방법으로는 과도한 온도상승을 막기 위하여 온도상승률로 충전단계를 절환하는 \\( \\Delta \\mathrm{T} \\)법과 특정 전압값에 이르면 충전을 중지하고 다음 충전단계를 수행하는 전압법이 있다.",
                        "clue_start": "857",
                        "clue_end": "1000"
                    }
                ],
                "terminology": [
                    {
                        "word": "Ni-MH 전지"
                    },
                    {
                        "word": "과전압"
                    },
                    {
                        "word": "급속충전"
                    },
                    {
                        "word": "단자전압"
                    },
                    {
                        "word": "잔존용량"
                    },
                    {
                        "word": "전류"
                    },
                    {
                        "word": "전압 변화율"
                    },
                    {
                        "word": "전압상승률"
                    },
                    {
                        "word": "절환"
                    },
                    {
                        "word": "절환 시점"
                    },
                    {
                        "word": "정전류"
                    },
                    {
                        "word": "제어 흐름도"
                    },
                    {
                        "word": "직렬"
                    },
                    {
                        "word": "직렬 연결"
                    }
                ]
            }
        ]
    }
}