{
    "dataset_info": {
        "identifier": "02-031-002-NL",
        "name": "기술과학 문서 요약 데이터",
        "category": "자연어",
        "last_updated": "2023-08-30"
    },
    "dataset": {
        "doc_id": "034b7f4e-04e43536-90b0-4b52-96bc-14f3e3b2b0f5",
        "doc_type": "논문",
        "doc_title": {
            "kor": "단상하프브릿지 구조를 갖는 계통연계형 인버터의 필터인덕터 설계",
            "eng": ""
        },
        "doc_category": {
            "KDC": "560.5",
            "DDC": ""
        },
        "doc_number": {
            "ISSN": "1229-2214",
            "ISBN": "",
            "DOI": "",
            "UCI": ""
        },
        "doc_year": "2007",
        "doc_author": [
            "김효성"
        ],
        "doc_publisher": "전력전자학회",
        "doc_license": "CC BY-NC",
        "context_info": [
            {
                "context_id": "55e-0c9-b22c4c5b-5b1e-4bc2-8562-38816238fa58",
                "context_K-NSCC": {
                    "field": "인공물",
                    "large_category": "ED",
                    "medium_category": "99"
                },
                "context": "<p>\\( \\mathrm{ma} \\) 는 인버터의 모듈레이션 인덱스로서 \\( 0<\\omega t<\\pi \\) 의 구간에서 ma에 따른 계통연계형 단상하프브리지 인버터의 \\( \\triangle \\mathrm{ipp} \\) 의 크기는 그림3과 같이 분포된다. \\( \\triangle \\mathrm{ipp} \\) 가 최소로 되는 위치는 \\( \\omega t=\\pi / 2 \\) 일 때이며, \\( m a=1 \\) 인 경우 \\( \\triangle \\mathrm{ipp} \\) 의 최소값은 0 이다. \\( \\mathrm{ma}<1 \\) 이 되면 \\( \\triangle \\mathrm{ipp} \\) 의 최소값은 (10)과 같이 0 보다 증가하여 전체적으로 \\( \\triangle \\mathrm{ipp} \\) 의 값이 증가한다.</p> <p>따라서, \\( \\mathrm{ma}=1.0 \\) 일 때 \\( 0<\\omega t<\\pi \\) 의 구간에서 단상 하프 브리지 인버터의 PWM 스위칭에 따르는 필터인덕터 전류의 리플성분은 그림4와 같이 \\( \\pm \\Delta i_{p p} / 2 \\) 로 구획되는 범위 내에서 삼각파의 형태를 이룬다.</p> <h2>\\( 2.2 \\) 리플전류의 실효값</h2> <p>실효값은 전류의 극성과 상관없이 크기에만 관련하므로 그림4의 스위칭리플전류의 실효값은 등가적으로 그림5의 리플전류에 대한 실효값과 같다.</p> <p>리플전류가 \\( 1 / 4 \\) 전원주기에 대하여 대칭성을 가지므로 실효값은 \\( \\mathrm{T} / 4 \\) 의 전원주기에 대하여 구하면 될 것이다. 만일 fsw=nf0라고 한다면 \\( 1 / 4 \\) 전원주기인 \\( \\mathrm{T} / 4 \\) 의 구간 동안에 \\( \\mathrm{n} / 2 \\) 개의 삼각파 형태의 스위칭리플전류가 존재 하게 되며 그 \\( \\mathrm{k} \\) 번째 구간에서 삼각파전류의 크기는 그림6과 같이 분포한다고 볼 수 있다.</p> <p>따라서 \\( \\mathrm{k} \\) 번째 구간에서 스위칭리플전류의 크기는 식(8) 로부터 정리하면 식(11)로 표현된다.</p> <caption>\\( \\Delta i_{\\max }\\left(\\theta_{k}\\right)=\\frac{V_{d c} T_{s}}{8 L}\\left[1-m_{a}^{2} \\sin ^{2}\\left(\\omega t_{k}\\right)\\right] \\)</caption> <caption>(11)</caption> <p> <caption>\\( =\\frac{V_{d c} T_{s}}{8 L}\\left[1-m_{a}^{2} \\sin ^{2}\\left(\\theta_{k}\\right)\\right] \\)</caption> <p> <caption>단 \\( \\theta_{k}=\\frac{(2 k-1) \\pi}{2 n}, \\mathrm{k}=1,2, \\ldots, \\mathrm{n} / 2 \\).</caption> <p>한편, 계통연계형 단상하프브릿지 인버터의 \\( 1 / 2 \\) 스위칭 주기 내에서 삼각파 리플전류성분의 절대값은 그림7과 같이 묘사할 수 있으며, 이러한 삼각파전류에 대한 실효값은 식(12)와 같이 계산할 수 있다.</p> <caption>\\( I_{r, T s / 4}=\\sqrt{\\left.\\frac{2}{T_{s}}\\left[\\int_{0}^{T_{s}-T_{1}} \\frac{2 \\Delta i_{\\max }}{T_{s}-T_{1}} \\mathrm{~g}\\right)^{2} d t+\\int_{0}^{T_{1}}\\left(\\frac{2 \\Delta i_{\\max }}{T_{1}} \\mathrm{~g}\\right)^{2} d t\\right]} \\) (12)</caption> <p> <caption>\\( =\\Delta i_{\\max } \\sqrt{\\frac{8}{T_{s}}\\left[\\left(\\frac{t^{3}}{3\\left(T_{s}-T_{1}\\right)^{2}}\\right)_{0}^{\\frac{T_{s}-T_{1}}{2}}+\\left(\\frac{t^{3}}{3\\left(T_{1}\\right)^{2}}\\right)_{0}^{\\frac{T_{1}}{2}}\\right]} \\)</caption> <p> <caption>\\( =\\frac{\\Delta i_{\\max }}{\\sqrt{3}} \\)</caption>",
                "context_length": 2119,
                "clue": [
                    {
                        "clue_text": "\\( \\mathrm{ma} \\) 는 인버터의 모듈레이션 인덱스로서 \\( 0<\\omega t<\\pi \\) 의 구간에서 ma에 따른 계통연계형 단상하프브리지 인버터의 \\( \\triangle \\mathrm{ipp} \\) 의 크기는 그림3과 같이 분포된다.",
                        "clue_start": "3",
                        "clue_end": "142"
                    },
                    {
                        "clue_text": "따라서, \\( \\mathrm{ma}=1.0 \\) 일 때 \\( 0<\\omega t<\\pi \\) 의 구간에서 단상 하프 브리지 인버터의 PWM 스위칭에 따르는 필터인덕터 전류의 리플성분은 그림4와 같이 \\( \\pm \\Delta i_{p p} / 2 \\) 로 구획되는 범위 내에서 삼각파의 형태를 이룬다.",
                        "clue_start": "407",
                        "clue_end": "574"
                    },
                    {
                        "clue_text": "실효값은 전류의 극성과 상관없이 크기에만 관련하므로 그림4의 스위칭리플전류의 실효값은 등가적으로 그림5의 리플전류에 대한 실효값과 같다.",
                        "clue_start": "611",
                        "clue_end": "687"
                    },
                    {
                        "clue_text": "리플전류가 \\( 1 / 4 \\) 전원주기에 대하여 대칭성을 가지므로 실효값은 \\( \\mathrm{T} / 4 \\) 의 전원주기에 대하여 구하면 될 것이다.",
                        "clue_start": "695",
                        "clue_end": "781"
                    }
                ],
                "terminology": [
                    {
                        "word": "PWM"
                    },
                    {
                        "word": "PWM 스위칭"
                    },
                    {
                        "word": "계통연계형"
                    },
                    {
                        "word": "계통연계형 단상하프브리지 인버터"
                    },
                    {
                        "word": "단상 하프 브리지 인버터"
                    },
                    {
                        "word": "등가적"
                    },
                    {
                        "word": "리플성분"
                    },
                    {
                        "word": "리플전류"
                    },
                    {
                        "word": "리플전류성분"
                    },
                    {
                        "word": "모듈레이션"
                    },
                    {
                        "word": "모듈레이션 인덱스"
                    },
                    {
                        "word": "브리지 인버터"
                    },
                    {
                        "word": "삼각파"
                    },
                    {
                        "word": "삼각파전류"
                    },
                    {
                        "word": "스위칭"
                    },
                    {
                        "word": "스위칭 주기"
                    },
                    {
                        "word": "스위칭리플전류"
                    },
                    {
                        "word": "전류"
                    },
                    {
                        "word": "전원주기"
                    },
                    {
                        "word": "절대값"
                    },
                    {
                        "word": "필터인덕터"
                    },
                    {
                        "word": "필터인덕터 전류"
                    },
                    {
                        "word": "하프 브리지"
                    },
                    {
                        "word": "하프 브리지 인버터"
                    }
                ]
            },
            {
                "context_id": "55e-0c9-e2886dad-edc5-4763-943a-fbbf5d3b5e0c",
                "context_K-NSCC": {
                    "field": "인공물",
                    "large_category": "ED",
                    "medium_category": "08"
                },
                "context": "<p>본 논문에서는 단상하프브릿지 구조를 갖는 계통연계형 전압형 PWM 인버터에서 필터인덕턴스의 크기와 스위칭 리플율 간의 관계를 분석하고, 주어진 스위칭 리플율을 만족하는 필터인덕터의 설계방법을 제안한다. 시뮬레이션 및 실험을 통하여 제안된 설계방법의 타당성을 검증한다.</p> <h1>2. 리플전류 해석</h1> <h2>\\( 2.1 \\) 필터인덕터의 전압과 전류</h2> <p>단상하프브릿지 인버터를 사용한 계통연계용 인버터의 토폴로지는 그림1과 같다. 여기서 그리드전압 \\( \\mathrm{ea} \\) 는 이상적인 정현파로 가정한다.</p> <p>해석의 편의를 위하여 그림1에서 필터인덕터를 통해 계통에 주입되는 전류의 기본파성분이 영이라고 가정 한다. 따라서 필터인덕터에 걸리는 전압의 기본파성분도 0 이 되어야 하므로;</p> <caption>\\( v_{L 1}=v_{O 1}-e_{a}=0 \\) (4)</caption> <p>단상하프브릿지 PWM 인버터의 출력전압 \\( \\mathrm{v} 0 \\) 는 전형적인 바이폴라 PWM 파형으로서 그림2의 상단과 같이 \\( \\mathrm{Vdc} / 2,-\\mathrm{Vdc} / 2 \\) 의 값을 갖는다. 인버터의 스위칭주파수 \\( \\mathrm{fsw} \\) 가 전원주파수 \\( \\mathrm{f} 0 \\) 보다 충분히 크다면, 스위칭주기내에서 인버터 출력전압의 시간평균값 \\( \\mathrm{vAV} \\) 는 일정하다고 볼 수 있다. 또한 식(4)에서 목표한 대로 적절한 제어가 이루어진다면 인버터 출력전압의 시간평균값 \\( \\mathrm{vAV} \\) 는 출력전압 \\( \\mathrm{v} 0 \\) 의 기본파성분 \\( \\mathrm{v} 01 \\) 으로서 그리드전압 \\( \\mathrm{ea} \\) 와 같게 될 것이다.</p> <p>따라서 임의의 스위칭 주기에서 계통연계형 단상하 프브리지인버터의 필터인덕터에 흐르는 전류파형은 그림2의 하단과같은 형태를 갖게 된다. 이때 필터 인덕터를 통하여 흐르는 전류의 PWM스위칭에 따른 리플성분의 최대값 \\( \\triangle \\mathrm{ipp} \\) 는 다음과 같이 정리된다.</p> <caption>\\( \\Delta i_{p p}=2 \\Delta i_{\\max } \\frac{\\left(V_{d c} / 2-v_{A V}\\right)}{L} d_{1} T_{S} \\) (5)</caption> <p>한편, 식(4)의 조건을 단상 하프브릿지 인버터의 토폴로지에 적용하면,</p> <caption>\\( v_{A V}(\\omega t)=V_{d c}\\left(d_{1}(\\omega t)-\\frac{1}{2}\\right)=m_{a} \\frac{V_{d c}}{2} \\sin (\\omega t)=e_{a} \\)</caption>(6)</caption> <p>이 되므로,</p> <caption>\\( d_{1}(\\omega t)=\\frac{1}{2}\\left(m_{a} \\sin (\\omega t)+1\\right) \\) (7)</caption> <p>이어야 한다. 따라서 식(6) 및 식(7)로부터, 식(5)는 다음과 같이 정리된다.</p> <caption>\\( \\Delta i_{p p}(t)=\\frac{V_{d c} T_{s}}{4 L}\\left\\{1-m_{a}^{2} \\operatorname{gin}^{2}(\\omega t)\\right\\} \\) (8)</caption> <p>단 \\( 0<\\omega t<2 \\pi \\)</p> <p>극대/극소 값을 찾기 위하여 \\( d\\left\\{\\Delta i_{p p}(\\theta)\\right\\} / d \\theta=0 \\) 인 조건을 찾으면,</p> <caption>\\( \\sin \\theta g \\cos \\theta=0 \\) (9)</caption> <p>따라서 \\( \\theta=0, \\pi / 2, \\pi \\) 에서 극대/극소 값을 갖으며, 이때 \\( \\Delta i_{p p}(\\theta) \\) 의 값은 \\( (10) \\) 과 같이 계산된다.</p> <caption>\\( \\begin{array}{ll}\\theta=0 \\text { 에서: } & \\Delta i_{p p}(\\theta)=\\frac{V_{d c} T_{s}}{4 L} \\\\ \\theta=\\pi / 2 \\text { 에서: } & \\Delta i_{p p}(\\theta)=\\frac{V_{d c} T_{s}}{4 L}\\left(1-m_{a}^{2}\\right) \\\\ \\theta=\\pi \\text { 에서: } & \\Delta i_{p p}(\\theta)=\\frac{V_{d c} T_{s}}{4 L}\\end{array} \\)</caption> <caption>(10)</caption>",
                "context_length": 2300,
                "clue": [
                    {
                        "clue_text": "본 논문에서는 단상하프브릿지 구조를 갖는 계통연계형 전압형 PWM 인버터에서 필터인덕턴스의 크기와 스위칭 리플율 간의 관계를 분석하고, 주어진 스위칭 리플율을 만족하는 필터인덕터의 설계방법을 제안한다.",
                        "clue_start": "3",
                        "clue_end": "115"
                    },
                    {
                        "clue_text": "시뮬레이션 및 실험을 통하여 제안된 설계방법의 타당성을 검증한다.",
                        "clue_start": "116",
                        "clue_end": "152"
                    },
                    {
                        "clue_text": "단상하프브릿지 PWM 인버터의 출력전압 \\( \\mathrm{v} 0 \\) 는 전형적인 바이폴라 PWM 파형으로서 그림2의 상단과 같이 \\( \\mathrm{Vdc} / 2,-\\mathrm{Vdc} / 2 \\) 의 값을 갖는다.",
                        "clue_start": "468",
                        "clue_end": "593"
                    },
                    {
                        "clue_text": "인버터의 스위칭주파수 \\( \\mathrm{fsw} \\) 가 전원주파수 \\( \\mathrm{f} 0 \\) 보다 충분히 크다면, 스위칭주기내에서 인버터 출력전압의 시간평균값 \\( \\mathrm{vAV} \\) 는 일정하다고 볼 수 있다.",
                        "clue_start": "594",
                        "clue_end": "723"
                    }
                ],
                "terminology": [
                    {
                        "word": "PWM"
                    },
                    {
                        "word": "PWM 인버터"
                    },
                    {
                        "word": "PWM 파형"
                    },
                    {
                        "word": "PWM스위칭"
                    },
                    {
                        "word": "계통연계용"
                    },
                    {
                        "word": "계통연계용 인버터"
                    },
                    {
                        "word": "계통연계형"
                    },
                    {
                        "word": "계통연계형 전압형 PWM 인버터"
                    },
                    {
                        "word": "그리드전압"
                    },
                    {
                        "word": "극대"
                    },
                    {
                        "word": "극소"
                    },
                    {
                        "word": "기본파성분"
                    },
                    {
                        "word": "단상하 프브리지인버터"
                    },
                    {
                        "word": "단상하프브릿지 구조"
                    },
                    {
                        "word": "리플성분"
                    },
                    {
                        "word": "리플율"
                    },
                    {
                        "word": "리플전류"
                    },
                    {
                        "word": "바이폴라"
                    },
                    {
                        "word": "바이폴라 PWM"
                    },
                    {
                        "word": "스위칭"
                    },
                    {
                        "word": "스위칭 리플율"
                    },
                    {
                        "word": "스위칭 주기"
                    },
                    {
                        "word": "스위칭주파수"
                    },
                    {
                        "word": "시간평균값"
                    },
                    {
                        "word": "시뮬레이션"
                    },
                    {
                        "word": "인덕터"
                    },
                    {
                        "word": "인버터 출력전압"
                    },
                    {
                        "word": "전류"
                    },
                    {
                        "word": "전류파형"
                    },
                    {
                        "word": "전압형"
                    },
                    {
                        "word": "전압형 PWM"
                    },
                    {
                        "word": "전압형 PWM 인버터"
                    },
                    {
                        "word": "전원주파수"
                    },
                    {
                        "word": "정현파"
                    },
                    {
                        "word": "최대값"
                    },
                    {
                        "word": "출력전압"
                    },
                    {
                        "word": "토폴로지"
                    },
                    {
                        "word": "파형"
                    },
                    {
                        "word": "필터인덕터"
                    },
                    {
                        "word": "필터인덕턴스"
                    },
                    {
                        "word": "하프브릿지"
                    },
                    {
                        "word": "하프브릿지 인버터"
                    }
                ]
            }
        ]
    }
}