{
    "dataset_info": {
        "identifier": "02-031-002-NL",
        "name": "기술과학 문서 요약 데이터",
        "category": "자연어",
        "last_updated": "2023-08-30"
    },
    "dataset": {
        "doc_id": "034b7f4e-1e1e18f7-9d3c-41a9-a843-69fd8c0575c7",
        "doc_type": "논문",
        "doc_title": {
            "kor": "전압형 PWM 인버터의 새로운 고장 검출 기법",
            "eng": ""
        },
        "doc_category": {
            "KDC": "560.5",
            "DDC": ""
        },
        "doc_number": {
            "ISSN": "1229-2214",
            "ISBN": "",
            "DOI": "",
            "UCI": ""
        },
        "doc_year": "2007",
        "doc_author": [
            "유옥선",
            "박남주",
            "현동석"
        ],
        "doc_publisher": "전력전자학회",
        "doc_license": "CC BY-NC",
        "context_info": [
            {
                "context_id": "55e-0c9-merge_2_034b7f4e-1e1e18f7-9d3c-41a9-a843-69fd8c0575c7_00",
                "context_K-NSCC": {
                    "field": "인공물",
                    "large_category": "ED",
                    "medium_category": "05"
                },
                "context": "<h1>요 약</h1> <p>본 논문에서는 각종 산업분야에서 매우 중요한 전력전자 시스템의 신뢰성을 향상시키기 위헤 전압형 인버터 시스템의 새로운 고장 검출 기법을 제안한다. 제안한 기법은 인버터 시스템의 스위치 고장 발생시에 각 상의 하단 스위치에 나타나는 전압 이상을 검출하여 고장을 판단한다. 시스템의 재구성 방법은 고장이 발생한 상을 양방향 스위치에 의해 직류-링크 중성점과 연결함으로서 4-스위치 구동으로 구성한다. 제안한 고장 검출기법은 간단한 알고리즘으로 구현되며 빠른 고장 검출이 가능하다는 장점을 갖는다. 그러므로 고장 발생 후에도 빠른 시스템 재구성을 통해 연속적인 시스템 운영이 가능하다. 제안한 고장 검출과 고장 허용 시스템의 우수성은 시뮬레이션을 통하여 검증되었다.</p> <h1>1. 서 론</h1> <p>현대 산업은 대형화, 자동화됨으로서 구동시스템의 신뢰성에 대한 중요성이 점차 증가되고 있다. 산업 현장에서 구동 시스템의 고장 발생시 공정 자체가 중단되어 이로 인해 발생되는 피해의 규모는 해아릴수 없게 된다. 본 논문에서는 산업 현장의 많은 응용분야에서 사용되는 전압형 인버터 시스템에서 신뢰도를 향상 시킬 수 있는 고장허용 제어시스템에 대해 연구하였다. 최근에 인버터 시스템에, 대한 고장허용 제어와 관련하여 많은 연구가 이루어지고 있으며 고장의 검출, 고장의 확인 그리고 고장 후 재구성 방법으로 분류되어 많은 논문이 발표되었다. 고장의 검출과 관련하여 전문적인 지식을 기초로 계산된 전압 값과 실제 값을 비교하여 고장을 검출하는 방법, 출력 전압의 고장 발생시 스위치 명령에 의해 추정된 기준값과의 오차를 이용한 검출방법 등 많은 방법들이 제안되었다. 하지만, 이와 같은 방법들은 고장 검출이 복잡하거나 고장을 판단하는데 최소 한 수기 이상 시간이 걸리거나, 명확한 방법이 제시되지 않은 문제점을 가지고 있다. 연속적인 구동을 위해 시스템을 재구성하는 방법에 관하여 추가적인 한 상을 예비로 만드는 방법과 직류링크단의 중성점을 연결하는 방법 등이 있다. 또한, 두 과정을 통합한 괴장 허용 제어에 관한 많은 방법들이 있지만 기존의 방법들에서는 고장의 검출과 확인 및 격리 등을 통합한 고장 허용 제어를 정확하게 구현한 시스템을 찾기는 힘들다.</p> <p>본 논문에서는 전압형 PWM 인버터의 스위치 개방 고장이 발생했을 경우, 이를 간단히 검출하고 식별하는 기법을 제안한다. 인버터 각 상의 하단 스위치에 전압 센서를 사용하여 고장 발생시 측정된 전압을 이용하여 고장 유무를 판별하게 된다. 제안한 기법은 구현이 간단할 뿐 아니라 빠른 고장 판별이 가능하고 노이즈와 부하의 영향을 거의 받지 않는 장점을 갖는다. 재구성 방법은 양방향 스위치를 이용하여 고장이 발생한 상의 격리와 동시에 직류 링크 중성점을 연결함으로서 4-스위치로 구동시키는 방법을 채택하였다. 제안한 기법의 타당성과 우수성은 시뮬레이션을 통하여 나타내었다.</p>",
                "context_length": 1439,
                "clue": [
                    {
                        "clue_text": "본 논문에서는 각종 산업분야에서 매우 중요한 전력전자 시스템의 신뢰성을 향상시키기 위헤 전압형 인버터 시스템의 새로운 고장 검출 기법을 제안한다.",
                        "clue_start": "16",
                        "clue_end": "97"
                    },
                    {
                        "clue_text": "시스템의 재구성 방법은 고장이 발생한 상을 양방향 스위치에 의해 직류-링크 중성점과 연결함으로서 4-스위치 구동으로 구성한다.",
                        "clue_start": "167",
                        "clue_end": "237"
                    },
                    {
                        "clue_text": "제안한 고장 검출과 고장 허용 시스템의 우수성은 시뮬레이션을 통하여 검증되었다.",
                        "clue_start": "341",
                        "clue_end": "385"
                    },
                    {
                        "clue_text": "본 논문에서는 산업 현장의 많은 응용분야에서 사용되는 전압형 인버터 시스템에서 신뢰도를 향상 시킬 수 있는 고장허용 제어시스템에 대해 연구하였다.",
                        "clue_start": "527",
                        "clue_end": "608"
                    }
                ],
                "terminology": [
                    {
                        "word": "PWM"
                    },
                    {
                        "word": "PWM 인버터"
                    },
                    {
                        "word": "개방 고장"
                    },
                    {
                        "word": "검출기법"
                    },
                    {
                        "word": "검출방법"
                    },
                    {
                        "word": "고장 허용 시스템"
                    },
                    {
                        "word": "고장허용"
                    },
                    {
                        "word": "괴장"
                    },
                    {
                        "word": "구동시스템"
                    },
                    {
                        "word": "센서"
                    },
                    {
                        "word": "스위치"
                    },
                    {
                        "word": "스위치 개방"
                    },
                    {
                        "word": "시뮬레이션"
                    },
                    {
                        "word": "신뢰도"
                    },
                    {
                        "word": "신뢰성"
                    },
                    {
                        "word": "알고리즘"
                    },
                    {
                        "word": "인버터 시스템"
                    },
                    {
                        "word": "재구성 방법"
                    },
                    {
                        "word": "전력전자"
                    },
                    {
                        "word": "전력전자 시스템"
                    },
                    {
                        "word": "전압 센서"
                    },
                    {
                        "word": "전압형"
                    },
                    {
                        "word": "전압형 PWM"
                    },
                    {
                        "word": "전압형 PWM 인버터"
                    },
                    {
                        "word": "전압형 인버터"
                    },
                    {
                        "word": "전압형 인버터 시스템"
                    },
                    {
                        "word": "중성점"
                    },
                    {
                        "word": "직류"
                    },
                    {
                        "word": "직류 링크"
                    },
                    {
                        "word": "직류 링크 중성점"
                    },
                    {
                        "word": "직류링크단"
                    },
                    {
                        "word": "출력 전압"
                    }
                ]
            },
            {
                "context_id": "55e-0c9-merge_2_034b7f4e-1e1e18f7-9d3c-41a9-a843-69fd8c0575c7_05",
                "context_K-NSCC": {
                    "field": "인공물",
                    "large_category": "ED",
                    "medium_category": "05"
                },
                "context": "<p>그림 9는 하단 스위치 \\( S_ { 6 } \\)에서 개방 고장을 발생하였 을 때의 전압 파형을 보여준다. 인버터의 하단 스위치 고장시점은 \\( 0.026[ \\mathrm { s } ] \\)이다. 그림 9(a),(b),(c)는 스위치 하단 전압으로서, 정상 모드 시 전압이 상보적으로 \\( \\mathrm { V } _ {\\mathrm { dc } } \\),0의 값을 갖게 되지만, 고장 발생 후에는 그림 9(c)는 \\( 1 / 2 \\) \\( \\mathrm { V } _ {\\mathrm { dc } } \\) 전압을 유지하는 구간이 생긴다. 이러한 전압을 검출함으로써 고장을 판단할 수 있다. 그림 9(d)는 스위치 \\( S_ { 6 } \\) 개방 고장 시 상전류 파형으로써 불 평형 전류가 흐르는 것을 볼 수 있다.</p> <p>그림 10 은 제안한 고장 검출 기법을 적용한 시뮬레이션 결과이다. 그림 10(a)는 상전류 파형을 보여주고 있다. 고장 발생 후 C상 상전류가 불평형 전류가 되는 것을 볼 수 있다. 그림 10(b)는 고장 발생시점과 고장 검출 시점을 각각 보여준다. 고장 발생 시점은 \\( 0.026[ \\mathrm { s } ] \\)이고 고장 검출은 \\( 2.7[ \\mathrm { ~ms } ] \\)가 걸린다. 그림 9에서 보여준 것처럼 \\( V_ { c N } \\) 전압은 \\( 1 / 2 \\mathrm { ~V } _ {\\mathrm { dc } } \\) 값이 나타나고 이것을 이용하여 제안한 기법을 통해 고장을 검출 할 수 있다. 여기서 주목해야할 것은 검출시간은 약 \\( 2.7[ \\mathrm { ~ms } ] \\) 이다. 따라서 제안한 기법을 이용했을 경우 빠른 고장 검출을 수행할 수 있다.</p> <p>그림 11은 스위치 \\( S_ { 5 } \\) 에 고장이 발생하였을 때 상전류 파형이다. 고장 발생이후 C상의 전류는 0으로 감소 하는 것을 볼 수 있다. 그림 11(b)은 고장 검출 후, 재구성 과정을 통한 4-스위치 구동 시 전류 파형이다. 전류 파형에서 볼 수 있듯이, 고장 검출과 재구성 과정이 거의 실시간으로 이루어져 일정한 출력이 계속 유지된다.</p> <h1>8. 결 론</h1> <p>본 논문에서는 전압형 인버터 스위치에 개방된 고장이 발생하여도 전압센서를 이용하여 고장을 빠르게 검출하여 시스템의 연속동작이 가능하게 하는 고장 허용 시스템을 구성하였다. 제안한 고장 검출 기법은 구현이 간단하고, 부하에 독립적인 장점을 갖는다. 또한 고장 검출이 실시간으로 이루어져서 고장 발생 후 인버터 재구성을 통한 4-스위치 구동으로 즉시 고장에 대처할 수 있다. 고장 허용 시스템의 타당성은 시뮬 레이션을 통하여 검증하였다. 제안한 고장허용 시스템은 고장에 대한 신뢰성이 요구되는 응용분야에 적용 시 저가의 비용으로 고장 발생시에도 제어 성능을 유지하여 연속적인 운영을 할 수 있기 때문에 구동 시스템의 신뢰성을 크게 향상 시킬 수 있을 것이다.</p>",
                "context_length": 1455,
                "clue": [
                    {
                        "clue_text": "본 논문에서는 전압형 인버터 스위치에 개방된 고장이 발생하여도 전압센서를 이용하여 고장을 빠르게 검출하여 시스템의 연속동작이 가능하게 하는 고장 허용 시스템을 구성하였다.",
                        "clue_start": "1085",
                        "clue_end": "1180"
                    },
                    {
                        "clue_text": "제안한 고장 검출 기법은 구현이 간단하고, 부하에 독립적인 장점을 갖는다.",
                        "clue_start": "1181",
                        "clue_end": "1222"
                    },
                    {
                        "clue_text": "또한 고장 검출이 실시간으로 이루어져서 고장 발생 후 인버터 재구성을 통한 4-스위치 구동으로 즉시 고장에 대처할 수 있다.",
                        "clue_start": "1223",
                        "clue_end": "1292"
                    }
                ],
                "terminology": [
                    {
                        "word": "dc"
                    },
                    {
                        "word": "개방 고장"
                    },
                    {
                        "word": "고장 허용 시스템"
                    },
                    {
                        "word": "고장허용"
                    },
                    {
                        "word": "불평형 전류"
                    },
                    {
                        "word": "상보적"
                    },
                    {
                        "word": "상전류"
                    },
                    {
                        "word": "상전류 파형"
                    },
                    {
                        "word": "스위치"
                    },
                    {
                        "word": "시뮬레이션"
                    },
                    {
                        "word": "신뢰성"
                    },
                    {
                        "word": "인버터 스위치"
                    },
                    {
                        "word": "전류"
                    },
                    {
                        "word": "전압형"
                    },
                    {
                        "word": "전압형 인버터"
                    },
                    {
                        "word": "전압형 인버터 스위치"
                    },
                    {
                        "word": "정상 모드"
                    },
                    {
                        "word": "파형"
                    },
                    {
                        "word": "평형"
                    },
                    {
                        "word": "평형 전류"
                    }
                ]
            },
            {
                "context_id": "55e-0c9-7b9f2478-278b-4f4e-ac3a-1218eb10c6b5",
                "context_K-NSCC": {
                    "field": "인공물",
                    "large_category": "ED",
                    "medium_category": "05"
                },
                "context": "<h1>3. 고장 분석</h1> <p>그림 2에서, 섹터 5는 C상 전압이 양의 값을 가지고, C상에 양의 전류가 흐르는 영역이다. 이때 C상의 스위치에 개방 고장을 발생시키고, C상의 하단 스위치에 나타나는 이상전압을 이용하여 고장을 검출하게 된다. C상의 상단 스위치 \\( \\left(S_{5}\\right) \\) 와 하단 스위치 \\( \\left(S_{6}\\right) \\) 개방 고장에 따른 고장 검출 기법이 차이가 있는데, 고장 시 모드 분석을 통해 이를 살펴본다.</p> <h2>3.1 하단 스위치 \\( \\left(S_{6}\\right) \\) 개방 고장</h2> <p>그림 3은 공간벡터 섹터 6영역에서의 게이팅 출력 파형과 각 상의 하단 스위치에 나타나는 전압파형을 보여주고 있다. 섹터 5영역은 C상에 항상 양의 전류가 흐르기 때문에 하단 스위치의 역 병렬 다이오드 \\( \\left(D_{6}\\right) \\) 를 통해 패스가 형성되고, 고장에 따른 영향을 받지 않다가 섹터 6영역에서 C상 전압이 음이 되고 지상 전류로 인해 약간의 지연시간을 갖은 후 C상의 전류가 음이 되는 순간 고장의 영향을 받게 된다. 따라서 실제적으로 고장의 영향이 나타나는 섹터 6 영역에서 고장을 분석하게 된다.</p> <p>그림 4는 스위치 \\( S_{6} \\)에 개방 고장 발생시 3상 인버터에서 나타나는 등가 회로를 나타낸다. 개방 고장에 따른 등가회로는 총 9개의 모드로 나눌 수 있다. 이때 A상의 상전류는 양으로 B상의 상전류는 음이 되는 것으로 고려한다.</p> <p>Mode \\( 1\\left(\\mathrm{t}_{0}-\\mathrm{t}_{1}\\right) \\) : 그림 4(a)는 3상의 하단 스위치가 모두 턴 온 되는 구간이다. 그리고 \\( S_{6} \\) 은 고장이 발생하여 턴 온 되지 않는다. 그러나 A상과 C상에 흐르는 양의 상전류는 각각 역 병렬 다이오드 \\( D_{2}, D_{6} \\) 를 통해 흐르기 때문에, 고장의 영향을 받지 않고, B상에는 \\( S_{4} \\)를 통해 음의 전류가 흐르게 된다. 이때 각 상의 하단 스위치 전압은 모두 0이 된다. C상전류는 환류하면서 감소하게 된다.<p>Mode \\( 2\\left(\\mathrm{t}_{1}-\\mathrm{t}_{2}\\right) \\) : 그림 4(b)는 \\( S_{1}, S_{4}, S_{6} \\) 가 턴 온 되는 구간이지만, \\( S_{6} \\) 은 턴 온 되지 않고 있다. A상, B상은 스위치를 통해 파워가 전달이 되지만, C상의 전류는 \\( S_{6} \\) 의 고장으로 인해 계속 환류하면서 0으로 감소하게 된다. 이때 C상의 하단 스위치 전압은 0이 된다.</p> <p>Mode \\( 3\\left(\\mathrm{t}_{2}-\\mathrm{t}_{3}\\right) \\) : 그림 4(c)는 모드 2와 게이트 파형은 같지만, 감소한 C상의 전류가 0이 되면서 C상에는 전류가 흐르지 않는 구간이다. 따라서 C상에는 상단, 하단 스위치에 각각 \\( 1 / 2 \\mathrm{~V}_{\\mathrm{dc}} \\) 전압을 통해 고장을 검출하게 된다.</p> <p>Mode \\( 4\\left(t_{3}-t_{4}\\right) \\) : 그림 4(d)는 \\( S_{1}, S_{4}, S_{5} \\) 가 턴 온 되는 구간이다. 고장을 발생시킨 스위치 \\( \\mathrm{S}_{6} \\) 은 턴 오프 되며, \\( S_{5} \\) 가 턴 온 됨으로 인해 C상에 양의 전류가 흐르기 시작한다. 따라서 C상의 전압은 \\( \\mathrm{V}_{\\mathrm{dc}} \\) 가 된다.</p> <p>Mode \\( 5\\left(t_{4}-t_{5}\\right) \\) : 그림 4(e)는 각 상의 상단 스위치가 모두 턴 온 되어 환류 하는 구간이다. 이때 세 상의 하단 스위치 전압은 모두 \\( \\mathrm{V}_{\\mathrm{dc}} \\) 가 되며, C상에는 양의 전류가 흐른다.</p> <p>Mode \\( 6\\left(\\mathrm{t}_{5}-\\mathrm{t}_{6}\\right) \\) : 그림 4(f)는 \\( S_{3} \\)은 턴 오프 되고, \\( S_{4} \\)가 턴 온 되는 구간이다. 이때 각 상의 하단 스위치 전압은 각각 \\( \\mathrm{V}_{\\mathrm{dc}}, 0, \\mathrm{~V}_{\\mathrm{dc}} \\) 가 되며, C상의 전류는 양이다.</p> <p>Mode \\( 7\\left(\\mathrm{t}_{6}-\\mathrm{t}_{7}\\right) \\) : 그림 4(g)는 \\( S_{5} \\)가 턴 오프 되며, \\( S_{6} \\)가 턴 온 되는 구간이다. 그러나 \\( S_{6} \\)이 고장으로 인해 턴 온 되지 않고, 양의 C상전류는 역 병렬 다이오드 \\( D_{6} \\) 을 통해 흐르면서 감소하게 된다. 따라서 C상의 하단 스위치 전압은 0이 된다.</p> <p>Mode \\( 8\\left(\\mathrm{t}_{7}-\\mathrm{t}_{8}\\right) \\) : 그림 4(f)는 감소한 C상의 전류가 0이 됨으로 인해 C상에는 모드 3과 같이 다시 상단, 하단 스위치에 각각 \\( 1 / 2 \\mathrm{~V}_{\\mathrm{dc}} \\) 가 걸리게 된다.</p> <p>Mode \\( 9\\left(\\mathrm{t}_{8}-\\mathrm{t}_{9}\\right) \\) : 그림 4(i)는 한 주기의 마지막 모드로써, 3상의 하단 스위치가 모두 턴 온 되는 것에 의하여 환류 되지만 \\( S_{6} \\)은 고장으로 인해 턴 오프 상태이다. 따라서 A,B상에 충전되어 있던 에너지가 방전 하면서, C상에는 역 병렬 다이오드 \\( D_{6} \\) 을 통해 양의 전류가 흐르게 되고 C상의 스위치 하단 전압은 0이 된다.</p>",
                "context_length": 2823,
                "clue": [
                    {
                        "clue_text": "그림 2에서, 섹터 5는 C상 전압이 양의 값을 가지고, C상에 양의 전류가 흐르는 영역이다.",
                        "clue_start": "21",
                        "clue_end": "73"
                    },
                    {
                        "clue_text": "이때 C상의 스위치에 개방 고장을 발생시키고, C상의 하단 스위치에 나타나는 이상전압을 이용하여 고장을 검출하게 된다.",
                        "clue_start": "74",
                        "clue_end": "140"
                    },
                    {
                        "clue_text": "섹터 5영역은 C상에 항상 양의 전류가 흐르기 때문에 하단 스위치의 역 병렬 다이오드 \\( \\left(D_{6}\\right) \\) 를 통해 패스가 형성되고, 고장에 따른 영향을 받지 않다가 섹터 6영역에서 C상 전압이 음이 되고 지상 전류로 인해 약간의 지연시간을 갖은 후 C상의 전류가 음이 되는 순간 고장의 영향을 받게 된다.",
                        "clue_start": "387",
                        "clue_end": "571"
                    },
                    {
                        "clue_text": "따라서 실제적으로 고장의 영향이 나타나는 섹터 6 영역에서 고장을 분석하게 된다.",
                        "clue_start": "572",
                        "clue_end": "617"
                    },
                    {
                        "clue_text": "3.1 하단 스위치 \\( \\left(S_{6}\\right) \\) 개방 고장",
                        "clue_start": "272",
                        "clue_end": "313"
                    }
                ],
                "terminology": [
                    {
                        "word": "3상 인버터"
                    },
                    {
                        "word": "C상 전압"
                    },
                    {
                        "word": "개방 고장"
                    },
                    {
                        "word": "게이트 파형"
                    },
                    {
                        "word": "게이팅"
                    },
                    {
                        "word": "고장 분석"
                    },
                    {
                        "word": "공간벡터"
                    },
                    {
                        "word": "다이오드"
                    },
                    {
                        "word": "등가회로"
                    },
                    {
                        "word": "모드 분석"
                    },
                    {
                        "word": "병렬 다이오드"
                    },
                    {
                        "word": "상전류"
                    },
                    {
                        "word": "스위치"
                    },
                    {
                        "word": "역 병렬 다이오드"
                    },
                    {
                        "word": "이상전압"
                    },
                    {
                        "word": "전류"
                    },
                    {
                        "word": "전압파형"
                    },
                    {
                        "word": "지상 전류"
                    },
                    {
                        "word": "파형"
                    },
                    {
                        "word": "하단 스위치 전압"
                    },
                    {
                        "word": "환류"
                    },
                    {
                        "word": "회로"
                    }
                ]
            },
            {
                "context_id": "55e-0c9-merge_2_034b7f4e-1e1e18f7-9d3c-41a9-a843-69fd8c0575c7_01",
                "context_K-NSCC": {
                    "field": "인공물",
                    "large_category": "ED",
                    "medium_category": "05"
                },
                "context": "<h1>2. 공간벡터 변조법</h1> <p>3상 인버터에서의 공간벡터 변조법(Space Vetor Moulation)은 전류제어 특성이 가장 우수한 것으로 평가되어 벡터제어 시스템에서 일반적인 방법으로 적용되어 왔다. 그림 1은 직류 링크와 6개의 스위칭 소자로 구성된 전형적인 3상 전압형 인버터(VSI : Voltage Source Inverter)를 보여준다.</p> <p>스위치의 상태를 \\( S_ { i } \\)가 On 일 때 \\( S_ { i } ^ { * } = 1, \\mathrm { i } =1,2, \\ldots, 6 \\) 이고 \\( S_ { i } \\) 가 Off 일 때 \\( S_ { i } ^ { * } =0 \\) 로 표현하여 인버터 각 상의 레그(leg)에 대한 스위칭 함수를 수식 (1)과 같이 정의 한다.</p> <p>\\( S_ { a } =S_ { 1 } ^ { * } -S_ { 2 } ^ { * } \\) \\( S_ { b } =S_ { 3 } ^ { * } -S_ { 4 } ^ { * } \\) \\( S_ { c } =S_ { 5 } ^ { * } -S_ { 6 } ^ { * } \\)<caption>(1)</caption></p> <p>PWM 전압원 인버터에서 부하 측 출력 전압을 나타내는 공간 벡터 \\( v(t) \\)는 수식 (2)와 같이 나타낼 수 있다.</p> <p>\\( v(t)= \\frac { 2 } { 3 } \\left [V_ { a s } (t) + V_ { b s } (t) a + V_ { c s } (t) a ^ { 2 } \\right ] \\)<caption>(2)</caption></p> <p>단, 여기서 \\( \\mathrm { a } , \\mathrm { a } ^ { 2 } \\) 은 다음과 같다.</p> <p>\\( a=e ^ { j \\frac { 2 \\pi } { 3 } } = \\cos \\frac { 2 \\pi } { 3 } + j \\sin \\frac { 2 \\pi } { 3 } \\) \\( a ^ { 2 } =e ^ { j \\frac { 4 \\pi } { 3 } } = \\cos \\frac { 4 \\pi } { 3 } + j \\sin \\frac { 4 \\pi } { 3 } \\)<caption>(3)</caption></p> <p>수식 (1)과 같이 스위칭 함수로 표현한 출력 전압의 상전압을 구하여 수식 (2)에 대입하면 6개의 가능한 출럭 전압 상태를 형성하고, 이들을 평면상의 벡터로 도시하면 그림 2와 같고, 각각의 벡터를 양자화하면 수식 (4)으로 표현된다.</p> <p>\\( V_ { k } = \\frac { 2 } { 3 } V_ { d c } \\exp \\left (j(k-1) \\frac {\\pi } { 3 } \\right ), \\quad k=1,2, \\ldots 6 \\) \\( V_ { k } =0, \\quad k=7,8 \\)<caption>(4)</caption></p> <p>그림 2에서 보인 바와 같이 8개의 벡터로 나타낼 수 있는데, 이중에서 6개는 유효한 전압벡터가 되고 나머지 2개는 크기가 0인 영벡터가 된다. 6개의 전압벡터는 복소평면에서 각각 \\( 60 ^ {\\circ } \\) 의 간격으로 배열되며, 각 벡터의 크기는 \\( 2 / 3 \\mathrm { ~V } _ {\\mathrm { dc } } \\) 가 된다.</p>",
                "context_length": 1634,
                "clue": [
                    {
                        "clue_text": "3상 인버터에서의 공간벡터 변조법(Space Vetor Moulation)은 전류제어 특성이 가장 우수한 것으로 평가되어 벡터제어 시스템에서 일반적인 방법으로 적용되어 왔다.",
                        "clue_start": "24",
                        "clue_end": "121"
                    },
                    {
                        "clue_text": "그림 1은 직류 링크와 6개의 스위칭 소자로 구성된 전형적인 3상 전압형 인버터(VSI : Voltage Source Inverter)를 보여준다.",
                        "clue_start": "122",
                        "clue_end": "204"
                    },
                    {
                        "clue_text": "그림 2에서 보인 바와 같이 8개의 벡터로 나타낼 수 있는데, 이중에서 6개는 유효한 전압벡터가 되고 나머지 2개는 크기가 0인 영벡터가 된다.",
                        "clue_start": "1434",
                        "clue_end": "1514"
                    },
                    {
                        "clue_text": "수식 (1)과 같이 스위칭 함수로 표현한 출력 전압의 상전압을 구하여 수식 (2)에 대입하면 6개의 가능한 출럭 전압 상태를 형성하고, 이들을 평면상의 벡터로 도시하면 그림 2와 같고, 각각의 벡터를 양자화하면 수식 (4)으로 표현된다.",
                        "clue_start": "1118",
                        "clue_end": "1250"
                    }
                ],
                "terminology": [
                    {
                        "word": "3상 인버터"
                    },
                    {
                        "word": "3상 전압형 인버터"
                    },
                    {
                        "word": "Inverter"
                    },
                    {
                        "word": "PWM"
                    },
                    {
                        "word": "PWM 전압원 인버터"
                    },
                    {
                        "word": "Space"
                    },
                    {
                        "word": "VSI"
                    },
                    {
                        "word": "Voltage Source"
                    },
                    {
                        "word": "dc"
                    },
                    {
                        "word": "공간벡터"
                    },
                    {
                        "word": "공간벡터 변조법"
                    },
                    {
                        "word": "레그"
                    },
                    {
                        "word": "벡터"
                    },
                    {
                        "word": "벡터제어"
                    },
                    {
                        "word": "벡터제어 시스템"
                    },
                    {
                        "word": "변조법"
                    },
                    {
                        "word": "복소평면"
                    },
                    {
                        "word": "상전압"
                    },
                    {
                        "word": "스위치"
                    },
                    {
                        "word": "스위칭"
                    },
                    {
                        "word": "스위칭 소자"
                    },
                    {
                        "word": "스위칭 함수"
                    },
                    {
                        "word": "양자화"
                    },
                    {
                        "word": "영벡터"
                    },
                    {
                        "word": "전압벡터"
                    },
                    {
                        "word": "전압원"
                    },
                    {
                        "word": "전압원 인버터"
                    },
                    {
                        "word": "전압형"
                    },
                    {
                        "word": "전압형 인버터"
                    },
                    {
                        "word": "직류"
                    },
                    {
                        "word": "출력 전압"
                    },
                    {
                        "word": "함수"
                    }
                ]
            },
            {
                "context_id": "55e-0c9-55396713-2cb0-4f22-94f6-fecaa68afc09",
                "context_K-NSCC": {
                    "field": "인공물",
                    "large_category": "ED",
                    "medium_category": "05"
                },
                "context": "<h1>4. 제안한 고장 검출 알고리즘</h1> <p>인버터가 각각의 모드로 동작하고 있을 때, 하나의 스위치에 고장이 발생하게 된다. 그러므로 하단 스위치 전압들은 순간적으로 변하게 되고, 전압센서를 통해 이를 감지한다. 그림 5는 본 논문에서 제안한 고장 검출 알고리즘 블록도이다. 이는 전압 검출기, 전압 레벨 비교기, 고장 검출기의 3가지로 구성된다.</p> <h2>4.1 전압 검출기</h2> <p>정상적으로 동작하고 있을 때, 각 상의 하단 스위치 전압들은 \\( \\mathrm{V}_{\\mathrm{dc}}\\),0의 값을 가지면서 상보적으로 변하게 된다. 그러므로 동시에 두 전압이 같은 값을 갖는 경우는 발생하지 않는다. 그러나 고장 발생시, 두 전압은 고장이 난 스위치의 위치에 따라 각각 \\( 1 / 2 \\mathrm{~V}_{\\mathrm{cc}} \\) 값을 유지하게 된다. 이 전압들은 고장 검출을 위해 각각 전압 레벨 비교기로 입력된다.</p> <h2>4.2 전압 레벨 비교기</h2> <p>전압 레벨 비교기는 스위치 고장 검출을 위해 미리 정해진 기준 전압들과 비교된다. 측정된 전압들은 고장 검출을 위해 두개의 비교부로 입력되고, 비교부에서 각각 상단, 하단 스위치 고장 검출을 위해 미리 정해진 기준 전압들 (\\( \\mathrm{V}_{\\text {ref(low) }}^{*} \\) , \\( \\mathrm{V}_{\\text {ref(high) }}^{*} \\))과 비교된다. 정상모드 시에는 각각의 비교기에서 나오는 두 개의 출력중 하나만 high가 되고, 고장 시에는 두 개의 출력이 모두 high가 된다. 그러므로 이상 전압이 발생할 경우 NAND 게이트의 출력은 low가 출력된다. 이 출력은 스위치 \\( q_{1} \\) 에 입력 되어 이상전압을 기울기를 갖는 함수로 나타난다.</p> <h2>4.3 고장 검출기</h2> <p>전압 레벨 비교기의 출력은 고장 검출기의 입력으로 들어간다. 검출된 \\( 1 / 2 \\mathrm{~V}_{\\mathrm{dc}} \\) 값은 기울기를 갖는 실시간 함수로 나타내기 위해 스위치 \\( \\mathrm{q}_{1} \\) 를 사용하여 고장함수 \\( f_{r}(t) \\)를 발생시킨다. 발생된 \\( f_{r}(t) \\)는 수식 (4)와 같다.</p> <p>\\( f_{r}(t)=q_{1} V_{D}\\left(1-e^{\\frac{-t}{R_{1} C_{1}}}\\right) \\)<caption>(7)</caption></p> <p>여기서, q1 스위치가 온상태일 때는 1 , 오프 상태일 때는 0의 값을 갖는 스위칭 함수이다. 이 함수는 스위치 \\( q_{1} \\)이 오프하게 되면 \\( \\mathrm{R}_{1} \\mathrm{C}_{1} \\) 시정수에 의해서 기울기를 가 지고 상승하고, 기준전압 \\( F_{r e f} \\) 와 비교한다.</p> <p>그림 6 은 고장 신호 \\( f_{r}(t) \\) 와 기준신호 \\( F_{r e f} \\) 가 비교되 는 파형을 보여주고 있다. \\( \\mathrm{fr}(\\mathrm{t})<\\mathrm{Fref} \\) 이면 정상으로 판단하고 \\( f_{r}(t)>F_{r e f} \\) 이면 \\( \\mathrm{RS} \\) 플립플롭을 셋(set)시켜 스위치 고장을 검출한다. 제안한 고장 검출 이후 인버터 시스템은 중성점과 연결된 양방향 스위치를 턴 온 시켜 시스템을 재구성하게 된다.</p>",
                "context_length": 1679,
                "clue": [
                    {
                        "clue_text": "인버터가 각각의 모드로 동작하고 있을 때, 하나의 스위치에 고장이 발생하게 된다.",
                        "clue_start": "30",
                        "clue_end": "75"
                    },
                    {
                        "clue_text": "그러므로 하단 스위치 전압들은 순간적으로 변하게 되고, 전압센서를 통해 이를 감지한다.",
                        "clue_start": "76",
                        "clue_end": "124"
                    },
                    {
                        "clue_text": "그림 5는 본 논문에서 제안한 고장 검출 알고리즘 블록도이다.",
                        "clue_start": "125",
                        "clue_end": "159"
                    },
                    {
                        "clue_text": "이는 전압 검출기, 전압 레벨 비교기, 고장 검출기의 3가지로 구성된다.",
                        "clue_start": "160",
                        "clue_end": "200"
                    }
                ],
                "terminology": [
                    {
                        "word": "NAND"
                    },
                    {
                        "word": "NAND 게이트"
                    },
                    {
                        "word": "검출기"
                    },
                    {
                        "word": "고장 검출 알고리즘"
                    },
                    {
                        "word": "고장 검출기"
                    },
                    {
                        "word": "고장함수"
                    },
                    {
                        "word": "기울기"
                    },
                    {
                        "word": "기준전압"
                    },
                    {
                        "word": "비교부"
                    },
                    {
                        "word": "상보적"
                    },
                    {
                        "word": "스위치"
                    },
                    {
                        "word": "스위칭"
                    },
                    {
                        "word": "스위칭 함수"
                    },
                    {
                        "word": "시정수"
                    },
                    {
                        "word": "알고리즘"
                    },
                    {
                        "word": "이상전압"
                    },
                    {
                        "word": "인버터 시스템"
                    },
                    {
                        "word": "전압 검출기"
                    },
                    {
                        "word": "전압 레벨"
                    },
                    {
                        "word": "전압 레벨 비교기"
                    },
                    {
                        "word": "전압센서"
                    },
                    {
                        "word": "정상모드"
                    },
                    {
                        "word": "중성점"
                    },
                    {
                        "word": "파형"
                    },
                    {
                        "word": "플립플롭"
                    },
                    {
                        "word": "하단 스위치 고장 검출"
                    },
                    {
                        "word": "함수"
                    }
                ]
            }
        ]
    }
}