{
    "dataset_info": {
        "identifier": "02-031-002-NL",
        "name": "기술과학 문서 요약 데이터",
        "category": "자연어",
        "last_updated": "2023-08-30"
    },
    "dataset": {
        "doc_id": "034b7f4e-1ce70e25-7fde-4cb3-8b06-40fccdef943d",
        "doc_type": "논문",
        "doc_title": {
            "kor": "주문형 IPM을 이용한 엘리베이터용 인버터의 최적화 설계 및 전도 EMI 노이즈 저감",
            "eng": ""
        },
        "doc_category": {
            "KDC": "560.5",
            "DDC": ""
        },
        "doc_number": {
            "ISSN": "1229-2214",
            "ISBN": "",
            "DOI": "",
            "UCI": ""
        },
        "doc_year": "2003",
        "doc_author": [
            "조수억",
            "강필순",
            "김철우"
        ],
        "doc_publisher": "전력전자학회",
        "doc_license": "CC BY-NC",
        "context_info": [
            {
                "context_id": "55e-0c9-04703127-07b8-4015-994f-6d5db7267735",
                "context_K-NSCC": {
                    "field": "인공물",
                    "large_category": "ED",
                    "medium_category": "04"
                },
                "context": "<h1>1. 서 론</h1> <p>전력변환장치의 성능은 그 구성요소인 전력전자 소자의 특성에 의해 크게 좌우된다. 현재 산업전반에 걸쳐 가장 성능이 우수하고 범용적으로 사용되는 전력소자 중의 하나는 IGBT이다. IGBT는 높은 스위칭 주파, 저구동 전류, 중대형 용량의 전력 정격 등의 장점으로 다양한 전력변환 시스템의 주요 소자로 이용되고 있다. 최근에는 기존의 IGBT를 하나의 모듈안에 2개에서 7개까지 집적하고 보호회로 및 게이트 드라이브 회로를 내장한 IPM(Intelligent Power Module)이 개발되어 사용되고 있다. IPM은 전력변환 시스템의 간략한 설계를 가능하게 하고 IGBT 소자간의 배선 인덕턴스를 감소시킬 수 있어 스너버 회로의 정격을 저감시킬 수 있는 장점을 가진다. 그러나 IPM 내부의 IGBT 소자의 고주파 스위칭 동작 중 발생하는 과대한 \\( \\mathrm{dv} / \\mathrm{dt} \\)로 인한 노이즈 발생은 여전히 심각한 문제로 대두되고 있으며 관련된 국제 EMI/EMC 규격 역시 엄격해지고 있는 실정이다. 이러한 종류의 노이즈를 저감하기 위하여 IGBT 게이트 드라이브에 부가적인 회로를 추가하여 스위칭 손실의 과대한 증가 없이 \\( \\mathrm{dv} / \\mathrm{dt} \\) 및 \\( \\mathrm{di} / \\mathrm{dt} \\)를 감소하는 연구가 진행되었다. 노이즈 저감의 대표적인 방법은 IGBT의 턴-온과 턴-오프시의 게이트 저항을 달리하여 노이즈를 저감하는 방법이다. 이 방법은 IGBT 특성상 일정한 컬렉터(collector) 전류가 흐르고 일정 기간 후에 급속하게 감소하는 점으로부터 착안한 방법으로 일정한 컬렉터 전류가 흐르는 동안은 낮은 게이트 저항으로 구동하여 게이트 턴-온 전압 구간을 짧게 하고 컬렉터 전류가 급속하게 감소하여 환류 다이오드로 흐르는 구간에서는 높은 게이트 저항으로 구동하여 과대한 스위칭 손실의 증가 없이 \\( \\mathrm{dv} / \\mathrm{dt} \\) 및 \\( \\mathrm{di} / \\mathrm{dt} \\)의 감소를 꾀하였다. 또한 게이트 구동 회로에 부가적인 회로를 삽입하여 게이트의 충·방전 시간을 조절하여 \\( \\mathrm{di} / \\mathrm{dt} \\)를 감소시키는 방법이 연구되었다. 그러나 기존의 해결 방법들은 게이트 구동 회로의 구성이 복잡해지는 단점을 가진다. 따라서 본 논문에서는 부가적인 회로의 추가 없이 IPM 내부의 IGBT 게이트 저항 값을 시스템에 최적화된 값으로 선정하여 \\( \\mathrm{dv} / \\mathrm{dt} \\) 및 \\( \\mathrm{di} / \\mathrm{dt} \\)를 감소시켜 이로 인한 전도 EMI 노이즈를 저감하고자 한다. IGBT의 경우 스위칭 손실과 스위칭 시에 발생하는 스파이크 전압 \\( (\\mathrm{dv} / \\mathrm{dt}) \\) 은 상호보완적인 관계로 주어진다. 엘리베이터 시스템에 적용시킬 전력변환장치의 개발자는 시스템이 요구하는 전력변환장치의 수명과 시스템의 노이즈 내량을 알 수 있기 때문에 게이트 저항을 시스템이 요구하는 전력변환장치의 수명과 노이즈 양으로 최적화 하여 전력변환 장치를 설계한다면 부가적인 회로 없이 \\( \\mathrm{dv} / \\mathrm{dt} \\) 및 \\( \\mathrm{di} / \\mathrm{dt} \\) 저감에 따른 노이즈 저감이 가능하게 된다.</p> <p>본 논문에서는 시스템에 적용될 IPM의 게이트 저항의 최적화 여부를 판단하기 위해서 스파이크 전압 및 전동기 서지 전압, 스위칭 손실에 따른 온도 변화 등의 상호 관계를 시뮬레이션과 실험을 통하여 분석한다. 결과적으로 최적화된 게이트 저항이 삽입된 주문형 IPM을 적용한 시스템에서는 전도 EMI 노이즈가 표준 IPM을 이용한 시스템과 비교하여 특정 주파수 대역에서 약 \\( 5 \\sim 10[\\mathrm{~dB} \\mu \\mathrm{V}] \\) 저감됨을 확인할 수 있다.</p>",
                "context_length": 1953,
                "clue": [
                    {
                        "clue_text": "전력변환장치의 성능은 그 구성요소인 전력전자 소자의 특성에 의해 크게 좌우된다.",
                        "clue_start": "19",
                        "clue_end": "63"
                    },
                    {
                        "clue_text": "엘리베이터 시스템에 적용시킬 전력변환장치의 개발자는 시스템이 요구하는 전력변환장치의 수명과 시스템의 노이즈 내량을 알 수 있기 때문에 게이트 저항을 시스템이 요구하는 전력변환장치의 수명과 노이즈 양으로 최적화 하여 전력변환 장치를 설계한다면 부가적인 회로 없이 \\( \\mathrm{dv} / \\mathrm{dt} \\) 및 \\( \\mathrm{di} / \\mathrm{dt} \\) 저감에 따른 노이즈 저감이 가능하게 된다.",
                        "clue_start": "1440",
                        "clue_end": "1675"
                    }
                ],
                "terminology": [
                    {
                        "word": "EMI"
                    },
                    {
                        "word": "EMI 노이즈"
                    },
                    {
                        "word": "EMI/EMC"
                    },
                    {
                        "word": "IGBT"
                    },
                    {
                        "word": "IGBT 게이트"
                    },
                    {
                        "word": "IGBT 소자"
                    },
                    {
                        "word": "IPM"
                    },
                    {
                        "word": "Intelligent"
                    },
                    {
                        "word": "Module"
                    },
                    {
                        "word": "Power Module"
                    },
                    {
                        "word": "게이트 구동 회로"
                    },
                    {
                        "word": "게이트 드라이브"
                    },
                    {
                        "word": "게이트 드라이브 회로"
                    },
                    {
                        "word": "게이트 저항"
                    },
                    {
                        "word": "고주파"
                    },
                    {
                        "word": "고주파 스위칭"
                    },
                    {
                        "word": "고주파 스위칭 동작"
                    },
                    {
                        "word": "구동 회로"
                    },
                    {
                        "word": "노이즈 저감"
                    },
                    {
                        "word": "다이오드"
                    },
                    {
                        "word": "대두"
                    },
                    {
                        "word": "드라이브 회로"
                    },
                    {
                        "word": "보호회로"
                    },
                    {
                        "word": "부가적인"
                    },
                    {
                        "word": "부가적인 회로"
                    },
                    {
                        "word": "서지"
                    },
                    {
                        "word": "서지 전압"
                    },
                    {
                        "word": "스너버"
                    },
                    {
                        "word": "스너버 회로"
                    },
                    {
                        "word": "스위칭"
                    },
                    {
                        "word": "스위칭 손실"
                    },
                    {
                        "word": "스위칭 주파"
                    },
                    {
                        "word": "스파이크"
                    },
                    {
                        "word": "스파이크 전압"
                    },
                    {
                        "word": "인덕턴스"
                    },
                    {
                        "word": "전도"
                    },
                    {
                        "word": "전도 EMI 노이즈"
                    },
                    {
                        "word": "전동기"
                    },
                    {
                        "word": "전력 정격"
                    },
                    {
                        "word": "전력변환 시스템"
                    },
                    {
                        "word": "전력변환장치"
                    },
                    {
                        "word": "전력소자"
                    },
                    {
                        "word": "전력전자"
                    },
                    {
                        "word": "전력전자 소자"
                    },
                    {
                        "word": "전류"
                    },
                    {
                        "word": "주문형 IPM"
                    },
                    {
                        "word": "주파수"
                    },
                    {
                        "word": "주파수 대역"
                    },
                    {
                        "word": "컬렉터"
                    },
                    {
                        "word": "컬렉터 전류"
                    },
                    {
                        "word": "턴-온 전압"
                    },
                    {
                        "word": "특정 주파수 대역"
                    },
                    {
                        "word": "환류"
                    },
                    {
                        "word": "환류 다이오드"
                    },
                    {
                        "word": "회로"
                    }
                ]
            },
            {
                "context_id": "55e-0c9-merge_2_034b7f4e-1ce70e25-7fde-4cb3-8b06-40fccdef943d_02",
                "context_K-NSCC": {
                    "field": "인공물",
                    "large_category": "ED",
                    "medium_category": "04"
                },
                "context": "<h1>2. 전력반도체 열손실 계산과정 및 수명과의 관계</h1> <p>본 논문에서는 엘리베이터용 인버터 시스템의 전력 소자인 IPM의 게이트 저항을 시스템에 최적화하여 전도 EMI를 저감하고자 한다. 일반적으로 게이트 저항이 증가할수록 노이즈는 저감되나 스위칭 손실의 증가로 수명은 감소하는 경향이 있다. 따라서 시스템에서 요구하는 수명에 최적화된 게이트 저항을 산정하기 위해서는 증가된 게이트 저항에 의한 스위칭 손실 및 접합부 온도 변화분에 대한 정확한 분석이 선행되어야 한다. IPM에서의 전력 소비는 그림 1 에 나타낸 바와 같이 IGBT의 상전류와 스위칭 시비율을 근거로 하여 계산된다. 그림 1 에 표기된 부하 전류 \\( \\left ( \\mathrm { I } _ {\\text { load } } \\right ) \\)는 전동기 토크 및 속도에 의해 결정되며 시비율(D)은 전동기 및 직류 평활(dc-link)전압에 의해 결정된다.</p> <p>각각의 IGBT에 의해 소비되는 전체 전력은 다음의 순서로 계산할 수 있다.</p>#캡션 (1~11) 수식 화질 저하로 파악하기 힘듦<p>여기서 \\( \\mathrm { P } _ {\\mathrm { t } 1 \\mathrm { sw } } \\)와 \\( \\mathrm { P } _ {\\mathrm { t } 2 \\mathrm { sw } } \\)는 스위치의 스위칭 손실, \\( \\mathrm { P } _ {\\mathrm { t1cn } } \\) 와 \\( \\mathrm { P } _ {\\mathrm { t } 2 \\mathrm { c } n } \\)는 스위치의 도통 손실, 그리고 \\( \\mathrm { P } _ {\\mathrm { d1cn } } \\)와 \\( \\mathrm { P } _ {\\mathrm { d } 2 \\mathrm { cn } } \\) 은 다이오드의 도통 손실을 나타낸다. 여기서 \\( \\mathrm { F } _ {\\mathrm { sw } } \\) 는 스위칭 주파수 \\( [ \\mathrm { Hz } ], \\mathrm { E } _ {\\mathrm { swon } } ( \\mathrm { I } ) \\) 는 스위치의턴-온 손실, 그리고 \\( \\mathrm { E } _ {\\mathrm { swoff } } ( \\mathrm { I } ) \\)는 스위치의 턴-오프 손실 분을 나타낸다. 여기서, \\( \\mathrm { V } _ {\\mathrm { ce } } ( \\mathrm { I } ) \\) (컬렉터-에미터 포화 전압)는 컬렉터 전류의 함수, \\( \\mathrm { V } _ {\\mathrm { F } } ( \\mathrm { I } ) \\) (에미터-컬렉터 포화 전압, 다이오드의 전압강하)는 에미터 전류의 함수, \\( \\mathrm { E } _ {\\mathrm { swon } } ( \\mathrm { I } ) \\)는 스위치 턴-온 에너지 손실로서 컬렉터 전류의 함수, \\( \\mathrm { E } _ {\\mathrm { swoff } } ( \\mathrm { I } ) \\)는 스위치 턴-오프 에너지 손실로서 컬렉터 전류의 함수이다. 그리고 \\( \\mathrm { E } _ {\\mathrm { swon } } ( \\mathrm { I } ) \\) 과 \\( \\mathrm { E } _ {\\mathrm { swoff } } ( \\mathrm { I } ) \\) 는 직류 평활 (dc-link)전압에 비례하여 증가하므로 데이터 북에 제시되는 값에 비례하여 반영하여야 한다.</p>",
                "context_length": 1727,
                "clue": [
                    {
                        "clue_text": "본 논문에서는 엘리베이터용 인버터 시스템의 전력 소자인 IPM의 게이트 저항을 시스템에 최적화하여 전도 EMI를 저감하고자 한다.",
                        "clue_start": "40",
                        "clue_end": "112"
                    },
                    {
                        "clue_text": "일반적으로 게이트 저항이 증가할수록 노이즈는 저감되나 스위칭 손실의 증가로 수명은 감소하는 경향이 있다.",
                        "clue_start": "113",
                        "clue_end": "171"
                    },
                    {
                        "clue_text": "따라서 시스템에서 요구하는 수명에 최적화된 게이트 저항을 산정하기 위해서는 증가된 게이트 저항에 의한 스위칭 손실 및 접합부 온도 변화분에 대한 정확한 분석이 선행되어야 한다.",
                        "clue_start": "172",
                        "clue_end": "270"
                    },
                    {
                        "clue_text": "각각의 IGBT에 의해 소비되는 전체 전력은 다음의 순서로 계산할 수 있다.",
                        "clue_start": "479",
                        "clue_end": "521"
                    }
                ],
                "terminology": [
                    {
                        "word": "EMI"
                    },
                    {
                        "word": "IGBT"
                    },
                    {
                        "word": "IPM"
                    },
                    {
                        "word": "dc-link"
                    },
                    {
                        "word": "load"
                    },
                    {
                        "word": "게이트 저항"
                    },
                    {
                        "word": "다이오드"
                    },
                    {
                        "word": "데이터 북"
                    },
                    {
                        "word": "도통 손실"
                    },
                    {
                        "word": "부하 전류"
                    },
                    {
                        "word": "스위치"
                    },
                    {
                        "word": "스위치 턴-온"
                    },
                    {
                        "word": "스위칭"
                    },
                    {
                        "word": "스위칭 손실"
                    },
                    {
                        "word": "스위칭 시비율"
                    },
                    {
                        "word": "스위칭 주파수"
                    },
                    {
                        "word": "시비율"
                    },
                    {
                        "word": "에미터"
                    },
                    {
                        "word": "에미터 전류"
                    },
                    {
                        "word": "에미터-컬렉터"
                    },
                    {
                        "word": "인버터 시스템"
                    },
                    {
                        "word": "전도"
                    },
                    {
                        "word": "전동기"
                    },
                    {
                        "word": "전동기 토크"
                    },
                    {
                        "word": "전력 소비"
                    },
                    {
                        "word": "전력반도체"
                    },
                    {
                        "word": "전류"
                    },
                    {
                        "word": "접합부 온도"
                    },
                    {
                        "word": "주파수"
                    },
                    {
                        "word": "직류"
                    },
                    {
                        "word": "직류 평활"
                    },
                    {
                        "word": "컬렉터 전류"
                    },
                    {
                        "word": "턴-오프 손실"
                    },
                    {
                        "word": "포화 전압"
                    },
                    {
                        "word": "함수"
                    }
                ]
            },
            {
                "context_id": "55e-0c9-merge_2_034b7f4e-1ce70e25-7fde-4cb3-8b06-40fccdef943d_03",
                "context_K-NSCC": {
                    "field": "인공물",
                    "large_category": "ED",
                    "medium_category": "04"
                },
                "context": "<p>IGBT의 접합부 온도는 그림 2의 열 전도 모델로부터 다음의 식에 의해 표현된다. 여기서, \\( Z_ { c s } \\)는 방열판에 대한 케이스의 써멀임피던스다. 방열판에 대한 접합부의 온도 변화분 \\( \\left ( \\mathrm { d } T_ {\\mathrm { js } } \\right ) \\)은 전력 반도체의 수명과 반비례의 관계이다. 즉 온도 변화 분이 클수록 수명은 짭아지며 온도 변화 분이 작을수록 수명은 길어진다.<split></split><h2>3.3 Spike 전압 및 전동기 서지전압의 비교 분석</h2> <p>그림 9는 노이즈원의 하나인 Spike 전압을 나타낸다. 표준형 IPM의 경우 DC 링크 Spike 전압 실측결과 상승 시간은 137 [ \\( \\mathrm { ns } \\)] 이며, spike 전압은 920 [ \\( \\mathrm { V } \\)]이다. 반면 최적화된 게이트 저항을 사용한 주문형 IPM을 사용한 전력 변환 장치에서는 상승 시간은 249 [ \\( \\mathrm { ns } \\)] 이며, spike 전압은 \\( 824[ \\mathrm { ~V } ] \\)로 DC 링크단의 Spike 전압을 약 \\( 100[ \\mathrm { ~V } ] \\) 저감하였다. DC 링크 spike 전압의 저감은 전도 EMI 노이즈 저감과 전력 반도체의 스트레스를 완화하는 효과를 가진다.</p> <p>전동기 서지 전압의 경우 그림 10 에 보여지는 바와 같이 표준형의 경우 상승 시간이 590[ \\( \\mathrm { ns } \\)]이고, 서지 전압이 1116 [ \\( \\mathrm { V } \\)]이나 주문형 IPM의 경우 상승 시간이 633[ \\( \\mathrm { ns } \\)]이고, 서지 전압이 1072[ \\( \\mathrm { V } \\)]이다. 최적화 된 주문형 IPM의 경우 상승 시간의 증가로 전동기 서지 전압을 약 \\( 40[ \\mathrm { ~V } ] \\) 저감하여 전동기 절연 파괴를 방지하여 신뢰성을 상승시킬 수 있다.</p> <h2>3.4 전도 EMI 노이즈의 비교 측정 및 분석</h2> <p>그림 11은 주문형 IPM을 적용한 엘리베이터용 인버터 시스템을 나타낸다. 주문형 IPM에서의 EMC의 일부인 전도 노이즈는 시스템의 입력측에 LISN을 설치하여 스펙트럼 분석기를 이용하여 측정하였다. 측정시 엘리베이터는 정격 부하가 탑승한 상태호 상승하는 방향으로 구동하였다.</p> <p>그림 12와 그림 13은 표준 IPM과 주문형 IPM의 \\( 150[ \\mathrm { kHz } ] \\sim 1[ \\mathrm { MHz } ], 1[ \\mathrm { MHz } ] \\sim 30[ \\mathrm { MH } ] \\)의 측정 대역에서의 전도 노이즈를 각각 나타낸다. 게이트 저항을 변경하여 표준의 2배로 최적화 한 주문형 IPM의 경우 상기 주파수 대역에서 약 \\( 5 \\sim 10[ \\mathrm { ~dB } \\mu \\mathrm { V } ] \\) 정도 저감됨을 확인할 수 있다.</p> <p>특히 포준형 IPM의 전도 EM 노이즈 대역 중에서 \\( 7.25[ \\mathrm { MHz } ] \\) 대역이 그림 \\( 10( \\mathrm { a } ) \\)의 \\( \\mathrm { DC } \\) 링크단의 Spike 전압 상승시간 \\( 137[ \\mathrm { ~ns } ] \\) 의 영향을 받는다는 것을 알 수 있다. \\( 7.25[ \\mathrm { MHz } ] \\) 대역의 전도 노이즈를 감소시키기 위해 주문형 IPM에서 게이트 저항을 표준의 약 2배 증가시켜 상승시간을 \\( 249[ \\mathrm { ~ns } ] \\)로 변경하면 전도 노이즈 를 약 \\( 10[ \\mathrm { ~dB } \\mu \\mathrm { V } ] \\) 정도 저감시킬 수 있다.</p> <h1>4. 결 론</h1> <p>본 논문에서는 부가적인 회로의 추가 없이 IPM 내부 IGBT의 게이트 저항을 엘리베이터 시스템에 최적화 된 값으로 선정하여 \\( \\mathrm { dv } / \\mathrm { dt } \\) 및 \\( \\mathrm { di } / \\mathrm { dt } \\) 를 감소하고 이로 인한 전도 노이즈를 저감하여 최적화 인버터를 설 계하고 시뮬레이션과 실험을 통하여 타당성을 검토하였다. 결과적으로 수명, 온도 상승을 고려한 게이트 저항 값의 최적 선정을 통해 DC 링크단의 Spike 전압과 전동기 서지 전압의 저감을 이루어 전력 반도체의 스트레스 저감하고 전동기 신뢰성을 향상시켰다. 또한, DC 링크단의 Spike 전압의 상승 시간이 전도 노이즈원의 한 부분임을 실험을 통하여 증명하고 약 \\( 5 \\sim 10 \\) \\( [ \\mathrm { dB } \\mu \\mathrm { V } ] \\) 정도의 전도 노이즈를 저감하였다.</p>",
                "context_length": 2369,
                "clue": [
                    {
                        "clue_text": "방열판에 대한 접합부의 온도 변화분 \\( \\left ( \\mathrm { d } T_ {\\mathrm { js } } \\right ) \\)은 전력 반도체의 수명과 반비례의 관계이다.",
                        "clue_start": "95",
                        "clue_end": "196"
                    },
                    {
                        "clue_text": "반면 최적화된 게이트 저항을 사용한 주문형 IPM을 사용한 전력 변환 장치에서는 상승 시간은 249 [ \\( \\mathrm { ns } \\)] 이며, spike 전압은 \\( 824[ \\mathrm { ~V } ] \\)로 DC 링크단의 Spike 전압을 약 \\( 100[ \\mathrm { ~V } ] \\) 저감하였다.",
                        "clue_start": "445",
                        "clue_end": "622"
                    },
                    {
                        "clue_text": "최적화 된 주문형 IPM의 경우 상승 시간의 증가로 전동기 서지 전압을 약 \\( 40[ \\mathrm { ~V } ] \\) 저감하여 전동기 절연 파괴를 방지하여 신뢰성을 상승시킬 수 있다.",
                        "clue_start": "894",
                        "clue_end": "999"
                    },
                    {
                        "clue_text": "게이트 저항을 변경하여 표준의 2배로 최적화 한 주문형 IPM의 경우 상기 주파수 대역에서 약 \\( 5 \\sim 10[ \\mathrm { ~dB } \\mu \\mathrm { V } ] \\) 정도 저감됨을 확인할 수 있다.",
                        "clue_start": "1367",
                        "clue_end": "1490"
                    },
                    {
                        "clue_text": "본 논문에서는 부가적인 회로의 추가 없이 IPM 내부 IGBT의 게이트 저항을 엘리베이터 시스템에 최적화 된 값으로 선정하여 \\( \\mathrm { dv } / \\mathrm { dt } \\) 및 \\( \\mathrm { di } / \\mathrm { dt } \\) 를 감소하고 이로 인한 전도 노이즈를 저감하여 최적화 인버터를 설 계하고 시뮬레이션과 실험을 통하여 타당성을 검토하였다.",
                        "clue_start": "1900",
                        "clue_end": "2115"
                    }
                ],
                "terminology": [
                    {
                        "word": "DC"
                    },
                    {
                        "word": "DC 링크"
                    },
                    {
                        "word": "DC 링크단"
                    },
                    {
                        "word": "EM"
                    },
                    {
                        "word": "EMC"
                    },
                    {
                        "word": "EMI"
                    },
                    {
                        "word": "EMI 노이즈"
                    },
                    {
                        "word": "IGBT"
                    },
                    {
                        "word": "IPM"
                    },
                    {
                        "word": "LISN"
                    },
                    {
                        "word": "MH"
                    },
                    {
                        "word": "Spike 전압"
                    },
                    {
                        "word": "dv"
                    },
                    {
                        "word": "spike"
                    },
                    {
                        "word": "게이트 저항"
                    },
                    {
                        "word": "노이즈원"
                    },
                    {
                        "word": "링크단"
                    },
                    {
                        "word": "부가적인 회로"
                    },
                    {
                        "word": "서지"
                    },
                    {
                        "word": "서지전압"
                    },
                    {
                        "word": "스트레스"
                    },
                    {
                        "word": "스펙트럼"
                    },
                    {
                        "word": "신뢰성"
                    },
                    {
                        "word": "열 전도"
                    },
                    {
                        "word": "열 전도 모델"
                    },
                    {
                        "word": "인버터 시스템"
                    },
                    {
                        "word": "전도"
                    },
                    {
                        "word": "전도 EMI 노이즈"
                    },
                    {
                        "word": "전도 노이즈"
                    },
                    {
                        "word": "전동기"
                    },
                    {
                        "word": "전력 반도체"
                    },
                    {
                        "word": "전력 변환"
                    },
                    {
                        "word": "절연 파괴"
                    },
                    {
                        "word": "접합부 온도"
                    },
                    {
                        "word": "정격 부하"
                    },
                    {
                        "word": "주문형 IPM"
                    },
                    {
                        "word": "주파수"
                    },
                    {
                        "word": "주파수 대역"
                    },
                    {
                        "word": "측정 대역"
                    },
                    {
                        "word": "표준형 IPM"
                    },
                    {
                        "word": "회로"
                    }
                ]
            }
        ]
    }
}