{
    "dataset_info": {
        "identifier": "02-031-002-NL",
        "name": "기술과학 문서 요약 데이터",
        "category": "자연어",
        "last_updated": "2023-08-30"
    },
    "dataset": {
        "doc_id": "034b7f4e-651c65b7-fc33-44b2-9242-eddfceb49625",
        "doc_type": "논문",
        "doc_title": {
            "kor": "연료전지 Simulator에 의한 PWM 컨버터/인버터 구동시스템에 관한 연구",
            "eng": ""
        },
        "doc_category": {
            "KDC": "560.5",
            "DDC": ""
        },
        "doc_number": {
            "ISSN": "1229-2214",
            "ISBN": "",
            "DOI": "",
            "UCI": ""
        },
        "doc_year": "2004",
        "doc_author": [
            "T.W. Lee",
            "S.J. Jang",
            "J.T. Kim",
            "J.S. Gu",
            "C.Y. Won",
            "C.H. Kim"
        ],
        "doc_publisher": "전력전자학회",
        "doc_license": "CC BY-NC",
        "context_info": [
            {
                "context_id": "55e-0c9-merge_2_034b7f4e-651c65b7-fc33-44b2-9242-eddfceb49625_04",
                "context_K-NSCC": {
                    "field": "인공물",
                    "large_category": "ED",
                    "medium_category": "05"
                },
                "context": "<h1>3 시뮬레이션 및 실험 결과</h1> <h2>3.1 시뮬레이션</h2> <p>연료전지 발전시스템을 구현하는데 사용한 툴은 전력전자분야 전용으로 개발된 PSIM 6.0이다. 각각의 제어기 및 세부적인 회로 구성은 subcircuit을 이용하였다.</p> <p>그림 9는 연료전지 시뮬레이터에 대한 회로도를 나타내었으며, 교류 \\( 220[ \\mathrm { Vac } ] \\) 전압을 입력 받아 다이오드 정류기를 통하여 정류된 \\( 311[ \\mathrm { Vdc } ] \\) 전압을 벅 컨버터를 이용하여 출력 전압을 \\( 39 \\sim 60[ \\mathrm { Vdc } ] \\) 로 출럭한다.</p> <p>그림 10은 연료전지 시뮬레이터의 제어기 회로로써 PI제어기로 구성 되어있다. 출력 전압 및 출력 전류를 검출하여 각각 Ohmic 모드와 Activation 모드로 동작한다.</p> <p>그림 11은 시뮬레이션으로 측정된 연료전지 시뮬레이터의 V-I 특성곡선을 나타낸다.</p> <p>본 연구에서 제작된 시뮬레이터는 Activation 영역과 Ohmic 영역에서 동작할 수 있도록 설계하였고, 시뮬레이션 결과를 통해 Ohmic 영역에서의 연료전지 특성을 잘 나타내고 있음을 알 수 있다.</p> <p>또한 그림 4와 같은 연료전지 단위셀의 V-I 특성곡선과 동일한 특성을 나타내고 있음을 확인하였다.</p> <p>그림 12는 연료전지 발전시스템 전체 시뮬레이션 회로를 나타내고 있다.</p> <p>그림 13은 풀 브리지 컨버터의 변압기 1차측 권선전압, 2차측 정류 다이오드 전압, 인턱터 전류를 보여준다.</p> <p>그림 14는 단상 풀 브리지 인버터의 시뮬레이션 출력 전압 및 전류 파형을 나타낸다.</p> <p>시뮬레이션 결과로부터 연료전지 시뮬레이터, 승압용 풀 브리지 컨버터, 풀 브리지 인버터가 안정적으로 제어되고 있음을 확인할 수 있다.</p> <h2>3.2 실험 결과</h2> <p>그림 15는 실험에 사용된 시뮬레이터의 실제 구성을 보이고 있으며, 그림 16은 실험에 의해 측정 된 시뮬레이터의 V-I 특성 곡선을 보여준다.</p> <p>연료전지 시뮬레이터는 부하 변동에 의해 Activation 영역, Ohmic 영역, Concentration 영역에서 안정적인 출력을 내고 있음을 V-I 특성 곡선을 통해 확인할 수 있다.</p> <p>본 논문에서 제안한 시뮬레이터를 연료전지 발전시스템에 적용하기 위하여 시뮬레이션과 실험과정을 수행하였으며 그 결과가 동일함을 확인하였다.</p> <p>그림 17은 연료전지 시뮬레이터의 출력전압을 입력으로 하는 풀 브리지 컨버터의 고주파 변압기 1차측 전압을 나타낸다.</p> <p>그림 18은 고주파변압기의 1차 측 권선에 흐르는 전류를 측정한 파형이며, 파형의 0[A] 부근에서 발생한 링잉 및 스파이크는 주 스위치가 턴 오프 할 때 \\( d v / d t \\) 로 인해 발생하는 현상이다.</p> <p>그림 19는 2차측 다이오드 전압이며, 2차측의 정류다이오드가 턴 오프 하면서 발생한 것이 고주파변압기를 통해 1차측으로 넘어온 것이다.</p> <p>그림 20은 출력측 인덕터 전류를 나타내고 있다. 간헐적으로 발생한 임의의 스파이크는 벅 컨버터에서 스위칭으로 인해 발생한 전류의 스파이크가 여과 없이 풀 브리지 2차측까지 영향을 주게 된다.</p> <p>그림 21은 \\( 3[ \\mathrm { ~kW } ] \\) 저항 부하에서의 풀 브리지 인버터 출력 전압을 나타내고 있다.</p> <p>그림 22는 \\( 3[ \\mathrm { ~kW } ] \\) 저항 부하에서의 풀 브리지 인버터 출력 전류를 나타내고 있으며, 역률1로 잘 제어되고 있음을 확인할 수 있다.</p> <h1>4. 결 론</h1> <p>고효율, 무공해, 다연료 및 열병합 발전이 가능한 연료전지는 미래의 새로운 에너지원으로 기대되고 있다. 본 논문에서는 연료전지 대신에 연료전지용 시뮬레이터, 낮은 전압을 승압하는 DC-DC 컨버터, 가정용에 적합한 교류전원으로 변환하는 인버터를 설계하고 제작하여 다음과 같은 결과를 얻을 수 있었다.</p> <p>1) 연료전지와 유사한 특성을 얻기 위해 TMS320C31 DSP와 벅 컨버터를 사용하여 \\( 3[ \\mathrm { ~kW } ] \\) 급, 직류 \\( 39 \\sim 60 [Vdc] \\)의 출력을 갖는 연료전지 시뮬레이터를 구현하였으며, 연료전지와 동일한 출력 특성을 얻을 수 있었다.</p> <p>2) 인버터에 직류 \\( 380[ \\mathrm { Vdc } \\) 의 전압 공급하기 위해서는 연료전지의 저전압 \\( 39[ \\mathrm { Vdc } ] \\) 를 최고 10배까지 승압할 필요가 있다.</p> <p>따라서 기존의 토포로지 중에서 부품수가 적고 제어가 쉽고 대용량에 적합하며, 고주파 변압기의 권선비를 이용하여 쉽게 승압이 가능한 풀브리지 컨버터를 설계하고 제작하여 실험하였다.</p> <p>또한, 직류를 교류로 변환하기 위해 SPWM스위칭 기법으로 풀 브리지 인버터를 설계하였고, 정현파 출력을 위해 L-C 필터를 사용하였다.</p> <p>3) 가정용 코제너레이션 시스템에 적합한 연료전지 시뮬레이터, 풀 브리지 컨버터 및 인버터 장치를 설계 및 제작하여 실험 하였다.</p> <p>같은 조건으로 PSIM과 Matlab등의 소프트웨어 프로그램으로 시뮬레이션 하여 얻은 결과와 일치하였다.</p> <p>본 연구결과는 향후 가정내 도시가스를 입력으로 사용하는 가정용 연료전지 전력변환장치설계에 응용할 수 있을 것으로 예상된다.</p>",
                "context_length": 2711,
                "clue": [
                    {
                        "clue_text": "고효율, 무공해, 다연료 및 열병합 발전이 가능한 연료전지는 미래의 새로운 에너지원으로 기대되고 있다.",
                        "clue_start": "1838",
                        "clue_end": "1895"
                    },
                    {
                        "clue_text": "본 논문에서는 연료전지 대신에 연료전지용 시뮬레이터, 낮은 전압을 승압하는 DC-DC 컨버터, 가정용에 적합한 교류전원으로 변환하는 인버터를 설계하고 제작하여 다음과 같은 결과를 얻을 수 있었다.",
                        "clue_start": "1896",
                        "clue_end": "2005"
                    },
                    {
                        "clue_text": "1) 연료전지와 유사한 특성을 얻기 위해 TMS320C31 DSP와 벅 컨버터를 사용하여 \\( 3[ \\mathrm { ~kW } ] \\) 급, 직류 \\( 39 \\sim 60 [Vdc] \\)의 출력을 갖는 연료전지 시뮬레이터를 구현하였으며, 연료전지와 동일한 출력 특성을 얻을 수 있었다.",
                        "clue_start": "2013",
                        "clue_end": "2173"
                    },
                    {
                        "clue_text": "2) 인버터에 직류 \\( 380[ \\mathrm { Vdc } \\) 의 전압 공급하기 위해서는 연료전지의 저전압 \\( 39[ \\mathrm { Vdc } ] \\) 를 최고 10배까지 승압할 필요가 있다.",
                        "clue_start": "2181",
                        "clue_end": "2294"
                    },
                    {
                        "clue_text": "본 연구결과는 향후 가정내 도시가스를 입력으로 사용하는 가정용 연료전지 전력변환장치설계에 응용할 수 있을 것으로 예상된다.",
                        "clue_start": "2639",
                        "clue_end": "2707"
                    }
                ],
                "terminology": [
                    {
                        "word": "Activation"
                    },
                    {
                        "word": "Activation 모드"
                    },
                    {
                        "word": "Activation 영역"
                    },
                    {
                        "word": "Concentration"
                    },
                    {
                        "word": "Concentration 영역"
                    },
                    {
                        "word": "DC-DC"
                    },
                    {
                        "word": "DC-DC 컨버터"
                    },
                    {
                        "word": "L-C"
                    },
                    {
                        "word": "L-C 필터"
                    },
                    {
                        "word": "Ohmic"
                    },
                    {
                        "word": "Ohmic 영역"
                    },
                    {
                        "word": "PI제어기"
                    },
                    {
                        "word": "PSIM"
                    },
                    {
                        "word": "TMS320C31"
                    },
                    {
                        "word": "V-I"
                    },
                    {
                        "word": "V-I 특성"
                    },
                    {
                        "word": "V-I 특성곡선"
                    },
                    {
                        "word": "Vdc"
                    },
                    {
                        "word": "subcircuit"
                    },
                    {
                        "word": "가정용 연료전지"
                    },
                    {
                        "word": "고주파"
                    },
                    {
                        "word": "고주파변압기"
                    },
                    {
                        "word": "교류전원"
                    },
                    {
                        "word": "권선비"
                    },
                    {
                        "word": "권선전압"
                    },
                    {
                        "word": "다이오드"
                    },
                    {
                        "word": "다이오드 전압"
                    },
                    {
                        "word": "다이오드 정류기"
                    },
                    {
                        "word": "단상 풀 브리지 인버터"
                    },
                    {
                        "word": "단위셀"
                    },
                    {
                        "word": "링잉"
                    },
                    {
                        "word": "벅 컨버터"
                    },
                    {
                        "word": "변압기"
                    },
                    {
                        "word": "변압기의 권선비"
                    },
                    {
                        "word": "부하 변동"
                    },
                    {
                        "word": "브리지 인버터"
                    },
                    {
                        "word": "브리지 컨버터"
                    },
                    {
                        "word": "소프트웨어"
                    },
                    {
                        "word": "스위치"
                    },
                    {
                        "word": "스위칭"
                    },
                    {
                        "word": "스파이크"
                    },
                    {
                        "word": "승압"
                    },
                    {
                        "word": "승압용 풀 브리지 컨버터"
                    },
                    {
                        "word": "시뮬레이션"
                    },
                    {
                        "word": "시뮬레이션 출력"
                    },
                    {
                        "word": "시뮬레이션 출력 전압"
                    },
                    {
                        "word": "시뮬레이션 회로"
                    },
                    {
                        "word": "시뮬레이터"
                    },
                    {
                        "word": "에너지원"
                    },
                    {
                        "word": "여과"
                    },
                    {
                        "word": "연료전지 단위셀"
                    },
                    {
                        "word": "연료전지 발전시스템"
                    },
                    {
                        "word": "연료전지 시뮬레이터"
                    },
                    {
                        "word": "열병합"
                    },
                    {
                        "word": "열병합 발전"
                    },
                    {
                        "word": "인덕터"
                    },
                    {
                        "word": "인버터 장치"
                    },
                    {
                        "word": "인버터 출력 전류"
                    },
                    {
                        "word": "인버터 출력 전압"
                    },
                    {
                        "word": "인턱터"
                    },
                    {
                        "word": "인턱터 전류"
                    },
                    {
                        "word": "저항 부하"
                    },
                    {
                        "word": "전류"
                    },
                    {
                        "word": "정류"
                    },
                    {
                        "word": "정류 다이오드 전압"
                    },
                    {
                        "word": "정류기"
                    },
                    {
                        "word": "정류다이오드"
                    },
                    {
                        "word": "정현파"
                    },
                    {
                        "word": "정현파 출력"
                    },
                    {
                        "word": "제어기"
                    },
                    {
                        "word": "제어기 회로"
                    },
                    {
                        "word": "직류"
                    },
                    {
                        "word": "출력전압"
                    },
                    {
                        "word": "출력측 인덕터"
                    },
                    {
                        "word": "출력측 인덕터 전류"
                    },
                    {
                        "word": "컨버터"
                    },
                    {
                        "word": "코제너레이션 시스템"
                    },
                    {
                        "word": "토포로지"
                    },
                    {
                        "word": "특성곡선"
                    },
                    {
                        "word": "파형"
                    },
                    {
                        "word": "풀 브리지 인버터"
                    },
                    {
                        "word": "풀브리지"
                    },
                    {
                        "word": "풀브리지 컨버터"
                    },
                    {
                        "word": "필터를"
                    },
                    {
                        "word": "회로"
                    },
                    {
                        "word": "회로 구성"
                    },
                    {
                        "word": "회로도"
                    }
                ]
            },
            {
                "context_id": "55e-0c9-merge_2_034b7f4e-651c65b7-fc33-44b2-9242-eddfceb49625_00",
                "context_K-NSCC": {
                    "field": "인공물",
                    "large_category": "ED",
                    "medium_category": "05"
                },
                "context": "<h1>요 약</h1> <p>본 논문에서는 능동 연료전지 시뮬레이터를 적용한 \\( 3 \\mathrm { ~kW } \\) 급 연료전지 발전시스템을 제안하였다. 제안된 연료전지 시뮬레이터는 실제 고체고분자형 연료전지 (PEMFC)의 출력 전압, 출력 전류특성을 만들어내며, 이러한 전체 시스템의 효율적인 동작과 동특성을 실험하였다.<p>본 논문에서는 제안된 시뮬레이터의 전체적인 구성도와 동작원리를 나타내었고, 연료전지 시스템의 제작 및 설계에 대해서 자세히 다루었다. 또한 제안된 시스템은 시뮬레이션과 실험결과를 통하여 검증하었다.</p> <h1>1. 서 론</h1> <p>최근 급속한 산업 발달과 생활수준의 향상으로 인하여 전력 수요가 점차적으로 증대되고 있다. 이러한 전력수요 급증에 의해 화석연료 의존도가 높은 우리나라의 경우 국제환경 규제에 의한 온실가스 배출량의 감축 및 동결은 바로 산업 활동의 위축을 가져오게 된다. 이에 따라 환경을 국가의 산업생산 활동과 연계시키고자 하는 선진국과의 경쟁에서 많은 어려움이 있을 것으로 예상되고 있다.</p> <p>이에 대한 대책으로 대체 에너지의 개발이 세계적으로 큰 관심이 되고 있다. 이러한 새로운 발전방식 중 비교적 용량이 작은 소규모의 발전설비는 태양광발전(Photovoltaic generation), 풍력발전(Wind-power generation), 연료전지발전(Fuel cell generation) 등이 있다. 그 중 청정에너지로서 많은 주목을 받고 있는 것이 연료전지이다.</p> <p>연료전지를 구동하기 위해서는 연료전지 스택이외에도 탈황기, 개질기 등 여러 가지 장치들이 필요하게 되고, 이를 운전하기 위해 복잡한 제어를 수행하여야 한다. 이러한 것을 구성하여 실험하기가 어렵기 때문에 이를 대신할 연료전지 시뮬레이터가 필요로 하며 이에 대한 연구 사례가 있다.</p> <p>또한, 연료전지는 저전압 대전류의 특성을 지니고 있기 때문에 연료전지 발전시스템에는 연료전지로부터 생성된 전력을 상용전원에 안정하게 공급하기 위해 승압용 컨버터 및 인버터 전력변환 장치가 반드시 필요하게 된다.</p> <p>본 논문에서는 연료전지 대신에 연료전지의 전기적 특성을 갖는 전원장치를 제작하여, 그 출력 전압은 \\(39 \\sim 60[Vdc] \\)의 출력전압을 얻었으며, 이와 함께 풀 브리지 컨버터 및 풀 브리지 인버터 장치를 설계하기 제작하여 가정용 코제너레이션 시스템에 적용 가능함을 확인하였다.</p>",
                "context_length": 1211,
                "clue": [
                    {
                        "clue_text": "이에 대한 대책으로 대체 에너지의 개발이 세계적으로 큰 관심이 되고 있다.",
                        "clue_start": "538",
                        "clue_end": "579"
                    },
                    {
                        "clue_text": "본 논문에서는 능동 연료전지 시뮬레이터를 적용한 \\( 3 \\mathrm { ~kW } \\) 급 연료전지 발전시스템을 제안하였다.",
                        "clue_start": "16",
                        "clue_end": "87"
                    },
                    {
                        "clue_text": "제안된 연료전지 시뮬레이터는 실제 고체고분자형 연료전지 (PEMFC)의 출력 전압, 출력 전류특성을 만들어내며, 이러한 전체 시스템의 효율적인 동작과 동특성을 실험하였다.",
                        "clue_start": "88",
                        "clue_end": "183"
                    },
                    {
                        "clue_text": "본 논문에서는 연료전지 대신에 연료전지의 전기적 특성을 갖는 전원장치를 제작하여, 그 출력 전압은 \\(39 \\sim 60[Vdc] \\)의 출력전압을 얻었으며, 이와 함께 풀 브리지 컨버터 및 풀 브리지 인버터 장치를 설계하기 제작하여 가정용 코제너레이션 시스템에 적용 가능함을 확인하였다.",
                        "clue_start": "1046",
                        "clue_end": "1207"
                    }
                ],
                "terminology": [
                    {
                        "word": "Fuel cell"
                    },
                    {
                        "word": "PEMFC"
                    },
                    {
                        "word": "cell"
                    },
                    {
                        "word": "generation"
                    },
                    {
                        "word": "개질기"
                    },
                    {
                        "word": "고체고분자형"
                    },
                    {
                        "word": "고체고분자형 연료전지"
                    },
                    {
                        "word": "능동 연료전지"
                    },
                    {
                        "word": "대전류"
                    },
                    {
                        "word": "동특성"
                    },
                    {
                        "word": "발전방식"
                    },
                    {
                        "word": "브리지 인버터"
                    },
                    {
                        "word": "브리지 컨버터"
                    },
                    {
                        "word": "산업 활동"
                    },
                    {
                        "word": "상용전원"
                    },
                    {
                        "word": "스택"
                    },
                    {
                        "word": "승압용 컨버터"
                    },
                    {
                        "word": "시뮬레이터"
                    },
                    {
                        "word": "연료전지 발전시스템"
                    },
                    {
                        "word": "연료전지 스택"
                    },
                    {
                        "word": "연료전지 시뮬레이터"
                    },
                    {
                        "word": "연료전지 시스템"
                    },
                    {
                        "word": "연료전지발전"
                    },
                    {
                        "word": "인버터 장치"
                    },
                    {
                        "word": "저전압 대전류"
                    },
                    {
                        "word": "전기적"
                    },
                    {
                        "word": "전력수요"
                    },
                    {
                        "word": "점차적"
                    },
                    {
                        "word": "출력전압"
                    },
                    {
                        "word": "컨버터"
                    },
                    {
                        "word": "코제너레이션 시스템"
                    },
                    {
                        "word": "탈황기"
                    },
                    {
                        "word": "풀 브리지"
                    },
                    {
                        "word": "풀 브리지 인버터"
                    },
                    {
                        "word": "풀 브리지 인버터 장치"
                    },
                    {
                        "word": "풀 브리지 컨버터"
                    }
                ]
            },
            {
                "context_id": "55e-0c9-7053e2d5-2456-4dbc-8bb8-d0720c05ea7c",
                "context_K-NSCC": {
                    "field": "인공물",
                    "large_category": "ED",
                    "medium_category": "05"
                },
                "context": "<p>위의 식에서 구한 코어의 전력의 합 \\( \\Sigma V A \\) 를 식(4)의 코어의 유효단면적과 창면적의 곱인 \\( A_{p} \\) 에 대입하면</p> <p>\\( A_{p}=A_{w} \\cdot A_{e} \\) \\( A_{p}=\\left(\\frac{\\Sigma V A \\times 10^{4}}{K \\Delta B K_{u} K_{t} f_{s} \\sqrt{\\Delta T}}\\right)^{1.14} \\) \\( \\Delta T=40^{\\circ} \\mathrm{C} \\) \\( K_{u}=0.4 \\) \\( K_{t}=50 \\) \\( K=4.88 \\) \\( \\Delta B=0.20[T] \\)<caption>(4)</caption></p> <p>따라서 \\( A_{p}=98.29 \\mathrm{~cm}^{2} \\) 이며, 이 값과 같거나 또는 큰 코어를 찾아보면 TDK사의 PCAO-EC120 코어를 선정할 수 있다. 그리고 이 코어의 단면적 및 창면적의 크기는 다음과 같다.</p> <p>\\( A_{e}=773\\left[\\mathrm{~mm}^{2}\\right] \\) (코어의 단면적) \\( A_{w}=2307\\left[\\mathrm{~mm}^{2}\\right] \\) (코어의 창면적)</p> <p>이를 기본으로 하여 권선 수는 다음의 식 (5), (6)를 통해 구할 수 있다.</p> <p>\\( \\begin{aligned} N_{P} &=\\frac{V_{\\text {in }(\\min )} \\cdot D_{\\max } \\cdot T_{s}}{2 \\cdot \\Delta B \\cdot A_{e}} \\\\ &=\\frac{39 \\times 0.4 \\times 0.066 \\times 10^{-3}}{2 \\times 0.2 \\times 773 \\times 10^{-6}} \\\\ &=3.329 \\end{aligned} \\)<caption>(5)</caption></p> <p>2차측 권선 수는 고주파변압기 효율을 \\( 0.95 \\), 정류다이오드 전압강하를 \\( 2[\\mathrm{V}] \\) 로 가정하여 선정한다.</p> <p>\\( N_{S}=\\frac{V_{o}+V_{F}+V_{L}}{D_{\\max } \\cdot 2 V_{\\text {in }(\\max )}} \\cdot N_{p} \\)<caption>(6)</caption></p> <p>\\( =\\frac{1}{0.95} \\times \\frac{380+2+1}{0.4 \\times 2 \\times 39} \\times 4 \\)\\( =52 \\)</p> <p>따라서 고주파 변압 권선 비는 1차측 4[Turn], 2차측 52[Turn]으로 정한다.</p> <p>최종적으로 고주파 변압기에 사용된 코어의 재질은 페라이트로서 TDK사에서 제작된 PC40 EC120을 사용하고, 권선은 1차측 4[Turn] 2차측 52[Turn]으로 권선비는 1:13으로 정한다.</p> <h3>2.5.2 L-C 필터의 설계</h3> <p>풀브리지 인버터에 사용되는 저역통과 L-C 필터는 PWM 펄스의 고조파를 제거하고 파형의 형태를 정현파로 만들어 주는데 필수적인 것으로 설계 과정은 다음과 같다.</p> <p>먼저 인덕터는 부하의 임피던스에 비해 충분히 작은 값으로 선정하여야 한다. 본 논문에서는 부하임피던스의 \\( 2[\\%] \\) 를 고려하였다.</p> <p>\\( X_{L}=w L \\)<caption>(7)</caption></p> <p>\\( w \\times L=2[\\%] \\times R \\)</p> <p>\\( L=2[\\%] \\times \\frac{R}{w} \\quad \\) (여기서, \\( \\left.w=2 \\pi f\\right) \\)</p> <p>\\( \\therefore L=2[\\%] \\times \\frac{16.13}{2 \\pi \\times 60}=855[\\mu H] \\)</p> <p>커패시터는 인버터의 스위칭 맥동을 충분히 흡수할 정도의 용량이 요구된다.</p> <p>\\( X_{C}=\\frac{1}{(w \\times C)} \\)<caption>(8)</caption></p> <p>\\( 1 /(w \\times C)=10[\\%] \\times R \\)</p> <p>\\( C=1 /(10[\\%] \\times R \\times w) \\)</p> <p>\\( \\begin{aligned} \\therefore C=& 1 /\\left(10[\\%] \\times 16.13 \\times 2 \\pi \\times 4.5 \\times 10^{3}\\right) \\\\ &=21.9[\\mu F] \\end{aligned} \\)</p> <p>최종적으로 시작품에 사용된 저역통과 필터의 \\( L \\) 은 \\( 900[\\mu H] \\) 를 갖는 인덕터를 성층 철심으로 제작하고 \\( C \\) 는 \\( 450[\\mathrm{WV}], 20[\\mu F] \\) 커패시터 1개로 선정하였다.</p>",
                "context_length": 2356,
                "clue": [
                    {
                        "clue_text": "이 값과 같거나 또는 큰 코어를 찾아보면 TDK사의 PCAO-EC120 코어를 선정할 수 있다.",
                        "clue_start": "409",
                        "clue_end": "462"
                    },
                    {
                        "clue_text": "최종적으로 고주파 변압기에 사용된 코어의 재질은 페라이트로서 TDK사에서 제작된 PC40 EC120을 사용하고, 권선은 1차측 4[Turn] 2차측 52[Turn]으로 권선비는 1:13으로 정한다.",
                        "clue_start": "1295",
                        "clue_end": "1405"
                    },
                    {
                        "clue_text": "풀브리지 인버터에 사용되는 저역통과 L-C 필터는 PWM 펄스의 고조파를 제거하고 파형의 형태를 정현파로 만들어 주는데 필수적인 것으로 설계 과정은 다음과 같다.",
                        "clue_start": "1439",
                        "clue_end": "1529"
                    },
                    {
                        "clue_text": "먼저 인덕터는 부하의 임피던스에 비해 충분히 작은 값으로 선정하여야 한다.",
                        "clue_start": "1537",
                        "clue_end": "1578"
                    },
                    {
                        "clue_text": "최종적으로 시작품에 사용된 저역통과 필터의 \\( L \\) 은 \\( 900[\\mu H] \\) 를 갖는 인덕터를 성층 철심으로 제작하고 \\( C \\) 는 \\( 450[\\mathrm{WV}], 20[\\mu F] \\) 커패시터 1개로 선정하였다.",
                        "clue_start": "2219",
                        "clue_end": "2352"
                    }
                ],
                "terminology": [
                    {
                        "word": "L-C"
                    },
                    {
                        "word": "L-C 필터"
                    },
                    {
                        "word": "PWM"
                    },
                    {
                        "word": "PWM 펄스"
                    },
                    {
                        "word": "고조파"
                    },
                    {
                        "word": "고주파"
                    },
                    {
                        "word": "고주파 변압"
                    },
                    {
                        "word": "고주파변압기"
                    },
                    {
                        "word": "권선 수"
                    },
                    {
                        "word": "권선비"
                    },
                    {
                        "word": "맥동"
                    },
                    {
                        "word": "변압기"
                    },
                    {
                        "word": "부하임피던스"
                    },
                    {
                        "word": "스위칭"
                    },
                    {
                        "word": "스위칭 맥동"
                    },
                    {
                        "word": "인덕터"
                    },
                    {
                        "word": "임피던스"
                    },
                    {
                        "word": "저역통과"
                    },
                    {
                        "word": "저역통과 필터"
                    },
                    {
                        "word": "정류다이오드"
                    },
                    {
                        "word": "정현파"
                    },
                    {
                        "word": "창면적"
                    },
                    {
                        "word": "커패시터"
                    },
                    {
                        "word": "코어의 창면적"
                    },
                    {
                        "word": "파형"
                    },
                    {
                        "word": "페라이트"
                    },
                    {
                        "word": "풀브리지"
                    },
                    {
                        "word": "풀브리지 인버터"
                    }
                ]
            },
            {
                "context_id": "55e-0c9-4a57e282-6143-4da3-a16a-b2c4afad07db",
                "context_K-NSCC": {
                    "field": "인공물",
                    "large_category": "ED",
                    "medium_category": "05"
                },
                "context": "<h2>2.3 풀 브리지 컨버터</h2> <p>그림 7은 제어회로를 포함한 풀 브리지 컨버터 시스템 구성도를 보여준다.</p> <p>풀 브리지 컨버터는 연료전지의 낮은 전압을 승압하여 인버터에 공급한다. 그리고 DSP 제어보드에서는 연료전지 출력 전압의 변동에 반응하여 풀 브리지 컨버터의 출력이 일정전압이 되도록 제어한다.</p> <p>따라서 인버터는 연료전지의 전압 변동에 무관하게 일징한 전원을 공급 받을 수 있게 된다.</p> <p>킨버터의 제어기는 TMS320C31를 이용하여 구성하였다. 컨버터의 제어기는 출력전압을 검출하여 제어하고자 하는 기준전압과 비교하고, PI제어기를 거쳐 컨버터를 구성하고 있는 스위치(Power MOSFET)의 게이트 신호를 만들게 된다.</p> <p>또한, 시스템 보호를 위하여 입력전압, 출력전압 및 전류에 대한 과전압, 과전류, 저전압 보호기능을 가진다.</p> <p>표 2는 사용된 풀 브리지 컨버터의 파라미터이다.</p> <h2>2.4 풀 브리지 인버터</h2> <p>풀 브리지 인버터는 풀 브리지 컨버터에 의해 승압된 직류 전압을 단상 교류 전압\\((220[\\mathrm{Vac}], 60[\\mathrm{Hz}]) \\)으로 변환시키는 장치이다. 2.3절의 풀 브리지 컨버터의 출력전압 즉, 풀 브리지 인버터의 입력전압은 연료전지 출력 전압 변동과는 무관하게 일정전압을 유지한다.</p> <p>그림 8은 풀 브리지 인버터 구성도를 나타내고 있으며, 제어부 구성은 PI제어기를 이용하였다.</p> <p>표 3은 풀 브리지 인버터의 파라미터이다.</p> <h2>2.5 고주파 변압기, 인덕터 및 커패시터의 설계</h2> <p>풀 브리지 컨버터에 사용된 승압용 고주파 변압기와 풀 브리지 인버터에 사용된 L-C필터는 다음의 과정을 통해 설계하였다.</p> <h3>2.5.1 고주파 변압기의 설계</h3> <p>고주파 변압기는 연료전지의 저 전압을 직류 \\( 380 \\mathrm{~V} \\)까지 승압하는데 필요하다. 코어의 재질은 TDK사의 PC40 재질을 사용하고 이 코어의 포화자속밀도 \\( B_{s a t} \\)은 \\( 0.45 \\mathrm{~T} \\)이므로 자속밀도 \\( \\Delta B \\)는 \\( 0.2 \\mathrm{~T} \\)로 정한다. \\( D_{\\max } \\)는 최대 시비율로서 0.4로 한다.</p> <p>먼저 코어의 크기 결정을 위해 코어가 자속에 의해 포화되지 않고 1차측의 에너지를 2차측으로 변환해야하는 최대 에너지 양은 다음과 같다.</p> <p>\\( \\begin{aligned} \\Sigma V A &=\\sqrt{\\frac{1+D_{\\max }}{D_{\\max }}+\\frac{\\sqrt{2}}{\\eta}} \\times P_{o} \\\\ &=\\sqrt{\\frac{1+0.4}{0.4}+\\frac{\\sqrt{2}}{0.95}} \\times 3011 \\\\ &=10362 V A \\end{aligned} \\)<caption>(2)</caption></p> <p>여기서 \\( P_{o} \\)은 최종 출력 전력이며, \\( V_{D F} \\)는 다이오드의 순방향 전압 강하로서 \\( 2 \\mathrm{~V} \\)로 정한다.</p> <p>\\( P_{o}=I_{o} \\cdot\\left(V_{o}+V_{D F}\\right)=7.8(380+2) \\)<caption>(3)</caption></p>",
                "context_length": 1653,
                "clue": [
                    {
                        "clue_text": "따라서 인버터는 연료전지의 전압 변동에 무관하게 일징한 전원을 공급 받을 수 있게 된다.",
                        "clue_start": "189",
                        "clue_end": "238"
                    },
                    {
                        "clue_text": "풀 브리지 인버터는 풀 브리지 컨버터에 의해 승압된 직류 전압을 단상 교류 전압\\((220[\\mathrm{Vac}], 60[\\mathrm{Hz}]) \\)으로 변환시키는 장치이다.",
                        "clue_start": "512",
                        "clue_end": "611"
                    },
                    {
                        "clue_text": "풀 브리지 컨버터에 사용된 승압용 고주파 변압기와 풀 브리지 인버터에 사용된 L-C필터는 다음의 과정을 통해 설계하였다.",
                        "clue_start": "822",
                        "clue_end": "889"
                    },
                    {
                        "clue_text": "고주파 변압기는 연료전지의 저 전압을 직류 \\( 380 \\mathrm{~V} \\)까지 승압하는데 필요하다.",
                        "clue_start": "924",
                        "clue_end": "983"
                    }
                ],
                "terminology": [
                    {
                        "word": "DSP"
                    },
                    {
                        "word": "DSP 제어보드"
                    },
                    {
                        "word": "L-C필터"
                    },
                    {
                        "word": "MOSFET"
                    },
                    {
                        "word": "PI제어기"
                    },
                    {
                        "word": "Power MOSFET"
                    },
                    {
                        "word": "TMS320C31"
                    },
                    {
                        "word": "게이트 신호"
                    },
                    {
                        "word": "고주파"
                    },
                    {
                        "word": "고주파 변압기"
                    },
                    {
                        "word": "과전압"
                    },
                    {
                        "word": "다이오드"
                    },
                    {
                        "word": "단상 교류"
                    },
                    {
                        "word": "변압기"
                    },
                    {
                        "word": "브리지 인버터"
                    },
                    {
                        "word": "브리지 컨버터"
                    },
                    {
                        "word": "순방향 전압"
                    },
                    {
                        "word": "순방향 전압 강하"
                    },
                    {
                        "word": "스위치"
                    },
                    {
                        "word": "승압"
                    },
                    {
                        "word": "시비율"
                    },
                    {
                        "word": "연료전지 출력"
                    },
                    {
                        "word": "인덕터"
                    },
                    {
                        "word": "자속"
                    },
                    {
                        "word": "자속밀도"
                    },
                    {
                        "word": "전류"
                    },
                    {
                        "word": "전압 강하"
                    },
                    {
                        "word": "제어기"
                    },
                    {
                        "word": "제어부"
                    },
                    {
                        "word": "제어회"
                    },
                    {
                        "word": "직류"
                    },
                    {
                        "word": "직류 전압"
                    },
                    {
                        "word": "최대 시비율"
                    },
                    {
                        "word": "최종 출력 전력"
                    },
                    {
                        "word": "출력 전력"
                    },
                    {
                        "word": "출력전압"
                    },
                    {
                        "word": "커패시터"
                    },
                    {
                        "word": "컨버터"
                    },
                    {
                        "word": "컨버터 시스템"
                    },
                    {
                        "word": "킨버터"
                    },
                    {
                        "word": "파라미터"
                    },
                    {
                        "word": "포화자속밀도"
                    },
                    {
                        "word": "풀 브리지"
                    },
                    {
                        "word": "풀 브리지 인버터"
                    },
                    {
                        "word": "풀 브리지 컨버터"
                    }
                ]
            },
            {
                "context_id": "55e-0c9-4cff1fe0-d9bc-493c-8eea-9d4c56f49a72",
                "context_K-NSCC": {
                    "field": "인공물",
                    "large_category": "ED",
                    "medium_category": "05"
                },
                "context": "<h1>2. 연료전지발전시스템의 구성</h1> <h2>2.1 연료전지발전시스템의 구성</h2> <p>연료전지는 반응물의 화학에너지를 직접 전기에너지로 변환하는 발전장치이며, 수소 등의 활성을 갖는 물질(LNG, LPG, 메탄올)과 산소를 각각 공기극(산소), 연료극(수소)에 연속적으로 공급함으로서 전기를 얻게 된다.</p> <p>이와 같이 발전된 전압은 저압의 직류 \\( 39 \\sim 60[\\mathrm{Vdc}] \\)이므로 승압용 컨버터를 이용하여 직류380[Vdc]까지 승압하며, 이 직류 전압을 단상 \\( 220[\\mathrm{Vac}] \\) 교류로 변환하여야 가정용 기기에 적용이 가능하다.</p> <p>연료전지 발전시스템은 연료전지 시뮬레이터, 승압용 컨버터 및 인버터로 구성하였다. 각각의 시스템은 가장 보편화 되고 쉅게 적용이 가능한 벅 컨버터, 풀 브리지 컨버터 및 풀 브리지 인버터를 적용하였다.</p> <p>그림 2는 연료전지 발전시스템의 전체 구성도를 나타내고 있다.</p> <h2>2.2 연료전지 시뮬레이터</h2> <p>그림 3은 연료전지 시뮬레이터의 회로도이며, 벅 컨버터를 이용하여 구현하였다.</p> <p>고체고분자형 연료전지의 전압・전류 출력특성곡선을 1차 함수로 간략화 한 형태로 프로그래밍 하여 제어하였다.</p> <p>또한 교류 \\( 220[\\mathrm{Vac}] \\) 를 입력, 직류 \\( 39 \\sim 60[\\mathrm{Vdc}] \\) 로 변환하여 실제 연료전지의 특징과 같은 직류 출력이 나오도록 제작하였다.</p> <p>그림 4는 연료전지 단위셀의 V-I특성 곡선을 보여주고 있다. 실제 연료전지 발전시스템에서의 동작영역은 Ohmic 영역으로써 본 연구에서 제작된 시뮬레이터를 Activation영역과 Ohmic영역에서 동작할 수 있도록 설계하였다.</p> <p>Activation영역에선 일정전압이 출력될 수 있도록하고, Concentration영역은 연료전지의 특성을 파괴하는 영역이기 때문에 일정전류 이상 흐르게 되면 출력이 되지 않도록 제어 하였다.</p> <p>그림 4로부터 Ohmic영역을 1차 함수로 근사화 하여 수식으로 표현하면 식 (1)과 같다.</p> <p>그림 5의 연료전지 시뮬레이터 제어 블록도 에서 출력전압 및 전류를 검출 하여 A/D 컨버터를 통해 DSP(TMS320C31)로 입력되면 연료전지의 V-I 특성 곡선에 해당하는 기준값을 생성하여 D/A컨버터로 출력한다. D/A 컨버터를 통해 출럭되는 아날로그 신호는 스위치를 제어하기위해 PWM 제너레이터 회로의 입력으로 사용된다. PWM 제너레이터 회로의 출력신호는 벅 컨버터의 게이트 신호로 인가되도록 제어하였다.</p> <p>출력전압과 출력전류를 검줄하여 출력전류의 변동범위에 따라 Activation 모드와 Ohmic모드로 동작하도록 연료전지 시뮬레이터를 제어하였다.</p> <p>검출된 전류가 연료전지의 출력특성 중 Activation 영역에서 Ohmic 영역으로 변환되는 지점의 전류(기준 전류) 이하일 경우에는 Activation 모드로 동작하여 일정전압이 출력되도록 제어된다.</p> <p>또한 설정된 기준전류 이상의 경우에는 Ohmic 모드로 동작하도록 제어하게 된다. Ohmic 모드에서는 연료전지의 특성곡선을 1차 함수형태로 간이화한 출력특성을 가지도록 제어한다.</p> <p>그림 6은 DSP 내부 제어 알고리즘의 흐름도를 나타내었다. 전체 제어루프에서 우선적으로 소자 및 시스템을 보호하기 위하여 출력전압 및 출력전류를 검출함과 동시에 과전압, 과전류, 저전압에 대한 소프트웨어 보호기능을 삽입하여 보다 안정적인 동작을 하도록 구현하였다.</p> <p>표 1은 연료전지 시뮬레이터의 파라미터에 대한 정격을 나타내고 있다.</p>",
                "context_length": 1834,
                "clue": [
                    {
                        "clue_text": "연료전지 발전시스템은 연료전지 시뮬레이터, 승압용 컨버터 및 인버터로 구성하였다.",
                        "clue_start": "344",
                        "clue_end": "389"
                    },
                    {
                        "clue_text": "각각의 시스템은 가장 보편화 되고 쉅게 적용이 가능한 벅 컨버터, 풀 브리지 컨버터 및 풀 브리지 인버터를 적용하였다.",
                        "clue_start": "390",
                        "clue_end": "456"
                    },
                    {
                        "clue_text": "그림 4는 연료전지 단위셀의 V-I특성 곡선을 보여주고 있다.",
                        "clue_start": "767",
                        "clue_end": "801"
                    },
                    {
                        "clue_text": "그림 5의 연료전지 시뮬레이터 제어 블록도 에서 출력전압 및 전류를 검출 하여 A/D 컨버터를 통해 DSP(TMS320C31)로 입력되면 연료전지의 V-I 특성 곡선에 해당하는 기준값을 생성하여 D/A컨버터로 출력한다.",
                        "clue_start": "1078",
                        "clue_end": "1200"
                    },
                    {
                        "clue_text": "그림 6은 DSP 내부 제어 알고리즘의 흐름도를 나타내었다.",
                        "clue_start": "1636",
                        "clue_end": "1669"
                    }
                ],
                "terminology": [
                    {
                        "word": "A/D"
                    },
                    {
                        "word": "A/D 컨버터"
                    },
                    {
                        "word": "Activation"
                    },
                    {
                        "word": "Activation 모드"
                    },
                    {
                        "word": "Activation영역"
                    },
                    {
                        "word": "Concentration영역"
                    },
                    {
                        "word": "D/A"
                    },
                    {
                        "word": "D/A 컨버터"
                    },
                    {
                        "word": "DSP"
                    },
                    {
                        "word": "LNG"
                    },
                    {
                        "word": "LPG"
                    },
                    {
                        "word": "Ohmic"
                    },
                    {
                        "word": "Ohmic 모드"
                    },
                    {
                        "word": "Ohmic영역"
                    },
                    {
                        "word": "PWM"
                    },
                    {
                        "word": "PWM 제너레이터 회로"
                    },
                    {
                        "word": "TMS320C31"
                    },
                    {
                        "word": "V-I"
                    },
                    {
                        "word": "V-I 특성"
                    },
                    {
                        "word": "V-I특성 곡선"
                    },
                    {
                        "word": "게이트 신호"
                    },
                    {
                        "word": "고체고분자형"
                    },
                    {
                        "word": "고체고분자형 연료전지"
                    },
                    {
                        "word": "공기극"
                    },
                    {
                        "word": "과전압"
                    },
                    {
                        "word": "기준 전류"
                    },
                    {
                        "word": "내부 제어"
                    },
                    {
                        "word": "단위셀"
                    },
                    {
                        "word": "메탄올"
                    },
                    {
                        "word": "벅 컨버터"
                    },
                    {
                        "word": "브리지 인버터"
                    },
                    {
                        "word": "브리지 컨버터"
                    },
                    {
                        "word": "소프트웨어"
                    },
                    {
                        "word": "수소"
                    },
                    {
                        "word": "스위치"
                    },
                    {
                        "word": "승압"
                    },
                    {
                        "word": "승압용 컨버터"
                    },
                    {
                        "word": "시뮬레이터"
                    },
                    {
                        "word": "알고리즘"
                    },
                    {
                        "word": "연료극"
                    },
                    {
                        "word": "연료전지 단위셀"
                    },
                    {
                        "word": "연료전지 시뮬레이터"
                    },
                    {
                        "word": "연료전지발전시스템"
                    },
                    {
                        "word": "일정전류"
                    },
                    {
                        "word": "전류"
                    },
                    {
                        "word": "제너레이터"
                    },
                    {
                        "word": "제어 블록도"
                    },
                    {
                        "word": "제어루프"
                    },
                    {
                        "word": "직류"
                    },
                    {
                        "word": "직류 전압"
                    },
                    {
                        "word": "직류 출력"
                    },
                    {
                        "word": "출력전류"
                    },
                    {
                        "word": "출력전압"
                    },
                    {
                        "word": "출력특성곡선"
                    },
                    {
                        "word": "컨버터"
                    },
                    {
                        "word": "특성곡선"
                    },
                    {
                        "word": "파라미터"
                    },
                    {
                        "word": "풀 브리지"
                    },
                    {
                        "word": "풀 브리지 인버터"
                    },
                    {
                        "word": "풀 브리지 컨버터"
                    },
                    {
                        "word": "함수"
                    },
                    {
                        "word": "함수형태"
                    },
                    {
                        "word": "회로"
                    },
                    {
                        "word": "회로도"
                    }
                ]
            }
        ]
    }
}