{
    "dataset_info": {
        "identifier": "02-031-002-NL",
        "name": "기술과학 문서 요약 데이터",
        "category": "자연어",
        "last_updated": "2023-08-30"
    },
    "dataset": {
        "doc_id": "034b7f4e-29e25891-6a9f-4590-a029-b79b92bf81f0",
        "doc_type": "논문",
        "doc_title": {
            "kor": "고정자 자속의 해석을 통한 직접 토크 제어 SPMSM의 최대 토크 운전",
            "eng": ""
        },
        "doc_category": {
            "KDC": "560.5",
            "DDC": ""
        },
        "doc_number": {
            "ISSN": "1229-2214",
            "ISBN": "",
            "DOI": "",
            "UCI": ""
        },
        "doc_year": "2014",
        "doc_author": [
            "김상훈"
        ],
        "doc_publisher": "전력전자학회",
        "doc_license": "CC BY-NC",
        "context_info": [
            {
                "context_id": "55e-0c9-887b80af-d72f-47cb-9d50-67e64b5df85b",
                "context_K-NSCC": {
                    "field": "인공물",
                    "large_category": "ED",
                    "medium_category": "06"
                },
                "context": "<h1>2. SPMSM의 운전 영역 해석</h1> <p>먼저 SPMSM 구동 시에 요구되는 전압과 전류 제한 조건에 따른 고정자 쇄교 자속의 운전 가능 범위를 분석해보기로 한다.</p> <h2>2.1 전류 및 전압 제한 조건</h2> <p>전동기의 허용 가능한 최대 고정자 전류를 \\( I_{s \\max } \\)라 주어진 경우, 전동기의 d와 q축 고정자 전류는 좌표계와는 관계없이 항상 식(1)과 같은 제한 조건 내에서 운전될 필요가 있다.</p> <p>\\( i_{d s}^{2}+i_{q s}^{2} \\leqq I_{s \\max }^{2} \\)<caption>(1)</caption></p> <p>이 전류 제한 조건을 SPMSM에 대해 동기 좌표계의 d와 q축 고정자 쇄교 자속 평면상 \\( \\left(\\lambda_{d s}^{r}-\\lambda_{q s}^{r}\\right) \\)에서 표현하기 위하여 SPMSM의 고정자 쇄교 자속 식(2)와 (3)을 전류에 대하여 정리하면 식(4) 및 (5)와 같이 된다.</p> <p>\\( \\lambda_{d s}^{r}=L_{s} i_{d s}^{r}+\\lambda_{p m} \\)<caption>(2)</caption></p> <p>\\( \\lambda_{q s}^{r}=L_{s} i_{q s}^{r} \\)<caption>(3)</caption></p> <p>\\( i_{d s}^{r}=\\frac{\\lambda_{d s}^{r}-\\lambda_{p m}}{L_{s}} \\)<caption>(4)</caption></p> <p>\\( i_{q s}^{r}=\\frac{\\lambda_{q s}^{r}}{L_{s}} \\)<caption>(5)</caption></p> <p>여기서 \\( L_{s} \\)는 고정자 인덕턴스, \\( \\lambda_{p m} \\)은 영구자석의 자속이다. 이 d와 q축 고정자 전류를 식(1)의 전류 제한 조건에 대입하면 전류 제한 조건에 의한 고정자 쇄교 자속의 운전 가능 범위가 다음과 같이 표현된다.</p> <p>\\( \\left(\\lambda_{d s}^{r}-\\lambda_{p m}\\right)^{2}+\\lambda_{q s}^{r 2}=\\left(L_{s} I_{s m a x}\\right)^{2} \\)<caption>(6)</caption></p> <p>이에 따라 고정자 자속의 운전 가능 범위는 그림 3에 보이듯이 중심이 \\( \\left(\\lambda_{p m}, 0\\right) \\)이고 반지름이 \\( L_{s} I_{s m a x} \\)인 원의 내부로 주어진다. 여기서 1 상한이 전동기로 동작 시의 운전 영역이다.</p> <p>이러한 운전가능범위는 운전 주파수와는 관계없고 단지 허용된 전류의 크기 \\( I_{s \\operatorname{max}} \\)에만 의존한다. 그런데 동일한 전류 크기라도 동작 전류의 위상에 따라 고정자 자속의 크기 \\( \\left|\\lambda_{s}\\right| \\)는 달라질 수 있다. 전류 제한 조건으로인한 고정자 자속 크기의 범위는 다음과 같다.</p> <p>\\( \\left|\\lambda_{p m}-L_{s} I_{s \\max }\\right| \\leqq\\left|\\lambda_{s}\\right| \\leqq\\left|\\lambda_{p m}+L_{s} I_{s m a x}\\right| \\)<caption>(7)</caption></p> <p>이 식으로부터 \\( \\lambda_{p m} \\)과 \\( L_{s} I_{s m a x} \\)의 크기 차이에 따라 운전 가능한 최소 자속의 크기가 결정된다는 것을 알 수 있다. 또한 이에 따라 고속 영역의 운전 가능 범위가 달라진다. 고속 운전을 위해서는 고정자 자속의 크기를 감소시켜줄 수 있어야하는데, \\( \\lambda_{p m}-L_{s} I_{s m a x} \\leqq 0 \\)의 경우는 허용된 전류 크기 \\( I_{s \\max } \\) 로 고정자 자속의 크기를 충분히 줄여줄 수 있는 약자속 제어가 가능하게 되어 운전 가능한 최대 속도에 제한이 없게 된다. 그러나 반대로 그림 3에 보이는 \\( \\lambda_{p m}-L_{s} I_{s \\max }>0 \\)의 경우에는 고정자 자속을 줄일 수 있는 한계가 존재하게 되어 운전 가능한 최대 속도에 제한이 있게 된다.</p> <p>전동기가 사용할 수 있는 최대 고정자 전압을 \\( V_{s m a x} \\)라 하면, 전동기의 d과 q축 전압은 언제나 다음과 같은 전압 제한 조건 내에서 제어가 가능하다.</p> <p>\\( v_{d s}^{2}+v_{q s}^{2} \\leqq v_{s \\max }^{2} \\)<caption>(8)</caption></p> <p>여기서 \\( V_{\\operatorname{smax}} \\)는 인버터의 이용 가능한 직류 전압과 적용된 PWM기법에 따라 달라진다. 고정자 저항의 전압강하를 무시한 경우 SPMSM의 정상상태 동기 좌표계 d와 q축 고정자 전압 식은 다음과 같다.</p> <p>\\( v_{d s}^{r} \\approx-\\omega_{r} \\lambda_{q s}^{r} \\)<caption>(9)</caption></p> <p>\\( v_{q s}^{r} \\approx \\omega_{r} \\lambda_{d s}^{r} \\)<caption>(10)</caption></p> <p>여기서 \\( \\omega_{r} \\)은 회전자 속도이다. 이 두 식을 식(8)에 대입하여 고정자 자속에 대하여 정리하면 다음과 같은 전압 제한 조건에 의한 고정자 쇄교 자속의 운전 가능 범위를 얻을 수 있다.</p> <p>\\( \\lambda_{d s}^{r^{2}}+\\lambda_{q s}^{r^{2}}=\\left(\\frac{V_{s \\max }}{\\omega_{r}}\\right)^{2} \\)<caption>(11)</caption></p> <p>이러한 고정자 자속의 운전 가능 범위는 그림 4에 보이는 바와 같이 d와 q축 자속 평면상에서 \\( V_{s \\max } / \\omega_{r} \\)의 반지름을 가진 원의 내부가 된다. 따라서 주어진 고정자 전압 하에서 얻을 수 있는 고정자 자속의 최대 크기 \\( \\left|\\lambda_{s-\\max }\\right|=V_{s \\max } / \\omega_{r} \\) 이다. 그러나 이 크기는 운전 속도 \\( \\omega_{r} \\) 에 따라 달라지는데, 속도가 증가함에 따라 감소한다.</p>",
                "context_length": 3129,
                "clue": [
                    {
                        "clue_text": "먼저 SPMSM 구동 시에 요구되는 전압과 전류 제한 조건에 따른 고정자 쇄교 자속의 운전 가능 범위를 분석해보기로 한다.",
                        "clue_start": "31",
                        "clue_end": "99"
                    },
                    {
                        "clue_text": "전동기의 허용 가능한 최대 고정자 전류를 \\( I_{s \\max } \\)라 주어진 경우, 전동기의 d와 q축 고정자 전류는 좌표계와는 관계없이 항상 식(1)과 같은 제한 조건 내에서 운전될 필요가 있다.",
                        "clue_start": "134",
                        "clue_end": "247"
                    },
                    {
                        "clue_text": "이 식으로부터 \\( \\lambda_{p m} \\)과 \\( L_{s} I_{s m a x} \\)의 크기 차이에 따라 운전 가능한 최소 자속의 크기가 결정된다는 것을 알 수 있다.",
                        "clue_start": "1659",
                        "clue_end": "1757"
                    },
                    {
                        "clue_text": "전동기가 사용할 수 있는 최대 고정자 전압을 \\( V_{s m a x} \\)라 하면, 전동기의 d과 q축 전압은 언제나 다음과 같은 전압 제한 조건 내에서 제어가 가능하다.",
                        "clue_start": "2101",
                        "clue_end": "2197"
                    },
                    {
                        "clue_text": "따라서 주어진 고정자 전압 하에서 얻을 수 있는 고정자 자속의 최대 크기 \\( \\left|\\lambda_{s-\\max }\\right|=V_{s \\max } / \\omega_{r} \\) 이다.",
                        "clue_start": "2956",
                        "clue_end": "3062"
                    }
                ],
                "terminology": [
                    {
                        "word": "PWM기법"
                    },
                    {
                        "word": "SPMSM"
                    },
                    {
                        "word": "q축 전압"
                    },
                    {
                        "word": "고속 영역"
                    },
                    {
                        "word": "고정자"
                    },
                    {
                        "word": "고정자 쇄교 자속"
                    },
                    {
                        "word": "고정자 인덕턴스"
                    },
                    {
                        "word": "고정자 자속"
                    },
                    {
                        "word": "고정자 저항"
                    },
                    {
                        "word": "고정자 전압"
                    },
                    {
                        "word": "동기 좌표계"
                    },
                    {
                        "word": "동작 전류"
                    },
                    {
                        "word": "쇄교"
                    },
                    {
                        "word": "쇄교 자속"
                    },
                    {
                        "word": "약자속"
                    },
                    {
                        "word": "영구자석의 자속"
                    },
                    {
                        "word": "운전 가능 범위"
                    },
                    {
                        "word": "위상"
                    },
                    {
                        "word": "인덕턴스"
                    },
                    {
                        "word": "자속"
                    },
                    {
                        "word": "전동기"
                    },
                    {
                        "word": "전류"
                    },
                    {
                        "word": "전압 식"
                    },
                    {
                        "word": "전압 제한 조건"
                    },
                    {
                        "word": "좌표계"
                    },
                    {
                        "word": "직류"
                    },
                    {
                        "word": "최대 고정자 전류"
                    },
                    {
                        "word": "최대 고정자 전압"
                    },
                    {
                        "word": "회전자"
                    },
                    {
                        "word": "회전자 속도"
                    }
                ]
            },
            {
                "context_id": "55e-0c9-f14398ce-80b4-4da5-b2bd-8ae17388e9b0",
                "context_K-NSCC": {
                    "field": "인공물",
                    "large_category": "ED",
                    "medium_category": "06"
                },
                "context": "<h1>3. SPMSM의 최적 운전점</h1> <p>SPMSM의 직접 토크 제어 시에 고정자 자속의 운전 가능 범위는 앞서 살펴본 전류 제한 조건과 전압 제한조건을 동시에 만족시켜야한다. 이를 만족하는 운전 가능 범위는 전압 제한 조건의 영역이 속도의 함수이므로 속도에 따라 달라지는데, 크게 일정 토크 영역과 일정출력 영역으로 나누어 살펴볼 필요가 있다.</p> <p>각각의 영역에서 직접 토크 제어 시에 최대 토크 운전이 가능하도록 하는 최적의 고정자 자속 운전점은 다음과 같이 구할 수 있다. 그런데 \\( L_{s} I_{s m a x} \\)와 \\( \\lambda_{p m} \\)의 크기에 따라 일정 출력 영역의 범위와 특성이 달라지므로, 먼저 그림 5에 보이는 \\( \\lambda_{p m}-L_{s} I_{s m a x}>0 \\) 경우, 즉 최대 속도의 제한을 갖는 SPMSM에 대해 살펴보기로 한다. 또한 해석은 전동기 동작의 정방향 운전 영역인 1 상한에서만 살펴본다.</p> <h2>3.1 일정 토크 영역</h2> <p>이 영역은 정격속도이하의 속도 범위로서 운전 속도가 크지 않아 통상 전압 제한 영역이 전류 제한 영역을 포함한다. 이것은 전압 제한 조건은 문제되지 않으며, 운전 가능한 고정자 자속의 범위는 단지 허용된 고정자 전류에 의해서만 제한된다는 의미이다.</p> <p>SPMSM의 출력 토크는 고정자 자속의 크기 \\( \\left|\\lambda_{s}\\right| \\)와 고정자 자속과 회전자 자속 사이의 위상차인 부하각 \\( \\delta \\)으로 다음과 같이 나타낼 수 있다.</p> <p>\\( \\begin{aligned} T_{e} &=\\frac{3}{2} \\frac{P}{2} \\frac{1}{L_{s}} \\lambda_{p m}\\left|\\lambda_{s}\\right| \\sin \\delta \\\\ &=\\frac{3}{2} \\frac{P}{2} \\frac{1}{L_{s}} \\lambda_{p m} \\lambda_{q s}^{r} \\end{aligned} \\)<caption>(12)</caption></p> <p>여기서 \\( P \\)는 극수이다. 직접 토크 제어 시에는 고정자 자속의 크기와 부하각으로 토크의 크기를 제어한다.</p> <p>출력 토크를 최대로 하기위해서는 \\( \\left|\\lambda_{s}\\right| \\sin \\delta \\)의 크기를 최대화하는 것이 바람직한데, 이를 위해서는 \\( \\left|\\lambda_{s}\\right| \\sin \\delta \\)는 q축 고정자 자속 \\( \\lambda_{q s}^{r} \\) 이므로 이 자속의 크기를 최대로 설정할 필요가 있다. 이로부터 전류 제한 조건만을 고려하는 경우에 최대 토크가 발생하는 고정자 자속의 크기와 부하각은 그림 5에 보이는 운전점 A이 되며 이 경우의 고정자 자속과 부하각은 다음과 같이 된다.</p> <p>\\( \\lambda_{d s}^{r^{*}}=\\lambda_{p m} \\)<caption>(13)</caption></p> <p>\\( \\lambda_{q s}^{r^{*}}=L_{s} I_{s \\max } \\)<caption>(14)</caption></p> <p>\\( \\left|\\lambda_{s}\\right|^{*}=\\sqrt{\\lambda_{d s}^{r^{*} 2}+\\lambda_{q s}^{r^{*} 2}}=\\sqrt{\\lambda_{p m}^{2}+\\left(L_{s} I_{s m a x}\\right)^{2}} \\)<caption>(15)</caption></p> <p>\\( \\delta^{*}=\\tan ^{-1}\\left(\\frac{\\lambda_{q s}^{*}}{\\lambda_{d s}^{*}}\\right)=\\tan ^{-1}\\left(\\frac{L_{s} I_{s \\max }}{\\lambda_{p m}}\\right) \\)<caption>(16)</caption></p> <p>이 최대 토크 운전점 A에서의 토크는 다음과 같다.</p> <p>\\( T_{e-\\max }=\\frac{3}{2} \\frac{P}{2} \\lambda_{p m} I_{s \\max } \\)<caption>(17)</caption></p> <p>이러한 고정자 자속 지령은 벡터 제어 시에 동손을 최소화하는 MTPA(Maximum Torque Per Ampere)운전과 동일한 결과를 가져온다. 즉, 식(13)과 (14)의 자속 지령는 다음과 같은 고정자 전류 지령을 발생하기 때문이다.</p> <p>\\( \\lambda_{d s}^{r^{*}}=L_{s} r_{d s}^{r^{*}}+\\lambda_{p m}=\\lambda_{p m} \\)<caption>(18)</caption></p> <p>\\( \\lambda_{q s}^{r^{*}}=L_{s} i_{q s}^{r^{*}}=L_{s} I_{\\text {smax }} \\)<caption>(19)</caption></p> <p>\\( i_{d s}^{r^{*}}=0, \\quad i_{q s-\\max }^{r^{*}}=I_{s \\max } \\)<caption>(20)</caption></p> <p>따라서 A점은 SPMSM의 MTPA 운전점이다.</p> <p>이 속도 영역에서는 요구되는 토크 지령에 따라 운전점이 직선 OA내에서 움직이며 이에 따라 q축 자속의 크기와 부하각이 달라진다.</p>",
                "context_length": 2612,
                "clue": [
                    {
                        "clue_text": "SPMSM의 직접 토크 제어 시에 고정자 자속의 운전 가능 범위는 앞서 살펴본 전류 제한 조건과 전압 제한조건을 동시에 만족시켜야한다.",
                        "clue_start": "29",
                        "clue_end": "104"
                    },
                    {
                        "clue_text": "이 영역은 정격속도이하의 속도 범위로서 운전 속도가 크지 않아 통상 전압 제한 영역이 전류 제한 영역을 포함한다.",
                        "clue_start": "523",
                        "clue_end": "586"
                    },
                    {
                        "clue_text": "출력 토크를 최대로 하기위해서는 \\( \\left|\\lambda_{s}\\right| \\sin \\delta \\)의 크기를 최대화하는 것이 바람직한데, 이를 위해서는 \\( \\left|\\lambda_{s}\\right| \\sin \\delta \\)는 q축 고정자 자속 \\( \\lambda_{q s}^{r} \\) 이므로 이 자속의 크기를 최대로 설정할 필요가 있다.",
                        "clue_start": "1105",
                        "clue_end": "1302"
                    },
                    {
                        "clue_text": "이러한 고정자 자속 지령은 벡터 제어 시에 동손을 최소화하는 MTPA(Maximum Torque Per Ampere)운전과 동일한 결과를 가져온다.",
                        "clue_start": "2053",
                        "clue_end": "2135"
                    },
                    {
                        "clue_text": "이 속도 영역에서는 요구되는 토크 지령에 따라 운전점이 직선 OA내에서 움직이며 이에 따라 q축 자속의 크기와 부하각이 달라진다.",
                        "clue_start": "2536",
                        "clue_end": "2608"
                    }
                ],
                "terminology": [
                    {
                        "word": "Ampere"
                    },
                    {
                        "word": "MTPA"
                    },
                    {
                        "word": "MTPA 운전점"
                    },
                    {
                        "word": "Per"
                    },
                    {
                        "word": "SPMSM"
                    },
                    {
                        "word": "Torque"
                    },
                    {
                        "word": "고정자"
                    },
                    {
                        "word": "고정자 자속"
                    },
                    {
                        "word": "고정자 자속 운전점"
                    },
                    {
                        "word": "고정자 자속 지령"
                    },
                    {
                        "word": "고정자 전류 지령"
                    },
                    {
                        "word": "극수"
                    },
                    {
                        "word": "동손"
                    },
                    {
                        "word": "벡터"
                    },
                    {
                        "word": "벡터 제어"
                    },
                    {
                        "word": "부하각"
                    },
                    {
                        "word": "운전 가능 범위"
                    },
                    {
                        "word": "운전점"
                    },
                    {
                        "word": "자속"
                    },
                    {
                        "word": "자속 지령"
                    },
                    {
                        "word": "전동기"
                    },
                    {
                        "word": "전류"
                    },
                    {
                        "word": "전류 제한 영역"
                    },
                    {
                        "word": "전류 지령"
                    },
                    {
                        "word": "전압 제한 영역"
                    },
                    {
                        "word": "전압 제한조건"
                    },
                    {
                        "word": "정격속도"
                    },
                    {
                        "word": "최대 토크"
                    },
                    {
                        "word": "최대 토크 운전"
                    },
                    {
                        "word": "최적 운전점"
                    },
                    {
                        "word": "출력 토크"
                    },
                    {
                        "word": "토크 영역"
                    },
                    {
                        "word": "토크 운전"
                    },
                    {
                        "word": "토크 제어"
                    },
                    {
                        "word": "토크 지령"
                    },
                    {
                        "word": "통상 전압"
                    },
                    {
                        "word": "함수"
                    },
                    {
                        "word": "회전자"
                    },
                    {
                        "word": "회전자 자속"
                    }
                ]
            },
            {
                "context_id": "55e-0c9-043f43d3-499c-493a-913c-fb164bed1c52",
                "context_K-NSCC": {
                    "field": "인공물",
                    "large_category": "ED",
                    "medium_category": "06"
                },
                "context": "<h1>1. 서론</h1> <p>효율이 높고 출력 밀도가 크며 빠른 동특성을 갖는 영구자석 동기 전동기는 순시 토크 제어가 요구되는 고성능 전동기 구동분야에 가장 우수한 성능을 제공할 수 있다.</p> <p>영구자석 동기 전동기의 고성능 순시 토크 제어 기법으로는 벡터 제어 기법(Vector Control)과 직접 토크 제어 기법(Direct Torque Control, DTC)이 있다. 벡터 제어 기법은 고정자 전류를 자속의 위치를 기준으로 자속과 토크를 제어할 수 있는 성분으로 분리하여 이들을 각각 독립적으로 빠르게 제어함으로써 순시 토크제어를 실현한다. 이러한 벡터 제어 기법은 현재 고성능 전동기 구동시스템에 가장 널리 이용되고 있지만, 고정자 전류를 이용하여 자속과 토크를 간접적으로 제어하기 때문에 토크 제어의 동특성 향상에 한계가 있으며 그 구현이 복잡하다. 이에 비해 직접 토크 제어 기법은 고정자 쇄교 자속과 토크를 직접 독립적으로 제어하는 기법으로 우수한 토크 제어의 동특성을 보이며, 위치 정보에 의존하지 않는 센서리스(Sensorless) 구동이 가능하기 때문에 최근 세탁기 구동 등의 고성능 전동기 분야에 그 적용이 늘고 있다.</p> <p>그림 1은 전통적인 스위칭 테이블 방식의 직접 토크 제어 기법의 블록도를 나타내고 있다. 이 기법에서는 매 제어 주기마다 전동기의 인가전압과 전류로부터 연산된 고정자 자속과 토크를 그 지령값과 비교하고 히스테리시스 제어기를 통해 그 오차를 감소시키도록 하는 전압 벡터가 선정되어 바로 인버터의 스위칭 상태가 결정된다. 통상적으로 전압 벡터의 선정은 미리 결정된 룩-업 테이블(Look-up table)이 사용된다.</p> <p>이러한 직접 토크 제어 방식은 매 제어 주기마다 제어기나 전압 변조에 의한 지연 없이 바로 스위칭 상태가 결정되므로 동특성이 빠르고, 급작스러운 부하의 변동이나 순간적인 지령 변동 등에 대한 응답특성이 우수하다. 또한 제어구조가 매우 단순하고, 토크 제어특성이 전동기의 제정수 변동에 영향이 없으며, 연산시간이 작다는 장점이 있다. 그러나 토크 리플이 크고 히스테리시스 제어기의 영향으로 인버터의 스위칭 주파수가 운전조건에 따라 변동하는 문제가 있다. 이러한 문제점을 보완하기 위하여 공간 벡터 전압 변조 기법(Space Vector PWM, SVPWM)을 이용한 DTFC(Direct Torque and Flux Control) 기법이 제안되었다. 이 기법에서는 그림 2에 보이듯이 토크와 고정자 쇄교자속을 독립된 두 개의 비례적분 제어기를 사용하여 제어하고 그 출력을 고정자 전압으로 선정함으로써 스위칭 주파수가 일정한 SVPWM 방식을 적용할 수 있도록하고 있다.</p> <p>이러한 고정자 쇄교 자속과 토크를 직접 제어하는 직접 토크 제어 방식에서 가장 중요한 사항은 운전 조건에 따른 최적의 고정자 자속 지령과 토크 지령을 구하는 것이다. 기존의 직접 토크 제어 시스템에서는 통상적으로 회전자 자속 기준 벡터 제어 기법에서 사용된 전류 지령을 이용하여 고정자 자속 및 토크 지령치를 구하여 사용하고 있다. 이와는 달리 [9]의 방법에서는 전동기의 전압 제한 조건만을 고려하여 고정자 자속 지령의 크기를 구하고 전류 제한 조건을 이용하여 토크 지령의 제한치를 결정하여 운전하고 있다.</p> <p>고정자 자속의 크기는 전동기의 전압 제한 조건뿐만 아니라 전류 제한 조건에도 영향을 받기 때문에 이들 두 조건을 모두 고려하여 그 크기를 결정할 필요가 있다. 또한 고속 영역인 일정 출력 영역에서 운전 가능한 고정자 자속의 지령 값은 영구자석의 자속 크기 \\( \\lambda_{p m} \\)과 \\( L_{s} I_{s \\max } \\)의 크기에 따라 달라진다. 더욱이 기존 방법들은 최대 속도의 제한이 있는 영구자석 동기 전동기에 대해서만 적용이 가능하였고, 운전 속도의 제한을 갖지 않는 전동기의 고속 영역 운전에 대한 연구는 이루어지지 않고 있다.</p> <p>본 논문에서는 표면 부착형 영구자석 동기 전동기(Surface Mounted Permanent Magnet Synchronous Motor, SPMSM)의 직접 토크 제어 시에 필요한 최적의 운전점을 해석하였다. 전동기 구동 시에 요구되는 전압과 전류 제한 조건을 모두 고려하여 최대 토크 운전을 위한 고정자 자속 벡터의 최적 궤적을 분석하여, 이를 바탕으로 일정 토크 영역부터 일정 출력 영역까지의 전운전 영역에서 직접 토크 제어 시에 필요한 자속 지령을 생성하도록 하였다. 또한 제한된 방법은 속도 제한을 갖는 SPMSM뿐만 아니라 속도 제한이 없는 SPMSM까지도 적용이 가능하다. 제안된 기법의 유효성은 속도 제한이 없는 \\( 800 \\mathrm{~W} \\) SPMSM에 대한 실험을 통하여 검증하였다.</p>",
                "context_length": 2342,
                "clue": [
                    {
                        "clue_text": "효율이 높고 출력 밀도가 크며 빠른 동특성을 갖는 영구자석 동기 전동기는 순시 토크 제어가 요구되는 고성능 전동기 구동분야에 가장 우수한 성능을 제공할 수 있다.",
                        "clue_start": "18",
                        "clue_end": "108"
                    },
                    {
                        "clue_text": "영구자석 동기 전동기의 고성능 순시 토크 제어 기법으로는 벡터 제어 기법(Vector Control)과 직접 토크 제어 기법(Direct Torque Control, DTC)이 있다.",
                        "clue_start": "116",
                        "clue_end": "218"
                    },
                    {
                        "clue_text": "이러한 직접 토크 제어 방식은 매 제어 주기마다 제어기나 전압 변조에 의한 지연 없이 바로 스위칭 상태가 결정되므로 동특성이 빠르고, 급작스러운 부하의 변동이나 순간적인 지령 변동 등에 대한 응답특성이 우수하다.",
                        "clue_start": "838",
                        "clue_end": "956"
                    },
                    {
                        "clue_text": "본 논문에서는 표면 부착형 영구자석 동기 전동기(Surface Mounted Permanent Magnet Synchronous Motor, SPMSM)의 직접 토크 제어 시에 필요한 최적의 운전점을 해석하였다.",
                        "clue_start": "1940",
                        "clue_end": "2058"
                    },
                    {
                        "clue_text": "전동기 구동 시에 요구되는 전압과 전류 제한 조건을 모두 고려하여 최대 토크 운전을 위한 고정자 자속 벡터의 최적 궤적을 분석하여, 이를 바탕으로 일정 토크 영역부터 일정 출력 영역까지의 전운전 영역에서 직접 토크 제어 시에 필요한 자속 지령을 생성하도록 하였다.",
                        "clue_start": "2059",
                        "clue_end": "2206"
                    }
                ],
                "terminology": [
                    {
                        "word": "Control"
                    },
                    {
                        "word": "DTC"
                    },
                    {
                        "word": "Flux"
                    },
                    {
                        "word": "Look-up"
                    },
                    {
                        "word": "Look-up table"
                    },
                    {
                        "word": "Magnet"
                    },
                    {
                        "word": "Motor"
                    },
                    {
                        "word": "PWM"
                    },
                    {
                        "word": "SPMSM"
                    },
                    {
                        "word": "SVPWM"
                    },
                    {
                        "word": "SVPWM 방식"
                    },
                    {
                        "word": "Space"
                    },
                    {
                        "word": "Space Vector"
                    },
                    {
                        "word": "Space Vector PWM"
                    },
                    {
                        "word": "Torque"
                    },
                    {
                        "word": "Vector"
                    },
                    {
                        "word": "고속 영역"
                    },
                    {
                        "word": "고정자"
                    },
                    {
                        "word": "고정자 쇄교자속"
                    },
                    {
                        "word": "고정자 자속"
                    },
                    {
                        "word": "고정자 자속 지령"
                    },
                    {
                        "word": "고정자 전압"
                    },
                    {
                        "word": "공간 벡터"
                    },
                    {
                        "word": "공간 벡터 전압"
                    },
                    {
                        "word": "공간 벡터 전압 변조"
                    },
                    {
                        "word": "공간 벡터 전압 변조 기법"
                    },
                    {
                        "word": "구동시스템"
                    },
                    {
                        "word": "기준 벡터"
                    },
                    {
                        "word": "동기 전동기"
                    },
                    {
                        "word": "동특성"
                    },
                    {
                        "word": "밀도"
                    },
                    {
                        "word": "벡터"
                    },
                    {
                        "word": "벡터 전압"
                    },
                    {
                        "word": "벡터 제어"
                    },
                    {
                        "word": "벡터 제어 기법"
                    },
                    {
                        "word": "부착형 영구자석 동기 전동기"
                    },
                    {
                        "word": "비례적분"
                    },
                    {
                        "word": "비례적분 제어기"
                    },
                    {
                        "word": "쇄교"
                    },
                    {
                        "word": "쇄교자속"
                    },
                    {
                        "word": "순시"
                    },
                    {
                        "word": "순시 토크"
                    },
                    {
                        "word": "순시 토크 제어"
                    },
                    {
                        "word": "스위칭"
                    },
                    {
                        "word": "스위칭 상태"
                    },
                    {
                        "word": "스위칭 주파수"
                    },
                    {
                        "word": "스위칭 테이블"
                    },
                    {
                        "word": "영구자석 동기 전동기"
                    },
                    {
                        "word": "영구자석의 자속"
                    },
                    {
                        "word": "운전점"
                    },
                    {
                        "word": "자속"
                    },
                    {
                        "word": "자속 벡터"
                    },
                    {
                        "word": "자속 지령"
                    },
                    {
                        "word": "전동기"
                    },
                    {
                        "word": "전동기 구동시스템"
                    },
                    {
                        "word": "전동기 분야"
                    },
                    {
                        "word": "전류"
                    },
                    {
                        "word": "전류 지령"
                    },
                    {
                        "word": "전압 벡터"
                    },
                    {
                        "word": "전압 변조"
                    },
                    {
                        "word": "제어구조"
                    },
                    {
                        "word": "제어기"
                    },
                    {
                        "word": "제정수"
                    },
                    {
                        "word": "주파수"
                    },
                    {
                        "word": "최대 토크"
                    },
                    {
                        "word": "최대 토크 운전"
                    },
                    {
                        "word": "최적 궤적"
                    },
                    {
                        "word": "출력 밀도"
                    },
                    {
                        "word": "토크 리플"
                    },
                    {
                        "word": "토크 운전"
                    },
                    {
                        "word": "토크 제어 방식"
                    },
                    {
                        "word": "토크 지령"
                    },
                    {
                        "word": "토크 지령치"
                    },
                    {
                        "word": "토크제어"
                    },
                    {
                        "word": "통상적"
                    },
                    {
                        "word": "표면 부착형 영구자석 동기 전동기"
                    },
                    {
                        "word": "회전자"
                    },
                    {
                        "word": "회전자 자속"
                    },
                    {
                        "word": "히스테리시스"
                    },
                    {
                        "word": "히스테리시스 제어기"
                    }
                ]
            },
            {
                "context_id": "55e-0c9-merge_2_034b7f4e-29e25891-6a9f-4590-a029-b79b92bf81f0_04",
                "context_K-NSCC": {
                    "field": "인공물",
                    "large_category": "ED",
                    "medium_category": "06"
                },
                "context": "<h1>4. 실험 결과</h1> <p>제안된 최대 토크 운전을 위한 최적의 고정자 자속지령을 기반으로 한 직접 토크 제어 방식의 유효성을 검증하기 위하여 그림 11에 보이는 것과 같은 \\( 800 \\mathrm { ~W } \\), 48극의 외전형(Outer rotor type)의 SPMSM 구동 시스템에서 실험을 수행하였다.</p> <p>실험에 사용된 SPMSM은 \\( \\lambda_ { p m } \\leqq L_ { s } I_ { s \\max x } \\)인 최대 속도에 제한이 없는 전동기로서 그 사양과 제정수가 표 1에 보인다. 알고리듬 수행을 위한 디지털 컨트롤러로는 TI(Texas Instruments)사의 32-비트 DSC(Digital Signal Controller)인 TMS320F28335를 사용하였다. IGBT를 사용한 인버터의 스위칭 주파수는 \\( 16 \\mathrm { kHz } \\)이며 직류단 전압은 \\( 300 \\mathrm { ~V } \\) 이다.</p> <p>그림 12는 \\( 200 \\mathrm { r } / \\mathrm { min } \\)에서 고정자 자속 제어기에 사용될 정지좌표계 d와 q축 고정자 쇄교 자속의 추정 특성을 보이고 있다. 그림 13은 일정 토크 영역인 \\( 200 \\mathrm { r } / \\mathrm { min } \\)에서 특성 영역에 해당하는 속도인 \\( 1200 \\mathrm { r } / \\mathrm { min } \\)까지의 스텝 속도 지령에 대한 속도와 토크 응답 특성을 보이고 있다. 실제 속도와 추정 토크가 지령을 잘 추종하는 것을 확인할 수 있다. 그림 14는 이 경우 고정자 자속의 크기와 부하각 \\( \\delta \\) 의 변동 특성을 보이고 있다. 기저속도 이하에서는 MTPA 운전에 따라 고정자 자속의 크기와 토크는 일정하게 유지된다. 따라서 부하각은 일정하다. 기저 속도 이상으로 속도가 증가함에 따라 고정자 자속의 크기는 감소하는 반면에, 최대 토크를 발생시키도록 부하각은 증가하게 된다. 부하각이 \\( 90 ^ {\\circ } \\)가 되는 속도가 특성 영역의 시작점이 되는데 이 특성 영역에서는 MTPV 운전을 하며 부하각은 \\( 90 ^ {\\circ } \\)로 일정하게 유지된다.</p> <p>그림 15는 속도 변동에 따른 추정된 동기좌표계 d와 q축 고정자 자속과 이 자속 벡터의 궤적을 보이고 있다. 고정자 자속 벡터는 앞 절에서 설명된 최적의 궤적대로 잘 움직임을 알 수 있다. 일정 토크 영역에서 q축 자속은 최대로 유지되며, 기저속도 이상의 일정 출력 영역에서는 전류 제한 원을 따라 d와 q축 자속이 모두 감소된다. 또한 d축 자속이 0이 되는 특성 영역부터는 q축 자속만이 감소되며 MTPV 궤적을 따라 움직인다.</p> <h1>5. 결론</h1> <p>본 논문에서는 SPMSM의 직접 토크 제어 시 최적 운전에 대해 연구하였다. SPMSM에 대해 전압과 전류 제한 조건을 고려한 고정자 자속의 운전 가능 영역을 해석하였으며, 이를 토대로 직접 토크 제어에 필요한 최대 토크를 발생시키는 최적의 고정자 자속 운전점을 구하였다. 제안된 기법으로 일정 토크 영역 뿐만아니라 일정 출력 영역까지의 속도 범위에서 최적 운전이 가능하며, 더욱이 기존 방식에서는 고려되지 않은 속도 제한이 없는 SPMSM의 특성 영역에서도 최적 제어가 가능하다. 제안된 기법은 \\( 800 \\mathrm { ~W } \\) SPMSM에 대한 실험을 통하여 그 유효성이 검증되었다.</p>",
                "context_length": 1718,
                "clue": [
                    {
                        "clue_text": "본 논문에서는 SPMSM의 직접 토크 제어 시 최적 운전에 대해 연구하였다.",
                        "clue_start": "1380",
                        "clue_end": "1422"
                    },
                    {
                        "clue_text": "SPMSM에 대해 전압과 전류 제한 조건을 고려한 고정자 자속의 운전 가능 영역을 해석하였으며, 이를 토대로 직접 토크 제어에 필요한 최대 토크를 발생시키는 최적의 고정자 자속 운전점을 구하였다.",
                        "clue_start": "1423",
                        "clue_end": "1532"
                    },
                    {
                        "clue_text": "제안된 최대 토크 운전을 위한 최적의 고정자 자속지령을 기반으로 한 직접 토크 제어 방식의 유효성을 검증하기 위하여 그림 11에 보이는 것과 같은 \\( 800 \\mathrm { ~W } \\), 48극의 외전형(Outer rotor type)의 SPMSM 구동 시스템에서 실험을 수행하였다.",
                        "clue_start": "21",
                        "clue_end": "182"
                    }
                ],
                "terminology": [
                    {
                        "word": "Controller"
                    },
                    {
                        "word": "DSC"
                    },
                    {
                        "word": "DSC(Digital Signal Controller)"
                    },
                    {
                        "word": "IGBT"
                    },
                    {
                        "word": "MTPA"
                    },
                    {
                        "word": "MTPA 운전"
                    },
                    {
                        "word": "MTPV"
                    },
                    {
                        "word": "MTPV 운전"
                    },
                    {
                        "word": "SPMSM"
                    },
                    {
                        "word": "TI"
                    },
                    {
                        "word": "TI(Texas Instruments)"
                    },
                    {
                        "word": "rotor"
                    },
                    {
                        "word": "고정자"
                    },
                    {
                        "word": "고정자 쇄교 자속"
                    },
                    {
                        "word": "고정자 자속"
                    },
                    {
                        "word": "고정자 자속 운전점"
                    },
                    {
                        "word": "고정자 자속 제어기"
                    },
                    {
                        "word": "고정자 자속지령"
                    },
                    {
                        "word": "기저"
                    },
                    {
                        "word": "기저속도"
                    },
                    {
                        "word": "동기좌표계"
                    },
                    {
                        "word": "디지털 컨트롤러"
                    },
                    {
                        "word": "벡터"
                    },
                    {
                        "word": "부하각"
                    },
                    {
                        "word": "속도 변동"
                    },
                    {
                        "word": "속도 지령"
                    },
                    {
                        "word": "쇄교"
                    },
                    {
                        "word": "쇄교 자속"
                    },
                    {
                        "word": "스위칭"
                    },
                    {
                        "word": "스위칭 주파수"
                    },
                    {
                        "word": "스텝 속도"
                    },
                    {
                        "word": "알고리듬"
                    },
                    {
                        "word": "외전형"
                    },
                    {
                        "word": "외전형(Outer rotor type)"
                    },
                    {
                        "word": "운전 가능 영역"
                    },
                    {
                        "word": "운전점"
                    },
                    {
                        "word": "자속"
                    },
                    {
                        "word": "자속 벡터"
                    },
                    {
                        "word": "자속지령"
                    },
                    {
                        "word": "전동기"
                    },
                    {
                        "word": "전류"
                    },
                    {
                        "word": "정지좌표계"
                    },
                    {
                        "word": "제어기"
                    },
                    {
                        "word": "제정수"
                    },
                    {
                        "word": "주파수"
                    },
                    {
                        "word": "직류단"
                    },
                    {
                        "word": "직류단 전압"
                    },
                    {
                        "word": "최대 토크"
                    },
                    {
                        "word": "최대 토크 운전"
                    },
                    {
                        "word": "추정 토크"
                    },
                    {
                        "word": "토크 영역"
                    },
                    {
                        "word": "토크 운전"
                    },
                    {
                        "word": "토크 응답"
                    },
                    {
                        "word": "토크 제어"
                    },
                    {
                        "word": "토크 제어 방식"
                    }
                ]
            }
        ]
    }
}