{
    "dataset_info": {
        "identifier": "02-031-002-NL",
        "name": "기술과학 문서 요약 데이터",
        "category": "자연어",
        "last_updated": "2023-08-30"
    },
    "dataset": {
        "doc_id": "034b7f4e-0c87da9b-4b22-4b94-a2f0-ab3ba499fe4e",
        "doc_type": "논문",
        "doc_title": {
            "kor": "싸이리스터제어 병렬보상기의 특성 연구",
            "eng": ""
        },
        "doc_category": {
            "KDC": "560.5",
            "DDC": ""
        },
        "doc_number": {
            "ISSN": "1229-2214",
            "ISBN": "",
            "DOI": "",
            "UCI": ""
        },
        "doc_year": "1999",
        "doc_author": [
            "정교범"
        ],
        "doc_publisher": "전력전자학회",
        "doc_license": "CC BY-NC",
        "context_info": [
            {
                "context_id": "55e-0c9-merge_2_034b7f4e-0c87da9b-4b22-4b94-a2f0-ab3ba499fe4e_00",
                "context_K-NSCC": {
                    "field": "인공물",
                    "large_category": "ED",
                    "medium_category": "03"
                },
                "context": "<h1>요 약</h1> <p>본 논문은, 대표적인 FACTS 기기중의 하나인 싸이리스터제어 병렬보상기의 특성 연구를 수행한다. 이를 위하여 푸리에 공간에서 전력조류 조건을 만족하는 싸이리스터 점호각을 수치해석적으로 구하고, 그 계산 결과를 이용하여 정상상태 및 고조파 특성을 해석하였다. 그리고, Poincare Mapping 이론을 이용한 스위칭 주파수영역에서 안정도 해석과 EMTP 시뮬레이션을 이용한 시평면상에서 해석결과의 검증 및 여러 운전점에서 과도응답특성의 비교연구를 수행하였다.</p> <h1>1. 서 론</h1> <p>유연송전 개념을 이용한 기존 전력송전 설비의 이용률 증대 및 효율적인 전력 제어 기술에 대한 활발한 연구가 진행되고 있다. 특히 장거리 송전선의 송전용량의 증대를 위한 싸이리스터제어 직렬콘덴서(TCSC) 전력송전 시스템의 고조파 특성 , 안정도, 전력계통내의 최적 위치선정 및 최적 전력제어 분야의 연구가 활발히 이루어지고 있다.</p> <p>TCSC의 기본적인 구조는 싸이리스터, 리액터 및 캐패시터로 구성되며, 송전선에 직렬로 삽입되어 송전선로의 임피던스를 보상한다. TCSC에 의해 보상되는 임피던스는 싸이리스터 도통각 \\( \\sigma \\)의 크기에 의해 결정되며, 그 크기는 전력시스템 내의 각종 상수 및 싸이리스터 점호각 \\( \\alpha \\)에 의해서 변화된다.</p> <p>유연송전 개념을 구현하기 위해 제안된 또 다른 대표적인 FACTS기기는 싸이리스터제어 병렬보상기이다. 실용화 단계에 이른 싸이리스터제어 병렬보상기는 주로 전압안정도 개선을 위해 사용되며, 전력조류계산 및 동특성 해석을 위한 모델이 제시되었다. 싸이리스터제어 병렬보상기는 출력전압이 송전선로에 병렬로 삽입되는 점을 제외하고, TCSC와 같은 구조를 취하는 비선형 이산 주기 시스템이다.</p> <p>따라서 본 논문에서는 TCSC 전력송전 시스템의 고조파 특성 및 안정도 해석을 위해 사용되었던 방법을 이용하여, 싸이리스터제어 병렬보상기를 유효전력조류 제어기로 사용할 때에 필요한 싸이리스터 점호각 계산, 도통각의 크기, 무효전력조류의 변화, 병렬보상기 출력전압의 고조파특성 및 안정도 해석을 수행한다. 이를 위하여, 전압, 전류, 임피던스 및 싸이리스터 스위칭 동작을 복소수 푸리에 공간에서 표현하고, 전력송전 시스템에 의해 요구되는 전력조류를 만족하는 싸이리스터 점호각 \\( \\alpha \\)를 구한다. 그리고, 푸리에 공간에서의 계산 결과를 EMTP 시뮬레이션으로 시평면상에서 검증하며, 싸이리스터제어 병렬보상기의 투입시의 과도응답 파형을 여러 동작점에서 비교하여 병렬보상기의 운전특성을 해석한다.</p>",
                "context_length": 1302,
                "clue": [
                    {
                        "clue_text": "유연송전 개념을 이용한 기존 전력송전 설비의 이용률 증대 및 효율적인 전력 제어 기술에 대한 활발한 연구가 진행되고 있다.",
                        "clue_start": "298",
                        "clue_end": "366"
                    },
                    {
                        "clue_text": "TCSC의 기본적인 구조는 싸이리스터, 리액터 및 캐패시터로 구성되며, 송전선에 직렬로 삽입되어 송전선로의 임피던스를 보상한다.",
                        "clue_start": "490",
                        "clue_end": "561"
                    },
                    {
                        "clue_text": "유연송전 개념을 구현하기 위해 제안된 또 다른 대표적인 FACTS기기는 싸이리스터제어 병렬보상기이다.",
                        "clue_start": "683",
                        "clue_end": "739"
                    },
                    {
                        "clue_text": "따라서 본 논문에서는 TCSC 전력송전 시스템의 고조파 특성 및 안정도 해석을 위해 사용되었던 방법을 이용하여, 싸이리스터제어 병렬보상기를 유효전력조류 제어기로 사용할 때에 필요한 싸이리스터 점호각 계산, 도통각의 크기, 무효전력조류의 변화, 병렬보상기 출력전압의 고조파특성 및 안정도 해석을 수행한다.",
                        "clue_start": "905",
                        "clue_end": "1074"
                    }
                ],
                "terminology": [
                    {
                        "word": "EMTP"
                    },
                    {
                        "word": "EMTP 시뮬레이션"
                    },
                    {
                        "word": "FACTS"
                    },
                    {
                        "word": "FACTS기기"
                    },
                    {
                        "word": "Mapping"
                    },
                    {
                        "word": "Poincare Mapping 이론"
                    },
                    {
                        "word": "TCSC"
                    },
                    {
                        "word": "TCSC 전력송전"
                    },
                    {
                        "word": "고조파"
                    },
                    {
                        "word": "고조파 특성"
                    },
                    {
                        "word": "과도응답특성"
                    },
                    {
                        "word": "도통각"
                    },
                    {
                        "word": "동작점"
                    },
                    {
                        "word": "동특성"
                    },
                    {
                        "word": "리액터"
                    },
                    {
                        "word": "무효전력조류"
                    },
                    {
                        "word": "병렬보상기"
                    },
                    {
                        "word": "복소수"
                    },
                    {
                        "word": "비선형"
                    },
                    {
                        "word": "송전선로"
                    },
                    {
                        "word": "송전용량"
                    },
                    {
                        "word": "스위칭"
                    },
                    {
                        "word": "시뮬레이션"
                    },
                    {
                        "word": "시평면상"
                    },
                    {
                        "word": "싸이리스터"
                    },
                    {
                        "word": "싸이리스터 도통각"
                    },
                    {
                        "word": "싸이리스터 스위칭"
                    },
                    {
                        "word": "싸이리스터 점호각"
                    },
                    {
                        "word": "싸이리스터제어"
                    },
                    {
                        "word": "운전점"
                    },
                    {
                        "word": "유연송전"
                    },
                    {
                        "word": "유효전력조류"
                    },
                    {
                        "word": "유효전력조류 제어기"
                    },
                    {
                        "word": "임피던스"
                    },
                    {
                        "word": "전력계통내"
                    },
                    {
                        "word": "전력송전"
                    },
                    {
                        "word": "전력제어"
                    },
                    {
                        "word": "전력조류"
                    },
                    {
                        "word": "전력조류계산"
                    },
                    {
                        "word": "전류"
                    },
                    {
                        "word": "전압안정도"
                    },
                    {
                        "word": "점호각"
                    },
                    {
                        "word": "제어기"
                    },
                    {
                        "word": "직렬"
                    },
                    {
                        "word": "출력전압"
                    },
                    {
                        "word": "캐패시터"
                    },
                    {
                        "word": "파형"
                    },
                    {
                        "word": "푸리에 공간"
                    }
                ]
            },
            {
                "context_id": "55e-0c9-5f6448df-ecc1-444c-b3a6-6f1f2d1fce1a",
                "context_K-NSCC": {
                    "field": "인공물",
                    "large_category": "ED",
                    "medium_category": "03"
                },
                "context": "<h1>5. EMTP 시뮬레이션</h1> <p>표 2와 표 3에 주어진 운전점에서 싸이리스터제어 병렬보상기의 푸리에 공간에서의 특성해석 및 안정도 해석의 검증과 시평면상에서의 과도특성 해석을 위해서 EMTP 시뮬레이션을 수행하였다. EMTP 시뮬레이션 모델은 그림 1과 같이 발전기를 모의한 등가전압원, 발전기 내부 임피던스와 송전선을 모의한 등가 임피턴스, 그리고 병렬보상기로 구성되어진다. 병렬보상기는 2 개의 싸이리스터, 스너버희로, 저항, 인덕터, 캐패시터, 각종 신호처리 및 싸이리스터 게이트 신호 발생을 위한 제어기로 구성된다.</p> <p>전력송전 시스템은 초기에는 병렬보상기없이 전압 \\( \\mathrm{E}_{1} \\)으로부터 \\( 0.455 \\mathrm{[P.U.]}\\) 크기의 유효전력 \\( \\mathrm{P}_{1} \\)을 공급하며, \\( 8.3[\\mathrm{msec}] \\)에서 병렬보상기가 투입된다. 시뮬레이션은 표 2의 점호각 \\( \\alpha \\) 값을 이용하며, 파형의 단위는 \\(\\mathrm{P.U.}\\)이다.</p> <p>그림 3은 초기 정상상태의 전력송전 시스템에 Blocked 모드의 병렬보상기를 \\( 8.3[\\mathrm{msec}] \\)에 투입시킨 후의 전력파형을 보인다. 전력송전 시스템은 \\( 100[\\mathrm{msec}] \\)정도의 시간이 지난 후에 새로운 동작점 \\( \\left[\\mathrm{P}_{1}=2.543\\right] \\)으로 이동한다. 이 동작점은 전력송전 시스템의 구성요소들의 상수와 병렬보상기의 캐패시터의 크기에 의해 결정된다. 과도상태에서 전력 파형은 고유치 해석 결과인 \\( 341.05[\\mathrm{rad} / \\mathrm{sec}] \\)의 진동주파수를 보인다.</p> <p>그림 4는 표 2의 \\(0\\%\\) 보상의 경우로서 Vernier 모드의 병렬보상기를 투입시킨 후의 전력파형을 보인다. \\( 50[\\mathrm{ms}] \\) 정도의 시간이 지난 후, 시스템 전압 \\( \\mathrm{E} 1 \\)의 공급전력 \\( \\left[\\mathrm{P}_{1}=0.455\\right] \\)은 병렬보상기 투입전과 같다. 이것은 싸이리스터제어 병렬 보상기의 스위칭 동작에 의한 것이다. 싸이리스터의 스위칭 동작은 고조파 전압 ⋅ 전류를 발생시키며, 그림 5는 캐패시터 전압과 인덕터 전류의 \\(\\mathrm{P.U.}\\) 단위로 표현된 파형을 보인다. 캐패시터 전압 \\( \\mathrm{V}_{\\mathrm{p}} \\)의 THD는 \\( 4.82 \\% \\)이며, 인덕터 전류 \\( \\mathrm{I}_{\\mathrm{lp}} \\)의 파형은 싸이리스터의 도통각 \\( \\sigma \\)의 크기가 \\( 149.8^{\\circ} \\)임을 보인다. 또한 캐패시터 전압의 크기가 기준전압과 비슷하고, 인덕터 전류는 기준치의 3배정도의 크기를 갖는다.<p>병렬보상기의 캐패시터는 병렬로 전력 송전선에 연결되어 있으므로, 기계적 스위치에 의해 투입되는 캐패시터 갯수를 변화시켜 병렬보상기의 캐패시턴스의 크기를 조절할 수 있다. 그림 6은 병렬보상기의 캐패시턴스 값을 \\( 6.25 \\times 10^{3} \\)으로 줄이고, \\( 0 \\% \\) 보상의 Vernier 모드를 투입시킨 후, 전력 \\( \\mathrm{P}_{1} \\)의 파형을 보인다. 병렬보상기를 투입하면, 전력송전 시스템은 \\( 140[\\mathrm{ms} \\) ]정도의 시간이 지난 후에 정상상태에 도달하며, 전력 동요 진폭은 그림 4와 비교하여 2배 정도 증가한다. 그림 7은 THD가 \\( 16.2 \\% \\)인 캐패시터 전압 \\( \\mathrm{V}_{\\mathrm{p}} \\)와 도통각 \\( \\boldsymbol{\\sigma}=105^{\\circ} \\)이고, 크기는 기준치의 2배정도인 인덕터 전류 \\( \\mathrm{I}_{10} \\)의 파형을 보인다.</p> <p>그림 8은 투입된 캐패시터 갯수를 증가시켜 병렬보상기의 캐패시턴스 값을 \\( 25.0 \\times 10^{3} \\)으로 크게 하고, \\( 0 \\% \\) 보상의 Vernier 모드를 투입시킨 후의 전력파형을 보인다. 병렬보상기의 투입후, 시스템 전압 \\( \\mathrm{E}_{1} \\)으로부터 공급되는 유효전력은 투입전과 같으나, 병렬보상기 투입시의 전력동요 진폭은 그림 4의 경우와 비교할 때 약 2배 크고 전력송전 시스템은 \\( 60[\\mathrm{ms}] \\)정도의 시간이 지난 후에 정상상태에 도달한다. 그림 9는 THD는 \\( 0.83 \\% \\)인 캐패시터 전압 \\( \\mathrm{V}_{\\mathrm{p}} \\)와 도통각 \\( \\boldsymbol{\\sigma}=84.4^{\\circ} \\)임을 보이는 인덕터 전류 \\( \\mathrm{I}_{l p} \\)의 파형을 보인다.</p> <p>그림 10은 Vernier 모드의 싸이리스터제어 병렬보상기를 투입하여 전압 \\( \\mathrm{E}_{1} \\)이 공급하는 유효전력이 \\( 100 \\% \\) 증가된 경우의 전력파형을 보인다. 병렬보상기 투입 후의 초기 과도현상은 그림 4의 경우와 비슷하나. 전력송전 시스템은 \\( 60[\\mathrm{ms}] \\)정도의 시간이 경과한 후에 싸이리스터의 스위칭동작에 의해 초기 동작점이 아닌 새로운 동작점 \\( \\left[\\mathrm{P}_{1}=0.917\\right] \\)으로 이동한다.</p> <p>그림 11 과 그림 12 는 \\( \\mathrm{E}_{1} \\)으로부터 공급되는 유효전력을 \\( 50 \\% \\) 증가시키기 위해 싸이리스터제어 병렬보상기를 투입시킨 경우의 병렬보상기의 캐패시터 전압, 인덕터 전류 및 시스템 전압 \\( \\mathrm{E}_{1} \\)으로부터 흘러들어오는 유효전력 \\( \\mathrm{P}_{1} \\)의 파형을 보인다. 싸이리스터 점호각 \\( \\alpha \\)는 푸리에 공간에서의 계산 결과인 \\( 17.4^{\\circ} \\)로 주었으며, 전력파형은 \\( 60[\\mathrm{ms}] \\) 경과후에 새로운 동작점 \\( \\left[\\mathrm{P}_{1}=0.686\\right] \\)으로 이동하며, 리액터전류는 기준치의 3.5배정도 증가한다.</p> <p>그림 13은 \\( \\mathrm{E}_{1} \\)으로부터 공급되는 유효전력을 \\( 10 \\% \\) 감소시키기 위해 싸이리스터제어 병렬보상기를 투입시킨 경우의 전력파형을 보이며, \\( 60[\\mathrm{ms}] \\)정도의 시간이 경과한 후에 새로운 동작점 \\( \\left[\\mathrm{P}_{1}=0.406\\right] \\)으로 이동한다.</p> <p>그림 14와 그림 15는 \\( \\mathrm{E}_{1} \\)으로부터 공급되는 유효전력을 \\( 20 \\% \\) 감소시키기 위해 싸이리스터제어 병렬보상기를 투입시킨 경우의 병렬보상기의 전압과 인덕터 전류 및 시스템 전압 \\( \\mathrm{E}_{1} \\)으로부터 공급되는 유효전력 \\( \\mathrm{P}_{1} \\)의 파형을 전력파형을 보인다.</p> <p>그림 16은 Bypass 모드의 싸이리스터제어 병렬보상기를 투입시킨 후, 시스템 전압 \\( \\mathrm{E}_{1} \\)이 공급하는 유효전력 \\( \\mathrm{P}_{1} \\)이 새로운 동작점 \\( \\left[\\mathrm{P}_{1}=0.340\\right] \\)으로 이동하는 과도응답특성을 보인다. \\( 230[\\mathrm{ms}] \\) 정도의 비교적 긴 시간동안 전력의 동요가 진행됨을 볼 수 있으며, 이것은 그림 3의 Blocked 모드의 경우와 마찬가지로 전력송전 시스템의 구성요소들의 상수와 병렬보상기의 캐패시터의 크기에 의해 결정된다. 과도상태에서 전력파형은 고유치 해석 결과인 \\( 566.95[\\mathrm{rad} / \\mathrm{sec}] \\)의 진동주파수를 보인다.</p> <p>푸리에 공간에서 계산된 싸이리스터의 점호각을 사용한 EMTP 시뮬레이션 결과는 표 2의 정상상태 전력값 \\( \\mathrm{P}_{1} \\)과 일치한다. 그림 3에서 그림 16 까지의 유효전력 \\( \\mathrm{P}_{1} \\)의 파형을 비교하여 보면, 병렬보상기 투입에 의한 과도현상인 전력동요의 크기는 캐패시터 크기에 의해 결정되며, 전력동요 지속 시간은 운전모드에 의해서 결정됨을 알 수 있다. 그리고, 표 3에서 Vernier 모드 고유치의 최대값은 \\( \\mathrm{C}_{\\mathrm{p}}=0.00625 \\)인 경우에 0.558이고, 나머지 운전조건에서는 0.339~0.357이다. 이것은 Vernier 모드에서는 보상비율에 관계없이 전력 동요 지속시간이, 그림 \\( 6\\left(\\mathrm{C}_{\\mathrm{p}}=0.00625\\right) \\)의 \\( 140[\\mathrm{ms}] \\)경우를 제외하고, \\(50-60\\mathrm{[ms]}\\) 정도로 거의 비슷함과 일치한다.</p>",
                "context_length": 4320,
                "clue": [
                    {
                        "clue_text": "표 2와 표 3에 주어진 운전점에서 싸이리스터제어 병렬보상기의 푸리에 공간에서의 특성해석 및 안정도 해석의 검증과 시평면상에서의 과도특성 해석을 위해서 EMTP 시뮬레이션을 수행하였다.",
                        "clue_start": "26",
                        "clue_end": "129"
                    },
                    {
                        "clue_text": "EMTP 시뮬레이션 모델은 그림 1과 같이 발전기를 모의한 등가전압원, 발전기 내부 임피던스와 송전선을 모의한 등가 임피턴스, 그리고 병렬보상기로 구성되어진다.",
                        "clue_start": "130",
                        "clue_end": "219"
                    },
                    {
                        "clue_text": "병렬보상기의 캐패시터는 병렬로 전력 송전선에 연결되어 있으므로, 기계적 스위치에 의해 투입되는 캐패시터 갯수를 변화시켜 병렬보상기의 캐패시턴스의 크기를 조절할 수 있다.",
                        "clue_start": "1409",
                        "clue_end": "1503"
                    },
                    {
                        "clue_text": "그림 3에서 그림 16 까지의 유효전력 \\( \\mathrm{P}_{1} \\)의 파형을 비교하여 보면, 병렬보상기 투입에 의한 과도현상인 전력동요의 크기는 캐패시터 크기에 의해 결정되며, 전력동요 지속 시간은 운전모드에 의해서 결정됨을 알 수 있다.",
                        "clue_start": "3896",
                        "clue_end": "4034"
                    },
                    {
                        "clue_text": "이것은 Vernier 모드에서는 보상비율에 관계없이 전력 동요 지속시간이, 그림 \\( 6\\left(\\mathrm{C}_{\\mathrm{p}}=0.00625\\right) \\)의 \\( 140[\\mathrm{ms}] \\)경우를 제외하고, \\(50-60\\mathrm{[ms]}\\) 정도로 거의 비슷함과 일치한다.",
                        "clue_start": "4146",
                        "clue_end": "4316"
                    }
                ],
                "terminology": [
                    {
                        "word": "Blocked 모드"
                    },
                    {
                        "word": "Bypass"
                    },
                    {
                        "word": "Bypass 모드"
                    },
                    {
                        "word": "EMTP"
                    },
                    {
                        "word": "EMTP 시뮬레이션"
                    },
                    {
                        "word": "THD"
                    },
                    {
                        "word": "Vernier 모드"
                    },
                    {
                        "word": "게이트 신호"
                    },
                    {
                        "word": "고유치"
                    },
                    {
                        "word": "고유치 해석"
                    },
                    {
                        "word": "고조파"
                    },
                    {
                        "word": "고조파 전압"
                    },
                    {
                        "word": "공급전력"
                    },
                    {
                        "word": "과도응답특성"
                    },
                    {
                        "word": "기계적 스위치"
                    },
                    {
                        "word": "도통각"
                    },
                    {
                        "word": "동작점"
                    },
                    {
                        "word": "등가 임피턴스"
                    },
                    {
                        "word": "등가전압원"
                    },
                    {
                        "word": "리액터전류"
                    },
                    {
                        "word": "병렬보상기"
                    },
                    {
                        "word": "보상기"
                    },
                    {
                        "word": "스위치"
                    },
                    {
                        "word": "스위칭"
                    },
                    {
                        "word": "스위칭동작"
                    },
                    {
                        "word": "시뮬레이션"
                    },
                    {
                        "word": "시스템 전압"
                    },
                    {
                        "word": "시평면상"
                    },
                    {
                        "word": "싸이리스터"
                    },
                    {
                        "word": "싸이리스터 게이트"
                    },
                    {
                        "word": "싸이리스터 게이트 신호"
                    },
                    {
                        "word": "싸이리스터 점호각"
                    },
                    {
                        "word": "싸이리스터제어"
                    },
                    {
                        "word": "운전점"
                    },
                    {
                        "word": "유효전력"
                    },
                    {
                        "word": "인덕터"
                    },
                    {
                        "word": "임피턴스"
                    },
                    {
                        "word": "전력동요"
                    },
                    {
                        "word": "전력송전"
                    },
                    {
                        "word": "전력파형"
                    },
                    {
                        "word": "전류"
                    },
                    {
                        "word": "점호각"
                    },
                    {
                        "word": "제어기"
                    },
                    {
                        "word": "진동주파수"
                    },
                    {
                        "word": "진폭"
                    },
                    {
                        "word": "초기 과도현상"
                    },
                    {
                        "word": "캐패시터"
                    },
                    {
                        "word": "캐패시터 전압"
                    },
                    {
                        "word": "캐패시턴스 값"
                    },
                    {
                        "word": "파형"
                    },
                    {
                        "word": "푸리에 공간"
                    }
                ]
            },
            {
                "context_id": "55e-0c9-merge_2_034b7f4e-0c87da9b-4b22-4b94-a2f0-ab3ba499fe4e_02",
                "context_K-NSCC": {
                    "field": "인공물",
                    "large_category": "ED",
                    "medium_category": "03"
                },
                "context": "<h1>4. 안정도 해석</h1> <p>싸이리스터제어 병렬보상기의 싸이리스터가 On 상태에 있을 때, 그림 1의 전력송전 시스템의 상태 방정식은 식 (20)과 같다.</p> <p>\\( \\frac { d X(t) } { d t } = A \\cdot X(t) + B \\cdot U(t) \\)<caption>(20)</caption></p> <p>식 (20)의 시스템 상태 벡터 \\( \\mathrm { X } ( \\mathrm { t } ) \\)는 식 (21)과 같다.</p> <p>\\( X(t)= \\left [ \\begin {array} { llll } I_ { l p } (t), & I_ { 1 } (t), & I_ { 2 } (t), & V_ { p } (t) ^ { T } \\end {array} \\right ] \\)<caption>(21)</caption></p> <p>여기서 \\( \\mathrm { I } _ { 1 p } \\)은 싸이리스터제어 리액터 전류이고, \\( \\mathrm { I } _ { 1 } \\)과 \\( \\mathrm { I } _ { 2 } \\)는 송전선 전류, 그리고 \\( \\mathrm { V } _ {\\mathrm { p } } \\)는 캐패시터 전압이다. 식 (20)의 시스템 입력 \\( \\mathrm { U } ( \\mathrm { t } ) \\)는 그림 1 전력송전 시스템의 무한대 모선 또는 발전기를 등가처리한 전압원 \\( \\mathrm { E } _ { 1 } \\) 또는 \\( \\mathrm { E } _ { 2 } \\)이다.</p> <p>싸이리스터의 Off 구간에서 싸이리스터제어 병렬보상 전력 송전 시스템의 상태 방정식은 식 (22)와 같다.</p> <p>\\( \\frac { d X(t) } { d t } =P \\cdot A \\cdot X(t) + P \\cdot B \\cdot U(t) \\)<caption>(22)</caption></p> <p>여기서 \\( \\mathrm { P } \\)는 projection 행렬이며, 시스템 행렬 \\( \\mathrm { A } \\), 제어행렬 \\( \\mathrm { B } \\)와 함께 부록에 정리되어있다.</p> <p>싸이리스터제어 병렬보상 전력송전 시스템의 동특성은 식 (20), (22)에 의해서 표현되는 비선형 이산 주기 시스템으로서 Poincare Mapping 이론을 적용하여 안정도 해석을 수행할 수 있다. 정상상태에서는 도통각 \\( \\sigma_ { 1 } = \\sigma_ { 2 } \\) 라고 가정할 수 있으므로, 싸이리스터제어 병렬보상 전력송전 시스템의 안정도는 식 (23)의 쟈코비안 행렬 \\( \\mathrm { D } _ {\\mathrm { f } } \\)의 모든 고유치의 크기가 1 보다 작을 때이다.</p> <p>\\( D_ { f } \\left (X_ { 1 } , \\phi_ { 0 } , \\psi_ { 1 } \\right )= \\left (e ^ { P \\cdot A \\cdot \\left ( \\frac { T } { 2 } - \\sigma \\right ) } \\cdot P \\cdot e ^ { P \\cdot A \\sigma } \\right ) ^ { 2 } \\)<caption>(23)</caption></p> <p>식 (23)에서 \\( \\mathrm { X } _ { 0 } \\)는 시스템의 초기치이다. 시스템의 안정도는 초기치에 영향을 받지 않으며. 오직 도통각 의 크기에 의해서 결정됨을 알 수 있다.</p> <p>표 3은, 표 2의 시스템 데이터와 식 (23)의 쟈코비안 행렬 \\( \\mathrm { D } _ {\\mathrm { f } } \\)를 이용하여, 여러 운전점에서 계산한 고유치를 보인다. 또한 싸이리스터의 스위칭 동작이 필요없는 Blocked 모드에서의 고유치는 \\(-65.61, -39.37 \\pm \\mathrm { j } 341.05 \\), Bypass 모드에서의 고유치는 \\(-39.348, -76.407, -14.32 \\pm j 566.95 \\)이므로 시스템은 전 운전영역에서 안정함을 알 수 있다.</p>",
                "context_length": 1984,
                "clue": [
                    {
                        "clue_text": "싸이리스터제어 병렬보상 전력송전 시스템의 동특성은 식 (20), (22)에 의해서 표현되는 비선형 이산 주기 시스템으로서 Poincare Mapping 이론을 적용하여 안정도 해석을 수행할 수 있다.",
                        "clue_start": "1062",
                        "clue_end": "1173"
                    },
                    {
                        "clue_text": "싸이리스터제어 병렬보상기의 싸이리스터가 On 상태에 있을 때, 그림 1의 전력송전 시스템의 상태 방정식은 식 (20)과 같다.",
                        "clue_start": "22",
                        "clue_end": "92"
                    },
                    {
                        "clue_text": "싸이리스터의 Off 구간에서 싸이리스터제어 병렬보상 전력 송전 시스템의 상태 방정식은 식 (22)와 같다.",
                        "clue_start": "771",
                        "clue_end": "830"
                    }
                ],
                "terminology": [
                    {
                        "word": "Blocked 모드"
                    },
                    {
                        "word": "Bypass"
                    },
                    {
                        "word": "Bypass 모드"
                    },
                    {
                        "word": "Mapping"
                    },
                    {
                        "word": "On 상태"
                    },
                    {
                        "word": "Poincare Mapping 이론"
                    },
                    {
                        "word": "projection"
                    },
                    {
                        "word": "projection 행렬"
                    },
                    {
                        "word": "고유치"
                    },
                    {
                        "word": "도통각"
                    },
                    {
                        "word": "동특성"
                    },
                    {
                        "word": "리액터"
                    },
                    {
                        "word": "모선"
                    },
                    {
                        "word": "무한대 모선"
                    },
                    {
                        "word": "방정식"
                    },
                    {
                        "word": "벡터"
                    },
                    {
                        "word": "병렬보상"
                    },
                    {
                        "word": "병렬보상기"
                    },
                    {
                        "word": "비선형"
                    },
                    {
                        "word": "상태 방정식"
                    },
                    {
                        "word": "상태 벡터"
                    },
                    {
                        "word": "송전"
                    },
                    {
                        "word": "스위칭"
                    },
                    {
                        "word": "시스템 행렬"
                    },
                    {
                        "word": "시스템의 동특성"
                    },
                    {
                        "word": "싸이리스터"
                    },
                    {
                        "word": "싸이리스터제어"
                    },
                    {
                        "word": "운전영역"
                    },
                    {
                        "word": "운전점"
                    },
                    {
                        "word": "쟈코비안 행렬"
                    },
                    {
                        "word": "전력 송전 시스템"
                    },
                    {
                        "word": "전력송전"
                    },
                    {
                        "word": "전류"
                    },
                    {
                        "word": "전압원"
                    },
                    {
                        "word": "제어행렬"
                    },
                    {
                        "word": "캐패시터"
                    },
                    {
                        "word": "캐패시터 전압"
                    },
                    {
                        "word": "행렬"
                    }
                ]
            }
        ]
    }
}