{
    "dataset_info": {
        "identifier": "02-031-002-NL",
        "name": "기술과학 문서 요약 데이터",
        "category": "자연어",
        "last_updated": "2023-08-30"
    },
    "dataset": {
        "doc_id": "034b7f4e-5d569cf0-ea7f-433e-b027-fbc0bfe18f65",
        "doc_type": "논문",
        "doc_title": {
            "kor": "영구자석 동기 전동기의 제정수 오차가 센서리스 운전에 미치는 영향",
            "eng": ""
        },
        "doc_category": {
            "KDC": "560.5",
            "DDC": ""
        },
        "doc_number": {
            "ISSN": "1229-2214",
            "ISBN": "",
            "DOI": "",
            "UCI": ""
        },
        "doc_year": "2011",
        "doc_author": [
            "박용순",
            "설승기",
            "지준근",
            "박영재",
            "이동환"
        ],
        "doc_publisher": "전력전자학회",
        "doc_license": "CC BY-NC",
        "context_info": [
            {
                "context_id": "55e-0c9-merge_ed_034b7f4e-5d569cf0-ea7f-433e-b027-fbc0bfe18f65_01",
                "context_K-NSCC": {
                    "field": "인공물",
                    "large_category": "ED",
                    "medium_category": "05"
                },
                "context": "<p>영구자석에 의한 회전 자속의 위치와 여러 전동기 제정수 값들을 정확히 아는 경우, 위의 식 (1)과 같은 전향 보상이 이루어지면 d축 PI(Proportional and Integral) 제어기 출력은 0으로 수렴하게 된다. 본 논문에서 고려한 센서리스 기법은 회전 자속에 대한 각도의 추정 오차로 인한 성분이 d축 PI 제어기 출력에 반영됨을 근거로 하여, d축 PI 제어기 출력인 그림 1의 \\( v_ { d s_ { - } p i } ^ { r } \\)를 각 오차 정보로 사용한다.</p> <p>본 논문에서는 각도 및 속도를 추정하는 부분을 각 제어기(Angle Controller)라 지칭한다. 이것은 각 제어 기의 출력인 추정 각 \\( \\hat {\\theta } \\) 이 추정된 값으로 그치는 것이 아니라, 각 제어기의 입력인 d축 PI 제어기 출력이 0이 되도록 제어기 출력으로서 기능하기 때문이다.</p> <p>각 제어기는 그림 2 와 같은 간단한 PI 제어 형식으로도 구성할 수 있다.</p> <p>그림 2 에서 점선으로 표시된 부분은 위치 센서가 없는 센서리스 운전에서 실제로 알 수 없는 값으로, 그림 1 의 방법에서는 d축 PI 제어기 출력을 통해 간접적으로 얻어지는 부분이다. 각 오차인 \\( \\theta_ { d } = \\theta- \\hat {\\theta } \\) 에 비례하는 \\( k_ {\\theta } \\theta_ { d } \\) 와 같은 성분을 각 제어기의 입력으로 사용할 수 있으면, 다음의 식 (2)와 같이 실제 각에 대한 추종이 가능함을 알 수 있다.</p> <p>\\( \\hat {\\theta } = \\frac { k_ {\\theta } k_ { p o } s + k_ {\\theta } k_ { i o } } { s ^ { 2 } + k_ {\\theta } k_ { p o } s + k_ {\\theta } k_ { i o } } \\theta \\)<caption>(2)</caption></p> <h1>2. 제정수 오차의 영향</h1> <h2>2.1 각 오차 정보</h2> <p>각 오차 정보는 각 제어기의 입력으로, 그림 3과 같이 부호 요인과 이득 요인으로 나눌 수 있다.</p> <p>이득 요인은 그림 2 에서 알 수 있듯, 각 제어기의 비례·적분 이득 전체에 곱해지는 방식으로 추정 속도 및 각도의 변화 정도에 영향을 준다. 일반적으로 라디안(Radian) 단위의 각 오차를 얻기 위해 이득 요인의 추정치로 각 오차 정보를 나누어 사용하게 되는데, 여기서 이득 요인 \\( k_ {\\theta } \\) 와 그에 대한 추정치 \\( \\hat { k } _ {\\theta } \\) 가 일치하 지 않으면, 아래 그림 4 와 같이 1 이 아닌 어떠한 변환 이득 \\( k_ {\\epsilon } \\) 이 각 제어기의 비례·적분 이득으로 반영되어 반응성에 영향을 주게 된다.</p>",
                "context_length": 1410,
                "clue": [
                    {
                        "clue_text": "영구자석에 의한 회전 자속의 위치와 여러 전동기 제정수 값들을 정확히 아는 경우, 위의 식 (1)과 같은 전향 보상이 이루어지면 d축 PI(Proportional and Integral) 제어기 출력은 0으로 수렴하게 된다.",
                        "clue_start": "3",
                        "clue_end": "128"
                    },
                    {
                        "clue_text": "각 제어기는 그림 2 와 같은 간단한 PI 제어 형식으로도 구성할 수 있다.",
                        "clue_start": "464",
                        "clue_end": "506"
                    },
                    {
                        "clue_text": "각 오차 정보는 각 제어기의 입력으로, 그림 3과 같이 부호 요인과 이득 요인으로 나눌 수 있다.",
                        "clue_start": "1021",
                        "clue_end": "1075"
                    },
                    {
                        "clue_text": "이득 요인은 그림 2 에서 알 수 있듯, 각 제어기의 비례·적분 이득 전체에 곱해지는 방식으로 추정 속도 및 각도의 변화 정도에 영향을 준다.",
                        "clue_start": "1083",
                        "clue_end": "1162"
                    }
                ],
                "terminology": [
                    {
                        "word": "Controller"
                    },
                    {
                        "word": "PI"
                    },
                    {
                        "word": "PI 제어"
                    },
                    {
                        "word": "PI 제어기"
                    },
                    {
                        "word": "PI 제어기 출력"
                    },
                    {
                        "word": "Proportional"
                    },
                    {
                        "word": "각 제어기"
                    },
                    {
                        "word": "라디안"
                    },
                    {
                        "word": "변환 이득"
                    },
                    {
                        "word": "센서"
                    },
                    {
                        "word": "센서리스 기법"
                    },
                    {
                        "word": "센서리스 운전"
                    },
                    {
                        "word": "수렴"
                    },
                    {
                        "word": "자속"
                    },
                    {
                        "word": "전동기"
                    },
                    {
                        "word": "전동기 제정수"
                    },
                    {
                        "word": "전향 보상"
                    },
                    {
                        "word": "제어기"
                    },
                    {
                        "word": "제어기 출력"
                    },
                    {
                        "word": "제정수"
                    },
                    {
                        "word": "제정수 오차"
                    },
                    {
                        "word": "추정 오차"
                    },
                    {
                        "word": "회전 자속"
                    }
                ]
            },
            {
                "context_id": "55e-0c9-merge_ed_034b7f4e-5d569cf0-ea7f-433e-b027-fbc0bfe18f65_09",
                "context_K-NSCC": {
                    "field": "인공물",
                    "large_category": "ED",
                    "medium_category": "06"
                },
                "context": "<p>센서리스 운전 시 각 편차에 대한 저항 오차의 영향을 모의 실험하기 위해, 앞서 언급한 표면 부착형 영구자석 동기 전동기의 제정수를 사용하였다. 제어에 사용되는 인덕턴스를 실제 인덕턴스와 동일하게 맞추면 \\( \\left ( \\hat { L } _ { s } -L=0 \\right ) \\), 식 (10)은 다음의 식 (12)와 같은 관계가 된다</p> <p>\\( \\theta_ { d } \\approx \\frac { - \\left ( \\hat { R } _ { s } -R_ { s } \\right ) \\cdot \\hat { i } _ { d s } ^ { r } } {\\omega_ { r } \\lambda_ { f } } \\)<caption>(12)</caption></p> <p>일반적으로 표면 부착형 영구자석 동기 전동기는 d축 전류를 0A로 제어하지만, 저항 오차에 의한 영향을 살펴보기 위하여 d축 전류를 고의적으로 10A로 제어하였다. 식 (12)로부터 정확한 인덕턴스를 제어에 사용하고 d축 전류를 양으로 제어할 때, 저항 오차에 의한 영향은 각 편차에 음의 상관 관계로 비례할 것으로 예상할 수 있다.</p> <p>그림 9는 기계 각속도 \\( 80 \\mathrm { rad } / \\mathrm { s } \\), 무부하 일 때의 모의실험 결과로, 제어에 사용되는 저항을 실제 값인 \\( 0.98 \\Omega \\) 을 기준으로 10%씩 변화를 시켜가면서 각 편차를 관찰하였다. 그림 9는 식 (12)의 예상대로 저항 변화에 대한 음의 상관관계로 비례하는 각 편차가 나타났다. 그림 9와 그림 10의 비교를 통해 저항 오차에 대한 속도의 영향을 파악할 수 있다.</p> <p>그림 10은 그림 9에 대해 운전 조건이 동일하면서 속도만 \\( 160 \\mathrm { rad } / \\mathrm { s } \\)로 두 배 증가하였을 때의 저항 오차에 의한 영향을 관찰한 결과이다. 식 (12)에서 예상할 수 있듯, 저항 오차에 의한 각 편차의 변화 정도는 속도에 반비례하여, 동일한 저항 오차 변화에 대해 각 편차의 변화 정도가 감소한 것을 확인할 수 있다.</p> <p>센서리스 운전 시 저항 오차는 d축 전류가 양으로 제어될 경우, 그 오차에 음의 상관관계로 비례하는 각 편차를 유발하고, 그 영향은 속도가 커질수록 저하되는 것을 알 수 있다.</p> <h2>\\( 2.4 \\) 심험 결과</h2> <p>앞서 모의실험을 통해 도출된 수식의 타당성을 검토해보았다. 각 편차에 대한 식 (11)과 식 (12)의 경향성을 직접 확인하기 위해 \\( 1.8 \\mathrm { ~kW } , 1500 \\mathrm { r } / \\mathrm { min } , 15 \\mathrm { ~A } _ {\\mathrm { rms } } \\) 정격의 표면 부착형 영구자석 동기 전동기를 이용한 실험 세트를 구성하였다. 그림 11은 왼편의 시험 전동기인 표면 부착형 영구자석 동기 전동기와 오른편의 부하 전동기로 사용된 유도 전동기를 나타낸다. 시험 전동기는 센서리스 제어로 구동되지만, 각 오차를 측정하기 위해 \\( 5000 \\mathrm { ppr } \\)(Pulse Per Revolution)의 엔코더가 사용되었고, 부하 전동기는 간접 벡터 제어를 위해 \\( 1024 \\mathrm { ppr } \\)의 엔코더가 사용되었다.</p>",
                "context_length": 1642,
                "clue": [
                    {
                        "clue_text": "센서리스 운전 시 각 편차에 대한 저항 오차의 영향을 모의 실험하기 위해, 앞서 언급한 표면 부착형 영구자석 동기 전동기의 제정수를 사용하였다.",
                        "clue_start": "3",
                        "clue_end": "83"
                    },
                    {
                        "clue_text": "일반적으로 표면 부착형 영구자석 동기 전동기는 d축 전류를 0A로 제어하지만, 저항 오차에 의한 영향을 살펴보기 위하여 d축 전류를 고의적으로 10A로 제어하였다.",
                        "clue_start": "385",
                        "clue_end": "476"
                    },
                    {
                        "clue_text": "식 (12)로부터 정확한 인덕턴스를 제어에 사용하고 d축 전류를 양으로 제어할 때, 저항 오차에 의한 영향은 각 편차에 음의 상관 관계로 비례할 것으로 예상할 수 있다.",
                        "clue_start": "477",
                        "clue_end": "571"
                    },
                    {
                        "clue_text": "센서리스 운전 시 저항 오차는 d축 전류가 양으로 제어될 경우, 그 오차에 음의 상관관계로 비례하는 각 편차를 유발하고, 그 영향은 속도가 커질수록 저하되는 것을 알 수 있다.",
                        "clue_start": "1055",
                        "clue_end": "1153"
                    }
                ],
                "terminology": [
                    {
                        "word": "Per"
                    },
                    {
                        "word": "Pulse"
                    },
                    {
                        "word": "d축 전류"
                    },
                    {
                        "word": "ppr"
                    },
                    {
                        "word": "각속도"
                    },
                    {
                        "word": "간접 벡터 제어"
                    },
                    {
                        "word": "기계 각속도"
                    },
                    {
                        "word": "동기 전동기"
                    },
                    {
                        "word": "모의실험"
                    },
                    {
                        "word": "무부하"
                    },
                    {
                        "word": "벡터"
                    },
                    {
                        "word": "벡터 제어"
                    },
                    {
                        "word": "부착형 영구자석 동기 전동기"
                    },
                    {
                        "word": "부하 전동기"
                    },
                    {
                        "word": "상관관계"
                    },
                    {
                        "word": "센서리스 운전"
                    },
                    {
                        "word": "엔코더"
                    },
                    {
                        "word": "영구자석 동기 전동기"
                    },
                    {
                        "word": "유도 전동기"
                    },
                    {
                        "word": "인덕턴스"
                    },
                    {
                        "word": "저항 오차"
                    },
                    {
                        "word": "전동기"
                    },
                    {
                        "word": "전류"
                    },
                    {
                        "word": "제정수"
                    },
                    {
                        "word": "표면 부착형 영구자석 동기 전동기"
                    }
                ]
            },
            {
                "context_id": "55e-0c9-merge_ed_034b7f4e-5d569cf0-ea7f-433e-b027-fbc0bfe18f65_02",
                "context_K-NSCC": {
                    "field": "인공물",
                    "large_category": "ED",
                    "medium_category": "06"
                },
                "context": "<p>각 제어기의 반응성 저하로 인한 문제는 속도나 부하 토크가 급격하게 변화할 때 나타나는 것으로, 높은 동특성에 대한 요구가 적은 압축기용 전동기는 운전 조건의 변화 비율을 제한함으로써, 이득 요인의 오차로 인한 변환 이득의 영향을 저감할 수 있다. 본 논문에서는 이득 요인보다는 부호 요인에 있어 제정수의 오차가 미치는 영향에 초점을 맞추었다.</p> <p>각 오차 정보의 부호 요인은 그림 4 에서 알 수 있듯, 그 부호에 따라 추정 속도의 변화 여부를 결정한다. 부호 요인이 0 인 경우 추정 속도는 더 이상 변화하지 않으며, 부호 요인이 0이 아닌 경우는 그 부호에 따라 추정 속도가 증가 혹은 감소하게 된다.</p> <p>그림 5는 부호 요인에 \\( \\epsilon \\) 의 오차가 발생한 경우로, 추정 각 \\( \\hat {\\theta } \\) 이 실제각 \\( \\theta \\) 와 일치하여 추정 각 오차가 존재하지 않더라도, 각 제어기는 오차인 \\( \\epsilon \\) 성분에 의해 속도 추정을 멈추지 않게 되고, 결과적으로 정상 상태에서 추정 각은 실제 각과 일정한 편차를 유지하게 된다.</p> <p>본 논문에서 기준으로 하는 그림 1의 센서리스 기법은 d축 PI 제어기 출력을 각 오차 정보로 사용한다. d축 PI 제어기 출력의 부호에 따라 추정 속도의 변화 여부가 결정되므로, d축 PI 제어기 출력에 각 오차 정보의 부호 요인이 포함되어 있다. 추정 각 편차를 초래하는 원인은 d축 PI 제어기 출력을 통해 반영될 수 밖에 없으므로, 본 논문에서는 센서리스 시스템의 d축 전류 제어를 중심으로 제정수 오차가 각 편차에 미치는 영향을 분석하였다.</p> <h2>2.2 제정수 오차와 각 편차</h2> <p>전압 방정식을 이용한 센서리스 기법은 운전 속도가 극히 낮은 경우, 각 오차 정보의 근거가 되는 역기전력 성분이 작아 운전이 불가능하다. 역기전력 정보를 얻을 수 있는 충분히 큰 운전 속도에 대해서만 고려할 때, 실제 속도의 절대 값에 비해 속도 추정 오차는 미미한 것으로 간주될 수 있다.</p> <p>추정 속도와 실제 속도가 거의 일치한다고 가정하면, 추정 회전자 좌표계의 전압 방정식은 식 (3)이 된다. 본 논문에서 각 오차 \\( \\theta_ { d } \\) 는 \\( \\theta- \\hat {\\theta } \\) 이고, d-q축 인덕턴스 차이 \\( \\Delta L \\) 은 \\( L_ { d } -L_ { q } \\) 로 돌극성(Saliency)이라 지칭한다.</p>",
                "context_length": 1235,
                "clue": [
                    {
                        "clue_text": "본 논문에서는 이득 요인보다는 부호 요인에 있어 제정수의 오차가 미치는 영향에 초점을 맞추었다.",
                        "clue_start": "142",
                        "clue_end": "195"
                    },
                    {
                        "clue_text": "부호 요인이 0 인 경우 추정 속도는 더 이상 변화하지 않으며, 부호 요인이 0이 아닌 경우는 그 부호에 따라 추정 속도가 증가 혹은 감소하게 된다.",
                        "clue_start": "264",
                        "clue_end": "347"
                    },
                    {
                        "clue_text": "본 논문에서는 센서리스 시스템의 d축 전류 제어를 중심으로 제정수 오차가 각 편차에 미치는 영향을 분석하였다.",
                        "clue_start": "761",
                        "clue_end": "822"
                    },
                    {
                        "clue_text": "전압 방정식을 이용한 센서리스 기법은 운전 속도가 극히 낮은 경우, 각 오차 정보의 근거가 되는 역기전력 성분이 작아 운전이 불가능하다.",
                        "clue_start": "856",
                        "clue_end": "932"
                    }
                ],
                "terminology": [
                    {
                        "word": "PI"
                    },
                    {
                        "word": "PI 제어기"
                    },
                    {
                        "word": "PI 제어기 출력"
                    },
                    {
                        "word": "Saliency"
                    },
                    {
                        "word": "d-q축"
                    },
                    {
                        "word": "d축 전류"
                    },
                    {
                        "word": "각 제어기"
                    },
                    {
                        "word": "돌극성"
                    },
                    {
                        "word": "동특성"
                    },
                    {
                        "word": "방정식"
                    },
                    {
                        "word": "변환 이득"
                    },
                    {
                        "word": "부하 토크"
                    },
                    {
                        "word": "부호 요인"
                    },
                    {
                        "word": "센서리스 기법"
                    },
                    {
                        "word": "센서리스 시스템"
                    },
                    {
                        "word": "실제각"
                    },
                    {
                        "word": "압축기용 전동기"
                    },
                    {
                        "word": "역기전력"
                    },
                    {
                        "word": "역기전력 성분"
                    },
                    {
                        "word": "역기전력 정보"
                    },
                    {
                        "word": "인덕턴스"
                    },
                    {
                        "word": "전동기"
                    },
                    {
                        "word": "전류"
                    },
                    {
                        "word": "전압 방정식"
                    },
                    {
                        "word": "제어기"
                    },
                    {
                        "word": "제어기 출력"
                    },
                    {
                        "word": "제정수"
                    },
                    {
                        "word": "제정수 오차"
                    },
                    {
                        "word": "좌표계"
                    },
                    {
                        "word": "추정 오차"
                    },
                    {
                        "word": "회전자"
                    },
                    {
                        "word": "회전자 좌표계"
                    }
                ]
            },
            {
                "context_id": "55e-0c9-merge_ed_034b7f4e-5d569cf0-ea7f-433e-b027-fbc0bfe18f65_05",
                "context_K-NSCC": {
                    "field": "인공물",
                    "large_category": "ED",
                    "medium_category": "06"
                },
                "context": "<p>식 (5)를 d축 PI 제어기 출력에 대해 정리하면, 다음의 식 (6)을 얻을 수 있다.</p> <p>\\( \\begin {aligned} v_ { d s_ { - } p t } ^ { r } =& \\frac { L_ { 11 } k_ { p d } s ^ { 2 } + \\left (R_ { 11 } k_ { p d } + L_ { 11 } k_ { i d } \\right ) s + R_ { 11 } k_ { i d } \\hat { i } _ { d s } ^ { r ^ { * } } } { L_ { 11 } s ^ { 2 } + \\left (R_ { 11 } + k_ { p d } \\right ) s + k_ { i d } } \\\\ + \\left \\{ - \\hat { R } _ { s } \\hat { i } _ { d s } ^ { r } + \\omega_ { r } \\hat { L } _ { q } \\hat { i } _ { q s } ^ { r } + \\left (L_ { 12 } s + R_ { 12 } \\right ) \\cdot \\hat { i } _ { q s } ^ { r } - \\omega_ { r } \\lambda_ { f } \\sin \\theta_ { d } \\right \\} \\\\ & \\times \\frac { k_ { p d } s + k_ { i d } } { L_ { 11 } s ^ { 2 } + \\left (R_ { 11 } + k_ { p d } \\right ) s + k_ { i d } } \\end {aligned} \\)<caption>(6)</caption></p> <p>최종값 정리(Final value theorem)에 의해, 정상 상태에 이르면 식 (6)의 d축 PI 제어기 출력은 다음의 식 (7)처럼 식 (6)의 적분 이득인 \\( k_ { i d } \\) 에 곱해진 성분으로 수렴하게 된다.</p>",
                "context_length": 929,
                "clue": [
                    {
                        "clue_text": "최종값 정리(Final value theorem)에 의해, 정상 상태에 이르면 식 (6)의 d축 PI 제어기 출력은 다음의 식 (7)처럼 식 (6)의 적분 이득인 \\( k_ { i d } \\) 에 곱해진 성분으로 수렴하게 된다.",
                        "clue_start": "798",
                        "clue_end": "925"
                    }
                ],
                "terminology": [
                    {
                        "word": "PI"
                    },
                    {
                        "word": "PI 제어기"
                    },
                    {
                        "word": "PI 제어기 출력"
                    },
                    {
                        "word": "theorem"
                    },
                    {
                        "word": "수렴"
                    },
                    {
                        "word": "적분"
                    },
                    {
                        "word": "제어기"
                    },
                    {
                        "word": "제어기 출력"
                    }
                ]
            },
            {
                "context_id": "55e-0c9-merge_ed_034b7f4e-5d569cf0-ea7f-433e-b027-fbc0bfe18f65_08",
                "context_K-NSCC": {
                    "field": "인공물",
                    "large_category": "ED",
                    "medium_category": "06"
                },
                "context": "<p>표면 부착형 영구자석 동기 전동기는 단위 전류당 최대 토크(MTPA) 운전에 의해 일반적으로 d축 전류가 \\(0\\mathrm{A}\\)로 제어되므로, 다음의 식 (11)에 의해 센서리스 운전 시 일반적으로 인덕턴스 오차가 각 편차에 지배적인 영향을 미칠 것으로 예상할 수 있다.</p> <p>\\( \\theta_ { d } \\approx \\frac {\\left ( \\hat { L } _ { s } -L_ { s } \\right ) \\cdot \\hat { i } _ { q s } ^ { r } } {\\lambda_ { f } } \\)<caption>(11)</caption></p> <h2>2.3 모의실험 결과</h2> <p>센서리스 운전 시 제정수 오차가 각 편차에 미치는 영향에 대해 도출된 수식의 타당성을 검증하기 위해, 일련의 모의실험을 진행하였다. 식 (10)에서 예상할 수 있듯 인덕턴스와 저항의 오차를 동시에 변화시킬 경우, 각 제정수 오차의 영향이 중첩되어 도출된 수식의 경향성을 관찰하기에는 적합하지 않으므로, 인덕턴스 오차와 저항 오차에 의한 영향을 분리하여 관찰하도록 모의실험을 진행하였다.</p> <p>우선 인덕턴스 오차에 의한 영향을 관찰하기 위해, \\( 1.8 \\mathrm { ~kW } , 1500 \\mathrm { r } / \\mathrm { min } , 15 \\mathrm { ~A } _ {\\mathrm { rms } } \\) 정격의 표면 부착형 영구자석 동기 전동기의 제정수로 모의실험을 진행하였다. 그림 7의 운전 조건은 기계 각속도가 \\( 110 \\mathrm { rad } / \\mathrm { s } \\)일 때 \\( 11.11 \\mathrm { ~N } \\cdot \\mathrm { m } \\)의 부하가 걸린 상황으로, 저항 오차에 의한 영향을 배제하기 위해 d축 전류는 \\(0\\mathrm{A}\\)로 제어 되었다. 인덕턴스가 실제 값인 \\( 2.65 \\mathrm { mH } \\)을 기준으로 약 \\( 1 \\% \\) 씩 변화할 때 각 편차의 변화를 관찰하였다.</p> <p>식 (11)에서 예상한 것과 동일하게, 그림 7의 모의실험 결과 각 편차와 인덕턴스 오차는 서로 비례하는 관계로 나타났다.</p> <p>그림 8은 그림 7과 동일한 운전 조건에서 부하 토크만 \\( 1.11 \\mathrm { ~N } \\cdot \\mathrm { m } \\) 로 \\( 10 \\mathrm { ~N } \\cdot \\mathrm { m } \\)가 감소하였을 경우에 대한 모의실험 결과이다. 식 (11)에서 예상할 수 있듯, 인덕턴스 오차에 의한 각 편차의 변화 정도는 q축 전류의 크기에 비례한다. 표면 부착형 영구자석 동기 전동기는 토크가 곧바로 q축 전류에 비례하므로, 부하 토크 감소에 따라 q축 전류가 감소하였고, 그에 따라 동일한 인덕턴스 오차 변화에 대해서 각 편차의 변화 정도가 감소한 것을 확인할 수 있다. 센서리스 운전 시 인덕턴스 오차는, 그것에 비례하는 각 편차를 유발하고, 그 영향은 q축 전류가 커질수록 심해지는 것을 알 수 있다.</p>",
                "context_length": 1509,
                "clue": [
                    {
                        "clue_text": "표면 부착형 영구자석 동기 전동기는 단위 전류당 최대 토크(MTPA) 운전에 의해 일반적으로 d축 전류가 \\(0\\mathrm{A}\\)로 제어되므로, 다음의 식 (11)에 의해 센서리스 운전 시 일반적으로 인덕턴스 오차가 각 편차에 지배적인 영향을 미칠 것으로 예상할 수 있다.",
                        "clue_start": "3",
                        "clue_end": "157"
                    },
                    {
                        "clue_text": "센서리스 운전 시 인덕턴스 오차는, 그것에 비례하는 각 편차를 유발하고, 그 영향은 q축 전류가 커질수록 심해지는 것을 알 수 있다.",
                        "clue_start": "1431",
                        "clue_end": "1505"
                    },
                    {
                        "clue_text": "\\( \\theta_ { d } \\approx \\frac {\\left ( \\hat { L } _ { s } -L_ { s } \\right ) \\cdot \\hat { i } _ { q s } ^ { r } } {\\lambda_ { f } } \\)",
                        "clue_start": "165",
                        "clue_end": "300"
                    }
                ],
                "terminology": [
                    {
                        "word": "MTPA"
                    },
                    {
                        "word": "d축 전류"
                    },
                    {
                        "word": "q축 전류"
                    },
                    {
                        "word": "각속도"
                    },
                    {
                        "word": "기계 각속도"
                    },
                    {
                        "word": "단위 전류당 최대 토크"
                    },
                    {
                        "word": "동기 전동기"
                    },
                    {
                        "word": "모의실험"
                    },
                    {
                        "word": "부착형 영구자석 동기 전동기"
                    },
                    {
                        "word": "부하 토크"
                    },
                    {
                        "word": "센서리스 운전"
                    },
                    {
                        "word": "영구자석 동기 전동기"
                    },
                    {
                        "word": "인덕턴스"
                    },
                    {
                        "word": "인덕턴스 오차"
                    },
                    {
                        "word": "저항 오차"
                    },
                    {
                        "word": "전동기"
                    },
                    {
                        "word": "전류"
                    },
                    {
                        "word": "제정수"
                    },
                    {
                        "word": "제정수 오차"
                    },
                    {
                        "word": "최대 토크"
                    },
                    {
                        "word": "표면 부착형 영구자석 동기 전동기"
                    }
                ]
            },
            {
                "context_id": "55e-0c9-merge_ed_034b7f4e-5d569cf0-ea7f-433e-b027-fbc0bfe18f65_10",
                "context_K-NSCC": {
                    "field": "인공물",
                    "large_category": "ED",
                    "medium_category": "06"
                },
                "context": "<p>실험 세트는 Texas Instruments 사의 DSP인 TMS320VC33을 이용하는 디지털 제어보드를 이용해 구동되었다. 샘플링 주파수는 \\( 10 \\mathrm { kHz } \\)이며, 스위칭 주파수는 \\( 5 \\mathrm { kHz } \\)이다.</p> <p>인덕턴스 오차의 영향에 대한 실험을 먼저 진행하였다. 운전 조건이 \\( 1100 \\mathrm { r } / \\mathrm { min } , 5 \\mathrm { ~N } \\cdot \\mathrm { m } \\) 부하일 때, 각 편차가 0이 되는 인덕턴스를 기준으로 약 10%씩 인덕턴스를 변화시켜 가면서 그에 따른 각 편차의 변화를 관찰하였다. 이 때 저항 오차에 의한 영향을 배제하여 식(11)의 경향성을 관찰하기 위해, d축 전류는 0A로 제어되었다.</p> <p>그림 13은 인덕턴스 오차에 따른 각 편차의 실험 결과를 나타낸 것으로, 각 편차와 인덕턴스 오차에 대한 파형이 양의 상관관계를 가지며 서로 비례하였던 그림7의 모의실험 결과를, 실제 실험을 통해서도 확인할 수 있다.</p> <p>센서리스 운전 시 저항 오차가 각 편차에 미치는 영향을 실험으로 확인하기 위해서는, \\( 800 \\mathrm { r } / \\mathrm { min } \\)의 마찰에 의한 부하만 있는 운전 조건에서 실험을 진행하였다. 첫째로 식 (12)의 관계가 성립하도록, 그림 13과 같은 관찰을 통해 각 편차가 0에 근사하는 인덕턴스를 찾아 제어에 사용하였다. 둘째로 저항 오차가 각 편차에 미치는 영향을 확대하여 관찰하기 위해 무부하 상태에서 d축 전류를 10A로 제어하였다.</p> <p>그림 9의 모의실험 결과를 통해, 실제 인덕턴스와 동일한 값을 제어에 사용하고 d축 전류를 양으로 제어하면, 시험 전동기의 센서리스 운전에서 저항 오차에 대한 각 편차는 서로 음의 상관관계로 비례하는 것을 확인하였다. 그림 14는 그러한 예상을 그대로 확인해주는 것으로, 각 편차가 0이 되는 저항 값을 기준으로 20%씩 변화하는 저항에 대해 각 편차는 음의 상관관계로 비례하는 결과를 관찰할 수 있었다.</p> <h1>3. 결 론</h1> <p>본 논문에서는 영구자석 동기 전동기의 센서리스 운전 시 전동기 제정수 오차가 각 편차에 미치는 영향을 수식으로 도출하였고, 각 편차에 영향을 미치는 주요한 제정수는 저항과 인덕턴스임을 입증하였다. 모의실험 및 실험을 통해 인덕턴스와 저항의 오차는 그 크기에 비례하는 각 편차를 초래함을 확인하였는데, 그 중에 인덕턴스 오차는 q축 전류가 커질수록 그 영향이 심해짐을 알 수 있었고, 저항 오차는 속도가 커질수록 그 영향이 저하됨을 알 수 있었다.</p> <p>본 논문의 분석을 근거로 센서리스 운전 중의 추정 각 편차 발생의 주요한 원인은 제어에 사용되는 저항과 인덕턴스의 추정 오차임을 알 수 있다. 실제 각에 대한 추정 각의 편차 발생을 해결하기 위해서는 저항과 인덕턴스를 실시간으로 추정하는 방법에 대한 연구가 필요하다.</p>",
                "context_length": 1476,
                "clue": [
                    {
                        "clue_text": "실험 세트는 Texas Instruments 사의 DSP인 TMS320VC33을 이용하는 디지털 제어보드를 이용해 구동되었다.",
                        "clue_start": "3",
                        "clue_end": "73"
                    },
                    {
                        "clue_text": "모의실험 및 실험을 통해 인덕턴스와 저항의 오차는 그 크기에 비례하는 각 편차를 초래함을 확인하였는데, 그 중에 인덕턴스 오차는 q축 전류가 커질수록 그 영향이 심해짐을 알 수 있었고, 저항 오차는 속도가 커질수록 그 영향이 저하됨을 알 수 있었다.",
                        "clue_start": "1176",
                        "clue_end": "1315"
                    }
                ],
                "terminology": [
                    {
                        "word": "Texas Instruments"
                    },
                    {
                        "word": "d축 전류"
                    },
                    {
                        "word": "q축 전류"
                    },
                    {
                        "word": "근사"
                    },
                    {
                        "word": "동기 전동기"
                    },
                    {
                        "word": "디지털 제어보드"
                    },
                    {
                        "word": "모의실험"
                    },
                    {
                        "word": "무부하"
                    },
                    {
                        "word": "상관관계"
                    },
                    {
                        "word": "샘플링 주파수"
                    },
                    {
                        "word": "센서리스 운전"
                    },
                    {
                        "word": "스위칭"
                    },
                    {
                        "word": "스위칭 주파수"
                    },
                    {
                        "word": "영구자석 동기 전동기"
                    },
                    {
                        "word": "인덕턴스"
                    },
                    {
                        "word": "인덕턴스 오차"
                    },
                    {
                        "word": "저항 오차"
                    },
                    {
                        "word": "전동기"
                    },
                    {
                        "word": "전동기 제정수"
                    },
                    {
                        "word": "전류"
                    },
                    {
                        "word": "제정수"
                    },
                    {
                        "word": "제정수 오차"
                    },
                    {
                        "word": "주파수"
                    },
                    {
                        "word": "파형"
                    }
                ]
            },
            {
                "context_id": "55e-0c9-merge_ed_034b7f4e-5d569cf0-ea7f-433e-b027-fbc0bfe18f65_04",
                "context_K-NSCC": {
                    "field": "인공물",
                    "large_category": "ED",
                    "medium_category": "06"
                },
                "context": "<p>수식 전개의 편의를 위해 식 (3)을 식 (4)로 대신하도록 한다. 즉 식 (3)의 우변에서 전류 성분에 대한 계수는 식 (4)에서 \\( R_ { x y } \\) 로, 식 (3)에서 전류의 미분 변화 성분에 대한 계수는 식 (4)에서 \\( L_ { x y } \\) 로 표시하였다.</p> <p>\\( \\left [ \\begin {array} { l } \\hat { v } _ { d s } ^ { r } \\\\ \\hat { v } _ { q s } ^ { r } \\end {array} \\right ]= \\left [ \\begin {array} { ll } R_ { 11 } & R_ { 12 } \\\\ R_ { 21 } & R_ { 22 } \\end {array} \\right ] \\left [ \\begin {array} { l } \\hat { i } _ { d s } ^ { r } \\\\ \\hat { i } _ { q s } ^ { r } \\end {array} \\right ] + \\left [ \\begin {array} { ll } L_ { 11 } & L_ { 12 } \\\\ L_ { 21 } & L_ { 22 } \\end {array} \\right ] \\left [ \\begin {array} { l } p \\hat { i } _ { d s } ^ { r } \\\\ p_ { d s } ^ { r } \\end {array} \\right ] + \\omega_ { r } \\lambda_ { f } \\left [ \\begin {array} { c } - \\sin \\theta_ { d } \\\\ \\cos \\theta_ { d } \\end {array} \\right ] \\)<caption>(4)</caption></p> <p>식 (4)를 이용하여 d축의 등가회로를 구성하면, d축 전류 제어의 블록선도는 그림 6과 같다.</p> <p>그림 6으로부터 아래 식 (5)와 같은 관계를 도출할 수 있다.</p> <p>\\( \\begin {aligned} \\left ( \\hat { i } _ { d s } ^ { r ^ { * } } - \\right .& \\left . \\frac { v_ { d s_ { - } p i } ^ { r } + \\hat { R } _ { s } \\hat { i } _ { d s } ^ { r } - \\omega_ { r } \\hat { L } _ { q q s } \\hat { i } _ { q s } ^ { r } - \\left (L_ { 12 } s + R_ { 12 } \\right ) \\hat { i } _ { q s } ^ { r } + \\omega_ { r } \\lambda_ { f } \\sin \\theta_ { d } } { L_ { 11 } s + R_ { 11 } } \\right ) \\\\ & \\times \\left (k_ { p d } + \\frac { k_ { i d } } { s } \\right )=v_ { d s_ { - } p i } ^ { r } \\end {aligned} \\)<caption>(5)</caption></p>",
                "context_length": 1502,
                "clue": [
                    {
                        "clue_text": "수식 전개의 편의를 위해 식 (3)을 식 (4)로 대신하도록 한다.",
                        "clue_start": "3",
                        "clue_end": "40"
                    },
                    {
                        "clue_text": "즉 식 (3)의 우변에서 전류 성분에 대한 계수는 식 (4)에서 \\( R_ { x y } \\) 로, 식 (3)에서 전류의 미분 변화 성분에 대한 계수는 식 (4)에서 \\( L_ { x y } \\) 로 표시하였다.",
                        "clue_start": "41",
                        "clue_end": "159"
                    },
                    {
                        "clue_text": "식 (4)를 이용하여 d축의 등가회로를 구성하면, d축 전류 제어의 블록선도는 그림 6과 같다.",
                        "clue_start": "856",
                        "clue_end": "909"
                    },
                    {
                        "clue_text": "그림 6으로부터 아래 식 (5)와 같은 관계를 도출할 수 있다.",
                        "clue_start": "917",
                        "clue_end": "952"
                    }
                ],
                "terminology": [
                    {
                        "word": "d축 전류"
                    },
                    {
                        "word": "등가회로"
                    },
                    {
                        "word": "미분 변화 성분"
                    },
                    {
                        "word": "블록선도"
                    },
                    {
                        "word": "전개"
                    },
                    {
                        "word": "전류"
                    },
                    {
                        "word": "전류 성분"
                    }
                ]
            },
            {
                "context_id": "55e-0c9-merge_ed_034b7f4e-5d569cf0-ea7f-433e-b027-fbc0bfe18f65_07",
                "context_K-NSCC": {
                    "field": "인공물",
                    "large_category": "ED",
                    "medium_category": "06"
                },
                "context": "<p>각 제어기는 그 입력이 되는 d축 PI 제어기 출력이 0 이 되도록 추정 각을 제어하므로, 식 (8)의 좌변이 0 일 때 각 편차가 결정되는 것을 알 수 있다. 각 편차가 충분히 작게 되면 삼각함수에 대한 \\( \\sin \\theta_ { d } \\approx \\theta_ { d } \\) 와 \\( \\cos \\theta_ { d } \\approx 1 \\) 의 근사가 성립하여, 각 편차에 대해 식 (9) 를 얻을 수 있다.</p> <p>\\( \\theta_ { d } \\approx \\frac {\\left ( \\hat { L } _ { q } -L_ { q } \\right ) \\cdot \\hat { i } _ { q s } ^ { r } - \\frac {\\left ( \\hat { R } _ { s } -R_ { s } \\right ) } {\\omega_ { r } } \\cdot \\hat { i } _ { d s } ^ { r } } {\\Delta L \\cdot \\hat { i } _ { d s } ^ { r } + \\lambda_ { f } } \\)<caption>(9)</caption></p> <p>식 (9)에 의해 본 논문의 기준 센서리스 기법은 전동기의 제정수 중 인덕턴스와 저항의 오차가 각도 추정 편차에 각각 영향을 줄 것으로 예상할 수 있다. 식 (9)에서 돌극성과 쇄교자속도 각 편차에 영향을 줄 것으로 예상할 수 있지만, 그 영향은 두 제정수의 실제값에 대한 추정 오차에 의한 것은 아니다. 그 밖에도 전류 및 속도 등과 같은 운전 조건도 각 편차에 영향을 줄 것으로 예상할 수 있다. 식 (9)의 결과는 인버터의 영향을 고려하지 않을 때, 역기전력 관측기를 이용한 다른 센서리스 기법에서 분석된 각 편차에 대한 제정수 오차의 경향성과 일치한다.</p> <p>\\( \\theta_ { d } \\approx \\frac {\\left ( \\hat { L } _ { s } -L_ { s } \\right ) \\cdot \\hat { i } _ { q s } ^ { r } - \\frac {\\left ( \\hat { R } _ { s } -R_ { s } \\right ) } {\\omega_ { r } } \\cdot \\hat { i } _ { d s } ^ { r } } {\\lambda_ { f } } \\)<caption>(10)</caption></p>",
                "context_length": 1159,
                "clue": [
                    {
                        "clue_text": "\\( \\theta_ { d } \\approx \\frac {\\left ( \\hat { L } _ { q } -L_ { q } \\right ) \\cdot \\hat { i } _ { q s } ^ { r } - \\frac {\\left ( \\hat { R } _ { s } -R_ { s } \\right ) } {\\omega_ { r } } \\cdot \\hat { i } _ { d s } ^ { r } } {\\Delta L \\cdot \\hat { i } _ { d s } ^ { r } + \\lambda_ { f } } \\)<caption>(9)</caption>",
                        "clue_start": "247",
                        "clue_end": "559"
                    },
                    {
                        "clue_text": "식 (9)에 의해 본 논문의 기준 센서리스 기법은 전동기의 제정수 중 인덕턴스와 저항의 오차가 각도 추정 편차에 각각 영향을 줄 것으로 예상할 수 있다.",
                        "clue_start": "567",
                        "clue_end": "652"
                    },
                    {
                        "clue_text": "식 (9)의 결과는 인버터의 영향을 고려하지 않을 때, 역기전력 관측기를 이용한 다른 센서리스 기법에서 분석된 각 편차에 대한 제정수 오차의 경향성과 일치한다.",
                        "clue_start": "791",
                        "clue_end": "880"
                    }
                ],
                "terminology": [
                    {
                        "word": "PI"
                    },
                    {
                        "word": "PI 제어기"
                    },
                    {
                        "word": "PI 제어기 출력"
                    },
                    {
                        "word": "각 제어기"
                    },
                    {
                        "word": "근사"
                    },
                    {
                        "word": "삼각함수"
                    },
                    {
                        "word": "센서리스 기법"
                    },
                    {
                        "word": "쇄교자속도"
                    },
                    {
                        "word": "역기전력"
                    },
                    {
                        "word": "역기전력 관측기"
                    },
                    {
                        "word": "전동기"
                    },
                    {
                        "word": "전류"
                    },
                    {
                        "word": "제어기"
                    },
                    {
                        "word": "제어기 출력"
                    },
                    {
                        "word": "제정수"
                    },
                    {
                        "word": "제정수 오차"
                    },
                    {
                        "word": "추정 오차"
                    },
                    {
                        "word": "추정 편차"
                    }
                ]
            },
            {
                "context_id": "55e-0c9-merge_ed_034b7f4e-5d569cf0-ea7f-433e-b027-fbc0bfe18f65_00",
                "context_K-NSCC": {
                    "field": "인공물",
                    "large_category": "ED",
                    "medium_category": "05"
                },
                "context": "<h1>요 약</h1> <p>본 논문에서는 영구자석 동기 전동기의 센서리스 운전에 있어, 제어에 사용되는 제정수의 오차가 각도 추정 성능에 미치는 영향을 분석하였다. 회전 자속의 위치를 추정하는데 사용되는 위치 오차 정보를 부호 요인과 이득 요인으로 나누어, 그 중에 각도 추정의 편차를 초래하는 부호 요인을 중심으로 제정수 오차가 각도 추정 성능에 미치는 영향을 분석하였다. 본 논문에서는 센서리스 제어에 사용되는 저항과 인덕턴스의 오차로 표현되는 각도 추정 편차의 함수를 수식적으로 도출하였고, 모의실험 및 실험을 통해 도출된 수식의 타당성을 검증하였다.</p> <h1>1. 서 론</h1> <p>최근 들어 공조기(Air Conditioner)에 사용되는 압축기용 전동기로 효율 및 출력 밀도가 우수한 영구자석동기 전동기가 주목을 받고 있다. 이러한 응용 분야에 있어 위치 센서의 동작 온도 제한 및 가격 부담을 이유로 위치 센서가 없는 센서리스 운전에 대한 관심이 커지고 있다. 압축기 구동용 전동기의 센서리스 운전에는 통상적으로 전압 방정식을 이용한 방법이 사용 된다.</p> <p>이러한 방법은 기본적으로 전동기 제정수인 저항, 인덕턴스 및 쇄교자속을 정확히 알고 있음을 전제로 하므로, 제어에 사용되는 전동기 제정수의 실제 값에 대한 추정 오차는 센서리스 운전 성능의 저하를 초래할 수 있다.</p> <p>운전 조건이 바뀌면 전류 및 온도 등의 변화로 전동기의 제정수 또한 변화하므로, 제정수 각각에 대한 하나의 추정 값만을 센서리스 제어에 사용할 경우 제정수 오차로 인한 문제가 발생할 수 있다. 모든 제정수 변화를 실시간으로 추정하여 곧바로 제어에 반영하는 것은 추정의 정밀도 및 운전의 안전성에 있어 현실적인 제약이 따르므로, 제정수 오차가 센서리스 운전에 미치는 영향을 분석하여 우선적으로 추정이 필요한 주요 제정 수를 선정하고 그 추정 방법을 논할 필요가 있다.</p> <p>그림 1은 본 논문에서 기준으로 하는 센서리스 기법으로 d-q축의 전향보상(Feed-forward) 항은 식 (1)과 같이 회전자에 동기된 d-q 좌표축으로 표시된 영구자석 동기 전동기 전압 방정식으로부터 쉽게 구할 수 있다. 속도 전압 외에도 d-q축의 저항에 의한 전압 강하 성분도 전향 보상에 포함되어 있다.</p> <p>\\( \\left \\{\\begin {array} { l } v_ { d s_ { - } f f f } ^ { r } = \\hat { R } _ { s } \\hat { s } _ { d s } ^ { r } - \\hat {\\omega } _ { r } \\hat { L } _ { q q } \\hat { i } _ { q s } ^ { r } \\\\ v_ { q s_ { - } f f } ^ { r } = \\hat { R } _ { s } \\hat { s } _ { q s } ^ { r } + \\hat {\\omega } _ { r } \\cdot \\left ( \\hat { L } _ { d } \\hat { i } _ { d s } ^ { r } + \\hat {\\lambda } _ { f } \\right ) \\end {array} \\right . \\)<caption>(1)</caption></p>",
                "context_length": 1576,
                "clue": [
                    {
                        "clue_text": "본 논문에서는 영구자석 동기 전동기의 센서리스 운전에 있어, 제어에 사용되는 제정수의 오차가 각도 추정 성능에 미치는 영향을 분석하였다.",
                        "clue_start": "16",
                        "clue_end": "92"
                    },
                    {
                        "clue_text": "회전 자속의 위치를 추정하는데 사용되는 위치 오차 정보를 부호 요인과 이득 요인으로 나누어, 그 중에 각도 추정의 편차를 초래하는 부호 요인을 중심으로 제정수 오차가 각도 추정 성능에 미치는 영향을 분석하였다.",
                        "clue_start": "93",
                        "clue_end": "210"
                    },
                    {
                        "clue_text": "본 논문에서는 센서리스 제어에 사용되는 저항과 인덕턴스의 오차로 표현되는 각도 추정 편차의 함수를 수식적으로 도출하였고, 모의실험 및 실험을 통해 도출된 수식의 타당성을 검증하였다.",
                        "clue_start": "211",
                        "clue_end": "312"
                    },
                    {
                        "clue_text": "이러한 응용 분야에 있어 위치 센서의 동작 온도 제한 및 가격 부담을 이유로 위치 센서가 없는 센서리스 운전에 대한 관심이 커지고 있다. 압축기 구동용 전동기의 센서리스 운전에는 통상적으로 전압 방정식을 이용한 방법이 사용 된다.",
                        "clue_start": "418",
                        "clue_end": "546"
                    },
                    {
                        "clue_text": "모든 제정수 변화를 실시간으로 추정하여 곧바로 제어에 반영하는 것은 추정의 정밀도 및 운전의 안전성에 있어 현실적인 제약이 따르므로, 제정수 오차가 센서리스 운전에 미치는 영향을 분석하여 우선적으로 추정이 필요한 주요 제정 수를 선정하고 그 추정 방법을 논할 필요가 있다.",
                        "clue_start": "789",
                        "clue_end": "941"
                    }
                ],
                "terminology": [
                    {
                        "word": "Conditioner"
                    },
                    {
                        "word": "d-q축"
                    },
                    {
                        "word": "공조기"
                    },
                    {
                        "word": "공조기(Air Conditioner)"
                    },
                    {
                        "word": "구동용 전동기"
                    },
                    {
                        "word": "동기 전동기"
                    },
                    {
                        "word": "모의실험"
                    },
                    {
                        "word": "밀도"
                    },
                    {
                        "word": "방정식"
                    },
                    {
                        "word": "부호 요인"
                    },
                    {
                        "word": "센서"
                    },
                    {
                        "word": "센서리스 기법"
                    },
                    {
                        "word": "센서리스 운전"
                    },
                    {
                        "word": "센서리스 제어"
                    },
                    {
                        "word": "쇄교자속"
                    },
                    {
                        "word": "압축기용 전동기"
                    },
                    {
                        "word": "영구자석동기 전동기"
                    },
                    {
                        "word": "인덕턴스"
                    },
                    {
                        "word": "자속"
                    },
                    {
                        "word": "전동기"
                    },
                    {
                        "word": "전동기 제정수"
                    },
                    {
                        "word": "전동기 제정수인 저항"
                    },
                    {
                        "word": "전류"
                    },
                    {
                        "word": "전압 강하"
                    },
                    {
                        "word": "전압 방정식"
                    },
                    {
                        "word": "전향보상"
                    },
                    {
                        "word": "전향보상 항"
                    },
                    {
                        "word": "정밀도"
                    },
                    {
                        "word": "제정수"
                    },
                    {
                        "word": "제정수 변화"
                    },
                    {
                        "word": "제정수 오차"
                    },
                    {
                        "word": "좌표축"
                    },
                    {
                        "word": "추정 성능"
                    },
                    {
                        "word": "추정 오차"
                    },
                    {
                        "word": "추정 편차"
                    },
                    {
                        "word": "출력 밀도"
                    },
                    {
                        "word": "통상적"
                    },
                    {
                        "word": "함수"
                    },
                    {
                        "word": "회전 자속"
                    },
                    {
                        "word": "회전자"
                    }
                ]
            }
        ]
    }
}