{
    "dataset_info": {
        "identifier": "02-031-002-NL",
        "name": "기술과학 문서 요약 데이터",
        "category": "자연어",
        "last_updated": "2023-08-30"
    },
    "dataset": {
        "doc_id": "034b7f4e-15a865e7-4386-47eb-bdf4-4fd21073cad8",
        "doc_type": "논문",
        "doc_title": {
            "kor": "진공청소기용 유니버셜모터의 고조파전류 저감 위상각제어기 설계",
            "eng": ""
        },
        "doc_category": {
            "KDC": "560.5",
            "DDC": ""
        },
        "doc_number": {
            "ISSN": "1229-2214",
            "ISBN": "",
            "DOI": "",
            "UCI": ""
        },
        "doc_year": "2002",
        "doc_author": [
            "임홍우",
            "장윤해",
            "백형래"
        ],
        "doc_publisher": "전력전자학회",
        "doc_license": "CC BY-NC",
        "context_info": [
            {
                "context_id": "55e-0c9-43244358-d190-425c-a7ef-4a125373b2ae",
                "context_K-NSCC": {
                    "field": "인공물",
                    "large_category": "ED",
                    "medium_category": "06"
                },
                "context": "<h2>2.2 부하-유니버셜 모터</h2> <p>진공청소기에 사용되는 유니버셜모터는 DC전원 뿐만 아니라 AC전원에서도 동작하는 소형의 직류 직권 전동기이다. 유니버셜모터의 토크는 저속에서 최대, 속도가 상승하면서 감소하는 특성을 갖고 있으며 무부하에서 최대속도가 된다. 이러한 토크 속도 톡성 때문에 유니버셜모터는 부하 변화에 직접적인 영향을 많이 받는다. 대부분의 유니버셜모터는 통상 \\( 3,000[\\mathrm{rpm}] \\)에서 \\( 10,000[\\mathrm{rpm}] \\), 경우에 따라서 드릴과 같은 곳에 사용되는 \\( 20,000[\\mathrm{rpm}] \\)의 고속에서 동작하도록 설계된다.</p> <p>그림 3에서와 같이 단일 회전자 코일을 가진 2극 직권전동기는 두 개의 주 자극 때문에 공극자속밀도의 공간적 분포는 주기적으로 교번한다. 시간적으로 회전자가 회전하게됨에 따라 두 개의 코일변에서 전자기력 \\( \\mathrm{f} \\)를 유도하는 방향은 벡터생성값 \\( \\bar{v} \\times \\bar{B} \\) 으로 부터 유도할 수 있다.</p> <p>정류자와 브러시가 연결되지 않는다면, 각속도 \\( \\omega \\)로 회전할 때 코일에 유도된 전자기력은 자속밀도 \\( B \\) 의 공간분포의 형태와 유사한 시간에 대한 파형으로 나타나게 된다.</p> <p>정류자와 브러시 코일축이 \\( \\pi / 2 \\)와 \\( 3 \\pi / 2 \\)를 지나게 될 때마다 외부결선에 의해 접촉하게되고 결과적으로 외부단자에서 전압은 실제 코일전압을 정류하게 된다.</p> <p>\\( \\mathrm{P} \\)개의 극을 갖는 유니버셜모터의 공극 실효직경이라고 하면 한 극피치 \\( \\tau \\) 는 \\( \\pi D / 2 P \\)이 되고 매 극당 자속은 다음 식 (7)이 된다. \\[ \\Phi=\\int_{0}^{\\tau} B_{e}(\\theta) L r d \\theta=\\overline{B_{e}} L \\tau \\quad[\\mathrm{Wb}] \\]<caption>(7)</caption>여기서, \\( \\overline{B_{e}}(\\theta) \\)는 한극에서의 자속밀도이며 다음 식 (8)과 같이 나타낼 수 있다. \\[ \\overline{B_{e}}(\\theta)=\\frac{1}{\\tau} \\int_{0}^{\\tau} B_{e}(\\theta) r d \\theta \\quad\\left[\\mathrm{Wb} / \\mathrm{m}^{2}\\right] \\]<caption>(8)</caption></p> <p>회전자 코일이 권선수가 \\( n_{c} \\)인 두 코일변 \\( a \\) 와 \\( a+b \\) 에 각기 위치할 때 발생하는 자속 \\( \\lambda_{c} \\)는 식 (9)와 같다. \\[ \\lambda_{c}=n_{c} L \\int_{a}^{a+b} B_{e}(\\theta) r d \\theta \\quad[\\mathrm{Wb} \\cdot \\mathrm{turn}] \\]<caption>(9)</caption>또한, 코일에 유기된 전압은 식 (10)이 된다. \\[ e_{c}=\\frac{d \\lambda_{c}}{d t} \\int_{a}^{\\alpha+b} B_{e}(\\theta) r d \\theta \\quad[\\mathrm{V}] \\]<caption>(10)</caption></p> <p>위 식에서 코일에 유기되는 전압은 간단히 하여 식 (11)와 같이 나타낼 수 있다. \\[ \\begin{array}{c} \\frac{d}{d t} \\int_{a}^{a+b} f(\\theta, t) d \\theta=\\int_{a}^{a+b} \\frac{\\partial}{\\partial t} f(\\theta, t) d \\theta \\\\ \\quad+f(a+b, t) \\frac{d(a+b)}{d t}-f(a, t) \\frac{d a}{d t} \\end{array} \\]<caption>(11)</caption></p> <p>공극자속밀도분포 \\( B_{e}(\\theta) \\)는 시불변하며 각속도 \\( \\omega \\)로 회전하는 코일에서 전압은 식 (12)가 된다. \\[ e_{c}=n_{c} L r \\omega\\left\\{B_{e}(a+b)-B_{e}(a)\\right\\} \\quad [\\mathrm{V}] \\\\ \\]<caption>(12)</caption>여기서, \\( \\omega=d(a+b) / d t=d a / d t \\) 이다.</p> <p>\\( n_{c} \\)와 동일한 코일 \\( n_{s} \\)사이에 전기자 병렬회로수 \\( z \\)를 가진 회전자 권선이 각기 직렬로 결선되어 있고 브러시 양단의 합성전압은 직권 코일전압의 합이 되며 식 (13)과 같이 표현된다. \\[ V_{a}=\\sum_{i=1}^{n_{k}} e_{c i}=n_{c} r \\omega \\sum_{i=1}^{n_{s} \\cdot B}\\left(a_{i}+b\\right)-B_{e}\\left(a_{i}\\right)[\\mathrm{V}] \\]<caption>(13)</caption>여기서, \\( a_{a} \\)는 직권열의 \\( \\mathrm{i} \\)번째 코일변중 하나의 각위치를 나타낸 것이다. 간격이 정확하게 \\( \\mathrm{I} \\)극 피치인 코일에서 \\( \\mathrm{b} \\)는 \\( \\tau \\)와 같다. 한편 \\( B_{e}\\left(a_{i}+\\tau\\right)=-B_{e}\\left(a_{i}\\right) \\) 와 \\( \\sum_{i=1}^{n} B_{e}\\left(\\alpha_{i}\\right) \\) 는 \\( n_{s} \\overline{B_{e}} \\) 로 대치될 수 있고 따라서 이를 식 (13)에 대입하면 회전자에 유기된 전압의 평균값은 식 (14)이 된다. \\[ V_{a}=2 n_{c} r \\omega_{m} n_{s} \\overline{B_{e}} \\quad[\\mathrm{V}] \\]<caption>(14)</caption>가 된다. 여기서 \\( \\overline{B_{e}} \\)는 자속밀도를 의미한다.</p> <p>회전자는 전 코일수 \\( z n_{s} \\) 혹은 전 권선수 \\( z n_{s} n_{c} \\)가 된다는 점에서 전기자도체 총수와 매극 자속으로 \\( V_{a} \\)를 구할 수 있다. 두 개의 전도체변에 의해 1개의 권선이 형성이 되므로 전기자 총도체수 \\( Z \\)는 \\( 2 z n_{s} n_{c} \\)가 된다.</p> <p>전기자 도체총수를 \\( Z, \\Phi=\\tau \\overline{B_{e}} \\) 그리고 \\( \\tau= \\pi D / 2 P=\\pi r / P \\)라 하면 회전자 전압 \\( V_{a} \\)는 식(15)가 된다. \\[ V_{a}=\\frac{P Z}{2 \\pi z} \\omega \\phi=k_{a} \\omega \\phi \\quad [\\mathrm{V}] \\\\ \\]<caption>(15)</caption>여기서, \\( k_{a}=P Z / 2 \\pi z \\) 이다</p>",
                "context_length": 3380,
                "clue": [
                    {
                        "clue_text": "진공청소기에 사용되는 유니버셜모터는 DC전원 뿐만 아니라 AC전원에서도 동작하는 소형의 직류 직권 전동기이다.",
                        "clue_start": "27",
                        "clue_end": "88"
                    },
                    {
                        "clue_text": "유니버셜모터의 토크는 저속에서 최대, 속도가 상승하면서 감소하는 특성을 갖고 있으며 무부하에서 최대속도가 된다.",
                        "clue_start": "89",
                        "clue_end": "151"
                    },
                    {
                        "clue_text": "대부분의 유니버셜모터는 통상 \\( 3,000[\\mathrm{rpm}] \\)에서 \\( 10,000[\\mathrm{rpm}] \\), 경우에 따라서 드릴과 같은 곳에 사용되는 \\( 20,000[\\mathrm{rpm}] \\)의 고속에서 동작하도록 설계된다.",
                        "clue_start": "201",
                        "clue_end": "340"
                    },
                    {
                        "clue_text": "그림 3에서와 같이 단일 회전자 코일을 가진 2극 직권전동기는 두 개의 주 자극 때문에 공극자속밀도의 공간적 분포는 주기적으로 교번한다.",
                        "clue_start": "348",
                        "clue_end": "424"
                    },
                    {
                        "clue_text": "정류자와 브러시 코일축이 \\( \\pi / 2 \\)와 \\( 3 \\pi / 2 \\)를 지나게 될 때마다 외부결선에 의해 접촉하게되고 결과적으로 외부단자에서 전압은 실제 코일전압을 정류하게 된다.",
                        "clue_start": "663",
                        "clue_end": "769"
                    }
                ],
                "terminology": [
                    {
                        "word": "AC전원"
                    },
                    {
                        "word": "DC전원"
                    },
                    {
                        "word": "a / d"
                    },
                    {
                        "word": "각속도"
                    },
                    {
                        "word": "각위치"
                    },
                    {
                        "word": "결선"
                    },
                    {
                        "word": "공간분포"
                    },
                    {
                        "word": "공극자속밀도"
                    },
                    {
                        "word": "공극자속밀도분포"
                    },
                    {
                        "word": "교번"
                    },
                    {
                        "word": "극당 자속"
                    },
                    {
                        "word": "극피치"
                    },
                    {
                        "word": "무부하"
                    },
                    {
                        "word": "병렬회로수"
                    },
                    {
                        "word": "시불변"
                    },
                    {
                        "word": "실효직경"
                    },
                    {
                        "word": "유기"
                    },
                    {
                        "word": "유니버셜모터"
                    },
                    {
                        "word": "자속"
                    },
                    {
                        "word": "자속밀도"
                    },
                    {
                        "word": "전기자"
                    },
                    {
                        "word": "전동기"
                    },
                    {
                        "word": "전자기력"
                    },
                    {
                        "word": "정류"
                    },
                    {
                        "word": "직렬"
                    },
                    {
                        "word": "직류"
                    },
                    {
                        "word": "직류 직권 전동기"
                    },
                    {
                        "word": "코일수"
                    },
                    {
                        "word": "코일전압"
                    },
                    {
                        "word": "파형"
                    },
                    {
                        "word": "합성전압"
                    },
                    {
                        "word": "회전자"
                    },
                    {
                        "word": "회전자 권선"
                    },
                    {
                        "word": "회전자 전압"
                    },
                    {
                        "word": "회전자 코일"
                    }
                ]
            },
            {
                "context_id": "55e-0c9-8541a9a8-562e-4763-a1a8-664411e88e25",
                "context_K-NSCC": {
                    "field": "인공물",
                    "large_category": "ED",
                    "medium_category": "06"
                },
                "context": "<h1>2. 이론적 배경</h1> <h2>2.1 제안한 위상각 제어기</h2> <p>일반적으로 위상각 제어는 트라이액의 자연전류에 의해 교류 정현파의 턴-온 및 오프되는 시간을 간단하게 제어할 수 있으나 전압과 전류의 위상차로 인한 역률이 현저하게 저하되고 저차고조파 전류를 발생하게 된다.</p> <p>일반적으로 부하가 유도성이면 스위칭소자의 전류는 입력전압이 부(\\( - \\))로 되기 시작하는 \\( \\omega t=\\pi \\) 에서 0 이 되지 않고 스위칭소자에 흐르는 전류 \\( i_{1} \\)이 \\( \\omega t=\\beta \\) 점에서 0으로 떨어질 때까지 도통이 지속된다. 소자의 도통각은 \\( \\delta=\\beta-\\alpha \\) 이며 이것은 지연각 \\( \\alpha \\)와 부하의 역률각 \\( \\theta \\)에 의존한다. 제안한 제어기는 그림 1 및 그림 2에서와 같이 스위칭 소자에 전류가 흐르지 않을 때는 병렬로 결선된 분로코일을 통하여 부하에 전류가 공급되며 점호각 이후에는 일반 위상각 제어기와 같다.</p> <p>제안한 위상제어기의 구조는 그림 2와 같으며 기존의 위상각 제어기에 사용되는 트라이액의 양단에 병렬로 코일을 부착하였다. 이는 고조파가 많이 발생되는 특정 트라이액 트리거 위상각에서도 고조파전류가 감소되고 지연각이 없어지므로 역율의 저하를 막는 효과를 얻는다.</p> <p>\\( v_{s}=\\sqrt{2} V_{s} \\sin \\omega t \\) 가 순시 입력전압이고 지연각이 \\( \\alpha \\)일 때 부하전류 \\( i \\) 는 식 (1)에서 식 (2)를 유도 할 수 있다. \\[ \\left(L_{a}+L_{s}\\right) \\frac{d}{d t} i+\\left(R_{a}+R_{s}\\right) i=\\sqrt{2} V_{s} \\sin \\omega t \\]<caption>(1)</caption>\\[ i=\\frac{\\sqrt{2} V_{s}}{Z} \\sin (\\omega t-\\theta)+A_{1} e^{\\left[\\left(R_{a}+R_{s}\\right) /\\left(L_{a}+L_{s}\\right)\\right](a / \\omega)} \\]<caption>(2)</caption>여기서, \\( L_{a} \\)는 부하 인덕턴스, \\( R_{a} \\)는 부하 저항, \\( L_{s} \\)는 병렬로 결선된 코일의 인덕턴스, \\( R_{s} \\)는 병렬로 결선된 코일의 저항이며 전체 임피던스 \\( Z=\\left[\\left(R_{n}+R_{s}\\right)^{2}+ \\omega^{2}\\left(L_{a}+L_{s}\\right)^{2}\\right]^{1 / 2} \\)이고 부하의 역률각 \\( \\theta=\\tan ^{-1}\\left[\\omega\\left(L_{a}+L_{s}\\right) /\\left(R_{a}+R_{s}\\right)\\right] \\)이다.</p> <p>한편, 상수 \\( A_{1} \\)은 \\( \\omega t=\\alpha \\) 에서 \\( i=0 \\) 의 초기조건으로부터 식 (3)을 구할 수 있다. \\[ A_{1}=\\frac{\\sqrt{2} V_{s}}{Z} \\sin (\\alpha-\\theta) e^{\\left[\\left(R_{a}+R_{s}\\right) /\\left(L_{a}+L_{s}\\right)\\right] /(\\alpha / \\omega)} \\]<caption>(3)</caption></p> <p>식 (3)을 식 (2)에 대입하여 산출하면 부하전류는 식 (4)와 같다. \\[ i=\\frac{\\sqrt{2} V_{s}}{Z}\\left[\\sin (\\omega t-\\theta)-\\sin (\\alpha-\\theta) e^{\\left[\\left(R_{a}+R+s\\right)((L _{a}+L_{s}))(\\alpha / \\omega-t)\\right.}\\right] \\]<caption>(4)</caption></p> <p>부하전류 \\( i \\) 가 0 으로 떨어지고 스위칭소자가 턴-오프되는 타임의 각 \\( \\beta \\)는 식 (4)에서 \\( i(\\omega t=\\beta)=0 \\) 의 조건으로 알 수 있으며 식 (5)와 같은 관계가 있다. \\[ \\sin (\\beta-\\theta)=\\sin (\\alpha-\\theta) e^{\\left[\\left(R_{a}+R_{s}\\right) /\\left(L_{a}+L_{s}\\right)\\right](\\alpha-\\beta) / \\omega} \\]<caption>(5)</caption></p> <p>위상제어기의 실효출력전압은 식 (6)과 같다. \\[ \\begin{aligned} V_{o} &=\\left[\\frac{2}{2 \\pi} \\int_{\\alpha}^{\\beta} 2 V_{s}^{2} \\sin ^{2} \\omega t d(\\omega t)\\right]^{\\frac{1}{2}} \\\\ &=\\left[\\frac{4 V_{s}^{2}}{4 \\pi} \\int_{\\alpha}^{\\beta}(1-\\cos 2 \\omega t) d(\\omega t)\\right]^{\\frac{1}{2}} \\\\ &=V_{s}\\left[\\frac{1}{\\pi}\\left(\\beta-\\alpha+\\frac{\\sin 2 \\alpha}{2}-\\frac{\\sin 2 \\beta}{2}\\right)\\right]^{\\frac{1}{2}} \\end{aligned} \\]<caption>(6)</caption></p> <p>따라서, \\( \\alpha \\)를 0에서 \\( \\pi \\)까지 위상각을 가변시킴으로써 \\( \\mathrm{V}_{0} \\)를 제어할 수 있다.</p>",
                "context_length": 2717,
                "clue": [
                    {
                        "clue_text": "일반적으로 부하가 유도성이면 스위칭소자의 전류는 입력전압이 부(\\( - \\))로 되기 시작하는 \\( \\omega t=\\pi \\) 에서 0 이 되지 않고 스위칭소자에 흐르는 전류 \\( i_{1} \\)이 \\( \\omega t=\\beta \\) 점에서 0으로 떨어질 때까지 도통이 지속된다.",
                        "clue_start": "170",
                        "clue_end": "328"
                    },
                    {
                        "clue_text": "이는 고조파가 많이 발생되는 특정 트라이액 트리거 위상각에서도 고조파전류가 감소되고 지연각이 없어지므로 역율의 저하를 막는 효과를 얻는다.",
                        "clue_start": "597",
                        "clue_end": "674"
                    },
                    {
                        "clue_text": "소자의 도통각은 \\( \\delta=\\beta-\\alpha \\) 이며 이것은 지연각 \\( \\alpha \\)와 부하의 역률각 \\( \\theta \\)에 의존한다.",
                        "clue_start": "329",
                        "clue_end": "416"
                    },
                    {
                        "clue_text": "제안한 제어기는 그림 1 및 그림 2에서와 같이 스위칭 소자에 전류가 흐르지 않을 때는 병렬로 결선된 분로코일을 통하여 부하에 전류가 공급되며 점호각 이후에는 일반 위상각 제어기와 같다.",
                        "clue_start": "417",
                        "clue_end": "521"
                    },
                    {
                        "clue_text": "일반적으로 위상각 제어는 트라이액의 자연전류에 의해 교류 정현파의 턴-온 및 오프되는 시간을 간단하게 제어할 수 있으나 전압과 전류의 위상차로 인한 역률이 현저하게 저하되고 저차고조파 전류를 발생하게 된다.",
                        "clue_start": "47",
                        "clue_end": "162"
                    }
                ],
                "terminology": [
                    {
                        "word": "결선"
                    },
                    {
                        "word": "고조파"
                    },
                    {
                        "word": "고조파전류"
                    },
                    {
                        "word": "교류 정현파"
                    },
                    {
                        "word": "도통각"
                    },
                    {
                        "word": "부하 인덕턴스"
                    },
                    {
                        "word": "부하 저항"
                    },
                    {
                        "word": "부하전류"
                    },
                    {
                        "word": "분로코일"
                    },
                    {
                        "word": "순시"
                    },
                    {
                        "word": "순시 입력전압"
                    },
                    {
                        "word": "스위칭"
                    },
                    {
                        "word": "스위칭소자"
                    },
                    {
                        "word": "실효출력전압"
                    },
                    {
                        "word": "역률"
                    },
                    {
                        "word": "역률각"
                    },
                    {
                        "word": "위상각"
                    },
                    {
                        "word": "위상각 제어"
                    },
                    {
                        "word": "위상각 제어기"
                    },
                    {
                        "word": "위상제어기"
                    },
                    {
                        "word": "위상차"
                    },
                    {
                        "word": "인덕턴스"
                    },
                    {
                        "word": "임피던스"
                    },
                    {
                        "word": "자연전류"
                    },
                    {
                        "word": "저차고조파"
                    },
                    {
                        "word": "저차고조파 전류"
                    },
                    {
                        "word": "전류"
                    },
                    {
                        "word": "점호각"
                    },
                    {
                        "word": "정현파"
                    },
                    {
                        "word": "제어기"
                    },
                    {
                        "word": "지연각"
                    },
                    {
                        "word": "코일의 인덕턴스"
                    },
                    {
                        "word": "트라이액"
                    },
                    {
                        "word": "트리거"
                    }
                ]
            }
        ]
    }
}