{
    "dataset_info": {
        "identifier": "02-031-002-NL",
        "name": "기술과학 문서 요약 데이터",
        "category": "자연어",
        "last_updated": "2023-08-30"
    },
    "dataset": {
        "doc_id": "034b7f4e-2e0bcbc6-706a-49e4-be2f-ef15e2fc4f63",
        "doc_type": "논문",
        "doc_title": {
            "kor": "선형 및 비선형 부하에 적용 가능한 3상 전압변동 발생기의 스위칭 특성해석",
            "eng": ""
        },
        "doc_category": {
            "KDC": "560.5",
            "DDC": ""
        },
        "doc_number": {
            "ISSN": "1229-2214",
            "ISBN": "",
            "DOI": "",
            "UCI": ""
        },
        "doc_year": "2008",
        "doc_author": [
            "노의철",
            "박성대",
            "김인동"
        ],
        "doc_publisher": "전력전자학회",
        "doc_license": "CC BY-NC",
        "context_info": [
            {
                "context_id": "55e-0c9-merge_ed_034b7f4e-2e0bcbc6-706a-49e4-be2f-ef15e2fc4f63_02",
                "context_K-NSCC": {
                    "field": "인공물",
                    "large_category": "ED",
                    "medium_category": "05"
                },
                "context": "<h1>2.1 새그, 스웰, 순간정전발생</h1> <p>그림 1에서 \\( V_ { a } , V_ { a s } , V_ { a d } \\) 의 관계는 다음과 같다.</p> <p>\\( V_ { a s } = V_ { a } -V_ { a d } \\)<caption>(1)</caption></p> <p>\\( V_ { a d } =V_ { T a } / n \\)<caption>(2)</caption></p> <p>\\( V_ { T a } =V_ { a } / n_ { T a } \\)<caption>(3)</caption></p> <p>여기서 \\( n \\) 과 \\( n_ { T a } \\) 는 각각 직렬변압기 \\( \\mathrm { T } \\) 와 단권변압기 \\( \\mathrm { T } _ {\\mathrm { a } } \\) 의 변압비이다. 따라서 새그를 발생시키려면 \\( V_ { a s } \\) 는 \\( V_ { a } \\) 보다 작아지도록 해야 하며, 이를 위해서는 \\( V_ { a d } \\) 가 플러스 \\( ( + ) \\) 로 출력되어야 한다. \\( \\mathrm { S } _ {\\mathrm { Bal } } \\) 과 \\( \\mathrm { S } _ {\\mathrm { Ba } 2 } \\) 가 온되어 있으면 \\( \\mathrm { T } \\) 의 1 차와 2 차는 단락상태이므로 \\( V_ { a d } \\) 는 영이 되어 정상상태를 유지한다. \\( \\mathrm { S } _ {\\mathrm { Ba } 1 } \\) 과 \\( \\mathrm { S } _ {\\mathrm { Ba } 2 } \\) 를 턴오프하면서 \\( \\mathrm { S } _ {\\mathrm { al } } \\) 과 \\( \\mathrm { S } _ {\\mathrm { a } 2 } \\) 를 턴온하면 \\( \\mathrm { T } \\) 의 1차측에는 단권변압기의 2차측 전압이 인가된다. \\( V_ { a d } \\) 의 극성이 플러스가 되기 위해 \\( \\mathrm { T } _ {\\mathrm { a } } \\) 의 접점은 \\( \\mathrm { I } \\)-구간에 있어야 한다. 이때 \\( V_ { a s } =V_ { a } \\left \\{ 1-1 / \\left (n \\times n_ { T a } \\right ) \\right \\} \\)<caption>(4)</caption>이 되며 새그의 정도는 \\( \\mathrm { T } \\) 와 \\( \\mathrm { T } _ {\\mathrm { a } } \\)의 변압비로 결정된다. 지점에서도 접점설정이 가능하므로 \\( 0 \\sim 100 \\% \\) 의 전 범위에 걸쳐 광범위한 새그를 얻을 수 있다. 접점이 \\( \\mathrm { T } _ {\\mathrm { a } } \\)의 상단부로 올라갈수록 새그의 정도는 증가하여 \\( 100 \\% \\) 가 되면 \\( V_ { a d } =V_ { a } \\)<caption>(5)</caption>가 되어 식 (1)에서 \\( V_ { u s } =0 \\)<caption>(6)</caption>이 되므로 순간정전을 발생하게 된다. \\( \\mathrm { T } _ {\\mathrm { a } } \\) 의 접점을 \\( \\mathrm { II } \\)-구간에 두면 동일한 방법으로 \\( V_ { a s } =V_ { a } \\left \\{ 1 + 1 / \\left (n \\times n_ { T a } \\right ) \\right \\} \\)<caption>(7)</caption>이 되어 스웰이 발생하며 스웰의 정도도 새그와 마찬가지로 \\( \\mathrm { T } _ {\\mathrm { a } } \\) 의 접점 위치로 다양하게 설정할 수 있다.</p>",
                "context_length": 1820,
                "clue": [
                    {
                        "clue_text": "따라서 새그를 발생시키려면 \\( V_ { a s } \\) 는 \\( V_ { a } \\) 보다 작아지도록 해야 하며, 이를 위해서는 \\( V_ { a d } \\) 가 플러스 \\( ( + ) \\) 로 출력되어야 한다.",
                        "clue_start": "418",
                        "clue_end": "537"
                    },
                    {
                        "clue_text": "여기서 \\( n \\) 과 \\( n_ { T a } \\) 는 각각 직렬변압기 \\( \\mathrm { T } \\) 와 단권변압기 \\( \\mathrm { T } _ {\\mathrm { a } } \\) 의 변압비이다.",
                        "clue_start": "300",
                        "clue_end": "417"
                    }
                ],
                "terminology": [
                    {
                        "word": "극성"
                    },
                    {
                        "word": "단권변압기"
                    },
                    {
                        "word": "단락상태"
                    },
                    {
                        "word": "변압비"
                    },
                    {
                        "word": "새그"
                    },
                    {
                        "word": "스웰"
                    },
                    {
                        "word": "접점"
                    },
                    {
                        "word": "접점 위치"
                    },
                    {
                        "word": "직렬변압기"
                    },
                    {
                        "word": "플러스"
                    }
                ]
            },
            {
                "context_id": "55e-0c9-merge_ed_034b7f4e-2e0bcbc6-706a-49e4-be2f-ef15e2fc4f63_03",
                "context_K-NSCC": {
                    "field": "인공물",
                    "large_category": "ED",
                    "medium_category": "05"
                },
                "context": "<h1>2.2 전압불평형 발생</h1> <p>그림 1 에서 전력품질 외란 발생기의 3상 출력전압 \\( V_ { a s } , V_ { b s } , V_ { c s } \\) 는 각각 다음과 같이 나타낼 수 있다.</p> <p>\\( V_ { a s } =V_ { a } \\left \\{ 1 \\pm 1 / \\left (n \\times n_ { T a } \\right ) \\right \\} \\)<caption>(8)</caption></p> <p>\\( V_ { b s } =V_ { b } \\left \\{ 1 \\pm 1 / \\left (n \\times n_ { T b } \\right ) \\right \\} \\)<caption>(9)</caption></p> <p>\\( V_ { c s } =V_ { c } \\left \\{ 1 \\pm 1 / \\left (n \\times n_ { T c } \\right ) \\right \\} \\)<caption>(10)</caption></p> <p>여기서, \\( n_ { T a } , n_ { T b } , n_ { T c } \\) 는 각각 단권변압기 \\( \\mathrm { T } _ {\\mathrm { a } } , \\mathrm { T } _ {\\mathrm { b } } , \\mathrm { T } _ {\\mathrm { c } } \\)의 변압비를 의미하며 접점위치에 의해 결정된다. \\( n_ { T a } , n_ { T b } , n_ { T c } \\) 는 서로 동일한 값을 취할 수도 있고 상이하게도 할 수 있으므로 \\( V_ { a s } , V_ { b s } , V_ { c s } \\) 의 전압불평형은 각 단권변압기의 접점 위치만 상이하게 설정함으로써 간단히 얻을 수 있고 전압불평형 정도도 용이하게 조절할 수 있다.</p> <h1>3. SCR 사이리스터의 스위칭 패턴 해석</h1> <p>그림 1의 회로에서 스위치 \\( \\mathrm { S } _ {\\mathrm { a } 1 } \\sim \\mathrm { S } _ {\\mathrm { c } 2 } , \\mathrm { ~S } _ {\\mathrm { Ba } 1 } \\sim \\mathrm { S } _ {\\mathrm { Bc } 2 } \\) 의 온/오프 상태에 따라서 정상상태와 전압변동(새그, 스웰, 순간정전)을 발생하는 상태로의 교번적인 천이가 가능하다. 그러나 이러한 상태변화는 임의의 순간에 모두 가능한 것은 아니다. 전원전압과 전원전류의 방향이 일정한 조건을 만족시키는 경우에 한해서 원하는 상태로의 천이가 가능하다. 정상상태에서 전압변동을 발생시키는 경우와 반대의 경우 각각에 대하여 SCR 사이리스터의 스위칭 조건을 살펴보면 다음과 같다. 그림 2 는 스위칭 특성을 해석하기 위하여 그림 1 의 일부를 다시 나타낸 것이다.</p>",
                "context_length": 1376,
                "clue": [
                    {
                        "clue_text": "여기서, \\( n_ { T a } , n_ { T b } , n_ { T c } \\) 는 각각 단권변압기 \\( \\mathrm { T } _ {\\mathrm { a } } , \\mathrm { T } _ {\\mathrm { b } } , \\mathrm { T } _ {\\mathrm { c } } \\)의 변압비를 의미하며 접점위치에 의해 결정된다.",
                        "clue_start": "490",
                        "clue_end": "683"
                    },
                    {
                        "clue_text": "\\( n_ { T a } , n_ { T b } , n_ { T c } \\) 는 서로 동일한 값을 취할 수도 있고 상이하게도 할 수 있으므로 \\( V_ { a s } , V_ { b s } , V_ { c s } \\) 의 전압불평형은 각 단권변압기의 접점 위치만 상이하게 설정함으로써 간단히 얻을 수 있고 전압불평형 정도도 용이하게 조절할 수 있다.",
                        "clue_start": "684",
                        "clue_end": "879"
                    },
                    {
                        "clue_text": "그림 1의 회로에서 스위치 \\( \\mathrm { S } _ {\\mathrm { a } 1 } \\sim \\mathrm { S } _ {\\mathrm { c } 2 } , \\mathrm { ~S } _ {\\mathrm { Ba } 1 } \\sim \\mathrm { S } _ {\\mathrm { Bc } 2 } \\) 의 온/오프 상태에 따라서 정상상태와 전압변동(새그, 스웰, 순간정전)을 발생하는 상태로의 교번적인 천이가 가능하다.",
                        "clue_start": "920",
                        "clue_end": "1161"
                    },
                    {
                        "clue_text": "정상상태에서 전압변동을 발생시키는 경우와 반대의 경우 각각에 대하여 SCR 사이리스터의 스위칭 조건을 살펴보면 다음과 같다.",
                        "clue_start": "1256",
                        "clue_end": "1325"
                    }
                ],
                "terminology": [
                    {
                        "word": "SCR"
                    },
                    {
                        "word": "SCR 사이리스터"
                    },
                    {
                        "word": "단권변압기"
                    },
                    {
                        "word": "변압비"
                    },
                    {
                        "word": "사이리스터"
                    },
                    {
                        "word": "새그"
                    },
                    {
                        "word": "스웰"
                    },
                    {
                        "word": "스위치"
                    },
                    {
                        "word": "스위칭"
                    },
                    {
                        "word": "스위칭 조건"
                    },
                    {
                        "word": "스위칭 특성"
                    },
                    {
                        "word": "스위칭 패턴"
                    },
                    {
                        "word": "전력품질 외란"
                    },
                    {
                        "word": "전력품질 외란 발생기"
                    },
                    {
                        "word": "전압불평형"
                    },
                    {
                        "word": "전원전류"
                    },
                    {
                        "word": "접점"
                    },
                    {
                        "word": "접점위치"
                    },
                    {
                        "word": "출력전압"
                    },
                    {
                        "word": "회로"
                    }
                ]
            },
            {
                "context_id": "55e-0c9-merge_ed_034b7f4e-2e0bcbc6-706a-49e4-be2f-ef15e2fc4f63_04",
                "context_K-NSCC": {
                    "field": "인공물",
                    "large_category": "ED",
                    "medium_category": "05"
                },
                "context": "<h1>3.1 전압변동 발생시 스위칭 허용구간</h1> <p>먼저 선형 부하 접속시 정상상태에서 새그가 발생하는 경우를 살펴본다. 그림 2 에서 정상상태에서는 \\( \\mathrm { S } _ {\\mathrm { Bal } } \\), \\( \\mathrm { S } _ {\\mathrm { Ba } 2 } \\) 가 턴온 되어 있고 \\( \\mathrm { S } _ {\\mathrm { a } 1 } \\) 과 \\( \\mathrm { S } _ {\\mathrm { a } 2 } \\)는 턴오프 되어 있다.</p> <p>이때 새그를 발생하기 위하여 \\( \\mathrm { S } _ {\\mathrm { al } } \\) 과 \\( \\mathrm { S } _ {\\mathrm { a } 2 } \\) 를 턴온 하고 \\( \\mathrm { S } _ {\\mathrm { Ba } 1 } \\) 과 \\( \\mathrm { S } _ {\\mathrm { Ba } 2 } \\) 를 턴오프 하는데, 그림 3(a)에서와 같이 전원전압과 전류의 극성이 동일한 구간에서는 전류가 불가능하다. \\( V_ { a } \\) 가 양( + )이고 \\( i_ { a } \\) 가 음(-)인 구간을 살펴보면, \\( i_ { a } \\) 가 음(-)이므로 그림 2 에서 전류는 부하측에서 전원측으로 흐른다. 그러면 \\( \\mathrm { S } _ {\\mathrm { Ba } 2 } \\) 가 통전중에 있으므로 \\( \\mathrm { S } _ {\\mathrm { a } 1 } \\) 을 턴온하면 단권변압기의 2차측 전압이 \\( \\mathrm { S } _ {\\mathrm { Ba } 2 } \\) 에 역방향으로 인가되어 \\( \\mathrm { S } _ {\\mathrm { Ba } 2 } \\)는 턴오프되고 직렬변압기의 1 차측에 단권변압기 2 차측 전압이 인가된다. 따라서 직렬변압기의 2차측에 유기되는 전압의 극성은 전원전압을 상쇄시키는 방향이 되어 최종 출력전압의 크기는 전원전압보다 작아진다. 비선형 부하에서는 그림 \\( 3( \\mathrm { ~b } ) \\) 와 같이 전류의 불연속 구간이 발생한다. 그림 \\( 3( \\mathrm { ~b } ) \\)에서 알 수 있듯이 정상구간(I)에서 \\( \\mathrm { S } _ {\\mathrm { Ba } 2 } \\)를 통해 흐르는 전류는 \\( V_ { a } \\) 가 음(-)에서 양( + )으로 변하기 전에 0으로 감소한다. 따라서 새그를 발생시키고자 하면 \\( i_ { a } \\)가 0이 됨과 동시에 \\( \\mathrm { S } _ {\\mathrm { Ba } 2 } \\)의 게이트 신호를 오프하고 \\( V_ { a } \\) 가 음 \\( (-) \\) 에서 양( + )으로 변하는 지점에서 \\( \\mathrm { Sa } 1 \\) 과 \\( \\mathrm { Sa } 2 \\)를 턴온한 다. 그러면 \\( V_ { a } \\) 가 양( + )인 구간에서 \\( i_ { a } \\) 가 양( + )으로 통전하면서 직렬변압기의 1차측 전류는 \\( \\mathrm { S } _ {\\mathrm { a } 2 } \\) 를 통하여 흐르게 된다. 정상상태에서 순간정전을 발생시키는 경우도 앞에서 기술한 원리와 동일하게 동작하며 스웰을 발생시키고자 하는 경우에는 스위칭 허용구간이 새그를 발생시키는 경우와 반대가 된다.</p>",
                "context_length": 1642,
                "clue": [
                    {
                        "clue_text": "먼저 선형 부하 접속시 정상상태에서 새그가 발생하는 경우를 살펴본다.",
                        "clue_start": "34",
                        "clue_end": "72"
                    },
                    {
                        "clue_text": "따라서 직렬변압기의 2차측에 유기되는 전압의 극성은 전원전압을 상쇄시키는 방향이 되어 최종 출력전압의 크기는 전원전압보다 작아진다.",
                        "clue_start": "912",
                        "clue_end": "985"
                    },
                    {
                        "clue_text": "비선형 부하에서는 그림 \\( 3( \\mathrm { ~b } ) \\) 와 같이 전류의 불연속 구간이 발생한다.",
                        "clue_start": "986",
                        "clue_end": "1047"
                    },
                    {
                        "clue_text": "정상상태에서 순간정전을 발생시키는 경우도 앞에서 기술한 원리와 동일하게 동작하며 스웰을 발생시키고자 하는 경우에는 스위칭 허용구간이 새그를 발생시키는 경우와 반대가 된다.",
                        "clue_start": "1543",
                        "clue_end": "1638"
                    }
                ],
                "terminology": [
                    {
                        "word": "Sa"
                    },
                    {
                        "word": "게이트 신호"
                    },
                    {
                        "word": "극성"
                    },
                    {
                        "word": "단권변압기"
                    },
                    {
                        "word": "비선형"
                    },
                    {
                        "word": "비선형 부하"
                    },
                    {
                        "word": "새그"
                    },
                    {
                        "word": "선형 부하"
                    },
                    {
                        "word": "스웰"
                    },
                    {
                        "word": "스위칭"
                    },
                    {
                        "word": "유기"
                    },
                    {
                        "word": "전류"
                    },
                    {
                        "word": "전원전압"
                    },
                    {
                        "word": "전원측"
                    },
                    {
                        "word": "정상구간"
                    },
                    {
                        "word": "직렬변압기"
                    },
                    {
                        "word": "출력전압"
                    },
                    {
                        "word": "통전"
                    }
                ]
            },
            {
                "context_id": "55e-0c9-merge_ed_034b7f4e-2e0bcbc6-706a-49e4-be2f-ef15e2fc4f63_05",
                "context_K-NSCC": {
                    "field": "인공물",
                    "large_category": "ED",
                    "medium_category": "05"
                },
                "context": "<h1>3.2 정상상태 복귀시 스위칭 허용구간</h1> <p>새그가 발생한 상태에서 정상상태로 복귀하는 경우를 살펴본다. 그림 2 에서 새그가 발생한 상태 하에서는 \\( \\mathrm { S } _ {\\mathrm { a } 1 } \\) 과 \\( \\mathrm { S } _ {\\mathrm { a } 2 } \\) 가 턴온 되어 있고 \\( \\mathrm { S } _ {\\mathrm { Ba } 1 } \\) 과 \\( \\mathrm { S } _ {\\mathrm { Ba } 2 } \\) 가 턴오프되어 있다. 이때 정상상태로 복귀하려면 \\( \\mathrm { S } _ {\\mathrm { Ba } 1 } \\) 과 \\( \\mathrm { S } _ {\\mathrm { Ba } 2 } \\) 를 턴온하고 \\( \\mathrm { S } _ {\\mathrm { a } 1 } \\) 과 \\( \\mathrm { S } _ {\\mathrm { a } 2 } \\) 를 턴오프 하는데, 그림 4(a)에서 알 수 있듯이 전원전압과 전류의 극성이 동일한 구간에서만 가능하며 극성이 상이한 구간에서는 불가능하다. 왜냐하면 전원전압 \\( V_ { a } \\) 는 양( + )이고 전류 \\( i_ { a } \\) 가 음(-)인 구간에서는 \\( \\mathrm { S } _ {\\mathrm { al } } \\) 이 턴온 상태에 있으므로 \\( \\mathrm { S } _ {\\mathrm { Bal } } \\) 을 턴온하면 단권변압기의 양( + )의 전압이 \\( \\mathrm { S } _ {\\mathrm { Bal } } \\) 에 순방향으로 인가되어 단락회로를 형성하기 때문이다. 그림 4(b)는 비선형 부하시 새그 상태에서 정상상태로 복귀하기 위한 스위칭 상태를 나타내고 있다.</p> <p>\\( V_ { a } \\) 가 음(-)인 구간 동안 새그 상태에서 \\( \\mathrm { S } _ {\\mathrm { al } } \\) 을 통해 흐르는 전류가 0이 됨과 동시에 \\( \\mathrm { S } _ {\\mathrm { a } 1 } \\) 의 게이트 신호를 오프하고 \\( V_ { a } \\) 가 음(-)에서 양( + )으로 변하는 지점에서 \\( \\mathrm { S } _ {\\mathrm { Ba } } \\) 을 턴온한다. 그러면 \\( V_ { a } \\) 가 양 \\( ( + ) \\) 인 구간에서 \\( i_ { a } \\) 가 양( + )으로 흐를 때 직렬변압기의 1차측 전류는 \\( \\mathrm { S } _ {\\mathrm { Bal } } \\) 을 통하여 흐르면서 정상상태로 회복된다. 스웰 상태에서 정상상태로 복귀하는 경우의 스위칭 허용구간은 새그 의 경우와 반대로 된다.</p>",
                "context_length": 1330,
                "clue": [
                    {
                        "clue_text": "이때 정상상태로 복귀하려면 \\( \\mathrm { S } _ {\\mathrm { Ba } 1 } \\) 과 \\( \\mathrm { S } _ {\\mathrm { Ba } 2 } \\) 를 턴온하고 \\( \\mathrm { S } _ {\\mathrm { a } 1 } \\) 과 \\( \\mathrm { S } _ {\\mathrm { a } 2 } \\) 를 턴오프 하는데, 그림 4(a)에서 알 수 있듯이 전원전압과 전류의 극성이 동일한 구간에서만 가능하며 극성이 상이한 구간에서는 불가능하다.",
                        "clue_start": "285",
                        "clue_end": "555"
                    },
                    {
                        "clue_text": "왜냐하면 전원전압 \\( V_ { a } \\) 는 양( + )이고 전류 \\( i_ { a } \\) 가 음(-)인 구간에서는 \\( \\mathrm { S } _ {\\mathrm { al } } \\) 이 턴온 상태에 있으므로 \\( \\mathrm { S } _ {\\mathrm { Bal } } \\) 을 턴온하면 단권변압기의 양( + )의 전압이 \\( \\mathrm { S } _ {\\mathrm { Bal } } \\) 에 순방향으로 인가되어 단락회로를 형성하기 때문이다.",
                        "clue_start": "556",
                        "clue_end": "815"
                    },
                    {
                        "clue_text": "\\( V_ { a } \\) 가 음(-)인 구간 동안 새그 상태에서 \\( \\mathrm { S } _ {\\mathrm { al } } \\) 을 통해 흐르는 전류가 0이 됨과 동시에 \\( \\mathrm { S } _ {\\mathrm { a } 1 } \\) 의 게이트 신호를 오프하고 \\( V_ { a } \\) 가 음(-)에서 양( + )으로 변하는 지점에서 \\( \\mathrm { S } _ {\\mathrm { Ba } } \\) 을 턴온한다.",
                        "clue_start": "879",
                        "clue_end": "1124"
                    },
                    {
                        "clue_text": "그러면 \\( V_ { a } \\) 가 양 \\( ( + ) \\) 인 구간에서 \\( i_ { a } \\) 가 양( + )으로 흐를 때 직렬변압기의 1차측 전류는 \\( \\mathrm { S } _ {\\mathrm { Bal } } \\) 을 통하여 흐르면서 정상상태로 회복된다.",
                        "clue_start": "1125",
                        "clue_end": "1276"
                    }
                ],
                "terminology": [
                    {
                        "word": "게이트 신호"
                    },
                    {
                        "word": "극성"
                    },
                    {
                        "word": "단권변압기"
                    },
                    {
                        "word": "단락회로"
                    },
                    {
                        "word": "비선형"
                    },
                    {
                        "word": "새그"
                    },
                    {
                        "word": "스웰"
                    },
                    {
                        "word": "스웰 상태"
                    },
                    {
                        "word": "스위칭"
                    },
                    {
                        "word": "스위칭 상태"
                    },
                    {
                        "word": "전류"
                    },
                    {
                        "word": "전원전압"
                    },
                    {
                        "word": "직렬변압기"
                    },
                    {
                        "word": "턴온 상태"
                    }
                ]
            },
            {
                "context_id": "55e-0c9-merge_ed_034b7f4e-2e0bcbc6-706a-49e4-be2f-ef15e2fc4f63_00",
                "context_K-NSCC": {
                    "field": "인공물",
                    "large_category": "ED",
                    "medium_category": "05"
                },
                "context": "<h1>요 약</h1> <p>본 논문에서는 DVR 등의 전력품질 개선장치들의 성능시험에 용이하게 사용하기 위하여 제안한 3상 전압변동 발생기에 대하여 선형뿐만 아니라 비선형 부하에서도 동작이 가능함을 보이는 스위칭 특성해석을 하였다. 선형 부하의 경우는 전류가 연속이므로 전압변동 발생기를 구성하는 SCR 사이리스터의 자연전류(natural commutation)가 용이하게 발생하지만, 비선형 부하의 경우는 전류 불연속 모드 동작이 발생하여 SCR 사이리스터의 원활한 스위칭이 이루어질 수 없는 경우도 있다. 따라서 비선형 부하 시 전류 불연속 구간에서의 SCR 사이리스터의 스위칭 패턴을 분석하여 전압 새그(sag), 스웰(swell), 순간정전(outage), 전압불평형(voltage unbalance) 동작이 선형에서와 동일하게 발생되는 조건을 파악하였다. 각각의 기능을 발생시키는 원리와 동작 특성을 해석하였으며 시뮬레이션과 실험을 통하여 성능을 확인하였다. 본 논문에서 다룬 전압변동 발생기는 전원 외란 발생을 낮은 비용으로 구현해 낼 수 있고 구조와 제어가 간단하여 전력품질 개선과 관련된 연구를 하는데 용이하게 활용될 것으로 기대한다.</p> <h1>1. 서 론</h1> <p>전력사용량의 꾸준한 증가에 따라 수 \\( \\mathrm { ms } \\) 수초에 이르는 순간정전(outage), 새그(sag:순시전압강하), 스웰(swell:순시전압상숭), 전압불평형(voltage unbalance), 고조파왜곡(harmonic distortion)등의 전럭품질 외란도 지속적으로 증가하고 있다. 이러한 외란이 발생하는 원인에는 여러 가지가 있으나, 주로 전력계통의 고장, 낙뢰, 지락사고, 또한 대형부하나 커패시터 뱅크의 투입 및 차단, 전력변환장치의 사용 등을 들 수 있다. 이러한 외란 중에서 특히 산업현장에서는 전력계통의 사고에 의한 순간정전과 새그에 대한 관심이 고조되고 있다. 왜냐하면, 공장자동화에 따른 산업용 로봇 및 PLC 등은 전력품질에 매우 민감하게 동작하기 때문이 다. 이러한 전력품질 외란으로부터 시스템을 연속적으로 안정되게 사용하기 위하여 전력품질 개선장치 (custom power device)의 사용이 급증하고 있으며, 이러한 장치들로는 DSTATCOM(Distribution Static Compensator), DVR(Dynamic Voltage Restorer), 능동 전력필터, SVC(Static Var Compensator), UPS 등을 들 수 있다. 근래에는 인터넷 데이터 센터를 포함하는 다양한 첨단 사업장이 급속히 증가함에 따라 이에 부응하기 위한 최적의 전력품질 개선장치에 대한 연구의 필요성도 시급히 요청되고 있는 실정이다. 그런데 이러한 전력품질 개선장치들의 성능을 테스트하기 위해서는 새그, 스웰, 순간정전, 전압불평형 등의 전원변동을 임의로 발생시켜 줄 수 있는 장치가 필요한데 기존의 장치는 너무 고가이므로 활용하기가 용이하지 않다.</p> <p>최근 저가형 전압변동 발생기가 제안되었으나, 과다한 무효전력이 필요하며 별도의 노치필터가 필요하다는 등의 단점이 있다. 이러한 단점을 극복하는 새로운 형태의 저가형 전압년동 발생기가 제안되어 실효성있는 경제적 구현이 가능하게 되었다. 그러나 이들 전압변동 발생기에 대해서는 선형부하에 대한 특성해석은 하였으나 비선형 부하에 대한 검토는 이루어지지 않았다. 산업계에서 널리 사용되는 정류기, 최근 정보화산업과 관련된 인터넷 데이터센터 등 비선형 부하의 사용이 널리 확산되어 있으므로 비선형 부하를 고려한 전력품질 외란발생기를 검토할 필요가 있다. 이러한 필요성에 따라 비선형 부하에 적용 가능한 전압변동 발생기가 제안되었으나, [11]에서는 SCR 사이리스터의 자연소호를 위하여 SCR에 홀딩(holding) 전류 이상의 전류를 통전시키기 위한 더미저항을 추가 하였다. 본 논문-에서는 더미저항의 추가 없이 비선형 부하에서도 동작이 가능하도록 스위칭 특성 분석을 하였으며 시뮬레이션과 실험을 통하여 그 특성을 입증하고자 한다.</p>",
                "context_length": 1985,
                "clue": [
                    {
                        "clue_text": "본 논문에서는 DVR 등의 전력품질 개선장치들의 성능시험에 용이하게 사용하기 위하여 제안한 3상 전압변동 발생기에 대하여 선형뿐만 아니라 비선형 부하에서도 동작이 가능함을 보이는 스위칭 특성해석을 하였다.",
                        "clue_start": "16",
                        "clue_end": "130"
                    },
                    {
                        "clue_text": "따라서 비선형 부하 시 전류 불연속 구간에서의 SCR 사이리스터의 스위칭 패턴을 분석하여 전압 새그(sag), 스웰(swell), 순간정전(outage), 전압불평형(voltage unbalance) 동작이 선형에서와 동일하게 발생되는 조건을 파악하였다.",
                        "clue_start": "286",
                        "clue_end": "428"
                    },
                    {
                        "clue_text": "본 논문에서 다룬 전압변동 발생기는 전원 외란 발생을 낮은 비용으로 구현해 낼 수 있고 구조와 제어가 간단하여 전력품질 개선과 관련된 연구를 하는데 용이하게 활용될 것으로 기대한다.",
                        "clue_start": "487",
                        "clue_end": "588"
                    }
                ],
                "terminology": [
                    {
                        "word": "Compensator"
                    },
                    {
                        "word": "DSTATCOM"
                    },
                    {
                        "word": "DVR"
                    },
                    {
                        "word": "DVR(Dynamic Voltage Restorer"
                    },
                    {
                        "word": "Distribution"
                    },
                    {
                        "word": "Dynamic Voltage Restorer"
                    },
                    {
                        "word": "PLC"
                    },
                    {
                        "word": "SCR"
                    },
                    {
                        "word": "SCR 사이리스터"
                    },
                    {
                        "word": "SVC"
                    },
                    {
                        "word": "Static"
                    },
                    {
                        "word": "UPS"
                    },
                    {
                        "word": "commutation"
                    },
                    {
                        "word": "custom power"
                    },
                    {
                        "word": "custom power device"
                    },
                    {
                        "word": "distortion"
                    },
                    {
                        "word": "harmonic"
                    },
                    {
                        "word": "harmonic distortion"
                    },
                    {
                        "word": "outage"
                    },
                    {
                        "word": "sag"
                    },
                    {
                        "word": "swell"
                    },
                    {
                        "word": "unbalance"
                    },
                    {
                        "word": "고조파왜곡"
                    },
                    {
                        "word": "노치필터"
                    },
                    {
                        "word": "능동 전력필터"
                    },
                    {
                        "word": "더미저항"
                    },
                    {
                        "word": "데이터 센터"
                    },
                    {
                        "word": "무효전력"
                    },
                    {
                        "word": "비선형"
                    },
                    {
                        "word": "비선형 부하"
                    },
                    {
                        "word": "사이리스터"
                    },
                    {
                        "word": "새그"
                    },
                    {
                        "word": "선형부하"
                    },
                    {
                        "word": "수초"
                    },
                    {
                        "word": "스웰"
                    },
                    {
                        "word": "스위칭"
                    },
                    {
                        "word": "스위칭 특성"
                    },
                    {
                        "word": "스위칭 특성 분석"
                    },
                    {
                        "word": "스위칭 특성해석"
                    },
                    {
                        "word": "스위칭 패턴"
                    },
                    {
                        "word": "외란발생기"
                    },
                    {
                        "word": "자연소호"
                    },
                    {
                        "word": "자연전류"
                    },
                    {
                        "word": "전력계통"
                    },
                    {
                        "word": "전력변환장치"
                    },
                    {
                        "word": "전력품질 개선장치"
                    },
                    {
                        "word": "전력품질 외란"
                    },
                    {
                        "word": "전력품질 외란발생기"
                    },
                    {
                        "word": "전력필터"
                    },
                    {
                        "word": "전류"
                    },
                    {
                        "word": "전류 불연속 구간"
                    },
                    {
                        "word": "전류 불연속 모드"
                    },
                    {
                        "word": "전압 새그"
                    },
                    {
                        "word": "전압변동 발생기"
                    },
                    {
                        "word": "전압불평형"
                    },
                    {
                        "word": "전원 외란 발생"
                    },
                    {
                        "word": "전원변동"
                    },
                    {
                        "word": "정류기"
                    },
                    {
                        "word": "지락사고"
                    },
                    {
                        "word": "커패시터"
                    },
                    {
                        "word": "커패시터 뱅크"
                    },
                    {
                        "word": "홀딩"
                    },
                    {
                        "word": "확산"
                    }
                ]
            },
            {
                "context_id": "55e-0c9-merge_ed_034b7f4e-2e0bcbc6-706a-49e4-be2f-ef15e2fc4f63_07",
                "context_K-NSCC": {
                    "field": "인공물",
                    "large_category": "ED",
                    "medium_category": "05"
                },
                "context": "<p>그림 5와 6은 선형부하인 경우 각각 새그와 스웰 발생 시의 출력전압 파형을 나타낸다. 그림 5 는 정상상태에서 \\( 30 \\% \\) 의 새그가 발생하였다가 다시 정상상태로 복귀되는 것을 나타낸다. 그림 \\( 6( \\mathrm { a } ) \\) 는 정상상태에서 \\( 30 \\% \\) 스웰이 발생하는 경우를 나타내고 6(b)는 \\( 50 \\% \\) 스웰 발생후 정상상태로 복귀되는 경우를 나타낸다. 그림 7은 비선형 부하시 \\( 50 \\% \\) 새그가 발생한 후 정상 상태로 회복하는 경우의 정류기 출력전압과 정류기 입력전압파형을 나타낸다. 그림 8은 비선형 부하시 a-상전류파형을 나타넨다.</p> <h1>5. 실험 결과</h1> <p>선형 및 비선형 부하에 대한 실험을 수행하였으며 대표적인 실험 파형은 다음과 같다. 그림 9는 선형 부하에서 \\( 50 \\% \\) 새그를 연속 2 번 발생시킨 경우의 \\( \\mathrm { a } \\) - \\( \\mathrm { b } \\) 상선간전원전압과 선간출력전압 파형을 나타내며, 그림 10 은 정상상태에서 \\( 30 \\% \\) 스웰을 발생시킨 경우 a-b상 선간전원전압과 a- 및b- 상의 출력 상전압파형, 그리고 a-상 전류파형을 나타낸다. 그림11은 비선형 부하시 \\( 50 \\% \\) 새그가 발생한 후 정상상태로 복귀하는 경우의 정류기 출력전압과 정류기 입력전압파형을 나타낸다. 그림 12 는 비선형 부하시 \\( \\mathrm { a } \\)-상 전류파형을 나타낸다. 따라서 선형 뿐 아니라 비선형 부하에서도 전압변동이 원활히 이루어짐을 알 수 있다.</p> <h1>6. 결 론</h1> <p>본 논문에서는 전력품질 개선장치들의 성능시험을 위하여 제안된 전압변동 발생기에 대하여 선형 뿐 아니라 비선형 부하에서도 원활한 동작이 이루어질 수 있는 스위칭 특성해석을 하였다. 스위칭 특성해석을 통하여 기존의 방식에서 비선형 부하동작을 위하여 사용하였던 더미저항을 제거할 수 있었으며, 따라서 효율을 향상시키고 시스템의 구성을 간단히 할 수 있게 되었다. 스위칭 특성해석 결과 새그와 순간정전 발생시의 스위칭 메카니즘은 동일하고 스웰을 발생시키는 경우는 새그의 경우와 상반된다는 것을 알 수 있었으며, 선형부하인 경우와 비선형 부하인 경우는 서로 구분하여 스위칭을 하여야 정상 동작이 된다는 것을 파악하였다. 즉, 선형 부하에서는 3상의 각상 전압과 전류의 극성에 따라 SCR 사이리스터의 스위칭 허용구간이 결정되며, 비선형 부하에서는 전압의 극성이 바뀌는 영점 근처에서 SCR 사이리스터를 스위칭 해야 한다. 선형 및 비선형 부하에 대하여 전압변동 발생이 가능함을 시뮬레이션과 실험을 통하여 입증하였다. 전력품질 개선을 위한 전력품질 개선장치들은 그 중요성에 힘입어 성능 향상 및 새로운 토폴로지에 대한 연구가 활발히 진행되고 있으므로 본 논문에서 다룬 전압 변동 발생기는 전력품질 개선장치들의 성능시험에 요긴하게 활용될 것으로 기대된다.</p>",
                "context_length": 1456,
                "clue": [
                    {
                        "clue_text": "그림 5와 6은 선형부하인 경우 각각 새그와 스웰 발생 시의 출력전압 파형을 나타낸다.",
                        "clue_start": "3",
                        "clue_end": "51"
                    },
                    {
                        "clue_text": "선형 및 비선형 부하에 대한 실험을 수행하였으며 대표적인 실험 파형은 다음과 같다.",
                        "clue_start": "361",
                        "clue_end": "407"
                    },
                    {
                        "clue_text": "따라서 선형 뿐 아니라 비선형 부하에서도 전압변동이 원활히 이루어짐을 알 수 있다.",
                        "clue_start": "743",
                        "clue_end": "789"
                    },
                    {
                        "clue_text": "본 논문에서는 전력품질 개선장치들의 성능시험을 위하여 제안된 전압변동 발생기에 대하여 선형 뿐 아니라 비선형 부하에서도 원활한 동작이 이루어질 수 있는 스위칭 특성해석을 하였다.",
                        "clue_start": "813",
                        "clue_end": "912"
                    },
                    {
                        "clue_text": "즉, 선형 부하에서는 3상의 각상 전압과 전류의 극성에 따라 SCR 사이리스터의 스위칭 허용구간이 결정되며, 비선형 부하에서는 전압의 극성이 바뀌는 영점 근처에서 SCR 사이리스터를 스위칭 해야 한다.",
                        "clue_start": "1155",
                        "clue_end": "1267"
                    }
                ],
                "terminology": [
                    {
                        "word": "SCR"
                    },
                    {
                        "word": "SCR 사이리스터"
                    },
                    {
                        "word": "a-상"
                    },
                    {
                        "word": "a-상전류파형"
                    },
                    {
                        "word": "극성"
                    },
                    {
                        "word": "더미저항"
                    },
                    {
                        "word": "메카니즘"
                    },
                    {
                        "word": "비선형"
                    },
                    {
                        "word": "비선형 부하"
                    },
                    {
                        "word": "사이리스터"
                    },
                    {
                        "word": "상전압파형"
                    },
                    {
                        "word": "새그"
                    },
                    {
                        "word": "선간출력전압"
                    },
                    {
                        "word": "선형 부하"
                    },
                    {
                        "word": "선형부하"
                    },
                    {
                        "word": "순간정전"
                    },
                    {
                        "word": "스웰"
                    },
                    {
                        "word": "스위칭"
                    },
                    {
                        "word": "스위칭 특성해석"
                    },
                    {
                        "word": "영점"
                    },
                    {
                        "word": "입력전압파형"
                    },
                    {
                        "word": "전력품질 개선"
                    },
                    {
                        "word": "전류"
                    },
                    {
                        "word": "전류파형"
                    },
                    {
                        "word": "전압변동 발생기"
                    },
                    {
                        "word": "정류기"
                    },
                    {
                        "word": "정전"
                    },
                    {
                        "word": "출력전압"
                    },
                    {
                        "word": "토폴로지"
                    },
                    {
                        "word": "파형"
                    }
                ]
            }
        ]
    }
}