{
    "dataset_info": {
        "identifier": "02-031-002-NL",
        "name": "기술과학 문서 요약 데이터",
        "category": "자연어",
        "last_updated": "2023-08-30"
    },
    "dataset": {
        "doc_id": "034b7f4e-4727f3ec-3237-4dd8-9b38-f7558807616b",
        "doc_type": "논문",
        "doc_title": {
            "kor": "무정전전원장치의 병렬운전 제어기법에 관한 연구",
            "eng": ""
        },
        "doc_category": {
            "KDC": "560.5",
            "DDC": ""
        },
        "doc_number": {
            "ISSN": "1229-2214",
            "ISBN": "",
            "DOI": "",
            "UCI": ""
        },
        "doc_year": "2003",
        "doc_author": [
            "곽철훈",
            "최규하"
        ],
        "doc_publisher": "전력전자학회",
        "doc_license": "CC BY-NC",
        "context_info": [
            {
                "context_id": "55e-0c9-1259d290-8306-454d-8a5a-00e670b55b01",
                "context_K-NSCC": {
                    "field": "인공물",
                    "large_category": "ED",
                    "medium_category": "99"
                },
                "context": "<p>여기서 \\( \\mathrm{n} \\)은 인버터 순서, \\( \\mathrm{m} \\)은 병렬인버터 총수이다. 인버터의 제어가 그림 3과 같이 동기좌표계에서 구성되므로 \\( \\mathrm{q} \\)축을 전압벡터에 동기시키면 \\( \\mathrm{d} \\)축은 순수한 무효성분으로 나타난다. 그러므로 본 제어에서는 선압,전류의 실효치를 계산하여 전력편차를 검출하지 않고 순시적으로 \\( \\mathrm{d}, \\mathrm{q} \\)축의 유효 성분과 무효성분을 분리하여 보상할 전력편차를 계산한다. 그림 4의 병렬제어 알고리즘은 부하단에서 검출한 부하전류 \\( I_{o} \\)와 각각의 인버터 출력전류 \\( I_{1}, I_{2} \\)를 동기좌표계로 변환하여 기준 동기위상에 대해서 \\( \\mathrm{d} \\)축 변수인 무효성분과 \\( \\mathrm{q} \\)축 변수인 유효성분으로 추출하는 구조를 보여준다. 식 (10) (15)은 동기좌표계로 변환된 전류를 나타내고 있으며 비선형부하시 기본파 성분과 고조파성분이 포함되어 있으므로 전압제어기에 전향보상하는 방식으로 첨가하려면 출력전압의 THD) 를 고려하여 기본파에 대한 유효전력과 무효전력을 계산하기 위해 저역통과 필터들 사용하게 된다.</p> <p>\\( I_{n d q}=\\overline{I_{n d q}}+\\overline{I_{n d q}} \\)<caption>(16)</caption></p> <p>\\( I_{o d q}=\\overline{I_{o d q}}+\\widetilde{I_{o d q}} \\)<caption>(17)</caption></p> <p>\\( \\overline{I_{d q}}=\\overline{I_{n d q}}-\\frac{\\overline{I_{o d q}}}{m} \\)<caption>(18)</caption></p> <p>위의 식에서 최종적으로 유효성분과 무효성분의 전류편차 \\( \\Delta I \\)를 얻게 된다. 이 식은 전력편차를 계산하는 데 사용되며 다음과 같이 동기좌표축의 전력편차 산출 식을 유도할 수 있다. 유효전력편차 \\( \\triangle P \\)는 인버터 사이의 출력전압 위상차를 조절하는 제어변수로 사용되며 동기좌표축상의 \\(\\mathrm {d} \\)축 전압제어기의 기준값으로 사용된다. 또한 무효전력편차 \\( \\Delta Q \\frac{2}{2} \\) 인버터 출력전압의 크기차를 보상하며 \\( \\mathrm{q} \\)축 전압제어기 기준값에 가산하는 형태로 사용된다.</p> <p>\\( \\left[\\begin{array}{l}\\Delta P \\\\ \\Delta Q\\end{array}\\right]=\\frac{3}{2}\\left[\\begin{array}{cc}V_{a} & V_{d} \\\\ -V_{d} & V_{q}\\end{array}\\right]\\left[\\begin{array}{c}\\Delta \\overline{I_{q}} \\\\ \\Delta I_{d}\\end{array}\\right] \\)<caption>(19)</caption></p> <p>\\( \\Delta P=\\frac{3}{2}\\left(V_{q} \\cdot \\overline{\\Delta I_{q}}+V_{d} \\cdot \\overline{\\Delta I_{d}}\\right) \\simeq \\frac{3}{2} V_{q} \\cdot \\overline{\\Delta I_{q}} \\)<caption>(20)</caption></p> <p>\\( \\Delta Q=\\frac{3}{2}\\left(-V_{q} \\cdot \\overline{\\Delta I_{d}}+V_{d} \\cdot \\overline{\\Delta I_{q}}\\right) \\simeq-\\frac{3}{2} V_{q} \\cdot \\overline{\\Delta I_{d}} \\)<caption>(21)</caption></p> <p>한편 병렬운전시 발생할 수 있는 전력편차의 형태는 다음과 같이 분류된다.</p> <ul> <li>(i) \\( \\Delta V \\neq 0 \\) 이고 \\( \\delta=0 \\) 인 경우</li> <li>(ii) \\( \\Delta V=0 \\) 이고 \\( \\delta \\neq 0 \\) 인 경우</li> <li>(iii) \\( \\Delta V \\neq 0 \\) 이고 \\( \\delta \\neq 0 \\) 인 경우</li></ul> <p>병렬인버터 사이에 전압과 위상차에 따라 유효전력\\( \\Delta P \\), 무효전력 \\( \\Delta Q \\) 성분을 \\( \\mathrm{dq} \\) 축 전압제어기에서 동시에 보상한다. 위의 전력편차 형태에 따라 전압크기와 위상을 \\( \\mathrm{d} \\)축과 \\( \\mathrm{q} \\)축 제어기로 보상해야 하는데 \\( \\mathrm{d} \\)축과 \\( \\mathrm{q} \\)축은 서로 독립적이지 않고 그림 3와 같이 \\( \\mathrm{dq} \\)축의 상호 벡터합으 로 나타나므로 전압크기와 위상을 별도로 제어하기 위해서는 다음과 같이 \\( \\mathrm{dq} \\)축 기준값을 결정해야한다.</p> <p>\\( V_{d}^{*}=V_{d v e f}-k_{b} \\Delta P \\)<caption>(22)</caption></p> <p>\\( V_{q}^{*}=\\sqrt{\\left(V_{n f f}-k_{q} \\Delta Q\\right)^{2}-V_{d}^{* 2}} \\)<caption>(23)</caption></p> <p>여기서 \\( V_{\\text {ref}} \\) 출력전압벡터 기준값으로 정격출력상전압의 피크값를 나타낸다. 또한 \\( k_{p} \\)와 \\( k_{q} \\)는 전력편차 전향보상 이득값이다.</p>",
                "context_length": 2751,
                "clue": [
                    {
                        "clue_text": "그림 4의 병렬제어 알고리즘은 부하단에서 검출한 부하전류 \\( I_{o} \\)와 각각의 인버터 출력전류 \\( I_{1}, I_{2} \\)를 동기좌표계로 변환하여 기준 동기위상에 대해서 \\( \\mathrm{d} \\)축 변수인 무효성분과 \\( \\mathrm{q} \\)축 변수인 유효성분으로 추출하는 구조를 보여준다.",
                        "clue_start": "277",
                        "clue_end": "451"
                    },
                    {
                        "clue_text": "유효전력편차 \\( \\triangle P \\)는 인버터 사이의 출력전압 위상차를 조절하는 제어변수로 사용되며 동기좌표축상의 \\(\\mathrm {d} \\)축 전압제어기의 기준값으로 사용된다.",
                        "clue_start": "1012",
                        "clue_end": "1116"
                    },
                    {
                        "clue_text": "또한 무효전력편차 \\( \\Delta Q \\frac{2}{2} \\) 인버터 출력전압의 크기차를 보상하며 \\( \\mathrm{q} \\)축 전압제어기 기준값에 가산하는 형태로 사용된다.",
                        "clue_start": "1117",
                        "clue_end": "1217"
                    }
                ],
                "terminology": [
                    {
                        "word": "THD"
                    },
                    {
                        "word": "고조파성분"
                    },
                    {
                        "word": "동기위상"
                    },
                    {
                        "word": "동기좌표계"
                    },
                    {
                        "word": "동기좌표축"
                    },
                    {
                        "word": "동기좌표축상"
                    },
                    {
                        "word": "무효성분"
                    },
                    {
                        "word": "무효전력"
                    },
                    {
                        "word": "무효전력편차"
                    },
                    {
                        "word": "병렬인버터"
                    },
                    {
                        "word": "병렬인버터 총수"
                    },
                    {
                        "word": "병렬제어"
                    },
                    {
                        "word": "병렬제어 알고리즘"
                    },
                    {
                        "word": "부하단"
                    },
                    {
                        "word": "부하전류"
                    },
                    {
                        "word": "선압"
                    },
                    {
                        "word": "실효치"
                    },
                    {
                        "word": "알고리즘"
                    },
                    {
                        "word": "위상"
                    },
                    {
                        "word": "위상차"
                    },
                    {
                        "word": "유효성분"
                    },
                    {
                        "word": "유효전력편차"
                    },
                    {
                        "word": "인버터 출력전류"
                    },
                    {
                        "word": "인버터 출력전압"
                    },
                    {
                        "word": "저역통과"
                    },
                    {
                        "word": "전력편차"
                    },
                    {
                        "word": "전류"
                    },
                    {
                        "word": "전류편차"
                    },
                    {
                        "word": "전압벡터"
                    },
                    {
                        "word": "전향보상"
                    },
                    {
                        "word": "제어기"
                    },
                    {
                        "word": "출력전류"
                    },
                    {
                        "word": "출력전압"
                    },
                    {
                        "word": "출력전압벡터"
                    }
                ]
            },
            {
                "context_id": "55e-0c9-d0c94102-a349-4637-8fc9-5b2b6e104579",
                "context_K-NSCC": {
                    "field": "인공물",
                    "large_category": "ED",
                    "medium_category": "99"
                },
                "context": "<h1>Ⅳ. 실험 및 고찰</h1> <p>시뮬레이션 및 실험을 위한 조건은 표 1,2에 나타낸 것과 같은 UPS에 적용되는 \\( 100[\\mathrm{kVA}] \\) 용량의 대상으로 하였다.</p> <h2>4.1 시뮬레이션</h2> <p>본 논문에서 제안한 병렬제어 알고리즘을 검증하기 위해 표 1 , 표 2와 같이 시스템 파라미터를 설정하여 시뮬레이션을 수행하였다. UPS 시스템은 \\( 100 \\mathrm{kVA} \\) 용량을 기준으로 RL부하를 사용하여 역률 0.8로 설정하였다. 인버터 필터 인덕터는 누설변압기를 사용하였으며 온도상승률을 고려하여 부하임피던스의 약 \\( 5 \\% \\) 미만으로 설정하였다.</p> <p>그림 5는 UPS2이 정격부하 운전중에 UPS1가 투입 되었을 경우의 (a) 인버터 출력 상전압 (b) 부하전류 (c) UPS2의 출력전류 (d) UPS1의 출력전류파형을 나타낸다. 그림5와 같이 UPS1의 투입과 동시에 전류분담 제어가 정상적으로 수행됨을 볼 수 있다.</p> <p>또한 그림 6은 (a) 병렬 UPS 출력전류를 동시에 나타내고 있으며 (b)는 UPS1의 전류편차로 계산된 유효 전력편차 \\( \\triangle P_{1} \\)과 무효전력편차 \\( \\triangle Q_{1} \\quad \\) (c)는 UPS2의 유효전력편차 \\( \\triangle P_{2} \\)과 무효전력편차 \\( \\Delta Q_{2} \\)를 보여 주고 있으며, 여기서 (I)은 순환전류제어에 의한 과도현상 특성이고, (II)은 순환 전류 제어후 정상상태 특성이다. 본 논문에서 제안한 전력편차 알고리즘의 보상 특성을 확인할 수 있었다. 그림 7은 병렬운전시 UPS2의 운전전압 및 전류파형이고, 그림 8은 UPS2의 유효 전력 및 무효전력의 편차른 나타낸다. 그림 9는 UPS1 운전중 UPS2를 투입시 부하분담의 파형을 보여주고 있으며, 그림 10은 병렬운전중 UPS1,2의 출력전압 및 전류파형을 나타낸다.</p> <h2>4.2 실험 및 고찰</h2> <p>그림 11은 단독운전에서 병렬운전시 출력파형으로써 (a) UPS1이 정격부하 운전중 UPS2가 투입되었을 경우 출력 전류 파형 (b) UPS2의 무부하운전중 부하를 인가시 출력 전류 파형를 나타낸다. 그림과 같이 UPS2를 투입과 동시에 전류분담제어가 정상적으로 수행됨을 볼 수 있다. 또한 (I)은 UPS1만 운전하고 있는 파형이고, UPS2은 무부하 상태로 운전하고 있다.</p> <p>(Ⅱ)은 UPS1, UPS2 두 대가 병렬운전시 부하 분담하고 있는 파형을 보여주고 있다. 그림 12는 병렬운전에서 단독운전시 출력파형이고, (a) UPS1이 중부하 운전중에 정격부하로 운전시 출력 전류 파형 (b) UPS2의 중부하로 운전중 무부하 운전시 출력 전류 파형를 나타낸다. 또한(I)은 UPS1, UPS2 두 대가 병렬운전 시 부하 분담하고 있는 파형이고, (I)은 UPS2 부하를 무부하로 전환시 UPS1에서 정격 부하분담으로 운전시 전류분담제어가 정상적으로 수행됨을 볼 수 있다. 그림 13은 인버터의 절체 및 부입파형으로 (a) 중부하에서 전부하로 급변시킬 후 중부하로 운전시 츨력 파형 (b) 중부하로 운전중 BYPASS로 절체 후 UPS로 재절체하며 절체되는 순간의 인버터 출력 파형를 나타낸다.</p> <p>또한 (I)은 UPS1, UPS2 두 대가 병렬운전시 부하 분담하고 있는 파형이고, (I)은 UPS1만 운전하고 있는 파형이며, UPS2은 무부하시 파형이고, (III)은 UPS1, UPS2 두 대가 병렬운전시 부하 분담하고 있는 파형이다.</p> <p>그림 14는 인버터 출력선류 및 순환전류 파형이고 (a)은 UPS1, UPS2의 출력전류 파형이고 (b)은 UPS1, UPS2의 순환전류 파형를 나타낸다. 또한 (I)은 정상 상태시 UPS1, UPS2의 순환전류을 보여주고 있으며, 정상상태 제어 방법을 보여주고 있으며, 출력축의 순환 선류 발생을 제거됨을 알 수 있었다.</p> <p>그리고 UPS의 동기좌표계를 이용하여 각 UPS의 위상정보와 운전상태 정보만 있으면 병렬운전을 구현 방법을 통하여 출력전압의 동특성 전압 및 주파수 동기와 출력 스위치제어 기법을 이용하여 가 UPS의 출력 전류 편차를 \\(5\\%\\) 이내로 줄 일수 있었으며, 정격상태에서 과도응답에서 빠른 속응성을 나타내었다. 설계사 양에 적합 특성을 얻었다.</p>",
                "context_length": 2148,
                "clue": [
                    {
                        "clue_text": "시뮬레이션 및 실험을 위한 조건은 표 1,2에 나타낸 것과 같은 UPS에 적용되는 \\( 100[\\mathrm{kVA}] \\) 용량의 대상으로 하였다.",
                        "clue_start": "23",
                        "clue_end": "106"
                    },
                    {
                        "clue_text": "본 논문에서 제안한 병렬제어 알고리즘을 검증하기 위해 표 1 , 표 2와 같이 시스템 파라미터를 설정하여 시뮬레이션을 수행하였다. UPS 시스템은 \\( 100 \\mathrm{kVA} \\) 용량을 기준으로 RL부하를 사용하여 역률 0.8로 설정하였다.",
                        "clue_start": "133",
                        "clue_end": "272"
                    },
                    {
                        "clue_text": "그림5와 같이 UPS1의 투입과 동시에 전류분담 제어가 정상적으로 수행됨을 볼 수 있다.",
                        "clue_start": "453",
                        "clue_end": "502"
                    },
                    {
                        "clue_text": "(I)은 정상 상태시 UPS1, UPS2의 순환전류을 보여주고 있으며, 정상상태 제어 방법을 보여주고 있으며, 출력축의 순환 선류 발생을 제거됨을 알 수 있었다.",
                        "clue_start": "1854",
                        "clue_end": "1944"
                    },
                    {
                        "clue_text": "그리고 UPS의 동기좌표계를 이용하여 각 UPS의 위상정보와 운전상태 정보만 있으면 병렬운전을 구현 방법을 통하여 출력전압의 동특성 전압 및 주파수 동기와 출력 스위치제어 기법을 이용하여 가 UPS의 출력 전류 편차를 \\(5\\%\\) 이내로 줄 일수 있었으며, 정격상태에서 과도응답에서 빠른 속응성을 나타내었다.",
                        "clue_start": "1952",
                        "clue_end": "2125"
                    }
                ],
                "terminology": [
                    {
                        "word": "BYPASS"
                    },
                    {
                        "word": "RL부하"
                    },
                    {
                        "word": "UPS"
                    },
                    {
                        "word": "UPS 시스템"
                    },
                    {
                        "word": "과도현상 특성"
                    },
                    {
                        "word": "누설변압기"
                    },
                    {
                        "word": "동기좌표계"
                    },
                    {
                        "word": "동특성"
                    },
                    {
                        "word": "동특성 전압"
                    },
                    {
                        "word": "무부하"
                    },
                    {
                        "word": "무효전력"
                    },
                    {
                        "word": "무효전력편차"
                    },
                    {
                        "word": "병렬 UPS"
                    },
                    {
                        "word": "병렬운전"
                    },
                    {
                        "word": "병렬제어"
                    },
                    {
                        "word": "병렬제어 알고리즘"
                    },
                    {
                        "word": "보상 특성"
                    },
                    {
                        "word": "부하 분담"
                    },
                    {
                        "word": "부하임피던스"
                    },
                    {
                        "word": "부하전류"
                    },
                    {
                        "word": "상전압"
                    },
                    {
                        "word": "선류"
                    },
                    {
                        "word": "속응성"
                    },
                    {
                        "word": "순환전류"
                    },
                    {
                        "word": "순환전류제어"
                    },
                    {
                        "word": "스위치제어"
                    },
                    {
                        "word": "시뮬레이션"
                    },
                    {
                        "word": "시스템 파라미터"
                    },
                    {
                        "word": "알고리즘"
                    },
                    {
                        "word": "역률"
                    },
                    {
                        "word": "운전전압"
                    },
                    {
                        "word": "유효 전력"
                    },
                    {
                        "word": "유효전력편차"
                    },
                    {
                        "word": "인덕터"
                    },
                    {
                        "word": "인버터 출력 상전압"
                    },
                    {
                        "word": "인버터 출력선류"
                    },
                    {
                        "word": "인버터 필터 인덕터"
                    },
                    {
                        "word": "전력편차"
                    },
                    {
                        "word": "전력편차 알고리즘"
                    },
                    {
                        "word": "전류"
                    },
                    {
                        "word": "전류분담"
                    },
                    {
                        "word": "전류분담제어"
                    },
                    {
                        "word": "전류파형"
                    },
                    {
                        "word": "전류편차"
                    },
                    {
                        "word": "전부하"
                    },
                    {
                        "word": "절체"
                    },
                    {
                        "word": "정격부하"
                    },
                    {
                        "word": "정격상태"
                    },
                    {
                        "word": "정상상태 특성"
                    },
                    {
                        "word": "주파수"
                    },
                    {
                        "word": "중부하"
                    },
                    {
                        "word": "출력 상전압"
                    },
                    {
                        "word": "출력 스위치제어 기법"
                    },
                    {
                        "word": "출력 전류 편차"
                    },
                    {
                        "word": "출력선류"
                    },
                    {
                        "word": "출력전류"
                    },
                    {
                        "word": "출력전류파형"
                    },
                    {
                        "word": "출력전압"
                    },
                    {
                        "word": "출력축"
                    },
                    {
                        "word": "파라미터"
                    },
                    {
                        "word": "파형"
                    },
                    {
                        "word": "필터 인덕터"
                    }
                ]
            },
            {
                "context_id": "55e-0c9-03473d01-b87f-49ea-a177-f95ce628c32c",
                "context_K-NSCC": {
                    "field": "인공물",
                    "large_category": "ED",
                    "medium_category": "08"
                },
                "context": "<h1>Ⅰ. 서 론</h1> <p>최근 통신장비, 의료기관 시설장비 및 공항 관제 컴퓨터 시스템 전산장비 등 전원에 민감한 부하들이 폭넓게 사용되고 있으며, 이로 인해 전원의 신뢰성이 더욱 중요시 되고 있다. 또한 전원의 이상현상이 짧은 시간 동안 발생하는 경우에도 그 피해는 매우 심각할 수 있기 때문에 전원 이상현상에 대비한 무정전전원장치 (UPS)의 필요성이 더욱 증가하고 있는 추세이다. 그러나 현재는 용량증대보다는 정보화 시스템과 산업장비, 통신용 전원공급장치, 전산용에 주로 병렬운전방식을 채택하여 시스템 안전성확보 및 부하에 신뢰성이 높은 전원공격을 주 목적으로 사용하고 있고, 또한 중요 설비의 대해서는 병렬 UPS가 주로 사용되고 있다. 특히 UPS 병렬운전 방식은 용량의 증대 또는 부하단에 사용되는 부하의 중요도에 따라 UPS 출력전원의 신뢰성을 증대시키기 위하여 사용된다. 이러한 UPS의 병럴운전시 가장 중요한 기술은 각 UPS 모듈간의 전류분담 제어이다. 그러나 병렬운전 시스템이 가지는 문제점은 이상적인 조건에서 각 UPS에 흐르는 전류가 동일하다고 간주할 수 있으나 실제로는 각 UPS의 임피던스가 서로 다르고 항상 동기가 일치해도 라인 임피던스 및 특성차이로 순환전류가 발생한다는 사실이다. 또한 순환전류로 인하여 UPS1, UPS2 중 한대가 과부하 조건에 도달하게 하여 UPS는 자신의 용량보다 큰 부하를 인가하게 되므로 전체적인 시스템의 효율이 감소되다. 물론 인버터 출력단의 임피던스를 크게 하면 위의 문제점은 어느정도 해결할 수 있지만 대용량 UPS 적용시 변압기 내부에 누설 인덕턴스를 내장하는 필터 일체형 변압기를 적용하기 어려운 단점을 가진다. 그러므로 출력 임피던스를 증가시키지 않고 비선형 부하에서도 낮은 출력 THD를 가짐과 동시에 UPS의 전류분담을 원활히 수행하여 전류편차를 저감할 수있는 PI제어기 설계로 빙렬운전의 핵심 기술이다. 기본적인 구조는 IGBT, 리엑터 및 캐패시터로 구성되며, 인버터측에 직렬로 삽입되어 있는 캐패시터의 임피던스 성분을 보상한다. 보상되는 임피던스는 IGBT도 통각 \\( \\sigma \\)의 크기에 의해 결정되며, 그 크기는 무정전전 원장치 시스템 내의 각종 상수 및 IGBT의 점호각 \\( \\mathrm{a} \\)에 의해서 변화된다.</p> <p>무정전전원장치의 개념을 구현하기 위해 제안된 또 다른 대표적인 DSP를 이용한 병렬보상기는 주로 전압 및 출력전류의 안정도 개선을 주목적으로 한다.</p> <p>병렬보상기의 투입시의 과도응답 파형을 여러 동작 점에서 비교하여 병렬보상기의 운전특성을 해석한다. 따라서 본 논문에서는 UPS의 병렬운전을 위해 LPS 장치의 출력전류와 부하선류의 편차로부터 유효전력과 무효전력을 추출하여 인버터의 제어 위상각과 출력전압의 크기를 제어하는 동기좌표축 전력편차 보상기법을 제안하고 이를 UPS에 적용하고자 한다.</p>",
                "context_length": 1424,
                "clue": [
                    {
                        "clue_text": "최근 통신장비, 의료기관 시설장비 및 공항 관제 컴퓨터 시스템 전산장비 등 전원에 민감한 부하들이 폭넓게 사용되고 있으며, 이로 인해 전원의 신뢰성이 더욱 중요시 되고 있다.",
                        "clue_start": "19",
                        "clue_end": "116"
                    },
                    {
                        "clue_text": "또한 전원의 이상현상이 짧은 시간 동안 발생하는 경우에도 그 피해는 매우 심각할 수 있기 때문에 전원 이상현상에 대비한 무정전전원장치 (UPS)의 필요성이 더욱 증가하고 있는 추세이다.",
                        "clue_start": "117",
                        "clue_end": "220"
                    },
                    {
                        "clue_text": "무정전전원장치의 개념을 구현하기 위해 제안된 또 다른 대표적인 DSP를 이용한 병렬보상기는 주로 전압 및 출력전류의 안정도 개선을 주목적으로 한다.",
                        "clue_start": "1139",
                        "clue_end": "1221"
                    },
                    {
                        "clue_text": "따라서 본 논문에서는 UPS의 병렬운전을 위해 LPS 장치의 출력전류와 부하선류의 편차로부터 유효전력과 무효전력을 추출하여 인버터의 제어 위상각과 출력전압의 크기를 제어하는 동기좌표축 전력편차 보상기법을 제안하고 이를 UPS에 적용하고자 한다.",
                        "clue_start": "1284",
                        "clue_end": "1420"
                    }
                ],
                "terminology": [
                    {
                        "word": "DSP"
                    },
                    {
                        "word": "IGBT"
                    },
                    {
                        "word": "LPS"
                    },
                    {
                        "word": "PI제어기"
                    },
                    {
                        "word": "THD"
                    },
                    {
                        "word": "UPS"
                    },
                    {
                        "word": "UPS 병렬운전"
                    },
                    {
                        "word": "UPS 출력전원"
                    },
                    {
                        "word": "관제"
                    },
                    {
                        "word": "낮은 출력 THD"
                    },
                    {
                        "word": "누설 인덕턴스"
                    },
                    {
                        "word": "동기좌표축"
                    },
                    {
                        "word": "동기좌표축 전력편차 보상기법"
                    },
                    {
                        "word": "동작 점"
                    },
                    {
                        "word": "라인 임피던스"
                    },
                    {
                        "word": "리엑터"
                    },
                    {
                        "word": "무정전전원장치"
                    },
                    {
                        "word": "무효전력"
                    },
                    {
                        "word": "변압기"
                    },
                    {
                        "word": "병렬 UPS"
                    },
                    {
                        "word": "병렬보상기"
                    },
                    {
                        "word": "병렬운전"
                    },
                    {
                        "word": "병렬운전방식"
                    },
                    {
                        "word": "보상기법"
                    },
                    {
                        "word": "부하단"
                    },
                    {
                        "word": "비선형"
                    },
                    {
                        "word": "비선형 부하"
                    },
                    {
                        "word": "순환전류"
                    },
                    {
                        "word": "신뢰성"
                    },
                    {
                        "word": "인덕턴스"
                    },
                    {
                        "word": "인버터 출력단"
                    },
                    {
                        "word": "인버터측"
                    },
                    {
                        "word": "임피던스"
                    },
                    {
                        "word": "임피던스 성분"
                    },
                    {
                        "word": "전력편차"
                    },
                    {
                        "word": "전류"
                    },
                    {
                        "word": "전류분담"
                    },
                    {
                        "word": "전류분담 제어"
                    },
                    {
                        "word": "전류편차"
                    },
                    {
                        "word": "전원공급장치"
                    },
                    {
                        "word": "점호각"
                    },
                    {
                        "word": "직렬"
                    },
                    {
                        "word": "출력 임피던스"
                    },
                    {
                        "word": "출력전류"
                    },
                    {
                        "word": "출력전압"
                    },
                    {
                        "word": "출력전원"
                    },
                    {
                        "word": "캐패시터"
                    },
                    {
                        "word": "파형"
                    },
                    {
                        "word": "필터 일체형 변압기"
                    },
                    {
                        "word": "한대"
                    }
                ]
            },
            {
                "context_id": "55e-0c9-d483cfc7-3288-4ca4-a0db-6d9eb350a0e5",
                "context_K-NSCC": {
                    "field": "인공물",
                    "large_category": "ED",
                    "medium_category": "99"
                },
                "context": "<h1>Ⅱ. 병렬형 인버터 회로해석</h1> <p>그림 1은 병렬운전시 UPS 전체 시스템의 블록도이고, 그림 2는 UPS 2대를 병렬로 운전함 때의 등가회로를 나타낸다. \\( \\vec{V}_{1}, \\vec{V}_{2} \\)는 PWM 인버터의 스위칭 전압이 저역 LC 필터를 통해 출력되는 병렬 인버터의 기본파 전압을 나타내고 있으며, \\( Z_{1}, Z_{2} \\)는 선로 임피던스, \\( Z_{o} \\)는 공통부하 임피던스를 의미한다. 여기서 인버터 출력 필터의 임피던스와 선로 임피던스가 일정하다고 가정한다면 병렬 UPS의 등가회로의 회로방정식을 다음과 같이 간략화하여 전개할 수 있다</p> <p>\\( \\vec{V}_{1}=V_{1} \\angle 0=V_{1} \\)<caption>(2)</caption></p> <p>\\( \\vec{V}_{2}=V_{2} \\angle \\delta=\\left(V_{1}+\\Delta V\\right) e^{i j} \\)<caption>(2)</caption></p> <p>인버터가 병렬로 접속하여 운전할 경우 부하에 인가 되는 공통전압과 인버터 출력전류, 부하전류의 관계식 을 정리하면 다음과 같다.</p> <p>\\( \\vec{I}_{1}=\\frac{\\vec{V}_{1}-\\vec{V}_{o}}{Z_{1}}, \\vec{I}_{2}=\\frac{\\vec{V}_{2}-\\vec{V}_{o}}{Z_{2}}, \\vec{I}_{o}=\\frac{\\vec{V}_{o}}{Z_{o}} \\)<caption>(3)</caption></p> <p>\\( \\vec{V}_{o}=\\frac{\\vec{V}_{1}+\\vec{V}_{2}}{2+\\frac{Z}{Z_{o}}} \\)<caption>(4)</caption> <p> <p>\\( \\vec{I}_{o}=\\frac{\\vec{V}_{1}+\\vec{V}_{2}}{2 Z_{o}+Z} \\)<caption>(5)</caption></p> <p>병렬 인버터의 출력전압과 선로 임피던스가 동일하다면 인버터 출력전류는 부하로 모두 인가되며 인버터 사이에 흐르는 순환전류가 존재하지 않는다.</p> <p>즉 이러한 조건에서 이상적인 병렬운전이 형성된다. 그러나 실제 인버터의 병렬운전에 있어서 제어변수 검출오차, 출력필터의 인덕턴스 오차와 같은 여러 가지 요인에 의해 인버터간 출력전압은 동일할 수 없으므로 항상 순환전류가 흐른다. 다음식은 선로 임피던스와 인버터의 출력 임피던스를 고려하여 순환전류에 의해 발생하는 전력을 나타내고 있다. 선로임피던스와 출력 임피던스의 등가식을 식(6)과 같이 나타날 수 있으며 이때 순환전류렬 구하면 식 (7)과 같이 표현된다.</p> <p>\\( Z_{1}+Z_{2}=Z_{e q}=(R+j X) e^{i \\beta} \\)<caption>(6)</caption></p> <p>\\( \\vec{I}_{c}=\\frac{\\vec{V}_{1}-\\vec{V}_{2}}{\\vec{Z}_{\\omega q}} \\)<caption>(7)</caption></p> <p>위에서 유도한 순환전류에 의한 피상전력을 구하면 식 (8)과 같이 복소벡터로 전개된다.</p> <p>\\( \\begin{aligned} \\vec{S} &=-\\vec{V}_{1} \\vec{I}_{c}^{*}=\\frac{\\overrightarrow{V_{1}}\\left(-\\vec{V}_{1}^{*}-{\\overrightarrow{V_{2}}}^{*}\\right)}{Z_{e q}} \\\\ &=-\\frac{V_{1}^{2}}{Z_{e q}}-e^{j \\beta}-\\frac{V_{1} V_{2}}{Z_{e q}} e^{j(\\beta+\\delta)} \\end{aligned} \\)<caption>(8)</caption></p> <p>여기서 인버터 출력필터는 주로 인덕턴스 성분으로 부성되므로 식(6)의 등가 임피던스에서 저항성능은 무시하고 리액턴스 \\( \\left(Z_{e q}=j X\\right) \\)만을 고려할 수 있으며 이때 피상전력은 다음과 같이 표현된다.</p> <p>\\( \\Delta S_{\\Delta V}=\\frac{V_{1}\\left(V_{1}+\\Delta V\\right)}{X} \\sin \\delta \\)\\( +j\\left(-\\frac{V_{1}^{2}}{X}-\\frac{V_{1}}{} \\frac{\\left(V_{1}+\\Delta V\\right)}{X} \\cos \\delta\\right) \\)\\( =-j \\frac{V_{1} \\Delta V}{X} \\)<caption>(8)</caption></p> <p>\\( \\vec{S}=\\frac{V_{1} V_{2}}{X} \\sin \\delta+j\\left(\\frac{V_{1}^{2}}{X}-\\frac{V_{1} V_{2}}{X} \\cos \\delta\\right) \\)<caption>(9)</caption></p> <p>여기서 \\( \\delta^{2} \\)는 인버터 출력전압의 위상차이다. 병렬운전은 수행하는인버터의 출력전압 위상과 크기의 변동을 고려하면 다음과 같은 조건이 성립된다.</p> <p>(i) \\( (\\delta=0, \\Delta V \\neq 0) \\)</p> <p>교류 정현파 출력인 \\( \\vec{V}_{1} \\)과 \\( \\overrightarrow{V_{2}} \\)의 위상성분 \\( \\delta \\)는 일치하고 서로 다른 전압크기차 \\( \\Delta V \\)가 발생한다고 가정하면 식 (10)과 같이 복소진력의 변화량울 유도할 수 있다.</p> <p>\\( \\begin{aligned} \\Delta S_{\\Delta V} &=\\frac{V_{1}\\left(\\frac{V_{1}}{X}+\\Delta V\\right)}{X} \\sin \\delta \\\\ &+j\\left(\\frac{V_{1}^{2}}{X}-\\frac{V_{1}\\left(\\frac{V_{1}}{X}+\\Delta V\\right)}{X} \\cos \\delta\\right) \\\\ &=-j \\frac{V_{1} \\Delta V}{X} \\end{aligned} \\)<caption>(10)</caption></p> <p>여기서 인비터 출력필터에 의해 라인 임피던스는 거의 순수한 인덕턴스 성능을 가지므로 인버터 병렬운전조건에서 위상이 일정하고 출력력크기에 변동이 있을 경우 무효전력 순환성분 \\( (\\triangle P) \\) 이 발생하며, 이러한 순환 무효전력의 보상은 인버터 출력전압크기 제어로 가능해진다.</p> <p>(ii) \\( (\\delta \\neq 0, \\Delta V=0) \\)</p> <p>다음의 경우는 교류 정현파 출력인 \\( \\vec{V}_{1} \\)과 \\( \\overrightarrow{V_{2}} \\)의 전압 크기는 일치하고 서로 다른 위싱차 \\( \\delta \\)가 발생한다고 가정하면 식 (10)과는 다른 복소전령의 변화량은 유도 할 수 있다. 식 (11)은 인버터 병렬운전 조건에서 출력 전압 크기가 일정하고 위상의 변동이 있을 경우 유효 전력 순환성분 \\( (\\triangle P) \\)이 발생한다는 사실을 보여준다.</p> <p>또한 위상편차에 의해 발생하는 순환유효전력은 출력 전압의 세곱에 비례하므로 출력크기편차에 비해 발생 하는 부하분담 불평형률이 더욱 크다. 이러한 순환유효전력은 인버터 출력위상제어를 통해 보상할 수 있다.</p> <p>\\( \\begin{aligned} \\Delta S_{\\delta} &=\\frac{V_{1}^{2}}{X} \\sin \\delta+j \\frac{V_{1}^{2}}{X}(1-\\cos \\delta) \\\\ & \\simeq \\frac{V_{1}^{2}}{X} \\sin \\delta \\end{aligned} \\)<caption>(11)</caption></p> <p>그림 3는 위에서 설명한 병렬 인버터의 출력전압, 전류의 관계를 나타내는 벡터도를 도시하고 있다.</p> <p>(iii) \\( (\\delta \\neq 0, \\Delta V \\neq 0) \\)</p> <p>교류 정현파 출력인 \\( \\overrightarrow{V_{1}} \\)과 \\( \\overrightarrow{V_{2}} \\)의 서로다른 위상성분 \\( \\delta \\)는 일치하고 서로 다른 전압크기차 \\( \\triangle V \\)가 발생한다고 가정하면 식 (10)과 같이 복소전력의 변화량을 유도 할 수 있다.</p> <p>\\( \\Delta S_{\\gamma} \\simeq \\frac{V_{1}^{2}}{X} \\sin \\delta \\)<caption>(12)</caption></p> <p>\\( \\Delta S_{\\Delta V}=-j \\frac{V_{1} \\Delta V}{X} \\)<caption>(13)</caption></p> <p>여기서 식 (12), (13)은 인버터 병렬운전 조건에서 인버터 병렬운전 조건에서 위상도 변동하고 출력크기의 변동이 있을 경우 유효전력 순환성분 \\( (\\triangle P) \\) 및 무효전력 순환성분 \\( (\\triangle Q) \\)이 발생한다는 사실을 보여준다. 또한 순환유효전력은 인버터 출럭위상제어와 순환 무효전력의 보상은 인바터 출력전압크기 제어를 통해 보상할 수 있다.</p>",
                "context_length": 4434,
                "clue": [
                    {
                        "clue_text": "그림 1은 병렬운전시 UPS 전체 시스템의 블록도이고, 그림 2는 UPS 2대를 병렬로 운전함 때의 등가회로를 나타낸다.",
                        "clue_start": "28",
                        "clue_end": "95"
                    },
                    {
                        "clue_text": "여기서 인버터 출력 필터의 임피던스와 선로 임피던스가 일정하다고 가정한다면 병렬 UPS의 등가회로의 회로방정식을 다음과 같이 간략화하여 전개할 수 있다",
                        "clue_start": "248",
                        "clue_end": "332"
                    },
                    {
                        "clue_text": "그러나 실제 인버터의 병렬운전에 있어서 제어변수 검출오차, 출력필터의 인덕턴스 오차와 같은 여러 가지 요인에 의해 인버터간 출력전압은 동일할 수 없으므로 항상 순환전류가 흐른다.",
                        "clue_start": "1065",
                        "clue_end": "1164"
                    },
                    {
                        "clue_text": "또한 순환유효전력은 인버터 출럭위상제어와 순환 무효전력의 보상은 인바터 출력전압크기 제어를 통해 보상할 수 있다.",
                        "clue_start": "4367",
                        "clue_end": "4430"
                    }
                ],
                "terminology": [
                    {
                        "word": "LC"
                    },
                    {
                        "word": "LC 필터"
                    },
                    {
                        "word": "PWM"
                    },
                    {
                        "word": "PWM 인버터"
                    },
                    {
                        "word": "UPS"
                    },
                    {
                        "word": "관계식"
                    },
                    {
                        "word": "교류 정현파"
                    },
                    {
                        "word": "기본파 전압"
                    },
                    {
                        "word": "등가 임피던스"
                    },
                    {
                        "word": "등가식"
                    },
                    {
                        "word": "등가회로"
                    },
                    {
                        "word": "라인 임피던스"
                    },
                    {
                        "word": "리액턴스"
                    },
                    {
                        "word": "무효전력"
                    },
                    {
                        "word": "벡터도"
                    },
                    {
                        "word": "병렬 UPS"
                    },
                    {
                        "word": "병렬 인버터"
                    },
                    {
                        "word": "병렬운전"
                    },
                    {
                        "word": "병렬형 인버터"
                    },
                    {
                        "word": "복소벡터"
                    },
                    {
                        "word": "복소전력"
                    },
                    {
                        "word": "부성"
                    },
                    {
                        "word": "부하전류"
                    },
                    {
                        "word": "불평형률"
                    },
                    {
                        "word": "선로 임피던스"
                    },
                    {
                        "word": "순환성분"
                    },
                    {
                        "word": "순환유효전력"
                    },
                    {
                        "word": "순환전류"
                    },
                    {
                        "word": "스위칭"
                    },
                    {
                        "word": "스위칭 전압"
                    },
                    {
                        "word": "위상"
                    },
                    {
                        "word": "위상도"
                    },
                    {
                        "word": "위상성분"
                    },
                    {
                        "word": "위상차"
                    },
                    {
                        "word": "위상편차"
                    },
                    {
                        "word": "유효전력"
                    },
                    {
                        "word": "인덕턴스"
                    },
                    {
                        "word": "인바터"
                    },
                    {
                        "word": "인버터 병렬운전"
                    },
                    {
                        "word": "인버터 출력 필터"
                    },
                    {
                        "word": "인버터 출력전류"
                    },
                    {
                        "word": "인버터 출력전압"
                    },
                    {
                        "word": "인버터의 출력"
                    },
                    {
                        "word": "인비터"
                    },
                    {
                        "word": "임피던스"
                    },
                    {
                        "word": "저역"
                    },
                    {
                        "word": "전개"
                    },
                    {
                        "word": "전류"
                    },
                    {
                        "word": "정현파"
                    },
                    {
                        "word": "출력 임피던스"
                    },
                    {
                        "word": "출력위상제어"
                    },
                    {
                        "word": "출력전류"
                    },
                    {
                        "word": "출력전압"
                    },
                    {
                        "word": "출력필터"
                    },
                    {
                        "word": "피상전력"
                    },
                    {
                        "word": "필터를"
                    },
                    {
                        "word": "회로방정식"
                    }
                ]
            },
            {
                "context_id": "55e-0c9-da88ad2f-6fbb-4c98-a4cd-91768abeef1a",
                "context_K-NSCC": {
                    "field": "인공물",
                    "large_category": "ED",
                    "medium_category": "07"
                },
                "context": "<h1>Ⅲ. 병렬운전 제어기 설계</h1> <p>UPS 시스템의 병렬운전의 출력제어는 주파수와 위상성분을 가지므로 단순히 출력전압의 크기 제어로 전류분담제어들 수행할 수 없으므로 다양한 제어기법을 사용한다. 일반적으로 사용되는 전력편차 제어방식은 병렬 제어반과 UPS 제어기의 조합으로 구성되며, 중앙의 병렬제어반은 바이패스 전원과 일치하는 동기신호를 발생하여 각각의 독립된 병렬제어기에 동기펄스를 인가하여 주파수와 위상검출을 가능하게 한다. 이 제어방식은 유효전력과 무효전력의 편차를 제어하여 전류분담을 실현하는 방법이므로 모든 UPS가 총 부하 전류 \\( I_{0} \\)을 검출하고 병렬연결되어 운전하고 있는 인버터 개수 \\(\\mathrm {m} \\)으로 나누어 각각의 UPS 시스템이 분담해야 할 평형전류 \\( I_{0} / m \\) 을 계산하며 기준전류로 설정 한다. 또한 각각의 UPS가 자신의 부하전류를 검출하여 기준전류와의 오차를 계산하게 되며 이 전류가 UPS사이에 흐르는 순환전류 \\( \\triangle I \\)가 된다.</p> <p>비록 병렬 UPS가 동일한 동기신호를 기준으로 PLL 회로를 거쳐 동작하더라도 라인 임피던스의 차이와 출력전압 계측오차에 의해 출력 위상의 편차가 발생한다. 그러므로 출력전압 \\( V_{1}, V_{2} \\) 와 전류오차 \\( \\triangle I \\)를 사용 하여 유효전력 성분 \\( \\triangle P \\)와 무효전력 성분 \\( \\triangle Q \\)로 분리하여 유효전력 성분은 위상제어루프에 보상하고 무효전력 성분은 출력전압제어 루프에 보상하여 평형 전류가 흐르도록 부하분담제어를 수행한다. 즉 각 UPS는 인버터 출력전류가 동일하도록 전압과 주파수를 제어하여 PWM파형을 발생시킴으로써 정밀한 부하 분담이 이루어진다. 물론 전력편차 제어방식은 우수한 병렬 UPS의 부하분담 성능을 가지고 있으나 병렬반의 고장이나 총 부하전류의 계측값에 오차가 있을 경우 병렬운전을 수행할 수 없는 단점을 지닌다.</p> <p>그림 3은 본 논문에서 적용하고자 하는 인버터 시스템의 병렬운전 벡터도이며 그림 4는 제어블록도를 나타낸다. 병렬운전 알고리즘은 앞서 언급한 전력편차 제어기법을 \\( \\mathrm{dq} \\)축에 적용하여 구현하고자 한다. 인버터 제어는 3상 전압, 전류변수를 농기좌표계 \\( \\mathrm{dq} \\) 변수로 변 환하여 제어기를 구성하며 이때 사용되는 기준 동기신호는 병렬반 동기회로가 바이패스의 전압을 검출하여 발생시킨다.</p> <p>본 논문에서는 3상 PLL(phase lock loop)을 이용하여 전원의 위상각을 검출하고, 그 위상각에 맞추어 UPS의 출력전압을 \\( \\mathrm{d}-\\mathrm{q} \\) 동기 좌표 변환하여 제어하는 기법을 적용하였다. 특히 각 인버터의 \\( \\mathrm{d} \\)축을 기준으로 위상각을 계산하므로 그림 2와 같이 출력 임피던스가 다를 경우 출력전압을 기준으로 서로 다른 동기좌표계를 가지게 된다.</p> <p>그림 3은 인버터 출력전압 \\( \\vec{V}_{1} \\)과 \\( \\vec{V}_{2} \\)가 \\( \\Delta V \\)의 전압차 이를 가지고 운전되고 있으며 \\( \\overrightarrow{V_{2}} \\)가 \\( \\vec{V}_{1} \\)보다 앞서므로 \\( \\vec{V}_{2} \\)가 순환전류 \\( \\vec{I}_{c} \\)를 공급하는 형태로 나타난다. 공통 부하전압 \\( \\vec{V}_{o} \\)와 부하전류 \\( \\vec{I}_{o} \\)와의 관계는 역률 0.8의 위상차를 가지고 있으며 인버터 2는 순환전류와 부하전류를 동시에 공급해야 하므로 \\( \\vec{I}_{2} \\)와 같이 상대적으로 큰 불평형 전류가 흐르게 된다. 전류분담제어를 위해서는 각 인버터 전압의 위상각을 기준으로 하는 유효전력과 무효전력의 편차를 다음식과 같이 검출한다.</p> <p>\\( \\Delta P_{n}=V_{n}\\left(I_{n} \\cos \\theta_{n}-\\frac{I_{o}}{m} \\cos \\theta_{o}\\right) \\)<caption>(14)</caption> <p>\\( \\Delta Q_{n}=V_{n}\\left(I_{n} \\sin \\theta_{n}-\\frac{I_{o}}{m} \\sin \\theta_{o}\\right) \\)<caption>(15)</caption></p>",
                "context_length": 2140,
                "clue": [
                    {
                        "clue_text": "UPS 시스템의 병렬운전의 출력제어는 주파수와 위상성분을 가지므로 단순히 출력전압의 크기 제어로 전류분담제어들 수행할 수 없으므로 다양한 제어기법을 사용한다.",
                        "clue_start": "27",
                        "clue_end": "115"
                    },
                    {
                        "clue_text": "이 제어방식은 유효전력과 무효전력의 편차를 제어하여 전류분담을 실현하는 방법이므로 모든 UPS가 총 부하 전류 \\( I_{0} \\)을 검출하고 병렬연결되어 운전하고 있는 인버터 개수 \\(\\mathrm {m} \\)으로 나누어 각각의 UPS 시스템이 분담해야 할 평형전류 \\( I_{0} / m \\) 을 계산하며 기준전류로 설정 한다.",
                        "clue_start": "248",
                        "clue_end": "433"
                    },
                    {
                        "clue_text": "비록 병렬 UPS가 동일한 동기신호를 기준으로 PLL 회로를 거쳐 동작하더라도 라인 임피던스의 차이와 출력전압 계측오차에 의해 출력 위상의 편차가 발생한다.",
                        "clue_start": "532",
                        "clue_end": "619"
                    },
                    {
                        "clue_text": "그러므로 출력전압 \\( V_{1}, V_{2} \\) 와 전류오차 \\( \\triangle I \\)를 사용 하여 유효전력 성분 \\( \\triangle P \\)와 무효전력 성분 \\( \\triangle Q \\)로 분리하여 유효전력 성분은 위상제어루프에 보상하고 무효전력 성분은 출력전압제어 루프에 보상하여 평형 전류가 흐르도록 부하분담제어를 수행한다.",
                        "clue_start": "620",
                        "clue_end": "812"
                    },
                    {
                        "clue_text": "본 논문에서는 3상 PLL(phase lock loop)을 이용하여 전원의 위상각을 검출하고, 그 위상각에 맞추어 UPS의 출력전압을 \\( \\mathrm{d}-\\mathrm{q} \\) 동기 좌표 변환하여 제어하는 기법을 적용하였다.",
                        "clue_start": "1238",
                        "clue_end": "1367"
                    }
                ],
                "terminology": [
                    {
                        "word": "3상 전압"
                    },
                    {
                        "word": "PLL"
                    },
                    {
                        "word": "PLL 회로"
                    },
                    {
                        "word": "PWM파형"
                    },
                    {
                        "word": "UPS"
                    },
                    {
                        "word": "UPS 시스템"
                    },
                    {
                        "word": "UPS 제어기"
                    },
                    {
                        "word": "lock"
                    },
                    {
                        "word": "loop"
                    },
                    {
                        "word": "phase lock"
                    },
                    {
                        "word": "계측값"
                    },
                    {
                        "word": "계측오차"
                    },
                    {
                        "word": "동기 좌표"
                    },
                    {
                        "word": "동기신호"
                    },
                    {
                        "word": "동기좌표계"
                    },
                    {
                        "word": "동기펄스"
                    },
                    {
                        "word": "동기회로"
                    },
                    {
                        "word": "라인 임피던스"
                    },
                    {
                        "word": "무효전력"
                    },
                    {
                        "word": "무효전력 성분"
                    },
                    {
                        "word": "무효전력의 편차"
                    },
                    {
                        "word": "바이패스"
                    },
                    {
                        "word": "벡터도"
                    },
                    {
                        "word": "병렬 UPS"
                    },
                    {
                        "word": "병렬연결"
                    },
                    {
                        "word": "병렬운전"
                    },
                    {
                        "word": "병렬운전 제어기 설계"
                    },
                    {
                        "word": "병렬제어기"
                    },
                    {
                        "word": "부하 분담"
                    },
                    {
                        "word": "부하분담제어"
                    },
                    {
                        "word": "부하전류"
                    },
                    {
                        "word": "부하전압"
                    },
                    {
                        "word": "불평형 전류"
                    },
                    {
                        "word": "순환전류"
                    },
                    {
                        "word": "알고리즘"
                    },
                    {
                        "word": "역률"
                    },
                    {
                        "word": "위상"
                    },
                    {
                        "word": "위상각"
                    },
                    {
                        "word": "위상검출"
                    },
                    {
                        "word": "위상성분"
                    },
                    {
                        "word": "위상제어루프"
                    },
                    {
                        "word": "위상차"
                    },
                    {
                        "word": "유효전력"
                    },
                    {
                        "word": "유효전력 성분"
                    },
                    {
                        "word": "인버터 시스템"
                    },
                    {
                        "word": "인버터 전압"
                    },
                    {
                        "word": "인버터 출력전류"
                    },
                    {
                        "word": "인버터 출력전압"
                    },
                    {
                        "word": "임피던스"
                    },
                    {
                        "word": "전력편차"
                    },
                    {
                        "word": "전력편차 제어방식"
                    },
                    {
                        "word": "전류"
                    },
                    {
                        "word": "전류변수"
                    },
                    {
                        "word": "전류분담"
                    },
                    {
                        "word": "전류분담제어"
                    },
                    {
                        "word": "전원의 위상각"
                    },
                    {
                        "word": "제어기"
                    },
                    {
                        "word": "제어블록도"
                    },
                    {
                        "word": "좌표 변환"
                    },
                    {
                        "word": "주파수"
                    },
                    {
                        "word": "총 부하"
                    },
                    {
                        "word": "출력 위상"
                    },
                    {
                        "word": "출력 임피던스"
                    },
                    {
                        "word": "출력전류"
                    },
                    {
                        "word": "출력전압"
                    },
                    {
                        "word": "출력전압 계측오차"
                    },
                    {
                        "word": "출력전압제어 루프"
                    },
                    {
                        "word": "평형"
                    },
                    {
                        "word": "평형전류"
                    },
                    {
                        "word": "회로"
                    }
                ]
            }
        ]
    }
}