{
    "dataset_info": {
        "identifier": "02-031-002-NL",
        "name": "기술과학 문서 요약 데이터",
        "category": "자연어",
        "last_updated": "2023-08-30"
    },
    "dataset": {
        "doc_id": "034b7f4e-09b7fd23-8b5a-445e-8d9b-74d380a81e59",
        "doc_type": "논문",
        "doc_title": {
            "kor": "고정 위상 동작 인버터를 포함하는 위상천이 풀 브리지 DC/DC 컨버터",
            "eng": ""
        },
        "doc_category": {
            "KDC": "560.5",
            "DDC": ""
        },
        "doc_number": {
            "ISSN": "1229-2214",
            "ISBN": "",
            "DOI": "",
            "UCI": ""
        },
        "doc_year": "2013",
        "doc_author": [
            "김진호",
            "박재성",
            "김흥권",
            "박준우",
            "신용생",
            "지상근",
            "조상호",
            "노정욱",
            "홍성수"
        ],
        "doc_publisher": "전력전자학회",
        "doc_license": "CC BY-NC",
        "context_info": [
            {
                "context_id": "55e-0c9-merge_ed_034b7f4e-09b7fd23-8b5a-445e-8d9b-74d380a81e59_02",
                "context_K-NSCC": {
                    "field": "인공물",
                    "large_category": "ED",
                    "medium_category": "03"
                },
                "context": "<p>\\( V_ { L k 1 } = \\frac { L_ { k 1 } V_ { i n } } { L_ { k 1 } + L_ { k 2 } } \\)<caption>(1)</caption></p> <p>\\( V_ { L m 1 } =V_ { L m 2 } =-V_ { L k 2 } = \\frac { L_ { k 2 } V_ { i n } } { L_ { k 1 } + L_ { k 2 } } \\)<caption>(2)</caption></p> <p>\\( i_ { L_ { o } } (t)=i_ { L_ { o } } \\left (t_ { 0 } \\right )- \\frac { V_ { o } } { L_ { o } } t \\)<caption>(3)</caption></p> <p>모드 2 \\( \\left [ \\mathrm { t } _ { 1 } \\sim \\mathrm { t } _ { 2 } \\right ] \\) : 스위치는 이전 모드와 같은 \\( \\mathrm { M } _ { 1 } , \\mathrm { M } _ { 2 } , \\mathrm { M } _ { 5 } \\) 그리고 \\( \\mathrm { M } _ { 8 } \\) 스위치가 도통 되어 있는 상태에서 2차 측 정류 다이오드 \\( \\mathrm { D } _ { S1 } \\)의 전류가 출력 인덕터 전류와 같아지는 시점에서 commutation 구간이 끝나고, 모드 2가 시작 된다. 모드 1과 마찬가지로 변압기 \\( \\mathrm { T } _ { 1 } \\)의 1차 측 전압 \\( \\mathrm { V } _ { ab } \\)에는 \\( \\mathrm { V } _ { in } \\) 전압이 인가되고, 변압기 \\( \\mathrm { T } _ { 2 } \\)의 1차 측 전압 \\( \\mathrm { V } _ { cd } \\)에는 \\( 0 \\mathrm { V } \\)가 인가된다. 변압기 \\( \\mathrm { T } _ { 1 } \\)의 자화 인덕터 전류 \\( \\mathrm { i } _ { Lm1 } \\)은 \\( \\mathrm { V } _ { in } / \\mathrm { L } _ { m1 } \\)의 기울기를 가지며, 변압기 \\( \\mathrm { T } _ { 2 } \\)의 자화 인덕터 전류 \\( \\mathrm { i } _ { Lm2 } \\)는 0의 기울기를 갖는다. 이때, 출력 인덕터 양단 전압은 \\( \\left ( \\mathrm { V } _ { in } / \\mathrm { n } - \\mathrm { V } _ { o } \\right ) \\) 이므로, 출력 인덕터 전류는 식 (8)과 같으며, 1차 측 전류 \\( \\mathrm { i } _ { pri1 } \\)과 \\( \\mathrm { i } _ { pri2 } \\)는 아래 식 (6), (7)과 같이 자화 인덕터 전류와 출력 인덕터 전류를 이용하여 나타낼 수 있다.</p>",
                "context_length": 1418,
                "clue": [
                    {
                        "clue_text": "모드 1과 마찬가지로 변압기 \\( \\mathrm { T } _ { 1 } \\)의 1차 측 전압 \\( \\mathrm { V } _ { ab } \\)에는 \\( \\mathrm { V } _ { in } \\) 전압이 인가되고, 변압기 \\( \\mathrm { T } _ { 2 } \\)의 1차 측 전압 \\( \\mathrm { V } _ { cd } \\)에는 \\( 0 \\mathrm { V } \\)가 인가된다.",
                        "clue_start": "706",
                        "clue_end": "929"
                    },
                    {
                        "clue_text": "변압기 \\( \\mathrm { T } _ { 1 } \\)의 자화 인덕터 전류 \\( \\mathrm { i } _ { Lm1 } \\)은 \\( \\mathrm { V } _ { in } / \\mathrm { L } _ { m1 } \\)의 기울기를 가지며, 변압기 \\( \\mathrm { T } _ { 2 } \\)의 자화 인덕터 전류 \\( \\mathrm { i } _ { Lm2 } \\)는 0의 기울기를 갖는다.",
                        "clue_start": "930",
                        "clue_end": "1155"
                    },
                    {
                        "clue_text": "이때, 출력 인덕터 양단 전압은 \\( \\left ( \\mathrm { V } _ { in } / \\mathrm { n } - \\mathrm { V } _ { o } \\right ) \\) 이므로, 출력 인덕터 전류는 식 (8)과 같으며, 1차 측 전류 \\( \\mathrm { i } _ { pri1 } \\)과 \\( \\mathrm { i } _ { pri2 } \\)는 아래 식 (6), (7)과 같이 자화 인덕터 전류와 출력 인덕터 전류를 이용하여 나타낼 수 있다.",
                        "clue_start": "1156",
                        "clue_end": "1414"
                    }
                ],
                "terminology": [
                    {
                        "word": "cd"
                    },
                    {
                        "word": "commutation"
                    },
                    {
                        "word": "commutation 구간"
                    },
                    {
                        "word": "기울기"
                    },
                    {
                        "word": "다이오드"
                    },
                    {
                        "word": "변압기"
                    },
                    {
                        "word": "스위치"
                    },
                    {
                        "word": "인덕터"
                    },
                    {
                        "word": "인덕터 양단"
                    },
                    {
                        "word": "인덕터 양단 전압"
                    },
                    {
                        "word": "자화"
                    },
                    {
                        "word": "자화 인덕터"
                    },
                    {
                        "word": "자화 인덕터 전류"
                    },
                    {
                        "word": "전류"
                    },
                    {
                        "word": "정류"
                    },
                    {
                        "word": "정류 다이오드"
                    },
                    {
                        "word": "출력 인덕터"
                    },
                    {
                        "word": "출력 인덕터 전류"
                    },
                    {
                        "word": "측 전류"
                    },
                    {
                        "word": "측 전압"
                    }
                ]
            },
            {
                "context_id": "55e-0c9-merge_ed_034b7f4e-09b7fd23-8b5a-445e-8d9b-74d380a81e59_05",
                "context_K-NSCC": {
                    "field": "인공물",
                    "large_category": "ED",
                    "medium_category": "03"
                },
                "context": "<p>조건 1 : 위상차이 \\( \\phi_ { a } =0 ^ {\\circ } \\)인 조건 (정상상태) 출력 인덕터에서 '전압-시간 곱 평형'을 이용하여 입출력 전압변환비를 구할 수 있고, 전력전달 구간동안의 전류 변화량을 통하여 출력 인덕터 전류 리플율을 구할 수 있으며 이는 식 (12)와 식 (13)과 같다.</p> <p>\\( \\frac { n V_ { o } } { V_ { i n } } = \\left (1- \\frac {\\phi_ { b } } { 360 } \\right ) \\)<caption>(12)</caption></p> <p>\\( r= \\frac {\\Delta i_ { L_ { o } } } { I_ { o } } = \\left (0.5- \\frac {\\phi_ { b } } { 360 } \\right ) \\times \\left ( \\frac { 2 \\frac {\\phi_ { b } } { 360 } } { 1- \\frac {\\phi_ { b } } { 360 } } \\right ) \\times \\frac { R_ { o } T_ { S } } { 2 L_ { o } } \\)<caption>(13)</caption></p> <p>조건 2 : 위상차이 \\( \\phi_ { b } =180 ^ {\\circ } \\)인 조건 (초기 기동 시) 조건 1에서와 같은 방법으로 입출력 전압 변환비 및 출력 인덕터 전류의 리플율을 구할 수 있으며, 이는 식 (14), 식 (15)와 같다.</p> <p>\\( \\frac { n V_ { o } } { V_ { i n } } = \\left (0.5- \\frac {\\phi_ { a } } { 360 } \\right ) \\)<caption>(14)</caption></p> <p>\\( r= \\frac {\\Delta i_ { L_ { o } } } { I_ { o } } = \\frac {\\phi_ { a } } { 360 } \\times \\frac { R_ { o } T_ { S } } { 2 L_ { o } } \\)<caption>(15)</caption></p> <p>표 1은 기존 위상천이 풀 브리지 컨버터와 제안 방식의 출력 인덕터 전류 리플율이 가장 클 때와 가장 작을 때를 비교한 표이다.</p> <p>그림 5는 기존 회로와 제안 회로의 입출력 전압 변환비 및 출력 인덕터 전류 리플율을 그래프로 도시한 것이다.</p>",
                "context_length": 1170,
                "clue": [
                    {
                        "clue_text": "조건 1 : 위상차이 \\( \\phi_ { a } =0 ^ {\\circ } \\)인 조건 (정상상태) 출력 인덕터에서 '전압-시간 곱 평형'을 이용하여 입출력 전압변환비를 구할 수 있고, 전력전달 구간동안의 전류 변화량을 통하여 출력 인덕터 전류 리플율을 구할 수 있으며 이는 식 (12)와 식 (13)과 같다.",
                        "clue_start": "3",
                        "clue_end": "175"
                    },
                    {
                        "clue_text": "조건 2 : 위상차이 \\( \\phi_ { b } =180 ^ {\\circ } \\)인 조건 (초기 기동 시) 조건 1에서와 같은 방법으로 입출력 전압 변환비 및 출력 인덕터 전류의 리플율을 구할 수 있으며,",
                        "clue_start": "592",
                        "clue_end": "706"
                    },
                    {
                        "clue_text": "표 1은 기존 위상천이 풀 브리지 컨버터와 제안 방식의 출력 인덕터 전류 리플율이 가장 클 때와 가장 작을 때를 비교한 표이다.",
                        "clue_start": "1026",
                        "clue_end": "1097"
                    },
                    {
                        "clue_text": "그림 5는 기존 회로와 제안 회로의 입출력 전압 변환비 및 출력 인덕터 전류 리플율을 그래프로 도시한 것이다.",
                        "clue_start": "1105",
                        "clue_end": "1166"
                    }
                ],
                "terminology": [
                    {
                        "word": "리플율"
                    },
                    {
                        "word": "변환비"
                    },
                    {
                        "word": "위상차"
                    },
                    {
                        "word": "위상차이"
                    },
                    {
                        "word": "위상천이"
                    },
                    {
                        "word": "인덕터"
                    },
                    {
                        "word": "입출력 전압"
                    },
                    {
                        "word": "입출력 전압변환비"
                    },
                    {
                        "word": "전류"
                    },
                    {
                        "word": "전압변환비"
                    },
                    {
                        "word": "출력 인덕터"
                    },
                    {
                        "word": "출력 인덕터 전류"
                    },
                    {
                        "word": "출력 인덕터 전류 리플율"
                    },
                    {
                        "word": "풀 브리지"
                    },
                    {
                        "word": "회로"
                    }
                ]
            },
            {
                "context_id": "55e-0c9-merge_ed_034b7f4e-09b7fd23-8b5a-445e-8d9b-74d380a81e59_06",
                "context_K-NSCC": {
                    "field": "인공물",
                    "large_category": "ED",
                    "medium_category": "03"
                },
                "context": "<p>기존 위상천이 풀 브리지 컨버터의 경우 위상차이에 따라 선형함수의 형태를 갖는 것에 반해, 제안된 방식은 위상차이 \\( \\phi_ { a } \\)가 0 인 구간에서 위상차이 \\( \\phi_ { b } \\)에 따라 2차 함수의 형태를 가지므로, 출력 인덕터 전류 리플이 매우 작은 특징이 있다. 위에서 구한 수식을 이용하여 위상차이 \\( \\phi_ { a } \\)가 0 인 구간에서 출력 인덕터 전류 리플율의 최댓값을 구하면 위상차이 \\( \\phi_ { b } =105.44 ^ {\\circ } \\)에서 \\( 0.17 * \\left ( \\mathrm { R } _ { o } * \\mathrm { T } _ { S } \\right )/(2 * \\mathrm { L } _ { o } ) \\)로 매우 작다. 제안된 방식은 위상차이 \\( \\phi_ { b } \\)가 \\( 180 ^ {\\circ } \\)일 경우, 이론적인 출력 인덕터 전류 리플이 0 으로, 기존 위상천이 풀 브리지 컨버터에 비해 매우 작다.</p> <h2>2.4 2차 측 동기 정류기 스위치 양단 전압 스트레스</h2> <p>제안회로는 그림 6과 같이 반주기 동안 2차 측 정류기 양단에 2번의 공진 전압이 나타나게 되고, 각각의 경우에 2차 측 정류기 양단 전압을 다음과 같이 구할 수 있다.</p> <p>첫 번째 공진 [ \\( \\mathrm { t } _ { 1 } \\) 시점] : 스위치 \\( \\mathrm { M } _ { 8 } \\)이 도통되어 있는 상태에서, 스위치 \\( \\mathrm { M } _ { 1 } , \\mathrm { M } _ { 2 } , \\mathrm { M } _ { 5 } \\) 가 도통되기 시작할 때 발생한다. 첫 번째 공진이 일어나는 \\( \\mathrm { t } _ { 1 } \\) 시점에서의 등가 회로를 그림 7에 나타내었다.</p> <p>그림 7의 등가 회로를 이용하여 차단되는 정류 스위치 양단 전압을 구하면 식 (18)과 같다.</p> <p>\\( \\begin {aligned} v_ { C j } ^ { * } (t) &= \\frac { L_ { m 1 } V_ { i n } } { L_ { m 1 } + L_ { k 1 } } + \\\\ & \\sqrt {\\left \\{ i_ { L k 1 } (0)-i_ { L o } ^ { * } (0)-i_ { L m 1 } (0) \\right \\} ^ { 2 } \\frac { L_ { m 1 } L_ { k 1 } } { C_ { j } ^ { * } \\left (L_ { m 1 } + L_ { k 1 } \\right ) } + \\left \\{\\frac { L_ { m 1 } V_ { i n } } { L_ { m 1 } + L_ { k 1 } } -v_ { C j } ^ { * } (0) \\right \\} ^ { 2 } \\times } \\\\ & \\sin \\left \\{\\sqrt {\\left . \\frac { L_ { m 1 } + L_ { k 1 } } { C_ { j } ^ { * } L_ { m 1 } L_ { k 1 } } t + \\alpha \\right \\} } \\right . \\end {aligned} \\)<caption>(16)</caption>여기서, \\( \\alpha= \\cos ^ { -1 } \\left [ \\frac {\\left \\{ i_ { L k 1 } (0)-i_ { L o } ^ { * } (0)-i_ { L m 1 } (0) \\right \\} \\sqrt {\\frac { L_ { m 1 } L_ { k 1 } } { C_ { j } ^ { * } \\left (L_ { m 1 } + L_ { k 1 } \\right ) } } } {\\sqrt {\\left \\{ i_ { L k 1 } (0)-i_ { L o } ^ { * } (0)-i_ { L m 1 } (0) \\right \\} ^ { 2 } \\frac { L_ { m 1 } L_ { k 1 } } { C_ { j } ^ { * } \\left (L_ { m 1 } + L_ { k 1 } \\right ) } + \\left \\{\\frac { L_ { m 1 } V_ { i n } } { L_ { m 1 } + L_ { k 1 } } -v_ { C_ { j } } ^ { * } (0) \\right \\} ^ { 2 } } } \\right ] \\)<caption>(17)</caption>따라서, \\[ v_ { Cj } (t) \\approx \\frac { N_ { S 1 } } { N_ { P } } \\left (V_ { i n } + \\sqrt {\\left \\{ V_ { i n } -v_ { Cj } ^ { * } (0) \\right \\} ^ { 2 } } \\sin \\left \\{\\sqrt {\\frac { 1 } { C_ { j } ^ { * } L_ { k 1 } } } t + \\alpha \\right \\} \\right ) \\]<caption>(18)</caption></p>",
                "context_length": 2427,
                "clue": [
                    {
                        "clue_text": "기존 위상천이 풀 브리지 컨버터의 경우 위상차이에 따라 선형함수의 형태를 갖는 것에 반해, 제안된 방식은 위상차이 \\( \\phi_ { a } \\)가 0 인 구간에서 위상차이 \\( \\phi_ { b } \\)에 따라 2차 함수의 형태를 가지므로, 출력 인덕터 전류 리플이 매우 작은 특징이 있다.",
                        "clue_start": "3",
                        "clue_end": "166"
                    },
                    {
                        "clue_text": "제안된 방식은 위상차이 \\( \\phi_ { b } \\)가 \\( 180 ^ {\\circ } \\)일 경우, 이론적인 출력 인덕터 전류 리플이 0 으로, 기존 위상천이 풀 브리지 컨버터에 비해 매우 작다.",
                        "clue_start": "397",
                        "clue_end": "508"
                    }
                ],
                "terminology": [
                    {
                        "word": "공진 전압"
                    },
                    {
                        "word": "동기 정류기"
                    },
                    {
                        "word": "등가 회로"
                    },
                    {
                        "word": "리플율"
                    },
                    {
                        "word": "브리지 컨버터"
                    },
                    {
                        "word": "선형함수"
                    },
                    {
                        "word": "스위치"
                    },
                    {
                        "word": "위상차"
                    },
                    {
                        "word": "위상차이"
                    },
                    {
                        "word": "위상천이"
                    },
                    {
                        "word": "위상천이 풀 브리지 컨버터"
                    },
                    {
                        "word": "인덕터"
                    },
                    {
                        "word": "인덕터 전류 리플"
                    },
                    {
                        "word": "전류"
                    },
                    {
                        "word": "전류 리플"
                    },
                    {
                        "word": "전압 스트레스"
                    },
                    {
                        "word": "정류"
                    },
                    {
                        "word": "정류 스위치 양단 전압"
                    },
                    {
                        "word": "정류기"
                    },
                    {
                        "word": "최댓값"
                    },
                    {
                        "word": "출력 인덕터"
                    },
                    {
                        "word": "출력 인덕터 전류"
                    },
                    {
                        "word": "출력 인덕터 전류 리플율"
                    },
                    {
                        "word": "컨버터"
                    },
                    {
                        "word": "풀 브리지"
                    },
                    {
                        "word": "풀 브리지 컨버터"
                    },
                    {
                        "word": "함수"
                    },
                    {
                        "word": "회로"
                    }
                ]
            },
            {
                "context_id": "55e-0c9-merge_ed_034b7f4e-09b7fd23-8b5a-445e-8d9b-74d380a81e59_01",
                "context_K-NSCC": {
                    "field": "인공물",
                    "large_category": "ED",
                    "medium_category": "03"
                },
                "context": "<h2>2.2 제안된 회로의 정상상태 모드분석</h2> <p>제안된 회로의 모드별 주요 동작 파형을 그림 4에 나타내었으며, 정상상태 모드분석에 앞서 다음과 같은 가정을 둔다.</p> <ul> <li>입력 및 출력 전압은 \\( \\mathrm { V } _ \\mathrm { in } \\) 및 \\( \\mathrm { V } _ \\mathrm { o } \\) 로 일정하다.</li> <li>\\( \\mathrm { M } _ { 1 } \\sim \\mathrm { M } _ { 8 } \\) 스위치는 \\( 50 \\% \\) 고정 시비율로 동작한다.</li> <li>누설 인덕터 \\( \\mathrm { L } _ \\mathrm { k1,2 } \\)는 자화 인덕터 \\( \\mathrm { L } _ \\mathrm { m1,2 } \\)에 비해 매우 작다.</li> <li>자화 인덕턴스 \\( \\mathrm { L } _ \\mathrm { m1 } \\)과 \\( \\mathrm { L } _ \\mathrm { m2 } \\)는 같고, 누설 인덕턴스 \\( \\mathrm { L } _ \\mathrm { k1 } \\)과 \\( \\mathrm { L } _ \\mathrm { k2 } \\)는 같다.</li> <li>\\( \\mathrm { N } _ \\mathrm { S1 } , \\mathrm { N } _ \\mathrm { S2 } , \\mathrm { N } _ \\mathrm { S3 } , \\mathrm { N } _ \\mathrm { S4 } \\)는 모두 같은 턴 수이다.</li> <li>턴 비 \\( \\mathrm { n } = \\mathrm { N } _ \\mathrm { P } / 2 \\mathrm { N } _ \\mathrm { S1 } \\)로 정의 한다.</li></ul> <p>모드 1 \\( \\left [ \\mathrm { t } _ { 0 } \\sim \\mathrm { t } _ { 1 } \\right ] \\) : \\( \\mathrm { t } _ { 0 } \\) 이전 시점에서 \\( \\mathrm { M } _ { 8 } \\) 스위치는 도통되어 있는 상태이고, \\( \\mathrm { t } _ { 0 } \\) 시점에서 \\( \\mathrm { M } _ { 1 } , \\mathrm { M } _ { 2 } \\) 그리고 \\( \\mathrm { M } _ { 5 } \\) 스위치가 도통 된다. 이 모드는 2차 측 다이오드 \\( \\mathrm { D } _ { S1 } \\)과 \\( \\mathrm { D } _ { S2 } \\)가 모두 도통하고 있는 commutation 구간으로서 변압기 \\( \\mathrm { T } _ { 1 } \\)의 1차 측 전압 \\( \\mathrm { V } _ { ab } \\)에는 \\( \\mathrm { V } _ { in } \\) 전압이 인가되고, 변압기 \\( \\mathrm { T } _ { 2 } \\)의 1차 측 전압 \\( \\mathrm { V } _ { cd } \\)에는 \\( 0 \\mathrm { V } \\)가 인가된다. 변압기 2차 측이 직렬 연결되어 있으므로 \\( \\mathrm { i } _ { pri1 } \\)은 \\( \\mathrm { i } _ { pri2 } \\)와 같다. 따라서 각 부 주요 전류는 아래 수식과 같이 나타낼 수 있다.</p>",
                "context_length": 1617,
                "clue": [
                    {
                        "clue_text": "제안된 회로의 모드별 주요 동작 파형을 그림 4에 나타내었으며, 정상상태 모드분석에 앞서 다음과 같은 가정을 둔다.",
                        "clue_start": "34",
                        "clue_end": "98"
                    },
                    {
                        "clue_text": "<ul> <li>입력 및 출력 전압은 \\( \\mathrm { V } _ \\mathrm { in } \\) 및 \\( \\mathrm { V } _ \\mathrm { o } \\) 로 일정하다.</li> <li>\\( \\mathrm { M } _ { 1 } \\sim \\mathrm { M } _ { 8 } \\) 스위치는 \\( 50 \\% \\) 고정 시비율로 동작한다.</li> <li>누설 인덕터 \\( \\mathrm { L } _ \\mathrm { k1,2 } \\)는 자화 인덕터 \\( \\mathrm { L } _ \\mathrm { m1,2 } \\)에 비해 매우 작다.</li> <li>자화 인덕턴스 \\( \\mathrm { L } _ \\mathrm { m1 } \\)과 \\( \\mathrm { L } _ \\mathrm { m2 } \\)는 같고, 누설 인덕턴스 \\( \\mathrm { L } _ \\mathrm { k1 } \\)과 \\( \\mathrm { L } _ \\mathrm { k2 } \\)는 같다.</li> <li>\\( \\mathrm { N } _ \\mathrm { S1 } , \\mathrm { N } _ \\mathrm { S2 } , \\mathrm { N } _ \\mathrm { S3 } , \\mathrm { N } _ \\mathrm { S4 } \\)는 모두 같은 턴 수이다.</li> <li>턴 비 \\( \\mathrm { n } = \\mathrm { N } _ \\mathrm { P } / 2 \\mathrm { N } _ \\mathrm { S1 } \\)로 정의 한다.</li></ul>",
                        "clue_start": "103",
                        "clue_end": "876"
                    }
                ],
                "terminology": [
                    {
                        "word": "S2"
                    },
                    {
                        "word": "S4"
                    },
                    {
                        "word": "cd"
                    },
                    {
                        "word": "commutation"
                    },
                    {
                        "word": "commutation 구간"
                    },
                    {
                        "word": "고정 시비율"
                    },
                    {
                        "word": "누설 인덕터"
                    },
                    {
                        "word": "누설 인덕턴스"
                    },
                    {
                        "word": "다이오드"
                    },
                    {
                        "word": "동작 파형"
                    },
                    {
                        "word": "모드분석"
                    },
                    {
                        "word": "변압기"
                    },
                    {
                        "word": "스위치"
                    },
                    {
                        "word": "시비율"
                    },
                    {
                        "word": "인덕터"
                    },
                    {
                        "word": "인덕턴스"
                    },
                    {
                        "word": "자화"
                    },
                    {
                        "word": "자화 인덕터"
                    },
                    {
                        "word": "자화 인덕턴스"
                    },
                    {
                        "word": "전류"
                    },
                    {
                        "word": "직렬"
                    },
                    {
                        "word": "직렬 연결"
                    },
                    {
                        "word": "출력 전압"
                    },
                    {
                        "word": "측 전압"
                    },
                    {
                        "word": "파형"
                    },
                    {
                        "word": "회로"
                    }
                ]
            },
            {
                "context_id": "55e-0c9-merge_ed_034b7f4e-09b7fd23-8b5a-445e-8d9b-74d380a81e59_04",
                "context_K-NSCC": {
                    "field": "인공물",
                    "large_category": "ED",
                    "medium_category": "03"
                },
                "context": "<p>\\( i_ { L m 1 } (t)=i_ { L m 1 } \\left (t_ { 2 } \\right ) + \\frac { V_ { i n } } { L_ { m 1 } } \\left (t-t_ { 2 } \\right ) \\)<caption>(9)</caption></p> <p>\\( i_ { L m 2 } (t)=i_ { L m 2 } \\left (t_ { 2 } \\right ) + \\frac { V_ { i n } } { L_ { m 2 } } \\left (t-t_ { 2 } \\right ) \\)<caption>(10)</caption></p> <p>\\( i_ { L_ { o } } (t)=i_ { L_ { o } } \\left (t_ { 2 } \\right ) + \\left (2 \\frac { V_ { i n } } { n } -V_ { o } \\right ) \\frac {\\left (t-t_ { 2 } \\right ) } { L_ { o } } \\)<caption>(11)</caption></p> <p>이후 모드 1과 모드 2와 모드 3이 계속 반복된다.</p> <h2>2.3 입출력 전압변환비 및 출력 인덕터 전류 리플율</h2> <p>제안된 회로는 제안회로는 \\( \\mathrm { M } _ { 1 } / \\mathrm { M } _ { 3 } \\) 스위치와 \\( \\mathrm { M } _ { 2 } / \\mathrm { M } _ { 4 } \\) 스위치의 위상차이 \\( \\phi_ { a } \\) 또는, \\( \\mathrm { M } _ { 5 } / \\mathrm { M } _ { 7 } \\) 스위치와 \\( \\mathrm { M } _ { 6 } / \\mathrm { M } _ { 8 } \\) 스위치의 위상차이 \\( \\phi_ { b } \\)을 조절하여 출력전압을 제어한다. 따라서 위상차이 \\( \\phi_ { a } \\)와 위상차이 \\( \\phi_ { b } \\)에 따라 입출력 전압 변환비 및 출력 인덕터 전류의 리플이 달라진다. 해석에 앞서 다음과 같은 가정을 한다.</p> <ul> <li>누설 인덕턴스 \\( \\mathrm { L } _ { k1 } \\)과 \\( \\mathrm { L } _ { k2 } \\)는 무시한다.</li> <li>1차 측 스위치 간의 dead time은 무시한다.</li></ul> <p>각각의 경우에 따라 입출력 전압변환비 및 출력 인덕터 전류 리플율을 구해보면 다음과 같다.</p>",
                "context_length": 1206,
                "clue": [
                    {
                        "clue_text": "이후 모드 1과 모드 2와 모드 3이 계속 반복된다.",
                        "clue_start": "517",
                        "clue_end": "546"
                    },
                    {
                        "clue_text": "제안된 회로는 제안회로는 \\( \\mathrm { M } _ { 1 } / \\mathrm { M } _ { 3 } \\) 스위치와 \\( \\mathrm { M } _ { 2 } / \\mathrm { M } _ { 4 } \\) 스위치의 위상차이 \\( \\phi_ { a } \\) 또는, \\( \\mathrm { M } _ { 5 } / \\mathrm { M } _ { 7 } \\) 스위치와 \\( \\mathrm { M } _ { 6 } / \\mathrm { M } _ { 8 } \\) 스위치의 위상차이 \\( \\phi_ { b } \\)을 조절하여 출력전압을 제어한다.",
                        "clue_start": "593",
                        "clue_end": "902"
                    },
                    {
                        "clue_text": " <li>누설 인덕턴스 \\( \\mathrm { L } _ { k1 } \\)과 \\( \\mathrm { L } _ { k2 } \\)는 무시한다.</li> <li>1차 측 스위치 간의 dead time은 무시한다.</li>",
                        "clue_start": "1022",
                        "clue_end": "1143"
                    },
                    {
                        "clue_text": "각각의 경우에 따라 입출력 전압변환비 및 출력 인덕터 전류 리플율을 구해보면 다음과 같다.",
                        "clue_start": "1152",
                        "clue_end": "1202"
                    }
                ],
                "terminology": [
                    {
                        "word": "dead time"
                    },
                    {
                        "word": "누설 인덕턴스"
                    },
                    {
                        "word": "리플율"
                    },
                    {
                        "word": "변환비"
                    },
                    {
                        "word": "스위치"
                    },
                    {
                        "word": "위상차"
                    },
                    {
                        "word": "위상차이"
                    },
                    {
                        "word": "인덕터"
                    },
                    {
                        "word": "인덕턴스"
                    },
                    {
                        "word": "입출력 전압"
                    },
                    {
                        "word": "입출력 전압변환비"
                    },
                    {
                        "word": "전류"
                    },
                    {
                        "word": "전압변환비"
                    },
                    {
                        "word": "출력 인덕터"
                    },
                    {
                        "word": "출력 인덕터 전류"
                    },
                    {
                        "word": "출력 인덕터 전류 리플율"
                    },
                    {
                        "word": "출력전압"
                    },
                    {
                        "word": "회로"
                    }
                ]
            },
            {
                "context_id": "55e-0c9-merge_ed_034b7f4e-09b7fd23-8b5a-445e-8d9b-74d380a81e59_00",
                "context_K-NSCC": {
                    "field": "인공물",
                    "large_category": "ED",
                    "medium_category": "03"
                },
                "context": "<h1>1. 서 론</h1> <p>최근 부하장치(고성능 마이크로프로세서 등)들이 요구하는 출력 전류가 증가함에 따라 대용량 전력변환회로에 적합한 위상천이 풀 브리지 컨버터가 주로 채용되고 있고, 이에 대한 많은 연구가 이루어지고 있다. 위상천이 풀 브리지 컨버터는 높은 스위칭 주파수로 동작하면서도 영전압 스위칭이 가능하여 스위칭 손실이 적고, EMI 측면에서도 비교적 유리하다. RRH(Radio Remote Head) 전원장치와 같이 입력 전압이 낮은 사양의 네트워크 장비용 전원회로에서는 고효율 동작을 위하여 그림 1과 같이 스위치가 병렬로 사용된 위상천이 풀 브리지 컨버터를 주로 사용한다.</p> <p>기존 위상천이 풀 브리지 컨버터는 입력 전압 변동에 대한 동작 마진과 순간 정전 시의 동작을 고려하여 설계하기 때문에 정상상태 구동 시비율이 \\( 30 \\sim 35 \\% \\) 정도로 작고, 이로 인해서 환류구간 발생에 의한 도통 손실 증가, 출력 인덕터의 전류 리플 증가 등의 문제점을 발생시킨다. 본 논문에서는 이러한 문제점을 해결하고 고효율을 달성하기 위하여 고정 위상 동작 인버터를 포함하는 위상천이 풀 브리지 컨버터를 제안한다.</p> <h1>2 고정 위상 동작 인버터를 포함하는 위상천이 풀 브리지 DC/DC 컨버터</h1> <p>그림 3은 제안된 고정 위상 동작 인버터를 포함하는 위상천이 풀 브리지 DC/DC 컨버터의 회로도를 나타내고 있다. 제안된 회로는 1차 측에 풀 브리지 인버터 2개가 병렬로 연결되어 있고, 두 개의 트랜스포머와 2차 측정류기, 그리고 출력 LC 필터로 구성되어 있다. \\( \\mathrm { M } _ { 1 } \\sim \\mathrm { M } _ { 4 } \\)가 하나의 풀 브리지 인버터이고, \\( \\mathrm { M } _ { 5 } \\sim \\mathrm { M } _ { 8 } \\)이 다른 하나의 풀 브리지 인버터이다. 이 두 풀 브리지 인버터는 입력 전압에 병렬로 연결 되어있고, 변압기 2차 측은 직렬로 연결되어 있는 구조이다.</p> <h2>2.1 제안 회로의 동작 원리</h2> <p>제안 회로는 4개의 스위치가 각각 하나의 위상천이 풀 브리지 인버터를 구성하는 구조로 이루어져 있다. 8개의 인버터 스위치는 각각 \\( 50 \\% \\)의 시비율로 동작하며, 그림 4에서 나타낸 바와 같이 \\( \\mathrm { M } _ { 1 } / \\mathrm { M } _ { 3 } \\) 스위치와 \\( \\mathrm { M } _ { 2 } / \\mathrm { M } _ { 4 } \\) 스위치의 위상 차이를 \\( \\phi_ { a } \\)로 정의하고, \\( \\mathrm { M } _ { 5 } / \\mathrm { M } _ { 7 } \\) 스위치와 \\( \\mathrm { M } _ { 6 } / \\mathrm { M } _ { 8 } \\) 스위치의 위상 차이를 \\( \\phi_ { b } \\)로 정의한다. 초기 기동시 제안회로는 \\( \\phi_ { b } = 180 ^ {\\circ } \\) 인 조건에서 \\( \\phi_ { a } \\)를 점진적으로 변화시켜 낮은 입출력 전압 변환비에서 동작시키며, 정상동작 시 \\( \\phi_ { a } =0 ^ {\\circ } \\) 인 조건에서 \\( \\phi_ { b } \\)만을 조절하여 출력전압을 제어한다. 따라서 제안회로는 출력 인덕터의 전류리플을 최소화 할 수 있어, 출력 인덕터의 동손 및 철손을 줄일 수 있고, 1차 측 스위치 및 2차 측 동기 정류기의 스위칭 손실을 줄일 수 있다. 뿐만 아니라 2차 측 동기 정기 정류기 양단의 공진 전압도 작아져 스너버의 부담이 줄어들어 고효율화에 유리하며, 경우에 따라 1차 측 스위치들의 영전압 스위칭 동작이 가능한 장점이 있다.</p>",
                "context_length": 1848,
                "clue": [
                    {
                        "clue_text": "최근 부하장치(고성능 마이크로프로세서 등)들이 요구하는 출력 전류가 증가함에 따라 대용량 전력변환회로에 적합한 위상천이 풀 브리지 컨버터가 주로 채용되고 있고, 이에 대한 많은 연구가 이루어지고 있다.",
                        "clue_start": "19",
                        "clue_end": "131"
                    },
                    {
                        "clue_text": "본 논문에서는 이러한 문제점을 해결하고 고효율을 달성하기 위하여 고정 위상 동작 인버터를 포함하는 위상천이 풀 브리지 컨버터를 제안한다.",
                        "clue_start": "510",
                        "clue_end": "586"
                    },
                    {
                        "clue_text": "그림 3은 제안된 고정 위상 동작 인버터를 포함하는 위상천이 풀 브리지 DC/DC 컨버터의 회로도를 나타내고 있다.",
                        "clue_start": "645",
                        "clue_end": "709"
                    },
                    {
                        "clue_text": "뿐만 아니라 2차 측 동기 정기 정류기 양단의 공진 전압도 작아져 스너버의 부담이 줄어들어 고효율화에 유리하며, 경우에 따라 1차 측 스위치들의 영전압 스위칭 동작이 가능한 장점이 있다.",
                        "clue_start": "1740",
                        "clue_end": "1844"
                    }
                ],
                "terminology": [
                    {
                        "word": "DC/DC"
                    },
                    {
                        "word": "DC/DC 컨버터"
                    },
                    {
                        "word": "EMI"
                    },
                    {
                        "word": "EMI 측면"
                    },
                    {
                        "word": "LC"
                    },
                    {
                        "word": "LC 필터"
                    },
                    {
                        "word": "RRH"
                    },
                    {
                        "word": "RRH(Radio Remote Head)"
                    },
                    {
                        "word": "고효율 동작"
                    },
                    {
                        "word": "고효율화"
                    },
                    {
                        "word": "네트워크"
                    },
                    {
                        "word": "도통 손실"
                    },
                    {
                        "word": "동기 정기 정류기"
                    },
                    {
                        "word": "동기 정류기"
                    },
                    {
                        "word": "동손"
                    },
                    {
                        "word": "마이크로프로세서"
                    },
                    {
                        "word": "변압기"
                    },
                    {
                        "word": "변환비"
                    },
                    {
                        "word": "병렬"
                    },
                    {
                        "word": "부하장치"
                    },
                    {
                        "word": "브리지 인버터"
                    },
                    {
                        "word": "브리지 컨버터"
                    },
                    {
                        "word": "스너버"
                    },
                    {
                        "word": "스위치"
                    },
                    {
                        "word": "스위칭"
                    },
                    {
                        "word": "스위칭 손실"
                    },
                    {
                        "word": "스위칭 주파수"
                    },
                    {
                        "word": "시비율"
                    },
                    {
                        "word": "영전압"
                    },
                    {
                        "word": "영전압 스위칭"
                    },
                    {
                        "word": "영전압 스위칭 동작"
                    },
                    {
                        "word": "위상"
                    },
                    {
                        "word": "위상천이"
                    },
                    {
                        "word": "위상천이 풀 브리지 컨버터"
                    },
                    {
                        "word": "인덕터"
                    },
                    {
                        "word": "인버터 스위치"
                    },
                    {
                        "word": "입력 전압 변동"
                    },
                    {
                        "word": "입출력 전압"
                    },
                    {
                        "word": "입출력 전압 변환비"
                    },
                    {
                        "word": "전력변환회로"
                    },
                    {
                        "word": "전류"
                    },
                    {
                        "word": "전류리플"
                    },
                    {
                        "word": "전압 변환비"
                    },
                    {
                        "word": "전원회로"
                    },
                    {
                        "word": "정류기"
                    },
                    {
                        "word": "주파수"
                    },
                    {
                        "word": "직렬"
                    },
                    {
                        "word": "철손"
                    },
                    {
                        "word": "출력 인덕터"
                    },
                    {
                        "word": "출력전압"
                    },
                    {
                        "word": "컨버터"
                    },
                    {
                        "word": "풀 브리지"
                    },
                    {
                        "word": "풀 브리지 인버터"
                    },
                    {
                        "word": "풀 브리지 컨버터"
                    },
                    {
                        "word": "환류구간"
                    },
                    {
                        "word": "회로"
                    },
                    {
                        "word": "회로도"
                    }
                ]
            },
            {
                "context_id": "55e-0c9-merge_ed_034b7f4e-09b7fd23-8b5a-445e-8d9b-74d380a81e59_03",
                "context_K-NSCC": {
                    "field": "인공물",
                    "large_category": "ED",
                    "medium_category": "03"
                },
                "context": "<p>\\( i_ { L m 1 } (t)=i_ { L m 1 } \\left (t_ { 1 } \\right ) + \\frac { V_ { i n } } { L_ { m 1 } } \\left (t-t_ { 1 } \\right ) \\)<caption>(4)</caption></p> <p>\\( i_ { L m 2 } (t)=i_ { L m 2 } \\left (t_ { 1 } \\right ) \\)<caption>(5)</caption></p> <p>\\( i_ {\\text { pri1 } } (t)=i_ { L m 1 } (t) + \\frac { N_ { P } } { N_ { S } } i_ { L o } (t) \\)<caption>(6)</caption></p> <p>\\( i_ { p r i 2 } (t)=i_ { L m 2 } (t) + \\frac { N_ { P } } { N_ { S } } i_ { L o } (t) \\)<caption>(7)</caption></p> <p>\\( i_ { L_ { o } } (t)=i_ { L_ { o } } \\left (t_ { 1 } \\right ) + \\left ( \\frac { V_ { i n } } { n } -V_ { o } \\right ) \\frac {\\left (t-t_ { 1 } \\right ) } { L_ { o } } \\)<caption>(8)</caption></p> <p>모드 3 \\( \\left [ \\mathrm { t } _ { 2 } \\sim \\mathrm { t } _ { 3 } \\right ] \\) : 스위치 \\( \\mathrm { M } _ { 8 } \\)이 차단되고, 스위치 \\( \\mathrm { M } _ { 6 } \\)이 도통되면, 모드 3이 시작된다. 변압기 \\( \\mathrm { T } _ { 1 } \\)의 1차 측 전압 \\( \\mathrm { V } _ { ab } \\)에는 \\( \\mathrm { V } _ { in } \\) 전압이 인가되고, 변압기 \\( \\mathrm { T } _ { 2 } \\)의 1차측 전압 \\( \\mathrm { V } _ { cd } \\)에도 \\( \\mathrm { V } _ { in } \\) 전압이 인가된다. 따라서 변압기 \\( \\mathrm { T } _ { 1 } \\)의 자화 인덕터 전류 \\( \\mathrm { i } _ { Lm1 } \\)은 \\( \\mathrm { V } _ { in } / \\mathrm { L } _ { m1 } \\)의 기울기를 가지며, 변압기 \\( \\mathrm { T } _ { 2 } \\)의 자화 인덕터 전류 \\( \\mathrm { i } _ { Lm2 } \\)는 \\( \\mathrm { V } _ { in } / \\mathrm { L } _ { m2 } \\)의 기울기를 갖는다. 이때 1차 측 전류 \\( \\mathrm { i } _ { pri1 } \\)과 \\( \\mathrm { i } _ { pri2 } \\)는 모드 2와 같이 자화 인덕터 전류와 출력 인덕터 전류를 이용하여 나타낼 수 있다. 출력 인덕터 양단 전압은 \\( \\left (2 \\mathrm { V } _ { in } / \\mathrm { n } - \\mathrm { V } _ { o } \\right ) \\) 이므로, 출력 인덕터 전류는 식 (11)과 같다.</p>",
                "context_length": 1620,
                "clue": [
                    {
                        "clue_text": "모드 3 \\( \\left [ \\mathrm { t } _ { 2 } \\sim \\mathrm { t } _ { 3 } \\right ] \\) : 스위치 \\( \\mathrm { M } _ { 8 } \\)이 차단되고, 스위치 \\( \\mathrm { M } _ { 6 } \\)이 도통되면, 모드 3이 시작된다.",
                        "clue_start": "695",
                        "clue_end": "863"
                    },
                    {
                        "clue_text": "변압기 \\( \\mathrm { T } _ { 1 } \\)의 1차 측 전압 \\( \\mathrm { V } _ { ab } \\)에는 \\( \\mathrm { V } _ { in } \\) 전압이 인가되고, 변압기 \\( \\mathrm { T } _ { 2 } \\)의 1차측 전압 \\( \\mathrm { V } _ { cd } \\)에도 \\( \\mathrm { V } _ { in } \\) 전압이 인가된다.",
                        "clue_start": "864",
                        "clue_end": "1084"
                    },
                    {
                        "clue_text": "따라서 변압기 \\( \\mathrm { T } _ { 1 } \\)의 자화 인덕터 전류 \\( \\mathrm { i } _ { Lm1 } \\)은 \\( \\mathrm { V } _ { in } / \\mathrm { L } _ { m1 } \\)의 기울기를 가지며, 변압기 \\( \\mathrm { T } _ { 2 } \\)의 자화 인덕터 전류 \\( \\mathrm { i } _ { Lm2 } \\)는 \\( \\mathrm { V } _ { in } / \\mathrm { L } _ { m2 } \\)의 기울기를 갖는다.",
                        "clue_start": "1085",
                        "clue_end": "1366"
                    }
                ],
                "terminology": [
                    {
                        "word": "cd"
                    },
                    {
                        "word": "기울기"
                    },
                    {
                        "word": "변압기"
                    },
                    {
                        "word": "스위치"
                    },
                    {
                        "word": "인덕터"
                    },
                    {
                        "word": "인덕터 양단 전압"
                    },
                    {
                        "word": "자화"
                    },
                    {
                        "word": "자화 인덕터"
                    },
                    {
                        "word": "자화 인덕터 전류"
                    },
                    {
                        "word": "전류"
                    },
                    {
                        "word": "전압"
                    },
                    {
                        "word": "출력"
                    },
                    {
                        "word": "출력 인덕터"
                    },
                    {
                        "word": "출력 인덕터 전류"
                    },
                    {
                        "word": "측 전류"
                    },
                    {
                        "word": "측 전압"
                    }
                ]
            },
            {
                "context_id": "55e-0c9-merge_ed_034b7f4e-09b7fd23-8b5a-445e-8d9b-74d380a81e59_08",
                "context_K-NSCC": {
                    "field": "인공물",
                    "large_category": "ED",
                    "medium_category": "03"
                },
                "context": "<p>이전 첫 번째 공진을 통하여 2 차 측 정류기 양단 전압은 \\( \\mathrm { V } _ \\mathrm { in } \\mathrm { N } _ \\mathrm { S1 } / \\mathrm { N } _ \\mathrm { P } \\)의 초기 전압을 갖고 있는 상태에서 두 번째 공진이 발생하기 시작하므로, 기존 위상천이 풀 브리지 컨버터에 비해 공진전압이 작아질 수 있다. 이로 인하여 2차 측 동기 정류기의 스너버 손실을 줄일 수 있다.</p> <h1>3. 모의실험 및 실험결과</h1> <h2>3.1 모의실험</h2> <p>제안된 회로의 동작 원리 및 타당성을 검증하기 위하여 PSIM 소프트웨어를 사용하여 모의실험을 수행하였다.</p> <p>모의실험 조건은 \\( 450 \\mathrm { W } \\)급 통신용 전원장치를 대상으로 하며, 표 2에 설계 사양을 나타내었다.</p> <p>그림 10은 기존 위상천이 풀 브리지 컨버터와 제안된 고정 위상 동작 인버터를 포함하는 위상천이 풀 브리지 DC/ DC 컨버터의 모의실험을 통한 주요 결과 파형을 나타내고 있다.</p> <p>또한 표 3에 각 입력 전압 조건에서의 출력 인덕터 리플 전류 값을 나타내었다. 출력 인덕터 전류 리플이 가장 큰 조건인 입력 전압 \\( 44 \\mathrm { V } \\)일 때 제안된 회로는 \\( 2.884 \\mathrm { A } \\)의 전류 리플을 보였고, 최소 입력 전압인 \\( 35 \\mathrm { V } \\)와 최대 입력 전압인 \\( 60 \\mathrm { V } \\)에서도 각각 \\( 1.884 \\mathrm { A } \\)와 \\( 0.834 \\mathrm { A } \\)로 기존의 위상천이 풀 브리지 컨버터에 비하여 매우 작은 것을 PSIM 모의실험을 통하여 확인하였다.</p> <h2>3.1 실험결과</h2> <p>제안회로의 동작원리 및 특성을 확인하기 위하여 시작품을 제작하여 실험을 수행하였다. 실험 사양은 표 2와 같고, 1차 측 스위치 \\( \\mathrm { M } _ { 1 } \\sim \\mathrm { M } _ { 8 } \\)는 Vishay사의 SIR878DP을 사용하였고, 변압기 코어는 ER 32/5/21(부피 \\( 4172 \\mathrm { mm } ^ { 3 } \\), EPCOS)를 사용하였으며, 2차 측 동기정류기는 Infineon사의 IPB200N25N3G를 사용하여 실험을 진행하였다.</p> <p>그림 11은 입력 전압에 따른 주요 동작 파형을 나타내고 있다. 각각 변압기 1차 측 전압 \\( \\mathrm { V } _ { pri1 } , \\mathrm { V } _ { pri2 } \\)와 출력 인덕터 전류 \\( \\mathrm { I } _ \\mathrm { Lo } \\)을 나타내고 있으며, 입력 전압에 따라 부만 위상차이를 조절하고 있음을 알 수 있다. 실험결과 출력 전압을 제어하기 위하여 하나의 풀 브리지 인버터 출력 인덕터 전류 리플율이 가장 큰 상황인 \\( 44 \\mathrm { V } _ { in } \\) 조건에서도 출력 인덕터 전류 리플의 크기가 \\( 3.045 \\mathrm { A } \\)이고, 입력 전압 \\( 35 \\mathrm { V } \\)와 \\( 60 \\mathrm { V } \\)에서도 출력 인덕터 전류 리플의 크기가 \\( 2.171 \\mathrm { A } , 1.273 \\mathrm { A } \\)로 매우 작음을 확인하였다.</p>",
                "context_length": 1682,
                "clue": [
                    {
                        "clue_text": "이전 첫 번째 공진을 통하여 2 차 측 정류기 양단 전압은 \\( \\mathrm { V } _ \\mathrm { in } \\mathrm { N } _ \\mathrm { S1 } / \\mathrm { N } _ \\mathrm { P } \\)의 초기 전압을 갖고 있는 상태에서 두 번째 공진이 발생하기 시작하므로, 기존 위상천이 풀 브리지 컨버터에 비해 공진전압이 작아질 수 있다.",
                        "clue_start": "3",
                        "clue_end": "213"
                    },
                    {
                        "clue_text": "이로 인하여 2차 측 동기 정류기의 스너버 손실을 줄일 수 있다.",
                        "clue_start": "214",
                        "clue_end": "250"
                    },
                    {
                        "clue_text": "제안된 회로의 동작 원리 및 타당성을 검증하기 위하여 PSIM 소프트웨어를 사용하여 모의실험을 수행하였다.",
                        "clue_start": "300",
                        "clue_end": "359"
                    },
                    {
                        "clue_text": "실험결과 출력 전압을 제어하기 위하여 하나의 풀 브리지 인버터 출력 인덕터 전류 리플율이 가장 큰 상황인 \\( 44 \\mathrm { V } _ { in } \\) 조건에서도 출력 인덕터 전류 리플의 크기가 \\( 3.045 \\mathrm { A } \\)이고, 입력 전압 \\( 35 \\mathrm { V } \\)와 \\( 60 \\mathrm { V } \\)에서도 출력 인덕터 전류 리플의 크기가 \\( 2.171 \\mathrm { A } , 1.273 \\mathrm { A } \\)로 매우 작음을 확인하였다.",
                        "clue_start": "1398",
                        "clue_end": "1678"
                    }
                ],
                "terminology": [
                    {
                        "word": "DC"
                    },
                    {
                        "word": "DC 컨버터"
                    },
                    {
                        "word": "DC/ DC"
                    },
                    {
                        "word": "ER"
                    },
                    {
                        "word": "Lo"
                    },
                    {
                        "word": "PSIM"
                    },
                    {
                        "word": "PSIM 모의실험"
                    },
                    {
                        "word": "PSIM 소프트웨어"
                    },
                    {
                        "word": "공진"
                    },
                    {
                        "word": "공진전압"
                    },
                    {
                        "word": "동기정류기"
                    },
                    {
                        "word": "동작 파형"
                    },
                    {
                        "word": "리플 전류"
                    },
                    {
                        "word": "리플율"
                    },
                    {
                        "word": "모의실험"
                    },
                    {
                        "word": "변압기"
                    },
                    {
                        "word": "변압기 코어"
                    },
                    {
                        "word": "브리지 인버터"
                    },
                    {
                        "word": "브리지 컨버터"
                    },
                    {
                        "word": "소프트웨어"
                    },
                    {
                        "word": "스너버"
                    },
                    {
                        "word": "스너버 손실"
                    },
                    {
                        "word": "스위치"
                    },
                    {
                        "word": "위상"
                    },
                    {
                        "word": "위상차"
                    },
                    {
                        "word": "위상차이"
                    },
                    {
                        "word": "위상천이"
                    },
                    {
                        "word": "위상천이 풀 브리지 컨버터"
                    },
                    {
                        "word": "인덕터"
                    },
                    {
                        "word": "인덕터 리플 전류"
                    },
                    {
                        "word": "인덕터 전류 리플"
                    },
                    {
                        "word": "전류"
                    },
                    {
                        "word": "전류 리플"
                    },
                    {
                        "word": "정류기"
                    },
                    {
                        "word": "출력 인덕터"
                    },
                    {
                        "word": "출력 인덕터 전류"
                    },
                    {
                        "word": "출력 인덕터 전류 리플율"
                    },
                    {
                        "word": "출력 전압"
                    },
                    {
                        "word": "측 전압"
                    },
                    {
                        "word": "컨버터"
                    },
                    {
                        "word": "파형"
                    },
                    {
                        "word": "풀 브리지"
                    },
                    {
                        "word": "풀 브리지 인버터"
                    },
                    {
                        "word": "풀 브리지 컨버터"
                    },
                    {
                        "word": "회로"
                    }
                ]
            },
            {
                "context_id": "55e-0c9-merge_ed_034b7f4e-09b7fd23-8b5a-445e-8d9b-74d380a81e59_07",
                "context_K-NSCC": {
                    "field": "인공물",
                    "large_category": "ED",
                    "medium_category": "03"
                },
                "context": "<p>이 시점에서의 공진은 변압기 하나의 영향만을 받는 형태로 나타나게 되므로, 기존 위상천이 풀 브리지 컨버터에 비해 2차 측 정류기의 공진 전압이 작다.</p> <p>두 번째 공진 [ \\( \\mathrm { t } _ { 2 } \\) 시점] : 스위치 \\( \\mathrm { M } _ { 1 } , \\mathrm { M } _ { 2 } , \\mathrm { M } _ { 5 } \\)가 도통되어 있는 상태에서 스위치 \\( \\mathrm { M } _ { 6 } \\)가 도통되기 시작할 때 발생한다. 두 번째 공진이 일어나는 \\( \\mathrm { t } _ { 2 } \\) 시점에서의 등가 회로를 그림 8에 나타내었다.</p> <p>그림 8의 등가 회로를 이용하여 차단되어 있는 2차 측 정류 스위치 양단 전압을 구하면 식(21)과 같다.</p> <p>\\( \\begin {aligned} v_ { C j } ^ { * } (t)=& \\frac { L_ { m 1 } V_ { i n } } { L_ { m 1 } + L_ { k 1 } } + \\frac { L_ { m 2 } V_ { i n } } { L_ { m 2 } + L_ { k 2 } } - \\left \\{\\frac { L_ { m 1 } V_ { i n } } { L_ { m 1 } + L_ { k 1 } } + \\frac { L_ { m 2 } V_ { i n } } { L_ { m 2 } + L_ { k 2 } } -v_ { G j } ^ { * } (0) \\right \\} \\cos (Z t) + \\\\ & \\left \\{\\frac { L_ { m 1 } L_ { k 1 } } { L_ { m 1 } + L_ { k 1 } } \\left (i_ { L k 1 } (0)-i_ { L m 1 } (0)-i_ { L o } ^ { * } (0) \\right ) \\right \\} Z \\sin (Z t) + \\\\ & \\left \\{\\frac { L_ { m 2 } L_ { k 2 } } { L_ { m 2 } + L_ { k 2 } } \\left (i_ { L k 2 } (0)-i_ { L m 2 } (0)-i_ { L o } ^ { * } (0) \\right ) \\right \\} Z \\sin (Z t) \\end {aligned} \\)<caption>(19)</caption>여기서, \\[ Z= \\sqrt {\\frac {\\left (L_ { m 1 } + L_ { k 1 } \\right ) \\left (L_ { m 2 } + L_ { k 2 } \\right ) } { C_ { j } ^ { * } \\left (L_ { m 1 } L_ { k 1 } L_ { m 2 } + L_ { m 1 } L_ { k 1 } L_ { k 2 } + L_ { m 1 } L_ { m 2 } L_ { k 2 } + L_ { k 1 } L_ { m 2 } L_ { k 2 } \\right ) } } \\]<caption>(20)</caption>따라서, \\[ v_ { C j } (t) \\approx \\frac { N_ { S 2 } } { N_ { P } } \\left (2 V_ { i n } + \\sqrt {\\left \\{ 2 V_ { i n } -v_ { C j } ^ { * } (0) \\right \\} ^ { 2 } } \\sin (Z t + \\beta) \\right ) \\]<caption>(21)</caption>여기서, \\( \\beta= \\cos ^ { -1 } \\begin { bmatrix} { } \\frac {\\begin { bmatrix} { } \\left \\{\\frac { L_ { m 1 } L_ { k 1 } } { L_ { m 1 } + L_ { k 1 } } \\left (i_ { L k 1 } (0)-i_ { L m 1 } (0) \\right )-i_ { L_0 } ^ *(0) \\right \\} + \\\\ \\left \\{\\frac { L_ { m 2 } L_ { k 2 } } { L_ { m 2 } + L_ { k 2 } } \\left (i_ { L k 2 } (0)-i_ { L m 2 } (0)-i_ { L_0 } ^ *(0) \\right ) \\right \\} \\end { bmatrix} Z } {\\sqrt {\\begin {array} { } \\left ( \\frac { L_ { m1 } V_ { in } } { L_ { m1 } + L_ { k1 } } -v ^ { * } _ { Cj } (0) \\right ) ^ { 2 } + \\left ( \\frac { L_ { m2 } V_ { in } } { L_ { m2 } + L_ { k2 } } -v ^ { * } _ { Cj } (0) \\right ) ^ { 2 } + \\\\ \\begin { bmatrix} { } \\left \\{\\frac { L_ { m 1 } L_ { k 1 } } { L_ { m 1 } + L_ { k 1 } } \\left (i_ { L k 1 } (0)-i_ { L m 1 } (0)-i_ { L_0 } ^ *(0) \\right ) \\right \\} + \\\\ \\left \\{\\frac { L_ { m 2 } L_ { k 2 } } { L_ { m 2 } + L_ { k 2 } } \\left (i_ { L k 2 } (0)-i_ { L m 2 } (0)-i_ { L_0 } ^ *(0) \\right ) \\right \\} \\end { bmatrix} ^ { 2 } Z ^ { 2 } \\end {array} } } \\end { bmatrix} \\)<caption>(22)</caption></p>",
                "context_length": 2729,
                "clue": [
                    {
                        "clue_text": "두 번째 공진이 일어나는 \\( \\mathrm { t } _ { 2 } \\) 시점에서의 등가 회로를 그림 8에 나타내었다.",
                        "clue_start": "283",
                        "clue_end": "350"
                    },
                    {
                        "clue_text": "두 번째 공진 [ \\( \\mathrm { t } _ { 2 } \\) 시점] : 스위치 \\( \\mathrm { M } _ { 1 } , \\mathrm { M } _ { 2 } , \\mathrm { M } _ { 5 } \\)가 도통되어 있는 상태에서 스위치 \\( \\mathrm { M } _ { 6 } \\)가 도통되기 시작할 때 발생한다.",
                        "clue_start": "95",
                        "clue_end": "282"
                    },
                    {
                        "clue_text": "그림 8의 등가 회로를 이용하여 차단되어 있는 2차 측 정류 스위치 양단 전압을 구하면 식(21)과 같다.",
                        "clue_start": "358",
                        "clue_end": "417"
                    },
                    {
                        "clue_text": "이 시점에서의 공진은 변압기 하나의 영향만을 받는 형태로 나타나게 되므로, 기존 위상천이 풀 브리지 컨버터에 비해 2차 측 정류기의 공진 전압이 작다.",
                        "clue_start": "3",
                        "clue_end": "87"
                    }
                ],
                "terminology": [
                    {
                        "word": "공진 전압"
                    },
                    {
                        "word": "등가 회로"
                    },
                    {
                        "word": "변압기"
                    },
                    {
                        "word": "스위치"
                    },
                    {
                        "word": "위상천이 풀 브리지 컨버터"
                    },
                    {
                        "word": "정류 스위치 양단 전압"
                    },
                    {
                        "word": "정류기"
                    },
                    {
                        "word": "컨버터"
                    },
                    {
                        "word": "풀 브리지"
                    },
                    {
                        "word": "회로"
                    }
                ]
            }
        ]
    }
}