{
    "dataset_info": {
        "identifier": "02-031-002-NL",
        "name": "기술과학 문서 요약 데이터",
        "category": "자연어",
        "last_updated": "2023-08-30"
    },
    "dataset": {
        "doc_id": "034b7f4e-5fb226fd-b710-4011-9a52-6d9b31cc266c",
        "doc_type": "논문",
        "doc_title": {
            "kor": "임계 전류모드에서의 다상 교호 승압컨버터의 특성 연구",
            "eng": ""
        },
        "doc_category": {
            "KDC": "560.5",
            "DDC": ""
        },
        "doc_number": {
            "ISSN": "1229-2214",
            "ISBN": "",
            "DOI": "",
            "UCI": ""
        },
        "doc_year": "2008",
        "doc_author": [
            "이재삼",
            "배철수",
            "손호인",
            "문석조",
            "허동영"
        ],
        "doc_publisher": "전력전자학회",
        "doc_license": "CC BY-NC",
        "context_info": [
            {
                "context_id": "55e-0c9-merge_2_034b7f4e-5fb226fd-b710-4011-9a52-6d9b31cc266c_00",
                "context_K-NSCC": {
                    "field": "인공물",
                    "large_category": "ED",
                    "medium_category": "05"
                },
                "context": "<h1>요 약</h1> <p>본 논문에서는 임계 인덕터 전류모드로 동작하는 다상 교호 승압컨버터의 평균 상태방정식을 유도하고, 정상상태 해석 및 소 신호 제어특성을 고찰한다. 또한, 유도된 수식 이론을 근거로, 800 \\( \\mathrm { W } \\)급 2상 교호 승압컨버터를 제작하고, 60인치용 PDP 파워모듈의 PFC 블록에 적용함으로서, 제안된 방식의 실효성을 검증한다.</p> <h1>1. 서 론</h1> <p>스위칭 전원장치에 있어서 입력 교류전류의 파형을 개선하기 위하여 사용되는 역률보상회로 (PFC : Power Factor Correction)는 일반적으로 인덕터 핕터가 입력 측에 있는 승압 형 컨버터를 기본으로 하고 있다. 승압 형 컨버터는 항상 입력전압보다 출력전압이 크므로 회로구성 전력용 반도체 소자의 전압스트레스에 의한 스위칭 손실이 크다는 단점이 있으며, 이를 개선하기 위해 병렬 형 컨버터에 대한 연구가 활발히 이루어지고 있다. 이러한 병렬 형 컨버터는 스위칭 소자가 일정한 위상차를 가지면서 동일한 도통 비율로 동작하는 형태로서 교호 컨버터(interleaved converter)라 불리며, 다양한 강압 형, 승압 형 컨버터가 제안되었다.</p> <p>본 논문에서는 승압 형 컨버터에서, 인덕터 전류 연속모드(CCM : Continuous Conduction Mode)에서 나타날 수 있는 출력 다이오드의 역회복 문제와 전류 불연속모드(DCM : Discontinuous Conduction Mode)의 높은 피크전류 단점을 보완하기위해, 임계 전류모드 (BCM : Boundary Conduction Mode)로 동작하는 다상 교호 승압 컨버터를 제시한다.</p> <p>제시된 다상 교호 승압 컨버터의 평균 상태방정식을 유도하고, 이를 통해 정상상태에서의 입출력 전압 변압비 및 효율에 대한 툭징에 대해서 조사한다. 또한, 소 신호 해석을 통해 전달 함수를 산출하여 컨버터의 동특성을 해석한다. 마지막으로, 60 인치용 PDP 전원장치의 PFC 블록에 적용함으로서, 제안된 방식의 실효성을 검증한다.</p> <h1>2. 임계 전류모드 다상 교호 승압컨버터</h1> <p>그림 1 은 다상 교호 승압 컨버터를 나타낸다. \\( N \\)개의 컨버터가 병렬로 연결되어 있고, 각 컨버터는 인덕터, 능동 스위치, 다이오드로 구성되어 있다. 여기서 회로의 기생요소로 인덕터의 권선저항을 고려한다.</p> <p>그림 2는 다상 교호 승압 컨버터의 인덕터 전류 시뮬레이션 파형을 나타낸다. 각 스위치 \\( S_ { 1 } , S_ { 2 } , \\cdots, S_ { N } \\)은 동일 위상차를 가지며, 순차적으로 동작한다.</p> <p>\\( k \\)번째 상의 컨버터에서 궤환 제어 블록도면은 그림 3에 도시하였다. 컨버터의 능동 스위치가 도통하는 구간에서의 인덕터 전류는 \\( \\left (v_ { I N } -i_ { L k } r_ { k } \\right ) / L_ { k } \\)의 기울기로 영 전류에서부터 증가하며, 인덕터 피크 전류가 제어신호 \\( i_ { c } \\)에 도달하기까지 증가한다. 그 후, 능동 스위치는 차단되며, 다이오드가 도통을 개시한다. 이 구간에서 인덕터 전류는 \\( \\left (v_ { I N } -i_ { L k } r_ { k } -v_ { o } \\right ) / L_ { k } \\)의 기울기로 영 전류지점까지 감소하고, 이 때 능동 스위치가 도통을 개시하여 스위칭 동작을 반복한다.</p>",
                "context_length": 1715,
                "clue": [
                    {
                        "clue_text": "본 논문에서는 임계 인덕터 전류모드로 동작하는 다상 교호 승압컨버터의 평균 상태방정식을 유도하고, 정상상태 해석 및 소 신호 제어특성을 고찰한다.",
                        "clue_start": "16",
                        "clue_end": "97"
                    },
                    {
                        "clue_text": "또한, 유도된 수식 이론을 근거로, 800 \\( \\mathrm { W } \\)급 2상 교호 승압컨버터를 제작하고, 60인치용 PDP 파워모듈의 PFC 블록에 적용함으로서, 제안된 방식의 실효성을 검증한다.",
                        "clue_start": "98",
                        "clue_end": "212"
                    }
                ],
                "terminology": [
                    {
                        "word": "BCM"
                    },
                    {
                        "word": "CCM"
                    },
                    {
                        "word": "Conduction"
                    },
                    {
                        "word": "Continuous Conduction Mode"
                    },
                    {
                        "word": "Correction"
                    },
                    {
                        "word": "DCM"
                    },
                    {
                        "word": "Discontinuous"
                    },
                    {
                        "word": "Discontinuous Conduction Mode"
                    },
                    {
                        "word": "PDP"
                    },
                    {
                        "word": "PDP 파워모듈"
                    },
                    {
                        "word": "PFC"
                    },
                    {
                        "word": "PFC 블록"
                    },
                    {
                        "word": "Power Factor"
                    },
                    {
                        "word": "Power Factor Correction"
                    },
                    {
                        "word": "converter"
                    },
                    {
                        "word": "interleaved"
                    },
                    {
                        "word": "교류전류"
                    },
                    {
                        "word": "교호"
                    },
                    {
                        "word": "교호 승압컨버터"
                    },
                    {
                        "word": "교호 컨버터"
                    },
                    {
                        "word": "권선저항"
                    },
                    {
                        "word": "궤환"
                    },
                    {
                        "word": "궤환 제어"
                    },
                    {
                        "word": "기생요소"
                    },
                    {
                        "word": "기울기"
                    },
                    {
                        "word": "능동 스위치"
                    },
                    {
                        "word": "다상"
                    },
                    {
                        "word": "다상 교호"
                    },
                    {
                        "word": "다상 교호 승압컨버터"
                    },
                    {
                        "word": "다이오드"
                    },
                    {
                        "word": "다이오드의 역회복"
                    },
                    {
                        "word": "동특성"
                    },
                    {
                        "word": "변압비"
                    },
                    {
                        "word": "상태방정식"
                    },
                    {
                        "word": "소 신호"
                    },
                    {
                        "word": "스위치"
                    },
                    {
                        "word": "스위칭"
                    },
                    {
                        "word": "스위칭 소자"
                    },
                    {
                        "word": "스위칭 손실"
                    },
                    {
                        "word": "스위칭 전원장치"
                    },
                    {
                        "word": "승압"
                    },
                    {
                        "word": "승압컨버터"
                    },
                    {
                        "word": "시뮬레이션"
                    },
                    {
                        "word": "시뮬레이션 파형"
                    },
                    {
                        "word": "실효성"
                    },
                    {
                        "word": "역률보상회로"
                    },
                    {
                        "word": "영 전류"
                    },
                    {
                        "word": "위상차"
                    },
                    {
                        "word": "인덕터"
                    },
                    {
                        "word": "인덕터 피크 전류"
                    },
                    {
                        "word": "임계 인덕터 전류모드"
                    },
                    {
                        "word": "입출력 전압"
                    },
                    {
                        "word": "전달 함수"
                    },
                    {
                        "word": "전력용 반도체"
                    },
                    {
                        "word": "전력용 반도체 소자"
                    },
                    {
                        "word": "전류"
                    },
                    {
                        "word": "전류 불연속모드"
                    },
                    {
                        "word": "전류 연속모드"
                    },
                    {
                        "word": "전류모드"
                    },
                    {
                        "word": "전압스트레스"
                    },
                    {
                        "word": "정상상태 해석"
                    },
                    {
                        "word": "제어신호"
                    },
                    {
                        "word": "출력 다이오드"
                    },
                    {
                        "word": "출력전압"
                    },
                    {
                        "word": "컨버터"
                    },
                    {
                        "word": "파워모듈"
                    },
                    {
                        "word": "파형"
                    },
                    {
                        "word": "평균 상태방정식"
                    },
                    {
                        "word": "함수"
                    },
                    {
                        "word": "회로"
                    }
                ]
            },
            {
                "context_id": "55e-0c9-merge_2_034b7f4e-5fb226fd-b710-4011-9a52-6d9b31cc266c_01",
                "context_K-NSCC": {
                    "field": "인공물",
                    "large_category": "ED",
                    "medium_category": "05"
                },
                "context": "<h1>3. 평균 상태공간 모델</h1> <p>참고문헌 [1]의 모델링(full order averaged model) 접근 방법을 적용하여, 그림 2로부터, 다상 교호 승압 컨버터에서의 \\( k \\)번째 상의 인덕터 평균 전압 및 출력 커패시터의 평균 전류 식을 다음과 같이 유도할 수 있다. 여기서 \\( d_ { k } \\) 는 \\( k \\)번째 상에서 능동 스위치의 도통비율 평균을 의미한다. \\[ \\frac { d \\overline { i_ { L k } } } { d t } = \\frac { 1 } { L_ { k } } \\left [-r_ { k } \\overline { i_ { L k } } + { d_ { k } } \\overline { v_ { I N } } + \\left (1-d_ { k } \\right ) \\left ( \\overline { v_ { I N } } - \\overline { v_ { o } } \\right ) \\right ] \\]<caption>(1)</caption>\\[ \\frac { d \\overline { v_ { o } } } { d t } = \\frac { 1 } { C } \\left [ \\sum_ { j=1 } ^ { N } \\left (1-d_ { k } \\right ) \\overline { i_ { L j } } - \\frac {\\overline { v_ { o } } } { R } \\right ] \\]<caption>(2)</caption></p> <p>또한 각 상의 컨버터가 인덕터 임계 전류모드로 동작함으로, \\( k \\)번째 상의 인덕터 전류 \\( \\left (i_ { L k } \\right ) \\)와 제어 전류 신호 \\( \\left (i_ { c } \\right ) \\)의 관계식은 다음과 같이 표현 가능하다. \\[ \\overline { i_ { L k } } = \\frac {\\overline { i_ { c } } } { 2 } \\]<caption>(3)</caption></p> <h1>4. 정상상태 특성</h1> <p>유도된 평균 상태방정식 (1),(2)로부터, 각 동작 점의 직류 성분만을 취하면, 다음의 정상상태 식을 얻는다. \\[-r_ { k } I_ { L k } + D_ { k } V_ { I N } + \\left (1-D_ { k } \\right ) \\left (V_ { I N } -V_ { o } \\right ) = 0 \\]<caption>(4)</caption>\\[ \\sum_ { j=1 } ^ { N } \\left (1-D_ { k } \\right ) I_ { L j } - \\frac { V_ { o } } { R } =0 \\]<caption>(5)</caption></p> <p>여기서, \\( k=1,2, \\cdots, N \\) 에 대해 \\( r_ { k } =r, D_ { k } =D \\) 및 각 상으로의 전류가 균등하게 분배 \\( \\left (I_ { I N } =N I_ { L k } \\right ) \\)된다고 가정하면, 식 (4),(5)는 다음과 같이 정리된다. \\[ I_ { L k } = \\frac { V_ { o } } { N(1-D) R } \\]<caption>(6)</caption>\\[ M= \\frac { V_ { o } } { V_ { I N } } = \\frac { N R(1-D) } { r + N R(1-D) ^ { 2 } } \\]<caption>(7)</caption>\\[ \\eta= \\frac { V_ { o } ^ { 2 } / R } { V_ { I N } I_ { I N } } =M(1-D) \\]</li></ul> <caption>(8)</caption></p> <p>식 (7)은 \\( N \\)개의 상을 갖는 다상 교호 승압컨버터의 입출력 전압 비를 나타내며, 식 (8)은 효율특성을 보여 준다. 저항 비 \\( r / R=0.01 \\)인 경우의 입출력 전압 비 및 효율특성을 그림 4, 5에 각 도시하였다. 상의 개수 \\( (N) \\)가 증가할수록 전압 비가 상승하며, 효율이 개선되는 특성을 보인다.</p>",
                "context_length": 1988,
                "clue": [
                    {
                        "clue_text": "참고문헌 [1]의 모델링(full order averaged model) 접근 방법을 적용하여, 그림 2로부터, 다상 교호 승압 컨버터에서의 \\( k \\)번째 상의 인덕터 평균 전압 및 출력 커패시터의 평균 전류 식을 다음과 같이 유도할 수 있다.",
                        "clue_start": "26",
                        "clue_end": "164"
                    },
                    {
                        "clue_text": "또한 각 상의 컨버터가 인덕터 임계 전류모드로 동작함으로, \\( k \\)번째 상의 인덕터 전류 \\( \\left (i_ { L k } \\right ) \\)와 제어 전류 신호 \\( \\left (i_ { c } \\right ) \\)의 관계식은 다음과 같이 표현 가능하다.",
                        "clue_start": "738",
                        "clue_end": "886"
                    },
                    {
                        "clue_text": "\\[ \\frac { d \\overline { i_ { L k } } } { d t } = \\frac { 1 } { L_ { k } } \\left [-r_ { k } \\overline { i_ { L k } } + { d_ { k } } \\overline { v_ { I N } } + \\left (1-d_ { k } \\right ) \\left ( \\overline { v_ { I N } } - \\overline { v_ { o } } \\right ) \\right ] \\]",
                        "clue_start": "223",
                        "clue_end": "487"
                    },
                    {
                        "clue_text": "\\[ \\frac { d \\overline { v_ { o } } } { d t } = \\frac { 1 } { C } \\left [ \\sum_ { j=1 } ^ { N } \\left (1-d_ { k } \\right ) \\overline { i_ { L j } } - \\frac {\\overline { v_ { o } } } { R } \\right ] \\]",
                        "clue_start": "509",
                        "clue_end": "708"
                    },
                    {
                        "clue_text": " \\[ I_ { L k } = \\frac { V_ { o } } { N(1-D) R } \\]",
                        "clue_start": "1498",
                        "clue_end": "1549"
                    }
                ],
                "terminology": [
                    {
                        "word": "관계식"
                    },
                    {
                        "word": "교호"
                    },
                    {
                        "word": "교호 승압컨버터"
                    },
                    {
                        "word": "능동 스위치"
                    },
                    {
                        "word": "능동 스위치의 도통비율"
                    },
                    {
                        "word": "다상"
                    },
                    {
                        "word": "다상 교호"
                    },
                    {
                        "word": "다상 교호 승압컨버터"
                    },
                    {
                        "word": "도통비율"
                    },
                    {
                        "word": "동작 점"
                    },
                    {
                        "word": "상태공간"
                    },
                    {
                        "word": "상태방정식"
                    },
                    {
                        "word": "스위치"
                    },
                    {
                        "word": "승압"
                    },
                    {
                        "word": "승압컨버터"
                    },
                    {
                        "word": "인덕터"
                    },
                    {
                        "word": "인덕터 임계 전류모드"
                    },
                    {
                        "word": "인덕터 평균 전압"
                    },
                    {
                        "word": "입출력 전압"
                    },
                    {
                        "word": "저항 비"
                    },
                    {
                        "word": "전류"
                    },
                    {
                        "word": "전류모드"
                    },
                    {
                        "word": "전압 비"
                    },
                    {
                        "word": "정상상태 특성"
                    },
                    {
                        "word": "제어 전류"
                    },
                    {
                        "word": "제어 전류 신호"
                    },
                    {
                        "word": "직류"
                    },
                    {
                        "word": "출력 커패시터"
                    },
                    {
                        "word": "커패시터"
                    },
                    {
                        "word": "컨버터"
                    },
                    {
                        "word": "평균 상태방정식"
                    }
                ]
            },
            {
                "context_id": "55e-0c9-merge_2_034b7f4e-5fb226fd-b710-4011-9a52-6d9b31cc266c_03",
                "context_K-NSCC": {
                    "field": "인공물",
                    "large_category": "ED",
                    "medium_category": "05"
                },
                "context": "<h1>6. 임계 전류모드의 PFC 응용</h1> <p>PFC 응용을 위해 입력전압 궤환(input feedforward)을 갖는 임계 전류모드 승압컨버터의 제어도면을 그림 7에 도시하였다. 제어 전류신호 \\( \\left (i_ { c } \\right ) \\)는 컨버터의 출력전압 궤환 루프(feedback loop)에 존재하는 오차증폭기의 출력 \\( \\left (v_ { c } \\right ) \\)과 컨버터 입력전압 \\( \\left (v_ { I N } \\right ) \\)의 곱으로 표현된다. \\[ \\overline { i_ { c } } = K \\overline { v_ { c } } ~ \\overline { v_ { IN } } \\]<caption>(13)</caption></p> <p>PFC 컨버터는 교류 입력전류를 교류 입력전압과 동기화 되도록 제어하기 위하여, 출력전압 궤환 이득은 상대적으로 좁은 주파수대역(low bandwidth)을 갖도록 설계된다. 따라서 교류전원 입력 반주기 기간 동안 오차증폭기의 출력 \\( \\left (v_ { c } \\right ) \\)은 상수로서 취급 가능하고, 결국 제어 전류신호 \\( \\left (i_ { c } \\right ) \\)는 교류 입력전압 \\( \\left (v_ { I N } \\right ) \\)파형에 의존하게 된다. 이로 인해, 컨버터의 메인스위치 FET의 전류파형 최대치가 교류 입력전압 \\( \\left (v_ { I N } \\right ) \\) 파형에 따르게 되고, 결국 교류 입력 평균전류가 교류 입력전압 \\( \\left (v_ { I N } \\right ) \\)과 동기화 된다.</p> <p>식 (13)을 인덕터 전류로 표현하면 다음과 같다. \\[ \\overline { i_ { L k } } = \\frac {\\overline { i_ { c } } } { 2 } = \\left ( \\frac { K } { 2 } \\overline { v_ { c } } \\right ) \\overline { v_ { I N } } \\]<caption>(14)</caption></p> <p>정상상태(steady-state)에서, 오차증폭기 출력전압 \\( \\left (v_ { c } \\right ) \\)을 상수로 취급하면, 식 (14)로부터, 입력전압 궤환을 갖는 임계 전류모드 승압컨버터의 입력 단은 저항 부하특성을 나타냄을 알 수 있다. 따라서 제안된 컨버터는 교류 입력전압과 교류입력 전류를 위상 동기화하는 PFC 응용에 적합하다.</p> <h1>7. 실험 및 시뮬레이션 결과</h1> <p>표 1의 회로 시정수로 2상 교호 승압컨버터를 제작 한 후, 60인치 PDP용 전원장치의 PFC 블록에 적용해 보았다. 경 부하 \\( (200 \\mathrm { ~W } ) \\) 및 중 부하 \\( (800 \\mathrm { ~W } ) \\) 조건에서의 각 스위칭 소자의 전류 실험 파형은 그림 9 와 같다.</p> <p>부하 전류가 증가할수록 각 상에 존재하는 소자의 동작 스위칭 주파수가 감소하며, 임계 전류모드로 동작하는 것을 확인 할 수 있다.</p> <p>표 1로 주어진 2상 교호 승압컨버터의 회로 동작 점 에서 부하 전류 \\( \\left (I_ { o } \\right ) \\) 변화에 따른 제어 전달함수는 식 (15)로 표현되며, 부하 전류 \\( \\left (I_ { o } \\right ) \\)가 \\( 0.1[A] \\)에서 \\( 2[A] \\)로 변화에 따른 주파수 응답 특성을 시뮬레이션 한 결과는 그림 10에 도시하였다. 부하 증가 시, 고주파 영점 (zero)은 감소하고 극점(pole)은 증가하지만, 변화폭이 작아서 전 부하 영역에서의 높은 제어보상회로 설계 마진을 기대할 수 있다. \\[ G_ { v i } (s) = \\frac { 288-0.277777 I_ { o } -0.000375 I_ { o } s } { 0.8 s + 4 I_ { o } } \\]<caption>(15)</caption></p> <h1>8. 결 론</h1> <p>본 논문에서는, 임계 전류모드로 동작하는 다상 교호 승압컨버터의 정상상태 해석 및 소 신호 모델을 유도하였고, 상수 증가에 따른 컨버터의 특성변화를 살펴보았다. 또한, 800 \\( \\mathrm { W } \\)급 전원장치의 PFC 블록에 적용함으로서 실효성을 검증하였고, 시뮬레이션을 통해 전 부하 영역에서 제어 전달함수의 주파수 응답특성 변화폭이 적음을 확인하였다. 따라서 제안된 컨버터 방식은 전류 연속모드 및 불연속모드의 단점을 적절히 보완하면서, 높은 제어 보상회로 설계이득을 기대할 수 있다. 제시한 정상상태 특성 해석 및 소 신호 모델은 임계 전류모드에서의 다상 교호 승압컨버터 설계 시 많은 도움이 되리라 생각한다.</p>",
                "context_length": 2325,
                "clue": [
                    {
                        "clue_text": "PFC 컨버터는 교류 입력전류를 교류 입력전압과 동기화 되도록 제어하기 위하여, 출력전압 궤환 이득은 상대적으로 좁은 주파수대역(low bandwidth)을 갖도록 설계된다.",
                        "clue_start": "391",
                        "clue_end": "488"
                    },
                    {
                        "clue_text": "정상상태(steady-state)에서, 오차증폭기 출력전압 \\( \\left (v_ { c } \\right ) \\)을 상수로 취급하면, 식 (14)로부터, 입력전압 궤환을 갖는 임계 전류모드 승압컨버터의 입력 단은 저항 부하특성을 나타냄을 알 수 있다.",
                        "clue_start": "1036",
                        "clue_end": "1176"
                    },
                    {
                        "clue_text": "부하 전류가 증가할수록 각 상에 존재하는 소자의 동작 스위칭 주파수가 감소하며, 임계 전류모드로 동작하는 것을 확인 할 수 있다.",
                        "clue_start": "1443",
                        "clue_end": "1515"
                    },
                    {
                        "clue_text": "또한, 800 \\( \\mathrm { W } \\)급 전원장치의 PFC 블록에 적용함으로서 실효성을 검증하였고, 시뮬레이션을 통해 전 부하 영역에서 제어 전달함수의 주파수 응답특성 변화폭이 적음을 확인하였다.",
                        "clue_start": "2060",
                        "clue_end": "2175"
                    }
                ],
                "terminology": [
                    {
                        "word": "FET"
                    },
                    {
                        "word": "PDP용 전원장치"
                    },
                    {
                        "word": "PFC"
                    },
                    {
                        "word": "PFC 블록"
                    },
                    {
                        "word": "PFC 응용"
                    },
                    {
                        "word": "PFC 컨버터"
                    },
                    {
                        "word": "bandwidth"
                    },
                    {
                        "word": "feedforward"
                    },
                    {
                        "word": "loop"
                    },
                    {
                        "word": "경 부하"
                    },
                    {
                        "word": "고주파"
                    },
                    {
                        "word": "교류 입력전류"
                    },
                    {
                        "word": "교류 입력전압"
                    },
                    {
                        "word": "교류전원"
                    },
                    {
                        "word": "교호"
                    },
                    {
                        "word": "교호 승압컨버터"
                    },
                    {
                        "word": "궤환"
                    },
                    {
                        "word": "궤환 루프"
                    },
                    {
                        "word": "궤환 이득"
                    },
                    {
                        "word": "극점"
                    },
                    {
                        "word": "다상"
                    },
                    {
                        "word": "다상 교호"
                    },
                    {
                        "word": "다상 교호 승압컨버터"
                    },
                    {
                        "word": "동기화"
                    },
                    {
                        "word": "동작 스위칭 주파수"
                    },
                    {
                        "word": "동작 점"
                    },
                    {
                        "word": "메인스위치"
                    },
                    {
                        "word": "메인스위치 FET"
                    },
                    {
                        "word": "보상회로"
                    },
                    {
                        "word": "부하 영역"
                    },
                    {
                        "word": "부하 전류"
                    },
                    {
                        "word": "부하특성"
                    },
                    {
                        "word": "설계 마진"
                    },
                    {
                        "word": "설계이득"
                    },
                    {
                        "word": "소 신호"
                    },
                    {
                        "word": "소자"
                    },
                    {
                        "word": "스위칭"
                    },
                    {
                        "word": "스위칭 소자"
                    },
                    {
                        "word": "스위칭 주파수"
                    },
                    {
                        "word": "승압컨버터"
                    },
                    {
                        "word": "시뮬레이션"
                    },
                    {
                        "word": "시정수"
                    },
                    {
                        "word": "실효성"
                    },
                    {
                        "word": "오차증폭기"
                    },
                    {
                        "word": "위상"
                    },
                    {
                        "word": "인덕터"
                    },
                    {
                        "word": "입력전류"
                    },
                    {
                        "word": "입력전압 궤환"
                    },
                    {
                        "word": "전 부하"
                    },
                    {
                        "word": "전 부하 영역"
                    },
                    {
                        "word": "전달함수"
                    },
                    {
                        "word": "전류"
                    },
                    {
                        "word": "전류 연속모드"
                    },
                    {
                        "word": "전류모드"
                    },
                    {
                        "word": "전류신호"
                    },
                    {
                        "word": "전류파형"
                    },
                    {
                        "word": "정상상태 특성"
                    },
                    {
                        "word": "정상상태 해석"
                    },
                    {
                        "word": "제어 전달함수"
                    },
                    {
                        "word": "제어보상회로"
                    },
                    {
                        "word": "주파수"
                    },
                    {
                        "word": "주파수 응답"
                    },
                    {
                        "word": "주파수 응답특성"
                    },
                    {
                        "word": "주파수대역"
                    },
                    {
                        "word": "중 부하"
                    },
                    {
                        "word": "출력전압"
                    },
                    {
                        "word": "출력전압 궤환 루프"
                    },
                    {
                        "word": "컨버터"
                    },
                    {
                        "word": "컨버터 입력전압"
                    },
                    {
                        "word": "특성 해석"
                    },
                    {
                        "word": "파형"
                    },
                    {
                        "word": "회로"
                    },
                    {
                        "word": "회로 동작"
                    },
                    {
                        "word": "회로 시정수"
                    }
                ]
            }
        ]
    }
}