{
    "dataset_info": {
        "identifier": "02-031-002-NL",
        "name": "기술과학 문서 요약 데이터",
        "category": "자연어",
        "last_updated": "2023-08-30"
    },
    "dataset": {
        "doc_id": "034b7f4e-57f0d30f-569b-41b9-91c3-e8c6bb46605d",
        "doc_type": "논문",
        "doc_title": {
            "kor": "압축기용 집중권 BLDC 전동기의 착자 불량 진단",
            "eng": ""
        },
        "doc_category": {
            "KDC": "560.5",
            "DDC": ""
        },
        "doc_number": {
            "ISSN": "1229-2214",
            "ISBN": "",
            "DOI": "",
            "UCI": ""
        },
        "doc_year": "2009",
        "doc_author": [
            "이광운"
        ],
        "doc_publisher": "전력전자학회",
        "doc_license": "CC BY-NC",
        "context_info": [
            {
                "context_id": "55e-0c9-merge_ed_034b7f4e-57f0d30f-569b-41b9-91c3-e8c6bb46605d_01",
                "context_K-NSCC": {
                    "field": "인공물",
                    "large_category": "ED",
                    "medium_category": "05"
                },
                "context": "<p>기존의 압축기용 집중권 BLDC 전동기의 착자상태 검사 방법을 살펴보면, 착자 완료 후에 회전 지그를 이용하여 회전자를 천천히 기계각으로 360 도 회전시키면서 측정한 자속의 실효값으로 착자 이상 유무를 판단하였다. 기존 검사 방식에서 자속을 측정하는 것은 회전 지그를 이용하여 역기전력 측정이 원활한 속도까지 회전자를 회전시킬 수 없기 때문이다. 착자영구자석 재료 및 고정자의 편차, 작업 공장의 계절별 온도 변화 등을 고려할 때 영구자석이 착자된 정도를 측정된 자속의 값으로 검사하는 방식에서는 정상과 불량을 판별하는 기준을 엄격하게 적용하는 데 어려움이 따르고, 이로 인해 권선 착자 공정에서 회전자 정렬의 틀어짐으로 인해 발생하는 착자 불량을 제대로 분별하지 못하는 문제를 가지게 된다. 따라서 본 논문에서는 압축기용 집중권 \\( \\mathrm { BLDC } \\) 전동기의 권선 착자 과정에서 회전자 정렬이 틀어짐으로 인해 발생하는 착자 불량이 압축기에 미치는 영향을 컴퓨터 시뮬레이션과 압축기 효율 비교 시험을 통해 평가하고, 회전자 정렬 비틀림으로 인한 착자 불량을 진단할 수 있는 방법을 제안하고자 한다.</p> <h1>2. 압축기용 집중권 BLDC 전동기의 착자 공정 및 착자 불량의 영향</h1> <p>압축기용 \\( \\mathrm { BLDC } \\) 전동기의 경우 생산성을 고려하여 미착자 상태의 영구자석을 회전자에 조립한 후에 고정자를 착자 요크(Yoke)로 활용하여 영구자석을 착자하는 권선 착자 방식이 보편적으로 적용되고 있다. 그림 1 은 \\( \\mathrm { BLDC } \\) 전동기 착자 시스템으로, 고정자와 회전자가 조립된 상태에서 서보 모터로 구성된 회전 지그를 이용하여 회전자를 특정 위치로 정렬해 가면서 권선 착자 공정을 진행한다. 집중권 \\( \\mathrm { BLDC } \\) 전동기의 경우 한번의 착자 공정으로 영구자석의 완전 착자가 이루어지지 못하므로, 그림 2 에 나타낸 바와 같이 회전자의 위치 및 착자 결선을 바꾸어 가면서 2 회의 착자 공정 을 진행해야 한다. 두 번째 착자 공정에서는 영구자석 이 일부 착자된 상태이므로 착자 전류에 의한 자계와 영구자석 자계 간의 상호 작용으로 인하여 착자 순간에 회전자에 큰 진동이 발생한다. 회전자 정렬에 사용되는 회전 지그는 착자 순간에 회전자를 일정 위치로 유지하는 기능도 담당하지만 두 번째 착자 공정에서 발생하는 진동에 의한 회전자의 비틀림을 완벽히 잡아 주는 데는 한계가 있으며, 회전자 정렬이 틀어지는 정도가 큰 경우 착자 불량이 발생하게 된다.</p>",
                "context_length": 1266,
                "clue": [
                    {
                        "clue_text": "기존의 압축기용 집중권 BLDC 전동기의 착자상태 검사 방법을 살펴보면, 착자 완료 후에 회전 지그를 이용하여 회전자를 천천히 기계각으로 360 도 회전시키면서 측정한 자속의 실효값으로 착자 이상 유무를 판단하였다.",
                        "clue_start": "3",
                        "clue_end": "123"
                    },
                    {
                        "clue_text": "따라서 본 논문에서는 압축기용 집중권 \\( \\mathrm { BLDC } \\) 전동기의 권선 착자 과정에서 회전자 정렬이 틀어짐으로 인해 발생하는 착자 불량이 압축기에 미치는 영향을 컴퓨터 시뮬레이션과 압축기 효율 비교 시험을 통해 평가하고, 회전자 정렬 비틀림으로 인한 착자 불량을 진단할 수 있는 방법을 제안하고자 한다.",
                        "clue_start": "392",
                        "clue_end": "573"
                    },
                    {
                        "clue_text": "압축기용 \\( \\mathrm { BLDC } \\) 전동기의 경우 생산성을 고려하여 미착자 상태의 영구자석을 회전자에 조립한 후에 고정자를 착자 요크(Yoke)로 활용하여 영구자석을 착자하는 권선 착자 방식이 보편적으로 적용되고 있다.",
                        "clue_start": "630",
                        "clue_end": "760"
                    },
                    {
                        "clue_text": "회전자 정렬에 사용되는 회전 지그는 착자 순간에 회전자를 일정 위치로 유지하는 기능도 담당하지만 두 번째 착자 공정에서 발생하는 진동에 의한 회전자의 비틀림을 완벽히 잡아 주는 데는 한계가 있으며, 회전자 정렬이 틀어지는 정도가 큰 경우 착자 불량이 발생하게 된다.",
                        "clue_start": "1114",
                        "clue_end": "1262"
                    }
                ],
                "terminology": [
                    {
                        "word": "BLDC"
                    },
                    {
                        "word": "BLDC 전동기"
                    },
                    {
                        "word": "Yoke"
                    },
                    {
                        "word": "결선"
                    },
                    {
                        "word": "고정자"
                    },
                    {
                        "word": "권선 착자 공정"
                    },
                    {
                        "word": "기계각"
                    },
                    {
                        "word": "서보 모터"
                    },
                    {
                        "word": "역기전력"
                    },
                    {
                        "word": "요크"
                    },
                    {
                        "word": "자계"
                    },
                    {
                        "word": "자속"
                    },
                    {
                        "word": "전동기"
                    },
                    {
                        "word": "전류"
                    },
                    {
                        "word": "지그"
                    },
                    {
                        "word": "집중권"
                    },
                    {
                        "word": "집중권 BLDC 전동기"
                    },
                    {
                        "word": "착자"
                    },
                    {
                        "word": "착자 공정"
                    },
                    {
                        "word": "착자 불량"
                    },
                    {
                        "word": "착자 시스템"
                    },
                    {
                        "word": "착자 요크"
                    },
                    {
                        "word": "착자 전류"
                    },
                    {
                        "word": "회전 지그"
                    },
                    {
                        "word": "회전자"
                    },
                    {
                        "word": "회전자 정렬"
                    }
                ]
            },
            {
                "context_id": "55e-0c9-merge_ed_034b7f4e-57f0d30f-569b-41b9-91c3-e8c6bb46605d_03",
                "context_K-NSCC": {
                    "field": "인공물",
                    "large_category": "ED",
                    "medium_category": "05"
                },
                "context": "<p>표 1 에서 압축기의 에너지 효율을 표현하는 데 사용된 \\( \\mathrm { EER } \\) (Energy Efficiency Ratio)은 단위 시간당 압축기의 냉동 능력에 소요되는 소비 입력의 비율로 정의 된다. 일반적으로 압축기의 냉동 능력은 칼로리미터를 이용하여 측정하고, 압축기의 소비 전력은 전력계를 이용하여 측정한다. 압축기 구동용 전동기의 효율은 압축기의 효율에 직접적인 영향을 주기 때문에, 압축기의 기계 부품들이 동일하다고 가정하면 압축기의 \\( \\mathrm { EER } \\) 비교로 전동기 효율 변화를 간접적으로 알아낼 수 있다. 표 1 에서 기계각으로 3도의 오차를 가지는 착자 불량 압축기의 경우 정상 착자 압축기에 비해 \\( \\mathrm { EER } \\) 단위로 효율이 0.03정도 저하되었고, 기계각으로 6 도의 오차를 가지는 경우에는 효율이 \\( 0.15 \\) 정도 저하 되었다. 일반적으로 냉장고 압축기의 효율시험에서 \\( \\mathrm { EER } \\) 위로 \\( 0.05 \\) 이상 차이가 나면 변화가 있는 것으로 판단한다. 따라서 기계각으로 6도의 정렬 오차를 가지는 착자 불량 압축기의 경우 정상 착자 압축기에 비해 효율이 크게 저감되었다고 판단할 수 있다. 즉, 압축기 용 집중권 \\( \\mathrm { BLDC } \\) 전동기의 착자 공정에서 회전자의 틀어짐으로 인해 발생하는 착자 불량은 압축기의 효율 을 저감시키는 요인으로 작용하므로 착자 공정 이후의 검사 공정에서 정확하게 불량품을 선별해 낼 수 있는 검사 방법이 필요하다.</p> <h1>3. 착자 불량 진단 방법</h1> <p>그림 6은 3 개의 BLDC 전동기 시료에 대해 회전자를 전동기로부터 분리한 후에 기계각으로 360도 회전 시켜 가면서 가우스 미터를 이용하여 표면의 자속을 측정한 것이다. 그림 6에서 sample 1은 정상 착자된 경우이고, sample 2 는 두 번째 착자 공정에서 회전자의 정렬 위치가 기계각으로 6도의 오차를 가지도록 한 착자 불량 시료이고, sample 3 은 실제 압축기 제조 공정에서 회전자 자속 기준으로는 양품으로 판정되었으나 냉장고 세트 효율 시험을 통해 불량으로 판정된 착자 불량 시료이다. 그림 7은 그림 6의 측정 결과를 이용하여 원형 다이어그램을 그린 것으로 회전자 표면에 부착된 4극의 영구자석이 착자된 형태를 보인다. 그림 6에서 sample 2와 3의 경우 sample 1에 비해 자석의 자속 량이 상대적으로 균일하지 못함을 알 수 있다. 그림 7을 살펴보면, sample 3의 경우 sample 1에 비해 자석이 착자된 형태가 좀 더 비대칭적이다. Sample 3의 자속 파형으로부터 권선 착자 공정 중 두 번째 착자 공정에서 회전자 정렬이 틀어지는 현상이 발생했음을 간접적으로 설명할 수 있다.</p>",
                "context_length": 1386,
                "clue": [
                    {
                        "clue_text": "표 1 에서 압축기의 에너지 효율을 표현하는 데 사용된 \\( \\mathrm { EER } \\) (Energy Efficiency Ratio)은 단위 시간당 압축기의 냉동 능력에 소요되는 소비 입력의 비율로 정의 된다. 일반적으로 압축기의 냉동 능력은 칼로리미터를 이용하여 측정하고, 압축기의 소비 전력은 전력계를 이용하여 측정한다.",
                        "clue_start": "3",
                        "clue_end": "188"
                    },
                    {
                        "clue_text": "표 1 에서 기계각으로 3도의 오차를 가지는 착자 불량 압축기의 경우 정상 착자 압축기에 비해 \\( \\mathrm { EER } \\) 단위로 효율이 0.03정도 저하되었고, 기계각으로 6 도의 오차를 가지는 경우에는 효율이 \\( 0.15 \\) 정도 저하 되었다.",
                        "clue_start": "314",
                        "clue_end": "460"
                    }
                ],
                "terminology": [
                    {
                        "word": "BLDC"
                    },
                    {
                        "word": "BLDC 전동기"
                    },
                    {
                        "word": "EER"
                    },
                    {
                        "word": "Energy Efficiency"
                    },
                    {
                        "word": "sample"
                    },
                    {
                        "word": "구동용 전동기"
                    },
                    {
                        "word": "권선 착자 공정"
                    },
                    {
                        "word": "기계각"
                    },
                    {
                        "word": "다이어그램"
                    },
                    {
                        "word": "시료"
                    },
                    {
                        "word": "양품"
                    },
                    {
                        "word": "에너지 효율"
                    },
                    {
                        "word": "자속"
                    },
                    {
                        "word": "자속 파형"
                    },
                    {
                        "word": "전동기"
                    },
                    {
                        "word": "전동기 효율"
                    },
                    {
                        "word": "전력계"
                    },
                    {
                        "word": "정렬 오차"
                    },
                    {
                        "word": "정렬 위치"
                    },
                    {
                        "word": "정상 착자"
                    },
                    {
                        "word": "집중권"
                    },
                    {
                        "word": "착자"
                    },
                    {
                        "word": "착자 공정"
                    },
                    {
                        "word": "착자 불량"
                    },
                    {
                        "word": "착자된 형태"
                    },
                    {
                        "word": "칼로리미터"
                    },
                    {
                        "word": "파형"
                    },
                    {
                        "word": "회전자"
                    },
                    {
                        "word": "회전자 자속"
                    },
                    {
                        "word": "회전자 정렬"
                    },
                    {
                        "word": "회전자 표면"
                    }
                ]
            },
            {
                "context_id": "55e-0c9-merge_ed_034b7f4e-57f0d30f-569b-41b9-91c3-e8c6bb46605d_05",
                "context_K-NSCC": {
                    "field": "인공물",
                    "large_category": "ED",
                    "medium_category": "05"
                },
                "context": "<p>착자 불량 진단을 목적으로 구성한 \\( \\mathrm { BLDC } \\) 전동기 드라이브의 구성은 그림 9와 같다. 압축기용 BLDC 전동기는 센서리스 방식으로 구동되므로 강제 정렬과 동기 가속을 통해 회전자를 일정 속도 이상으로 가속한 후에, 그림 10 과 같은 단자 전압 검출 회로를 이용하여 오픈된 상의 단자 전압 파형과 인버터 직류 단 전압을 비교하여 얻은 역기전력의 ZCP 정보를 이용하여 센서리스 제어를 수행하도록 하였다.</p> <p>\\( \\mathrm { BLDC } \\) 전동기가 압축기에 탑재된 상태에서 구동되므로 저속에서는 압축기의 주기적 부하 변동에 의한 속도 변동으로 인하여 역기전력의 ZCP 발생 간격도 변화하게 된다. 따라서 압축기가 저속으로 운전될 때 에는 본 논문에서 제안한 역기전력 ZCP 발생 간격 정보를 이용한 착자 불량 진단에 어려움이 따른다. 압축기의 주기적 부하 변동의 영향은 압축기가 고속으로 회전할수록 줄어들게 된다. 본 논문에서 사용한 압축기의 경우 \\( 3,000 \\mathrm { rpm } \\) 이상의 속도로 운전할 때 부하 변동에 의한 전동기의 순시 속도 변동이 무시할 만큼 작은 값을 가지므로, 압축기를 \\( 3,000 \\mathrm { rpm } \\) 으로 운전하는 상태에서 착자 불량을 진단하도록 하였다.</p> <p>회전자 정렬의 틀어짐으로 인한 착자 불량 \\( \\mathrm { BLDC } \\) 전동기의 경우 회전 속도가 일정한 경우에도 역기전력 의 ZCP 발생 간격이 일정치 않고 주기적으로 변화함을 앞에서 밝힌 바 있다. 역기전력의 ZCP 정보를 이 용한 센서리스 제어 알고리즘의 동작 메커니즘을 고려 할 때, 착자 불량으로 인해 역기전력의 ZCP 발생 간격이 일정치 않은 경우에는 속도 제어기와 역기전력의 \\( \\mathrm { ZCP } \\) 발생 간격 간의 상호 작용으로 인하여 속도 제어기의 출력에 맥동이 포함되어 결과적으로 BLDC 전동기의 속도 응답에 맥동을 야기할 수 있다. 이러한 문제점을 해결하기 위해 본 논문에서는 착자 불량을 진단하는 순간에는 인버터의 PWM 시비율을 일정 값으로 고정함으로써 속도 제어에 의한 역기전력의 \\( \\mathrm { ZCP } \\) 발생 간격 변동을 억제하도록 하였다.</p> <p>압죽기 구동용 \\( \\mathrm { BLDC } \\) 전동기가 \\( 3,000 \\mathrm { rpm } \\) 으로 운전되고 있고, 인버터의 PWM 시비율이 일시적으로 고정된 상태에서 회전자 정렬의 틀어짐으로 인한 착자 불량을 진단하기 위한 기준 값은 다음과 같이 구해진다.</p>",
                "context_length": 1282,
                "clue": [
                    {
                        "clue_text": "압축기용 BLDC 전동기는 센서리스 방식으로 구동되므로 강제 정렬과 동기 가속을 통해 회전자를 일정 속도 이상으로 가속한 후에, 그림 10 과 같은 단자 전압 검출 회로를 이용하여 오픈된 상의 단자 전압 파형과 인버터 직류 단 전압을 비교하여 얻은 역기전력의 ZCP 정보를 이용하여 센서리스 제어를 수행하도록 하였다.",
                        "clue_start": "69",
                        "clue_end": "246"
                    },
                    {
                        "clue_text": "본 논문에서 사용한 압축기의 경우 \\( 3,000 \\mathrm { rpm } \\) 이상의 속도로 운전할 때 부하 변동에 의한 전동기의 순시 속도 변동이 무시할 만큼 작은 값을 가지므로, 압축기를 \\( 3,000 \\mathrm { rpm } \\) 으로 운전하는 상태에서 착자 불량을 진단하도록 하였다.",
                        "clue_start": "487",
                        "clue_end": "655"
                    },
                    {
                        "clue_text": "역기전력의 ZCP 정보를 이 용한 센서리스 제어 알고리즘의 동작 메커니즘을 고려 할 때, 착자 불량으로 인해 역기전력의 ZCP 발생 간격이 일정치 않은 경우에는 속도 제어기와 역기전력의 \\( \\mathrm { ZCP } \\) 발생 간격 간의 상호 작용으로 인하여 속도 제어기의 출력에 맥동이 포함되어 결과적으로 BLDC 전동기의 속도 응답에 맥동을 야기할 수 있다.",
                        "clue_start": "782",
                        "clue_end": "986"
                    },
                    {
                        "clue_text": "이러한 문제점을 해결하기 위해 본 논문에서는 착자 불량을 진단하는 순간에는 인버터의 PWM 시비율을 일정 값으로 고정함으로써 속도 제어에 의한 역기전력의 \\( \\mathrm { ZCP } \\) 발생 간격 변동을 억제하도록 하였다.",
                        "clue_start": "987",
                        "clue_end": "1115"
                    }
                ],
                "terminology": [
                    {
                        "word": "BLDC"
                    },
                    {
                        "word": "BLDC 전동기"
                    },
                    {
                        "word": "PWM"
                    },
                    {
                        "word": "PWM 시비율"
                    },
                    {
                        "word": "ZCP"
                    },
                    {
                        "word": "ZCP 발생 간격"
                    },
                    {
                        "word": "단 전압"
                    },
                    {
                        "word": "단자 전압"
                    },
                    {
                        "word": "동기 가속"
                    },
                    {
                        "word": "동작 메커니즘"
                    },
                    {
                        "word": "맥동"
                    },
                    {
                        "word": "발생 간격"
                    },
                    {
                        "word": "부하 변동"
                    },
                    {
                        "word": "센서리스 방식"
                    },
                    {
                        "word": "센서리스 제어 알고리즘"
                    },
                    {
                        "word": "속도 변동"
                    },
                    {
                        "word": "속도 제어기"
                    },
                    {
                        "word": "순시"
                    },
                    {
                        "word": "시비율"
                    },
                    {
                        "word": "알고리즘"
                    },
                    {
                        "word": "압축기용 BLDC 전동기"
                    },
                    {
                        "word": "역기전력"
                    },
                    {
                        "word": "인버터 직류"
                    },
                    {
                        "word": "전동기"
                    },
                    {
                        "word": "전동기 드라이브"
                    },
                    {
                        "word": "제어기"
                    },
                    {
                        "word": "직류"
                    },
                    {
                        "word": "직류 단"
                    },
                    {
                        "word": "착자"
                    },
                    {
                        "word": "착자 불량"
                    },
                    {
                        "word": "회로"
                    },
                    {
                        "word": "회전자"
                    },
                    {
                        "word": "회전자 정렬"
                    }
                ]
            },
            {
                "context_id": "55e-0c9-merge_ed_034b7f4e-57f0d30f-569b-41b9-91c3-e8c6bb46605d_04",
                "context_K-NSCC": {
                    "field": "인공물",
                    "large_category": "ED",
                    "medium_category": "05"
                },
                "context": "<p>그림 8은 정상 착자(sample 1) 및 착자 불량(sample 2) BLDC 전동기의 역기전력 파형이다. 그림 8 에서 정상 및 착자 불량 BLDC 전동기의 역기전력 실효치는 각각 \\( 106.9 \\mathrm { ~V } \\) 와 \\( 105.2 \\mathrm { ~V } \\)로 그 차이가 아주 작기 때문에 역기전력의 크기로는 착자 불량을 정확하게 알아낼 수 없다. 정상 착자 BLDC 전동기의 경우 역기전력의 ZCP(Zero-Crossing Point) 발생 간격이 비교적 균일한 반면에 착자 불량 \\BLDC 전동기의 경우에는 역기전력 의 ZCP 발생 간격이 균일하지 않다는 것을 확인할 수 있다. 이러한 현상은 착자 공정의 두 번째 착자 공정에서 회전자 정렬의 틀어짐으로 인해 그림 6과 7에 나타난 바와 같이 회전자 자석의 한쪽 끝 단부만 자속량이 줄어들었기 때문에 발생하는 것이다. 역기전력이 정현적인 경우 역기전력의 ZCP 는 고정자 권선을 쇄교하는 영구자석의 자속이 최대인 경우에 해당한다는 것을 고려하면 3 상 권선을 가지는 BLDC 전동기에 sample 2 와 같은 착자 불량의 경우 그림 8과 같이 역기전력의 ZCP 발생 간격이 일정하지 않다는 것을 설명할 수 있다. 압축기용 BLDC 전동기의 경우 일반적 으로 역기전력의 ZCP 간격이 일정하도록 영구자석 형상 및 구조를 설계한다. 또한, 제조 공정에서의 공차가 역기전력 ZCP 간격에 미치는 영향은 매우 작기 때문에 역기전력 ZCP 간격의 불균일 여부로 착자 불량 진단이 가능하다.</p> <p>집중권 (BLDC) 전동기의 권선 착자 공정이 완료된 이후 역기전력 파형이 측정 가능한 속도로 회전자를 회전시키면서 상역기전력의 ZCP 발생 간격이 균일한 가를 검사하면 회전자 정렬의 틀어짐으로 인해 발생하 는 착자 불량을 정확히 진단해 낼 수 있다. 그러나 냉장고 압축기의 경우에는 BLDC 전동기의 일부만 조립된 상태에서 권선 착자 공정을 수행하므로 그림 1에 나타낸 바와 같이 착자 시스템의 회전지그를 이용하여 회전자를 일정 속도 이상으로 회전시키는 데는 문제가 있다. 권선 착자 공정이 완료된 후에는 BLDC 전동기가 압축기에 탑재된 상태에서 인버터를 이용하여 압축기를 구동하는 시험을 진행하게 된다. 본 논문에서는 인버터를 이용하여 압축기를 시운전하는 과정에서 인버터를 이용하여 착자 불량을 진단하는 방식을 사용하였다.</p>",
                "context_length": 1182,
                "clue": [
                    {
                        "clue_text": "집중권 (BLDC) 전동기의 권선 착자 공정이 완료된 이후 역기전력 파형이 측정 가능한 속도로 회전자를 회전시키면서 상역기전력의 ZCP 발생 간격이 균일한 가를 검사하면 회전자 정렬의 틀어짐으로 인해 발생하 는 착자 불량을 정확히 진단해 낼 수 있다.",
                        "clue_start": "771",
                        "clue_end": "911"
                    },
                    {
                        "clue_text": "본 논문에서는 인버터를 이용하여 압축기를 시운전하는 과정에서 인버터를 이용하여 착자 불량을 진단하는 방식을 사용하였다.",
                        "clue_start": "1112",
                        "clue_end": "1178"
                    }
                ],
                "terminology": [
                    {
                        "word": "BLDC"
                    },
                    {
                        "word": "BLDC 전동기"
                    },
                    {
                        "word": "ZCP"
                    },
                    {
                        "word": "ZCP 발생 간격"
                    },
                    {
                        "word": "Zero-Crossing"
                    },
                    {
                        "word": "Zero-Crossing Point"
                    },
                    {
                        "word": "sample"
                    },
                    {
                        "word": "고정자"
                    },
                    {
                        "word": "고정자 권선"
                    },
                    {
                        "word": "공차"
                    },
                    {
                        "word": "권선 착자 공정"
                    },
                    {
                        "word": "발생 간격"
                    },
                    {
                        "word": "상 권선"
                    },
                    {
                        "word": "상역기전력"
                    },
                    {
                        "word": "쇄교"
                    },
                    {
                        "word": "실효치"
                    },
                    {
                        "word": "압축기용 BLDC 전동기"
                    },
                    {
                        "word": "역기전력"
                    },
                    {
                        "word": "역기전력 실효치"
                    },
                    {
                        "word": "역기전력 파형"
                    },
                    {
                        "word": "영구자석의 자속"
                    },
                    {
                        "word": "자속"
                    },
                    {
                        "word": "자속량"
                    },
                    {
                        "word": "전동기"
                    },
                    {
                        "word": "정상 착자"
                    },
                    {
                        "word": "정현적인"
                    },
                    {
                        "word": "집중권"
                    },
                    {
                        "word": "착자"
                    },
                    {
                        "word": "착자 공정"
                    },
                    {
                        "word": "착자 불량"
                    },
                    {
                        "word": "착자 시스템"
                    },
                    {
                        "word": "파형"
                    },
                    {
                        "word": "회전자"
                    },
                    {
                        "word": "회전자 자석"
                    },
                    {
                        "word": "회전자 정렬"
                    },
                    {
                        "word": "회전지그"
                    }
                ]
            },
            {
                "context_id": "55e-0c9-merge_ed_034b7f4e-57f0d30f-569b-41b9-91c3-e8c6bb46605d_00",
                "context_K-NSCC": {
                    "field": "인공물",
                    "large_category": "ED",
                    "medium_category": "05"
                },
                "context": "<h1>요약</h1> <p>본 논문에서는 집중권 BLDC 전동기의 권선 착자 공정에서 발생하는 착자 불량을 진단할 수 있는 새로운 방법을 제안한다. 착자 불량 모델을 이용한 컴퓨터 시뮬레이션과 압축기를 이용한 효율 시험을 통해 권선 착자 불량이 BLDC 전동기의 에너지 효율 저감을 야기할 수 있음을 입증하였다. 제안된 방식은 착자 공정이 완료된 후에 BLDC 전동기를 구동하는 시험 과정에서 인버터를 이용하여 권선 착자 불량을 진단한다. 압축기용 BLDC 전동기에 대한 실험을 통해 권선 착자 불량을 높은 감도로 찾아낼 수 있음을 보인다.</p> <h1>1. 서 론</h1> <p>압축기는 냉장고 및 에어컨 등에서 냉매 압축을 담당하는 부품으로 시스템의 효율에 직접적으로 영향을 준다. 근래 에너지 효율에 대한 관심이 증가하면서 고효율 \\( \\mathrm { BLDC } \\) 전동기를 탑재한 압축기의 적용이 지속적 으로 증가하고 있는 추세이다. \\( \\mathrm { BLDC } \\) 전동기는 고정자의 권선 방식에 따라 분포권과 집중권 방식으로 분류되는 데, 집중권 방식의 경우 분포권 대비 동손이 적게 발생하고 생산성 및 품질 측면에서 유리하기 때문에 근래 산업계에서 널리 사용되고 있다. 냉장고 압축기 구동용 BLDC 전동기의 경 우 가격이 상대적으로 저렴한 페라이트 재질의 영구자석이 주로 사용되는 데, 생산성 향상을 목적으로 전동기가 조립된 상태에서 고정자의 권선에 착자 전류를 인가하여 영구자석을 자화시키는 권선 착자 방식이 선호된다.<p>집중권 \\( \\mathrm { BLDC } \\) 전동기에서 권선 착자를 통해 회전자의 영구자석을 착자하기 위해서는 회전자의 정렬 위치를 바꾸어 가면서 2 번의 착자 공정을 거쳐야 한다. 첫 번째 착자 공정에서는 회전자의 영구자석이 착자되지 않은 상태이므로 착자 순간에 회전자에 외력이 작용하지 않는다. 그러나, 두 번째 착자 공정에서는 착자 전류에 의한 자계와 첫 번째 공정을 통해 일부 착자된 영구자석 자계 간의 상호 작용으로 인하여 착자 순간에 회전자에 큰 진동이 발생하게 되고, 이로 인해 회전자 정렬이 틀어지는 현상이 발생한다. 이때 회전자 정렬이 틀어지는 정도가 심하면 영구자석이 균일하게 착자되지 못하는 착자 불량이 발생한다. 이러한 문제점을 해결하기 위해서는 권선 착자 시스템에서 회전자를 회전시켜 특정 위치로 정렬시키는 회전 지그의 고정력을 증가시켜야 하는 데, 압축기 및 권선 착자 시 스템의 구조적인 문제 및 생산성을 고려할 때 회전 지그의 고정력을 증가시키는 데는 한계가 있다. 따라서 권선 착자 공정이 완료된 후에 검사를 통해서 착자 불량을 진단하는 방법이 일반적으로 사용되고 있다.</p>",
                "context_length": 1324,
                "clue": [
                    {
                        "clue_text": "본 논문에서는 집중권 BLDC 전동기의 권선 착자 공정에서 발생하는 착자 불량을 진단할 수 있는 새로운 방법을 제안한다.",
                        "clue_start": "15",
                        "clue_end": "82"
                    },
                    {
                        "clue_text": "압축기는 냉장고 및 에어컨 등에서 냉매 압축을 담당하는 부품으로 시스템의 효율에 직접적으로 영향을 준다.",
                        "clue_start": "326",
                        "clue_end": "384"
                    },
                    {
                        "clue_text": "그러나, 두 번째 착자 공정에서는 착자 전류에 의한 자계와 첫 번째 공정을 통해 일부 착자된 영구자석 자계 간의 상호 작용으로 인하여 착자 순간에 회전자에 큰 진동이 발생하게 되고, 이로 인해 회전자 정렬이 틀어지는 현상이 발생한다.",
                        "clue_start": "927",
                        "clue_end": "1057"
                    },
                    {
                        "clue_text": "이러한 문제점을 해결하기 위해서는 권선 착자 시스템에서 회전자를 회전시켜 특정 위치로 정렬시키는 회전 지그의 고정력을 증가시켜야 하는 데, 압축기 및 권선 착자 시 스템의 구조적인 문제 및 생산성을 고려할 때 회전 지그의 고정력을 증가시키는 데는 한계가 있다.",
                        "clue_start": "1115",
                        "clue_end": "1260"
                    }
                ],
                "terminology": [
                    {
                        "word": "BLDC"
                    },
                    {
                        "word": "BLDC 전동기"
                    },
                    {
                        "word": "고정력"
                    },
                    {
                        "word": "고정자"
                    },
                    {
                        "word": "구동용 BLDC"
                    },
                    {
                        "word": "권선 방식"
                    },
                    {
                        "word": "권선 착자 공정"
                    },
                    {
                        "word": "동손"
                    },
                    {
                        "word": "분포권"
                    },
                    {
                        "word": "압축기용 BLDC 전동기"
                    },
                    {
                        "word": "에너지 효율"
                    },
                    {
                        "word": "자계"
                    },
                    {
                        "word": "전동기"
                    },
                    {
                        "word": "전류"
                    },
                    {
                        "word": "정렬 위치"
                    },
                    {
                        "word": "지그"
                    },
                    {
                        "word": "집중권"
                    },
                    {
                        "word": "집중권 BLDC 전동기"
                    },
                    {
                        "word": "집중권 방식"
                    },
                    {
                        "word": "착자"
                    },
                    {
                        "word": "착자 공정"
                    },
                    {
                        "word": "착자 불량"
                    },
                    {
                        "word": "착자 시스템"
                    },
                    {
                        "word": "착자 전류"
                    },
                    {
                        "word": "페라이트"
                    },
                    {
                        "word": "페라이트 재질"
                    },
                    {
                        "word": "회전 지그"
                    },
                    {
                        "word": "회전자"
                    },
                    {
                        "word": "회전자 정렬"
                    }
                ]
            }
        ]
    }
}