{
    "dataset_info": {
        "identifier": "02-031-002-NL",
        "name": "기술과학 문서 요약 데이터",
        "category": "자연어",
        "last_updated": "2023-08-30"
    },
    "dataset": {
        "doc_id": "034b7f4e-1ed7251f-ee8a-41a1-8497-aa9ef8a27462",
        "doc_type": "논문",
        "doc_title": {
            "kor": "비선형부하에 의해 발생하는 고조파 보상을 위한 독립형 또는 계통연계형 인버터 제어기 설계",
            "eng": ""
        },
        "doc_category": {
            "KDC": "560.5",
            "DDC": ""
        },
        "doc_number": {
            "ISSN": "1229-2214",
            "ISBN": "",
            "DOI": "",
            "UCI": ""
        },
        "doc_year": "2017",
        "doc_author": [
            "신찬호",
            "임경배",
            "Simatupang Desmon Petrus",
            "최재호"
        ],
        "doc_publisher": "전력전자학회",
        "doc_license": "CC BY-NC",
        "context_info": [
            {
                "context_id": "55e-0c9-3a8eb87d-e63a-4be5-bbed-94efd920abfa",
                "context_K-NSCC": {
                    "field": "인공물",
                    "large_category": "ED",
                    "medium_category": "04"
                },
                "context": "<h1>1. 서 론</h1> <p>일반적으로 마이크로그리드는 신재생에너지전원 및 에너지저장장치를 포함하는 분산전원들이 배전계통에 도입되고 이들의 적절한 제어를 통해 배전계통과 연계혹은 독립운전이 가능한 전력공급시스템으로 정의한다. 마이크로그리드는 기존의 전력계통과 연결되어있는 계통연계형 마이크로그리드와 도서 지역과 같이 계통공급이 불가능한 지역에 독립적으로 운용할 수 있는 독립형 마이크리드로 구분된다. 계통과 연결된 스위치가 \\(\\mathrm{OFF} \\) 일 때는 독립운전모드로 동작한다. 독립운전모드에서 분산발전 기반의 인버터는 계통연계 없이 전체 지역적 부하의 수요를 담당해야 하기 때문에 전압원 으로 정의된다. 그러므로 출력전압을 원하는 전압으로 유지시켜주기 위한 전압제어가 필수적이고 전압제어에 대한 많은 연구가 진행되었다.</p> <p>독립운전모드로 동작하다가 계통 복전시 계통과 연결된 스위치가 \\( \\mathrm{ON} \\) 되었을 때 계통과 연계되어 계통연계모드로 동작한다. 계통연계모드에서는 분산발전 기반의 인버터가 계통에 대해서 전류원 또는 보조 전력원으로 정의된다. 독립운전모드에서 비선형부하에 의한 전압왜곡 현상이 발생하는데 이 문제해결을 위한 연구가 진행되었다. 계통연계모드에서는 비선형부하에 의한 전류고조파 주입으로 계통전류의 왜곡이 발생하므로 이에 대한 해결방안이 필요하다.</p> <p>고조파 전류를 보상하기 위해 수동필터와 능동필터에 대한 연구가 많이 진행되었다. 수동필터는 고조파 전류를 바이패스 하기 위해 \\( \\mathrm{L} \\)과 \\( \\mathrm{C} \\)를 직렬로 조합하여 특정 차수에 대하여 낮은 임피던스를 만들어 주는 방식이다. 하지만 각 차수의 주파수마다 설치해야 하는 불편함이 있고 과부하에 의한 과열 및 소손의 우려가 있다. 능동필터는 보상하고자 하는 부하에 병렬로 접속되어 전류센서를 사용해서 부하전류를 검출하고 전류제어기를 통해 고조파를 보상하는 방식을 사용한다. 능동필터는 수동필터에 비해 상대적으로 우수한 성능을 발휘하지만 비용적인 문제점이 발생하게 된다.</p> <p>수동필터나 능동필터와 같은 부가적인 장치를 사용하지 않고 분산발전 기반의 인버터의 적절한 제어를 통해서 고조파를 보상하는 방식에 대한 연구가 진행되었다. 이와 같은 방식은 기즌의 분산발전 시스템이 계통이나 부하로 전력을 공급하는 방식에 고조파 보상 기능이 추가된 형태를 말한다.</p> <p>고조파 전류를 보상하기 위해서는 부하의 전류 고조파를 정확히 검춛하여 적용하는 것이 중요하고 그렇기 때문에 고조파 검출 방법이 많이 연구되었다. 예를 들면 푸리에변환 기반의 검출 방식, 순시 유효 및 무효전력을 이용한 검출 방식, 일반적인 2차 적분기를 이용한 검출 방식 등이 존재한다. 하지만 이런 방식들은 제어기의 연산을 증가시키는 단점을 가지고 있다.</p> <p>그 대안으로 고조파 검출이 없는 방법이 제안되었다. 부하전류를 검출하지 않고 계통전류를 직접 정현파로 제어하는 방식이다. 하지만 이 방법은 부하전류가 전류제어루프에서 왜란으로 작용해 시스템의 안정성에 영향을 미칠 수 있는 단점이 있다. 이를 해결하기 위해 최근 하이브리드 전압 및 전류제어 방식이 고조파 검출 없이 비선형부하의 고조파 보상이 가능하도록 제안되었다. 이때 기본파에 대한 전류기준치는 전력 기준치에 의해 계산되어진다. 하지만 PoC (Point of Connection) 전압이 배전 계통의 전력 흐름의 변동에 민감한 것을 고려했을 때 전류 기준치의 오차를 야기시킬 수 있다. 이러한 전류 기준치의 오차는 고조파 보상 기능에 영향을 줄 수 있다.</p> <p>이를 해결하기 위해 기본파와 고조파에 대한 2 개의 제어지령을 갖는 전류제어기가 연구되었다. 제어기는 기본파 전류제어와 비선형부하의 고조파 전류를 보상할 수 있는 고조파 보상 제어기로 구성되었다. 이는 기본파 기준치와 고조파 기준치가 독립적이기 때문에 고조파 기준치가 기본파 기준치의 변동에 영향을 받지 않는 장점이 있다. 하지만 공진제어기 파라미터의 설계부분이 언급되어 있지 않아 다른 시스템에 적용하기 어려움이 존재하는 단점이 있다. \\( \\mathrm{PR} \\) 기반의 제어기 파라미터 설계 부분을 고려하여 고조파를 보상하는 연구가 진행되었다. 하지만 독립운전모드에서만 진행이 되어 계통연계형 인버터에 적용하는 데에는 제한점이 존재 한다.</p> <p>본 논문에서는 독립형 또는 계통연계형 인버터에서 고조파 보상을 위한 \\(\\mathrm{PR} \\) 기반의 제어기 파라미터 설계를 체계적으로 제시하였다. 독립운전모드에서의 전압제어기의 설계를 수행하고 이를 기반으로 계통연계운전모드에서의 전류제어기를 설계하여 각각의 파라미터의 변화에 따른 특성을 분석하여 구체적인 게인 값 설정을 수행한다. 설계된 파라미터를 이용하여 독립운전모드와 계통연계운전 모드에서 비선형부하에서 발생하는 고조파보상기능을 수행하고 제어성능을 PSiM 시뮬레이션과 실험을 통하여 검증하였다.</p>",
                "context_length": 2431,
                "clue": [
                    {
                        "clue_text": "일반적으로 마이크로그리드는 신재생에너지전원 및 에너지저장장치를 포함하는 분산전원들이 배전계통에 도입되고 이들의 적절한 제어를 통해 배전계통과 연계혹은 독립운전이 가능한 전력공급시스템으로 정의한다.",
                        "clue_start": "19",
                        "clue_end": "128"
                    },
                    {
                        "clue_text": "독립운전모드에서 비선형부하에 의한 전압왜곡 현상이 발생하는데 이 문제해결을 위한 연구가 진행되었다.",
                        "clue_start": "555",
                        "clue_end": "610"
                    },
                    {
                        "clue_text": "본 논문에서는 독립형 또는 계통연계형 인버터에서 고조파 보상을 위한 \\(\\mathrm{PR} \\) 기반의 제어기 파라미터 설계를 체계적으로 제시하였다.",
                        "clue_start": "2144",
                        "clue_end": "2228"
                    },
                    {
                        "clue_text": "독립운전모드에서의 전압제어기의 설계를 수행하고 이를 기반으로 계통연계운전모드에서의 전류제어기를 설계하여 각각의 파라미터의 변화에 따른 특성을 분석하여 구체적인 게인 값 설정을 수행한다.",
                        "clue_start": "2229",
                        "clue_end": "2332"
                    },
                    {
                        "clue_text": "설계된 파라미터를 이용하여 독립운전모드와 계통연계운전 모드에서 비선형부하에서 발생하는 고조파보상기능을 수행하고 제어성능을 PSiM 시뮬레이션과 실험을 통하여 검증하였다.",
                        "clue_start": "2333",
                        "clue_end": "2427"
                    }
                ],
                "terminology": [
                    {
                        "word": "Connection"
                    },
                    {
                        "word": "PSiM"
                    },
                    {
                        "word": "PoC"
                    },
                    {
                        "word": "게인"
                    },
                    {
                        "word": "게인 값"
                    },
                    {
                        "word": "계통연계"
                    },
                    {
                        "word": "계통연계모드"
                    },
                    {
                        "word": "계통연계운전"
                    },
                    {
                        "word": "계통연계운전모드"
                    },
                    {
                        "word": "계통연계형"
                    },
                    {
                        "word": "계통연계형 인버터"
                    },
                    {
                        "word": "계통전류"
                    },
                    {
                        "word": "고조파"
                    },
                    {
                        "word": "고조파 검출"
                    },
                    {
                        "word": "고조파 보상"
                    },
                    {
                        "word": "고조파 전류"
                    },
                    {
                        "word": "공진제어기"
                    },
                    {
                        "word": "능동필터"
                    },
                    {
                        "word": "독립운전"
                    },
                    {
                        "word": "독립운전모드"
                    },
                    {
                        "word": "마이크로그리드"
                    },
                    {
                        "word": "무효전력"
                    },
                    {
                        "word": "바이패스"
                    },
                    {
                        "word": "배전계통"
                    },
                    {
                        "word": "보상 제어기"
                    },
                    {
                        "word": "부가적인"
                    },
                    {
                        "word": "부하전류"
                    },
                    {
                        "word": "분산발전"
                    },
                    {
                        "word": "분산발전 시스템"
                    },
                    {
                        "word": "비선형부하"
                    },
                    {
                        "word": "소손"
                    },
                    {
                        "word": "수동필터"
                    },
                    {
                        "word": "순시"
                    },
                    {
                        "word": "순시 유효 및 무효전력"
                    },
                    {
                        "word": "스위치"
                    },
                    {
                        "word": "신재생에너지전원"
                    },
                    {
                        "word": "에너지저장장치"
                    },
                    {
                        "word": "왜란"
                    },
                    {
                        "word": "임피던스"
                    },
                    {
                        "word": "적분기"
                    },
                    {
                        "word": "전력원"
                    },
                    {
                        "word": "전류"
                    },
                    {
                        "word": "전류고조파"
                    },
                    {
                        "word": "전류기준치"
                    },
                    {
                        "word": "전류센서"
                    },
                    {
                        "word": "전류제어 방식"
                    },
                    {
                        "word": "전류제어루프"
                    },
                    {
                        "word": "전압왜곡"
                    },
                    {
                        "word": "전압원"
                    },
                    {
                        "word": "전압제어"
                    },
                    {
                        "word": "정현파"
                    },
                    {
                        "word": "제어기"
                    },
                    {
                        "word": "제어기 파라미터"
                    },
                    {
                        "word": "제어지령"
                    },
                    {
                        "word": "직렬"
                    },
                    {
                        "word": "출력전압"
                    },
                    {
                        "word": "파라미터"
                    },
                    {
                        "word": "푸리에변환"
                    },
                    {
                        "word": "하이브리드 전압"
                    }
                ]
            },
            {
                "context_id": "55e-0c9-667a5da5-4826-497a-ad84-e7f1d04bf679",
                "context_K-NSCC": {
                    "field": "인공물",
                    "large_category": "ED",
                    "medium_category": "99"
                },
                "context": "<h1>3. 계동연계형 인버터 제어기 설계</h1> <p>계통연계형 인버터에서는 인버터가 계통과 연계되어 부하에 전력을 공급하기도 하고 계통으로 전력을 공급하기도 한다. 독립운전모드에서는 인버터가 지역적 부하를 모두 담당하는 전압원으로 정의되었다면 계통연계모드에서 인버터는 전류원으로 정의된다. 따라서 전류제어를 통해 계통전류를 제어하도록 하도록 앞에서 설계했던 전압제어기를 포함하는 전류제어기를 고려하였다. 그림 12는 제어기가 포함된 계통연계형 인버터 회로도를 나타낸다. 독립운전모드에서 설계된 제어기를 기반으로 외부 전류제어기를 추가하여 구성하였다. 외부 전류제어기는 \\( \\mathrm{PR} \\) 기반의 제어기를 사용하여 기본파에 대한 제어</p> <p>\\( G_{c}(s)=\\left(K_{p i}+\\frac{K_{i i} \\omega_{c u t} s}{s^{2}+2 \\omega_{c u t} s+\\omega_{0}^{2}}\\right) \\frac{s^{2} K_{p} K_{c}+s\\left(K_{p} K_{c} a+K_{i} K_{c}\\right)+K_{p} K_{c} b}{s^{4} L C+s^{3}\\left(K_{c} C+a L C\\right)+s^{2}\\left(a K_{c} C+b L C+1\\right)+s\\left(a+b K_{c} C\\right)+b}\\left(\\frac{1}{s L_{2}}\\right) \\)<caption>(5)</caption></p> <p>를 담당하게 되고 고조파 보상은 제어기 대역폭이 상대적으로 큰 전압제어기에 적용하였다. 제어기 전달함수는 식 (4)에서 구한 전압제어기 전달함수에 전류제어기와 필터 리액터가 추가된 형태로 식 (5)의 형태로 나타낸다. 그림 13은 전체 시스템 제어 블록다이어그램을 나타낸다. 앞서 설계된 전압제어기에 외부에 전류제어기가 추가된 형태로 구성되어 있다.</p> <p>그림 14는 외부 전류제어기의 게인 값을 \\( 0.5 \\ 에서 2까지 변화시키면서 전체 전류제어기의 개방회로 전달함수</p> <p>특성을 비교하였다. 전류 제어기의 이득이 커지면 커질수록 제어기 대역폭이 커지고 위상여유도 증가하는 것을 확인할 수 있다. 하지만 이득을 너무 크게 가져가면 내부 전압제어기와의 대역폭에 대한 여유가 부족해지기 때문에 제어기 대역폭과 위상여유 두 가지를 고려하여 외부 전류제어기 이득을 2로 선정하였다. 외부 전류제어기의 공진이득의 변화에 따른 전달함수 보데 선도 특성도 확인하였는데, 외부 전류제어기에 고조파 보상이 포함되지 않기 때문에 기본파 제어에만 영향을 주게 된다. 고조파 보상은 앞에서 확인한 것처럼 내부 전압제어기에 적용된다. 따라서 외부 전류제어기의 공진이득은 오직 기본파에 대해서만 적용되고 1에서 100까지 비교해보았을 때 값이 커지면 커질수록 기본퐈에 대한 크기는 커지지만 위상여유가 점점 작아지는 경향을 보이게 된다. 따라서 기본파에 대한 크기와 위상여유를 고려하여 외부전류제어기의 공진이득은 100으로 선정하였다. 그림 15는 앞에서 설계된 이득을 식 (5)에 적용하여 폐루프전달함수를 보데선도로 나타내었다. 보상해야할 5차, 7차 주파수대역 보다 제어기 대역폭이 크게 설계된 것을 확인할 수 있고 이를 통해 계통연계형 인버터에서 비선형부하에 의해 발생하는 5 차, 7 차 고조파에 대한 보상을 시뮬레이션 및 실험으로 검증하였다.</p>",
                "context_length": 1649,
                "clue": [
                    {
                        "clue_text": "계통연계형 인버터에서는 인버터가 계통과 연계되어 부하에 전력을 공급하기도 하고 계통으로 전력을 공급하기도 한다.",
                        "clue_start": "32",
                        "clue_end": "94"
                    },
                    {
                        "clue_text": "독립운전모드에서는 인버터가 지역적 부하를 모두 담당하는 전압원으로 정의되었다면 계통연계모드에서 인버터는 전류원으로 정의된다.",
                        "clue_start": "95",
                        "clue_end": "164"
                    },
                    {
                        "clue_text": "전류 제어기의 이득이 커지면 커질수록 제어기 대역폭이 커지고 위상여유도 증가하는 것을 확인할 수 있다.",
                        "clue_start": "1012",
                        "clue_end": "1069"
                    },
                    {
                        "clue_text": "외부 전류제어기의 공진이득의 변화에 따른 전달함수 보데 선도 특성도 확인하였는데, 외부 전류제어기에 고조파 보상이 포함되지 않기 때문에 기본파 제어에만 영향을 주게 된다.",
                        "clue_start": "1170",
                        "clue_end": "1265"
                    },
                    {
                        "clue_text": "보상해야할 5차, 7차 주파수대역 보다 제어기 대역폭이 크게 설계된 것을 확인할 수 있고 이를 통해 계통연계형 인버터에서 비선형부하에 의해 발생하는 5 차, 7 차 고조파에 대한 보상을 시뮬레이션 및 실험으로 검증하였다.",
                        "clue_start": "1522",
                        "clue_end": "1645"
                    }
                ],
                "terminology": [
                    {
                        "word": "개방회로"
                    },
                    {
                        "word": "게인"
                    },
                    {
                        "word": "게인 값"
                    },
                    {
                        "word": "계통연계모드"
                    },
                    {
                        "word": "계통연계형"
                    },
                    {
                        "word": "계통연계형 인버터"
                    },
                    {
                        "word": "계통전류"
                    },
                    {
                        "word": "고조파"
                    },
                    {
                        "word": "고조파 보상"
                    },
                    {
                        "word": "공진이득"
                    },
                    {
                        "word": "대역폭"
                    },
                    {
                        "word": "독립운전모드"
                    },
                    {
                        "word": "리액터"
                    },
                    {
                        "word": "보데"
                    },
                    {
                        "word": "보데선도"
                    },
                    {
                        "word": "블록다이어그램"
                    },
                    {
                        "word": "비선형부하"
                    },
                    {
                        "word": "선도 특성도"
                    },
                    {
                        "word": "시뮬레이션"
                    },
                    {
                        "word": "위상여유"
                    },
                    {
                        "word": "인버터 제어기"
                    },
                    {
                        "word": "인버터 회로도"
                    },
                    {
                        "word": "전달함수"
                    },
                    {
                        "word": "전류"
                    },
                    {
                        "word": "전류제어기 이득"
                    },
                    {
                        "word": "전압원"
                    },
                    {
                        "word": "제어 블록다이어그램"
                    },
                    {
                        "word": "제어기"
                    },
                    {
                        "word": "제어기 대역폭"
                    },
                    {
                        "word": "제어기 전달함수"
                    },
                    {
                        "word": "주파수대역"
                    },
                    {
                        "word": "차 고조파"
                    },
                    {
                        "word": "폐루프전달함수"
                    },
                    {
                        "word": "필터 리액터"
                    },
                    {
                        "word": "회로도"
                    }
                ]
            },
            {
                "context_id": "55e-0c9-bd13aedb-3521-4f6f-9283-9aed664504d5",
                "context_K-NSCC": {
                    "field": "인공물",
                    "large_category": "ED",
                    "medium_category": "99"
                },
                "context": "<h3>\\( 2.2.2 ~K_{p}, K_{i} \\) 제어기 게인 값 선정</h3> <p>전압제어기의 대역폭은 주로 비례이득 \\( K_{p} \\)에 의해 결정된다. 따라서 \\( K_{p} \\) 값을 결정할 때 \\( K_{i} \\) 값은 0으로 가정하고 구할 수 있다. 우선 그림 5로부터 전압제어기 전체전달함수를 식 (4)처럼 나타낼 수 있다. 식 (4)는 내부전류제어기를 포함하는 전압제어기의 폐루프 전달함수이다. 식 (4)에서 \\( a \\)는 \\( \\omega_{c u t} \\)을 나태내고 \\( b \\) 는 \\( \\omega_{o}^{2} \\)을 나타낸다.</p> <p>\\( \\frac{V_{o}}{V_{o_{-} r e f}}=\\frac{s^{2} K_{p} K_{c}+s\\left(K_{p} K_{c} a+K_{i} K_{c}\\right)+K_{p} K_{c} b}{\\left\\{\\begin{array}{l}s^{4} L C+s^{3}\\left(K_{c} C+a L C\\right) \\\\ +s^{2}\\left(a K_{c} C+b L C+1\\right)+s\\left(a+b K_{c} C\\right)+b\\end{array}\\right\\}} \\)<caption>(4)</caption></p> <p>식 (4)의 특성방정식을 이용하여 그림 7처럼 \\( K_{p} \\)의 근궤적을 구할 수 있다. 그림 7에서 감쇠비가 1인 경우 \\( K_{p} \\) 값은 매우 작다. 하지만 \\( K_{p} \\) 값이 너무 작으면 제어기대역폭이 작아지고 높은 주파수 대역에서의 이득 값이 작아지기 때문에 무조건 낮은 값으로 설계하기 어려운 부분이 존재한다. 그렇기 때문에 감쇠비가 약 \\( 0.707 \\)인 부분에서의 \\( K_{p} \\) 값을 선정하였다. 그림 6에서 보여진 것처럼 \\( K_{p} \\) 값이 \\( 0.042 \\) 에 근접할수록 시스템 안정성과 위상여유가 증가하는 것을 알 수 있다. 따라서 본 논문에서는 적절한 \\( K_{p} \\) 값을 \\( 0.042 \\)로 선정하였다.</p> <p>그림 8과 9는 \\( K_{p} \\)가 0과 \\( 0.042 \\)인 경우에 대한 \\( K_{i} \\)의 근궤적을 나타내었다. 그림 8에서 \\( K_{i} \\) 값이 28.1에서 \\( 38.8 \\) 사이일 때 시스템 진동이 제거되는 것을 알 수 있다. 본논문에서는 \\( K_{i} \\) 값을 30으로 선택하였다. 적절한 \\( K_{i} \\) 값을 선정했는지 확인하기 위해서 그림 9에서 보인 것처럼 \\( K_{p} \\) 값을 추가하여 근궤적을 확인하였다. 그림 9에서 \\( K_{i} \\) 값이 0에서 \\( 38.8 \\)까지 변화하는 구간에서 감쇠비를 확인해보았을 때 약 \\( 0.707 \\)로 나타났다. 이것으로 \\( K_{p} \\)는 시스템 과도특성에 영향을 미치는 것을 다시 확인하였다.</p> <p>그림 10은 고조파 보상이 포함된 전압제어기 개방회로 전달함수에 대한 보데선도를 나타낸다. 5차, 7차 공진 게인 값의 변화에 따라서 비교하였다. 5차, 7차 공진이득을 \\( 80,160,240 \\)세 가지로 비교해 보았을 때 이득 값이 커지면 커질수록 위상여유가 작아져 시스템이 불안정해지는 것을 알 수 있다. 따라서 5차, 7차 공진이득이 80인 경우에 가장 시스템이 안정하다고 볼 수 있다. 하지만 공진이득이 낮아지면 낮아질수록 고조파 보상 성능이 줄어드는 문제점이 발생한다. 본 논문에서는 시스템 안정성과 고조파 보상성능 en 가지를 모두 적절하게 고려하여 5차, 7차 공진이득을 80으로 선정하였다.</p> <p>그림 11은 내부 전류제어기 이득의 변화에 따라서 고조파 보상이 포함된 전압 제어기의 보데선도를 보여준다. 전류제어기 이득이 1인 경우 \\( \\mathrm{LC} \\) 필터 공진에 의한 영향이 존재함을 확인할 수 있다. 앞에서 구했던 전류제어기 이득이 23 이상일 때 \\( \\mathrm{LC} \\) 공진이 제거됨을 알 수 있다. 하지만 전류제어기 이득이 너무 크게 되면 그림 11에 보이듯이 위상여유가 점점 줄어들게 되고 제어기대역폭이 커지게 되어 스위칭 주파수에 대한 여유가 줄어들게 된다. 따라서 LC 공진을 고려하고 시스템 안정성을 고려하여 적절한 전류제어기 이득을 확인하였고 각각 다른 전류제어기 이득을 비교함으로써 전류제어기이득 값을 23으로 선정하였다.</p>",
                "context_length": 2122,
                "clue": [
                    {
                        "clue_text": "전압제어기의 대역폭은 주로 비례이득 \\( K_{p} \\)에 의해 결정된다.",
                        "clue_start": "50",
                        "clue_end": "91"
                    },
                    {
                        "clue_text": "식 (4)는 내부전류제어기를 포함하는 전압제어기의 폐루프 전달함수이다.",
                        "clue_start": "193",
                        "clue_end": "232"
                    },
                    {
                        "clue_text": "하지만 \\( K_{p} \\) 값이 너무 작으면 제어기대역폭이 작아지고 높은 주파수 대역에서의 이득 값이 작아지기 때문에 무조건 낮은 값으로 설계하기 어려운 부분이 존재한다.",
                        "clue_start": "712",
                        "clue_end": "808"
                    },
                    {
                        "clue_text": "5차, 7차 공진이득을 \\( 80,160,240 \\)세 가지로 비교해 보았을 때 이득 값이 커지면 커질수록 위상여유가 작아져 시스템이 불안정해지는 것을 알 수 있다.",
                        "clue_start": "1480",
                        "clue_end": "1572"
                    },
                    {
                        "clue_text": "본 논문에서는 시스템 안정성과 고조파 보상성능 en 가지를 모두 적절하게 고려하여 5차, 7차 공진이득을 80으로 선정하였다.",
                        "clue_start": "1668",
                        "clue_end": "1738"
                    }
                ],
                "terminology": [
                    {
                        "word": "LC"
                    },
                    {
                        "word": "LC 공진"
                    },
                    {
                        "word": "en"
                    },
                    {
                        "word": "감쇠비"
                    },
                    {
                        "word": "개방회로"
                    },
                    {
                        "word": "게인"
                    },
                    {
                        "word": "게인 값"
                    },
                    {
                        "word": "고조파"
                    },
                    {
                        "word": "고조파 보상"
                    },
                    {
                        "word": "공진이득"
                    },
                    {
                        "word": "근궤적"
                    },
                    {
                        "word": "내부 전류제어기"
                    },
                    {
                        "word": "대역폭"
                    },
                    {
                        "word": "보데선도"
                    },
                    {
                        "word": "보상성능"
                    },
                    {
                        "word": "스위칭"
                    },
                    {
                        "word": "스위칭 주파수"
                    },
                    {
                        "word": "위상여유"
                    },
                    {
                        "word": "전달함수"
                    },
                    {
                        "word": "전류제어기 이득"
                    },
                    {
                        "word": "전압 제어기"
                    },
                    {
                        "word": "제어기"
                    },
                    {
                        "word": "주파수"
                    },
                    {
                        "word": "주파수 대역"
                    },
                    {
                        "word": "특성방정식"
                    },
                    {
                        "word": "폐루프"
                    },
                    {
                        "word": "폐루프 전달함수"
                    },
                    {
                        "word": "필터 공진"
                    }
                ]
            },
            {
                "context_id": "55e-0c9-merge_2_034b7f4e-1ed7251f-ee8a-41a1-8497-aa9ef8a27462_04",
                "context_K-NSCC": {
                    "field": "인공물",
                    "large_category": "ED",
                    "medium_category": "09"
                },
                "context": "<h1>4. 시뮬레이션</h1> <p>시뮬레이션은 독립운전모드에서의 전압제어와 계통연계모드의 전류제어에 대해서 진행하였다. 표 1 은 시스템과 제어기의 파라미터 값들을 보인다.</p> <p>그림 16은 독립운전모드에서 고조파 보상 이전의 출력전압을 나타내었다. 비선형부하로 인해 출력전압이 왜곡되었고 \\( \\mathrm { THD } \\)는 약 \\( 9 \\% \\)로 나타났다. FFT 분석을 통해서 5차, 7차의 고조파가 존재함을 확인하였다. 이를 보상하기 위해서 고조파 보상 제어기를 추가한 결과를 그림 17을 통해 확인할 수 있는데 보상결과 \\( \\mathrm { THD } \\) 가 약 \\( 3 \\% \\)로 감소하였음을 확인하였다. \\( \\mathrm { FFT } \\) 분석 결과 5차, 7차 고조파의 크기가 매우 감소한것을 확인할 수 있다.</p> <p>인버터가 계통연계형으로 동작할 때 전류제어기의 동작을 확인하기 위한 시뮬레이션을 진행하였다. 그림 18은 선형부하조건에서 계통전류 및 캐패시터 전압을 나타낸다. 선형부하조건이기 때문에 고조파는 포함되지 않고 계통전류가 정현파로 제어되는 것을 먼저 확인하였다. 그림 19는 비선형부하가 연결되었을때 (a)는 보상전 캐패시터 전압, (b)는 부하 전류, (c)는 보상 전 계통전류를 각각 나타낸다. 보상 전 캐패시터 전압의 \\( \\mathrm { THD } \\)는 \\( 1.7 \\% \\)이고 계통 전류 \\( \\mathrm { THD } \\) 는 약 \\( 14 \\% \\)로 측정되었는데 비선형부하의 영향으로 계통전류의 \\( \\mathrm { THD } \\) 가 많이 왜곡되었다. 그림 20은 캐패시터 전압과 계통 전류의 FFT를 나타내었는데, FFT 분석을 통해서 5차, 7차 고조파가 존재하는 것을 확인할 수 있다. 그림 21은 고조파 보상이 포함된 후의 전압 및 전류 파형을 나타내었다. 그림 21 (a)는 보상 후 캐패시터 전압, (b)는 부하 전류, (c)는 보상 후 계통 전류를 각각 나타내었다. 캐패시터 전압과 계통 전류의 \\( \\mathrm { THD } \\)는 \\( 1 \\% \\)와 \\( 3.3 \\% \\)로 측정되었다. 그림 22에 보이듯이 \\( \\mathrm { FFT } \\) 역시 5차 7차 부근에서 크기가 많이 줄어든 것을 확인할 수 있다.</p> <h1>5. 실 험</h1> <p>실험은 시뮬레이션에서 확인했던 내용과 같은 방법으로 진행하였다. 그림 23은 실험 구성을 나타내는데 계통조건은 3상 \\( 220 \\mathrm { ~V } / 60 \\mathrm { ~Hz } \\)를 사용하였다. \\( \\mathrm { DC } \\) link 전압은 \\( 400 \\mathrm { V } \\) 이고 인버터 출력전압은 \\( 190 \\mathrm { V } \\)이다. \\( \\mathrm { Y } - \\mathrm { Y } \\) 변압기를 사용하여 계통과 연계하였다. 계통과 인버터가 연결되는 지점의 절환 스위치를 \\( \\mathrm { ON } / \\mathrm { OFF } \\) 하면서 독립운전모드와 계통연계모드에 대한 실험을 진행하였다.</p> <p>전압과 부하전류를 나타내었다. 맨 위의 파형이 기준전압이고 바로 아래의 파형이 실제 출력전압 파형이다. 세 번째 파형은 부하전류를 나타내고 맨 아래 파형이 출력전압에 대한 FFT를 나타낸다. 보상 전 출력전압의 \\( \\mathrm { THD } \\)는 약 \\( 8.5 \\% \\)로 측정되었다. 그림 25는 고조파 보상후 각각의 파형을 나타낸다. 고조파 보상 후에 \\( \\mathrm { THD } \\)가 \\( 3.8 \\% \\)로 향상된 것을 확인할 수 있다. 그림 26은 계통연계모드에서 캐패시터 전압과 계통전류를 나타낸다. 고조파로 인해 계통전류가 많이 왜곡되어 있고 보상 전 \\( \\mathrm { THD } \\)는 캐패시터 전압이 \\( 2 \\% \\), 계통전류가 약 \\( 21 \\% \\)로 측정되었다. 그림 27은 계통전류의 \\( \\mathrm { FFT } \\)를 보여준다. 5차, 7차 고조파가 많이 포함된 것을 확인할 수 있다. 이를 보상하기 위해서 5 차, 7차 고조파 보상 제어기를 추가하여 실험을 진행하였다. 그림 28은 보상 후 캐패시터 전압과 계통전류 파형을 나타낸다. 고조파 보상 후에 \\( \\mathrm { THD } \\)가 캐패시터 전압은 \\( 1.5 \\% \\)로 약간 향상되었고 계통전류는 \\( 10 \\% \\)로 향상됨을 확인할 수 있었다.</p> <h1>6. 결 론</h1> <p>본 논문에서는 독립운전모드와 계통연계모드에서 비선형부하에 의해 발생하는 고조파를 보상하기 위한 인버터 제어기 설계를 제시하였다. 독립운전모드에서 출력전압을 제어하기 위해 \\( \\mathrm { PR } \\) 제어기 기반의 전압제어기를 사용하였다. 외부 전압제어기와 내부 전류제어기로 구성하여 각각의 제어기에 대해 파라미터 값을 근궤적과 전달함수 보데선도를 통해 설계하였다. 계통연계모드에서는 앞서 설계한 전압제어기에 외부 전류제어기를 추가하여 계통전류를 제어하였다. 독립운전모드에서 사용한 제어기를 기반으로 설계하여 독립운전과 계통연계 사이의 전환 과정에서 제어기를 교체하지 않고 사용이 가능하도록 하였다. 시스템 안정성과 과도특성을 고려하여 각각의 제어기의 이득을 선정하였고 비선형부하로 인한 고조파를 해결하기 위한 각각의 공진제어기를 추가하여 고조파를 보상하였다. 위에서 설계된 이득을 적용하여 독립운전모드에서의 전압제어와 계통연계모드에서의 전류제어를 시뮬레이션 및 실험으로 입증하였다.</p>",
                "context_length": 2709,
                "clue": [
                    {
                        "clue_text": "본 논문에서는 독립운전모드와 계통연계모드에서 비선형부하에 의해 발생하는 고조파를 보상하기 위한 인버터 제어기 설계를 제시하였다.",
                        "clue_start": "2207",
                        "clue_end": "2278"
                    },
                    {
                        "clue_text": "독립운전모드에서 출력전압을 제어하기 위해 \\( \\mathrm { PR } \\) 제어기 기반의 전압제어기를 사용하였다.",
                        "clue_start": "2279",
                        "clue_end": "2344"
                    },
                    {
                        "clue_text": "외부 전압제어기와 내부 전류제어기로 구성하여 각각의 제어기에 대해 파라미터 값을 근궤적과 전달함수 보데선도를 통해 설계하였다.",
                        "clue_start": "2345",
                        "clue_end": "2415"
                    },
                    {
                        "clue_text": "계통연계모드에서는 앞서 설계한 전압제어기에 외부 전류제어기를 추가하여 계통전류를 제어하였다.",
                        "clue_start": "2416",
                        "clue_end": "2467"
                    },
                    {
                        "clue_text": "독립운전모드에서 사용한 제어기를 기반으로 설계하여 독립운전과 계통연계 사이의 전환 과정에서 제어기를 교체하지 않고 사용이 가능하도록 하였다.",
                        "clue_start": "2468",
                        "clue_end": "2546"
                    }
                ],
                "terminology": [
                    {
                        "word": "DC"
                    },
                    {
                        "word": "FFT"
                    },
                    {
                        "word": "FFT 분석"
                    },
                    {
                        "word": "PR"
                    },
                    {
                        "word": "THD"
                    },
                    {
                        "word": "계통연계"
                    },
                    {
                        "word": "계통연계모드"
                    },
                    {
                        "word": "계통연계형"
                    },
                    {
                        "word": "계통전류"
                    },
                    {
                        "word": "고조파"
                    },
                    {
                        "word": "고조파 보상"
                    },
                    {
                        "word": "공진제어기"
                    },
                    {
                        "word": "기준전압"
                    },
                    {
                        "word": "내부 전류제어기"
                    },
                    {
                        "word": "독립운전모드"
                    },
                    {
                        "word": "변압기"
                    },
                    {
                        "word": "보데선도"
                    },
                    {
                        "word": "보상 제어기"
                    },
                    {
                        "word": "보상결과"
                    },
                    {
                        "word": "부하전류"
                    },
                    {
                        "word": "비선형부하"
                    },
                    {
                        "word": "스위치"
                    },
                    {
                        "word": "시뮬레이션"
                    },
                    {
                        "word": "인버터 제어기"
                    },
                    {
                        "word": "인버터 출력전압"
                    },
                    {
                        "word": "전달함수"
                    },
                    {
                        "word": "전류"
                    },
                    {
                        "word": "전환"
                    },
                    {
                        "word": "절환"
                    },
                    {
                        "word": "정현파"
                    },
                    {
                        "word": "제어기"
                    },
                    {
                        "word": "제어기의 파라미터"
                    },
                    {
                        "word": "출력전압"
                    },
                    {
                        "word": "캐패시터"
                    },
                    {
                        "word": "캐패시터 전압"
                    },
                    {
                        "word": "파라미터"
                    },
                    {
                        "word": "파형"
                    }
                ]
            },
            {
                "context_id": "55e-0c9-a0c32e7c-316c-477c-b224-5bd0bb37b808",
                "context_K-NSCC": {
                    "field": "인공물",
                    "large_category": "ED",
                    "medium_category": "09"
                },
                "context": "<h1>2. 독립형 인버터 제어기 설계</h1> <p>독립운전모드에서 인버터는 전압 고조파를 보상하기위해 \\(\\mathrm{P}+\\mathrm{MR} \\) (Proportional+Multi Resonant) 제어기를 사용한다. 그림 1은 독립형 인버터에서 \\( \\mathrm{P}+\\mathrm{MR} \\) 제어기 기반의 전압제어 방식을 보인다. 인버터와 LC 필터와 비선형부하로 구성되었고 제어기는 외부 전압제어기와 내부 전류제어기로 구성되었다. 비선형부하로 인해 발생하는 고조파를 보상하기 위해서 5 차, 7 차 고조파보상 제어기를 추가하였고 각각의 제어기에 대한 파라미터를 설계하고 비교함으로써 전압제어기의 성능을 확인한다.</p> <h2>\\( 2.1 \\) 내부 전류제어기 섬계</h2> <p>그림 2 는 내부 전류제어기 블록선도를 나타낸다. \\( K_{c-p} \\)와 \\( K_{P W N} \\)은 전류제어기의 비례이득과 \\( \\mathrm{PWM} \\)이득을 나타낸다. \\( G(s) \\) 는 \\( \\mathrm{LC} \\) 필터의 전달함수를 나타내고 식 (1)처럼 나타낼 수 있다.</p> <p>\\( G(s)=\\frac{I_{L}(s)}{V_{i}(s)}=\\frac{s C}{s^{2} L C+1} \\)<caption>(1)</caption></p> <p>식 (1)을 그림 2에 적용하여 전체 전류제어기의 전달함수를 도출하면 식 (2)로 나타낼 수 있다.</p> <p>\\( \\frac{I_{L}(s)}{I_{L_{-} r e f}(s)}=\\frac{s K_{c_{-} p} K_{P W M} C_{f}}{s^{2} L_{i} C_{f}+s K_{c_{-} p} K_{P W M} C_{f}+1} \\)<caption>(2)</caption></p> <p>그림 3은 앞에서 구했던 식 (2)의 특성방정식에 대한 근궤적을 나타낸다. \\( K_{c-p} \\) 값의 변화에 따라서 근궤적이 나타나게 되고 \\( K_{c-p} \\) 값이 23일 때 시스템 진동특성이 제거되는 것을 확인할 수 있다. 그림 4는 \\( K_{c-p} \\) 값의 변화에 따른 전압제어기의 보데선도를 나타낸다. \\( K_{c-p} \\) 값이 1에서 23까지 변화할 때의 시스템 특성을 살피면 \\( \\mathrm{LC} \\) 공진이 23일 때 거의 제거된 것을 확인할 수 있다. 그림 4에서 보는 것처럼 \\( K_{c-p} \\)이 23 보다 큰 지점에서 시스템 공진이 제거되고 안정적이지만 이득이 크면 클수록 제어기 위상여유가 줄어드는 문제점도 발생하게 된다. 따라서 시스템 공진을 제거하는 부분과 제어기 위상여유 두 가지를 고려하여 \\( K_{c-p} \\) 값을 선정해야 한다. 본 논문에서는 이상의 두 가지를 모두 만족시키도록 \\( K_{c-p} \\) 값을 23으로 선정하였다.</p> <h2>2.2 외부 전압제어기 서계</h2> <h3>\\( 2.2.1 \\) 비려공진 기반 제어기</h3> <p>기존의 많은 연구에서 전압이나 전류를 제어하기 위해 PI (Proportional Integral) 제어기가 일반적으로 사용되어졌다. 그러나 비선형 부하나 불평형 부하에 의한 고조파를 보상하기 위해서 PI 제어기보다 \\( \\mathrm{PR} \\) 제어기를 사용하는 것이 유리하다. 이는 보상하여야할 고조파가 늘어날수록 PI 제어기는 \\( \\mathrm{dq} \\)변환을 통해 각각의 성분에 대한 고조파 보상설계가 개별적으로 구성되어야 하지만, \\( \\mathrm{PR} \\) 제어기를 사용하면 고조파 성분의 제어기를 추가하기만 하면 되므로 PI 제어기 보다 매우 간편하다.PR제어기의 기본 식은 식 (3)처럼 주어진다.</p> <p>\\( H_{P R}=K_{p}+\\frac{K_{i} \\omega_{c u t} s}{s^{2}+2 \\omega_{\\text {cut }} s+w_{o}^{2}} \\)<caption>(3)</caption></p> <p>그림 5는 기본파 성분에 대한 전압제어기의 블록선도를 나타낸다. 제어기는 \\( \\mathrm{PR} \\) 제어기를 사용하였고 \\( K_{p} \\)와 \\( K_{i} \\)는 각각 비례이득과 공진이득을 나타낸다. 전압 기준치와 출력전압의 오차가 \\( \\mathrm{PR} \\) 제어기의 입력이 되고 출력은 전류 기준치가 된다. 전류 기준치는 내부 전류제어기를 거쳐 인덕터에 흐르는 전류의 기준치가 되고 이 전류와 출력전류의 차이만큼 캐패시터에 흐르는 전류가된다. 캐패시터에 흐르는 전류에 캐패시터의 임피던스를 곱해주어 최종적으로 출력전압이 나오게 되고 이 출력전압은 다시 전압제어기의 입력에 궤환되는 형태로 구성되어 있다. 그림 6은 \\( K_{p} \\) 값에 따른 전압제어기 전달함수 보데선도를 나타낸다. \\( K_{p} \\) 값을 \\( 0.01,0.021,0.042 \\)로 증가시키면서 확인하였고 그림에서 보이는 것처럼 \\( K_{p} \\) 값이 시스템 과도특성에 영향을 주는 것을 확인할 수 있다. 따라서 우선적으로 \\( K_{p} \\) 값을 먼저 설계하고 그 이후에 정상상태 오차를 제거하기 위한 \\( K_{i} \\) 값을 설계한다.</p>",
                "context_length": 2501,
                "clue": [
                    {
                        "clue_text": "독립운전모드에서 인버터는 전압 고조파를 보상하기위해 \\(\\mathrm{P}+\\mathrm{MR} \\) (Proportional+Multi Resonant) 제어기를 사용한다.",
                        "clue_start": "30",
                        "clue_end": "127"
                    },
                    {
                        "clue_text": "비선형부하로 인해 발생하는 고조파를 보상하기 위해서 5 차, 7 차 고조파보상 제어기를 추가하였고 각각의 제어기에 대한 파라미터를 설계하고 비교함으로써 전압제어기의 성능을 확인한다.",
                        "clue_start": "252",
                        "clue_end": "353"
                    },
                    {
                        "clue_text": "그림 2 는 내부 전류제어기 블록선도를 나타낸다.",
                        "clue_start": "392",
                        "clue_end": "419"
                    },
                    {
                        "clue_text": "그림 3은 앞에서 구했던 식 (2)의 특성방정식에 대한 근궤적을 나타낸다.",
                        "clue_start": "876",
                        "clue_end": "917"
                    },
                    {
                        "clue_text": "그러나 비선형 부하나 불평형 부하에 의한 고조파를 보상하기 위해서 PI 제어기보다 \\( \\mathrm{PR} \\) 제어기를 사용하는 것이 유리하다.",
                        "clue_start": "1515",
                        "clue_end": "1597"
                    }
                ],
                "terminology": [
                    {
                        "word": "LC"
                    },
                    {
                        "word": "PI"
                    },
                    {
                        "word": "PI 제어기"
                    },
                    {
                        "word": "고조파"
                    },
                    {
                        "word": "고조파 성분"
                    },
                    {
                        "word": "공진이득"
                    },
                    {
                        "word": "과도특성"
                    },
                    {
                        "word": "궤환"
                    },
                    {
                        "word": "근궤적"
                    },
                    {
                        "word": "내부 전류제어기"
                    },
                    {
                        "word": "독립운전모드"
                    },
                    {
                        "word": "독립형 인버터"
                    },
                    {
                        "word": "보데선도"
                    },
                    {
                        "word": "불평형 부하"
                    },
                    {
                        "word": "블록선도"
                    },
                    {
                        "word": "비선형"
                    },
                    {
                        "word": "비선형부하"
                    },
                    {
                        "word": "시스템 공진"
                    },
                    {
                        "word": "외부 전압제어기"
                    },
                    {
                        "word": "위상여유"
                    },
                    {
                        "word": "인덕터"
                    },
                    {
                        "word": "인버터 제어기"
                    },
                    {
                        "word": "임피던스"
                    },
                    {
                        "word": "전달함수"
                    },
                    {
                        "word": "전류"
                    },
                    {
                        "word": "전류 기준치"
                    },
                    {
                        "word": "전압 고조파"
                    },
                    {
                        "word": "전압제어"
                    },
                    {
                        "word": "정상상태 오차"
                    },
                    {
                        "word": "제어기"
                    },
                    {
                        "word": "제어기 위상여유"
                    },
                    {
                        "word": "출력전류"
                    },
                    {
                        "word": "출력전압"
                    },
                    {
                        "word": "캐패시터"
                    },
                    {
                        "word": "특성방정식"
                    },
                    {
                        "word": "파라미터"
                    }
                ]
            }
        ]
    }
}