{
    "dataset_info": {
        "identifier": "02-031-002-NL",
        "name": "기술과학 문서 요약 데이터",
        "category": "자연어",
        "last_updated": "2023-08-30"
    },
    "dataset": {
        "doc_id": "034b7f4e-0f446ad2-b68b-4a60-b580-0bcc442d91c0",
        "doc_type": "논문",
        "doc_title": {
            "kor": "직류링크전압가변에 의한 무전극램프의 조광제어 안정기 개발",
            "eng": ""
        },
        "doc_category": {
            "KDC": "560.5",
            "DDC": ""
        },
        "doc_number": {
            "ISSN": "1229-2214",
            "ISBN": "",
            "DOI": "",
            "UCI": ""
        },
        "doc_year": "2008",
        "doc_author": [
            "장목순",
            "임병로",
            "신동석",
            "이영만",
            "박종연"
        ],
        "doc_publisher": "전력전자학회",
        "doc_license": "CC BY-NC",
        "context_info": [
            {
                "context_id": "55e-0c9-merge_2_034b7f4e-0f446ad2-b68b-4a60-b580-0bcc442d91c0_00",
                "context_K-NSCC": {
                    "field": "인공물",
                    "large_category": "ED",
                    "medium_category": "05"
                },
                "context": "<h1>요 약</h1> <p>본 논문은 무전극램프의 조광제어에 관한 안정기 설계방법을 제안하였다. 주파수 가변을 통한 전력제어는 램프의 등가 임피던스를 나타내는 유도코일간의 결합계수, 플라즈마 저항은 전력에 대한 함수이기 때문에 부적합하다. 따라서 본 논문은 직류링크전압을 가변함으로서 램프 임피던스와 독립적으로 램프의 출력 전력을 제어함으로서 무전극램프를 조광제어 하였다. 직류 링크 전압 가변방법은 벅 컨버터에 의해 제어하였으며, 제안된 설계 방법의 시뮬레이션과 실험 결과를 통하여 논문의 타당함을 증명하였다.</p> <h1>1. 서 론</h1> <p>무전극램프(electrodeless fluorescent lamp, EFL)는 형광등에 비해 수명이 10배 이상이며, 기존 방전등 대비 \\( 35 \\% \\)의 에너지 절전효과가 있다. 또한, 아말감 기술에 의한 친환경적인 장점을 가지고 있어 차세대 산업용 조명으로 수요가 늘어나는 추세이다. 기존의 형광 램프와 다르게 가스가 봉입된 벌브 내부에 전극이 없는 대신 외부에 장치된 페라이트 코어에 의해 고주파 자계가 발생하게 된다. 발생된 고주파 자계는 직각방향의 전자유도전계에 의해 전자 유도형 방전인 H 방전으로 변환된다. 변환된 전계에 의해 내부의 가스가 여기 되어 자외선을 발생하게 되며, 램프 내면에 도장된 형광물질에 의해서 가시광선을 발생시킨다.</p> <p>무전극램프의 모델링 방법은 트랜스포머의 결합계수 \\( ( \\mathrm { k } ) \\), 턴수 비, 플라즈마저항 \\( ( \\mathrm { Rp } ) \\)을 구하여 등가모델링을 한다. 그러나 램프의 출력전력 변화 시에는 트랜스포머의 결합계수 \\( ( \\mathrm { k } ) \\) 값과 플라즈마저항의 값이 변하게되는 것을 고려해야한다. 또한, 램프의 회사에서는 램프의 모델링을 하기 위한 정보를 극히 일부만 제공 하고 있어 램프의 모델링을 하는 것은 매우 어려운 실정이다.</p> <p>무전극램프의 구동회로는 일반적으로 Class-D 인버터를 사용하며, 램프의 구동을 위해서는 임피던스 정합회로가 필요하게 된다. 정합회로는 LC소자에 의한 공진탱크 구조를 사용하며, 이때 램프의 구동을 위해서는 정확한 모델링에 의한 설계가 필요하게 된다. 또한, 램프의 전력을 가변하기 위해서는 주파수 가변 방식과 직류링크전압가변 방식을 사용되어지는 것으로 알려져 있다. 주파수 가변방식의 경우 선형적 조광제어에 부적합한 제어방법이며, 무전극램프의 조광제어 방식으로는 직류링크전압가변 방식이 매우 적합한 특성을 갖는다.</p> <p>본 논문에서는 무전극램프의 광 출력변화에 따른 무전극램프의 모델링을 통하여 직류링크전압가변 시 램프의 계수의 값 변화도 고려하였으며, 직류링크전압과 전력의 관계를 수식적으로 정립하였다. 직류링크전압의 변화에 따른 전력의 변화가 선형적인 관계를 확인 하였으며, 실제 직류링크전압을 가변하는 안정기를 제작하여 이론적 타당성을 증명하였다. 또한, 안정기가 KS C IEC 61000-3-2 Class-C의 기준에 적합한지 실험을 통하여 증명하였다.</p>",
                "context_length": 1509,
                "clue": [
                    {
                        "clue_text": "본 논문은 무전극램프의 조광제어에 관한 안정기 설계방법을 제안하였다.",
                        "clue_start": "16",
                        "clue_end": "54"
                    },
                    {
                        "clue_text": "따라서 본 논문은 직류링크전압을 가변함으로서 램프 임피던스와 독립적으로 램프의 출력 전력을 제어함으로서 무전극램프를 조광제어 하였다.",
                        "clue_start": "135",
                        "clue_end": "209"
                    },
                    {
                        "clue_text": "본 논문에서는 무전극램프의 광 출력변화에 따른 무전극램프의 모델링을 통하여 직류링크전압가변 시 램프의 계수의 값 변화도 고려하였으며, 직류링크전압과 전력의 관계를 수식적으로 정립하였다.",
                        "clue_start": "1258",
                        "clue_end": "1361"
                    }
                ],
                "terminology": [
                    {
                        "word": "Class-C"
                    },
                    {
                        "word": "Class-D"
                    },
                    {
                        "word": "Class-D 인버터"
                    },
                    {
                        "word": "H 방전"
                    },
                    {
                        "word": "KS"
                    },
                    {
                        "word": "Rp"
                    },
                    {
                        "word": "lamp"
                    },
                    {
                        "word": "가변"
                    },
                    {
                        "word": "가변방식"
                    },
                    {
                        "word": "가변함"
                    },
                    {
                        "word": "결합계수"
                    },
                    {
                        "word": "고주파"
                    },
                    {
                        "word": "공진탱크"
                    },
                    {
                        "word": "등가 임피던스"
                    },
                    {
                        "word": "링크 전압"
                    },
                    {
                        "word": "무전극램프"
                    },
                    {
                        "word": "방전등"
                    },
                    {
                        "word": "벅 컨버터"
                    },
                    {
                        "word": "벌브"
                    },
                    {
                        "word": "아말감"
                    },
                    {
                        "word": "임피던스"
                    },
                    {
                        "word": "임피던스 정합회로"
                    },
                    {
                        "word": "자계"
                    },
                    {
                        "word": "자외선"
                    },
                    {
                        "word": "전계"
                    },
                    {
                        "word": "전극"
                    },
                    {
                        "word": "전력제어"
                    },
                    {
                        "word": "정합회"
                    },
                    {
                        "word": "정합회로"
                    },
                    {
                        "word": "조광제어"
                    },
                    {
                        "word": "조광제어 방식"
                    },
                    {
                        "word": "주파수"
                    },
                    {
                        "word": "주파수 가변"
                    },
                    {
                        "word": "직류"
                    },
                    {
                        "word": "직류 링크"
                    },
                    {
                        "word": "직류링크전압"
                    },
                    {
                        "word": "출력전력"
                    },
                    {
                        "word": "컨버터"
                    },
                    {
                        "word": "턴수 비"
                    },
                    {
                        "word": "트랜스포머"
                    },
                    {
                        "word": "페라이트"
                    },
                    {
                        "word": "페라이트 코어"
                    },
                    {
                        "word": "플라즈마"
                    },
                    {
                        "word": "플라즈마저항"
                    },
                    {
                        "word": "함수"
                    },
                    {
                        "word": "형광"
                    }
                ]
            },
            {
                "context_id": "55e-0c9-d477d7fb-dc9d-41b5-9e46-43870c505803",
                "context_K-NSCC": {
                    "field": "인공물",
                    "large_category": "ED",
                    "medium_category": "05"
                },
                "context": "<h1>2. 본 문</h1> <p>본론에서는 무전극램프의 전력변화에 의한 조광제어를 위해 직류링크전압을 가변하는 구조의 방법을 사용 하였다. 전력의 변화에 의한 무전극램프의 등가모델링의 값의 변화를 고려하여 직류링크전압의 변화에 따른 무전극램프의 전력변화를 이론적으로 고찰하였다.</p> <p>무전극램프용 안정기의 구조는 그림 1과 같으며, 크게 3단계로 나눠서 설명할 수 있다. 첫 단계는 PFC부분으로 고 역률 및 저 THD 안정기를 실현하는데 필요하며, 일정한 직류링크전압을 만드는데 사용된다. 두번째 단계는 벅 컨버터로 직류링크전압을 가변하여 램프에 공급되는 전력을 가변하는 회로이다. 마지막 단계는 Class-D 인버터 부분으로 직류링크전압으로부터 교류전압을 만드는 역할을 한다.</p> <p>무전극램프에 공급되는 전력을 가변하기 위해서는 벅 컨버터의 Duty를 제어함으로, 직류링크전압은 가변 할 수 있다. 즉, Class-D 인버터의 공급되는 전압을 가변함으로서 램프에 출력되는 광 출력을 변화하게 만든다.</p> <h2>2.2 무전극램프의 모델링</h2> <p>무전극램프는 정상점등 시에는 전력을 소비하는 저항성분과 페라이트 코어에 의한 인덕턴스 성분으로 등가화 할 수 있다. 이러한 무전극램프의 공급전력에 변화를 줄 경우 램프의 등가저항과 인덕턴스의 성분도 변하게 되며, 무전극램프의 정확한 모델링을 하기 위해서는 등가저항과 인덕턴스 값을 결정하는 결합계수 \\( (\\mathrm{k}) \\), 플라즈마저항 \\( (\\mathrm{Rp}) \\)의 변화를 고려해야 한다.</p> <p>무전극램프의 모델링은 그림 2와 같으며, 3단계에 걸쳐서 모델링 하였다. 전력변화에 따른 모델링 시 유도코일과 방전관과의 결합계수를 \\( \\mathrm{k}(\\mathrm{p}) \\), 방전관의 플라즈마저항은 \\( \\mathrm{Rp}(\\mathrm{p}) \\)의 변화를 고려해야 하며, 유도코일의 권선수의 비를 \\( \\mathrm{n}: 1 \\)로 하였다.</p> <p>그림 2에서 전력변화에 대한 전체 임피던스인 \\( Z(p) \\)은 다음과 같이 표현할 수 있으며,</p> <p>\\( Z(p)=R_{1}(p)+j \\omega L_{1}(p) \\)</p> <p>전력변화에 따른 \\( R_{1}(p), L_{1}(p) \\) 에 대해서 표현하면, \\( R_{1}(p)=\\frac{n^{2} R_{p}(p) k(p)^{4} \\omega^{2} L_{o}}{n^{4} R_{p}(p)+k(p)^{4} \\omega^{2} L_{o}^{2}} \\)<caption>(1)</caption></p> <p>\\( L_{1}(p)=\\frac{n^{4} R_{p}(p)^{2} k(p)^{2} L_{o}}{n^{4} R_{p}(p)^{2}+k(p)^{4} L_{o}^{2} \\omega^{2}}+\\left(1-k(p)^{2}\\right) L_{o} \\)<caption>(2)</caption></p> <p>\\( R_{e q}(p) \\)와 \\( L_{e q}(p) \\)을 구하기 위해서 변화하면 다음과 같이 구할 수 있다.</p> <p>\\( \\begin{aligned} \\frac{1}{Z(p)} &=\\frac{1}{R_{e q}(p)}+\\frac{1}{j \\omega L_{e q}(p)} \\\\ &=\\frac{1}{R_{1}(p)+j \\omega L_{1}(p)} \\end{aligned} \\)</p> <p>\\( R_{e q}(p)=R_{1}(p)+\\frac{\\omega^{2} L_{1}(p)^{2}}{R_{1}(p)} \\)<caption>(3)</caption></p> <p>\\( L_{e q}(p)=L_{1}(p)+\\frac{R_{1}(p)^{2}}{\\omega^{2} L_{1}(p)} \\)<caption>(4)</caption></p> <p>식(1), 식(2)의 값을 식(3)과 식(4)에 대입하여 등가화 된 저항과 인덕턴스의 관계식을 구할 수 있다. 그러나 램프의 제조회사에서는 유도코일의 턴수비 \\( (\\mathrm{n}) \\), 결합계수 \\( (\\mathrm{k}) \\), 플라즈마 저항 \\( \\left(R_{p}\\right) \\)을 제공하지 않으므로, 임의의 값과 램프의 소비되는 전력으로부터 \\( R_{e q}(p) \\)와 \\( L_{e q}(p) \\)을 구할 수있다.</p>",
                "context_length": 2110,
                "clue": [
                    {
                        "clue_text": "본론에서는 무전극램프의 전력변화에 의한 조광제어를 위해 직류링크전압을 가변하는 구조의 방법을 사용 하였다.",
                        "clue_start": "19",
                        "clue_end": "78"
                    },
                    {
                        "clue_text": "무전극램프에 공급되는 전력을 가변하기 위해서는 벅 컨버터의 Duty를 제어함으로, 직류링크전압은 가변 할 수 있다.",
                        "clue_start": "393",
                        "clue_end": "457"
                    },
                    {
                        "clue_text": "무전극램프는 정상점등 시에는 전력을 소비하는 저항성분과 페라이트 코어에 의한 인덕턴스 성분으로 등가화 할 수 있다.",
                        "clue_start": "546",
                        "clue_end": "610"
                    },
                    {
                        "clue_text": "이러한 무전극램프의 공급전력에 변화를 줄 경우 램프의 등가저항과 인덕턴스의 성분도 변하게 되며, 무전극램프의 정확한 모델링을 하기 위해서는 등가저항과 인덕턴스 값을 결정하는 결합계수 \\( (\\mathrm{k}) \\), 플라즈마저항 \\( (\\mathrm{Rp}) \\)의 변화를 고려해야 한다.",
                        "clue_start": "611",
                        "clue_end": "773"
                    }
                ],
                "terminology": [
                    {
                        "word": "Class-D"
                    },
                    {
                        "word": "Class-D 인버터"
                    },
                    {
                        "word": "Duty"
                    },
                    {
                        "word": "PFC부분"
                    },
                    {
                        "word": "THD"
                    },
                    {
                        "word": "가변"
                    },
                    {
                        "word": "가변함"
                    },
                    {
                        "word": "결합계수"
                    },
                    {
                        "word": "공급전력"
                    },
                    {
                        "word": "관계식"
                    },
                    {
                        "word": "광 출력"
                    },
                    {
                        "word": "교류전압"
                    },
                    {
                        "word": "등가화"
                    },
                    {
                        "word": "무전극램프"
                    },
                    {
                        "word": "방전관"
                    },
                    {
                        "word": "벅 컨버터"
                    },
                    {
                        "word": "역률"
                    },
                    {
                        "word": "유도코일"
                    },
                    {
                        "word": "인덕턴스"
                    },
                    {
                        "word": "인덕턴스 값"
                    },
                    {
                        "word": "전력변화"
                    },
                    {
                        "word": "정상점등"
                    },
                    {
                        "word": "조광제어"
                    },
                    {
                        "word": "직류링크전압"
                    },
                    {
                        "word": "컨버터"
                    },
                    {
                        "word": "턴수비"
                    },
                    {
                        "word": "페라이트"
                    },
                    {
                        "word": "페라이트 코어"
                    },
                    {
                        "word": "플라즈마"
                    },
                    {
                        "word": "플라즈마저항"
                    },
                    {
                        "word": "회로"
                    }
                ]
            },
            {
                "context_id": "55e-0c9-merge_2_034b7f4e-0f446ad2-b68b-4a60-b580-0bcc442d91c0_02",
                "context_K-NSCC": {
                    "field": "인공물",
                    "large_category": "ED",
                    "medium_category": "05"
                },
                "context": "<h2>2.3 조광 제어 방법</h2> <p>본 논문에서는 Class-D 인버터 구조를 사용하였으며, 출력전력 변화를 주기위해서 벅 컨버터를 이용한 직류링크전압을 가변하는 방법으로 구성하였다. 직류링크전압의 변화에 따른 출력 전력의 변화를 알아보기 위해서 그림 3과 같이 등가모델링 하였다. 여기서 \\( \\mathrm { L } \\), \\( \\mathrm { Cp } \\), \\( \\mathrm { Cs } \\)의 ESR (Equivalent Series Resistance)는 매우 작으므로 무시할 수 있다.</p> <p>그림 3은 무전극램프의 모델링 된 회로에 Class-D 인버터를 적용한 구조이며, \\( V_ { i } \\)는 임피던스정합회로에 입력전압을 의미하며, 램프의 소비 전류는 입력 전류의 기본파 성분만 고려하였다. \\( i_ { L } \\) 에 대한 각주파수의 함수로 구하면, 아래 식(5)와 같이 표현된다.</p> <p>\\( i_ { L } ( \\omega) = \\frac { V_ { i } \\frac { L_ { e q } } { C_ { p } } } { - \\omega ^ { 2 } R L L_ { e q } + \\frac { L R_ { e q } } { C_ { p } } + \\frac { L R_ { e q } } { C_ { s } } + \\frac { R_ { e q } L_ { e q } } { C_ { p } } - \\frac { R_ { e q } } {\\omega ^ { 2 } C_ { p } C_ { s } } + j \\left ( \\frac {\\omega L L_ { e q } } { C_ { p } } + \\frac {\\omega L L_ { e q } } { C_ { s } } - \\frac { L_ { e q } } {\\omega C_ { p } C_ { s } } \\right ) } \\)<caption>(5)</caption></p> <p>그리고 램프의 소비되는 전력은 식(6)으로 표현된다.</p> <p>\\( P_ {\\text { Lamp } } = \\left |i_ { L } \\right | ^ { 2 } R_ { e q } (p) \\)<caption>(6)</caption></p>",
                "context_length": 1094,
                "clue": [
                    {
                        "clue_text": "본 논문에서는 Class-D 인버터 구조를 사용하였으며, 출력전력 변화를 주기위해서 벅 컨버터를 이용한 직류링크전압을 가변하는 방법으로 구성하였다.",
                        "clue_start": "25",
                        "clue_end": "107"
                    },
                    {
                        "clue_text": "직류링크전압의 변화에 따른 출력 전력의 변화를 알아보기 위해서 그림 3과 같이 등가모델링 하였다.",
                        "clue_start": "108",
                        "clue_end": "162"
                    },
                    {
                        "clue_text": "그림 3은 무전극램프의 모델링 된 회로에 Class-D 인버터를 적용한 구조이며, \\( V_ { i } \\)는 임피던스정합회로에 입력전압을 의미하며, 램프의 소비 전류는 입력 전류의 기본파 성분만 고려하였다.",
                        "clue_start": "293",
                        "clue_end": "409"
                    }
                ],
                "terminology": [
                    {
                        "word": "Class-D"
                    },
                    {
                        "word": "Class-D 인버터"
                    },
                    {
                        "word": "Class-D 인버터 구조"
                    },
                    {
                        "word": "Cp"
                    },
                    {
                        "word": "Cs"
                    },
                    {
                        "word": "ESR"
                    },
                    {
                        "word": "Equivalent"
                    },
                    {
                        "word": "Equivalent Series Resistance"
                    },
                    {
                        "word": "Lamp"
                    },
                    {
                        "word": "Resistance"
                    },
                    {
                        "word": "Series"
                    },
                    {
                        "word": "Series Resistance"
                    },
                    {
                        "word": "가변"
                    },
                    {
                        "word": "각주파수"
                    },
                    {
                        "word": "무전극램프"
                    },
                    {
                        "word": "벅 컨버터"
                    },
                    {
                        "word": "소비 전류"
                    },
                    {
                        "word": "인버터 구조"
                    },
                    {
                        "word": "임피던스정합회로"
                    },
                    {
                        "word": "전류"
                    },
                    {
                        "word": "조광 제어"
                    },
                    {
                        "word": "직류링크전압"
                    },
                    {
                        "word": "출력전력"
                    },
                    {
                        "word": "컨버터"
                    },
                    {
                        "word": "함수"
                    },
                    {
                        "word": "회로"
                    }
                ]
            },
            {
                "context_id": "55e-0c9-merge_2_034b7f4e-0f446ad2-b68b-4a60-b580-0bcc442d91c0_03",
                "context_K-NSCC": {
                    "field": "인공물",
                    "large_category": "ED",
                    "medium_category": "05"
                },
                "context": "<p>식(3)과 식(4)는 전력에 관한 함수로 표현되며, 식(6)에 식(5)를 대입하면 출력변화에 대한 램프의 소비 전력을 아래 식(7)과 같이 구할 수 있다.</p> <p>\\( P_ {\\text { Lamp } } = \\frac {\\left (V_ { i } \\frac { L_ { e q } (p) } { C_ { p } } \\right ) ^ { 2 } R_ { e q } (p) } {\\left (- \\omega ^ { 2 } R L L_ { e q } (p) + \\frac { L R_ { e q } (p) } { C_ { p } } + \\frac { L R_ { e q } (p) } { C_ { s } } + \\frac { R_ { e q } (p) L_ { e q } (p) } { C_ { p } } - \\frac { R_ { e q } (p) } {\\omega ^ { 2 } C_ { p } C_ { s } } \\right ) ^ { 2 } + \\left ( \\frac {\\omega L L_ { e q } (p) } { C_ { p } } + \\frac {\\omega L L_ { e q } (p) } { C_ { s } } - \\frac { L_ { e q } (p) } {\\omega C_ { p } C_ { s } } \\right ) ^ { 2 } } \\)<caption>(7)</caption></p> <p>그림 3의 입력 전압인 \\( V_ { i } \\)는 식(8)과 같다.</p> <p>\\( V_ { i } = \\left \\{\\begin {array} { ll } V_ { D C } , & \\text { for } 0< \\omega t \\leq \\pi \\\\ 0, & \\text { for } \\pi< \\omega t \\leq 2 \\pi \\end {array} \\right . \\)<caption>(8)</caption></p> <p>램프의 공급되는 전압과 전류는 기본주파수에 대해서만 고려하면 식(9)와 같다.</p> <p>\\( V_ { i 1 } =V_ { m } \\sin \\omega t \\)<caption>(9)</caption></p> <p>식(9)로부터 \\( V_ { i 1 } \\)의 크기를 구하면 다음과 같다.</p> <p>\\( V_ { m } = \\frac { 2 } {\\pi } V_ { D C } =0.6366 V_ { D C } \\)<caption>(10)</caption></p> <p>식(10)로부터 실효값을 구하면 식(11)과 같다.</p> <p>\\( V_ {\\mathrm { s } } = \\frac { V_ { m } } {\\sqrt { 2 } } = \\frac {\\sqrt { 2 } } {\\pi } V_ { D C } =0.4502 V_ { D C } \\)<caption>(11)</caption></p> <p>식(7)에 식(11)을 대입하여 \\( V_ { D C } \\)의 변화에 따른 전력의 변화는 아래 식(12)과 같다. 램프의 소비전력은 광 출력의 변화를 의미한다.</p>",
                "context_length": 1480,
                "clue": [
                    {
                        "clue_text": "식(3)과 식(4)는 전력에 관한 함수로 표현되며, 식(6)에 식(5)를 대입하면 출력변화에 대한 램프의 소비 전력을 아래 식(7)과 같이 구할 수 있다.",
                        "clue_start": "3",
                        "clue_end": "89"
                    },
                    {
                        "clue_text": "램프의 공급되는 전압과 전류는 기본주파수에 대해서만 고려하면 식(9)와 같다.",
                        "clue_start": "932",
                        "clue_end": "975"
                    },
                    {
                        "clue_text": "식(7)에 식(11)을 대입하여 \\( V_ { D C } \\)의 변화에 따른 전력의 변화는 아래 식(12)과 같다.",
                        "clue_start": "1386",
                        "clue_end": "1450"
                    },
                    {
                        "clue_text": "램프의 소비전력은 광 출력의 변화를 의미한다.",
                        "clue_start": "1451",
                        "clue_end": "1476"
                    }
                ],
                "terminology": [
                    {
                        "word": "Lamp"
                    },
                    {
                        "word": "광 출력"
                    },
                    {
                        "word": "소비 전력"
                    },
                    {
                        "word": "실효값"
                    },
                    {
                        "word": "전류"
                    },
                    {
                        "word": "주파수"
                    }
                ]
            }
        ]
    }
}