{
    "dataset_info": {
        "identifier": "02-031-002-NL",
        "name": "기술과학 문서 요약 데이터",
        "category": "자연어",
        "last_updated": "2023-08-30"
    },
    "dataset": {
        "doc_id": "034b7f4e-5d224669-0a33-4d16-bc64-87b7255dff6a",
        "doc_type": "논문",
        "doc_title": {
            "kor": "가변 위상변위 스위칭방식을 적용한 연료전지용 변압기 직렬형 DC/DC 컨버터",
            "eng": ""
        },
        "doc_category": {
            "KDC": "560.5",
            "DDC": ""
        },
        "doc_number": {
            "ISSN": "1229-2214",
            "ISBN": "",
            "DOI": "",
            "UCI": ""
        },
        "doc_year": "2008",
        "doc_author": [
            "박노식",
            "권순재",
            "박성준"
        ],
        "doc_publisher": "전력전자학회",
        "doc_license": "CC BY-NC",
        "context_info": [
            {
                "context_id": "55e-0c9-92e8354b-79c1-4732-9b61-a3aa3e4bc951",
                "context_K-NSCC": {
                    "field": "인공물",
                    "large_category": "ED",
                    "medium_category": "09"
                },
                "context": "<h1>4. 시뮬레이션 및 실험결과</h1> <p>본 연구에서 \\( 12[\\mathrm{~V}] \\) 밧데리 4개를 사용한 낙도용 전원공급용 전력변환기에 제안된 직렬형 \\( \\mathrm{DC} / \\mathrm{DC} \\) 컨버터를 적용하여 그 타당성을 검증하였으며, 전력변환기의 사양은 표 2와 같다.</p> <p>그림 8은 제안된 직렬형 \\( \\mathrm{DC} / \\mathrm{DC} \\) 컨버터 구조에서 일정 위상 변위 스위칭 방식을 적용한 경우와 제안된 가변 위상 변위 방식의 스위칭을 적용한 경우의 시뮬레이션 결과이다. 시뮬레이션에서 변조지수는 \\( 2 / 3 \\) 으로 설정하였다. 그림 8의 (a),(b)에서 고주파 변압기 2차측에 발생되는 출력전압의 형상은 동일하지만, 그림 8(a)의 경우에는 두 컨버터의 위상차가 \\( 90^{\\circ} \\), 그림 8(b)의 경우에는 \\( 30.6^{\\circ} \\) 의 위상 차이를 가지게 된다.</p> <p>이 위상차의 차이로 인해 일정한 위상 변위신호의 경우는 출력전압이 약 \\( 280[\\mathrm{~V}] \\) 가 되고, 가변 위상변위 신호의 경우에는 출력전압이 약 \\( 380[\\mathrm{~V}] \\) 가 됨을 알 수 있다. 따라서 제안된 가변 위상변위 신호를 사용할 경우 제안된 컨버터의 출력발생 범위를 최대한 발생하면서, 기존 컨버터에 비하여 다이오드 및 필터회로 수를 줄일 수 있다. 그림 9는 실험에 적용한 제안된 직렬형 \\( \\mathrm{DC} / \\mathrm{DC} \\) 컨버터의 시제품의 구조를 나타내고 있다.</p> <p>CPU로는 Texas Instruments사의 DSP로 \\( 150[\\mathrm{NH} \\). \\( ] \\)의 높은 연산 속도를 가진 TMS320F2812를 사용하였다.</p> <p>두 개의 EVM Module과 16채널의 \\( 12 \\mathrm{bit} \\mathrm{ADC} \\)와 \\( \\mathrm{QEP} \\) 모듈이 자체적으로 내장되어 있으므로 ASIC와 같은 부가적인 소자를 사용하지 않아도 된다.</p> <p>그림 10은 다중레벨 \\( \\mathrm{DC} / \\mathrm{DC} \\) 컨버터의 변압기 2차측 출력전압으로 기저레벨과 함께 양호하게 나타났다. 그림 10 (a)와 같이 레벨의 변동 경계선에서는 출력전압의 체트링이 발생하나, 그림 10(b), (c)에서는 이러한 현상이 없어짐을 알 수 있다.</p> <p>그림 11은 연료전지용 \\( \\mathrm{DC} / \\mathrm{DC} \\) 컨버터 및 인버터 특성을 분석하기 위한 출력전압, 전류, 순시전력 파형을 나타내고 있다. 그림 11(a), (b), (c)는 \\( 400[\\mathrm{~W}] \\), \\( 1,000[\\mathrm{~W}], 2,500[\\mathrm{~W}] \\) 출력인 경우이며, 출력전압, 전류 및 순시전력이 양호하게 나타남 알 수 있다.</p> <p>그림 11(d)는 컨버터의 기동특성을 조사하기 위한 파형으로 그림에서 보는바와 같이 그 시정수는 약 \\( 50[\\mathrm{~ms}] \\) 정도로 나타났다.</p> <p>그림 12는 출력에 따른 연료전지용 \\( \\mathrm{DC} / \\mathrm{DC} \\) 컨버터 및 인버터 시스템의 총 효율 곡선을 나타내고 있다. 총 효율은 약 90 \\([\\%]\\)로 양호하게 나타났다.</p>",
                "context_length": 1657,
                "clue": [
                    {
                        "clue_text": "본 연구에서 \\( 12[\\mathrm{~V}] \\) 밧데리 4개를 사용한 낙도용 전원공급용 전력변환기에 제안된 직렬형 \\( \\mathrm{DC} / \\mathrm{DC} \\) 컨버터를 적용하여 그 타당성을 검증하였으며, 전력변환기의 사양은 표 2와 같다.",
                        "clue_start": "28",
                        "clue_end": "170"
                    },
                    {
                        "clue_text": "그림 8은 제안된 직렬형 \\( \\mathrm{DC} / \\mathrm{DC} \\) 컨버터 구조에서 일정 위상 변위 스위칭 방식을 적용한 경우와 제안된 가변 위상 변위 방식의 스위칭을 적용한 경우의 시뮬레이션 결과이다.",
                        "clue_start": "178",
                        "clue_end": "299"
                    },
                    {
                        "clue_text": "그림 8의 (a),(b)에서 고주파 변압기 2차측에 발생되는 출력전압의 형상은 동일하지만, 그림 8(a)의 경우에는 두 컨버터의 위상차가 \\( 90^{\\circ} \\), 그림 8(b)의 경우에는 \\( 30.6^{\\circ} \\) 의 위상 차이를 가지게 된다.",
                        "clue_start": "336",
                        "clue_end": "480"
                    },
                    {
                        "clue_text": "따라서 제안된 가변 위상변위 신호를 사용할 경우 제안된 컨버터의 출력발생 범위를 최대한 발생하면서, 기존 컨버터에 비하여 다이오드 및 필터회로 수를 줄일 수 있다.",
                        "clue_start": "617",
                        "clue_end": "708"
                    },
                    {
                        "clue_text": "두 개의 EVM Module과 16채널의 \\( 12 \\mathrm{bit} \\mathrm{ADC} \\)와 \\( \\mathrm{QEP} \\) 모듈이 자체적으로 내장되어 있으므로 ASIC와 같은 부가적인 소자를 사용하지 않아도 된다.",
                        "clue_start": "896",
                        "clue_end": "1024"
                    }
                ],
                "terminology": [
                    {
                        "word": "CPU"
                    },
                    {
                        "word": "DSP"
                    },
                    {
                        "word": "EVM"
                    },
                    {
                        "word": "가변"
                    },
                    {
                        "word": "고주파"
                    },
                    {
                        "word": "고주파 변압기"
                    },
                    {
                        "word": "기동특성"
                    },
                    {
                        "word": "다이오드"
                    },
                    {
                        "word": "다중레벨"
                    },
                    {
                        "word": "변압기"
                    },
                    {
                        "word": "변위신호"
                    },
                    {
                        "word": "변조지수"
                    },
                    {
                        "word": "부가적인"
                    },
                    {
                        "word": "순시전력"
                    },
                    {
                        "word": "순시전력 파형"
                    },
                    {
                        "word": "스위칭"
                    },
                    {
                        "word": "시뮬레이션"
                    },
                    {
                        "word": "시정수"
                    },
                    {
                        "word": "위상"
                    },
                    {
                        "word": "위상 변위 방식"
                    },
                    {
                        "word": "위상변위"
                    },
                    {
                        "word": "위상차"
                    },
                    {
                        "word": "인버터 시스템"
                    },
                    {
                        "word": "전력변환기"
                    },
                    {
                        "word": "전류"
                    },
                    {
                        "word": "체트링"
                    },
                    {
                        "word": "출력전압"
                    },
                    {
                        "word": "컨버터"
                    },
                    {
                        "word": "컨버터 구조"
                    },
                    {
                        "word": "파형"
                    },
                    {
                        "word": "필터회로"
                    }
                ]
            },
            {
                "context_id": "55e-0c9-498ae59d-38a7-4084-a086-e280646fc6b8",
                "context_K-NSCC": {
                    "field": "인공물",
                    "large_category": "ED",
                    "medium_category": "09"
                },
                "context": "<h1>2. 기존의 연료전지용 \\( \\mathrm{DC} / \\mathrm{DC} \\) 컨버터</h1> <h2>2.1 연료전지용 절연형 \\( \\mathrm{DC} / \\mathrm{DC} \\) 컨버터의 기본 토폴로지</h2> <p>그림 1은 높은 승압비를 갖는 대표적인 \\( \\mathrm{DC} / \\mathrm{DC} \\) 컨버터의 구성들을 나타냈다. 그림 \\( 1(\\mathrm{a}) \\) 는 풀 브리지 컨버터로 변압기의 권선비가 적은 장점이 있으나, 교류전원을 인가하기 위한 인버터의 스위칭 소자수가 많고 스위치손실이 큰 단점이 있다. 그림 \\( 1(\\mathrm{~b}) \\)는 하프 브리지 컨버터로 스위칭 소자 수는 풀 브리지 컨버의 절반이 되는 장점이 있으나, 변압기의 권수비가 2배가되고, 스위칭 소자에 흐르는 전류가 두 배가 되는 단점이 있다. 그림 \\( 1(\\mathrm{c}) \\) 는 푸시풀 컨버터로 스위칭 소자의 전압 스트레스가 크며, 1차 측 권선이 2조가 필요한 단점이 있으나, 스위칭 소자 수가 적어 전체 스위칭 온 손실이 작고, 변압기의 권수비가 적은 장점으로 저 전압 대 전류용으로 많이 사용되는 방식으로 입,출력의 전압, 전류, 전력에 따라 가장 유리한 방식을 선택해야 성능이 좋은 컨버터가 완성된다.</p> <h2>2.2 높은 승압비를 갖는 \\( \\mathrm{DC} / \\mathrm{DC} \\) 컨버터</h2> <p>그림 2는 높은 승압비를 갖는 대표적인 멀티 \\( \\mathrm{DC} / \\mathrm{DC} \\)컨버터의 구조로 기존의 절연형 풀브릿지 타입의 \\( \\mathrm{DC} / \\mathrm{DC} \\) 컨버터를 사용하여 출력 직류 측을 직렬로 연결하는 구조를 취함으로서 높은 승압비를 구성하게 하였다.</p> <p>이 구성은 각 컨버터가 독립적인 필터회로를 가지고, 필터회로에 필요한 소자의 개수는 컨버터 수에 비례하여 증가한다.</p> <p>또한 각 컨버터의 출력전압은 스위칭 소자의 변조비 (Modulation index)에 의해서 제어되며 필터단 입력전압은 식 (1)과 같다.</p> <p>\\( V_{d}=m a V_{d c}+a \\frac{2 V_{d c}}{\\pi} \\sum_{k=1}^{\\infty} \\frac{1}{k} \\sin (k \\pi m) e^{j\\left(2 \\pi f_{s} k\\right) t} \\)<caption>(1)</caption></p> <p>단, \\( m \\) : 변조비, \\( a \\) : 변압기 권수비, \\( f_{s} \\) : 스위칭 주파수</p> <p>식 (1)에서 보는바와 같이 필터단 입력전압은 직류성분과 스위칭 주파수의 배수인 고주파 성분으로 구성된다. 따라서 필터에 의해 고주파 성분이 제거된다면 출력전압은 직류성분만 나타나게 되어 입출력 관계식과 컨버터의 개수를 \\( N \\) 개라고 가정할 경우의 최종 출력 전압은 다음과 같다.</p> <p>\\( V_{c}=m a V_{d c} \\)<caption>(2)</caption></p> <p>\\( V_{o}=N V_{c} \\)<caption>(3)</caption></p> <p>식(2)와 식(3)으로부터 전체 컨버터의 승압비는 식(4)와 같다.</p> <p>\\( \\frac{V_{o}}{V_{d c}}=N m a \\)<caption>(4)</caption></p> <p>식 (4)에서 알 수 있듯이 전체 컨버터의 승압비는 컨버터의 개수의 함수로 컨버터의 개수를 증가시켜 높은 승압비를 구성할 수 있다. 그림 2와 같은 각 \\( \\mathrm{DC} / \\mathrm{DC} \\) 컨버터에서 인덕터 전류리플은 식 (5)와 같다.</p> <p>\\( \\Delta I_{L}=\\frac{a V_{d c}-V_{c}}{L} m T_{s} \\)<caption>(5)</caption></p> <p>각 인덕터의 전류 리플은 각 평활용 콘덴서의 전압 리플로 나타나며 출력전압 리플은 식 (6)과 같다.</p> <p>\\( \\Delta v_{c}=\\frac{1}{L C} \\frac{a V_{d c}(1-m) m}{8 f_{s}^{2}} \\)<caption>(6)</caption></p> <p>변조비에 따른 출력전압 최대 리플은 식 (6)을 미분함으로써 구해지며 그 값은 변조비이 \\( 0.5 \\) 일 때이다. 따라서 변조비에 따른 최종 출력전압 최대 리플은 식 (7)과 같이 구할 수 있다.</p> <p>식 (7)에서 알 수 있듯이 각 \\( \\mathrm{DC} / \\mathrm{DC} \\) 컨버터의 출력 전압의 리플은 스위칭 주파수, 인덕터 및 콘덴서의 용량, 변조비, 그리고 입력전압에 의해 결정되며 출력전압의 리플 저감을 위해서는 스위칭 주파수를 높이거나 필터용 인덕터 및 콘덴서의 용량을 키우거나 입력전압을 낮추어야 한다.</p>",
                "context_length": 2342,
                "clue": [
                    {
                        "clue_text": "그림 1은 높은 승압비를 갖는 대표적인 \\( \\mathrm{DC} / \\mathrm{DC} \\) 컨버터의 구성들을 나타냈다.",
                        "clue_start": "129",
                        "clue_end": "198"
                    },
                    {
                        "clue_text": "그림 \\( 1(\\mathrm{a}) \\) 는 풀 브리지 컨버터로 변압기의 권선비가 적은 장점이 있으나, 교류전원을 인가하기 위한 인버터의 스위칭 소자수가 많고 스위치손실이 큰 단점이 있다.",
                        "clue_start": "199",
                        "clue_end": "304"
                    },
                    {
                        "clue_text": "그림 2는 높은 승압비를 갖는 대표적인 멀티 \\( \\mathrm{DC} / \\mathrm{DC} \\)컨버터의 구조로 기존의 절연형 풀브릿지 타입의 \\( \\mathrm{DC} / \\mathrm{DC} \\) 컨버터를 사용하여 출력 직류 측을 직렬로 연결하는 구조를 취함으로서 높은 승압비를 구성하게 하였다.",
                        "clue_start": "704",
                        "clue_end": "873"
                    },
                    {
                        "clue_text": "이 구성은 각 컨버터가 독립적인 필터회로를 가지고, 필터회로에 필요한 소자의 개수는 컨버터 수에 비례하여 증가한다.",
                        "clue_start": "881",
                        "clue_end": "945"
                    },
                    {
                        "clue_text": "또한 각 컨버터의 출력전압은 스위칭 소자의 변조비 (Modulation index)에 의해서 제어되며 필터단 입력전압은 식 (1)과 같다.",
                        "clue_start": "953",
                        "clue_end": "1030"
                    }
                ],
                "terminology": [
                    {
                        "word": "Modulation"
                    },
                    {
                        "word": "Modulation index"
                    },
                    {
                        "word": "index"
                    },
                    {
                        "word": "고주파"
                    },
                    {
                        "word": "고주파 성분"
                    },
                    {
                        "word": "교류전원"
                    },
                    {
                        "word": "권선비"
                    },
                    {
                        "word": "권수비"
                    },
                    {
                        "word": "기본 토폴로지"
                    },
                    {
                        "word": "리플 저감"
                    },
                    {
                        "word": "변압기"
                    },
                    {
                        "word": "변압기 권수비"
                    },
                    {
                        "word": "변압기의 권선비"
                    },
                    {
                        "word": "변조비"
                    },
                    {
                        "word": "브리지 컨버터"
                    },
                    {
                        "word": "스위칭"
                    },
                    {
                        "word": "스위칭 소자"
                    },
                    {
                        "word": "스위칭 소자수"
                    },
                    {
                        "word": "스위칭 주파수"
                    },
                    {
                        "word": "승압비"
                    },
                    {
                        "word": "온 손실"
                    },
                    {
                        "word": "인덕터"
                    },
                    {
                        "word": "저 전압 대 전류용"
                    },
                    {
                        "word": "전류"
                    },
                    {
                        "word": "전류리플"
                    },
                    {
                        "word": "전압 리플"
                    },
                    {
                        "word": "전압 스트레스"
                    },
                    {
                        "word": "절연형 풀브릿지 타입"
                    },
                    {
                        "word": "주파수"
                    },
                    {
                        "word": "직렬"
                    },
                    {
                        "word": "직류"
                    },
                    {
                        "word": "출력전압"
                    },
                    {
                        "word": "출력전압 리플"
                    },
                    {
                        "word": "컨버터"
                    },
                    {
                        "word": "컨버터의 출력 전압"
                    },
                    {
                        "word": "콘덴서"
                    },
                    {
                        "word": "토폴"
                    },
                    {
                        "word": "토폴로지"
                    },
                    {
                        "word": "평활용"
                    },
                    {
                        "word": "평활용 콘덴서"
                    },
                    {
                        "word": "푸시풀"
                    },
                    {
                        "word": "푸시풀 컨버터"
                    },
                    {
                        "word": "풀 브리지"
                    },
                    {
                        "word": "풀 브리지 컨버터"
                    },
                    {
                        "word": "풀브릿지"
                    },
                    {
                        "word": "필터회로"
                    },
                    {
                        "word": "하프 브리지"
                    },
                    {
                        "word": "하프 브리지 컨버터"
                    },
                    {
                        "word": "함수"
                    }
                ]
            },
            {
                "context_id": "55e-0c9-86e78ecc-68c4-4e67-b260-44165ec828d9",
                "context_K-NSCC": {
                    "field": "인공물",
                    "large_category": "ED",
                    "medium_category": "09"
                },
                "context": "<h1>3. 제안된 직렬형 \\( \\mathrm{DC} / \\mathrm{DC} \\) 컨버터</h1> <h2>3.1 제안된 직렬형 \\( \\mathrm{DC} / \\mathrm{DC} \\) 컨버터</h2> <p>그림 3은 제안된 멀티 \\( \\mathrm{DC} / \\mathrm{DC} \\) 컨버터의 구조를 나타내고 있다. 기존의 절연형 풀브릿지 타입의 \\( \\mathrm{DC} / \\mathrm{DC} \\) 컨버터를 사용하여 다수의 컨버터용 변압기 2차측 출력을 직렬로 구성함으로써 높은 승압비를 구현 하였다. 이 구조에서는 기존의 보편적인 스위칭 방식이나, 일정 위상 변위형 스위칭 방식을 사용할 경우 고주파 변압기의 출력에 무효전력이 발생하여 선형적인 출력전압이 형성되지 않아 높은 승압비를 구현 할 수가 없다.</p> <p>따라서 이러한 컨버터의 구조에 적합한 스위칭 방식이 구현된다면 다이오드 및 LC필터의 소자수를 대폭 저감할 수 있는 전력변환기를 구현할 수 있게 된다. 그림 3의 제안된 컨버터와 그림 2의 컨버터에서 다이오드 수와 \\( \\mathrm{L}, \\mathrm{C} \\) 소자를 비교하면 표 1과 같다.</p> <p>기존의 컨버터 시스템으로 높은 승압비를 구현하기 위해 컨버터 수를 증가시키면 다이오드 및 \\( \\mathrm{L}, \\mathrm{C} \\) 의 수가 비례적으로 증가하나, 제안된 컨버터 시스템은 표 1에서 보는 바와 같이 컨버터의 수가 증가하여도 다이오드 및 \\( \\mathrm{L}, \\mathrm{C} \\) 의 수가 증가하지 않는 구조가 된다. 기존방식에 비하여 다이오드 및 콘덴서의 내압이 증가하는 단점이 있으나 다이오드 및 필터의 수가 많아서 구조가 복잡한 기존 방식에 비하여 구성이 간단해진다.</p> <h2>3.2 제안된 \\( \\mathrm{DC} / \\mathrm{DC} \\) 컨버터의 스위칭 신호</h2> <p>제안된 컨버터의 타당성을 검증하기 위해 2-레벨 컨버터를 그림 4와 같이 구성하였다. 이러한 2-레벨 컨버터에서 기존의 일정 위상변위 스위칭신호를 사용한다면 그림 5와 같은 결과가 나타난다. 그림 5(a)는 변조비가 \\( 1 / 3 \\) 인 경우로 각 컨버터의 출력파형의 위상차는 \\( 90^{\\circ} \\) 로 나타나며 최종 출력전압의 주파수는 각 컨버터의 주파수의 2배 효과가 나타남을 알 수 있다.</p> <p>변조비가 \\( 1 / 3 \\) 인 경우는 출력전압의 정, 부 폭이 \\( 60^{\\circ} \\)로 위상차 \\( 90^{\\circ} \\) 보다 적어 변압기 2차측에 무효전력 발생부분이 존재하지 않아 변조비에 비례하여 출력전압이 형성되는 영역이 된다.</p> <p>그림 \\( 5(\\mathrm{~b}) \\) 는 변조비가 \\( 2 / 3 \\) 인 경우로 출력전압의 정, 부 폭이 \\( 120^{\\circ} \\) 로 위상차 \\( 90^{\\circ} \\) 보다 \\( 30^{\\circ} \\) 가 크게 되어 \\( 30^{\\circ} \\) 영역동안 출력전압이 발생하나, 두 컨버터의 출력전압극성이 반대가 되어 최종 출력전압이 0이 되는 부분이 나타난다. 이 영역의 동작모드는 그림 5(c)와 같다.</p> <p>그림에서 보는 바와 같이 컨버터 1 스위치 \\( \\mathrm{S}_{11}, \\mathrm{~S}_{14} \\) 이 On되어 \\( \\mathrm{V}_{\\mathrm{n} 1} \\) 은 정의 전압이 발생하나, 컨버터 2 스위치 \\( \\mathrm{S}_{23}, \\mathrm{~S}_{22} \\) 이 \\( \\mathrm{On} \\) 되어 \\( \\mathrm{V}_{\\mathrm{n} 2} \\) 은 부의 전압이 발생하여 정류 다이오드 입력전압은 0 이 되나, 각 콘버터에서는 변압기의 여자전류가 발생하여 무효전력이 발생하게 된다. 또한 이 영역 동안은 고주파 변압기 2차측 직렬전압은 2배의 전압이 발생하여야 출력전압의 증대를 가지나, 이 영역과 2배의 전압을 발생하는 영역의 구간이 동일하게 존재하여 변조비를 증가 시켜도 출력전압의 증대 가 없는 영역이 된다. 따라서 변조비 \\( 1 / 2 \\) 이상에서는 변조비를 증대시켜도 출력전압의 증대는 없이 변압기 2차측의 무효전력이 증대하는 악영향을 초래한다.</p> <p>따라서 출력 전압은 기존의 방식대비 \\( 50 \\% \\) 이상 발생할 수가 없다. 두 컨버터의 고주파 변압기의 출력이 다른 극성을 형성하는 신호에 의해 출력전압이 저감하게 됨으로 스위칭 신호의 조건을 두 컨버터의 변압기 2차 출력의 극성을 동일하게 만들어 무효전력발생부분이 없어지는 그림 6과 같은 가변 위상 변위형 스위칭 신호 방식을 제안한다.</p> <p>위상변위는 아래와 같이 매우 간단하게 결정 될 수 있다.</p> <p>\\( \\phi=(1-m) \\frac{\\pi}{2} \\)<caption>(8)</caption></p> <p>만일 \\( \\mathrm{N} \\) 개의 컨버터를 사용할 경우 각 컨버터의 위상 변위는 다음과 같다.</p> <p>\\( \\phi_{n}=\\frac{(n+1)}{N}(1-m) \\frac{\\pi}{2} \\)<caption>(9)</caption></p> <p>단 \\( n: \\) : 1,2,3-- \\( N-1 \\)</p> <p>그림 6 에서 보는 바와 같이 두 컨버터의 출력신호는 식 (9)와 같은 위상 변위 신호를 발생함으로써 각 컨버터의 출력극성이 부가되는 영역이 존재하지 않게 되어 컨버터의 고주파 변압기에는 무효전력 발생부분이 없어지고 기존의 방식과 같은 승압비를 갖게 된다.</p> <p>그림 7은 제안된 컨버터의 구조에 기존의 일정 위상 변위형 스위칭 신호를 인가한 경우와 제안된 가변 위상변위형 스위칭 신호를 인가한 경우에 대하여 듀티비에 따른 출력전압을 나타낸 것이다.</p>",
                "context_length": 2814,
                "clue": [
                    {
                        "clue_text": "기존의 절연형 풀브릿지 타입의 \\( \\mathrm{DC} / \\mathrm{DC} \\) 컨버터를 사용하여 다수의 컨버터용 변압기 2차측 출력을 직렬로 구성함으로써 높은 승압비를 구현 하였다.",
                        "clue_start": "179",
                        "clue_end": "285"
                    },
                    {
                        "clue_text": "이 구조에서는 기존의 보편적인 스위칭 방식이나, 일정 위상 변위형 스위칭 방식을 사용할 경우 고주파 변압기의 출력에 무효전력이 발생하여 선형적인 출력전압이 형성되지 않아 높은 승압비를 구현 할 수가 없다.",
                        "clue_start": "286",
                        "clue_end": "400"
                    },
                    {
                        "clue_text": "변조비가 \\( 1 / 3 \\) 인 경우는 출력전압의 정, 부 폭이 \\( 60^{\\circ} \\)로 위상차 \\( 90^{\\circ} \\) 보다 적어 변압기 2차측에 무효전력 발생부분이 존재하지 않아 변조비에 비례하여 출력전압이 형성되는 영역이 된다.",
                        "clue_start": "1166",
                        "clue_end": "1304"
                    },
                    {
                        "clue_text": "따라서 출력 전압은 기존의 방식대비 \\( 50 \\% \\) 이상 발생할 수가 없다.",
                        "clue_start": "2074",
                        "clue_end": "2119"
                    }
                ],
                "terminology": [
                    {
                        "word": "LC필터"
                    },
                    {
                        "word": "가변"
                    },
                    {
                        "word": "고주파"
                    },
                    {
                        "word": "고주파 변압기"
                    },
                    {
                        "word": "극성"
                    },
                    {
                        "word": "내압"
                    },
                    {
                        "word": "다이오드"
                    },
                    {
                        "word": "듀티비"
                    },
                    {
                        "word": "무효전력"
                    },
                    {
                        "word": "변압기"
                    },
                    {
                        "word": "변위형"
                    },
                    {
                        "word": "변조비"
                    },
                    {
                        "word": "부의 전압"
                    },
                    {
                        "word": "비례적"
                    },
                    {
                        "word": "스위치"
                    },
                    {
                        "word": "스위칭"
                    },
                    {
                        "word": "스위칭신호"
                    },
                    {
                        "word": "승압비"
                    },
                    {
                        "word": "신호 방식"
                    },
                    {
                        "word": "여자전류"
                    },
                    {
                        "word": "위상"
                    },
                    {
                        "word": "위상변위"
                    },
                    {
                        "word": "위상차"
                    },
                    {
                        "word": "전력변환기"
                    },
                    {
                        "word": "전압"
                    },
                    {
                        "word": "절연형 풀브릿지 타입"
                    },
                    {
                        "word": "정류"
                    },
                    {
                        "word": "정류 다이오드"
                    },
                    {
                        "word": "정류 다이오드 입력전압"
                    },
                    {
                        "word": "정의 전압"
                    },
                    {
                        "word": "정의 전압이"
                    },
                    {
                        "word": "주파수"
                    },
                    {
                        "word": "직렬"
                    },
                    {
                        "word": "출력극성"
                    },
                    {
                        "word": "출력전압"
                    },
                    {
                        "word": "컨버터"
                    },
                    {
                        "word": "컨버터 시스템"
                    },
                    {
                        "word": "콘덴서"
                    },
                    {
                        "word": "콘버터"
                    },
                    {
                        "word": "풀브릿지"
                    }
                ]
            },
            {
                "context_id": "55e-0c9-748c2961-b85d-4d6a-9bea-b984c91ab110",
                "context_K-NSCC": {
                    "field": "인공물",
                    "large_category": "ED",
                    "medium_category": "09"
                },
                "context": "<h1>1. 서 론</h1> <p>연료전지는 조만간 고갈될 석유 등 화석연료를 대체하는 에너지원으로 인류의 장래를 위해 반드시 개발해야 할 기술이란 점에서 연료전지 연구에 대한 그 의의가 매우 크다. 화석연료가 고갈될 경우 사용가능한 에너지는 환경성, 경제성, 기술성을 고려했을 때 현재로서는 연료전지가 최적의 대안으로 사료된다. 따라서 연료전지는 미래에 대부분의 가정과 교통수단의 동력원으로 활용될 것으로 전망된다. 그러나 상용화를 위해 넘어야 할 기술 장벽으로는 경제성 확보와 연료전지 스텍과 전력변환시스템의 효율 개선이 선결과제라 하겠다. 연료전지 에너지의 실용화를 위한 전력변환 기술에서 연료전지용 \\( \\mathrm{DC} / \\mathrm{DC} \\) 컨버터는 낮은 전압의 가변 직류전원으로부터 높은 직류전압을 출력할 수 있는 형태를 요구하고 있다. 특히 전압형 \\( \\mathrm{PWM} \\) \\( \\mathrm{DC} / \\mathrm{DC} \\)컨버터는 전력변환기의 효율과 경제성 측면에서 산업계에서 널리 이용되고 있으며, 능동 및 수동 소자의 저감을 구현함과 동시에 효율 및 성능 개선에 대한 다양한 토폴로지가 제안되고 있다.</p> <p>최근 대체에너지의 사용과 더불어 산업화가 진행됨에 따라 낮은 전압의 가변 직류전원으로부터 높은 직류전압을 출력할 수 있는 \\( \\mathrm{DC} / \\mathrm{DC} \\) 컨버터에 대한 연구가 활발히 진행되고 있다. 특히 전압형 \\( \\mathrm{PWM} \\) \\( \\mathrm{DC} / \\mathrm{DC} \\) 컨버터는 전력변환기의 효율과 경제성 측면에서 산업계에서 널리 이용되고 있으며, 능동 및 수동 소자의 저감을 구현함과 동시에 효율 및 성능 개선에 대한 다양한 연구가 진행되고 있다.</p> <p>일반적으로 높은 승압비를 갖는 \\( \\mathrm{DC} / \\mathrm{DC} \\) 컨버터를 구성하는 방법으로는 크게 다단 승압기를 갖는 방식과 여러 대의 \\( \\mathrm{DC} / \\mathrm{DC} \\) 컨버터를 사용하여 컨버터의 출력을 직렬 또는 병렬로 구성하는 방식이 있다. 전자의 방식에서 컨버터의 총 효율은 각 승압컨버터의 효율의 곱으로 나타남으로 컨버터의 효율을 증대시키는 방법으로는 바람직하지 않는 방식으로 알려져 있다. 후자의 방식은 전체 \\( \\mathrm{DC} / \\mathrm{DC} \\) 컨버터를 구성함에 있어 컨버터 수가 증가함에 따라 스위칭 소자 수가 비례적으로 증가되는 단점이 있다. 최근 다수의 컨버터를 이용하여 높은 승압비를 구현함과 동시에 컨버터의 성능향상을 위한 다양한 방법들이 제안되고 있다.</p> <p>본 논문에서는 높은 승압비를 갖는 \\( \\mathrm{DC} / \\mathrm{DC} \\) 컨버터를 구성함에 있어 기존의 멀티 컨버터방식에서 다이오드, 콘덴서 및 리액터를 줄이고, 2차측 변압기 출력을 직렬 연결한 새로운 멀티 \\( \\mathrm{DC} / \\mathrm{DC} \\) 컨버터의 구조를 제안하고, 제안된 전력변환기 구조에서 출력전압의 리플을 줄일 수 있는 새로운 가변 위상 변위형 스위칭 방식을 제안한다. 제안된 컨버터의 구성에 대하여 \\( 3[\\mathrm{~kW}] \\) 급 프로토 타입 컨버터를 제작하여 실험을 통해 그 타당성을 검증하였다.</p>",
                "context_length": 1623,
                "clue": [
                    {
                        "clue_text": "연료전지는 조만간 고갈될 석유 등 화석연료를 대체하는 에너지원으로 인류의 장래를 위해 반드시 개발해야 할 기술이란 점에서 연료전지 연구에 대한 그 의의가 매우 크다.",
                        "clue_start": "19",
                        "clue_end": "111"
                    },
                    {
                        "clue_text": "그러나 상용화를 위해 넘어야 할 기술 장벽으로는 경제성 확보와 연료전지 스텍과 전력변환시스템의 효율 개선이 선결과제라 하겠다.",
                        "clue_start": "234",
                        "clue_end": "304"
                    },
                    {
                        "clue_text": "특히 전압형 \\( \\mathrm{PWM} \\) \\( \\mathrm{DC} / \\mathrm{DC} \\)컨버터는 전력변환기의 효율과 경제성 측면에서 산업계에서 널리 이용되고 있으며, 능동 및 수동 소자의 저감을 구현함과 동시에 효율 및 성능 개선에 대한 다양한 토폴로지가 제안되고 있다.",
                        "clue_start": "426",
                        "clue_end": "585"
                    },
                    {
                        "clue_text": "일반적으로 높은 승압비를 갖는 \\( \\mathrm{DC} / \\mathrm{DC} \\) 컨버터를 구성하는 방법으로는 크게 다단 승압기를 갖는 방식과 여러 대의 \\( \\mathrm{DC} / \\mathrm{DC} \\) 컨버터를 사용하여 컨버터의 출력을 직렬 또는 병렬로 구성하는 방식이 있다.",
                        "clue_start": "884",
                        "clue_end": "1046"
                    },
                    {
                        "clue_text": "본 논문에서는 높은 승압비를 갖는 \\( \\mathrm{DC} / \\mathrm{DC} \\) 컨버터를 구성함에 있어 기존의 멀티 컨버터방식에서 다이오드, 콘덴서 및 리액터를 줄이고, 2차측 변압기 출력을 직렬 연결한 새로운 멀티 \\( \\mathrm{DC} / \\mathrm{DC} \\) 컨버터의 구조를 제안하고, 제안된 전력변환기 구조에서 출력전압의 리플을 줄일 수 있는 새로운 가변 위상 변위형 스위칭 방식을 제안한다.",
                        "clue_start": "1306",
                        "clue_end": "1540"
                    }
                ],
                "terminology": [
                    {
                        "word": "가변"
                    },
                    {
                        "word": "고갈"
                    },
                    {
                        "word": "다단 승압기"
                    },
                    {
                        "word": "다이오드"
                    },
                    {
                        "word": "동력원"
                    },
                    {
                        "word": "리액터"
                    },
                    {
                        "word": "멀티 컨버터방식"
                    },
                    {
                        "word": "변압기"
                    },
                    {
                        "word": "변위형"
                    },
                    {
                        "word": "비례적"
                    },
                    {
                        "word": "사료"
                    },
                    {
                        "word": "선결과제"
                    },
                    {
                        "word": "수동 소자"
                    },
                    {
                        "word": "스위칭"
                    },
                    {
                        "word": "스위칭 소자"
                    },
                    {
                        "word": "승압기"
                    },
                    {
                        "word": "승압비"
                    },
                    {
                        "word": "승압컨버터"
                    },
                    {
                        "word": "에너지원"
                    },
                    {
                        "word": "위상"
                    },
                    {
                        "word": "저감"
                    },
                    {
                        "word": "전력변환 기술"
                    },
                    {
                        "word": "전력변환기"
                    },
                    {
                        "word": "전력변환시스템"
                    },
                    {
                        "word": "전압형"
                    },
                    {
                        "word": "직렬"
                    },
                    {
                        "word": "직렬 연결"
                    },
                    {
                        "word": "직류전압"
                    },
                    {
                        "word": "직류전원"
                    },
                    {
                        "word": "출력전압"
                    },
                    {
                        "word": "컨버터"
                    },
                    {
                        "word": "콘덴서"
                    },
                    {
                        "word": "토폴로지"
                    },
                    {
                        "word": "프로토 타입"
                    }
                ]
            }
        ]
    }
}