{
    "dataset_info": {
        "identifier": "02-031-002-NL",
        "name": "기술과학 문서 요약 데이터",
        "category": "자연어",
        "last_updated": "2023-08-30"
    },
    "dataset": {
        "doc_id": "034b7f4e-4b67dd6f-50da-4263-a757-65b28aca5429",
        "doc_type": "논문",
        "doc_title": {
            "kor": "전류연속 모드 탭인덕터 부스트 컨버터의 분석과 설계",
            "eng": ""
        },
        "doc_category": {
            "KDC": "560.5",
            "DDC": ""
        },
        "doc_number": {
            "ISSN": "1229-2214",
            "ISBN": "",
            "DOI": "",
            "UCI": ""
        },
        "doc_year": "2014",
        "doc_author": [
            "강정일",
            "한상규",
            "한종희"
        ],
        "doc_publisher": "전력전자학회",
        "doc_license": "CC BY-NC",
        "context_info": [
            {
                "context_id": "55e-0c9-merge_ed_034b7f4e-4b67dd6f-50da-4263-a757-65b28aca5429_15",
                "context_K-NSCC": {
                    "field": "인공물",
                    "large_category": "ED",
                    "medium_category": "03"
                },
                "context": "<p>식 (10)으로부터 구해지는 \\( \\mathrm { I } _ {\\mathrm { ds } , \\mathrm { RMS } } =2.7 \\mathrm { A } \\)를 고려하여 \\( 100 \\mathrm { V } \\) \\( 34 \\mathrm { m } \\Omega \\) 사양의 AOD2916을 스위칭 소자로 선정하고, 식 (11)로부터 구해지는 \\( \\mathrm { I } _ {\\mathrm { s } , \\mathrm { RMS } } =0.46 \\mathrm { A } \\)를 고려하여 \\( 200 \\mathrm { V } \\) \\( 1 \\mathrm { A } \\) 사양의 ES1D를 출력 다이오드로 선정한다.</p> <p>이상 설계된 사항들을 반영하여 \\( \\mathrm { V } _ {\\mathrm { i } } =12 \\mathrm { V } \\), \\( \\mathrm { V } _ {\\mathrm { o } } =120 \\mathrm { V } \\), \\( \\mathrm { I } _ { o } =0.25 \\mathrm { A } \\)의 사양의 조명용 LED의 구동을 위한 \\( 100 \\mathrm { kHz } \\) TIB 컨버터 시작품을 제작하였다. 약 \\( 2.4 \\mu \\mathrm { H } \\)로 측정된 탭인덕터의 누설 인덕턴스에 의한 스위치 턴-오프 스파이크에 대해 \\( 10 \\% \\) 이상의 스위치 내압 마진을 확보하기 위해 드레인-소스 간에 \\( 2 \\mathrm { W } \\) \\( 4.7 \\Omega \\) 저항과 \\( 2.2 \\mathrm { nF } \\) 커패시터로 구성된 RC 스너버를 적용하였다. 또한, 출력 다이오드 양단의 전압 스파이크에 대해서도 \\( 1 \\mathrm { W } \\) \\( 4.7 \\mathrm { k } \\Omega \\) 저항과 \\( 470 \\mathrm { pF } \\) 커패시터로 구성된 RC 스너버를 적용하였다. 제작된 시작품의 사진과 주요 동작 파형을 그림 11과 12에 각각 보였으며, 회로의 효율은 \\( 92 \\% \\)로 측정이 되었다. 약 \\( 40 \\mathrm { V } \\) 수준의 턴-오프 스파이크를 스위치의 드레인-소스 간 전압 \\( \\mathrm { v } _ {\\mathrm { ds } } \\) 파형에서 볼 수 있는데, RC 스너버의 파라미터를 조정하여 이를 더욱 낮게 할 수는 있으나, 스너버 저항의 발열이 심해지고 회로의 효율이 크게 저하되는 문제가 있다. 이에 대하여, 고효율의 무손실 스너버를 적용하면 스위치의 턴-오프 스파이크를 매우 낮은 수준으로 억제할 수 있으며, 이에 따라 보다 낮은 내압의 스위치를 사용할 수 있을 뿐만 아니라 추가적인 회로의 성능 개선도 가능하다.</p>",
                "context_length": 1344,
                "clue": [
                    {
                        "clue_text": "제작된 시작품의 사진과 주요 동작 파형을 그림 11과 12에 각각 보였으며, 회로의 효율은 \\( 92 \\% \\)로 측정이 되었다.",
                        "clue_start": "954",
                        "clue_end": "1026"
                    },
                    {
                        "clue_text": "약 \\( 40 \\mathrm { V } \\) 수준의 턴-오프 스파이크를 스위치의 드레인-소스 간 전압 \\( \\mathrm { v } _ {\\mathrm { ds } } \\) 파형에서 볼 수 있는데, RC 스너버의 파라미터를 조정하여 이를 더욱 낮게 할 수는 있으나, 스너버 저항의 발열이 심해지고 회로의 효율이 크게 저하되는 문제가 있다.",
                        "clue_start": "1027",
                        "clue_end": "1216"
                    },
                    {
                        "clue_text": "이에 대하여, 고효율의 무손실 스너버를 적용하면 스위치의 턴-오프 스파이크를 매우 낮은 수준으로 억제할 수 있으며, 이에 따라 보다 낮은 내압의 스위치를 사용할 수 있을 뿐만 아니라 추가적인 회로의 성능 개선도 가능하다.",
                        "clue_start": "1217",
                        "clue_end": "1340"
                    }
                ],
                "terminology": [
                    {
                        "word": "LED"
                    },
                    {
                        "word": "RC"
                    },
                    {
                        "word": "RC 스너버"
                    },
                    {
                        "word": "RMS"
                    },
                    {
                        "word": "TIB 컨버터"
                    },
                    {
                        "word": "내압"
                    },
                    {
                        "word": "누설 인덕턴스"
                    },
                    {
                        "word": "다이오드"
                    },
                    {
                        "word": "동작 파형"
                    },
                    {
                        "word": "드레인-소스"
                    },
                    {
                        "word": "무손실 스너버"
                    },
                    {
                        "word": "스너버"
                    },
                    {
                        "word": "스너버 저항"
                    },
                    {
                        "word": "스위치"
                    },
                    {
                        "word": "스위칭"
                    },
                    {
                        "word": "스위칭 소자"
                    },
                    {
                        "word": "스파이크"
                    },
                    {
                        "word": "인덕턴스"
                    },
                    {
                        "word": "전압 스파이크"
                    },
                    {
                        "word": "출력 다이오드"
                    },
                    {
                        "word": "커패시터"
                    },
                    {
                        "word": "컨버터"
                    },
                    {
                        "word": "컨버터 시작품"
                    },
                    {
                        "word": "탭인덕터"
                    },
                    {
                        "word": "턴-오프 스파이크"
                    },
                    {
                        "word": "파라미터"
                    },
                    {
                        "word": "파형"
                    },
                    {
                        "word": "회로"
                    }
                ]
            },
            {
                "context_id": "55e-0c9-merge_ed_034b7f4e-4b67dd6f-50da-4263-a757-65b28aca5429_12",
                "context_K-NSCC": {
                    "field": "인공물",
                    "large_category": "ED",
                    "medium_category": "03"
                },
                "context": "<p>탭인덕터의 코어손실은 기본적으로 자속밀도의 변화량 \\( \\Delta \\mathrm { B } \\)가 클수록 증가하며, 코어의 사양으로 제공되는 특성을 참조하여 추산할 수 있다. 탭인덕터 코어의 최소 및 최대 자속밀도는 자화전류가 각각 \\( \\mathrm { I } _ {\\mathrm { M } 1 } \\) 및 \\( \\mathrm { I } _ {\\mathrm { M } 2 } \\)와 같을 때에 발생하므로, 식 (14)의 관계에 식 (8)과 (9)를 적용하여 얻어지는 최소 및 최대 자속밀도의 차를 계산하면 아래와 같이 \\( \\Delta \\mathrm { B } \\)를 구할 수 있다.</p> <p>\\( \\Delta B= \\frac { V_ { i } } { N_ { p } A_ { c } f } \\frac { V_ { o } -V_ { i } } { N V_ { i } + V_ { o } } \\)<caption>(22)</caption></p> <p>식 (16)에 의하면 \\( \\mathrm { l } _ {\\mathrm { g } } \\)가 증가할수록 \\( \\mathrm { N } _ {\\mathrm { p } } \\)는 단조적으로 증가하며, 따라서 식 (22)에 비례하는 코어손실은 \\( \\mathrm { l } _ { g } \\)가 증가할수록 단조적으로 감소하게 됨을 알 수 있다.</p> <p>식 (20)과 식 (22)를 비교하면 코어의 공극의 길이 \\( \\mathrm { l } _ { g } \\)에 따른 탭인덕터의 도통손실과 코어손실의 트레이드오프를 확인할 수 있다. 코어의 공극은 코어를 연마하여 구현되는데, 이 길이가 너무 짧거나 길면 품질이나 생산성에 영향이 있기 때문에, 제조사에서 정해 놓은 표준 값을 우선적으로 설정하고, 도통손실과 코어손실을 평가하여 필요한 경우 추가적으로 조정함이 바람직하다.</p> <h1>4. Design example</h1> <p>본 장에서는 앞 장에 예시 사양으로 제시된 \\( \\mathrm { V } _ {\\mathrm { i } } =12 \\mathrm { V } \\), \\( \\mathrm { V } _ {\\mathrm { o } } =120 \\mathrm { V } \\), \\( \\mathrm { I } _ { o } =0.25 \\mathrm { A } \\) 사양의 조명용 LED 구동회로의 설계 예를 보이고, 실험을 통해 그 결과를 검증한다.</p>",
                "context_length": 1188,
                "clue": [
                    {
                        "clue_text": "탭인덕터의 코어손실은 기본적으로 자속밀도의 변화량 \\( \\Delta \\mathrm { B } \\)가 클수록 증가하며, 코어의 사양으로 제공되는 특성을 참조하여 추산할 수 있다.",
                        "clue_start": "3",
                        "clue_end": "101"
                    },
                    {
                        "clue_text": "\\( \\Delta B= \\frac { V_ { i } } { N_ { p } A_ { c } f } \\frac { V_ { o } -V_ { i } } { N V_ { i } + V_ { o } } \\)<caption>(22)</caption>",
                        "clue_start": "339",
                        "clue_end": "475"
                    },
                    {
                        "clue_text": "식 (14)의 관계에 식 (8)과 (9)를 적용하여 얻어지는 최소 및 최대 자속밀도의 차를 계산하면 아래와 같이 \\( \\Delta \\mathrm { B } \\)를 구할 수 있다.",
                        "clue_start": "232",
                        "clue_end": "331"
                    }
                ],
                "terminology": [
                    {
                        "word": "Design example"
                    },
                    {
                        "word": "LED"
                    },
                    {
                        "word": "LED 구동회로"
                    },
                    {
                        "word": "example"
                    },
                    {
                        "word": "단조적"
                    },
                    {
                        "word": "자속밀도"
                    },
                    {
                        "word": "자화전류"
                    },
                    {
                        "word": "코어손실"
                    },
                    {
                        "word": "탭인덕터"
                    },
                    {
                        "word": "탭인덕터 코어"
                    },
                    {
                        "word": "트레이드오프"
                    }
                ]
            },
            {
                "context_id": "55e-0c9-merge_ed_034b7f4e-4b67dd6f-50da-4263-a757-65b28aca5429_04",
                "context_K-NSCC": {
                    "field": "인공물",
                    "large_category": "ED",
                    "medium_category": "03"
                },
                "context": "<p>그림 4로부터 듀티가 1에 근접할수록 승압비가 무한히 증가하는 이상적인 경우에 비해, 기생저항을 고려한 경우 듀티를 증가시켜도 승압비가 더 이상 증가하지 않고 반대로 줄어들기 시작하는 승압한계를 확인할 수 있다. 또한, 승압한계가 나타나기 전의 낮은 듀티에서는 \\( \\mathrm { N } \\)이 클수록 승압비가 높아지기는 하지만 이상적인 승압비와의 차이는 더욱 커지고, 승압한계가 나타나는 듀티와 승압한계에서의 최대 승압비가 모두 낮아짐을 알 수 있다. 이는, 탭인덕터의 턴 비가 TIB 컨버터의 승압비에 기여를 하여 \\( \\mathrm { N } \\)이 클수록 동일한 입출력 조건에 대한 동작 듀티가 낮아지게 되는데, 이 낮은 듀티로 인해 1차 전류의 피크와 실효치가 증가하여 기생저항에서의 손실이 커짐에 따르는 현상이다. 따라서, TIB 회로방식에 있어 높은 승압비를 얻기 위해 높은 턴 비의 탭인덕터를 사용하는 경우, 입력 측 전류의 피크와 실효치 증가에 따르는 손실을 보상하기 위하여 탭인덕터 권선 및 스위칭 소자의 기생저항을 최소화해야 한다.</p> <h2>2.2 회로 스트레스</h2> <p>이 절에서는 TIB 컨버터의 설계를 돕기 위해 그림 2의 파형을 분석하여 회로의 주요 전류 및 전압 스트레스를 정량화한다. 컨버터의 입출력 사양은 설계를 위해 주어지는 값이므로 이하 \\( \\mathrm { V } _ {\\mathrm { i } } , \\mathrm { V } _ { o } , \\mathrm { I } _ { o } \\)는 고정된 값으로 간주한다. 또한, 기생저항 \\( \\mathrm { R } _ {\\mathrm { p } } \\) 및 \\( \\mathrm { R } _ {\\mathrm { ds } } \\)를 고려하는 경우 결과가 매우 복잡해지고 주요 변수에 대한 특성의 경향을 파악하는 데에 큰 도움이 되지 않으므로 이들의 영향은 무시한다. 이때, 식 (4)는 아래와 같이 간단해진다.</p> <p>\\( V_ { o } / V_ { i } =(1 + ND) /(1-D) \\)<caption>(5)</caption></p> <p>그림 5에 \\( \\mathrm { V } _ {\\mathrm { o } } / \\mathrm { V } _ {\\mathrm { i } } =10 \\)의 경우를 가정하여 요구되는 탭인 덕터 턴 비를 동작 듀티 \\( \\mathrm { D } \\)의 함수로 도시하였다. 듀티를 높이기 위해서는 탭인덕터의 턴 비가 낮게 설계되어야 하며, 반대로 듀티를 낮추기 위해서는 탭인덕터의 턴 비가 높게 설계되어야 함을 확인할 수 있다.</p>",
                "context_length": 1278,
                "clue": [
                    {
                        "clue_text": "그림 4로부터 듀티가 1에 근접할수록 승압비가 무한히 증가하는 이상적인 경우에 비해, 기생저항을 고려한 경우 듀티를 증가시켜도 승압비가 더 이상 증가하지 않고 반대로 줄어들기 시작하는 승압한계를 확인할 수 있다.",
                        "clue_start": "3",
                        "clue_end": "121"
                    },
                    {
                        "clue_text": "또한, 승압한계가 나타나기 전의 낮은 듀티에서는 \\( \\mathrm { N } \\)이 클수록 승압비가 높아지기는 하지만 이상적인 승압비와의 차이는 더욱 커지고, 승압한계가 나타나는 듀티와 승압한계에서의 최대 승압비가 모두 낮아짐을 알 수 있다.",
                        "clue_start": "122",
                        "clue_end": "258"
                    },
                    {
                        "clue_text": "이는, 탭인덕터의 턴 비가 TIB 컨버터의 승압비에 기여를 하여 \\( \\mathrm { N } \\)이 클수록 동일한 입출력 조건에 대한 동작 듀티가 낮아지게 되는데, 이 낮은 듀티로 인해 1차 전류의 피크와 실효치가 증가하여 기생저항에서의 손실이 커짐에 따르는 현상이다.",
                        "clue_start": "259",
                        "clue_end": "410"
                    },
                    {
                        "clue_text": "따라서, TIB 회로방식에 있어 높은 승압비를 얻기 위해 높은 턴 비의 탭인덕터를 사용하는 경우, 입력 측 전류의 피크와 실효치 증가에 따르는 손실을 보상하기 위하여 탭인덕터 권선 및 스위칭 소자의 기생저항을 최소화해야 한다.",
                        "clue_start": "411",
                        "clue_end": "537"
                    }
                ],
                "terminology": [
                    {
                        "word": "ND"
                    },
                    {
                        "word": "TIB 컨버터"
                    },
                    {
                        "word": "기생저항"
                    },
                    {
                        "word": "덕터"
                    },
                    {
                        "word": "동작 듀티"
                    },
                    {
                        "word": "스위칭"
                    },
                    {
                        "word": "스위칭 소자"
                    },
                    {
                        "word": "승압"
                    },
                    {
                        "word": "승압비"
                    },
                    {
                        "word": "승압한계"
                    },
                    {
                        "word": "실효치"
                    },
                    {
                        "word": "전류"
                    },
                    {
                        "word": "전압 스트레스"
                    },
                    {
                        "word": "최대 승압비"
                    },
                    {
                        "word": "측 전류"
                    },
                    {
                        "word": "컨버터"
                    },
                    {
                        "word": "탭인덕터"
                    },
                    {
                        "word": "파형"
                    },
                    {
                        "word": "함수"
                    },
                    {
                        "word": "회로"
                    },
                    {
                        "word": "회로 스트레스"
                    },
                    {
                        "word": "회로방식"
                    }
                ]
            },
            {
                "context_id": "55e-0c9-merge_ed_034b7f4e-4b67dd6f-50da-4263-a757-65b28aca5429_08",
                "context_K-NSCC": {
                    "field": "인공물",
                    "large_category": "ED",
                    "medium_category": "03"
                },
                "context": "<h1>3. Design consideration</h1> <p>컨버터 설계에 관해서는 예시 사양이 주어진 경우 보다 직관적인 내용의 전개가 가능한 경우가 많으므로, 본 논문에서는 \\( \\mathrm { V } _ {\\mathrm { i } } =12 \\mathrm { V } \\), \\( \\mathrm { V } _ {\\mathrm { o } } =120 \\mathrm { V } \\), \\( \\mathrm { I } _ { o } =0.25 \\mathrm { A } \\)의 사양을 예로 삼는다. 또한, 탭인덕터 코어는 임의로 설계하는 것이 아니라 사용 가능한 코어를 활용함을 가정한다.</p> <h2>3.1 동작조건 설계</h2> <p>스위칭 주파수는 높으면 높을수록 리액티브 소자의 크기를 줄일 수 있어 유리한 반면, EMI, 효율, 스위칭 노이즈 등 정량적인 예측이 어려운 여러 측면에서 불리하게 된다. 따라서, 스위칭 주파수는 최적화의 과정보다 보통 설계자나 제조사의 경험에 의해 결정된다.</p> <p>TIB 컨버터는 앞 장에서 살펴본 바와 같이 모든 정상 상태 특성이 탭인덕터의 턴 비에 관한 명확한 트레이드오프 관계에 있기 때문에 주요 설계 파라미터에 대해 우선순위를 부여하여 설계해야 한다. 스위칭 회로의 신뢰성에 가장 큰 영향을 미치는 소자는 스위치이며 이에 인가되는 전압 스트레스가 작을수록 유리하다. 따라서, 본 논문에서는 이를 최우선으로 고려할 것을 제안한다.</p> <p>그림 6과 7을 참조하면 동작 듀티가 낮을수록 스위치의 전압 스트레스는 감소하나 다이오드의 전압 스트레스와 1차 전류의 실효치가 크게 증가하게 되므로 최선의 스위치 선정 기준을 설정하고 이를 최소한으로 만족하는 수준에서 \\( \\mathrm { D } \\)와 \\( \\mathrm { N } \\)을 결정한다.</p> <h2>3.2 탭 인덕터 설계</h2> <p>코어의 사용 효율을 고려하여 최대 자속밀도를 코어의 포화 자속밀도 대비 마진을 두어 \\( \\mathrm { B } _ {\\mathrm { pk } } \\)로 제한하면 아래의 관계를 얻을 수 있다. \\( N_ { p } I_ { M 2 } =B_ { p k } l_ { g } / \\mu_ { 0 } \\)<caption>(14)</caption>여기서, \\( l_ {\\mathrm { g } } \\)는 코어의 공극의 길이이며, \\( \\mu_ { 0 } \\)는 진공의 투자율로 \\( 4 \\pi \\times 10 ^ { -7 } \\mathrm { H } / \\mathrm { m } \\)의 값을 가진다. 또한, 자기회로의 개념으로부터 인덕턴스 \\( \\mathrm { L } _ {\\mathrm { m } } \\)은 아래와 같이 구해진다. \\( L_ { m } =N_ { p } ^ { 2 } \\mu_ { 0 } A_ { c } / l_ { g } \\)<caption>(15)</caption>여기서, \\( \\mathrm { A } _ { c } \\)는 코어의 단면적을 나타낸다. 식 (9), (14), (15)를 이용하여 \\( \\mathrm { I } _ {\\mathrm { M } 2 } \\)와 \\( \\mathrm { L } _ {\\mathrm { m } } \\)을 소거하면 아래와 같이 \\( \\mathrm { N } _ {\\mathrm { p } } \\)를 구할 수 있다.</p>",
                "context_length": 1641,
                "clue": [
                    {
                        "clue_text": "따라서, 스위칭 주파수는 최적화의 과정보다 보통 설계자나 제조사의 경험에 의해 결정된다.",
                        "clue_start": "454",
                        "clue_end": "503"
                    },
                    {
                        "clue_text": "스위칭 회로의 신뢰성에 가장 큰 영향을 미치는 소자는 스위치이며 이에 인가되는 전압 스트레스가 작을수록 유리하다.",
                        "clue_start": "620",
                        "clue_end": "683"
                    },
                    {
                        "clue_text": "그림 6과 7을 참조하면 동작 듀티가 낮을수록 스위치의 전압 스트레스는 감소하나 다이오드의 전압 스트레스와 1차 전류의 실효치가 크게 증가하게 되므로 최선의 스위치 선정 기준을 설정하고 이를 최소한으로 만족하는 수준에서 \\( \\mathrm { D } \\)와 \\( \\mathrm { N } \\)을 결정한다.",
                        "clue_start": "726",
                        "clue_end": "896"
                    },
                    {
                        "clue_text": "코어의 사용 효율을 고려하여 최대 자속밀도를 코어의 포화 자속밀도 대비 마진을 두어 \\( \\mathrm { B } _ {\\mathrm { pk } } \\)로 제한하면 아래의 관계를 얻을 수 있다.",
                        "clue_start": "926",
                        "clue_end": "1035"
                    }
                ],
                "terminology": [
                    {
                        "word": "EMI"
                    },
                    {
                        "word": "TIB 컨버터"
                    },
                    {
                        "word": "다이오드"
                    },
                    {
                        "word": "동작 듀티"
                    },
                    {
                        "word": "리액티브"
                    },
                    {
                        "word": "리액티브 소자"
                    },
                    {
                        "word": "설계 파라미터"
                    },
                    {
                        "word": "스위치"
                    },
                    {
                        "word": "스위칭"
                    },
                    {
                        "word": "스위칭 노이즈"
                    },
                    {
                        "word": "스위칭 주파수"
                    },
                    {
                        "word": "스위칭 회로"
                    },
                    {
                        "word": "신뢰성"
                    },
                    {
                        "word": "실효치"
                    },
                    {
                        "word": "인덕터"
                    },
                    {
                        "word": "인덕턴스"
                    },
                    {
                        "word": "자기회로"
                    },
                    {
                        "word": "자속밀도"
                    },
                    {
                        "word": "전개"
                    },
                    {
                        "word": "전류"
                    },
                    {
                        "word": "전압 스트레스"
                    },
                    {
                        "word": "주요 설계 파라미터"
                    },
                    {
                        "word": "주파수"
                    },
                    {
                        "word": "진공"
                    },
                    {
                        "word": "컨버터"
                    },
                    {
                        "word": "탭인덕터"
                    },
                    {
                        "word": "탭인덕터 코어"
                    },
                    {
                        "word": "트레이드오프"
                    },
                    {
                        "word": "파라미터"
                    },
                    {
                        "word": "포화 자속밀도"
                    },
                    {
                        "word": "회로"
                    }
                ]
            },
            {
                "context_id": "55e-0c9-merge_ed_034b7f4e-4b67dd6f-50da-4263-a757-65b28aca5429_13",
                "context_K-NSCC": {
                    "field": "인공물",
                    "large_category": "ED",
                    "medium_category": "03"
                },
                "context": "<p>먼저, 스위칭 주파수는 EMI, 코어손실, 전자기 간섭 등 정량적인 예측이 어려운 비이상적 현상과 주변 회로에 미치는 영향에 관한 기존의 경험에 따라 \\( 100 \\mathrm { kHz } \\)로 정한다. 스위칭 소자는 기존에 널리 사용되어 가격이 저렴하고 선택의 폭이 넓은 \\( 100 \\mathrm { V } \\) 내압의 MOSFET을 사용하고자 하며, 자기결합 소자의 필연적인 문제인 누설 인덕턴스로 인한 턴-오프 스파이크를 감안하여 \\( 50 \\% \\) 이상의 스트레스 마진을 확보하기 위해 \\( \\mathrm { V } _ {\\mathrm { ds } } \\)는 \\( 50 \\mathrm { V } \\) 이하가 되도록 한다. 그림 6과 식 (7)을 참조하여 \\( \\mathrm { D } =0.7 \\)로 결정하면 식 (5)로부터 \\( \\mathrm { N } =2.86 \\)이 얻어지는데, 탭인덕터의 사양과 품질의 용이한 관리를 위해 \\( \\mathrm { N } =3 \\)으로 최종 결정한다. 이때, 스위치의 전압 스트레스는 \\( 40 \\mathrm { V } \\)가 되며, 출력 다이오드의 전압 스트레스는 \\( 154 \\mathrm { V } \\)가 되어 \\( 20 \\% \\) 이상의 마진으로 \\( 200 \\mathrm { V } \\) 내압의 다이오드를 사용할 수 있다.</p> <p>포화 자속밀도가 \\( 0.41 \\mathrm { T } \\)인 재질의 코어를 사용한다고 가정하면, 최대 자속밀도 \\( \\mathrm { B } _ {\\mathrm { pk } } \\)를 이 값의 \\( 75 \\% \\) 수준인 \\( 0.31 \\mathrm { T } \\)로 제한하는 것은 하나의 좋은 예가 된다. 또한, \\( \\mathrm { A } _ {\\mathrm { w } } =17.6 \\mathrm { mm } ^ { 2 } \\), \\( \\mathrm { A } _ {\\mathrm { c } } =75 \\mathrm { mm } ^ { 2 } \\), \\( \\mathrm { K } _ {\\mathrm { u } } =0.6 \\), \\( \\mathrm { MLT } _ {\\mathrm { p } } = \\mathrm { MLT } _ {\\mathrm { s } } =37 \\mathrm { mm } \\)와 같은 코어의 사양을 가정하면, 식 (15)~(17)의 \\( \\mathrm { L } _ {\\mathrm { m } } \\), \\( \\mathrm { N } _ {\\mathrm { p } } \\), \\( \\mathrm { A } _ {\\mathrm { s } } \\)와 식 (20)~(22)의 \\( \\mathrm { P } _ {\\mathrm { w } } \\), \\( \\mathrm { A } _ {\\mathrm { p } } \\), \\( \\Delta \\mathrm { B } \\)를 모두 \\( \\mathrm { l } _ {\\mathrm { g } } \\)의 함수로 표현할 수 있다.</p>",
                "context_length": 1461,
                "clue": [
                    {
                        "clue_text": "먼저, 스위칭 주파수는 EMI, 코어손실, 전자기 간섭 등 정량적인 예측이 어려운 비이상적 현상과 주변 회로에 미치는 영향에 관한 기존의 경험에 따라 \\( 100 \\mathrm { kHz } \\)로 정한다.",
                        "clue_start": "3",
                        "clue_end": "118"
                    },
                    {
                        "clue_text": "스위칭 소자는 기존에 널리 사용되어 가격이 저렴하고 선택의 폭이 넓은 \\( 100 \\mathrm { V } \\) 내압의 MOSFET을 사용하고자 하며, 자기결합 소자의 필연적인 문제인 누설 인덕턴스로 인한 턴-오프 스파이크를 감안하여 \\( 50 \\% \\) 이상의 스트레스 마진을 확보하기 위해 \\( \\mathrm { V } _ {\\mathrm { ds } } \\)는 \\( 50 \\mathrm { V } \\) 이하가 되도록 한다.",
                        "clue_start": "119",
                        "clue_end": "358"
                    },
                    {
                        "clue_text": "그림 6과 식 (7)을 참조하여 \\( \\mathrm { D } =0.7 \\)로 결정하면 식 (5)로부터 \\( \\mathrm { N } =2.86 \\)이 얻어지는데, 탭인덕터의 사양과 품질의 용이한 관리를 위해 \\( \\mathrm { N } =3 \\)으로 최종 결정한다.",
                        "clue_start": "359",
                        "clue_end": "509"
                    },
                    {
                        "clue_text": "이때, 스위치의 전압 스트레스는 \\( 40 \\mathrm { V } \\)가 되며, 출력 다이오드의 전압 스트레스는 \\( 154 \\mathrm { V } \\)가 되어 \\( 20 \\% \\) 이상의 마진으로 \\( 200 \\mathrm { V } \\) 내압의 다이오드를 사용할 수 있다.",
                        "clue_start": "510",
                        "clue_end": "666"
                    }
                ],
                "terminology": [
                    {
                        "word": "EMI"
                    },
                    {
                        "word": "MLT"
                    },
                    {
                        "word": "MOSFET"
                    },
                    {
                        "word": "내압"
                    },
                    {
                        "word": "누설 인덕턴스"
                    },
                    {
                        "word": "다이오드"
                    },
                    {
                        "word": "스위치"
                    },
                    {
                        "word": "스위칭"
                    },
                    {
                        "word": "스위칭 소자"
                    },
                    {
                        "word": "스위칭 주파수"
                    },
                    {
                        "word": "스트레스 마진"
                    },
                    {
                        "word": "스파이크"
                    },
                    {
                        "word": "인덕턴스"
                    },
                    {
                        "word": "자기결합"
                    },
                    {
                        "word": "자기결합 소자"
                    },
                    {
                        "word": "자속밀도"
                    },
                    {
                        "word": "전압 스트레스"
                    },
                    {
                        "word": "전자기 간섭"
                    },
                    {
                        "word": "주파수"
                    },
                    {
                        "word": "출력 다이오드"
                    },
                    {
                        "word": "코어손실"
                    },
                    {
                        "word": "탭인덕터"
                    },
                    {
                        "word": "턴-오프 스파이크"
                    },
                    {
                        "word": "포화 자속밀도"
                    },
                    {
                        "word": "함수"
                    },
                    {
                        "word": "회로"
                    }
                ]
            },
            {
                "context_id": "55e-0c9-merge_ed_034b7f4e-4b67dd6f-50da-4263-a757-65b28aca5429_02",
                "context_K-NSCC": {
                    "field": "인공물",
                    "large_category": "ED",
                    "medium_category": "03"
                },
                "context": "<p>\\( v_ { m } =V_ { i } - \\left (R_ { p } + R_ { d s } \\right ) i_ { m } \\)<caption>(1)</caption></p> <p>오프-모드 [DT~T]: 스위치 \\( \\mathrm { M } _ { 1 } \\)이 턴-오프되어 있는 모드로 등가회로는 그림 3(b)와 같다. 권선 탭이 개방되어 있으므로 \\( \\mathrm { i } _ {\\mathrm { p } } \\)와 \\( \\mathrm { i } _ {\\mathrm { s } } \\)는 서로 동일하며, 이상적인 변압기의 전류 관계를 이용하면 \\( \\mathrm { i } _ {\\mathrm { p } } = \\mathrm { i } _ {\\mathrm { s } } = \\mathrm { i } _ {\\mathrm { m } } / \\mathrm { k } \\)의 관계가 구해진다. 자화전류 \\( \\mathrm { i } _ {\\mathrm { m } } \\)은 \\( \\mathrm { I } _ {\\mathrm { M } 2 } \\)에서 \\( \\mathrm { I } _ {\\mathrm { M } 1 } \\)까지 선형으로 감소하고, \\( \\mathrm { L } _ {\\mathrm { m } } \\) 양단에 인가되는 전압 \\( \\mathrm { v } _ {\\mathrm { m } } \\)은 아래와 같이 구해진다.</p> <p>\\( v_ { m } = \\left (V_ { i } -V_ { o } \\right ) / k-R_ { p } i_ { m } / k ^ { 2 } \\)<caption>(2)</caption></p> <p>정상상태 입출력 관계의 유도에 있어 그 과정과 결과가 지나치게 복잡해지는 것을 피하기 위해 자화전류 \\( \\mathrm { i } _ {\\mathrm { m } } \\)의 리플을 무시하여 스위칭 주기 내 일정한 값 \\( \\mathrm { I } _ {\\mathrm { M } } \\)으로 유지된다고 가정한다. 이때, 2차 전류 \\( \\mathrm { i } _ {\\mathrm { s } } \\)의 평균은 출력전류 \\( \\mathrm { I } _ { o } \\)와 같음을 이용하면 \\( \\mathrm { I } _ {\\mathrm { M } } \\)은 아래와 같이 표현된다.</p>",
                "context_length": 1143,
                "clue": [
                    {
                        "clue_text": "오프-모드 [DT~T]: 스위치 \\( \\mathrm { M } _ { 1 } \\)이 턴-오프되어 있는 모드로 등가회로는 그림 3(b)와 같다.",
                        "clue_start": "106",
                        "clue_end": "185"
                    },
                    {
                        "clue_text": "자화전류 \\( \\mathrm { i } _ {\\mathrm { m } } \\)은 \\( \\mathrm { I } _ {\\mathrm { M } 2 } \\)에서 \\( \\mathrm { I } _ {\\mathrm { M } 1 } \\)까지 선형으로 감소하고, \\( \\mathrm { L } _ {\\mathrm { m } } \\) 양단에 인가되는 전압 \\( \\mathrm { v } _ {\\mathrm { m } } \\)은 아래와 같이 구해진다.",
                        "clue_start": "449",
                        "clue_end": "694"
                    },
                    {
                        "clue_text": "자화전류 \\( \\mathrm { i } _ {\\mathrm { m } } \\)은 \\( \\mathrm { I } _ {\\mathrm { M } 2 } \\)에서 \\( \\mathrm { I } _ {\\mathrm { M } 1 } \\)까지 선형으로 감소하고, \\( \\mathrm { L } _ {\\mathrm { m } } \\) 양단에 인가되는 전압 \\( \\mathrm { v } _ {\\mathrm { m } } \\)은 아래와 같이 구해진다.",
                        "clue_start": "449",
                        "clue_end": "694"
                    },
                    {
                        "clue_text": "이때, 2차 전류 \\( \\mathrm { i } _ {\\mathrm { s } } \\)의 평균은 출력전류 \\( \\mathrm { I } _ { o } \\)와 같음을 이용하면 \\( \\mathrm { I } _ {\\mathrm { M } } \\)은 아래와 같이 표현된다.",
                        "clue_start": "990",
                        "clue_end": "1139"
                    }
                ],
                "terminology": [
                    {
                        "word": "등가회로"
                    },
                    {
                        "word": "변압기"
                    },
                    {
                        "word": "스위치"
                    },
                    {
                        "word": "스위칭"
                    },
                    {
                        "word": "스위칭 주기"
                    },
                    {
                        "word": "오프-모드"
                    },
                    {
                        "word": "자화전류"
                    },
                    {
                        "word": "전류"
                    },
                    {
                        "word": "출력전류"
                    }
                ]
            },
            {
                "context_id": "55e-0c9-merge_ed_034b7f4e-4b67dd6f-50da-4263-a757-65b28aca5429_03",
                "context_K-NSCC": {
                    "field": "인공물",
                    "large_category": "ED",
                    "medium_category": "03"
                },
                "context": "<p>\\( I_ { M } =k I_ { o } /(1-D) \\)<caption>(3)</caption></p> <p>식 (1)과 (2)를 이용하여 자화 인덕턴스에 전압-시간 평형조건을 적용하고, \\( \\mathrm { i } _ {\\mathrm { m } } = \\mathrm { I } _ {\\mathrm { M } } \\)의 가정에 따라 식 (3)을 이용하여 \\( \\mathrm { i } _ {\\mathrm { m } } \\)을 소거한 후, \\( \\mathrm { I } _ { o } = \\mathrm { V } _ { o } / \\mathrm { R } _ { o } \\)를 이용하여 \\( \\mathrm { I } _ { o } \\)를 소거하면, TIB 컨버터의 정상상태 입출력 승압비를 아래와 같이 구할 수 있다.</p> <p>\\( \\frac { V_ { o } } { V_ { i } } = \\frac { 1 + N D } { 1-D + \\frac { k ^ { 2 } D } { 1-D } \\left ( \\frac { R_ { p } } { R_ { o } } + \\frac { R_ { d s } } { R_ { o } } \\right ) + \\frac { R_ { p } } { R_ { o } } } \\)<caption>(4)</caption>이 식 (4)에 \\( \\mathrm { N } =0 \\)과 \\( \\mathrm { k } =1 \\)을 대입하면 스위치와 인덕터의 기생저항을 고려한 부스트 컨버터의 정상상태 입출력 승압비의 식이 된다.</p> <p>그림 4는 식 (4)의 정상상태 입출력 승압비를 기존의 부스트 컨버터에 해당하는 \\( \\mathrm { N } =0 \\)의 경우가 포함된 몇 가지 값의 \\( \\mathrm { N } \\)에 대해 \\( \\mathrm { D } \\)의 함수로 도시한 것이다. 파선은 \\( \\mathrm { R } _ {\\mathrm { p } } / \\mathrm { R } _ {\\mathrm { o } } = \\mathrm { R } _ {\\mathrm { d } s } / \\mathrm { R } _ { o } =0 \\)인 이상적인 경우를 보이고 있으며, 실선은 \\( \\mathrm { N } \\) 값의 차이에 따른 특성의 변화가 잘 나타나도록 임의로 \\( \\mathrm { R } _ {\\mathrm { p } } / \\mathrm { R } _ {\\mathrm { o } } = \\mathrm { R } _ {\\mathrm { ds } } / \\mathrm { R } _ { o } =0.003 \\)을 가정한 경우이다.</p>",
                "context_length": 1284,
                "clue": [
                    {
                        "clue_text": "식 (1)과 (2)를 이용하여 자화 인덕턴스에 전압-시간 평형조건을 적용하고, \\( \\mathrm { i } _ {\\mathrm { m } } = \\mathrm { I } _ {\\mathrm { M } } \\)의 가정에 따라 식 (3)을 이용하여 \\( \\mathrm { i } _ {\\mathrm { m } } \\)을 소거한 후, \\( \\mathrm { I } _ { o } = \\mathrm { V } _ { o } / \\mathrm { R } _ { o } \\)를 이용하여 \\( \\mathrm { I } _ { o } \\)를 소거하면, TIB 컨버터의 정상상태 입출력 승압비를 아래와 같이 구할 수 있다.",
                        "clue_start": "66",
                        "clue_end": "406"
                    },
                    {
                        "clue_text": "\\( \\frac { V_ { o } } { V_ { i } } = \\frac { 1 + N D } { 1-D + \\frac { k ^ { 2 } D } { 1-D } \\left ( \\frac { R_ { p } } { R_ { o } } + \\frac { R_ { d s } } { R_ { o } } \\right ) + \\frac { R_ { p } } { R_ { o } } } \\)<caption>(4)</caption>이 식 (4)에 \\( \\mathrm { N } =0 \\)과 \\( \\mathrm { k } =1 \\)을 대입하면 스위치와 인덕터의 기생저항을 고려한 부스트 컨버터의 정상상태 입출력 승압비의 식이 된다.",
                        "clue_start": "414",
                        "clue_end": "763"
                    }
                ],
                "terminology": [
                    {
                        "word": "TIB 컨버터"
                    },
                    {
                        "word": "기생저항"
                    },
                    {
                        "word": "부스트 컨버터"
                    },
                    {
                        "word": "승압비"
                    },
                    {
                        "word": "인덕터"
                    },
                    {
                        "word": "인덕턴스"
                    },
                    {
                        "word": "입출력 승압비"
                    },
                    {
                        "word": "자화"
                    },
                    {
                        "word": "자화 인덕턴스"
                    },
                    {
                        "word": "전압-시간 평형조건"
                    },
                    {
                        "word": "컨버터"
                    },
                    {
                        "word": "파선"
                    },
                    {
                        "word": "평형조건"
                    },
                    {
                        "word": "함수"
                    }
                ]
            },
            {
                "context_id": "55e-0c9-merge_ed_034b7f4e-4b67dd6f-50da-4263-a757-65b28aca5429_11",
                "context_K-NSCC": {
                    "field": "인공물",
                    "large_category": "ED",
                    "medium_category": "03"
                },
                "context": "<p>윗 식에서 \\( \\mathrm { I } _ {\\mathrm { s } , \\mathrm { RMS } } \\), \\( \\mathrm { I } _ {\\mathrm { p } , \\mathrm { RMS } } \\), \\( \\mathrm { N } _ {\\mathrm { p } } \\)는 식 (11), (12), (16)으로 구해지는데, 이들 모두 공극의 길이 \\( \\mathrm { l } _ { g } \\)에 의해 결정되는 값이다. 이들 중 \\( \\mathrm { I } _ {\\mathrm { s } , \\mathrm { RMS } } \\)와 \\( \\mathrm { I } _ {\\mathrm { p } , \\mathrm { RMS } } \\)는 \\( \\mathrm { l } _ {\\mathrm { g } } \\)의 증가에 따라 경계 모드 (Boundary Conduction Mode) 에서의 최대값 대비 약 \\( 87 \\% \\) 수준의 최소값으로 수렴하여 그 감소의 경향이 매우 완만하다. 반면, \\( \\mathrm { N } _ {\\mathrm { p } } \\)의 경우 \\( \\mathrm { l } _ {\\mathrm { g } } \\)에 대해 거의 정비례 관계로 지속적으로 증가하므로, 이들의 곱과 합으로 이루어지는 식 (20)의 도통손실은 \\( l_ { g } \\)가 커질수록 단조적으로 증가하는 경향을 보이는데, 이 점은 다음 장에서 다시 확인된다.</p> <p>한편, 식 (20)의 \\( \\mathrm { A } _ {\\mathrm { p } } \\)에 따른 경향은, 분모가 0이 되는 두 점에서 무한대로 발산하며 이 두 점 사이에 최소점이 존재한다. 따라서, 식 (20)을 \\( \\mathrm { A } _ {\\mathrm { p } } \\)에 대해 최적화하기 위해 \\( \\mathrm { A } _ { p } \\)에 대한 미분식을 0 놓고 풀면, 아래와 같이 식 (20)을 최소화하는 \\( \\mathrm { A } _ { p } \\)의 값을 구할 수 있다.</p> <p>\\( A_ { p } = \\frac { K_ { u } A_ { w } / N_ { p } } { 1 + N \\frac { V_ { i } \\sqrt { D } } {\\sqrt { D V_ { i } ^ { 2 } + (1-D) \\left (V_ { o } -V_ { i } \\right ) ^ { 2 } } } \\sqrt {\\frac { M L T_ { s } } { M L T_ { p } } } } \\)<caption>(21)</caption>이 식은 \\( l_ {\\mathrm { g } } \\)에 의해 결정되는 \\( \\mathrm { N } _ {\\mathrm { p } } \\)에 의해 결정이 된다.</p>",
                "context_length": 1355,
                "clue": [
                    {
                        "clue_text": "이들 중 \\( \\mathrm { I } _ {\\mathrm { s } , \\mathrm { RMS } } \\)와 \\( \\mathrm { I } _ {\\mathrm { p } , \\mathrm { RMS } } \\)는 \\( \\mathrm { l } _ {\\mathrm { g } } \\)의 증가에 따라 경계 모드 (Boundary Conduction Mode) 에서의 최대값 대비 약 \\( 87 \\% \\) 수준의 최소값으로 수렴하여 그 감소의 경향이 매우 완만하다.",
                        "clue_start": "248",
                        "clue_end": "507"
                    },
                    {
                        "clue_text": "반면, \\( \\mathrm { N } _ {\\mathrm { p } } \\)의 경우 \\( \\mathrm { l } _ {\\mathrm { g } } \\)에 대해 거의 정비례 관계로 지속적으로 증가하므로, 이들의 곱과 합으로 이루어지는 식 (20)의 도통손실은 \\( l_ { g } \\)가 커질수록 단조적으로 증가하는 경향을 보이는데, 이 점은 다음 장에서 다시 확인된다.",
                        "clue_start": "508",
                        "clue_end": "715"
                    }
                ],
                "terminology": [
                    {
                        "word": "Conduction"
                    },
                    {
                        "word": "RMS"
                    },
                    {
                        "word": "경계 모드"
                    },
                    {
                        "word": "단조적"
                    },
                    {
                        "word": "도통손실"
                    },
                    {
                        "word": "미분식"
                    },
                    {
                        "word": "수렴"
                    }
                ]
            },
            {
                "context_id": "55e-0c9-merge_ed_034b7f4e-4b67dd6f-50da-4263-a757-65b28aca5429_14",
                "context_K-NSCC": {
                    "field": "인공물",
                    "large_category": "ED",
                    "medium_category": "03"
                },
                "context": "<p>그림 8은 \\( \\mathrm { l } _ { g } \\)의 값에 따른 \\( \\mathrm { N } _ {\\mathrm { p } } \\)와 \\( \\mathrm { L } _ {\\mathrm { m } } \\)의 경향을 보인 것으로, \\( \\mathrm { l } _ { g } \\)가 증가할수록 최대 자속밀도를 \\( \\mathrm { B } _ {\\mathrm { pk } } \\)로 유지하기 위한 \\( \\mathrm { N } _ {\\mathrm { p } } \\)와 \\( \\mathrm { L } _ {\\mathrm { m } } \\)이 단조적으로 증가함을 알 수 있다. 그림 9는 \\( \\mathrm { l } _ { g } \\)의 값에 따른 \\( A_ { p } \\)와 \\( A_ { s } \\)의 경향을 보인 것으로, \\( \\mathrm { l } _ { g } \\)가 증가할수록 요구되는 권선의 턴 수가 증가하여 사용 가능한 권선의 단면적이 줄어듦을 보이고 있다. 그림 10은 \\( \\mathrm { l } _ {\\mathrm { g } } \\)의 값에 따른 \\( \\Delta \\mathrm { B } \\)와 \\( \\mathrm { P } _ {\\mathrm { w } } \\)의 경향을 보인 것으로, \\( \\mathrm { l } _ {\\mathrm { g } } \\)가 증가할수록 \\( \\Delta \\mathrm { B } \\)는 단조적으로 감소하는 반면, \\( \\mathrm { P } _ {\\mathrm { w } } \\)의 경우 앞 장에서 식 (20)을 통해 정성적으로 분석한 바와 같이 단조적으로 증가하는 경향을 보여, 탭인덕터의 코어손실과 도통손실 사이의 명확한 트레이드오프 관계를 확인할 수 있다.</p> <p>그림 8, 9, 10의 참조하면서 탭인덕터 제조사의 코어 공극에 대한 관리기준을 감안하여 \\( \\mathrm { l } _ {\\mathrm { g } } =0.2 \\mathrm { mm } \\)로 선정하면, \\( \\mathrm { N } _ {\\mathrm { p } } =13 \\), \\( \\mathrm { N } _ {\\mathrm { s } } =39 \\), \\( \\mathrm { L } _ {\\mathrm { m } } =80 \\mu \\mathrm { H } \\), \\( \\mathrm { A } _ {\\mathrm { p } } =0.55 \\mathrm { mm } ^ { 2 } \\), \\( \\mathrm { A } _ {\\mathrm { s } } =0.085 \\mathrm { mm } ^ { 2 } \\)와 같이 모든 설계 파라미터들을 결정할 수 있다. 이때, 탭인덕터의 도통손실은 \\( 0.18 \\mathrm { W } \\)로 계산되며, \\( \\Delta \\mathrm { B } \\)는 \\( 0.084 \\mathrm { T } \\)가 계산된다. 코어의 체적이 \\( 1.3 \\mathrm { cm } ^ { 3 } \\)로 주어진 경우를 가정하면, 코어의 사양으로 주어지는 \\( \\Delta \\mathrm { B } - \\mathrm { W } / \\mathrm { cm } ^ { 3 } \\) 특성으로부터 \\( 0.05 \\mathrm { W } \\)의 코어손실이 계산된다. 탭인덕터의 도통손실과 코어손실의 배분을 조정할 필요가 있는 경우 그림 10을 참조하여 공극의 길이 \\( \\mathrm { l } _ {\\mathrm { g } } \\)를 재조정한다.</p>",
                "context_length": 1694,
                "clue": [
                    {
                        "clue_text": "그림 10은 \\( \\mathrm { l } _ {\\mathrm { g } } \\)의 값에 따른 \\( \\Delta \\mathrm { B } \\)와 \\( \\mathrm { P } _ {\\mathrm { w } } \\)의 경향을 보인 것으로, \\( \\mathrm { l } _ {\\mathrm { g } } \\)가 증가할수록 \\( \\Delta \\mathrm { B } \\)는 단조적으로 감소하는 반면, \\( \\mathrm { P } _ {\\mathrm { w } } \\)의 경우 앞 장에서 식 (20)을 통해 정성적으로 분석한 바와 같이 단조적으로 증가하는 경향을 보여, 탭인덕터의 코어손실과 도통손실 사이의 명확한 트레이드오프 관계를 확인할 수 있다.",
                        "clue_start": "496",
                        "clue_end": "858"
                    },
                    {
                        "clue_text": "그림 8, 9, 10의 참조하면서 탭인덕터 제조사의 코어 공극에 대한 관리기준을 감안하여 \\( \\mathrm { l } _ {\\mathrm { g } } =0.2 \\mathrm { mm } \\)로 선정하면,",
                        "clue_start": "866",
                        "clue_end": "981"
                    },
                    {
                        "clue_text": "이때, 탭인덕터의 도통손실은 \\( 0.18 \\mathrm { W } \\)로 계산되며, \\( \\Delta \\mathrm { B } \\)는 \\( 0.084 \\mathrm { T } \\)가 계산된다.",
                        "clue_start": "1297",
                        "clue_end": "1405"
                    },
                    {
                        "clue_text": "코어의 체적이 \\( 1.3 \\mathrm { cm } ^ { 3 } \\)로 주어진 경우를 가정하면, 코어의 사양으로 주어지는 \\( \\Delta \\mathrm { B } - \\mathrm { W } / \\mathrm { cm } ^ { 3 } \\) 특성으로부터 \\( 0.05 \\mathrm { W } \\)의 코어손실이 계산된다.",
                        "clue_start": "1406",
                        "clue_end": "1588"
                    },
                    {
                        "clue_text": "탭인덕터의 도통손실과 코어손실의 배분을 조정할 필요가 있는 경우 그림 10을 참조하여 공극의 길이 \\( \\mathrm { l } _ {\\mathrm { g } } \\)를 재조정한다.",
                        "clue_start": "1589",
                        "clue_end": "1690"
                    }
                ],
                "terminology": [
                    {
                        "word": "단조적"
                    },
                    {
                        "word": "도통손실"
                    },
                    {
                        "word": "자속밀도"
                    },
                    {
                        "word": "코어손실"
                    },
                    {
                        "word": "탭인덕터"
                    },
                    {
                        "word": "트레이드오프"
                    }
                ]
            },
            {
                "context_id": "55e-0c9-merge_ed_034b7f4e-4b67dd6f-50da-4263-a757-65b28aca5429_01",
                "context_K-NSCC": {
                    "field": "인공물",
                    "large_category": "ED",
                    "medium_category": "03"
                },
                "context": "<p>본 논문에서는 전류연속 모드로 동작하는 TIB 컨버터의 동작을 간단히 되짚고 특성을 상세히 분석하며, 탭인덕터의 손실을 최적화하는 세부 설계가 포함된 설계기준을 제시한다. 또한, \\( 12 \\mathrm { V } \\) 입력의 \\( 120 \\mathrm { V } \\) \\(0.25 \\mathrm { A } \\) LED 조명의 사례를 통해 설계의 유효성을 검증한다.</p> <h1>2. Steady-state analysis</h1> <h2>2.1 입출력 승압비</h2> <p>TIB 컨버터의 회로를 그림 1에 보이고 있다. 탭인덕터의 턴 비는 \\( \\mathrm { N } = \\mathrm { N } _ {\\mathrm { s } } / \\mathrm { N } _ {\\mathrm { p } } \\)와 같으며, 1차 측의 자화 인덕턴스는 \\( \\mathrm { L } _ {\\mathrm { m } } \\)과 같고, 수식 전개의 편의를 위해 \\( 1 + \\mathrm { N } = \\mathrm { k } \\)라고 한다. 승압회로의 특성 상 입력 측의 높은 전류로 인한 기생저항의 영향이 유의하므로 탭인덕터 1차 권선의 저항 \\( \\mathrm { R } _ {\\mathrm { p } } \\)와 스위치 \\( \\mathrm { M } _ { 1 } \\)의 도통저항 \\( \\mathrm { R } _ {\\mathrm { ds } } \\)를 분석에 고려한다. 단, \\( \\mathrm { L } _ {\\mathrm { m } } \\)은 그 값이 충분히 크다고 가정하여 \\( \\mathrm { R } _ {\\mathrm { p } } \\)와 \\( \\mathrm { R } _ {\\mathrm { ds } } \\)가 전류의 기울기에 지수적으로 미치는 영향은 무시하며, 입력전압 \\( \\mathrm { V } _ {\\mathrm { i } } \\)와 출력전압 \\( \\mathrm { V } _ { 0 } \\)는 리플없이 일정하다고 가정하고, 스위치의 듀티와 주파수를 각각 \\( \\mathrm { D } \\)와 \\( \\mathrm { f } =1 / \\mathrm { T } \\)라고 할 때, 주요 동작파형은 그림 2와 같다.</p> <p>온-모드 [0~DT]: 스위치 \\( \\mathrm { M } _ { 1 } \\)이 턴-온되어 있는 모드로 등가회로는 그림 3(a)와 같다. 출력 다이오드 \\( \\mathrm { D } _ { 1 } \\)이 턴-오프되어 2차 권선이 개방되어 있으므로 1차 전류 \\( \\mathrm { i } _ {\\mathrm { p } } \\)는 자화전류 \\( \\mathrm { i } _ {\\mathrm { m } } \\)과 동일하다. 이 모드에서 자화전류 \\( \\mathrm { i } _ {\\mathrm { m } } \\)은 \\( \\mathrm { I } _ {\\mathrm { M } 1 } \\)에서 \\( \\mathrm { I } _ {\\mathrm { M } 2 } \\)까지 선형으로 증가하며, 자화 인덕턴스 \\( \\mathrm { L } _ {\\mathrm { m } } \\)의 양단에 인가되는 전압 \\( \\mathrm { v } _ {\\mathrm { m } } \\)은 아래와 같다.</p>",
                "context_length": 1583,
                "clue": [
                    {
                        "clue_text": "본 논문에서는 전류연속 모드로 동작하는 TIB 컨버터의 동작을 간단히 되짚고 특성을 상세히 분석하며, 탭인덕터의 손실을 최적화하는 세부 설계가 포함된 설계기준을 제시한다.",
                        "clue_start": "3",
                        "clue_end": "98"
                    },
                    {
                        "clue_text": "또한, \\( 12 \\mathrm { V } \\) 입력의 \\( 120 \\mathrm { V } \\) \\(0.25 \\mathrm { A } \\) LED 조명의 사례를 통해 설계의 유효성을 검증한다.",
                        "clue_start": "99",
                        "clue_end": "207"
                    },
                    {
                        "clue_text": "승압회로의 특성 상 입력 측의 높은 전류로 인한 기생저항의 영향이 유의하므로 탭인덕터 1차 권선의 저항 \\( \\mathrm { R } _ {\\mathrm { p } } \\)와 스위치 \\( \\mathrm { M } _ { 1 } \\)의 도통저항 \\( \\mathrm { R } _ {\\mathrm { ds } } \\)를 분석에 고려한다.",
                        "clue_start": "523",
                        "clue_end": "709"
                    },
                    {
                        "clue_text": "단, \\( \\mathrm { L } _ {\\mathrm { m } } \\)은 그 값이 충분히 크다고 가정하여 \\( \\mathrm { R } _ {\\mathrm { p } } \\)와 \\( \\mathrm { R } _ {\\mathrm { ds } } \\)가 전류의 기울기에 지수적으로 미치는 영향은 무시하며, 입력전압 \\( \\mathrm { V } _ {\\mathrm { i } } \\)와 출력전압 \\( \\mathrm { V } _ { 0 } \\)는 리플없이 일정하다고 가정하고, 스위치의 듀티와 주파수를 각각 \\( \\mathrm { D } \\)와 \\( \\mathrm { f } =1 / \\mathrm { T } \\)라고 할 때, 주요 동작파형은 그림 2와 같다.",
                        "clue_start": "710",
                        "clue_end": "1079"
                    },
                    {
                        "clue_text": "온-모드 [0~DT]: 스위치 \\( \\mathrm { M } _ { 1 } \\)이 턴-온되어 있는 모드로 등가회로는 그림 3(a)와 같다.",
                        "clue_start": "1087",
                        "clue_end": "1164"
                    }
                ],
                "terminology": [
                    {
                        "word": "LED"
                    },
                    {
                        "word": "Steady-state"
                    },
                    {
                        "word": "TIB 컨버터"
                    },
                    {
                        "word": "기생저항"
                    },
                    {
                        "word": "기울기"
                    },
                    {
                        "word": "다이오드"
                    },
                    {
                        "word": "도통저항"
                    },
                    {
                        "word": "동작파형"
                    },
                    {
                        "word": "등가회로"
                    },
                    {
                        "word": "설계기준"
                    },
                    {
                        "word": "스위치"
                    },
                    {
                        "word": "승압비"
                    },
                    {
                        "word": "승압회로"
                    },
                    {
                        "word": "온-모드"
                    },
                    {
                        "word": "인덕턴스"
                    },
                    {
                        "word": "입출력 승압비"
                    },
                    {
                        "word": "자화"
                    },
                    {
                        "word": "자화 인덕턴스"
                    },
                    {
                        "word": "자화전류"
                    },
                    {
                        "word": "전개"
                    },
                    {
                        "word": "전류"
                    },
                    {
                        "word": "전류연속"
                    },
                    {
                        "word": "주파수"
                    },
                    {
                        "word": "지수적"
                    },
                    {
                        "word": "출력 다이오드"
                    },
                    {
                        "word": "출력전압"
                    },
                    {
                        "word": "컨버터"
                    },
                    {
                        "word": "컨버터의 회로"
                    },
                    {
                        "word": "탭인덕터"
                    },
                    {
                        "word": "회로"
                    }
                ]
            },
            {
                "context_id": "55e-0c9-merge_ed_034b7f4e-4b67dd6f-50da-4263-a757-65b28aca5429_10",
                "context_K-NSCC": {
                    "field": "인공물",
                    "large_category": "ED",
                    "medium_category": "03"
                },
                "context": "<p>\\( K_ { u } A_ { w } =N_ { p } A_ { p } + N_ { s } A_ { s } \\)<caption>(17)</caption></p></p> <p>그리고, 코어의 형태에 의해 결정이 되는 탭인덕터의 1차와 2차 권선의 턴 당 평균 길이 (Mean Length per Turn) 를 각각 \\( \\mathrm { MLT } _ {\\mathrm { p } } , \\mathrm { MLT } _ {\\mathrm { s } } \\)라고 하면, 각 권선에서의 도통손실 \\( \\mathrm { P } _ {\\mathrm { p } } , \\mathrm { P } _ {\\mathrm { s } } \\)는 아래와 같이 구해진다.</p> <p>\\( P_ { p } = \\rho I_ { p, R M S } ^ { 2 } \\frac { N_ { p } M L T_ { p } } { A_ { p } } \\)<caption>(18)</caption></p> <p>\\( P_ { s } = \\rho I_ { s, R M S } ^ { 2 } \\frac { N_ { s } M L T_ { s } } { A_ { s } } \\)<caption>(19)</caption></p> <p>여기서, \\( \\rho \\)는 구리선의 저항율로 보통 \\( 1.72 \\times 10 ^ { -8 } \\Omega \\mathrm { m } \\)의 값을 가지며, 이들 각 권선의 도통손실의 합을 취하고 식 (17)을 이용하여 \\( \\mathrm { A } _ {\\mathrm { s } } \\)를 소거하면, 아래와 같이 탭인덕터 권선에서의 도통손실 \\( \\mathrm { P } _ {\\mathrm { w } } \\)를 구할 수 있다.</p> <p>\\( P_ { w } = \\frac {\\rho I_ { s, R M S } ^ { 2 } \\left (N_ { p } N \\right ) ^ { 2 } M L T_ { s } } { K_ { u } A_ { w } -N_ { p } A_ { p } } + \\frac {\\rho I_ { p, R M S } ^ { 2 } N_ { p } M L T_ { p } } { A_ { p } } \\)<caption>(20)</caption></p>",
                "context_length": 1107,
                "clue": [
                    {
                        "clue_text": "그리고, 코어의 형태에 의해 결정이 되는 탭인덕터의 1차와 2차 권선의 턴 당 평균 길이 (Mean Length per Turn) 를 각각 \\( \\mathrm { MLT } _ {\\mathrm { p } } , \\mathrm { MLT } _ {\\mathrm { s } } \\)라고 하면, 각 권선에서의 도통손실 \\( \\mathrm { P } _ {\\mathrm { p } } , \\mathrm { P } _ {\\mathrm { s } } \\)는 아래와 같이 구해진다.",
                        "clue_start": "100",
                        "clue_end": "362"
                    }
                ],
                "terminology": [
                    {
                        "word": "Length"
                    },
                    {
                        "word": "MLT"
                    },
                    {
                        "word": "도통손실"
                    },
                    {
                        "word": "저항율"
                    },
                    {
                        "word": "탭인덕터"
                    }
                ]
            },
            {
                "context_id": "55e-0c9-merge_ed_034b7f4e-4b67dd6f-50da-4263-a757-65b28aca5429_07",
                "context_K-NSCC": {
                    "field": "인공물",
                    "large_category": "ED",
                    "medium_category": "03"
                },
                "context": "<p>\\( I_ { s, R M S } = \\sqrt {\\frac { 1 } { 1-D } } \\sqrt { I_ { o } ^ { 2 } + \\frac { 1 } { 12 } \\left ( \\frac { D V_ { i } } { L_ { m } f } \\right ) ^ { 2 } \\left ( \\frac { D V_ { i } } { V_ { o } -V_ { i } } \\right ) ^ { 2 } } \\)<caption>(11)</caption></p> <p>\\( I_ { p, R M S } = \\sqrt { I_ { d s, R M S } ^ { 2 } + I_ { s, R M S } ^ { 2 } } \\)<caption>(12)</caption></p> <p>\\( I_ { c, R M S } = \\sqrt { I_ { s, R M S } ^ { 2 } -I_ { o } ^ { 2 } } \\)<caption>(13)</caption></p> <p>그림 7은 \\( \\mathrm { V } _ {\\mathrm { i } } =12 \\mathrm { V } \\), \\( \\mathrm { V } _ {\\mathrm { o } } =120 \\mathrm { V } \\), \\( \\mathrm { I } _ { o } =0.25 \\mathrm { A } \\), \\( \\mathrm { f } =100 \\mathrm { kHz } \\), \\( \\mathrm { L } _ {\\mathrm { m } } =80 \\mu \\mathrm { H } \\)의 조건을 가정하여 식 (10)~(13)을 듀티 \\( \\mathrm { D } \\)의 함수로 도시한 것이다. 1차 전류 \\( \\mathrm { I } _ {\\mathrm { p } , \\mathrm { RMS } } \\)와 \\( \\mathrm { I } _ {\\mathrm { ds } , \\mathrm { RMS } } \\)는 \\( \\mathrm { D } \\)가 높을수록 작아지나, 2차 전류 \\( \\mathrm { I } _ {\\mathrm { s } , \\mathrm { RMS } } \\)와 \\( \\mathrm { I } _ {\\mathrm { c } , \\mathrm { RMS } } \\)는 반대로 \\( \\mathrm { D } \\)가 낮을수록 작아지는 트레이드오프가 있다.</p>",
                "context_length": 1148,
                "clue": [
                    {
                        "clue_text": "그림 7은 \\( \\mathrm { V } _ {\\mathrm { i } } =12 \\mathrm { V } \\), \\( \\mathrm { V } _ {\\mathrm { o } } =120 \\mathrm { V } \\), \\( \\mathrm { I } _ { o } =0.25 \\mathrm { A } \\), \\( \\mathrm { f } =100 \\mathrm { kHz } \\), \\( \\mathrm { L } _ {\\mathrm { m } } =80 \\mu \\mathrm { H } \\)의 조건을 가정하여 식 (10)~(13)을 듀티 \\( \\mathrm { D } \\)의 함수로 도시한 것이다.",
                        "clue_start": "486",
                        "clue_end": "820"
                    },
                    {
                        "clue_text": "1차 전류 \\( \\mathrm { I } _ {\\mathrm { p } , \\mathrm { RMS } } \\)와 \\( \\mathrm { I } _ {\\mathrm { ds } , \\mathrm { RMS } } \\)는 \\( \\mathrm { D } \\)가 높을수록 작아지나, 2차 전류 \\( \\mathrm { I } _ {\\mathrm { s } , \\mathrm { RMS } } \\)와 \\( \\mathrm { I } _ {\\mathrm { c } , \\mathrm { RMS } } \\)는 반대로 \\( \\mathrm { D } \\)가 낮을수록 작아지는 트레이드오프가 있다.",
                        "clue_start": "821",
                        "clue_end": "1144"
                    }
                ],
                "terminology": [
                    {
                        "word": "RMS"
                    },
                    {
                        "word": "전류"
                    },
                    {
                        "word": "트레이드오프"
                    },
                    {
                        "word": "함수"
                    }
                ]
            },
            {
                "context_id": "55e-0c9-merge_ed_034b7f4e-4b67dd6f-50da-4263-a757-65b28aca5429_06",
                "context_K-NSCC": {
                    "field": "인공물",
                    "large_category": "ED",
                    "medium_category": "03"
                },
                "context": "<p>출력전류 \\( \\mathrm { I } _ { o } \\)는 2차 전류 \\( \\mathrm { i } _ {\\mathrm { s } } \\)의 평균과 같고 온-모드 구간에서의 1차 전류 \\( \\mathrm { i } _ {\\mathrm { p } } \\)의 증분은 \\( \\mathrm { DV } _ {\\mathrm { i } } / \\mathrm { L } _ {\\mathrm { m } } \\mathrm { f } \\)와 같음을 이용하여 스위칭 주기 내 자화전류 \\( \\mathrm { i } _ {\\mathrm { m } } \\)의 최소값 \\( \\mathrm { I } _ {\\mathrm { M } 1 } \\)과 최대값 \\( \\mathrm { I } _ {\\mathrm { M } 2 } \\)를 구한 후, 식 (5)를 이용하여 각 식에서 \\( \\mathrm { N } \\)을 소거하면 아래 식을 얻을 수 있다.</p> <p>\\( I_ { M1 } = \\frac { I_ { o } } { D } \\left ( \\frac { V_ { o } } { V_ { i } } -1 \\right )- \\frac { DV_ { i } } { 2 L_ { m } f } \\)<caption>(8)</caption></p> <p>\\( I_ { M 2 } = \\frac { I_ { o } } { D } \\left ( \\frac { V_ { o } } { V_ { i } } -1 \\right ) + \\frac { D V_ { i } } { 2 L_ { m } f } \\)<caption>(9)</caption></p> <p>그림 2의 각 전류 파형을 분석하여 실효전류를 계산하고, 식 (5), (8), (9)를 이용하여 \\( \\mathrm { N } , \\mathrm { I } _ {\\mathrm { M } 1 } , \\mathrm { I } _ {\\mathrm { M } 2 } \\)를 소거하면 아래와 같은 결과를 얻을 수 있다.</p> <p>\\( I_ { d s, R M S } = \\frac { V_ { o } -V_ { i } } {\\sqrt { D } V_ { i } } \\sqrt { I_ { o } ^ { 2 } + \\frac { 1 } { 12 } \\left ( \\frac { D V_ { i } } { L_ { m } f } \\right ) ^ { 2 } \\left ( \\frac { D V_ { i } } { V_ { o } -V_ { i } } \\right ) ^ { 2 } } \\)<caption>(10)</caption></p>",
                "context_length": 1259,
                "clue": [
                    {
                        "clue_text": "출력전류 \\( \\mathrm { I } _ { o } \\)는 2차 전류 \\( \\mathrm { i } _ {\\mathrm { s } } \\)의 평균과 같고 온-모드 구간에서의 1차 전류 \\( \\mathrm { i } _ {\\mathrm { p } } \\)의 증분은 \\( \\mathrm { DV } _ {\\mathrm { i } } / \\mathrm { L } _ {\\mathrm { m } } \\mathrm { f } \\)와 같음을 이용하여 스위칭 주기 내 자화전류 \\( \\mathrm { i } _ {\\mathrm { m } } \\)의 최소값 \\( \\mathrm { I } _ {\\mathrm { M } 1 } \\)과 최대값 \\( \\mathrm { I } _ {\\mathrm { M } 2 } \\)를 구한 후, 식 (5)를 이용하여 각 식에서 \\( \\mathrm { N } \\)을 소거하면 아래 식을 얻을 수 있다.",
                        "clue_start": "3",
                        "clue_end": "460"
                    },
                    {
                        "clue_text": "그림 2의 각 전류 파형을 분석하여 실효전류를 계산하고, 식 (5), (8), (9)를 이용하여 \\( \\mathrm { N } , \\mathrm { I } _ {\\mathrm { M } 1 } , \\mathrm { I } _ {\\mathrm { M } 2 } \\)를 소거하면 아래와 같은 결과를 얻을 수 있다.",
                        "clue_start": "795",
                        "clue_end": "968"
                    }
                ],
                "terminology": [
                    {
                        "word": "DV"
                    },
                    {
                        "word": "M1"
                    },
                    {
                        "word": "스위칭"
                    },
                    {
                        "word": "스위칭 주기"
                    },
                    {
                        "word": "실효전류"
                    },
                    {
                        "word": "온-모드"
                    },
                    {
                        "word": "자화전류"
                    },
                    {
                        "word": "전류"
                    },
                    {
                        "word": "출력전류"
                    },
                    {
                        "word": "파형"
                    }
                ]
            },
            {
                "context_id": "55e-0c9-merge_ed_034b7f4e-4b67dd6f-50da-4263-a757-65b28aca5429_16",
                "context_K-NSCC": {
                    "field": "인공물",
                    "large_category": "ED",
                    "medium_category": "03"
                },
                "context": "<p>그림 13은 동일한 코어를 사용하여 몇 가지 서로 다른 턴 비로 재설계된 탭인덕터를 사용하여 \\( \\mathrm { V } _ {\\mathrm { i } } =12 \\mathrm { V } \\), \\( \\mathrm { V } _ { o } =120 \\mathrm { V } \\), \\( \\mathrm { I } _ { o } =0.25 \\mathrm { A } \\)의 사양을 만족하는 듀티를 실험적으로 구해서 그림 5의 이론치와 비교하여 도시한 것이다. 각 경우에 대한 측정 효율도 함께 도시하였다. 탭인덕터의 턴 비가 높을수록 동작 듀티가 낮아지기는 하지만 이론치에 비해서는 점차 높아지면서 그 차이가 증가하는 경향을 보이는데, 이는 듀티가 낮을수록 입력전류의 피크치와 실효치가 점차 증가하여 기생저항에 의한 손실이 증가함에 따라 이상적인 조건의 이론적 듀티만으로 요구되는 출력을 얻지 못함에 따르는 결과이다. 그림 13의 측정 효율도 듀티가 낮을수록 급격히 낮아짐을 보이고 있다.</p> <p>그림 14는 그림 13에서 실험된 각 조건에 대하여 스위치와 다이오드의 전압 스트레스를 측정하여 그림 6의 이론치와 비교한 결과이다. 그림 13에서 확인된 바와 마찬가지로 탭인덕터의 턴 비가 높아짐에 따라 주어진 입출력 사양에 대해 이상적인 조건의 이론치보다 높은 동작 듀티를 필요로 하므로 스위치 전압 스트레스는 이론치보다 낮아지고 다이오드 전압 스트레스는 이론치보다 높아지는 경향을 보인다.</p> <h1>6. 결 론</h1> <p>본 논문에서는 저전압 태양광 에너지를 이용하는 고승압비 LED 구동 응용을 위한 전류연속 모드 TIB 회로 방식의 특성을 정량적으로 상세히 분석하여 서로 트레이드오프 관계에 있는 여러 특성들을 확인하였으며, 이를 바탕으로 탭인덕터의 손실을 고려한 설계기준을 제시하였다. 특히, 탭 인덕터의 턴 비가 높을수록 동작 듀티와 스위치에 인가되는 전압 스트레스는 낮아지는 반면 입력전류의 실효치가 높아져 손실이 크게 증가하고, 이로 인해 컨버터가 낼 수 있는 최대 승압비가 낮아지는 특성이 있음을 확인하였다. 따라서, 요구되는 동작 사양과 특성을 만족하는 한 동작 듀티는 되도록 높게하고 탭인덕터의 턴 비는 되도록 낮게 하는 것이 바람직하다.</p>",
                "context_length": 1108,
                "clue": [
                    {
                        "clue_text": "탭인덕터의 턴 비가 높을수록 동작 듀티가 낮아지기는 하지만 이론치에 비해서는 점차 높아지면서 그 차이가 증가하는 경향을 보이는데, 이는 듀티가 낮을수록 입력전류의 피크치와 실효치가 점차 증가하여 기생저항에 의한 손실이 증가함에 따라 이상적인 조건의 이론적 듀티만으로 요구되는 출력을 얻지 못함에 따르는 결과이다.",
                        "clue_start": "284",
                        "clue_end": "458"
                    },
                    {
                        "clue_text": "본 논문에서는 저전압 태양광 에너지를 이용하는 고승압비 LED 구동 응용을 위한 전류연속 모드 TIB 회로 방식의 특성을 정량적으로 상세히 분석하여 서로 트레이드오프 관계에 있는 여러 특성들을 확인하였으며, 이를 바탕으로 탭인덕터의 손실을 고려한 설계기준을 제시하였다.",
                        "clue_start": "750",
                        "clue_end": "900"
                    },
                    {
                        "clue_text": "따라서, 요구되는 동작 사양과 특성을 만족하는 한 동작 듀티는 되도록 높게하고 탭인덕터의 턴 비는 되도록 낮게 하는 것이 바람직하다.",
                        "clue_start": "1030",
                        "clue_end": "1104"
                    }
                ],
                "terminology": [
                    {
                        "word": "LED"
                    },
                    {
                        "word": "고승압비"
                    },
                    {
                        "word": "기생저항"
                    },
                    {
                        "word": "다이오드"
                    },
                    {
                        "word": "다이오드 전압"
                    },
                    {
                        "word": "동작 듀티"
                    },
                    {
                        "word": "설계기준"
                    },
                    {
                        "word": "스위치"
                    },
                    {
                        "word": "스위치 전압 스트레스"
                    },
                    {
                        "word": "스위치와 다이오드"
                    },
                    {
                        "word": "승압비"
                    },
                    {
                        "word": "실효치"
                    },
                    {
                        "word": "인덕터"
                    },
                    {
                        "word": "입력전류"
                    },
                    {
                        "word": "전류연속"
                    },
                    {
                        "word": "전압 스트레스"
                    },
                    {
                        "word": "컨버터"
                    },
                    {
                        "word": "탭인덕터"
                    },
                    {
                        "word": "트레이드오프"
                    },
                    {
                        "word": "회로"
                    }
                ]
            },
            {
                "context_id": "55e-0c9-merge_ed_034b7f4e-4b67dd6f-50da-4263-a757-65b28aca5429_05",
                "context_K-NSCC": {
                    "field": "인공물",
                    "large_category": "ED",
                    "medium_category": "03"
                },
                "context": "<p>온-모드에서 1차 권선의 전압은 \\( \\mathrm { V } _ {\\mathrm { i } } \\)와 같고 2차 권선에는 \\( \\mathrm { NV } _ {\\mathrm { i } } \\)의 전압이 유기되므로 출력 다이오드 \\( \\mathrm { D } _ { 1 } \\)의 턴-오프 전압 스트레스 \\( \\mathrm { V } _ {\\mathrm { ka } } \\)는 \\( \\mathrm { V } _ {\\mathrm { o } } \\)와 \\( \\mathrm { NV } _ {\\mathrm { i } } \\)의 합으로 구해지는데, 식 (5)를 이용하여 \\( \\mathrm { N } \\)을 소거하면 \\( \\mathrm { V } _ {\\mathrm { ka } } \\)는 아래와 같이 구해진다.</p> <p>\\( V_ { k a } = \\left (V_ { o } -V_ { i } \\right ) / D \\)<caption>(6)</caption></p> <p>오프-모드에서 권선 탭의 전압은 입력전압과 출력전압을 턴 비로 분배한 전압과 같은데, 여기에서도 식 (5)를 이용하여 \\( \\mathrm { N } \\)을 소거하면 스위치 \\( \\mathrm { M } _ { 1 } \\)의 턴-오프 전압 스트레스 \\( V_ {\\mathrm { ds } } \\)를 아래와 같이 구할 수 있다.</p> <p>\\( V_ { d s } =V_ { i } /(1-D) \\)<caption>(7)</caption></p> <p>그림 6은 식 (6)과 (7)로 표현되는 다이오드와 스위치의 전압 스트레스를 \\( \\mathrm { V } _ {\\mathrm { i } } =12 \\mathrm { V } , \\mathrm { V } _ {\\mathrm { o } } =120 \\mathrm { V } \\)의 경우를 가정하여 듀티 \\( \\mathrm { D } \\)의 함수로 나타낸 것이다. 동작 듀티가 높을수록 스위치의 전압 스트레스 \\( \\mathrm { V } _ {\\mathrm { ds } } \\)는 증가하나, 다이오드의 전압 스트레스 \\( \\mathrm { V } _ {\\mathrm { ka } } \\)는 반대로 감소한다. 이는 그림 5에서 확인한 바와 같이 탭인덕터의 턴 비 \\( \\mathrm { N } \\)이 작을 때에는 동작 듀티가 커지고, 반대로 \\( \\mathrm { N } \\)이 클 때에는 동작 듀티가 작아짐에 따르는 현상이다.</p>",
                "context_length": 1208,
                "clue": [
                    {
                        "clue_text": "온-모드에서 1차 권선의 전압은 \\( \\mathrm { V } _ {\\mathrm { i } } \\)와 같고 2차 권선에는 \\( \\mathrm { NV } _ {\\mathrm { i } } \\)의 전압이 유기되므로 출력 다이오드 \\( \\mathrm { D } _ { 1 } \\)의 턴-오프 전압 스트레스 \\( \\mathrm { V } _ {\\mathrm { ka } } \\)는 \\( \\mathrm { V } _ {\\mathrm { o } } \\)와 \\( \\mathrm { NV } _ {\\mathrm { i } } \\)의 합으로 구해지는데, 식 (5)를 이용하여 \\( \\mathrm { N } \\)을 소거하면 \\( \\mathrm { V } _ {\\mathrm { ka } } \\)는 아래와 같이 구해진다.",
                        "clue_start": "3",
                        "clue_end": "397"
                    },
                    {
                        "clue_text": "이는 그림 5에서 확인한 바와 같이 탭인덕터의 턴 비 \\( \\mathrm { N } \\)이 작을 때에는 동작 듀티가 커지고, 반대로 \\( \\mathrm { N } \\)이 클 때에는 동작 듀티가 작아짐에 따르는 현상이다.",
                        "clue_start": "1082",
                        "clue_end": "1204"
                    },
                    {
                        "clue_text": "\\( V_ { k a } = \\left (V_ { o } -V_ { i } \\right ) / D \\)<caption>(6)</caption>",
                        "clue_start": "405",
                        "clue_end": "484"
                    },
                    {
                        "clue_text": "\\( V_ { d s } =V_ { i } /(1-D) \\)<caption>(7)</caption>",
                        "clue_start": "681",
                        "clue_end": "736"
                    }
                ],
                "terminology": [
                    {
                        "word": "다이오드"
                    },
                    {
                        "word": "동작 듀티"
                    },
                    {
                        "word": "스위치"
                    },
                    {
                        "word": "오프-모드"
                    },
                    {
                        "word": "온-모드"
                    },
                    {
                        "word": "유기"
                    },
                    {
                        "word": "전압 스트레스"
                    },
                    {
                        "word": "출력 다이오드"
                    },
                    {
                        "word": "출력전압"
                    },
                    {
                        "word": "탭인덕터"
                    },
                    {
                        "word": "함수"
                    }
                ]
            },
            {
                "context_id": "55e-0c9-merge_ed_034b7f4e-4b67dd6f-50da-4263-a757-65b28aca5429_09",
                "context_K-NSCC": {
                    "field": "인공물",
                    "large_category": "ED",
                    "medium_category": "03"
                },
                "context": "<p>\\( N_ { p } = \\frac { V_ { i } } { N V_ { i } + V_ { o } } \\left \\{\\frac { B_ { p k } l_ { g } } { 2 \\mu_ { 0 } I_ { o } } + \\sqrt {\\left ( \\frac { B_ { p k } l_ { g } } { 2 \\mu_ { 0 } I_ { o } } \\right ) ^ { 2 } - \\frac { l_ { g } \\left (V_ { o } -V_ { i } \\right ) } { 2 \\mu_ { 0 } A_ { c } f I_ { o } } } \\right \\} \\)<caption>(16)</caption></p> <p>이 식의 유일한 미지수는 공극의 길이 \\( 1_ { g } \\)이며, 이 식을 이용하여 구해지는 식 (15)의 \\( \\mathrm { L } _ {\\mathrm { m } } \\) 또한 \\( \\mathrm { l } _ {\\mathrm { g } } \\)를 유일한 미지수로 가진다. 만일, 코어의 최대 자속밀도 \\( \\mathrm { B } _ {\\mathrm { pk } } \\)가 너무 낮게 설정되거나, 공극의 길이 \\( \\mathrm { l } _ {\\mathrm { g } } \\)가 너무 짧거나, 코어의 단면적 \\( \\mathrm { A } _ { c } \\)가 충분히 크지 않으면 식 (16)의 근호 안의 값이 음수가 되어 유효한 \\( \\mathrm { N } _ {\\mathrm { p } } \\)를 구할 수 없다. 이 경우, 보다 높은 포화 자속밀도를 가지는 재질로 코어를 변경하거나, 공극의 길이 \\( \\mathrm { l } _ {\\mathrm { g } } \\)를 늘이거나, 코어의 단면적 \\( \\mathrm { A } _ {\\mathrm { c } } \\)를 늘이는 것을 고려해야 한다.</p> <p>한편, 코어의 권선창 면적 \\( \\mathrm { A } _ {\\mathrm { w } } \\)와 fill factor \\( \\mathrm { K } _ {\\mathrm { u } } \\)가 주어졌을 때, 1차와 2차 권선의 단면적을 각각 \\( \\mathrm { A } _ {\\mathrm { p } } \\)와 \\( \\mathrm { A } _ {\\mathrm { s } } \\)라고 하면 아래의 관계를 얻을 수 있다.</p>",
                "context_length": 1164,
                "clue": [
                    {
                        "clue_text": "\\( N_ { p } = \\frac { V_ { i } } { N V_ { i } + V_ { o } } \\left \\{\\frac { B_ { p k } l_ { g } } { 2 \\mu_ { 0 } I_ { o } } + \\sqrt {\\left ( \\frac { B_ { p k } l_ { g } } { 2 \\mu_ { 0 } I_ { o } } \\right ) ^ { 2 } - \\frac { l_ { g } \\left (V_ { o } -V_ { i } \\right ) } { 2 \\mu_ { 0 } A_ { c } f I_ { o } } } \\right \\} \\)<caption>(16)</caption>",
                        "clue_start": "3",
                        "clue_end": "346"
                    },
                    {
                        "clue_text": "이 식의 유일한 미지수는 공극의 길이 \\( 1_ { g } \\)이며, 이 식을 이용하여 구해지는 식 (15)의 \\( \\mathrm { L } _ {\\mathrm { m } } \\) 또한 \\( \\mathrm { l } _ {\\mathrm { g } } \\)를 유일한 미지수로 가진다.",
                        "clue_start": "354",
                        "clue_end": "511"
                    },
                    {
                        "clue_text": "만일, 코어의 최대 자속밀도 \\( \\mathrm { B } _ {\\mathrm { pk } } \\)가 너무 낮게 설정되거나, 공극의 길이 \\( \\mathrm { l } _ {\\mathrm { g } } \\)가 너무 짧거나, 코어의 단면적 \\( \\mathrm { A } _ { c } \\)가 충분히 크지 않으면 식 (16)의 근호 안의 값이 음수가 되어 유효한 \\( \\mathrm { N } _ {\\mathrm { p } } \\)를 구할 수 없다.",
                        "clue_start": "512",
                        "clue_end": "761"
                    },
                    {
                        "clue_text": "이 경우, 보다 높은 포화 자속밀도를 가지는 재질로 코어를 변경하거나, 공극의 길이 \\( \\mathrm { l } _ {\\mathrm { g } } \\)를 늘이거나, 코어의 단면적 \\( \\mathrm { A } _ {\\mathrm { c } } \\)를 늘이는 것을 고려해야 한다.",
                        "clue_start": "762",
                        "clue_end": "918"
                    },
                    {
                        "clue_text": "한편, 코어의 권선창 면적 \\( \\mathrm { A } _ {\\mathrm { w } } \\)와 fill factor \\( \\mathrm { K } _ {\\mathrm { u } } \\)가 주어졌을 때, 1차와 2차 권선의 단면적을 각각 \\( \\mathrm { A } _ {\\mathrm { p } } \\)와 \\( \\mathrm { A } _ {\\mathrm { s } } \\)라고 하면 아래의 관계를 얻을 수 있다.",
                        "clue_start": "926",
                        "clue_end": "1160"
                    }
                ],
                "terminology": [
                    {
                        "word": "fill factor"
                    },
                    {
                        "word": "권선창 면적"
                    },
                    {
                        "word": "근호"
                    },
                    {
                        "word": "자속밀도"
                    },
                    {
                        "word": "코어의 최대 자속밀도"
                    },
                    {
                        "word": "포화 자속밀도"
                    }
                ]
            },
            {
                "context_id": "55e-0c9-merge_ed_034b7f4e-4b67dd6f-50da-4263-a757-65b28aca5429_00",
                "context_K-NSCC": {
                    "field": "인공물",
                    "large_category": "ED",
                    "medium_category": "03"
                },
                "context": "<h1>1. 서 론</h1> <p>환경 친화적이며 안전하고 거의 무한히 지속되는 태양광 에너지의 장점은 이미 널리 알려진 바이다. 이와 같은 태양광 에너지를 이용한 발전 시스템은, 고비용의 대규모 설비를 이용하여 한 곳에서 집중적으로 생산된 대용량의 전력을 원거리 각 수요처로 송전하는 기존의 발전 인프라와는 달리, 작게는 수 \\( \\mathrm { mW } \\)에서부터 크게는 수 백 \\( \\mathrm { MW } \\) 이상 수준까지 발전 용량을 자유롭게 설계할 수 있는 장점이 있기 때문에, 장치나 건물 또는 소규모 지역 단위의 전력수요를 충족시키기 위한 수단으로 큰 관심을 끌고 있다. 특히, 발전소로부터 전력을 공급받지 못하는 아프리카나 서남아 지역 성장국가들의 경우, 일조량이 풍부한 지역적 특성과 인간개발에 관한 국제사회의 노력에 힘입어 태양광을 이용한 발전 시스템의 보급이 점차 늘어나고 있으며, 산업계에서도 이들 지역에 특화된 제품의 개발에 큰 관심을 가지고 있다.</p> <p>이들 지역에서 사용되는 태양광 발전 시스템은 통상 \\( 12 \\mathrm { V } \\) 수준의 낮은 전압을 출력하며, 일몰 후나 기상조건이 좋지 않은 때에도 연속적인 전력의 공급이 이루어질 수 있도록 보통 배터리와 결합된 형태로 사용이 된다. 시장조사에 따르면, 이들 지역에서의 전력 시스템의 수요에 대한 주된 동기는 야간 조명과 TV 시청인데, 제한된 전력의 효율적인 사용을 위해 이들 제품은 주로 LED를 광원으로 하여 설계가 된다. LED의 밝기는 기본적으로 전류에 비례하기 때문에 하나의 제품에 사용되는 모든 LED에 동일한 전류가 흐르도록 하기 위하여 되도록 많은 LED를 직렬로 연결하여 구동하게 되며, 이를 위해 낮은 입력전압을 충분히 높은 전압으로 변환하는 승압형 LED 구동회로가 필요하다.</p> <p>기존의 부스트 회로방식은 듀티가 증가하여 1에 근접함에 따라 효율이 저하되어 어느 수준 이상의 승압비를 얻는 것이 현실적으로 불가능하며, 듀티 변동에 대해 승압비가 민감하게 변화하여 회로의 제어가 어려워지는 등의 문제가 있다. 이 문제를 극적으로 극복할 수 있는 간단하고 효과적인 방법 중의 하나는 기존의 부스트 회로방식에 사용되는 인덕터를 탭인덕터로 변경한 탭인덕터 부스트 (Tapped-inductor Boost, 이하 TIB) 회로방식을 사용하는 것이다 .</p> <p>이 TIB 회로방식은 기존의 부스트 회로방식 대비 보다 낮은 듀티에서 높은 승압비를 얻을 수 있는 강력한 장점이 있다. 또한, 출력전압과 동일한 전압이 스위치의 턴-오프 스트레스로 인가되는 기존 부스트 회로방식 대비, 입력전압과 출력전압을 탭인덕터의 턴 비로 분배한 전압이 스위치 양단에 인가되어 상당히 낮은 내압의 소자를 사용할 수 있다는 매우 매력적인 장점도 있다. 한편, 스위치의 듀티만으로 승압비가 결정되는 기존의 부스트 회로방식 대비 탭인덕터의 턴 비가 승압비를 결정하는 변수로 추가되어 회로의 설계 난이도가 크게 증가하며, 스위치 듀티와 탭인덕터 턴 비에 연관된 특성의 트레이드오프로 인해 최적설계가 용이하지 않다.</p>",
                "context_length": 1526,
                "clue": [
                    {
                        "clue_text": "환경 친화적이며 안전하고 거의 무한히 지속되는 태양광 에너지의 장점은 이미 널리 알려진 바이다.",
                        "clue_start": "19",
                        "clue_end": "72"
                    },
                    {
                        "clue_text": "이와 같은 태양광 에너지를 이용한 발전 시스템은, 고비용의 대규모 설비를 이용하여 한 곳에서 집중적으로 생산된 대용량의 전력을 원거리 각 수요처로 송전하는 기존의 발전 인프라와는 달리, 작게는 수 \\( \\mathrm { mW } \\)에서부터 크게는 수 백 \\( \\mathrm { MW } \\) 이상 수준까지 발전 용량을 자유롭게 설계할 수 있는 장점이 있기 때문에, 장치나 건물 또는 소규모 지역 단위의 전력수요를 충족시키기 위한 수단으로 큰 관심을 끌고 있다.",
                        "clue_start": "73",
                        "clue_end": "331"
                    },
                    {
                        "clue_text": "이들 지역에서 사용되는 태양광 발전 시스템은 통상 \\( 12 \\mathrm { V } \\) 수준의 낮은 전압을 출력하며, 일몰 후나 기상조건이 좋지 않은 때에도 연속적인 전력의 공급이 이루어질 수 있도록 보통 배터리와 결합된 형태로 사용이 된다.",
                        "clue_start": "501",
                        "clue_end": "638"
                    },
                    {
                        "clue_text": "기존의 부스트 회로방식은 듀티가 증가하여 1에 근접함에 따라 효율이 저하되어 어느 수준 이상의 승압비를 얻는 것이 현실적으로 불가능하며, 듀티 변동에 대해 승압비가 민감하게 변화하여 회로의 제어가 어려워지는 등의 문제가 있다.",
                        "clue_start": "906",
                        "clue_end": "1032"
                    },
                    {
                        "clue_text": "이 문제를 극적으로 극복할 수 있는 간단하고 효과적인 방법 중의 하나는 기존의 부스트 회로방식에 사용되는 인덕터를 탭인덕터로 변경한 탭인덕터 부스트 (Tapped-inductor Boost, 이하 TIB) 회로방식을 사용하는 것이다 .",
                        "clue_start": "1033",
                        "clue_end": "1164"
                    }
                ],
                "terminology": [
                    {
                        "word": "Boost"
                    },
                    {
                        "word": "LED"
                    },
                    {
                        "word": "LED 구동회로"
                    },
                    {
                        "word": "내압"
                    },
                    {
                        "word": "발전 용량"
                    },
                    {
                        "word": "부스트 회로방식"
                    },
                    {
                        "word": "송전"
                    },
                    {
                        "word": "스위치"
                    },
                    {
                        "word": "승압비"
                    },
                    {
                        "word": "승압형"
                    },
                    {
                        "word": "인덕터"
                    },
                    {
                        "word": "일조량"
                    },
                    {
                        "word": "전력수요"
                    },
                    {
                        "word": "전류"
                    },
                    {
                        "word": "직렬"
                    },
                    {
                        "word": "출력전압"
                    },
                    {
                        "word": "태양광 발전"
                    },
                    {
                        "word": "탭인덕터"
                    },
                    {
                        "word": "탭인덕터 부스트"
                    },
                    {
                        "word": "트레이드오프"
                    },
                    {
                        "word": "회로"
                    },
                    {
                        "word": "회로방식"
                    }
                ]
            }
        ]
    }
}