{
    "dataset_info": {
        "identifier": "02-031-002-NL",
        "name": "기술과학 문서 요약 데이터",
        "category": "자연어",
        "last_updated": "2023-08-30"
    },
    "dataset": {
        "doc_id": "024688fc-e2bdd416-fcdb-4eba-8ede-e67d6da23cf0",
        "doc_type": "논문",
        "doc_title": {
            "kor": "Dynamic Threshold MOS 스위치를 사용한 고효율 DC-DC Converter 설계",
            "eng": ""
        },
        "doc_category": {
            "KDC": "560.5",
            "DDC": ""
        },
        "doc_number": {
            "ISSN": "1226-7244",
            "ISBN": "",
            "DOI": "",
            "UCI": ""
        },
        "doc_year": "2008",
        "doc_author": [
            "하가산",
            "구용서",
            "손정만",
            "권종기",
            "정준모"
        ],
        "doc_publisher": "한국전기전자학회",
        "doc_license": "CC BY-NC",
        "context_info": [
            {
                "context_id": "55e-0c9-merge_ed_024688fc-e2bdd416-fcdb-4eba-8ede-e67d6da23cf0_04",
                "context_K-NSCC": {
                    "field": "인공물",
                    "large_category": "ED",
                    "medium_category": "05"
                },
                "context": "<p>\\( 100 \\mathrm { mA } \\)의 출력 전류를 기준으로 하여 결과를 살펴보면 CMOS의 효을이 \\( 96.25 \\% \\)인데 비하여 DTMOS의 효을은 \\( 97 \\% \\)이다. 만약 CMOS로 \\( 97 \\% \\) 정도의 효율을 내려면 CMOS의 사이즈는 약 2배가 되기 때문에 사이즈가 매우 커지게 된다.</p> <h2>2. DC-DC converter 설계</h2> <h3>가. PWM(Pulse Width Modulation) 설계</h3> <p>그림 11은 PWM 제어 회로를 포합하는 DC-DC converter의 전체 블록도를 나타낸다. PWM 제어 회로는 출력 전압과 기준 전압( \\( \\mathrm { V_ { ref } } \\))를 비교하여 생긴 오차를 오차 증폭기(Error Amp)로 증폭하고, 이 증폭된 전압은 비교기(comparator)에서 톱니파(saw tooth wave)와 비교되어 오차에 상응한 구형파 펄스를 생성하여 DC-DC converter의 스위치를 구동시켜 출력 전압을 안정시킨다.</p> <h4>(1) 기준전압 발생회로 설계</h4> <p>기준전압 발생회로는 전원전압과 온도의 변화에 무관하게 기준전압을 만들어주는 블록으로 band-gap reference회로를 이용하여 설계하였다.</p> <p>기준전압 발생기는 DC-DC converter에서 출력전압의 최소 범위를 결정한다. 따라서 넓은 출력범위를 갖기 위해 기존의 \\( 1.2 \\mathrm { V } \\)를 출력하는 기준전압 발생기가 아닌 저전압( \\( 555 \\mathrm { mV } \\)) 기준전압 발생기를 설계하였다.</p> <p>그림 12는 저전압 기준전압 발생기의 회로도이고, 그림 13은 기준전압 발생기의 시뮬레이션 결과이다. 온도변화에 따른 기준전압의 변화는 약 \\( 5 \\mathrm { ppm } / { } ^ {\\circ } \\mathrm { C } \\) 이다.</p> <h4>(2) 오차 증폭기 설계</h4> <p>오차 증폭기는 DC-DC converter의 출력 전압과 기준전압 발생회로의 \\( 555 \\mathrm { mV } \\)를 비교하여 그 오차만큼을 증폭시키는 역할을 한다. 높은 DC gain을 갖기 위해 folded cascode 방식을 사용하였고, 저항을 구동해야 하므로 출력단을 common source로 구성하였다. 그림 14는 오차 증폭기의 회로도를 나타내고, 그림 15는 오차증폭기의 AC 시뮬레이션 결과이다.</p> <h4>(3) 삼각파 발생기</h4> <p>삼각파 발생기는 오차증폭기의 출력과 비교하여 원하는 PW(Pulse Width)를 만들어내는데 쓰인다. 그림 16은 삼각파 발생기의 시뮬레이션 결과이다.</p> <h4>(4) 비교기</h4> <p>비교기는 오차 증폭기의 출력과 삼각파가 비교기에서 비교되어 구형파 펄스를 생성한다. 여기서 심각파의 주파수가 DC-DC converter의 스위칭 주파수를 결정하고, 비교기는 스위칭 주파수를 커버하는 충분한 대역폭을 가지고 있어야 한다. 본 논문에서는 2단 증폭기를 이용하여 비교기를 간단히 구현하였다. 그림 17은 비교기의 시뮬레이션 결과이다.</p>",
                "context_length": 1553,
                "clue": [
                    {
                        "clue_text": "PWM 제어 회로는 출력 전압과 기준 전압( \\( \\mathrm { V_ { ref } } \\))를 비교하여 생긴 오차를 오차 증폭기(Error Amp)로 증폭하고, 이 증폭된 전압은 비교기(comparator)에서 톱니파(saw tooth wave)와 비교되어 오차에 상응한 구형파 펄스를 생성하여 DC-DC converter의 스위치를 구동시켜 출력 전압을 안정시킨다.",
                        "clue_start": "318",
                        "clue_end": "526"
                    },
                    {
                        "clue_text": "기준전압 발생기는 DC-DC converter에서 출력전압의 최소 범위를 결정한다. 따라서 넓은 출력범위를 갖기 위해 기존의 \\( 1.2 \\mathrm { V } \\)를 출력하는 기준전압 발생기가 아닌 저전압( \\( 555 \\mathrm { mV } \\)) 기준전압 발생기를 설계하였다.",
                        "clue_start": "648",
                        "clue_end": "808"
                    },
                    {
                        "clue_text": "오차 증폭기는 DC-DC converter의 출력 전압과 기준전압 발생회로의 \\( 555 \\mathrm { mV } \\)를 비교하여 그 오차만큼을 증폭시키는 역할을 한다.",
                        "clue_start": "983",
                        "clue_end": "1078"
                    },
                    {
                        "clue_text": "삼각파 발생기는 오차증폭기의 출력과 비교하여 원하는 PW(Pulse Width)를 만들어내는데 쓰인다.",
                        "clue_start": "1246",
                        "clue_end": "1303"
                    },
                    {
                        "clue_text": "비교기는 오차 증폭기의 출력과 삼각파가 비교기에서 비교되어 구형파 펄스를 생성한다. 여기서 심각파의 주파수가 DC-DC converter의 스위칭 주파수를 결정하고, 비교기는 스위칭 주파수를 커버하는 충분한 대역폭을 가지고 있어야 한다.",
                        "clue_start": "1356",
                        "clue_end": "1488"
                    }
                ],
                "terminology": [
                    {
                        "word": "AC 시뮬레이션"
                    },
                    {
                        "word": "Amp"
                    },
                    {
                        "word": "CMOS"
                    },
                    {
                        "word": "DC"
                    },
                    {
                        "word": "DC gain"
                    },
                    {
                        "word": "DC-DC"
                    },
                    {
                        "word": "DC-DC converter"
                    },
                    {
                        "word": "DTMOS"
                    },
                    {
                        "word": "Error Amp"
                    },
                    {
                        "word": "Modulation"
                    },
                    {
                        "word": "PW"
                    },
                    {
                        "word": "PWM"
                    },
                    {
                        "word": "PWM 제어 회로"
                    },
                    {
                        "word": "Pulse"
                    },
                    {
                        "word": "Pulse Width"
                    },
                    {
                        "word": "Width"
                    },
                    {
                        "word": "band-gap"
                    },
                    {
                        "word": "band-gap reference회로"
                    },
                    {
                        "word": "cascode"
                    },
                    {
                        "word": "cascode 방식"
                    },
                    {
                        "word": "common source"
                    },
                    {
                        "word": "converter"
                    },
                    {
                        "word": "folded"
                    },
                    {
                        "word": "folded cascode"
                    },
                    {
                        "word": "folded cascode 방식"
                    },
                    {
                        "word": "gain"
                    },
                    {
                        "word": "saw"
                    },
                    {
                        "word": "wave"
                    },
                    {
                        "word": "구형파"
                    },
                    {
                        "word": "구형파 펄스"
                    },
                    {
                        "word": "기준전압"
                    },
                    {
                        "word": "기준전압 발생기"
                    },
                    {
                        "word": "기준전압 발생회로"
                    },
                    {
                        "word": "대역폭"
                    },
                    {
                        "word": "발생회로"
                    },
                    {
                        "word": "비교기"
                    },
                    {
                        "word": "삼각파"
                    },
                    {
                        "word": "삼각파 발생기"
                    },
                    {
                        "word": "스위치"
                    },
                    {
                        "word": "스위칭"
                    },
                    {
                        "word": "스위칭 주파수"
                    },
                    {
                        "word": "시뮬레이션"
                    },
                    {
                        "word": "오차증폭기"
                    },
                    {
                        "word": "전류"
                    },
                    {
                        "word": "제어 회로"
                    },
                    {
                        "word": "주파수"
                    },
                    {
                        "word": "증폭기"
                    },
                    {
                        "word": "증폭기 설계"
                    },
                    {
                        "word": "출력전압"
                    },
                    {
                        "word": "톱니파"
                    },
                    {
                        "word": "회로"
                    },
                    {
                        "word": "회로도"
                    }
                ]
            },
            {
                "context_id": "55e-0c9-merge_ed_024688fc-e2bdd416-fcdb-4eba-8ede-e67d6da23cf0_02",
                "context_K-NSCC": {
                    "field": "인공물",
                    "large_category": "ED",
                    "medium_category": "05"
                },
                "context": "<p>회로 성능의 손실 없이 저전력을 구현하려면 공급 전압의 축소에 따라 문턱전압도 줄여야 하는데, 이는 대기상태에서의 누설전류(leakage current)의 양 때문에 한계가 있다. 이 문제에 대한 해결책으로 동적 문턱전압(dynamic threshold) 기술이 있다. 동적 문턱전압 기술은 로직 천이(logic transition)시에는 낮은 문턱전압을, 대기상태에서는 높은 문턱전압을 가지게 하여 동작속도는 빠르게 하면서 대기상태의 전력 소모는 줄이는 기술이다.</p> <p>그림 2는 SOI 기퐌을 사용한 NMOS의 단면을 나타낸 것이다. 그림 SOI 기판을 사용한 NMOS 처럼 DTMOS는 gate와 body를 연결시켜 문턱전압이 낮아지도록 한 것이다. 이렇게 하여 낮아진 문턱전압으로 인해 동일한 면적과, \\( \\mathrm { V_ { gs } } \\)에서 더 많은 전류를 흘릴 수 있게 되어 스위칭 소자에서 향상된 효율을 기대 할 수 있게 된다. 하지만 이 경우 body로 흐르는 leakage current가 커지게 된다. Body로 흐르는 전류를 제어하기 위해서 그림 3과 같은 회로구성을 택하였다.</p> <p>제안된 DTMOS는 스위치가 On 됐을 때, diode connection nMOS에 의해 스위치 MOS의 body 전압을 제어하여 문턱전압을 낯추고, 스위치가 Off 됐을 때, 각각 pMOS와 nMOS의 body 전압을 전원전압과 ground로 만들어 문턱전압을 높인다.</p> <p>제안된 DTMOS는 스위치가 On 상태에서 낮은 문턱전압으로 인해 기존의 CMOS 스위치 보다 낮은 온 저항을 가진다. 또한, diode connection MOS의 사이즈를 조정하여 높은 전원전압에서도 body 쪽 누설전류를 최소화 하여, 기존 DTMOS의 단점인 누설 전류에 의한 전원전압의 제한을 극복하였으며, medici와 hspice를 통한 시뮬레이션 결과 source와 body의 forward bias로 인한 latch-up 또한 발생하지 않았다.</p> <p>한편 본 논문에서는 SOI 기판을 사용하는 DTMOS를 PWM 제어회로와 One-chip화 시키기 위해 CMOS 공정을 퉁하여 DTMOS를 구현하였다. 그림 2의 MOS/SOI와 같이 SOI 기판에 구현을 하던 것과 달리 그림 4에서는 일반적인 실리콘 기판에 Deep-Nwell을 사용하여 substrate와 body를 격리시켜 소자를 구현하였다. 이렇게 함으로써 스위칭 소자와 PWM 제어를 One-Chip으로 구현할 수 있게 되었다.</p> <h3>가. DTMOS 스위치의 특성 분석</h3> <p>본 논문에서 제안한 DTMOS 스위치와 CMOS 스위치의 문턱 전압과 \\( \\mathrm { I } - \\mathrm { V } \\) 특성을 비교해 보았다.</p> <p>특성 비교에 앞서 시뮬레이션에 적절한 스위치의 크기를 정하기 위하여 CMOS 스위치 크기에 따른 SMPS의 효율 변화를 시뮬레이션 하였다.</p>",
                "context_length": 1462,
                "clue": [
                    {
                        "clue_text": "회로 성능의 손실 없이 저전력을 구현하려면 공급 전압의 축소에 따라 문턱전압도 줄여야 하는데, 이는 대기상태에서의 누설전류(leakage current)의 양 때문에 한계가 있다.",
                        "clue_start": "3",
                        "clue_end": "103"
                    },
                    {
                        "clue_text": "그림 SOI 기판을 사용한 NMOS 처럼 DTMOS는 gate와 body를 연결시켜 문턱전압이 낮아지도록 한 것이다.",
                        "clue_start": "308",
                        "clue_end": "373"
                    },
                    {
                        "clue_text": "이렇게 하여 낮아진 문턱전압으로 인해 동일한 면적과, \\( \\mathrm { V_ { gs } } \\)에서 더 많은 전류를 흘릴 수 있게 되어 스위칭 소자에서 향상된 효율을 기대 할 수 있게 된다.",
                        "clue_start": "374",
                        "clue_end": "484"
                    },
                    {
                        "clue_text": "제안된 DTMOS는 스위치가 On 됐을 때, diode connection nMOS에 의해 스위치 MOS의 body 전압을 제어하여 문턱전압을 낯추고, 스위치가 Off 됐을 때, 각각 pMOS와 nMOS의 body 전압을 전원전압과 ground로 만들어 문턱전압을 높인다.",
                        "clue_start": "580",
                        "clue_end": "732"
                    },
                    {
                        "clue_text": "본 논문에서 제안한 DTMOS 스위치와 CMOS 스위치의 문턱 전압과 \\( \\mathrm { I } - \\mathrm { V } \\) 특성을 비교해 보았다.",
                        "clue_start": "1286",
                        "clue_end": "1373"
                    }
                ],
                "terminology": [
                    {
                        "word": "CMOS"
                    },
                    {
                        "word": "CMOS 스위치"
                    },
                    {
                        "word": "DTMOS"
                    },
                    {
                        "word": "DTMOS 스위치"
                    },
                    {
                        "word": "Deep-Nwell"
                    },
                    {
                        "word": "NMOS"
                    },
                    {
                        "word": "On 상태"
                    },
                    {
                        "word": "One-Chip"
                    },
                    {
                        "word": "One-chip화"
                    },
                    {
                        "word": "PWM"
                    },
                    {
                        "word": "SMPS"
                    },
                    {
                        "word": "SOI"
                    },
                    {
                        "word": "SOI 기판"
                    },
                    {
                        "word": "bias"
                    },
                    {
                        "word": "body 전압"
                    },
                    {
                        "word": "connection"
                    },
                    {
                        "word": "diode"
                    },
                    {
                        "word": "diode connection"
                    },
                    {
                        "word": "diode connection nMOS"
                    },
                    {
                        "word": "dynamic threshold"
                    },
                    {
                        "word": "forward"
                    },
                    {
                        "word": "forward bias"
                    },
                    {
                        "word": "hspice"
                    },
                    {
                        "word": "latch-up"
                    },
                    {
                        "word": "leakage"
                    },
                    {
                        "word": "threshold"
                    },
                    {
                        "word": "transition"
                    },
                    {
                        "word": "공급 전압"
                    },
                    {
                        "word": "기판"
                    },
                    {
                        "word": "누설전류"
                    },
                    {
                        "word": "동적 문턱전압"
                    },
                    {
                        "word": "로직 천이"
                    },
                    {
                        "word": "문턱전압"
                    },
                    {
                        "word": "스위치"
                    },
                    {
                        "word": "스위치 MOS"
                    },
                    {
                        "word": "스위칭"
                    },
                    {
                        "word": "스위칭 소자"
                    },
                    {
                        "word": "시뮬레이션"
                    },
                    {
                        "word": "실리콘"
                    },
                    {
                        "word": "전력 소모"
                    },
                    {
                        "word": "전류"
                    },
                    {
                        "word": "전원전압"
                    },
                    {
                        "word": "제어회"
                    },
                    {
                        "word": "회로"
                    },
                    {
                        "word": "회로 성능"
                    }
                ]
            },
            {
                "context_id": "55e-0c9-merge_ed_024688fc-e2bdd416-fcdb-4eba-8ede-e67d6da23cf0_05",
                "context_K-NSCC": {
                    "field": "인공물",
                    "large_category": "ED",
                    "medium_category": "05"
                },
                "context": "<h3>나. DC-DC converter 설계</h3> <p>앞서 설계한 PWM 제어 회로를 바탕으로 그림 11과 같이 Step-down DC-DC converter 를 설계하였다. Buck converter의 입력전압은 \\( 3.3 \\mathrm { V } \\) 출력전압은 \\( 2.5 \\mathrm { V } \\) 최대 출력전류 \\( 100 \\mathrm { mA } \\), 스위칭 주파수 \\( 1.2 \\mathrm { MHz } \\), 인덕터와 케패시터의 ESR(Equivalent Series Resistance)를 \\( 100 \\mathrm { m \\Omega } \\)으로 시뮬레이션 했을 시 최대 \\( 95 \\% \\)의 효율을 가지고, 리플전압은 \\( 12 \\mathrm { mV } \\)를 가진다. DTMOS를 사용하여 시뮬레이션 한 결과, CMOS 스위치를 사용할 때 보다 약 \\( 0.5 \\% \\) 정도 효율이 개선되었다.</p> <p>그림 18은 DC-DC converter의 인덕터 전류, 인덕터 전압, 출력전압을 차례대로 나타낸다.</p> <h2>3. LDO regulator MODE 구현</h2> <p>그림 19를 보는 것과 같이 PWM 방식의 SMPS는 높은 출력전류에서 높은 전력변환 효율을 갖지만 출력전류가 낮아지면 효율이 급격히 떨어진다. 오늘날 휴대용 기기들은 대기모드에서 매우 적은 전류를 소모한다. 대기 전류가 점점 작아지는 추세로 가면서, 대기모드에서 PWM 방식의 SMPS로 전원을 공급하는 것은 매우 비 효율적이다. 반면에 LDO(Low Drop Out) regulator는 로드 변화에 따라 효율이 크게 변하지 않는다. 즉, 매우 낮은 대기 전류에서도 일정 이상의 효율을 보장할 수 있다.</p> <p>휴대용 단말기의 대기모드에서도 일정한 효율을 보장하기 위해 본 논문에서는 대기모드에서 LDO를 이용하여 전원을 공급하였다.</p> <p>그림 20은 LDO의 블록도이다. 다바이더 저항과 로드 캐패시터, 기준전압 발생기는 기존의 Buck converter에 있는 것을 그대로 사용하였고, 오차 증폭기만 하나 추가 하여 Buck 컨버터에서 추가되는 외부 소자 없이 LDO 동작을 구현하였다. LDO 모드 추가에 따른 면적 증가는 \\( 4 \\mathrm { mm } ^ { 2 } \\)으로서 전체 동작 면적 \\( 232 \\mathrm { mm } ^ { 2 } \\)에서 적은 면적 증가로 저전류에서 높은 효율을 구현하였다.</p> <p>그림 21처럼 DC-DC converter는 일반모드에서는 SMPS(Buck converter)로 동작하다가 단말기가 대기모드로 되면 두 개의 스위치가 차단되고. LDO가 동작하게 된다. 일반모드와 대기모드는 외부의 제어에 의해서 동작하도록 설계하였다. \\( 1 \\mathrm { mA } \\)의 로드전류 조건에서 Buck converter는 약 \\( 28 \\% \\)의 효율을 갖지만, 본 논문에서 설계한 LDO는 약 \\( 60 \\% \\)의 효을을 가짐으로써, 단말기가 대기모드에서도 일정 이상의 효율을 유지하도록 하였다.</p>",
                "context_length": 1515,
                "clue": [
                    {
                        "clue_text": "오늘날 휴대용 기기들은 대기모드에서 매우 적은 전류를 소모한다.",
                        "clue_start": "656",
                        "clue_end": "691"
                    },
                    {
                        "clue_text": "대기 전류가 점점 작아지는 추세로 가면서, 대기모드에서 PWM 방식의 SMPS로 전원을 공급하는 것은 매우 비 효율적이다.",
                        "clue_start": "692",
                        "clue_end": "760"
                    },
                    {
                        "clue_text": "반면에 LDO(Low Drop Out) regulator는 로드 변화에 따라 효율이 크게 변하지 않는다.",
                        "clue_start": "761",
                        "clue_end": "819"
                    },
                    {
                        "clue_text": "휴대용 단말기의 대기모드에서도 일정한 효율을 보장하기 위해 본 논문에서는 대기모드에서 LDO를 이용하여 전원을 공급하였다.",
                        "clue_start": "866",
                        "clue_end": "934"
                    },
                    {
                        "clue_text": "\\( 1 \\mathrm { mA } \\)의 로드전류 조건에서 Buck converter는 약 \\( 28 \\% \\)의 효율을 갖지만, 본 논문에서 설계한 LDO는 약 \\( 60 \\% \\)의 효을을 가짐으로써, 단말기가 대기모드에서도 일정 이상의 효율을 유지하도록 하였다.",
                        "clue_start": "1361",
                        "clue_end": "1511"
                    }
                ],
                "terminology": [
                    {
                        "word": "Buck"
                    },
                    {
                        "word": "Buck converter"
                    },
                    {
                        "word": "Buck 컨버터"
                    },
                    {
                        "word": "CMOS"
                    },
                    {
                        "word": "CMOS 스위치"
                    },
                    {
                        "word": "DC-DC"
                    },
                    {
                        "word": "DC-DC converter"
                    },
                    {
                        "word": "DTMOS"
                    },
                    {
                        "word": "Drop"
                    },
                    {
                        "word": "ESR"
                    },
                    {
                        "word": "Equivalent"
                    },
                    {
                        "word": "LDO"
                    },
                    {
                        "word": "LDO regulator"
                    },
                    {
                        "word": "Low Drop Out"
                    },
                    {
                        "word": "PWM"
                    },
                    {
                        "word": "PWM 제어 회로"
                    },
                    {
                        "word": "Resistance"
                    },
                    {
                        "word": "SMPS"
                    },
                    {
                        "word": "Series"
                    },
                    {
                        "word": "Series Resistance"
                    },
                    {
                        "word": "Step-down"
                    },
                    {
                        "word": "Step-down DC-DC"
                    },
                    {
                        "word": "Step-down DC-DC converter"
                    },
                    {
                        "word": "converter"
                    },
                    {
                        "word": "regulator"
                    },
                    {
                        "word": "기준전압"
                    },
                    {
                        "word": "기준전압 발생기"
                    },
                    {
                        "word": "대기 전류"
                    },
                    {
                        "word": "로드 변화"
                    },
                    {
                        "word": "로드 캐패시터"
                    },
                    {
                        "word": "로드전류"
                    },
                    {
                        "word": "리플전압"
                    },
                    {
                        "word": "스위치"
                    },
                    {
                        "word": "스위칭"
                    },
                    {
                        "word": "스위칭 주파수"
                    },
                    {
                        "word": "시뮬레이션"
                    },
                    {
                        "word": "외부 소자"
                    },
                    {
                        "word": "인덕터"
                    },
                    {
                        "word": "인덕터 전압"
                    },
                    {
                        "word": "전력변환 효율"
                    },
                    {
                        "word": "전류"
                    },
                    {
                        "word": "제어 회로"
                    },
                    {
                        "word": "주파수"
                    },
                    {
                        "word": "출력전류"
                    },
                    {
                        "word": "출력전압"
                    },
                    {
                        "word": "캐패시터"
                    },
                    {
                        "word": "컨버터"
                    },
                    {
                        "word": "케패시터"
                    },
                    {
                        "word": "회로"
                    }
                ]
            },
            {
                "context_id": "55e-0c9-merge_ed_024688fc-e2bdd416-fcdb-4eba-8ede-e67d6da23cf0_03",
                "context_K-NSCC": {
                    "field": "인공물",
                    "large_category": "ED",
                    "medium_category": "05"
                },
                "context": "<p>회로는 그림 5처럼 구성한 후 CMOS 스위치의 크기를 키워 가면서 효율을 측정 하였다. 출력 전류를 \\( 100 \\mathrm { mA } \\)로 하고, 인덕터와 케패시터의 ESR은 고려하지 않았다. 입력을 \\( 3.3 \\mathrm { V } \\)로 하고 스위치에 입력되는 Pulse의 폭을 조정하여 \\( 2.5 \\mathrm { V } \\)의 출력을 만들었다. 이때 인덕터와 케패시터는 각각 \\( 6 \\mathrm { uH } \\)와 \\( 6 \\mathrm { uF } \\)로 하였다.</p> <p>표 1과 그림 6을 보면, PMOS와 NMOS의 사이즈가 증가함에 따라서 효율이 증가하는 것을 볼 수 있다. 이때 효을 증가 대비 가장 적절한 스위치의 크기로 PMOS의 M 값 \\( 60 \\), NMOS의 M 값을 30으로 결정하였다.</p> <p>\\( \\mathrm { I } - \\mathrm { V } \\) 특성 분석을 위하여 그림 7처럼 회로를 구성하여 동일한 W/L (Width/Length)을 갖는 DTMOS 스위치와 CMOS 스위치를 각각 적용한 후 입력 전압을 증가시켜가면서 문턱전압과 \\( \\mathrm { I } - \\mathrm { V } \\) 특성을 측정하였다.</p> <p>문턱전압은 \\( \\mathrm { V_ { dd } } \\) 의 입력을 \\( 3.3 \\mathrm { V } \\)로 하고. \\( \\mathrm { V_ { gs } } \\)를 증가시켜가면서 측정하였다.</p> <p>그림 8에서 보듯이 DTMOS가 CMOS보다 문턱전압이 낮아짐으로써 같은 전압에서 더 많은 전류의 도통이 가능함을 확인 할 수 있다.</p> <p>그림 9는 \\( \\mathrm { V_ { ds } } \\) 증가에 따른 DTMOS와 CMOS 스위치의 \\( \\mathrm { I } - \\mathrm { V } \\) 특성 출력 그래프로서, 그림에서 보듯이 DTMOS가 CMOS보다 같은 전압에서 더 많은 전류의 도통이 가능함을 확인 할 수 있다.</p> <h3>나. DTMOS 스위치의 효율 분석</h3> <p>Buck converter를 시뮬레이션하여 DTMOS와 일반적인 CMOS 스위치의 효율을 비교해 보았다. 시뮬레이션 회로는 그림 5처럼 구성하였다.</p> <p>CMOS 스위치를 이용한 Buck 컨버터의 효율과 DTMOS를 이용한 Buck converter의 효율을 비교하기 위해 Load 전류의 값을 비교시켜 가며 효율을 비교해 보았다.</p> <p>로드 전류를 최소 \\( 0.1 \\mathrm { mA } \\)부터 최대 \\( 300 \\mathrm { mA } \\)로 변화를 시켰을 때, \\( 10 \\mathrm { mA } \\)까지는 CMOS의 효율이 더 높지만, \\( 50 \\mathrm { mA } \\)를 넘어서게 되면서 DTMOS의 효율이 더 높아 지는 것을 그림 9를 통해 알 수 있다.</p>",
                "context_length": 1418,
                "clue": [
                    {
                        "clue_text": "PMOS와 NMOS의 사이즈가 증가함에 따라서 효율이 증가하는 것을 볼 수 있다.",
                        "clue_start": "300",
                        "clue_end": "345"
                    },
                    {
                        "clue_text": "이때 효을 증가 대비 가장 적절한 스위치의 크기로 PMOS의 M 값 \\( 60 \\), NMOS의 M 값을 30으로 결정하였다.",
                        "clue_start": "346",
                        "clue_end": "416"
                    },
                    {
                        "clue_text": "DTMOS가 CMOS보다 문턱전압이 낮아짐으로써 같은 전압에서 더 많은 전류의 도통이 가능함을 확인 할 수 있다.",
                        "clue_start": "750",
                        "clue_end": "813"
                    },
                    {
                        "clue_text": "로드 전류를 최소 \\( 0.1 \\mathrm { mA } \\)부터 최대 \\( 300 \\mathrm { mA } \\)로 변화를 시켰을 때, \\( 10 \\mathrm { mA } \\)까지는 CMOS의 효율이 더 높지만, \\( 50 \\mathrm { mA } \\)를 넘어서게 되면서 DTMOS의 효율이 더 높아 지는 것을 그림 9를 통해 알 수 있다.",
                        "clue_start": "1221",
                        "clue_end": "1414"
                    }
                ],
                "terminology": [
                    {
                        "word": "Buck"
                    },
                    {
                        "word": "Buck converter"
                    },
                    {
                        "word": "Buck 컨버터"
                    },
                    {
                        "word": "CMOS"
                    },
                    {
                        "word": "CMOS 스위치"
                    },
                    {
                        "word": "DTMOS"
                    },
                    {
                        "word": "DTMOS 스위치"
                    },
                    {
                        "word": "ESR"
                    },
                    {
                        "word": "Load"
                    },
                    {
                        "word": "Load 전류"
                    },
                    {
                        "word": "M 값"
                    },
                    {
                        "word": "NMOS"
                    },
                    {
                        "word": "PMOS"
                    },
                    {
                        "word": "Pulse"
                    },
                    {
                        "word": "W/L"
                    },
                    {
                        "word": "converter"
                    },
                    {
                        "word": "로드 전류"
                    },
                    {
                        "word": "문턱전압"
                    },
                    {
                        "word": "스위치"
                    },
                    {
                        "word": "시뮬레이션"
                    },
                    {
                        "word": "시뮬레이션 회로"
                    },
                    {
                        "word": "전류"
                    },
                    {
                        "word": "컨버터"
                    },
                    {
                        "word": "케패시터"
                    },
                    {
                        "word": "회로"
                    }
                ]
            },
            {
                "context_id": "55e-0c9-merge_ed_024688fc-e2bdd416-fcdb-4eba-8ede-e67d6da23cf0_00",
                "context_K-NSCC": {
                    "field": "인공물",
                    "large_category": "ED",
                    "medium_category": "05"
                },
                "context": "<h1>요 약</h1> <p>본 논문에서는 DTMOS(Dynamic Threshold voltage MOSFET) 스위칭 소자틀 사용한 고 효율 전원 제어 장치(PMIC)를 제안하였다. 높은 출력 전류에서 고 전력 효율을 얻기 위하여 PWM(Pulse Width Modulation) 제어 방식을 사용하여 PMIC를 구현하였으며, 낮은 온 저항을 갖는 DTMOS틀 설계하여 도통 손실을 감소시켰다. 벅 컨버터(Buck converter) 제어 회로는 PWM 제어회로로 되어 있으며, 삼각파 발생기(Saw tooth generator), 밴드갭 기준 전압 회로(Band-gap reference circuit), 오차 증폭기(Error amplifier), 비교기(Comparator circuit)가 하나의 블록으로 구성되어 있다. 삼각파 발생기는 그라운드부터 전원 전압 ( \\( Vdd:3.3 \\mathrm { V } \\))까지 출력 진폭 범위를 갖는 \\( 1.2 \\mathrm { MHz } \\) 발진 주파수를 가지며, 비교기는 2단 연산 증폭기로 설계되었다. 그리고. 오차 증폭기는 \\( 70 \\mathrm { dB } \\)의 DC gain과 \\( 64 ^ {\\circ } \\) 위상 여유를 갖도록 설계하였다. Voltage-mode PWM 제어 회로와 낮은 온 저항을 스위칭 소자로 사용하여 구현한 DC-DC converter는 \\( 100 \\mathrm { mA } \\) 출력 전류에서 \\( 95 \\% \\)의 효율을 구현하였으며, \\( 1 \\mathrm { mA } \\) 이하의 대기모드에서도 높은 효율을 구현하기 위하여 LDO를 설계하였다.</p> <h1>Ⅰ. 서론</h1> <p>최근 정보통신 기슬의 비약적인 발전과 교통수단의 발달에 따른 이동성의 증가는 개인 휴대용 첨단 전자제품 시장의 급격한 증가를 가져왔다. 이동성 증가에 따른 휴대기기 시장의 증가는 또한 소형화 및 경향화에 대한 요구로 이어겼으며, 그에 부응하여 전자제품의 충전기나 어댑터의 소형화 추세가 두드러지고 있다. 또한, 이러한 응용분야를 중심으로 기존의 Linear 방식의 전원장치가 SMPS(Switching Mode Power Supply)방식으로 빠르게 대체되어 가고 있으며, 전반적으로 그 활용범위가 확대되고 있다. SMPS는 기존의 선형 제어 방식의 파워 서플라이에 비해 고효율, 소형 및 경량이라는 특징이 있다. 이런 이유로 최근의 핸드폰, PDA, MP3 등과 같이 소형화가 필요한 휴대용 기기 등의 전원장치가 대부분 이러한 SMPS 방식으로 빠르게 대체되고 있다. SMPS는 두 개의 효율적인 상태를 빠르게 스위칭 (Switching) 하는 방식으로 동작하게 된다. 두 종작 상태를 각기 차단(cut off)과 포화(saturation)라 하는데, 차단 상태에서는 높은 전압이 pass unit에 걸리게 되고, 전류는 거의 흐르지 않는다. saturation 상태에서는 높은 전류가 통과 장치 (pass unit)를 통해 흐르고 전압은 거의 걸리지 않게 된다. 기본적으로 이 두 상태를 빠르게 스위칭 해 주는 방식으로 전압을 변환해 주게 된다. SMPS의 동작은 직류(입력)에서 직류(출력)로의 변환(DC-DC Conversion)을 기본으로 하고. 있으며, SMPS를 DC-DC converter라고 부르기도 한다.</p>",
                "context_length": 1635,
                "clue": [
                    {
                        "clue_text": "본 논문에서는 DTMOS(Dynamic Threshold voltage MOSFET) 스위칭 소자틀 사용한 고 효율 전원 제어 장치(PMIC)를 제안하였다.",
                        "clue_start": "16",
                        "clue_end": "103"
                    },
                    {
                        "clue_text": "높은 출력 전류에서 고 전력 효율을 얻기 위하여 PWM(Pulse Width Modulation) 제어 방식을 사용하여 PMIC를 구현하였으며, 낮은 온 저항을 갖는 DTMOS틀 설계하여 도통 손실을 감소시켰다.",
                        "clue_start": "104",
                        "clue_end": "222"
                    },
                    {
                        "clue_text": "또한, 이러한 응용분야를 중심으로 기존의 Linear 방식의 전원장치가 SMPS(Switching Mode Power Supply)방식으로 빠르게 대체되어 가고 있으며, 전반적으로 그 활용범위가 확대되고 있다.",
                        "clue_start": "1005",
                        "clue_end": "1122"
                    },
                    {
                        "clue_text": "SMPS의 동작은 직류(입력)에서 직류(출력)로의 변환(DC-DC Conversion)을 기본으로 하고. 있으며, SMPS를 DC-DC converter라고 부르기도 한다.",
                        "clue_start": "1535",
                        "clue_end": "1631"
                    }
                ],
                "terminology": [
                    {
                        "word": "Band-gap"
                    },
                    {
                        "word": "Band-gap reference"
                    },
                    {
                        "word": "Buck"
                    },
                    {
                        "word": "Buck converter"
                    },
                    {
                        "word": "Comparator"
                    },
                    {
                        "word": "Conversion"
                    },
                    {
                        "word": "DC"
                    },
                    {
                        "word": "DC-DC"
                    },
                    {
                        "word": "DC-DC converter"
                    },
                    {
                        "word": "DTMOS"
                    },
                    {
                        "word": "Dynamic Threshold"
                    },
                    {
                        "word": "Error amplifier"
                    },
                    {
                        "word": "LDO"
                    },
                    {
                        "word": "Linear"
                    },
                    {
                        "word": "Linear 방식"
                    },
                    {
                        "word": "MOSFET"
                    },
                    {
                        "word": "Modulation"
                    },
                    {
                        "word": "PDA"
                    },
                    {
                        "word": "PMIC"
                    },
                    {
                        "word": "PWM"
                    },
                    {
                        "word": "PWM 제어 방식"
                    },
                    {
                        "word": "PWM 제어회로"
                    },
                    {
                        "word": "Power Supply"
                    },
                    {
                        "word": "Pulse"
                    },
                    {
                        "word": "Pulse Width"
                    },
                    {
                        "word": "SMPS"
                    },
                    {
                        "word": "Switching"
                    },
                    {
                        "word": "Switching Mode Power Supply"
                    },
                    {
                        "word": "Threshold"
                    },
                    {
                        "word": "Threshold voltage"
                    },
                    {
                        "word": "Voltage-mode"
                    },
                    {
                        "word": "Voltage-mode PWM"
                    },
                    {
                        "word": "Width"
                    },
                    {
                        "word": "amplifier"
                    },
                    {
                        "word": "converter"
                    },
                    {
                        "word": "pass"
                    },
                    {
                        "word": "pass unit"
                    },
                    {
                        "word": "saturation"
                    },
                    {
                        "word": "unit"
                    },
                    {
                        "word": "경향화"
                    },
                    {
                        "word": "고 효율 전원 제어 장치"
                    },
                    {
                        "word": "기준 전압"
                    },
                    {
                        "word": "도통 손실"
                    },
                    {
                        "word": "발진 주파수"
                    },
                    {
                        "word": "밴드갭"
                    },
                    {
                        "word": "밴드갭 기준 전압"
                    },
                    {
                        "word": "밴드갭 기준 전압 회로"
                    },
                    {
                        "word": "벅 컨버터"
                    },
                    {
                        "word": "삼각파"
                    },
                    {
                        "word": "삼각파 발생기"
                    },
                    {
                        "word": "서플라이"
                    },
                    {
                        "word": "선형 제어"
                    },
                    {
                        "word": "선형 제어 방식"
                    },
                    {
                        "word": "스위칭"
                    },
                    {
                        "word": "스위칭 소자"
                    },
                    {
                        "word": "어댑터"
                    },
                    {
                        "word": "연산 증폭기"
                    },
                    {
                        "word": "오차 증폭기"
                    },
                    {
                        "word": "위상"
                    },
                    {
                        "word": "위상 여유"
                    },
                    {
                        "word": "전류"
                    },
                    {
                        "word": "전압 회로"
                    },
                    {
                        "word": "전원 전압"
                    },
                    {
                        "word": "제어 회로"
                    },
                    {
                        "word": "제어회"
                    },
                    {
                        "word": "주파수"
                    },
                    {
                        "word": "증폭기"
                    },
                    {
                        "word": "직류"
                    },
                    {
                        "word": "진폭"
                    },
                    {
                        "word": "출력 진폭"
                    },
                    {
                        "word": "컨버터"
                    },
                    {
                        "word": "통과 장치"
                    },
                    {
                        "word": "파워 서플라이"
                    },
                    {
                        "word": "회로"
                    }
                ]
            },
            {
                "context_id": "55e-0c9-merge_ed_024688fc-e2bdd416-fcdb-4eba-8ede-e67d6da23cf0_01",
                "context_K-NSCC": {
                    "field": "인공물",
                    "large_category": "ED",
                    "medium_category": "05"
                },
                "context": "<p>DC-DC converter는 스위칭 주파수를 높여 에너지 축적용 소자를 소형화함으로써 소형 경량화를 이룰 수 있는데 이를 위해서는 고속의 반도체 스위칭 소자의 개발이 필요하게 된다. 그러나 스위칭 주파수를 고주파화하면 스위칭 손실, 인덕터 손실, 도통 손실 등 손실이 증대하게 되므로 이에 대한 대비책이 별도록 강구되어야 한다. 이러한 손실을 줄이기 위해 온 저항이 낮은 스위칭 소자를 사용하여 도통 손실을 줄였다.</p> <p>기존의 저전압 DC-DC converter에서는 스위칭 소자로 CMOS 소자를 사용해 왔다. 그러나 CMOS 스위칭 소자로 매우 작은 온 저항을 얻기 위해서는 매우 큰 면적을 필요로 한다. 따라서 본 연구에서는 이러한 스위칭 소자의 문제를 개선 하고자 문턱접압을 낮추어 온 저항을 줄일 수 있는 DTMOS를 사용한 스위칭 소자를 제안하였다. 제안된 소자는 기존 CMOS 공정을 이용하면서 CMOS 소자 보다 더 적은 면적으로 보다 작은 온 저항을 갖는다.</p> <p>따라서 본 논문에서는 DTMOS 스위칭 소자를 이용하여 동일한 면적에서 기존의 CMOS 스위칭 소자를 사용하는 SMPS보다 더 높은 전력 변환 효율을 갖는 DC-DC converter를 설계하였다. 본론 1절 에서는 DTMOS 스위칭 소자의 기본 개념과 구현 방법 및 동작 특성을 설명하였으며, 2절에서는 DC-DC converter를 설계하였다. 3절에서는 저 전류에서 효율이 급격히 떨어지는 PWM 방식을 보안할 LDO regulator에 대해서 설명하였으며, 4절에서는 본 논문이 제안한 DC-DC 컨버터의 Layout을 설명하였다. 마지막으로 설계 및 시뮬레이션 결과를 종합하여 결론을 맺는다.</p> <h1>Ⅱ. 본론</h1> <h2>1. DTMOS (Dynamic Threshold voltage MOS)</h2> <p>SMPS는 스위치를 차단과 도통 시킴으로써 교류펄스를 생성하고, 다시 이 교류펼스를 필터를 통해 직류로 바꾼다. 이때 스위치가 온오프 하면서 발생하는 손실은 스위치의 기생 커패시턴스 (capacitance)에 의해 발생하는 스위칭 손실과 스위치가 도통됐을 때 스위치의 온 저항에 의해 발생하는 도통 손실이 있다.</p> <p>스위치의 기생 커패시턴에 의해 발생하는 스위칭 손실은 스위치의 기생 커패시턴와 스위칭 주파수에 비례한다. 한편 스위치의 크기는 최대 출력 전류에 의해 결정되고, 스위칭 주파수 역시 SMPS를 PWM(Pulse Width Modulation)방식으로 제어했을 때 고정된다. 이와 같이 스위칭 손실은 고정된 요인이지만, 스위치의 온 저항에 의한 도통 손실은 출력 전류가 커질수록 증가하게 된다.</p> <p>그림 1에서와 같이 출력전류가 커질수록 도통 손실은 점점 증가하여 높은 출력전류에서는 스위칭 손실보다 더 커지게 된다. 결국 SMPS의 효율을 높이기 위해 낮은 온 저항을 갖는 스위치의 개발은 필수적이다.</p>",
                "context_length": 1441,
                "clue": [
                    {
                        "clue_text": "SMPS는 스위치를 차단과 도통 시킴으로써 교류펄스를 생성하고, 다시 이 교류펼스를 필터를 통해 직류로 바꾼다.",
                        "clue_start": "915",
                        "clue_end": "977"
                    },
                    {
                        "clue_text": "스위치의 기생 커패시턴에 의해 발생하는 스위칭 손실은 스위치의 기생 커패시턴와 스위칭 주파수에 비례한다.",
                        "clue_start": "1097",
                        "clue_end": "1155"
                    },
                    {
                        "clue_text": "그림 1에서와 같이 출력전류가 커질수록 도통 손실은 점점 증가하여 높은 출력전류에서는 스위칭 손실보다 더 커지게 된다.",
                        "clue_start": "1323",
                        "clue_end": "1389"
                    },
                    {
                        "clue_text": "DC-DC converter는 스위칭 주파수를 높여 에너지 축적용 소자를 소형화함으로써 소형 경량화를 이룰 수 있는데 이를 위해서는 고속의 반도체 스위칭 소자의 개발이 필요하게 된다.",
                        "clue_start": "3",
                        "clue_end": "105"
                    },
                    {
                        "clue_text": "따라서 본 논문에서는 DTMOS 스위칭 소자를 이용하여 동일한 면적에서 기존의 CMOS 스위칭 소자를 사용하는 SMPS보다 더 높은 전력 변환 효율을 갖는 DC-DC converter를 설계하였다.",
                        "clue_start": "506",
                        "clue_end": "616"
                    }
                ],
                "terminology": [
                    {
                        "word": "CMOS"
                    },
                    {
                        "word": "CMOS 소자"
                    },
                    {
                        "word": "DC-DC"
                    },
                    {
                        "word": "DC-DC converter"
                    },
                    {
                        "word": "DC-DC 컨버터"
                    },
                    {
                        "word": "DTMOS"
                    },
                    {
                        "word": "Dynamic Threshold"
                    },
                    {
                        "word": "LDO"
                    },
                    {
                        "word": "LDO regulator"
                    },
                    {
                        "word": "Modulation"
                    },
                    {
                        "word": "PWM"
                    },
                    {
                        "word": "Pulse"
                    },
                    {
                        "word": "Pulse Width"
                    },
                    {
                        "word": "Pulse Width Modulation"
                    },
                    {
                        "word": "SMPS"
                    },
                    {
                        "word": "Threshold"
                    },
                    {
                        "word": "Threshold voltage"
                    },
                    {
                        "word": "Width"
                    },
                    {
                        "word": "capacitance"
                    },
                    {
                        "word": "converter"
                    },
                    {
                        "word": "regulator"
                    },
                    {
                        "word": "고주파화"
                    },
                    {
                        "word": "교류펄스"
                    },
                    {
                        "word": "교류펼스"
                    },
                    {
                        "word": "기생 커패시턴"
                    },
                    {
                        "word": "기생 커패시턴스"
                    },
                    {
                        "word": "도통 손실"
                    },
                    {
                        "word": "문턱접압"
                    },
                    {
                        "word": "반도체 스위칭"
                    },
                    {
                        "word": "반도체 스위칭 소자"
                    },
                    {
                        "word": "스위치"
                    },
                    {
                        "word": "스위칭"
                    },
                    {
                        "word": "스위칭 소자"
                    },
                    {
                        "word": "스위칭 손실"
                    },
                    {
                        "word": "스위칭 주파수"
                    },
                    {
                        "word": "시뮬레이션"
                    },
                    {
                        "word": "온오프"
                    },
                    {
                        "word": "인덕터"
                    },
                    {
                        "word": "인덕터 손실"
                    },
                    {
                        "word": "전력 변환"
                    },
                    {
                        "word": "전류"
                    },
                    {
                        "word": "주파수"
                    },
                    {
                        "word": "직류"
                    },
                    {
                        "word": "축적용 소자"
                    },
                    {
                        "word": "출력전류"
                    },
                    {
                        "word": "커패시턴"
                    },
                    {
                        "word": "커패시턴스"
                    },
                    {
                        "word": "컨버터"
                    },
                    {
                        "word": "필터를"
                    }
                ]
            }
        ]
    }
}