{
    "dataset_info": {
        "identifier": "02-031-002-NL",
        "name": "기술과학 문서 요약 데이터",
        "category": "자연어",
        "last_updated": "2023-08-30"
    },
    "dataset": {
        "doc_id": "024688fc-5b499e83-74e1-415f-b80c-1d6326cab668",
        "doc_type": "논문",
        "doc_title": {
            "kor": "무선 센서 네트웍을 이용한 콘크리트 유동성능 평가장치 설계",
            "eng": ""
        },
        "doc_category": {
            "KDC": "560.5",
            "DDC": ""
        },
        "doc_number": {
            "ISSN": "1226-7244",
            "ISBN": "",
            "DOI": "",
            "UCI": ""
        },
        "doc_year": "2010",
        "doc_author": [
            "이보희",
            "경정규",
            "최연왕",
            "정재권"
        ],
        "doc_publisher": "한국전기전자학회",
        "doc_license": "CC BY-NC",
        "context_info": [
            {
                "context_id": "55e-0c9-merge_ed_024688fc-5b499e83-74e1-415f-b80c-1d6326cab668_03",
                "context_K-NSCC": {
                    "field": "인공물",
                    "large_category": "ED",
                    "medium_category": "07"
                },
                "context": "<p>중앙 처리부의 역할은 센서부로 부터 에서 데이터를 수신 받아 레이저 포인터 모듈의 위치와 큰크리트의 속도, 넓이를 판단하고, 검출된 데이터를 비교하여 모터 구동여부, 도는 모든 데이터를 종합하여 무선으로 큰디네이터(coordinator)를 통하여 사용자와 \\( \\mathrm { CPU } \\)간의 인터페이스를 가능 하게 하여 준다.</p> <p>(HEF4514) 와 2개의 거리측정 디코더 (HEF4514) 총 3개를 사용하였으며 각 디코더는 16개의 센서를 접속할 수 있어서 길이 측정용 32개의 센서를 접속할 수 있고 속도 측정 구간용으로 16개를 설치할 수 있게 제작 되었다. 속도 측정 디코더와 길이측정 디코더는 \\( \\mathrm { CPU } \\) 에서의 제어신호를 이용하여 측정 구간에 따라 필요한 센서만 선택되게 하고 선택된 센서는 내부의 \\( \\mathrm { A } / \\mathrm { D } \\) 컨버터를 이용하여 수신 레벨을 조절하여 측정할 수 있게 설계 되었다. 그림 11은 구동용 모터 드라이버를 나타낸 그림으로 레이저 발광장치를 이송시키기 위한 모터 구동부로 4개의 각 방향을 움직일 수 있게 설계 되었다.</p> <p>4방향 모두 다른 움직임을 갖고 있기 때문에 4개의 모터를 각각 제어하기 위해선 총 16개의 입출력 \\( \\mathrm { I } / \\mathrm { O } \\)가 필요 하다. 그러나 제닉사(Jennic)의 JN5139 는 입출력 포트를 21개밖에 갖고 있기 때문에 모터 뿐만 아니라 다른 제어기도 제어하기 위하여 \\( \\mathrm { I } / \\mathrm { O } \\) Expender (PCA9555)을 사용하여 입출력 포트를 확장 하여 4개의 스텝 모터 드라이버(SLA7026) 을 중앙 처리부로부터 위의 그림과 같이 제어를 하여 스텝 모터를 구동하여 흘러 가는 콘크리트를 측정 할 수 있도록 설계 되었다.</p> <h1>Ⅳ. 소프트웨어 설계</h1> <p>모든 제어부와 기구부를 제어하고 원하는 데이터를 검출하기 위해서 다음 그림 12 과 같이 사용자와 제어기와의 무선을 통한 인터페이스가 필요한 실정이다.</p> <p>그 이유는 그림 12와 같이 실험실의 실험 환경은 대부분 외부로부터 위험 상황이 고려되지 않은 환경이므로 유선을 이용한 사-용자와 실험 장치의 인터페이스가 편리 하지 못할분더러 실험 장치의 오작동 또는 파손을 일으킬 우려가 있기 때문이다. 그렇기 때문에 고유동 큰크리트 유동성능 평가 장치는 그림 13과 같이 무선 네트워크를 사용하여 이러한 단점을 보완 하였으며, 본 실험 장치는 무선 네트웍 처리용 \\( \\mathrm { CPU } \\) 를 \\( \\mathrm { ZigBe } \\) \\( \\mathrm { e } \\) 무선 네트워크 프로토콜을 내장하고 있는 제닉사의 \\( \\mathrm { JN5139 } \\) 를 사용하였다. 제안된 측정 장치는 측정부에 라우터 기능을 가기게 하여 측정 결과를 컴퓨터와 연결된 코디네이터에 전달 할수 있는 구조로 만들었으며 컴퓨터와 측정부가 원거리 떨어져 있는 경우 중간에 중계용 라우터를 설치하여 원격에서도 측정데이타를 받아 볼 수 있는 구조로 설계 되었다. 따라서 열악한 현장에서의 데이터 처리를 원활하게 할수 있게 만들었다.</p>",
                "context_length": 1604,
                "clue": [
                    {
                        "clue_text": "중앙 처리부의 역할은 센서부로 부터 에서 데이터를 수신 받아 레이저 포인터 모듈의 위치와 큰크리트의 속도, 넓이를 판단하고, 검출된 데이터를 비교하여 모터 구동여부, 도는 모든 데이터를 종합하여 무선으로 큰디네이터(coordinator)를 통하여 사용자와 \\( \\mathrm { CPU } \\)간의 인터페이스를 가능 하게 하여 준다.",
                        "clue_start": "3",
                        "clue_end": "189"
                    },
                    {
                        "clue_text": "4방향 모두 다른 움직임을 갖고 있기 때문에 4개의 모터를 각각 제어하기 위해선 총 16개의 입출력 \\( \\mathrm { I } / \\mathrm { O } \\)가 필요 하다.",
                        "clue_start": "591",
                        "clue_end": "690"
                    },
                    {
                        "clue_text": "(HEF4514) 와 2개의 거리측정 디코더 (HEF4514) 총 3개를 사용하였으며 각 디코더는 16개의 센서를 접속할 수 있어서 길이 측정용 32개의 센서를 접속할 수 있고 속도 측정 구간용으로 16개를 설치할 수 있게 제작 되었다.",
                        "clue_start": "197",
                        "clue_end": "329"
                    }
                ],
                "terminology": [
                    {
                        "word": "CPU"
                    },
                    {
                        "word": "Jennic"
                    },
                    {
                        "word": "coordinator"
                    },
                    {
                        "word": "거리측정 디코더"
                    },
                    {
                        "word": "고유동"
                    },
                    {
                        "word": "고유동 큰크리트 유동성능 평가 장치"
                    },
                    {
                        "word": "구동용 모터 드라이버"
                    },
                    {
                        "word": "기구부"
                    },
                    {
                        "word": "네트워크"
                    },
                    {
                        "word": "네트워크 프로토콜"
                    },
                    {
                        "word": "디코더"
                    },
                    {
                        "word": "라우터"
                    },
                    {
                        "word": "라우터 기능"
                    },
                    {
                        "word": "레이저"
                    },
                    {
                        "word": "레이저 포인터"
                    },
                    {
                        "word": "모터 구동부"
                    },
                    {
                        "word": "모터 드라이버"
                    },
                    {
                        "word": "센서"
                    },
                    {
                        "word": "센서부"
                    },
                    {
                        "word": "소프트웨어"
                    },
                    {
                        "word": "수신 레벨"
                    },
                    {
                        "word": "스텝 모터"
                    },
                    {
                        "word": "스텝 모터 드라이버"
                    },
                    {
                        "word": "입출력 포트"
                    },
                    {
                        "word": "제어신호"
                    },
                    {
                        "word": "중앙 처리부"
                    },
                    {
                        "word": "컨버터"
                    },
                    {
                        "word": "포인터"
                    }
                ]
            },
            {
                "context_id": "55e-0c9-merge_ed_024688fc-5b499e83-74e1-415f-b80c-1d6326cab668_04",
                "context_K-NSCC": {
                    "field": "인공물",
                    "large_category": "ED",
                    "medium_category": "07"
                },
                "context": "<p>각 부분을 구동하기 위한 소프트웨어는 코디네이터와 라우터 기능으로 분리 될 수 있으며, 첫 번째로 코디네이터 프로그램은 사용자 컴퓨터 기반으로 동작하는 프로그램으로 사용자와 인터페이스를 제공하는 기능을 가지고 있으며 사용자가 원하는 명령을 무선으로 실시간 전송이 가능하다. 그렇기 때문에 코디네이터는 사용자의 PC로부터 명령을 수신하여 무선으로 라우터에게 명령을 송신하고 또 라우터로부터 검출된 데이터를 수신하여 사용자의 \\( \\mathrm { PC } \\) 로 송신하여 준다. 그리고 코디네이터의 종 모듈인 라우터(router)는 전원이 인가됨과 동시에 코디네이터에게 자신의 프로파일을 전송하여 코디네이터와의 네트워크를 구성하며 그 이후에 사용자의 명령을 코디네이터로부터 전송 받아 검출된 데이터를 비교, 판단하고 종합하여 데이터를 코디네이터에게 송신 하게 된다.</p> <p>라우터의 동작은 측정평판에 장착되어 있는 모듈과 중간의 중계기 역할을 하는 모듈로 대별되며 측정 평판의 모듈은 그림 14와 같이 코디네이터로부터 명령을 받아 모든 과정을 수행 하도록 설계 하였다. 그림에서 알 수 있듯이 가이드(구조 설계부분의 그림 6)의 시작점에 마이크로스위치를 장착하여 초기위치를 알 수 있게 된다. 그 후 사용자로부터 시작명령을 받아 콘크리트의 이동 여부를 판단하게 되며 처음 센서가 콘크리트를 감지 했을 때 중앙 처리부는 타이머 카운터를 시작하게 되며, 그 후 콘크리트를 감지하는 센서들은 감지 직후 라우터로 감지 신호를 보내게 되며 라우터는 그 시간을 기억 하게 된다. 그리고 \\( 500 \\mathrm { ~mm } \\) 센서가 콘크리트를 감지 했을시 타이머 카운터를 종료하게 되며 모든 \\( 500 \\mathrm { ~mm } \\) 도달 시간을 감지 할 수 있게 된다. 그리고 거리 측정부분은 콘크리트를 감지한 마지막 센서의 위치를 찾아 4개의 센서 보드의 데이터를 종합하여 거리를 계산 하게 되며 이렇게 속도와 거리에 대한 데이터를 종합하여 Slump flow \\( ( \\mathrm { mm } ) \\) 와 Slump flow 500 \\(( \\mathrm { mm } ) \\) 도달시간 \\( ( \\mathrm { sec } ) \\) 에 의해 콘크리트의 등급을 측정 된다.</p> <h1>Ⅴ. 실험 결과</h1> <p>흘러가는 큰크리트를 감지하기 위해 가장 기본적인 동작인 레이저 포인터와 센서간의 센싱 여부를 판단하기 위해 그림 15와 같이 개별 적인 모의 실험을 통해 센싱 여부를 확인하였다.</p> <p>그림 15의 (a) 그림과 같이 레이저가 수광센서에 도달 하지 않았을 경우의 전압은 \\( 0[ \\mathrm { V } ] \\) 이고 (b) 그림과 같이 레이저가 수광 센서에 도달했을 때 전압은3.3[V]이며, (c) 그림처럼 콘크리트가 흘러 가게 되어서 센서에 레이져 빛이 투과 하지 못할 경우도 실험을 하였다. 이렇게 실험을 통해서 수광 센서와 레이저 포인터가 정상 동작 하는 것을 검증 하였으며 다음 그림 16는 모의실험을 통하여 센서의 센싱 여부를 검증 한 뒤 실제 콘크리트를 측정하는 모습이다.</p>",
                "context_length": 1530,
                "clue": [
                    {
                        "clue_text": "라우터의 동작은 측정평판에 장착되어 있는 모듈과 중간의 중계기 역할을 하는 모듈로 대별되며 측정 평판의 모듈은 그림 14와 같이 코디네이터로부터 명령을 받아 모든 과정을 수행 하도록 설계 하였다.",
                        "clue_start": "439",
                        "clue_end": "548"
                    },
                    {
                        "clue_text": "흘러가는 큰크리트를 감지하기 위해 가장 기본적인 동작인 레이저 포인터와 센서간의 센싱 여부를 판단하기 위해 그림 15와 같이 개별 적인 모의 실험을 통해 센싱 여부를 확인하였다.",
                        "clue_start": "1138",
                        "clue_end": "1237"
                    },
                    {
                        "clue_text": "이렇게 실험을 통해서 수광 센서와 레이저 포인터가 정상 동작 하는 것을 검증 하였으며 다음 그림 16는 모의실험을 통하여 센서의 센싱 여부를 검증 한 뒤 실제 콘크리트를 측정하는 모습이다.",
                        "clue_start": "1421",
                        "clue_end": "1526"
                    }
                ],
                "terminology": [
                    {
                        "word": "Slump flow"
                    },
                    {
                        "word": "flow"
                    },
                    {
                        "word": "감지 신호"
                    },
                    {
                        "word": "네트워크"
                    },
                    {
                        "word": "라우터"
                    },
                    {
                        "word": "라우터 기능"
                    },
                    {
                        "word": "레이저"
                    },
                    {
                        "word": "레이저 포인터"
                    },
                    {
                        "word": "마이크로스위치"
                    },
                    {
                        "word": "모의실험"
                    },
                    {
                        "word": "센서"
                    },
                    {
                        "word": "센서 보드"
                    },
                    {
                        "word": "소프트웨어"
                    },
                    {
                        "word": "송신"
                    },
                    {
                        "word": "수광센서"
                    },
                    {
                        "word": "전송"
                    },
                    {
                        "word": "중앙 처리부"
                    },
                    {
                        "word": "측정평판"
                    },
                    {
                        "word": "포인터"
                    },
                    {
                        "word": "프로파일"
                    }
                ]
            },
            {
                "context_id": "55e-0c9-merge_ed_024688fc-5b499e83-74e1-415f-b80c-1d6326cab668_01",
                "context_K-NSCC": {
                    "field": "인공물",
                    "large_category": "ED",
                    "medium_category": "07"
                },
                "context": "<h1>Ⅱ. 구조 설계</h1> <p>콘크리트 유동 측정 장치는 실제로 콘크리트를 만들어 장치에 투입하여 전체 유동과정을 측정할 수 있는 구조가 하나의 장치로 만들어야 한다. 하지만 반복적인 실험을 하기 위해서는 측정 장비를 쉽게 교체 하고 재현성이 있는 구조를 만들어야 하기 때문에 전체구조를 두 분야로 나누어 설계 하였다.</p> <p>첫번째 전체구조를 콘크리트의 유동성을 측정하기 위하여 콘크리트가 흘러 갈 수 있는 기구부에 대한 설계와 두 번째 흐르는 콘크리트의 속도와 넓이를 측정 할 수 있는 전장 부분이 부착된 측정 부분으로 나누어 설계하였다. 전체 구조 중 수밀성 평판은 그림 3과 같이 가로 및 세로 길이가 각각 \\( 1,000 \\mathrm { ~mm } \\) 의 크기의 아크릴판으로 제작되었으며, 수밀성 평판 중앙에 슬럼프콘을 배치하여 슬럼프 콘의 내부를 콘크리트로 채워넣은 후 슬럼프 콘을 위로 들어 올리게 되면 원의 형태로 콘크리트가 수밀성 평판위로 흘러 갈 수 있는 형태로 제작하였다.</p> <p>측정부의 기구 설계는 내경은 수밀성 평판과 동일하며 외경은 가로 및 세로 길이가 각각 \\( 1,300 \\mathrm { ~mm } \\) 이며 높이는 \\( 100 \\mathrm { ~mm } \\) 형태로 제작되었으며 이때 원의 형태로 흘러가는 콘크리트를 4 방향에서 측정 할 수 있도록 설계되었다. 먼저 센서 보드는 그림 4 와 같이 총 26 개의 수광 센서를 KS F 2594과 동일한 치수로 실험을 실시하기 위하여 직경 \\( 500 \\mathrm { ~mm } \\) 구간에 설치하여 속도측정을 가능하게 하였으며, 직경 \\( 1000 \\mathrm { ~mm } \\) 구간까지는 고유동 콘크리트가 흘러간 거리측정을 목적으로 설치하였다.</p> <p>여기서 속도 측정부는 총 7 개의 수광 센서가 \\( 2.1 \\mathrm { ~mm } \\) 간격으로 \\( 100 \\mathrm { ~mm } \\sim 250 \\mathrm { ~mm } \\) 안에 배치 되어 있고 거리 측정부는 19 개의 수광 센서를 \\( 250 \\mathrm { ~mm } \\sim 500 \\mathrm { ~mm } \\) 구간 안에 배치하여 설계하였다. 설계된 센서 보드는 실험 시 고 유동 콘크리트의 흐름이 멈추었을 때 까지 값을 측정하여 다음 그림 5 와 같이 고유동 콘크리트의 길이를 판단하게 된다. 이러한 구조를 사용하여 콘크리트의 유동성을 측정하기 위한 장치의 한쪽 면의 전체 길이는 식(1)및 (2)를 이용하여 구할 수 있다.</p>",
                "context_length": 1251,
                "clue": [
                    {
                        "clue_text": "콘크리트 유동 측정 장치는 실제로 콘크리트를 만들어 장치에 투입하여 전체 유동과정을 측정할 수 있는 구조가 하나의 장치로 만들어야 한다.",
                        "clue_start": "21",
                        "clue_end": "97"
                    },
                    {
                        "clue_text": "전체 구조 중 수밀성 평판은 그림 3과 같이 가로 및 세로 길이가 각각 \\( 1,000 \\mathrm { ~mm } \\) 의 크기의 아크릴판으로 제작되었으며, 수밀성 평판 중앙에 슬럼프콘을 배치하여 슬럼프 콘의 내부를 콘크리트로 채워넣은 후 슬럼프 콘을 위로 들어 올리게 되면 원의 형태로 콘크리트가 수밀성 평판위로 흘러 갈 수 있는 형태로 제작하였다.",
                        "clue_start": "311",
                        "clue_end": "508"
                    },
                    {
                        "clue_text": "측정부의 기구 설계는 내경은 수밀성 평판과 동일하며 외경은 가로 및 세로 길이가 각각 \\( 1,300 \\mathrm { ~mm } \\) 이며 높이는 \\( 100 \\mathrm { ~mm } \\) 형태로 제작되었으며 이때 원의 형태로 흘러가는 콘크리트를 4 방향에서 측정 할 수 있도록 설계되었다.",
                        "clue_start": "516",
                        "clue_end": "681"
                    },
                    {
                        "clue_text": "이러한 구조를 사용하여 콘크리트의 유동성을 측정하기 위한 장치의 한쪽 면의 전체 길이는 식(1)및 (2)를 이용하여 구할 수 있다.",
                        "clue_start": "1174",
                        "clue_end": "1247"
                    }
                ],
                "terminology": [
                    {
                        "word": "KS"
                    },
                    {
                        "word": "고유동"
                    },
                    {
                        "word": "고유동 콘크리트"
                    },
                    {
                        "word": "기구부"
                    },
                    {
                        "word": "센서"
                    },
                    {
                        "word": "센서 보드"
                    },
                    {
                        "word": "수밀성 평판"
                    },
                    {
                        "word": "슬럼프콘"
                    },
                    {
                        "word": "아크릴판"
                    },
                    {
                        "word": "재현성"
                    }
                ]
            },
            {
                "context_id": "55e-0c9-merge_ed_024688fc-5b499e83-74e1-415f-b80c-1d6326cab668_05",
                "context_K-NSCC": {
                    "field": "인공물",
                    "large_category": "ED",
                    "medium_category": "07"
                },
                "context": "<p>그림 (a)는 처음 슬럼프 큰에 콘크리트를 채운뒤 슬럼프 콘을 들어올리기 전 사진이며, (b) \\( \\sim \\)(e) 그림을 통하여 흘러가는 콘크리트를 센서별로 4 방향 각 각 콘크리트의 끝 지점에 조준되어있는 레이저 포인터 조준점을 통하여 알 수 있으며 \\( ( \\mathrm { g } ),( \\mathrm { h } ),( \\mathrm { i } ) \\) 의 그림과 같이 콘크리트가 더 이상 진행을 하지 않을시 레이저포인터는 해당 위치에서 콘크리트를 끝 지점을 추적 하며, 더이상 진행 하지 않는 것을 알 수 있었다. 이때 사용자의 명령에 따라 모든 데이터를 수집한 라우터는 코디네이터로 데이터를 전송 하여 데이터를 받은 크디네이터는 다음 그림 17 과 같이 사용자의 \\( \\mathrm { PC } \\) 로 측정 결과를 전송 하게 된다. 그림 17 에서 속도에 대한 데이터의 단위는 \\( ( \\mathrm { m } / \\mathrm { s } ) \\) 이다. 예를 들어 (SensorBoard 1=870)의 데이터는 \\( 0.87 \\mathrm { sec } \\)이며. 센서 도달거리의 데이터인 (SensorBoard 1=10)의 데이터는 수식 3 과 같이 \\( 330 \\mathrm { ~mm } \\) 로 콘크리트의 길이를 판단 할 수 있다.</p> <p>그리고 콘크리트가 각 방향으로 다르게 퍼저 나가는 것과 각 센서 보드의 센서별 통과 시간을 그림 18과 같이 그래프로 표현해 보았으며 \\( 500 \\mathrm { mm } \\) 도달 시간에 대한 데이터를 이상 없이 획득 할 수 있고, 이때 센서의 위치를 각 센서 보드별 센서 위치를 종합해 보면 현재 흘러간 콘크리트의 넓이를 알 수 있으며 현재 센서 보드에는 \\( 8 \\mathrm { mm } \\) 의 간격으로 센서가 배치되어 있어 센서 보드별 데이터를 다음 수식 1 에 대입하여 각 방향으로 퍼진 길이를 구하면 다음(3) \\( \\sim \\)(6)과 같다.</p> <p>\\( A \\)면 (8mm) \\( \\times(10) + (250 \\mathrm { mm } )=330 \\mathrm { mm } \\)<caption>\\(~~~~~~~~ \\)(3)</caption></p> <p>\\( B \\)면 (8mm) \\( \\times(7) + (250 \\mathrm { mm } )=306 \\mathrm { mm } \\)<caption>\\(~~~~~~~~~~ \\)(4)</caption></p> <p>\\( C \\)면 (8mm) \\( \\times(7) + (250 \\mathrm { mm } )=306 \\mathrm { mm } \\)<caption>\\(~~~~~~~~~~ \\)(5)</caption></p>",
                "context_length": 1328,
                "clue": [
                    {
                        "clue_text": "그림 (a)는 처음 슬럼프 큰에 콘크리트를 채운뒤 슬럼프 콘을 들어올리기 전 사진이며, (b) \\( \\sim \\)(e) 그림을 통하여 흘러가는 콘크리트를 센서별로 4 방향 각 각 콘크리트의 끝 지점에 조준되어있는 레이저 포인터 조준점을 통하여 알 수 있으며 \\( ( \\mathrm { g } ),( \\mathrm { h } ),( \\mathrm { i } ) \\) 의 그림과 같이 콘크리트가 더 이상 진행을 하지 않을시 레이저포인터는 해당 위치에서 콘크리트를 끝 지점을 추적 하며, 더이상 진행 하지 않는 것을 알 수 있었다.",
                        "clue_start": "3",
                        "clue_end": "297"
                    },
                    {
                        "clue_text": "이때 사용자의 명령에 따라 모든 데이터를 수집한 라우터는 코디네이터로 데이터를 전송 하여 데이터를 받은 크디네이터는 다음 그림 17 과 같이 사용자의 \\( \\mathrm { PC } \\) 로 측정 결과를 전송 하게 된다.",
                        "clue_start": "298",
                        "clue_end": "421"
                    },
                    {
                        "clue_text": "예를 들어 (SensorBoard 1=870)의 데이터는 \\( 0.87 \\mathrm { sec } \\)이며. 센서 도달거리의 데이터인 (SensorBoard 1=10)의 데이터는 수식 3 과 같이 \\( 330 \\mathrm { ~mm } \\) 로 콘크리트의 길이를 판단 할 수 있다.",
                        "clue_start": "491",
                        "clue_end": "650"
                    },
                    {
                        "clue_text": "그리고 콘크리트가 각 방향으로 다르게 퍼저 나가는 것과 각 센서 보드의 센서별 통과 시간을 그림 18과 같이 그래프로 표현해 보았으며 \\( 500 \\mathrm { mm } \\) 도달 시간에 대한 데이터를 이상 없이 획득 할 수 있고, 이때 센서의 위치를 각 센서 보드별 센서 위치를 종합해 보면 현재 흘러간 콘크리트의 넓이를 알 수 있으며 현재 센서 보드에는 \\( 8 \\mathrm { mm } \\) 의 간격으로 센서가 배치되어 있어 센서 보드별 데이터를 다음 수식 1 에 대입하여 각 방향으로 퍼진 길이를 구하면 다음(3) \\( \\sim \\)(6)과 같다.",
                        "clue_start": "658",
                        "clue_end": "971"
                    }
                ],
                "terminology": [
                    {
                        "word": "도달거리"
                    },
                    {
                        "word": "라우터"
                    },
                    {
                        "word": "레이저"
                    },
                    {
                        "word": "레이저 포인터"
                    },
                    {
                        "word": "센서"
                    },
                    {
                        "word": "센서 도달거리"
                    },
                    {
                        "word": "센서 보드"
                    },
                    {
                        "word": "센서별"
                    },
                    {
                        "word": "슬럼프 콘"
                    },
                    {
                        "word": "전송"
                    },
                    {
                        "word": "포인터"
                    }
                ]
            },
            {
                "context_id": "55e-0c9-merge_ed_024688fc-5b499e83-74e1-415f-b80c-1d6326cab668_06",
                "context_K-NSCC": {
                    "field": "인공물",
                    "large_category": "ED",
                    "medium_category": "07"
                },
                "context": "<p>\\( D \\)면 (8mm) \\( \\times(9) + (250 \\mathrm { mm } )=322 \\mathrm { mm } \\)<caption>\\(~~~~~~~~~~ \\)(6)</caption></p> <p>그림 18 에서 각 센서 보드의 데이터는 네 방향으로 펴진 정도를 보여주고 있으며 각 방향으로 펴지는 속도가 다름을 알 수 있다. 이는 실제로 콘크리트를 부었을 때 각 방향으로 펴지는 속도가 비슷하지만 완전히 원형으로 퍼지지 않는 콘크리트 특성으로 기인한다. 또한 각 방향의 퍼진 길이를 합쳐서 나타내면 수식 (7), (8)과 같으며, 속도 측정부의 \\( 500 \\mathrm { ~mm } \\) 도달시간은 \\( 6.480 \\mathrm { sec } \\) 임을 확인 할 수 있었으며, 최종 데이터를 \\( \\mathrm { KSF } ~2594 \\) 측정 기준에 대입하여 결과를 확인 할 수 있었다.</p> <p>가로길이 \\( =(330 \\mathrm { mm } ) + (306 \\mathrm { mm } )=636 \\mathrm { mm } \\)<caption>\\(~~~~ \\)(7)</caption></p> <p>세로길이 \\( =(306 \\mathrm { mm } ) + (322 \\mathrm { mm } )=628 \\mathrm { mm } \\)<caption>\\(~~~~ \\)(8)</caption></p> <p>이렇게 획득한 데이터는 기존의 방법에 비해 매 실험마다의 온차를 줄일 수 있었으며 별 다른 기록장치가 없더라도 사용자의 \\( \\mathrm { PC } \\) 에서 실험 결과를 비교, 판단하며 저장 할 수 있었다. 또한 본 실험 장치를 이용하여 저장된 데이터를 바탕으로 측정 데이타의 통계를 분석 할 수 있는 기반을 마련할 수 있었다. 본 실험에서 사용한 방법은 무선센서네트웍의 데이터 처리 기능을 이용하였기 때문에 거리는 실내에서 10 미터 범위 내에서 전송하여야 하는 특수성이 있지만 측정 지역이 측정장치와 컴퓨터 사이에 별다른 장애물이 없다는 점과 중간에 라우터를 부가적으로 설치하면 거리와 상관없이 측정데이타를 전송할 수 있기 때문에 실제 측정 데이타를 문제없이 재연할 수 있다고 할수 있다. 다만 본질적인 무선 센서 네트웍이 가지고 있는 네트웍상의 효율적인 관리면에서는 관리를 위한 특별한 네트웍 방식이 필요할 수 있으나 본 실험의 목적이 콘크리트 유동성 측정인점을 미루어 볼때 콘크리트 펴지는 속도가 느리고 반복적인 데이터를 처리한 다는 점을 볼때 중간 데이터가 유실이 있다고 하더라도 전체적인 속도측정에 문제가 없을것 이라 생각된다. 본 실험의 결과로 미루어 볼 때 기즌의 측정자가 직접 줄자를 이용하는 방법의 치명적인 문제점인 지나치게 측정자에 의존한다는 점과 측정된 데이터를 자동으로 보존하지 못하고 통계 처리 할 수 없다는 점을 보완할 수 있었으며 기존 다른 측정 시스템이 비젼을 이용하는 시스템과 비교하여 볼 때 측정 시스템이 원격으로 처리 할 수 있기 때문에 장치의 구현이 간단하고 저가로 처리 할 수 있다는 점이 다른 현존 시스템과 구별하여 우수하다고 볼 수 있다. 하지만 측정평가 장치로 구현되기 위해서는 기존 측정 데이터를 이용하여 다양한 측정기준을 반들 수 있는 알고리즘에 대한 개발이 필요하다.</p> <h1>Ⅵ. 결 론</h1> <p>본 논문은 고유동 콘크리트의 유동성능을 측정하기 위하여 자동 측정 장치의 설계에 대한 논문으로 기존의 KS F 2594 (굳지 않은 콘크리트의 슬럼프 플로 시험 방법)에서 제시된 유동성능 측정 실험 방법인 줄자와 스톱워치를 이용하여 측정하는 방법의 문제점인 사용자 의존적인 면과 측정된 데이터의 자료화의 문제점을 효과적으로 개선시킬 수 있었다. 또한 현장에서의 열악한 측정 환경을 무선 네트웍을 통해 사무실의 환경으로 연계하여 작업할 수 있게 하여 측정의 원활함과 보존성을 도모하였다. 제시된 방법과 장치를 이용하여 실제 측정한 결과 보다 정밀한 데이터 추출 및 반복성을 재연할 수 있었다.</p> <p>향후 현재의 센서 보드보다 소규모의 센서를 장착할 경우 검출 되는 데이터의 정밀도를 향상 시킬 수 있을 것으로 판단된다. 또한 \\( \\mathrm { PC } \\) 환경에서 실제 데이타를 그래프로 표현해주고 데이터를 분석하는 사용자 GUI에 대한 추가 연구가 진행되어야 할 것으로 판단된다.</p>",
                "context_length": 2130,
                "clue": [
                    {
                        "clue_text": "\\( D \\)면 (8mm) \\( \\times(9) + (250 \\mathrm { mm } )=322 \\mathrm { mm } \\)<caption>\\(~~~~~~~~~~ \\)",
                        "clue_start": "3",
                        "clue_end": "100"
                    },
                    {
                        "clue_text": "데이터는 네 방향으로 펴진 정도를 보여주고 있으며 각 방향으로 펴지는 속도가 다름을 알 수 있다.",
                        "clue_start": "139",
                        "clue_end": "193"
                    },
                    {
                        "clue_text": "실험 결과를 비교, 판단하며 저장 할 수 있었다.",
                        "clue_start": "785",
                        "clue_end": "812"
                    },
                    {
                        "clue_text": "본 실험의 결과로 미루어 볼 때 기즌의 측정자가 직접 줄자를 이용하는 방법의 치명적인 문제점인 지나치게 측정자에 의존한다는 점과 측정된 데이터를 자동으로 보존하지 못하고 통계 처리 할 수 없다는 점을 보완할 수 있었으며 기존 다른 측정 시스템이 비젼을 이용하는 시스템과 비교하여 볼 때 측정 시스템이 원격으로 처리 할 수 있기 때문에 장치의 구현이 간단하고 저가로 처리 할 수 있다는 점이 다른 현존 시스템과 구별하여 우수하다고 볼 수 있다.",
                        "clue_start": "1279",
                        "clue_end": "1526"
                    }
                ],
                "terminology": [
                    {
                        "word": "GUI"
                    },
                    {
                        "word": "KS"
                    },
                    {
                        "word": "고유동"
                    },
                    {
                        "word": "고유동 콘크리트"
                    },
                    {
                        "word": "라우터"
                    },
                    {
                        "word": "무선센서네트웍"
                    },
                    {
                        "word": "센서"
                    },
                    {
                        "word": "센서 보드"
                    },
                    {
                        "word": "슬럼프 플로"
                    },
                    {
                        "word": "알고리즘"
                    },
                    {
                        "word": "전송"
                    },
                    {
                        "word": "정밀도"
                    },
                    {
                        "word": "측정 데이터"
                    }
                ]
            },
            {
                "context_id": "55e-0c9-merge_ed_024688fc-5b499e83-74e1-415f-b80c-1d6326cab668_02",
                "context_K-NSCC": {
                    "field": "인공물",
                    "large_category": "ED",
                    "medium_category": "07"
                },
                "context": "<p>\\( A \\) 면길이 \\( = \\) 간격 \\( \\times \\) 위치 \\( + \\) 속도구간<caption>\\(~~~~~ \\)(1)</caption></p> <p>총길이 \\( =(A \\) 면길이 \\( ) + (B \\) 면길이 \\( ) \\)<caption>\\(~~~ \\)(2)</caption></p> <p>그리고 큰크리트가 네 방향으로 고르게 펴져나가기 때문에 각 네 방향에 같은 크기의 센서 측정판을 설계하여 배치하였다. 측정 방법은 각 부분의 \\( 500 \\mathrm { ~mm } \\) 도달시간과 길이를 이용하여 평균하여 \\( \\mathrm { KS } \\mathrm { ~F } ~2594 \\) 기준에 의해 등급을 판단하게 된다.</p> <p>각 면에 장착된 센서모듈구동장치는 그림 6과 같다. 그림과 같이 레이저 다이오드를 원통에 고정시켜 실험장소에 따라 다이오드의 조준점이 바뀌게 되는 현상을 서보모터를 사용하여 레이저 다이오드의 각도를 변경 할 수 있게 설계하였으며 리니어 부쉬 2개를 가이드의 넓이에 맞게 연결 하여 2개의 가이드에서 직선운동을 할 수 있도록 모듈을 제작하였다. 완성된 모듈은 그림 7와 같이 스텝모터, 풀리, 타이밍 벨트를 이용하여 가이드를 따라 움직이며 중앙 처리부로부터 명령을 받아 콘크리트의 유동성을 감지할 수 있도록 설계 되었다. 그림 7에서 상단부는 전체 레이저 포인트 구동부를 나타낸 그림이며 하단의 그림은 각 부분을 세부적으로 표현한 그림이다. 여기서 레이저 센서를 이동시키기 위해서는 간단하게 펄스 입력에 따라 움직일 수 있는 스텝모터를 사용하였으며 풀리와 타이밍벨트를 이용하여 레이저 센서 가이드를 움직일수 있게 하였다.</p> <p>또한 그림 7의 우측 그림과 같이 여러 번 실험이 반복 될 수 있도록 마이크로 스위치를 장착하여 가이드의 처음 을 알 수 있으며, 더 이상의 모듈 진행을 방해하여 가이드 이탈 상황을 방지할 수 있도록 제작 되었다. 이러한 가이드와 벨트와 이를 구동하는 스테핑 모터를 이용하여 레이저 포인터를 이송시키면서 수광부의 수신 상태에 따라 콘크리트의 유동을 측정하고 이를 누적하여 점도를 측정 할 수 있다.</p> <h1>Ⅲ. 제어기 설계</h1> <p>상기 설계된 기구를 구동하는 전장 제어부의 기능은 그림 8과 같이 크게 중앙 처리부, 센서 구동부, 모터 구동부 3가지로 나누어 설계 하였다.</p> <p>전체 제어부의 핵심인 중앙 처리부와 센서입력을 받아들여 입력된 결과를 중앙 처리부로 전달하는 센서부와 중앙 처리부에서 명령을 전달 받아 모터를 구동하는 모터 구동부로 구분 하였다.</p> <p>중앙 처리부는 그림 9와 같이 32비트 처리능력을 가진 제닉사(Jennic)의 무선마이컴인 JN5139를 사용하였다. 이 칩은 내부에 Zigbee 스택과 4개의 12Bit \\( \\mathrm { ADC } \\), 21개의 범용 입출력 포트, 타이머, 비교기 등 다양한 부가 기능을 내장해 추가적인 회로 구성이 적고, 센서나 모터 드라이브 등을 장착하여 사용하기 용이하게 만들어져있다.</p>",
                "context_length": 1496,
                "clue": [
                    {
                        "clue_text": "상기 설계된 기구를 구동하는 전장 제어부의 기능은 그림 8과 같이 크게 중앙 처리부, 센서 구동부, 모터 구동부 3가지로 나누어 설계 하였다.",
                        "clue_start": "1083",
                        "clue_end": "1162"
                    },
                    {
                        "clue_text": "전체 제어부의 핵심인 중앙 처리부와 센서입력을 받아들여 입력된 결과를 중앙 처리부로 전달하는 센서부와 중앙 처리부에서 명령을 전달 받아 모터를 구동하는 모터 구동부로 구분 하였다.",
                        "clue_start": "1170",
                        "clue_end": "1270"
                    },
                    {
                        "clue_text": "이 칩은 내부에 Zigbee 스택과 4개의 12Bit \\( \\mathrm { ADC } \\), 21개의 범용 입출력 포트, 타이머, 비교기 등 다양한 부가 기능을 내장해 추가적인 회로 구성이 적고, 센서나 모터 드라이브 등을 장착하여 사용하기 용이하게 만들어져있다.",
                        "clue_start": "1344",
                        "clue_end": "1492"
                    },
                    {
                        "clue_text": "이러한 가이드와 벨트와 이를 구동하는 스테핑 모터를 이용하여 레이저 포인터를 이송시키면서 수광부의 수신 상태에 따라 콘크리트의 유동을 측정하고 이를 누적하여 점도를 측정 할 수 있다.",
                        "clue_start": "954",
                        "clue_end": "1056"
                    },
                    {
                        "clue_text": "여기서 레이저 센서를 이동시키기 위해서는 간단하게 펄스 입력에 따라 움직일 수 있는 스텝모터를 사용하였으며 풀리와 타이밍벨트를 이용하여 레이저 센서 가이드를 움직일수 있게 하였다.",
                        "clue_start": "726",
                        "clue_end": "826"
                    }
                ],
                "terminology": [
                    {
                        "word": "ADC"
                    },
                    {
                        "word": "Jennic"
                    },
                    {
                        "word": "KS"
                    },
                    {
                        "word": "Zigbee"
                    },
                    {
                        "word": "가이드 이탈 상황"
                    },
                    {
                        "word": "다이오드"
                    },
                    {
                        "word": "레이저"
                    },
                    {
                        "word": "레이저 다이오드"
                    },
                    {
                        "word": "레이저 센서"
                    },
                    {
                        "word": "레이저 포인터"
                    },
                    {
                        "word": "리니어"
                    },
                    {
                        "word": "마이크로 스위치"
                    },
                    {
                        "word": "면길이"
                    },
                    {
                        "word": "모듈 진행"
                    },
                    {
                        "word": "모터 구동부"
                    },
                    {
                        "word": "모터 드라이브"
                    },
                    {
                        "word": "서보모터"
                    },
                    {
                        "word": "센서"
                    },
                    {
                        "word": "센서 구동부"
                    },
                    {
                        "word": "센서 측정판"
                    },
                    {
                        "word": "센서모듈구동장치"
                    },
                    {
                        "word": "수광부"
                    },
                    {
                        "word": "스위치"
                    },
                    {
                        "word": "스테핑"
                    },
                    {
                        "word": "스테핑 모터"
                    },
                    {
                        "word": "스텝모터"
                    },
                    {
                        "word": "입출력 포트"
                    },
                    {
                        "word": "전장 제어부"
                    },
                    {
                        "word": "점도"
                    },
                    {
                        "word": "제어기"
                    },
                    {
                        "word": "제어부"
                    },
                    {
                        "word": "중앙 처리부"
                    },
                    {
                        "word": "타이밍 벨트"
                    },
                    {
                        "word": "펄스 입력"
                    },
                    {
                        "word": "포인터"
                    },
                    {
                        "word": "풀리"
                    },
                    {
                        "word": "회로"
                    },
                    {
                        "word": "회로 구성"
                    }
                ]
            },
            {
                "context_id": "55e-0c9-merge_ed_024688fc-5b499e83-74e1-415f-b80c-1d6326cab668_00",
                "context_K-NSCC": {
                    "field": "인공물",
                    "large_category": "ED",
                    "medium_category": "07"
                },
                "context": "<h1>Ⅰ. 서론</h1> <p>일반 무선 센서 네트웍은 통신 기반이 구축되어 있지 읺으며, 데이터 량이 많지 읺은 외부 환경의 측정 시에 사용하기 적합한 통신 방식으로 원격 검침 장치에 많이 채용되고 있다. 원격으로 측정방법은 대부분 측정체 부분에 장착된 센서장치에 센서 네트웍 노드를 두고 각 노드를 여러 개 두어 서로 데이터를 전송시켜 궁극적으로 \\( \\mathrm { PC } \\) 까지 전송 받아 내부의 소프트웨 어에서 처리하는 구조를 가지고 있기 때문에 기본 통신 인프라가 구축되지 않은 주변 환경의 상태를 원격으로 측정할 수 있는 장점을 가지고 있어 지구 환경 측정 거주민의 행동 양식 분석, 도로 및 특정 지역의 교통량 측정, 의료 환경에서의 환자상태파악 및 가정 내에서의 각종 데이터 정보 취득 분야 등에서 다양한 형태로 사용되고 있는 실정이다.</p> <p>한편, 국내의 건설 산업은 비약적인 발전을 이루어 초고층 빌딩 및 초장 대 교량 등 건설구조물이 점차 고층화 및 특수화됨에 따라 건설재료로 가장 많이 사용되고 있는 콘크리트 또한 기존의 일반콘크리트에서 시공성능 향상 및 고품질을 확보할 수 있는 특수콘크리트인 고유동 콘크리트에 대한 시공사례가 증가되고 있는 추세이다.</p> <p>이러한 고유동 콘크리트의 성능을 평가하기 위해서는 유동성능 측정 방법이 중요하며 국내에서는 2004년 \\( \\mathrm { KS } \\mathrm { ~F } ~2594 \\) (굳지 않은 콘크리트의 슬럼프 플로 시험방법)를 통하여 슬럼프 플로의 측정 장치와 방법에 대한 규정을 제시 하고 있다. 그러나, 제시된 측정 방법은 그림 1과 같이 실험자와 관찰자의 주관적인 시점에서 줄자와 스톱워치를 이용하여 콘크리트의 유동성능을 판단하는 방법이므로 오차범위가 크기 때문에 데이터의 신뢰성 확보가 문제가 되고 있어 보다 정밀한 새로운 측정 장치가 요구되고 있다. 최근에 와서 컴퓨터를 이용하여 정확한 측정을 하려는 카메라를 사용한 그림2와 같은 영상처리방법등이 있다. 하지만 이러한 방식의 카메라를 사용하는 방법은 상당한 고가의 장비라는 점과 현장에서 측정시 측정 실험 환경이 먼지, 습기가 많은 점을 고려할 때 카메라가 적합지 않은 문제점을 내포하고 있다. 아울러 카메라와 접속되는 컴퓨터가 반드시 필요하기 때문에 현장에 반드시 전용 컴퓨터를 설치해야 하는 문제점이 있다. 그러므로 이러한 문제점을 개선하기 위해서는 다른 측정 방법을 원격으로 처리해야 하며 측정 센서도 먼지와 습도와 같은 열악한 환경에서 인내할 수 있는 장치의 선정이 필요하다. 따라서, 본 논문에서는 원격 측정방법인 무선센서 네트웍을 고유동 콘크리트의 유동성능 측정에 적용하기 위하여 레이저 다이오드를 정착한 모형 유동성능 측정 장치를 제작하였으며, 또한 일반 \\( \\mathrm { PC } \\) 기반으로 기구부를 제어하여 데이터를 검출 및 분석할 수 있도록 소프트웨어를 설계하여 보다 정밀한 데이터를 통한 유동성능 분석의 가능성을 분석 고찰하였다.</p>",
                "context_length": 1472,
                "clue": [
                    {
                        "clue_text": "일반 무선 센서 네트웍은 통신 기반이 구축되어 있지 읺으며, 데이터 량이 많지 읺은 외부 환경의 측정 시에 사용하기 적합한 통신 방식으로 원격 검침 장치에 많이 채용되고 있다.",
                        "clue_start": "18",
                        "clue_end": "116"
                    },
                    {
                        "clue_text": "이러한 고유동 콘크리트의 성능을 평가하기 위해서는 유동성능 측정 방법이 중요하며 국내에서는 2004년 \\( \\mathrm { KS } \\mathrm { ~F } ~2594 \\) (굳지 않은 콘크리트의 슬럼프 플로 시험방법)를 통하여 슬럼프 플로의 측정 장치와 방법에 대한 규정을 제시 하고 있다.",
                        "clue_start": "619",
                        "clue_end": "784"
                    },
                    {
                        "clue_text": "최근에 와서 컴퓨터를 이용하여 정확한 측정을 하려는 카메라를 사용한 그림2와 같은 영상처리방법등이 있다.",
                        "clue_start": "931",
                        "clue_end": "989"
                    },
                    {
                        "clue_text": "그러나, 제시된 측정 방법은 그림 1과 같이 실험자와 관찰자의 주관적인 시점에서 줄자와 스톱워치를 이용하여 콘크리트의 유동성능을 판단하는 방법이므로 오차범위가 크기 때문에 데이터의 신뢰성 확보가 문제가 되고 있어 보다 정밀한 새로운 측정 장치가 요구되고 있다.",
                        "clue_start": "785",
                        "clue_end": "930"
                    }
                ],
                "terminology": [
                    {
                        "word": "KS"
                    },
                    {
                        "word": "고유동"
                    },
                    {
                        "word": "고유동 콘크리트"
                    },
                    {
                        "word": "교량"
                    },
                    {
                        "word": "기구부"
                    },
                    {
                        "word": "네트웍 노드"
                    },
                    {
                        "word": "노드"
                    },
                    {
                        "word": "다이오드"
                    },
                    {
                        "word": "레이저"
                    },
                    {
                        "word": "레이저 다이오드"
                    },
                    {
                        "word": "무선센서"
                    },
                    {
                        "word": "센서"
                    },
                    {
                        "word": "소프트웨어"
                    },
                    {
                        "word": "슬럼프 플로"
                    },
                    {
                        "word": "시공성능"
                    },
                    {
                        "word": "신뢰성"
                    },
                    {
                        "word": "오차범위"
                    },
                    {
                        "word": "원격 검침"
                    },
                    {
                        "word": "인프라"
                    },
                    {
                        "word": "전송"
                    },
                    {
                        "word": "측정체"
                    },
                    {
                        "word": "통신 기반"
                    },
                    {
                        "word": "통신 인프라"
                    }
                ]
            }
        ]
    }
}