{
    "dataset_info": {
        "identifier": "02-031-002-NL",
        "name": "기술과학 문서 요약 데이터",
        "category": "자연어",
        "last_updated": "2023-08-30"
    },
    "dataset": {
        "doc_id": "034b7f4e-39290918-7671-4737-9c15-9633b16c3494",
        "doc_type": "논문",
        "doc_title": {
            "kor": "선형 배터리 모델을 이용한 에너지 저장장치의 제어기 설계기법에 관한 연구",
            "eng": ""
        },
        "doc_category": {
            "KDC": "560.5",
            "DDC": ""
        },
        "doc_number": {
            "ISSN": "1229-2214",
            "ISBN": "",
            "DOI": "",
            "UCI": ""
        },
        "doc_year": "2014",
        "doc_author": [
            "김일송"
        ],
        "doc_publisher": "전력전자학회",
        "doc_license": "CC BY-NC",
        "context_info": [
            {
                "context_id": "55e-0c9-merge_ed_034b7f4e-39290918-7671-4737-9c15-9633b16c3494_06",
                "context_K-NSCC": {
                    "field": "인공물",
                    "large_category": "ED",
                    "medium_category": "03"
                },
                "context": "<p>\\( V_ { b a t } \\left (1-D_ { c } \\right )- \\left (V_ { d c l i n k } -V_ { b a t } \\right ) D_ { c } =L_ { b } \\frac {\\Delta I_ { b } } { T_ { s } } \\)<caption>(13)</caption></p> <p>충전기간동안 Duty는 다음과 같이 표현된다.</p> <p>\\( D_ { c } =D_ { c, n } + D_ { c, d } = \\frac { V_ { b a t } } { V_ {\\text { dclink } } } - \\frac { L_ { b } \\Delta I_ { b } } { V_ {\\text { dclink } } T_ { s } } \\)<caption>(14)</caption></p> <p>방전기간에는 컨버터는 Boost로 동작하며 인덕터 전류 변화율은 다음으로 주어지며</p> <p>\\( V_ {\\text { bat } } D_ { d } - \\left (V_ {\\text { dclink } } -V_ {\\text { bat } } \\right ) \\left (1-D_ { d } \\right )=L_ { b } \\frac {\\Delta I_ { b } } { T_ { s } } \\)<caption>(15)</caption></p> <p>방전기간 동안의 Duty는 다음과 같이 표현된다.</p> <p>방전기간 동안의 Duty는 다음과 같이 표현된다.</p> <p>\\( D_ { d } =D_ { d, n } + D_ { d, d } =1- \\frac { V_ { b a t } } { V_ {\\text { dclink } } } + \\frac { L_ { b } \\Delta I_ { b } } { V_ {\\text { dclink } } T_ { s } } \\)<caption>(16)</caption></p> <p>인버터의 출력방정식은 다음으로 주어지다.</p> <p>\\( V_ { f } =L \\frac { d i_ { L } } { d t } + V_ { g r i d } \\)<caption>(17)</caption></p> <p>이산 방정식으로 표현하면</p> <p>\\( V_ { f } (k + 1)=L \\frac { i_ { L } (k + 1)-i_ { L } (k) } { T_ { s } } + V_ { g r i d } (k) \\)<caption>(18)</caption></p>",
                "context_length": 1209,
                "clue": [
                    {
                        "clue_text": "충전기간동안 Duty는 다음과 같이 표현된다.",
                        "clue_start": "186",
                        "clue_end": "211"
                    },
                    {
                        "clue_text": "방전기간 동안의 Duty는 다음과 같이 표현된다.",
                        "clue_start": "670",
                        "clue_end": "697"
                    },
                    {
                        "clue_text": "인버터의 출력방정식은 다음으로 주어지다.",
                        "clue_start": "939",
                        "clue_end": "961"
                    },
                    {
                        "clue_text": "\\( V_ { f } =L \\frac { d i_ { L } } { d t } + V_ { g r i d } \\)<caption>(17)</caption>",
                        "clue_start": "969",
                        "clue_end": "1055"
                    },
                    {
                        "clue_text": "\\( V_ { f } (k + 1)=L \\frac { i_ { L } (k + 1)-i_ { L } (k) } { T_ { s } } + V_ { g r i d } (k) \\)<caption>(18)</caption>",
                        "clue_start": "1084",
                        "clue_end": "1205"
                    }
                ],
                "terminology": [
                    {
                        "word": "Boost"
                    },
                    {
                        "word": "Duty"
                    },
                    {
                        "word": "dclink"
                    },
                    {
                        "word": "방전기간"
                    },
                    {
                        "word": "방정식"
                    },
                    {
                        "word": "이산 방정식"
                    },
                    {
                        "word": "인덕터"
                    },
                    {
                        "word": "인덕터 전류 변화율"
                    },
                    {
                        "word": "전류"
                    },
                    {
                        "word": "전류 변화율"
                    },
                    {
                        "word": "출력방정식"
                    },
                    {
                        "word": "컨버터"
                    }
                ]
            },
            {
                "context_id": "55e-0c9-merge_ed_034b7f4e-39290918-7671-4737-9c15-9633b16c3494_01",
                "context_K-NSCC": {
                    "field": "인공물",
                    "large_category": "ED",
                    "medium_category": "03"
                },
                "context": "<h1>2. 제어시스템 설계</h1> <h2>21 선형비터리 모면링</h2> <p>잘 알려진 전류적산(Coulomb counting) 기법을 사용 하여 \\( \\mathrm { SOC } \\) 를 다음과 같이 정의하였다.</p> <p>\\( z_ { k + 1 } = z_ { k } + \\frac {\\Delta t } { C_ { n } } i_ { k } \\)<caption>(1)</caption></p> <p>\\( z_ { k } \\) 는 \\( \\mathrm { SOC } \\) 이고 \\( i_ { k } \\) 는 충/방전전류이고(충전일때는 \\( + \\), 방전일때는 -로 정의), \\( c_ { n } \\) 은 공칭용량, \\( \\Delta t \\) 는 샘플링시간이다.</p> <p>제안된 모델의 출력방정식은 다음으로 정의된다.</p> <p>\\( V_ { t } ( \\mathrm { k } )= \\mathrm { V } _ { o c } ( \\operatorname { sOc } (k)) + R i_ { k } + V(k)_ {\\text { relaxation } } \\)<caption>(2)</caption></p> <p>\\( \\mathrm { OCV } \\) 는 \\( \\mathrm { SOC } \\) 의 함수로 주어지고 short-term과 long-term에 해당되는 relaxation 전압을 나타내기 위해 직렬 연결된 \\( \\mathrm { RC } \\) 병렬회로가 사용되었다. 모델링 오차를 줄이기 위해서 추가로 \\( \\mathrm { RC } \\) 회로를 직렬 연결하여 구성할 수 있다. 3단 \\( \\mathrm { RC } \\) 회로는 \\( \\mathrm { HEV } / \\mathrm { EV } \\) 와 같이 모터부하로 구동되는 매우 높은 펄스형태의 충/방전 전류를 가지는 응용분야에서 높은 정밀도를 유지할 수 있다.</p> <p>배터리의 입력은 충방전 전류 \\( i_ { k } \\) 이고 출럭은 단자전 압 \\( v_ { t } \\) 이다. 직렬 연결된 \\( \\mathrm { RC } \\) 회로는 동작환경에서 요구 되는 정밀도에 의해 결정된다. \\( 1 \\% \\mathrm { SOC } \\) 오차에 해당하는 \\( 10 \\mathrm { mV } \\) 의 정밀도를 요구하며 3 단의 \\( \\mathrm { RC } \\) 회로를 연결 해서 이 요구조건을 만족시킬 수 있다. 등가회로는 그림 2 에 나타나 있다. 이 회로를 이산 상태방정식으로 나타 내면 다음으로 주어진다.</p>",
                "context_length": 1237,
                "clue": [
                    {
                        "clue_text": "제안된 모델의 출력방정식은 다음으로 정의된다.",
                        "clue_start": "384",
                        "clue_end": "409"
                    },
                    {
                        "clue_text": "\\( V_ { t } ( \\mathrm { k } )= \\mathrm { V } _ { o c } ( \\operatorname { sOc } (k)) + R i_ { k } + V(k)_ {\\text { relaxation } } \\)<caption>(2)</caption>",
                        "clue_start": "417",
                        "clue_end": "570"
                    }
                ],
                "terminology": [
                    {
                        "word": "Coulomb"
                    },
                    {
                        "word": "Coulomb counting"
                    },
                    {
                        "word": "EV"
                    },
                    {
                        "word": "HEV"
                    },
                    {
                        "word": "OCV"
                    },
                    {
                        "word": "RC"
                    },
                    {
                        "word": "SOC"
                    },
                    {
                        "word": "long-term"
                    },
                    {
                        "word": "relaxation"
                    },
                    {
                        "word": "relaxation 전압"
                    },
                    {
                        "word": "공칭용량"
                    },
                    {
                        "word": "등가회로"
                    },
                    {
                        "word": "모델링 오차"
                    },
                    {
                        "word": "모터부"
                    },
                    {
                        "word": "모터부하"
                    },
                    {
                        "word": "병렬회로"
                    },
                    {
                        "word": "상태방정식"
                    },
                    {
                        "word": "이산 상태방정식"
                    },
                    {
                        "word": "전류"
                    },
                    {
                        "word": "전류적산"
                    },
                    {
                        "word": "정밀도"
                    },
                    {
                        "word": "제어시스템 설계"
                    },
                    {
                        "word": "직렬"
                    },
                    {
                        "word": "직렬 연결"
                    },
                    {
                        "word": "출력방정식"
                    },
                    {
                        "word": "충/방전전류"
                    },
                    {
                        "word": "충방전 전류"
                    },
                    {
                        "word": "펄스형태"
                    },
                    {
                        "word": "함수"
                    },
                    {
                        "word": "회로"
                    }
                ]
            },
            {
                "context_id": "55e-0c9-merge_ed_034b7f4e-39290918-7671-4737-9c15-9633b16c3494_04",
                "context_K-NSCC": {
                    "field": "인공물",
                    "large_category": "ED",
                    "medium_category": "03"
                },
                "context": "<h2>22 저항축정</h2> <p>배터리의 내부 저항(충전 저항, 방전저항)을 실 운전조건에서 \\( \\mathrm { DC } - \\mathrm { IR } \\) 측정기법으로 알아내는 방법에 대해서 알아본다. DC-IR 기법이란 \\( \\mathrm { Ohm } \\) 의 법칙에서 유래된 것 으로 저항의 정의가 \\( \\mathrm { R } = \\mathrm { V } / \\mathrm { I } \\) 임을 이용하여 동적 (Dynamic) 저항을 구하는 방법을 말한다. 동적 저항이란 특정 시간 구간에서 전압의 변화량과 전류의 변화량의 비로서 정의된다. 즉</p> <p>\\( R= \\frac {\\Delta V } {\\Delta I } \\)<caption>(8)</caption></p> <p>충방전기를 사용하여 동적저항을 측정하는 것은 간단하다. 예를 들어 10 초 동안 일정한 전류를 충전하거나 방전하면서 이 시간 동안 전압의 변화를 측정하면 동적 저항을 쉅게 측정할 수 있다. 만약 10 초 동안 방전 전류의 변화가 \\( 100 \\mathrm { ~A } \\) 이고 전압의 변화가 0.3V 이면 방전 저항은 \\( 3 \\mathrm { ~m } \\Omega \\) 이 된다.</p> <p>하지만 실제 운영 상황에서 동적저항을 측정하는 것은 충방전기와는 상황이 다르다. 충방전 전류의 크기가 일정하지 않고 시간도 역시 조건에 따라서 달라지기 때문이다. 본 연구에서는 동직 저항 측정기법에 대해 서술한다. 매 1 초마다 BMS 에서 배터리 전류와 전압을 측정한다. 전류의 기울기가 \\( + ( \\) 혹은 \\( -) \\) 인 시간이 10 초 이상인 상태에서 전류의 변화량과 전압의 변화량을 측정하 여 동적 저항을 구한다. 이 때 전류의 변화량이 일정량 (일반적으로 \\( 100 \\mathrm { ~A } \\) )이상 되는 구간만을 측정에 사용한다. 이것은 미소전류가 일정시간 흐르는 경우를 방지하기 위한 것이다. 기울기를 사용하는 이유는 전류가 충전만 을 계속하는 경우에 충전구간에서 기울기가 달라지게 되면, 전압의 크기가 증가하다가 감소하게 된다. 이것은 배터리 시험에 사용된 전압-전류 프로파일을 보면 쉽게 알 수 있다. 이 경우에는 동적저항을 정확히 측정하기 어렵게 된다. 따라서 전류의 부호 대신에 기울기를 사용하는 것이 보다 정밀한 동적 저항을 측정하는데 유리하다. 그림 3에 실제 운영중의 동적 저항을 표시하였다.</p> <h2>\\( 2.3 \\) Power Estimation</h2> <p>베터리는 제한된 전력을 공급할 수 있는 에너지원이기 때문에 일정한 시간동안 충/방전이 가능한 최대전력을 알아내는 것이 중요하다. 특히 HEV 나 풍럭발전용 전력저장장치와 같이 단기간에 높은 펄스로 충방전이되는 시스템에서는 최대출력을 알아내는 것이 가장 중요.한 배터리관리의 하나가 된다. 최대출력은 적용가능한배터리의 최대, 최소 전압 혹은 충전량 SOC 의 최대, 최소가 기준이 된다. 즉 최대충전전력은 현재 전압에서부터 최대 허용전압까지 충전가능한 전류와 전압의 곱이 된다. 반대로 최대 방전전력은 현재 전압에서 최소허용전압까지 방전가능한 전류와 전압의 곱이 된다. \\( \\mathrm { N } ^ { - } \\)개의 셀이 직렬로 연결된 배터리 팩에서 \\( \\mathrm { BMS } \\) 는 일정시간 간격으로 \\( \\mathrm { N } \\)-개 전압과 팩전류를 측정한다. 최대, 최소, 평균 셀 전압을 구하여 충전전력 계산에는 최대 전압, 방전전력 계산에는 최소 전압, \\( \\mathrm { SOC } \\) 계산에는 평균전압을 사용한다. 유효전력을 알아내는 과정은 다음과 같다. 식 (2)를 정리하면</p>",
                "context_length": 1802,
                "clue": [
                    {
                        "clue_text": "DC-IR 기법이란 \\( \\mathrm { Ohm } \\) 의 법칙에서 유래된 것 으로 저항의 정의가 \\( \\mathrm { R } = \\mathrm { V } / \\mathrm { I } \\) 임을 이용하여 동적 (Dynamic) 저항을 구하는 방법을 말한다. 동적 저항이란 특정 시간 구간에서 전압의 변화량과 전류의 변화량의 비로서 정의된다.",
                        "clue_start": "118",
                        "clue_end": "311"
                    },
                    {
                        "clue_text": "매 1 초마다 BMS 에서 배터리 전류와 전압을 측정한다. 전류의 기울기가 \\( + ( \\) 혹은 \\( -) \\) 인 시간이 10 초 이상인 상태에서 전류의 변화량과 전압의 변화량을 측정하 여 동적 저항을 구한다.",
                        "clue_start": "731",
                        "clue_end": "850"
                    },
                    {
                        "clue_text": "따라서 전류의 부호 대신에 기울기를 사용하는 것이 보다 정밀한 동적 저항을 측정하는데 유리하다. 그림 3에 실제 운영중의 동적 저항을 표시하였다.",
                        "clue_start": "1107",
                        "clue_end": "1188"
                    },
                    {
                        "clue_text": "베터리는 제한된 전력을 공급할 수 있는 에너지원이기 때문에 일정한 시간동안 충/방전이 가능한 최대전력을 알아내는 것이 중요하다. 특히 HEV 나 풍럭발전용 전력저장장치와 같이 단기간에 높은 펄스로 충방전이되는 시스템에서는 최대출력을 알아내는 것이 가장 중요.한 배터리관리의 하나가 된다.",
                        "clue_start": "1232",
                        "clue_end": "1392"
                    }
                ],
                "terminology": [
                    {
                        "word": "BMS"
                    },
                    {
                        "word": "DC"
                    },
                    {
                        "word": "DC-IR"
                    },
                    {
                        "word": "HEV"
                    },
                    {
                        "word": "IR"
                    },
                    {
                        "word": "SOC"
                    },
                    {
                        "word": "기울기"
                    },
                    {
                        "word": "내부 저항"
                    },
                    {
                        "word": "미소전류"
                    },
                    {
                        "word": "방전저항"
                    },
                    {
                        "word": "방전전력"
                    },
                    {
                        "word": "셀 전압"
                    },
                    {
                        "word": "에너지원"
                    },
                    {
                        "word": "유효전력"
                    },
                    {
                        "word": "전류"
                    },
                    {
                        "word": "직렬"
                    },
                    {
                        "word": "충방전 전류"
                    },
                    {
                        "word": "충방전기"
                    },
                    {
                        "word": "프로파일"
                    },
                    {
                        "word": "허용전압"
                    }
                ]
            },
            {
                "context_id": "55e-0c9-merge_ed_034b7f4e-39290918-7671-4737-9c15-9633b16c3494_05",
                "context_K-NSCC": {
                    "field": "인공물",
                    "large_category": "ED",
                    "medium_category": "03"
                },
                "context": "<p>\\( R i_ { k } =V_ { t } ( \\mathrm { k } )-V(k)_ {\\text { relaxation } } - \\mathrm { V } _ { o c } ( \\operatorname { soc } (k)) \\)<caption>(9)</caption></p> <p>충전가능한 최대 배터리 전압이 \\( V_ { F u l l } \\) 이면 최대 충전 전류는 다음과 같이 계산된다.</p> <p>\\( i_ { c h g, \\max } = \\frac { V_ {\\text { Full } } -V_ { o c } ( \\operatorname { soc } (k)) } { R_ { c h g } } \\)<caption>(10)</caption></p> <p>방전가능한 최소 배터리 전압이 \\( V_ {\\text { Cut } } \\) 이면 최대 방전 전류는</p> <p>\\( i_ {\\text { dis,max } } = \\frac { V_ { C u t } -V_ { o c } ( \\operatorname { soc } (k)) } { R_ {\\text { dchg } } } \\)<caption>(11)</caption></p> <p>되고 최대 출력은 다음과 같이 계산된다.</p> <p>\\( P_ {\\text { dis, max } } =V_ {\\text { Cut } } \\times i_ {\\text { dis, max } } \\) \\( P_ {\\text { ch } g, \\text { max } } =V_ {\\text { Full } } \\times i_ {\\text { ch } g, \\text { max } } \\)<caption>(12)</caption></p> <p>그림 4에 실제 동작상황에서 얻어진 최대 충/방전 출력 전류를 나타내었다.</p> <h2>\\( 2.4 \\) 전려변환기 제어기 설계</h2> <p>\\( \\mathrm { BMS } \\) 는 \\( I_ {\\text { batref를 양방향 컨버터의 제어명령으로발생시 } } \\) 킨다. + 는 충전을 \\( - \\) 는 방전을 의미한다. 충전시 컨버터 는 Buck 컨버터로 동작하고 스위치 \\( S_ { b H } \\) 가 동작하고 \\( S_ { b L } \\) 은 disable된다. 방전시는 Boost 컨버터로 동작하며 스위치 동작은 반대가 된다. 인덕터 \\( L_ { b } \\) 에 샘플링 시간 Ts 동안 volt- sec balance를 적용하면</p>",
                "context_length": 1211,
                "clue": [
                    {
                        "clue_text": "\\( \\mathrm { BMS } \\) 는 \\( I_ {\\text { batref를 양방향 컨버터의 제어명령으로발생시 } } \\) 킨다. + 는 충전을 \\( - \\) 는 방전을 의미한다.",
                        "clue_start": "925",
                        "clue_end": "1029"
                    },
                    {
                        "clue_text": "충전시 컨버터 는 Buck 컨버터로 동작하고 스위치 \\( S_ { b H } \\) 가 동작하고 \\( S_ { b L } \\) 은 disable된다. 방전시는 Boost 컨버터로 동작하며 스위치 동작은 반대가 된다.",
                        "clue_start": "1030",
                        "clue_end": "1149"
                    }
                ],
                "terminology": [
                    {
                        "word": "BMS"
                    },
                    {
                        "word": "Boost"
                    },
                    {
                        "word": "Boost 컨버터"
                    },
                    {
                        "word": "Buck"
                    },
                    {
                        "word": "Buck 컨버터"
                    },
                    {
                        "word": "Ts"
                    },
                    {
                        "word": "disable"
                    },
                    {
                        "word": "relaxation"
                    },
                    {
                        "word": "샘플링 시간"
                    },
                    {
                        "word": "스위치"
                    },
                    {
                        "word": "양방향 컨버터"
                    },
                    {
                        "word": "인덕터"
                    },
                    {
                        "word": "전류"
                    },
                    {
                        "word": "제어기"
                    },
                    {
                        "word": "제어명령"
                    },
                    {
                        "word": "최대 방전 전류"
                    },
                    {
                        "word": "최대 충전 전류"
                    },
                    {
                        "word": "최소 배터리 전압"
                    },
                    {
                        "word": "컨버터"
                    }
                ]
            },
            {
                "context_id": "55e-0c9-merge_ed_034b7f4e-39290918-7671-4737-9c15-9633b16c3494_03",
                "context_K-NSCC": {
                    "field": "인공물",
                    "large_category": "ED",
                    "medium_category": "03"
                },
                "context": "<p>수식 (2)의 출력방정식은 다음과 같은 형태로 다시 정리된다.</p> <p>\\( y_ { k } =G_ { f } f_ { k } + O C V \\left (z_ { k } \\right ) + R i_ { k } \\)<caption>(5)</caption></p> <p>\\( O C V \\left (z_ { k } \\right ) \\) 는 \\( \\mathrm { SOC } \\) 상태변수 \\( z_ { k } \\) 에 해당하는 개방전압이고, 내부저항 \\( \\mathrm { R } \\) 은 서로 다른 충전(Rchg)와 방전 (Rdchg) 값을 갖는다. Relaxation 전압은 다음의 형태로 주어진다.</p> <p>\\( y_ { f } =G_ { f } f_ { k } = \\left [ \\begin {array} { lll } g_ { 1 } & g_ { 2 } & g_ { 3 } \\end {array} \\right ] \\left [ \\begin {array} { lll } f_ { 1, k } & f_ { 2, k } & f_ { 3,k } \\end {array} \\right ] ^ { T } \\)<caption>(6)</caption></p> <p>SOC는 observer 이론을 이용하여 얻을 수 있다. 선형 모델에는 Luenberger 관측기와 칼만필터(Kalman filter) 를 적용할 수 있다. Luenberger 관측기는 feedback 이득을 설정하면 되는데, 4차 시스템인 경우 4개의 최적 feedback 이득선정이 쉽지 않다는 단점이 있다. 칼만필터는 계산량이 많은 단점이 있지만, 행렬 연산에 의해 최적이득을 선정할 수 있다는 장점이 있다. 제안된 모델은 4차 시스템이지만 대각행렬(diagonal matrix)로 구성이 되어 있어서 역행렬 계산이나 곱셈행렬 계산을 간단하게 할 수 있는 장점이 있어 칼만필터를 사용하였다. 다음에 칼만필터 수식을 표시하였다.</p> <p>\\( \\hat { X } _ { k + 1 } ^ { - } =A \\hat { X } _ { k } + B u_ { k } \\) \\( P_ { k + 1 } ^ { - } =A P_ { k } A ^ { T } + Q_ { k } \\) \\( L_ { k } =P_ { k + 1 } ^ { - } C ^ { T } \\left (C ^ { T } P_ { k + 1 } ^ { - } C ^ { T } + R \\right ) ^ { -1 } \\) \\( \\hat { X } _ { k } ^ { + } = \\hat { X } _ { k } ^ { - } + L_ { k } \\left (y_ { k } -C \\hat { X } _ { k } ^ { - } \\right ) \\) \\( P_ { k } = \\left (I-L_ { k } C \\right ) P_ { k } ^ { - } \\)<caption>(7)</caption></p>",
                "context_length": 1423,
                "clue": [
                    {
                        "clue_text": "식 (2)의 출력방정식은 다음과 같은 형태로 다시 정리된다.",
                        "clue_start": "4",
                        "clue_end": "37"
                    },
                    {
                        "clue_text": "\\( y_ { k } =G_ { f } f_ { k } + O C V \\left (z_ { k } \\right ) + R i_ { k } \\)<caption>(5)</caption>",
                        "clue_start": "45",
                        "clue_end": "146"
                    },
                    {
                        "clue_text": "SOC는 observer 이론을 이용하여 얻을 수 있다.",
                        "clue_start": "597",
                        "clue_end": "628"
                    },
                    {
                        "clue_text": "선형 모델에는 Luenberger 관측기와 칼만필터(Kalman filter) 를 적용할 수 있다.",
                        "clue_start": "629",
                        "clue_end": "684"
                    },
                    {
                        "clue_text": "제안된 모델은 4차 시스템이지만 대각행렬(diagonal matrix)로 구성이 되어 있어서 역행렬 계산이나 곱셈행렬 계산을 간단하게 할 수 있는 장점이 있어 칼만필터를 사용하였다. 다음에 칼만필터 수식을 표시하였다.",
                        "clue_start": "829",
                        "clue_end": "950"
                    }
                ],
                "terminology": [
                    {
                        "word": "Luenberger 관측기"
                    },
                    {
                        "word": "Rchg"
                    },
                    {
                        "word": "Relaxation"
                    },
                    {
                        "word": "Relaxation 전압"
                    },
                    {
                        "word": "SOC"
                    },
                    {
                        "word": "diagonal"
                    },
                    {
                        "word": "diagonal matrix"
                    },
                    {
                        "word": "feedback 이득"
                    },
                    {
                        "word": "matrix"
                    },
                    {
                        "word": "observer"
                    },
                    {
                        "word": "observer 이론"
                    },
                    {
                        "word": "개방전압"
                    },
                    {
                        "word": "곱셈행렬"
                    },
                    {
                        "word": "내부저항"
                    },
                    {
                        "word": "대각행렬"
                    },
                    {
                        "word": "상태변수"
                    },
                    {
                        "word": "선형 모델"
                    },
                    {
                        "word": "역행렬"
                    },
                    {
                        "word": "역행렬 계산"
                    },
                    {
                        "word": "출력방정식"
                    },
                    {
                        "word": "칼만필터"
                    },
                    {
                        "word": "행렬"
                    },
                    {
                        "word": "행렬 연산"
                    }
                ]
            },
            {
                "context_id": "55e-0c9-merge_ed_034b7f4e-39290918-7671-4737-9c15-9633b16c3494_09",
                "context_K-NSCC": {
                    "field": "인공물",
                    "large_category": "ED",
                    "medium_category": "03"
                },
                "context": "<p>전력변환기는 양방향 컨버터와 계통연계형인버터로 구성되어 있다. 전력변환기는 32-bit floating point DSP 인 TMS320F28335와 고정밀도의 bipolar input \\( ( + /-10 \\mathrm { ~V } ) \\) simultaneous 6-channel ADC 보드가 정확한 신호변환을 위해 사용되었다. 내부 변수들은 고속 직렬통신을 통해 컴퓨터로 전송되어 저장된다.</p> <p>충전시의 동작파형이 그림 11 (a)에 나타나 있다. 배터리 충전 기준 전류는 \\( 5 \\mathrm { ~A } \\) 이고 \\( \\mathrm { DC } \\) link 기준전압은 \\( 350 \\mathrm { ~V } \\) 이다. 계통전압과 전류의 위상차가 180 나는 것은 전력이 계통에서 배터리로 전달되고 있다는 의미이다. 파형에서 알 수 있듯이 충전 전류는 \\( 5 \\mathrm { ~A } , \\mathrm { DC } \\) link 전압은 \\( 350 \\mathrm { ~V } \\) 로 제어되고 있다.</p> <p>방전시의 파형이 그림 11 (b)에 나타나있다. 배터리방전 기준 전류는 \\( -5 \\mathrm { ~A } \\) 이고 \\( \\mathrm { DC } \\) link 기준전압은 \\( 350 \\mathrm { ~V } \\) 이다. 계통 전압과 전류의 위상차는 0이고 전력이 배터리 에서 계통으로 전달되고 있다는의미이다. 그림에서 방전전류는 \\( -5 \\mathrm { ~A } , \\mathrm { DC } \\) link 전압은 \\( 350 \\mathrm { ~V } \\) 로 제어되고 있음을 알 수 있다.</p> <p>기준 전류값을 변화 \\( ( \\) Iref: \\( 3 A->5 \\mathrm { ~A } ) \\) 시켰을때의 파형을 그림 12 에 나타내었다. 제안된 제어기가 기준전류 변화에 대해서도 잘 제어되고 있는 것을 알 수 있다.</p> <h1>5. 견 론</h1> <p>펄스부하조건에서 동작되는 배터리 응용분야에서 높은 정밀도를 유지하기 위해서 기존에 사용되었던 복잡한 비선형 모델의 단점을 극복하기 위한 선형 배터리 모델이 제안되었다. 제안된 모델은 단순하지만 복잡한 비선형 모델과 견줄만한 높은 정확도를 가지고 있다. 선형 정규화 매트리스(Canonical form)로 구성되어 있어서 역행렬이나 곱셈행렬 계산시간을 크게 단축시키고 제한된 리소스로 구현가능한 장점도 가지고 있다.</p> <p>칼만필터를 이용한 SOC 추정 알고리즘이 제시되고, 검증을 위해서 실제 주행 사이클을 이용하여 정밀도를 검증하였다. 상온에서 제안된 모델과 알고리즘은 \\( 1[ \\%] \\) 의 \\( \\mathrm { SOC } \\) 오차를 가지고 있는 것을 확인하였다. 배터리 에너지저장장치를 계통에 연계시키기 위한 제어기 설계방식 이 제시되었다. 충전방전을 위한 단일제어기가 제시되고 실험에 의해서 성능을 입증하였다. 제안된 연구 방식은 기존의 비선형 배터리 모델에 비해 선형으로 이루어져있기 때문에 계산시간을 단축시킬 수 있고 모든 동작범위 내에서 높은 정밀도를 유지할 수 있다. 제안된 방식 은 배터리 저장 장치, 풍력/태양광 발전을 위한 전력품질 향상 시스템, \\( \\mathrm { HEV } / \\mathrm { EV } \\) 와 같은 분야에 적용이 가능하다.</p>",
                "context_length": 1632,
                "clue": [
                    {
                        "clue_text": "펄스부하조건에서 동작되는 배터리 응용분야에서 높은 정밀도를 유지하기 위해서 기존에 사용되었던 복잡한 비선형 모델의 단점을 극복하기 위한 선형 배터리 모델이 제안되었다.",
                        "clue_start": "967",
                        "clue_end": "1060"
                    },
                    {
                        "clue_text": "칼만필터를 이용한 SOC 추정 알고리즘이 제시되고, 검증을 위해서 실제 주행 사이클을 이용하여 정밀도를 검증하였다.",
                        "clue_start": "1206",
                        "clue_end": "1270"
                    },
                    {
                        "clue_text": "충전방전을 위한 단일제어기가 제시되고 실험에 의해서 성능을 입증하였다.",
                        "clue_start": "1392",
                        "clue_end": "1431"
                    },
                    {
                        "clue_text": "제안된 연구 방식은 기존의 비선형 배터리 모델에 비해 선형으로 이루어져있기 때문에 계산시간을 단축시킬 수 있고 모든 동작범위 내에서 높은 정밀도를 유지할 수 있다.",
                        "clue_start": "1432",
                        "clue_end": "1523"
                    }
                ],
                "terminology": [
                    {
                        "word": "32-bit"
                    },
                    {
                        "word": "ADC"
                    },
                    {
                        "word": "Canonical"
                    },
                    {
                        "word": "Canonical form"
                    },
                    {
                        "word": "DC"
                    },
                    {
                        "word": "DSP"
                    },
                    {
                        "word": "EV"
                    },
                    {
                        "word": "HEV"
                    },
                    {
                        "word": "SOC"
                    },
                    {
                        "word": "SOC 추정"
                    },
                    {
                        "word": "SOC 추정 알고리즘"
                    },
                    {
                        "word": "bipolar"
                    },
                    {
                        "word": "bipolar input"
                    },
                    {
                        "word": "floating"
                    },
                    {
                        "word": "floating point"
                    },
                    {
                        "word": "form"
                    },
                    {
                        "word": "input"
                    },
                    {
                        "word": "계통연계형인버터"
                    },
                    {
                        "word": "고정밀도"
                    },
                    {
                        "word": "곱셈행렬"
                    },
                    {
                        "word": "기준 전류"
                    },
                    {
                        "word": "기준전압"
                    },
                    {
                        "word": "단일제어기"
                    },
                    {
                        "word": "동작파형"
                    },
                    {
                        "word": "매트리스"
                    },
                    {
                        "word": "방전전류"
                    },
                    {
                        "word": "비선형"
                    },
                    {
                        "word": "비선형 모델"
                    },
                    {
                        "word": "선형 배터리"
                    },
                    {
                        "word": "알고리즘"
                    },
                    {
                        "word": "에너지저장장치"
                    },
                    {
                        "word": "역행렬"
                    },
                    {
                        "word": "위상차"
                    },
                    {
                        "word": "전력변환기"
                    },
                    {
                        "word": "전류"
                    },
                    {
                        "word": "전송"
                    },
                    {
                        "word": "정규화"
                    },
                    {
                        "word": "정밀도"
                    },
                    {
                        "word": "제어기"
                    },
                    {
                        "word": "주행 사이클"
                    },
                    {
                        "word": "직렬통신"
                    },
                    {
                        "word": "추정 알고리즘"
                    },
                    {
                        "word": "칼만필터"
                    },
                    {
                        "word": "파형"
                    },
                    {
                        "word": "펄스부"
                    }
                ]
            },
            {
                "context_id": "55e-0c9-merge_ed_034b7f4e-39290918-7671-4737-9c15-9633b16c3494_00",
                "context_K-NSCC": {
                    "field": "인공물",
                    "large_category": "ED",
                    "medium_category": "03"
                },
                "context": "<h1>선형 배터리 모델을 이용한 에너지 저장장치의 제어기 설계기법에 관한 연구</h1> <h1>1. 서 론</h1> <p>대용량, 고출력 리튬전지는 가볍고 높은 에너지 밀도를 가지고 있어서 \\( \\mathrm { HEV } , \\mathrm { EV } \\) 와 같은 전기수송 시스템과 상업용 제품에 많이 사용되고 있다. 또한 태양광 발전이나 풍력발전과 같은 신재생에너지 시스템의 전력품질 향상목적으로도 사용되고 있고 현재는 스마트 그리드의 계통주파수 제어(frequency regulation)로 응용분야가 확대되고 있다.</p> <p>\\( \\mathrm { HEV } / \\mathrm { EV } \\) 와 같은 수송분야 및 전력저장과 같은 응용 에서 가장 중요한 배터리 관리 요소는 일정한 시간동안 충전되거나 방전가능한 최대 유효출력을 알아내는 것이다. 또한 배터리 충전량(SOC: State of Charge)을 알아내는 것도 주행가능한 거리와 충방전제어를 위해서 필요하다. 유효출력이나 충전량은 배터리 내부 상태이므로 직접 측정이 불가능하여 수학적인 방법이나 다른 수단에 의해서 추정되어야만 한다. 일반적으로 배터리 유효 출력은 충전량 정보에서 얻어질 수 있기 때문에 정확한충전량을 얻어내는 것은 배터리 관리에서 핵심적인 기술이 된다.</p> <p>수학적 방법에 의해서 충전량을 알아내기 위해서는배터리 모델링이 필요하며, 그동안 많은 연구가 이루어져 왔다. 대부분은 정확도를 증가시키기 위해 복잡한실험적인 비선형 모델을 사용하였다. 이 방식의 단점은충전량을 알아내기 위한 충분한 수학적 표현이 부족하거나 너무 복잡한 표현 방식에 있다.</p> <p>본 연구에서는 간단한 계산을 위해서 선형 배터리 모델이 제시되었다. 제안된 모델은 단순하지만 복잡한 비선형 모델과 견줄만한 높은 정확도를 가지고 있다. 선형 배터리 모델의 장점은 \\( \\mathrm { SOC } \\) 알고리즘을 적용할 때에 얻어진다. 일반적으로 사용되는 확장 칼만필터는 역행렬을 계산하기 위해 너무 많은 시간과 리소스를 요구한다. 제안된 선형모델을 사용하면 계산시간을 크게 단축시키고 제한된 리소스로 구현 가능한 장점이 얻어진다.</p> <p>계통연계형 배터리 전력저장장치(BESS : Battery Energy Storage System)는 양방향 컨버터와 계통연계형 인버터를 사용하여 단위역률로 계통으로 전력을 전송하거나 배터리로 충전할 수 있는 시스템이다. 배터리, 양방향컨버터와 모터, 인버터로 구성된 \\( \\mathrm { HEV } / \\mathrm { EV } \\) 와 동일한 구성이다. 차이점은 인버터가 모터 대신 계통에 연결 되어 있다는 점이다. 만약 \\( \\mathrm { BLDC } \\) 모터가 사용된다면 수학적인 표현식은 두 시스템이 동일하다.</p> <p>일반적인 단상 BESS 구성은 그림 1 에 표시되어 있다. BMS(Battery management System)를 가지는 배터리팩과 양방향 컨버터 그리고 계통형 인버터로 구성되어 있다. BMS는 매초마다 셀 전압, 전류, 온도를 측정하여 셀의 충전량(SOC)을 계산하고 내부 파라미터에 대한 정보를 관측기 이론을 이용하여 얻어낸다. 관측기는 선형 배터리모델에 기반하여 구성되며 공칭용량 \\( \\left (C_ { n } \\right ) \\), 내부저항 \\( (R) \\) 과 같은 내부 파라미터와 \\( \\mathrm { SOC } \\) 정보에 의해서 사용가능한 최대출력을 얻어낸다. 최대출력과 사용가능한 에너지, \\( \\mathrm { SOC } \\) 등의 정보는 \\( \\mathrm { TOC } \\) (Total Operation Center)에 보내진 후 기준출력 명령을 받는다. 충전, 방전은 기준출력 명령의 부호에 의해 결정된다. 출력을 배터리 전압으로 나누어 기준 전류명령 \\( \\left (I_ { b a t r e f } \\right ) \\) 를 생성되며 기준전류명령은 양방향 컨버터의 기준전류가 된다. 인버터 제어는 DC link 전압에 바탕을 두고 있다. 220V 계통에 연계하기 위하여 DC link 전압은 \\( 320 \\mathrm { ~V } \\) 보다 커야 하므로 기준전압은 \\( 350 \\mathrm { ~V } \\) 로 유지되고 충/방전시에 계통전류가 단위역률로 제어된다.</p>",
                "context_length": 2108,
                "clue": [
                    {
                        "clue_text": "대용량, 고출력 리튬전지는 가볍고 높은 에너지 밀도를 가지고 있어서 \\( \\mathrm { HEV } , \\mathrm { EV } \\) 와 같은 전기수송 시스템과 상업용 제품에 많이 사용되고 있다.",
                        "clue_start": "69",
                        "clue_end": "180"
                    },
                    {
                        "clue_text": "\\( \\mathrm { HEV } / \\mathrm { EV } \\) 와 같은 수송분야 및 전력저장과 같은 응용 에서 가장 중요한 배터리 관리 요소는 일정한 시간동안 충전되거나 방전가능한 최대 유효출력을 알아내는 것이다.",
                        "clue_start": "302",
                        "clue_end": "425"
                    },
                    {
                        "clue_text": "본 연구에서는 간단한 계산을 위해서 선형 배터리 모델이 제시되었다.",
                        "clue_start": "817",
                        "clue_end": "854"
                    },
                    {
                        "clue_text": "계통연계형 배터리 전력저장장치(BESS : Battery Energy Storage System)는 양방향 컨버터와 계통연계형 인버터를 사용하여 단위역률로 계통으로 전력을 전송하거나 배터리로 충전할 수 있는 시스템이다.",
                        "clue_start": "1075",
                        "clue_end": "1197"
                    },
                    {
                        "clue_text": "제안된 모델은 단순하지만 복잡한 비선형 모델과 견줄만한 높은 정확도를 가지고 있다.",
                        "clue_start": "855",
                        "clue_end": "901"
                    }
                ],
                "terminology": [
                    {
                        "word": "BESS"
                    },
                    {
                        "word": "BESS 구성"
                    },
                    {
                        "word": "BLDC"
                    },
                    {
                        "word": "BMS"
                    },
                    {
                        "word": "Battery management System"
                    },
                    {
                        "word": "Charge"
                    },
                    {
                        "word": "DC"
                    },
                    {
                        "word": "DC link"
                    },
                    {
                        "word": "DC link 전압"
                    },
                    {
                        "word": "EV"
                    },
                    {
                        "word": "Energy Storage System"
                    },
                    {
                        "word": "HEV"
                    },
                    {
                        "word": "SOC"
                    },
                    {
                        "word": "State of Charge"
                    },
                    {
                        "word": "TOC"
                    },
                    {
                        "word": "management"
                    },
                    {
                        "word": "계통연계형"
                    },
                    {
                        "word": "계통연계형 배터리"
                    },
                    {
                        "word": "계통연계형 인버터"
                    },
                    {
                        "word": "계통전류"
                    },
                    {
                        "word": "계통주파수"
                    },
                    {
                        "word": "공칭용량"
                    },
                    {
                        "word": "관측기 이론"
                    },
                    {
                        "word": "기준전류명령"
                    },
                    {
                        "word": "기준전압"
                    },
                    {
                        "word": "내부 파라미터"
                    },
                    {
                        "word": "내부저항"
                    },
                    {
                        "word": "단위역률"
                    },
                    {
                        "word": "리튬전지"
                    },
                    {
                        "word": "밀도"
                    },
                    {
                        "word": "배터리 충전량"
                    },
                    {
                        "word": "비선형"
                    },
                    {
                        "word": "비선형 모델"
                    },
                    {
                        "word": "선형 배터리"
                    },
                    {
                        "word": "선형 배터리모델"
                    },
                    {
                        "word": "선형모델"
                    },
                    {
                        "word": "셀 전압"
                    },
                    {
                        "word": "신재생에너지"
                    },
                    {
                        "word": "신재생에너지 시스템"
                    },
                    {
                        "word": "알고리즘"
                    },
                    {
                        "word": "양방향 컨버터"
                    },
                    {
                        "word": "에너지 밀도"
                    },
                    {
                        "word": "에너지 저장장치"
                    },
                    {
                        "word": "역행렬"
                    },
                    {
                        "word": "유효출력"
                    },
                    {
                        "word": "전력저장장치"
                    },
                    {
                        "word": "전류"
                    },
                    {
                        "word": "전류명령"
                    },
                    {
                        "word": "전송"
                    },
                    {
                        "word": "제어기"
                    },
                    {
                        "word": "충방전제어"
                    },
                    {
                        "word": "칼만필터"
                    },
                    {
                        "word": "컨버터"
                    },
                    {
                        "word": "태양광 발전"
                    },
                    {
                        "word": "파라미터"
                    },
                    {
                        "word": "확장 칼만필터"
                    }
                ]
            },
            {
                "context_id": "55e-0c9-merge_ed_034b7f4e-39290918-7671-4737-9c15-9633b16c3494_08",
                "context_K-NSCC": {
                    "field": "인공물",
                    "large_category": "ED",
                    "medium_category": "03"
                },
                "context": "<p>\\( A= \\left [ \\begin {array} { cccc } 0.9206 & 0 & 0 & 0 \\\\ 0 & 0.9950 & 0 & 0 \\\\ 0 & 0 & 0.99999 & 0 \\\\ 0 & 0 & 0 & 1 \\end {array} \\right ], B= \\left [ \\begin {array} { c } 0.0001 \\\\ 0.0001 \\\\ 0.0001 \\\\ 0.000043 \\end {array} \\right ] \\)</p> <p>\\( G_ { f } =[0.9773, \\quad 0.0885, \\quad-0.000302] \\)</p> <p>\\( R_ { c h g } =4.12 \\mathrm { ~m } \\Omega, R_ {\\text { dchg } } =4.05 \\mathrm { ~m } \\Omega, C_ { n } =9.46 \\mathrm { Ah } \\)</p> <p>선정된 파라미터를 이용한 배터리 모델의 25도에서의 시험결과가 그림 9 에 나타나 있다. 테스트 견과를 보면 \\(5-95 \\%\\ \\) SOC 범위 내에서 모델오차가 \\( 10 \\mathrm { mV } \\) 이내로 유지되는 것을 알 수 있다. \\( \\mathrm { FTP } \\) (Federal Test Procedure) 75 프로파일을 이용하여SOC 알고리즘을 검증하였다. 이 프로파일은 30 분의 전류펄스로 이루어져 있고, 1 사이 클의 총 Ampere-hour는 -8Ah로 용랑의 \\( 80 \\% \\) 에 해당한다. 다음 사이클에서 전류의 극성이 반전되어 매 two 사이클 마다 총 \\( \\mathrm { Ah } \\) 는 0 으로 reset된다. SOC 알고리즘 의 drift 여부를 알아보기 위해 총 4 사이클을 수행하였고 결과가 그림 10 에 나타나 있다. 두 번째 그림에서 볼 수 있듯이 배터리 전압은 매 두 사이클마다 동일한 레벨로 유지된다. CC (Coulomb Counting)을 이용한 SOC 결과가 세 번째 그래프에 나타나 있고, 칼만필터를 이용한 견과가 네 번째 그래프에 나타나 있다. 그림에서 볼 수 있듯이 CC와 칼만필터 결과가 거의 동일하게 나타남 을 알 수 있다. 매 두 사이클 마다 칼만 필터에 의해서 추정된 \\( \\mathrm { SOC } \\) 는 초기 상태로 reset 되고 drift가 없음을 알 수 있다. 제안된 배터리 모델로 이루어진 SOC알고리 즘은 SOC drift에 대해서 강인성을 가지고 있음을 알 수 있다.</p>",
                "context_length": 1212,
                "clue": [
                    {
                        "clue_text": "선정된 파라미터를 이용한 배터리 모델의 25도에서의 시험결과가 그림 9 에 나타나 있다.",
                        "clue_start": "445",
                        "clue_end": "494"
                    },
                    {
                        "clue_text": "테스트 견과를 보면 \\(5-95 \\%\\ \\) SOC 범위 내에서 모델오차가 \\( 10 \\mathrm { mV } \\) 이내로 유지되는 것을 알 수 있다.",
                        "clue_start": "495",
                        "clue_end": "580"
                    },
                    {
                        "clue_text": "\\( \\mathrm { FTP } \\) (Federal Test Procedure) 75 프로파일을 이용하여SOC 알고리즘을 검증하였다.",
                        "clue_start": "581",
                        "clue_end": "657"
                    },
                    {
                        "clue_text": "CC (Coulomb Counting)을 이용한 SOC 결과가 세 번째 그래프에 나타나 있고, 칼만필터를 이용한 견과가 네 번째 그래프에 나타나 있다.",
                        "clue_start": "928",
                        "clue_end": "1012"
                    },
                    {
                        "clue_text": "제안된 배터리 모델로 이루어진 SOC알고리 즘은 SOC drift에 대해서 강인성을 가지고 있음을 알 수 있다.",
                        "clue_start": "1146",
                        "clue_end": "1208"
                    }
                ],
                "terminology": [
                    {
                        "word": "Ampere-hour"
                    },
                    {
                        "word": "CC"
                    },
                    {
                        "word": "Coulomb"
                    },
                    {
                        "word": "Coulomb Counting"
                    },
                    {
                        "word": "FTP"
                    },
                    {
                        "word": "SOC"
                    },
                    {
                        "word": "SOC drift"
                    },
                    {
                        "word": "SOC 알고리즘"
                    },
                    {
                        "word": "Test"
                    },
                    {
                        "word": "drift"
                    },
                    {
                        "word": "reset"
                    },
                    {
                        "word": "강인성"
                    },
                    {
                        "word": "극성"
                    },
                    {
                        "word": "모델오차"
                    },
                    {
                        "word": "알고리즘"
                    },
                    {
                        "word": "전류"
                    },
                    {
                        "word": "전류펄스"
                    },
                    {
                        "word": "칼만필터"
                    },
                    {
                        "word": "파라미터"
                    },
                    {
                        "word": "프로파일"
                    }
                ]
            },
            {
                "context_id": "55e-0c9-merge_ed_034b7f4e-39290918-7671-4737-9c15-9633b16c3494_07",
                "context_K-NSCC": {
                    "field": "인공물",
                    "large_category": "ED",
                    "medium_category": "03"
                },
                "context": "<p>인덕터 전류가 1 샘플링 시간 내에 기준명령을 따라 간다면, 기준 전류는 다음과 같이 표현된다.</p> <p>\\( i_ { r e f } (k)=i_ { L } (k + 1) \\)<caption>(19)</caption></p> <p>따라서 인버터 제어기 명령은 다음과 같이 표현된다.</p> <p>\\( V_ { f } (k + 1)= \\frac { L } { T_ { s } } \\left [i_ { r e f } (k)-i_ { L } (k) \\right ] + V_ { g r i d } (k) \\)<caption>(20)</caption></p> <h1>3. 시물리이션</h1> <p>PSIM 프로그램을 이용하여 시뮨레이션을 수행하였다. 방전의 경우 배터리 방전 기준 전류를 \\( 10 \\mathrm { ~A } \\rightarrow 5 \\mathrm { ~A } \\) 로변경하였을 때 전류가 기준전류에 제어되고 계통기준전류와 전류가 그리고 \\( \\mathrm { DC } \\) link 전압이 \\( 350 \\mathrm { ~V } \\) 로 제어됨을 알 수 있다(그림 a). 계통 전압과 전류는 단위역률로 제어되며, 위상은 동상(배터리 \\( ->\\) 계통)이다. (그림 b).</p> <p>충전의 경우 배터리 전류와 계통 전류도 역시 기준 전류값에 제어되며, 계통전압과 전류도 단위역률로 제어 되면 전류의 흐름이 반대이기 때문에 계통 전류의 위상 은 전압과 역상(180도 위상차)이다. (그림 b)</p> <h1>4. 심혐 겸과</h1> <p>선형 배터리모델을 이용한 SOC 알고리즘이 \\( 250 \\mathrm { ~V } \\) 배터리팩을 이용하여 테스트 되었다. 10Ah의 용량을 갖는 직렬 연결된 80개의 리튬 폴리머셀이 고전압 배터리 팩을 구성하였다. 배터리 펙과 전력변환기 사진이 그림 7 와 8에 표시되었다.</p> <p>다음 단계는 제안된 선형모델의 파라미터를 구하는 것 이다. \\( 100 \\% \\) 정확한 모델 파라미터를 구하는 것은 불가능하다. 최선의 방법은 주어진 입력에 대해서 오차를 최소화시킬 수 있는 최적의 퐈라미터를 구하는 것이다. 입력은 상수나 혹은 임의로 주어질 수 있지만, 실제 운영 조건에서 언어내는 것이 적당할 것이다. 현재 실증사업이나 보급사업을 통해 BESS가 설치된 분야는 부가서비스 분야(ancillary service)로 계통 주파수 제어 (frequency regulation)에 초점이 맞추어져 있고, 빠른 응답특성이 필요하기 때문에 고출력의 리튬 배터리를 사용하고 있다. 또한 BESS가 풍력발전기의 전력품질 보상용으로 많이 사용되는데, 이 경우도 역시 빠른 응답특성(고출력 펄스 충방전)을 요구한다. 현재까지 \\( \\mathrm { BESS } \\) 의 배터리 규격이나 시험에 관한 명문화된 사양 (specification)이나 성능평가 지표가 없는 관계로 고출력 리듐전지를 사용하는 전기자동차용 사이클을 채용하여 실험하였다. UDDS(urban dynamometer driving schedule) 사이클은 전기자동차용 배터리를 시험하기 위한 전형적인 사이클이다. 먼저 배터리를 만충전시킨 다음에 일련의 충방전 전류를 배터리 전압이 cut-off까지 감소될 때까지 인가하는 것이다. 이 경우 전체 동작범위 는 SOC 0-100 \\% 에 해당한다. 셀전압과 전류가 매초마다 기록되며, 이 데이터들은 셀 모델 파라미터를 얻어내 는데 사용된다. 선정된 파라미터들은 충방전 전류가 인가된 상태에서 셀 전압과 모델전압과의 오차를 최소화 시키는 값들이다. 이것은 전체동작범위에 대해서 전압오 차의 제곱이 최소화되는 LMS(Least mean square) 방법 에 의해서 구해진다. 오차를 최소화시키는 파라미터들은 다음과 같다.</p>",
                "context_length": 1843,
                "clue": [
                    {
                        "clue_text": "충전의 경우 배터리 전류와 계통 전류도 역시 기준 전류값에 제어되며, 계통전압과 전류도 단위역률로 제어 되면 전류의 흐름이 반대이기 때문에 계통 전류의 위상 은 전압과 역상(180도 위상차)이다.",
                        "clue_start": "618",
                        "clue_end": "727"
                    },
                    {
                        "clue_text": "선형 배터리모델을 이용한 SOC 알고리즘이 \\( 250 \\mathrm { ~V } \\) 배터리팩을 이용하여 테스트 되었다.",
                        "clue_start": "760",
                        "clue_end": "828"
                    },
                    {
                        "clue_text": "UDDS(urban dynamometer driving schedule) 사이클은 전기자동차용 배터리를 시험하기 위한 전형적인 사이클이다.",
                        "clue_start": "1452",
                        "clue_end": "1529"
                    },
                    {
                        "clue_text": "먼저 배터리를 만충전시킨 다음에 일련의 충방전 전류를 배터리 전압이 cut-off까지 감소될 때까지 인가하는 것이다.",
                        "clue_start": "1530",
                        "clue_end": "1595"
                    }
                ],
                "terminology": [
                    {
                        "word": "BESS"
                    },
                    {
                        "word": "DC"
                    },
                    {
                        "word": "LMS"
                    },
                    {
                        "word": "PSIM"
                    },
                    {
                        "word": "PSIM 프로그램"
                    },
                    {
                        "word": "SOC"
                    },
                    {
                        "word": "SOC 알고리즘"
                    },
                    {
                        "word": "UDDS"
                    },
                    {
                        "word": "cut-off"
                    },
                    {
                        "word": "driving"
                    },
                    {
                        "word": "dynamometer"
                    },
                    {
                        "word": "mean square"
                    },
                    {
                        "word": "계통 전류"
                    },
                    {
                        "word": "계통 주파수"
                    },
                    {
                        "word": "계통 주파수 제어"
                    },
                    {
                        "word": "고전압"
                    },
                    {
                        "word": "고전압 배터리 팩"
                    },
                    {
                        "word": "고출력 리듐전지"
                    },
                    {
                        "word": "기준 전류"
                    },
                    {
                        "word": "기준명령"
                    },
                    {
                        "word": "단위역률"
                    },
                    {
                        "word": "리튬 폴리머셀"
                    },
                    {
                        "word": "모델 파라미터"
                    },
                    {
                        "word": "배터리 방전 기준 전류"
                    },
                    {
                        "word": "배터리팩"
                    },
                    {
                        "word": "부가서비스 분야"
                    },
                    {
                        "word": "샘플링 시간"
                    },
                    {
                        "word": "선형 배터리모델"
                    },
                    {
                        "word": "선형모델"
                    },
                    {
                        "word": "셀 모델"
                    },
                    {
                        "word": "셀 모델 파라미터"
                    },
                    {
                        "word": "알고리즘"
                    },
                    {
                        "word": "역상"
                    },
                    {
                        "word": "위상"
                    },
                    {
                        "word": "위상차"
                    },
                    {
                        "word": "인덕터"
                    },
                    {
                        "word": "인버터 제어기"
                    },
                    {
                        "word": "인버터 제어기 명령"
                    },
                    {
                        "word": "전력변환기"
                    },
                    {
                        "word": "전류"
                    },
                    {
                        "word": "제어기"
                    },
                    {
                        "word": "주파수"
                    },
                    {
                        "word": "주파수 제어"
                    },
                    {
                        "word": "직렬"
                    },
                    {
                        "word": "직렬 연결"
                    },
                    {
                        "word": "충방전 전류"
                    },
                    {
                        "word": "파라미터"
                    }
                ]
            },
            {
                "context_id": "55e-0c9-merge_ed_034b7f4e-39290918-7671-4737-9c15-9633b16c3494_02",
                "context_K-NSCC": {
                    "field": "인공물",
                    "large_category": "ED",
                    "medium_category": "03"
                },
                "context": "<p>\\( X_ { k + 1 } =A X_ { k } + B u_ { k } \\) \\( y_ { k } =C X_ { k } + D u_ { k } \\)<caption>(3)</caption></p> <ul> <li>상태변수는 \\( X_ { k } = \\left [ \\begin {array} { llll } f_ { 1, k } & f_ { 2, k } & f_ { 3, k } & z_ { k } \\end {array} \\right ] ^ { T } \\)</li> <li>입력변수는 \\( u_ { k } =i_ { k } \\)</li> <li>출력변수는 \\( y_ { k } =v_ { t, k } \\) 로 정의된다.</li></ul> <h1>상태변수는 \\( \\quad X_ { k } = \\left [ \\begin {array} { llll } f_ { 1, k } & f_ { 2, k } & f_ { 3, k } & z_ { k } \\end {array} \\right ] ^ { T } \\)</h1> <p>\\( \\mathrm { A } , \\mathrm { B } , \\mathrm { C } , \\mathrm { D } \\) 행렬은 시스템의 동적행렬이며, 시스템 행럴 \\( \\mathrm { A } \\) 는 \\( \\mathrm { RC } \\) 회로의 시상수(time constant)에 의해 견정되며 \\( \\alpha_ { 1 } , \\alpha_ { 2 } , \\alpha_ { 3 } \\) 로 주어진다. A 행렬은 대각행렬(diagonal matrix)이며 nonsingular 행렬이 존재한다.</p> <p>\\( A= \\left [ \\begin {array} { cccc } \\alpha_ { 1 } & 0 & 0 & 0 \\\\ 0 & \\alpha_ { 2 } & 0 & 0 \\\\ 0 & 0 & \\alpha_ { 3 } & 0 \\\\ 0 & 0 & 0 & 1 \\end {array} \\right ], \\quad B= \\left [ \\begin {array} { c } B_ { 1 } \\\\ B_ { 2 } \\\\ B_ { 3 } \\\\ \\frac {\\Delta t } { C_ { n } } \\end {array} \\right ] \\)<caption>(4)</caption></p>",
                "context_length": 1116,
                "clue": [
                    {
                        "clue_text": "\\( \\mathrm { A } , \\mathrm { B } , \\mathrm { C } , \\mathrm { D } \\) 행렬은 시스템의 동적행렬이며, 시스템 행럴 \\( \\mathrm { A } \\) 는 \\( \\mathrm { RC } \\) 회로의 시상수(time constant)에 의해 견정되며 \\( \\alpha_ { 1 } , \\alpha_ { 2 } , \\alpha_ { 3 } \\) 로 주어진다. A 행렬은 대각행렬(diagonal matrix)이며 nonsingular 행렬이 존재한다.",
                        "clue_start": "513",
                        "clue_end": "791"
                    }
                ],
                "terminology": [
                    {
                        "word": "RC"
                    },
                    {
                        "word": "constant"
                    },
                    {
                        "word": "diagonal"
                    },
                    {
                        "word": "diagonal matrix"
                    },
                    {
                        "word": "matrix"
                    },
                    {
                        "word": "nonsingular"
                    },
                    {
                        "word": "time constant"
                    },
                    {
                        "word": "견정"
                    },
                    {
                        "word": "대각행렬"
                    },
                    {
                        "word": "동적행렬"
                    },
                    {
                        "word": "상태변수"
                    },
                    {
                        "word": "시상수"
                    },
                    {
                        "word": "입력변수"
                    },
                    {
                        "word": "출력변수"
                    },
                    {
                        "word": "행렬"
                    },
                    {
                        "word": "회로"
                    }
                ]
            }
        ]
    }
}