{
    "dataset_info": {
        "identifier": "02-031-002-NL",
        "name": "기술과학 문서 요약 데이터",
        "category": "자연어",
        "last_updated": "2023-08-30"
    },
    "dataset": {
        "doc_id": "034b7f4e-53430567-0c35-47c8-a59c-9975730c3c52",
        "doc_type": "논문",
        "doc_title": {
            "kor": "3상 인터리브드 양방향 DC-DC 컨버터의 전류리플을 저감하기 위한 새로운 제어기법",
            "eng": ""
        },
        "doc_category": {
            "KDC": "560.5",
            "DDC": ""
        },
        "doc_number": {
            "ISSN": "1229-2214",
            "ISBN": "",
            "DOI": "",
            "UCI": ""
        },
        "doc_year": "2016",
        "doc_author": [
            "정재헌",
            "김지현",
            "노의철",
            "김흥근",
            "전태원"
        ],
        "doc_publisher": "전력전자학회",
        "doc_license": "CC BY-NC",
        "context_info": [
            {
                "context_id": "55e-0c9-merge_2_034b7f4e-53430567-0c35-47c8-a59c-9975730c3c52_00",
                "context_K-NSCC": {
                    "field": "인공물",
                    "large_category": "ED",
                    "medium_category": "02"
                },
                "context": "<h1>1. 서 론</h1> <p>풍력이나 태양광 등의 신재생에너지 도입과 에너지사용 효율을 눞임으로써 화석연료 의존에서 탈피하기 위한많은 연구가 진행중이다.</p> <p>에너지 사용 효율을 높이기 위한 기술인 \\( \\mathrm { V } 2 \\mathrm { G } \\) (Vehicle To Grid) 시스템 구성도를 나타넨 것이다 \\( \\mathrm { V } 2 \\mathrm { G } \\) 기술은 전력망과 전기자동차의 에너지저장매체인 배터리를 연계하여 양방향으로 전력을 전송하는 기술이다. 이 기술을 통해 최대전력이 낮고 전기의 가격이저렴한 야간에는 전기자동차의 배터리를 충전하고, 최대전럭이 높고 전기의 가격이 비싼 주간에는 배터리에 충전된 에너지를 다시 계통으로 되팔 수도 있다.</p> <p>\\( \\mathrm { V } 2 \\mathrm { G } \\) 의 핵심 구성요소인 계통연계를 위한 PWM(Pulse Width Modulation) 컨버터와 양방향 DC-DC 컨버터는 높은 효율을 요구한다. 이를 위하여 \\( \\mathrm { DC } - \\mathrm { DC } \\) 컨버터는 인반적으로 \\( \\mathrm { DCM } \\) (Discontinuous Current Mode)으로 동작시키는데 DCM으로 동작시키는 경우 배터리에흐르는 전류의 리플이 크다는 문제점이 있다. 배터리의전류 리플이 크면 배터리의 수명이 줄어들게 되므로 \\( \\mathrm { DCM } \\) 으로 동작시키는 경우, 인터리브드 방식을 이용하여 전류의 리플을 저감하는 토폴로지가 많이 사용되고.있다 시스템은 배터리의 충.방전전력을 제어하기 위해서 인덕터 전류를 Level-shift하는 방법을 사용하는데 중부하시에는 높은 효율을 보이는 장점이 있지만 경부하시에 반도체 소자에 흐르는 전류가 중부하시와 동일하기 때문에 도통손실이 크다는 단점이 있다.이를 개선하기 위해 수위칭 주파수를 가변하는 방식이제안되었는데, 전 부하 영역에서 눞은 효율을 보이는 장점이 있지만 충.방전전력이 작아질수록 스위칭 주파수가 증가하여 \\( \\mathrm { IGBT } \\) 소자 사용이 제한되며, 인덕터와 필터 설계가 어럽다.</p> <p>본 눈문에서는 3상 인터리브드 양방향 \\( \\mathrm { DC } - \\mathrm { DC } \\) 컨버터의 전류리플을 줄이기 위한 새로운 기법인 상 제어기법을 제안하고자 한다. 제안하는 상 제어 기법은 스위칭 주파수를 제어함으로써 부하를 조절한다. 전류 임계모드로 동작하여 시스템에서 발생하는 스위치 손실을최소화 하였다. 경부하 시 운전되는 상의 개수를 줄여출력 전류 리플의 그기를 최소화 하였고, 전력 반도체소자의 최대 스위칭 주파수에 따른 최소 부하의 크기를확장할 수 있도록 하였다.</p> <p>\\( 3.5 \\mathrm { ~kW } \\) 양방향 \\( \\mathrm { DC } - \\mathrm { DC } \\) 컨버터 시스템에 대하여 전류 임계모드가 되도록 하는 인덕턴스 값을 선계하였으며 시뮬레이션 및 실험을 통하여 제안한 방식의 타당성을입증하였다.</p>",
                "context_length": 1512,
                "clue": [
                    {
                        "clue_text": "에너지 사용 효율을 높이기 위한 기술인 \\( \\mathrm { V } 2 \\mathrm { G } \\) (Vehicle To Grid) 시스템 구성도를 나타넨 것이다 \\( \\mathrm { V } 2 \\mathrm { G } \\) 기술은 전력망과 전기자동차의 에너지저장매체인 배터리를 연계하여 양방향으로 전력을 전송하는 기술이다.",
                        "clue_start": "96",
                        "clue_end": "280"
                    },
                    {
                        "clue_text": "\\( \\mathrm { V } 2 \\mathrm { G } \\) 의 핵심 구성요소인 계통연계를 위한 PWM(Pulse Width Modulation) 컨버터와 양방향 DC-DC 컨버터는 높은 효율을 요구한다.",
                        "clue_start": "397",
                        "clue_end": "513"
                    },
                    {
                        "clue_text": "배터리의전류 리플이 크면 배터리의 수명이 줄어들게 되므로 \\( \\mathrm { DCM } \\) 으로 동작시키는 경우, 인터리브드 방식을 이용하여 전류의 리플을 저감하는 토폴로지가 많이 사용되고.있다 시스템은 배터리의 충.방전전력을 제어하기 위해서 인덕터 전류를 Level-shift하는 방법을 사용하는데 중부하시에는 높은 효율을 보이는 장점이 있지만 경부하시에 반도체 소자에 흐르는 전류가 중부하시와 동일하기 때문에 도통손실이 크다는 단점이 있다.이를 개선하기 위해 수위칭 주파수를 가변하는 방식이제안되었는데, 전 부하 영역에서 눞은 효율을 보이는 장점이 있지만 충.방전전력이 작아질수록 스위칭 주파수가 증가하여 \\( \\mathrm { IGBT } \\) 소자 사용이 제한되며, 인덕터와 필터 설계가 어럽다.",
                        "clue_start": "674",
                        "clue_end": "1070"
                    },
                    {
                        "clue_text": "본 눈문에서는 3상 인터리브드 양방향 \\( \\mathrm { DC } - \\mathrm { DC } \\) 컨버터의 전류리플을 줄이기 위한 새로운 기법인 상 제어기법을 제안하고자 한다.",
                        "clue_start": "1078",
                        "clue_end": "1180"
                    },
                    {
                        "clue_text": "\\( 3.5 \\mathrm { ~kW } \\) 양방향 \\( \\mathrm { DC } - \\mathrm { DC } \\) 컨버터 시스템에 대하여 전류 임계모드가 되도록 하는 인덕턴스 값을 선계하였으며 시뮬레이션 및 실험을 통하여 제안한 방식의 타당성을입증하였다.",
                        "clue_start": "1362",
                        "clue_end": "1508"
                    }
                ],
                "terminology": [
                    {
                        "word": "DC"
                    },
                    {
                        "word": "DC-DC"
                    },
                    {
                        "word": "DC-DC 컨버터"
                    },
                    {
                        "word": "DCM"
                    },
                    {
                        "word": "Discontinuous"
                    },
                    {
                        "word": "Grid"
                    },
                    {
                        "word": "IGBT"
                    },
                    {
                        "word": "Level-shift"
                    },
                    {
                        "word": "Modulation"
                    },
                    {
                        "word": "PWM"
                    },
                    {
                        "word": "Pulse"
                    },
                    {
                        "word": "Pulse Width"
                    },
                    {
                        "word": "Vehicle"
                    },
                    {
                        "word": "Width"
                    },
                    {
                        "word": "가변"
                    },
                    {
                        "word": "계통연계"
                    },
                    {
                        "word": "도통손실"
                    },
                    {
                        "word": "부하 영역"
                    },
                    {
                        "word": "상 제어"
                    },
                    {
                        "word": "상 제어 기법"
                    },
                    {
                        "word": "선계"
                    },
                    {
                        "word": "스위치"
                    },
                    {
                        "word": "스위치 손실"
                    },
                    {
                        "word": "스위칭"
                    },
                    {
                        "word": "스위칭 주파수"
                    },
                    {
                        "word": "시뮬레이션"
                    },
                    {
                        "word": "신재생에너지"
                    },
                    {
                        "word": "양방향 DC-DC"
                    },
                    {
                        "word": "양방향 DC-DC 컨버터"
                    },
                    {
                        "word": "에너지 사용 효율"
                    },
                    {
                        "word": "인덕터"
                    },
                    {
                        "word": "인덕턴스"
                    },
                    {
                        "word": "인덕턴스 값"
                    },
                    {
                        "word": "인터리브드"
                    },
                    {
                        "word": "인터리브드 방식"
                    },
                    {
                        "word": "임계모드"
                    },
                    {
                        "word": "전 부하"
                    },
                    {
                        "word": "전 부하 영역"
                    },
                    {
                        "word": "전류"
                    },
                    {
                        "word": "전류리플"
                    },
                    {
                        "word": "전송"
                    },
                    {
                        "word": "주파수"
                    },
                    {
                        "word": "중부하시"
                    },
                    {
                        "word": "컨버터"
                    },
                    {
                        "word": "컨버터 시스템"
                    },
                    {
                        "word": "탈피"
                    },
                    {
                        "word": "토폴"
                    },
                    {
                        "word": "토폴로지"
                    }
                ]
            },
            {
                "context_id": "55e-0c9-merge_2_034b7f4e-53430567-0c35-47c8-a59c-9975730c3c52_04",
                "context_K-NSCC": {
                    "field": "인공물",
                    "large_category": "ED",
                    "medium_category": "02"
                },
                "context": "<h1>6. 결 론</h1> <p>본 논문에서는 3상 인터리브드 양방향 \\( \\mathrm { DC } - \\mathrm { DC } \\) 컨버터의 전류리플을 저감하기 위한 새로운 제어기법을 제 안하였다.</p> <p>정격 \\( 3.5 \\mathrm { ~kW } \\), 최대 스위칭 주파수가 \\( 20 \\mathrm { kHz } \\) 로 동작하는 컨버터에서 각 상이 전류 임계모드로 동작할 때의</p> <p>인덕턴스 값을 선계하였다. 배터리 전류 리플 \\( \\Delta i_ { B } \\) 를 30 \\( \\% \\) 이내로 하는 이덕터 \\( L \\) 의 선계값은 \\( 1.52 \\mathrm { mH } \\) 이다.</p> <p>선계된 인덕턴스 값을 적용하여 \\( 176 \\mathrm { ~V } \\sim 280 \\mathrm { ~V } \\) 의 운전 범위를 가지는 배터리를 이용한 3상 인터리브드 양방향 \\( \\mathrm { DC } - \\mathrm { DC } \\) 컨버터의 전류 리플 크기를 분석하였으며 \\( V_ { B } \\) 가 \\( 176 \\mathrm { ~V } \\sim 231 \\mathrm { ~V } \\) 구간에서는 2상으로, \\( 231 \\mathrm { ~V } \\) \\( 280 \\mathrm { ~V } \\) 구간에서는 3상으로 동작하도록 하였다. 또한 상제어 스위칭 기법을 적용할 때의 배터리 전압에 따른 2상으로 동작 가능한 최대전력 구간 범위를 분석하였는데 \\( V_ { B } \\) 가 \\( 176 \\mathrm { ~V } \\) 인 경우 \\( 2 \\mathrm { ~kW } \\) 의 전력으로 충. 방전 가능하고 \\( V_ { B } \\) 가 \\( 231 \\mathrm { ~V } \\) 인 경우 최대 출력 전력은 \\( 2.624 \\mathrm { ~kW } \\) 이다. 즉, 배터리 전압이 \\( 176 \\mathrm { ~V } \\sim 231 \\mathrm { ~V } \\) 로 증가함에 따라최대 출력 전력은 \\( 2 \\mathrm { ~kW } \\sim 2.63 \\mathrm { ~kW } \\) 로 증가한다. 또한 2상으로 동작하는 경우 동인한 출력 전력에서 3상 동작시와 비교하여 스위칭 주파수가 낮기 때문에 주파수제어를 사용할 수 있는 경부하 구간이 확장되는 것을 실험과 시뮬레이션을 통해 확인하였다.</p> <p>제안하는 상 제어 기법을 적용한 양방향 \\( \\mathrm { DC } - \\mathrm { DC } \\) 컨버터는 기즌의 3상 제어기법을 적용한 컨버터에서 부하조건에 따라 배터리 전류 리플 성분을 현저히 감소시킴으로써 배터리 수명 연장에 기여할 수 있을 것으로 기대된다.</p>",
                "context_length": 1317,
                "clue": [
                    {
                        "clue_text": "본 논문에서는 3상 인터리브드 양방향 \\( \\mathrm { DC } - \\mathrm { DC } \\) 컨버터의 전류리플을 저감하기 위한 새로운 제어기법을 제 안하였다.",
                        "clue_start": "19",
                        "clue_end": "114"
                    },
                    {
                        "clue_text": "인덕턴스 값을 선계하였다.",
                        "clue_start": "230",
                        "clue_end": "244"
                    },
                    {
                        "clue_text": "선계된 인덕턴스 값을 적용하여 \\( 176 \\mathrm { ~V } \\sim 280 \\mathrm { ~V } \\) 의 운전 범위를 가지는 배터리를 이용한 3상 인터리브드 양방향 \\( \\mathrm { DC } - \\mathrm { DC } \\) 컨버터의 전류 리플 크기를 분석하였으며 \\( V_ { B } \\) 가 \\( 176 \\mathrm { ~V } \\sim 231 \\mathrm { ~V } \\) 구간에서는 2상으로, \\( 231 \\mathrm { ~V } \\) \\( 280 \\mathrm { ~V } \\) 구간에서는 3상으로 동작하도록 하였다.",
                        "clue_start": "354",
                        "clue_end": "664"
                    }
                ],
                "terminology": [
                    {
                        "word": "DC"
                    },
                    {
                        "word": "경부하 구간"
                    },
                    {
                        "word": "리플 성분"
                    },
                    {
                        "word": "배터리 전류 리플"
                    },
                    {
                        "word": "상 제어"
                    },
                    {
                        "word": "상 제어 기법"
                    },
                    {
                        "word": "상이 전류 임계모드"
                    },
                    {
                        "word": "상제어 스위칭 기법"
                    },
                    {
                        "word": "선계"
                    },
                    {
                        "word": "선계값"
                    },
                    {
                        "word": "스위칭"
                    },
                    {
                        "word": "스위칭 기법"
                    },
                    {
                        "word": "스위칭 주파수"
                    },
                    {
                        "word": "시뮬레이션"
                    },
                    {
                        "word": "이덕터"
                    },
                    {
                        "word": "인덕턴스"
                    },
                    {
                        "word": "인덕턴스 값"
                    },
                    {
                        "word": "인터리브드"
                    },
                    {
                        "word": "임계모드"
                    },
                    {
                        "word": "전류"
                    },
                    {
                        "word": "전류 리플 성분"
                    },
                    {
                        "word": "전류 리플 크기"
                    },
                    {
                        "word": "전류리플"
                    },
                    {
                        "word": "주파수"
                    },
                    {
                        "word": "주파수제어"
                    },
                    {
                        "word": "출력 전력"
                    },
                    {
                        "word": "컨버터"
                    }
                ]
            },
            {
                "context_id": "55e-0c9-45d1ee87-ec79-40dc-8fa3-93fc363fdb62",
                "context_K-NSCC": {
                    "field": "인공물",
                    "large_category": "ED",
                    "medium_category": "02"
                },
                "context": "<h1>2. 양방향 \\( \\mathrm{DC}-\\mathrm{DC} \\) 컨버터 동작원리</h1> <p>본 논문에서 사용된 3상 인터리브드 양방향\\( \\mathrm{DC}-\\mathrm{DC} \\) 컨버터의 회로도이다. 시스템의 회로와는 달리 하단 스위치에만 \\( Z \\mathrm{VS} \\) 용 커패시터가 병렬로 결선되어 있다. \\( V_{D C} \\) 는 \\( 400 \\mathrm{~V}, V_{B} \\) 의 범위는 \\( 176 \\mathrm{~V} \\sim 280 \\mathrm{~V} \\) 이며 배터리가 충전할 때는 벅 컨버터로 동작하고 방전할때는 부스트 컨버터로 동작한다.</p> <p>본 논문에서는 스위칭 주파수를 가변하여 충.방전 전력을 제어하는 기법을 이용하였다. 부하 전력의 크기가작을수록 스위칭 주파수는 증가하고 반대로 커질수록스위칭 주파수는 감소한다.</p> <p>제안하는 시스템의 단상을 기준으로 한 방전동작 시 모드별 전류 흐름도이고,방전동작시 각부 전압, 전류, 그리고 스위칭 신호를 나타내었다.3상으로 동작 시 각 상이 \\( 120^{\\circ} \\) 의 위상차를, 2상으로 동작 시 각 상이 \\( 180^{\\circ} \\) 의 위상차를 가지도록 제어한다. 시스템의 충 - 방전 원리는 동일하므로 제안하는 시스템은단상 방전모드인 경우를 이용하여 동작원리를 설명하도록 한다.</p> <h2>(a) Mode I \\( \\left(t_{0} \\sim t_{1}\\right) \\)</h2> <p>Mode I 은 하단 스위치 \\( S_{2} \\) 를 \\( Z V S, Z C S \\) 턴-온 하여시작된다. \\( S_{2} \\) 가 턴-온하면 인덕터 \\( L \\) 에는 정방향으로\\( V_{B} \\) 가 인가되어 인덕터 전류 \\( i_{L} \\) 이 선형적으로 증가한다.인덕터 전류 \\( i_{L} \\) 은 식 (1)로 나타낼 수 있다.\\[i_{L}=\\frac{1}{L} \\int_{t_{0}}^{t} V_{B} d t\\]<caption>(1)</caption></p> <p>ZVS용 커패시터의 전압은 \\( 0 \\mathrm{~V} \\) 이고, \\( S_{2} \\) 가 턴-오프 하면 Mode I 은 종료 된다.</p> <h2>(b) Mode \\( \\Pi\\left(t_{1} \\sim t_{2}\\right) \\)</h2> <p>Mode II는 \\( S_{2} \\) 를 ZVS 턴-오프 하면 시작된다. 이 구간은 하단 스위치 \\( S_{2} \\) 의 ZVS용 커패시터의 에너지를 충전하는 구간이다. 커패시터 \\( C \\) - 인덕터 \\( L \\) - 배터리\\( V_{B} \\) 루프에서 \\( \\mathrm{L}-\\mathrm{C} \\) 직렬공진이 발생한다. Mode II 에서인덕터 전류 \\( i_{L} \\) 은 식 (2)로 나타낼 수 있다.\\[i_{L}=i_{L}\\left(t_{1}\\right) \\cos \\omega_{0}\\left(t-t_{1}\\right)+\\frac{V_{B}}{Z_{0}} \\sin \\omega_{0}\\left(t-t_{1}\\right)\\]<caption>(2)</caption>\\[여기서 \\omega_{0}=\\frac{1}{\\sqrt{L C}} , 득성임피던스 Z_{0}=\\sqrt{\\frac{L}{C}} 이다. \\]</p> <p>ZVS용 커패시터 전압 \\( V_{S 2} \\) 는 영전압에서 \\( V_{D C} \\) 까지충전되므로 식 (3)으로 나타낼 수 있다. \\[V_{S 2}=V_{B}-V_{B} \\cos \\omega_{0}\\left(t-t_{1}\\right)+Z_{0} i_{L}\\left(t_{1}\\right) \\sin \\omega_{0}\\left(t-t_{1}\\right)\\]<caption>(3)</caption></p> <p>\\( V_{S 2} \\) 가 \\( V_{D C} \\) 까지 상승하면 Mode \\( \\Pi \\) 는 종료된다.</p> <h2>(c) Mode III \\( \\left(t_{2} \\sim t_{3}\\right) \\)</h2> <p>Mode II은 \\( S_{1} \\) 의 다이오드 측으로 전류가 흐르기 시작하는 구간이다. 이때 인덕터 \\( L \\) 에 \\( V_{D C} \\) 와 \\( V_{B} \\) 의 차이만큼 전압이 인가되어 전류는 선형적으로 감소한다. 인덕터 전류 \\( i_{L} \\) 은 식 (4)와 같다.</p> <p>\\( i_{L}=i_{L}\\left(t_{2}\\right)-\\frac{1}{L} \\int_{t_{2}}^{t}\\left(V_{D C}-V_{B}\\right) d t \\)<caption>(4)</caption></p> <p>ZVS용 커패시터 전압 \\( V_{S 2} \\) 는 \\( V_{D C} \\) 와 동인하머, 인덕터의 전류가 영전류인 시점에서 Mode Ⅲ은 종료 된다.</p> <h2>(d) Mode \\( \\operatorname{IV}\\left(t_{3} \\sim t_{4}\\right) \\)</h2> <p>Mode IV는 인덕터의 전류가 영전류인 시점에서 시작된다. 커패시터 \\( C \\)-인덕터 \\( L \\) - 배터리 \\( V_{B} \\) 경로를 통하여 \\( \\mathrm{L}-\\mathrm{C} \\) 직렬공진이 발생한다. 이 구간에서 인덕터 전류 \\( i_{L} \\) 은 식 (5)와 같다.</p> <p>\\( i_{L}=i_{L}\\left(t_{3}\\right) \\cos \\omega_{0}\\left(t-t_{3}\\right)+\\frac{V_{S 2}\\left(t_{3}\\right)-V_{B}}{Z_{0}} \\sin \\omega_{0}\\left(t-t_{3}\\right) \\)<caption>(5)</caption></p> <p>ZVS용 커패시터 전압 \\( V_{S 2} \\) 는 \\( V_{D C} \\) 에서 \\( 0 \\mathrm{~V} \\) 까지 방전되므로 식 (6)으로 나타낼 수 있다.</p> <p>\\( V_{S 2}=V_{B}-\\left(V_{B}-V_{S 2}\\left(t_{3}\\right)\\right) \\cos \\omega_{0}\\left(t-t_{3}\\right) \\)<caption>(6)</caption></p> <p>\\( V_{S 2} \\) 가 \\( 0 \\mathrm{~V} \\) 인 시점에서 Mode \\( \\mathrm{IV} \\) 는 종료된다.</p>",
                "context_length": 3080,
                "clue": [
                    {
                        "clue_text": "본 논문에서 사용된 3상 인터리브드 양방향\\( \\mathrm{DC}-\\mathrm{DC} \\) 컨버터의 회로도이다.",
                        "clue_start": "58",
                        "clue_end": "122"
                    },
                    {
                        "clue_text": "본 논문에서는 스위칭 주파수를 가변하여 충.방전 전력을 제어하는 기법을 이용하였다.",
                        "clue_start": "335",
                        "clue_end": "381"
                    },
                    {
                        "clue_text": "제안하는 시스템의 단상을 기준으로 한 방전동작 시 모드별 전류 흐름도이고,방전동작시 각부 전압, 전류, 그리고 스위칭 신호를 나타내었다.",
                        "clue_start": "441",
                        "clue_end": "517"
                    }
                ],
                "terminology": [
                    {
                        "word": "ZVS"
                    },
                    {
                        "word": "ZVS 턴-오프"
                    },
                    {
                        "word": "ZVS용"
                    },
                    {
                        "word": "ZVS용 커패시터"
                    },
                    {
                        "word": "가변"
                    },
                    {
                        "word": "결선"
                    },
                    {
                        "word": "다이오드"
                    },
                    {
                        "word": "방전동작"
                    },
                    {
                        "word": "벅 컨버터"
                    },
                    {
                        "word": "부스트 컨버터"
                    },
                    {
                        "word": "부스트 컨버터로"
                    },
                    {
                        "word": "부하 전력"
                    },
                    {
                        "word": "스위치"
                    },
                    {
                        "word": "스위칭"
                    },
                    {
                        "word": "스위칭 신호"
                    },
                    {
                        "word": "스위칭 주파수"
                    },
                    {
                        "word": "영전압"
                    },
                    {
                        "word": "위상차"
                    },
                    {
                        "word": "인덕터"
                    },
                    {
                        "word": "인터리브드"
                    },
                    {
                        "word": "전류"
                    },
                    {
                        "word": "주파수"
                    },
                    {
                        "word": "직렬공진"
                    },
                    {
                        "word": "충.방전 전력"
                    },
                    {
                        "word": "커패시터"
                    },
                    {
                        "word": "컨버터"
                    },
                    {
                        "word": "회로도"
                    }
                ]
            },
            {
                "context_id": "55e-0c9-merge_2_034b7f4e-53430567-0c35-47c8-a59c-9975730c3c52_03",
                "context_K-NSCC": {
                    "field": "인공물",
                    "large_category": "ED",
                    "medium_category": "02"
                },
                "context": "<h1>4. 시스템 설계</h1> <p>배터리 전압 \\( 267 \\mathrm { ~V } \\) 를 기준으로 상 개수에 관계없이주파수 제어 가능한 전력의 크기가 작아질수록 인덕턴스 값의 크기가 커지고 2 상으로 운전하는 경우에는 3상으로 운전하는 경우보다 인덕턴스 값이 작아진다. 3상동작 시 전류임계모드로 동작하는 인덕턴스 \\( L \\) 은 식 (13)을 이용하여 구할 수 있다.</p> <p>\\( L = \\frac { 3 V_ { B } -2 V_ { D C } } {\\Delta i_ { B } } D T \\)<caption>(13)</caption></p> <p>따라서 3상으로 운전 시 스위치소자의 최대 스위칭주파수는 \\( 20 \\mathrm { kHz } \\), 최소부하의 크기를 \\( 1 \\mathrm { ~kW } \\), 그리고 배터리전류 리플 \\( \\Delta i_ { B } \\) 를 \\( 30 \\% \\) 고 가정하였을 때 \\( L \\) 의 선계값은 \\( 1.52 \\mathrm { mH } \\) 로 구할 수 있다.</p> <h1>5. 시뮬레이션 및 실험</h1> <p>'4. 시스템 선계' 내용을 근거로 선계한 시스템 파라미터를 표 1에 나타내었다. 표 1의 파라미터 값을 이용하여 전류 리플 그기 분석을 화인하기 위한 시뮬레이션과실험을 수행하였다.</p> <p>파라미터를 이용하여 제작한 실험세트를 나타내었다. 전력회로는 6 개의 \\( \\mathrm { IGBT } \\) 가 하나의모듈에 직접된 SEMIKRON사의 SKM 40GD 123D를 사용하였으며 시스템 제어는 TI (Texas Instruments)사의TMS320F28335를 사용하였다.</p> <p>스위칭 주파수를 가변하는 스위칭 방식을이용하여 충.방전전력이 \\( 3.5 \\mathrm { ~kW } \\) 인 경우에 대한 배터리전압, \\( \\mathrm { DC } \\) 링크단 전압, 인덕터 전류 및 배터리 전류의 시뮬레이션 결과 파형이다. 동인한 부하조건에서 리플 크기를 비교하기 위해 2상 동작의 출력도 \\( 3.5 \\mathrm { ~kW } \\) 로 가정하였다.3상으로 동작 시 배터리 전압이 3상으로 동작 시는 \\( 267 \\mathrm { ~V } , 2 \\) 상으로동작 시는 \\( 200 \\mathrm { ~V } \\) 인 때 전류 리플의 크기가 가장 작은것을 알 수 있다. 나타낸 \\( \\Delta i_ { B } \\) 의 크기는 그림 6 과 8 에서 분석한 결과와 일치한다.</p> <p>충.방전 전럭이 \\( 3.5 \\mathrm { ~kW } \\) 인 경우 양방향 \\( \\mathrm { DC } - \\mathrm { DC } \\) 컨버터의 각 상 인덕터 전류와 배터리 전류에대한 실험파형이다. 실험 견과 3상으로 동작 시 배터리전압은 \\( 267 \\mathrm { ~V } , 2 \\) 상으로 동작 시는 \\( 200 \\mathrm { ~V } \\) 에서 전류 리플그기가 가장 작은 것을 알 수 있으며 이는 시뮬레이션결과와 거의 비슷한 것을 알 수 있다. 각각의 경우 전류리플이 최소이 지점을 기준으로 배터리 전압이 증가 혹은 감소하면 전류 리플을 증가하는 것을 알 수 있다. 또한 2상 동작 시 스위칭 주퐈수가 3상과 비교하여 주파수가 낮은 것을 확인할 수 있다.</p>",
                "context_length": 1610,
                "clue": [
                    {
                        "clue_text": "배터리 전압 \\( 267 \\mathrm { ~V } \\) 를 기준으로 상 개수에 관계없이주파수 제어 가능한 전력의 크기가 작아질수록 인덕턴스 값의 크기가 커지고 2 상으로 운전하는 경우에는 3상으로 운전하는 경우보다 인덕턴스 값이 작아진다.",
                        "clue_start": "22",
                        "clue_end": "156"
                    },
                    {
                        "clue_text": "따라서 3상으로 운전 시 스위치소자의 최대 스위칭주파수는 \\( 20 \\mathrm { kHz } \\), 최소부하의 크기를 \\( 1 \\mathrm { ~kW } \\), 그리고 배터리전류 리플 \\( \\Delta i_ { B } \\) 를 \\( 30 \\% \\) 고 가정하였을 때 \\( L \\) 의 선계값은 \\( 1.52 \\mathrm { mH } \\) 로 구할 수 있다.",
                        "clue_start": "319",
                        "clue_end": "522"
                    },
                    {
                        "clue_text": "파라미터를 이용하여 제작한 실험세트를 나타내었다.",
                        "clue_start": "662",
                        "clue_end": "689"
                    },
                    {
                        "clue_text": "스위칭 주파수를 가변하는 스위칭 방식을이용하여 충.방전전력이 \\( 3.5 \\mathrm { ~kW } \\) 인 경우에 대한 배터리전압, \\( \\mathrm { DC } \\) 링크단 전압, 인덕터 전류 및 배터리 전류의 시뮬레이션 결과 파형이다.",
                        "clue_start": "830",
                        "clue_end": "966"
                    },
                    {
                        "clue_text": "각각의 경우 전류리플이 최소이 지점을 기준으로 배터리 전압이 증가 혹은 감소하면 전류 리플을 증가하는 것을 알 수 있다. 또한 2상 동작 시 스위칭 주퐈수가 3상과 비교하여 주파수가 낮은 것을 확인할 수 있다.",
                        "clue_start": "1489",
                        "clue_end": "1606"
                    }
                ],
                "terminology": [
                    {
                        "word": "DC"
                    },
                    {
                        "word": "IGBT"
                    },
                    {
                        "word": "SKM"
                    },
                    {
                        "word": "TI"
                    },
                    {
                        "word": "Texas Instruments"
                    },
                    {
                        "word": "가변"
                    },
                    {
                        "word": "링크단"
                    },
                    {
                        "word": "링크단 전압"
                    },
                    {
                        "word": "배터리전류"
                    },
                    {
                        "word": "배터리전압"
                    },
                    {
                        "word": "선계"
                    },
                    {
                        "word": "선계값"
                    },
                    {
                        "word": "스위치소자"
                    },
                    {
                        "word": "스위칭"
                    },
                    {
                        "word": "스위칭주파수"
                    },
                    {
                        "word": "시뮬레이션"
                    },
                    {
                        "word": "시스템 설계"
                    },
                    {
                        "word": "시스템 파라미터"
                    },
                    {
                        "word": "실험파형"
                    },
                    {
                        "word": "인덕터"
                    },
                    {
                        "word": "인덕턴스"
                    },
                    {
                        "word": "인덕턴스 값"
                    },
                    {
                        "word": "전력회로"
                    },
                    {
                        "word": "전류"
                    },
                    {
                        "word": "전류리플"
                    },
                    {
                        "word": "전류임계모드"
                    },
                    {
                        "word": "주파수"
                    },
                    {
                        "word": "최소부하"
                    },
                    {
                        "word": "컨버터"
                    },
                    {
                        "word": "파라미터"
                    },
                    {
                        "word": "파형"
                    }
                ]
            },
            {
                "context_id": "55e-0c9-ca1d4818-0030-4710-b98a-9286a201fa89",
                "context_K-NSCC": {
                    "field": "인공물",
                    "large_category": "ED",
                    "medium_category": "02"
                },
                "context": "<h1>3. 전류 리플 저감을 위한 새로운 제어 기법</h1> <h2>3.1 출력 전류 리플 크기 분석</h2> <p>3상 동작 시 출력 전류 리플 크기 분석을위한 각 상전류와 배터리 전류를 나타내었다.Mode II와 Mode IV 구간이 스위칭 주기와 비교하여매우 작다고 가정하면 각 상의 전류는 삼각파로 가정할수 있다.</p> <p>3상 동작 시 배터리의 전류 리플의 크기는 \\( \\mathrm{DC} \\) 링크와 배터리 전압에 따라 세 구간으로 나눌 수 있는데, 배터리 전압이 \\( 0 \\mathrm{~V} \\sim 133 \\mathrm{~V}, 133 \\mathrm{~V} \\sim 267 \\mathrm{~V} \\), 그리고 267\\( \\mathrm{V} \\sim 400 \\mathrm{~V} \\) 인 구간이다. 제안하는 시스템에서 배터리의전압변동 범위는 \\( 176 \\mathrm{~V} \\sim 280 \\mathrm{~V} \\) 이므로 \\( 176 \\mathrm{~V} \\sim 267 \\mathrm{~V} \\)와 \\( 267 \\mathrm{~V} \\sim 280 \\mathrm{~V} \\) 두 구간에 대해 전류 리플의 크기를분석하였다.</p> <p>배터리 전압이 \\( 176 \\mathrm{~V} \\sim 267 \\mathrm{~V} \\) 인 경우 배터리 전류의 한주기 \\( T_{3} \\) 에서 배터리 전류가 상승하는 구간을\\( D_{3} T_{3} \\) 로 정의했을 때 배터리 전류는 인덕터 전류의 합이므로 배터리 전류 변화량은 식 (7)로 나타낼 수 있고시스템 듀티 \\( D \\) 를 이용하면 식 (8)과 같다.</p> <p>\\( \\Delta i_{B_{3}}=\\frac{3 V_{B}-2 V_{D C}}{L} D_{3} T_{3} \\)<caption>(7)</caption></p> <p>\\( \\Delta i_{B_{3}}=\\frac{3 V_{B}-2 V_{D C}}{L}\\left(D-\\frac{1}{3}\\right) T \\)<caption>(8)</caption></p> <p>마찬가지로 배터리 전압이 \\( 267 \\mathrm{~V} \\sim 280 \\mathrm{~V} \\) 인 경우배터리 전류 변화량을 구하면 식 (9)와 같다.</p> <p>\\( \\Delta i_{B_{3}}=\\frac{3 V_{D C}-2 V_{B}}{L} D T \\)<caption>(9)</caption></p> <p>식 (8)과 (9)를 이용한 3상 동작 시 충 \\( \\cdot \\) 방전전력에 따른 배터리전압에 대한 전류 리플의 크기를나타내었다.</p> <p>2상 동작 시 출력 전류 리플 크기 분석을 위한 각 상전류와 배터리 전류를 나타내었다. 2상 동작시 배터리 전류 리플의 크기는 \\( 176 \\mathrm{~V} \\sim 200 \\mathrm{~V}, 200 \\mathrm{~V} \\)\\( \\sim 280 \\mathrm{~V} \\) 의 두 구간으로 구분하여 구할 수 있다.</p> <p>배터리 전압이 \\( 176 \\mathrm{~V} \\sim 200 \\mathrm{~V} \\) 인 경우 배터리 전류의 한주기 \\( T_{2} \\) 에서 배터리 전류가 상승하는 구간을\\( D_{2} T_{2} \\) 로 정의했을 때 배터리 전류는 인덕터 전류의 합이므로 배터리 전류 변화량은 식 (10)으로 나타낼 수 있고 시스템 듀티 \\( D \\) 를 이용하면 식 (11)과 같다.</p> <p>\\( \\Delta i_{B_{2}}=\\frac{2 V_{B}}{L} D_{2} T_{2} \\)<caption>(10)</caption></p> <p>\\( \\Delta i_{B_{2}}=\\frac{2 V_{B}}{L}\\left(D-\\frac{1}{2}\\right) T \\)<caption>(11)</caption></p> <p>마찬가지로 배터리 전압이 \\( 200 \\mathrm{~V} \\sim 280 \\mathrm{~V} \\) 인 경우배터리 전류 변화량을 구하면 식 (12)와 같다.</p> <p>\\( \\Delta i_{B_{2}}=\\frac{2 V_{D C}-V_{B}}{L} D T \\)<caption>(12)</caption></p> <p>(11)과 (12)를 이용한 2상 동작 시 충 \\( \\cdot \\) 방전전력에 따른 배터리전압에 대한 전류 리플의 크기를 나타내었다.</p> <h2>3.2 상 전환 적용구간 분석</h2> <p>시스템을 구성하는 전력 반도체 소자의 전류 정격은3상 동작을 기준으로 설계한다. 따라서 2상 동작 시 최대 출력 전력은 3상을 기준으로 설계된 전력 반도체 소자의 전류 정격에 제한을 받게 된다.</p> <p>스위치 소자의 전류 정격 사양을 이용한 2상 동작 시 배터리 전압에 대한 컨버터의 최대 출력을그래프로 나타낸 것이다. 2상 동작 시 배터리 전압이 증가함에 따라 최대 출력이 증가하는 것을 알 수 있다.\\( \\mathrm{A} \\) 영역은 배터리 전압에 따른 2상으로 동작가능한 부하 영역이다.</p> <p>상 제어 기법을 적용하는 경우 배터리 전류의 리플크기를 배터리 전압변동에 대하여 나타낸 그래프와 2상동작이 가능한 영역을 그림 10에 함께 나타내었다.</p> <p>배터리 전압 \\( V_{B} \\) 가 \\( 231 \\mathrm{~V} \\) 보다 작은 경우 2상으로 동작하면 전류 리플을 줄일 수 있는 것을 알 수 있다. \\( V_{B} \\) 가\\( 231 \\mathrm{~V} \\) 인 경우 2상 최대출력이 \\( 2.624 \\mathrm{~kW} \\) 이므로 이보다출력이 낮은 경우에만 2상으로 전환하여 리플 전류의크기를 줄일 수 있다. 2상으로 동작 시 \\( V_{B} \\) 에 따른 2상동작 최대출력 \\( p_{\\circ} \\) 의 크기는 굵은 선과 같으며 동작 범위는 \\( \\mathrm{B} \\) 영역과 같다. 부하 명령치와 현재 배터리 전압크기를 이용하여 동작하는 상의 수를 결정한다. 3상-2상 전환 임계점에서 안정도를 화보하기 위하여상 전환 시 임계점을 기준으로 히스테리시스 밴드갭을설정하였다.</p>",
                "context_length": 2941,
                "clue": [
                    {
                        "clue_text": "제안하는 시스템에서 배터리의전압변동 범위는 \\( 176 \\mathrm{~V} \\sim 280 \\mathrm{~V} \\) 이므로 \\( 176 \\mathrm{~V} \\sim 267 \\mathrm{~V} \\)와 \\( 267 \\mathrm{~V} \\sim 280 \\mathrm{~V} \\) 두 구간에 대해 전류 리플의 크기를분석하였다.",
                        "clue_start": "403",
                        "clue_end": "586"
                    },
                    {
                        "clue_text": "식 (8)과 (9)를 이용한 3상 동작 시 충 \\( \\cdot \\) 방전전력에 따른 배터리전압에 대한 전류 리플의 크기를나타내었다.",
                        "clue_start": "1187",
                        "clue_end": "1260"
                    },
                    {
                        "clue_text": "(11)과 (12)를 이용한 2상 동작 시 충 \\( \\cdot \\) 방전전력에 따른 배터리전압에 대한 전류 리플의 크기를 나타내었다.",
                        "clue_start": "2034",
                        "clue_end": "2108"
                    },
                    {
                        "clue_text": "시스템을 구성하는 전력 반도체 소자의 전류 정격은3상 동작을 기준으로 설계한다.",
                        "clue_start": "2142",
                        "clue_end": "2186"
                    },
                    {
                        "clue_text": "따라서 2상 동작 시 최대 출력 전력은 3상을 기준으로 설계된 전력 반도체 소자의 전류 정격에 제한을 받게 된다.",
                        "clue_start": "2187",
                        "clue_end": "2250"
                    }
                ],
                "terminology": [
                    {
                        "word": "리플 저감"
                    },
                    {
                        "word": "리플 전류"
                    },
                    {
                        "word": "리플크기"
                    },
                    {
                        "word": "방전전력"
                    },
                    {
                        "word": "배터리 전류 리플"
                    },
                    {
                        "word": "배터리전압"
                    },
                    {
                        "word": "밴드갭"
                    },
                    {
                        "word": "부하 영역"
                    },
                    {
                        "word": "삼각파"
                    },
                    {
                        "word": "상 제어"
                    },
                    {
                        "word": "상 제어 기법"
                    },
                    {
                        "word": "스위치"
                    },
                    {
                        "word": "스위치 소자"
                    },
                    {
                        "word": "스위칭"
                    },
                    {
                        "word": "시스템 듀티"
                    },
                    {
                        "word": "인덕터"
                    },
                    {
                        "word": "임계점"
                    },
                    {
                        "word": "전력 반도체"
                    },
                    {
                        "word": "전력 반도체 소자"
                    },
                    {
                        "word": "전류"
                    },
                    {
                        "word": "전류 리플"
                    },
                    {
                        "word": "전류 리플 저감"
                    },
                    {
                        "word": "전류 리플 크기"
                    },
                    {
                        "word": "전류 정격"
                    },
                    {
                        "word": "전환"
                    },
                    {
                        "word": "전환 임계점"
                    },
                    {
                        "word": "출력 전력"
                    },
                    {
                        "word": "출력 전류 리플"
                    },
                    {
                        "word": "컨버터"
                    },
                    {
                        "word": "히스테리시스"
                    },
                    {
                        "word": "히스테리시스 밴드갭"
                    }
                ]
            }
        ]
    }
}