{
    "dataset_info": {
        "identifier": "02-031-002-NL",
        "name": "기술과학 문서 요약 데이터",
        "category": "자연어",
        "last_updated": "2023-08-30"
    },
    "dataset": {
        "doc_id": "034b7f4e-0e963999-2cdd-4604-86d7-881feba7b690",
        "doc_type": "논문",
        "doc_title": {
            "kor": "비례공진 제어기를 이용한 단상 계통연계형 인버터의 데드타임 영향과 옵셋 오차로 인한 전류맥동 저감에 관한 연구",
            "eng": ""
        },
        "doc_category": {
            "KDC": "560.5",
            "DDC": ""
        },
        "doc_number": {
            "ISSN": "1229-2214",
            "ISBN": "",
            "DOI": "",
            "UCI": ""
        },
        "doc_year": "2015",
        "doc_author": [
            "성의석",
            "황선환"
        ],
        "doc_publisher": "전력전자학회",
        "doc_license": "CC BY-NC",
        "context_info": [
            {
                "context_id": "55e-0c9-merge_2_034b7f4e-0e963999-2cdd-4604-86d7-881feba7b690_04",
                "context_K-NSCC": {
                    "field": "인공물",
                    "large_category": "ED",
                    "medium_category": "05"
                },
                "context": "<h1>4. 제안된 전류리플 저감 알고리즘</h1> <p>그림 5는 제안된 동기 좌표계 dq축 전류리플 저감 알고리즘의 블록도를 나타낸다. 앞서 계산된 수식에 의해 정지 좌표계에 포함된 직류, 전원 주파수의 1배, 2배, 3배 및 4배 고조파의 수와 비교해 동기 좌표계에 존재하는 옵셋 오차에 의한 고조파의 수가 상대적으로 적다는 것을 알 수 있었다. 따라서 동기 좌표계 dq축 전류를 상전류 맥동 보상을 위한 기준신호로 사용하면 연산적 복잡성을 감소할 수 있다. 동기 좌표계 dq축에 나타나는 옵셋 오차에 의한 전원 주파수의 제 1차 및 3차 고조파 성분은 동기 좌표계 PI 전류 제어기를 기반으로 한 시스템에 각 고조파에 해당되는 2개의 PR 제어기를 이용하여 다시 동기 좌표계 dq축 전류로 보상함으로써 저감 된다.</p> <p>PR 제어기는 특정한 주파수에서 개루프 이득이 무한대이며 위상지연이 없는 제어특성을 가지는 반면, 무한대의 이득으로 인하여 시스템의 안정성이 저하되는 단점이 존재한다. 이러한 단점을 보완하기 위하여 향상된 PR 제어기를 사용하면 특정 주파수에서의 이득을 조절할 수 있으며 옵셋 오차 및 데드타임에 의해서 동기 좌표계 dq축 전류에 발생하는 각 차수의 고조파 성분을 선택적으로 저감할 수 있다. 고조파 제거를 위해 사용된 향상된 PR 제어기의 전달함수는 식 (13)과 같다. \\( n \\)은 보상하고자 하는 고조파의 차수, \\( K_ { p } \\) 는 비례이득, \\( K_ { i n } \\)은 각 고조파 차수의 공진 이득, \\( \\omega_ { c } \\)는 차단 주파수에서의 대역폭 그리고 \\( \\omega_ { 0 } \\)은 계통 각주파수이다.</p> <p>\\( G_ { n } (s) = K_ { p } + \\sum_ { n } \\frac { 2 K_ { i n } \\omega_ { c } s } { s ^ { 2 } + 2 \\omega_ { c } s + \\left (n \\omega_ { 0 } \\right ) ^ { 2 } } \\)<caption>(13)</caption></p> <p>식 (13)에서 비례이득 \\( K_ { p } \\)는 제어기의 동특성을 결정하고 공진이득 \\( K_ { i n } \\)는 선택된 주파수의 진폭과 대역폭을 결정한다. 옵셋 오차에 의해서 동기 좌표계 dq축 전류에 나타나는 전원 주파수의 1배 및 3배 고조파를 제거하기 위해 사용된 2개의 PR 제어기에 대한 보드선도는 그림 6과 같다.</p> <h1>5. 시뮬레이션</h1> <p>제안한 옵셋 오차 보상 알고리즘의 성능을 검증하기 위하여 Matlab의 Simulink를 사용하여 그림 7과 같은 단상 계통연계형 인버터 시스템을 구현하였으며 전력변환회로, 단상 PLL, 전압 및 전류 제어기 등과 같은 제어 시스템을 포함하고 있다. 그림 8은 시뮬레이션에서 사용된 전류 제어기의 내부 구성을 보여주고 있다. 주 제어기로써 PI 전류 제어기를 사용하고 있으며 동기 좌표계 dq축 전류를 기준신호로 사용한 PR 제어기를 통해 전류 맥동 성분을 보상한다. PR 제어기의 비례이득 \\( K_ { p } \\)는 \\( 0.01 \\), 공진이득 \\( K_ { i n_ { 1 } 1,3 } \\)은 각각 1로 사용되었다.</p> <p>그림 9는 제안된 옵셋 오차 보상 알고리즘의 타당성을 증명하기 위한 시뮬레이션 파형이며, 상전류의 \\( 2 \\% \\)에 해당하는 옵셋 오차를 인가하고 제안된 알고리즘을 적용한 전후에 대하여 시뮬레이션을 수행하여 비교한 결과를 나타내었다.</p> <p>그림 9(a)는 보상 전 상전류와 FFT 분석 결과로써 상전류에는 데드타임과 옵셋 오차로 인한 직류 성분과 전원 주파수의 1배, 2배, 3배 및 4배의 고조파를 포함하고 있음을 알 수 있다. 반면, 그림 9(b)에서는 제안한 전류 리플 저감 알고리즘을 통하여 상전류에 기본파 이외의 직류 및 고조파성분이 크게 감소되었고 결과적으로 THD가 \\( 1.68 \\% \\)에서 \\( 0.6 \\% \\)로 개선됨을 확인할 수 있었다.</p>",
                "context_length": 1976,
                "clue": [
                    {
                        "clue_text": "동기 좌표계 dq축에 나타나는 옵셋 오차에 의한 전원 주파수의 제 1차 및 3차 고조파 성분은 동기 좌표계 PI 전류 제어기를 기반으로 한 시스템에 각 고조파에 해당되는 2개의 PR 제어기를 이용하여 다시 동기 좌표계 dq축 전류로 보상함으로써 저감 된다.",
                        "clue_start": "260",
                        "clue_end": "403"
                    },
                    {
                        "clue_text": "반면, 그림 9(b)에서는 제안한 전류 리플 저감 알고리즘을 통하여 상전류에 기본파 이외의 직류 및 고조파성분이 크게 감소되었고 결과적으로 THD가 \\( 1.68 \\% \\)에서 \\( 0.6 \\% \\)로 개선됨을 확인할 수 있었다.",
                        "clue_start": "1844",
                        "clue_end": "1972"
                    }
                ],
                "terminology": [
                    {
                        "word": "FFT"
                    },
                    {
                        "word": "FFT 분석"
                    },
                    {
                        "word": "Matlab"
                    },
                    {
                        "word": "PI"
                    },
                    {
                        "word": "PI 전류 제어기"
                    },
                    {
                        "word": "PLL"
                    },
                    {
                        "word": "PR"
                    },
                    {
                        "word": "PR 제어기"
                    },
                    {
                        "word": "Simulink"
                    },
                    {
                        "word": "THD"
                    },
                    {
                        "word": "dq축"
                    },
                    {
                        "word": "dq축 전류"
                    },
                    {
                        "word": "각주파수"
                    },
                    {
                        "word": "계통연계형"
                    },
                    {
                        "word": "계통연계형 인버터"
                    },
                    {
                        "word": "계통연계형 인버터 시스템"
                    },
                    {
                        "word": "고조파"
                    },
                    {
                        "word": "고조파 제거"
                    },
                    {
                        "word": "고조파 차수"
                    },
                    {
                        "word": "고조파성분"
                    },
                    {
                        "word": "공진이득"
                    },
                    {
                        "word": "단상 PLL"
                    },
                    {
                        "word": "단상 계통연계형"
                    },
                    {
                        "word": "단상 계통연계형 인버터"
                    },
                    {
                        "word": "대역폭"
                    },
                    {
                        "word": "데드타임"
                    },
                    {
                        "word": "동기 좌표계"
                    },
                    {
                        "word": "동특성"
                    },
                    {
                        "word": "리플 저감"
                    },
                    {
                        "word": "맥동"
                    },
                    {
                        "word": "맥동 성분"
                    },
                    {
                        "word": "보드선도"
                    },
                    {
                        "word": "상전류"
                    },
                    {
                        "word": "상전류 맥동"
                    },
                    {
                        "word": "시뮬레이션"
                    },
                    {
                        "word": "시뮬레이션 파형"
                    },
                    {
                        "word": "알고리즘"
                    },
                    {
                        "word": "오차 보상 알고리즘"
                    },
                    {
                        "word": "옵셋"
                    },
                    {
                        "word": "옵셋 오차"
                    },
                    {
                        "word": "위상지연"
                    },
                    {
                        "word": "인버터 시스템"
                    },
                    {
                        "word": "전달함수"
                    },
                    {
                        "word": "전력변환회로"
                    },
                    {
                        "word": "전류"
                    },
                    {
                        "word": "전류 리플 저감"
                    },
                    {
                        "word": "전류 맥동"
                    },
                    {
                        "word": "전류 맥동 성분"
                    },
                    {
                        "word": "전류리플"
                    },
                    {
                        "word": "전원 주파수"
                    },
                    {
                        "word": "정지 좌표계"
                    },
                    {
                        "word": "제어기"
                    },
                    {
                        "word": "좌표계"
                    },
                    {
                        "word": "주 제어기"
                    },
                    {
                        "word": "주파수"
                    },
                    {
                        "word": "직류"
                    },
                    {
                        "word": "차단 주파수"
                    },
                    {
                        "word": "파형"
                    }
                ]
            },
            {
                "context_id": "55e-0c9-f52a2e42-f997-4326-b35c-49878ca952f2",
                "context_K-NSCC": {
                    "field": "인공물",
                    "large_category": "ED",
                    "medium_category": "05"
                },
                "context": "<h1>1. 서 론</h1> <p>세계적으로 전력수요가 증가함에 따라 지속 가능한 에너지원의 활용과 전력품질 개선 등을 위한 연구개발이 이루어지고 있으며 풍력, 태양광 및 연료전지 등과 같은 신재생 에너지에 대한 관심이 높아지고 있다. 특히, 신재생 에너지의 상용화에 있어서 분산전원 시스템의 일부분으로써 계통연계형 인버터의 역할은 매우 중요하다. 그림 1은 일반적인 단상 계통연계형 인버터 시스템의 구성도이며 전력변환회로와 계통전원의 위상 검출을 위한 위상 동기 루프제어, 전원측 전류제어, 직류단 전압제어 및 전력품질 개선을 위한 알고리즘 등으로 이루어져 있다. 그림 1 에서 알 수 있듯이, 단상 인버터 시스템의 전원 위상각 검출은 전역 통과필터를 사용한 가상 2상 위상 검출방식을 사용하고 있다. 또한 계통 측 출력 전류의 경우, 추종된 전원각을 기준으로 좌표변 환한 후 동기 좌표계 PI 전류제어를 수행하고 있다.</p> <p>일반적으로 계통연계형 인버터는 높은 전력품질을 위해 계통측 전류 정보를 기반으로 정밀한 제어가 요구된다. 이를 위하여 다양한 전류제어 기법이 적용되고 있으며, 대표적인 동기 좌표계 PI 전류제어기를 이용하면 모든 정상상태에서의 변수들이 직류성분으로 변환되어 제어의 용이성이 증가하여 널리 사용되어 오고 있다.</p> <p>또한, 유니폴라 스위칭으로 제어되는 H-브릿지 인버터의 경우, 데드타임은 동일 레그 상의 두 스위칭 소자가 동시에 턴-온 될 때 발생하는 단락을 방지하기 위해 삽입된다. 이러한 데드타임으로 인해 인버터 출력전압에 전원 주파수의 홀수차 고조파가 발생하며 이로 인해 계통측 상전류에 맥동을 야기하게 된다. 전류측정의 경우, 그림 2와 같이 전류센서, 매칭회로, 필터회로 그리고 A/D 컨버터를 통해 이루어지는데, 측정경로상의 비선형적인 특성으로 인해 스케일 및 옵셋 오차가 발생된다. 따라서 데드타임에 의해 왜곡된 전류 정보 하에서 스케일 및 옵셋 오차가 발생한 경우 출력의 왜곡이 상대적으로 커지게 되므로 시스템에 미치는 영향이 더욱 증가하게 된다.</p> <p>이러한 상전류에 포함된 맥동 성분은 동기 좌표계로 좌표 변환 시 dq축에 각각 교류성분으로 나타나는데 PI 제어기의 특성상 교류성분은 보상할 수 없기 때문에 안정된 제어 성능을 위해서 추가적인 보상 알고리즘이 필요하다.</p> <p>본 논문에서는 데드타임과 옵셋 오차의 영향을 고려한 단상 계통연계형 인버터의 새로운 전류맥동 저감 알고리즘을 제안하였다. 또한 H-브릿지 인버터의 데드타임과 옵셋 오차의 영향을 좌표계상에서 상세히 분석하였다. 그 결과 동기 좌표계에는 전원 주파수의 1배, 2배 3배 그리고 정지 좌표계에는 직류성분, 전원 주파수의 1배, 2배, 3배 그리고 4배 고조파가 야기됨을 확인하였다. 옵셋 오차의 영향은 동기 좌표계 PI 전류 제어기에 특정 주파수에서 무한대의 이득을 갖는 PR 제어기를 사용함으로써 개선되었다. 시뮬레이션과 실험을 통해 제안된 알고리즘의 유용성을 증명하였다.</p>",
                "context_length": 1470,
                "clue": [
                    {
                        "clue_text": "본 논문에서는 데드타임과 옵셋 오차의 영향을 고려한 단상 계통연계형 인버터의 새로운 전류맥동 저감 알고리즘을 제안하였다.",
                        "clue_start": "1148",
                        "clue_end": "1215"
                    },
                    {
                        "clue_text": "또한 H-브릿지 인버터의 데드타임과 옵셋 오차의 영향을 좌표계상에서 상세히 분석하였다.",
                        "clue_start": "1216",
                        "clue_end": "1264"
                    },
                    {
                        "clue_text": "옵셋 오차의 영향은 동기 좌표계 PI 전류 제어기에 특정 주파수에서 무한대의 이득을 갖는 PR 제어기를 사용함으로써 개선되었다.",
                        "clue_start": "1359",
                        "clue_end": "1430"
                    },
                    {
                        "clue_text": "시뮬레이션과 실험을 통해 제안된 알고리즘의 유용성을 증명하였다.",
                        "clue_start": "1431",
                        "clue_end": "1466"
                    }
                ],
                "terminology": [
                    {
                        "word": "A/D"
                    },
                    {
                        "word": "A/D 컨버터"
                    },
                    {
                        "word": "H-브릿지"
                    },
                    {
                        "word": "H-브릿지 인버터"
                    },
                    {
                        "word": "PI"
                    },
                    {
                        "word": "PI 전류제어"
                    },
                    {
                        "word": "PI 전류제어기"
                    },
                    {
                        "word": "PI 제어기"
                    },
                    {
                        "word": "PR"
                    },
                    {
                        "word": "PR 제어기"
                    },
                    {
                        "word": "dq축"
                    },
                    {
                        "word": "계통연계형"
                    },
                    {
                        "word": "계통연계형 인버터"
                    },
                    {
                        "word": "계통연계형 인버터 시스템"
                    },
                    {
                        "word": "계통전원"
                    },
                    {
                        "word": "계통측 전류"
                    },
                    {
                        "word": "고조파"
                    },
                    {
                        "word": "교류성분"
                    },
                    {
                        "word": "단상 계통연계형"
                    },
                    {
                        "word": "단상 계통연계형 인버터"
                    },
                    {
                        "word": "단상 인버터"
                    },
                    {
                        "word": "데드타임"
                    },
                    {
                        "word": "동기 좌표계"
                    },
                    {
                        "word": "루프제어"
                    },
                    {
                        "word": "매칭회로"
                    },
                    {
                        "word": "맥동"
                    },
                    {
                        "word": "맥동 성분"
                    },
                    {
                        "word": "분산전원"
                    },
                    {
                        "word": "분산전원 시스템"
                    },
                    {
                        "word": "상전류"
                    },
                    {
                        "word": "스위칭"
                    },
                    {
                        "word": "스위칭 소자"
                    },
                    {
                        "word": "신재생 에너지"
                    },
                    {
                        "word": "알고리즘"
                    },
                    {
                        "word": "에너지원"
                    },
                    {
                        "word": "옵셋"
                    },
                    {
                        "word": "옵셋 오차"
                    },
                    {
                        "word": "위상"
                    },
                    {
                        "word": "위상 검출"
                    },
                    {
                        "word": "위상 동기"
                    },
                    {
                        "word": "위상각"
                    },
                    {
                        "word": "유니폴라"
                    },
                    {
                        "word": "유니폴라 스위칭"
                    },
                    {
                        "word": "인버터 시스템"
                    },
                    {
                        "word": "인버터 출력전압"
                    },
                    {
                        "word": "전력수요"
                    },
                    {
                        "word": "전력품질 개선"
                    },
                    {
                        "word": "전류"
                    },
                    {
                        "word": "전류 정보"
                    },
                    {
                        "word": "전류맥동"
                    },
                    {
                        "word": "전류센서"
                    },
                    {
                        "word": "전류제어 기법"
                    },
                    {
                        "word": "전압제어"
                    },
                    {
                        "word": "전역 통과필터"
                    },
                    {
                        "word": "전원 위상각"
                    },
                    {
                        "word": "전원 주파수"
                    },
                    {
                        "word": "전원각"
                    },
                    {
                        "word": "전원측"
                    },
                    {
                        "word": "정지 좌표계"
                    },
                    {
                        "word": "제어기"
                    },
                    {
                        "word": "제어의 용이성"
                    },
                    {
                        "word": "좌표 변환"
                    },
                    {
                        "word": "좌표계"
                    },
                    {
                        "word": "좌표계상"
                    },
                    {
                        "word": "주파수"
                    },
                    {
                        "word": "직류단"
                    },
                    {
                        "word": "직류단 전압제어"
                    },
                    {
                        "word": "직류성분"
                    },
                    {
                        "word": "출력전압"
                    },
                    {
                        "word": "컨버터"
                    },
                    {
                        "word": "필터회로"
                    },
                    {
                        "word": "홀수차"
                    },
                    {
                        "word": "홀수차 고조파"
                    }
                ]
            },
            {
                "context_id": "55e-0c9-c69b6b29-36f9-4f16-b86a-670947597dca",
                "context_K-NSCC": {
                    "field": "인공물",
                    "large_category": "ED",
                    "medium_category": "05"
                },
                "context": "<h2>3.2 정지 좌표계에서 옵셋 오차의 영향</h2> <p>동기 좌표계 dq 축 전류에 대한 PI 전류제어기의 출력은 좌표변환 후 출력전압의 기준 신호로 사용된다. PI 전류제어기의 출력을 수식적으로 나타내어 분석하기 위해 적분기의 출력 신호만을 계산함으로써 상전류에 포함된 고조파성분을 보다 간편하게 표현 가능하다. 따라서 식 (6)의 제 1차 고조파에 옵셋 오차가 포함된 동기 좌표계 dq축 전류에 대한 PI 전류제어기의 출력은 식 (9)와 같이 나타낼 수 있다.</p> <p>\\( \\left[\\begin{array}{l}v_{d_{-} 1}^{e} \\\\ v_{q_{-} 1}^{e}\\end{array}\\right]=\\left[\\begin{array}{c}\\frac{I_{m_{-} 1} \\Delta_{d c} / 2}{\\omega} \\sin \\hat{\\theta}_{g}+\\frac{I_{m_{-} 1} \\Delta_{d c} / 2}{\\omega} \\cos \\hat{\\theta}_{g} \\\\ I_{m_{-} 1}+\\frac{I_{m_{-} 1} \\Delta_{d c} / 2}{\\omega} \\sin \\hat{\\theta}_{g}+\\frac{I_{m_{-} 1} \\Delta_{d c} / 2}{\\omega} \\cos \\hat{\\theta}_{g}\\end{array}\\right] \\)<caption>(9)</caption></p> <p>식 (9)를 통해 좌표 변환된 정지 좌표계 dq축 출력전압은 식 (10)과 같다.</p> <p>\\( \\left[\\begin{array}{l}v_{d_{-} 1}^{s} \\\\ v_{q_{-} 1}^{s}\\end{array}\\right]=\\left[\\begin{array}{l}I_{m_{-} 1} \\Delta_{d c} / 2-I_{m_{-}-1} \\sin \\hat{\\theta}_{g}+k\\left(\\cos \\hat{\\theta}_{g}+\\sin \\hat{\\theta}_{g}\\right) \\\\ +k_{1}\\left(-\\sin 2 \\hat{\\theta}_{g}+\\cos 2 \\hat{\\theta}_{g}\\right) \\\\ I_{m_{-} 1} \\Delta_{d c} / 2+k_{1}+I_{m_{-} 1} \\cos \\hat{\\theta}_{g}+k\\left(\\cos \\hat{\\theta}_{g}+\\sin \\hat{\\theta}_{g}\\right) \\\\ +k_{1} \\sin 2 \\hat{\\theta}_{g}\\end{array}\\right] \\)<caption>(10)</caption></p> <p>여기서</p> <p>\\( k=\\frac{2 I_{m_{-} 1}\\left(\\Delta_{d c} / 2\\right)^{2}}{\\omega}, k_{1}=\\frac{I_{m_{-} 1} \\Delta_{d c} / 2}{\\omega} \\)</p> <p>식 (8)의 3차 고조파에 옵셋 오차가 포함된 동기 좌표계 dq축 전류에 대한 PI 전류제어기의 출력은 식 (11)과 같이 나타낼 수 있다.</p> <p>\\( \\left[\\begin{array}{l}v_{d_{-} 3}^{e} \\\\ v_{q_{-} 3}^{e}\\end{array}\\right]=\\left[\\begin{array}{l}-\\frac{I_{m_{-} 3}}{2 \\omega} \\cos 2 \\hat{\\theta}_{g}+\\frac{I_{m_{-} 3} \\Delta_{d c} / 2}{3 \\omega} \\sin 3 \\hat{\\theta}_{g} \\\\ +\\frac{I_{m_{-} 3} \\Delta_{d c} / 2}{3 \\omega} \\cos 3 \\hat{\\theta}_{g} \\\\ \\frac{I_{m_{-} 3}}{2 \\omega} \\sin 2 \\hat{\\theta}_{g}+\\frac{I_{m_{-} 3} \\Delta_{d c} / 2}{3 \\omega} \\sin 3 \\hat{\\theta}_{g} \\\\ +\\frac{I_{m_{-} 3} \\Delta_{d c} / 2}{3 \\omega} \\cos 3 \\hat{\\theta}_{g}\\end{array}\\right] \\)<caption>(11)</caption></p> <p>식 (11)을 통해 좌표 변환된 정지 좌표계 dq축 출력전압은 식 (12)와 같다.</p> <p>\\( \\left[\\begin{array}{l}v_{d_{3} 3}^{s} \\\\ v_{q_{-}}^{s}\\end{array}\\right]=\\left[\\begin{array}{l}-k_{2} \\cos \\hat{\\theta}_{g}+k_{3} \\cos 2 \\hat{\\theta}_{g}+k_{4}\\left(\\sin 2 \\hat{\\theta}_{g}-\\cos 2 \\hat{\\theta}_{g}\\right) \\\\ +k_{4}\\left(\\sin 3 \\hat{\\theta}_{g}+\\cos 3 \\hat{\\theta}_{g}\\right)+k_{2} \\sin 4 \\hat{\\theta}_{g} \\\\ k_{2} \\sin \\hat{\\theta}_{g}+k_{3} \\cos 2 \\hat{\\theta}_{g}+k_{4}\\left(\\sin 2 \\hat{\\theta}_{g}-\\cos 2 \\hat{\\theta}_{g}\\right) \\\\ +k_{4}\\left(\\sin 3 \\hat{\\theta}_{g}+\\cos 3 \\hat{\\theta}_{g}\\right)+k_{2} \\sin 4 \\hat{\\theta}_{g}\\end{array}\\right] \\)<caption>(12)</caption></p> <p>여기서</p> <p>\\( k_{2}=\\frac{I_{m_{-} 1}}{2 \\omega}, k_{3}=\\frac{I_{m_{-} 1} \\Delta_{d d} / 2}{3 \\omega} \\), \\( k_{4}=\\frac{I_{m_{-} 1} \\Delta_{d c} / 2}{2 \\omega}, k_{5}=\\frac{2 I_{m_{-} 1}\\left(\\Delta_{d c} / 2\\right)^{2}}{3 \\omega} \\)</p> <p>식 (10)과 식 (12)로부터 상전류에 포함된 데드타임 및 전류 측정에 따른 옵셋 오차의 영향으로 인하여 출력전압에 직류, 전원주파수의 1배, 2배, 3배 및 4배 고조파를 야기함을 확인할 수 있다. 따라서 상전류에도 계통 전압과 동일한 차수의 고조파가 발생하게 된다. 이러한 고조파로 인한 상전류 왜곡을 저감하기 위하여 본 논문에서는 옵셋 오차 성분만을 고려하여 검출 및 보상하는 연구를 수행하고자 한다.</p>",
                "context_length": 3163,
                "clue": [
                    {
                        "clue_text": "PI 전류제어기의 출력을 수식적으로 나타내어 분석하기 위해 적분기의 출력 신호만을 계산함으로써 상전류에 포함된 고조파성분을 보다 간편하게 표현 가능하다.",
                        "clue_start": "94",
                        "clue_end": "179"
                    },
                    {
                        "clue_text": "동기 좌표계 dq 축 전류에 대한 PI 전류제어기의 출력은 좌표변환 후 출력전압의 기준 신호로 사용된다.",
                        "clue_start": "35",
                        "clue_end": "93"
                    },
                    {
                        "clue_text": "이러한 고조파로 인한 상전류 왜곡을 저감하기 위하여 본 논문에서는 옵셋 오차 성분만을 고려하여 검출 및 보상하는 연구를 수행하고자 한다.",
                        "clue_start": "3083",
                        "clue_end": "3159"
                    },
                    {
                        "clue_text": "식 (10)과 식 (12)로부터 상전류에 포함된 데드타임 및 전류 측정에 따른 옵셋 오차의 영향으로 인하여 출력전압에 직류, 전원주파수의 1배, 2배, 3배 및 4배 고조파를 야기함을 확인할 수 있다.",
                        "clue_start": "2931",
                        "clue_end": "3043"
                    }
                ],
                "terminology": [
                    {
                        "word": "PI"
                    },
                    {
                        "word": "PI 전류제어기"
                    },
                    {
                        "word": "dq"
                    },
                    {
                        "word": "dq축"
                    },
                    {
                        "word": "dq축 전류"
                    },
                    {
                        "word": "고조파"
                    },
                    {
                        "word": "고조파성분"
                    },
                    {
                        "word": "기준 신호"
                    },
                    {
                        "word": "데드타임"
                    },
                    {
                        "word": "동기 좌표계"
                    },
                    {
                        "word": "상전류"
                    },
                    {
                        "word": "옵셋"
                    },
                    {
                        "word": "옵셋 오차"
                    },
                    {
                        "word": "적분기"
                    },
                    {
                        "word": "적분기의 출력"
                    },
                    {
                        "word": "전류"
                    },
                    {
                        "word": "전원주파수"
                    },
                    {
                        "word": "정지 좌표계"
                    },
                    {
                        "word": "좌표계"
                    },
                    {
                        "word": "좌표변환"
                    },
                    {
                        "word": "직류"
                    },
                    {
                        "word": "출력전압"
                    }
                ]
            },
            {
                "context_id": "55e-0c9-a882229b-845f-4f9f-9976-1460356d4e2a",
                "context_K-NSCC": {
                    "field": "인공물",
                    "large_category": "ED",
                    "medium_category": "05"
                },
                "context": "<h1>6. 실 험</h1> <p>본 논문에서 제안한 단상 계통연계형 인버터의 전류 맥동 저감 알고리즘의 효용성을 검증하기 위해 그림 10과 같은 시스템을 구성하여 실험을 수행하였으며 제어부는 TMS320VC33을 사용하여 구성하였다.</p> <p>그림 11은 실험이 수행된 \\( 3 \\mathrm{~kW} \\)급 계통 연계형 인버터의 실험세트이며 실험에 사용된 실험장치의 사양은 표 1에 나타내었다. 계통 전압 및 주파수는 \\( 220 \\mathrm{~V}, 60 \\mathrm{~Hz} \\)로 인가하였으며, 스위칭 주파수는 \\( 10 \\mathrm{kHz} \\)로 설정하였다. 직류단 커패시터의 용량은 \\( 5240 \\mathrm{uF} \\), 리액터 인덕턴스의 용량은 \\( 5 \\mathrm{mH} \\)로 사용하였다.</p> <p>그림 12와 그림 13은 인버터 동작 시 데드타임 영향에 의해 왜곡된 상전류와 동기 좌표계 dq축 전류의 파형 및 FFT 분석결과를 나타내고 있다. 그림 12에서 데드타임에 의해 상전류에 전원 주파수의 홀수차 고조파가 발생하는 것을 보인다. 그림 13는 상전류를 좌표변환한 동기 좌표계 dq축 전류를 나타내며 상전류의 홀수차 고조파에 의한 2배 고조파가 발생하는 것을 알 수 있다.</p> <p>그림 14와 그림 15는 상전류의 \\( 2 \\% \\)에 해당하는 옵셋 오차를 인가하여 왜곡된 전류 정보로 동기 좌표계 PI 전류제어를 수행할 경우 상전류의 파형 및 동기 좌표계 dq축 전류의 파형을 나타내고 있으며 각각에 대한 FFT 결과를 아래에 나타내고 있다.</p> <p>그림 14는 상전류 및 FFT 분석결과이며 시뮬레이션 결과와 마찬가지로 데드타임과 옵셋 오차로 인하여 상전류에 직류 성분과 전원 주파수의 1배, 2배, 3배 및 4배 고조파가 나타나는 것을 알 수 있으며 이는 식 (10)과 식 (12)와도 동일한 결과를 나타낸다.</p> <p>그림 15는 동기 좌표계 dq축 전류 및 FFT 분석결과를 보여준다. 동기 좌표계 dq축 전류에는 전원 주파수의 1배, 2배 및 3배 맥동이 존재하며 이는 식(6)과 식 (8)의 결과와 동일함을 알 수 있다.</p> <p>그림 16와 그림 17은 제안된 전류맥동 저감 알고리즘을 적용한 경우 상전류 및 동기 좌표계 dq축 전류의 실험 파형이다. 그림 16의 상전류의 FFT 결과에 의해 상전류에는 보상 전과 비교하여 맥동성분이 크게 감소함을 보이고 있다. 그림 16의 동기 좌표계 dq축 전류 또한 FFT 결과를 통해 보상 전과 비교하여 고조파의 영향이 줄어듦을 알 수 있다. 옵셋 오차의 영향으로 인해 발생하는 1차 및 3차 고조파에 대한 2 개의 PR 제어기를 사용하여 보상한 결과, 동기 좌표계 dq축 전류에 데드타임에 의한 2차 고조파는 여전히 존재하고 있지만 옵셋 오차로 인한 상전류의 전류맥동은 크게 저감됨을 확인할 수 있다.</p>",
                "context_length": 1415,
                "clue": [
                    {
                        "clue_text": "본 논문에서 제안한 단상 계통연계형 인버터의 전류 맥동 저감 알고리즘의 효용성을 검증하기 위해 그림 10과 같은 시스템을 구성하여 실험을 수행하였으며 제어부는 TMS320VC33을 사용하여 구성하였다.",
                        "clue_start": "19",
                        "clue_end": "131"
                    },
                    {
                        "clue_text": "그림 16와 그림 17은 제안된 전류맥동 저감 알고리즘을 적용한 경우 상전류 및 동기 좌표계 dq축 전류의 실험 파형이다.",
                        "clue_start": "1067",
                        "clue_end": "1135"
                    },
                    {
                        "clue_text": "그림 16의 상전류의 FFT 결과에 의해 상전류에는 보상 전과 비교하여 맥동성분이 크게 감소함을 보이고 있다.",
                        "clue_start": "1136",
                        "clue_end": "1197"
                    },
                    {
                        "clue_text": "그림 16의 동기 좌표계 dq축 전류 또한 FFT 결과를 통해 보상 전과 비교하여 고조파의 영향이 줄어듦을 알 수 있다.",
                        "clue_start": "1198",
                        "clue_end": "1265"
                    },
                    {
                        "clue_text": "옵셋 오차의 영향으로 인해 발생하는 1차 및 3차 고조파에 대한 2 개의 PR 제어기를 사용하여 보상한 결과, 동기 좌표계 dq축 전류에 데드타임에 의한 2차 고조파는 여전히 존재하고 있지만 옵셋 오차로 인한 상전류의 전류맥동은 크게 저감됨을 확인할 수 있다.",
                        "clue_start": "1266",
                        "clue_end": "1411"
                    }
                ],
                "terminology": [
                    {
                        "word": "FFT"
                    },
                    {
                        "word": "FFT 결과"
                    },
                    {
                        "word": "FFT 분석결과"
                    },
                    {
                        "word": "PI"
                    },
                    {
                        "word": "PI 전류제어"
                    },
                    {
                        "word": "PR"
                    },
                    {
                        "word": "PR 제어기"
                    },
                    {
                        "word": "dq축"
                    },
                    {
                        "word": "dq축 전류"
                    },
                    {
                        "word": "계통 전압"
                    },
                    {
                        "word": "계통연계형"
                    },
                    {
                        "word": "계통연계형 인버터"
                    },
                    {
                        "word": "고조파"
                    },
                    {
                        "word": "단상 계통연계형"
                    },
                    {
                        "word": "단상 계통연계형 인버터"
                    },
                    {
                        "word": "데드타임"
                    },
                    {
                        "word": "동기 좌표계"
                    },
                    {
                        "word": "리액터"
                    },
                    {
                        "word": "리액터 인덕턴스"
                    },
                    {
                        "word": "맥동"
                    },
                    {
                        "word": "맥동성분"
                    },
                    {
                        "word": "상전류"
                    },
                    {
                        "word": "스위칭"
                    },
                    {
                        "word": "스위칭 주파수"
                    },
                    {
                        "word": "시뮬레이션"
                    },
                    {
                        "word": "알고리즘"
                    },
                    {
                        "word": "연계형 인버터"
                    },
                    {
                        "word": "옵셋"
                    },
                    {
                        "word": "옵셋 오차"
                    },
                    {
                        "word": "와도"
                    },
                    {
                        "word": "인덕턴스"
                    },
                    {
                        "word": "인버터 동작"
                    },
                    {
                        "word": "전류"
                    },
                    {
                        "word": "전류 맥동 저감 알고리즘"
                    },
                    {
                        "word": "전류 정보"
                    },
                    {
                        "word": "전류맥동"
                    },
                    {
                        "word": "전원 주파수"
                    },
                    {
                        "word": "제어기"
                    },
                    {
                        "word": "제어부"
                    },
                    {
                        "word": "좌표계"
                    },
                    {
                        "word": "좌표변환"
                    },
                    {
                        "word": "주파수"
                    },
                    {
                        "word": "직류"
                    },
                    {
                        "word": "직류단"
                    },
                    {
                        "word": "직류단 커패시터"
                    },
                    {
                        "word": "커패시터"
                    },
                    {
                        "word": "파형"
                    },
                    {
                        "word": "홀수차"
                    },
                    {
                        "word": "홀수차 고조파"
                    }
                ]
            },
            {
                "context_id": "55e-0c9-84646a8c-def4-4be4-9454-62fa71b7d30a",
                "context_K-NSCC": {
                    "field": "인공물",
                    "large_category": "ED",
                    "medium_category": "05"
                },
                "context": "<h1>2. 데드타임의 영향</h1> <p>전압형 인버터의 경우 동일한 레그의 두 스위치는 서로 상보적인 동작을 해야한다. 하지만 실제 게이팅 신호 전달시 발생하는 시간 지연과 스위칭 소자의 온-오프 동작시간에 의하여 두 스위치가 동시에 도통되어 단락 사고를 일으킬 위험이 있다. 그러므로 한 레그의 스위치가 턴-오프 되고 일정시간 경과 후에 동일 레그의 다른 스위치를 턴-온 하여 단락을 방지하게 되며, 이 때 지연된 시간을 데드타임이라고 한다.</p> <p>그림 3은 인버터의 게이팅 시퀀스에 따른 데드타임과 스위칭 소자의 턴-온, 턴-오프 지연 시간에 의한 인버터의 전압 오차를 나타낸다. \\( S_{a} \\) 턴-오프, \\( \\overline{S_{a}} \\) 턴-온 시 턴-오프 시간인 \\( T_{o f f} \\) 로 인하여 전압 오차가 발생한다. 또한 \\( \\overline{S_{a}} \\) 턴-오프, \\( S_{a} \\) 턴-온 시 턴-온 시간 \\( T_{\\text {on }} \\)과 데드타임 \\( T_{d} \\)에 의하여 전압 오차가 발생한다. 따라서 샘플링 주기 \\( T_{s} \\)에서 상전류 \\( i_{s} \\)의 방향에 따른 평균적인 왜곡 전압 \\( \\Delta V_{s} \\)는 식 (1)과 같이 나타낼 수 있다.</p> <p>\\( \\Delta V_{s}=\\frac{-T_{d}-T_{o n}+T_{o f f}}{2 T_{s}} V_{d c}, i_{s}>0 \\)</p> <p>\\( \\Delta V_{s}=\\frac{T_{d}+T_{o n}+T_{o f f}}{2 T_{s}} V_{d c}, \\quad i_{s}<0 \\)<caption>(1)</caption></p> <p>그림 4는 상전류 파형과 데드타임 및 스위칭 소자의 턴-온, 턴-오프에 의해 왜곡된 전압의 평균값을 나타내고 있다. 퓨리에 변환을 이용하여 왜곡된 전압 \\( V_{s_{-} d i s} \\)을 나타내면 식 (2)와 같다.</p> <p>\\( V_{s_{-} d i s}=\\frac{4 \\Delta V_{s}}{\\pi} \\sum_{n=1,3,5,7 \\ldots}^{\\infty} \\frac{1}{n} \\sin \\left(n \\omega_{0} t\\right) \\) \\( =\\frac{4 \\Delta V_{s}}{\\pi}\\left[\\sin \\left(\\omega_{0} t\\right)+\\frac{1}{3} \\sin \\left(3 \\omega_{0} t\\right)+\\frac{1}{5} \\sin \\left(5 \\omega_{0} t\\right)+\\cdots\\right] \\)<caption>(2)</caption></p> <p>식 (2)의 왜곡된 전압정보를 이용하여 부하 임피던스 \\( Z_{L n} \\)과 부하 임피던스각 \\( \\psi_{n} \\)를 고려한 상전류 \\( i_{s_{-} d i s} \\)를 나타내면 식 (3)과 같다.</p> <p>\\( i_{s_{-} d i s}=\\frac{4 \\Delta V_{s}}{\\pi} \\sum_{n=1,3,5,7}^{\\infty} \\frac{1}{n Z_{L n}} \\sin \\left(n \\omega_{0} t-\\psi_{n}\\right) \\) \\( =\\frac{4 \\Delta V_{s}}{\\pi}\\left[\\frac{\\sin \\left(\\omega_{0} t-\\psi_{1}\\right)}{Z_{L 1}}+\\frac{\\sin \\left(3 \\omega_{0} t-\\psi_{3}\\right)}{3 Z_{L 3}}\\right] \\) \\( +\\frac{4 \\Delta V_{s}}{\\pi}\\left[\\frac{\\sin \\left(5 \\omega_{0} t-\\psi_{5}\\right)}{5 Z_{L 5}}+\\frac{\\sin \\left(7 \\omega_{0} t-\\psi_{7}\\right)}{7 Z_{L 7}}+\\cdots\\right] \\)<caption>(3)</caption></p> <p>여기서</p> <p>\\( Z_{L}=\\left|R+j n \\omega_{0} L\\right|=\\sqrt{R^{2}+\\left(n \\omega_{0} L\\right)^{2}} \\)</p> <p>\\( \\psi_{n}=\\tan ^{-1} \\frac{n \\omega_{0} L}{R},(n=1,3,5,9 \\ldots) \\)</p> <p>식 (3)으로부터 데드타임의 영향에 의해 인버터 출력 전압에 왜곡이 발생하고 이로 인해 상전류에 전원 주파수의 홀수차 고조파가 야기된다.</p>",
                "context_length": 2191,
                "clue": [
                    {
                        "clue_text": "하지만 실제 게이팅 신호 전달시 발생하는 시간 지연과 스위칭 소자의 온-오프 동작시간에 의하여 두 스위치가 동시에 도통되어 단락 사고를 일으킬 위험이 있다.",
                        "clue_start": "69",
                        "clue_end": "156"
                    },
                    {
                        "clue_text": "그러므로 한 레그의 스위치가 턴-오프 되고 일정시간 경과 후에 동일 레그의 다른 스위치를 턴-온 하여 단락을 방지하게 되며, 이 때 지연된 시간을 데드타임이라고 한다.",
                        "clue_start": "157",
                        "clue_end": "250"
                    },
                    {
                        "clue_text": "그림 3은 인버터의 게이팅 시퀀스에 따른 데드타임과 스위칭 소자의 턴-온, 턴-오프 지연 시간에 의한 인버터의 전압 오차를 나타낸다.",
                        "clue_start": "258",
                        "clue_end": "332"
                    },
                    {
                        "clue_text": "그림 4는 상전류 파형과 데드타임 및 스위칭 소자의 턴-온, 턴-오프에 의해 왜곡된 전압의 평균값을 나타내고 있다.",
                        "clue_start": "841",
                        "clue_end": "905"
                    },
                    {
                        "clue_text": "식 (3)으로부터 데드타임의 영향에 의해 인버터 출력 전압에 왜곡이 발생하고 이로 인해 상전류에 전원 주파수의 홀수차 고조파가 야기된다.",
                        "clue_start": "2111",
                        "clue_end": "2187"
                    }
                ],
                "terminology": [
                    {
                        "word": "게이팅"
                    },
                    {
                        "word": "게이팅 시퀀스"
                    },
                    {
                        "word": "게이팅 신호"
                    },
                    {
                        "word": "고조파"
                    },
                    {
                        "word": "데드타임"
                    },
                    {
                        "word": "부하 임피던스"
                    },
                    {
                        "word": "부하 임피던스각"
                    },
                    {
                        "word": "상전류"
                    },
                    {
                        "word": "스위치"
                    },
                    {
                        "word": "스위칭"
                    },
                    {
                        "word": "스위칭 소자"
                    },
                    {
                        "word": "시퀀스"
                    },
                    {
                        "word": "온-오프 동작시간"
                    },
                    {
                        "word": "왜곡 전압"
                    },
                    {
                        "word": "인버터 출력 전압"
                    },
                    {
                        "word": "임피던스"
                    },
                    {
                        "word": "전압형"
                    },
                    {
                        "word": "전압형 인버터"
                    },
                    {
                        "word": "전원 주파수"
                    },
                    {
                        "word": "주파수"
                    },
                    {
                        "word": "지연 시간"
                    },
                    {
                        "word": "출력 전압"
                    },
                    {
                        "word": "턴-오프 지연 시간"
                    },
                    {
                        "word": "턴-온 시간"
                    },
                    {
                        "word": "퓨리에 변환"
                    },
                    {
                        "word": "홀수차"
                    },
                    {
                        "word": "홀수차 고조파"
                    }
                ]
            },
            {
                "context_id": "55e-0c9-76a6dc40-9850-494a-94b1-6855e7704dc7",
                "context_K-NSCC": {
                    "field": "인공물",
                    "large_category": "ED",
                    "medium_category": "05"
                },
                "context": "<h1>3. 전류측정오차의 영향</h1> <h2>3.1 동기 좌표계에서 옵셋 오차의 영향</h2> <p>일반적으로 상전류는 전류센서, 아날로그 소자 그리고 A/D 컨버터의 순서에 의해서 측정되는데, 이러한 상전류 측정경로상의 비선형적인 특성으로 인하여 옵셋 및 스케일 오차가 불가피하게 발생한다. 이로 인해 상전류에 맥동이 발생하여 시스템의 성능을 저하시킨다. 그러나 단상 시스템에서 스케일 오차는 상전류 리플에 영향을 주지 않기 때문에 고려하지 않는다. 옵셋 오차와 데드타임이 상전류에 미치는 영향을 수식적으로 증명하기 위해 H-브릿지 인버터의 데드타임으로 인해 상전류에 발생되는 홀수차 고조파 성분을 1차와 3차 고조파로 나누어 나타내었으며 전역 통과필터를 통과한 정지 좌표계 dq축 전류는 식 (4)와 같다. 제 5차 고조파 이상의 홀수차 고조파에 대한 영향은 비교적 적기 때문에 고려하지 않았다.</p> <p>\\( \\left[\\begin{array}{l}i_{d_{d} d i s}^{s} \\\\ i_{q_{-} d i s}^{s}\\end{array}\\right]=\\left[\\begin{array}{l}i_{d_{-} 1}^{s}+i_{d_{-} 3}^{s} \\\\ i_{q_{-} 1}^{s}+i_{q_{-} 3}^{s}\\end{array}\\right] \\)<caption>(4)</caption></p> <p>식 (4)로부터 데드타임에 의한 1차 고조파가 포함된 정지 좌표계 dq축 전류 \\( i_{d q_{-} 1} \\)는 식 (5)와 같다.</p> <p>\\( \\left[\\begin{array}{c}i_{d_{1} 1}^{s} \\\\ i_{q_{-}}^{s}\\end{array}\\right]=\\left[\\begin{array}{c}-I_{m_{-} 1} \\sin \\theta_{g} \\\\ I_{m_{-} 1} \\cos \\theta_{g}\\end{array}\\right] \\)<caption>(5)</caption></p> <p>\\( \\theta_{g} \\)는 전원 위상각이고 \\( \\hat{\\theta}_{g} \\)는 추정된 전원 위상각이다. 옵셋 오차 \\( \\Delta_{d c} \\)가 포함된 데드타임에 의한 1차 고조파를 좌표변환하면 동기 좌표계 dq축 전류는 식 (6)과 같이 표현된다.</p> <p>\\( \\left[\\begin{array}{c}i_{d_{-} 1}^{e} \\\\ i_{q_{-} 1}^{e}\\end{array}\\right]=\\left[\\begin{array}{c}\\cos \\hat{\\theta}_{g}+\\Delta_{d c} / 2 \\sin \\hat{\\theta}_{g}+\\Delta_{d c} / 2 \\\\ -\\sin \\hat{\\theta}_{g}+\\Delta_{d c} / 2 \\cos \\hat{\\theta}_{g}+\\Delta_{d c} / 2\\end{array}\\right]\\left[\\begin{array}{l}i_{d_{-} 1}^{s} \\\\ i_{q_{-} 1}^{s}\\end{array}\\right] \\) \\( =\\left[\\begin{array}{c}I_{m_{-} 1} \\Delta_{d c} / 2\\left(\\cos \\hat{\\theta}_{g}-\\sin \\hat{\\theta}_{g}\\right) \\\\ I_{m_{-} 1}+I_{m_{-} 1} \\Delta_{d c} / 2\\left(\\cos \\hat{\\theta}_{g}-\\sin \\hat{\\theta}_{g}\\right)\\end{array}\\right] \\)<caption>(6)</caption></p> <p>식 (6)에서와 같이, 옵셋 오차는 동기 좌표계 dq축 전류에 옵셋 오차가 포함된 전원 주파수의 1배 고조파 성분을 야기한다. 데드타임에 의한 3차 고조파에 대한 정지 좌표계 dq축 전류는 식 (7)과 같다.</p> <p>\\( \\left[\\begin{array}{c}i_{d_{3} 3}^{s} \\\\ i_{q_{-} 3}^{s}\\end{array}\\right]=\\left[\\begin{array}{c}-I_{m_{-} 3} \\sin 3 \\theta_{g} \\\\ I_{m_{-} 3} \\cos 3 \\theta_{g}\\end{array}\\right] \\)<caption>(7)</caption></p> <p>식 (7)에서 옵셋 오차를 고려하여 좌표 변환 시 동기 좌표계 dq축 전류는 식 (8)과 같이 표현할 수 있다.</p> <p>\\( \\left[\\begin{array}{l}i_{d_{-} 3}^{e} \\\\ i_{q_{-} 3}^{e}\\end{array}\\right]=\\left[\\begin{array}{cc}\\cos \\hat{\\theta}_{g}+\\Delta_{d c} / 2 \\sin \\hat{\\theta}_{g}+\\Delta_{d c} / 2 \\\\ -\\sin \\hat{\\theta}_{g}+\\Delta_{d c} / 2 \\cos \\hat{\\theta}_{g}+\\Delta_{d c} / 2\\end{array}\\right]\\left[\\begin{array}{c}i_{d_{-} 3}^{s} \\\\ i_{q_{-} 3}^{s}\\end{array}\\right] \\) \\( =\\left[\\begin{array}{l}I_{m_{-} 3} \\sin 2 \\hat{\\theta}_{g}+I_{m_{-} 3} \\Delta_{d c} / 2\\left(-\\sin 3 \\hat{\\theta}_{g}+\\cos 3 \\hat{\\theta}_{g}\\right) \\\\ I_{m_{-} 3} \\cos 2 \\hat{\\theta}_{g}+I_{m_{-} 3} \\Delta_{d c} / 2\\left(-\\sin 3 \\hat{\\theta}_{g}+\\cos 3 \\hat{\\theta}_{g}\\right)\\end{array}\\right] \\)<caption>(8)</caption></p> <p>동기 좌표계에서 이상적인 전류신호가 입력되는 경우, d축 전류에는 \\( 0 \\mathrm{~A}\\), q축 전류에는 직류 성분만 나타는 반면, 식 (6)과 식 (8)로부터 데드타임과 옵셋 오차에 의해 동기 좌표계 dq축 전류에 1차 및 3차 고조파 성분이 발생하는 것을 알 수 있다.</p>",
                "context_length": 3003,
                "clue": [
                    {
                        "clue_text": "동기 좌표계에서 이상적인 전류신호가 입력되는 경우, d축 전류에는 \\( 0 \\mathrm{~A}\\), q축 전류에는 직류 성분만 나타는 반면, 식 (6)과 식 (8)로부터 데드타임과 옵셋 오차에 의해 동기 좌표계 dq축 전류에 1차 및 3차 고조파 성분이 발생하는 것을 알 수 있다.",
                        "clue_start": "2841",
                        "clue_end": "2999"
                    }
                ],
                "terminology": [
                    {
                        "word": "3차 고조파 성분"
                    },
                    {
                        "word": "A/D"
                    },
                    {
                        "word": "A/D 컨버터"
                    },
                    {
                        "word": "H-브릿지"
                    },
                    {
                        "word": "H-브릿지 인버터"
                    },
                    {
                        "word": "dq축"
                    },
                    {
                        "word": "dq축 전류"
                    },
                    {
                        "word": "d축 전류"
                    },
                    {
                        "word": "q축 전류"
                    },
                    {
                        "word": "고조파"
                    },
                    {
                        "word": "고조파 성분"
                    },
                    {
                        "word": "단상 시스템"
                    },
                    {
                        "word": "데드타임"
                    },
                    {
                        "word": "동기 좌표계"
                    },
                    {
                        "word": "맥동"
                    },
                    {
                        "word": "상전류"
                    },
                    {
                        "word": "상전류 리플"
                    },
                    {
                        "word": "스케일 오차"
                    },
                    {
                        "word": "아날로그 소자"
                    },
                    {
                        "word": "옵셋"
                    },
                    {
                        "word": "옵셋 오차"
                    },
                    {
                        "word": "위상각"
                    },
                    {
                        "word": "인버터의 데드타임"
                    },
                    {
                        "word": "전류"
                    },
                    {
                        "word": "전류센서"
                    },
                    {
                        "word": "전류측정오차"
                    },
                    {
                        "word": "전역 통과필터"
                    },
                    {
                        "word": "전원 위상각"
                    },
                    {
                        "word": "전원 주파수"
                    },
                    {
                        "word": "정지 좌표계"
                    },
                    {
                        "word": "정지 좌표계 dq축 전류"
                    },
                    {
                        "word": "좌표 변환"
                    },
                    {
                        "word": "좌표계"
                    },
                    {
                        "word": "주파수"
                    },
                    {
                        "word": "직류"
                    },
                    {
                        "word": "컨버터"
                    },
                    {
                        "word": "홀수차 고조파"
                    }
                ]
            }
        ]
    }
}