{
    "dataset_info": {
        "identifier": "02-031-002-NL",
        "name": "기술과학 문서 요약 데이터",
        "category": "자연어",
        "last_updated": "2023-08-30"
    },
    "dataset": {
        "doc_id": "034b7f4e-61db57e9-238f-4678-b414-f5cb86c8ae11",
        "doc_type": "논문",
        "doc_title": {
            "kor": "마이크로 변위제어 시스템의 압전 액츄에이터 구동을 위한 스위칭 증폭기 성능 분석",
            "eng": ""
        },
        "doc_category": {
            "KDC": "560.5",
            "DDC": ""
        },
        "doc_number": {
            "ISSN": "1229-2214",
            "ISBN": "",
            "DOI": "",
            "UCI": ""
        },
        "doc_year": "2009",
        "doc_author": [
            "박종후",
            "백종복",
            "조보형",
            "최성진"
        ],
        "doc_publisher": "전력전자학회",
        "doc_license": "CC BY-NC",
        "context_info": [
            {
                "context_id": "55e-0c9-merge_ed_034b7f4e-61db57e9-238f-4678-b414-f5cb86c8ae11_04",
                "context_K-NSCC": {
                    "field": "인공물",
                    "large_category": "ED",
                    "medium_category": "11"
                },
                "context": "<h2>3.2 실험결과</h2> <p>그림 7은 선형성 평가를 위한 하드웨어 테스트 결과를 보여준다. 액츄에이터를 정현파 형태로 구동시킨 후, 출력 전류와 변위의 주파수 성분을 살펴보았다. 그 림 7(a)를 보면, 출력 전류 파형은 전류 되먹임을 통하여 \\( 100 \\mathrm { mHz } \\) 의 정현파 기준치를 잘 추종하고 있는 것을 알 수 있다. 파형의 푸리에 변환을 수행한 결과, 그림에서 나타난 것과 같이 총 왜곡율은 2 차 및 3 차 고조파를 합산하여 \\( -40 \\mathrm { dBV } (=1 \\%) \\) 이하이다. 이 때, 그림 10(b)에 나타난 것처럼 변위파형도 총 왜곡률이 \\( 52 \\mathrm { ~dB } ( \\approx 0.25 \\%) \\) 로서 매우 선형적인 것을 알 수 있다. 이는 전하량 제어가 변위와의 선형적 관계에 의해서 간접 제어임에도 불구하고 높은 정밀도로 제어가 가능함을 보여주는 것이다.</p> <h2>3.3 변위 되먹임 제어</h2> <p>위에서 살펴본 전하 제어방식과 비교하기 위하여, 마이크로 변위제어 시스템에 있어서 가장 직접적인 방법인 변위 자체를 측정하여 제어하는 방법을 살펴본다. 그림 8 에 변위 되먹임 제어를 구현한 하드웨어 구성도를 보여준다. 액츄에이터의 변위 정보는 유도성 프루브 센서에 의해서 샘플링되고, 이 값을 디지털 위치표시계를 통하여 나타낸다. 이 정보는 또한 RS232 / USB 포토 통신으로 중앙 컴퓨터에 실시간 저장된다. 그림 9 에 변위 되먹임 제어 실험을 위한 장비구성이 나와 있다. 액츄에이터의 변위는 고정밀도 LVDT 프루브 센서 및 디지털 미터(millimar 1240, Mahr사)에 의해서 측정되었다. 디지털 미터와 컴퓨터 사이의 직렬통신을 위한 프로그램은 \\( 0.01 \\) 초의 샘플링 속도를 가지고 MATLAB으로 작성되었다. 이 데이터는 외부의 전압원을 통해서 자체 제작된 증폭기에게 전해진다. 이 class-D 전력 증폭기는 양전원 바이어스로 \\( 140 \\mathrm { V } \\) 를 가지며, 히스테리시스를 고려하여 음전원 바이어스로는 \\( -35 \\mathrm { V } \\) 를 가진다.</p> <p>그림 10은 하드웨어 실험 결과를 보여준다. 그림 10(a)에서 변위 파형을 보면, 변위 되먹임으로 인하여 정현파 기준치를 잘 추종하는 것을 알 수 있다. 주파수 성분을 보게 되면, 충 왜곡율은 \\( -40 \\mathrm { dBV } (=1 \\%) \\) 이하가 됨을 알 수 있다. 마찬가지로, 그림 10 (b)에 변위량을 좀 더 증가시킨 후 실험한 결과가 나와 있다. 이때는 히스테리시스의 증가로 인하여 총 왜곡율이 약- \\( 38 \\mathrm { ~dB } ( \\approx 1.26 \\%) \\) 로 증가한 것을 알 수 있다. 이는 변위 되먹임 제어루프 구성시 디지털 미터 출력 및 컴퓨터에서의 신호 처리에서 오는 지연시간(propagation delay)이 크기 때문에, 안정성을 해치지 않는 범위 내에서 루프의 이득 및 대역폭을 높게 가져갈 수 없기 때문이다 (그림 8 참조). 따라서, 직접 변위 제어 방식으로 구성한 시스템의 한계를 뛰어넘기 위해서는 좀더 고가의 디지털 처리 프로세서를 사용하여야 한다. 이러한 직접 제어는 시스템 규모가 크거나, 가격적인 면이 민감하지 않은 응용에 적합할 것으로 예상된다.</p>",
                "context_length": 1651,
                "clue": [
                    {
                        "clue_text": "그림 7은 선형성 평가를 위한 하드웨어 테스트 결과를 보여준다.",
                        "clue_start": "21",
                        "clue_end": "56"
                    },
                    {
                        "clue_text": "액츄에이터를 정현파 형태로 구동시킨 후, 출력 전류와 변위의 주파수 성분을 살펴보았다.",
                        "clue_start": "57",
                        "clue_end": "105"
                    },
                    {
                        "clue_text": "이는 전하량 제어가 변위와의 선형적 관계에 의해서 간접 제어임에도 불구하고 높은 정밀도로 제어가 가능함을 보여주는 것이다.",
                        "clue_start": "404",
                        "clue_end": "472"
                    },
                    {
                        "clue_text": "위에서 살펴본 전하 제어방식과 비교하기 위하여, 마이크로 변위제어 시스템에 있어서 가장 직접적인 방법인 변위 자체를 측정하여 제어하는 방법을 살펴본다.",
                        "clue_start": "503",
                        "clue_end": "587"
                    },
                    {
                        "clue_text": "그 림 7(a)를 보면, 출력 전류 파형은 전류 되먹임을 통하여 \\( 100 \\mathrm { mHz } \\) 의 정현파 기준치를 잘 추종하고 있는 것을 알 수 있다.",
                        "clue_start": "106",
                        "clue_end": "199"
                    }
                ],
                "terminology": [
                    {
                        "word": "LVDT"
                    },
                    {
                        "word": "MATLAB"
                    },
                    {
                        "word": "class-D"
                    },
                    {
                        "word": "class-D 전력 증폭기"
                    },
                    {
                        "word": "delay"
                    },
                    {
                        "word": "propagation"
                    },
                    {
                        "word": "propagation delay"
                    },
                    {
                        "word": "고정밀도"
                    },
                    {
                        "word": "고정밀도 LVDT 프루브 센서"
                    },
                    {
                        "word": "고조파"
                    },
                    {
                        "word": "대역폭"
                    },
                    {
                        "word": "되먹임"
                    },
                    {
                        "word": "되먹임 제어"
                    },
                    {
                        "word": "디지털 미터"
                    },
                    {
                        "word": "디지털 미터 출력"
                    },
                    {
                        "word": "디지털 위치표시계"
                    },
                    {
                        "word": "디지털 처리 프로세서"
                    },
                    {
                        "word": "루프의 이득"
                    },
                    {
                        "word": "마이크로 변위제어 시스템"
                    },
                    {
                        "word": "바이어스"
                    },
                    {
                        "word": "변위 되먹임"
                    },
                    {
                        "word": "변위 되먹임 제어"
                    },
                    {
                        "word": "변위 되먹임 제어 실험"
                    },
                    {
                        "word": "변위 파형"
                    },
                    {
                        "word": "변위량"
                    },
                    {
                        "word": "변위제어"
                    },
                    {
                        "word": "샘플링 속도"
                    },
                    {
                        "word": "선형성"
                    },
                    {
                        "word": "선형성 평가"
                    },
                    {
                        "word": "선형적 관계"
                    },
                    {
                        "word": "센서"
                    },
                    {
                        "word": "액츄에이터"
                    },
                    {
                        "word": "액츄에이터의 변위"
                    },
                    {
                        "word": "양전원"
                    },
                    {
                        "word": "양전원 바이어스"
                    },
                    {
                        "word": "왜곡율"
                    },
                    {
                        "word": "외부의 전압원"
                    },
                    {
                        "word": "유도성 프루브 센서"
                    },
                    {
                        "word": "음전원"
                    },
                    {
                        "word": "음전원 바이어스"
                    },
                    {
                        "word": "전력 증폭기"
                    },
                    {
                        "word": "전류"
                    },
                    {
                        "word": "전류 되먹임"
                    },
                    {
                        "word": "전압원"
                    },
                    {
                        "word": "전하량"
                    },
                    {
                        "word": "전하량 제어"
                    },
                    {
                        "word": "정밀도"
                    },
                    {
                        "word": "정현파"
                    },
                    {
                        "word": "정현파 기준치"
                    },
                    {
                        "word": "정현파 형태"
                    },
                    {
                        "word": "제어루프"
                    },
                    {
                        "word": "주파수"
                    },
                    {
                        "word": "주파수 성분"
                    },
                    {
                        "word": "중앙 컴퓨터"
                    },
                    {
                        "word": "증폭기"
                    },
                    {
                        "word": "직렬통신"
                    },
                    {
                        "word": "직접 변위 제어"
                    },
                    {
                        "word": "직접 변위 제어 방식"
                    },
                    {
                        "word": "차 고조파"
                    },
                    {
                        "word": "총 왜곡률"
                    },
                    {
                        "word": "총 왜곡율"
                    },
                    {
                        "word": "출력 전류 파형"
                    },
                    {
                        "word": "파형"
                    },
                    {
                        "word": "푸리에 변환"
                    },
                    {
                        "word": "프로세서"
                    },
                    {
                        "word": "프루브"
                    },
                    {
                        "word": "하드웨어"
                    },
                    {
                        "word": "히스테리시스"
                    }
                ]
            },
            {
                "context_id": "55e-0c9-merge_ed_034b7f4e-61db57e9-238f-4678-b414-f5cb86c8ae11_03",
                "context_K-NSCC": {
                    "field": "인공물",
                    "large_category": "ED",
                    "medium_category": "11"
                },
                "context": "<h1>3. 전하량 제어방식</h1> <h2>3.1 기본원리</h2> <p>전 장에서, 정밀 변위제어 시스템에서 압전의 히스테리시스 특성이 선형성에 어떻게 영향을 주는 지 살펴보았다. 궁극적으로 변위는 표 1 에 나타난 것과 마찬가지로 전하량에 대응하므로, 전하량을 측정하여 변위를 제어하는 방법이 가능하다. 본 장에서는 이러한 전하 제어 방법을 증폭기에 적용하여 압전 액츄에이터의 선형 동작 성능을 살펴본다. 위에서 언급한대로, 변위는 히스테라시스와 상관없이 전하량과 비례하는 관계를 가진다. 따라서, 기존의 논문에서는 압전에 축적된 전하량을 앝기 위해서 그림 6(a)와 같이 외부에 직렬로 커패시터를 놓고 커패시터의 전압을 측정하였다. 커패시터 전압과 전하량과의 관계는 식 (1) 에 나와 있다.</p> <p>\\( V(t)= \\frac { 1 } { C } \\cdot Q(t)= \\frac { 1 } { C } \\int_ { 0 } ^ { t } i( \\tau) d \\tau \\)<caption>(1)</caption></p> <p>이렇게 함으로써, 선형적이지 않은 커패시턴스를 가진 부하에 있어서 선형적인 외부의 커패시터를 이용하여 전하량을 추정할 수 있다. 그러나 이런 방법은 압전 부하에 직렬로 커패시터 전압이 부가되어 구동 증폭기 및 전원부의 전력단 전압을 더 높이는 결과를 가져온다. 이렇게 됨으로써, 중폭기의 스위치 선정 및 열설계에 부담으로 작용하게 된다. 또한, 외부 커패시터로 전하량을 추정하는 것이므로 커패시턴스 값의 편차에 따라서 제어의 성능이 영향을 받게 된다. 이러한 문제점을 보완하기 위해서는 결국 부가적으로 들어가는 정밀 커패시터 등 여러 가지 회로 요소들이 가격적인 부담으로 작용할 수 있다.</p> <p>이러한 문제점을 해결하기 위하여, 기존의 방법을 변형한 전하량 제어 방법을 제안하였다. 이 방법은 기존의 압전 전류를 적분하는 대신에, 전하량 기준치를 미분하는 방법이다. 기본적으로 수학적 원리는 식 (2) 에서와 같이 거의 동일하지만, 전류를 적분하기 위하여 전력단 회로에 커패시터를 추가하는 것보다 신호 처리부에서 미분하는 것이 구현상 간단해진다.</p> <p>\\( i(t)= \\frac { d Q(t) } { d t } \\)<caption>(2)</caption></p> <p>또한 이 방법은 측정용 저항을 사용하면, 용이하게 클래스 D 급 증폭기에 적용 가능하다. 그림 6(b)에 간단한 제어 블록 다이어그램을 나타내었다. 측정값은 전류이지만, 기준치는 전하량에 대한 정보이므로, 실제로 제어가 되는 것은 압전의 전하량이 된다. 이는 전압의 기준치를 가지고 압전의 전압 및 전류를 동시에 측정하여 제어하는 기존의 2-loop 제어와는 다른 것이다. 전하량을 제어함으로써, 높은 선형성을 얻게 되면서 동시에 저가형 시스템의 구성이 가능해진다.</p>",
                "context_length": 1395,
                "clue": [
                    {
                        "clue_text": "본 장에서는 이러한 전하 제어 방법을 증폭기에 적용하여 압전 액츄에이터의 선형 동작 성능을 살펴본다.",
                        "clue_start": "173",
                        "clue_end": "229"
                    },
                    {
                        "clue_text": "위에서 언급한대로, 변위는 히스테라시스와 상관없이 전하량과 비례하는 관계를 가진다.",
                        "clue_start": "230",
                        "clue_end": "276"
                    },
                    {
                        "clue_text": "따라서, 기존의 논문에서는 압전에 축적된 전하량을 앝기 위해서 그림 6(a)와 같이 외부에 직렬로 커패시터를 놓고 커패시터의 전압을 측정하였다.",
                        "clue_start": "277",
                        "clue_end": "357"
                    },
                    {
                        "clue_text": "그러나 이런 방법은 압전 부하에 직렬로 커패시터 전압이 부가되어 구동 증폭기 및 전원부의 전력단 전압을 더 높이는 결과를 가져온다.",
                        "clue_start": "596",
                        "clue_end": "669"
                    },
                    {
                        "clue_text": "이 방법은 기존의 압전 전류를 적분하는 대신에, 전하량 기준치를 미분하는 방법이다.",
                        "clue_start": "910",
                        "clue_end": "956"
                    }
                ],
                "terminology": [
                    {
                        "word": "구동 증폭기"
                    },
                    {
                        "word": "다이어그램"
                    },
                    {
                        "word": "변위제어"
                    },
                    {
                        "word": "블록 다이어그램"
                    },
                    {
                        "word": "선형 동작"
                    },
                    {
                        "word": "선형성"
                    },
                    {
                        "word": "스위치"
                    },
                    {
                        "word": "신호 처리부"
                    },
                    {
                        "word": "압전"
                    },
                    {
                        "word": "압전 액츄에이터"
                    },
                    {
                        "word": "압전 전류"
                    },
                    {
                        "word": "액츄에이터"
                    },
                    {
                        "word": "열설계"
                    },
                    {
                        "word": "외부 커패시터"
                    },
                    {
                        "word": "적분"
                    },
                    {
                        "word": "전력단"
                    },
                    {
                        "word": "전류"
                    },
                    {
                        "word": "전하량"
                    },
                    {
                        "word": "전하량 제어"
                    },
                    {
                        "word": "제어 블록"
                    },
                    {
                        "word": "제어 블록 다이어그램"
                    },
                    {
                        "word": "증폭기"
                    },
                    {
                        "word": "직렬"
                    },
                    {
                        "word": "커패시터"
                    },
                    {
                        "word": "커패시턴스"
                    },
                    {
                        "word": "클래스"
                    },
                    {
                        "word": "회로"
                    },
                    {
                        "word": "히스테리시스"
                    },
                    {
                        "word": "히스테리시스 특성"
                    }
                ]
            },
            {
                "context_id": "55e-0c9-merge_ed_034b7f4e-61db57e9-238f-4678-b414-f5cb86c8ae11_00",
                "context_K-NSCC": {
                    "field": "인공물",
                    "large_category": "ED",
                    "medium_category": "11"
                },
                "context": "<p>요 약</p> <p>본 논문에서는 마이크로 변위제어 시스템의 적총형 압전 액츄에이터를 위한 스위칭 증폭 구동회로의 구동방법을 제시하고 성능을 평가하였다. 이 증폭기는 압전 액츄에이터로부터 임의의 용량성 부하에 저상된 에너지를 효율적으로 회수할 수 있는 장점이 있다. 기준의 전압 되먹임 제어 방식은 \\( 100 \\mathrm { mHz } \\) 의 정현파 기준치 추종시, 총 왜곡율이 - \\( 32 \\mathrm { ~dB } ( \\approx 2.5 \\%) \\) 로서, 액츄에이터의 전압과 변위 사이의 비선형적 관계로 인한 오차발생을 확인할 수 있었다. 이를 개선하기 위하여 전하 제어방식을 살펴보았는대, 기존의 직렬 커패시터를 연결하는 대신, 변위 기준치를 미분하고, 이를 출력전류와 비교하는 방식으로 개선하였다. 전하량 되먹임 제어 적용시 변위의 왜곡률은 약 -52dB ( \\( \\approx 0.25 \\%) \\)로서 선형성이 매우 우수한 특성을 보임을 알 수 있다. 마지막으로 살펴본 직접 변위 제어 방식은 구현상의 복잡성으로 성능의 한계가 존재함을 알 수 있다.</p> <h1>1. 서 론</h1> <p>최근에, 적층된 구조를 이용하여 압전 소자 응용 범위가 고전력 컨버터 및 큰 변형률을 가지는 액츄에이터 등으로 넓어지고 있다. 그러나, 이러한 구조는 고전압으로 구동하므로, 용량성 부하의 특성을 지니는 압전 소자는 충.방전시 상당한 전력손실을 유발하게 된다. 그러므로, 효율적인 압전부하 구동을 위해서, 에너지 회수 기능을 포함하는 구동회로를 사용한다. 이러한 에너지 회수 기능은 기존에 주로 사용되던 선형 구동 증폭기 대신에 스위칭 인버터 혹은 양방향 컨버터 등에 의해서 구헌될 수 있다.</p> <p>일반적으로 사용되는 압전 구동 증폭기는 클래스(class) D 타입의 스위칭 증폭기이고 이 때, 증폭기의 성능은 주로 스위칭 주파수에 의해서 결정된다. 스위칭 주파수가 올라가면 빠른 동톡성을 가지는 되먹임 제어 설계가 가능하지만, 대신 스위칭 손실에 의한 전럭효율의 감소를 유발한다. 따라서 적절한 스위칭 주파수의 선정이 필요하다. 본 논문에서는, \\( 100 \\mathrm { kHz } \\) 스위칭 주파수를 가지는, 마이코로 변위제어 시스텝의 PZT 적층 액츄에이터를 구동용 스위칭 증폭기 제어 방식을 살펴보고, 기존을 변형시켜 좀 더 향상된 기능을 가지는 방식을 제안하었다.</p> <p>이러한 회로를 그림 1에 나타내었다. 액츄에이터 변위 증가시, 고주파 스위칭 전력단을 통하여 인덕터에 흐르는 전류를 증가시키고, 이 전류가 압전 내부의 커 패시터를 충전하여 출력 전압을 증가시킨다. 반대로 변위 감소시에는 인덕터의 전류를 반대 방향으로 발생시켜서 압전 커패시터를 방전시키고, 이 에너지를 전원부로 회수하계 된다. 그러나 반대급부로서, 이러한 스위칭 증폭기는 압전 소자의 히스테리시스 특성을 보상하기 위하여 되먹임 제어기를 포함함으로써, 느린 동특성을 보상하기 위한 복잡한 제어기 설계과정을 거치게 된다. 이러한 액츄에이터 구동회로의 제어기 설계를 위해, IEEE 파라미터 회로 모델이 주로 사용된다. 뿐만 아니라, 압전 액츄에이터 응용의 경우, 변위제어가 압전 소자를 임의의 전압으로 조절이 가능하여야 하므로, 구동증폭기는 임의의 출력 (액츄에이터) 전압에서 전력 변환이 가능하도록 구현되어야 한다.</p>",
                "context_length": 1644,
                "clue": [
                    {
                        "clue_text": "일반적으로 사용되는 압전 구동 증폭기는 클래스(class) D 타입의 스위칭 증폭기이고 이 때, 증폭기의 성능은 주로 스위칭 주파수에 의해서 결정된다.",
                        "clue_start": "852",
                        "clue_end": "936"
                    },
                    {
                        "clue_text": "기준의 전압 되먹임 제어 방식은 \\( 100 \\mathrm { mHz } \\) 의 정현파 기준치 추종시, 총 왜곡율이 - \\( 32 \\mathrm { ~dB } ( \\approx 2.5 \\%) \\) 로서, 액츄에이터의 전압과 변위 사이의 비선형적 관계로 인한 오차발생을 확인할 수 있었다.",
                        "clue_start": "152",
                        "clue_end": "313"
                    },
                    {
                        "clue_text": "전하량 되먹임 제어 적용시 변위의 왜곡률은 약 -52dB ( \\( \\approx 0.25 \\%) \\)로서 선형성이 매우 우수한 특성을 보임을 알 수 있다.",
                        "clue_start": "405",
                        "clue_end": "491"
                    },
                    {
                        "clue_text": "마지막으로 살펴본 직접 변위 제어 방식은 구현상의 복잡성으로 성능의 한계가 존재함을 알 수 있다.",
                        "clue_start": "492",
                        "clue_end": "546"
                    }
                ],
                "terminology": [
                    {
                        "word": "IEEE 파라미터 회로 모델"
                    },
                    {
                        "word": "PZT"
                    },
                    {
                        "word": "PZT 적층 액츄에이터"
                    },
                    {
                        "word": "class"
                    },
                    {
                        "word": "고전압"
                    },
                    {
                        "word": "고주파"
                    },
                    {
                        "word": "고주파 스위칭"
                    },
                    {
                        "word": "구동증폭기"
                    },
                    {
                        "word": "느린 동특성"
                    },
                    {
                        "word": "동특성"
                    },
                    {
                        "word": "되먹임"
                    },
                    {
                        "word": "되먹임 제어"
                    },
                    {
                        "word": "되먹임 제어 설계"
                    },
                    {
                        "word": "되먹임 제어기"
                    },
                    {
                        "word": "마이크로 변위제어 시스템"
                    },
                    {
                        "word": "변위제어"
                    },
                    {
                        "word": "변형률"
                    },
                    {
                        "word": "비선형적"
                    },
                    {
                        "word": "선형성"
                    },
                    {
                        "word": "스위칭"
                    },
                    {
                        "word": "스위칭 손실"
                    },
                    {
                        "word": "스위칭 인버터"
                    },
                    {
                        "word": "스위칭 주파수"
                    },
                    {
                        "word": "스위칭 증폭 구동회로"
                    },
                    {
                        "word": "스위칭 증폭기"
                    },
                    {
                        "word": "압전"
                    },
                    {
                        "word": "압전 구동"
                    },
                    {
                        "word": "압전 소자"
                    },
                    {
                        "word": "압전 액츄에이터"
                    },
                    {
                        "word": "압전 커패시터"
                    },
                    {
                        "word": "액츄에이터"
                    },
                    {
                        "word": "양방향 컨버터"
                    },
                    {
                        "word": "에너지 회수"
                    },
                    {
                        "word": "오차발생"
                    },
                    {
                        "word": "왜곡율"
                    },
                    {
                        "word": "용량성 부하"
                    },
                    {
                        "word": "인덕터"
                    },
                    {
                        "word": "저상"
                    },
                    {
                        "word": "적총형 압전 액츄에이터"
                    },
                    {
                        "word": "적층"
                    },
                    {
                        "word": "전력 변환"
                    },
                    {
                        "word": "전력단"
                    },
                    {
                        "word": "전류"
                    },
                    {
                        "word": "전압 되먹임 제어 방식"
                    },
                    {
                        "word": "전하 제어방식"
                    },
                    {
                        "word": "전하량"
                    },
                    {
                        "word": "정현파"
                    },
                    {
                        "word": "정현파 기준치"
                    },
                    {
                        "word": "제어기"
                    },
                    {
                        "word": "주파수"
                    },
                    {
                        "word": "증폭기"
                    },
                    {
                        "word": "직렬"
                    },
                    {
                        "word": "직렬 커패시터"
                    },
                    {
                        "word": "직접 변위 제어"
                    },
                    {
                        "word": "직접 변위 제어 방식"
                    },
                    {
                        "word": "총 왜곡율"
                    },
                    {
                        "word": "출력 전압"
                    },
                    {
                        "word": "커패시터"
                    },
                    {
                        "word": "컨버터"
                    },
                    {
                        "word": "클래스"
                    },
                    {
                        "word": "파라미터"
                    },
                    {
                        "word": "패시터"
                    },
                    {
                        "word": "회로"
                    },
                    {
                        "word": "히스테리시스"
                    },
                    {
                        "word": "히스테리시스 특성"
                    }
                ]
            },
            {
                "context_id": "55e-0c9-merge_ed_034b7f4e-61db57e9-238f-4678-b414-f5cb86c8ae11_02",
                "context_K-NSCC": {
                    "field": "인공물",
                    "large_category": "ED",
                    "medium_category": "11"
                },
                "context": "<p>본 논문에서는 높은 변형률을 가지는 적층형 액츄에이터(NEC/TOKIN AE0505DSSH40)를 사용하였다. (그림 2). 입력전압 범위는 0 에서 \\( 150 \\mathrm { V } \\) 이며, 이 때 압전 액츄에이터의 말단부 변위는 \\( 30 \\mathrm { um } \\) 가 된다. 그림 3에 8 미터 길이의 로봇 케이블 설비(harness)를 포함한 액츄에이터 모델을 나타내었다. 유전 손실분을 나타내는 병렬 저항 \\( \\mathrm { R } _ {\\mathrm { d } } \\)는 주파수에 따라 가변하지만, 그 절대 값이 상대적으로 큰 편이므로 \\( 40 \\mathrm { Hz } \\) 부근에서의 값이 사용되었다. 이 모델을 검증하기 위해서, 액츄에이터의 시뮬레이션 값과 즉정된 값을 그림 4 에 나타내었다.</p> <p>그러나, 이러한 소신호적인 선형 모델과는 별도로, 실제 응용에 있어서 큰 변위를 주어야 하는 대신호 모델의 경우에는 압전 소자의 히스테라시스 특성 때문에 '맥스웰 커패시턴스'라고 불리는 비선형 특성으로 모델링 되기도 한다. 따라서, 정밀한 변위제어 시스템의 경우에 이러한 비선형 특성을 보상하기 위한 제어가 필요해진다. 그림 5 는 비선형 특성을 무시한 일반적인 출력전압 (액츄에이터) 되먹임 제어를 사용하여 클래스 D급 스위칭 증폭기로 구현한 하드웨어의 실험 결과이다.</p> <h2>2.2 전압 제어 방식</h2> <p>선형성을 살펴보기 위해서, 액츄에이터를 정현파 형태로 구동시킨 후, 출력 전압과 변위의 주파수 성분을 살펴보았다. 그림 5(a) 를 보면, 출력 전압 파형은 전압 되먹임을 통하여 \\( 100 \\mathrm { mHz } \\) 의 정현파 기준치를 잘 추종하고 있는 것을 알 수 있다. 파형의 푸리에 변환을 수행한 결과, 그림에서 나타난 것과 같이 총 왜곡율(total harmonic distortion)은 2차 및 3 차 고조파를 합산하여 \\( -40 \\mathrm { dBV } \\) \\(=1 \\% \\) 이하이다. 그러나 그림 5(b)를 보면, 변위 파형은 2 차, 3 차의 왜곡된 성분을 포함하고 있고, 총 왜곡율은 약 \\( -32 \\mathrm { ~dB } ( \\approx 2.5 \\%) \\) 가 된다. 이것은, 액츄에이터 전압과 변위와의 관계가 선형적이지 않음을 나타낸다.</p> <p>이러한 문제점을 해결하기 위하여 기존의 논문에서는 직접 변위 제어, 모델을 이용한 앞먹임(feed-forward) 제어, 및 전하량 제어 (Charge control)등이 제안되었다. 직접 변위 제어는 외란에 상관없이 액츄에이터가 이상 동작하지 않도록 견실하게 제어가 가능한 장점이 있지만, 고가의 변위 센서 및 제어기가 필요하여 시스템의 제작비가 상승하는 단점이 있다. 앞먹임 제어 방법은 뛰어난 보상 능력과 빠른 다이나믹이 장점이지반, 모델에 의지하는 보상을 하므로 외란 발생시 능동적으로 대처하지 못하여 추종능력이 현저히 감소하는 단점이 있다. 끝으로, 전하량 제어는 변위가 압전에 저장된 전하량과 선형 관계임을 이용한 제어방법으로서, 저가의 센서를 사용하여 높은 정밀도의 제어 성능을 가질 수 있어서, 계속적으로 연구가 되어오고 있다. 그러나, 기존의 전하 되먹임 제어는 구성상 다른 방법보다 눞은 바이어스를 필요로 하므로 앞 단 전원부의 손실이 증가하고, 클래스 D 급 증폭기에 적용이 어려운 문제가 있었다. 본 논문에서는 직접 변위 제어 및 전하량 제어 방법을 살펴보고, 향상된 전하량 제어 방법을 제안하여 이를 직접 구현하고 성능을 비교해 보았다.</p>",
                "context_length": 1754,
                "clue": [
                    {
                        "clue_text": "본 논문에서는 높은 변형률을 가지는 적층형 액츄에이터(NEC/TOKIN AE0505DSSH40)를 사용하였다.",
                        "clue_start": "3",
                        "clue_end": "64"
                    },
                    {
                        "clue_text": "유전 손실분을 나타내는 병렬 저항 \\( \\mathrm { R } _ {\\mathrm { d } } \\)는 주파수에 따라 가변하지만, 그 절대 값이 상대적으로 큰 편이므로 \\( 40 \\mathrm { Hz } \\) 부근에서의 값이 사용되었다.",
                        "clue_start": "223",
                        "clue_end": "357"
                    },
                    {
                        "clue_text": "그림 5 는 비선형 특성을 무시한 일반적인 출력전압 (액츄에이터) 되먹임 제어를 사용하여 클래스 D급 스위칭 증폭기로 구현한 하드웨어의 실험 결과이다.",
                        "clue_start": "597",
                        "clue_end": "681"
                    },
                    {
                        "clue_text": "선형성을 살펴보기 위해서, 액츄에이터를 정현파 형태로 구동시킨 후, 출력 전압과 변위의 주파수 성분을 살펴보았다.",
                        "clue_start": "711",
                        "clue_end": "774"
                    },
                    {
                        "clue_text": "이러한 문제점을 해결하기 위하여 기존의 논문에서는 직접 변위 제어, 모델을 이용한 앞먹임(feed-forward) 제어, 및 전하량 제어 (Charge control)등이 제안되었다.",
                        "clue_start": "1157",
                        "clue_end": "1259"
                    }
                ],
                "terminology": [
                    {
                        "word": "D급"
                    },
                    {
                        "word": "control"
                    },
                    {
                        "word": "distortion"
                    },
                    {
                        "word": "harmonic"
                    },
                    {
                        "word": "harmonic distortion"
                    },
                    {
                        "word": "고조파"
                    },
                    {
                        "word": "대신호"
                    },
                    {
                        "word": "대신호 모델"
                    },
                    {
                        "word": "되먹임"
                    },
                    {
                        "word": "되먹임 제어"
                    },
                    {
                        "word": "로봇 케이블 설비"
                    },
                    {
                        "word": "말단부"
                    },
                    {
                        "word": "맥스웰 커패시턴스"
                    },
                    {
                        "word": "바이어스"
                    },
                    {
                        "word": "변위"
                    },
                    {
                        "word": "변위 센서"
                    },
                    {
                        "word": "변위 파형"
                    },
                    {
                        "word": "변위제어"
                    },
                    {
                        "word": "변형률"
                    },
                    {
                        "word": "병렬 저항"
                    },
                    {
                        "word": "보상 능력"
                    },
                    {
                        "word": "비선형"
                    },
                    {
                        "word": "비선형 특성"
                    },
                    {
                        "word": "선형 모델"
                    },
                    {
                        "word": "선형성"
                    },
                    {
                        "word": "센서"
                    },
                    {
                        "word": "소신호적"
                    },
                    {
                        "word": "손실분"
                    },
                    {
                        "word": "스위칭"
                    },
                    {
                        "word": "스위칭 증폭기"
                    },
                    {
                        "word": "시뮬레이션"
                    },
                    {
                        "word": "압전"
                    },
                    {
                        "word": "압전 소자"
                    },
                    {
                        "word": "압전 액츄에이터"
                    },
                    {
                        "word": "앞먹임"
                    },
                    {
                        "word": "앞먹임(feed-forward)"
                    },
                    {
                        "word": "앞먹임(feed-forward) 제어"
                    },
                    {
                        "word": "액츄에이터"
                    },
                    {
                        "word": "왜곡율"
                    },
                    {
                        "word": "외란"
                    },
                    {
                        "word": "유전"
                    },
                    {
                        "word": "적층형 액츄에이터"
                    },
                    {
                        "word": "전압 제어 방식"
                    },
                    {
                        "word": "전하"
                    },
                    {
                        "word": "전하량"
                    },
                    {
                        "word": "전하량 제어"
                    },
                    {
                        "word": "전하량 제어 (Charge control)"
                    },
                    {
                        "word": "정밀도"
                    },
                    {
                        "word": "정현파"
                    },
                    {
                        "word": "정현파 기준치"
                    },
                    {
                        "word": "정현파 형태"
                    },
                    {
                        "word": "제어기"
                    },
                    {
                        "word": "주파수"
                    },
                    {
                        "word": "주파수 성분"
                    },
                    {
                        "word": "증폭기"
                    },
                    {
                        "word": "직접 변위 제어"
                    },
                    {
                        "word": "차 고조파"
                    },
                    {
                        "word": "총 왜곡율"
                    },
                    {
                        "word": "출력 전압 파형"
                    },
                    {
                        "word": "출력전압"
                    },
                    {
                        "word": "클래스"
                    },
                    {
                        "word": "특성"
                    },
                    {
                        "word": "파형"
                    },
                    {
                        "word": "푸리에 변환"
                    },
                    {
                        "word": "하드웨어"
                    },
                    {
                        "word": "히스테라시스"
                    }
                ]
            }
        ]
    }
}