{
    "dataset_info": {
        "identifier": "02-031-002-NL",
        "name": "기술과학 문서 요약 데이터",
        "category": "자연어",
        "last_updated": "2023-08-30"
    },
    "dataset": {
        "doc_id": "034b7f4e-46b81a93-01d9-451a-844a-6e3148cba0e0",
        "doc_type": "논문",
        "doc_title": {
            "kor": "ER 유체를 이용한 반능동 현가장치용 고전압 전원장치의 개발",
            "eng": ""
        },
        "doc_category": {
            "KDC": "560.5",
            "DDC": ""
        },
        "doc_number": {
            "ISSN": "1229-2214",
            "ISBN": "",
            "DOI": "",
            "UCI": ""
        },
        "doc_year": "2002",
        "doc_author": [
            "정세교",
            "신휘범"
        ],
        "doc_publisher": "전력전자학회",
        "doc_license": "CC BY-NC",
        "context_info": [
            {
                "context_id": "55e-0c9-49e48833-5274-49b3-a871-fdd795058339",
                "context_K-NSCC": {
                    "field": "인공물",
                    "large_category": "ED",
                    "medium_category": "06"
                },
                "context": "<h2>2.2.2 등가 커패시턴스의 계산</h2> <p>그림 3.으로부터 ER 댐퍼의 등가 커패시턴스는 원통형 커패시터와 같이 계산할 수 있으며 다음과 같다.</p> <p>\\( C_{e q}=\\frac{\\varepsilon \\cdot l}{2 k \\cdot \\ln \\left(\\frac{b}{a}\\right)} \\)<caption>(13)</caption></p> <p>여기서, \\( \\varepsilon \\) 는 유전상수이며 k 는 Coulomb 상수이다. ER 유체의 유전상수는 인가 전계에 의해 변화가 거의 없으며 온도와 주파수의 함수이다.</p> <h2>2.2.3 ER 댐퍼의 전기적 특성고찰 및 고전압 전원장치의 요구조건</h2> <p>앞 절에서 살펴본 바와 같이 ER 유체는 전기적으로 등가저항과 커패시턴스로 모델링 할 수 있다. 등가저항은 인가 전압과 온도에 따라 크게 변화하며 인가전계와 온도가 증가함에 따라 지수적으로 감소한다. 이는 그림 5와 같이 인가전계와 온도의 증가에 따라 ER 유체에 흐르는 전류량이 지수적으로 증가함을 나타낸다. 현재 개발된 ER 유체는 인가전압과 온도변화에 따른 전류밀도의 변화량이 매우 커서 수십에서 수백 W급의 고전압 전원장치로는 제어할 수 있는 영역이 매우 좁다. 따라서, 고전압 전원장치의 보호를 위한 과전류 제한기능이 필수적으로 요구된다.</p> <p>현재까지 ER 유체 응용을 위한 고전압 전원장치로 그림 6(a)와 같은 플라이백 컨버터(Flyback converter)가 주로 사용되었다. 플라이백 컨버터는 구조적으로 간단하여 소형화가 용이하고 응답특성이 빠르다는 장점을 가지고 있다. 그러나, 플라이백 컨버터를 포함한 일반적인 DC/DC converter 토폴로지에서는 전원에서 부하로만 에너지 전달이 이루어지므로 출력전압을 빠르게 가변 시키기 어렵다. 즉, 출력전압을 낮추고자 할 경우 2차측의 다이오드에 의해서 부하에서 전원 쪽으로 에너지 전달이 불가능하며 출력 측 커패시터의 전하를 제거할 수 있는 경로가 없다. 그림 6(b)과 같이 출력 측의 다이오드가 off 될 경우 출력 측의 커패시턴스는 \\ER 댐퍼의 저항과 독립적인 RC 회로를 구성하며 시정수는 다음과 같다.</p> <p>\\( \\tau=R_{e q} \\cdot\\left(C_{o}+C_{e q}\\right) \\)<caption>(14)</caption></p> <p>이 때 등가저항은 식 (12)에서 보는 바와 같이 인가전압의 함수이며 출력전압이 감소함에 따라 지수적으로 증가한다. 따라서, ER 댐퍼에 저장된 전하의 방전시간은 전압이 감소함에 따라 지수적으로 증가하게 되며 빠른 동특성을 얻기가 어렵다. 또한, 2차측에 능동형 회로를 부가하여 양방향성(Converter)를 구성하는 것은 2차측이 고전압이므로 적절한 스위칭소자 선택과 인덕터, 스너버 회로 둥의 구성이 매우 어렵다.</p> <p>ER 유체 응용을 위한 고전압 전원장치의 요구조건은 다음과 같이 정리할 수 있으며 일반적인 플라이백 컨버터로는 ER 유체의 응용에 적합한 빠른 동특성을 얻기가 어려움을 알 수 있다.</p> <ol type=1 start=1><li>ER 유체에 강한 전계롤 인가해 줄 수 있은 높은 출력전압(최고 5- \\( 10 \\mathrm{kV} \\) 정도의 고전압)</li> <li>ER 유체의 댐핑력 제어를 위해 연속적으로 가변 가능한 출력전압 \\(0\\mathrm{V}\\)-최고전압</li> <li>전압 강하 시 빠른 동특성</li> <li>과전류 제한 능력</li> <li>차량 탑재를 위한 작은 크기</li></ol> <p>위의 조건에 대해 본 연구에서 설정된 기준은 (1)출럭전압: \\( 0-5 \\mathrm{kV} \\) 가변전압, (2)\\(0-5\\mathrm{kV}\\)에 대한 상승/강하시간\\(10\\%-90\\%\\): \\( 1 \\mathrm{~ms} \\), (3)전류용량 \\(20\\mathrm{mA}\\), (4)과전류 제한기능 이며 전원장치의 크기에 대해서는 별도의 제한을 두지 않았다. 따라서, 본 논문에서는 이러한 요구 조건을 갖는 고전압 전원장치의 설계 및 제작, 실험 결과 등을 제시한다.</p>",
                "context_length": 2026,
                "clue": [
                    {
                        "clue_text": "등가저항은 인가 전압과 온도에 따라 크게 변화하며 인가전계와 온도가 증가함에 따라 지수적으로 감소한다.",
                        "clue_start": "415",
                        "clue_end": "472"
                    },
                    {
                        "clue_text": "현재 개발된 ER 유체는 인가전압과 온도변화에 따른 전류밀도의 변화량이 매우 커서 수십에서 수백 W급의 고전압 전원장치로는 제어할 수 있는 영역이 매우 좁다.",
                        "clue_start": "535",
                        "clue_end": "623"
                    },
                    {
                        "clue_text": "출력전압을 낮추고자 할 경우 2차측의 다이오드에 의해서 부하에서 전원 쪽으로 에너지 전달이 불가능하며 출력 측 커패시터의 전하를 제거할 수 있는 경로가 없다.",
                        "clue_start": "906",
                        "clue_end": "994"
                    },
                    {
                        "clue_text": "2차측에 능동형 회로를 부가하여 양방향성(Converter)를 구성하는 것은 2차측이 고전압이므로 적절한 스위칭소자 선택과 인덕터, 스너버 회로 둥의 구성이 매우 어렵다.",
                        "clue_start": "1309",
                        "clue_end": "1404"
                    }
                ],
                "terminology": [
                    {
                        "word": "Coulomb"
                    },
                    {
                        "word": "DC/DC"
                    },
                    {
                        "word": "DC/DC converter"
                    },
                    {
                        "word": "ER"
                    },
                    {
                        "word": "ER 댐퍼"
                    },
                    {
                        "word": "ER 유체"
                    },
                    {
                        "word": "Flyback"
                    },
                    {
                        "word": "Flyback converter"
                    },
                    {
                        "word": "RC"
                    },
                    {
                        "word": "RC 회로"
                    },
                    {
                        "word": "converter"
                    },
                    {
                        "word": "가변"
                    },
                    {
                        "word": "가변전압"
                    },
                    {
                        "word": "고전압"
                    },
                    {
                        "word": "고전압 전원장치"
                    },
                    {
                        "word": "과전류 제한기능"
                    },
                    {
                        "word": "능동형 회로"
                    },
                    {
                        "word": "다이오드"
                    },
                    {
                        "word": "댐퍼"
                    },
                    {
                        "word": "댐핑력"
                    },
                    {
                        "word": "동특성"
                    },
                    {
                        "word": "등가 커패시턴스"
                    },
                    {
                        "word": "등가저항"
                    },
                    {
                        "word": "스너버"
                    },
                    {
                        "word": "스너버 회로"
                    },
                    {
                        "word": "스위칭소자"
                    },
                    {
                        "word": "시정수"
                    },
                    {
                        "word": "양방향성"
                    },
                    {
                        "word": "유전상수"
                    },
                    {
                        "word": "인가 전계"
                    },
                    {
                        "word": "인덕터"
                    },
                    {
                        "word": "전계"
                    },
                    {
                        "word": "전기적"
                    },
                    {
                        "word": "전류밀도"
                    },
                    {
                        "word": "전류용량"
                    },
                    {
                        "word": "전압 강하"
                    },
                    {
                        "word": "주파수"
                    },
                    {
                        "word": "주파수의 함수"
                    },
                    {
                        "word": "지수적"
                    },
                    {
                        "word": "출력전압"
                    },
                    {
                        "word": "커패시터"
                    },
                    {
                        "word": "커패시턴스"
                    },
                    {
                        "word": "컨버터"
                    },
                    {
                        "word": "토폴"
                    },
                    {
                        "word": "토폴로지"
                    },
                    {
                        "word": "플라이백"
                    },
                    {
                        "word": "플라이백 컨버터"
                    },
                    {
                        "word": "함수"
                    },
                    {
                        "word": "회로"
                    }
                ]
            },
            {
                "context_id": "55e-0c9-merge_2_034b7f4e-46b81a93-01d9-451a-844a-6e3148cba0e0_09",
                "context_K-NSCC": {
                    "field": "인공물",
                    "large_category": "ED",
                    "medium_category": "06"
                },
                "context": "<p>\\( R_ { 1 } =100 \\mathrm { k } \\Omega, \\quad R_ { 2 } =390 \\Omega, \\quad R_ { 3 } =3.7 \\mathrm { k } \\Omega \\) \\( C_ { 1 } =0.33 \\mathrm { uF } , \\quad C_ { 2 } =13 n \\mathrm { nF } , \\quad C_ { 3 } =1.4 \\mathrm { nF } \\)</p> <p>그리고, 출력전압의 궤환을 위해서 \\( 1000: 1 \\) ( \\( 100 \\mathrm { MS } :100 \\mathrm { k } \\Omega \\) )의 전압 Divider를 사용하여 출력전압을 측정하였다. 그림 12,13 은 보상기 H(s) 의 주파수 응답특성과 루프이득 G(s)H(s)의 주파수 응답특성을 나타내고 있다.</p> <h3>3.2.4 방전회로</h3> <p>방전회로는 고전압 트랜지스터, 방전저항, 제어회로로 구성되며 출력 커패시터와 ER 댐퍼의 등가 커패시터에 저장된 전하를 빠르게 방전 시켜주는 역할을 한다. 고전압 트랜지스터는 BEHLKE사의 HTS81을 사용하였으며 \\( 8 \\mathrm { kV } \\) 의 전압 정격을 가지고 있다. 그림 14는 방전회로를 동작시키기 위한 제어회로를 나타내고 있다. 그림 10 에 나타낸 보상기의 출력이 영보다 작을 경우 이를 검출하여 1차측 MOSEF의 게이트 신호를 차단하고 방전 스위치를 켜주게 된다. 이 때, 영 전압 주위에서 과도한 스위칭을 방지하기 위해서 적절한 히스테리시스 밴드를 주었다.</p> <p>출력전압의 방전 속도는 방전저항과 출력 및 ER 댐퍼의 등가 커피시턴스의 크기에 따라 달라지게 되며 다음과 같은 시정수를 갖는다.</p> <p>\\( \\tau_ { d i s } =R_ { d i s } \\cdot \\left (C_ { o } + C_ { e q } \\right ) \\)<caption>(19</caption></p> <p>여기서, \\( R_ { d i s } \\) 는 방전회로의 저항이다. 본 연구에서 개발된 ER 댐퍼의 등가 커패시턴스 \\( C_ { e q } \\) 는 \\( 5000 \\mathrm { pF } \\) 이며 출력 측의 전체 커패시턴스는 \\( C_ { o } + C_ { e q } \\) 로 \\( 9700 \\mathrm { pF } \\) 이다. 방전저항 값은 \\( R_ { d i s } =50 \\mathrm { k } \\Omega \\) 을 사용하였으며 이 때 시정수는 \\( 0.49 \\mathrm { ~ms } \\) 이다. 방전저항 값이 작을 수록 응답특성은 빠르지만 최대 전류가 커지므로 고전압 트랜지스터의 허용 전류 내에서 설계되어야 한다.</p>",
                "context_length": 1331,
                "clue": [
                    {
                        "clue_text": "방전저항 값이 작을 수록 응답특성은 빠르지만 최대 전류가 커지므로 고전압 트랜지스터의 허용 전류 내에서 설계되어야 한다.",
                        "clue_start": "1260",
                        "clue_end": "1327"
                    },
                    {
                        "clue_text": "방전회로는 고전압 트랜지스터, 방전저항, 제어회로로 구성되며 출력 커패시터와 ER 댐퍼의 등가 커패시터에 저장된 전하를 빠르게 방전 시켜주는 역할을 한다.",
                        "clue_start": "444",
                        "clue_end": "530"
                    },
                    {
                        "clue_text": "그림 10 에 나타낸 보상기의 출력이 영보다 작을 경우 이를 검출하여 1차측 MOSEF의 게이트 신호를 차단하고 방전 스위치를 켜주게 된다.",
                        "clue_start": "642",
                        "clue_end": "720"
                    },
                    {
                        "clue_text": "고전압 트랜지스터는 BEHLKE사의 HTS81을 사용하였으며 \\( 8 \\mathrm { kV } \\) 의 전압 정격을 가지고 있다.",
                        "clue_start": "531",
                        "clue_end": "604"
                    },
                    {
                        "clue_text": "이 때, 영 전압 주위에서 과도한 스위칭을 방지하기 위해서 적절한 히스테리시스 밴드를 주었다.",
                        "clue_start": "721",
                        "clue_end": "773"
                    }
                ],
                "terminology": [
                    {
                        "word": "Divider"
                    },
                    {
                        "word": "ER"
                    },
                    {
                        "word": "ER 댐퍼"
                    },
                    {
                        "word": "MOSEF"
                    },
                    {
                        "word": "MS"
                    },
                    {
                        "word": "게이트 신호"
                    },
                    {
                        "word": "고전압"
                    },
                    {
                        "word": "고전압 트랜지스터"
                    },
                    {
                        "word": "궤환"
                    },
                    {
                        "word": "댐퍼"
                    },
                    {
                        "word": "등가 커패시터"
                    },
                    {
                        "word": "등가 커패시턴스"
                    },
                    {
                        "word": "루프이득"
                    },
                    {
                        "word": "방전 스위치"
                    },
                    {
                        "word": "방전저항"
                    },
                    {
                        "word": "방전회로"
                    },
                    {
                        "word": "밴드"
                    },
                    {
                        "word": "보상기"
                    },
                    {
                        "word": "스위치"
                    },
                    {
                        "word": "스위칭"
                    },
                    {
                        "word": "시정수"
                    },
                    {
                        "word": "영 전압"
                    },
                    {
                        "word": "전류"
                    },
                    {
                        "word": "전압 정격"
                    },
                    {
                        "word": "제어회"
                    },
                    {
                        "word": "주파수"
                    },
                    {
                        "word": "주파수 응답특성"
                    },
                    {
                        "word": "출력전압"
                    },
                    {
                        "word": "커패시터"
                    },
                    {
                        "word": "커패시턴스"
                    },
                    {
                        "word": "트랜지스터"
                    },
                    {
                        "word": "히스테리시스"
                    },
                    {
                        "word": "히스테리시스 밴드"
                    }
                ]
            },
            {
                "context_id": "55e-0c9-merge_2_034b7f4e-46b81a93-01d9-451a-844a-6e3148cba0e0_08",
                "context_K-NSCC": {
                    "field": "인공물",
                    "large_category": "ED",
                    "medium_category": "06"
                },
                "context": "<p>식 17 과 그림 10에서 보는 바와 같이 개루프 시스템은 2 개의 극점과 1 개의 영점을 가진다. 특히, s 평면의 우반면(Right-half plane; RHP)에 영점이 나타나며 이로 인해 과도상태에 언더슈트(Undershoot) 등 시스템 내부 동특성(internal dynamics)에 영향을 준다. 그러나, 그림 10 에서 보는 바와 같이 본 시스템의 경우 우반면 영점이 \\( 7.6 \\times 10 ^ { 9 } \\mathrm { rad } / \\mathrm { sec } \\) 의 매우 높은 주파수에 존재하므로 보상기의 설계에서 영점의 영향을 무시하였다. 플라이백 컨버터의 출력전압 제어를 위해서 그림 11 과 같은 3개의 극점과 2개의 영점을 가지는 보상기를 사용하였다. 보상기의 전달함수는 다음과 같다.</p> <p>\\( H(s)= \\frac { R_ { 1 } + R_ { 3 } } { R_ { 1 } R_ { 3 } C_ { 2 } } \\frac {\\left (s + \\frac { 1 } { R_ { 2 } C_ { 1 } } \\right ) \\left [s + \\frac { 1 } {\\left (R_ { 1 } + R_ { 3 } \\right ) C_ { 3 } } \\right ] } { s \\left (s + \\frac { 1 } { R_ { 3 } C_ { 3 } } \\right ) \\left [s + \\frac { R_ { 2 } C_ { 1 } C_ { 2 } } {\\left (C_ { 1 } + C_ { 3 } \\right ) } \\right ] } \\)<caption>(18)</caption></p> <p>위와 같은 보상회로의 영점과 극점을 독립적으로 설계하기는 매우 어려우며 본 논문에서는 극점과 영점이 각각 중근을 가지도록 설계하였다. 보상기의 설계에서 루프이득 crossover frequency는 통상 스위칭 주파수의 \\( 1 / 4 \\) 에서 \\( 1 / 5 \\) 정도로 설정하며 본 논문에서는 \\(40,000 \\mathrm { rad } / \\mathrm { sec } (6.4 \\mathrm { kHz } ) \\) 로 설정하였으며 이 때 위상여유가 \\(45 ^ {\\circ } \\) 가 되도록 설계하였다. 이를 위한 보상기의 소자값은 다음과 같다.</p>",
                "context_length": 1131,
                "clue": [
                    {
                        "clue_text": "그러나, 그림 10 에서 보는 바와 같이 본 시스템의 경우 우반면 영점이 \\( 7.6 \\times 10 ^ { 9 } \\mathrm { rad } / \\mathrm { sec } \\) 의 매우 높은 주파수에 존재하므로 보상기의 설계에서 영점의 영향을 무시하였다.",
                        "clue_start": "176",
                        "clue_end": "322"
                    },
                    {
                        "clue_text": "플라이백 컨버터의 출력전압 제어를 위해서 그림 11 과 같은 3개의 극점과 2개의 영점을 가지는 보상기를 사용하였다.",
                        "clue_start": "323",
                        "clue_end": "388"
                    },
                    {
                        "clue_text": "위와 같은 보상회로의 영점과 극점을 독립적으로 설계하기는 매우 어려우며 본 논문에서는 극점과 영점이 각각 중근을 가지도록 설계하였다.",
                        "clue_start": "817",
                        "clue_end": "891"
                    }
                ],
                "terminology": [
                    {
                        "word": "RHP"
                    },
                    {
                        "word": "Undershoot"
                    },
                    {
                        "word": "crossover"
                    },
                    {
                        "word": "crossover frequency"
                    },
                    {
                        "word": "dynamics"
                    },
                    {
                        "word": "개루프 시스템"
                    },
                    {
                        "word": "극점"
                    },
                    {
                        "word": "내부 동특성"
                    },
                    {
                        "word": "동특성"
                    },
                    {
                        "word": "루프이득"
                    },
                    {
                        "word": "보상기"
                    },
                    {
                        "word": "보상회로"
                    },
                    {
                        "word": "스위칭"
                    },
                    {
                        "word": "스위칭 주파수"
                    },
                    {
                        "word": "언더슈트"
                    },
                    {
                        "word": "우반면"
                    },
                    {
                        "word": "우반면 영점"
                    },
                    {
                        "word": "위상여유"
                    },
                    {
                        "word": "전달함수"
                    },
                    {
                        "word": "주파수"
                    },
                    {
                        "word": "중근"
                    },
                    {
                        "word": "출력전압"
                    },
                    {
                        "word": "출력전압 제어"
                    },
                    {
                        "word": "컨버터"
                    },
                    {
                        "word": "플라이백"
                    },
                    {
                        "word": "플라이백 컨버터"
                    }
                ]
            },
            {
                "context_id": "55e-0c9-merge_2_034b7f4e-46b81a93-01d9-451a-844a-6e3148cba0e0_11",
                "context_K-NSCC": {
                    "field": "인공물",
                    "large_category": "ED",
                    "medium_category": "06"
                },
                "context": "<p>개발된 고전압 전원장치는 차량 탑재가 목적이므로 차량에 장착된 전기 - 전자 장치에 전자기적인 영향을 주지 않아야 한다. 따라서, 전도성 EMI의 영향을 최소화하기 위해 EMI 푈터를 장착하였으며 복사성 EMI의 영향을 줄이기 위해 Shield Case를 사용하였다. 그리고, MIL-STD- 462 Class D 규정에 의해 EMI 시험을 수행하였으며 MIL-STD-461 Class D의 요구조건을 만족하도록 하였다. 자세한 EMI 시험 결과는 본 논문에서는 생략하였다.</p> <h1>4. 실험 결과 및 검토</h1> <h2>4.1 실험결과</h2> <p>제작된 고전압 전원장치의 성능 검증을 위해 그림 2에 나타낸 ER 댐퍼에 적용하여 실험을 수행하였다. ER 댐퍼의 응답특성을 검증하기 위해서는 인가전압에 대한 댐퍼의 댐푕력을 측정하여야 한다. 그러나, 이 경우 방대한 규모의 실험장치가 필요하여 실험실 단계에서 적용이 어렵다. 또한, ER 댐퍼의 동특성은 출력전압특성 뿐만 아니라 ER 유체의 입자특성에도 큰 영향을 받는다. 따라서, 본 연구에서는 그림 2 의 소형 ER 댐퍼를 고전압 전원장치의 부하로 두고 기존의 고전압 전원장치와 제안된 전원장치에 대한 전압 응답특성을 측정하였다. 본 연구의 목직이 인가전압에 따라 비선형 특성을 가지는 RC 부하에 대한 고전압 전원장치의 개발이므로 이러한 실험으로도 고전압 전원장치의 성능을 충분히 검증할 수 있으리라 생각된다.</p> <p>그림 17은 개발된 고전압 전원장치에서 방전회로의 효과를 나타내는 실험결과이다. 그림 17(a) 는 개발된 고전압 전원장치와 동일한 회로에서 방전회로를 부착하지 않은 경우에 대한 실험 결과이다. \\( 5 \\mathrm { kV } / 10 \\mathrm { ~Hz } \\) 의 구형파 전압명령을 인가했을 경우 전압 상승 시에는 빠른 응답특성을 보이지만 전압 하강 시에는 매우 느린 응답특성을 나타내고 있다. 이는 ER 댐퍼 등가저항의 비선형성에 기인한다고 볼 수 있다. 그림 17(b) 는 같은 조건에서 방전회로를 첨가한 고전압 전원장치에 대한 실험 결과이다. 위 파형은 전압명령이며 아래 파형은 출력전압을 나타내고 있다. 전압 상승 및 하강 시 모두 빠른 응답특성을 보이고 있다. 그림 18은 전압 상승 및 하강 시 응답 특성을 확대한 그림이다. 그림 18(a)는 영에서 \\( 5 \\mathrm { kV } \\) 로 상승 시의 파형이며 그림 18(b) 는 하강 시의 파형을 나타내고 있다. 전압 하강 시 방전저항을 통해 약 \\( 2 \\mathrm { ~ms } \\) 정도에 전압이 완전히 영이 됨을 볼 수 있다.</p>",
                "context_length": 1297,
                "clue": [
                    {
                        "clue_text": "개발된 고전압 전원장치는 차량 탑재가 목적이므로 차량에 장착된 전기 - 전자 장치에 전자기적인 영향을 주지 않아야 한다.",
                        "clue_start": "3",
                        "clue_end": "70"
                    },
                    {
                        "clue_text": "따라서, 전도성 EMI의 영향을 최소화하기 위해 EMI 푈터를 장착하였으며 복사성 EMI의 영향을 줄이기 위해 Shield Case를 사용하였다.",
                        "clue_start": "71",
                        "clue_end": "152"
                    },
                    {
                        "clue_text": "그리고, MIL-STD- 462 Class D 규정에 의해 EMI 시험을 수행하였으며 MIL-STD-461 Class D의 요구조건을 만족하도록 하였다.",
                        "clue_start": "153",
                        "clue_end": "238"
                    },
                    {
                        "clue_text": "따라서, 본 연구에서는 그림 2 의 소형 ER 댐퍼를 고전압 전원장치의 부하로 두고 기존의 고전압 전원장치와 제안된 전원장치에 대한 전압 응답특성을 측정하였다.",
                        "clue_start": "527",
                        "clue_end": "616"
                    },
                    {
                        "clue_text": "\\( 5 \\mathrm { kV } / 10 \\mathrm { ~Hz } \\) 의 구형파 전압명령을 인가했을 경우 전압 상승 시에는 빠른 응답특성을 보이지만 전압 하강 시에는 매우 느린 응답특성을 나타내고 있다.",
                        "clue_start": "835",
                        "clue_end": "953"
                    }
                ],
                "terminology": [
                    {
                        "word": "Class"
                    },
                    {
                        "word": "Class D"
                    },
                    {
                        "word": "EMI"
                    },
                    {
                        "word": "EMI의 영향"
                    },
                    {
                        "word": "ER"
                    },
                    {
                        "word": "ER 댐퍼"
                    },
                    {
                        "word": "ER 유체"
                    },
                    {
                        "word": "RC"
                    },
                    {
                        "word": "RC 부하"
                    },
                    {
                        "word": "Shield"
                    },
                    {
                        "word": "Shield Case"
                    },
                    {
                        "word": "고전압"
                    },
                    {
                        "word": "고전압 전원장치"
                    },
                    {
                        "word": "구형파"
                    },
                    {
                        "word": "댐퍼"
                    },
                    {
                        "word": "동특성"
                    },
                    {
                        "word": "등가저항"
                    },
                    {
                        "word": "방전저항"
                    },
                    {
                        "word": "방전회로"
                    },
                    {
                        "word": "복사성"
                    },
                    {
                        "word": "비선형"
                    },
                    {
                        "word": "비선형 특성"
                    },
                    {
                        "word": "비선형성"
                    },
                    {
                        "word": "전도성 EMI"
                    },
                    {
                        "word": "전압 응답특성"
                    },
                    {
                        "word": "전압명령"
                    },
                    {
                        "word": "출력전압"
                    },
                    {
                        "word": "출력전압특성"
                    },
                    {
                        "word": "파형"
                    },
                    {
                        "word": "회로"
                    }
                ]
            },
            {
                "context_id": "55e-0c9-merge_2_034b7f4e-46b81a93-01d9-451a-844a-6e3148cba0e0_02",
                "context_K-NSCC": {
                    "field": "인공물",
                    "large_category": "ED",
                    "medium_category": "06"
                },
                "context": "<h2>2.2 ER 댐퍼의 전기적 모델링 및 특성</h2> <p>그림 2에 나타낸 ER 댐퍼의 전극부는 그림 3과 같이 단순화하여 나타낼 수 있으며 그림 4 와 같이 전기적으로 동가적인 저항과 커패시턴스로 모델링 될 수 있다. 여기서 등가저항과 커패시턴스 값은 ER 유체의 전류밀도(Current density), 유전상수-(Dielectric constant), 그리고 ER 댐퍼의 기계적인 구조에 의해서 결정된다.</p> <h2>2.2.1 등가 저항의 계산</h2> <p>ER 유체의 가장 중요한 파라미터 중의 하나는 인가 전압과 전류밀도의 관계이며 이를 이용하여 ER 댐퍼의 등가적인 저항 값을 도출할 수 있다. 그림 4를 이용하여 전류밀도, 전계, 전압, 전류의 관계를 구하면 다음과 같다.</p> <p>\\( I = J \\cdot 2 \\pi r_ {\\text { mean } } l \\)<caption>(1)</caption></p> <p>\\( E= \\frac { V } { b-a } \\)<caption>(2)</caption></p> <p>여기서, I 는 전류, J 는 전류밀도이며</p> <p>\\( r_ {\\text { mean } } = \\frac { a + b } { 2 } \\)<caption>(3)</caption></p> <p>이다. 전류밀도는 인가된 전계의 함수이며 다음 식으로 나타내 진다.</p> <p>\\( J= \\alpha E ^ {\\beta } \\)<caption>(4)</caption></p> <p>여기서, \\( \\alpha, \\beta \\) 는 ER 유체 고유의 특성을 나타내는 양의 상수이며 온도에 따라 변화한다. 식 (1)과 (2)로부터 ER 유체의 전류밀도는 다음과 같이 나타낼 수 있다.</p> <p>\\( J= \\alpha ^ {\\prime } V ^ {\\beta } \\)<caption>(5)</caption></p> <p>여기서,</p> <p>\\( \\alpha ^ {\\prime } = \\alpha \\cdot \\left ( \\frac { 1 } { b-a } \\right ) ^ {\\beta } \\)<caption>(6)</caption></p> <p>또한, 인가 전압에 대한 전류의 관계를 구하면 다음과 같다.</p> <p>\\( I= \\alpha ^ {\\prime \\prime } V ^ {\\beta } \\)<caption>(7)</caption></p> <p>또는,</p> <p>\\( V= \\sqrt[ \\beta] {\\frac { I } {\\alpha ^ {\\prime \\prime } } } \\)<caption>(8)</caption></p> <p>여기서,</p> <p>\\( \\alpha ^ {\\prime \\prime } =2 \\pi r_ {\\text { mean } } l \\cdot \\alpha \\cdot \\left ( \\frac { 1 } { b-a } \\right ) ^ {\\beta } = \\gamma \\alpha ^ {\\prime } \\)<caption>(9)</caption></p> <p>이며 \\( \\gamma \\) 는 ER 댐퍼의 기계적인 구조에 의해서 결정되는 상수이며 표 1 로부터 \\( \\gamma=2.601 \\times 10 ^ { -3 } \\mathrm { ~m } ^ { 2 } \\) 로 주어진다. 식 (7)으로부터 ER 댐퍼의 등가 직류저항은 다음과 같이 구할 수 있다.</p>",
                "context_length": 1656,
                "clue": [
                    {
                        "clue_text": "그림 2에 나타낸 ER 댐퍼의 전극부는 그림 3과 같이 단순화하여 나타낼 수 있으며 그림 4 와 같이 전기적으로 동가적인 저항과 커패시턴스로 모델링 될 수 있다.",
                        "clue_start": "36",
                        "clue_end": "126"
                    },
                    {
                        "clue_text": "여기서 등가저항과 커패시턴스 값은 ER 유체의 전류밀도(Current density), 유전상수-(Dielectric constant), 그리고 ER 댐퍼의 기계적인 구조에 의해서 결정된다.",
                        "clue_start": "127",
                        "clue_end": "233"
                    },
                    {
                        "clue_text": "ER 유체의 가장 중요한 파라미터 중의 하나는 인가 전압과 전류밀도의 관계이며 이를 이용하여 ER 댐퍼의 등가적인 저항 값을 도출할 수 있다.",
                        "clue_start": "266",
                        "clue_end": "345"
                    },
                    {
                        "clue_text": "그림 4를 이용하여 전류밀도, 전계, 전압, 전류의 관계를 구하면 다음과 같다.",
                        "clue_start": "346",
                        "clue_end": "390"
                    }
                ],
                "terminology": [
                    {
                        "word": "Current density"
                    },
                    {
                        "word": "Dielectric"
                    },
                    {
                        "word": "Dielectric constant"
                    },
                    {
                        "word": "ER"
                    },
                    {
                        "word": "ER 댐퍼"
                    },
                    {
                        "word": "ER 유체"
                    },
                    {
                        "word": "constant"
                    },
                    {
                        "word": "댐퍼"
                    },
                    {
                        "word": "등가 저항"
                    },
                    {
                        "word": "등가 직류저항"
                    },
                    {
                        "word": "인가 전압"
                    },
                    {
                        "word": "전계"
                    },
                    {
                        "word": "전극부"
                    },
                    {
                        "word": "전기적"
                    },
                    {
                        "word": "전기적 모델링"
                    },
                    {
                        "word": "전류"
                    },
                    {
                        "word": "전류밀도"
                    },
                    {
                        "word": "직류저항"
                    },
                    {
                        "word": "커패시턴스"
                    },
                    {
                        "word": "파라미터"
                    },
                    {
                        "word": "함수"
                    }
                ]
            },
            {
                "context_id": "55e-0c9-merge_2_034b7f4e-46b81a93-01d9-451a-844a-6e3148cba0e0_00",
                "context_K-NSCC": {
                    "field": "인공물",
                    "large_category": "ED",
                    "medium_category": "06"
                },
                "context": "<h1>요 약</h1> <p>ER 유체(Electrorheological fluid)는 인가 전계에 따라 유체의 점도(Viscosity)와 댐핑력(Damping force)이 변화하는 혼합물질이며 반능동 현가장치, 고속 클러치, 진동 흡수장치 등에 적용되고 있다. ER 유체의 응용을 위해서는 강한 전계를 인가해 줄 수 있는 고전압 가변 전원장치가 필요하다. 본 논문에서는 반능동 현가장치에 적용하기 위한 전원장치의 개발에 대하여 기술하였다. ER 유체의 전기적 툭성, 고전압 전원장치의 요구조건, 전원장치의 설계 및 제작에 대하여 설명하였으며 최종적으로 실험을 통하여 개발된 고전압 전원장치가 ER 유체 응용에 적합함을 검증하였다.</p> <h1>1. 서 론</h1> <p>ER 유체(Electrorheological fluid)는 인가된 전계(Electric field)에 의해 물질의 점도(Viscosity)가 변화하는 혼합물질이며 최근 들어 충격과 진동 흡수를 위한 여러 가지 기계장치와 동력전달장치 등에 적용이 활발히 진행되고 있다. ER 유체의 응용 분야는 반능동 현가장치(Semi-active suspension), 고속 클러치, 로봇 응용, 자동차 엔진의 진동 흡수장치 등으로 다양하며 기존의 유압이나 기계적인 장치로만 구성된 시스템에 비해 구조가 간단하고 응답특성이 빠르다는 큰 장점을 가지고 있다.</p> <p>자동차의 반능동 현가장치는 노면 상황에 따라 댐핑력(Damping force)을 적절히 제어하여 승차감을 향상 시키는 장치로 ER 유체의 응용이 가장 활발히 연구되고 있는 분야이다. 기존의 기계식 또는 전기유압식(Electro-hydraulic) 반능동 현가장치는 실린더 내에 존재하는 오리피스(Orifice)의 크기를 조절하여 댐핑력을 조절하므로 구조가 매우 복잡하나 ER 유체를 이용할 경우 매우 간단한 구조로 제작할 수 있다.</p> <p>ER 유체를 이용한 반능동 현가장치는 ER 댐퍼와 같은 기계장치와 고전압 전원장치, 제어기와 같은 전기장치로 구성되며 고전압 전원장치는 ER 댐퍼의 댐핑력 제어를 위한 가장 핵심적인 부분이다. ER 댐퍼의 댐핑력 제어를 위해서는 ER 유체에 수 kV/mm 이상의 강한 전계를 인가해 주어야 하며 이를 위해 수 kV 이상의 고전압을 인가할 수 있는 고전압 전원장치가 필요하다. 고전압 전원장치는 X-ray, CRT 등의 분야에 많이 적용되고 있으며 대부분 정전압 또는 정전류 출력을 가지고 있다. 그러나, ER 유체에 적용하기 위해서는 빠른 동특성이 필요하며 기존의 고전압 전원 장치를 사용할 경우 ER 유체의 빠른 응답특성을 효과적으로 활용하기 어럽다. 또한, 인가 전압에 따라 ER 유체의 전기적인 특성이 크게 변화한다는 큰 문제점이 있다. 따라서, 본 논문에서는 ER 유체를 이용한 반능동 현가장치에 적용하기 위한 고전압 전원장치의 개발에 대해서 기술한다.</p> <p>본 논문에서는 ER 유체의 전기적인 특성을 해석하여 ER 유체 응용을 위한 고전압 전원장치의 요구조건을 도출하였으며 이를 바탕으로 고전압 전원장치를 설계 및 제작하였다. 그리고, 실험 통하여 개발된 고전압 전원장치가 ER 유체 응용에 적합한 성능을 가지고 있음을 입증하였다.</p>",
                "context_length": 1583,
                "clue": [
                    {
                        "clue_text": "ER 유체(Electrorheological fluid)는 인가 전계에 따라 유체의 점도(Viscosity)와 댐핑력(Damping force)이 변화하는 혼합물질이며 반능동 현가장치, 고속 클러치, 진동 흡수장치 등에 적용되고 있다.",
                        "clue_start": "16",
                        "clue_end": "147"
                    },
                    {
                        "clue_text": "본 논문에서는 반능동 현가장치에 적용하기 위한 전원장치의 개발에 대하여 기술하였다.",
                        "clue_start": "201",
                        "clue_end": "247"
                    },
                    {
                        "clue_text": "ER 유체의 응용 분야는 반능동 현가장치(Semi-active suspension), 고속 클러치, 로봇 응용, 자동차 엔진의 진동 흡수장치 등으로 다양하며 기존의 유압이나 기계적인 장치로만 구성된 시스템에 비해 구조가 간단하고 응답특성이 빠르다는 큰 장점을 가지고 있다.",
                        "clue_start": "528",
                        "clue_end": "680"
                    },
                    {
                        "clue_text": "ER 댐퍼의 댐핑력 제어를 위해서는 ER 유체에 수 kV/mm 이상의 강한 전계를 인가해 주어야 하며 이를 위해 수 kV 이상의 고전압을 인가할 수 있는 고전압 전원장치가 필요하다.",
                        "clue_start": "1045",
                        "clue_end": "1146"
                    }
                ],
                "terminology": [
                    {
                        "word": "CRT"
                    },
                    {
                        "word": "Damping"
                    },
                    {
                        "word": "ER"
                    },
                    {
                        "word": "ER 댐퍼"
                    },
                    {
                        "word": "ER 유체"
                    },
                    {
                        "word": "suspension"
                    },
                    {
                        "word": "가변"
                    },
                    {
                        "word": "강한 전계"
                    },
                    {
                        "word": "고속 클러치"
                    },
                    {
                        "word": "고전압"
                    },
                    {
                        "word": "고전압 가변 전원장치"
                    },
                    {
                        "word": "고전압 전원"
                    },
                    {
                        "word": "고전압 전원장치"
                    },
                    {
                        "word": "댐퍼"
                    },
                    {
                        "word": "댐핑력"
                    },
                    {
                        "word": "동력전달장치"
                    },
                    {
                        "word": "동특성"
                    },
                    {
                        "word": "반능동 현가장치"
                    },
                    {
                        "word": "실린더"
                    },
                    {
                        "word": "오리피스"
                    },
                    {
                        "word": "인가 전계"
                    },
                    {
                        "word": "인가 전압"
                    },
                    {
                        "word": "전계"
                    },
                    {
                        "word": "전기유압식"
                    },
                    {
                        "word": "전기적"
                    },
                    {
                        "word": "점도"
                    },
                    {
                        "word": "정전류"
                    },
                    {
                        "word": "정전류 출력"
                    },
                    {
                        "word": "정전압"
                    },
                    {
                        "word": "진동 흡수장치"
                    },
                    {
                        "word": "현가장치"
                    }
                ]
            }
        ]
    }
}