{
    "dataset_info": {
        "identifier": "02-031-002-NL",
        "name": "기술과학 문서 요약 데이터",
        "category": "자연어",
        "last_updated": "2023-08-30"
    },
    "dataset": {
        "doc_id": "034b7f4e-23ba9aac-832d-450f-be9f-75d28c391627",
        "doc_type": "논문",
        "doc_title": {
            "kor": "ZCS형 역률 개선(QBSPR)의 데드빗(deadbeat)제어기 설계",
            "eng": ""
        },
        "doc_category": {
            "KDC": "560.5",
            "DDC": ""
        },
        "doc_number": {
            "ISSN": "1229-2214",
            "ISBN": "",
            "DOI": "",
            "UCI": ""
        },
        "doc_year": "1998",
        "doc_author": [
            "최현칠"
        ],
        "doc_publisher": "전력전자학회",
        "doc_license": "CC BY-NC",
        "context_info": [
            {
                "context_id": "55e-0c9-merge_ed_034b7f4e-23ba9aac-832d-450f-be9f-75d28c391627_04",
                "context_K-NSCC": {
                    "field": "인공물",
                    "large_category": "ED",
                    "medium_category": "05"
                },
                "context": "<p>그림 3에서 알 수 있듯이, 공진 탱크의 전류는 오직 \\( i ^ { * } { } _ { r, \\text { ave } } \\) 가 음의 기울기(Negative Slope)를 가질 때에 한해서 출력단으로 에너지를 전달하기 때문에 새로운 파라미터(parameter), \\( \\mathrm { K } \\) 를 써서 보정해 주어야 한다. 결과적으로, 출력단 \\( \\mathrm { RC } \\) 필터에 전달되는 실제 전류원은 다음과 같이 표현될 수 있다. \\( I_ { s o } \\left (f_ { n } \\right )= \\left (I_ {\\max } \\cdot \\frac { f_ { n } } { 2 ^ { m } } \\right ) \\cdot \\left ( \\frac { 2 } {\\pi } \\right ) \\cdot K \\)<caption>(11)</caption></p> <p>식(11)에서 표현된 전류원을 사용하면, \\( \\mathrm { QBSRR } \\) 의 전력단은 그림 5에 보인바와 같이 간단하게 표현되며 보정 요소 (Correction Factor), \\( K \\) 는 출력전압과 부하의 함수로서 아래와 같은 수식을 써서 반복적으로 구할 수 있다. \\( K= \\frac { v_ { o } } { i_ { C } \\cdot \\frac { 2 } {\\pi } \\cdot R_ { L } } \\)<caption>(12)</caption>윗 식에서, 분모는 전류 명령의 평균값이 출력단 \\( \\mathrm { RC } \\) 필터로 완전하게 전달되었을 때의 출력전압을 나타내고 분자는 실제로 얻어지는 출력 전압이다. 그림 6 에서는 특정한 부하값들을 이용하여 여러 출력 전압값에 따른 \\( \\mathrm { K } \\) 값을 구하였다. 이 그림에서 보면, 파라미터 \\( \\mathrm { K } \\) 의 크기는 부하의 변화에는 무관하며 단지, 출력전압에 주로 좌우됨을 알 수 있다. 식(11)로부터 출력단이 제로-오더 홀드(Zero-order Hold) 전류원으로 동작한다고 가정했으므로, 출력단 모델은 다음과 같이 이산 시간 영역 형태로 구해진다. \\( \\begin {aligned} G(z) &=Z \\left [ \\frac { 1-e ^ { -s T_ { h s } } } { s } \\cdot G(s) \\right ]= \\left (1-z ^ { -1 } \\right ) \\cdot Z \\left [ \\frac { G(s) } { s } \\right ] \\\\ &= \\frac { R_ { L } (1-D) } { z-D } \\end {aligned} \\)<caption>(13)</caption>여기서, \\( G(s)= \\frac { R_ { L } } { s R_ { L } C_ { o } + 1 } \\) \\( D=e ^ { - \\frac { T_ { h s } } { R_ { L } C_ { o } } } \\) 윗 식에서, \\( T_ { h s } \\) 는 입력 교류 전압의 반주기에 해당한다.</p>",
                "context_length": 1476,
                "clue": [
                    {
                        "clue_text": "그림 3에서 알 수 있듯이, 공진 탱크의 전류는 오직 \\( i ^ { * } { } _ { r, \\text { ave } } \\) 가 음의 기울기(Negative Slope)를 가질 때에 한해서 출력단으로 에너지를 전달하기 때문에 새로운 파라미터(parameter), \\( \\mathrm { K } \\) 를 써서 보정해 주어야 한다.",
                        "clue_start": "3",
                        "clue_end": "189"
                    },
                    {
                        "clue_text": "이 그림에서 보면, 파라미터 \\( \\mathrm { K } \\) 의 크기는 부하의 변화에는 무관하며 단지, 출력전압에 주로 좌우됨을 알 수 있다.",
                        "clue_start": "873",
                        "clue_end": "954"
                    }
                ],
                "terminology": [
                    {
                        "word": "Correction"
                    },
                    {
                        "word": "Correction Factor"
                    },
                    {
                        "word": "Hold"
                    },
                    {
                        "word": "Negative Slope"
                    },
                    {
                        "word": "QBSRR"
                    },
                    {
                        "word": "RC"
                    },
                    {
                        "word": "parameter"
                    },
                    {
                        "word": "공진 탱크"
                    },
                    {
                        "word": "교류 전압"
                    },
                    {
                        "word": "기울기"
                    },
                    {
                        "word": "보정 요소"
                    },
                    {
                        "word": "이산 시간"
                    },
                    {
                        "word": "이산 시간 영역"
                    },
                    {
                        "word": "전력단"
                    },
                    {
                        "word": "전류"
                    },
                    {
                        "word": "전류 명령"
                    },
                    {
                        "word": "제로-오더 홀드"
                    },
                    {
                        "word": "출력 전압값"
                    },
                    {
                        "word": "출력전압"
                    },
                    {
                        "word": "파라미터"
                    },
                    {
                        "word": "함수"
                    }
                ]
            },
            {
                "context_id": "55e-0c9-merge_ed_034b7f4e-23ba9aac-832d-450f-be9f-75d28c391627_07",
                "context_K-NSCC": {
                    "field": "인공물",
                    "large_category": "ED",
                    "medium_category": "05"
                },
                "context": "<h1>4. 시뮬레이션과 실험을 통한 증명</h1> <p>본 장에서는, 그림 1 에 제시한 회로구성을 사용하여 제안한 제어기의 우수한 동적특성을 조사하기 위하여 컴퓨터 시뮬레이션을 행하였다. 또한, 이들 결과를 실험결과와 비교함으로써 입증하였다. 여기에 사용된 파라미터 값들은 아래와 같다.</p> <p>\\( v_ { A C } =125 V_ {\\text { peak } } , L_ { r } =0.150 \\mathrm { mH } \\) \\( f r=82 \\mathrm { KHz } , C_ { o } =1000 \\mu \\mathrm { F } \\) \\( L_ { s } =70.0 \\mu H, C_ { s } =1.22 \\mu \\mathrm { F } \\) \\( v_ { o } =80 V_ { D C } \\)<caption>(30)</caption>그림 7에서, 제안한 제어기의 전형적인 데드빗 동작을 명확히 보이기 위하여 부하 저항 \\( 78 \\Omega \\) 과 \\( 135 \\Omega \\) 사이의 스텝 변화에 따른 시뮬레이션과 실험을 행하였다. 그림 7(a)와 그림 \\( 7( \\mathrm { ~b } ) \\) 의 위쪽 파형은 \\( 120 \\mathrm { ~Hz } \\) 에 해당하는 리플 성분을 가진 출력 전압의 응답 특성으로, 부하 변화가 발생후 2 번의 샘플링 기간 내에 정상상태로 진입함을 보여준다. 아래 파형은 공진 탱크에 대한 전류 명령 파형으로, 원하는 동적 응답을 이루기 위해서 매 샘플링 시점마다 크기가 제어기로부터 조절됨을 볼 수 있다. 식(20)에서, 전체 폐루프 시스템은 1 차로 모델링 되었다. 따라서, 데드빗 기본 성격에 의하면 부하 저항의 스텝 변화시에 출력 전압에서 발생하는 오차는 하나의 샘플링 기간내에 보상되어야 한다. 그러나, 실제로는 2 번의 샘플링 기간이 소요되는 것을 그림 7로부터 볼 수 있다. 이러한 현상은 식(29)에 보인 부하 예측 방정식의 성격에 기인한 것으로, 실제 부하 저항값과 예측된 값 사이에는 하나의 샘플링 기간에 해당하는 지연이 존재한다. 이와같은 지연에도 불구하고, 제안한 제어기의 응답특성이 기존에 발표된 여러 제어기에 비해 상당히 빠름을 알 수 있다. 앞서 그림 6 에서 제시한 보정 요소 \\( K \\) 에 대한 곡선은 컴퓨터 시뮬레이션을 통하여 구해졌다. 이 그림을 살펴보면, 출력 전압이 \\( 90 \\mathrm { ~V } \\) 이상인 경우에, \\( K \\) 값은 주로 출력 전압에 좌우되며 부하 저항에는 작게 의존함을 알 수 있다. 그러나, \\( 80 \\mathrm { ~V } \\) 근처에서는 부하값에 따라 다소 차이를 보이게 된다. 실험과 시뮬레이션에 사용된 \\( K \\) 값은 편의상 \\( 0.68 \\) 을 선정하여 행하였다. 그림 6 에서 파악할 수 있듯이, 이 값은 정확히 부하 저항 \\( 135 \\Omega \\) 에 해당하는 것이다. 따라서, 다른 부하 저항에 대하여 다소 예측 오차가 발생할 것이 예상되며, 그림 7(c)와 그림 8(c)에서 이를 입증한다. 비록, 이와같이 출력 전압 \\( 80 \\mathrm { ~V } \\) 하에서 \\( K \\) 값을 고정함으로써 부하 예측 오차가 발생하지만, 여전히 출력 전압의 동적 특성은 우수함을 보이고 있다. 이는, 제어 입력 \\( f_ { n } \\) 이 이러한 부하 예측 오차에 대한 보상 성격을 가지고 있기 때문이다. 그림 8은 부하가 큰폭으로 변할 때의 시스템 응답 특성을 보인다. 그림 8(a)와 그림 \\( 8( \\mathrm { ~b } ) \\) 에서, 부하 저항값이 \\( 78 \\Omega \\) 에서 \\( 220 \\Omega \\) 으로 변하는 순간에 출력 전압의 응답 특성이 데드빗 성격에서 이탈하는 모습을 보이고 있다. 이 현상의 원인은 아래쪽의 전류 명령 파형으로부터 쉽게 설명된다. 즉, 부하 변동 순간에 제어기가 전류 명령의 크기를 크게 낮추는 과정에서 전류 명령의 하측 경계치인 영(Zero) 준위에 의해 제약을 받아서 생기는 현상이다. 그러나. 이 순간에도 전류 명령은 가능한 최소의 값을 유지하므로써 응답 특성을 빠르게 하고 있음을 알 수 있다. 따라서, 본 논문에서 제안한 제어기는 어떠한 부하 변동 상황하에서도 항상 빠른 동적 응답 특성을 보장하게 된다. 또한 이러한 형태의 제어기는 QBSRR 회로뿐만 아니라 부우스트(Boost) 특성을 이용한 다른 여러 형태의 역률개선 회로의 제어기 설계에 유용하게 적용될 것으로 기대된다.</p> <h1>5. 결 론</h1> <p>본 논문에서는 최근 발표된 역률 개선 회로 QBSRR에 대하여 빠른 응답 특성을 갖는 데드빗 제어기를 체계적으로 설계하였으며, 전류 센서를 사용하지 않고 부하측 저항값을 효과적으로 감지하기 위한 부하 예측 기법을 유도하였다. 제안된 제어기는 입력 교류 전압의 반주기에 해당하는 샘플링 순간에 감지된 저항값을 이용하여 제어 이득을 최적화 함으로써 어떤 부하 조건에서도 항상 빠른 동적 응답 특성을 보장한다. 또한, 부하의 변화 순간에도 입력측 역률은 항상 높게 유지 되는 장점을 가지고 있다. 시뮬레이션을 통하여 제안한 제어기의 우수한 성능을 알 수 있었으며, 이를 실험 결과로부터 입증 하였다. 본 논문에서 제시한 제어기 설계 방법은 부우스트 성격을 가지는 다른 종류의 역률 개선 회로에도 널리 적용될 수 있을 것으로 기대된다.</p>",
                "context_length": 2619,
                "clue": [
                    {
                        "clue_text": "본 장에서는, 그림 1 에 제시한 회로구성을 사용하여 제안한 제어기의 우수한 동적특성을 조사하기 위하여 컴퓨터 시뮬레이션을 행하였다. 또한, 이들 결과를 실험결과와 비교함으로써 입증하였다.",
                        "clue_start": "32",
                        "clue_end": "137"
                    },
                    {
                        "clue_text": "본 논문에서는 최근 발표된 역률 개선 회로 QBSRR에 대하여 빠른 응답 특성을 갖는 데드빗 제어기를 체계적으로 설계하였으며, 전류 센서를 사용하지 않고 부하측 저항값을 효과적으로 감지하기 위한 부하 예측 기법을 유도하였다.",
                        "clue_start": "2208",
                        "clue_end": "2333"
                    },
                    {
                        "clue_text": "제안된 제어기는 입력 교류 전압의 반주기에 해당하는 샘플링 순간에 감지된 저항값을 이용하여 제어 이득을 최적화 함으로써 어떤 부하 조건에서도 항상 빠른 동적 응답 특성을 보장한다.",
                        "clue_start": "2334",
                        "clue_end": "2434"
                    },
                    {
                        "clue_text": "본 논문에서 제시한 제어기 설계 방법은 부우스트 성격을 가지는 다른 종류의 역률 개선 회로에도 널리 적용될 수 있을 것으로 기대된다.",
                        "clue_start": "2541",
                        "clue_end": "2615"
                    }
                ],
                "terminology": [
                    {
                        "word": "Boost"
                    },
                    {
                        "word": "QBSRR"
                    },
                    {
                        "word": "Zero"
                    },
                    {
                        "word": "peak"
                    },
                    {
                        "word": "공진 탱크"
                    },
                    {
                        "word": "교류 전압"
                    },
                    {
                        "word": "데드빗"
                    },
                    {
                        "word": "데드빗 동작"
                    },
                    {
                        "word": "데드빗 성격"
                    },
                    {
                        "word": "동적 응답"
                    },
                    {
                        "word": "동적 응답 특성"
                    },
                    {
                        "word": "리플 성분"
                    },
                    {
                        "word": "방정식"
                    },
                    {
                        "word": "보정 요소"
                    },
                    {
                        "word": "부우스트"
                    },
                    {
                        "word": "부하 변동"
                    },
                    {
                        "word": "부하 예측 기법"
                    },
                    {
                        "word": "부하 저항"
                    },
                    {
                        "word": "부하 저항값"
                    },
                    {
                        "word": "부하값"
                    },
                    {
                        "word": "샘플링 순간"
                    },
                    {
                        "word": "센서"
                    },
                    {
                        "word": "시뮬레이션"
                    },
                    {
                        "word": "시스템 응답"
                    },
                    {
                        "word": "역률"
                    },
                    {
                        "word": "역률개선"
                    },
                    {
                        "word": "역률개선 회로"
                    },
                    {
                        "word": "입력측 역률"
                    },
                    {
                        "word": "전류"
                    },
                    {
                        "word": "전류 명령"
                    },
                    {
                        "word": "전류 센서"
                    },
                    {
                        "word": "제어 이득"
                    },
                    {
                        "word": "제어 입력"
                    },
                    {
                        "word": "제어기"
                    },
                    {
                        "word": "준위"
                    },
                    {
                        "word": "출력 전압"
                    },
                    {
                        "word": "컴퓨터 시뮬레이션"
                    },
                    {
                        "word": "파라미터"
                    },
                    {
                        "word": "파형"
                    },
                    {
                        "word": "폐루프"
                    },
                    {
                        "word": "폐루프 시스템"
                    },
                    {
                        "word": "회로"
                    }
                ]
            },
            {
                "context_id": "55e-0c9-merge_ed_034b7f4e-23ba9aac-832d-450f-be9f-75d28c391627_01",
                "context_K-NSCC": {
                    "field": "인공물",
                    "large_category": "ED",
                    "medium_category": "05"
                },
                "context": "<h1>2. QBSRR의 동작 설명</h1> <p>본 장에서는, 이미 기존에 발표된 바 있는 역률개선 회로인 QBSRR의 내부 동작과 제어기 설계의 기초가 되는 전력단 모델링에 대하여 이해를 돕기 위하여 간략히 서술하였다.</p> <h2>2.1 기본 동작 및 동적 모델링</h2> <p>그림 1에서 알 수 있듯이 QBSRR은 하프-브릿지 직렬공진 변환기로 구성되어 있다. 스위치 \\( Q_ { 1 } \\) 과 \\( Q_ { 2 } \\) 는 계속해서 에너지를 입력측으로부터 끌어내기 위하여 번갈아 온 오프를 반복하며, 양방향 스위치 \\( Q_ { 3 } \\) 는 공진탱크의 전류를 제어한다. 스위칭 동작은 공진 전류가 영(Zero)이 되는 지점에서 이루어지며 각 스위치의 도통기간은 공진기간의 절반과 일치한다. 공진탱크에 대한 파라미터 들은 \\( Z = \\sqrt { L_ { r } / C_ { r } } \\), \\( T=2 \\pi \\sqrt { L_ { r } C_ { r } } \\), 그리고 \\( \\omega=1 / \\sqrt { L_ { r } C_ { r } } \\) 이다. 만일, 입력 전압의 정류값과 출력 전압이 내부 공진 기간의 반주기 동안 일정하다고 가정하면, QBSRR의 내부 공진탱크는 테이블 1 에 제시한 4 가지 동작 모드를 가진다. 이들 각 모드에 따른 파형을 그림 2(a)에 보였다. 그림 \\( 2( \\mathrm { ~b } ) \\) 에 정의된 상태 방정식을 사용하여, \\( \\mathrm { k } \\)-번째 시간 영역동안의 QBSRR회로의 내부 공진 탱크 동작은 다음 수식으로 대표될 수 있다.</p> <ul> <li>\\( \\begin {aligned} \\operatorname { sign } \\left [i_ { r } \\right ] \\cdot & v_ { s } (t)=L_ { r } \\frac { d i_ { r } (t) } { d t } + v_ { c 1 } (t) \\\\ & + \\operatorname { sign } \\left [i_ { r } (t) \\right ] \\cdot[1-s(k)] \\cdot v_ { o } (t) \\end {aligned} \\)<caption>(1)</caption></li> <li>\\( C_ { r } \\frac { d v_ { c 1 } (t) } { d t } =i_ { r } (t) \\)<caption>(2)</caption></li></ul> <p>여기서 \\( C_ { r } =C_ { 1 } + C_ { 2 } \\) \\( [1-s(k)] \\cdot \\left |i_ { r } (t) \\right |=C_ { o } \\frac { d v_ { o } (t) } { d t } + \\frac { v_ { o } (t) } { R_ { L } } \\)<caption>(3)</caption>여기서, 공진 탱크에 대한 등가 전원 \\( v_ { s } (t) \\) 는 전압 \\( \\mid v_ { A C } (t) \\) 의 절반에 해당한다. 또한, \\( S(k) \\) 는 스위치 \\( Q_ { 3 } \\) 의 턴온과 턴오프 상태에 따라 1 과 0 두 값을 갖는다. 식(1)의 좌항은 공진 탱크에 실제로 가해지는 입력 전압을 의미하며, 우항의 \\( \\operatorname { sign } \\left [i_ { r } (t) \\right ] \\cdot[1-S(k)] \\cdot v_ { o } (t) \\) 는 스위치 \\( Q_ { 3 } \\) 의 상태에 따라 트랜스포머의 1 차측에 반영되는 출력전압을 표시한다. 윗 식으로부터, 컴퓨터 시뮬레이션을 위한 QBSRR의 이산 상태 방정식(discrete state equation)은 다음과 같이 간략하게 표현 될 수 있다.</p>",
                "context_length": 1829,
                "clue": [
                    {
                        "clue_text": "본 장에서는, 이미 기존에 발표된 바 있는 역률개선 회로인 QBSRR의 내부 동작과 제어기 설계의 기초가 되는 전력단 모델링에 대하여 이해를 돕기 위하여 간략히 서술하였다.",
                        "clue_start": "28",
                        "clue_end": "124"
                    },
                    {
                        "clue_text": "그림 1에서 알 수 있듯이 QBSRR은 하프-브릿지 직렬공진 변환기로 구성되어 있다.",
                        "clue_start": "160",
                        "clue_end": "207"
                    },
                    {
                        "clue_text": "스위치 \\( Q_ { 1 } \\) 과 \\( Q_ { 2 } \\) 는 계속해서 에너지를 입력측으로부터 끌어내기 위하여 번갈아 온 오프를 반복하며, 양방향 스위치 \\( Q_ { 3 } \\) 는 공진탱크의 전류를 제어한다.",
                        "clue_start": "208",
                        "clue_end": "329"
                    },
                    {
                        "clue_text": "스위칭 동작은 공진 전류가 영(Zero)이 되는 지점에서 이루어지며 각 스위치의 도통기간은 공진기간의 절반과 일치한다. 공진탱크에 대한 파라미터 들은 \\( Z = \\sqrt { L_ { r } / C_ { r } } \\), \\( T=2 \\pi \\sqrt { L_ { r } C_ { r } } \\), 그리고 \\( \\omega=1 / \\sqrt { L_ { r } C_ { r } } \\) 이다.",
                        "clue_start": "330",
                        "clue_end": "550"
                    },
                    {
                        "clue_text": "만일, 입력 전압의 정류값과 출력 전압이 내부 공진 기간의 반주기 동안 일정하다고 가정하면, QBSRR의 내부 공진탱크는 테이블 1 에 제시한 4 가지 동작 모드를 가진다.",
                        "clue_start": "551",
                        "clue_end": "647"
                    }
                ],
                "terminology": [
                    {
                        "word": "QBSRR"
                    },
                    {
                        "word": "Zero"
                    },
                    {
                        "word": "공진 전류"
                    },
                    {
                        "word": "공진탱크"
                    },
                    {
                        "word": "내부 공진"
                    },
                    {
                        "word": "내부 공진 탱크"
                    },
                    {
                        "word": "도통기간"
                    },
                    {
                        "word": "동적 모델링"
                    },
                    {
                        "word": "등가 전원"
                    },
                    {
                        "word": "방정식"
                    },
                    {
                        "word": "상태 방정식"
                    },
                    {
                        "word": "스위치"
                    },
                    {
                        "word": "스위칭"
                    },
                    {
                        "word": "시뮬레이션"
                    },
                    {
                        "word": "역률개선"
                    },
                    {
                        "word": "우항"
                    },
                    {
                        "word": "이산 상태"
                    },
                    {
                        "word": "전력단"
                    },
                    {
                        "word": "전류"
                    },
                    {
                        "word": "제어기"
                    },
                    {
                        "word": "좌항"
                    },
                    {
                        "word": "직렬공진"
                    },
                    {
                        "word": "출력전압"
                    },
                    {
                        "word": "컴퓨터 시뮬레이션"
                    },
                    {
                        "word": "턴오프 상태"
                    },
                    {
                        "word": "트랜스포머"
                    },
                    {
                        "word": "파라미터"
                    },
                    {
                        "word": "파형"
                    },
                    {
                        "word": "하프-브릿지"
                    }
                ]
            },
            {
                "context_id": "55e-0c9-merge_ed_034b7f4e-23ba9aac-832d-450f-be9f-75d28c391627_03",
                "context_K-NSCC": {
                    "field": "인공물",
                    "large_category": "ED",
                    "medium_category": "05"
                },
                "context": "<h1>2.3 QBSRR의 내부동작에 대한 시뮬레이션과 실험</h1> <p>앞서 기술한 기본 동작을 바탕으로, 식(4)를 이용하여 QBSRR의 내부 동작을 시뮬레이션 하였으며 이 결과를 실험을 통해 검증하였다. 그림 4에 이를 보였다. 여기에 사용된 파라미터 값들은 아래와 같다. \\( v_ {\\text { AC } } =125 V_ {\\text { peak } } , L_ { r } =0.15 \\mathrm { mH } , f_ { r } =82 \\mathrm { KHz } \\), \\( C_ { o } =1000 \\mu F, L_ { s } =70.0 \\mu \\mathrm { H } , C_ { s } =1.22 \\mu \\mathrm { F } \\) \\( R_ { L } =135 \\Omega \\)<caption>(8)</caption></p> <p>그림 4(a)는 입력 전류와 입력 전압 파형들을 보였다. 두 파형이 서로 같은 모양, 같은 위상을 가지며 역률이 \\( 0.98 \\) 로 크게 향상되었다. 그림 \\( 4( \\mathrm { ~b } ) \\) 는 전류 명령, 공진 전류, 그리고 출력 전압 파형들을 나타낸다. 앞서 언급한 바와 같이, 입력 전류는 전류 명령의 절반에 해당하는 크기를 가지며, 출력 전압 범위는 입력 전압 피크치의 절반이상이 가능하게 된다. 이를 그림 4 를 통하여 확인 할 수 있다. 전류 \\( i ^ { * } { } _ { r, a v e } \\) 가 전류 명령 \\( i_ { C } \\) 를 효과적으로 추종하므로, 주어진 부하로부터 출력 전압은 전류 명령의 크기에 의해 결정되어진다. 따라서, 원하는 출력 전압을 얻기 위해서는 전류 명령의 크기가 출력측 정보로부터 적절하게 조절 되어져야 함을 알 수 있다.</p> <h1>2.4 간략화된 전력단 모델</h1> <p>디지탈 제어기를 사용한 QBSRR 회로는 원하는 출력 전압을 얻기 위하여 입력 교류 전압이 영(Zero) 지점을 지나는 순간마다 내부 공진 탱크에 대한 전류 명령의 크기를 결정하는 제어가 이루어진다. \\( { } ^ { (5) } \\) 따라서, 다음 입력 전압의 반주기 동안에 공진탱크에 가해질 전류 명령 \\( i_ { C } \\) 의 크기를 결정하기 위해서는 샘플링 기간 사이에 공진 탱크로부터 출력 필터로 전달되는 전류량을 정확하게 파악하는 것이 무엇보다도 중요하다. 그림 4에서 보는 바와 같이 공진 탱크의 전류가 전류 명령을 효과적으로 추종하므로, QBSRR의 출력단에 제공되는 전류는 전류 명령을 사용하여 다음과 같이 표현할 수 있다. \\( \\begin {aligned} i_ { s o } \\left (t, f_ { n } \\right ) &=i_ { C } \\left (t, f_ { n } \\right ) \\\\ &=I_ {\\max } \\cdot \\frac { f_ { n } } { 2 ^ { m } } \\cdot \\left | \\sin \\left ( \\omega_ { A C } \\cdot t \\right ) \\right | \\end {aligned} \\)<caption>(9)</caption>여기서, \\( I_ {\\max } \\) 는 전파 정류된 입력 전압으로부터 생성된 전류 명령의 최대값이다. ' \\( m \\) ' 은 \\( \\mathrm { ADC } \\) 의 비트 수이며 \\( \\omega_ { A C } \\) 는 입력 주파수이다. 식(9)로 표현되는 파형은 전파 정류된 사인파형이며 이는 각 제어 순간(Control Instant)마다 제어기에 의해 크기가 조절된다. 그러나, 만일 출력단이 \\( i_ { s o } \\) 의 평균치와 일치하는 크기를 가진 제로-오더 홀드(Zero-order Hold) 전류원에 의해 동작한다고 가정하면 전력단의 수학적인 모델은 더욱 간단하게 된다. 이러한 가정으로부터 다음을 구할 수 있다. \\( I_ { s o } \\left (f_ { n } \\right )= \\left (I_ {\\max } \\cdot \\frac { f_ { n } } { 2 ^ { m } } \\right ) \\cdot \\left ( \\frac { 2 } {\\pi } \\right ) \\)<caption>(10)</caption></p>",
                "context_length": 2057,
                "clue": [
                    {
                        "clue_text": "앞서 기술한 기본 동작을 바탕으로, 식(4)를 이용하여 QBSRR의 내부 동작을 시뮬레이션 하였으며 이 결과를 실험을 통해 검증하였다.",
                        "clue_start": "42",
                        "clue_end": "117"
                    },
                    {
                        "clue_text": "따라서, 원하는 출력 전압을 얻기 위해서는 전류 명령의 크기가 출력측 정보로부터 적절하게 조절 되어져야 함을 알 수 있다.",
                        "clue_start": "798",
                        "clue_end": "866"
                    },
                    {
                        "clue_text": "디지탈 제어기를 사용한 QBSRR 회로는 원하는 출력 전압을 얻기 위하여 입력 교류 전압이 영(Zero) 지점을 지나는 순간마다 내부 공진 탱크에 대한 전류 명령의 크기를 결정하는 제어가 이루어진다.",
                        "clue_start": "899",
                        "clue_end": "1010"
                    }
                ],
                "terminology": [
                    {
                        "word": "ADC"
                    },
                    {
                        "word": "Control"
                    },
                    {
                        "word": "Hold"
                    },
                    {
                        "word": "QBSRR"
                    },
                    {
                        "word": "QBSRR 회로"
                    },
                    {
                        "word": "Zero"
                    },
                    {
                        "word": "peak"
                    },
                    {
                        "word": "공진 전류"
                    },
                    {
                        "word": "공진탱크"
                    },
                    {
                        "word": "교류 전압"
                    },
                    {
                        "word": "내부 공진"
                    },
                    {
                        "word": "내부 공진 탱크"
                    },
                    {
                        "word": "디지탈 제어기"
                    },
                    {
                        "word": "사인파형"
                    },
                    {
                        "word": "시뮬레이션"
                    },
                    {
                        "word": "역률"
                    },
                    {
                        "word": "위상"
                    },
                    {
                        "word": "전력단"
                    },
                    {
                        "word": "전류"
                    },
                    {
                        "word": "전류 명령"
                    },
                    {
                        "word": "전파 정류"
                    },
                    {
                        "word": "정류"
                    },
                    {
                        "word": "제로-오더 홀드"
                    },
                    {
                        "word": "제어기"
                    },
                    {
                        "word": "주파수"
                    },
                    {
                        "word": "출력 전압"
                    },
                    {
                        "word": "출력 전압 범위"
                    },
                    {
                        "word": "파라미터"
                    },
                    {
                        "word": "파형"
                    },
                    {
                        "word": "피크치"
                    },
                    {
                        "word": "회로"
                    }
                ]
            },
            {
                "context_id": "55e-0c9-merge_ed_034b7f4e-23ba9aac-832d-450f-be9f-75d28c391627_05",
                "context_K-NSCC": {
                    "field": "인공물",
                    "large_category": "ED",
                    "medium_category": "05"
                },
                "context": "<h1>3. 데드빗(Deadbeat) 제어기 설계</h1> <h2>\\( 3.1 \\) 데드빗 제어 알고리즘</h2> <p>앞서 언급했듯이, 디지털 PI 제어기를 사용한 경우에도 전체 시스템의 근(Root)들을 Z-영역의 원점에 위치하게 함으로써 빠른 동적 응답 특성을 얻을 수 있다. 그러나, 이러한 종류의 제어기에서는 제어기의 이득이 고정된 값을 가지므로 부하의 값이 달라지게 되면 빠른 응답 특성을 보장할 수 없게 된다. 반면, 본 논문에서 제안한 데드빗 제어기는 부하측 정보로부터 제어 이득이 최적으로 조절되기 때문에 항시 빠른 동적 특성을 보장할 수 있게 된다. 식(13)로부터, 출력 전압에 대한 수식은 다음과 같이 표현될 수 있다.</p> <p>\\( v_ { o } (z)= \\frac { R_ { L } (1-D) } { z-D } \\cdot I_ { s o } \\)<caption>(14)</caption>식(14)를 이산시간(Discrete time) 형태로 표현하면 다음과 같다.</p> <p>\\( v_ { o } (k + 1)=v_ { o } (k) \\cdot D + R_ { L } (1-D) \\cdot I_ { i } \\cdot f_ { n } \\)<caption>(15)</caption>여기서, 새로운 변수 \\( x_ { 1 } (k) \\) 를 다음과 같이 선정하면</p> <p>\\( x_ { 1 } (k)=V_ { r e f } -v_ { o } (k) \\)<caption>(16)</caption>식(15)로부터, 다음 수식이 구해진다. \\( \\begin {aligned} x_ { 1 } (k + 1)=& D \\cdot x_ { 1 } (k) + V_ {\\text { ref } } (1-D) \\\\ &-R_ { L } \\cdot(1-D) \\cdot I_ { i } \\cdot f_ { n } \\end {aligned} \\)<caption>(17)</caption>윗식으로부터 제어 입력 \\( f_ { n } \\) 을 아래와 같이 선정하자. \\(rf_ { n } (k)=- \\alpha_ { 1 } x_ { 1 } (k) + \\frac { V_ {\\text { ref } } } { R_ { L } \\cdot I_ { i } } \\)<caption>(18)</caption>식(18)을 (17) 대입 정리하면 다음이 얻어진다. \\( x_ { 1 } (k + 1)= \\left [D + \\alpha_ { 1 } R_ { L } (1-D) I_ { i } \\right ] x_ { 1 } (k) \\)<caption>(19)</caption>윗식으로부터 특성방정식이 아래와 같이 된다. \\( A(z)=z- \\left [D + \\alpha_ { 1 } R_ { L } (1-D) I_ { i } \\right ] \\)<caption>(20)</caption>데드빗 특성은 시스템의 모든 근들이 Z-영역의 원점에 위치 하는 것을 의미하므로, 특성방정식은 다음과 같아야 한다. \\( A(z)=z \\)<caption>(21)</caption> <ve>식(20)과 (21)을 비교하면, 피드백 이득은 아래와 같이 유도된다. \\( \\alpha_ { 1 } =- \\frac { D } { R_ { L } (1-D) I_ { i } } \\)<caption>(22)</caption>식(22)를 (18)에 대입, 정리하면, 아래와 같이 제어 입력이 구해진다. \\( f_ { n } (k)= \\frac { D } { R_ { L } (1-D) I_ { i } } x_ { 1 } (k) + \\frac { V_ { r e f } } { R_ { L } \\cdot I_ { i } } \\)<caption>(23)</caption>만일 윗식에서 사용된 부하 저항값이 다음에 구해지는 부하 예측 기법에 의한 값이라고 하면, 식(23)은 다음과 같이 바뀌어 진다. \\( f_ { n } (k)= \\frac { D } {\\hat { R } _ { L } (1-D) I_ { i } } x_ { 1 } (k) + \\frac { V_ {\\text { ref } } } {\\hat { R } _ { L } \\cdot I_ { i } } \\)<caption>(24)</caption></p>",
                "context_length": 2058,
                "clue": [
                    {
                        "clue_text": "반면, 본 논문에서 제안한 데드빗 제어기는 부하측 정보로부터 제어 이득이 최적으로 조절되기 때문에 항시 빠른 동적 특성을 보장할 수 있게 된다.",
                        "clue_start": "237",
                        "clue_end": "317"
                    },
                    {
                        "clue_text": "\\( A(z)=z- \\left [D + \\alpha_ { 1 } R_ { L } (1-D) I_ { i } \\right ] \\)<caption>(20)</caption>데드빗 특성은 시스템의 모든 근들이 Z-영역의 원점에 위치 하는 것을 의미하므로, 특성방정식은 다음과 같아야 한다.",
                        "clue_start": "1293",
                        "clue_end": "1451"
                    },
                    {
                        "clue_text": "\\( f_ { n } (k)= \\frac { D } { R_ { L } (1-D) I_ { i } } x_ { 1 } (k) + \\frac { V_ { r e f } } { R_ { L } \\cdot I_ { i } } \\)<caption>(23)</caption>만일 윗식에서 사용된 부하 저항값이 다음에 구해지는 부하 예측 기법에 의한 값이라고 하면, 식(23)은 다음과 같이 바뀌어 진다.",
                        "clue_start": "1660",
                        "clue_end": "1880"
                    }
                ],
                "terminology": [
                    {
                        "word": "Discrete time"
                    },
                    {
                        "word": "PI"
                    },
                    {
                        "word": "PI 제어기"
                    },
                    {
                        "word": "Root"
                    },
                    {
                        "word": "Z-영역"
                    },
                    {
                        "word": "데드빗"
                    },
                    {
                        "word": "데드빗 제어 알고리즘"
                    },
                    {
                        "word": "동적 응답"
                    },
                    {
                        "word": "동적 응답 특성"
                    },
                    {
                        "word": "부하 예측 기법"
                    },
                    {
                        "word": "부하 저항값"
                    },
                    {
                        "word": "알고리즘"
                    },
                    {
                        "word": "이산시간"
                    },
                    {
                        "word": "제어 이득"
                    },
                    {
                        "word": "제어 입력"
                    },
                    {
                        "word": "제어기"
                    },
                    {
                        "word": "출력 전압"
                    },
                    {
                        "word": "특성방정식"
                    }
                ]
            },
            {
                "context_id": "55e-0c9-merge_ed_034b7f4e-23ba9aac-832d-450f-be9f-75d28c391627_02",
                "context_K-NSCC": {
                    "field": "인공물",
                    "large_category": "ED",
                    "medium_category": "05"
                },
                "context": "<p>\\( \\left [ \\begin {array} { c } i_ { r, \\text { ave } } ^ { * } (k + 1) \\\\ v_ { o } (k + 1) \\end {array} \\right ]= \\left [ \\begin {array} { cc } 1 & - \\frac { 4 } {\\pi Z } \\left [1-s ^ { * } (k + 1) \\right ] \\\\ \\frac {\\pi Z \\gamma } { 2 } (1-s(k)) & 1 \\end {array} \\right ] \\) \\( \\left [ \\begin {array} { c } i_ { r, \\text { ave } } ^ { * } (k) \\\\ v_ { o } (k) \\end {array} \\right ] + \\left [ \\begin {array} { c } \\frac { 4 v_ { s } (k) } {\\pi Z } \\\\ 0 \\end {array} \\right ] \\)<caption>(4)</caption>여기서 \\( \\gamma=2 C_ { r } / C_ { o } \\) 이고, \\( Z= \\sqrt { L_ { r } / C_ { r } } \\) 이다. 전류 \\( i ^ { * } { } _ { r, \\text { ave } } \\) 는 공진 반주기 시간 영역에서의 공진전류 절대치의 평균값을 나타내며 \\( S ^ { * } (k) \\) 은 다음과 같이 표현된다. \\( S ^ { * } (k)= \\frac { S(k) + S(k + 1) } { 2 } \\)<caption>(5)</caption>식(5)로부터, 전류 \\( i ^ { * } { } _ { r, \\text { ave } } \\) 는 \\( S(k + 1 \\) 의 적절한 선택에 의해서 효과적으로 제어 될 수 있음을 알 수 있다.</p> <h1>2.2 QBSRR의 역률개선 동작</h1> <p>QBSRR의 내부 공진 탱크의 기본 동작은 입력측에서 높은 역률을 얻도록 하는 것이다. 높은 역률을 얻기 위해서는 입력측에 흐르는 전류가 입력 전압과 같은 모양, 같은 위상을 가지도록 제어 되어야 한다. 이를 위해서 QBSRR 회로에서는 각 공진 전류의 영전류 순간마다 \\( Q_ { 1 } \\) 과 \\( Q_ { 2 } \\) 를 번갈아 도통과 개방을 함으로써 입력측에서 공진탱크쪽으로 계속해서 에너지가 흘러 들어가도록 하였다. 이와같은 모드 선정을 바탕으로 내부 공진 전류가 입력 교류 전압 형태를 추종하도록 제어하면 높은 역률을 얻게 되는 것이다. 그림 1 에서 알 수 있듯이, 공진탱크 내부 전류에 대한 기준 신호로 입력측 전압의 정류된 형태를 사용하며 수식으로는 다음과 같이 표현된다. \\( i_ { C } =g_ { C } \\cdot \\left |v_ { A C } (k) \\right | \\)<caption>(6)</caption>여기서 \\( g_ { C } \\) 는 부하측에서 요구되는 전력을 공급하기 위하여 적절한 값을 가져야 하는 상수이며 출력전압 제어기로부터 원하는 전압을 유지하기 위해 자동적으로 조정된다. QBSRR 회로가 하프-브릿지 (half-bridge) 형태를 가지므로 전류 \\( i_ { s } \\) 는 공진 전류의 절대값 \\( \\mid i_ { r } \\) 의 절반에 해당하는 크기와 동일한 모양을 가지게 된다. 공진 전류를 제어하기 위한 변수는 \\( Q_ { 3 } \\) 의 상태를 나타내는 \\( S(k + 1) \\) 이며 다음과 같은 수치를 갖는다. \\( S(k + 1)= \\left ( \\begin {array} { lll } 1, & \\text { at } & i_ { C } >i ^ { * } { } _ { r, \\text { ave } } \\\\ 0, & \\text { at } & i_ { C } \\leq i_ { r, \\text { ave } } ^ { * } \\end {array} \\right ) \\)<caption>(7)</caption>그러나, 하드웨어 구성을 위하여 고려해야 할 사항이 있는데, 이는 만일 입력 전원전압의 반주기 동안 공진탱크 전류의 극성이 균형을 이루지 못하게 되면 출력측 트랜스포머에서 코아 포화(Core Saturation)라는 심각한 문제가 발생하게 된다. 이러한 문제에 대한 해결은 제어변수 \\( S(k + 1) \\) 을 공진 전류의 각 반주기 대신 각 주기마다 제어를 하면 된다. 이러한 원리를 이해하는 데 도움을 주기 위하여 그림 3에 QBSRR의 동작 원리를 나타내었다. 그림 3에서 파악할 수 있듯이, 전류 \\( i ^ { * } { } _ { r, a v e } \\) 는 스위치 \\( Q_ { 3 } \\) 의 적절한 선택에 의해서 효과적으로 제어된다. 스위치 \\( Q_ { 3 } \\) 가 턴온되면, 출력 필터단이 공진 탱크로부터 분리되어 내부 공진 전류는 계속 증가하게 된다. 이 증가된 에너지는 \\( Q_ { 3 } \\) 가 턴오프 될 때 출력측으로 전달되며 공진 전류는 이 기간동안 하강 기울기를 취하게 된다. 이러한 동작은 기존의 부우스트(Boost) 회로 동작과 근본적으로 같다고 할 수 있다. 이상 설명한 방법으로 QBSRR 회로는 입력측에서 높은 역률을 보장하게 되며, 출력측에서 원하는 전압을 얻을 수 있다. 또한, 하프-브릿지(Half-Bridge) 구성으로 인하여 출력 전압 범위가 입력 교류 전압 피크값의 절반 이상으로 다소 넓어진다.</p>",
                "context_length": 2634,
                "clue": [
                    {
                        "clue_text": "QBSRR의 내부 공진 탱크의 기본 동작은 입력측에서 높은 역률을 얻도록 하는 것이다.",
                        "clue_start": "926",
                        "clue_end": "974"
                    },
                    {
                        "clue_text": "높은 역률을 얻기 위해서는 입력측에 흐르는 전류가 입력 전압과 같은 모양, 같은 위상을 가지도록 제어 되어야 한다.",
                        "clue_start": "975",
                        "clue_end": "1039"
                    },
                    {
                        "clue_text": "이를 위해서 QBSRR 회로에서는 각 공진 전류의 영전류 순간마다 \\( Q_ { 1 } \\) 과 \\( Q_ { 2 } \\) 를 번갈아 도통과 개방을 함으로써 입력측에서 공진탱크쪽으로 계속해서 에너지가 흘러 들어가도록 하였다.",
                        "clue_start": "1040",
                        "clue_end": "1165"
                    },
                    {
                        "clue_text": "그러나, 하드웨어 구성을 위하여 고려해야 할 사항이 있는데, 이는 만일 입력 전원전압의 반주기 동안 공진탱크 전류의 극성이 균형을 이루지 못하게 되면 출력측 트랜스포머에서 코아 포화(Core Saturation)라는 심각한 문제가 발생하게 된다.",
                        "clue_start": "1928",
                        "clue_end": "2065"
                    },
                    {
                        "clue_text": "이러한 문제에 대한 해결은 제어변수 \\( S(k + 1) \\) 을 공진 전류의 각 반주기 대신 각 주기마다 제어를 하면 된다.",
                        "clue_start": "2066",
                        "clue_end": "2136"
                    }
                ],
                "terminology": [
                    {
                        "word": "QBSRR"
                    },
                    {
                        "word": "QBSRR 회로"
                    },
                    {
                        "word": "Saturation"
                    },
                    {
                        "word": "공진 반주기"
                    },
                    {
                        "word": "공진 전류"
                    },
                    {
                        "word": "공진전류"
                    },
                    {
                        "word": "공진탱크"
                    },
                    {
                        "word": "교류 전압"
                    },
                    {
                        "word": "극성"
                    },
                    {
                        "word": "기준 신호"
                    },
                    {
                        "word": "내부 공진"
                    },
                    {
                        "word": "내부 공진 탱크"
                    },
                    {
                        "word": "변수"
                    },
                    {
                        "word": "부우스트"
                    },
                    {
                        "word": "부우스트(Boost) 회로"
                    },
                    {
                        "word": "부하"
                    },
                    {
                        "word": "스위치"
                    },
                    {
                        "word": "역률"
                    },
                    {
                        "word": "역률개선"
                    },
                    {
                        "word": "영전류"
                    },
                    {
                        "word": "위상"
                    },
                    {
                        "word": "입력측 전압"
                    },
                    {
                        "word": "자동적"
                    },
                    {
                        "word": "전류"
                    },
                    {
                        "word": "전압"
                    },
                    {
                        "word": "전원전압"
                    },
                    {
                        "word": "절대값"
                    },
                    {
                        "word": "정류"
                    },
                    {
                        "word": "제어기"
                    },
                    {
                        "word": "출력 전압 범위"
                    },
                    {
                        "word": "출력전압"
                    },
                    {
                        "word": "코아"
                    },
                    {
                        "word": "트랜스포머"
                    },
                    {
                        "word": "피크값"
                    },
                    {
                        "word": "하강 기울기"
                    },
                    {
                        "word": "하드웨어"
                    },
                    {
                        "word": "하프-브릿지"
                    },
                    {
                        "word": "하프-브릿지(Half-Bridge)"
                    },
                    {
                        "word": "회로"
                    }
                ]
            },
            {
                "context_id": "55e-0c9-merge_ed_034b7f4e-23ba9aac-832d-450f-be9f-75d28c391627_06",
                "context_K-NSCC": {
                    "field": "인공물",
                    "large_category": "ED",
                    "medium_category": "05"
                },
                "context": "<h2>\\( 3.2 \\) 부하 예측 기법(Load Estimation Method)</h2> <p>일반적으로 부하저항을 측정하기 위하여 전류 센서를 사용 하는데 이는 구현하는데 비용이 추가되는 단점이 있다. 따라서, 본 논문에서는 이러한 단점을 극복하고 효과적으로 부하저항을 예측하기 위하여 부하 예측 기법이 체계적으로 유도되었다. 이 방식을 사용함으로써 출력 전압 제어기의 이득이 매 샘플링 순간마다 효과적으로 제어되어서 여러 부하 조건하에서도 항상 빠른 동적 특성을 유지할 수 있게 된다. 부하 저항값이 예측된 값이라고 가정하면, 식(15)로 표현되는 출력 전압은 다음과 같이 정리된다. \\( \\begin {aligned} v_ { o } (k)=& v_ { o } (k-1) \\left (e ^ { - \\frac { T_ { h s } } {\\hat { R } _ { L } C_ { o } } } \\right ) \\\\ & + \\hat { R } _ { L } \\left (1-e ^ { - \\frac { T_ { h s } } {\\hat { R } _ { L } C_ { o } } } \\right ) \\cdot I_ { i } \\cdot f_ { n } (k-1) \\end {aligned} \\)<caption>(25)</caption>디지탈 제어기를 사용하므로, 윗 식의 \\( v_ { o } (k), v_ { o } (k-1) \\) 그리고 \\( f_ { n } (k-1) \\) 은 용이하게 구해지며, 지수함수는 다음과 같이 나열해서 쓸 수 있다.</p> <p>\\( \\begin {aligned} e ^ { - \\frac { T_ { h s } } {\\hat { R } _ { L } C_ { o } } } =& 1- \\frac { T_ { h s } } {\\hat { R } _ { L } C_ { o } } + \\frac {\\left (- \\frac { T_ { h s } } {\\hat { R } _ { L } C_ { o } } \\right ) ^ { 2 } } { 2 ! } \\\\ & + \\frac {\\left (- \\frac { T_ { h s } } {\\hat { R } _ { L } C_ { o } } \\right ) ^ { 3 } } { 3 ! } + \\cdots \\cdots \\end {aligned} \\)<caption>(26)</caption>윗식에서 고차항이 무시할 수 있을 정도로 작으므로, 다음과 같이 간략화 된다. \\( e ^ { - \\frac { T_ { h s } } {\\hat { R } _ { L } C_ { o } } } \\cong 1- \\frac { T_ { h s } } {\\hat { R } _ { L } C_ { o } } \\)<caption>(27)</caption>식(27)을 식(25)에 적용하면 출력 전압은 다음과 같이 된다. \\( \\begin {aligned} v_ { o } (k)=& v_ { o } (k-1) \\left (1- \\frac { T_ { h s } } {\\hat { R } _ { L } C_ { o } } \\right ) \\\\ & + \\frac { T_ { h s } } { C_ { o } } \\cdot I_ { i } \\cdot f_ { n } (k-1) \\end {aligned} \\)<caption>(28)</caption>따라서, 부하 예측 방정식은 다음과 같이 유도된다. \\( \\hat { R } _ { L } = \\frac { T_ { h s } \\cdot v_ { o } (k-1) } { C_ { o } \\left [v_ { o } (k-1)-v_ { o } (k) \\right ] + T_ { h s } \\cdot f_ { n } (k-1) \\cdot I_ { i } } \\)<caption>(29)</caption>윗식은 출력 전압의 과거값 뿐만 아니라, 현재값도 포함하므로 실제 부하 저항값과 예측값 사이에는 하나의 샘플링 타임에 해당하는 시간지연이 발생한다.</p>",
                "context_length": 1945,
                "clue": [
                    {
                        "clue_text": "일반적으로 부하저항을 측정하기 위하여 전류 센서를 사용 하는데 이는 구현하는데 비용이 추가되는 단점이 있다.",
                        "clue_start": "55",
                        "clue_end": "115"
                    },
                    {
                        "clue_text": "따라서, 본 논문에서는 이러한 단점을 극복하고 효과적으로 부하저항을 예측하기 위하여 부하 예측 기법이 체계적으로 유도되었다.",
                        "clue_start": "116",
                        "clue_end": "185"
                    },
                    {
                        "clue_text": "이 방식을 사용함으로써 출력 전압 제어기의 이득이 매 샘플링 순간마다 효과적으로 제어되어서 여러 부하 조건하에서도 항상 빠른 동적 특성을 유지할 수 있게 된다.",
                        "clue_start": "186",
                        "clue_end": "275"
                    }
                ],
                "terminology": [
                    {
                        "word": "고차항"
                    },
                    {
                        "word": "디지탈 제어기"
                    },
                    {
                        "word": "방정식"
                    },
                    {
                        "word": "부하 예측 기법"
                    },
                    {
                        "word": "부하 저항값"
                    },
                    {
                        "word": "부하저항"
                    },
                    {
                        "word": "샘플링 타임"
                    },
                    {
                        "word": "센서"
                    },
                    {
                        "word": "전류"
                    },
                    {
                        "word": "전류 센서"
                    },
                    {
                        "word": "전압 제어기"
                    },
                    {
                        "word": "제어기"
                    },
                    {
                        "word": "지수함수"
                    },
                    {
                        "word": "출력 전압"
                    },
                    {
                        "word": "출력 전압 제어기"
                    }
                ]
            },
            {
                "context_id": "55e-0c9-merge_ed_034b7f4e-23ba9aac-832d-450f-be9f-75d28c391627_00",
                "context_K-NSCC": {
                    "field": "인공물",
                    "large_category": "ED",
                    "medium_category": "05"
                },
                "context": "<h1>요약</h1> <p>근래에 들어, 입력 교류전원에서 양질의 전럭을 공급하기 위하여 역률 개선 회로에 대한 연구가 활발히 진행되고 있다. 그 중 QBSRR이라는 ZCS(Zero Current Switching) 공진형 역률 개선 회로가 최근에 소개되었는데, 본 논문에서는, QBSRR 회로의 전력단에 대하여 간단하고 정확한 모델링을 이용하여 안정된 출력 전압과 빠른 동적특성을 얻기 위한 데드빗(Deadbeat) 제어기를 체계적으로 설계하였다. 또한, 전류 센서를 사용하지 않고 부하 저항값을 파악하기 위하여 부하 예측 기법(Load Estimation Method)을 유도하였다. 본 논문에서 제안한 제어기를 이용하면, 역률개선 회로의 출력측에 나타나는 \\( 120 \\mathrm { ~Hz } \\) 의 리플에도 불구하고 안정된 출력전압과 빠른 동적 특성을 얻을 수 있게 된다. 아울러, 과도 응답 상태에서도 입럭측의 높은 역률이 유지되는 장점을 가지고 있다. 시뮬레이션과 실험을 통하여 본 논문에서 제안한 제어기의 우수한 특성을 입증하였다.</p> <h1>1. 서 론</h1> <p>최근 들어 꾸준하게 연구가 이루어지고 있는 역률개선 회로의 주된 목적은 크게 두가지로 나눌 수 있는데 첫째로, 입력측에서의 높은 역률을 얻는 것이고, 그 다음은 우수한 성능의 제어기를 통하여 안정된 출력 전압을 얻는데 있다. 최근들어 발표된 많은 논문들은 대부분이 입력측 역률개선에 관련된 논문이 주를 이루었다고 볼 수 있으며, 역률 개선회로의 출력 전압 제어기에 대한 연구는 미비한 실정이다. 잘 알려진 바와 같이, 역률개선 회로는 기존의 직류/직류 변환기와 달리 출력측에서 \\( 120 \\mathrm { ~Hz } \\) 에 해당하는 무시할 수 없는 크기의 리플이 존재하는데 이러한 톡성으로 인하여 출력 전압 제어기 설계에 상당한 어려움이 존재하게 된다. 이러한 문제를 해결하고자 하는 방안들을 크게 두가지로 나누면 아날로그 형태의 제어기와 디지탈 형태의 제어기로 나눌 수 있다. 아날로그 제어기의 경우, 입력측에서의 역률을 회손하지 않으면서 출력전압을 정류하기 위해서는 출력측 커패시터를 크게 해야 하는 단점이 존재한다. 특히, 빠른 동적 특성과 과도순간에 입력측 고역률 유지라는 측면에서 보면 아날로그 제어기 형태는 적절한 해결책이라고 할 수 없다. 이와같은 상황을 고려할 때, Henze에 의해 제안된, 입력 신호 주기의 절반에 해당하는 샘플링 기간을 가지는 디지탈 제어기가 좀더 바람직하다고 할 수 있다. 그러나. 이 연구에서는 폐루프 구성에 대하여 체계적인 설계 방식을 제시하지 못 하였을 뿐만 아니라 전력단에 대한 부정확한 모델링으로 인해 실험결과와 시뮬레이션 결과사이에 다소 차이를 보이고 있다. 이러한 문제에 해결방안으로, QBSRR 회로에 대하여 정확한 전력단 모델을 유도하고 디지탈 PI(Proportional-Integral) 제어기를 설계하는 연구가 최근에 이루어졌다. 이 연구는 승합 성격(Boosting feature)을 가지는 역률회로의 정확한 모델링 방식과 극배치(Pole Assignment)방식에 의한 디지탈 제어기 설계 기법을 체계적으로 제시하였다. 그러나. 이와같은 제어기는 고정된 제어 이득을 가지기 때문에 부하조건에 따른 최적의 동적특성을 제시한다는 측면에서 미흡하다고 할 수 있다. 따라서, 본 논문에서는 어떠한 부하조건하에서도 빠른 동적 특성을 보장하는 데드빗(Deadbeat) 제어기의 설계 기법을 제안하였다. 이 제어기는 기존의 PI 제어기와는 달리. 제어 이득이 매 샘플링 순간마다 부하측의 정보로부터 조절되기 때문에 부하값의 변동에 대해서도 항상 최적의 동적특성을 가지게 된다. 또한, 본 논문에서는 제안된 제어기의 이득을 부하측 정보로부터 조절하기 위하여 부하 예측 기법(Load Estimation Method)이 유도 되었다. 이상적인 데드빗 제어는 시스템의 차수에 해당하는 샘플링 기간내에 오차를 영(Zero)으로 만드는 것이다. 그러나, 본 논문에서 구성한 데드빗 제어에서는 이상적인 동작과 약간의 차이가 발생하는 데 그 주요 요인들은 다음과 같다.</p> <ul> <li>(1) 시간 지연 제안된 제어기에서는 하나의 샘플링 타임에 해당하는 시간 지연이 발생하는데 이는 부하 예측 기법의 특성상 발생하게 된다. 이를 3장에서 보였다.</li> <li>(2) 제어 신호의 상측과 하측 경계치 QBSRR의 내부 공진 탱크에 대한 제어 신호는 상측과 하측의 경계치를 가진다. 하측 경계치는 역률회로의 성격상 나타나는 현상으로 그 값은 영(Zero)으로 고정 되어 있다. 반면, 상측 경계치는 스위칭 소자의 전류 용량에 따라서 결정되어지므로 부하 변동을 고려하여 소자를 선정하게 되면 문제가 되지 않는다.</li></ul> <p>이상에서 설명한 두가지 주요 제한 요소에도 불구하고 제안한 제어기의 동적 특성은 상당히 우수한 면을 보이며, 시뮬레이션과 실험을 통하여 충분히 입증 하였다.</p>",
                "context_length": 2428,
                "clue": [
                    {
                        "clue_text": "따라서, 본 논문에서는 어떠한 부하조건하에서도 빠른 동적 특성을 보장하는 데드빗(Deadbeat) 제어기의 설계 기법을 제안하였다.",
                        "clue_start": "1633",
                        "clue_end": "1706"
                    },
                    {
                        "clue_text": "또한, 본 논문에서는 제안된 제어기의 이득을 부하측 정보로부터 조절하기 위하여 부하 예측 기법(Load Estimation Method)이 유도 되었다.",
                        "clue_start": "1804",
                        "clue_end": "1889"
                    },
                    {
                        "clue_text": "이상에서 설명한 두가지 주요 제한 요소에도 불구하고 제안한 제어기의 동적 특성은 상당히 우수한 면을 보이며, 시뮬레이션과 실험을 통하여 충분히 입증 하였다.",
                        "clue_start": "2337",
                        "clue_end": "2424"
                    },
                    {
                        "clue_text": "시간 지연 제안된 제어기에서는 하나의 샘플링 타임에 해당하는 시간 지연이 발생하는데 이는 부하 예측 기법의 특성상 발생하게 된다.",
                        "clue_start": "2034",
                        "clue_end": "2106"
                    },
                    {
                        "clue_text": "제어 신호의 상측과 하측 경계치 QBSRR의 내부 공진 탱크에 대한 제어 신호는 상측과 하측의 경계치를 가진다.",
                        "clue_start": "2133",
                        "clue_end": "2195"
                    }
                ],
                "terminology": [
                    {
                        "word": "PI"
                    },
                    {
                        "word": "PI 제어기"
                    },
                    {
                        "word": "QBSRR"
                    },
                    {
                        "word": "QBSRR 회로"
                    },
                    {
                        "word": "Switching"
                    },
                    {
                        "word": "ZCS"
                    },
                    {
                        "word": "경계치"
                    },
                    {
                        "word": "고역률"
                    },
                    {
                        "word": "공진 탱크"
                    },
                    {
                        "word": "공진형"
                    },
                    {
                        "word": "공진형 역률 개선 회로"
                    },
                    {
                        "word": "과도 응답 상태"
                    },
                    {
                        "word": "과도순간"
                    },
                    {
                        "word": "교류전원"
                    },
                    {
                        "word": "극배치"
                    },
                    {
                        "word": "내부 공진"
                    },
                    {
                        "word": "내부 공진 탱크"
                    },
                    {
                        "word": "데드빗"
                    },
                    {
                        "word": "디지탈 PI"
                    },
                    {
                        "word": "디지탈 제어기"
                    },
                    {
                        "word": "디지탈 제어기 설계 기법"
                    },
                    {
                        "word": "리플"
                    },
                    {
                        "word": "모델링"
                    },
                    {
                        "word": "부하 변동"
                    },
                    {
                        "word": "부하 예측 기법"
                    },
                    {
                        "word": "부하 저항값"
                    },
                    {
                        "word": "부하값"
                    },
                    {
                        "word": "샘플링"
                    },
                    {
                        "word": "샘플링 타임"
                    },
                    {
                        "word": "센서"
                    },
                    {
                        "word": "스위칭"
                    },
                    {
                        "word": "스위칭 소자"
                    },
                    {
                        "word": "승합 성격"
                    },
                    {
                        "word": "시뮬레이션"
                    },
                    {
                        "word": "시스템의 차수"
                    },
                    {
                        "word": "아날로그 제어기"
                    },
                    {
                        "word": "역률"
                    },
                    {
                        "word": "역률 개선회로"
                    },
                    {
                        "word": "역률개선"
                    },
                    {
                        "word": "역률회로"
                    },
                    {
                        "word": "입력 교류전원"
                    },
                    {
                        "word": "전력단"
                    },
                    {
                        "word": "전류"
                    },
                    {
                        "word": "전류 센서"
                    },
                    {
                        "word": "전류 용량"
                    },
                    {
                        "word": "전압 제어기"
                    },
                    {
                        "word": "제어 이득"
                    },
                    {
                        "word": "제어기"
                    },
                    {
                        "word": "제어기 형태"
                    },
                    {
                        "word": "출력 전압 제어기"
                    },
                    {
                        "word": "출력전압"
                    },
                    {
                        "word": "커패시터"
                    },
                    {
                        "word": "폐루프"
                    },
                    {
                        "word": "회로"
                    }
                ]
            }
        ]
    }
}