{
    "dataset_info": {
        "identifier": "02-031-002-NL",
        "name": "기술과학 문서 요약 데이터",
        "category": "자연어",
        "last_updated": "2023-08-30"
    },
    "dataset": {
        "doc_id": "034b7f4e-61f85150-3fb7-4d37-91dc-96a2cbaadbb3",
        "doc_type": "논문",
        "doc_title": {
            "kor": "IPMSM 센서리스 제어의 안정된 기동을 위한 간단한 초기회전자 추정기법",
            "eng": ""
        },
        "doc_category": {
            "KDC": "560.5",
            "DDC": ""
        },
        "doc_number": {
            "ISSN": "1229-2214",
            "ISBN": "",
            "DOI": "",
            "UCI": ""
        },
        "doc_year": "2011",
        "doc_author": [
            "김건명",
            "박병건",
            "구본관",
            "김래영",
            "현동석"
        ],
        "doc_publisher": "전력전자학회",
        "doc_license": "CC BY-NC",
        "context_info": [
            {
                "context_id": "55e-0c9-merge_ed_034b7f4e-61f85150-3fb7-4d37-91dc-96a2cbaadbb3_03",
                "context_K-NSCC": {
                    "field": "인공물",
                    "large_category": "ED",
                    "medium_category": "03"
                },
                "context": "<h2>3.1 초기 회전자 추정 판별과정</h2> <p>그림 4는 각 고정자 권선에 공간전압벡터를 인가했을 때의 회로 구성을 보여준다. 이렇게 추정된 범위 내에서 회전시키고자 하는 방향에 의해 원하는 방향에 위치한 기준이 되는 공간전압벡터 위치를 회전자의 초기 위치로 설정한다. 이러한 과정을 순서대로 나타내면 다음과 같다.</p> <p>Step1 \\( V_ { 1 } (1,0,0), V_ { 3 } (0,1,0), V_ { 5 } (0,0,1), V_ { 4 } (0,1,1) \\) 의 공간전압벡터를 짧은 시간동안 인버터로부터 전동기 고정자 권선에 인가한다. 이때 나타나는 고정자 각 상의 전류를 검출 한다.</p> <o>Step2 \\( V_ { 1 } (1,0,0) \\) 과 \\( V_ { 4 } (0,1,1) \\) 에 의해 나타나는 상전류 크기의 대소관계로 회전자의 N 극의 위치가 오른쪽 반면인지 왼쪽 반면 인지 판별하고, N 극의 위치가 판별된 후 N 극이 위치한 \\( 180 ^ {\\circ } \\) 범위 안에서 \\( \\mathrm { V } _ { 1 } (1,0,0) \\), \\( \\mathrm { V } _ { 3 } (0,1,0) \\), 그리고 \\( \\mathrm { V } _ { 6 } (0,0,1) \\) 의 전류 대소 관계를 비교하여 회전자 d축의 위치를 반경 \\( 60 ^ {\\circ } \\) 범위 안에서 판별한다.</p> <p>Step3 전동기를 회전시키고자 하는 방향에 따라 인접한 공간전압벡터를 기준으로 공간전압벡터를 인가한다.</p> <p>그림 5 는 초기 회전자의 위치 추정 판별과정을 도식화하여 나타낸 것이다. 초기 회전자 위치 검출을 위해 인가된 4 개의 공간전압벡터 \\( \\left (V_ { 1 } , V_ { 3 } , V_ { 5 } , V_ { 4 } \\right ) \\) 중에 만약 \\( V_ { 1 } \\) 에 의한 전류가 \\( \\mathrm { V } _ { 4 } \\) 에 의한 전류보다 크다면 회전자의 N 극은 오른쪽 반면에 있다는 뜻이며, 따라서 회진자의 \\( d \\) 축은 \\( 180 ^ {\\circ } \\) 반경 내인 \\( 90 ^ {\\circ } \\) 와 \\( 270 ^ {\\circ } \\) 범위 안에 놓여있다는 것을 그림 5(a)에 나타내고 있다. 그리고 만약 전류의 크기의 결과가 \\( I_ { u } >I_ { v } >I_ { w } \\) 이라면 \\( I_ { v } \\) 가 가장 크기 때문에 회전자의 \\( d \\) 축은 그림 5(b)와 같이 \\( \\mathrm { V } _ { 1 } \\) 을 중심으로 \\( 60 ^ {\\circ } \\)범위 안에 위치하게 된다. 또한, 두 번째로 큰 전류의 크기가 \\( I_ { v } \\) 이므로 그림 5(c) 와 같이 \\( \\mathrm { V } _ { 1 } \\) 중심의 \\( 60 ^ {\\circ } \\) 내의 범위 중 \\( 0 ^ {\\circ } \\) 에서 \\( 30 ^ {\\circ } \\) 범위 안에 회전자의 \\( d \\) 축이 위치하게 된다. 위와 동일한 방법으로 만약 \\( \\mathrm { V } _ { 1 } >\\mathrm { V } _ { 4 } \\) 이고 \\( I_ { a } >I_ {\\mathrm { w } } >I_ { V } \\) 의 순서라면 회전자의 \\( d \\) 축은 그림 5(d) 와 같이 우반면 \\( \\left (270 ^ {\\circ } \\sim 90 ^ {\\circ } \\right ) \\) 에 위치하고 범위는 \\( 330 ^ {\\circ } \\) 에서 \\( 0 ^ {\\circ } \\) 내에 놓여 있게 된다. 반대의 경우로서 만약 \\( \\mathrm { V } _ { 1 }< \\mathrm { V } _ { 4 } \\) 이고 \\( I_ {\\psi } >I_ { w } >I_ { w } \\) 의 경우라면 이번엔 \\( \\mathrm { V } _ { 4 } \\) 가 \\( \\mathrm { V } _ { 1 } \\) 보다 크므로 회전자의 \\( d \\) 축은 그림 5(e) 와 같이 좌반면에 위치하게 되는 것을 알수가 있다. 그리고 \\( I_ { v } \\) 가 가장 크기 때문에 \\( d \\) 축이 그림 5(f) 와 같이 \\( \\mathrm { V } _ { 3 } \\) 를 중심으로 \\( 60 ^ {\\circ } \\) 범위인 \\( 90 ^ {\\circ } \\sim 150 ^ {\\circ } \\) 안에 위치하게 되는 것을 알 수 있다. 그리고나서 두 번째로 큰 전류가 \\( I_ { W } \\) 이므로 d축이 그림 5(g) 와 같이 \\( V_ { 3 } \\) 벡터를 중심의 \\( 60 ^ {\\circ } \\) 내의 범위에서 \\( 90 ^ {\\circ } \\sim 120 ^ {\\circ } \\) 범위에 위치하게 되는 것을 알 수 있다. 또한, \\( V_ { 1 }<V_ { 4 } \\) 이고 \\( I_ { v } >I_ { u } >I_ { w } \\) 의 순서라면 회진자의 \\( d \\) 축은 그림 5(h) 와 같이 \\( 120 ^ {\\circ } \\sim 150 ^ {\\circ } \\) 범위 사이에 놓여 있게 된다.</p>",
                "context_length": 2515,
                "summary": "본 논문은 각 고정자 권선에 공간전압벡터를 인가했을 때의 회로 구성을 나타냈다. 초기 회전자 추정 판별과정은 \\( V_ { 1 } (1,0,0), V_ { 3 } (0,1,0), V_ { 5 } (0,0,1), V_ { 4 } (0,1,1) \\)의 공간전압벡터를 단시간동안 인버터로부터 전동기 고정자 권선에 인가하고, 나타나는 고정자 각 상의 전류를 검출 한다. 이후 전동기를 회전시키려는 방향에 따라 인접한 공간전압벡터를 기준으로 공간전압벡터를 인가한다.",
                "clue": [
                    {
                        "clue_text": "그림 4는 각 고정자 권선에 공간전압벡터를 인가했을 때의 회로 구성을 보여준다.",
                        "clue_start": "31",
                        "clue_end": "75"
                    },
                    {
                        "clue_text": "Step1 \\( V_ { 1 } (1,0,0), V_ { 3 } (0,1,0), V_ { 5 } (0,0,1), V_ { 4 } (0,1,1) \\) 의 공간전압벡터를 짧은 시간동안 인버터로부터 전동기 고정자 권선에 인가한다.",
                        "clue_start": "189",
                        "clue_end": "314"
                    },
                    {
                        "clue_text": "Step3 전동기를 회전시키고자 하는 방향에 따라 인접한 공간전압벡터를 기준으로 공간전압벡터를 인가한다.",
                        "clue_start": "704",
                        "clue_end": "762"
                    },
                    {
                        "clue_text": "이때 나타나는 고정자 각 상의 전류를 검출 한다.",
                        "clue_start": "315",
                        "clue_end": "342"
                    }
                ],
                "terminology": [
                    {
                        "word": "고정자"
                    },
                    {
                        "word": "고정자 권선"
                    },
                    {
                        "word": "공간전압벡터"
                    },
                    {
                        "word": "벡터"
                    },
                    {
                        "word": "상전류"
                    },
                    {
                        "word": "우반면"
                    },
                    {
                        "word": "전동기"
                    },
                    {
                        "word": "전류"
                    },
                    {
                        "word": "좌반면"
                    },
                    {
                        "word": "초기 회전자"
                    },
                    {
                        "word": "초기 회전자 위치"
                    },
                    {
                        "word": "회로"
                    },
                    {
                        "word": "회로 구성"
                    },
                    {
                        "word": "회전자"
                    },
                    {
                        "word": "회전자 위치 검출"
                    },
                    {
                        "word": "회진자"
                    }
                ]
            },
            {
                "context_id": "55e-0c9-merge_ed_034b7f4e-61f85150-3fb7-4d37-91dc-96a2cbaadbb3_02",
                "context_K-NSCC": {
                    "field": "인공물",
                    "large_category": "ED",
                    "medium_category": "03"
                },
                "context": "<p>\\( I_ { v- \\omega } =I_ { 0 } + \\Delta I_ { u } =I_ { 0 } + \\Delta I_ { 0 } \\cos (2 \\theta- \\pi) \\)<caption>(5)</caption></p> <p>\\( \\Delta I_ { u } =I_ { u } -I_ { 0 } , \\Delta I_ { v } =I_ { v } -I_ { 0 } , \\Delta I_ { w } =I_ { w } -I_ { 0 } \\)<caption>(6)</caption></p> <p>위 식에서 \\( \\mathrm { I } 0 \\) 는 전류의 직류성분이고 \\( \\Delta \\mathrm { I } 0 \\) 는 전류 리플의 진폭이다. 또한 Iu, Iv, Iw는 각 고정자 권선 상전류의 최대값을 나타내며 \\( \\Delta \\mathrm { Iu } , \\Delta \\mathrm { Iv } , \\Delta \\mathrm { Iw } \\) 는 각 고정자 권선의 상전류 리플을 나타낸다.</p> <p>전류의 직류성분에 관한 식은 다음과 같다.</p> <p>\\( I_ { 0 } = \\frac { 1 } { 3 } \\left (I_ { u } + I_ { v } + I_ { u } \\right ) \\)<caption>(7)</caption></p> <p>따라서 본 논문에서는 특정한 공간전압벡터를 인가하고 회전자 위치에 따라 변하는 인덕턴스의 영향을 받아 다르게 나타나는 전류 응답의 크기를 이용하여 초기 회전자의 위치를 추정하게 된다.</p> <h1>3. 제안된 초기 회전자 위치추정방법</h1> <p>그림 2 는 IPMSM 구동 시스템을 나타낸다. 인버터를 구성하고 있는 6개의 스위치 조합에 의해 전동기로 그림 3 과 같은 공간 전압 벡터가 인가된다. 기존의 인덕턴스에 의한 전류포화현상으로 초기 회전자 위치 추정방법들은 공간전압벡터를 수차례 인가하여 초기 회전자의 위치추정 오차 범위를 \\( 360 ^ {\\circ } \\) 에서 \\( 180 ^ {\\circ } , 180 ^ {\\circ } \\) 에서 \\( 60 ^ {\\circ } , 60 ^ {\\circ } \\) 에서 \\( 30 ^ {\\circ } \\) 등으로 고정자 인덕턴스의 전류응답을 수시로 확인하면서 추정 가능범위를 좁히는데 그 목적이 있었다. 하지만 제안된 초기 회전자 추정 방법은 공간전압벡터를 여러 번 인가하여 초기 회전자의 위치 오차를 줄여보려는 시도와는 달리, 그림 3에서 보여지는 \\( 120 ^ {\\circ } \\) 간격의 공간전압벡터 \\( \\mathrm { V } _ { 1 } (1,0,0), \\mathrm { V } _ { 3 } (0,1,0) \\), \\( \\mathrm { V } _ { 5 } (0,0,1), \\mathrm { V } _ { 4 } (0,1,1) \\) 를 중간 연산 없이 짧게 한번만 인가하여 나타나는 각 상의 고정자 권선의 전류를 비교 한다. 전류 응답의 크기는 상대적으로 작은 값을 가지는 인덕턴스 위치에서 가장 크게 나타나기 때문에 전류의 크기가 가장 큰 상의 회전자 위치를 \\( N \\) 극이 위치하게 되는 \\( d \\) 축 방향으로 추정하여 초기 회전자의 위치를 \\( 30 ^ {\\circ } \\) 간격 이내에서 판별한다.</p>",
                "context_length": 1600,
                "summary": "(7)은 전류의 직류성분에 대한 식이다. 본 논문에서는 공간전압벡터를 인가하고 초기 회전자의 위치를 추정하며 전류의 응답 크기는 회전자 위치에 따라 변화하는 인덕턴트의 영향을 받게 된다. IPMSM 구동 시스템은 초기 회전자의 위치 추정 오차 범위를 변화하며 전류 응답을 확인하여 추정 가능 범위를 좁히기 위해 사용되었다.",
                "clue": [
                    {
                        "clue_text": "공간전압벡터를 인가하고 회전자 위치에 따라 변하는 인덕턴스의 영향을 받아 다르게 나타나는 전류 응답의 크기를 이용하여 초기 회전자의 위치를 추정하게 된다.",
                        "clue_start": "670",
                        "clue_end": "756"
                    },
                    {
                        "clue_text": "기존의 인덕턴스에 의한 전류포화현상으로 초기 회전자 위치 추정방법들은 공간전압벡터를 수차례 인가하여 초기 회전자의 위치추정 오차 범위를 \\( 360 ^ {\\circ } \\) 에서 \\( 180 ^ {\\circ } , 180 ^ {\\circ } \\) 에서 \\( 60 ^ {\\circ } , 60 ^ {\\circ } \\) 에서 \\( 30 ^ {\\circ } \\) 등으로 고정자 인덕턴스의 전류응답을 수시로 확인하면서 추정 가능범위를 좁히는데 그 목적이 있었다.",
                        "clue_start": "880",
                        "clue_end": "1134"
                    }
                ],
                "terminology": [
                    {
                        "word": "IPMSM"
                    },
                    {
                        "word": "고정자"
                    },
                    {
                        "word": "고정자 권선"
                    },
                    {
                        "word": "고정자 인덕턴스"
                    },
                    {
                        "word": "공간전압벡터"
                    },
                    {
                        "word": "권선의 전류"
                    },
                    {
                        "word": "벡터"
                    },
                    {
                        "word": "상전류"
                    },
                    {
                        "word": "상전류 리플"
                    },
                    {
                        "word": "스위치"
                    },
                    {
                        "word": "인덕턴스"
                    },
                    {
                        "word": "전동기"
                    },
                    {
                        "word": "전류"
                    },
                    {
                        "word": "전류 리플"
                    },
                    {
                        "word": "전류응답"
                    },
                    {
                        "word": "전류포화현상"
                    },
                    {
                        "word": "전압 벡터"
                    },
                    {
                        "word": "직류성분"
                    },
                    {
                        "word": "진폭"
                    },
                    {
                        "word": "초기 회전자"
                    },
                    {
                        "word": "초기 회전자 위치"
                    },
                    {
                        "word": "회전자"
                    }
                ]
            },
            {
                "context_id": "55e-0c9-merge_ed_034b7f4e-61f85150-3fb7-4d37-91dc-96a2cbaadbb3_00",
                "context_K-NSCC": {
                    "field": "인공물",
                    "large_category": "ED",
                    "medium_category": "03"
                },
                "context": "<h1>요약</h1> <p>본 논문은 역기전력 기반 센서리스 제어 시 안정적인 기동성능 확보를 위한 간단한 초기 회전자 위치추정 방법을 제안하였다. 제안된 방법은 전동기의 고정자 권선 인덕틴스의 차이에 의한 전류응답특성을 이용하여 초기 회전자 위치를 추정한다. 이러한 초기 회전자 위치추정 방법은 알고리즘 구현이 간단하고 추가적인 외부회로가 불필요하며, 전동기 상수의 영향을 받지 않는다. 제안된 방법의 타당성은 실험결과를 통하여 검증하였다.</p> <h1>1. 서 론</h1> <p>매입형 영구자석 동기전동기(Interior Permanent Magnet Synchronous Motor, IPMSM)는 마그네틱 토크만을 이용하는 표면 부착형 영구자석 동기전동기(Surface-mounted Permanent Magnet Synchronous Motor, SPMSM)와는 다르게 마그네틱 토크와 릴럭턴스 토크를 동시에 이용하여 단위체적당 높은 출력으로 전동기의 크기와 무게를 줄일 수 있는 장점을 지니고 있어 다양한 응용분야에서 사용되고 있다. 일반적으로 IPMSM은 회전자의 위치를 얻기 위해 레졸비나 엔코더를 사용하는데, 결과적으로 전동기 가격 상승의 주된 요인이 되며 시스템이 복잡해지고 크기가 커지며 노이즈에 취약하게 되어 기계적 강인성과 신뢰성을 확보하기가 어렵다. 그러므로 이러한 문제를 해결하기 위해 위치센서가 필요 없는 센서리스 제어에 대한 연구가 많이 진행되고 있다. 센서리스 제어 방법은 크게 고주파 신호 주입방식과 역기전력을 이용하는 방법으로 구분할 수 있다. 고추파 주입방법은 정격속도 \\( 5 \\% \\) 이하의 저속일 때와 정지상태일 때 비교적 빠른 시간 안에 회전자 위치 추정이 이루어질 수 있지만 속도가 더 높아지면 주입 할 수 있는 추가 전압이 제한되며 불필요한 손실을 야기하기 때문에 초기 회전자 위치추정부터 기동까지의 운용에 만족스런 결과를 얻기가 힘들다. 다른 방법인 역기전력을 기반으로 하는 센서리스 제어 방법은 모델기준적용방법 (Model Reference Adaptive Control, MRAC) 과 확장형 칼만 필터(Extended Kalman Filter, EKF)방법 등 다양한 방법 들이 연구되고 있다. 하지만 역기전력을 기반으로 하는 방법은 상수의 변동에 취약하며 역기전력이 정격 속도의 \\( 5 \\% \\) 이상일 때에 정확한 추정이 가능하므로 그 이하의 속도이거나 정지상태일 때는 추정이 정확하지 않거나 불가능하다는 단점이 있다. 또 초기 회전자 위치를 얻기 위한 방법들 중에 인덕턴스의 포화현상으로 나타나는 전류의 상대적인 대소 관계를 이용하는 방법들도 제안되었다. 하지만, 기존의 방법들은 구현에 있어 복잡하고 정밀한 위치검출을 위해 반복적인 전압 펄스를 인가하는 시간적인 소요가 필요하다.</p> <p>본 논문에서는 역기전력 기반 센서리스 제어 시 안정적인 기동 성능 확보를 위한 간단한 초기 회전자 위 치 추정 방법을 제안하였다. 제안된 방법은 전동기의 고정자 각 권선에 회전자 위치적인 특성을 가지고 있는 공간전압벡터(Space Vector Pulse Width Modulation,SVPWM)를 인가하여 나타나는 전류응답 특성으로 초기 회전자 위치를 추정한다. 이러한 방법은 알고리즘 구현이 간단하고 추가적인 외부회로가 불필요하며, 전동기 상수의 영항을 받지 않기 때문에 역기전력 기반의 센서리스 제어 방법의 보조적인 방법으로 사용하기에 적합하다. 제안된 초기 회전자 위치 검출방법의 타당성은 \\( 2.2 \\mathrm { ~kW } \\) IPMSM 구동 실험세트를 이용하여 검증하였다.</p>",
                "context_length": 1768,
                "summary": "역기전력 기반 센서리스 제어 시, 전동기의 고정자 권선 인덕틴스의 차이를 활용한 초기 회전자 위치 추정 방법을 제안하였다. 이 방법은 알고리즘이 간결하고 추가적인 외부 회로를 필요로 하지 않으며, 전동기 상수에 영향을 받지 않아 역기전력 기반 센서리스 제어에 보조적으로 사용하기 적합하다.",
                "clue": [
                    {
                        "clue_text": "본 논문은 역기전력 기반 센서리스 제어 시 안정적인 기동성능 확보를 위한 간단한 초기 회전자 위치추정 방법을 제안하였다.",
                        "clue_start": "15",
                        "clue_end": "82"
                    },
                    {
                        "clue_text": "제안된 방법은 전동기의 고정자 권선 인덕틴스의 차이에 의한 전류응답특성을 이용하여 초기 회전자 위치를 추정한다.",
                        "clue_start": "83",
                        "clue_end": "145"
                    },
                    {
                        "clue_text": "제안된 방법의 타당성은 실험결과를 통하여 검증하였다.",
                        "clue_start": "218",
                        "clue_end": "247"
                    },
                    {
                        "clue_text": "이러한 방법은 알고리즘 구현이 간단하고 추가적인 외부회로가 불필요하며, 전동기 상수의 영항을 받지 않기 때문에 역기전력 기반의 센서리스 제어 방법의 보조적인 방법으로 사용하기에 적합하다.",
                        "clue_start": "1582",
                        "clue_end": "1686"
                    }
                ],
                "terminology": [
                    {
                        "word": "Adaptive"
                    },
                    {
                        "word": "Control"
                    },
                    {
                        "word": "EKF"
                    },
                    {
                        "word": "Extended Kalman Filter"
                    },
                    {
                        "word": "IPMSM"
                    },
                    {
                        "word": "Kalman Filter"
                    },
                    {
                        "word": "MRAC"
                    },
                    {
                        "word": "Magnet"
                    },
                    {
                        "word": "Modulation"
                    },
                    {
                        "word": "Motor"
                    },
                    {
                        "word": "Pulse"
                    },
                    {
                        "word": "Pulse Width"
                    },
                    {
                        "word": "Pulse Width Modulation"
                    },
                    {
                        "word": "SPMSM"
                    },
                    {
                        "word": "Space"
                    },
                    {
                        "word": "Space Vector"
                    },
                    {
                        "word": "Vector"
                    },
                    {
                        "word": "Width"
                    },
                    {
                        "word": "검출방법"
                    },
                    {
                        "word": "고정자"
                    },
                    {
                        "word": "고정자 권선"
                    },
                    {
                        "word": "고주파"
                    },
                    {
                        "word": "고주파 신호"
                    },
                    {
                        "word": "공간전압벡터"
                    },
                    {
                        "word": "기동성능"
                    },
                    {
                        "word": "동기전동기"
                    },
                    {
                        "word": "릴럭턴스"
                    },
                    {
                        "word": "릴럭턴스 토크"
                    },
                    {
                        "word": "매입형 영구자석"
                    },
                    {
                        "word": "매입형 영구자석 동기전동기"
                    },
                    {
                        "word": "부착형 영구자석 동기전동기"
                    },
                    {
                        "word": "센서리스 제어 방법"
                    },
                    {
                        "word": "신뢰성"
                    },
                    {
                        "word": "알고리즘"
                    },
                    {
                        "word": "엔코더"
                    },
                    {
                        "word": "역기전력"
                    },
                    {
                        "word": "영구자석 동기전동기"
                    },
                    {
                        "word": "외부회로"
                    },
                    {
                        "word": "인덕턴스"
                    },
                    {
                        "word": "전동기"
                    },
                    {
                        "word": "전동기 상수"
                    },
                    {
                        "word": "전류"
                    },
                    {
                        "word": "전류응답"
                    },
                    {
                        "word": "전류응답특성"
                    },
                    {
                        "word": "전압 펄스"
                    },
                    {
                        "word": "정격속도"
                    },
                    {
                        "word": "초기 회전자"
                    },
                    {
                        "word": "초기 회전자 위치"
                    },
                    {
                        "word": "칼만 필터"
                    },
                    {
                        "word": "표면 부착형 영구자석 동기전동기"
                    },
                    {
                        "word": "확장형 칼만 필터"
                    },
                    {
                        "word": "회전자"
                    },
                    {
                        "word": "회전자 위치추정"
                    }
                ]
            },
            {
                "context_id": "55e-0c9-merge_ed_034b7f4e-61f85150-3fb7-4d37-91dc-96a2cbaadbb3_01",
                "context_K-NSCC": {
                    "field": "인공물",
                    "large_category": "ED",
                    "medium_category": "99"
                },
                "context": "<h1>2. 회전자 위치에 의한 인덕턴스의 변화</h1> <p>센서리스 제어에서 초기 회전자의 위치추정은 기본적으로 다음과 같은 가정 하에 이루어진다.</p> <p>1) 고정자의 히스테리시스 자화는 무시한다.</p> <p>2) 공극의 자속밀도 분포는 정현적이라고 본다.</p> <p>3) 각 상 권선의 저항과 인덕턴스는 모두 같다.</p> <p>이러한 가정을 토대로 3 상 2 극 IPMSM의 회전자 위치에 의한 인덕턴스 변화를 분석하였다. IPMSM 각 고정자 권선의 쇄교 자속은 영구자석에 의한 회전자의 쇄교 자속 \\( \\lambda \\Psi \\) 과 고정자 전류에 의한 고정자 쇄교 자속 \\( \\lambda_ { s } \\Psi \\) 의 합으로 나타낸다.</p> <p>다음은 고정자 인덕턴스의 식이다.</p> <p>\\( L_ { s } = \\lambda_ { p h } i_ { p h } \\)<caption>(1)</caption></p> <p>여기서, \\( L_ { s } \\) 는 고정자 인덕턴스, \\( \\lambda_ { p k } \\) 는 고정자 권선의 쇄교 자속, 그리고 \\( t_ { p t } \\) 는 고정자 권선의 상전류를 나타낸다.</p> <p>IPMSM은 회전자의 돌극성에 의한 자속의 영향을 받아 영구자석이 만들어내는 자속이 항상 일정한 것이 아니라 고정자 권선을 통과하면서 부분적으로 포화현상을 일으키게 된다. 회전자 자석의 위치 \\( \\theta \\) 가 변함에 따라 고정자의 인덕턴스는 \\( 2 \\theta \\) 로 변동되는 특성을 보이게 된다. 그림 1 은 회전자 위치에 의한 인덕턴스의 변화를 나타낸다. 회전자의 위치에 따라서 고정자 권선의 인덕턴스가 \\( d \\) 축에서 최소가 되고 \\( q \\) 축에서 최고가 되는 것을 볼 수 있다. 회전자의 위치에 따라서 인덕턴스 값이 변화하기 때문에 각 상의 전류에 대한 식은 다음과 같이 나타낼 수 있다.</p> <p>\\( I_ { u } =I_ { 0 } + \\Delta I_ { u } =I_ { 0 } + \\Delta I_ { 0 } \\cos 2 \\theta \\)<caption>(2)</caption></p> <p>\\( I_ { v } =I_ { 0 } + \\Delta I_ { v } =I_ { 0 } + \\Delta I_ { 0 } \\cos \\left (2 \\theta- \\frac { 2 \\pi } { 3 } \\right ) \\)<caption>(3)</caption></p> <p>\\( I_ { w } =I_ { 0 } + \\Delta I_ { w } =I_ { 0 } + \\Delta I_ { 0 } \\cos \\left (2 \\theta + \\frac { 2 \\pi } { 3 } \\right ) \\)<caption>(4)</caption></p>",
                "context_length": 1368,
                "summary": "고정자의 히스테리시스 자화 무시 및 공극의 자속밀도 분포는 정현적이라고 봄 또는 각 상 권선의 저항과 인덕턴스는 모두 같다는 가정하에 센서리스 제어에서 초기 회전자의 위치추정은 이루어진다. 위 가정을 근거로 3상 2극 IPMSM의 회전자 위치에 의한 인덕턴스 변화를 분석한다.",
                "clue": [
                    {
                        "clue_text": "센서리스 제어에서 초기 회전자의 위치추정은 기본적으로 다음과 같은 가정 하에 이루어진다.",
                        "clue_start": "35",
                        "clue_end": "84"
                    },
                    {
                        "clue_text": "1) 고정자의 히스테리시스 자화는 무시한다.",
                        "clue_start": "92",
                        "clue_end": "116"
                    },
                    {
                        "clue_text": "2) 공극의 자속밀도 분포는 정현적이라고 본다.",
                        "clue_start": "124",
                        "clue_end": "150"
                    },
                    {
                        "clue_text": "3) 각 상 권선의 저항과 인덕턴스는 모두 같다.",
                        "clue_start": "158",
                        "clue_end": "185"
                    },
                    {
                        "clue_text": "이러한 가정을 토대로 3 상 2 극 IPMSM의 회전자 위치에 의한 인덕턴스 변화를 분석하였다.",
                        "clue_start": "193",
                        "clue_end": "246"
                    }
                ],
                "terminology": [
                    {
                        "word": "IPMSM"
                    },
                    {
                        "word": "고정자"
                    },
                    {
                        "word": "고정자 권선"
                    },
                    {
                        "word": "고정자 쇄교 자속"
                    },
                    {
                        "word": "고정자 인덕턴스"
                    },
                    {
                        "word": "돌극성"
                    },
                    {
                        "word": "상 권선"
                    },
                    {
                        "word": "상전류"
                    },
                    {
                        "word": "쇄교"
                    },
                    {
                        "word": "쇄교 자속"
                    },
                    {
                        "word": "인덕턴스"
                    },
                    {
                        "word": "인덕턴스 값"
                    },
                    {
                        "word": "인덕턴스 변화"
                    },
                    {
                        "word": "자속"
                    },
                    {
                        "word": "자속밀도"
                    },
                    {
                        "word": "자속밀도 분포"
                    },
                    {
                        "word": "자화"
                    },
                    {
                        "word": "전류"
                    },
                    {
                        "word": "초기 회전자"
                    },
                    {
                        "word": "회전자"
                    },
                    {
                        "word": "회전자 자석"
                    },
                    {
                        "word": "히스테리시스"
                    },
                    {
                        "word": "히스테리시스 자화"
                    }
                ]
            },
            {
                "context_id": "55e-0c9-merge_ed_034b7f4e-61f85150-3fb7-4d37-91dc-96a2cbaadbb3_06",
                "context_K-NSCC": {
                    "field": "인공물",
                    "large_category": "ED",
                    "medium_category": "03"
                },
                "context": "<p>7은 제안한 방법을 포함한 역기전력 기반의 센서리스 제어 알고리즘의 전체적인 구성을 나타낸다. 초기 회전자 위치 추정을 위한 알고리즘을 수행한 후에 얻어진 회전자 위치 정보를 바탕으로 전동기의 기동을 실시한다. 표 1 은 각도별 각 상전류의 크기를 정리한 것이다.</p> <h1>4. 실험 결과</h1> <p>제안한 초기 회전자 위치추정 방법의 타당성을 검증 하기 위해 Higen사에서 제작된 \\( 2.2 \\mathrm { ~kW } \\) IPMSM을 사용하여 제작된 실험세트로 실험을 하였다. 실험에 사용된 전동기의 세부적인 사항은 표 2과 같다. 3상 인버터는 Mitsubishi사의 파워모듈(Intelligent Power Module, IPM 인 PM75RLA60로 구성하였다. 제어보드는 TI 사의 디지털 신호 처리기(DSP) TMS320VC33과 FPGA로 구성하였다. 그림 8 은 실험을 위해 구성된 실험 세트를 보여준다. 실험은 인버터로부터 공간전압벡터 \\( \\mathrm { V } _ { 1 } (1,0,0) \\), \\( \\mathrm { V } _ { 3 } (0,1,0), \\mathrm { V } _ { 5 } (0,0,1), \\mathrm { V } _ { 4 } (0,1,1) \\) 를 \\( 40 \\mu \\mathrm { s } \\)동안 인가하였으며, 제어보드에 구성된 Analog Devices사의 4ch 동시에 샘플링이 가능한 AD7865를 이용하여 전류의 크기를 비교하였다. 전압벡터를 인가하는 시간간격은 \\( 300 \\mu \\mathrm { s } \\) 로 설정하였다. 그림 9 부터 그림 13 는 제안된 초기 회전자 위치추정 방법을 이용하여 공간전압벡터 인가에 의해 회전자 위치에 따라 다르게 나타나는 전류응답을 보여준다. 그림 9 는 \\( \\quad \\theta=7 ^ {\\circ } \\) 일 때의 각 상전류응답을 보여준다. 상대적인 대소 관계를 비교 해보면 \\( \\mathrm { V } _ { 1 } \\) 에 의한 상전류가 \\( \\mathrm { V } _ { 4 } \\) 보다 크게 나타나므로, 회전자의 \\( \\mathrm { N } \\) 극이 우반면인 \\( 90 ^ {\\circ } \\sim 270 ^ {\\circ } \\) 사이에 위치한다고 구분할 수 있다. 이때, 각 상전류의 크기를 비교하면, \\( I_ { J } >I_ { W } >I_ { W } \\) 이므로 결과적으로 회전자의 \\( N \\) 극의 \\( d \\) 축 은 \\( 0 ^ {\\circ } \\sim 30 ^ {\\circ } \\) 범위 사이에 위치하고 있다는 것을 추정할 수 있다. 그림 10 은 \\( \\theta=75 ^ {\\circ } \\) 일 때의 각 상전류 응답을 보여준다. \\( V_ { 1 } >V_ { 4 } \\) 이고, \\( I_ {\\psi } >I_ { w } >I_ { u } \\) 이므로 회전자 \\( N \\) 극의 \\( d \\) 축은 \\( 60 ^ {\\circ } \\sim 90 ^ {\\circ } \\) 범위 사이에 놓여있다는 것을 알 수가 있다. 그림 11 은 \\( \\theta=127 ^ {\\circ } \\) 일 때의 각 상전류 응답을 보여 준다. \\( \\mathrm { V } _ { 1 }< \\mathrm { V } _ { 4 } \\) 이고, \\( I_ { v } >I_ { w } >I_ { u } \\) 이므로 회전자 \\( N \\) 극의 \\( d \\) 축은 \\( 120 ^ {\\circ } \\sim 150 ^ {\\circ } \\) 범위 사이에 놓여있다는 것을 알 수가 있다. 그림 12 는 \\( \\theta=309 ^ {\\circ } \\) 일 때의 각 상전류 응답을 보여 준다. \\( \\mathrm { V } _ { 1 } >\\mathrm { V } _ { 4 } \\) 이고, \\( I_ {\\psi } >I_ {\\psi } >I_ {\\omega } \\) 이므로 회전자 \\( N \\) 극의 \\( d \\) 축은 \\( 300 ^ {\\circ } \\sim 330 ^ {\\circ } \\) 범위 사이에 놓여 있다는 것을 알 수가 있다. 그림 13 은 \\( \\mathrm { V } _ { 1 } >\\mathrm { V } _ { 4 } \\) 이고, \\( I_ { u } >I_ {\\mathrm { w } } >I_ { V } \\) 이므로 회전자 \\( N \\) 극의 \\( d \\) 축은 \\( 330 ^ {\\circ } \\sim 0 ^ {\\circ } \\) 범위 사이에 놓여있다는 것을 알 수가 있다. 그림 14와 그림 15는 역기전력 기반의 센서리스 제어에 제안한 초기 회전자 위치 추정방법을 적용한 경우와 적용하지 않은 경우의 초기 기동 결과를 보여준다. 센서리스 제어 성능 비교를 위해 엔코더를 부착하여 실제 회전자 각속도 \\( \\omega_ { r } \\) 과 회전자 위치 \\( \\theta \\)를 얻었다. \\( \\widehat {\\omega_ { r } } \\) 와 \\( \\hat {\\theta } \\) 는 센서리스 제어 방법에 의해 추정된 회전자 각속도와 위치 정보를 나타낸다. 그림 14 에서와 같이 제안한 초기 회전자 위치 추정방법을 적용하였을 때, 회전자의 위치를 초기 기동부터 잘 추정하는 것을 볼 수 있으며, 속도 역시 실제 속도를 잘 추정 하는 것을 확인할 수 있다. 그림 15 는 제안한 방법을 적용하지 않았을 때의 센서리스 기동 특성을 보여준다. 역회전 혹은 기동실패는 하지 않았으나, 초기 회전자 위치 정보가 없으므로, 추정된 회전자 위치와 실제 회전자 위치의 오차가 크게 나타나는 것을 볼 수 있으며, 기동 상태에서의 회전자 속도에 오차가 발생하는 것을 볼 수 있다.</p> <h1>5. 결 론</h1> <p>본 논문에서는 역기전력을 기반으로 하는 IPMSM의 센서리스 제어 시에 안정된 기동 성능을 확보하기 위한 간단한 초기회전자 위치추정 방법을 제안하였다. 제안한 방법을 이용하여 역기전력기반 센서리스 제어 방법의 초기 기동에 대한 안전성을 확보하여 역회전이나 기동실패 없이 성공적인 기동을 할 수 있다. 또한, 초기회전자 위치정보를 추정하기 위한 추가적인 하드웨어를 필요로 하지 않으며, 전동기 상수의 영향을 받지 않는다. 실험적인 분석과 역기전력 기반의 센서리스 제어에 적용하여 제안된 방법의 타당성을 검증하였다.</p>",
                "context_length": 3073,
                "summary": "본 논문에서는 IPMSM의 센서리스 제어 시 초기 회전자 위치추정 방법을 제안하여 안정된 기동 성능을 확보하고자 했다. 제안한 방법을 통해 초기 기동시 안전성을 확보하여 역회전이나 기동실패 없이 기동할 수 있다. 또한 전동기 상수가 영향을 끼치지 않으며 초 기회전자 위치정보를 추정을 위한 하드웨어가 추가적으로 필요하지 않다. 제안된 방법의 타탕성은 실험적인 분석과 역기전력 기반의 센서리스 제어에 적용하여 검증했다.",
                "clue": [
                    {
                        "clue_text": "본 논문에서는 역기전력을 기반으로 하는 IPMSM의 센서리스 제어 시에 안정된 기동 성능을 확보하기 위한 간단한 초기회전자 위치추정 방법을 제안하였다.",
                        "clue_start": "2783",
                        "clue_end": "2867"
                    },
                    {
                        "clue_text": "제안한 방법을 이용하여 역기전력기반 센서리스 제어 방법의 초기 기동에 대한 안전성을 확보하여 역회전이나 기동실패 없이 성공적인 기동을 할 수 있다.",
                        "clue_start": "2868",
                        "clue_end": "2950"
                    },
                    {
                        "clue_text": "또한, 초기회전자 위치정보를 추정하기 위한 추가적인 하드웨어를 필요로 하지 않으며, 전동기 상수의 영향을 받지 않는다.",
                        "clue_start": "2951",
                        "clue_end": "3017"
                    },
                    {
                        "clue_text": "실험적인 분석과 역기전력 기반의 센서리스 제어에 적용하여 제안된 방법의 타당성을 검증하였다.",
                        "clue_start": "3018",
                        "clue_end": "3069"
                    }
                ],
                "terminology": [
                    {
                        "word": "3상 인버터"
                    },
                    {
                        "word": "Analog"
                    },
                    {
                        "word": "FPGA"
                    },
                    {
                        "word": "IPM"
                    },
                    {
                        "word": "IPMSM"
                    },
                    {
                        "word": "Intelligent"
                    },
                    {
                        "word": "Module"
                    },
                    {
                        "word": "Power Module"
                    },
                    {
                        "word": "TI"
                    },
                    {
                        "word": "각 상전류"
                    },
                    {
                        "word": "각속도"
                    },
                    {
                        "word": "공간전압벡터"
                    },
                    {
                        "word": "기동 특성"
                    },
                    {
                        "word": "디지털 신호 처리기"
                    },
                    {
                        "word": "상전류"
                    },
                    {
                        "word": "센서리스 기동"
                    },
                    {
                        "word": "센서리스 제어 방법"
                    },
                    {
                        "word": "센서리스 제어 알고리즘"
                    },
                    {
                        "word": "알고리즘"
                    },
                    {
                        "word": "엔코더"
                    },
                    {
                        "word": "역기전력"
                    },
                    {
                        "word": "역기전력기반 센서리스"
                    },
                    {
                        "word": "전동기"
                    },
                    {
                        "word": "전동기 상수"
                    },
                    {
                        "word": "전류"
                    },
                    {
                        "word": "전류응답"
                    },
                    {
                        "word": "전압벡터"
                    },
                    {
                        "word": "초기 회전자"
                    },
                    {
                        "word": "초기 회전자 위치"
                    },
                    {
                        "word": "파워모듈"
                    },
                    {
                        "word": "하드웨어"
                    },
                    {
                        "word": "회전자"
                    },
                    {
                        "word": "회전자 각속도"
                    },
                    {
                        "word": "회전자 속도"
                    },
                    {
                        "word": "회전자 위치 정보"
                    },
                    {
                        "word": "회전자 위치추정"
                    }
                ]
            }
        ]
    }
}