{
    "dataset_info": {
        "identifier": "02-031-002-NL",
        "name": "기술과학 문서 요약 데이터",
        "category": "자연어",
        "last_updated": "2023-08-30"
    },
    "dataset": {
        "doc_id": "034b7f4e-5c4ae484-4f1c-4cdf-90f3-bd7ab9e794d1",
        "doc_type": "논문",
        "doc_title": {
            "kor": "3상 전원 조건의 모터 구동 인버터 내압 저감을 위한 공진 강압형 DC/DC 컨버터",
            "eng": ""
        },
        "doc_category": {
            "KDC": "560.5",
            "DDC": ""
        },
        "doc_number": {
            "ISSN": "1229-2214",
            "ISBN": "",
            "DOI": "",
            "UCI": ""
        },
        "doc_year": "2014",
        "doc_author": [
            "강경수",
            "김상언",
            "이준환",
            "노정욱"
        ],
        "doc_publisher": "전력전자학회",
        "doc_license": "CC BY-NC",
        "context_info": [
            {
                "context_id": "55e-0c9-merge_ed_034b7f4e-5c4ae484-4f1c-4cdf-90f3-bd7ab9e794d1_10",
                "context_K-NSCC": {
                    "field": "인공물",
                    "large_category": "ED",
                    "medium_category": "05"
                },
                "context": "<h1>4. 제안회로의 실험 결과</h1> <h2>4.1 모의 실험 결과</h2> <p>앞서 설명한 공진 강압형 \\( \\mathrm { DC } / \\mathrm { DC } \\) 컨버터의 동작원리에 대한 타당성을 검증하기 위해 표 1 의 조건하에서 모의실험을 수행하였다. 그림 9 는 표 1 과 같은 조건에서 수행된 제안회로의 모의실험 주요 파형을 보여준다. 스위치 \\( \\mathrm { Q } _ { 1 } , \\mathrm { Q } _ { 2 } \\) 의 on, off 동작에 따라 \\( \\mathrm { L } _ {\\mathrm { r } } \\) 과 \\( \\mathrm { C } _ {\\mathrm { r } 1 } , \\mathrm { C } _ {\\mathrm { r } 2 } \\) 가 직렬 공진하는 것을 확인하였으며 출력전압 \\( \\mathrm { V } _ { 0 } \\) 가 입력전압 \\( \\mathrm { V } _ {\\mathrm { i } } \\) 의 2 / 3 로 강압되는 결과를 검증하였다.</p> <h2>4.2 져항 부하 및 인버터 연동 시 실험 결과</h2> <p>제안된 컨버터의 타당성을 확인하기 위해, 최대 \\( 2.0 \\mathrm { ~kW } \\) 급 인버터 구동을 위한 공진 강압형 DC/DC 컨버터의 프로토 타입을 구현하였다. 그림 10 은 제안된 공진 강압형 DC/DC 컨버터와 인버터 시스템이 구현된 회로이다. 표 2 는 프로토 타입의 파라미터이다.</p> <p>그림 11 은 \\( \\mathrm { R } =88 \\mathrm { ohm } \\) 인 저항 부하 조건에서의 컨버터 주요 전압 및 전류 파형이다. 그림 11에서 보이는 것과 같이 스위치 전류가 0 이 된 상태에서 \\( \\mathrm { Q } _ { 1 } , \\mathrm { Q } _ { 2 } \\) 가 Turn-off 되어 ZCS 동작을 하고 있음을 확인 할 수 있었다. 그리고 스위치의 양단전압은 입력전압 \\( \\mathrm { V } _ {\\mathrm { i } } \\) 의 1 / 3 정도로 낮은 전압 스트레스를 확인 하였다. 부하 변동 및 입력전압 변화에 따른 출력 전력을 확인하였으며 이때 효율을 측정한 결과는 그림 12 와 같다. 경 부하이고 최소 입력전압 조건에서는 최소 효율 \\( 95.6 \\%, 1.6 \\mathrm { ~kW } \\) 부하이고 최대 입력전압 조건에서는 최대 효율 \\( 98.7 \\% \\) 를 보였다.</p>",
                "context_length": 1214,
                "summary": "공진 강압형 \\( \\mathrm { DC } / \\mathrm { DC } \\) 컨버터의 동작원리에 대한 타당성 검증을 위한 모의실험과 저항 부하 및 인버터 연동 시 컨버터의 제안된 타당성을 확인하기 위한 실험을 진행하였다.",
                "clue": [
                    {
                        "clue_text": "앞서 설명한 공진 강압형 \\( \\mathrm { DC } / \\mathrm { DC } \\) 컨버터의 동작원리에 대한 타당성을 검증하기 위해 표 1 의 조건하에서 모의실험을 수행하였다.",
                        "clue_start": "49",
                        "clue_end": "152"
                    },
                    {
                        "clue_text": "스위치 \\( \\mathrm { Q } _ { 1 } , \\mathrm { Q } _ { 2 } \\) 의 on, off 동작에 따라 \\( \\mathrm { L } _ {\\mathrm { r } } \\) 과 \\( \\mathrm { C } _ {\\mathrm { r } 1 } , \\mathrm { C } _ {\\mathrm { r } 2 } \\) 가 직렬 공진하는 것을 확인하였으며 출력전압 \\( \\mathrm { V } _ { 0 } \\) 가 입력전압 \\( \\mathrm { V } _ {\\mathrm { i } } \\) 의 2 / 3 로 강압되는 결과를 검증하였다.",
                        "clue_start": "202",
                        "clue_end": "518"
                    },
                    {
                        "clue_text": "4.2 져항 부하 및 인버터 연동 시 실험 결과",
                        "clue_start": "527",
                        "clue_end": "553"
                    },
                    {
                        "clue_text": "제안된 컨버터의 타당성을 확인하기 위해, 최대 \\( 2.0 \\mathrm { ~kW } \\) 급 인버터 구동을 위한 공진 강압형 DC/DC 컨버터의 프로토 타입을 구현하였다.",
                        "clue_start": "562",
                        "clue_end": "659"
                    }
                ],
                "terminology": [
                    {
                        "word": "DC"
                    },
                    {
                        "word": "DC/DC"
                    },
                    {
                        "word": "DC/DC 컨버터"
                    },
                    {
                        "word": "Turn-off"
                    },
                    {
                        "word": "ZCS"
                    },
                    {
                        "word": "ZCS 동작"
                    },
                    {
                        "word": "경 부하"
                    },
                    {
                        "word": "공진 강압형"
                    },
                    {
                        "word": "공진 강압형 DC/DC 컨버터"
                    },
                    {
                        "word": "모의실험"
                    },
                    {
                        "word": "부하 변동"
                    },
                    {
                        "word": "스위치"
                    },
                    {
                        "word": "스위치 전류"
                    },
                    {
                        "word": "인버터 구동"
                    },
                    {
                        "word": "인버터 시스템"
                    },
                    {
                        "word": "저항 부하"
                    },
                    {
                        "word": "전류"
                    },
                    {
                        "word": "전압 스트레스"
                    },
                    {
                        "word": "직렬"
                    },
                    {
                        "word": "직렬 공진"
                    },
                    {
                        "word": "출력 전력"
                    },
                    {
                        "word": "출력전압"
                    },
                    {
                        "word": "컨버터"
                    },
                    {
                        "word": "파라미터"
                    },
                    {
                        "word": "파형"
                    },
                    {
                        "word": "프로토 타입"
                    },
                    {
                        "word": "회로"
                    }
                ]
            },
            {
                "context_id": "55e-0c9-merge_ed_034b7f4e-5c4ae484-4f1c-4cdf-90f3-bd7ab9e794d1_05",
                "context_K-NSCC": {
                    "field": "인공물",
                    "large_category": "ED",
                    "medium_category": "05"
                },
                "context": "<p>먼저 스위치 \\( \\mathrm { Q } _ { 1 } \\) 이 Turn-on, \\( \\mathrm { Q } _ { 2 } \\) 가 Turn-off 일 때의 등가회로는 그림 7(a)와 같고, 이때 \\( \\mathrm { KVL } \\) 에 의해 식(1), (2)를 구할 수 있다.</p> <p>\\( V_ { i } =V_ { C r 2 } + V_ { O 2 } \\)<caption>(1)</caption></p> <p>\\( V_ { i } =V_ { C r 1 } + V_ { O 1 } + V_ { O 2 } \\)<caption>(2)</caption></p> <p>또한, 스위치 \\( \\mathrm { Q } _ { 1 } \\) 이 turn-off, \\( \\mathrm { Q } _ { 2 } \\) 가 turn-on 일 때의 등가회로는 그림 \\( 7( \\mathrm { ~b } ) \\) 와 같고, 이때 \\( \\mathrm { KVL } \\) 에 의해 식 (3), (4)를 구할 수 있다.</p> <p>\\( V_ { C r 1 } =V_ { O 1 } \\)<caption>(3)</caption></p> <p>\\( V_ { C r 2 } =V_ { O 1 } + V_ { O 2 } \\)<caption>(4)</caption></p> <p>위의 식 (1) (4)를 연립하면 출력전압 \\( \\mathrm { Vo } \\) 는 다음과 같다.</p> <p>\\( V_ { O } = \\frac { 2 } { 3 } V_ { i } \\)<caption>(5)</caption></p> <p>따라서 제안된 공진 강압 \\( \\mathrm { DC } / \\mathrm { DC } \\) 컨버터의 출력전압은 입력전압의 \\( 2 / 3 \\) 만큼 강압되어 출력된다.</p> <h2>3.2 공진 인덕터 최대 전류</h2> <p>공진 인덕터 설계를 위해서는 인덕터에 흐르는 최대 전류를 확인해야 한다. 공진 인덕터의 최대 전류를 구하기 위해서 먼저 입출력 전력 관계식이 필요하며 다음과 같은 가정을 한다.</p> <ul> <li>입력 전력과 출력 전력은 같다.</li> <li>컨버터 효율은 \\( 100 \\% \\) 다.</li></ul> <p>입력 전력과 출력 전력이 같고, 컨버터 효율이 \\( 100 \\% \\) 로 가정하였기 때문에 다음 식을 구할 수 있다.</p> <p>\\(<I_ { i } >= \\frac { P_ { o } } { V_ { i } } \\)<caption>(6)</caption></p>",
                "context_length": 1234,
                "summary": "스위치 \\( \\mathrm { Q } _ { 1 } \\) 이 turn-on이며 \\( \\mathrm { Q } _ { 2 } \\) 가 turn-off 상태일 때, 그리고 반대의 상태일 때의 각각에 대한 등가회로를 통해 키르히호프 전압법칙(KVL)를 적용해 식(1), (2)와 식 (3), (4)를 도출할 수 있다. 이를 통해 공진 인덕터 설계를 위한 최대 전류 확인이 가능하다.",
                "clue": [
                    {
                        "clue_text": "먼저 스위치 \\( \\mathrm { Q } _ { 1 } \\) 이 Turn-on, \\( \\mathrm { Q } _ { 2 } \\) 가 Turn-off 일 때의 등가회로는 그림 7(a)와 같고, 이때 \\( \\mathrm { KVL } \\) 에 의해 식(1), (2)를 구할 수 있다.",
                        "clue_start": "3",
                        "clue_end": "161"
                    },
                    {
                        "clue_text": "또한, 스위치 \\( \\mathrm { Q } _ { 1 } \\) 이 turn-off, \\( \\mathrm { Q } _ { 2 } \\) 가 turn-on 일 때의 등가회로는 그림 \\( 7( \\mathrm { ~b } ) \\) 와 같고, 이때 \\( \\mathrm { KVL } \\) 에 의해 식 (3), (4)를 구할 수 있다.",
                        "clue_start": "324",
                        "clue_end": "506"
                    },
                    {
                        "clue_text": "공진 인덕터 설계를 위해서는 인덕터에 흐르는 최대 전류를 확인해야 한다.",
                        "clue_start": "910",
                        "clue_end": "950"
                    }
                ],
                "terminology": [
                    {
                        "word": "DC"
                    },
                    {
                        "word": "KVL"
                    },
                    {
                        "word": "Turn-off"
                    },
                    {
                        "word": "Turn-on"
                    },
                    {
                        "word": "Vo"
                    },
                    {
                        "word": "공진 강압"
                    },
                    {
                        "word": "공진 인덕터"
                    },
                    {
                        "word": "관계식"
                    },
                    {
                        "word": "등가회로"
                    },
                    {
                        "word": "스위치"
                    },
                    {
                        "word": "인덕터"
                    },
                    {
                        "word": "입출력 전력"
                    },
                    {
                        "word": "전류"
                    },
                    {
                        "word": "출력 전력"
                    },
                    {
                        "word": "출력전압"
                    },
                    {
                        "word": "컨버터"
                    }
                ]
            },
            {
                "context_id": "55e-0c9-merge_ed_034b7f4e-5c4ae484-4f1c-4cdf-90f3-bd7ab9e794d1_11",
                "context_K-NSCC": {
                    "field": "인공물",
                    "large_category": "ED",
                    "medium_category": "05"
                },
                "context": "<p>그림 13은 인버터 연동을 통한 BLDC 모터 구동 시, 출력 전압, 공진 인덕터 전류, 모터 상 전류 파형이다. 파형에서 알 수 있듯이 인버터 스위칭 동작 시, 일부 구간에서는 하드 스위칭 동작을 하여 공진 전류 최대치가 상승하거나 파형 왜곡이 발생하고 있다. 하지만 이는 BLDC 모터를 동작 시키면 발생하는 역기전력에 의한 현상이다. 또한 이런 하드 스위칭 동작 구간은 전체 동작 구간에 비해 아주 작기 때문에 전체 회로 동작에는 큰 영향을 주지 않는다.</p> <p>인버터 연동 시 효율을 측정한 결과는 그림 14 와 같다. 기존 기술의 벅 컨버터를 사용할 경우에는 \\( 90 \\% \\) 이하의 낮은 효율을 가졌다. 반면 \\( 600 \\mathrm { ~V } \\) 입력전압 조건에서 출력 전력 \\( 1.6 \\mathrm { ~kW } \\) 일 때, 제안 회로를 사용할 경우에는 최대 \\( 98.4 \\% \\) 의 효율을 보여 \\( 98 \\% \\) 이상의 고효율이 가능함을 증명하였다.</p> <h1>5. 결 론</h1> <p>본 논문에서는 3 상 전원 조건에서의 모터 구동 인버터 내압 저감을 위해 공진 강압형 \\( \\mathrm { DC } / \\mathrm { DC } \\) 컨버터를 제안하였다. 기존의 3상 전원 조건에서 모터 구동을 위해서는 3 상 전원을 평활한 \\( \\mathrm { DC } \\) 전압으로 인버터 모듈을 구동하여 인버터를 동작시키기 때문에 높은 내압의 인버터 모듈을 사용할 수밖에 없었다. 이에 제안회로는 공진 강압을 통해 낮은 내압의 인버터 모듈 사용이 가능하고, 소형 인덕터로 회로를 구현하여 회로 부피를 최소화 하도록 하였다. 또한 ZCS 동작을 통한 발열 감소, 방열판 크기 최소화, 효율 최대화를 가능하도록 하였다.</p> <p>제안 회로의 동작 원리 및 모드해석, 모의 실험을 통해 이론적 분석을 하였다. 또한 제안된 컨버터의 타당성 및 우수성을 확인하기 위해, 실제 실험을 통해 인버터 구동을 위한 공진 강압형 \\( \\mathrm { DC } / \\mathrm { DC } \\) 컨버터의 프로토 타입을 제작하여 저항부하 연동, 인버터 연동을 통한 하드웨어 실험을 수행하였다.</p> <p>제안회로는 기존 벅 컨버터 대비 \\( 25 \\% \\) 의 크기인 소형의 인덕터로 강압회로를 구현하였으며, ZCS 동작을 통해 스위칭 손실을 최소화하여 방열판 크기를 기존 대비 \\( 48 \\% \\) 로 구현하였다. 이로 인해 \\( 50.35 \\mathrm { ~W } / \\mathrm { in } ^ { 3 } \\) 의 고 전력 밀도 구현이 가능하다. 또한 제안회로를 사용하여 낮은 내압의 인버터 모듈로 인버터 구동이 가능하며, 인버터 연동 시 \\( 98 \\% \\) 이상의 고효율 동작이 가능하다. 따라서 제안회로는 3 상 전원 조건에서 고효율을 보장하고 낮은 내압의 인버터 모듈 사용이 가능한 모터 구동용 인버터 구동회로에 적합할 것으로 기대된다.</p>",
                "context_length": 1453,
                "summary": "BLDC 모터 구동에 있어 인버터 연동을 통한 출력 전압, 공진 인덕터 전류, 모터 상 전류 파형을 보여주는 그림 13을 제시하였다. 제안된 회로는 공진 강압을 이용하여 낮은 내압의 인버터 모듈 사용이 가능하고, 소형 인덕터를 이용한 회로 구현을 통해 부피를 줄이는 방향으로 설계하였다. 이에 따라 ZCS 동작을 통해 발열 감소, 방열판 크기 최소화, 효율 최대화가 가능하게 되었으며, 제안된 회로를 사용하면 인버터 구동 시 98% 이상의 고효율 동작이 가능하다.",
                "clue": [
                    {
                        "clue_text": "그림 13은 인버터 연동을 통한 BLDC 모터 구동 시, 출력 전압, 공진 인덕터 전류, 모터 상 전류 파형이다.",
                        "clue_start": "3",
                        "clue_end": "66"
                    },
                    {
                        "clue_text": "이에 제안회로는 공진 강압을 통해 낮은 내압의 인버터 모듈 사용이 가능하고, 소형 인덕터로 회로를 구현하여 회로 부피를 최소화 하도록 하였다.",
                        "clue_start": "744",
                        "clue_end": "823"
                    },
                    {
                        "clue_text": "또한 ZCS 동작을 통한 발열 감소, 방열판 크기 최소화, 효율 최대화를 가능하도록 하였다.",
                        "clue_start": "824",
                        "clue_end": "875"
                    },
                    {
                        "clue_text": "또한 제안회로를 사용하여 낮은 내압의 인버터 모듈로 인버터 구동이 가능하며, 인버터 연동 시 \\( 98 \\% \\) 이상의 고효율 동작이 가능하다.",
                        "clue_start": "1283",
                        "clue_end": "1364"
                    }
                ],
                "terminology": [
                    {
                        "word": "BLDC"
                    },
                    {
                        "word": "BLDC 모터"
                    },
                    {
                        "word": "DC"
                    },
                    {
                        "word": "ZCS"
                    },
                    {
                        "word": "ZCS 동작"
                    },
                    {
                        "word": "고효율 동작"
                    },
                    {
                        "word": "공진 강압"
                    },
                    {
                        "word": "공진 강압형"
                    },
                    {
                        "word": "공진 인덕터"
                    },
                    {
                        "word": "공진 인덕터 전류"
                    },
                    {
                        "word": "공진 전류"
                    },
                    {
                        "word": "구동 인버터"
                    },
                    {
                        "word": "구동용 인버터"
                    },
                    {
                        "word": "내압"
                    },
                    {
                        "word": "내압 저감"
                    },
                    {
                        "word": "모드해석"
                    },
                    {
                        "word": "모터 구동용 인버터"
                    },
                    {
                        "word": "밀도"
                    },
                    {
                        "word": "벅 컨버터"
                    },
                    {
                        "word": "상 전류"
                    },
                    {
                        "word": "스위칭"
                    },
                    {
                        "word": "스위칭 손실"
                    },
                    {
                        "word": "역기전력"
                    },
                    {
                        "word": "인덕터"
                    },
                    {
                        "word": "인버터 구동"
                    },
                    {
                        "word": "인버터 구동회로"
                    },
                    {
                        "word": "인버터 내압 저감"
                    },
                    {
                        "word": "인버터 모듈"
                    },
                    {
                        "word": "인버터 스위칭"
                    },
                    {
                        "word": "인버터 스위칭 동작"
                    },
                    {
                        "word": "저항부하"
                    },
                    {
                        "word": "전류"
                    },
                    {
                        "word": "전류 최대치"
                    },
                    {
                        "word": "출력 전력"
                    },
                    {
                        "word": "출력 전압"
                    },
                    {
                        "word": "컨버터"
                    },
                    {
                        "word": "파형"
                    },
                    {
                        "word": "파형 왜곡"
                    },
                    {
                        "word": "프로토 타입"
                    },
                    {
                        "word": "하드 스위칭"
                    },
                    {
                        "word": "하드 스위칭 동작"
                    },
                    {
                        "word": "하드웨어"
                    },
                    {
                        "word": "회로"
                    },
                    {
                        "word": "회로 동작"
                    }
                ]
            },
            {
                "context_id": "55e-0c9-merge_ed_034b7f4e-5c4ae484-4f1c-4cdf-90f3-bd7ab9e794d1_02",
                "context_K-NSCC": {
                    "field": "인공물",
                    "large_category": "ED",
                    "medium_category": "05"
                },
                "context": "<h2>2.1 제안 회로의 모드 해석</h2> <p>제안된 회로는 각 스위치 \\( \\mathrm { Q } _ { 1 } , \\mathrm { Q } _ { 2 } \\) 의 도통 상태에 따라 4 가지 모드에서 동작하며 그에 따른 등가회로는 그림 5 와 같다. 각 동작 모드에 따른 주요 전압 및 전류 파형은 그림 6에 나타내었다. 정상 상태에서 모드 해석의 편의를 위해 몇 가지 조건을 가정한다.</p> <ol type=i start=1><li>모든 소자는 이상적이다.</li> <li>스위치 \\( \\mathrm { Q } _ { 1 } , \\mathrm { Q } _ { 2 } \\) 는 내부다이오드를 제외하고 모두 이상적이다.</li> <li>모든 동작은 정상상태(Steady state)에서 해석한다.</li> <li>스위치 \\( \\mathrm { Q } _ { 1 } \\) 과 \\( \\mathrm { Q } _ { 2 } \\) 가 동시에 off 되는 구간 (즉 Dead time)은 매우 짧다.</li> <li>출력 전압 \\( \\mathrm { V } _ {\\mathrm { O } 1 } , \\mathrm { ~V } _ {\\mathrm { O } 2 } \\) 의 리플은 매우 작다.</li></ol> <p>\\( \\mathrm { t } _ { 0 } \\) 전에는 그림 \\( 5( \\mathrm { a } ) \\) 와 같이 스위치 \\( \\mathrm { Q } _ { 1 } \\) 은 Turn-off 되어 있고, \\( \\mathrm { Q } _ { 2 } \\) 는 Turn-on 되어 있다. 이때 스위치에 흐르는 전류는 0이다.</p> <p>①Mode \\( 1 \\left ( \\mathrm { t } _ { 0 } - \\mathrm { t } _ { 1 } \\right ) \\)</p> <p>스위치 \\( \\mathrm { Q } _ { 1 } \\) 이 Turn-on 되고, \\( \\mathrm { Q } _ { 2 } \\) 는 Turn-off 되는 \\( \\mathrm { t } _ { 0 } \\) 일 때, 그림 5(b)와 같이 Mode 1이 시작된다. 스위치에 흐르는 전류가 0 인 상태에서 \\( \\mathrm { Q } _ { 2 } \\) 가 Turn-off 되기 때문에 ZCS 동작을 한다. 이때 입력 전압보다 출력 전압이 낮으므로 다이오드 \\( \\mathrm { D } _ { 1 } , \\mathrm { D } _ { 3 } \\) 가 도통되며, \\( \\mathrm { L } _ {\\mathrm { r } } \\) 과 \\( \\mathrm { C } _ {\\mathrm { r } 1 } , \\mathrm { C } _ {\\mathrm { r } 2 } \\) 가 서로 직렬 공진 현상이 발생하여 공진 전류가 흐르게 된다.</p>",
                "context_length": 1369,
                "summary": "제안된 회로는 스위치 Q1,Q2의 도통 상태에 따라 4가지 모드로 동작하며, 그에 따른 등가회로는 그림 5와 같다. Mode 1이 시작되면 서 ZCS 동작을 하고, 다이오드 D1,D3이 도통되며 Lr과 Cr1,Cr2가 직렬 공진 현상이 발생하여 공진 전류가 흐르게 된다.",
                "clue": [
                    {
                        "clue_text": "제안된 회로는 각 스위치 \\( \\mathrm { Q } _ { 1 } , \\mathrm { Q } _ { 2 } \\) 의 도통 상태에 따라 4 가지 모드에서 동작하며 그에 따른 등가회로는 그림 5 와 같다.",
                        "clue_start": "29",
                        "clue_end": "144"
                    },
                    {
                        "clue_text": "스위치 \\( \\mathrm { Q } _ { 1 } \\) 이 Turn-on 되고, \\( \\mathrm { Q } _ { 2 } \\) 는 Turn-off 되는 \\( \\mathrm { t } _ { 0 } \\) 일 때, 그림 5(b)와 같이 Mode 1이 시작된다.",
                        "clue_start": "897",
                        "clue_end": "1043"
                    },
                    {
                        "clue_text": "스위치에 흐르는 전류가 0 인 상태에서 \\( \\mathrm { Q } _ { 2 } \\) 가 Turn-off 되기 때문에 ZCS 동작을 한다.",
                        "clue_start": "1044",
                        "clue_end": "1123"
                    },
                    {
                        "clue_text": "이때 입력 전압보다 출력 전압이 낮으므로 다이오드 \\( \\mathrm { D } _ { 1 } , \\mathrm { D } _ { 3 } \\) 가 도통되며, \\( \\mathrm { L } _ {\\mathrm { r } } \\) 과 \\( \\mathrm { C } _ {\\mathrm { r } 1 } , \\mathrm { C } _ {\\mathrm { r } 2 } \\) 가 서로 직렬 공진 현상이 발생하여 공진 전류가 흐르게 된다.",
                        "clue_start": "1124",
                        "clue_end": "1365"
                    }
                ],
                "terminology": [
                    {
                        "word": "Dead time"
                    },
                    {
                        "word": "Turn-off"
                    },
                    {
                        "word": "Turn-on"
                    },
                    {
                        "word": "ZCS"
                    },
                    {
                        "word": "ZCS 동작"
                    },
                    {
                        "word": "공진 전류"
                    },
                    {
                        "word": "공진 현상"
                    },
                    {
                        "word": "내부다이오드"
                    },
                    {
                        "word": "다이오드"
                    },
                    {
                        "word": "도통 상태"
                    },
                    {
                        "word": "등가회로"
                    },
                    {
                        "word": "스위치"
                    },
                    {
                        "word": "전류"
                    },
                    {
                        "word": "정상상태"
                    },
                    {
                        "word": "직렬"
                    },
                    {
                        "word": "직렬 공진"
                    },
                    {
                        "word": "직렬 공진 현상"
                    },
                    {
                        "word": "출력 전압"
                    },
                    {
                        "word": "파형"
                    },
                    {
                        "word": "회로"
                    }
                ]
            },
            {
                "context_id": "55e-0c9-merge_ed_034b7f4e-5c4ae484-4f1c-4cdf-90f3-bd7ab9e794d1_09",
                "context_K-NSCC": {
                    "field": "인공물",
                    "large_category": "ED",
                    "medium_category": "05"
                },
                "context": "<p>다음은 스위칭 손실을 비교한다. 기존 벅 컨버터의 경우에는 Turn-off 전류가 매우 높기 때문에 손실이 매우 크다. IGBT 손실 계산은 다음 식 (18), (19), (20)을 이용하여 구할 수 있다. 이를 통해 기존 벅 컨버터는 \\( 35.7 \\mathrm { ~W } \\) 의 손실이 발생하고, 제안 회로는 \\( 11.6 \\mathrm { ~W } \\) 의 손실이 발생하는 것을 이론적으로 구할 수 있다.</p> <p>\\( P_ { c o n } =I_ { s w, \\mathrm { ~s } } ^ { 2 } r_ { c } + V_ { c e o } I_ { s w, \\text { ave } } + I_ { D, \\mathrm { ~s } } ^ { 2 } r_ { d } + V_ { D o } I_ { D, \\text { ave } } \\)<caption>(18)</caption></p> <p>\\( \\begin {aligned} P_ { s w } =& f_ { s w } \\left [0.5 V_ { c e o } I_ {\\text { off } } k_ {\\text { off } } t_ { d(o f f) } + 0.05 V_ { D C } I_ { o f f } \\right . \\\\ & t_ { d(0 f f) } + 0.55 V_ { D C } I_ { C O } t_ { d(o f f) } + V_ { C E O } I_ { C O } \\\\ & \\left . \\left (0.55 t_ { f } + 0.05 t_ {\\text { tail } } \\right ) \\right ] \\end {aligned} \\)<caption>(19)</caption></p> <p>\\( P_ { I G B T } =P_ { c o n } + P_ { s w } \\)<caption>(20)</caption></p> <p>이를 통해 방열판 크기도 비교할수 있다. 다음 식(21)에 앞서 구한 스위칭 손실을 대입하면 기존 벅 컨버터 대비 \\( 52 \\% \\) 의 방열판 크기가 감소하였다.</p> <p>\\( \\frac {\\text { Volume } _ { ( \\text { Prop. } ) } } {\\text { Volume } _ { ( \\text { Conv.) } } } = \\frac {\\left (T_ { J } -T_ { A } \\right ) / P_ { I G B T } ^ {\\text { Conv. } } -R_ {\\text { th } J C } -R_ {\\text { thCS } } } {\\left (T_ { J } -T_ { A } \\right ) / P_ { I G B T } ^ {\\text { Prop } } -R_ {\\text { th } J C } -R_ {\\text { thCS } } } \\)<caption>(21)</caption></p>",
                "context_length": 1401,
                "summary": "기존 벅 컨버터의 경우는 스위칭 손실이 매우 큰데, 그것은 Turn-off 전류가 매우 높기 때문이다. IGBT 손실 계산은 다음 식을 이용하여 구할 수 있는데, 이를 통해 방열한의 크기 또한 비교할 수 있다.",
                "clue": [
                    {
                        "clue_text": "기존 벅 컨버터의 경우에는 Turn-off 전류가 매우 높기 때문에 손실이 매우 크다.",
                        "clue_start": "21",
                        "clue_end": "69"
                    },
                    {
                        "clue_text": "IGBT 손실 계산은 다음 식 (18), (19), (20)을 이용하여 구할 수 있다.",
                        "clue_start": "70",
                        "clue_end": "118"
                    },
                    {
                        "clue_text": "이를 통해 방열판 크기도 비교할수 있다.",
                        "clue_start": "921",
                        "clue_end": "943"
                    }
                ],
                "terminology": [
                    {
                        "word": "IGBT"
                    },
                    {
                        "word": "IGBT 손실 계산"
                    },
                    {
                        "word": "Turn-off"
                    },
                    {
                        "word": "Turn-off 전류"
                    },
                    {
                        "word": "tail"
                    },
                    {
                        "word": "벅 컨버터"
                    },
                    {
                        "word": "스위칭"
                    },
                    {
                        "word": "스위칭 손실"
                    },
                    {
                        "word": "전류"
                    },
                    {
                        "word": "컨버터"
                    },
                    {
                        "word": "회로"
                    }
                ]
            },
            {
                "context_id": "55e-0c9-merge_ed_034b7f4e-5c4ae484-4f1c-4cdf-90f3-bd7ab9e794d1_04",
                "context_K-NSCC": {
                    "field": "인공물",
                    "large_category": "ED",
                    "medium_category": "05"
                },
                "context": "<p>④Mode \\( 4 \\left (t_ { 3 } -t_ { 4 } \\right ) \\)</p> <p>스위치 \\( \\mathrm { Q } _ { 1 } \\) 이 Turn-off, \\( \\mathrm { Q } _ { 2 } \\) 는 Turn-on 되고 있으며 공진 전류가 0 이 되는 \\( \\mathrm { t } _ { 3 } \\) 시점에, 그림 5(e) 와 같이 Mode 4 가 시작된다. 이때도 다이오드 \\( \\mathrm { D } _ { 2 } , \\mathrm { D } _ { 4 } \\) 는 도통되어 있으며 \\( \\mathrm { D } _ { 1 } , \\mathrm { D } _ { 3 } \\) 는 도통되지 않고 있다. 공진 전류는 0 인 상태에서 출력 캐패시터의 전압이 방전하고, 인버터 모듈이 정상 동작한다. 그 후에 \\( t_ { 0 } -t_ { 4 } \\) 까지의 동작들이 계속 반복된다.</p> <h2>2.2 제안 회로의 특징</h2> <p>다음은 제안된 회로의 특징을 요약한 것이다.</p> <ol type=1 start=1><li>기존 회로는 인버터 동작을 위해 3 상 \\( \\mathrm { DC } \\) 전압을 사용하기 때문에 높은 내압의 인버터 모듈을 사용한다. 반면 제안회로는 기존 3 상 \\( \\mathrm { DC } \\) 전압을 강압하므로 낮은 내압의 인버터 모듈 사용이 가능하다. 따라서 저렴한 비용, 부피 최소화의 장점이 있다.</li> <li>벅 컨버터의 경우 회로 구성 시, 큰 부피의 인덕터와 높은 내압의 다이오드, 스위치를 사용한다. 이로 인해 전체 회로의 부피가 커지고, 구현비용이 증가한다. 반면 제안회로는 회로 구성 시 작은 크기의 인덕터 사용이 가능하고, 낮은 내압의 스위치, 다이오드를 사용하 기 때문에 전체회로의 부피와 제작비용을 최소화 할 수 있다.</li> <li>벅 컨버터의 경우 하드 스위칭 조건에서 Turn-off 하기 때문에 큰 스위칭 손실이 발생한다. 이로 인해 많은 열이 발생하고 큰 방열판이 필요하다. 반면 제안회로는 모드해석에서 설명한 것처럼 ZCS 조건에서 Turn-off 한다. 따라서 스위칭 손실을 최소화 할 수 있으므로, 열 발생과 방열판 크기를 최소화 할 수 있다.</li></ol> <h1>3. 해석 밎 Design 예시</h1> <h2>3.1 출력 전압 해석</h2> <p>본 논문에서 제안하는 공진 강압형 \\( \\mathrm { DC } / \\mathrm { DC } \\) 컨버터의 원활한 해석을 위해서 입출력 전압 변환비를 설명한다. 이를 구하기 위해서 필요한 스위치 동작에 따른 등가회로는 그림 7과 같다.</p>",
                "context_length": 1300,
                "summary": "제안된 회로는 높은 내압의 인버터 모듈 사용을 줄일 수 있고, 작은 크기의 인덕터, 낮은 내압의 스위치, 다이오드를 사용하여 전체 회로의 부피와 제작비용을 최소화할 수 있다. 또한, ZCS 조건에서 Turn-off하여 스위치 손실을 최소화하고, 열 발생과 방열판 크기를 최소화 할 수 있다.",
                "clue": [
                    {
                        "clue_text": "반면 제안회로는 기존 3 상 \\( \\mathrm { DC } \\) 전압을 강압하므로 낮은 내압의 인버터 모듈 사용이 가능하다.",
                        "clue_start": "620",
                        "clue_end": "690"
                    },
                    {
                        "clue_text": "반면 제안회로는 회로 구성 시 작은 크기의 인덕터 사용이 가능하고, 낮은 내압의 스위치, 다이오드를 사용하 기 때문에 전체회로의 부피와 제작비용을 최소화 할 수 있다.",
                        "clue_start": "816",
                        "clue_end": "909"
                    },
                    {
                        "clue_text": "반면 제안회로는 모드해석에서 설명한 것처럼 ZCS 조건에서 Turn-off 한다.",
                        "clue_start": "1003",
                        "clue_end": "1048"
                    },
                    {
                        "clue_text": "따라서 스위칭 손실을 최소화 할 수 있으므로, 열 발생과 방열판 크기를 최소화 할 수 있다.",
                        "clue_start": "1049",
                        "clue_end": "1100"
                    }
                ],
                "terminology": [
                    {
                        "word": "DC"
                    },
                    {
                        "word": "Turn-off"
                    },
                    {
                        "word": "Turn-on"
                    },
                    {
                        "word": "ZCS"
                    },
                    {
                        "word": "공진 강압형"
                    },
                    {
                        "word": "공진 전류"
                    },
                    {
                        "word": "내압"
                    },
                    {
                        "word": "다이오드"
                    },
                    {
                        "word": "등가회로"
                    },
                    {
                        "word": "모드해석"
                    },
                    {
                        "word": "벅 컨버터"
                    },
                    {
                        "word": "변환비"
                    },
                    {
                        "word": "스위치"
                    },
                    {
                        "word": "스위칭"
                    },
                    {
                        "word": "스위칭 손실"
                    },
                    {
                        "word": "스위칭 조건"
                    },
                    {
                        "word": "인덕터"
                    },
                    {
                        "word": "인버터 동작"
                    },
                    {
                        "word": "인버터 모듈"
                    },
                    {
                        "word": "입출력 전압"
                    },
                    {
                        "word": "입출력 전압 변환비"
                    },
                    {
                        "word": "전류"
                    },
                    {
                        "word": "전압 변환비"
                    },
                    {
                        "word": "출력 전압"
                    },
                    {
                        "word": "출력 캐패시터"
                    },
                    {
                        "word": "캐패시터"
                    },
                    {
                        "word": "컨버터"
                    },
                    {
                        "word": "하드 스위칭"
                    },
                    {
                        "word": "회로"
                    },
                    {
                        "word": "회로 구성"
                    }
                ]
            },
            {
                "context_id": "55e-0c9-merge_ed_034b7f4e-5c4ae484-4f1c-4cdf-90f3-bd7ab9e794d1_06",
                "context_K-NSCC": {
                    "field": "인공물",
                    "large_category": "ED",
                    "medium_category": "05"
                },
                "context": "<p>그림 8은 입력 전류 및 인덕터 전류 파형이다. 그림에서 \\( \\mathrm { A } \\) 는 평균 입력 전류의 면적이고, \\( \\mathrm { B } \\) 는 인덕터 전류 반주기의 면적이다. \\( \\mathrm { A } \\) 와 \\( \\mathrm { B } \\) 의 크기는 다음 식 (7), (8)과 같다.</p> <p>\\( A= \\int_ { 0 } ^ {\\pi \\sqrt { L_ { r } C_ { r } } } I_ { i, p e a k } \\sin \\left ( \\frac { t } {\\sqrt { L_ { r } C_ { r } } } \\right ) d t \\)<caption>(7)</caption></p> <p>\\( B=T_ { s w }<I_ { i } >\\)<caption>(8)</caption></p> <p>\\( \\mathrm { A } \\) 와 \\( \\mathrm { B } \\) 는 같으므로 입력 전류, 즉 공진 인덕터의 최대 전류값은 다음과 같다.</p> <p>\\( I_ { i, \\text { peak } } = \\frac { P_ { o } } { 2 V_ { i } f_ { s w } } \\sqrt {\\frac { 1 } { L_ { r } C_ { r } } } \\)<caption>(9)</caption></p> <h2>3.3 공진 인덕터와 공진 캐패시터의 관계</h2> <p>공진 캐패시터와 공진 인덕터와 관계를 구하기 위해서 스위칭 주파수와 공진 주파수는 같다고 가정한다. 이때, 공진 인덕터의 크기는 인덕터의 \\( \\mathrm { rms } \\) 전압과 \\( \\mathrm { rms } \\) 전류의 곱으로 결정되며 \\( \\mathrm { S } _ {\\mathrm { tot } } \\) 라고 표기한다.</p> <p>\\( V_ { L, r m s } = \\frac { I_ { i } } { 2 \\sqrt { 2 } C_ { r } f_ { s w } } \\)<caption>(10)</caption></p> <p>\\( I_ { L, r m s } = \\frac { I_ { i } } { 2 \\sqrt { 2 L_ { r } C_ { r } } f_ { s w } } \\)<caption>(11)</caption></p>",
                "context_length": 1113,
                "summary": "입력 전류 및 인덕터 전류파형에서 \\( \\mathrm { A } \\)는 평균 입력 전류의 면적이고, \\( \\mathrm { B } \\)는 인덕터 전류 반주기의 면적으로 공진인덕터의 최대 전류값을 나타내었다. 스위칭 주파수와 공진 주파수가 동일하다고 가정하며, 여기서 공진 인덕터의 크기는 인덕터의 rms 전압 및 전류의 곱으로 결정된다. 이를 통해 공진 캐패시터와 공진 인덕터와 관계를 구할 수 있다.",
                "clue": [
                    {
                        "clue_text": "그림 8은 입력 전류 및 인덕터 전류 파형이다.",
                        "clue_start": "3",
                        "clue_end": "29"
                    },
                    {
                        "clue_text": "그림에서 \\( \\mathrm { A } \\) 는 평균 입력 전류의 면적이고, \\( \\mathrm { B } \\) 는 인덕터 전류 반주기의 면적이다.",
                        "clue_start": "30",
                        "clue_end": "112"
                    },
                    {
                        "clue_text": "\\( \\mathrm { A } \\) 와 \\( \\mathrm { B } \\) 는 같으므로 입력 전류, 즉 공진 인덕터의 최대 전류값은 다음과 같다.",
                        "clue_start": "419",
                        "clue_end": "500"
                    },
                    {
                        "clue_text": "공진 캐패시터와 공진 인덕터와 관계를 구하기 위해서 스위칭 주파수와 공진 주파수는 같다고 가정한다.",
                        "clue_start": "691",
                        "clue_end": "746"
                    },
                    {
                        "clue_text": "이때, 공진 인덕터의 크기는 인덕터의 \\( \\mathrm { rms } \\) 전압과 \\( \\mathrm { rms } \\) 전류의 곱으로 결정되며 \\( \\mathrm { S } _ {\\mathrm { tot } } \\) 라고 표기한다.",
                        "clue_start": "747",
                        "clue_end": "878"
                    }
                ],
                "terminology": [
                    {
                        "word": "peak"
                    },
                    {
                        "word": "공진 인덕터"
                    },
                    {
                        "word": "공진 주파수"
                    },
                    {
                        "word": "공진 캐패시터"
                    },
                    {
                        "word": "스위칭"
                    },
                    {
                        "word": "인덕터"
                    },
                    {
                        "word": "인덕터 전류 반주기"
                    },
                    {
                        "word": "인덕터 전류 파형"
                    },
                    {
                        "word": "전류"
                    },
                    {
                        "word": "주파수"
                    },
                    {
                        "word": "캐패시터"
                    },
                    {
                        "word": "파형"
                    }
                ]
            },
            {
                "context_id": "55e-0c9-merge_ed_034b7f4e-5c4ae484-4f1c-4cdf-90f3-bd7ab9e794d1_08",
                "context_K-NSCC": {
                    "field": "인공물",
                    "large_category": "ED",
                    "medium_category": "05"
                },
                "context": "<p>공진 주파수 \\( \\mathrm { f } _ {\\mathrm { r } } \\) 은 다음과 같이 정의된다.</p> <p>\\( f_ { r } = \\frac { 1 } { 2 \\pi \\sqrt { L_ { r } C_ { r } } } \\)<caption>(15)</caption></p> <p>스위치의 ZCS 동작을 위해서는 스위칭 주파수보다 공진 주파수를 빠르게 하여야 한다. 본 논문에서는 공진 주파수로 \\( 28.5 \\mathrm { kHz } \\) 를 사용한다. 따라서 공진 인덕터 \\( \\mathrm { L } _ {\\mathrm { r } } \\) 의 인덕턴스 값은 식 (15)와 앞서 구한 공진 캐패시턴스 값 으로 구할 수 있다.</p> <p>\\( L_ { r } = \\frac { 1 } { 4 \\pi ^ { 2 } C_ { r } f_ { r } ^ { 2 } } =9.4 u H \\)<caption>(16)</caption></p> <p>위의 설계를 토대로 하드웨어 실험 시, 공진 인덕터는 EE 2525 Core를 사용하였으며, \\( \\mathrm { f } _ {\\mathrm { sw } } =25 \\mathrm { kHz } , \\mathrm { L } _ {\\mathrm { r } } =9.4 \\mathrm { uH } \\), \\( \\mathrm { C } _ {\\mathrm { r } } =3.3 \\mathrm { uF } \\) 를 사용하였다.</p> <h2>3.5 기존 벅 컨버터와의 비교</h2> <p>3.4 절의 동일 설계 사양으로 기존 벅 컨버터를 설계하여 제안 공진 강압형 \\( \\mathrm { DC } / \\mathrm { DC } \\) 컨버터와 인덕터 크기, 스위칭 손실, 방열판 크기 등을 비교한다.</p> <p>먼저 기존 벅 컨버터의 인덕터는 다음 식(17)으로 구할 수 있다.</p> <p>\\( L= \\frac { (1-D) T_ { s } V_ { o } } { I_ { 0, \\text { ripple } } } = \\frac { 0.33 \\times 400 } { 25 \\times 10 ^ { 3 } \\times 10 } =533 u \\mathrm { H } \\)<caption>(17)</caption></p> <p>\\( 25 \\mathrm { kHz } \\) 로 스위칭 주파수 동작 시, 최소 필요 인덕턴스는 \\( 533 \\mathrm { uH } \\) 이며, 이를 구현하기 위해서는 최소 \\( 5 \\mathrm { ~cm } * 5 \\mathrm { ~cm } \\) 이상의 코어가 필요하다. 따라서 제안 회로의 인덕터 크기인 \\( \\mathrm { EE } 2525 \\) 와 비교 시, 약 \\( 75 \\% \\) 정도 부피가 감소하였다.</p>",
                "context_length": 1351,
                "summary": "스위칭 주파수보다 공진 주파수를 빠르게 하는 것이 스위치의 ZCS 동작에 필요하다. 공진 강압형 DC/DC 컨버터와 비교하여, 같은 설계 사양의 벅 컨버터는 인덕터 크기, 스위칭 손실, 방열판 크기 등에서 차이가 있었다. \\(L\\)의 계산을 통해, 그 값은 \\(533u\\mathrm{H}\\)로 나타났다.",
                "clue": [
                    {
                        "clue_text": "\\( f_ { r } = \\frac { 1 } { 2 \\pi \\sqrt { L_ { r } C_ { r } } } \\)<caption>(15)</caption>",
                        "clue_start": "71",
                        "clue_end": "160"
                    },
                    {
                        "clue_text": "스위치의 ZCS 동작을 위해서는 스위칭 주파수보다 공진 주파수를 빠르게 하여야 한다.",
                        "clue_start": "168",
                        "clue_end": "215"
                    },
                    {
                        "clue_text": "3.4 절의 동일 설계 사양으로 기존 벅 컨버터를 설계하여 제안 공진 강압형 \\( \\mathrm { DC } / \\mathrm { DC } \\) 컨버터와 인덕터 크기, 스위칭 손실, 방열판 크기 등을 비교한다.",
                        "clue_start": "753",
                        "clue_end": "870"
                    },
                    {
                        "clue_text": "\\( L= \\frac { (1-D) T_ { s } V_ { o } } { I_ { 0, \\text { ripple } } } = \\frac { 0.33 \\times 400 } { 25 \\times 10 ^ { 3 } \\times 10 } =533 u \\mathrm { H } \\)<caption>(17)</caption>",
                        "clue_start": "923",
                        "clue_end": "1103"
                    }
                ],
                "terminology": [
                    {
                        "word": "Core"
                    },
                    {
                        "word": "DC"
                    },
                    {
                        "word": "EE"
                    },
                    {
                        "word": "ZCS"
                    },
                    {
                        "word": "ZCS 동작"
                    },
                    {
                        "word": "ripple"
                    },
                    {
                        "word": "공진 강압형"
                    },
                    {
                        "word": "공진 인덕터"
                    },
                    {
                        "word": "공진 주파수"
                    },
                    {
                        "word": "공진 캐패시턴스"
                    },
                    {
                        "word": "벅 컨버터"
                    },
                    {
                        "word": "스위치"
                    },
                    {
                        "word": "스위칭"
                    },
                    {
                        "word": "스위칭 손실"
                    },
                    {
                        "word": "스위칭 주파수"
                    },
                    {
                        "word": "인덕터"
                    },
                    {
                        "word": "인덕터 크기"
                    },
                    {
                        "word": "인덕턴스"
                    },
                    {
                        "word": "인덕턴스 값"
                    },
                    {
                        "word": "주파수"
                    },
                    {
                        "word": "캐패시턴스 값"
                    },
                    {
                        "word": "컨버터"
                    },
                    {
                        "word": "하드웨어"
                    },
                    {
                        "word": "회로"
                    }
                ]
            },
            {
                "context_id": "55e-0c9-merge_ed_034b7f4e-5c4ae484-4f1c-4cdf-90f3-bd7ab9e794d1_07",
                "context_K-NSCC": {
                    "field": "인공물",
                    "large_category": "ED",
                    "medium_category": "05"
                },
                "context": "<p>\\( S_ { t o t } =V_ { L, \\mathrm { rm } \\mathrm { s } } \\times I_ { L, \\mathrm { r } \\mathrm { m } \\mathrm { s } } = \\frac {\\pi P_ { o } ^ { 2 } } { 4 V_ { i } ^ { 2 } C_ { r } f_ { s w } } \\)<caption>(12)</caption></p> <p>식 (12)를 보면 알 수 있듯이, 스위칭 주파수가 일정하다면 Stot는 캐패시터의 용량에 반비례한다. 따라서 공진 인덕터와 공진 캐패시터의 관계에 있어서, 공진 인덕터 크기를 최소로 하기 위해서는 공진 캐패시터의 크기를 크게 해야 한다.</p> <h2>3.4 설계 예시</h2> <p>제안된 낮은 내압의 인버터 모듈 사용을 위한 공진 강압형 \\( \\mathrm { DC } / \\mathrm { DC } \\) 컨버터의 입출력 사양과 설계과정은 다음과 같다.</p> <ul> <li>입력 전압 조건 : \\( 600 \\mathrm { ~V } \\)</li> <li>출력 전압 조건 : \\( 400 \\mathrm { ~V } \\)</li> <li>출력 전류 조건 : \\( 4.5 \\mathrm { ~A } \\)</li> <li>출력 전력 조건 : \\( 2.5 \\mathrm { ~kW } \\)</li> <li>스위칭 주파수 : \\( 25 \\mathrm { kHz } \\)</li></ul> <p>공진 캐패시터의 최대 전압은 다음과 같이 정의된다.</p> <p>\\( V_ { C r 1, \\max } = \\frac { I_ { I N } } { 4 C_ { r 1 } f_ { s w } } + \\frac { 2 V_ { I N } } { 3 } \\)<caption>(13)</caption></p> <p>\\( V_ { C r 2, \\max } = \\frac { I_ { I N } } { 4 C_ { r 2 } f_ { s w } } + \\frac { V_ { I N } } { 3 } \\)<caption>(14)</caption></p> <p>공진 캐패시터 \\( \\mathrm { C } _ {\\mathrm { r } } \\) 의 크기는 식 (13), (14)와 같이 캐패시터의 정격전압과 관계가 있으며, \\( \\mathrm { C } _ {\\mathrm { r } } \\) 의 크기가 크면 정격전압이 감소하고, \\( \\mathrm { C } _ {\\mathrm { r } } \\) 의 크기가 작으면 정격전압이 증가하는 설계상의 trade-off가 발생한다. \\( \\mathrm { C } _ {\\mathrm { r } 1 } \\) 과 \\( \\mathrm { C } _ {\\mathrm { r } 2 } \\) 의 전압 스트레스도 다르다. 또한 앞선 해석에 의하여 인덕터 크기를 최소화 하려면 공진 캐패시터의 크기를 크게 해야 한다. 따라서 캐패시터의 정격전압과 용량을 고려한 캐패시터 선정이 필요하다. 본 논문에서는 캐패시터의 정격 전압 마진과 용량을 고려하여 \\( 3.3 \\mathrm { uF } \\) 의 공진 캐패시터를 선정한다.</p>",
                "context_length": 1536,
                "summary": "스위칭 주파수가 일정한 경우, 총 스위칭 손실은 캐패시터의 용량에 반비례한다. 이 때, 공진 캐패시터의 최대 전압은 캐패시터의 정격전압과 연관이 있다. 캐패시터의 크기가 클수록 정격전압은 감소하며, 크기가 작을수록 정격전압은 증가하는 trade-off 관계가 있다.",
                "clue": [
                    {
                        "clue_text": "식 (12)를 보면 알 수 있듯이, 스위칭 주파수가 일정하다면 Stot는 캐패시터의 용량에 반비례한다.",
                        "clue_start": "226",
                        "clue_end": "283"
                    },
                    {
                        "clue_text": "공진 캐패시터의 최대 전압은 다음과 같이 정의된다.",
                        "clue_start": "725",
                        "clue_end": "753"
                    },
                    {
                        "clue_text": "공진 캐패시터 \\( \\mathrm { C } _ {\\mathrm { r } } \\) 의 크기는 식 (13), (14)와 같이 캐패시터의 정격전압과 관계가 있으며, \\( \\mathrm { C } _ {\\mathrm { r } } \\) 의 크기가 크면 정격전압이 감소하고, \\( \\mathrm { C } _ {\\mathrm { r } } \\) 의 크기가 작으면 정격전압이 증가하는 설계상의 trade-off가 발생한다.",
                        "clue_start": "1033",
                        "clue_end": "1265"
                    }
                ],
                "terminology": [
                    {
                        "word": "DC"
                    },
                    {
                        "word": "trade-off"
                    },
                    {
                        "word": "공진 강압형"
                    },
                    {
                        "word": "공진 인덕터"
                    },
                    {
                        "word": "공진 캐패시터"
                    },
                    {
                        "word": "내압"
                    },
                    {
                        "word": "스위칭"
                    },
                    {
                        "word": "스위칭 주파수"
                    },
                    {
                        "word": "인덕터"
                    },
                    {
                        "word": "인덕터 크기"
                    },
                    {
                        "word": "인버터 모듈"
                    },
                    {
                        "word": "전류"
                    },
                    {
                        "word": "전류 조건"
                    },
                    {
                        "word": "전압 조건"
                    },
                    {
                        "word": "정격전압"
                    },
                    {
                        "word": "주파수"
                    },
                    {
                        "word": "출력 전력"
                    },
                    {
                        "word": "출력 전력 조건"
                    },
                    {
                        "word": "출력 전압"
                    },
                    {
                        "word": "출력 전압 조건"
                    },
                    {
                        "word": "캐패시터"
                    },
                    {
                        "word": "컨버터"
                    }
                ]
            },
            {
                "context_id": "55e-0c9-merge_ed_034b7f4e-5c4ae484-4f1c-4cdf-90f3-bd7ab9e794d1_00",
                "context_K-NSCC": {
                    "field": "인공물",
                    "large_category": "ED",
                    "medium_category": "05"
                },
                "context": "<h1>1. 서 론</h1> <p>최근 에너지 효율의 중요성이 대두되는 가운데 Moton 구동에 있어, 부하 상태에 따라 회전수를 제어하여 구동 전력을 절감할 수 있는 인버터를 많이 사용하고 있다. 특히, 수 \\( \\mathrm { kW } \\) 이상의 산업용 모터 구동 응용에서는 3상 \\( \\mathrm { AC } \\) 전원 사용이 일반적이고, 에너지 효율 향상을 위해 마찬가지로 인버터 모듈이 주로 사용되고 있다.</p> <p>그림 1 은 기존 3 상 전원 조건에서 모터 구동을 하는 인버터 구동 회로도이다. 기존 3상 전원 조건에서 모터 구동을 하는 인버터 구동회로는 크게 3상 전원부, EMI filter, 정류부, 인버터 모듈, Motor로 구성되어 있다. 기존 방식은 3 상 전원을 평활한 DC 전압으로 인버터 모듈을 동작시키는데, 이때 평활한 DC 전압은 최대 \\( 700 \\mathrm { ~V } \\) 이상의 높은 전압이므로, \\( 900 \\mathrm { ~V } \\) 이상의 높은 내압을 가지는 고가의 인버터 모듈을 사용해야만 하는 문제가 있다.</p> <p>이런 문제점을 해결하기 위해 기존에는 벅 컨버터, 공진형 벅 컨버터 같은 강압형 컨버터를 사용하여 인버터의 DC link 전압을 강압하였다.</p> <p>그림 2 는 기존 기술인 벅 컨버터를 적용하여 인버터의 DC link 전압을 강압한 회로이다. 벅 컨버터를 사용할 경우, 회로의 구성과 설계가 매우 간단한 장점이 있다. 하지만 회로를 구성하는 인덕터 \\( \\mathrm { L } * \\) 의 크기가 매우 커서 시스템 전체 부피가 증가하고, 스위치 \\( \\mathrm { Q } * \\) 와 다이오드 \\( \\mathrm { D } * \\) 의 전압 스트레스가 높아 고가의 반도체 소자를 사용해야한다. 또한 스위칭 전력 손실이 커서 효율이 저감되고, 방열판 크기가 증가하는 문제가 있다.</p> <p>공진형 벅 컨버터를 사용할 경우, 소형의 인덕터를 사용할 수 있고 전력 손실이 작다는 장점이 있다. 하지만 기존 벅 컨버터와 같이 스위치와 다이오드의 전압이나 전류 스트레스가 매우 높아 고가의 반도체 소자를 사용해야하는 문제가 있다.</p> <p>상기 단점들을 해결하기 위해 본 논문에서는 공진 강압형 DC/DC 컨버터를 제안한다. 제안 컨버터는 그림 1 의 기존 인버터 구동회로에 비해 낮은 내압의 인버터 모듈을 사용할 수 있으며, 그림 2의 벅 컨버터를 적용한 인버터 구동회로에 비해 소형의 인덕터와 낮은 내압의 스위치 및 다이오드 사용이 가능하다. 따라서 저렴한 비용, 부피 최소화, 높은 전력 밀도 구현이 가능하다. 또한 스위치의 영전류 스위칭 (Zero Current Switching) 동작으로 고효율 동작을 보장하기 때문에 열 발생 및 방열판 크기를 최소화 할 수 있다.</p>",
                "context_length": 1385,
                "summary": "에너지 효율 향상을 위해 부하 상태에 따라 회전수를 제어하는 인버터가 모터 구동에 널리 사용되고 있다. 특히, 3상 \\( \\mathrm { AC } \\) 전원을 사용하는 산업용 모터에 주로 사용되는 인버터 모듈은, 고가이지만, 에너지 효율을 크게 향상시킨다. 그러나 이 인버터 모듈은 \\( 900 \\mathrm { ~V } \\) 이상의 높은 내압을 가지므로, 평활한 DC 전압이 \\( 700 \\mathrm { ~V } \\) 이상일 때 사용해야 한다는 제한이 있다. 이 문제를 해결하기 위해, 벅 컨버터, 공진형 벅 컨버터 등의 강압형 컨버터가 사용되어 인버터의 DC link 전압을 강압하는 방식이 도입되었다.",
                "clue": [
                    {
                        "clue_text": "최근 에너지 효율의 중요성이 대두되는 가운데 Moton 구동에 있어, 부하 상태에 따라 회전수를 제어하여 구동 전력을 절감할 수 있는 인버터를 많이 사용하고 있다.",
                        "clue_start": "19",
                        "clue_end": "110"
                    },
                    {
                        "clue_text": "특히, 수 \\( \\mathrm { kW } \\) 이상의 산업용 모터 구동 응용에서는 3상 \\( \\mathrm { AC } \\) 전원 사용이 일반적이고, 에너지 효율 향상을 위해 마찬가지로 인버터 모듈이 주로 사용되고 있다.",
                        "clue_start": "111",
                        "clue_end": "235"
                    },
                    {
                        "clue_text": "기존 방식은 3 상 전원을 평활한 DC 전압으로 인버터 모듈을 동작시키는데, 이때 평활한 DC 전압은 최대 \\( 700 \\mathrm { ~V } \\) 이상의 높은 전압이므로, \\( 900 \\mathrm { ~V } \\) 이상의 높은 내압을 가지는 고가의 인버터 모듈을 사용해야만 하는 문제가 있다.",
                        "clue_start": "375",
                        "clue_end": "542"
                    },
                    {
                        "clue_text": "이런 문제점을 해결하기 위해 기존에는 벅 컨버터, 공진형 벅 컨버터 같은 강압형 컨버터를 사용하여 인버터의 DC link 전압을 강압하였다.",
                        "clue_start": "550",
                        "clue_end": "628"
                    }
                ],
                "terminology": [
                    {
                        "word": "DC"
                    },
                    {
                        "word": "DC link"
                    },
                    {
                        "word": "DC link 전압"
                    },
                    {
                        "word": "DC 전압"
                    },
                    {
                        "word": "DC/DC"
                    },
                    {
                        "word": "DC/DC 컨버터"
                    },
                    {
                        "word": "EMI"
                    },
                    {
                        "word": "EMI filter"
                    },
                    {
                        "word": "Motor"
                    },
                    {
                        "word": "Switching"
                    },
                    {
                        "word": "강압형 컨버터"
                    },
                    {
                        "word": "고효율 동작"
                    },
                    {
                        "word": "공진 강압형"
                    },
                    {
                        "word": "공진 강압형 DC/DC 컨버터"
                    },
                    {
                        "word": "공진형"
                    },
                    {
                        "word": "공진형 벅 컨버터"
                    },
                    {
                        "word": "구동 전력"
                    },
                    {
                        "word": "내압"
                    },
                    {
                        "word": "높은 전력 밀도"
                    },
                    {
                        "word": "다이오드"
                    },
                    {
                        "word": "대두"
                    },
                    {
                        "word": "밀도"
                    },
                    {
                        "word": "방열판"
                    },
                    {
                        "word": "벅 컨버터"
                    },
                    {
                        "word": "부하 상태"
                    },
                    {
                        "word": "스위치와 다이오드"
                    },
                    {
                        "word": "스위칭"
                    },
                    {
                        "word": "스위칭 전력"
                    },
                    {
                        "word": "스위칭 전력 손실"
                    },
                    {
                        "word": "에너지 효율"
                    },
                    {
                        "word": "영전류"
                    },
                    {
                        "word": "영전류 스위칭"
                    },
                    {
                        "word": "인덕터"
                    },
                    {
                        "word": "인버터 구동"
                    },
                    {
                        "word": "인버터 구동회로"
                    },
                    {
                        "word": "인버터 모듈"
                    },
                    {
                        "word": "전류"
                    },
                    {
                        "word": "전류 스트레스"
                    },
                    {
                        "word": "전압 스트레스"
                    },
                    {
                        "word": "정류부"
                    },
                    {
                        "word": "커서 시스템"
                    },
                    {
                        "word": "컨버터"
                    },
                    {
                        "word": "회로"
                    },
                    {
                        "word": "회로도"
                    }
                ]
            },
            {
                "context_id": "55e-0c9-merge_ed_034b7f4e-5c4ae484-4f1c-4cdf-90f3-bd7ab9e794d1_01",
                "context_K-NSCC": {
                    "field": "인공물",
                    "large_category": "ED",
                    "medium_category": "05"
                },
                "context": "<p>본 논문에서는 3상 전원 조건에서 모터 구동을 위해 인버터 내압 저감을 위한 공진 강압형 DC/DC 컨버터를 제안한다. 2장에서는 제안회로의 개념과 동작원리에 대해 설명한다. 다음 3장에서는 출력 전압 분석, 공진 최대 전류 수식, 공진 캐패시터와 공진 인덕터와의 관계에 대해 설명한다. 마지막으로 4장에서는 이론적 분석의 타당성과 제안회로의 효과를 실험결과를 통해 설명한다.</p> <h1>2 공진 강압형 DC/DC 컨버터</h1> <p>그림 3은 제안된 공진 강압형 DC/DC 컨버터를 적용한 3상 조건에서의 인버터 구동 시스템 블록도이고, 공진 강압형 DC/DC 컨버터의 전력단은 그림 4 에 나타내었다. 제안된 컨버터는 두 개의 스위치 \\( \\mathrm { Q } _ { 1 } , \\mathrm { Q } _ { 2 } \\), 한 개의 공진 인덕터 \\( \\mathrm { L } _ { r } \\) 과 두 개의 공진 캐패시터 \\( \\mathrm { C } _ {\\mathrm { r } 1 } , \\mathrm { C } _ {\\mathrm { r } 2 } \\), 네개의 다이오드 \\( \\mathrm { D } _ { 1 } \\sim \\mathrm { D } _ { 4 } \\), 두 개의 출력 캐패시터 \\( \\mathrm { C } _ { 01 } , \\mathrm { C } _ { 02 } \\) 로 구성되어 있다. 제안된 컨버터는 3 상 AC 전원을 평활한 DC 전압인 \\( \\mathrm { V } _ {\\mathrm { DC } } \\) 를 \\( \\mathrm { V } _ {\\mathrm { O } } \\left ( = 2 \\mathrm { ~V } _ {\\mathrm { d } d } / 3 \\right ) \\) 의 낮은 전압으로 강압하므로 낮은 내압 \\( \\left ( \\mathrm { V } _ { 0 } \\right ) \\) 의 저가인 인버터 모듈 사용이 가능하다. 또한, 컨버터의 인덕터 \\( \\mathrm { L } _ { r } \\) 은 기존의 벅 컨버터의 인덕터에 비해 획기적으로 크기 및 부피 저감이 가능하며, 모든 반도체 소자 \\( \\left ( \\mathrm { Q } _ { 1 } , \\mathrm { Q } _ { 2 } , \\mathrm { D } _ { 1 } \\sim \\mathrm { D } _ { 4 } \\right ) \\) 의 저 내압 및 ZCS 동작을 통한 스위칭 전력 손실 최소화로 고효율, 고밀도 시스템 구성이 가능하다.</p>",
                "context_length": 1233,
                "summary": "논문에서는 공진 강압형 DC/DC 컨버터를 제안하여 3상 전원 조건에서의 모터 구동을 위해 인버터 내압을 저감에 대해 설명한다. 이를 위해 논문에서 제안된 공진 강압형 DC/DC 컨버터를 적용한 3상 조건에서 인버터 구동 시스템의 블록도를 볼 수 있으며, 공진 강압형 DC/DC 컨버터의 전력단을 나타내었다.",
                "clue": [
                    {
                        "clue_text": "본 논문에서는 3상 전원 조건에서 모터 구동을 위해 인버터 내압 저감을 위한 공진 강압형 DC/DC 컨버터를 제안한다.",
                        "clue_start": "3",
                        "clue_end": "69"
                    },
                    {
                        "clue_text": "그림 3은 제안된 공진 강압형 DC/DC 컨버터를 적용한 3상 조건에서의 인버터 구동 시스템 블록도이고, 공진 강압형 DC/DC 컨버터의 전력단은 그림 4 에 나타내었다.",
                        "clue_start": "249",
                        "clue_end": "344"
                    }
                ],
                "terminology": [
                    {
                        "word": "AC 전원"
                    },
                    {
                        "word": "DC"
                    },
                    {
                        "word": "DC/DC"
                    },
                    {
                        "word": "DC/DC 컨버터"
                    },
                    {
                        "word": "ZCS"
                    },
                    {
                        "word": "ZCS 동작"
                    },
                    {
                        "word": "고밀도 시스템"
                    },
                    {
                        "word": "공진 강압형"
                    },
                    {
                        "word": "공진 강압형 DC/DC 컨버터"
                    },
                    {
                        "word": "공진 인덕터"
                    },
                    {
                        "word": "공진 캐패시터"
                    },
                    {
                        "word": "내압"
                    },
                    {
                        "word": "내압 저감"
                    },
                    {
                        "word": "다이오드"
                    },
                    {
                        "word": "벅 컨버터"
                    },
                    {
                        "word": "부피 저감"
                    },
                    {
                        "word": "스위치"
                    },
                    {
                        "word": "스위칭 전력"
                    },
                    {
                        "word": "스위칭 전력 손실"
                    },
                    {
                        "word": "시스템 블록도"
                    },
                    {
                        "word": "인덕터"
                    },
                    {
                        "word": "인버터 구동"
                    },
                    {
                        "word": "인버터 내압 저감"
                    },
                    {
                        "word": "인버터 모듈"
                    },
                    {
                        "word": "전력단"
                    },
                    {
                        "word": "출력 전압"
                    },
                    {
                        "word": "출력 캐패시터"
                    },
                    {
                        "word": "캐패시터"
                    },
                    {
                        "word": "컨버터"
                    }
                ]
            },
            {
                "context_id": "55e-0c9-merge_ed_034b7f4e-5c4ae484-4f1c-4cdf-90f3-bd7ab9e794d1_03",
                "context_K-NSCC": {
                    "field": "인공물",
                    "large_category": "ED",
                    "medium_category": "05"
                },
                "context": "<p>②Mode \\( 2 \\left ( \\mathrm { t } _ { 1 } - \\mathrm { t } _ { 2 } \\right ) \\)</p> <p>스위치 \\( \\mathrm { Q } _ { 1 } \\) 이 Turn-on, \\( \\mathrm { Q } _ { 2 } \\) 는 Turn-off 되고 있으며 공진 전류가 0 이 되는 \\( \\mathrm { t } _ { 1 } \\) 시점에, 그림 5(c) 와 같이 Mode 2 가 시작된다. 이때도 다이오드 \\( \\mathrm { D } _ { 1 } , \\mathrm { D } _ { 3 } \\) 는 도통되어 있으며 \\( \\mathrm { D } _ { 2 } , \\mathrm { D } _ { 4 } \\) 는 도통되지 않고 있다. 공진 전류는 0 인 상태에서 출력 캐패시터의 전압이 방전하고, 인버터 모듈이 정상 동작한다.</p> <p>③Mode \\( 3 \\left (t_ { 2 } -t_ { 3 } \\right ) \\)</p> <p>스위치 \\( \\mathrm { Q } _ { 1 } \\) 이 Turn-off 되고, \\( \\mathrm { Q } _ { 2 } \\) 는 Turn-on 되는 \\( \\mathrm { t } _ { 2 } \\) 일 때, 그림 5(d)와 같이 Mode 3이 시작된다. 스위치에 흐르는 전류가 0 인 상태에서 \\( \\mathrm { Q } _ { 1 } \\) 이 Turn-off 되기 때문에 ZCS 동작을 한다. 이때 캐패시터 \\( \\mathrm { C } _ {\\mathrm { r } 1 } \\) 의 전압은 \\( \\mathrm { V } _ { 0 } \\) 만큼 걸려있고, 캐패시터 \\( \\mathrm { C } _ { 12 } \\) 의 전압은 \\( \\mathrm { Vo } / 2 \\) 만큼 걸려 있으므로 다이오드 \\( \\mathrm { D } _ { 2 } , \\mathrm { D } _ { 4 } \\) 가 도통된다. 그리고 \\( \\mathrm { L } _ {\\mathrm { r } } \\) 과 \\( \\mathrm { C } _ {\\mathrm { r } 1 } , \\mathrm { C } _ { 1 } 2 \\) 는 서로 직렬 공진 현상이 발생하며 Model과는 반대방향의 공진 전류가 흐르게 된다.</p>",
                "context_length": 1128,
                "summary": "Mode 2는 스위치 \\(\\mathrm{Q}_{1}\\)이 Turn-on,\\(\\mathrm{Q}_{2}\\)는 Turn-off, 공진 전류가 0이 될 때 시작되며, 다이오드 \\( \\mathrm{D}_{1},\\mathrm{D}_{3}\\)는 도통되고 \\(\\mathrm{D}_{2},\\mathrm{D}_{4}\\)는 도통되지 않는다. Mode 3은 \\(\\mathrm{Q}_{1}\\)이 Turn-off, \\(\\mathrm{Q}_{2}\\)는 Turn-on 될 때 시작되며, 다이오드 \\(\\mathrm{D}_{2},\\mathrm{D}_{4}\\)가 도통되고 직렬 공진 현상으로 Model 역방향으로 공진 전류가 흐른다.",
                "clue": [
                    {
                        "clue_text": "스위치 \\( \\mathrm { Q } _ { 1 } \\) 이 Turn-on, \\( \\mathrm { Q } _ { 2 } \\) 는 Turn-off 되고 있으며 공진 전류가 0 이 되는 \\( \\mathrm { t } _ { 1 } \\) 시점에, 그림 5(c) 와 같이 Mode 2 가 시작된다.",
                        "clue_start": "87",
                        "clue_end": "250"
                    },
                    {
                        "clue_text": "이때도 다이오드 \\( \\mathrm { D } _ { 1 } , \\mathrm { D } _ { 3 } \\) 는 도통되어 있으며 \\( \\mathrm { D } _ { 2 } , \\mathrm { D } _ { 4 } \\) 는 도통되지 않고 있다.",
                        "clue_start": "251",
                        "clue_end": "388"
                    },
                    {
                        "clue_text": "스위치 \\( \\mathrm { Q } _ { 1 } \\) 이 Turn-off 되고, \\( \\mathrm { Q } _ { 2 } \\) 는 Turn-on 되는 \\( \\mathrm { t } _ { 2 } \\) 일 때, 그림 5(d)와 같이 Mode 3이 시작된다.",
                        "clue_start": "504",
                        "clue_end": "650"
                    },
                    {
                        "clue_text": "이때 캐패시터 \\( \\mathrm { C } _ {\\mathrm { r } 1 } \\) 의 전압은 \\( \\mathrm { V } _ { 0 } \\) 만큼 걸려있고, 캐패시터 \\( \\mathrm { C } _ { 12 } \\) 의 전압은 \\( \\mathrm { Vo } / 2 \\) 만큼 걸려 있으므로 다이오드 \\( \\mathrm { D } _ { 2 } , \\mathrm { D } _ { 4 } \\) 가 도통된다.",
                        "clue_start": "731",
                        "clue_end": "963"
                    },
                    {
                        "clue_text": "그리고 \\( \\mathrm { L } _ {\\mathrm { r } } \\) 과 \\( \\mathrm { C } _ {\\mathrm { r } 1 } , \\mathrm { C } _ { 1 } 2 \\) 는 서로 직렬 공진 현상이 발생하며 Model과는 반대방향의 공진 전류가 흐르게 된다.",
                        "clue_start": "964",
                        "clue_end": "1124"
                    }
                ],
                "terminology": [
                    {
                        "word": "Turn-off"
                    },
                    {
                        "word": "Turn-on"
                    },
                    {
                        "word": "ZCS"
                    },
                    {
                        "word": "ZCS 동작"
                    },
                    {
                        "word": "공진 전류"
                    },
                    {
                        "word": "공진 현상"
                    },
                    {
                        "word": "다이오드"
                    },
                    {
                        "word": "스위치"
                    },
                    {
                        "word": "인버터 모듈"
                    },
                    {
                        "word": "전류"
                    },
                    {
                        "word": "직렬"
                    },
                    {
                        "word": "직렬 공진"
                    },
                    {
                        "word": "직렬 공진 현상"
                    },
                    {
                        "word": "출력 캐패시터"
                    },
                    {
                        "word": "캐패시터"
                    }
                ]
            }
        ]
    }
}