{
    "dataset_info": {
        "identifier": "02-031-002-NL",
        "name": "기술과학 문서 요약 데이터",
        "category": "자연어",
        "last_updated": "2023-08-30"
    },
    "dataset": {
        "doc_id": "034b7f4e-158d3561-d12d-4544-ab02-1d549a373104",
        "doc_type": "논문",
        "doc_title": {
            "kor": "인버터의 전류측정 오차에 기인하는 교류전동기의 토크리플 저감",
            "eng": ""
        },
        "doc_category": {
            "KDC": "560.5",
            "DDC": ""
        },
        "doc_number": {
            "ISSN": "1229-2214",
            "ISBN": "",
            "DOI": "",
            "UCI": ""
        },
        "doc_year": "1998",
        "doc_author": [
            "Duck-Yong Yoon",
            "Soon-Chan Hong"
        ],
        "doc_publisher": "전력전자학회",
        "doc_license": "CC BY-NC",
        "context_info": [
            {
                "context_id": "55e-0c9-merge_2_034b7f4e-158d3561-d12d-4544-ab02-1d549a373104_00",
                "context_K-NSCC": {
                    "field": "인공물",
                    "large_category": "ED",
                    "medium_category": "03"
                },
                "context": "<h1>요 약</h1> <p>본 논문에서는 벡터제어방식의 인버터에 의하여 구동되는 교류전동기 제어 시스템에서 전류측정회로에서의 측정오차에 기인하는 전동기의 토크리플을 저감하는 방법을 제안한다. 2상의 전류를 측정하는 회로에서의 오프셋 전압과 전압증폭률이 서로 다를 때 전동기 출력토크에 발생되는 리플을 각각 정량적으로 분석하고, 이로부터 온라인 상태에서 실시간으로 토크리플을 제거할 수 있는 알고리즘을 제시하였다. 제안된 방식의 유용성을 확인하기 위하여 이를 영구자석형 동기전동기에 적용하였을 경우에 대하여 출력 토크의 리플을 계산하고 이를 제거하는 알고리즘을 컴퓨터로 시뮬레이션하였다.</p> <h1>1. 서 론</h1> <p>벡터제어방식의 인버터에 의하여 구동되는 교류전동기 제어시스템은 일반적으로 그림 과 같이 교류전동기, 3상 인버터 전력회로, 마이크로프로세서에 의한 디지탈 제어회로의 3부분으로 구성된다. 이와 같이 벡터제어방식을 사용하는 시스템에서는 전동기의 출력토크를 제어하기 위하여 인버터의 출력전류 즉, 전동기의 상전류를 실시간으로 측정하여 이를 디지탈 제어부로 피드백하는 것이 필수적으로 요구된다. 그런데 대부분의 경우 인버터에서는 시스템을 간단히 구현하기 위하여 3 상의 출력전류를 모두 측정하지 않고 실제로 2개의 상에 대해서만 측정한 후에 나머지 1 상의 전류를 키르히호프의 전류법칙 \\( \\left (i_ { as } + i_ { bs } + i_ { cs } = 0 \\right ) \\)에 따라 계산으로 얻는 방식을 사용한다.</p> <p>이러한 상태에서 전류센서, 증폭회로 밎 A/D 컨버터를 포함하는 전류측정 회로들이 이상적으로 동작하지 않고 측정오차를 포함할 경우에는 디지탈 제어회로가 전동기의 상전류를 불평형으로 인식하게 되고 인버터는 이를 근거로 전동기를 제어하게 되므로 결과적으로 전동기의 출력토크에는 리플이 발생하게 된다.</p> <p>전동기의 출력토크 리플은 회전속도의 리플을 야기하게 되며, 이러한 상황은 특히 전동기의 저속운전영역에서 문제가 될 수 있다.</p> <p>전류측정 회로에서의 축정 오차는 센서회로에서의 직류 오프셋 전압에 의한 성분과 변환이득의 오차에 의한 성분으로 나눌 수 있다. 본 논문에서는 이들 각각의 오차성분에 기인하여 발생되는 동기전동기의 토크리플을 분석하고 이를 제거 또는 저감시키기 위한 방법을 제안한다. 또한 제안된 이론을 \\(2.2[ \\mathrm { kW } \\)] 용량의 영구자석형 동기전동기에 대하여 디지탈 시뮬레이션하고, 인버터의 전동기 제어프로그램에서 실시간으로 이와 같은 토크리플을 제거할 수 있는 알고리즘을 제시한다.</p>",
                "context_length": 1294,
                "summary": "해당 논문은 벡터제어방식의 인버터에 의해 구동되는 교류전동기 제어 시스템에서 전류측정회로의 측정오차에 기인한 전동기의 토크리플을 저감하는 방법을 제안한 바 있다. 또한 2상의 전류를 측정한 회로의 오프셋 전압과 전압증폭률이 서로 다를 때 전동기 출력토크에 발생되는 리플을 각각 정량 분석하였다. 그리고 온라인 상태에서 실시간으로 토크리플을 제거가능한 알고리즘을 제시하였다.",
                "clue": [
                    {
                        "clue_text": "본 논문에서는 벡터제어방식의 인버터에 의하여 구동되는 교류전동기 제어 시스템에서 전류측정회로에서의 측정오차에 기인하는 전동기의 토크리플을 저감하는 방법을 제안한다.",
                        "clue_start": "16",
                        "clue_end": "107"
                    },
                    {
                        "clue_text": "2상의 전류를 측정하는 회로에서의 오프셋 전압과 전압증폭률이 서로 다를 때 전동기 출력토크에 발생되는 리플을 각각 정량적으로 분석하고, 이로부터 온라인 상태에서 실시간으로 토크리플을 제거할 수 있는 알고리즘을 제시하였다.",
                        "clue_start": "108",
                        "clue_end": "231"
                    }
                ],
                "terminology": [
                    {
                        "word": "3상 인버터"
                    },
                    {
                        "word": "A/D"
                    },
                    {
                        "word": "A/D 컨버터"
                    },
                    {
                        "word": "cs"
                    },
                    {
                        "word": "교류전동기"
                    },
                    {
                        "word": "교류전동기 제어"
                    },
                    {
                        "word": "동기전동기"
                    },
                    {
                        "word": "마이크로프로세서"
                    },
                    {
                        "word": "벡터제어방식"
                    },
                    {
                        "word": "변환이득"
                    },
                    {
                        "word": "상전류"
                    },
                    {
                        "word": "센서회로"
                    },
                    {
                        "word": "시뮬레이션"
                    },
                    {
                        "word": "알고리즘"
                    },
                    {
                        "word": "영구자석형 동기전동기"
                    },
                    {
                        "word": "오프셋 전압"
                    },
                    {
                        "word": "전동기"
                    },
                    {
                        "word": "전력회로"
                    },
                    {
                        "word": "전류"
                    },
                    {
                        "word": "전류센서"
                    },
                    {
                        "word": "전류측정회로"
                    },
                    {
                        "word": "전압증폭률"
                    },
                    {
                        "word": "제어부"
                    },
                    {
                        "word": "제어프로그램"
                    },
                    {
                        "word": "제어회"
                    },
                    {
                        "word": "증폭회로"
                    },
                    {
                        "word": "직류"
                    },
                    {
                        "word": "직류 오프셋"
                    },
                    {
                        "word": "직류 오프셋 전압"
                    },
                    {
                        "word": "출력전류"
                    },
                    {
                        "word": "출력토크"
                    },
                    {
                        "word": "컨버터"
                    },
                    {
                        "word": "키르히호프의 전류법칙"
                    },
                    {
                        "word": "토크리플"
                    },
                    {
                        "word": "회로"
                    }
                ]
            },
            {
                "context_id": "55e-0c9-af56749f-c1e9-46dc-b78a-03a9abe6d6bb",
                "context_K-NSCC": {
                    "field": "인공물",
                    "large_category": "ED",
                    "medium_category": "03"
                },
                "context": "<h1>2. 토크리플의 분석 및 저감 방법</h1> <h2>2.1 영구자석형 동기전동기의 시스템 방정식</h2> <p>매입형의 회전자 구조를 가지고 있어서 돌극성이 있는 영구 자석형 동기전동기의 전압 및 토크방정식을 동기회전좌표계에서 표현하면 다음과 같다.</p> <p>\\( v_{ds}=R_{s} i_{ds}+p L_{d} i_{ds}-\\omega_{e} L_{q} i_{qs} \\)<caption>(1)</caption></p> <p>\\( v_{q v}=R_{s} i_{qs}+p L_{q} i_{qs}+\\omega_{e}\\left(L_{d} i_{ds}+\\lambda_{f}\\right)\\)<caption>(2)</caption></p> <p>\\( T_{e}=\\frac{3}{2} P\\left\\{\\lambda_{f} i_{qs}+\\left(L_{d}-L_{q}\\right)i_{ds} i_{qs}\\right. \\)<caption>(3)</caption></p> <p>단, 여기서 \\( P \\)는 전동기의 쌍극수이다.</p> <p>식(3)에서 첫항은 전동기의 고정자와 회전자 사이의 쇄교자속에 의한 토크성분이며, 두번째 항은 회전자의 돌극성에 기인하는 릴럭턴스 토크성분을 나타낸다.</p> <p>영구자석을 회전자의 표면에 부착한 비돌극기의 경우에는 \\( d \\)축 인덕턴스와 \\( q \\)축 인덕턴스가 서로 같아지므로 \\( \\left(L_{d}=L_{q}\\right)\\)토크방정식이 다음과 같다.</p> <p>\\( T_{e}=\\frac{3}{2} P \\lambda_{f} i_{qs} \\)<caption>(4)</caption></p> <h2>2.2 오표셋 전압에 의한 토크리플</h2> <p>\\( a, b \\)상의 전류센서 및 증폭회로에 의하여 전류를 측정할 때 오포셋 전압에 의한 전류오차를 각각 \\( I_{as}, I_{bs} \\)라고 하면 이 오차를 포함하는 상전류 \\( i_{as^{\\prime}}^{\\prime} i_{bs}^{\\prime} \\)는 다음과 같이 나타낼 수 있다.</p> <p>\\( i_{as}^{\\prime}=i_{as}+I_{as} \\)<caption>(5)</caption></p> <p>\\( i_{bs}^{\\prime}=i_{bs}+I_{bs} \\)<caption>(6)</caption></p> <p>벡터제어방식으로 구동되는 시스템에서 3상 고정좌표계와 동기회전좌표계 사이의 전류 변환관계는 \\[ i_{ds}=i_{as} \\cos \\theta+\\frac{1}{\\sqrt{3}}\\left(i_{as}+2 i_{bs}\\right)\\sin \\theta \\]<caption>(7)</caption>\\[ i_{qs}=-i_{as} \\sin \\theta+\\frac{1}{\\sqrt{3}}\\left(i_{as}+2 i_{bs}\\right)\\cos \\theta \\]<caption>(8)</caption>와 같이 표시되므로 전류측정시에 오프셋 전압에 기인하는 오차가 포함되었을 경우의 \\( d, q \\)축 전류는 각각 다음과 같이 표현될 수 있다.</p> <p>따라서, 식 (7)~(10)으로부터 실제의 \\( d, q \\)축 전류성분 \\( i_{ds^{\\prime}} \\) \\( i_{qs} \\)와 오차가 포함되어 측정된 \\( d, q \\)축 전류성분 \\( i_{ds}^{\\prime}, i_{qs}^{\\prime} \\)사이의 관계를 다음과 같이 얻을 수 있다.</p> <p>\\( i_{ds}=-I_{us} \\cos \\theta-\\frac{1}{\\sqrt{3}}\\left(I_{as}+2 I_{bs}\\right)\\sin \\theta+i_{ds}^{\\prime} \\)<caption>(11)</caption></p> <p>\\( i_{qs}=I_{as} \\sin \\theta-\\frac{1}{\\sqrt{3}}\\left(I_{as}+2 I_{bs}\\right)\\cos \\theta+i_{us}^{\\prime} \\)<caption>(12)</caption></p> <p>비돌극기의 경우 식(12)를 식(4)에 대입하면 전동기의 발생토크는 \\[ T_{e}^{\\prime}=\\frac{3}{2} P \\lambda_{f}\\left\\{I_{as} \\sin \\theta-\\frac{1}{\\sqrt{3}}\\left(I_{as}+2 I_{bs}\\right)\\cos \\theta+i_{qs}^{\\prime}\\right\\} \\\\ =\\frac{3}{2} P \\lambda_{f} i_{qs}+\\frac{3}{2} P \\lambda_{f}\\left(i_{qs}-i_{qs}\\right) +\\frac{3}{2} P \\lambda_{f}\\left\\{I_{as} \\sin \\theta-\\frac{1}{\\sqrt{3}}\\left(I_{as}+2 I_{bs}\\right)\\cos \\theta\\right\\} \\\\ =T_{e}+T_{e(-)}^{\\prime}+T_{e(-)}^{\\prime} \\]<caption>(13)</caption>가 된다. 식(13)은 오프셋 전압에 의한 전류축정 오차가 있을 경우의 전동기 발생토크는 오차가 없을 경우의 토크 Te에 직류성분의 오차토크 \\( T_{e(-)}^{\\prime} \\)와 리플이 있는 토크성분 \\( T_{e(-)}^{\\prime} \\)의 합으로 표시됨을 나타낸다. 여기서, 리플토크 성분은 고정자 전류의 기본파와 동일한 주파수로 진동함을 알 수 있다. 제어프로그램에서 실시간으로 각 상의 오프셋 전압에 기인하는 전류오차 \\( I_{as}, I_{bs} \\)를 보상하여 0으로 제거한다면 이와 같은 토크의 직류성분 오차와 리플성분 오차는 모두 제거될 수 있다.</p> <p>돌극기의 경우, 전동기의 토크식은 식(11)과 (12)를 식(3)에 대입하면 얻어지며, 이 경우에도 비돌극기와 마찬가지로 각 상의 오프셋 전압에 의한 전류오차를 보상하면 토크의 직류성분 오차와 리플성분 오차를 없앨 수 있다.</p>",
                "context_length": 2876,
                "summary": "\\[ T_{e}^{\\prime}=\\frac{3}{2} P \\lambda_{f}\\left\\{I_{as} \\sin \\theta-\\frac{1}{\\sqrt{3}}\\left(I_{as}+2 I_{bs}\\right)\\cos \\theta+i_{qs}^{\\prime}\\right\\} \\\\ =\\frac{3}{2} P \\lambda_{f} i_{qs}+\\frac{3}{2} P \\lambda_{f}\\left(i_{qs}-i_{qs}\\right) +\\frac{3}{2} P \\lambda_{f}\\left\\{I_{as} \\sin \\theta-\\frac{1}{\\sqrt{3}}\\left(I_{as}+2 I_{bs}\\right)\\cos \\theta\\right\\} \\\\ =T_{e}+T_{e(-)}^{\\prime}+T_{e(-)}^{\\prime} \\] 위 식을 통해 리플토크 성분은 고정자 전류의 기본파와 동일한 주파수로 진동함을 알 수 있고 제어프로그램에서 실시간으로 각 상의 오프셋 전압에 기인하는 전류오차 \\( I_{as}, I_{bs} \\)를 보상하여 0으로 제거한다면 이와 같은 토크의 직류성분 오차와 리플성분 오차는 모두 제거될 수 있다.",
                "clue": [
                    {
                        "clue_text": "제어프로그램에서 실시간으로 각 상의 오프셋 전압에 기인하는 전류오차 \\( I_{as}, I_{bs} \\)를 보상하여 0으로 제거한다면 이와 같은 토크의 직류성분 오차와 리플성분 오차는 모두 제거될 수 있다.",
                        "clue_start": "2624",
                        "clue_end": "2739"
                    },
                    {
                        "clue_text": "여기서, 리플토크 성분은 고정자 전류의 기본파와 동일한 주파수로 진동함을 알 수 있다.",
                        "clue_start": "2575",
                        "clue_end": "2623"
                    },
                    {
                        "clue_text": "비돌극기의 경우 식(12)를 식(4)에 대입하면 전동기의 발생토크는 \\[ T_{e}^{\\prime}=\\frac{3}{2} P \\lambda_{f}\\left\\{I_{as} \\sin \\theta-\\frac{1}{\\sqrt{3}}\\left(I_{as}+2 I_{bs}\\right)\\cos \\theta+i_{qs}^{\\prime}\\right\\} \\\\ =\\frac{3}{2} P \\lambda_{f} i_{qs}+\\frac{3}{2} P \\lambda_{f}\\left(i_{qs}-i_{qs}\\right) +\\frac{3}{2} P \\lambda_{f}\\left\\{I_{as} \\sin \\theta-\\frac{1}{\\sqrt{3}}\\left(I_{as}+2 I_{bs}\\right)\\cos \\theta\\right\\} \\\\ =T_{e}+T_{e(-)}^{\\prime}+T_{e(-)}^{\\prime} \\]<caption>(13)</caption>가 된다.",
                        "clue_start": "1952",
                        "clue_end": "2424"
                    }
                ],
                "terminology": [
                    {
                        "word": "고정자"
                    },
                    {
                        "word": "돌극기"
                    },
                    {
                        "word": "돌극성"
                    },
                    {
                        "word": "동기전동기"
                    },
                    {
                        "word": "동기회전좌표계"
                    },
                    {
                        "word": "리플성분"
                    },
                    {
                        "word": "릴럭턴스"
                    },
                    {
                        "word": "릴럭턴스 토크성분"
                    },
                    {
                        "word": "발생토크"
                    },
                    {
                        "word": "방정식"
                    },
                    {
                        "word": "벡터제어방식"
                    },
                    {
                        "word": "비돌극기"
                    },
                    {
                        "word": "상전류"
                    },
                    {
                        "word": "쇄교자속"
                    },
                    {
                        "word": "시스템 방정식"
                    },
                    {
                        "word": "쌍극수"
                    },
                    {
                        "word": "영구자석형 동기전동기"
                    },
                    {
                        "word": "오프셋 전압"
                    },
                    {
                        "word": "인덕턴스"
                    },
                    {
                        "word": "전동기"
                    },
                    {
                        "word": "전류"
                    },
                    {
                        "word": "전류센서"
                    },
                    {
                        "word": "제어프로그램"
                    },
                    {
                        "word": "주파수"
                    },
                    {
                        "word": "증폭회로"
                    },
                    {
                        "word": "직류성분"
                    },
                    {
                        "word": "토크리플"
                    },
                    {
                        "word": "토크방정식"
                    },
                    {
                        "word": "토크성분"
                    },
                    {
                        "word": "토크식"
                    },
                    {
                        "word": "회전자"
                    },
                    {
                        "word": "회전자 구조"
                    }
                ]
            },
            {
                "context_id": "55e-0c9-5108b72f-cfeb-4899-9797-5e6a88eeea2d",
                "context_K-NSCC": {
                    "field": "인공물",
                    "large_category": "ED",
                    "medium_category": "03"
                },
                "context": "<h2>2.3 전압변환이득의 오차에 의한 토크리플</h2> <p>전류센서 및 증폭회로에 의하여 전류를 측정할 때 \\( a, b \\)상의 전압변환이득을 각각 \\( G_{a}, G_{b} \\)라고 하면 이 변환이득의 오차를 포함하여 측정된 상전류 \\( i^{\\prime \\prime}{ }_{us}, i^{\\prime \\prime}{ }_{bs} \\)는 다음과 같이 표현될 수 있다.</p> <p>\\( i_{as}^{\\prime \\prime}=G_{a} i_{as}=\\left(1+k_{a}\\right)i_{as} \\)<caption>(14)</caption></p> <p>\\( i_{bs}^{\\prime \\prime}=G_{a} i_{bs}=\\left(1+k_{b}\\right)i_{bs} \\)<caption>(15)</caption></p> <p>여기서 \\( k_{a} \\)및 \\( k_{b} \\)는 센서의 전압변환이득에 대한 오차계수이다. 전류센서 및 증폭회로가 이상적으로 동작한다면 \\( G_{a}= G_{b}=1 \\) 및 \\( k_{a}=k_{b}=0 \\)의 관계를 만족하게 된다.</p> <p>이를 이용하여 전류측정시에 변환이득의 차이에 기인하는 측정오차가 포함되었을 경우의 \\( d, q \\)축 전류는 각각 다음과 같이 표현될 수 있다.</p> <p>\\( i_{ds}^{\\prime \\prime}=G_{a} i_{as} \\cos \\theta+\\frac{1}{\\sqrt{3}}\\left(G_{a} i_{as}+2 G_{b} i_{bs}\\right)\\sin \\theta \\)<caption>(16)</caption></p> <p>\\( i_{qs}^{\\prime \\prime}=-G_{a} i_{as} \\sin \\theta+\\frac{1}{\\sqrt{3}}\\left(G_{a} i_{as}+2 G_{b} i_{bs}\\right)\\cos \\theta \\)<caption>(17)</caption></p> <p>식(7), (8), (16), (17)로부터 실제의 \\( d, q \\)축 전류성분 \\( i_{ds} \\), \\( i_{qs} \\)와 비이상적인 변환이득에 기인하는 오차가 포함되어 측정된 \\( d, q \\)축 전류성분 \\( i^{\\prime \\prime}{ }_{ds}{ }^{\\prime \\prime} i_{qs}^{\\prime \\prime} \\)사이의 관계를 다음과 같이 얻게된다.</p> <p>\\( i_{ds}=i_{as}\\left(\\cos \\theta+\\frac{1}{\\sqrt{3}} \\sin \\theta\\right)\\left(1-\\frac{G_{a}}{G_{b}}\\right)+\\frac{i_{ds}^{\\prime \\prime}}{G_{b}} \\)<caption>(18)</caption></p> <p>\\( i_{qs}=i_{as}\\left(\\frac{1}{\\sqrt{3}} \\cos \\theta-\\sin \\theta\\right)\\left(1-\\frac{G_{a}}{G_{b}}\\right)+\\frac{i_{qs}^{\\prime \\prime}}{G_{b}} \\)<caption>(19)</caption></p> <p>비돌극기의 경우 식(19)를 식(4)에 대입하면 전동기의 발생토크는 \\[ T_{e}^{\\prime \\prime}=\\frac{3}{2} P \\lambda_{f}\\left\\{i_{\\omegas}\\left(\\frac{\\cos \\theta}{\\sqrt{3}}-\\sin \\theta\\right)\\left(1-\\frac{G_{a}}{G_{b}}\\right)+\\frac{i_{qs}^{\\prime \\prime}}{G_{b}}\\right\\} \\]<caption>(20)</caption>가 된다. 그런데, 전동기가 정격운전영역에서 \\( i_{ds}=0 \\)의 조건으로 운전되는 것을 고려하면 3상 고정좌표계와 동기회전좌표계의 관계에서 고정자 전류 \\( i_{\\omegas} \\)는 \\[ i_{as}=i_{ds} \\cos \\theta-i_{qs} \\sin \\theta=-i_{q^{s}} \\sin \\theta \\]<caption>(21)</caption>가 되고, 식(20)의 토크는 다음과 같이 표현될 수 있다.</p> <p>\\( T_{e}^{\\prime \\prime}=\\frac{3}{2} P \\lambda_{f}\\left\\{\\left(-1_{qs} \\sin \\theta\\right)\\cdot\\left(\\frac{\\cos \\theta}{\\sqrt{3}}-\\sin \\theta\\right)\\cdot\\left(1-\\frac{G_{a}}{G_{b}}\\right)+\\frac{i_{q^{\\prime \\prime}}}{G_{b}}\\right\\} \\)</p> <p>\\( =\\frac{3}{2} P \\lambda_{f} \\quad i_{qs}+\\frac{3}{2} P \\lambda_{f}\\left\\{\\frac{i_{qs}^{\\prime \\prime}}{G_{b}}-\\frac{i_{qs}}{2}\\left(1+\\frac{G_{a}}{G_{b}}\\right)\\right\\} +\\frac{3}{2} P \\lambda_{f} i_{\\psis}\\left(\\frac{1}{2 \\sqrt{3}} \\sin 2 \\theta+\\frac{1}{2} \\cos 2 \\theta\\right)\\left(\\frac{G_{a}}{G_{b}}-1\\right)\\\\ =T_{e}+T_{e(-)}^{\\prime \\prime}+T_{e(-)}^{\\prime \\prime} \\)<caption>(22)</caption></p> <p>식 (22)는 비이상적인 변환 이득에 의한 전류측정 오차가 있을 경우의 전동기 발생토크는 오차가 없을 경우의 토크 \\( T_{e} \\)에 직류성분의 오차토크 \\( T_{e(-)}^{\\prime \\prime} \\)와 리플성분의 오차토크 \\( T_{e(-)}^{\\prime \\prime} \\)의 합으로 표시됨을 나타낸다. 여기서, 리플토크 성분은 고정자 전류 기본파 성분의 2 배에 해당하는 주파수로 진동함을 알 수있다. 이와 같은 리플토크 성분의 오차는 제어프로그램에서 실시간으로 각 상의 변환이득을 보상하여 그것이 이상적인 값 1이 아니더라도 동일한 값으로만 유지할 수 있다면 완전히 제거되며, 결과적으로 토크는 다음과 같게 된다.</p> <p>\\( T_{e}^{\\prime \\prime}=\\frac{3}{2} P \\lambda_{f} \\frac{i_{qs}^{\\prime \\prime}}{G_{b}} \\)<caption>(23)</caption></p> <p>또한, 직류성분의 오차토크 \\( T_{e(-)}^{\\prime \\prime} \\) 는 속도제어기에서 자동적으로 보상되어 없어진다.</p> <p>돌극기의 경우에는 식 (18), (19)를 식(3)에 대입하여 다음과 같은 토크식을 얻을 수 있다.</p> <p>\\[ T_{e}^{\\prime \\prime}=\\frac{3}{2} P\\left[\\lambda_{f}\\left\\{i_{\\mu s}\\left(\\frac{\\cos \\theta}{\\sqrt{3}}-\\sin \\theta\\right)\\left(1-\\frac{G_{a}}{G_{b}}\\right)+\\frac{i_{\\psi^{\\prime \\prime}}}{G_{b}}\\right\\}\\right.\\\\+\\left(L_{d}-L_{4}\\left\\{\\left\\{i_{a s}\\left(\\cos \\theta+\\frac{\\sin \\theta}{\\sqrt{3}}\\right)\\left(1-\\frac{G_{u}}{G_{b}}\\right)+\\frac{i_{d s}^{\\prime \\prime}}{G_{h}}\\right\\}\\right.\\right. \\\\ \\left.\\times\\left\\{i_{\\omega s}\\left(\\frac{\\cos \\theta}{\\sqrt{3}}-\\sin \\theta\\right)\\left(1-\\frac{G_{a}}{G_{h}}\\right)+\\frac{i_{4 s}^{\\prime \\prime}}{G_{h}}\\right\\}\\right] \\]<caption>(24)</caption></p> <p>이 경우에도 비돌극기에서와 마찬가지로 리플토크 성분은 각 상의 변환이득을 보상하여 동일한 값으로만 유지하면 완전히 제거되며, 토크는 다음과 같게 된다.</p> <p>\\( T_{e}^{\\prime \\prime}=\\frac{3}{2} P\\left\\{\\lambda_{f} \\frac{i_{qs}^{\\prime \\prime}}{G_{b}}+\\left(L_{d}-L_{q}\\right) \\frac{i_{d s}^{\\prime \\prime}}{G_{b}} \\frac{i_{q s}^{\\prime \\prime}}{G_{b}}\\right\\} \\)<caption>(25)</caption></p>",
                "context_length": 4248,
                "summary": "전류센서 및 증폭회로에 의해 전류 측정 시 \\( a, b \\)상의 전압변환이득을 각각 \\( G_{a}, G_{b} \\)라 하고, 전류센서 및 증폭회로가 이상적으로 동작할 경우 \\( G_{a}= G_{b}=1 \\) 및 \\( k_{a}=k_{b}=0 \\)의 관계를 만족한다. 실제 \\( d, q \\)축 전류성분 \\( i_{ds} \\), \\( i_{qs} \\)와 비이상적인 변환이득의 오차 포함 측정된 \\( d, q \\)축 전류성분 \\( i^{\\prime \\prime}{ }_{ds}{ }^{\\prime \\prime} i_{qs}^{\\prime \\prime} \\)사이의 관계를 얻는다. 그러나 정격운전영역에서 \\( i_{ds}=0 \\)의 조건으로 운전되는 전동기를 고려했을 때, 3상 고정좌표계와 동기회전좌표계의 관계에서 고정자 전류 \\( i_{\\omegas} \\)는 \\[ i_{as}=i_{ds} \\cos \\theta-i_{qs} \\sin \\theta=-i_{q^{s}} \\sin \\theta \\]가 되고 전류측정 오차가 있을 경우의 전동기 발생토크는 오차가 없을 경우의 토크에 직류성분의 오차토크와 리플성분의 오차토크의 합으로 표시된다. 리플토크 성분의 오차는 실시간으로 각 상의 변환이득을 보상하여 동일한 값으로만 유지할 수 있다면 완전히 제거되며, 결과적으로 \\( T_{e}^{\\prime \\prime}=\\frac{3}{2} P \\lambda_{f} \\frac{i_{qs}^{\\prime \\prime}}{G_{b}} \\) 의 토크가 된다.",
                "clue": [
                    {
                        "clue_text": "전류센서 및 증폭회로에 의하여 전류를 측정할 때 \\( a, b \\)상의 전압변환이득을 각각 \\( G_{a}, G_{b} \\)라고 하면 이 변환이득의 오차를 포함하여 측정된 상전류 \\( i^{\\prime \\prime}{ }_{us}, i^{\\prime \\prime}{ }_{bs} \\)는 다음과 같이 표현될 수 있다.",
                        "clue_start": "36",
                        "clue_end": "212"
                    },
                    {
                        "clue_text": "전류센서 및 증폭회로가 이상적으로 동작한다면 \\( G_{a}= G_{b}=1 \\) 및 \\( k_{a}=k_{b}=0 \\)의 관계를 만족하게 된다.",
                        "clue_start": "471",
                        "clue_end": "552"
                    },
                    {
                        "clue_text": "식(7), (8), (16), (17)로부터 실제의 \\( d, q \\)축 전류성분 \\( i_{ds} \\), \\( i_{qs} \\)와 비이상적인 변환이득에 기인하는 오차가 포함되어 측정된 \\( d, q \\)축 전류성분 \\( i^{\\prime \\prime}{ }_{ds}{ }^{\\prime \\prime} i_{qs}^{\\prime \\prime} \\)사이의 관계를 다음과 같이 얻게된다.",
                        "clue_start": "958",
                        "clue_end": "1172"
                    },
                    {
                        "clue_text": "그런데, 전동기가 정격운전영역에서 \\( i_{ds}=0 \\)의 조건으로 운전되는 것을 고려하면 3상 고정좌표계와 동기회전좌표계의 관계에서 고정자 전류 \\( i_{\\omegas} \\)는 \\[ i_{as}=i_{ds} \\cos \\theta-i_{qs} \\sin \\theta=-i_{q^{s}} \\sin \\theta \\]<caption>(21)</caption>가 되고, 식(20)의 토크는 다음과 같이 표현될 수 있다.",
                        "clue_start": "1802",
                        "clue_end": "2034"
                    },
                    {
                        "clue_text": "이와 같은 리플토크 성분의 오차는 제어프로그램에서 실시간으로 각 상의 변환이득을 보상하여 그것이 이상적인 값 1이 아니더라도 동일한 값으로만 유지할 수 있다면 완전히 제거되며, 결과적으로 토크는 다음과 같게 된다.",
                        "clue_start": "2924",
                        "clue_end": "3043"
                    }
                ],
                "terminology": [
                    {
                        "word": "고정자"
                    },
                    {
                        "word": "돌극기"
                    },
                    {
                        "word": "동기회전좌표계"
                    },
                    {
                        "word": "리플성분"
                    },
                    {
                        "word": "발생토크"
                    },
                    {
                        "word": "변환이득"
                    },
                    {
                        "word": "비돌극기"
                    },
                    {
                        "word": "상전류"
                    },
                    {
                        "word": "센서"
                    },
                    {
                        "word": "속도제어기"
                    },
                    {
                        "word": "오차계수"
                    },
                    {
                        "word": "자동적"
                    },
                    {
                        "word": "전동기"
                    },
                    {
                        "word": "전류"
                    },
                    {
                        "word": "전류센서"
                    },
                    {
                        "word": "전압변환"
                    },
                    {
                        "word": "정격운전영역"
                    },
                    {
                        "word": "제어프로그램"
                    },
                    {
                        "word": "주파수"
                    },
                    {
                        "word": "증폭회로"
                    },
                    {
                        "word": "직류성분"
                    },
                    {
                        "word": "측정오차"
                    },
                    {
                        "word": "토크리플"
                    },
                    {
                        "word": "토크식"
                    }
                ]
            },
            {
                "context_id": "55e-0c9-merge_2_034b7f4e-158d3561-d12d-4544-ab02-1d549a373104_03",
                "context_K-NSCC": {
                    "field": "인공물",
                    "large_category": "ED",
                    "medium_category": "03"
                },
                "context": "<h1>3. 디지탈 시뮬레이션</h1> <p>앞에서 제안한 토크리플을 제거하는 방법의 타당성을 알아보기 위하여 시뮬레이션을 수행하였다. 대상 전동기로는 영구자석을 회전자의 표면에 부착한 비돌극 영구자석형 동기전 동기이며, 이것의 정격 및 파라미터들은 표 1 과 같다.</p> <p>먼저, 전류센서에서 측정시에 직류 오프셋 전압이 포함되는데 기인하는 토크리플 및 이를 제거하였을 경우의 시뮬레이션 결과를 그림 2에 보였다. 시뮬레이션에서는 정격의 1/10 부하로 운전하다가 \\( 0.3[ \\mathrm { s } ] \\)에서 1/2 부하로 증가시켰으며, \\( 0.6[ \\mathrm { s } \\) ]에서 다시 1/10 부하로 감소시켰다. 여기서 오프셋 전압은 센서의 최대 측정범위(full scale)에 대한 백분율로 표시하였다. 첫번째와 두번째의 그림에서 보듯이 두 전류센서에 모두 같은 극성으로 \\( 0.5 \\% \\)의 오프셋 전압을 포함하는 경우에는 큰 토크리플을 발생한다. 또한, 세번째의 그림에서처럼 서로 반대 극성의 오프셋 전압이 존재하거나 또는 네번째의 그림에서와 같이 어느 한쪽에만 오프셋 전압이 존재하는 경우에도 거의 비슷한 수준의 토크리플이 발생한다. 그러나. 마지막 그림에서와 같이 오프셋 전압을 0으로 보상하면 토크리플이 완전히 제거되는 것을 볼 수 있다.</p> <p>그림 3(a)는 전류센서 회로의 변환이득이 오차를 갖는 경우에 발생하는 토크리플 및 이를 제거하였을 경우의 시뮬레이션 결과이며, 그림 3(b)는 토크리플 및 이로 인하여 야기되는 회전속도의 리플을 상세히 볼 수 있도록 시간축과 속도축을 확대하여 나타낸 그림이다. 변환이득이 \\( 5 \\% \\) 정도의 크기로 반대 극성의 오차를 가질 때는 적지 않은 토크리플이 발생한다. 그러나 두 오차계수가 0이 아니더라도 서로 같은 값이 되도록 보상한 경우에는 토크리플이 완전히 제거되는 것을 알 수 있다.</p> <h1>4. 실시간 토크리플 제거 알고리즘</h1> <p>앞에서 제안한 바와 같이 인버터의 전류측정회로에서 측정 오차에 기인하는 전동기의 토크리플은 영구자석형 동기전동기의 제어프로그램에서 실시간으로 다음의 순서에 따라 제거할 수 있다.</p> <p>첫째로, 그림 4(a)에 보인 것처럼 전류센서의 오프셋 전압을 측정한다. 즉, 인버터를 구동하기 전에 모든 스위칭 소자를 OFF 상태로 하여 \\( i_ { as } = i_ { bs } =0 \\) 이 되도록 하고 \\( a, b \\) 상의 전류센서를 읽으면 식(5), (6)은 각각 \\[ i_ { as } ^ {\\prime } =i_ { as } + I_ { as } =I_ { as } \\]<caption>(26)</caption>\\[ i_ { bs } =i_ { bs } + I_ { bs } =I_ { bs } \\]<caption>(27)</caption>로 되므로 이 측정값이 각 상의 오프셋 전압에 기인하는 전류의 오차에 해당한다. 이 오차값은 향후의 모든 전류측정에서 오프셋 보상을 위하여 사용된다.</p>",
                "context_length": 1486,
                "summary": "토크리플 제거 방법의 타당성을 검증하기 위해 시뮬레이션을 수행하였다. 전류센서에서 측정 시 직류 오프셋 전압이 포함되어 큰 토크리플을 발생시키지만, 이를 제거하면 토크리플이 완전히 제거되는 것을 확인하였다. 같은 극성으로 \\(0.5\\%\\)의 오프셋 전압이 포함되면 큰 토크리플이 발생하며, 반대 극성이나 한쪽에만 오프셋 전압이 존재하는 경우에도 유사한 수준의 토크리플이 발생한다. 그러나 오프셋 전압을 0으로 보상하면 토크리플이 완전히 제거된다.",
                "clue": [
                    {
                        "clue_text": "앞에서 제안한 토크리플을 제거하는 방법의 타당성을 알아보기 위하여 시뮬레이션을 수행하였다.",
                        "clue_start": "25",
                        "clue_end": "75"
                    },
                    {
                        "clue_text": "먼저, 전류센서에서 측정시에 직류 오프셋 전압이 포함되는데 기인하는 토크리플 및 이를 제거하였을 경우의 시뮬레이션 결과를 그림 2에 보였다.",
                        "clue_start": "157",
                        "clue_end": "235"
                    },
                    {
                        "clue_text": "첫번째와 두번째의 그림에서 보듯이 두 전류센서에 모두 같은 극성으로 \\( 0.5 \\% \\)의 오프셋 전압을 포함하는 경우에는 큰 토크리플을 발생한다.",
                        "clue_start": "409",
                        "clue_end": "492"
                    },
                    {
                        "clue_text": "또한, 세번째의 그림에서처럼 서로 반대 극성의 오프셋 전압이 존재하거나 또는 네번째의 그림에서와 같이 어느 한쪽에만 오프셋 전압이 존재하는 경우에도 거의 비슷한 수준의 토크리플이 발생한다.",
                        "clue_start": "493",
                        "clue_end": "598"
                    },
                    {
                        "clue_text": "마지막 그림에서와 같이 오프셋 전압을 0으로 보상하면 토크리플이 완전히 제거되는 것을 볼 수 있다.",
                        "clue_start": "604",
                        "clue_end": "659"
                    }
                ],
                "terminology": [
                    {
                        "word": "full scale"
                    },
                    {
                        "word": "극성"
                    },
                    {
                        "word": "대상 전동기"
                    },
                    {
                        "word": "동기전동기"
                    },
                    {
                        "word": "백분율"
                    },
                    {
                        "word": "변환이득"
                    },
                    {
                        "word": "비돌극"
                    },
                    {
                        "word": "센서"
                    },
                    {
                        "word": "속도축"
                    },
                    {
                        "word": "스위칭"
                    },
                    {
                        "word": "스위칭 소자"
                    },
                    {
                        "word": "시뮬레이션"
                    },
                    {
                        "word": "알고리즘"
                    },
                    {
                        "word": "영구자석형 동기전동기"
                    },
                    {
                        "word": "오차값"
                    },
                    {
                        "word": "오차계수"
                    },
                    {
                        "word": "오프셋 보상"
                    },
                    {
                        "word": "오프셋 전압"
                    },
                    {
                        "word": "인버터"
                    },
                    {
                        "word": "전동기"
                    },
                    {
                        "word": "전류"
                    },
                    {
                        "word": "전류센서"
                    },
                    {
                        "word": "전류측정회로"
                    },
                    {
                        "word": "제거 알고리즘"
                    },
                    {
                        "word": "제어프로그램"
                    },
                    {
                        "word": "직류"
                    },
                    {
                        "word": "직류 오프셋"
                    },
                    {
                        "word": "직류 오프셋 전압"
                    },
                    {
                        "word": "토크리플"
                    },
                    {
                        "word": "회로"
                    },
                    {
                        "word": "회전자"
                    }
                ]
            },
            {
                "context_id": "55e-0c9-merge_2_034b7f4e-158d3561-d12d-4544-ab02-1d549a373104_04",
                "context_K-NSCC": {
                    "field": "인공물",
                    "large_category": "ED",
                    "medium_category": "03"
                },
                "context": "<p>둘째로, 그림 4(b)에 보인 것처럼 전류센서의 변환이득의 비를 측정한다. 즉, \\( a \\) 상 및 \\( b \\) 상의 고정자 권선이 직렬로 연결되도록 스위칭 소자를 구동하여 \\( i_ { as } =-i_ { bs } \\) 로 되도록 하고 전류를 측정한다. 물론 이때 첫번째 단계에서 측정한 오프셋 전압에 기인하는 오차값이 보상되어야 한다. 따라서, \\[ i_ { as } = \\frac { i_ { as } ^ {\\prime \\prime } } { G_ { a } } =- \\frac { i_ { bs } ^ {\\prime \\prime } } { G_ { b } } =-i_ { bs } \\]<caption>(28)</caption>의 관계로부터 두 전류센서의 변환이득의 비를 다음과 같이 계산할 수 있다.</p> <p>\\[ \\frac { G_ { a } } { G_ { b } } =- \\frac { i_ { as } ^ {\\prime \\prime } } { i_ { bs } ^ {\\prime \\prime } } = \\left | \\frac { i ^ {\\prime \\prime } } { i_ { bs } ^ {\\prime \\prime } } \\right | \\]<caption>(29)</caption></p> <p>셋째로, 앞의 두 단계에서 측정한 전류센서부의 오프셋 전압에 기인하는 오차값과 변환이득의 비를 이용하여 실시간으로 전류측정을 실시할 때마다 오차를 보상하면서 전동기의 제어프로그램을 수행함으로써 토크리플을 제거한다.</p> <h1>5. 결 론</h1> <p>본 논문에서는 인비터로 구동되는 영구자석형 동기전동기 제어시스템에서 전류센서. 전압증폭회로, A/D 변환기 등의 오차로 인하여 발생하는 토크리플을 분석하고 이를 제거할수 있는 방법을 제안하였다. 이와 같은 전류측정부의 오차가 토크리플을 야기하는 원인은 2가지로 나눌 수 있는데, 하나는 전류측정부의 오프셋 전압이고 나머지 또 하나는 변환이득의 오차이다. 오프셋 전압에 의한 전동기의 토크리플은 이 오프셋 값을 전동기 제어프로그램에서 미리 측정하여 보상함으로써 제거할 수 있으며, 변환이득의 오차에 의한 토크리플은 이 변환이득을 알 수 없다고 하더라도 이들 변환이득의 비는 제어프로그램에서 미리 측정하여 알 수 있으므로 이 비가 1이 되도록 보상함으로써 제거할 수 있다.</p> <p>제안된 방법을 \\( 2.2[ \\mathrm { ~kW } ] \\) 의 비돌극 영구자석형 동기전동기에 적용하였을 경우에 대하여 디지탈 시뮬레이션을 수행하였으며, 그 결과 두 가지의 원인에 의한 전동기의 토크리플이 모두 완전히 제거되는 것을 확인하였다. 제안된 방법은 비돌극형뿐만 아니라 돌극형 동기전동기에도 마찬가지로 적용되며, 이를 확장하면 유도전동기에도 적용할 수 있을 것으로 사료된다. 제안된 방법을 속도제어나 위치제어와 같은 서보운 전용 인버터 시스템에 적용한다면 제어정밀도를 향상하는데 크게 기여할 수 있을 것으로 기대된다.</p>",
                "context_length": 1461,
                "summary": "이 논문에서는 인버터로 구동되는 영구자석형 동기전동기 제어시스템에서 발생하는 토크리플을 분석하며, 전류센서와 전압증폭회로, A/D 변환기의 오차를 보상하는 방법을 제안한다. 먼저 전류센서의 변환이득의 비를 측정하고, 이를 이용해 실시간 전류 측정 시 오차를 보정한다. 이를 통해 토크리플을 제거하고 전동기 제어 프로그램을 수행한다. 이 방법이 속도제어나 위치제어 등의 서보운 전용 인버터 시스템에 적용되면 제어 정밀도 향상에 큰 도움이 될 것으로 예상된다.",
                "clue": [
                    {
                        "clue_text": "둘째로, 그림 4(b)에 보인 것처럼 전류센서의 변환이득의 비를 측정한다.",
                        "clue_start": "3",
                        "clue_end": "44"
                    },
                    {
                        "clue_text": "셋째로, 앞의 두 단계에서 측정한 전류센서부의 오프셋 전압에 기인하는 오차값과 변환이득의 비를 이용하여 실시간으로 전류측정을 실시할 때마다 오차를 보상하면서 전동기의 제어프로그램을 수행함으로써 토크리플을 제거한다.",
                        "clue_start": "635",
                        "clue_end": "754"
                    },
                    {
                        "clue_text": "본 논문에서는 인비터로 구동되는 영구자석형 동기전동기 제어시스템에서 전류센서. 전압증폭회로, A/D 변환기 등의 오차로 인하여 발생하는 토크리플을 분석하고 이를 제거할수 있는 방법을 제안하였다.",
                        "clue_start": "778",
                        "clue_end": "886"
                    },
                    {
                        "clue_text": "제안된 방법을 속도제어나 위치제어와 같은 서보운 전용 인버터 시스템에 적용한다면 제어정밀도를 향상하는데 크게 기여할 수 있을 것으로 기대된다.",
                        "clue_start": "1378",
                        "clue_end": "1457"
                    }
                ],
                "terminology": [
                    {
                        "word": "A/D"
                    },
                    {
                        "word": "A/D 변환기"
                    },
                    {
                        "word": "고정자"
                    },
                    {
                        "word": "고정자 권선"
                    },
                    {
                        "word": "돌극형"
                    },
                    {
                        "word": "동기전동기"
                    },
                    {
                        "word": "변환이득"
                    },
                    {
                        "word": "비돌극"
                    },
                    {
                        "word": "스위칭"
                    },
                    {
                        "word": "스위칭 소자"
                    },
                    {
                        "word": "시뮬레이션"
                    },
                    {
                        "word": "영구자석형 동기전동기"
                    },
                    {
                        "word": "오차값"
                    },
                    {
                        "word": "오프셋 전압"
                    },
                    {
                        "word": "유도전동기"
                    },
                    {
                        "word": "인버터 시스템"
                    },
                    {
                        "word": "인비터"
                    },
                    {
                        "word": "전류"
                    },
                    {
                        "word": "전류센서"
                    },
                    {
                        "word": "제어프로그램"
                    },
                    {
                        "word": "직렬"
                    },
                    {
                        "word": "토크리플"
                    }
                ]
            }
        ]
    }
}