{
    "dataset_info": {
        "identifier": "02-031-002-NL",
        "name": "기술과학 문서 요약 데이터",
        "category": "자연어",
        "last_updated": "2023-08-30"
    },
    "dataset": {
        "doc_id": "034b7f4e-3e41f9c0-e268-4b18-857d-8951c9051046",
        "doc_type": "논문",
        "doc_title": {
            "kor": "선박 추진 장치를 위한 저속영역에서 최대토크를 가지는 고출력 BLDC 모터의 설계",
            "eng": ""
        },
        "doc_category": {
            "KDC": "560.5",
            "DDC": ""
        },
        "doc_number": {
            "ISSN": "1229-2214",
            "ISBN": "",
            "DOI": "",
            "UCI": ""
        },
        "doc_year": "2004",
        "doc_author": [
            "Seung-Hyun Cho",
            "Jae-Goo Bin",
            "Su-Eog Cho",
            "Cheol Choi",
            "Cheul-U Kim"
        ],
        "doc_publisher": "전력전자학회",
        "doc_license": "CC BY-NC",
        "context_info": [
            {
                "context_id": "55e-0c9-merge_ed_034b7f4e-3e41f9c0-e268-4b18-857d-8951c9051046_04",
                "context_K-NSCC": {
                    "field": "인공물",
                    "large_category": "ED",
                    "medium_category": "05"
                },
                "context": "<h3>2.2.3 설계제원 및 흐름도</h3> <p>표 2와 같이 초기모델의 설계 제원을 나타내었다. 표 2에서 주어진 것과 같은 설계 제원을 가지고 그림 5에 나타난 것과 같은 설계 흠롬도를 따라 주어진 설계변수에 의해 설계된 최적형상이 최초 설계된 성능에 만족하는지를 FEM을 이용하여 검증하여 설계 모델의 최적형상을 구한다.</p> <h1>2.3 FEM을 이용한 회전자 형상변화에 따른 코깅 토력저감</h1> <p>FEM (Finite element method) 해석을 통해 전동기의 성능이 만족하는지를 확인하여 최적 모델의 설계형상을 구한다. 그림 6과 그림 7은 최적모델의 고정자의 슬롯과 회전자의 극에 따른 삼각요소 분할도와 등 자속선 분포를 각각 나타내었다. 그림 8은 해석 모델의 자속 밀도 분포를 나타낸 그림이다. 여기서 보면 치끝부분과 요크 부분의 자속 밀도는 1.7[Tesla]와 1.2[Tesla]이하를 만족함을 알 수 있다. 위의 제원과 같이 정해진 36slots 8pole SPM type 의 초기모델을 이용하여 코깅 토크 저감을 위한 자극각과 공극 길이<p>두 가지의 설계변수를 취하고, 이를 변화 시켜가면서 나타나는 코깅 토크를 살펴보았다. 회전자 자석의 자극 각을 \\( 37.5 \\left [ ^ {\\circ } \\right ] \\) 에서 \\( 0.5 \\left [ ^ {\\circ } \\right ] ^ {\\text { 씩 } } \\) 증가하여 \\( \\left .39.55 ^ {\\circ } \\right ] \\) 까지 증가하였을 때 얻은 코깅 토크 결과를 그림 9에 나타내었다.</p> <p>그림 9에서 보면 변화시킨 자극각이 \\( 39 \\left [ ^ {\\circ } \\right ] \\), 공극 5.0 \\( [ \\mathrm { mm } ] \\) 일 때 코깅 토크 값 (22.55943 \\( [ \\mathrm { Nm } ]) \\)이 가장 적게 나타남을 알 수 있다. 코깅 토크는 계자 자석과 전기자 슬롯 구조 사이의 상호 작용으로 인하여 공극에 쌓인 자기 에너지가 회전자의 이동과 함께 생기는 것이므로, 공극이 증가하면 자기저항의 크기가 증가하여 유효 자속량이 적어진다. 코깅 토크는 자속량의 감소만큼 줄어들게 된다. 초기 해석 모델의 공극 길이를 5 \\([ \\mathrm { ~mm } ] \\) 에서 0.5 \\([ \\mathrm { ~mm } ] \\)씩 증가시켜서 6.5 \\( [ \\mathrm { ~mm } ] \\) 까지 증가하여 나타낸 코깅 토크 파형을 그림 10에 도시하였다.</p>",
                "context_length": 1250,
                "summary": "표 2와 그림 5에 주어진 설계 제원과 흠롬도에 따라 최적형상을 설계하고, 이를 FEM 해석을 통해 성능을 검증하여 최적 모델의 형상을 도출한다. 그림 6, 7, 8은 각각 최적모델의 슬롯, 극에 따른 삼각요소 분할도, 자속선 분포, 자속 밀도 분포를 표현한다. 그림 9는 자극각이 \\( 39 \\left [ ^ {\\circ } \\right ] \\), 공극이 5.0 \\( [ \\mathrm { mm } ] \\)일 때 코깅 토크 값이 22.55943 \\( [ \\mathrm { Nm } ]\\)로 가장 낮게 나타나는 것을 보여준다.",
                "clue": [
                    {
                        "clue_text": "표 2에서 주어진 것과 같은 설계 제원을 가지고 그림 5에 나타난 것과 같은 설계 흠롬도를 따라 주어진 설계변수에 의해 설계된 최적형상이 최초 설계된 성능에 만족하는지를 FEM을 이용하여 검증하여 설계 모델의 최적형상을 구한다.",
                        "clue_start": "57",
                        "clue_end": "184"
                    },
                    {
                        "clue_text": "FEM (Finite element method) 해석을 통해 전동기의 성능이 만족하는지를 확인하여 최적 모델의 설계형상을 구한다.",
                        "clue_start": "235",
                        "clue_end": "308"
                    },
                    {
                        "clue_text": "그림 6과 그림 7은 최적모델의 고정자의 슬롯과 회전자의 극에 따른 삼각요소 분할도와 등 자속선 분포를 각각 나타내었다. 그림 8은 해석 모델의 자속 밀도 분포를 나타낸 그림이다.",
                        "clue_start": "309",
                        "clue_end": "409"
                    },
                    {
                        "clue_text": "그림 8은 해석 모델의 자속 밀도 분포를 나타낸 그림이다.",
                        "clue_start": "377",
                        "clue_end": "409"
                    },
                    {
                        "clue_text": "그림 9에서 보면 변화시킨 자극각이 \\( 39 \\left [ ^ {\\circ } \\right ] \\), 공극 5.0 \\( [ \\mathrm { mm } ] \\) 일 때 코깅 토크 값 (22.55943 \\( [ \\mathrm { Nm } ]) \\)이 가장 적게 나타남을 알 수 있다.",
                        "clue_start": "799",
                        "clue_end": "956"
                    }
                ],
                "terminology": [
                    {
                        "word": "FEM"
                    },
                    {
                        "word": "SPM"
                    },
                    {
                        "word": "계자"
                    },
                    {
                        "word": "고정자"
                    },
                    {
                        "word": "공극 길이"
                    },
                    {
                        "word": "밀도"
                    },
                    {
                        "word": "삼각요소"
                    },
                    {
                        "word": "설계 흠롬도"
                    },
                    {
                        "word": "설계제원"
                    },
                    {
                        "word": "요크"
                    },
                    {
                        "word": "요크 부분"
                    },
                    {
                        "word": "자극각"
                    },
                    {
                        "word": "자기 에너지"
                    },
                    {
                        "word": "자기저항"
                    },
                    {
                        "word": "자속"
                    },
                    {
                        "word": "자속 밀도"
                    },
                    {
                        "word": "자속 밀도 분포"
                    },
                    {
                        "word": "자속량"
                    },
                    {
                        "word": "자속선"
                    },
                    {
                        "word": "자속선 분포"
                    },
                    {
                        "word": "전기자"
                    },
                    {
                        "word": "전기자 슬롯 구조"
                    },
                    {
                        "word": "전동기"
                    },
                    {
                        "word": "최적형상"
                    },
                    {
                        "word": "코깅"
                    },
                    {
                        "word": "코깅 토크"
                    },
                    {
                        "word": "코깅 토크 저감"
                    },
                    {
                        "word": "코깅 토크 파형"
                    },
                    {
                        "word": "토크 값"
                    },
                    {
                        "word": "토크 파형"
                    },
                    {
                        "word": "파형"
                    },
                    {
                        "word": "해석 모델"
                    },
                    {
                        "word": "회전자"
                    },
                    {
                        "word": "회전자 자석"
                    },
                    {
                        "word": "회전자 형상변화"
                    }
                ]
            },
            {
                "context_id": "55e-0c9-merge_ed_034b7f4e-3e41f9c0-e268-4b18-857d-8951c9051046_00",
                "context_K-NSCC": {
                    "field": "인공물",
                    "large_category": "ED",
                    "medium_category": "05"
                },
                "context": "<h1>요 약</h1> <p>본 논문은 선박 추진 장치를 위한 저속 영역에서 최대 토크를 내는 대용량 BLDCM(Brushless DC motor)의 설계에 관한 연구이다. 기존의 추진 장치용 모터는 직류기 및 권선형 유도 전동기 등을 사용함으로 인하여 유지 보수가 필요하였다. 본 논문에서는 유지 보수가 필요 없고 저속에서 큰 토크를 발생 할 수 있는 BLDCM 설계를 하였다. 설계시 출력 리플 및 진동, 소음을 유발 하는 코깅 토크 저감을 고려하기 위해 설계변수로 공극길이와 자극각 등을 취하여 이의 변화에 대한 최저 코깅 토크를 가지는 최적형상을 구하고, 전동기 특성을 FEM과 Maxwell stress tensor법을 이용하여 해석하였다. 최저의 코깅 토크를 가지며 저속영역에서 최대 토크를 발생 할 수 있는</p> <h1>1. 서 론</h1> <p>근래에 들어 고성능 영구자석 재료의 개발로 인하여 넓은 속도 영역에서 높은 효율을 가지는 희토류 영구 자석 전동기가 산업현장에 널리 보급되고 있다. 이는 정기적인 보수, 점검이 필요 없고 높은 효율과 출력 밀도를 가진다는 장점을 가진다. 선박 추진 장치 분야에서는 수십년 동안 사용되어 오던 기계적인 추진 장치 분야에서 전기적 추진 장치 분야로 변화되고 있으며 전기적 추진 장치 분야에서 기존의 직류기 및 권선형 유도 전동기를 대신하여 저속에서 큰 토크를 발생할 수 있고 유지 보수가 필요 없는 영구 자석 동기 전동기로의 대체 연구가 활발하다. 선박 추진을 위한 일반적인 속도-토크 특성은 그림 1과 같다.</p> <p>여기서, \\( n_ { r } \\)은 정격속도, \\( T_ { r } \\)은 정격토크를 가리킨다. 드라이버는 정격비 N point에서 만나도록 고효율을 가지게 설계되어져야 하며, 모터 설계 시 N point의 속도에서 최고출력을 가질 수 있도록 고려하여 설계되도록 해야 한다. 그리고 저속에서의 코깅 토크는 소음 및 진동으로 심각한 영향을 초래 할 수 있으므로 초기 설계모델의 선정 시부터 이를 고려한 설계 모델을 선정한다. 일반적으로 코깅 토크는 회전자의 영구자석 PM (Permanent magnet)과 고정자의 슬롯 구조사이의 상호 작용에서 발생된다.</p> <p>따라서 본 논문에서는 선박 추진 장치용 영구 자석동기 전동기의 설계 시부터 맥동 토크 및 소음 진동을 일으키는 코깅 토크를 저감한 영구자석형 BLDCM (Brushless DC motor)을 설계 하고자 초기 모델을 선정, 이후 설계변수 2가지(자극각, 공극길이)를 선정하여 설계변수 변화에 따른 코깅 토크 변화를 관찰한다. 이의 결과에 따라 최저의 토깅 토크를 발생하는 선박 추진용 대용량 동기 전동기의 최적형상을 설계하고, 설계된 BLDC 전동기의 특성을 2차원 유한요소 해석방법과 Maxwell stress tensor 법을 이용하여 해석하였다.</p>",
                "context_length": 1404,
                "summary": "선박 추진장치 분야는 기계적인 장치에서 전기적인 장치로 변화하며, 영구 자석 동기 전동기가 주목받고 있다. 이는 저속에서도 큰 토크를 발생시키며, 유지 보수가 필요 없다는 장점이 있기 때문이다. 본 연구에서는 영구자석형 무브러시 직류 모터 (Brushless DC motor, BLDCM)를 설계하면서 코깅 토크로 발생하는 소음 및 진동을 줄이기 위한 방법을 제안한다. 이를 위해 자극각과 공극길이라는 두 가지 설계변수를 변화시키면서 그 효과를 관찰하였다.",
                "clue": [
                    {
                        "clue_text": "선박 추진 장치 분야에서는 수십년 동안 사용되어 오던 기계적인 추진 장치 분야에서 전기적 추진 장치 분야로 변화되고 있으며 전기적 추진 장치 분야에서 기존의 직류기 및 권선형 유도 전동기를 대신하여 저속에서 큰 토크를 발생할 수 있고 유지 보수가 필요 없는 영구 자석 동기 전동기로의 대체 연구가 활발하다.",
                        "clue_start": "559",
                        "clue_end": "730"
                    },
                    {
                        "clue_text": "그리고 저속에서의 코깅 토크는 소음 및 진동으로 심각한 영향을 초래 할 수 있으므로 초기 설계모델의 선정 시부터 이를 고려한 설계 모델을 선정한다.",
                        "clue_start": "928",
                        "clue_end": "1010"
                    },
                    {
                        "clue_text": "따라서 본 논문에서는 선박 추진 장치용 영구 자석동기 전동기의 설계 시부터 맥동 토크 및 소음 진동을 일으키는 코깅 토크를 저감한 영구자석형 BLDCM (Brushless DC motor)을 설계 하고자 초기 모델을 선정, 이후 설계변수 2가지(자극각, 공극길이)를 선정하여 설계변수 변화에 따른 코깅 토크 변화를 관찰한다.",
                        "clue_start": "1092",
                        "clue_end": "1273"
                    },
                    {
                        "clue_text": "본 논문은 선박 추진 장치를 위한 저속 영역에서 최대 토크를 내는 대용량 BLDCM(Brushless DC motor)의 설계에 관한 연구이다.",
                        "clue_start": "16",
                        "clue_end": "96"
                    }
                ],
                "terminology": [
                    {
                        "word": "BLDC"
                    },
                    {
                        "word": "BLDC 전동기"
                    },
                    {
                        "word": "BLDCM"
                    },
                    {
                        "word": "BLDCM 설계"
                    },
                    {
                        "word": "Brushless"
                    },
                    {
                        "word": "Brushless DC"
                    },
                    {
                        "word": "Brushless DC motor"
                    },
                    {
                        "word": "DC"
                    },
                    {
                        "word": "DC motor"
                    },
                    {
                        "word": "Maxwell stress tensor"
                    },
                    {
                        "word": "Maxwell stress tensor법"
                    },
                    {
                        "word": "N point"
                    },
                    {
                        "word": "PM"
                    },
                    {
                        "word": "magnet"
                    },
                    {
                        "word": "motor"
                    },
                    {
                        "word": "고정자"
                    },
                    {
                        "word": "공극길"
                    },
                    {
                        "word": "공극길이"
                    },
                    {
                        "word": "권선형"
                    },
                    {
                        "word": "권선형 유도 전동기"
                    },
                    {
                        "word": "기계적인 추진 장치"
                    },
                    {
                        "word": "대용량 BLDCM"
                    },
                    {
                        "word": "동기 전동기"
                    },
                    {
                        "word": "맥동"
                    },
                    {
                        "word": "맥동 토크"
                    },
                    {
                        "word": "밀도"
                    },
                    {
                        "word": "선박 추진 장치"
                    },
                    {
                        "word": "선박 추진 장치용 영구 자석동기 전동기"
                    },
                    {
                        "word": "소음 진동"
                    },
                    {
                        "word": "속도-토크"
                    },
                    {
                        "word": "속도-토크 특성"
                    },
                    {
                        "word": "영구 자석 동기 전동기"
                    },
                    {
                        "word": "영구자석형 BLDCM"
                    },
                    {
                        "word": "유도 전동기"
                    },
                    {
                        "word": "자극각"
                    },
                    {
                        "word": "저속영역"
                    },
                    {
                        "word": "전기적"
                    },
                    {
                        "word": "전기적 추진 장치"
                    },
                    {
                        "word": "전동기"
                    },
                    {
                        "word": "전동기 특성"
                    },
                    {
                        "word": "정격비 N point"
                    },
                    {
                        "word": "정격속도"
                    },
                    {
                        "word": "정격토크"
                    },
                    {
                        "word": "직류기"
                    },
                    {
                        "word": "최대 토크"
                    },
                    {
                        "word": "최저 코깅 토크"
                    },
                    {
                        "word": "최적형상"
                    },
                    {
                        "word": "추진 장치용 모터"
                    },
                    {
                        "word": "출력 리플"
                    },
                    {
                        "word": "출력 밀도"
                    },
                    {
                        "word": "코깅"
                    },
                    {
                        "word": "코깅 토크"
                    },
                    {
                        "word": "코깅 토크 저감"
                    },
                    {
                        "word": "회전자"
                    },
                    {
                        "word": "희토류"
                    },
                    {
                        "word": "희토류 영구 자석 전동기"
                    }
                ]
            },
            {
                "context_id": "55e-0c9-merge_ed_034b7f4e-3e41f9c0-e268-4b18-857d-8951c9051046_01",
                "context_K-NSCC": {
                    "field": "인공물",
                    "large_category": "ED",
                    "medium_category": "05"
                },
                "context": "<h1>2. 본 론</h1> <h2>2.1 해석 이론 및 지배 방정식</h2> <p>자기장에서 토크를 구하는 방법은 다음과 같다.</p> <p>\\( d f = (J \\times B) d v \\quad \\left [ \\mathrm { ~N } / \\mathrm { m } ^ { 3 } \\right ] \\)<caption>(1)</caption></p> <p>여기서 f는 자기력 밀도, \\( \\mathrm { J } \\) 는 전류밀도, B는 자속 밀도이다. 맥스웰 방정식을 이용하면 식(1)은 식(2)와 같이 표현 할 수 있다.</p> <p>\\( \\begin {aligned} d f &=( \\nabla \\times H) \\times B d v \\\\ &= \\frac { 1 } {\\mu_ { 0 } } ( \\nabla \\times B) \\times B d v \\end {aligned} \\)<caption>(2)</caption></p> <p>따라서, 자기장에서 체적 V인 물체에 작용하는 전자력 F는 다음과 같다.</p> <p>\\( \\begin {aligned} F &= \\int_ { v } d f d v \\\\ &= \\frac { 1 } {\\mu_ { 0 } } \\int_ { v } ( \\nabla \\times B) \\times B d v \\end {aligned} \\)<caption>(3)</caption></p> <p>토크 식은 \\[ \\begin {array} { l } d T=(r \\times d f) d v \\\\ T= \\int_ { v } (r \\times d f) d v \\end {array} \\]<caption>(4)</caption>\\( = \\int_ { v } \\frac { 1 } {\\mu_ { 0 } } r \\times[( \\nabla \\times B) \\times B] d v \\)<caption>(5)</caption></p> <p>다음과 같이 정의되는 맥스웰 스트레스 텐스(Maxwell stress tensor)법에 의해서 토크 식의 체적 적분은 물체를 포함하고 있는 임의의 표면에 대한 면적분으로 변환되어 다음과 같이 나타낼 수 있다.</p> <p>\\( P= \\frac { 1 } {\\mu_ { 0 } } \\left [ \\int_ { s } B(B \\cdot n) d s- \\int_ { s } \\frac { 1 } { 2 } B ^ { 2 } n d s \\right ] \\)<caption>(6)</caption></p> <p>\\( T= \\int_ { v } (r \\times d f) d v= \\oint_ { s } (r \\times P) d s \\)<caption>(7)</caption></p> <p>여기서, n은 표면에 대한 단위 수직 벡터를 나타낸다.</p>",
                "context_length": 1346,
                "summary": "자기장 내의 토크 계산 방식은 맥스웰 방정식을 이용해 설명될 수 있다. 특히, 체적 V의 물체에 작용하는 전자력 F는 맥스웰 스트레스 텐서 방법을 통해 표면에 대한 면적분으로 변환될 수 있다. 그리고 해당 면적분은 표면에 대한 단위 수직 벡터 n으로 표현된다.",
                "clue": [
                    {
                        "clue_text": "자기장에서 토크를 구하는 방법은 다음과 같다.",
                        "clue_start": "47",
                        "clue_end": "72"
                    },
                    {
                        "clue_text": "맥스웰 방정식을 이용하면 식(1)은 식(2)와 같이 표현 할 수 있다.",
                        "clue_start": "255",
                        "clue_end": "294"
                    },
                    {
                        "clue_text": "따라서, 자기장에서 체적 V인 물체에 작용하는 전자력 F는 다음과 같다.",
                        "clue_start": "471",
                        "clue_end": "511"
                    },
                    {
                        "clue_text": "다음과 같이 정의되는 맥스웰 스트레스 텐스(Maxwell stress tensor)법에 의해서 토크 식의 체적 적분은 물체를 포함하고 있는 임의의 표면에 대한 면적분으로 변환되어 다음과 같이 나타낼 수 있다.",
                        "clue_start": "931",
                        "clue_end": "1047"
                    },
                    {
                        "clue_text": "여기서, n은 표면에 대한 단위 수직 벡터를 나타낸다.",
                        "clue_start": "1312",
                        "clue_end": "1342"
                    }
                ],
                "terminology": [
                    {
                        "word": "Maxwell stress tensor"
                    },
                    {
                        "word": "단위 수직 벡터"
                    },
                    {
                        "word": "맥스웰 방정식"
                    },
                    {
                        "word": "면적분"
                    },
                    {
                        "word": "밀도"
                    },
                    {
                        "word": "방정식"
                    },
                    {
                        "word": "벡터"
                    },
                    {
                        "word": "자기력"
                    },
                    {
                        "word": "자기력 밀도"
                    },
                    {
                        "word": "자기장"
                    },
                    {
                        "word": "자속"
                    },
                    {
                        "word": "자속 밀도"
                    },
                    {
                        "word": "적분"
                    },
                    {
                        "word": "전류밀도"
                    },
                    {
                        "word": "전자력"
                    },
                    {
                        "word": "지배 방정식"
                    },
                    {
                        "word": "체적 적분"
                    },
                    {
                        "word": "토크 식"
                    },
                    {
                        "word": "해석 이론"
                    }
                ]
            }
        ]
    }
}