{
    "dataset_info": {
        "identifier": "02-031-002-NL",
        "name": "기술과학 문서 요약 데이터",
        "category": "자연어",
        "last_updated": "2023-08-30"
    },
    "dataset": {
        "doc_id": "034b7f4e-27078c3f-7109-4508-819f-85f289cafe8d",
        "doc_type": "논문",
        "doc_title": {
            "kor": "서치코일 내장형 SRM의 정지시 회전자 위치 추정 기법",
            "eng": ""
        },
        "doc_category": {
            "KDC": "560.5",
            "DDC": ""
        },
        "doc_number": {
            "ISSN": "1229-2214",
            "ISBN": "",
            "DOI": "",
            "UCI": ""
        },
        "doc_year": "2005",
        "doc_author": [
            "양형열",
            "신덕식",
            "임영철"
        ],
        "doc_publisher": "전력전자학회",
        "doc_license": "CC BY-NC",
        "context_info": [
            {
                "context_id": "55e-0c9-merge_ed_034b7f4e-27078c3f-7109-4508-819f-85f289cafe8d_03",
                "context_K-NSCC": {
                    "field": "인공물",
                    "large_category": "ED",
                    "medium_category": "99"
                },
                "context": "<p>\\( J= \\sum_ { n=0 } ^ { 359 } \\left (e_ { p n } \\right ) ^ { 2 } \\) \\( e_ { p n } : \\) Rotor Position Error at Position \\( n \\)<caption>(3)</caption></p> <h2>3. 회전자 위치 추정 방법</h2> <h3>3.1 펴지논리에 의한 추정</h3> <p>서치코일의 유기전압은 \\( 0 ^ {\\circ } \\) 근처와 \\( 89 ^ {\\circ } \\) 근처의 값이 유사하므로 퍼지 규칙을 만들기에 부적합하다. 따라서 적절한 부분에서 분리시켜 두개의 퍼지 로직을 이용해서 각각의 규칙을 만들고 추론을 한다. 먼저 \\( \\mathrm { V } _ {\\mathrm { sca } } \\) 와 \\( \\mathrm { V } _ {\\mathrm { sb } } \\) 를 비교하여 그림 4와 같이 두 영역으로 분리한다. 즉, \\( \\mathrm { V } _ {\\mathrm { sca } } >\\mathrm { V } _ {\\mathrm { sbc } } \\)인 경우는 제 1 퍼지로직(Fuzzy 1), \\( \\mathrm { V } _ {\\mathrm { sca } }< \\mathrm { V } _ {\\mathrm { sbc } } \\)인 경우는 제 2 퍼지 로직 (Fuzzy 2)을 사용하는 것이다. 두 개의 영역은 그림 4에서 보는 것처럼 \\( 1 ^ {\\circ } -45 ^ {\\circ } , 46 ^ {\\circ } -90 ^ {\\circ } \\)로 나뉘어젔다. 그리고 비교적 선형인 부분을 한 구간으로 취하여 퍼지 규칙을 정함으로써 오차를 줄이는 방향으로 실시하였다. 시뮬레이션은 Matlab의 Fuzzy Tool Box를 사용하여 실시되었으며 전체적인 구조는 그림 5와 같다.</p> <h3>3.2 신경망에 의한 위치 추정</h3> <p>신경망에서도 퍼지에서와 마찬가지로 기계각으로 \\( 90 ^ {\\circ } \\)까지를 두 영역으로 나누어 두 개의 신경망을 적용한다. 입력으로 서치코일 유기전압, 출력으로 회전자 위치를 사용하며, 일반적으로 많이 사용되는 역전파 신경망(back-propagation neural network)을 이용하였다. 입출력의 패턴 데이터는 정규화하였고, 입력뉴런과 출력뉴런의 활성함수로는 시그모이드(sigmoid) 함수를 사용하였으며, 적절한 학습율, 은닉뉴런 및 반복횟수를 찾아내기 위하여 많은 경우에 대하여 시뮬레이션을 실시하였다. 학습율은 \\( 0.01-0.09 \\), 은닉뉴런 개수는 \\( 10- \\) 25개까지 변경하였으며, 각각의 경우에 대해서 200,000번까지 반복학습을 실시하였다. 그 결과 제 1 신경망은 학습율 \\( 0.07 \\), 은닉뉴런 20개, 반복횟수 120,000회일 때 회전자의 위치 추정 성능이 가장 우수함을 확인할 수 있었다. 그리고 제 2 신경망은 학습율 \\( 0.08 \\), 은닉뉴런 20개, 반복학습 횟수 50,000회일 때 회전자의 위치 추정이 가장 적절함을 판단할수 있었다. 학습종료 후 성능 평가 시에는 학습에 포함되지 않았던 서치코일 유기전압도 입력에 포함하여 평가되었다. 그림 6은 전체 신경망의 구조를 나타낸다.</p>",
                "context_length": 1585,
                "summary": "J값을 계산하기 위해 서치코일의 유기전압을 비교하여 0~359까지의 값과 0~89까지의 값으로 분리하고 각각의 구간에 대해 회전자 위치 오차를 제곱하여 더한 J값을 계산한다.",
                "clue": [
                    {
                        "clue_text": "\\( J= \\sum_ { n=0 } ^ { 359 } \\left (e_ { p n } \\right ) ^ { 2 } \\) \\( e_ { p n } : \\) Rotor Position Error at Position \\( n \\)<caption>(3)</caption>",
                        "clue_start": "3",
                        "clue_end": "152"
                    },
                    {
                        "clue_text": "서치코일의 유기전압은 \\( 0 ^ {\\circ } \\) 근처와 \\( 89 ^ {\\circ } \\) 근처의 값이 유사하므로 퍼지 규칙을 만들기에 부적합하다.",
                        "clue_start": "210",
                        "clue_end": "296"
                    }
                ],
                "terminology": [
                    {
                        "word": "Fuzzy"
                    },
                    {
                        "word": "Matlab"
                    },
                    {
                        "word": "Position"
                    },
                    {
                        "word": "Rotor"
                    },
                    {
                        "word": "back-propagation"
                    },
                    {
                        "word": "neural"
                    },
                    {
                        "word": "neural network"
                    },
                    {
                        "word": "sca"
                    },
                    {
                        "word": "기계각"
                    },
                    {
                        "word": "서치코일"
                    },
                    {
                        "word": "서치코일 유기전압"
                    },
                    {
                        "word": "시그모이드 함수"
                    },
                    {
                        "word": "시뮬레이션"
                    },
                    {
                        "word": "신경망"
                    },
                    {
                        "word": "역전파"
                    },
                    {
                        "word": "역전파 신경망"
                    },
                    {
                        "word": "유기전압"
                    },
                    {
                        "word": "은닉뉴런"
                    },
                    {
                        "word": "정규화"
                    },
                    {
                        "word": "추론"
                    },
                    {
                        "word": "추정 성능"
                    },
                    {
                        "word": "출력뉴런"
                    },
                    {
                        "word": "패턴 데이터"
                    },
                    {
                        "word": "퍼지"
                    },
                    {
                        "word": "퍼지 규칙"
                    },
                    {
                        "word": "퍼지로직"
                    },
                    {
                        "word": "펴지논리"
                    },
                    {
                        "word": "함수"
                    },
                    {
                        "word": "활성함수"
                    },
                    {
                        "word": "회전자"
                    }
                ]
            },
            {
                "context_id": "55e-0c9-merge_ed_034b7f4e-27078c3f-7109-4508-819f-85f289cafe8d_02",
                "context_K-NSCC": {
                    "field": "인공물",
                    "large_category": "ED",
                    "medium_category": "99"
                },
                "context": "<p>\\( e=- \\left (M_ { a s } \\frac { d i_ { a } } { d t } + M_ { b s } \\frac { d i_ { b } } { d t } \\right ) \\)<caption>(2)</caption></p> <p>회전자 위치검출은 두 단계를 거치게 되는데 먼저 회전자의 위치 \\( \\left ( \\theta_ {\\mathrm { R } } \\right ) \\)와 서치코일 유기 기전력 \\( \\left ( \\mathrm { V } _ {\\mathrm { S } } \\right ) \\)의 관계인 \\( \\mathrm { V } _ {\\mathrm { S } } - \\theta_ {\\mathrm { R } } \\) 기준값 획득단계, 저장된 기준값과 측정된 기전력값을 이용하여 위치 추정 알고리즘에 의해 회전자의 위치를 추정하는 예측단계로 구분된다. 먼저 전 처리 단계로 서치코일의 유기기전력 \\( \\left ( \\mathrm { V } _ {\\mathrm { S } } \\right ) \\)과 위치 \\( ( \\theta \\) \\( \\mathrm { R } \\) )의 관계를 맵평한 \\( \\mathrm { V } _ {\\mathrm { S } } - \\theta_ {\\mathrm { R } } \\) 기준값의 획득이 필요하다. 회전자가 정지해 있을 때 매 \\( 1 ^ {\\circ } \\) 마다 각 상에 짧은시간 동안 펄스를 인가하여 서치 코일에 유기되는 기전력을 측정한다. 이때 3 상을 연속적으로 전류의 확립이 이루어지지 못하는 짧은 시간 간격(약 \\( 100 \\mu \\mathrm { s } \\) )으로 매우 빠르게 스위칭한다. 순간적인 단일 펄스 전압을 인가하면 모터는 계속 정지해 있고 전류는 미세하게 인가된다. 측정된 서치코일의 유기기전력은 위치에 종속적인 관계를 가지므로 기준값으로 활용할 수 있다. 그림 2에서 모터 정지시 각 상에 인가된 펄스전압에 의한 세 상의 서치코일 유기기전력의 형태를 보여주고 있다. 회전자의 위치에 따라 서치 코일의 유기 기전력의 크기는 변화된다. 위치에 따른 기전력의 분포를 얻기 위하여 회전자의 모든 위치에 대해 각각 파형의 크기를 측정한 결과 그림 3에서와 같은 기전력 분포를 얻을 수 있었다. 그러나 위와 같은 기전력 분포는 회전자 위치검출에 직접 사용한 수 없다. 왜냐하면 회전자가 회전하여 동일한 위치에 도달하더라도 측정된 서치코일의 유기기전력은 \\( V_ { S } - \\theta_ { R } \\) 기준값과 동일하게 재현되지 않기 때문이다. 즉, 미세한 회전자의 위치변화, \\( \\mathrm { A } / \\mathrm { D } \\) 변환기의 측정오차, 회전자 및 고정자의 불균일, 유기 기전력의 미세한 진동 등에 의해 다른 기전력이 측정되는 것이다. 따라서 측정된 기전력에 해당하는 위치를 검출하기 위해서는 \\( \\mathrm { V } _ {\\mathrm { S } } - \\theta_ {\\mathrm { R } } \\) 기준값에서 가장 근접하는 위치를 추론하기 위한 과정이 필요하다. 본 논문에서는 퍼지, 신경망 그리고 유클리디안 제곱거리(Squared Euclidean Distance)를 이용하여 최소 오차를 가지는 위치 데이터를 추론하는 과정을 적용하였다. 초기 회전자의 위치검출오차가 적으면 기동이 쉽지만 어느 한 곳이라도 큰 오차를 가진다면 그 위치에서는 기동이 불안정해 지게 된다. 따라서 오차는 넓게 분포되어야 하며 한 위치에서 큰 오차가 발생하는 것은 바람직하지 못하다. 이를 반영하기 위하여 사용된 평가함수는 식 (3)과 같으며, 임의의 한 위치에서 추정된 회전자 위치 오차가 크면 평가함수 값이 오차의 자승에 비례하여 커지게 되며 그 값이 클수록 좋지 않은 결과임을 의미한다. 본 논문에서는 각각의 방식에 대해 다음의 성능평가 함수에 의해 평가가 실시되었고 그 성능을 비교하였다.</p>",
                "context_length": 1905,
                "summary": "회전자 위치검출 방법론에 대해 논문이 논의하며, 이는 기준값 획득단계와 예측단계로 구분된다. 회전자의 위치와 서치코일의 유기 기전력 사이의 관계를 이해하고, 그 관계를 바탕으로 회전자의 위치를 예측하는 알고리즘을 제시한다. 또한 불균일, 회전자 위치변화, 측정 오차 등에 대한 고려가 포함되며, 각 방식의 성능은 성능평가 함수를 통해 평가되었다.",
                "clue": [
                    {
                        "clue_text": "회전자 위치검출은 두 단계를 거치게 되는데 먼저 회전자의 위치 \\( \\left ( \\theta_ {\\mathrm { R } } \\right ) \\)와 서치코일 유기 기전력 \\( \\left ( \\mathrm { V } _ {\\mathrm { S } } \\right ) \\)의 관계인 \\( \\mathrm { V } _ {\\mathrm { S } } - \\theta_ {\\mathrm { R } } \\) 기준값 획득단계, 저장된 기준값과 측정된 기전력값을 이용하여 위치 추정 알고리즘에 의해 회전자의 위치를 추정하는 예측단계로 구분된다.",
                        "clue_start": "140",
                        "clue_end": "437"
                    },
                    {
                        "clue_text": "회전자가 정지해 있을 때 매 \\( 1 ^ {\\circ } \\) 마다 각 상에 짧은시간 동안 펄스를 인가하여 서치 코일에 유기되는 기전력을 측정한다.",
                        "clue_start": "649",
                        "clue_end": "731"
                    },
                    {
                        "clue_text": "측정된 서치코일의 유기기전력은 위치에 종속적인 관계를 가지므로 기준값으로 활용할 수 있다.",
                        "clue_start": "870",
                        "clue_end": "920"
                    },
                    {
                        "clue_text": "즉, 미세한 회전자의 위치변화, \\( \\mathrm { A } / \\mathrm { D } \\) 변환기의 측정오차, 회전자 및 고정자의 불균일, 유기 기전력의 미세한 진동 등에 의해 다른 기전력이 측정되는 것이다.",
                        "clue_start": "1248",
                        "clue_end": "1367"
                    },
                    {
                        "clue_text": "본 논문에서는 각각의 방식에 대해 다음의 성능평가 함수에 의해 평가가 실시되었고 그 성능을 비교하였다.",
                        "clue_start": "1844",
                        "clue_end": "1901"
                    }
                ],
                "terminology": [
                    {
                        "word": "Euclidean Distance"
                    },
                    {
                        "word": "고정자"
                    },
                    {
                        "word": "기전력"
                    },
                    {
                        "word": "기전력값"
                    },
                    {
                        "word": "단일 펄스"
                    },
                    {
                        "word": "단일 펄스 전압"
                    },
                    {
                        "word": "서치코일"
                    },
                    {
                        "word": "서치코일 유기기전력"
                    },
                    {
                        "word": "스위칭"
                    },
                    {
                        "word": "신경망"
                    },
                    {
                        "word": "알고리즘"
                    },
                    {
                        "word": "위치 추정 알고리즘"
                    },
                    {
                        "word": "유기"
                    },
                    {
                        "word": "유기기전력"
                    },
                    {
                        "word": "유클리디안 제곱거리"
                    },
                    {
                        "word": "자승"
                    },
                    {
                        "word": "전류"
                    },
                    {
                        "word": "초기 회전자"
                    },
                    {
                        "word": "추론"
                    },
                    {
                        "word": "추정 알고리즘"
                    },
                    {
                        "word": "파형"
                    },
                    {
                        "word": "퍼지"
                    },
                    {
                        "word": "펄스전압"
                    },
                    {
                        "word": "평가함수"
                    },
                    {
                        "word": "함수"
                    },
                    {
                        "word": "회전자"
                    },
                    {
                        "word": "회전자 위치 오차"
                    },
                    {
                        "word": "회전자 위치검출"
                    }
                ]
            },
            {
                "context_id": "55e-0c9-merge_ed_034b7f4e-27078c3f-7109-4508-819f-85f289cafe8d_01",
                "context_K-NSCC": {
                    "field": "인공물",
                    "large_category": "ED",
                    "medium_category": "99"
                },
                "context": "<h3>2.1 서치코일 장착</h3> <p>사용되는 모터는 \\( \\mathrm { TSRM } \\)(Toroidal Switched Reluctance Motor)으로서 두 개의 상이 동시에 여자되어 하나의 돌극에 자속을 흘려주는 형태로 되어있다. 서치코일은 그림 1과 같이 \\( 0.16 \\mathrm { ~mm } , 10 \\)턴이 돌극에 장착된다.</p> <h3>2.2 회전자 위치에 대한 기준값 획득</h3> <p>서치 코일에서는 상호 인덕턴스의 크기, 즉 고정자 돌극과 회전자 돌극이 겹처있는 정도에 따라 3상의 서치 코일에 식 (1)과 같은 기전력이 유기된다. 이 유기기전력은 회전자와 고정자의 위치에 따라 변화된다.</p> <p>\\( e = - \\left ( \\frac { d \\lambda_ { a s } } { d t } + \\frac { d \\lambda_ { b s } } { d t } \\right ) \\) \\( =- \\left (M_ { a s } \\frac { d i_ { a } } { d t } + M_ { b s } \\frac { d i_ { b } } { d t } + i_ { a } \\frac { d M_ { a s } } { d t } + i_ { b } \\frac { d M_ { b s } } { d t } \\right ) \\) \\( =- \\left (M_ { a s } \\frac { d i_ { a } } { d t } + i_ { a } \\omega \\frac { d M_ { a s } } { d \\theta } + M_ { b s } \\frac { d i_ { b } } { d t } + i_ { b } \\omega \\frac { d M_ { b s } } { d \\theta } \\right ) \\)<caption>(1)</caption></p> <p>\\( \\lambda_ {\\mathrm { as } } , \\lambda_ {\\mathrm { bs } } : \\mathrm { A } , \\mathrm { B } \\) 상전류에 의해 발생되는 서치코일 쇄교 자속 \\( \\mathrm { M } _ {\\mathrm { as } } , \\mathrm { M } _ {\\mathrm { bs } } \\) : 주권선과 서치코일의 상호 인덕턴스 \\( \\mathrm { i } _ {\\mathrm { a } } , \\mathrm { i } _ {\\mathrm { b } } \\) : 여자되고 있는 두개의 상전류 \\( \\omega: \\) 회전속도 \\( \\theta \\) : 회전자 위치 이때 모터가 정지 상태에 있으면 서치 코일의 기전력은 식 (2)와 같이 변압기 형태의 기전력만 유기되며 정지상태에서 회전자의 위치정보를 내포하고 있다. 따라서 서치코일의 유기기전력을 동해 회전자의 위치정보 예측이 가능해진다.</p>",
                "context_length": 1376,
                "summary": "TSRM 모터를 사용하여 두 개의 상이 동시에 여자되어 하나의 돌극에 자속을 흘려주게 설계하였다. 서치 코일에서는 상호 인덕턴스의 크기에 따라 3상의 서치 코일에 기전력이 유도되고, 서치코일의 유기기전력을 이용하여 회전자의 위치정보를 예측할 수 있다.",
                "clue": [
                    {
                        "clue_text": "사용되는 모터는 \\( \\mathrm { TSRM } \\)(Toroidal Switched Reluctance Motor)으로서 두 개의 상이 동시에 여자되어 하나의 돌극에 자속을 흘려주는 형태로 되어있다.",
                        "clue_start": "24",
                        "clue_end": "138"
                    },
                    {
                        "clue_text": "서치 코일에서는 상호 인덕턴스의 크기, 즉 고정자 돌극과 회전자 돌극이 겹처있는 정도에 따라 3상의 서치 코일에 식 (1)과 같은 기전력이 유기된다.",
                        "clue_start": "236",
                        "clue_end": "319"
                    },
                    {
                        "clue_text": "따라서 서치코일의 유기기전력을 동해 회전자의 위치정보 예측이 가능해진다.",
                        "clue_start": "1332",
                        "clue_end": "1372"
                    }
                ],
                "terminology": [
                    {
                        "word": "Motor"
                    },
                    {
                        "word": "Reluctance"
                    },
                    {
                        "word": "TSRM"
                    },
                    {
                        "word": "Toroidal"
                    },
                    {
                        "word": "고정자"
                    },
                    {
                        "word": "기전력"
                    },
                    {
                        "word": "돌극"
                    },
                    {
                        "word": "변압기"
                    },
                    {
                        "word": "상전류"
                    },
                    {
                        "word": "상호 인덕턴스"
                    },
                    {
                        "word": "서치코일"
                    },
                    {
                        "word": "쇄교"
                    },
                    {
                        "word": "쇄교 자속"
                    },
                    {
                        "word": "유기"
                    },
                    {
                        "word": "유기기전력"
                    },
                    {
                        "word": "인덕턴스"
                    },
                    {
                        "word": "자속"
                    },
                    {
                        "word": "회전자"
                    },
                    {
                        "word": "회전자 돌극"
                    }
                ]
            },
            {
                "context_id": "55e-0c9-merge_ed_034b7f4e-27078c3f-7109-4508-819f-85f289cafe8d_00",
                "context_K-NSCC": {
                    "field": "인공물",
                    "large_category": "ED",
                    "medium_category": "99"
                },
                "context": "<h1>요 약</h1> <p>븐 논문에서는 서치코일이 장학된 \\( \\mathrm { SRM } \\)(Switched Reluctance Motor)의 정지시 회전자 위치률 추정하는 방법은 비교하여 제시하였다. 서치코일이 장착된 \\( \\mathrm { SRM } \\)은 초기에 정지상태이므로 서치코일에서 유기기전력이 발생하지 않는다. 따라서 정지상태에서 회전자의 위치를 검출하기 위한 방법이 필요하게 된다. 본 논문에서는 유콜리디안 제곱거리, 퍼지, 신경망 등 세 가지 방법을 이용하여 회전자의 위치 추정을 위한 시뮬레이션을 실행하였고 그 결과를 비교하였다. 또한 시뮬레이션 결과가 우수한 유클리디안 제곱거리를 이용하여 회전자 위치 추정을 위한 실험을 실시하여 본 논문에서 제안한 방법의 타당성을 검증하였다.</p> <h1>1. 서 론</h1> <p>\\( \\mathrm { SRM } \\)을 기동(starting)하기 위해서는 정지 상태에서 회전자의 초기 위치를 반드시 알아야 한다. 따라서 여러 가지 초기위치 검출을 위한 방법들이 제안되고 있다. 초기 기동문제는 센서리스 구동에 있어서 또 하나의 연구할 대상이며, 이러한 문제는 인크리멘탈 엔코더를 사용하는 경우에서도 존재한다. 회전자의 초기 위치를 알 수 없는 센서리스 구동 방법의 경우 강제 정렬법을 이용해 회전자를 원하는 위치에 놓고 초기 기동을 시키게 된다. 이런 강제 정렬의 방법은 정밀제어를 해야 하는 곳이나 부하가 역회전을 하지 않아야 하는 곳에서는 치명적인 문제를 뱔생한다. 따라서 정지 시 회전자의 초기 위치검출은 고성능 \\( \\mathrm { SRM } \\)에서는 필수적인 요소라 할 수 있다. 회전자의 위치를 검출하는 방법은 여러 가지가 있으며, 기존의 센서들의 문제점인 주위환경에 민감한 문제점을 해결하고 저가로 회전자의 위치검출을 하기 위한 센서로서 서치코일을 사용하는 경우가 있다. 회전시에 발생하는 유기기전력으로 회전자의 위치를 추정 하지만 정지시에는 서치코일에 유기기전력이 발생하지 않으므로 별도의 위치추정 과정이 필요하게 된다. 이 경우 초기 기동을 위해 각 상에 일정 펄스를 인가하고, 이때 서치코일에 유기되는 각 상의 기전력의 크기를 비교하여 기동하는 방법을 사용하였다. 그러나 정확한 위치를 추정하지는 못하고, 단지 어떤 상을 먼저 여자시켜야 하는가에 대한 정보만을 가지고 초기기동을 실시하였다. 본 논문에서는 서치코일을 내장한 \\( \\mathrm { SRM } \\)의 정지시 회전자의 위치검출을 보다 정밀하게 하는 방법에 대해서 기술한다. 적절한 위치검출 방법을 찾는 과정으로 퍼지, 신경망, 유클리디안 제곱거리의 세 가지 방법에 의한 위치추정 방법을 제시하고 각각의 성능을 비교하였다.</p> <h2>2. 위치추정 알고리즘 적용을 위한 전처리</h2>",
                "context_length": 1366,
                "summary": "본 논문에서는 서치코일이 장착된 스위치드 렐럭턴스 모터(SRM)의 정지 상태에서 회전자 위치를 추정하는 방법을 비교하고 제시하였다. 초기에 정지 상태인 SRM에서는 서치코일에서 유기 전력이 발생하지 않으며, 이를 통해 회전자의 초기 위치를 검출하는 것은 고성능 SRM에서 필수적인 요소라 할 수 있다. 또한 유클리디안 제곱 거리, 퍼지, 신경망 등의 방법을 사용하여 회전자 위치 추정을 위한 시뮬레이션을 실행하였고, 그 결과를 비교하였다. 본 논문은 이를 통해 SRM의 정지 시 회전자 위치 검출을 보다 정확하게 하는 방법을 제시한다.",
                "clue": [
                    {
                        "clue_text": "븐 논문에서는 서치코일이 장학된 \\( \\mathrm { SRM } \\)(Switched Reluctance Motor)의 정지시 회전자 위치률 추정하는 방법은 비교하여 제시하였다.",
                        "clue_start": "16",
                        "clue_end": "116"
                    },
                    {
                        "clue_text": "서치코일이 장착된 \\( \\mathrm { SRM } \\)은 초기에 정지상태이므로 서치코일에서 유기기전력이 발생하지 않는다.",
                        "clue_start": "117",
                        "clue_end": "185"
                    },
                    {
                        "clue_text": "본 논문에서는 유콜리디안 제곱거리, 퍼지, 신경망 등 세 가지 방법을 이용하여 회전자의 위치 추정을 위한 시뮬레이션을 실행하였고 그 결과를 비교하였다.",
                        "clue_start": "227",
                        "clue_end": "311"
                    },
                    {
                        "clue_text": "따라서 정지 시 회전자의 초기 위치검출은 고성능 \\( \\mathrm { SRM } \\)에서는 필수적인 요소라 할 수 있다.",
                        "clue_start": "750",
                        "clue_end": "818"
                    },
                    {
                        "clue_text": "본 논문에서는 서치코일을 내장한 \\( \\mathrm { SRM } \\)의 정지시 회전자의 위치검출을 보다 정밀하게 하는 방법에 대해서 기술한다.",
                        "clue_start": "1166",
                        "clue_end": "1246"
                    }
                ],
                "terminology": [
                    {
                        "word": "Motor"
                    },
                    {
                        "word": "Reluctance"
                    },
                    {
                        "word": "SRM"
                    },
                    {
                        "word": "강제 정렬법"
                    },
                    {
                        "word": "기동"
                    },
                    {
                        "word": "기전력"
                    },
                    {
                        "word": "서치코일"
                    },
                    {
                        "word": "센서"
                    },
                    {
                        "word": "센서리스 구동"
                    },
                    {
                        "word": "센서리스 구동 방법"
                    },
                    {
                        "word": "시뮬레이션"
                    },
                    {
                        "word": "신경망"
                    },
                    {
                        "word": "알고리즘"
                    },
                    {
                        "word": "엔코더"
                    },
                    {
                        "word": "위치추정 알고리즘"
                    },
                    {
                        "word": "유기"
                    },
                    {
                        "word": "유기기전력"
                    },
                    {
                        "word": "유콜리디안 제곱거리"
                    },
                    {
                        "word": "유클리디안 제곱거리"
                    },
                    {
                        "word": "인크리멘탈 엔코더"
                    },
                    {
                        "word": "전처리"
                    },
                    {
                        "word": "퍼지"
                    },
                    {
                        "word": "회전자"
                    }
                ]
            },
            {
                "context_id": "55e-0c9-merge_ed_034b7f4e-27078c3f-7109-4508-819f-85f289cafe8d_04",
                "context_K-NSCC": {
                    "field": "인공물",
                    "large_category": "ED",
                    "medium_category": "99"
                },
                "context": "<h3>3.3 유클리디안 제곱거리에 의한 위치 추정</h3> <p>측정된 3상의 유기기전력은 식 (4)와 같이 유클리디안 제곱거리를 이용하여 위치를 추정한다.</p> <p>\\( d(k)= \\left [ \\left (V_ { s a b } * -V_ { s a b k } \\right ) ^ { 2 } \\right . \\) \\( \\left . + \\left (V_ { s b c } { } ^ { * } -V_ { s b c k } \\right ) ^ { 2 } + \\left (V_ { s c a } { } ^ { * } -V_ { s c a k } \\right ) ^ { 2 } \\right ] \\)<caption>(4)</caption></p> <p>여기서, \\( k=0,1, \\ldots, 89 \\) \\( d(k) \\) : 회전자 위치 \\( \\mathrm { k } \\)에서의 유클리디안 제곱거리 \\( \\mathrm { V } _ {\\text { sab* } } : a b \\) 상 서치코일 \\( \\mathrm { EMF } \\) (측정값) \\( \\mathrm { V } _ {\\mathrm { sbc } } \\) : : bc상 서치코일 \\( \\mathrm { EMF } \\) (측정값) \\( \\mathrm { V } _ {\\mathrm { sca } } \\) *: ca상 서치코일 \\( \\mathrm { EMF } \\) (측정값) \\( \\mathrm { V } _ {\\text { sabk } } \\) : ab상 서치코일 \\( \\mathrm { EMF } \\) (기준값), \\( 0 ^ {\\circ } -89 ^ {\\circ } \\) \\( \\mathrm { V } _ {\\mathrm { sbck } } \\) : bc상 서치코일 \\( \\mathrm { EMF } \\) (기준값), \\( 0 ^ {\\circ } -89 ^ {\\circ } \\) \\( \\mathrm { V } _ {\\text { scak } } \\) : ca상 서치코일 \\( \\mathrm { EMF } \\) (기준값), \\( 0 ^ {\\circ } -89 ^ {\\circ } \\)</p> <p>식 (4)를 이용하여 현재 획득한 서치코일 유기기전력과 \\( \\mathrm { V } _ {\\mathrm { S } } - \\theta_ {\\mathrm { R } } \\) 기준값의 유클리디안 제곱거리 \\( d(k) \\) 를 구하면, 전체 90 개의 유클리디안 제곱거리중에서 가장 작은 \\( d(k) \\) 값을 가지는 각 \\( \\mathrm { k } \\) 에 해당하는 각도가 현재의 회전자 위치가 된다.</p>",
                "context_length": 1274,
                "summary": "현재 회전자의 위치를 구하기 위해 식 (4)를 이용해 서치코일 유기기전력과 \\( \\mathrm { V } _ {\\mathrm { S } } - \\theta_ {\\mathrm { R } } \\) 기준값의 유클리디안 제곱거리 \\( d(k) \\) 를 구하면 값은 가장 작은 \\( d(k) \\) 값을 가지는 각 \\( { k } \\)에 해당하는 각도가 된다.",
                "clue": [
                    {
                        "clue_text": "식 (4)를 이용하여 현재 획득한 서치코일 유기기전력과 \\( \\mathrm { V } _ {\\mathrm { S } } - \\theta_ {\\mathrm { R } } \\) 기준값의 유클리디안 제곱거리 \\( d(k) \\) 를 구하면, 전체 90 개의 유클리디안 제곱거리중에서 가장 작은 \\( d(k) \\) 값을 가지는 각 \\( \\mathrm { k } \\) 에 해당하는 각도가 현재의 회전자 위치가 된다.",
                        "clue_start": "1044",
                        "clue_end": "1270"
                    },
                    {
                        "clue_text": "\\( d(k)= \\left [ \\left (V_ { s a b } * -V_ { s a b k } \\right ) ^ { 2 } \\right . \\) \\( \\left . + \\left (V_ { s b c } { } ^ { * } -V_ { s b c k } \\right ) ^ { 2 } + \\left (V_ { s c a } { } ^ { * } -V_ { s c a k } \\right ) ^ { 2 } \\right ] \\)",
                        "clue_start": "96",
                        "clue_end": "336"
                    }
                ],
                "terminology": [
                    {
                        "word": "EMF"
                    },
                    {
                        "word": "sca"
                    },
                    {
                        "word": "서치코일"
                    },
                    {
                        "word": "유기기전력"
                    },
                    {
                        "word": "유클리디안 제곱거리"
                    },
                    {
                        "word": "회전자"
                    }
                ]
            }
        ]
    }
}