{
    "dataset_info": {
        "identifier": "02-031-002-NL",
        "name": "기술과학 문서 요약 데이터",
        "category": "자연어",
        "last_updated": "2023-08-30"
    },
    "dataset": {
        "doc_id": "034b7f4e-565564e2-f0a2-49b9-b647-9c1c6330c3d9",
        "doc_type": "논문",
        "doc_title": {
            "kor": "변압기 직렬구성을 이용한 HBML 인버터에 관한 연구",
            "eng": ""
        },
        "doc_category": {
            "KDC": "560.5",
            "DDC": ""
        },
        "doc_number": {
            "ISSN": "1229-2214",
            "ISBN": "",
            "DOI": "",
            "UCI": ""
        },
        "doc_year": "2004",
        "doc_author": [
            "박성준",
            "박노식",
            "강필순",
            "임영철",
            "김철우"
        ],
        "doc_publisher": "전력전자학회",
        "doc_license": "CC BY-NC",
        "context_info": [
            {
                "context_id": "55e-0c9-merge_ed_034b7f4e-565564e2-f0a2-49b9-b647-9c1c6330c3d9_06",
                "context_K-NSCC": {
                    "field": "인공물",
                    "large_category": "ED",
                    "medium_category": "99"
                },
                "context": "<p>제안된 방식의 스위칭 방식을 사-용할 경우 각 변압기의 최대 자속은 동일하며 그 값은 다음과 같다.</p> <p>\\( \\Phi_ { n } ^ {\\prime } = \\frac { 2 V_ { p } } { N } \\)<caption>(13)</caption></p> <p>따라서 기존의 스위칭 방식에 대한 제안된 스위칭 방식에서 각 변압기의 최대 자속비는 다음과 같다.</p> <p>\\( R_ { n } == \\frac {\\Phi_ { n } ^ {\\prime } } {\\Phi_ { n } } = \\frac { 2 } {\\left ( \\pi-2 \\alpha_ { n } \\right ) } \\)<caption>(14)</caption></p> <p>위 식에서 다중레벨의 수가 무한히 많다면 제일 하단의 변압기의 최대 자속비는 \\( 2 / \\pi \\) 가 된다.</p> <h1>3. 실험결과</h1> <p>그림 6은 제작된 시작품 인버터의 사진으로 그 구성은 4개의 H-Bridge 인버터 부, 4개의 직 - 병렬 변압기 부, 게이트 앰프 부 및 프로세스로 구성된 제어 부로 나눌 수 있다.</p> <p>그림 7은 4개의 변압기를 사용한 9레벨인버터에서 변조지수가 1일 때의 각 인버터의 상 신호를 나타내고 있다. 그림 8은 그림 7에서 나타난 각 인버터의 게이트 신호를 인가하였을 때의 직렬로 영결된 다중레벨인버터의 각 부파형을 나타내고 있다. 제일 밑 파형은 변압기 한 개의 출력 파형이며, 그 위는 2개, 3개 및 4개의 직렬변압기의 출력 파형이다. 파형에서 알 수 있듯이 출력전압레벨은 9레벨로 양호하게 나타남을 알 수 있었다.</p> <p>그림 9는 그림 8의에서 나타난 다중레벨 인버터의 최종 출력 파형인 제일 위 파형에 대한 고조파 분석결과이다. 그림에서 알 수 있듯이 제 3고조파 성분이 다소 존재하는 그 외의 고조파 성분은 거의 나타나지 않았다.</p> <h1>4. 결 론</h1> <p>본 연구는 기존의 HBML 인버터가 독립된 직류전원이 필요한 단점과 각 녹립전원의 합보다 늩은 출력전압을 발생할 수 없는 단점을 는복하기 위하여 변압기와 결합된 HBML 인버터에 관한 것이다. 변압기 조합의 다중레벨 인버터시스템에서 발생하는 변압기 정격의 차이로 인한 변압기의 설계 및 H-Bridge 제작시 문제점을 극복하기 위해 변압기의 정격을 동일하게 할 수 있는 스위칭 방식을 제안하였다. 또한 제안된 스위칭 방식의 타당성을 이론적으로 해석하였으며, 4개의 변압기를 사용한 시작품 승압형 9 레벨 인버터를 제작하여 실험을 행하였다.</p>",
                "context_length": 1262,
                "summary": "이 연구는 기존의 스위칭 방식에 대해 새로운 스위칭 방식을 제안하고 이를 통해 변압기의 최대 자속비를 계산하였다. 특히, 다중레벨이 무한할 경우 최하단 변압기의 최대 자속비는 \\(2 / \\pi\\)이 된다. 이 제안된 스위칭 방식의 타당성은 이론적 분석을 통해 확인하였으며, 4개의 변압기로 구성된 9 레벨 인버터를 제작하여 실험적으로 검증하였다. 이 방식은 변압기 정격 차이로 발생하는 다중레벨 인버터 시스템의 변압기 설계와 H-Bridge 제작 문제를 극복하기 위한 것이다.",
                "clue": [
                    {
                        "clue_text": "따라서 기존의 스위칭 방식에 대한 제안된 스위칭 방식에서 각 변압기의 최대 자속비는 다음과 같다.",
                        "clue_start": "155",
                        "clue_end": "209"
                    },
                    {
                        "clue_text": "위 식에서 다중레벨의 수가 무한히 많다면 제일 하단의 변압기의 최대 자속비는 \\( 2 / \\pi \\) 가 된다.",
                        "clue_start": "367",
                        "clue_end": "429"
                    },
                    {
                        "clue_text": "또한 제안된 스위칭 방식의 타당성을 이론적으로 해석하였으며, 4개의 변압기를 사용한 시작품 승압형 9 레벨 인버터를 제작하여 실험을 행하였다.",
                        "clue_start": "1179",
                        "clue_end": "1258"
                    },
                    {
                        "clue_text": "변압기 조합의 다중레벨 인버터시스템에서 발생하는 변압기 정격의 차이로 인한 변압기의 설계 및 H-Bridge 제작시 문제점을 극복하기 위해 변압기의 정격을 동일하게 할 수 있는 스위칭 방식을 제안하였다.",
                        "clue_start": "1065",
                        "clue_end": "1178"
                    }
                ],
                "terminology": [
                    {
                        "word": "H-Bridge"
                    },
                    {
                        "word": "H-Bridge 인버터"
                    },
                    {
                        "word": "HBML"
                    },
                    {
                        "word": "HBML 인버터"
                    },
                    {
                        "word": "게이트 신호"
                    },
                    {
                        "word": "게이트 앰프"
                    },
                    {
                        "word": "고조파"
                    },
                    {
                        "word": "고조파 성분"
                    },
                    {
                        "word": "다중레벨"
                    },
                    {
                        "word": "다중레벨인버터"
                    },
                    {
                        "word": "레벨 인버터"
                    },
                    {
                        "word": "변압기"
                    },
                    {
                        "word": "변조지수"
                    },
                    {
                        "word": "상 신호"
                    },
                    {
                        "word": "스위칭"
                    },
                    {
                        "word": "승압형"
                    },
                    {
                        "word": "인버터 부"
                    },
                    {
                        "word": "인버터시스템"
                    },
                    {
                        "word": "자속"
                    },
                    {
                        "word": "자속비"
                    },
                    {
                        "word": "제어 부"
                    },
                    {
                        "word": "직 - 병렬"
                    },
                    {
                        "word": "직렬"
                    },
                    {
                        "word": "직렬변압기"
                    },
                    {
                        "word": "직류전원"
                    },
                    {
                        "word": "출력전압"
                    },
                    {
                        "word": "출력전압레벨"
                    },
                    {
                        "word": "파형"
                    }
                ]
            },
            {
                "context_id": "55e-0c9-merge_ed_034b7f4e-565564e2-f0a2-49b9-b647-9c1c6330c3d9_05",
                "context_K-NSCC": {
                    "field": "인공물",
                    "large_category": "ED",
                    "medium_category": "99"
                },
                "context": "<p>\\( V_ { p } =N V_ { d c } \\)<caption>(10)</caption></p> <p>여기서 N은 H-Bridge의 인버터 수를 나타내고 있다.</p> <p>스텝 펄스파 방식을 사용한 스위칭 함수를 사용할 경우 각 변압기의 자속 최대치는 아래와 같다.</p> <p>\\( \\Phi_ { n } = \\left ( \\pi-2 \\alpha_ { n } \\right ) \\frac { V_ { p } } { N } \\)<caption>(11)</caption></p> <p>이러한 자속의 차이는 곧 변압기의 정격의 차이로 나타난다. 변압기의 정격이 다르게되면 변압기의 설계 시 각각의 변압기를 설계하는 문제점이 있을 뿐만 아니라 각 H-Bridge의 전류정격이 다르게 된다. 특히 H-Bridge의 전류정격이 다름으로서 인버터의 설계 및 제작시 어려움이 있다. 따라서 본 연구에서는 이러한 문제점을 해결하기 위해 변압기의 사이즈를 동일하게 할 수 있는 스위칭 방식을 제안한다. 제안된 스위칭 방식은 그림 5에 나타나있다.</p> <p>그림 5(a)는 정의 지령전압에 대한 각 변압기에 인가되는 전압을 나타내고 있다. 제안된 방식은 스텝 펄스파 방식을 사용한 스위칭 함수를 기본으로 하여 각 레벨단위에서 각 변압기에 인가되는 전압적분이 같도록 세분화하여 스위칭함수를 발생하는 것이다. 위와 같이 변압기 이용률을 동일하게 스위칭 하는 방법은 다양하게 존재할 수 있으나, 그 기본법칙은 동일하게 된다. 우선 각 레벨이 인가되는 주기 Tn를 다시 인버터의 개수에 해당되는 세분화되는 주기를 나눈다.</p> <p>\\( T_ { n m } = \\frac { T_ { n } } { N } \\)<caption>(12)</caption></p> <p>각 레벨 \\( \\mathrm { n } \\) 이 인가되는 주기 \\( \\mathrm { T } _ { n } \\) 에서 인가되는 전압의 폭이 같기 위해서는 n개의 정의 전압이 나타나도록 각 레벨에서의 스위칭 구간을 변압기의 수와 같이 나누어 교번적으로 스위칭 하게 하였다. 스위칭 교번에 있어 그 순서는 스위칭의 상태가 변화가 적은 형태를 취하게 하였다. 이러한 스위칭 신호는 스위칭 변압기의 이용률을 동일하게 함과 동시에 스위칭 주파수를 적게 할 수 있다. 그림 5(b)는 4개의 H-Bridge를 사용하여 3레벨의 전압을 발생하는 스위칭 함수의 예를 도시한 것이다. \\( N=4, n=3 \\) 임으로 레벨의 주기를 4 개의 세분화 주기로 나누고, 세분화된 주기에서 정의 전압이 인가되는 개수는 3개가 되도록 하고 스위치 상태변화가 최소가 되도록 하였다.</p>",
                "context_length": 1295,
                "summary": "변압기의 자속 차이는 변압기 및 H-Bridge의 정격 차이로 이어져, 이로 인해 변압기 및 인버터의 설계 및 제작에 어려움이 생긴다. 이를 해결하기 위해 제안된 동일한 변압기 사이즈를 유지하는 스위칭 방식은, 스텝 펄스파 기반 스위칭 함수를 이용해 각 레벨에서 변압기에 인가되는 전압적분이 동일하게 하도록 세분화한다. 그림 5와 같이, 각 레벨 \\( \\mathrm { n } \\) 에서 전압의 폭이 동일하도록 스위칭 구간을 변압기의 수만큼 나눠 교번적으로 스위칭한다.",
                "clue": [
                    {
                        "clue_text": "이러한 자속의 차이는 곧 변압기의 정격의 차이로 나타난다. 변압기의 정격이 다르게되면 변압기의 설계 시 각각의 변압기를 설계하는 문제점이 있을 뿐만 아니라 각 H-Bridge의 전류정격이 다르게 된다. 특히 H-Bridge의 전류정격이 다름으로서 인버터의 설계 및 제작시 어려움이 있다. 따라서 본 연구에서는 이러한 문제점을 해결하기 위해 변압기의 사이즈를 동일하게 할 수 있는 스위칭 방식을 제안한다. 제안된 스위칭 방식은 그림 5에 나타나있다.",
                        "clue_start": "274",
                        "clue_end": "524"
                    },
                    {
                        "clue_text": "그림 5(a)는 정의 지령전압에 대한 각 변압기에 인가되는 전압을 나타내고 있다. 제안된 방식은 스텝 펄스파 방식을 사용한 스위칭 함수를 기본으로 하여 각 레벨단위에서 각 변압기에 인가되는 전압적분이 같도록 세분화하여 스위칭함수를 발생하는 것이다. 위와 같이 변압기 이용률을 동일하게 스위칭 하는 방법은 다양하게 존재할 수 있으나, 그 기본법칙은 동일하게 된다. 우선 각 레벨이 인가되는 주기 Tn를 다시 인버터의 개수에 해당되는 세분화되는 주기를 나눈다.",
                        "clue_start": "532",
                        "clue_end": "787"
                    },
                    {
                        "clue_text": "각 레벨 \\( \\mathrm { n } \\) 이 인가되는 주기 \\( \\mathrm { T } _ { n } \\) 에서 인가되는 전압의 폭이 같기 위해서는 n개의 정의 전압이 나타나도록 각 레벨에서의 스위칭 구간을 변압기의 수와 같이 나누어 교번적으로 스위칭 하게 하였다. 스위칭 교번에 있어 그 순서는 스위칭의 상태가 변화가 적은 형태를 취하게 하였다.",
                        "clue_start": "869",
                        "clue_end": "1066"
                    }
                ],
                "terminology": [
                    {
                        "word": "H-Bridge"
                    },
                    {
                        "word": "Tn"
                    },
                    {
                        "word": "교번"
                    },
                    {
                        "word": "교번적"
                    },
                    {
                        "word": "변압기"
                    },
                    {
                        "word": "변압기 이용률"
                    },
                    {
                        "word": "스위치"
                    },
                    {
                        "word": "스위칭"
                    },
                    {
                        "word": "스위칭 구간"
                    },
                    {
                        "word": "스위칭 신호"
                    },
                    {
                        "word": "스위칭 주파수"
                    },
                    {
                        "word": "스위칭함수"
                    },
                    {
                        "word": "스텝 펄스파"
                    },
                    {
                        "word": "자속"
                    },
                    {
                        "word": "전류정격"
                    },
                    {
                        "word": "전압적분"
                    },
                    {
                        "word": "정의 전압"
                    },
                    {
                        "word": "정의 전압이"
                    },
                    {
                        "word": "주파수"
                    },
                    {
                        "word": "지령전압"
                    },
                    {
                        "word": "펄스파"
                    },
                    {
                        "word": "함수"
                    }
                ]
            },
            {
                "context_id": "55e-0c9-merge_ed_034b7f4e-565564e2-f0a2-49b9-b647-9c1c6330c3d9_03",
                "context_K-NSCC": {
                    "field": "인공물",
                    "large_category": "ED",
                    "medium_category": "99"
                },
                "context": "<p>\\( V_ { 1 } = \\frac { 4 V_ { D C } } {\\sqrt { 2 } \\pi } \\left [ \\cos \\left ( \\alpha_ { 1 } \\right ) + \\cos \\left ( \\alpha_ { 2 } \\right ) + \\cos \\left ( \\alpha_ { 3 } \\right ) + \\cos \\left ( \\alpha_ { 4 } \\right ) \\right ] \\)<caption>(3)</caption></p> <p>\\( V_ { h } = \\sqrt {\\sum_ { n=3,5,7 \\ldots } ^ {\\infty } b_ { n } { } ^ { 2 } } \\)<caption>(4)</caption></p> <p>기본파 성분과 그 외 파형간의 모양의 근접도를 나타내는 수단인 전 고조파왜율(total harmonic distortion)은 다음 식과 같이 정의된다.</p> <p>\\( \\begin {aligned} T H D &= \\frac { 1 } { V_ { 1 } } \\sqrt {\\sum_ { n=3,5,7 \\ldots } ^ {\\infty } V_ { n } { } ^ { 2 } } \\\\ &= \\sqrt {\\left ( \\frac { V_ { 0 } } { V_ { 1 } } \\right ) ^ { 2 } -1 } \\end {aligned} \\)<caption>(5)</caption></p> <p>식 (5)의 정의 식으로부터 THD를 구하면 다음과 같다.</p> <p>\\( T= \\sqrt {\\frac {\\pi } { 4 } \\cdot \\frac { 8 \\pi- \\alpha_ { 1 } -3 \\alpha_ { 2 } -5 \\alpha_ { 3 } -7 \\alpha_ { 4 } } {\\cos \\left ( \\alpha_ { 1 } \\right ) + \\cos \\left ( \\alpha_ { 2 } \\right ) + \\cos \\left ( \\alpha_ { 3 } \\right ) + \\cos \\left ( \\alpha_ { 4 } \\right ) } -1 } \\)<caption>(6)</caption></p> <h2>2.2 EA method HBML 인버터의 스위칭함수</h2> <p>그림 3는 각 인버터의 도통각을 결정하는 스위칭 함수의 발생을 위한 기본 개념도이다. 각 레벨의 전압과 정현적인 지령전압과의 교점은 다음과 같다.</p> <p>\\( \\theta_ { n } = \\sin ^ { -1 } \\left ( \\frac { n V_ { D C } } { V_ { p } } \\right ) \\)<caption>(7)</caption></p>",
                "context_length": 1299,
                "summary": "EA method HBML 인버터의 스위칭함수를 구하고자 기본파 성분과 그 외 파형간의 모양의 근접도를 나타내는 전 고조파왜율(THD)을 식 (5)로 정의했다. 식 (6)로 THD를 구할 수 있고, 각 레벨의 전압과 정현적인 지령전압과의 교점은 식 (7)로 구할 수 있다.",
                "clue": [
                    {
                        "clue_text": "기본파 성분과 그 외 파형간의 모양의 근접도를 나타내는 수단인 전 고조파왜율(total harmonic distortion)은 다음 식과 같이 정의된다.",
                        "clue_start": "371",
                        "clue_end": "456"
                    },
                    {
                        "clue_text": "그림 3는 각 인버터의 도통각을 결정하는 스위칭 함수의 발생을 위한 기본 개념도이다.",
                        "clue_start": "1096",
                        "clue_end": "1143"
                    },
                    {
                        "clue_text": "각 레벨의 전압과 정현적인 지령전압과의 교점은 다음과 같다.",
                        "clue_start": "1144",
                        "clue_end": "1177"
                    }
                ],
                "terminology": [
                    {
                        "word": "HBML"
                    },
                    {
                        "word": "HBML 인버터"
                    },
                    {
                        "word": "THD"
                    },
                    {
                        "word": "distortion"
                    },
                    {
                        "word": "harmonic"
                    },
                    {
                        "word": "harmonic distortion"
                    },
                    {
                        "word": "total harmonic distortion"
                    },
                    {
                        "word": "고조파왜율"
                    },
                    {
                        "word": "근접도"
                    },
                    {
                        "word": "도통각"
                    },
                    {
                        "word": "스위칭"
                    },
                    {
                        "word": "스위칭함수"
                    },
                    {
                        "word": "정현적인"
                    },
                    {
                        "word": "함수"
                    }
                ]
            },
            {
                "context_id": "55e-0c9-merge_ed_034b7f4e-565564e2-f0a2-49b9-b647-9c1c6330c3d9_04",
                "context_K-NSCC": {
                    "field": "인공물",
                    "large_category": "ED",
                    "medium_category": "99"
                },
                "context": "<p>만일 식 (7)을 만족을 만족하는 n번째의 교점이 존재하면 인버터의 도통각은 아래 수식으로 결정된다.</p> <p>\\( \\alpha_ { n } = \\theta_ { n } - \\frac { 1 } { V_ { D C } } \\int_ {\\theta_ { n-1 } } ^ {\\theta_ { n } } \\left (V_ { P } \\sin ( \\theta)-n V_ { d c } \\right ) d \\theta \\) 단, \\( \\theta_ { 0 } =0 \\)<caption>(8)</caption></p> <p>만일 식 (7)이 만족하지 않는다면 n번째 인버터의 도통각은 아래 수식으로 결정된다.</p> <p>\\( \\alpha_ { n } = \\frac {\\pi } { 2 } - \\frac { 1 } { 2 V_ { D C } } \\int_ {\\theta_ { n-1 } } ^ {\\pi- \\theta_ { n-1 } } \\left (V_ { P } \\sin ( \\theta)-n V_ { d c } \\right ) d \\theta \\)<caption>(9)</caption></p> <h2>2.3 변압기와 결합된 HBML 인버터의 스위칭함수</h2> <p>HBML의 최대 단점은 독립된 dc-link 전원을 공급해야만 한다는 것이다. 또한 그림 2와 같이 4개의 H-Bridge 인버터를 사용한 HBML 방식에서는 출력전압의 순시 최대치가 전원전압(VDC)의 4배를 초과할 수 없다. 이러한 조건은 낮은 전원전압을 사용하여 높은 출력전압의 발생이 필요로 하는 장치에는 별도의 승압용 전원장치가 부가적으로 필요하게 된다. 이러한 문제점을 해결하기 위해 HBML 인버터와 변압기를 결합한 방식의 인버터를 구성하였다. 4개의 H-Bridge 인버터와 변압기를 사용한 다중 레벨 PWM 인버터의 구성을 그림 4에 나타내었다. 그림 4의 다중레벨 인버터는 4개의 H-Bridge 모듈을 직류전원과 병렬로 연결하였고, 2차 측은 직렬로 결합된 4개의 변압기를 가진다. 그러므로 인버터의 출력전압은 직류전원전압과 변압기의 권수비(N) 로 표현될 수 있다. 그림 4와 같은 다중레벨 인버터는 변압기를 사용함으로 기존의 HBML 인버터와 달리 전원전압과 출력전압의 분리가 되는 절연형 HBML 인버터가 되는 장점이 있다.</p> <p>그림 4와 같은 변압기를 사용한 다중레벨 인버터에서 그림 2와 같은 기본주파수당 한번만을 스위칭을 하는 스텝 펄스파 방식을 사용한 스위칭 함수를 사용할 경우 각 변압기 1차측에 인가되는 전압의 폭이 다르게 된다. 따라서 각 변압기 자속의 크기는 각 인버터의 스위칭함수의 다르게 된다. 만일 정현적인 지령전압의 최대치인 Vp가 다중레벨의 최대치와 같다면 다음 수식이 성립한다.</p>",
                "context_length": 1352,
                "summary": "해당 본문은 HBML 인버터와 그의 단점에 관한 내용을 다루며, 이를 보완하는 새로운 인버터 구성에 대해 설명하고 있다. 첫 번째 부분에서는 특정 조건을 만족하면 식(7)에 따라 인버터의 도통각이 결정되며, 만족하지 않는 경우 다른 수식에 따라 결정된다는 것을 말한다. HBML의 가장 큰 단점은 독립된 dc-link 전원 공급이 필수적이라는 점을 언급한다. 그림 2에서 보여주듯, 4개의 H-Bridge 인버터를 사용한 HBML 방식에서는 출력전압의 순시 최대치가 전원전압(VDC)의 4배를 초과할 수 없다는 제약이 있다. 이러한 문제를 해결하기 위해, HBML 인버터와 변압기를 결합한 새로운 방식의 인버터를 구성하였다.",
                "clue": [
                    {
                        "clue_text": "만일 식 (7)을 만족을 만족하는 n번째의 교점이 존재하면 인버터의 도통각은 아래 수식으로 결정된다.",
                        "clue_start": "3",
                        "clue_end": "59"
                    },
                    {
                        "clue_text": "만일 식 (7)이 만족하지 않는다면 n번째 인버터의 도통각은 아래 수식으로 결정된다.",
                        "clue_start": "293",
                        "clue_end": "340"
                    },
                    {
                        "clue_text": "HBML의 최대 단점은 독립된 dc-link 전원을 공급해야만 한다는 것이다.",
                        "clue_start": "600",
                        "clue_end": "643"
                    },
                    {
                        "clue_text": "또한 그림 2와 같이 4개의 H-Bridge 인버터를 사용한 HBML 방식에서는 출력전압의 순시 최대치가 전원전압(VDC)의 4배를 초과할 수 없다.",
                        "clue_start": "644",
                        "clue_end": "727"
                    },
                    {
                        "clue_text": "이러한 문제점을 해결하기 위해 HBML 인버터와 변압기를 결합한 방식의 인버터를 구성하였다.",
                        "clue_start": "804",
                        "clue_end": "855"
                    }
                ],
                "terminology": [
                    {
                        "word": "H-Bridge"
                    },
                    {
                        "word": "H-Bridge 모듈"
                    },
                    {
                        "word": "H-Bridge 인버터"
                    },
                    {
                        "word": "HBML"
                    },
                    {
                        "word": "HBML 인버터"
                    },
                    {
                        "word": "PWM"
                    },
                    {
                        "word": "PWM 인버터"
                    },
                    {
                        "word": "VDC"
                    },
                    {
                        "word": "Vp"
                    },
                    {
                        "word": "dc-link"
                    },
                    {
                        "word": "권수비"
                    },
                    {
                        "word": "다중레벨"
                    },
                    {
                        "word": "다중레벨 인버터"
                    },
                    {
                        "word": "도통각"
                    },
                    {
                        "word": "변압기"
                    },
                    {
                        "word": "순시"
                    },
                    {
                        "word": "스위칭"
                    },
                    {
                        "word": "스위칭함수"
                    },
                    {
                        "word": "스텝 펄스파"
                    },
                    {
                        "word": "인버터의 출력전압"
                    },
                    {
                        "word": "자속"
                    },
                    {
                        "word": "전원전압"
                    },
                    {
                        "word": "절연형 HBML 인버터"
                    },
                    {
                        "word": "정현적인"
                    },
                    {
                        "word": "지령전압"
                    },
                    {
                        "word": "직렬"
                    },
                    {
                        "word": "출력전압"
                    },
                    {
                        "word": "펄스파"
                    },
                    {
                        "word": "함수"
                    }
                ]
            },
            {
                "context_id": "55e-0c9-merge_ed_034b7f4e-565564e2-f0a2-49b9-b647-9c1c6330c3d9_01",
                "context_K-NSCC": {
                    "field": "인공물",
                    "large_category": "ED",
                    "medium_category": "99"
                },
                "context": "<h1>2. 다중전압발생을 위한 새로운 인버터</h1> <h2>2.1 스텝 펄스파형 HBML 인버터의 구조와 특성</h2> <p>다중레벨용 인버터에는 DCML 인버터, CCML 인버터, HBMI, 인버터 등 다양한 종류의 다중레벨 인버터가 있다. 그 중에서 단상용 다중레벨 인버터로 일반적으로 사용되는 것은 HBML 인버터이다. HBML 인버터는 저압 H-bridge를 직렬로 연결되며 독립된 dc-link를 갖는 단위 cell로 구성된다. 그림 1은 4개의 H-bridge 인버터를 직렬로 연결하여 9레벨을 발생할 수 있는 HBML 타입의 다중레벨인버터의 구성과 그 동작원리를 나타내고 있다.</p> <p>각 H-bridge 인버터는 스위칭함수에 따라 영 전압 및 정, 부의 dc-link 전압을 발생할 수 있으며, 최종 출력전압 \\( \\mathrm { V } _ { 0 } \\) 는 직렬로 연결된 각 H-bridge 인버터의 출력전압의 합이 된다. 그림에서 나타낸 스위칭 함수는 일반적으로 사용되는 스위칭함수에 의해 나타난 각 인버터의 출력과 직렬로 연결된 최종출력전압이다.</p> <p>그림 2는 4개의 H-bridge 인버터를 직렬로 연결하여 9레벨을 발생할 수 있는 HBML 타입의 다중레벨인 버터의 구성과 이를 이용하여 정현적인 출력전압을 발생하기 위한 동작원리를 나타내고 있다. H-Bridge 다중레벨 인버터에서 최상위레벨을 발생하는 스위칭 함수는 유일하게 존재하나, 그 밑의 레벨들은 다양한 스위칭 함수로 구현할 수 있다. 그러나 변압기를 사용하지 않은 다중레벨 인버터에서는 그림 2(b)와 같이 기본주파수당 한번만을 스위칭을 하는 스텝 펄스파 방식을 사용한 스위칭 함수를 나타내고 있다. 그림 2(b)는 9개의 출력레벨을 갖는 HBML 인버터의 각 인버터의 출력전압과 그 때의 최종 출력전압을 나타내고 있다. 그림에서 보는바와 같이 각 인버터에서 출력을 제어할 수 있는 제어요소는 노통각(a)이다. 따라서 줄력전압을 제어할 수 있는 요소는 각 인버터의 도통각인 \\( a_ { 1 } , a_ { 2 } \\), \\( \\mathrm { a } _ { 3 } , \\mathrm { a } _ { 4 } \\) 가 된다.</p> <p>각 인버터의 도통각인 \\( a_ { 1 } , a_ { 2 } , a_ { 3 } , a_ { 1 } \\) 에 따라 출력전압의 실효치는 식 (1)과 같이 주어진다.</p> <p>\\( V_ { o } = V_ { D C } \\sqrt {\\frac { 2 } {\\pi } \\left (8 \\pi- \\alpha_ { 1 } -3 \\alpha_ { 2 } -5 \\alpha_ { 3 } -7 \\alpha_ { 4 } \\right ) } \\)<caption>(1)</caption></p>",
                "context_length": 1356,
                "summary": "다중레벨용 인버터에는 DCML, HBMI 등의 인버터가 있으며, HBML 인버터는 저압 H-bridge를 연결, 독립된 dc-link를 갖는 단위 cell로 구성된다. H-bridge 인버터는 dc-link 전압을 발생할 수 있으며, 출력전압의 실효치는 식 \\( V_ { o } = V_ { D C } \\sqrt {\\frac { 2 } {\\pi } \\left (8 \\pi- \\alpha_ { 1 } -3 \\alpha_ { 2 } -5 \\alpha_ { 3 } -7 \\alpha_ { 4 } \\right ) } \\) 과 같이 주어진다.",
                "clue": [
                    {
                        "clue_text": "다중레벨용 인버터에는 DCML 인버터, CCML 인버터, HBMI, 인버터 등 다양한 종류의 다중레벨 인버터가 있다.",
                        "clue_start": "72",
                        "clue_end": "137"
                    },
                    {
                        "clue_text": "HBML 인버터는 저압 H-bridge를 직렬로 연결되며 독립된 dc-link를 갖는 단위 cell로 구성된다.",
                        "clue_start": "184",
                        "clue_end": "246"
                    },
                    {
                        "clue_text": "각 H-bridge 인버터는 스위칭함수에 따라 영 전압 및 정, 부의 dc-link 전압을 발생할 수 있으며, 최종 출력전압 \\( \\mathrm { V } _ { 0 } \\) 는 직렬로 연결된 각 H-bridge 인버터의 출력전압의 합이 된다.",
                        "clue_start": "340",
                        "clue_end": "476"
                    },
                    {
                        "clue_text": "H-Bridge 다중레벨 인버터에서 최상위레벨을 발생하는 스위칭 함수는 유일하게 존재하나, 그 밑의 레벨들은 다양한 스위칭 함수로 구현할 수 있다.",
                        "clue_start": "667",
                        "clue_end": "749"
                    },
                    {
                        "clue_text": "그러나 변압기를 사용하지 않은 다중레벨 인버터에서는 그림 2(b)와 같이 기본주파수당 한번만을 스위칭을 하는 스텝 펄스파 방식을 사용한 스위칭 함수를 나타내고 있다.",
                        "clue_start": "750",
                        "clue_end": "842"
                    }
                ],
                "terminology": [
                    {
                        "word": "CCML"
                    },
                    {
                        "word": "CCML 인버터"
                    },
                    {
                        "word": "DCML"
                    },
                    {
                        "word": "DCML 인버터"
                    },
                    {
                        "word": "H-bridge"
                    },
                    {
                        "word": "H-bridge 인버터"
                    },
                    {
                        "word": "HBML"
                    },
                    {
                        "word": "HBML 인버터"
                    },
                    {
                        "word": "cell"
                    },
                    {
                        "word": "dc-link"
                    },
                    {
                        "word": "dc-link 전압"
                    },
                    {
                        "word": "다중레벨"
                    },
                    {
                        "word": "다중레벨인버터"
                    },
                    {
                        "word": "단상용"
                    },
                    {
                        "word": "단상용 다중레벨 인버터"
                    },
                    {
                        "word": "단위 cell"
                    },
                    {
                        "word": "변압기"
                    },
                    {
                        "word": "스위칭"
                    },
                    {
                        "word": "스위칭함수"
                    },
                    {
                        "word": "스텝 펄스파"
                    },
                    {
                        "word": "스텝 펄스파형 HBML 인버터"
                    },
                    {
                        "word": "실효치"
                    },
                    {
                        "word": "영 전압"
                    },
                    {
                        "word": "인버터의 출력전압"
                    },
                    {
                        "word": "저압 H-bridge"
                    },
                    {
                        "word": "정현적인"
                    },
                    {
                        "word": "제어요소"
                    },
                    {
                        "word": "직렬"
                    },
                    {
                        "word": "출력전압"
                    },
                    {
                        "word": "펄스파"
                    },
                    {
                        "word": "펄스파형"
                    },
                    {
                        "word": "함수"
                    }
                ]
            },
            {
                "context_id": "55e-0c9-merge_ed_034b7f4e-565564e2-f0a2-49b9-b647-9c1c6330c3d9_02",
                "context_K-NSCC": {
                    "field": "인공물",
                    "large_category": "ED",
                    "medium_category": "99"
                },
                "context": "<p>식 (1)에서 원하는 실효치를 만족하는 도통각 \\( a_ { 1 } , a_ { 2 } \\), \\( a_ { 3 } , a_ { 4 } \\) 의 해는 유일하지 않고, 수없이 많이 존재할 수 있다. 따라서 동일한 실효치를 발생하면서 고조파 성분을 줄일 수 있는 도통각 결정이 필요하다. 각 인버터의 도통각인 \\( a_ { 1 } , a_ { 2 } , a_ { 3 } , a_ { 4 } \\) 에 따라 출력전압의 기본파 성분 및 고조파 성분을 분석하기 위해서 푸리에 급수의 전개가 필수적이며, 그림 \\( 1( \\mathrm { ~b } ) \\) 의 파형을 보면 최종 출력전압 파형은 기함 수임으로 푸리에 급수의 계수는 식 (2)와 같다.</p> <p>\\( b_ { n } = \\frac { 4 } {\\pi } \\left [ \\int_ {\\alpha_ { 1 } } ^ {\\alpha_ { 2 } } V_ { D C } \\sin (n \\theta) d \\theta + \\int_ { a_ { 2 } } ^ { a_ { 3 } } 2 V_ { D C } \\sin (n \\theta) d \\theta \\right . \\) \\( \\left . \\quad + \\int_ { a_ { 3 } } ^ { a_ { 4 } } 3 V_ { D C } \\sin (n \\theta) d \\theta + \\int_ { a_ { 4 } } ^ {\\frac {\\pi } { 2 } } 4 V_ { D C } \\sin (n \\theta) d \\theta \\right ] \\) \\( = \\frac { 4 V_ { D C } } { n \\pi } \\left [ \\cos \\left (n \\alpha_ { 1 } \\right ) + \\cos \\left (n \\alpha_ { 2 } \\right ) + \\cos \\left (n \\alpha_ { 3 } \\right ) + \\cos \\left (n \\alpha_ { 4 } \\right ) \\right ] \\)<caption>(2)</caption></p> <p>식 (2)의 푸리에 급수에서 기본파 성분의 크기가 크며, 고조파성분의 크기가 적을 수 있도록 각 인버터의 도통각인 \\( a_ { 1 } , a_ { 2 } , a_ { 3 } , a_ { 4 } \\) 를 결정하여야 한다. 식 (2)으로부터 기본파 성분의 실효치 및 고조파성분의 실효치는 식 (3) 및 식 (4)과 같이 주어진다.</p>",
                "context_length": 1185,
                "summary": "식 (1)에서 도통각 \\( a_ { 1 } , a_ { 2 } \\), \\( a_ { 3 } , a_ { 4 } \\) 의 해는 여러 개 존재할 수 있으며, 유일하지 않다. 따라서 동일한 실효치를 갖고 동시에 고조파 성분을 최소화하기 위해 도통각을 결정해야 한다.",
                "clue": [
                    {
                        "clue_text": "식 (1)에서 원하는 실효치를 만족하는 도통각 \\( a_ { 1 } , a_ { 2 } \\), \\( a_ { 3 } , a_ { 4 } \\) 의 해는 유일하지 않고, 수없이 많이 존재할 수 있다.",
                        "clue_start": "3",
                        "clue_end": "112"
                    },
                    {
                        "clue_text": "따라서 동일한 실효치를 발생하면서 고조파 성분을 줄일 수 있는 도통각 결정이 필요하다.",
                        "clue_start": "113",
                        "clue_end": "161"
                    }
                ],
                "terminology": [
                    {
                        "word": "고조파"
                    },
                    {
                        "word": "고조파성분"
                    },
                    {
                        "word": "도통각"
                    },
                    {
                        "word": "실효치"
                    },
                    {
                        "word": "인버터"
                    },
                    {
                        "word": "전개"
                    },
                    {
                        "word": "출력전압"
                    },
                    {
                        "word": "파형"
                    },
                    {
                        "word": "푸리에 급수"
                    }
                ]
            },
            {
                "context_id": "55e-0c9-merge_ed_034b7f4e-565564e2-f0a2-49b9-b647-9c1c6330c3d9_00",
                "context_K-NSCC": {
                    "field": "인공물",
                    "large_category": "ED",
                    "medium_category": "03"
                },
                "context": "<h1>요약</h1> <p>본 논문에서는 캐스케이드 변압기를 이용하는 멀티레벨 인버터의 변압기 크기를 동일화시키기 위한 효과적인 스위칭 패턴을 제안한다. 제안된 스위칭 방식은 기존의 SHEPWM 스위칭 방식을 기초로 하여 각 변압기에 인가되는 최대 자속을 동일하게 함으로서 캐스케이드 변압기의 위치에 상관없이 동일한 설계가 가능하다. 따라서 동일한 풀-브리지 모듈의 이용이 가능하고, 모듈화 특성을 개선시키며, 제작의 용이성을 패할 수 있다. 제안된 스위칭 기법의 기본 아이디어를 이론적으로 분석하며, 타당성을 실험을 통하여 입증한다.</p> <h1>1. 서 론</h1> <p>인간생활의 질적 향상을 위한 기기의 보급이 확대됨에 따라 양질의 전원에 대한 필요성이 증대되고 있다. PWM 인버터는 출력전압과 주파수를 동시에 제어할 수 있는 장점을 가지고 있어 여러 산업분야에서 크게 각광을 받고 있다. 그러나 인버터의 출력 파형에는 기본파 성분 외에 고조파 성분이 함유되어 있어 전자유도 장해, 각종 계전기들의 오동작, 전동기 소음 및 토크 맥동 등의 원인이 되고 있다. 최근 이러한 원인들을 제거하기 위해서 인버터 자체에서 발생되는 고조파성분을 최대한 억제하려는 시도가 이루어지고 있다. 이러한 시도 중에서 대표적인 것이 다중레벨 인버터이다. 다중레벨 인버터는 고조파성분 감소와 높은 전압 정격을 실현할 수 있는 큰 장점을 갖고 있다. 또한 다중래벨 인버터는 전압의 레벨 수가 증가함에 따라 적은 고조파성분과 낮은 동작주파수 및 낮은 dv/dt를 갖는다. 이러한 특성은 기존의 PWM기법 인버터의 단점을 긱복할 수 있는 대안으로 산업체의 적용이 활발해지고 있다. 다중레벨 인버터의 토폴로지는 크게 diode clamped multi-level(DCML) 인버터, capacitor clamped multi-level(CCML) 인버터, H-bridge type multi-level(HBML) 인버터로 분류된다. 이 중에서 HBML은 직류링크전압의 불균형의 문제가 발생하지 않고, 가장 적은 수의 소자를 갖고 다중레벨인버터의 확장이 용이한 장점이 있다. 그러나 변압기를 사용하지 않은 HBML인버터는 H-Bridge 인버터의 수와 동일한 수의 독립된 직류전원이 필요한 단점과 각 독립전원의 합보다 높은 출력전압을 발생할 수 없는 단점이 있다. 이러한 단점을 개선하여 한 개의 직류전원으로 구동하기 위해서는 H-Bridge 인버터와 승압형 변압기 조합에 의한 다중레벨 인버터로 구성하여야 한다. 또한 변압기와 결합된 HBML 인버터시스템에서는 상이한 변압기 정격으로 인하여 크기가 다른 변압기를 설계하여 사용하여야하는 단점이 있다. 따라서 본 연구에서는 단상 인버터에서 출력고조파 성분을 억제하기 위한 한 방법으로 변압기 조합에 의한 새로운 스위칭 방식으로 동일한 변압기를 사용할 수 있는 다중 레벨인버터를 제안한다. 제안된 HBML 시스템의 구조는 다수의 H-Bridge 인버터를 직류전원에 대하여 병렬로 구성하였으며, 그와 동일한 수의 변압기의 2차측을 직렬로 구성하여 인버터와 출력의 절연을 확보하였다. 또한 변압기의 이용률을 동일하게 할 수 있는 스위칭 방식으로 각 변압기의 용량을 동일하게 하였다. 제안된 전력회로의 타당성을 입증하기 위해 입력 \\( 12[ \\mathrm { V } ] \\) 직류전원에서 \\( 110[ \\mathrm { V } ] \\) 교류전원을 발생시킬 수있는 인버터에 대하여 실험을 행하였다.</p>",
                "context_length": 1694,
                "summary": "본 연구는 캐스케이드 변압기를 활용한 멀티레벨 인버터에서 변압기 크기 동일화를 위한 새로운 스위칭 패턴을 제시한다. 이 방법은 기존의 SHEPWM 스위칭에 기초하되, 각 변압기에 적용되는 최대 자속을 동일하게 유지함으로써 캐스케이드 변압기 위치에 구애받지 않고 동일한 설계가 가능하도록 한다. 이에 더해, 다중레벨 인버터는 고조파성분 감소 및 높은 전압 등급을 실현할 수 있는 큰 장점을 가지고 있다. 인버터의 토폴로지는 주로 다이오드 클램프(DCML), 캐패시터 클램프(CCML), H-브리지(HBML) 형식으로 분류되며, 제안된 HBML 시스템은 여러 H-브리지 인버터를 직렬로 연결하고, 동일한 수의 변압기를 병렬로 연결하여 인버터와 출력 사이의 절연을 확보한다.",
                "clue": [
                    {
                        "clue_text": "본 논문에서는 캐스케이드 변압기를 이용하는 멀티레벨 인버터의 변압기 크기를 동일화시키기 위한 효과적인 스위칭 패턴을 제안한다.",
                        "clue_start": "15",
                        "clue_end": "85"
                    },
                    {
                        "clue_text": "제안된 스위칭 방식은 기존의 SHEPWM 스위칭 방식을 기초로 하여 각 변압기에 인가되는 최대 자속을 동일하게 함으로서 캐스케이드 변압기의 위치에 상관없이 동일한 설계가 가능하다.",
                        "clue_start": "86",
                        "clue_end": "186"
                    },
                    {
                        "clue_text": "다중레벨 인버터는 고조파성분 감소와 높은 전압 정격을 실현할 수 있는 큰 장점을 갖고 있다.",
                        "clue_start": "640",
                        "clue_end": "691"
                    },
                    {
                        "clue_text": "다중레벨 인버터의 토폴로지는 크게 diode clamped multi-level(DCML) 인버터, capacitor clamped multi-level(CCML) 인버터, H-bridge type multi-level(HBML) 인버터로 분류된다.",
                        "clue_start": "819",
                        "clue_end": "958"
                    },
                    {
                        "clue_text": "제안된 HBML 시스템의 구조는 다수의 H-Bridge 인버터를 직류전원에 대하여 병렬로 구성하였으며, 그와 동일한 수의 변압기의 2차측을 직렬로 구성하여 인버터와 출력의 절연을 확보하였다.",
                        "clue_start": "1409",
                        "clue_end": "1515"
                    }
                ],
                "terminology": [
                    {
                        "word": "H-Bridge 인버터"
                    },
                    {
                        "word": "HBML 시스템"
                    },
                    {
                        "word": "PWM"
                    },
                    {
                        "word": "PWM 인버터"
                    },
                    {
                        "word": "PWM기법"
                    },
                    {
                        "word": "PWM기법 인버터"
                    },
                    {
                        "word": "SHEPWM"
                    },
                    {
                        "word": "diode"
                    },
                    {
                        "word": "diode clamped"
                    },
                    {
                        "word": "dv/dt"
                    },
                    {
                        "word": "고조파"
                    },
                    {
                        "word": "고조파성분"
                    },
                    {
                        "word": "교류전원"
                    },
                    {
                        "word": "다중레벨"
                    },
                    {
                        "word": "다중레벨인버터"
                    },
                    {
                        "word": "단상 인버터"
                    },
                    {
                        "word": "독립전원"
                    },
                    {
                        "word": "동작주파수"
                    },
                    {
                        "word": "맥동"
                    },
                    {
                        "word": "멀티레벨"
                    },
                    {
                        "word": "멀티레벨 인버터"
                    },
                    {
                        "word": "모듈화"
                    },
                    {
                        "word": "변압기"
                    },
                    {
                        "word": "스위칭"
                    },
                    {
                        "word": "스위칭 기법"
                    },
                    {
                        "word": "스위칭 패턴"
                    },
                    {
                        "word": "승압형"
                    },
                    {
                        "word": "승압형 변압기"
                    },
                    {
                        "word": "인버터시스템"
                    },
                    {
                        "word": "인버터의 출력"
                    },
                    {
                        "word": "자속"
                    },
                    {
                        "word": "전동기"
                    },
                    {
                        "word": "전력회로"
                    },
                    {
                        "word": "전압 정격"
                    },
                    {
                        "word": "전자유도"
                    },
                    {
                        "word": "주파수"
                    },
                    {
                        "word": "직렬"
                    },
                    {
                        "word": "직류링크전압"
                    },
                    {
                        "word": "직류전원"
                    },
                    {
                        "word": "출력고조파"
                    },
                    {
                        "word": "출력전압"
                    },
                    {
                        "word": "캐스케이드"
                    },
                    {
                        "word": "토크 맥동"
                    },
                    {
                        "word": "토폴로지"
                    },
                    {
                        "word": "파형"
                    },
                    {
                        "word": "풀-브리지"
                    },
                    {
                        "word": "풀-브리지 모듈"
                    }
                ]
            }
        ]
    }
}