{
    "dataset_info": {
        "identifier": "02-031-002-NL",
        "name": "기술과학 문서 요약 데이터",
        "category": "자연어",
        "last_updated": "2023-08-30"
    },
    "dataset": {
        "doc_id": "034b7f4e-1d160951-d18d-497d-82f0-59b5f48300e3",
        "doc_type": "논문",
        "doc_title": {
            "kor": "PWM 방식에 따른 계통연계 양방향 인버터의 손실양상 비교 및 분석",
            "eng": ""
        },
        "doc_category": {
            "KDC": "560.5",
            "DDC": ""
        },
        "doc_number": {
            "ISSN": "1229-2214",
            "ISBN": "",
            "DOI": "",
            "UCI": ""
        },
        "doc_year": "2017",
        "doc_author": [
            "허성준",
            "안효민",
            "변종은",
            "이병국"
        ],
        "doc_publisher": "전력전자학회",
        "doc_license": "CC BY-NC",
        "context_info": [
            {
                "context_id": "55e-0c9-db0095f4-e385-4806-8a59-b9897aa76895",
                "context_K-NSCC": {
                    "field": "인공물",
                    "large_category": "ED",
                    "medium_category": "11"
                },
                "context": "<h1>4. 이론적 손실 분석</h1> <h2>4.1 IGBT & 다이오드 손실분석</h2> <p>시스템을 구성하기 위한 전력 반도체 스위치로 절연 게이트 양극성 트랜지스터 (Insulated gate bipolar transistor; IGBT)를 선정하였다. IGBT에서 발생하는 손실 요인으로는 크게 스위칭 손실, 도통 손실이 있다. 스 위칭 손실은 수식 (4)-(6)을 통해 계산할 수 있다. DPWM 기법은 수식 (4)-(6)에 추가로 비스위칭 구간을 고려하여 계산한다. 아래 수식에서 \\( P_{\\text {cond. }} \\)은 IGBT 도통 손실, \\( P_{o n} \\)와 \\( P_{o f f} \\) 은 온/오프 손실, \\( T \\)는 스위칭 주기, \\( I_{\\text {nom. }} \\)과 \\( V_{\\text {nom. }} \\)는 컬렉터 전류와 컬렉터-에미터 전압이다.</p> <p>\\( P_{\\text {avg.IGBT }} =P_{\\text {cond. }}+P_{\\text {on }}+P_{\\text {off }} \\)<caption>(4)</caption></p> <p>\\( P_{\\text {avg.cond. }} =\\frac{1}{T} \\int_{0}^{T}\\left[V_{C E}(t) \\cdot I_{C E}(t)\\right] d t \\)<caption>(5)</caption></p> <p>\\(P_{\\text {sw.IGBT }} =\\frac{\\left(E_{\\text {on }}+E_{\\text {off }}\\right) \\cdot I_{\\text {peak }} \\cdot f_{s w} \\cdot V_{D C}}{\\pi \\cdot I_{\\text {nom. }} \\cdot V_{\\text {nom. }}} \\)<caption>(6)</caption></p> <p>다이오드 손실은 크게 도통 손실과 역회복 손실로 구분할 수 있다. 도통 손실은 다이오드가 순방향 도통 중 발생하는 손실이고, 역회복 손실은 턴온 동작과 턴오프 동작으로 인한 손실이며 스위칭 주파수에 따라 반복적으로 발생하기 때문에 스위칭 손실이라고 말할 수 있다. 손실계산을 위한 수식은 (7)-(9)와 같다. 여기서 \\( R_{D} \\) 값은 다이오드의 온 상태 저항이다.</p> <p>\\( P_{\\text {avg.Diode }} =P_{\\text {cond.Diode }}+P_{\\text {rec.Diode }} \\)<caption>(7)</caption></p> <p>\\( P_{\\text {cond.Diode }} =V_{T H} \\cdot I_{F, \\text { avg }}+R_{D} \\cdot I_{F, \\mathrm{~s}}^{2} \\)<caption>(8)</caption></p> <p>\\( P_{\\text {rec.Diode }} =\\frac{\\left(E_{\\text {rec }} \\cdot V_{d c} \\cdot I_{\\text {peak }} \\cdot f_{s w}\\right)}{\\left(\\pi \\cdot I_{\\text {nom }} \\cdot V_{\\text {nom }}\\right)} \\)<caption>(9)</caption></p> <p>부하가 증가함에 따라 상전류의 크기도 증가하기 때문에 손실은 증가할 것이다. DC 링크 전압을 크게 갖는 SPWM은 손실이 가장 크게 발생할 것이며, Min-max PWM은 SPWM보다 작은 손실 값을 갖는다.</p> <p>DPWM은 최대 전압 혹은 전류 크기를 갖는 구간에서 스위칭을 하지 않기 때문에 가장 낮은 손실이 나타난다. 같은 DC 링크 전압에서 SPWM과 Min-max PWM은 비슷한 계통 전류 품질 값을 갖는다. 하지만 본 논문에서 동일한 조건의 분석을 위해 계산된 SPWM의 DC링크 전압 크기가 Min-max PWM 보다 더 크기 때문에 필터로 동작하는 인덕터 양단에 인가되는 전압이 증가하게 된다. 이로 인해 전류의 변화율이 더 크게 나타나고 SPWM이 Min-max PWM 보다 더 높은 계통 전류 고조파 함유율을 갖게 된다. DPWM은 비스위칭 구간동안 IGBT가 스위칭을 하지 않기 때문에 전류왜곡이 다른 기법에 비해 상대적으로 많아진다. 때문에 계통 전류 품질이 가잦 낮게 나타날 것이다.</p> <h2>필터 손실</h2> <p>필터에서 발생하는 손실은 크게 동손과 철손이 있다. 필터의 손실은 구리선과 코어의 상수를 계산 후 상전류와 전류 리플의 크기를 수식 (10)-(12)을 이용하여 계산한다.</p> <p>\\( R=\\rho \\cdot \\frac{l}{A} \\)<caption>(10)</caption></p> <p>\\( P_{\\text {Copper.loss }}=i^{2} \\cdot R \\)<caption>(11)</caption></p> <p>\\( P_{\\text {Coreloss }}=\\frac{P\\left[\\mathrm{~mW} / \\mathrm{cm}^{3}\\right] \\cdot V\\left[\\mathrm{~cm}^{3}\\right]}{1000} [W] \\)<caption>(12)</caption></p> <p>여기서 동손의 \\( \\rho \\) 는 구리의 비저항, \\( l \\) 은 동선의 길이, \\( A \\) 는 동선의 유효면적을 말하며, 수식 (12)는 코어의 단위부피당 전력손실을 전체 부피와의 관계를 통하여 계산가능하며 전류의 리플은 연속적인 크기를 갖고 변화하기 때문에 주기동안 리플 값들의 평균을 적용하였다.</p>",
                "context_length": 2678,
                "summary": "IGBT에서 발생하는 손실 요인으로는 스위칭 손실, 도통 손실이 있으며, 스위칭 손실은\\( P_{\\text {avg.IGBT }} =P_{\\text {cond. }}+P_{\\text {on }}+P_{\\text {off }} \\)\\( P_{\\text {avg.cond. }} =\\frac{1}{T} \\int_{0}^{T}\\left[V_{C E}(t) \\cdot I_{C E}(t)\\right] d t \\)\\(P_{\\text {sw.IGBT }} =\\frac{\\left(E_{\\text {on }}+E_{\\text {off }}\\right) \\cdot I_{\\text {peak }} \\cdot f_{s w} \\cdot V_{D C}}{\\pi \\cdot I_{\\text {nom. }} \\cdot V_{\\text {nom. }}} \\)로 나타낼 수 있다. 다이오드 손실은 도통 손실과 역회복 손실로 구분할 수 있으며,\\( P_{\\text {avg.Diode }} =P_{\\text {cond.Diode }}+P_{\\text {rec.Diode }} \\\\( P_{\\text {cond.Diode }} =V_{T H} \\cdot I_{F, \\text { avg }}+R_{D} \\cdot I_{F, \\mathrm{~s}}^{2} \\)\\( P_{\\text {rec.Diode }} =\\frac{\\left(E_{\\text {rec }} \\cdot V_{d c} \\cdot I_{\\text {peak }} \\cdot f_{s w}\\right)}{\\left(\\pi \\cdot I_{\\text {nom }} \\cdot V_{\\text {nom }}\\right)} \\)로 나타낸다. 필터 손실에는 동손과 철손이 있으며,\\( R=\\rho \\cdot \\frac{l}{A} \\)\\( P_{\\text {Copper.loss }}=i^{2} \\cdot R \\\\( P_{\\text {Coreloss }}=\\frac{P\\left[\\mathrm{~mW} / \\mathrm{cm}^{3}\\right] \\cdot V\\left[\\mathrm{~cm}^{3}\\right]}{1000} [W] \\)로 나타낼 수 있다.",
                "clue": [
                    {
                        "clue_text": "IGBT에서 발생하는 손실 요인으로는 크게 스위칭 손실, 도통 손실이 있다.",
                        "clue_start": "147",
                        "clue_end": "189"
                    },
                    {
                        "clue_text": "</p> <p>\\( P_{\\text {avg.IGBT }} =P_{\\text {cond. }}+P_{\\text {on }}+P_{\\text {off }} \\)<caption>(4)</caption></p> <p>\\( P_{\\text {avg.cond. }} =\\frac{1}{T} \\int_{0}^{T}\\left[V_{C E}(t) \\cdot I_{C E}(t)\\right] d t \\)<caption>(5)</caption></p> <p>\\(P_{\\text {sw.IGBT }} =\\frac{\\left(E_{\\text {on }}+E_{\\text {off }}\\right) \\cdot I_{\\text {peak }} \\cdot f_{s w} \\cdot V_{D C}}{\\pi \\cdot I_{\\text {nom. }} \\cdot V_{\\text {nom. }}} \\)<caption>(6)</caption></p> <p>",
                        "clue_start": "445",
                        "clue_end": "905"
                    },
                    {
                        "clue_text": "다이오드 손실은 크게 도통 손실과 역회복 손실로 구분할 수 있다.",
                        "clue_start": "905",
                        "clue_end": "941"
                    },
                    {
                        "clue_text": "</p> <p>\\( P_{\\text {avg.Diode }} =P_{\\text {cond.Diode }}+P_{\\text {rec.Diode }} \\)<caption>(7)</caption></p> <p>\\( P_{\\text {cond.Diode }} =V_{T H} \\cdot I_{F, \\text { avg }}+R_{D} \\cdot I_{F, \\mathrm{~s}}^{2} \\)<caption>(8)</caption></p> <p>\\( P_{\\text {rec.Diode }} =\\frac{\\left(E_{\\text {rec }} \\cdot V_{d c} \\cdot I_{\\text {peak }} \\cdot f_{s w}\\right)}{\\left(\\pi \\cdot I_{\\text {nom }} \\cdot V_{\\text {nom }}\\right)} \\)<caption>(9)</caption></p> <p>",
                        "clue_start": "1114",
                        "clue_end": "1570"
                    },
                    {
                        "clue_text": "</p> <p>\\( R=\\rho \\cdot \\frac{l}{A} \\)<caption>(10)</caption></p> <p>\\( P_{\\text {Copper.loss }}=i^{2} \\cdot R \\)<caption>(11)</caption></p> <p>\\( P_{\\text {Coreloss }}=\\frac{P\\left[\\mathrm{~mW} / \\mathrm{cm}^{3}\\right] \\cdot V\\left[\\mathrm{~cm}^{3}\\right]}{1000} [W] \\)<caption>(12)</caption></p> <p>",
                        "clue_start": "2201",
                        "clue_end": "2502"
                    }
                ],
                "terminology": [
                    {
                        "word": "DC"
                    },
                    {
                        "word": "DC링크"
                    },
                    {
                        "word": "DC링크 전압"
                    },
                    {
                        "word": "DPWM"
                    },
                    {
                        "word": "DPWM 기법"
                    },
                    {
                        "word": "IGBT"
                    },
                    {
                        "word": "IGBT 도통 손실"
                    },
                    {
                        "word": "Min-max"
                    },
                    {
                        "word": "Min-max PWM"
                    },
                    {
                        "word": "PWM"
                    },
                    {
                        "word": "SPWM"
                    },
                    {
                        "word": "bipolar"
                    },
                    {
                        "word": "gate"
                    },
                    {
                        "word": "계통 전류"
                    },
                    {
                        "word": "고조파"
                    },
                    {
                        "word": "고조파 함유율"
                    },
                    {
                        "word": "구리"
                    },
                    {
                        "word": "다이오드"
                    },
                    {
                        "word": "도통 손실"
                    },
                    {
                        "word": "동손"
                    },
                    {
                        "word": "링크 전압"
                    },
                    {
                        "word": "비스위칭 구간"
                    },
                    {
                        "word": "상전류"
                    },
                    {
                        "word": "순방향 도통"
                    },
                    {
                        "word": "스위치"
                    },
                    {
                        "word": "스위칭"
                    },
                    {
                        "word": "스위칭 손실"
                    },
                    {
                        "word": "스위칭 주기"
                    },
                    {
                        "word": "스위칭 주파수"
                    },
                    {
                        "word": "양극성"
                    },
                    {
                        "word": "양극성 트랜지스터"
                    },
                    {
                        "word": "역회복 손실"
                    },
                    {
                        "word": "온 상태 저항"
                    },
                    {
                        "word": "온/오프 손실"
                    },
                    {
                        "word": "유효면적"
                    },
                    {
                        "word": "인덕터"
                    },
                    {
                        "word": "인덕터 양단"
                    },
                    {
                        "word": "전력 반도체"
                    },
                    {
                        "word": "전력 반도체 스위치"
                    },
                    {
                        "word": "전류"
                    },
                    {
                        "word": "전류 고조파"
                    },
                    {
                        "word": "전류 리플"
                    },
                    {
                        "word": "전류왜곡"
                    },
                    {
                        "word": "절연 게이트 양극성 트랜지스터"
                    },
                    {
                        "word": "주파수"
                    },
                    {
                        "word": "철손"
                    },
                    {
                        "word": "컬렉터-에미터 전압"
                    },
                    {
                        "word": "턴오프 동작"
                    },
                    {
                        "word": "트랜지스터"
                    },
                    {
                        "word": "필터 손실"
                    }
                ]
            },
            {
                "context_id": "55e-0c9-merge_2_034b7f4e-1d160951-d18d-497d-82f0-59b5f48300e3_00",
                "context_K-NSCC": {
                    "field": "인공물",
                    "large_category": "ED",
                    "medium_category": "11"
                },
                "context": "<h1>1. 서 론</h1> <p>에너지 저장 장치 (Energy storage system, ESS)에서 전력 변환 장치 (Power conversion system, PCS)와 배터리의 충◦방전 효율향상을 위해 다양한 전압 변조 (Pulse width modulation, PWM) 제어기법이 연구 되었다. 주요 PWM 방식으로는 정현파 전압 변조 (Sinusoidal pulse width modulation, SPWM), 공간 벡터 전압 변조 (Space vector pulse width modulation, SVPWM), 불연속 전압 변조 (Discontinuous pulse width modulation, DPWM) 방식 등이 있다. 각 PWM 제어기법에 따른 시스템의 손실 비교·분석을 위하여 많은 연구가 진행 되었는데, 그중 DPWM 제어기법은 주로 단방향 인버터의 모터부하들과 같은 유도성 부하에 적용되었고 전류 품질과 전압 이용률 상승을 중요하게 다룬 ESS에는 적용되지 않았다. 따라서 ESS에 다양한 PWM 제어기법을 적용하였을 때 나타나는 손실에 대해 비교◦분석을 진행할 필요가 있다.</p> <p>본 논문에서는 PWM 제어기법에 따른 전력반도체 소자와 필터에서 발생하는 손실 및 계통 전류 품질 양상을 ESS용 계통연계 양방향 인버터에 적용하여 비교◦분석한다. 각 PWM 제어기법에 따라 계통연계 양방향 인버터를 설계하고, 계통연계 양방향 인버터 충◦방전 동작 조건에 따라 발생하는 손실양상을 이론적으로 분석한다. 이론적 결과를 검증하기 위해 \\( 10 \\mathrm { ~kW } \\) 급 양방향 계통연계 인버터 PSIM 시뮬레이션을 수행한다.</p> <h1>2. PWM 제어기법의 종류</h1> <p>SPWM은 제어기 구성이 간단하여 구현이 용이하지만 DC 링크 전압이용률이 \\( 50 \\% \\) 로 낮다는 단점이 있다. SVPWM은 이런 단점을 보완한 방식으로 연속 변조 방식과 불연속 변조 방식이 있다. 대표적인 연속 변조 방식에는 SVPWM과 동일한 효과를 간단하게 구현한 Min-max PWM, 불연속 변조 방식에는 DPWM 기법이 있다. Min-max PWM 기법은 그림 1 (a)와 같이 지령 전압에 3고조파를 주입하는 방식으로 DC 링크 전압을 일정하게 유지하면서 SPWM 기법보다 \\( 7.7 \\% \\) 더 큰 DC 링크 전압이용률을 갖는 장점이 있다. DPWM 기법은 3 상의 모든 소자가 스위칭 하는 방식이 아닌 3 상 중 두 상의 스위치만이 상태를 전환하게 되어 스위칭 횟수를 줄이는 방식으로 그림 1 (b)와 같이 최대 전압 혹은 전류가 도통하는 구간에서 지령 값을 최대로 함으로써 스위칭을 하지 않고 최대 듀티비로 동작 한다.</p> <h1>3. 계통연계 인버터 설계</h1> <h2>3.1 필터 설계</h2> <p>그림 2 는 본 논문에서 사용하는 양방향 계통연계 인버터 시스템을 나타낸다. 그림 2 의 출력 필터는 높은 에너지 저장 능력을 갖는 창성 High flux 코어를 선택하여 스위칭 주파수의 0.1배 차단 주파수를 갖는 출력단 저역통과 필터를 설계를 하였다. 3상 계통연계 양방향 인버터에 적용하기 위해 설계한 필터 및 시스템 사양은 표 2에 나타내었다.</p> <h2>3.2 PWM 제어방식에 따른 DC 링크 전압 선정</h2> <p>동일한 조건의 분석을 위해 PWM 제어기법에 따라 최대 부하에서의 진폭 변조 계수 (Amplitude modulation index)가 0.8이 되도록 DC 링크 전압을 선정하였다. DC 링크 전압은 기본파 전압의 최대치 ( \\( \\left .V_ { i n v . } \\right ) \\), 계통전압 \\( \\left (V_ { g } \\right ) \\) 과 인덕터 전압 \\( \\left (V_ { L } \\right ) \\) 의 관계를 통하여 계산할 수 있으며, 그 수식은 (1)-(3)과 같다. 표 1은 수식 (1)-(3)을 통해 계산하여 선정한 DC 링크 전압 값을 나타낸다.</p> <p>\\( V_ {\\text { inv.spwm } } = \\frac { 1 } { 2 } \\cdot m_ { a } \\cdot V_ { D C } \\)<caption>(1)</caption></p> <p>\\( V_ {\\text { inv.spwm } } = \\frac { 1 } {\\sqrt { 3 } } \\cdot m_ { a } \\cdot V_ { D C } \\)<caption>(2)</caption></p> <p>\\( V_ { i n v . } = \\sqrt { V_ { L } ^ { 2 } + V_ { g } ^ { 2 } } \\)<caption>(3)</caption></p>",
                "context_length": 2287,
                "summary": "본문에서는 PWM 제어기법을 바탕으로한 전력반도체 소자와 필터에서 일어나는 손실 및 계통 전류 품질 실태를 ESS용 계통연계 양방향 인버터에 접목하여 대조◦분석한다. 각각의 PWM 제어기법을 기반으로 하여 계통연계 양방향 인버터를 기획하고, 계통연계 양방향 인버터 충◦방전 작동 상황에 따라 나타나는 손실양상을 원칙적으로 해석한다. SPWM은 제어기 체계가 단순하여 구현하기 쉽지만 DC 링크 전압이용률이 \\( 50 \\% \\) 로 평균에 못 미친다는 단점이 있다. SVPWM은 이와 같은 단점을 보강한 방법으로 연속 또는 불연속 변조 방식 두 가지가 있다.",
                "clue": [
                    {
                        "clue_text": "본 논문에서는 PWM 제어기법에 따른 전력반도체 소자와 필터에서 발생하는 손실 및 계통 전류 품질 양상을 ESS용 계통연계 양방향 인버터에 적용하여 비교◦분석한다.",
                        "clue_start": "574",
                        "clue_end": "665"
                    },
                    {
                        "clue_text": "각 PWM 제어기법에 따라 계통연계 양방향 인버터를 설계하고, 계통연계 양방향 인버터 충◦방전 동작 조건에 따라 발생하는 손실양상을 이론적으로 분석한다.",
                        "clue_start": "666",
                        "clue_end": "751"
                    },
                    {
                        "clue_text": "SPWM은 제어기 구성이 간단하여 구현이 용이하지만 DC 링크 전압이용률이 \\( 50 \\% \\) 로 낮다는 단점이 있다.",
                        "clue_start": "858",
                        "clue_end": "925"
                    },
                    {
                        "clue_text": "SVPWM은 이런 단점을 보완한 방식으로 연속 변조 방식과 불연속 변조 방식이 있다.",
                        "clue_start": "926",
                        "clue_end": "973"
                    }
                ],
                "terminology": [
                    {
                        "word": "DC"
                    },
                    {
                        "word": "DC 링크"
                    },
                    {
                        "word": "DC 링크 전압"
                    },
                    {
                        "word": "DPWM"
                    },
                    {
                        "word": "DPWM 기법"
                    },
                    {
                        "word": "ESS"
                    },
                    {
                        "word": "High"
                    },
                    {
                        "word": "High flux"
                    },
                    {
                        "word": "High flux 코어"
                    },
                    {
                        "word": "Min-max"
                    },
                    {
                        "word": "Min-max PWM"
                    },
                    {
                        "word": "PCS"
                    },
                    {
                        "word": "PSIM"
                    },
                    {
                        "word": "PSIM 시뮬레이션"
                    },
                    {
                        "word": "PWM"
                    },
                    {
                        "word": "PWM 기법"
                    },
                    {
                        "word": "PWM 제어기법"
                    },
                    {
                        "word": "PWM 제어방식"
                    },
                    {
                        "word": "SPWM"
                    },
                    {
                        "word": "SPWM 기법"
                    },
                    {
                        "word": "SVPWM"
                    },
                    {
                        "word": "conversion"
                    },
                    {
                        "word": "flux"
                    },
                    {
                        "word": "index"
                    },
                    {
                        "word": "modulation"
                    },
                    {
                        "word": "modulation index"
                    },
                    {
                        "word": "pulse"
                    },
                    {
                        "word": "pulse width"
                    },
                    {
                        "word": "pulse width modulation"
                    },
                    {
                        "word": "vector"
                    },
                    {
                        "word": "계통 전류"
                    },
                    {
                        "word": "계통연계"
                    },
                    {
                        "word": "계통연계 인버터"
                    },
                    {
                        "word": "계통전압"
                    },
                    {
                        "word": "공간 벡터"
                    },
                    {
                        "word": "공간 벡터 전압"
                    },
                    {
                        "word": "공간 벡터 전압 변조"
                    },
                    {
                        "word": "기본파 전압"
                    },
                    {
                        "word": "단방향 인버터"
                    },
                    {
                        "word": "듀티비"
                    },
                    {
                        "word": "링크 전압"
                    },
                    {
                        "word": "모터부하"
                    },
                    {
                        "word": "벡터"
                    },
                    {
                        "word": "벡터 전압"
                    },
                    {
                        "word": "불연속 변조 방식"
                    },
                    {
                        "word": "불연속 전압 변조"
                    },
                    {
                        "word": "소자"
                    },
                    {
                        "word": "스위치"
                    },
                    {
                        "word": "스위칭"
                    },
                    {
                        "word": "스위칭 주파수"
                    },
                    {
                        "word": "시뮬레이션"
                    },
                    {
                        "word": "양방향 인버터"
                    },
                    {
                        "word": "에너지 저장 장치"
                    },
                    {
                        "word": "연속 변조 방식"
                    },
                    {
                        "word": "유도성 부하"
                    },
                    {
                        "word": "인덕터"
                    },
                    {
                        "word": "인덕터 전압"
                    },
                    {
                        "word": "인버터"
                    },
                    {
                        "word": "인버터 시스템"
                    },
                    {
                        "word": "저역통과"
                    },
                    {
                        "word": "저역통과 필터"
                    },
                    {
                        "word": "전력 변환"
                    },
                    {
                        "word": "전력반도체"
                    },
                    {
                        "word": "전류"
                    },
                    {
                        "word": "전압 변조"
                    },
                    {
                        "word": "전압이용률"
                    },
                    {
                        "word": "정현파"
                    },
                    {
                        "word": "정현파 전압"
                    },
                    {
                        "word": "정현파 전압 변조"
                    },
                    {
                        "word": "제어기"
                    },
                    {
                        "word": "주파수"
                    },
                    {
                        "word": "지령 값"
                    },
                    {
                        "word": "지령 전압"
                    },
                    {
                        "word": "진폭"
                    },
                    {
                        "word": "차단 주파수"
                    },
                    {
                        "word": "창성"
                    },
                    {
                        "word": "최대 듀티비"
                    },
                    {
                        "word": "필터"
                    }
                ]
            },
            {
                "context_id": "55e-0c9-b3f419ec-bc4b-44fe-9509-f4a064777256",
                "context_K-NSCC": {
                    "field": "인공물",
                    "large_category": "ED",
                    "medium_category": "11"
                },
                "context": "<h1>5. 시물레이션 검증</h1> <p>앞에서 이루어진 이론적인 분석을 검증하기 위하여 PSIM 시뮬레이션을 통하여 인버터 모드와 컨버터 모드에 따른 손실 양상을 비교 및 분석을 한다. 인버터 동작 모드는 방전 모드로 DC 링크에서 계통으로 에너지를 전달하는 구간이고 컨버터 모드는 계통을 이용하여 DC 링크를 충전하는 구간이다. 그림 3 은 인버터 모드에서 발생하는 손실을 부하의 크기에 따라 SPWM, Min-max PWM, DPWM을 PSIM 시뮬레이션을 통해 비교·분석한 결과이다. 전류는 IGBT로 도통되는 구간이 다이오드로 도통되는 구간보다 길기 때문에, IGBT에서의 도통 손실이 다이오드의 도통 손실 보다 크게 나타나며 동일한 출력전력으로 PWM 제어를 수행하기 때문에 스위치에 도통되는 전류 rms값이 같아 PWM 제어 방식에 따른 차이는 크지 않다. 하지만 스위칭 손실의 경우 SPWM, Min-max PWM, DPWM 순서로 크게 나타난다. 그림 3 의 그래프는 이론적 분석과 동일한 양상을 보이는 것을 확인할 수 있으며, SPWM의 DC 링크 전압이 크기 때문에 Min-max PWM 보다 큰 스위칭 손실을 갖는다. DPWM은 최대 전압 혹은 전류 구간에서 스위칭을 하지 않기 때문에 상대적으로 SPWM, Min-max PWM 기법보다 스위칭 손실이 작게 나타나며, 비스위칭 구간이 길어질수록 스위칭 손실이 감소한다.</p> <p>필터 손실은 부하의 크기 증가에 따라 증가하는 경향을 보인다. 하지만 상전류의 크기는 PWM 제어기법에 관계없이 비슷한 크기를 갖고, 전류 리플은 PWM 제어 기법마다 고주파 함유율이 다르기 때문에 차이가 있지만 전체 코어손실 중 큰 비중을 차지하지 않는다. 따라서 필터 손실은 전체 손실에서 차지하는 비중이 상대적으로 작다.</p> <p>그림 4 는 컨버터 동작 모드에서 인버터 모드와 같은 조건으로 손실양상을 분석한 그래프이다. 컨버터 동작모드에서는 계통에서 DC 링크로 에너지를 전달하는 구간이기 때문에 인버터 동작모드와는 반대로 다이오드에서 도통손실이 더 크게 나타나며 IGBT와 다이오드에서의 스위칭 손실과 필터에서 발생하는 손실은 인버터 모드와 같은 경향을 보인다.</p> <p>그림 5는 각 PWM 방식에 따라 스위치에서 발생하는 손실을 논문에서 언급한 이론적 손실을 통해 계산한 후 시뮬레이션과 비교하였다. 인버터 동작모드와 컨버터 동작모드로 구분되어 있으며 부하의 증가에 따른 손실이 시뮬레이션과 유사하게 나타나는 것을 확인 할 수 있다.</p> <p>그림 6 은 부하 크기에 따른 인버터 동작모드와 컨버터 동작모드에서의 계통 전류 품질을 나타낸 그래프이다. Min-max PWM, SPWM, DPWM 순서로 높은 계통 전류 품질을 갖는다. Min-max PWM과 SPWM은 이론적으론 비슷한 계통 전류 품질 값을 갖지만, SPWM의 DC 링크 전압이 더 크기 때문에 계통 전류 품질은 낮아진다. DPWM 기법은 비스위칭에 의하여 고조파 함유율이 많아지기 때문에 비스위칭 구간이 길어질수록 계통 전류 품질이 낮다. 하지만 DPWM의 계통 전류 품질이 낮더라도 스위칭 손실에서 이점이 있기 때문에 국제 표준을 만족하는 부하 영역에서는 사용 가능하다. 시뮬레이션 검증 결과 SPWM과 Min-max PWM은 계통 전류 품질 특성에서 DPWM보다 유리함이 있지만 스위칭 손실은 불리하다. DPWM 기법은 SPWM, Min-max PWM 제어기법보다 계통 전류 품질은 낮아지는 경향이 있지만 국제표준을 만족하는 부하 영역에서는 스위칭 손실이 줄어든다. 따라서 계통 전류 품질이 우선시 되는 경우 Min-max PWM이 손실이 우선시 되는 경우 DPWM 기법이 유리하다</p>",
                "context_length": 1813,
                "summary": "이론적인 분석을 검증하고자 PSIM 시뮬레이션을 통하여 인버터 모드와 컨버터 모드에 따른 손실 양상을 비교 및 분석을 수행하였으며, 그림 3 은 손실을 부하의 크기에 따라 SPWM, Min-max PWM, DPWM을 PSIM 시뮬레이션을 통해 비교·분석한 결과를 그림 4 는 컨버터 동작 모드에서 손실양상을 분석한 그래프를 나타낸다. 추가로 그림 5는 각 PWM 방식에 따라 스위치에서 발생하는 손실을 이론적 손실을 통해 계산한 후 시뮬레이션과 비교하였고 그림 6 은 부하 크기에 따른 계통 전류 품질을 나타낸 그래프이다.",
                "clue": [
                    {
                        "clue_text": "앞에서 이루어진 이론적인 분석을 검증하기 위하여 PSIM 시뮬레이션을 통하여 인버터 모드와 컨버터 모드에 따른 손실 양상을 비교 및 분석을 한다.",
                        "clue_start": "24",
                        "clue_end": "105"
                    },
                    {
                        "clue_text": "그림 3 은 인버터 모드에서 발생하는 손실을 부하의 크기에 따라 SPWM, Min-max PWM, DPWM을 PSIM 시뮬레이션을 통해 비교·분석한 결과이다.",
                        "clue_start": "187",
                        "clue_end": "275"
                    },
                    {
                        "clue_text": "그림 4 는 컨버터 동작 모드에서 인버터 모드와 같은 조건으로 손실양상을 분석한 그래프이다.",
                        "clue_start": "893",
                        "clue_end": "944"
                    },
                    {
                        "clue_text": "그림 5는 각 PWM 방식에 따라 스위치에서 발생하는 손실을 논문에서 언급한 이론적 손실을 통해 계산한 후 시뮬레이션과 비교하였다.",
                        "clue_start": "1089",
                        "clue_end": "1162"
                    },
                    {
                        "clue_text": "그림 6 은 부하 크기에 따른 인버터 동작모드와 컨버터 동작모드에서의 계통 전류 품질을 나타낸 그래프이다.",
                        "clue_start": "1245",
                        "clue_end": "1304"
                    }
                ],
                "terminology": [
                    {
                        "word": "DC"
                    },
                    {
                        "word": "DC 링크"
                    },
                    {
                        "word": "DC 링크 전압"
                    },
                    {
                        "word": "DPWM"
                    },
                    {
                        "word": "DPWM 기법"
                    },
                    {
                        "word": "IGBT"
                    },
                    {
                        "word": "Min-max"
                    },
                    {
                        "word": "Min-max PWM"
                    },
                    {
                        "word": "PSIM"
                    },
                    {
                        "word": "PSIM 시뮬레이션"
                    },
                    {
                        "word": "PWM"
                    },
                    {
                        "word": "PWM 기법"
                    },
                    {
                        "word": "PWM 제어 방식"
                    },
                    {
                        "word": "PWM 제어기법"
                    },
                    {
                        "word": "SPWM"
                    },
                    {
                        "word": "rms값"
                    },
                    {
                        "word": "계통"
                    },
                    {
                        "word": "계통 전류"
                    },
                    {
                        "word": "고조파"
                    },
                    {
                        "word": "고조파 함유율"
                    },
                    {
                        "word": "고주파"
                    },
                    {
                        "word": "다이오드"
                    },
                    {
                        "word": "도통손실"
                    },
                    {
                        "word": "링크 전압"
                    },
                    {
                        "word": "방전 모드"
                    },
                    {
                        "word": "부하 영역"
                    },
                    {
                        "word": "비스위칭 구간"
                    },
                    {
                        "word": "상전류"
                    },
                    {
                        "word": "스위치"
                    },
                    {
                        "word": "스위칭"
                    },
                    {
                        "word": "스위칭 손실"
                    },
                    {
                        "word": "시뮬레이션"
                    },
                    {
                        "word": "인버터 동작"
                    },
                    {
                        "word": "인버터 모드"
                    },
                    {
                        "word": "전류 구간"
                    },
                    {
                        "word": "전류 리플"
                    },
                    {
                        "word": "출력전력"
                    },
                    {
                        "word": "컨버터"
                    },
                    {
                        "word": "컨버터 동작"
                    },
                    {
                        "word": "코어손실"
                    },
                    {
                        "word": "필터 손실"
                    }
                ]
            }
        ]
    }
}