{
    "dataset_info": {
        "identifier": "02-031-002-NL",
        "name": "기술과학 문서 요약 데이터",
        "category": "자연어",
        "last_updated": "2023-08-30"
    },
    "dataset": {
        "doc_id": "034b7f4e-25863ea6-aa09-4373-a311-61f5c3ea26fb",
        "doc_type": "논문",
        "doc_title": {
            "kor": "V2G-V2H 기능을 갖는 \\(3.3\\mathrm{kW}\\)급 전기자동차용 양방향 충전기",
            "eng": ""
        },
        "doc_category": {
            "KDC": "560.5",
            "DDC": ""
        },
        "doc_number": {
            "ISSN": "1229-2214",
            "ISBN": "",
            "DOI": "",
            "UCI": ""
        },
        "doc_year": "2015",
        "doc_author": [
            "정세형",
            "홍석용",
            "박준성",
            "최세완"
        ],
        "doc_publisher": "전력전자학회",
        "doc_license": "CC BY-NC",
        "context_info": [
            {
                "context_id": "55e-0c9-90ee1d07-73ef-404c-bfd0-5effce71a4b2",
                "context_K-NSCC": {
                    "field": "인공물",
                    "large_category": "ED",
                    "medium_category": "09"
                },
                "context": "<h1>2 제안하는 전기자동차용 양방향 충전기</h1> <p>제안하는 전기자동차용 양방향 충전기는 그림 1 과 같이 배터리 측의 DC-DC컨버터와 계통 측의 인버터로 구성되어 있다. 그림 1(a) 와 같이 충전 모드 시에는 계통에서 가정용 부하에 전력을 공급하고, 배터리를 충전 한다. V2G모드 시에는 그림 1(b) 와 같이 배터리를 방전하여 부하에 전력을 공급하고, 남는 전력을 계통으로 주입한다. 계통 정전 시 충전기는 V2H모드로 동작하며 그림 1(c) 와 같이 배터리에서 부하에 전력을 공급한다.</p> <h2>2.1 제안하는 충전기 회로구성</h2> <p>그림 2 는 제안하는 양방향 충전기의 전체 회로도이다. 양방향 인버터는 풀-브릿지 구조를 사용하였으며 LCL 필터를 통해 계통과 연계된다. DC-DC컨버터는 비절연형 양방향 하프-브릿지 컨버터와 절연형 SRC로 구성하였다. 제안하는 충전기는 2 단 방식의 컨버터를 사용하여 배터리 전압의 제어 범위를 넓혔으며, 절연형 SRC의 경우 그림 3과 같이 부하변동에도 Gain이 변하지 않는 최적 주파수 지점에서 동작시키므로 그림 4와 같이 전 부하 영역에서 항시 ZCS 턴온/턴오프가 성취된다. 또한 1 차 측을 하프-브릿지, 2 차 측을 더블러 형태로 구성하여 변압기 자화 인덕턴스의 직류 오프셋이 발생하지 않게하였다.</p> <p>2단 방식의 컨버터는 그림 5과 같이 Buck-SRC, Boost-SRC, SRC-Buck, SRC-Boost 4가지 타입으로 분류 할 수 있다. 표 1 에서 볼 수 있듯이 SRC-Buck 타입은 양방향 하프-브릿지 컨버터의 스위치와 SRC High Side 스위치의 전압 정격이 높고, Buck-SRC 와 SRC-Boost 타입은 배터리 전류 리플을 줄이기 위한 추가 필터 인덕터가 필요한 단점이 있다. Boost-SRC 타입은 배터리 리플을 줄이기 위한 추가적인 인덕터가 필요 없고 모든 스위치의 전압 정격이 낮은 장점이 있어서 2 단 방식의 컨버터로 선정하였다.</p> <h2>2.2 양방항 충전기 제어 알고리즘</h2> <p>제안하는 양방향 충전기의 제어 블록도는 그림 6과 같다. 절연형 SRC는 고정 듀티와 고정 주파수로 동작하며 양방향 하프-브릿지 컨버터는 \\( V_{\\operatorname{link} k} \\) 를 \\( 410 \\mathrm{~V} \\) 로 제어하고 내부로 배터리 전류를 제어한다. 내부 전류 제어기의 대역폭을 전압 제어기에 비해 높게 선정하여 배터리로 들어가는 \\( 120 \\mathrm{~Hz} \\) 성분의 전류 리플을 제거한다. DC-DC 컨버터는 모드(충전, V2G, V2H와 상관없이 항시 같은 제어를 수행하기 때문에 제어기 구조가 간단하며 모드 전환 문제가 없다는 장점이 있다. DC-AC 인버터의 경우 모드 전환과 파워 흐름을 제어한다. V2G, 충전 모드시 CC-CV 제어를 하며 내부로 인버터 출력필터의 전류를 제어하는데, 이 때 동기좌표 PLL 기법을 적용하여 계통 전압과 인버터 출력전류의 위상을 동기화시켜 PF를 1 로 제어한다. 정전 시에는 V2H모드로 전환하여 인버터 출력 커패시터의 전압을 제어한다. 비선형 부하를 고려할 경우 전압제어 루프의 대역폭을 넓히기 위해 내부 루프로 \\( i_{L i} \\) 나 \\( i_{C f} \\) 를 제어하는 기법들이 연구되어있으며, 필요시 본 논문에도 적용이 가능하다.</p> <p>전기자동차용 충전기는 그림 7과 같은 프로파일을 가지고 배터리를 충전하게 된다. CC 충전 모드로 배터리를 충전하면 \\( V_{B a t t} \\) 이 증가하고, \\( V_{B a t t} \\) 이 CV까지 도달하게 되면 CV충전 모드로 전환된다. 제안하는 충전기는 CV충전 모드에서 \\( V_{\\text {Batt }} \\) 이 \\( V_{\\text {link }} \\) 와 같으며, 양방향 하프-브릿지 컨버터의 메인 스위치가 턴 온 상태로 유지되는 바이패스 모드로 동작하여 스위칭 손실이 발생하지 않기 때문에 효율을 높일 수 있다.</p>",
                "context_length": 1967,
                "summary": "제안하는 전기자동차용 양방향 충전기는 배터리와 계통 간에 양방향 전력 흐름을 가능하게 하는 회로로 구성된다. 양방향 인버터와 DC-DC 컨버터로 구성되며, 충전 모드에서는 배터리를 충전하고 계통에 전력을 공급하고, V2G 모드에서는 배터리에서 전력을 공급하고 남은 전력을 계통으로 주입한다. 2단 컨버터를 사용하여 제어 범위를 넓혔으며, 절연형 SRC를 적용하여 부하 변동에도 안정적인 동작을 보장하고 제어 알고리즘은 절연형 SRC와 양방향 하프-브릿지 컨버터를 조절하여 전력 공급과 전압 제어를 수행한다. 충전기는 효율적이고 안정적인 충전을 가능하게 하며, 양방향 전력 흐름으로 차량과 전력망 간의 상호작용을 활성화한다.",
                "clue": [
                    {
                        "clue_text": "제안하는 전기자동차용 양방향 충전기는 그림 1 과 같이 배터리 측의 DC-DC컨버터와 계통 측의 인버터로 구성되어 있다.",
                        "clue_start": "34",
                        "clue_end": "101"
                    },
                    {
                        "clue_text": "DC-DC컨버터는 비절연형 양방향 하프-브릿지 컨버터와 절연형 SRC로 구성하였다.",
                        "clue_start": "395",
                        "clue_end": "441"
                    },
                    {
                        "clue_text": "V2G, 충전 모드시 CC-CV 제어를 하며 내부로 인버터 출력필터의 전류를 제어하는데, 이 때 동기좌표 PLL 기법을 적용하여 계통 전압과 인버터 출력전류의 위상을 동기화시켜 PF를 1 로 제어한다.",
                        "clue_start": "1387",
                        "clue_end": "1499"
                    },
                    {
                        "clue_text": "제안하는 충전기는 CV충전 모드에서 \\( V_{\\text {Batt }} \\) 이 \\( V_{\\text {link }} \\) 와 같으며, 양방향 하프-브릿지 컨버터의 메인 스위치가 턴 온 상태로 유지되는 바이패스 모드로 동작하여 스위칭 손실이 발생하지 않기 때문에 효율을 높일 수 있다.",
                        "clue_start": "1803",
                        "clue_end": "1963"
                    }
                ],
                "terminology": [
                    {
                        "word": "CC"
                    },
                    {
                        "word": "CC 충전"
                    },
                    {
                        "word": "CC-CV"
                    },
                    {
                        "word": "CC-CV 제어"
                    },
                    {
                        "word": "CV"
                    },
                    {
                        "word": "DC-AC"
                    },
                    {
                        "word": "DC-AC 인버터"
                    },
                    {
                        "word": "DC-DC"
                    },
                    {
                        "word": "DC-DC컨버터"
                    },
                    {
                        "word": "Gain"
                    },
                    {
                        "word": "High"
                    },
                    {
                        "word": "High Side"
                    },
                    {
                        "word": "High Side 스위치"
                    },
                    {
                        "word": "LCL"
                    },
                    {
                        "word": "PF"
                    },
                    {
                        "word": "PLL"
                    },
                    {
                        "word": "PLL 기법"
                    },
                    {
                        "word": "SRC"
                    },
                    {
                        "word": "Side"
                    },
                    {
                        "word": "ZCS"
                    },
                    {
                        "word": "ZCS 턴온/턴오프"
                    },
                    {
                        "word": "가정용 부하"
                    },
                    {
                        "word": "고정 주파수"
                    },
                    {
                        "word": "내부 루프"
                    },
                    {
                        "word": "내부 전류"
                    },
                    {
                        "word": "대역폭"
                    },
                    {
                        "word": "더블러"
                    },
                    {
                        "word": "동기좌표"
                    },
                    {
                        "word": "바이패스"
                    },
                    {
                        "word": "바이패스 모드"
                    },
                    {
                        "word": "배터리 전류 리플"
                    },
                    {
                        "word": "변압기"
                    },
                    {
                        "word": "변압기 자화 인덕턴스"
                    },
                    {
                        "word": "부하 영역"
                    },
                    {
                        "word": "부하변동"
                    },
                    {
                        "word": "비선형"
                    },
                    {
                        "word": "비선형 부하"
                    },
                    {
                        "word": "스위치"
                    },
                    {
                        "word": "스위칭"
                    },
                    {
                        "word": "스위칭 손실"
                    },
                    {
                        "word": "알고리즘"
                    },
                    {
                        "word": "양방향 인버터"
                    },
                    {
                        "word": "위상"
                    },
                    {
                        "word": "인덕터"
                    },
                    {
                        "word": "인덕턴스"
                    },
                    {
                        "word": "인버터 출력전류"
                    },
                    {
                        "word": "자화"
                    },
                    {
                        "word": "자화 인덕턴스"
                    },
                    {
                        "word": "전 부하"
                    },
                    {
                        "word": "전 부하 영역"
                    },
                    {
                        "word": "전류"
                    },
                    {
                        "word": "전류 리플"
                    },
                    {
                        "word": "전압 정격"
                    },
                    {
                        "word": "전압 제어기"
                    },
                    {
                        "word": "전압제어"
                    },
                    {
                        "word": "전압제어 루프"
                    },
                    {
                        "word": "전체 회로도"
                    },
                    {
                        "word": "전환"
                    },
                    {
                        "word": "제어 블록도"
                    },
                    {
                        "word": "제어기"
                    },
                    {
                        "word": "제어기 구조"
                    },
                    {
                        "word": "주파수"
                    },
                    {
                        "word": "직류"
                    },
                    {
                        "word": "직류 오프셋"
                    },
                    {
                        "word": "출력 커패시터"
                    },
                    {
                        "word": "출력전류"
                    },
                    {
                        "word": "출력필터"
                    },
                    {
                        "word": "커패시터"
                    },
                    {
                        "word": "컨버터"
                    },
                    {
                        "word": "풀-브릿지"
                    },
                    {
                        "word": "풀-브릿지 구조"
                    },
                    {
                        "word": "프로파일"
                    },
                    {
                        "word": "필터 인덕터"
                    },
                    {
                        "word": "필터를"
                    },
                    {
                        "word": "하프-브릿지"
                    },
                    {
                        "word": "하프-브릿지 컨버터"
                    },
                    {
                        "word": "회로도"
                    }
                ]
            },
            {
                "context_id": "55e-0c9-merge_2_034b7f4e-25863ea6-aa09-4373-a311-61f5c3ea26fb_02",
                "context_K-NSCC": {
                    "field": "인공물",
                    "large_category": "ED",
                    "medium_category": "09"
                },
                "context": "<h1>3. 실험 결과</h1> <p>표 2 는 제안하는 양방향 충전기의 설계사양이다. 제안하는 양방향 충전기는 충전 모드뿐만 아니라 V2G, V2H 모드가 모두 가능하며 \\( 250 \\mathrm { ~V } \\sim 410 \\mathrm { ~V } \\) 의 넓은 배터리 전압 범위를 갖는다. 계통 전압 또한 \\( 110 \\mathrm { ~V } \\) 와 \\( 220 \\mathrm { ~V } \\) 모두 가능하도록 설계하였다.</p> <p>그림 8은 제안하는 충전기의 \\( 3.3 \\mathrm { ~kW } \\) 급 시제품 사진이다. 시제품은 2 층 구조로 설계하였으며 1 층에는 컨버터·인버터 통합 파워스택, 2 층에는 통합 제어보드와 게이트 드라이버로 구성되어 있다. 외장형 충전기에 배터리가 연결되면 SMPS를 통해 배터리 측에서 제어보드로 전원을 공급하여 정전 시에도 충전기가 동작되도록 하였다.</p> <p>그림 9 는 충전 모드 실험파형이다. 그림 9(a) 와 (b)로부터 SRC 의 1,2 차 측 스위치가 ZCS 턴온/턴오프를 성취하는 것을 확인할 수 있다. 그림 9(c) 는 비절연형 컨버터의 실험파형으로 \\( I_ { L B } \\) 의 방향으로부터 충전 모드라는 것을 알 수 있다. 그림 9(d) 는 양방향 인버터의 출력파형이며 충전 모드이므로 출력전압과 출력전류의 위상이 반대인 것을 확인할 수 있다.</p> <p>그림 10 은 계통과 연계하여 배터리를 방전하는 V2G 모드이고, 충전 모드와 비교하였을 때 전류의 방향이 반대인 것을 확인 할 수 있다. 그림 11 과 12 는 정전 시 배터리 측에서 가정용 부하에 전력을 공급하는 V2H 모드이며, 각각 \\( \\mathrm { R } \\) 부하와 \\( \\mathrm { RC } \\) 부하를 가정하였다.</p> <p>그림 13은 제안하는 충전기의 효율 그래프이며 배터리 전압이 \\( 410 \\mathrm { ~V } \\) 일 때 양방향 하프-브릿지 컨버터의 메인 스위치가 바이패스 모드로 동작하기 때문에 가장 높은 효율을 보였다. 그림 10(a) 에서 볼 수 있듯이 충전모드에서는 \\( 2.5 \\mathrm { ~kW } \\) 에서 \\( 94.39 \\% \\) 의 최대효율, \\( 94.23 \\% \\) 의 정격 최대효율을 달성하였다. 그림 10(b) 는 방전 V2G, V2H 모드에서의 효율 그래프로 \\( 2.5 \\mathrm { ~kW } \\) 에서 \\( 94.02 \\% \\) 의 최대효율, \\( \\quad 93.92 \\% \\) 의 정격 최대효율을 보인다.</p> <h1>5. 결 론</h1> <p>본 논문에서는 배터리 충전뿐만 아니라 V2G, V2H 모드로 동작이 가능한 전기자동차용 양방향 충전기를 제안했다. DC-DC 컨버터를 2단 방식으로 사용하여 배터리 전압의 제어 범위를 넓혔으며 절연형 SRC 를 고정주파수로 동작시켜 절연부 최적설계가 가능하고 전력의 방향과 배터리 전압 및 부하에 상관없이 스위치는 항시 ZCS 턴온/턴오프를 성취한다. 또한 CV) 충전 모드에서 양방향 하프-브릿지 컨버터의 메인 스위치를 바이패스 모드로 동작시켜 스위칭 손실을 줄였다.</p> <p>\\( 3.3 \\mathrm { ~kW } \\) 시제품 실험을 통해 배터리 충전 및 V2G, V2H 모드에 대한 동작을 검증하였고 \\( 94.39 \\% \\) 의 최대효율 및 \\( 94.23 \\% \\) 의 정격 효율을 달성하였다.</p>",
                "context_length": 1675,
                "summary": "본 연구에서는 전기자동차용 양방향 충전기를 제안하였으며, 이 충전기는 배터리 충전뿐만 아니라 V2G, V2H 모드에서도 작동 가능하다. 제안된 양방향 충전기는 외장형 충전기로, 배터리가 충전기에 연결되면 SMPS를 통해 제어보드에 전원을 공급하므로 정전 시에도 작동한다. 제안하는 충전기의 설계사양이 표 2에, 3.3 kW급 시제품 사진이 그림 8에, 충전 모드 실험파형이 그림 9에 제시되어 있다.",
                "clue": [
                    {
                        "clue_text": "표 2 는 제안하는 양방향 충전기의 설계사양이다. ",
                        "clue_start": "21",
                        "clue_end": "49"
                    },
                    {
                        "clue_text": "그림 8은 제안하는 충전기의 \\( 3.3 \\mathrm { ~kW } \\) 급 시제품 사진이다. ",
                        "clue_start": "250",
                        "clue_end": "304"
                    },
                    {
                        "clue_text": "그림 9 는 충전 모드 실험파형이다.",
                        "clue_start": "462",
                        "clue_end": "482"
                    },
                    {
                        "clue_text": "외장형 충전기에 배터리가 연결되면 SMPS를 통해 배터리 측에서 제어보드로 전원을 공급하여 정전 시에도 충전기가 동작되도록 하였다.",
                        "clue_start": "381",
                        "clue_end": "454"
                    },
                    {
                        "clue_text": "본 논문에서는 배터리 충전뿐만 아니라 V2G, V2H 모드로 동작이 가능한 전기자동차용 양방향 충전기를 제안했다. ",
                        "clue_start": "1275",
                        "clue_end": "1339"
                    }
                ],
                "terminology": [
                    {
                        "word": "CV"
                    },
                    {
                        "word": "DC-DC"
                    },
                    {
                        "word": "DC-DC 컨버터"
                    },
                    {
                        "word": "RC"
                    },
                    {
                        "word": "SMPS"
                    },
                    {
                        "word": "SRC"
                    },
                    {
                        "word": "ZCS"
                    },
                    {
                        "word": "ZCS 턴온/턴오프"
                    },
                    {
                        "word": "가정용 부하"
                    },
                    {
                        "word": "게이트 드라이버"
                    },
                    {
                        "word": "계통 전압"
                    },
                    {
                        "word": "고정주파수"
                    },
                    {
                        "word": "바이패스"
                    },
                    {
                        "word": "바이패스 모드"
                    },
                    {
                        "word": "비절연형 컨버터"
                    },
                    {
                        "word": "스위치"
                    },
                    {
                        "word": "스위칭"
                    },
                    {
                        "word": "스위칭 손실"
                    },
                    {
                        "word": "실험파형"
                    },
                    {
                        "word": "양방향 인버터"
                    },
                    {
                        "word": "위상"
                    },
                    {
                        "word": "전류"
                    },
                    {
                        "word": "출력전류"
                    },
                    {
                        "word": "컨버터"
                    },
                    {
                        "word": "파워스택"
                    },
                    {
                        "word": "하프-브릿지"
                    },
                    {
                        "word": "하프-브릿지 컨버터"
                    }
                ]
            },
            {
                "context_id": "55e-0c9-92dea768-2cb9-477b-8467-82f722f49b9d",
                "context_K-NSCC": {
                    "field": "인공물",
                    "large_category": "ED",
                    "medium_category": "09"
                },
                "context": "<h1>1. 서 론</h1> <p>현재 자동차 시장은 지속적으로 상승하는 가솔린 가격과 화석 연료 엔진에 의해 생성되는 환경오염에 대한 우려로 인해 화석 연료의 사용을 줄이기 위한 새로운 대안으로 전기자동차 및 하이브리드 자동차에 대한 연구를 진행하고 있다.</p> <p>일반적으로 전기자동차는 단방향 충전기를 사용하여 계통으로부터 전기에너지를 공급받아 배터리를 충전하고, 배터리에 저장된 전기에너지를 사용하여 차량을 동작시킨다. 최근 전기자동차를 스마트그리드 영역에서 활용하려는 시도가 다양하게 이뤄지고 있다. 특히 충전기를 양방향으로 사용하여 전기자동차 배터리에 저장된 전기에너지를 전력망으로 재송전함으로써 운전자가 전기 요금이 저렴한 야간 시간에 전력을 저장한 뒤 요금이 비싼 주간 시간에 되팔 수 있게 하는 V2G (Vehicle to Grid)에 대한 개발 및 실증이 활발히 진행 되고 있다. 더불어 정전 시 배터리에 축적된 전기에너지를 가정에 공급하는 V2H (Vehicle to Home) 모드 또한 스마트그리드의 핵심 솔루션으로 부상하고 있다.</p> <p>일반적으로 양방향 배터리 충전기는 배터리 측 양방향 DC-DC컨버터와 계통 측 양방향 DC-AC인버터로 구성된다. 충전 또는 V2G동작 시 DC-AC인버터가 DC링크 커패시터의 전압을 제어하고 DC-DC컨버터는 배터리 CC-CV를 제어하며, V2H동작 시 DC-DC컨버터가 DC링크 커패시터의 전압을 제어하고 DC-AC인 버터는 AC측 전압을 제어하는 것이 일반적이다. 따라서 이러한 경우 충전 또는 V2G모드에서 V2H모드로 전환 시 DC-DC컨버터와 DC-AC인버터가 모두 모드전환을 하기 때문에 과도상태가 큰 문제가 있다. 또한 양방향 DC-DC컨버터로서 양방향 하프-브릿지 컨버터를 사용할 수 있는데 이는 회로가 간단하고 끊김없는 모드 전환 및 넓은 배터리 전압 제어범위를 갖는다. 하지만 전기적으로 절연이 되어 있지 않아 차량용 충전기로 적합하지 않다. 양방향 DC-DC컨버터로서 Dual Active Bridge(DAB)는 회로가 간단하며 위상차를 이용하여 전력흐름을 제어하는 방식으로 추가 회로 없이 모든 스위치가 ZVS턴온이 가능하다. 하지만 전압이나 전력의 변동으로 위상이 증가하게 되면 무효전력과 소자들의 전류 정격이 증가한다. 또한 입력과 출력의 전압비가 다르게 되면 경 부하에서 소프트 스위칭을 실패하는 문제가 있다. 양방향 CLLC 공진형 컨버터는 넓은 배터리 전압 제어범위를 갖고, 전 부하에서 모든 스위치가 소프트 스위칭을 하는 장점이 있다. 하지만 공진 탱크가 복잡하여 컨버터를 설계하기 어려우며 모드 전환 시 과도상태가 발생하는 단점이 있다.</p> <p>본 논문에서는 배터리 충전 뿐 아니라 \\( \\mathrm{V} 2 \\mathrm{G}, \\mathrm{V} 2 \\mathrm{H} \\) 모드로 동작이 가능한 전기자동차용 양방향 배터리 충전기를 제안한다. 제안하는 배터리 충전기는 양방향 DC-AC인버터와 2 단 방식의 양방향 DC-DC컨버터를 사용하여 넓은 배터리 전압 제어 범위를 갖는다. 양방향 DC-DC컨버터의 비절연부는 양방향 하프-브릿지 컨버터를 사용하였고, 절연부는 고정주파수 동작의 SRC를 사용하였다. 양방향 대칭의 특성을 갖는 절연형 SRC를 고정 주파수로 동작시킴으로서 최적 설계가 가능할 뿐만 아니라 전력의 방향과 부하 및 전압변동에 상관없이 항시 ZCS 턴온/턴오프를 성취하게 하였다. 또한 본 논문에서 제안한 제어방식은 DC-AC인버터가 충전 또는 V2G동작 시 배터리 CC-CV를 제어하고 V2H동작시 AC측 전압을 제어하며, DC-DC컨버터는 모드와 상관없이 항상 DC링크 커패시터 전압을 제어한다. 따라서 모드 전환 시 DC-DC컨버터는 모드를 전환하지 않고, DC-AC인버터만 모드를 전환하기 때문에 과도상태를 줄일 수 있다.</p>",
                "context_length": 1887,
                "summary": "최근의 추세는 전기자동차를 스마트 그리드영역에서 활용하는 것이다. 따라서 본 논문에서는 \\( \\mathrm{V} 2 \\mathrm{G}, \\mathrm{V} 2 \\mathrm{H} \\) 모드로 동작이 가능한 전기자동차용 양방향 배터리 충전기를 제안한다. 이 충전기는 양방향 인버터와 컨버터를 사용하여 전압제어범위가 넓다. 컨버터의 비절연부는 하프브릿지 컨버터를 사용하였고 절연부는 SRC를 사용하였다. 절연형 SRC를 고정주파수로 동작시킴으로써 부하나 전압변동에 상관없이 항시 ZCS 턴온/턴오프가 가능하다.",
                "clue": [
                    {
                        "clue_text": "최근 전기자동차를 스마트그리드 영역에서 활용하려는 시도가 다양하게 이뤄지고 있다.",
                        "clue_start": "241",
                        "clue_end": "286"
                    },
                    {
                        "clue_text": "본 논문에서는 배터리 충전 뿐 아니라 \\( \\mathrm{V} 2 \\mathrm{G}, \\mathrm{V} 2 \\mathrm{H} \\) 모드로 동작이 가능한 전기자동차용 양방향 배터리 충전기를 제안한다.",
                        "clue_start": "1320",
                        "clue_end": "1433"
                    },
                    {
                        "clue_text": "제안하는 배터리 충전기는 양방향 DC-AC인버터와 2 단 방식의 양방향 DC-DC컨버터를 사용하여 넓은 배터리 전압 제어 범위를 갖는다.",
                        "clue_start": "1434",
                        "clue_end": "1510"
                    },
                    {
                        "clue_text": "양방향 DC-DC컨버터의 비절연부는 양방향 하프-브릿지 컨버터를 사용하였고, 절연부는 고정주파수 동작의 SRC를 사용하였다.",
                        "clue_start": "1511",
                        "clue_end": "1580"
                    },
                    {
                        "clue_text": "양방향 대칭의 특성을 갖는 절연형 SRC를 고정 주파수로 동작시킴으로서 최적 설계가 가능할 뿐만 아니라 전력의 방향과 부하 및 전압변동에 상관없이 항시 ZCS 턴온/턴오프를 성취하게 하였다.",
                        "clue_start": "1581",
                        "clue_end": "1687"
                    }
                ],
                "terminology": [
                    {
                        "word": "Bridge"
                    },
                    {
                        "word": "CC-CV"
                    },
                    {
                        "word": "CLLC"
                    },
                    {
                        "word": "CLLC 공진형 컨버터"
                    },
                    {
                        "word": "DAB"
                    },
                    {
                        "word": "DC-AC인버터"
                    },
                    {
                        "word": "DC-DC컨버터"
                    },
                    {
                        "word": "DC링크"
                    },
                    {
                        "word": "DC링크 커패시터"
                    },
                    {
                        "word": "Dual"
                    },
                    {
                        "word": "Dual Active Bridge"
                    },
                    {
                        "word": "Grid"
                    },
                    {
                        "word": "Home"
                    },
                    {
                        "word": "SRC"
                    },
                    {
                        "word": "V2G"
                    },
                    {
                        "word": "Vehicle"
                    },
                    {
                        "word": "ZCS"
                    },
                    {
                        "word": "ZCS 턴온/턴오프"
                    },
                    {
                        "word": "ZVS턴온"
                    },
                    {
                        "word": "경 부하"
                    },
                    {
                        "word": "고정주파수"
                    },
                    {
                        "word": "공진 탱크"
                    },
                    {
                        "word": "공진형"
                    },
                    {
                        "word": "공진형 컨버터"
                    },
                    {
                        "word": "소프트 스위칭"
                    },
                    {
                        "word": "스마트그리드"
                    },
                    {
                        "word": "스위치"
                    },
                    {
                        "word": "스위칭"
                    },
                    {
                        "word": "양방향 DC-DC컨버터"
                    },
                    {
                        "word": "위상"
                    },
                    {
                        "word": "위상차"
                    },
                    {
                        "word": "전 부하"
                    },
                    {
                        "word": "전기적"
                    },
                    {
                        "word": "전력망"
                    },
                    {
                        "word": "전류"
                    },
                    {
                        "word": "전류 정격"
                    },
                    {
                        "word": "전압비"
                    },
                    {
                        "word": "전환"
                    },
                    {
                        "word": "주파수"
                    },
                    {
                        "word": "커패시터"
                    },
                    {
                        "word": "컨버터"
                    },
                    {
                        "word": "하프-브릿지"
                    },
                    {
                        "word": "하프-브릿지 컨버터"
                    },
                    {
                        "word": "회로"
                    }
                ]
            }
        ]
    }
}