{
    "dataset_info": {
        "identifier": "02-031-002-NL",
        "name": "기술과학 문서 요약 데이터",
        "category": "자연어",
        "last_updated": "2023-08-30"
    },
    "dataset": {
        "doc_id": "024688fc-1d543717-9500-427a-887c-d51e41869e40",
        "doc_type": "논문",
        "doc_title": {
            "kor": "광통신용 \\(10\\mathrm{Gbps}\\) CMOS 수신기 회로 설계",
            "eng": ""
        },
        "doc_category": {
            "KDC": "560.5",
            "DDC": ""
        },
        "doc_number": {
            "ISSN": "1226-7244",
            "ISBN": "",
            "DOI": "",
            "UCI": ""
        },
        "doc_year": "2010",
        "doc_author": [
            "박성경",
            "이영재",
            "변상진"
        ],
        "doc_publisher": "한국전기전자학회",
        "doc_license": "CC BY-NC",
        "context_info": [
            {
                "context_id": "55e-0c9-merge_ed_024688fc-1d543717-9500-427a-887c-d51e41869e40_00",
                "context_K-NSCC": {
                    "field": "인공물",
                    "large_category": "ED",
                    "medium_category": "99"
                },
                "context": "<h1>요 약</h1> <p>본 연구는 광통신을 위한 \\( 10 \\mathrm { Gbps } \\) CMOS 수신기 회로 설계에 관한 것이다. 수신기는 포토다이오드, 트랜스임피던스 증폭기, 리미팅 증폭기, 등화기, 클락 및 데이터 복원 회로, 디멀터플렉서, 기타 입출력 회로 등으로 구성되어 있다. 여러 광대역 혹은 고속 회로 기법을 써서 SONET OC-192 표준용 광통신에 적합한, 효과적이고 신뢰성 있는 수신기를 구현하고자 하였다.</p> <h1>I. 서론</h1> <p>광케이블은 케이블 무게와 규모, 전자기적간섭(electromagnetic interference or EMI)과 누화(crosstalk) 및 감쇄(attenuation)의 측면에서 구리 도선에 비해 우월하다. 최근에는 신호 전송 속도를 수십 Gbps 이상으로 높이면서 고성능, 고집적도 및 저비용의 광통신용 수신기를 구현하고자 하는 노력이 활발히 진행되고 있다. 본 연구에서 목표로 하는 광통신용 CMOS 수신기 표준은 SONET OC-192로서 입력 데이터의 속도는 \\( 9.95328 \\mathrm { ~Gb } / \\mathrm { s } \\) 이다. 목표로 하는 민감도(sensitivity) 수준은 \\( 10 ^ { -12 } \\) 목표 BER에서 포토 다이오드(photo diode or PD) 입력의 광전력을 기준으로 \\( -19 \\mathrm { dBm } \\) 이다. 수신기는 포토다이오드(photodiode or PD), 트랜스임피던스증폭기(transimpedance amplifier or TIA), 리미팅증폭기(limiting amplifier or LIA), 등화기(equalizer), 클락및데이터복원 (clock and data recovery or CDR) 회로, 디멀티플렉서(demultiplexer or demux) 등으로 구성돼 있다.</p> <p>PD는 광케이블을 거쳐서 들어온 송신 광신호를 전류 신호로 바꿔주는 역할을 한다. TIA는 \\( 10 \\mu \\mathrm { A } _ {\\mathrm { pp } } \\) 에서 \\( 1 \\mathrm { ~mA } _ {\\mathrm { pp } } \\) 수준의 작은 PD 출력 전류 신호를 전압 신호 로 바꿔주는 역할을 하는 저잡음 증폭기이다. LIA는 가변적인 TIA 출력 전압 신호를 일정 크기의 진폭을 갖는 전압 신호로 바꿔주는 증폭기로서 큰 이득대역 곱 (gain bandwidth product)을 가져야 한다. 등화기는 광케이블에서 생기는 분산(dispersion)에 의한 심볼간 간섭(intersymbol interference or ISI)과 결정론적(deterministic) 지터(jitter)를 보상해주는 블록이다. CDR 집적회로는 클락과 수신 데이터를 복원해주는 회로로서 본 논문에서는 이중루프에 기반을 두고 다상 LC 전압조절발진기(voltage-controlled oscillator or VCO)를 이용하여 설계했다. Demux는 저전압차동 신호전송(low-voltage differential signaling or LVDS)에 기반을 두고 설계되었고 1: 16 병렬화에 의해 \\( 622.08 \\mathrm { Mbps } \\) 보드율(baud rate) 혹은 전송률을 출력에서 얻을 수 있다.</p>",
                "context_length": 1623,
                "summary": "본 연구는 10 Gbps CMOS 수신기 회로 설계를 목표로 하며, 이는 포토다이오드, 트랜스임피던스 증폭기, 리미팅 증폭기 등 다양한 회로 구성 요소를 포함한다. 이를 통해 SONET OC-192 표준에 부합하는 신뢰성 있는 광통신 수신기를 구현하려 하였다.",
                "clue": [
                    {
                        "clue_text": "본 연구는 광통신을 위한 \\( 10 \\mathrm { Gbps } \\) CMOS 수신기 회로 설계에 관한 것이다.",
                        "clue_start": "16",
                        "clue_end": "79"
                    },
                    {
                        "clue_text": "수신기는 포토다이오드, 트랜스임피던스 증폭기, 리미팅 증폭기, 등화기, 클락 및 데이터 복원 회로, 디멀터플렉서, 기타 입출력 회로 등으로 구성되어 있다.",
                        "clue_start": "80",
                        "clue_end": "166"
                    },
                    {
                        "clue_text": "여러 광대역 혹은 고속 회로 기법을 써서 SONET OC-192 표준용 광통신에 적합한, 효과적이고 신뢰성 있는 수신기를 구현하고자 하였다.",
                        "clue_start": "167",
                        "clue_end": "245"
                    }
                ],
                "terminology": [
                    {
                        "word": "BER"
                    },
                    {
                        "word": "CDR"
                    },
                    {
                        "word": "CDR 집적회로"
                    },
                    {
                        "word": "CMOS"
                    },
                    {
                        "word": "CMOS 수신기"
                    },
                    {
                        "word": "CMOS 수신기 표준"
                    },
                    {
                        "word": "CMOS 수신기 회로 설계"
                    },
                    {
                        "word": "Demux"
                    },
                    {
                        "word": "EMI"
                    },
                    {
                        "word": "ISI"
                    },
                    {
                        "word": "LC"
                    },
                    {
                        "word": "LIA"
                    },
                    {
                        "word": "LVDS"
                    },
                    {
                        "word": "PD"
                    },
                    {
                        "word": "PD 출력"
                    },
                    {
                        "word": "SONET"
                    },
                    {
                        "word": "TIA"
                    },
                    {
                        "word": "TIA 출력"
                    },
                    {
                        "word": "VCO"
                    },
                    {
                        "word": "amplifier"
                    },
                    {
                        "word": "attenuation"
                    },
                    {
                        "word": "bandwidth"
                    },
                    {
                        "word": "baud rate"
                    },
                    {
                        "word": "data"
                    },
                    {
                        "word": "demultiplexer"
                    },
                    {
                        "word": "deterministic"
                    },
                    {
                        "word": "differential signaling"
                    },
                    {
                        "word": "diode"
                    },
                    {
                        "word": "dispersion"
                    },
                    {
                        "word": "electromagnetic"
                    },
                    {
                        "word": "electromagnetic interference"
                    },
                    {
                        "word": "gain"
                    },
                    {
                        "word": "gain bandwidth"
                    },
                    {
                        "word": "gain bandwidth product"
                    },
                    {
                        "word": "interference"
                    },
                    {
                        "word": "intersymbol interference"
                    },
                    {
                        "word": "low-voltage"
                    },
                    {
                        "word": "oscillator"
                    },
                    {
                        "word": "photodiode"
                    },
                    {
                        "word": "rate"
                    },
                    {
                        "word": "recovery"
                    },
                    {
                        "word": "transimpedance amplifier"
                    },
                    {
                        "word": "voltage-controlled oscillator"
                    },
                    {
                        "word": "고속 회로"
                    },
                    {
                        "word": "고집적도"
                    },
                    {
                        "word": "광대역"
                    },
                    {
                        "word": "광전력"
                    },
                    {
                        "word": "광케이블"
                    },
                    {
                        "word": "광통신"
                    },
                    {
                        "word": "구리"
                    },
                    {
                        "word": "기타 입출력 회로"
                    },
                    {
                        "word": "누화"
                    },
                    {
                        "word": "다상"
                    },
                    {
                        "word": "다이오드"
                    },
                    {
                        "word": "등화기"
                    },
                    {
                        "word": "디멀터플렉서"
                    },
                    {
                        "word": "디멀티플렉서"
                    },
                    {
                        "word": "리미팅"
                    },
                    {
                        "word": "리미팅 증폭기"
                    },
                    {
                        "word": "목표 BER"
                    },
                    {
                        "word": "민감도"
                    },
                    {
                        "word": "복원 회로"
                    },
                    {
                        "word": "송신"
                    },
                    {
                        "word": "송신 광신호"
                    },
                    {
                        "word": "수신기"
                    },
                    {
                        "word": "수신기 회로"
                    },
                    {
                        "word": "신뢰성"
                    },
                    {
                        "word": "신호 전송 속도"
                    },
                    {
                        "word": "심볼간 간섭"
                    },
                    {
                        "word": "이득대역"
                    },
                    {
                        "word": "이득대역 곱"
                    },
                    {
                        "word": "이중루프"
                    },
                    {
                        "word": "입출력 회로"
                    },
                    {
                        "word": "저비용의 광통신용 수신기"
                    },
                    {
                        "word": "저잡음 증폭기"
                    },
                    {
                        "word": "전류"
                    },
                    {
                        "word": "전송"
                    },
                    {
                        "word": "전송률"
                    },
                    {
                        "word": "증폭기"
                    },
                    {
                        "word": "지터"
                    },
                    {
                        "word": "진폭"
                    },
                    {
                        "word": "집적회로"
                    },
                    {
                        "word": "출력 전압"
                    },
                    {
                        "word": "출력 전압 신호"
                    },
                    {
                        "word": "클락"
                    },
                    {
                        "word": "클락및데이터복원"
                    },
                    {
                        "word": "트랜스임피던스"
                    },
                    {
                        "word": "트랜스임피던스증폭기"
                    },
                    {
                        "word": "포토다이오드"
                    },
                    {
                        "word": "회로"
                    },
                    {
                        "word": "회로 기법"
                    },
                    {
                        "word": "회로 설계"
                    }
                ]
            },
            {
                "context_id": "55e-0c9-merge_ed_024688fc-1d543717-9500-427a-887c-d51e41869e40_03",
                "context_K-NSCC": {
                    "field": "인공물",
                    "large_category": "ED",
                    "medium_category": "99"
                },
                "context": "<p>ISI를 완화하거나 제거하여 광 분산을 보상하고, 데이터의 아이(eye)를 열어주면, BER 성능이 향상된 수신기를 얻을 수 있다. 그래서 증폭기와 클락 및 데이터 복원 회로 사이에 고속 동작이 가능한 적응적 등화기를 추가하였다. 등화기는 크게 피드포워드등화기(feedforward equalizer or FFE와 피드백등화기(feedback equalizer)로 나뉘는데, 고속 동작과 안정성 (stability)을 위하여 본 연구에서는 FFE를 채택하였다. ISI 완화의 효율성을 높이기 위해 복수 개의 탭(tap)을 두었고, 잡음 면역성(immunity)을 높이기 위해 회로는 차동 구조롤 갖도록 설계하였다. 각 탭은 잡음 증폭을 방지하기 위해 한 비트폭(bit duration)(여기서는 \\( 100 \\mathrm { ps } \\) )미만의 간격을 갖도록 하였다. 그림 4(b)에 등화기 블록도가 간략히 나타나 있다. LIA나 가변이득증폭기로부터 들어온 신호는 지연 소자 및 탭 코어 회로를 거치면서 ISI가 보상된다. 탭 계수 C0, C1, C2의 크기를 적절히 선택하면 ISI가 효과적으로 제거 될 수 있다. 그림 4(c)는 탭이 두 개라고 가정할 경우의 FEE 회로를 보여준다. (탭 적응 회로는 제외함.) 입력이 AC coupling 된 차동 증폭기 구조이고, tail 전류원 크기가 탭 계수의 크기에 대응된다. 고속 동작을 위해 전류모드로직 (current-mode logic or CML)에 기반을 두고 있다.</p> <p>등화기의 적응기능(adaptation)을 담당하는 회로부는 주 FEE 부분의 탭 계수들을 시간 영역에서 적응적으로 조절해준다. 적응 기능은 이론상 최적의 효과를 보이는 최소평균자승(least mean square or LMS) 알고리즘에 기반을 둬 이루어지는데, 여기서는 고속회로 구현을 용이하게 하기 위해 수정된(modified) LMS 알고리즘을 적용하였다. 즉, 비트 신호의 반전이 일어날 정도로 ISI가 매우 크지는 않다는 전제 하에 다음의 수식 (1)을 그대로 회로적으로 구현하여 탭 계수를 주기적으로 업데이트(update)한다.</p> <p>\\( \\mathrm { c } ( \\mathrm { n } + 1) = \\mathrm { c } ( \\mathrm { n } ) + \\mu * \\mathrm { e } ( \\mathrm { n } ) *( \\) 등화된 비트 신호의 부호 \\( ) \\)수식 (1)에서 \\( \\mathrm { c } ( \\mathrm { n } + 1) \\) 은 시간 \\( \\mathrm { n } + 1 \\) 에서의 탭 계수 혹은 가중치(weight), \\( \\mathrm { c } ( \\mathrm { n } ) \\) 은 시간 n에서의 탭 가중치, 11 는 매번 업데이트되는 탭 가중치의 스텝(step) 크기를 나타내는 상수, \\( \\mathrm { e } ( \\mathrm { n } ) \\) 은 시간 n에서 판별기(decision circuit or slicer) 입출력 간의 차이를 나타내는 오차 신호이다.</p>",
                "context_length": 1512,
                "summary": "광 분산을 보상하고 데이터의 아이를 개선하여 BER 성능이 향상된 수신기를 제작하기 위해, 피드포워드등화기(FFE)를 사용하였다. 등화기의 탭 수를 늘려 ISI 완화 효율성을 높이고, 차동 구조를 도입하여 잡음 면역성을 강화하였다. 또한, 적응 기능은 최적의 효과를 보이는 최소평균자승(LMS) 알고리즘을 기반으로 하되, 고속회로 구현을 용이하게 하기 위해 수정된 LMS 알고리즘을 적용하였다.",
                "clue": [
                    {
                        "clue_text": "ISI를 완화하거나 제거하여 광 분산을 보상하고, 데이터의 아이(eye)를 열어주면, BER 성능이 향상된 수신기를 얻을 수 있다.",
                        "clue_start": "3",
                        "clue_end": "76"
                    },
                    {
                        "clue_text": "등화기는 크게 피드포워드등화기(feedforward equalizer or FFE와 피드백등화기(feedback equalizer)로 나뉘는데, 고속 동작과 안정성 (stability)을 위하여 본 연구에서는 FFE를 채택하였다.",
                        "clue_start": "132",
                        "clue_end": "260"
                    },
                    {
                        "clue_text": "ISI 완화의 효율성을 높이기 위해 복수 개의 탭(tap)을 두었고, 잡음 면역성(immunity)을 높이기 위해 회로는 차동 구조롤 갖도록 설계하였다.",
                        "clue_start": "261",
                        "clue_end": "346"
                    },
                    {
                        "clue_text": "적응 기능은 이론상 최적의 효과를 보이는 최소평균자승(least mean square or LMS) 알고리즘에 기반을 둬 이루어지는데, 여기서는 고속회로 구현을 용이하게 하기 위해 수정된(modified) LMS 알고리즘을 적용하였다.",
                        "clue_start": "825",
                        "clue_end": "956"
                    }
                ],
                "terminology": [
                    {
                        "word": "AC coupling"
                    },
                    {
                        "word": "BER"
                    },
                    {
                        "word": "BER 성능"
                    },
                    {
                        "word": "CML"
                    },
                    {
                        "word": "FEE 회로"
                    },
                    {
                        "word": "FFE"
                    },
                    {
                        "word": "ISI"
                    },
                    {
                        "word": "LMS"
                    },
                    {
                        "word": "LMS 알고리즘"
                    },
                    {
                        "word": "coupling"
                    },
                    {
                        "word": "current-mode"
                    },
                    {
                        "word": "decision"
                    },
                    {
                        "word": "equalizer"
                    },
                    {
                        "word": "feedforward"
                    },
                    {
                        "word": "least mean square"
                    },
                    {
                        "word": "mean square"
                    },
                    {
                        "word": "modified"
                    },
                    {
                        "word": "slicer"
                    },
                    {
                        "word": "stability"
                    },
                    {
                        "word": "tail"
                    },
                    {
                        "word": "tap"
                    },
                    {
                        "word": "가변"
                    },
                    {
                        "word": "가변이득증폭기"
                    },
                    {
                        "word": "가중치"
                    },
                    {
                        "word": "고속회로"
                    },
                    {
                        "word": "광 분산"
                    },
                    {
                        "word": "등화"
                    },
                    {
                        "word": "등화기"
                    },
                    {
                        "word": "면역성"
                    },
                    {
                        "word": "복원 회로"
                    },
                    {
                        "word": "비트 신호"
                    },
                    {
                        "word": "비트폭"
                    },
                    {
                        "word": "수신기"
                    },
                    {
                        "word": "스텝"
                    },
                    {
                        "word": "알고리즘"
                    },
                    {
                        "word": "업데이트"
                    },
                    {
                        "word": "잡음"
                    },
                    {
                        "word": "잡음 면역성"
                    },
                    {
                        "word": "잡음 증폭"
                    },
                    {
                        "word": "적응기능"
                    },
                    {
                        "word": "적응적 등화기"
                    },
                    {
                        "word": "전류모드"
                    },
                    {
                        "word": "전류모드로직"
                    },
                    {
                        "word": "증폭기"
                    },
                    {
                        "word": "지연 소자"
                    },
                    {
                        "word": "차동"
                    },
                    {
                        "word": "차동 증폭기"
                    },
                    {
                        "word": "최소평균자승"
                    },
                    {
                        "word": "코어 회로"
                    },
                    {
                        "word": "클락"
                    },
                    {
                        "word": "탭 가중치"
                    },
                    {
                        "word": "탭 계수"
                    },
                    {
                        "word": "탭 코어 회로"
                    },
                    {
                        "word": "피드백등화기"
                    },
                    {
                        "word": "피드포워드등화기"
                    },
                    {
                        "word": "회로"
                    },
                    {
                        "word": "회로부"
                    }
                ]
            },
            {
                "context_id": "55e-0c9-merge_ed_024688fc-1d543717-9500-427a-887c-d51e41869e40_05",
                "context_K-NSCC": {
                    "field": "인공물",
                    "large_category": "ED",
                    "medium_category": "01"
                },
                "context": "<p>그림 5(d)는 CR 루프가 정상 동작하고 있고 \\( 10 \\mathrm { Gbps } \\) 입력 데이터를 인가한 경우에, demux 출력에 서 복원된 \\( 622.08 \\mathrm { Mbps } \\) 의 16 bit 병렬 데이터 파형을 보여준다. 이 파형은 설계된 CDR 회로가 입력 데이 터를 올바르게 복원하고 있음을 보여준다. CDR 회로는 \\( 9.4 \\mathrm { Gbps } \\) 에서 \\( 11.3 \\mathrm { Gbps } \\) 의 데이터를 복원할 수 있도록 설계되었다. LC VCO는 작은 VCO 이득과 넓은 주파수 동작 영역을 위하여 2 bit 디지털 튜닝(coarse tuning) 기능을 갖추고 있다. 전류 소모는 \\( 1.2 \\mathrm { ~V } \\) 공급 전압 하에서 LC VCO가 \\( 10 \\mathrm { ~mA } \\) 이고, CDR 전체적으로는 \\( 100 \\mathrm { ~mA } \\) 를 소모한다. 18 개의 전치증폭기-LVDS 버퍼쌍은 \\( 2.5 \\mathrm { ~V } \\) 전원 전압에서 \\( 200 \\mathrm { ~mA } \\) 를 소모한다. CDR-demux 다이(die) 칩 면적은 \\( 3.0 * 3.4 \\mathrm { ~mm } ^ { 2 } \\)이고, \\( 8 * 8 \\mathrm { ~mm } ^ { 2 } \\) body size와 \\( 0.5 \\mathrm { ~mm } \\) ball pitch를 갖는 128-ball CABGA로 패키징 하였다.</p> <p>전체 수신기 모듈의 테스트 시나리오는 그림 6(a)와 같다. LD는 송신기용 레이저 다이오드를 의미한다. 그림 \\( 6( \\mathrm { ~b } ) \\) 는 등화기의 PMD 보상 성능을 측정하기 위한 테스트 셋업(setup)이다. PMD emulator가 가변적인 PMD를 생성시켜 준다.</p> <h1>III. 결론</h1> <p>본 연구에서는 하나의 SoC 솔루션으로서 SONET OC-192 표준을 만족시키는 저비용 고집적도의 10Gbps 광통신용 deep sub-micron CMOS 수신기를 설계 및 구현하였다. 수신기 IP(intellectual property)인 TIA, LIA, 등화기, CDR 회로, demux, I/O 회로 등을 설계함에 있어 shunt feedback, equalization, inductive peaking, CML, regulated cascode 등의 고속 동작 기법을 넣어 동작의 신뢰성을 높였다. 설계된 수신기는 PD 입력 민감도 \\( -19 \\mathrm { dBm } \\) 이하, 입력 속 도 \\( 10 \\mathrm { Gbps } \\) 이상, BER \\( \\ 10 ^ { -12 } \\) 이하, 출력 속도 \\( 622.08 \\mathrm { Mbps } \\), rms jitter \\( 1 \\mathrm { ps } \\) 이하, ISI \\( 70 \\% \\) 허용 등의 성능을 보여 OC-192 표준에 부합한다.</p>",
                "context_length": 1473,
                "summary": "본 연구는 10Gbps 광통신을 위한 저비용 고집적도의 SoC 솔루션을 제공한다. SONET OC-192 표준을 충족하는 deep sub-micron CMOS 수신기를 설계하고 구현하였다. 이를 위해 다양한 고속 동작 기법들을 통합하였으며, 전체 수신기 모듈의 테스트 시나리오는 그림 6(a)와 같이 구성되었다.",
                "clue": [
                    {
                        "clue_text": "본 연구에서는 하나의 SoC 솔루션으로서 SONET OC-192 표준을 만족시키는 저비용 고집적도의 10Gbps 광통신용 deep sub-micron CMOS 수신기를 설계 및 구현하였다.",
                        "clue_start": "947",
                        "clue_end": "1052"
                    },
                    {
                        "clue_text": "수신기 IP(intellectual property)인 TIA, LIA, 등화기, CDR 회로, demux, I/O 회로 등을 설계함에 있어 shunt feedback, equalization, inductive peaking, CML, regulated cascode 등의 고속 동작 기법을 넣어 동작의 신뢰성을 높였다.",
                        "clue_start": "1053",
                        "clue_end": "1233"
                    },
                    {
                        "clue_text": "전체 수신기 모듈의 테스트 시나리오는 그림 6(a)와 같다. LD는 송신기용 레이저 다이오드를 의미한다.",
                        "clue_start": "759",
                        "clue_end": "817"
                    }
                ],
                "terminology": [
                    {
                        "word": "BER"
                    },
                    {
                        "word": "CABGA"
                    },
                    {
                        "word": "CDR"
                    },
                    {
                        "word": "CDR 회로"
                    },
                    {
                        "word": "CML"
                    },
                    {
                        "word": "CMOS"
                    },
                    {
                        "word": "CMOS 수신기"
                    },
                    {
                        "word": "CR"
                    },
                    {
                        "word": "CR 루프"
                    },
                    {
                        "word": "I/O"
                    },
                    {
                        "word": "I/O 회로"
                    },
                    {
                        "word": "IP"
                    },
                    {
                        "word": "ISI"
                    },
                    {
                        "word": "LC"
                    },
                    {
                        "word": "LC VCO"
                    },
                    {
                        "word": "LD"
                    },
                    {
                        "word": "LIA"
                    },
                    {
                        "word": "PD"
                    },
                    {
                        "word": "PMD"
                    },
                    {
                        "word": "SONET"
                    },
                    {
                        "word": "SoC"
                    },
                    {
                        "word": "TIA"
                    },
                    {
                        "word": "VCO"
                    },
                    {
                        "word": "ball"
                    },
                    {
                        "word": "ball pitch"
                    },
                    {
                        "word": "cascode"
                    },
                    {
                        "word": "coarse"
                    },
                    {
                        "word": "coarse tuning"
                    },
                    {
                        "word": "deep sub-micron"
                    },
                    {
                        "word": "deep sub-micron CMOS"
                    },
                    {
                        "word": "demux"
                    },
                    {
                        "word": "emulator"
                    },
                    {
                        "word": "equalization"
                    },
                    {
                        "word": "inductive"
                    },
                    {
                        "word": "inductive peaking"
                    },
                    {
                        "word": "intellectual property"
                    },
                    {
                        "word": "jitter"
                    },
                    {
                        "word": "peaking"
                    },
                    {
                        "word": "pitch"
                    },
                    {
                        "word": "property"
                    },
                    {
                        "word": "rms jitter"
                    },
                    {
                        "word": "setup"
                    },
                    {
                        "word": "shunt"
                    },
                    {
                        "word": "sub-micron"
                    },
                    {
                        "word": "tuning"
                    },
                    {
                        "word": "고집적도"
                    },
                    {
                        "word": "공급 전압"
                    },
                    {
                        "word": "다이"
                    },
                    {
                        "word": "다이오드"
                    },
                    {
                        "word": "데이터 파형"
                    },
                    {
                        "word": "등화기"
                    },
                    {
                        "word": "디지털 튜닝"
                    },
                    {
                        "word": "레이저"
                    },
                    {
                        "word": "레이저 다이오드"
                    },
                    {
                        "word": "민감도"
                    },
                    {
                        "word": "병렬 데이터"
                    },
                    {
                        "word": "수신기"
                    },
                    {
                        "word": "시나리오"
                    },
                    {
                        "word": "신뢰성"
                    },
                    {
                        "word": "전류"
                    },
                    {
                        "word": "전원 전압"
                    },
                    {
                        "word": "주파수"
                    },
                    {
                        "word": "주파수 동작 영역"
                    },
                    {
                        "word": "파형"
                    },
                    {
                        "word": "회로"
                    }
                ]
            },
            {
                "context_id": "55e-0c9-merge_ed_024688fc-1d543717-9500-427a-887c-d51e41869e40_04",
                "context_K-NSCC": {
                    "field": "인공물",
                    "large_category": "ED",
                    "medium_category": "99"
                },
                "context": "<p>그림 4(d)와 (e)에 등화기 입력과 출력이 도시돼 있다. DGD 혹은 ISI가 \\( 70 \\% \\) 로서 높은 값을 갖고 있을 때의 PRBS 입력이 그림 4(d)에 나타나 있고, 분산이 보상된 후의 등화기 버퍼 출력이 그림 4(e)에 나타나 있다. 아이(eye)가 크게 확장된 비트열이 수신됨을 확인할 수 있다. 출력 진폭은 약 \\( 300 \\mathrm { mV } _ {\\mathrm { pp } } \\) 였고, 전력 소모는 \\( 25 \\mathrm { ~mW } \\) 정도였는데, 대부분의 전류가 출력 버퍼에서 소모됐다. 등화기 회로는 다른 모든 회로와 마찬가지로 \\(0.13\\mathrm{\\mu m}\\) CMOS 공정을 써서 설계되었다. 등화기도 TIA, LIA와 마찬가지로 low-pin-count 고속 동작에 적합한 MLF 패키징을 하였다.</p> <h2>4. 클락 및 데이터 복원 (CDR) 회로</h2> <p>CDR 회로는 전압조절발진기 VCO에서 복원된 클락의 지터(jitter)가 \\( 1 \\mathrm { ps } _ {\\mathrm { rms } } \\) 이하라는 목표치 하에서 설계되었다. 그림 5(a)에 CDR의 블록도가 있다. CDR 회로는 초기 주파수 획득 루프와 클락복원(clock recovery or CR) 루프의 이중루프(dual loop)로 구성된다. 초기 주파수 획득 루프는 위상및주파수검출기(PFD), 전하펌프(charge pump), 루프 필터, 4 상(4 phase) LC VCO, 락검출기(lock detector) 및 락제어기(lock controller) 등으로 구성된다. 초기 주파수 획득 루프가 동작하여 lock detector가 \\( 400 \\mathrm { ppm } \\) 이내의 락(lock)을 선언하면 lock controller는 먹스(mux)에 신호를 인가하여 CR 루프의 동작을 개시하게 한다. CR 루프는 1/4 rate 선형 위상검출기(PD), 고속 Gm(or transconductance) 회로, 루프 필터, LC VCO 등으로 이루어진다. PD는 데이터복원(data recovery or DR) 기능도 수행하는데, 복원된 데이터는 1: 16 디먹스(demux)를 통해 \\( 622.08 \\mathrm { Mbps } \\) 의 \\( 16 \\mathrm { bit } \\) 신호로 병렬화 된다. 복원된 \\( 16 \\mathrm { bit } \\) 병렬 데이터와 두 개의 복원된 \\( 622.08 \\mathrm { MHz } \\) 의 클락들은 18 개의 전치증폭기(preamplifier)와 18개의 LVDS 버퍼 쌍을 통해 출력된다. 각 블록들은 잡음에 둔감하게 하기 위해 가능한 한 차동 회로로 설계하였고, 고속 동작을 위해 역시 CML을 차용하였다.</p> <p>그림 5(b)에 lock detector의 블록도를 도시하였다. \\(\\mathrm{400ppm}\\)과 \\(\\mathrm{600ppm}\\) 주파수 허용오차(tolerance) 간 선택이 가능하다. 이 회로를 이용하여 초기 주파수 획득 루프를 동작시킨 결과, VCO 제어 전압의 settling behavior가 그림 5(c)와 같았다. 초기 주파수 획득 루프의 모의실험 시간을 줄이기 위하여 실제 루프 필터의 제로(zero)의 위치를 루프 안정성을 보장하는 범위 내에서 10배 크게 하였다. 초기 주파수 획득 루프가 동작한 후에, 확대그림(enlarged figure)에서 알 수 있듯이 정상적으로 CR 루프로 천이(transition)하였다. 이 천이 과정에서 VCO 제어 전압에 피킹 현상이 일어나는 이유는 다음과 같다. 초기 주파수 획득 루프는 입력 준거(ref.) 주파수에 LC VCO의 주파수를 동기화시킨다. Lock detector가 주파수 동기를 선언하더라도, LC VCO에서 생성된 클락 신호는 입력 데이터와 주파수 동기는 이루었지만 위상 차이는 존재하게 된다. 이러한 위상 차이가 VCO 조정 전압에 피킹 현상으로 나타나는 것이다. CR 루프에서는 PD를 이용하여 이 위상차를 줄이는 기능을 한다. 성공적으로 위상차가 줄어들었을 경우, 복원된 클락은 입력 데이터의 정중앙을 샘플링하게 된다.</p>",
                "context_length": 2048,
                "summary": "DGD/ISI \\(70\\%\\)로 높은 값을 갖는 PRBS 입력에 대해 \\(300\\mathrm{mVpp}\\) 출력과 \\(25\\mathrm{mW}\\) 소모량을 갖는 MLF 패키징 등화기를 설계하였다. 등화기는 TIA, LIA와 마찬가지로 low-pin-count 고속 동작에 적합하며, 입력과 출력이 도시돼 있어 아이(eye)가 크게 확장된 비트열이 수신됨을 확인할 수 있다. CDR 회로는 VCO에서 복원된 클락의 지터를 줄이고 데이터를 복원하는 기능을 한다.",
                "clue": [
                    {
                        "clue_text": "DGD 혹은 ISI가 \\( 70 \\% \\) 로서 높은 값을 갖고 있을 때의 PRBS 입력이 그림 4(d)에 나타나 있고, 분산이 보상된 후의 등화기 버퍼 출력이 그림 4(e)에 나타나 있다.",
                        "clue_start": "37",
                        "clue_end": "143"
                    },
                    {
                        "clue_text": "출력 진폭은 약 \\( 300 \\mathrm { mV } _ {\\mathrm { pp } } \\) 였고, 전력 소모는 \\( 25 \\mathrm { ~mW } \\) 정도였는데, 대부분의 전류가 출력 버퍼에서 소모됐다.",
                        "clue_start": "180",
                        "clue_end": "299"
                    },
                    {
                        "clue_text": "등화기도 TIA, LIA와 마찬가지로 low-pin-count 고속 동작에 적합한 MLF 패키징을 하였다.",
                        "clue_start": "366",
                        "clue_end": "425"
                    },
                    {
                        "clue_text": "CDR 회로는 전압조절발진기 VCO에서 복원된 클락의 지터(jitter)가 \\( 1 \\mathrm { ps } _ {\\mathrm { rms } } \\) 이하라는 목표치 하에서 설계되었다.",
                        "clue_start": "466",
                        "clue_end": "571"
                    },
                    {
                        "clue_text": "아이(eye)가 크게 확장된 비트열이 수신됨을 확인할 수 있다.",
                        "clue_start": "144",
                        "clue_end": "179"
                    }
                ],
                "terminology": [
                    {
                        "word": "CDR"
                    },
                    {
                        "word": "CDR 회로"
                    },
                    {
                        "word": "CML"
                    },
                    {
                        "word": "CMOS"
                    },
                    {
                        "word": "CR"
                    },
                    {
                        "word": "CR 루프"
                    },
                    {
                        "word": "DGD"
                    },
                    {
                        "word": "DR"
                    },
                    {
                        "word": "Gm"
                    },
                    {
                        "word": "ISI"
                    },
                    {
                        "word": "LC"
                    },
                    {
                        "word": "LC VCO"
                    },
                    {
                        "word": "LVDS"
                    },
                    {
                        "word": "Lock detector"
                    },
                    {
                        "word": "MLF"
                    },
                    {
                        "word": "PFD"
                    },
                    {
                        "word": "PRBS"
                    },
                    {
                        "word": "PRBS 입력"
                    },
                    {
                        "word": "TIA"
                    },
                    {
                        "word": "VCO"
                    },
                    {
                        "word": "VCO 제어 전압"
                    },
                    {
                        "word": "VCO 조정 전압"
                    },
                    {
                        "word": "VCO의 주파수"
                    },
                    {
                        "word": "charge"
                    },
                    {
                        "word": "charge pump"
                    },
                    {
                        "word": "clock recovery"
                    },
                    {
                        "word": "controller"
                    },
                    {
                        "word": "data"
                    },
                    {
                        "word": "demux"
                    },
                    {
                        "word": "detector"
                    },
                    {
                        "word": "dual"
                    },
                    {
                        "word": "dual loop"
                    },
                    {
                        "word": "lock"
                    },
                    {
                        "word": "loop"
                    },
                    {
                        "word": "low-pin-count"
                    },
                    {
                        "word": "mux"
                    },
                    {
                        "word": "preamplifier"
                    },
                    {
                        "word": "pump"
                    },
                    {
                        "word": "rate"
                    },
                    {
                        "word": "recovery"
                    },
                    {
                        "word": "settling"
                    },
                    {
                        "word": "tolerance"
                    },
                    {
                        "word": "transconductance"
                    },
                    {
                        "word": "transition"
                    },
                    {
                        "word": "zero"
                    },
                    {
                        "word": "등화기"
                    },
                    {
                        "word": "등화기 회로"
                    },
                    {
                        "word": "루프 필터"
                    },
                    {
                        "word": "먹스"
                    },
                    {
                        "word": "모의실험"
                    },
                    {
                        "word": "버퍼 출력"
                    },
                    {
                        "word": "비트열"
                    },
                    {
                        "word": "위상"
                    },
                    {
                        "word": "위상검출기"
                    },
                    {
                        "word": "위상차"
                    },
                    {
                        "word": "이중루프"
                    },
                    {
                        "word": "잡음"
                    },
                    {
                        "word": "전력 소모"
                    },
                    {
                        "word": "전류"
                    },
                    {
                        "word": "전치증폭기"
                    },
                    {
                        "word": "전하펌프"
                    },
                    {
                        "word": "제어 전압"
                    },
                    {
                        "word": "조정 전압"
                    },
                    {
                        "word": "주파수"
                    },
                    {
                        "word": "주파수 동기"
                    },
                    {
                        "word": "주파수 획득"
                    },
                    {
                        "word": "주파수 획득 루프"
                    },
                    {
                        "word": "준거"
                    },
                    {
                        "word": "지터"
                    },
                    {
                        "word": "진폭"
                    },
                    {
                        "word": "차동"
                    },
                    {
                        "word": "차동 회로"
                    },
                    {
                        "word": "천이 과정"
                    },
                    {
                        "word": "출력 버퍼"
                    },
                    {
                        "word": "출력 진폭"
                    },
                    {
                        "word": "클락"
                    },
                    {
                        "word": "클락 신호"
                    },
                    {
                        "word": "피킹"
                    },
                    {
                        "word": "피킹 현상"
                    },
                    {
                        "word": "허용오차"
                    },
                    {
                        "word": "회로"
                    }
                ]
            },
            {
                "context_id": "55e-0c9-merge_ed_024688fc-1d543717-9500-427a-887c-d51e41869e40_01",
                "context_K-NSCC": {
                    "field": "인공물",
                    "large_category": "ED",
                    "medium_category": "04"
                },
                "context": "<h1>II. 본론</h1> <p>수신기 전체 구조를 직렬 연결 꼴의 체인(chain)으로 표현하면 그림 1 과 같다. PD에서는 광신호가 전류 신호로 바뀌고, TIA에서는 전류 신호가 전압 신호로 바뀐다. 그림 1 에서는 등화기(equalizer) 앞에 LIA가 있으나 실제로는 자동 이득 및 옵셋(offset) 조절을 이용한 가변이득증폭기(variable-gain amplifier)를 쓸 수도 있다. 등화기에 의해 분산이 보상 된 데이터 신호가 CDR 회로로 들어가고, 이 CDR 회로에서 복원된 클락이 demux의 준거 신호로 쓰인다. 이상의 각 고속 블록의 CMOS 집적회로 설계에 대해서는 다음의 1절부터 4절에 걸쳐 좀 더 구체적으로 설명하고자 한다.</p> <h2>1. 트랜스임피던스 증폭기 (TIA)</h2> <p>기존의 CMOS TIA는 속도와 기생 성분 측면에서 기존의 화합물 반도체나 \\( \\mathrm{SiGe} \\) HBT를 이용한 TIA에 비해 약점을 가지고 있었다. 그러나 CMOS 기술이 비약적으로 발전하면서 타 소자 기술과의 갭(gap)이 줄어들어, \\( 10 \\mathrm { Gbps } \\) 또는 \\( 40 \\mathrm { Gbps } \\) 에서 동작하는 CMOS TIA의 상용화가 가능해졌다. 그림 2(a)에 나타나 있듯이 TIA는 PD와 함께 모듈로서 제작되어 성능 평가를 하기 때문에 PD와 TIA의 연결되는 부분의 기생 커패시턴스를 최대한 줄이기 위한 설계가 이루어져야 한다. 제작된 모듈의 PD 부분으로 입력된 광신호는 작은 전기적 전류 신호로 변환되고, 이어서 TIA에 의해 전류 신호가 전압 신호로 변환되어 차동 형태로 출력된다.</p> <p>TIA의 설계에서 중요한 점은 입력단에서 PD와 연결 시 기생 커패시턴스가 최소가 되도록 해야 하고, 트랜스임피던스 이득을 선형성을 고려해 결정해야 하며, common-mode 잡음을 줄이기 위해 차동 출력을 얻기 위한 구조가 제안되어야 한다는 것이다. 그림 2(b)에 TIA의 블록도가 그려져 있다. TIA는 입력단, 싱글 입력을 차동 입력으로 변환시켜주는 광대역 능동(active) 밸런(balun), 그리고 차단 주파수 \\( \\mathrm { f } _ {\\mathrm { T } } \\) 를 두 배로 만들어주는 출력 버퍼로 구성돼 있다. 본 설계에서는 상기의 유의사항을 고려하여 그림 2(c)의 입력단은 regulated cascode MOS 구조에 기반을 두었고, 이 구조의 이득향상(gain boosting) 기법을 통해 입력 임피던스를 줄였다. 차동 출력을 위해서 그림 2(d)와 같이 광대역 특성을 갖는 Cherry-Hooper 구조의 능동 밸런을 이용하였다. 이 구조는 shunt-shunt 피드백이 입출구 임피던스를 줄여주어 광대역을 달성한다는 원리에 입각한 것이다. 트랜스 임피던스 이득은 피드백 저항 \\( \\mathrm { R } _ {\\mathrm { F } } \\)를 이용하여 결정한 다. 그림 2(e), (f), (g)는 각각 입구 전류가 \\( 10 \\mu \\mathrm{ A } , 100 \\) \\( \\mu \\mathrm { A } , 1 \\mathrm { ~mA } \\) 일 때의 입출력 파형, 그리고 PRBS(pseudo-random bit sequence) 데이터에 대한 아이다이어그램 (eye diagram)을 보여주고 있다. s 변수 중 s22는 \\( -10 \\mathrm { ~dB } \\), 대역폭(bandwidth or \\( \\mathrm { BW } \\) )은 \\( 8.5 \\mathrm { GHz } \\), 이득은 \\( 800 \\Omega \\) 이었다.</p>",
                "context_length": 1792,
                "summary": "이 연구는 고속 블록의 CMOS 집적회로 설계에 초점을 맞춘다. 기존 CMOS TIA는 속도와 기생 성분 면에서 화합물 반도체나 SiGe HBT를 이용한 TIA에 비해 뒤떨어지지만, 이 연구는 광신호를 전기적 전류 신호로 변환하고, TIA를 통해 전압 신호로 재변환하는 과정을 설명한다. TIA 설계에서 주요한 점은 PD와의 기생 커패시턴스 최소화, 선형성을 고려한 트랜스임피던스 이득 결정, 그리고 common-mode 잡음 감소를 위한 차동 출력 구조 제안이다.",
                "clue": [
                    {
                        "clue_text": "이상의 각 고속 블록의 CMOS 집적회로 설계에 대해서는 다음의 1절부터 4절에 걸쳐 좀 더 구체적으로 설명하고자 한다.",
                        "clue_start": "304",
                        "clue_end": "371"
                    },
                    {
                        "clue_text": "기존의 CMOS TIA는 속도와 기생 성분 측면에서 기존의 화합물 반도체나 \\( \\mathrm{SiGe} \\) HBT를 이용한 TIA에 비해 약점을 가지고 있었다.",
                        "clue_start": "409",
                        "clue_end": "500"
                    },
                    {
                        "clue_text": "제작된 모듈의 PD 부분으로 입력된 광신호는 작은 전기적 전류 신호로 변환되고, 이어서 TIA에 의해 전류 신호가 전압 신호로 변환되어 차동 형태로 출력된다.",
                        "clue_start": "741",
                        "clue_end": "829"
                    },
                    {
                        "clue_text": "TIA의 설계에서 중요한 점은 입력단에서 PD와 연결 시 기생 커패시턴스가 최소가 되도록 해야 하고, 트랜스임피던스 이득을 선형성을 고려해 결정해야 하며, common-mode 잡음을 줄이기 위해 차동 출력을 얻기 위한 구조가 제안되어야 한다는 것이다.",
                        "clue_start": "837",
                        "clue_end": "978"
                    }
                ],
                "terminology": [
                    {
                        "word": "BW"
                    },
                    {
                        "word": "CDR"
                    },
                    {
                        "word": "CDR 회로"
                    },
                    {
                        "word": "CMOS"
                    },
                    {
                        "word": "CMOS TIA"
                    },
                    {
                        "word": "CMOS 기술"
                    },
                    {
                        "word": "CMOS 집적회로"
                    },
                    {
                        "word": "HBT"
                    },
                    {
                        "word": "LIA"
                    },
                    {
                        "word": "MOS 구조"
                    },
                    {
                        "word": "PD"
                    },
                    {
                        "word": "PRBS"
                    },
                    {
                        "word": "amplifier"
                    },
                    {
                        "word": "balun"
                    },
                    {
                        "word": "bandwidth"
                    },
                    {
                        "word": "boosting"
                    },
                    {
                        "word": "cascode"
                    },
                    {
                        "word": "chain"
                    },
                    {
                        "word": "common-mode"
                    },
                    {
                        "word": "common-mode 잡음"
                    },
                    {
                        "word": "demux"
                    },
                    {
                        "word": "diagram"
                    },
                    {
                        "word": "eye diagram"
                    },
                    {
                        "word": "gain"
                    },
                    {
                        "word": "gain boosting"
                    },
                    {
                        "word": "offset"
                    },
                    {
                        "word": "pseudo-random"
                    },
                    {
                        "word": "regulated cascode MOS 구조"
                    },
                    {
                        "word": "s 변수"
                    },
                    {
                        "word": "sequence"
                    },
                    {
                        "word": "shunt-shunt 피드백"
                    },
                    {
                        "word": "가변"
                    },
                    {
                        "word": "가변이득증폭기"
                    },
                    {
                        "word": "갭"
                    },
                    {
                        "word": "광대역"
                    },
                    {
                        "word": "기생 성분"
                    },
                    {
                        "word": "기생 커패시턴스"
                    },
                    {
                        "word": "대역폭"
                    },
                    {
                        "word": "데이터 신호"
                    },
                    {
                        "word": "등화기"
                    },
                    {
                        "word": "밸런"
                    },
                    {
                        "word": "선형성"
                    },
                    {
                        "word": "수신기"
                    },
                    {
                        "word": "아이다이어그램"
                    },
                    {
                        "word": "옵셋"
                    },
                    {
                        "word": "이득향상"
                    },
                    {
                        "word": "임피던스"
                    },
                    {
                        "word": "입력 임피던스"
                    },
                    {
                        "word": "입출력 파형"
                    },
                    {
                        "word": "자동 이득"
                    },
                    {
                        "word": "잡음"
                    },
                    {
                        "word": "전기적"
                    },
                    {
                        "word": "전기적 전류"
                    },
                    {
                        "word": "전류"
                    },
                    {
                        "word": "주파수"
                    },
                    {
                        "word": "준거"
                    },
                    {
                        "word": "증폭기"
                    },
                    {
                        "word": "직렬"
                    },
                    {
                        "word": "직렬 연결"
                    },
                    {
                        "word": "집적회로"
                    },
                    {
                        "word": "집적회로 설계"
                    },
                    {
                        "word": "차단 주파수"
                    },
                    {
                        "word": "차동"
                    },
                    {
                        "word": "차동 입력"
                    },
                    {
                        "word": "차동 출력"
                    },
                    {
                        "word": "차동 형태"
                    },
                    {
                        "word": "출력 버퍼"
                    },
                    {
                        "word": "커패시턴스"
                    },
                    {
                        "word": "클락"
                    },
                    {
                        "word": "트랜스"
                    },
                    {
                        "word": "트랜스임피던스"
                    },
                    {
                        "word": "트랜스임피던스 이득"
                    },
                    {
                        "word": "트랜스임피던스 증폭기"
                    },
                    {
                        "word": "파형"
                    },
                    {
                        "word": "피드백 저항"
                    },
                    {
                        "word": "화합물"
                    },
                    {
                        "word": "회로"
                    }
                ]
            },
            {
                "context_id": "55e-0c9-merge_ed_024688fc-1d543717-9500-427a-887c-d51e41869e40_02",
                "context_K-NSCC": {
                    "field": "인공물",
                    "large_category": "ED",
                    "medium_category": "99"
                },
                "context": "<h2>2. 리미팅 증폭기 (LIA)</h2> <p>LIA는 TIA에서 출력되는 작은 전압 신호를 갖고, 뒷단에서 신호처리를 할 수 있을 정도로 충분히 큰 신호로 증폭하는 역할을 한다. 따라서 LIA에 입력되는 가변 신호 레벨에 대해 LIA의 출력은 항상 일정한 크기의 신호를 내도록 설계되어야 한다. LIA가 \\( 10 \\mathrm { Gbps } \\) 의 신호를 처리하기 위해서는 당연히 신호 대역폭이 커야 하고, 따라서 광대역 특성을 얻을 수 있 는 부궤환(negative feedback)과 커패시터궤환(capacitive feedback) 등을 이용하여 \\( 10 \\mathrm { GHz } \\) 이상의 대역폭을 갖도록 설계하였다. 입력단과 출력단은 각각 \\( 50 \\Omega \\) 저항으로 매칭(matching)이 되어야 하기 때문에 저항을 이용하여 광대역 매칭이 되도록 설계하였고, common-mode 잡음을 줄이기 위한 차동 구조에 인덕터를 이용한 피킹 (inductive peaking) 기술을 써서 이득에서 조금 손해를 보더라도 대역폭을 키웠다.</p> <p>LIA는 그림 3(a)에 도시된 것처럼 입력단, 다단의 이득 코어, 출력 버퍼단으로 구성되어 있으며, 코어 각 단마다 약 \\( 10 \\mathrm { ~dB } \\) 의 이득을 갖도록 설계했기 때문에 대략 충 \\( 60 \\mathrm { ~dB } \\) 의 이득을 갖게 된다. 입력 민감도를 \\( 4 \\mathrm { mV } _ {\\mathrm { pp } } \\) 로 키우다 보니 단의 개수가 증가하게 되었다. DC 오프셋(offset) 제거를 위한 RC 궤환 혹은 피드백 부분의 차단 주파수는 수십 \\( \\mathrm { kHz } \\) 정도로 설계되었다. 그림 3(b)와 (c)에 입력단 회로와 이득단 코어 회로가 도시돼 있다. 능동 부궤환, 인덕터 피킹, 광대역 구조 등을 차용하여 대역을 확장시켰다. 그림 3(d)는 LIA의 AC 응답을 나타내고 있고, 차단 주파수 혹은 BW가 \\( 11.4 \\mathrm { GHz } \\) 임을 보여준다. 그림 3(e)는 \\( 50 \\mathrm { mV } _ {\\mathrm { pp } } \\) 입력에 대한 출력 파형 및 아이 다이어그램을 보여주고 있다. s 변수 중 \\( \\mathrm { s } 11 \\) 은 \\( -12 \\mathrm { ~dB } \\) 였다.</p> <h2>3. 등화기 (equalizer)</h2> <p>수 Gbps 이상에서 기존의 저가 광케이블을 쓰게 되면 전송된 광신호는 분산(dispersion)을 겪게 된다. 광학에서의 분산은 크게 편광모드분산(polarization-mode dispersion or PMD)과 색분산(chromatic dispersion or CD)으로 나뉜다. 여기서 색분산은 빛의 파장에 따라 전파 속도가 다르기 때문에 생긴다. 이러한 분산과 수신기의 제한된 대역폭 및 비선형성으로 인해 전송 신호에 심볼간간섭(intersymbol interference or ISI)이 나타난다. 전송 비트열이 더 고속이 될수록 신호의 왜곡 및 ISI 정도는 더 커지게 된다. 등화기(equalizer)는 ISI를 완화 및 제거하기 위해 필요하며, 광통신에서의 등화는 광분산인PMD나 CD를 보상하는 의미로 쓰인다. \\( 10 \\mathrm { Gbps } \\) 에서 PMD 혹은 차동군지 연(differential group delay or DGD)이 \\( 100 \\mathrm { ps } \\) 정도 되면 아이(eye)가 거의 닫히게 되므로 낮은 비트오류율(BER)의 신뢰성 있는 데이터 복구가 불가능해진다. 여기서 DGD는 두 개의 서로 직교하는 빛의 상태 간의 지연차를 의미한다. 그림 \\( 4( \\mathrm { a } ) \\) 에는 \\( 80 \\% \\) 정도의 높은 ISI를 갖는 전기적 비트 수열(stream)(위쪽)과 이에 대응하는 광 비트 수열(아래쪽)이 나타나 있다. 아이(eye)가 많이 닫혀 있음을 알 수 있다. 한편, PMD는 시간에 따라 천천히 변화하므로 이를 추적하여 계속적으로 ISI를 제거해 주는 적응적인 등화기가 필요하다.</p>",
                "context_length": 2038,
                "summary": "LIA는 TIA에서 출력되는 작은 신호를 강한 신호로 증폭하는 리미팅 증폭기로, \\( 10 \\mathrm { Gbps } \\) 신호를 처리하기 위해 부궤환과 커패시터궤환 등을 이용하여 \\( 10 \\mathrm { GHz } \\) 이상의 대역폭을 갖도록 설계하였다. 입력 민감도는 \\( 4 \\mathrm { mV } _ {\\mathrm { pp } } \\) 로 키워 이득은 약 \\( 60 \\mathrm { ~dB } \\) 이며, DC 오프셋 제거를 위한 RC 궤환 혹은 피드백 부분의 차단 주파수는 수십 \\( \\mathrm { kHz } \\) 정도로 설계되었다.",
                "clue": [
                    {
                        "clue_text": "LIA는 TIA에서 출력되는 작은 전압 신호를 갖고, 뒷단에서 신호처리를 할 수 있을 정도로 충분히 큰 신호로 증폭하는 역할을 한다.",
                        "clue_start": "29",
                        "clue_end": "103"
                    },
                    {
                        "clue_text": "LIA가 \\( 10 \\mathrm { Gbps } \\) 의 신호를 처리하기 위해서는 당연히 신호 대역폭이 커야 하고, 따라서 광대역 특성을 얻을 수 있 는 부궤환(negative feedback)과 커패시터궤환(capacitive feedback) 등을 이용하여 \\( 10 \\mathrm { GHz } \\) 이상의 대역폭을 갖도록 설계하였다.",
                        "clue_start": "169",
                        "clue_end": "360"
                    },
                    {
                        "clue_text": "LIA는 그림 3(a)에 도시된 것처럼 입력단, 다단의 이득 코어, 출력 버퍼단으로 구성되어 있으며, 코어 각 단마다 약 \\( 10 \\mathrm { ~dB } \\) 의 이득을 갖도록 설계했기 때문에 대략 충 \\( 60 \\mathrm { ~dB } \\) 의 이득을 갖게 된다.",
                        "clue_start": "551",
                        "clue_end": "705"
                    },
                    {
                        "clue_text": "입력 민감도를 \\( 4 \\mathrm { mV } _ {\\mathrm { pp } } \\) 로 키우다 보니 단의 개수가 증가하게 되었다.",
                        "clue_start": "706",
                        "clue_end": "782"
                    },
                    {
                        "clue_text": "DC 오프셋(offset) 제거를 위한 RC 궤환 혹은 피드백 부분의 차단 주파수는 수십 \\( \\mathrm { kHz } \\) 정도로 설계되었다.",
                        "clue_start": "783",
                        "clue_end": "865"
                    }
                ],
                "terminology": [
                    {
                        "word": "BW"
                    },
                    {
                        "word": "CD"
                    },
                    {
                        "word": "DC"
                    },
                    {
                        "word": "DC 오프셋"
                    },
                    {
                        "word": "DGD"
                    },
                    {
                        "word": "ISI"
                    },
                    {
                        "word": "LIA"
                    },
                    {
                        "word": "PMD"
                    },
                    {
                        "word": "RC"
                    },
                    {
                        "word": "RC 궤환"
                    },
                    {
                        "word": "TIA"
                    },
                    {
                        "word": "common-mode"
                    },
                    {
                        "word": "common-mode 잡음"
                    },
                    {
                        "word": "delay"
                    },
                    {
                        "word": "dispersion"
                    },
                    {
                        "word": "group delay"
                    },
                    {
                        "word": "interference"
                    },
                    {
                        "word": "peaking"
                    },
                    {
                        "word": "s 변수"
                    },
                    {
                        "word": "가변"
                    },
                    {
                        "word": "가변 신호 레벨"
                    },
                    {
                        "word": "광대역"
                    },
                    {
                        "word": "광대역 매칭"
                    },
                    {
                        "word": "광케이블"
                    },
                    {
                        "word": "광통신"
                    },
                    {
                        "word": "궤환"
                    },
                    {
                        "word": "다이어그램"
                    },
                    {
                        "word": "대역폭"
                    },
                    {
                        "word": "등화"
                    },
                    {
                        "word": "등화기"
                    },
                    {
                        "word": "리미팅"
                    },
                    {
                        "word": "리미팅 증폭기"
                    },
                    {
                        "word": "민감도"
                    },
                    {
                        "word": "버퍼단"
                    },
                    {
                        "word": "부궤환"
                    },
                    {
                        "word": "부궤환(negative feedback)"
                    },
                    {
                        "word": "분산(dispersion)"
                    },
                    {
                        "word": "비선형성"
                    },
                    {
                        "word": "비트열"
                    },
                    {
                        "word": "비트오류율"
                    },
                    {
                        "word": "색분산"
                    },
                    {
                        "word": "수신기"
                    },
                    {
                        "word": "신뢰성"
                    },
                    {
                        "word": "신호 대역폭"
                    },
                    {
                        "word": "심볼간간섭"
                    },
                    {
                        "word": "아이 다이어그램"
                    },
                    {
                        "word": "이득 코어"
                    },
                    {
                        "word": "이득단"
                    },
                    {
                        "word": "인덕터"
                    },
                    {
                        "word": "잡음"
                    },
                    {
                        "word": "전기적"
                    },
                    {
                        "word": "전송"
                    },
                    {
                        "word": "주파수"
                    },
                    {
                        "word": "증폭기"
                    },
                    {
                        "word": "지연차"
                    },
                    {
                        "word": "차단 주파수"
                    },
                    {
                        "word": "차동"
                    },
                    {
                        "word": "차동 구조"
                    },
                    {
                        "word": "출력 버퍼단"
                    },
                    {
                        "word": "커패시터궤환"
                    },
                    {
                        "word": "커패시터궤환(capacitive feedback)"
                    },
                    {
                        "word": "코어 회로"
                    },
                    {
                        "word": "파장"
                    },
                    {
                        "word": "파형"
                    },
                    {
                        "word": "편광모드분산"
                    },
                    {
                        "word": "피킹"
                    },
                    {
                        "word": "회로"
                    }
                ]
            }
        ]
    }
}