{
    "dataset_info": {
        "identifier": "02-031-002-NL",
        "name": "기술과학 문서 요약 데이터",
        "category": "자연어",
        "last_updated": "2023-08-30"
    },
    "dataset": {
        "doc_id": "034b7f4e-17e81a36-af8f-42c6-a284-34cc631a98b1",
        "doc_type": "논문",
        "doc_title": {
            "kor": "SRM 컨버터에서 자기동조 방식에 의한 턴오프 각의 결정",
            "eng": ""
        },
        "doc_category": {
            "KDC": "560.5",
            "DDC": ""
        },
        "doc_number": {
            "ISSN": "1229-2214",
            "ISBN": "",
            "DOI": "",
            "UCI": ""
        },
        "doc_year": "1998",
        "doc_author": [
            "장도현",
            "문진영"
        ],
        "doc_publisher": "전력전자학회",
        "doc_license": "CC BY-NC",
        "context_info": [
            {
                "context_id": "55e-0c9-merge_ed_034b7f4e-17e81a36-af8f-42c6-a284-34cc631a98b1_07",
                "context_K-NSCC": {
                    "field": "인공물",
                    "large_category": "ED",
                    "medium_category": "03"
                },
                "context": "<p>\\( \\theta_ { off } ( \\mathrm { n } + 1)= \\theta_ { off } ( \\mathrm { n } )- \\Delta \\theta \\)<caption>(13)</caption></p> <p>\\( \\theta_ { op } \\)을 중선으로 하여 왼쪽 영역에서는 \\( \\operatorname { Dif } ( \\mathrm { m } )<- \\mathrm { m } \\)일 경우, 현시점의 턴오프 각에서 루프를 반복하여 \\( \\theta_ { off } \\)를 각도 편차 \\( + \\) \\( \\Delta \\theta \\)만큼 증가하며 따라서 \\( \\theta_ { off } \\) 는 뒤로 이동한다.</p> <p>\\( \\theta_ { o f f } ( \\mathrm { n } + 1)= \\theta_ { off } ( \\mathrm { n } ) + \\Delta \\theta \\)<caption>(14)</caption></p> <p>즉, 속도가 일정할 경우 \\( \\theta_ { off } \\)는 변화가 되지 않으나. 부하가 가해질 경우, 또는 입력 속도가 변화될 경우에 변화하는 가변 턴온 각에 대해 \\( \\theta_ { off } \\)는 자기동조방식에 의해 자동적으로 최적의 턴오프 각을 결정하여 운전하게 된다.</p> <h1>5. 실험 결과</h1> <p>본 제안 방식은 일정 속도에서 부하 토크에 따라 순간적으로 속도가 가변할 때, 또는 속도제어를 위해 턴온 각을 이동할 때 자기동조 방식에 의해 최대 토크를 유지하기 위한 최적턴오프 각을 구하는 방식을 제안하였다. 턴온 각이 고정되고 턴오프 각은 자기동조방식에 의해 자동적으로 조정되므로 고정 입력전압에서 전동기 속도 또는 토크는 단지 턴온 각으로 제어할 수 있다.</p> <p>이와 같은 제안방식을 실현하기 위한 시스템은 그림 8과 같다. 전력 컨버터는 비대칭형 브릿지형 토폴로지 ( 또는, Classical converter)이며 IGBT로 구성되어 있다. 전력 컨버터에는 교류 전원으로부터 직류 전원화하는 정류기가 연결되었다. 정류기와 컨버터 사이에서 전류 센서를 설치하여 직류 전류 Id를 감지하며, 이로부터 어드밴스 각도(advanced angle)를 결정한다. 회전자의 축에는 엔코더가 부착되었다. 기준 입력 속도로부터 턴온 각을 결정하며, 엔코더에서 측정된 위치각 및 속도 데이터로부터 자기 동조하여 턴오프 각을 조정한다.</p> <p>일정 부하라고 가정하여 SRM을 운전할 때 속도의 완급상태에 의해 기존 방식과 제안방식에 대한 출력을 상대적으로 비교할 수 있다. 그림 9에서는 기존의 일정 드웰 각 방식의 속도제어 시스템과 제안 방식의 시스템에 의해 나타나는 속도 및 전압 특성을 비교하였다. 그림 9(a)는 기존의 방식으로서 턴온 각을 \\( -4 ^ {\\circ } \\), 턴오프 각을 \\( 7 ^ {\\circ } \\)로 고정시킬 때 나타나는 속도 및 전압 파형이며, 그림 10(b)는 그림9(a)와 같은 조건하에서 제안방식을 운전할 때 턴오프 각이 자기동조방식에 의해 조정되어 속도가 기존방식보다는 더 빨라짐을 보여주고 있다. 이는 제안 방식이 기존 방식보다 상대적으로 출력이 증가했음을 나타내고 있다. 그러나, 속도가 안정화되기 위해서는 기존방식보다 긴 시간이 요구된다. 이것은 자기동조제어기에서 턴오프 각을 조정을 하기 위해 실행하는 실시간 제어에서 요구되는 지연시간으로 추측된다. 따라서, 제안 방식은 SRM 을 서보 시스템에 적용하기보다는 출력 용량을 최대화하기 위한 방식으로 적용하는 것이 적합하리라 생각된다.</p> <h1>6. 결 론</h1> <p>SRM의 운전시 턴온 각에 대해 최대 토크 및 고효율를 유지하기 위한 턴오프 각은 자기포화 현상, 컨버터 토폴로지, 부하 토크등 여러 변수에 의해 적절한 지점을 구하기 어렵다. 본 논문에서는 SRM의 속도를 제어할 때 고정 턴온 각에 대해 최대 토크를 유지하기 위한 최적의 턴오프 각을 자기동조 방식에 의해 결정하는 방식을 제안하였다.</p> <p>실험으로부터 SRM을 일정 부하에서 턴온/오프 각을 고정하여 운전할 때의 속도보다 자기동조 방식에 의해 턴오프 각이 조정할 때의 운전할 때의 속도가 더욱 빨라짐을 알 수 있었다. 그러나. 속도가 안정화되기 위한 시간이 기존방식보다 더욱 길어지게 된다. 따라서, 제안 방식은 SRM을 서보 시스템에 적용하기보다는 출력 용량을 최대화하기 위한 방식으로 적용하는 것이 적합하리라 생각된다.</p> <p>앞으로 이 방식은 최적의 턴 오프 각을 구할 뿐 아니라, 기준 속도가 변할 때 또는 부하가 급격히 변동할 때 턴오프 각뿐아니라 턴온 각, 입력 전류를 자기동조 방식으로 제어하여 전동기 속도을 급히 안정화시키기 위한 소프트웨어를 개발해야할 필요가 있다.</p>",
                "context_length": 2343,
                "summary": "본 제안 방식은 턴온 각이 고정되고 턴오프 각은 자기동조방식에 의해 자동적으로 최대 토크를 유지하기 위한 최적턴오프 각을 구하는 방식을 제안하였으며, 이는 일정 속도에서 부하 토크에 따라 순간적으로 속도가 가변할 때, 또는 속도제어를 위해 턴온 각을 이동할 때 사용된다. 시스템은 IGBT로 구성된 비대칭형 브릿지형 토폴로지와 정류기, 엔코더로 구성되어 있으며, 전류 센서를 통해 어드밴스 각도를 결정하고, 엔코더로부터 측정된 위치각 및 속도 데이터로부터 자기 동조하여 턴오프 각을 조정한다. 결론은 SRM을 서보 시스템에 적용하기보다는 출력 용량을 최대화하기 위한 방식으로 적용하는 것이 적합하리라 생각되며, 턴온 각, 입력 전류를 자기동조 방식으로 제어하여 전동기 속도을 급히 안정화시키기 위한 소프트웨어를 개발해야할 필요가 있다.",
                "clue": [
                    {
                        "clue_text": "본 제안 방식은 일정 속도에서 부하 토크에 따라 순간적으로 속도가 가변할 때, 또는 속도제어를 위해 턴온 각을 이동할 때 자기동조 방식에 의해 최대 토크를 유지하기 위한 최적턴오프 각을 구하는 방식을 제안하였다.",
                        "clue_start": "674",
                        "clue_end": "792"
                    },
                    {
                        "clue_text": "전력 컨버터는 비대칭형 브릿지형 토폴로지 ( 또는, Classical converter)이며 IGBT로 구성되어 있다.",
                        "clue_start": "920",
                        "clue_end": "986"
                    },
                    {
                        "clue_text": "정류기와 컨버터 사이에서 전류 센서를 설치하여 직류 전류 Id를 감지하며, 이로부터 어드밴스 각도(advanced angle)를 결정한다.",
                        "clue_start": "1027",
                        "clue_end": "1104"
                    },
                    {
                        "clue_text": "따라서, 제안 방식은 SRM을 서보 시스템에 적용하기보다는 출력 용량을 최대화하기 위한 방식으로 적용하는 것이 적합하리라 생각된다.",
                        "clue_start": "2118",
                        "clue_end": "2191"
                    },
                    {
                        "clue_text": "앞으로 이 방식은 최적의 턴 오프 각을 구할 뿐 아니라, 기준 속도가 변할 때 또는 부하가 급격히 변동할 때 턴오프 각뿐아니라 턴온 각, 입력 전류를 자기동조 방식으로 제어하여 전동기 속도을 급히 안정화시키기 위한 소프트웨어를 개발해야할 필요가 있다.",
                        "clue_start": "2199",
                        "clue_end": "2339"
                    }
                ],
                "terminology": [
                    {
                        "word": "Classical converter"
                    },
                    {
                        "word": "IGBT"
                    },
                    {
                        "word": "Id"
                    },
                    {
                        "word": "SRM"
                    },
                    {
                        "word": "converter"
                    },
                    {
                        "word": "op"
                    },
                    {
                        "word": "가변"
                    },
                    {
                        "word": "고정 턴온 각"
                    },
                    {
                        "word": "교류 전원"
                    },
                    {
                        "word": "드웰"
                    },
                    {
                        "word": "드웰 각"
                    },
                    {
                        "word": "부하 토크"
                    },
                    {
                        "word": "브릿지형"
                    },
                    {
                        "word": "비대칭형 브릿지형 토폴로지"
                    },
                    {
                        "word": "서보 시스템"
                    },
                    {
                        "word": "센서"
                    },
                    {
                        "word": "소프트웨어"
                    },
                    {
                        "word": "어드밴스"
                    },
                    {
                        "word": "어드밴스 각도"
                    },
                    {
                        "word": "엔코더"
                    },
                    {
                        "word": "위치각"
                    },
                    {
                        "word": "자기동조방식"
                    },
                    {
                        "word": "자기동조제어기"
                    },
                    {
                        "word": "자기포화"
                    },
                    {
                        "word": "자기포화 현상"
                    },
                    {
                        "word": "자동적"
                    },
                    {
                        "word": "전동기"
                    },
                    {
                        "word": "전류"
                    },
                    {
                        "word": "전류 센서"
                    },
                    {
                        "word": "정류기"
                    },
                    {
                        "word": "중선"
                    },
                    {
                        "word": "직류"
                    },
                    {
                        "word": "직류 전류"
                    },
                    {
                        "word": "최대 토크"
                    },
                    {
                        "word": "출력 용량"
                    },
                    {
                        "word": "컨버터"
                    },
                    {
                        "word": "컨버터 토폴로지"
                    },
                    {
                        "word": "턴오프 각"
                    },
                    {
                        "word": "턴온 각"
                    },
                    {
                        "word": "토폴"
                    },
                    {
                        "word": "토폴로지"
                    },
                    {
                        "word": "파형"
                    },
                    {
                        "word": "회전자"
                    }
                ]
            },
            {
                "context_id": "55e-0c9-merge_ed_034b7f4e-17e81a36-af8f-42c6-a284-34cc631a98b1_04",
                "context_K-NSCC": {
                    "field": "인공물",
                    "large_category": "ED",
                    "medium_category": "03"
                },
                "context": "<h2>2.4 토크 발생영역</h2> <p>토크 발생영역에서는 릴럭턴스 저항이 감소하고 극(pole)간의 인덕턴스가 증가한다. 이때 발생영역에서 나타나는 인덕턴스의 크기는 \\( \\theta_ { 0 } =0 ^ {\\circ } \\)에서의 전류 If에 따라 반비례하며, 인덕턴스 프로화일의 기울기 \\( (d L d \\theta) \\)도 완만해진다. 토크 발생 영역에서 흐르는 상전류 \\( i( \\theta) \\)는 인덕턴스 \\( L \\)이 증가함으로서 그림2과 같이 완만해진다. 또한 스위치가 \\( \\theta_ { o n } \\)에서 턴온되고 드웰 각 (dwell angle) \\( \\theta_ { d w } \\left (= \\left ( \\theta_ { a f f } \\theta_ { on } \\right ) \\right ) \\)을 지나 \\( \\theta_ { off } \\)에서 턴오프 될 때 전압원이 권선에서 인가되지 않으므로 순시 토크도 변화된다.</p> <p>따라서 SRM의 토크 발생 영역에서 토크는 턴온 각 \\( \\theta_ { on } \\), 턴오프 각 \\( \\theta_ {\\text { off } } \\) (또는 드웰 각), SRM에 입력되는 입력전압의 크기를 변수로 하여 제어할 수 있다. 예를 들어, 고정 입력전압, 일정 부하에서 빠른 속도가 요구될 때 턴온 각을 앞으로 이동해야 하며 이에 따라 턴오프 각도 이동하거나 고정시켜야 한다.</p> <h1>3. 일반적인 상 스위치의 턴 온/오프 각의 결정 방식</h1> <p>SRM 컨버터에서 입력전압을 고정시킬 경우 전동기 토크는 상 스위치의 턴 온/오프 각으로 제어하게 된다. 일반적으로 턴온 각 또는 턴오프 각을 결정하는 방식은 그림 3과 같이 두가지 방식으로 나눌 수 있다. 즉, 드웰 각을 일정하게 하고 턴온 각으로 제어하는 방식과 턴오프 각을 고정하고 턴온 각으로 제어하는 방식으로 나눌 수 있다.</p> <p>그림 3(a)는 일정 드웰각 제어 방식으로서 가변 속도 또는 부하 변동에 대해 \\( \\theta _ \\mathrm { dw } \\)를 일정하게 유지하면서 턴온/오프 각을 조정한다. 속도를 증가시키거나 부하가 증가되더라도 일정 속도로 유지하기 위해 턴온 각을 앞으로 이동할 경우 역토크의 영향은 크지 않다. 그러나 정격 출력의 한계가 크므로 과부하시 불안정하게 구동된다.</p> <p>가변 속도 또는 부하 변동에 대해 턴오프 각을 고정시키고 턴온/오프 각을 조정한다. 정격 출력까지는 효율의 변동이 적으나 전동기 토크를 증가시키기 위해 턴온 각을 크게 앞으로 이동할 경우 인덕턴스 감소지역에서도 전류가 흐르게 되어 역토크가 발생하며, 이에 따라 효율이 감소하게 된다.</p>",
                "context_length": 1326,
                "summary": "토크 발생영역에서는 릴럭턴스 저항이 감소하고 극간의 인덕턴스가 증가하여, SRM의 토크는 턴 온/오프 각 또는 입력전압의 크기로 제어가능하다. 일반적인 턴 온/오프 각 결정방식에는 가변 속도 또는 부하 변동에 대해 드웰 각은 일정하게 하고 턴 온/오프 각을 조정하는 방식과 턴 오프각을 고정하고 턴 온/오프 각을 조정하는 방식이 있다.",
                "clue": [
                    {
                        "clue_text": "토크 발생영역에서는 릴럭턴스 저항이 감소하고 극(pole)간의 인덕턴스가 증가한다.",
                        "clue_start": "24",
                        "clue_end": "70"
                    },
                    {
                        "clue_text": "따라서 SRM의 토크 발생 영역에서 토크는 턴온 각 \\( \\theta_ { on } \\), 턴오프 각 \\( \\theta_ {\\text { off } } \\) (또는 드웰 각), SRM에 입력되는 입력전압의 크기를 변수로 하여 제어할 수 있다.",
                        "clue_start": "489",
                        "clue_end": "624"
                    },
                    {
                        "clue_text": "일반적으로 턴온 각 또는 턴오프 각을 결정하는 방식은 그림 3과 같이 두가지 방식으로 나눌 수 있다.",
                        "clue_start": "815",
                        "clue_end": "871"
                    },
                    {
                        "clue_text": "그림 3(a)는 일정 드웰각 제어 방식으로서 가변 속도 또는 부하 변동에 대해 \\( \\theta _ \\mathrm { dw } \\)를 일정하게 유지하면서 턴온/오프 각을 조정한다.",
                        "clue_start": "950",
                        "clue_end": "1050"
                    },
                    {
                        "clue_text": "가변 속도 또는 부하 변동에 대해 턴오프 각을 고정시키고 턴온/오프 각을 조정한다.",
                        "clue_start": "1164",
                        "clue_end": "1210"
                    }
                ],
                "terminology": [
                    {
                        "word": "SRM"
                    },
                    {
                        "word": "SRM 컨버터"
                    },
                    {
                        "word": "dwell"
                    },
                    {
                        "word": "pole"
                    },
                    {
                        "word": "가변"
                    },
                    {
                        "word": "가변 속도"
                    },
                    {
                        "word": "기울기"
                    },
                    {
                        "word": "드웰"
                    },
                    {
                        "word": "드웰각"
                    },
                    {
                        "word": "릴럭턴스"
                    },
                    {
                        "word": "릴럭턴스 저항"
                    },
                    {
                        "word": "부하 변동"
                    },
                    {
                        "word": "상 스위치"
                    },
                    {
                        "word": "상전류"
                    },
                    {
                        "word": "순시"
                    },
                    {
                        "word": "스위치"
                    },
                    {
                        "word": "역토크"
                    },
                    {
                        "word": "인덕턴스"
                    },
                    {
                        "word": "인덕턴스 프로화일"
                    },
                    {
                        "word": "전동기"
                    },
                    {
                        "word": "전동기 토크"
                    },
                    {
                        "word": "전류"
                    },
                    {
                        "word": "전압원"
                    },
                    {
                        "word": "정격 출력"
                    },
                    {
                        "word": "컨버터"
                    },
                    {
                        "word": "턴 온/오프"
                    },
                    {
                        "word": "턴오프 각"
                    },
                    {
                        "word": "턴오프 각도"
                    },
                    {
                        "word": "턴온 각"
                    },
                    {
                        "word": "토크 발생영역"
                    },
                    {
                        "word": "프로화일"
                    }
                ]
            },
            {
                "context_id": "55e-0c9-merge_ed_034b7f4e-17e81a36-af8f-42c6-a284-34cc631a98b1_01",
                "context_K-NSCC": {
                    "field": "인공물",
                    "large_category": "ED",
                    "medium_category": "03"
                },
                "context": "<p>본 논문에서는 위상각 제어에서 턴온 각이 변화할 때 최대의 토크를 유지하기 위한 적절한 턴오프 각을 자기동조방식(self-tuning method)에 의해 결정하는 방식을 제안하였다. 턴온 각이 변하더라도 최대의 토크를 유지하기 위한 적절한 턴오프 각(optimal turn-off angle)을 원-칩 마이크로프로세서에 의해 실시간으로 제어하며, 실험에 의해 제안 방식의 타당성을 확인하였다.</p> <h1>2. SRM의 동특성 방정식</h1> <h2>2.1 SRM에서 발생하는 토크</h2> <p>SRM에서 발생하는 토크를 코-에너지 \\( \\mathrm { W } ^ {\\prime } \\) 로 표시하면,<p>\\( T( \\theta, i) = \\frac {\\partial W ^ {\\prime } ( \\theta, i) } {\\partial \\theta } \\)<caption>(1)</caption></p>여기서, \\( T( \\theta, i) \\)는 순시 토오크, \\( \\theta \\)는 고정자에 대한 회전자의 각 변위이며, i는 고정자에서 흐르는 순시 전류의 값이다. 자기포화를 무시할 경우 SRM의 순시 토오크는 식(2)과 같이 고정자에 대한 회전자의 상대적인 위치에 따른 인덕턴스 변화와 전류의 크기에 직접 연관된다.</p> <p>\\( T= \\frac { 1 } { 2 } i ^ { 2 } \\frac { d L( \\theta, i) } { d \\theta } \\)<caption>(2)</caption></p> <p>여기서 \\( L( \\theta, i) \\)는 고정자에 대한 회전자의 변위의 인덕턴스이다. 위의 식에서 보는 바와 같이 SRM의 발생 토크는 전류의 제곱과 인덕턴스 기울기에 비례하며 역 토크(negative torque)가 발생하지 않도록 하기 위해서는 인덕턴스 증가 영역에서 전류를 홀려야 한다.</p> <p>토크의 발생 방향은 상전류의 방향에 영향을 받지 않고 인덕턴스 기울기에 의해 결정되므로 상당 한 개의 스위치만으로 구동이 가능하며, 토크는 전류의 제곱에 비례하므로 기동 특성이 우수하다.</p> <h2>2.2 전압 방정식</h2> <p>SRM을 그림 1과 같은 비대칭 브리지 컨버터(asymmetrical bridge converter, or classic converter)로 운전한다고 가정할 때 2개의 모드로 나눌 수 있다.</p> <p>Mode Ⅰ (자화구간) : 각 상의 두 스위치가 \\( \\omega t= \\theta_ { c n } \\) 에서 턴온할 때 직류전원이 고정자 권선에 인가되며, 자화 구간 동안의 전압방정식은 다음과 같다.</p> <p>\\( V_ { d c } =i_ { a } R_ { a } + \\omega_ { m } L_ { a } ( \\theta) \\frac { d i_ { u } } { d \\theta } + e_ { m } \\)<caption>(3)</caption></p>",
                "context_length": 1432,
                "summary": "SRM의 위상각 제어 방법을 제시하여 턴온 각이 변할 때 최대 토크를 유지하기 위한 적절한 턴오프 각을 자기동조방식(self-tuning method)을 통해 결정하는 방식을 제안하였다. SRM의 발생 토크는 식에서 나타내고 있는 바와 같이 전류의 제곱에 비례하고, 인덕턴스 기울기에 비례하며, 역 토크가 발생하지 않도록 인덕턴스 증가 영역에서 전류를 홀려야 한다. 제안 방식의 타당성을 실험을 통하여 확인하였다.",
                "clue": [
                    {
                        "clue_text": "본 논문에서는 위상각 제어에서 턴온 각이 변화할 때 최대의 토크를 유지하기 위한 적절한 턴오프 각을 자기동조방식(self-tuning method)에 의해 결정하는 방식을 제안하였다.",
                        "clue_start": "3",
                        "clue_end": "105"
                    },
                    {
                        "clue_text": "턴온 각이 변하더라도 최대의 토크를 유지하기 위한 적절한 턴오프 각(optimal turn-off angle)을 원-칩 마이크로프로세서에 의해 실시간으로 제어하며, 실험에 의해 제안 방식의 타당성을 확인하였다.",
                        "clue_start": "106",
                        "clue_end": "223"
                    }
                ],
                "terminology": [
                    {
                        "word": "SRM"
                    },
                    {
                        "word": "SRM의 동특성 방정식"
                    },
                    {
                        "word": "asymmetrical"
                    },
                    {
                        "word": "bridge"
                    },
                    {
                        "word": "classic"
                    },
                    {
                        "word": "converter"
                    },
                    {
                        "word": "optimal"
                    },
                    {
                        "word": "self-tuning"
                    },
                    {
                        "word": "torque"
                    },
                    {
                        "word": "turn-off"
                    },
                    {
                        "word": "각 변위"
                    },
                    {
                        "word": "고정자"
                    },
                    {
                        "word": "고정자 권선"
                    },
                    {
                        "word": "기동 특성"
                    },
                    {
                        "word": "기울기"
                    },
                    {
                        "word": "동특성"
                    },
                    {
                        "word": "동특성 방정식"
                    },
                    {
                        "word": "마이크로프로세서"
                    },
                    {
                        "word": "방정식"
                    },
                    {
                        "word": "브리지 컨버터"
                    },
                    {
                        "word": "비대칭 브리지 컨버터"
                    },
                    {
                        "word": "상전류"
                    },
                    {
                        "word": "순시"
                    },
                    {
                        "word": "순시 전류"
                    },
                    {
                        "word": "순시 토오크"
                    },
                    {
                        "word": "스위치"
                    },
                    {
                        "word": "역 토크"
                    },
                    {
                        "word": "원-칩 마이크로프로세서"
                    },
                    {
                        "word": "위상각"
                    },
                    {
                        "word": "위상각 제어"
                    },
                    {
                        "word": "인덕턴스"
                    },
                    {
                        "word": "인덕턴스 기울기"
                    },
                    {
                        "word": "자기동조방식"
                    },
                    {
                        "word": "자기포화"
                    },
                    {
                        "word": "자화"
                    },
                    {
                        "word": "자화구간"
                    },
                    {
                        "word": "전류"
                    },
                    {
                        "word": "전압방정식"
                    },
                    {
                        "word": "직류전원"
                    },
                    {
                        "word": "컨버터"
                    },
                    {
                        "word": "코-에너지"
                    },
                    {
                        "word": "턴오프 각"
                    },
                    {
                        "word": "턴온 각"
                    },
                    {
                        "word": "토오크"
                    },
                    {
                        "word": "회전자"
                    }
                ]
            },
            {
                "context_id": "55e-0c9-merge_ed_034b7f4e-17e81a36-af8f-42c6-a284-34cc631a98b1_06",
                "context_K-NSCC": {
                    "field": "인공물",
                    "large_category": "ED",
                    "medium_category": "03"
                },
                "context": "<p>그림 6은 부하가 변화할 때 또는 속도를 변화시킬 때 최적 턴오프각 \\( \\theta_ { op } \\)을 자기동조방식으로 결정하는 방식을 설명하였다. 현재 상 스위치가 임의의 \\( \\theta_ { off } \\)의 지점에서 턴오프한다고 가정하자. \\( \\theta_ { n-1 } \\)에서 \\( \\theta_ { n } \\)까지의 샘플링 시간(sampling time) 동안, 엔코더에 의해 구해진 펄스 수 \\( \\mathrm { T } ( \\mathrm { n } -1) \\) 는 레지스터에 저장된다. 다음의 \\( \\theta_ { n } \\)에서 \\( \\theta_ { n + 1 } \\)까지의 샘플링 시간 동안 구해진 펄스 수 \\( \\mathrm { T } ( \\mathrm { n } ) \\)는 바로 이전의 샘플링 시간 동안의 펄스 수 \\( \\mathrm { T } ( \\mathrm { n } -1) \\)와 비교하여 턴오프 시점을 앞으로 또는 뒤로 이동한다. 이러한 과정을 되풀이함으로서 최대 토크, 고효율을 유지하는 최적 턴오프 각 \\( \\theta_ { op } \\)을 결정하게 된다.</p> <p>그림 7은 실제 회로에서 턴온 각이 고정되고 부하가 일정하다고 가정하였을 때 자기동조방식에 의해 턴오프 각을 조정하는 서브루틴(subroutine)의 흐름도(flowchart)이다. 여기서 고정 턴온 각을 각각 \\( \\theta_ { on } \\)이라고 가정하고, 적절 턴오프 각 \\( \\theta_ { off } \\)의 초기치를 4상 SRM에서 최대 인덕턴스 프로화일의 위치 \\( 15 ^ {\\circ } \\)라고 가정하였다. 여기서, \\( 15 ^ {\\circ } \\)는 4상 SRM에서 고정자극이 ONE STEP 변화시 회전자가 변화되는 각도이다.</p> <p>현재의 샘플링 시간에서 구해진 펄스수 \\( \\mathrm { T } ( \\mathrm { n } ) \\)과 바로 이전의 펄스수 \\( \\mathrm { T } ( \\mathrm { n } -1) \\)라고 할 때 차이값 \\( \\operatorname { Dif } ( \\mathrm { n } ) \\)는<p>\\( \\operatorname { Dif } ( \\mathrm { n } )= \\mathrm { T } ( \\mathrm { n } )- \\mathrm { T } ( \\mathrm { n } -1) \\)<caption>(11)</caption></p>이다. \\( \\operatorname { Dif } ( \\mathrm { n } ) \\)가 주어진 허용 한계치 \\( \\mathrm { m } \\)이내에서 존재할 때, 즉<p>\\( - \\mathrm { m }< \\mathrm { Dif } ( \\mathrm { n } )< \\mathrm { m } \\)<caption>(12)</caption></p>일 경우 현 시점이 최대 토크가 형성되는 턴오프 각이므로 최적 턴오프 각 \\( \\theta_ { op } \\)로 결정된다. 그러나. \\( \\left . \\operatorname { Dif } ( \\mathrm { n } ) \\right \\rangle \\mathrm { m } \\)일 경우 현 시점의 턴오프 각에서 루프를 반복하여 \\( \\theta_ { off } \\)를 각도 편차 \\( - \\Delta \\theta \\) 만큼 감소하여 앞으로 이동한다.</p>",
                "context_length": 1649,
                "summary": "그림 6은 자기동조방식을 통해 부하 변화시 최적 턴오프각을 결정하는 방법을 설명하고 있다. 샘플링 시간 구간에 구해진 펄스 수는 바로 직전 샘플링 시간 펄스 수와 비교해 턴오프 시점을 이동시킨다. 이 과정을 반복해 고효율이 나오는 최적 턴오프 각을 구할 수 있다. 그림 7은 턴온 각과 부하를 일정하게 고정한 후 턴오프 각을 자기동조방식을 활용해 조정하는 서브루틴 흐름도다. 적절 턴오프 각은 고정자극이 one step 변화할 때 바뀌는 회전자 각도이다.",
                "clue": [
                    {
                        "clue_text": "그림 6은 부하가 변화할 때 또는 속도를 변화시킬 때 최적 턴오프각 \\( \\theta_ { op } \\)을 자기동조방식으로 결정하는 방식을 설명하였다.",
                        "clue_start": "3",
                        "clue_end": "87"
                    },
                    {
                        "clue_text": "다음의 \\( \\theta_ { n } \\)에서 \\( \\theta_ { n + 1 } \\)까지의 샘플링 시간 동안 구해진 펄스 수 \\( \\mathrm { T } ( \\mathrm { n } ) \\)는 바로 이전의 샘플링 시간 동안의 펄스 수 \\( \\mathrm { T } ( \\mathrm { n } -1) \\)와 비교하여 턴오프 시점을 앞으로 또는 뒤로 이동한다.",
                        "clue_start": "287",
                        "clue_end": "490"
                    },
                    {
                        "clue_text": "이러한 과정을 되풀이함으로서 최대 토크, 고효율을 유지하는 최적 턴오프 각 \\( \\theta_ { op } \\)을 결정하게 된다.",
                        "clue_start": "491",
                        "clue_end": "563"
                    },
                    {
                        "clue_text": "그림 7은 실제 회로에서 턴온 각이 고정되고 부하가 일정하다고 가정하였을 때 자기동조방식에 의해 턴오프 각을 조정하는 서브루틴(subroutine)의 흐름도(flowchart)이다.",
                        "clue_start": "571",
                        "clue_end": "672"
                    },
                    {
                        "clue_text": "여기서, \\( 15 ^ {\\circ } \\)는 4상 SRM에서 고정자극이 ONE STEP 변화시 회전자가 변화되는 각도이다.",
                        "clue_start": "811",
                        "clue_end": "880"
                    }
                ],
                "terminology": [
                    {
                        "word": "SRM"
                    },
                    {
                        "word": "STEP"
                    },
                    {
                        "word": "flowchart"
                    },
                    {
                        "word": "op"
                    },
                    {
                        "word": "sampling"
                    },
                    {
                        "word": "sampling time"
                    },
                    {
                        "word": "subroutine"
                    },
                    {
                        "word": "고정 턴온 각"
                    },
                    {
                        "word": "고정자극"
                    },
                    {
                        "word": "레지스터"
                    },
                    {
                        "word": "상 스위치"
                    },
                    {
                        "word": "샘플링 시간"
                    },
                    {
                        "word": "서브루틴"
                    },
                    {
                        "word": "스위치"
                    },
                    {
                        "word": "엔코더"
                    },
                    {
                        "word": "인덕턴스"
                    },
                    {
                        "word": "인덕턴스 프로화일"
                    },
                    {
                        "word": "자기동조방식"
                    },
                    {
                        "word": "적절 턴오프 각"
                    },
                    {
                        "word": "최대 인덕턴스"
                    },
                    {
                        "word": "최대 인덕턴스 프로화일의 위치"
                    },
                    {
                        "word": "최대 토크"
                    },
                    {
                        "word": "최적 턴오프각"
                    },
                    {
                        "word": "턴오프 각"
                    },
                    {
                        "word": "턴온 각"
                    },
                    {
                        "word": "펄스수"
                    },
                    {
                        "word": "프로화일"
                    },
                    {
                        "word": "회로"
                    },
                    {
                        "word": "회전자"
                    }
                ]
            },
            {
                "context_id": "55e-0c9-merge_ed_034b7f4e-17e81a36-af8f-42c6-a284-34cc631a98b1_03",
                "context_K-NSCC": {
                    "field": "인공물",
                    "large_category": "ED",
                    "medium_category": "03"
                },
                "context": "<h2>2.3 어드밴스 각도(advance angle)</h2> <p>턴온 시점에서 인덕턴스 프로화일의 시작점 \\( \\theta_ { 0 } \\)까지의 인덕턴스의 기울기 \\( d L( \\theta) / d \\theta \\)를 영 (zero)라고 가정할 때 역기전력 \\( e_ { m } \\)은 영이 된다. 턴온 각 \\( \\theta_ { c m } \\)에서 \\( \\theta_ { c } \\)사이의 어드벤스 각 \\( \\theta_ { c l l } \\)사이에서 흐르는 전류는 방정식에서 유도한 바와 같이 턴온 각, 입력 전압, 인덕턴스, 권선 저항 등에 의해 결정된다. 즉, 고정 토크 \\( \\left (T=0.5 i ^ { * } d L / d \\theta \\right ) \\) 를 얻기 위한 전류는 여러 변수 및 자기 회로의 비선형성에 의해 결정되므로 정확한 턴온 각을 정하기는 어렵다.</p> <p>그러나 권선 저항 \\( R_ { a } \\)와 자기회로의 비선형을 무시할 때 \\( \\theta_ { ad } \\)의 영역에서 식(3)은 다음과 같이 정리할 수 있다.</p> <p>\\( V_ { dc } = \\omega_ { m } L_ {\\min } \\frac { d i_ { d } } { d \\theta } \\)<caption>(9)</caption></p> <p>여기서, \\( L_ {\\min } \\)은 최소의 인덕턴스이다. 식(9)로부터 \\( \\theta_ { 0 } =0 ^ {\\circ } \\)인 점에서의 전류의 크기 \\( I_ { f } \\)는,<p>\\( I_ { f } = \\frac { V_ { d c } } {\\omega_ { m } L_ {\\text { min } } } \\theta_ { ad } \\)<caption>(10)</caption></p>와 같다. 식 (10)에서 \\( V_ { dc } , \\omega_ { m } \\)이 고정되었다면 \\( I_ { f } \\)는 \\( \\theta_ { ad } , V_ { dc } \\)에 비례하며, \\( \\omega_ {\\mathrm { m } } \\)에 반비례한다. 따라서, 스위치가 인덕턴스 시작점 \\( \\theta_ { 0 } \\)보다 \\( \\theta_ {\\mathrm { ad } } \\) 앞서는 \\( \\omega_ { 1 } = \\theta_ {\\mathrm { on } } \\)에서 턴온할 때 \\( \\theta_ {\\mathrm { ad } } \\)는 전류확립의 제어변수로 작용하며, 초기치 전류 \\( I_ { f } \\)는 토크 제어변수로 작용한다.</p>",
                "context_length": 1256,
                "summary": "턴온 시점에서 인덕턴스 프로화일의 시작점 \\( \\theta_ { 0 } \\)까지의 인덕턴스의 기울기 \\( d L( \\theta) / d \\theta \\)를 영(zero)로 가정하면, 역기전력 \\( e_ { m } \\)은 영이 된다. 턴온 각 \\( \\theta_ { c m } \\)과 \\( \\theta_ { c } \\) 사이의 어드벤스 각 \\( \\theta_ { c l l } \\)에서 흐르는 전류는 방정식에서 유도된 것처럼 턴온 각, 입력 전압, 인덕턴스, 권선 저항 등에 의해 결정되기 때문에 정확한 턴온 각을 정하는 것은 어렵다.",
                "clue": [
                    {
                        "clue_text": "턴온 시점에서 인덕턴스 프로화일의 시작점 \\( \\theta_ { 0 } \\)까지의 인덕턴스의 기울기 \\( d L( \\theta) / d \\theta \\)를 영 (zero)라고 가정할 때 역기전력 \\( e_ { m } \\)은 영이 된다.",
                        "clue_start": "39",
                        "clue_end": "170"
                    },
                    {
                        "clue_text": "턴온 각 \\( \\theta_ { c m } \\)에서 \\( \\theta_ { c } \\)사이의 어드벤스 각 \\( \\theta_ { c l l } \\)사이에서 흐르는 전류는 방정식에서 유도한 바와 같이 턴온 각, 입력 전압, 인덕턴스, 권선 저항 등에 의해 결정된다.",
                        "clue_start": "171",
                        "clue_end": "318"
                    },
                    {
                        "clue_text": "즉, 고정 토크 \\( \\left (T=0.5 i ^ { * } d L / d \\theta \\right ) \\) 를 얻기 위한 전류는 여러 변수 및 자기 회로의 비선형성에 의해 결정되므로 정확한 턴온 각을 정하기는 어렵다.",
                        "clue_start": "319",
                        "clue_end": "442"
                    }
                ],
                "terminology": [
                    {
                        "word": "dc"
                    },
                    {
                        "word": "zero"
                    },
                    {
                        "word": "권선 저항"
                    },
                    {
                        "word": "기울기"
                    },
                    {
                        "word": "방정식"
                    },
                    {
                        "word": "비선형"
                    },
                    {
                        "word": "비선형성"
                    },
                    {
                        "word": "스위치"
                    },
                    {
                        "word": "어드밴스"
                    },
                    {
                        "word": "어드밴스 각도"
                    },
                    {
                        "word": "역기전력"
                    },
                    {
                        "word": "인덕턴스"
                    },
                    {
                        "word": "인덕턴스 프로화일"
                    },
                    {
                        "word": "자기회로"
                    },
                    {
                        "word": "전류"
                    },
                    {
                        "word": "초기치 전류"
                    },
                    {
                        "word": "턴온 각"
                    },
                    {
                        "word": "프로화일"
                    },
                    {
                        "word": "회로"
                    }
                ]
            },
            {
                "context_id": "55e-0c9-merge_ed_034b7f4e-17e81a36-af8f-42c6-a284-34cc631a98b1_05",
                "context_K-NSCC": {
                    "field": "인공물",
                    "large_category": "ED",
                    "medium_category": "03"
                },
                "context": "<p>따라서 턴온 각의 위치와 상전류에 대해 고정 드웰각 제어 방식 또는 고정 턴오프각 방식에 의해 결정되는 턴오프 각이 아닌, 적절한 지점에서 턴오프해야 할 필요가 있다. 그러나 일정 턴온 각에서 고효율, 최대 토크를 유지하기 위한 턴오프각을 결정하는 것은 자기포화 현상을 고려해 볼 때 거의 불가능하다.</p> <p>부하가 일정하고 턴온 각이 고정되었다고 가정할 때 최대 토크를 유지하기 위한 턴오프 각은 인덕턴스 프로화일중에서 한 시점이라고 할 수 있다. 그림 4는 일정 부하, 고정 턴온 각에서 턴오프 각이 변화될 때 가변 턴오프 각에 대한 총 토크의 크기를 일반화하여 보여주고 있다. 턴오프 각이 인덕턴스 프로화일의 최고치 부근일 때, 전류는 인덕턴스 감소영역에서도 흐르게 되므로 큰 역토크가 발생하며 이로 인하여 총 토크는 크게 감소한다.</p> <p>턴오프 각을 앞으로 이동함에 따라 인덕턴스 감소영역에서 흐르는 전류는 점점 감소한다. 따라서 역토크의 발생도 서서히 줄어들면서 총 토크는 증가한다. 그러나 최고 토크가 나타나는 턴오프 각을 지나 더욱 드웰 각 \\( \\theta_ \\mathrm { dw } \\)를 줄일 경우 총토크가 줄어드는 현상이 발생한다. 이러한 영역에서는 효율이 증가하는 반면, 토크 리플이 발생하고 불안정 운전영역으로서 과부하에 대해 한계가 나타난다. 턴온 각이 다를 경우 최대 토크가 나타나는 턴오프 각은 일정한 \\( \\theta_ \\mathrm { dw } \\)를 유지하지는 않는다.</p> <p>최대 토크가 나타나는 턴오표 각은 \\( \\theta_ {\\mathrm { dw } } \\)에 따라 다르게 나타난다. 또한, 토크 제어 변수를 입력전압의 통류율, 부하의 크기, 컨버터 토폴로지 등으로 확대할 경우 최대 토크가 나타나는 \\( \\theta_ {\\mathrm { dw } } \\)의 크기는 더욱 예측하기 힘들게 된다.</p> <h1>4. 자기 동조방식에 의한 턴오프각의 결정</h1> <p>본 논문에서는 위상각 제어에서 주어진 턴온 각에서 최대의 토크를 구하기 위한 적절한 턴오프 각(opitmal turn-off angle)을 자기동조방식(self-tuning method)에 의해 결정하는 방식을 제안하였다.</p> <p>그림 5는 턴온 시점이 고정되었을 때 턴오프 시점에 따라 나타나는 순시 토크를 보여주고 있다. 그림 5(a)는 최대 토크가 발생하는 턴오프 시점 보다 앞선 시점에서 턴오프를 할 때 나타나는 순시 토크를 보여 준 것으로 역 토크가 발생되지는 않아 효율이 높은 반면 총 토크가 크지 않아 부하 변동에 불안정하다. 반면, 그림 5(b) 와 같이 인덕턴스 프로화일의 최고점 근처에 턴오프를 할 때 나타나는 순시 토크를 보여 준 것으로 정 토크는 큰 반면 역 토크가 크게 발생되어 총 토크는 감소된다. 그림 5(c)는 최대 토크를 발생시키는 적절한 턴오프 시점에서 턴오프를 할 때 나타나는 순시 토크를 보여 준 것으로 미소한 역 토크가 발생하나 정 토크가 크므로 총 토크 의 값은 최대가 된다.</p>",
                "context_length": 1490,
                "summary": "턴온 각이 고정된 경우 최대 토크를 유지하기 위한 턴오프 각은 인덕턴스 프로화일의 최고치 부근일 때 결정된다. 본 연구에서는 주어진 턴온 각에서 최대 토크를 얻기 위한 적절한 턴오프 각을 자기동조방식(self-tuning method)으로 결정하는 방식을 제시한다. 이는 최대 토크가 나타나는 턴오프 각을 지나 드웰 각 \\( \\theta_ \\mathrm { dw } \\)를 줄일 경우 총 토크가 줄어드는 현상을 방지하기 위함이다.",
                "clue": [
                    {
                        "clue_text": "따라서 턴온 각의 위치와 상전류에 대해 고정 드웰각 제어 방식 또는 고정 턴오프각 방식에 의해 결정되는 턴오프 각이 아닌, 적절한 지점에서 턴오프해야 할 필요가 있다.",
                        "clue_start": "3",
                        "clue_end": "96"
                    },
                    {
                        "clue_text": "본 논문에서는 위상각 제어에서 주어진 턴온 각에서 최대의 토크를 구하기 위한 적절한 턴오프 각(opitmal turn-off angle)을 자기동조방식(self-tuning method)에 의해 결정하는 방식을 제안하였다.",
                        "clue_start": "971",
                        "clue_end": "1095"
                    },
                    {
                        "clue_text": "따라서 역토크의 발생도 서서히 줄어들면서 총 토크는 증가한다. 그러나 최고 토크가 나타나는 턴오프 각을 지나 더욱 드웰 각 \\( \\theta_ \\mathrm { dw } \\)를 줄일 경우 총토크가 줄어드는 현상이 발생한다.",
                        "clue_start": "475",
                        "clue_end": "599"
                    },
                    {
                        "clue_text": "이러한 영역에서는 효율이 증가하는 반면, 토크 리플이 발생하고 불안정 운전영역으로서 과부하에 대해 한계가 나타난다.",
                        "clue_start": "600",
                        "clue_end": "664"
                    }
                ],
                "terminology": [
                    {
                        "word": "self-tuning"
                    },
                    {
                        "word": "turn-off"
                    },
                    {
                        "word": "가변"
                    },
                    {
                        "word": "감소영역"
                    },
                    {
                        "word": "고정 턴오프각 방식"
                    },
                    {
                        "word": "고정 턴온 각"
                    },
                    {
                        "word": "과부하"
                    },
                    {
                        "word": "드웰"
                    },
                    {
                        "word": "드웰각"
                    },
                    {
                        "word": "부하 변동"
                    },
                    {
                        "word": "상전류"
                    },
                    {
                        "word": "순시"
                    },
                    {
                        "word": "순시 토크"
                    },
                    {
                        "word": "역토크"
                    },
                    {
                        "word": "운전영역"
                    },
                    {
                        "word": "위상각"
                    },
                    {
                        "word": "위상각 제어"
                    },
                    {
                        "word": "인덕턴스"
                    },
                    {
                        "word": "인덕턴스 프로화일"
                    },
                    {
                        "word": "자기동조방식"
                    },
                    {
                        "word": "자기포화"
                    },
                    {
                        "word": "자기포화 현상"
                    },
                    {
                        "word": "전류"
                    },
                    {
                        "word": "정 토크"
                    },
                    {
                        "word": "제어 변수"
                    },
                    {
                        "word": "총토크"
                    },
                    {
                        "word": "최대 토크"
                    },
                    {
                        "word": "컨버터"
                    },
                    {
                        "word": "컨버터 토폴로지"
                    },
                    {
                        "word": "턴오프"
                    },
                    {
                        "word": "턴오프 각"
                    },
                    {
                        "word": "턴온 각"
                    },
                    {
                        "word": "토크 리플"
                    },
                    {
                        "word": "토크 제어"
                    },
                    {
                        "word": "토폴로지"
                    },
                    {
                        "word": "통류율"
                    },
                    {
                        "word": "프로화일"
                    }
                ]
            },
            {
                "context_id": "55e-0c9-merge_ed_034b7f4e-17e81a36-af8f-42c6-a284-34cc631a98b1_00",
                "context_K-NSCC": {
                    "field": "인공물",
                    "large_category": "ED",
                    "medium_category": "03"
                },
                "context": "<h1>요 약</h1> <p>본 논문에서는 위상각 제어에서 주어진 턴온 각에서 최대의 토크를 유지하기 위한 적절한 턴오프 각을 자기동조방식(self-tuning method)에 의해 결정하는 방식을 제안하였다. 엔코더에 의해 샘플링 시간(sampling time)동안 구해진 펄스 수는 바로 이전의 샘플링시간 동안 구해진 펄스 수와 비교하여 턴오프 각을 앞으로 또는 뒤로 이동한다. 이러한 과정을 되풀이함으로서 최대 토크를 발생하는 턴오프 각을 결정하게 된다. 실제 회로에서는 원 칩 마이크로프로세서에 의해 처리되었으며 실험을 통해 턴온 각이 변하더라도 자기동조방식에 의해 턴오프 각을 조정하면 빠른 속도가 유지됨을 보여 주었다.</p> <h1>1. 서 론</h1> <p>최근 반도체 산업의 눈부신 발전과 각종 전력전자 기술의 발달로 고정자와 회전자 사이의 릴럭턴스 토크를 동력으로하는 전동기의 가변속 구동에 대한 관심이 증가하는 추세이다. 특히, 전동기 구조가 간단하고 제작이 용이하며, 광범위한 속도 제어가 가능한 스위치드 릴럭턴스 전동기 (switched reluctance motor: 이하, SRM이라고 칭함)에 대한 관심이 다양한 분야에서 고조되고 있다.</p> <p>SRM은 비교적 간단한 제어장치에 의해 직권형 직류전동기와 비슷한 속도-토크 특성을 얻을 수 있다. 또한, 유도전동기에 비해 기계적으로 견고하고 자기적으로 간단하며 기동토크가 큰 장점이 있다. 효율 면에서 표준전동기에 비해 \\(7 \\sim 8 \\% \\) 정도 높고, 제조비가 상대적으로 낮아 경제적인 측면 에서 유리하다.</p> <p>일반적으로 속도를 제어하는 방식으로는 직류 초퍼의 통류율(duty ratio)을 조정하여 입력 전압을 조정하는 방법과 위치 센서(position sensor) 또는 엔코더(encoder)등으로 턴-온/오프 각을 조정하는 방법 등이 있다. 통류율이 고정되었다고 가정할 때 속도를 제어하거나 부하가 변화될 때 일정 속도를 유지하기 위해서는 상 스위치의 턴온 각 또는 턴오프 각을 조정할 필요가 있다. 그러나 전동기 철심에서는 자기포화 현상이 발생하므로 이를 감안하여 턴온/오프 각을 제어하여야 한다.</p> <p>속도 또는 부하 토크를 변환시키기 위한 전형적인 방식은 참고문헌 [2]에서 [6]까지 볼 수 있다. 문헌[3]에서는 옵토인터럽터로 위치를 감지하는 SRM를 마이크로 컴퓨터를 이용하여 최적의 턴온 각(optimal turn-on angle)을 다양하게 제어하는 방식을 제시하였으나 드웰각(dwell angle)이 고정되므로 최적 효율을 유지할 수 없다. 문헌(4)에서는 턴온 각에 대한 최적의 턴오프 각(optimal turn-off angle)을 해석적으로 유도하였다. 이 방식은 철심의 자기포화를 무시하였고 인덕턴스 프로화일을 구간화 하여 프로화일의 유연성을 제거하였다. 따라서 실제로 존재하는 최적 턴오프 각과 계산치는 큰 오차가 발생할 수 있다. 문헌[5]에서는 각 속도에 대한 최적의 턴온/턴오프 각을 다룬 것으로, 이러한 최적의 드웰 각은 수식으로 유도된다. 각 속도에 대해 턴온/턴오프 각이 몇 개의 구역으로 설정되어 있어 유연성이 결여되어 있다. 또한 속도 제어 변수로 중요한 부하 토크를 일정하다고 가정하였으므로 실제로 적용하기가 어렵다. 문헌[6]에서는 자기동조에 의해 속도 제어하는 방식을 다룬 것으로 기본 속도(base speed)까지 제어가 가능하다.</p>",
                "context_length": 1680,
                "summary": "위상각 제어의 턴오프 각 결정 방법에 대한 본 논문은 최대 토크 유지를 위해 주어진 턴온 각에 따른 적절한 턴오프 각을 자기동조방식으로 결정하는 방법을 제안하였다. 이 방법은 엔코더가 샘플링 시간 동안 측정한 펄스 수를 이전 샘플링 시간의 펄스 수와 비교하여 턴오프 각을 조정한다. 이 제어 방식은 제어장치가 간단하고 광범위한 속도 제어가 가능한 스위치드 릴럭턴스 전동기에 특히 유용하다.",
                "clue": [
                    {
                        "clue_text": "본 논문에서는 위상각 제어에서 주어진 턴온 각에서 최대의 토크를 유지하기 위한 적절한 턴오프 각을 자기동조방식(self-tuning method)에 의해 결정하는 방식을 제안하였다.",
                        "clue_start": "16",
                        "clue_end": "117"
                    },
                    {
                        "clue_text": "엔코더에 의해 샘플링 시간(sampling time)동안 구해진 펄스 수는 바로 이전의 샘플링시간 동안 구해진 펄스 수와 비교하여 턴오프 각을 앞으로 또는 뒤로 이동한다.",
                        "clue_start": "118",
                        "clue_end": "213"
                    },
                    {
                        "clue_text": "특히, 전동기 구조가 간단하고 제작이 용이하며, 광범위한 속도 제어가 가능한 스위치드 릴럭턴스 전동기 (switched reluctance motor: 이하, SRM이라고 칭함)에 대한 관심이 다양한 분야에서 고조되고 있다.",
                        "clue_start": "471",
                        "clue_end": "596"
                    },
                    {
                        "clue_text": "SRM은 비교적 간단한 제어장치에 의해 직권형 직류전동기와 비슷한 속도-토크 특성을 얻을 수 있다.",
                        "clue_start": "604",
                        "clue_end": "659"
                    },
                    {
                        "clue_text": "또한, 유도전동기에 비해 기계적으로 견고하고 자기적으로 간단하며 기동토크가 큰 장점이 있다.",
                        "clue_start": "660",
                        "clue_end": "711"
                    }
                ],
                "terminology": [
                    {
                        "word": "SRM"
                    },
                    {
                        "word": "base"
                    },
                    {
                        "word": "duty"
                    },
                    {
                        "word": "duty ratio"
                    },
                    {
                        "word": "dwell"
                    },
                    {
                        "word": "encoder"
                    },
                    {
                        "word": "optimal"
                    },
                    {
                        "word": "position"
                    },
                    {
                        "word": "reluctance"
                    },
                    {
                        "word": "sampling"
                    },
                    {
                        "word": "sampling time"
                    },
                    {
                        "word": "self-tuning"
                    },
                    {
                        "word": "sensor"
                    },
                    {
                        "word": "speed"
                    },
                    {
                        "word": "turn-off"
                    },
                    {
                        "word": "turn-on"
                    },
                    {
                        "word": "가변속 구동"
                    },
                    {
                        "word": "각 속도"
                    },
                    {
                        "word": "계산치"
                    },
                    {
                        "word": "기동토크"
                    },
                    {
                        "word": "드웰"
                    },
                    {
                        "word": "드웰각"
                    },
                    {
                        "word": "릴럭턴스"
                    },
                    {
                        "word": "릴럭턴스 전동기"
                    },
                    {
                        "word": "릴럭턴스 토크"
                    },
                    {
                        "word": "마이크로 컴퓨터"
                    },
                    {
                        "word": "마이크로프로세서"
                    },
                    {
                        "word": "부하"
                    },
                    {
                        "word": "부하 토크"
                    },
                    {
                        "word": "상 스위치"
                    },
                    {
                        "word": "샘플링 시간"
                    },
                    {
                        "word": "센서"
                    },
                    {
                        "word": "속도 제어 변수"
                    },
                    {
                        "word": "속도-토크"
                    },
                    {
                        "word": "속도-토크 특성"
                    },
                    {
                        "word": "스위치"
                    },
                    {
                        "word": "스위치드 릴럭턴스"
                    },
                    {
                        "word": "스위치드 릴럭턴스 전동기"
                    },
                    {
                        "word": "엔코더"
                    },
                    {
                        "word": "옵토인터럽터"
                    },
                    {
                        "word": "원 칩"
                    },
                    {
                        "word": "위상각"
                    },
                    {
                        "word": "위상각 제어"
                    },
                    {
                        "word": "유도전동기"
                    },
                    {
                        "word": "인덕턴스"
                    },
                    {
                        "word": "인덕턴스 프로화일"
                    },
                    {
                        "word": "자기동조방식"
                    },
                    {
                        "word": "자기포화"
                    },
                    {
                        "word": "자기포화 현상"
                    },
                    {
                        "word": "전동기"
                    },
                    {
                        "word": "전력전자"
                    },
                    {
                        "word": "제어 변수"
                    },
                    {
                        "word": "직류"
                    },
                    {
                        "word": "초퍼"
                    },
                    {
                        "word": "최대 토크"
                    },
                    {
                        "word": "턴오프 각"
                    },
                    {
                        "word": "턴온 각"
                    },
                    {
                        "word": "토크"
                    },
                    {
                        "word": "통류율"
                    },
                    {
                        "word": "프로화일"
                    },
                    {
                        "word": "회로"
                    },
                    {
                        "word": "회전자"
                    }
                ]
            }
        ]
    }
}