{
    "dataset_info": {
        "identifier": "02-031-002-NL",
        "name": "기술과학 문서 요약 데이터",
        "category": "자연어",
        "last_updated": "2023-08-30"
    },
    "dataset": {
        "doc_id": "034b7f4e-3be843b2-6668-4faa-8594-607d086f9057",
        "doc_type": "논문",
        "doc_title": {
            "kor": "입력 전원 외란 상황에서의 신경회로망 기반 전류 보상기를 이용한 매트릭스 컨버터의 출력 전류 개선",
            "eng": ""
        },
        "doc_category": {
            "KDC": "560.5",
            "DDC": ""
        },
        "doc_number": {
            "ISSN": "1229-2214",
            "ISBN": "",
            "DOI": "",
            "UCI": ""
        },
        "doc_year": "2010",
        "doc_author": [
            "이은실",
            "박기우",
            "이교범"
        ],
        "doc_publisher": "전력전자학회",
        "doc_license": "CC BY-NC",
        "context_info": [
            {
                "context_id": "55e-0c9-merge_ed_034b7f4e-3be843b2-6668-4faa-8594-607d086f9057_06",
                "context_K-NSCC": {
                    "field": "인공물",
                    "large_category": "ED",
                    "medium_category": "03"
                },
                "context": "<p>고조파를 주입한 왜곡된 전압 파형이 인가되었을 경우 매트릭스 컨버터의 출력 전류 역시 그림 9의 (c)와 같이 입력의 영향을 받아 왜곡된다. 신경회로망 기반 전류 보상기를 이용하여 출력 파형을 보상하면 그림 9의 (d)와 같이 왜곡이 없는 정현파가 출력된다. 보상 전 매트릭스 컨버터의 전압이득은 일정한 값을 가지지만 보상 후에는 전압이득이 적절히 변화하여 전류를 보상함을 그림 10를 통해 알 수 있다.</p> <p>그림 11은 불평형 입력 전압 상황에서 보상 전과 후 출력전류의 d-q축 변환 파형을 보여준다. 보상 전 일정하지 않은 파형이 보상 후, 깨끗하게 보상됨을 확인할 수 있다.</p> <h1>5. 실험 결과</h1> <p>그림 12는 매트릭스 컨버터 실험 장치이다. 입력 전원의 외란 상황에서 제안한 신경회로망 기반의 전류보상기를 이용한 매트릭스 컨버터의 출력 전류의 개선기법의 타당성과 유효성을 검증하기 위해 본 실험을 수행하였다. 매트릭스 컨버터의 입력 전압의 크기를 \\( 380 \\mathrm { V } \\), 출력 주파수 지령을 \\( 60 \\mathrm { Hz } \\)로 설정하였으며 출력단 부하의 저항은 \\( 10 \\Omega \\), 인덕턴스는 \\( 30 \\mathrm { mH } \\), 스위칭 주파수는 \\( 5 \\mathrm { kHz } \\)로 설정하였다. 출력 전류 개선을 위한 신경회로망 보상기의 은닉층은 3개, 상수 \\( \\alpha \\)는 0.3, \\( \\beta \\)는 0.01로 설정하였다.</p> <p>정상 입력일 때의 파형을 살려보면 그림 13과 같다. 입력 3상 평형 전압과 출력 전압, 그리고 출력 3상 전류를 나타낸다. 정상 입럭일 때의 출력 전류 파형은 평형의 정현파임을 확인할 수 있다. 입력 전압에서 한상의 크기를 다른 상들의 1 / 2 이 되도록 조절하여 불평형의 입력전압을 인가하였다. 그림 14의 (a)는 입력 불평형 선간 전압들을 나타내고, 그림 14의 (b) 출력 선간 전압을 나타낸다. 그림 14 의 (c)는 입력에 따른 출력 전류를 나타내며 파형이 불평형을 이루고 왜곡됨을 보이는데 신경회로망 기반 전류 보상기를 이용하여 출력 전류를 보상하면 그림 14의 (d)와 같이 3상의 정현파가 된다. 입력 전압이 불평형일 때의 신경회로망 기반 보상기를 이용하여 보상한 후의 전압 이득을 살펴보면 그림 15와 같다. 보상 전에는 일정한 값이던 전압이득이 보상 후에는 크기가 변동하며 출력 전류를 보상한다. 이는 시뮬레이션 결과와 같으며 이를 통해 신경회로망 기반 전류 보상기를 이용해 출력 전류의 왜곡이 효과적으로 보상됨을 증명하였다.</p> <h1>6. 결 론</h1> <p>본 논문에서는 매트릭스 컨버터의 입력 전원의 외란의 영향을 줄이기 위해 신경회로망 기반 전류 보상기를 이용한 출력 전류 개선 기법을 제안했다. 시뮬레이션과 실험 결과를 통하여 신경회로망의 학습 능력을 이용한 전류 보상기가 매트릭스 컨버터의 시스템에 잘 적용되고 입력 전원의 외란에 대한 왜곡된 출력 전류를 효과적으로 보상하는 것을 검증하였다.</p>",
                "context_length": 1506,
                "summary": "본 논문에서는 매트릭스 컨버터의 입력 전원에 대한 외란의 영향 감소를 위해 신경회로망 기반 전류 보상기를 통한 출력 전류 개선 방법을 제시하였다. 시뮬레이션을 통해 신경회로망의 학습 능력을 사용한 전류 보상기가 매트릭스 컨버터의 시스템에 잘 적용되며 입력 전원의 외란에 대한 왜곡된 출력 전류를 효과적으로 보상함을 증명했다.",
                "clue": [
                    {
                        "clue_text": "본 논문에서는 매트릭스 컨버터의 입력 전원의 외란의 영향을 줄이기 위해 신경회로망 기반 전류 보상기를 이용한 출력 전류 개선 기법을 제안했다.",
                        "clue_start": "1311",
                        "clue_end": "1390"
                    },
                    {
                        "clue_text": "시뮬레이션과 실험 결과를 통하여 신경회로망의 학습 능력을 이용한 전류 보상기가 매트릭스 컨버터의 시스템에 잘 적용되고 입력 전원의 외란에 대한 왜곡된 출력 전류를 효과적으로 보상하는 것을 검증하였다.",
                        "clue_start": "1391",
                        "clue_end": "1502"
                    }
                ],
                "terminology": [
                    {
                        "word": "3상 전류"
                    },
                    {
                        "word": "3상 평형"
                    },
                    {
                        "word": "d-q축"
                    },
                    {
                        "word": "d-q축 변환"
                    },
                    {
                        "word": "개선기법"
                    },
                    {
                        "word": "고조파"
                    },
                    {
                        "word": "매트릭스"
                    },
                    {
                        "word": "매트릭스 컨버터"
                    },
                    {
                        "word": "보상기"
                    },
                    {
                        "word": "선간 전압"
                    },
                    {
                        "word": "스위칭"
                    },
                    {
                        "word": "스위칭 주파수"
                    },
                    {
                        "word": "시뮬레이션"
                    },
                    {
                        "word": "신경회로망"
                    },
                    {
                        "word": "신경회로망 기반 전류 보상기"
                    },
                    {
                        "word": "신경회로망 보상기"
                    },
                    {
                        "word": "외란 상황"
                    },
                    {
                        "word": "은닉층"
                    },
                    {
                        "word": "인덕턴스"
                    },
                    {
                        "word": "입력 전원"
                    },
                    {
                        "word": "전류"
                    },
                    {
                        "word": "전류보상기"
                    },
                    {
                        "word": "전압이득"
                    },
                    {
                        "word": "정현파"
                    },
                    {
                        "word": "주파수"
                    },
                    {
                        "word": "출력 선간 전압"
                    },
                    {
                        "word": "출력 전류 파형"
                    },
                    {
                        "word": "출력 전압"
                    },
                    {
                        "word": "출력단 부하"
                    },
                    {
                        "word": "출력전류"
                    },
                    {
                        "word": "컨버터"
                    },
                    {
                        "word": "파형"
                    },
                    {
                        "word": "평형"
                    },
                    {
                        "word": "한상"
                    }
                ]
            },
            {
                "context_id": "55e-0c9-merge_ed_034b7f4e-3be843b2-6668-4faa-8594-607d086f9057_00",
                "context_K-NSCC": {
                    "field": "인공물",
                    "large_category": "ED",
                    "medium_category": "03"
                },
                "context": "<h1>요 약</h1> <p>매트릭스 컨버터는 3상의 입련 전원이 전력용 반도체 스위치의 제어를 통해 3상의 부하에 직접 연결되는 에너지 변환 장치이다. 에너지 저장을 위한 직류단이 없어 매트릭스 컨버터의 입력 전류는 부하 전류와 스위치 상태에 직접 의존한다. 그러므로 불평형 또는 왜곡된 입력 전압은 원치 않은 출력 고조파 전류의 원인이 된다. 본 논문에서는 매트릭스 컨버터의 입력 전원 외란 상황에서 출력 전류를 개선하는 신경회로망 기반 전류 보상기를 제안한다. 제안된 기법 타당성과 유효성을 시뮬레이션과 실험을 통해 증명한다.</p> <h1>1. 서 론</h1> <p>3상 입력 전원이 3x3 매트릭스 형태의 전력용 반도체 스위치를 사용하여 3상 부하에 직접 연결되는 구조를 가진 매트릭스 컨버터는 이 9개의 전력용 반도체 스위치를 적절한 변조기법을 사용하여 가변 전압, 가변 주파수의 출력 전압을 합성한다. 매트릭스 컨버터는 직류단에 요구되는 전해 커패시터가 필요 없다. 전해 커패시터는 부피가 크고 수명을 단축시키는 등 많은 단점을 가지는데, 이러한 전해 커페시터의 무사용으로 소형화, 장수명화, 저가격화 할 수 있다. 또한 매트릭스 컨버터는 에너지의 양방향 흐름이 가능하다. 이는 4상한 운전이 가능해지므로 희생운전이 필요한 부하에서 상당한 에너지 절약을 할 수 있다.</p> <p>그럼에도 불구하고 매트릭스 컨버터는 직류단의 부재로 출력 전류는 입력 전원 외란에 민감하게 반응한다. 왜곡되거나 불평형의 입력 전원은 매트릭스 컨버터의 출력에 직접 영향을 미치며, 출력 전류에 원하지 않는 고조파를 만들어 부하의 성능을 악화시킨다. 이러한 입력 전원의 외란에 민감한 매트릭스 컨버터의 출력을 보상하는 기법들이 제시되고 있다.</p> <p>[4]와 [5]에서는 입력 전압의 순시값을 측정하여 피드포워드 보상 방법을 통해 입력 전압의 분평형에서 평형 정현파 출력 전류를 얻는 방법을 제시하였다. [6]에서는 피드포워드와 PI 기반의 보상 기법을 제안하였으며, [7]에서는 두 개의 입력 전압의 순시값을 측정하여 전압 이득의 계산을 통한 출력 전류 보상기법을, [8]에서는 출력 전류의 순시값을 측정하여 퍼지 논리 제어기 통헤 왜곡된 입력 전압에서의 출력 전류 보상 기법을 제시하였다.</p> <p>본 논문에서는 매트릭스 컨버터의 입력 전원의 외란의 악영향을 줄이기 위해 신경회로망 기반 전류 보상기를 이용한 출력 전류 개선 기법을 제안한다. 신경회로망의 학습 능력을 이용하여 제어환경 변화에 대한 빠른 응답을 요구하는 매트릭스 컨버터에 적합함을 보이고 시뮬레이션과 실험 결과를 동하여 입력 전원의 외란에 대한 왜곡된 출력 전류의 보상을 증명한다.</p>",
                "context_length": 1320,
                "summary": "매트릭스 컨버터는 3상 입련 전원을 부하에 직접 연결하는 에너지 변환 장치로, 입력 전류는 부하 전류와 스위치 상태에 따라 결정되며, 외란 상황에서 전류 보상을 위해 신경회로망 기반 전류 보상기를 제안한다.",
                "clue": [
                    {
                        "clue_text": "매트릭스 컨버터는 3상의 입련 전원이 전력용 반도체 스위치의 제어를 통해 3상의 부하에 직접 연결되는 에너지 변환 장치이다.",
                        "clue_start": "16",
                        "clue_end": "85"
                    },
                    {
                        "clue_text": "에너지 저장을 위한 직류단이 없어 매트릭스 컨버터의 입력 전류는 부하 전류와 스위치 상태에 직접 의존한다.",
                        "clue_start": "86",
                        "clue_end": "145"
                    },
                    {
                        "clue_text": "그러므로 불평형 또는 왜곡된 입력 전압은 원치 않은 출력 고조파 전류의 원인이 된다.",
                        "clue_start": "146",
                        "clue_end": "193"
                    },
                    {
                        "clue_text": "본 논문에서는 매트릭스 컨버터의 입력 전원 외란 상황에서 출력 전류를 개선하는 신경회로망 기반 전류 보상기를 제안한다.",
                        "clue_start": "194",
                        "clue_end": "260"
                    }
                ],
                "terminology": [
                    {
                        "word": "PI"
                    },
                    {
                        "word": "가변"
                    },
                    {
                        "word": "가변 전압"
                    },
                    {
                        "word": "가변 주파수"
                    },
                    {
                        "word": "고조파"
                    },
                    {
                        "word": "고조파 전류"
                    },
                    {
                        "word": "매트릭스"
                    },
                    {
                        "word": "매트릭스 컨버터"
                    },
                    {
                        "word": "매트릭스 형태"
                    },
                    {
                        "word": "보상기"
                    },
                    {
                        "word": "보상기법"
                    },
                    {
                        "word": "분평형"
                    },
                    {
                        "word": "순시값"
                    },
                    {
                        "word": "스위치"
                    },
                    {
                        "word": "신경회로망"
                    },
                    {
                        "word": "신경회로망 기반 전류 보상기"
                    },
                    {
                        "word": "외란 상황"
                    },
                    {
                        "word": "입력 전원"
                    },
                    {
                        "word": "장수명화"
                    },
                    {
                        "word": "전력용 반도체"
                    },
                    {
                        "word": "전력용 반도체 스위치"
                    },
                    {
                        "word": "전류"
                    },
                    {
                        "word": "전류 보상"
                    },
                    {
                        "word": "전류 보상기"
                    },
                    {
                        "word": "전류 보상기법"
                    },
                    {
                        "word": "전압 이득"
                    },
                    {
                        "word": "전해"
                    },
                    {
                        "word": "전해 커패시터"
                    },
                    {
                        "word": "정현파"
                    },
                    {
                        "word": "정현파 출력"
                    },
                    {
                        "word": "정현파 출력 전류"
                    },
                    {
                        "word": "제어기"
                    },
                    {
                        "word": "주파수"
                    },
                    {
                        "word": "직류단"
                    },
                    {
                        "word": "출력 고조파"
                    },
                    {
                        "word": "출력 전압"
                    },
                    {
                        "word": "커패시터"
                    },
                    {
                        "word": "커페시터"
                    },
                    {
                        "word": "컨버터"
                    },
                    {
                        "word": "퍼지"
                    },
                    {
                        "word": "퍼지 논리"
                    },
                    {
                        "word": "퍼지 논리 제어기"
                    },
                    {
                        "word": "평형"
                    },
                    {
                        "word": "평형 정현파"
                    },
                    {
                        "word": "피드포워드"
                    },
                    {
                        "word": "피드포워드 보상"
                    },
                    {
                        "word": "합성"
                    }
                ]
            },
            {
                "context_id": "55e-0c9-merge_ed_034b7f4e-3be843b2-6668-4faa-8594-607d086f9057_03",
                "context_K-NSCC": {
                    "field": "인공물",
                    "large_category": "ED",
                    "medium_category": "03"
                },
                "context": "<p>2단계: 은닉층의 입출력값 구하기 \\[ \\begin {array} { l } \\text { net } { } _ { p j } = \\sum_ { i } w_ { j i } o_ { p i } \\\\ o_ { p i } =f_ { j } \\left ( \\text { net } { } _ { p j } \\right ) \\end {array} \\] 입력층의 출력값 \\( \\left (o_ { p i } \\right ) \\)과 연결가중치 \\( \\left (w_ { j i } \\right ) \\)를 이용하여 은닉층의 입력값 \\( \\left (n e t_ { p j } \\right ) \\)을 구하고 활성화 함수(f)를 통해 은닉층의 출력값 \\( \\left (o_ { p j } \\right ) \\)을 구한다. 이 때, 활성화 함수로 시그모이드 함수를 사용한다.</p> <p>3단계: 출력층의 입출력값 구하기 \\[ \\begin {array} { l } \\text { net } { } _ { p k } = \\sum_ { j } w_ { k j } o_ { p j } \\\\ o_ { p k } =f_ { k } \\left ( \\text { net } { } _ { p k } \\right ) \\end {array} \\] 은닉층의 출력값 \\( \\left (o_ { p j } \\right ) \\)과 연결가중치 \\( \\left (w_ { k j } \\right ) \\)를 이용하여 출럭층의 입럭값 \\( \\left (n e t_ { p k } \\right ) \\)을 구하고 활성화 함수(f)를 통해 출력층의 출력값 \\( \\left (o_ { p k } \\right ) \\)을 구한다. 이 때, 활성화 함수로 시그모이드 함수를 사용한다.</p> <p>4단계: 은닉층과 출력층의 연결가중치 변화 \\[ \\begin {aligned} \\delta_ { p k } &= \\left (t_ { p k } -o_ { p k } \\right ) f_ { k } ^ {\\prime } \\left (n e t_ { p k } \\right ) \\\\ w_ { k j } &=w_ { k j } + \\alpha \\delta_ { p k } o_ { p j } \\end {aligned} \\] 목표 출력값 \\( \\left (t_ { p k } \\right ) \\)과 실제 출력값 \\( \\left (o_ { p k } \\right ) \\)의 차로부터 출력층의 연결가중치와 출력층의 오프셋에 대한 오차 \\( \\left ( \\delta_ { p k } \\right ) \\)를 구하고, 이를 이용하여 은닉층과 출력층의 연결가중치 \\( \\left (w_ { k j } \\right ) \\)를 수정한다. 이 때, \\( \\alpha \\)는 상수이다.</p>",
                "context_length": 1348,
                "summary": "본 페이지에서는 은닉층, 출력층의 입출력값을 구하는 법과 두 층의 연결가중치를 수정하는 법을 살펴본다. 은닉충에서의 입력값은 이층의 출력과 연결가중치를 통해 구할 수 있으며, 출력값은 여기에 활성화함수를 적용해 구할 수 있다. 출력층의 입출력값은 은닉층의 입출력을 구하는 방법과 동일하다. 다음으로 두층의 연결가중치 수정은 목표와 실제 출력값의 차로 출력층의 연결가중치 및 오프셋 오차값을 구하고 이를 적용해 이루어진다.",
                "clue": [
                    {
                        "clue_text": "입력층의 출력값 \\( \\left (o_ { p i } \\right ) \\)과 연결가중치 \\( \\left (w_ { j i } \\right ) \\)를 이용하여 은닉층의 입력값 \\( \\left (n e t_ { p j } \\right ) \\)을 구하고 활성화 함수(f)를 통해 은닉층의 출력값 \\( \\left (o_ { p j } \\right ) \\)을 구한다.",
                        "clue_start": "195",
                        "clue_end": "395"
                    },
                    {
                        "clue_text": "은닉층의 출력값 \\( \\left (o_ { p j } \\right ) \\)과 연결가중치 \\( \\left (w_ { k j } \\right ) \\)를 이용하여 출럭층의 입럭값 \\( \\left (n e t_ { p k } \\right ) \\)을 구하고 활성화 함수(f)를 통해 출력층의 출력값 \\( \\left (o_ { p k } \\right ) \\)을 구한다.",
                        "clue_start": "624",
                        "clue_end": "824"
                    },
                    {
                        "clue_text": "목표 출력값 \\( \\left (t_ { p k } \\right ) \\)과 실제 출력값 \\( \\left (o_ { p k } \\right ) \\)의 차로부터 출력층의 연결가중치와 출력층의 오프셋에 대한 오차 \\( \\left ( \\delta_ { p k } \\right ) \\)를 구하고, 이를 이용하여 은닉층과 출력층의 연결가중치 \\( \\left (w_ { k j } \\right ) \\)를 수정한다.",
                        "clue_start": "1096",
                        "clue_end": "1319"
                    }
                ],
                "terminology": [
                    {
                        "word": "net"
                    },
                    {
                        "word": "목표 출력값"
                    },
                    {
                        "word": "시그모이드 함수"
                    },
                    {
                        "word": "연결가중치"
                    },
                    {
                        "word": "연결가중치 변화"
                    },
                    {
                        "word": "은닉층"
                    },
                    {
                        "word": "입력층"
                    },
                    {
                        "word": "출럭층"
                    },
                    {
                        "word": "출력층"
                    },
                    {
                        "word": "함수"
                    },
                    {
                        "word": "활성화"
                    },
                    {
                        "word": "활성화 함수"
                    }
                ]
            },
            {
                "context_id": "55e-0c9-merge_ed_034b7f4e-3be843b2-6668-4faa-8594-607d086f9057_01",
                "context_K-NSCC": {
                    "field": "인공물",
                    "large_category": "ED",
                    "medium_category": "03"
                },
                "context": "<h2>2. 매트릭스 컨버터</h2> <p>기존의 AC-DC-AC 간접방식의 컨버터는 직류단으로 분리되어 있지만 AC-AC직접 전력 변환방식의 매트릭스 컨버터는 부피가 큰 직류단 없이 입력 전원이 전력용 반도체 스위치를 통해 부하에 직접 연결되어 있다. 전력용 반도체 스위치는 절절한 변조기법에 의해 제어되며 각 상에서 요구되는 가변 전압, 가변 주파수의 출력전압을 합성한다. 그림 1은 기본적인 매트릭스 컨버터를 나타낸다. 3상 매트릭스 컨버터는 9개의 전력용 반도체 스위치로 전력회로를 구성되며, 고조파 규격을 만족시키기 위한 입력단의 LC 필터와 전력용 반도체 스위치의 보호를 위한 다이오드 클램프 회로로 이루어진다.</p> <p>매트릭스 컨버터에서 사용되는 공간 벡터 변조기법 (Space Vector Modulation: SVM)은 3상 입력 전류와 출력 선간 전압을 그림 2와 같이 공간 벡터로 나타낸다. 두 개의 근접한 벡터와 영전압 벡터를 이용해 입력 전류 벡터와 출력 전압 지령 벡터를 합성한다.</p> <p>지령 벡터의 크기는 인접한 두 기준 벡터의 변조 통류율(duty ratio)에 의해 결정되며 다음 식 (1)과 같다. 여기서 q는 전압 이득을 나타내고, \\( d_ { 0 } \\)시간은 영전압 벡터의 인가 시간으로 설정하여 하나의 스위칭 주기를 완성한다.</p> <p>\\( \\begin {aligned} d_ { 1 } & = \\frac { 2 } {\\sqrt { 3 } } q \\cos \\left ( \\alpha_ { o } - \\frac {\\pi } { 3 } \\right ) \\cos \\left ( \\beta_ { i } - \\frac {\\pi } { 3 } \\right ) \\\\ d_ { 2 } &= \\frac { 2 } {\\sqrt { 3 } } q \\cos \\left ( \\alpha_ { o } - \\frac {\\pi } { 3 } \\right ) \\cos \\left ( \\beta_ { i } + \\frac {\\pi } { 3 } \\right ) \\\\ d_ { 3 } &= \\frac { 2 } {\\sqrt { 3 } } q \\cos \\left ( \\alpha_ { o } + \\frac {\\pi } { 3 } \\right ) \\cos \\left ( \\beta_ { i } - \\frac {\\pi } { 3 } \\right ) \\\\ d_ { 4 } &= \\frac { 2 } {\\sqrt { 3 } } q \\cos \\left ( \\alpha_ { o } + \\frac {\\pi } { 3 } \\right ) \\cos \\left ( \\beta_ { i } + \\frac {\\pi } { 3 } \\right ) \\\\ d_ { 0 } &=1- \\left (d_ { 1 } + d_ { 2 } + d_ { 3 } + d_ { 4 } \\right ) \\end {aligned} \\)<caption>(1)</caption></p>",
                "context_length": 1432,
                "summary": "AC-DC-AC 간접 전력 변환 방식과 달리, AC-AC 직접 전력 변환 방식인 매트릭스 컨버터는 부피가 큰 직류단 없이 입력 전원이 전력용 반도체 스위치를 통해 부하에 직접 연결된다. 매트릭스 컨버터에서 사용하는 공간 벡터 변조 기법(Space Vector Modulation, SVM)은 3상 입력 전류와 출력 선간 전압을 공간 벡터로 표현한다. 지령 벡터의 크기는 인접한 두 기준 벡터의 변조 통류율(duty ratio)에 의해 결정되며 이는 주어진 식(1)을 통해 구현된다.",
                "clue": [
                    {
                        "clue_text": "기존의 AC-DC-AC 간접방식의 컨버터는 직류단으로 분리되어 있지만 AC-AC직접 전력 변환방식의 매트릭스 컨버터는 부피가 큰 직류단 없이 입력 전원이 전력용 반도체 스위치를 통해 부하에 직접 연결되어 있다.",
                        "clue_start": "24",
                        "clue_end": "141"
                    },
                    {
                        "clue_text": "매트릭스 컨버터에서 사용되는 공간 벡터 변조기법 (Space Vector Modulation: SVM)은 3상 입력 전류와 출력 선간 전압을 그림 2와 같이 공간 벡터로 나타낸다.",
                        "clue_start": "356",
                        "clue_end": "456"
                    },
                    {
                        "clue_text": "지령 벡터의 크기는 인접한 두 기준 벡터의 변조 통류율(duty ratio)에 의해 결정되며 다음 식 (1)과 같다.",
                        "clue_start": "518",
                        "clue_end": "583"
                    }
                ],
                "terminology": [
                    {
                        "word": "AC-DC-AC"
                    },
                    {
                        "word": "LC"
                    },
                    {
                        "word": "SVM"
                    },
                    {
                        "word": "Space"
                    },
                    {
                        "word": "Space Vector"
                    },
                    {
                        "word": "Vector"
                    },
                    {
                        "word": "duty"
                    },
                    {
                        "word": "duty ratio"
                    },
                    {
                        "word": "가변"
                    },
                    {
                        "word": "가변 전압"
                    },
                    {
                        "word": "가변 주파수"
                    },
                    {
                        "word": "간접방식"
                    },
                    {
                        "word": "고조파"
                    },
                    {
                        "word": "공간 벡터"
                    },
                    {
                        "word": "공간 벡터 변조기법"
                    },
                    {
                        "word": "기준 벡터"
                    },
                    {
                        "word": "다이오드"
                    },
                    {
                        "word": "다이오드 클램프"
                    },
                    {
                        "word": "다이오드 클램프 회로"
                    },
                    {
                        "word": "매트릭스"
                    },
                    {
                        "word": "매트릭스 컨버터"
                    },
                    {
                        "word": "벡터"
                    },
                    {
                        "word": "선간 전압"
                    },
                    {
                        "word": "스위치"
                    },
                    {
                        "word": "스위칭"
                    },
                    {
                        "word": "스위칭 주기"
                    },
                    {
                        "word": "영전압"
                    },
                    {
                        "word": "영전압 벡터"
                    },
                    {
                        "word": "입력 전원"
                    },
                    {
                        "word": "전력용 반도체"
                    },
                    {
                        "word": "전력용 반도체 스위치"
                    },
                    {
                        "word": "전력회로"
                    },
                    {
                        "word": "전류"
                    },
                    {
                        "word": "전압 이득"
                    },
                    {
                        "word": "전압 지령"
                    },
                    {
                        "word": "전압 지령 벡터"
                    },
                    {
                        "word": "주파수"
                    },
                    {
                        "word": "지령 벡터"
                    },
                    {
                        "word": "직류단"
                    },
                    {
                        "word": "출력 선간 전압"
                    },
                    {
                        "word": "출력전압"
                    },
                    {
                        "word": "컨버터"
                    },
                    {
                        "word": "클램프"
                    },
                    {
                        "word": "클램프 회로"
                    },
                    {
                        "word": "통류율"
                    },
                    {
                        "word": "합성"
                    },
                    {
                        "word": "회로"
                    }
                ]
            },
            {
                "context_id": "55e-0c9-merge_ed_034b7f4e-3be843b2-6668-4faa-8594-607d086f9057_05",
                "context_K-NSCC": {
                    "field": "인공물",
                    "large_category": "ED",
                    "medium_category": "03"
                },
                "context": "<p>신경회로망 기반의 전류 보상기의 입력은 식 (3)과 같이 매트릭스 컨버터의 출력 전류의 크기 \\( (I(k)) \\)와 원하는 출럭 전류의 크기 \\( \\left (F ^ { k } (k) \\right ) \\)의 오차 \\( (e(k)) \\)와 오차의 변화 \\( (c e(k)) \\)로 설정하였다. 출력은 전압 이득 \\( (q(k)) \\)으로 설정하였다.</p> <p>\\( \\begin {aligned} e(k)=I ^ { * } (k)-I(k) \\\\ ce(k)=e(k)-e(k-1) \\end {aligned} \\)<caption>(3)</caption></p> <p>신경회로망의 입력으로 받은 오차와 오차의 변화는 3.2장의 설명과 같이 역전파 알고리즘 학습방법으로 각각의 연결가중치들과의 중첩합을 통해 은닉층의 값들을 구하고 이 값들은 또 다른 연결가중치들의 중첩 합으로 출력층으로 합쳐져 활성화 함수를 통해 결과를 내며, 이전의 연결가중치들을 적절히 변경시킨다. 이 결과 값은 매트릭스 컨버터의 전압 이득으로 사용되며 전압 이득은 매트릭스 컨버터의 변조 통류율을 계산하는데 사용되어 입력 전압의 외란 상황에서 왜곡된 출력 전류를 보상한다. 이러한 시스템을 그림 5에 나타내었다.</p> <h1>4. 시뮬레이션</h1> <p>시뮬레이션을 통해 신경망 전류보상기의 성능을 검증했다. \\( 380 \\mathrm { ~V } \\)의 평형 3상을 입력 전압으로 인가하고 부하로는 \\( \\mathrm { R } =10 \\Omega, \\mathrm { L } =30 \\mathrm { mH } \\)의 3상 평형 부하를 사용하였다. 매트릭스 컨버터의 스위칭 주파수는 \\( 5 \\mathrm { kHz } \\), 출력단 지령 전압 주파수는 \\( 60 \\mathrm { ~Hz } \\)로 설정하고 전압 이득은 0.6으로 설정하였다. 불평형 입럭의 경우 한 상은 기존 크기의 1 / 2로 줄여 불평형 3상의 전압을 인가하였고 왜곡 입력의 경우 각 상에 20%의 3차 고조파와 10%의 5차 고조파를 추가하여 전압을 인가하였다.</p> <p>먼저 평형 3상 정현파 입력에 따른 출력을 살펴보았다. 그림 6은 입력 전압(a), 출력 전압(b) 그리고 출력 전류(c)의 파형을 나타내며, 출력 전류는 왜곡 없이 깨끗한 정현파임을 알 수 있다. 매트릭스 컨버터의 전원을 그림 7의 (a)와 같이 불평형으로 입력하면 출력 전류 파형은 그림 7의 (c)와 같이 일그러진 파형의 형태를 나타낸다. 이러한 매트릭스 컨버터에 신경회로망 기반 전류 보상기를 통하여 보상하면 출력 전류파형은 정현파로 깨끗하게 보상되며, 개선된 파형은 그림 7의 (d)와 같다. 신경회로망의 은닉층은 3개, 상수 \\( \\alpha \\)는 0.3, \\( \\beta \\)는 0.01로 설정하였다. 이 때 전압 이득은 그림 8과 같다. 보상 전 매트릭스 컨버터의 전압이득은 일정하지만 보상 후에는 전압이득이 적절히 변화하여 전류를 보상한다.</p>",
                "context_length": 1450,
                "summary": "매트릭스 컨버터의 전압 이득으로 사용되며 매트릭스 컨버터의 변조 통류율을 계산하는데 사용되어 입력 전압의 외란 상황에서 왜곡된 출력 전류를 보상한다. 그림 6은 파형을 나타내며, 출력 전류는 왜곡 없이 깨끗한 정현파임을 알 수 있다. 매트릭스 컨버터의 전원을 그림 7의 (a)와 같이 불평형으로 입력하면 출력 전류 파형은 그림 7의 (c)와 같이 일그러진 파형의 형태를 나타낸다. 보상 전 매트릭스 컨버터의 전압이득은 일정하지만 보상 후에는 전압이득이 적절히 변화하여 전류를 보상한다.",
                "clue": [
                    {
                        "clue_text": "이 결과 값은 매트릭스 컨버터의 전압 이득으로 사용되며 전압 이득은 매트릭스 컨버터의 변조 통류율을 계산하는데 사용되어 입력 전압의 외란 상황에서 왜곡된 출력 전류를 보상한다.",
                        "clue_start": "486",
                        "clue_end": "584"
                    },
                    {
                        "clue_text": "그림 6은 입력 전압(a), 출력 전압(b) 그리고 출력 전류(c)의 파형을 나타내며, 출력 전류는 왜곡 없이 깨끗한 정현파임을 알 수 있다.",
                        "clue_start": "1053",
                        "clue_end": "1132"
                    },
                    {
                        "clue_text": "매트릭스 컨버터의 전원을 그림 7의 (a)와 같이 불평형으로 입력하면 출력 전류 파형은 그림 7의 (c)와 같이 일그러진 파형의 형태를 나타낸다.",
                        "clue_start": "1133",
                        "clue_end": "1214"
                    },
                    {
                        "clue_text": "보상 전 매트릭스 컨버터의 전압이득은 일정하지만 보상 후에는 전압이득이 적절히 변화하여 전류를 보상한다.",
                        "clue_start": "1388",
                        "clue_end": "1446"
                    }
                ],
                "terminology": [
                    {
                        "word": "3상 평형"
                    },
                    {
                        "word": "고조파"
                    },
                    {
                        "word": "매트릭스"
                    },
                    {
                        "word": "매트릭스 컨버터"
                    },
                    {
                        "word": "보상기"
                    },
                    {
                        "word": "스위칭"
                    },
                    {
                        "word": "스위칭 주파수"
                    },
                    {
                        "word": "시뮬레이션"
                    },
                    {
                        "word": "신경망"
                    },
                    {
                        "word": "신경회로망"
                    },
                    {
                        "word": "신경회로망 기반 전류 보상기"
                    },
                    {
                        "word": "알고리즘"
                    },
                    {
                        "word": "역전파"
                    },
                    {
                        "word": "역전파 알고리즘"
                    },
                    {
                        "word": "외란 상황"
                    },
                    {
                        "word": "은닉층"
                    },
                    {
                        "word": "전류"
                    },
                    {
                        "word": "전류보상기"
                    },
                    {
                        "word": "전류파형"
                    },
                    {
                        "word": "전압 주파수"
                    },
                    {
                        "word": "전압이득"
                    },
                    {
                        "word": "정현파"
                    },
                    {
                        "word": "주파수"
                    },
                    {
                        "word": "중첩합"
                    },
                    {
                        "word": "지령 전압"
                    },
                    {
                        "word": "출력 전류파형"
                    },
                    {
                        "word": "출력 전압"
                    },
                    {
                        "word": "출력층"
                    },
                    {
                        "word": "컨버터"
                    },
                    {
                        "word": "통류율"
                    },
                    {
                        "word": "파형"
                    },
                    {
                        "word": "평형"
                    },
                    {
                        "word": "평형 3상"
                    },
                    {
                        "word": "평형 부하"
                    },
                    {
                        "word": "함수"
                    },
                    {
                        "word": "활성화"
                    },
                    {
                        "word": "활성화 함수"
                    }
                ]
            },
            {
                "context_id": "55e-0c9-merge_ed_034b7f4e-3be843b2-6668-4faa-8594-607d086f9057_02",
                "context_K-NSCC": {
                    "field": "인공물",
                    "large_category": "ED",
                    "medium_category": "03"
                },
                "context": "<h1>3. 제안하는 기법</h1> <h2>3.1 매트리스 컴버티의 전원 외란 상항</h2> <p>매트릭스 컨버터에서 사용되는 공간 벡터 변조기법은 정상적 입력 전압 상태에서 고정된 스위칭 패턴이 적용되며 전력용 반도체 스위치들의 통류율은 미리 계산된다. 입력의 왜곡은 컨버터의 출력에 그대로 영향을 주기 때문에 이러한 고정된 스위칭 패턴들의 사용은 적절하지 않다. 그러므로 스위칭 패턴의 통류율은 각각의 샘플링 주기에 따라 출력 전류를 측정함으로써 바로 계산되어야 한다.</p> <p>매트릭스 컨버터의 출력 전류 공간 벡터의 크기 \\( \\left (I_ { d o } \\right ) \\)를 다음 식 (2)와 같이 정의한다.</p> <p>\\( I_ { d o } = \\left ( \\frac { 2 } { 3 } \\sum_ { j=a, b, c } i_ { j } ^ { 2 } (t) \\right ) ^ {\\frac { 1 } { 2 } } \\)<caption>(2)</caption></p> <p>매트릭스 킨버터에 3상 정현파가 입력으로 들어간다면 \\( I_ { d o } \\)는 일정한 상수 값이다. 그러나 매트릭스 컨버터는 입력이 출력과 전력용 반돈체 스위치로만 연결되어 직류단과 같은 역할을 해주는 소자가 없기 때문에 입력의 외란이 그대로 출력으로 전달되어 전원 외란 상황에서의 \\( I_ { d o } \\)는 일정하지 않다. 여기서 전원 외란 상황을 불평형 상태와 고조파를 주입한 왜곡된 상태로 나누었다. 그림 3은 각각의 상태에서 매트릭스 컨버터의 출력 특성을 나타낸다. 매트릭스 컨버터의 입력이 불평형 또는 왜곡되면 출력 전류 공간벡터의 크기는 리플성분을 포함한다.</p> <h2>3.2 신경회로망</h2> <p>신경회로망은 학습에 의해 정보를 얻고, 저장하고, 활용하는 기능을 갖추었다. 이런 다양한 기능은 여러 분야에 적용되고 있으며 제어분야 응용을 위하여 사용하는 경우, 학습에 의한 지속적인 성능개선과 제어환경 변화에 대한 견고성 등으로 수학적 제어이론보다 실용적이다. 신경회로망의 구조는 그림 4와 같이 구성되며, 일반적으로 역전파-(Back-propagation) 학습 알고리즘으로 이루어진다. 신경회로망 학습을 위한 역전파 알고리즘 기본 원리는 실제 출력값과 목표 출력값을 비교하여 차이를 줄여 가는 방향으로 연결가중치를 조정하고, 상위층에서 역전파하여 하위층에 이를 근거로 다시 자기충의 연결가중치를 조정해 나가게 된다. 역전파 학습 알고리즘의 학습 과정은 다음과 같은 단계로 이루어진다.</p> <p>1단계: 연결가중치 \\( \\left (w_ { j i } , w_ { k j } \\right ) \\)를 아주 작은 임의의 값으로 초기화 하고, 입력을 설정한다.</p>",
                "context_length": 1343,
                "summary": "매트릭스 컨버터는 직류단과 같은 역할을 해주는 소자가 없어 입력의 외란이 그대로 출력으로 나타나 그 입력이 불평형 또는 왜곡되었을 때 출력 전류 공간벡터 크기는 리플 성분을 포함하게 된다. 한편, 신경회로망은 일반적으로 역전파 학습 알고리즘으로 이루어지며, 그 원리는 실제 출력값과 목표값을 비교해 차이를 줄이는 방향으로 연결가중치를 조정하고 상위층에서 역전파하여 하위층은 이를 근거로 다시 자기층의 연결가중치를 조정하는 방식으로 구성되어 있다.",
                "clue": [
                    {
                        "clue_text": "그러나 매트릭스 컨버터는 입력이 출력과 전력용 반돈체 스위치로만 연결되어 직류단과 같은 역할을 해주는 소자가 없기 때문에 입력의 외란이 그대로 출력으로 전달되어 전원 외란 상황에서의 \\( I_ { d o } \\)는 일정하지 않다.",
                        "clue_start": "564",
                        "clue_end": "692"
                    },
                    {
                        "clue_text": "매트릭스 컨버터의 입력이 불평형 또는 왜곡되면 출력 전류 공간벡터의 크기는 리플성분을 포함한다.",
                        "clue_start": "776",
                        "clue_end": "829"
                    },
                    {
                        "clue_text": "신경회로망의 구조는 그림 4와 같이 구성되며, 일반적으로 역전파-(Back-propagation) 학습 알고리즘으로 이루어진다.",
                        "clue_start": "1004",
                        "clue_end": "1075"
                    },
                    {
                        "clue_text": "신경회로망 학습을 위한 역전파 알고리즘 기본 원리는 실제 출력값과 목표 출력값을 비교하여 차이를 줄여 가는 방향으로 연결가중치를 조정하고, 상위층에서 역전파하여 하위층에 이를 근거로 다시 자기충의 연결가중치를 조정해 나가게 된다.",
                        "clue_start": "1076",
                        "clue_end": "1204"
                    }
                ],
                "terminology": [
                    {
                        "word": "Back-propagation"
                    },
                    {
                        "word": "고조파"
                    },
                    {
                        "word": "공간 벡터 변조기법"
                    },
                    {
                        "word": "공간벡터"
                    },
                    {
                        "word": "리플성분"
                    },
                    {
                        "word": "매트리스"
                    },
                    {
                        "word": "매트릭스"
                    },
                    {
                        "word": "매트릭스 컨버터"
                    },
                    {
                        "word": "목표 출력값"
                    },
                    {
                        "word": "벡터"
                    },
                    {
                        "word": "스위치"
                    },
                    {
                        "word": "스위칭"
                    },
                    {
                        "word": "스위칭 패턴"
                    },
                    {
                        "word": "신경회로망"
                    },
                    {
                        "word": "알고리즘"
                    },
                    {
                        "word": "역전파"
                    },
                    {
                        "word": "역전파 알고리즘"
                    },
                    {
                        "word": "역전파 학습"
                    },
                    {
                        "word": "역전파 학습 알고리즘"
                    },
                    {
                        "word": "연결가중치"
                    },
                    {
                        "word": "외란 상황"
                    },
                    {
                        "word": "전력용 반도체"
                    },
                    {
                        "word": "전류"
                    },
                    {
                        "word": "정현파"
                    },
                    {
                        "word": "제어이론"
                    },
                    {
                        "word": "컨버터"
                    },
                    {
                        "word": "킨버터"
                    },
                    {
                        "word": "통류율"
                    }
                ]
            },
            {
                "context_id": "55e-0c9-merge_ed_034b7f4e-3be843b2-6668-4faa-8594-607d086f9057_04",
                "context_K-NSCC": {
                    "field": "인공물",
                    "large_category": "ED",
                    "medium_category": "03"
                },
                "context": "<p>5단계: 입력층과 은닉층의 연결가중치 변화 \\( \\delta_ { p j } =f_ { k } ^ {\\prime } \\left ( \\right . \\) net \\( \\left . { } _ { p j } \\right ) \\sum_ { k } \\delta_ { p k } w_ { k j } \\) \\( w_ { k i } =w_ { k i } + \\beta \\delta_ { p j } o_ { p i } \\) 오차 \\( \\left ( \\delta_ { p k } \\right ) \\)와 연결가중치 \\( \\left (w_ { k j } \\right ) \\)와 은닉층의 출력값 \\( \\left (o_ { p j } \\right ) \\)을 이용하여 은닉층의 연결가중치와 은닉층의 오프셋에 대한 오차 \\( \\left ( \\delta_ { p j } \\right ) \\)를 구하고, 이를 이용하여 입력층과 은닉층의 연결가중치 \\( \\left (w_ { j i } \\right ) \\)를 수정한다. 이 때, \\( \\beta \\)는 상수이다.</p> <p>6단계: 주어진 학습 횟수만큼 학습 한 뒤 종료한다.</p> <h2>3.3 신경회로망 기반 전류 보상기</h2> <p>매트릭스 컨버터는 입력단과 출력단이 직접 연결되어 왜곡된 전원이 입력되었을 경우 출력 또한 왜곡된다. 이러한 왜곡된 출력은 매트릭스 컨버터와 연결된 시스템에 큰 손상을 줄 수 있다. 본 논문에서는 왜곡된 입력에 대한 출력 전류를 정현파로 제어하고자 한다. 왜곡된 출력 전류를 보상하기 위해서는 출력 전류 공간벡터의 크기 \\( \\left (I_ { d o } \\right ) \\)를 일정하게 유지함으로써 수행될 수 있는데, 여기서 \\( I_ { d o } \\)는 전류센서에 의해 측정된 출력 전류를 통해 구한다.</p> <p>정현파 입력이 인가되면 \\( I_ { d o } \\)의 값은 일정하고, 왜곡된 입력이 인가되면 일정하지 않다. 그러므로 왜곡된 입력이 인가되었을 대에도 \\( I_ { d o } \\)의 값을 일정하게 제어한다면 출력 전류 또한 왜곡되지 않을 것이다. \\( I_ { d o } \\)의 값을 일정하게 유지시키고 그 결과로 변화하는 전압이득을 실시간으로 계산함으로써 왜곡된 출력 전류를 효과적으로 보상할 수 있다. 학습에 의해 지속적으로 연결가중치를 변경하여 오차를 최소화 시키고 응답이 빠른 신경회로망을 이용하여 전류 보상기를 설정하였다.</p>",
                "context_length": 1192,
                "summary": "본 논문에서는 왜곡된 입력에 대한 출력 전류를 정현파로 제어하고, 학습을 통해 지속적으로 연결가중치를 변경하여 오차를 최소화하고 응답이 빠른 신경회로망을 이용하여 전류 보상기를 설정하여 왜곡된 출력 전류를 보상하는 방법을 제시하였다.",
                "clue": [
                    {
                        "clue_text": "5단계: 입력층과 은닉층의 연결가중치 변화 \\( \\delta_ { p j } =f_ { k } ^ {\\prime } \\left ( \\right . \\) net \\( \\left . { } _ { p j } \\right ) \\sum_ { k } \\delta_ { p k } w_ { k j } \\) \\( w_ { k i } =w_ { k i } + \\beta \\delta_ { p j } o_ { p i } \\) 오차 \\( \\left ( \\delta_ { p k } \\right ) \\)와 연결가중치 \\( \\left (w_ { k j } \\right ) \\)와 은닉층의 출력값 \\( \\left (o_ { p j } \\right ) \\)을 이용하여 은닉층의 연결가중치와 은닉층의 오프셋에 대한 오차 \\( \\left ( \\delta_ { p j } \\right ) \\)를 구하고, 이를 이용하여 입력층과 은닉층의 연결가중치 \\( \\left (w_ { j i } \\right ) \\)를 수정한다.",
                        "clue_start": "3",
                        "clue_end": "499"
                    },
                    {
                        "clue_text": "6단계: 주어진 학습 횟수만큼 학습 한 뒤 종료한다.",
                        "clue_start": "531",
                        "clue_end": "560"
                    },
                    {
                        "clue_text": "매트릭스 컨버터는 입력단과 출력단이 직접 연결되어 왜곡된 전원이 입력되었을 경우 출력 또한 왜곡된다.",
                        "clue_start": "597",
                        "clue_end": "653"
                    },
                    {
                        "clue_text": "학습에 의해 지속적으로 연결가중치를 변경하여 오차를 최소화 시키고 응답이 빠른 신경회로망을 이용하여 전류 보상기를 설정하였다.",
                        "clue_start": "1118",
                        "clue_end": "1188"
                    }
                ],
                "terminology": [
                    {
                        "word": "net"
                    },
                    {
                        "word": "공간벡터"
                    },
                    {
                        "word": "매트릭스"
                    },
                    {
                        "word": "매트릭스 컨버터"
                    },
                    {
                        "word": "보상기"
                    },
                    {
                        "word": "신경회로망"
                    },
                    {
                        "word": "신경회로망 기반 전류 보상기"
                    },
                    {
                        "word": "연결가중치"
                    },
                    {
                        "word": "연결가중치 변화"
                    },
                    {
                        "word": "은닉층"
                    },
                    {
                        "word": "전류"
                    },
                    {
                        "word": "전류 보상기"
                    },
                    {
                        "word": "전류센서"
                    },
                    {
                        "word": "전압이득"
                    },
                    {
                        "word": "정현파"
                    },
                    {
                        "word": "컨버터"
                    }
                ]
            }
        ]
    }
}