{
    "dataset_info": {
        "identifier": "02-031-002-NL",
        "name": "기술과학 문서 요약 데이터",
        "category": "자연어",
        "last_updated": "2023-08-30"
    },
    "dataset": {
        "doc_id": "034b7f4e-46577c33-7750-4344-9651-f9abd341c4c1",
        "doc_type": "논문",
        "doc_title": {
            "kor": "One Switching Cycle 내에 최대전력점을 추종하는 태양광 발전의 아날로그 MPPT 제어 시스템",
            "eng": ""
        },
        "doc_category": {
            "KDC": "560.5",
            "DDC": ""
        },
        "doc_number": {
            "ISSN": "1229-2214",
            "ISBN": "",
            "DOI": "",
            "UCI": ""
        },
        "doc_year": "2009",
        "doc_author": [
            "지상근",
            "권두일",
            "유철희",
            "한상규",
            "노정욱",
            "이효범",
            "홍성수"
        ],
        "doc_publisher": "전력전자학회",
        "doc_license": "CC BY-NC",
        "context_info": [
            {
                "context_id": "55e-0c9-84873044-bbe9-4c69-88de-24d2a43bcfb3",
                "context_K-NSCC": {
                    "field": "인공물",
                    "large_category": "ED",
                    "medium_category": "03"
                },
                "context": "<h1>1. 서 론</h1> <p>우리의 일상생활은 에너지를 사용하는 일부터 시작하여, 모든 것에 에너지 없이는 생존이 어려울 정도로 에너지에 의존해야만 하는 생활이 되었다. 그러나 에너지의 주된 공급원은 이 지구상에서 유한한 석탄이나 석유 등의 화석연료로 되어있다. 한편, 이 에너지 사용의 부산물로 발생하는 과대한 \\( \\mathrm{CO}_{2} \\)의 배출과 기타의 폐기물은 현재의 인류뿐만 아니라, 지구와 그 미래에 대한 유해한 산물이 되고 있다.</p> <p>태양에너지는 태고로부터 현재까지 인류가 살고 있는 지구에 적당한 에너지를 끊임없이 공급하고 있다. 태양전지는 빛을 전기에너지로 변환하는 소자인 반도체를 사용하고 일찍부터 인공위성이나 등대 등의 전원으로 사용되었으며, 최근 고유가에 의해서 더욱 더 주목잗고 있는 태양광 발전은 신재생 에너지 기술 중에서 가장 실용화에 근접하여 있고 운전이 쉬우며, 유지 및 보수가 간단하고 발전규모 선택이 자유롭다는 여러 가지 장점을 가지고 있어 미래의 자원고갈에 대처할 수 있는 강력한 대체에너지원으로 각광을 받고 있을 뿐 아니라 최근 문제되고 있는 환경문제 해결에도 부합할 수 있는 특징을 갖고 있다.</p> <p>태양전지 어레이의 최대전압은 일사량과 온도에 의해서 시시각각으로 변한다. 또한 부하상태도 변하기 때문에 태양전지 특성이 변화하지 않아도 동작점은 변하게 되어 최대출력이 얻어지는 부하와는 같지 않게 된다. 즉, 태양전지의 고유한 비선형 특성으로 인해, 항상 태양전지의 최대전력점(Maximum Power Point)에서 동작하도록 하는 제어가 필요하다. 이러한 제어는 DC/ DC 컨버터 또는 DC/AC 인버터 등 전력 변환장치에서 수행하고 있다.</p> <p>일사량 변동조건에 따른 태양전지 어레이에서 전력 변동 관계는 다음 그림과 같다. 그림 1 에서 일사량이 최소 \\( 0.2[\\mathrm{kW} / \\mathrm{m}^{2}]\\)부터 최대 \\( 1.0[\\mathrm{~kW} / \\mathrm{m}^{2}] \\)로 가변하면서 태양전지 어레이의 전류-전압, 전력-전압 곡선 특성을 보면 태양전지 셀이 전기적으로 비선형 특성임을 알 수 있다. 그림 (b)의 전력-전압 곡선에서 일사량에 따라서 최대전력점이 결정되는데 바로 이 점이 태양전지 어레이가 가질 수 있는 최대전력동작점이 되며, 이러한 최대전력점에 대해 외부의 조건(일사량, 온도)으로 인하여 최대전력점이 변해도 태양광 인버터가 항상 태양전지 어레이의 최대출력을 얻어지도록 하는 것을 최대전력추종제어(MPPT)라고 한다.</p> <p>가장 많이 알려진 MPPT 제어방식으로 P&O (Perturbation and Observation)방식과 IncCond (Incremental Conductance) 방식의 특징을 살펴보기로 하겠다.</p> <p>P&O 제어방식은 태양전지 어레이의 출력전압을 주기적으로 증가, 감소시키고 이전의 출력전력과 현재의 출력전력을 비교하여 최대전력동작점을 찾는다. P&O 제어방식은 알고리즘이 간단하여 널리 이용된다. 또한 일사량이 서서히 변하는 상황에서는 최대전력점이 안정하여 태양전지 어레이의 손실이 적다. 반면 일사량이 급변할 경우에 순간적으로 태양전지 어레이 출력전압이 최대전력동작점에서의 전압과 같지 않기 때문에 최대전력추종제어를 벗어나는 단점이 있다.</p> <p>IncCond 제어방식은 전력-전압 그래프의 미분값, 즉 기울기를 이용한 방식이다. 최대전력동작점에서 기울기가 ' 0 ' 임을 이용한 것으로 이 방식의 장점은 최대전력점에 도달 시 다른 제어기법들과는 다르게 어레이 출력전력이 안정한 특징이 있다.</p> <p>또한 일사량 급변시 태양전지 어레이 출력전압이 항상 최대전력동작점 전압에 추종하도록 함으로써 최대 전력추종제어에서 벗어나지 않는 장점이 있다. 반면에 두 번의 나눗셈 연산으로 인하여 계산량이 많고 변환 시간이 기존의 제어방식 이상으로 필요하기 때문에 빠른 연산 처리를 할 수 있는 프로세서가 요구되는 단점이 있다.</p> <p>위에서 설명한 대부분의 MPPT 제어방식은 일반적으로 기가의 DSP를 이용한 디지털 제어방식으로, 곱셉이나 나눗셈과 같은 복잡한 연산을 수행하여 대용량의 태양광 시스템에 적용되었다. DSP를 이용한 디지털 제어방식은 노이즈와 같은 외란에 매우 민감하고 이것은 시스템에 치명적인 오동작을 초래할 수 있다. 또한 저전력 시스템(수십~수백 \\(\\mathrm{W}\\))의 경우 크기 및 가격면에서 단점으로 지적될 수 있다. 이 경우 저가의 간단한 하드웨어로 구성된 제어방식을 사용해야 할 것이다. 따라서 본 논문에서는 저전력에서 실용적으로 구현 가능한 간단한 아날로그 회로로 구성된 새로운 MPPT 제어방식을 제안한다.</p>",
                "context_length": 2317,
                "summary": "이 논문은 주요 에너지원이 화석연료로 한정되어 있음을 감안하여, 빛을 전기에너지로 변환하는 태양전지에 초점을 맞추고 있다. 태양광 발전은 신재생 에너지 기술 중에서 가장 실용화가 가능하며, 운영과 유지보수가 간단하고 발전 규모 선택이 자유롭다는 장점이 있다. 또한 이는 자원 고갈과 환경 문제 해결에도 기여할 수 있다. 이에 따라 본 논문에서는 저전력에서 구현 가능한 새로운 아날로그 회로로 구성된 MPPT 제어방식을 제안하고 있다.",
                "clue": [
                    {
                        "clue_text": "그러나 에너지의 주된 공급원은 이 지구상에서 유한한 석탄이나 석유 등의 화석연료로 되어있다.",
                        "clue_start": "98",
                        "clue_end": "149"
                    },
                    {
                        "clue_text": "태양전지는 빛을 전기에너지로 변환하는 소자인 반도체를 사용하고 일찍부터 인공위성이나 등대 등의 전원으로 사용되었으며, 최근 고유가에 의해서 더욱 더 주목잗고 있는 태양광 발전은 신재생 에너지 기술 중에서 가장 실용화에 근접하여 있고 운전이 쉬우며, 유지 및 보수가 간단하고 발전규모 선택이 자유롭다는 여러 가지 장점을 가지고 있어 미래의 자원고갈에 대처할 수 있는 강력한 대체에너지원으로 각광을 받고 있을 뿐 아니라 최근 문제되고 있는 환경문제 해결에도 부합할 수 있는 특징을 갖고 있다.",
                        "clue_start": "318",
                        "clue_end": "591"
                    },
                    {
                        "clue_text": "따라서 본 논문에서는 저전력에서 실용적으로 구현 가능한 간단한 아날로그 회로로 구성된 새로운 MPPT 제어방식을 제안한다.",
                        "clue_start": "2245",
                        "clue_end": "2313"
                    }
                ],
                "terminology": [
                    {
                        "word": "Conductance"
                    },
                    {
                        "word": "DC"
                    },
                    {
                        "word": "DC 컨버터"
                    },
                    {
                        "word": "DC/ DC"
                    },
                    {
                        "word": "DC/AC"
                    },
                    {
                        "word": "DC/AC 인버터"
                    },
                    {
                        "word": "DSP"
                    },
                    {
                        "word": "IncCond"
                    },
                    {
                        "word": "Incremental Conductance"
                    },
                    {
                        "word": "MPPT"
                    },
                    {
                        "word": "MPPT 제어방식"
                    },
                    {
                        "word": "Maximum Power Point"
                    },
                    {
                        "word": "Observation"
                    },
                    {
                        "word": "P&O"
                    },
                    {
                        "word": "P&O 제어방식"
                    },
                    {
                        "word": "Perturbation"
                    },
                    {
                        "word": "Perturbation and Observation"
                    },
                    {
                        "word": "가변"
                    },
                    {
                        "word": "곡선 특성"
                    },
                    {
                        "word": "기울기"
                    },
                    {
                        "word": "대체에너지원"
                    },
                    {
                        "word": "동작점"
                    },
                    {
                        "word": "디지털 제어방식"
                    },
                    {
                        "word": "미분값"
                    },
                    {
                        "word": "변해도"
                    },
                    {
                        "word": "비선형"
                    },
                    {
                        "word": "비선형 특성"
                    },
                    {
                        "word": "신재생 에너지"
                    },
                    {
                        "word": "알고리즘"
                    },
                    {
                        "word": "어레이 출력전력"
                    },
                    {
                        "word": "어레이 출력전압"
                    },
                    {
                        "word": "자원고갈"
                    },
                    {
                        "word": "저전력 시스템"
                    },
                    {
                        "word": "전기적"
                    },
                    {
                        "word": "전력 변동"
                    },
                    {
                        "word": "전력 변환장치"
                    },
                    {
                        "word": "전력-전압"
                    },
                    {
                        "word": "전력-전압 곡선"
                    },
                    {
                        "word": "최대전력동작점"
                    },
                    {
                        "word": "최대전력점"
                    },
                    {
                        "word": "최대전력추종제어"
                    },
                    {
                        "word": "출력전력"
                    },
                    {
                        "word": "출력전압"
                    },
                    {
                        "word": "컨버터"
                    },
                    {
                        "word": "태양광 발전"
                    },
                    {
                        "word": "태양광 시스템"
                    },
                    {
                        "word": "태양광 인버터"
                    },
                    {
                        "word": "태양전지 셀"
                    },
                    {
                        "word": "태양전지 어레이"
                    },
                    {
                        "word": "프로세서"
                    },
                    {
                        "word": "하드웨어"
                    },
                    {
                        "word": "회로"
                    }
                ]
            },
            {
                "context_id": "55e-0c9-745534d4-df70-4bc5-987d-754102e05c4f",
                "context_K-NSCC": {
                    "field": "인공물",
                    "large_category": "ED",
                    "medium_category": "03"
                },
                "context": "<h1>3. 제 안한 아날로그 MPPT 알고리즘</h1> <h2>3.1 부스트 컨버터의 듀티가 PV 어레이에 미치는 영향</h2> <p>그림 2은 부스트 컨버터를 PV 어레이에 연결한 회로이다. 이 때 부스트 컨버터의 듀티가 PV 어레이에 미치는 영향을 알아보면 부스트 컨버터의 듀티가 증가하면 인덕터 전류가 증가하고 PV 전류 또한 증가하게 된다. 이는 태양전지 특성곡선에서 알 수 있듯이 PV 전압은 감소하게 된다. 마찬가지로 듀티가 감소하면 인덕터 전류가 감소하게 되고 PV 전류 또한 감소하게 된다. 이에 따라 PV 전압은 증가하게 된다.</p> <p>즉, 부스트 컨버터를 이용한 모든 MPPT 알고리즘은 그림 3과 같은 경향이 있다. 현재값이 MPP를 기준으로 오른쪽에 위치하면 부스트 컨버터의 듀티를 증가시키고, 반대로 현재값이 왼쪽에 위치하면 듀티를 감소시켜 MPP를 찾아가게 된다.</p> <h2>3.2 제안 아날로그 MPPT 알고리즘의 기본원리</h2> <p>기존의 MPPT 알고리즘은 태양전지 특성곡선에서 최대전력점(MPP)을 기준으로 그 이하의 PV 어레이 전압에서는 전력-전압 그래프에서 전압과 전력이 정비례하고, MPP 이상의 PV 어레이 전압에서는 기울기가 반비례한다. 이 같은 특성을 이용해 디지털 제어에서는 전력값의 이산된 현재값과 이전값의 미소 변동차를 측정하여 스위치 동작을 결정하였다. 하지만 제안된 방법은 메모리를 필요로 하는 미소 변동차를 이용하지 않고 간단하게 아날로그 회로를 이용하여 구성하였다.</p> <p>그림 4은 제안된 MPPT 방식의 회로도를 나타낸다. 제안된 MPPT 알고리즘의 제어단은 곱셈기, 리셋 기능을 가지고 있는 피크 디텍터, 옵셋이 있는 비교기, 그리고 D 플립플롭으로 구성되어 있다.</p> <p>그림 5는 제안한 MPPT 방식의 동작 파형을 나타낸다. 초기 동작은 (a)와 같이 동작한다. 초기의 PV 어레이 출력전압은 \\( \\mathrm{V}_\\mathrm{OC} \\) (개방전압)이고 그림 5의 시작점 지점이다. 앞에서 설명했듯이 현재값이 MPP보다 오른쪽에 있으므로 듀티를 증가시켜주어야 하기 때문에 부스트 컨버터의 M1 스위치를 '턴온' 시켜 주어야한다. 초기점에서 피크점에 도달할 때까지 비교기의 출력은 옵셋으로 인해 '로우'가 된다. 그러면 D 플립플롭의 \\( \\overline{\\mathrm{Q}} \\) 출력 초기값은 '하이' 이므로 M1 스위치는 '턴온' 된다. 그러면 PV 어레이의 전류와 출력 전력은 최대전력점(MPP)을 향해 상승한다. MPP를 지나기 전까지, \\( \\overline{\\mathrm{Q}} \\) 값을 변화시키는 D 플립플롭의 클럭은 비교기의 옵셋 전압 때문에 현 상태롤 유지한다.</p> <p>Mode 2 의 동작은 MPP를 지나면 피크 디텍터의 출력은 MPP 의 값을 가지고 있고, PV 어레이의 출력 전력은 감소한다. 감소하다가 MPP와 옵셋만큼 차이나는 A 지점에서 곱셈기 출력과 옵셋값의 합은 MPP 보다 작아지므로 비교기 출력은 '하이'가 되고 또한 클럭 신호도 '하이'가 된다. 그러면 피크 디텍터는 리셋되고 \\( \\overline{\\mathrm{Q}} \\) 는 토글되어 '로우'가 되고 M1 스위치는 '턴오프' 된다.</p> <p>Mode 3에서는 현재값이 MPP보다 왼쪽에 있으므로 스위치를 '턴오프'시켜야 한다. M1 스위치가 '턴오프' 되면 PV 어레이 전류는 감소하고 전력은 증가하여 다시 전압 소스 영역으로 움직여서 MPP를 지나가게 된다. MPP를 지나는 순간 피크 디텍터는 다시 MPP 값을 유지하게 되고, MPP를 지나 B 지점에 도달하면 비교기 출력이 '하이'이므로 클럭은 다시 '하이'가 된다. 피크 디텍터의 출력은 다시 리셋되고 \\( \\overline{\\mathrm{Q}} \\) 는 '하이'가 되어 M1 스위치는 '턴온' 된다.</p> <p>Mode 4에서는 현재값이 다시 MPP보다 오른쪽에 위치하므로 스위치를 '턴온'시켜야 한다. M1 스위치가 다시 '턴온' 되었으므로 PV 어레이 전류는 증가한다. 그러므로 PV 어레이는 전류 소스 영역으로 이동하고 다시 MPP 를 지나게 되어 앞의 과정을 반복한다. 결론 적으로 제안 방식은 MPP를 기준으로 A와 B지점을 오가며 동작하게 된다. 이 동작들이 반복되며 듀티를 만들고 One Switching Cycle 내에서 M1 스위치를 번갈아 '턴온', '턴오프' 하면서 MPP를 추적 가능하게 된다.</p> <p>제안 방식이 기존 방식에 비해 장점은 Mode 1 에서와 같이 초기구간(재기동)이나 일사량 급변시에 나타난다. Mode 1 의 상황에서 기존 방식이 시작점에서 MPP를 찾아가는 동작을 살펴보면 이전값과 현재값을 비교해 전압명령을 바꾸어서 찾게 된다. 하지만 전압 명령을 작게 줄수록 MPPT 효율에 좋기 때문에 그만큼 트래킹 시간이 오래 걸린다. 반면에 제안방식은 한번의 스위칭으로 MPP를 찾아감으로써 빠른 트래킹 속도를 가져 일사량 변동에 빠르게 대처할 수 있다. 또 다른 장점은 MPP를 기준으로 옵셋 만큼 차이나는 두 지점을 번갈아 동작함으로 작은 옵셋을 주어 MPPT 효율을 높일 수 있다.</p>",
                "context_length": 2519,
                "summary": "본 논문에서 부스트 컨버터의 듀티가 PV 어레이에 미치는 영향을 알아보면 부스트 컨버터의 듀티가 증가하게면 인덕터 전류가 증가하고, PV 전류 또한 증가하게 된다. 현재값이 MPP를 기준으로 오른쪽에 위치하면 부스트 컨버터의 듀티를 증가시키고, 반대의 경우에는 듀티를 감소시켜 MPP를 찾아가게 된다. 태양전지 특성곡선에서 최대전력점을 기준으로 하는 MPPT 알고리즘은 그 이하의 PV 어레이 전압에서는 전력-전압 그래프에서 전압과 전력이 정비례하고, MPP 이상의 PV 어레이 전압에서는 기울기가 반비례한다. 시작점에서 MPP를 찾아가는 동작을 살펴보면 이전값과 현재값을 비교해 전압명령을 바꾸어서 찾게 된다. 이에 반해, 제안방식은 한번의 스위칭으로 MPP를 찾아가기에, 빠른 트래킹 속도를 가져 일사량 변동에 빠르게 대처할 수 있고, 추가로 MPP를 기준으로 옵셋 만큼 차이나는 두 지점을 번갈아 동작함으로 작은 옵셋을 주어 MPPT 효율을 높일 수 있다.",
                "clue": [
                    {
                        "clue_text": "이 때 부스트 컨버터의 듀티가 PV 어레이에 미치는 영향을 알아보면 부스트 컨버터의 듀티가 증가하면 인덕터 전류가 증가하고 PV 전류 또한 증가하게 된다.",
                        "clue_start": "109",
                        "clue_end": "195"
                    },
                    {
                        "clue_text": "현재값이 MPP를 기준으로 오른쪽에 위치하면 부스트 컨버터의 듀티를 증가시키고, 반대로 현재값이 왼쪽에 위치하면 듀티를 감소시켜 MPP를 찾아가게 된다.",
                        "clue_start": "360",
                        "clue_end": "445"
                    },
                    {
                        "clue_text": "기존의 MPPT 알고리즘은 태양전지 특성곡선에서 최대전력점(MPP)을 기준으로 그 이하의 PV 어레이 전압에서는 전력-전압 그래프에서 전압과 전력이 정비례하고, MPP 이상의 PV 어레이 전압에서는 기울기가 반비례한다.",
                        "clue_start": "490",
                        "clue_end": "612"
                    },
                    {
                        "clue_text": "Mode 1 의 상황에서 기존 방식이 시작점에서 MPP를 찾아가는 동작을 살펴보면 이전값과 현재값을 비교해 전압명령을 바꾸어서 찾게 된다.",
                        "clue_start": "2242",
                        "clue_end": "2319"
                    },
                    {
                        "clue_text": "반면에 제안방식은 한번의 스위칭으로 MPP를 찾아감으로써 빠른 트래킹 속도를 가져 일사량 변동에 빠르게 대처할 수 있다.",
                        "clue_start": "2374",
                        "clue_end": "2441"
                    }
                ],
                "terminology": [
                    {
                        "word": "D 플립플롭"
                    },
                    {
                        "word": "M1"
                    },
                    {
                        "word": "MPP"
                    },
                    {
                        "word": "MPPT"
                    },
                    {
                        "word": "MPPT 알고리즘"
                    },
                    {
                        "word": "MPPT 효율"
                    },
                    {
                        "word": "PV"
                    },
                    {
                        "word": "PV 어레이"
                    },
                    {
                        "word": "PV 전압"
                    },
                    {
                        "word": "Switching"
                    },
                    {
                        "word": "개방전압"
                    },
                    {
                        "word": "기울기"
                    },
                    {
                        "word": "동작 파형"
                    },
                    {
                        "word": "디텍터"
                    },
                    {
                        "word": "리셋 기능"
                    },
                    {
                        "word": "메모리"
                    },
                    {
                        "word": "부스트 컨버터"
                    },
                    {
                        "word": "비교기 출력"
                    },
                    {
                        "word": "스위치"
                    },
                    {
                        "word": "스위칭"
                    },
                    {
                        "word": "신호도"
                    },
                    {
                        "word": "알고리즘"
                    },
                    {
                        "word": "어레이 출력전압"
                    },
                    {
                        "word": "옵셋"
                    },
                    {
                        "word": "옵셋 전압"
                    },
                    {
                        "word": "옵셋값"
                    },
                    {
                        "word": "인덕터"
                    },
                    {
                        "word": "전력-전압"
                    },
                    {
                        "word": "전류"
                    },
                    {
                        "word": "전류 소스"
                    },
                    {
                        "word": "전압 소스"
                    },
                    {
                        "word": "전압명령"
                    },
                    {
                        "word": "제어단"
                    },
                    {
                        "word": "초기점"
                    },
                    {
                        "word": "최대전력점"
                    },
                    {
                        "word": "출력 전력"
                    },
                    {
                        "word": "출력전압"
                    },
                    {
                        "word": "컨버터"
                    },
                    {
                        "word": "클럭"
                    },
                    {
                        "word": "토글"
                    },
                    {
                        "word": "트래킹"
                    },
                    {
                        "word": "특성곡선"
                    },
                    {
                        "word": "파형"
                    },
                    {
                        "word": "플립플롭"
                    },
                    {
                        "word": "피크 디텍터"
                    },
                    {
                        "word": "회로"
                    },
                    {
                        "word": "회로도"
                    }
                ]
            }
        ]
    }
}