{
    "dataset_info": {
        "identifier": "02-031-002-NL",
        "name": "기술과학 문서 요약 데이터",
        "category": "자연어",
        "last_updated": "2023-08-30"
    },
    "dataset": {
        "doc_id": "034b7f4e-1c96f1be-6015-4c4f-9dd6-d5b2b53a3897",
        "doc_type": "논문",
        "doc_title": {
            "kor": "전압 이득이 향상된 단상 전류형 qZ-소스 인버터",
            "eng": ""
        },
        "doc_category": {
            "KDC": "560.5",
            "DDC": ""
        },
        "doc_number": {
            "ISSN": "1229-2214",
            "ISBN": "",
            "DOI": "",
            "UCI": ""
        },
        "doc_year": "2013",
        "doc_author": [
            "신현학",
            "차헌녕",
            "김흥근"
        ],
        "doc_publisher": "전력전자학회",
        "doc_license": "CC BY-NC",
        "context_info": [
            {
                "context_id": "55e-0c9-69b55f6a-bbd1-4d1e-bf2d-cbc4a4f6df7f",
                "context_K-NSCC": {
                    "field": "인공물",
                    "large_category": "ED",
                    "medium_category": "09"
                },
                "context": "<h1>3. 제안한 인버티의 동작 모드 분석</h1> <h2>3.1 모드1</h2> <p>모드 1에서는 스위치 \\( S_{1}, S_{3} \\) 이 턴-온 되고, \\( S_{2} \\) 는 턴-오프 된다. 그림 \\( 6(\\mathrm{a}) \\) 의 동작모드 1 에서 \\( S_{1}, S_{3} \\) 이 턴-온되면 커패시터 \\( C_{3} \\) 은 \\( v_{i n} \\) 으로 충전 하게 된다. \\( C_{3} \\) 의 전압이 이상적으로는 \\( v_{i n} \\) 으로 유지가 되지만 \\( C_{3} \\) 은 충, 방전을 하므로 이로 인해 \\( C_{3} \\) 에 약간의 전압 리플이 생길 수 있다. 이 전압 리플로 인해 \\( C_{3} \\) 의 전압과 입력전압에 작은 차이가 생기게 되어 스위치 \\( S_{1}, S_{3} \\) 이 턴-온시 과도한 전류가 스위치로 흐를 수 있다. 하지만 이 전류는 회로 내에 존재하는 기생 인덕턴스에 의해 쉽게 제한되어 진다. 모드 1 에서의 전압 전류 관계식은 다음과 같다.</p> <p>\\( v_{C_{1}}=v_{i n} \\)<caption>(5)</caption></p> <p>\\( \\left\\{\\begin{array}{l}L_{1} \\frac{d i_{L_{1}}}{d t}=v_{i n} \\\\ L_{2} \\frac{d i_{L_{2}}}{d t}=v_{C_{1}}-v_{i n} \\\\ L_{0} \\frac{d i_{L_{0}}}{d t}=v_{0}-v_{i n}-v_{C_{2}}\\end{array}\\right. \\)<caption>(6)</caption></p> <p>\\( i_{\\text {in }}=i_{L_{1}}+i_{\\rho_{\\mathrm{s}}} \\)<caption>(7)</caption></p> <p>\\( i_{S_{1}}=i_{L_{1}}+i_{C_{3}} \\)<caption>(8)</caption></p> <p>\\( \\left\\{\\begin{array}{l}C_{1} \\frac{d v_{C_{1}}}{d t}=i_{L_{2}} \\\\ C_{2} \\frac{d v_{C_{2}}}{d t}=i_{L_{0}} \\\\ C_{3} \\frac{d v_{C_{3}}}{d t}=i_{S_{3}}+i_{L_{0}}+i_{L_{2}}\\end{array}\\right. \\)<caption>(9)</caption></p> <h2>3.1 모드 2</h2> <p>모드 2에서는 스위치 \\( S_{1}, S_{3} \\) 이 턴-오프 되고, \\( S_{2} \\) 가 턴-온 된다. 커패시터 \\( C_{3} \\) 은 인덕터 \\( L_{1} \\) 의 전류에 의해 방전 된다. 모드 2 에서의 전압 전류 관계식은 다음과 같다.</p> <p>\\( \\left\\{\\begin{array}{l}L_{1} \\frac{d i_{L_{1}}}{d t}=v_{\\text {in }}+v_{C_{1}}+v_{C_{2}}-v_{C_{1}} \\\\ L_{2} \\frac{d i_{L_{2}}}{d t}=v_{C_{2}} \\\\ L_{0} \\frac{d i_{L_{0}}}{d t}=v_{0}-v_{C_{1}}\\end{array}\\right. \\)<caption>(10)</caption></p> <p>\\( i_{S_{2}}=i_{L_{1}}+i_{L_{2}}+i_{L_{0}} \\)<caption>(11)</caption></p> <p>\\( \\left\\{\\begin{array}{l}C_{1} \\frac{d v_{C_{1}}}{d t}=-i_{L_{1}}-i_{L_{0}} \\\\ C_{2} \\frac{d v_{C_{2}}}{d t}=-i_{L_{1}}-i_{L_{2}} \\\\ C_{3} \\frac{d v_{C_{1}}}{d t}=-i_{i n}=-i_{L_{1}}\\end{array}\\right. \\)<caption>(12)</caption></p> <p>식 (6), (10)을 이용하여 인덕터 \\( L_{1}, L_{2}, L_{0} \\) 의 volt-sec(flux) balance 조건을 이용하면 전압 관계식과 제안한 인버터의 전압이득을 얻을 수 있다. 스위치 \\( S_{2} \\) 의 듀티비를 \\( \\mathrm{D} \\) 로 정의 하였다.</p> <p>\\( v_{C_{1}}=2 v_{\\text {in }} \\)<caption>(13)</caption></p> <h3>\\( v_{G_{2}}=\\left(\\frac{D-1}{D}\\right) v_{i n} \\)<caption>(14)</caption></h3> <p>\\( \\frac{v_{0}}{v_{i n}}=\\frac{3 D-1}{D} \\)<caption>(15)</caption></p> <p>식 (9), (12)를 이용하여 커패시터 \\( C_{1}, C_{2}, C_{3} \\) 의 current-sec(charge) balance 조건을 이용하면 다음과 같이 전류 관계식을 얻을 수 있다.</p> <p>\\( i_{L_{2}}=i_{L_{0}}=-i_{0} \\)<caption>(16)</caption></p> <p>\\( i_{L_{1}}=\\left(\\frac{2 D-1}{D}\\right) i_{0} \\)<caption>(17)</caption></p> <p>\\( i_{S_{3}}=\\left(\\frac{1}{1-D}\\right) i_{0} \\)<caption>(18)</caption></p> <p>그림 7은 제안한 인버터의 전압이득과 그림 3의 단상 전류형 qZ-소스 인버터의 전압이득을 비교한 그림이다. 그림에서 보듯이 제안한 인버터의 전압이득이 기존의 전류형 \\( \\mathrm{qZ} \\)-소스 인버터 보다 두 배 큰 전압이득을 가지는 것을 확인 할 수 있다.</p>",
                "context_length": 2776,
                "summary": "동작 모드 1에서는 스위치 \\( S_{1}, S_{3} \\) 가 턴-온되어 커패시터 \\( C_{3} \\)가 \\( v_{i n} \\)로 충전되지만, 이는 기생 인덕턴스에 의해 제한된다. 다른 한편, 동작 모드 2에서는 스위치 \\( S_{1}, S_{3} \\)이 턴-오프되고, \\( S_{2} \\)가 턴-온되어 커패시터 \\( C_{3} \\)가 인덕터 \\( L_{1} \\)의 전류에 의해 방전된다.",
                "clue": [
                    {
                        "clue_text": "모드 1에서는 스위치 \\( S_{1}, S_{3} \\) 이 턴-온 되고, \\( S_{2} \\) 는 턴-오프 된다.",
                        "clue_start": "50",
                        "clue_end": "113"
                    },
                    {
                        "clue_text": "그림 \\( 6(\\mathrm{a}) \\) 의 동작모드 1 에서 \\( S_{1}, S_{3} \\) 이 턴-온되면 커패시터 \\( C_{3} \\) 은 \\( v_{i n} \\) 으로 충전 하게 된다.",
                        "clue_start": "114",
                        "clue_end": "221"
                    },
                    {
                        "clue_text": "하지만 이 전류는 회로 내에 존재하는 기생 인덕턴스에 의해 쉽게 제한되어 진다. 모드 1 에서의 전압 전류 관계식은 다음과 같다.",
                        "clue_start": "439",
                        "clue_end": "511"
                    },
                    {
                        "clue_text": "모드 2에서는 스위치 \\( S_{1}, S_{3} \\) 이 턴-오프 되고, \\( S_{2} \\) 가 턴-온 된다.",
                        "clue_start": "1182",
                        "clue_end": "1245"
                    },
                    {
                        "clue_text": "커패시터 \\( C_{3} \\) 은 인덕터 \\( L_{1} \\) 의 전류에 의해 방전 된다.",
                        "clue_start": "1246",
                        "clue_end": "1296"
                    }
                ],
                "terminology": [
                    {
                        "word": "charge"
                    },
                    {
                        "word": "flux"
                    },
                    {
                        "word": "qZ-소스 인버터"
                    },
                    {
                        "word": "volt-sec"
                    },
                    {
                        "word": "관계식"
                    },
                    {
                        "word": "기생 인덕턴스"
                    },
                    {
                        "word": "단상 전류형"
                    },
                    {
                        "word": "단상 전류형 qZ-소스 인버터"
                    },
                    {
                        "word": "듀티비"
                    },
                    {
                        "word": "모드 분석"
                    },
                    {
                        "word": "스위치"
                    },
                    {
                        "word": "인덕터"
                    },
                    {
                        "word": "인덕턴스"
                    },
                    {
                        "word": "전류"
                    },
                    {
                        "word": "전류 관계식"
                    },
                    {
                        "word": "전류형"
                    },
                    {
                        "word": "전압 리플"
                    },
                    {
                        "word": "전압 전류"
                    },
                    {
                        "word": "전압 전류 관계식"
                    },
                    {
                        "word": "전압이득"
                    },
                    {
                        "word": "커패시터"
                    },
                    {
                        "word": "회로"
                    }
                ]
            },
            {
                "context_id": "55e-0c9-merge_2_034b7f4e-1c96f1be-6015-4c4f-9dd6-d5b2b53a3897_03",
                "context_K-NSCC": {
                    "field": "인공물",
                    "large_category": "ED",
                    "medium_category": "09"
                },
                "context": "<h1>4. 제안한 임버터의 PWM 제어 신호</h1> <p>제안한 인버터의 PWM 제어 신호 생성 방법은 기존 단상 전류형 \\( \\mathrm { qZ } \\)-소스 인버터와 동일하다. 그림 7의 제안한 인버터의 전압이득 그래프를 보면 인버터 출력전압 범위와 듀티비 범위를 정의 할 수 있는데 제안한 인버터의 출력전압은 입력전압보다 최대 두 배 큰 전압이득을 얻을 수 있으므로 전압이득을 \\( M \\) 이라 정의 할 때 최대 전압이득은 \\( M = 2 \\) 일 때가 된다. 이때 듀티비 \\( \\mathrm { D } \\) 의 동작 범위를 구하면 다음과 같다.</p> <p>\\( D= \\frac { 1 } { 3-M \\sin \\omega t } ,(0 \\leq M \\leq 2) \\)</p> <p>그림 8은 제안한 인버터의 PWM 신호 생성을 나타낸다.</p> <h1>5. 실험결과</h1> <p>본 논문에서 제안한 회로의 성능을 검증하기 위해 \\( 120 \\mathrm { W } \\) 의 시제품을 제작하여 실험을 수행 하였다. 표 1은 제안한 인버터의 전기적인 사양이다. 출력전압은 110 \\( \\mathrm { Vrms } / 60 \\mathrm { Hz } \\) 로 고정하였고, 입력 전압을 가변 하면서 저항부하에서 실험을 수행 하였다.</p> <p>그림 9 는 \\( M = 2 \\) 이고 입력전압은 \\( 81 \\mathrm { ~V } \\) 일 때 출력전압, \\( v_ { C_ { 1 } } , v_ { C_ { 2 } } , v_ { C_ { 1 } } \\) 파형을 나타낸다. 그림 10 은 \\( M=1.5 \\) 이고 입 력전압은 \\( 108 \\mathrm { ~V } \\) 일 때 출력전압, \\( v_ { C_ { 1 } } , v_ { C_ { 2 } } , v_ { C_ { 3 } } \\) 파형을 나타낸다. 그림 11 은 \\( M=1.2 \\) 이고 입력전압 \\( 136 \\mathrm { ~V } \\) 일 때 출력전압, \\( v_ { C_ { 1 } } , v_ { C_ { 2 } } , v_ { C_ { 3 } } \\) 파형을 나타낸다. 각각의 파형 모두 출력전압은 \\( 110 \\mathrm { Vrms } \\) 이다.</p> <h1>6. 결 론</h1> <p>본 논문에서는 기존의 단상 전류형 \\( \\mathrm { qZ } \\)-소스 인버터를 개선하여 전압 이득이 두배 향상된 단상 전류형 \\( q Z- \\) 소스 인버터를 제안 하였다. 본 논문에서 제안한 인버터는 스위치 \\( S_ { 3 } \\) 과 커패시터 \\( C_ { 3 } \\) 을 추가하여 기존의 단상 전류형 \\( q Z \\)-소스 인버터보다 출력전압이 두 배 더 높은 출력전압을 얻을 수 있다. 또한 제안한 인버터는 입력과 출력이 공통 접지를 가지므로 변압기가 없는 계통연계형 태양광 인버터에서의 누설 전류 문제를 해결할 수 있는 장점이 있다. \\( 120 \\mathrm { ~W } \\) 의 시제품을 제작하여 제안한 인버터의 성능을 검증 하였다. 제안한 인버터는 입력전압이 낮은 태양광 시스템, 연료전지 분야에 응용 할 수 있을 것이다.</p>",
                "context_length": 1533,
                "summary": "제안한 인버터의 PWM 제어 신호는 기존 단상 전류형 \\( \\mathrm { qZ } \\)-소스 인버터와 동일하며, 입력전압보다 최대 두 배 큰 전압이득을 얻을 수 있다. \\( 120 \\mathrm { W } \\)의 시제품을 제작하여 실험을 수행하여 출력전압 110 \\( \\mathrm { Vrms } / 60 \\mathrm { Hz } \\)를 얻을 수 있었다. 이러한 사실들을 감안했을 때, 제안한 인버터는 입력전압이 낮은 태양광 시스템이나 연료전지 분야 등에 응용이 가능할 것으로 보인다.",
                "clue": [
                    {
                        "clue_text": "제안한 인버터의 PWM 제어 신호 생성 방법은 기존 단상 전류형 \\( \\mathrm { qZ } \\)-소스 인버터와 동일하다.",
                        "clue_start": "34",
                        "clue_end": "104"
                    },
                    {
                        "clue_text": "그림 7의 제안한 인버터의 전압이득 그래프를 보면 인버터 출력전압 범위와 듀티비 범위를 정의 할 수 있는데 제안한 인버터의 출력전압은 입력전압보다 최대 두 배 큰 전압이득을 얻을 수 있으므로 전압이득을 \\( M \\) 이라 정의 할 때 최대 전압이득은 \\( M = 2 \\) 일 때가 된다.",
                        "clue_start": "105",
                        "clue_end": "265"
                    },
                    {
                        "clue_text": "본 논문에서 제안한 회로의 성능을 검증하기 위해 \\( 120 \\mathrm { W } \\) 의 시제품을 제작하여 실험을 수행 하였다.",
                        "clue_start": "446",
                        "clue_end": "520"
                    },
                    {
                        "clue_text": "출력전압은 110 \\( \\mathrm { Vrms } / 60 \\mathrm { Hz } \\) 로 고정하였고, 입력 전압을 가변 하면서 저항부하에서 실험을 수행 하였다.",
                        "clue_start": "546",
                        "clue_end": "640"
                    },
                    {
                        "clue_text": "제안한 인버터는 입력전압이 낮은 태양광 시스템, 연료전지 분야에 응용 할 수 있을 것이다.",
                        "clue_start": "1479",
                        "clue_end": "1529"
                    }
                ],
                "terminology": [
                    {
                        "word": "PWM"
                    },
                    {
                        "word": "PWM 신호"
                    },
                    {
                        "word": "PWM 제어 신호"
                    },
                    {
                        "word": "PWM 제어 신호 생성 방법"
                    },
                    {
                        "word": "Vrms"
                    },
                    {
                        "word": "가변"
                    },
                    {
                        "word": "계통연계형"
                    },
                    {
                        "word": "계통연계형 태양광 인버터"
                    },
                    {
                        "word": "공통 접지"
                    },
                    {
                        "word": "누설 전류 문제"
                    },
                    {
                        "word": "단상 전류형"
                    },
                    {
                        "word": "듀티비"
                    },
                    {
                        "word": "변압기"
                    },
                    {
                        "word": "소스 인버터"
                    },
                    {
                        "word": "스위치"
                    },
                    {
                        "word": "연료전지"
                    },
                    {
                        "word": "인버터"
                    },
                    {
                        "word": "인버터 출력전압"
                    },
                    {
                        "word": "임버터"
                    },
                    {
                        "word": "저항부하"
                    },
                    {
                        "word": "전류형"
                    },
                    {
                        "word": "전압"
                    },
                    {
                        "word": "전압이득"
                    },
                    {
                        "word": "전압이득 그래프"
                    },
                    {
                        "word": "출력전압"
                    },
                    {
                        "word": "커패시터"
                    },
                    {
                        "word": "태양광 시스템"
                    },
                    {
                        "word": "태양광 인버터"
                    },
                    {
                        "word": "파형"
                    },
                    {
                        "word": "회로"
                    }
                ]
            },
            {
                "context_id": "55e-0c9-84868859-3890-49b6-a2f5-ad194500866a",
                "context_K-NSCC": {
                    "field": "인공물",
                    "large_category": "ED",
                    "medium_category": "09"
                },
                "context": "<h1>1. 서 론</h1> <p>최근 화석 에너지의 고갈과 함께 신재생 에너지를 이용한 발전 방법이 많이 연구되고 있는 가운데 태양광 및 연료전지 발전 시스탬, 배터리 층, 방전 불야에 값이 싼 단상 \\( \\mathrm{DC}-\\mathrm{AC} \\) 인버터의 수요가 증가 되고 있다.</p> <p>기존에 많이 사용되고 있는 방법은 단상 Full-Bridge (FB) 방식을 이용한 인버터이다. 그림 1 은 단상 \\( \\mathrm{FB} \\) 인버터를 나타낸다. 그림 1 의 \\( v_{\\text {in }} \\) 은 입력전압, \\( v_{0} \\) 는 출력전 압을 나타내며 \\( L_{0}, C_{0} \\) 는 출력필터를 나타낸다.</p> <p>기존의 단상 FB 인버터는 네 개의 스위치를 사용하지만 출력전압이 입력전압 보다 작거나 같아 입력전압보다 큰 출력전압은 얻을 수 없는 단점이 있다. 만약 입력 전압이 충분치 않아 승압이 요구 되어질 경우에는 부스트 컨버터를 인버터 앞단에 추가하여 2단 전력 변환 시스템을 구성해야 한다. 하지만 2 단 전력 변환 시스템은 효율을 감소시킬 뿐만 아니라 전체 시스템의 부피를 증가 시키며, 시스템의 가격 상승을 유발한다.</p> <p>또 다른 방법으로는 벅-부스트 인버터이다. 그림 2 는 단상 벅-부스트 인버터를 나타낸다. 그림 2 의 \\( v_{i n} \\) 은 입력전압, \\( v_{0} \\) 는 출력전압을 나타내며 \\( L_{1}, L_{2} \\) 는 각 컨버터의 부스트 인덕터이고, \\( C_{1}, C_{2} \\) 는 출력 커패시터이다. 벅-부스트 인버터는 그림 2 와 같이 두 \\( \\mathrm{DC}-\\mathrm{DC} \\) 컨버터를 연결 하여 \\( \\mathrm{DC} \\) 입력전압을 공유하고 두 컨버터 출력 전압 \\( v_{01} \\) 과 \\( v_{02} \\) 사이를 지나는 전압을 출력 하게 된다. 벅-부스트 인버터는 입력전압보다 높은 출력전압을 얻을 수 있지만 이 역시 네 개의 스위치가 필요하며 또 각각의 스위치에는 높은 전압이 걸리게 되므로 스위치의 전압 스트레스가 증가 하게 된다. 따라서 그림 2 의 벅-부스트 인버터는 높은 효율을 기대하기가 어렵다. 그림 1의 FB 인버터와 그림 2의 벅-부스트 인버터의 또 다른 문제점은 입력과 출력의 접지가 다르다는 것이다. 만약 변압기가 없는 계통연계형 태양광 발전 시스템에서 입력인 태양광셀과 출력인 계통의 접지가 같지 않다면 큰 누설전류가 흐르게 되어 안전성 문제와 EMI (Electromagnetic interference) 문제의 원인이 된다.</p> <p>앞에서 언급한 문제점들을 극복하기 위하여 최근 \\( \\mathrm{Z}^{-} \\) 소스 또는 \\( \\mathrm{qZ} \\)-소스 인버터 구조의 많은 전력변환 토폴로지들이 소개 되었다. \\( { }^{[5 \\sim 12]} \\) 그림 \\( 3(\\mathrm{a}) \\) 는 기존의 단상 전류형 \\( \\mathrm{qZ} \\)-소스 인버터를 나타내고, 그림 3(b)는 이의 전 압 이득을 나타낸 그림이다.</p> <p>그림 4 는 그림 3 의 단상 전류형 \\( \\mathrm{qZ} \\)-소스 인버터의 \\( \\mathrm{PWM} \\) 제어신호 생성을 나타낸 그림이다. 스위치 \\( S_{1}, S_{2} \\) 가 교대로 온, 오프를 반복하면서 동작한다. 전압이득은 스위치 \\( S_{2} \\) 의 듀티비를 \\( \\mathrm{D} \\) 라고 정의하면 식 (1)과 같다. 단상 전류형 \\( \\mathrm{qZ} \\)-소스 인버터의 전압 이득을 \\( \\mathrm{M} \\) 이라 정의 하고, 식 (1)을 이용하여 최대 전압 이득을 구하면 \\( \\mathrm{D}=1 \\) 일 때 최대가 되며 이때 \\( \\mathrm{M}=1 \\) 이 된다. 이때 듀티비 \\( \\mathrm{D} \\) 와의 관계식은 다음과 같다.</p> <p>\\( \\frac{v_{0}}{v_{i n}}=\\frac{2 D-1}{D} \\)<caption>(1)</caption></p> <p>\\( v_{0}=v_{m} \\sin \\omega t \\)<caption>(2)</caption></p> <p>\\( \\frac{v_{m}}{v_{i n}}=M \\)<caption>(3)</caption></p> <p>\\( D=\\frac{1}{3-M \\sin \\omega t},(0 \\leq M \\leq 1) \\)<caption>(4)</caption></p> <p>그림 3 의 단상 전류형 \\( \\mathrm{qZ} \\)-소스 인버터는 입력과 출력의 접지가 공통이다. 따라서 태양광 발전 계통연계형 인버터 시스템에 적용 시 앞에서 언급한 누설 전류 문제를 해결함으로써 안전성 문제와 EMI문제를 해결할 수 있다. 하지만 그림 \\( 3(\\mathrm{~b}) \\) 의 전압이득 곡선에서 알 수 있듯이 여전히 입력전압보다 큰 출력전압을 얻을 수 없는 문제점이 남아 있다.</p> <p>본 논문에서는 기존 단상 전류형 \\( \\mathrm{qZ} \\)-소스 인버터의 낮은 전압이득 문제점을 해결하기 위하여 전압이득이 개선된 단상 전류형 qZ-소스 인버터를 제안한다. 제안한 인버터는 단상 전류형 \\( \\mathrm{qZ} \\)-소스 인버터와 같이 입력과 출력이 공통 접지를 가진다.</p>",
                "context_length": 2590,
                "summary": "기존의 단상 FB 인버터는 출력전압이 입력전압 보다 작거나 같기 때문에 입력전압보다 큰 출력전압을 얻을 수 없다. 벅-부스트 인버터는 입력전압보다 높은 출력전압을 얻을 수는 있지만 스위치에 높은 전압이 걸려 스위치 전압 스트레스가 증가하는 단점이 있다. 이러한 문제점들을 해결하기 위해 \\( \\mathrm{Z}^{-} \\) 소스 또는 \\( \\mathrm{qZ} \\)-소스 인버터 구조의 전력변환 토폴로지들이 소개되고 있다. 본 논문에서는 이러한 문제점들을 해결하기 위해 전압이득이 개선된 단상 전류형 qz-소스 인버터를 제안하고 있다.",
                "clue": [
                    {
                        "clue_text": "기존의 단상 FB 인버터는 네 개의 스위치를 사용하지만 출력전압이 입력전압 보다 작거나 같아 입력전압보다 큰 출력전압은 얻을 수 없는 단점이 있다.",
                        "clue_start": "365",
                        "clue_end": "447"
                    },
                    {
                        "clue_text": "벅-부스트 인버터는 입력전압보다 높은 출력전압을 얻을 수 있지만 이 역시 네 개의 스위치가 필요하며 또 각각의 스위치에는 높은 전압이 걸리게 되므로 스위치의 전압 스트레스가 증가 하게 된다.",
                        "clue_start": "937",
                        "clue_end": "1043"
                    },
                    {
                        "clue_text": "그림 1의 FB 인버터와 그림 2의 벅-부스트 인버터의 또 다른 문제점은 입력과 출력의 접지가 다르다는 것이다.",
                        "clue_start": "1084",
                        "clue_end": "1146"
                    },
                    {
                        "clue_text": "앞에서 언급한 문제점들을 극복하기 위하여 최근 \\( \\mathrm{Z}^{-} \\) 소스 또는 \\( \\mathrm{qZ} \\)-소스 인버터 구조의 많은 전력변환 토폴로지들이 소개 되었다.",
                        "clue_start": "1283",
                        "clue_end": "1387"
                    },
                    {
                        "clue_text": "본 논문에서는 기존 단상 전류형 \\( \\mathrm{qZ} \\)-소스 인버터의 낮은 전압이득 문제점을 해결하기 위하여 전압이득이 개선된 단상 전류형 qZ-소스 인버터를 제안한다.",
                        "clue_start": "2422",
                        "clue_end": "2521"
                    }
                ],
                "terminology": [
                    {
                        "word": "EMI"
                    },
                    {
                        "word": "EMI문제"
                    },
                    {
                        "word": "FB"
                    },
                    {
                        "word": "FB 인버터"
                    },
                    {
                        "word": "Full-Bridge"
                    },
                    {
                        "word": "Full-Bridge (FB) 방식"
                    },
                    {
                        "word": "qZ-소스 인버터"
                    },
                    {
                        "word": "계통연계형"
                    },
                    {
                        "word": "계통연계형 인버터"
                    },
                    {
                        "word": "계통연계형 인버터 시스템"
                    },
                    {
                        "word": "계통연계형 태양광 발전 시스템"
                    },
                    {
                        "word": "공통 접지"
                    },
                    {
                        "word": "관계식"
                    },
                    {
                        "word": "교대"
                    },
                    {
                        "word": "누설 전류 문제"
                    },
                    {
                        "word": "누설전류"
                    },
                    {
                        "word": "단상"
                    },
                    {
                        "word": "단상 벅-부스트"
                    },
                    {
                        "word": "단상 전류형"
                    },
                    {
                        "word": "단상 전류형 qZ-소스 인버터"
                    },
                    {
                        "word": "듀티비"
                    },
                    {
                        "word": "벅-부스트"
                    },
                    {
                        "word": "벅-부스트 인버터"
                    },
                    {
                        "word": "변압기"
                    },
                    {
                        "word": "부스트 인덕터"
                    },
                    {
                        "word": "부스트 컨버터"
                    },
                    {
                        "word": "스위치"
                    },
                    {
                        "word": "스트레스"
                    },
                    {
                        "word": "승압"
                    },
                    {
                        "word": "신재생 에너지"
                    },
                    {
                        "word": "연료전지 발전"
                    },
                    {
                        "word": "인덕터"
                    },
                    {
                        "word": "인버터"
                    },
                    {
                        "word": "인버터 구조"
                    },
                    {
                        "word": "인버터 시스템"
                    },
                    {
                        "word": "전력 변환"
                    },
                    {
                        "word": "전력 변환 시스템"
                    },
                    {
                        "word": "전류"
                    },
                    {
                        "word": "전류형"
                    },
                    {
                        "word": "전압 스트레스"
                    },
                    {
                        "word": "전압 이득"
                    },
                    {
                        "word": "전압이득"
                    },
                    {
                        "word": "전압이득 곡선"
                    },
                    {
                        "word": "접지"
                    },
                    {
                        "word": "제어신호"
                    },
                    {
                        "word": "출력 커패시터"
                    },
                    {
                        "word": "출력전압"
                    },
                    {
                        "word": "출력필터"
                    },
                    {
                        "word": "커패시터"
                    },
                    {
                        "word": "컨버터"
                    },
                    {
                        "word": "컨버터 출력"
                    },
                    {
                        "word": "컨버터 출력 전압"
                    },
                    {
                        "word": "태양광 발전"
                    },
                    {
                        "word": "토폴로지"
                    }
                ]
            }
        ]
    }
}