{
    "dataset_info": {
        "identifier": "02-031-002-NL",
        "name": "기술과학 문서 요약 데이터",
        "category": "자연어",
        "last_updated": "2023-08-30"
    },
    "dataset": {
        "doc_id": "034b7f4e-34ca9dd2-d355-4a08-98a3-d1632dbca652",
        "doc_type": "논문",
        "doc_title": {
            "kor": "마이크로프로세서를 이용한 소형 PEM 연료전지 스택의 제어",
            "eng": ""
        },
        "doc_category": {
            "KDC": "560.5",
            "DDC": ""
        },
        "doc_number": {
            "ISSN": "1229-2214",
            "ISBN": "",
            "DOI": "",
            "UCI": ""
        },
        "doc_year": "2008",
        "doc_author": [
            "김태훈",
            "최우진"
        ],
        "doc_publisher": "전력전자학회",
        "doc_license": "CC BY-NC",
        "context_info": [
            {
                "context_id": "55e-0c9-3bf9aae1-06ff-4915-b18e-d7939966cd14",
                "context_K-NSCC": {
                    "field": "인공물",
                    "large_category": "ED",
                    "medium_category": "09"
                },
                "context": "<h2>2.5 실험 및 고찰</h2> <p>실험을 통해 제안된 방식의 적절함을 평가하기 위해 그림 4와 같이 소형 \\( 150 \\mathrm{~W} \\) PEM Fuel Cell 시스템 및 제어회로를 제작하였다. 제어기의 성능 및 효율을 검증하기 위해 동일한 형태의 가변부하에 대해 수동제어 방식과 개발된 자동제어 방식으로 각각 운전하면서 운전의 안정성과 사용 연료의 양을 비교하여 보았다. 그림 5는 본 논문에서 제안한 제어방식을 이용하여 PEM 연료전지 스택을 제어 하였을 때 연료 효율이 향상되는 것을 검증하기 위하여, 마이크로프로세서를 이용하여 제어한 경우와 제조사에서 제공한 수동제어기를 이용하여 매뉴얼에 따라 시스템을 제어 하였을 경우에 스택에 유입되는 수소의 유량을 각각의 경우 측정된 스택의 전력을 이용하여 유량을 역계산하는 방식으로 그린 그래프이다.</p> <p>먼저 연료전지 스택에 각각의 제어방식을 적용하여 그림 5와 같은 형태의 부하를 1시간 동안 구동할 경우 절감되는 연료량을 측정 전력을 이용하여 계산하여 보았다. 우선 부하전류에 따라 단일 셀에서 소모되는 수소의 유량은 식(19)와 같이 계산된다.</p> <p>\\( \\begin{aligned} Q_{U_{-} H_{2}} &=\\frac{I}{Z F n} \\\\ &=\\frac{1 \\mathrm{Cs}^{-1} \\times 60 \\mathrm{smin}^{-1} \\times 22.4 \\mathrm{SLmol}^{-1}}{2 \\times 96485 \\mathrm{Cmol}^{-1} \\times 1 \\mathrm{cell}} \\\\ &=0.007 \\mathrm{SLM} /(\\mathrm{A} \\cdot \\mathrm{cell}) \\end{aligned} \\)<caption>(19)</caption></p> <p>또한, 연료전지 스택 구동에 필요한 수소의 유량은 식 (20)과 같이 계산되어 진다.</p> <p>\\( Q_{T_{-} H_{2}}=Q_{U_{-} H_{2}} \\times \\frac{P_{e}}{V_{\\text {stack }}} \\times n \\times \\lambda_{H_{2}} \\)<caption>(20)</caption></p> <p>각각의 경우 측정된 전력의 값과 식(19) 및 (20)을 이용하여 소모된 수소량을 계산한 결과 마이크로프로세서를 이용한 시스템의 구동방식을 이용한 경우 68.64이었고, 제조사에서 제공한 수동제어기를 이용한 경우 72.20이었다. 따라서 그림 5와 같은 형태로 변하는 부하를 한 시간 구동하는데 소모되는 수소의 양은 수동제어기를 적용하였을 경우에 비해 시간당 3.56의 수소가 적게 사용되어 평균 \\( 5 \\% \\)정도의 연료가 절감됨을 알 수 있다.</p> <p>경부하시와 중부하시의 연료 절감률은 큰 차이를 보였는데, 수동 제어기보다 마이크로프로세서에 의해 자동 제어되는 경우 경부하에서 약 \\( 31 \\% \\) 의 연료 효율 향상을 보였으나 정격부하에서는 약 \\( 3 \\% \\) 로 낮아졌다. 이는 중부하로 갈수록 발열량이 많아져 자동제어 방식과 수동제어 방식 모두 냉각 팬을 최대출력으로 운전하므로 팬에 의해 소모되는 전력량이 두 경우 모두 같아지고, 펴지주기가 짭아져 펴지밸브의 시간당 구동회수도 거의 같아지기 때문이다. 따라서 자동제어 방식을 이용할 경우 전 부하구간에서 효율적인 시스템 운전이 가능하여 연료를 절감할 수 있음을 알 수 있다. 또한, 수동제어기를 이용하면 부하가 급변할 때 냉각팬의 속도나 퍼지 주기를 제대로 조정하지 못하는 경우 스택의 전압이 불안정해지거나, shut-down되는 현상이 발생하는 것에 반해 마이크로프로세서를 이용하는 자동 제어기의 경우 부하 급변 시에도 BOS의 순시적인 제어를 통해 안정된 운전이 가능하므로 시스템의 안정성 역시 매우 높아졌다고 볼 수 있다.</p> <p>제작된 소형 \\( 150 \\mathrm{~W} \\) 연로전지 시스템의 정격 전압, 전류 및 출력은 각각 \\( 14.31[\\mathrm{~V}], 10[\\mathrm{~A}], 143.1[\\mathrm{~W}] \\) 이고, 이때 소모되는 수소의 유량은 2.06이므로, 시스템을 정격출력으로 1시간 구동하는데 요구되는 수소의 유량은 \\( 123.6[\\mathrm{~L} / \\mathrm{hr}] \\) 가 되어, \\( 1000 \\mathrm{cc} \\) 고압 실린더에 350 기압으로 저장된 수소를 이용할 경우 정격 출력으로 3시간 정도 연속 구동이 가능함을 알 수 있다.</p>",
                "context_length": 2201,
                "summary": "제안된 방식의 적절함을 실험을 통해 평가하기 위해 그림 4와 같이 소형 \\( 150 \\mathrm{~W} \\) PEM Fuel Cell 시스템 및 제어회로를 제작하였고 제어기의 성능 및 효율을 검증하기 위해 수동 제어 방식과 개발된 자동제어 방식으로 운전의 안정성과 사용 연료의 양을 비교하였다. 자동제어 방식은 전 부하 구간에서 효율적 시스템으로 연료를 절감하고 부하 급변 시에도 안정된 운전이 가능해 시스템의 안정성 또한 매우 높아졌다.",
                "clue": [
                    {
                        "clue_text": "실험을 통해 제안된 방식의 적절함을 평가하기 위해 그림 4와 같이 소형 \\( 150 \\mathrm{~W} \\) PEM Fuel Cell 시스템 및 제어회로를 제작하였다.",
                        "clue_start": "24",
                        "clue_end": "118"
                    },
                    {
                        "clue_text": "제어기의 성능 및 효율을 검증하기 위해 동일한 형태의 가변부하에 대해 수동제어 방식과 개발된 자동제어 방식으로 각각 운전하면서 운전의 안정성과 사용 연료의 양을 비교하여 보았다.",
                        "clue_start": "119",
                        "clue_end": "218"
                    },
                    {
                        "clue_text": "따라서 자동제어 방식을 이용할 경우 전 부하구간에서 효율적인 시스템 운전이 가능하여 연료를 절감할 수 있음을 알 수 있다.",
                        "clue_start": "1605",
                        "clue_end": "1673"
                    },
                    {
                        "clue_text": "또한, 수동제어기를 이용하면 부하가 급변할 때 냉각팬의 속도나 퍼지 주기를 제대로 조정하지 못하는 경우 스택의 전압이 불안정해지거나, shut-down되는 현상이 발생하는 것에 반해 마이크로프로세서를 이용하는 자동 제어기의 경우 부하 급변 시에도 BOS의 순시적인 제어를 통해 안정된 운전이 가능하므로 시스템의 안정성 역시 매우 높아졌다고 볼 수 있다.",
                        "clue_start": "1674",
                        "clue_end": "1871"
                    }
                ],
                "terminology": [
                    {
                        "word": "BOS"
                    },
                    {
                        "word": "Cell"
                    },
                    {
                        "word": "Fuel Cell"
                    },
                    {
                        "word": "PEM"
                    },
                    {
                        "word": "PEM Fuel Cell"
                    },
                    {
                        "word": "shut-down"
                    },
                    {
                        "word": "가변부하"
                    },
                    {
                        "word": "단일 셀"
                    },
                    {
                        "word": "마이크로프로세서"
                    },
                    {
                        "word": "부하 급변"
                    },
                    {
                        "word": "부하구간"
                    },
                    {
                        "word": "부하전류"
                    },
                    {
                        "word": "수동제어"
                    },
                    {
                        "word": "수동제어기"
                    },
                    {
                        "word": "수소"
                    },
                    {
                        "word": "스택"
                    },
                    {
                        "word": "실린더"
                    },
                    {
                        "word": "역계산"
                    },
                    {
                        "word": "연로전지"
                    },
                    {
                        "word": "연료전지 스택"
                    },
                    {
                        "word": "전류"
                    },
                    {
                        "word": "절감률"
                    },
                    {
                        "word": "정격 전압"
                    },
                    {
                        "word": "정격부하"
                    },
                    {
                        "word": "정격출력"
                    },
                    {
                        "word": "제어기"
                    },
                    {
                        "word": "제어회"
                    },
                    {
                        "word": "중부하"
                    },
                    {
                        "word": "중부하시"
                    },
                    {
                        "word": "퍼지"
                    },
                    {
                        "word": "퍼지 주기"
                    },
                    {
                        "word": "펴지밸브"
                    },
                    {
                        "word": "펴지주기"
                    }
                ]
            },
            {
                "context_id": "55e-0c9-merge_2_034b7f4e-34ca9dd2-d355-4a08-98a3-d1632dbca652_00",
                "context_K-NSCC": {
                    "field": "인공물",
                    "large_category": "ED",
                    "medium_category": "09"
                },
                "context": "<h1>요 약</h1> <p>본 논문에서는 소형 PEM(Proton Exchange Membrane) 연료전지 스택의 마이크로프로세서를 이용한 제어에 관하여 소개한다. 연료전지 제어의 핵심 기술인 스택 내부의 수분 관리는 부하에 의해 요구되는 연료와 온도에 따른 냉각용 공기의 유량을 적절하게 조절하고, 잉여수분을 스택으로부터 배출시킴으로써 성취된다. 이러한 주변장치 (BOS: Balance of Stack'의 제어는 시스템의 안정적인 운전을 좌우하는 중요한 요소이기 때문에 이를 정확하게 제 어하는 것이 매우 중요하다. 본 연구에서는 최적 운전조건에서 공기유량과 퍼지주기를 측정하고 이를 바탕으로 BOS를 제어함으로써 BOS의 소비전력을 최소화하여 연료 효율을 향상시킬 수 있었으며, 이를 실험을 통해 검증하였다. 마이크로프로세서를 이용하여 개발된 제어기는 시스템의 운전 안정성을 향상시켜 소형 연료전지 스택의 제어에 널리 사용될 것으로 기대된다.</p> <h1>1. 서 론</h1> <p>PEM(Proton Exchange Membrane) 연료전지는 저온에서 동작하기 때문에 빠르게 시동할 수 있고 MEA (Membrane Electrode Assembly)가 얇아서 콤팩트하게 만들 수 있으며 스택을 어느 방향으로 놓아도 동작한다는 장점 등으로 인해 자동차용이나 휴대용으로 사용하기에 적당하다. 특히, 소형 연료전지 시스템은 에너지 밀도와 효율이 높고 유해 물질의 배출이 없으며, 가습 장치와 같은 복잡한 BOS(Balance of Stack)를 필요로 하지 않는다는 장점 때문에 가까운 장래에 배터리가 담당하던 소형 가전기기용 전원공급 장치 영역을 흡수해 나갈 것으로 기대된다.</p> <p>소형 연료전지 스택을 이용한 전원장치에 관한 다수의 연구가 보고되고 있다. 그러나 대부분은 시스템에 관한 자세한 기술이 생략되어 있고, 스택의 제어에 관한 상세한 언급도 없다. 참고문헌는 마이크로프로세서를 이용하여 스택을 제어한 것으로 보이나 BOS(Balance of Stack)의 제어방법에 관한 설명이 없으며 시스템에 관하여만 비교적 자세히 기술하여 기술적 진보성을 논하기 어렵다. 참고문헌은 소형 무가습 연료전지 스택의 제어가 연료 및 냉각용 공기의 유량만을 제어함으로써 가능함을 제시한 논문이며, 이 후 참고논문까지 소형 구가습 연료전지의 물관리(Water Management)방법에 관한 연구가 다수 진행 되었다.</p> <p>PEM 연료전지 스택의 제어에 있어서 전해질의 수분관리와 스택의 온도관리는 안정된 출력을 얻는데 매우 중요한 문제이다. 수분의 양이 너무 많으면 Flooding이 되며, 또한 너무 적으면 Dehydration 되어 MEA의 성능을 저하시키게 된다. 이는 곧 연료전지의 성능 저하를 뜻하므로 시스템의 안정된 출력을 위해서는 냉각팬의 제어와 잉여 수분의 방출을 위한 퍼지 주기(Purge Cycle)의 제어는 매우 중요하다. 무가습의 소형 연료전지 시스템의 경우 연료는 압력에 의해 자동으로 공급되며 냉각팬은 연료전지 스택의 온도가 상승하였을 경우 자연 냉각에 의해 방출하지 못하는 열을 방출 시키는 역할을 하는 동시에 MEA의 습도를 적절하게 유지하는 역할을 한다. 잉여 수분의 퍼지를 위해 사용되는 솔레노이드 밸브도 시스템의 상태에 따라 그 주기가 변경되어야 하며, 이들을 최적으로 제어하여 최소한의 전력을 사용하도록 하여야 운전 효율을 극대화 할 수 있다.</p> <p>본 논문에서는 전해질의 수분관리와 스택의 온도관리를 위해서, 마이크로프로세서를 통해 냉각팬과 퍼지용 솔레노이드 밸브를 최적으로 제어하는 방법에 관해 기술하고, 그림 1과 같은 시스템을 꾸미고 부하 실험을 통해 시스템의 안정성과 연료 효율의 향상을 검증 하였다.</p>",
                "context_length": 1835,
                "summary": "PEM 연료전지는 낮은 온도에서 동작하기 때문에 빠르게 시동할 수 있고 MEA가 얇아 콤팩트하게 만들 수 있고 스택을 어느 방향으로 놓아도 동작한다는 장점이 있다. PEM 연료전지 스택의 제어에 있어 수분의 양이 너무 많으면 Flooding이 되고, 너무 적으면 Dehydration 되어 MEA의 성능을 낮추므로 전해질의 수분관리와 스택의 온도관리는 중요하다. 본 논문에서는 최적 운전조건에서 공기유량과 퍼지주기를 측정한 후 BOS의 제어를 통하여 소비전력을 최소화하여 연료 효율을 향상시켰다.",
                "clue": [
                    {
                        "clue_text": "PEM(Proton Exchange Membrane) 연료전지는 저온에서 동작하기 때문에 빠르게 시동할 수 있고 MEA (Membrane Electrode Assembly)가 얇아서 콤팩트하게 만들 수 있으며 스택을 어느 방향으로 놓아도 동작한다는 장점 등으로 인해 자동차용이나 휴대용으로 사용하기에 적당하다.",
                        "clue_start": "500",
                        "clue_end": "673"
                    },
                    {
                        "clue_text": "PEM 연료전지 스택의 제어에 있어서 전해질의 수분관리와 스택의 온도관리는 안정된 출력을 얻는데 매우 중요한 문제이다.",
                        "clue_start": "1198",
                        "clue_end": "1264"
                    },
                    {
                        "clue_text": "수분의 양이 너무 많으면 Flooding이 되며, 또한 너무 적으면 Dehydration 되어 MEA의 성능을 저하시키게 된다.",
                        "clue_start": "1265",
                        "clue_end": "1336"
                    },
                    {
                        "clue_text": "본 연구에서는 최적 운전조건에서 공기유량과 퍼지주기를 측정하고 이를 바탕으로 BOS를 제어함으로써 BOS의 소비전력을 최소화하여 연료 효율을 향상시킬 수 있었으며, 이를 실험을 통해 검증하였다.",
                        "clue_start": "293",
                        "clue_end": "401"
                    }
                ],
                "terminology": [
                    {
                        "word": "Assembly"
                    },
                    {
                        "word": "BOS"
                    },
                    {
                        "word": "Dehydration"
                    },
                    {
                        "word": "Electrode"
                    },
                    {
                        "word": "Flooding"
                    },
                    {
                        "word": "MEA"
                    },
                    {
                        "word": "Management"
                    },
                    {
                        "word": "Membrane"
                    },
                    {
                        "word": "PEM"
                    },
                    {
                        "word": "Proton"
                    },
                    {
                        "word": "Purge"
                    },
                    {
                        "word": "Stack"
                    },
                    {
                        "word": "구가습 연료전지"
                    },
                    {
                        "word": "마이크로프로세서"
                    },
                    {
                        "word": "부하 실험"
                    },
                    {
                        "word": "솔레노이드"
                    },
                    {
                        "word": "솔레노이드 밸브"
                    },
                    {
                        "word": "스택"
                    },
                    {
                        "word": "스택 내부"
                    },
                    {
                        "word": "연료전지 스택"
                    },
                    {
                        "word": "연료전지 시스템"
                    },
                    {
                        "word": "온도관리"
                    },
                    {
                        "word": "전해질"
                    },
                    {
                        "word": "제어기"
                    },
                    {
                        "word": "퍼지"
                    },
                    {
                        "word": "퍼지 주기"
                    }
                ]
            },
            {
                "context_id": "55e-0c9-67d508d3-854d-4a00-82a0-40a98d007a43",
                "context_K-NSCC": {
                    "field": "인공물",
                    "large_category": "ED",
                    "medium_category": "09"
                },
                "context": "<h1>2. 본 론</h1> <h2>2.1 PEM 연료전지 스택의 물 관리 방법</h2> <p>소형 무가습 PEM 연료전지 스택의 물 관리는 특정 온도에서 캐소드 출구의 상대습도를 \\( 100 \\% \\) 로 유지하는데 필요한 공기 유량의 화학량론(Stoichiometry)을 계산하여 공급함으로 이루어진다. 냉각팬을 이용하여 연료용 공기를 냉각용 공기와 함께 공급할 경우 팬이 공급해야 할 총 공기 유량은 식(1)과 같이 표현 할 수 있다.</p> <p>\\( \\dot{m}_{\\text {fan,air }}=\\dot{m}_{\\text {reac,air }}+\\dot{m}_{c o o l, \\text { air }} \\)<caption>(1)</caption></p> <p>연료전지의 화학 반응에 필요한 공기의 유량은 대기 중 산소의 비율을 감안하여 식 (2)와 같이 계산된다.</p> <p>\\( \\dot{m}_{\\text {reac,air }}=\\frac{P_{e}}{4 \\times V_{c e l l} \\times F} \\times \\frac{1}{0.21} \\)<caption>(2)</caption></p> <p>그러나 식 (2)의 값을 그대로 사용할 경우 반응에 의해 산소가 모두 소진된 후 산소의 분압 저하에 의한 전압 손실이 매우 커지게 되므로 실제로는 식 (2)의 값보다 더 큰 값으로 화학량론을 설정해 주어야 한다. PEM 연료전지 스택의 제어에 있어서 전해질 막의 수분관리에 대한 신뢰성을 유지하는 것이 핵심이다. 연료전지의 MEA가 적절한 수분을 갖게 하기 위해서는 출구공기의 상대습도는 \\( 80 \\% ~ 100 \\% \\) 가 되어야 하며, 동작 조건이 변화할 경우에도 이를 유지해야 한다.</p> <p>연료전지의 캐소드 출구에서의 수증기압은 스택의 캐소드 입구 공기(대기)의 수분을 고려하여 식 (3) 및 (4)를 이용하여 계산할 수 있다.</p> <p>\\( P_{w}=\\frac{\\left(0.420+\\Psi \\lambda_{\\text {air }}\\right) P_{\\text {exit }}}{(1+\\Psi) \\lambda_{\\text {air }}+0.210} \\)<caption>(3)</caption></p> <p>\\( \\Psi=\\frac{P_{w i n}}{P_{i n}-P_{w i n}} \\)<caption>(4)</caption></p> <p>따라서 식(4)를 고려하여 계산된 식(3)의 수증기압의 값을 캐소드 출구 배출가스의 온도에서의 포화수증기압과 같게 만드는 공기의 화학량론을 도출 할 수 있고, 최종적으로 스택의 운전에 필요한 공기 유량은 식 (5)와 같이 계산되어 진다.</p> <p>\\( \\dot{m}_{\\text {reac,air }}=\\frac{P_{e}}{4 \\times V_{c e l l} \\times F} \\times \\frac{1}{0.21} \\times \\lambda_{a i r} \\)<caption>(5)</caption></p> <h2>2.2 냉각에 필요한 공기유량의 계산</h2> <p>연료전지 스택의 운전으로 발생한 열량 중 냉각시켜야 할 열량은 연료전지 스택 전체 생성열량에 자연대류 및 복사에 의해 소산되는 자연 발열량과 전기 화학 반응에 참여하는 유량에 의해 냉각되는 열량의 차로 식 (6)과 같이 구할 수 있다.</p> <p>\\( Q_{\\text {cool }}=Q_{\\text {stack }}-Q_{\\text {dis }}-Q_{\\text {reac }} \\)<caption>(6)</caption></p> <p>연료전지의 반응엔탈피 모두가 전기적 출력으로 변환된다면 연료전지 셀의 출력전압은 \\( 1.25 \\mathrm{~V} \\) (LHV 기준)가 되며, 스택의 생성열량은 식 (7)과 같이 계산된다.</p> <p>\\( Q_{\\text {stack }}=P_{e}\\left(\\frac{1.25}{V_{c e l l}}-1\\right) \\)<caption>(7)</caption></p> <p>전체 발열 중 자연 발열은 자연대류 및 복사로 구분 되어 진다.</p> <p>\\( Q_{d i s}=Q_{\\text {conv }}+Q_{r a d} \\)<caption>(8)</caption></p> <p>자연 대류의 발열량인 \\( \\mathrm{Q}_{\\mathrm{conv}} \\) 는 다음 수식과 같다.</p> <p>\\( Q_{\\text {conv }}=h A_{s}\\left(T_{s}-T_{o}\\right) \\)<caption>(9)</caption></p> <p>여기서 \\( \\mathrm{h} \\) 는 대류 열전달 계수로써, \\( \\mathrm{Nu}_{\\mathrm{L}} \\) (Nusselt Number)의 함수이다.</p> <p>\\( h=\\frac{k}{L} N u_{L} \\)<caption>(10)</caption></p> <p>Nusselt Number는 발열체의 형상에 따라 달라지는데, 연료전지 스택의 수직 평판의 경우 식 (11)과 같고, \\[N u_{L}=\\left\\{0.825+\\frac{0.387 R a_{L}^{1 / 6}}{\\left[1+\\left(\\frac{0.5}{\\mathrm{Pr}}\\right)^{9 / 16}\\right]^{8 / 27}}\\right\\}^{2} \\]<caption>(11)</caption>여기서, \\(R a_{L}=\\frac{g \\beta\\left(T_{S}-T_{O}\\right) L^{3}}{v \\alpha}, P_{r}=\\frac{v}{\\alpha} \\) 연료전지 스택의 수평 평판의 윗면일 경우 식 (12)와 같으며, \\[ N u_{L}=0.54 R a_{L}^{1 / 4} \\quad\\left(10^{4} \\lesssim R a_{L} \\lesssim 10^{7}\\right) \\] 여기서, \\(L=A_{s} / P m \\)<caption>(12)</caption></p> <p>연료전지 스택의 수평 평판의 아랫면일 경우 식 (13)과 같다.</p> <p>\\( \\quad N u_{L}=0.27 R a_{L}^{1 / 4} \\quad\\left(10^{5} \\lesssim R a_{L} \\lesssim 10^{10}\\right) \\) 여기서, \\( L=A_{s} / \\mathrm{Pm} \\)<caption>(13)</caption></p> <p>스택의 자연 복사 발열량 \\( \\mathrm{Q}_{\\mathrm{rad}} \\) 은 식 (14)와 같으며, \\( Q_{r a d}=h_{r} A_{s}\\left(T_{s}-T_{o}\\right) \\)<caption>(14)</caption>여기서 \\( h_{r} \\) 는 복사 열전달 계수로써, 식 (15)와 같이 계산되어 진다.</p> <p>\\( h_{r}=\\epsilon \\sigma\\left(T_{s}+T_{o}\\right)\\left(T_{s}^{2}+T_{o}^{2}\\right) \\)<caption>(15)</caption></p> <p>연료로 사용되는 공기 유량에 의하여 냉각되는 열량은 다음과 같이 계산 된다.</p> <p>\\( Q_{\\text {reac }}=\\dot{m}_{\\text {reac, air }} c_{p}\\left(T_{\\text {reac,out }}-T_{\\text {reac }, \\text { in }}\\right) \\)<caption>(16)</caption></p> <p>따라서, 냉각팬에 의해 유입된 냉각용 공기에 의해 냉각되어야 하는 열량은 식(17)과 같이 나타나며, \\( \\mathrm{m}_{\\text {cool,air }} \\) 에 관하여 수식을 정리하면 연료전지 스택의 강제 냉각에 필요한 공기 유량을 구할 수 있다.</p> <p>\\( \\dot{m}_{\\text {cool,air }} c_{p} \\Delta T_{\\text {cool }} \\) \\( =P_{e}\\left(\\frac{1.25}{V_{\\text {cell }}}-1\\right)-\\left(Q_{\\text {conv }}+Q_{\\text {rad }}\\right)-\\dot{r}_{\\text {reac, air }} c_{p} \\Delta T_{\\text {reac }} \\)<caption>(17)</caption></p>",
                "context_length": 4005,
                "summary": "소형 무가습 PEM 연료전지 스택의 물 관리는 캐소드 출구의 상대습도를 \\( 100 \\% \\) 로 유지하는데 필요한 화학량론적 공기 유량을 계산하여 공급하는 방식으로 수행된다. 이때, 연료전지의 화학 반응에 필요한 공기의 유량은 대기 중 산소의 비율을 고려하여 식 (2)로 계산된다. 하지만 이 값이 그대로 적용될 경우, 산소가 반응으로 인해 완전히 소진된 후에는 산소의 분압 저하로 인해 전압 손실이 크게 증가하므로, 실제 화학량론 설정에는 이 값보다 더 큰 값을 사용해야 한다. 연료전지 스택 운전에 따른 열량 중 냉각이 필요한 부분은 연료전지 스택 전체 생성열량에서 자연대류 및 복사에 의해 소산되는 자연 발열량과 전기 화학 반응에 참여하는 유량에 의해 냉각되는 열량을 뺀 값으로, 이는 식 (6)으로 구할 수 있다. 그러므로, 냉각팬에 의해 유입된 냉각용 공기로 냉각해야 하는 열량은 식 (17)으로 표현되며, 이를 \\( \\mathrm{m}_{\\text {cool,air }} \\)에 대해 정리하면 연료전지 스택의 강제 냉각에 필요한 공기 유량을 얻을 수 있다.",
                "clue": [
                    {
                        "clue_text": "소형 무가습 PEM 연료전지 스택의 물 관리는 특정 온도에서 캐소드 출구의 상대습도를 \\( 100 \\% \\) 로 유지하는데 필요한 공기 유량의 화학량론(Stoichiometry)을 계산하여 공급함으로 이루어진다.",
                        "clue_start": "53",
                        "clue_end": "171"
                    },
                    {
                        "clue_text": "연료전지의 화학 반응에 필요한 공기의 유량은 대기 중 산소의 비율을 감안하여 식 (2)와 같이 계산된다.",
                        "clue_start": "377",
                        "clue_end": "435"
                    },
                    {
                        "clue_text": "그러나 식 (2)의 값을 그대로 사용할 경우 반응에 의해 산소가 모두 소진된 후 산소의 분압 저하에 의한 전압 손실이 매우 커지게 되므로 실제로는 식 (2)의 값보다 더 큰 값으로 화학량론을 설정해 주어야 한다.",
                        "clue_start": "572",
                        "clue_end": "690"
                    },
                    {
                        "clue_text": "연료전지 스택의 운전으로 발생한 열량 중 냉각시켜야 할 열량은 연료전지 스택 전체 생성열량에 자연대류 및 복사에 의해 소산되는 자연 발열량과 전기 화학 반응에 참여하는 유량에 의해 냉각되는 열량의 차로 식 (6)과 같이 구할 수 있다.",
                        "clue_start": "1490",
                        "clue_end": "1621"
                    },
                    {
                        "clue_text": "따라서, 냉각팬에 의해 유입된 냉각용 공기에 의해 냉각되어야 하는 열량은 식(17)과 같이 나타나며, \\( \\mathrm{m}_{\\text {cool,air }} \\) 에 관하여 수식을 정리하면 연료전지 스택의 강제 냉각에 필요한 공기 유량을 구할 수 있다.",
                        "clue_start": "3596",
                        "clue_end": "3740"
                    }
                ],
                "terminology": [
                    {
                        "word": "MEA"
                    },
                    {
                        "word": "Nusselt"
                    },
                    {
                        "word": "Nusselt Number"
                    },
                    {
                        "word": "PEM"
                    },
                    {
                        "word": "공기 유량"
                    },
                    {
                        "word": "공기유량"
                    },
                    {
                        "word": "대류 열전달"
                    },
                    {
                        "word": "대류 열전달 계수"
                    },
                    {
                        "word": "발열체"
                    },
                    {
                        "word": "복사"
                    },
                    {
                        "word": "복사 발열량"
                    },
                    {
                        "word": "복사 열전달"
                    },
                    {
                        "word": "분압 저하"
                    },
                    {
                        "word": "상대습도"
                    },
                    {
                        "word": "생성열량"
                    },
                    {
                        "word": "소산"
                    },
                    {
                        "word": "수증기압"
                    },
                    {
                        "word": "스택"
                    },
                    {
                        "word": "신뢰성"
                    },
                    {
                        "word": "연료전지 스택"
                    },
                    {
                        "word": "열전달"
                    },
                    {
                        "word": "열전달 계수"
                    },
                    {
                        "word": "자연대류"
                    },
                    {
                        "word": "전기적"
                    },
                    {
                        "word": "전압 손실"
                    },
                    {
                        "word": "전해질"
                    },
                    {
                        "word": "전해질 막"
                    },
                    {
                        "word": "출구공기"
                    },
                    {
                        "word": "출력전압"
                    },
                    {
                        "word": "캐소드"
                    },
                    {
                        "word": "화학량론"
                    },
                    {
                        "word": "화학량론(Stoichiometry)"
                    }
                ]
            }
        ]
    }
}