{
    "dataset_info": {
        "identifier": "02-031-002-NL",
        "name": "기술과학 문서 요약 데이터",
        "category": "자연어",
        "last_updated": "2023-08-30"
    },
    "dataset": {
        "doc_id": "024688fc-0079bf51-0f4b-495b-bd43-c816f798c365",
        "doc_type": "논문",
        "doc_title": {
            "kor": "DFT를 사용한 고속 constant modulus algorithm 의 성능분석",
            "eng": ""
        },
        "doc_category": {
            "KDC": "560.5",
            "DDC": ""
        },
        "doc_number": {
            "ISSN": "1226-7244",
            "ISBN": "",
            "DOI": "",
            "UCI": ""
        },
        "doc_year": "2009",
        "doc_author": [
            "양윤기",
            "이창수",
            "양수미"
        ],
        "doc_publisher": "한국전기전자학회",
        "doc_license": "CC BY-NC",
        "context_info": [
            {
                "context_id": "55e-0c9-merge_ed_024688fc-0079bf51-0f4b-495b-bd43-c816f798c365_04",
                "context_K-NSCC": {
                    "field": "인공물",
                    "large_category": "ED",
                    "medium_category": "99"
                },
                "context": "<p>DFT 영역에서의 길이 N 의 출력신호 벡터 \\( Y_ { k } =(Y[k N], Y[k N + 1], \\cdots, Y[k N + N-1]) ^ { t } \\) 는 \\( X_ { k } \\) 와 DFT 영역의 N-point 계수 벡터 \\( C_ { k } \\), \\( C_ { k } = \\left (C_ { k } [0], C_ { k } [1], \\cdots, C_ { k } [N-1] \\right ) ^ { t } \\) 의 곱으로부터 얻어지는데, \\( C_ { k } =F c_ { k } \\) 이다. DFT 영역의 출력 \\( Y[k N + m] \\) 은 \\( Y[k N + m]=C_ { k } [m] X[k N + m] \\) 과 같이 주어진다. 시간영역에서의 출력결과를 얻기 위해서는 다음과 같이 \\( Y_ { k } \\) 의 N-point IDFT 를 취한다. 즉 \\( y_ { k } =F ^ { -1 } Y_ { k } \\) 인데, 여기서 \\( y_ { k } \\) 는 시간 영역상의 출력 벡터로 \\( y_ { k } =(y[k N], y[k N + 1], \\cdots, y[k N + N-1]) ^ { t } \\) 와 같이 주어진다.</p> <p>그런데, 시간 영역상의 선형필터의 결과를 얻기 위해서는 circular convolution 의 영향을 제거하기 위하여 시간영역의 출력 \\( y_ { k } \\) 의 후반 \\( \\mathrm { L } = \\mathrm { N } - \\mathrm { M } -1 \\) 개의 신호 \\( (y[k N + M], \\cdots, y[k N + N-1]) \\) 의 신호만 사용되고 앞의 M 개의 신호는 버려지게 된다.이제 DFT 영역에서의 CMA 의 목적함수를 최소화 시키는 적응방정식을 유도하여 보자. 식을 간단히 하기 위하여 k 번째의 입력신호, 출력신호의 첨자 k 를 제거한 식으로 간단히 하도록 하자. 시간 영역의 CMA 의 목적함수를 출력 \\( (y[M], \\cdots, y[N-1]) \\) 에 대한 제한조전으로 다시 쓰면</p> <p>\\( \\begin {aligned} J_ { M } &=E \\left \\{\\left (R_ { p } - \\mid y \\left [ \\left .M \\right | ^ { 2 } \\right ) ^ { 2 } \\right \\} \\right . \\\\ J_ { M + 1 } &=E \\left \\{\\left (R_ { p } -|y[M + 1]| ^ { 2 } \\right ) ^ { 2 } \\right \\} \\\\ & \\vdots \\\\ J_ { N-1 } &=E \\left \\{\\left (R_ { p } -|y[N-1]| ^ { 2 } \\right ) ^ { 2 } \\right \\} \\end {aligned} \\)<caption>(6)</caption></p>",
                "context_length": 1383,
                "summary": "DFT 영역에서 길이 N의 출력신호 벡터 Y는 X와 DFT 영역의 N-Ppoint 계수 벡터 C를 곱해서 얻을 수 있다. 시간영역의 출력 결과를 얻기 위해서는 Y의 N-point IDFT를 취해야하고 시간 영역상의 선형필터의 결과를 얻으려면 circular convolution의 영향을 제거하기 위해 시간영역의 출력의 후반 신호만 사용하고 앞의 신호는 버려진다.",
                "clue": [
                    {
                        "clue_text": "<p>DFT 영역에서의 길이 N 의 출력신호 벡터 \\( Y_ { k } =(Y[k N], Y[k N + 1], \\cdots, Y[k N + N-1]) ^ { t } \\) 는 \\( X_ { k } \\) 와 DFT 영역의 N-point 계수 벡터 \\( C_ { k } \\), \\( C_ { k } = \\left (C_ { k } [0], C_ { k } [1], \\cdots, C_ { k } [N-1] \\right ) ^ { t } \\) 의 곱으로부터 얻어지는데, \\( C_ { k } =F c_ { k } \\) 이다.",
                        "clue_start": "0",
                        "clue_end": "289"
                    },
                    {
                        "clue_text": "시간영역에서의 출력결과를 얻기 위해서는 다음과 같이 \\( Y_ { k } \\) 의 N-point IDFT 를 취한다.",
                        "clue_start": "372",
                        "clue_end": "437"
                    },
                    {
                        "clue_text": "그런데, 시간 영역상의 선형필터의 결과를 얻기 위해서는 circular convolution 의 영향을 제거하기 위하여 시간영역의 출력 \\( y_ { k } \\) 의 후반 \\( \\mathrm { L } = \\mathrm { N } - \\mathrm { M } -1 \\) 개의 신호 \\( (y[k N + M], \\cdots, y[k N + N-1]) \\) 의 신호만 사용되고 앞의 M 개의 신호는 버려지게 된다.이제 DFT 영역에서의 CMA 의 목적함수를 최소화 시키는 적응방정식을 유도하여 보자.",
                        "clue_start": "601",
                        "clue_end": "878"
                    }
                ],
                "terminology": [
                    {
                        "word": "CMA"
                    },
                    {
                        "word": "DFT"
                    },
                    {
                        "word": "DFT 영역"
                    },
                    {
                        "word": "IDFT"
                    },
                    {
                        "word": "N-point"
                    },
                    {
                        "word": "N-point IDFT"
                    },
                    {
                        "word": "N-point 계수 벡터"
                    },
                    {
                        "word": "circular convolution"
                    },
                    {
                        "word": "convolution"
                    },
                    {
                        "word": "목적함수"
                    },
                    {
                        "word": "벡터"
                    },
                    {
                        "word": "선형필터"
                    },
                    {
                        "word": "시간 영역상"
                    },
                    {
                        "word": "시간 영역상의 출력 벡터"
                    },
                    {
                        "word": "적응방정식"
                    },
                    {
                        "word": "제한조전"
                    },
                    {
                        "word": "출력 벡터"
                    },
                    {
                        "word": "출력신호 벡터"
                    }
                ]
            },
            {
                "context_id": "55e-0c9-merge_ed_024688fc-0079bf51-0f4b-495b-bd43-c816f798c365_11",
                "context_K-NSCC": {
                    "field": "인공물",
                    "large_category": "ED",
                    "medium_category": "99"
                },
                "context": "<p>\\( \\sum_ { n } ^ { L } \\sum_ { k, k \\neq n } ^ { L } E \\left \\{\\left |y_ { n } \\right | ^ { 2 } \\left |y_ { k } \\right | ^ { 2 } \\right \\} =h ^ { H } E \\left \\{ S_ { n } H S_ { k } \\right \\} h \\)<caption>(20)</caption></p> <p>와 같이 표시된다. 식 (17), (18), (20) 을 대입하면 식 (16) 은 소스신호가 i.i.d (independent identical distributed) 라는 가정하에</p> <p>\\( \\frac { J_ { C M } ^ { L } (f) } { L } = \\sum_ { n=1 } ^ { L } E \\left \\{\\left |y_ { n } \\right | ^ { 4 } \\right \\} + L ^ { 2 } \\gamma ^ { 2 } \\) \\( -2 L \\gamma \\sum_ { n=1 } ^ { L } E \\left \\{ || ^ { 2 } \\right \\} + \\sum_ { n } ^ { L } \\sum_ { k, k \\neq n } ^ { L } E \\left \\{\\left |y_ { n } \\right | ^ { 2 } \\left |y_ { k } \\right | ^ { 2 } \\right \\} \\) \\( + \\kappa_ { s } \\sigma_ { s } \\sum_ { i=0 } ^ { P-1 } \\left |h_ { i } \\right | ^ { 4 } + 2 \\sigma_ { s } ^ { 4 } \\sum_ { i=0 } ^ { P-1 } \\sum_ { m=0, m \\neq i } ^ { P-1 } \\left |h_ { i } \\right | ^ { 2 } \\cdot \\left |h_ { m } \\right | ^ { 2 } \\) \\( + \\left |E \\left \\{ s ^ { 2 } \\right \\} \\right | ^ { P } \\sum_ { i=0 } ^ { P-1 } \\sum_ { i=0, j \\neq i } ^ { P-1 } h_ { i } ^ { 2 } \\left (h_ { j } ^ { * } \\right ) ^ { 2 } + \\kappa_ { w } \\sigma_ { w } ^ { 4 } \\sum_ { i=0 } ^ { N-1 } \\left |f_ { i } \\right | ^ { 4 } \\) \\( + 2 \\sigma_ { w } ^ { 4 } \\sum_ { i=0 } ^ { N-1 } \\sum_ { m=0, m } ^ { N-1 } \\left |f_ { i } \\right | ^ { 2 } \\left |f_ { m } \\right | ^ { 2 } + \\left |E \\left \\{ w ^ { 2 } \\right \\} \\right | ^ { 2 } \\sum_ { i=0 } ^ { N-1 } \\sum_ { j=0, j \\neq i } ^ { N-1 } f_ { i } ^ { 2 } \\left (f_ { j } ^ { * } \\right ) ^ { 2 } \\) \\( + \\left (E \\left \\{ s ^ { 2 } \\right \\} \\sum_ { i=0 } ^ { P-1 } h_ { i } ^ { 2 } \\right ) \\left (E \\left \\{ w ^ { 2 } \\right \\} \\sum_ { i=0 } ^ { N-1 } f_ { i } ^ { 2 } \\right ) ^ { * } + 4 \\sigma_ { s } ^ { 2 } \\sigma_ { w } ^ { 2 } \\|h \\| ^ { 2 } \\| \\mathrm { f } \\| ^ { 2 } \\) \\( + \\left (E \\left \\{ s ^ { 2 } \\right \\} \\sum_ { i=0 } ^ { P-1 } h_ { i } ^ { 2 } \\right ) ^ { * } \\left (E \\left \\{ w ^ { 2 } \\right \\} \\sum_ { i=0 } ^ { N-1 } f_ { i } ^ { 2 } \\right ) \\) \\( + L \\gamma ^ { 2 } -2 L \\gamma \\left ( \\sigma_ { s } ^ { 2 } \\|h \\| ^ { 2 } + \\sigma_ { w } ^ { 2 } \\|f \\| ^ { 2 } \\right ) + \\frac { 1 } { L } h ^ { H } E \\left \\{ S_ { n } H S_ { k } \\right \\} h \\)<caption>(21)</caption></p>",
                "context_length": 2246,
                "summary": "(17), (18), (20) 세개의 식을 대입하면 식 (16) 은 소스신호가 i.i.d라는 가정하에 아래와 같이 정리할 수 있다.",
                "clue": [
                    {
                        "clue_text": "식 (17), (18), (20) 을 대입하면 식 (16) 은 소스신호가 i.i.d (independent identical distributed) 라는 가정하에",
                        "clue_start": "240",
                        "clue_end": "330"
                    }
                ],
                "terminology": [
                    {
                        "word": "i.i.d"
                    },
                    {
                        "word": "소스신호"
                    }
                ]
            },
            {
                "context_id": "55e-0c9-merge_ed_024688fc-0079bf51-0f4b-495b-bd43-c816f798c365_05",
                "context_K-NSCC": {
                    "field": "인공물",
                    "large_category": "ED",
                    "medium_category": "99"
                },
                "context": "<p>과 같다. DFT 영역에서의 제한조건으로 고쳐 쓰게 위해 DFT 관계식을 사용하면 DFT 영역의 계수 \\( C_ { k } \\) 의 적응이 위와 같은 목적함수를 최소화 시키는 방향으로 이루어지면 된다. 따라서, \\( J_ { M } \\) 과 \\( C_ { k } \\) 과의 함수관계를 밝혀 이 함수의 gradient 를 구하면 되는데, 이는</p> <p>\\( \\frac {\\partial J_ { M } } {\\partial C_ { k } [n] } =-2 E \\left \\{\\left (R_ { p } -|y[M]| ^ { 2 } \\right ) \\right \\} \\frac {\\partial|y[M]| ^ { 2 } } {\\partial C_ { k } [n] } \\), \\( n=0, \\cdots, N-1 \\)<caption>(7)</caption></p> <p>과 같다. 이제 \\( \\frac { d f(x) g(x) } { d x } =f ^ {\\prime } (x) g(x) + f(x) g ^ {\\prime } (x) \\) 임을 이용하면</p> <p>\\( \\begin {aligned} y[M] &= \\sum_ { n=0 } ^ { N-1 } C_ { k } [n] X[n] W_ { N } ^ { N n } \\\\|y[M]| ^ { 2 } &= \\left ( \\sum_ { n=0 } ^ { N-1 } C_ { k } [n] X[n] W_ { N } ^ { N n } \\right ) \\left ( \\sum_ { n=0 } ^ { N-1 } C_ { k } [n] X[n] W_ { N } ^ { N n } \\right ) ^ { * } \\end {aligned} \\)<caption>(8)</caption></p> <p>과 같다. 이제 \\( J_ { M } \\) 에 대한 gradient 는</p> <p>\\( \\begin {aligned} \\frac {\\partial J_ { M } } {\\partial C_ { k } [n] } &=-2 E \\left \\{\\left (R_ { p } - \\mid y \\left [ \\left .M \\right | ^ { 2 } \\right ) \\right \\} \\right . \\\\ & \\cdot \\left \\{ X[n] W_ { N } ^ { n M } y ^ { * } [M] + X ^ { * } [n] W_ { N } ^ { -n M } y[M] \\right \\} \\end {aligned} \\)<caption>(9)</caption></p>",
                "context_length": 1236,
                "summary": "DFT 영역에서의 계수 \\( C_ { k } \\)의 적응은 특정 목적함수를 최소화시키는 방향으로 이루어져야 한다는 것이 제시되었다. 이를 위해 \\( J_ { M } \\) 과 \\( C_ { k } \\) 과의 함수관계를 분석하여 해당 함수의 gradient를 구하는 방식이 설명되었다. 이 과정에서 특정 수식이 제공되었다.",
                "clue": [
                    {
                        "clue_text": "DFT 영역에서의 제한조건으로 고쳐 쓰게 위해 DFT 관계식을 사용하면 DFT 영역의 계수 \\( C_ { k } \\) 의 적응이 위와 같은 목적함수를 최소화 시키는 방향으로 이루어지면 된다.",
                        "clue_start": "9",
                        "clue_end": "115"
                    },
                    {
                        "clue_text": "따라서, \\( J_ { M } \\) 과 \\( C_ { k } \\) 과의 함수관계를 밝혀 이 함수의 gradient 를 구하면 되는데, 이는",
                        "clue_start": "116",
                        "clue_end": "193"
                    },
                    {
                        "clue_text": "\\( \\frac {\\partial J_ { M } } {\\partial C_ { k } [n] } =-2 E \\left \\{\\left (R_ { p } -|y[M]| ^ { 2 } \\right ) \\right \\} \\frac {\\partial|y[M]| ^ { 2 } } {\\partial C_ { k } [n] } \\), \\( n=0, \\cdots, N-1 \\)<caption>(7)</caption>",
                        "clue_start": "201",
                        "clue_end": "426"
                    }
                ],
                "terminology": [
                    {
                        "word": "DFT"
                    },
                    {
                        "word": "DFT 관계식"
                    },
                    {
                        "word": "DFT 영역"
                    },
                    {
                        "word": "gradient"
                    },
                    {
                        "word": "관계식"
                    },
                    {
                        "word": "목적함수"
                    },
                    {
                        "word": "함수"
                    },
                    {
                        "word": "함수관계"
                    }
                ]
            },
            {
                "context_id": "55e-0c9-merge_ed_024688fc-0079bf51-0f4b-495b-bd43-c816f798c365_12",
                "context_K-NSCC": {
                    "field": "인공물",
                    "large_category": "ED",
                    "medium_category": "99"
                },
                "context": "<p>와 같이 완성된다. 이러한 결과를 확인하기 위하여 계수가 2 개인 적응필터에 대한 오차함수를 그려서, 기존의 CMA 의 오차함수와 비꾜하여 볼 필요가 있다. 이를 이용한 block CMA 기반 고속 알고기듬의 수렴성에 대한 고찰을 다음절에서 수행한다.</p> <h1>Ⅳ. Block CMA기반 고속 알고리듬의 수렴성 문제</h1> <p>본 논문에서는 실험상에서 얻어진 기본의 block CMA 기반의 나쁜 수렴성을 분석하는 것을 목적으로 한다. 또한 상대적으로 수렴성이 우수한 최근의 고속 알고리듬의 우월성에 대해서도 고찰한다. Block CMA 기반의 고속알고리듬은 Parseval 의 정의를 이용하여 시간영역의 에너지가 주파수 영역의 에너지로 보존된 다는 성질 즉 \\( y(n), Y(k) \\) 를 각각 시간, 주파수 영역의 신호라 할때</p> <p>\\( \\sum_ { n=0 } ^ { L-1 } |y(n)| ^ { 2 } = \\sum_ { k=0 } ^ { L-1 } |Y(k)| ^ { 2 } \\)<caption>(22)</caption></p> <p>와 같은 성질을 사용하기 위하여 기존의 CMA 의 목적함수 \\( J_ { C M } =E \\left \\{\\left (|y(n)| ^ { 2 } -R_ { p } \\right ) ^ { 2 } \\right \\} \\) 를</p> <p>\\( J_ { C M } ^ { L } =E \\left \\{\\left ( \\frac { 1 } { L } \\sum_ { i=0 } ^ { L-1 } \\left |y_ { i } \\right | ^ { 2 } -R_ { 2 } \\right ) ^ { 2 } \\right \\} \\)<caption>(23)</caption></p> <p>로 확장한 것이다. 반면에 최근에 제시된 고속 알고리듬 은 블록처리에서</p> <p>\\( \\begin {aligned} J_ {\\text { total } } &= \\sum_ { n=0 } ^ { L-1 } J_ { C M } \\\\ &= \\sum_ { n=0 } ^ { L-1 } E \\left \\{\\left (|y(n)| ^ { 2 } -R_ { p } \\right ) ^ { 2 } \\right \\} \\end {aligned} \\)<caption>(24)</caption></p> <p>을 사용한 것인데, \\( E \\left \\{\\left ( \\frac { 1 } { L } \\sum_ { i=0 } ^ { L-1 } \\left |y_ { i } \\right | ^ { 2 } -R_ { 2 } \\right ) ^ { 2 } \\right \\} \\neq \\sum_ { n=0 } ^ { L-1 } E \\left \\{\\left (|y(n)| ^ { 2 } -R_ { p } \\right ) ^ { 2 } \\right \\} \\) 임이 명백하다. 그런데 식 (24) 가 원래의 CMA 의 목적함수와 동일하므로 최근에 제안된 고속 알고리듬의 수렴성이 수월하다는 것은 명백하다.</p>",
                "context_length": 1459,
                "summary": "이 논문에서는 실험상에서 얻은 기본의 block CMA 기반의 나쁜 수렴성을 분석하여 상대적으로 수렴성이 좋은 최근 고속 알고리듬의 우월성을 고찰했다. 제안된 고속 알고리즘은 블록처리에서 \\( \\begin {aligned} J_ {\\text {total} } &= \\sum_ {n=0} ^ {L-1} J_ { CM } \\\\ &= \\sum_ {n=0}^{L-1} E \\left \\{\\left (|y(n)| ^ {2} -R_ {p} \\right ) ^ {2} \\right \\} \\end {aligned} \\)을 사용한다.",
                "clue": [
                    {
                        "clue_text": "본 논문에서는 실험상에서 얻어진 기본의 block CMA 기반의 나쁜 수렴성을 분석하는 것을 목적으로 한다.",
                        "clue_start": "191",
                        "clue_end": "251"
                    },
                    {
                        "clue_text": "또한 상대적으로 수렴성이 우수한 최근의 고속 알고리듬의 우월성에 대해서도 고찰한다.",
                        "clue_start": "252",
                        "clue_end": "298"
                    },
                    {
                        "clue_text": "반면에 최근에 제시된 고속 알고리듬 은 블록처리에서</p> <p>\\( \\begin {aligned} J_ {\\text { total } } &= \\sum_ { n=0 } ^ { L-1 } J_ { C M } \\\\ &= \\sum_ { n=0 } ^ { L-1 } E \\left \\{\\left (|y(n)| ^ { 2 } -R_ { p } \\right ) ^ { 2 } \\right \\} \\end {aligned} \\)<caption>(24)</caption></p> <p>을 사용한 것인데, \\( E \\left \\{\\left ( \\frac { 1 } { L } \\sum_ { i=0 } ^ { L-1 } \\left |y_ { i } \\right | ^ { 2 } -R_ { 2 } \\right ) ^ { 2 } \\right \\} \\neq \\sum_ { n=0 } ^ { L-1 } E \\left \\{\\left (|y(n)| ^ { 2 } -R_ { p } \\right ) ^ { 2 } \\right \\} \\) 임이 명백하다.",
                        "clue_start": "867",
                        "clue_end": "1383"
                    }
                ],
                "terminology": [
                    {
                        "word": "Block CMA"
                    },
                    {
                        "word": "CMA"
                    },
                    {
                        "word": "Parseval"
                    },
                    {
                        "word": "고속 알고리듬"
                    },
                    {
                        "word": "명백"
                    },
                    {
                        "word": "목적함수"
                    },
                    {
                        "word": "알고리듬"
                    },
                    {
                        "word": "오차함수"
                    },
                    {
                        "word": "적응필터"
                    },
                    {
                        "word": "주파수"
                    },
                    {
                        "word": "주파수 영역"
                    }
                ]
            },
            {
                "context_id": "55e-0c9-merge_ed_024688fc-0079bf51-0f4b-495b-bd43-c816f798c365_00",
                "context_K-NSCC": {
                    "field": "인공물",
                    "large_category": "ED",
                    "medium_category": "99"
                },
                "context": "<h1>요 약</h1> <p>최근 블라인드 적응등화기의 주요 알고리듬 중에 하나인 CMA (Constant Modulus Algorithm) 의 주파수 영역의 고속 알고리듬들이 소개되고 있다. 이중에서 [1] 에서는 입력신호를 블록 단위로 처리하는 비용함수를 사용하고, 보다 최근에 제시된 [2] 에서는 매 입력신호마다 목적함수를 최소한 하는 새로운 알고리듬이 소개 되고 있다. 모두다 기존의 알고리듬의 계산량을 줄일 수 있으나, 수렴성에서는 기존의 CMA와 차이가 보여질 것으로 판단된다. 따라서, 본 논문 에서는 이러한 주파수 영역 CMA 의 오차평면과 목적함수에 대한 해석적 분석을 통하여, 최근에 제안된 블라인드 등화 알고리듬 [2] 가 [1] 보다 국소 최소 값에 빠질 확률이 적어서 수렴성이 개선됨을 보인다. 모의실힘결과 이전의 고속 알고리듬 보다 \\( 50 \\% \\) 이상의 수렴성 개선결과를 보인다. 또한, 동일조건하에 최신 고속 알고리듬이 기존의 CMA 와 동일한 수렴특성을 나타내는 것을 보인다.</p> <h1>Ⅰ. 연구 배경</h1> <p>CMA 는 통신채널에 훈련신호를 사용하지 않아도 동작할 수 있는 적응 등화기중에 가장 성공한 알고리듬으로 알려져 있다. CMA는 수신단에서 신호의 크기에 대한 사전정보를 사용한 목적함수를 최소화 하는 것이 곧 채널의 왜곡을 보정할 수 있다는 이론에서 근거한 알고리듬이다. 이는 실제적으로 유선통신 시스템에서 사용될 정도로 그 효용성이 입증 되어 있 으며, 블라인드 등화알고리듬으로 가장 많은 연구 와 관심을 가져온 알고리듬이기도 하다. 그런데, 몇몇 연구자에 의해서 CMA 의 계산량을 줄일 수 있는 주 파수 영역 CMA 알고리듬이 제안되어 왔다. 이 방식은 시간 영역에서의 필터링에 사용되는 계산량을 주파수 영역에서 곱을 사용하여 고속 콘볼류션을 사용함으로써 계산량을 줄인다는 적응필터의 응용을 CMA 알고리듬으로 확장한 것이라고 요약될 수 있다. 그런데, 이러한 알고리듬이 최종적으로 수렴한다는 것을 실험적으로 확인할 수는 있었으나, 실제적으로 수렴속도나 기존의 CMA 가 지니고 있는 근본적인 수렴성 문제 등을 깊게 고찰하지 못한 점이 있다.</p> <p>특히 [1] 에서는 DFT 영역의 Parseval 의 정리를 이용하기 위하여 기존의 CMA 의 목적함수를 변형하여 전개 하였는데, 이러한 방식이 약간의 수렴성에 문제를 발생 시킬 수 있다는 지적이 있어왔다.따라서, 본 논문에서는 이를 보다 해석적으로 분석하여 이 두 알고리듬의 차이를 해석하는 것이 의미가 있을 것이다. 이러한 접근은 잘 알려진 선형 적응 필터의 주파수 영역 알고리듬 FBLMS (frequency domain block least mean squares) 의 성능을 분석한 [4] 의 접근법과 유사하다고 할 수 있다.</p>",
                "context_length": 1378,
                "summary": "블라인드 적응등화기의 주요 알고리듬인 CMA의 주파수 영역의 고속 알고리듬들이 소개되고 있는데 기존의 알고리듬의 계산량을 줄일 수 있으나, 수렴성에 있어서는 기존의 CMA와 차이가 있다. 본 논문 에서는 주파수 영역 CMA의 오차평면과 목적함수에 대한 해석적 분석을 통하여, 블라인드 등화 알고리듬 [2]에 대한 모의실험결과 이전의 고속 알고리듬 보다 \\( 50 \\% \\) 이상 수렴성 개선결과를 보인다. 또한, 동일조건하에 최신 고속 알고리듬이 기존의 CMA와 동일한 수렴특성을 보였다.",
                "clue": [
                    {
                        "clue_text": "최근 블라인드 적응등화기의 주요 알고리듬 중에 하나인 CMA (Constant Modulus Algorithm) 의 주파수 영역의 고속 알고리듬들이 소개되고 있다.",
                        "clue_start": "16",
                        "clue_end": "107"
                    },
                    {
                        "clue_text": "모두다 기존의 알고리듬의 계산량을 줄일 수 있으나, 수렴성에서는 기존의 CMA와 차이가 보여질 것으로 판단된다.",
                        "clue_start": "212",
                        "clue_end": "274"
                    },
                    {
                        "clue_text": "따라서, 본 논문 에서는 이러한 주파수 영역 CMA 의 오차평면과 목적함수에 대한 해석적 분석을 통하여, 최근에 제안된 블라인드 등화 알고리듬 [2] 가 [1] 보다 국소 최소 값에 빠질 확률이 적어서 수렴성이 개선됨을 보인다.",
                        "clue_start": "275",
                        "clue_end": "402"
                    },
                    {
                        "clue_text": "모의실힘결과 이전의 고속 알고리듬 보다 \\( 50 \\% \\) 이상의 수렴성 개선결과를 보인다.",
                        "clue_start": "403",
                        "clue_end": "455"
                    },
                    {
                        "clue_text": "또한, 동일조건하에 최신 고속 알고리듬이 기존의 CMA 와 동일한 수렴특성을 나타내는 것을 보인다.",
                        "clue_start": "456",
                        "clue_end": "511"
                    }
                ],
                "terminology": [
                    {
                        "word": "Algorithm"
                    },
                    {
                        "word": "CMA"
                    },
                    {
                        "word": "Constant"
                    },
                    {
                        "word": "Constant Modulus Algorithm"
                    },
                    {
                        "word": "DFT"
                    },
                    {
                        "word": "DFT 영역"
                    },
                    {
                        "word": "Modulus"
                    },
                    {
                        "word": "Parseval"
                    },
                    {
                        "word": "Parseval 의 정리"
                    },
                    {
                        "word": "domain"
                    },
                    {
                        "word": "frequency domain"
                    },
                    {
                        "word": "고속 알고리듬"
                    },
                    {
                        "word": "등화"
                    },
                    {
                        "word": "목적함수"
                    },
                    {
                        "word": "블라인드 등화"
                    },
                    {
                        "word": "블라인드 등화알고리듬"
                    },
                    {
                        "word": "블라인드 적응등화기"
                    },
                    {
                        "word": "블록 단위"
                    },
                    {
                        "word": "비용함수"
                    },
                    {
                        "word": "수렴"
                    },
                    {
                        "word": "수렴특성"
                    },
                    {
                        "word": "알고리듬"
                    },
                    {
                        "word": "유선통신"
                    },
                    {
                        "word": "적응등화기"
                    },
                    {
                        "word": "적응필터"
                    },
                    {
                        "word": "전개"
                    },
                    {
                        "word": "주파수"
                    },
                    {
                        "word": "주파수 영역"
                    },
                    {
                        "word": "채널의 왜곡"
                    },
                    {
                        "word": "콘볼류션"
                    },
                    {
                        "word": "통신채널"
                    },
                    {
                        "word": "파수 영역"
                    },
                    {
                        "word": "필터링"
                    },
                    {
                        "word": "훈련신호"
                    }
                ]
            },
            {
                "context_id": "55e-0c9-merge_ed_024688fc-0079bf51-0f4b-495b-bd43-c816f798c365_03",
                "context_K-NSCC": {
                    "field": "인공물",
                    "large_category": "ED",
                    "medium_category": "99"
                },
                "context": "<p>임을 이용하면, \\( \\frac {\\partial J_ { C M } ^ { L } } {\\partial c_ { m } (k) } \\) 을 적용한 계수 적응식은</p> <p>\\( c_ { m } (k + 1)=c_ { m } (k) + 2 \\mu \\left (R_ { 2 } - \\frac { 1 } { L } \\sum_ { i=0 } ^ { L-1 } \\left |y_ { i } \\right | ^ { 2 } \\right ) \\left ( \\frac { 1 } { L } \\sum_ { i=0 } ^ { L-1 } x_ { i-m } ^ { * } y_ { i } \\right ) \\)<caption>(5)</caption></p> <p>과 같다. 한편, [2] 에서는 위 방식에서 사용된 알고리듬이 각 심볼 주기로 입력되는 신호에 대한 적응을 하지 않음으로써 발생될 수 있는 성능의 저하를 개선하기 위하여 새로운 적응 알고리듬을 주파수 영역의 계수에 대해서 확장한 식을 유도 하였다. 이 알고리듬은 [1] 에서 Parseval 정리를 사용하기 위하여 새로운 목적함수를 정의하여 사용한 것과는 다르게, 기존의 CMA 의 목적함수를 그대로 사용하여 수렴을 보장하 자는 기본적인 아이디어에서 출발한 것이다.</p> <p>그림 3 에는 이러한 새로운 FBCMA (frequency domain block constant modulus algorithm, new-FBCMA) 의 블록선도가 제시되어 있다. 이러한 방식에서는 주파수 영역에서 선형필터링을 구현할 수 있는 알고리듬 중에 하나인 overlap save 방식을 사용하였다.Overlap save 방식에서 시간영역에서의 필터의 길 이를 M 이라하고, 시간 영역에서의 적응필터의 계수는 M 차의 FIR 필터라 할때, 이를 후반에 0 을 채워 놓은 벡터를 \\( c_ { k } = \\left (c_ { k } [0], \\cdots, c_ { k } [M-1], 0, \\cdots, 0 \\right ) \\) 이라고 하자. 이제 입력의 길이 N 인 블록 데이타를 처리한다고 하자. 그러면, 수신신호 \\( \\mathrm { x } [ \\mathrm { n } ] \\)은 \\( x_ { k } =(x[k L-(M-1)], \\cdots, x[k L-1], x[k L], \\cdots, x[k L + L-1]) ^ { t } \\)과 같이 이전 블록의 후단의 \\( ( \\mathrm { M } -1) \\) 심볼을 중복하고, 새로운 L 개의 심볼을 첨가하여 전체적으로 길이가 N 인 블록을 만든다. 이를 N-point FFT 를 수행한 주파수 영역 수신신호 \\( X_ { k } =(X[k N], X[k N + 1], \\cdots, X[k N + N-1]) ^ { t } \\) 는 \\( \\quad X_ { k } =F x_ { k } \\)가 되는데, \\( F \\) 는 N-point DFT 를 표현하는 \\( N \\times N \\) 크기의 행렬이다.</p>",
                "context_length": 1455,
                "summary": "이 알고리즘은 기존의 CMA의 목적함수를 활용하여 수렴을 보장하는 방향으로 설계되었다. 이에 대한 다른 접근으로는 Parseval 정리를 이용하여 목적함수를 재정의하는 방식이 있다. 새롭게 제안된 FBCMA (frequency domain block constant modulus algorithm, new-FBCMA)에 대한 블록선도가 그림 3에 제시되어 있고, 이 알고리즘은 주파수 영역에서 선형 필터링 구현을 가능케 하는 overlap save 방식을 도입하였다.",
                "clue": [
                    {
                        "clue_text": "이 알고리듬은 [1] 에서 Parseval 정리를 사용하기 위하여 새로운 목적함수를 정의하여 사용한 것과는 다르게, 기존의 CMA 의 목적함수를 그대로 사용하여 수렴을 보장하 자는 기본적인 아이디어에서 출발한 것이다.",
                        "clue_start": "502",
                        "clue_end": "623"
                    },
                    {
                        "clue_text": "그림 3 에는 이러한 새로운 FBCMA (frequency domain block constant modulus algorithm, new-FBCMA) 의 블록선도가 제시되어 있다.",
                        "clue_start": "631",
                        "clue_end": "732"
                    },
                    {
                        "clue_text": "이러한 방식에서는 주파수 영역에서 선형필터링을 구현할 수 있는 알고리듬 중에 하나인 overlap save 방식을 사용하였다.",
                        "clue_start": "733",
                        "clue_end": "803"
                    }
                ],
                "terminology": [
                    {
                        "word": "CMA"
                    },
                    {
                        "word": "DFT"
                    },
                    {
                        "word": "FBCMA"
                    },
                    {
                        "word": "FFT"
                    },
                    {
                        "word": "FIR"
                    },
                    {
                        "word": "N-point"
                    },
                    {
                        "word": "N-point DFT"
                    },
                    {
                        "word": "N-point FFT"
                    },
                    {
                        "word": "Parseval"
                    },
                    {
                        "word": "Parseval 정리"
                    },
                    {
                        "word": "algorithm"
                    },
                    {
                        "word": "constant"
                    },
                    {
                        "word": "constant modulus algorithm"
                    },
                    {
                        "word": "domain"
                    },
                    {
                        "word": "frequency domain"
                    },
                    {
                        "word": "modulus"
                    },
                    {
                        "word": "overlap"
                    },
                    {
                        "word": "overlap save"
                    },
                    {
                        "word": "save"
                    },
                    {
                        "word": "목적함수"
                    },
                    {
                        "word": "벡터"
                    },
                    {
                        "word": "블록선도"
                    },
                    {
                        "word": "선형필터링"
                    },
                    {
                        "word": "수렴"
                    },
                    {
                        "word": "심볼 주기"
                    },
                    {
                        "word": "알고리듬"
                    },
                    {
                        "word": "적응 알고리듬"
                    },
                    {
                        "word": "적응필터"
                    },
                    {
                        "word": "주파수"
                    },
                    {
                        "word": "주파수 영역"
                    },
                    {
                        "word": "행렬"
                    }
                ]
            },
            {
                "context_id": "55e-0c9-merge_ed_024688fc-0079bf51-0f4b-495b-bd43-c816f798c365_08",
                "context_K-NSCC": {
                    "field": "인공물",
                    "large_category": "ED",
                    "medium_category": "99"
                },
                "context": "<p>와 같이 되는데, 이를 전개하면</p> <p>\\( \\begin {aligned} J_ { C M } ^ { L } &= \\sum_ { n=1 } ^ { L } E \\left \\{\\left |y_ { n } \\right | ^ { 4 } \\right \\} \\\\ & + \\gamma ^ { 2 } -2 L \\gamma \\sum_ { n=1 } ^ { L } E \\left \\{\\left |y_ { n } \\right | ^ { 2 } \\right \\} + \\sum_ { n } ^ { L } \\sum_ { k, k \\neq n } ^ { L } E \\left \\{\\left |y_ { n } \\right | ^ { 2 } \\left |y_ { k } \\right | ^ { 2 } \\right \\} \\end {aligned} \\)<caption>(16)</caption></p> <p>과 같이 된다. 이를 이용하여 식 (16) 을 전개하면 [6] 에서와 같이 식 (16) 의 앞의 두개의 항은 소스 \\( s_ { n } \\) 의 2 차 및 4차의 통계적 특성인 \\( \\sigma_ { s } , \\kappa_ { s } \\) 와 채널의 임펄스응답 \\( c_ { n } \\), 등화가의 계수 \\( f_ { n } \\) 으로 부터 유도될 수 있다. 식 (16) 에서 전개된 FSE (fractional spaced equalizer) 를 본 논문에서 고찰하는 symbol rate equalizer 로 변형하여 식 normalized kurtosis \\( \\kappa_ { s } = \\frac { E \\left \\{\\left |s_ { n } \\right | ^ { 4 } \\right \\} } { E \\left \\{\\left |s_ { n } \\right | ^ { 2 } \\right \\} ^ { 2 } } \\) 를 사용하여 전개하면</p> <p>\\( E \\left \\{\\left |y_ { n } \\right | ^ { 2 } \\right \\} = \\sigma_ { s } ^ { 2 } \\|h \\| ^ { 2 } + \\sigma_ { w } ^ { 2 } \\|f \\| ^ { 2 } \\)<caption>(17)</caption></p>",
                "context_length": 1087,
                "summary": "식을 전개하면 통계적 특성(2차, 4차)과 채널의 임펄스 응답, 등화가의 계수로부터 유도되며, FSE를 normalized kurtosis를 사용하면 \\( E \\left \\{\\left |y_ { n } \\right | ^ { 2 } \\right \\} = \\sigma_ { s } ^ { 2 } \\|h \\| ^ { 2 } + \\sigma_ { w } ^ { 2 } \\|f \\| ^ { 2 } \\)가 전개된다.",
                "clue": [
                    {
                        "clue_text": "식 (16) 에서 전개된 FSE (fractional spaced equalizer) 를 본 논문에서 고찰하는 symbol rate equalizer 로 변형하여 식 normalized kurtosis \\( \\kappa_ { s } = \\frac { E \\left \\{\\left |s_ { n } \\right | ^ { 4 } \\right \\} } { E \\left \\{\\left |s_ { n } \\right | ^ { 2 } \\right \\} ^ { 2 } } \\) 를 사용하여 전개하면",
                        "clue_start": "642",
                        "clue_end": "916"
                    },
                    {
                        "clue_text": "\\( E \\left \\{\\left |y_ { n } \\right | ^ { 2 } \\right \\} = \\sigma_ { s } ^ { 2 } \\|h \\| ^ { 2 } + \\sigma_ { w } ^ { 2 } \\|f \\| ^ { 2 } \\)<caption>(17)</caption>",
                        "clue_start": "924",
                        "clue_end": "1083"
                    }
                ],
                "terminology": [
                    {
                        "word": "FSE"
                    },
                    {
                        "word": "equalizer"
                    },
                    {
                        "word": "fractional"
                    },
                    {
                        "word": "kurtosis"
                    },
                    {
                        "word": "normalized"
                    },
                    {
                        "word": "normalized kurtosis"
                    },
                    {
                        "word": "rate"
                    },
                    {
                        "word": "symbol"
                    },
                    {
                        "word": "symbol rate"
                    },
                    {
                        "word": "symbol rate equalizer"
                    },
                    {
                        "word": "등화"
                    },
                    {
                        "word": "등화가의 계수"
                    },
                    {
                        "word": "임펄스응답"
                    },
                    {
                        "word": "전개"
                    }
                ]
            },
            {
                "context_id": "55e-0c9-merge_ed_024688fc-0079bf51-0f4b-495b-bd43-c816f798c365_07",
                "context_K-NSCC": {
                    "field": "인공물",
                    "large_category": "ED",
                    "medium_category": "99"
                },
                "context": "<p>\\( C= \\left ( \\begin {array} { cccc } c_ { 0 } & 0 & 0 & 0 \\\\ c_ { 1 } & c_ { 0 } & 0 & 0 \\\\ \\vdots & c_ { 1 } & \\ddots & c_ { 0 } \\\\ c_ { M-1 } & \\vdots & \\ddots & c_ { 1 } \\\\ 0 & c_ { M-1 } & \\ddots & \\vdots \\\\ 0 & 0 & 0 & c_ { M-1 } \\end {array} \\right ) \\)<caption>(12)</caption></p> <p>과 같이 정의 되는데 이는 \\( \\mathrm { P } = \\mathrm { M } + \\mathrm { N } -1 \\) 라고 할때 PXN 행렬이다. [6] 과 같이 채널 \\( \\left \\{ c_ { n } \\right \\} \\) 과 등화기 \\( \\left \\{ f_ { n } \\right \\} \\)의 컨볼루션의 결과를 \\( h= \\left (h_ { 0 } , h_ { 1 } , \\cdots, h_ { P-1 } \\right ) ^ { t } \\) 이라고 하면, 이를 행렬로 표시하면</p> <p>\\( h=C \\cdot f \\)<caption>(13)</caption></p> <p>가 되는데, 여기서 ◦ 는 행렬의 곱을 의미한다. 이 를 이용하면, 그림 4 에서 등화기의 출력은 잡음을 \\( w_ { k } \\) 이라 할 때</p> <p>\\( y_ { k } = \\sum_ { i=0 } ^ { P } h_ { i } s_ { k-i } + \\sum_ { i=0 } ^ { N } f_ { i } w_ { k-i } \\)<caption>(14)</caption></p> <p>와 같이 이루어진다. 본 논문 에서는 [6] 에서 제시한 방식과 유사한 방식으로 block CMA 의 오차표면 (error surface)을 유도하려고 한다. 기존의 CMA 의 오차표면은 [6] 에 제시되어 있다. 2 절에 제시한 BCMA 의 길이 L 크기의 블록에 대한 목적함수 (3) 을 다시 쓰면</p> <p>\\( J_ { C M } ^ { L } =E \\left \\{\\left ( \\sum_ { n=1 } ^ { L } \\left |y_ { n } \\right | ^ { 2 } - \\gamma \\right ) ^ { 2 } \\right \\} \\)<caption>(15)</caption></p>",
                "context_length": 1184,
                "summary": "\\( \\mathrm { P } = \\mathrm { M } + \\mathrm { N } -1 \\) 라고 할때 PXN 행렬이 라고 하며 본 논문에서는 [6] 에서 제시한 방식과 유사한 방식으로 block CMA 의 오차표면 (error surface)을 유도하려고 하며 기존의 CMA 의 오차표면은 [6] 에 제시되어 있다.",
                "clue": [
                    {
                        "clue_text": "본 논문 에서는 [6] 에서 제시한 방식과 유사한 방식으로 block CMA 의 오차표면 (error surface)을 유도하려고 한다.",
                        "clue_start": "859",
                        "clue_end": "935"
                    },
                    {
                        "clue_text": "기존의 CMA 의 오차표면은 [6] 에 제시되어 있다.",
                        "clue_start": "936",
                        "clue_end": "966"
                    },
                    {
                        "clue_text": "과 같이 정의 되는데 이는 \\( \\mathrm { P } = \\mathrm { M } + \\mathrm { N } -1 \\) 라고 할때 PXN 행렬이다.",
                        "clue_start": "294",
                        "clue_end": "379"
                    }
                ],
                "terminology": [
                    {
                        "word": "BCMA"
                    },
                    {
                        "word": "CMA"
                    },
                    {
                        "word": "block CMA"
                    },
                    {
                        "word": "error surface"
                    },
                    {
                        "word": "등화기"
                    },
                    {
                        "word": "목적함수"
                    },
                    {
                        "word": "오차표면"
                    },
                    {
                        "word": "잡음"
                    },
                    {
                        "word": "컨볼루션"
                    },
                    {
                        "word": "행렬"
                    }
                ]
            },
            {
                "context_id": "55e-0c9-merge_ed_024688fc-0079bf51-0f4b-495b-bd43-c816f798c365_09",
                "context_K-NSCC": {
                    "field": "인공물",
                    "large_category": "ED",
                    "medium_category": "99"
                },
                "context": "<p>인데, 여기서 \\( \\sigma_ { w } \\) 는 잡음의 분산을 의미한다. \\( |y| ^ { 4 } \\) 의 기댓값은 [6] 에서 풀이된 식을 변형하여</p> <p>\\( E \\left \\{ |y| ^ { 4 } \\right \\} = \\kappa_ { s } \\sigma_ { s } \\sum_ { i=0 } ^ { P-1 } \\left |h_ { i } \\right | ^ { 4 } + 2 \\sigma_ { s } ^ { 4 } \\sum_ { i=0 } ^ { P-1 } \\sum_ { m=0, m \\neq i } ^ { P-1 } \\left |h_ { i } \\right | ^ { 2 } \\cdot \\left |h_ { m } \\right | ^ { 2 } \\) \\( + \\left |E \\left \\{ s ^ { 2 } \\right \\} \\right | ^ { 2 } \\sum_ { i=0 } ^ { P-1 } \\sum_ { j=0, j \\neq i } ^ { P-1 } h_ { i } ^ { 2 } \\left (h_ { j } ^ { * } \\right ) ^ { 2 } + \\kappa_ { w } \\sigma_ { w } ^ { 4 } \\sum_ { i=0 } ^ { N-1 } \\left |f_ { i } \\right | ^ { 4 } \\) \\( + 2 \\sigma_ { w } ^ { 4 } \\sum_ { i=0 } ^ { N-1 } \\sum_ { m=0, m \\neq i } ^ { N-1 } \\left |f_ { i } \\right | ^ { 2 } \\left |f_ { m } \\right | ^ { 2 } + \\left |E \\left \\{ w ^ { 2 } \\right \\} \\right | ^ { 2 } \\sum_ { i=0 } ^ { N-1 } \\sum_ { j=0, j \\neq i } ^ { N-1 } f_ { i } ^ { 2 } \\left (f_ { j } ^ { * } \\right ) ^ { 2 } \\) \\( + \\left (E \\left \\{ s ^ { 2 } \\right \\} \\sum_ { i=0 } ^ { P-1 } h_ { i } ^ { 2 } \\right ) \\left (E \\left \\{ w ^ { 2 } \\right \\} \\sum_ { i=0 } ^ { N-1 } f_ { i } ^ { 2 } \\right ) ^ { * } + 4 \\sigma_ { s } ^ { 2 } \\sigma_ { w } ^ { 2 } \\|h \\| ^ { 2 } \\|f \\| ^ { 2 } \\) \\( + \\left (E \\left \\{ s ^ { 2 } \\right \\} \\sum_ { i=0 } ^ { P-1 } h_ { i } ^ { 2 } \\right ) ^ { * } \\left (E \\left \\{ w ^ { 2 } \\right \\} \\sum_ { i=0 } ^ { N-1 } f_ { i } ^ { 2 } \\right ) \\)<caption>(18)</caption></p>",
                "context_length": 1471,
                "summary": "본문에서는 [6] 에서 풀이된 식을 변형하여 \\( |y| ^ { 4 } \\) 의 기댓값 (\\( E \\left \\{ |y| ^ { 4 } \\right \\}\\)) 을 구하는 식을 제시하였으며 여기서 \\( \\sigma_ { w } \\) 는 잡음의 분산을 의미한다.",
                "clue": [
                    {
                        "clue_text": "인데, 여기서 \\( \\sigma_ { w } \\) 는 잡음의 분산을 의미한다.",
                        "clue_start": "3",
                        "clue_end": "46"
                    },
                    {
                        "clue_text": "\\( |y| ^ { 4 } \\) 의 기댓값은 [6] 에서 풀이된 식을 변형하여",
                        "clue_start": "47",
                        "clue_end": "90"
                    },
                    {
                        "clue_text": "\\( E \\left \\{ |y| ^ { 4 } \\right \\} = \\kappa_ { s } \\sigma_ { s } \\sum_ { i=0 } ^ { P-1 } \\left |h_ { i } \\right | ^ { 4 } + 2 \\sigma_ { s } ^ { 4 } \\sum_ { i=0 } ^ { P-1 } \\sum_ { m=0, m \\neq i } ^ { P-1 } \\left |h_ { i } \\right | ^ { 2 } \\cdot \\left |h_ { m } \\right | ^ { 2 } \\) \\( + \\left |E \\left \\{ s ^ { 2 } \\right \\} \\right | ^ { 2 } \\sum_ { i=0 } ^ { P-1 } \\sum_ { j=0, j \\neq i } ^ { P-1 } h_ { i } ^ { 2 } \\left (h_ { j } ^ { * } \\right ) ^ { 2 } + \\kappa_ { w } \\sigma_ { w } ^ { 4 } \\sum_ { i=0 } ^ { N-1 } \\left |f_ { i } \\right | ^ { 4 } \\) \\( + 2 \\sigma_ { w } ^ { 4 } \\sum_ { i=0 } ^ { N-1 } \\sum_ { m=0, m \\neq i } ^ { N-1 } \\left |f_ { i } \\right | ^ { 2 } \\left |f_ { m } \\right | ^ { 2 } + \\left |E \\left \\{ w ^ { 2 } \\right \\} \\right | ^ { 2 } \\sum_ { i=0 } ^ { N-1 } \\sum_ { j=0, j \\neq i } ^ { N-1 } f_ { i } ^ { 2 } \\left (f_ { j } ^ { * } \\right ) ^ { 2 } \\) \\( + \\left (E \\left \\{ s ^ { 2 } \\right \\} \\sum_ { i=0 } ^ { P-1 } h_ { i } ^ { 2 } \\right ) \\left (E \\left \\{ w ^ { 2 } \\right \\} \\sum_ { i=0 } ^ { N-1 } f_ { i } ^ { 2 } \\right ) ^ { * } + 4 \\sigma_ { s } ^ { 2 } \\sigma_ { w } ^ { 2 } \\|h \\| ^ { 2 } \\|f \\| ^ { 2 } \\) \\( + \\left (E \\left \\{ s ^ { 2 } \\right \\} \\sum_ { i=0 } ^ { P-1 } h_ { i } ^ { 2 } \\right ) ^ { * } \\left (E \\left \\{ w ^ { 2 } \\right \\} \\sum_ { i=0 } ^ { N-1 } f_ { i } ^ { 2 } \\right ) \\)<caption>(18)</caption>",
                        "clue_start": "98",
                        "clue_end": "1467"
                    }
                ],
                "terminology": [
                    {
                        "word": "잡음"
                    }
                ]
            },
            {
                "context_id": "55e-0c9-merge_ed_024688fc-0079bf51-0f4b-495b-bd43-c816f798c365_02",
                "context_K-NSCC": {
                    "field": "인공물",
                    "large_category": "ED",
                    "medium_category": "99"
                },
                "context": "<p>먼저 [1] 에서 제시된 알고리듬에 대해서 간단히 설명하자. 그림 2 에는 이러한 BMCA (block CMA) 의 블록선도가 제시되어 있고, 이를 사용한 알고리듬을 간단히 BCMA based FBCMA (old-FBCMA) 라고 하자.블록 CMA 는 입력신호를 L 개의 블록 신호로 만 들고 이에 대한 비용함수를 정의 하여 이를 통한 블라인드 등화를 이루는 알고리듬이다. 그림 2 에 블록 CMA 가 제시되어 있다. 먼저 시간영역에서 이러한 블록 CMA 가 어는 정도 동작한다고 보이고 이를 Parseval 의 정리를 사용한 주파수 영역에서의 비용 함수를 정의하여 고속알고리듬을 유도한 것이다. 그림에서 수신신호 \\( \\left \\{ x_ { k } \\right \\} \\) 는 L 개씩 블록으로 모아져 서 입력블록 \\( X= \\left (x_ { 0 } , x_ { 1 } , \\cdots, x_ { L-1 } \\right ) ^ { t } \\) 를 구성한다. 또 한 k 번째의 출력 블록은 \\( Y= \\left (y_ { 0 } , y_ { 1 } , \\cdots, y_ { L-1 } \\right ) ^ { t } \\) 이 고, k 번째 블록 update 에서 등화기의 계수는 \\( C(k)= \\left (c_ { 0 } (k), c_ { 1 } (k), \\cdots, c_ { M-1 } (k) \\right ) ^ { t } \\quad \\) 이다. 등화기의 계수는 각각의 블록 입력에 대해서 BCMA 의 비용함 수 \\( J_ { C M } ^ { L } \\) 를 최소화 하는데 이는</p> <p>\\( J_ { C M } ^ { L } =E \\left \\{\\left ( \\frac { 1 } { L } \\sum_ { i=0 } ^ { L-1 } \\left |y_ { i } \\right | ^ { 2 } -R_ { 2 } \\right ) ^ { 2 } \\right \\} \\)<caption>(3)</caption></p> <p>과 같이 정의 된다. 이러한 비용함수를 최소화 하는 적응알고리듬은 비용함수의 계수에 대한 경사도(gradient)를 계산하여 얻어지는데, 이를 다시 간단하게 정기하기 위하여</p> <p>\\( \\frac {\\partial E \\left \\{\\frac { 1 } { L } \\sum_ { i=0 } ^ { L-1 } \\left |y_ { i } \\right | ^ { 2 } -R_ { 2 } \\right \\} } {\\partial c_ { m } (k) } = \\frac { 1 } { L } \\sum_ { i=0 } ^ { L-1 } x_ { i-m } ^ { * } y_ { i } \\)<caption>(4)</caption></p>",
                "context_length": 1328,
                "summary": "BCMA(Block CMA)는 입력신호를 L개의 블록 신호로 나누고, 그에 대한 비용함수를 정의하여 블라인드 등화를 이루는 알고리듬이다. Parseval의 정리를 사용하여 주파수 영역에서의 비용함수를 정의하고, 그에 따른 고속 알고리듬을 유도한다. 비용함수는 출력 블록의 제곱합과 R2의 차이를 최소화하는 것으로 정의되며, 이를 최소화하기 위해 경사도를 계산하여 얻어진다.",
                "clue": [
                    {
                        "clue_text": "먼저 [1] 에서 제시된 알고리듬에 대해서 간단히 설명하자. 그림 2 에는 이러한 BMCA (block CMA) 의 블록선도가 제시되어 있고, 이를 사용한 알고리듬을 간단히 BCMA based FBCMA (old-FBCMA) 라고 하자.",
                        "clue_start": "3",
                        "clue_end": "135"
                    },
                    {
                        "clue_text": "\\( \\frac {\\partial E \\left \\{\\frac { 1 } { L } \\sum_ { i=0 } ^ { L-1 } \\left |y_ { i } \\right | ^ { 2 } -R_ { 2 } \\right \\} } {\\partial c_ { m } (k) } = \\frac { 1 } { L } \\sum_ { i=0 } ^ { L-1 } x_ { i-m } ^ { * } y_ { i } \\)<caption>(4)</caption>",
                        "clue_start": "1077",
                        "clue_end": "1324"
                    }
                ],
                "terminology": [
                    {
                        "word": "BCMA"
                    },
                    {
                        "word": "BCMA based FBCMA"
                    },
                    {
                        "word": "BMCA"
                    },
                    {
                        "word": "CMA"
                    },
                    {
                        "word": "FBCMA"
                    },
                    {
                        "word": "Parseval"
                    },
                    {
                        "word": "Parseval 의 정리"
                    },
                    {
                        "word": "경사도"
                    },
                    {
                        "word": "등화"
                    },
                    {
                        "word": "등화기"
                    },
                    {
                        "word": "블라인드 등화"
                    },
                    {
                        "word": "블록 신호"
                    },
                    {
                        "word": "블록선도"
                    },
                    {
                        "word": "비용함수"
                    },
                    {
                        "word": "알고리듬"
                    },
                    {
                        "word": "주파수"
                    },
                    {
                        "word": "주파수 영역"
                    },
                    {
                        "word": "출력 블록"
                    },
                    {
                        "word": "함수"
                    }
                ]
            },
            {
                "context_id": "55e-0c9-merge_ed_024688fc-0079bf51-0f4b-495b-bd43-c816f798c365_10",
                "context_K-NSCC": {
                    "field": "인공물",
                    "large_category": "ED",
                    "medium_category": "99"
                },
                "context": "<p>와 같이 symbol rate equalizer 에 적용된다. 이제 식 (16)의 네번째 항인 \\( \\sum_ { n } ^ { L } \\sum_ { k, k \\neq n } ^ { L } E \\left \\{\\left |y_ { n } \\right | ^ { 2 } \\left |y_ { k } \\right | ^ { 2 } \\right \\} \\) 에 대해서 고찰하여 보자. 이제 식의 단순함을 위하여 매우 높은 SNR 의 경우만 고려하자. 이는 CMA 가 비교적 높은 SNR 에서만 동작한다는 일반론에 근접한 것이다. 잡음 w 을 무시한 경우의 source symbol 벡터를 \\( s_ { n } = \\left (s_ { n } , s_ { n-1 } , \\cdots, s_ { n-P + 1 } \\right ) ^ { t } \\) 라고 하면 \\( y_ { n } =h ^ { t } s_ { n } \\) 이라고 단순화 된다. 따라서 BCMA 의 목적함수의 \\( \\sum_ { n } ^ { L } \\sum_ { k . k \\neq n } ^ { L } E \\left \\{\\left |y_ { n } \\right | ^ { 2 } \\left |y_ { k } \\right | ^ { 2 } \\right \\} \\quad \\) 항은</p> <p>\\( \\sum_ { n } ^ { L } \\sum_ { k, k \\neq n } ^ { L } E \\left \\{\\left |y_ { n } \\right | ^ { 2 } \\left |y_ { k } \\right | ^ { 2 } \\right \\} =E \\left \\{ h ^ { H } s_ { n } s_ { n } ^ { H } h h ^ { H } s_ { k } s_ { k } ^ { H } h \\right \\} \\)<caption>(19)</caption></p> <p>와 같이 표시되는데 여기서 위첨자 H 는 Hermittian operator 이다. 이제 두개의 \\( P \\times P \\) 행렬 \\( H=h h ^ { H } , \\quad S_ { n } =s_ { n } s_ { n } ^ { H } \\) 를 정의하여 사용하면 식 (19) 는</p>",
                "context_length": 1076,
                "summary": "식 (16)의 네 번째 항, \\( \\sum_ { n } ^ { L } \\sum_ { k, k \\neq n } ^ { L } E \\left\\{\\left |y_ { n } \\right | ^ { 2 } \\left |y_ { k } \\right | ^ { 2 } \\right\\} \\) 에 대해 살펴보면, 이는 CMA가 비교적 높은 신호 대 잡음 비에서만 동작한다는 일반적인 가설에 근접하다.",
                "clue": [
                    {
                        "clue_text": "이제 식 (16)의 네번째 항인 \\( \\sum_ { n } ^ { L } \\sum_ { k, k \\neq n } ^ { L } E \\left \\{\\left |y_ { n } \\right | ^ { 2 } \\left |y_ { k } \\right | ^ { 2 } \\right \\} \\) 에 대해서 고찰하여 보자.",
                        "clue_start": "38",
                        "clue_end": "212"
                    },
                    {
                        "clue_text": "이는 CMA 가 비교적 높은 SNR 에서만 동작한다는 일반론에 근접한 것이다.",
                        "clue_start": "250",
                        "clue_end": "293"
                    }
                ],
                "terminology": [
                    {
                        "word": "BCMA"
                    },
                    {
                        "word": "CMA"
                    },
                    {
                        "word": "SNR"
                    },
                    {
                        "word": "equalizer"
                    },
                    {
                        "word": "operator"
                    },
                    {
                        "word": "rate"
                    },
                    {
                        "word": "source symbol 벡터"
                    },
                    {
                        "word": "symbol"
                    },
                    {
                        "word": "symbol rate"
                    },
                    {
                        "word": "symbol rate equalizer"
                    },
                    {
                        "word": "목적함수"
                    },
                    {
                        "word": "벡터"
                    },
                    {
                        "word": "잡음"
                    },
                    {
                        "word": "행렬"
                    }
                ]
            },
            {
                "context_id": "55e-0c9-merge_ed_024688fc-0079bf51-0f4b-495b-bd43-c816f798c365_06",
                "context_K-NSCC": {
                    "field": "인공물",
                    "large_category": "ED",
                    "medium_category": "99"
                },
                "context": "<p>과 같다. CMA의 성질상 최소화 하고자하는 목적함수를 이라고 하면 \\( J_ {\\text { total } } =J_ { M } + J_ { M + 1 } + \\cdots + J_ { N-1 } \\) 과 같이 \\( \\mathrm { L } \\) 개의 출력신호의 크기가 통계적으로 일정 하다는 제한조건으로 다시 쓸 수가 있고, DFT 영역의 적응필터의 계수 \\( C_ { k } \\) 는 gradient</p> <p>\\( \\begin {aligned} \\frac {\\partial J_ {\\text { total } } } {\\partial C_ { k } [n] } &=-2 E \\left \\{\\left (R_ { p } -|y[M]| ^ { 2 } \\right ) \\right \\} \\\\ & \\cdot \\left \\{ X[n] W_ { N } ^ { n(M + 1) } y ^ { * } [M] + X ^ { * } [n] W_ { N } ^ { -n(M + 1) } y[M] \\right \\} \\\\ & \\vdots \\\\ & + -2 E \\left \\{\\left (R_ { p } -|y[N-1]| ^ { 2 } \\right ) \\right \\} \\\\ & \\cdot \\left \\{ X[n] W_ { N } ^ { n(N-1) } y ^ { * } [N-1] + X ^ { * } [n] W_ { N } ^ { -n(N-1) } y[N-1] \\right \\} \\end {aligned} \\)<caption>\\( (10) \\)</caption></p> <p>을 최소화 하는 방법으로</p> <p>\\( C_ { k + 1 } [n]=C_ { k } [n]- \\mu \\frac {\\partial J_ { t o t a l } } {\\partial C_ { k } [n] } , \\quad n=0,1, \\cdots, N-1 \\)<caption>(11)</caption></p> <p>과 같은 적응 식으로 된다.</p> <h1>Ⅲ. Block CMA 의 error surface</h1> <p>본 장에서는 앞서 제시한 block CMA 의 비용함수를 해석하여 본다. 그림 4 에 성능 분석에 사용된 모델이 제시되어 있다.이 모델에서 \\( S_ { n } \\) 은 소스 심볼 로서 특정한 통계적인 특성을 갖는다는 가정이 이루어지는데 신호의 dispersion 상수 \\( \\gamma= \\frac { E \\left \\{\\left |s_ { n } \\right | ^ { 4 } \\right \\} } { E \\left \\{\\left |s_ { n } \\right | ^ { 2 } \\right \\} } \\quad \\) 와 분산 \\( \\sigma_ { s } =E \\left \\{\\left |s_ { n } \\right | ^ { 2 } \\right \\} \\) 및 normalized kurtosis \\( \\kappa_ { s } = \\frac { E \\left \\{\\left |s_ { n } \\right | ^ { 4 } \\right \\} } { E \\left \\{\\left |s_ { n } \\right | ^ { 2 } \\right \\} ^ { 2 } } \\) 는 알려져 있다고 가정하고, 채널은 정규화 되어 \\( \\|h \\| ^ { 2 } = \\sum_ {\\mathrm { n } } |h| ^ { 2 } =1 \\) 이라고 가정한다. 채널의 임펄스 응답은 길이가 M 으 로서, 이를 벡터로 표시하면 \\( c= \\left (c_ { 0 } , c_ { 1 } , \\cdots, c_ { M-1 } \\right ) ^ { t } \\) 이라 고 하자. 또한, 등화기의 계수는 N 개의 필터를 가지 고 있다고 가정하면. \\( f= \\left (f_ { 0 } , f_ { 1 } , \\cdots, c_ { N-1 } \\right ) ^ { t } \\) 으로 주어진다. 본 논문에서는 symbol-spaced-equalizer 만 고려한다. 채널의 임펄스 응답으로부터 얻어지는 행렬 C 는</p>",
                "context_length": 1953,
                "summary": "CMA는 통계적 일정한 \\( \\mathrm { L } \\) 개의 출력 신호로 목적함수를 최소화하는 방법으로, DFT 영역의 적응필터의 계수 \\( C_ { k } \\) 를 gradient를 이용하여 최소화하는 적응 식(11)으로 되어 있다. 본 장에서 제시한 block CMA는 비용함수로 해석해 보고 그림 4에 성능 분석에 사용되는 모델이 제시되어 있다.",
                "clue": [
                    {
                        "clue_text": "CMA의 성질상 최소화 하고자하는 목적함수를 이라고 하면 \\( J_ {\\text { total } } =J_ { M } + J_ { M + 1 } + \\cdots + J_ { N-1 } \\) 과 같이 \\( \\mathrm { L } \\) 개의 출력신호의 크기가 통계적으로 일정 하다는 제한조건으로 다시 쓸 수가 있고, DFT 영역의 적응필터의 계수 \\( C_ { k } \\) 는 gradient",
                        "clue_start": "9",
                        "clue_end": "228"
                    },
                    {
                        "clue_text": "을 최소화 하는 방법으로",
                        "clue_start": "764",
                        "clue_end": "777"
                    },
                    {
                        "clue_text": "과 같은 적응 식으로 된다.",
                        "clue_start": "943",
                        "clue_end": "958"
                    },
                    {
                        "clue_text": "본 장에서는 앞서 제시한 block CMA 의 비용함수를 해석하여 본다.",
                        "clue_start": "1004",
                        "clue_end": "1044"
                    }
                ],
                "terminology": [
                    {
                        "word": "Block CMA"
                    },
                    {
                        "word": "CMA"
                    },
                    {
                        "word": "DFT"
                    },
                    {
                        "word": "DFT 영역"
                    },
                    {
                        "word": "dispersion"
                    },
                    {
                        "word": "dispersion 상수"
                    },
                    {
                        "word": "error surface"
                    },
                    {
                        "word": "gradient"
                    },
                    {
                        "word": "kurtosis"
                    },
                    {
                        "word": "normalized"
                    },
                    {
                        "word": "normalized kurtosis"
                    },
                    {
                        "word": "symbol-spaced-equalizer"
                    },
                    {
                        "word": "등화기"
                    },
                    {
                        "word": "목적함수"
                    },
                    {
                        "word": "벡터"
                    },
                    {
                        "word": "비용함수"
                    },
                    {
                        "word": "심볼"
                    },
                    {
                        "word": "임펄스"
                    },
                    {
                        "word": "임펄스 응답"
                    },
                    {
                        "word": "적응필터"
                    },
                    {
                        "word": "정규화"
                    },
                    {
                        "word": "행렬"
                    }
                ]
            },
            {
                "context_id": "55e-0c9-merge_ed_024688fc-0079bf51-0f4b-495b-bd43-c816f798c365_01",
                "context_K-NSCC": {
                    "field": "인공물",
                    "large_category": "ED",
                    "medium_category": "99"
                },
                "context": "<p>따라서, 본 논문에서는 최근에 제시된 두가지의 주파수 영역 CMA 알고기듬의 수렴성을 분석하는 것을 주요 목표로 한다. 또한 본 논문에서는 최근에 제안된 [2] 에서 제시된 알고리듬이 [1] 에서 제시된 알고리듬에 비해서 국소 최소값에 빠질 확률이 적어서 등화기의 수렴성이 우수해 진다는 것을 보인다. 또한, 컴퓨터 모 의실험결과 [2] 는 기존의 CMA 알고리듬과 동일한 채널에 대해서 동일한 수렴특성을 보임을 증명하였다.</p> <h1>Ⅱ. CMA 및 주파수 영역 고속 알고리듬들</h1> <p>현재까지 가장 광범위하게 사용되고 있는 블라인드 적응 알고리듬은 Godard 가 제안한 CMA 이다. CMA 는 비선형 오차함수를 사용한 알고리듬으로서, 그림 1 에 CMA 의 개요도가 제시되어 있다. CMA 에서 등화기의 계수는 등화기의 출력신호를 \\( \\mathrm { y } [ \\mathrm { n } ] \\) 라고 할 때 비용함수</p> <p>\\( J_ { C M } = E \\left \\{\\left (|y[n]| ^ { 2 } -R_ { 2 } \\right ) ^ { 2 } \\right \\} \\)<caption>(1)</caption></p> <p>를 최소화 하는데, 전형적인 CMA 등화기의 계수적응은 시간 k 에서 매 입력신호 마다</p> <p>\\( \\begin {aligned} y[k] &= \\sum_ { m=0 } ^ { M-1 } c_ { k } [m] x[k-m] \\\\ c_ { k + 1 } [n] &=c_ { k } [n] + \\mu y ^ { * } [k] x[k-n] \\left (R_ { 2 } -|y[k]| ^ { 2 } \\right ) \\end {aligned} \\)<caption>(2)</caption></p> <p>와 같이 이루어진다. 그런데, 최근의 고속 대용량의 전송 시스템의 경우 심볼 전송율이 상당히 높으므로,실시간 구현을 위한 고속 알고리듬이 요구되고 있다. 예를들어 [5] 에서는 256 차의 적응등화기를 \\( 6 \\mathrm { MHz } \\)의 심볼율로 동작시키는 블라인드 등화기를 제시하였는데, 이를 실시간으로 구현하려면 초고속의 하드웨어가 필요하다.</p> <p>이러한 CMA 를 DSP 의 이론 중에 하나인 주파수 영역에서 고속 컨볼류션을 사용한 적응 알고리듬이 제안되었다. [1] 에서는 CMA 의 비용함수인 식 (1)을 시간영역에서 블록으로 처리하고 이를 Fourier 변환의 Parseval 정리를 이용한 적응 알고리듬을 제시하였다. 이를 통하여 상당부분의 계산량 절감 효과를 얻을 수 있었다.</p> <p>그 이후 [2] 에서는 [1] 에서 제시한 방식이 시간 영역에서 신호의 통계적인 정보를 충분히 사용하지 못한 점에 착안하여 시간영역에서 각각의 입력 신호에 대한 비용함수를 최소화하는 적응 알고리듬을 주파수 영역의 계수에 대한 적응식을 유도하였다. 이러한 방식은 [1] 의 방식에 비해서 정성적으로 우수한 수렴성이 있을 것이라고 판단되는데, 본 논문에서는 이를 좀 더 분석적으로 다루려고 한다.</p>",
                "context_length": 1500,
                "summary": "본 논문에서는 Godard가 제안한 CMA(Constant Modulus Algorithm)의 수렴성을 분석하는 것을 목표로 하며, 최근 제시된 두가지 주파수 영역 CMA 알고리듬의 수렴성을 비교하여 기존 CMA 알고리듬에 비해 국소 최소값에 빠질 확률이 적어서 등화기의 수렴성이 우수해지는 것을 보였다.",
                "clue": [
                    {
                        "clue_text": "따라서, 본 논문에서는 최근에 제시된 두가지의 주파수 영역 CMA 알고기듬의 수렴성을 분석하는 것을 주요 목표로 한다.",
                        "clue_start": "3",
                        "clue_end": "69"
                    },
                    {
                        "clue_text": "그 이후 [2] 에서는 [1] 에서 제시한 방식이 시간 영역에서 신호의 통계적인 정보를 충분히 사용하지 못한 점에 착안하여 시간영역에서 각각의 입력 신호에 대한 비용함수를 최소화하는 적응 알고리듬을 주파수 영역의 계수에 대한 적응식을 유도하였다.",
                        "clue_start": "1277",
                        "clue_end": "1414"
                    },
                    {
                        "clue_text": "또한 본 논문에서는 최근에 제안된 [2] 에서 제시된 알고리듬이 [1] 에서 제시된 알고리듬에 비해서 국소 최소값에 빠질 확률이 적어서 등화기의 수렴성이 우수해 진다는 것을 보인다. 또한, 컴퓨터 모 의실험결과 [2] 는 기존의 CMA 알고리듬과 동일한 채널에 대해서 동일한 수렴특성을 보임을 증명하였다.",
                        "clue_start": "70",
                        "clue_end": "240"
                    },
                    {
                        "clue_text": "현재까지 가장 광범위하게 사용되고 있는 블라인드 적응 알고리듬은 Godard 가 제안한 CMA 이다.",
                        "clue_start": "282",
                        "clue_end": "338"
                    },
                    {
                        "clue_text": "이러한 CMA 를 DSP 의 이론 중에 하나인 주파수 영역에서 고속 컨볼류션을 사용한 적응 알고리듬이 제안되었다.",
                        "clue_start": "1080",
                        "clue_end": "1143"
                    }
                ],
                "terminology": [
                    {
                        "word": "CMA"
                    },
                    {
                        "word": "DSP"
                    },
                    {
                        "word": "Fourier 변환"
                    },
                    {
                        "word": "Godard"
                    },
                    {
                        "word": "Parseval"
                    },
                    {
                        "word": "Parseval 정리"
                    },
                    {
                        "word": "고속 대용량"
                    },
                    {
                        "word": "고속 알고리듬"
                    },
                    {
                        "word": "등화기"
                    },
                    {
                        "word": "블라인드 등화기"
                    },
                    {
                        "word": "블라인드 적응"
                    },
                    {
                        "word": "비선형"
                    },
                    {
                        "word": "비용함수"
                    },
                    {
                        "word": "수렴특성"
                    },
                    {
                        "word": "심볼 전송율"
                    },
                    {
                        "word": "심볼율"
                    },
                    {
                        "word": "알고리듬"
                    },
                    {
                        "word": "오차함수"
                    },
                    {
                        "word": "적응 알고리듬"
                    },
                    {
                        "word": "적응등화기"
                    },
                    {
                        "word": "전송"
                    },
                    {
                        "word": "주파수"
                    },
                    {
                        "word": "주파수 영역"
                    },
                    {
                        "word": "컨볼류션"
                    },
                    {
                        "word": "하드웨어"
                    }
                ]
            }
        ]
    }
}