{
    "dataset_info": {
        "identifier": "02-031-002-NL",
        "name": "기술과학 문서 요약 데이터",
        "category": "자연어",
        "last_updated": "2023-08-30"
    },
    "dataset": {
        "doc_id": "034b7f4e-3400c349-d60b-4d1f-9270-9245cf2c76f5",
        "doc_type": "논문",
        "doc_title": {
            "kor": "이산 웨이브렛 변환을 이용한 동기발전기 회전자 충간단락 진단에 관한 연구",
            "eng": ""
        },
        "doc_category": {
            "KDC": "560.5",
            "DDC": ""
        },
        "doc_number": {
            "ISSN": "1229-2214",
            "ISBN": "",
            "DOI": "",
            "UCI": ""
        },
        "doc_year": "2006",
        "doc_author": [
            "Jang-Mok Kim",
            "Young-Jun Kim",
            "Jin-Woo Ahan",
            "Heung-Geun Kim",
            "Tae-Uk Jung"
        ],
        "doc_publisher": "전력전자학회",
        "doc_license": "CC BY-NC",
        "context_info": [
            {
                "context_id": "55e-0c9-2e56cefb-5e23-4504-a4b7-1dc469227332",
                "context_K-NSCC": {
                    "field": "인공물",
                    "large_category": "ED",
                    "medium_category": "03"
                },
                "context": "<h1>3. 실험 및 결과</h1> <h2>3.1 시스템 구성 및 실험</h2> <h3>3.1.1 회전자 권선의 층간단락</h3> <p>본 논문에서는 동기발전기 회전자 권선의 층간단락 실험을 위하여 그림 3과 같이 발전기 외부에서 회전자 슬롯권선의 단락 비율을 조절할 수 있는 2극의 소용량 원통형 동기발전기를 설계 제작하였다. 그림 4는 슬롯권선의 단락비율을 조절하기 위해 특별히 제작되어진 탭의 위치를 나타낸다.</p> <p>실험에서는 슬롯 2에 제작되어진 12개의 탭을 이용하여 발전기 외부에서 특정 탭을 단락시켜 회전자 권선의 층간단락 비율을 조절하였으며, 실험에 사용되어진 슬롯 2의 단락 비율은 \\( 25 \\%, 42 \\%, 67 \\%, 83 \\%, 99 \\% \\)이다.</p> <h3>3.1.2 시스템 구성</h3> <p>실험을 위해 그림 5와 같이 전체 시스템을 구성하였다. 기본 구성은 TI 사의 TMS320VC33을 이용한 주제어기, IPM(Intelligent Power Module)을 이용한 3상 PWM 컨버터-인버터 시스템, 영구자석 동기전동기-원통형 동기발전기 세트, 그리고 회전자 전류 신호의 데이터 취득을 위한 NI 사의 Data Acquisition Device인 DAQPad-6015로 구성되어 있다.</p> <h2>3.2 실험결과 및 분석</h2> <p>그림 6은 정상적인 조건에서 고정자 권선에 부하를 연결하지 않았을 경우와 연결하였을 경우의 회전자 전류를 나타낸 것으로, 부하가 연결된 경우 전기자 반작용의 영향으로 인하여 회전자 전류에 부가적인 교류 성분이 존재하게 된다. 이런 전기자 반작용의 영향은 부하의 역율, 발전기 권선의 분포 등에 따라 다르게 나타난다.</p> <p>그림 7은 그림 6의 회전자 전류를 이산 푸리에 변환을 통해 주파수 성분으로 분석한 것이다. 실험에 사용된 동기발전기의 경우, 전기자 반작용의 영향으로 인하여 회전속도의 6배 성분이 크게 나타난다.</p> <p>그림 8은 정상적인 조건일 때, 이산 웨이브렛 변환의 다중해상도 분석을 이용하여 1주기로 평균한 회전자 전류 신호를 7단계로 분할한 것이다.</p> <h3>3.2.1 발전기의 출력이 일정할 경우</h3> <p>그림 9는 발전기의 출력이 일정하도록 회전자 전류의 크기를 조절한 것으로, 회전자 슬롯권선의 층간단락 비율이 높을수록 더 큰 회전자 전류가 필요함을 알 수 있다.</p> <p>그림 10은 7단계로 분할되어진 회전자 전류 신호들 중에서 고주파 성분에 해당하는 Detail 영역에서의 신호의 에너지 값을 층간단락 비율별로 나타낸 것이다. 특히 Detail 5 영역에서의 에너지 값이 회전자 권선의 층간단락 비율에 반비례하여 나타남을 알 수 있다.</p> <p>그림 11은 분석 결과의 신뢰성을 높이기 위해 이러한 과정을 20번 반복한 후, Detail 5 영역에서의 에너지 값을 회전자 권선의 층간단락 비율별로 나타낸 것이다. 그림에서 신호의 에너지 값은 층간단락별로 비교적 일정한 값을 가지는 것을 알 수 있다.</p> <h3>3.2.2 회전자 전류가 일정할 경우</h3> <p>그림 12는 회전자 전류의 크기가 일정하게 유지될 때의 회전자 전류를 층간단락 비율별로 나타낸 것이며, 그림 13과 그림 14는 발전기 출력이 일정한 경우와 같은 분석과정을 반복하여 나타낸 것이다. 앞선 결과와 같이 Detail 5 영역에서의 에너지 값이 회전자 권선의 층간단락 비율에 반비례하여 나타남을 알 수 있다. 따라서 이러한 정보를 이용하여 회전자 권선의 층간단락의 여부 및 단락 비율을 진단할 수 있다.</p>",
                "context_length": 1755,
                "summary": "본 논문에서는 동기발전기 회전자 권선의 층간단락 실험을 위하여 발전기 외부에서 회전자 슬롯권선의 단락 비율을 조절할 수 있는 2극의 소용량 원통형 동기발전기를 설계 제작하여 발전기의 출력이 일정하도록 회전자 전류의 크기를 조절하였다. 회전자 슬롯권선의 층간단락 비율이 높을수록 더 큰 회전자 전류가 필요함을 알수 있었고, 발전기의 출력이 일정하도록 회전자 전류의 크기를 조절하면, 회전자 슬롯권선의 층간단락 비율이 높을수록 더 큰 회전자 전류가 필요함을 알 수 있다. 7단계로 분할되어진 회전자 전류 신호들 중에서 고주파 성분에 해당하는 Detail 영역에서의 신호의 에너지 값은 회전자 권선의 층간단락 비율에 반비례함을 알 수 있었다.",
                "clue": [
                    {
                        "clue_text": "본 논문에서는 동기발전기 회전자 권선의 층간단락 실험을 위하여 그림 3과 같이 발전기 외부에서 회전자 슬롯권선의 단락 비율을 조절할 수 있는 2극의 소용량 원통형 동기발전기를 설계 제작하였다.",
                        "clue_start": "76",
                        "clue_end": "183"
                    },
                    {
                        "clue_text": "그림 9는 발전기의 출력이 일정하도록 회전자 전류의 크기를 조절한 것으로, 회전자 슬롯권선의 층간단락 비율이 높을수록 더 큰 회전자 전류가 필요함을 알 수 있다.",
                        "clue_start": "1085",
                        "clue_end": "1175"
                    },
                    {
                        "clue_text": "그림 10은 7단계로 분할되어진 회전자 전류 신호들 중에서 고주파 성분에 해당하는 Detail 영역에서의 신호의 에너지 값을 층간단락 비율별로 나타낸 것이다.",
                        "clue_start": "1183",
                        "clue_end": "1271"
                    },
                    {
                        "clue_text": "특히 Detail 5 영역에서의 에너지 값이 회전자 권선의 층간단락 비율에 반비례하여 나타남을 알 수 있다.",
                        "clue_start": "1272",
                        "clue_end": "1332"
                    }
                ],
                "terminology": [
                    {
                        "word": "Acquisition"
                    },
                    {
                        "word": "Data"
                    },
                    {
                        "word": "Data Acquisition"
                    },
                    {
                        "word": "IPM"
                    },
                    {
                        "word": "Intelligent"
                    },
                    {
                        "word": "Module"
                    },
                    {
                        "word": "NI"
                    },
                    {
                        "word": "PWM"
                    },
                    {
                        "word": "PWM 컨버터-인버터"
                    },
                    {
                        "word": "Power Module"
                    },
                    {
                        "word": "TI"
                    },
                    {
                        "word": "고정자"
                    },
                    {
                        "word": "고정자 권선"
                    },
                    {
                        "word": "고주파"
                    },
                    {
                        "word": "고주파 성분"
                    },
                    {
                        "word": "다중해상도"
                    },
                    {
                        "word": "단락비율"
                    },
                    {
                        "word": "동기발전기"
                    },
                    {
                        "word": "발전기 출력"
                    },
                    {
                        "word": "부가적인"
                    },
                    {
                        "word": "슬롯권선"
                    },
                    {
                        "word": "신뢰성"
                    },
                    {
                        "word": "웨이브렛"
                    },
                    {
                        "word": "웨이브렛 변환"
                    },
                    {
                        "word": "이산 웨이브렛"
                    },
                    {
                        "word": "이산 웨이브렛 변환"
                    },
                    {
                        "word": "이산 푸리에 변환"
                    },
                    {
                        "word": "전기자"
                    },
                    {
                        "word": "전기자 반작용"
                    },
                    {
                        "word": "전류"
                    },
                    {
                        "word": "주제어기"
                    },
                    {
                        "word": "주파수"
                    },
                    {
                        "word": "주파수 성분"
                    },
                    {
                        "word": "층간단락"
                    },
                    {
                        "word": "푸리에 변환"
                    },
                    {
                        "word": "회전자"
                    },
                    {
                        "word": "회전자 권선"
                    },
                    {
                        "word": "회전자 슬롯권선"
                    },
                    {
                        "word": "회전자 전류"
                    }
                ]
            },
            {
                "context_id": "55e-0c9-b0475fb5-1a89-4985-8091-17e33548105e",
                "context_K-NSCC": {
                    "field": "인공물",
                    "large_category": "ED",
                    "medium_category": "03"
                },
                "context": "<h1>2. 이산 웨이브렛 변환을 이용한 회전자 권선의 층간단락 진단</h1> <h2>2.1 웨이브렛 이론</h2> <h3>2.1.1 웨이브렛 변환</h3> <p>푸리에 변환(Fourier Transform)은 시간에 따라 주파수 성분이 변조되는 신호에 대해서는 신호의 주파수 특성을 정확히 표현하지 못하므로 비정형 (non-stationary) 신호의 분석에는 적합하지 않다. 또 한 단구간 푸리에 변환(Short Time Fourier Transform)은 모든 주파수 대역에 대하여 동일한 크기의 윈도우를 사용하므로, 비정형 신호의 분석을 위해서는 적절한 크기의 윈도우의 선택이 중요하지만 이적응적인 선택에는 많은 어려움이 있다. 따라서 이러한 비정형 신호 분석의 대안으로. 제시된 것이 웨이브렛 변환이다. 웨이브렛 변환은 영역의 크기가 가변되는 윈도우를 사용하므로 고주파 대역에서는 좁은 폭의 윈도우를, 저주파 대역에서는 넓은 폭의 윈도우를 사용한다. 웨이브렛은 식 (1)과 같이 정의되어진다.</p> <p>\\( \\psi_{a, b}(t)=\\frac{1}{\\sqrt{a}} \\psi\\left(\\frac{t-b}{a}\\right) \\)</p> <caption>(1)</caption> <p>식 (1)에서 변수 \\( a \\) 는 압축계수, \\( b \\) 는 전이계수이며, 함수 \\( \\psi_{a, b} \\) 는 모 웨이브렛(mother wavelet, \\( \\psi \\) )을 확장 및 평행 이동한 함수이다. 압축계수는 웨이브렛의 크기 즉 스케일을 변화시키는 역할을 하며 이 계수에 해당하는 신호의 스케일 성분을 추출하며, 전이계수는 모 웨이브렛의 시간축으로의 이동에 관계된다. 본 논문에서는 실험적인 경험을 바탕으로 모 웨이브렛을 \\( \\mathrm{db} 4 \\) 로 선정하였다.</p> <h3>2.1.1 이산 웨이브렛 변환과 다중해상도 분석</h3> <p>연속 웨이브렛 변환에서 사용되어진 웨이브렛을 이분 구간으로 샘플링할 경우 직교 웨이브렛을 구성할 수 있으며, 이를 이용한 웨이브렛 변환을 이산 웨이브렛 변환이라 한다. 이산 웨이브렛 변환은 신호에 대한 다중해상도 분석(Multi-resolution analysis)을 제공하며, 이는 신호처리 관점에서 보면 필터 뱅크를 기반으로 한 대역별 신호의 재구성과 아주 밀접한 관계가 있다.</p> <p>다중해상도 분석은 그림 1과 같이 원신호를 저주파수 영역의 성분인 Approximation과 고주파 영역의 성분인 Detail로 분해할 수 있다. 이러한 과정은 그림 2와 같이 고역필터와 저역필터를 사용하는 2 가지 필터링의 개념으로 확장될 수 있다.</p> <h2>2.2 동기발전기 회전자 전류</h2> <p>발전기 회전자의 슬롯권선에서 층간단락이 발생하게 되면 이 슬롯에서의 기자력 변화에 의해 공극에서의 주 자속이 비대칭적으로 분포하게 된다. 이 비대칭적인 자속의 분포는 고정자 권선에 부가적인 고조파 성분의 기전력을 유기시킨다. 고정자 권선에 부하가 연결되어 있을 경우, 전기자 반작용의 영향으로 인하여 공극의 자속에는 층간단락에 의한 특정 고조파 성분이 존재하게 된다. 이들 특정 고조파 성분을 포함한 전기자 반작용 자속은 회전자 권선과 쇄교하게 되어 회전자 권선에 기전력을 유기시킨다. 결국 이 기전력에 의해 회전자 권선에는 층간단락에 의한 특정 고조파 성분이 포함되어 있는 부가적인 교류 성분의 전류가 흐르게 된다. 즉, 동기발전기 회전자의 전류 신호에는 층간단락을 진단할 수 있는 요소인 단락 정보가 내재되어 있는 것이다.</p> <h2>2.3 층간단락 진단</h2> <p>회전자 권선의 층간단락을 진단하기 위한 회전자 전류의 샘플링 데이터 수는 고정자 전류를 기준으로 주기당 256 개이며, 샘플링 주기는 100 주기이다. 웨이브렛 변환은 분석하고자 하는 원신호를 시간-스케일 공간으로 변환하여 나타내는 것이므로, 신호의 비교 분석을 위해서는 위상 동조가 필요하다. 따라서 회전자 전류의 위상을 동조시킨 후, 신호의 데이터에 포함되어 있는 랜덤 노이즈를 제거하기 위하여 1 주기(고정자 전류 기준)로 평균하였다. 평균된 회전자 전류를 이산 웨이브렛 변환의 다중해상도 분석을 이용하여 7단계로 분할한 후, 고주파 성분에 해당하는 Detail 영역에서의 신호의 에너지 값을 비교 분석함으로써 회전자 권선의 층간단락을 진단하였다.</p>",
                "context_length": 2132,
                "summary": "웨이브렛 변환은 비정형 신호 분석에 대한 해결책으로 제안된다. 가변적인 크기의 영역을 가진 윈도우를 사용하는 웨이브렛 변환은 고주파 대역에선 좁은 윈도우, 저주파 대역에선 넓은 윈도우를 사용한다. 이산 웨이브렛 변환은 신호의 다중 해상도 분석을 제공하며, 이는 신호 처리 관점에서 볼 때 필터 뱅크 기반의 대역별 신호 재구성과 밀접한 관련이 있다. 따라서, 동기 발전기의 회전자 전류 신호 내에는 단락 정보, 즉 층간단락을 판별할 수 있는 요소가 존재한다. 이를 이용하여 평균화된 회전자 전류를 이산 웨이브렛 변환의 다중 해상도 분석을 통해 7단계로 분할하고, 이 중 고주파 성분인 Detail 영역의 신호 에너지 값을 비교 분석하여 회전자 권선의 층간단락을 진단할 수 있다.",
                "clue": [
                    {
                        "clue_text": "따라서 이러한 비정형 신호 분석의 대안으로. 제시된 것이 웨이브렛 변환이다.",
                        "clue_start": "356",
                        "clue_end": "398"
                    },
                    {
                        "clue_text": "웨이브렛 변환은 영역의 크기가 가변되는 윈도우를 사용하므로 고주파 대역에서는 좁은 폭의 윈도우를, 저주파 대역에서는 넓은 폭의 윈도우를 사용한다.",
                        "clue_start": "399",
                        "clue_end": "480"
                    },
                    {
                        "clue_text": "이산 웨이브렛 변환은 신호에 대한 다중해상도 분석(Multi-resolution analysis)을 제공하며, 이는 신호처리 관점에서 보면 필터 뱅크를 기반으로 한 대역별 신호의 재구성과 아주 밀접한 관계가 있다.",
                        "clue_start": "1027",
                        "clue_end": "1146"
                    },
                    {
                        "clue_text": "즉, 동기발전기 회전자의 전류 신호에는 층간단락을 진단할 수 있는 요소인 단락 정보가 내재되어 있는 것이다.",
                        "clue_start": "1674",
                        "clue_end": "1734"
                    },
                    {
                        "clue_text": "평균된 회전자 전류를 이산 웨이브렛 변환의 다중해상도 분석을 이용하여 7단계로 분할한 후, 고주파 성분에 해당하는 Detail 영역에서의 신호의 에너지 값을 비교 분석함으로써 회전자 권선의 층간단락을 진단하였다.",
                        "clue_start": "2010",
                        "clue_end": "2128"
                    }
                ],
                "terminology": [
                    {
                        "word": "Approximation"
                    },
                    {
                        "word": "Fourier Transform"
                    },
                    {
                        "word": "wavelet"
                    },
                    {
                        "word": "가변"
                    },
                    {
                        "word": "고정자"
                    },
                    {
                        "word": "고정자 권선"
                    },
                    {
                        "word": "고조파"
                    },
                    {
                        "word": "고조파 성분"
                    },
                    {
                        "word": "고주파"
                    },
                    {
                        "word": "고주파 대역"
                    },
                    {
                        "word": "고주파 성분"
                    },
                    {
                        "word": "고주파 영역"
                    },
                    {
                        "word": "공극"
                    },
                    {
                        "word": "기자력"
                    },
                    {
                        "word": "기자력 변화"
                    },
                    {
                        "word": "기전력"
                    },
                    {
                        "word": "다중해상도"
                    },
                    {
                        "word": "단구간 푸리에 변환"
                    },
                    {
                        "word": "동기발전기"
                    },
                    {
                        "word": "랜덤 노이즈"
                    },
                    {
                        "word": "모 웨이브렛"
                    },
                    {
                        "word": "발전기 회전자"
                    },
                    {
                        "word": "비정형"
                    },
                    {
                        "word": "비정형 신호 분석"
                    },
                    {
                        "word": "스케일 성분"
                    },
                    {
                        "word": "슬롯권선"
                    },
                    {
                        "word": "시간-스케일"
                    },
                    {
                        "word": "압축계수"
                    },
                    {
                        "word": "연속 웨이브렛 변환"
                    },
                    {
                        "word": "원신호"
                    },
                    {
                        "word": "웨이브렛"
                    },
                    {
                        "word": "웨이브렛 변환"
                    },
                    {
                        "word": "위상"
                    },
                    {
                        "word": "위상 동조"
                    },
                    {
                        "word": "이산 웨이브렛"
                    },
                    {
                        "word": "이산 웨이브렛 변환"
                    },
                    {
                        "word": "자속"
                    },
                    {
                        "word": "저역필터"
                    },
                    {
                        "word": "저주파 대역"
                    },
                    {
                        "word": "저주파수 영역"
                    },
                    {
                        "word": "전기자"
                    },
                    {
                        "word": "전기자 반작용"
                    },
                    {
                        "word": "전기자 반작용 자속"
                    },
                    {
                        "word": "전류"
                    },
                    {
                        "word": "전이계수"
                    },
                    {
                        "word": "주파수"
                    },
                    {
                        "word": "주파수 대역"
                    },
                    {
                        "word": "주파수 성분"
                    },
                    {
                        "word": "주파수 특성"
                    },
                    {
                        "word": "직교"
                    },
                    {
                        "word": "직교 웨이브렛"
                    },
                    {
                        "word": "층간단락"
                    },
                    {
                        "word": "평행 이동"
                    },
                    {
                        "word": "푸리에 변환"
                    },
                    {
                        "word": "필터 뱅크"
                    },
                    {
                        "word": "필터링"
                    },
                    {
                        "word": "회전자"
                    },
                    {
                        "word": "회전자 권선"
                    },
                    {
                        "word": "회전자 전류"
                    }
                ]
            }
        ]
    }
}