{
    "dataset_info": {
        "identifier": "02-031-002-NL",
        "name": "기술과학 문서 요약 데이터",
        "category": "자연어",
        "last_updated": "2023-08-30"
    },
    "dataset": {
        "doc_id": "034b7f4e-08c15125-b6e3-4200-a4b5-1a02d5b61e01",
        "doc_type": "논문",
        "doc_title": {
            "kor": "고조파 주입에 의한 계통연계형 태양광발전시스템의 고립운전 검출",
            "eng": ""
        },
        "doc_category": {
            "KDC": "560.5",
            "DDC": ""
        },
        "doc_number": {
            "ISSN": "1229-2214",
            "ISBN": "",
            "DOI": "",
            "UCI": ""
        },
        "doc_year": "2003",
        "doc_author": [
            "고재석",
            "채영민",
            "강병희",
            "최규하"
        ],
        "doc_publisher": "전력전자학회",
        "doc_license": "CC BY-NC",
        "context_info": [
            {
                "context_id": "55e-0c9-f243b59d-d6e9-47a6-8b01-a1d03f30babc",
                "context_K-NSCC": {
                    "field": "인공물",
                    "large_category": "ED",
                    "medium_category": "99"
                },
                "context": "<h2>2.3 고립운전 검 출</h2> <p>부하의 요구전력과 발전출력이 일치하는 임계 운전조건에서는 능동적인 검출방법이 검출특성의 면에서는 우수하지만 그 이외의 조건 즉, 부하의 요구전력이 발전출력보다 크거나 작은 경우에는 수동적인 방법이 우수하므로, 최종적인 고립운전의 검출은 앞서 설명한 수동적인 방법과 능동적인 방법을 동시에 적용하여 모든 부하조건에서 빠르고 안정된 검출특성을 갖도록 설계하는 것이 일반적이다.</p> <p>본 논문에서는 고립운전 검출을 위하여 인버터에 미량의 고조파 전류를 주입하고 인버터의 출력단에서 고조파 전압의 크기를 측정하는 고조파 전류 주입법 (HCIM : Harmonic Current Injection Method)을 제안하였다. 제안된 HCIM은 순저항 \\( \\mathrm{AC} \\) 부하의 요구전력과 UIPV 시스템의 출력전력이 일치하는 상황에서 고립운전 검출을 목적으로 하며, 분류상으로는 능동적 검출방식으로 분류될 수 있다. 그림 2(b)는 제어신호의 흐름을 전력 회로부와 함께 제어블록선도를 자세하게 나타내었으며, 그림에서 수동적인 고립운전검출에 대한 부분은 일반적인 방법에 의해 기본파 전압의 피크치 및 위상을 검출하기 때문에 생략하였다.</p> <h1>3. 제안된 \\( \\mathrm{HCIM} \\)에 의한 고립운전 검출</h1> <p>그림 2(b)에서 박스 \\( \\mathrm{A} \\)와 \\( \\mathrm{B} \\)는 \\( \\mathrm{HCIM} \\)을 구현하기 위하여 고조파 전류를 전류지령치에 주입하는 부분과 검출하는 부분이다. UIPV 시스템의 인버터는 \\( \\mathrm{AC} \\) 단 전류제어기를 갖고 있기 때문에 전류원이 되고, 전류원에 고조파 전류를 주입하면 부하단 전압은 기본파 성분에 고조파 전압이 동반되어 나타낸다. 전원이 무한용량의 모선임을 상기하면 개폐기가 닫혀있을 때에는 고조파 성분은 매우 작게 측정이 되고, 개폐기가 사고에 의해서 개방이 되면 주입한 고조파 성분의 전압이 증가한다. 따라서 고조파 전압의 크기의 증가를 감시 하여 고립운전을 검출할 수 있다. 고립운전 검출부에 서 계통이 정상일 때는 전류지령치가 전압제어기의 출력으로 유지가 되도록 하고, 개폐기 개방으로 판단되면 전류지령치를 영으로 하면서 UIPV내에 내장된 전자개폐기(MC1, \\( \\mathrm{MC2}) \\)를 차단한다.</p> <p>본 논문에서 제안한 HCIM에 의해 고립운전을 검출하기 위해서 전류제어기의 지령치 \\( i_{i}^{*} \\) 에 고조파 전류 \\( i_{n}^{*} \\)를 주입하여 인버터를 운전한다. 이를 식으로 표현하면 아래와 같이 나타낼 수 있다. 식 (4)에서 \\( I_{n}^{*} \\)와 \\( \\omega_{n} \\), 그리고 \\( \\phi_{n} \\)은 각각 주입할 고조파의 실효치와 주파수, 위상각을 말한다. 그리고 식 (5)의 \\( i_{i}^{*} \\) 에 주입할 고조파 전류 \\( i_{n}^{*} \\)를 더하여 새롭게 적용될 전류지렁치이다. 그림 2(b)의 점선 박스A에 고조파 전류를 주입하는 제어블록선도를 나타내었다.</p>",
                "context_length": 1526,
                "summary": "부하의 요구전력과 발전출력이 일치하는 임계 운전조건에서는 능동적인 검출방법이 검출특성의 면에서는 우수하지만 부하의 요구전력이 발전출력보다 크거나 작은 경우에는 수동적인 방법이 우수하므로 최종적인 고립운전의 검출은 수동적인 방법과 능동적인 방법을 동시에 적용하여 모든 부하조건에서 빠르고 안정된 검출특성을 갖도록 설계하여야 한다. 그래서 본 논문에서는 인버터에 미량의 고조파 전류를 주입하고 인버터의 출력단에서 고조파 전압의 크기를 측정하는 고조파 전류 주입법을 제안하여 고립운전 검출하였다.",
                "clue": [
                    {
                        "clue_text": "본 논문에서는 고립운전 검출을 위하여 인버터에 미량의 고조파 전류를 주입하고 인버터의 출력단에서 고조파 전압의 크기를 측정하는 고조파 전류 주입법 (HCIM : Harmonic Current Injection Method)을 제안하였다.",
                        "clue_start": "241",
                        "clue_end": "373"
                    },
                    {
                        "clue_text": "따라서 고조파 전압의 크기의 증가를 감시 하여 고립운전을 검출할 수 있다. 고립운전 검출부에 서 계통이 정상일 때는 전류지령치가 전압제어기의 출력으로 유지가 되도록 하고, 개폐기 개방으로 판단되면 전류지령치를 영으로 하면서 UIPV내에 내장된 전자개폐기(MC1, \\( \\mathrm{MC2}) \\)를 차단한다.",
                        "clue_start": "991",
                        "clue_end": "1164"
                    },
                    {
                        "clue_text": "부하의 요구전력과 발전출력이 일치하는 임계 운전조건에서는 능동적인 검출방법이 검출특성의 면에서는 우수하지만 그 이외의 조건 즉, 부하의 요구전력이 발전출력보다 크거나 작은 경우에는 수동적인 방법이 우수하므로, 최종적인 고립운전의 검출은 앞서 설명한 수동적인 방법과 능동적인 방법을 동시에 적용하여 모든 부하조건에서 빠르고 안정된 검출특성을 갖도록 설계하는 것이 일반적이다.",
                        "clue_start": "25",
                        "clue_end": "233"
                    }
                ],
                "terminology": [
                    {
                        "word": "HCIM"
                    },
                    {
                        "word": "Harmonic"
                    },
                    {
                        "word": "Injection"
                    },
                    {
                        "word": "UIPV"
                    },
                    {
                        "word": "UIPV 시스템"
                    },
                    {
                        "word": "개폐기"
                    },
                    {
                        "word": "검출방법"
                    },
                    {
                        "word": "고립운전"
                    },
                    {
                        "word": "고조파"
                    },
                    {
                        "word": "고조파 성분"
                    },
                    {
                        "word": "고조파 전류"
                    },
                    {
                        "word": "고조파 전류 주입법"
                    },
                    {
                        "word": "고조파 전압"
                    },
                    {
                        "word": "기본파 전압"
                    },
                    {
                        "word": "발전출력"
                    },
                    {
                        "word": "부하단"
                    },
                    {
                        "word": "부하단 전압"
                    },
                    {
                        "word": "위상"
                    },
                    {
                        "word": "위상각"
                    },
                    {
                        "word": "임계 운전조건"
                    },
                    {
                        "word": "전류"
                    },
                    {
                        "word": "전류지령치"
                    },
                    {
                        "word": "전자개폐기"
                    },
                    {
                        "word": "제어블록선도"
                    },
                    {
                        "word": "제어신호"
                    },
                    {
                        "word": "주파수"
                    },
                    {
                        "word": "출력전력"
                    },
                    {
                        "word": "피크치"
                    }
                ]
            },
            {
                "context_id": "55e-0c9-22e1f7be-1d5f-48e4-92a8-57288fc72965",
                "context_K-NSCC": {
                    "field": "인공물",
                    "large_category": "ED",
                    "medium_category": "99"
                },
                "context": "<h1>1. 서 론</h1> <p>계통연계형 태양광발전시스템(UIPVS)은 계통과 연계하여 동작하기 때문에 기기 및 사람의 안전을 위해 계통의 사고를 검출하여 시스템을 정지시키는 기능이 반드시 필요하다. 계통의 사고는 지락, 선간 단락, 정전 및 인위적인 개폐기의 개방 등을 들 수 있다. 지락이나 선간 단락과 같은 사고가 발생하게 되면 계통쪽의 보호회로가 동작하여 수전단 개폐기가 개방되고 UIPV시스템은 이를 검출하여 운전을 정지하여야 한다. 그리고 정전이나 유지보수를 위한 의도적인 수전단 개폐기의 개방이 발생할 수 있는데 UIPV 시스템이 계통과 분리되지 않을 경우 안전을 위해 계통 사고시와 마찬가지로 개폐기 개방을 검출하여 운전을 정지하여야 한다.</p> <p>전술한 어떤 원인에 의해서 수전단 개폐기가 개방되어 UIPV 시스템이 계통과 분리된 채로 독립적으로 발전을 계속하는 것을 고립운전이라 하고, 개폐기 개방을 즉각적으로 검출하여 시스템을 정지시키는 것을 고립운전방지(anti-islanding)라 한다. 개폐기가 개방되는 순간 UIPV 시스템 출력 전력과 부하의 요구전력의 차에 의해서 UIPV 시스템의 전압, 전류의 크기 및 위상의 변동이 발생하게 되므로 이들의 변화를 검출하여 고립운전을 중단할 수 있다. 이 방법에 의한 고립운전 검출방법을 수동적인 검출 방법이라 한다.</p> <p>그러나 부하의 요구전력과 UIPV 시스템의 출력 전력이 같을 경우 출력단 전압 및 전류의 변동이 없으므로 고립운전 여부를 판단하기 어려운 상태가 되고 출력전압 및 전류의 크기나 위상을 측정하는 것 이외에 다른 검출방법이 필요하다. 고립운전의 검출을 위해 전원측 개페기의 작동에 따른 인버터 운전특성을 살펴보면 다음과 같다.</p> <p>i) 인버터의 고속 스위칭 및 출력단 변압기의 비선형성에 의해서 인버터 출력단에는 필연적으로 고조파전류성분이 발생한다. 따라서 개폐기가 개방되면 계통 임피던스가 증가된 것으로 되어 인버터 출력단에서 측정되는 고조퐈 전압의 크기가 증대된다.</p> <p>ii) 계통이 정상일 때는 인버터의 출력전류의 크기나 위상을 변동시키더라도 무한용량의 계통 모선에 연결되어 있으므로 출력전압의 크기 및 위상은 거의 변화되지 않는다. 그러나 계통에 사고가 발생하여 개폐기가 개방되면 출력전압은 출력전류의 크기 및 위상의 변동에 영향을 받는다.</p> <p>위의 운전특성을 이용하여 UIPV시스템의 발전출력과 부하의 요구전력이 일치하는 경우에도 고립운전을 검출할 수 있는 다양한 기법이 개발되었으며 이들을 능동적인 방법이라 한다. 능동적인 검출기법은 3고조파 검출법, 주파수 변동 방법, 비대칭 기준 신호법 등이 있다.</p> <p>3 고조파 검출방법은 i)의 톡성을 이용한 것으로서 특히 변압기의 비선형성에 의해 나타나는 고조파의 크기를 감시하여 고립운전을 판별한다. 그러나 일반적으로 절연 변압기를 설계할 때 발전출력의 품질 향상을 위해서 선형영역 내에서 동작하도록 설계하므로 고조파 전압이 매우 작아 고립운전 여부를 판단하기 어렵다는 단점이 있다. 출력전류의 주파수 변동 방법이나 비대칭 기준 신호법 등은 ii)의 특성을 이용한 것으로서 검출특성 면에 있어서는 우수할 수 있으나 무효전력을 계통에 공급한다는 축면에서는 바람직하지 못하다. 이의 개선을 위해서 계통측에서 미소신호의 캐리어(carrier)를 주입하고, UIPV 시스템에서 그 캐리어를 검출하여 운전여부를 검출하는 방법이 있는데, 고립운전 검출 기법 중에서 매우 적극적인 검출방법이라고 볼 수 있다. 이 방법은 계통측에서 주입한 캐리어 신호가 UIPV시스템에서 검출되면 계통과의 연계에 이상이 없으므로 운전을 지속하지만, 캐리어가 검출되지 않으면 개폐기가 개방되어 있는 것이므로 인버터의 운전을 정지한다. 그러나 모선 측에서 캐리어를 주입하자면 전력 공급자가 제시하는 전력 사용기준에 위배되어 전력 공급자의 협조를 얻어야 하므로 한국을 비롯한 대부분의 국가에서는 적용하기 어렵다.</p> <p>따라서 본 논문에서는 계통측이 아니라 인비터 측에서 미량의 고조파 전류를 주입하고 인버터의 출력단에서 고조파 전압의 크기를 측정하는 고조파 전류 주입법(HCIM : Harmonic Current Injection Method)을 제안하였고, 검출 톡성을 분석하기 위해서 검출 방법의 기본원리와 주입할 고조파의 주파수, 크기의 결정 및 부하에 따른 검출특성 등에 대하여 기술하고 시뮬레이션 및 실험을 통하여 증명하였다.</p>",
                "context_length": 2187,
                "summary": "UIPV시스템의 발전출력과 부하 요구전력이 일치하는 경우에도 고립운전을 검출할 수 있는 기법을 능동적인 방법이라 하는데, 이중 출력전류의 주파수 변동 방법이나 비대칭 기준 신호법 등은 검출특성은 우수하나 무효전력을 계통에 공급하므로, 이를 개선하기 위해 계통측에서 주입한 미소신호의 캐리어를 UIPV 시스템에서 검출하여 운전여부를 판단하는 방법이 있으나, 이는 전력 공급자의 협조를 얻어야 하므로 대부분의 국가에서는 불가능하다. 따라서 본 연구에서는 인버터 측에서 미량의 고조파 전류를 주입하여 인버터 출력단에서 고조파 전압의 크기를 측정하는 고조파 전류 주입법을 제시하고, 다양한 특성을 실험을 통해 증명하고자 한다.",
                "clue": [
                    {
                        "clue_text": "위의 운전특성을 이용하여 UIPV시스템의 발전출력과 부하의 요구전력이 일치하는 경우에도 고립운전을 검출할 수 있는 다양한 기법이 개발되었으며 이들을 능동적인 방법이라 한다.",
                        "clue_start": "1165",
                        "clue_end": "1261"
                    },
                    {
                        "clue_text": "출력전류의 주파수 변동 방법이나 비대칭 기준 신호법 등은 ii)의 특성을 이용한 것으로서 검출특성 면에 있어서는 우수할 수 있으나 무효전력을 계통에 공급한다는 축면에서는 바람직하지 못하다.",
                        "clue_start": "1499",
                        "clue_end": "1604"
                    },
                    {
                        "clue_text": "이의 개선을 위해서 계통측에서 미소신호의 캐리어(carrier)를 주입하고, UIPV 시스템에서 그 캐리어를 검출하여 운전여부를 검출하는 방법이 있는데, 고립운전 검출 기법 중에서 매우 적극적인 검출방법이라고 볼 수 있다.",
                        "clue_start": "1605",
                        "clue_end": "1729"
                    },
                    {
                        "clue_text": "그러나 모선 측에서 캐리어를 주입하자면 전력 공급자가 제시하는 전력 사용기준에 위배되어 전력 공급자의 협조를 얻어야 하므로 한국을 비롯한 대부분의 국가에서는 적용하기 어렵다.",
                        "clue_start": "1845",
                        "clue_end": "1942"
                    },
                    {
                        "clue_text": "따라서 본 논문에서는 계통측이 아니라 인비터 측에서 미량의 고조파 전류를 주입하고 인버터의 출력단에서 고조파 전압의 크기를 측정하는 고조파 전류 주입법(HCIM : Harmonic Current Injection Method)을 제안하였고, 검출 톡성을 분석하기 위해서 검출 방법의 기본원리와 주입할 고조파의 주파수, 크기의 결정 및 부하에 따른 검출특성 등에 대하여 기술하고 시뮬레이션 및 실험을 통하여 증명하였다.",
                        "clue_start": "1950",
                        "clue_end": "2183"
                    }
                ],
                "terminology": [
                    {
                        "word": "HCIM"
                    },
                    {
                        "word": "Harmonic"
                    },
                    {
                        "word": "Injection"
                    },
                    {
                        "word": "UIPV"
                    },
                    {
                        "word": "UIPV시스템"
                    },
                    {
                        "word": "anti-islanding"
                    },
                    {
                        "word": "개폐기"
                    },
                    {
                        "word": "검출기법"
                    },
                    {
                        "word": "검출방법"
                    },
                    {
                        "word": "계통 임피던스"
                    },
                    {
                        "word": "계통연계형"
                    },
                    {
                        "word": "계통연계형 태양광발전시스템"
                    },
                    {
                        "word": "계통의 사고"
                    },
                    {
                        "word": "고립운전"
                    },
                    {
                        "word": "고립운전방지"
                    },
                    {
                        "word": "고속 스위칭"
                    },
                    {
                        "word": "고조파"
                    },
                    {
                        "word": "고조파 전류"
                    },
                    {
                        "word": "고조파 전류 주입법"
                    },
                    {
                        "word": "고조파 전압"
                    },
                    {
                        "word": "고조파전류성분"
                    },
                    {
                        "word": "모선"
                    },
                    {
                        "word": "무효전력"
                    },
                    {
                        "word": "미소신호"
                    },
                    {
                        "word": "발전출력"
                    },
                    {
                        "word": "변압기"
                    },
                    {
                        "word": "보호회로"
                    },
                    {
                        "word": "비대칭 기준 신호법"
                    },
                    {
                        "word": "비선형성"
                    },
                    {
                        "word": "선간 단락"
                    },
                    {
                        "word": "선형영역"
                    },
                    {
                        "word": "수전단"
                    },
                    {
                        "word": "수전단 개폐기"
                    },
                    {
                        "word": "스위칭"
                    },
                    {
                        "word": "시뮬레이션"
                    },
                    {
                        "word": "위상"
                    },
                    {
                        "word": "인버터 출력단"
                    },
                    {
                        "word": "인비터"
                    },
                    {
                        "word": "임피던스"
                    },
                    {
                        "word": "전력 공급자"
                    },
                    {
                        "word": "전류"
                    },
                    {
                        "word": "전원측"
                    },
                    {
                        "word": "절연 변압기"
                    },
                    {
                        "word": "주파수"
                    },
                    {
                        "word": "주파수 변동 방법"
                    },
                    {
                        "word": "출력 전력"
                    },
                    {
                        "word": "출력단 전압"
                    },
                    {
                        "word": "출력전류"
                    },
                    {
                        "word": "출력전압"
                    },
                    {
                        "word": "캐리어"
                    },
                    {
                        "word": "캐리어 신호"
                    }
                ]
            },
            {
                "context_id": "55e-0c9-0dbbf579-b34b-492b-b836-c4ce480b5d77",
                "context_K-NSCC": {
                    "field": "인공물",
                    "large_category": "ED",
                    "medium_category": "99"
                },
                "context": "<h1>6. 고립운전 검출 실험</h1> <p>시뮬레이션과 같은 조건인 표 1 의 단상 \\( 3[\\mathrm{~kW}] \\)급 계통연계형 태양광발전시스템을 대상으로 실험하였다. 부하조건 또한 시뮬레이션과 마찬가지로 표 2의 부하조건에 대해 검출 특성을 분석하였다.</p> <p>그림 11은 그림 4의 (d)에 해당하는 역률 \\( 0.87 \\)의 부하를 인가했을 때의 실험 파형이다. 그림 11(a)와 (b)에 의해 부하단 전압 \\( v_{L} \\) 및 인버터 출력전류 \\( i_{i} \\)는 계통에 고장이 발생하면 크기변동은 없고 위상변동 \\( \\left(30^{\\circ}\\right) \\)만 있음을 보여준다. 그림 11(c)와 (d)는 계통 고장시 고조파 전압의 크기가 증가됨을 보여주는데 고조파 전압의 실효치가 약 0.1[sec]의 과도상태가 경과된 뒤 \\( 2.6[\\mathrm{V}] \\)정도가 된다.</p> <p>그림 12는 그림 4의 (b)에 해당하는 순저항 부하를 인가했을 때의 파형이다. 그림 12(a)와 (b)에 의해 부하단 전압 및 인버터 출력전류의 변화가 없음을 알 수 있고, 그림 12(c)와 (d)는 계통 고장시 고조파 전압의 크기가 증가됨을 보여준다. 고조파 전압의 실효치가 약 0.1[sec]의 과도상태가 경과된 뒤 \\( 1.5[\\mathrm{V}] \\)정도가 된다.</p> <p>그림 13은 역률 \\( 0.87 \\)의 용량성 부하일 경우의 실험파형으로서 그림 4의 (e)점일 때의 부하조건이 주어진 경우이다. 그림 13(a)와 (b)는 유도성 부하일 때와 마찬가지로 계통의 고장시 출력전압 및 전류의 크기변화는 없지만 \\( -30^{\\circ} \\)의 위상차가 있음을 보여준다. 그림 14(c) 및 (d)는 고조파 전압의 피기가 고립운전 발생 즉시 증가하여 \\( 0.1[\\mathrm{sec}] \\)의 과도상태 후 실효치는 약 \\( 1.25[\\mathrm{V}] \\)가 된 것을 보여주고 있다.</p> <p>그림 14는 검출 고조파의 크기를 감시하여 \\( 1.25[\\mathrm{V}] \\)에 이르게 되면 시스템의 우.선을 성지시키는 것을 보여준다. 고립운전의 발생 시점부터 시스템 정지까지 약 \\( 0.18[\\mathrm{sec}] \\)정도 시간이 소요되었다.</p> <p>제안된 HCIM의 부하별 동작 특성을 분석하기 위하여 시뮬레이션의 경우와 같은 부하조건을 만들어 실험하였다. 식 (20)에 의하여 결정된 유도성, 저항성 및 용량성 부하에 대하여 기본파 전압의 크기가 변화하지않음을 확인할 수 있었고, 이러한 부하에 대해서도 \\( \\mathrm{HCIM} \\) 에 의해서 계통의 고장을 판별할 수 있음을 확인할 수 있었다. 발생 고조파 전압의 크기는 유도성부하일 때 크고, 용량성 부하일 때 작아지는 것을 볼 수 있다.</p> <p>표 4는 산술적으로 예측된 고조파 전압과 실험에서 검출된 고조파 전압의 비를 나타낸 것과 같이 약 \\( 0.3 \\)의 평균비를 나타내었다. 예측값과 실제 검출된 고조파의 차이는 주입된 고조파가 전류제어기의 밴드폭 및 PWM 변조에 의해서 감쇄되기 때문이다. 표 3의 시뮬레이션과도 결과가 차이를 보이는데 이는 실 시스템의 정수값이 오차를 갖고 있기 때문이다.</p>",
                "context_length": 1588,
                "summary": "고립운전 검출 시험하였을 때, 부하단 전압 \\( v_{L} \\) 및 인버터 출력전류 \\( i_{i} \\)는 계통에 고장이 발생하면 크기변동은 없고 위상변동 \\( \\left(30^{\\circ}\\right) \\)이 생기고 계통 고장시 고조파 전압의 크기가 증가되고 고조파 전압의 실효치가 약 \\( 0.1[\\mathrm{sec}] \\)의 과도상태가 지나고 \\( 2.6[\\mathrm{V}] \\)정도가 된다는 것을 알 수 있다. 또한 부하단 전압 및 인버터 출력전류의 변화가 없다. 유도성 부하일 때와 마찬가지로 계통의 고장시 출력전압 및 전류의 크기변화는 없지만 \\( -30^{\\circ} \\)의 위상차가 생긴다. 고조파 전압의 피기가 고립운전 발생 즉시 증가하여 \\( 0.1[\\mathrm{sec}] \\)의 과도상태 후 실효치는 약 \\( 1.25[\\mathrm{V}] \\)가 된 것을 알 수 있다.",
                "clue": [
                    {
                        "clue_text": "그림 11(a)와 (b)에 의해 부하단 전압 \\( v_{L} \\) 및 인버터 출력전류 \\( i_{i} \\)는 계통에 고장이 발생하면 크기변동은 없고 위상변동 \\( \\left(30^{\\circ}\\right) \\)만 있음을 보여준다.",
                        "clue_start": "215",
                        "clue_end": "343"
                    },
                    {
                        "clue_text": "그림 11(c)와 (d)는 계통 고장시 고조파 전압의 크기가 증가됨을 보여주는데 고조파 전압의 실효치가 약 0.1[sec]의 과도상태가 경과된 뒤 \\( 2.6[\\mathrm{V}] \\)정도가 된다.",
                        "clue_start": "344",
                        "clue_end": "454"
                    },
                    {
                        "clue_text": "그림 12(a)와 (b)에 의해 부하단 전압 및 인버터 출력전류의 변화가 없음을 알 수 있고, 그림 12(c)와 (d)는 계통 고장시 고조파 전압의 크기가 증가됨을 보여준다.",
                        "clue_start": "507",
                        "clue_end": "604"
                    },
                    {
                        "clue_text": "그림 13(a)와 (b)는 유도성 부하일 때와 마찬가지로 계통의 고장시 출력전압 및 전류의 크기변화는 없지만 \\( -30^{\\circ} \\)의 위상차가 있음을 보여준다.",
                        "clue_start": "751",
                        "clue_end": "845"
                    },
                    {
                        "clue_text": "그림 14(c) 및 (d)는 고조파 전압의 피기가 고립운전 발생 즉시 증가하여 \\( 0.1[\\mathrm{sec}] \\)의 과도상태 후 실효치는 약 \\( 1.25[\\mathrm{V}] \\)가 된 것을 보여주고 있다.",
                        "clue_start": "846",
                        "clue_end": "966"
                    }
                ],
                "terminology": [
                    {
                        "word": "HCIM"
                    },
                    {
                        "word": "PWM"
                    },
                    {
                        "word": "PWM 변조"
                    },
                    {
                        "word": "계통연계형"
                    },
                    {
                        "word": "계통연계형 태양광발전시스템"
                    },
                    {
                        "word": "고립운전"
                    },
                    {
                        "word": "고조파"
                    },
                    {
                        "word": "고조파 전압"
                    },
                    {
                        "word": "기본파 전압"
                    },
                    {
                        "word": "밴드폭"
                    },
                    {
                        "word": "부하단"
                    },
                    {
                        "word": "부하단 전압"
                    },
                    {
                        "word": "산술적"
                    },
                    {
                        "word": "순저항 부하"
                    },
                    {
                        "word": "시뮬레이션"
                    },
                    {
                        "word": "실험파형"
                    },
                    {
                        "word": "실효치"
                    },
                    {
                        "word": "역률"
                    },
                    {
                        "word": "용량성 부하"
                    },
                    {
                        "word": "위상변동"
                    },
                    {
                        "word": "위상차"
                    },
                    {
                        "word": "인버터 출력전류"
                    },
                    {
                        "word": "전류"
                    },
                    {
                        "word": "전압의 실효치"
                    },
                    {
                        "word": "출력전류"
                    },
                    {
                        "word": "출력전압"
                    },
                    {
                        "word": "파형"
                    }
                ]
            },
            {
                "context_id": "55e-0c9-6a6b76a2-2b03-453e-9eba-65c5656e6acb",
                "context_K-NSCC": {
                    "field": "인공물",
                    "large_category": "ED",
                    "medium_category": "99"
                },
                "context": "<p>\\( i_{n}^{*}=\\sqrt{2} I_{n}^{*} \\sin \\left(\\omega_{n} t+\\phi_{n}\\right) \\)<caption>(4)</caption></p> <p>\\( i_{\\text {ref }}^{*}=i_{i}^{*}+i_{n}^{*} \\)<caption>(5)</caption></p> <p>이와 같이 고조파 전류지령을 인버터 출력 기준전류에 주입하여 운전하면 그림 1의 인버터 시스템에서 교류출력단 전압 \\( v_{L} \\)에 고조파 전압 성분으로 나타나게 된</p> <p>다. 이를 대역통과필터로 통과시키면 주입한 고조파전압 \\( v_{n} \\) 성분만이 나타나게 되고, \\( v_{n} \\)의 크기를 취하여 저역필터를 통과시키면 고조파의 전압의 크기 \\( V_{n} \\)를 구할 수 있다. 고조파 전압의 진폭 \\( V_{n} \\)의 변화를 감시하여 고립운전상태 여부를 판단한다. 이상의 검출 블록선도를 그림 \\( 2(\\mathrm{~b}) \\)의 점선 박스B에 나타내었다.</p> <p>제안된 고주파전류 주입방식(HCIM)에 의한 고립운전 검출기법은 앞서 언급했듯이 전원의 고장시 등가임피던스의 변화를 이용한 방식으로서 다른 검출에 비해 상대적으로 구현이 아주 간단하고 확실한 검출특성을 보여준다. 계통이 정상이고 부하소비전력과 태양광발전시스템의 출력전력이 일치할 경우 인버터 출력단과 전원축 사이에는 기본파 성분 전류가 흐르지 않을 것이고 기본파에 대하여 임피던스 상태가 된다. 그러나 고조파 성분 전류는 전원측으로 유입이 될 수 있으며 그림 3과 같이 태양광발전시스템의 AC부분의 회로에서 인버터 출력단은 부하가 연결되어 있으므로, 전원이 정상일 때의 인버터 출력단 임피던스 \\( Z_{N O M} \\)은 식 (6)과 같이 전원측 등가임피던스 \\( Z_{S n}=R_{S}+j X_{S n} \\)와 부하임피던스 \\( Z_{L n}=R_{L}+j X_{L n} \\)의 병렬회로의 등가 임피던스가 된다. 여기서 \\( Z_{S n} \\)와 \\( Z_{\\mathrm{Ln}} \\)은 주입 고조파의 주파수 \\( \\omega_{n} \\)에 대한 임피던스를 나타내고 있다.</p> <p>\\( Z_{N O M}=\\left(R_{S}+j X_{S n}\\right) / /\\left(R_{L}+j X_{\\mathrm{Ln}}\\right) \\)<caption>(6)</caption></p> <p>전원측의 사고나 유지보수를 위해 개폐기가 개방되어 태양광 발전시스템과 계통이 서로 분리될 경우 인버터에서 바라본 전체 등가임피던스 \\( Z_{F L T} \\)는 부하임피던스 \\( Z_{\\mathrm{Ln}} \\)이 되는데 이를 식 (7)에 나타내었다.</p> <p>\\( Z_{F L T}=R_{L}+j X_{\\mathrm{Ln}} \\)<caption>(7)</caption></p> <p>계통의 고장여부에 상관없이 고조파 전류 \\( I_{n} \\)을 일정하게 주입한다면, 고조파전압 \\( V_{n} \\)은 정상일 때와 이상일 때의 임피던스 \\( Z_{N O M} \\) 및 \\( Z_{F L T} \\)에 대하여 아래 식과 같이 나타낼 수 있다.</p> <p>\\( V_{n 1}=Z_{N O M} I_{n} \\)<caption>(8)</caption></p> <p>\\( V_{n 2}=Z_{F L T} I_{n} \\)<caption>(9)</caption></p> <p>전원측 임피던스에 비해서 부하측 임피던스가 매우 크므로 식 (6)에 의해서 전원이 정상일 때는 등가 임피던스는 전원측 임피던스에 근사하고, 식 (7)에 의해서 개폐기 개방시 등가 임피던스는 부하 임피넌스에 근사해진다. 따라서 식 (8)과 (9)를 통해서 알 수 있듯이 주입한 기주파전류에 의한 고주퐈 전압을 축정하여 보면 사고발생 즉시 증가하게 된다. 여기서 정상상태의 등가 임피던스와 고장시의 등가 임피던스의 비를 \\( x \\)라 하면 다음의 관계로 표현된다.</p> <p>\\( \\chi=\\frac{V_{n 2}}{V_{n 1}}=\\frac{Z_{F L T}}{Z_{N O M}} \\)<caption>(10)</caption></p>",
                "context_length": 2028,
                "summary": "제안된 고주파전류 주입방식(HCIM)에 의한 고립운전 검출기법은 전원의 고장시 등가임피던스의 변화를 이용한 방식으로서 구현이 아주 간단하고 확실한 검출특성을 보여주는데, 계통이 정상이고 부하소비전력과 태양광발전시스템의 출력전력이 일치할 경우 인버터 출력단과 전원측 사이에는 기본파 성분 전류가 흐르지 않을 것이고 기본파에 대하여 임피던스 상태가 된다. 전원측의 사고나 유지보수를 위해 개폐기가 개방되어 태양광 발전시스템과 계통이 서로 분리될 경우 인버터에서 바라본 전체 등가임피던스 \\( Z_{F L T} \\)는 부하임피던스 \\( Z_{\\mathrm{Ln}} \\)이 되고, 계통의 고장여부에 상관없이 고조파 전류 \\( I_{n} \\)을 일정하게 주입했을 때는, 고조파전압 \\( V_{n} \\)은 정상일 때와 이상일 때의 임피던스 \\( Z_{N O M} \\) 및 \\( Z_{F L T} \\)에 대하여 수식으로 나타낼 수 있다.",
                "clue": [
                    {
                        "clue_text": "제안된 고주파전류 주입방식(HCIM)에 의한 고립운전 검출기법은 앞서 언급했듯이 전원의 고장시 등가임피던스의 변화를 이용한 방식으로서 다른 검출에 비해 상대적으로 구현이 아주 간단하고 확실한 검출특성을 보여준다.",
                        "clue_start": "519",
                        "clue_end": "637"
                    },
                    {
                        "clue_text": "전원측의 사고나 유지보수를 위해 개폐기가 개방되어 태양광 발전시스템과 계통이 서로 분리될 경우 인버터에서 바라본 전체 등가임피던스 \\( Z_{F L T} \\)는 부하임피던스 \\( Z_{\\mathrm{Ln}} \\)이 되는데 이를 식 (7)에 나타내었다.",
                        "clue_start": "1188",
                        "clue_end": "1328"
                    },
                    {
                        "clue_text": "계통이 정상이고 부하소비전력과 태양광발전시스템의 출력전력이 일치할 경우 인버터 출력단과 전원축 사이에는 기본파 성분 전류가 흐르지 않을 것이고 기본파에 대하여 임피던스 상태가 된다.",
                        "clue_start": "638",
                        "clue_end": "739"
                    },
                    {
                        "clue_text": "계통의 고장여부에 상관없이 고조파 전류 \\( I_{n} \\)을 일정하게 주입한다면, 고조파전압 \\( V_{n} \\)은 정상일 때와 이상일 때의 임피던스 \\( Z_{N O M} \\) 및 \\( Z_{F L T} \\)에 대하여 아래 식과 같이 나타낼 수 있다.",
                        "clue_start": "1405",
                        "clue_end": "1547"
                    }
                ],
                "terminology": [
                    {
                        "word": "HCIM"
                    },
                    {
                        "word": "개폐기"
                    },
                    {
                        "word": "검출기법"
                    },
                    {
                        "word": "고립운전"
                    },
                    {
                        "word": "고조파"
                    },
                    {
                        "word": "고조파 성분"
                    },
                    {
                        "word": "고조파 성분 전류"
                    },
                    {
                        "word": "고조파 전류"
                    },
                    {
                        "word": "고조파 전류지령"
                    },
                    {
                        "word": "고조파 전압 성분"
                    },
                    {
                        "word": "고조파전압"
                    },
                    {
                        "word": "고주파전류"
                    },
                    {
                        "word": "고주파전류 주입방식"
                    },
                    {
                        "word": "교류출력단"
                    },
                    {
                        "word": "교류출력단 전압"
                    },
                    {
                        "word": "근사"
                    },
                    {
                        "word": "기본파 성분 전류"
                    },
                    {
                        "word": "대역통과필터"
                    },
                    {
                        "word": "등가임피던스"
                    },
                    {
                        "word": "병렬회로"
                    },
                    {
                        "word": "부하임피던스"
                    },
                    {
                        "word": "블록선도"
                    },
                    {
                        "word": "인버터 시스템"
                    },
                    {
                        "word": "인버터 출력 기준전류"
                    },
                    {
                        "word": "인버터 출력단"
                    },
                    {
                        "word": "임피던스"
                    },
                    {
                        "word": "저역필터"
                    },
                    {
                        "word": "전류"
                    },
                    {
                        "word": "전류지령"
                    },
                    {
                        "word": "전원측"
                    },
                    {
                        "word": "전원측 임피던스"
                    },
                    {
                        "word": "주파수"
                    },
                    {
                        "word": "진폭"
                    },
                    {
                        "word": "출력전력"
                    },
                    {
                        "word": "회로"
                    }
                ]
            },
            {
                "context_id": "55e-0c9-753c45f7-1e40-47f6-a5d5-242ff73d75a6",
                "context_K-NSCC": {
                    "field": "인공물",
                    "large_category": "ED",
                    "medium_category": "09"
                },
                "context": "<h2>\\( 2.2 \\) UIPV 시스템 제어</h2> <p>태양광 발전시스템은 변화하는 태양전지 어레이의 표면온도나 일사량 조건에도 불구하고 최대출력을 낼 수 있어야 한다. 더구나 계통연계형 시스템의 경우 단위역률을 유지해야 할 뿐만 아니라 낮은 THD를 유지해야 될 필요성이 있다. 이와 같은 정밀 제어를 위해서 UIPV시스템의 제어부는 MPPT제어기, 직류단 전압제어기 및 교류단 전류제어기로 구성되어 있다.</p> <p>그림 1(b)에 나타낸 태양전지의 출력특성에 의하면 태양전지의 출력단 전압 \\( v_{c} \\) 를 최대전력점 전압 \\( V_{M P} \\)가 되도록 제어하면 태양전지 어레이에서 최대출력 \\( P_{M A X} \\)를 발생시킬 수 있다. 따라서 MPPT제어기는 최대전력 발생을 위한 출력단 전압지령치 \\( v_{c}^{*} \\)를 발생시킨다. 최대전력점을 추적하는 방식의 제어방식으로 \\( \\mathrm{P \\& O} \\) 법이나 Incremental Conductance법 등을 듷 수 있다.</p> <p>인버터가 단위역률 운전을 한다고 가정할 때, 전압 \\( v_{c} \\)는 인버터 출력전류의 실효치의 크기 \\( I_{i} \\)에 의해서 변화시킬 수 있다. 따라서 직류난 전압제어기는 식 (1)과 같이 PI제어기로 구성할 수 있고, 전앖지령치 \\( v_{c}^{*} \\)와 직류단 전압 \\( v_{c} \\) 의 오차가 영이 되도록 \\( \\mathrm{AC} \\) 출력 전류지령치 \\( r_{i}^{*} \\)를 출력한다. 선압제어기의 제어툭성을 개선하기 위해서 식 (1)의 마지막 항에 나타낸 것처럼 전압제어기에 전향제어 항을 추가한다.</p> <p>\\( I_{i}^{*}=K_{P}\\left(v_{c}^{*}-v_{c}\\right)+K_{I} \\int\\left(v_{c}^{*}-v_{c}\\right) d t+K_{F W} i_{s o l} \\)<caption>(1)</caption></p> <p>\\( K_{P}, K_{I} \\) :전압제어기 비례, 적분이픅 \\( K_{F W} \\) :전향제어기 이눈, \\( i_{s s l} \\) :태양전지 출력전류</p> <p>직류단 전압제어기 출력 \\( I_{i}^{*} \\div \\) 국출력전류 지령치의 실효치이므로 순시 \\( \\mathrm{AC} \\) 선류지령치 \\( i_{i}^{*} \\)로 바꾸기 위해 식 (2)를 적용할 수 있다. 식에서 \\( \\sin (\\omega t+\\phi) \\)는 전류지령치를 전원전압에 대하여 위상 \\( \\phi \\) 만큼 위상차를 갖는 정현파가 되도록 한다. 전류지령치의 위상각을 \\( \\phi=0 \\)로 제어할 경우 단위역룰 운전이 되며 태양광발전시스템은 유효전력 성분반 출력하게 된다. 그러나 \\( \\mathrm{AC} \\) 부하 에서 무효전력을 요구할 경우 \\( \\phi \\)를 적전히 제어하여 부하의 무효전력을 태양광발선시스템에서 보상하도록 함으로써 전원측에서의 역률이 최대가 되도록 운전하는 방식을 갖을 수도 있다 .</p> <p>\\( i_{i}^{*}=\\sqrt{2} I_{i}^{*} \\sin (\\omega t+\\phi) \\)<caption>(2)</caption></p> <p>전류제어기는 순시 전뉴지령치 \\( i_{i}^{*} \\)를 실제전류 \\( i_{i} \\)가 추종하도록 제어하는데, 논 는문에서는 PI전류제어기 보다 속응성이 좋고 고정된 스위칭 주파수를 갖는 예측전류제어기를 적용하였다. 식 (3)은 선로저항을 무시한 경우의 예측전류제어기로서 \\( \\mathrm{AC} \\) 측 \\( \\mathrm{KVL} \\) 방정식을 이산화 하여 얻을 수 있다.</p> <p>\\( v_{i}^{*}(k+1)=v_{L}(k)+L_{i} \\frac{i_{i}(k+1)-i_{i}(k)}{T_{s}} \\)<caption>(3)</caption></p> <p>\\( v_{L}: \\mathrm{AC} \\) 부하단 전압 \\( \\quad L_{i}: \\mathrm{AC} \\) 인덕턴스</p> <p>\\( v_{i}^{*} \\) : 인버터 출력전압 지령치 \\( T_{S} \\) : 스위칭주기</p> <p>이상의 MPPT제어기, 전압제어기 및 전류제어기를 제어 블록선도로 나타내면 그림 2(a)와 직류 등가신호로서 간략하게 나타낼 수 있다.</p>",
                "context_length": 2100,
                "summary": "태양광 발전 시스템은 최대출력 항상성을 위해 UIPV시스템의 제어부는 MPPT제어기, 직류단 전압제어기 및 교류단 전류제어기로 정밀제어를 구성하고 있고 최대전력점 예측에 \\( \\mathrm{P \\& O} \\) 법이나 Incremental Conductance법을 사용하고 있다. 인버터가 단위역률 운전시에는 출력전류의 실효치 크기로 전압을 변화하고 직류단 제어기에서는 PI제어기로 구성되어 앞의 전압지령치와 직류단 전압의 오차가 0이 되도록 출력 전류지령치를 제어한다. 전원측에서의 역률이 최대가 되도록 태양광발선시스템에서 보상하여 운전을 하는 방법도 존재한다.",
                "clue": [
                    {
                        "clue_text": "이와 같은 정밀 제어를 위해서 UIPV시스템의 제어부는 MPPT제어기, 직류단 전압제어기 및 교류단 전류제어기로 구성되어 있다.",
                        "clue_start": "160",
                        "clue_end": "231"
                    },
                    {
                        "clue_text": "최대전력점을 추적하는 방식의 제어방식으로 \\( \\mathrm{P \\& O} \\) 법이나 Incremental Conductance법 등을 듷 수 있다.",
                        "clue_start": "431",
                        "clue_end": "515"
                    },
                    {
                        "clue_text": "인버터가 단위역률 운전을 한다고 가정할 때, 전압 \\( v_{c} \\)는 인버터 출력전류의 실효치의 크기 \\( I_{i} \\)에 의해서 변화시킬 수 있다.",
                        "clue_start": "523",
                        "clue_end": "609"
                    },
                    {
                        "clue_text": "따라서 직류난 전압제어기는 식 (1)과 같이 PI제어기로 구성할 수 있고, 전앖지령치 \\( v_{c}^{*} \\)와 직류단 전압 \\( v_{c} \\) 의 오차가 영이 되도록 \\( \\mathrm{AC} \\) 출력 전류지령치 \\( r_{i}^{*} \\)를 출력한다.",
                        "clue_start": "610",
                        "clue_end": "756"
                    },
                    {
                        "clue_text": "그러나 \\( \\mathrm{AC} \\) 부하 에서 무효전력을 요구할 경우 \\( \\phi \\)를 적전히 제어하여 부하의 무효전력을 태양광발선시스템에서 보상하도록 함으로써 전원측에서의 역률이 최대가 되도록 운전하는 방식을 갖을 수도 있다 .",
                        "clue_start": "1343",
                        "clue_end": "1475"
                    }
                ],
                "terminology": [
                    {
                        "word": "Conductance법"
                    },
                    {
                        "word": "Incremental Conductance법"
                    },
                    {
                        "word": "MPPT제어기"
                    },
                    {
                        "word": "PI전류제어기"
                    },
                    {
                        "word": "PI제어기"
                    },
                    {
                        "word": "THD"
                    },
                    {
                        "word": "UIPV"
                    },
                    {
                        "word": "UIPV시스템"
                    },
                    {
                        "word": "계통연계형"
                    },
                    {
                        "word": "계통연계형 시스템"
                    },
                    {
                        "word": "국출력전류"
                    },
                    {
                        "word": "단위역률"
                    },
                    {
                        "word": "등가신호"
                    },
                    {
                        "word": "무효전력"
                    },
                    {
                        "word": "방정식"
                    },
                    {
                        "word": "부하단"
                    },
                    {
                        "word": "부하단 전압"
                    },
                    {
                        "word": "블록선도"
                    },
                    {
                        "word": "선로저항"
                    },
                    {
                        "word": "속응성"
                    },
                    {
                        "word": "순시"
                    },
                    {
                        "word": "스위칭"
                    },
                    {
                        "word": "스위칭 주파수"
                    },
                    {
                        "word": "스위칭주기"
                    },
                    {
                        "word": "실제전류"
                    },
                    {
                        "word": "실효치"
                    },
                    {
                        "word": "역률"
                    },
                    {
                        "word": "예측전류제어기"
                    },
                    {
                        "word": "위상"
                    },
                    {
                        "word": "위상각"
                    },
                    {
                        "word": "위상차"
                    },
                    {
                        "word": "유효전력"
                    },
                    {
                        "word": "이산화"
                    },
                    {
                        "word": "인덕턴스"
                    },
                    {
                        "word": "인버터 출력전류"
                    },
                    {
                        "word": "인버터 출력전압"
                    },
                    {
                        "word": "일사량"
                    },
                    {
                        "word": "적분"
                    },
                    {
                        "word": "전류지령치"
                    },
                    {
                        "word": "전압지령치"
                    },
                    {
                        "word": "전원전압"
                    },
                    {
                        "word": "전원측"
                    },
                    {
                        "word": "전향제어"
                    },
                    {
                        "word": "정현파"
                    },
                    {
                        "word": "제어 블록선도"
                    },
                    {
                        "word": "제어방식"
                    },
                    {
                        "word": "제어부"
                    },
                    {
                        "word": "주파수"
                    },
                    {
                        "word": "직류"
                    },
                    {
                        "word": "직류단"
                    },
                    {
                        "word": "직류단 전압"
                    },
                    {
                        "word": "직류단 전압제어기"
                    },
                    {
                        "word": "최대전력점"
                    },
                    {
                        "word": "최대전력점 전압"
                    },
                    {
                        "word": "최대출력"
                    },
                    {
                        "word": "출력단 전압"
                    },
                    {
                        "word": "출력전류"
                    },
                    {
                        "word": "출력전압"
                    },
                    {
                        "word": "출력특성"
                    },
                    {
                        "word": "태양전지 어레이"
                    },
                    {
                        "word": "표면온도"
                    }
                ]
            },
            {
                "context_id": "55e-0c9-717dabbe-aae5-48ff-bad9-50ed57e51a1f",
                "context_K-NSCC": {
                    "field": "인공물",
                    "large_category": "ED",
                    "medium_category": "09"
                },
                "context": "<h1>4. 고립운전 시험조건</h1> <p>UIPV시스템의 괴립운전 검출특성을 테스트하기 위해서는 개폐기가 개방되었을 때 고립운전이 발생할 수 있는 부하조건을 구해야 한다. 이롤 위하여 [1], [2]에서 Michael E. Ropp는 매우 유용한 해석적 시헌 절차를 제시하였다. 이 방법은 매우 적절하고 정확한 테스트가 가능한 반면 즉각적인 정보롤 주지 못하기 때문에 본 논문에서는 AC 부하롤 직렬 등가회로로 가정하여 임피던스 관점에서 쉽게 정보를 얻을 수 있는 고립운전 시험조건을 다음과 같이 고찰하여 적용하였다.</p> <p>인버터 출력전류 \\( \\vec{I}_{i} \\)를 기준위상으로 놓을 때 식 (11)과 같이 페이저(phasor)로 표시할 수 있으며, 부하 임피던스를 식 (12)와 같이 저항과 리액턴스로 나타낸다.</p> <p>\\( \\overrightarrow{\\mathrm{I}_{\\mathrm{i}}}=I_{i} \\angle 0 \\)<caption>(11)</caption></p> <p>\\( \\vec{Z}_{L 1}=Z_{L 1} \\angle \\theta \\)<caption>(12)</caption></p> <p>\\( =R_{L}+j X_{L .1} \\)<caption>(13)</caption></p> <p>여기서,</p> <p>\\( \\quad \\overrightarrow{\\mathrm{I}_{\\mathrm{i}}} \\quad \\) : 기본파 인버터 출력전류</p> <p>\\( \\vec{Z}_{L 1}: A C \\) 부하 복소 임피던스</p> <p>\\( \\theta \\quad \\) : 부하 임피던스 각</p> <p>\\( R_{L} \\) : 부하 저항 성분</p> <p>\\( X_{L 1} \\) : 부하 뤼액턴스 성분</p> <p>식 (11) 및 (12)를 써서 개폐기의 개방시의 \\( \\mathrm{AC} \\) 부하전압 \\( \\overrightarrow{\\mathrm{V}}_{L 1} \\) 은 식 (14)와 같이 나타낼 수 있다. 부하단 기본파 전압의 위상은 부하 임피던스의 특성에 의해서 부하가 유도성이면 \\( \\theta \\) 만흠 않서게 되고, 용량성이면 \\( \\theta \\)만큼 뒤지게 된다.</p> <p>\\( \\overrightarrow{\\mathrm{V}}_{L 1}=I_{i} Z_{I, 1}<\\theta \\)<caption>(14)</caption></p> <p>태양광발전시스템이 출력하는 복소전력은 \\( \\overrightarrow{\\mathrm{S}}_{I I}=\\overrightarrow{\\mathrm{z}}_{L 1} I_{i}^{I} \\)이므로 다음과 같이 나타낼 수 있다.</p> <p>\\( \\begin{aligned} \\vec{S}_{L} &=I_{i}^{2} Z_{L 1} \\angle \\theta \\\\ &=R_{L} I_{i}^{2}+j X_{L 1} I_{i}^{2} \\end{aligned} \\)<caption>(15)</caption></p> <p>여기서, \\( v_{L 1} \\)의 크기가 변화하지 않기 위한 인버터의 출력전류의 크기는 다음과 같이 오옴의 법칙에 의해서 나타낼 수 있다.</p> <p>\\( I_{i}=\\frac{V_{L 1}}{\\sqrt{R_{L}^{2}+X_{L 1}^{2}}} \\)<caption>(16)</caption></p> <p>따라서 \\( v_{L 1} \\)의 크기가 변화하지 않기 위한 복소전력은 위의 식 (13) 및 (16)을 식 (15)에 대입하여 정리하면 다음과 같이 기본파 유효전력 성분 \\( P_{L} \\) 및 무효전력성분 \\( Q_{L} \\) 로 나타낼 수 있다.</p> <p>\\( \\vec{S}_{L}=P_{L}+j Q_{L} \\)<caption>(17)</caption></p> <p>\\( =\\frac{R_{L} V_{L 1}^{2}}{R_{L}^{2}+X_{L 1}^{2}}+j \\frac{X_{L 1} V_{L 1}^{2}}{R_{L}^{2}+X_{L 1}^{2}} \\)<caption>(18)</caption></p> <p>여기서, \\( P_{L} \\) : 유효전력, \\( Q_{L} \\) : 무효전력</p> <p>무효전력 \\( Q_{L} \\)은 부하와 \\( \\mathrm{PV} \\) 인버터 간에 반주기 간격으로 서로 주고받는 전력이다. 따라서 \\( Q_{L} \\)은 태양전지 출력과는 무관한 전력이고, 부하에서 소비하는 유효전력 \\( P_{L} \\)은 태양전지 어레이에서 공급하는 직류 전력 \\( P_{S O L} \\)과 같으므로 다음과 같이 나타낼 수 있다.</p>",
                "context_length": 2236,
                "summary": "UIPV시스템의 괴립운전 검출특성을 테스트하기 위해서는 개폐기가 개방되었을 때 고립운전이 밞생할 수 있는 부하조건을 구해야 하며 이 방법은 매우 적절하고 정확한 테스트가 가능한 반면 즉각적인 정보롤 주지 못하기 때문에 본 논문에서는 AC 부하롤 직렬 등가회로로 가정하여 임피던스 관점에서 쉽게 정보를 얻을 수 있는 고립운전 시험조건을 고찰하여 적용하였다.",
                "clue": [
                    {
                        "clue_text": "UIPV시스템의 괴립운전 검출특성을 테스트하기 위해서는 개폐기가 개방되었을 때 고립운전이 발생할 수 있는 부하조건을 구해야 한다.",
                        "clue_start": "25",
                        "clue_end": "97"
                    },
                    {
                        "clue_text": "이 방법은 매우 적절하고 정확한 테스트가 가능한 반면 즉각적인 정보롤 주지 못하기 때문에 본 논문에서는 AC 부하롤 직렬 등가회로로 가정하여 임피던스 관점에서 쉽게 정보를 얻을 수 있는 고립운전 시험조건을 다음과 같이 고찰하여 적용하였다.",
                        "clue_start": "158",
                        "clue_end": "291"
                    }
                ],
                "terminology": [
                    {
                        "word": "Michael"
                    },
                    {
                        "word": "UIPV시스템"
                    },
                    {
                        "word": "phasor"
                    },
                    {
                        "word": "개폐기"
                    },
                    {
                        "word": "고립운전"
                    },
                    {
                        "word": "괴립운전"
                    },
                    {
                        "word": "기본파 유효전력 성분"
                    },
                    {
                        "word": "기본파 전압"
                    },
                    {
                        "word": "등가회로"
                    },
                    {
                        "word": "리액턴스"
                    },
                    {
                        "word": "무효전력"
                    },
                    {
                        "word": "무효전력성분"
                    },
                    {
                        "word": "복소 임피던스"
                    },
                    {
                        "word": "복소전력"
                    },
                    {
                        "word": "부하"
                    },
                    {
                        "word": "부하 임피던스"
                    },
                    {
                        "word": "부하 임피던스 각"
                    },
                    {
                        "word": "부하 저항"
                    },
                    {
                        "word": "부하 저항 성분"
                    },
                    {
                        "word": "부하단"
                    },
                    {
                        "word": "부하전압"
                    },
                    {
                        "word": "부하조건"
                    },
                    {
                        "word": "오옴"
                    },
                    {
                        "word": "오옴의 법칙"
                    },
                    {
                        "word": "위상"
                    },
                    {
                        "word": "유효전력"
                    },
                    {
                        "word": "유효전력 성분"
                    },
                    {
                        "word": "인버터"
                    },
                    {
                        "word": "인버터 출력전류"
                    },
                    {
                        "word": "임피던스"
                    },
                    {
                        "word": "저항 성분"
                    },
                    {
                        "word": "전압의 위상"
                    },
                    {
                        "word": "직렬"
                    },
                    {
                        "word": "직류"
                    },
                    {
                        "word": "직류 전력"
                    },
                    {
                        "word": "출력전류"
                    },
                    {
                        "word": "태양전지 어레이"
                    },
                    {
                        "word": "페이저(phasor)"
                    }
                ]
            }
        ]
    }
}