{
    "dataset_info": {
        "identifier": "02-031-002-NL",
        "name": "기술과학 문서 요약 데이터",
        "category": "자연어",
        "last_updated": "2023-08-30"
    },
    "dataset": {
        "doc_id": "034b7f4e-2d144fbb-9535-44fd-9591-3eefdbef5654",
        "doc_type": "논문",
        "doc_title": {
            "kor": "관성 변동을 갖는 유도전동기 속도 제어기 설계",
            "eng": ""
        },
        "doc_category": {
            "KDC": "560.5",
            "DDC": ""
        },
        "doc_number": {
            "ISSN": "1229-2214",
            "ISBN": "",
            "DOI": "",
            "UCI": ""
        },
        "doc_year": "2001",
        "doc_author": [
            "신은철",
            "공병구",
            "김종선",
            "유지윤",
            "박태식",
            "이준호"
        ],
        "doc_publisher": "전력전자학회",
        "doc_license": "CC BY-NC",
        "context_info": [
            {
                "context_id": "55e-0c9-merge_ed_034b7f4e-2d144fbb-9535-44fd-9591-3eefdbef5654_02",
                "context_K-NSCC": {
                    "field": "인공물",
                    "large_category": "ED",
                    "medium_category": "05"
                },
                "context": "<p>\\( P(s) = p_ { 0 } + p_ { 1 } s + p_ { 2 } s ^ { 2 } + p_ { 2 } s ^ { 2 } + \\cdots + p_ { n } s ^ { n } \\)</p>\\( p_ { 0 } \\in \\left [x_ { 0 } , y_ { 0 } \\right ], p_ { 1 } \\in \\left [x_ { 1 } , y_ { 1 } \\right ], \\cdots, p_ { n } \\in \\left [x_ { n } , y_ { n } \\right ], 0 \\notin \\left [x_ { n } , y_ { n } \\right ] \\)<caption>(1)</caption></p> <p>식 (2)는 구간다항식에 대한 Kharitonov 정리를 나타내는데 다항식 안정도를 편별함으로서 파라미터 변동을 가지는 시스템의 안정도를 판별할 수 있으며 이 다항식들을 Kharitonov 다항식이라고 한다.</p> <p>이 Kharitonov 다항식이 Hurwitz 안정하면 구간다항식의 집합 \\( P(s) \\)내에 모든 다항식은 Hurwitz 안정하다. 그러나 일반적인 폐루프 시스템에서는 각각의 계수가 서로 상호 연관을 가지고 변동하는 것이 일반 적이므로 이러한 문제점을 해결하기 위하여 일반화된 Kharitonov 정리를 제안하였다.</p> <p>\\( K ^ { 1 } (s)=x_ { 0 } + x_ { 1 } s + y_ { 2 } s ^ { 2 } + y_ { 3 } s ^ { 3 } + x_ { 4 } s ^ { 4 } + x_ { 3 } s ^ { 5 } + y_ { 6 } s ^ { 6 } + \\cdots \\)</p>\\( K ^ { 2 } (s)=x_ { 0 } + y_ { 1 } s + y_ { 2 } s ^ { 2 } + x_ { 3 } s ^ { 3 } + x_ { 4 } s ^ { 4 } + y_ { 5 } s ^ { 5 } + y_ { 6 } s ^ { 6 } + \\cdots \\)</p>\\( K ^ { 3 } (s)=y_ { 0 } + x_ { 1 } s + x_ { 2 } s ^ { 2 } + y_ { 3 } s ^ { 3 } + y_ { 4 } s ^ { 4 } + x_ { 9 } s ^ { 5 } + x_ { 6 } s ^ { 6 } + \\cdots \\)</p>\\( K ^ { 4 } (s)=y_ { 0 } + y_ { 1 } s + x_ { 2 } s ^ { 2 } + x_ { 3 } s ^ { 3 } + y_ { 4 } s ^ { 4 } + y_ { 5 } s ^ { 5 } + x_ { 6 } s ^ { 6 } + \\cdots \\)<caption>(2)</caption></p>",
                "context_length": 1319,
                "summary": "Kharitonov 정리는 구간다항식 \\( P(s) = p_ { 0 } + p_ { 1 } s + p_ { 2 } s ^ { 2 } + p_ { 2 } s ^ { 2 } + \\cdots + p_ { n } s ^ { n } \\)을 활용하여 파라미터 변동이 있는 시스템의 안정도를 판별한다. 이를 Kharitonov 다항식이라고 부른다. 그러나 실제로 각 계수가 상호 연관되어 변동하는 경우가 많기 때문에 이를 해결하기 위해 일반화된 Kharitonov 정리가 제안되었다. 이는 \\( K ^ { 1 } (s)=x_ { 0 } + x_ { 1 } s + y_ { 2 } s ^ { 2 } + y_ { 3 } s ^ { 3 } + x_ { 4 } s ^ { 4 } + x_ { 3 } s ^ { 5 } + y_ { 6 } s ^ { 6 } + \\cdots \\)  형태로 표현된다.",
                "clue": [
                    {
                        "clue_text": "\\( P(s) = p_ { 0 } + p_ { 1 } s + p_ { 2 } s ^ { 2 } + p_ { 2 } s ^ { 2 } + \\cdots + p_ { n } s ^ { n } \\)",
                        "clue_start": "3",
                        "clue_end": "109"
                    },
                    {
                        "clue_text": "식 (2)는 구간다항식에 대한 Kharitonov 정리를 나타내는데 다항식 안정도를 편별함으로서 파라미터 변동을 가지는 시스템의 안정도를 판별할 수 있으며 이 다항식들을 Kharitonov 다항식이라고 한다.",
                        "clue_start": "351",
                        "clue_end": "467"
                    },
                    {
                        "clue_text": "그러나 일반적인 폐루프 시스템에서는 각각의 계수가 서로 상호 연관을 가지고 변동하는 것이 일반 적이므로 이러한 문제점을 해결하기 위하여 일반화된 Kharitonov 정리를 제안하였다.",
                        "clue_start": "551",
                        "clue_end": "653"
                    },
                    {
                        "clue_text": "\\( K ^ { 1 } (s)=x_ { 0 } + x_ { 1 } s + y_ { 2 } s ^ { 2 } + y_ { 3 } s ^ { 3 } + x_ { 4 } s ^ { 4 } + x_ { 3 } s ^ { 5 } + y_ { 6 } s ^ { 6 } + \\cdots \\)",
                        "clue_start": "661",
                        "clue_end": "816"
                    }
                ],
                "terminology": [
                    {
                        "word": "Hurwitz 안정"
                    },
                    {
                        "word": "Kharitonov"
                    },
                    {
                        "word": "Kharitonov 다항식"
                    },
                    {
                        "word": "Kharitonov 정리"
                    },
                    {
                        "word": "구간다항식"
                    },
                    {
                        "word": "집합"
                    },
                    {
                        "word": "파라미터"
                    },
                    {
                        "word": "파라미터 변동"
                    },
                    {
                        "word": "폐루프"
                    },
                    {
                        "word": "폐루프 시스템"
                    }
                ]
            },
            {
                "context_id": "55e-0c9-merge_ed_034b7f4e-2d144fbb-9535-44fd-9591-3eefdbef5654_01",
                "context_K-NSCC": {
                    "field": "인공물",
                    "large_category": "ED",
                    "medium_category": "05"
                },
                "context": "<p>또 속도 제어기는 구현이 쉽고 실제 산업계에서 가장 널리 사용되고 있는 PI제어 방식을 기본 제어방식으로 채택하되 운전 중 발생할 수 있는 기계계 파라미터 변동에 대한 영향을 고려할 수 있도록 Kharitonov의 견실 제어 이론을 적용하여 관성 변화에 대해서 원활한 제어 성능을 얻고자 한다. 마지막으로 디지털 시뮬레이션을 통해 제안한 속도 제어기 성능을 분석하고 고찰한 후에, 고성능 DSP를 탑재한 유도전 동기 구동시스템을 이용한 실험을 통해 타당성을 입증하고자 한다.</p> <h1>2. 관성 변동에 대한 응답 특성 변화</h1> <p>그림 1은 유도전동기 관성 \\( J_ { M } \\)을 \\( -70 \\% \\)에서 \\( + 70 \\% \\)만큼 변동시 계단 웅답과 시스템 특성방정식의 근의 위치 변화를 보여주고 있다. 그림에서와 같이 관성의 변화는 시스템 특성방정식의 근을 이동하는 역할을 하기 때문에 시스템의 속응성에 영향을 주게 된다. 또한 관성원판 또는 직류전동기를 부하로 연결하게 되면 전체적인 관성이 변화하며 이에 따른 응답특성이 변화하게 된다.</p> <h1>3. Kharitonov 견실 제어기</h1> <h2>3.1 Pl 제어기</h2> <p>PI 제어기는 구성이 간단하고 우수한 성능으로 실제 산업계에서 광범위하게 사용되는 제어기이며 일반적인 전동기 구동을 위한 속도제어기로서 널리 적용되고 있다. 그러나 전술한 바와 같이 그림 2의 이상적인 전류제어를 가정한 단일 관성 시스템에 대한 PI 제어기의 응답특성을 보면 기계계 파라미터 중 관성의 변동이 생길 경우 시스템의 전체적인 응답 특성이 변화하게 되는데 그때 상황에 맞도록 이득을 조정해주어야 하는 문제점이 발생하게 된다.</p> <h2>3.2 Kharitonov 견실 제어 방식</h2> <p>Kharitonov의 견실제어 방식은 파라미터의 변동을 고려하여 제어기의 이득을 선정함으로서 지정된 한계내에서 파라미터가 변동하여도 전체 시스템의 안정도를 확보할 수 있도록 한 강인 안정도 제어기이다.</p> <p>Kharitonov의 견실제어 방식은 임의의 다항식의 계수가 특정 범위 내에서 변동할 때 다항식의 안정도를 판별하는 방법을 제공한다. 따라서 제어기를 포함한 전체시스템의 특성 방정식(Characteristic Polynomial)과 특성 방정식의 계수가 시스템의 파라미터 변동에 따라 특정 범위내에서 변동함을 가정하여 Kharitonov의 견실 제어방식을 적용하면 시스템의 파라미터가 변동하여도 전체시스템의 안정도를 확보할 수 있는 제어기의 이득을 선정할 수 있다. 시스템의 안정도를 판별하기 위해 식(1)과 같은 형태의 실수 다항식의 집합을 \\( P(s) \\)라 하자. 구간 다항식은 계수가 지정된 범위내에서 변동하는 형태의 다항식으로 파라미터가 변동하는 일반적인 시스템의 특성방정식과 동일한 형태를 가진다. 여기서 각각의 계수는 독립적인 구간내에서 변동하며 이러한 다항식의 집합을 구간다항식 (Interval Polynomial)이라 한다.</p>",
                "context_length": 1480,
                "summary": "속도 제어기는 쉽게 구현될 수 있으며, Kharitonov의 견실 제어 이론을 적용하여 기계계 파라미터 변동에도 원활한 제어 성능을 유지한다. PI 제어기는 간단한 구성과 우수한 성능으로 산업계에서 널리 사용되며, Kharitonov의 방식은 파라미터 변동에 강인한 안정도를 제공하는데 효과적이다. 이는 지정된 한계 내에서 파라미터 변동 시 시스템의 안정도를 확보하는 데 도움이 된다.",
                "clue": [
                    {
                        "clue_text": "또 속도 제어기는 구현이 쉽고 실제 산업계에서 가장 널리 사용되고 있는 PI제어 방식을 기본 제어방식으로 채택하되 운전 중 발생할 수 있는 기계계 파라미터 변동에 대한 영향을 고려할 수 있도록 Kharitonov의 견실 제어 이론을 적용하여 관성 변화에 대해서 원활한 제어 성능을 얻고자 한다.",
                        "clue_start": "3",
                        "clue_end": "167"
                    },
                    {
                        "clue_text": "그림에서와 같이 관성의 변화는 시스템 특성방정식의 근을 이동하는 역할을 하기 때문에 시스템의 속응성에 영향을 주게 된다.",
                        "clue_start": "410",
                        "clue_end": "477"
                    },
                    {
                        "clue_text": "PI 제어기는 구성이 간단하고 우수한 성능으로 실제 산업계에서 광범위하게 사용되는 제어기이며 일반적인 전동기 구동을 위한 속도제어기로서 널리 적용되고 있다.",
                        "clue_start": "600",
                        "clue_end": "687"
                    },
                    {
                        "clue_text": "Kharitonov의 견실제어 방식은 파라미터의 변동을 고려하여 제어기의 이득을 선정함으로서 지정된 한계내에서 파라미터가 변동하여도 전체 시스템의 안정도를 확보할 수 있도록 한 강인 안정도 제어기이다.",
                        "clue_start": "884",
                        "clue_end": "996"
                    },
                    {
                        "clue_text": "구간 다항식은 계수가 지정된 범위내에서 변동하는 형태의 다항식으로 파라미터가 변동하는 일반적인 시스템의 특성방정식과 동일한 형태를 가진다.",
                        "clue_start": "1324",
                        "clue_end": "1401"
                    }
                ],
                "terminology": [
                    {
                        "word": "Characteristic"
                    },
                    {
                        "word": "DSP"
                    },
                    {
                        "word": "Interval"
                    },
                    {
                        "word": "Kharitonov"
                    },
                    {
                        "word": "PI"
                    },
                    {
                        "word": "PI 제어기"
                    },
                    {
                        "word": "PI제어"
                    },
                    {
                        "word": "Pl"
                    },
                    {
                        "word": "Pl 제어기"
                    },
                    {
                        "word": "Polynomial"
                    },
                    {
                        "word": "강인 안정도"
                    },
                    {
                        "word": "강인 안정도 제어기"
                    },
                    {
                        "word": "견실 제어"
                    },
                    {
                        "word": "견실 제어 이론"
                    },
                    {
                        "word": "견실 제어기"
                    },
                    {
                        "word": "견실제어 방식"
                    },
                    {
                        "word": "고성능 DSP"
                    },
                    {
                        "word": "관성 변동"
                    },
                    {
                        "word": "관성 변화"
                    },
                    {
                        "word": "관성원판"
                    },
                    {
                        "word": "구간다항식"
                    },
                    {
                        "word": "구동시스템"
                    },
                    {
                        "word": "기계계 파라미터"
                    },
                    {
                        "word": "다항식의 계수"
                    },
                    {
                        "word": "디지털 시뮬레이션"
                    },
                    {
                        "word": "방정식"
                    },
                    {
                        "word": "속도제어기"
                    },
                    {
                        "word": "속응성"
                    },
                    {
                        "word": "시뮬레이션"
                    },
                    {
                        "word": "시스템 특성방정식"
                    },
                    {
                        "word": "시스템의 파라미터"
                    },
                    {
                        "word": "실수"
                    },
                    {
                        "word": "실수 다항식"
                    },
                    {
                        "word": "유도전동기"
                    },
                    {
                        "word": "전동기"
                    },
                    {
                        "word": "제어 이론"
                    },
                    {
                        "word": "제어기"
                    },
                    {
                        "word": "직류전동기"
                    },
                    {
                        "word": "집합"
                    },
                    {
                        "word": "특성방정식"
                    },
                    {
                        "word": "파라미터"
                    },
                    {
                        "word": "파라미터 변동"
                    }
                ]
            },
            {
                "context_id": "55e-0c9-merge_ed_034b7f4e-2d144fbb-9535-44fd-9591-3eefdbef5654_00",
                "context_K-NSCC": {
                    "field": "인공물",
                    "large_category": "ED",
                    "medium_category": "05"
                },
                "context": "<h1>요 약</h1> <p>본 논문에서는 Kharitonov 견실 졔어 이론을 적용하여 유도 전동기 관성 변동에 대한 새로운 속도 제어기 설계 기법을 제안한다. 정속도 운전을 하는 경우 관성의 변화는 운전 성능을 저하시키는 요인이 되며 운전 중 발생되는 관성의 변화는 제어기를 포함한 전체 시스템 특성방정식의 근을 이동한으로 시스템의 속웅성에 영향을 주게된다. RLS (Recursive Least Square) 알고리즘을 이용하여 관성 변화를 추정하고 이를 기반으로 안정도 마진을 포함하는 속도 제어기 이득을 설정한다. 또한 시뮬레이션과 실험을 퉁해 제안된 기법의 유효성을 검증한다.</p> <h1>1. 서 론</h1> <p>벡터제어 유도전동기의 속도제어 시스템의 고성능화를 실현하기 위해서는 이상적인 전류 제어뿐만 아니라, 넓은 속도 영역에서의 견실한 속도 제어가 보장되어야 한다. 일반적인 속도 제어 알고리즘으로는 구현 이 용이하고 비교적 성능이 우수한 PI제어 방식이 주 로 이용되고 있으나 최근에는 PI제어 방식에 비해 응답 속도는 떨어지나 오버슈트를 억제할 수 있고, 진동이 적어 안정된 제어특성을 갖는 IP제어를 적용하기도 한다. 이때 제기되는 문제점이 제어기 이득 선정 방법이다. 보통 전문가의 경험에 의한 제어기 선정 방법도 있지만 가장 대표적인 제어기 튜닝 방법은 Ziegler-N ichols 이른을 적용하는 것이다. 그러나 시스템의 파라미터가 변동하게 되면 그에 따라 매번 제어기 이득을 새롭게 선정해야 하는 문제점이 발생된다. 특히 정속도 운전을 하는 경우 부하 변동, 즉 부하 측에 연결된 능동, 수동 부하에 의한 관성의 변화는 정속도 운전 성능을 저하시키는 요인이 되며 또한 변화된 관성값을 모르거나, 관성이 지속적으로 변화하는 경우에는 만족할만한 속도 제어를 수행하기가 힘들어진다. 운전 중 발생되는 관성의 변화는 제어기를 포함한 전체시스템 특성방정식의 근을 이동하는 역할을 하기 때문에 시스템의 속응성에 영향을 미치고 상태 궤환 제어나 2차측에 직류전동기를 연결하여 사용하는 이관성 시스템에서는 오버슈트와 원하지 않는 진동이 발생한다.</p> <p>따라서 관성 변화에 대한 정속도 운전특성의 저하 이 견실한 속도 제어가 가능하도록 하기 위하여는 심도있는 연구가 필요한 실정이다. 본 논문은 유도 전동기 구동시스템의 관성 변화에 대한 속도 제어기의 특성 개선을 목적으로 한다. 이를 위해 속도 제어기 설계에 있어 필수적 요소인 관성의 추정과 파라미터 변동에 대한 견실한 제어기를 설계하고 이의 유효성을 시뮬레이션과 실험을 통해 입증하고자 한다. 즉, 속도 제어기 설계에 기본이 되는 기계계 파라미터의 정보를 얻기 위해 적용 시스템 중 수렴 특성과 추정 성능이 우수한 것으로 널리 알려진 RLS 방식을 적용하여 관성을 추정한다.</p>",
                "context_length": 1379,
                "summary": "본 논문에서는 Kharitonov 견실 졔어 이론을 적용하여 유도 전동기 관성 변동에 대한 새로운 속도 제어기 설계 기법을 제안하며 RLS(Recursive Least Square) 알고리즘을 사용하여 관성 변화를 추정하고, 이를 기반으로 안정도 마진을 포함한 속도 제어기 이득을 설정하고, 시뮬레이션과 실험을 통해 제안된 기법의 유효성을 검증한다.",
                "clue": [
                    {
                        "clue_text": "본 논문에서는 Kharitonov 견실 졔어 이론을 적용하여 유도 전동기 관성 변동에 대한 새로운 속도 제어기 설계 기법을 제안한다.",
                        "clue_start": "16",
                        "clue_end": "90"
                    },
                    {
                        "clue_text": "RLS (Recursive Least Square) 알고리즘을 이용하여 관성 변화를 추정하고 이를 기반으로 안정도 마진을 포함하는 속도 제어기 이득을 설정한다.",
                        "clue_start": "203",
                        "clue_end": "292"
                    },
                    {
                        "clue_text": "또한 시뮬레이션과 실험을 퉁해 제안된 기법의 유효성을 검증한다.",
                        "clue_start": "293",
                        "clue_end": "328"
                    }
                ],
                "terminology": [
                    {
                        "word": "Kharitonov"
                    },
                    {
                        "word": "Least Square"
                    },
                    {
                        "word": "PI제어"
                    },
                    {
                        "word": "RLS"
                    },
                    {
                        "word": "Recursive"
                    },
                    {
                        "word": "견실 졔어 이론"
                    },
                    {
                        "word": "관성 변동"
                    },
                    {
                        "word": "관성 변화"
                    },
                    {
                        "word": "관성값"
                    },
                    {
                        "word": "구동시스템"
                    },
                    {
                        "word": "궤환"
                    },
                    {
                        "word": "기계계 파라미터"
                    },
                    {
                        "word": "벡터제어"
                    },
                    {
                        "word": "벡터제어 유도전동기"
                    },
                    {
                        "word": "부하 변동"
                    },
                    {
                        "word": "상태 궤환"
                    },
                    {
                        "word": "속도 제어기"
                    },
                    {
                        "word": "속도제어 시스템"
                    },
                    {
                        "word": "속웅성"
                    },
                    {
                        "word": "속응성"
                    },
                    {
                        "word": "수렴"
                    },
                    {
                        "word": "시스템 특성방정식"
                    },
                    {
                        "word": "시스템의 파라미터"
                    },
                    {
                        "word": "안정도 마진"
                    },
                    {
                        "word": "알고리즘"
                    },
                    {
                        "word": "오버슈트"
                    },
                    {
                        "word": "유도전동기"
                    },
                    {
                        "word": "이관성 시스템"
                    },
                    {
                        "word": "전동기"
                    },
                    {
                        "word": "전동기 관성"
                    },
                    {
                        "word": "전동기 구동시스템"
                    },
                    {
                        "word": "전류"
                    },
                    {
                        "word": "정속도"
                    },
                    {
                        "word": "정속도 운전"
                    },
                    {
                        "word": "제어기"
                    },
                    {
                        "word": "제어기 이득"
                    },
                    {
                        "word": "직류전동기"
                    },
                    {
                        "word": "추정 성능"
                    },
                    {
                        "word": "튜닝 방법"
                    },
                    {
                        "word": "특성방정식"
                    },
                    {
                        "word": "파라미터"
                    },
                    {
                        "word": "파라미터 변동"
                    }
                ]
            },
            {
                "context_id": "55e-0c9-merge_ed_034b7f4e-2d144fbb-9535-44fd-9591-3eefdbef5654_04",
                "context_K-NSCC": {
                    "field": "인공물",
                    "large_category": "ED",
                    "medium_category": "05"
                },
                "context": "<p>식 (5)는 변동 범위를 나타내는 것으로 이러한 선분(Line Segment)들이 모두 안정하다면 전체구간 다항식은 안정하다.</p> <p>\\( S_ { i } (s):= \\left \\{\\begin {array} { l } {\\left [K_ { i } ^ { 1 } (s), K_ { i } ^ { 2 } (s) \\right ], \\left [K_ { i } ^ { 1 } (s), K_ { i } ^ { 3 } (s) \\right ] } \\\\{\\left [K_ { i } ^ { 2 } (s), K_ { i } ^ { 4 } (s) \\right ], \\left [K_ { i } ^ { 3 } (s), K_ { i } ^ { 4 } (s) \\right ] } \\end {array} \\right \\} \\)<caption>(5)</caption></p> <p>Kharitonov 정리를 시스템에 적용하기 위하여 본 논문에서는 Hurwitz 안정도 판별법을 사용하였다. 차수 \\( \\mathrm { n } \\)인 다항식이 있을 때 모든 근이 복소평면의 좌반면에 위치하면 그 다항식을 Hurwitz 다항식이라하며 해당 시스템은 안정하다.</p> <h2>3.3 안정도 영역을 갖는 견실 제어기 설계</h2> <p>본 논문에서는 Kharitonov 정리를 확장시켜 전체시스템이 안정도 마진을 갖도록 극점을 배치시킴으로서 파라미터 변동에 대해 최대한의 속도제어 특성을 확보할 수 있도록 하였다. 식(1)에 대한 \\( \\delta \\) Hurwitz 안정도는 식 (6)의 선형구간 다항식 \\( G \\left (s_ { 1 } \\right ) \\)의 Hurwitz 안정도와 등가식이되며. 식 (7)은 일반화된 Kharitonov 정리를 적용한 식으로 안정도를 판별할 수 있다.</p> <p>\\( G \\left (s_ { 1 } \\right ):= \\left \\{\\begin {array} { l } g \\left (s_ { 1 } \\right )=p_ { 0 } + p_ { 1 } \\left (s_ { 1 } - \\delta \\right ) + \\cdots + p_ { n } \\left (s_ { 1 } - \\delta \\right ) ^ { n } \\\\ p_ { i } \\in \\left [x_ { i } , y_ { i } \\right ], \\quad i=0,1,2, \\cdots, n \\end {array} \\right \\} \\)<caption>(6)</caption></p>",
                "context_length": 1220,
                "summary": "본 연구는 모든 선분들이 안정한 경우 전체구간 다항식이 안정하다는 주장하며, Kharitonov의 정리를 확장하여 전체 시스템이 안정도 마진을 가지도록 극점을 배치하였다. 이를 통해 파라미터의 변동에 대해 최대한의 속도제어 특성을 확보할 수 있음을 제시하였다. 더불어 식(1)에 대한 δ Hurwitz 안정도는 식(6)의 선형구간 다항식 G(s1)의 Hurwitz 안정도와 등가식이며, 식(7)은 일반화된 Kharitonov 정리를 적용하여 안정도를 판별할 수 있다.",
                "clue": [
                    {
                        "clue_text": "이러한 선분(Line Segment)들이 모두 안정하다면 전체구간 다항식은 안정하다.",
                        "clue_start": "26",
                        "clue_end": "73"
                    },
                    {
                        "clue_text": "본 논문에서는 Kharitonov 정리를 확장시켜 전체시스템이 안정도 마진을 갖도록 극점을 배치시킴으로서 파라미터 변동에 대해 최대한의 속도제어 특성을 확보할 수 있도록 하였다.",
                        "clue_start": "624",
                        "clue_end": "723"
                    },
                    {
                        "clue_text": "식(1)에 대한 \\( \\delta \\) Hurwitz 안정도는 식 (6)의 선형구간 다항식 \\( G \\left (s_ { 1 } \\right ) \\)의 Hurwitz 안정도와 등가식이되며. 식 (7)은 일반화된 Kharitonov 정리를 적용한 식으로 안정도를 판별할 수 있다.",
                        "clue_start": "724",
                        "clue_end": "879"
                    }
                ],
                "terminology": [
                    {
                        "word": "Hurwitz 다항식"
                    },
                    {
                        "word": "Hurwitz 안정도"
                    },
                    {
                        "word": "Hurwitz 안정도 판별법"
                    },
                    {
                        "word": "Kharitonov"
                    },
                    {
                        "word": "Kharitonov 정리"
                    },
                    {
                        "word": "Line"
                    },
                    {
                        "word": "Line Segment"
                    },
                    {
                        "word": "Segment"
                    },
                    {
                        "word": "견실 제어기"
                    },
                    {
                        "word": "극점"
                    },
                    {
                        "word": "등가식"
                    },
                    {
                        "word": "복소평면"
                    },
                    {
                        "word": "선분"
                    },
                    {
                        "word": "선형구간"
                    },
                    {
                        "word": "안정도 마진"
                    },
                    {
                        "word": "안정도 영역"
                    },
                    {
                        "word": "전체구간 다항식"
                    },
                    {
                        "word": "제어기"
                    },
                    {
                        "word": "좌반면"
                    },
                    {
                        "word": "파라미터"
                    },
                    {
                        "word": "파라미터 변동"
                    }
                ]
            },
            {
                "context_id": "55e-0c9-merge_ed_034b7f4e-2d144fbb-9535-44fd-9591-3eefdbef5654_07",
                "context_K-NSCC": {
                    "field": "인공물",
                    "large_category": "ED",
                    "medium_category": "05"
                },
                "context": "<h2>4.2 PI 속도 제어기</h2> <p>관성 변화가 없는 경우, 관성의 변동이 \\( + 0.022 \\) \\( \\mathrm { kg } \\cdot \\mathrm { m } ^ { 2 } ,-0.022 \\mathrm { ~kg } \\cdot \\mathrm { m } ^ { 2 } \\)으로 된 경우의 속도와 토크 응답 톡성으로서 그림 7의 (a), (b), (c)는 기존의 PI제어기 이득 선정 방법을 적용한 속도 제어기의 응답특성이다. 최소한의 부하 변동에 대해서도 정상상태 오차가 발생하며 기계계 파라미터의 값이 변동하게 되면 정상상태로의 수렴 시간도 길어짐을 알 수 있다. 반면 제안한 PI 속도제어기의 이득 선정방법을 이용한 그림 8 (a), (b), (c)는 관성 변동시 전체적인 속도와 응답 특성은 변화하지만 각각의 경우에 대하여 빠른 수렴특성을 볼 수 있다.</p> <h1>5. 실험 결과</h1> <h2>5.1 시스템 실험 장치</h2> <p>본 논문에서 제안한 Kharitonov 견실 제어 이론을 적용한 속도제어기 설계기법을 검증하기 위해 구성된 하드웨어는 주제어기인 DSP TMS320 C31을 장착 한 디지털 보드와 3상 4극, \\( 1500 \\mathrm { rpm } , 2.2 \\mathrm { Kw } \\) 유도전동기를 대상으로 실험하였다. 1 차측 관성 \\( 0.0088 \\mathrm { ~kg } \\cdot \\mathrm { m } ^ { 2 } \\), 부하전동기 관성 \\( 0.009 \\mathrm { ~kg } \\cdot \\mathrm { m } ^ { 2 } \\), 관성 변동은 원판을 이용하여 \\( + 0.022 \\mathrm { ~kg } \\cdot \\mathrm { m } ^ { 2 } \\) 을 추가로 연결하였다.</p> <p>그림 9는 RLS를 이용하여 관성을 추정한 파형으로 뛰어난 관성 추정 성능을 보여주고 있다.</p> <p>그림 10은 \\( 100 \\mathrm { rpm } \\)으로 구동할 경우 관성 변동에 대한 속도, 토크 응답 특성으로서 정방향 및 역방항 부하 인가에 대한 안정적인 속도 제어의 수행을 블 수 있다. (a)는 관성의 변동이 없는 경우, (b)와 (c)는 관성이 변동되는 경우의 속도, 토크 응답특성이다.</p> <p>그림 11은 정격속도인 \\( 1500 \\mathrm { rpm } \\)으로 구동할 경우의 속도, 토크 응답을 각각 보여준다.</p> <h1>6. 결 론</h1> <p>본 논문에서는 Kharitonov 견실 제어 이론을 적용하여 유도 전동기 관성 변동에 대한 새로운 속도제어기 설계기법을 제안하였다. 또한 실힘장치를 통해 제안한 방식이 우수한 재현성과 추정 성능을 가짐을 증명하였다.</p>",
                "context_length": 1337,
                "summary": "Kharitonov 견실 제어 이론을 적용하여 유도 전동기 관성 변동에 대한 새로운 속도제어기 설계기법을 제안하고, DSP TMS320 C31을 장착한 디지털 보드와 3상 4극, \\(1500\\mathrm {rpm} \\), \\(2.2\\mathrm { Kw } \\)유도전동기를 대상으로 실험하여 RLS를 이용한 관성 추정 성능과 \\(100\\mathrm{rpm}\\), \\(1500\\mathrm {rpm} \\)으로 구동할 경우 관성 변동에 대한 속도, 토크 응답 특성을 각각 보여주었다. 그 결과 제안한 PI 속도제어기의 빠른 수렴특성과 우수한 재현성과 추정 성능을 보여주었다.",
                "clue": [
                    {
                        "clue_text": "본 논문에서는 Kharitonov 견실 제어 이론을 적용하여 유도 전동기 관성 변동에 대한 새로운 속도제어기 설계기법을 제안하였다. 또한 실힘장치를 통해 제안한 방식이 우수한 재현성과 추정 성능을 가짐을 증명하였다.",
                        "clue_start": "1213",
                        "clue_end": "1333"
                    },
                    {
                        "clue_text": "제안한 PI 속도제어기의 이득 선정방법을 이용한 그림 8 (a), (b), (c)는 관성 변동시 전체적인 속도와 응답 특성은 변화하지만 각각의 경우에 대하여 빠른 수렴특성을 볼 수 있다.",
                        "clue_start": "330",
                        "clue_end": "434"
                    },
                    {
                        "clue_text": "관성 변화가 없는 경우, 관성의 변동이 \\( + 0.022 \\) \\( \\mathrm { kg } \\cdot \\mathrm { m } ^ { 2 } ,-0.022 \\mathrm { ~kg } \\cdot \\mathrm { m } ^ { 2 } \\)으로 된 경우의 속도와 토크 응답 톡성으로서 그림 7의 (a), (b), (c)는 기존의 PI제어기 이득 선정 방법을 적용한 속도 제어기의 응답특성이다.",
                        "clue_start": "26",
                        "clue_end": "247"
                    },
                    {
                        "clue_text": "본 논문에서 제안한 Kharitonov 견실 제어 이론을 적용한 속도제어기 설계기법을 검증하기 위해 구성된 하드웨어는 주제어기인 DSP TMS320 C31을 장착 한 디지털 보드와 3상 4극, \\( 1500 \\mathrm { rpm } , 2.2 \\mathrm { Kw } \\) 유도전동기를 대상으로 실험하였다.",
                        "clue_start": "483",
                        "clue_end": "657"
                    }
                ],
                "terminology": [
                    {
                        "word": "DSP"
                    },
                    {
                        "word": "Kharitonov"
                    },
                    {
                        "word": "PI"
                    },
                    {
                        "word": "PI 속도제어기"
                    },
                    {
                        "word": "PI제어기"
                    },
                    {
                        "word": "RLS"
                    },
                    {
                        "word": "견실 제어"
                    },
                    {
                        "word": "견실 제어 이론"
                    },
                    {
                        "word": "관성 변동"
                    },
                    {
                        "word": "관성 변화"
                    },
                    {
                        "word": "관성 추정"
                    },
                    {
                        "word": "기계계 파라미터"
                    },
                    {
                        "word": "부하 변동"
                    },
                    {
                        "word": "부하 인가"
                    },
                    {
                        "word": "속도제어기"
                    },
                    {
                        "word": "수렴"
                    },
                    {
                        "word": "수렴특성"
                    },
                    {
                        "word": "유도전동기"
                    },
                    {
                        "word": "전동기"
                    },
                    {
                        "word": "전동기 관성"
                    },
                    {
                        "word": "정상상태 오차"
                    },
                    {
                        "word": "제어 이론"
                    },
                    {
                        "word": "제어기"
                    },
                    {
                        "word": "추정 성능"
                    },
                    {
                        "word": "토크 응답"
                    },
                    {
                        "word": "파라미터"
                    },
                    {
                        "word": "파형"
                    },
                    {
                        "word": "하드웨어"
                    }
                ]
            },
            {
                "context_id": "55e-0c9-merge_ed_034b7f4e-2d144fbb-9535-44fd-9591-3eefdbef5654_03",
                "context_K-NSCC": {
                    "field": "인공물",
                    "large_category": "ED",
                    "medium_category": "05"
                },
                "context": "<p>다항식 \\( F_ { i } (s) \\)는 고정된 실수다항식이고, \\( P_ { i } (s) \\)는 계수가 지정된 특정 범위 내에서 변동하는 실수다항식이므로, 선형 구간 다항식 (Linear interval polynomials)을 (3)과 같이 정의한다.</p> <p>\\( \\Delta(s)=F_ { 1 } (s) P_ { 1 } (s) + F_ { 1 } (s) P_ { 1 } (s) + \\cdots + F_ { n } (s) P_ { n } (s) \\)<caption>(3)</caption></p> <p>이렇게 정의된 다항식에서 \\( P_ { i } (s) \\)에 해당하는 Kharitonov 다항식이 식 (4)와 같다고 하면 다항식의 집합을 \\( \\boldsymbol {\\kappa } _ { i } (s) \\)로 정의한다.</p> <p>\\( K_ { i } ^ { 1 } (s)=x_ { i, 0 } + x_ { i, 1 } s + y_ { i, 2 } s ^ { 2 } + y_ { i, 3 } s ^ { 3 } + x_ { i, 4 } s ^ { 4 } + x_ { i, s } s ^ { 5 } + y_ { i, 6 } s ^ { 6 } + \\cdots \\)</p>\\( K_ { i } ^ { 2 } (s)=x_ { i, 0 } + y_ { i, 1 } s + y_ { i, 2 } s ^ { 2 } + x_ { i, 3 } s ^ { 3 } + x_ { i, 4 } s ^ { 4 } + y_ { i, s } s ^ { 5 } + y_ { i, 6 } s ^ { 6 } + \\cdots \\)<p>\\( K_ { i } ^ { 3 } (s)=y_ { i, 0 } + x_ { i, 1 } s + x_ { i, 2 } s ^ { 2 } + y_ { i, 3 } s ^ { 3 } + y_ { i, 4 } s ^ { 4 } + x_ { i, 5 } s ^ { 5 } + x_ { i, 6 } s ^ { 6 } + \\cdots \\)</p>\\( K_ { i } ^ { 4 } (s)=y_ { i, 0 } + y_ { i, 1 } s + x_ { i, 2 } s ^ { 2 } + x_ { i, 3 } s ^ { 3 } + y_ { i, 4 } s ^ { 4 } + y_ { i, s } s ^ { 5 } + x_ { i, 0 } s ^ { 6 } + \\cdots \\)</p>\\( \\kappa_ { i } (s):= \\left \\{ K_ { i } ^ { 1 } (s), K_ { i } ^ { 2 } (s), K_ { i } ^ { 3 } (s), K_ { i } ^ { 4 } (s) \\right \\} \\)<caption>(4)</caption></p>",
                "context_length": 1327,
                "summary": "고정된 실수다항식 \\( F_ { i } (s) \\)와 계수가 변동하는 실수다항식 \\( P_ { i } (s) \\)를 사용하여 선형 구간 다항식 \\( \\Delta(s) \\)를 정의하였다. 또한 \\( P_ { i } (s) \\)에 해당하는 Kharitonov 다항식을 식 (4)와 같이 정의하고, 이러한 다항식들의 집합을 \\( \\boldsymbol {\\kappa } _ { i } (s) \\)로 표현하였다.",
                "clue": [
                    {
                        "clue_text": "다항식 \\( F_ { i } (s) \\)는 고정된 실수다항식이고, \\( P_ { i } (s) \\)는 계수가 지정된 특정 범위 내에서 변동하는 실수다항식이므로, 선형 구간 다항식 (Linear interval polynomials)을 (3)과 같이 정의한다.",
                        "clue_start": "3",
                        "clue_end": "147"
                    },
                    {
                        "clue_text": "\\( \\Delta(s)=F_ { 1 } (s) P_ { 1 } (s) + F_ { 1 } (s) P_ { 1 } (s) + \\cdots + F_ { n } (s) P_ { n } (s) \\)<caption>(3)</caption>",
                        "clue_start": "155",
                        "clue_end": "283"
                    },
                    {
                        "clue_text": "이렇게 정의된 다항식에서 \\( P_ { i } (s) \\)에 해당하는 Kharitonov 다항식이 식 (4)와 같다고 하면 다항식의 집합을 \\( \\boldsymbol {\\kappa } _ { i } (s) \\)로 정의한다.",
                        "clue_start": "291",
                        "clue_end": "415"
                    },
                    {
                        "clue_text": "\\( K_ { i } ^ { 1 } (s)=x_ { i, 0 } + x_ { i, 1 } s + y_ { i, 2 } s ^ { 2 } + y_ { i, 3 } s ^ { 3 } + x_ { i, 4 } s ^ { 4 } + x_ { i, s } s ^ { 5 } + y_ { i, 6 } s ^ { 6 } + \\cdots \\)",
                        "clue_start": "423",
                        "clue_end": "606"
                    }
                ],
                "terminology": [
                    {
                        "word": "Kharitonov"
                    },
                    {
                        "word": "Kharitonov 다항식"
                    },
                    {
                        "word": "Linear"
                    },
                    {
                        "word": "interval"
                    },
                    {
                        "word": "선형 구간 다항식"
                    },
                    {
                        "word": "실수다항식"
                    },
                    {
                        "word": "집합"
                    }
                ]
            },
            {
                "context_id": "55e-0c9-merge_ed_034b7f4e-2d144fbb-9535-44fd-9591-3eefdbef5654_06",
                "context_K-NSCC": {
                    "field": "인공물",
                    "large_category": "ED",
                    "medium_category": "05"
                },
                "context": "<p>안정도 마진 확보를 위해 일반적인 Kharitonov 정리를 적용하여 안정도를 판변하기 위해 식 (10)의 다항식에 대해 안정도 판별을 한 후 Hurwitz 안정도 판별법을 이용하여 식 (11)을 만족하는 제어기 이득을 선정한다.</p> <p>\\( F_ { 0 } c_ { 0 \\min } + F_ { 1 } c_ { 1 \\min } + F_ { 2 } c_ { 2 } \\)</p>\\( F_ { 0 } c_ { 0 \\min } + F_ { 1 } c_ { 1 \\max } + F_ { 2 } c_ { 2 } \\)</p>\\( F_ { 0 } c_ { 0 \\max } + F_ { 1 } c_ { 1 \\min } + F_ { 2 } c_ { 2 } \\)</p>\\( F_ { 0 } c_ { 0 \\max } + F_ { 1 } c_ { 1 \\max } + F_ { 2 } c_ { 2 } \\)<caption>(10)</caption></p> <p>1) \\( c_ { 2 } >0 \\)</p>2) \\( c_ { 1 } >0 \\)</p>3) \\( c_ { 0 } \\succ 0 \\)<caption>(11)</caption></p> <p>이상 제안한 속도제어기 설계방법으로 \\( \\delta \\) Hurwitz 안정도를 갖는 \\( \\delta \\)의 한계값을 시뮬레이션을 통해 구하면 6의 값을 얻을 수 있다. 유도전동기 구동시스템 실험 장치의 특성을 고려하여 안정도 마진은 5로 선정하였다. 유도 전동기 전체 관성이 \\( -70 \\% \\)에서 \\( + 70 \\% \\) 사이에서 변동한다고 할 때 조건 영역에 맞는 영역을 동시에 만족시키는 이득의 영역을 그림 5에서 보여주고 있다. 따라서 전동기 관성 변화의 폭을 선정하면 지정한 안정도 마진을 확보할 수 있다. 본 논문에서는 \\( \\omega_ { p i } \\)와 \\( K_ { p } \\)의 값을 0에서 10사이의 존재한다고 보고 조건을 도시하였다. \\( \\omega_ {\\text { pi } } \\)와 \\( K_ { p } \\)를 모두 9로 선정하였다.</p> <h1>4. Simulation</h1> <h2>4.1 RLS를 이용한 기계계 파라미터 추정</h2> <p>그림 6은 유도전동기 관성 추정 시뮬례이션 결과이다. 실제 총 관성은 유도전동기 \\( 0.0088 \\mathrm { ~kg } \\cdot \\mathrm { m } ^ { 2 } \\)과 직류 전동기 \\( 0.009 \\mathrm { ~kg } \\cdot \\mathrm { m } ^ { 2 } \\)을 합한 \\( 0.0178 \\mathrm { ~kg } \\cdot \\mathrm { m } ^ { 2 } \\)으로서 추정된 값도 역시 \\( 0.0178 \\mathrm { ~kg } \\cdot \\mathrm { m } ^ { 2 } \\)의 근사값을 얻었으며 관성 원판을 추가한 경우도 그림 9의 실험 파형과 같이 뛰어난 추정성능을 보임을 알 수 있다.</p>",
                "context_length": 1440,
                "summary": "그림 6은 유도전동기 관성 추정 시뮬레이션 결과를 나타내고, 총 관성은 유도전동기와 직류 전동기의 합으로 추정되었다. 추정된 값은 실제 값과 근사적으로 일치하며, 관성 원판을 추가한 경우에도 그림 9의 실험 파형과 같이 뛰어난 추정성능을 보임을 알 수 있다.",
                "clue": [
                    {
                        "clue_text": "그림 6은 유도전동기 관성 추정 시뮬례이션 결과이다.",
                        "clue_start": "1076",
                        "clue_end": "1105"
                    },
                    {
                        "clue_text": "실제 총 관성은 유도전동기 \\( 0.0088 \\mathrm { ~kg } \\cdot \\mathrm { m } ^ { 2 } \\)과 직류 전동기 \\( 0.009 \\mathrm { ~kg } \\cdot \\mathrm { m } ^ { 2 } \\)을 합한 \\( 0.0178 \\mathrm { ~kg } \\cdot \\mathrm { m } ^ { 2 } \\)으로서 추정된 값도 역시 \\( 0.0178 \\mathrm { ~kg } \\cdot \\mathrm { m } ^ { 2 } \\)의 근사값을 얻었으며 관성 원판을 추가한 경우도 그림 9의 실험 파형과 같이 뛰어난 추정성능을 보임을 알 수 있다.",
                        "clue_start": "1106",
                        "clue_end": "1436"
                    }
                ],
                "terminology": [
                    {
                        "word": "Hurwitz 안정도"
                    },
                    {
                        "word": "Hurwitz 안정도 판별법"
                    },
                    {
                        "word": "Kharitonov"
                    },
                    {
                        "word": "Kharitonov 정리"
                    },
                    {
                        "word": "RLS"
                    },
                    {
                        "word": "관성 변화"
                    },
                    {
                        "word": "관성 원판"
                    },
                    {
                        "word": "관성 추정"
                    },
                    {
                        "word": "구동시스템"
                    },
                    {
                        "word": "근사값"
                    },
                    {
                        "word": "기계계 파라미터"
                    },
                    {
                        "word": "속도제어기"
                    },
                    {
                        "word": "시뮬레이션"
                    },
                    {
                        "word": "안정도 마진"
                    },
                    {
                        "word": "안정도 판별"
                    },
                    {
                        "word": "유도전동기"
                    },
                    {
                        "word": "전동기"
                    },
                    {
                        "word": "전동기 관성"
                    },
                    {
                        "word": "전체 관성"
                    },
                    {
                        "word": "제어기"
                    },
                    {
                        "word": "제어기 이득"
                    },
                    {
                        "word": "직류"
                    },
                    {
                        "word": "직류 전동기"
                    },
                    {
                        "word": "파라미터"
                    }
                ]
            }
        ]
    }
}