{
    "dataset_info": {
        "identifier": "02-031-002-NL",
        "name": "기술과학 문서 요약 데이터",
        "category": "자연어",
        "last_updated": "2023-08-30"
    },
    "dataset": {
        "doc_id": "034b7f4e-0af63714-9ae8-4bba-942c-affed1b69603",
        "doc_type": "논문",
        "doc_title": {
            "kor": "마이크로프로세서에 의한 디지탈 제어방식에서 직류/교류 전력변환장치 전류제어 성능의 최적화",
            "eng": ""
        },
        "doc_category": {
            "KDC": "560.5",
            "DDC": ""
        },
        "doc_number": {
            "ISSN": "1229-2214",
            "ISBN": "",
            "DOI": "",
            "UCI": ""
        },
        "doc_year": "1998",
        "doc_author": [
            "우명호",
            "목형수",
            "정승기"
        ],
        "doc_publisher": "전력전자학회",
        "doc_license": "CC BY-NC",
        "context_info": [
            {
                "context_id": "55e-0c9-c23776d2-c5c7-425d-832a-81a11be5d323",
                "context_K-NSCC": {
                    "field": "인공물",
                    "large_category": "ED",
                    "medium_category": "04"
                },
                "context": "<h1>2. 부분보상 예측전류제어</h1> <p>그림 1에 전압형 PWM 인버터-부하 시스템의 전력회로를 나타내었다. 부하는 인덕턴스와 역기전력으로 구성되어 있으며 인덕터의 저항성분은 무시하였다. 이 회로에서 인버터-부하의 전압방정식은 다음과 같은 미분방정식으로 표현할 수 있다.</p> <p>\\( \\underline{v}=L \\frac{d}{d t} \\underline{i}+\\underline{e} \\)<caption>(1)</caption></p> <p>여기서 밑줄친 변수는 \\( \\underline{f}=f_{q}-j f_{d} \\) 로 정의되는 3상 변수의 공간벡터(space vector)를 나타낸다.</p> <p>식 (1)의 이산화에 근거한 일정 스위칭 주파수 예측전류제어기는 디지탈 제어기의 샘플링 주기를 \\( T_{s} \\) 라고 하면 \\( k \\) 번째 샘플링 시점에서 다음과 같은 이산화 방정식으로 나타낼 수 있다.</p> <p>\\( \\underline{v}_{k}^{*}=\\frac{L}{T_{s}}\\left(\\underline{i}_{k+1}^{*}-\\underline{i}_{k}\\right)+\\underline{e}_{k l} \\)<caption>(2)</caption></p> <p>여기서 \\( \\underline{e}_{k} \\) 는 \\( k \\) 번째 샘플링 시점의 역기전력을 나타내며, \\( \\underline{v}_{k}^{*} \\) 는 \\( k \\) 번째 샘플링 시점의 실제전류 \\( \\underline{i}_{-k} \\) 가 \\( k+1 \\) 번째 샘플링 시점의 기준전류 \\( i_{k+1}^{*} \\) 를 한 샘플링 후에 추종할 수 있게 하는 인버터 출력 기준전압을 의미한다. 단, 한 샘플링 전류제어, 즉 데드비트(deadbeat) 특성을 구현하기 위해서는, 식 (2)에서도 알 수 있는 것처럼 \\( k+1 \\) 번째 샘플링 시점의 기준전류를 \\( k \\) 번째 샘플링 시점에서 예측할 수 있어야 한다. 예측전류제어기에서 기준전류의 예측방법에 대한 연구결과는 참고문헌에 소개되어 있다.</p> <p>그러나 예측전류제어기의 데드비트 특성은 디지탈 제어기의 연산시간(computation time)과 인버터의 포화(satu-ration)현상 등이 존재하기 때문에 실제 시스템의 경우, 한 샘플링의 위상오차(phase error)를 기대하기는 매우 어려운 것으로 알려져 있다. 특히 인버터의 포화현상에 의한 특성저하는 직류측 전압등과 같은 시스템 파라미터에 의해 영향을 받을 뿐만 아니라 포화현상 자체가 지니고 있는 비선형성으로 인해 현재까지는 과변조(over modulation) 대책에 대한 연구만 주로 이루어지고 있다. 한편 연산시간에 의한 위상오차는 대부분의 디지탈 제어시스템에서 거의 고려되지 않았으나 최근 연산시간의 크기에 따른 전류제어의 특성과 연산시간 보상에 대한 연구결과가 발표되고 있다.</p> <p>그림 2는 디지탈 제어기의 연산시간을 보상하기 위한 부분 보상 예측전류제어기의 개념도를 나타내고 있다. 그림에서 수직 점선은 반주기 대칭 PWM 패턴(Half symmetrical PWM pattern)의 출력시점을, 수직 실선은 샘플링 시점을 각각 나타낸다. 이와 같이 설정한 이유는 반 샘플링의 연산시간을 확보함과 동시에 한 샘플링 주기동안 삼각파 형태로 변화하는 실제전류의 평균치를 취득하기 위함이다. 반 샘플링 주기의 연산시간을 보상하는 방법을 그림 2의 개념도를 통해 간략하게 살펴보면 다음과 같다. 먼저 \\( t=t_{k} \\) 샘플링 시점에서 스위칭 신호가 실제로 출력되는 \\( t=t_{k}^{\\prime} \\) 시점의 실제전류 \\( \\hat{i}_{k} \\) 을 예측한 후, \\( \\hat{i}_{k} \\) 의 궤적이 직선 CF가 되도록 인버터 기준 전압을 다음 식과 같이 연산한다.</p> <p>\\( \\underline{v}_{k+1}^{*}=\\frac{2 L}{T_{s}}\\left(\\underline{i}_{-k+1}^{*}-\\underline{i}_{k}\\right)+\\underline{e}_{k+1} \\)<caption>(3)</caption></p> <p>위 수식은 근본적으로 식 (2)와 동일하며 다만 실제전류를 기준전류로 움직이게 하는 데 필요한 PWM 패턴이 그림 2와 같이 출력되고 그 전압의 대칭축이 \\( k+1 \\) 번째 샘플링 시점과 일치하기 때문에 \\( \\underline{v}_{k+1}^{*} \\) 로 달리 표현하였다. 그리고 역기전력은 \\( k \\)번째 샘플링 시점에서 \\( k+1 \\) 번째 샘플링 시점의 전압 \\( \\underline{e}_{k+1} \\) 이 필요하기 때문에 \\( \\underline{e}_{k} \\) 를 다음 식과 같이 한 샘플링 주기만큼 위상보정하여야 한다.</p> <p>\\( \\left[\\begin{array}{c}e_{q}(k+1) \\\\ e_{d}(k+1)\\end{array}\\right]=\\left[\\begin{array}{ll}\\cos \\omega_{e} T_{s} & \\sin \\omega_{e} T_{s} \\\\ -\\sin \\omega_{e} T_{s} & \\cos \\omega_{e} T_{s}\\end{array}\\right]\\left[\\begin{array}{l}e_{q}(k) \\\\ e_{d}(k)\\end{array}\\right] \\)<caption>(4)</caption></p> <p>식 (3)에 의한 \\( t=t_{k+1} \\) 샘플링 시점의 전류오차는 그림에서 알 수 있는 것과 같이 완전히 사라지게 된다. 다시 말해 연산 시간이 존재하는 경우에도 예측전류제어기는 데드비트 특성을 나타내게 된다. 그러나 식 (3)과 같은 제어방식은 두가지의 문제점을 지니고 있다. 첫째, 매우 큰 인버터 전압이 필요하며 이로 인해 인버터가 쉽게 포화된다는 것이다. 두번째의 문제점은 뱅뱅(bang-bang) 전류제어와 유사한 전류제어 특성을 나타내기 때문에 전류제어기가 불안정해질 수도 있다는 것이다. 따라서 그림 2에 나타낸 것처럼 직선 CF와 연산시간이 고려되지 않은 전류궤적인 직선 CD를 가중치 \\( \\rho \\) 를 적용하여 연산시간을 부분적으로 보상하게 된다. 여기서 가중치는 상대적인 전류오차를 나타내고 있으며 가중치에 따라 전류제어 역시 다른 특성을 나타낼 것을 예측할 수 있다. 이 방식에 의한 인버터 출력 기준전압에 대한 표현식은 다음과 같다.</p> <p>\\( \\underline{v}_{k+1}^{*}=\\frac{L(2-\\rho)}{T_{s}}\\left(\\underline{i}_{k+1}^{*}-\\underline{i}_{k}\\right)+\\underline{e}_{k+1}+(1-\\rho)\\left(\\underline{e}_{k}-\\underline{v}_{k}\\right) \\)<caption>(5)</caption></p> <p>또한 위와 같은 인버터 전압에 의한 기준전류와 실제전류 사이의 관계식은 다음과 같이 나타낼 수 있다.</p> <p>\\( i_{k}^{*}+i_{k-1}^{*}=\\frac{\\rho}{2-\\rho}\\left[\\frac{2}{\\rho} i_{k}+\\left(\\frac{2}{\\rho}-3\\right) i_{k-1}+i_{k-2}\\right] \\)<caption>(6)</caption></p>",
                "context_length": 3570,
                "summary": "그림 1은 전압형 PWM 인버터-부하 시스템의 전력회로를 나타내고 있다. 데드비트 특성을 구현하기 위해서는 \\( k+1 \\) 번째 샘플링 시점의 기준전류를 \\( k \\) 번째 샘플링 시점에서 예측할 수 있어야 한다. 그러나 실제 시스템의 경우, 한 샘플링의 위상오차(phase error)의 예측은 매우 어렵다. 디지탈 제어기의 연산시간을 보상하기 위한 부분 보상 예측전류제어기의 개념도는 그림 2를 통해 알 수 있다. 인버터 전압에 의한 기준전류와 실제 전류 사이의 관계식은 \\( i_{k}^{*}+i_{k-1}^{*}=\\frac{\\rho}{2-\\rho}\\left[\\frac{2}{\\rho} i_{k}+\\left(\\frac{2}{\\rho}-3\\right) i_{k-1}+i_{k-2}\\right] \\) 로 나타낼 수 있다.",
                "clue": [
                    {
                        "clue_text": "그림 1에 전압형 PWM 인버터-부하 시스템의 전력회로를 나타내었다.",
                        "clue_start": "27",
                        "clue_end": "65"
                    },
                    {
                        "clue_text": "단, 한 샘플링 전류제어, 즉 데드비트(deadbeat) 특성을 구현하기 위해서는, 식 (2)에서도 알 수 있는 것처럼 \\( k+1 \\) 번째 샘플링 시점의 기준전류를 \\( k \\) 번째 샘플링 시점에서 예측할 수 있어야 한다.",
                        "clue_start": "850",
                        "clue_end": "977"
                    },
                    {
                        "clue_text": "그러나 예측전류제어기의 데드비트 특성은 디지탈 제어기의 연산시간(computation time)과 인버터의 포화(satu-ration)현상 등이 존재하기 때문에 실제 시스템의 경우, 한 샘플링의 위상오차(phase error)를 기대하기는 매우 어려운 것으로 알려져 있다.",
                        "clue_start": "1031",
                        "clue_end": "1183"
                    },
                    {
                        "clue_text": "그림 2는 디지탈 제어기의 연산시간을 보상하기 위한 부분 보상 예측전류제어기의 개념도를 나타내고 있다.",
                        "clue_start": "1431",
                        "clue_end": "1488"
                    },
                    {
                        "clue_text": "\\( i_{k}^{*}+i_{k-1}^{*}=\\frac{\\rho}{2-\\rho}\\left[\\frac{2}{\\rho} i_{k}+\\left(\\frac{2}{\\rho}-3\\right) i_{k-1}+i_{k-2}\\right] \\)<caption>(6)</caption>",
                        "clue_start": "3418",
                        "clue_end": "3566"
                    }
                ],
                "terminology": [
                    {
                        "word": "CD"
                    },
                    {
                        "word": "CF"
                    },
                    {
                        "word": "PWM"
                    },
                    {
                        "word": "PWM 패턴"
                    },
                    {
                        "word": "bang-bang"
                    },
                    {
                        "word": "computation time"
                    },
                    {
                        "word": "modulation"
                    },
                    {
                        "word": "over modulation"
                    },
                    {
                        "word": "phase error"
                    },
                    {
                        "word": "space"
                    },
                    {
                        "word": "space vector"
                    },
                    {
                        "word": "vector"
                    },
                    {
                        "word": "가중치"
                    },
                    {
                        "word": "공간벡터"
                    },
                    {
                        "word": "과변조"
                    },
                    {
                        "word": "관계식"
                    },
                    {
                        "word": "근본적"
                    },
                    {
                        "word": "기준전압"
                    },
                    {
                        "word": "데드비트"
                    },
                    {
                        "word": "디지탈 제어기"
                    },
                    {
                        "word": "미분방정식"
                    },
                    {
                        "word": "반주기 대칭"
                    },
                    {
                        "word": "방정식"
                    },
                    {
                        "word": "부분보상"
                    },
                    {
                        "word": "비선형성"
                    },
                    {
                        "word": "삼각파"
                    },
                    {
                        "word": "샘플링 시점"
                    },
                    {
                        "word": "수직 점선"
                    },
                    {
                        "word": "스위칭"
                    },
                    {
                        "word": "스위칭 신호"
                    },
                    {
                        "word": "스위칭 주파수"
                    },
                    {
                        "word": "시스템 파라미터"
                    },
                    {
                        "word": "실제전류"
                    },
                    {
                        "word": "역기전력"
                    },
                    {
                        "word": "예측전류제어"
                    },
                    {
                        "word": "예측전류제어기"
                    },
                    {
                        "word": "위상보정"
                    },
                    {
                        "word": "위상오차"
                    },
                    {
                        "word": "이산화"
                    },
                    {
                        "word": "인덕터"
                    },
                    {
                        "word": "인버터 전압"
                    },
                    {
                        "word": "인버터-부하"
                    },
                    {
                        "word": "인버터-부하 시스템"
                    },
                    {
                        "word": "인버터의 포화"
                    },
                    {
                        "word": "저항성분"
                    },
                    {
                        "word": "전력회로"
                    },
                    {
                        "word": "전압방정식"
                    },
                    {
                        "word": "전압형"
                    },
                    {
                        "word": "전압형 PWM"
                    },
                    {
                        "word": "제어기"
                    },
                    {
                        "word": "주파수"
                    },
                    {
                        "word": "직류측"
                    },
                    {
                        "word": "특성저하"
                    },
                    {
                        "word": "파라미터"
                    },
                    {
                        "word": "평균치"
                    },
                    {
                        "word": "회로"
                    }
                ]
            },
            {
                "context_id": "55e-0c9-merge_2_034b7f4e-0af63714-9ae8-4bba-942c-affed1b69603_05",
                "context_K-NSCC": {
                    "field": "인공물",
                    "large_category": "ED",
                    "medium_category": "04"
                },
                "context": "<h2>4.2 경계 조건에 따른 정정시간</h2> <p>4.1절에서 논의된 경계조건의 타당성을 확인하기 위하여 계단 전류입력에 대한 전류의 정정시간을 실험적으로 구하였다. 실험은 그림 8의 해석적인 결과중 역기전력 벡터의 위치가 \\( \\theta = - \\pi / 6 \\) 인 경우에 대해서만 \\( \\rho \\) 값을 0부터 1까지 변화시키면서 실험을 행하였으며 \\( \\rho=0 \\) 인 경우에 대한 실험결과를 그림 9에 나타내었다.</p> <p>그림 9(a)에서 알 수 있는 것처럼 인버터전압 포화현상이 1번 일어나는 경우를 보면 계단 입력에 대한 정정시간이 2샘플링 소요되는데 그 이유는 \\( \\rho=0 \\) 인 경우의 이상적인 정정시간인 1샘플링에 1번의 포화 현상이 더해졌기 때문이다. 또한 그림 \\( 9( \\mathrm { ~b } ) \\) 와 \\( 9( \\mathrm { c } ) \\) 를 보면 정정시간이 과변조 횟수만큼 정정시간이 길어지고 있음을 알 수 있다. 이로 부터 전절에서 구한 경계영역이 유효함을 확인할 수 있다.</p> <p>그림 10에 가중치를 0부터 1까지 변화시키면서 계단입력에 대한 정정시간 실험결과를 나타내었다. 각 영역에 따라 정정 시간이 1씩 차이나고 있음을 확인할 수 있다. 실험적으로 얻은 결과와 그림 5의 이론적인 정정시간 결과를 보면 거의 비슷한 정정시간과 변화 추이를 보이고 있지만 \\( \\rho=0.22 \\) 이하에서는 매우 다른 특성을 보이고 있는 것을 확인할 수 있는데 이것은 인버터의 포화현상에 기인한 것으로 사료된다.</p> <h1>5. 실험결과 및 검토</h1> <p>그림 1과 동일한 전력회로를 사용하고 있는 능동전력필터에 부분보상 예측전류제어기를 적용하여 가중치에 따른 연산 시간 보상의 특징을 실험을 통해 고찰하였으며 그림 11에 전력회로의 전체 구성을 나타내었다. 능동전력필터 시스템은 그림과 같이 \\( 10 \\mathrm { kVA } \\) 급 위상제어 정류기와 전압형 \\( \\mathrm { PWM } \\) 인버터로 구성되어 있으며 디지탈 제어기는 TI사의 DSP인 TMS320C31을 사용하였다. 또한 전류제어 주기는 \\( 111 \\mu \\mathrm { sec } \\)로 설정되어 있다.</p> <p>그림 12와 13에 예측전류제어기를 사용한 디지탈 전류제어기의 연산시간 지연에 의한 과도상태 전류제어 특성 저하현상을 보상하기 위해 본 논문에서 제안된 연산시간 보상 시스템에 대한 실험결과를 나타내었다. 연산시간 지연에 대한 실험 조건은 인버터의 직류측 전압포화 현상이 발생하지 않도록 직류측 전압을 \\( 800 \\mathrm { ~V } \\), 정류기 직류측 부하 저항값은 18 \\( \\Omega \\) 인 상태에서 실험을 수행하였으며 시스템 제정수를 표 1에 나타내었다.</p> <p>그림 12에 가중치에 따른 샘플링전류의 전류제어 특성 변화에 대한 실험 결과를 나타내었다. 단, 결과에 나타낸 기준 전류는 한 샘플링 전의 값을 나타내며 샘플링 전류는 현 시점의 값을 나타낸다. 실험결과에서 볼 수 있듯이 가중치가 0에 가까워질수록 기준전류 변화시의 전류제어 오차가 거의 사라지고 있음을 확인할 수 있다. 특히 가중치가 0.1인 경우를 보면 샘플링전류가 기준전류와 거의 동일한, 즉 데드비트 특성에 가까운 전류제어가 이루어지고 있음을 확인할 수 있다. 또한 가중치가 1에 가까이 갈수록 샘플링 전류의 정정시간이 전반적으로 커지는 경향을 보이고 있다.</p> <p>그림 13은 그림 12의 실험 결과중에서 기준전류 변화에 따른 실제전류의 특성 변화를 나타낸 것으로 가중치가 거의 0에 가까운 0.1의 경우 실제 전류의 리플이 매우 크고 그 크기가 전류제어가 진행되어도 거의 감쇄하고 있지 않음을 볼 수 있다. 이상의 결과로 부터 부분보상 예측전류제어기에서 가중치는 샘플링전류 측면에서 보면 0에 가깝게 설정되는 것이 최적의 정정시간 특성을 나타내지만 실제전류 측면에서 보면 가중치가 0에 가까울수록 전류리플이 커지고 시스템이 불안정해질 수 있는 양면을 지니고 있음을 알 수 있다.</p> <h1>6. 결 론</h1> <p>본 연구에서는 디지탈 제어기의 연산시간 지연으로 인한 전류제어 특성 저하를 부분보상 예측전류제어기를 통해 개선할 수 있음을 확인하였다. 또한 부분보상 예측전류제어기에서 과도상태 정정시간을 최소화시키는 가중치를 해석적인 방법을 통해 선정하였으나 실제 시스템의 경우, 샘플링 전류와 실제전류사이의 성능을 절충할 수 있는 가중치의 설정이 필요함을 확인하였다. 또한 전압형 PWM 인버터의 포화 경계조건을 유도하였으며 인버터에서 출력전압의 포화 횟수와 전류 제어 정정시간이 매우 밀접하게 관련되어 있음을 확인하였다. 마지막으로 본 연구의 결과는 교류측 인덕턴스, 직류측전압, 그리고 부분보상 예측전류제어기의 가중치와 같은 인버터의 각종 파라미터를 설계하는 데 기초적인 자료가 될 것으로 사료된다.</p>",
                "context_length": 2403,
                "summary": "4.1절에서 논의된 경계조건의 타당성을 확인하기 위해, 계단 전류입력에 대한 전류의 정정시간을 실험적으로 구하였다. 인버터전압 포화현상이 발생하면 정정시간이 2샘플링 소요되는 것을 확인하였다. 이는 이상적인 정정시간인 1샘플링에 1번의 포화 현상이 추가된 결과다. 본 연구에서는 부분보상 예측전류제어기를 이용하여 디지탈 제어기의 연산시간 지연으로 인한 전류제어 특성 저하를 개선하였다는 것을 확인하였으며, 그 결과를 그림 12에서 나타냈다.",
                "clue": [
                    {
                        "clue_text": "4.1절에서 논의된 경계조건의 타당성을 확인하기 위하여 계단 전류입력에 대한 전류의 정정시간을 실험적으로 구하였다.",
                        "clue_start": "31",
                        "clue_end": "95"
                    },
                    {
                        "clue_text": "그림 9(a)에서 알 수 있는 것처럼 인버터전압 포화현상이 1번 일어나는 경우를 보면 계단 입력에 대한 정정시간이 2샘플링 소요되는데 그 이유는 \\( \\rho=0 \\) 인 경우의 이상적인 정정시간인 1샘플링에 1번의 포화 현상이 더해졌기 때문이다.",
                        "clue_start": "251",
                        "clue_end": "389"
                    },
                    {
                        "clue_text": "본 연구에서는 디지탈 제어기의 연산시간 지연으로 인한 전류제어 특성 저하를 부분보상 예측전류제어기를 통해 개선할 수 있음을 확인하였다.",
                        "clue_start": "2014",
                        "clue_end": "2089"
                    },
                    {
                        "clue_text": "그림 12에 가중치에 따른 샘플링전류의 전류제어 특성 변화에 대한 실험 결과를 나타내었다.",
                        "clue_start": "1378",
                        "clue_end": "1428"
                    }
                ],
                "terminology": [
                    {
                        "word": "PWM"
                    },
                    {
                        "word": "PWM 인버터"
                    },
                    {
                        "word": "TMS320C31"
                    },
                    {
                        "word": "가중치"
                    },
                    {
                        "word": "경계 조건"
                    },
                    {
                        "word": "경계영역"
                    },
                    {
                        "word": "계단 전류입력"
                    },
                    {
                        "word": "계단입력"
                    },
                    {
                        "word": "과변조"
                    },
                    {
                        "word": "교류측"
                    },
                    {
                        "word": "교류측 인덕턴스"
                    },
                    {
                        "word": "기준 전류"
                    },
                    {
                        "word": "능동전력필터"
                    },
                    {
                        "word": "능동전력필터 시스템"
                    },
                    {
                        "word": "데드비트"
                    },
                    {
                        "word": "디지탈 전류제어기"
                    },
                    {
                        "word": "디지탈 제어기"
                    },
                    {
                        "word": "벡터"
                    },
                    {
                        "word": "부분보상"
                    },
                    {
                        "word": "부분보상 예측전류제어기"
                    },
                    {
                        "word": "부하 저항값"
                    },
                    {
                        "word": "샘플링전류"
                    },
                    {
                        "word": "시스템 제정수"
                    },
                    {
                        "word": "실제전류"
                    },
                    {
                        "word": "역기전력"
                    },
                    {
                        "word": "역기전력 벡터"
                    },
                    {
                        "word": "예측전류제어기"
                    },
                    {
                        "word": "위상제어"
                    },
                    {
                        "word": "인덕턴스"
                    },
                    {
                        "word": "인버터의 포화"
                    },
                    {
                        "word": "인버터전압"
                    },
                    {
                        "word": "인버터전압 포화현상"
                    },
                    {
                        "word": "전력회로"
                    },
                    {
                        "word": "전류"
                    },
                    {
                        "word": "전류리플"
                    },
                    {
                        "word": "전류입력"
                    },
                    {
                        "word": "전류제어 주기"
                    },
                    {
                        "word": "전압형"
                    },
                    {
                        "word": "전압형 PWM"
                    },
                    {
                        "word": "전압형 PWM 인버터"
                    },
                    {
                        "word": "전절"
                    },
                    {
                        "word": "정류기"
                    },
                    {
                        "word": "제어기"
                    },
                    {
                        "word": "제정수"
                    },
                    {
                        "word": "직류측"
                    },
                    {
                        "word": "직류측전압"
                    },
                    {
                        "word": "출력전압"
                    },
                    {
                        "word": "파라미터"
                    },
                    {
                        "word": "포화 현상"
                    },
                    {
                        "word": "포화현상이"
                    },
                    {
                        "word": "해석적인 방법"
                    }
                ]
            },
            {
                "context_id": "55e-0c9-merge_2_034b7f4e-0af63714-9ae8-4bba-942c-affed1b69603_03",
                "context_K-NSCC": {
                    "field": "인공물",
                    "large_category": "ED",
                    "medium_category": "04"
                },
                "context": "<h1>3. 부분보상 예측전류제어기의 해석</h1> <p>부분보상 예측전류제어기에 대한 시간 및 주파수 영역 해석을 수행하여 연산시간 보상의 특징을 고찰하기 위해 식 (7)에 식 (6)을 \\( \\mathrm { z } ^ {\\text { - } } \\) 변환하여 얻은 전달함수 (transefer fun-ction)를 나타내었으며 그림 3에 단위궤환(unit feedback)으로 표현된 부분보상 예측전류제어기의 블럭 다이어그램을 나타내었다.</p> <p>\\( \\frac { I(z) } { I ^ { * } (z) } = \\frac {\\left (1- \\frac { 2 } {\\rho } \\right ) \\left (z ^ { 2 } + z \\right ) } { z ^ { 2 } + \\left (1- \\frac { 3 } { 2 } \\rho \\right ) z + \\frac {\\rho } { 2 } } \\)<caption>(7)</caption></p> <p>그림 4에 전류제어 시스템의 근궤적(root locus)을 나타내었다. 그림과 같이 시스템 폴(pole)의 궤적은 단위원(unit circle) 내에 항상 존재하며 특히 가중치가 0인 경우에는 영점 (zero)에 의해 두개의 폴이 모두 상쇄됨을 알 수 있다.</p> <p>또한 근궤적으로 부터 시스템 폴에 허수부(imaginary part)가 존재하는 경우를 보면 감쇄비(damping ratio, \\( \\zeta \\) ) 값이 \\( 0.2 \\sim 0.4 \\) 범위내에 있으며 시스템 폴이 \\( -1 / 3 \\) 에서 중근을 가지게 됨을 알 수 있다. 그림 5는 식 (7)의 부분보상 예측전류제어기에 대한 전달함수를 연속 시스템으로 변환한 후, 가중치의 변화에 따른 단위 계단입력에 대한 시스템의 정정시간 \\( ( \\pm 2 \\%) \\) 을 샘플링 시간으로 규준화(normalization)하여 나타낸 것으로 가중치가 0인 경우를 제외하면 0.22일 때의 응답이 최소가 됨을 알 수 있다. 즉, 정정시간 그래프에는 전역 최소값(global minimum)과 지역 최소값(local minimum)이 존재하고 있다. 여기서 0.22는 시스템 폴이 중근을 가질 경우에 대한 가중치의 값으로서 식 (7)의 특성방정식으로 부터 쉽게 구할 수 있다. 또한 가중치의 값이 0.22에서 1로 증가함에 따라 정정시간이 4 샘플링에서 12 샘플링으로 증가하고 있음을 확인할 수 있다. 그리고 가중치가 0.22보다 작을 경우에는 정정시간이 급격히 증가하고 있는데 이것은 기준전류와 실제전류의 오차가 작을 때에도 제어기의 이득이 매우 크기 때문에 실제전류가 큰 진폭으로 변동하기 때문이다.</p>",
                "context_length": 1312,
                "summary": "부분보상 예측전류제어기의 시간 및 주파수 영역 해석을 위해 식(7)과 식(6)을 \\( \\mathrm { z } ^ {\\text { - } } \\) 변환하여 전달함수를 구하고, 그림 3에서 단위궤환으로 표현된 블럭 다이어그램을 제시한다. 그림 4에서는 전류제어 시스템의 근궤적을 나타낸다. 시스템 폴의 궤적은 항상 단위원 내에 있으며, 가중치가 0인 경우 영점에 의해 두 폴이 상쇄되는 것을 확인할 수 있다.",
                "clue": [
                    {
                        "clue_text": "부분보상 예측전류제어기에 대한 시간 및 주파수 영역 해석을 수행하여 연산시간 보상의 특징을 고찰하기 위해 식 (7)에 식 (6)을 \\( \\mathrm { z } ^ {\\text { - } } \\) 변환하여 얻은 전달함수 (transefer fun-ction)를 나타내었으며 그림 3에 단위궤환(unit feedback)으로 표현된 부분보상 예측전류제어기의 블럭 다이어그램을 나타내었다.",
                        "clue_start": "32",
                        "clue_end": "247"
                    },
                    {
                        "clue_text": "그림 4에 전류제어 시스템의 근궤적(root locus)을 나타내었다.",
                        "clue_start": "485",
                        "clue_end": "524"
                    },
                    {
                        "clue_text": "그림과 같이 시스템 폴(pole)의 궤적은 단위원(unit circle) 내에 항상 존재하며 특히 가중치가 0인 경우에는 영점 (zero)에 의해 두개의 폴이 모두 상쇄됨을 알 수 있다.",
                        "clue_start": "525",
                        "clue_end": "629"
                    }
                ],
                "terminology": [
                    {
                        "word": "damping"
                    },
                    {
                        "word": "global"
                    },
                    {
                        "word": "global minimum"
                    },
                    {
                        "word": "imaginary"
                    },
                    {
                        "word": "imaginary part"
                    },
                    {
                        "word": "local minimum"
                    },
                    {
                        "word": "normalization"
                    },
                    {
                        "word": "pole"
                    },
                    {
                        "word": "root"
                    },
                    {
                        "word": "unit"
                    },
                    {
                        "word": "unit circle"
                    },
                    {
                        "word": "가중치"
                    },
                    {
                        "word": "감쇄비"
                    },
                    {
                        "word": "계단입력"
                    },
                    {
                        "word": "규준화"
                    },
                    {
                        "word": "근궤적"
                    },
                    {
                        "word": "다이어그램"
                    },
                    {
                        "word": "단위 계단입력"
                    },
                    {
                        "word": "단위궤환"
                    },
                    {
                        "word": "부분보상"
                    },
                    {
                        "word": "부분보상 예측전류제어기"
                    },
                    {
                        "word": "블럭 다이어그램"
                    },
                    {
                        "word": "샘플링 시간"
                    },
                    {
                        "word": "실제전류"
                    },
                    {
                        "word": "예측전류제어기"
                    },
                    {
                        "word": "전달함수"
                    },
                    {
                        "word": "전역 최소값"
                    },
                    {
                        "word": "제어기"
                    },
                    {
                        "word": "주파수"
                    },
                    {
                        "word": "주파수 영역"
                    },
                    {
                        "word": "주파수 영역 해석"
                    },
                    {
                        "word": "중근"
                    },
                    {
                        "word": "지역 최소값"
                    },
                    {
                        "word": "진폭"
                    },
                    {
                        "word": "특성방정식"
                    },
                    {
                        "word": "허수부"
                    }
                ]
            },
            {
                "context_id": "55e-0c9-fda3bbcc-49b6-42ed-9bb6-5462bd77732f",
                "context_K-NSCC": {
                    "field": "인공물",
                    "large_category": "ED",
                    "medium_category": "04"
                },
                "context": "<h1>1. 서 론</h1> <p>전압형 PWM 인버터의 전류제어 방식으로 마이크로 프로세서를 이용한 디지탈 전류제어기를 사용할 경우 필연적으로 기준전류와 실제전류 사이에는 연산시간 지연 (computation time delay)으로 인한 전류오차가 발생하게 된다. 이러한 전류오차의 크기는 디지탈 제어 시스템의 전류제어 주기와 연산속도에 의해 좌우되기 때문에 고성능 전류제어를 위해 최근에는 DSP를 사용하는 경향이 높아지고 있다.</p> <p>일정 스위칭 주파수 예측전류제어기는 기본적으로 인버터-부하 시스템을 나타내는 미분방정식의 이산화에 근거한 데드비트 전류제어 기술로서 유도전동기 드라이브와 PWM 정류기의 전류제어 등에 적용되고 있다. 예측전류제어기는 정상상태및 과도상태 특성이 좋고 전류리플이 작은 반면에 전류제어시 인버터-부하 미분방정식의 정확도에 민감하며 실제전류와 기준전류 사이에 지연현상(위상 오차)이 존재하는 단점을 지니고 있다.</p> <p>위상오차 현상의 원인은 기준전류의 예측 불가능에서 오는 것과 전술한 바와 같이 연산시간 지연에 의한 것이 있다. 기준전류의 예측방법은 기준전류의 주파수 성분에 따라 달라지는데 기본파 주파수만을 대상으로 하는 방법과 능동전력필터와 같이 저차의 고조파 성분이 중첩되어 있는 경우에 적합한 방법으로 나눌 수 있다.</p> <p>연산시간을 보상하기 위한 방법을 제안한 O. Kukrer씨의 논문은 과도상태 개선 측면에서 우수하고 샘플링 구간 전체를 연산시간에 할애할 수 있는 장점을 지니고 있다. 그러나 이 방식은 인버터의 동작주파수가 높은 경우에는 정상상태 오차가 커지기 때문에 기준전류와 부하 역기전력을 예측하기위해 고차(high order)의 라그랑제 보간법(Lagrange interpolation)을 사용해야 하는 단점을 지니고 있다. 한편 예측전류제어기의 연산시간 지연을 보상하기 위해 저자들에 의해 제안되었던 부분보상 예측전류제어 방식은 연산에 할당 할 수 있는 시간이 반샘플링으로 Kukrer씨의 방식에 비해 작지만 기준전류를 예측할 필요가 없으며 역기전력의 경우 Kukrer씨의 방식은 두 샘플링 앞을 예측해야 하지만 부분보상 방식은 한 샘플링 앞의 값을 예측하는 것으로 충분하기 때문에 인버터의 동작주파수에 둔감한 장점을 지니고 있다.</p> <p>본 논문은 부분보상 예측전류제어기에 대한 후속 논문으로서 다음과 같은 연구를 수행하였다. 먼저 부분보상 예측전류 제어 방식의 과도응답 특성이 가중치에 의해 좌우되기 때문에 과도상태시 정정시간을 최소화시킬 수 있는 가중치를 설정하기 위하여 부분보상 예측전류제어기에 대한 해석을 수행하였다. 또한 부분보상 예측전류제어기와 공간벡터 변조방식을 채용한 전압형 PWM 인버터 시스템에서 출력전압의 포화 개념을 소개하고 인버터의 출력전압 포화를 예측할 수 있는 출력전압 포화 경계조건을 유도하였다. 또한 인버터의 출력전압 포화현상이 부분보상 예측전류제어기의 과도응답 특성에 미치는 영향을 고찰하였다. 끝으로 위상제어정류기 부하의 고조파 전류를 보상하기 위한 능동전력필터에 부분보상 예측전류제어기를 적용하여 과도상태 특성의 개선을 확인하였다.</p>",
                "context_length": 1546,
                "summary": "전압형 PWM 인버터의 전류제어 방식에서 마이크로 프로세서를 이용한 디지탈 전류제어기 사용 시, 연산시간 지연으로 인한 전류오차가 발생한다. 이를 보완하기 위해 제안된 예측전류제어기는 실제전류와 기준전류 사이의 위상 오차가 존재하는 문제점이 있다. 이러한 문제를 해결하기 위해 부분보상 예측전류제어 방식이 제안되었고, 이는 연산할당 시간이 반샘플링이지만, 기준전류 예측이 불필요하며, 인버터의 동작주파수에 둔감하다는 장점을 가진다. 반면에 O. Kukrer의 방식은 샘플링 구간 전체를 연산시간에 활용하 며 과도상태 개선 측면에서 우수하다.",
                "clue": [
                    {
                        "clue_text": "전압형 PWM 인버터의 전류제어 방식으로 마이크로 프로세서를 이용한 디지탈 전류제어기를 사용할 경우 필연적으로 기준전류와 실제전류 사이에는 연산시간 지연 (computation time delay)으로 인한 전류오차가 발생하게 된다.",
                        "clue_start": "19",
                        "clue_end": "149"
                    },
                    {
                        "clue_text": "일정 스위칭 주파수 예측전류제어기는 기본적으로 인버터-부하 시스템을 나타내는 미분방정식의 이산화에 근거한 데드비트 전류제어 기술로서 유도전동기 드라이브와 PWM 정류기의 전류제어 등에 적용되고 있다.",
                        "clue_start": "251",
                        "clue_end": "362"
                    },
                    {
                        "clue_text": "위상오차 현상의 원인은 기준전류의 예측 불가능에서 오는 것과 전술한 바와 같이 연산시간 지연에 의한 것이 있다.",
                        "clue_start": "485",
                        "clue_end": "547"
                    },
                    {
                        "clue_text": "연산시간을 보상하기 위한 방법을 제안한 O. Kukrer씨의 논문은 과도상태 개선 측면에서 우수하고 샘플링 구간 전체를 연산시간에 할애할 수 있는 장점을 지니고 있다.",
                        "clue_start": "665",
                        "clue_end": "758"
                    },
                    {
                        "clue_text": "본 논문은 부분보상 예측전류제어기에 대한 후속 논문으로서 다음과 같은 연구를 수행하였다.",
                        "clue_start": "1134",
                        "clue_end": "1183"
                    }
                ],
                "terminology": [
                    {
                        "word": "DSP"
                    },
                    {
                        "word": "Lagrange interpolation"
                    },
                    {
                        "word": "PWM"
                    },
                    {
                        "word": "PWM 인버터"
                    },
                    {
                        "word": "PWM 정류기"
                    },
                    {
                        "word": "computation time"
                    },
                    {
                        "word": "delay"
                    },
                    {
                        "word": "interpolation"
                    },
                    {
                        "word": "time delay"
                    },
                    {
                        "word": "가중치"
                    },
                    {
                        "word": "고성능 전류제어"
                    },
                    {
                        "word": "고조파"
                    },
                    {
                        "word": "고조파 성분"
                    },
                    {
                        "word": "고조파 전류"
                    },
                    {
                        "word": "공간벡터"
                    },
                    {
                        "word": "공간벡터 변조방식"
                    },
                    {
                        "word": "과도상태 개선 측면"
                    },
                    {
                        "word": "과도상태 특성"
                    },
                    {
                        "word": "과도응답 특성"
                    },
                    {
                        "word": "능동전력필터"
                    },
                    {
                        "word": "데드비트"
                    },
                    {
                        "word": "데드비트 전류제어 기술"
                    },
                    {
                        "word": "동작주파수"
                    },
                    {
                        "word": "디지탈 전류제어기"
                    },
                    {
                        "word": "디지탈 제어 시스템"
                    },
                    {
                        "word": "라그랑제"
                    },
                    {
                        "word": "라그랑제 보간법"
                    },
                    {
                        "word": "마이크로 프로세서"
                    },
                    {
                        "word": "미분방정식"
                    },
                    {
                        "word": "반샘플링"
                    },
                    {
                        "word": "변조방식"
                    },
                    {
                        "word": "보간법"
                    },
                    {
                        "word": "부분보상"
                    },
                    {
                        "word": "부분보상 예측전류제어 방식"
                    },
                    {
                        "word": "부분보상 예측전류제어기"
                    },
                    {
                        "word": "부하 역기전력"
                    },
                    {
                        "word": "스위칭"
                    },
                    {
                        "word": "스위칭 주파수"
                    },
                    {
                        "word": "실제전류"
                    },
                    {
                        "word": "역기전력"
                    },
                    {
                        "word": "예측전류"
                    },
                    {
                        "word": "예측전류제어"
                    },
                    {
                        "word": "예측전류제어기"
                    },
                    {
                        "word": "위상"
                    },
                    {
                        "word": "위상오차"
                    },
                    {
                        "word": "위상오차 현상"
                    },
                    {
                        "word": "위상제어정류기"
                    },
                    {
                        "word": "유도전동기"
                    },
                    {
                        "word": "이산화"
                    },
                    {
                        "word": "인버터 시스템"
                    },
                    {
                        "word": "인버터-부하"
                    },
                    {
                        "word": "인버터-부하 미분방정식"
                    },
                    {
                        "word": "인버터-부하 시스템"
                    },
                    {
                        "word": "인버터의 출력전압"
                    },
                    {
                        "word": "전류"
                    },
                    {
                        "word": "전류리플"
                    },
                    {
                        "word": "전류제어 방식"
                    },
                    {
                        "word": "전압형"
                    },
                    {
                        "word": "전압형 PWM"
                    },
                    {
                        "word": "전압형 PWM 인버터"
                    },
                    {
                        "word": "전압형 PWM 인버터 시스템"
                    },
                    {
                        "word": "정류기"
                    },
                    {
                        "word": "정상상태 오차"
                    },
                    {
                        "word": "주파수"
                    },
                    {
                        "word": "주파수 성분"
                    },
                    {
                        "word": "지연현상"
                    },
                    {
                        "word": "출력전압"
                    },
                    {
                        "word": "출력전압 포화 경계조건"
                    },
                    {
                        "word": "포화현상이"
                    },
                    {
                        "word": "프로세서"
                    }
                ]
            },
            {
                "context_id": "55e-0c9-790cc359-5568-46d4-9842-ac6ec6652f31",
                "context_K-NSCC": {
                    "field": "인공물",
                    "large_category": "ED",
                    "medium_category": "04"
                },
                "context": "<h1>4. PWM 인버터의 출력전압 포화</h1> <p>전술한 부분보상 예측전류제어기에 대한 이론적인 해석은 인버터의 비선형성(예를 들어 출력전압 포화와 데드타임)이 존재하지 않는 이상적인 경우를 전제로 하고 있다. 그 이유는 인버터의 포화현상은 선형모델로 표현할 수 없는 비선형 특성을 지니고 있기 때문이다. 따라서 PWM 인버터의 출력전압 포화현상이 연산시간 보상 시스템에 미치는 영향을 예측하기 위한 별도의 방법이 요구되고 있다. 이를 위해 본 절에서는 다음과 같은 가정을 통해 먼저 연산시간 보상 예측전류 제어기에서 기준 전류오차 벡터의 크기에 따른 인버터 출력 전압의 포화현상을 설명한다.</p> <p>가정 1 역기전력 벡터 \\( \\underline{e} \\) 는 거의 일정하다.</p> <p>가정 2. 전류의 방향을 고려한 과변조기법을 사용한다.</p> <p>가정3. \\(k\\) 번째 샘플링 시점에서 계단형태의 기준전류를 인가한다.</p> <h2>4.1 출력전압 포화경계</h2> <p>\\( \\underline{v}_{k+1}^{*}=\\frac{L}{T_{s}} \\Delta_{\\underline{i}_{k+1}^{*}}^{\\underline{e}_{k+1}} \\)<caption>(8)</caption></p> <p>만약 위 식에서 \\( \\Delta i_{k+1}^{*} \\) 이 가정 3처럼 급격하게 변해 식 (8)의 전압이 그림 6 에 나타낸 것처럼 인버터 출력전압의 공간벡터를 나타내는 육각형을 벗어난다면 실제로 발생할 수 있는 인버터전압은 그림 6과 같이 육각형 변상의 전압 \\( \\underline{v}_{k+1} \\) 으로 제한된다. 이에 따라 실제전류는 \\( \\Delta i_{-k+1} \\) 이 되고 \\( k+1 \\) 시점의 전류오차 벡터는 다음과 같이 연산할 수 있다.</p> <p>\\( \\Delta \\underline{i}_{k+2}^{*}=\\Delta \\underline{i}_{k+1}^{*}-\\Delta \\underline{i}_{k+1} \\)<caption>(9)</caption></p> <p>만약 식 (9)가 \\( k+1 \\) 시점의 실제 전류오차 \\( \\Delta i_{-k+1} \\) 보다 작으면 더 이상의 인버터 출력전압 포화현상은 일어나지 않지만 식 (10)과 같은 조건이 만족된다면 인버터의 출력전압은 또 한번 포화될 것이다.</p> <p>\\( \\Delta \\underline{i}_{-k+2}^{*}>\\Delta \\underline{i}_{k+1} \\) or \\( \\Delta \\underline{i}_{-k+1}^{*}>2 \\Delta \\underline{i}_{k+1} \\)<caption>(10)</caption></p> <p>전류오차 벡터의 크기에 따른 인버터 출력전압 포화경계를 용이하게 해석하기 위해 그림 6 의 공간벡터를 \\( \\pi / 6 \\) [rad]만큼 시계방향으로 회전시키고 전류오차 벡터의 크기에 따른 인버터 출력전압의 포화경계를 그리면 그림 7과 같이 나타낼 수 있다. 그림 7에서 알 수 있는 것처럼 1번째 포화경계는 육각형의 변으로 항상 일정하며 2번째 이후의 포화경계는 역기전력 벡터의 위치에 따라 달라지며 각 포화영역의 크기는 \\( \\theta=0 \\) 에서 최소가 되며 \\( \\theta=\\pi / 6 \\) 에서 최대가 된다. 또한 역기전력 벡터의 위치가 결정되고 나면 전류오차 벡터의 방향에 관계없이 포화경계가 육각형의 변과 평행함을 알 수 있다.</p> <p>한편 그림 6과 7은 \\( \\rho=1 \\) 인 경우, 즉 연산시간 보상이 이루어지지 않은 경우에 대한 예측전류제어기의 포화 경계조건을 다루었는데 \\( \\rho \\neq 1 \\)인 경우를 살펴 보면 다음과 같다. 식 (5)에서 \\( k-1 \\) 번째 샘플링 시점이 정상상태이고 가중치 \\( \\rho \\) 가 1이라고 가정하면 식 (5)에서 \\( \\underline{e}_{k} \\approx \\underline{v}_{k} \\) 이 성립하기 때문에 식 (5)는 다음과 같이 주어진다.</p> <p>\\( \\underline{v}_{k+1}^{*}=\\frac{L}{T_{s}}(2-\\rho) \\Delta \\underline{i}_{-k+1}^{*}+\\underline{e}_{k+1} \\)<caption>(11)</caption></p> <p>만약 식 (11)에 의한 인버터전압이 포화되고 그 때의 최대 전류오차가 \\( \\Delta \\underline{i}_{k+1} \\) 이라면 \\( k+1 \\) 시점의 기준전압은 식 (5)와 식(11)로 부터 다음과 같이 구할 수 있다.</p> <p>\\( \\begin{aligned} \\underline{v}_{k+2}^{*} &=\\frac{L}{T_{s}}(2-\\rho) \\Delta i_{k+2}^{*}+\\underline{e}_{k+2}+(1-\\rho)\\left(\\underline{e}_{k+1}-\\underline{v}_{k+1}\\right) \\\\ &=\\frac{L}{T_{s}}(2-\\rho) \\Delta \\dot{i}_{k+2}^{*}+\\underline{e}_{k+2}+(1-\\rho)(\\rho-2) \\frac{L}{T_{s}} \\Delta \\underline{i}_{k+1} \\end{aligned} \\)<caption>(12)</caption></p> <p>식 (12)가 포화되지 않기 위해서는 식 (12)의 값이 (11)보다 작아야 하기 때문에 이것으로 부터 다음과 같은 관계식을 얻을 수 있다.</p> <p>\\( (2-\\rho) \\Delta i_{k+1} \\geq(2-\\rho) \\Delta i_{-k+2}^{*}+(1-\\rho)(\\rho-2) \\Delta \\underline{i}_{-k+1} \\)<caption>(13)</caption></p> <p>식 (13)을 정리하면</p> <p>\\( \\Delta \\underline{i}_{k+2}^{*} \\leq(2-\\rho) \\Delta \\underline{i}_{k+1} \\)<caption>(14)</caption></p> <p>위 관계식으로 부터 2 번째 인버터 출력전압 포화경계 표현식을 다음과 같이 나타낼 수 있다.</p> <p>2nd boundary \\( =\\Delta \\underline{i}_{k+1}+(2-\\rho) \\Delta \\underline{i}_{k+1}=(3-\\rho) \\Delta \\underline{i}_{k+1} \\)<caption>(15)</caption></p> <p>또한 \\( k+2 \\) 시점의 경계조건을 \\( k+1 \\) 시점에서 행했던 방법과 유사한 방법을 사용하여 구하면 그 결과는 다음과 같다.</p> <p>\\( \\begin{aligned} \\text { 3rd boundary }=& 2 \\text { nd boundary }+(2-\\rho) \\Delta \\underline{i}_{-k+1} \\\\ &=(5-2 \\rho) \\Delta \\underline{i}_{k+1} \\end{aligned} \\)<caption>(16)</caption></p> <p>이들 결과로 부터 \\( \\mathrm{n} \\) 번째 경계조건은 다음과 같이 나타낼 수 있다.</p> <p>\\( \\mathrm{n}- \\) th boundary \\( =[(2 n-1)-(n-1) \\rho] \\Delta i_{-k+1} \\)<caption>(17)</caption></p> <p>식 (17)과 같이 각 포화경계에 대한 표현식은 \\( \\Delta i_{k+1} \\) 의 크기만 구하면 되지만 그 크기는 그림 7에서 알 수 있는 것처럼 역기전력 벡터의 위치, 전류오차 벡터의 방향, 그리고 가중치의 크기에 따라 달라지기 때문에 이 모든 경우에 대해서 \\( \\Delta i_{k+1} \\) 의 크기를 구하기가 용이하지 않다. 따라서 본 연구에서는 먼저 그림 7에서 전류오차 벡터의 방향을 \\( -\\pi / 6 \\) 로 고정한 경우만을 먼저 대상으로 하였다. 그림 8에 직류측 전압의 크기는 \\( 470 \\mathrm{~V} \\), 인덕턴스 값은 \\( 1.5 \\mathrm{mH} \\) 그리고 전류제어 주기는 \\( 111 \\mu \\mathrm{sec} \\) 로 설정한 상태에서 가중치와 역기전력 벡터의 위치에 따른 최대 허용가능한 전류오차 벡터의 크기를 포화 경계별로 나누어 나타내었다.</p>",
                "context_length": 4063,
                "summary": "본 논문에서는 PWM 인버터의 출력전압 포화현상이 연산시간 보상 시스템에 미치는 영향을 예측하기 위한 별도의 방법이 필요하여, 연산시간 보상 예측전류 제어기에서 기준 전류오차 벡터의 크기에 따른 인버터 출력 전압의 포화현상을 설명한다. 인버터의 포화현상은 표현할 수 없는 비선형 특성을 지니고 있으므로, 부분보상 예측전류제어기에 대한 이론적인 해석은 인버터의 비선형성이 존재하지 않는 이상적인 경우를 전제로 한다.",
                "clue": [
                    {
                        "clue_text": "전술한 부분보상 예측전류제어기에 대한 이론적인 해석은 인버터의 비선형성(예를 들어 출력전압 포화와 데드타임)이 존재하지 않는 이상적인 경우를 전제로 하고 있다.",
                        "clue_start": "32",
                        "clue_end": "121"
                    },
                    {
                        "clue_text": "그 이유는 인버터의 포화현상은 선형모델로 표현할 수 없는 비선형 특성을 지니고 있기 때문이다.",
                        "clue_start": "122",
                        "clue_end": "174"
                    },
                    {
                        "clue_text": "따라서 PWM 인버터의 출력전압 포화현상이 연산시간 보상 시스템에 미치는 영향을 예측하기 위한 별도의 방법이 요구되고 있다.",
                        "clue_start": "175",
                        "clue_end": "244"
                    },
                    {
                        "clue_text": "이를 위해 본 절에서는 다음과 같은 가정을 통해 먼저 연산시간 보상 예측전류 제어기에서 기준 전류오차 벡터의 크기에 따른 인버터 출력 전압의 포화현상을 설명한다.",
                        "clue_start": "245",
                        "clue_end": "335"
                    }
                ],
                "terminology": [
                    {
                        "word": "PWM"
                    },
                    {
                        "word": "PWM 인버터"
                    },
                    {
                        "word": "가중치"
                    },
                    {
                        "word": "공간벡터"
                    },
                    {
                        "word": "과변조기법"
                    },
                    {
                        "word": "관계식"
                    },
                    {
                        "word": "기준전압"
                    },
                    {
                        "word": "데드타임"
                    },
                    {
                        "word": "벡터"
                    },
                    {
                        "word": "변상"
                    },
                    {
                        "word": "부분보상"
                    },
                    {
                        "word": "부분보상 예측전류제어기"
                    },
                    {
                        "word": "비선형"
                    },
                    {
                        "word": "비선형 특성"
                    },
                    {
                        "word": "비선형성"
                    },
                    {
                        "word": "샘플링 시점"
                    },
                    {
                        "word": "선형모델"
                    },
                    {
                        "word": "실제전류"
                    },
                    {
                        "word": "역기전력"
                    },
                    {
                        "word": "역기전력 벡터"
                    },
                    {
                        "word": "예측전류"
                    },
                    {
                        "word": "예측전류제어기"
                    },
                    {
                        "word": "인덕턴스"
                    },
                    {
                        "word": "인덕턴스 값"
                    },
                    {
                        "word": "인버터"
                    },
                    {
                        "word": "인버터 출력전압"
                    },
                    {
                        "word": "인버터전압"
                    },
                    {
                        "word": "전류"
                    },
                    {
                        "word": "전류오차 벡터"
                    },
                    {
                        "word": "전류제어 주기"
                    },
                    {
                        "word": "제어기"
                    },
                    {
                        "word": "직류측"
                    },
                    {
                        "word": "출력전압"
                    },
                    {
                        "word": "포화경계"
                    },
                    {
                        "word": "포화영역"
                    },
                    {
                        "word": "포화현상"
                    }
                ]
            }
        ]
    }
}