{
    "dataset_info": {
        "identifier": "02-031-002-NL",
        "name": "기술과학 문서 요약 데이터",
        "category": "자연어",
        "last_updated": "2023-08-30"
    },
    "dataset": {
        "doc_id": "034b7f4e-333eae26-8ffa-4c77-9b97-855617ee7a78",
        "doc_type": "논문",
        "doc_title": {
            "kor": "FPGA를 이용한 초음파모터의 PC기반 디지털 제어기 개발",
            "eng": ""
        },
        "doc_category": {
            "KDC": "560.5",
            "DDC": ""
        },
        "doc_number": {
            "ISSN": "1229-2214",
            "ISBN": "",
            "DOI": "",
            "UCI": ""
        },
        "doc_year": "2007",
        "doc_author": [
            "김동옥",
            "이화춘",
            "송성근",
            "김영동",
            "임영철",
            "박성준"
        ],
        "doc_publisher": "전력전자학회",
        "doc_license": "CC BY-NC",
        "context_info": [
            {
                "context_id": "55e-0c9-merge_ed_034b7f4e-333eae26-8ffa-4c77-9b97-855617ee7a78_10",
                "context_K-NSCC": {
                    "field": "인공물",
                    "large_category": "ED",
                    "medium_category": "11"
                },
                "context": "<p>그림 10 은 본 논문에서 적용한 초음파 모터 다중 제어 시스템의 실험 장치를 나타내고 있다. 표 1은 실험에 사용한 초음파 모터의 사양이다. 초음파모터는 고 정자와 회전자를 가압마찰하기 위해서 내부에 원형 판 스프링을 이용하고 있다. 출력 토크를 높이기 위해서 이러한 내부 스프링의 강도를 키운 초음파모터(USR60-s3, 新生工業, 일본)는 홀딩 토크 역시 커지게 된다. 이로 인하여 기동 시 많은 전류가 소모되며 일반적인 구동 파라미터에 따른 속도 특성 등 기존의 초음파모터( USR60-s1)와는 전혀 다른 특성을 보인다.</p> <p>그림 11의 그래프 (a)는 \\( 40 \\mathrm { kHz } \\) 부터 \\( 45 \\mathrm { kHz } \\) 까지 낮은 주파수에서 높은 주파수로 상승시켰을 경우이고, 그래프 (b)는 \\( 45 \\mathrm { kHz } z \\) 부터 \\( 40 \\mathrm { kHz } \\) 까지 높은 주파수에서 낮은 주파수로 감소시켰을 경우의 주파수 조절에 따른 속도 특성 곡선이다. 그래프 \\( ( \\mathrm { a } ) \\) 는 주파수 조절이 \\( 43 \\mathrm { kHz } \\) 근처에서 \\( 30 \\mathrm { rpm } \\) 이하로 회전을 한 후 점점 감속하였으며, 그래프 (b)의 경우는 서서히 가속되다가 정격속도인 \\( 100 \\mathrm { rpm } \\) 이상까지 회전한 후 공진점을 지나면서 급속히 감속하였다.</p> <p>이상의 실험을 통해서 공진 주파수를 찾는데 있어서 높은 주파수에서 낮은 주파수로 찾는 방식이 낮은 주파수에서 높은 주파수로 조절하면서 찾는 방식보다 적합하였다. 모터 발생 효율을 최대화하기 위해서는 공진점에 구동주파수를 설정해야하나 열이나 부하에 의해서 공진점이 바뀌어 운전 상태가 급격하게 불안정해 질 수 있기 때문에 공진점 보다 약간 높은 주파수에 구동 주파수롤 설정하는 것이 일반적이다. 본 논문에서는 공진점에서 발생하는 속도의 \\( 90 \\% \\) 가 되는 주파수를 구동주파수로 설정하였다.</p> <p>전압차 및 전압 조절은 인버터의 스위칭 신호인 구형파의 뉴티비를 조절해서 전압 조절을 실행하였다. 그림 12 는 위상차를 \\( 90 ^ {\\circ } \\), 주파수를 \\( 40.4908 \\mathrm { kHz } \\) 로 고정한 후 A 상에 최대 전압을 인가하기, B 상의 전압은 스위칭 신호의 듀티비를 0 에서 \\( 25 \\% \\) 까지 점점 상승시켜 전압차가 발생했을 때의 속도 특성으로서 듀티비가 \\( 3 \\% \\) 에서 \\( 12 \\% \\) 까지 급격한 속도 변화를 보였으며, 그 이상일 경우에는 속도 변화가 거의 없었다.</p>",
                "context_length": 1323,
                "summary": "강도를 높인 내부 스프링을 통해 출력 토크를 증가시킨 초음파모터는 홀딩 토크 증가와 많은 전류 소모를 가져오며, 기존의 초음파모터와는 다른 특성을 보였다. 높은 주파수에서 낮은 주파수로 공진 주파수를 찾는 방식이 적합하였으며, 공진점에서의 속도의 \\(90\\%\\)를 구동주파수로 설정하였다. 또한, 전압 조절은 인버터의 스위칭 신호인 구형파의 뉴티비를 조절하여 실행하였다.",
                "clue": [
                    {
                        "clue_text": "출력 토크를 높이기 위해서 이러한 내부 스프링의 강도를 키운 초음파모터(USR60-s3, 新生工業, 일본)는 홀딩 토크 역시 커지게 된다.",
                        "clue_start": "135",
                        "clue_end": "212"
                    },
                    {
                        "clue_text": "이로 인하여 기동 시 많은 전류가 소모되며 일반적인 구동 파라미터에 따른 속도 특성 등 기존의 초음파모터( USR60-s1)와는 전혀 다른 특성을 보인다.",
                        "clue_start": "213",
                        "clue_end": "299"
                    },
                    {
                        "clue_text": "이상의 실험을 통해서 공진 주파수를 찾는데 있어서 높은 주파수에서 낮은 주파수로 찾는 방식이 낮은 주파수에서 높은 주파수로 조절하면서 찾는 방식보다 적합하였다.",
                        "clue_start": "735",
                        "clue_end": "824"
                    },
                    {
                        "clue_text": "본 논문에서는 공진점에서 발생하는 속도의 \\( 90 \\% \\) 가 되는 주파수를 구동주파수로 설정하였다.",
                        "clue_start": "955",
                        "clue_end": "1013"
                    },
                    {
                        "clue_text": "전압차 및 전압 조절은 인버터의 스위칭 신호인 구형파의 뉴티비를 조절해서 전압 조절을 실행하였다.",
                        "clue_start": "1021",
                        "clue_end": "1075"
                    }
                ],
                "terminology": [
                    {
                        "word": "가압마찰"
                    },
                    {
                        "word": "공진 주파수"
                    },
                    {
                        "word": "공진점"
                    },
                    {
                        "word": "구동주파수"
                    },
                    {
                        "word": "구형파"
                    },
                    {
                        "word": "뉴티비"
                    },
                    {
                        "word": "듀티비"
                    },
                    {
                        "word": "속도 특성"
                    },
                    {
                        "word": "스위칭"
                    },
                    {
                        "word": "스위칭 신호"
                    },
                    {
                        "word": "원형 판 스프링"
                    },
                    {
                        "word": "위상차"
                    },
                    {
                        "word": "전류"
                    },
                    {
                        "word": "주파수"
                    },
                    {
                        "word": "주파수 조절"
                    },
                    {
                        "word": "초음파 모터 다중 제어 시스템"
                    },
                    {
                        "word": "초음파모터"
                    },
                    {
                        "word": "출력 토크"
                    },
                    {
                        "word": "특성 곡선"
                    },
                    {
                        "word": "파라미터"
                    },
                    {
                        "word": "판 스프링"
                    },
                    {
                        "word": "회전자"
                    }
                ]
            },
            {
                "context_id": "55e-0c9-merge_ed_034b7f4e-333eae26-8ffa-4c77-9b97-855617ee7a78_04",
                "context_K-NSCC": {
                    "field": "인공물",
                    "large_category": "ED",
                    "medium_category": "11"
                },
                "context": "<p>\\( y= \\sin (n x) \\sin ( \\omega t) + r \\cos (n x) \\sin ( \\omega t + \\phi) \\)<caption>(8)</caption></p> <p>\\( \\tan \\theta= \\frac {\\partial y } {\\partial x } =n \\{\\cos (n x) \\sin ( \\omega t)-r \\sin (n x) \\sin (w t + \\phi) \\} \\)<caption>(9)</caption>\\( r=1 \\) 이라 하고, 위상차 조절 방식과 같은 방법으로 전개하면 \\( \\left (Y- \\frac { T } { 2 } \\right ) ^ { 2 } + \\frac { 2 ^ { 2 } } { n ^ { 2 } T ^ { 2 } } (X-x) ^ { 2 } =1 \\)<caption>(10)</caption>과 같은 중심이 \\( \\left (x, \\frac { T } { 2 } \\right ) \\) 인 타원이 된다. 만약 \\( r \\) 이 \\( 0<r<1 \\) 이면 \\( \\theta \\) 만큼 회전한 타원이 된다. 여기서 \\( \\theta \\) 는 식 (11)로 나타낼 수 있다.</p> <p>\\( \\theta= \\frac { 1 } { 2 } \\tan ^ { -1 } \\left ( \\frac { B } { A-C } \\right ) \\)<caption>(11)</caption></p> <p>\\( A= \\frac { 2 } { n T } \\sqrt {\\frac { 1 } { r ^ { 2 } } \\sin ^ { 2 } (n x) + \\cos ^ { 2 } (n x) } \\) \\( B= \\frac { 4 } { n T } \\cos (n x) \\sin (n x) \\left (1- \\frac { 1 } { r ^ { 2 } } \\right ) \\) \\( C= \\left ( \\frac { 1 } { r ^ { 2 } } \\cos ^ { 2 } (n x) + \\sin ^ { 2 } (n x) \\right ) \\)</p> <p>\\( r=0 \\) 인 진행파는 B 상 정재파의 진폭이 0 인 상태에서 A 상의 정재파 성분만 남아 있어 타원 궤적은 발생하지 않고 모터는 정지한다. \\( r=1 \\) 이 되면 A 상과 B 상 두 정재파의 진폭이 같아지며, 굴곡이 없는 진행파 성분이 되어 타원은 최대 크기의 원이 되고 모터는 최대의 속도로 회전하게 된다.</p>",
                "context_length": 1183,
                "summary": "식 (8)과 (9)를 이용하여 주어진 조건들에서 진행파의 형태를 살펴보면, \\( r=1 \\)일 경우에는 굴곡이 없는 진행파가 형성되어 모터가 최대 속도로 회전하며, \\( 0<r<1 \\)일 때는 \\( \\theta \\)만큼 회전한 타원이 형성된다. \\( r=0 \\)일 때는 진행파의 B 상 정재파의 진폭이 0이 되므로 A 상 정재파 성분만 남아 타원 궤적이 발생하지 않아 모터가 정지한다.",
                "clue": [
                    {
                        "clue_text": "\\( y= \\sin (n x) \\sin ( \\omega t) + r \\cos (n x) \\sin ( \\omega t + \\phi) \\)<caption>(8)</caption>",
                        "clue_start": "3",
                        "clue_end": "100"
                    },
                    {
                        "clue_text": "\\( \\tan \\theta= \\frac {\\partial y } {\\partial x } =n \\{\\cos (n x) \\sin ( \\omega t)-r \\sin (n x) \\sin (w t + \\phi) \\} \\)<caption>(9)</caption>\\( r=1 \\) 이라 하고, 위상차 조절 방식과 같은 방법으로 전개하면 \\( \\left (Y- \\frac { T } { 2 } \\right ) ^ { 2 } + \\frac { 2 ^ { 2 } } { n ^ { 2 } T ^ { 2 } } (X-x) ^ { 2 } =1 \\)<caption>(10)</caption>과 같은 중심이 \\( \\left (x, \\frac { T } { 2 } \\right ) \\) 인 타원이 된다.",
                        "clue_start": "108",
                        "clue_end": "487"
                    },
                    {
                        "clue_text": "만약 \\( r \\) 이 \\( 0<r<1 \\) 이면 \\( \\theta \\) 만큼 회전한 타원이 된다. 여기서 \\( \\theta \\) 는 식 (11)로 나타낼 수 있다.",
                        "clue_start": "488",
                        "clue_end": "580"
                    },
                    {
                        "clue_text": "\\( r=0 \\) 인 진행파는 B 상 정재파의 진폭이 0 인 상태에서 A 상의 정재파 성분만 남아 있어 타원 궤적은 발생하지 않고 모터는 정지한다.",
                        "clue_start": "1000",
                        "clue_end": "1082"
                    },
                    {
                        "clue_text": "\\( r=1 \\) 이 되면 A 상과 B 상 두 정재파의 진폭이 같아지며, 굴곡이 없는 진행파 성분이 되어 타원은 최대 크기의 원이 되고 모터는 최대의 속도로 회전하게 된다.",
                        "clue_start": "1083",
                        "clue_end": "1179"
                    }
                ],
                "terminology": [
                    {
                        "word": "위상차"
                    },
                    {
                        "word": "전개"
                    },
                    {
                        "word": "정재파"
                    },
                    {
                        "word": "진폭"
                    },
                    {
                        "word": "진행파"
                    },
                    {
                        "word": "진행파 성분"
                    },
                    {
                        "word": "타원 궤적"
                    }
                ]
            },
            {
                "context_id": "55e-0c9-merge_ed_034b7f4e-333eae26-8ffa-4c77-9b97-855617ee7a78_02",
                "context_K-NSCC": {
                    "field": "인공물",
                    "large_category": "ED",
                    "medium_category": "11"
                },
                "context": "<p>\\( X=x- \\frac { T } { 2 } \\sin \\theta \\fallingdotseq x- \\frac { T } { 2 } \\tan \\theta \\) \\( \\quad( \\because \\theta \\fallingdotseq 0, \\sin \\theta \\fallingdotseq \\tan \\theta= \\theta) \\)<caption>(2)</caption></p> <p>\\( Y=y + \\frac { T } { 2 } \\cos \\theta \\fallingdotseq y + \\frac { T } { 2 } ( \\because \\cos \\theta \\fallingdotseq 1) \\)<caption>(3)</caption></p> <p>이때 \\( \\tan \\theta \\) 는 식 (4)와 같다.</p> <p>\\( \\tan \\theta= \\frac {\\partial y } {\\partial x } =n \\zeta_ { A } \\{\\cos (n x) \\sin ( \\omega t)-r \\sin (n x) \\sin (w t + \\phi) \\} \\)<caption>(4)</caption></p> <p>여기서, \\( r \\) 은 전압차 비율 \\( \\left (= \\zeta_ { B } / \\zeta_ { A } \\right ) \\) 이나. 식 (1)과 식 (4)를 식 (3)과 식 (2)에 대입하면 식 (5)와 식 (6)이 된다.</p> <p>\\( X=x- \\frac { n T \\zeta_ { A } } { 2 } \\{\\cos (n x) \\sin ( \\omega t)-r \\sin (n x) \\sin (w t + \\phi) \\} \\)<caption>(5)</caption></p> <p>\\( Y= \\frac { T } { 2 } + \\zeta_ { A } \\{\\sin (n x) \\sin ( \\omega t) + r \\cos (n x) \\sin ( \\omega t + \\phi) \\} \\)<caption>(6)</caption></p> <p>식 (5)와 식 (6)을 이용해서 고정자 표면에 발생하는 타원 방정식을 구하면 다음 식 (7)과 같다.</p> <p>\\( A(X-x) ^ { 2 } + B(X-x) \\left (Y- \\frac { T } { 2 } \\right ) + C \\left (Y- \\frac { T } { 2 } \\right ) ^ { 2 } =1 \\)<caption>(7)</caption></p> <p>\\( P= \\sin (n x) + r \\cos (n x) \\cos \\phi \\) \\( Q=-r \\cos (n x) \\sin \\phi \\) \\( A= \\left ( \\frac { 2 \\cos (n x) } { n T } \\right ) ^ { 2 } \\left (P ^ { 2 } + Q ^ { 2 } \\right ) \\left ( \\frac { 1 } {\\zeta_ { A } ^ { 2 } Q ^ { 2 } } \\right ) \\) \\( B= \\frac { P } { n T } \\cos (n x) \\left \\{ 1- \\sin (n x) \\cdot \\left (P ^ { 2 } + Q ^ { 2 } \\right ) \\right \\} \\left ( \\frac { 1 } {\\zeta_ { A } ^ { 2 } Q ^ { 2 } } \\right ) \\) \\( C=(P \\sin (n x)-1) ^ { 2 } + \\sin ^ { 2 } (n x) Q ^ { 2 } \\left ( \\frac { 1 } {\\zeta_ { A } ^ { 2 } Q ^ { 2 } } \\right ) \\) \\( \\left \\{\\begin {array} { l } a= \\sqrt {\\frac { 2 } { (A + C)- \\sqrt { (A-C) ^ { 2 } + B ^ { 2 } } } } \\\\ b= \\sqrt {\\frac { 2 } { (A-C)- \\sqrt { (A-C) ^ { 2 } + B ^ { 2 } } } } \\\\ \\theta_ { R } = \\frac { 1 } { 2 } \\tan ^ { -1 } \\frac { B } { A-C } \\end {array} \\right . \\)</p>",
                "context_length": 2025,
                "summary": "전압차 비율 \\( r \\) 을 이용하고, 주어진 식들을 통합하여 식 (5)와 식 (6)을 얻었다. 이 식들을 활용하여 고정자 표면에서 발생하는 타원의 방정식을 도출하였고, 결과적으로 식 (7)을 얻었다.",
                "clue": [
                    {
                        "clue_text": "여기서, \\( r \\) 은 전압차 비율 \\( \\left (= \\zeta_ { B } / \\zeta_ { A } \\right ) \\) 이나. 식 (1)과 식 (4)를 식 (3)과 식 (2)에 대입하면 식 (5)와 식 (6)이 된다.",
                        "clue_start": "568",
                        "clue_end": "696"
                    },
                    {
                        "clue_text": "식 (5)와 식 (6)을 이용해서 고정자 표면에 발생하는 타원 방정식을 구하면 다음 식 (7)과 같다.",
                        "clue_start": "984",
                        "clue_end": "1041"
                    },
                    {
                        "clue_text": "\\( A(X-x) ^ { 2 } + B(X-x) \\left (Y- \\frac { T } { 2 } \\right ) + C \\left (Y- \\frac { T } { 2 } \\right ) ^ { 2 } =1 \\)",
                        "clue_start": "1049",
                        "clue_end": "1167"
                    }
                ],
                "terminology": [
                    {
                        "word": "고정자"
                    },
                    {
                        "word": "고정자 표면"
                    },
                    {
                        "word": "방정식"
                    },
                    {
                        "word": "전압차 비율"
                    }
                ]
            },
            {
                "context_id": "55e-0c9-merge_ed_034b7f4e-333eae26-8ffa-4c77-9b97-855617ee7a78_06",
                "context_K-NSCC": {
                    "field": "인공물",
                    "large_category": "ED",
                    "medium_category": "11"
                },
                "context": "<p>\\( f_ { s } = \\frac { 1 } { 2 \\pi } \\sqrt {\\frac { 1 } { C_ { d } L_ { i } } } + \\Delta f \\)<caption>(14)</caption></p> <p>여기서, \\( C_ { d } \\) 는 초음파모터 압전 세라믹의 블록킹 커패시턴스, \\( L_ { i } \\) 는: 외부 인덕터, \\( \\Delta f \\) 는 모터의 제어에 필요한 가변 주파수이다.</p> <h1>3. USM-DMC 의 설계</h1> <h2>3.1 USM-DMC</h2> <p>설계 제작한 USM-DMC는 그림 2와 같이 크게 컨트롤러와 드라이버로 구성된다. 컨트롤러는 8채널의 초음파모터 구동 신호를 출력하고, 로터리 엔코더 출력 신호를 카운트 한다. 드라이버는 2단 트랜지스터 스위칭 회로와 펄스트랜스를 거쳐서 초음파모터 구동 전압인 \\( 100 \\mathrm { Vpp } \\) 로 승압하는 인버터로서 동작한다.</p> <h2>3.2 컨트롤러</h2> <p>그림 3은 초음파모터 컨트롤러의 블럭도를 나타내고 있다. 컨트롤러의 FPGA에서는 PC에서 설정한 주파수, Duty비, 위상차에 의해 1 채널 당 \\( \\mathrm { A } ^ { + } , \\mathrm { A } ^ { - } , \\mathrm { B } ^ { + } , \\mathrm { B } ^ { - } \\)의 4 신호의 스위칭 신호를 출력하기, 발생된 신호는 버퍼(SN74ABT541B)를 거쳐 드라이버에 입력된다.</p> <p>그림 4에 나타낸 바와 같이 입력된 \\( \\mathrm { A } ^ { + } , \\mathrm { A } ^ { - } , \\mathrm { B } ^ { + } , \\mathrm { B } ^ { - } \\) 신호는 모터 드라이버 단에서 초음파모터를 구동하기 위한 정현파 신호인A 상 출력(PH_A)과 B 상 출력(PH_B)으로 변환되어 초음파모터에 입력된다. 로터리 엔코더 신호는 1 채널 당 A상, B상의 신호가 출력되고, 모터 드라이버의 커넥터를 거쳐 전용 케이블을 통해 직접 컨트롤러에 전달된다. 컨트롤러의 FPGA 는 로터리 엔코더의 신호를 위치 및 속도신호로 변환한 후, USB 통신을 통해 PC에 전송한다.</p> <p>FPGA로 구현된 디지털 제어부는 주파수 조절을 위한 분주회로, 위상차 조절을 위한 위상 쉬프트회로, 전압조절을 위한 펄스폭변조회로 그리고 마지막으로 로터리 엔코더의 출력을 위치 및 속도 신호로 변환해주는 카운터회로 등 기능상 4 부분으로 나눌 수 있다.</p>",
                "context_length": 1260,
                "summary": "USM-DMC는 컨트롤러와 드라이버로 구성되어 8채널의 초음파모터 구동 신호를 출력하고, 로터리 엔코더 출력 신호를 카운트하며 2단 트랜지스터 스위칭 회로와 펄스트랜스를 거쳐 \\( 100 \\mathrm { Vpp } \\) 로 승압하는 인버터로 동작한다. FPGA는 PC에서 설정한 주파수, Duty비, 위상차에 의해 1 채널 당 4 신호의 스위칭 신호를 출력하고, 로터리 엔코더 신호를 위치 및 속도 신호로 변환해 USB 통신을 통해 PC에 전송한다.",
                "clue": [
                    {
                        "clue_text": "컨트롤러의 FPGA에서는 PC에서 설정한 주파수, Duty비, 위상차에 의해 1 채널 당 \\( \\mathrm { A } ^ { + } , \\mathrm { A } ^ { - } , \\mathrm { B } ^ { + } , \\mathrm { B } ^ { - } \\)의 4 신호의 스위칭 신호를 출력하기, 발생된 신호는 버퍼(SN74ABT541B)를 거쳐 드라이버에 입력된다.",
                        "clue_start": "539",
                        "clue_end": "749"
                    },
                    {
                        "clue_text": "그림 4에 나타낸 바와 같이 입력된 \\( \\mathrm { A } ^ { + } , \\mathrm { A } ^ { - } , \\mathrm { B } ^ { + } , \\mathrm { B } ^ { - } \\) 신호는 모터 드라이버 단에서 초음파모터를 구동하기 위한 정현파 신호인A 상 출력(PH_A)과 B 상 출력(PH_B)으로 변환되어 초음파모터에 입력된다.",
                        "clue_start": "757",
                        "clue_end": "961"
                    }
                ],
                "terminology": [
                    {
                        "word": "FPGA"
                    },
                    {
                        "word": "USB 통신"
                    },
                    {
                        "word": "USM-DMC"
                    },
                    {
                        "word": "Vpp"
                    },
                    {
                        "word": "가변"
                    },
                    {
                        "word": "가변 주파수"
                    },
                    {
                        "word": "구동 신호"
                    },
                    {
                        "word": "드라이버 단"
                    },
                    {
                        "word": "디지털 제어부"
                    },
                    {
                        "word": "로터리"
                    },
                    {
                        "word": "로터리 엔코더"
                    },
                    {
                        "word": "모터 드라이버"
                    },
                    {
                        "word": "분주회로"
                    },
                    {
                        "word": "블럭도"
                    },
                    {
                        "word": "속도신호"
                    },
                    {
                        "word": "스위칭"
                    },
                    {
                        "word": "스위칭 신호"
                    },
                    {
                        "word": "승압"
                    },
                    {
                        "word": "압전"
                    },
                    {
                        "word": "압전 세라믹"
                    },
                    {
                        "word": "엔코더"
                    },
                    {
                        "word": "엔코더 신호"
                    },
                    {
                        "word": "엔코더 출력 신호"
                    },
                    {
                        "word": "외부 인덕터"
                    },
                    {
                        "word": "위상"
                    },
                    {
                        "word": "위상차"
                    },
                    {
                        "word": "인덕터"
                    },
                    {
                        "word": "전송"
                    },
                    {
                        "word": "전압조절"
                    },
                    {
                        "word": "정현파"
                    },
                    {
                        "word": "제어부"
                    },
                    {
                        "word": "주파수"
                    },
                    {
                        "word": "주파수 조절"
                    },
                    {
                        "word": "초음파모터"
                    },
                    {
                        "word": "출력 신호를"
                    },
                    {
                        "word": "커넥터"
                    },
                    {
                        "word": "커패시턴스"
                    },
                    {
                        "word": "트랜지스터"
                    },
                    {
                        "word": "펄스트랜스"
                    }
                ]
            },
            {
                "context_id": "55e-0c9-merge_ed_034b7f4e-333eae26-8ffa-4c77-9b97-855617ee7a78_03",
                "context_K-NSCC": {
                    "field": "인공물",
                    "large_category": "ED",
                    "medium_category": "11"
                },
                "context": "<p>위 식 (7)은 중심 \\( \\left (x, \\frac { T } { 2 } \\right ) \\), 장춘 \\( a \\), 단축 \\( b \\) 그리고 회선 \\( \\theta_ { R } \\) 이 있는 타원을 나타낸다.</p> <p>\\( \\phi \\) 를 \\( -90 ^ {\\circ } \\) 에서 \\( 0 ^ {\\circ } \\) 로 변화시키면 고정자의 금속 탄성체에서 발생하는 진동은 역방향(CCW)의 진행파에서 점점 정재파 형태로 바뀌고, \\( 0 ^ {\\circ } \\) 가 되면 전부 정재파가 되어 모터는 정지한다. 다시 \\( \\phi \\) 를 \\( 0 ^ {\\circ } \\) 에서 \\( + 90 ^ {\\circ } \\) 로 변화시키면 순방향 (CW) 의 진행파 형태로 변화한다. 여기서 정재파와 진행파의 분포는 \\( \\phi \\) 의 크기에 따라서 점진적으로 변화해 가며, \\( \\phi \\) 가 \\( -90 ^ {\\circ } \\sim 0 ^ {\\circ } \\sim 90 ^ {\\circ } \\) 사이의 진행파롤 굴곡 진행파라 한다. 위상차 조절의 원리는 2상 입력 전압의 위상차를 조절하여 식 (7)의 타원 방정식의 위상차 파라미터 \\( \\phi \\) 를 가변시켜 타원의 장축, 단축, 그리고 회전 방향과 타원의 기울기를 바꾸어 초음파 모터의 속도와 토크를 제어하는 것이다.</p> <h2>2.2 전압차 조절 방식 및 전압 조절 방식</h2> <p>전압차 조절 방식은 각 상간의 전압차 비율 \\( r \\) 을 가변시켜서 타원의 장축과 단축 그리고 회전각을 변화시키고, 이로써 초음파 모터의 속도 및 토크를 제어하는방식이다.A 상은 최대의 전원 전압을 공급하고, B 상의 전원 전압을 0 에서 최대로 조절해 가면 B 상의 정재파 성분이 점점 커지게 되며, 이 정재파가 A 상의 정재파와 합성이 되면서 진행파 성분이 점점 커진다. B 상의 전원 전압이 0 일 경우에는 A 상의 정재파 성분만이 존재하므로 초음파 모터는 동작하지 않고, B 상의 전원 전압이 A 상과 같게 되면 두 상의 정재파가 모두 진행파로 합성되어 초음파 모터는 최대 속도로 회전한다.</p> <p>\\( \\zeta_ { A } =1 \\) 이라하고 전압차 비율 \\( r \\) 을 이용해서 식 (1)과 식 (4)를 다시 쓰면 식 (8)과 식 (9)와 같다.</p>",
                "context_length": 1144,
                "summary": "위상차 조절의 원리는 2상 입력 전압의 위상차를 제어해 식 (7)의 타원 방정식의 위상차 파라미터 \\( \\phi \\)를 가변시켜 타원의 단축,장축,그리고 타원의 기울기와 회전방향를 바꿔서 초음파 모터의 속도와 토크를 조절한다. 전압차 조절 방식은 각 상등의 전압차 비율 \\( r \\)을 가변해서 타원의 장축과 단축 그리고 회전각을 바꾸고, 이를 통해 초음파 모터의 속도와 토크를 조절하는 방법이다.",
                "clue": [
                    {
                        "clue_text": "위상차 조절의 원리는 2상 입력 전압의 위상차를 조절하여 식 (7)의 타원 방정식의 위상차 파라미터 \\( \\phi \\) 를 가변시켜 타원의 장축, 단축, 그리고 회전 방향과 타원의 기울기를 바꾸어 초음파 모터의 속도와 토크를 제어하는 것이다.",
                        "clue_start": "533",
                        "clue_end": "668"
                    },
                    {
                        "clue_text": "전압차 조절 방식은 각 상간의 전압차 비율 \\( r \\) 을 가변시켜서 타원의 장축과 단축 그리고 회전각을 변화시키고, 이로써 초음파 모터의 속도 및 토크를 제어하는방식이다.",
                        "clue_start": "710",
                        "clue_end": "807"
                    }
                ],
                "terminology": [
                    {
                        "word": "CCW"
                    },
                    {
                        "word": "CW"
                    },
                    {
                        "word": "고정자"
                    },
                    {
                        "word": "고정자의 금속 탄성체"
                    },
                    {
                        "word": "금속 탄성체"
                    },
                    {
                        "word": "기울기"
                    },
                    {
                        "word": "방정식"
                    },
                    {
                        "word": "위상차"
                    },
                    {
                        "word": "위상차 조절의 원리"
                    },
                    {
                        "word": "위상차 파라미터"
                    },
                    {
                        "word": "전압차 비율"
                    },
                    {
                        "word": "전압차 조절 방식"
                    },
                    {
                        "word": "전원 전압"
                    },
                    {
                        "word": "정재파"
                    },
                    {
                        "word": "정재파 성분"
                    },
                    {
                        "word": "정재파 형태"
                    },
                    {
                        "word": "정재파와 진행파의 분포"
                    },
                    {
                        "word": "진행파"
                    },
                    {
                        "word": "진행파 성분"
                    },
                    {
                        "word": "초음파 모터"
                    },
                    {
                        "word": "최대의 전원 전압"
                    },
                    {
                        "word": "타원의 장축, 단축"
                    },
                    {
                        "word": "탄성체"
                    },
                    {
                        "word": "파라미터"
                    },
                    {
                        "word": "합성"
                    }
                ]
            },
            {
                "context_id": "55e-0c9-merge_ed_034b7f4e-333eae26-8ffa-4c77-9b97-855617ee7a78_05",
                "context_K-NSCC": {
                    "field": "인공물",
                    "large_category": "ED",
                    "medium_category": "11"
                },
                "context": "<p>한편, 전압 조절 방식은 식 (7)의 전압차 비율 \\( r \\) 을 1 로 기정시키고 \\( \\zeta_ { A } \\) 와 \\( \\zeta_ { B } \\) 를 동시에 가변시켜 타원의 크기만을 조절하여 초음파 모터의 속도 및 토크를 제어하는 방법이다. 이 때 식 (7)은 식 (12)와 같이 단순화된다.</p> <p>\\( \\frac { X ^ { 2 } } {\\left ( \\frac { T } { 2 } n \\zeta \\right ) ^ { 2 } } + \\frac {\\left (Y- \\frac { T } { 2 } \\right ) ^ { 2 } } {\\zeta ^ { 2 } } =1 \\)<caption>(12)</caption></p> <p>\\( \\zeta \\) 를 0 에서 차츰 변화시키면 진행파의 폭이 점차 커지며, 식 (12)에서 \\( \\zeta \\) 에 의해 타원이 변화하므로 토크와 속도의 변화가 나타나지만 위상차 조절 방식이나 전압차 조절 방식에서와 같이 타원의 모양과 기울기는 변화하시 않고 그 크기만 변한다. 이는 위상차가 \\( \\pm 90 ^ {\\circ } \\) 일 때 정재파 성분이 없는 진행파의 크기만을 변화시킨 것을 의미한다.</p> <p>전압차 조절 방식은 두 상의 전압차로 인한 정재파 성분이 굴곡 진행파를 발생시키며, 전압 조절 방식은 동일한 진폭에 의해 크기가 다른 진행파만 발생하는 점이 차이점이다. 전압차 조절 방식의 정재파 성분에 의한 굴곡은 초음파 모터의 속도에 영향을 준다.</p> <h2>2.3 주파수 조절</h2> <p>기계석 상수들을 가지고 초음파 모터의 기계적 공진주파수 \\( f_ { u s m } \\) 을 나타내면 식 (13)과 같다.</p> <p>\\( f_ { u s m } = \\frac { 1 } { 2 \\pi } \\sqrt {\\frac { 1 } { C_ { u s m } L_ { u s m } } } = \\frac { 1 } { 2 \\pi } \\sqrt {\\frac { K } { m } } \\)<caption>(13)</caption></p> <p>여기서, \\( m \\) 은 고정자 세라믹-금속의 질량, \\( K \\) 는 고정자 세라믹-금속간의 스프링 상수이다. \\( L_ {\\mathrm { usm } } \\) 은 고정자 질량 효과에 의한 등가 인덕터, \\( C_ {\\mathrm { usm } } \\) 은 고정자 스프링 효과에 의한 커패시터이다. 초음vk모터에 직접 인가되는 전원의 주파수 \\( f_ { s } \\)는 식 (14)와 같다.</p>",
                "context_length": 1245,
                "summary": "전압 조절 방식은 전압차 비율 \\( r \\)을 1로 기정하고 \\( \\zeta_ { A } \\)와 \\( \\zeta_ { B } \\)를 동시에 가변시키는 방법으로, 타원의 크기만 조절하여 초음파 모터의 속도 및 토크를 제어한다. 주파수 조절 방식은 기계적 상수들을 가지고 초음파 모터의 기계적 공진주파수 \\( f_ { u s m } \\)를 나타내고, 초음파 모터에 직접 인가되는 전원의 주파수 \\( f_ { s } \\)는 식 (14)와 같다.",
                "clue": [
                    {
                        "clue_text": "한편, 전압 조절 방식은 식 (7)의 전압차 비율 \\( r \\) 을 1 로 기정시키고 \\( \\zeta_ { A } \\) 와 \\( \\zeta_ { B } \\) 를 동시에 가변시켜 타원의 크기만을 조절하여 초음파 모터의 속도 및 토크를 제어하는 방법이다.",
                        "clue_start": "3",
                        "clue_end": "143"
                    },
                    {
                        "clue_text": "전압차 조절 방식의 정재파 성분에 의한 굴곡은 초음파 모터의 속도에 영향을 준다.",
                        "clue_start": "697",
                        "clue_end": "742"
                    },
                    {
                        "clue_text": "\\( \\zeta \\) 를 0 에서 차츰 변화시키면 진행파의 폭이 점차 커지며, 식 (12)에서 \\( \\zeta \\) 에 의해 타원이 변화하므로 토크와 속도의 변화가 나타나지만 위상차 조절 방식이나 전압차 조절 방식에서와 같이 타원의 모양과 기울기는 변화하시 않고 그 크기만 변한다.",
                        "clue_start": "366",
                        "clue_end": "523"
                    },
                    {
                        "clue_text": "기계석 상수들을 가지고 초음파 모터의 기계적 공진주파수 \\( f_ { u s m } \\) 을 나타내면 식 (13)과 같다.",
                        "clue_start": "770",
                        "clue_end": "838"
                    },
                    {
                        "clue_text": "초음vk모터에 직접 인가되는 전원의 주파수 \\( f_ { s } \\)는 식 (14)와 같다.",
                        "clue_start": "1190",
                        "clue_end": "1241"
                    }
                ],
                "terminology": [
                    {
                        "word": "고정자"
                    },
                    {
                        "word": "고정자 세라믹-금속"
                    },
                    {
                        "word": "고정자 스프링 효과"
                    },
                    {
                        "word": "고정자 질량 효과"
                    },
                    {
                        "word": "공진주파수"
                    },
                    {
                        "word": "굴곡 진행파"
                    },
                    {
                        "word": "기계적 공진주파수"
                    },
                    {
                        "word": "기울기"
                    },
                    {
                        "word": "등가 인덕터"
                    },
                    {
                        "word": "위상차"
                    },
                    {
                        "word": "위상차 조절 방식"
                    },
                    {
                        "word": "인덕터"
                    },
                    {
                        "word": "전압차 비율"
                    },
                    {
                        "word": "전압차 조절 방식"
                    },
                    {
                        "word": "정재파"
                    },
                    {
                        "word": "정재파 성분"
                    },
                    {
                        "word": "주파수"
                    },
                    {
                        "word": "주파수 조절"
                    },
                    {
                        "word": "진폭"
                    },
                    {
                        "word": "진행파"
                    },
                    {
                        "word": "초음vk모터"
                    },
                    {
                        "word": "초음파 모터"
                    },
                    {
                        "word": "커패시터"
                    }
                ]
            },
            {
                "context_id": "55e-0c9-merge_ed_034b7f4e-333eae26-8ffa-4c77-9b97-855617ee7a78_00",
                "context_K-NSCC": {
                    "field": "인공물",
                    "large_category": "ED",
                    "medium_category": "11"
                },
                "context": "<p>요 약</p> <p>본 논문에서는 FPGA를 사용하여 진행파형 초음파모터의 2상 입력 전원 전압의 주파수, 전압, 전압차 및 2 상 간의 위상차 조절이 가능하고, 최대 8대의 초음파모터를 동시에 제어할 수 있는 PC기반 8채녈 USB통신 초음파모터 디지털 제어기를 제안한다. 제안한 체어기는 FPGA를 사용한 디지털 논리에 의해 각각의 파라미터를 실시간으로 조절할 수 있을 뿐만 아니라 속도 및 위치 센서인 로터리 엔코더의 카운터 회로를 FPGA회로에 내장시킴으로써 별도의 외부 회로 구성이 불필요하여 제어기의 크기나 생산비용의 절감을 기대할 수 있다. 제안한 새로운 방식의 제어기의 성능을 검사하기 위해서 홀딩토크가 다른 2가지 타입의 초음파모터에 대한 각 파라미터 조절에 따른 무부하 속도 특성을 실험하였다.</p> <h1>1. 서 론</h1> <p>대학 및 연구소, 산업 현장 등에서 초음파를 이용한 각종 장치의 소형화 및 경량화에 대한 다양한 시도가 보고되고 있다. 특히 MEMS나 나노 기술에 대한 발전은 초정밀 초소형 초음파 장치의 현실화를 가능하게 헸다. 이러한 초음파 응용분야 중 각종 로봇, 가상현실 분야의 역감 장치, 소형 디지털 기기, 시계, 카메라 등 소형 정밀기기의 액츄에이터로서 초정밀 소형화 추세의 요구에 부응하는 초음파모터가 각광 받고 있다.</p> <p>초기의 초음파 모터에 대한 연구는 2상 입력전원의 주파수, 전압, 전압차 및 위상차 조절에 따른 초음파 모터의 위치, 속도, 토크 제어에 대한 연구가 주를 이루었고, 그 이후 PI 제어, PD 제어, 적응 제어, 퍼지 제어, 신경망 제어 등 다양한 제어방식을 적용한 연구와 초음파 모터의 수학적 해석에 관한 연구 등이 발표되었다. 최근에는 초소형 및 나노 액츄에이터를 위한 새로운 타입의 모터 설계와 제어에 대한 연구가 할발히 진행되고 있으며 그 밖에도 초음파 모터를 이용한 다양한 웅용에 대한 연구가 보고되고 있다.</p> <p>지금까지 초음파 모터는 종류에 따라 구동주파수, 입력 전압 등 파라미터가 달라지기 때문에 제어기 설계가 개별적으로 이뤄졌으며, 다양한 종류의 초음파 모터에 적용할 수 있고, 주파수, 전압, 전압차 및 위상차 파라미터를 조절할 수 있는 법용성을 지닌 제어기는 개발되지 않았다. 또한 로봇 구동용, 인공의수, 역감장치 등 다양한 응용에 효율적, 겅제적으로 적용하기 위해서는 여러 대의 초음파 모터를 제어할 수 있는 다채널 제어기가 필요하다.</p> <p>본 논문에서는 초음파모터의 각종 제어 파라미터에 대한 동작 특성을 이론적 근거를 토대로 FPGA를 사용해 초음파모터 제어용 디지털 다중 제어기(USM-LMC)를 설계 제작하였고, USB 방식을 도입하여 PC 와 인터페이스하였다.</p>",
                "context_length": 1346,
                "summary": "FPGA를 사용한 진행파형 초음파모터를 위한 디지털 제어기는 2상 입력 전원 전압의 전압차, 주파수, 그리고 2상 간의 위상차를 수정할 수 있으며, 최대 8대의 초음파모터를 동시에 제어할 수 있는 PC기반의 8채널 USB 통신 초음파모터 디지털 제어기를 제안한다. 이 새로운 제어기 방식의 성능을 확인하기 위해 무부하 속도 특성을 실험하였으며, 홀딩 토크가 다른 두 가지 유형의 초음파모터에 대해 각 파라미터를 조절하면서 실험을 진행했다. 본 논문에서는 이론적 근거를 기반으로 초음파모터의 다양한 제어 파라미터에 대한 동작 특성을 설명하고, FPGA를 사용하여 디지털 다중 제어기를 설계하고 제작하였으며, PC와의 인터페이스를 위해 USB 방식을 도입하였다.",
                "clue": [
                    {
                        "clue_text": "본 논문에서는 FPGA를 사용하여 진행파형 초음파모터의 2상 입력 전원 전압의 주파수, 전압, 전압차 및 2 상 간의 위상차 조절이 가능하고, 최대 8대의 초음파모터를 동시에 제어할 수 있는 PC기반 8채녈 USB통신 초음파모터 디지털 제어기를 제안한다.",
                        "clue_start": "14",
                        "clue_end": "156"
                    },
                    {
                        "clue_text": "제안한 새로운 방식의 제어기의 성능을 검사하기 위해서 홀딩토크가 다른 2가지 타입의 초음파모터에 대한 각 파라미터 조절에 따른 무부하 속도 특성을 실험하였다.",
                        "clue_start": "313",
                        "clue_end": "401"
                    },
                    {
                        "clue_text": "본 논문에서는 초음파모터의 각종 제어 파라미터에 대한 동작 특성을 이론적 근거를 토대로 FPGA를 사용해 초음파모터 제어용 디지털 다중 제어기(USM-LMC)를 설계 제작하였고, USB 방식을 도입하여 PC 와 인터페이스하였다.",
                        "clue_start": "1215",
                        "clue_end": "1342"
                    }
                ],
                "terminology": [
                    {
                        "word": "FPGA"
                    },
                    {
                        "word": "FPGA회로"
                    },
                    {
                        "word": "PD"
                    },
                    {
                        "word": "PD 제어"
                    },
                    {
                        "word": "PI"
                    },
                    {
                        "word": "PI 제어"
                    },
                    {
                        "word": "구동주파수"
                    },
                    {
                        "word": "디지털 다중 제어기"
                    },
                    {
                        "word": "디지털 제어기"
                    },
                    {
                        "word": "로터리"
                    },
                    {
                        "word": "로터리 엔코더"
                    },
                    {
                        "word": "무부하"
                    },
                    {
                        "word": "무부하 속도"
                    },
                    {
                        "word": "신경망"
                    },
                    {
                        "word": "신경망 제어"
                    },
                    {
                        "word": "액츄에이터"
                    },
                    {
                        "word": "엔코더"
                    },
                    {
                        "word": "역감장치"
                    },
                    {
                        "word": "외부 회로"
                    },
                    {
                        "word": "위상차"
                    },
                    {
                        "word": "위상차 파라미터"
                    },
                    {
                        "word": "입력 전원"
                    },
                    {
                        "word": "적응 제어"
                    },
                    {
                        "word": "전압의 주파수"
                    },
                    {
                        "word": "전원 전압"
                    },
                    {
                        "word": "정밀기기"
                    },
                    {
                        "word": "제어기"
                    },
                    {
                        "word": "주파수"
                    },
                    {
                        "word": "진행파형"
                    },
                    {
                        "word": "초음파모터"
                    },
                    {
                        "word": "초음파모터 디지털 제어기"
                    },
                    {
                        "word": "토크 제어"
                    },
                    {
                        "word": "파라미터"
                    },
                    {
                        "word": "퍼지"
                    },
                    {
                        "word": "퍼지 제어"
                    },
                    {
                        "word": "홀딩토크"
                    },
                    {
                        "word": "회로"
                    },
                    {
                        "word": "회로 구성"
                    }
                ]
            },
            {
                "context_id": "55e-0c9-merge_ed_034b7f4e-333eae26-8ffa-4c77-9b97-855617ee7a78_11",
                "context_K-NSCC": {
                    "field": "인공물",
                    "large_category": "ED",
                    "medium_category": "11"
                },
                "context": "<p>그림 13 은 위상차가 \\( 90 ^ {\\circ } \\), 주파수가 \\( 40.5157 \\mathrm { kHz } \\) 경우의 무부하시 전압조정 속도특성으로서 속도조절이 가능한 제어 영역이 비교적 협소하였다.</p> <p>그림 14 는 주파수가 \\( 40.2439 \\mathrm { kHz } , 41.0193 \\mathrm { kHz } \\), \\( 42.0382 \\mathrm { kHz } \\) 경우의 위상차에 따른 속도특성이다. 위상차가 \\( -90 ^ {\\circ } \\) 와 \\( 90 ^ {\\circ } \\) 일 경우 최대 속도가 되었으며, 초음파 모터는 \\( -90 ^ {\\circ } \\sim 0 ^ {\\circ } \\) 의 범위에서는 반시계방향, \\( 0 ^ {\\circ } \\sim 90 ^ {\\circ } \\) 범위에서는 시계방향으로 회전한다.</p> <p>그림 15는 홀딩토크가 강화된 새로운 타입(USR60-S3)의 초음파 모터의 위상차 조절에 따른 속도 특성으로서 (a)는 위상차 \\( 0 ^ {\\circ } \\sim 90 ^ {\\circ } \\) 의 범위에서, (b)는 \\( -90 ^ {\\circ } \\sim 0 ^ {\\circ } \\) 의 범위에서 측정한 그래프이다. 그림 14(a), (b)에서 보인 바와 같이 4 개의 그래프는 각각 구동주파수가 \\( 40.6154 \\mathrm { kHz } , 41.3275 \\mathrm { kHz } , 41.5094 \\mathrm { kHz } \\), \\( 41.8782 \\mathrm { kHz } \\) 경우의 그래프이다. 각각의 그래프는 설정된 구동주파수에 따라 데드밴드 및 최대 속도가 차이를 보이고 있다.</p> <h1>5. 결 론</h1> <p>본 논문에서 제안한 USM-DMC는 FPGA 를 이용한 디지털 논리에 의해 출력을 발생하기 때문에PC 로부터 직접 제어 명령을 입력 받아 주파수, 전압 및 위상차 조절이 가능하며 또한 각 상의 듀티비를 독립적으로 조절할 수 있도록 설계하여 별도의 회로 추가나 구성이 없어도 전압차 조절이 가능하게 설계하였다. 또한 기준 마스터 클럭용 오실레이터만을 교체함으로써 다양한 초음파 모터에 간단히 적용할 수 있고, 제어기 한 대당 8대의 초음파 모터를 제어할 수 있어 로봇 관절 구동, 인공 의수, 역감 장치 등 다양한 응용에 효율적이고 경제적으로 적용할 수 있을 것으로 생각된다.</p> <p>그 밖에도 USM-DMC는 FPGA를 사용함으로써 제어기의 소형 - 경량화를 이룰 수 있었고, 신뢰성 향상, 소비 전력 저하, 그리고 시스템 속도를 높일 수 있었으며, USB통신 방식을 채택함으로써 제어 명령의 전달속도 향상 및 플러그 앤 플러그 방식 등 편리성을 향상시켰고, 다양한 플랫폼에서 사용이 가능하였다.</p> <p>제안한 USM-DMC의 성능을 검증하기 위해서 초음파모터의 2상 입력전원의 주파수, 전압차, 전압 및 위상차에 따른 무부하 속도톡성을 실험하였다. 주파수,전압, 전압차 그리고 위상차 조절 등 모든 파라미터에 의해 높은 분해능을 통해 속도 조절이 가능함을 보였고, 그 결과를 그래프로 도시하였다.</p> <p>이상으로 제안한 USM-DMC를 사용할 경우, 별다른 장치 없이 연구소 및 산업현장 등에서 다관절 로봇, 역감 장치 등 다양한 응용에 경제적이고 효율적으로쉽게 적용할 수 있을 것으로 사료된다.</p>",
                "context_length": 1657,
                "summary": "식 (13)과 (14)를 이용하여 미지수 \\( \\left (x_ { 0 } , y_ { 0 } , \\beta \\right ) \\)를 구하는 과정에서, 미지수는 세 개인데 식은 두 개이므로, 적어도 하나의 미지수는 특정값으로 선택해야 한다. 표적의 방위각인 미지수 \\( \\beta \\) 때문에, \\( \\left (x_ { 0 } , y_ { 0 } \\right ) \\)를 특정 값으로 선택하는 것이 바람직하며, 표적을 탐지한 센서들의 중심 위치를 선택하는 것이 합리적이다. 이후 식 (14)를 이용해 \\( \\beta \\) 값을 구하고, 식 (10)의 직선 방정식을 구할 수 있다. 여기서 \\( \\beta \\)는 표적의 방위각이 된다.",
                "clue": [
                    {
                        "clue_text": "본 논문에서 제안한 USM-DMC는 FPGA 를 이용한 디지털 논리에 의해 출력을 발생하기 때문에PC 로부터 직접 제어 명령을 입력 받아 주파수, 전압 및 위상차 조절이 가능하며 또한 각 상의 듀티비를 독립적으로 조절할 수 있도록 설계하여 별도의 회로 추가나 구성이 없어도 전압차 조절이 가능하게 설계하였다.",
                        "clue_start": "862",
                        "clue_end": "1034"
                    },
                    {
                        "clue_text": "또한 기준 마스터 클럭용 오실레이터만을 교체함으로써 다양한 초음파 모터에 간단히 적용할 수 있고, 제어기 한 대당 8대의 초음파 모터를 제어할 수 있어 로봇 관절 구동, 인공 의수, 역감 장치 등 다양한 응용에 효율적이고 경제적으로 적용할 수 있을 것으로 생각된다.",
                        "clue_start": "1035",
                        "clue_end": "1183"
                    },
                    {
                        "clue_text": "그 밖에도 USM-DMC는 FPGA를 사용함으로써 제어기의 소형 - 경량화를 이룰 수 있었고, 신뢰성 향상, 소비 전력 저하, 그리고 시스템 속도를 높일 수 있었으며, USB통신 방식을 채택함으로써 제어 명령의 전달속도 향상 및 플러그 앤 플러그 방식 등 편리성을 향상시켰고, 다양한 플랫폼에서 사용이 가능하였다.",
                        "clue_start": "1191",
                        "clue_end": "1366"
                    },
                    {
                        "clue_text": "이상으로 제안한 USM-DMC를 사용할 경우, 별다른 장치 없이 연구소 및 산업현장 등에서 다관절 로봇, 역감 장치 등 다양한 응용에 경제적이고 효율적으로쉽게 적용할 수 있을 것으로 사료된다.",
                        "clue_start": "1546",
                        "clue_end": "1653"
                    }
                ],
                "terminology": [
                    {
                        "word": "FPGA"
                    },
                    {
                        "word": "USM-DMC"
                    },
                    {
                        "word": "구동주파수"
                    },
                    {
                        "word": "기준 마스터 클럭용 오실레이터"
                    },
                    {
                        "word": "데드밴드"
                    },
                    {
                        "word": "듀티비"
                    },
                    {
                        "word": "무부하"
                    },
                    {
                        "word": "분해능"
                    },
                    {
                        "word": "속도특성"
                    },
                    {
                        "word": "위상차"
                    },
                    {
                        "word": "제어"
                    },
                    {
                        "word": "주파수"
                    },
                    {
                        "word": "초음파 모터"
                    },
                    {
                        "word": "파라미터"
                    },
                    {
                        "word": "플러그 앤 플러그 방식"
                    },
                    {
                        "word": "홀딩토크"
                    },
                    {
                        "word": "회로"
                    }
                ]
            },
            {
                "context_id": "55e-0c9-merge_ed_034b7f4e-333eae26-8ffa-4c77-9b97-855617ee7a78_01",
                "context_K-NSCC": {
                    "field": "인공물",
                    "large_category": "ED",
                    "medium_category": "11"
                },
                "context": "<p>설계 제작된 USM-DMC는 홀딩토크가 강화된 새로운 타입의 초음파모터(USR60-s3)와 기존의 초음파모터 (USR60-sl)를 이용하여 2상 입력 전원의 주파수, 전압차, 전압 및 위상차 조절에 따른 무부하 속도 특성을 실험하였다. 초음파모터 속도 특성을 측정하기 위한 프로그램 설계는 비주얼 \\( \\mathrm { C } + + \\) 를사용하였다.</p> <h1>2. 초음파모터의 제어시스템</h1> <p>그림 1에서 보이는 바와 같이 초음파모터의 구동원인 세라믹 압전체에 두께 방향으로 정현파 전계를 인가하면 압전체의 분극 방향에 따라서 기계적인 신장과수축이 발생한다. 이것이 금속 탄성체(고정자) 표면에 정재파(standing wave)로 나타나게 된다. 위상차가 \\( \\pm 90 ^ {\\circ } \\) 일 경우 각 상에서 발생한 정재파가 탄성체 내부에서 합성되면서 고정자 표면에는 진행파(travelling wave)의 형태로 나타난다. 이 때 고정자 표면의 한 질점의 운동은 타원 운동을 하는데, 이 타원의 크기 및 모양 그리고 회전 방향을 조절함으로써 초음파모터의 속도 및 토크를 제어할 수 있다.</p> <h2>2.1 위상차 조절 방식</h2> <p>A상과 B상에 각각 정현파 전압을 인가하면 각상에 정재파가 발생하고, A 상에서 발생한 정재파의 공간적 위상과, B 상에서 발생한 공간적 위상은 초음파모터의 구조상 \\( 90 ^ {\\circ } \\) 의 위상차를 갖는다. 그리고 B상에 인가한 정현파 전원을 A 상과의 시간적 위상차가 \\( \\phi \\) 가 되도록 조절하면 각 상에서 발생한 두 정재파가 동일 금속 진동체(고정자)내부에서 합성되어 식 (1)과 같은 진행파 형태로 나타난다.</p> <p>\\( y = \\zeta_ { A } \\sin (n x) \\sin ( \\omega t) + \\zeta_ { B } \\cos (n x) \\sin ( \\omega t + \\phi) \\)<caption>(1)</caption></p> <p>여기서, \\( \\zeta_ { A } \\cdot \\zeta_ { B } \\) 는 진폭, \\( x \\) 는 원주상의 위치, \\( n \\) 은 원주상의 정재파의 개수 \\( (=9) \\) 이다.</p> <p>식 (1)은 위상차 \\( \\phi \\) 가 \\( 0 ^ {\\circ } \\) 일 때는 정재파, \\( 90 ^ {\\circ } \\) 일 때는 진행파가 되며 그 사이는 굴곡 진행파가 된다.이 진행파에 의한 기계적 진동은 탄성체의 두께 T의 중앙인 중성면의 것이고, 이로부터 \\( \\mathrm { T } / 2 \\) 만큼 떨어진 탄성체 표면의 원주 방향의 변위 X 와 축방향의 변위 Y 는 각각 식 (2)와 식 (3)이다.</p>",
                "context_length": 1336,
                "summary": "USM-DMC는 비주얼 C++을 사용하여 홀딩토크가 강화된 USR60-s3와 USR60-sl을 사용하여 2상 입력 전원의 무부하 속도 특성을 실험하였고 A, B상에 각각 정현파 전압을 인가하면 정재파가 생기고 B상에 인가한 정현파 전원을 A 상과의 시간적 위상차가 \\( \\phi \\) 가 되도록 조절하면 두 정재파가 합쳐져 진행파 형태로 나타나며, 탄성체 두께 T의 중앙인 중성면과 표면의 원주 방향과 축방향의 변위를 조절하면 초음파모터의 속도 및 토크를 제어할 수 있다.",
                "clue": [
                    {
                        "clue_text": "설계 제작된 USM-DMC는 홀딩토크가 강화된 새로운 타입의 초음파모터(USR60-s3)와 기존의 초음파모터 (USR60-sl)를 이용하여 2상 입력 전원의 주파수, 전압차, 전압 및 위상차 조절에 따른 무부하 속도 특성을 실험하였다.",
                        "clue_start": "3",
                        "clue_end": "134"
                    },
                    {
                        "clue_text": "A상과 B상에 각각 정현파 전압을 인가하면 각상에 정재파가 발생하고, A 상에서 발생한 정재파의 공간적 위상과, B 상에서 발생한 공간적 위상은 초음파모터의 구조상 \\( 90 ^ {\\circ } \\) 의 위상차를 갖는다.",
                        "clue_start": "602",
                        "clue_end": "725"
                    },
                    {
                        "clue_text": "그리고 B상에 인가한 정현파 전원을 A 상과의 시간적 위상차가 \\( \\phi \\) 가 되도록 조절하면 각 상에서 발생한 두 정재파가 동일 금속 진동체(고정자)내부에서 합성되어 식 (1)과 같은 진행파 형태로 나타난다.",
                        "clue_start": "726",
                        "clue_end": "847"
                    },
                    {
                        "clue_text": "이 진행파에 의한 기계적 진동은 탄성체의 두께 T의 중앙인 중성면의 것이고, 이로부터 \\( \\mathrm { T } / 2 \\) 만큼 떨어진 탄성체 표면의 원주 방향의 변위 X 와 축방향의 변위 Y 는 각각 식 (2)와 식 (3)이다.",
                        "clue_start": "1201",
                        "clue_end": "1332"
                    },
                    {
                        "clue_text": "이 때 고정자 표면의 한 질점의 운동은 타원 운동을 하는데, 이 타원의 크기 및 모양 그리고 회전 방향을 조절함으로써 초음파모터의 속도 및 토크를 제어할 수 있다.",
                        "clue_start": "480",
                        "clue_end": "571"
                    }
                ],
                "terminology": [
                    {
                        "word": "USM-DMC"
                    },
                    {
                        "word": "standing"
                    },
                    {
                        "word": "travelling wave"
                    },
                    {
                        "word": "wave"
                    },
                    {
                        "word": "고정자"
                    },
                    {
                        "word": "고정자 표면"
                    },
                    {
                        "word": "공간적 위상"
                    },
                    {
                        "word": "굴곡 진행파"
                    },
                    {
                        "word": "금속 진동체"
                    },
                    {
                        "word": "금속 탄성체"
                    },
                    {
                        "word": "기계적 진동"
                    },
                    {
                        "word": "무부하"
                    },
                    {
                        "word": "무부하 속도"
                    },
                    {
                        "word": "분극"
                    },
                    {
                        "word": "분극 방향"
                    },
                    {
                        "word": "세라믹 압전체"
                    },
                    {
                        "word": "압전체"
                    },
                    {
                        "word": "원주 방향"
                    },
                    {
                        "word": "원주상"
                    },
                    {
                        "word": "위상"
                    },
                    {
                        "word": "위상차"
                    },
                    {
                        "word": "위상차 조절 방식"
                    },
                    {
                        "word": "입력 전원"
                    },
                    {
                        "word": "전계"
                    },
                    {
                        "word": "정재파"
                    },
                    {
                        "word": "정현파"
                    },
                    {
                        "word": "정현파 전계"
                    },
                    {
                        "word": "정현파 전압"
                    },
                    {
                        "word": "정현파 전원"
                    },
                    {
                        "word": "주파수"
                    },
                    {
                        "word": "중성면"
                    },
                    {
                        "word": "진동체"
                    },
                    {
                        "word": "진폭"
                    },
                    {
                        "word": "진행파"
                    },
                    {
                        "word": "질점"
                    },
                    {
                        "word": "초음파모터"
                    },
                    {
                        "word": "탄성체"
                    },
                    {
                        "word": "합성"
                    },
                    {
                        "word": "홀딩토크"
                    }
                ]
            },
            {
                "context_id": "55e-0c9-merge_ed_034b7f4e-333eae26-8ffa-4c77-9b97-855617ee7a78_07",
                "context_K-NSCC": {
                    "field": "인공물",
                    "large_category": "ED",
                    "medium_category": "11"
                },
                "context": "<p>컨트롤러와 PC간의 인터페이스는 USB2.0 Full Speed 방식으로 접속하며, 통신 명령은 기능별로 S, ON, OF, RR 의 4 종류가 있다. 컨트롤러가 스스로 동작하는 모드는 없으며, PC로부터 동작 명령이 수신되면 그 내용에 따라 작동한다. S 명령은 PC 에서 컨트롤러로 초음파모터의 4가지 파라미터들을 송신하고, 컨트롤러로부터 모터의 속도 및 위치 정보를 요구하는 명령이며, ON, OF, RR 명령은 PC 에서 컨트롤러 축에 전송되는 명령으로서 컨트롤러에서 데이터를 전송하지 않는다.</p> <p>S 명령은 초음파모터 구동용 신호의 파라미터인 주파수, Duty(A상), Duty(B상), 위상차(A상을 기준으로 한 B 상의 위상)의 4 종류의 정보를 포함하고 있다. 이때 각 파라미터의 설정치(set value)는 식 (15), (16), (17), (18)에 의해 결정된다.</p> <p>Frequency set value \\( = \\frac { 1 } { 10 \\times \\text { Freq } } \\times 10 ^ { 6 } \\)<caption>(15)</caption></p> <p>DUTY A set value \\( = \\frac { 100 } {\\text { Freq set value } } \\times \\) DUTY A<caption>(16)</caption></p> <p>DUTY B set value \\( = \\frac { 100 } {\\text { Freq set value } } \\times \\) DUTY B<caption>(17)</caption></p> <p>Phase set value \\( = \\frac {\\text { Freq set value } } { 360 } \\times \\) Phase<caption>(18)</caption></p> <p>여기서, Freq는 설정할 주파수, DUTY A는 설정할 A 상의 Duty비, Duty B는 설정할 B상의 Duty비, Phase는 \\( \\mathrm { A } + \\) 를 기준으로 한 \\( \\mathrm { B } + \\) 의 위상차이다. PC 의 S명령은 컨트롤러 측으로 \\( \\mathrm { CH1 } \\sim CH8 \\) 의 데이터를 동시에 송신한다. 컨트롤러가 이들 데이터를 수신하면, 이를 레지스터에 보존한 후 데이터 즉, 설정치에 따라 초음파모터 구동 신호를 발생시키며, 로터리 엔코더의 변화분을 계산하여 PC 로 전송한다.</p> <p>S명령은 그림 8 에 나타내는 바와 같이 1 채널 16 바이트, 8 채널분 128바이트로 구성되고 문자 코드는 ASCII이며, 주파수, DUTY A, DUTY B, 위상차는 식 (15), (16), (17), (18)의 hex표기이다.</p> <p>제어기는 이론적으로는 주파수, 전압, 전압차 및 위상차 모두 24 비트의 분해능을 지니지만, 실제로는 기준 클럭이 되는 발진주파수와 파라미터 주파수 설정치에 따라 달라진다. 발진주파수가 \\( 100 \\mathrm { Mhz } \\), 주파수 \\( 40 \\mathrm { kHz } \\) 로 기준으로 했을 때 주파수는 주파수 설정치 1 비트 당 \\( 16 \\mathrm { Hz } \\), 듀티비는 듀티비 설정치 1 비트 당 \\( 0.04 \\% \\), 위상차는 위상차 설정치 1 비트 당 \\( 0.144 ^ {\\circ } \\) 의 높은 분해능올 지닌다.</p>",
                "context_length": 1665,
                "summary": "S 명령은 PC에서 컨트롤러로 초음파 모터의 주파수, Duty(A상), Duty(B상), 그리고 B상의 위상차(기준은 A상)와 같은 네 가지 파라미터를 전송하며, 모터의 속도와 위치 정보를 요구하는 역할을 한다. 반면에, ON, OF, RR 명령은 PC에서 컨트롤러로 축에 전송되는 명령이지만 컨트롤러에서 데이터를 전송하지는 않는다. 컨트롤러는 이론적으로 주파수, 전압, 전압차, 그리고 위상차의 모든 것을 24비트의 분해능으로 가지고 있지만, 실제 분해능은 기준 클럭의 발진 주파수와 파라미터 설정 주파수에 따라 다르다.",
                "clue": [
                    {
                        "clue_text": "S 명령은 PC 에서 컨트롤러로 초음파모터의 4가지 파라미터들을 송신하고, 컨트롤러로부터 모터의 속도 및 위치 정보를 요구하는 명령이며, ON, OF, RR 명령은 PC 에서 컨트롤러 축에 전송되는 명령으로서 컨트롤러에서 데이터를 전송하지 않는다.",
                        "clue_start": "145",
                        "clue_end": "283"
                    },
                    {
                        "clue_text": "S 명령은 초음파모터 구동용 신호의 파라미터인 주파수, Duty(A상), Duty(B상), 위상차(A상을 기준으로 한 B 상의 위상)의 4 종류의 정보를 포함하고 있다.",
                        "clue_start": "291",
                        "clue_end": "385"
                    },
                    {
                        "clue_text": "제어기는 이론적으로는 주파수, 전압, 전압차 및 위상차 모두 24 비트의 분해능을 지니지만, 실제로는 기준 클럭이 되는 발진주파수와 파라미터 주파수 설정치에 따라 달라진다.",
                        "clue_start": "1352",
                        "clue_end": "1448"
                    }
                ],
                "terminology": [
                    {
                        "word": "ASCII"
                    },
                    {
                        "word": "Duty"
                    },
                    {
                        "word": "Duty(A상)"
                    },
                    {
                        "word": "Duty(B상)"
                    },
                    {
                        "word": "OF"
                    },
                    {
                        "word": "ON"
                    },
                    {
                        "word": "RR"
                    },
                    {
                        "word": "S"
                    },
                    {
                        "word": "Speed"
                    },
                    {
                        "word": "S명령"
                    },
                    {
                        "word": "hex표기"
                    },
                    {
                        "word": "구동 신호"
                    },
                    {
                        "word": "구동용 신호"
                    },
                    {
                        "word": "기준 클럭"
                    },
                    {
                        "word": "동작 명령"
                    },
                    {
                        "word": "듀티비"
                    },
                    {
                        "word": "레지스터"
                    },
                    {
                        "word": "로터리"
                    },
                    {
                        "word": "로터리 엔코더"
                    },
                    {
                        "word": "문자 코드"
                    },
                    {
                        "word": "바이트"
                    },
                    {
                        "word": "발진주파수"
                    },
                    {
                        "word": "분해능"
                    },
                    {
                        "word": "비트"
                    },
                    {
                        "word": "설정치(set value)"
                    },
                    {
                        "word": "송신"
                    },
                    {
                        "word": "엔코더"
                    },
                    {
                        "word": "위상"
                    },
                    {
                        "word": "위상차"
                    },
                    {
                        "word": "위상차(A상을 기준으로 한 B 상의 위상)"
                    },
                    {
                        "word": "인터페이스"
                    },
                    {
                        "word": "전송"
                    },
                    {
                        "word": "전압"
                    },
                    {
                        "word": "전압차"
                    },
                    {
                        "word": "제어기"
                    },
                    {
                        "word": "주파수"
                    },
                    {
                        "word": "채널"
                    },
                    {
                        "word": "초음파모터"
                    },
                    {
                        "word": "컨트롤러"
                    },
                    {
                        "word": "클럭"
                    },
                    {
                        "word": "통신 명령"
                    },
                    {
                        "word": "파라미터"
                    }
                ]
            },
            {
                "context_id": "55e-0c9-merge_ed_034b7f4e-333eae26-8ffa-4c77-9b97-855617ee7a78_08",
                "context_K-NSCC": {
                    "field": "인공물",
                    "large_category": "ED",
                    "medium_category": "11"
                },
                "context": "<p>S명령의 설정치를 그림 5에 나타내고, 출력되는 초음파 모터 구동용 신호의 관계를 그림 6에 나타낸다. 컨트롤러가. 수신한 S 명령의 설정치는 전원이 투입 시 내부에 항상 기억하고 있으며, 일단 컨트롤러의 전원이 차단되면, 컨트롤러의 레지스터에 저장된 설정치는 모두 지워지며, 다시 전원이 인가될 경우 디폴트 값(모두 0)으로 리셋된다.</p> <p>컨트롤러가 S명령을 수신하면, 그림 7에 나타낸 것과 같이 컨트롤러는 로터리 엔코더의 차분 데이터를 PC 로 전송한다. 데이터는 채널당 1 바이트로서 총 8채널 분 8 바이트로 구성되며, 한번에 8 채널 분의 데이터를 송신한다. 1 바이트 데이터는 부호 비트를 포함해서 \\( -128 \\sim 127 \\) 의 범위이며, \\( + \\) 부호는 정방향, \\( - \\) 부호는 역방향 회전을 의미한다.</p> <p>FPGA 내부 회로 중 로터리 엔코터 카운터 회로부는 로터리 엔코더 출력 펄스에 대해서 4 체배 카운트를 한다. 예를 들면 1 회전 당 1000 펄스를 출력하는 엔코더를 접속했을 경우는 4000 카운트하게 된다. 차분 데이터로 \\( 100( \\mathrm { decimal } ) \\) 을 수신했을 경우에는 정회전 방향으로 9 도 \\( ((100 / 4000) \\times 360[ \\mathrm { deg } ]=9[ \\mathrm { deg } ]) \\) 이동한 것이며, 또, 차분 데이터 \\( -1( \\mathrm { decimal } ) \\)의 경우는, 역회전 방향으로 \\( 0.09 \\) 도 \\( ((1 / 4000) \\times 360[ \\mathrm { deg } ]=0.09[ \\mathrm { deg } ]) \\) 이동한 것이 된다.</p> <p>컨트롤러가 PC로부터 ON명령을 수신하면, 컨트롤러는 초음퐈 모터 구동용 신호를 출력하지만, 주파수 설정치가 10 이하의 경우에는 A, B 두상 모두가 출력되지 않고, DutyA 설정치가 0, DutyB 설정치가 0 의 경우는 각각 A 상, B 상으로부터 파형은 출력되지 않는다. 출력을 정지하고 싶은 채널에 대해서는 주파수 설정치를 0 으로 설정하거나 DutyA 설정치 및 DutyB 설정치를 0 으로 설정하면 된다. 또, ON 명령을 수신하면 로터리 엔코더의 카운트 값 및 차분 산출용으로 보관 유지하고 있는 데이터를 리셋한다. PC 로부터 컨트롤러에 OF 명령이 송신되면, 컨트롤러는 초음파 모터 구동용 신호의 출력을 정지한다. OF명령을 수신해도 초음파 모터 구동용 신호의 설정치는 리셋되지 않고 컨트롤러에 기억되고 있다. 다시, ON 명령을 수신하면 ON 이전에 레지스터에 저장된 설정치로 초음파 모터 구동용 신호를 출력한다. PC로부터 RR명령을 수신하면, ON명령을 수신했을 때와 같이 로터리 엔코더의 카운터 값 및 그 차분 산출용으로 보관 유지하고 있는 전 채널의 데이터가 모두 리셋된다. 컨트롤러의 동작 플로차트(flow chart)를 그림 8에 나타낸다.</p>",
                "context_length": 1459,
                "summary": "컨트롤러는 수신한 S 명령의 설정치를 전원이 투입될 때까지 내부에 저장하며, 전원이 차단되면 모든 설정치는 지워지고 디폴트 값으로 리셋된다. 컨트롤러가 S명령을 수신하면 로터리 엔코더의 차분 데이터를 PC로 전송한다. ON명령을 수신하면, 초음파 모터 구동용 신호를 출력한다. 그러나 주파수 설정치가 10 이하이거나 DutyA와 DutyB 설정치가 0인 경우에는 파형이 출력되지 않는다. 출력을 중지하려면 주파수 설정치 또는 DutyA, DutyB 설정치를 0으로 설정하면 된다.",
                "clue": [
                    {
                        "clue_text": "수신한 S 명령의 설정치는 전원이 투입 시 내부에 항상 기억하고 있으며, 일단 컨트롤러의 전원이 차단되면, 컨트롤러의 레지스터에 저장된 설정치는 모두 지워지며, 다시 전원이 인가될 경우 디폴트 값(모두 0)으로 리셋된다.",
                        "clue_start": "68",
                        "clue_end": "191"
                    },
                    {
                        "clue_text": "컨트롤러가 S명령을 수신하면, 그림 7에 나타낸 것과 같이 컨트롤러는 로터리 엔코더의 차분 데이터를 PC 로 전송한다.",
                        "clue_start": "199",
                        "clue_end": "265"
                    },
                    {
                        "clue_text": "컨트롤러가 PC로부터 ON명령을 수신하면, 컨트롤러는 초음퐈 모터 구동용 신호를 출력하지만, 주파수 설정치가 10 이하의 경우에는 A, B 두상 모두가 출력되지 않고, DutyA 설정치가 0, DutyB 설정치가 0 의 경우는 각각 A 상, B 상으로부터 파형은 출력되지 않는다.",
                        "clue_start": "855",
                        "clue_end": "1011"
                    },
                    {
                        "clue_text": "출력을 정지하고 싶은 채널에 대해서는 주파수 설정치를 0 으로 설정하거나 DutyA 설정치 및 DutyB 설정치를 0 으로 설정하면 된다.",
                        "clue_start": "1012",
                        "clue_end": "1089"
                    }
                ],
                "terminology": [
                    {
                        "word": "FPGA"
                    },
                    {
                        "word": "RR명령"
                    },
                    {
                        "word": "S명령"
                    },
                    {
                        "word": "chart"
                    },
                    {
                        "word": "flow"
                    },
                    {
                        "word": "구동용 신호"
                    },
                    {
                        "word": "내부 회로"
                    },
                    {
                        "word": "레지스터"
                    },
                    {
                        "word": "로터리"
                    },
                    {
                        "word": "로터리 엔코더"
                    },
                    {
                        "word": "부호 비트"
                    },
                    {
                        "word": "송신"
                    },
                    {
                        "word": "엔코더"
                    },
                    {
                        "word": "전송"
                    },
                    {
                        "word": "주파수"
                    },
                    {
                        "word": "차분 데이터"
                    },
                    {
                        "word": "체배"
                    },
                    {
                        "word": "초음파 모터"
                    },
                    {
                        "word": "출력"
                    },
                    {
                        "word": "출력 펄스"
                    },
                    {
                        "word": "파형"
                    },
                    {
                        "word": "플로차트"
                    },
                    {
                        "word": "플로차트(flow chart)"
                    },
                    {
                        "word": "회로"
                    },
                    {
                        "word": "회로부"
                    }
                ]
            }
        ]
    }
}