{
    "dataset_info": {
        "identifier": "02-031-002-NL",
        "name": "기술과학 문서 요약 데이터",
        "category": "자연어",
        "last_updated": "2023-08-30"
    },
    "dataset": {
        "doc_id": "034b7f4e-357aad44-9239-4c06-bbc8-e6915a933d88",
        "doc_type": "논문",
        "doc_title": {
            "kor": "높은 전력밀도를 갖는 500kHz 고주파 LLC 컨버터의 설계와 구현",
            "eng": ""
        },
        "doc_category": {
            "KDC": "560.5",
            "DDC": ""
        },
        "doc_number": {
            "ISSN": "1229-2214",
            "ISBN": "",
            "DOI": "",
            "UCI": ""
        },
        "doc_year": "2015",
        "doc_author": [
            "박화평",
            "정지훈"
        ],
        "doc_publisher": "전력전자학회",
        "doc_license": "CC BY-NC",
        "context_info": [
            {
                "context_id": "55e-0c9-f702000e-1885-47f7-a8fe-90333f780648",
                "context_K-NSCC": {
                    "field": "인공물",
                    "large_category": "ED",
                    "medium_category": "05"
                },
                "context": "<h1>2. LLC 컨버터의 동작윈리</h1> <p>그림 \\(1\\)은 LLC 공진형 컨버터로서 자화 인덕턴스 \\( (\\mathrm{L}_{m}) \\)의 공진 참여로 인해 직렬 공진형 컨버터(SRC)와는 다른 동작 특성을 가지게 된다. 이때 누설 인덕턴스 \\( (\\mathrm{L}_{r}) \\) 와 공진 캐패시터 \\( (\\mathrm{C}_{r}) \\) 의 공진에 의한 주파수 \\( f_{r 1} \\) 와 \\( \\mathrm{L}_{r}, \\mathrm{L}_{m} \\),\\( \\mathrm{C}_{\\mathrm{r}} \\)의 공진에 의한 주파수 \\( f_{r 2} \\)은 식 (\\(1\\))과 같다.</p> <p>\\( f_{r 1}=\\frac{1}{2 \\pi \\sqrt{L_{r} C_{r}}} \\quad f_{r 2}=\\frac{1}{2 \\pi \\sqrt{\\left(L_{m}+L_{r}\\right) C_{r}}} \\)<caption>(\\(1\\))</caption></p> <p>공진 주파수의 첨예치를 나타내는 Q-factor는 식 (\\(2\\))와 같이 기술할 수 있다.</p> <h2>2.1 LLC zjs버터의 모드별 동작원리</h2> <p>그림 \\(2\\)는 LLC 컨버터의 동작 파형으로 스위칭 주파수가 \\( f_{r 1} \\)과 \\( f_{r 2} \\)사이에 있을 때 \\(6\\)가지 동작 모드로 나눌 수 있다. 먼저 모드 \\(1\\)은 \\( \\mathrm{S}_{1} \\)과 \\( \\mathrm{S}_{2} \\)가 오프 상태인 데드 타임 구간이고, \\( i_{p} \\)가 역방향일 경우 이는 MOSFET의 출력 캐패시터를 방전시킨 후 \\( \\mathrm{S}_{1} \\)의 역병렬 다이오드로 흐르면서 MOSFET의 영전압 스위칭 조건을 만족시켜준다. 모드 \\(2\\)는 \\( i_{p} \\)가 \\( \\mathrm{S}_{1} \\)으로 흐르고 이는 \\( \\mathrm{D}_{1} \\)을 도통시켜주며 \\( i_{p} \\)와 \\( i_{m} \\)가 점점 증가한다. 이때 기존 컨버터 파형에서 데드 타임이 충분히 작다면 (\\(3\\))의 식으로 전력전달 구간에서 \\( i_{p} \\)를 구할 수 있다.</p> <p>\\( i_{p}(t)=i_{p\\left(t_{b}\\right)} \\cos w_{r 1}\\left(t-t_{b}\\right)+\\frac{V_{b}}{Z_{r 1}} \\sin w_{r 1}\\left(t-t_{b}\\right) \\<caption>(\\(3\\))</caption>)</p> <p>여기서 \\( i_{p\\left(t_{b}\\right)}=-n\\left(V_{0}+V_{D f}\\right) L_{m}^{-1}\\left(T_{s} / 4-\\Delta / 2\\right) \\), \\( V_{b}=V_{s}-V_{C r}-n\\left(V_{o}+V_{D f}\\right), \\Delta=t_{d}-t_{c}=t_{g}-t_{f} \\), \\( w_{r 1}=2 \\pi f_{r 1}, V_{D f} \\)는 다이오드 전압 강하, \\( Z_{r 1}=\\sqrt{L_{r} / C_{r}} \\)이다. 이때 자화 전류를 식 (\\(4\\))와 같이 구할 수 있다.</p> <p>\\( i_{m}=i_{m}\\left(t_{b}\\right)+n\\left(V_{o}+V_{D f}\\right) L_{m}^{-1}\\left(t-t_{b}\\right) \\)<caption>(\\(4\\))</caption></p> <p>모드 \\(3\\)은 \\( i_{p} \\)와 \\( i_{m} \\)와 같아질 때 \\(1\\)차측의 전력이 더 이상 \\(2\\)차측으로 넘어가지 못하고 \\( \\mathrm{D}_{1} \\)과 \\( \\mathrm{D} 2 \\)는 역방향 바이어스된다. 이때 \\( \\mathrm{L}_{m}, \\mathrm{L}_{r}, \\mathrm{C}_{r} \\) 에 의한 공진이 발생하며 \\( i_{p} \\)를 식 (\\(5\\))와 같이 구할 수 있다.</p> <p>\\( i_{p}(t)=i_{p}\\left(t_{c}\\right) Z_{r 2} C_{r} \\cos w_{r 2}\\left(t-t_{c}\\right)+\\frac{V_{Cr}\\left(t_{c}\\right)}{Z_{r 2}} \\sin w_{r 2}\\left(t-t_{c}\\right)\\)<caption>(\\(5\\))</caption></p> <p>여기서 \\( i_{p\\left(t_{C}\\right)}=-i_{p\\left(t_{b}\\right)}, w_{r 2}=2 \\pi f_{r 2}, Z_{r 2}=\\sqrt{\\frac{\\left(L_{m}+L_{r}\\right)}{C_{r}}} \\)이다. 이후 반주기를 구성하는 모드 \\(4\\)에서 모드 \\(6\\)은 이전 반주기 모드 \\(1\\)에서 모드 \\(3\\)의 동작과 동일한 동작 원리를 보여 준다.</p> <h2>2.2 LLC 컨버터의 입출력 전압관계</h2> <p>부하 전력 공급량에 따라 LLC 컨버터의 동작 주파수가 달라지는데 전압은 사각파의 모양으로 공급이 되지만 FHA(First Harmonic Approximation)에 의해 기본파인 식 (\\(6\\))와 같이 대치시킬 수 있다.</p> <p>\\( V_{f}=\\frac{2 V_{\\text {input }}}{\\pi} \\)<caption>(\\(6\\))</caption></p> <p>\\(2\\)차측 부하를 \\(1\\)차측으로 FHA 기법을 사용하여 \\(1\\)차측으로 이전시키면 \\(1\\)차측 부하 \\( R_{a c} \\)로 나타낼 수 있고 이에 따른 \\( V_{o} \\)은 식 (\\(7\\))로 표현 된다. 또 이를 그림 \\(3\\)과 같이 나타낼 수 있다.</p> <p>\\( R_{a c}=\\frac{2 n^{2} R_{o}}{\\pi^{2}}, \\quad V_{o}=\\frac{\\pi V_{o p}}{4 n} \\)<caption>(\\(7\\))</caption></p> <p>입출력 전압 전달비를 FHA 기법에 따라 나타내면, 식 (\\(8\\))과 같이 나타낼 수 있고, 이를 주파수에 대해 정규화시킨 값으로 나타내면 식 (\\(9\\))과 같다.</p> <p>\\( T_{F H A}=\\frac{V_{o p}}{V_{f}}=\\frac{2 n V_{o}}{V_{i n p u t}} \\)<caption>(\\(8\\))</caption></p> <p>\\( T\\left(f_{n}, \\lambda, Q\\right)_{F H A}=\\frac{1}{\\sqrt{\\left(1+\\lambda+\\frac{\\lambda}{f_{n}^{2}}\\right)^{2}+Q^{2} \\times\\left(f_{n}-\\frac{1}{f_{n}}\\right)^{2}}} \\)<caption>(\\(9\\))</caption></p> <p>여기서 \\( f_{r}=\\frac{1}{2 \\pi \\sqrt{L_{r} C_{r}}}, Z_{r 2}=\\sqrt{\\frac{L_{r}}{C_{r}}}, Q=\\frac{Z_{o}}{R_{a c}} \\),\\( \\lambda=\\frac{L_{r}}{L_{m}}, f_{n}=\\frac{f_{s w}}{f_{r}} \\) 이다. 식 (\\(7\\))의 입출력 전압비를 그림 \\(4\\)와 같이 주파수에 대한 그래프로 나타낼 수 있다.</p>",
                "context_length": 3507,
                "summary": "LLC 공진형 컨버터는 자화 인덕턴스의 공진 참여로 인해 직렬 공진형 컨버터와 다른 특성을 가지며 동작하고, 이때 공진 주파수는 다음 식 \\( f_{r 1}=\\frac{1}{2 \\pi \\sqrt{L_{r} C_{r}}} \\quad f_{r 2}=\\frac{1}{2 \\pi \\sqrt{\\left(L_{m}+L_{r}\\right) C_{r}}} \\)과 같이 표현된다. LLC 컨버터는 두 공진주파수 사이에서 스위칭 조건에 따라 6가지의 동작 모드를 가지며, 동작 주파수는 부하 전력 공급량에 따라 달라지고 FHA 기법을 사용하면 입출력 전압비를 주파수에 대해 나타낼 수 있다.",
                "clue": [
                    {
                        "clue_text": "그림 \\(1\\)은 LLC 공진형 컨버터로서 자화 인덕턴스 \\( (\\mathrm{L}_{m}) \\)의 공진 참여로 인해 직렬 공진형 컨버터(SRC)와는 다른 동작 특성을 가지게 된다.",
                        "clue_start": "29",
                        "clue_end": "130"
                    },
                    {
                        "clue_text": "\\( f_{r 1}=\\frac{1}{2 \\pi \\sqrt{L_{r} C_{r}}} \\quad f_{r 2}=\\frac{1}{2 \\pi \\sqrt{\\left(L_{m}+L_{r}\\right) C_{r}}} \\)<caption>(\\(1\\))</caption>",
                        "clue_start": "343",
                        "clue_end": "485"
                    },
                    {
                        "clue_text": "그림 \\(2\\)는 LLC 컨버터의 동작 파형으로 스위칭 주파수가 \\( f_{r 1} \\)과 \\( f_{r 2} \\)사이에 있을 때 \\(6\\)가지 동작 모드로 나눌 수 있다.",
                        "clue_start": "585",
                        "clue_end": "681"
                    },
                    {
                        "clue_text": "부하 전력 공급량에 따라 LLC 컨버터의 동작 주파수가 달라지는데 전압은 사각파의 모양으로 공급이 되지만 FHA(First Harmonic Approximation)에 의해 기본파인 식 (\\(6\\))와 같이 대치시킬 수 있다.",
                        "clue_start": "2381",
                        "clue_end": "2507"
                    },
                    {
                        "clue_text": "식 (\\(7\\))의 입출력 전압비를 그림 \\(4\\)와 같이 주파수에 대한 그래프로 나타낼 수 있다.",
                        "clue_start": "3448",
                        "clue_end": "3503"
                    }
                ],
                "terminology": [
                    {
                        "word": "Approximation"
                    },
                    {
                        "word": "FHA"
                    },
                    {
                        "word": "FHA 기법"
                    },
                    {
                        "word": "First"
                    },
                    {
                        "word": "First Harmonic Approximation"
                    },
                    {
                        "word": "Harmonic"
                    },
                    {
                        "word": "LLC"
                    },
                    {
                        "word": "LLC 공진형"
                    },
                    {
                        "word": "LLC 공진형 컨버터"
                    },
                    {
                        "word": "LLC 컨버터"
                    },
                    {
                        "word": "MOSFET"
                    },
                    {
                        "word": "Q-factor"
                    },
                    {
                        "word": "SRC"
                    },
                    {
                        "word": "공진 주파수"
                    },
                    {
                        "word": "공진 캐패시터"
                    },
                    {
                        "word": "공진형"
                    },
                    {
                        "word": "공진형 컨버터"
                    },
                    {
                        "word": "누설 인덕턴스"
                    },
                    {
                        "word": "다이오드"
                    },
                    {
                        "word": "다이오드 전압"
                    },
                    {
                        "word": "데드 타임"
                    },
                    {
                        "word": "데드 타임 구간"
                    },
                    {
                        "word": "동작 파형"
                    },
                    {
                        "word": "바이어스"
                    },
                    {
                        "word": "부하 전력"
                    },
                    {
                        "word": "사각파"
                    },
                    {
                        "word": "스위칭"
                    },
                    {
                        "word": "스위칭 조건"
                    },
                    {
                        "word": "스위칭 주파수"
                    },
                    {
                        "word": "역방향 바이어스"
                    },
                    {
                        "word": "역병렬"
                    },
                    {
                        "word": "역병렬 다이오드"
                    },
                    {
                        "word": "영전압"
                    },
                    {
                        "word": "영전압 스위칭"
                    },
                    {
                        "word": "영전압 스위칭 조건"
                    },
                    {
                        "word": "인덕턴스"
                    },
                    {
                        "word": "입출력 전압"
                    },
                    {
                        "word": "입출력 전압비"
                    },
                    {
                        "word": "자화"
                    },
                    {
                        "word": "자화 인덕턴스"
                    },
                    {
                        "word": "자화 전류"
                    },
                    {
                        "word": "전달비"
                    },
                    {
                        "word": "전력 공급량"
                    },
                    {
                        "word": "전력전달 구간"
                    },
                    {
                        "word": "전류"
                    },
                    {
                        "word": "전압 강하"
                    },
                    {
                        "word": "전압 전달비"
                    },
                    {
                        "word": "전압비"
                    },
                    {
                        "word": "주파수"
                    },
                    {
                        "word": "직렬"
                    },
                    {
                        "word": "직렬 공진형"
                    },
                    {
                        "word": "직렬 공진형 컨버터"
                    },
                    {
                        "word": "출력 캐패시터"
                    },
                    {
                        "word": "캐패시터"
                    },
                    {
                        "word": "컨버터"
                    },
                    {
                        "word": "파형"
                    }
                ]
            },
            {
                "context_id": "55e-0c9-c89560e8-7488-4f6b-924f-c99f68e80b73",
                "context_K-NSCC": {
                    "field": "인공물",
                    "large_category": "ED",
                    "medium_category": "05"
                },
                "context": "<h1>1. 서 론</h1> <p>최근 산업계는 심미성과 더불어 제작 단가를 낮출 수 있는 제품을 선호하는 추세이다. 이를 구현하기 위해서는 높은 전력밀도의 스위치 모드 전원장치로 면적을 줄이면서도 기존과 동일한 전력을 공급해야 한다. 스위치 모드 전원장치의 전력밀도를 높이기 위한 방법으로 높은 스위칭 주파수를 이용하여 컨버터 수동 소자들의 크기를 줄이고 전력 밀도가 증가하도록 컨버터를 디자인할 수 있다.</p> <p>고주파 스위칭 동작에서 기존의 하드 스위칭 PWM 컨버터는 스위칭 손실이 높아 효율이 떨어진다. 또한 비대칭 하프 브릿지 컨버터의 경우에는 \\(2\\)차측 다이오드에 걸리는 전압이 비대칭이기 때문에 전도 손실을 줄이기가 어렵고 경부하 시 소프트 스위칭 조건을 유지하기 어렵다. 이러한 이유로 작은 순환 에너지와 작은 턴 오프 스위칭 손실을 가지고 경부하 시에도 소프트 스위칭을 유지할 수 있는 LLC 공진형 컨버터를 고주파 컨버터 토폴로지로 선택하였다.</p> <p>본 논문에서는 기존에 연구된 LLC 컨버터의 동작원리 및 입출력 전압관계를 이용하여 고주파 LLC 컨버터 설계 시 고려해야 할 사항을 기술하였는데 먼저 고주파 컨버터에서 주파수에 비례하여 줄어드는 수동소자 크기의 관계에 대하여 변압기의 창면적(Cross Sectional Area), 공진 캐패시터, 출력단 캐패시터의 용량이 주파수에 대해 얼마나 줄어드는지 수학적으로 유도하고 시뮬레이션 및 실험 결과를 비교하여 그 타당성을 제시하였다. 또 스위칭 주파수가 올라감에 따라 MOSFET의 영전압 스위칭 조건을 유지하기 위한 기존의 자화 인덕턴스 설계법에 오차가 생기기 시작하는데, 기존의 설계 방법보다 높은 정확도의 계산법을 근사화를 통해 유도하였다. 마지막으로 스위칭 주파수가 올라감에 따라 자화 및 누설 인덕턴스가 줄어 \\(1\\)차측 전류가 증가할 뿐만 아니라 스위칭 손실이 커져서 전력변환 효율이 줄어듦이 예측이 되는데, 이는 각 소자에서 발생하는 온도를 측정함으로써 스위칭 주파수가 올라감에 따른 주요 손실발생 부분을 확인할 수 있고, 이를 통해 고주파에서 컨버터 구동 시 고려해야 하는 소자 특성을 분석해 보았다.</p> <p>본 논문을 통해서 \\( 100 \\mathrm{kHz} \\)와 \\( 500 \\mathrm{kHz} \\)의 스위칭 주파수를 가지는 LLC 공진형 컨버터를 구현하여 각 스위칭 주파수에서 MOSFET의 영전압 스위칭 조건을 형성하는 컨버터 디자인 방법을 비교하고 수학적으로 유도한 전력밀도의 증가를 실험적으로 확인하였다. 또한 \\(100\\)\\mathrm{kHz} \\)와 \\( 500 \\mathrm{kHz} \\)의 동작 주파수에서 컨버터의 주요 부품별 온도를 측정함으로써 실험적으로 스위칭 주파수가 올라감에 따른 손실의 증가를 확인하였다.</p>",
                "context_length": 1375,
                "summary": "스위치 모드 전원장치의 전력밀도를 높이기 위한 방법으로 컨버터 수동 소자들의 크기를 줄이고 전력 밀도가 증가하도록 컨버터를 디자인하며 고주파 컨버터에서 주파수에 비례하여 줄어드는 수동소자 크기의 관계에 대하여 변압기의 창면적, 공진 캐패시터, 출력단 캐패시터의 용량이 주파수에 대해 얼마나 줄어드는지 유도하고 그 타당성을 제시하였으며 \\( 100 \\mathrm{kHz} \\), \\( 500 \\mathrm{kHz} \\)의 스위칭 주파수의 LLC 공진형 컨버터를 구현하여 각 스위칭 주파수에서 MOSFET의 영전압 스위칭 조건을 형성하는 컨버터 디자인을 비교하고 수학적으로 유도한 전력밀도의 증가를 실험적으로 확인했다.",
                "clue": [
                    {
                        "clue_text": "스위치 모드 전원장치의 전력밀도를 높이기 위한 방법으로 높은 스위칭 주파수를 이용하여 컨버터 수동 소자들의 크기를 줄이고 전력 밀도가 증가하도록 컨버터를 디자인할 수 있다.",
                        "clue_start": "132",
                        "clue_end": "228"
                    },
                    {
                        "clue_text": "본 논문에서는 기존에 연구된 LLC 컨버터의 동작원리 및 입출력 전압관계를 이용하여 고주파 LLC 컨버터 설계 시 고려해야 할 사항을 기술하였는데 먼저 고주파 컨버터에서 주파수에 비례하여 줄어드는 수동소자 크기의 관계에 대하여 변압기의 창면적(Cross Sectional Area), 공진 캐패시터, 출력단 캐패시터의 용량이 주파수에 대해 얼마나 줄어드는지 수학적으로 유도하고 시뮬레이션 및 실험 결과를 비교하여 그 타당성을 제시하였다.",
                        "clue_start": "496",
                        "clue_end": "740"
                    },
                    {
                        "clue_text": "본 논문을 통해서 \\( 100 \\mathrm{kHz} \\)와 \\( 500 \\mathrm{kHz} \\)의 스위칭 주파수를 가지는 LLC 공진형 컨버터를 구현하여 각 스위칭 주파수에서 MOSFET의 영전압 스위칭 조건을 형성하는 컨버터 디자인 방법을 비교하고 수학적으로 유도한 전력밀도의 증가를 실험적으로 확인하였다.",
                        "clue_start": "1075",
                        "clue_end": "1250"
                    }
                ],
                "terminology": [
                    {
                        "word": "Area"
                    },
                    {
                        "word": "Cross"
                    },
                    {
                        "word": "LLC"
                    },
                    {
                        "word": "LLC 공진형"
                    },
                    {
                        "word": "LLC 공진형 컨버터"
                    },
                    {
                        "word": "LLC 컨버터"
                    },
                    {
                        "word": "LLC 컨버터 설계"
                    },
                    {
                        "word": "MOSFET"
                    },
                    {
                        "word": "PWM"
                    },
                    {
                        "word": "PWM 컨버터"
                    },
                    {
                        "word": "고주파"
                    },
                    {
                        "word": "고주파 LLC 컨버터"
                    },
                    {
                        "word": "고주파 스위칭"
                    },
                    {
                        "word": "고주파 스위칭 동작"
                    },
                    {
                        "word": "공진 캐패시터"
                    },
                    {
                        "word": "공진형"
                    },
                    {
                        "word": "공진형 컨버터"
                    },
                    {
                        "word": "누설 인덕턴스"
                    },
                    {
                        "word": "다이오드"
                    },
                    {
                        "word": "밀도"
                    },
                    {
                        "word": "변압기"
                    },
                    {
                        "word": "브릿지"
                    },
                    {
                        "word": "브릿지 컨버터"
                    },
                    {
                        "word": "비대칭 하프 브릿지 컨버터"
                    },
                    {
                        "word": "소프트 스위칭"
                    },
                    {
                        "word": "소프트 스위칭 조건"
                    },
                    {
                        "word": "손실발생"
                    },
                    {
                        "word": "수동소자"
                    },
                    {
                        "word": "스위치"
                    },
                    {
                        "word": "스위치 모드"
                    },
                    {
                        "word": "스위치 모드 전원장치"
                    },
                    {
                        "word": "스위칭"
                    },
                    {
                        "word": "스위칭 PWM 컨버터"
                    },
                    {
                        "word": "스위칭 손실"
                    },
                    {
                        "word": "스위칭 조건"
                    },
                    {
                        "word": "스위칭 주파수"
                    },
                    {
                        "word": "시뮬레이션"
                    },
                    {
                        "word": "영전압"
                    },
                    {
                        "word": "영전압 스위칭"
                    },
                    {
                        "word": "영전압 스위칭 조건"
                    },
                    {
                        "word": "인덕턴스"
                    },
                    {
                        "word": "자화"
                    },
                    {
                        "word": "자화 및 누설 인덕턴스"
                    },
                    {
                        "word": "자화 인덕턴스"
                    },
                    {
                        "word": "자화 인덕턴스 설계법"
                    },
                    {
                        "word": "전도"
                    },
                    {
                        "word": "전도 손실"
                    },
                    {
                        "word": "전력밀도"
                    },
                    {
                        "word": "전력변환 효율"
                    },
                    {
                        "word": "전류"
                    },
                    {
                        "word": "주파수"
                    },
                    {
                        "word": "차측 다이오드"
                    },
                    {
                        "word": "창면적"
                    },
                    {
                        "word": "출력단 캐패시터"
                    },
                    {
                        "word": "캐패시터"
                    },
                    {
                        "word": "컨버터"
                    },
                    {
                        "word": "컨버터 토폴로지"
                    },
                    {
                        "word": "토폴로지"
                    },
                    {
                        "word": "하드 스위칭"
                    },
                    {
                        "word": "하프 브릿지"
                    },
                    {
                        "word": "하프 브릿지 컨버터"
                    }
                ]
            },
            {
                "context_id": "55e-0c9-98c6ec87-cc18-4b27-987a-22c460259f9c",
                "context_K-NSCC": {
                    "field": "인공물",
                    "large_category": "ED",
                    "medium_category": "05"
                },
                "context": "<h1>3. 고주파 설계 방안</h1> <h2>3.1 고주파 설계 시 고려사항</h2> <p>위의 식 (\\(2\\))와 식 (\\(9\\))에서 나타낸 Q-factor와 \\( \\lambda=L_{r} / L_{m} \\) 및 \\( T_{F H A} \\)간의 상관관계를 이용하여 컨버터를 설계한다. 먼저 \\( \\lambda \\)가 증가하면 부하의 주파수 변동범위가 작아져 출력 전압의 제어가 용이하다. 뿐만 아니라 순환 전류가 작아져 전도손실을 줄이는 데도 용이하다. 하지만 큰 \\( \\lambda \\) 값은 과부하 시에 원하는 \\( T_{F H A} \\)의 이득 범위에서 컨버터를 동작시킬 수 없다. 반대로 \\( \\lambda \\) 값이 작다면 과부하 상태더라도 이득범위 내에서 컨버터를 제어하기 용이한 장점이 있다. 하지만 공진 주파수에서 최대 이득간의 거리가 멀어져 부하의 변동에 따른 스위칭 주파수의 변화의 제어가 용이하지 않은 문제가 있다. 뿐만 아니라 \\( \\mathrm{L}_{r} \\)이 작아져 \\( \\lambda \\)의 값이 작아지면 순환전류도 커져 전도 손실이 증가한다. Q-factor는 공진 시 이득의 첨예도를 나타내는 것으로 \\( L_{r} / C_{r} \\)이 결정 되었을 때 부하의 조건에 따라 이득 곡선이 바뀌는데 이를 통하여 \\( \\lambda \\)의 크기에 따라 최대 부하의 경우에 원하는 이득 범위를 가질 수 있는지 확인한다.</p> <p>위의 기존에 제시된 LLC 컨버터의 설계조건 이외에 고주파 LLC 컨버터를 설계하면 변압기와 출력단 캐패시터 크기가 줄어들면서 컨버터의 전력밀도가 늘어나는 장점을 가지게 된다. 먼저 변압기의 크기는 코어의 창면적(Cross-Sectional Area)에 의해 크기가 정해지고 이는 페러데이 법칙에 의해 식 (\\(10\\)), (\\(11\\))과 같이 나타난다.</p> <p>\\( v_{1}(t)=N_{P} \\cdot \\frac{d \\Phi}{d t}=N_{P} \\cdot \\frac{d\\left(B \\cdot A_{c}\\right)}{d t} \\)<caption>(\\(10\\))</caption></p> <p>\\( A_{c}=\\frac{v_{1}(t) \\cdot D \\cdot T_{s}}{\\Delta B \\cdot N_{P}} \\)<caption>(\\(11\\))</caption></p> <p>\\( A_{c}= \\) 창면적, \\( v_{1}(t)= \\) 입력 전압, \\( D= \\) 듀티, \\( T_{s}= \\) 주기, \\( \\triangle B= \\) 최대 자속밀도, \\( N_{P}= \\) 변압기 \\(1\\)차측턴수</p> <p>식 (\\(11\\))에서 창면적은 입력전압, 듀티, 스위칭 주기에 비례하고 최대자속밀도 및 변압기 \\(1\\)차측 턴수에 반비례함을 보인다. 위의 식에서 \\( N_{P} \\)를 누설 및 자속 인덕턴스와의 관계식인 식 (\\(12\\))으로 치환하면 식 (\\(13\\))을 구할 수 있다.</p> <p>\\( L=L_{m}+L_{l 1}+L_{l 2}=\\frac{N^{2}}{\\left(R_{c}+R_{g}\\right)} \\)<caption>(\\(12\\))</caption></p> <p>\\( A_{c}=\\frac{\\left(D V_{1}\\right)^{2}}{\\Delta B^{2} \\cdot f_{s}^{2} \\cdot L} \\cdot \\mu_{0} \\cdot\\left(\\frac{\\mu_{e}}{l_{e}}+\\frac{1}{l_{g}}\\right) \\)<caption>(\\(13\\))</caption></p> <p>\\( \\mu_{e}= \\) 외부 투자율, \\( \\mu_{0}= \\) 진공 투자율, \\( l_{e}= \\) 변압기 길이, \\( l_{g}= \\) 변압기 공극 길이</p> <p>위의 식 (\\(13\\))에서 투자율과 변압기 및 변압기 공극의 길이는 식 (\\(11\\))에서 변압기와 공극의 저항에서 유도되고 이 값들은 스위칭 주파수의 증가에 따른 누설 및 자속 인덕턴스 L의 설계 값이 작아지게 되므로 스위칭 주파수에 제곱에 비례하여 변압기 및 공극의 길이가 줄어든다. 이때 \\( \\triangle B^{2} \\)와 \\( \\left(D V_{1}\\right)^{2} \\)이 일정하고 \\( 500 \\mathrm{kHz} \\)의 스위칭 주파수에서 크기가 작은 변압기를 사용한다고 가정하여 \\( \\mu_{0} \\cdot\\left(\\frac{\\mu_{e}}{l_{e}}+\\frac{1}{l_{g}}\\right) \\)가 \\(2\\)배로 상승하고 주파수 상승에 따라 자화 인덕턴스의 설계 값이 줄어듦으로 L이 \\( 3.5 \\) 배 감소한다고 가정하면 \\( 100 \\mathrm{kHz} \\)의 변압기 코어 창면적에 비해 \\( 500 \\mathrm{kHz} \\)의 변압기의 그것이 \\( 3.5 \\)배 감소할 수 있다.</p> <p>다음으로 식 (\\(14\\))은 캐패시터의 ESR(Effective Series Resistance)과 캐패시턴스에 의한 출력 전압 리플의 크기 관계를 보여준다.</p> <p>\\( \\begin{aligned} \\Delta V &=E S R \\cdot\\left(\\frac{\\pi}{2}-1\\right) \\cdot I_{o}+\\frac{\\Delta Q}{C_{o}} \\\\ &=E S R \\cdot\\left(\\frac{\\pi}{2}-1\\right) \\cdot I_{o}+0.363 \\frac{I_{o} T_{s}}{C_{o}} \\end{aligned} \\)<caption>(\\(14\\))</caption></p> <p>기존의 컨버터들의 경우 출력 리플을 줄이기 위하여 캐패시터의 용량을 키우는 방법을 사용하였는데, 캐패시터는 용량에 비례하여 그 크기가 증가하므로 단순히 캐패시터의 용량을 키우는 것은 전력밀도를 높이는데 효과적인 방법이 아니다.</p> <p>식 (\\(14\\))에서 ESR에 의한 전압 리플은 출력 전류에 비례하여 항상 일정하게 나오고, 캐패시턴스에 의한 전압 리플은 전류에 비례하고 주파수에 반비례하게 나온다. 따라서 그림 \\(5\\)와 같이 출력전류와 출력 캐패시턴스가 일정하다고 가정하면 주파수가 올라감에 따라 캐패시터에 의한 출력전압 리플의 영향은 점점 줄어들고, ESR에 의한 출력 리플이 주요해짐을 보인다. 표 \\(1\\)은 출력전류, ESR, 출력 캐패시턴스가 일정하다고 가정할 때 \\(100\\)\\( \\mathrm{kHz} \\)와 \\( 500 \\mathrm{kHz} \\)에서 출력 전압 리플을 측정하였다. 표 \\(1\\)의 \\( 100 \\mathrm{kHz} \\)와 \\( 500 \\mathrm{kHz} \\)에서 출력 전압 리플을 비교하면 스위칭 주파수가 올라감에 따라 캐패시턴스가 줄어도 전압 리플이 증가하지 않음을 알 수 있다. 따라서 식 (\\(14\\))의 ESR에 의한 출력 전압 리플이 고주파에서 주요 인자임을 확인할 수 있다. 그림 \\(5\\)와 같이 주파수가 증가하면 캐패시턴스에 의한 리플 전압은 \\(0\\)으로 가까이 가고 전압 리플은 ESR에 비례하므로 낮은 ESR을 가지는 캐패시터를 사용할 때 고주파 LLC 컨버터에서 낮은 용량의 캐패시터를 사용하여 컨버터의 크기를 줄일 수 있다.</p> <h2>3.2 Soft Switching을 위한 설계사항</h2> <p>본 실험에서 \\( 500 \\mathrm{kHz} \\)컨버터의 출력 전압 제어는 데드 타임이 일정 범위로 정해진 아날로그 컨트롤러(STL\\(6599\\))를 사용하여 설계하였다. 이 제어기는 \\( 0.2 \\mathrm{us} \\) - \\( 0.4 \\mathrm{us} \\) 의 데드 타임을 가지고 있으므로 \\( 500 \\mathrm{kHz} \\) (\\(2\\) us)의 상당 부분을 데드 타임이 차지하고 있다. 모의시험 결과인 그림 \\(6\\)에서 볼 수 있듯이 데드 타임이 스위칭 주기에 비해 무시할 수 없을 정도로 커서 이 시간 동안 \\( i_{p} \\)가 \\( i_{m} \\)를 따라가지 못하고 \\(2\\)차측 다이오드에 있는 기생 캐패시터의 방전 전류에 의해서 \\(2\\)차측이 먼저 도통됨을 볼 수 있다. 이때 기존 \\( L_{m} \\)은 데드 타임 시작과 끝이 \\( i_{p}=i_{m} \\) 라고 가정하면 초기 전류 값으로부터 식 (\\(15\\))과 같이 나타난다.</p> <p>\\( i_{p\\left(t_{a}\\right)}=\\frac{n\\left(V_{o}+V_{D f}\\right) T_{s}}{4 L_{m}} \\)<caption>(\\(15\\))</caption></p> <p>하지만 고주파에서 \\( i_{p}=i_{m} \\)의 구간이 유지되지 못하고 식 (\\(16\\))로 나타난다.</p> <p>\\( i_{p}=i_{p}\\left(t_{a}\\right) \\cos w_{r 1}(t)+\\frac{V_{b}}{Z_{r 1}} \\sin w_{r 1}(t) \\)<caption>(\\(16\\))</caption></p> <p>따라서 데드 타임구간 동안 \\( i_{p}=i_{m} \\) 의 가정을 바탕으로 제시된 기존의 식 (\\(17\\))의 값으로 \\( L_{m} \\) 을 구하면 MOSFET 영전압 스위칭 조건을 만족하는 값보다 크게 벗어남을 보인다.</p> <p>이를 해결할 방법으로 식 (\\(18\\))을 제안한다.</p> <p>\\( \\frac{n\\left(V_{o}+V_{D f}\\right) t_{d t}}{L_{m}}\\left(T_{s, \\min }-2 t_{d t}\\right) \\geq 8 C_{s} V_{s} \\)<caption>(\\(18\\))</caption></p> <p>식 (\\(18\\))은 그림 \\(6\\)에서 보이듯이 \\(1\\)차측 전류와 자화 전류가 같아지는 \\( i_{p}=i_{m} \\) 구간부터 자화 전류 \\( i_{m} \\) 의 데드타임이 끝나는 지점까지의 양 끝 값을 직선으로 근사화하여 나타낸 것이고, 식 (\\(18\\))로부터 \\( L_{m} \\) 을 설계할 수 있는 식 (\\(19\\))을 유도할 수 있다.</p> <p>\\( L_{m} \\leq \\frac{n\\left(V_{o}+V_{D f}\\right) t_{d t}}{8 C_{s} V_{s}}\\left(T_{s, \\min }-2 t_{d t}\\right) \\)<caption>(\\(19\\))</caption></p> <p>결과적으로 식 (\\(19\\))을 사용하여 고주파 동작에서 MOSFET의 영전압 스위칭 동작을 확보할 수 있는 \\( L_{m} \\)을 설계할 수 있다.</p>",
                "context_length": 5074,
                "summary": "고주파 설계 시 \\( \\lambda \\)가 증가하면 부하의 주파수 변동범위가 작아져 출력 전압의 제어가 용이한데, 순환 전류가 작아져 전도손실을 주이는 데도 용이하다. 공진 시 이득의 첨예도를 나타내는 Q-factor는 \\( L_{r} / C_{r} \\)이 결정될 때 부하의 조건에 따라 이득 곡선이 바뀌는데 \\( \\lambda \\)의 크기에 따라 원하는 이득 범위를 가질 수 있는 최대의 부하를 알 수 있다. 컨버터의 전력밀도가 늘어나기 위해선 기존에 제시된 LLC 컨버터의 설계조건 이외에 고주파 LLC 컨버터를 설계해 캐패시터 크기가 줄어들어야하고, 변압기의 크기는 코어의 창면적(Cross-Sectional Area)에 의해 크기가 정해지고 패러데이 법칙에 의해 나타낸다. 전력밀도를 높이는데 효과적이지 않은 이유는 기존의 컨버터들이 출력 리플을 줄이기 위해 캐패시터의 용량을 키우는데 그 크기가 용량에 비례하여 증가하기 때문이다. ESR에 의한 전압 리플은 출력 전류에 비례해 일정하게 나오고, 캐패시턴스에 의한 전압 리플은 전류에 비례 주파수에 반비례하며 출력전류와 캐패시턴스가 일정하다고 가정하면 주파수가 올라감에 전압 리플의 영향은 점점 줄어들고, ESR에 의한 출력 리플이 주요해진다. ESR에 의한 출력 전압 리플이 고주파에서 주요 인자임을 확인할 수 있으며 주파수가 증가하면 캐패시턴스에 의한 리플 전압은 0으로 되고 전압 리플이 ESR에 비례하므로 고주파 LLC 컨버터에서 낮은 용량의 캐패시터를 사용해 컨버터 크기를 줄인다. 본 실험에서 고주파 동작에서 MOSFET의 영전압 스위치를 확보할 수 있는 컨버터의 출력 전압 제어는 데드 타임이 일정 범위로 정해진 아날로그 컨트롤러(STL65996599)를 사용해 설계한다.",
                "clue": [
                    {
                        "clue_text": "먼저 \\( \\lambda \\)가 증가하면 부하의 주파수 변동범위가 작아져 출력 전압의 제어가 용이하다. 뿐만 아니라 순환 전류가 작아져 전도손실을 줄이는 데도 용이하다.",
                        "clue_start": "162",
                        "clue_end": "256"
                    },
                    {
                        "clue_text": "하지만 공진 주파수에서 최대 이득간의 거리가 멀어져 부하의 변동에 따른 스위칭 주파수의 변화의 제어가 용이하지 않은 문제가 있다. 뿐만 아니라 \\( \\mathrm{L}_{r} \\)이 작아져 \\( \\lambda \\)의 값이 작아지면 순환전류도 커져 전도 손실이 증가한다.",
                        "clue_start": "398",
                        "clue_end": "548"
                    },
                    {
                        "clue_text": "위의 기존에 제시된 LLC 컨버터의 설계조건 이외에 고주파 LLC 컨버터를 설계하면 변압기와 출력단 캐패시터 크기가 줄어들면서 컨버터의 전력밀도가 늘어나는 장점을 가지게 된다. 먼저 변압기의 크기는 코어의 창면적(Cross-Sectional Area)에 의해 크기가 정해지고 이는 페러데이 법칙에 의해 식 (\\(10\\)), (\\(11\\))과 같이 나타난다.",
                        "clue_start": "708",
                        "clue_end": "907"
                    },
                    {
                        "clue_text": "기존의 컨버터들의 경우 출력 리플을 줄이기 위하여 캐패시터의 용량을 키우는 방법을 사용하였는데, 캐패시터는 용량에 비례하여 그 크기가 증가하므로 단순히 캐패시터의 용량을 키우는 것은 전력밀도를 높이는데 효과적인 방법이 아니다.",
                        "clue_start": "2699",
                        "clue_end": "2825"
                    },
                    {
                        "clue_text": "본 실험에서 \\( 500 \\mathrm{kHz} \\)컨버터의 출력 전압 제어는 데드 타임이 일정 범위로 정해진 아날로그 컨트롤러(STL\\(6599\\))를 사용하여 설계하였다.",
                        "clue_start": "3527",
                        "clue_end": "3624"
                    }
                ],
                "terminology": [
                    {
                        "word": "Area"
                    },
                    {
                        "word": "ESR"
                    },
                    {
                        "word": "LLC"
                    },
                    {
                        "word": "LLC 컨버터"
                    },
                    {
                        "word": "MOSFET"
                    },
                    {
                        "word": "MOSFET 영전압 스위칭 조건"
                    },
                    {
                        "word": "Q-factor"
                    },
                    {
                        "word": "Resistance"
                    },
                    {
                        "word": "Series"
                    },
                    {
                        "word": "Series Resistance"
                    },
                    {
                        "word": "Soft Switching"
                    },
                    {
                        "word": "Switching"
                    },
                    {
                        "word": "고주파"
                    },
                    {
                        "word": "고주파 LLC 컨버터"
                    },
                    {
                        "word": "고주파 동작"
                    },
                    {
                        "word": "공극 길이"
                    },
                    {
                        "word": "공진 주파수"
                    },
                    {
                        "word": "기생 캐패시터"
                    },
                    {
                        "word": "누설 및 자속 인덕턴스"
                    },
                    {
                        "word": "다이오드"
                    },
                    {
                        "word": "데드타임"
                    },
                    {
                        "word": "리플 전압"
                    },
                    {
                        "word": "변압기"
                    },
                    {
                        "word": "변압기 코어"
                    },
                    {
                        "word": "상관관계"
                    },
                    {
                        "word": "순환 전류"
                    },
                    {
                        "word": "스위칭"
                    },
                    {
                        "word": "스위칭 조건"
                    },
                    {
                        "word": "스위칭 주기"
                    },
                    {
                        "word": "스위칭 주파수"
                    },
                    {
                        "word": "영전압"
                    },
                    {
                        "word": "영전압 스위칭"
                    },
                    {
                        "word": "영전압 스위칭 동작"
                    },
                    {
                        "word": "영전압 스위칭 조건"
                    },
                    {
                        "word": "이득 곡선"
                    },
                    {
                        "word": "이득범위"
                    },
                    {
                        "word": "인덕턴스"
                    },
                    {
                        "word": "입력전압, 듀티, 스위칭 주기"
                    },
                    {
                        "word": "자속"
                    },
                    {
                        "word": "자속밀도"
                    },
                    {
                        "word": "자화"
                    },
                    {
                        "word": "자화 인덕턴스"
                    },
                    {
                        "word": "자화 전류"
                    },
                    {
                        "word": "전도"
                    },
                    {
                        "word": "전도손실"
                    },
                    {
                        "word": "전력밀도"
                    },
                    {
                        "word": "전류"
                    },
                    {
                        "word": "전압 리플"
                    },
                    {
                        "word": "제어기"
                    },
                    {
                        "word": "주파수"
                    },
                    {
                        "word": "진공"
                    },
                    {
                        "word": "진공 투자율"
                    },
                    {
                        "word": "차측 다이오드"
                    },
                    {
                        "word": "창면적"
                    },
                    {
                        "word": "첨예도"
                    },
                    {
                        "word": "최대자속밀도"
                    },
                    {
                        "word": "출력 리플"
                    },
                    {
                        "word": "출력 전압 제어"
                    },
                    {
                        "word": "출력 캐패시턴스"
                    },
                    {
                        "word": "출력단 캐패시터"
                    },
                    {
                        "word": "출력전류"
                    },
                    {
                        "word": "출력전류, ESR, 출력 캐패시턴스"
                    },
                    {
                        "word": "출력전압"
                    },
                    {
                        "word": "출력전압 리플"
                    },
                    {
                        "word": "캐패시터"
                    },
                    {
                        "word": "컨버터"
                    },
                    {
                        "word": "컨버터의 출력 전압"
                    },
                    {
                        "word": "코어의 창면적"
                    },
                    {
                        "word": "페러데이 법칙"
                    }
                ]
            }
        ]
    }
}