{
    "dataset_info": {
        "identifier": "02-031-002-NL",
        "name": "기술과학 문서 요약 데이터",
        "category": "자연어",
        "last_updated": "2023-08-30"
    },
    "dataset": {
        "doc_id": "034b7f4e-6270f4a3-66e1-4fc8-ba2c-d280bb8b2901",
        "doc_type": "논문",
        "doc_title": {
            "kor": "넓은 영전압 스위칭 범위를 갖는 대화면 PDP용 유지전원단을 위한 고효율 전력 변환회로",
            "eng": ""
        },
        "doc_category": {
            "KDC": "560.5",
            "DDC": ""
        },
        "doc_number": {
            "ISSN": "1229-2214",
            "ISBN": "",
            "DOI": "",
            "UCI": ""
        },
        "doc_year": "2005",
        "doc_author": [
            "박경화",
            "문건우"
        ],
        "doc_publisher": "전력전자학회",
        "doc_license": "CC BY-NC",
        "context_info": [
            {
                "context_id": "55e-0c9-5cfd9e5e-af18-4193-987b-155f270689d1",
                "context_K-NSCC": {
                    "field": "인공물",
                    "large_category": "ED",
                    "medium_category": "05"
                },
                "context": "<h1>1. 서 론</h1> <p>\\( \\mathrm{PDP} \\) TV는 큰 화면사이즈와 얇은 두께, 그리고 넓은 시야각 등의 이점을 가지고 있기 때문에 평판디스플레이패널 시장에서 각광을 받고 있다. 현재에는 \\( 42^{\\prime \\prime} \\) PDP가 주류를 이루고 있지만 최근 백화점이나 공연장 등의 공공장스에서 많이 이용됨에 따라 큰 화면 사이즈의 PDP 수요가 증가할 것이다. 그리고 부품수의 감소와 공정 과정의 간소화에 따른 가격하락이 이 러한 추세를 더욱 가속화 시킬 것이라고 예상된다.</p> <p>이러한 \\( \\mathrm{PDP} \\) 는 그림 1 과 같은 구조를 가지고 있다. 그 중, \\( \\mathrm{PDP} \\) 유지전원단의 경우 높은 전력을 소비하며 낮은 Profile과 높은 효율을 가져야 한다는 제약이 있다. 더군다나 화면의 계조를 표현하기 위해, \\( \\mathrm{ADS} \\) (Address Display-period Separation) 방식을 채택하는 \\( \\mathrm{PDP} \\) 의 경우 sustain 구간 동안에서만 많은 전류를 공급하기 때문에 유지전원단의 출력 측에서 보면 full 부하 상태와 경 부하 상태가 반복되는 맥동성의 부하 조건을 가지게 됨을 알 수 있다.</p> <p>그림 2 에 유지전원단의 출력 전류를 나타내있는데 이 그림을 통해 알 수 있듯이 전류가 맥동하기 때문에 전류가 많이 흐르는 동안에 는 스위치의 \\( 2 \\mathrm{VS} \\) 가 부하전류에 의해 잘 이루어지지만 전류가 작은 상태에서는 ZVS가 잘 이루어지지 않게 된다.</p> <p>\\( \\mathrm{PDP} \\) 의 경우 \\( \\mathrm{LCD} \\) 와는 달리 자체 발광을 하기 때문에 패널 자체에서 열이 많이 발생한다. 따라서 유지전원단의 하드 스위칭에 의한 열은 전원회로의 신뢰성에 심각한 영향을 끼친다. 따라서 낮은 부하 상황에서까지 \\( Z \\mathrm{VS} \\) 동작을 확보 할 수 있도록 하는 것이 \\( \\mathrm{PDP} \\) 의 성능과 효율을 향상시키는 데에 매우 중요하다는 것을 알 수 있다. 본 논문에서는 넓은 \\( \\mathrm{ZVS} \\) 영역을 가지도록 부가적인 회로가 추가된 대화면용 PDP 유지전원단 회로를 제안하여 하드 스위칭에 의한 발열 문제를 해결하고 효율을 개선하고자한다.</p> <h1>2. 기존의 유지전원단 회로의 분석</h1> <h2>2.1 Voltage Doubler Rectifier를 사용하는 PSFB 컨버터</h2> <p>기존의 \\( 60^{\\prime \\prime} \\mathrm{PDP} \\) 영 유지전원단을 위해 개발된 회로는 그림 3 과 같이 phase shift full bridge cell을 입력단으로 사용하고 rectifier는 voltage doubler를 사용하는 구조를 가지고 있다.</p> <p>이 회로의 경우 출력측의 인덕터가 제거된 형태로 매우 간단한 구조를 보이고 rectifier의 전압이 출력 전압인 \\( \\mathrm{V}_{0} \\) 로 제한되어지기 때문에 인덕터가 있는 기존의 풀 브리지 정류기에서 발생하던 심각한 전압 ringing 현상이 발생하지 않는다는 장점을 가진다. 또한 자화 인덕터의 전류 offset 또한 0이라는 장점이 있다. 그렇지만 이 회로의 경우 자화 전류로 스위치의 ZVS를 보장하려고 했기 때문에, 경 부하 조건에서 까지 ZVS를 확보하기 위해서는 큰 자화 전류를 가져야 하고 이를 위해 작은 자화 인덕터를 사용할 경우 큰 도통손실이 발생하기 때문에 회로의 효율은 떨어지게 된다. 따라서 이를 보완하기 위해 낮은 부하에서는 하드 스위칭을 하도록 설계할 수밖에 없게 된다. 이런 이유 때문에 맥동성의 부하 특성을 갖는 \\( \\mathrm{PDP} \\) 의 경우 하드 스위칭에 의해 시스템의 효율이 낮아지고 패널의 뒷면에서 매우 높은 열이 발생하게 된다.</p> <p>따라서 본 논문에서는 \\( 200 \\mathrm{~V} \\) 가 넘는 \\( \\mathrm{PDP} \\) 의 높은 출력전압 특성에도 불기하고 다이오드의 전압내압을 낮추기 위해서 2 차측 다이오드의 전압 ringing이 없으면서 낮은 부하 상황까지도 ZVS가 보장되는 \\( 60^{\\prime \\prime} \\mathrm{PDP} \\) 유지전원단을 제안함으로써 효율을 높이고 패널의 열문제를 최소화 할 수 있는 회로를 검증하고자 한다.</p>",
                "context_length": 2168,
                "summary": "얇은 두께, 넓은 시야각과 큰 화면을 가진 \\( \\mathrm{PDP} \\) TV는 평판디스플레이패널 시장에서 주목받고 있는데, \\( \\mathrm{PDP} \\) 유지전원단에는 높은 전력으로 낮은 Profile을 지닌다는 단점이 있다. 본 논문에서는 입력단으로 phase shift full bridge cell을, voltage doubler를 rectifier로 활용하는 기존 회로에서의 하드 스위칭으로 인한 발열 문제와 낮은 효율 문제를 해결하고자 \\( \\mathrm{PDP} \\)의 큰 출력전압을 고려하며 ZVS가 보장되는 \\( 60^{\\prime \\prime} \\mathrm{PDP} \\) 유지전원단을 고안하여 부가 회로가 더해진 PDP 유지전원단 회로를 검증한다.",
                "clue": [
                    {
                        "clue_text": "\\( \\mathrm{PDP} \\) TV는 큰 화면사이즈와 얇은 두께, 그리고 넓은 시야각 등의 이점을 가지고 있기 때문에 평판디스플레이패널 시장에서 각광을 받고 있다.",
                        "clue_start": "19",
                        "clue_end": "112"
                    },
                    {
                        "clue_text": "그 중, \\( \\mathrm{PDP} \\) 유지전원단의 경우 높은 전력을 소비하며 낮은 Profile과 높은 효율을 가져야 한다는 제약이 있다.",
                        "clue_start": "339",
                        "clue_end": "419"
                    },
                    {
                        "clue_text": "본 논문에서는 넓은 \\( \\mathrm{ZVS} \\) 영역을 가지도록 부가적인 회로가 추가된 대화면용 PDP 유지전원단 회로를 제안하여 하드 스위칭에 의한 발열 문제를 해결하고 효율을 개선하고자한다.",
                        "clue_start": "1048",
                        "clue_end": "1159"
                    },
                    {
                        "clue_text": "기존의 \\( 60^{\\prime \\prime} \\mathrm{PDP} \\) 영 유지전원단을 위해 개발된 회로는 그림 3 과 같이 phase shift full bridge cell을 입력단으로 사용하고 rectifier는 voltage doubler를 사용하는 구조를 가지고 있다.",
                        "clue_start": "1250",
                        "clue_end": "1407"
                    },
                    {
                        "clue_text": "따라서 본 논문에서는 \\( 200 \\mathrm{~V} \\) 가 넘는 \\( \\mathrm{PDP} \\) 의 높은 출력전압 특성에도 불기하고 다이오드의 전압내압을 낮추기 위해서 2 차측 다이오드의 전압 ringing이 없으면서 낮은 부하 상황까지도 ZVS가 보장되는 \\( 60^{\\prime \\prime} \\mathrm{PDP} \\) 유지전원단을 제안함으로써 효율을 높이고 패널의 열문제를 최소화 할 수 있는 회로를 검증하고자 한다.",
                        "clue_start": "1923",
                        "clue_end": "2164"
                    }
                ],
                "terminology": [
                    {
                        "word": "Doubler"
                    },
                    {
                        "word": "PDP"
                    },
                    {
                        "word": "PDP 유지전원단"
                    },
                    {
                        "word": "PDP 유지전원단 회로"
                    },
                    {
                        "word": "PSFB"
                    },
                    {
                        "word": "PSFB 컨버터"
                    },
                    {
                        "word": "Rectifier"
                    },
                    {
                        "word": "Separation"
                    },
                    {
                        "word": "Voltage Doubler Rectifier"
                    },
                    {
                        "word": "ZVS"
                    },
                    {
                        "word": "bridge"
                    },
                    {
                        "word": "cell"
                    },
                    {
                        "word": "full bridge"
                    },
                    {
                        "word": "full 부하"
                    },
                    {
                        "word": "offset"
                    },
                    {
                        "word": "phase shift"
                    },
                    {
                        "word": "phase shift full bridge"
                    },
                    {
                        "word": "phase shift full bridge cell"
                    },
                    {
                        "word": "ringing"
                    },
                    {
                        "word": "ringing 현상"
                    },
                    {
                        "word": "shift"
                    },
                    {
                        "word": "sustain"
                    },
                    {
                        "word": "sustain 구간"
                    },
                    {
                        "word": "voltage doubler"
                    },
                    {
                        "word": "경 부하"
                    },
                    {
                        "word": "다이오드"
                    },
                    {
                        "word": "다이오드의 전압내압"
                    },
                    {
                        "word": "대화면용 PDP 유지전원단 회로"
                    },
                    {
                        "word": "도통손실"
                    },
                    {
                        "word": "맥동"
                    },
                    {
                        "word": "맥동성"
                    },
                    {
                        "word": "부가적인"
                    },
                    {
                        "word": "부가적인 회로"
                    },
                    {
                        "word": "부하 상태"
                    },
                    {
                        "word": "부하 특성"
                    },
                    {
                        "word": "부하전류"
                    },
                    {
                        "word": "브리지 정류기"
                    },
                    {
                        "word": "스위치"
                    },
                    {
                        "word": "스위칭"
                    },
                    {
                        "word": "신뢰성"
                    },
                    {
                        "word": "열문제"
                    },
                    {
                        "word": "유지전원단"
                    },
                    {
                        "word": "인덕터"
                    },
                    {
                        "word": "자체 발광"
                    },
                    {
                        "word": "자화"
                    },
                    {
                        "word": "자화 인덕터"
                    },
                    {
                        "word": "자화 전류"
                    },
                    {
                        "word": "전류"
                    },
                    {
                        "word": "전류 offset"
                    },
                    {
                        "word": "전압 ringing"
                    },
                    {
                        "word": "전원회로"
                    },
                    {
                        "word": "정류기"
                    },
                    {
                        "word": "차측 다이오드"
                    },
                    {
                        "word": "출력전압"
                    },
                    {
                        "word": "출력전압 특성"
                    },
                    {
                        "word": "컨버터"
                    },
                    {
                        "word": "평판디스플레이패널"
                    },
                    {
                        "word": "풀 브리지"
                    },
                    {
                        "word": "풀 브리지 정류기"
                    },
                    {
                        "word": "하드 스위칭"
                    },
                    {
                        "word": "회로"
                    }
                ]
            },
            {
                "context_id": "55e-0c9-d067b9dc-1353-4ce2-808f-632d7441848e",
                "context_K-NSCC": {
                    "field": "인공물",
                    "large_category": "ED",
                    "medium_category": "05"
                },
                "context": "<h1>3. 넓은 영전압 스위칭 영역을 가지는 60\" PDP용 유지전원단 회로</h1> <h2>\\( 3.1 \\) 회로 구조</h2> <p>다음의 그림 4는 \\( 60^{\\prime \\prime} \\) 용 PDP 유지선원단 회로의 회로도를 나타낸 것이다. 낮은 부하까지 ZVS를 확보하기 위해서 부가적으로 인덕터와 커패시터로 구성된 ZVS tank를 추가적으로 삽입하였다. 그리고 \\( 1 \\mathrm{~kW} \\) 급의 높은 진력 사양이기 때문에 2 단의 하프 브리지 cell을 병렬로 연결하여 입력측 회로로 사용하였고 \\( 200 \\mathrm{~V} \\) 가 넘는 높은 출력전압을 가지는 사양이기 때문에 전압 ringing을 줄이기 위해서 출력 인덕터가 없는 voltage doubler cell을 사용하였다.</p> <p>ZVS tank에 부가적으로 추가된 커패시터는 ZVS 인덕터의 volt sec. balance를 만족시켜주기 위한 것이다.</p> <h2>\\( 3.2 \\) 여러 가지 구동 신호</h2> <p>제안된 회로의 경우 스위치의 구동방법에 따라서 ZVS \\( \\operatorname{tank} \\) 의 전류파형이 달라진다. 따라서 2 가지 구동 방법을 제안하는데 각각의 방법과 ZVS tank의 전압과 전류 파형을 그림 5에 나타내었다. Method 1은 스위치 \\( \\mathrm{Q}_{\\mathrm{A} 1} \\) 과 \\( \\mathrm{Q}_{\\mathrm{M} 2} 2 \\) 에 \\( 1-\\mathrm{D} \\) 의 duty를 \\( \\mathrm{Q}_{\\mathrm{A} 2} \\) 와 \\( \\mathrm{Q}_{\\mathrm{M} 1} \\) 에 \\( \\mathrm{D} \\) 의 duty를 인가시킨다. Method 2 는 Method 1 의 각각의 하프브리지 단의 구동신호가 \\( 180^{\\circ} \\) 의 위상차를 가지도록 함으로써 얻어진다. 그리고 Lzvs의 volt-sec. balance를 맞춰주기 위해 부가적인 커패시터 CZvs가 사용되었다. 스위치가 꺼질 때 생성되는 전류에 의해 스위치의 ZVS가 이루어지게 된다.</p> <h2>\\( 3.3 \\) 모드 해석</h2> <p>제안된 컨버터의 동작을 설명하기위해서 6 개의 mode로 나누어 설명하겠다. 설명을 돕기 위해서 그림 6 에는 각 mode별 전류 도퉁 경로를 도시하였고, 그림 7 에는 각 mode별 주요 파형을 나타내었다. 제안된 회로에서 mode \\( 1 \\sim \\) mode 3과 mode \\( 4 \\sim \\) mode 6 의 과정은 대칭적으로 이루어지며 mode \\( 1 \\sim \\) mode 6 의 과정이 끝나면 다시 mode 1 부터의 과정을 반복하게 된다. Method 1 과 2 의 주요 파형은 비슷하게 나타나므로 Driving Method 1에 대해서만 해석을 하였다.</p> <p>Mode \\( 1\\left(\\mathrm{t}_{0} \\sim \\mathrm{t}_{1}\\right): \\) Mode 1 은 2 차측 다이오드의 Commutation이 끝난 후부터 시작된다. 스위치 \\( \\mathrm{Q}_{\\mathrm{M} 1} \\) 과 \\( \\mathrm{Q}_{\\mathrm{A} 2} \\) 가 커셔 있으므로 \\( \\mathrm{ZVS} \\operatorname{tank} \\) 에 \\( -\\mathrm{V}_{\\mathrm{in}} \\) 의 전압이 걸리게 되어 ZVS tank의 전류가 감소하게 된다. 이때 \\( \\mathrm{L}_{\\mathrm{k} k 1} \\), \\( \\mathrm{C}_{\\mathrm{r} 1}, \\mathrm{C}_{1} \\) 그리고 \\( \\mathrm{L}_{\\mathrm{k} 2}, \\mathrm{C}_{\\mathrm{r} 2}, \\mathrm{C}_{2} \\) 가 각각 공진하여 그림 7 의 \\( \\mathrm{i}_{L k k}, \\mathrm{i}_{L k 2} \\) 파형과 같이 전류가 곡선형으로 증가한다.</p> <p>Mode \\( 2\\left(\\mathrm{t}_{1} \\sim \\mathrm{t}_{2}\\right) \\) : Mode 2 는 스위치 \\( \\mathrm{Q}_{\\mathrm{M} 1} \\) 과 \\( \\mathrm{Q}_{\\mathrm{A} 2} \\) 가 꺼지는 순간 시작되는데, 이때 ZVS tank와 \\( \\mathrm{L}_{1 k}, \\mathrm{~L}_{\\mathrm{k} 2} \\) 에 축적된 에너지가 스위치의 출럭 커패시터를 충전, 방전시킨다. 따라서 \\( \\mathrm{Q}_{\\mathrm{A} 1} \\) 과 \\( \\mathrm{Q}_{\\mathrm{M} 2} \\) 의 전압은 \\( \\mathrm{V}_{\\text {in }} \\) 에서 0 으로 증가하고 \\( \\mathrm{Q}_{\\mathrm{M} 1} \\) 과 \\( \\mathrm{Q}_{\\mathrm{A} 2} \\) 의 전않은 \\( \\mathrm{V}_{\\text {in }} \\) 에서 0 으로 감소한다. 커패시터의 충전, 방전이 완료되면 Mode 3이 시작된다.</p> <p>Mode \\( 3\\left(t_{2} \\cdots t_{3}\\right) \\) : 스위치 output 커패시터의 충전, 방전이 완료 되었으므로 전류는 스위치 \\( \\mathrm{Q}_{\\mathrm{A} 1} \\) 과 \\( \\mathrm{Q}_{\\mathrm{M} 2} \\) 를 통해서 흐르게 된다. 이때 누설 인덕터인 \\( \\mathrm{L}_{1 \\mathrm{k} 1}, \\mathrm{~L}_{112} \\) 에 큰 전압이 걸리게 되므로 \\( \\mathrm{L}_{\\mathrm{k} k}, \\mathrm{~L}_{\\mathrm{jk} 2} \\) 의 전류가 급격하게 감소하게 된다. 이렇게 감소하는 전류가 자화전류와 만나면 2차측 다이오드의 commutation이 시작되므로 \\( \\mathrm{D}_{1}, \\mathrm{D}_{4} \\) 의 전압은 \\( \\mathrm{V}_{0} \\) 에서 0 으로 떨어지게 되되 \\( \\mathrm{D}_{2}, \\mathrm{D}_{3} \\) 의 전압은 ()에서 \\( \\mathrm{V}_{\\mathrm{O}} \\) 로 상승하게 된다. diode의 commutation이 완료되면 Mode 3이 끝나게 된다.</p> <p>Mode \\( 1 \\sim \\) mode 3 과 mode 4 mode 6 의 과정은 대칭적으로 이루어지며 mode \\( 1 \\sim \\) mode 6 의 과정이 끝나면 다시 mode 1부티의 과정을 반복하게 된다.</p>",
                "context_length": 3213,
                "summary": "낮은 부하까지 ZVS를 확보하기 위해서 부가적으로 인덕터와 커패시터로 구성된 ZVS tank를 추가적으로 삽입하였으며 \\( 1 \\mathrm{~kW} \\) 급의 높은 진력 사양이기 때문에 2 단의 하프 브리지 cell을 병렬로 연결하여 입력측 회로로 사용하였고 \\( 200 \\mathrm{~V} \\) 가 넘는 높은 출력전압을 가지는 사양이기 때문에 전압 ringing을 줄이기 위해서 출력 인덕터가 없는 voltage doubler cell을 사용하였다. Lzvs의 volt-sec. balance를 맞춰주기 위해 부가적인 커패시터 CZvs가 사용되었으며 스위치가 꺼질 때 생성되는 전류에 의해 스위치의 ZVS가 이루어지게 된다.",
                "clue": [
                    {
                        "clue_text": "낮은 부하까지 ZVS를 확보하기 위해서 부가적으로 인덕터와 커패시터로 구성된 ZVS tank를 추가적으로 삽입하였다.",
                        "clue_start": "142",
                        "clue_end": "207"
                    },
                    {
                        "clue_text": "그리고 \\( 1 \\mathrm{~kW} \\) 급의 높은 진력 사양이기 때문에 2 단의 하프 브리지 cell을 병렬로 연결하여 입력측 회로로 사용하였고 \\( 200 \\mathrm{~V} \\) 가 넘는 높은 출력전압을 가지는 사양이기 때문에 전압 ringing을 줄이기 위해서 출력 인덕터가 없는 voltage doubler cell을 사용하였다.",
                        "clue_start": "208",
                        "clue_end": "400"
                    },
                    {
                        "clue_text": "그리고 Lzvs의 volt-sec. balance를 맞춰주기 위해 부가적인 커패시터 CZvs가 사용되었다.",
                        "clue_start": "942",
                        "clue_end": "1001"
                    },
                    {
                        "clue_text": "스위치가 꺼질 때 생성되는 전류에 의해 스위치의 ZVS가 이루어지게 된다.",
                        "clue_start": "1002",
                        "clue_end": "1043"
                    }
                ],
                "terminology": [
                    {
                        "word": "CZvs"
                    },
                    {
                        "word": "Commutation"
                    },
                    {
                        "word": "Driving"
                    },
                    {
                        "word": "PDP"
                    },
                    {
                        "word": "ZVS"
                    },
                    {
                        "word": "ZVS tank"
                    },
                    {
                        "word": "cell"
                    },
                    {
                        "word": "diode"
                    },
                    {
                        "word": "doubler"
                    },
                    {
                        "word": "duty"
                    },
                    {
                        "word": "output"
                    },
                    {
                        "word": "ringing"
                    },
                    {
                        "word": "tank"
                    },
                    {
                        "word": "volt"
                    },
                    {
                        "word": "volt sec. balance"
                    },
                    {
                        "word": "voltage doubler"
                    },
                    {
                        "word": "voltage doubler cell"
                    },
                    {
                        "word": "구동신호"
                    },
                    {
                        "word": "다이오드"
                    },
                    {
                        "word": "부가적인"
                    },
                    {
                        "word": "스위치"
                    },
                    {
                        "word": "스위칭"
                    },
                    {
                        "word": "스위칭 영역"
                    },
                    {
                        "word": "영전압"
                    },
                    {
                        "word": "영전압 스위칭"
                    },
                    {
                        "word": "영전압 스위칭 영역"
                    },
                    {
                        "word": "위상차"
                    },
                    {
                        "word": "유지전원단"
                    },
                    {
                        "word": "인덕터"
                    },
                    {
                        "word": "인덕터와 커패시터"
                    },
                    {
                        "word": "전류"
                    },
                    {
                        "word": "전류파형"
                    },
                    {
                        "word": "전압 ringing"
                    },
                    {
                        "word": "차측 다이오드"
                    },
                    {
                        "word": "출력 인덕터"
                    },
                    {
                        "word": "출력전압"
                    },
                    {
                        "word": "커패시터"
                    },
                    {
                        "word": "컨버터"
                    },
                    {
                        "word": "파형"
                    },
                    {
                        "word": "하프 브리지 cell"
                    },
                    {
                        "word": "하프브리지"
                    },
                    {
                        "word": "하프브리지 단"
                    },
                    {
                        "word": "회로"
                    },
                    {
                        "word": "회로 구조"
                    },
                    {
                        "word": "회로도"
                    }
                ]
            },
            {
                "context_id": "55e-0c9-9f7f3710-8749-4971-80c5-5a7eacbe27e8",
                "context_K-NSCC": {
                    "field": "인공물",
                    "large_category": "ED",
                    "medium_category": "05"
                },
                "context": "<h2>3.6 ZVS Tank의 전류 분석</h2> <p>Method 1과 2에 대해서 ZVS tank에 흐르는 전류의 peak 값을 구해보면 식 (4)와 (5)를 얻을 수 있다. 따라서 이 식들을 통해 \\( 10 \\% \\) 부하에서까지 ZVS가 이루어지도록 Lzvs 값을 설계할 수 있다. 이와 같은 방법으로 계산한 \\( \\mathrm{L}_{Z V S} \\) 의 값으로 duty에 대한 ZVS tank의 peak 전류값을 , 그래프로 나타내어 보면 그림 10 을 얻을 수 있는데, 경부하 근처에서는 ZVS에 필요한 전류 값이 비슷하나 full 부하로 갈수록 Method 2 의 ZVS tank 최대 전류값이 Method 1 보다 작아지므로 도통 손실이 감소하여 더 좋은 효율을 얻을 수 있으리라 예상된다.</p> <p>\\( i_{Z V S, p e a k 1}=\\frac{\\Delta i_{Z V S, 1}}{2}=\\frac{D(1-D)}{L_{Z V S, 1}} T_{S} V_{i n} \\)<caption>(4)</caption></p> <p>\\( i_{\\text {ZVS,peak } 2}=\\frac{\\Delta i_{\\text {ZVS }, 2}}{2}=\\frac{D(1-2 D)}{L_{Z V S, 2}} T_{S} V_{\\text {in }} \\)<caption>(5)</caption></p> <h1>4. 실험 결과</h1> <p>제안된 회로의 타당성을 입증하기 위해 \\( 900 \\mathrm{~W} \\) 급 PDP 유지전원단의 prototype을 제작하여 실험하였다. 표 2 와 3 에 각각 실험을 위한 조건과 실험에 사용된 소자들의 사양을 나타내었다. 동작주파수는 기존의 회로와 같은 \\( 68 \\mathrm{kHz} \\) 이다.</p> <p>그림 11은 부하에 따른 ZVS tank의 전압과 전류를 나타낸 것이다. Method 1 의 경우 full 부하 상태에서 전류의 최대값이 \\( 2 \\mathrm{~A} \\) 정도이지만 Method 2 의 경우는 \\( 1 \\mathrm{~A} \\) 정도 이므로 Method 2 의 경우가 1 의 경우에 비해 도통 손실이 더 작으리라는 것을 예상할 수 있다. 부하가 작은 경우에 대해서는 비슷한 전류 최댓값을 가짐을 확인할 수 있다.</p> <p>그림 12 는 하프 브리지 컨버터에서 ZVS 조건이 가장 열악한 주 스위치의 \\( 10 \\% \\) 부하 상태에서의 \\( \\mathrm{ZVS} \\) 파형을 나타낸 그림이다. ZVS tank가 없을 때에는 하드 스위칭을 하지만, ZVS \\( \\operatorname{tank} \\) 가 추가된 경우에는 모든 Method에 대해서 \\( \\mathrm{ZVS} \\) 가 이루어짐을 알 수 있다.</p> <p>따라서 제안된 60\"용 PDP 유지전원단 회로는 \\( 10 \\% \\) 부하에서 full 부하까지 넓은 ZVS 영역을 가지므로 전류가 맥동하는 PDP의 부하 특성 하에서도 높은 효율을 보일 것이고 하드 스위칭에 의한 열 문제를 최소화할 수 있다.</p> <p>그림 13에 제안된 컨버터의 Method 1과 2 에 대해서 효율을 측정한 그래프를 나타내었다. 예상한대로 Method 2의 도통 손실이 더 작기 때문에 Method 1에 비해 더 높은 효율을 얻을 수 있음을 알 수 있다.</p> <p>기존의 voltage doubler rectifier를 갖는 \\( \\mathrm{PSFB} \\) 와 ZVS \\( \\operatorname{tank} \\) 가 달려있지 않은 제안된 컨버터의 효율, 그리고 제안된 컨버터 중 Method 2의 효율 그래프를 그림 14에 나타내었다. full 부하상황에서는 기존의 컨버터들과 제안된 컨버터의 효율차이가 미비하였지만, 경 부하로 갈수록 기존의 컨버터들이 ZVS되지 않는 반면, 제안된 컨버터는 \\( 10 \\% \\) 부하에서도 \\( \\mathrm{ZVS} \\)가 이루어지므로 제안된 컨버터의 효율이 더 높아짐을 확인할 수 있다.</p>",
                "context_length": 1946,
                "summary": "본 연구에서는 주어진 수식들을 이용해 \\(10\\%\\) 부하 시점에서 ZVS가 가능하도록 Lzvs 값을 결정하였다. 이 값이 적용된 60\"용 PDP 유지전원단 회로는 \\(10\\%\\) 부하에서 최대 부하까지 ZVS를 유지하는 폭넓은 영역을 보유하며, 이는 PDP의 전류가 맥동하는 부하 특성 하에서도 높은 효율을 담보하며 하드 스위칭으로 인한 열 문제를 축소하는데 기여한다. 이러한 이론적 접근의 타당성을 입증하기 위해, \\(900\\mathrm{~W}\\) 등급의 PDP 유지전원단 프로토타입을 제작하여 실험하였다.",
                "clue": [
                    {
                        "clue_text": "따라서 이 식들을 통해 \\( 10 \\% \\) 부하에서까지 ZVS가 이루어지도록 Lzvs 값을 설계할 수 있다.",
                        "clue_start": "101",
                        "clue_end": "162"
                    },
                    {
                        "clue_text": "제안된 회로의 타당성을 입증하기 위해 \\( 900 \\mathrm{~W} \\) 급 PDP 유지전원단의 prototype을 제작하여 실험하였다.",
                        "clue_start": "698",
                        "clue_end": "776"
                    },
                    {
                        "clue_text": "따라서 제안된 60\"용 PDP 유지전원단 회로는 \\( 10 \\% \\) 부하에서 full 부하까지 넓은 ZVS 영역을 가지므로 전류가 맥동하는 PDP의 부하 특성 하에서도 높은 효율을 보일 것이고 하드 스위칭에 의한 열 문제를 최소화할 수 있다.",
                        "clue_start": "1349",
                        "clue_end": "1485"
                    }
                ],
                "terminology": [
                    {
                        "word": "PDP"
                    },
                    {
                        "word": "PDP 유지전원단"
                    },
                    {
                        "word": "PDP 유지전원단 회로"
                    },
                    {
                        "word": "PDP의 부하 특성"
                    },
                    {
                        "word": "ZVS"
                    },
                    {
                        "word": "ZVS tank"
                    },
                    {
                        "word": "ZVS 영역"
                    },
                    {
                        "word": "ZVS 조건"
                    },
                    {
                        "word": "doubler"
                    },
                    {
                        "word": "duty"
                    },
                    {
                        "word": "full 부하"
                    },
                    {
                        "word": "peak"
                    },
                    {
                        "word": "prototype"
                    },
                    {
                        "word": "prototype을 제작"
                    },
                    {
                        "word": "rectifier"
                    },
                    {
                        "word": "tank"
                    },
                    {
                        "word": "voltage doubler"
                    },
                    {
                        "word": "voltage doubler rectifier"
                    },
                    {
                        "word": "경 부하"
                    },
                    {
                        "word": "도통 손실"
                    },
                    {
                        "word": "동작주파수"
                    },
                    {
                        "word": "맥동"
                    },
                    {
                        "word": "부하 상태"
                    },
                    {
                        "word": "부하 특성"
                    },
                    {
                        "word": "부하상황"
                    },
                    {
                        "word": "브리지 컨버터"
                    },
                    {
                        "word": "스위치"
                    },
                    {
                        "word": "스위칭"
                    },
                    {
                        "word": "열 문제"
                    },
                    {
                        "word": "유지전원단"
                    },
                    {
                        "word": "전류"
                    },
                    {
                        "word": "전류 분석"
                    },
                    {
                        "word": "최댓값"
                    },
                    {
                        "word": "컨버터"
                    },
                    {
                        "word": "파형"
                    },
                    {
                        "word": "하드 스위칭"
                    },
                    {
                        "word": "하프 브리지"
                    },
                    {
                        "word": "하프 브리지 컨버터"
                    },
                    {
                        "word": "회로"
                    }
                ]
            },
            {
                "context_id": "55e-0c9-8aa853a7-c58a-421d-a7cb-33e6ad000827",
                "context_K-NSCC": {
                    "field": "인공물",
                    "large_category": "ED",
                    "medium_category": "05"
                },
                "context": "<h1>5. 비교 실험</h1> <p>제안된 회로는 넓은 영전압 스위칭 영역이 보장되므로 기존의 컨버터들의 농작 주파수인 \\( 68 \\mathrm{kHz} \\) 보다 높은 주파수에서 동작시키더라노 스위칭 손실이 적기 때문에 기존의 voltage doubler rectifier를 사용한 PSFB 컨버터보다 효율면에서 더욱 유리할 것이다. 그리고 높은 스위칭 주파수에서 동작시킴으로써 회로에 사용되는 소자의 크기와 제작비용을 절감 할 수 있다.</p> <p>따라서 표 4의 사양을 가지는 소자들을 사용하여 구동 주파수를 \\( 200 \\mathrm{kHz} \\) 로 높여 실험하여 보았다. 그리고 그 결과들을 제안된 회로를 \\( 68 \\mathrm{kHz} \\) 의 동작주파수로 구동시킨 실험한 결과와 비교하여 보았다. 참고로 \\( 200 \\mathrm{kHz} \\) 에서 동작시킬 경욱긱존의 주파수보다 높은 주파수에서 동작하므로 ZVS tank의 인덕턴스가 작아지더라도 \\( \\mathrm{ZVS} \\) 를 보장할만한 크기의 에너지를 확보할 수 있게 된다.</p> <p>그림 15 와 그림 16 에 각각 \\( 68 \\mathrm{kHz} \\) 와 \\( 200 \\mathrm{kHz} \\) 로 동작 시킨 경우에 대해 실험에 사용된 소자의 크기와 제작 비용을 비교하여 보았다. \\( 200 \\mathrm{kHz} \\) 에서 동작 시킬 경우에는 magnetic 소자를 세작하는 데에 작은 크기의 코어가 사용되었고 그림 7의 Mode 1과 Mode 4에서 나타나는 공진 전류를 위해 더 작은 값의 커패시터가 필요하다. 이러한 이유로 \\( 200 \\mathrm{kHz} \\) 로 동작시킬 경우 \\( 68 \\mathrm{kHz} \\) 애서 동작시킨 경우보다 2\\$정도의 제작비용을 줄일 수 있었고 크기에 있어서도 \\( 18 \\% \\) 정도의 감소를 얻을 수 있다.</p> <p>그림 17은 Method 2에 대해서 주파수에 따른 소자의 온도를 나타낸 그래프이다. 주파수룰 올릴 경우 각각의 소자온도가 \\( 5^{\\circ} \\mathrm{C} \\) 미만으로 주파수를 높이더라도 온도의 상승폭이 작은 것을 알 수 있다. 참고로 transformer의 경우, leackage 인덕터를 외부에 부가적으로 사용하지 않고 transformer에 함께 감아주었기 때문에 높은 온도를 보였다.</p> <p>그림 18 에 기존의 voltage doubler rectifier를 사용한 PSFB 컨버터와 제안된 컨버터에 각각에 대해서 \\( 68 \\mathrm{kHz} \\) 와 \\( 200 \\mathrm{kHz} \\) 의 두 주파수에서 동작시킨 효율을 나타내었다. 그림 18(a)는 제안된 컨버터의 효율을 그림 18 (b) 는: voltage doubler rectifier를 사용한 PSFB 컨버터의 효율을 보여준다. voltage doubler rectifier를 사용한 기존의 PSFB 컨버터의 경우, 주파수를 변화시키더라도 full load 시에는 기존의 컨버터와 제안된 컨버터의 효율 감소폭이 거의 비슷하지만 경 부하로 갈수록 기존의 컨버터의 효율이 급격하게 감소하여 \\( 10 \\% \\) load의 경우에는 \\( 80 \\% \\) 이하로 떨어지게 된다. 그러나 제안된 컨버터의 경우, \\( 10 \\% \\) load에서도 \\( 85 \\% \\) 이상의 높은 효율을 보임을 확인할 수 있었다.</p> <p>지금까지 제안된 컨버터에 대해서 주파수를 올려 동작시켜서 기존의 동작주파수에서 구동 시킨 경우의 실험 결과와 비교하여보았다. 제안된 컨버터의 주파수를 \\( 200 \\mathrm{kHz} \\) 로 높이게 되면 제작비용과 크기 면에서 감소의 효과를 볼 수 있고 기존의 컨버터에 비해서 효율면에서도 유리하다는 것을 실험을 동해 알 수 있었다.</p> <h1>6. 결 론</h1> <p>논 논문에서는 \\( 60^{\\prime \\prime} \\mathrm{PDP} \\) 용 유지전원단을 위한 새로운 컨버터를 제안하였다. 제안된 컨버터에는 넓은 \\( \\mathrm{ZVS} \\) 영역을 보장하기 위해서 \\( \\mathrm{ZVS} \\) 를 수행하기 위한 부가적인 회로가 추가되었다. 따라서 전류가 맥동하는 \\( \\mathrm{PDP} \\) 의 부하 특성에도 불구하고 높은 효율을 낼 수 있으며 열 문제를 최소화 할 수 있음을 예상할 수 있다.</p> <p>수치 해석과 모드 해석 등을 통해 제안된 컨버터의 특성을 분석해 보았고 실험을 동해 이러한 특성들을 확인하여 보았다. 제안된 컨버터는 \\( 10 \\% \\) 부하까지 ZVS가 가능함을 알 수 있었고 전 구간에서 \\( 92 \\% \\) 이상의 높은 효율을 얻을 수 있었다. 또한 ZVS 범위가 넓기 때문에 동작 주파수를 올리더라도 큰 스위칭 손실은 발생시키지 않게 되므로 주파수를 높여 \\( 200 \\mathrm{kHz} \\) 에서 동작시켜보았다. 그 결과, 고주파에서 동작시키면 더 작은 크기로 제작될 수 있어 모듈의 크기가 감소할 뿐만 아니라 제조 가격을 낮출 수 있고 기존의 컨버터에 비해서 효율 면에시도 유리하다는 것을 확인 할 수 있었다.</p>",
                "context_length": 2505,
                "summary": "제안된 컨버터에 대해서 구동 주파수를 높였을 때 제작비용의 감소 및 크기 감소의 효과와 더불어 기존 컨버터에 비해 제안된 컨버터가 효율면에서 더 유리함을 알 수 있다.하지만 넓은 \\( \\mathrm{ZVS} \\) 영역을 보장하기 위해서 \\( \\mathrm{ZVS} \\) 를 수행하기 위한 부가적인 회로가 추가되었으며 이로인해 \\( 10 \\% \\) 부하까지 ZVS가 가능하게 되었고 전 구간에서 높은 효율을 얻을 수 있었다.",
                "clue": [
                    {
                        "clue_text": "지금까지 제안된 컨버터에 대해서 주파수를 올려 동작시켜서 기존의 동작주파수에서 구동 시킨 경우의 실험 결과와 비교하여보았다.",
                        "clue_start": "1669",
                        "clue_end": "1738"
                    },
                    {
                        "clue_text": "제안된 컨버터의 주파수를 \\( 200 \\mathrm{kHz} \\) 로 높이게 되면 제작비용과 크기 면에서 감소의 효과를 볼 수 있고 기존의 컨버터에 비해서 효율면에서도 유리하다는 것을 실험을 동해 알 수 있었다.",
                        "clue_start": "1739",
                        "clue_end": "1857"
                    },
                    {
                        "clue_text": "논 논문에서는 \\( 60^{\\prime \\prime} \\mathrm{PDP} \\) 용 유지전원단을 위한 새로운 컨버터를 제안하였다.",
                        "clue_start": "1881",
                        "clue_end": "1954"
                    },
                    {
                        "clue_text": "제안된 컨버터에는 넓은 \\( \\mathrm{ZVS} \\) 영역을 보장하기 위해서 \\( \\mathrm{ZVS} \\) 를 수행하기 위한 부가적인 회로가 추가되었다.",
                        "clue_start": "1955",
                        "clue_end": "2044"
                    },
                    {
                        "clue_text": "제안된 컨버터는 \\( 10 \\% \\) 부하까지 ZVS가 가능함을 알 수 있었고 전 구간에서 \\( 92 \\% \\) 이상의 높은 효율을 얻을 수 있었다.",
                        "clue_start": "2208",
                        "clue_end": "2291"
                    }
                ],
                "terminology": [
                    {
                        "word": "PSFB"
                    },
                    {
                        "word": "PSFB 컨버터"
                    },
                    {
                        "word": "ZVS"
                    },
                    {
                        "word": "ZVS tank"
                    },
                    {
                        "word": "doubler"
                    },
                    {
                        "word": "full load"
                    },
                    {
                        "word": "load"
                    },
                    {
                        "word": "magnetic 소자"
                    },
                    {
                        "word": "rectifier"
                    },
                    {
                        "word": "tank"
                    },
                    {
                        "word": "transformer"
                    },
                    {
                        "word": "voltage doubler"
                    },
                    {
                        "word": "voltage doubler rectifier"
                    },
                    {
                        "word": "경 부하"
                    },
                    {
                        "word": "고주파"
                    },
                    {
                        "word": "공진 전류"
                    },
                    {
                        "word": "구동 주파수"
                    },
                    {
                        "word": "동작주파수"
                    },
                    {
                        "word": "부가적인 회로"
                    },
                    {
                        "word": "부하 특성"
                    },
                    {
                        "word": "소자온도"
                    },
                    {
                        "word": "스위칭"
                    },
                    {
                        "word": "스위칭 손실"
                    },
                    {
                        "word": "스위칭 주파수"
                    },
                    {
                        "word": "열 문제"
                    },
                    {
                        "word": "영전압"
                    },
                    {
                        "word": "영전압 스위칭"
                    },
                    {
                        "word": "영전압 스위칭 영역"
                    },
                    {
                        "word": "유지전원단"
                    },
                    {
                        "word": "인덕터"
                    },
                    {
                        "word": "인덕턴스"
                    },
                    {
                        "word": "전류"
                    },
                    {
                        "word": "주파수"
                    },
                    {
                        "word": "커패시터"
                    },
                    {
                        "word": "컨버터"
                    },
                    {
                        "word": "코어"
                    },
                    {
                        "word": "회로"
                    }
                ]
            }
        ]
    }
}