{
    "dataset_info": {
        "identifier": "02-031-002-NL",
        "name": "기술과학 문서 요약 데이터",
        "category": "자연어",
        "last_updated": "2023-08-30"
    },
    "dataset": {
        "doc_id": "034b7f4e-497b8cab-0d66-4e06-9873-4356b94e934f",
        "doc_type": "논문",
        "doc_title": {
            "kor": "IGBT-MOSFET 병렬 스위치를 이용한 고효율 직류-직류 변환기",
            "eng": ""
        },
        "doc_category": {
            "KDC": "560.5",
            "DDC": ""
        },
        "doc_number": {
            "ISSN": "1229-2214",
            "ISBN": "",
            "DOI": "",
            "UCI": ""
        },
        "doc_year": "1999",
        "doc_author": [
            "장동렬",
            "서영민",
            "홍순찬",
            "윤덕용",
            "황용하"
        ],
        "doc_publisher": "전력전자학회",
        "doc_license": "CC BY-NC",
        "context_info": [
            {
                "context_id": "55e-0c9-merge_2_034b7f4e-497b8cab-0d66-4e06-9873-4356b94e934f_00",
                "context_K-NSCC": {
                    "field": "인공물",
                    "large_category": "ED",
                    "medium_category": "05"
                },
                "context": "<h1>요약</h1> <p>IGBT는 전압정격 및 전류정격이 높고 도통손실이 낮아서 스위칭 전원장치에 많이 쓰이고 있는 추세에 있다. 그러나 IGBT는 MOSFET에 비해 스위칭 특성이 좋지 않아서 스위칭 손실이 많이 발생하며 스위칭 주파수에도 제한을 받는다. 본 논문에서는 IGBT와 MOSFET의 장점을 살리기 위하여 IGBT에 MOSFET를 병렬로 접속한 IGBT-MOSFET 병렬 스위치를 사용한 \\( 2.4 \\mathrm { ~kW } , 48 \\mathrm { ~V } \\) 출력의 고효율 반브리지 직류-직류 변환기를 제안한다. 병렬 스위치에서 주 스위칭 소자인 IGBT는 도통구간에서 주된 역할을 하며 MOSFET는 스위칭시에 주된 역할을 한다. 스위칭 손실을 분석하기 위하여 선형화 모델을 사용하였으며 시뮬레이션을 통하여 변환기의 동작을 확인하였다.</p> <h1>1. 서론</h1> <p>통신용 전원장치는 고성능 및 높은 신뢰도를 요구하므로 기술적인 접근이 쉽지 않다. 이러한 전원장치의 구성에 있어 도 통시 전압강하가 낮고 전압 및 전류정격이 높은 특성을 갖는 IGBT가 스위칭 소자로 많이 사용되고 있다. 그러나 IGBT는 MOSFET에 비해 스위칭 속도가 느리고, 특히 턴오프 시에 심각한 스위칭 손실을 야기하므로 효율이 낮아지며 스위칭 주파수에도 제한을 받는다.</p> <p>높은 스위칭 주파수에서 IGBT의 대전력 정격을 이용하기 위한 방법으로 커패시터를 스위치에 병렬로 접속하는 스위칭 방법이 제시되었다. 그러나 이 방법은 병렬로 접속된 커패시터가 IGBT의 턴온시에 발생된 포화 전압으로 충전되어 손실을 유발하며. 턴오프시에는 내부 인덕턴스와 외부 커패시턴스에 의한 전류 맥동으로 IGBT의 턴오프 손실을 유발하게 된다. 특히, 이러한 현상은 영전압 스위칭을 위한 고주파 동작시에 심각해진다.</p> <p>최근에는 주 능동 스위치에 커패시터, 인덕터, 다이오드 등의 몇몇 수동 스위치를 추가한 ZVT PWM 방법이 연구되어 회로의 능동 및 수동 스위치의 전압 전류 스트레스를 경감시키고 있다. 그러나 주 능동 스위치 수만큼의 보조 능동 스위치와 기타 부품을 필요로 하므로 회로가 복잡해지고 가격면에서 문제가 있다.</p> <p>이러한 난점을 극복하기 위한 새로운 방법으로 IGBT와 MOSFET를 병 렬 로 접속한 IGBT-MOSFET 병렬 스위치를 사용하는 방법이 제시되었다. 이 방법은 MOSFET의 빠른 스위칭 특성의 도움으로 IGBT의 소프트 스위칭을 구현하는 방법으로서, IGBT가 도통시의 주 스위치로 동작하고 병렬 접속된 MOSFET에 의해 IGBT의 소프트 스위칭을 가능하게 한다.</p> <p>본 논문에서는 출력 특성이 \\( 48[ \\mathrm { ~V } ], 50[ \\mathrm { ~A } ] \\) 인 통신용 전원장치에 적합하도록 반브리지 직류-직류 변환기를 구성하고, IGBT-MOSFET 병렬 스위치를 적 용하여 스위칭 손실및 도통 손실을 저감시켜 효율을 향상시키고자 한다.</p>",
                "context_length": 1477,
                "summary": "IGBT는 고전압, 고전류 특성과 낮은 도통손실 때문에 스위칭 전원장치에 주로 사용되지만, MOSFET에 비해 스위칭 특성이 떨어져 스위칭 손실이 많고 주파수 제한이 있다. 이 논문은 이를 해결하기 위해 IGBT와 MOSFET의 장점을 결합한 IGBT-MOSFET 병렬 스위치를 사용한 고효율 반브리지 직류-직류 변환기를 제안한다. 다만 ZVT PWM 방법이 스위치의 전압 전류 스트레스를 줄이는 데에 효과적이지만, 회로의 복잡성과 비용 문제로 인해 제한적이다.",
                "clue": [
                    {
                        "clue_text": "IGBT는 전압정격 및 전류정격이 높고 도통손실이 낮아서 스위칭 전원장치에 많이 쓰이고 있는 추세에 있다.",
                        "clue_start": "15",
                        "clue_end": "74"
                    },
                    {
                        "clue_text": "그러나 IGBT는 MOSFET에 비해 스위칭 특성이 좋지 않아서 스위칭 손실이 많이 발생하며 스위칭 주파수에도 제한을 받는다.",
                        "clue_start": "75",
                        "clue_end": "145"
                    },
                    {
                        "clue_text": "본 논문에서는 IGBT와 MOSFET의 장점을 살리기 위하여 IGBT에 MOSFET를 병렬로 접속한 IGBT-MOSFET 병렬 스위치를 사용한 \\( 2.4 \\mathrm { ~kW } , 48 \\mathrm { ~V } \\) 출력의 고효율 반브리지 직류-직류 변환기를 제안한다.",
                        "clue_start": "146",
                        "clue_end": "301"
                    },
                    {
                        "clue_text": "최근에는 주 능동 스위치에 커패시터, 인덕터, 다이오드 등의 몇몇 수동 스위치를 추가한 ZVT PWM 방법이 연구되어 회로의 능동 및 수동 스위치의 전압 전류 스트레스를 경감시키고 있다.",
                        "clue_start": "915",
                        "clue_end": "1019"
                    },
                    {
                        "clue_text": "그러나 주 능동 스위치 수만큼의 보조 능동 스위치와 기타 부품을 필요로 하므로 회로가 복잡해지고 가격면에서 문제가 있다.",
                        "clue_start": "1020",
                        "clue_end": "1087"
                    }
                ],
                "terminology": [
                    {
                        "word": "IGBT"
                    },
                    {
                        "word": "IGBT-MOSFET"
                    },
                    {
                        "word": "IGBT-MOSFET 병렬 스위치"
                    },
                    {
                        "word": "MOSFET"
                    },
                    {
                        "word": "PWM"
                    },
                    {
                        "word": "PWM 방법"
                    },
                    {
                        "word": "ZVT"
                    },
                    {
                        "word": "ZVT PWM"
                    },
                    {
                        "word": "고주파"
                    },
                    {
                        "word": "난점"
                    },
                    {
                        "word": "능동 스위치"
                    },
                    {
                        "word": "다이오드"
                    },
                    {
                        "word": "대전력"
                    },
                    {
                        "word": "도통구간"
                    },
                    {
                        "word": "도통손실"
                    },
                    {
                        "word": "맥동"
                    },
                    {
                        "word": "반브리지"
                    },
                    {
                        "word": "반브리지 직류-직류 변환기"
                    },
                    {
                        "word": "병렬 스위치"
                    },
                    {
                        "word": "병렬 접속"
                    },
                    {
                        "word": "선형화"
                    },
                    {
                        "word": "선형화 모델"
                    },
                    {
                        "word": "소프트 스위칭"
                    },
                    {
                        "word": "수동 스위치"
                    },
                    {
                        "word": "스위치"
                    },
                    {
                        "word": "스위칭"
                    },
                    {
                        "word": "스위칭 방법"
                    },
                    {
                        "word": "스위칭 소자"
                    },
                    {
                        "word": "스위칭 속도"
                    },
                    {
                        "word": "스위칭 손실"
                    },
                    {
                        "word": "스위칭 전원장치"
                    },
                    {
                        "word": "스위칭 주파수"
                    },
                    {
                        "word": "스위칭 특성"
                    },
                    {
                        "word": "시뮬레이션"
                    },
                    {
                        "word": "신뢰도"
                    },
                    {
                        "word": "영전압"
                    },
                    {
                        "word": "영전압 스위칭"
                    },
                    {
                        "word": "인덕터"
                    },
                    {
                        "word": "전류"
                    },
                    {
                        "word": "전류 맥동"
                    },
                    {
                        "word": "전류 스트레스"
                    },
                    {
                        "word": "전류정격"
                    },
                    {
                        "word": "전압 전류"
                    },
                    {
                        "word": "전압 전류 스트레스"
                    },
                    {
                        "word": "전압정격"
                    },
                    {
                        "word": "주파수"
                    },
                    {
                        "word": "직류-직류 변환기"
                    },
                    {
                        "word": "커패시터"
                    },
                    {
                        "word": "커패시턴스"
                    },
                    {
                        "word": "턴오프 손실"
                    },
                    {
                        "word": "턴오프시"
                    },
                    {
                        "word": "포화 전압"
                    },
                    {
                        "word": "회로"
                    }
                ]
            },
            {
                "context_id": "55e-0c9-merge_2_034b7f4e-497b8cab-0d66-4e06-9873-4356b94e934f_05",
                "context_K-NSCC": {
                    "field": "인공물",
                    "large_category": "ED",
                    "medium_category": "04"
                },
                "context": "<h1>5. 시뮬레이션</h1> <p>Saber를 사용하여 반브리지 직류 직류 변환기의 동작을 시뮬레이션하고 이로부터 손실을 분석하였다. 시뮬레이션에 사용된 스위칭 소자 및 조건은 다음과 같다.</p> <ul> <li>입력 직류전압 : \\( 400( \\mathrm { V } ) \\)</li> <li>스위칭 주파수 : \\( 25[ \\mathrm { kHz } ] \\)</li> <li>출력전압 \\( \\quad: 48[ \\mathrm { V } ] \\)</li> <li>평균 출력전류 : \\( 50[ \\mathrm { A } ] \\)</li> <li>IGBT : IRGBC30S</li> <li>MOSFET : IRF840</li></ul> <p>그림 7 은 반브리지 회로 각 부분의 전압, 전류 파형을 나타내고 있으며 그림 8은 병렬 스위치의 양단전압과 IGBT \\( Q_ { 11 } \\) 및 MOSFET \\( \\mathrm { } _ { 21 } \\) 의 전류 파형을 나타내고 있다. 그림 8 에서 스위칭시에는 MOSFET가 주된 역할을 수행하고 도통시에는 IGBT가 주된 역할을 수행함을 알 수 있으며, IGBT가 영 전압에서 스위칭됨을 알 수 있다.</p> <p>그림 9는 하나의 스위칭 소자에서 발생하는 순시전력 파형을 나타낸다. 위에 있는 파형은 IGBT만을 사용한 경우의 순시전력(W)이고, 아래 파형은 IGBT-MOSFET 병렬스위치를 사용한 경우의 순시전력 (W)을 나타내고 있다. 그림 9로부터 병렬 스위치를 사용하면 IGBT만을 사용한 경우에 비하여 전력손실이 현저히 저감됨을 알 수 있다.</p> <p>다른 스위치에서의 파형도 그림 9 와 같으므로 그림 9 의 파형만으로 손실저감율을 산정할 수 있다. 시뮬레이션 결과에서 파형의 아래 부분 면적이 스위치에서 소비되는 에너지가 되므로 한 주기 동안의 면적을 계산하여 \\( 40 \\left [ \\mu_ {\\mathrm { sec } } \\right ] \\) \\( ( = 1 / 25[ \\mathrm { kHz } ]) \\) 로 나누면 평균전럭이 된다. 이와 같이 하여 IGBT만을 사용한 경우의 손실을 구해보면 시뮬레이션 결과가 두 스위치중 한 스위치에서의 손실이므로 \\( \\mathrm { P } _ {\\mathrm { i } } / 2= \\) \\( 71.54[ \\mathrm { W } ] \\) 이고 병렬스위치를 사용한 경우에는 \\( \\mathrm { P } _ {\\mathrm { p } } / 2=19.44 \\) \\( [ \\mathrm { W } ] \\) 이다. 따라서 저감되는 손실량은 \\( \\mathrm { P } _ {\\mathrm { pi } } / 2=52.1[ \\mathrm { W } ] \\) 이며 손실저감율은 \\( \\mathrm { P } _ {\\mathrm { ps } } / \\mathrm { P } _ {\\mathrm { i } } \\times 100=72.83[ \\%] \\) 이다. 이 결과는 4 절에서 이론상 구한 손실저감율과 거의 일치한다.</p> <h1>6. 결 론</h1> <p>본 논문에서는 \\( 48[ \\mathrm { V } ], 50[ \\mathrm { A } ] \\) 출력의 통신용 직류전원장치로 적합한 반브리지 직류 직류 변환기를 구성하고 손실 해석에 필요한 수식을 도출하였으며, IGBT-MOSFET 병렬 스위치를 사용하여 고효율화를 달성하였다.</p> <p>이를 위하여 먼저 저전압 출력특성에 적합하도록 2 차측 회로가 센터탭 방식의 전파정류회로인 반브리지 직류-직류 변환기를 구성하고 동작을 해석하였으며. 스위칭시의 스위치 양단전압과 스위칭 소자에 흐르는 전류를 선형화하여 손실 해석이 가능하도록 하였다. 또한 실제 사용 가능한 소자를 택하여 손실을 분석하였으며 Saber를 사용한 시뮬레이션을 통하여 변환기의 동작 및 손실저감 효과를 확인하였다.</p> <p>주된 스위칭 소자인 IGBT에 IGBT보다 전압 및 전류정격 은 낮지만 주파수 특성이 좋은 MOSFFT을 병렬로 접속한 병렬 스위치를 사용할 때의 특징을 요약하면 다음과 같다.</p> <ol type = 1 start=1><li>스위칭시에는 MOSFET가 주된 역할을 수행하여 병렬 스위치의 스위칭 특성이 향상된다. 특히. MOSFET가 IGBT 보다 \\( \\mathrm { t } _ {\\mathrm { d } } \\) 만큼 지연되어 턴오프됨으로써 IGBT의 소프트 스위칭이 이루어진다.</li> <li>도통시에는 IGBT가 주된 역할을 수행하여 IGBT의 낮은 순방향 전압강하 특성을 유지한다.</li> <li>MOSFET의 빠른 스위칭 특성과 IGBT의 낮은 순방향 전압강하 특성을 이용함으로써 스위칭 손실 및 도동 손실이 저감되어 효율향상을 달성할 수 있다.</li> <li>병렬 스위치의 스위칭 특성이 항상됨에 따라 대전력 정격의 IGBT를 보다 높은 주파수에까지 사용할 수 있다. 또한, MOSFET의 단시간 전류정격이 IGBT의 연속전류정격 이상이면 되므로 MOSFET의 연속전류정격은 IGBT 연속전류정격에 부하여 훨씬 작은 것을 사용할 수 있다.</li></ol>",
                "context_length": 2497,
                "summary": "Saber를 이용해 반브리지 직류 직류 변환기를 시뮬레이션하였고, 이 변환기는 입력 전압 400V, 스위칭 주파수 25kHz, 출력 전압 48V, 평균 출력 전류 50A를 가진다. IGBT와 MOSFET을 사용하여 전력 손실을 절감하는 방법을 분석하였는데, IGBT만을 사용하는 경우에 비해 병렬 스위치를 사용할 때 전력 손실이 상당히 감소하였다. 전력 손실 감소량은 \\( \\mathrm { P } _ {\\mathrm { pi } } / 2=52. 1[ \\mathrm { W } ] \\), 손실 감소율은 \\( \\mathrm { P } _ {\\mathrm { ps } } / \\mathrm { P } _ {\\mathrm { i } } \\times 100=72. 83[ \\%] \\)로 측정되었다. 이 변환기는 48V, 50A 출력의 통신용 직류전원장치로 사용하기 적합하다.",
                "clue": [
                    {
                        "clue_text": "Saber를 사용하여 반브리지 직류 직류 변환기의 동작을 시뮬레이션하고 이로부터 손실을 분석하였다.",
                        "clue_start": "21",
                        "clue_end": "76"
                    },
                    {
                        "clue_text": "<li>입력 직류전압 : \\( 400( \\mathrm { V } ) \\)</li> <li>스위칭 주파수 : \\( 25[ \\mathrm { kHz } ] \\)</li> <li>출력전압 \\( \\quad: 48[ \\mathrm { V } ] \\)</li> <li>평균 출력전류 : \\( 50[ \\mathrm { A } ] \\)</li> <li>IGBT : IRGBC30S</li> <li>MOSFET : IRF840</li>",
                        "clue_start": "118",
                        "clue_end": "352"
                    },
                    {
                        "clue_text": "그림 9로부터 병렬 스위치를 사용하면 IGBT만을 사용한 경우에 비하여 전력손실이 현저히 저감됨을 알 수 있다.",
                        "clue_start": "727",
                        "clue_end": "789"
                    },
                    {
                        "clue_text": "따라서 저감되는 손실량은 \\( \\mathrm { P } _ {\\mathrm { pi } } / 2=52.1[ \\mathrm { W } ] \\) 이며 손실저감율은 \\( \\mathrm { P } _ {\\mathrm { ps } } / \\mathrm { P } _ {\\mathrm { i } } \\times 100=72.83[ \\%] \\) 이다.",
                        "clue_start": "1253",
                        "clue_end": "1443"
                    },
                    {
                        "clue_text": "본 논문에서는 \\( 48[ \\mathrm { V } ], 50[ \\mathrm { A } ] \\) 출력의 통신용 직류전원장치로 적합한 반브리지 직류 직류 변환기를 구성하고 손실 해석에 필요한 수식을 도출하였으며, IGBT-MOSFET 병렬 스위치를 사용하여 고효율화를 달성하였다.",
                        "clue_start": "1502",
                        "clue_end": "1658"
                    }
                ],
                "terminology": [
                    {
                        "word": "IGBT"
                    },
                    {
                        "word": "IGBT-MOSFET"
                    },
                    {
                        "word": "IGBT-MOSFET 병렬 스위치"
                    },
                    {
                        "word": "MOSFET"
                    },
                    {
                        "word": "Saber"
                    },
                    {
                        "word": "대전력"
                    },
                    {
                        "word": "도동 손실"
                    },
                    {
                        "word": "반브리지"
                    },
                    {
                        "word": "반브리지 직류 직류 변환기"
                    },
                    {
                        "word": "반브리지 직류-직류 변환기"
                    },
                    {
                        "word": "반브리지 회로"
                    },
                    {
                        "word": "병렬 스위치"
                    },
                    {
                        "word": "선형화"
                    },
                    {
                        "word": "센터탭"
                    },
                    {
                        "word": "소프트 스위칭"
                    },
                    {
                        "word": "손실저감율"
                    },
                    {
                        "word": "순방향 전압강하"
                    },
                    {
                        "word": "순시전력"
                    },
                    {
                        "word": "순시전력 파형"
                    },
                    {
                        "word": "스위치"
                    },
                    {
                        "word": "스위칭"
                    },
                    {
                        "word": "스위칭 소자"
                    },
                    {
                        "word": "스위칭 손실"
                    },
                    {
                        "word": "스위칭 주파수"
                    },
                    {
                        "word": "스위칭 특성"
                    },
                    {
                        "word": "시뮬레이션"
                    },
                    {
                        "word": "영 전압"
                    },
                    {
                        "word": "입력 직류전압"
                    },
                    {
                        "word": "저전압 출력특성"
                    },
                    {
                        "word": "전류"
                    },
                    {
                        "word": "전류정격"
                    },
                    {
                        "word": "정격의 IGBT"
                    },
                    {
                        "word": "주파수"
                    },
                    {
                        "word": "주파수 특성"
                    },
                    {
                        "word": "직류"
                    },
                    {
                        "word": "직류 변환기"
                    },
                    {
                        "word": "직류 직류 변환기"
                    },
                    {
                        "word": "직류-직류 변환기"
                    },
                    {
                        "word": "직류전압"
                    },
                    {
                        "word": "직류전원장치"
                    },
                    {
                        "word": "출력전류"
                    },
                    {
                        "word": "출력전압"
                    },
                    {
                        "word": "파형"
                    },
                    {
                        "word": "파형도"
                    },
                    {
                        "word": "회로"
                    }
                ]
            },
            {
                "context_id": "55e-0c9-merge_2_034b7f4e-497b8cab-0d66-4e06-9873-4356b94e934f_01",
                "context_K-NSCC": {
                    "field": "인공물",
                    "large_category": "ED",
                    "medium_category": "05"
                },
                "context": "<h1>2. 변환기의 구성</h1> <p>교류 입력으로부터 일정 직류출력을 내는 직류전원장치로는 1 단 구성방식과 2 단 구성방식이 있다. 1단 구성방식은 염가형의 소용량 전원장치에 적합하며, 2 단 구성방식은 중대용량에 적합하고 여러 제어방식을 적용할 수 있다.</p> <p>그림 1의 2 단 구성방식에서 왼편의 \\( \\mathrm { AC } - \\mathrm { DC } \\) 변환부는 일반적으로 입력 역률을 높이기 위해서 Boost PFC가 사용되며, 오른편의 DC-DC 변환부는 전브리지회로나 반브리지회로가 많이 사용된다. 전브리지회로는 용량면에서 유리하나. 수 \\( [ \\mathrm { kW } ] \\) 정도의 용량에서는 반브리지회로도 적합하며 스위칭 소자의 수를 절반으로 줄일 수 있는 장점이 있다.</p> <p>본 연구에서는 2 단 구성방식중에서 직류 입력이 \\( 400[ \\mathrm { ~V } ] \\) 이고 직류 출력이 \\( 48[ \\mathrm { ~V } ] \\) 로 일정한 직류-직류 변환기를 대상으로 하며 용량을 고려하여 반브리지 회로를 사용한다. 그림 2 는 본 연구에서 제시한 직류-직류 변환기이다.</p> <p>반브리지 변환기 회로에서 주된 스위칭 소자는 IGBT이며, IGBT에 병렬로 접속된 MOSFET는 스위칭 손실을 줄이고 IGBT의 소프트 스위칭을 위해 사용된 보조 스위칭 소자이다. 변압기의 2 차측 회로로는 브리지형 전파정류회로가 사용될 수도 있으나 저압 출력 특성에 적합한 센터 탭 방식의 전파정류회로를 사용한다.</p> <h1>3. 변환기의 손실 및 동작 해석</h1> <h2>3.1 병렬 스위치에서의 손실</h2> <p>본 논문에서는 주 스위칭 소자인 IGBT의 스위칭 손실을 줄이고 IGBT의 소프트 스위칭을 구현하기 위해서 그림 3 과 같은 IGBT-MOSFET 병렬 스위치를 사용한다.</p> <p>IGBT-MOSFET 병렬 스위치에서는 두 스위칭 소자에 가해지는 게이트 신호의 타이밍이 중요하다. 스위치를 켤 때에는 IGBT \\( Q_ { 1 } \\) 과 MOSFET \\( Q_ { 2 } \\) 의 게이트에 턴온 신호를 동시에 인가하며, 끌 때에는 IGBT보다 지연시간 \\( \\mathrm { t } _ {\\mathrm { d } } \\) 만큼 늦게 MOSFET의 게이트에 턴오프 신호를 인가하여 IGBT가 MOSFET보다 늦게 꺼지지 않도록 한다. 스위치가 커질 때는 게이트 신호가 동시에 인가되어도 스위칭 속도가 빠른 MOSFET가 먼저 턴온되고 스위치가 꺼질 때는 병렬로 접속된 MOSFET가 여전히 온-상태이므로 IGBT가 영전압에서 스위칭된다.</p> <p>IGBT-MOSFET 병렬 스위치를 사용할 때의 스위칭 손실을 분석하기 위해서, 스위칭시의 전압 및 전류파형을 그림 4와 같이 선형화하였다. 그림 4(a)는 스위칭 소자로 IGBT만을 사용한 경우의 전압 및 전류파형이며 그림 4(b)는 IGBT-MOSFET 병렬 스위치를 사용한 경우의 파형으로서 IGBT와 MOSFET의 턴오프 종료 시점을 일치시킨 것이다. 실제로는 턴온시간이 턴오프시간보다 짧고 스위칭 시간이 도통시간보다 짧지만 스위칭 과정을 설명하기 위해서 턴온 구간과 턴오프 구간을 확대하여 나타내었다. 그림에 사용한 기호는 다음과 같다.</p> <ul> <li>\\( V_ { 1 } \\) : 오프 상태시의 스위칭 소자 양단전압</li> <li>\\( V_ { o m } , V_ { o n m } \\) : IGBT와 MOSFET의 도통시 전압강하</li> <li>\\( V_ { o n } \\) : IGBT와 MOSFET를 병렬로 사용할 때의 도통시 전압강하</li> <li>\\( I_ { t } \\) : 온 상태시의 스위칭 소자 전체 전류(평균값)</li> <li>\\( t_ { r i i } , t_ { r i m } \\) : IGBT와 MOSFET의 전류 상승시간</li> <li>\\( t_ { f vi } , t_ { f v m } : \\) IGBT와 MOSFET의 전압 하강시간</li> <li>\\( t_ { r v i } , t_ { rv m } : \\) IGBT와 MOSFET의 전압 상승시간</li> <li>\\( t_ { f i i } , t_ { f i m } \\) : IGBT와 MOSFET의 전류 하강시간</li> <li>\\( t_ { i(on) } , t_ { m(on) } \\) : IGBT와 MOSFET의 턴온 시간</li> <li>\\( t_ { o n } \\) : IGBT의 주기당 도통 시간</li> <li>\\( f_ { s } \\) : 스위칭 주파수 \\( \\left ( = 1 / \\mathrm { T } _ {\\mathrm { s } } \\right ) \\)</li></ul>",
                "context_length": 2318,
                "summary": "IGBT-MOSFET 병렬 스위치에서는 두 스위칭 소자에 전해지는 게이트 신호의 타이밍이 중요한 편이다. 이번 논문에서는 주 스위칭 소자인 IGBT의 스위칭 손실을 줄이며, IGBT의 소프트 스위칭을 구현하고자 IGBT-MOSFET 병렬 스위치를 사용하였다. IGBT-MOSFET를 사용할 때의 스위칭 손실을 분석하고자, 스위칭시의 전압과 전류파형을 선형화하였다. 실제로는 턴오프 시간이 짧고 스위칭 시간이 도통시간보다도 짧지만, 스위칭 과정을 설명하고자 턴온 구간 및 턴오프 구간을 확대하여 나타내었다.",
                "clue": [
                    {
                        "clue_text": "IGBT-MOSFET 병렬 스위치에서는 두 스위칭 소자에 가해지는 게이트 신호의 타이밍이 중요하다.",
                        "clue_start": "928",
                        "clue_end": "983"
                    },
                    {
                        "clue_text": "본 논문에서는 주 스위칭 소자인 IGBT의 스위칭 손실을 줄이고 IGBT의 소프트 스위칭을 구현하기 위해서 그림 3 과 같은 IGBT-MOSFET 병렬 스위치를 사용한다.",
                        "clue_start": "825",
                        "clue_end": "920"
                    },
                    {
                        "clue_text": "IGBT-MOSFET 병렬 스위치를 사용할 때의 스위칭 손실을 분석하기 위해서, 스위칭시의 전압 및 전류파형을 그림 4와 같이 선형화하였다.",
                        "clue_start": "1303",
                        "clue_end": "1381"
                    },
                    {
                        "clue_text": "실제로는 턴온시간이 턴오프시간보다 짧고 스위칭 시간이 도통시간보다 짧지만 스위칭 과정을 설명하기 위해서 턴온 구간과 턴오프 구간을 확대하여 나타내었다.",
                        "clue_start": "1504",
                        "clue_end": "1588"
                    }
                ],
                "terminology": [
                    {
                        "word": "Boost"
                    },
                    {
                        "word": "Boost PFC"
                    },
                    {
                        "word": "DC"
                    },
                    {
                        "word": "DC-DC"
                    },
                    {
                        "word": "DC-DC 변환부"
                    },
                    {
                        "word": "IGBT"
                    },
                    {
                        "word": "IGBT-MOSFET"
                    },
                    {
                        "word": "IGBT-MOSFET 병렬 스위치"
                    },
                    {
                        "word": "MOSFET"
                    },
                    {
                        "word": "PFC"
                    },
                    {
                        "word": "vi"
                    },
                    {
                        "word": "게이트 신호"
                    },
                    {
                        "word": "도통시간"
                    },
                    {
                        "word": "반브리지"
                    },
                    {
                        "word": "반브리지 변환기 회로"
                    },
                    {
                        "word": "반브리지회로"
                    },
                    {
                        "word": "변압기"
                    },
                    {
                        "word": "변환기 회로"
                    },
                    {
                        "word": "변환부"
                    },
                    {
                        "word": "병렬 스위치"
                    },
                    {
                        "word": "보조 스위칭 소자"
                    },
                    {
                        "word": "브리지형"
                    },
                    {
                        "word": "브리지형 전파정류회로"
                    },
                    {
                        "word": "선형화"
                    },
                    {
                        "word": "소자 양단전압"
                    },
                    {
                        "word": "소프트 스위칭"
                    },
                    {
                        "word": "스위치"
                    },
                    {
                        "word": "스위칭"
                    },
                    {
                        "word": "스위칭 과정"
                    },
                    {
                        "word": "스위칭 소자"
                    },
                    {
                        "word": "스위칭 속도"
                    },
                    {
                        "word": "스위칭 손실"
                    },
                    {
                        "word": "스위칭 주파수"
                    },
                    {
                        "word": "역률"
                    },
                    {
                        "word": "염가형의 소용량 전원장치"
                    },
                    {
                        "word": "영전압"
                    },
                    {
                        "word": "입력 역률"
                    },
                    {
                        "word": "전류"
                    },
                    {
                        "word": "전류파형"
                    },
                    {
                        "word": "전브리지회로"
                    },
                    {
                        "word": "전파정류회로"
                    },
                    {
                        "word": "주파수"
                    },
                    {
                        "word": "중대용량"
                    },
                    {
                        "word": "직류"
                    },
                    {
                        "word": "직류 입력"
                    },
                    {
                        "word": "직류-직류 변환기"
                    },
                    {
                        "word": "직류전원장치"
                    },
                    {
                        "word": "직류출력"
                    },
                    {
                        "word": "턴오프 구간"
                    },
                    {
                        "word": "턴오프 신호"
                    },
                    {
                        "word": "턴온시간"
                    },
                    {
                        "word": "파형"
                    },
                    {
                        "word": "회로"
                    }
                ]
            },
            {
                "context_id": "55e-0c9-3daab707-927c-4e34-87a6-82d1ba66ab36",
                "context_K-NSCC": {
                    "field": "인공물",
                    "large_category": "ED",
                    "medium_category": "04"
                },
                "context": "<h2>3.2 변환기의 동작해석</h2> <p>IGBT의 도통시 전압강하가 낮기 때문에 IGBT-MOSFET 병렬 스위치에서 온상태시의 정상전류는 대부분 IGBT를 통해 흐르며 스위칭시에는 MOSFET가 주된 역할을 한다. 그림 2 의 변환기는 스위칭 소자로 IGBT만 사용한 경우에는 4개의 모드로 동작하지만 병렬 스위치를 사용한 경우에는 6 개의 모드로 나누어진다. 그림 5는 이때의 각 부분의 전압, 전류 파형이며 각 모드에서의 동작은 다음과 같다.</p> <p>모드 I \\( \\left(\\mathrm{t}_{0}-\\mathrm{t}_{2}\\right): \\mathrm{t}_{0} \\) 시점에서 \\( \\mathrm{Q}_{11} \\) 과 \\( \\mathrm{Q}_{21} \\) 의 게이트에 신호가 동시에 가해진다. \\( \\mathrm{IGBT}_{11} \\) 의 턴온 시간 \\( \\left(\\mathrm{t}_{0}-\\mathrm{t}_{1}\\right) \\) 동안, MOSFET의 빠른 스위칭 특성으로 인하여 대부분의 전류가 \\( \\mathrm{Q}_{21} \\) 을 통해 흐르고 \\( \\mathrm{I}_{\\mathrm{Q} 11} \\) 은 서서히 증가한다. 따라서 MOSFET \\( \\mathrm{Q}_{21} \\) 이 턴온시의 스위칭 특성을 결정하게 되며, MOSFET의 턴온시간이 IGBT의 턴온시간보다 짧으면 짧을수록 IGBT는 전압 스트레스를 덜 받게 되어 ZVS에 가깝게 된다. \\( \\mathrm{t}_{1} \\) 에서 \\( \\mathrm{Q}_{11} \\) 이 완전히 도통된 후에는, 전류의 대부분이 도통 시 전압강하가 낮은 IGBT로 흐르며 MOSFET에는 IGBT 전류의 수분의 일 정도만 흐른다. 따라서 MOSFET의 연속 전류정격은 IGBT의 연속전류정격보다 수분의 일 정도로 낮아도 된다.</p> <p>\\( \\mathrm{t}_{1} \\) 에서 \\( \\mathrm{Q}_{11} \\) 이 완전히 도통된 후에는, 전류의 대부분이 도통시 전압강하가 낮은 IGBT로 흐르며 MOSFET에는 IGBT 전류의 수분의 일 정도만 흐른다. 따라서 MOSFET의 연속 전류정격은 \\( \\mathrm{IGBT} \\) 의 연속전류정격보다 수분의 일 정도로 낮아도 된다.</p> <p>이 모드에서, 전원의 에너지가 변압기를 통해 부하에 전달 되며, 인덕터 전류 \\( \\mathrm{I}_{\\mathrm{Lf}} \\) 는 \\( \\left(\\mathrm{V}_{\\mathrm{Dd}} / 2 \\mathrm{n}-\\mathrm{V}_{\\mathrm{o}}\\right) / \\mathrm{L}_{4} \\) 의 기울기로 증가한다. 단, \\( \\mathrm{n}=\\mathrm{n}_{1} / \\mathrm{n}_{2} \\) 는 절연 변압기의 권수비이다. [그림 6(a)]</p> <p>모드 \\( \\mathbb{I}\\left(\\mathrm{t}_{2}-\\mathrm{t}_{3}\\right): \\mathrm{t}_{2} \\) 에서 IGBT Q 11 의 턴오프 동작이 시작되며 이에 따라 MOSFET에 흐르는 전류가 증가한다. IGBT가 턴오프되는 동안 MOSFET이 온상태를 유지하므로 \\( \\mathrm{ZVS} \\) 가 이루어진다. 모드 2 에서의 2 차측 동작은 모드 1 과 같다.[그림 6(b)]</p> <p>모드 III \\( \\left(\\mathrm{t}_{3}-\\mathrm{t}_{4}\\right): \\mathrm{t}_{3} \\) 에서 MOSFET \\( \\mathrm{Q}_{21} \\) 도 턴오프되어 순저항 부하일 경우에는 1 차측에 전류가 흐르지 않으며 2차측 전류는 \\( \\mathrm{D}_{3} \\) 과 \\( \\mathrm{D}_{4} \\) 를 통하여 환류한다. [그림 6(c)]</p> <p>모드 4~6의 동작은 \\( \\mathrm{Q}_{11}, \\mathrm{Q}_{21} \\) 대신에 \\( \\mathrm{Q}_{12}, \\mathrm{Q}_{22} \\) 가 동작하고 \\( \\mathrm{D}_{3}, \\mathrm{D}_{4} \\) 의 역할이 반대가 되어서 모드 1~3 과 대칭적인 동작을 한다.</p>",
                "context_length": 2036,
                "summary": "IGBT의 도통은 전압강하가 낮아서 IGBT-MOSFET 병렬 스위치에서 온상태시의 정상전류는 보통 IGBT를 통해 흐르고 스위칭시에는 MOSFET가 중요한 역할이다. MOSFET의 연속 전류정격은 IGBT의 연속전류정격보다 수분의 일까지 낮아도 가능하다.",
                "clue": [
                    {
                        "clue_text": "IGBT의 도통시 전압강하가 낮기 때문에 IGBT-MOSFET 병렬 스위치에서 온상태시의 정상전류는 대부분 IGBT를 통해 흐르며 스위칭시에는 MOSFET가 주된 역할을 한다.",
                        "clue_start": "26",
                        "clue_end": "124"
                    },
                    {
                        "clue_text": "따라서 MOSFET의 연속 전류정격은 IGBT의 연속전류정격보다 수분의 일 정도로 낮아도 된다.",
                        "clue_start": "855",
                        "clue_end": "908"
                    }
                ],
                "terminology": [
                    {
                        "word": "IGBT-MOSFET"
                    },
                    {
                        "word": "IGBT-MOSFET 병렬 스위치"
                    },
                    {
                        "word": "MOSFET"
                    },
                    {
                        "word": "ZVS"
                    },
                    {
                        "word": "권수비"
                    },
                    {
                        "word": "기울기"
                    },
                    {
                        "word": "변압기"
                    },
                    {
                        "word": "병렬 스위치"
                    },
                    {
                        "word": "스위치"
                    },
                    {
                        "word": "스위칭"
                    },
                    {
                        "word": "스위칭 소자"
                    },
                    {
                        "word": "스위칭 특성"
                    },
                    {
                        "word": "인덕터"
                    },
                    {
                        "word": "전류"
                    },
                    {
                        "word": "전류정격"
                    },
                    {
                        "word": "전압 스트레스"
                    },
                    {
                        "word": "절연 변압기"
                    },
                    {
                        "word": "정상전류"
                    },
                    {
                        "word": "턴오프 동작"
                    },
                    {
                        "word": "파형"
                    },
                    {
                        "word": "환류"
                    }
                ]
            },
            {
                "context_id": "55e-0c9-3aa259ed-d0b1-465c-bae0-2fffe2d8d76f",
                "context_K-NSCC": {
                    "field": "인공물",
                    "large_category": "ED",
                    "medium_category": "04"
                },
                "context": "<p>먼저 IGBT만을 사용한 경우와 IGBT-MOSF'ET을 병렬로 사용한 경우에서의 스위칭 손실 및 도통 손실에 관한 수식을 유도한 다음에 결과 수식을 비교하여 저감되는 손실을 분석한다.</p> <p>그림 4(a)에서 IGBT 만을 사용한 경우의 턴온 손실은 \\( t_{on}=t_{r i i}+t_{f v i} \\) 이므로 다음과 같다.</p> <p>\\( P_{i(t m)}=V_{t} I_{t} t_{i(0 n)} f_{s} / 2 \\)<caption>(1)</caption></p> <p>같은 시간 \\( \\mathrm{t}_{\\mathrm{i}(\\mathrm{mn})} \\) 동안의 IGBT-MOSFET 병렬 스위치에서 발생하는 손실은 \\( \\mathrm{t}_{\\mathrm{m}(\\mathrm{on})}=\\mathrm{t}_{\\mathrm{rim}}+\\mathrm{t}_{\\mathrm{fvm}} \\) 이므로 \\( P_{p(o n)}=V_{t} I_{t} t_{m(o n)} f_{s} / 2+V_{o n m} I_{t}\\left(t_{i(o n)}-t_{m(m n)}\\right) f_{s} \\)<caption>(2)</caption> <p>이며 병렬 스위치를 사용함으로서 절감되는 턴온 손실은 다음과 같다.</p> <p>\\( P_{s(t u r n-o n)}=\\left(V_{t} / 2-V_{o n m}\\right) I_{t} f_{s}\\left(t_{i(o n)}-t_{m(o n)}\\right) \\)<caption>(3)</caption></p> <p>마찬가지로, 그림 4(a)에서 IGBT을 사용한 경우의 턴오프 손실을 구하면 \\( \\mathrm{t}_{\\mathrm{i}(\\mathrm{fft})}=\\mathrm{t}_{\\mathrm{rvi}}+\\mathrm{t}_{\\mathrm{fii}} \\) 이므로 다음 식을 얻을 수 있다.</p> <p>\\( P_{i \\text { teff })}=V_{1} I_{t} t_{\\text {itoff }} f_{s} / 2 \\)<caption>(4)</caption></p> <p>또한 \\( \\mathrm{t}_{\\mathrm{i}(0 \\mathrm{f} f} \\) 동안 IGBT-MOSFET 병렬 스위치에서의 턴오프 손실은 \\( \\mathrm{t}_{\\mathrm{m} \\text { (off) }}=\\mathrm{t}_{\\mathrm{rm}}+\\mathrm{t}_{\\text {fim }} \\) 이므로 \\( P_{p(\\text { off })}=V_{t} I_{t} t_{m(\\text { off })} f_{s} / 2+V_{\\text {onm }} I_{l}\\left(t_{i \\text { (off) }}-t_{m \\text { (off) }}\\right) f_{s} \\)<caption>(5)</caption>이며 턴오프시의 손실 저감량은 다음과 같다.</p> <p>\\( P_{s(t u r n-\\text { off })}=\\left(V_{t} / 2-V_{\\text {onm }}\\right) I_{t} f_{s}\\left(t_{\\text {ileff })}-t_{m(\\text { off }}\\right) \\)<caption>(6)</caption></p> <p>IGBT와 MOSFET를 병렬로 사용하면 도통 손실도 저감시킬 수 있다. 즉, 온상태에서 IGBT와 MOSFET의 입력전류는 각각의 온저항에 의해 분배되므로, IGBT만을 사용했을 때와 비교하여 상대적으로 순방향 전압강하가 더 낮아져서 도통 손실을 감소시킬 수 있게 되며 그 저감량은 식 (7)과 같다.</p> <p>\\( P_{s(\\text { conduction })}=P_{i(\\text { conduction })}-P_{p(\\text { conduction })}=\\left(V_{o n i}-V_{o n}\\right) I_{t} t_{o n} f_{s} \\)<caption>(7)</caption></p> <p>이상의 수식으로부터 IGBT-MOSFET 병렬 스위치를 사용한 경우에 하나의 스위치에서 저감되는 손실량 Ps를 구할 수 있다.</p> <p>\\( P_{s}=I_{t} f_{s}\\left[\\left(V_{t} / 2-V_{o n m}\\right)\\left\\{\\left(t_{i(o m)}-t_{m(o n)}\\right)\\right.\\right. \\left.\\left.+\\left(t_{i(v f f)}-t_{m(u f f)}\\right)\\right\\}+\\left(V_{o n i}-V_{o n}\\right) t_{o m}\\right] \\)<caption>(8)</caption></p> <p>식 (8)에서 알 수 있듯이 스위치에서 저감되는 손실량은 IGBT와 MOSFET의 스위칭 시간 차이와 IGBT와 병렬 스위치의 도통시 전압강하의 차이에 비례한다.</p>",
                "context_length": 2361,
                "summary": "IGBT만을 사용한 경우와 IGBT-MOSFET을 병렬로 사용한 경우에서의 스위칭 손실 및 도통 손실에 관한 수식을 유도한 다음에 결과 수식을 비교하여 저감되는 손실을 분석한다. IGBT와 MOSFET를 병렬로 사용하면 도통 손실도 저감시킬 수 있다. 즉, 온상태에서 IGBT와 MOSFET의 입력전류는 각각의 온저항에 의해 분배되므로, IGBT만을 사용했을 때와 비교하여 상대적으로 순방향 전압강하가 더 낮아져서 도통 손실을 감소시킬 수 있다. IGBT-MOSFET 병렬 스위치를 사용한 경우에 하나의 스위치에서 저감되는 손실량 Ps를 구할 수 있으며, 스위치에서 저감되는 손실량은 IGBT와 MOSFET의 스위칭 시간 차이와 IGBT와 병렬 스위치의 도통시 전압강하의 차이에 비례한다.",
                "clue": [
                    {
                        "clue_text": "먼저 IGBT만을 사용한 경우와 IGBT-MOSF'ET을 병렬로 사용한 경우에서의 스위칭 손실 및 도통 손실에 관한 수식을 유도한 다음에 결과 수식을 비교하여 저감되는 손실을 분석한다.",
                        "clue_start": "3",
                        "clue_end": "106"
                    },
                    {
                        "clue_text": "IGBT와 MOSFET를 병렬로 사용하면 도통 손실도 저감시킬 수 있다.",
                        "clue_start": "1590",
                        "clue_end": "1630"
                    },
                    {
                        "clue_text": "즉, 온상태에서 IGBT와 MOSFET의 입력전류는 각각의 온저항에 의해 분배되므로, IGBT만을 사용했을 때와 비교하여 상대적으로 순방향 전압강하가 더 낮아져서 도통 손실을 감소시킬 수 있게 되며 그 저감량은 식 (7)과 같다.",
                        "clue_start": "1631",
                        "clue_end": "1759"
                    },
                    {
                        "clue_text": "이상의 수식으로부터 IGBT-MOSFET 병렬 스위치를 사용한 경우에 하나의 스위치에서 저감되는 손실량 Ps를 구할 수 있다.",
                        "clue_start": "1937",
                        "clue_end": "2007"
                    },
                    {
                        "clue_text": "식 (8)에서 알 수 있듯이 스위치에서 저감되는 손실량은 IGBT와 MOSFET의 스위칭 시간 차이와 IGBT와 병렬 스위치의 도통시 전압강하의 차이에 비례한다.",
                        "clue_start": "2267",
                        "clue_end": "2357"
                    }
                ],
                "terminology": [
                    {
                        "word": "IGBT"
                    },
                    {
                        "word": "IGBT-MOSFET"
                    },
                    {
                        "word": "IGBT-MOSFET 병렬 스위치"
                    },
                    {
                        "word": "MOSFET"
                    },
                    {
                        "word": "conduction"
                    },
                    {
                        "word": "결과 수식"
                    },
                    {
                        "word": "도통 손실"
                    },
                    {
                        "word": "병렬"
                    },
                    {
                        "word": "병렬 스위치"
                    },
                    {
                        "word": "순방향 전압강하"
                    },
                    {
                        "word": "스위치"
                    },
                    {
                        "word": "스위칭"
                    },
                    {
                        "word": "스위칭 손실"
                    },
                    {
                        "word": "온저항"
                    },
                    {
                        "word": "입력전류"
                    },
                    {
                        "word": "저감량"
                    },
                    {
                        "word": "전압강하"
                    },
                    {
                        "word": "턴오프"
                    },
                    {
                        "word": "턴오프 손실"
                    },
                    {
                        "word": "턴온 손실"
                    }
                ]
            },
            {
                "context_id": "55e-0c9-407dace3-5521-477d-a79a-34c98286feda",
                "context_K-NSCC": {
                    "field": "인공물",
                    "large_category": "ED",
                    "medium_category": "04"
                },
                "context": "<h1>4. 손실 분석예</h1> <p>반브리지 직류-직류 변환기에 IGBT-MOSFET 병렬 스위치를 적용함으로서 효율이 향상됨을 입증하기 위하여 한 예를 들어 손실을 분석한다.</p> <p>IGBT로는 IRGBC30S, MOSFET로는 IRF840을 선정하였으며 손실 산출에 필요한 데이터는 다음과 같다.</p> <p>IGBT만을 사용한 경우의 손실과 IGBT-MOSFET 병렬 스위치를 사용한 경우의 손실을 식 (1) ~ (8)을 이용하여 산출한다.</p> <p>IGBT만을 사용한 경우의 턴온 손실은 식 (1)로부터 \\( P_{i(o n)}=V_{t} I_{t} t_{i(m)} f_{s} / 2 =1.38[\\mathrm{W}] \\) 이며 이에 대한 병렬 스위치를 이용한 경우의 턴온 손실은 식 (2)에서 \\( P_{p(o n)}=V_{t} I_{1} t_{m(m m)} f_{s} / 2+V_{o n m} I_{t}\\left(t_{i t o n)}-t_{m(m n)}\\right) f_{s} =0.90[\\mathrm{W}] \\) 이다. 따라서 저감된 턴온 손실은 다음과 같다.</p> <p>\\( P_{s(t u r n-o m)}=\\left(V_{t} / 2-V_{\\text {onmt }}\\right) I_{t} f_{s}\\left(t_{i(o n)}-t_{\\text {m(ton) }}\\right) =0.48[\\mathrm{W}] \\)</p> <p>또한 IGBT만 사용할 경우의 턴오프 손실은 식 (4)에서 \\( P_{i(o f f)}=V_{t} I_{l} t_{i(u) f} f_{s} / 2 =59.21[\\mathrm{W}] \\) 이며 병렬 스위치를 이용한 경우의 턴오프 손실은 \\( P_{p(\\text { off })}=V_{t} I_{t} t_{m(\\text { off })} f_{s} / 2+V_{\\text {onm }} I_{t}\\left(t_{\\text {iloff })}-t_{m(\\text { off })}\\right) f_{s}=8.17[\\mathrm{W}] \\) 이다. 따라서 저감된 턴오프 손실은 아래와 같다.</p> <p>\\( P_{s(\\text { turn-off })}=\\left(V_{t} / 2-V_{\\text {onm }}\\right) I_{t} f_{s}\\left(t_{i(\\text { off })}-t_{m(\\text { off })}\\right) =51.04[\\mathrm{W}] \\)</p> <p>또한 \\( P_{i(\\text { conduction })}=V_{\\text {omi }} I_{t} t_{\\text {on }} f_{s}=11.05[\\mathrm{W}] \\) \\( P_{p \\text { (cenduction })}=V_{u n} I_{t} t_{o n} f_{s}=9.73[\\mathrm{W}] \\) 이므로 도통시의 저감된 손실은 다음과 같다.</p> <p>\\( P_{\\text {s(renduction })}=P_{i(\\text { conduction })}-P_{p(\\text { conduction })} =1.32[\\mathrm{W}] \\)</p> <p>IGBT만을 사용한 경우의 전체 손실 \\( \\mathrm{P}_{\\mathrm{i}} \\) 는 IGBT가 \\( \\mathrm{Q}_{11}, \\mathrm{Q}_{12} \\) 두 개이므로 \\( P_{i}=2 \\times\\left(P_{i(m)}+P_{i(\\text { off })}+P_{i(\\text { conduction })}\\right)=143.28[\\mathrm{W}] \\) 이며 병렬 스위치를 사용한 경우의 전체 손실 \\( \\mathrm{P}_{\\mathrm{p}} \\) 는 다음과 같다.</p> <p>\\( P_{p}=2 \\times\\left(P_{p(o n)}+P_{p(o f f)}+P_{p(c o n d u c t i o n)}\\right) =36.60[\\mathrm{W}] \\)</p> <p>그러므로 저감되는 전체 손실량은 \\( P_{p s}=P_{i}-P_{p}=106.68[\\mathrm{W}] \\) 이다. 이와 같이 병렬 스위치를 사용함으로서 저감되는 손실량 \\( 106.68[\\mathrm{W}] \\) 는 변환기 출력의 \\( 4.4 \\% \\) 에 해당된다.</p> <p>이상으로부터 IGBT만을 사용한 경우에 대한 병렬 스위치 사용시의 손실 저감율을 계산하면 다음과 같다.</p> <p>손실 저감율 \\( (\\%)=\\frac{P_{p s}}{P_{i}} \\times 100=73.76[\\%] \\)</p>",
                "context_length": 2216,
                "summary": "반브리지 직류-직류 변환기에 IGBT-MOSFET 병렬 스위치를 적용하여, IGBT만을 사용한 경우 대비 효율 향상을 보이기 위해 IGBT로 IRGBC30S, MOSFET로 IRF840인 경우의 예를 들어 손실을 산출하였다. 턴온 손실의 경우 IGBT만을 사용한 경우 \\( P_{i(o n)}=V_{t} I_{t} t_{i(m)} f_{s} / 2 =1.38[\\mathrm{W}] \\), 병렬 스위치의 경우 \\( P_{p(o n)}=V_{t} I_{1} t_{m(m m)} f_{s} / 2+V_{o n m} I_{t}\\left(t_{i t o n)}-t_{m(m n)}\\right) f_{s} =0.90[\\mathrm{W}] \\) 이며, 턴오프 손실은 IGBT만을 사용한 경우 \\( P_{i(o f f)}=V_{t} I_{l} t_{i(u) f} f_{s} / 2 =59.21[\\mathrm{W}] \\), 병렬 스위치의 경우 \\( P_{p(\\text { off })}=V_{t} I_{t} t_{m(\\text { off })} f_{s} / 2+V_{\\text {onm }} I_{t}\\left(t_{\\text {iloff })}-t_{m(\\text { off })}\\right) f_{s}=8.17[\\mathrm{W}] \\)이다. 병렬 스위치로 저감되는 총 손실 저감량 \\( 106.68[\\mathrm{W}] \\) 는 변환기 출력의 \\( 4.4 \\% \\) 에 달한다.",
                "clue": [
                    {
                        "clue_text": "반브리지 직류-직류 변환기에 IGBT-MOSFET 병렬 스위치를 적용함으로서 효율이 향상됨을 입증하기 위하여 한 예를 들어 손실을 분석한다.",
                        "clue_start": "22",
                        "clue_end": "100"
                    },
                    {
                        "clue_text": "IGBT만을 사용한 경우의 턴온 손실은 식 (1)로부터 \\( P_{i(o n)}=V_{t} I_{t} t_{i(m)} f_{s} / 2 =1.38[\\mathrm{W}] \\) 이며 이에 대한 병렬 스위치를 이용한 경우의 턴온 손실은 식 (2)에서 \\( P_{p(o n)}=V_{t} I_{1} t_{m(m m)} f_{s} / 2+V_{o n m} I_{t}\\left(t_{i t o n)}-t_{m(m n)}\\right) f_{s} =0.90[\\mathrm{W}] \\) 이다.",
                        "clue_start": "262",
                        "clue_end": "528"
                    },
                    {
                        "clue_text": "또한 IGBT만 사용할 경우의 턴오프 손실은 식 (4)에서 \\( P_{i(o f f)}=V_{t} I_{l} t_{i(u) f} f_{s} / 2 =59.21[\\mathrm{W}] \\) 이며 병렬 스위치를 이용한 경우의 턴오프 손실은 \\( P_{p(\\text { off })}=V_{t} I_{t} t_{m(\\text { off })} f_{s} / 2+V_{\\text {onm }} I_{t}\\left(t_{\\text {iloff })}-t_{m(\\text { off })}\\right) f_{s}=8.17[\\mathrm{W}] \\) 이다.",
                        "clue_start": "705",
                        "clue_end": "1008"
                    },
                    {
                        "clue_text": "이와 같이 병렬 스위치를 사용함으로서 저감되는 손실량 \\( 106.68[\\mathrm{W}] \\) 는 변환기 출력의 \\( 4.4 \\% \\) 에 해당된다.",
                        "clue_start": "1994",
                        "clue_end": "2079"
                    },
                    {
                        "clue_text": "IGBT로는 IRGBC30S, MOSFET로는 IRF840을 선정하였으며 손실 산출에 필요한 데이터는 다음과 같다.",
                        "clue_start": "108",
                        "clue_end": "172"
                    }
                ],
                "terminology": [
                    {
                        "word": "IGBT"
                    },
                    {
                        "word": "IGBT-MOSFET"
                    },
                    {
                        "word": "IGBT-MOSFET 병렬 스위치"
                    },
                    {
                        "word": "MOSFET"
                    },
                    {
                        "word": "conduction"
                    },
                    {
                        "word": "turn-off"
                    },
                    {
                        "word": "반브리지"
                    },
                    {
                        "word": "반브리지 직류-직류 변환기"
                    },
                    {
                        "word": "병렬 스위치"
                    },
                    {
                        "word": "스위치"
                    },
                    {
                        "word": "저감율"
                    },
                    {
                        "word": "직류-직류 변환기"
                    },
                    {
                        "word": "턴오프 손실"
                    },
                    {
                        "word": "턴온 손실"
                    }
                ]
            }
        ]
    }
}