{
    "dataset_info": {
        "identifier": "02-031-002-NL",
        "name": "기술과학 문서 요약 데이터",
        "category": "자연어",
        "last_updated": "2023-08-30"
    },
    "dataset": {
        "doc_id": "024688fc-e997a6b4-c112-4c71-8e46-ce095edf4e62",
        "doc_type": "논문",
        "doc_title": {
            "kor": "이식형 심장 박동 조율기를 위한 저전력 심전도 검출기와 아날로그-디지털 변환기",
            "eng": ""
        },
        "doc_category": {
            "KDC": "560.5",
            "DDC": ""
        },
        "doc_number": {
            "ISSN": "1226-7244",
            "ISBN": "",
            "DOI": "",
            "UCI": ""
        },
        "doc_year": "2009",
        "doc_author": [
            "민영재",
            "김태근",
            "김수원"
        ],
        "doc_publisher": "한국전기전자학회",
        "doc_license": "CC BY-NC",
        "context_info": [
            {
                "context_id": "55e-0c9-merge_ed_024688fc-e997a6b4-c112-4c71-8e46-ce095edf4e62_03",
                "context_K-NSCC": {
                    "field": "인공물",
                    "large_category": "ED",
                    "medium_category": "04"
                },
                "context": "<h2>II. 높은 신뢰성의 저전력 심전도 검출기</h2> <p>본 장에서는 궆은 검출 정확도와 간소한 하드웨어 구조의 심전도 검출기 특성을 갖는, 기존 심전도 검출 알고리즘 중 VLSI에서 가장 효과적인 시간-주파수 영역과 시간-스케일 영역 모두에서 분석 가능한 웨이블렛 심전도 검출 알고리즘을 개선한 심전도 검출기를 제안한다. 웨이블렛 심전도 검출기는 그림 3과 같이 심전도 입력 신호를 웨이블렛 변환을 통해 신호를 분석하는 웨이블렛 필터 뱅크(WFB:Wavelet Filter Bank)의 웨이블렛 변조기(Wavelet Decomposer), 잡음이 제거된 WFB 신호를 합성하여 멀티 스케일 곱의 알고리즘으로 \\( \\mathrm { QRS } \\) 신호를 검출하는 \\( \\mathrm { QRS } \\) 신호 검출기( \\( \\mathrm { QRS } - \\mathrm { D } \\) : \\( \\mathrm { QRS } \\) Complex Detector), 그라고 잡음 제거를 위해 심전도 입녁 신호의 잡음 신호를 검출하여 \\( \\mathrm { QRS } \\) 신호 검출부의 제어신호를 생성하는 잡음 검출기(ND:Noise Detector)로 구성된다. 웨이블렛 변조기의 \\( \\mathrm { WFB } \\) 에 의해 여러 주퐈수 대역(Sub-Band)으로 입력 심전도 신호를 분해한 신호들 \\( W F_ { 1 } , W F_ { 2 } , W F_ { 3 } \\), \\( W F_ { 4 } \\) 를 잡음 대 신호비(SNR:Signal-to-Noise Ratio)에 따라, \\( \\mathrm { QRS } \\) 신호 검출기는 심장 박동 주기를 예측하게 된다. 잡음 검출기는 \\( \\mathrm { QRS } \\) 신호 검출기에서 \\( \\mathrm { WFB } \\) 출력에서 잡음을 제거하기 위한 제어신호가 되는 \\( \\mathrm { SNR } \\) 정보 \\( N D \\) 를 제공한다.</p> <h3>1. 웨이블렛 변조기</h3> <p>Spline Dyadic 웨이블렛의 경우, 현재까지 제안된 웨이블렛 군들 중 가장 간단한 구조이기에 저전력의 간소한 구조의 저대역 통과 필터-고대역 통과 필터쌍의 구성으로 가장 유리하다. 또한 WFB 2 가지 의 구현 구조 중, 데시메이터 필터 뱅크는 다운 샘플링(Down Sampling) 기법을 사용한다. 언데시메이터 필터 뱅크 구조에 비해 적은 수의 레지스터를 사용하게 되므로 저전력의 심전도 검출기 구현이 가능하게 한다.</p> <p>\\( H(z)= \\frac { 1 } { 8 } + \\frac { 3 } { 8 } z ^ { -1 } + \\frac { 3 } { 8 } z ^ { -2 } + \\frac { 1 } { 8 } z ^ { -3 } \\)<caption>(1)</caption></p>",
                "context_length": 1382,
                "summary": "높은 검출 정확도와 간소한 하드웨어 구조를 갖는 심전도 검출기를 제시한다. 이는 시간-주파수, 시간-스케일 모두에서 분석 가능한 Spline Dyadic 웨이블렛 변환과 잡음 검출기로 구성되어 있으며, 입력 신호를 여러 주파수 대역(Sub-Band)으로 분해하여 \\( \\mathrm { QRS } \\) 신호를 검출하고 잡음 제거를 위해 제어신호를 생성한다.",
                "clue": [
                    {
                        "clue_text": "본 장에서는 궆은 검출 정확도와 간소한 하드웨어 구조의 심전도 검출기 특성을 갖는, 기존 심전도 검출 알고리즘 중 VLSI에서 가장 효과적인 시간-주파수 영역과 시간-스케일 영역 모두에서 분석 가능한 웨이블렛 심전도 검출 알고리즘을 개선한 심전도 검출기를 제안한다.",
                        "clue_start": "36",
                        "clue_end": "184"
                    },
                    {
                        "clue_text": "웨이블렛 변조기의 \\( \\mathrm { WFB } \\) 에 의해 여러 주퐈수 대역(Sub-Band)으로 입력 심전도 신호를 분해한 신호들 \\( W F_ { 1 } , W F_ { 2 } , W F_ { 3 } \\), \\( W F_ { 4 } \\) 를 잡음 대 신호비(SNR:Signal-to-Noise Ratio)에 따라, \\( \\mathrm { QRS } \\) 신호 검출기는 심장 박동 주기를 예측하게 된다. 잡음 검출기는 \\( \\mathrm { QRS } \\) 신호 검출기에서 \\( \\mathrm { WFB } \\) 출력에서 잡음을 제거하기 위한 제어신호가 되는 \\( \\mathrm { SNR } \\) 정보 \\( N D \\) 를 제공한다.",
                        "clue_start": "598",
                        "clue_end": "958"
                    },
                    {
                        "clue_text": "Spline Dyadic 웨이블렛의 경우, 현재까지 제안된 웨이블렛 군들 중 가장 간단한 구조이기에 저전력의 간소한 구조의 저대역 통과 필터-고대역 통과 필터쌍의 구성으로 가장 유리하다. 또한 WFB 2 가지 의 구현 구조 중, 데시메이터 필터 뱅크는 다운 샘플링(Down Sampling) 기법을 사용한다.",
                        "clue_start": "987",
                        "clue_end": "1159"
                    },
                    {
                        "clue_text": "웨이블렛 심전도 검출기는 그림 3과 같이 심전도 입력 신호를 웨이블렛 변환을 통해 신호를 분석하는 웨이블렛 필터 뱅크(WFB:Wavelet Filter Bank)의 웨이블렛 변조기(Wavelet Decomposer), 잡음이 제거된 WFB 신호를 합성하여 멀티 스케일 곱의 알고리즘으로 \\( \\mathrm { QRS } \\) 신호를 검출하는 \\( \\mathrm { QRS } \\) 신호 검출기( \\( \\mathrm { QRS } - \\mathrm { D } \\) : \\( \\mathrm { QRS } \\) Complex Detector), 그라고 잡음 제거를 위해 심전도 입녁 신호의 잡음 신호를 검출하여 \\( \\mathrm { QRS } \\) 신호 검출부의 제어신호를 생성하는 잡음 검출기(ND:Noise Detector)로 구성된다.",
                        "clue_start": "185",
                        "clue_end": "597"
                    }
                ],
                "terminology": [
                    {
                        "word": "Bank"
                    },
                    {
                        "word": "Complex"
                    },
                    {
                        "word": "Detector"
                    },
                    {
                        "word": "Dyadic"
                    },
                    {
                        "word": "Filter Bank"
                    },
                    {
                        "word": "QRS"
                    },
                    {
                        "word": "SNR"
                    },
                    {
                        "word": "Sampling"
                    },
                    {
                        "word": "Spline"
                    },
                    {
                        "word": "Spline Dyadic 웨이블렛"
                    },
                    {
                        "word": "Sub-Band"
                    },
                    {
                        "word": "VLSI"
                    },
                    {
                        "word": "WFB"
                    },
                    {
                        "word": "WFB 신호"
                    },
                    {
                        "word": "Wavelet"
                    },
                    {
                        "word": "간소"
                    },
                    {
                        "word": "검출기"
                    },
                    {
                        "word": "다운 샘플링"
                    },
                    {
                        "word": "다운 샘플링 기법"
                    },
                    {
                        "word": "데시메이터"
                    },
                    {
                        "word": "데시메이터 필터 뱅크"
                    },
                    {
                        "word": "레지스터"
                    },
                    {
                        "word": "멀티 스케일"
                    },
                    {
                        "word": "뱅크 구조"
                    },
                    {
                        "word": "변조기"
                    },
                    {
                        "word": "시간-스케일"
                    },
                    {
                        "word": "시간-스케일 영역"
                    },
                    {
                        "word": "신뢰성"
                    },
                    {
                        "word": "신호 검출기"
                    },
                    {
                        "word": "신호비"
                    },
                    {
                        "word": "심전도"
                    },
                    {
                        "word": "심전도 검출 알고리즘"
                    },
                    {
                        "word": "심전도 검출기"
                    },
                    {
                        "word": "심전도 신호"
                    },
                    {
                        "word": "심전도 입력 신호"
                    },
                    {
                        "word": "알고리즘"
                    },
                    {
                        "word": "언데시메이터 필터 뱅크"
                    },
                    {
                        "word": "웨이블렛 변조기"
                    },
                    {
                        "word": "웨이블렛 심전도 검출 알고리즘"
                    },
                    {
                        "word": "웨이블렛 필터"
                    },
                    {
                        "word": "잡음"
                    },
                    {
                        "word": "잡음 검출기"
                    },
                    {
                        "word": "잡음 대 신호비"
                    },
                    {
                        "word": "제어신호"
                    },
                    {
                        "word": "필터 뱅크"
                    },
                    {
                        "word": "하드웨어"
                    },
                    {
                        "word": "합성"
                    }
                ]
            },
            {
                "context_id": "55e-0c9-merge_ed_024688fc-e997a6b4-c112-4c71-8e46-ce095edf4e62_05",
                "context_K-NSCC": {
                    "field": "인공물",
                    "large_category": "ED",
                    "medium_category": "99"
                },
                "context": "<h3>3. 잡음 검출기</h3> <p>잡음 검출기는 특정 시간 간격 동안 0 -교차점(Zero-Crossing Point)의 수를 카운트 하는 가장 간소한 하드웨어 구조를 갖는 방법 중 하나로 구현된다. WFB의 \\( W F_ { 1 } \\) 신호를 \\( \\mathrm { XOR } \\) 연산을 통해, 입력신호 변화를 보여주는 양과 음의 신호로 구현된다. 리셋 카운터(Reset Counter)는 약 \\( 200 \\mathrm { mS } \\) 의 리셋 시간 간격(Reset Interval)동안 카운트를 동작하는 리셋 신호를 생성한다. 0 -교차점 카운터 (Counter of Zero-Crossing Points)는 이를 카운트 하여 잡음의 정도에 따라 \"0\" 또는 \"1\" 의 신호를 출력한다. 잡음 검출기의 출력 \"0\"은 높은 \\( \\mathrm { SNR } \\) 환경에서 출력되며, \"1\"은 낮은 \\( \\mathrm { SNR } \\) 환경에서 출력된다. 그림 6 은 구현한 잡음 검출기의 회로도이다.</p> <h2>III. 저전력 \\( \\mathrm { SAR } \\mathrm { ADC } \\)</h2> <p>이식형 의료 기기에 사용되는 \\( \\mathrm { ADC } \\) 는 빠른 변환 속도를 요구치 않으며, 매우 적은 전력 소모를 요구한다. 그림 7의 \\( \\mathrm { SAR } \\mathrm { ADC } \\) 는 내부의 디지털-아날로그 변환기(DAC:Digital-to-Analog Converter)에서 생성되는 기준 전압을 아날로그 입력 전압 \\( V_ { I N } \\) 을 입력으로 하는 \\( \\mathrm { S \\& H } \\) 의 출력 \\( V_ { I I } \\) 과 비교한 뒤, 이진 검색 알고리즘을 이용하여 기준 전압이 입력 전압과 동일해지도록 디지털 데이터를 발생시키는 데이터 변환기이다. \\( \\mathrm { SAR } \\mathrm { ADC } \\) 는 \\( \\mathrm { S \\& H } \\) 와 비교기를 제외한 나머지 블록은 모두 디지털로 구현되기 때문에, 저전력으로 8비트 이상의 데이터 변환이 가능하다.</p> <h3>1. 비교기</h3> <p>\\( \\mathrm { SAR } \\mathrm { ADC } \\) 에서 비교기는 \\( \\mathrm { S \\& H } \\) 에서 공급되는 입력전압과 내부의 DAC에서 생성되는 기준 전압을 비교하는 역할을 한다. 비교기는 \\( \\mathrm { ADC } \\) 의 해상도인 \\( 1 \\mathrm { LSB } \\)의 전압 차이를 감지할 수 있어야 하며, Rail-to-Rail로 동작할 수 있어야 한다. 또한 비교기는 SAR ADC 에서 전력 소모가 많은 블록이므로 전력 소모를 줄일 수 있는 구조로 설계해야 한다. 그림 8은 제안하는 Rail-to-Rail 동작의 비교기 구성도이다. 제안한 비교기는 SAR 레지 스터의 MSB의 값에 따라 동작하는 NMOS쌍의 입력을 갖는 비교기, PMOS쌍의 입력을 갖는 비교기와 \\( 2: 1 \\) 멀티플렉서(MUX:Multiplexer)로 구성된다. MSB가 \"1\" 인 경우 NMOS쌍의 입력을 갖는 비교기가, MSB가 \"0\"인 경우 PMOS쌍의 입력을 갖는 비교기가 동작을 하게 되어, Rail-to-Rail 동작을 구현하였다. \\( 2: 1 \\mathrm { MUX } \\) 는 SAR 레지스터의 MSB에 따라, 동작하는 유효한 비교기를 선택한다.</p>",
                "context_length": 1691,
                "summary": "잡음 검출기는 특정 시간 동안 0-교차점의 수를 계산하는 단순한 하드웨어 구조를 가진다. 높은 SNR에서는 '0', 낮은 SNR에서는 '1'을 출력한다. 또한, SAR ADC에서는 비교기가 S&H로부터 제공된 입력 전압과 내부 DAC에서 생성된 기준 전압을 비교하는 역할을 수행한다.",
                "clue": [
                    {
                        "clue_text": "잡음 검출기는 특정 시간 간격 동안 0 -교차점(Zero-Crossing Point)의 수를 카운트 하는 가장 간소한 하드웨어 구조를 갖는 방법 중 하나로 구현된다.",
                        "clue_start": "22",
                        "clue_end": "114"
                    },
                    {
                        "clue_text": "잡음 검출기의 출력 \"0\"은 높은 \\( \\mathrm { SNR } \\) 환경에서 출력되며, \"1\"은 낮은 \\( \\mathrm { SNR } \\) 환경에서 출력된다.",
                        "clue_start": "393",
                        "clue_end": "485"
                    },
                    {
                        "clue_text": "\\( \\mathrm { SAR } \\mathrm { ADC } \\) 에서 비교기는 \\( \\mathrm { S \\& H } \\) 에서 공급되는 입력전압과 내부의 DAC에서 생성되는 기준 전압을 비교하는 역할을 한다.",
                        "clue_start": "1074",
                        "clue_end": "1193"
                    }
                ],
                "terminology": [
                    {
                        "word": "ADC"
                    },
                    {
                        "word": "Converter"
                    },
                    {
                        "word": "Counter"
                    },
                    {
                        "word": "DAC"
                    },
                    {
                        "word": "Interval"
                    },
                    {
                        "word": "LSB"
                    },
                    {
                        "word": "MSB"
                    },
                    {
                        "word": "MUX"
                    },
                    {
                        "word": "Points"
                    },
                    {
                        "word": "Rail-to-Rail"
                    },
                    {
                        "word": "Reset"
                    },
                    {
                        "word": "SAR"
                    },
                    {
                        "word": "SAR ADC"
                    },
                    {
                        "word": "SAR 레지스터"
                    },
                    {
                        "word": "SNR"
                    },
                    {
                        "word": "WFB"
                    },
                    {
                        "word": "XOR"
                    },
                    {
                        "word": "Zero-Crossing"
                    },
                    {
                        "word": "Zero-Crossing Point"
                    },
                    {
                        "word": "간소"
                    },
                    {
                        "word": "검출기"
                    },
                    {
                        "word": "기준 전압"
                    },
                    {
                        "word": "데이터 변환기"
                    },
                    {
                        "word": "디지털-아날로그 변환기"
                    },
                    {
                        "word": "레지스터"
                    },
                    {
                        "word": "리셋 신호"
                    },
                    {
                        "word": "멀티플렉서"
                    },
                    {
                        "word": "변환 속도"
                    },
                    {
                        "word": "아날로그 입력"
                    },
                    {
                        "word": "아날로그 입력 전압"
                    },
                    {
                        "word": "알고리즘"
                    },
                    {
                        "word": "이식형"
                    },
                    {
                        "word": "이진 검색"
                    },
                    {
                        "word": "잡음"
                    },
                    {
                        "word": "잡음 검출기"
                    },
                    {
                        "word": "전력 소모"
                    },
                    {
                        "word": "하드웨어"
                    },
                    {
                        "word": "회로도"
                    }
                ]
            },
            {
                "context_id": "55e-0c9-merge_ed_024688fc-e997a6b4-c112-4c71-8e46-ce095edf4e62_06",
                "context_K-NSCC": {
                    "field": "인공물",
                    "large_category": "ED",
                    "medium_category": "99"
                },
                "context": "<p>이진 검색법을 사용하는 \\( \\mathrm { SAR } \\mathrm { ADC } \\) 의 경우 비교기의 입력 값이 순차적으로 바뀌므로, 다시 말해 비교기의 입력 공통 모드 범위가 순차적으로 바뀌므로 이를 이용하면 Rail-to-Rail 비교기의 구현이 수월하다. \\( \\mathrm { SAR } A D C \\) 는 \\( \\mathrm { V } _ {\\mathrm { SS } } \\) 가 \\( 0 \\mathrm { ~V } \\) 인 경우, 제일 먼저 입력 신호가 \\( \\mathrm { V } _ {\\mathrm { DD } } / 2 \\) 보다 큰지 작은지에 따라 \\( \\mathrm { MSB } \\) 신호를 결정하게 된다. 따라서 \\( \\mathrm { MSB } \\) 가 1일 경우에는 입력 신호의 레벨이 \\( \\mathrm { V } _ {\\mathrm { DD } } / 2 \\) 에서 \\( \\mathrm { V } _ {\\mathrm { DD } } \\) 사이의 값이 되므로 \\( \\mathrm { NMOS } \\) 쌍의 입력을 갖는 비교기를 이용하여 데이터 변환 동작을 계속할 수 있게 되며, \\( \\mathrm { PMOS } \\) 쌍의 입력을 갖는 비교기를 Off 시켜서 전력 소모를 줄일 수 있다. 반대로 \\( \\mathrm { MSB } \\) 가 0 일 경우에는 입력 신호의 레벨이 0에서 \\( \\mathrm { V } _ {\\mathrm { DD } } / 2 \\) 사이의 값이 되므로 \\( \\mathrm { PMOS } \\) 쌍의 입력을 갖는 비교기를 이용하여 데이터 변환을 수행시키고, \\( \\mathrm { NMOS } \\) 쌍의 입력을 갖는 비교기를 Off 시켜서 전력 소모를 줄일 수 있다. 그림 9 는 NMOS쌍의 입력을 갖는 비교기와 PMOS쌍의 입력을 갖는 비교기의 회로도이다. 그림 9 (a)에서는 입력 트랜지스터 M1, M2 가 NMOS를, 그림 9 (b)에서는 입력 트랜지스터 M1, M2 가 PMOS를 사용하여 구현하였다.</p> <p>또한 비교기의 전력 소모를 줄이기 위하여 일정 구간에서만 비교기를 동작시키고, 나머지 구간에서는 비교기를 Off 시키는 \\( \\mathrm { On } / \\mathrm { Off } \\) 시간의 디지털 제어 가능한 비교기를 제안하였다. 그림 10 은 제안한 그림 9의 Rail-to-Rail 비교기의 제어 스위치 \\( \\mathrm { M } 6, \\mathrm { M } 7, \\mathrm { M } 10 \\)에 인가되는 비교기의 동작 여부 제어 신호들이다. 비교기는 전체 \\( \\mathrm { V } _ {\\mathrm { CLK } } \\) 의 전체 주기에 비해 약 \\( 100 \\mathrm { nS } \\) 의 매우 짧은 시간만 동작하도록 구현하였다.</p>",
                "context_length": 1381,
                "summary": "이진 검색법을 사용하는 SARADC는 비교기의 입력 공통 모드 범위가 차례대로 바뀌므로 이를 이용한다면 Rail-to-Rail 비교기의 구현이 쉽다. 그리고 비교기의 전력 소모를 줄이기 위해서 일정 구간에서만 비교기를 동작시키고, 나머지 구간에서는 끄는 디지털 제어가 가능한 비교기를 제안하였다.",
                "clue": [
                    {
                        "clue_text": "이진 검색법을 사용하는 \\( \\mathrm { SAR } \\mathrm { ADC } \\) 의 경우 비교기의 입력 값이 순차적으로 바뀌므로, 다시 말해 비교기의 입력 공통 모드 범위가 순차적으로 바뀌므로 이를 이용하면 Rail-to-Rail 비교기의 구현이 수월하다.",
                        "clue_start": "3",
                        "clue_end": "152"
                    },
                    {
                        "clue_text": "또한 비교기의 전력 소모를 줄이기 위하여 일정 구간에서만 비교기를 동작시키고, 나머지 구간에서는 비교기를 Off 시키는 \\( \\mathrm { On } / \\mathrm { Off } \\) 시간의 디지털 제어 가능한 비교기를 제안하였다.",
                        "clue_start": "1005",
                        "clue_end": "1137"
                    }
                ],
                "terminology": [
                    {
                        "word": "ADC"
                    },
                    {
                        "word": "CLK"
                    },
                    {
                        "word": "DD"
                    },
                    {
                        "word": "M1"
                    },
                    {
                        "word": "MSB"
                    },
                    {
                        "word": "NMOS"
                    },
                    {
                        "word": "PMOS"
                    },
                    {
                        "word": "Rail-to-Rail"
                    },
                    {
                        "word": "Rail-to-Rail 비교기"
                    },
                    {
                        "word": "SAR"
                    },
                    {
                        "word": "SS"
                    },
                    {
                        "word": "스위치"
                    },
                    {
                        "word": "입력 트랜지스터"
                    },
                    {
                        "word": "전력 소모"
                    },
                    {
                        "word": "제어 스위치"
                    },
                    {
                        "word": "트랜지스터"
                    },
                    {
                        "word": "회로도"
                    }
                ]
            },
            {
                "context_id": "55e-0c9-merge_ed_024688fc-e997a6b4-c112-4c71-8e46-ce095edf4e62_07",
                "context_K-NSCC": {
                    "field": "인공물",
                    "large_category": "ED",
                    "medium_category": "99"
                },
                "context": "<h3>2. 기타 회로</h3> <p>\\( \\mathrm { S \\& H } \\) 는 \\( \\mathrm { ADC } \\) 의 제일 앞 단에서 입력 신호를 받아, 다음 단에서 신호를 N비트로 변환하는 동안 그 신호의 값을 일정하게 유지하는 역할을 한다. S \\&H는 크게 개루프 구조와 폐루프 구조로 나눌 수 있다. 개루프 구조는 그 구조가 단수하므로 전력 소비가 적고 상대적으로 더 빠른 속도를 구현할 수 있다. 동작 속도는 입력 임피던스, 스위치의 임피던스, 커패시터간의 \\( \\mathrm { RC } \\)-시상수(Time Constant)에 의해 정해진다. 반면, 폐루프 구조는 출력 버퍼의 Settling 시간에 의존 한다. 또한 전력 측면에서 Unity-Gain의 증폭기를 사용한 폐루프 구조보다 스위치와 커패시터를 사용하는 개루프 구조가 정전류원이 없기 때문에 전력을 적게 소모한다. 본 논문에서는 저전력의 동작을 위해, 그림 11 (a)와 같은 개루프 구조의 Time-Interleaved S \\&H 를 구현하였다. 구현한 S \\&H는 수동 소자만을 사용하며, 정전류원이 없기 때문에 매우 적은 전력으로 동작이 가능하다. Sampling 스위치가 f faMPLE의 클럭에</p> <p>의해 On되어 있을 때 입력을 추적(Track)하게 되고, Off되어 있을 때 그 값을 유지(Hold)하게 된다. 두개 의 스위치를 서로 교차하여, 입력 신호의 변환 구간 내 어느 시간에서나 항상 입력 값을 일정하게 유지하는 출력으로 내놓을 수 있게 한다.</p> <p>\\( \\mathrm { DAC } \\) 는 비교기의 기준 전압을 만드는 역할을 한다. \\( \\mathrm { SAR } \\mathrm { ADC } \\) 알고리즘은 \\( \\mathrm { ADC } \\) 의 해상도와 같은 해상도 를 가진 \\( \\mathrm { DAC } \\) 가 필요하다. 커패시터 Array는 실제 칩 내부에서 선형적으로 크기를 증가시키기 힘들기 때문에, 고해상도 \\( \\mathrm { DAC } \\) 에 사용하기 어려운 단점이 있다. 또한 Metal-Insulator-Metal(MIM) 커패시터들은 상대적으로 정전 용량 값이 작으므로, 큰 용량 값을 갖는 커패시터를 설계할 때 칩 내부에 넣기 힘들다. 따라서 게이트 Oxide를 이용한 MOS 커패시터를 사용하게 되는 경우 매우 넓은 면적을 차지하게 된다. 또한 실제 MOS 커패시터는 바이어스 전압에 따라 비선형적인 커패시터 값을 보여준다는데 단점이 있다. 따라서 본 논문에서는 그림 11 (b)의 커패시터를 사용하지 않은, 8 비트의 해상도를 갖는 Matrix 구조의 저항 String DAC를 제안하였다.</p>",
                "context_length": 1322,
                "summary": "ADC의 제일 앞 단을 통해 입력 신호를 받은 S&H는 다음 단에서 신호를 N비트로 변환하는 동안 그 신호의 값을 일정하게 유지하는 역할을 한다. 개루프 구조는 전력 소비가 적고 상대적으로 더 빠른 속도를 구현할 수 있으며, 폐루프 구조는 출력 버퍼의 Settling 시간에 의존한다. 본 논문에서는 저전력의 동작을 위해 개루프 구조의 Time-Interleaved S&H를 구현하였고, SAR ADC 알고리즘은 DAC의 해상도와 같은 해상도를 가진 DAC이 필요하다.",
                "clue": [
                    {
                        "clue_text": "\\( \\mathrm { S \\& H } \\) 는 \\( \\mathrm { ADC } \\) 의 제일 앞 단에서 입력 신호를 받아, 다음 단에서 신호를 N비트로 변환하는 동안 그 신호의 값을 일정하게 유지하는 역할을 한다.",
                        "clue_start": "21",
                        "clue_end": "142"
                    },
                    {
                        "clue_text": "개루프 구조는 그 구조가 단수하므로 전력 소비가 적고 상대적으로 더 빠른 속도를 구현할 수 있다.",
                        "clue_start": "178",
                        "clue_end": "232"
                    },
                    {
                        "clue_text": "반면, 폐루프 구조는 출력 버퍼의 Settling 시간에 의존 한다.",
                        "clue_start": "317",
                        "clue_end": "355"
                    },
                    {
                        "clue_text": "본 논문에서는 저전력의 동작을 위해, 그림 11 (a)와 같은 개루프 구조의 Time-Interleaved S \\&H 를 구현하였다.",
                        "clue_start": "447",
                        "clue_end": "521"
                    },
                    {
                        "clue_text": "\\( \\mathrm { SAR } \\mathrm { ADC } \\) 알고리즘은 \\( \\mathrm { ADC } \\) 의 해상도와 같은 해상도 를 가진 \\( \\mathrm { DAC } \\) 가 필요하다.",
                        "clue_start": "815",
                        "clue_end": "929"
                    }
                ],
                "terminology": [
                    {
                        "word": "ADC"
                    },
                    {
                        "word": "Array"
                    },
                    {
                        "word": "Constant"
                    },
                    {
                        "word": "DAC"
                    },
                    {
                        "word": "Hold"
                    },
                    {
                        "word": "MIM"
                    },
                    {
                        "word": "MOS 커패시터"
                    },
                    {
                        "word": "Matrix"
                    },
                    {
                        "word": "Metal-Insulator-Metal"
                    },
                    {
                        "word": "N비트"
                    },
                    {
                        "word": "Oxide"
                    },
                    {
                        "word": "RC"
                    },
                    {
                        "word": "SAR"
                    },
                    {
                        "word": "Sampling"
                    },
                    {
                        "word": "Settling"
                    },
                    {
                        "word": "Settling 시간"
                    },
                    {
                        "word": "String"
                    },
                    {
                        "word": "Time Constant"
                    },
                    {
                        "word": "Unity-Gain"
                    },
                    {
                        "word": "f faMPLE"
                    },
                    {
                        "word": "faMPLE"
                    },
                    {
                        "word": "개루프 구조"
                    },
                    {
                        "word": "게이트 Oxide"
                    },
                    {
                        "word": "교차"
                    },
                    {
                        "word": "기준 전압"
                    },
                    {
                        "word": "바이어스"
                    },
                    {
                        "word": "바이어스 전압"
                    },
                    {
                        "word": "스위치"
                    },
                    {
                        "word": "알고리즘"
                    },
                    {
                        "word": "임피던스"
                    },
                    {
                        "word": "입력 임피던스"
                    },
                    {
                        "word": "저항 String DAC"
                    },
                    {
                        "word": "전력 소비"
                    },
                    {
                        "word": "정전 용량"
                    },
                    {
                        "word": "정전류원"
                    },
                    {
                        "word": "증폭기"
                    },
                    {
                        "word": "출력 버퍼"
                    },
                    {
                        "word": "커패시터"
                    },
                    {
                        "word": "커패시터 Array"
                    },
                    {
                        "word": "클럭"
                    },
                    {
                        "word": "폐루프"
                    },
                    {
                        "word": "폐루프 구조"
                    },
                    {
                        "word": "회로"
                    }
                ]
            },
            {
                "context_id": "55e-0c9-merge_ed_024688fc-e997a6b4-c112-4c71-8e46-ce095edf4e62_00",
                "context_K-NSCC": {
                    "field": "인공물",
                    "large_category": "ED",
                    "medium_category": "99"
                },
                "context": "<h1>이식형 심장 박동 조율기를 위한 저전력 심전도 검출기와 아날로그-디지털 변환기</h1> <h2>요 약</h2> <p>본 논문에서 이식형 심장 박동 조율기를 위한 심전도 검출기와 아날로그-디지털 변환기 \\( ( \\mathrm { ADC } ) \\) 를 설계한다. 제안한 웨이블렛 심전도 검출기는 웨이블렛 필터 뱅크 구조의 웨이블렛 변조기, 웨이블렛 합성된 심전도 신호의 가설 검정을 통한 \\( \\mathrm { QRS } \\) 신호 검출기와 0-교차점을 이용한 잡음 검출기로 구성된다. 저전력 소모의 동작을 유지하며 보다 높은 검출 정확도를 갓는 심전도 검출기의 구현을 위해, 다중스케일 곱의 알고리즘과 적응형의 임계값을 갓는 알고리즘을 사용하였다. 또한 심전도 검출기의 입력단에 위치하는 저전력 Successive Approximation Register ADC의 구현을 위해, 신호 변환의 수기 중, 매우 짧은 시간 동안에만 동작하는 비교기와 수동 소자로 구성되는 Sample \\&Hold를 사용하였다. 제안한 회로는 표준 CMOS \\( 0.35 \\mu \\mathrm { m } \\) 공정을 사용하여 집적 및 제작되었고, \\( 99.32 \\% \\) 의 높은 검출 정확도와 \\( 3 \\mathrm { ~V } \\) 의 전원 전압에서 \\( 19.02 \\Perp \\mathrm { W } \\) 의 매우 낮은 전력 소모를 갖는 것을 실험을 통해 확인하였다.</p> <h2>I. 서론</h2> <p>최근 현대사회에서는 인구의 고령화로 인하여 심장 질환, 정형외과 질환, 시각 장애 등으로 고통 받는 환자의 수가 매년 꾸준히 증가하고 있는 동시에, 의료기기 제조 기술의 급속한 진화와 환자에 대한 치료 전략의 변화로 이식 가능한 의로기기의 성장이 가속화 되고 있다. 이식형 심장 박종 조율기는 1950년대에 소개 되었으며, 서맥(Bradycardia)과 심차단(Heart Break) 등의 심장 질환을 않고 있는 환자의 몸 속에 이식된 후에 환자의 심박수와 심장의 리듬을 관찰하여 심장이 일시적으로 뛰지 않거나 느리게 뛀 때, 심장에 적절한 전기적인 자극을 가하여 심박 상태를 정상적인 상태로 돌려 주는 역할을 한다.</p> <p>그림 1 은 기즌에 제시된 이식형 심장 박동 조율기의 집적 회로(IPIC:Implantable Pacemaker Integrated Circuit)의 공통적인 구조이다. 심장 박동 조율기의 센서에 해당하는 두 개의 전극선(Electrode)이 심장의 심방과 심실에 각각 연결되어 심장의 전기적인 신호를 전달하는 역할을 한다. 전극에서 얻어진 심장의 전기적 신호는 증폭과 필터를 통해 아날로그-디지털 변환기(ADC:Analog-to-Digital Converter)의 입력으로 전달되어, 심전도 검출기(ECG Detector)가 심장의 상태를 확인한다. 비정상적인 심장 박동일 경우, 펄스 발생기가 심장에 전기적 자극을 가한다. 이러한 이식형 심장 박동 조율기의 집적 회로는 근래 활발한 연구가 진행되고 있는 연구 분야 중 하나로서, 매우 복잡한 시스템으로 구성되어 있으며 보다 정교한 의료적 사양을 요구한다. 특히, 최근 이식형 심장 박동 조율기의 집적 회로 구현의 주요 쟁점은 배터리를 사용하는 회로의 특성상 요구되는 저전력의 안정성과 신뢰성을 확보하면서, 모든 블록을 하나의 칩에 집적화(SOC:System On a Chip)하는 것이다.</p>",
                "context_length": 1667,
                "summary": "이 논문에서는 이식형 심장 박동 조율기를 위한 저전력 심전도 검출기와 아날로그-디지털 변환기를 설계하였다. 웨이블렛 필터 뱅크 구조의 웨이블렛 변조기, \\( \\mathrm { QRS } \\) 신호 검출기, 잡음 검출기로 구성된 심전도 검출기와 Successive Approximation Register ADC로 구성된 아날로그-디지털 변환기를 사용하여 높은 검출 정확도와 매우 낮은 전력 소모를 갖는 것을 확인하였다.",
                "clue": [
                    {
                        "clue_text": "본 논문에서 이식형 심장 박동 조율기를 위한 심전도 검출기와 아날로그-디지털 변환기 \\( ( \\mathrm { ADC } ) \\) 를 설계한다.",
                        "clue_start": "69",
                        "clue_end": "149"
                    },
                    {
                        "clue_text": "제안한 웨이블렛 심전도 검출기는 웨이블렛 필터 뱅크 구조의 웨이블렛 변조기, 웨이블렛 합성된 심전도 신호의 가설 검정을 통한 \\( \\mathrm { QRS } \\) 신호 검출기와 0-교차점을 이용한 잡음 검출기로 구성된다. 저전력 소모의 동작을 유지하며 보다 높은 검출 정확도를 갓는 심전도 검출기의 구현을 위해, 다중스케일 곱의 알고리즘과 적응형의 임계값을 갓는 알고리즘을 사용하였다.",
                        "clue_start": "150",
                        "clue_end": "366"
                    }
                ],
                "terminology": [
                    {
                        "word": "ADC"
                    },
                    {
                        "word": "Approximation"
                    },
                    {
                        "word": "CMOS"
                    },
                    {
                        "word": "Chip"
                    },
                    {
                        "word": "Converter"
                    },
                    {
                        "word": "Detector"
                    },
                    {
                        "word": "Integrated Circuit"
                    },
                    {
                        "word": "Pacemaker"
                    },
                    {
                        "word": "QRS"
                    },
                    {
                        "word": "Register"
                    },
                    {
                        "word": "Sample"
                    },
                    {
                        "word": "가설 검정"
                    },
                    {
                        "word": "검정"
                    },
                    {
                        "word": "검출기"
                    },
                    {
                        "word": "다중스케일"
                    },
                    {
                        "word": "뱅크 구조"
                    },
                    {
                        "word": "변조기"
                    },
                    {
                        "word": "서맥"
                    },
                    {
                        "word": "센서"
                    },
                    {
                        "word": "수동 소자"
                    },
                    {
                        "word": "신뢰성"
                    },
                    {
                        "word": "신호 변환"
                    },
                    {
                        "word": "심실"
                    },
                    {
                        "word": "심전도"
                    },
                    {
                        "word": "심전도 검출기"
                    },
                    {
                        "word": "심전도 신호"
                    },
                    {
                        "word": "아날로그-디지털 변환기"
                    },
                    {
                        "word": "알고리즘"
                    },
                    {
                        "word": "웨이블렛 변조기"
                    },
                    {
                        "word": "웨이블렛 필터"
                    },
                    {
                        "word": "이식형"
                    },
                    {
                        "word": "이식형 심장 박동 조율기"
                    },
                    {
                        "word": "임계값"
                    },
                    {
                        "word": "잡음"
                    },
                    {
                        "word": "잡음 검출기"
                    },
                    {
                        "word": "전극"
                    },
                    {
                        "word": "전극선"
                    },
                    {
                        "word": "전기적"
                    },
                    {
                        "word": "전기적 신호"
                    },
                    {
                        "word": "전기적 자극"
                    },
                    {
                        "word": "전력 소모"
                    },
                    {
                        "word": "전원 전압"
                    },
                    {
                        "word": "집적 회로"
                    },
                    {
                        "word": "집적화"
                    },
                    {
                        "word": "펄스 발생기"
                    },
                    {
                        "word": "표준 CMOS"
                    },
                    {
                        "word": "필터 뱅크"
                    },
                    {
                        "word": "합성"
                    },
                    {
                        "word": "회로"
                    }
                ]
            },
            {
                "context_id": "55e-0c9-merge_ed_024688fc-e997a6b4-c112-4c71-8e46-ce095edf4e62_04",
                "context_K-NSCC": {
                    "field": "인공물",
                    "large_category": "ED",
                    "medium_category": "99"
                },
                "context": "<p>\\( G(z)=2-2 z ^ { -1 } \\)<caption>(2)</caption></p> <p>Quadrature Spline Dyadic 웨이블렛은 그림 4 와 같이 식 (1)의 저대역 통과 필터 \\( H(z) \\) 와 식 (2)의 고대역 통과 필터 \\( G(z) \\) 를 기본으로 \\( \\mathrm { WFB } \\) 를 구현한다. 심전도 신호는 8 비트 \\( \\mathrm { ADC } \\) 를 통해 \\( 1 \\mathrm { KHz } \\) 샘플링 속도로 웨이블렛 변조기에 입력된다. 물론 샘플링 속도가 변화되면 필터의 계수도 변화되어야 한다. 저전력 구현을 위해 필터 계수 \\( [-1,1] \\) 과 \\( [1,3,3,1] \\) 의 필터로 구성되는 \\( \\mathrm { WFB } \\) 는 덧셈과 시프트 연산만으로 구현하였다. 초단의 웨이블렛 필터의 샘플링 속도는 실험에서 사-용될 MIT-BIH 표준 데이터베이스와 동일한 \\( 1 \\mathrm { KHz } \\) 이다.</p> <h3>2. QRS 신호 검출기</h3> <p>기존 웨이블렛 심전도 신호 복원부는 GLRT(Generalized Likelihood Ratio Test)의 알고리즘을 사용한다. GLRT 알고리즘은 알려지지 않은 매개 변수를 최대로 예측하여 최대의 가능성을 찾는 알고리즘으로 2개 이상의 곱셈기의 구현을 위해 많은 레지스터가 필요하다. 복잡한 하드웨어 구조로 인해 많은 전력을 소모하는 기존 심전도 검출기를 개선하는, 다중스케일 곱을 사용한 간소한 하드웨어 구조의 웨이블렛 심전도 신호 복원부를 제안한다. 그 림 5 (a)와 같이 다중스케일 곱의 알고리즘은 원하는 신호, 즉 잡음이 제거된 가장 많은 성분을 가진 웨이블렛 영역의 신호와 합을 구한다. 식 (3)은 멀티스케일 곱의 알고리즘을 구현한 수식이 되겠다. 식 (3)에서 \\( I \\) 는 복원을 위한 합성에 사용되는 유효한 WFB의 분해된 출력의 부분 집합을 나타낸다.</p> <p>\\( M P_ { I } = \\prod_ { I } \\left |W F_ { I } \\right | \\)<caption>(3)</caption></p> <p>잡음이 심한 환경, 즉 \\( \\mathrm { SNR } \\) 이 현저히 낮은 환경에서, GLRT 알고리즘이 다중스케일 곱의 알고리즘에 비해 심전도 신호 검출 정확도 성능이 우수하다. 그러나 GLRT 알고리즘의 경우 다수의 곱셈기와 덧셈기를 포함하는 많은 레지스터를 보유한 복잡한 하드웨어 구조로 구현된다.</p> <p>\\( \\mathrm { QRS } \\) 신호 검출부는 웨이블렛 분해부와 멀티스케일 곱에 의해 잡음이 제거 후, 합성된 신호 \\( W D \\) 에서 \\( \\mathrm { QRS } \\) 신호를 검출한다. 심전도 신호의 T점이 여전히 높은 진폭을 가지기에, QRS 신호 검출 시 T 신호가 포함된 신호를 검출하여 심전도 검출 정확도가 떨어질 가능성이 존재한다. 이를 위해, 그림 5 (b)의 적응형의 소프트 임계값과 비교기의 동작 여부를 제어 하는 카운터로 구성된 \\( \\mathrm { QRS } \\) 신호 검출기를 제안한다. 비교기는 QRS 신호 검출 후, 약 200 개의 샘플링 후에 재동작 된다. 비교기는 \\( \\mathrm { QRS } \\) 신호 검출기로 입력된 심전도 신호의 \\( \\mathrm { QRS } \\) 첨두치와 외부에서 가하는 소프트 임계값 \\( V_ { t h } \\) 를 비교하여 검출된 최종 심전도 신호를 출력한다.</p>",
                "context_length": 1718,
                "summary": "Quadrature Spline Dyadic 웨이블렛은 그림 4 처럼 저대역 및 고대역 통과 필터를 기본으로 \\( \\mathrm { WFB } \\)를 나타낸다. 한편, GLRT 알고리즘은 많은 레지스터로 2개 이상의 곱셈기 구현을 통해 미지의 매개변수를 예측하여 최대의 가능성을 찾는 알고리즘이다. 이러한 복잡도 때문에 전력 소모가 많아 다중스케일 곱을 사용한 단순 구조의 웨이블렛 심전도 신호 복원부를 제안하는 바이다. 하지만 \\( \\mathrm { SNR } \\)이 현저히 낮은 환경에서, GLRT알고리즘이 제안한 알고리즘보다 성능이 우수하다. 그럼에도 불구하고 GLRT는 복잡한 하드웨어 구조로 단점이 더욱 크다.",
                "clue": [
                    {
                        "clue_text": "Quadrature Spline Dyadic 웨이블렛은 그림 4 와 같이 식 (1)의 저대역 통과 필터 \\( H(z) \\) 와 식 (2)의 고대역 통과 필터 \\( G(z) \\) 를 기본으로 \\( \\mathrm { WFB } \\) 를 구현한다.",
                        "clue_start": "58",
                        "clue_end": "193"
                    },
                    {
                        "clue_text": "GLRT 알고리즘은 알려지지 않은 매개 변수를 최대로 예측하여 최대의 가능성을 찾는 알고리즘으로 2개 이상의 곱셈기의 구현을 위해 많은 레지스터가 필요하다.",
                        "clue_start": "605",
                        "clue_end": "692"
                    },
                    {
                        "clue_text": "복잡한 하드웨어 구조로 인해 많은 전력을 소모하는 기존 심전도 검출기를 개선하는, 다중스케일 곱을 사용한 간소한 하드웨어 구조의 웨이블렛 심전도 신호 복원부를 제안한다.",
                        "clue_start": "693",
                        "clue_end": "787"
                    },
                    {
                        "clue_text": "잡음이 심한 환경, 즉 \\( \\mathrm { SNR } \\) 이 현저히 낮은 환경에서, GLRT 알고리즘이 다중스케일 곱의 알고리즘에 비해 심전도 신호 검출 정확도 성능이 우수하다.",
                        "clue_start": "1063",
                        "clue_end": "1165"
                    },
                    {
                        "clue_text": "그러나 GLRT 알고리즘의 경우 다수의 곱셈기와 덧셈기를 포함하는 많은 레지스터를 보유한 복잡한 하드웨어 구조로 구현된다.",
                        "clue_start": "1166",
                        "clue_end": "1234"
                    }
                ],
                "terminology": [
                    {
                        "word": "ADC"
                    },
                    {
                        "word": "Dyadic"
                    },
                    {
                        "word": "GLRT"
                    },
                    {
                        "word": "GLRT 알고리즘"
                    },
                    {
                        "word": "Likelihood"
                    },
                    {
                        "word": "Likelihood Ratio"
                    },
                    {
                        "word": "Likelihood Ratio Test"
                    },
                    {
                        "word": "MIT-BIH"
                    },
                    {
                        "word": "QRS"
                    },
                    {
                        "word": "QRS 신호"
                    },
                    {
                        "word": "QRS 신호 검출기"
                    },
                    {
                        "word": "Quadrature"
                    },
                    {
                        "word": "Quadrature Spline Dyadic 웨이블렛"
                    },
                    {
                        "word": "Ratio Test"
                    },
                    {
                        "word": "SNR"
                    },
                    {
                        "word": "Spline"
                    },
                    {
                        "word": "Spline Dyadic 웨이블렛"
                    },
                    {
                        "word": "Test"
                    },
                    {
                        "word": "WFB"
                    },
                    {
                        "word": "간소"
                    },
                    {
                        "word": "검출기"
                    },
                    {
                        "word": "고대역"
                    },
                    {
                        "word": "고대역 통과"
                    },
                    {
                        "word": "고대역 통과 필터"
                    },
                    {
                        "word": "다중스케일"
                    },
                    {
                        "word": "레지스터"
                    },
                    {
                        "word": "멀티스케일"
                    },
                    {
                        "word": "변조기"
                    },
                    {
                        "word": "부분 집합"
                    },
                    {
                        "word": "샘플링 속도"
                    },
                    {
                        "word": "소프트 임계값"
                    },
                    {
                        "word": "시프트"
                    },
                    {
                        "word": "신호 검출기"
                    },
                    {
                        "word": "심전도"
                    },
                    {
                        "word": "심전도 검출기"
                    },
                    {
                        "word": "심전도 신호"
                    },
                    {
                        "word": "알고리즘"
                    },
                    {
                        "word": "웨이블렛 변조기"
                    },
                    {
                        "word": "웨이블렛 필터"
                    },
                    {
                        "word": "임계값"
                    },
                    {
                        "word": "잡음"
                    },
                    {
                        "word": "저대역 통과 필터"
                    },
                    {
                        "word": "진폭"
                    },
                    {
                        "word": "초단"
                    },
                    {
                        "word": "필터 계수"
                    },
                    {
                        "word": "하드웨어"
                    },
                    {
                        "word": "합성"
                    }
                ]
            },
            {
                "context_id": "55e-0c9-merge_ed_024688fc-e997a6b4-c112-4c71-8e46-ce095edf4e62_02",
                "context_K-NSCC": {
                    "field": "인공물",
                    "large_category": "ED",
                    "medium_category": "99"
                },
                "context": "<p>그림 1 의 \\( \\mathrm { ADC } \\) 는 실제 아날로그 심전도 신호를 디지털화 하고, \\( \\mathrm { ECG } \\) 검출기에 전달하는 역할을 수행한다. \\( \\mathrm { ADC } \\) 의 전력 소모는 심장 박동 조율기 시스템에서 많은 부분을 차지하는데, 심장 박동 조율기 시스템에서의 전력 소모를 줄이기 위해 저전력의 에너지 효율이 높은 \\( \\mathrm { ADC } \\) 가 필요하다. 이론적으로 가장 좋은 전력 효율을 가지는 알고리즘 레벨의 \\( \\mathrm { ADC } \\) 들 중 하나인, Successive Approximation Register(SAR) \\( \\mathrm { ADC } \\) 의 다양한 저전력 설계가 제안되었다. 비교기(Comparator)를 제외하고 디지털 또는 수동 소자로 구현 가능한 SAR \\( \\mathrm { ADC } \\) 의 저전력 구현을 위해, Voltage-Scaling과 Clock- Gating의 기술이 사용되었다. 또한 비교기의 정적 전류를 줄여 전력 소모를 최소화하고자 하였다. 제안된 저전력 \\( \\mathrm { ADC } \\) 설계 기술들은 \\( 1 \\mathrm { KSample/s } \\) 이하의 변환 속도가 아닌, 그 이상의 빠른 변환 속도를 갖는 \\( \\mathrm { ADC } \\) 설계를 위해 제안되었다. 낮은 변환 속도를 요구하는 저전력 \\( \\mathrm { ADC } \\) 설계에서는, 변환에 필요한 짧은 시간동안만 동작하도록 하여 눞은 에너지 효율을 갖는 \\( \\mathrm { ADC } \\) 를 설계, 구현하는 것이 필요하다.</p> <p>본 논문에서는 IPIC 내에서 심전도 신호를 효과적으로 검출하여 처리하기 위해, 개선된 웨이블렛 알고리즘의 심전도 검출기와 이식형 심장 박동 조율기의 전극을 통해 입력된 아날로그 심전도 신호를 디지털신호로 변환하여 심전도 검출기에 제공하는 SAR \\( \\mathrm { ADC } \\) 를 제안하였다. 저전력 소모를 유지하며 보다 높은 검출 정확도를 갖는 심전도 검출기의 구현을 위해, 다중스케일 곱(Multi-Scaled Product)의 알고리즘과 적응형의 소프트 임계값(Soft Threshold)을 갖는 알고리즘을 사용하였다. 또한 저전력 소모의 SAR \\( \\mathrm { ADC } \\) 의 구현을 위해, 신호 변환의 주기 중, 매우 짧은 시간 동안에만 동작하는 비교기와 수동 소자로 구성되는 Sample&Hold(S&H)를 사용하였다.</p> <p>논문의 구성은 다음과 같다. II장과 III장에서는 각각 높은 신뢰성의 저전력 웨이블렛 심전도 검출기와 \\( \\mathrm { SAR } \\mathrm { ADC } \\) 를 제안하였다. 제안한 심전도 검출기와 \\( \\mathrm { ADC } \\) 는 \\( \\mathrm { IV } \\) 장의 그 구현과 실험 환경 및 실험 결과를 통해 평가 및 검증하였다. 마지막으로 \\( \\mathrm { V } \\) 장에서 결론을 도출하였다.</p>",
                "context_length": 1495,
                "summary": "심장 박동 조율기 시스템에서 전력 소모를 줄이기 위해, Successive Approximation Register(SAR) \\( \\mathrm { ADC } \\)를 활용한 저전력 설계가 필요하다는 점을 강조한다. 또한 이를 위해 개선된 웨이블렛 알고리즘의 심전도 검출기와 결합하여, 아날로그 심전도 신호를 디지털로 변환하는 SAR \\( \\mathrm { ADC } \\)를 제안한다.",
                "clue": [
                    {
                        "clue_text": "\\( \\mathrm { ADC } \\) 의 전력 소모는 심장 박동 조율기 시스템에서 많은 부분을 차지하는데, 심장 박동 조율기 시스템에서의 전력 소모를 줄이기 위해 저전력의 에너지 효율이 높은 \\( \\mathrm { ADC } \\) 가 필요하다.",
                        "clue_start": "101",
                        "clue_end": "238"
                    },
                    {
                        "clue_text": "이론적으로 가장 좋은 전력 효율을 가지는 알고리즘 레벨의 \\( \\mathrm { ADC } \\) 들 중 하나인, Successive Approximation Register(SAR) \\( \\mathrm { ADC } \\) 의 다양한 저전력 설계가 제안되었다.",
                        "clue_start": "239",
                        "clue_end": "383"
                    },
                    {
                        "clue_text": "본 논문에서는 IPIC 내에서 심전도 신호를 효과적으로 검출하여 처리하기 위해, 개선된 웨이블렛 알고리즘의 심전도 검출기와 이식형 심장 박동 조율기의 전극을 통해 입력된 아날로그 심전도 신호를 디지털신호로 변환하여 심전도 검출기에 제공하는 SAR \\( \\mathrm { ADC } \\) 를 제안하였다.",
                        "clue_start": "822",
                        "clue_end": "990"
                    }
                ],
                "terminology": [
                    {
                        "word": "ADC"
                    },
                    {
                        "word": "Approximation"
                    },
                    {
                        "word": "Clock- Gating"
                    },
                    {
                        "word": "ECG"
                    },
                    {
                        "word": "Gating"
                    },
                    {
                        "word": "IPIC"
                    },
                    {
                        "word": "Register"
                    },
                    {
                        "word": "S&H"
                    },
                    {
                        "word": "SAR"
                    },
                    {
                        "word": "Sample&Hold"
                    },
                    {
                        "word": "Threshold"
                    },
                    {
                        "word": "검출기"
                    },
                    {
                        "word": "다중스케일"
                    },
                    {
                        "word": "디지털신호"
                    },
                    {
                        "word": "변환 속도"
                    },
                    {
                        "word": "비교기"
                    },
                    {
                        "word": "소프트 임계값"
                    },
                    {
                        "word": "수동 소자"
                    },
                    {
                        "word": "신뢰성"
                    },
                    {
                        "word": "신호 변환"
                    },
                    {
                        "word": "심장 박동 조율기 시스템"
                    },
                    {
                        "word": "심전도"
                    },
                    {
                        "word": "심전도 검출기"
                    },
                    {
                        "word": "심전도 신호"
                    },
                    {
                        "word": "아날로그 심전도 신호"
                    },
                    {
                        "word": "알고리즘"
                    },
                    {
                        "word": "알고리즘 레벨"
                    },
                    {
                        "word": "에너지 효율"
                    },
                    {
                        "word": "웨이블렛 알고리즘"
                    },
                    {
                        "word": "이식형"
                    },
                    {
                        "word": "이식형 심장 박동 조율기"
                    },
                    {
                        "word": "임계값"
                    },
                    {
                        "word": "전극"
                    },
                    {
                        "word": "전력 소모"
                    },
                    {
                        "word": "전류"
                    },
                    {
                        "word": "정적 전류"
                    }
                ]
            }
        ]
    }
}