{
    "dataset_info": {
        "identifier": "02-031-002-NL",
        "name": "기술과학 문서 요약 데이터",
        "category": "자연어",
        "last_updated": "2023-08-30"
    },
    "dataset": {
        "doc_id": "034b7f4e-0c313777-96cd-423a-b496-a6433409777f",
        "doc_type": "논문",
        "doc_title": {
            "kor": "스위칭 손실 없는 보조회로를 이용한 고효율 부우스트 컨버터 설계",
            "eng": ""
        },
        "doc_category": {
            "KDC": "560.5",
            "DDC": ""
        },
        "doc_number": {
            "ISSN": "1229-2214",
            "ISBN": "",
            "DOI": "",
            "UCI": ""
        },
        "doc_year": "2006",
        "doc_author": [
            "최현칠"
        ],
        "doc_publisher": "전력전자학회",
        "doc_license": "CC BY-NC",
        "context_info": [
            {
                "context_id": "55e-0c9-merge_2_034b7f4e-0c313777-96cd-423a-b496-a6433409777f_10",
                "context_K-NSCC": {
                    "field": "인공물",
                    "large_category": "ED",
                    "medium_category": "02"
                },
                "context": "<p>\\( I_ { L ; ; k } =I_ { L m \\text { max } } - \\frac {\\Delta i_ { L m } } { 2 } + \\frac { V_ { 0 } -V_ { s } } { Z_ { r } } \\)<caption>(19)</caption></p> <p>위의 수식에서, \\( I_ { L r, p k } \\)값을 \\( (6 / 5) \\cdot I_ { L m, \\max } \\)로 설정하면 \\( C_ { s } \\)값은 다음과 같이 구해진다.</p> <p>\\( C_ { s } = \\frac { L_ { r } \\cdot \\left ( \\frac { I_ { L m \\text { max } } } { 5 } + \\frac {\\Delta i_ { L m } } { 2 } \\right ) ^ { 2 } } {\\left (V_ { o } -V_ { s } \\right ) ^ { 2 } } \\approx 3 n F \\rightarrow 3.3 n F \\) 선택<caption>(20)</caption></p> <p>이상에서 결정된 \\( L_ { r } =0.54 \\mu H \\) 와 \\( \\quad C_ { s } =3.3 n F \\)으로부터, 주 스위치의 최소 도통시간 \\( T_ {\\min } \\) 은 식 (17)로부터 \\( T_ {\\min } =0.492 \\mu S \\)로 결정된다.</p> <h2>\\( 3.3 \\) 보조회로에 사용되는 스위치와 다이오드 선정</h2> <p>그림 3과 그림 5 로부터 쉽게 이해할 수 있듯이, 보조회로에 사용된 스위치 \\( S_ { r } \\)은 인덕터 \\( L_ { r } \\)이 전류상승을 제한함으로 인하여 턴-온 손실이 발생하지 않는다. 아울러, 스위치 \\( S_ { r } \\)의 턴-오프 손실 역시 영전류 상태에서 이루어지므로 무시할 수 있을 정도이다. 비록 보조 스위치의 첨두 전류값이 주 스위치의 전류값보다 다소 크지만, 도통기간이 짧기 때문에 평균 전류는 매우 낮다. 따라서 주 스위치에 비해 전류정격이 낮은 소자 사용이 가능하다.</p> <p>그림 8에 나타낸 바와 같이, 보조회로에 흐르는 전류를 구형파 신호로 가정하면, 스위치 \\( S_ { r } \\)의 실효전류 \\( I_ { L r, \\mathrm { ~S } } \\)는 대략 아래와 같이 계산되어 진다.</p>",
                "context_length": 1148,
                "summary": "보조회로에 사용된 스위치는 인덕터가 전류 상승을 제안하여 턴-온 손실을 막는다. 보조 스위치의 첨두 전류값이 주 스위치의 전류값보다 커서 회로의 손실을 예상할 지도 모른다. 하지만 도통 기간이 짧아 평균 전류는 매우 낮다. 따라서 이러한 종류의 보조 스위치를 사용할 수 있다.",
                "clue": [
                    {
                        "clue_text": "그림 3과 그림 5 로부터 쉽게 이해할 수 있듯이, 보조회로에 사용된 스위치 \\( S_ { r } \\)은 인덕터 \\( L_ { r } \\)이 전류상승을 제한함으로 인하여 턴-온 손실이 발생하지 않는다.",
                        "clue_start": "732",
                        "clue_end": "844"
                    },
                    {
                        "clue_text": "따라서 주 스위치에 비해 전류정격이 낮은 소자 사용이 가능하다.",
                        "clue_start": "979",
                        "clue_end": "1014"
                    }
                ],
                "terminology": [
                    {
                        "word": "구형파"
                    },
                    {
                        "word": "구형파 신호"
                    },
                    {
                        "word": "다이오드"
                    },
                    {
                        "word": "도통기간"
                    },
                    {
                        "word": "도통시간"
                    },
                    {
                        "word": "스위치"
                    },
                    {
                        "word": "스위치와 다이오드"
                    },
                    {
                        "word": "실효전류"
                    },
                    {
                        "word": "영전류"
                    },
                    {
                        "word": "영전류 상태"
                    },
                    {
                        "word": "인덕터"
                    },
                    {
                        "word": "전류"
                    },
                    {
                        "word": "전류정격"
                    },
                    {
                        "word": "첨두"
                    },
                    {
                        "word": "첨두 전류값"
                    },
                    {
                        "word": "턴-오프 손실"
                    },
                    {
                        "word": "턴-온 손실"
                    }
                ]
            },
            {
                "context_id": "55e-0c9-merge_2_034b7f4e-0c313777-96cd-423a-b496-a6433409777f_03",
                "context_K-NSCC": {
                    "field": "인공물",
                    "large_category": "ED",
                    "medium_category": "03"
                },
                "context": "<p>전류 \\( i_ { L r } \\)이 증가하면서 전류값 \\( I_ { L m } - \\Delta i_ { L m } / 2 \\)을 초과하는 부분이 커패시터 \\( C_ { s } \\)를 방전하게 된다. 그 결과 주 스위치의 양단전압 \\( v_ {\\mathrm { Sm } } \\)이 공진패턴으로 감소하게 된다. 이러한 동작을 수식으로 표현하면 아래와 같다.</p> <p>\\( -C_ { s } \\frac { d v_ { S m } (t) } { d t } =i_ { L r } (t)- \\left (I_ { L m } - \\Delta i_ { L m } / 2 \\right ) \\)<caption>(3)</caption></p> <p>\\( L_ { r } \\frac { d d_ { L s } (t) } { d t } =-V_ { s } + v_ { S m } (t) \\)<caption>(4)</caption></p> <p>위의 두 식으로부터 \\( i_ { L r } \\) 과 \\( v_ { S m } \\) 에 관련된 수식을 초기조건 \\( i_ { L r } \\left (t_ { 1 } \\right )=I_ { L m } - \\Delta i_ { L m } / 2 \\)와 \\( v_ { S m } \\left (t_ { 1 } \\right )=V_ { o } \\)를 이용하여 정리하면 다음과 같다.</p> <p>\\( i_ { L r } (t)=I_ { L m } - \\Delta i_ { L m } / 2 + \\left ( \\left (V_ { o } -V_ { s } \\right ) / Z_ { r } \\right ) \\sin \\omega_ { r } t \\)<caption>(5)</caption></p> <p>\\( v_ { S m } (t)=V_ { s } + \\left (V_ { o } -V_ { s } \\right ) \\cos \\omega_ { r } t \\)<caption>(6)</caption></p> <p>여기서</p> <p>\\( Z_ { r } = \\sqrt { L_ { r } / C_ { s } } , \\quad \\omega_ { r } =1 / \\sqrt { L_ { r } C_ { s } } \\)<caption>(7)</caption></p>",
                "context_length": 1107,
                "summary": "전류 \\( i_ { L r } \\)이 증가하면서 전류값 \\( I_ { L m } - \\Delta i_ { L m } / 2 \\)을 초과하는 부분이 커패시터를 방전하게 되고, 주 스위치의 양단전압이 공진패턴으로 감소하여 식(3)과 식(4)로 표현되며, \\( i_ { L r } \\) 과 \\( v_ { S m } \\)에 관련된 수식을 초기조건을 이용하여 정리하면 식(5)식(6)식(7)과 같다.",
                "clue": [
                    {
                        "clue_text": "전류 \\( i_ { L r } \\)이 증가하면서 전류값 \\( I_ { L m } - \\Delta i_ { L m } / 2 \\)을 초과하는 부분이 커패시터 \\( C_ { s } \\)를 방전하게 된다.",
                        "clue_start": "3",
                        "clue_end": "114"
                    },
                    {
                        "clue_text": "그 결과 주 스위치의 양단전압 \\( v_ {\\mathrm { Sm } } \\)이 공진패턴으로 감소하게 된다.",
                        "clue_start": "115",
                        "clue_end": "175"
                    },
                    {
                        "clue_text": "위의 두 식으로부터 \\( i_ { L r } \\) 과 \\( v_ { S m } \\) 에 관련된 수식을 초기조건 \\( i_ { L r } \\left (t_ { 1 } \\right )=I_ { L m } - \\Delta i_ { L m } / 2 \\)와 \\( v_ { S m } \\left (t_ { 1 } \\right )=V_ { o } \\)를 이용하여 정리하면 다음과 같다.",
                        "clue_start": "464",
                        "clue_end": "673"
                    },
                    {
                        "clue_text": "\\( -C_ { s } \\frac { d v_ { S m } (t) } { d t } =i_ { L r } (t)- \\left (I_ { L m } - \\Delta i_ { L m } / 2 \\right ) \\)<caption>(3)</caption></p> <p>\\( L_ { r } \\frac { d d_ { L s } (t) } { d t } =-V_ { s } + v_ { S m } (t) \\)<caption>(4)</caption>",
                        "clue_start": "209",
                        "clue_end": "456"
                    },
                    {
                        "clue_text": "\\( i_ { L r } (t)=I_ { L m } - \\Delta i_ { L m } / 2 + \\left ( \\left (V_ { o } -V_ { s } \\right ) / Z_ { r } \\right ) \\sin \\omega_ { r } t \\)<caption>(5)</caption></p> <p>\\( v_ { S m } (t)=V_ { s } + \\left (V_ { o } -V_ { s } \\right ) \\cos \\omega_ { r } t \\)<caption>(6)</caption></p> <p>여기서</p> <p>\\( Z_ { r } = \\sqrt { L_ { r } / C_ { s } } , \\quad \\omega_ { r } =1 / \\sqrt { L_ { r } C_ { s } } \\)<caption>(7)</caption>",
                        "clue_start": "681",
                        "clue_end": "1103"
                    }
                ],
                "terminology": [
                    {
                        "word": "Sm"
                    },
                    {
                        "word": "스위치"
                    },
                    {
                        "word": "전류"
                    },
                    {
                        "word": "커패시터"
                    }
                ]
            },
            {
                "context_id": "55e-0c9-merge_2_034b7f4e-0c313777-96cd-423a-b496-a6433409777f_09",
                "context_K-NSCC": {
                    "field": "인공물",
                    "large_category": "ED",
                    "medium_category": "02"
                },
                "context": "<p>위의 수식에서, \\( I_ { L m, \\max } \\)는 전류 \\( i_ { L m } \\)의 최대 평균값을 나타낸다. \\( T_ {\\min } \\)에 의해서 제안한 컨버터의 최소 허용 출력전압이 제한될 뿐만 아니라 \\( S_ { r } \\)의 도통기간 역시 역회복 시간에 의해 좌우되므로, 보조회로에서의 손실과 출력전압에 미치는 영향을 효과적으로 줄이기 위해서는 초고속 다이오드를 사용하는 것이 바람직하다. 이러한 관점에서, 보조회로의 전류가 상승하는 시간을 대략 사용하는 출력 다이오드 역회복 시간의 4배 이내가 되도록 선정하기로 한다. 본 논문에서는, 고속 샤트키 다이오드인 SR56060( \\( \\mathrm { V } / 5 \\mathrm { ~A } ) \\)을 사용하였으며 \\( L_ { r } \\)값은 다음과 근사적으로 결정할 수 있다.</p> <p>\\( L_ { r } \\simeq \\frac { 4 \\cdot t_ { m } \\left (V_ { 0 } -V_ { s } \\right ) } { I_ { L m, \\text { max } } - \\Delta i_ { L m } / 2 } = \\frac { 4 \\cdot t_ { m } \\left (V_ { o } -V_ { s } \\right ) } {\\left [I_ { o, \\text { max } } /(1-D) \\right ]- \\Delta i_ { L m } / 2 } \\) \\( =0.54 \\mu H \\)<caption>(18)</caption></p> <p>여기서 \\( I_ { o, \\max } \\) 는 최대 부하 전류를 나타낸다. 초고속 다이오드를 사용함으로써 생기는 이점은 전체 시스템의 효율 향상 이외에도 다이오드와 보조 스위치에서의 최대 스트레스 크기가 줄어든다는 것이다. 그림 7은 수식 (18)을 이용하여 구한 \\( L_ { r } \\) 선택 곡선을 나타낸 것이다.</p> <h2>\\( 3.2 \\) 스너버 커패시터, \\( C_ { s } \\)값 선정</h2> <p>스너버 커패시터 \\( C_ { s } \\) 값 결정은 주 스위치의 전압상승율 \\( d v / d t \\)와 밀접한 관련이 있다. 앞서 언급했듯이, 실질적인 커패시터 \\( C_ { s } \\)의 값은 주 스위치의 기생 커패시턴스와 외부에서 병렬로 연결한 커패시터의 합이다. 구간 2 동안, \\( L_ { r } \\)과 \\( C_ { s } \\)의 공진으로 인하여 \\( C_ { s } \\)에 저장되었던 에너지가 \\( L_ { r } \\)를 통하여 입력전원 측으로 전달되므로 주 스위치 양단 전압은 \\( 2 V_ { s } -V_ { o } \\)로 감소하게 된다. 따라서 주 스위치 \\( S_ { m } \\) 은 턴-온 순간에 영전류 스위칭 조건과 더불어 낮은 전압 스트레스를 가지게 된다. 특히, 입력-대-출력 전압 비의 조건이 \\( V_ { o } / V_ { s } \\geq 2 \\)가 되면, 주 스위치 \\( S_ { m } \\)은 영전류 스위칭과 영전압 스위칭을 동시에 만족시키게 된다. 또한, \\( S_ { m } \\)의 턴-오프 순간에 커패시터 \\( C_ { s } \\)를 통하여 스위치 전류 흐름이 전환됨으로써 \\( v_ { s m } \\)의 전압상승 기울기 \\( d v / d t \\)가 제한되어 결과적으로 손실을 줄이게 된다. 이러한 의미에서 \\( C_ { s } \\)값은 클수록 좋으나 \\( C_ { s } \\)값이 과다하게 크면 공진기간, \\( t_ { 12 } \\)가 길어져서 보조회로 내부의 전도손실이 증가하게 된다. 따라서 본 논문에서는, 전류 \\( i_ { L r } \\)의 첨두값이 특정값, ( \\(6 / 5) \\cdot I_ { L m, \\max } \\)를 초과하지 않도록 커패시터 \\( C_ { s } \\)값을 선정하였다. 식 (5)로부터, \\( i_ { L r } \\)의 첨두값 \\( I_ { L r, p k } \\)는 \\( \\omega_ { r } t \\)를 \\( \\pi / 2 \\)로 설정하여 아래와 같이 구할 수 있다.</p>",
                "context_length": 1975,
                "summary": "구간 2에서는 공진을 통해 \\( C_ { s } \\)에 저장된 에너지가 입력전원 쪽으로 이동하여 주 스위치 양단 전압이 감소한다. 전류 \\( i_ { L r } \\)의 첨두값이 ( \\(6 / 5) \\cdot I_ { L m, \\max } \\)를 초과하지 않도록 커패시터 \\( C_ { s } \\)의 값은 주 스위치의 기생 커패시턴스와 외부에서 병렬로 연결한 커패시터의 합으로 설정하였다.",
                "clue": [
                    {
                        "clue_text": "구간 2 동안, \\( L_ { r } \\)과 \\( C_ { s } \\)의 공진으로 인하여 \\( C_ { s } \\)에 저장되었던 에너지가 \\( L_ { r } \\)를 통하여 입력전원 측으로 전달되므로 주 스위치 양단 전압은 \\( 2 V_ { s } -V_ { o } \\)로 감소하게 된다.",
                        "clue_start": "1141",
                        "clue_end": "1302"
                    },
                    {
                        "clue_text": "따라서 본 논문에서는, 전류 \\( i_ { L r } \\)의 첨두값이 특정값, ( \\(6 / 5) \\cdot I_ { L m, \\max } \\)를 초과하지 않도록 커패시터 \\( C_ { s } \\)값을 선정하였다.",
                        "clue_start": "1738",
                        "clue_end": "1857"
                    },
                    {
                        "clue_text": "앞서 언급했듯이, 실질적인 커패시터 \\( C_ { s } \\)의 값은 주 스위치의 기생 커패시턴스와 외부에서 병렬로 연결한 커패시터의 합이다.",
                        "clue_start": "1061",
                        "clue_end": "1140"
                    }
                ],
                "terminology": [
                    {
                        "word": "기울기"
                    },
                    {
                        "word": "다이오드"
                    },
                    {
                        "word": "다이오드 역회복"
                    },
                    {
                        "word": "도통기간"
                    },
                    {
                        "word": "부하 전류"
                    },
                    {
                        "word": "스너버"
                    },
                    {
                        "word": "스너버 커패시터"
                    },
                    {
                        "word": "스위치"
                    },
                    {
                        "word": "스위치 전류"
                    },
                    {
                        "word": "스위칭"
                    },
                    {
                        "word": "역회복 시간"
                    },
                    {
                        "word": "영전류"
                    },
                    {
                        "word": "영전류 스위칭"
                    },
                    {
                        "word": "영전압"
                    },
                    {
                        "word": "영전압 스위칭"
                    },
                    {
                        "word": "입력-대-출력 전압 비"
                    },
                    {
                        "word": "전도손실"
                    },
                    {
                        "word": "전류"
                    },
                    {
                        "word": "전압 비"
                    },
                    {
                        "word": "전압 스트레스"
                    },
                    {
                        "word": "전압상승율"
                    },
                    {
                        "word": "첨두값"
                    },
                    {
                        "word": "초고속 다이오드"
                    },
                    {
                        "word": "최대 부하 전류"
                    },
                    {
                        "word": "최소 허용 출력전압"
                    },
                    {
                        "word": "출력 다이오드"
                    },
                    {
                        "word": "출력전압"
                    },
                    {
                        "word": "커패시터"
                    },
                    {
                        "word": "컨버터"
                    }
                ]
            },
            {
                "context_id": "55e-0c9-merge_2_034b7f4e-0c313777-96cd-423a-b496-a6433409777f_05",
                "context_K-NSCC": {
                    "field": "인공물",
                    "large_category": "ED",
                    "medium_category": "03"
                },
                "context": "<p>이 구간이 끝나는 시점에서 전류 \\( i_ { L r } \\)은 0 에 도달하게 되며, 주 스위치를 흐르는 전류 \\( i_ { S m } \\)은 \\( i_ { L m } \\)의 정상상태 값인 \\( I_ { L m } - \\Delta i_ { L m } / 2 \\)와 같게 된다. 따라서 이 구간동안 소요되는 시간 \\( t_ { 23 } \\)는 다음의 식으로 표현할 수 있다.</p> <p>\\( t_ { 23 } = \\frac { I_ { L m } - \\Delta i_ { L m } / 2 } { V_ { s } / L_ { r } } \\)<caption>(11)</caption></p> <p>구간 4 \\( \\left (t_ { 3 } -t_ { 4 } \\right ) \\) : 이 구간동안, 제안한 회로의 동작은 기존의 PWM 부우스트 컨버터와 동일하다. 이 구간의 끝에서 주 스위치와 보조 스위치는 동시에 턴-오프 되며 스너버 커패시터 \\( C_ { s } \\)로 인하여 턴-오프 스위칭 동작이 완화된다. 따라서 턴-오프 순간에 주 스위치와 보조 스위치는 각각 영전압과 영전류 스위칭 조건을 만족시킨다.</p> <p>구간 5 \\( \\left (t_ { 4 } -t_ { 5 } \\right ) \\) : 구간 5 는 주 스위치 \\( S_ { m } \\)이 영전압 상태로 턴-오프하면서 시작되며, 이 구간동안 \\( i_ { S m } \\)은 주 스위치 양단에 연결된 \\( C_ { s } \\)를 통하여 계속적으로 흐르게 되어 스위치의 양단전압을 0에서부터 출력전압 \\( V_ { o } \\)까지 선형적으로 상승시킨다. 근사적으로, 이 구간동안 주 스위치를 흐르는 전류 \\( i_ { S m } \\)은 대략 \\( I_ { L m } + \\triangle i_ { L m } / 2 \\) 에 해당하는 값을 유지한다고 할 수 있으며, 이로부터 시간 \\( t_ { 45 } \\)를 아래와 같이 구할 수 있다.</p> <p>\\( t_ { 45 } = \\frac { C_ { s } V_ { 0 } } { I_ { L m } + \\Delta i_ { L m } / 2 } \\)<caption>(12)</caption></p> <p>시간 \\( t_ { 5 } \\)에서, 주 스위치 양단 전압은 \\( V_ { o } \\) 로 되어 다이오드 \\( D_ { m } \\)은 영전압 상태에서 자연스럽게 켜지게 된다.</p> <p>구간 6 \\( \\left (t_ { 5 } -t_ { 6 } \\right ) \\) : 이 구간 역시 기존의 PWM 부우스트 컨버터와 동일한 동작을 하며 인덕터 전류 \\( i_ { L m } \\)은 다이오드 \\( D_ { m } \\)을 통하여 흐른다.</p>",
                "context_length": 1328,
                "summary": "구간 4와 6에서 제안된 회로는 기존 PWM 부우스트 컨버터와 같은 동작을 보이며, 주 스위치와 보조 스위치는 동시에 턴-오프되어 스너버 커패시터 \\( C_ { s } \\)로 인해 스위칭 동작이 완화된다. 또한, 인덕터 전류 \\( i_ { L m } \\)은 다이오드 \\( D_ { m } \\)을 통해 흐르게 된다.",
                "clue": [
                    {
                        "clue_text": "구간 4 \\( \\left (t_ { 3 } -t_ { 4 } \\right ) \\) : 이 구간동안, 제안한 회로의 동작은 기존의 PWM 부우스트 컨버터와 동일하다.",
                        "clue_start": "337",
                        "clue_end": "428"
                    },
                    {
                        "clue_text": "이 구간의 끝에서 주 스위치와 보조 스위치는 동시에 턴-오프 되며 스너버 커패시터 \\( C_ { s } \\)로 인하여 턴-오프 스위칭 동작이 완화된다.",
                        "clue_start": "429",
                        "clue_end": "513"
                    },
                    {
                        "clue_text": "구간 6 \\( \\left (t_ { 5 } -t_ { 6 } \\right ) \\) : 이 구간 역시 기존의 PWM 부우스트 컨버터와 동일한 동작을 하며 인덕터 전류 \\( i_ { L m } \\)은 다이오드 \\( D_ { m } \\)을 통하여 흐른다.",
                        "clue_start": "1185",
                        "clue_end": "1324"
                    }
                ],
                "terminology": [
                    {
                        "word": "PWM"
                    },
                    {
                        "word": "다이오드"
                    },
                    {
                        "word": "부우스트"
                    },
                    {
                        "word": "스너버"
                    },
                    {
                        "word": "스너버 커패시터"
                    },
                    {
                        "word": "스위치"
                    },
                    {
                        "word": "스위칭"
                    },
                    {
                        "word": "스위칭 조건"
                    },
                    {
                        "word": "영전류"
                    },
                    {
                        "word": "영전류 스위칭"
                    },
                    {
                        "word": "영전압"
                    },
                    {
                        "word": "영전압 상태"
                    },
                    {
                        "word": "인덕터"
                    },
                    {
                        "word": "전류"
                    },
                    {
                        "word": "출력전압"
                    },
                    {
                        "word": "커패시터"
                    },
                    {
                        "word": "턴-오프 스위칭"
                    },
                    {
                        "word": "회로"
                    }
                ]
            },
            {
                "context_id": "55e-0c9-6aad6c5d-860d-4645-890d-32598d434a9a",
                "context_K-NSCC": {
                    "field": "인공물",
                    "large_category": "ED",
                    "medium_category": "04"
                },
                "context": "<h1>4. 실험결과 및 분석</h1> <p>제안한 ZCT 부우스트 컨버터의 유용성을 증명하기 위하여, 본 논문에서는 60\\(\\mathrm{W} \\)급 컨버터를 제작하여 실험하였다. 입력전압 \\( \\quad V_{s}=12 V \\)와 동작 주파수 \\( f_{s}=100 \\mathrm{KHz} \\)에 대하여 출력전압 \\( V_{o}=30 \\mathrm{~V} \\)가 구해지도록 시스템을 구성하였다. 보조회로에 사용된 부품값은 \\( L_{r}=0.54 \\mu H \\)와 \\( C_{s}=3.3 n F \\)이었으며 주 회로의 경우 \\( L_{m}=100 \\mu H \\)와 \\( C_{o}=330 \\mu F \\)을 사용하였다.</p> <p>주 스위치와 보조 스위치로는 각각 JRF530 MOSFET와 IRF510 MOSFET를 사용하였다. 또한, 출력 다이오드에는 SR560 샤트키 다이오드를, 보조 회로의 다이오드는 샤트키 다이오드인 D3S4M을 각각 선정하였다.</p> <p>그림 9(a))는 입력-대-출력 전압 비, \\( V_{o} / V_{s} \\)가 \\( 2.5 \\)일 때의 전체적인 동작파형을 나타내고 있다. 이들 결과 파형으로부터, 제안된 회로의 동작이 이론적인 분석과 일치함을 알 수 있으며, 보조 회로를 사용함으로서 주 스위치와 출력 다이오드에서 소프트 스위칭이 이루어짐을 확인 할 수 있다. 앞서 설명한 동작 원리에 의하면, 구간 2 동안에 인덕터 \\( L_{r} \\)에 저장된 에너지가 커패시터 \\( C_{s} \\)를 통하여 입력전원으로 전달되면서 주 스위치 양단 전압이 \\( 2 V_{s}-V_{o} \\)로 낮아지게 된다. 따라서 본 실험에 적용된 입력-대-출력 전압 비 \\( V_{d} / V_{s}=2.5 \\) 조건하에서, 주 스위치 \\( S_{m} \\)은 영전류 조건으로 턴-온 되기 직전에 이미 양단 전압 \\( v_{S m} \\) 역시 영이 된다. 이러한 결과롤 그림 9(a)에서 볼 수 있다. 결과적으로, 본 논문에서 제안한 부우스트 회로는 입력-대-출력 전압 비가 \\( V_{o} / V_{s} \\geq 2 \\)인 조건에서 주 스위치 \\( S_{m} \\)이 턴-온 순간에 ZCT와 ZVT 조건을 동시에 만족시킨다는 사실을 확인할 수 있었다. 또한, 주 스위치 \\( S_{m} \\)의 턴-오프 과정도 스너버 커패시터 \\( C_{s} \\)로 인하여 소프트 스위칭이 이루어진다.</p> <p>그림 9(b)는 주 회로와 보조 회로 각각의 인덕터 전류파형, 출력 다이오드와 주 스위치를 흐르는 전류파형들을 보여주고 있다. 이 그림에서 알 수 있듯이, 보조 회로에 사용된 인덕터 \\( L_{r}=0.54 \\mu H \\)로 인하여 출력 다이오드 \\( D_{m} \\)의 전류 하강 기울기 \\( d i_{D m} / d t \\)가 55.6\\( \\mathrm{A} / \\mu \\mathrm{S} \\)로 제한되므로 역회복 시간 \\( \\left(t_{r r}\\right) \\) 문제로 인한 손실이 최소화 되었다. 본 논문에서 제안한 회로가 가지는 또 다른 장점은 주 스위치뿐만 아니라 보조 스위치 \\( S_{r} \\) 역시 턴-온과 턴-오프 순간에 ZCT 조건을 만족한다는 점이다. 이는 실험결과 파형으로부터 쉽게 알 수 있다.</p> <p>본 논문에서 제안한 회로의 효율을 기존 PWM 부우스트 컨버터의 경우와 비교하기 위하여 동일한 입·출력 전압 조건과 동작주파수에 대하여 출력 전류 값을 변화시키면서 효율을 측정 비교하였으며 이를 그림 10에 나타내었다. 이들 결과를 통하여 제안된 회로가 여러 부하조건에서도 높은 효율을 유지함을 잘 알 수 있다. 기존의 부우스트 컨버터의 경우 부하가 커질수록 하드 스위칭으로 인한 스위칭 손실이 효율에 커다란 영향을 미치는 반면, 제안한 회로의 경우에는 소프트 스위칭으로 인하여 스위칭 손실이 최소화됨을 볼 수 있다. 단지, 최대부하 근처에서 효율이 다소 떨어지는 것은 부하 전류의 증가에 따른 도선 내부의 손실(conduction loss) 부분이 다소 증가하는 것을 나타낸다. 제안된 회로는 소프트 스위칭 방식으로 동작하기 때문에 EMI에 따른 잡음을 상당히 낮출 뿐 만 아니라 회로 동작 면에서도 큰 신뢰성을 얻을 수 있다. 또한 앞서 이미 기술한 바와 같이, 스위칭 순간을 제외한 나머지 전체 구간의 동작이 기존 PWM 부우스트 컨버터와 동일하므로 기존의 부우스트 컨버터가 가지는 장점인 용이한 제어가 가능하다는 것이다. 따라서, 본 논문에서 제안한 ZCT 부우스트 컨버터는 높은 전력밀도가 요구되는 전원장치 설계와 역률개선 회로 등에 매우 유용하리라 여겨진다.</p>",
                "context_length": 2252,
                "summary": "제안한 ZCT 부우스트 컨버터는 60\\(\\mathrm{W}\\)급 컨버터를 통한 실험으로 그 유용성이 입증되었다. 특히 입력-대-출력 전압 비가 \\( V_{o} / V_{s} \\geq 2 \\)인 조건에서 주 스위치 \\( S_{m} \\)이 턴-온 순간에 ZCT와 ZVT 조건을 동시에 만족시키는 것이 확인되었다. 기존의 부우스트 컨버터와 비교했을 때, 제안된 회로는 소프트 스위칭으로 인해 스위칭 손실이 최 소화되며, EMI에 따른 잡음 또한 상당히 줄여 회로 동작 면에서 큰 신뢰성을 얻을 수 있다는 점이 중요한 특징으로 나타났다.",
                "clue": [
                    {
                        "clue_text": "제안한 ZCT 부우스트 컨버터의 유용성을 증명하기 위하여, 본 논문에서는 60\\(\\mathrm{W} \\)급 컨버터를 제작하여 실험하였다.",
                        "clue_start": "25",
                        "clue_end": "101"
                    },
                    {
                        "clue_text": "따라서 본 실험에 적용된 입력-대-출력 전압 비 \\( V_{d} / V_{s}=2.5 \\) 조건하에서, 주 스위치 \\( S_{m} \\)은 영전류 조건으로 턴-온 되기 직전에 이미 양단 전압 \\( v_{S m} \\) 역시 영이 된다.",
                        "clue_start": "806",
                        "clue_end": "935"
                    },
                    {
                        "clue_text": "결과적으로, 본 논문에서 제안한 부우스트 회로는 입력-대-출력 전압 비가 \\( V_{o} / V_{s} \\geq 2 \\)인 조건에서 주 스위치 \\( S_{m} \\)이 턴-온 순간에 ZCT와 ZVT 조건을 동시에 만족시킨다는 사실을 확인할 수 있었다.",
                        "clue_start": "962",
                        "clue_end": "1101"
                    },
                    {
                        "clue_text": "기존의 부우스트 컨버터의 경우 부하가 커질수록 하드 스위칭으로 인한 스위칭 손실이 효율에 커다란 영향을 미치는 반면, 제안한 회로의 경우에는 소프트 스위칭으로 인하여 스위칭 손실이 최소화됨을 볼 수 있다.",
                        "clue_start": "1769",
                        "clue_end": "1883"
                    },
                    {
                        "clue_text": "제안된 회로는 소프트 스위칭 방식으로 동작하기 때문에 EMI에 따른 잡음을 상당히 낮출 뿐 만 아니라 회로 동작 면에서도 큰 신뢰성을 얻을 수 있다.",
                        "clue_start": "1975",
                        "clue_end": "2058"
                    }
                ],
                "terminology": [
                    {
                        "word": "EMI"
                    },
                    {
                        "word": "MOSFET"
                    },
                    {
                        "word": "PWM"
                    },
                    {
                        "word": "PWM 부우스트 컨버터"
                    },
                    {
                        "word": "ZCT"
                    },
                    {
                        "word": "ZCT 부우스트 컨버터"
                    },
                    {
                        "word": "ZCT 조건"
                    },
                    {
                        "word": "ZVT"
                    },
                    {
                        "word": "ZVT 조건"
                    },
                    {
                        "word": "conduction"
                    },
                    {
                        "word": "conduction loss"
                    },
                    {
                        "word": "기울기"
                    },
                    {
                        "word": "다이오드"
                    },
                    {
                        "word": "도선 내부의 손실"
                    },
                    {
                        "word": "동작주파수"
                    },
                    {
                        "word": "동작파형"
                    },
                    {
                        "word": "보조 회로"
                    },
                    {
                        "word": "부우스트"
                    },
                    {
                        "word": "부우스트 컨버터"
                    },
                    {
                        "word": "부우스트 회로"
                    },
                    {
                        "word": "부하 전류"
                    },
                    {
                        "word": "샤트키 다이오드"
                    },
                    {
                        "word": "소프트 스위칭"
                    },
                    {
                        "word": "소프트 스위칭 방식"
                    },
                    {
                        "word": "스너버"
                    },
                    {
                        "word": "스너버 커패시터"
                    },
                    {
                        "word": "스위치"
                    },
                    {
                        "word": "스위칭"
                    },
                    {
                        "word": "스위칭 손실"
                    },
                    {
                        "word": "스위칭 순간"
                    },
                    {
                        "word": "신뢰성"
                    },
                    {
                        "word": "역률개선"
                    },
                    {
                        "word": "역률개선 회로"
                    },
                    {
                        "word": "역회복 시간"
                    },
                    {
                        "word": "영전류"
                    },
                    {
                        "word": "영전류 조건"
                    },
                    {
                        "word": "인덕터"
                    },
                    {
                        "word": "인덕터 전류파형"
                    },
                    {
                        "word": "입력-대-출력 전압 비"
                    },
                    {
                        "word": "잡음"
                    },
                    {
                        "word": "전력밀도"
                    },
                    {
                        "word": "전류"
                    },
                    {
                        "word": "전류 하강 기울기"
                    },
                    {
                        "word": "전류파형"
                    },
                    {
                        "word": "전압 비"
                    },
                    {
                        "word": "주 회로"
                    },
                    {
                        "word": "주파수"
                    },
                    {
                        "word": "최대부하"
                    },
                    {
                        "word": "출력 다이오드"
                    },
                    {
                        "word": "출력 전류 값"
                    },
                    {
                        "word": "출력전압"
                    },
                    {
                        "word": "커패시터"
                    },
                    {
                        "word": "컨버터"
                    },
                    {
                        "word": "턴-온과 턴-오프"
                    },
                    {
                        "word": "파형"
                    },
                    {
                        "word": "하강 기울기"
                    },
                    {
                        "word": "하드 스위칭"
                    },
                    {
                        "word": "회로"
                    },
                    {
                        "word": "회로 동작"
                    }
                ]
            },
            {
                "context_id": "55e-0c9-94bae4b0-5ce2-4bfe-ba36-0b6e9d153a03",
                "context_K-NSCC": {
                    "field": "인공물",
                    "large_category": "ED",
                    "medium_category": "04"
                },
                "context": "<h1>1. 서 론</h1> <p>기존의 펄스폭 변조 (Pulse width modulation :PWM) 방식의 부우스트 컨버터는 구조가 간단하고 제어가 용이하다는 장점으로 인하여 산업전반에 널리 사용되어 왔다. 특히, 부우스트 컨버터는 구조적으로 인덕터 전류와 입력전류가 동일하기 때문에 입력전류의 제어가 용이하다는 특징을 가지고 있다. 이러한 이유로, 역률개선 회로에서는 연속모드(Continuous conduction mode : CCM) 동작을 하는 부우스트를 많이 활용해 왔다. 그러나 이와 같은 구조의 컨버터는 주 스위치에서의 스위칭 손실과 출력 다이오드의 제한된 역회복 시간(Reverse recovery time: \\( t_{r r} \\) )으로 인한 문제 등 많은 단점을 가진다. 즉, 주 스위치가 턴-온되는 순간에 출력 다이오드는 출력 커패시터로부 스위치를 통하여 전류가 흐르지 않도록 막아주어야 함에도 불구하고 스위칭 다이오드가 가지는 제한된 역회복 시간으로 인하여 짧은 시간동안 높은 스파이크 전류가 역으로 흐르는 것을 피할 수 없게 된다. 이러한 스파이크 전류는 전체 회로의 손실뿐만 아니라 전자파 장애(Electromagnetic interference : EMI)를 일으 키게 된다. 또한, 다이오드에서의 손실 증가뿐만 아니라 주 스위치에서도 역전류로 인한 턴-온 손실이 발생하여 컨버터 전체 효율에 치명적인 영향을 주게 된다.</p> <p>근래 들어, 기존의 펄스폭 변조방식이 가지는 단점을 보완하고 효율을 향상시키기 위하여 공진을 이용하는 방식의 연구가 활발히 이루어져 왔으며 그 대표적인 것으로는 직렬공진, 병렬공진, E급 컨버터, 그리고 준-공진(Quasi-resonant) 컨버터 등을 들 수 있다.</p> <p>그러나 공진형 컨버터는 공진 특성으로 인한 높은 순환 에너지가 발생하여 전도손실 (Conduction loss)이 커지는 단점을 가지고 있다. 더욱이, 입력전압과 부하의 동작범위가 넓어질 경우, 공진 회로에 사용되는 리액턴스 성분을 최적화하기가 어럽게 된다.</p> <p>이러한 문제들을 해결하기 위하여, 최근에는 PWM 부우스트 방식의 장점을 유지하면서 스위칭이 발생하는 순간에서만 공진을 이용하여 스위칭 손실을 줄이는 방법에 대하여 연구가 활발히 이루어지고 있다. 이들은 크게 영전류 천이(Zero current transition : ZCT) 방식과 영전압 천이(Zero voltage transition: (ZVT)) 방식으로 나눌 수 있다. 이들 대다수 방식은 기존의 PWM 컨버터에 보조회로를 첨가하여, 주 스위치와 출력 다이오드에서 소프트 스위칭이 가능하도록 하였다.</p> <p>보조회로는 스위치와 수동 소자로 구성되어 있으며 전류가 출력 다이오드로부터 주 스위치로 전환되는 짧은 스위칭 순간 동안만 동작한다. 이 짧은 스위칭 순간을 제외한 나머지 동작구간은 기존의 PWM 부우스트 컨버터와 동일하게 된다. 그러나 이들 중 일부는 보조회로의 동작이 하드 스위칭 방식이어서 부가적인 손실을 발생시킨다. 또한 상당수의 회로들이 높은 공진 전류나 전압을 발생시킴으로 해서 전도 손실과 EMI 측면에서 약점을 보이거나 적용 가능한 부하 범위에 많은 제약을 가지는 등 문제점을 가지고 있다.</p> <p>이러한 단점을 극복하고자 본 논문에서는 새로운 형태의 영전류 천이형 ZCT 부우스트 컨버터를 제안하였다. 제안한 형태의 컨버터는 주 회로의 스위치와 출력 다이오드에서뿐만 아니라 보조 스위치의 턴-온, 턴-오프 순간에도 소프트 스위칭이 가능하도록 하여 전체 시스템의 스위칭 손실과 EMI를 상당히 낮추게 된다.</p> <p>더욱이, 입력전압과 출력전압의 비율이 \\( V_{o} / V_{s} \\geq 2 \\)인 경우에 주 스위치는 ZCT와 ZVT 조건을 동시에 만족시키게 된다. 본 논문에서는 제안된 회로의 동작원리와 보조회로의 설계방식을 자세히 기술하였으며 실험을 통하여 타당성을 입증하였다.</p>",
                "context_length": 1936,
                "summary": "기존의 펄스폭 변조 방식의 부우스트 컨버터는 제어가 쉽고 구조가 간단하며 특히 입력전류의 제어가 쉬워서 널리 사용되었다. 하지만 출력 다이오드의 제한된 역회복 시간이나 주 스위치의 스위칭 손실과 같은 단점들을 극복하기 위해 새로운 형태의 영전류 천이형 ZCT 부우스트 컨버터를 제안한다. 제안된 컨버터는 출력 다이오드와 주 회로의 스위치 외에도 보조 스위치의 턴-온, 턴-오프 순간에도 소프트 스위칭이 가능해서 전체 시스템의 스위칭 손실과 EMI를 많이 낮추어준다.",
                "clue": [
                    {
                        "clue_text": "기존의 펄스폭 변조 (Pulse width modulation :PWM) 방식의 부우스트 컨버터는 구조가 간단하고 제어가 용이하다는 장점으로 인하여 산업전반에 널리 사용되어 왔다.",
                        "clue_start": "19",
                        "clue_end": "119"
                    },
                    {
                        "clue_text": "특히, 부우스트 컨버터는 구조적으로 인덕터 전류와 입력전류가 동일하기 때문에 입력전류의 제어가 용이하다는 특징을 가지고 있다.",
                        "clue_start": "120",
                        "clue_end": "190"
                    },
                    {
                        "clue_text": "그러나 이와 같은 구조의 컨버터는 주 스위치에서의 스위칭 손실과 출력 다이오드의 제한된 역회복 시간(Reverse recovery time: \\( t_{r r} \\) )으로 인한 문제 등 많은 단점을 가진다.",
                        "clue_start": "274",
                        "clue_end": "390"
                    },
                    {
                        "clue_text": "이러한 단점을 극복하고자 본 논문에서는 새로운 형태의 영전류 천이형 ZCT 부우스트 컨버터를 제안하였다.",
                        "clue_start": "1601",
                        "clue_end": "1659"
                    },
                    {
                        "clue_text": "제안한 형태의 컨버터는 주 회로의 스위치와 출력 다이오드에서뿐만 아니라 보조 스위치의 턴-온, 턴-오프 순간에도 소프트 스위칭이 가능하도록 하여 전체 시스템의 스위칭 손실과 EMI를 상당히 낮추게 된다.",
                        "clue_start": "1660",
                        "clue_end": "1773"
                    }
                ],
                "terminology": [
                    {
                        "word": "CCM"
                    },
                    {
                        "word": "Conduction loss"
                    },
                    {
                        "word": "Continuous conduction mode"
                    },
                    {
                        "word": "EMI"
                    },
                    {
                        "word": "EMI 측면"
                    },
                    {
                        "word": "Electromagnetic"
                    },
                    {
                        "word": "Electromagnetic interference"
                    },
                    {
                        "word": "E급 컨버터"
                    },
                    {
                        "word": "PWM"
                    },
                    {
                        "word": "PWM 부우스트 방식"
                    },
                    {
                        "word": "PWM 컨버터"
                    },
                    {
                        "word": "Pulse"
                    },
                    {
                        "word": "Pulse width"
                    },
                    {
                        "word": "Pulse width modulation"
                    },
                    {
                        "word": "Reverse"
                    },
                    {
                        "word": "ZCT"
                    },
                    {
                        "word": "ZCT 부우스트 컨버터"
                    },
                    {
                        "word": "ZVT"
                    },
                    {
                        "word": "ZVT 조건"
                    },
                    {
                        "word": "Zero"
                    },
                    {
                        "word": "Zero voltage"
                    },
                    {
                        "word": "conduction"
                    },
                    {
                        "word": "interference"
                    },
                    {
                        "word": "modulation"
                    },
                    {
                        "word": "recovery"
                    },
                    {
                        "word": "transition"
                    },
                    {
                        "word": "width"
                    },
                    {
                        "word": "공진 회로"
                    },
                    {
                        "word": "공진형"
                    },
                    {
                        "word": "공진형 컨버터"
                    },
                    {
                        "word": "다이오드"
                    },
                    {
                        "word": "동작구간"
                    },
                    {
                        "word": "리액턴스"
                    },
                    {
                        "word": "리액턴스 성분"
                    },
                    {
                        "word": "변조방식"
                    },
                    {
                        "word": "병렬공진"
                    },
                    {
                        "word": "부가적인"
                    },
                    {
                        "word": "부우스트"
                    },
                    {
                        "word": "부우스트 컨버터"
                    },
                    {
                        "word": "부하 범위"
                    },
                    {
                        "word": "소프트 스위칭"
                    },
                    {
                        "word": "수동 소자"
                    },
                    {
                        "word": "순환 에너지"
                    },
                    {
                        "word": "스위치"
                    },
                    {
                        "word": "스위치의 턴-온"
                    },
                    {
                        "word": "스위칭"
                    },
                    {
                        "word": "스위칭 다이오드"
                    },
                    {
                        "word": "스위칭 손실"
                    },
                    {
                        "word": "스위칭 순간"
                    },
                    {
                        "word": "스파이크"
                    },
                    {
                        "word": "스파이크 전류"
                    },
                    {
                        "word": "역률개선"
                    },
                    {
                        "word": "역률개선 회로"
                    },
                    {
                        "word": "역전류"
                    },
                    {
                        "word": "역회복 시간"
                    },
                    {
                        "word": "영전류"
                    },
                    {
                        "word": "영전류 천이"
                    },
                    {
                        "word": "영전류 천이형"
                    },
                    {
                        "word": "영전류 천이형 ZCT 부우스트 컨버터"
                    },
                    {
                        "word": "영전압"
                    },
                    {
                        "word": "영전압 천이"
                    },
                    {
                        "word": "인덕터"
                    },
                    {
                        "word": "입력전류"
                    },
                    {
                        "word": "전도"
                    },
                    {
                        "word": "전도손실"
                    },
                    {
                        "word": "전류"
                    },
                    {
                        "word": "전자파"
                    },
                    {
                        "word": "전자파 장애"
                    },
                    {
                        "word": "전환"
                    },
                    {
                        "word": "주 회로"
                    },
                    {
                        "word": "준-공진"
                    },
                    {
                        "word": "직렬공진"
                    },
                    {
                        "word": "천이형"
                    },
                    {
                        "word": "출력 다이오드"
                    },
                    {
                        "word": "출력 커패시터"
                    },
                    {
                        "word": "출력전압"
                    },
                    {
                        "word": "커패시터"
                    },
                    {
                        "word": "컨버터"
                    },
                    {
                        "word": "턴-온 손실"
                    },
                    {
                        "word": "펄스폭"
                    },
                    {
                        "word": "펄스폭 변조"
                    },
                    {
                        "word": "펄스폭 변조방식"
                    },
                    {
                        "word": "하드 스위칭"
                    },
                    {
                        "word": "하드 스위칭 방식"
                    },
                    {
                        "word": "회로"
                    }
                ]
            },
            {
                "context_id": "55e-0c9-merge_2_034b7f4e-0c313777-96cd-423a-b496-a6433409777f_08",
                "context_K-NSCC": {
                    "field": "인공물",
                    "large_category": "ED",
                    "medium_category": "02"
                },
                "context": "<p>인덕터 \\( L_ { r } \\)을 포함하는 보조 회로는 주 회로를 흐르는 인덕터 전류 \\( i_ { L m } \\)에 전류 루프를 추가시킴으로써 출럭측 다이오드의 전류 기울기 \\( d i / d t \\)를 조절한다.</p> <p>보조 스위치 \\( S_ { r } \\) 이 턴-온되면, 출력측 다이오드 \\( D_ { m } \\)을 통해 흐르던 \\( i_ { L m } \\)이 보조회로의 \\( L_ { r } \\)을 동하여 선형적으로 전환되기 시작한다. 따라서 인덕터 \\( L_ { r } \\)의 크기는 얼마나 빨리 다이오드 \\( D_ { m } \\)을 턴-오프 할 것인가에 따라 결정된다. \\( L_ { r } \\)값이 클수록, 역회복 전류량은 줄어드나 스위치 \\( S_ { r } \\)의 턴-온 기간이 길어져서 보조 회로에서의 전도손실이 증가하게 된다. 또한, 동작 원리로부터 알 수 있듯이, 주 스위치의 최소 도통기간은 대략 보조회로의 도통기간과 같아야 한다.</p> <p>식 (2), (11), (13), 그리고 (16)을 이용하여, ZCZVT 모드에서, 주 스위치의 최소 도통기간을 다음과 같이 구할 수 있다.</p> <p>\\( T_ {\\text { min } } =t_ { 01 } + t_ { 12 } + t_ { 23 } + t_ { 31 } \\) \\( = \\frac { I_ { L m \\text { max } } - \\Delta i_ { L w } / 2 } {\\left (V_ { o } -V_ { s } \\right ) / L_ { r } } + \\sqrt { L_ { r } C_ { s } } \\cdot \\theta_ { r } + \\frac { L_ { r } } { V_ { s } } \\left [i_ { L r } \\left (t_ { 2 } \\right ) \\right . \\) \\( \\left .- \\left (I_ { L m, \\max } - \\Delta i_ { L m } / 2 \\right ) \\right ] + \\frac { I_ { L m, \\max } - \\Delta i_ { L w } / 2 } { V_ { s } / L_ { r } } \\)<caption>(17)</caption></p>",
                "context_length": 1089,
                "summary": "\\( L_ { r } \\)값이 클수록, 역회복 전류량은 줄어들지만 스위치 \\( S_ { r } \\)의 턴-온 기간이 증가하여 보조 회로에서의 전도손실이 증가하게 되며 동작 원리로부터 알 수 있듯이 주 스위치의 최소 도통기간은 대략 보조회로의 도통기간과 동일해야한다.",
                "clue": [
                    {
                        "clue_text": "따라서 인덕터 \\( L_ { r } \\)의 크기는 얼마나 빨리 다이오드 \\( D_ { m } \\)을 턴-오프 할 것인가에 따라 결정된다.",
                        "clue_start": "256",
                        "clue_end": "332"
                    },
                    {
                        "clue_text": "\\( L_ { r } \\)값이 클수록, 역회복 전류량은 줄어드나 스위치 \\( S_ { r } \\)의 턴-온 기간이 길어져서 보조 회로에서의 전도손실이 증가하게 된다.",
                        "clue_start": "333",
                        "clue_end": "425"
                    },
                    {
                        "clue_text": "또한, 동작 원리로부터 알 수 있듯이, 주 스위치의 최소 도통기간은 대략 보조회로의 도통기간과 같아야 한다.",
                        "clue_start": "426",
                        "clue_end": "486"
                    }
                ],
                "terminology": [
                    {
                        "word": "ZCZVT"
                    },
                    {
                        "word": "ZCZVT 모드"
                    },
                    {
                        "word": "기울기"
                    },
                    {
                        "word": "다이오드"
                    },
                    {
                        "word": "다이오드의 전류"
                    },
                    {
                        "word": "다이오드의 전류 기울기"
                    },
                    {
                        "word": "도통기간"
                    },
                    {
                        "word": "보조 회로"
                    },
                    {
                        "word": "스위치"
                    },
                    {
                        "word": "인덕터"
                    },
                    {
                        "word": "전도손실"
                    },
                    {
                        "word": "전류"
                    },
                    {
                        "word": "전류 기울기"
                    },
                    {
                        "word": "전류 루프"
                    },
                    {
                        "word": "전환"
                    },
                    {
                        "word": "주 회로"
                    },
                    {
                        "word": "회로"
                    }
                ]
            },
            {
                "context_id": "55e-0c9-merge_2_034b7f4e-0c313777-96cd-423a-b496-a6433409777f_11",
                "context_K-NSCC": {
                    "field": "인공물",
                    "large_category": "ED",
                    "medium_category": "02"
                },
                "context": "<p>\\( I_ { L r, S } =I_ { L m \\text { max } } \\cdot \\sqrt {\\frac { t_ { 01 } / 2 + t_ { 12 } + t_ { 23 } + t_ { 31 } / 2 } { T } } \\)<caption>(21)</caption></p> <p>위의 수식으로부터, 최대 부하조건인 첨두 전류값 6 \\( \\mathrm { A } \\)에 대하여 실효값은 단지 0.9 \\( \\mathrm { A } \\) 임을 알 수 있다. 본 논문에서는 보조 스위치로 International Rectifier (IR)사의 IRF510 (100 \\( \\mathrm { V } \\), 4 \\( \\mathrm { A } \\), \\( R_ { D S } (O N)=0.6 \\Omega \\))을 선정하였다.</p> <p>최대 부하 조건에서, 소프트 스위칭 동작을 이루기 위해서는 스위치 \\( S_ { m } \\)과 \\( S_ { r } \\)사이에 다음과 같은 게이트 신호의 시간 간격이 확보되어야 한다.</p> <p>\\( T_ { D } =t_ { 01 } + t_ { 12 } + t_ { 23 } \\) \\( = \\frac { I_ { L m \\max } - \\Delta i_ { L n / 2 } } {\\left (V_ { o } -V_ { s } \\right ) / L_ { r } } + \\sqrt { L, C_ { s } } \\cdot \\theta_ { r } + \\frac { L_ { r } } { V_ { s } } \\left [i_ { L r } \\left (t_ { 2 } \\right ) \\right . \\) \\( \\left .- \\left (I_ { L m, \\max } - \\Delta i_ { L m } / 2 \\right ) \\right ] \\) \\( =0.284 \\mu S \\)<caption>(22)</caption></p> <p>다이오드 \\( D_ { r } \\)은 인덕터 \\( L_ { r } \\)의 에너지가 영이 되었을 때 스위치 \\( S_ { r } \\)의 내부 다이오드를 통하여 역으로 전류가 흐르는 것을 방지하기 위하여 사용하였으며 스위치 \\( S_ { r } \\)과 같은 전류 정격을 가진다. 따라서, 전류 \\( i_ { L r } \\)이 영이 된 다음 \\( L_ { r } \\)과 스위치 \\( S_ { r } \\)내부의 커패시턴스가 서로 공진하는 것을 방지하기 위하여 빠른 역회복 시간을 갖는 다이오드를 사용해야 한다. 이러한 이유로, 본 실험에서는 D3S4M(40 \\( \\mathrm { V } \\), 3 \\( \\mathrm { A } \\))샤트키 다이오드를 사용하였다.</p>",
                "context_length": 1312,
                "summary": "본 논문에서 사용한 보조 스위치는 IR 사의 스위치를 사용하였다. 최대 부하 조건에서 소프트 스위칭 동작을 하기 위해서는 두 스위치 사이에 게이트 신호의 시간 간격이 확보되어야 하며, 다이오드는 인덕터 에너지가 영이 되었을 때 스위치의 내부 다이오드를 통해 역으로 전류가 흐르는 것을 방지하기 위해 사용하였다. 스위치 내부 커패시턴스의 공진을 방지하기 위해 빠른 역회복 시간을 가진 샤트키 다이오드를 사용하였다.",
                "clue": [
                    {
                        "clue_text": "본 논문에서는 보조 스위치로 International Rectifier (IR)사의 IRF510 (100 \\( \\mathrm { V } \\), 4 \\( \\mathrm { A } \\), \\( R_ { D S } (O N)=0.6 \\Omega \\))을 선정하였다.",
                        "clue_start": "261",
                        "clue_end": "406"
                    },
                    {
                        "clue_text": "최대 부하 조건에서, 소프트 스위칭 동작을 이루기 위해서는 스위치 \\( S_ { m } \\)과 \\( S_ { r } \\)사이에 다음과 같은 게이트 신호의 시간 간격이 확보되어야 한다.",
                        "clue_start": "414",
                        "clue_end": "516"
                    },
                    {
                        "clue_text": "다이오드 \\( D_ { r } \\)은 인덕터 \\( L_ { r } \\)의 에너지가 영이 되었을 때 스위치 \\( S_ { r } \\)의 내부 다이오드를 통하여 역으로 전류가 흐르는 것을 방지하기 위하여 사용하였으며 스위치 \\( S_ { r } \\)과 같은 전류 정격을 가진다.",
                        "clue_start": "941",
                        "clue_end": "1094"
                    },
                    {
                        "clue_text": "따라서, 전류 \\( i_ { L r } \\)이 영이 된 다음 \\( L_ { r } \\)과 스위치 \\( S_ { r } \\)내부의 커패시턴스가 서로 공진하는 것을 방지하기 위하여 빠른 역회복 시간을 갖는 다이오드를 사용해야 한다.",
                        "clue_start": "1095",
                        "clue_end": "1222"
                    },
                    {
                        "clue_text": "이러한 이유로, 본 실험에서는 D3S4M(40 \\( \\mathrm { V } \\), 3 \\( \\mathrm { A } \\))샤트키 다이오드를 사용하였다.",
                        "clue_start": "1223",
                        "clue_end": "1308"
                    }
                ],
                "terminology": [
                    {
                        "word": "IR"
                    },
                    {
                        "word": "Rectifier"
                    },
                    {
                        "word": "게이트 신호"
                    },
                    {
                        "word": "내부 다이오드"
                    },
                    {
                        "word": "다이오드"
                    },
                    {
                        "word": "샤트키 다이오드"
                    },
                    {
                        "word": "소프트 스위칭"
                    },
                    {
                        "word": "소프트 스위칭 동작"
                    },
                    {
                        "word": "스위치"
                    },
                    {
                        "word": "스위칭"
                    },
                    {
                        "word": "역회복 시간"
                    },
                    {
                        "word": "인덕터"
                    },
                    {
                        "word": "전류"
                    },
                    {
                        "word": "전류 정격"
                    },
                    {
                        "word": "첨두"
                    },
                    {
                        "word": "첨두 전류값"
                    },
                    {
                        "word": "최대 부하 조건"
                    },
                    {
                        "word": "커패시턴스"
                    }
                ]
            },
            {
                "context_id": "55e-0c9-merge_2_034b7f4e-0c313777-96cd-423a-b496-a6433409777f_04",
                "context_K-NSCC": {
                    "field": "인공물",
                    "large_category": "ED",
                    "medium_category": "03"
                },
                "context": "<p>출력 전류와 인덕터 \\( L_ { m } \\)의 평균전류 사이에는 다음과 같은 관계가 있다.</p> <p>\\( I_ { L m } =I_ { o } /(1-D) \\)<caption>(8)</caption></p> <p>전류 \\( i_ { L r } \\)이 공진하다가 다시 \\( I_ { L m } - \\Delta i_ { L m } / 2 \\)에 도달하는 순간, 주 스위치의 양단전압 \\( v_ { S m } \\)은 \\( 2 V_ { s } -V_ { o } \\)로 낮아지게 된다. 동작파형에서 알 수 있듯이, 이 구간동안 걸리는 시간은 공진주기의 절반에 해당하므로 아래와 같이 구할 수 있다.</p> <p>\\( t_ { 12 } = \\pi \\sqrt { L_ { r } C_ { s } } \\)<caption>(9)</caption></p> <p>구간 2는 보조회로를 흐르는 전류가 다시 \\( I_ { L m } - \\Delta i_ { L m } / 2 \\)에 도달하는 순간에 끝나게 되며 이때, 주 스위치 \\( S_ { m } \\)을 턴-온함으로써 영전류 스위칭 조건을 만족하게된다. 특히, 입력-대-출력 조건이 \\( V_ { o } / V_ { s } \\geq 2 \\)가 되면 주 스위치는 영전류 스위칭과 영전압 스위칭을 동시에 만족시키는 ZCZVT 상태로 턴-온 하게 된다.</p> <p>구간 3 \\( \\left (t_ { 2 } -t_ { 3 } \\right ) \\) : 구간 3 은 주 스위치가 영전류 스위칭 조건 상태에서 켜지면서 시작되고 이 구간 동안 주 스위치를 흐르는 전류는 0에서부터 \\( I_ { L m } - \\Delta i_ { L m } / 2 \\)까지 선형적으로 증가하게 된다. 이와 반대로 전류 \\( i_ { L r } \\)은 다음의 수식에서 보인 바와 같이 선형적으로 감소하게 된다.</p> <p>\\( i_ { L r } (t)=I_ { L m } - \\frac {\\Delta i_ { I m } } { 2 } - \\frac { V_ { s } } { L_ { r } } \\left (t-t_ { 2 } \\right ) \\)<caption>(10)</caption></p>",
                "context_length": 1070,
                "summary": "출력 전류와 인덕터 \\( L_ { m } \\)의 평균전류 사이에는 \\( I_ { L m } =I_ { o } /(1-D) \\)과 같은 관계가 있고, 전류 \\( i_{Lr} \\)이 공진하다가 \\( I_{Lm}-\\Delta i_{Lm} / 2 \\)에 도달하는 순간, 주 스위치의 양단전압 \\( v_{Sm} \\)은 \\( 2 V_{s}-V_{o} \\)로 낮아지게 된다.",
                "clue": [
                    {
                        "clue_text": "출력 전류와 인덕터 \\( L_ { m } \\)의 평균전류 사이에는 다음과 같은 관계가 있다.",
                        "clue_start": "3",
                        "clue_end": "54"
                    },
                    {
                        "clue_text": "\\( I_ { L m } =I_ { o } /(1-D) \\)",
                        "clue_start": "62",
                        "clue_end": "95"
                    },
                    {
                        "clue_text": "전류 \\( i_ { L r } \\)이 공진하다가 다시 \\( I_ { L m } - \\Delta i_ { L m } / 2 \\)에 도달하는 순간, 주 스위치의 양단전압 \\( v_ { S m } \\)은 \\( 2 V_ { s } -V_ { o } \\)로 낮아지게 된다.",
                        "clue_start": "125",
                        "clue_end": "272"
                    }
                ],
                "terminology": [
                    {
                        "word": "ZCZVT"
                    },
                    {
                        "word": "공진주기"
                    },
                    {
                        "word": "동작파형"
                    },
                    {
                        "word": "스위치"
                    },
                    {
                        "word": "스위칭"
                    },
                    {
                        "word": "스위칭 조건"
                    },
                    {
                        "word": "영전류"
                    },
                    {
                        "word": "영전류 스위칭"
                    },
                    {
                        "word": "영전압"
                    },
                    {
                        "word": "영전압 스위칭"
                    },
                    {
                        "word": "인덕터"
                    },
                    {
                        "word": "전류"
                    }
                ]
            },
            {
                "context_id": "55e-0c9-merge_2_034b7f4e-0c313777-96cd-423a-b496-a6433409777f_07",
                "context_K-NSCC": {
                    "field": "인공물",
                    "large_category": "ED",
                    "medium_category": "02"
                },
                "context": "<h1>3. 보조회로 설계 방법</h1> <p>그림 3과 5를 살펴보면, 제안한 회로는 보조회로의</p> <p>추가에도 불구하고 전체적인 동작 파형은 기존 PWM 부우스트 컨버터와 크게 다르지 않다는 사실을 알 수 있다. 따라서, 주 회로상의 소자 \\( L_ { m } , S_ { m } , D_ { m } \\), 그리고 출력 커패시턴스 \\( C_ { o } \\)의 값들은 기존 PWM 부우스트 컨버터의 설계방식을 따르면 된다.</p> <p>동작 원리로부터 이해할 수 있듯이, 영전류 스위칭은 주 스위치가 켜지기 직전에 입력전압과 출력전압의 차이, \\( V_ { o } -V_ { s } \\)를 이용하여 보조회로의 인덕터 \\( L_ { r } \\)을 통해 흐르는 전류를 증가시킴으로써 이루어진다. 이를 위해 제안한 회로는 연속동작 모드(Continuous conduction mode : CCM)로 동작을 하여야 한다. 따라서, 만일 연속동작을 위한 부하조건 \\( \\left (I_ { L m } \\geq \\Delta i_ { L m } / 2 \\right ) \\)이 만족된다면, 본 제안된 회로를 통하여 높은 효율을 기대할 수 있다.</p> <p>본 장에서는, 설계 시에 고려해야 할 사항과 더불어 보조회로의 각 부품 값을 결정하는 방법을 예를 들어가면서 설명하도록 하겠다. 다음은 본 논문에서 실험한 회로에 대한 동작조건을 나타낸 것이다.</p> <p>\\( \\triangleright \\) 입력 전압 : \\( V_ { s } = 12 \\mathrm { ~V } \\);</p> <p>\\( \\triangleright \\) 출력 전압 : \\( V_ { o } =30 \\mathrm { ~V } \\);</p> <p>\\( \\triangleright \\) 출력 전류 : \\( I_ { o, \\min } =0.3 A, I_ { o, \\max } =2 A \\);</p> <p>\\( \\triangleright \\) 의 리플 전류: \\( \\Delta i_ { L m } =0.72 A \\);</p> <p>\\( \\triangleright \\) 주 회로의 부품값 : \\( L_ { m } =100 \\mu H, C_ { o } =330 \\mu F \\);</p> <p>\\( \\triangleright \\) 동작주파수 : \\( f_ { s } =100 \\mathrm { KHz } \\);</p> <h2>\\( 3.1 \\) 보조회로의 인덕터, \\( L_ { r } \\)값 선정</h2> <p>이미 잘 알려진 바와 같이, 부우스트 컨버터를 구성하고자 할 때 출력 다이오드의 선정은 매우 신중히 이루어져야 하는데, 이는 다이오드의 역회복 시간(Reverse recovery time: \\( t_ { r r } \\) 으로 인하여 전체 회로 동작이 불안정해질 수 있기 때문이다. 그러나 본 논문에서 제안한 회로는 주 스위치뿐만 아니라 출력 다이오드 역시 소프트 스위칭을 하므로 다이오드의 역회복 시간으로 인한 문제가 심각하지 않다. 그러나 몇 가지 이유로 해서 초고속 다이오드 (Ultrafast diode)를 사용하는 것이 여전히 유리하다. 이에 관하여 아래에 설명하였다.</p>",
                "context_length": 1539,
                "summary": "이 장에서는 보조회로의 각 부품 값을 결정하는 방법과 함께 설계 시에 고려해야 할 사항을 설명한다. 비록 추가 요소가 도입되었지만, PWM 부우스트 컨버터의 동작 파형과는 크게 다르지 않다. 주 회로상의 소자인 \\( L_ { m } , S_ { m } , D_ { m } \\) 및 출력 커패시턴스 \\( C_ { o } \\)는 기존 PWM 부우스트 컨버터의 설계방식을 그대로 따르면 된다.",
                "clue": [
                    {
                        "clue_text": "본 장에서는, 설계 시에 고려해야 할 사항과 더불어 보조회로의 각 부품 값을 결정하는 방법을 예를 들어가면서 설명하도록 하겠다.",
                        "clue_start": "588",
                        "clue_end": "659"
                    },
                    {
                        "clue_text": "추가에도 불구하고 전체적인 동작 파형은 기존 PWM 부우스트 컨버터와 크게 다르지 않다는 사실을 알 수 있다.",
                        "clue_start": "62",
                        "clue_end": "123"
                    },
                    {
                        "clue_text": "따라서, 주 회로상의 소자 \\( L_ { m } , S_ { m } , D_ { m } \\), 그리고 출력 커패시턴스 \\( C_ { o } \\)의 값들은 기존 PWM 부우스트 컨버터의 설계방식을 따르면 된다.",
                        "clue_start": "124",
                        "clue_end": "240"
                    }
                ],
                "terminology": [
                    {
                        "word": "CCM"
                    },
                    {
                        "word": "PWM"
                    },
                    {
                        "word": "PWM 부우스트 컨버터"
                    },
                    {
                        "word": "conduction"
                    },
                    {
                        "word": "diode"
                    },
                    {
                        "word": "recovery"
                    },
                    {
                        "word": "다이오드"
                    },
                    {
                        "word": "다이오드의 역회복"
                    },
                    {
                        "word": "동작 파형"
                    },
                    {
                        "word": "동작주파수"
                    },
                    {
                        "word": "보조회로"
                    },
                    {
                        "word": "부우스트"
                    },
                    {
                        "word": "부우스트 컨버터"
                    },
                    {
                        "word": "소프트 스위칭"
                    },
                    {
                        "word": "스위치"
                    },
                    {
                        "word": "스위칭"
                    },
                    {
                        "word": "역회복 시간"
                    },
                    {
                        "word": "영전류"
                    },
                    {
                        "word": "영전류 스위칭"
                    },
                    {
                        "word": "인덕터"
                    },
                    {
                        "word": "전류"
                    },
                    {
                        "word": "주 회로"
                    },
                    {
                        "word": "초고속 다이오드"
                    },
                    {
                        "word": "초고속 다이오드 (Ultrafast diode)"
                    },
                    {
                        "word": "출력 다이오드"
                    },
                    {
                        "word": "출력 커패시턴스"
                    },
                    {
                        "word": "출력전압"
                    },
                    {
                        "word": "커패시턴스"
                    },
                    {
                        "word": "컨버터"
                    },
                    {
                        "word": "파형"
                    },
                    {
                        "word": "회로"
                    },
                    {
                        "word": "회로 동작"
                    }
                ]
            },
            {
                "context_id": "55e-0c9-29645b2e-d926-4d26-954b-03f1bacb3379",
                "context_K-NSCC": {
                    "field": "인공물",
                    "large_category": "ED",
                    "medium_category": "03"
                },
                "context": "<h2>2.2 ZCZVT 모드 동작</h2> <p>제안한 회로의 ZCZVT 모드 동작은 입력-대-출력 전압 비가 \\( V_{o} / V_{s} \\geq 2 \\)일 때 발생하게 되며, 매 스위칭 주기 동안에 그림 4에 보인 바와 같이, 7개의 서로 다 른 구간을 가진다. 그림 5 에서 보면, 구간 1 은 앞서의 ZCT 모드와 동일함을 알 수 있다. 그러나 공진구간에 해당하는 구간 2 의 기간에 대하여, ZCT 모드에서는 공진주기의 절반으로 일정했던 반면 ZCZVT 모드에서 는 전압비 \\( V_{o} / V_{s} \\)에 따라서 변화하게 된다.</p> <p>시간 \\( t_{1} \\)에서 전류 \\( i_{L r} \\)이 \\( I_{L m}-\\Delta i_{L m} / 2 \\)에 도달한 후에, \\( L_{r} \\)과 \\( C_{s} \\)는 수식 (5)와 (6)의 형태로 공진을 시작하게 된다. 이 공진 구간은 커패시터 \\( C_{s} \\)에 저장되어 있던 에너지가 모두 입력 전원 쪽으로 전달된 후에 끝나게 된다. 수식 (6)을 이용하면, 공진 구간 기간 \\( t_{12} \\)를 아래와 같이 유도할 수 있다.</p> <p>\\( t_{12}=\\sqrt{L_{r} C_{s}} \\cdot \\cos ^{-1}\\left(\\frac{1}{1-V_{d} / V_{s}}\\right)=\\sqrt{L_{r} C_{s}} \\cdot \\theta_{r} \\)<caption>(13)</caption></p> <p>위의 식에서 \\( \\theta_{r} \\)은 공진 각을 나타내며 입력-대-출력 전압 비 \\( V_{o} / V_{s} \\)에 따라 \\( 0.5 \\pi \\)에서 \\( \\pi \\)사이의 값을 가진다. 전압 비 \\( V_{o} / V_{s} \\)와 공진 각 \\( \\theta_{r} \\)과의 관계를 그림 6에 나타내었다.</p> <p>ZCZVT 모드에서, 구간 3 은 전압 \\( v_{S m} \\)이 영 전압에 도달하면서 시작되고 주 스위치의 내부 다이오드는 시간 \\( t_{2} \\)에서 켜지게 된다. 따라서 보조 인덕터 전류 \\( i_{L r} \\)은 선형적으로 감소하게 되며 이를 수식으로 표현하면 다음과 같다.</p> <p>\\( i_{L r}(t)=i_{L r}\\left(t_{2}\\right)-\\frac{V_{s}}{L_{r}}\\left(t-t_{2}\\right) \\)<caption>(14)</caption></p> <p>위의 수식에서 초기 값 \\( i_{L r}\\left(t_{2}\\right) \\)는 수식 (5)와 (13)으로 부터 아래와 같이 유도된다.</p> <p>\\( i_{L r}\\left(t_{2}\\right)=I_{L m}-\\frac{\\Delta i_{L m}}{2}+\\frac{V_{0}-V_{s}}{Z_{r}} \\sin \\theta_{r} \\)<caption>(15)</caption></p> <p>이 구간의 끝에서, 전류 \\( i_{L r} \\) 은 다시 \\( I_{L m}-\\Delta i_{L m} / 2 \\)에 도달하고 주 스위치를 흐르는 전류 \\( i_{S m} \\)은 영이 된다. 따라서 이 시점에서 주 스위치를 턴-온하게 되면 영전류와 영전압 스위칭(Zero-current, zero-voltage switching)이 동시에 가능하게 된다. 이 구간동안 걸리는 시간은 수식 \\( (14) \\)에서 \\( i_{L r}\\left(t_{3}\\right)=I_{L m}-\\Delta i_{L m} / 2 \\)을 적용함으로써 다음과 같이 구해진다.</p> <p>\\( t_{23}=\\frac{L_{y}}{V_{s}}\\left[i_{L r}\\left(t_{2}\\right)-\\left(I_{L m}-\\Delta i_{L m} / 2\\right)\\right] \\)<caption>(16)</caption></p> <p>ZCZVT 모드의 경우, 구간 2 와 3 을 제외한 나머지 구간들은 ZCT 모드와 동일하다. 이는 그림 5를 통해 쉽게 이해할 수 있다.</p>",
                "context_length": 1951,
                "summary": "ZCZVT 모드가 동작하는 제안된 회로는 입력-대-출력 전압 비 \\( V_{o} / V_{s} \\)가 2 이상일 때 7개의 구간으로 나누어질 수 있으며, 이 중 구간 2와 3을 제외한 구간은 ZCT 모드와 유사하다. ZCZVT 모드에서 구간 2는 전압비에 따라 변화하는 기간을 가지며, 구간 3은 전압 \\( v_{S m} \\)이 0에 도달할 때 시작되어, 시간 \\( t_{2} \\)에서 주 스위치의 내부 다이오드가 켜진다. 이 구간이 끝날 때, 전류 \\( i_{L r} \\)은 \\( I_{L m}-\\Delta i_{L m} / 2 \\)에 도달하고 주 스위치를 통한 전류 \\( i_{S m} \\)은 0이 된다.",
                "clue": [
                    {
                        "clue_text": "제안한 회로의 ZCZVT 모드 동작은 입력-대-출력 전압 비가 \\( V_{o} / V_{s} \\geq 2 \\)일 때 발생하게 되며, 매 스위칭 주기 동안에 그림 4에 보인 바와 같이, 7개의 서로 다 른 구간을 가진다.",
                        "clue_start": "28",
                        "clue_end": "150"
                    },
                    {
                        "clue_text": "ZCZVT 모드의 경우, 구간 2 와 3 을 제외한 나머지 구간들은 ZCT 모드와 동일하다.",
                        "clue_start": "1871",
                        "clue_end": "1922"
                    },
                    {
                        "clue_text": "그러나 공진구간에 해당하는 구간 2 의 기간에 대하여, ZCT 모드에서는 공진주기의 절반으로 일정했던 반면 ZCZVT 모드에서 는 전압비 \\( V_{o} / V_{s} \\)에 따라서 변화하게 된다.",
                        "clue_start": "195",
                        "clue_end": "305"
                    },
                    {
                        "clue_text": "ZCZVT 모드에서, 구간 3 은 전압 \\( v_{S m} \\)이 영 전압에 도달하면서 시작되고 주 스위치의 내부 다이오드는 시간 \\( t_{2} \\)에서 켜지게 된다.",
                        "clue_start": "912",
                        "clue_end": "1006"
                    },
                    {
                        "clue_text": "이 구간의 끝에서, 전류 \\( i_{L r} \\) 은 다시 \\( I_{L m}-\\Delta i_{L m} / 2 \\)에 도달하고 주 스위치를 흐르는 전류 \\( i_{S m} \\)은 영이 된다.",
                        "clue_start": "1412",
                        "clue_end": "1519"
                    }
                ],
                "terminology": [
                    {
                        "word": "ZCT"
                    },
                    {
                        "word": "ZCT 모드"
                    },
                    {
                        "word": "ZCZVT"
                    },
                    {
                        "word": "ZCZVT 모드"
                    },
                    {
                        "word": "switching"
                    },
                    {
                        "word": "공진구간"
                    },
                    {
                        "word": "공진주기"
                    },
                    {
                        "word": "내부 다이오드"
                    },
                    {
                        "word": "다이오드"
                    },
                    {
                        "word": "보조 인덕터 전류"
                    },
                    {
                        "word": "스위치"
                    },
                    {
                        "word": "스위칭"
                    },
                    {
                        "word": "스위칭 주기"
                    },
                    {
                        "word": "영전압"
                    },
                    {
                        "word": "영전압 스위칭"
                    },
                    {
                        "word": "인덕터"
                    },
                    {
                        "word": "입력 전원"
                    },
                    {
                        "word": "입력-대-출력 전압 비"
                    },
                    {
                        "word": "전류"
                    },
                    {
                        "word": "전압비"
                    },
                    {
                        "word": "커패시터"
                    },
                    {
                        "word": "회로"
                    }
                ]
            },
            {
                "context_id": "55e-0c9-merge_2_034b7f4e-0c313777-96cd-423a-b496-a6433409777f_02",
                "context_K-NSCC": {
                    "field": "인공물",
                    "large_category": "ED",
                    "medium_category": "03"
                },
                "context": "<p>구간 1 \\( \\left (t_ { 0 } -t_ { 1 } \\right ) \\) : 시간 \\( t_ { 0 } \\) 이전동안, 주 스위치 \\( S_ { m } \\)과 보조 스위치 \\( S_ { r } \\)은 모두 꺼져있는 상태이며 다이오드 \\( D_ { m } \\)이 인덕터 \\( L_ { m } \\)의 전류를 공급한다. 이때, 커패시터 \\( C_ { 5 } \\)는 출력전압 \\( V_ { o } \\)로 충전되어 있다. 시간 \\( t_ { 0 } \\) 순간에, 보조 스위치 \\( S_ { r } \\)이 공진 인덕터 \\( L_ { r } \\)로 인하여 영전류 상태에서 턴-온 되면 다이오드 전류 \\( i_ { D m } \\)이 선형적으로 하강하는 동시에 보조회로의 인덕터 전류 \\( i_ { L r } \\)은 선형적으로 상승하게 된다. 이를 수식으로 표현하면 다음과 같다.</p> <p>\\( i_ { L r } (t) = \\frac { V_ { 0 } -V_ { s } } { L_ { r } } \\left (t-t_ { 0 } \\right ) \\)<caption>(1)</caption></p> <p>이 구간이 끝나는 시점에서 \\( D_ { m } \\)의 전류는 0이 되고 보조 스위치를 흐르는 전류는 인덕터 전류값 \\( I_ { L m } - \\Delta i_ { L m } / 2 \\)에 도달한다 (여기서 \\( I_ { L m } \\) 와 \\( \\triangle i_ { L m } \\)은 각각 인덕터 \\( L_ { m } \\) 의 평균전류와 리플 전류를 나타낸다). 따라서, 이 구간동안 걸리는 시간은 아래와 같이 유도된다.</p> <p>\\( t_ { 01 } =t_ { 1 } -t_ { 0 } = \\frac { I_ { L m } - \\Delta i_ { L m } / 2 } {\\left (V_ { o } -V_ { s } \\right ) / L_ { r } } \\)<caption>(2)</caption></p> <p>구간 2 \\( \\left (t_ { 1 } -t_ { 2 } \\right ) \\) : 시간 \\( t_ { 1 } \\) 이후에는 보조회로를 흐르는 전류 \\( i_ { L ^ { 2 } } \\)은 인덕터 전류 \\( I_ { L m } - \\Delta i_ { L m } / 2 \\)보다 커지게 되어 \\( L_ { r } \\)과 \\( C_ { s } \\)가 서로 공진을 시작한다.</p>",
                "context_length": 1186,
                "summary": "동기식 컨버터의 동작원리를 설명한 것이다. 이 때에 흐르는 전류 \\( i_ { L ^ { 2 } } \\)은 인덕터 전류 \\( I_ { L m } - \\Delta i_ { L m } / 2 \\)보다 커지게 되는데 \\( L_ { r } \\)과 \\( C_ { s } \\)가 어느 순간에 공진 조건이 되면 공진을 시작한다.",
                "clue": [
                    {
                        "clue_text": "구간 1 \\( \\left (t_ { 0 } -t_ { 1 } \\right ) \\) : 시간 \\( t_ { 0 } \\) 이전동안, 주 스위치 \\( S_ { m } \\)과 보조 스위치 \\( S_ { r } \\)은 모두 꺼져있는 상태이며 다이오드 \\( D_ { m } \\)이 인덕터 \\( L_ { m } \\)의 전류를 공급한다.",
                        "clue_start": "3",
                        "clue_end": "183"
                    },
                    {
                        "clue_text": "시간 \\( t_ { 0 } \\) 순간에, 보조 스위치 \\( S_ { r } \\)이 공진 인덕터 \\( L_ { r } \\)로 인하여 영전류 상태에서 턴-온 되면 다이오드 전류 \\( i_ { D m } \\)이 선형적으로 하강하는 동시에 보조회로의 인덕터 전류 \\( i_ { L r } \\)은 선형적으로 상승하게 된다.",
                        "clue_start": "239",
                        "clue_end": "414"
                    },
                    {
                        "clue_text": "이 구간이 끝나는 시점에서 \\( D_ { m } \\)의 전류는 0이 되고 보조 스위치를 흐르는 전류는 인덕터 전류값 \\( I_ { L m } - \\Delta i_ { L m } / 2 \\)에 도달한다 (여기서 \\( I_ { L m } \\) 와 \\( \\triangle i_ { L m } \\)은 각각 인덕터 \\( L_ { m } \\) 의 평균전류와 리플 전류를 나타낸다).",
                        "clue_start": "564",
                        "clue_end": "771"
                    },
                    {
                        "clue_text": "\\( t_ { 01 } =t_ { 1 } -t_ { 0 } = \\frac { I_ { L m } - \\Delta i_ { L m } / 2 } {\\left (V_ { o } -V_ { s } \\right ) / L_ { r } } \\)<caption>(2)</caption>",
                        "clue_start": "812",
                        "clue_end": "965"
                    },
                    {
                        "clue_text": "구간 2 \\( \\left (t_ { 1 } -t_ { 2 } \\right ) \\) : 시간 \\( t_ { 1 } \\) 이후에는 보조회로를 흐르는 전류 \\( i_ { L ^ { 2 } } \\)은 인덕터 전류 \\( I_ { L m } - \\Delta i_ { L m } / 2 \\)보다 커지게 되어 \\( L_ { r } \\)과 \\( C_ { s } \\)가 서로 공진을 시작한다.",
                        "clue_start": "973",
                        "clue_end": "1182"
                    }
                ],
                "terminology": [
                    {
                        "word": "공진"
                    },
                    {
                        "word": "공진 인덕터"
                    },
                    {
                        "word": "다이오드"
                    },
                    {
                        "word": "다이오드 전류"
                    },
                    {
                        "word": "리플 전류"
                    },
                    {
                        "word": "보조회로"
                    },
                    {
                        "word": "스위치"
                    },
                    {
                        "word": "영전류"
                    },
                    {
                        "word": "영전류 상태"
                    },
                    {
                        "word": "인덕터"
                    },
                    {
                        "word": "인덕터 전류값"
                    },
                    {
                        "word": "전류"
                    },
                    {
                        "word": "출력전압"
                    },
                    {
                        "word": "충전"
                    },
                    {
                        "word": "커패시터"
                    }
                ]
            },
            {
                "context_id": "55e-0c9-merge_2_034b7f4e-0c313777-96cd-423a-b496-a6433409777f_01",
                "context_K-NSCC": {
                    "field": "인공물",
                    "large_category": "ED",
                    "medium_category": "03"
                },
                "context": "<h1>2. 회로 설명 및 동작원리</h1> <p>그림 1은 제안한 ZCT 부우스트 컨버터의 회로도를 나타낸다. 그림에서 알 수 있듯이, 제안한 ZCT 부우스트 컨버터는 기존의 PWM 부우스트 회로와 매우 유사하며 단지 인덕터 \\( L_ { r } \\), 보조 스위치 \\( S_ { r } \\), 그리고 다이오드 \\( D_ { r } \\)로 구성된 보조회로를 가진다는 점이 다르다. \\( C_ { s } \\)는 스너버 커패시턴스로써 주 스위치 \\( S_ { m } \\)의 기생 커패시턴스와 외부에서 주 스위치의 드레인과 소스 사이에 첨가한 커패시턴스의 합으로 표현된다.</p> <p>전반적인 동작 설명은 다음과 같다. 처음에 인덕터의 전류가 주 다이오드를 거쳐 출력으로 공급되고 있는 상태에서 보조 스위치를 켜게 되면(보조 회로의 인덕터로 인하여 영전류에서 턴온이 이루어짐) 보조회로의 인덕터 전류가 선형으로 증가하고 그에 반하여 주 다이오드를 흐르는 전류는 선형으로 감소하게 된다. 일정시간이 흘러서 보조회로를 흐르는 전류가 주 인덕터 \\( L_ { m } \\)의 전류 크기에 도달하게 되면 출력다이오드 \\( D_ { m } \\)을 흐르는 전류는 영이 되고 이 순간부터 주 스위치 \\( S_ { m } \\)과 병렬로 붙어있는 스너버 커패시터와 보조회로의 인덕터는 서로 공진을 하게 된다.</p> <p>이 공진주기의 \\( 1 / 2 \\) 기간에 주 인덕터를 흐르는 전류와 보조회로의 인덕터 전류 크기가 일치하는 시점이 발생하게 되고 이 순간에, 주 스위치 \\( S_ { m } \\)을 턴-온함으로써 주 스위치는 ZCT(zero current transition) 턴-온 조건을 만족하게 된다. 이 이후에 주 스위치를 흐르는 전류는 주 인덕터 \\( L_ { m } \\)의 전류를 보조회로와 선형적으로 양분하면서 증가하다가 결국 주 인덕터를 흐르는 전류 크기에 도달하게 된다. 이 시점이 곧 보조회로를 흐르는 전류가 0 으로 되는 시점이므로 이 때 보조스위치를 끄게 되면 보조 스위치의 영전류 턴-오프 조건을 만족하게 되는 것이다.</p> <p>정상상태에서, 제안한 회로의 동작은 입력-대-출력 전압비 \\( V_ { o } / V_ { s } \\)에 따라 크게 ZCT 모드와 ZCZVT (Zero current, zero voltage transition: ZCZVT) 모드의 두 가지 동작으로 나눌 수 있다.</p> <h2>\\( 2.1 \\mathrm { ZCT } \\) 모드 동작</h2> <p>제안한 회로의 ZCT 모드 동작은 \\( V_ { d } / V_ { s }<2 \\) 조건에서 발생하게 되며 매 스위칭 주기 동안에 6개의 서로 다른 구간으로 나뉘어 진다. 이들 각 구간별 등가 회로와 동작파형을 그림 2 와 그림 3에 각각 나타내었으며 그에 따른 동작은 다음에 설명하는 바와 같다.</p>",
                "context_length": 1398,
                "summary": "ZCT 부우스트 컨버터의 회로도는 기존의 PWM 부우스트 회로와 매우 유사하고, 인덕터 Lr, 보조 스위치 Sr, 다이오드 Dr로 구성된 보조회로를 가지고 있다. 인덕터의 전류가 주 다이오드를 지나 출력으로 공급되고 있을 때 보조 스위치를 켜면 보조회로의 인덕터 전류가 선형으로 증가하고, 주 다이오드에 흐르는 전류는 선형으로 감소한다.",
                "clue": [
                    {
                        "clue_text": "그림 1은 제안한 ZCT 부우스트 컨버터의 회로도를 나타낸다. 그림에서 알 수 있듯이, 제안한 ZCT 부우스트 컨버터는 기존의 PWM 부우스트 회로와 매우 유사하며 단지 인덕터 \\( L_ { r } \\), 보조 스위치 \\( S_ { r } \\), 그리고 다이오드 \\( D_ { r } \\)로 구성된 보조회로를 가진다는 점이 다르다.",
                        "clue_start": "28",
                        "clue_end": "213"
                    },
                    {
                        "clue_text": "처음에 인덕터의 전류가 주 다이오드를 거쳐 출력으로 공급되고 있는 상태에서 보조 스위치를 켜게 되면(보조 회로의 인덕터로 인하여 영전류에서 턴온이 이루어짐) 보조회로의 인덕터 전류가 선형으로 증가하고 그에 반하여 주 다이오드를 흐르는 전류는 선형으로 감소하게 된다.",
                        "clue_start": "346",
                        "clue_end": "494"
                    }
                ],
                "terminology": [
                    {
                        "word": "PWM"
                    },
                    {
                        "word": "ZCT"
                    },
                    {
                        "word": "ZCT 모드"
                    },
                    {
                        "word": "ZCT 부우스트 컨버터"
                    },
                    {
                        "word": "ZCZVT"
                    },
                    {
                        "word": "transition"
                    },
                    {
                        "word": "zero voltage"
                    },
                    {
                        "word": "공진주기"
                    },
                    {
                        "word": "다이오드"
                    },
                    {
                        "word": "동작파형"
                    },
                    {
                        "word": "보조 회로"
                    },
                    {
                        "word": "부우스트"
                    },
                    {
                        "word": "부우스트 컨버터"
                    },
                    {
                        "word": "스너버"
                    },
                    {
                        "word": "스너버 커패시턴스"
                    },
                    {
                        "word": "스위치"
                    },
                    {
                        "word": "스위칭"
                    },
                    {
                        "word": "스위칭 주기"
                    },
                    {
                        "word": "영전류"
                    },
                    {
                        "word": "영전류 턴-오프"
                    },
                    {
                        "word": "영전류 턴-오프 조건"
                    },
                    {
                        "word": "인덕터"
                    },
                    {
                        "word": "인덕터 전류 크기"
                    },
                    {
                        "word": "입력-대-출력 전압비"
                    },
                    {
                        "word": "전류"
                    },
                    {
                        "word": "전압비"
                    },
                    {
                        "word": "정상상태"
                    },
                    {
                        "word": "주 다이오드"
                    },
                    {
                        "word": "주 인덕터"
                    },
                    {
                        "word": "출력다이오드"
                    },
                    {
                        "word": "커패시턴스"
                    },
                    {
                        "word": "컨버터"
                    },
                    {
                        "word": "회로"
                    },
                    {
                        "word": "회로도"
                    }
                ]
            }
        ]
    }
}