{
    "dataset_info": {
        "identifier": "02-031-002-NL",
        "name": "기술과학 문서 요약 데이터",
        "category": "자연어",
        "last_updated": "2023-08-30"
    },
    "dataset": {
        "doc_id": "31a7cd33-1f034150-4d71-4f4e-b4cf-641f32a1cd2f",
        "doc_type": "논문",
        "doc_title": {
            "kor": "가이드라인을 이용한 동적 손동작 인식",
            "eng": ""
        },
        "doc_category": {
            "KDC": "560.5",
            "DDC": ""
        },
        "doc_number": {
            "ISSN": "2287-5026",
            "ISBN": "",
            "DOI": "",
            "UCI": ""
        },
        "doc_year": "2010",
        "doc_author": [
            "김건우",
            "이원주",
            "전창호"
        ],
        "doc_publisher": "대한전자공학회",
        "doc_license": "CC BY-NC",
        "context_info": [
            {
                "context_id": "55e-0c9-1f362cb0-48f1-4fa2-9434-8c17a5016122",
                "context_K-NSCC": {
                    "field": "인공물",
                    "large_category": "EE",
                    "medium_category": "02"
                },
                "context": "<h1>Ⅰ. 서 론</h1> <p>컴퓨터의 급속한 발달로 인해 인간과 컴퓨터간의 의사전달 수단이 키보드와 마우스 중심에서 음성, 센서, 또는 영상을 이용한 새로운 인터페이스들로 확대 되고 있다. 영상을 이용하는 방법은 컴퓨터에 연결된 카메라에서 인간의 동작, 얼굴 표정, 손동작 등을 인식하고, 다양한 의미를 부여하여 처리하는 방법이다. 특히 손동작은 표현력이 뛰어나기 때문에 널리 이용된다.</p> <p>손동작 인식은 글러브 테이터(glove data)를 사용하는 방법과, 영상을 사용하는 방법으로 구분할 수 있다. 글러브 데이터를 사용하는 손동작 인식 방법은 손의 각 부위에 광센서 또는 굴절계측기를 장착한 장갑의 출력 값을이용하는 기기 기반의 측정 방식으로 손동작에 대한 정확한 위치를 얻을 수 있고, 3 차원 공간의 다양한 손동작을 인식할 수 있다는 장점이 있다. 하지만 고가의 센서와 사람과 센서간의 연결선이 필요하기 때문에 사용이 불편하고, 손동작의 행동반경이 제한된다는 단점이 있다. 영상을 이용하는 손동작 인식 방법은 별도의 기계적인 장치를 직접 착용하지 않고, 카메라를 이용하기 때문에 인터페이스가 단순하다. 하지만 손 영역을 추출하는 과정이 복잡하고, 손의 움직임을 분석하거나 자세를 인식하는 과정이 어렵고 복잡하다. 이러한 단점을 극복하기 위해 손에 특정한 색표지(marker)를 붙이거나 표지가 있는 장갑을 사용하여 환경을 제한하기도 한다.</p> <p>실생활 환경에서 손동작 인식을 위해서는 다음과 같은 문제점을 해결해야한다. 첫째, 컴퓨터에 연결된 카메라의 입력 영상에서 배경과 손 영역을 정확하게 분리할 수 있어야 한다. 실생활 환경의 영상은 다양한 조명과 색상, 패턴을 가지고 있기 때문에 배경과 손 영역을 정확하게 분리하는 것은 어럽다. 둘째, 손 영역에서 추가적인 환경요소(노이즈, 조도, 배경색상)에 영향을 받지 않고 손동작을 정확하게 인식할 수 있어야 한다. 손 영역을 분리하더라도 동영상은 여러 프레임의 집합이기 때문에 각 프레임마다 환경의 변화가 생겨 잘못된 손동작 인식이 발생할 수 있다. 셋째, 학습 예제를 사용하지 않고 자유로손 손동작을 인식할 수 있어야 한다. 기존의 학습 예제를 사용하는 방법은 인식률이 높은 반면 학습을 위해 많은 시간이 필요하며, 구현하는 방법도 어럽다. 또한, 인식해야 할 동작을 추가하기 위헤서는 1000~2000장의 예제이미지가 필요하기 때문에 동작이 제한된다.</p> <p>본 논문에서는 이러한 문제점을 개선한 동적 손동작인식(dynamic hand gesture recognition) 방법을 제안한다. 이 방법은 YCbCr 색상공간을 사용하여 RGB, 정규화된 RGB, HSV 색상공간보다 정확하게 피부색을 추출하여 카메라 입력 영상의 배경과 손 영역을 정확하게 분할한다. 또한 무게중심과 거리변환 행렬을 사용하여 정확한 손 추적이 가능하다. 특히, 학습 예제를 사용하지 않고, 가이드라인을 이용하기 때문에 연산량이 적어 검출 속도가 빠르다. 또한, CPU 점유율이 낮고, 메모리 사용량도 적다는 장점도 가진다.</p>",
                "context_length": 1510,
                "summary": "컴퓨터 기술의 급속한 발전으로 인간과 컴퓨터 간의 통신 인터페이스의 범위는 기존의 키보드와 마우스를 넘어 확장되고 있으며 이미지 활용은 컴퓨터에 연결된 카메라를 통해 사람의 동작, 얼굴 표정, 손짓 및 기타 시각적 신호를 캡처하고 해석하는 것입니다. 이 과정에 다양한 해석을 부여함으로써 인간과 컴퓨터 사이에 의미 있는 상호 작용이 이루어질 수 있습니다. 기존 학습 예제를 기반으로 한 접근 방식은 높은 인식률을 나타냅니다.",
                "clue": [
                    {
                        "clue_text": "컴퓨터의 급속한 발달로 인해 인간과 컴퓨터간의 의사전달 수단이 키보드와 마우스 중심에서 음성, 센서, 또는 영상을 이용한 새로운 인터페이스들로 확대 되고 있다.",
                        "clue_start": "19",
                        "clue_end": "108"
                    },
                    {
                        "clue_text": "영상을 이용하는 방법은 컴퓨터에 연결된 카메라에서 인간의 동작, 얼굴 표정, 손동작 등을 인식하고, 다양한 의미를 부여하여 처리하는 방법이다.",
                        "clue_start": "109",
                        "clue_end": "188"
                    },
                    {
                        "clue_text": "기존의 학습 예제를 사용하는 방법은 인식률이 높은 반면 학습을 위해 많은 시간이 필요하며, 구현하는 방법도 어럽다.",
                        "clue_start": "1068",
                        "clue_end": "1132"
                    }
                ],
                "terminology": [
                    {
                        "word": "CPU"
                    },
                    {
                        "word": "CPU 점유율"
                    },
                    {
                        "word": "HSV"
                    },
                    {
                        "word": "RGB"
                    },
                    {
                        "word": "YCbCr 색상공간"
                    },
                    {
                        "word": "data"
                    },
                    {
                        "word": "거리변환"
                    },
                    {
                        "word": "거리변환 행렬"
                    },
                    {
                        "word": "굴절계측기"
                    },
                    {
                        "word": "글러브 데이터"
                    },
                    {
                        "word": "동적 손동작인식"
                    },
                    {
                        "word": "메모리"
                    },
                    {
                        "word": "발달"
                    },
                    {
                        "word": "색상공간"
                    },
                    {
                        "word": "색표지"
                    },
                    {
                        "word": "센서"
                    },
                    {
                        "word": "예제이미지"
                    },
                    {
                        "word": "정규화"
                    },
                    {
                        "word": "조도"
                    },
                    {
                        "word": "차원"
                    },
                    {
                        "word": "출력 값"
                    },
                    {
                        "word": "행렬"
                    }
                ]
            },
            {
                "context_id": "55e-0c9-54122c5a-d647-4ddd-9003-69de468a3d4d",
                "context_K-NSCC": {
                    "field": "인공물",
                    "large_category": "EE",
                    "medium_category": "02"
                },
                "context": "<h2>1. 전처리 모듈</h2> <p>영상의 이진화, 가이드라인 생성 및 손 영역 검출, 노이즈 제거, 손가락 끝점 검출, 색상공간 변환의 기능을 수행하는 전처리 모듈의 알고리즘은 그림 2와 같다.</p> <p>그림 2 에서 oT는 끝점 검출 카운트 변수이고, C는 손가락의 수이다. Binarize(m\\(\\_\\)pImagc) 함수는 입력 영상을 이진화하고, 손 모양의 가이드라인을 생성한다. 가이드라인을 이용하여 가이드라인 내의 피부색 비율로 초기 손 영역을 검출한다. 피부색 검출은 성능을 고려하여 YCbCr 칼라 공간을 이용한다. YCbCr 칼라 공간을 이용한 피부색 검출식은 식 1과 같다.</p> <p>\\( c_{x}=109.38, c_{y}=152.02, \\theta=2.53(\\in radian ) \\\\ \\) \\( e c_{x}=1.60, e c_{y}=2.41, a=25.39, b=14.03 \\\\ \\) \\( {\\left[\\begin{array}{l}x \\\\ y\\end{array}\\right]=\\left[\\begin{array}{r}\\cos \\theta \\sin \\theta \\\\ -\\sin \\theta \\cos \\theta\\end{array}\\right]\\left[\\begin{array}{l}C b-c_{x} \\\\ C r-c_{y}\\end{array}\\right] } \\\\ \\) \\( \\frac{\\left(x-e c_{x}\\right)^{2}}{a^{2}}+\\frac{\\left(y-e c_{y}\\right)^{2}}{b^{2}}=1 \\\\ \\)<caption>(1)</caption></p> <p>식 1은 색의 범위가 백인 피부색에 최적화된 식이기 때문에 동양인 피부색 검출에는 적합하지 않다. 따라서 본 논문에서는 실험을 통하여 식 1 을 식 2 와같이 수정 한다.</p> <p>\\( 48<\\frac{\\left(x-e c_{x}\\right)^{2}}{a^{2}}+\\frac{\\left(y-e c_{y}\\right)^{2}}{b^{2}}<56 \\)<caption>(2)</caption></p> <p>초기 손 영역은 그림 3과 같이 가이드라인의 최대 크기 \\( (150 * 163) \\) 만큼 영역을 설정하고, A, B, C 영역으로 나누어 각 영역의 피부색 비율을 계산한다. A 영역의 크기는 \\( (110 * 80) \\), B 영역의 크기는 \\( (110 * 83) \\), C영역의 크기는 \\( (36 * 83) \\) 이다. 모든 영역에서 피부색 변수 값이 정해놓은 임계값 이상이면 손 영역으로 정한다. 손 영역이 검출되었다 하더라도 전체 프레임에서 노이즈로 인한 오류가 발생할 수 있다.</p> <p>본 논문에서는 검출된 손 영역을 제외한 모든 픽셀을 노이즈라 정하고 동적테이블을 구성하여 기존의 주변 픽셀을 비교하는 노이즈 제거기법을 사용한다. 노이즈 제거기법은 중심 픽셀로부터 상하좌우의 인접픽셀을 비교하여 반대의 값을 가지면 노이즈로 판단하여 픽셀의 값을 수정한다. 하지만 이러한 방법은 불필요한 픽셀의 중복 연산으로 인해 연산량이 증가하고 처리속도가 저하된다. 따라서 본 논문에서는 불필요한 픽셀의 중복 연산을 피하기 위해 식 3과 같은 재귀관계식을 가진 동적테이블을 이용한 노이즈 제거기법을 사용한다.</p> <p>\\( T[i, j]=\\left\\{\\begin{array}{ll}c[i, j] & \\text { if } i=0 \\text { and } j=0 \\\\ c[i, j]-T[0, j-1] & \\text { if } i=0 \\\\ c[i, j]-T[i-1,0] & \\text { if } j=0 \\\\ c[i, j]-T[i-1, j]-T[i, j-1] & \\\\ +T[i-1, j-1] & \\text { if } i \\neq 0 \\text { and } j \\neq 0\\end{array}\\right. \\)<caption>(3)</caption></p> <p>식 3에서 \\( \\mathrm{T}[\\mathrm{i}, \\mathrm{j}] \\) 는 동적테이블이고, \\( \\mathrm{c}[\\mathrm{i}, \\mathrm{j}] \\) 는 현재 픽셀의 상태이다. 이 기법은 기존의 노이즈 제거 방법에 비해 연산량이 적고 속도가 빠르다는 장점이 있다.</p> <p>노이즈를 제거한 영상에서 정확한 손 영역 추적과 손모양 검출에 사용할 손가락의 끝점과 각도를 검출한다. 손가락 끝점의 개수는 5 이기 때문에 손가락 수 \\( (\\mathrm{C}) \\) 의 초기 값은 5로 설정한다.</p> <p>그림 4에서 중심점 \\( \\mathrm{cp} \\) 로부터 반지름 \\( \\mathrm{cn} \\) 인 원을 그린다. \\( \\mathrm{T} \\) 의 초기값은 0 이며, \\( \\mathrm{T}=\\mathrm{oT} \\) 이면 끝점을 찾지 못한 것으로 원의 반지름을 \\( \\mathrm{r} \\) 만큼 늘리고 다시 끝점 검출을 시작한다. 만약 \\( \\mathrm{T} \\neq \\mathrm{oT} \\) 이면 끝점의 위치값을 끝점 위치 저장 변수에 저장한다. 그리고 \\( \\mathrm{C}-\\mathrm{T} \\) 의 값을 구하여 현재 검출된 끝점의 개수를 확인한다. \\( \\mathrm{C}-\\mathrm{T}=0 \\) 이면 모든 손가락의 끝점이 검출된 것으로 인정하여 중심점과 끝점을 연결하고, 그렇지 않으면 다시 끝점을 찾기 시작한다. 그림 4는 중심점으로부터 원의 반지름을 키워나가며 끝점을 찾는 과정이다.</p> <h2>2. 손 추적 모듈</h2> <p>전처리 모듈에서 검출된 손 영역과 중심점을 이용하여 손 영역을 정확히 추적하는 손 추적 알고리즘은 그림 5와 같다.</p> <p>그림 5에서는 이동한 손 영역의 무게중심을 검출하기 위해 현재프레임 (cf)과 이동프레임(df)을 합하여 추적프레임(tf)을 생성한다. 그리고 추적프레임(tf)의 무게중심(gc)를 구하여 이전 프레임의 무게중심(ogc)과 좌표값을 비교하여 손의 이동방향을 구한다. 이 알고리즘을 이용하여 손 추적을 하면 프레임 전체가 아닌 손 영역만을 비교하기 때문에 기존의 차동분석방법, 스킨칼라 모델방법에 비해 연산량이 감소하고, 처리속도는 증가한다.</p> <h2>3. 손 모양 검출 모듈</h2> <p>손 모양 검출 모듈은 추적된 손 영역으로부터 손 모양을 판별하는 모듈이다. 손 영역의 중심선과 손가락 끝점, 그리고 거리비율을 이용하기 때문에 학습 예제이미지를 만도는 과정이 필요 없고, 처리속도 또한 빠르다. 현재 끝점의 개수 확인, 무게중심과 끝점 연결, 무게중심과 끝점의 각도를 계산하는 방법은 선처리 모듈을 이용한다.</p> <h2>4. 동적 손동작 인식</h2> <p>동적 손동작 인식을 하기 위해서는 전처리 완료 영상과 손 추적 모듈, 손 모양 검출 모듈이 필요하다.</p> <p>인식 과정의 손 추적은 인식 전의 손 추적과 다르게 방향을 알기 위해 중심점의 이동 방향을 계속 확인함으로써 Start 이미지로부터 Stop 이미지의 이동 방향을 알 수 있다. 그림 6과 같이 Stop 이미지가 정해지면 Start 이미지의 EndPoint 중심점 \\( \\mathrm{G}\\left(\\mathrm{x}_{\\mathrm{s}}, \\mathrm{y}_{\\mathrm{s}}\\right) \\) 와 Stop 이미지의 EndPoint 중심점 \\(\\mathrm{G}\\left(\\mathrm{x}_{e}, \\mathrm{y}_{e}\\right) \\) 를 이용하여 손의 이동방향을 검출한다. 만약, \\( \\mathrm{x}_\\mathrm{e},-\\mathrm{x}_\\mathrm{s} \\), 의 결과가 양수일 경우, 손은 오른쪽으로 이동하고, 음수일 경우는 왼쪽으로 이동한다. 그리고 \\( \\mathrm{y}_\\mathrm{e}, -\\mathrm{y}_\\mathrm{s} \\) 의 결과가 양수일 경우는 손은 위쪽으로 이동하고, 음수일 경우는 아래쪽으로 이동한다. 이러한 이동 방향이 결정되면 손의 모양을 인식한다. Start 이미지에서 각도가 계산된 끝점과 Stop 이미지에서의 끝점을 비교하여 손의 모양의 변화를 확인할 수 있다.</p>",
                "context_length": 3943,
                "summary": "본 논문에서는 검출된 손 영역을 제외한 모든 픽셀을 노이즈라 정하고 동적테이블을 구성하여 기존의 주변 픽셀을 비교하는 노이즈 제거기법을 사용하는데, 이 기법은 기존의 노이즈 제거 방법에 비해 연산량이 적고 속도가 빠르다는 장점이 있다. 또, 이 알고리즘을 이용해 손 추적을 할 경우 프레임 전체 대신 손 영역만을 비교하기에 기존의 차동분석방법, 스킨칼라 모델방법에 비해 연산량이 감소하고, 처리속도는 증가한다. 현재 끝점의 개수 확인, 무게중심과 끝점 연결, 무게중심과 끝점의 각도를 계산하는 방법은 선처리 모듈을 이용하고, 동적 손동작 인식을 하기 위해서는 전처리 완료 영상과 손 추적 모듈, 손 모양 검출 모듈을 필요로 한다.",
                "clue": [
                    {
                        "clue_text": "이 기법은 기존의 노이즈 제거 방법에 비해 연산량이 적고 속도가 빠르다는 장점이 있다.",
                        "clue_start": "2015",
                        "clue_end": "2063"
                    },
                    {
                        "clue_text": "이 알고리즘을 이용하여 손 추적을 하면 프레임 전체가 아닌 손 영역만을 비교하기 때문에 기존의 차동분석방법, 스킨칼라 모델방법에 비해 연산량이 감소하고, 처리속도는 증가한다.",
                        "clue_start": "2903",
                        "clue_end": "3000"
                    },
                    {
                        "clue_text": "현재 끝점의 개수 확인, 무게중심과 끝점 연결, 무게중심과 끝점의 각도를 계산하는 방법은 선처리 모듈을 이용한다.",
                        "clue_start": "3149",
                        "clue_end": "3212"
                    },
                    {
                        "clue_text": "본 논문에서는 검출된 손 영역을 제외한 모든 픽셀을 노이즈라 정하고 동적테이블을 구성하여 기존의 주변 픽셀을 비교하는 노이즈 제거기법을 사용한다.",
                        "clue_start": "1303",
                        "clue_end": "1384"
                    },
                    {
                        "clue_text": "동적 손동작 인식을 하기 위해서는 전처리 완료 영상과 손 추적 모듈, 손 모양 검출 모듈이 필요하다.",
                        "clue_start": "3242",
                        "clue_end": "3298"
                    }
                ],
                "terminology": [
                    {
                        "word": "EndPoint"
                    },
                    {
                        "word": "YCbCr 칼라 공간"
                    },
                    {
                        "word": "가이드라인"
                    },
                    {
                        "word": "거리비율"
                    },
                    {
                        "word": "검출 모듈"
                    },
                    {
                        "word": "검출식"
                    },
                    {
                        "word": "끝점"
                    },
                    {
                        "word": "끝점 검출"
                    },
                    {
                        "word": "노이즈"
                    },
                    {
                        "word": "노이즈 제거기법"
                    },
                    {
                        "word": "동적테이블"
                    },
                    {
                        "word": "색상공간"
                    },
                    {
                        "word": "색상공간 변환"
                    },
                    {
                        "word": "선처리 모듈"
                    },
                    {
                        "word": "손 영역 검출"
                    },
                    {
                        "word": "스킨칼라 모델방법"
                    },
                    {
                        "word": "알고리즘"
                    },
                    {
                        "word": "예제이미지"
                    },
                    {
                        "word": "이동프레임"
                    },
                    {
                        "word": "이진화"
                    },
                    {
                        "word": "인접픽셀"
                    },
                    {
                        "word": "임계값"
                    },
                    {
                        "word": "재귀관계식"
                    },
                    {
                        "word": "저장 변수"
                    },
                    {
                        "word": "전처리"
                    },
                    {
                        "word": "전처리 모듈"
                    },
                    {
                        "word": "중심 픽셀"
                    },
                    {
                        "word": "차동분석방법"
                    },
                    {
                        "word": "추적 모듈"
                    },
                    {
                        "word": "추적프레임"
                    },
                    {
                        "word": "카운트 변수"
                    },
                    {
                        "word": "픽셀"
                    },
                    {
                        "word": "픽셀의 값"
                    },
                    {
                        "word": "현재프레임"
                    }
                ]
            },
            {
                "context_id": "55e-0c9-4a5aeb83-d01d-437e-a70d-a8a16867ede5",
                "context_K-NSCC": {
                    "field": "인공물",
                    "large_category": "EE",
                    "medium_category": "02"
                },
                "context": "<h1>Ⅱ. 관련 연구</h1> <p>동적 손동작 인식을 위해 많이 사용되는 영상 기반의 손 추적 방법과 손 모양 검출 방법은 다음과 같다.</p> <h2>1. 손 추적 방법</h2> <p>손 모양을 추출하고 추출된 손 영역의 궤적을 추적하는 방법은 차동분석 방법, Optical Flow 방법, Mean Shift 방법, CAM Shift 방법 등이 있다. 특히, Optical Flow 방법은 움직이는 영역 추출을 위해 입력 영상의 각 프레임에 대한 밝기 패턴의 가시적인 운동 변화를 검출한다. 이 방법은 차동분석 방법에 비해 속도가 빠르고 추적 정화도가 높지만 명도의 변화가 없다는 환경적 제약이 따른다. CAM Shift 방법은 Mean Shift 알고리즘을 다양한 환경에서 사용하기 위해 개선한 색상기반의 추적 알고리즘이다. 이 방법은 추적 대상의 폭과 높이를 계산 한 후에, 중심 좌표와 크기에 비례하여 추적 범위를 변경하고, 임계값보다 추적 범위의 크기가 커지지 않을 때 까지 반복 수행하여 물체를 추적한다.</p> <h2>2. 손 모양 검출 방법</h2> <p>손 모양 검출 방법에는 예제를 사용하는 방법과 예제를 사용하지 않고 손 모양의 벡티 값과 좌표의 분포를 확인하여 인식하는 방법이 있다. 예제를 사용하는 방법에는 Template Matching, 인공신경망 제 , 은닉마크로프모델(HMM) 등이 있으며, 예제를 사용하지 않는 방법에는 손의 특징점과 외곽선을 응용하는 방법이 있다.</p> <p>Template Matching 방법은 입력 영상의 한 프레임과 예제 영상과 비교하여 유사한 패턴을 찾는 방법이다. Template Matching 알고리즘은 크게 곱셈연산을 사용하는 CC (Cross Correlation) 방식과 두 영상의 차를 이용하는 SAD (Sum of Absolute Difference) 방식이 있다. CC 방식은 정합을 정화하게 할 수 있다는 장점이 있지만 곱셈연산으로 인해 연산량이 증가하여 처리속도가 느려지는 단점이 있다. SAD 방식은 CC방식에 비해 연산량이 적고 빠르지만 정확도가 떨어진다.</p> <p>인공신경망은 측정된 변수들 사이의 관계가 알려지지 않거나 입출력 값들이 비선형적으로 변하는 문제를 해결하는데 많이 사용된다. 인공신경망을 이용한 영상 인식은 다양한 예제 영상을 학습시키는 학습 단계와 학습된 영상을 분류하는 재생 단계로 구성되어있다. 학습단계에선 패턴의 종류에 따라 신경망의 연결가중치를 적당한 값으로 지정하고, 재생 단계에선 학습된 가중치들과 입력벡터들과의 거리를 계산하여 가장 가까운 클래스로 분류한다.</p> <h1>Ⅲ. 가이드라인을 이용한 동적 손동작 인식</h1> <p>기존의 손동작 인식 방법은 비전카메라 기반으로서 전처리 단계가 없기 때문에 그대로 웹캠 환경에 적용하면 인식률이 떨어진다. 웹캠을 이용하면서 인식률을 높이고자면 노이즈제거 및 조도 보정과 같은 전처리 단계가 필요한데 그러면 연산 량이 증가하여 처리속도가 느려지는 문제점이 발생한다.</p> <p>이러한 문제점을 개선하기 위해 전처리 단계에서 노이즈 제거시 동적테이블을 사용하여 연산량을 줄이고, 손동작 검출 단계에서는 가이드라인을 이용하여 학습예제를 사용한 인식 방법에 비해 인식 속도를 높인다. 가이드라인이란 웹캠은 통해 입력되는 영상에서 손 모양을 정확히 검출하기 위해 사용하는 손 모양의 윤곽선이다. 이 방법은 예제 이미지를 사용하지 않기 때문에 Template Matching이나 인공신경망, HMM 에 비해 연산속도가 빠르다. 그리고 인식 전 예제 학습을 위한 과정이 필요 없으며, 동작은 추가하기 쉽다. 가이드라인을 이용한 동적 손동작 인식 방법은 입력 영상의 전처리모듈, 손 추적 모듈, 손 모양 검출 모듈로 구성되며 그림 1과 같다.</p> <p>그림 1의 초기화 단계에서는 캠은 초기화 하고, 변수들을 초기화 한다. 또한, 입력 영상의 이진화, 노이즈 제거, 가이드라인 생성, 손가락 끝점 검출, 색상공간(정규화된 RGB, YCbCr)변환하는 전처리모듈을 수행한다. 인식 전 손 추적은 손 추적 모듈을 사용하여 손의 움직임을 추적한다. 영상의 한 영역에서 손이 일정시간(\\( \\mathrm{n} \\))이상 정지해 있으면 동적 손동작 인식 과정을 시작하게 된다. 점선 부영역은 손 모양 검출 모듈을 이용하여 start image를 점출하고, 손 추적 모듈을 이용하여 인식과정의 손 추적을 시작한다. 인식 과정의 손 추적은 인식 전 손 추적과는 다르게 움직이는 궤도를 저장하여 손이 움직이는 방향을 알 수 있다. 마지막으로 stop image를 검출하고 start image의 결과 값과 추적된 손의 방향 값, stop image의 결과 값을 분석하여 최종적으로 손동작을 인식한다.</p>",
                "context_length": 2326,
                "summary": "손 모양 추적 방법은 차동분석, Optical Flow, Mean Shift, CAM Shift 방법이 있고, 손 모양 검출 방법은 예제를 사용하는 방법, 예제를 사용하지 않고 손 모양의 벡티 값과 좌표의 분포를 확인하여 인식하는 방법이 있다. 기존의 손 동작 인식 방법은 인식률이 떨어지는 단점이 있는데 이를 보완하기 위해 전처리 단계에서 노이즈 제거 시 동적테이블을 사용하여 연산량을 줄이고 손 동작 검출 단계에서는 가이드라인을 이용하여 학습예제를 사용한 인식방법에 비해 인식 속도를 높이는 방법이 있다.",
                "clue": [
                    {
                        "clue_text": "손 모양을 추출하고 추출된 손 영역의 궤적을 추적하는 방법은 차동분석 방법, Optical Flow 방법, Mean Shift 방법, CAM Shift 방법 등이 있다.",
                        "clue_start": "106",
                        "clue_end": "200"
                    },
                    {
                        "clue_text": "손 모양 검출 방법에는 예제를 사용하는 방법과 예제를 사용하지 않고 손 모양의 벡티 값과 좌표의 분포를 확인하여 인식하는 방법이 있다.",
                        "clue_start": "546",
                        "clue_end": "621"
                    },
                    {
                        "clue_text": "기존의 손동작 인식 방법은 비전카메라 기반으로서 전처리 단계가 없기 때문에 그대로 웹캠 환경에 적용하면 인식률이 떨어진다.",
                        "clue_start": "1318",
                        "clue_end": "1386"
                    },
                    {
                        "clue_text": "이러한 문제점을 개선하기 위해 전처리 단계에서 노이즈 제거시 동적테이블을 사용하여 연산량을 줄이고, 손동작 검출 단계에서는 가이드라인을 이용하여 학습예제를 사용한 인식 방법에 비해 인식 속도를 높인다.",
                        "clue_start": "1483",
                        "clue_end": "1595"
                    }
                ],
                "terminology": [
                    {
                        "word": "CAM"
                    },
                    {
                        "word": "CAM Shift 방법"
                    },
                    {
                        "word": "CC"
                    },
                    {
                        "word": "Correlation"
                    },
                    {
                        "word": "Flow"
                    },
                    {
                        "word": "HMM"
                    },
                    {
                        "word": "Matching"
                    },
                    {
                        "word": "Mean Shift"
                    },
                    {
                        "word": "Mean Shift 방법"
                    },
                    {
                        "word": "Mean Shift 알고리즘"
                    },
                    {
                        "word": "Optical Flow"
                    },
                    {
                        "word": "Optical Flow 방법"
                    },
                    {
                        "word": "RGB"
                    },
                    {
                        "word": "SAD"
                    },
                    {
                        "word": "SAD 방식"
                    },
                    {
                        "word": "Shift"
                    },
                    {
                        "word": "Template Matching"
                    },
                    {
                        "word": "start image"
                    },
                    {
                        "word": "stop image"
                    },
                    {
                        "word": "끝점 검출"
                    },
                    {
                        "word": "노이즈제거"
                    },
                    {
                        "word": "동적테이블"
                    },
                    {
                        "word": "명도"
                    },
                    {
                        "word": "변수"
                    },
                    {
                        "word": "비선형적"
                    },
                    {
                        "word": "비전카메라"
                    },
                    {
                        "word": "색상공간"
                    },
                    {
                        "word": "손 모양 검출 방법"
                    },
                    {
                        "word": "손 추적 방법"
                    },
                    {
                        "word": "신경망"
                    },
                    {
                        "word": "알고리즘"
                    },
                    {
                        "word": "연결가중치"
                    },
                    {
                        "word": "은닉마크로프모델"
                    },
                    {
                        "word": "이진화"
                    },
                    {
                        "word": "인공신경망"
                    },
                    {
                        "word": "인공신경망 제"
                    },
                    {
                        "word": "임계값"
                    },
                    {
                        "word": "입력벡터"
                    },
                    {
                        "word": "입출력 값"
                    },
                    {
                        "word": "전처리"
                    },
                    {
                        "word": "전처리모듈"
                    },
                    {
                        "word": "정합"
                    },
                    {
                        "word": "정화도"
                    },
                    {
                        "word": "조도"
                    },
                    {
                        "word": "차동분석 방법"
                    },
                    {
                        "word": "클래스"
                    }
                ]
            }
        ]
    }
}