{
    "dataset_info": {
        "identifier": "02-031-002-NL",
        "name": "기술과학 문서 요약 데이터",
        "category": "자연어",
        "last_updated": "2023-08-30"
    },
    "dataset": {
        "doc_id": "31a7cd33-06223250-5e14-4e82-bdf8-58937a7eaae4",
        "doc_type": "논문",
        "doc_title": {
            "kor": "휴대용 멀티기기를 위한 PFM방식의 승압형 DC-DC 변환기",
            "eng": ""
        },
        "doc_category": {
            "KDC": "560.5",
            "DDC": ""
        },
        "doc_number": {
            "ISSN": "2287-5026",
            "ISBN": "",
            "DOI": "",
            "UCI": ""
        },
        "doc_year": "2010",
        "doc_author": [
            "김지만",
            "박용수",
            "송한정"
        ],
        "doc_publisher": "대한전자공학회",
        "doc_license": "CC BY-NC",
        "context_info": [
            {
                "context_id": "55e-0c9-merge_ee_31a7cd33-06223250-5e14-4e82-bdf8-58937a7eaae4_02",
                "context_K-NSCC": {
                    "field": "인공물",
                    "large_category": "EE",
                    "medium_category": "11"
                },
                "context": "<p>제안된 클럭 발생기는 링 오실레이터, transition -sharpening 인버터, 그리고 슈미트트리거로 구성되어있다. 링 오실레이터의 출력(VOSC)은 정현파이다. 이 정현파는 과도 가장자리를 깎아주기 위해 인버터를 거치게 되고, 잡음에 의한 영향을 줄여주기 위해 히스테리시스를 갖는 슈미트트리거를 포함한다. 그림 5에 히스테리시스(hysteresis) 특성을 갖는 비교기를 나타내었다. DC-DC 변환기로부터 생성된 공급전압은 외부 부하의 변화나 구동 배터리의 전력량 감소 등에 의하여 일정한 값을 유지하기가 어렵다. 따라서 비교기에 RS-latch를 사용하여 히스테리시스 특성을 갖는 비교기를 설계함으로써 공급전원의 변화가 일정 범위 내에서는 디지털 단으로 전달되는 신호를 안정적 전달할 수 있다. 즉, DC-DC 변환기에서 생성된 공급전원의 변화 폭에 대하여 \\( 0.25 \\mathrm { ~V } \\)의 범위 안에서는 독립적인 PG(Power-Good) 신호를 얻게 된다. 이 신호는 디지털 단으로 인가되어 DC-DC 변환기에 의해 만들어진 구동전원이 시스템에 사용 가능하다는 신호를 알려준다. 컨트롤 블록은 비교기에서 피드백된 전압과 오실레이터에서 생성된 전압이 인가되어 일정한 출력전압을 유지하기 위한 스위칭을 하기 위해 주파수를 변조하게 한다. 주파수 변조로 인하여 스위칭 속도가 바뀌어 출력전압을 안정하게 유지시켜준다.</p> <h2>III. 시뮬레이션 결과</h2> <p>그림 6은 오실레이터의 출력전압으로 링 오실레이터의 출력(VOSC)의 정현파는 인버터와 슈미트 트리거를 거쳐 구현파로 출력된다. 그림 7은 기준전압회로의 공급전압의 변화에 따른 정전압 특성을 알아보았다. 그림 7과 같이 \\( 4.5 \\mathrm { ~V } \\) 에서 \\( 5 \\mathrm { ~V } \\)사이의 공급전압에선 거의 일정하게 정전압을 얻는 것을 알 수 있었다. 그림 9는 제안하는 전류모드 boost DC-DC 변환기의 출력 전압을 나타내고 있다. 출력 전압은 \\( 6.91 \\mathrm { ~V } \\) 가 출력되는 것을 확인 할 수 있었다. 그림 10은 그림 9의 출력을 확대한 모습이다. 출력선압의 리플은 \\( 50 \\mathrm { mV } \\) 가 측정되었다.본 논문에서 제안하는 승압형 DC-DC 변환기는 \\( 3.7 \\mathrm { ~V } \\) 입력전압에서 \\( 5 \\mathrm { ~V } -8 \\mathrm { ~V } \\) 의 출력전압을 얻을 수 있었고, 출력전압의 리플은 약 \\( 50 \\mathrm { mV } \\) 가 나타난 것을 알 수가 있었다. 그리고 그림 11에서는 부하전류가 변할 때 출력전압변화를 나타낸 것으로, 일정한 출력전압을 유지함을 확인할 수 있다.</p> <h2>IV. 결 론</h2> <p>본 논문에서는 휴대용 멀티기기를 위한 승압형 DC-DC 변환기를 설계하였고 PFM 방식을 사용하여 입력전압 \\( 3.7 \\mathrm { ~V } \\) 에서 \\( 5-8 \\mathrm { ~V } \\) 의 출력전압을 얻을 수 있었으며 출력리플전압은 약 \\( 50 \\mathrm { mV } \\), 인덕터 전류는 \\( 100 \\mathrm { ~mA } \\) 가진다. 약 \\( 94 \\% \\) 의 효율을 가지며 light load\\( (>100 \\mathrm { ~mA } ) \\)에서 약 \\( 55 \\mathrm { mV } \\) 의 변화로 일정한 전압을 유지한다. 또한 출력 전원의 조절은 외부 피드백 저항과 내부 비교기에 의하여 가능하게 설계 되었고 전지의 에너지원으로 하는 휴대기기에 적용될 것으로 예상된다.</p>",
                "context_length": 1779,
                "summary": "제안된 클럭 발생기는 링 오실레이터, transition-sharpening 인버터, 그리고 슈미트트리거로 구성되어 있으며, DC-DC 변환기로부터 생성된 공급전원의 변화를 안정하게 전달하기 위해 RS-latch를 사용한 비교기를 포함하고 있다. 컨트롤 블록은 비교기에서 피드백된 전압과 오실레이터에서 생성된 전압을 주파수 변조로 인해 스위칭하여 출력전압을 안정하게 유지한다. 시뮬레이션 결과 \\( 3.7 \\mathrm { ~V } \\) 입력전압에서 \\( 5 \\mathrm { ~V } -8 \\mathrm { ~V } \\) 의 출력전압을 얻을 수 있었고, 출력전압의 리플은 약 \\( 50 \\mathrm { mV } \\) 였다.",
                "clue": [
                    {
                        "clue_text": "제안된 클럭 발생기는 링 오실레이터, transition -sharpening 인버터, 그리고 슈미트트리거로 구성되어있다.",
                        "clue_start": "3",
                        "clue_end": "71"
                    },
                    {
                        "clue_text": "본 논문에서는 휴대용 멀티기기를 위한 승압형 DC-DC 변환기를 설계하였고 PFM 방식을 사용하여 입력전압 \\( 3.7 \\mathrm { ~V } \\) 에서 \\( 5-8 \\mathrm { ~V } \\) 의 출력전압을 얻을 수 있었으며 출력리플전압은 약 \\( 50 \\mathrm { mV } \\), 인덕터 전류는 \\( 100 \\mathrm { ~mA } \\) 가진다.",
                        "clue_start": "1376",
                        "clue_end": "1580"
                    },
                    {
                        "clue_text": "따라서 비교기에 RS-latch를 사용하여 히스테리시스 특성을 갖는 비교기를 설계함으로써 공급전원의 변화가 일정 범위 내에서는 디지털 단으로 전달되는 신호를 안정적 전달할 수 있다.",
                        "clue_start": "297",
                        "clue_end": "398"
                    },
                    {
                        "clue_text": "컨트롤 블록은 비교기에서 피드백된 전압과 오실레이터에서 생성된 전압이 인가되어 일정한 출력전압을 유지하기 위한 스위칭을 하기 위해 주파수를 변조하게 한다.",
                        "clue_start": "568",
                        "clue_end": "654"
                    }
                ],
                "terminology": [
                    {
                        "word": "DC-DC"
                    },
                    {
                        "word": "DC-DC 변환기"
                    },
                    {
                        "word": "PFM"
                    },
                    {
                        "word": "PFM 방식"
                    },
                    {
                        "word": "PG"
                    },
                    {
                        "word": "RS-latch"
                    },
                    {
                        "word": "boost"
                    },
                    {
                        "word": "transition"
                    },
                    {
                        "word": "공급전압"
                    },
                    {
                        "word": "공급전원"
                    },
                    {
                        "word": "구동전원"
                    },
                    {
                        "word": "구현파"
                    },
                    {
                        "word": "기준전압회로"
                    },
                    {
                        "word": "디지털 단"
                    },
                    {
                        "word": "링 오실레이터"
                    },
                    {
                        "word": "부하전류"
                    },
                    {
                        "word": "비교기"
                    },
                    {
                        "word": "슈미트트리거"
                    },
                    {
                        "word": "스위칭"
                    },
                    {
                        "word": "승압형"
                    },
                    {
                        "word": "시뮬레이션"
                    },
                    {
                        "word": "에너지원"
                    },
                    {
                        "word": "오실레이터"
                    },
                    {
                        "word": "외부 피드백 저항"
                    },
                    {
                        "word": "인덕터"
                    },
                    {
                        "word": "인버터"
                    },
                    {
                        "word": "잡음"
                    },
                    {
                        "word": "전류"
                    },
                    {
                        "word": "전류모드"
                    },
                    {
                        "word": "정전압"
                    },
                    {
                        "word": "정현파"
                    },
                    {
                        "word": "주파수"
                    },
                    {
                        "word": "출력 전원"
                    },
                    {
                        "word": "출력리플전압"
                    },
                    {
                        "word": "출력전압"
                    },
                    {
                        "word": "컨트롤 블록"
                    },
                    {
                        "word": "클럭"
                    },
                    {
                        "word": "트리거"
                    },
                    {
                        "word": "휴대용 멀티기기"
                    },
                    {
                        "word": "히스테리시스"
                    }
                ]
            },
            {
                "context_id": "55e-0c9-merge_ee_31a7cd33-06223250-5e14-4e82-bdf8-58937a7eaae4_00",
                "context_K-NSCC": {
                    "field": "인공물",
                    "large_category": "EE",
                    "medium_category": "11"
                },
                "context": "<h1>요 약</h1> <p>본 논문은 휴대용 배터리 구동시스탬을 위한 다양한 출력전압 \\( (5-7 \\mathrm { ~V } , 100 \\mathrm { ~mA } ) \\)을 가지는 CMOS DC-DC 변환기를 제안한다. 제안하는 DC-DC 변환기는 Pulse-Frequency Modulation(PFM) 방식을 사용하였고, 기준전압회로, 피드백 저항, 컨트롤러, 내부 파형발생기를 사용하였다. 2개의 외부 수동 소자들(L, C)을 가진 집적화된 DC-DC 변환기는  \\(\\mathrm{0.5~\\mu m}\\) 2-poly 4-metal CMOS 공정에서 설계되었고 PDA, 휴대폰, 노트북 등에 적용 가능하다.</p> <h1>I. 서 론</h1> <p>최근 공정 기술의 발달로 인하여 과거 \\( 5 \\mathrm { ~V } \\) 이상의 전원 전압에서 동작이 이루어지던 칩들이 \\( 3.3 \\mathrm { ~V } \\) 또는 그 이하의 전원전압에서도 동작이 가능하게 되었다. 이에 저전압과 고전압의 구동전원을 사용하는 시스템을 하나의 칩으로 구현하기 위해서 여러 개의 전원전압을 발생시킬 수 있는 전력변환기를 칩 내부에 적용하는 것이 불가피하게 되었다. 이러한 문제점을 해결하기 위해 DC-DC 변환기를 제안한다. DC-DC 변환기는 임의의 직류전원을 부하가 요구하는 형태의 직류전원으로 변환시키는 전력변환기로써 \\( 3.7 \\mathrm { ~V } \\)의 입력전원으로 시스템에서 요구하는 구동전원을 가변적으로 출력할 수 있도록 한다. 출력전원의 조절은 외부 피드백 저항과 내부 비교기에 의하여 가능하다. 이러한 DC-DC 변환기에는 크게 Pulse-Width Modulation(PWM) 방식을 이용한 방법과 Pulse-Frequency Modulation(PFM) 방법으로 분류할 수 있다. 대용량 전류 드라이빙 능력을 필요로 하는 시스템에는 주로 PWM 방법을 사용하며, 소형 저전압, 저전력 소모가 요구되는 시스템에서는 주로 PFM 방법이 사용된다. 최근에는 넓은 범위의 출력 전류를 구동하기 위해 제어 칩 내부에 PWM과 PFM의 두 가지 방식을 선택 할 수 있도록 설계한 제품도 출시되고 있다. 설계된 DC-DC 변환기는 휴대용 배터리 전원을 사용하는 PDA(Personal Digital Assistants), 셀룰러폰, 랩탑 컴퓨터, 카메라 레코더 등 저전력, 소형시스템의 패널 드라이버 IC에 광범위하게 사용되는 \\( 5 \\mathrm { ~V } -8 \\mathrm { ~V } \\)의 출력 전압을 얻을 수 있는 DC-DC 변환기를 설계하였다.</p>",
                "context_length": 1275,
                "summary": "본 논문에서는 휴대용 배터리 구동시스템을 위한 Pulse-Frequency Modulation(PFM) 방식의 승압형 DC-DC 변환기를 제안하였으며, \\(\\mathrm{0.5~\\mu m}\\) 2-poly 4-metal CMOS 공정에서 설계되어 PDA, 휴대폰, 노트북 등에 적용 가능하다. 기술의 발달로 인해 휴대용 멀티기기를 위한 PFM방식의 승압형 DC-DC 변환기를 제안한다.",
                "clue": [
                    {
                        "clue_text": "본 논문은 휴대용 배터리 구동시스탬을 위한 다양한 출력전압 \\( (5-7 \\mathrm { ~V } , 100 \\mathrm { ~mA } ) \\)을 가지는 CMOS DC-DC 변환기를 제안한다.",
                        "clue_start": "16",
                        "clue_end": "125"
                    },
                    {
                        "clue_text": "제안하는 DC-DC 변환기는 Pulse-Frequency Modulation(PFM) 방식을 사용하였고, 기준전압회로, 피드백 저항, 컨트롤러, 내부 파형발생기를 사용하였다.",
                        "clue_start": "126",
                        "clue_end": "223"
                    },
                    {
                        "clue_text": "2개의 외부 수동 소자들(L, C)을 가진 집적화된 DC-DC 변환기는  \\(\\mathrm{0.5~\\mu m}\\) 2-poly 4-metal CMOS 공정에서 설계되었고 PDA, 휴대폰, 노트북 등에 적용 가능하다.",
                        "clue_start": "224",
                        "clue_end": "344"
                    },
                    {
                        "clue_text": "대용량 전류 드라이빙 능력을 필요로 하는 시스템에는 주로 PWM 방법을 사용하며, 소형 저전압, 저전력 소모가 요구되는 시스템에서는 주로 PFM 방법이 사용된다.",
                        "clue_start": "898",
                        "clue_end": "988"
                    }
                ],
                "terminology": [
                    {
                        "word": "CMOS"
                    },
                    {
                        "word": "DC-DC"
                    },
                    {
                        "word": "DC-DC 변환기"
                    },
                    {
                        "word": "IC"
                    },
                    {
                        "word": "Modulation"
                    },
                    {
                        "word": "PDA"
                    },
                    {
                        "word": "PFM"
                    },
                    {
                        "word": "PWM"
                    },
                    {
                        "word": "PWM 방법"
                    },
                    {
                        "word": "Personal Digital Assistants"
                    },
                    {
                        "word": "Pulse-Frequency Modulation"
                    },
                    {
                        "word": "Pulse-Width Modulation"
                    },
                    {
                        "word": "고전압"
                    },
                    {
                        "word": "구동전원"
                    },
                    {
                        "word": "기준전압회로"
                    },
                    {
                        "word": "내부 파형발생기"
                    },
                    {
                        "word": "대용량 전류 드라이빙"
                    },
                    {
                        "word": "셀룰러폰"
                    },
                    {
                        "word": "저전압"
                    },
                    {
                        "word": "전력변환기"
                    },
                    {
                        "word": "전류"
                    },
                    {
                        "word": "전원전압"
                    },
                    {
                        "word": "직류전원"
                    },
                    {
                        "word": "집적화"
                    },
                    {
                        "word": "출력전압"
                    },
                    {
                        "word": "파형발생기"
                    },
                    {
                        "word": "패널 드라이버 IC"
                    },
                    {
                        "word": "피드백 저항"
                    }
                ]
            },
            {
                "context_id": "55e-0c9-merge_ee_31a7cd33-06223250-5e14-4e82-bdf8-58937a7eaae4_01",
                "context_K-NSCC": {
                    "field": "인공물",
                    "large_category": "EE",
                    "medium_category": "11"
                },
                "context": "<h2>II. 본 론</h2> <p>PFM 구동 방식은 간단히 말해 스위칭 소자의 게이트에 입력되는 파형의 주파수를 조절하여 원하는 출력 전압과 부하 전류를 제어 하는 방법이다. 그림 1 은 PFM 구동방식을 보여준다. 이 구동 방식은 \\( \\mathrm { V } _ {\\mathrm { g } } \\) 의 주파수를 이용하여 출력 전압을 감지하여 \\( \\mathrm { V } _ {\\mathrm { L } } \\) 이하로 떨어지게 되면 \\( \\mathrm { V } _ {\\mathrm { g } } \\) 가 위의 파형과 같이 주파수가발진하여 출력단의 전압을 숭압하게 되면 \\( \\mathrm { VH } \\) 전압 이상이 되면 위의 파형과 같이 \\( \\mathrm { V } _ {\\mathrm { g } } \\) 가 0이 되어 동작을 멈추게 된다. PFM방식은 : 1 구조가 매우 난순 하고, \\( 100 \\mathrm { ~mA } \\) 이하의 부하 전류에서는 좋은 효율을 보이지만 그 이상의 전류에서는 PWM 보다 효율이 떨어지는 단점이 있다. 그리고 주파수를 이용하기 때문에 EMI에 대한 영향에도 취약하다. 본 논문에서는 저전압의 공급전압으로부터 가변적인 전원을 공급할 수 있는 컨버터를 보이기 위해 기준전압 발생기, 오실레이터, 컨트롤러 등으로 구성되어 M1울 on/off 시키면서 부스팅하는 전류모드 충전방식이 사용되는 \\( \\mathrm { DC } - \\mathrm { DC } \\) 컨버터를 제안한다. 그림 2 에 \\( 3.7 \\mathrm { ~V } \\) 의 공갑전압으로부터 \\( 5 \\mathrm { ~V } -8 \\mathrm { ~V } \\) 의 가변적인 전원을 공급할 수 있는 \\( \\mathrm { DC } - \\mathrm { DC } \\) 컨버터의 구조가 나타나 있다. 이 구조에서는 그림 2 에 보듯이 \\( \\mathrm { M } 1 \\) 을 on/off 시키면서 부스팅 하는 전류모들 충전방식이 사용되었다. 그리고 구동원리를 살펴보면 스위치 \\( \\mathrm { M } 1 \\) 이 오랫동안 off 되어 있다고 가정하면 출력전압 Vout은 \\( \\mathrm { Vdd } \\) 에 머물러 있게 되고 그 이후 \\( \\mathrm { Ml } \\) 이 turn-on 되면 Lext로부터 Cext에 전하가 충전되고, Vout은 순간적으로 Vdd보다 높은 전위를 갖게 된다. 이때 다이오드 \\( \\mathrm { M } 2 \\)는 Cext로부터 전하가 방전되는 것을 막아 출력단의 전위를 유지할 수 있게 해준다. 이와 같은 과정으로 Lext 에 저장되었던 애너지가 출력 단의 Cext로 전달된다. 설계된 기준전압 발생회로를 그림 3 에 나타내었다. 제안된 기준전압 발생 회로는 서로 같은 제1전류 및 제2전류를 생성하기 위한 PMOS 캐스코드 전류원과 능동 캐스코드 전류원, 그리고 이 PMOS 캐스코드 전류원과 전류미러를 형성하여 출력단에 제1 및 제 2 전류와 동일한 출력 전류를 생성하기 위한 출력 트랜지스터부로 구성되어있으며, 출력단과 접지 전압단 사이에 접속된 부하저항을 포함한다.</p>",
                "context_length": 1533,
                "summary": "PFM구동 방식은 스위칭 소자의 게이트에 입력되는 파형의 주파수를 조절하여 원하는 출력 전압과 부하 전류를 제어 하는 방법으로 Lext 에 저장되었던 에너지가 출력 단의 Cext로 전달되며, 발생 회로는 서로 같은 제1전류 및 제2전류를 생성하기 위해 PMOS 캐스코드 전류원과 능동 캐스코드 전류원, PMOS 캐스코드 전류원과 전류미러를 형성하여 출력단에 제1 및 제 2 전류와 동일한 출력 전류를 만들기 위한 출력 트랜지스터부로 구성되어있으며, 출력단과 접지 전압단 사이에 접속된 부하저항을 포함한다.",
                "clue": [
                    {
                        "clue_text": "이와 같은 과정으로 Lext 에 저장되었던 애너지가 출력 단의 Cext로 전달된다.",
                        "clue_start": "1262",
                        "clue_end": "1308"
                    },
                    {
                        "clue_text": "제안된 기준전압 발생 회로는 서로 같은 제1전류 및 제2전류를 생성하기 위한 PMOS 캐스코드 전류원과 능동 캐스코드 전류원, 그리고 이 PMOS 캐스코드 전류원과 전류미러를 형성하여 출력단에 제1 및 제 2 전류와 동일한 출력 전류를 생성하기 위한 출력 트랜지스터부로 구성되어있으며, 출력단과 접지 전압단 사이에 접속된 부하저항을 포함한다.",
                        "clue_start": "1338",
                        "clue_end": "1529"
                    },
                    {
                        "clue_text": "PFM 구동 방식은 간단히 말해 스위칭 소자의 게이트에 입력되는 파형의 주파수를 조절하여 원하는 출력 전압과 부하 전류를 제어 하는 방법이다.",
                        "clue_start": "20",
                        "clue_end": "99"
                    }
                ],
                "terminology": [
                    {
                        "word": "Cext"
                    },
                    {
                        "word": "DC"
                    },
                    {
                        "word": "EMI"
                    },
                    {
                        "word": "Lext"
                    },
                    {
                        "word": "PFM"
                    },
                    {
                        "word": "PMOS"
                    },
                    {
                        "word": "PWM"
                    },
                    {
                        "word": "Vdd"
                    },
                    {
                        "word": "기준전압"
                    },
                    {
                        "word": "기준전압 발생기"
                    },
                    {
                        "word": "기준전압 발생회로"
                    },
                    {
                        "word": "다이오드"
                    },
                    {
                        "word": "부스팅"
                    },
                    {
                        "word": "부하 전류"
                    },
                    {
                        "word": "부하저항"
                    },
                    {
                        "word": "스위치"
                    },
                    {
                        "word": "스위칭"
                    },
                    {
                        "word": "스위칭 소자"
                    },
                    {
                        "word": "오실레이터"
                    },
                    {
                        "word": "전류모드"
                    },
                    {
                        "word": "전위"
                    },
                    {
                        "word": "주파수"
                    },
                    {
                        "word": "출력전압"
                    },
                    {
                        "word": "캐스코드 전류원"
                    },
                    {
                        "word": "컨버터"
                    },
                    {
                        "word": "파형"
                    },
                    {
                        "word": "회로"
                    }
                ]
            }
        ]
    }
}