{
    "dataset_info": {
        "identifier": "02-031-002-NL",
        "name": "기술과학 문서 요약 데이터",
        "category": "자연어",
        "last_updated": "2023-08-30"
    },
    "dataset": {
        "doc_id": "31a7cd33-1498f7a4-5a55-4976-8cf3-60a16a94dc26",
        "doc_type": "논문",
        "doc_title": {
            "kor": "기억회상과 지식추론에 따른 감정 상태 변화의 추이",
            "eng": ""
        },
        "doc_category": {
            "KDC": "560.5",
            "DDC": ""
        },
        "doc_number": {
            "ISSN": "2287-5026",
            "ISBN": "",
            "DOI": "",
            "UCI": ""
        },
        "doc_year": "2013",
        "doc_author": [
            "심정연"
        ],
        "doc_publisher": "대한전자공학회",
        "doc_license": "CC BY-NC",
        "context_info": [
            {
                "context_id": "55e-0c9-merge_31a7cd33-1498f7a4-5a55-4976-8cf3-60a16a94dc26_00",
                "context_K-NSCC": {
                    "field": "인공물",
                    "large_category": "EE",
                    "medium_category": "99"
                },
                "context": "<h1>요약</h1> <p>최근 들어 뇌과학적인 연구가 활발해짐에 따라 두뇌기능을 공학적으로 응용하려는 연구가 많아지고 있다. 두뇌 기능 중 기억과 감정을 담당하는 부분을 살펴보면 기억을 담당하는 해마체와 감정중추인 편도체가 긴밀히 협조하고 있는 것을 알 수 있다. 실제적으로 지식은 감정에 영향을 미치고 감정은 지식에 영향을 미친다. 인간의 모든 판단과 결정에 있어서 감정요소는 배제할 수 없는 아주 중요한 영향을 미친다. 보다 정교한 지능 시스템을 구축하려면 감정이 결합된 지식베이스를 설계하여야 한다. 따라서 본 논문에서는 해마체와 편도체의 공조 시스템에 착안하여 지식과 감정이 결합된 지식감정 결합 시스템을 설계하고 기억회상과 추론 과정에서 변화하는 감정 상태의 추이를 감지하는 메커니즘을 제안하고자 한다.</p> <h2>I. 서 론</h2> <p>최근 들어 감정에 대한 공학적 연구가 관심을 가지고 많이 진행되고 있다. 수천 년 동안 진행되어온 연구에 따르면 이성보다 감정은 생존에 직결되는 부분이라고 한다. 실제적으로 뇌의 구조를 살펴보면 감정중추는 편도체가 담당하고 있는데 주로 생명유지의 주요활동을 담당하고 있는 원시 뇌로 두뇌 안쪽에 깊숙이 자리 잡고 있다. 반면 이성에 해당하는 처리, 사고활동 및 기억 에 관련된 부분은 뇌의 바깥쪽 대뇌피질이 연관되어 있고 이 대뇌피질은 뇌가 진화하면서 발달한 부분이다. 이러한 구조만 보더라도 감정이라는 것이 진화적 측면 에서 일찍 발달되었으며 생존과 본능에 직결되어 있음을 유추할 수 있다.</p> <p>우리가 흔히 주변에서 감성을 자극하는 마케팅을 많이 하는 것을 볼 수 있다. 이것은 인간의 감정이 제품을 선택할 때 큰 영향을 미치기 때문에 디자인을 고려한 감성 마케팅에 집중 공략하는 것이다.</p> <p>지식은 감정에 영향을 미치고 감정은 지식에 영향을 미친다. 이러한 감정적 요소는 사물의 판단이나 결정에 무의식적으로 막대한 영향을 미치는 것이 사실이다.</p> <p>실질적으로 뇌는 정보를 기억시킬 때 해마체와 편도체가 면밀히 공조한다. 이 과정에서 기억되는 지식정보에 감정이 실리게 된다. 감정이 실린 기억이 오래 남는다는 연구도 있다. 또한 과거의 기억을 회상하고 기뻐하거나 눈물을 흘리기도 한다. 이것은 기억 속에 저장된 감정이 같이 올라오기 때문이다. 따라서 정교한 지능 시스템을 설계하려면 이러한 지식과 감정이 결합된 모델이 설계되어야 한다.</p> <p>최근 몇 년간 감정을 시스템에 불어넣는 공학적 연구가 많이 진행되고 구현이 되었으나 아직 지식과 감정이 결합된 모델에 대한 연구는 미비한 편이다.</p> <p>본 논문에서는 뇌 안에서의 해마와 편도체의 공조시스템에 착안하여 지식과 감정이 결합할 수 있는 지식감정 결합 모델을 설계하고자 한다.</p>",
                "context_length": 1361,
                "summary": "보다 정교한 지능 시스템 구축에는 감정이 결합된 지식베이스가 설계가 요구되므로 본 논문은 해마체와 편도체의 공조 시스템에 착안하여 지식과 감정이 결합된 지식감정 결합 시스템을 설계하고 기억회상과 추론 과정에서 감정 상태의 변화 추이를 감지하는 메커니즘을 제안하는 바이다.",
                "clue": [
                    {
                        "clue_text": "보다 정교한 지능 시스템을 구축하려면 감정이 결합된 지식베이스를 설계하여야 한다.",
                        "clue_start": "238",
                        "clue_end": "283"
                    },
                    {
                        "clue_text": "따라서 본 논문에서는 해마체와 편도체의 공조 시스템에 착안하여 지식과 감정이 결합된 지식감정 결합 시스템을 설계하고 기억회상과 추론 과정에서 변화하는 감정 상태의 추이를 감지하는 메커니즘을 제안하고자 한다.",
                        "clue_start": "284",
                        "clue_end": "399"
                    }
                ],
                "terminology": [
                    {
                        "word": "감정중추"
                    },
                    {
                        "word": "공조시스템"
                    },
                    {
                        "word": "대뇌피질"
                    },
                    {
                        "word": "메커니즘"
                    },
                    {
                        "word": "발달"
                    },
                    {
                        "word": "지식감정 결합 시스템"
                    },
                    {
                        "word": "추론"
                    },
                    {
                        "word": "편도체"
                    },
                    {
                        "word": "해마"
                    },
                    {
                        "word": "해마체"
                    }
                ]
            },
            {
                "context_id": "55e-0c9-merge_31a7cd33-1498f7a4-5a55-4976-8cf3-60a16a94dc26_02",
                "context_K-NSCC": {
                    "field": "인공물",
                    "large_category": "EE",
                    "medium_category": "99"
                },
                "context": "<p>시뮬레이션 기반의 접근 방법은감정의 인지적 기능에 중점을 두어 내부 감정 변화를 모델링하는 기법이다. 이 시스템은 외부 상황과 이것이 미치는 내부 영향력 등을 다루고 있다. 일반적으로 많이 쓰이는 모델은 OCC(Ortony, Clore and Collins) 모델로 외부 상황의 특성을 목표(바라는 상황), 표준(행동 방식), 성향(좋아함 혹은 싫어함) 으로 나누어 처리한다. \\(12 \\) 개의 감정 상태를 표현하고 있는데 긍정적 감정 \\(6 \\)개 (joy, hope, relief, pride, gratitude, love)와 부정적인 감정 \\(6 \\) 개 (distress, fear, disappointment, remorse, anger, hate)로 구성되어 있다.</p> <p>이런 분류 외에 Dimension 모델이 있는데 감정을 \\(2 \\)차원이나 \\(3 \\)차원의 벡터 스페이스로 표현한다. 감정의 연속적인 값을 표현할 수 있다는 장점이 있다.</p> <h2>III. 지식 감정 결합 시스템이서의 감정변화 메커니즘</h2> <p>이 장에서는 우선 새로운 감정 표현 모델을 구성하고 지식과 감정을 포함한 지식네트워크의 기억 시스템 즉, 지식감정결합시스템을 설계하고 이를 이용한 감정의 변화의 추이를 감각할 수 있는 메커니즘을 제안한다.</p> <h3>\\(1 \\). 감정 표현 모델</h3> <p>감정 상태를 표현하고 감정상태의 엔트로피를 표현하기 위해서 새로운 감정 표현 모델을 설계하였다. 그림 \\(2 \\)에서 보인바와 같이 감정상태 Ei 는 Positive(긍정적), Active(활동적), 안정적(Stable) 정도로 표현하며 \\( [-1.0,1.0] \\) 의 값으로 표시한다. \\( 0.0 \\) 의 값은 중립(neutral) 상태를 의미하며 감정이 없음을 의미한다.</p> <p>감정상태 \\( E_ { i } \\) 는 다음 식( \\(1 \\))과 같이 표현하며 Positive degree, Active, degree, Stable degree로 표현한다.</p> <p>\\( E_ { i } = \\left (P_ { i } , A_ { i } , S_ { i } \\right ) \\) \\( P_ { i } \\) : positive degree \\( A_ { i \\text { : } } \\) Active degree \\( S_ { i } : \\) Stable degree<caption>(1)</caption></p> <p>감정 상태 \\( E_ { i } \\) 의 에너지, \\( E_ { K_ { i } } \\) 는 다음 식( \\(2 \\))와 식( \\(3 \\))을 이용하여 구한다.</p> <p>\\( E_ { s_ { i } } = \\left (P_ { i } + A_ { i } + S_ { i } \\right ) / 3.0 \\) temp \\( =E_ { s_ { i } } \\) \\( E_ { f } = \\left \\{\\begin {array} { c } 1.0, \\text { if temp } \\geq 0.0 \\\\ -1.0, \\text { if temp }<0.0 \\end {array} \\right \\} \\) \\( E_ { K_ { i } } =E_ { f } \\sqrt {\\left ( \\left (P_ { i } \\right ) ^ { 2 } + \\left (A_ { i } \\right ) ^ { 2 } + \\left (S_ { i } \\right ) ^ { 2 } \\right ) / 3.0 } \\)<caption>(2)</caption></p>",
                "context_length": 1730,
                "summary": "감정의 인지적 기능을 중점으로 내부 감정 변화를 모델링하는 시뮬레이션 기반 접근 방법을 소개한다. 이 방법은 새로운 감정 표현 모델을 만들고, 지식과 감정이 결합된 지식네트워크 기억 시스템을 설계한다. 이를 통해 감정의 변화를 추적하는 메커니즘이 제안된다. 감정 상태는 긍정적, 활동적, 안정적 정도로 표현하며, 감정 상태의 엔트로피를 표현하기 위해 새로운 감정 표현 모델이 설계되었다.",
                "clue": [
                    {
                        "clue_text": "시뮬레이션 기반의 접근 방법은감정의 인지적 기능에 중점을 두어 내부 감정 변화를 모델링하는 기법이다.",
                        "clue_start": "3",
                        "clue_end": "59"
                    },
                    {
                        "clue_text": "이 장에서는 우선 새로운 감정 표현 모델을 구성하고 지식과 감정을 포함한 지식네트워크의 기억 시스템 즉, 지식감정결합시스템을 설계하고 이를 이용한 감정의 변화의 추이를 감각할 수 있는 메커니즘을 제안한다.",
                        "clue_start": "534",
                        "clue_end": "648"
                    },
                    {
                        "clue_text": "감정 상태를 표현하고 감정상태의 엔트로피를 표현하기 위해서 새로운 감정 표현 모델을 설계하였다.",
                        "clue_start": "682",
                        "clue_end": "735"
                    },
                    {
                        "clue_text": "그림 \\(2 \\)에서 보인바와 같이 감정상태 Ei 는 Positive(긍정적), Active(활동적), 안정적(Stable) 정도로 표현하며 \\( [-1.0,1.0] \\) 의 값으로 표시한다.",
                        "clue_start": "736",
                        "clue_end": "843"
                    }
                ],
                "terminology": [
                    {
                        "word": "Dimension"
                    },
                    {
                        "word": "Dimension 모델"
                    },
                    {
                        "word": "OCC"
                    },
                    {
                        "word": "temp"
                    },
                    {
                        "word": "내부 감정"
                    },
                    {
                        "word": "벡터"
                    },
                    {
                        "word": "스페이스"
                    },
                    {
                        "word": "시뮬레이션"
                    },
                    {
                        "word": "엔트로피"
                    },
                    {
                        "word": "차원"
                    },
                    {
                        "word": "표현 모델"
                    }
                ]
            },
            {
                "context_id": "55e-0c9-merge_31a7cd33-1498f7a4-5a55-4976-8cf3-60a16a94dc26_05",
                "context_K-NSCC": {
                    "field": "인공물",
                    "large_category": "EE",
                    "medium_category": "99"
                },
                "context": "<p>감정의 변화는 일정한 TC (Time Clock)를 두어 계산하고 측정하는데 지식스레드 추출시기와 안정 시기로 나누어 연산한다. 지식 추출 시기는 지식감정 베이스로부터 지식스레드가 추출되는 시기로 감정의 흥분기이고 안정 시기는 감정적 흥분이 가라앉는 시기로 TC 가 진행되면서 점차적으로 안정되어 평정 상태, 즉 감정적 중립(,Neutral)상태로 돌아간다.</p> <p>지식스레드 추출시기 지식 스레드가 추출되면서 이루어지는 현재 감정에너지 \\( E_ { C_ { i } } \\) 의 변화는 다음과 같은 식( \\(6 \\))과 같다.</p> <p>\\( E_ { C_ { i } } = \\frac { E_ { C_ { i-1 } } + M_ { i } ^ { * } E_ { i } } { 2 } \\)<caption>(6)</caption></p> <p>안정시기의 현재 감정에너지는 다음과 같이 계산된다.</p> <p>\\( E_ { C_ { i-1 } } \\geq 0.0 \\) 인 경우, \\( c_ { i } =E_ { C_ { i-1 } } - \\sum_ { t=0 } ^ { n } \\delta \\), \\( E_ { C_ { i } } =f \\left (c_ { i } \\right ), \\quad f \\left (c_ { i } \\right )= \\left \\{\\begin {array} { l } c_ { i } , c_ { i } \\geq 0.0 \\\\ 0.0, \\text { otherwise } \\end {array} \\right . \\)<caption>(7)</caption></p> <p>\\( E_ { C_ { i-1 } }<0.0 \\) 인 경우, \\( c_ { i } =E_ { C_ { i-1 } } + \\sum_ { t=0 } ^ { n } \\delta \\) \\( E_ { C_ { i } } =f \\left (c_ { i } \\right ), \\quad f \\left (c_ { i } \\right )= \\left \\{\\begin {array} { ll } c_ { i, } \\quad c_ { i } \\leq 0.0 \\\\ 0.0, \\text { otherwise } \\end {array} \\right . \\)<caption>(8)</caption></p> <h2>IV. 실 험</h2> <p>본 실험에서는 그림 \\(5 \\) 에서 제시한 \\(12 \\) 개의 지식감정노드로 구성된 마스터 지식 네트워크를 사용하였다. 표 2 에서 보이고 있는 각 감정지식 노드를 구성하는 에너지 값과 감정벡터 값을 가지고 추출된 지식 스레드에 의하여 감정 상태가 어떻게 변화하는지에 대한 추이를 시뮬레이션을 하였다.</p>",
                "context_length": 1304,
                "summary": "감정의 변화는 일정한 시간 단위를 사용하여 계산하고 측정하는데, 지식스레드 추출시기와 안정 시기로 구분하여 처리한다. 지식 추출 시기는 감정의 흥분 기간으로, 지식감정 베이스에서 지식스레드를 추출하는 시기를 의미한다. 반면, 안정 시기는 감정적인 흥분이 가라앉는 시기로, 시간이 흐름에 따라 안정되어 평정 상태 또는 감정적 중립 상태로 돌아간다. 이러한 변화는 TC를 기준으로 진행되며, 안정 시기로 진입하면 감정의 중립 상태로 돌아가게 된다.",
                "clue": [
                    {
                        "clue_text": "감정의 변화는 일정한 TC (Time Clock)를 두어 계산하고 측정하는데 지식스레드 추출시기와 안정 시기로 나누어 연산한다.",
                        "clue_start": "3",
                        "clue_end": "74"
                    },
                    {
                        "clue_text": "지식 추출 시기는 지식감정 베이스로부터 지식스레드가 추출되는 시기로 감정의 흥분기이고 안정 시기는 감정적 흥분이 가라앉는 시기로 TC 가 진행되면서 점차적으로 안정되어 평정 상태, 즉 감정적 중립(,Neutral)상태로 돌아간다.",
                        "clue_start": "75",
                        "clue_end": "203"
                    }
                ],
                "terminology": [
                    {
                        "word": "Clock"
                    },
                    {
                        "word": "TC"
                    },
                    {
                        "word": "감정벡터"
                    },
                    {
                        "word": "네트워크"
                    },
                    {
                        "word": "노드"
                    },
                    {
                        "word": "스레드"
                    },
                    {
                        "word": "시뮬레이션"
                    },
                    {
                        "word": "안정 시기"
                    },
                    {
                        "word": "지식감정 베이스"
                    },
                    {
                        "word": "지식감정노드"
                    },
                    {
                        "word": "지식스레드"
                    },
                    {
                        "word": "추출시기"
                    }
                ]
            },
            {
                "context_id": "55e-0c9-merge_31a7cd33-1498f7a4-5a55-4976-8cf3-60a16a94dc26_04",
                "context_K-NSCC": {
                    "field": "인공물",
                    "large_category": "EE",
                    "medium_category": "99"
                },
                "context": "<h3>\\(2 \\). 지식 감정 시스템에서의 감정 변화 메커니즘</h3> <h4>가. 지식 감정 결합 노드의 표현</h4> <p>지식과 감정의 결합은 그림 \\(4 \\) 와 같이 한 노드에 각 요소들이 속성으로 함께 표현되는 형태로 디자인되었다. \\( I D_ { i } \\) 는 지식감정결합 노드 \\( K_ { i } \\) 를 식별하는 식별자 이름이고 \\( M_ { i } \\) 는 지식감정결합 노드의 잠재 에너지이며 \\( E_ { i } \\) 는 감정 에너지이다. 지식감정 노드의 잠재 에너지 \\( M_ { i } \\) 는 식( \\(4 \\))와 같은 엔트로피 값으로 표현된다. 감정에너지 \\( E_ { i } \\) 는 \\( P_ { i } , A_ { i } , S_ { i } \\) 로 표현된다. 이는 각각 Positive degree, Active, degree, Stable degree를 의미한다.</p> <p>\\( M_ { i } = - \\sum_ { i=1 } ^ { n } P_ { K_ { i } } \\log P_ { K_ { i } } \\)<caption>(4)</caption></p> <p>데이터 처리의 효율성을 위하여 기억장치에 저장되는 데이터의 기본 형태를 네트워크의 형태로 디자인하였다. 지식 노드 (Knowledge node)를 기본으로 그의 개념적인 연관성에 따라 연결되는 네트워크를 구성한다.</p> <p>지식 네트워크를 구성하는 지식노드, Ki, 는 연관성에 따라 연결되어 있다. 연관관계 Rij 는 식 ( \\(5 \\))에 의해서 산출된다.</p> <p>\\( R_ { i j } =P \\left (K_ { i } \\mid K_ { j } \\right ) \\)<caption>(5)</caption></p> <h3>\\(3 \\). 기억회상과 추론에 따른 감정추이 메커니즘</h3> <p>지식과 감정이 결합된 지식감정 노드의 설계와 이를 바탕으로 연결된 네트워크를 지식베이스로 하는 지식감정 시스템이 소개되었고 아울러 이 시스템 상에서 작동하는 지식 네트워크 추출 알고리즘도 이미 제안되었다 . 이렇게 추출된 지식네트워크를 지식 스레드라 명명하였고 이 지식 스레드는 기억회상과 추론의 사고활동에 쓰이게 된다. 이 장에서는 이렇게 추출된 지식스레드가 처리되면서 발생되는 감정 변화의 추이 메커니즘을 제안하고자 한다. 단, 본 연구에서는 외부에서 유입되는 감정 자극이나 현재의 기존에 남아 있는 잔류 감정 상태는 배제하고 지식 추출에 따른 감정 상태 변화만 고려하고 감정 중립(Neutral) 상태에서 시작하는 것으로 한다.</p>",
                "context_length": 1263,
                "summary": "지식과 감정이 결합된 노드를 효율적으로 저장하기 위해 네트워크 형태로 디자인된 지식감정 시스템과 그 시스템에 적용된 지식 네트워크 추출 알고리즘이 소개되었다. 이 시스템에서 추출된 지식 네트워크, 즉 '지식 스레드'는 사고활동에 이용되며, 본문에서는 지식스레드 처리 과정에서 발생하는 감정 변화 메커니즘을 제안하려 한다.",
                "clue": [
                    {
                        "clue_text": "지식과 감정의 결합은 그림 \\(4 \\) 와 같이 한 노드에 각 요소들이 속성으로 함께 표현되는 형태로 디자인되었다.",
                        "clue_start": "72",
                        "clue_end": "136"
                    },
                    {
                        "clue_text": "데이터 처리의 효율성을 위하여 기억장치에 저장되는 데이터의 기본 형태를 네트워크의 형태로 디자인하였다.",
                        "clue_start": "566",
                        "clue_end": "623"
                    },
                    {
                        "clue_text": "지식과 감정이 결합된 지식감정 노드의 설계와 이를 바탕으로 연결된 네트워크를 지식베이스로 하는 지식감정 시스템이 소개되었고 아울러 이 시스템 상에서 작동하는 지식 네트워크 추출 알고리즘도 이미 제안되었다 .",
                        "clue_start": "905",
                        "clue_end": "1020"
                    },
                    {
                        "clue_text": "이렇게 추출된 지식네트워크를 지식 스레드라 명명하였고 이 지식 스레드는 기억회상과 추론의 사고활동에 쓰이게 된다.",
                        "clue_start": "1021",
                        "clue_end": "1084"
                    },
                    {
                        "clue_text": "이 장에서는 이렇게 추출된 지식스레드가 처리되면서 발생되는 감정 변화의 추이 메커니즘을 제안하고자 한다.",
                        "clue_start": "1085",
                        "clue_end": "1143"
                    }
                ],
                "terminology": [
                    {
                        "word": "Ki"
                    },
                    {
                        "word": "감정 중립"
                    },
                    {
                        "word": "감정추이 메커니즘"
                    },
                    {
                        "word": "기억장치"
                    },
                    {
                        "word": "네트워크"
                    },
                    {
                        "word": "노드"
                    },
                    {
                        "word": "스레드"
                    },
                    {
                        "word": "알고리즘"
                    },
                    {
                        "word": "엔트로피"
                    },
                    {
                        "word": "연관관계 Rij"
                    },
                    {
                        "word": "잠재 에너지"
                    },
                    {
                        "word": "지식 감정 결합 노드"
                    },
                    {
                        "word": "지식 노드 (Knowledge node)"
                    },
                    {
                        "word": "지식스레드"
                    },
                    {
                        "word": "추론"
                    }
                ]
            },
            {
                "context_id": "55e-0c9-merge_31a7cd33-1498f7a4-5a55-4976-8cf3-60a16a94dc26_01",
                "context_K-NSCC": {
                    "field": "인공물",
                    "large_category": "EE",
                    "medium_category": "99"
                },
                "context": "<p>또한 이러한 모델을 바탕으로 기억의 회상과 지식추론에 따른 감정 변화의 추이를 나타내는 메커니즘을 제안하고자 한다.</p> <h2>II. 정보의 기억과 감정</h2> <h3>\\(1 \\). 뇌의 기억과 감정처리</h3> <p>연구 결과에 의하면 뇌에서 해마체는 기억의 획득과 회상하는 기능을 하고 편도체는 감정중추로서 감정을 처리하는 기관으로 알려져 있다.</p> <p>먼저 기억을 담당하는 해마체를 살펴보면 해마체 (Hippocampus)는 대뇌변연계에 속하며 시상과 대뇌피질 사이에 위치하고 \\( 1 \\)cm 정도의 지름과 \\( 5 \\)cm 정도의 길이를 가지고 있으며 \\(107 \\)개 정도의 뉴런으로 구성되어 있지만 한 개의 뉴런이 대략 \\(2 \\)만 ~ \\(3 \\)만 개의 뉴런과 네트워크를 형성하고 있다.</p> <p>해마체는 주로 기억을 담당하는데 측두엽의 양 쪽에 \\(2 \\)개가 존재하며 좌측 해마는 최근의 일을 기억하고 우측 해마는 새로운 기억을 획득하는 곳으로 해마체에서 만들어진 기억은 일시적으로 보존되지만 최종적으로는 대뇌피질로 전송되어 기억된다.</p> <p>기억 획득에는 해마체 안에 있는 CA \\( 1 \\) 령이 기억의 회상에는 CA \\(3 \\)령이 중요한 역할을 한다고 알려져 있다.</p> <p>해마체에 정보가 전달되는 경로에는 두 가지가 있다. 첫 번째는 감정 처리 중추인 편도체를 거쳐서 해마체에 들어가는 경로로 시상으로부터 들어온 정보가 오감의 감정을 느끼도록 해주는 편도체를 거치면 정보는 감정을 수반한 정보로 변한다. 일반적으로 감정을 수반한 기억이 더 오래 가는 것으로 알려져 있다. 두 번째는 편도체를 거치지 않고 후주위 피질로부터 직접 해마체로 들어가는 경로로 이 경우에는 시상을 거쳐 후주위 피질로 들어온 정보를 그대로 기억한다. 이 경로를 거치면 정보에 감정이 수반되어 있지 않다.</p> <p>한편, 편도체(Amygdala)는 대뇌변연계에 속하며 해마체 옆에 있으면서 감정을 담당하는 부분이다. 즉, 행복, 사랑, 증오, 슬픔, 두려움, 분노와 같은 감정을 느끼게 해주는 감정 중추이다. 여기서 감정적 평가가 이루어지고 감정을 통제한다.</p> <p>이와 같이 해마체와 편도체는 서로 협력하면서 기억과 감정처리에 관여하고 있다.</p> <h3>\\(2 \\). 감정 모델링</h3> <p>감정은 행동선택, 학습, 메모리, 동기화, 계획 등의 인지 과정에 많은 영향을 미친다. 죠나단(Jonathan Gratch)과 스태시(Stacy Marsella)는 감정 모델을 의사소통 지향 방법과 시뮬레이션 기반 접근 방법으로 나누었다. 의사소통 지향 방법은 감정을 의사소통 수단으로 사용하는 것으로 언어기반 방법을 사용하기도 한다. 주로 \\(6 \\) 가지 기본 감정(disgust, fear, anger, sadness, surprise, joy) 을 표현하는 Ekman의 모델이 대표적이다.</p>",
                "context_length": 1423,
                "summary": "뇌 내 해마체와 편도체의 기능에 대해 설명하고 있으며, 해마체로의 정보 전달 경로는 두 가지가 있다. 하나는 시상에서 정보가 편도체를 통해 해마체로 이어지는 감정 관련 경로이고, 다른 하나는 편도체를 거치지 않고 후주위 피질로부터 해마체로 직접 전달되는 경로이다. 편도체는 감정을 처리하는 기관으로 대뇌변연계에 속해 있다.",
                "clue": [
                    {
                        "clue_text": "연구 결과에 의하면 뇌에서 해마체는 기억의 획득과 회상하는 기능을 하고 편도체는 감정중추로서 감정을 처리하는 기관으로 알려져 있다.",
                        "clue_start": "128",
                        "clue_end": "201"
                    },
                    {
                        "clue_text": "해마체에 정보가 전달되는 경로에는 두 가지가 있다.",
                        "clue_start": "633",
                        "clue_end": "661"
                    },
                    {
                        "clue_text": "첫 번째는 감정 처리 중추인 편도체를 거쳐서 해마체에 들어가는 경로로 시상으로부터 들어온 정보가 오감의 감정을 느끼도록 해주는 편도체를 거치면 정보는 감정을 수반한 정보로 변한다.",
                        "clue_start": "662",
                        "clue_end": "762"
                    },
                    {
                        "clue_text": "두 번째는 편도체를 거치지 않고 후주위 피질로부터 직접 해마체로 들어가는 경로로 이 경우에는 시상을 거쳐 후주위 피질로 들어온 정보를 그대로 기억한다.",
                        "clue_start": "801",
                        "clue_end": "885"
                    },
                    {
                        "clue_text": "한편, 편도체(Amygdala)는 대뇌변연계에 속하며 해마체 옆에 있으면서 감정을 담당하는 부분이다.",
                        "clue_start": "923",
                        "clue_end": "979"
                    }
                ],
                "terminology": [
                    {
                        "word": "CA"
                    },
                    {
                        "word": "Ekman"
                    },
                    {
                        "word": "Ekman의 모델"
                    },
                    {
                        "word": "감정 모델"
                    },
                    {
                        "word": "감정적 평가"
                    },
                    {
                        "word": "감정중추"
                    },
                    {
                        "word": "네트워크"
                    },
                    {
                        "word": "뉴런"
                    },
                    {
                        "word": "대뇌변연계"
                    },
                    {
                        "word": "대뇌피질"
                    },
                    {
                        "word": "동기화"
                    },
                    {
                        "word": "메모리"
                    },
                    {
                        "word": "메커니즘"
                    },
                    {
                        "word": "시뮬레이션"
                    },
                    {
                        "word": "시상"
                    },
                    {
                        "word": "언어기반 방법"
                    },
                    {
                        "word": "의사소통 지향 방법"
                    },
                    {
                        "word": "인지 과정"
                    },
                    {
                        "word": "전송"
                    },
                    {
                        "word": "지식추론"
                    },
                    {
                        "word": "측두엽"
                    },
                    {
                        "word": "편도체"
                    },
                    {
                        "word": "해마"
                    },
                    {
                        "word": "해마체"
                    },
                    {
                        "word": "행동선택"
                    },
                    {
                        "word": "후주위 피질"
                    }
                ]
            }
        ]
    }
}