{
    "dataset_info": {
        "identifier": "02-031-002-NL",
        "name": "기술과학 문서 요약 데이터",
        "category": "자연어",
        "last_updated": "2023-08-30"
    },
    "dataset": {
        "doc_id": "31a7cd33-2da1dfc3-09c3-4d7f-9e04-8a41703053d6",
        "doc_type": "논문",
        "doc_title": {
            "kor": "메모리 사용을 최적화한 부분 병렬화 구조의 CMMD 표준 지원 LDPC 복호기 설계",
            "eng": ""
        },
        "doc_category": {
            "KDC": "560.5",
            "DDC": ""
        },
        "doc_number": {
            "ISSN": "2287-5026",
            "ISBN": "",
            "DOI": "",
            "UCI": ""
        },
        "doc_year": "2011",
        "doc_author": [
            "박주열",
            "이소진",
            "정기석",
            "조성민",
            "하진석",
            "송용호"
        ],
        "doc_publisher": "대한전자공학회",
        "doc_license": "CC BY-NC",
        "context_info": [
            {
                "context_id": "55e-0c9-merge_ee_31a7cd33-2da1dfc3-09c3-4d7f-9e04-8a41703053d6_04",
                "context_K-NSCC": {
                    "field": "인공물",
                    "large_category": "EE",
                    "medium_category": "01"
                },
                "context": "<h2>1. 부분 병렬 구조</h2> <p>LDPC 부호 복호기를 하드웨어로 구현하는데 있어서 구조로 보아 크게 직렬, 병렬 그리고 부분 병렬 구조로 구분된다. 본 논문에서 세안한 부분 병렬 구조는 각각 16개의 BNU와 CNU를 사용하여 그림 6과 같이 구성되어 있다. 그림 6에서 알 수 있듯이, CNU에서 연산을 진행할 때 패리티 검사를 동시에 진행하도록 되어 있다. 이와 같이 실행을 하면 패리티 검사를 통과하는 마지막 복호 때 패리티 검사 때 필요 없는 체크노드 연산을 한번 더 진행하는 단점이 있다. 그러나 별도의 클럭을 소비하지 않도록 패리티 검사를 진행할 수 있다는 장점이 있고 이로 인해 높은 throughput을 가질 수 있으므로 본 논문에서는 체크노드 연산과 패리티 검사를 동시에 하는 방법을 채택하였다.</p> <h2>2. 노드 그룹핑</h2> <p>CMMB 표준에서 사용하는 패리티 검사 행럴 \\( \\mathrm { H } \\)는 앞서 언급했듯이 1/2 부호는 총 18행의 1의 위치를, 3/4부호에서는 총 9행의 1의 위치를 저장해둠으로써 나머지 행에서의 주소 값을 생성할 수 있다. 본 절에서는 노드를 어떻게 그룹핑하면 동시에 병렬적으로 동작하게 할 수 있는지를 다룬다. 이를 위하여 식 (1)을 체크노드 관점으로 표현할 수 있고, 이는 식 (3)과 같다.</p> <p>\\( \\begin {aligned} c_ { i } =& \\left (H_ { (i \\bmod 18), n } ^ {\\prime } + 36 \\times q u(i / 18) \\right ) \\bmod N \\\\ & i=0,1, \\ldots, k-1 \\end {aligned} \\)<caption>(3)</caption></p> <p>식 (3)을 통해서 우리는 \\( i \\) 를 18 로 나눈 나머지 값이 같으면 행렬 \\( \\mathrm { H } ^ {\\prime } \\)의 같은 위치에서 값을 읽어온다는 것을 알 수 있다. 이렇게 행렬 \\( \\mathrm { H } ^ {\\prime } \\)에서 읽어온 값에 \\( \\mathrm { i } \\)를 18 로 나눈 몫을 더함으로써 실제 읽어올 주소 값을 생성 하게 된다. 따라서 18개씩 체크노도를 묶어서 체크노드 그룹으로 나눌 수 있고, 이렇게 18개씩 노드를 묶는 방 법은 CMMB 표준의 LDPC 부호 복호기를 부분 병렬구 조로 설계할 때 병렬성을 최대로 높이는 방법이다. 18개씩 체크노드를 묶어서 체크노드그룹을 나눈다면 총 256개의 노드그룹이 생기게 되고, i가 0,18, \\( \\cdots \\), 4590인 체크노드들이 동시에 동작하게 된다. 그러나 이와 같이 18개씩 노드를 묶는 경우 각각 256개의 CNU, BNU그리고 공유 메모리가 필요하기 때문에 로직의 크기가 매 우 커지고 컨트롤 로직을 구성하기 매우 어렵다.</p>",
                "context_length": 1391,
                "summary": "LDPC 부호 복호기의 하드웨어 구현은 직렬, 병렬, 부분 병렬 구조로 구분될 수 있으며, 본 논문에서는 체크노드 연산과 패리티 검사를 동시에 진행하여 throughput을 높이는 방법을 채택하였다. 또한, 노드를 그룹핑하여 동시에 병렬적으로 동작하게 하는 방법을 소개하였다. 특히, CMMB 표준의 LDPC 부호 복호기를 부분 병렬구조로 설계할 때, 18개의 노드를 그룹핑하는 것이 최적의 방법이지만, 이 경우 컨트롤 로직 구성의 어려움과 로직 크기 증가라는 단점이 있다.",
                "clue": [
                    {
                        "clue_text": "LDPC 부호 복호기를 하드웨어로 구현하는데 있어서 구조로 보아 크게 직렬, 병렬 그리고 부분 병렬 구조로 구분된다.",
                        "clue_start": "24",
                        "clue_end": "89"
                    },
                    {
                        "clue_text": "별도의 클럭을 소비하지 않도록 패리티 검사를 진행할 수 있다는 장점이 있고 이로 인해 높은 throughput을 가질 수 있으므로 본 논문에서는 체크노드 연산과 패리티 검사를 동시에 하는 방법을 채택하였다.",
                        "clue_start": "290",
                        "clue_end": "405"
                    },
                    {
                        "clue_text": "본 절에서는 노드를 어떻게 그룹핑하면 동시에 병렬적으로 동작하게 할 수 있는지를 다룬다.",
                        "clue_start": "565",
                        "clue_end": "614"
                    },
                    {
                        "clue_text": "따라서 18개씩 체크노도를 묶어서 체크노드 그룹으로 나눌 수 있고, 이렇게 18개씩 노드를 묶는 방 법은 CMMB 표준의 LDPC 부호 복호기를 부분 병렬구 조로 설계할 때 병렬성을 최대로 높이는 방법이다.",
                        "clue_start": "1073",
                        "clue_end": "1188"
                    },
                    {
                        "clue_text": "그러나 이와 같이 18개씩 노드를 묶는 경우 각각 256개의 CNU, BNU그리고 공유 메모리가 필요하기 때문에 로직의 크기가 매 우 커지고 컨트롤 로직을 구성하기 매우 어렵다.",
                        "clue_start": "1288",
                        "clue_end": "1387"
                    }
                ],
                "terminology": [
                    {
                        "word": "CMMB"
                    },
                    {
                        "word": "CMMB 표준"
                    },
                    {
                        "word": "CNU"
                    },
                    {
                        "word": "LDPC"
                    },
                    {
                        "word": "LDPC 부호"
                    },
                    {
                        "word": "LDPC 부호 복호기"
                    },
                    {
                        "word": "throughput"
                    },
                    {
                        "word": "그룹핑"
                    },
                    {
                        "word": "노드"
                    },
                    {
                        "word": "노드 그룹핑"
                    },
                    {
                        "word": "메모리"
                    },
                    {
                        "word": "병렬 구조"
                    },
                    {
                        "word": "병렬성"
                    },
                    {
                        "word": "병렬적"
                    },
                    {
                        "word": "복호기"
                    },
                    {
                        "word": "부분 병렬"
                    },
                    {
                        "word": "직렬"
                    },
                    {
                        "word": "체크노드"
                    },
                    {
                        "word": "컨트롤 로직"
                    },
                    {
                        "word": "클럭"
                    },
                    {
                        "word": "패리티 검사"
                    },
                    {
                        "word": "하드웨어"
                    },
                    {
                        "word": "행렬"
                    }
                ]
            },
            {
                "context_id": "55e-0c9-merge_ee_31a7cd33-2da1dfc3-09c3-4d7f-9e04-8a41703053d6_03",
                "context_K-NSCC": {
                    "field": "인공물",
                    "large_category": "EE",
                    "medium_category": "01"
                },
                "context": "<h2>2. 균일 3/4부호</h2> <p>CMMB표준에서 사용하는 균일 3/4부호의 패리티 검사 행렬 \\( \\mathrm { H } \\)는 \\( 2304 \\times 9216 \\)의 크기를 가지며, 열에서 1의 위치를 저장하는 방법을 사용하면 패리티 검사 행렬 \\( \\mathrm { H } \\)를 저장하기 위한 공간으로 \\( 2304 \\times 12 \\times 14 \\mathrm { bits } \\)를 사용하게 된다. 그러나 패리티 검사 행렬 \\( \\mathrm { H } \\)는 그림5 과 같이 1/2부호와 유사하게 9행마다 36bits씩 shift된 형태를 갖는다.</p> <p>\\( H_ { m, n } = \\left (H_ { (m \\bmod 9), n } ^ {\\prime } + 36 \\times q u(m / 9) \\right ) \\bmod N \\)<caption>(2)</caption></p> <p>패리티 검사 행렬의 패턴에 따라서 식 (1)에서 몇 개의 파라미터만 바꿘 식을 사용하면 부분행렬을 저장하여 나머지 패리티 검사 행렬을 만들 수 있다. 1/2부호 의 경우 18개의 행마다 패턴이 반복되지만, 3/4부호의 경우는 9개의 행마다 패턴이 반복된다. 따라서 식 (1)은 식 (2)와 같이 바뀌게 된다. \\( 9 \\times 12 \\)의 부분 행렬만을 저장함으로써, AGU를 이용하여 나머지 패리티 검사 행렬을 생성해 낼 수 있다.</p> <p>이렇게 패리터 검사 행렬 \\( \\mathrm { H } \\)의 패턴을 통해 훨씬 적은 공간을 사용하는 부분 행렬 \\( \\mathrm { H } ^ {\\prime } \\)만을 저장하고, AGU를 이용하여 나머지 주소 값을 생성해줌으로써 저장하는 메모리 공간을 줄일 수 있다. 표 2는 기존의 패리티 검사 행렬 \\( \\mathrm { H } \\)를 열에서 1의 위치를 저상하는 방법으로 저장하였을 때와 현재 논문에서 제안한 부분 행렬 \\( \\mathrm { H } ^ {\\prime } \\)을 열에서 1의 위치를 저장하는 방법으로 저장하였을 때를 비교한 것이다. 1/2부호에서 기존의 패리터 검사 행렬 \\( \\mathrm { H } \\)를 저장하는 방법은 앞서 언급했듯이 \\( 4608 \\mathrm { x } \\) \\( 6 \\times 14 \\mathrm { bits } \\)를 저장하는 것으로 4608은 정보 블록의 길이, 6은 열 무게 그리고 14 는 1의 위치를 표현하기 위해 필요한 비트를 나타낸다.</p> <h1>Ⅲ. 제안하는 LDPC 부호 복호기</h1> <p>본 논문에서 제안한 LDPC 부호의 복호기는 부분 병렬 구조로 16개의 BNU와 16개의 CNU을 사용하였고, 16개의 공유 메모리를 이용하여 메시지를 전달한다. 공유메모리는 비트노드에 맞춰 저장되는 방법을 사용하기 때문에, CNU는 AGU에서 주소 값을 받아 메모리에서 데이터를 읽어 들여 연산을 진행한다. 연산이 끝나면 전달할 메시지를 동일한 주소에 쓰는 동작을 한다. 따라서 AGU가 패리티 검사 행렬 \\( \\mathrm { H } \\)에 맞게 메시지 충돌 없이, 메모리 주소를 정확하게 생성해줄 필요가 있다. 본 논문에서는 주소 값을 생성하는 오버헤드를 줄이고, 메시지 충돌 없이 16 개의 공유 메모리를 이용하는 그룹핑 방법을 제시한다. 마지막으로 그림 2에서 설명했던 것과 같이 동일한 메모리 주소에 덮어 쓰는 일이 없게 하기 위해, AGU에서 메모리 주소를 생성할 때 인덱스 행렬 I를 사용하여 주수를 생성하는 방법을 제안한다.</p>",
                "context_length": 1730,
                "summary": "CMMB 표준의 3/4부호를 활용한 패리티 검사 행렬 \\( \\mathrm { H } \\)는 \\( 2304 \\times 9216 \\)의 크기를 갖지만, 1의 위치를 저장하는 방법을 통해 \\( 2304 \\times 12 \\times 14 \\mathrm { bits } \\)의 공간만을 사용한다. 이는 그림5에서 볼 수 있는 1/2부호와 비슷한 방식으로, 9행마다 36bits가 shift되는 패턴을 지닌다. 더불어, AGU를 사용해 \\( 9 \\times 12 \\)의 부분 행렬만 저장하면, 패리티 검사 행렬의 나머지 부분을 생성할 수 있다. 이렇게, 패리티 검사 행렬 \\( \\mathrm { H } \\)의 패턴을 활용하면, 저장 공간을 크게 줄일 수 있다.",
                "clue": [
                    {
                        "clue_text": "CMMB표준에서 사용하는 균일 3/4부호의 패리티 검사 행렬 \\( \\mathrm { H } \\)는 \\( 2304 \\times 9216 \\)의 크기를 가지며, 열에서 1의 위치를 저장하는 방법을 사용하면 패리티 검사 행렬 \\( \\mathrm { H } \\)를 저장하기 위한 공간으로 \\( 2304 \\times 12 \\times 14 \\mathrm { bits } \\)를 사용하게 된다.",
                        "clue_start": "24",
                        "clue_end": "238"
                    },
                    {
                        "clue_text": "그러나 패리티 검사 행렬 \\( \\mathrm { H } \\)는 그림5 과 같이 1/2부호와 유사하게 9행마다 36bits씩 shift된 형태를 갖는다.",
                        "clue_start": "239",
                        "clue_end": "323"
                    },
                    {
                        "clue_text": "\\( 9 \\times 12 \\)의 부분 행렬만을 저장함으로써, AGU를 이용하여 나머지 패리티 검사 행렬을 생성해 낼 수 있다.",
                        "clue_start": "634",
                        "clue_end": "705"
                    },
                    {
                        "clue_text": "1/2부호 의 경우 18개의 행마다 패턴이 반복되지만, 3/4부호의 경우는 9개의 행마다 패턴이 반복된다.",
                        "clue_start": "545",
                        "clue_end": "604"
                    },
                    {
                        "clue_text": "이렇게 패리터 검사 행렬 \\( \\mathrm { H } \\)의 패턴을 통해 훨씬 적은 공간을 사용하는 부분 행렬 \\( \\mathrm { H } ^ {\\prime } \\)만을 저장하고, AGU를 이용하여 나머지 주소 값을 생성해줌으로써 저장하는 메모리 공간을 줄일 수 있다.",
                        "clue_start": "713",
                        "clue_end": "865"
                    }
                ],
                "terminology": [
                    {
                        "word": "AGU"
                    },
                    {
                        "word": "CMMB표준"
                    },
                    {
                        "word": "CNU"
                    },
                    {
                        "word": "LDPC"
                    },
                    {
                        "word": "LDPC 부호"
                    },
                    {
                        "word": "LDPC 부호 복호기"
                    },
                    {
                        "word": "shift"
                    },
                    {
                        "word": "공유메모리"
                    },
                    {
                        "word": "그룹핑"
                    },
                    {
                        "word": "메모리"
                    },
                    {
                        "word": "메모리 주소"
                    },
                    {
                        "word": "병렬 구조"
                    },
                    {
                        "word": "복호기"
                    },
                    {
                        "word": "부분 병렬"
                    },
                    {
                        "word": "부분행렬"
                    },
                    {
                        "word": "비트노드"
                    },
                    {
                        "word": "열 무게"
                    },
                    {
                        "word": "오버헤드"
                    },
                    {
                        "word": "인덱스 행렬"
                    },
                    {
                        "word": "정보 블록"
                    },
                    {
                        "word": "파라미터"
                    },
                    {
                        "word": "패리티 검사"
                    },
                    {
                        "word": "패리티 검사 행렬"
                    },
                    {
                        "word": "행렬"
                    }
                ]
            },
            {
                "context_id": "55e-0c9-merge_ee_31a7cd33-2da1dfc3-09c3-4d7f-9e04-8a41703053d6_01",
                "context_K-NSCC": {
                    "field": "인공물",
                    "large_category": "EE",
                    "medium_category": "01"
                },
                "context": "<h1>Ⅱ. CMMB 표준의 LDPC 부호</h1> <p>CMMB는 4세대 이동 방송 표준의 하나로, 패리티 검사 행렬 \\( \\mathrm { H } \\)가 높은 에러 정정 능력을 갖고 있는 것으로 알려졌다. CMMB표준에서 에러 정정 부호로 LDPC 부호와 RS(Reed Solomon) 부호를 사용하며, LDPC부호는 부호화율 1/2과 3/4를 선택적으로 적용하여 사용한다. CMMB표준에서 사용하는 부호의 특성은 아래의 표 1과 같다.</p> <p>DVB-S2 표준에서 사용하는 패리티 검사 행렬 \\( \\mathrm { H } \\)는 QC-LDPC구조로 Hbase행렬, Hbase행렬과 같은 크기의 서브 행렬 그리고 \\( \\mathrm { p } \\times \\mathrm { p } \\)크기의 단일 행렬로 구성된다. Hbase 행렬은 \\( \\mathrm { p } \\times \\mathrm { p } \\) 단일 행렬을 cyclically shift 할 것인지 아닌지를 나타낸다. 그리고 Hbase 행렬과 같은 크기를 갖는 서브행렬은 Hbase에서 cyclically shift를 한다고 하였을 때, 몇 번의 shift를 시킬 것인지를 나타내는 행렬이다. 따라서 패리티 검사 행렬 \\( \\mathrm { H } \\)는 Hbase 행렬의 크기가 mxn이라고 하였을 때, mpx np의 크기를 갖게 된다. 이렇듯 QC-LDPC의 경우는 Hbase 행렬, Hbase 행렬과 같은 크기의 서브 행렬 그리고 \\( \\mathrm { p } \\times \\mathrm { p } \\)크기의 단일 행렬을 가지고 있으면 된다. 그러나 CMMB표준에서 사용하는 패리티 검사 행렬 \\( \\mathrm { H } \\)는 HS-LDPC구조의 일종으로 QC-LDPC 구조와는 다 르다. 따라서 CMMB표준에서 사용하는 패리티 검사 행렬 \\( \\mathrm { H } \\)는 패턴에 따라 기본 패턴인 부분 행렬만을 저장해두고, AGU를 이용하여 나머지 주소를 생성하는 접근법이 필요하다. 이러한 내용은 아래 1/2 부호와 3/4부호로 나누어 설명한다.</p> <p>이에 앞서 근본적으로 패리티 검사 행렬을 저장하는 공간을 줄이기 위해 본 논문에서는 패리티 검사 행렬을 그대로 저장하는 것이 아니라 그림 1과 같이 열에서 1의 위치를 저장하는 방법을 사용한다. 하지만, 하드웨어 구현상 메모리를 통해 메시지를 주고받기 때문에, 0번째와 2번째 체크노드가 0번째 비트노드와 연결되어 있다고 해서 같은 주소인 0을 가질 수 없다. 따라서 그림 2과 같이 두 번째 등장하는 0은 1의 값을 가지게 되고 나머지 주소들도 이에 맞춰 주소 값이 변경되어야 한 다. 이러한 실제 주소 값을 생성해내는 역할을 AGU에서 해주고, AGU에서 생성해낸 주소를 통해 메모리를 접근하게 된다. 본 논문의 3절에서는 이러한 역할을 하 는 AGU를 어떠한 방식으로 효율적으로 설계하였는지를 다룬다.</p>",
                "context_length": 1432,
                "summary": "CMMB는 에러 정정 부호 LDCP 부호에 부호화율 1/2또는 3/4를 적용하고 RS 부호를 사용하여 패리티 검사 행렬 H가 굉장히 높은 4세대 휴대 이동 방송 기술이다. 하지만 CMMB 표준에서 사용하는 패리티 검사행렬은 HS-LDPC 구조인 것에 반해 DVB-S2 표준에서 사용하는 패리티 검사행렬은 QC-LDPC이기 때문에 CMMB 표준에서 사용하는 패리티 검사 행렬은 AGU를 활용하여 부분 행렬만을 저장하고 나머지 주소를 생성하는 방법을 사용한다.",
                "clue": [
                    {
                        "clue_text": "CMMB는 4세대 이동 방송 표준의 하나로, 패리티 검사 행렬 \\( \\mathrm { H } \\)가 높은 에러 정정 능력을 갖고 있는 것으로 알려졌다.",
                        "clue_start": "32",
                        "clue_end": "116"
                    },
                    {
                        "clue_text": "따라서 CMMB표준에서 사용하는 패리티 검사 행렬 \\( \\mathrm { H } \\)는 패턴에 따라 기본 패턴인 부분 행렬만을 저장해두고, AGU를 이용하여 나머지 주소를 생성하는 접근법이 필요하다.",
                        "clue_start": "878",
                        "clue_end": "989"
                    },
                    {
                        "clue_text": "그러나 CMMB표준에서 사용하는 패리티 검사 행렬 \\( \\mathrm { H } \\)는 HS-LDPC구조의 일종으로 QC-LDPC 구조와는 다 르다.",
                        "clue_start": "794",
                        "clue_end": "877"
                    },
                    {
                        "clue_text": "CMMB표준에서 에러 정정 부호로 LDPC 부호와 RS(Reed Solomon) 부호를 사용하며, LDPC부호는 부호화율 1/2과 3/4를 선택적으로 적용하여 사용한다.",
                        "clue_start": "117",
                        "clue_end": "211"
                    }
                ],
                "terminology": [
                    {
                        "word": "4세대 이동 방송 표준"
                    },
                    {
                        "word": "AGU"
                    },
                    {
                        "word": "CMMB"
                    },
                    {
                        "word": "CMMB표준"
                    },
                    {
                        "word": "DVB-S2"
                    },
                    {
                        "word": "Hbase"
                    },
                    {
                        "word": "Hbase행렬"
                    },
                    {
                        "word": "LDPC"
                    },
                    {
                        "word": "LDPC 부호"
                    },
                    {
                        "word": "QC-LDPC"
                    },
                    {
                        "word": "RS"
                    },
                    {
                        "word": "RS(Reed Solomon)"
                    },
                    {
                        "word": "cyclically shift"
                    },
                    {
                        "word": "shift"
                    },
                    {
                        "word": "단일 행렬"
                    },
                    {
                        "word": "메모리"
                    },
                    {
                        "word": "부호화율"
                    },
                    {
                        "word": "비트노드"
                    },
                    {
                        "word": "서브행렬"
                    },
                    {
                        "word": "실제 주소"
                    },
                    {
                        "word": "에러 정정 능력"
                    },
                    {
                        "word": "에러 정정 부호"
                    },
                    {
                        "word": "체크노드"
                    },
                    {
                        "word": "패리티 검사"
                    },
                    {
                        "word": "패리티 검사 행렬"
                    },
                    {
                        "word": "하드웨어"
                    },
                    {
                        "word": "행렬"
                    }
                ]
            },
            {
                "context_id": "55e-0c9-merge_ee_31a7cd33-2da1dfc3-09c3-4d7f-9e04-8a41703053d6_08",
                "context_K-NSCC": {
                    "field": "인공물",
                    "large_category": "EE",
                    "medium_category": "01"
                },
                "context": "<p>\\( c_ { 2946 } =3 \\times \\left (H_ { 12, n } + 36 \\times 163 \\right ) \\bmod 9216 + I_ { 12, n } \\) \\( 3 \\times(3 + 36 \\times 163) + 2=17615=44 C F_ { 16 } , \\quad n=1 \\) \\( 3 \\times(23 + 36 \\times 163) + 0=17673=4509_ { 16 } , \\quad n=2 \\) \\( 3 \\times(2349 + 36 \\times 163) + 2=24653=604 D_ { 16 } , n=3 \\) \\( 3 \\times(9012 + 36 \\times 163) \\bmod 9216 + 1 \\) \\( =3 \\times 5664 + 1=16993=4261_ { 16 } , \\quad n=4 \\)<caption>(5)</caption></p> <p>식 (5)에 각 \\( \\mathrm { n } \\) 을 대입시켜서 식을 풀어보면 위와 같고, 따라서 \\( \\mathrm { n } =4 \\) 일 때 \\( 0 \\times 4261 \\) 의 주소 값을 생성하는 것을 확인할 수 있다. 본 논문에서는 이와 같은 방법을 통해 인덱스를 저장하는 공간을 줄였을 뿐만 아니라, 쉽게 인덱스를 읽어 들이고 식에 적용시켜 더해주기만 하면 되기 때문에 오버혜드를 감소 시켰다. 표 3 은 모든 인덱스를 저장할 때와 논문에서 제안한 부분 행렬 \\( \\mathrm { I } \\) 를 저장하였을 때를 비교한 것이다.</p> <h1>Ⅳ. 실험 결과</h1> <p>본 논문에서 제안한 LDPC 부호 복호기는 CMMB 표준을 지원하는 부분 병렬 구조의 복호기이다. CMMB표준은 \\( 9216 \\mathrm { bits } \\) 의 부호어 길이를 가지며 두 가지 부호율을 지원한다. (1) 1/2 부호로 (9216,4608) 균일 LDPC 부호, (2) 3/4 부호로 (9216,2304) 균일 LDPC 부호. 제안하는 구조는 재구성 가능한 구조로 특성이 다른 두 가지 부호율을 모두 지원해준다. 표 4은 제안하는 재구성 가능한 구조로 두가지 부호율을 지원하는 하나의 복호기와 한가지 부호율을 지원하는 복호기의 크기와 throughput을 비교한 것이다. 각각의 복호기와 크기를 비교하였을 때는 당연히 본 논문에서 제안하는 재구성 가능한 복호기가 크고 느리지만, 두가지 부호율을 지 원하기 위해 두개의 복호기를 써야 하는 상황이라면 본 논문에서 제안하는 복호기가 횔씬 면적 측면에서 이득을 봄을 알 수 있다. 본 논문에서 측정한 합성 데이터 들은 Synopsys사의 Design Compiler를 사용해 Chartered 0.18um CMOS cell library공정으로 얻은 결과이다.</p>",
                "context_length": 1353,
                "summary": "본 논문에서는 저장하는 공간을 줄였을 뿐만 아니라, 쉽게 인덱스를 읽어 들이고 식에 적용시켜 더해주기만 하면 되기 때문에 오버헤드를 감소 시켰고 제안한 LDPC 부호 복호기는 CMMB 표준을 지원하는 부분 병렬 구조의 복호기로 각각의 복호기와 크기를 비교하였을 때는 당연히 본 논문에서 제안하는 재구성 가능한 복호기가 크고 느리지만, 두가지 부호율을 지원을 위해 두개의 복호기를 써야 하는 상황이라면 본 논문에서 제안하는 복호기가 횔씬 면적 측면에서 이득을 봄을 알 수 있다.",
                "clue": [
                    {
                        "clue_text": "본 논문에서는 이와 같은 방법을 통해 인덱스를 저장하는 공간을 줄였을 뿐만 아니라, 쉽게 인덱스를 읽어 들이고 식에 적용시켜 더해주기만 하면 되기 때문에 오버혜드를 감소 시켰다.",
                        "clue_start": "576",
                        "clue_end": "675"
                    },
                    {
                        "clue_text": "본 논문에서 제안한 LDPC 부호 복호기는 CMMB 표준을 지원하는 부분 병렬 구조의 복호기이다.",
                        "clue_start": "777",
                        "clue_end": "831"
                    },
                    {
                        "clue_text": "표 4은 제안하는 재구성 가능한 구조로 두가지 부호율을 지원하는 하나의 복호기와 한가지 부호율을 지원하는 복호기의 크기와 throughput을 비교한 것이다.",
                        "clue_start": "1018",
                        "clue_end": "1106"
                    },
                    {
                        "clue_text": "각각의 복호기와 크기를 비교하였을 때는 당연히 본 논문에서 제안하는 재구성 가능한 복호기가 크고 느리지만, 두가지 부호율을 지 원하기 위해 두개의 복호기를 써야 하는 상황이라면 본 논문에서 제안하는 복호기가 횔씬 면적 측면에서 이득을 봄을 알 수 있다.",
                        "clue_start": "1107",
                        "clue_end": "1248"
                    }
                ],
                "terminology": [
                    {
                        "word": "CMMB"
                    },
                    {
                        "word": "CMMB표준"
                    },
                    {
                        "word": "CMOS"
                    },
                    {
                        "word": "Compiler"
                    },
                    {
                        "word": "Design Compiler"
                    },
                    {
                        "word": "LDPC"
                    },
                    {
                        "word": "LDPC 부호"
                    },
                    {
                        "word": "LDPC 부호 복호기"
                    },
                    {
                        "word": "bits"
                    },
                    {
                        "word": "cell"
                    },
                    {
                        "word": "throughput"
                    },
                    {
                        "word": "병렬 구조"
                    },
                    {
                        "word": "복호기"
                    },
                    {
                        "word": "부분 병렬"
                    },
                    {
                        "word": "부분 행렬"
                    },
                    {
                        "word": "부호어"
                    },
                    {
                        "word": "부호어 길이"
                    },
                    {
                        "word": "합성"
                    },
                    {
                        "word": "합성 데이터"
                    },
                    {
                        "word": "행렬"
                    }
                ]
            },
            {
                "context_id": "55e-0c9-merge_ee_31a7cd33-2da1dfc3-09c3-4d7f-9e04-8a41703053d6_07",
                "context_K-NSCC": {
                    "field": "인공물",
                    "large_category": "EE",
                    "medium_category": "01"
                },
                "context": "<p>다른 방법으로 각 체크노드에 연결된 비트노드의 인덱스를 미리 생성해서 저장해두는 방법으로, \\( 4608 \\mathrm { x } \\) \\( 6 \\times 2 \\mathrm { bits } \\) 의 추가적인 메모리 공간이 필요하게 된다. 본 논문에서는 이러한 인덱스의 패턴을 파악하여, \\( 18 \\times 6 \\)의 인덱스 행렬 I를 저장하는 방법을 제안한다. \\( 18 \\times 6 \\times 2 \\mathrm { bits } \\)크기의 인덱스 행렬을 저장하여 실제 주소를 생성한다 는 것은 처음 등장하는 비트노드가 인덱스를 무조건 0을 가져야 하는 것이 아니라 1이나 2를 가질 수 있음을 뜻한다. 이와 같은 것이 가능한 이유는 AGU가 항상 같은 행렬 \\( \\mathrm { H } ^ {\\prime } \\)와 행렬 \\( \\mathrm { I } \\)를 이용하여 주소를 생성하기 때문이다.</p> <p>그림 10 은 행렬 \\( \\mathrm { H } ^ {\\prime } \\) 와 행렬 \\( \\mathrm { I } \\) 를 이용하여 주소를 생성 하는 것을 나타낸다. 이해를 돕기 위하여 오른쪽에는 실제 패리티 검사 행렬 \\( \\mathrm { H } \\) 의 행 번호 \\( \\mathrm { i } \\) (체크노드 ci)와 행렬 \\( \\mathrm { H } ^ {\\prime } \\) 의 행 번호, 그리고 행렬 \\( \\mathrm { I } \\) 의 행 번호를 표시하 였다. 그림 10 를 통해 알 수 있듯이, 행렬 \\( \\mathrm { H } ^ {\\prime } \\) 와 행렬 I 는 같은 행을 읽어 들여 주소 값을 생성한다. 따라서 각 행에서의 1이 위치하는 열 번호를 생성하는 식 (3)에 연산을 추가하여 실제 생성되는 메모리 주소 값은 식 (4)에 의해 생성된다.</p> <p>\\( \\begin {aligned} H_ { m, n } =& 3 \\times \\left (H_ { (m \\bmod 18), n } ^ {\\prime } + 36 \\times q u(m / 18) \\right ) \\bmod N \\\\ & + I_ { (m \\bmod 18), n } \\end {aligned} \\)<caption>(4)</caption></p> <p>그림 10 는 5664 번째 비트노드와 연결된 체크노드가 메모리 \\( 0 \\times 4260 \\) 번지에서 \\( 0 \\times 4262 \\)번지에 저장되는 모습을 나타낸다. \\( \\mathrm { c } _ { 2327 } , \\mathrm { c } _ { 2946 } \\) 그리고 \\( \\mathrm { c } _ { 2 } \\) 가 \\( \\mathrm { b } _ { 5664 } \\) 와 연결되어 있음을 알 수 있고, cra44일 때에 주소 값은 아래 식 (5)에 의해 생성된다.</p>",
                "context_length": 1387,
                "summary": "AGU는 항상 같은 행을 읽어 들여 주소값을 생성하는 행렬 \\( \\mathrm { H } ^ {\\prime } \\)와 행렬 \\( \\mathrm { I } \\)를 통해 주소를 생성한다. 따라서 각 행에서 1의 열번호를 생성하는 식(3)에 연산을 더해 실질적으로 생성되는 메모리 주소값은 식 (4)에 의해 만들어진다.",
                "clue": [
                    {
                        "clue_text": "이와 같은 것이 가능한 이유는 AGU가 항상 같은 행렬 \\( \\mathrm { H } ^ {\\prime } \\)와 행렬 \\( \\mathrm { I } \\)를 이용하여 주소를 생성하기 때문이다.",
                        "clue_start": "346",
                        "clue_end": "453"
                    },
                    {
                        "clue_text": "그림 10 를 통해 알 수 있듯이, 행렬 \\( \\mathrm { H } ^ {\\prime } \\) 와 행렬 I 는 같은 행을 읽어 들여 주소 값을 생성한다.",
                        "clue_start": "729",
                        "clue_end": "816"
                    },
                    {
                        "clue_text": "따라서 각 행에서의 1이 위치하는 열 번호를 생성하는 식 (3)에 연산을 추가하여 실제 생성되는 메모리 주소 값은 식 (4)에 의해 생성된다.",
                        "clue_start": "817",
                        "clue_end": "896"
                    },
                    {
                        "clue_text": "\\( \\begin {aligned} H_ { m, n } =& 3 \\times \\left (H_ { (m \\bmod 18), n } ^ {\\prime } + 36 \\times q u(m / 18) \\right ) \\bmod N \\\\ & + I_ { (m \\bmod 18), n } \\end {aligned} \\)<caption>(4)</caption>",
                        "clue_start": "904",
                        "clue_end": "1100"
                    }
                ],
                "terminology": [
                    {
                        "word": "AGU"
                    },
                    {
                        "word": "bits"
                    },
                    {
                        "word": "메모리"
                    },
                    {
                        "word": "메모리 주소"
                    },
                    {
                        "word": "비트노드"
                    },
                    {
                        "word": "실제 주소"
                    },
                    {
                        "word": "열 번호"
                    },
                    {
                        "word": "인덱스"
                    },
                    {
                        "word": "인덱스 행렬"
                    },
                    {
                        "word": "체크노드"
                    },
                    {
                        "word": "패리티 검사"
                    },
                    {
                        "word": "패리티 검사 행렬"
                    },
                    {
                        "word": "행렬"
                    }
                ]
            },
            {
                "context_id": "55e-0c9-merge_ee_31a7cd33-2da1dfc3-09c3-4d7f-9e04-8a41703053d6_05",
                "context_K-NSCC": {
                    "field": "인공물",
                    "large_category": "EE",
                    "medium_category": "01"
                },
                "context": "<p>우리는 식 (3)을 통해, 18개씩 체크노드를 묶는 것도 가능하지만 18의 배수가 되는 노드의 수로 노드그룹을 묶는 경우도 병렬적으로 동작이 가능하다는 것을 알 수 있다. 체크노드 36개씩 묶어서 128개의 노드그룹, 체크 노드 72개씩 묶어서 64개의 노드그룹, 32개의 노드그룹, 16개의 노드그룹, 8개의 노드그룹 그리고 4개의 노드그 룹으로 나눠 부분 병렬구조로 설계할 수 있는 것이다. 4개나 8개의 노드그룹으로 나누는 경우 CMMB 표준에서 제시한 throughput을 만족시킬 수 없고, 32개 이상 의 노드그룹은 throughput을 만족하나 로직의 크기가 매우 커진다. 따라서 본 논문에서는 throughput을 만족 시키면서 로직의 크기가 상대적으로 작은 16개의 노드 그룹을 선택하여 부분 병렬구조로 설계하였으며, 이러한 그룹핑의 모습은 그림 7과 같다. 18의 배수인 288개의 연속적인 체크노드를 그룹평하여 16개의 그룹으로 나누면, 그림 7과 같이 16개의 CNU는 모듈로 연산의 결과 값이 갖게 되어서 병렬적으로 진행이 가능하다.제안된 구조는 16개의 공유메모리를 갖고, 공유메모리는 BNU가 연산을 진행할 때에 순차적으로 읽어갈 수 있도록 설계하였다. 따라서 576개의 연속적인 비트노드를 그룹핑하여 16개의 그룹으로 나누고, 그룹은 16개의 공유메모리에 각각 맵핑된다.</p> <p>CNU의 경우 그림 8를 통해 알 수 있둣이, 처음에 체크노드 \\( \\mathrm { C } _ { 0 } , \\mathrm { C } _ { 238 } , \\mathrm { C } _ { 576 } , \\cdots, \\mathrm { C } _ { 4320 } \\)이 병렬적으로 진행된다. AGU에서는 식 (3)에 따라, 행렬 \\( \\mathrm { H } ^ {\\prime } \\)에서 0번째 행이 선택되고 (0,288,576, \\( \\cdots \\) ,4320) 모두 18로 나눈 나머지는 0 이기 때문에), 0번째 행에 6개의 주소를 바탕으로 16개의 공유 메모리에서 주소에 맞는 메모리를 선택하여 데이터 값을 읽어 들인다. 읽어 들인 데이터로 CNU연산을 마치면 같은 주소에 쓰는 작업을 한다.</p> <p>앞서 언급했듯이, BNU의 경우는 CNU가 AGU에서 주소를 받아 열의 위치에 맞춰 나눠진 공유 메모리에 저장해두었기 때문에 각각 자신에게 연결된 메모리에서 순서대도 3개의 데이터를 읽어 들여 계산하면 된다. BNU의 읽거나 쓰는 동작은 모두 자신에게 맵핑된 메모리에서만 진행되기 때문에, 역시 16개의 그룹이 동시에 진행되며 AGU없이 주소 값을 순차적으로 증가시키면 되기 때문에 동작이 간단한다.</p>",
                "context_length": 1310,
                "summary": "4개나 8개의 노드그룹으로 나누는 경우 CMMB 표준에서 제시한 throughput을 만족시킬 수 없고, 32개 이상의 노드그룹은 throughput을 만족하나 로직의 크기가 매우 커지는 문제가 있어 이 논문에서는 throughput을 만족 시키면서 로직의 크기가 상대적으로 작은 16개의 노드 그룹을 선택하여 부분 병렬구조로 설계한 구조를 제시했으며 그룹핑의 모습은 그림 7에서 확인 가능하다.",
                "clue": [
                    {
                        "clue_text": "따라서 본 논문에서는 throughput을 만족 시키면서 로직의 크기가 상대적으로 작은 16개의 노드 그룹을 선택하여 부분 병렬구조로 설계하였으며, 이러한 그룹핑의 모습은 그림 7과 같다.",
                        "clue_start": "331",
                        "clue_end": "436"
                    },
                    {
                        "clue_text": "4개나 8개의 노드그룹으로 나누는 경우 CMMB 표준에서 제시한 throughput을 만족시킬 수 없고, 32개 이상 의 노드그룹은 throughput을 만족하나 로직의 크기가 매우 커진다.",
                        "clue_start": "224",
                        "clue_end": "330"
                    }
                ],
                "terminology": [
                    {
                        "word": "AGU"
                    },
                    {
                        "word": "BNU"
                    },
                    {
                        "word": "CMMB"
                    },
                    {
                        "word": "CMMB 표준"
                    },
                    {
                        "word": "CNU"
                    },
                    {
                        "word": "throughput"
                    },
                    {
                        "word": "공유메모리"
                    },
                    {
                        "word": "그룹핑"
                    },
                    {
                        "word": "노드"
                    },
                    {
                        "word": "로직"
                    },
                    {
                        "word": "맵핑"
                    },
                    {
                        "word": "메모리"
                    },
                    {
                        "word": "모듈"
                    },
                    {
                        "word": "병렬구조"
                    },
                    {
                        "word": "병렬적"
                    },
                    {
                        "word": "부분 병렬구조"
                    },
                    {
                        "word": "비트노드"
                    },
                    {
                        "word": "체크노드"
                    },
                    {
                        "word": "행렬"
                    }
                ]
            },
            {
                "context_id": "55e-0c9-merge_ee_31a7cd33-2da1dfc3-09c3-4d7f-9e04-8a41703053d6_00",
                "context_K-NSCC": {
                    "field": "인공물",
                    "large_category": "EE",
                    "medium_category": "01"
                },
                "context": "<h1>요 약</h1> <p>본 논문에서는 CMMB(China Mobile Multimedia Broadcasting) 표준의 LDPC(Low Density Parity Check) 부호 복호기를 효과적으로 구현하는 방법을 제안한다. 본 논문은 AGU(Address Generation Unit)와 Indcx행렬을 이용하여 효율적으로 주소값을 생성함으로씨, 메모리 사용량을 줄이고 복잡도를 감소시켰다. 또한 LDPC 부호 복호기의 throughput을 향상시키기 위해 한 클럭에 여러 메시지를 전달하는 부분 병렬 구조를 사용하였고, 하나의 주소를 사용하여 병렬적으로 동작이 가능하도록 노드 그룹핑을 진행하였다. 제안하는 LDPC 부호 복호기는 Vcrilog HIL로 구현하였으며, Synopsys사의 Design Compiler를 의용하여 Chartered 0.18 \\( \\mathrm { mm } \\) CMOS cell library 공정으로 합성하였다. 제안된 복호기는 \\( 450 \\mathrm { ~K } \\)(inNAND)의 크기를 가지며, \\( 185 \\mathrm { MHz } \\) 의 클럭에서 1/2부호는 \\( 14.32 \\mathrm { Mbps } \\) 의 throughput을 갖고, 3/4 부호는 \\( 26.97 \\mathrm { Mbps } \\) 의 throughput을 갖는다. 또한, 기존의 CMMB용 LDPC의 메모리와 비교하여 \\( 0.39 \\% \\) 의 메모리만 사용된다.</p> <h1>Ⅰ. 서 론</h1> <p>현재 이동통신 시스템과 차세대 방송 표준에서 오류 정정 부호로 주목받고 있는 LDPC(Low Density Parity Check) 부호는 1962년에 Gallager에 의해 제안된 block code의 일종이다. 하지만, 당시의 기술력으로는 구현이 불가능하여 잊혀졌다. 이후, 1993년 터보 부호의 발견과 더불어 반복 복호 방식에 대한 많은 연구가 이루어 졌으며, 1995년에 Mackay와 Neal에 의해 구현 가능한 방법과 함께 재조명 되었다.</p> <p>LDPC 코드는 DVB-S2(Digital Video Broadcasting - Satellite 2nd Generation)표준이나 802.16e 표준에서 적용되어 이를 효율적으로 구현하기 위한 많은 연구들이 진행되고 있다.</p> <p>본 논문은 이러한 흐름에 맞춰, CMMB(China Multimedia Mobile Broadcasting)표준에서 사용되는 LDPC부호 복호기를 하드웨어로 구현하는 방법에 관한 것이다. DVB-S2 표준이나 802.16e 표준의 패리티 검사 행렬 H는 같은 QC(Quasi-Cyclic)- LDPC구조로 되어 있기 때문에 하드웨어 구현 방법이 비슷하다. 그러나 CMMB 표준의 경우 패리티 검사 행렬 H는 HS(High-Structured)-LDPC 구조를 갖고 있기 때문에 LDPC부호 복호기 구현에 많은 메모리양이 요구된다. 따라서 이러한 메모리 요구량을 줄일 수 최적화 방법에 관해 서술한다.</p> <p>본 논문의 구성은 다음과 같다. Ⅱ에서 CMMB표준의 LDPC 부호에 대하여 기존의 표준과의 차이점을 설명하고 CMMB 부호의 특성을 설명한다. Ⅲ장에서는 하드웨어 구현을 위한 구조와 주소생성 알고리즘에 대하여 제안한다. Ⅳ장에서는 구현결과를 통해 성능을 측정하였다.</p>",
                "context_length": 1645,
                "summary": "CMMB 표준의 LDPC 부호 복호기를 효과적으로 구현하기 위해 AGU와 Indcx행렬, 부분 병렬 구조, 노드 그룹핑 등을 사용하여 메모리 사용량과 복잡도를 줄이고 throughput을 향상시켰다. Vcrilog HIL로 구현하여 Chartered 0.18 \\( \\mathrm { mm } \\) CMOS cell library 공정으로 합성하였으며, \\( 450 \\mathrm { ~K } \\) inNAND의 크기를 가지며 \\( 185 \\mathrm { MHz } \\) 클럭에서 1/2부호 \\( 14.32 \\mathrm { Mbps } \\), 3/4부호 \\( 26.97 \\mathrm { Mbps } \\) 의 throughput을 갖고, 기존 CMMB용 LDPC의 메모리보다 \\( 0.39 \\% \\) 만 사용된다.",
                "clue": [
                    {
                        "clue_text": "본 논문에서는 CMMB(China Mobile Multimedia Broadcasting) 표준의 LDPC(Low Density Parity Check) 부호 복호기를 효과적으로 구현하는 방법을 제안한다.",
                        "clue_start": "16",
                        "clue_end": "130"
                    },
                    {
                        "clue_text": "본 논문은 AGU(Address Generation Unit)와 Indcx행렬을 이용하여 효율적으로 주소값을 생성함으로씨, 메모리 사용량을 줄이고 복잡도를 감소시켰다.",
                        "clue_start": "131",
                        "clue_end": "224"
                    },
                    {
                        "clue_text": "제안하는 LDPC 부호 복호기는 Vcrilog HIL로 구현하였으며, Synopsys사의 Design Compiler를 의용하여 Chartered 0.18 \\( \\mathrm { mm } \\) CMOS cell library 공정으로 합성하였다.",
                        "clue_start": "342",
                        "clue_end": "479"
                    },
                    {
                        "clue_text": "제안된 복호기는 \\( 450 \\mathrm { ~K } \\)(inNAND)의 크기를 가지며, \\( 185 \\mathrm { MHz } \\) 의 클럭에서 1/2부호는 \\( 14.32 \\mathrm { Mbps } \\) 의 throughput을 갖고, 3/4 부호는 \\( 26.97 \\mathrm { Mbps } \\) 의 throughput을 갖는다.",
                        "clue_start": "480",
                        "clue_end": "674"
                    },
                    {
                        "clue_text": "또한, 기존의 CMMB용 LDPC의 메모리와 비교하여 \\( 0.39 \\% \\) 의 메모리만 사용된다.",
                        "clue_start": "675",
                        "clue_end": "731"
                    }
                ],
                "terminology": [
                    {
                        "word": "AGU"
                    },
                    {
                        "word": "Broadcasting"
                    },
                    {
                        "word": "CMMB"
                    },
                    {
                        "word": "CMMB표준"
                    },
                    {
                        "word": "CMOS"
                    },
                    {
                        "word": "CMOS cell library 공정"
                    },
                    {
                        "word": "Compiler"
                    },
                    {
                        "word": "DVB-S2"
                    },
                    {
                        "word": "Design Compiler"
                    },
                    {
                        "word": "HIL"
                    },
                    {
                        "word": "HS"
                    },
                    {
                        "word": "HS-LDPC"
                    },
                    {
                        "word": "Indcx행렬"
                    },
                    {
                        "word": "LDPC"
                    },
                    {
                        "word": "LDPC 부호"
                    },
                    {
                        "word": "LDPC 부호 복호기"
                    },
                    {
                        "word": "Mbps"
                    },
                    {
                        "word": "Mobile Broadcasting"
                    },
                    {
                        "word": "QC(Quasi-Cyclic)"
                    },
                    {
                        "word": "Unit"
                    },
                    {
                        "word": "Vcrilog HIL"
                    },
                    {
                        "word": "block code"
                    },
                    {
                        "word": "cell"
                    },
                    {
                        "word": "code"
                    },
                    {
                        "word": "throughput"
                    },
                    {
                        "word": "그룹핑"
                    },
                    {
                        "word": "노드"
                    },
                    {
                        "word": "노드 그룹핑"
                    },
                    {
                        "word": "메모리"
                    },
                    {
                        "word": "메모리 요구량"
                    },
                    {
                        "word": "메모리양"
                    },
                    {
                        "word": "반복 복호"
                    },
                    {
                        "word": "반복 복호 방식"
                    },
                    {
                        "word": "병렬 구조"
                    },
                    {
                        "word": "병렬적"
                    },
                    {
                        "word": "복호기"
                    },
                    {
                        "word": "부분 병렬"
                    },
                    {
                        "word": "알고리즘"
                    },
                    {
                        "word": "오류 정정 부호"
                    },
                    {
                        "word": "최적화 방법"
                    },
                    {
                        "word": "클럭"
                    },
                    {
                        "word": "터보 부호"
                    },
                    {
                        "word": "패리티 검사"
                    },
                    {
                        "word": "패리티 검사 행렬"
                    },
                    {
                        "word": "하드웨어"
                    },
                    {
                        "word": "합성"
                    },
                    {
                        "word": "행렬"
                    }
                ]
            },
            {
                "context_id": "55e-0c9-merge_ee_31a7cd33-2da1dfc3-09c3-4d7f-9e04-8a41703053d6_06",
                "context_K-NSCC": {
                    "field": "인공물",
                    "large_category": "EE",
                    "medium_category": "01"
                },
                "context": "<h2>3. 인덱스 행렬</h2> <p>공유 메모리는 열의 위치에 맞취 데이터를 저장하고 있다. 그림 9는 1/2부호에서 저장하고 있는 행렬 \\( \\mathrm { H } ^ {\\prime } \\)의 18행 중 일부와 이를 이용하여 생성한 주소 값으로 실제 메모리에 맵핑되는 모습을 나타낸다. 그림 9의 오른 쪽 행렬에 숫자는 체크노드가 어떤 비트노드와 연결되어 있는지 비트노드 번호를 나타내는 것으로, 예를 들어 \\( \\mathrm { c } _ { 0 } \\) 는 \\( \\mathrm { b } _ { 0 } , \\mathrm { ~b } _ { 6 } , \\mathrm { ~b } _ { 12 } , \\mathrm { ~b } _ { 18 } , \\mathrm { ~b } _ { 25 } , \\mathrm { ~b } _ { 30 } \\)과 연결되어 메시지를 전달받는 것을 나타낸다.</p> <p>그림 2을 통해 언급했듯이, 같은 비트노드 번호가 나왔을 때 데이터를 덮어쓰는 일이 없게 하기 위해 다른 주소를 할당하여야 한다. 1/2부호나 3/4부호 모두 열 무게가 3이기 때문에 하나의 비트노드에는 총 3개의 체크노드가 연결되어 있고, 따라서 CNU 연산을 할 때 같은 비트노드가 3번 나타난다. 3번 나오는 같은 비트노드번호를 같은 주소로 할당하면 데이터가 덮어 씨워지기 때문에 한 비트노드번호당 3개의 저장 공간이 필요하게 된다. 그림 9와 같이 \\( c_ { 0 } \\)와 연결된 \\( b_ { 0 } \\)는 0의 주소 값을 갖게 되지만 \\( c_ { 1 } \\)과 연결된 \\( b_ { 0 } \\)는 1의 주소 값을 가져야 한다. 즉, \\( c_ { 0 } \\)와 연결된 \\( \\mathrm { b } _ { 6 } \\)은 18의 주소 값을, \\( \\mathrm { b } _ { 12 } \\)는 36의 주소 값을 갖게 된다.</p> <p>그러나 이와 같이 주소 값을 생성하기 위해서는 같은 번호의 비트노드가 몇 번 나왔는지를 세어서 저장하는 레지스터가 필요하다. 비트노드마다 인덱스를 저장하고 있는 2bits 레지스터를 할당하고 주소 값을 생성할 때 마다, 인덱스 값을 더하여 주소 값을 생성하고 인덱스 값을 업데이트 해줘야한다. 이러한 방법을 이용하면 매번 주소를 생성할 때에 계산해야 하기 때문에 오버헤드가 크다.</p>",
                "context_length": 1144,
                "summary": "공유 메모리는 열의 위치에 따라 데이터를 저장하며, 이는 1/2부호로 저장된 행렬 \\( \\mathrm { H } ^ {\\prime } \\)의 일부 행과 이를 이용해 생성한 주소 값의 메모리 맵핑을 통해 보여진다. 동일한 비트노드 번호가 나올 때 데이터를 덮어쓰지 않기 위해, 다른 주소를 할당하는 것이 필요하다. 이를 위해 비트노드마다 2bits 레지스터가 할당되어 인덱스를 저장하며, 주소 생성 시에는 인덱스 값을 추가하고 업데이트한다.",
                "clue": [
                    {
                        "clue_text": "공유 메모리는 열의 위치에 맞취 데이터를 저장하고 있다. 그림 9는 1/2부호에서 저장하고 있는 행렬 \\( \\mathrm { H } ^ {\\prime } \\)의 18행 중 일부와 이를 이용하여 생성한 주소 값으로 실제 메모리에 맵핑되는 모습을 나타낸다.",
                        "clue_start": "22",
                        "clue_end": "163"
                    },
                    {
                        "clue_text": "그림 9는 1/2부호에서 저장하고 있는 행렬 \\( \\mathrm { H } ^ {\\prime } \\)의 18행 중 일부와 이를 이용하여 생성한 주소 값으로 실제 메모리에 맵핑되는 모습을 나타낸다.",
                        "clue_start": "54",
                        "clue_end": "163"
                    },
                    {
                        "clue_text": "그림 2을 통해 언급했듯이, 같은 비트노드 번호가 나왔을 때 데이터를 덮어쓰는 일이 없게 하기 위해 다른 주소를 할당하여야 한다.",
                        "clue_start": "451",
                        "clue_end": "523"
                    },
                    {
                        "clue_text": "그러나 이와 같이 주소 값을 생성하기 위해서는 같은 번호의 비트노드가 몇 번 나왔는지를 세어서 저장하는 레지스터가 필요하다.",
                        "clue_start": "928",
                        "clue_end": "997"
                    },
                    {
                        "clue_text": "비트노드마다 인덱스를 저장하고 있는 2bits 레지스터를 할당하고 주소 값을 생성할 때 마다, 인덱스 값을 더하여 주소 값을 생성하고 인덱스 값을 업데이트 해줘야한다.",
                        "clue_start": "998",
                        "clue_end": "1091"
                    }
                ],
                "terminology": [
                    {
                        "word": "CNU"
                    },
                    {
                        "word": "레지스터"
                    },
                    {
                        "word": "맵핑"
                    },
                    {
                        "word": "메모리"
                    },
                    {
                        "word": "비트노드"
                    },
                    {
                        "word": "업데이트"
                    },
                    {
                        "word": "열 무게"
                    },
                    {
                        "word": "오버헤드"
                    },
                    {
                        "word": "인덱스"
                    },
                    {
                        "word": "인덱스 행렬"
                    },
                    {
                        "word": "주소 값"
                    },
                    {
                        "word": "체크노드"
                    },
                    {
                        "word": "행렬"
                    }
                ]
            },
            {
                "context_id": "55e-0c9-merge_ee_31a7cd33-2da1dfc3-09c3-4d7f-9e04-8a41703053d6_02",
                "context_K-NSCC": {
                    "field": "인공물",
                    "large_category": "EE",
                    "medium_category": "01"
                },
                "context": "<p>열에서 1의 위치를 저장하는 방법을 이용하면 패리티 검사 행렬 \\( \\mathrm { H } \\)를 저장하는데 필요한 메모리의 크기가 MxN보다 훨씬 줄어든 Mxdc(열 무게)를 저장하게 된다. 물론 저장하는 비트수가 \\( 1 \\mathrm { bit } \\)에서 \\( \\log 2 \\mathrm { N } \\)만큼 늘어 나겠지만, \\( \\mathrm { N } \\)을 dc만큼 줄인 효과가 더 크기 때문에 이와 같은 방식을 사용하는 것이 효율적이다. 비록 그림 1의 경우는 패리티 검사 행렬 \\( \\mathrm { H } \\)의 크기가 작기 때문에 오히려 저장하는 크기가 커졌으나( \\( 4 \\times 8 \\times 1 \\mathrm { bits } \\) 에서 \\( 4 \\times 3 \\times 4 \\mathrm { bits } \\)), CMMB표준의 1/2 부호의 경우 이와 같은 방식을 이용하면 4608x9216x1bits에서 4608x6x14bits로 줄어든다.( \\( 1 \\% \\) 로 감소). 하지만 줄어든 패리티 검사 행렬 \\( \\mathrm { H } \\)의 크기 역시 아직은 매우 크기 때문에, 앞서 언 급한대로 기본 패턴만을 저장하고 나머지 주소는 AGU를 이용하여 생성하는 접근법이 필요하다.</p> <h2>1. 균일 1/2 부호</h2> <p>CMMB표준에서 사용하는 균일 1/2부호의 패리티 검사 행렬 \\( \\mathrm { H } \\)는 \\( 4608 \\times 9216 \\)의 크기를 가지며, 열에서 1 의 위치를 저장하는 방법을 사용하면 패리터 검사 행렬 \\( \\mathrm { H } \\)를 저장하기 위한 공간으로 \\( 4608 \\times 6 \\times 14 \\mathrm { bits } \\)를 사용하게 된다. 그러나 패리티 검사 행렬 \\( \\mathrm { H } \\)는 그림 3와 같이 18행마다 36bits씩 shift된 형태를 갖는다.</p> <p>\\( H_ { m, n } = \\left (H_ { (m \\bmod 18), n } ^ {\\prime } + 36 \\times q u(m / 18) \\right ) \\bmod N \\) \\( H_ { i, j \\left (i=0,1, \\cdots, 17, j=0,1, \\cdots, d_ { c } -1 \\right ) } ^ {\\prime } \\) \\( m=0,1, \\cdots, k-1 \\) \\( n=0,1, \\cdots, d_ { c } -1 \\)<caption>(1)</caption></p> <p>패리티 검사 행렬의 패턴에 따라서 식 (1)을 사용하 면 부분행렬만을 저장하여 나머지 패리티 검사 행렬을 만들 수 있다. 식 (1)에서 \\( \\mathrm { qu } () \\)는 나눈 몫을 결과 값으로 내보내는 함수이다. 즉, \\( \\mathrm { m } \\)에 18 미만의 값이 들어오 면 0의 결과 값이 나오고 \\( \\mathrm { m } \\)에 18 이상부터 36미만의 값 이 들어오면 1의 결과 값이 나오는 함수이다. 행렬 \\( \\mathrm { H } ^ {\\prime } \\)는 패리티 검사 행렬 \\( \\mathrm { H } \\)의 부분 행렬로 \\( 18 \\times 6 \\)의 크기 를 갖는다. 식 (1)을 이용하면, 1/2 부호 복호기를 구현 하기 위해서는 오직 \\( 18 \\times 6 \\)의 부분 행렬만을 저장함으로써, AGU를 이용하여 그림 4와 같이 나머지 패리티 검사 행렬을 생성해 낼 수 있다.</p>",
                "context_length": 1704,
                "summary": "CMMB표준에서 사용하는 균일 1/2부호의 패리티 검사 행렬은 \\( \\mathrm { H } \\)는 \\( 4608 \\times 9216 \\)의 크기를 가지고 18행마다 36bits씩 shift된 형태를 가지게 된다. 1/2 부호 복호기 구현을 위해서는 \\( 18 \\times 6 \\)의 부분 행렬만 저장하고 AGU를 이용하여 나머지 패리티 검사 행렬을 생성할 수 있다.",
                "clue": [
                    {
                        "clue_text": "CMMB표준에서 사용하는 균일 1/2부호의 패리티 검사 행렬 \\( \\mathrm { H } \\)는 \\( 4608 \\times 9216 \\)의 크기를 가지며, 열에서 1 의 위치를 저장하는 방법을 사용하면 패리터 검사 행렬 \\( \\mathrm { H } \\)를 저장하기 위한 공간으로 \\( 4608 \\times 6 \\times 14 \\mathrm { bits } \\)를 사용하게 된다.",
                        "clue_start": "659",
                        "clue_end": "873"
                    },
                    {
                        "clue_text": "그러나 패리티 검사 행렬 \\( \\mathrm { H } \\)는 그림 3와 같이 18행마다 36bits씩 shift된 형태를 갖는다.",
                        "clue_start": "874",
                        "clue_end": "947"
                    },
                    {
                        "clue_text": "식 (1)을 이용하면, 1/2 부호 복호기를 구현 하기 위해서는 오직 \\( 18 \\times 6 \\)의 부분 행렬만을 저장함으로써, AGU를 이용하여 그림 4와 같이 나머지 패리티 검사 행렬을 생성해 낼 수 있다.",
                        "clue_start": "1581",
                        "clue_end": "1700"
                    }
                ],
                "terminology": [
                    {
                        "word": "AGU"
                    },
                    {
                        "word": "CMMB표준"
                    },
                    {
                        "word": "MxN"
                    },
                    {
                        "word": "Mxdc(열 무게)"
                    },
                    {
                        "word": "bits"
                    },
                    {
                        "word": "dc"
                    },
                    {
                        "word": "shift"
                    },
                    {
                        "word": "메모리"
                    },
                    {
                        "word": "복호기"
                    },
                    {
                        "word": "부분 행렬"
                    },
                    {
                        "word": "부분행렬"
                    },
                    {
                        "word": "부호 복호기"
                    },
                    {
                        "word": "비트수"
                    },
                    {
                        "word": "패리티 검사"
                    },
                    {
                        "word": "패리티 검사 행렬"
                    },
                    {
                        "word": "함수"
                    },
                    {
                        "word": "행렬"
                    }
                ]
            }
        ]
    }
}