{
    "dataset_info": {
        "identifier": "02-031-002-NL",
        "name": "기술과학 문서 요약 데이터",
        "category": "자연어",
        "last_updated": "2023-08-30"
    },
    "dataset": {
        "doc_id": "114998e3-5196b7af-2495-4eb9-9317-cb0b8609b312",
        "doc_type": "논문",
        "doc_title": {
            "kor": "클럭 표류율과 기준 신호를 이용한 두 센서 노드간 시간 동기 알고리즘",
            "eng": ""
        },
        "doc_category": {
            "KDC": "413.05",
            "DDC": ""
        },
        "doc_number": {
            "ISSN": "2287-5891",
            "ISBN": "",
            "DOI": "",
            "UCI": ""
        },
        "doc_year": "2009",
        "doc_author": [
            "김현수",
            "전중남"
        ],
        "doc_publisher": "한국정보처리학회",
        "doc_license": "CC BY-NC",
        "context_info": [
            {
                "context_id": "55e-0c9-9a69730a-cf55-49de-b88b-1fe1eb0775f9",
                "context_K-NSCC": {
                    "field": "인공물",
                    "large_category": "EE",
                    "medium_category": "11"
                },
                "context": "<h1>3. CDRS 시간 동기 알고리즘</h1><p>Clock drift rate and reference signals(CDRS) 알고리즘은 기존의 TSPN에서 언급한 LTS의 두 노드간의 시간 동기 기법과 유선 네트워크에서 사용하는 RBS 기법을 응용한 싱글 홉 기반의 시간 동기화 기법을 이용한다. 동기화 과정은 (그림 2)와 같이 두가지 단계로 나누어진다. 1단계에서는 LTS를 반복직으로 이용하여 누직된 시간 값을 이용하여 시간 보정을 위한 클럭 표류율과 오프셋을 구한다. 그리고 2단계에서는 1단계를 동해 구한 클럭 표류율과 오프셋 값을 이용하여 스스로 동기화를 진행한다. 이때, 비동기 노드의 동기화가 적정 허용범위 내에서 이루어지는지 확인하기 위해서 동기 노드에서 신호를 주기적으로 보내어 확인한다.</p><h2>3.1 [1단계] 비동기 상태</h2><ol type=1 start=1><li>동기 노드 \\( i \\) 는 시간 \\( T_{n} \\) 에 \\( \\operatorname{LTS}_{-} \\operatorname{Req}_{i}\\left(T_{n-1}, T_{n}\\right) \\) 를 송신한다. 이때 \\( T_{n-1}\\)은 이진 \\( L T S_{-} R e q_{i} \\) 메시지의 \\( A c k \\) 신호를 수신한 시간으로 최초 송신에서 \\( T_{n-1} \\) 은 0값을 가진다.</li><li>\\( \\operatorname{LTS}_{-} \\operatorname{Req}_{i}\\) \\( \\left(T_{n}, T_{0}\\right) \\) 를 수신한 비동기 노드 j는 수신 시간 \\( t_{n} \\) 을 측정 한다.</li><li>비동기 노드 j는 \\( \\operatorname{LTS}_{-} \\operatorname{Req}_{i}\\ 에 대한 응답 메시지를 만들어서 송신하기 직전 시간인 \\( t_{n+l} \\) 을 측정하여 \\( \\operatorname{LTS}_{-} A c k_{j}\\left(t_{n}, t_{n+1}\\right) \\) 를 송신한다.</li><li>비동기 노드 j는 \\( t_{n} \\) 과 \\( t_{n+l} \\) 를 자신의 시간 테이블에 저장하고, \\( T_{n} \\) 과 \\( T_{n+l} \\) 을 동기화 노드 시간 테이블에 저장한다.</li><li>최초 진송되는 \\( \\operatorname{LTS}_{-} \\operatorname{Req}_{i}\\) 메시지는 쿨 스타트 효과로 인해 지연 값이 크므로 첫 번째 LTS를 통해 교환되는 시간 값은 저장하지 않고, 두 번째 교환부터 사용되는 시간을 시간 테이블에 저장한다.</li><li>노드 i에서 동기화 메시지 \\( \\operatorname{LTS}_{-} \\operatorname{Req}_{i}\\) 를 보내고 나서 일정 시간 D가 경과하면, 다시 송신 시간을 측정하여 동기화 메시지 \\( L T S_{-} \\operatorname{Req}_{i}\\left(T_{n+1}, T_{n+2}\\right) \\) 를 송신한다.</li><li>(2)번에서 (6)번까지의 과정을 n번 반복하면서 비동기 노드 j는 자신의 시간 테이블과 이웃 노드 시간 테이블에 시간 값을 채운다.</li><li>n 번의 LTS 과정을 통해 테이블에 값을 다 채우면, 동기 노드 i는 2단계로 넘어가고, 비동기 노드 j는 자신의 시간 테이블과 동기화 노드 시간 테이블의 시간을 이용하여 시간 보정 값을 구하고 2단계로 넘어간다.</li></ol><h2>3.2 [2단계] 동기 유지 상태</h2><ol type=1 start=1><li>동기 노드 i는 \\( T_{m} \\) 에 시간 동기 기준 신호의 시작을 알리는 start_signal을 보낸다.</li><li>비동기 노드 j는 start_signal을 \\( t_{m} \\) 에 수신하면 2단계가 정상적으로 시작되었음을 확인한다.</li><li>노드 i에서 signal을 보내고 난 후 D의 시간이 경과하면 \\( T_{m+1} \\) 에 signal을 다시 보낸다. 이때 동기화 signal 안에는 어떤 데이터 값도 들어가지 않는다.</li><li>노드 j는 signal의 수신 시간 \\( t_{m+1} \\) 을 측정 하고 현재 수신한 시간이 동기화를 위한 최대 허용 오차 범위를 만족하는지 확인한다.</li><li>1. 만약 허용 오차 범위를 벗어나는 경우 비동기 노드 j는 LTS_Request 메시지를 만들어 노드 i에게 송신하고 자신을 1단계로 만들고 자신의 상태를 초기화 한다. 동기 노드 i가 LTS_Request 메시지를 수신하면, 동기 노드 j는 자신을 1단계로 만들고 시간 D가 경과 하면, 1단계의 (1)부터 다시 시작한다.</li><li>2. 최대 허용 오차 범위를 만족하면, 시간 동기 참조테이블에 수신한 시간을 기록한다. 만약 시간 동기 참조 테이블에 n개 만큼 수신 시간이 기록 되었다면, 기존의 클럭 표류율을 주기적으로 갱신한다. 이를 통해 더욱 최신의 값으로 정확도를 구한다.</li><li>노드 i와 j가 동기화 유지 상태라면, 지속적으로 (3)\\(\\sim\\)(4)의 과정을 수행하면서 동기화를 유지한다.</li></ol>",
                "context_length": 2519,
                "summary": "CDRS 시간 동기 알고리즘은 기존의 TSPN에서 LTS의 두 노드간의 시간 동기 기법과 RBS 기법을 응용한 싱글 홉 기반의 시간 동기화 기법을 이용한다. 동기화 과정의 비동기 상태에서는 LTS를 반복적으로 이용하여 누적된 시간 값을 이용해 클럭 표류율과 오프셋을 구하고, 동기 유지 상태에서는 클럭 표류율과 오프셋 값을 이용하여 스스로 동기화를 진행한다.",
                "clue": [
                    {
                        "clue_text": "Clock drift rate and reference signals(CDRS) 알고리즘은 기존의 TSPN에서 언급한 LTS의 두 노드간의 시간 동기 기법과 유선 네트워크에서 사용하는 RBS 기법을 응용한 싱글 홉 기반의 시간 동기화 기법을 이용한다.",
                        "clue_start": "30",
                        "clue_end": "170"
                    },
                    {
                        "clue_text": "1단계에서는 LTS를 반복직으로 이용하여 누직된 시간 값을 이용하여 시간 보정을 위한 클럭 표류율과 오프셋을 구한다. 그리고 2단계에서는 1단계를 동해 구한 클럭 표류율과 오프셋 값을 이용하여 스스로 동기화를 진행한다.",
                        "clue_start": "205",
                        "clue_end": "327"
                    },
                    {
                        "clue_text": "그리고 2단계에서는 1단계를 동해 구한 클럭 표류율과 오프셋 값을 이용하여 스스로 동기화를 진행한다.",
                        "clue_start": "271",
                        "clue_end": "327"
                    }
                ],
                "terminology": [
                    {
                        "word": "CDRS"
                    },
                    {
                        "word": "CDRS 시간 동기 알고리즘"
                    },
                    {
                        "word": "Clock"
                    },
                    {
                        "word": "Clock drift"
                    },
                    {
                        "word": "LTS"
                    },
                    {
                        "word": "RBS"
                    },
                    {
                        "word": "RBS 기법"
                    },
                    {
                        "word": "drift"
                    },
                    {
                        "word": "기준 신호"
                    },
                    {
                        "word": "네트워크"
                    },
                    {
                        "word": "노드"
                    },
                    {
                        "word": "동기 노드"
                    },
                    {
                        "word": "동기 유지 상태"
                    },
                    {
                        "word": "동기화"
                    },
                    {
                        "word": "동기화 기법"
                    },
                    {
                        "word": "보정 값"
                    },
                    {
                        "word": "비동기 노드"
                    },
                    {
                        "word": "비동기 상태"
                    },
                    {
                        "word": "송신"
                    },
                    {
                        "word": "시간 동기"
                    },
                    {
                        "word": "시간 동기 알고리즘"
                    },
                    {
                        "word": "시간 동기 참조 테이블"
                    },
                    {
                        "word": "시간 동기 참조테이블"
                    },
                    {
                        "word": "시간 동기화"
                    },
                    {
                        "word": "시간 테이블"
                    },
                    {
                        "word": "싱글 홉"
                    },
                    {
                        "word": "싱글 홉 기반"
                    },
                    {
                        "word": "알고리즘"
                    },
                    {
                        "word": "오프셋"
                    },
                    {
                        "word": "이웃 노드"
                    },
                    {
                        "word": "쿨 스타트 효과"
                    },
                    {
                        "word": "클럭"
                    },
                    {
                        "word": "클럭 표류율"
                    }
                ]
            },
            {
                "context_id": "55e-0c9-e8af5fe0-b328-4fac-aa68-d293df020e95",
                "context_K-NSCC": {
                    "field": "인공물",
                    "large_category": "EE",
                    "medium_category": "11"
                },
                "context": "<h1>2. 관련 연구</h1><p>제한된 에너지와 처리 능력을 가지는 센서 노드의 특성으로 인해 기존의 컴퓨터 네트워크에서 사용하는 시간 동기 기법을 바로 적용하는 것은 비효율적이다. 따라서 기존의 동기 기법을 수정하거나, 새로운 동기 기법들이 제시되고 있다. 관련 연구를 통해 무선 센서 네트워크 환경에서 시간 동기화 과정에서 발생되는 에러 발생 원인과 클럭 표류에 대하여 알아본다. 그리고 주로 사용되고 있는 동기화 프로토콜과 최근 제시되는 기법들에 대해서 언급한다.</p><h2>2.1 시간 동기 정확도를 떨어뜨리는 원인</h2><p>시간 동기에서의 정확또는 시간 동기를 진행하는 과정에서 다양한 비결정적 요소들에 의해 떨어진다. 정확도를 떨어뜨리는 오류의 원인은 다음의 4가지 기본 구성요소로 분류할 수 있다.</p><ul><li>전송시간(Send Time): 응용 프로그램에서 데이터를 전송하기 위해 전송 명령을 수행했을 때, 실제로 전송을 시도하는 과정에서 지연되는 시간으로 커널 프로세싱, 스케줄링, 시스템 콜 등과 같은 현재 시스템 부하에 따라 달라진다.</li><li>접근시간(Access Time): 생성된 메시지가 radio 전송을 하기 위해 진송 채널로 접근하기 위해 기다리는 시간으로 사용되는 MAC기법의 종류에 따라 달라진다.</li><li>전달시간(Propagation Time): radio 신호가 송신 측에서 수신 측에 도착하는데 걸리는 시간으로 두 노드 간의 거리에 따라 달라지며, 센서 네트워크에서 빛의 속도로 전송되기 때문에 전송 시간과 접근 시간에 비해 무시해도 될 정도로 작다.</li><li>수신시간(Receive Time): 수신한 데이터가 어플리케이션에 도달하는데 걸리는 지연 시간이다.</li></ul><h2>2.2 클럭 표류</h2><p>무선 센서 노드는 일반 컴퓨터의 클럭과 마찬가지로 클럭 표류를 가지고 있다. 클럭 표류 또는 클럭 이탈이라고 하는 이 증상은 센서 노드의 수정 발진자가 정해진 주파수로 동작하지 못하고 일정 편차를 갖는것을 말한다. 센서 노드와 같이 저가의 수정 발진자를 가진 경우에는 큰 클럭 표류율을 가지고 있다. 버클리 모트의 경우 최대 \\( 40 \\mathrm{ppm} \\) (평균 \\( 20 \\mathrm{ppm} \\) 의 클럭 표류율을 갖는 것으로 명시한다. \\( 1 \\mathrm{ppm} \\) 은 매 11.6일마다 1초의 오류가 누적되는 것을 의미하고, \\( 20 \\mathrm{ppm} \\) 의 경우 약 14시간 마다 1초씩 오류가 누적됨을 의미한다.</p><p>또한 수정 발진자의 주파수는 시간에 따라 변한다. 단기간의 변화는 환경적인 요인으로써 온도, 습도 그리고 대기압의 변화, 전압의 불안정 등에 기인할 수 있다. 장기간의 변화는 오실레이터 자체의 노화에 기인한다.</p><p>따라서 클럭 표류와 시간에 따른 주파수의 변화로 인해 주기적인 재동기화를 해주지 않는다면, 자연히 동기화 상태는 풀어지게 된다. 실제 무선 센서 네트워크에서 Sensor-MAC을 구현하기 위해서는 \\( \\mathrm{msec} \\) 단위의 정밀한 TDMA 스케줄링이 요구되는데, 클럭 표류로 벌어지는 시간의 틈을 메우기 위해서는 재동기화에 대한 부담이 더욱 가중된다. 따라서, 실제 무선 센서 네트워크에서 정확도를 제고하기 위해서 클럭 표류를 반드시 고려하여 설계해야 한다.</p><h2>2.3 시간 동기화 기법 분류</h2><p>대표적인 무선 센서 네트워크에서의 시간 동기화 기법으로는 Timing-sync Protocol for Sensor Networks(TPSN), RBS가 있다.</p><p>TPSN은 LTS기법을 이용하여 무선 센서 네트워크를 동기화하는 기법이다. LTS 기법은 (그림 1)과 같이 두 노드간에 서로의 송수신 시간 값을 주고 받음으로써 노드간의 오프셋을 측정할 수 있다. TPSN은 두 단계로 나누어서 동기화를 진행한다. 칫 번째 단계에서는 네트워크의 각 노드에 레벨을 할당하여 계층직 토폴로지를 형성한다. 레벨 0에 해당하는 하나의 루트 노드를 중심으로 트리 구조가 형성된다. 두 번째 단계는 하위 레벨의 노드가 상위 레벨의 노드에 시간 동기를 수행한다. 동기화 단계의 마지막 시점에 모든 노드는 루트 노드의 시간에 동기되어 네트워크 전체의 동기가 이루어진다.</p><p>TPSN 기법은 기존 무선 센서 네트워크 시간 동기 기법들에 비해 정확도가 높은 장점을 가진다. 하지만, 한번의 LTS를 통한 동기화 기법은 2개의 메시지를 사용해서 동기화된 노드가 비동기 노드의 오프셋과 전파지연을 구할 수는 있지만, 이 값들을 비동기 노드는 알 수 없다는 문제점이 있다. 따라서 오프셋과 전파지연 값들을 비동기 노드로 송신해 주는 과정이 필요하며 이로인해 총 3개의 메시지가 동기화 과정에 필요하다. 클럭 표류가 큰 무선 센서 노드는 매번 동기화를 해주어야 하므로 다수의 메시지가 필요하다. 그렇지 않으면 비동기 노드는 LTS를 진행한 이후에 클럭 표류에 의하여 임의의 특정 시간에서는 시간 동기의 정확도가 시간에 선형적으로 낮아지는 문제점을 안고 있다. 이 외에 TPSN의 응용 프로토콜로 누적 시간 정보를 이용한 시간 동기화 기법이 있다. LTS를 이용하는 알고리즘은 정확성이 높다는 장점이 있다. 하지만 이동 환경의 무선 센서 네트워크에서 실시간의 변화에 능동적으로 대처를 할 수 없는 단점이 있다.</p><p>RBS는 참조 노드로부터 받은 동기 신호에 맞추어 수신 노드들간에 동기화를 하는 기법으로 송신 시간과 접근 시간 에러를 없애는 방법이다. RBS는 노드가 밀집하여 있을 경우 TPSN 보다 이웃 노드끼리 많은 메시지 교환을 하는 문제가 있다. 또한 참조 노드가 보낸 시그널을 수신하고 난 직후 자신의 송신 시간을 실어서 보내는 사이에서 발생 가능한 시간이 고려 되지 않았기 때문에 TPSN보다 정확도가 떨어진다. 이 외에 RBS의 응용 프로토콜로 Reference Interpolation Protocol (RIP)가 있다. RIP는 RBS가 가진 참조 노드의 비동기화 문제, 전역 시간으로 동기화 되지 않는 문제, 그리고 노드의 밀집노가 높을때 많은 메시지가 생성되는 문제에 대한 해결책을 제시한다. 이 방법은 RBS 대비 \\( 90 \\% \\) 가까운 메시지 발생량의 감소 효과가 있지만, 노드가 밀집된 특정 상황에서 진행된 테스트의 시뮬레이션 결과이며, 정확도에 대한 추가 연구가 필요하다.</p><p>그 밖에 Hybrid Energy-Aware Synchronization Algorithm은 앞에서 언급한 TPSN과 RBS 두 프로토콜이 가지는 특성에 따라 혼용하는 기법이다. 이 알고리즘은 클러스터의 밀집도를 분석하여 TPSN과 RBS를 혼용하여 시간 동기화를 선택적으로 수행한다. 이 기법은 TPSN보다 더 적은 메시지 소모와 더불어 에너지 소모의 표준편차를 줄일 수 있는 장점을 가지고 있다. 하지만, TPSN 기법을 그대로 사용하고 있기 때문에 앞서 언급한 메시지 발생량을 줄이지는 못하고 있다.</p>",
                "context_length": 3427,
                "summary": "제한된 에너지와 처리 능력을 가진 센서 노드에 컴퓨터 네트워크에서 사용되는 기존 시간 동기화 기술을 적용하는 것은 고유한 특성으로 인해 비효율적입니다.온도, 습도, 기압 및 전압 불안정성과 같은 환경 요인으로 인해 센서 판독값이 단기적으로 변동될 수 있습니다. 동기화 단계에서 네트워크의 모든 노드는 시간을 루트 노드와 정렬하여 전체 네트워크에서 동기화를 달성합니다. 비동기식 노드는 LTS(장기 동기화)를 수행한 후 클록 드리프트로 인해 시간이 지남에 따라 시간 동기화 정확도가 감소합니다. RIP(Reference Node-based Incremental Positioning)는 RBS(Real-Time Bus System)의 여러 동기화 문제를 해결합니다. 참조 노드 동기화 문제를 해결하고 글로벌 시간과의 동기화를 보장하며 높은 노드 밀도 시나리오에서 메시지 생성을 줄입니다.",
                "clue": [
                    {
                        "clue_text": "제한된 에너지와 처리 능력을 가지는 센서 노드의 특성으로 인해 기존의 컴퓨터 네트워크에서 사용하는 시간 동기 기법을 바로 적용하는 것은 비효율적이다.",
                        "clue_start": "20",
                        "clue_end": "103"
                    },
                    {
                        "clue_text": "단기간의 변화는 환경적인 요인으로써 온도, 습도 그리고 대기압의 변화, 전압의 불안정 등에 기인할 수 있다.",
                        "clue_start": "1287",
                        "clue_end": "1347"
                    },
                    {
                        "clue_text": "동기화 단계의 마지막 시점에 모든 노드는 루트 노드의 시간에 동기되어 네트워크 전체의 동기가 이루어진다.",
                        "clue_start": "2046",
                        "clue_end": "2104"
                    },
                    {
                        "clue_text": "비동기 노드는 LTS를 진행한 이후에 클럭 표류에 의하여 임의의 특정 시간에서는 시간 동기의 정확도가 시간에 선형적으로 낮아지는 문제점을 안고 있다.",
                        "clue_start": "2405",
                        "clue_end": "2488"
                    },
                    {
                        "clue_text": "RIP는 RBS가 가진 참조 노드의 비동기화 문제, 전역 시간으로 동기화 되지 않는 문제, 그리고 노드의 밀집노가 높을때 많은 메시지가 생성되는 문제에 대한 해결책을 제시한다.",
                        "clue_start": "2928",
                        "clue_end": "3026"
                    }
                ],
                "terminology": [
                    {
                        "word": "Algorithm"
                    },
                    {
                        "word": "Hybrid"
                    },
                    {
                        "word": "Interpolation"
                    },
                    {
                        "word": "LTS"
                    },
                    {
                        "word": "LTS기법"
                    },
                    {
                        "word": "MAC기법"
                    },
                    {
                        "word": "Protocol"
                    },
                    {
                        "word": "RBS"
                    },
                    {
                        "word": "RIP"
                    },
                    {
                        "word": "Sensor"
                    },
                    {
                        "word": "Synchronization"
                    },
                    {
                        "word": "TDMA"
                    },
                    {
                        "word": "TPSN"
                    },
                    {
                        "word": "radio 전송"
                    },
                    {
                        "word": "네트워크"
                    },
                    {
                        "word": "노드"
                    },
                    {
                        "word": "동기 신호"
                    },
                    {
                        "word": "동기화"
                    },
                    {
                        "word": "동기화 기법"
                    },
                    {
                        "word": "루트 노드"
                    },
                    {
                        "word": "모트"
                    },
                    {
                        "word": "무선 센서 네트워크"
                    },
                    {
                        "word": "무선 센서 네트워크 환경"
                    },
                    {
                        "word": "무선 센서 노드"
                    },
                    {
                        "word": "비동기 노드"
                    },
                    {
                        "word": "비동기화"
                    },
                    {
                        "word": "센서"
                    },
                    {
                        "word": "센서 네트워크"
                    },
                    {
                        "word": "센서 네트워크 환경"
                    },
                    {
                        "word": "송수신"
                    },
                    {
                        "word": "송신"
                    },
                    {
                        "word": "수신시간(Receive Time)"
                    },
                    {
                        "word": "수정 발진자"
                    },
                    {
                        "word": "시간 동기"
                    },
                    {
                        "word": "시간 동기화"
                    },
                    {
                        "word": "시뮬레이션"
                    },
                    {
                        "word": "시스템 부하"
                    },
                    {
                        "word": "시스템 콜"
                    },
                    {
                        "word": "알고리즘"
                    },
                    {
                        "word": "어플리케이션"
                    },
                    {
                        "word": "오실레이터"
                    },
                    {
                        "word": "응용 프로그램"
                    },
                    {
                        "word": "재동기화"
                    },
                    {
                        "word": "전달시간(Propagation Time)"
                    },
                    {
                        "word": "전송"
                    },
                    {
                        "word": "전송시간(Send Time):"
                    },
                    {
                        "word": "전파지연"
                    },
                    {
                        "word": "접근시간(Access Time)"
                    },
                    {
                        "word": "주파수"
                    },
                    {
                        "word": "지연 시간"
                    },
                    {
                        "word": "클러스터"
                    },
                    {
                        "word": "클럭"
                    },
                    {
                        "word": "클럭 이탈"
                    },
                    {
                        "word": "클럭 표류"
                    },
                    {
                        "word": "클럭 표류율"
                    },
                    {
                        "word": "토폴로지"
                    },
                    {
                        "word": "트리 구조"
                    },
                    {
                        "word": "표준편차"
                    }
                ]
            },
            {
                "context_id": "55e-0c9-8b4f8946-844e-4690-bdec-c57ce6049a71",
                "context_K-NSCC": {
                    "field": "인공물",
                    "large_category": "EE",
                    "medium_category": "11"
                },
                "context": "<h1>1. 서 론</h1><p>최근 무선 센서 네트워크에 대한 연구가 활발하게 진행되고 있다. 무선 센서 네트워크는 컴퓨터, 통신, 네트워크, 지능 계산, 센서, 임베디드 시스템, 마이크로 진자 등 다양한 분야가 교차, 종합되어 다양한 센서 연결 포인트로 구성된 자체 통제 가능한 네트워크로 물리 세계의 동적 상태를 지능적으로 협동 감지 할 수 있는 시스템이다. 연구 분야로는 저가격의 저전력 무선 기술, 저전력을 고려한 데이터 기반 라우팅 프로토콜, 센싱 데이터의 가공, 보안, 시간 동기기법 연구 등이 있다.</p><p>무선 센서 네트워크에서 시간 동기화 기술은 매우 중요하다. 시간 동기가 이루어진 무선 센서 노드의 타임 스탬프를 이용하면 시간 흐름에 따른 노드의 위치 추적과 암호화 기술, 중복 이벤트 메시지의 발생을 감지할 수 있다. 뿐만 아니라 Time division multiple access(TDMA) 스케줄링을 통하여 노드를 사용하지 않는 시간 동안에는 특정 모듈에 공급되는 전원을 차단함으로써 노드의 소비 전력을 줄일 수 있다. 특히 무선 센서 노드와 같이 저가의 수정 발진자를 사용하는 경우에는 클럭 표류가 크게 발생하기 때문에 주기적인 시간 동기화 과정이 필요하다.</p><p>시간 동기 알고리즘 중에서 Lightweight time synchronization(LTS)는 주기직으로 매번 타임스탬프 메시지를 주고 받는다. 이것은 시간 동기의 정확도는 향상 시킬 수 있지만, 전체 네트워크의 수명을 단축시키는 결과를 초래한다. Reference broadcast synchronization(RBS)는 참조 노드를 중심으로 서로간의 시간을 동기화 시킬 수 있지만, 역시 주기적으로 서로의 시간 값을 주고 받아야 한다. 이 외에도 주고 받은 적직 시간을 이용하여 더 정확한 시간 동기를 구현하는 방법도 있으나, 여전히 주기적으로 데이터를 주고 받아야 한다는 문제가 있다. 즉, 시간 동기 과정에서 발생되는 시간 동기화 메시지 발생량을 줄임으로써 센서 노드들이 소모하는 전력을 줄이기 위한 노력이 필요하다. 이를 위해서 시간 동기 과정에서의 메시지 발생량과 메시지가 가지는 데이터의 크기를 줄이는 방법을 연구해야 한다.</p><p>본 논문에서는 이동 환경의 무선 센서 네트워크에서 정확성을 고려하고 저진력으로 운용하는 시간 동기 알고리즘을 제안한다. 일반적으로 센서 노드는 각각의 노드마다 가지고 있는 고유의 클럭 표류로 인해 지속적인 동기화 과정이 필요하다. 따라서 각 센서 노드가 가지는 고유의 물리 시간을 보정하기 위해서 로컬 시간을 사용한다. 그리고, 클럭 표류로 인해 발생하는 시간 차이를 역이용하여, 노드 스스로가 주기적으로 클럭 표류율을 이용하여 동기화를 지속적으로 유지할 수 있도록 한다. 그래서 이 과정이 정확한지 확인하기 위해 최소 크기의 데이터를 가지는 신호를 사용하여 동기 정확도를 지속적으로 확인할 수 있는 시간 동기 프로토콜을 제안한다.</p><p>본 논문의 구성은 다음과 같다. 2장에서는 시간 동기 연구의 동기와 관련 연구에 대해 논한다. 3장에서는 제안하는 클럭 표류율과 기준 신호를 이용한 두 센서 노드 간의 시간 동기 알고리즘을 적용하는 기법에 대해 기술한다. 4장에서 제안한 기법을 시뮬레이션을 통해 성능을 분석하고, 5장에서는 결론과 더불어 향후 연구 방향을 제시한다.</p>",
                "context_length": 1644,
                "summary": "최근 연구가 활발히 진행되고 있는 무선 센서 네트워크에서 시간 동기화 기술은 매우 중요하다. LTS나 RBS 등 여러 시간 동기 알고리즘은 더 정확한 시간 동기를 구현하기도 하지만, 주기적으로 데이터를 주고 받아야 하는 문제가 있다. 시간 동기 과정에서의 메세지 발생량과 데이터의 크기를 줄이는 방법으로 전력을 줄이기 위한 노력이 요구되므로, 이동 환경의 무선 센서 네트워크에서 정확성을 고려하고 저전력으로 운용하는 시간 동기 알고리즘을 제안한다.",
                "clue": [
                    {
                        "clue_text": "무선 센서 네트워크에서 시간 동기화 기술은 매우 중요하다.",
                        "clue_start": "294",
                        "clue_end": "326"
                    },
                    {
                        "clue_text": "시간 동기 알고리즘 중에서 Lightweight time synchronization(LTS)는 주기직으로 매번 타임스탬프 메시지를 주고 받는다.",
                        "clue_start": "618",
                        "clue_end": "699"
                    },
                    {
                        "clue_text": "Reference broadcast synchronization(RBS)는 참조 노드를 중심으로 서로간의 시간을 동기화 시킬 수 있지만, 역시 주기적으로 서로의 시간 값을 주고 받아야 한다.",
                        "clue_start": "758",
                        "clue_end": "864"
                    },
                    {
                        "clue_text": "시간 동기 과정에서 발생되는 시간 동기화 메시지 발생량을 줄임으로써 센서 노드들이 소모하는 전력을 줄이기 위한 노력이 필요하다.",
                        "clue_start": "953",
                        "clue_end": "1024"
                    },
                    {
                        "clue_text": "이동 환경의 무선 센서 네트워크에서 정확성을 고려하고 저진력으로 운용하는 시간 동기 알고리즘을 제안한다.",
                        "clue_start": "1102",
                        "clue_end": "1160"
                    }
                ],
                "terminology": [
                    {
                        "word": "Lightweight"
                    },
                    {
                        "word": "Time division multiple access"
                    },
                    {
                        "word": "broadcast"
                    },
                    {
                        "word": "synchronization"
                    },
                    {
                        "word": "교차"
                    },
                    {
                        "word": "기준 신호"
                    },
                    {
                        "word": "네트워크"
                    },
                    {
                        "word": "노드"
                    },
                    {
                        "word": "데이터 기반 라우팅 프로토콜"
                    },
                    {
                        "word": "동기 과정"
                    },
                    {
                        "word": "동기화"
                    },
                    {
                        "word": "동적 상태"
                    },
                    {
                        "word": "라우팅 프로토콜"
                    },
                    {
                        "word": "마이크로 진자"
                    },
                    {
                        "word": "모듈"
                    },
                    {
                        "word": "무선 센서 네트워크"
                    },
                    {
                        "word": "무선 센서 노드"
                    },
                    {
                        "word": "센서"
                    },
                    {
                        "word": "센서 네트워크"
                    },
                    {
                        "word": "센서 연결 포인트"
                    },
                    {
                        "word": "센싱 데이터"
                    },
                    {
                        "word": "수정 발진자"
                    },
                    {
                        "word": "시간 동기"
                    },
                    {
                        "word": "시간 동기 알고리즘"
                    },
                    {
                        "word": "시간 동기 프로토콜"
                    },
                    {
                        "word": "시간 동기기법"
                    },
                    {
                        "word": "시간 동기화"
                    },
                    {
                        "word": "시뮬레이션"
                    },
                    {
                        "word": "알고리즘"
                    },
                    {
                        "word": "암호화"
                    },
                    {
                        "word": "이벤트 메시지"
                    },
                    {
                        "word": "임베디드 시스템"
                    },
                    {
                        "word": "적직 시간"
                    },
                    {
                        "word": "클럭"
                    },
                    {
                        "word": "클럭 표류"
                    },
                    {
                        "word": "클럭 표류율"
                    },
                    {
                        "word": "타임스탬프"
                    }
                ]
            },
            {
                "context_id": "55e-0c9-merge_2_114998e3-5196b7af-2495-4eb9-9317-cb0b8609b312_04",
                "context_K-NSCC": {
                    "field": "인공물",
                    "large_category": "EE",
                    "medium_category": "11"
                },
                "context": "<h1>5. 결론 및 향후 과제</h1> <p>무선 센서 네트워크에서의 시간은 프로토콜이나 여러 응용 기법에 매우 중요한 역할을 수행한다. 특히 시간 동기 기술은 동기 기반 통신 프로토콜 개발뿐만 아니라, 암호화 기술에서의 타임 스탬프, 타 노포들로부터의 같은 이벤트 중복 감지 인식, 기록된 이벤트의 발생 순서 구분 등 다양한 응용을 위해 필수적이다. 또한 메시지 충돌을 감소시키고 전력 소모를 줄이기 위하여 TDMA 스케줄링을 수행하기 위해서는 정확한 시간 동기화 기술이 요구된다.</p> <p>본 논문에서는 센서 노드가 가지는 클럭 표류 증상에 의해 만들어지는 시간 차이를 노드 스스로 보정 가능한 신뢰성 있는 시간 동기 알고리즘을 제안하였다. 두 개의 노드를 이용하여 LTS 기법을 반복 사용함으로써 시간 보정 값을 구하고, 환경 변화나 지속적인 동기화 상태 확인을 위해 어떤 데이터도 싣지 않은 기준 신호를 이용하여 주기적으로 동기화를 검증하였다. 이 방법을 통해 기존 LTS 대비 메시지 발생량을 반으로 감소시킬 수 있었고, 시간 동기화 과정에서 발생하는 에너지 소비는 2.5배 감소하는 것을 알 수 있었다. 1단계 동기화 이후에는 주기적으로 신호를 받음으로써, 추후 토폴로지의 변화에도 대응하면서 LTS 대비 항상 시간 정확도를 높게 유지할 수 있었다.</p> <p>향후에는 이 알고리즘을 이용하여 멀티 홉에서포 동작 가능한 시간 동기 프로토콜을 연구할 예정이다. 또한 이를 바탕으로 실제 무선센서 네트워크 환경에서 TDMA 스케줄링을 활용하는 라우팅 프로토콜을 구현할 예정이다.</p> <h1>요 약</h1> <p>무선 센서 네트위크에서의 시간 동기 알고리즘은 위치 추적, 데이터 암호화, 중복 이벤트 감지 인식, 정밀한 TDMA 스케줄링 등의 다양한 응용을 위해서 필수적이다. 본 논문에서는 두 노드 사이에서 시간 보정을 위한 클럭 표류율과 기준 신호를 이용한 시간 동기 알고리즘인 CDRS을 제안한다. CDRS는 시간 동기를 위해 두 단계로 구성된다. 첫 번째 단계에서는 LTS를 이용하여 시간 보정 값인 노드간의 시간 차이와 클럭 표류율을 구한다. 이 단계가 끝나면 두 노드는 시간이 맞추어진 상태가 되고 클럭 표류율로 시간 차이를 보징할 수 있게 된다. 두 번째 단계에서는 동기 노드는 주기적으로 기준 신호를 선송한다. 비동기 노드는 수신된 신호를 사용하여 두 노드간 시간 차이를 측징하고, 시간 차이가 최대 허용 오차 범위를 초과하면 다시 첫 번째 단계를 수행한다.</p> <p>시뮬레이션을 통한 성능 분석 걸과, CDRS는 LTS 대비 시간 정확도가 향상된다. 또한 메시지 발생량이 LTS 대비 \\( 50 \\% \\) 감소하고, 기준 신호는 타임스탬프를 사용하지 않기 때문에 CDRS는 LTS에 비하여 시간 동기에 사용되는 에너지가 2.5배 정도 적게 사용된다.</p>",
                "context_length": 1395,
                "summary": "무선 센서 네트워크의 시간 동기화 문제를 해결하기 위해 클럭 표류율과 기준 신호를 이용한 CDRS 알고리즘이 제안되었다. 이 방법은 메시지 발생량을 기존의 LTS 방식에 비해 절반으로 줄이고, 시간 동기화에 필요한 에너지도 2.5배 감소시킨다. 또한, 시간 정확도 역시 CDRS가 LTS에 비해 우수하다는 것이 시뮬레이션을 통해 확인되었다.",
                "clue": [
                    {
                        "clue_text": "무선 센서 네트워크에서의 시간은 프로토콜이나 여러 응용 기법에 매우 중요한 역할을 수행한다.",
                        "clue_start": "26",
                        "clue_end": "77"
                    },
                    {
                        "clue_text": "본 논문에서는 두 노드 사이에서 시간 보정을 위한 클럭 표류율과 기준 신호를 이용한 시간 동기 알고리즘인 CDRS을 제안한다. CDRS는 시간 동기를 위해 두 단계로 구성된다.",
                        "clue_start": "892",
                        "clue_end": "990"
                    },
                    {
                        "clue_text": "이 방법을 통해 기존 LTS 대비 메시지 발생량을 반으로 감소시킬 수 있었고, 시간 동기화 과정에서 발생하는 에너지 소비는 2.5배 감소하는 것을 알 수 있었다.",
                        "clue_start": "480",
                        "clue_end": "570"
                    },
                    {
                        "clue_text": "시뮬레이션을 통한 성능 분석 걸과, CDRS는 LTS 대비 시간 정확도가 향상된다. 또한 메시지 발생량이 LTS 대비 \\( 50 \\% \\) 감소하고, 기준 신호는 타임스탬프를 사용하지 않기 때문에 CDRS는 LTS에 비하여 시간 동기에 사용되는 에너지가 2.5배 정도 적게 사용된다.",
                        "clue_start": "1233",
                        "clue_end": "1391"
                    }
                ],
                "terminology": [
                    {
                        "word": "CDRS"
                    },
                    {
                        "word": "LTS"
                    },
                    {
                        "word": "TDMA"
                    },
                    {
                        "word": "기준 신호"
                    },
                    {
                        "word": "네트워크"
                    },
                    {
                        "word": "노드"
                    },
                    {
                        "word": "데이터 암호화"
                    },
                    {
                        "word": "동기 노드"
                    },
                    {
                        "word": "동기화"
                    },
                    {
                        "word": "라우팅 프로토콜"
                    },
                    {
                        "word": "무선센서"
                    },
                    {
                        "word": "무선센서 네트워크"
                    },
                    {
                        "word": "보정 값"
                    },
                    {
                        "word": "비동기 노드"
                    },
                    {
                        "word": "선송"
                    },
                    {
                        "word": "센서"
                    },
                    {
                        "word": "센서 네트워크"
                    },
                    {
                        "word": "센서 네트위크"
                    },
                    {
                        "word": "시간 동기"
                    },
                    {
                        "word": "시간 동기 알고리즘"
                    },
                    {
                        "word": "시간 동기 프로토콜"
                    },
                    {
                        "word": "시간 동기화"
                    },
                    {
                        "word": "시뮬레이션"
                    },
                    {
                        "word": "신뢰성"
                    },
                    {
                        "word": "알고리즘"
                    },
                    {
                        "word": "암호화"
                    },
                    {
                        "word": "전력 소모"
                    },
                    {
                        "word": "클럭"
                    },
                    {
                        "word": "클럭 표류"
                    },
                    {
                        "word": "클럭 표류율"
                    },
                    {
                        "word": "타임 스탬프"
                    },
                    {
                        "word": "타임스탬프"
                    },
                    {
                        "word": "토폴로지"
                    },
                    {
                        "word": "통신 프로토콜"
                    }
                ]
            }
        ]
    }
}