{
    "dataset_info": {
        "identifier": "02-031-002-NL",
        "name": "기술과학 문서 요약 데이터",
        "category": "자연어",
        "last_updated": "2023-08-30"
    },
    "dataset": {
        "doc_id": "114998e3-7ff03c7a-fcda-4d99-9df1-57976dbaf984",
        "doc_type": "논문",
        "doc_title": {
            "kor": "Zigbee 환경에서 Sink와의 거리를 고려한 효율적인 클러스터 헤더 선출기법",
            "eng": ""
        },
        "doc_category": {
            "KDC": "413.05",
            "DDC": ""
        },
        "doc_number": {
            "ISSN": "2287-5891",
            "ISBN": "",
            "DOI": "",
            "UCI": ""
        },
        "doc_year": "2010",
        "doc_author": [
            "박종일",
            "이경화",
            "이주현",
            "신용태"
        ],
        "doc_publisher": "한국정보처리학회",
        "doc_license": "CC BY-NC",
        "context_info": [
            {
                "context_id": "55e-0c9-merge_ee_114998e3-7ff03c7a-fcda-4d99-9df1-57976dbaf984_01",
                "context_K-NSCC": {
                    "field": "인공물",
                    "large_category": "EE",
                    "medium_category": "99"
                },
                "context": "<p>\\( P \\) 는 전체 노드들 중에서 선출되는 클러스터 헤더의 비율, \\( r \\) 은 현재 라운드, \\( G \\) 는 \\( 1 / p \\) 라운드 동안 헤더로 선출되지 않은 노드들의 집합이다. LEACH는 클러스터 형태에 대한 고려 없이 노드 간의 확률적인 방법에 의하여 노드들이 \\( 1 / p \\) 라운드 동안 공평하게 클러스터 헤더로 선출됨을 보장한다. 그러나 확률적인 방법에 의한 클러스터 헤더의 선정은 에너지를 효율적으로 사용할 수 없다는 한계가 있다.</p> <p>이러한 LEACH의 문제를 해결하기 위해 LEACH-C (LEACH-Centralized)가 제안되었다. LEACH-C는 클러스터 헤더의 결정권을 Sink에게 넘김으로써 헤더 결정에 따른 에너지 소모를 줄인다. Sink는 헤더 결정을 위해 각 노드들의 위치와 에너지 정보를 확인하여 클러스터 헤더를 결정한다. 그러나 LEACH-C 는 위치와 에너지 정보 확인을 위한 부가적인 오버헤드가 발생하고 라운드마다 BS와 통신을 하기 위한 에너지 손실률이 매우 크다.</p> <p>HEED 프로토콜은 노드 자신의 잔여 에너지가 많으면 헤더로 선출될 확률이 높아지는 방식이다. 임의의 노드가 클러스터 헤더로 선출될 확률 값은 다음과 같다.</p> <p>\\( C H_ {\\text { prob } } =C_ {\\text { prob } } \\times \\frac { E_ {\\text { residual } } } { E_ { M A X } } \\)<caption>(2)</caption></p> <p>\\( C_ { p r o b } \\) 는 전체 3드의 클러스터 헤더 비율, \\( E_ { M A X ^ {\\text { 는 } } } \\) 최대 에너지양, \\( E_ {\\text { residual } } \\) 는 임의 노드의 잔여 에너지양이다. \\( \\mathrm { HEED } \\) 는 노드 자신의 잔여 에너지가 많으면 헤더로 선출될 확률이 높아진다. 그러나 클러스터 헤더가 네트워크에 고루 분포되지 않을 경우 헤더에서 거리가 먼 노드는 효율이 떨어지게 되는 한계를 지닌다.</p> <p>센서 네트워크에서 에너지 소모는 대부분 데이터의 전송에서 이루어지며, 데이터 전송은 거리에 많은 영향을 받게 된다. 즉 클러스터 내에서의 통신보다 Sink와의 통신에 소모되는 에너지양이 원등하게 많다. 이것은 헤더가 클러스터 내의 모든 데이터를 Aggregation함과 동시에 원거리의 Sink로 데이터를 전송해야 하기 때문이다. 따라서 헤더를 선출할 때는 Sink와의 거리를 우선적으로 고려하는 것이 에너지 효율성을 높일 수 있다. 본 논문에서는 Sink 와의 거리와 클러스터 내 센서 노드의 분포를 고려하여 헤더를 선출하는 기법을 제안한다.</p>",
                "context_length": 1352,
                "summary": "LEACH는 클러스터 형태에 대한 고려 없이 노드 간의 확률적인 방법에 의하여 노드들이 \\( 1 / p \\) 라운드 동안 공평하게 클러스터 헤더로 선출됨을 보장하지만, 에너지를 효율적으로 사용할 수 없다는 한계가 있다. LEACH-C는 Sink에게 혜더 결정권을 넘김으로써 에너지 소모를 줄이지만, 위치와 에너지 정보 확인을 위한 오버헤드가 발생하고 라운드마다 BS와 통신을 하기 위한 에너지 손실률이 높다. HEED 프로토콜은 노드 자신의 잔여 에너지가 많으면 헤더로 선출될 확률이 높아지는 방식이나, 클러스터 혜더가 고루 분포되지 않을 경우 헤더에서 거리가 먼 노드는 효율이 떨어지게 되는 한계가 있다.",
                "clue": [
                    {
                        "clue_text": "LEACH는 클러스터 형태에 대한 고려 없이 노드 간의 확률적인 방법에 의하여 노드들이 \\( 1 / p \\) 라운드 동안 공평하게 클러스터 헤더로 선출됨을 보장한다.",
                        "clue_start": "112",
                        "clue_end": "204"
                    },
                    {
                        "clue_text": "LEACH-C는 클러스터 헤더의 결정권을 Sink에게 넘김으로써 헤더 결정에 따른 에너지 소모를 줄인다.",
                        "clue_start": "329",
                        "clue_end": "387"
                    },
                    {
                        "clue_text": "그러나 LEACH-C 는 위치와 에너지 정보 확인을 위한 부가적인 오버헤드가 발생하고 라운드마다 BS와 통신을 하기 위한 에너지 손실률이 매우 크다.",
                        "clue_start": "443",
                        "clue_end": "526"
                    },
                    {
                        "clue_text": "HEED 프로토콜은 노드 자신의 잔여 에너지가 많으면 헤더로 선출될 확률이 높아지는 방식이다.",
                        "clue_start": "534",
                        "clue_end": "586"
                    },
                    {
                        "clue_text": "그러나 클러스터 헤더가 네트워크에 고루 분포되지 않을 경우 헤더에서 거리가 먼 노드는 효율이 떨어지게 되는 한계를 지닌다.",
                        "clue_start": "968",
                        "clue_end": "1036"
                    }
                ],
                "terminology": [
                    {
                        "word": "Aggregation"
                    },
                    {
                        "word": "HEED"
                    },
                    {
                        "word": "HEED 프로토콜"
                    },
                    {
                        "word": "LEACH"
                    },
                    {
                        "word": "LEACH-C"
                    },
                    {
                        "word": "LEACH-C (LEACH-Centralized)"
                    },
                    {
                        "word": "Sink"
                    },
                    {
                        "word": "residual"
                    },
                    {
                        "word": "네트워크"
                    },
                    {
                        "word": "노드"
                    },
                    {
                        "word": "센서"
                    },
                    {
                        "word": "센서 네트워크"
                    },
                    {
                        "word": "손실률"
                    },
                    {
                        "word": "에너지 효율성"
                    },
                    {
                        "word": "오버헤드"
                    },
                    {
                        "word": "전송"
                    },
                    {
                        "word": "클러스터"
                    },
                    {
                        "word": "클러스터 헤더의 결정권"
                    },
                    {
                        "word": "헤더"
                    }
                ]
            },
            {
                "context_id": "55e-0c9-merge_ee_114998e3-7ff03c7a-fcda-4d99-9df1-57976dbaf984_02",
                "context_K-NSCC": {
                    "field": "인공물",
                    "large_category": "EE",
                    "medium_category": "99"
                },
                "context": "<h1>3. 제안하는 헤더 선출기법</h1> <p>본 논문에서는 클러스터 영역에 분포된 센서 노드의 Sink와의 거리를 고려하여 헤더를 선출하는 기법을 제안한다. 각 센서 노드들은 Sink와의 거리를 파악하기 위하여 자신의 위치정보를 가지고 있다. 센싱 영역이 설정되면 Sink는 영역 전반에 걸처 자신의 위치정보를 Broadcast한다. 각 센서 노드는 Sink의 위치정보와 자신의 위치정보를 계산하여 Sink 와 거리 및 Sink 와의 상대적인 위치정보를 저장한다. 최초의 클러스터 헤더는 LEACH의 기법을 활용하여 선출한다. 이때, 클러스터 헤더는 노드의 거리 밀도를 파악하기 위해 필요한 위치 정보와 Sink와의 거리 값을 각 센서 노드들로부터 제공받아 이후 클러스터 헤더의 이수를 위해 활용한다. 제안하는 기법의 전체적인 메커니즘은 다음과 같다.</p> <p>첫째, 클러스터 헤더는 Sink와의 거리 값을 기반으로 센서 노드들을 논리적으로 Grouping 한다. 둘째, 각 Group의 멤버 노드 수를 비교하여 가장 큰 Group을 선정한다. 셋째, 선정된 Group에서 이전 헤더와 가장 인접한 센서 노드를 다음 클러스터 헤더로 선출한다. 기존의 헤더는 클러스터 헤더 변경 시 각 멤버 노드의 위치정보를 인계하여 헤더 선출시 발생하는 추가적인 오버헤드를 방지한다. 제안하는 클러스터 헤더 선출기법은 Sink와의 거리 값과 헤더 위치정보를 통해 클러스터를 분할하는 Group Division Phase, 분할된 Group의 멤버 수를 비교하여 느드 수가 가장 큰 Group을 선정하는 Group Selection Phase, 선정된 Group의 멤버 노드 중 헤더와 가장 가까운 노드를 선출하는 Node Comparison Phase로 분류한다.</p> <p>Group Division Phase는 크게 두 단계로 나뉘어 진행된다. 첫 번째는 Sink와 각 센서 느드 간의 거리 값을 통해 클러스터를 Group으로 분할하는 단계이다. Sink와 헤더의 거리 값은 기준 값이 되어 혜더보다 큰 거리 값을 갖는 Group과 헤더보다 작은 거리 값을 갓는 느드 집합으로 분할한다. 각각의 느드들의 위치정보는 위도와 경도를 나타내는 상수를 이용한다. 센서의 위치정보는 GPS나 삼각측량 등의 기법을 활용하여 구할 수 있다.</p> <p>\\( N o d e_ { i d } = \\operatorname { Node } \\left (N_ {\\text { latitude } } , N_ {\\text { longitude } } , D_ {\\operatorname { Sink } } \\right ) \\)<caption>(3)</caption></p> <p>식 (3)에서 \\( N_ {\\text { latitude } } \\) 는 위도를, \\( N_ {\\text { longitude 는 } } \\) 경도, \\( D_ {\\operatorname { Sink } } \\) 는 \\( \\operatorname { Sink } \\) 까지의 거리를 나타내는 값으로, 이 \\( N o d e_ { i d } \\) 는 각 센서 ㄴㄷ드들의 고유 ID로 사용한다. 클러스터 혜더는 각 센서 3.드들로부터 식 (3)과 같은 상수 값을 전달 받아 Group 분할에 사용한다. 클러스터의 1 차 분할은 클러스터 혜더의 ID에 포함된 \\( D_ {\\operatorname { Sink } } \\) 를 기준 값 \\( \\left (D_ { C H } \\right ) \\) 으로 사용함으 로서 클러스터를 두 개의 집합으로 만드는 것이며, 그 식은 다음과 같다.</p>",
                "context_length": 1756,
                "summary": "본 논문에서는 헤더의 선출 기법을 제안함에 있어 클러스터 영역에 분포된 센서 노드의 Sink와의 거리를 고려하였다. LEACH의 기법을 활용하여 최초의 클러스터 헤더를 선출하고, 그 이후 각 Group의 멤버 노드 수를 비교하여 가장 큰 Group을 선정하고, 그 Group의 멤버 노드 중 헤더와 가장 가까운 노드를 다음 클러스터 헤더로 선출하는 기법을 제안한다. 각 센서 노드는 GPS나 삼각측량 등의 기법을 통해 자신의 위치정보를 가지고 있다.",
                "clue": [
                    {
                        "clue_text": "본 논문에서는 클러스터 영역에 분포된 센서 노드의 Sink와의 거리를 고려하여 헤더를 선출하는 기법을 제안한다.",
                        "clue_start": "28",
                        "clue_end": "90"
                    },
                    {
                        "clue_text": "최초의 클러스터 헤더는 LEACH의 기법을 활용하여 선출한다.",
                        "clue_start": "263",
                        "clue_end": "297"
                    },
                    {
                        "clue_text": "둘째, 각 Group의 멤버 노드 수를 비교하여 가장 큰 Group을 선정한다.",
                        "clue_start": "489",
                        "clue_end": "533"
                    },
                    {
                        "clue_text": "셋째, 선정된 Group에서 이전 헤더와 가장 인접한 센서 노드를 다음 클러스터 헤더로 선출한다.",
                        "clue_start": "534",
                        "clue_end": "588"
                    },
                    {
                        "clue_text": "센서의 위치정보는 GPS나 삼각측량 등의 기법을 활용하여 구할 수 있다.",
                        "clue_start": "1094",
                        "clue_end": "1134"
                    }
                ],
                "terminology": [
                    {
                        "word": "Broadcast"
                    },
                    {
                        "word": "Group Division Phase"
                    },
                    {
                        "word": "Group Selection Phase"
                    },
                    {
                        "word": "Grouping"
                    },
                    {
                        "word": "LEACH"
                    },
                    {
                        "word": "Node"
                    },
                    {
                        "word": "Selection"
                    },
                    {
                        "word": "Sink"
                    },
                    {
                        "word": "latitude"
                    },
                    {
                        "word": "longitude"
                    },
                    {
                        "word": "노드"
                    },
                    {
                        "word": "메커니즘"
                    },
                    {
                        "word": "멤버 노드"
                    },
                    {
                        "word": "밀도"
                    },
                    {
                        "word": "삼각측량"
                    },
                    {
                        "word": "센서"
                    },
                    {
                        "word": "오버헤드"
                    },
                    {
                        "word": "클러스터"
                    },
                    {
                        "word": "클러스터 영역"
                    },
                    {
                        "word": "헤더"
                    }
                ]
            },
            {
                "context_id": "55e-0c9-merge_ee_114998e3-7ff03c7a-fcda-4d99-9df1-57976dbaf984_00",
                "context_K-NSCC": {
                    "field": "인공물",
                    "large_category": "EE",
                    "medium_category": "99"
                },
                "context": "<h1>요 약</h1> <p>계층적인 센서네트위크에서는 클러스터 헤더의 선출이 네트위크의 수명에 중요한 영향을 미치기 때문에 효율적인 클러스터 헤더 선출이 중요하다. 따라서 최근 연구에서는 진체 네트워크의 수명을 늘리기 위해 효율적인 클러스터 헤더 선출 기법에 대해 다양한 연구 활동이 진행되고 있다.</p> <p>본 논문에서는 Sink와의 거리를 고려하어 츨러스터를 Group으로 분할하고 노드 밀도에 의해서 흘러스터 혜더를 선출하는 방식을 제안한다. 또한 제안하 는 기법의 성능을 평가하여 Zigbee 환경에서 네트위크 수명이 향상됨을 보이고자 한다.</p> <h1>1. 서 론</h1> <p>Zigbee 환경에서는 에너지를 효율적으로 활용하기 위해 계층적 라우팅 방법인 클러스터링을 활용한다. 각 센서 노드들은 클러스터 혜더에게 자신의 센싱 데이터를 전송하고 헤더는 이를 수집하여 Sink 노드에게 전달함으로써 모든 노드가 Sink로 데이터를 전송하는 부담을 줄여 전체 네트워크의 에너지 효율을 극대화한다.</p> <p>최근 클러스터링을 활용한 전송 프로토콜이 많이 연구되었으며, 그 중 대표적인 프로토콜은 LEACH(Low Energy Adaptive Clustering Hierarchy)와 HEED(Hybrid EnergyEfficient App-roach)이다. LEACH는 확률직인 방법에 의해 일정 시간 동안 헤더를 변경하는 방식이며, HEED는 각 노드의 잔여 에너지양에 따라 클러스터 헤더를 선출하는 방식 이다. 그러나 LEACH의 경우 헤더가 확률에 의해 선출되기 때문에 혜더가 잘못 선출되면 전체 네트워크의 에너지 효율이 떨어지게 되며, HEED의 경우 혜더의 선출 수를 보장하 지 않아 에너지가 비슷한 대부분의 노드가 헤더가 될 수 있 다는 단점을 갖는다.</p> <p>본 논문에서는 Zigbee 환경에서 위와 같은 단점을 극복하고 에너지 효율성을 높이기 위해 Sink와 거리와 클러스터 내의 밀도를 고려하여 클러스터 혜더를 선출하는 기법을 제안하고자 한다.</p> <p>본 논문의 2장에서는 관련연구로써 기존에 제안된 클러스터 헤더 선출 기법을 살펴본다. 3장에서는 제안하는 헤더 선출 기법의 알고리즘을 제시하고, 4 장에서는 제안하는 기법의 성능평가를 수행한다. 5장에서는 끝으로 결론 및 향후 연구 방향을 제시한다.</p> <h1>2. 관련 연구</h1> <p>LEACH 프로토콜은 노드 간의 에너지 소모를 균등하게 하기 위해 확률을 기반으로 하여 혜더를 선출하는 방법이다. LEACH에서는 클러스터가 재구성되고 이를 기반으로한 통신이 이뤄지기까지를 라운드로 정의한다. 적절한 헤더를 선출하기 위한 임계값은 다음과 같이 결정된다.</p> <p>\\( T(n) = \\left \\{\\begin {array} { ll } \\frac { p } { 1-P \\left (r \\bmod \\frac { 1 } { p } \\right ) } & \\text { if } n \\in G \\\\ 0 & \\text { otherwise } \\end {array} \\right . \\)<caption>(1)</caption></p>",
                "context_length": 1531,
                "summary": "계층적 센서 네트워크에서 네트워크 수명을 연장하기 위한 중요한 요소로 클러스터 헤더의 효율적인 선출이 강조된다. LEACH는 헤더를 확률적으로 선출하므로 잘못된 선출로 인한 에너지 효율 저하가 발생할 수 있고, HEED는 헤더 선출 수를 보장하지 않아 문제가 발생할 수 있다. 본 연구에서는 Zigbee 환경에서 에너지 효율성을 높이기 위해 Sink와의 거리 및 클러스터 내 밀도를 고려한 클러스터 헤더 선출 기법을 제안한다.",
                "clue": [
                    {
                        "clue_text": "계층적인 센서네트위크에서는 클러스터 헤더의 선출이 네트위크의 수명에 중요한 영향을 미치기 때문에 효율적인 클러스터 헤더 선출이 중요하다.",
                        "clue_start": "16",
                        "clue_end": "92"
                    },
                    {
                        "clue_text": "따라서 최근 연구에서는 진체 네트워크의 수명을 늘리기 위해 효율적인 클러스터 헤더 선출 기법에 대해 다양한 연구 활동이 진행되고 있다.",
                        "clue_start": "93",
                        "clue_end": "168"
                    },
                    {
                        "clue_text": "그러나 LEACH의 경우 헤더가 확률에 의해 선출되기 때문에 혜더가 잘못 선출되면 전체 네트워크의 에너지 효율이 떨어지게 되며, HEED의 경우 혜더의 선출 수를 보장하 지 않아 에너지가 비슷한 대부분의 노드가 헤더가 될 수 있 다는 단점을 갖는다.",
                        "clue_start": "746",
                        "clue_end": "885"
                    },
                    {
                        "clue_text": "본 논문에서는 Zigbee 환경에서 위와 같은 단점을 극복하고 에너지 효율성을 높이기 위해 Sink와 거리와 클러스터 내의 밀도를 고려하여 클러스터 혜더를 선출하는 기법을 제안하고자 한다.",
                        "clue_start": "893",
                        "clue_end": "998"
                    },
                    {
                        "clue_text": "최근 클러스터링을 활용한 전송 프로토콜이 많이 연구되었으며, 그 중 대표적인 프로토콜은 LEACH(Low Energy Adaptive Clustering Hierarchy)와 HEED(Hybrid EnergyEfficient App-roach)이다.",
                        "clue_start": "518",
                        "clue_end": "657"
                    }
                ],
                "terminology": [
                    {
                        "word": "Adaptive"
                    },
                    {
                        "word": "Clustering"
                    },
                    {
                        "word": "HEED"
                    },
                    {
                        "word": "LEACH"
                    },
                    {
                        "word": "LEACH 프로토콜"
                    },
                    {
                        "word": "Sink"
                    },
                    {
                        "word": "Sink 노드"
                    },
                    {
                        "word": "Zigbee"
                    },
                    {
                        "word": "Zigbee 환경"
                    },
                    {
                        "word": "계층적 라우팅"
                    },
                    {
                        "word": "네트워크"
                    },
                    {
                        "word": "노드"
                    },
                    {
                        "word": "밀도"
                    },
                    {
                        "word": "선출 기법"
                    },
                    {
                        "word": "센서"
                    },
                    {
                        "word": "센싱 데이터"
                    },
                    {
                        "word": "알고리즘"
                    },
                    {
                        "word": "에너지 효율"
                    },
                    {
                        "word": "에너지 효율성"
                    },
                    {
                        "word": "임계값"
                    },
                    {
                        "word": "전송"
                    },
                    {
                        "word": "전송 프로토콜"
                    },
                    {
                        "word": "클러스터"
                    },
                    {
                        "word": "클러스터링"
                    },
                    {
                        "word": "프로토콜"
                    },
                    {
                        "word": "헤더"
                    }
                ]
            },
            {
                "context_id": "55e-0c9-merge_ee_114998e3-7ff03c7a-fcda-4d99-9df1-57976dbaf984_07",
                "context_K-NSCC": {
                    "field": "인공물",
                    "large_category": "EE",
                    "medium_category": "99"
                },
                "context": "<p>Algorithm 1에서 \\( d_ {\\operatorname { Sink } } \\) 와 \\( d_ { C H } \\) 는 \\( i \\) 번째 노드와 Sink와의 거리 값과 클러스터 혜더와 Sink와의 거리 값을 각각 저장하는 변수이다. Algorithm 2 에서 \\( s n \\) 과 \\( s f \\) 는 각각 집합 \\( S_ { n } \\) 과 \\( S_ { f } \\) 의 노드 개수를 나타낸다.</p> <p>Node Comparison Phase는 헤더를 선출하는 단계이다. 이 단계에서는 기존 혜더와 Group Selection Phase에서 선정된 Group의 각 센서 노드 간 거리를 비교하여, 헤더와 가장 인접한 노드를 헤더로 선출하게 된다. 기존 헤더와 가장 인접한 노드를 헤더로 선출하는 이유는 다음과 같다.</p> <p>먼저, 기존 클러스터 헤더와 인접한 노드일수록 에너지의 잔량이 가장 많다. 센서 노드의 에너지는 센싱, 데이터 처리, 통신에 대부분을 소모하게 된다. 특히 M. Ding, X. Cheng, G. Xue의 연구에 따르면 센서 노드의 일반적인 에너지 소모량은 (그림 1)과 같이 나타난다.</p> <p>즉, 통신에서 소모되는 에너지가 가장 크게 나타나며, 이에 반해 센싱과 데이터 처리에 사용되는 에너지는 무시할 수 있을 정도로 작다. W. B. Heinzelman의 연구에 따르면 통신에 소모되는 에너지는 전송거리에 가장 큰 영향을 받기 때문에 인접한 노드일수록 소모되는 에너지가 가장 적다. 또 기존 헤더와 인접한 노드의 경우 헤더와의 위치정보 차이가 가장 작기 때문에, 기존 클러스터의 구모와 멤버의 정보를 사용하는데 무리가 없다. 따라서 기존 헤더와 가장 인접한 노드에게 헤더의 권한을 넘김으로써 가장 많은 에너지 잔량을 가진 노드가 헤더로 선출되는 것과 함께, 클러스터의 재구성이 간편해지며, 기존 클러스터 내 멤버노드들과의 관계를 지속적으로 유지함으로써 헤더 이주 시 나타날 수 있는 오버헤드를 감소시킬 수 있다는 이점을 얻게 된다.</p> <h1>4. 성능평가</h1> <h2>4.1 센서 노드의 에너지 소모량 분석</h2> <p>제안하는 기법의 성능평가를 위해 LEACH, HEED 프로토콜과의 에너지 소모량을 비교 분석한다. 각 기법의 에너지 소모량을 비교하기 위해 S. Bandyopadhyay와 E.J. Coyle 의 에너지 소모 모델을 사용한다.</p> <p>\\( E_ { T } (l, d)= \\left \\{\\begin {array} { ll } l E_ {\\text { elec } } + l \\epsilon_ { f s } d ^ { 2 } & \\text { if } d \\leq d_ { 0 } \\\\ l E_ {\\text { elec } } + l \\epsilon_ { m p } d ^ { 4 } & \\text { if } d>d_ { 0 } \\end {array} \\right \\} \\)<caption>(6)</caption></p>",
                "context_length": 1460,
                "summary": "Node Comparison Phase는 헤더를 투표 등의 방법으로 여럿 가운데서 고르는 단계이다. 기존 클러스터 헤더와 인접한 노드를 헤더로 선출하는 이유는 에너지 소모량이 가장 적고, 기존 헤더와 가장 인접한 노드의 경우 헤더와의 위치정보 차이가 가장 작아 구모와 멤버의 정보를 사용하는데 무리가 없다. LEACH, HEED 프로토콜과의 에너지 소모량을 분석해서 제안하는 기법의 성능을 평가한다.",
                "clue": [
                    {
                        "clue_text": "Node Comparison Phase는 헤더를 선출하는 단계이다.",
                        "clue_start": "236",
                        "clue_end": "273"
                    }
                ],
                "terminology": [
                    {
                        "word": "Algorithm"
                    },
                    {
                        "word": "Group Selection Phase"
                    },
                    {
                        "word": "HEED"
                    },
                    {
                        "word": "LEACH"
                    },
                    {
                        "word": "Node"
                    },
                    {
                        "word": "Node Comparison Phase"
                    },
                    {
                        "word": "Selection"
                    },
                    {
                        "word": "Sink"
                    },
                    {
                        "word": "노드"
                    },
                    {
                        "word": "노드 개수"
                    },
                    {
                        "word": "멤버노드"
                    },
                    {
                        "word": "센서"
                    },
                    {
                        "word": "에너지 소모 모델"
                    },
                    {
                        "word": "오버헤드"
                    },
                    {
                        "word": "전송거리"
                    },
                    {
                        "word": "집합"
                    },
                    {
                        "word": "클러스터"
                    },
                    {
                        "word": "프로토콜"
                    },
                    {
                        "word": "헤더"
                    }
                ]
            },
            {
                "context_id": "55e-0c9-merge_ee_114998e3-7ff03c7a-fcda-4d99-9df1-57976dbaf984_08",
                "context_K-NSCC": {
                    "field": "인공물",
                    "large_category": "EE",
                    "medium_category": "99"
                },
                "context": "<p>여기서 \\( l \\) 은 데이터 크기, \\( E_ { e l e c } \\) 은 송신에서의 소모되는 전자 에너지(Electronics energy)이고, \\( \\epsilon_ { f s } \\) 는 짧은 거리 송신을 위한 증폭에너지(amplifier energy-free space model), \\( d \\)는 수신자와 송신자 사이의 전송 거리, \\( \\epsilon_ { m p } \\) 는 먼 거리 송신에 필요한 증폭 에너지(amplifier energy-multipath model)이다. \\( d_ { 0 } \\) 는 다음과 같다.</p> <p>\\( d_ { 0 } = \\sqrt {\\epsilon_ { f s } / \\epsilon_ { m p } } \\)<caption>(7)</caption> <p> <p>\\( l \\) bit 메시지를 전송받는데 드는 에너지양은 다음과 같다.</p> <p>\\( E_ { R } (l)=l E_ { e l e c } \\)<caption>(8)</caption></p> <p>Sink가 전체 센싱 영역의 중심에 있으며, 클러스터 헤더와 Sink 간 거리 \\( d_ { S } \\) 가 \\( d_ { S } \\leq d_ { 0 } \\) 라고 가정할 때, 클러스터 헤더가 한 라운드에서 소모하는 에너지양은 다음과 같다.</p> <p>\\( E_ { C H } (l)= \\) \\( \\left ( \\frac { n } { n_ { c } } -1 \\right ) l E_ {\\text { elec } } + \\frac { n } { n_ { c } } l E_ { D A } + l_ { A } E_ {\\text { elec } } + l_ { A } \\epsilon_ { f s } d_ { S } ^ { 2 } \\)<caption>(9)</caption></p> <p>전체 센싱 영역이 \\( M \\times M \\) 이라고 할 때, \\( n \\) 은 센서 노드의 개수, \\( n_ { c } \\) 는 클러스터 헤더의 개수를 나타내며, \\( E_ { D A } \\) 는 데이터 Aggregation에 소모되는 에너지이며, \\( l_ { A } \\) 는 Aggregation된 데이터 크기를 나타낸다. \\( l \\) 과 \\( l_ { A } \\) 는 다음과 같다.</p> <p>\\( l=l_ { H } + l_ { D } + l_ { F } \\)<caption>(10)</caption></p>",
                "context_length": 1197,
                "summary": "데이터 크기를 \\( l \\), 전자 에너지 소모를 \\( E_ { e l e c } \\), 짧은 거리 송신을 위한 증폭에너지를 \\( \\epsilon_ { f s } \\), 전송 거리를 \\( d \\), 먼 거리 송신에 필요한 증폭 에너지를 \\( \\epsilon_ { m p } \\)라 정의하였다. 또한 센싱 영역의 중심에 위치한 Sink와 클러스터 헤더 간의 거리를 \\( d_ { S } \\)라 하며, 클러스터 헤더가 한 라운드에서 소모하는 에너지 양을 계산하였다. 여기서 \\( l \\)은 \\( l_ { H } + l_ { D } + l_ { F } \\)로 정의되었다.",
                "clue": [
                    {
                        "clue_text": "여기서 \\( l \\) 은 데이터 크기, \\( E_ { e l e c } \\) 은 송신에서의 소모되는 전자 에너지(Electronics energy)이고, \\( \\epsilon_ { f s } \\) 는 짧은 거리 송신을 위한 증폭에너지(amplifier energy-free space model), \\( d \\)는 수신자와 송신자 사이의 전송 거리, \\( \\epsilon_ { m p } \\) 는 먼 거리 송신에 필요한 증폭 에너지(amplifier energy-multipath model)이다.",
                        "clue_start": "3",
                        "clue_end": "281"
                    },
                    {
                        "clue_text": "Sink가 전체 센싱 영역의 중심에 있으며, 클러스터 헤더와 Sink 간 거리 \\( d_ { S } \\) 가 \\( d_ { S } \\leq d_ { 0 } \\) 라고 가정할 때, 클러스터 헤더가 한 라운드에서 소모하는 에너지양은 다음과 같다.",
                        "clue_start": "519",
                        "clue_end": "654"
                    },
                    {
                        "clue_text": "\\( l \\) 과 \\( l_ { A } \\) 는 다음과 같다.</p> <p>\\( l=l_ { H } + l_ { D } + l_ { F } \\)<caption>(10)</caption>",
                        "clue_start": "1090",
                        "clue_end": "1193"
                    }
                ],
                "terminology": [
                    {
                        "word": "Aggregation"
                    },
                    {
                        "word": "Sink"
                    },
                    {
                        "word": "space"
                    },
                    {
                        "word": "노드"
                    },
                    {
                        "word": "데이터 Aggregation"
                    },
                    {
                        "word": "센서"
                    },
                    {
                        "word": "송신"
                    },
                    {
                        "word": "전송"
                    },
                    {
                        "word": "전송 거리"
                    },
                    {
                        "word": "전자 에너지"
                    },
                    {
                        "word": "전자 에너지(Electronics energy)"
                    },
                    {
                        "word": "증폭에너지"
                    },
                    {
                        "word": "클러스터"
                    },
                    {
                        "word": "헤더"
                    }
                ]
            }
        ]
    }
}