{
    "dataset_info": {
        "identifier": "02-031-002-NL",
        "name": "기술과학 문서 요약 데이터",
        "category": "자연어",
        "last_updated": "2023-08-30"
    },
    "dataset": {
        "doc_id": "31a7cd33-1e1d8395-9153-4a99-935b-58418fb26a64",
        "doc_type": "논문",
        "doc_title": {
            "kor": "얼굴 나이 그룹별 피플 카운팅 시스템",
            "eng": ""
        },
        "doc_category": {
            "KDC": "560.5",
            "DDC": ""
        },
        "doc_number": {
            "ISSN": "2287-5026",
            "ISBN": "",
            "DOI": "",
            "UCI": ""
        },
        "doc_year": "2014",
        "doc_author": [
            "고기남",
            "이용섭",
            "문남미"
        ],
        "doc_publisher": "대한전자공학회",
        "doc_license": "CC BY-NC",
        "context_info": [
            {
                "context_id": "55e-0c9-08b65f99-d7b9-4aee-bd15-b21389efdb1f",
                "context_K-NSCC": {
                    "field": "인공물",
                    "large_category": "EE",
                    "medium_category": "02"
                },
                "context": "<h1>Ⅱ. 관련 연구</h1><h2>1. 피플 카운팅</h2><p>1995년에 Anthony C. Davies, Jia Hong Yin, Sergio A. Velastin이 영상 처리 기법을 통해 시각적 데이터를 활용한 피플 카운팅 기법에 관한 연구를 진행하여, 향후 시각적 데이터 기반의 피플 카운팅 기법에 관한 가능성을 보였다. Lm E. Aik과 Z. Zainuddin은 곡선 분석 기법을 활용하여 약 \\(85 \\% \\)의 정확도를 얻었다. 또한, J.W. Kim, K.S. Choi 등은 보안 출입구에서 활용 가능한 피플 카운팅 시스템에 관한 연구를 진행하여, 한 명의 보행자에 한해서 약 \\(96 \\% \\)의 정확도를 보였다. H.H. Park 등은 영상을 \\(6 \\times 12\\)로 구성된 블록으로 분할하고, 각 블록에 해당하는 사람의 크기를 미리 학습시킨 후, 이를 기반으로 물체의 크기를 판단하는 방법을 제안하였으며, 이를 활용한 피플 카운팅 시스템은 3인 이상이 동시에 영상 내에서 움직이는 경우의 정확도가 약 \\(90～94 \\% \\)로 향상되었다. J. L. Raheja와 S. Kalita, P J. Dutta, S. Lovendra는 그림자 검출 및 제거 기법을 적용한 피플 카운팅 시스템 연구를 통해, 실내와 실외 환경에서 두 명이 보통의 속도로 동일 방향으로 진행하는 경우에 약 \\(94.12 \\% \\)의 정확도를 보였으며, 두 명이 서로 다른 방향으로 진행하는 경우에는 실내에서 약 \\(92.45 \\% \\), 실외에서 약 \\(94 \\% \\)의 정확도를 나타냈다</p><p>그러나, 기존의 피플 카운팅 기법에 관한 연구는 주로 오버헤드 시점에 설치된 단일 카메라를 기반으로 함으로써, 두 명 이상의 사람이 불특정 방향으로 진행하거나, 소지품 및 외부 환경적 요인으로 인해 정확도가 저하되고, 오버헤드 시점에서는 단순 카운팅 데이터 이외에 나이, 성별 등과 같은 정보를 획득할 수 없으므로, 시간대별 입퇴장 통계만을 획득 가능한 단점을 가지고 있다.</p><h2>2. 얼굴 나이 그룹 분류</h2><p>사람의 얼굴 영상에서 나이 그룹(연령대)를 분류하는 연구는 다양한 얼굴 특징을 활용하는 연구가 진행되어 왔다. Y.H. Kwon과 N.Y. Lobo가 처음으로 인체측정학 모델을 기반으로 나이 그룹 분류 연구를 수행하였으며, 배경이 없는 47개의 고해상도 얼굴 영상에서 3개의 나이 그룹으로 분류하였다. W.B. Horng 등은 나이 그룹을 4개로 분류하고, 역전달(Back-propagation) 기법을 사용하는 신경망(Neural-Network) 방법을 활용하였다. 이를, 230명을 대상 중, 어린 아이에게 약 \\(99.12 \\% \\)의 정확도를 나타내었으며, 전체 약 \\(81.48 \\% \\)의 정확도를 나타냈다. 이러한 Kwon과 Horng의 연구는 어린아이(약 3세 미만)를 구분하는 정확도는 높지만, 그 이외의 연령대를 분류하기에는 상대적으로 어려움을 보였다. 또한, Geng 등은 AGES(Aging pattern Subspace)를 제안하고, FG-Net DB와 MORPH DB에서 MAE(Mean Absolute Error) 6.22세의 정확도를 보였으나, 각 개인의 나이를 분류하기 위해 방대한 양의 영상 데이터를 필요로 하며, 분류 시간이 오래 걸리는 단점을 보였다. 또한, Dehshibi 등은 얼굴 특징 비율(Facial Feature Ratios)와 주름 밀도(WrinkleDensities)를 나이 그룹 분류에 적용하고, 자체적으로 구축한 Iranian Face DB를 대상으로 약 \\(86.64 \\% \\)의 인식률을 보였다. 다양한 기존 연구에도 불구하고, 인종, 성별, 직업, 생활환경 및 습관 등의 매우 광범위한 요인들로 의해 얼굴 나이를 정확하게 인식 및 분류하는 것에 많은 어려움이 존재한다.</p><p>이에 본 논문에서는, 단일 카메라 기반 피플 카운팅 기법의 다양한 환경적 요인으로 인한 단점을 해소하고, 다양한 부가 정보를 획득할 수 있는 다중 깊이 카메라 기반의 피플 카운팅 기법을 제안하며, 조명 변화에 비교적 강인한 깊이 카메라를 활용하였다. 또한, 전면 카메라 영상 내의 얼굴 영상에서 나이 특징점을 추출하고, 이를 기반으로 4개의 나이 그룹별 피플 카운팅 시스템을 제안한다.</p>",
                "context_length": 2106,
                "summary": "기존의 피플 카운팅 기법 연구는 대부분 단일 카메라를 사용하여 오버헤드 시점에서 설치되며, 불특정 방향으로 이동하는 두 명 이상의 사람이나 소지품 및 외부 환경적 요인으로 인해 정확도가 저하되는 문제가 있다. 또한, 오버헤드 시점에서는 나이, 성별 등과 같은 추가 정보를 얻을 수 없어 시간대별 입퇴장 통계만을 제공하는 한계가 있다. 이에 대한 다양한 연구들이 있었지만, 인종, 성별, 직업, 생활환경, 습관 등의 다양한 요인으로 인해 얼굴 나이를 정확하게 인식하고 분류하는 것은 매우 어려움이 있다. 본 논문은 이러한 단점을 극복하고 다양한 추가 정보를 획득할 수 있는 다중 깊이 카메라 기반의 피플 카운팅 기법을 제안한다. 또한, 조명 변화에 상대적으로 강한 깊이 카메라를 사용하며, 전면 카메라 영상 내의 얼굴에서 나이 특징점을 추출하고 이를 기반으로 4개의 나이 그룹별 피플 카운팅 시스템을 제안한다.",
                "clue": [
                    {
                        "clue_text": "이에 본 논문에서는, 단일 카메라 기반 피플 카운팅 기법의 다양한 환경적 요인으로 인한 단점을 해소하고, 다양한 부가 정보를 획득할 수 있는 다중 깊이 카메라 기반의 피플 카운팅 기법을 제안하며, 조명 변화에 비교적 강인한 깊이 카메라를 활용하였다.",
                        "clue_start": "1887",
                        "clue_end": "2026"
                    },
                    {
                        "clue_text": "또한, 전면 카메라 영상 내의 얼굴 영상에서 나이 특징점을 추출하고, 이를 기반으로 4개의 나이 그룹별 피플 카운팅 시스템을 제안한다.",
                        "clue_start": "2027",
                        "clue_end": "2102"
                    },
                    {
                        "clue_text": "그러나, 기존의 피플 카운팅 기법에 관한 연구는 주로 오버헤드 시점에 설치된 단일 카메라를 기반으로 함으로써, 두 명 이상의 사람이 불특정 방향으로 진행하거나, 소지품 및 외부 환경적 요인으로 인해 정확도가 저하되고, 오버헤드 시점에서는 단순 카운팅 데이터 이외에 나이, 성별 등과 같은 정보를 획득할 수 없으므로, 시간대별 입퇴장 통계만을 획득 가능한 단점을 가지고 있다.",
                        "clue_start": "786",
                        "clue_end": "995"
                    },
                    {
                        "clue_text": "다양한 기존 연구에도 불구하고, 인종, 성별, 직업, 생활환경 및 습관 등의 매우 광범위한 요인들로 의해 얼굴 나이를 정확하게 인식 및 분류하는 것에 많은 어려움이 존재한다.",
                        "clue_start": "1783",
                        "clue_end": "1880"
                    }
                ],
                "terminology": [
                    {
                        "word": "AGES"
                    },
                    {
                        "word": "DB"
                    },
                    {
                        "word": "Face"
                    },
                    {
                        "word": "Feature"
                    },
                    {
                        "word": "Iranian Face DB"
                    },
                    {
                        "word": "MAE"
                    },
                    {
                        "word": "MORPH"
                    },
                    {
                        "word": "MORPH DB"
                    },
                    {
                        "word": "Subspace"
                    },
                    {
                        "word": "곡선 분석 기법"
                    },
                    {
                        "word": "그림자 검출 및 제거 기법"
                    },
                    {
                        "word": "깊이 카메라"
                    },
                    {
                        "word": "나이 특징점"
                    },
                    {
                        "word": "밀도"
                    },
                    {
                        "word": "시각적 데이터"
                    },
                    {
                        "word": "신경망"
                    },
                    {
                        "word": "얼굴 특징 비율"
                    },
                    {
                        "word": "역전달"
                    },
                    {
                        "word": "영상 처리 기법"
                    },
                    {
                        "word": "오버헤드"
                    },
                    {
                        "word": "오버헤드 시점"
                    },
                    {
                        "word": "인체측정학 모델"
                    },
                    {
                        "word": "특징점"
                    },
                    {
                        "word": "피플 카운팅"
                    }
                ]
            },
            {
                "context_id": "55e-0c9-c1fced31-6784-4432-b851-4d35c2bad113",
                "context_K-NSCC": {
                    "field": "인공물",
                    "large_category": "EE",
                    "medium_category": "02"
                },
                "context": "<h1>Ⅰ. 서 론</h1><p>최근 영상 센서가 널리 보급되고, 다양한 전자제품과 융합되어 일상 생활에서 다방면으로 활용되고 있다. 또한, 영화관 및 쇼핑몰과 같은 공공장소가 점점 대형화 및 복합화 되는 추세를 보이고 있으며, 다수의 사람이 출입하는 공간적 특성으로 인해 보안과 응용 서비스의 필요성이 대두되고 있다. 이를 위해, 기존의 적외선 센서와 같은 센서 기반의 보안 시스템들이 영상 센서와 결합된 영상 기반의 융합 보안 시스템으로 진화하고 있으며, 다양한 영상 센서를 활용하여 방문객들의 정보 수집을 통해 보안을 유지하거나, 영상 센서에서 획득한 영상을 바탕으로 방문객의 얼굴, 신체, 행동 및 특정 사물을 인식함으로써, 행동 기반의 UI(User Interface), 디지털카메라의 응용 기능, 맞춤 광고 및 성인 인증의 자동화 등 다양한 응용 서비스의 필요성이 증가하고 있다. 또한, 대형 복합 쇼핑몰 등에서는 영상 센서 기반의 피플 카운팅 시스템을 도입함으로써, 다양한 방문객 통계 정보를 활용하여 효과적인 상품 진열, 맞춤 광고 등에 활용할 수 있고, 방문객의 만족도 향상 및 매출 증대 효과를 기대할 수 있다.</p><p>기존의 영상 기반 피플 카운팅 시스템은 오버헤드 시점에 설치된 단일 카메라 시스템이 주를 이루고 있으며, 불특정 다수의 방문객이 불규칙하게 이동하는 경우, 신체의 일부분 및 전체가 겹치거나 가려지는 문제로 인해 인식 오류가 발생하고, RGB 카메라를 활용함으로써, 조명의 변화 및 일정 크기 이상의 소지품 등으로 인해 발생하는 인식 장애로 인해 다양한 환경적 요인으로 인한 장애가 발생할 수 있다. 또한, 오버헤드 시점에서는 사람(방문객)의 머리 상단(정수리)과 부분적인 신체 일부(어깨, 발 끝 등)의 영상만이 획득되기 때문에, 단순카운팅 정보 이외에 방문객의 나이, 성별, 인종 등과 같은 부가 정보를 획득하는 것이 불가능하다.</p><p>이에, 본 논문에서는 오버헤드 및 전면 시점에 2개의 깊이 카메라를 설치하고, RGBD(R: Red, G: Green, B:Blue, D: Depth) 영상에서 방문객의 얼굴 영상을 획득하여 얼굴 나이 그룹을 분류함으로써, 얼굴 나이 그룹별로 피플 카운팅을 수행하는 시스템을 제안한다. 본 논문은 Ⅱ장에서 피플 카운팅 시스템 및 얼굴 나이 그룹 분류와 관련된 기존 연구들을 살펴보고, Ⅲ장에서는 본 논문에서 제안하는 얼굴 나이 그룹별 피플 카운팅 시스템에 대해 설명한다. 그리고 Ⅳ장은 설계 및 구현한 제안 시스템의 피플 카운팅 성능과 얼굴 나이 그룹 분류 성능을 평가한 실험 환경 및 실험 결과를 기술하며, 마지막 Ⅴ장에 결론 및 향후 계획으로 구성되어 있다.</p>",
                "context_length": 1317,
                "summary": "전자제품과 융합된 영상센서는 일상생활에서 다양하게 활용되고 있으며, 대형 복합 쇼핑몰 등에서는 방문객들의 여러 정보를 활용, 방문객의 만족도와 매출 증대를 높히기 위해 영상센서 기반 피플 카운팅 시스템을 도입할 수 있다. 본 논문은 오버헤드와 전면에 카메라를 설치하여 방문객의 영상을 얼굴 나이 그룹으로 분류하여 피플 카운팅 수행 시스템을 제안하고, 기존 연구들을 통해 설명한다.",
                "clue": [
                    {
                        "clue_text": "최근 영상 센서가 널리 보급되고, 다양한 전자제품과 융합되어 일상 생활에서 다방면으로 활용되고 있다.",
                        "clue_start": "18",
                        "clue_end": "74"
                    },
                    {
                        "clue_text": "또한, 대형 복합 쇼핑몰 등에서는 영상 센서 기반의 피플 카운팅 시스템을 도입함으로써, 다양한 방문객 통계 정보를 활용하여 효과적인 상품 진열, 맞춤 광고 등에 활용할 수 있고, 방문객의 만족도 향상 및 매출 증대 효과를 기대할 수 있다.",
                        "clue_start": "443",
                        "clue_end": "576"
                    },
                    {
                        "clue_text": "이에, 본 논문에서는 오버헤드 및 전면 시점에 2개의 깊이 카메라를 설치하고, RGBD(R: Red, G: Green, B:Blue, D: Depth) 영상에서 방문객의 얼굴 영상을 획득하여 얼굴 나이 그룹을 분류함으로써, 얼굴 나이 그룹별로 피플 카운팅을 수행하는 시스템을 제안한다. 본 논문은 Ⅱ장에서 피플 카운팅 시스템 및 얼굴 나이 그룹 분류와 관련된 기존 연구들을 살펴보고, Ⅲ장에서는 본 논문에서 제안하는 얼굴 나이 그룹별 피플 카운팅 시스템에 대해 설명한다.",
                        "clue_start": "943",
                        "clue_end": "1206"
                    }
                ],
                "terminology": [
                    {
                        "word": "Depth"
                    },
                    {
                        "word": "RGB"
                    },
                    {
                        "word": "RGB 카메라"
                    },
                    {
                        "word": "RGBD"
                    },
                    {
                        "word": "UI"
                    },
                    {
                        "word": "User Interface"
                    },
                    {
                        "word": "깊이 카메라"
                    },
                    {
                        "word": "센서"
                    },
                    {
                        "word": "오버헤드"
                    },
                    {
                        "word": "오버헤드 시점"
                    },
                    {
                        "word": "융합 보안 시스템"
                    },
                    {
                        "word": "카메라 시스템"
                    },
                    {
                        "word": "피플 카운팅"
                    }
                ]
            },
            {
                "context_id": "55e-0c9-8237f811-9a70-4f13-8cf9-e48b257f3102",
                "context_K-NSCC": {
                    "field": "인공물",
                    "large_category": "EE",
                    "medium_category": "02"
                },
                "context": "<h1>Ⅲ. 얼굴 나이 그룹별 피플 카운팅 시스템</h1><p>본 논문의 제안 시스템은 Fig. 1과 같이 구성되어 있으며, 보행자(객체)가 각 카메라의 ROI(Region of Interest)에 등장하면, 오버헤드 영상 처리 및 전면 영상 처리를 수행하고, 각 카메라에서의 처리 결과를 바탕으로, 동일 객체 판별, 얼굴 나이 그룹 분류, 입퇴장 카운팅의 5가지 처리를 통해 피플 카운팅을 수행한다.</p><p>오버헤드 영상 처리는 오버헤드 시점에서 획득한 깊이 영상에서 배경 차감(Background subtraction) 기법과 가우시안 혼합 모델(Gaussian Mixture Models)을 활용하여 전경 객체를 검출하고, 레이블링(Labeling) 기법을 활용하여 각 객체를 블랍(Blob)으로 지정한다. 또한, 깊이 데이터를 기반으로 카메라와 객체 사이의 거리를 측정하며, 측정한 거리와 머리 형태 모델을 바탕으로 레이블링 필터링(Filtering) 기법을 적용하여 객체(보행자)를 인식하고, EKF(Extended Kalman Filter)로 추적한다.</p><p>전면 영상 처리는 전면 시점의 깊이 영상에서 배경 차감 기법을 통해 전경 영상을 추출하고, 관절 추적 시스템(Skeletal Tracking System)을 활용하여 객체의 골격을 인식한다. 이를 통해, 해당 객체를 사람(보행자)로 인식하고, 각 객체를 블랍으로 지정한 뒤, EKF를 활용하여 추적한다.</p><p>동일 객체 판별에서는 각각의 영상에 존재하는 객체를 깊이 카메라의 적외선 센서를 활용하는 RLM(Range Laser Method)를 기반으로 거리 측정을 수행하고, 동일한 객체를 하나의 객체로 판별하여, 각 영상의 객체 블랍에 동일한 고유 태그(Tag)를 부여한다.</p><p>고유 태그가 부여된 객체 블랍을 기반으로 전면 영상에서 깊이 데이터를 활용하는 AAM(Active Appearance Models) 기법을 통해 입장객의 얼굴 영역을 검출하고, 얼굴 영역 검출에 사용되는 121개의 특징점 중, Fig. 2의 (a), (b)와 같이 8개의 나이 특징점과 9개의 주름 영역 보조점을 선별한다. 이 때, 선별한 17개의 특징점 좌표를 Table 1과 같은 교정 과정을 수행한다. 이는, 증명사진과 같이 정규화된 얼굴 영상이 아닌 실시간 동영상에서 얼굴 영역을 검출하여 사용하므로, 각 보행자의 얼굴 영상이 각기 다른 각도에서 획득될 수 있기 때문이다. 또한, 동일한 각도의 얼굴 영상으로 교정하여 나이 그룹 분류를 수행함으로써, 분류 결과의 정확도를 향상시킬 수 있다. 교정 과정은 Fig. 3과 같이 Roll, Yaw 된 경우에 수행하게 된다.</p><p>이후, 수식 (1)～(7)과 같이 7개의 얼굴 특징 비율(Ratio1〜7)을 측정하며, 이때, \\(D(A, B)\\)는 \\(A\\)와 \\(B\\) 사이의 거리를 나타낸다</p><p>그리고, Dehshibi의 알고리즘을 참조하여, Fig. 2의 (c)와 같이 4개의 주름 영역(Wrinkle Area)을 검출하고, 이를 회색조(Grayscale) 영상으로 변환한 뒤, 캐니 엣지 검출기(Canny Edge Detector)를 활용하여 엣지(Edge)를 검출한다. 검출된 엣지 영상에 가우시안 필터(Gaussian Filter)를 적용하고, 히스토그램 평준화를 통해 주름 영상을 획득한다. 획득한 각 주름 영역에서 수식 (8)과 같이 주름 밀도(\\(WD\\))를 측정하며, 이때, \\(T_P\\)는 전체 픽셀 수, \\(W_P\\)는 검출된 주름(엣지) 픽셀 수를 나타낸다.</p><p>측정한 7개의 얼굴 특징 비율과 4개의 주름 밀도를 신경망 방법을 통해, 0～19세, 20～30세, 31～50세, 51세 이상의 4개 나이 그룹으로 분류하여 DB에 저장한다.</p><p>마지막으로, 2개의 가상 선(Line)을 이용하는 라인 드로잉(Line Drawing) 기법을 활용하여, 선A를 먼저 통과하고 선B를 통과할 경우, 입장으로 카운팅하며, 입장객 수를 \\(+1\\)하고, 분류된 객체의 나이 그룹 정보와 입장 시간을 입장 카운팅 DB(Database)에 저장한다. 또한, 입장과 반대로 선B를 먼저 통과하고 선A를 통과할 경우, 퇴장으로 카운팅하며, 퇴장 시간과 퇴장객 수를 \\(+1\\)하여 DB에 저장한다. 이 때, 객체 블랍은 중심점과 사각형 좌표를 가지고 있으며, 블랍의 중심점이 가상선 영역을 통과할 경우 카운팅하도록 한다.</p><p>Ratio1 \\( =\\frac{D\\left(E_{L}, E_{R}\\right)}{D(M R, N)} \\)<caption>(1)</caption></p><p>Ratio2 \\( =\\frac{D\\left(E_{L}, E_{R}\\right)}{D(M E, L)} \\)<caption>(2)</caption></p><p>Ratio3 \\( =\\frac{D\\left(E_{L}, E_{R}\\right)}{D(M E, C)} \\)<caption>(3)</caption></p><p>Ratio4 \\( =\\frac{D(M E, N)}{D(M E, L)} \\)<caption>(4)</caption></p><p>Ratio5 \\( =\\frac{D(M E, L)}{D(M E, C)} \\)<caption>(5)</caption></p><p>Ratio6 \\( =\\frac{D\\left(E_{L}, E_{R}\\right)}{D(T H, C)} \\)<caption>(6)</caption></p><p>Ratio7 \\( =\\frac{D\\left(S F_{L}, S F_{R}\\right)}{D(T H, c)} \\)<caption>(7)</caption></p><p>\\(WD\\)=\\(\\frac{W_{P}}{T_{P}}\\)<caption>(8)</caption></p>",
                "context_length": 2810,
                "summary": "본 논문의 제안 시스템은 보행자(객체)가 각 카메라의 ROI에 등장하면, 오버헤드 영상 처리 및 전면 영상 처리를 수행하고, 각 카메라에서의 처리 결과를 바탕으로, 동일 객체 판별, 얼굴 나이 그룹 분류, 입퇴장 카운팅의 5가지 처리를 통해 피플 카운팅을 수행한다. 오버헤드 영상 처리와 전면 영상 처리로 보행자(객체)를 인식하고 블랍으로 지정하며 동일한 객체를 판별하여 객체 블랍에 동일한 고유 태그를 부여한다. 고유 태그가 부여된 객체 블랍을 기반으로 입장객의 얼굴 영역을 검출하여 나이 그룹 분류를 수행하고, 라인 드로잉 기법을 활용하여 입퇴장을 판별하여 피플 카운팅을 처리한다.",
                "clue": [
                    {
                        "clue_text": "본 논문의 제안 시스템은 Fig. 1과 같이 구성되어 있으며, 보행자(객체)가 각 카메라의 ROI(Region of Interest)에 등장하면, 오버헤드 영상 처리 및 전면 영상 처리를 수행하고, 각 카메라에서의 처리 결과를 바탕으로, 동일 객체 판별, 얼굴 나이 그룹 분류, 입퇴장 카운팅의 5가지 처리를 통해 피플 카운팅을 수행한다.",
                        "clue_start": "35",
                        "clue_end": "224"
                    },
                    {
                        "clue_text": "오버헤드 영상 처리는 오버헤드 시점에서 획득한 깊이 영상에서 배경 차감(Background subtraction) 기법과 가우시안 혼합 모델(Gaussian Mixture Models)을 활용하여 전경 객체를 검출하고, 레이블링(Labeling) 기법을 활용하여 각 객체를 블랍(Blob)으로 지정한다.",
                        "clue_start": "231",
                        "clue_end": "400"
                    },
                    {
                        "clue_text": "전면 영상 처리는 전면 시점의 깊이 영상에서 배경 차감 기법을 통해 전경 영상을 추출하고, 관절 추적 시스템(Skeletal Tracking System)을 활용하여 객체의 골격을 인식한다.",
                        "clue_start": "548",
                        "clue_end": "654"
                    },
                    {
                        "clue_text": "동일 객체 판별에서는 각각의 영상에 존재하는 객체를 깊이 카메라의 적외선 센서를 활용하는 RLM(Range Laser Method)를 기반으로 거리 측정을 수행하고, 동일한 객체를 하나의 객체로 판별하여, 각 영상의 객체 블랍에 동일한 고유 태그(Tag)를 부여한다.",
                        "clue_start": "724",
                        "clue_end": "873"
                    },
                    {
                        "clue_text": "고유 태그가 부여된 객체 블랍을 기반으로 전면 영상에서 깊이 데이터를 활용하는 AAM(Active Appearance Models) 기법을 통해 입장객의 얼굴 영역을 검출하고, 얼굴 영역 검출에 사용되는 121개의 특징점 중, Fig. 2의 (a), (b)와 같이 8개의 나이 특징점과 9개의 주름 영역 보조점을 선별한다.",
                        "clue_start": "880",
                        "clue_end": "1060"
                    }
                ],
                "terminology": [
                    {
                        "word": "AAM"
                    },
                    {
                        "word": "Background subtraction"
                    },
                    {
                        "word": "Blob"
                    },
                    {
                        "word": "Canny Edge Detector"
                    },
                    {
                        "word": "DB"
                    },
                    {
                        "word": "Database"
                    },
                    {
                        "word": "Dehshibi의 알고리즘"
                    },
                    {
                        "word": "Drawing"
                    },
                    {
                        "word": "EKF"
                    },
                    {
                        "word": "Extended Kalman Filter"
                    },
                    {
                        "word": "Filtering"
                    },
                    {
                        "word": "Gaussian Filter"
                    },
                    {
                        "word": "Interest"
                    },
                    {
                        "word": "Kalman Filter"
                    },
                    {
                        "word": "Labeling"
                    },
                    {
                        "word": "Mixture"
                    },
                    {
                        "word": "RLM"
                    },
                    {
                        "word": "ROI"
                    },
                    {
                        "word": "Roll"
                    },
                    {
                        "word": "Skeletal Tracking System"
                    },
                    {
                        "word": "Tracking"
                    },
                    {
                        "word": "Yaw"
                    },
                    {
                        "word": "가우시안 필터"
                    },
                    {
                        "word": "가우시안 혼합 모델"
                    },
                    {
                        "word": "객체"
                    },
                    {
                        "word": "객체 블랍"
                    },
                    {
                        "word": "검출기"
                    },
                    {
                        "word": "고유 태그"
                    },
                    {
                        "word": "관절 추적 시스템"
                    },
                    {
                        "word": "깊이 카메라"
                    },
                    {
                        "word": "동일 객체"
                    },
                    {
                        "word": "동일 객체 판별"
                    },
                    {
                        "word": "드로잉"
                    },
                    {
                        "word": "라인 드로잉"
                    },
                    {
                        "word": "레이블링"
                    },
                    {
                        "word": "레이블링 필터링"
                    },
                    {
                        "word": "밀도"
                    },
                    {
                        "word": "배경 차감"
                    },
                    {
                        "word": "블랍"
                    },
                    {
                        "word": "블랍의 중심점"
                    },
                    {
                        "word": "센서"
                    },
                    {
                        "word": "신경망"
                    },
                    {
                        "word": "알고리즘"
                    },
                    {
                        "word": "얼굴 영역 검출"
                    },
                    {
                        "word": "얼굴 특징 비율"
                    },
                    {
                        "word": "엣지"
                    },
                    {
                        "word": "오버헤드"
                    },
                    {
                        "word": "오버헤드 시점"
                    },
                    {
                        "word": "오버헤드 영상 처리"
                    },
                    {
                        "word": "입장 카운팅 DB"
                    },
                    {
                        "word": "전경 객체"
                    },
                    {
                        "word": "전경 영상"
                    },
                    {
                        "word": "전면 영상 처리"
                    },
                    {
                        "word": "정규화"
                    },
                    {
                        "word": "주름 영역 보조점"
                    },
                    {
                        "word": "캐니"
                    },
                    {
                        "word": "캐니 엣지 검출기"
                    },
                    {
                        "word": "태그"
                    },
                    {
                        "word": "특징점"
                    },
                    {
                        "word": "특징점 좌표"
                    },
                    {
                        "word": "피플 카운팅"
                    },
                    {
                        "word": "픽셀"
                    },
                    {
                        "word": "필터링"
                    },
                    {
                        "word": "회색조"
                    },
                    {
                        "word": "히스토그램"
                    },
                    {
                        "word": "히스토그램 평준화"
                    }
                ]
            }
        ]
    }
}