{
    "dataset_info": {
        "identifier": "02-031-002-NL",
        "name": "기술과학 문서 요약 데이터",
        "category": "자연어",
        "last_updated": "2023-08-30"
    },
    "dataset": {
        "doc_id": "31a7cd33-06524a02-b1f6-4369-afcc-e5f151f1125f",
        "doc_type": "논문",
        "doc_title": {
            "kor": "싱글 홉 수중 센서 네트워크를 위한 매체접속제어 프로토콜 설계",
            "eng": ""
        },
        "doc_category": {
            "KDC": "530.2405",
            "DDC": "620.2"
        },
        "doc_number": {
            "ISSN": "1225-4428",
            "ISBN": "",
            "DOI": "",
            "UCI": ""
        },
        "doc_year": "2009",
        "doc_author": [
            "백승권",
            "조호신",
            "장윤선"
        ],
        "doc_publisher": "한국음향학회",
        "doc_license": "CC BY-NC",
        "context_info": [
            {
                "context_id": "55e-0c9-30ac6e5d-020f-4d29-8f9d-53269fc9dfe4",
                "context_K-NSCC": {
                    "field": "인공물",
                    "large_category": "EE",
                    "medium_category": "99"
                },
                "context": "<h1>Ⅳ. 성능 분석</h1><p>본 논문에서의 제안된 프로토콜은 Matlab을 이용하여 성능을 분석하였다. 네트워크 모델은 그림 2와 같으며 사용된 조건은 다음과 같다.</p><ul><li>클러스터의 크기 ： \\(10 \\mathrm{~km} \\times 10 \\mathrm{~km}\\)</li><li>데이터 전송율 : \\(1 \\mathrm{~kbps}\\)</li><li>데이터 패킷 : \\(3000 \\mathrm{~bits}\\)</li><li>control 패킷 : \\(100 \\mathrm{~bits}\\)</li><li>음파속도 : \\(1500 \\mathrm{~m/s}\\)</li><li>데이터 전송 구간 횟수 ：10회</li></ul><p>그림 8은 초기화 과정동안 'ID response' 패킷이 클러스터헤드에 성공적으로 수신되어 데이터 전송과정에 참여할 수 있는 멤버노드들을 나타낸 것이다.</p><p>시뮬레이션 결과의 신뢰성을 확인하기 위하여 이론적 수식 (1)으로 얻은 결과와 비교하였으며 잘 일치하는 것을 확인하였다. 이론적 수식은 어느 정도 비슷한 거리에 있는 노드들을 가정하여 계산한 값이므로 노드 수를 그림 2의 모델에서 클러스터헤드에 가까운 30개의 노드 정도로 한정하여 시뮬레이션한 결과와 비교하였다.<p>\\( N_{\\text {Process}}=N \\times\\left(1-\\frac{T_{Tes}}{T_{0}}\\right)^{(N-1)} \\)<caption>(1)</caption></p><p>\\( T_{\\mathrm{res}} \\) : 'ID response'의 패킷 길이</p><p>\\( T_0\\) : 멤버노드들의 전송 가능한 구간 (\\( T_{\\mathrm{select}} \\)) 구간</p><p>\\(N\\) : 클러스터내 전체 멤버노드 수</p><p>초기화 구간에서 노드 수가 증가함에 따라 노드간 충돌율이 증가하므로 참여노드율이 감소된다. 제안된 MAC 프로토콜 방식에서는 초기화 구간에서 \\( T_0\\) 구간내의 랜덤 시간을 선택하여 'ID response' 패킷을 전송하게 된다. \\( T_0\\)값은 노드간 충돌율에 영향을 주며 이것은 데이터 발생율과 클러스터내 노드 수 등에 의해 최적화 되어야 한다. 본 논문에서는 100개의 클러스터 멤버노드에 대해 \\(80\\%\\) 이상의 참여노드율을 갖도록 \\( T_0\\) 값을 적용했으며 최적화 분석은 추후 진행 할 예정이다.</p><p>시뮬레이션 결과, 패킷 충돌율은 노드가 증가함에 따라 증가하였으며 100개의 노드에 대해 약 \\(3\\%\\)의 충돌율을 나타내었다. 여기서 패킷 충돌율은 전체 시뮬레이션시간 동안 멤버노드들이 전송한 패킷 ('ID response' 또는 Data패킷)들 중에서 충돌이 어느 정도 발생하였는지를 나타낸 것이다.</p><p>그림 9는 네트워크의 노드 수가 증가함에 따라 전송율을 비교한 것이다.</p><p>전송율(\\(\\%)=\\frac{\\text { 성공한 데이터 길이의 합}(s)}{\\text { 전체 진행 시간 }(s)} \\times 100 \\)</p><p>약 90%에 가까운 전송 효율을 얻을 수 있음을 알 수 있다. 이것은 기존의 MAC 프로토콜들에 비해 충돌율을 감소시키고 낭비되는 채널 할당 시간을 제거하였기 때문이다.</p><p>결과에서 노드 수가 작을 때, 충돌율이 낮으나 전송 효율이 떨어지는 이유는 아직 네트워크의 노드 개수에 대한 최적화 값을 따로 사용하지 않았기 때문이다. 노드 개수에 상관없이 큰 규모의 네트워크에 적합한 큰 값의 \\( T_0\\)를 일괄적으로 적용하였기 때문에, 그림 10과 같이 노드 개수가 작은 경우에는 필요 이상의 큰 랜덤 구간으로 인해 초기화 구간이 차지하는 시간이 늘어나게 된다. 이로 인해 전체 전송 효율이 나빠지게 된다.</p><p>\\( T_0\\)시간 최적화를 통해 전체 전송 시간 대 초기화구간의 비율을 줄여 전송 효율을 높이고, 멤버노드들의 데이터 전송 마다 가드타임을 고려하여 데이터 전송 과정에서의 충돌율을 감소시켜 프로토콜의 성능 향상을 얻을 수 있다.</p>",
                "context_length": 1976,
                "summary": "Matlab을 이용한 프로토콜로 성능을 분석한다. 실험 결과 노드가 증가함에 따라 패킷 충돌율 또한 증가하였으며 100개의 노드에 대해 약 \\(3\\%\\)의 충돌율이 나타났고 기존의 MAC 프로토콜들에 비해 충돌율을 저하시키고 낭비되는 채널 할당 시간을 제거하여 약 90%에 가까운 전송 효율을 얻을 수 있음을 증명했다. 또한 \\( T_0\\)시간 최적화를 통해 전송 효율을 증가시켰으며 프로토콜의 성능 향상을 얻을 수 있었다.",
                "clue": [
                    {
                        "clue_text": "본 논문에서의 제안된 프로토콜은 Matlab을 이용하여 성능을 분석하였다.",
                        "clue_start": "20",
                        "clue_end": "61"
                    },
                    {
                        "clue_text": "시뮬레이션 결과, 패킷 충돌율은 노드가 증가함에 따라 증가하였으며 100개의 노드에 대해 약 \\(3\\%\\)의 충돌율을 나타내었다.",
                        "clue_start": "1186",
                        "clue_end": "1258"
                    },
                    {
                        "clue_text": "약 90%에 가까운 전송 효율을 얻을 수 있음을 알 수 있다. 이것은 기존의 MAC 프로토콜들에 비해 충돌율을 감소시키고 낭비되는 채널 할당 시간을 제거하였기 때문이다.",
                        "clue_start": "1495",
                        "clue_end": "1589"
                    },
                    {
                        "clue_text": "\\( T_0\\)시간 최적화를 통해 전체 전송 시간 대 초기화구간의 비율을 줄여 전송 효율을 높이고, 멤버노드들의 데이터 전송 마다 가드타임을 고려하여 데이터 전송 과정에서의 충돌율을 감소시켜 프로토콜의 성능 향상을 얻을 수 있다.",
                        "clue_start": "1844",
                        "clue_end": "1972"
                    }
                ],
                "terminology": [
                    {
                        "word": "'ID response"
                    },
                    {
                        "word": "MAC"
                    },
                    {
                        "word": "MAC 프로토콜"
                    },
                    {
                        "word": "Matlab"
                    },
                    {
                        "word": "가드타임"
                    },
                    {
                        "word": "네트워크"
                    },
                    {
                        "word": "노드"
                    },
                    {
                        "word": "노드 개수"
                    },
                    {
                        "word": "데이터 패킷"
                    },
                    {
                        "word": "멤버노드"
                    },
                    {
                        "word": "시뮬레이션"
                    },
                    {
                        "word": "신뢰성"
                    },
                    {
                        "word": "전송"
                    },
                    {
                        "word": "전체 전송 효율"
                    },
                    {
                        "word": "채널 할당"
                    },
                    {
                        "word": "초기화구간"
                    },
                    {
                        "word": "클러스터"
                    },
                    {
                        "word": "클러스터헤드"
                    },
                    {
                        "word": "패킷"
                    },
                    {
                        "word": "프로토콜"
                    }
                ]
            },
            {
                "context_id": "55e-0c9-bb2a02b3-83b1-44e0-ac88-1297a43ab693",
                "context_K-NSCC": {
                    "field": "인공물",
                    "large_category": "EE",
                    "medium_category": "99"
                },
                "context": "<h1>Ⅲ. 제안하는 수중 MAC 프로토콜</h1><p>제안하는 매체접속제어 프로토콜은 클러스터망 내에서 노드들을 거리에 따라 그룹화 하여 제어에 필요한 계산량을 최소화하고, 클러스터 헤드로부터 주어진 전송순서와 최적화된 대기시간을 사용하여 각 멤버노드들이 충돌 없이 클러스터헤드로 데이터를 전송하게 한다. 기존 TDMA (Time-Division Multiple Access)의 단점인 비효율적인 채널 사용과 네트워크 전체의 동기 문제 등을 보완하였고, 랜덤 경쟁 기반의 단점인 충돌로 인한 채널소비와 에너지 낭비를 보완하였다. 각 센서 노드들은 전송이 끝나면 다음 전송 때 까지 슬립 모드 상태가 되어 전력소비를 줄이는 방식이다.</p><p>프로토콜 연구에 사용된 네트워크 모델을 자세히 설명하면 다음과 같다. 그림 2와 같이 클러스터의 멤버 노드들은 일정한 간격으로 균일하게 분포되어 있고, 클러스터헤드의 싱글 홉 전송범위 안에 위치한다. 각각의 노드들은 클러스터헤드로부터 전송거리가 비슷한 것끼리 그룹형태로 분류하였다. 이렇게 노드들을 그룹으로 분류하면 제안된 프로토콜에서 클러스터헤드가 각 멤버노드의 대기 시간을 계산할 때 그룹단위로 할 수 있어 각 노드당 대기 시간을 계산 할 때보다 계산량을 줄일 수 있다.</p><p>제안하는 매체접속제어 알고리즘을 설명하면 다음과 같다. 알고리즘은 크게 '초기화 과정'과 '데이터 전송과정'으로 나눈다. '초기화 과정'에서는 클러스터 내의 멤버노드들이 매체접속을 승인받기위해 경쟁을 하게 되고 클러스터헤드로부터 선택된 노드들은 승인된 전송순서와 전송시간에 따라 '데이터 전송과정'에서 데이터를 클러스터 헤드로 전송하게 된다. 그림 3과 같이, 초기화 과정에서 선택되지 못한 멤버노드들은 N차의 데이터 전송과정 후에 다시 초기화 과정을 통해 경쟁하게 된다. 만일, 새로운 노드가 네트워크에 추가되면 초기화 과정을 통해 승인된다. 데이터 전송구간의 횟수 N은 클러스터 내의 노드 수와 데이터 발생율에 따라 결정된다. 초기화주기는 [초기화구간 + (데이터전송구간 \\( \\times \\mathrm{N}\\))]가 된다.</p><p>초기화 과정은 그림 4와 같다. 먼저 클러스터헤드는 자신의 전송 범위 안에 있는 모든 멤버노드들에게 자신을 알리기 위해 'ID request' 패킷을 브로드캐스트 한다. 이를 수신한 각 멤버노드들은 전송할 데이터가 있을 시에 \\(0\\sim T_0\\)초 사이의 랜덤한 시간 \\( \\mathrm{T}_{\\text {select}} \\)을 선택하고, \\( \\mathrm{T}_{\\text {select}} \\) 시간 후에 자신의 ID와 선택된 시간정보 \\( \\mathrm{T}_{\\text {select}} \\)를 포함하는 'ID response' 패킷을 클러스터헤드로 보낸다. 여기서 \\(0\\sim T_0\\)초 사이를 선택하는 이유는 거의 같은 거리에 있는 멤버노드들이 ‘ID request' 패킷을 받자마자 ID response패킷을 전송하면 클러스터 헤드에서 충돌이 발생하게 되므로 이를 피하기 위해 어느 정도의 랜덤 시간 간격을 두고 ID response 패킷을 전송하여 충돌율을 줄이기 위함이다. \\(T_0\\)값은 제어패킷의 시간길이(전송율과 데이터 길이에 따라 정해짐) 의 배수로 정하며, 이때 배수는 노드 수, 데이터 발생율 등에 의해 결정된다. 전송율이 증가하면 주어진 패킷의 시간길이가 감소하므로 \\(\\%\\)값도 그에 비례하여 감소된다. 그리고 초기화 구간 뿐 만아니라 데이터 전송구간의 시간도 모두 비례해서 감소하게 되므로 제안한 프로토콜에서는 전송율 변화에 대한 충돌율, 전송효율 등의 성능 의존성은 없다.</p><p>클러스터헤드는 일정기간 (왕복 최대 전파지연 시간 \\(+ T_{0}\\)) 동안 충돌 없이 수신된 올바른 'ID response' 패킷들을 토대로 멤버노드들의 전파지연을 추정함과 동시에 수신된 순서대로 멤버노드들의 전송순서를 정하여 노드리스트를 만든다. 전파지연은 다음과 같이 계산된다.</p><p>전파지연시간 \\( =\\frac{1}{2}\\left(t_{RX}-t_{T X}-T_{\\text {select }}\\right) \\)</p><p>여기서, \\(t_{T X}\\)는 클러스터 헤드에서 'ID request' 패킷을 전송 완료한 시각이고 \\(t_{R X}\\)는 클러스터 헤드에서 'ID response' 패킷을 처음 수신한 시각이다.</p><p>측정된 각 멤버노드들의 전파지연 시간을 바탕으로 클러스터헤드로부터 거리가 비슷한 노드들을 그룹화 하여 대기 시간 계산을 간단하게 한다.</p><p>클러스터 헤드는 데이터를 전송하도록 승인된 멤버노드들의 ID, 전송순서, 각 멤버노드들이 데이터 전송 전에 얼마만큼 기다려야 하는지에 대한 '대기 시간'이 포함된 노드리스트를 작성한 다음, 'Admission 패킷에 담아 각 멤버 노드들에게 브로드캐스팅 한다. 멤버 노드들은 수신된 'Admission' 패킷으로부터 자신의 ID가 포함되었는지를 확인하여여 있다면 클러스터헤드가 일러준 대기시간 후에 데이터를 전송할 준비를 하고, 자신의 ID가 존재하지 않는다면 다음 초기화 과정까지 기다린 후 다시 경쟁에 참여한다. 이로써 초기화 괴정이 끝난다.</p><p>대기 시간 계산은 그룹 간 지연차를 이용한 1차 계산 단계와 전송순서에 따른 2차 계산 단계로 진행된다. 멤버노드들이 서로 다른 거리에 위치해 있을 때, 각 멤버 노드들의 각기 다른 전파지연을 계산하여 충돌을 피할 수 있는 대기 시간을 계산하는 것은 복잡한 일이며 계산량이 많아 에너지 측면에서 비효율적이다. 따라서, 본 논문에서는 충돌율과 에너지 효율의 절충적인 방안으로 멤버노드들을 비슷한 전송거리에 따라 그룹으로 분류하여 1단계로 그룹 단위로 대기시간을 먼저 계산하였다. 그룹 간의 논리적 위치를 먼저 맞추고 나면, 2단계로 전송 순서에 따라 대기시간을 간단히 패킷길이\\( \\left(\\mathrm{T}_{p kt}\\right) \\)만큼씩 차이를 두어 충돌을 피하게 하였다.</p><p>만일 그룹간의 논리적 위치를 먼저 맞추지 않고 전송순서에 따라 단순히 이전 패킷길이 수 만큼씩의 대기시간만을 고려하여 데이터를 전송한다면 충돌은 피할 수는 있으나 그림 6 (a)와 같은 문제점이 발생한다. 클러스터헤드로부터 가장 가까운 그룹인 그룹1의 멤버노드들이 데이터패킷을 먼저 전송하고 그 다음 그룹인 그룹2가 그룹1의데이터 전송시간만큼 대기한 후, 데이터를 전송하면, 클러스터헤드 측면에서는 그룹간의 전파지연 차이, \\( \\tau_{12} \\)로인해 연속적으로 데이터패킷을 수신하지 못한다. 충돌은 없으나 클러스터 헤드에 수신된 데이터사이에 불필요한 시간공백 \\( 2 \\tau_{\\mathrm{12}} \\) 또는 \\( 2 \\tau_{\\mathrm{23}} \\)이 발생한다. 이 시간공백은 N회의 데이터 전송 구간마다 발생하므로 채널 효율 및 통신 효율을 크게 감소시킨다. 이를 제거하기 위해 그룹간의 대기시간 조정을 통한 논리적 위치 정렬이 먼저 필요하다.</p><p>먼저, 그룹간의 대기시간 계산을 설명하면 다음과 같다. 'Admission' 패킷 도착 이전에 데이터 전송은 불가능하므로 클러스터헤드로부터 전파지연이 가장 큰 그룹3을 논리적 위치 기준으로 둔다. 각 그룹의 논리적 위치를 맞추면 그림 6 (b)와 같다. 그룹1의 멤버노드들은 그룹3과의 전파지연차이로 인한 대기시간 (\\(2 \\tau_{12} + 2 \\tau_{23}\\))을 추가 대기 한 후 전송하고, 그룹2의 노드들은 그룹3과의 전파지연 차이로 인한 대기시간 (\\(2\\tau_{23}\\))을 추가하여 전송을 하면 논리적 위치가 일치하여 클러스터헤드는 시간 공백 없이 연속적으로 데이터 수신이 가능하다. 첫 번째의 데이터 전송을 제외하고 나머지 (N-1)회의 데이터 전송주기 동안에는 시간 공백이 없으므로 채널 효율이 향상된다.</p><p>1단계 그룹간의 논리적 위치가 일정하게 정리되면, 2단계로 전송 순서에 따른 대기시간을 계산한다. 모든 노드들이 같은 논리적 위치에 있다고 가정하면, 클러스터헤드와 노드들 간의 전파지연은 같으므로, 각 노드들은 전송순서에 따라 패킷길이 \\( \\left(\\mathrm{T}_{p kt}\\right) \\)만큼을 이전 노드 대기시간에 추가하여 데이터를 전송하면 수신측에서 순서대로 충돌을 일으키지 않고 수신할 수 있다. 물론, 노드 간 약간의 전파지연 차이를 보상하기 위해 가드타임이 필요하다.</p><p>데이터 전송과정은 다음과 같다. '데이터 전송구간1'에서는 초기화 과정에서 승인된 멤버노드들이 주어진 대기시간에 따라 데이터를 전송하게 된다. 할당된 대기시간은 그룹 단위 대기시간과 전송순서 대기시간의 합으로 계산된 것이다. '데이터 전송구간2'이상에서는 각 멤버노드들은 클러스터 헤드에서 승인된 멤버노드 개수에 해당되는 데이터패킷 개수만큼의 주기를 가지고 데이터를 계속 전송하게 된다. 그림 6 (b)와 같이, 대기시간을 사용하여 '데이터 전송구간1'에서 정렬된 데이터 패킷들은 '데이 터 전송구간2' 이상에서는 승인된 노드들의 데이터 패킷수를 주기로 계속 반복하면 된다.</p><p>본 MAC 프로토콜은 자신이 데이터를 전송할 시간을 알고 있으므로 데이터 전송 시간외에는 슬립 (sleep) 모드로 동작하여 전력 소모를 줄일 수 있다.</p><p>그림 7에 보인 예를 통해 전체 프로토콜 과정을 설명하면 다음과 같다. 클러스터 헤드와 멤버 노드 A, B, C, D, E가 있을 때, 먼저 클러스터헤드는 자신을 알리는 'ID request' 패킷을 모든 노드들에게 브로드캐스트한다. 수신한 멤버노드들은 \\(0\\sim T_0\\)초 사이를 랜덤하게 선택하여 선택된 시간에 'ID response' 패킷을 전송한다. 만일, 노드 B와 C의 패킷이 충돌이 났다면, 클러스터헤드는 충돌이 일어나지 않은 A, D, E 노드들의 패킷 정보를 가지고 'Adrmssion' 패킷을 작성하여 다시 브로드캐스트 한다. 그림 7과 같이 노드 A, D, E의 순서로 'ID response' 패킷이 클러스터헤드에 도착하였다면 데이터 전송순서 또한 거리 순서대로 A, D, E의 순서가 된다. 멤버노드들은 브로드캐스트된 'Admission' 패킷을 수신하여 자신의 ID가 노드리스트에 존재하는지를 검사하여 존재한다면 클러스터헤드가 일러준 대기 시간 후에 데이터를 전송하고, 리스트에 자신의 ID가 존재하지 않는다면 정해진 N차의 데이터 전송과정이 모두 끝난 후에 초기화 과정에서 다시 클러스터헤드의 'ID request' 패킷을 수신할 때까지 기다린다.</p><p>A가 그룹1이고, B, C, D 노드가 그룹 2이고, E가 그룹 3에 속하는 노드라고 하면, 전송순서가 가장 빠른 노드 A는 논리적 위치 정렬을 위한 그룹 단위 대기시간, \\(2\\tau_{AE}\\)후에 자신의 데이터 패킷을 전송하게 된다. 전송 순서가 첫 번째이므로 전송순서 대기시간은 없다. 그 다음 순서인 노드 D는 그룹 단위 대기시간, \\(2\\tau_{DE}\\) 와 전송 순서 대기시간, \\(T_{pkt}\\) (A노드 데이터 길이)을 합한 대기시간 후에 데이터를 전송한다. 마지막 노드인 E는 마지막 그룹에 속하므로 그룹 단위 대기시간은 없고 \\(2T_{pkt}\\)(A와 D노드 데이터 길이) 후에 데이터를 전송한다. '데이터 전송2' 이상의 데이터 전송주기는 \\(3T_{pkt}\\)이 된다.</p><p>N번의 데이터 전송구간 후에 다시 초기화구간이 시작되며 클러스터내 모든 멤버노드들이 다시 경쟁에 참여한다. 제안된 알고리즘은 채널 고정형 TDMA 방식의 비효율적 채널사용과 랜덤 경쟁 방식의 충돌로 인한 채널과 에너지 낭비를 줄이는 보완 프로토콜이다. 초기화과정에서 어느 정도의 랜덤 경쟁을 유지하면서 경쟁에서 선택된 멤버노드들에 대해서는 어느 정도의 채널을 보장해주는 시간할당 방식을 적용하고 있다. 각 멤버노드들의 데이터 전송 시에 적절한 대기시간을 두어 충돌 확률을 줄였으며 그 결과 충돌로 낭비되는 에너지 효율성을 높일 수 있다. 또한, 자신의 데이터 전송 시각을 알고 있으므로 슬립모드를 사용하여 에너지를 절약할 수 있다.</p>",
                "context_length": 5905,
                "summary": "MAC 프로토콜은 데이터 전송할 시간을 알고 있으므로 데이터 전송 시간외에는 슬립모드로 동작, 전력 소모를 줄일 수 있으므로 제안된 알고리즘은 채널 고정형 TDMA 방식의 비효율적 채널사용과 랜덤 경쟁 방식의 충돌로 인한 채널, 에너지 낭비를 줄이는 보완 프로토콜으로서 초기화과정에서 랜덤 경쟁을 유지하면서 경쟁에서 선택된 멤버노드들에 대해서는 어느 정도의 채널을 보장해주는 시간할당 방식을 적용하고 데이터 전송 시에 적절한 대기시간을 두어 충돌 확률을 줄였으며 그 결과 충돌로 낭비되는 에너지 효율성을 높일 수 있다. 본 논문은 에너지 효율과 충돌율의 절충적인 방안으로 멤버노드들을 비슷한 전송거리에 따라 그룹으로 분류하여 1단계로 대기시간을 먼저 계산, 그룹 간의 논리적 위치를 우선 맞춘 후 2단계로 전송 순서에 따라 대기시간을 간단히 패킷길이\\left(\\mathrm{T}_{p kt}\\right)(Tpkt)만큼씩 차이를 두어 충돌을 피하게 하였다.",
                "clue": [
                    {
                        "clue_text": "따라서, 본 논문에서는 충돌율과 에너지 효율의 절충적인 방안으로 멤버노드들을 비슷한 전송거리에 따라 그룹으로 분류하여 1단계로 그룹 단위로 대기시간을 먼저 계산하였다.",
                        "clue_start": "2722",
                        "clue_end": "2815"
                    },
                    {
                        "clue_text": "그룹 간의 논리적 위치를 먼저 맞추고 나면, 2단계로 전송 순서에 따라 대기시간을 간단히 패킷길이\\( \\left(\\mathrm{T}_{p kt}\\right) \\)만큼씩 차이를 두어 충돌을 피하게 하였다.",
                        "clue_start": "2816",
                        "clue_end": "2929"
                    },
                    {
                        "clue_text": "본 MAC 프로토콜은 자신이 데이터를 전송할 시간을 알고 있으므로 데이터 전송 시간외에는 슬립 (sleep) 모드로 동작하여 전력 소모를 줄일 수 있다.",
                        "clue_start": "4448",
                        "clue_end": "4533"
                    },
                    {
                        "clue_text": "제안된 알고리즘은 채널 고정형 TDMA 방식의 비효율적 채널사용과 랜덤 경쟁 방식의 충돌로 인한 채널과 에너지 낭비를 줄이는 보완 프로토콜이다.",
                        "clue_start": "5608",
                        "clue_end": "5688"
                    },
                    {
                        "clue_text": "초기화과정에서 어느 정도의 랜덤 경쟁을 유지하면서 경쟁에서 선택된 멤버노드들에 대해서는 어느 정도의 채널을 보장해주는 시간할당 방식을 적용하고 있다. 각 멤버노드들의 데이터 전송 시에 적절한 대기시간을 두어 충돌 확률을 줄였으며 그 결과 충돌로 낭비되는 에너지 효율성을 높일 수 있다.",
                        "clue_start": "5689",
                        "clue_end": "5848"
                    }
                ],
                "terminology": [
                    {
                        "word": "ID response"
                    },
                    {
                        "word": "MAC"
                    },
                    {
                        "word": "MAC 프로토콜"
                    },
                    {
                        "word": "TDMA"
                    },
                    {
                        "word": "TDMA 방식"
                    },
                    {
                        "word": "가드타임"
                    },
                    {
                        "word": "네트워크"
                    },
                    {
                        "word": "노드"
                    },
                    {
                        "word": "데이터 패킷"
                    },
                    {
                        "word": "매체접속제어 프로토콜"
                    },
                    {
                        "word": "멤버노드"
                    },
                    {
                        "word": "브로드캐스트"
                    },
                    {
                        "word": "브로드캐스팅"
                    },
                    {
                        "word": "센서"
                    },
                    {
                        "word": "슬립 (sleep)"
                    },
                    {
                        "word": "슬립모드"
                    },
                    {
                        "word": "시간공백"
                    },
                    {
                        "word": "시간할당 방식"
                    },
                    {
                        "word": "싱글 홉"
                    },
                    {
                        "word": "알고리즘"
                    },
                    {
                        "word": "에너지 효율"
                    },
                    {
                        "word": "에너지 효율성"
                    },
                    {
                        "word": "전력 소모"
                    },
                    {
                        "word": "전송"
                    },
                    {
                        "word": "전송주기"
                    },
                    {
                        "word": "전파지연"
                    },
                    {
                        "word": "정렬"
                    },
                    {
                        "word": "제어패킷"
                    },
                    {
                        "word": "초기화"
                    },
                    {
                        "word": "초기화구간"
                    },
                    {
                        "word": "초기화주기"
                    },
                    {
                        "word": "충돌"
                    },
                    {
                        "word": "클러스터"
                    },
                    {
                        "word": "클러스터망"
                    },
                    {
                        "word": "클러스터헤드"
                    },
                    {
                        "word": "패킷"
                    },
                    {
                        "word": "패킷 정보"
                    },
                    {
                        "word": "패킷길이"
                    },
                    {
                        "word": "패킷수"
                    },
                    {
                        "word": "프로토콜"
                    },
                    {
                        "word": "효율"
                    }
                ]
            }
        ]
    }
}