{
    "dataset_info": {
        "identifier": "02-031-002-NL",
        "name": "기술과학 문서 요약 데이터",
        "category": "자연어",
        "last_updated": "2023-08-30"
    },
    "dataset": {
        "doc_id": "31a7cd33-242b9907-843a-401c-87a6-21b857fb69ee",
        "doc_type": "논문",
        "doc_title": {
            "kor": "스마트폰 기반 RF\\(4\\)CE URC 프레임워크의 설계 및 구현",
            "eng": ""
        },
        "doc_category": {
            "KDC": "560.5",
            "DDC": ""
        },
        "doc_number": {
            "ISSN": "2287-5026",
            "ISBN": "",
            "DOI": "",
            "UCI": ""
        },
        "doc_year": "2010",
        "doc_author": [
            "구본현",
            "안태원",
            "박용석",
            "손태식"
        ],
        "doc_publisher": "대한전자공학회",
        "doc_license": "CC BY-NC",
        "context_info": [
            {
                "context_id": "55e-0c9-877c9516-6cb8-41c1-aea9-f73c847dec7b",
                "context_K-NSCC": {
                    "field": "인공물",
                    "large_category": "EE",
                    "medium_category": "99"
                },
                "context": "<h1>III. R-URC 프레임워크</h1> <p>본 논문의 목적은 RF4CE 기반의 스마트폰을 Controller로 활용하여 CE들의 제어 및 이들 간의 컨텐츠 공유 설정이 가능한 스마트 컨트롤러의 개발 및 이에 대한 검증이다. 시스템의 검증을 위해, 스마트폰을 비롯하여, 디지털 TV, 셋톱박스, 노트PC로 검증 환경을 구성하였다. 이를 통해, 스마트폰을 활용한 디지털 TV의 채널 및 볼륨 제어와 같은 기본 컨트롤 기능과 디지털 TV-노트PC간의 컨텐츠 공유 기능을 제공할 수 있는 시스템을 구현하였다. 본 연구에서는 제안하는 시스템을 통해 Ⅱ장에서 언급한 URC의 요구사항을 반영하고, 보다 실생활에 용용될 수 있는 스마트폰을 RC로 활용하여 CE를 제어할 수 있는 스마트폰기반의 CE 제어 시스템, R-URC(Smartphone based RF4CE Universal Remote Control Framework)를 제안한다. 본 장에서는 제안한 시스템의 프레임워크 구조에 대해서 살펴보고, CE 제어 및 공유를 위한 RF4CE 기반 프로토콜, CE들의 프로파일 구성 및 Command Set의 설계 방법을 제시한다. 마지막으로, 제안하는 시스템을 이용한 응용 방법에 대해서 소개하도록 한다.</p> <h2>1. 프레임워크 아키텍처</h2> <p>R-URC 프레임워크의 전체 구조는 그림 2와 같이 컨텐츠의 전송 및 관리 등을 담당하는 Contents Manager, 컨텐츠의 재생 및 출력을 담당하는 Media Server, 스마트폰 상에서 이러한 CE들을 제어하는 Smart Controller, 그리고 디지털 TV로 구성된다. 각 구성요소의 세부 기능은 다음과 같다.</p> <p>Contents Manager는 기능 구성을 위한 세부 모듈은 Sharing Application, N/W Manager, RF4CE Dongle부로 나누어진다. Sharing Application은 컨텐츠 공유 및 노트 PC상의 애플리케이션을 통해 컨텐츠 정보의 화면 출력 등을 담당한다. RF4CE Dongle부는 스마트폰이 RF를 동해 정보요청 시, 관련 정보를 처리를 담당한다. N/W Manager는 다른 WiFi를 통해 CE들로 컨텐츠를 전송하거나, Dongle이 수신한 데이터를 Serial UART 통신을 통해 상위 Application과의 인터페이스 역할을 한다. Media Server는 주로 동영상, 음악 등의 미디어 컨텐츠를 제어를 담당한다. 세부 구성은 Smart Controller로부터의 명령어처리를 통해, 컨텐츠 재생 등을 담당하는 Multimedia Application과 Smart Controller로부터의 명령어 처리를 담당하는 명령어 처리부로 구성된다. WiFi, Serial 제어부는 다른 CE들로 부터의 Contents 수신이나 Dongle과의 통신 인터페이스를 제공하는 Serial UART 제어부로 구성된다. 마지막으로 RF4CE Dongle부는 무선 RF를 통해 Command 수신 처리 등을 담당한다. Smart Controller는 앞서 설명과 같이 스마트폰을 이용하여 CE 제어와 관련된 모듈부로, Visualization Manager(VM), Contents Manager (CM), Profile Manager(PM), Command Process(CP) Serial Management(SM), RF4CE Dongle(RD)과 같은 하위 모듈들로 구성된다. 각 모듈의 세부 역할은 다음과 같다. VM은 스마트폰 상에서 사용자의 터치센서 입력 및 소프트웨어의 실행관련 설정 제어를 담당하며, CM은 NotePC상의 Contents Manager로부터 수신한 미디어 관련 정보들을 수집 및 출력을 담당한다. PM은 CE들의 MAC ID를 기반으로 Control UI 구성 등을 처리하며, CP와 RD 는 RF4CE 동글을 이용해 데이터를 RF무선 통신 등을 담당하는 명령어를 처리를 담당한다. 마지막으로 SM은 스마트폰상의 사용자 입력 등을 처리하는 애플리케이션과 사용자의 입력을 Serial 인터페이스를 통해 로 RF상으로 전송하는 기능을 담당한다. 마지막으로, 시스템상의 디지털 TV는 CE 제어 및 컨텐츠 공유를 통해 동영상 및 Cable TV 라인 등을 통한 프로그램 정보 등을 출력하는 시스템 구성요소이다.</p>",
                "context_length": 2113,
                "summary": "해당 논문은 RF4CE 기반의 스마트폰을 Controller로 이용하고, 컨텐츠 공유 설정이 가능한 스마트 컨트롤러 개발과 검증에 대한 것이며, 스마트폰을 이용한 컨텐츠 공유 성능을 제공하는 것이 목적이다. 그래서 R-URC 프레임워크 구조는 Contents Manager, Media Server, mart Controller, 디지털 TV로 구성이 되어있다.",
                "clue": [
                    {
                        "clue_text": "본 논문의 목적은 RF4CE 기반의 스마트폰을 Controller로 활용하여 CE들의 제어 및 이들 간의 컨텐츠 공유 설정이 가능한 스마트 컨트롤러의 개발 및 이에 대한 검증이다.",
                        "clue_start": "29",
                        "clue_end": "129"
                    },
                    {
                        "clue_text": "이를 통해, 스마트폰을 활용한 디지털 TV의 채널 및 볼륨 제어와 같은 기본 컨트롤 기능과 디지털 TV-노트PC간의 컨텐츠 공유 기능을 제공할 수 있는 시스템을 구현하였다.",
                        "clue_start": "189",
                        "clue_end": "285"
                    },
                    {
                        "clue_text": "R-URC 프레임워크의 전체 구조는 그림 2와 같이 컨텐츠의 전송 및 관리 등을 담당하는 Contents Manager, 컨텐츠의 재생 및 출력을 담당하는 Media Server, 스마트폰 상에서 이러한 CE들을 제어하는 Smart Controller, 그리고 디지털 TV로 구성된다.",
                        "clue_start": "648",
                        "clue_end": "807"
                    }
                ],
                "terminology": [
                    {
                        "word": "Application"
                    },
                    {
                        "word": "CE"
                    },
                    {
                        "word": "CE 제어 시스템"
                    },
                    {
                        "word": "CM"
                    },
                    {
                        "word": "Cable"
                    },
                    {
                        "word": "Command"
                    },
                    {
                        "word": "Command Process"
                    },
                    {
                        "word": "Command Set"
                    },
                    {
                        "word": "Contents Manager"
                    },
                    {
                        "word": "Control Framework"
                    },
                    {
                        "word": "Controller"
                    },
                    {
                        "word": "Dongle"
                    },
                    {
                        "word": "Framework"
                    },
                    {
                        "word": "MAC"
                    },
                    {
                        "word": "Media Server"
                    },
                    {
                        "word": "N/W Manager"
                    },
                    {
                        "word": "NotePC"
                    },
                    {
                        "word": "PM"
                    },
                    {
                        "word": "Profile"
                    },
                    {
                        "word": "Profile Manager"
                    },
                    {
                        "word": "R-URC"
                    },
                    {
                        "word": "RC"
                    },
                    {
                        "word": "RD"
                    },
                    {
                        "word": "RF"
                    },
                    {
                        "word": "Serial Management"
                    },
                    {
                        "word": "Serial UART"
                    },
                    {
                        "word": "Serial 인터페이스"
                    },
                    {
                        "word": "Server"
                    },
                    {
                        "word": "Sharing Application"
                    },
                    {
                        "word": "Smart"
                    },
                    {
                        "word": "Smart Controller"
                    },
                    {
                        "word": "UART"
                    },
                    {
                        "word": "UI"
                    },
                    {
                        "word": "URC"
                    },
                    {
                        "word": "VM"
                    },
                    {
                        "word": "Visualization Manager"
                    },
                    {
                        "word": "WiFi"
                    },
                    {
                        "word": "공유 기능"
                    },
                    {
                        "word": "무선 RF"
                    },
                    {
                        "word": "셋톱박스"
                    },
                    {
                        "word": "소프트웨어"
                    },
                    {
                        "word": "스마트 컨트롤러"
                    },
                    {
                        "word": "시스템 구성요소"
                    },
                    {
                        "word": "아키텍처"
                    },
                    {
                        "word": "전송"
                    },
                    {
                        "word": "제어부"
                    },
                    {
                        "word": "통신 인터페이스"
                    },
                    {
                        "word": "프레임워크"
                    },
                    {
                        "word": "프로파일"
                    }
                ]
            },
            {
                "context_id": "55e-0c9-794df7e3-a963-4211-82b2-63fc328d9dcc",
                "context_K-NSCC": {
                    "field": "인공물",
                    "large_category": "EE",
                    "medium_category": "99"
                },
                "context": "<h1>II. 관 련 연 구</h1> <p>기존 RC를 이용하기 위한 기본적인 통신방식은 IR(Infra-Red)방식기반이며, 이는 디지털기기들의 빠른 기술발전과는 달리 30년 동안이나 동일한 방식으로 사용 되고 있는 기술이. 기존 IR기반의 CE-RC간 제어방법은 통신거리, 통신방법, 확장성 등은 많은 제약 사항이 존재하며, 최근 다양한 디지털 기기의 개발과 더불어 높은 요구사항 및 CE의 정보처리에 관한 요구사항이 대두되고 있다. 이러한 기존 IR방식의 문제점들을 대체할 통신방식으로, 802.15.4기반의 ZigBee기술과 Wi-Fi, Bluetooth 기술을 응용한 RC에 관한 연구 결과들이 소개되고 있다.</p> <p>표 1은 이러한 통신기술에 대한 비교 분석한 결과이다. 표에서와 같이, ZigBee 기술은 Bluetooth에 비해 전송거리가 길며, Wi-Fi, Bluetooth와 같은 기술보다 전류 소모량이 적다 것을 알 수 있다. 이러한 ZigBee기술의 장점을 바탕으로 RF4CE 컨소시엄은 CE 제어 기술에 특화된 프로토콜을 IEEE 802.15.4를 기반으로 제안된 RF4CE 표준을 발표 하였다.</p> <p>각 벤더 별 CE에 따른 서로 다른 제어표준에 따른 불편함을 개선하기 위한 다양한 네트워크 기반과 URC, 양방향성 가능을 가진 컨트롤러에 대한 연구들이 진행 되었다. 이러한 URC관련 선행 연구들을 분석한 결과, 사용자의 편의성 제공을 위한 손쉬운 유저 인터페이스, 추가적인 장비 추가 없이 기존 인프라를 활용하는 방안, 추가 확장성을 위한 표준 스펙 지원과 같이 세가지 요구사항을 도출하였다.</p> <p>첫째, URC 사용자 인터페이스이다. 본 논문에서는 기본적인 CE 제어용 RC의 인터페이스 외에 CE간의 컨텐츠 공유가 가능한 사용자 인터페이스도 개선해보고자 한다. 이미 기존 기술인 UPnP기반 DLNA, Apple의 Bonjour 등을 통해 이러한 CE간 컨텐츠 공유 기술은 소개되었지만, WiFi설정 등의 사전 설정과 주변장치, 컨텐츠 검색 등 많은 절차를 진행해야만 한다.</p> <p>둘째, 모바일 장치의 활용이다. Universal Remote Control, Marantz사 등에서 설계한 기존 URC Unit의 형태는 그림1과 같이 기존 RC Unit과 거의 동일한 형태(C)에 기능을 축소하거나 확장시킨 형태 (A),(B) 나 소형 LCD 스크린을 장착하거나(D), 대형 LCD 터치스크린을 바탕으로 별도의 추가 장비 (E),(F)를 사용한 방식이다. 그러나 이러한 RC들은 모두 현재의 CE-RC 시스템과 같이 별도의 추가 장비가 필요한 방식이다. 본 연구에서는 이러한 추가 장비 없이 스마트폰을 사용하는 방안을 고려하였다. 휴대단말의 보급률은 이미 전 세계 인구의 \\( 80 \\% \\) 이상이 가지고 있는, 보급화된 디지털 장비이다. 이는 하루 24시간의 대부분을 사용자들의 생활을 함께 하고 있다는 것을 말한다. 휴대 단말 기반의 플랫폼은 점차 스마트폰으로 대체되어 가긴 있는 추세이다. 이러한 스마트폰을 활용한다면 별도의 URC 기기들을 사용하지 않고도, 본인의 스마트폰을 활용해서 댁내의 가전기기의 정보를 확인하고 더 나아가 제어가 가능한 시스템의 구축이 가능하다.</p> <p>마지막으로, CE 제어에 관한 표준 지원성이다. 앞장에서 설명한 IR 기반의 통신방식을 대체하기 위해 RF4CE 표준 적용을 제안하였다. 이러한 표준을 지원함으로써, 각 벤더 별 서로 다른 CE 제어에 관해 호환성을 구축할 수 있다. 본 논문에서는 이러한 RF4CE 표준기반의 프레임워크를 설계하였고, 이를 바탕으로 응용 시스템을 구현하였다. 이를 통해,CE들이 추가 시에도 확장성을 가질 수 있도록 하였다.</p>",
                "context_length": 1828,
                "summary": "기존 RC를 이용하기 위한 통신방식은 30년 동안이나 변함이 없는 기술인 IR방식기반이며, 이러한 단점들을 대체할 방안으로, 802.15.4기반의 ZigBee기술과 Wi-Fi, Bluetooth 기술을 응용한 RC에 관한 연구 결과들이 소개되고 있지만 본 연구에서는 이를 보완하는 URC 사용자 인터페이스, 모바일 장치의 활용, CE 제어에 관한 표준 지원성 3가지 사항을 도출하였다.",
                "clue": [
                    {
                        "clue_text": "기존 RC를 이용하기 위한 기본적인 통신방식은 IR(Infra-Red)방식기반이며, 이는 디지털기기들의 빠른 기술발전과는 달리 30년 동안이나 동일한 방식으로 사용 되고 있는 기술이.",
                        "clue_start": "24",
                        "clue_end": "126"
                    },
                    {
                        "clue_text": "이러한 기존 IR방식의 문제점들을 대체할 통신방식으로, 802.15.4기반의 ZigBee기술과 Wi-Fi, Bluetooth 기술을 응용한 RC에 관한 연구 결과들이 소개되고 있다.",
                        "clue_start": "245",
                        "clue_end": "346"
                    },
                    {
                        "clue_text": "첫째, URC 사용자 인터페이스이다.",
                        "clue_start": "810",
                        "clue_end": "830"
                    },
                    {
                        "clue_text": "둘째, 모바일 장치의 활용이다.",
                        "clue_start": "1030",
                        "clue_end": "1047"
                    },
                    {
                        "clue_text": "마지막으로, CE 제어에 관한 표준 지원성이다.",
                        "clue_start": "1596",
                        "clue_end": "1622"
                    }
                ],
                "terminology": [
                    {
                        "word": "Bluetooth"
                    },
                    {
                        "word": "CE"
                    },
                    {
                        "word": "CE-RC"
                    },
                    {
                        "word": "DLNA"
                    },
                    {
                        "word": "IR"
                    },
                    {
                        "word": "IR(Infra-Red)방식기반"
                    },
                    {
                        "word": "RC"
                    },
                    {
                        "word": "UPnP기반 DLNA"
                    },
                    {
                        "word": "URC"
                    },
                    {
                        "word": "Unit"
                    },
                    {
                        "word": "Wi-Fi"
                    },
                    {
                        "word": "ZigBee"
                    },
                    {
                        "word": "ZigBee 기술"
                    },
                    {
                        "word": "네트워크"
                    },
                    {
                        "word": "모바일"
                    },
                    {
                        "word": "벤더"
                    },
                    {
                        "word": "양방향성"
                    },
                    {
                        "word": "유저 인터페이스"
                    },
                    {
                        "word": "인프라"
                    },
                    {
                        "word": "전류"
                    },
                    {
                        "word": "전류 소모량"
                    },
                    {
                        "word": "컨소시엄"
                    },
                    {
                        "word": "표준기반"
                    },
                    {
                        "word": "프레임워크"
                    },
                    {
                        "word": "휴대단말"
                    }
                ]
            },
            {
                "context_id": "55e-0c9-4cf204fe-d396-4b11-936c-396ceadbf0d7",
                "context_K-NSCC": {
                    "field": "인공물",
                    "large_category": "EE",
                    "medium_category": "02"
                },
                "context": "<h2>2. CE Profile 과 Command Set 구성</h2> <p>R-URC 시스템 상에서 사용되는 RF4CE 프로토콜 스택, 프로파일 및 프레임 구조는 TV, ST Box, 노트 PC 각각의 프로파일이 구성되며, 프로파일 상의 Command Set을 구성하였다. Command Set상의 RF4CE Dongle과 스마트폰상의 명령어는 각 모듈 별로 ASCII코드와 HEX코드를 병행하여 사용하였다. TV Command Set은 Power, Volume, Channel 등의 제어에 사용된다. 예를 들어, 스마트폰을 동해 볼륨을 높이고자 하는 경우, 애플리케이션의 볼륨업 버튼 입력 시, 시스템은 캐릭터 ' \\( r \\) '을 Serial UART를 통해 RF4CE Dongle로 Write 해준다. 이를 수신한 Dongle은 HEX값 'Ox41'로 변환 후, Frame Header를 불여 RF로 TV로 전송하게 된다. TV 제어를 위한 RF4CE 프레임은 Length, Frame Control, Sequence, Destination PAN ID, Destination Address, Source Address, Message Type, Frame Count, Profile ID, Command, CRC 필드로 구성된다. Set-top Box와 NotePC 제어를 위한 프레임구조에서, Field ID 2byte는 스마트폰상의 'CM'(Contents Manager)과 ' MT'(Meta Data) 캐릭터를 이용하여 FrameType을 나누었다. 'CM'타입의 경우는 컨텐츠의 정보요청을 위해 사용되며, 'MT'타입은 컨텐츠 정보 응답 및 다른 CE들과의 공유 설정을 위해 사용되는 프레임이다.</p> <h2>3. 응용 시나리오</h2> <p>본 논문에서 제안하는 R-URC 시스템을 활용하여, RF4CE 표준의 주요 목적과 같이 CE기기들의 제어 기능의 제공을 목적으로 한다. 그림 3과 같이 TV의 전원, 볼륨, 채널 등의 설정을 하기 위해, 스마트폰을 이용하여 제어가 가능하다. 또한 그림상의 노트PC와 같이 RF4CE 칩이 내장되지 않은 비RF4CE기반 CE들도 Dongle을 통해 제어가 가능하다. 이를 통해, 원격에서도 노트 PC상의 컨텐츠를 확인하고, 이미지 보기, 음악 감상, 동영상 보기 기능을 실행시킬 수 있다. 또한 CE들 간의 데이터 공유 설정 제어기의 기능이다. 기존 데이터 공유에 사용되는 UPnP기반 DLNA, Apple의 Bonjour와 같은 프로토콜을 사용한 홈 네트워크 시스템 구축 및 데이터 공유와 같은 데이터 공유기능을 제공할 수 있어야 한다. 앞서 설명한 기존방식에서도 이러한 기능을 제공하지만, 스마트폰 상의 네트워크 설정, 장비 /컨텐츠 검색 등의 복잡한 절차를 거쳐야만 한다. 이러한 복잡한 과정의 수행 없이도 쉽게 사용자들에게 공유 기능을 사용할 수 있도록 인터페이스를 구현하였다.</p>",
                "context_length": 1430,
                "summary": "R-URC 시스템은 RF4CE 표준에 따른 CE기기들의 원격 제어를 목표로 한다. 이 시스템을 통해 노트 PC의 컨텐츠 확인 및 실행이 가능하며, 사용자가 쉽게 공유 기능을 사용할 수 있는 인터페이스를 구현한다. RF4CE 프로토콜 스택, 프로파일, 프레임 구조가 TV, ST Box, 노트 PC 각각에 적용되어, Command Set을 구성한다.",
                "clue": [
                    {
                        "clue_text": "본 논문에서 제안하는 R-URC 시스템을 활용하여, RF4CE 표준의 주요 목적과 같이 CE기기들의 제어 기능의 제공을 목적으로 한다.",
                        "clue_start": "876",
                        "clue_end": "951"
                    },
                    {
                        "clue_text": "이를 통해, 원격에서도 노트 PC상의 컨텐츠를 확인하고, 이미지 보기, 음악 감상, 동영상 보기 기능을 실행시킬 수 있다.",
                        "clue_start": "1080",
                        "clue_end": "1148"
                    },
                    {
                        "clue_text": "이러한 복잡한 과정의 수행 없이도 쉽게 사용자들에게 공유 기능을 사용할 수 있도록 인터페이스를 구현하였다.",
                        "clue_start": "1367",
                        "clue_end": "1426"
                    },
                    {
                        "clue_text": "R-URC 시스템 상에서 사용되는 RF4CE 프로토콜 스택, 프로파일 및 프레임 구조는 TV, ST Box, 노트 PC 각각의 프로파일이 구성되며, 프로파일 상의 Command Set을 구성하였다.",
                        "clue_start": "43",
                        "clue_end": "153"
                    }
                ],
                "terminology": [
                    {
                        "word": "ASCII코드"
                    },
                    {
                        "word": "Address"
                    },
                    {
                        "word": "CE"
                    },
                    {
                        "word": "CE Profile"
                    },
                    {
                        "word": "CRC 필드"
                    },
                    {
                        "word": "Command"
                    },
                    {
                        "word": "Command Set"
                    },
                    {
                        "word": "Contents Manager"
                    },
                    {
                        "word": "Destination"
                    },
                    {
                        "word": "Dongle"
                    },
                    {
                        "word": "Frame Control"
                    },
                    {
                        "word": "Frame Count"
                    },
                    {
                        "word": "Frame Header"
                    },
                    {
                        "word": "HEX값"
                    },
                    {
                        "word": "HEX코드"
                    },
                    {
                        "word": "Message Type"
                    },
                    {
                        "word": "Meta Data"
                    },
                    {
                        "word": "PAN ID"
                    },
                    {
                        "word": "Profile ID"
                    },
                    {
                        "word": "R-URC"
                    },
                    {
                        "word": "RF4CE Dongle"
                    },
                    {
                        "word": "RF4CE 프레임"
                    },
                    {
                        "word": "RF4CE 프로토콜 스택"
                    },
                    {
                        "word": "Sequence"
                    },
                    {
                        "word": "Serial UART"
                    },
                    {
                        "word": "Source Address"
                    },
                    {
                        "word": "UPnP기반 DLNA"
                    },
                    {
                        "word": "공유 기능"
                    },
                    {
                        "word": "네트워크"
                    },
                    {
                        "word": "네트워크 설정"
                    },
                    {
                        "word": "명령어"
                    },
                    {
                        "word": "모듈"
                    },
                    {
                        "word": "시나리오"
                    },
                    {
                        "word": "전송"
                    },
                    {
                        "word": "제어기"
                    },
                    {
                        "word": "프레임"
                    },
                    {
                        "word": "프레임 구조"
                    },
                    {
                        "word": "프레임구조"
                    },
                    {
                        "word": "프로토콜"
                    },
                    {
                        "word": "프로파일"
                    },
                    {
                        "word": "홈 네트워크 시스템"
                    }
                ]
            },
            {
                "context_id": "55e-0c9-2984e21b-fd0c-4973-b031-bcd268c8b788",
                "context_K-NSCC": {
                    "field": "인공물",
                    "large_category": "EE",
                    "medium_category": "06"
                },
                "context": "<h1>Ⅳ. 시스템 구현 및 실험 결과</h1> <h2>1. 실험 환경</h2> <p>스마트폰을 활용한 CE제어와 CE간 컨텐츠 공유 기능 구현 및 검증을 위해 그림 4와 같은 테스트베드를 구축하였다. 테스트베드에 사용된 CE들은 그림 4와 같이 삼성 LED 8000 TV와 노트 PC P50, 그리고 CE제어를 위한 Smart Controller는 스마트폰SCH-M490을 활용하였다. R-URC 시스템상의 Media Server, Contents Manager, Smart Controller의 구현은 Microsoft의 C#(.Net Compact Framework)을 이용하였으며, 스마트폰의 RF4CE 모듈 탑재를 위해, 삼성전기의 P2BS2400P칩을 실장 하였고, 제어용 S/W를 자체 구현하였다. LED 8000 TV의 경우 이미 RF4CE 칩이 내장된 모델이며, ST-Box는 RF4CE Dongle이 탑재된 모델이 출시 전이기에, 별도의 Dongle을 PCI 소켓 형태로 제작하여 사용하였다. 그림 5의 TV 화면상의 애플리케이션은 전체 프레임워크 구조에서 소개한 Media Server이며, 스마트폰을 통해 노트PC의 컨텐츠(JPEG 이미지)를 전송한 화면이다. 노트PC 화면상의 애플리케이션은 Contents Manager의 인터페이스 화면이다.</p> <h2>2. 구현 및 실험 결과</h2> <p>본 장에서는 3 장에서 설명한 R-URC의 설계 내용을 바탕으로 구현과 실험한 내용을 소개하도록 한다. 2장에서 언급한 URC의 요구사항들을 만족하기 위한 스마트 폰상의 TV제어를 위한 SC의 UI 화면은 그림 5 의 좌측(A)과 같다. 화면상의 터치 버튼을 퉁해 기존 IR 방식의 리모컨과 같이 TV의 채널, 볼륨 및 TV ON/OFF등의 제어가 가능하도록 구현하였다. 그림 5의 우측(B)는 이러한 SC로부터의 입력을 통해 각각의 명령을 수행하여 TV상에 나타난 실행 콘솔 화면이다. 응용 시나리오 중 Contents Sharing의 기능의 경우 앞 장에서 설명한 기존 DLNA 등의 기존 기술과의 차별성, Text 방식의 컨텐츠 확인 및 다수의 입력 과정을 개선하기 위하여 해당 컨텐츠의 이미지를 공유하고자 하는 대상CE로 드래그 수행 시 자동으로 대상CE로 컨텐츠가 전송되도록 구현하였다.</p> <h1>Ⅳ. 결 론</h1> <p>본 논문에서는 기존 IR 방식 RC의 제약사항들을 해결하기 위해, 스마트폰을 활용하여 RF4CE 기반의 스마트 컨트톨러인 R-URC 프레임워크를 제안하였고, 구현 결과물을 바탕으로 CE 제어 및 컨텐츠 공유 기능에 관한 실험 결과를 제시하였다. 이를 통해, 현재 사용되고 있는 기존의 IR기반의 CE 제어 방식을 벗어나, R-URC 프레임워크를 저전력, 양방향 통신, URC 기능 등이 가능한 Smart Remote ontroller로의 응용 가능성 및 실제 CE 기기에 적용 가능한 RC 기기로 사용될 수 있음을 검증하였다. 이와 더불어, DLNA 기반 응용 프로그램에서의 네트워크 설정에 관한 WiFi 등 무선 인터페이스 설정 및 DLNA 지원 evice 검색 둥의 복잡한 사전 설정 작업을 RF4CE를 통해 One-Stop Service 기능으로 제공하는 방안에 대해서도 그 가능성을 제시하였다. 또한, 스마트폰을 이용해 RF4CE Chip이 내장된TV의 제어 및 RF4CE Chip이 탑재되지 않은 Legacy장비인 노트 PC, 기존 TV등에서도 Dongle을 통해 이를 제어할 수 있는 활용 방안을 제시하였다. 그러나 보다 많은 기존 IR기반의 Legacy 장비들에 대한 제어를위해, RF4CE-to-IR 컨버터 모듈 등의 개발은 추후 연구가 더 진행되어야 할 분야이다.</p>",
                "context_length": 1817,
                "summary": "이 논문은 기존 IR 기반 RC의 한계를 극복하기 위한 RF4CE 기반의 스마트 컨트롤러, R-URC 프레임워크를 제안하였다. 이를 활용하여 스마트폰을 저전력, 양방향 통신, URC 기능이 가능한 스마트 리모트 컨트롤러로 사용하며 실제 CE 기기에 적용 가능함을 검증하였다. 또한 RF4CE 칩이 없는 레거시 장비를 동글을 통해 제어하는 방안을 제시하였다. 이를 검증하기 위해 스마트폰을 활용한 CE제어와 컨텐츠 공유 기능 구현을 위한 테스트베드를 구축하였다.",
                "clue": [
                    {
                        "clue_text": "본 논문에서는 기존 IR 방식 RC의 제약사항들을 해결하기 위해, 스마트폰을 활용하여 RF4CE 기반의 스마트 컨트톨러인 R-URC 프레임워크를 제안하였고, 구현 결과물을 바탕으로 CE 제어 및 컨텐츠 공유 기능에 관한 실험 결과를 제시하였다.",
                        "clue_start": "1153",
                        "clue_end": "1289"
                    },
                    {
                        "clue_text": "이를 통해, 현재 사용되고 있는 기존의 IR기반의 CE 제어 방식을 벗어나, R-URC 프레임워크를 저전력, 양방향 통신, URC 기능 등이 가능한 Smart Remote ontroller로의 응용 가능성 및 실제 CE 기기에 적용 가능한 RC 기기로 사용될 수 있음을 검증하였다.",
                        "clue_start": "1290",
                        "clue_end": "1447"
                    },
                    {
                        "clue_text": "또한, 스마트폰을 이용해 RF4CE Chip이 내장된TV의 제어 및 RF4CE Chip이 탑재되지 않은 Legacy장비인 노트 PC, 기존 TV등에서도 Dongle을 통해 이를 제어할 수 있는 활용 방안을 제시하였다.",
                        "clue_start": "1602",
                        "clue_end": "1723"
                    },
                    {
                        "clue_text": "스마트폰을 활용한 CE제어와 CE간 컨텐츠 공유 기능 구현 및 검증을 위해 그림 4와 같은 테스트베드를 구축하였다.",
                        "clue_start": "48",
                        "clue_end": "112"
                    },
                    {
                        "clue_text": "본 장에서는 3 장에서 설명한 R-URC의 설계 내용을 바탕으로 구현과 실험한 내용을 소개하도록 한다.",
                        "clue_start": "684",
                        "clue_end": "741"
                    }
                ],
                "terminology": [
                    {
                        "word": "C#"
                    },
                    {
                        "word": "CE"
                    },
                    {
                        "word": "CE제어"
                    },
                    {
                        "word": "Chip"
                    },
                    {
                        "word": "Compact"
                    },
                    {
                        "word": "Compact Framework"
                    },
                    {
                        "word": "Contents Manager"
                    },
                    {
                        "word": "Contents Sharing"
                    },
                    {
                        "word": "Controller"
                    },
                    {
                        "word": "DLNA"
                    },
                    {
                        "word": "Dongle"
                    },
                    {
                        "word": "Framework"
                    },
                    {
                        "word": "IR"
                    },
                    {
                        "word": "IR 방식"
                    },
                    {
                        "word": "LED"
                    },
                    {
                        "word": "Legacy"
                    },
                    {
                        "word": "Media Server"
                    },
                    {
                        "word": "One-Stop Service 기능"
                    },
                    {
                        "word": "PCI"
                    },
                    {
                        "word": "R-URC"
                    },
                    {
                        "word": "RC"
                    },
                    {
                        "word": "RF4CE 모듈"
                    },
                    {
                        "word": "RF4CE 칩"
                    },
                    {
                        "word": "SC"
                    },
                    {
                        "word": "ST-Box"
                    },
                    {
                        "word": "Server"
                    },
                    {
                        "word": "Smart"
                    },
                    {
                        "word": "Smart Controller"
                    },
                    {
                        "word": "Smart Remote ontroller"
                    },
                    {
                        "word": "UI"
                    },
                    {
                        "word": "URC"
                    },
                    {
                        "word": "URC 기능"
                    },
                    {
                        "word": "WiFi"
                    },
                    {
                        "word": "공유 기능"
                    },
                    {
                        "word": "네트워크"
                    },
                    {
                        "word": "네트워크 설정"
                    },
                    {
                        "word": "무선 인터페이스"
                    },
                    {
                        "word": "무선 인터페이스 설정"
                    },
                    {
                        "word": "소켓"
                    },
                    {
                        "word": "스마트 컨트톨러"
                    },
                    {
                        "word": "시나리오"
                    },
                    {
                        "word": "애플리케이션"
                    },
                    {
                        "word": "양방향 통신"
                    },
                    {
                        "word": "응용 프로그램"
                    },
                    {
                        "word": "인터페이스"
                    },
                    {
                        "word": "전송"
                    },
                    {
                        "word": "제어용 S/W"
                    },
                    {
                        "word": "컨버터"
                    },
                    {
                        "word": "콘솔"
                    },
                    {
                        "word": "테스트베드"
                    },
                    {
                        "word": "프레임워크"
                    }
                ]
            }
        ]
    }
}