{
    "dataset_info": {
        "identifier": "02-031-002-NL",
        "name": "기술과학 문서 요약 데이터",
        "category": "자연어",
        "last_updated": "2023-08-30"
    },
    "dataset": {
        "doc_id": "31a7cd33-156c4dcc-49c5-4141-bf15-4327b3ceda91",
        "doc_type": "논문",
        "doc_title": {
            "kor": "일체형 방식의 언덕터 코어에  대한 전자장 해석",
            "eng": ""
        },
        "doc_category": {
            "KDC": "560.5",
            "DDC": ""
        },
        "doc_number": {
            "ISSN": "2287-5026",
            "ISBN": "",
            "DOI": "",
            "UCI": ""
        },
        "doc_year": "2009",
        "doc_author": [
            "김기준"
        ],
        "doc_publisher": "대한전자공학회",
        "doc_license": "CC BY-NC",
        "context_info": [
            {
                "context_id": "55e-0c9-2398a4e3-4b11-4a11-841c-3b9f5e4c960a",
                "context_K-NSCC": {
                    "field": "인공물",
                    "large_category": "EE",
                    "medium_category": "11"
                },
                "context": "<h1>Ⅳ. 전자장 해석</h1> <h2>1. 해석 조건 설정</h2> <p>전자장은 전기장과 자기장의 합성어로서 전기장은 전기를 띈 물체 및 전자 등에 힘을 작용시키는 장으로서 전기를 사용하는 모든 물체로부터 정전하 주위에 발생된다. 전기장은 발생원으로부터 수직방향으로 발생하는데 사람이나 나무, 건물 등에 의하여 쉅게 제거된다. 이에 반해 자기장은 발생원을 중심으로 원형으로 형성되는 특성을 가지고 있으며, 나무나 사람과 같은 어떤 물체에 의해 쉽게 제거 혹은 약해지지 않는 특성을 가지고 있다. 전자기장은 전하나 자기의 운동에 의해 야기되는 공간의 상태이지만, J.C.맥스웰은 이와 같은 특수한 공간의 장을 그 발생원인 전하나 자기에서 분리된 독립적인 물리적 존재로 취급하고, 1864년 전기장\\(\\cdot\\)자기장의 상호관계를 조사하여 전자기장이론을 세웠다.</p> <p>일체형 방식의 인덕터 코어는 초소형이면서 초경량인\\(6.6[\\mathrm{mm}] \\times 6.6[\\mathrm{mm}] \\times 4[\\mathrm{mm}] \\)의 크기를 대상으로 하였으며, 코일의 비투자율이 35이고, 턴수를 4.5로 하였을 때 각각 인가되는 전류를 \\( 1\\), \\(10\\), \\(20\\), \\(30[\\mathrm{A}] \\)로 가정하여 전자장을 해석하였다. 그림 3과 같이 인덕터의 구조는 좌우 대칭의 일체형 구조로 되어있으며, 내부에 권선을 원통형으로 감아서 삽입한 후 단자와 접합하여 코어를 형성하게 된다. 따라서 인덕터의 대칭 구조에서 왼쪽 부분을 대상으로 하여 해석이 이루어졌다. 또한, 권선 코일이 위치하는 높이를 자장해석영역 \\( 0 \\mathrm{mm} \\)로 설정하였으며, 인덕터의 하단영역을 자장해석영역 \\( -2 \\mathrm{mm} \\)로 각각 설정하였다.</p> <h2>2. 해석 결과</h2> <h3>2.1 인덕터 내부의 해석</h3> <p>그림 4에서 7까지는 각각 \\( 1[\\mathrm{A}]\\), \\(10[\\mathrm{A}]\\), \\(20[\\mathrm{A}]\\), \\(30[\\mathrm{A}] \\)를 인가했을 때 인덕터 내부에 발생하는 자장의 벡터도로서 전류가 인가되는 권선 주위로 자장이 형성되는 것을 볼 수 있다. 이때 권선이 속해있는 네모 박스부분을 중심으로 가장 큰 자장이 형성되고 있으며, 인덕터의 끝부분으로 가면서 그 크기는 급격히 작아지고 있다. 최대 인가전류 \\( 30[\\mathrm{A}] \\)의 경우에 권선부분에 나타나는 자장벡터는 \\( 1.178[\\mathrm{T}] \\)이지만 인덕터의 끝부분에서는\\( 0.033[T] \\) 정도로 아주 미약하게 형성되고 있다. 그림 8은 그림 4에서 7까지 나타난 결과에서 인가된 전류값이 \\( 1[\\mathrm{A}] \\)에서 \\( 30[\\mathrm{A}] \\)로 상승하면서 나타난 자장의 크기를 도시한 것으로, 전류 상승에 따라 직선적으로 인가 전류에 비례하는 양상을 나타내고 있다.</p> <p>그림 4에서 7까지의 방향성을 갖는 자장 벡터의 크기와 그림 9에서 13까지의 자장분포와의 크기를 비교해보면 자장 분포의 값이 크게 형성되는 것을 확인할 수 있다. 이것은 그림 4의 경우에서 가장 큰값을 보이고 있는 벡터량(\\( 0.035022[\\mathrm{T}] \\)와 \\( 0.039261[\\mathrm{T}] \\))의 중첩분을 합성해서 계산해보면 \\( 0.074283 [\\mathrm{T}]\\)으로 그림 9와 같이 자장 분포의 값인 \\( 0.077173[\\mathrm{T}] \\)과 유사하게 나오고 있음을 알 수 있다. 또한, 같은 방법으로 최대 인가전류인 그림 7의 경우에서 가장 큰값을 보이고 있는 벡터량(\\(1.178[\\mathrm{T}]\\)와 \\( 1.051[\\mathrm{T}] \\))의 중첩분을 합성해서 계산해보면 \\( 2.229[\\mathrm{T}] \\)으로 그림 12와 같이 자장 분포의 값인 \\( 2.315[\\mathrm{T}] \\)와 유사하게 나오고 있음을 알 수 있다.</p> <h3>2.2 인덕터 주위의 해석</h3> <p>그림 13에서부터 그림 16까지는 인덕터 주위에 형성 되는 자장 분포를 살펴보았다. 인덕터 표면의 경계면에서는 그림 13에서와 같이 \\( 1[\\mathrm{A}] \\)인가시에는 \\( 0.001922[\\mathrm{T}] \\)이고, 그림 16에서와 같이 \\( 30[\\mathrm{A}] \\)인가시에는 \\( 0.057669[\\mathrm{T}] \\)로 형성되고 있다. 표면에 나타나는 자장분포 값은 매우 미약하여 주위의 다른 전자 부품에 영향을 미칠 정도는 아니었으며, 표면을 벗어나면 그 값은 거의 0에 가깝게 작아지고 있다.</p> <p>그림 17은 권선 코일이 위치하는 높이인 자장해석영역 \\( 0 \\mathrm{mm} \\)에 대한 자장 분포로서, 인덕터 표면에서부터 거리에 따라 변화하는 분포를 살펴보았다. 그림 17의 결과에서 1영역과 2영역을 구분하여 확대한 그림이 그림 18과 19이다.</p> <p>그림 18에서와 같이 최대 크기를 형성하는 인가 전류 \\( 30[\\mathrm{A}] \\)의 경우, 인덕터 표면에서 약 \\( 0.14[\\mathrm{T}] \\)의 자장이 분포되지만 표면을 지나 \\( 1[\\mathrm{mm}] \\)이내에서 거의 \\( 0[\\mathrm{T}] \\)로 작아지고 있다.</p> <p>그림 20은 인덕터의 하단영역인 자장해석영역 \\( -2 \\mathrm{mm} \\)에 대한 자장 분포로서, 인덕터 표면에서부터 거리에 따라 변화하는 분포를 살펴보았다. 그림 20에서 1영역과 2영역을 구분하여 확대한 그림이 그림 21과 22이다. 그림 21에서와 같이 최대 크기를 형성하는 인가 전류 \\( 30[\\mathrm{A}] \\)의 경우, 인덕터 표면에서 약 \\( 0.0047[\\mathrm{T}] \\)의 미약한 자장이 분포되고 있으며 표면을 지나면서 \\( 0[\\mathrm{T}] \\)로 작아지고 있다.</p>",
                "context_length": 2904,
                "summary": "J.C.맥스웰은 전하나 자기의 운동에 의해 야기되는 공간의 상태인 전자기장을 전하나 자기에서 분리된 물리적 존재로 취급하고 전기장과 자기장의 상호관계를 연구해 전자기장 이론을 세웠다. 본 논문에서는 초소형 및 초경량인 일체형 방식의 인덕터 코어를 선택하고, 코일의 비투자율을 35, 턴수를 4.5로 하고 각각 인가되는 전류를 \\( 1\\), \\(10\\), \\(20\\), \\(30[\\mathrm{A}] \\)로 가정하여 전자장을 해석하였다. 인덕터 내부에서는 전류가 인가된 권선 주위로 자장이 형성되었고, 인가된 전류가 상승할수록 자장의 크기가 직선적으로 전류에 비례하는 양상을 보였다. 인덕터 주위에서는 표면에 나타난 자장분포 값이 매우 미약하여 다른 전자 부품에 영향을 미칠 정도가 아니었고, 표면을 벗어나면 자장분포 값이 거의 0에 가깝게 작아지는 양상을 보였다.",
                "clue": [
                    {
                        "clue_text": "전자기장은 전하나 자기의 운동에 의해 야기되는 공간의 상태이지만, J.C.맥스웰은 이와 같은 특수한 공간의 장을 그 발생원인 전하나 자기에서 분리된 독립적인 물리적 존재로 취급하고, 1864년 전기장\\(\\cdot\\)자기장의 상호관계를 조사하여 전자기장이론을 세웠다.",
                        "clue_start": "280",
                        "clue_end": "428"
                    },
                    {
                        "clue_text": "일체형 방식의 인덕터 코어는 초소형이면서 초경량인\\(6.6[\\mathrm{mm}] \\times 6.6[\\mathrm{mm}] \\times 4[\\mathrm{mm}] \\)의 크기를 대상으로 하였으며, 코일의 비투자율이 35이고, 턴수를 4.5로 하였을 때 각각 인가되는 전류를 \\( 1\\), \\(10\\), \\(20\\), \\(30[\\mathrm{A}] \\)로 가정하여 전자장을 해석하였다.",
                        "clue_start": "436",
                        "clue_end": "651"
                    },
                    {
                        "clue_text": "그림 4에서 7까지는 각각 \\( 1[\\mathrm{A}]\\), \\(10[\\mathrm{A}]\\), \\(20[\\mathrm{A}]\\), \\(30[\\mathrm{A}] \\)를 인가했을 때 인덕터 내부에 발생하는 자장의 벡터도로서 전류가 인가되는 권선 주위로 자장이 형성되는 것을 볼 수 있다.",
                        "clue_start": "936",
                        "clue_end": "1097"
                    },
                    {
                        "clue_text": "그림 8은 그림 4에서 7까지 나타난 결과에서 인가된 전류값이 \\( 1[\\mathrm{A}] \\)에서 \\( 30[\\mathrm{A}] \\)로 상승하면서 나타난 자장의 크기를 도시한 것으로, 전류 상승에 따라 직선적으로 인가 전류에 비례하는 양상을 나타내고 있다.",
                        "clue_start": "1302",
                        "clue_end": "1448"
                    },
                    {
                        "clue_text": "표면에 나타나는 자장분포 값은 매우 미약하여 주위의 다른 전자 부품에 영향을 미칠 정도는 아니었으며, 표면을 벗어나면 그 값은 거의 0에 가깝게 작아지고 있다.",
                        "clue_start": "2193",
                        "clue_end": "2282"
                    }
                ],
                "terminology": [
                    {
                        "word": "경계면"
                    },
                    {
                        "word": "권선"
                    },
                    {
                        "word": "권선 코일"
                    },
                    {
                        "word": "벡터"
                    },
                    {
                        "word": "벡터도"
                    },
                    {
                        "word": "벡터량"
                    },
                    {
                        "word": "비투자율"
                    },
                    {
                        "word": "인덕터"
                    },
                    {
                        "word": "인덕터 코어"
                    },
                    {
                        "word": "자기장"
                    },
                    {
                        "word": "자장"
                    },
                    {
                        "word": "자장벡터"
                    },
                    {
                        "word": "자장분포"
                    },
                    {
                        "word": "자장해석영역"
                    },
                    {
                        "word": "전기장"
                    },
                    {
                        "word": "전류"
                    },
                    {
                        "word": "전자기장"
                    },
                    {
                        "word": "전자기장이론"
                    },
                    {
                        "word": "전자장"
                    },
                    {
                        "word": "접합"
                    },
                    {
                        "word": "정전하"
                    },
                    {
                        "word": "초경량"
                    },
                    {
                        "word": "최대 인가전류"
                    },
                    {
                        "word": "합성"
                    }
                ]
            },
            {
                "context_id": "55e-0c9-merge_2_31a7cd33-156c4dcc-49c5-4141-bf15-4327b3ceda91_00",
                "context_K-NSCC": {
                    "field": "인공물",
                    "large_category": "EE",
                    "medium_category": "11"
                },
                "context": "<h1>요약</h1> <p>본 연구에서는 초소형화의 욕구와 고밀도의 내실을 동시에 충족시킬 수 있으며 전자 장해를 발생하지 않는 일체형 인덕터 코어를 개발하기 위한 방법의 하나로 고전류인가에 따른 인덕터의 전자장 특성을 분석하고자하였다. 분석 결과, 인덕터 내부에서는 전자장이 크게 발생하였지만 인덕터 표면에 나타나는 자장분포 값은 매우 미약하여 주위의 다른 전자 부품에 영향을 미칠 정도는 아니었으며, 표면을 벗어나면 그 값은 순식간에 거의 \\(0[ \\mathrm { T } ] \\)로 작아지고 있기 때문에 일체형 인덕터를 이용하여 회로를 구성하였을 때 다른 전자 부품들에 대한 전자 장해는 발생하지 않을 것으로 생각된다. 이 결론은 일체형 인덕터 개발에 많은 영항을 미칠 것이며, 특히 인덕터 코어의 특성 분석 및 신뢰도 향상에 많은 도움이 될 것으로 예상된다.</p> <h1>Ⅰ. 서론</h1> <p>인쇄회로 기판(PCB : Printed Circuit Board)공정에서 주로 사용되는 표면 실장 기술(SMT:Surface Mount Technology)은 인쇄회로 기판위에 납을 인쇄하여 그 위에 각종 표면실장장비(SMD: Surface Mount Device) 부품을 장착한 후, Reflow을 통과시켜 PCB와 전자부품의 리드간을 접합하는 기술이다.</p> <p>인쇄 기판의 표면에 실장하는 전자 부품을 일컫는 표면실장장비는 표면 실장 기술을 이용하여 인쇄 기판의 한면 또는 양면에 상이한 부품을 실장 할 수 있을뿐더러 기판에 탑재할 수 있는 부품의 수도 증가하고 있어서 고밀도의 실장이 점점 가능하여지고 있다. 또한, 표면 실장 기술을 통해 PC의 가용면적을 5분의 1까지 줄일 수 있어 일반 가전제품이나 휴대폰 등의 단말기 제조과정에서 요구되는 경박 단소화를 이룰 수 있으며 고밀도 실장으로 총비용도 줄일 수 있는 장점을 가지고 있다.</p> <p>최근에 이르러 표면실장장비 부품은 크기는 작아지는 반면에 용량은 커지는 소형, 대용량화 추세에 있으며, 이중 인덕터의 경우는 전 세계시장 규모가 2000년 약 55억만개에서 2008년 현재 배에 가까운 신장을 보이고 있다. 특히, 인덕터는 최근에 이르러 \\(20[ \\mathrm { A } ] \\)의 대전류에도 견딜 수 있는 제품의 개발을 요구하고 있으며, 이와 같은 대용량에도 불구하고 다른 부품이나 장비에 영향을 미치지 않는 특성을 요구하고 있다. 이에 관련 업체에서는 요구하는 특성을 만족하기위하여 일체형 방식으로 개발 방법을 바꾸고 있으며 전자 장해에도 견실하게 동작할 수 있는 인덕터의 개발에 관심을 기울이고 있다.</p> <p>따라서 본 연구는 초소형화의 욕구와 고밀도의 내실을 동시에 충족시킬 수 있으며 전자 장해를 발생하지 않는 일체형 인덕터 코어를 개발하기 위한 방법의 하나로 전류인가에 따른 인덕터의 전자장 특성을 분석하고자한다.</p>",
                "context_length": 1410,
                "summary": "본 연구의 분석 결과, 인덕터 내부에서 큰 전자장이 발생했음에도 불구하고, 인덕터 표면의 자장분포는 미약하여 주변 전자 부품에 영향을 미치지 않음이 확인되었다. 더 나아가, 표면을 벗어난 지점에서의 자장분포 값은 거의 \\(0[\\mathrm{T}]\\)에 가까워 전자 장해 가능성은 사실상 없다. 이를 토대로, 전자 장해를 유발하지 않는 일체형 인덕터 코어 개발이 고밀도 및 초소형화 요구에 부합하는 방안이 될 수 있음을 시사하며, 전류 인가에 따른 인덕터의 전자장 특성에 대한 깊은 분석이 이어질 예정이다.",
                "clue": [
                    {
                        "clue_text": "분석 결과, 인덕터 내부에서는 전자장이 크게 발생하였지만 인덕터 표면에 나타나는 자장분포 값은 매우 미약하여 주위의 다른 전자 부품에 영향을 미칠 정도는 아니었으며, 표면을 벗어나면 그 값은 순식간에 거의 \\(0[ \\mathrm { T } ] \\)로 작아지고 있기 때문에 일체형 인덕터를 이용하여 회로를 구성하였을 때 다른 전자 부품들에 대한 전자 장해는 발생하지 않을 것으로 생각된다.",
                        "clue_start": "133",
                        "clue_end": "349"
                    },
                    {
                        "clue_text": "따라서 본 연구는 초소형화의 욕구와 고밀도의 내실을 동시에 충족시킬 수 있으며 전자 장해를 발생하지 않는 일체형 인덕터 코어를 개발하기 위한 방법의 하나로 전류인가에 따른 인덕터의 전자장 특성을 분석하고자한다.",
                        "clue_start": "1289",
                        "clue_end": "1406"
                    }
                ],
                "terminology": [
                    {
                        "word": "Circuit"
                    },
                    {
                        "word": "가전제품"
                    },
                    {
                        "word": "고밀도 실장"
                    },
                    {
                        "word": "고밀도의 내실"
                    },
                    {
                        "word": "기판"
                    },
                    {
                        "word": "신뢰도"
                    },
                    {
                        "word": "신장"
                    },
                    {
                        "word": "인덕터"
                    },
                    {
                        "word": "인덕터 코어"
                    },
                    {
                        "word": "인쇄회로"
                    },
                    {
                        "word": "일체형 인덕터"
                    },
                    {
                        "word": "자장분포"
                    },
                    {
                        "word": "전류인가"
                    },
                    {
                        "word": "전자 장해"
                    },
                    {
                        "word": "전자장"
                    },
                    {
                        "word": "초소형화"
                    },
                    {
                        "word": "표면 실장 기술"
                    },
                    {
                        "word": "표면실장장비"
                    },
                    {
                        "word": "회로"
                    }
                ]
            },
            {
                "context_id": "55e-0c9-merge_2_31a7cd33-156c4dcc-49c5-4141-bf15-4327b3ceda91_01",
                "context_K-NSCC": {
                    "field": "인공물",
                    "large_category": "EE",
                    "medium_category": "11"
                },
                "context": "<h1>Ⅱ. Inductor Core</h1> <p>최근에 이르러 인덕터 코어는 컴퓨터의 메인 보드, 디지털 오디오 앰프와 DVD(Low Pass Filter), PDP TV(PFC Filter), Battery Charge(Choke Coil) 등에 많이 이용되고 있다. 인덕턴스는 인덕터의 가장 중요한 특성으로서 권선으로 흐르는 전류와 권선과 쇄교하는 자속수와의 비로 정의되는 양으로써 권선으로 흐르는 전류의 시간 변화량과 권선 양단에 발생하는 기전력의 비로 표시된다. 인덕턴스의 값은 코어를 사용했을 경우 권선에 인가되는 전류에 의해 발생한 자속이 코어내부로 들어가게 되는 구조이면 계산에 의해 간단히 구할 수 있다. 코어에 감은 코일의 인덕턴스는 코어재의 투자율이 어느 주파수를 넘으면 낮게 나타나고, 동시에 손실도 증가하게 된다. 그 투자율이 저하하기 시작하는 주파수는 투자율에 반비례 하고 있기 때문에 인덕터를 공진회로에 사용할 경우에는 비교적 투자율이 낮고 사용 주파수 내에서는 투자율이 일정한 재질 코어를 사용해야 한다. 한편, 고주파 전류를 저지하는 초크 코일로서 인덕터를 사용할 경우에는 인덕터스의 절대값은 그다지 문제가 되지 않으므로 비교적 높은 투자율의 재질인 코어를 사용할 수 있다.</p> <p>일체형 방식의 인덕터 코어는 드럼 모양을 한 FERRITE CORE에 특성에 맞게 기존에는 코일에 LEAD를 부착하여 사용 하던 것을 각종 휴대기기의 대두로써 시장의 소형이면서 경량에 대한 요구에 맞게 전극을 부착하여 그림 1과 같이 칩화한 것이다.</p> <h1>Ⅲ. 인덕터의 전기적 특성</h1> <p>일체형 방식의 인덕터 코어는 \\(100 \\) \\([ \\mathrm { KHz } ] \\), \\(1[ \\mathrm { V } ] \\)에서 표면 저항값이 \\( 0.3[ \\mathrm { M \\Omega } ] \\)이상이 되어야하고, 전류를 가변하여 최악의 조건인 \\( 30[ \\mathrm { A } ] \\)까지 인가하였을 때 표면온도가 \\(95[ ^ {\\circ } \\mathrm { C } ] \\) 이하로 하여 신뢰성 있는 제품이 되어야 한다. 이때 온도 측정은 인덕터 자체로부터 \\( 1/2 \\) 인치의 거리에서 측정되어야한다. 일체형 방식의 인덕터 코어의 특성인 인덕턴스와 온도의 측정은 매우 민감한 사항으로서 인가되는 전압과 주파수에 따라서 급격한 변화를 일으키게 된다. 또한, 대용량화 추세에 따른 내부의 고밀도실장은 외부의 조건에 따라서 예측하기 어려운 데이터를 산출할 수 도 있다. 따라서 측정 장치는 항온 항습의 조건을 갖춘 곳에서 시험이 이루어져야 하며, 측정 장치는 외부의 잡음을 최대한 차단할 수 있도록 해야 한다.</p> <p>인덕터에 있어서 전력 소모의 두 가지 주요 요인은 권선 손실과 코어 손실로서 권선 손실에는 표면 효과(Skin Effect)와 근접 효과(Proximity Effect)로 인한 DC I2R 손실과 AC 손실이 포함된다. 표면 효과 손실은 이동하는 전하가 고주파에서 도체를 통과할 수 없을 때 발생한다. 따라서 유효 구리 단면이 감소하고 AC 전류에 대한 저항이 증가한다. 근접 효과 손실은 권선에서 감긴 각 와이어가 인접하여 감긴 와이어와 상호작용하면서 발생하는 자기장으로부터 발생한다. 이러한 자기장은 각 권선에서 전류의 분포에 영향을 미치고 전류 밀집현상(Current Crowding)을 발생시키며, 이는 다시 권선의 유효 AC 저항을 증가시킨다. 표면 깊이(Skin Depth) 효과는 여러 개의 얇은 연선이 번들로 감긴 리츠 와이어를 사용할 경우 일부 감소시킬 수 있다.</p>",
                "context_length": 1769,
                "summary": "인덕터 코어에 감은 코일의 인덕턴스는 코어재의 투자율과 주파수에 따라 변화하며, 이와 동시에 손실도 증가합니다. 인덕턴스는 권선으로 흐르는 전류와 권선과 쇄교하는 자속수의 비로 정의되며, 코어를 사용하면 자속이 코어 내부로 들어가는 구조이므로 쉽게 계산할 수 있습니다. 최근에는 인덕터 코어가 컴퓨터의 메인 보드, 오디오 앰프, DVD, PDP TV, 배터리 충전기 등에 널리 사용되고 있습니다. 일체형 방식의 인덕터 코어는 소형 경량화에 맞춰 FERRITE CORE에 전극을 부착하여 사용되며, 인덕턴스와 온도의 측정은 매우 민감한 사항으로 인가되는 전압과 주파수에 따라 급격한 변화를 일으킵니다.",
                "clue": [
                    {
                        "clue_text": "코어에 감은 코일의 인덕턴스는 코어재의 투자율이 어느 주파수를 넘으면 낮게 나타나고, 동시에 손실도 증가하게 된다.",
                        "clue_start": "349",
                        "clue_end": "413"
                    },
                    {
                        "clue_text": "인덕턴스는 인덕터의 가장 중요한 특성으로서 권선으로 흐르는 전류와 권선과 쇄교하는 자속수와의 비로 정의되는 양으로써 권선으로 흐르는 전류의 시간 변화량과 권선 양단에 발생하는 기전력의 비로 표시된다.",
                        "clue_start": "153",
                        "clue_end": "264"
                    },
                    {
                        "clue_text": "최근에 이르러 인덕터 코어는 컴퓨터의 메인 보드, 디지털 오디오 앰프와 DVD(Low Pass Filter), PDP TV(PFC Filter), Battery Charge(Choke Coil) 등에 많이 이용되고 있다.",
                        "clue_start": "29",
                        "clue_end": "152"
                    },
                    {
                        "clue_text": "일체형 방식의 인덕터 코어는 드럼 모양을 한 FERRITE CORE에 특성에 맞게 기존에는 코일에 LEAD를 부착하여 사용 하던 것을 각종 휴대기기의 대두로써 시장의 소형이면서 경량에 대한 요구에 맞게 전극을 부착하여 그림 1과 같이 칩화한 것이다.",
                        "clue_start": "627",
                        "clue_end": "766"
                    },
                    {
                        "clue_text": "일체형 방식의 인덕터 코어의 특성인 인덕턴스와 온도의 측정은 매우 민감한 사항으로서 인가되는 전압과 주파수에 따라서 급격한 변화를 일으키게 된다.",
                        "clue_start": "1096",
                        "clue_end": "1177"
                    }
                ],
                "terminology": [
                    {
                        "word": "AC 손실"
                    },
                    {
                        "word": "DC"
                    },
                    {
                        "word": "DVD"
                    },
                    {
                        "word": "Depth"
                    },
                    {
                        "word": "FERRITE CORE"
                    },
                    {
                        "word": "Inductor"
                    },
                    {
                        "word": "PDP TV"
                    },
                    {
                        "word": "가변"
                    },
                    {
                        "word": "고주파"
                    },
                    {
                        "word": "공진회로"
                    },
                    {
                        "word": "권선"
                    },
                    {
                        "word": "근접 효과(Proximity Effect)"
                    },
                    {
                        "word": "기전력"
                    },
                    {
                        "word": "리츠 와이어"
                    },
                    {
                        "word": "번들"
                    },
                    {
                        "word": "신뢰성"
                    },
                    {
                        "word": "인덕터"
                    },
                    {
                        "word": "인덕터 코어"
                    },
                    {
                        "word": "인덕턴스"
                    },
                    {
                        "word": "자기장"
                    },
                    {
                        "word": "자속"
                    },
                    {
                        "word": "전극"
                    },
                    {
                        "word": "전기적"
                    },
                    {
                        "word": "전력 소모"
                    },
                    {
                        "word": "전류"
                    },
                    {
                        "word": "전류 밀집현상(Current Crowding)"
                    },
                    {
                        "word": "주파수"
                    },
                    {
                        "word": "표면 깊이(Skin Depth)"
                    },
                    {
                        "word": "표면 효과(Skin Effect)"
                    }
                ]
            }
        ]
    }
}