{
    "dataset_info": {
        "identifier": "02-031-002-NL",
        "name": "기술과학 문서 요약 데이터",
        "category": "자연어",
        "last_updated": "2023-08-30"
    },
    "dataset": {
        "doc_id": "31a7cd33-2f0d3316-3f45-4a88-b6a8-196dfcd1476e",
        "doc_type": "논문",
        "doc_title": {
            "kor": "저고도 탐지레이더용 진행파관증폭기 정비시스템 개발 및 성능시험 연구",
            "eng": ""
        },
        "doc_category": {
            "KDC": "560.5",
            "DDC": ""
        },
        "doc_number": {
            "ISSN": "2287-5026",
            "ISBN": "",
            "DOI": "",
            "UCI": ""
        },
        "doc_year": "2010",
        "doc_author": [
            "윤인철",
            "윤석진",
            "권종원",
            "김희식"
        ],
        "doc_publisher": "대한전자공학회",
        "doc_license": "CC BY-NC",
        "context_info": [
            {
                "context_id": "55e-0c9-merge_ee_31a7cd33-2f0d3316-3f45-4a88-b6a8-196dfcd1476e_00",
                "context_K-NSCC": {
                    "field": "인공물",
                    "large_category": "EE",
                    "medium_category": "05"
                },
                "context": "<h1>요 약</h1> <p>본 논문에서는 임베디드 리눅스 시스템 기반의 저고도탐지레이더용 진행파관증폭기 정비장비 시스템을 개발하였다. 군용 장비에 대한 신뢰성 분석 및 정비, 유지보수에 대한 중요성은 꾸준히 증가되고 있는 추세이다. 또한 저고도 탐지레이더용 진행파관증폭기의 비선형 특성으로 인한 전체 시스템 성능저하 문제가 빈번히 발생하고 있다. 따라서 진행파관 증폭기의 RF 입출력 신호의 종류와 특성, 진행퐈관 증폭기의 동작특성을 분석하여 임베디스 시스템과의 원활한 인터페이스를 개발하고, 리눅스 커널을 수정하여 시스템 최적화를 수행하였다. 본 논문에서 개발된 정비장비의 신뢰성 평가 결과, 본 정비장비로 정비된 구성품이 전투력을 발회하는 것을 확인할 수 있다. 따라서 본 논문에서 제안한 규격은 매우 유용하며 따라서 차후 유사장비 개발 시 적용 가능할 것으로 판단된다.</p> <h1>Ⅰ. 서 론</h1> <p>저고도 탐지레이더(TPS-830K)는 야전에서 신속하게 이동 및 배치되어 저고도로 침투하는 비행물체를 탐지하여 탐지한 표적제원을 조기에 대공포대로 전파함으로써 단거리 대공무기의 교전 능력을 증대시킬 수 있도록 구성된 장비이다. 저고도 탐지레이더의 하드웨어는 일반적으로 송신주파수의 안정도를 위해 비교적 넓은 대역폭을 가지는 진행파관증폭기가 사용된다. 진행파관 증폭부(TWT)를 구동하기 위한 고전압전원공급기(High Voltage Power Supply)는 안정된 수 \\( \\mathrm { kV } \\)의 전원을 공급할 수 있어야 하며, 군용장비의 규격과 환경 특성을 만족하는 양질의 고전압 전원공급기가 필수적으로 요구된다. 따라서 진행파관증폭기 정비장비 설계 시 여러 전극에 전압을 제공하는 전원공급기와 진행파관 사이의 상호 작용과 연결 등을 검토 및 분석하는 것이 필요하다.</p> <p>과거 레이더 시스템은 거의 대부분 Tube를 이용한 시스템이었으나 근래에 들어 반도체 기술의 발달과 함께 SSPA 관련 기술들이 발전함에 따라, 이를 이용한 다기능 레이더 시스템 개발이 활발히 진행되고 있다. 대부분의 경우, 진행파관 증폭기를 사용하는 시스템은 고체증폭기를 사용하는 시스템에 비해 소형이고 가벼우며 효과적이다. Tube를 이용한 송신기는 하나의 장치로 고출력을 얻을 수 있는 장점이 있으며, 가격적인 측면에서는 Tube가 더 저렴한 편이다. 또한 HPM(High Power Microwave)처럼 특별히 고출력을 요구하는 무기체계에서는 없어서는 안 될 부품이다. 현재 국내에서 운용중인 레이더의 대부분이 Tube를 사용하고 있으며 당분간 그 필요성은 지속될 것이다.</p> <p>위와 같은 전력을 공급할 수 있는 레이더용 RF 신호 증폭기로서는 마그네트론, 클라이스트론, 진행파관 등을 사용되고 있다. 마그네트론은 클라이스트론과 진행파관 증폭기보다 첨두 전력이 큰 발진기로서 동작한다. 주파수를 변화시키는 방법으로 마그네트론의 동공 크기를 변화시킴으로서 가능하다. 반면, 마그네트론은 대역폭이 좁고, 위상 변화가 심하기 때문에 펄스 압축 시스템에서는 사용할 수 없다. 펄스 압축은 완전한 광대역의 증폭기를 필요로 하기 때문에 마그네트론을 펄스 압축 시스템에 사용하는 것은 불가능하다.</p>",
                "context_length": 1577,
                "summary": "본 논문은 임베디드 리눅스 시스템 기반으로 하는 저고도탐지레이더용 진행파관증폭기 정비장비 시스템을 개발하였다. 본 논문에서 개발된 정비장비의 신뢰성을 평가한 결과를 보면 본 정비장비로 정비된 구성품이 전투력을 발회하는 것을 확인 가능하다. 그러므로 본 논문이 제안하는 규격은 매우 유용하며 따라서 차후 유사장비 개발시에 적용이 가능할 것으로 판단된다. 저고도 탐지레이더(TPS-830K)는 야전 상황에서 신속하게 이동과 배치가 가능하며 저고도로 침투하는 비행물체를 탐지해서 탐지한 표적제원을 조기에 대공포대로 전파해서 단거리 대공무기의 교전 능력을 향상시킬 수 있도록 구성된 장비이다. 그리고, 현재 국내에서 사용중인 레이더의 대부분이 Tube를 사용중이며 당분간 그 필요성은 지속될 것이다.",
                "clue": [
                    {
                        "clue_text": "본 논문에서는 임베디드 리눅스 시스템 기반의 저고도탐지레이더용 진행파관증폭기 정비장비 시스템을 개발하였다.",
                        "clue_start": "16",
                        "clue_end": "75"
                    },
                    {
                        "clue_text": "본 논문에서 개발된 정비장비의 신뢰성 평가 결과, 본 정비장비로 정비된 구성품이 전투력을 발회하는 것을 확인할 수 있다.",
                        "clue_start": "306",
                        "clue_end": "373"
                    },
                    {
                        "clue_text": "따라서 본 논문에서 제안한 규격은 매우 유용하며 따라서 차후 유사장비 개발 시 적용 가능할 것으로 판단된다.",
                        "clue_start": "374",
                        "clue_end": "434"
                    },
                    {
                        "clue_text": "저고도 탐지레이더(TPS-830K)는 야전에서 신속하게 이동 및 배치되어 저고도로 침투하는 비행물체를 탐지하여 탐지한 표적제원을 조기에 대공포대로 전파함으로써 단거리 대공무기의 교전 능력을 증대시킬 수 있도록 구성된 장비이다.",
                        "clue_start": "458",
                        "clue_end": "584"
                    },
                    {
                        "clue_text": "현재 국내에서 운용중인 레이더의 대부분이 Tube를 사용하고 있으며 당분간 그 필요성은 지속될 것이다.",
                        "clue_start": "1226",
                        "clue_end": "1283"
                    }
                ],
                "terminology": [
                    {
                        "word": "HPM"
                    },
                    {
                        "word": "Power"
                    },
                    {
                        "word": "RF"
                    },
                    {
                        "word": "RF 신호"
                    },
                    {
                        "word": "RF 신호 증폭기"
                    },
                    {
                        "word": "SSPA"
                    },
                    {
                        "word": "Tube"
                    },
                    {
                        "word": "고전압"
                    },
                    {
                        "word": "고전압전원공급기"
                    },
                    {
                        "word": "광대역"
                    },
                    {
                        "word": "대역폭"
                    },
                    {
                        "word": "레이더"
                    },
                    {
                        "word": "리눅스 시스템"
                    },
                    {
                        "word": "리눅스 커널"
                    },
                    {
                        "word": "마그네트론"
                    },
                    {
                        "word": "무기체계"
                    },
                    {
                        "word": "반도체"
                    },
                    {
                        "word": "비선형"
                    },
                    {
                        "word": "비선형 특성"
                    },
                    {
                        "word": "송신기"
                    },
                    {
                        "word": "송신주파수"
                    },
                    {
                        "word": "신뢰성"
                    },
                    {
                        "word": "신뢰성 분석"
                    },
                    {
                        "word": "위상"
                    },
                    {
                        "word": "임베디드 리눅스"
                    },
                    {
                        "word": "저고도 탐지레이더"
                    },
                    {
                        "word": "전극"
                    },
                    {
                        "word": "전원공급기"
                    },
                    {
                        "word": "주파수"
                    },
                    {
                        "word": "증폭기"
                    },
                    {
                        "word": "진행파관"
                    },
                    {
                        "word": "진행파관증폭기"
                    },
                    {
                        "word": "첨두"
                    },
                    {
                        "word": "첨두 전력"
                    },
                    {
                        "word": "클라이스트론"
                    },
                    {
                        "word": "펄스 압축"
                    },
                    {
                        "word": "표적제원"
                    },
                    {
                        "word": "하드웨어"
                    }
                ]
            },
            {
                "context_id": "55e-0c9-merge_ee_31a7cd33-2f0d3316-3f45-4a88-b6a8-196dfcd1476e_02",
                "context_K-NSCC": {
                    "field": "인공물",
                    "large_category": "EE",
                    "medium_category": "05"
                },
                "context": "<p>히터(Heater)는 캐소드 전극에서 충분한 양의 전자방출이 가능하도록 가열시키는 전극으로서, 캐소드 전극에 대해 -6.3 \\( \\mathrm { ~V } \\)의 전압을 필요로 한다. 콜렉터(Collector)는 캐소드에서 방출된 전자를 흡수하는 전극으로서, 캐소드 전극에 대해 + 14.2 \\( \\mathrm { kV } \\)의 전압을 필요로 한다. 또한, 자체점검 기능에 의해 전면판의 각종 램프를 구동하며, 이에 따라 진행파관증폭부 결합체의 보호기능을 수행한다. 진행파관에 히터전원이 공급되면 타이머가 동작하여 180~195초 동안 히터에 의해 캐소드가 예열되도록 하고, 인터페이스모듈로부터 송신명령신호가 입력되면 고전압전원(캐소드/콜렉터)을 인가한 후 그리드 on명령을 인가하는 등 진행파관의 동작이 순차적으로 이루어지도록 한다.</p> <p>각 모듈에서 1개 이상의 고장이 감지되면 그리드 off 명령을 인가하고 고전압전원 캐소드/콜렉터를 차단한다. 약 8초후 고전압전원 인가 및 그리드 \"on\"명령을 인가하고 고장이 감지되면 반대의 순서로 차단하는 동작을 자동적으로 3회 수행하는 카운터회로가 있다. 자동 재시작 3회 수행 후에는 고장 상태를 래치(Latch)하여 유지한다. 래치된 고장상태는 Fault latch 신호가 입력되면 해제된다. 인터페이스모듈을 통해 입력되는 Pre-trigger 신호로 동기신호 (Sync.)를 만들고 전력변환모듈 및 모듈레이터/히터 모듈로 전송하여 고전압 전원생성 동작 및 모듈레이터 전원(히터/그리드)생성 동작을 동기화한다. 이러한 동기화의 정합은 송신장치의 시스템 오동작을 최소화 시킬 수 있다. 제어/상태 진행 파관 출력 Timing도는 그림 1과 같다.</p> <h2>2. 리눅스 커널 및 소스 특성</h2> <p>리눅스는 유닉스 표준인 POSIX에 따라 구현되어졌으며, 완전한 멀티태스킹, 가상 메모리, 공유 라이브러리, 효율적인 메모리 관리, TCP/IP 네트워킹 등 유닉스 형태의 운영체제이다. 리눅스는 무료배포, 오픈소스 정책으로 개발자 및 그 사용자가 급격히 증가하고 있어, PC 플랫폼과 서버에서 뿐만 아니라 임베디드 시장으로 확대가 활발히 진행되고 있다. 가전기기 및 통신 단말기의 시장 점유율 확대와 Soft Real- Time System의 확장, 실시간 운영체제 제조회사의 고가 정책 및 기술의 독점성으로 인하여 1998년부터 리눅스를 임베디드 운영체제로 사용하고자 하는 노력이 가시화되었으며, 최근에는 임베디드 리눅스가 활발히 연구되고 많은 분야에서 상용화되고 있다.</p> <p>또한 임베디드 리눅스를 중심으로 군용 임베디드 시스템 운영체제로서 리눅스 적용 가능성에 대한 연구가 진행 중이다. 군장비를 위해 임베디드 리눅스 운영체제를 선정하는 것은 시스템의 적용분야, 사업기간/예산, 기존 시스템과의 호환성 등 많은 사항을 고려해야 한다. 각 고려사항의 중요도는 적용 시스템의 경우에 따라 다르기 때문에 특정 운영체제가 군용 임베디드 시스템 운용체제로서 절대적인 우위를 점한다는 결론에 도달 할 수 는 없다. 다만 시스템의 성격에 따라 정비장비로서의 고려사항이 선행적으로 분석되어야하며, 이들 기준에 리눅스의 적용이 문제가 되지 않을 경우, 상용 실시간 운영체제만이 선택 기준이었던 기존의 관점과는 달리 범용 커널인 리눅스 운용체제가 군용 임베디드 시스템의 운영체제로서 상당한 장점을 가진다는 결론에 도달한 것이다.</p>",
                "context_length": 1679,
                "summary": "히터는 캐소드 전극에서 충분한 양의 전자방출이 가능하도록 가열시키는 전극으로서 진행파관에 히터전원이 공급되면 타이머가 동작하여 180~195초 동안 히터에 의해 캐소드가 예열되도록 하고, 인터페이스모듈로부터 송신명령신호가 입력되면 진행파관의 동작이 순차적으로 이루어지도록 하며 8초 후 명령을 인가하고 고장이 감지되면 자동 차단을 3회 진행하는 카운터회로가 있다. 리눅스는 유닉스 형태의 운영체제이며 가전기기 및 통신 단말기의 시장 점유율 확대와 Soft RT system의 확장, 제조회사의 고가 정책 및 기술의 독점성으로 최근 임베디드 리눅스가 활발히 연구되고 많은 분야에서 상용화되고 있다.",
                "clue": [
                    {
                        "clue_text": "히터(Heater)는 캐소드 전극에서 충분한 양의 전자방출이 가능하도록 가열시키는 전극으로서, 캐소드 전극에 대해 -6.3 \\( \\mathrm { ~V } \\)의 전압을 필요로 한다.",
                        "clue_start": "3",
                        "clue_end": "105"
                    },
                    {
                        "clue_text": "진행파관에 히터전원이 공급되면 타이머가 동작하여 180~195초 동안 히터에 의해 캐소드가 예열되도록 하고, 인터페이스모듈로부터 송신명령신호가 입력되면 고전압전원(캐소드/콜렉터)을 인가한 후 그리드 on명령을 인가하는 등 진행파관의 동작이 순차적으로 이루어지도록 한다.",
                        "clue_start": "265",
                        "clue_end": "415"
                    },
                    {
                        "clue_text": "약 8초후 고전압전원 인가 및 그리드 \"on\"명령을 인가하고 고장이 감지되면 반대의 순서로 차단하는 동작을 자동적으로 3회 수행하는 카운터회로가 있다.",
                        "clue_start": "484",
                        "clue_end": "568"
                    },
                    {
                        "clue_text": "리눅스는 유닉스 표준인 POSIX에 따라 구현되어졌으며, 완전한 멀티태스킹, 가상 메모리, 공유 라이브러리, 효율적인 메모리 관리, TCP/IP 네트워킹 등 유닉스 형태의 운영체제이다.",
                        "clue_start": "879",
                        "clue_end": "982"
                    },
                    {
                        "clue_text": "가전기기 및 통신 단말기의 시장 점유율 확대와 Soft Real- Time System의 확장, 실시간 운영체제 제조회사의 고가 정책 및 기술의 독점성으로 인하여 1998년부터 리눅스를 임베디드 운영체제로 사용하고자 하는 노력이 가시화되었으며, 최근에는 임베디드 리눅스가 활발히 연구되고 많은 분야에서 상용화되고 있다.",
                        "clue_start": "1077",
                        "clue_end": "1255"
                    }
                ],
                "terminology": [
                    {
                        "word": "Fault"
                    },
                    {
                        "word": "POSIX"
                    },
                    {
                        "word": "Pre-trigger"
                    },
                    {
                        "word": "TCP/IP"
                    },
                    {
                        "word": "latch"
                    },
                    {
                        "word": "가상 메모리"
                    },
                    {
                        "word": "고전압"
                    },
                    {
                        "word": "공유 라이브러리"
                    },
                    {
                        "word": "동기신호"
                    },
                    {
                        "word": "동기화"
                    },
                    {
                        "word": "라이브러리"
                    },
                    {
                        "word": "래치"
                    },
                    {
                        "word": "리눅스"
                    },
                    {
                        "word": "리눅스 운영체제"
                    },
                    {
                        "word": "메모리"
                    },
                    {
                        "word": "메모리 관리"
                    },
                    {
                        "word": "모듈레이터"
                    },
                    {
                        "word": "서버"
                    },
                    {
                        "word": "시스템 오동작"
                    },
                    {
                        "word": "오픈소스"
                    },
                    {
                        "word": "유닉스"
                    },
                    {
                        "word": "유닉스 형태"
                    },
                    {
                        "word": "인터페이스모듈"
                    },
                    {
                        "word": "임베디드"
                    },
                    {
                        "word": "임베디드 리눅스"
                    },
                    {
                        "word": "임베디드 시스템"
                    },
                    {
                        "word": "임베디드 운영체제"
                    },
                    {
                        "word": "전극"
                    },
                    {
                        "word": "전면판"
                    },
                    {
                        "word": "전송"
                    },
                    {
                        "word": "정합"
                    },
                    {
                        "word": "진행파관"
                    },
                    {
                        "word": "캐소드"
                    },
                    {
                        "word": "캐소드 전극"
                    },
                    {
                        "word": "콜렉터"
                    }
                ]
            },
            {
                "context_id": "55e-0c9-merge_ee_31a7cd33-2f0d3316-3f45-4a88-b6a8-196dfcd1476e_01",
                "context_K-NSCC": {
                    "field": "인공물",
                    "large_category": "EE",
                    "medium_category": "05"
                },
                "context": "<p>클라이스트론은 현재 사용 중인 저고도탐지용 레이더의 사양과 비교해 볼 때 대역폭이 더 좁은 튜브이다. 따라서 출력이 증가할수록 대역폭은 좁아지며 대역폭과 위상변화 등에 의해 저고도탐지레이더에 적용하기는 어렵다. 진행파관 증폭기는 크게 결합공동 진행파관증폭기와 헬릭스 형태의 진행파관 증폭기가 있다. 결합 공동 진행파관을 사용하면 아주 높은 첨두 전력, 또한 대역폭이 좁고, 매우 높은 전압을 필요로 하지만 상대적으로 첨두전력이 작은, 출력 레벨에서는 헬릭스 튜브를 사용하는 것이 비용 대비 효과면에서 더 효율적이다.</p> <p>또한 헬릭스 진행파관은 광대역 고출력을 방출하는 특성으로 인해 민군의 각종 레이더, 전자전, 위성통신, 신규전력화 장비 등 전량 수입에 의존하므로 장비 운영 유지 예산 급증과 정비 복구기간의 장기소요, 고장 원인분석 등을 해소하기 위한 장비정비 시스템의 요구가 증가하고 있다.</p> <p>따라서 본 논문에서는 레이더 및 단거리 대공무기체계에 사용가능한 저고도탐지레이더의 X대역 8 \\( \\mathrm { ~kW } \\)급 진행파관증폭기 정비장비를 개발 국방 군사제안을 통한 정비기술 방안을 제안한다. 진행파관은 신뢰성있는 동작을 위해 안정된 고전압전원공급기가 필수적으로 요구됨에 따라 관련된 RF 입출력 신호의 특성을 고찰하였다. 또한 정비장비 개발 시 전체 시스템 비용 절감을 위하여 라이센스 비용이 발생하지 않는 임베디드 리눅스 운영체제를 적용하였다. 마지막으로 정비장비 체계를 구현하고 진행파관증폭기 구성품 정비 후 신뢰성 시험을 통해 개발된 정비장비의 적절성을 입증하였다.</p> <h1>Ⅱ. 본 론</h1> <p>송신장치의 기능은 고주파 신호변환장치의 주파수합성기에서 발생된 신호는 변조부 결합체에 입력되어 중간주파수 신호를 만들고, 다시 국부신호와 혼합되어 \\( \\mathrm { X } ^ { - } \\) 밴드 출력신호를 만든다. 진행파관증폭부 결합체에서 증폭된 초고주파신호는 송수신전단부 결합체의 순환기를 거쳐 안테나로 보내지고 도파관을 지나 회전결합기, 편파기 구동부, 급전혼을 통하여 방사되며, 방사된 에너지는 반사기에 의해 형태의 빔으로 만들어져 안테나로 출력하는 것이다. 송수신기 유니트는 \\( \\mathrm { X } \\)-대역에서 첨두 전력 8 \\( \\mathrm { ~kW } \\), 최대 DUTY 2 \\( \\% \\) 및 평균 펄스반복주파수로, 무선주파수 펄스가 송신된다.</p> <h2>1. 제어/상태 동작특성</h2> <p>진행파관증폭기 정비장비 개발에 따른 주요사항으로 고전압전원공급기 각 모듈의 상태신호와 제어신호를 입력받아 진행파관 특성에 정합되도록 설계 및 조정되어야 한다. 진행파관은 초고주파신호를 증폭하기 위한 소자로서, 입/출력 신호용 연결기 및 5개의 전극으로 구성되어 있다. 5개의 전극은 캐소드, 콜렉터, 그리드, 헬릭스 및 히터이며, 각각의 작동은 다음과 같다. 캐소드(Cathode)는 증폭에 필요한 전자를 방출하는 전극으로서, 접지(Ground)에 대해 -15 \\( \\mathrm { kV } \\)의 고전압을 필요로 한다. 그리드(Grid)는 전자의 흐름을 단속함으로써 펄스 형태의 초고주파 신호를 발생시키는 전극으로서, 캐소드 전극에 대해 \\( -300 \\mathrm { ~V } + 150 \\mathrm { ~V } \\)의 펄스전압을 필요로 한다.</p>",
                "context_length": 1650,
                "summary": "클라이스트론은 저고도 탐지 레이더에 사용하기 어렵다. 진행파관 증폭기는 결합공동 진행파관증폭기와 헬릭스 형태의 진행파관 증폭기가 있으며, 헬릭스 튜브를 사용하는 것이 비용 대비 효과면에서 더 효율적이다. 본 논문에서는 X대역 8kW급 진행파관증폭기 정비장비를 개발하여 RF 입출력 신호의 특성을 고찰하고 시스템 비용 절감을 위하여 임베디드 리눅스 운영체제를 적용하여 신뢰성 시험을 통해 적절성을 입증하였다.",
                "clue": [
                    {
                        "clue_text": "따라서 출력이 증가할수록 대역폭은 좁아지며 대역폭과 위상변화 등에 의해 저고도탐지레이더에 적용하기는 어렵다.",
                        "clue_start": "60",
                        "clue_end": "120"
                    },
                    {
                        "clue_text": "결합 공동 진행파관을 사용하면 아주 높은 첨두 전력, 또한 대역폭이 좁고, 매우 높은 전압을 필요로 하지만 상대적으로 첨두전력이 작은, 출력 레벨에서는 헬릭스 튜브를 사용하는 것이 비용 대비 효과면에서 더 효율적이다.",
                        "clue_start": "170",
                        "clue_end": "291"
                    },
                    {
                        "clue_text": "따라서 본 논문에서는 레이더 및 단거리 대공무기체계에 사용가능한 저고도탐지레이더의 X대역 8 \\( \\mathrm { ~kW } \\)급 진행파관증폭기 정비장비를 개발 국방 군사제안을 통한 정비기술 방안을 제안한다.",
                        "clue_start": "461",
                        "clue_end": "579"
                    },
                    {
                        "clue_text": "또한 정비장비 개발 시 전체 시스템 비용 절감을 위하여 라이센스 비용이 발생하지 않는 임베디드 리눅스 운영체제를 적용하였다.",
                        "clue_start": "653",
                        "clue_end": "722"
                    },
                    {
                        "clue_text": "마지막으로 정비장비 체계를 구현하고 진행파관증폭기 구성품 정비 후 신뢰성 시험을 통해 개발된 정비장비의 적절성을 입증하였다.",
                        "clue_start": "723",
                        "clue_end": "792"
                    }
                ],
                "terminology": [
                    {
                        "word": "RF"
                    },
                    {
                        "word": "고전압"
                    },
                    {
                        "word": "고전압전원공급기"
                    },
                    {
                        "word": "고주파"
                    },
                    {
                        "word": "고주파 신호변환장치"
                    },
                    {
                        "word": "광대역"
                    },
                    {
                        "word": "급전혼"
                    },
                    {
                        "word": "대역폭"
                    },
                    {
                        "word": "도파관"
                    },
                    {
                        "word": "리눅스 운영체제"
                    },
                    {
                        "word": "무선주파수"
                    },
                    {
                        "word": "무선주파수 펄스"
                    },
                    {
                        "word": "반사기"
                    },
                    {
                        "word": "밴드"
                    },
                    {
                        "word": "변조부 결합체"
                    },
                    {
                        "word": "송수신기"
                    },
                    {
                        "word": "송수신전단부 결합체"
                    },
                    {
                        "word": "송신"
                    },
                    {
                        "word": "순환기"
                    },
                    {
                        "word": "신뢰성"
                    },
                    {
                        "word": "위상변화"
                    },
                    {
                        "word": "유니트"
                    },
                    {
                        "word": "임베디드 리눅스"
                    },
                    {
                        "word": "저고도탐지레이더"
                    },
                    {
                        "word": "저고도탐지용 레이더"
                    },
                    {
                        "word": "전극"
                    },
                    {
                        "word": "정합"
                    },
                    {
                        "word": "제어신호"
                    },
                    {
                        "word": "주파수합성기"
                    },
                    {
                        "word": "중간주파수"
                    },
                    {
                        "word": "증폭기"
                    },
                    {
                        "word": "진행파관"
                    },
                    {
                        "word": "진행파관증폭기"
                    },
                    {
                        "word": "첨두"
                    },
                    {
                        "word": "첨두 전력"
                    },
                    {
                        "word": "캐소드"
                    },
                    {
                        "word": "캐소드 전극"
                    },
                    {
                        "word": "콜렉터"
                    },
                    {
                        "word": "클라이스트론"
                    },
                    {
                        "word": "펄스 형태"
                    },
                    {
                        "word": "편파기"
                    },
                    {
                        "word": "헬릭스"
                    },
                    {
                        "word": "헬릭스 진행파관"
                    }
                ]
            }
        ]
    }
}