{
    "dataset_info": {
        "identifier": "02-031-002-NL",
        "name": "기술과학 문서 요약 데이터",
        "category": "자연어",
        "last_updated": "2023-08-30"
    },
    "dataset": {
        "doc_id": "31a7cd33-07c043bf-e8b4-4c32-b3bf-68fef37e1331",
        "doc_type": "논문",
        "doc_title": {
            "kor": "\bDuo-Binary 터보 부호를 이용한 협동 다이버시티 성능 분석",
            "eng": ""
        },
        "doc_category": {
            "KDC": "560.5",
            "DDC": ""
        },
        "doc_number": {
            "ISSN": "2287-5026",
            "ISBN": "",
            "DOI": "",
            "UCI": ""
        },
        "doc_year": "2009",
        "doc_author": [
            "여성문",
            "김수영"
        ],
        "doc_publisher": "대한전자공학회",
        "doc_license": "CC BY-NC",
        "context_info": [
            {
                "context_id": "55e-0c9-32c90551-a6f2-4ef4-89b7-7b4a157130e2",
                "context_K-NSCC": {
                    "field": "인공물",
                    "large_category": "EE",
                    "medium_category": "06"
                },
                "context": "<h1>III. 제안한 방법</h1> <h2>1. 기본 개념</h2> <p>본 장에서는 부호율 호환 가능 duo-binary 터보 부 호를 적용한 부호화 협동 기술을 소개한다. 이때, 기존의 기술에서와 같이 TDD 모드로 가정한다. 이때, 사용하는 duo-binary 터보 부호는 부호율 호환가능 부호로써 시스터메틱 정보와 두 개로 구분되는 패리티 1 및 패리티 2 로 구성되어 있는 모부호를 가진다고 가정한다. 따라서 이 부호는 천공 패턴에 따라 시스터메틱 정보와 패리티 1 또는 시스터메틱 정보와 패리티 2를 가지고 천공 부호를 구성할 수 있다.</p> <p>이러한 부호를 이용하여, 첫 번째 프레임에서 사용자 들은 상대편 단말과 기지국에 전체 \\( N \\) 비트의 모부호어 중 첫 번째 프레임에 시스터메틱 정보와 패리티 1로 구성된 \\( N_{1} \\) 비트를 전송한다. 또, 각 사용자들은 상대편 단말의 첫 번째 프레임을 복호한다. 이때, 상대편 단말의 첫 번째 프레임이 성공적으로 복호되었다면 두 번째 프레임에는 상대 단말에 대한 시스터메틱 정보와 패리티 2를 기지국에 전송한다. 반면에 상대편 단말의 첫 번째 프레임이 성공적으로 복호가 되지 않는다면 두 번째 프레임에는 자신에 대한 패리티 2를 기지국에 전송한다. 각 사용자들은 항상 두 개의 프레임을 합쳐 \\( N \\) 비트를 전송하게 된다.</p> <p>다음 절에서는 먼저 첫 번째로 duo-binary 터보 부호의 기본 구조 및 개념을 소개하고, 이를 기존의 부호화 협동 기술에 적용한다. 그 후 제안한 부호화 협동 기술에 duo-binary 터보 부호를 적용한다.</p> <h2>2. Duo-Binary 터보 부호</h2> <p>Duo-Binary 터보 부호는 double binary circular RSC를 사용한다. 이것은 양방향 위성방송 규격 (Digital Video Broadcasting - Return Channel via Satellite;DVB-RCS)와 IEEE 802.16e에 대한 채널 부호화 기술로서 정의가 되어 있다. \"double binary\" 란 의미는 두 비트 단위로 전 부호화 과정이 처리되고, 복호시에도 두 비트 단위로 복호가 수행된다는 것이다. 그림 3은 duo-binary 터보 부호의 부호기 다이어그램을 나타낸 것이다. 터보 부호기는 2개의 recursive systematic convolutional 부호가 동시에 연결 되어 있다. 부호기에서는 정보어 \"AB\" 비트에 대해서 첫 번째 RSC는 패리티 비트 \"Y1W1\"를 만들고, 두 번째 RSC는 정보어가 인터리버를 거쳐서 만들어진 비트에 대해 패리티 비트 \"Y2W2\"를 만들다.</p> <h2>3. duo-binary 터보 부호를 적용시킨 기존의 기술</h2> <p>먼저, 참고문헌 [2]에 제시되어 있는 기존의 방법에 위의 duo-binary 터보 부호를 적용해보자. 그림 4에는 사용자 1과 사용자 2가 서로 협력하여 통신하는 동작 원리가 나타나 있는데, 첫 프레임에 대한 부호어는 첫 RSC 부호를 사용해서 얻을 수 있다. 먼저 사용자 1은 자신에 대한 \" \\( \\mathrm{A}_{1} \\mathrm{~B}_{1} \\) \" 소스 비트와 첫 RSC 부호에 대한 출력인 \" \\( \\mathrm{Y}_{1} 1 \\mathrm{~W}_{1} 1^{\\text {\" }} \\) 패리티 비트를 사용자 2에 전송한다. 사용자 1에 의해 전송된 부호어가 사용자 2의 단말기에서 성공적으로 복호되었다면, 사용자 2은 \\( K \\) 비트 블록을 갖는 사용자 1의 \" \\( \\mathrm{A}_{1} \\mathrm{~B}_{1} \\) \" 소스 비트를 인터리빙 한 후 두 번째 RSC 부호에 대한 출력인 \" \\( \\mathrm{Y}_{1} 2 \\mathrm{~W}_{1} 2 \\) \"의 패리티 비트를 사용자 2 자신의 \" \\( \\mathrm{A}_{2} \\mathrm{~B}_{2} \\mathrm{Y}_{2} \\mathrm{IW}_{2} \\) 1\"과 같이 기지국으로 전송한다. 이렇게 되면 기지국에서는 사용자 1이 직접 전송한 \" \\( \\mathrm{A}_{1} \\mathrm{~B}_{1} \\) \" 및 \" \\( \\mathrm{Y}_{1} 1 \\mathrm{~W}_{1} 1 \\) \"과 사용자 2가 전송해 준 \" \\( \\mathrm{Y}_{1} 2 \\mathrm{~W}_{1} 2 \\) \"를 이용하여 부호화율 1/3의 부호로 반복적인 복호를 실시할 수 있게 된다.</p> <p>그러나 만약 사용자 1에 의해 전송된 부호어가 사용자 2의 단말기에서 성공적으로 복호되지 못하면, 사용자 2는 자신의 소스 비트를 인터리빙 시키고 그것을 부 호화한 후 기지국으로 자신의 소스 비트와 두 번째 RSC에서 얻어진 \" \\( \\mathrm{Y}_{2} 2 \\mathrm{~W}_{2} 2 \\) \"를 보낼 것이다. 이렇게 되면, 기지국에서는 사용자 1에 대한 수신 신호로써, 사용자 1이 직접 전송한 \" \\( \\mathrm{A}_{1} \\mathrm{~B}_{1} \\) \" 및 \" \\( \\mathrm{Y}_{1} 1 \\mathrm{~W}_{1} 1 \\) \"밖에 수신할 수 없게 되므로, 부호화율 1/2로 일반적인 비터비 복호 방법으로 복호를 하게 된다. 대신 사용자 2는 자신의 모든 정보를 전송하게 되므로 사용자 2에 대해서는 1/3의 부호화율로 복호를 할 수 있게 된다.</p>",
                "context_length": 2640,
                "summary": "duo-binary 터보 부호는 부호율 호환가능 부호로써 시스터메틱 정보와 두 개로 구분되는 패리티 1 및 패리티 2 로 구성되어 있는 모부호를 가진다고 가정하며, double binary circular RSC를 사용한다. 이러한 duo-binary 터보 부호를 기존 방법에 적용해보니, 전송된 부호어가 성공적으로 복호되었을때는 부호화율 1/3의 부호로 반복적인 복호를 실시할 수 있었다.",
                "clue": [
                    {
                        "clue_text": "이때, 사용하는 duo-binary 터보 부호는 부호율 호환가능 부호로써 시스터메틱 정보와 두 개로 구분되는 패리티 1 및 패리티 2 로 구성되어 있는 모부호를 가진다고 가정한다.",
                        "clue_start": "130",
                        "clue_end": "230"
                    },
                    {
                        "clue_text": "Duo-Binary 터보 부호는 double binary circular RSC를 사용한다.",
                        "clue_start": "838",
                        "clue_end": "889"
                    },
                    {
                        "clue_text": "먼저, 참고문헌 [2]에 제시되어 있는 기존의 방법에 위의 duo-binary 터보 부호를 적용해보자.",
                        "clue_start": "1361",
                        "clue_end": "1418"
                    },
                    {
                        "clue_text": "사용자 1에 의해 전송된 부호어가 사용자 2의 단말기에서 성공적으로 복호되었다면,",
                        "clue_start": "1667",
                        "clue_end": "1712"
                    },
                    {
                        "clue_text": "이렇게 되면 기지국에서는 사용자 1이 직접 전송한 \" \\( \\mathrm{A}_{1} \\mathrm{~B}_{1} \\) \" 및 \" \\( \\mathrm{Y}_{1} 1 \\mathrm{~W}_{1} 1 \\) \"과 사용자 2가 전송해 준 \" \\( \\mathrm{Y}_{1} 2 \\mathrm{~W}_{1} 2 \\) \"를 이용하여 부호화율 1/3의 부호로 반복적인 복호를 실시할 수 있게 된다.",
                        "clue_start": "1975",
                        "clue_end": "2191"
                    }
                ],
                "terminology": [
                    {
                        "word": "Broadcasting"
                    },
                    {
                        "word": "RSC"
                    },
                    {
                        "word": "TDD"
                    },
                    {
                        "word": "TDD 모드"
                    },
                    {
                        "word": "convolutional"
                    },
                    {
                        "word": "convolutional 부호"
                    },
                    {
                        "word": "double binary circular RSC"
                    },
                    {
                        "word": "duo-binary 터보 부호"
                    },
                    {
                        "word": "recursive"
                    },
                    {
                        "word": "systematic"
                    },
                    {
                        "word": "다이어그램"
                    },
                    {
                        "word": "모부호"
                    },
                    {
                        "word": "복호"
                    },
                    {
                        "word": "부호어"
                    },
                    {
                        "word": "부호율 호환"
                    },
                    {
                        "word": "부호화 기술"
                    },
                    {
                        "word": "부호화 협동 기술"
                    },
                    {
                        "word": "부호화율"
                    },
                    {
                        "word": "비터비"
                    },
                    {
                        "word": "비터비 복호 방법"
                    },
                    {
                        "word": "비트"
                    },
                    {
                        "word": "비트 블록"
                    },
                    {
                        "word": "소스 비트"
                    },
                    {
                        "word": "시스터메틱"
                    },
                    {
                        "word": "양방향 위성방송 규격"
                    },
                    {
                        "word": "위성방송"
                    },
                    {
                        "word": "인터리버"
                    },
                    {
                        "word": "인터리빙"
                    },
                    {
                        "word": "전송"
                    },
                    {
                        "word": "정보어"
                    },
                    {
                        "word": "채널 부호화"
                    },
                    {
                        "word": "천공"
                    },
                    {
                        "word": "천공 부호"
                    },
                    {
                        "word": "천공 패턴"
                    },
                    {
                        "word": "터보 부호"
                    },
                    {
                        "word": "터보 부호기"
                    },
                    {
                        "word": "패리티"
                    },
                    {
                        "word": "패리티 비트"
                    },
                    {
                        "word": "프레임"
                    }
                ]
            },
            {
                "context_id": "55e-0c9-fe9d1c0c-095f-435d-99d0-3cc1f1e9526d",
                "context_K-NSCC": {
                    "field": "인공물",
                    "large_category": "EE",
                    "medium_category": "06"
                },
                "context": "<h1>I. 서 론</h1> <p>이동통신 시스템에서의 다중 경로로 인한 페이딩 현 상을 극복할 수 있는 가장 효과적인 방법 중 하나는 다중 안테나를 이용하여 다이버시티 이득을 얻는 방법이다. 그러나 소형 사용자 단말에 여러 개의 안테나를 탑재하기에는 어려움이 있기 때문에 사용자 단말에서 상향링크 전송 다이버시티를 얻기에는 여러 가지 현실적인 제약 조건이 존재하였다. 이러한 제약을 극복하기 위한 효과적인 대안으로써, 협동 다이버시티 기법이 소개되었다. 이 협동 기술을 이용하는 사용자 단말들은 상대편 단말에서 수신된 신호들을 중계하는 방식으로 서로의 안테나를 공유하여 상향링크 전송 다이버시티를 수행하는 것이다.</p> <p>최근에는 협동 다이버시티 기법에 다양한 오류 정정 부호화 기술들을 적용한 부호화 협동 다이버시티 기법 들이 제안되었다. 특히, 최근 반복 복호를 통하여 큰 부호화 이득을 얻을 수 있는 터보 부호화 기술 발전으로 여러 가지 차세대 이동통신 시스템 규격에 터보 부호가 정의 되었는데, 이러한 이유로 터보 부호를 이용한 다양한 부호화 협동 기술들이 제안되었다. 예를 들어 참고문헌 [2]에서는 터보부호를 이용한 시공간 협동 (space-time cooperation) 기술을 소개하였다. 이를 좀 더 발전시켜, 터보 부호의 두 개의 내부 구성부호 중 하나는 사용자 단말에서 다른 하나는 상대편 중계 단말에서 분리하여 수행하는 형태로써 부호화 협동 기술에 적용시킨 분산 터보 부호에 시공간 부호(space time coding : STC)를 결합시킨 기술을 참고문헌 [3]에서 소개하였다. 그리고 참고문헌 [4]에서는 기존의 부호화 다이버시티 기법에 대해 여러 가지 환경에서 다양한 형태의 블록 부호, 길쌈 부호 또는 이 둘을 결합시킨 부호들을 적용해서 성능을 분석하였다. 또한 단일 송수신 안테나 시스템(single-input single-output: SISO)과 다중 송수신 안테나 시스템(multi-input multi-output: MIIMO)에서의 협동 터보 부호에 대한 다양한 부호 및 복호 기술이 참고문헌 [5]에 명시되어 있다. 참고문헌 [6]과 [7]은 low density parity check (LDPC) 부호를 사용한 부호화 협동 다이버시티 기술을 소개하였다.</p> <p>참고문헌 [4]에서 제시한 레일레이 페이딩 채널 (Rayleigh fading channel)에서의 협동율에 따른 성능 비교 분석을 살펴보면, 협동율이 높아질수록 더 좋은 성능을 보여주고 있다. 따라서 중계기 즉 상대편 단말에서 더 좋은 복호 성능을 낼 수 있는 부호를 협동 부호화 방식으로 사용한다면 최종단에서 기존의 부호화 협동 기술보다는 더 좋은 성능을 가질 것이라는 것은 쉽게 예상할 수 있다. 따라서 본 논문에서는 상대 단말에서도 복잡도의 증가를 감수하는 대신 단순한 복호 방식이 아닌 반복적인 복호를 사용하여 복호 성능을 향상 시킬 수 있도록 송신 비트를 구성하여 전송함으로써 성능 향상을 기대하고자 한다.</p> <p>이러한 방식에서 사용자 단말은 시스터매틱 (systematic) 정보와 함께 패리티 (parity) 정보의 일부를 전송하고 상대편 단말에서는 전송된 부호어에 대한 반복적인 복호 과정을 통해서 정보를 복원 후 복원된 정보에 새로운 패리티를 추가하는 재 부호화 과정을 거쳐 사용자 단말이 보내지 않은 새로운 패리티를 전송할 수 있을 것이다. 본 논문에서는 이러한 방식에 착안하여 부호율 호환 가능 (rate compatible) duo-binary 터보 부호를 사용한 터보 부호화 협동 다이버시티 기술을 제안한다.</p> <p>본 서론에 이어 II장에서는 참고문헌 [2]에서 소개된 기존의 부호화 다이버시티 기술의 기본 개념을 살펴본다. III장에서는 duo-binary 터보 부호를 사용한 제안한 부호화 다이버시티 기술을 소개하고 IV장에서 기존의 기술과 제안한 기술의 성능 시뮬레이션 결과를 살펴보고 비교 분석한 후 마지막으로 V장에서 결론을 맺기로 한다.</p>",
                "context_length": 1967,
                "summary": "소형 사용자 단말에 여러 안테나를 탑재하는 것이 어렵기 때문에 협동 다이버시티 기법이 제안되었다. 이 방식에서는 중계기 또는 상대편 단말에서 협동 부호화 방식을 사용해 더 나은 복호 성능을 발휘하도록 한다. 복잡도 증가를 감수하고 복호 성능 향상을 위해 반복적인 복호를 사용하며, 부호율 호환 가능한 duo-binary 터보 부호를 사용한 터보 부호화 협동 다이버시티 기술이 제안되었다.",
                "clue": [
                    {
                        "clue_text": "그러나 소형 사용자 단말에 여러 개의 안테나를 탑재하기에는 어려움이 있기 때문에 사용자 단말에서 상향링크 전송 다이버시티를 얻기에는 여러 가지 현실적인 제약 조건이 존재하였다.",
                        "clue_start": "108",
                        "clue_end": "206"
                    },
                    {
                        "clue_text": "따라서 중계기 즉 상대편 단말에서 더 좋은 복호 성능을 낼 수 있는 부호를 협동 부호화 방식으로 사용한다면 최종단에서 기존의 부호화 협동 기술보다는 더 좋은 성능을 가질 것이라는 것은 쉽게 예상할 수 있다.",
                        "clue_start": "1240",
                        "clue_end": "1355"
                    },
                    {
                        "clue_text": "따라서 본 논문에서는 상대 단말에서도 복잡도의 증가를 감수하는 대신 단순한 복호 방식이 아닌 반복적인 복호를 사용하여 복호 성능을 향상 시킬 수 있도록 송신 비트를 구성하여 전송함으로써 성능 향상을 기대하고자 한다.",
                        "clue_start": "1356",
                        "clue_end": "1476"
                    },
                    {
                        "clue_text": "본 논문에서는 이러한 방식에 착안하여 부호율 호환 가능 (rate compatible) duo-binary 터보 부호를 사용한 터보 부호화 협동 다이버시티 기술을 제안한다.",
                        "clue_start": "1673",
                        "clue_end": "1769"
                    },
                    {
                        "clue_text": "이러한 제약을 극복하기 위한 효과적인 대안으로써, 협동 다이버시티 기법이 소개되었다.",
                        "clue_start": "207",
                        "clue_end": "254"
                    }
                ],
                "terminology": [
                    {
                        "word": "MIIMO"
                    },
                    {
                        "word": "SISO"
                    },
                    {
                        "word": "STC"
                    },
                    {
                        "word": "duo-binary 터보 부호"
                    },
                    {
                        "word": "길쌈 부호"
                    },
                    {
                        "word": "다이버시티"
                    },
                    {
                        "word": "다이버시티 기법"
                    },
                    {
                        "word": "다이버시티 기술"
                    },
                    {
                        "word": "다중 경로"
                    },
                    {
                        "word": "다중 송수신 안테나"
                    },
                    {
                        "word": "다중 송수신 안테나 시스템"
                    },
                    {
                        "word": "다중 안테나"
                    },
                    {
                        "word": "단일 송수신 안테나 시스템"
                    },
                    {
                        "word": "레일레이"
                    },
                    {
                        "word": "레일레이 페이딩 채널"
                    },
                    {
                        "word": "반복 복호"
                    },
                    {
                        "word": "복호 과정"
                    },
                    {
                        "word": "복호 기술"
                    },
                    {
                        "word": "복호 성능"
                    },
                    {
                        "word": "부호어"
                    },
                    {
                        "word": "부호율 호환"
                    },
                    {
                        "word": "부호율 호환 가능 (rate compatible)"
                    },
                    {
                        "word": "부호화 기술"
                    },
                    {
                        "word": "부호화 이득"
                    },
                    {
                        "word": "부호화 협동 기술"
                    },
                    {
                        "word": "부호화 협동 다이버시티 기법"
                    },
                    {
                        "word": "블록 부호"
                    },
                    {
                        "word": "상향링크"
                    },
                    {
                        "word": "상향링크 전송 다이버시티"
                    },
                    {
                        "word": "소형 사용자 단말"
                    },
                    {
                        "word": "송수신"
                    },
                    {
                        "word": "송신"
                    },
                    {
                        "word": "시공간 부호"
                    },
                    {
                        "word": "시뮬레이션"
                    },
                    {
                        "word": "시스터매틱"
                    },
                    {
                        "word": "시스터매틱 (systematic) 정보"
                    },
                    {
                        "word": "오류 정정 부호화 기술"
                    },
                    {
                        "word": "이동통신 시스템"
                    },
                    {
                        "word": "재 부호화"
                    },
                    {
                        "word": "전송"
                    },
                    {
                        "word": "전송 다이버시티"
                    },
                    {
                        "word": "중계 단말"
                    },
                    {
                        "word": "차세대 이동통신 시스템"
                    },
                    {
                        "word": "터보 부호"
                    },
                    {
                        "word": "터보 부호화"
                    },
                    {
                        "word": "터보 부호화 기술"
                    },
                    {
                        "word": "터보부호"
                    },
                    {
                        "word": "패리티"
                    },
                    {
                        "word": "패리티 (parity) 정보"
                    },
                    {
                        "word": "페이딩"
                    },
                    {
                        "word": "페이딩 채널"
                    },
                    {
                        "word": "협동 다이버시티"
                    },
                    {
                        "word": "협동 다이버시티 기법"
                    },
                    {
                        "word": "협동 다이버시티 기술"
                    },
                    {
                        "word": "협동 부호화"
                    },
                    {
                        "word": "협동 터보 부호"
                    },
                    {
                        "word": "협동율"
                    }
                ]
            },
            {
                "context_id": "55e-0c9-4ead5c3a-f5c9-4366-8b97-3ffa17ddb17e",
                "context_K-NSCC": {
                    "field": "인공물",
                    "large_category": "EE",
                    "medium_category": "06"
                },
                "context": "<h2>4. duo-binary 터보 부호를 적용시킨 제안한 기술</h2> <p>성능을 향상시키기 위해서 이 논문에서 기존의 협동 다이버시티에 수정된 방법을 적용하였다. 기존의 방법에서 첫 번째 RSC로부터 얻어진 \" \\( \\mathrm{Y}_{1} 1 \\mathrm{~W}_{1} 1 \\) \"을 전부 보내는 대신 첫 번째 RSC에서 얻어진 패리티 \" \\( \\mathrm{Y}_{1} 1 \\) \"과 사용자 1의 소스 비트를 인터리빙 시킨 것에 대응하는 두 번째 RSC에서 얻어진 \" \\( \\mathrm{Y}_{1}2 \\) \"을 사용자 1의 소스 비트와 함께 \" \\( \\mathrm{A}_{1} \\mathrm{~B}_{1} \\mathrm{Y}_{1} 1 \\mathrm{Y}_{1} 2 \\) \" 형태의 부호어로 사용자 2와 기지 국에 보낸다. 위의 \" \\( \\mathrm{A}_{1} \\mathrm{~B}_{1} \\mathrm{Y}_{1} 1 \\mathrm{Y}_{1} \\) \"는 전체 모부호 \" \\( \\mathrm{A}_{1} \\mathrm{~B}_{1} \\mathrm{Y}_{1} 1 \\mathrm{Y}_{1} 2 \\mathrm{~W}_{1} 1 \\mathrm{~W}_{1} 2 \\) \"에 대한 천공 부호가 되므로, 반복 복호 방식으로 복호를 할 수 있게 된다.</p> <p>따라서 이 방법에서는 사용자 2의 단말기에서 사용 자 1 이 전송한 부호어를 반복적인 복호 방식을 이용하여 복호하게 된다. 이 때, 복호가 성공적으로 수행되게 되면, 사용자 2 는 사용자 1에 대한 \" \\( \\mathrm{A}_{1} \\mathrm{~B}_{1} \\) \" 소스 비트를 재 부호화 한 후, 사용자 1이 천공하여 전송하지 않은 나머지 패리티 비트 \" \\( W_{1} 1 W_{1} 2 \\) \"를 두 번째 프레임에 담 아 기지국에 전송한다. 이렇게 되면 기지국에서는 사용자 1이 직접 전송한 \" \\( \\mathrm{A}_{1} \\mathrm{~B}_{1} \\) \" 및 \" \\( \\mathrm{Y}_{1} 1 \\mathrm{Y}_{1} \\) “과 사용자 2 가 전송해 준 \" \\( \\mathrm{W}_{1} 1 \\mathrm{~W}_{1} 2 \\) \"를 이용하여 전체 모부호를 수신할 수 있으므로 부호화율 1/3의 부호로 반복적인 복호를 실시할 수 있게 된다.</p> <p>따라서 이 방법에서는 사용자 2의 단말기에서 사용자 1이 전송한 부호어를 반복적인 복호 방식을 이용하여 복호하게 된다. 이 때, 복호가 성공적으로 수행되게 되면, 사용자 2는 사용자 1에 대한 \" \\( \\mathrm{A}_{1} \\mathrm{~B}_{1} \\) \" 소스 비트를 재 부호화 한 후, 사용자 1이 천공하여 전송하지 않은 나머지 패리티 비트 “ \\( \\mathrm{W}_{1} 1 \\mathrm{~W}_{1} 2 \\) \"를 두 번째 프레임에 담아 기지국에 전송한다. 이렇게 되면 기지국에서는 사용자 1이 직접 전송한 \" \\( \\mathrm{A}_{1} \\mathrm{~B}_{1} \\) \" 및 \" \\( \\mathrm{Y}_{1} 1 \\mathrm{Y}_{1} 2 \\) \"과 사용자 2가 전송해 준 \" \\( \\mathrm{W}_{1} 1 \\mathrm{~W}_{1} 2 \\) \"를 이용하여 전체 모부호를 수신할 수 있으므로 부호화율 1/3의 부호로 반복적인 복호를 실시할 수 있게 된다.</p> <p>그러나 만약 사용자 1의 첫 프레임이 사용자 2의 복호기에서 성공적으로 복호되지 않았다면 사용자 2는 자신의 첫 번째 프레임에서 천공하여 전송하지 않았던 나머지 패리티 부분을 두 번째 프레임에 담아 전송하게 된다. 이 경우, 기지국에서는 사용자 1에 대한 정보는 \\( { }^{\"} \\mathrm{~A}_{1} \\mathrm{~B}_{1} \\mathrm{Y}_{1} 1 \\mathrm{Y}_{1}{ }^{4}\" \\) 만 존재하게 되므로 사용자 1에 대해서는 1/2의 부호로 반복적인 복호를 실시하게 된다.</p> <p>그림 5는 제안한 방법의 동작 원리 보여주고 있다. 기존의 방법과 제안한 방법의 주요 차이점은 각 사용자 단말기에서의 복호 복합도이다. 기존의 방법에서는 상대편 단말이 보낸 정보어를 복구시키는데 단순한 비터비 복호기만을 사용하지만, 제안한 방법에서는 반복 복호기를 사용하기 때문에 복잡도와 지연을 감수하는 대신에 성능의 향상을 얻을 수 있다. 또한, 상대 단말기에서 복호가 실패하여 기지국에서 시스터메틱 정보와 패리티의 반만을 수신하게 되는 경우에도 기존의 방식에서는 비터비 복호기를 사용하게 되지만, 제안 방식에서는 반복적인 복호 수행이 가능하므로 더 큰 성능 향상이 있을 수 있다.</p>",
                "context_length": 2283,
                "summary": "논문에서는 기존의 협동 다이버시티에 수정된 방법을 적용하여 성능을 향상시켰다. 제안한 방식은 첫 번째 RSC에서 얻어진 패리티 \" \\( \\mathrm{Y}_{1} 1 \\) \"와 사용자 1의 소스 비트를 인터리빙한 것에 대응하는 두 번째 RSC에서 얻어진 \" \\( \\mathrm{Y}_{1}2 \\) \"을 사용자 1의 소스 비트와 같이 \" \\( \\mathrm{A}_{1} \\mathrm{~B}_{1} \\mathrm{Y}_{1} 1 \\mathrm{Y}_{1} 2 \\) \" 형태의 부호어로 기지국과 사용자 2에 보내는 방식이다. 이 방식은 반복 복호기를 사용하여 복잡도와 지연이 있지만 성능은 향상된다. 또한, 복호가 실패하는 경우에도 반복 복호 수행이 가능하므로 성능을 더욱 향상시킬 수 있다.",
                "clue": [
                    {
                        "clue_text": "성능을 향상시키기 위해서 이 논문에서 기존의 협동 다이버시티에 수정된 방법을 적용하였다.",
                        "clue_start": "45",
                        "clue_end": "94"
                    },
                    {
                        "clue_text": "기존의 방법에서 첫 번째 RSC로부터 얻어진 \" \\( \\mathrm{Y}_{1} 1 \\mathrm{~W}_{1} 1 \\) \"을 전부 보내는 대신 첫 번째 RSC에서 얻어진 패리티 \" \\( \\mathrm{Y}_{1} 1 \\) \"과 사용자 1의 소스 비트를 인터리빙 시킨 것에 대응하는 두 번째 RSC에서 얻어진 \" \\( \\mathrm{Y}_{1}2 \\) \"을 사용자 1의 소스 비트와 함께 \" \\( \\mathrm{A}_{1} \\mathrm{~B}_{1} \\mathrm{Y}_{1} 1 \\mathrm{Y}_{1} 2 \\) \" 형태의 부호어로 사용자 2와 기지 국에 보낸다.",
                        "clue_start": "95",
                        "clue_end": "413"
                    },
                    {
                        "clue_text": "따라서 이 방법에서는 사용자 2의 단말기에서 사용 자 1 이 전송한 부호어를 반복적인 복호 방식을 이용하여 복호하게 된다.",
                        "clue_start": "658",
                        "clue_end": "726"
                    },
                    {
                        "clue_text": "기존의 방법에서는 상대편 단말이 보낸 정보어를 복구시키는데 단순한 비터비 복호기만을 사용하지만, 제안한 방법에서는 반복 복호기를 사용하기 때문에 복잡도와 지연을 감수하는 대신에 성능의 향상을 얻을 수 있다.",
                        "clue_start": "2028",
                        "clue_end": "2143"
                    },
                    {
                        "clue_text": "또한, 상대 단말기에서 복호가 실패하여 기지국에서 시스터메틱 정보와 패리티의 반만을 수신하게 되는 경우에도 기존의 방식에서는 비터비 복호기를 사용하게 되지만, 제안 방식에서는 반복적인 복호 수행이 가능하므로 더 큰 성능 향상이 있을 수 있다.",
                        "clue_start": "2144",
                        "clue_end": "2279"
                    }
                ],
                "terminology": [
                    {
                        "word": "RSC"
                    },
                    {
                        "word": "duo-binary 터보 부호"
                    },
                    {
                        "word": "다이버시티"
                    },
                    {
                        "word": "모부호"
                    },
                    {
                        "word": "반복 복호기"
                    },
                    {
                        "word": "복호 복합도"
                    },
                    {
                        "word": "복호기"
                    },
                    {
                        "word": "부호어"
                    },
                    {
                        "word": "부호화율"
                    },
                    {
                        "word": "비터비 복호기"
                    },
                    {
                        "word": "소스 비트"
                    },
                    {
                        "word": "인터리빙"
                    },
                    {
                        "word": "정보어"
                    },
                    {
                        "word": "천공"
                    },
                    {
                        "word": "천공 부호"
                    },
                    {
                        "word": "패리티 비트"
                    },
                    {
                        "word": "협동 다이버시티"
                    }
                ]
            }
        ]
    }
}