{
    "dataset_info": {
        "identifier": "02-031-002-NL",
        "name": "기술과학 문서 요약 데이터",
        "category": "자연어",
        "last_updated": "2023-08-30"
    },
    "dataset": {
        "doc_id": "31a7cd33-1b2fc872-692b-4af0-9d78-6158a1652300",
        "doc_type": "논문",
        "doc_title": {
            "kor": "디지털 자동 초점을 위한 등방성 점확산함수 추정",
            "eng": ""
        },
        "doc_category": {
            "KDC": "560.5",
            "DDC": ""
        },
        "doc_number": {
            "ISSN": "2287-5026",
            "ISBN": "",
            "DOI": "",
            "UCI": ""
        },
        "doc_year": "2009",
        "doc_author": [
            "김동균",
            "박영욱",
            "이진희",
            "백준기"
        ],
        "doc_publisher": "대한전자공학회",
        "doc_license": "CC BY-NC",
        "context_info": [
            {
                "context_id": "55e-0c9-merge_2_31a7cd33-1b2fc872-692b-4af0-9d78-6158a1652300_02",
                "context_K-NSCC": {
                    "field": "인공물",
                    "large_category": "EE",
                    "medium_category": "99"
                },
                "context": "<p>\\( a n g = \\tan ^ { -1 } (y / x) \\)<caption>\\( (3) \\)</caption></p> <p>이고, 이때 \\( a n g \\) 는 각도, \\( y \\) 는 외곽 화소의 상하차이, \\( x \\)는 외곽화소의 좌우차이를 의미한다. 그림 4 의 예에서는 좌우로 7화소만큼 증가했을 때 상하로 4화소만킴 증가했으므로 중심에 있는 윤곽 화소의 방향은 식 (3)에 따라 \\( 0.5191 \\) 라디안이 된다.</p> <h2>3. PSF 추정을 위한 윤곽 프로파일 생성</h2> <p>윤곽의 방향이 결정되면 영상 전반에 있는 윤곽 화소마다 윤곽 프로파일을 수집해야 한다. 윤곽 프로파일이란, 윤곽의 밝기 값 변화를 보여주는 숫자 배열을 의미한다. 모든 윤곽에는 윤곽 프로하일이 있고 점확산함수 추정에 있어서 윤곽 프로파일은 많으면 많을수록 정확도가 높아지기 때문에 최대한 많은 윤곽 프로파일을 모은다. 그림 5 는 윤곽 프로파일의 획득 과정을 도식화한 모습이다. (a)는 윤곽에서 방향에 따라 윤곽 프로파일을 얻는 형태를 보여주고, (b)는 얻어진 윤곽 프로파일을 그래프로 보여준다. 이렇게 수집된 윤곽 프로파일을 모두 평균하여 최종적으로 점확산함수의 추정에 사용될 계단옹답(step response)을 얻게 된다.</p> <h1>IV. 특이값 분해룔 이용한 점확산함수 추정</h1> <p>윤곽 프로파일을 이용하여 점확산함수를 추정하기 위해,</p> <p>\\( A r = s \\)<caption>(4)</caption></p> <p>의 해를 구한다. 이 때, \\( A \\) 는 \\( D \\times(R + 1) \\) 의 행렬이고 그 원소는 식 (1)의 \\( p(R) \\) 의 누적으로 정의 된다. \\( r \\) 은 \\( (R + 1) \\times 1 \\) 의 벡터로 그 원소는 정수배 반지름일 때 점확산함수의 값이다. \\( s \\) 는 \\( D \\times 1 \\) 의 벡터로 그 원소는 윤곽 프로파일의 계단응답으로 정의된다.</p> <p>\\( D>(R + 1) \\) 과 같이 식 \\( (4) \\) 의 등식은 미지수보다 많기 때문에 \\( r \\) 을 구할 수 있다. \\( r \\) 을 구하기 위해선 \\( A \\) 의 역함수를 구해야 한다. 하지만 점확산함수의 크기에 커짐에 따라 \\( A \\) 의 크기 또한 커져 역함수를 구하는 것이 실질적으로 불가능에 가까운 일이 발생하게 된다. 이를 해결하고자 특이값 분해(singular value decomposition: \\( \\mathrm { SVD } \\) )를 수행하여 의사역행렬(pseudo-inverse)을 구하고 이를 이용하여 답을 구한다. A \\) 행렬은,</p> <p>\\( A=U S V ^ { T } \\)<caption>(5)</caption></p> <p>로 분해된다. 여기서, \\( U \\) 는 \\( D \\times D \\) 의 직교행렬 (orthogonal matrix)이고, \\( S \\) 는 \\( D \\times(R + 1) \\) 의 대각위치에만 값을 가지는 직사각형 행렬이고, \\( V \\) 는 \\( (R + 1) \\times(R + 1) \\)의 직교행렬이다.</p> <p>\\( A \\) 의 의사역행렬은</p> <p>\\( A ^ { + } =V S ^ { + } U ^ { T } \\)<caption>(6)</caption></p> <p>이고, 이 때, \\( S ^ { + } \\)는 \\( S \\) 의 전치행렬(transposed matrix)이다. 따라서 식 (4)의 답은</p> <p>\\( r=A ^ { + } s \\)<caption>(7)</caption></p> <p>이다. 마지막으로 \\( r=[r(1), \\ldots, r(k)] ^ { T } \\) 와 같이 \\( r \\) 이 구해지면, 점확산함수는 다시 식 (1)과 같이 구할 수 있다.</p>",
                "context_length": 1876,
                "summary": "그림 4의 예를 통해 윤곽 화소의 방향이 \\(0.5191\\) 라디안이라는 것을 보여준다. 이때 사용된 공식은 \\( a n g = \\tan ^ { -1 } (y / x) \\)이다. 윤곽 프로파일이란 윤곽의 밝기 값 변화를 나타내는 숫자 배열을 말한다. \\( r=[r(1), \\ldots, r(k)] ^ { T } \\) 와 같이 \\( r \\)이 구해지면, 점확산함수는 식 (1)과 같이 계산할 수 있다. 또한, 윤곽 프로파일을 통해 점확산함수를 추정하기 위해 \\( A r = s \\)의 해를 구하는 과정이 필요한다.",
                "clue": [
                    {
                        "clue_text": "\\( a n g = \\tan ^ { -1 } (y / x) \\)<caption>\\( (3) \\)</caption>",
                        "clue_start": "3",
                        "clue_end": "66"
                    },
                    {
                        "clue_text": "그림 4 의 예에서는 좌우로 7화소만큼 증가했을 때 상하로 4화소만킴 증가했으므로 중심에 있는 윤곽 화소의 방향은 식 (3)에 따라 \\( 0.5191 \\) 라디안이 된다.",
                        "clue_start": "149",
                        "clue_end": "244"
                    },
                    {
                        "clue_text": "윤곽 프로파일이란, 윤곽의 밝기 값 변화를 보여주는 숫자 배열을 의미한다.",
                        "clue_start": "335",
                        "clue_end": "376"
                    },
                    {
                        "clue_text": "마지막으로 \\( r=[r(1), \\ldots, r(k)] ^ { T } \\) 와 같이 \\( r \\) 이 구해지면, 점확산함수는 다시 식 (1)과 같이 구할 수 있다.",
                        "clue_start": "1780",
                        "clue_end": "1872"
                    },
                    {
                        "clue_text": "윤곽 프로파일을 이용하여 점확산함수를 추정하기 위해,</p> <p>\\( A r = s \\)<caption>(4)</caption></p> <p>의 해를 구한다.",
                        "clue_start": "681",
                        "clue_end": "770"
                    }
                ],
                "terminology": [
                    {
                        "word": "PSF"
                    },
                    {
                        "word": "PSF 추정"
                    },
                    {
                        "word": "SVD"
                    },
                    {
                        "word": "matrix"
                    },
                    {
                        "word": "계단옹답(step response)"
                    },
                    {
                        "word": "계단응답"
                    },
                    {
                        "word": "도식화"
                    },
                    {
                        "word": "벡터"
                    },
                    {
                        "word": "역함수"
                    },
                    {
                        "word": "외곽 화소"
                    },
                    {
                        "word": "윤곽 프로파일"
                    },
                    {
                        "word": "윤곽 화소"
                    },
                    {
                        "word": "의사역행렬"
                    },
                    {
                        "word": "전치행렬"
                    },
                    {
                        "word": "점확산함수"
                    },
                    {
                        "word": "정수배"
                    },
                    {
                        "word": "직교행렬"
                    },
                    {
                        "word": "특이값"
                    },
                    {
                        "word": "특이값 분해"
                    },
                    {
                        "word": "프로파일"
                    },
                    {
                        "word": "행렬"
                    }
                ]
            },
            {
                "context_id": "55e-0c9-merge_2_31a7cd33-1b2fc872-692b-4af0-9d78-6158a1652300_01",
                "context_K-NSCC": {
                    "field": "인공물",
                    "large_category": "EE",
                    "medium_category": "99"
                },
                "context": "<p>관계식은</p> <p>\\( R = n + \\alpha, 0 \\leq \\alpha \\leq 1 \\) \\( p(R)= \\alpha r(n)-(1- \\alpha) \\cdot r(n + 1) \\)<caption>(1)</caption></p> <p>이고, 이때 \\( R \\) 은 임의의 반지름, \\( p \\) 는 반지름 \\( R \\) 일 때 점확산함수의 값, \\( n \\) 는 \\( p \\) 위치의 반지름의 정수부분, 그리고 \\( \\alpha \\) 는 \\( p \\) 위치의 반지름의 소수부분을 말한다. 셋째, 초점열화는 원영상과 점확산함수의 중첩적분(convolution)으로 이루어지고 공간분변(space-invariant)의 특성을 가진다. 관계식은</p> <p>\\( g(x, y)=f(x, y) * h(x, y) + n(x, y) \\)<caption>(2)</caption></p> <p>이다. 이 때, \\( g \\) 는 열화 영상, \\( f \\) 는 원영상, \\( h \\) 는 점확산함수, \\( n \\) 은 잡음, \\( x \\) 와 \\( y \\) 는 각각 가로, 세로 좌표를 의미한다.</p> <p>제안하는 알고리듬을 이용한 디지털 자동초점 시스템의 전체과정을 그림 3 에서 도식화하였다. 입력영상을 캐니 윤곽 추출법을 이용하여 윤곽영상을 구한다. 윤곽 영상에서 윤곽 화소들을 중심으로 블록을 설정하고 방향을 판별하여 윤곽 프로파일을 수집한다. 윤곽 프로파일을 평균하여 계단웅답을 만들고 점확산함수 가정에 근거하여 연립방정식을 세운다. 특이값 분해를 이용하여 연립방정식의 해를 구하고, 점확산함수 가정에 근거하여 점확산함수를 추정한다. 마지낙으로 추정된 점확산합수를 이용하여 영상을 복원하고 출력영상을 확인한다.</p> <h1>III. 윤곽 프로파일 생성</h1> <h2>1. 윤곽 영상 생성</h2> <p>본 논문에서는 윤퐉 프로파일(profile)을 생성하여 점확산함수롤 추정한다. 이를 위해 먼저 영상에서 윤곽의 위치를 찾아야 하는데 제안하는 알고리듬에서는 캐니 윤곽 추출법을 사용한다. 캐니 윤곽 추출법의 장점은 윤곽의 형태가 끊어지지 않고 한 화소 단위의 얇은 선으로 나온다는데 있다. 이것은 다음 절에 설명할 방향 결정에 있어서 많은 이점이 있다.</p> <h2>2. 방향 결정</h2> <p>윤곽 영상을 얻게 되면 윤곽의 화소들을 중심으로 하는 윤곽 프로퐈일을 만든다. 그림 4는 윤곽 영상을 얻고 방향을 찾는 과성을 보여준다.</p> <p>그림 4 의 (a)는 원영상이고, (b)는 원영상을 캐니 윤곽 추출법을 이용하여 생성한 윤곽영상이다. 이렇개 얻어진 윤곽 영상에서 윤곽이라고 판단된 화소마다 방향을 판별해야 한다. 방향 퐌벌을 위해 윤곽 화소를 중심으로 하는 사각의 블록을 설정하고 블록의 외곽에 다른 윤곽이 어떻게 이어지는지 판단한다. (c)는 방향이 판별된 윤곽 영상을 보여준다. (d)는 (b)의 한 부분을 확대한 영상이다. 중심에 윤곽 화소를 가지고 설정된 불록의 외곽에 윤곽 화소가 이어지는 형태를 분석하여 방향을 판단한다. 방향 판별의 식은</p>",
                "context_length": 1502,
                "summary": "본 논문에서는 입력 영상에서 캐니 윤곽 추출법을 사용하여 윤곽 영상을 구하고, 이웃한 화소들의 값의 차이를 이용하여 윤곽 프로파일의 방향을 결정하여 점확산함수를 추정하고, 이를 이용하여 영상을 복원하는 디지털 자동초점 시스템을 제안하였다. 윤곽 프로파일의 방향은 이웃한 화소들의 값의 차이를 이용하여 결정하며, 그림 4에서 윤곽 영상을 얻고 방향을 찾는 과정을 보여준다.",
                "clue": [
                    {
                        "clue_text": "입력영상을 캐니 윤곽 추출법을 이용하여 윤곽영상을 구한다.",
                        "clue_start": "613",
                        "clue_end": "645"
                    },
                    {
                        "clue_text": "윤곽 프로파일을 평균하여 계단웅답을 만들고 점확산함수 가정에 근거하여 연립방정식을 세운다.",
                        "clue_start": "700",
                        "clue_end": "750"
                    },
                    {
                        "clue_text": "특이값 분해를 이용하여 연립방정식의 해를 구하고, 점확산함수 가정에 근거하여 점확산함수를 추정한다.",
                        "clue_start": "751",
                        "clue_end": "806"
                    },
                    {
                        "clue_text": "마지낙으로 추정된 점확산합수를 이용하여 영상을 복원하고 출력영상을 확인한다.",
                        "clue_start": "807",
                        "clue_end": "849"
                    },
                    {
                        "clue_text": "윤곽 영상을 얻게 되면 윤곽의 화소들을 중심으로 하는 윤곽 프로퐈일을 만든다.",
                        "clue_start": "1125",
                        "clue_end": "1168"
                    }
                ],
                "terminology": [
                    {
                        "word": "공간분변"
                    },
                    {
                        "word": "관계식"
                    },
                    {
                        "word": "디지털 자동초점 시스템"
                    },
                    {
                        "word": "블록"
                    },
                    {
                        "word": "소수부분"
                    },
                    {
                        "word": "알고리듬"
                    },
                    {
                        "word": "열화 영상"
                    },
                    {
                        "word": "원영상"
                    },
                    {
                        "word": "윤곽"
                    },
                    {
                        "word": "윤곽 프로파일"
                    },
                    {
                        "word": "윤곽 화소"
                    },
                    {
                        "word": "윤곽영상"
                    },
                    {
                        "word": "입력영상"
                    },
                    {
                        "word": "자동초점 시스템"
                    },
                    {
                        "word": "잡음"
                    },
                    {
                        "word": "점확산함수"
                    },
                    {
                        "word": "중첩적분"
                    },
                    {
                        "word": "초점열화"
                    },
                    {
                        "word": "출력영상"
                    },
                    {
                        "word": "캐니"
                    },
                    {
                        "word": "캐니 윤곽 추출법"
                    },
                    {
                        "word": "특이값"
                    },
                    {
                        "word": "특이값 분해"
                    },
                    {
                        "word": "프로파일"
                    },
                    {
                        "word": "화소"
                    }
                ]
            },
            {
                "context_id": "55e-0c9-1b270fd3-02e0-49fe-a50a-b02006de02b3",
                "context_K-NSCC": {
                    "field": "인공물",
                    "large_category": "EE",
                    "medium_category": "99"
                },
                "context": "<h1>V. 실험 결과</h1> <p>알고리듬의 정확성을 확인하기 위해 네 단계에 걸쳐실험을 진행하였다. 첫 단계로, 실험을 위해 만든 인공의 영상에 임의의 점확산함수를 이용하여 열화시키고 점확산함수를 추정하였다. 그림 6 은 그 결과를 보여준다. (a)는 열화영상을 만들기 위한 점확산함수이고, (b)는 원영상, (c)는 원영상 중앙에 위치한 윤곽의 프로파일, (d)는 제안한 알고리듬으로 추정된 점확산함수, (e)는 열화된 영상, (f)는 열화된 영상의 중앙에 위치한 윤곽의 프로파일로서 점확산함수 추정에 계단응답으로 사용되었다. \\( (\\mathrm{g}) \\) 는 추정된 점확산함수의 3 차원 모습, \\( (\\mathrm{h}) \\)는 추정된 점확산함수를 이용하여 역변환 필터(inverse filter)로 복원한 영상, (i)는 복원된 영상의 중앙에 위치한 윤곽의 프로파일이다. 결과를 분석해보면, 잡음이 없는 영상에서는 점확산함수의 추정이 정확하게 되는 것을 확인할 수 있다. 다음 단계로, 실제영상을 임의의 점확산함수로 열화시키고 다시 점확산함수를 추정하는 실험을 수행하였다. 그림 7은 그 결과를 보여준다. (a)는 열화영상을 만들기 위한 점확산함수이고, (b)는 원영상이다. (c)는 (a)를 가지고 열화시킨 열화된 영상이고, (d)는 캐니 윤곽 추출법으로 얻은 윤곽영상이다.(e)는 (d)의 윤곽 영상에서 방향을 판별하고 윤곽 프로파일을 얻기에 적절하다고 판단된 윤곽만을 시각화한 영상이</p> <p>다. 이것을 세로 방향으로, 평균하면 최종적으로 점확산함수에 사용되는 계단응답이 된다. \\( (\\mathrm{g}) \\) 는 추정된 점확산함수이다. (a)와 비괴하여 추정이 잘 되었음을 확인할 수 있다. (h)는 점확산함수의 정확도를 알아보기 위해 위너필터로 복원한 영상이다.</p> <p>다음 단계로, 실제영상을 임의의 점확산함수로 열화시키고 다시 점확산함수를 추정하는 실험을 수행하였다. 그림 7은 그 결과를 보여준다. (a)는 열화영상을 만들기 위한 점확산함수이고, (b)는 원영상이다. (c)는 (a)를 가지고 열화시킨 열화된 영상이고, \\( (\\mathrm{d}) \\) 는 캐니 윤곽추출법으로 얻은 윤곽영상이다. (e)는 (d)의 윤곽 영상에서 방향을 판별하고 윤과 프로파일을 얻기에 적절하다고 판단된 윤곽만을 시각화한 영상이다. (f)는 (e)의 윤곽을 참고하여 열화된 영상에서 방향에 따라 얻은 윤곽 프로파일율 세로로 배열한 영상이다. 이것을 세로 방향으로 평균하면 최종적으로 점확산함수에 사용되는 계단웅답이 된다. (g)는 추정된 점확산함수이다. (a)와 비교하여 추정이 잘 되었음을 확인할 수 있다. (h)는 점확산합수의 정확도를 알아보기 위해 위너필터로 복원한 영상이다.</p> <p>그림 8은 실제영상에서 제안한 알고리듬을 이용하여 점확산함수를 추정하고, 상수의 잡음신호 비율(NSR)을 사용한 위너(Wiener)필터를 이용하여 복원한 영상이다. 본 논문이 제안하는 방법은 점확산함수의 추정이므로 복원필터는 구현하기 간단한 위너필터를 이용하였다. 결과영상을 통해 점확산함수의 추정이 잘 이루어졌음을 확인할 수 있다.</p> <p>그림 9는 최근 상용되는 디지털 카메라를 이용하여 촬영한 \\( \\mathrm{RGB} \\) 색상울 가지는 차트 영상을 이용하여 실험한 영상이다. 컬러영상에서 제안하는 방법이 어떻게 적용되는지를 보여준다. (a)는 촬영된 원영상이고 \\( (\\mathrm{b}) \\) 는 복원된 영상이다. (c)와 (d)는 (a)와 (b)의 부분 영상이다. (e), (f), (g)는 각각 \\( \\mathrm{R}, \\mathrm{G}, \\mathrm{B} \\) 채널에서 추정된 점확산함수의 형태를 보여준다. RGB 각각의 채널에서 서로 다른 점확산함수를 추정한 결과, 컬러영상에서도 색 분리 등의 문제가 발생하지 않는 것을 확인할 수 있다.</p>",
                "context_length": 1901,
                "summary": "실제 영상에 대해 제안된 알고리즘을 적용하고, 상수의 잡음신호 비율(NSR)을 사용한 위너 필터로 복원한 결과를 그림 8에서 확인할 수 있다. 이 알고리즘의 정확성을 검증하기 위해 4 단계의 실험을 진행했다. 첫 번째 단계에서는 인공 영상에 임의의 점확산함수를 이용하여 열화시킨 후, 점확산함수를 추정했다. 두 번째 단계에서는 실제 영상을 임의의 점확산함수로 열화시키고, 이를 통해 다시 점확산함수를 추정하는 실험을 수행했다.",
                "clue": [
                    {
                        "clue_text": "(c)는 (a)를 가지고 열화시킨 열화된 영상이고, \\( (\\mathrm{d}) \\) 는 캐니 윤곽추출법으로 얻은 윤곽영상이다.",
                        "clue_start": "1014",
                        "clue_end": "1085"
                    },
                    {
                        "clue_text": "그림 8은 실제영상에서 제안한 알고리듬을 이용하여 점확산함수를 추정하고, 상수의 잡음신호 비율(NSR)을 사용한 위너(Wiener)필터를 이용하여 복원한 영상이다.",
                        "clue_start": "1355",
                        "clue_end": "1446"
                    },
                    {
                        "clue_text": "알고리듬의 정확성을 확인하기 위해 네 단계에 걸쳐실험을 진행하였다.",
                        "clue_start": "21",
                        "clue_end": "58"
                    },
                    {
                        "clue_text": "첫 단계로, 실험을 위해 만든 인공의 영상에 임의의 점확산함수를 이용하여 열화시키고 점확산함수를 추정하였다.",
                        "clue_start": "59",
                        "clue_end": "119"
                    },
                    {
                        "clue_text": "다음 단계로, 실제영상을 임의의 점확산함수로 열화시키고 다시 점확산함수를 추정하는 실험을 수행하였다.",
                        "clue_start": "497",
                        "clue_end": "553"
                    }
                ],
                "terminology": [
                    {
                        "word": "RGB"
                    },
                    {
                        "word": "계단응답"
                    },
                    {
                        "word": "복원필터"
                    },
                    {
                        "word": "알고리듬"
                    },
                    {
                        "word": "역변환"
                    },
                    {
                        "word": "역변환 필터(inverse filter)"
                    },
                    {
                        "word": "열화영상"
                    },
                    {
                        "word": "위너(Wiener)필터"
                    },
                    {
                        "word": "위너필터"
                    },
                    {
                        "word": "윤곽 프로파일"
                    },
                    {
                        "word": "윤곽영상"
                    },
                    {
                        "word": "잡음"
                    },
                    {
                        "word": "잡음신호 비율(NSR)"
                    },
                    {
                        "word": "점확산함수"
                    },
                    {
                        "word": "차원"
                    },
                    {
                        "word": "캐니"
                    },
                    {
                        "word": "캐니 윤곽 추출법"
                    },
                    {
                        "word": "프로파일"
                    }
                ]
            },
            {
                "context_id": "55e-0c9-merge_2_31a7cd33-1b2fc872-692b-4af0-9d78-6158a1652300_00",
                "context_K-NSCC": {
                    "field": "인공물",
                    "large_category": "EE",
                    "medium_category": "99"
                },
                "context": "<h1>요 약</h1> <p>본 논문은 디지털 자동초점은 위한 등방성 점확산함수 추정에 관한 새로운 방법을 제안한다. 제안하는 알고리듬은 영상의 윤곽에서 방향을 판단하고 방향에 따라 윤곽 프로파일올 수집한다. 수집한 윤곽 프로파일을 평균하여 계단응답을 만들고 등방성 점확산함수의 특징을 이용하여 점확산함수를 추정한다. 실혐을 통해 열화된 영상에서 제안하는 안고리듬으로 점확산함수를 추정하는 가정을 보이고 정확성을 증명한다.</p> <h1>I. 서 론</h1> <p>최근 들어, 카메라와 같은. 전자제품둘이 소형화, 경량화 됨에 따라 디지털 콘텐츠의 질은 한계에 부딪히고 있다. 하지만, 디지털 콘텐츠의 질적 향상에 대한 사용자들의 요구는 늘어가고 있다. 이러한 면에서 하드웨어에 부담을 주지 않는 디지털 처리를 통한 영상의 복원과 개선의 중요성은 더욱 부각되고 있다.</p> <p>영상의 질을 떨어뜨리는 요인 중 카메라의 초점이 물체에 정확히 맞지 않았을 때 생기는 열화를 초점열화 (out-of-focus blur)라고 한다. 그림 1은 초점열화가 생기는 원리를 보여준다. \\( \\mathrm { L } \\) 은 렌즈, \\( \\mathrm { C } \\) 는 초점열화의 점확산(circle of confusion), S1은 촬상면과 렌즈와의 거리, \\( \\mathrm { S } 2 \\) 는 실제 초점 거리, \\( \\mathrm { f } \\) 는 객체와 렌즈와의 거리를 말한다. 초점열화가 생긴 영상을 영상복원을 통해 초점이 맞는 영상으로 복원시켜 주는 것을 디지털 자동초점(digital auto-focusing)이라고 한다. 영상복원을 위해 꼭 필요한 요소가 바로 점확산함수(point spread function)인데 이것의 추정은 디지털 자동 초점을 구현 하기 위한 필수요소가 된다.</p> <p>영상의 열화를 복원하기 위해서는 점확산함수롤 알아야 하는데 이것을 추정하고자 하는 노력은 계속 있어왔다. 하지만 그 연구의 우수성에도 불구하고 추정의 정확도가 만족스럽지 못하거나 계산의 복잡성이 높고 열화영상 이외의 정보가 더 필요한 것이 사실이다. 본 논문에서는 이러한 문제를 해결할 비교적 간단하면서도 정환도 높은 점확산함수 추성 방법을 제안한다.</p> <p>본 논문의 구성은 다음과 같다. 장에서는 제안하는 알고리듬의 개요와 함께 중요한 가정을 보인다. III장에서는 윤곽 영상을 얻고 방향성을 결정하여 점확산함수 추정을 위한 윤곽 프로파일을 생성하는 방법을 설명하고, IV장에서는 윤곽 프로파일에서 점확산함수를 추정하는 방법을 설명한다. V장에서는 실험을 통해 제안하는 방법의 우수성을 증명하고 \\( \\mathrm { VI } \\) 장에서 결론을 맺는다.</p> <h1>II. 초점열화 점확산함수의 이론적 배경 및 제안기술 개요</h1> <p>본 논문에서는 점확산함수의 추정을 위해 다음의 3 가지 가정을 한다. 첫째, 일반적으로 초점열화에서의 점확산함수는 둥방성(isotropic)의 형태를 가진다. 방향에 상관없이 반지롬에 따라 값이 결정된다는 의미이다. 따라서 점확산함수는 그림 2 와 같이 반지름과 값의 분포로 정의될 수 있다. \\( r(0) \\sim r(5) \\) 는 각각 반지름이 \\( 0 \\sim 5 \\)일 때 점확산함수의 값을 말한다. 둘째, 그립 2 와 같이 이산 평면에서 점확산함수는 \\( r(0) \\sim r(5) \\) 의 값과 반지름으로 양선형보간(bilinear interpolation)하여 결정 된다.</p>",
                "context_length": 1708,
                "summary": "전자제품들의 소형화, 경량화 됨으로써 디지털 콘텐츠의 질은 한계에 부짖히고 있지만 질적향상의 사용자 요구는 늘어가고 있으며 영상복원과 개선의 중요성은 더욱 부각되고 있어 디지털 자동초점을 위한 등방성 점확산함수 추정에 관한 새로운 방접을 제안하고 있는데 윤곽에서 방향을 판단 수집하고 특징을 이용하여 점확산 함수를 추정하고 실험을 통해서 가정을 보이고 정확성을 증명하고 있으며 점확산함수의 추정은 3가지를 가정하고 있다.",
                "clue": [
                    {
                        "clue_text": "최근 들어, 카메라와 같은. 전자제품둘이 소형화, 경량화 됨에 따라 디지털 콘텐츠의 질은 한계에 부딪히고 있다.",
                        "clue_start": "260",
                        "clue_end": "322"
                    },
                    {
                        "clue_text": "하지만, 디지털 콘텐츠의 질적 향상에 대한 사용자들의 요구는 늘어가고 있다. 이러한 면에서 하드웨어에 부담을 주지 않는 디지털 처리를 통한 영상의 복원과 개선의 중요성은 더욱 부각되고 있다.",
                        "clue_start": "323",
                        "clue_end": "429"
                    },
                    {
                        "clue_text": "본 논문에서는 이러한 문제를 해결할 비교적 간단하면서도 정환도 높은 점확산함수 추성 방법을 제안한다.",
                        "clue_start": "1040",
                        "clue_end": "1096"
                    },
                    {
                        "clue_text": "영상복원을 위해 꼭 필요한 요소가 바로 점확산함수(point spread function)인데 이것의 추정은 디지털 자동 초점을 구현 하기 위한 필수요소가 된다.",
                        "clue_start": "802",
                        "clue_end": "892"
                    }
                ],
                "terminology": [
                    {
                        "word": "bilinear"
                    },
                    {
                        "word": "blur"
                    },
                    {
                        "word": "circle"
                    },
                    {
                        "word": "interpolation"
                    },
                    {
                        "word": "point spread function"
                    },
                    {
                        "word": "객체"
                    },
                    {
                        "word": "계단응답"
                    },
                    {
                        "word": "등방성"
                    },
                    {
                        "word": "등방성 점확산함수"
                    },
                    {
                        "word": "디지털 자동초점"
                    },
                    {
                        "word": "렌즈"
                    },
                    {
                        "word": "알고리듬"
                    },
                    {
                        "word": "양선형보간"
                    },
                    {
                        "word": "열화영상"
                    },
                    {
                        "word": "윤곽 영상"
                    },
                    {
                        "word": "윤곽 프로파일"
                    },
                    {
                        "word": "점확산함수"
                    },
                    {
                        "word": "초점 거리"
                    },
                    {
                        "word": "초점열화"
                    },
                    {
                        "word": "추성"
                    },
                    {
                        "word": "프로파일"
                    },
                    {
                        "word": "하드웨어"
                    }
                ]
            }
        ]
    }
}