{
    "dataset_info": {
        "identifier": "02-031-002-NL",
        "name": "기술과학 문서 요약 데이터",
        "category": "자연어",
        "last_updated": "2023-08-30"
    },
    "dataset": {
        "doc_id": "114998e3-f5b1d03c-cddd-4b5a-98d3-6f3e15b1ecac",
        "doc_type": "논문",
        "doc_title": {
            "kor": "상이한 DRM 시스템의 호환성을 위한보호프로파일 개발에 관한 연구",
            "eng": ""
        },
        "doc_category": {
            "KDC": "413.05",
            "DDC": ""
        },
        "doc_number": {
            "ISSN": "2287-5891",
            "ISBN": "",
            "DOI": "",
            "UCI": ""
        },
        "doc_year": "2009",
        "doc_author": [
            "조혜숙",
            "이광우",
            "전웅렬",
            "이윤호",
            "김승주",
            "원동호"
        ],
        "doc_publisher": "한국정보처리학회",
        "doc_license": "CC BY-NC",
        "context_info": [
            {
                "context_id": "55e-0c9-merge_ee_114998e3-f5b1d03c-cddd-4b5a-98d3-6f3e15b1ecac_00",
                "context_K-NSCC": {
                    "field": "인공물",
                    "large_category": "EE",
                    "medium_category": "02"
                },
                "context": "<h1>요 약</h1> <p>오늘날 DRM(Digital Right Management)은 악의적인 사용자에 의한 디지틸 콘텐츠의 제배포, 불법 복제를 금지시키기 위해서 사용되고 있다. 그러나 여전히 현제 DRM 시스템은 상호 호환성 부족으로 인해 사용자의 불편을 초래하고 있다. 이를 해결하기 위해 상이한 DRM 시스템의 상호 호환을 위한 연동 방안이 제시되고 있다. 본 논문에서는 상이한 DRM 시스템 호환을 위해서 공통평가기준에 따른 보호프로파일을 개발한다. 특히 이러한 개발을 위해 기존에 개발된 보호프로파일을 이용해서 개발에 적용시킴으로써 시간 효율과 비용 즉면에서의 효율적임을 분석을 통하여 보인다. 개발된 보호프로파일은 콘텐츠 제공자 및 사용자 권한을 관리한 관리자가 안전한 저작권을 유지할 수 있는 요구사항을 도출할 때 참고 자료로 활용 될 수 있다.</p> <h1>1. 서 론</h1> <p>DRM (Digital Rights Management)은 지적 재산권이 디지털 방식에 의해서 안전하게 보호 및 유지 되도록하는 디지털 콘텐츠 저작권 보호 기술로서, 불법 복제나 배포로 인한 저작권 침해를 막기 위해 사용된다. 이러한 \\( \\mathrm { DRM } \\) 기술은 1980년대부터 개발되기 시작했으며, 근래에 들어 음악, 영화 등 기존 엔터테인먼트 콘텐츠의 디지털화가 급증하면서 사용이 일반화되고 있다.</p> <p>디지털 콘텐츠의 생산과 유통이 활성화되기 위해서는 DRM 과 같은 불법 복제 유통을 막는 기술적인 보완 장치가 필수적이지만, 현재의 DRM기술은 콘텐츠 소유자의 권익을 보호하기 위한 측면만 강조되고 콘텐츠를 구매한 소비자의 권리는 간과하는 측면이 있다. 예를 들어 기존 오프라인 콘텐츠 유통에서 음악 CD를 구입한 소비자는 자신이 어떠한 플레이어를 사용하더라도 구입한 CD 를 자유롭게 재생하여 즐길 수 있다. 하지만 현재 DRM이 적용되어 유통되는 디지털 음악 콘텐츠는 구입 당시 지정된 DRM 솔루션을 탑재한 플레이어 외에는 사용할 수 없는 상황이다.</p> <p>즉, 온라인을 통해 A사의 DRM 기술이 적용된 디지털 콘텐츠를 구입하였다면 A 사 단말에서는 이용 가능하지만 B 사의 DRM 기술이 적용된 단말에서 이용 불가능하고 B 사의 DRM 이 적용된 콘텐츠를 별도로 구입해야 하는 문제가 발 생하게 된다. 이는 콘텐츠나 단말기에 대한 사용자의 선택권이 DRM 솔루션에 의해 제약을 받는다는 것을 의미하는 것으로 온라인 디지털 콘텐츠 유통을 활성화하기 위한 DRM 솔루션이 오히려 저해 요인으로 작용하는 것을 의미한다.</p> <p>이러한 문제를 해결하기 위해 여러 가지 기술이 개발 중이고 그중에 한국전자통신연구원(ETRI, Electronics and Telecommunications Research Institute)에서 상이한 DRM 간 콘텐츠 상호 연동기술규격인 EXIM (EXport and IMport)을 개발하였다. 1 단계 적용모델로 MP3 콘텐츠의 DRM 연동을 위한 기술규격과 구축사례를 발표하였고, 이 기술은 DRM 호환성 결여 문제로 인해 발생하는 사용자의 불편을 해소할 것으로 예상하고 있다. 또한 콘텐츠 유통 시장을 활성화하기 위해 시작된 DRM 연동 기술의 개발은 기존 DRM 업체 또는 표준단체의 기술을 그대로 유지하면서도 디지털 콘텐츠를 이기종의 DRM 포맷으로 변환할 수 있도록 하였다.</p>",
                "context_length": 1667,
                "summary": "이 논문은 현재 DRM 시스템의 상호 호환성 부족으로 인해 사용자의 불편을 초래하는 문제를 해결하기 위해 공통평가기준에 따른 보호프로파일을 개발하는 방법을 제안한다. 기존의 보호프로파일을 활용하여 개발을 시행함으로써 시간과 비용 측면에서 효율적인 결과를 분석하였다.",
                "clue": [
                    {
                        "clue_text": "오늘날 DRM(Digital Right Management)은 악의적인 사용자에 의한 디지틸 콘텐츠의 제배포, 불법 복제를 금지시키기 위해서 사용되고 있다.",
                        "clue_start": "16",
                        "clue_end": "103"
                    },
                    {
                        "clue_text": "그러나 여전히 현제 DRM 시스템은 상호 호환성 부족으로 인해 사용자의 불편을 초래하고 있다.",
                        "clue_start": "104",
                        "clue_end": "156"
                    },
                    {
                        "clue_text": "본 논문에서는 상이한 DRM 시스템 호환을 위해서 공통평가기준에 따른 보호프로파일을 개발한다. 특히 이러한 개발을 위해 기존에 개발된 보호프로파일을 이용해서 개발에 적용시킴으로써 시간 효율과 비용 즉면에서의 효율적임을 분석을 통하여 보인다.",
                        "clue_start": "207",
                        "clue_end": "341"
                    }
                ],
                "terminology": [
                    {
                        "word": "DRM 기술"
                    },
                    {
                        "word": "DRM 솔루션"
                    },
                    {
                        "word": "DRM 연동 기술"
                    },
                    {
                        "word": "Digital Right Management"
                    },
                    {
                        "word": "Digital Rights Management"
                    },
                    {
                        "word": "ETRI"
                    },
                    {
                        "word": "EXIM"
                    },
                    {
                        "word": "EXport and IMport"
                    },
                    {
                        "word": "공통평가기준"
                    },
                    {
                        "word": "디지털 콘텐츠"
                    },
                    {
                        "word": "디지틸 콘텐츠"
                    },
                    {
                        "word": "보호프로파일"
                    },
                    {
                        "word": "사용자 권한"
                    },
                    {
                        "word": "저작권 침해"
                    },
                    {
                        "word": "지적 재산권"
                    },
                    {
                        "word": "콘텐츠 상호 연동기술규격"
                    },
                    {
                        "word": "한국전자통신연구원"
                    },
                    {
                        "word": "활성화"
                    }
                ]
            },
            {
                "context_id": "55e-0c9-merge_ee_114998e3-f5b1d03c-cddd-4b5a-98d3-6f3e15b1ecac_01",
                "context_K-NSCC": {
                    "field": "인공물",
                    "large_category": "EE",
                    "medium_category": "02"
                },
                "context": "<p>그러나 현재 EXIM과 같은 제품은 IT 보안성에 대한 보호프로파일이 존재하지 않는다. 보호프로파일이란 보안기능이 있는 IT 제품에 대해서 보안에 관한 일반적인 요구사항을 서술한 문서이다. 더 자세한 내용은 다음 장에서 설명한다. 따라서 본 논문에서는 상이한 DRM 간 콘텐츠 상호 연동기술규격에서 필요한 표준화된 보호프로파일을 개발하는 것을 목적으로 한다. 이는 현재 전 세계적으로 가장 잘 알려진 제품과 시스템에 대한 보안성 평가기준인 ISO / IEC 15408 로 표준화된 공통평가기준(CC, Common Criteria)을 사용한다. 또한 보호프로파일은 재사용이 가능하기 때문에 기존의 개발된 보호프로파일을 이용해서 개발할 상이한 DRM 기술의 호환을 위한 보호프로파일(IHD_PP, Interoperability Heterogeneous DRM Protection Profile)에 적용시킴으로써 시간 효율과 비용 측면에서의 효율성을 갖는다.</p> <p>본 논문의 2장에서는 CC,PP 및 EXIM에 대한 개념과 기존 DRM 호환 system에 대해서 설명한다. 3장에서는 상이한 DRM system을 위한 보호프로파일을 TOE (Target Of Evaluation) 설명, \\( \\mathrm { TOE } \\) 환경, \\( \\mathrm { TOE } \\) 보안목적, 보안목적의 이론적 근거로 나누어 설명한다. 4 장에서는 기존의 보호프로파일을 재사용 함으로써 얻을 수 있는 장점 및 고려사항을 분석하고 5 장에서는 결론을 맺는다.</p> <h1>2. 관련연구</h1> <h2>\\( 2.1 \\) 공통평가기준 및 보호프로파일(CC:Common Criteria, PP:Protection Profile)</h2> <p>공통평가기준 ( CC, Common Criteria)은 보안 기능이 있는 IT 제품이나 시스템의 보안성을 평가하기 위한 공통의 요구 사항을 제시한 기준으로서 미국, 영국, 프랑스 등 선진국이 참여하여 각국의 보안평가 기준을 하나로 통합 및 일원화하여 개발하고 있다. CC 의 기본 개념을 더 자세히 살펴보면, 각 국의 서로 다른 평가 기준을 연계하고 평가 결과를 상호 인증하기 위해 1993년 6월 공통평가기준(Common Criteria)를 제정을 합의하고, 이어 1996 년 1월 공통평가기준 버전 1.0 이 발표됐다. 1998년 5월 버전 2.0이 발표되면서 ISO / IECJTC1 /SC27 / WG3 에서 국제 표준으로 숭인되었다. 이후 현재의 버전 2.3 및 버전 3.1에 이르기까지 지속적으로 개선 및 개정되어 왔으며, 주요 개발 연혁은 다음과 같다.</p> <ul> <li>1998년 5월 : CC \\( 2.0 \\)</li> <li>1999년 12월 : CC \\( 2.1 \\) (ISO 15408:1999)</li> <li>2004년 1월 : CC \\( 2.2 \\) (ISO FCD)</li> <li>2005년 5월 : CC \\( 2.3 \\) (ISO 15408:2005) (현재 공식 평가기준)</li> <li>2005 2006년 8월 : CC \\( 3.0 \\) 개발 및 공개 검토 (비공 식 평가기준)</li> <li>2006년 9월 : CC \\( 3.1 \\) (공식 평가기준)</li></ul> <p>정보보호시스템 평가의 기본이자 핵심인 PP는 시스템이나 제품에 대한 평가대상(TOE, Target Of Evaluation:평가의 대상인 IT 제품이나 시스템과 관련된 설명서)을 설정하고, TOE 의 보안문제에 대응하기 위한 보안요구사항을 기술한 문서로써, 시스템 개발자, 시스템 조달자 사이의 커뮤니케이션 수단으로 사용된다. (그림 2)는 PP를 개발하기 위한 보안요구사항 및 보안명세에 대한 도출 과정을 표현하고 있다. TOE 보안요구사항은 일반적으로 보안문제정의와 보안목적을 고려하여 도출하고, 이러한 보안요구사항은 보호프로파일/보안목표명세서를 작성하는 기초자료가 된다. PP 는 공통의 요구사항을 정의하고자 하는 사용자, IT 제품 개발자 등에 의해서 개발될 수 있으며, 소비자에게 보안에 필요한 사항을 설명하는 수단이 될 수 있다. 또한 이미 작성된 PP 는 새로운 PP 를 작성할 때 기초자료로 이용될 수 있으며, 보안목표명세서를 작성하는 기초자료로도 사용될 수 있다. (그림 3)은 CC 3.1의 PP 주요 구성요소 및 설명을 나타난다.</p>",
                "context_length": 2136,
                "summary": "본 논문은 상이한 DRM 간의 콘텐츠 상호 연동기술규격에 필요한 표준화된 보호프로파일 개발을 목적으로 하며, 이를 위해 ISO/IEC 15408에 따른 공통평가기준(Common Criteria)을 사용한다. 공통평가기준은 보안 기능이 있는 IT 제품이나 시스템의 보안성을 평가하는 국제적인 기준으로, 미국, 영국, 프랑스 등 여러 나라가 참여하여 개발하고 있다. 평가대상(TOE, Target Of Evaluation)을 설정하고, TOE의 보안문제에 대응하기 위한 보안요구사항을 기술한 문서인 PP가 정보보호시스템 평가의 핵심으로 사용된다.",
                "clue": [
                    {
                        "clue_text": "따라서 본 논문에서는 상이한 DRM 간 콘텐츠 상호 연동기술규격에서 필요한 표준화된 보호프로파일을 개발하는 것을 목적으로 한다.",
                        "clue_start": "132",
                        "clue_end": "203"
                    },
                    {
                        "clue_text": "이는 현재 전 세계적으로 가장 잘 알려진 제품과 시스템에 대한 보안성 평가기준인 ISO / IEC 15408 로 표준화된 공통평가기준(CC, Common Criteria)을 사용한다.",
                        "clue_start": "204",
                        "clue_end": "306"
                    },
                    {
                        "clue_text": "공통평가기준 ( CC, Common Criteria)은 보안 기능이 있는 IT 제품이나 시스템의 보안성을 평가하기 위한 공통의 요구 사항을 제시한 기준으로서 미국, 영국, 프랑스 등 선진국이 참여하여 각국의 보안평가 기준을 하나로 통합 및 일원화하여 개발하고 있다.",
                        "clue_start": "861",
                        "clue_end": "1009"
                    },
                    {
                        "clue_text": "정보보호시스템 평가의 기본이자 핵심인 PP는 시스템이나 제품에 대한 평가대상(TOE, Target Of Evaluation:평가의 대상인 IT 제품이나 시스템과 관련된 설명서)을 설정하고, TOE 의 보안문제에 대응하기 위한 보안요구사항을 기술한 문서로써, 시스템 개발자, 시스템 조달자 사이의 커뮤니케이션 수단으로 사용된다.",
                        "clue_start": "1601",
                        "clue_end": "1783"
                    }
                ],
                "terminology": [
                    {
                        "word": "CC"
                    },
                    {
                        "word": "Common"
                    },
                    {
                        "word": "Common Criteria"
                    },
                    {
                        "word": "DRM"
                    },
                    {
                        "word": "EXIM"
                    },
                    {
                        "word": "FCD"
                    },
                    {
                        "word": "IEC"
                    },
                    {
                        "word": "ISO"
                    },
                    {
                        "word": "PP"
                    },
                    {
                        "word": "Profile"
                    },
                    {
                        "word": "TOE"
                    },
                    {
                        "word": "TOE (Target Of Evaluation)"
                    },
                    {
                        "word": "Target"
                    },
                    {
                        "word": "Target Of Evaluation"
                    },
                    {
                        "word": "공통평가기준"
                    },
                    {
                        "word": "공통평가기준 ( CC, Common Criteria)"
                    },
                    {
                        "word": "공통평가기준(CC, Common Criteria)"
                    },
                    {
                        "word": "보안목표명세서"
                    },
                    {
                        "word": "보호프로파일"
                    },
                    {
                        "word": "상호 연동기술규격"
                    },
                    {
                        "word": "일원화"
                    }
                ]
            },
            {
                "context_id": "55e-0c9-merge_ee_114998e3-f5b1d03c-cddd-4b5a-98d3-6f3e15b1ecac_04",
                "context_K-NSCC": {
                    "field": "인공물",
                    "large_category": "EE",
                    "medium_category": "02"
                },
                "context": "<h3>3.1 .2 TOE 설명</h3> <p>TOE 설명은 TOE 에 대한 일반적인 정보를 제공하고, TOE 기능 및 TOE 범위에 대하여 설명하여 TOE 보안요구사항 및 사용목적을 이해할 수 있도록 설명한다. 즉 TOE 가 보호하고자 하는 자산은 무선 단말기 또는 데스크탑에서 상이한 DRM 시스템을 탑재하고 있는 기기로 콘텐츠를 전송할 때 또는 다운 받을 때의 저작권 관리 측면에서의 콘텐츠, TOE 내부의 중요 데이터(보안 속성, TSF(TOE Security Function, TOE보안기능) 데이터 등), TOE 자체를 말한다.</p> <ul> <li>O TOE 환경</li> <li>- Content Mal(CM) : 콘텐츠 제공자와 같은 역할을 한 다. 사용자는 DRM agent를 통해서 Content Mall에 접 속해서 사용자가 원하는 콘텐츠를 선택한다. 그 다음 그 콘텐츠에 대한 과금 처리가 이뤄지고 그 후 Content Mall은 Content Storage Server에 접속해서 사용자에 대한 콘텐츠 권리 Object (Right Object, RO) 를 전송한다. RO 는 사용자가 선택한 콘텐츠의 사용에 대한 \"권리 정보\" 즉 사용 기간, 사용 횟수 등의 사용 권한이 저장되어 있다.</li> <li>- DRM Clearing House(DCH) : DCH에서는 사용자에게서 받은 DRM 콘텐츠에 대한 RO 토큰과 RO 정보 요 청을 받은 후 RO 정보를 갱신 후 DRM Agent에게 전송한다.</li> <li>o TOE 구성요소</li> <li>- DRM Agent(DA) : DA는 소스 디바이스와 타겟 디바 이스에 탑재된다. 여기서 소스 DA란 콘텐츠 사용 권한 을 가지고 있고 이 콘텐츠를 다른 디바이스에게 전송 할 디바이스를 말하고, 타겟 DA란 소스 DA에서 콘텐츠와 그에 해당하는 권한을 전송받으려고 하는 디바이 스이다. DA는 콘텐츠의 전송, RO, 서비스 정보 등을 CM, CSS, DCH 와 연결하여 제공받는다.</li> <li>- DRM Unpackager와 Packager(DU, DP) : 소스 디바이스의 DU에서는 CSS에서 받은 DRM 콘텐츠를 언패키징하여 메타 데이터, 사용권한, 원본 리소스를 추출 한다. 타겟 디바이스의 DP 에서는 ETI에서 언패키징한 메타데이터, 사용권한, 원본 리소스를 타겟 디바이스에 적합한 DRM 콘텐츠로 패키징 한다.</li> <li>- EXIM Unpackager와 Packager(EU, EP) : 소스 디바이스의 EP 는 DU에서 받은 메타 데이터, 사용권한, 원본 리소스를 EXIM 포맷에 맞게 변환 후 패키징 한다. 타 겟 디바이스의 EU는 EXIM 포맷을 언패키징 해서 추 출된 데이터를 DP에게 전송한다.</li> <li>- EXIM Interface(EI) : 소스 디바이스의 EI는 타겟 디바 이스의 EI와 EXIM 포맷으로 패키징된 데이터를 주고 반는 역할을 한다.</li> <li>- Content Storage Server(CSS): CSS는 콘텐츠를 저장 하고 있다. 그리고 독립적인 서버로 존재할 수도 있고, CM에 속할수 있고, 사용자 디바이스에 존재할 수도 있 다. 예를 들어 네트워크 스토리지, 일반 PC,USB와 같 은 이동 장치가 있다.</li></ul>",
                "context_length": 1613,
                "summary": "TOE 보안요구사항과 사용목적을 이해하기 위한 TOE 설명은, DRM 시스템이 탑재된 무선 단말기나 데스크탑에서 콘텐츠를 전송하거나 다운 받는 경우의 저작권 관리와 TOE의 중요 데이터, 그리고 TOE 자체를 보호하는 자산을 포함한다. 이러한 기기에는 DRM Agent, DRM Unpackager와 Packager, 그리고 EXIM Unpackager와 Packager가 탑재되어 있으며, 각각의 역할은 콘텐츠의 언패키징과 패키징, 메타 데이터, 사용 권한, 원본 리소스의 변환 및 패키징 등이다.",
                "clue": [
                    {
                        "clue_text": "TOE 설명은 TOE 에 대한 일반적인 정보를 제공하고, TOE 기능 및 TOE 범위에 대하여 설명하여 TOE 보안요구사항 및 사용목적을 이해할 수 있도록 설명한다.",
                        "clue_start": "26",
                        "clue_end": "118"
                    },
                    {
                        "clue_text": "즉 TOE 가 보호하고자 하는 자산은 무선 단말기 또는 데스크탑에서 상이한 DRM 시스템을 탑재하고 있는 기기로 콘텐츠를 전송할 때 또는 다운 받을 때의 저작권 관리 측면에서의 콘텐츠, TOE 내부의 중요 데이터(보안 속성, TSF(TOE Security Function, TOE보안기능) 데이터 등), TOE 자체를 말한다.",
                        "clue_start": "119",
                        "clue_end": "301"
                    },
                    {
                        "clue_text": "DRM Agent(DA) : DA는 소스 디바이스와 타겟 디바 이스에 탑재된다.",
                        "clue_start": "775",
                        "clue_end": "819"
                    },
                    {
                        "clue_text": "DRM Unpackager와 Packager(DU, DP) : 소스 디바이스의 DU에서는 CSS에서 받은 DRM 콘텐츠를 언패키징하여 메타 데이터, 사용권한, 원본 리소스를 추출 한다.",
                        "clue_start": "999",
                        "clue_end": "1102"
                    },
                    {
                        "clue_text": "EXIM Unpackager와 Packager(EU, EP) : 소스 디바이스의 EP 는 DU에서 받은 메타 데이터, 사용권한, 원본 리소스를 EXIM 포맷에 맞게 변환 후 패키징 한다.",
                        "clue_start": "1193",
                        "clue_end": "1297"
                    }
                ],
                "terminology": [
                    {
                        "word": "CSS"
                    },
                    {
                        "word": "Content Mal(CM)"
                    },
                    {
                        "word": "DA"
                    },
                    {
                        "word": "DP"
                    },
                    {
                        "word": "DRM"
                    },
                    {
                        "word": "DRM Unpackager와 Packager"
                    },
                    {
                        "word": "DRM agent"
                    },
                    {
                        "word": "DU"
                    },
                    {
                        "word": "EI"
                    },
                    {
                        "word": "EP"
                    },
                    {
                        "word": "EU"
                    },
                    {
                        "word": "EXIM"
                    },
                    {
                        "word": "EXIM Interface"
                    },
                    {
                        "word": "EXIM Unpackager와 Packager"
                    },
                    {
                        "word": "Interface"
                    },
                    {
                        "word": "RO"
                    },
                    {
                        "word": "Server"
                    },
                    {
                        "word": "Storage"
                    },
                    {
                        "word": "Storage Server"
                    },
                    {
                        "word": "TOE"
                    },
                    {
                        "word": "agent"
                    },
                    {
                        "word": "네트워크"
                    },
                    {
                        "word": "메타데이터"
                    },
                    {
                        "word": "무선 단말기"
                    },
                    {
                        "word": "사용자 디바이스"
                    },
                    {
                        "word": "서버"
                    },
                    {
                        "word": "서비스 정보"
                    },
                    {
                        "word": "스토리지"
                    },
                    {
                        "word": "전송"
                    },
                    {
                        "word": "타겟 디바이스"
                    }
                ]
            },
            {
                "context_id": "55e-0c9-merge_ee_114998e3-f5b1d03c-cddd-4b5a-98d3-6f3e15b1ecac_03",
                "context_K-NSCC": {
                    "field": "인공물",
                    "large_category": "EE",
                    "medium_category": "02"
                },
                "context": "<h2>2.4 상이한 DRM 에 관한 호환성 연구</h2> <p>상이한 DRM에 대한 호환성을 위한 DRM system으로 Apple iTunes' Fairplay, Secure Digital Container, Windows Media DRM, The Advanced Access Content System, The Open Mobile Alliance's DRM scheme, PachyDRM 등이 연구되고 있다.</p> <p>DRM 간 호환성을 위한 방안으로 크게 세 가지로 구분 할 수 있다.</p> <ul> <li>o 표준 DRM system 제정 방안(Full-format inter-operability): 글로벌한 하나의 DRM 표준 기준을 제정하여 적용하는 방법</li> <li>o DRM 간 인터페이스 규격 제정 방안(Configuration-driven inter-operability) : End user 사이에 인터페이스 규격 (Tools)을 이용하여 데이터를 변경하는 적용 방법</li> <li>0 제 3 기관을 이용하는 방안(Connected inter-operability): 온라인을 통해서 제 3 기관(서버 등)을 이용하여 원하는 규격으로 데이터를 변경하는 방법</li></ul> <p>첫 번째 방안으로 표준 DRM system을 제정하는 것은 현재 존재하고 있는 DRM system을 통일하는 것으로 사실상 표준제정에 어려움을 갖고 있다. 두 번째 DRM 간 인터페이스 규격 제정은 기존의 DRM system을 사용하면서 연동 인터페이스를 이용하여 데이터를 변경하는 방법으로 DRM 기업들의 협력으로 개발 가능성이 있다고 할 수 있다. 세 번째 제 3 기관 이용 방안은 온라인을 통한 제 3 기관을 이용하여 데이터를 변경하는 방안으로 이 또한 이용 가능하다.</p> <h1>3. 본 론</h1> <h2>3.1 상이한 DRM 시스템을 위한 보호프로파일</h2> <h3>\\( 3.1 .1 \\) 개 요</h3> <p>본 장은 상이한 DRM 기술의 호환을 위한 PP(IHD_PP, Interoperability Heterogeneous DRM Protection Profile)를 개발하는데 DRM간 인터페이스 규격(Configuration-driven inter-operability)을 따르는 EXIM을 이용한다. 본 논문은 기존의 상이한 DRM 호환성 연구결과를 가지고 요구사항 유도과정을 도출해 내야 정확하지만 각 기술마다 상세한 부분은 공개되지 않기 때문에 부득이 하게 제한된 기술을 가지고 요구사항을 도출하게 된다. 그리고 MPDRM_PP, [6,8] 을 활용하여 IHD_PP 를 개발 한다. IHD_PP는 TOE (Target Of Evaluation) 설명, TOE 환경, 보안문제 정의, 보안목적 그리고 보안목적의 이론적 근거로 구성된다.</p> <ul> <li>MPDRM_PP 활용 범위 : 개발하고자 하는 \\( \\mathrm { PP } \\) 는 상이 한 DRM 시스템의 호환 기술에 대한 부분이기에 MPDRM_PP에서의 권한정보 전송, Agent를 통한 암호 화 방식, 인증서 발급 등의 공통점을 가지고 있는 이 부분을 활용한다.</li></ul> <p>(그림 8)과 (그림 9)는 Mobile Phone DRM의 처리과정과 상이한 DRM 시스템의 호환을 위한 EXIM 처리과정을 나타낸다.</p>",
                "context_length": 1649,
                "summary": "다양한 DRM 시스템의 상호운용성을 위한 DRM 시스템 연구는 Apple iTunes의 Fairplay, Secure Digital Container, Windows Media DRM, The Advanced Access Content System, The Open Mobile Alliance의 DRM scheme, PachyDRM 등이 포함되어 있다. 표준 DRM 시스템의 설정, DRM 간 인터페이스 표준의 설정, 제3자 기관의 이용이 이 문제의 해결 방안으로 제안되고 있다. 본 장에서는 이들 기술들의 상호운용성을 보장하기 위한 보호 프로필인 IHD_PP(Interoperability Heterogeneous DRM Protection Profile)를 개발하며, 이때 EXIM은 구성 중심의 상호 운용성을 따른다.",
                "clue": [
                    {
                        "clue_text": "상이한 DRM에 대한 호환성을 위한 DRM system으로 Apple iTunes' Fairplay, Secure Digital Container, Windows Media DRM, The Advanced Access Content System, The Open Mobile Alliance's DRM scheme, PachyDRM 등이 연구되고 있다.",
                        "clue_start": "36",
                        "clue_end": "233"
                    },
                    {
                        "clue_text": "첫 번째 방안으로 표준 DRM system을 제정하는 것은 현재 존재하고 있는 DRM system을 통일하는 것으로 사실상 표준제정에 어려움을 갖고 있다. 두 번째 DRM 간 인터페이스 규격 제정은 기존의 DRM system을 사용하면서 연동 인터페이스를 이용하여 데이터를 변경하는 방법으로 DRM 기업들의 협력으로 개발 가능성이 있다고 할 수 있다. 세 번째 제 3 기관 이용 방안은 온라인을 통한 제 3 기관을 이용하여 데이터를 변경하는 방안으로 이 또한 이용 가능하다.",
                        "clue_start": "626",
                        "clue_end": "891"
                    },
                    {
                        "clue_text": "본 장은 상이한 DRM 기술의 호환을 위한 PP(IHD_PP, Interoperability Heterogeneous DRM Protection Profile)를 개발하는데 DRM간 인터페이스 규격(Configuration-driven inter-operability)을 따르는 EXIM을 이용한다.",
                        "clue_start": "977",
                        "clue_end": "1144"
                    }
                ],
                "terminology": [
                    {
                        "word": "Agent"
                    },
                    {
                        "word": "Connected inter-operability"
                    },
                    {
                        "word": "DRM"
                    },
                    {
                        "word": "DRM system"
                    },
                    {
                        "word": "EXIM"
                    },
                    {
                        "word": "End user"
                    },
                    {
                        "word": "PP"
                    },
                    {
                        "word": "Profile"
                    },
                    {
                        "word": "TOE"
                    },
                    {
                        "word": "TOE (Target Of Evaluation)"
                    },
                    {
                        "word": "보호프로파일"
                    },
                    {
                        "word": "연동 인터페이스"
                    },
                    {
                        "word": "인터페이스"
                    },
                    {
                        "word": "인터페이스 규격 제정"
                    },
                    {
                        "word": "전송"
                    },
                    {
                        "word": "표준 DRM system"
                    }
                ]
            },
            {
                "context_id": "55e-0c9-merge_ee_114998e3-f5b1d03c-cddd-4b5a-98d3-6f3e15b1ecac_02",
                "context_K-NSCC": {
                    "field": "인공물",
                    "large_category": "EE",
                    "medium_category": "02"
                },
                "context": "<h2>2.2 EXIM</h2> <p>기존의 DRM 시스템에서, 사용자는 서로 다른 콘텐츠 제공자에게 구입한 콘텐츠를 하나의 기기에서 실행을 시도할때 실행할 수 없거나 각기 다른 해당 콘텐츠 제공자가 제공하는 소프트웨어를 설치해야만 실행할 수 있다. 이러한 호환성 결여 문제를 해결하기 위해 한국전자통신연구원 ETRI 은 DRM 연동기술인 EXIM을 개발하였다. EXIM은 사용자의 불편을 해소하고 콘텐츠 유통 시장을 활성화하기 위함이고, 기존 DRM 업체 또는 표준단체의 기술을 그대로 유지하면서도 디지털 콘텐츠를 이기종의 DRM 포맷으로 변환할 수 있도록 한다.</p> <p>(그림 4)는 상이한 DRM간 콘텐츠의 상호 연동할 수 있는 EXIM의 개념을 나타낸다. 예를들어 A DRM system에서 다운받은 콘텐츠는 DRM A의 MP3 기기에서는 아무런 문제없이 실행이 가능하다. 하지만 B DRM system을 사용하는 기기에서 사용하려면 EXIM 반출(Export)을 통해서 즉 DRM A의 EXIM 모듈을 통해 중립 포맷인 EXIM 포맷으로 변환하여 DRM B기기에 전송하게 된다. 이를 전송받은 DRM B 기기는 같은 방식으로 EXIM 모듈을 통해 EXIM 포맷을 자신에게 맞는 포맷 즉 DRM B 포맷으로 변경 후에 실행을 할 수 있게 된다.</p> <h3>2.2.1 EXIM 프로세스</h3> <p>다음은 [5]에서 기술한 EXIM 프로세스에 대한 설명이다. 상이한 DRM 간 연동을 위한 중립적인 DRM 콘텐츠 포맷은 콘텐츠에 대한 메타데이터, 사용권한, 암호화된 리소스 이 세 가지를 저장하고 있다. (그림 5)는 상이한 DRM 간 콘텐츠를 전송하는 절차를 나타낸다.</p> <p>o 소스 DRM 측 프로세스(Source DRM Client: 콘텐츠 보내려고 하는 기기)</p> <ul> <li>① 소스 DRM은 자신의 DRM 큰텐츠를 언패키징하여 메 타데이터, 사용권한, 원본 리소스를 추출</li> <li>② 메타데이터, 사용권한, 원본 리소스를 이용하여 중립 포맷 DRM 큰텐츠로 패키징</li> <li>③ 중립 포맷 DRM 콘텐츠를 타겟 \\( \\mathrm { DRM } \\) (상이한 DRM 콘텐츠를 받으려고 하는 기기)으로 Export</li></ul> <p>o 타겟 DRM 측 프로세스(Target DRM Client)</p> <ul> <li>④ 소스 DRM으로부터 Import한 중립 포맷 DRM 콘텐츠를 언패키징하여 메타데이터, 사용권한, 원본 리소스를 추출</li> <li>⑤ 추춘된 메타데이터, 사용권한, 원본 리소스를 타겟 \\( \\mathrm { DRM } \\) 고유의 DRM 콘텐츠 형태로 패키징 후 해당 기기에 전송</li></ul> <h2>2.3 Mobile Phone DRM PP</h2> <p>Mobile Phone DRM PP(MPDRM_PP, [6])는 UMTS(Universal Mobile Telecommunications System) 무선 네트워크 환경에서 콘텐츠 관리를 위한 보호프로파일 개발을 목적으로 한다. 또한 기존의 Smart Card \\( \\mathrm { PP } ( \\mathrm { SCPP } \\), [11])와 Backbon Router PP(BRPP, [12])를 재사용 하여 MPDRM_PP를 생성한다. MPDRM_PP의 TOE는 [13-16]을 기초로 하여 TOE 환경(User interface, User Private Information, Objects' Storage)과 TOE 구성(MPDRM-Agent, Crypto Co-Processor Unit, Right's information secure storage, Device drivers)으로 이루어져 있다.</p>",
                "context_length": 1828,
                "summary": "EXIM은 상이한 DRM 간 콘텐츠 상호 연동을 가능하게 하는 연동기술로, 소스 DRM이 중립 포맷 DRM 콘텐츠로 변환하여 타겟 DRM에 Export하고, 타겟 DRM이 중립 포맷 DRM 콘텐츠를 타겟 DRM 포맷으로 변환하여 실행하는 과정을 거친다. 타겟 DRM은 소스 DRM으로부터 정보들을 추출하고, DRM 콘텐츠로 패키징하여 전송한다. 한편, MPDRM_PP는 UMTS 무선 네트워크 환경에서 콘텐츠 관리를 위해서 보호프로파일 개발을 목표로 한다.",
                "clue": [
                    {
                        "clue_text": "이러한 호환성 결여 문제를 해결하기 위해 한국전자통신연구원 ETRI 은 DRM 연동기술인 EXIM을 개발하였다.",
                        "clue_start": "140",
                        "clue_end": "202"
                    },
                    {
                        "clue_text": "<ul> <li>① 소스 DRM은 자신의 DRM 큰텐츠를 언패키징하여 메 타데이터, 사용권한, 원본 리소스를 추출</li> <li>② 메타데이터, 사용권한, 원본 리소스를 이용하여 중립 포맷 DRM 큰텐츠로 패키징</li> <li>③ 중립 포맷 DRM 콘텐츠를 타겟 \\( \\mathrm { DRM } \\) (상이한 DRM 콘텐츠를 받으려고 하는 기기)으로 Export</li></ul>",
                        "clue_start": "895",
                        "clue_end": "1110"
                    },
                    {
                        "clue_text": "Mobile Phone DRM PP(MPDRM_PP, [6])는 UMTS(Universal Mobile Telecommunications System) 무선 네트워크 환경에서 콘텐츠 관리를 위한 보호프로파일 개발을 목적으로 한다.",
                        "clue_start": "1368",
                        "clue_end": "1496"
                    },
                    {
                        "clue_text": "<ul> <li>④ 소스 DRM으로부터 Import한 중립 포맷 DRM 콘텐츠를 언패키징하여 메타데이터, 사용권한, 원본 리소스를 추출</li> <li>⑤ 추춘된 메타데이터, 사용권한, 원본 리소스를 타겟 \\( \\mathrm { DRM } \\) 고유의 DRM 콘텐츠 형태로 패키징 후 해당 기기에 전송</li></ul>",
                        "clue_start": "1153",
                        "clue_end": "1331"
                    }
                ],
                "terminology": [
                    {
                        "word": "Card"
                    },
                    {
                        "word": "Client"
                    },
                    {
                        "word": "DRM"
                    },
                    {
                        "word": "ETRI"
                    },
                    {
                        "word": "EXIM"
                    },
                    {
                        "word": "MPDRM_PP"
                    },
                    {
                        "word": "PP"
                    },
                    {
                        "word": "Router"
                    },
                    {
                        "word": "Smart"
                    },
                    {
                        "word": "TOE"
                    },
                    {
                        "word": "UMTS"
                    },
                    {
                        "word": "Unit"
                    },
                    {
                        "word": "interface"
                    },
                    {
                        "word": "storage"
                    },
                    {
                        "word": "네트워크"
                    },
                    {
                        "word": "데이터"
                    },
                    {
                        "word": "리소스"
                    },
                    {
                        "word": "메타데이터"
                    },
                    {
                        "word": "모듈"
                    },
                    {
                        "word": "보호프로파일"
                    },
                    {
                        "word": "소스 DRM"
                    },
                    {
                        "word": "소프트웨어"
                    },
                    {
                        "word": "암호화"
                    },
                    {
                        "word": "전송"
                    },
                    {
                        "word": "중립 포맷 DRM"
                    },
                    {
                        "word": "패키징"
                    },
                    {
                        "word": "포맷"
                    },
                    {
                        "word": "호환성 결여 문제"
                    }
                ]
            },
            {
                "context_id": "55e-0c9-merge_ee_114998e3-f5b1d03c-cddd-4b5a-98d3-6f3e15b1ecac_10",
                "context_K-NSCC": {
                    "field": "인공물",
                    "large_category": "EE",
                    "medium_category": "02"
                },
                "context": "<h1>4. 분 석</h1> <p>본 장에서는 3 장에서 기술한 기존의 보호프로파일을 재사용하고, 새로 필요한 항목을 추가 생성하는 방법으로 IHD_PP를 개발함에 있어 그 효율성 및 활용성 측면을 분석한다. PP 를 재사용하기에 앞서 기존 PP 는 개발하고자 하는 PP 와 비슷한 기능과 환경을 가지고 있어야 하며 그 다음에 기존 PP 를 분석 및 참고하여 재사용함으로써 보안환경 및 보안목적을 도출하는데 그 시간과 비용 면에서 상대적인 효율성을 보인다.</p> <p>(그림 11)은 IHD_PP 개발에 있어 기존 PP 활용 비율을 나타낸다. IHD_PP 개발에 앞서 개발 하고자 하는 PP 와 유사한 성능을 가지고 있는 MPDRM_PP를 선정한다. 결과적으로 IHD_PP의 보안문제정의 및 보안목적을 도출하는데 IHD_PP 전체를 \\( 100 \\% \\) 로 봤을 때 MPDRM_PP에서 \\( 33 \\% \\) 를 추출하여 활용하였고 나머지 \\( 67 \\% \\) 는 새로 추가하여 기술하였다. 이와 같은 결론은 PP 를 개발하는데 \\( 67 \\% \\) 의 느력이 필요하다는 것이 아니라 개발하고자 하는 PP 와 비슷한 환경과 기능의 PP 를 선택해서 선택한 PP의 분석을 통해 재사용할 수 있는 항목을 추출해 냄으로써 시간과 비용 측면에서 효율적으로 PP 가 개발됨을 보여준다. (그림 12) 또한 각각의 보안문제정의와 보안목적의 활용 정도를 나타낸다.</p> <p>그러나 재사용 할 PP 즉 기존 PP 선택 시 신중을 기해야 한다. 왜냐하면 한번 잘못 선택된 PP 는 재사용 하기위한 분석 시간 및 비용에 비해 재사용 율이 떨어질 수 있기 때문에 다음 사항을 고려해서 PP 를 선정해야 할 것이다. PP 선택 시 고려사항으로는 다음의 세 가지를 들 수 있다. 개발할 제품과의 보안 기능의 유사성은 있는가, 보안 환경은 비슷한가, 사용자 및 관리자를 비교해 공통사항이 충분히 존재하는가를 검토하고 유사성이 있을 때 그 효율성을 극대화 할 수 있다.</p> <h1>5. 결 론</h1> <p>디지털 콘텐츠의 저작권을 보호하기 위한 기술로서 DRM 기술이 사용되고 있다. 이러한 DRM 기술은 근래에 들어 엔터테인먼트 콘텐츠의 디지털화가 급증하면서DRM 사용이 일반화되었다. 하지만 콘텐츠 서비스 업체 간에 각기 다른 기술규격의 DRM 시스템 직용으로 DRM 호환성이 보장되지 못하고 있다. 이러한 문제를 해결하기 위해 다양한 기술이 개발되고 있다.</p> <p>본 논문은 공통평가기준을 기반하여 상이한 DRM 시스템 연동기술의 보안성에 대한 보호프로퐈일(IHD_PP)을 개발 했 다. 또한 기존의 PP 를 재사용하여 IHD_PP를 개발하는데 활용하였다. 개발하고자 하는 IHD_PP와 비슷한 환경의 기존 PP 를 선택하고, 분석을 통해 재사용할 수 있는 항목을 추출해 IHD_PP에 적용함으로써 보안 문제정의와 보안목적을 도출하는데 시간 효율과 비용 측면에서의 효율적임을 보였다. 본 논문에서 개발한 IHD_PP 또한 타 PP 또는 보안목표명세서에서 재사용됨으로써 좋은 참고자료가 될 것으로 기대된다. 또한 콘테츠 제공자 및 사용자 권한을 관리하는 관리자가 안전한 저작권을 유지할 수 있는 요구사항으로 활용할 수 있다.</p>",
                "context_length": 1581,
                "summary": "DRM 기술이 디지털 콘텐츠의 저작권 보호를 위해 일반적으로 사용되고 있는데 서비스 업체 간 기술규격이 달라 DRM 호환성이 보장되지 않고 있다. 이에 본 논문에서는 기존 PP를 활용해 각기 다른 DRM의 연동기술 보안성에 관한 보호프로파일을 개발했다. 개발한 보호프로파일은 콘텐츠 제공자와 사용자 권한을 관리하는 관리자가 안전하게 저작권을 유지할 수 있게 활용될 수 있으며 시간과 비용 측면에서도 효율성을 보였다.",
                "clue": [
                    {
                        "clue_text": "콘텐츠 서비스 업체 간에 각기 다른 기술규격의 DRM 시스템 직용으로 DRM 호환성이 보장되지 못하고 있다. 이러한 문제를 해결하기 위해 다양한 기술이 개발되고 있다.",
                        "clue_start": "1108",
                        "clue_end": "1201"
                    },
                    {
                        "clue_text": "본 논문에서 개발한 IHD_PP 또한 타 PP 또는 보안목표명세서에서 재사용됨으로써 좋은 참고자료가 될 것으로 기대된다. 또한 콘테츠 제공자 및 사용자 권한을 관리하는 관리자가 안전한 저작권을 유지할 수 있는 요구사항으로 활용할 수 있다.",
                        "clue_start": "1444",
                        "clue_end": "1577"
                    }
                ],
                "terminology": [
                    {
                        "word": "DRM"
                    },
                    {
                        "word": "IHD_PP"
                    },
                    {
                        "word": "MPDRM_PP"
                    },
                    {
                        "word": "PP"
                    },
                    {
                        "word": "공통평가기준"
                    },
                    {
                        "word": "관리자"
                    },
                    {
                        "word": "보안 환경"
                    },
                    {
                        "word": "보안목표명세서"
                    },
                    {
                        "word": "보호프로파일"
                    },
                    {
                        "word": "보호프로퐈일"
                    },
                    {
                        "word": "사용자"
                    },
                    {
                        "word": "사용자 권한"
                    },
                    {
                        "word": "시스템 연동기술"
                    },
                    {
                        "word": "직용"
                    }
                ]
            }
        ]
    }
}