{
    "dataset_info": {
        "identifier": "02-031-002-NL",
        "name": "기술과학 문서 요약 데이터",
        "category": "자연어",
        "last_updated": "2023-08-30"
    },
    "dataset": {
        "doc_id": "114998e3-4c735247-d6d3-4002-b95e-8c99280a0908",
        "doc_type": "논문",
        "doc_title": {
            "kor": "생체 모방 로봇을 이용한 관로 모니터링 시스템의 구현",
            "eng": ""
        },
        "doc_category": {
            "KDC": "413.05",
            "DDC": ""
        },
        "doc_number": {
            "ISSN": "2287-5891",
            "ISBN": "",
            "DOI": "",
            "UCI": ""
        },
        "doc_year": "2010",
        "doc_author": [
            "신대정",
            "나승유",
            "김진영",
            "정주현"
        ],
        "doc_publisher": "한국정보처리학회",
        "doc_license": "CC BY-NC",
        "context_info": [
            {
                "context_id": "55e-0c9-merge_ee_114998e3-4c735247-d6d3-4002-b95e-8c99280a0908_01",
                "context_K-NSCC": {
                    "field": "인공물",
                    "large_category": "EE",
                    "medium_category": "10"
                },
                "context": "<p>그립퍼의 동작을 위하여 형상 기억 합금에 전류를 공급하거나 차단하는 장치로 릴레이를 사용한다. 형상 기억 합금이 사용된 그립퍼는 로봇의 4개의 다리 말단에 위치한다. 로봇의 이동을 위하여 네 개의 팔들 중의 하나를 이동시키기 위하여 움켜쥐고 있던 그립퍼의 말단부를 벌리고, 서보모터와 연결된 관절들의 각도를 이동시켜 팔을 앞으로 진행하도록 한다. 앞으로 진행된 팔이 관로에 고정되도록 그립퍼의 형상 기억 와이어의 전력을 차단하고 충분히 관로를 움켜쥐는 힘이 가해지면 정해진 순서대로 나머지 팔들을 관로의 앞 혹은 뒤 쪽으로 이동시킨다. 제작된 관로 이동 로봇의 무게는 배터리를 포함하여 \\( 790 \\mathrm { ~g } \\) 이다. 관로 모니터링 시스템을 구현하기 위하여 관로에서 이동 중에 관측할 수 있는 유용한 센서 정보를 수집하여 서버에 전송한다.</p> <h2>2.2 마이크로컨트롤러</h2> <p>관로 이동 로봇은 관로를 인식하고, 관로 상을 이동하기 위하여 12 개의 모터와 4 개의 형상 기억 합금 와이어에 전력을 공급하거나 차단하며, 관로 상에서 획득한 센서 데이터를 서버에 전송하여야 한다. 관로 이동 로봇을 위한 모터제어, 센서 인터페이스, 외부와의 통신 등 모든 기능을 수행하는 마이크로컨트롤러로 TI사의 MSP430F149를 사용한다. 이동 로봇의 구현을 위한 다수의 서보 모터를 제어하기 위하여 시리얼 포트에 별도의 모터 컨트롤러를 연결하여 사용하고 적절한 명령/데이터의 전송을 위하여 나머지 시리얼 통신 포트에 블루투스 모듈을 연결하여 사용한다. 로봇의 동작을 위한 마이크로컨트롤러의 실제 모습을 (그림 1)의 (a)에, 그 블록도를 (b)에 보인다. 별도의 모터 컨트롤러를 사용하여 마이크로컨트롤러는 다수의 모터를 제어하는데 큰 부하를 피할 수 있고, 진동, 소음, 온도 등 다양한 센서값을 획득하고 분석한다. 마이크로컨트롤러가 로봇의 그립퍼를 온/오프 하는 것은 디지털 출력 신호로 충분하며, 릴레이를 사용하여 전력을 공급하거나 차단한다.</p> <h2>2.3 그립퍼</h2> <p>구조를 단순화시키고 부피를 작게 하기 위하여 그립퍼의 구동을 형상 기억 합금 와이어를 사용하였다. Flexinol이라는 이름을 가진 형상 기억 합금 와이어는 니켈과 티타늄 합금의 일종으로 \\( 70 ^ {\\circ } \\mathrm { C } \\) 에 도달하면 길이가 약 \\( 4 \\% \\) 정도 짧아지는 특성을 가진다. 이러한 성질을 이용하여 단순한 동작을하는 엑추에이터를 제작하는 것이 가능하다. 로봇이 관로를 움켜쥐는 장치인 그립퍼를 (그림 2)의 (a)에 보인다. 그립퍼는 관로를 움켜쥘 수 있는 부분과 관절, 그리고 관절을 움직이기 위하여 사용된 형상 기억 합금으로 구성된다. 형상 기억 합금은 일정한 전력을 공급하면 온도가 상승하면서 합금 와이어의 길이가 수축된다. 와이어의 수축은 관절을 움직이게 하여 그립퍼의 말단 부분이 벌어지도록 한다. 또한 전력 공급을 중단하면 합금 와이어가 원상태로 되돌아가면서 관절을 구성하는 스프링의 힘에 의해 관로를 움켜쥐게 된다. 실제 로봇 제작에 사용한 형상 기억 합금 와이어는 두께 \\( 0.004 \\) 인치, 단위 인치당 \\( 3 \\Omega \\) 의 저항을 가진다. 약 10 인치 길이의 와이어 2 개가 힘을 가하는 지점 4 곳에 위치하도록 설치되어 있다. 따라서 결합된 와이어 하나당 약 \\( 150 \\mathrm { ~g } * 8 = \\) \\( 1200 \\mathrm { ~g } \\) 의 힘을 가진다. 이러한 와이어 세트가 하나의 그립퍼의 양쪽에 설치되어 총 \\( 2.4 \\mathrm { Kg } \\) 정도의 힘을 가진다. 길게 연장되고 병렬로 연결된 형상 기억 합금 와이어의 전체 저항은 약 \\( 15 \\Omega \\) 이며, \\( 5 \\mathrm { ~V } \\) 전압을 가했을 때 약 \\( 0.37 \\mathrm { ~A } \\) 의 전류가 흐르고, 수축하여 그립퍼의 한쪽 관절에서 약 \\( 15 ^ {\\circ } \\) 정도의 변이를 보이며 전체적으로 약 \\( 30 ^ {\\circ } \\) 정도의 변이를 보인다.</p>",
                "context_length": 2022,
                "summary": "그립퍼에 사용되는 릴에이는 형상 기억 합금에 전류를 공급,차단하는 역할을 한다. 관로 이동 로봇은 관로를 인식하고, 이동하기 위하여 모터와 형상 기억 합금 와이어에 전력을 공급하거나 차단하며, 관로 상에서 획득한 센서 데이터를 서버에 전송하는데, 동작을 위한 마이크로컨트롤러는 그림1과 같다. 그립퍼는 관로를 움켜 쥘 수 있는 부분과 관절, 그리고 관절을 움직이기 위하여 사용된 형상 기억 합금으로 구성되는데, 형상 기억 합금은 구조를 단순화하고 부피를 작게하기 위해 사용되었다.",
                "clue": [
                    {
                        "clue_text": "그립퍼의 동작을 위하여 형상 기억 합금에 전류를 공급하거나 차단하는 장치로 릴레이를 사용한다.",
                        "clue_start": "3",
                        "clue_end": "55"
                    },
                    {
                        "clue_text": "관로 이동 로봇은 관로를 인식하고, 관로 상을 이동하기 위하여 12 개의 모터와 4 개의 형상 기억 합금 와이어에 전력을 공급하거나 차단하며, 관로 상에서 획득한 센서 데이터를 서버에 전송하여야 한다. ",
                        "clue_start": "457",
                        "clue_end": "570"
                    },
                    {
                        "clue_text": "구조를 단순화시키고 부피를 작게 하기 위하여 그립퍼의 구동을 형상 기억 합금 와이어를 사용하였다.",
                        "clue_start": "1020",
                        "clue_end": "1074"
                    },
                    {
                        "clue_text": "그립퍼는 관로를 움켜쥘 수 있는 부분과 관절, 그리고 관절을 움직이기 위하여 사용된 형상 기억 합금으로 구성된다.",
                        "clue_start": "1284",
                        "clue_end": "1347"
                    }
                ],
                "terminology": [
                    {
                        "word": "관로"
                    },
                    {
                        "word": "관로 이동 로봇"
                    },
                    {
                        "word": "그립퍼"
                    },
                    {
                        "word": "릴레이"
                    },
                    {
                        "word": "마이크로컨트롤러"
                    },
                    {
                        "word": "모니터링 시스템"
                    },
                    {
                        "word": "모터제어"
                    },
                    {
                        "word": "서버"
                    },
                    {
                        "word": "서보모터"
                    },
                    {
                        "word": "센서"
                    },
                    {
                        "word": "센서 데이터"
                    },
                    {
                        "word": "센서 인터페이스"
                    },
                    {
                        "word": "센서 정보"
                    },
                    {
                        "word": "시리얼 통신"
                    },
                    {
                        "word": "시리얼 포트"
                    },
                    {
                        "word": "엑추에이터"
                    },
                    {
                        "word": "와이어"
                    },
                    {
                        "word": "전류"
                    },
                    {
                        "word": "전송"
                    },
                    {
                        "word": "통신"
                    },
                    {
                        "word": "통신 포트"
                    },
                    {
                        "word": "합금"
                    },
                    {
                        "word": "형상 기억 와이어"
                    },
                    {
                        "word": "형상 기억 합금"
                    }
                ]
            },
            {
                "context_id": "55e-0c9-merge_ee_114998e3-4c735247-d6d3-4002-b95e-8c99280a0908_11",
                "context_K-NSCC": {
                    "field": "인공물",
                    "large_category": "EE",
                    "medium_category": "11"
                },
                "context": "<p>설비의 노후화로 인한 관로의 점진적 이상 발생과 같은 현상은 시간의 흐름에 따라 미세하게 진행되며 쉽게 발견되기 어렵다. 하지만 이러한 미세한 진행이 치명적인 관로 이상의 원인이 되는 경우가 대부분이다. 급박한 관로 이상에 의한 시스템의 상태를 쉽게 모니터링하는 기존의 모니터링 시스템에, 부가적으로 관로 곳곳의 미세한 이상 유무까지 확인할 수 있는 시스템의 결합이 최선의 선택이다. 이를 위하여 전문가에 의한 주기적인 관로의 점검이 필수적이며, 전문가가 접근하기 힘든 곳이나 미세한 부분은 이러한 점검에서도 소홀하게 다루어지기 쉽다.</p> <p>본 논문에서는 생체 모방 관로 이동 로봇을 이용하여 모든 관로를 바짐없이 횔씬 더 짧은 주기로 점검함으로써 장기간의 시간 변화에 따른 수치화된 측정 데이터를 이용하여 관로의 노후화 및 이상 유무를 분석하고 사고 징후를 예측 할 수 있는 수단을 제공한다. (그림 13)은 생체 모방 모니터링 시스템을 이용한 관로 모니터링 시스템의 동작을 간단한 흐름도로 보인다.</p> <h2>4.3 데이터 전송 및 디스플레이</h2> <p>관로 이동 로봇은 측정한 데이터를 USART 포트와 연결된 블루투스 모듈을 통해 서버 \\( \\mathrm { PC } \\) 로 전송한다. 서버에 연결된 블루투스 모듈은 관로 이동 로봇이 전송한 데이터를 수신하고, \\( \\mathrm { PC } \\) 의 시리얼 포트로 전송한다. \\( \\mathrm { PC } \\) 로 전송된 다양한 데이터들을 분석하고 처리하는 프로그램은 MATLAB의 SIMULINK로 구현된다. SIMULINK로 구현된 센서 데이터 처리 프로그램의 한 예를 (그림 14)에 보인다.</p> <h1>5. 결 론</h1> <p>관로 모니터링 시스템을 구축하기 위한 관로 이동 생체 모방 로봇을 소개하였으며, 로봇의 이동성을 위하여 관로의 형태를 인식하는 방법과 이동식 관로 모니터링 시스템에 대하여 제안하였다. 적외선 거리 측정 센서를 회전시켜 얻는 각도, 거리 정보를 이용하여 관로의 형태 혹은 단순한 구조를 가지는 경우, 관로의 휘어짐 등을 판단하여 관로의 형태를 인식하는 퍼지 분류기를 제안하고 그 효율성을 확인하였다. 특히 단순한 관로의 휘어짐에 의한 모양 뿐 아니라 분기 혹은 교차 등 다양하고 복잡한 모양에 대한 형태 인식도 가능하다. 제안된 관로 모니터링 시스템은 고정 관측점이 없고 관리자가 접근하기 힘든 관로 상의 다양한 지점을 이동 로봇이 자유롭게 이동하면서 관로 모니터링에 꼭 푈요한 다양한 데이터를 수집한다. 제안된 시스템을 실용적이고 확장성 있는 시스템으로 개선을 위하여, 다양한 배경에서 관로를 인식하고 그 형태를 분류하거나, 영상 정보 등을 활용하여 관로를 인식하는 등의 개선된 방법에 대한 개발이 필요하다. 또한 광범위한 관로 시스템에서 효율적인 모니터링을 위해 여러 개의 로봇을 이용해 상호 협력적인 모니터링 시스템을 구현하거나, 센서 네트워그 기반의 모니터링 기반으로의 확장이 요구된다.</p>",
                "context_length": 1467,
                "summary": "관로 노후화는 시간의 흐름에 따라 미세하게 진행되어 쉽게 발견하기 어려우나, 치명적인 관로 이상의 원인이 될 수 있다. 따라서 주기적인 관로 점검과 생체 모방 관로 이동 로봇을 이용한 모니터링 시스템을 구축하여 미세한 이상 유무를 확인하고 사고 징후를 예측할 수 있는 수단을 제공하는 것이 좋다.",
                "clue": [
                    {
                        "clue_text": "설비의 노후화로 인한 관로의 점진적 이상 발생과 같은 현상은 시간의 흐름에 따라 미세하게 진행되며 쉽게 발견되기 어렵다.",
                        "clue_start": "3",
                        "clue_end": "70"
                    },
                    {
                        "clue_text": "급박한 관로 이상에 의한 시스템의 상태를 쉽게 모니터링하는 기존의 모니터링 시스템에, 부가적으로 관로 곳곳의 미세한 이상 유무까지 확인할 수 있는 시스템의 결합이 최선의 선택이다.",
                        "clue_start": "117",
                        "clue_end": "217"
                    },
                    {
                        "clue_text": "본 논문에서는 생체 모방 관로 이동 로봇을 이용하여 모든 관로를 바짐없이 횔씬 더 짧은 주기로 점검함으로써 장기간의 시간 변화에 따른 수치화된 측정 데이터를 이용하여 관로의 노후화 및 이상 유무를 분석하고 사고 징후를 예측 할 수 있는 수단을 제공한다.",
                        "clue_start": "310",
                        "clue_end": "451"
                    },
                    {
                        "clue_text": "관로 모니터링 시스템을 구축하기 위한 관로 이동 생체 모방 로봇을 소개하였으며, 로봇의 이동성을 위하여 관로의 형태를 인식하는 방법과 이동식 관로 모니터링 시스템에 대하여 제안하였다.",
                        "clue_start": "852",
                        "clue_end": "954"
                    }
                ],
                "terminology": [
                    {
                        "word": "MATLAB"
                    },
                    {
                        "word": "SIMULINK"
                    },
                    {
                        "word": "USART"
                    },
                    {
                        "word": "거리 측정 센서"
                    },
                    {
                        "word": "관로"
                    },
                    {
                        "word": "관로 이동 로봇"
                    },
                    {
                        "word": "교차"
                    },
                    {
                        "word": "모니터링 시스템"
                    },
                    {
                        "word": "생체 모방"
                    },
                    {
                        "word": "서버"
                    },
                    {
                        "word": "센서"
                    },
                    {
                        "word": "센서 데이터"
                    },
                    {
                        "word": "시리얼 포트"
                    },
                    {
                        "word": "적외선 거리 측정 센서"
                    },
                    {
                        "word": "전송"
                    },
                    {
                        "word": "측정 데이터"
                    },
                    {
                        "word": "퍼지"
                    },
                    {
                        "word": "퍼지 분류기"
                    }
                ]
            },
            {
                "context_id": "55e-0c9-merge_ee_114998e3-4c735247-d6d3-4002-b95e-8c99280a0908_02",
                "context_K-NSCC": {
                    "field": "인공물",
                    "large_category": "EE",
                    "medium_category": "02"
                },
                "context": "<p>로봇의 모든 관절은 하나의 모터에 의해 한쪽 축으로 회전 운동한다. 모터의 회전 운동으로 팔을 안쪽으로 혹은 바깥쪽으로 이동시키고, 또한 몸체를 앞으로 혹은 뒤로 이동시킨다. 제작된 로봇을 (그림 2)의 (b)에 보인다.</p> <h1>3. 관로 인식</h1> <h2>3.1 관로 형태 인식</h2> <p>관로 이동용 생체 모방 로봇의 동작을 위하여 로봇은 관로의 형태을 인식해야만 한다. 일반적으로 한쪽 방향으로 휘어진 관로, 분기되는 관로, 교차하는 관로 등 다양한 형태의 관로를 예로 들었다. (그림 3)에 보여지는 관로의 예는 관로 측정 시스템이 측정한 거리, 각도 정보로부터 획득된 관로가 존재하는 영역의 개수로 구분한 것이다. 그리고 마지막 (d)는 ' 7 ' 모양으로 교차하거나 분기되는 관로의 다양한 형태에 대하여 보인 것이다. (그림 3)과 같은 관로의 분류는 관로의 형태를 측정할 수 있는 최적의 위치에서 측정 시스템이 감지하는 관로의 개수에 따라 구분한 것이다. (그림 3)의 (a)는 하나의 관로만 감지되는 경우, (b)는 두 개의 관로가 감지되는 경우이며, (c)는 세 개의 관로가 감지되는 경우이다. 그리고 (그림 3)의 (d)는 (c)의 특별한 경우들로, 교차하거나 분기되는 ' \\( + \\) '자 모양에 대한 구체적인 다른 경우의 예를 보인 것으로, 제안된 시스템은 (d)의 경우까지도 분류가 가능하다.</p> <p>관로의 형태 인식을 위한 방법으로 관로 이동 로봇에 적외선 거리 측정 센서와 센서를 회전 이동시키기 위한 모터, 모터의 이동 각도를 측정하기 위하여 모터의 회전축에 포텐시오미터를 설치한다. 모터 축에서 적외선 거리 측정 센서 까지의 거리는 약 \\( 10.5 \\mathrm { Cm } \\) 이며, 센서의 길이는 \\( 2.9 \\mathrm { Cm } \\) 이다. 센서는 모터 방향으로 적외선 수신부, 바깥쪽으로 적외선 송신부가 위치하도록 배치되어 있다. 실험에서 사용한 관로는 직경 \\( 2.5 \\mathrm { Cm } \\) 이며, \\( \\mathrm { PVC } \\) 로 제작된 것이다. (그림 4)의 (a)에 관로 측정 장치의 개넘도를, (b)는 로봇에 부착된 관로 측정 장치의 실제 모습을 보인 것이다.</p> <h2>3.2 센서부 및 신호 처리</h2> <p>관로를 측정하기 위한 모터의 스캔 범위는 로봇의 좌측으로 \\( 75 ^ {\\circ } \\) 에서 우측으로 \\( 75 ^ {\\circ } \\) 이다. 좌측에서 우측으로 스캔하는 시간은 약 9.5초 정도의 시간이 필요하며, 스캔이 완료된 후 다시 스캔하기 위한 위치로 되돌아오는데 약 \\( 1.4 \\) 초의 시간이 필요하다. 스캔하는 동안 적외선 거리 측정 센서와 포텐시오미터의 출력 신호는 초당 20 회 샘플링된다. 한번 스캔하는 동안 약 190 여개의 거리 및 각도 정보가 획득된다. 190여개의 거리, 각도 정보는 관로의 모양을 분류하기 위한 데이터로 너무 많은 양이기 때문에 \\( -70 ^ {\\circ } \\) 에서 \\( + 70 ^ {\\circ } \\) 까지 \\( 2 ^ { 0 } \\) 간격으로 측정한 데이터들을 변환하여 총 71 개의 데이터를 생성하여 관로 모양의 식별을 위한 퍼지 분류기의 입력으로 사용한다. 스캔 과정에서 모터의 각도 정보를 획득하기 위하여 얻은 포텐시오미터의 출력 전압을 각도 정보로 환산하기 위하여 사용한 측정 데이터를 (그림 5)에 보인다.</p>",
                "context_length": 1682,
                "summary": "제안된 시스템은 다양한 형태의 관로, 예를 들어 한쪽 방향으로 휘어진 관로, 분기되는 관로, 교차하는 관로를 구분할 수 있다. 관로의 형태를 인식하기 위해 로봇에 적외선 거리 측정 센서와 이를 회전시킬 수 있는 모터, 그리고 모터의 회전 각도를 측정하는 포텐시오미터를 설치했다. 관로의 여러 예시와 측정 장치의 설계도와 실제 모습은 주어진 그림에서 확인할 수 있다.",
                "clue": [
                    {
                        "clue_text": "그리고 (그림 3)의 (d)는 (c)의 특별한 경우들로, 교차하거나 분기되는 ' \\( + \\) '자 모양에 대한 구체적인 다른 경우의 예를 보인 것으로, 제안된 시스템은 (d)의 경우까지도 분류가 가능하다.",
                        "clue_start": "577",
                        "clue_end": "692"
                    },
                    {
                        "clue_text": "일반적으로 한쪽 방향으로 휘어진 관로, 분기되는 관로, 교차하는 관로 등 다양한 형태의 관로를 예로 들었다.",
                        "clue_start": "221",
                        "clue_end": "281"
                    },
                    {
                        "clue_text": "(그림 4)의 (a)에 관로 측정 장치의 개넘도를, (b)는 로봇에 부착된 관로 측정 장치의 실제 모습을 보인 것이다.",
                        "clue_start": "1032",
                        "clue_end": "1098"
                    },
                    {
                        "clue_text": "관로의 형태 인식을 위한 방법으로 관로 이동 로봇에 적외선 거리 측정 센서와 센서를 회전 이동시키기 위한 모터, 모터의 이동 각도를 측정하기 위하여 모터의 회전축에 포텐시오미터를 설치한다.",
                        "clue_start": "700",
                        "clue_end": "805"
                    },
                    {
                        "clue_text": "일반적으로 한쪽 방향으로 휘어진 관로, 분기되는 관로, 교차하는 관로 등 다양한 형태의 관로를 예로 들었다.",
                        "clue_start": "221",
                        "clue_end": "281"
                    }
                ],
                "terminology": [
                    {
                        "word": "Cm"
                    },
                    {
                        "word": "PVC"
                    },
                    {
                        "word": "거리 측정 센서"
                    },
                    {
                        "word": "관로"
                    },
                    {
                        "word": "관로 이동 로봇"
                    },
                    {
                        "word": "관로 측정 시스템"
                    },
                    {
                        "word": "샘플링"
                    },
                    {
                        "word": "생체 모방"
                    },
                    {
                        "word": "센서"
                    },
                    {
                        "word": "센서부"
                    },
                    {
                        "word": "송신부"
                    },
                    {
                        "word": "수신부"
                    },
                    {
                        "word": "적외선 거리 측정 센서"
                    },
                    {
                        "word": "출력 전압"
                    },
                    {
                        "word": "측정 데이터"
                    },
                    {
                        "word": "퍼지"
                    },
                    {
                        "word": "퍼지 분류기"
                    },
                    {
                        "word": "포텐시오미터"
                    }
                ]
            },
            {
                "context_id": "55e-0c9-merge_ee_114998e3-4c735247-d6d3-4002-b95e-8c99280a0908_04",
                "context_K-NSCC": {
                    "field": "인공물",
                    "large_category": "EE",
                    "medium_category": "02"
                },
                "context": "<p>Rule 2 : If \\( x \\) is \\( A_ { 2 } \\) and \\( y \\) is \\( B_ { 2 } \\), Then \\( f_ { 2 } =p_ { 2 } x + q_ { 2 } y + r_ { 2 } \\).</p> <p>\\( \\mathrm { x } \\) 는 \\( \\mathrm { i } \\) 번째 노드의 입력, \\( A_ { i } \\) 는 크다, 작다 등의 언어 변수이다. ANFIS의 5개의 레이어 중에서, 첫 번째 레이어는 입력 변수를 퍼지화 하는 단계이다. 퍼지화 함수로는 벨 모양의 다음과 같은 식을 사용한다[10].</p> <p>\\( \\mu_ { A_ { i } } (x)= \\exp \\left \\{ - \\left ( \\frac { x-c_ { i } } { a_ { i } } \\right ) ^ { 2 } \\right \\} \\)<caption>(1)</caption></p> <p>\\( a_ { i } , c_ { i } \\) 는 언어 변수를 구성하는 파라미터이다.퍼지화된 입력은 두 번째 레이어에서 퍼지곱 연산을 수행한다. 이 노드의 출력은 각 규칙의 firing strenth를 표현한다[10].</p> <p>\\( \\omega_ { i } = \\mu_ { A_ { i } } (x) \\times \\mu_ { B_ { i } } (x) \\)<caption>(2)</caption></p> <p>세 번째 레이어에서는 \\( \\mathrm { i } \\) 번째 퍼지 규칙의 firing strenth에 대한 모든 펴지 규칙의 firing strenth의 합의 비로 계산된다. 이는 일반적인 펴지 시스템에서의 펴지 규칙에 해당한다. 식 (4)는 정규화된 firing strenth이며 세 번째 레이어의 출력이다[10].</p> <p>\\( \\overline {\\omega_ { i } } = \\frac {\\omega_ { i } } {\\omega_ { 1 } + \\omega_ { 2 } } , i=1,2 \\)<caption>(3)</caption></p> <p>네 번째 레이어는 펴지 출력 멤버숩 함수를 나타내는 곳으로, 패지 논리 시스템의 후건부를 선형식으로 표현한 것으로 다음과 같이 표현된다[10].</p> <p>\\( \\overline {\\omega_ { i } } f_ { i } = \\overline {\\omega_ { i } } \\left (p_ { i } x + q_ { i } y + r_ { i } \\right ) \\)<caption>(4)</caption></p>",
                "context_length": 1241,
                "summary": "ANFIS의 5개 레이어 중 첫 번째 레이어는 입력 변수를 퍼지화하는 단계이며, 두 번째 레이어는 퍼지곱 연산을 수행하고, 세 번째 레이어는 규칙의 firing strenth를 표현하고, 네 번째 레이어는 펴지 출력 멤버숩 함수를 나타내는 곳으로 \\( x \\)가 \\( A_ { 2 } \\), \\( y \\)가 \\( B_ { 2 } \\)일 때 \\( f_ { 2 } =p_ { 2 } x + q_ { 2 } y + r_ { 2 } \\)라는 규칙을 사용한다.",
                "clue": [
                    {
                        "clue_text": "Rule 2 : If \\( x \\) is \\( A_ { 2 } \\) and \\( y \\) is \\( B_ { 2 } \\), Then \\( f_ { 2 } =p_ { 2 } x + q_ { 2 } y + r_ { 2 } \\).",
                        "clue_start": "3",
                        "clue_end": "128"
                    },
                    {
                        "clue_text": "ANFIS의 5개의 레이어 중에서, 첫 번째 레이어는 입력 변수를 퍼지화 하는 단계이다. 퍼지화 함수로는 벨 모양의 다음과 같은 식을 사용한다[10].",
                        "clue_start": "225",
                        "clue_end": "309"
                    },
                    {
                        "clue_text": "\\( a_ { i } , c_ { i } \\) 는 언어 변수를 구성하는 파라미터이다.퍼지화된 입력은 두 번째 레이어에서 퍼지곱 연산을 수행한다. 이 노드의 출력은 각 규칙의 firing strenth를 표현한다[10].",
                        "clue_start": "460",
                        "clue_end": "582"
                    },
                    {
                        "clue_text": "세 번째 레이어에서는 \\( \\mathrm { i } \\) 번째 퍼지 규칙의 firing strenth에 대한 모든 펴지 규칙의 firing strenth의 합의 비로 계산된다. 이는 일반적인 펴지 시스템에서의 펴지 규칙에 해당한다.",
                        "clue_start": "692",
                        "clue_end": "821"
                    },
                    {
                        "clue_text": "네 번째 레이어는 펴지 출력 멤버숩 함수를 나타내는 곳으로, 패지 논리 시스템의 후건부를 선형식으로 표현한 것으로 다음과 같이 표현된다[10].",
                        "clue_start": "1006",
                        "clue_end": "1086"
                    }
                ],
                "terminology": [
                    {
                        "word": "ANFIS"
                    },
                    {
                        "word": "Rule"
                    },
                    {
                        "word": "firing"
                    },
                    {
                        "word": "노드"
                    },
                    {
                        "word": "노드의 출력"
                    },
                    {
                        "word": "레이어"
                    },
                    {
                        "word": "선형식"
                    },
                    {
                        "word": "언어 변수"
                    },
                    {
                        "word": "정규화"
                    },
                    {
                        "word": "파라미터"
                    },
                    {
                        "word": "퍼지"
                    },
                    {
                        "word": "퍼지 규칙"
                    },
                    {
                        "word": "퍼지 규칙의 firing strenth"
                    },
                    {
                        "word": "퍼지곱 연산"
                    },
                    {
                        "word": "퍼지화"
                    },
                    {
                        "word": "펴지 시스템"
                    },
                    {
                        "word": "후건부"
                    }
                ]
            },
            {
                "context_id": "55e-0c9-merge_ee_114998e3-4c735247-d6d3-4002-b95e-8c99280a0908_00",
                "context_K-NSCC": {
                    "field": "인공물",
                    "large_category": "EE",
                    "medium_category": "10"
                },
                "context": "<h1>1. 서 론</h1> <p>로봇 개발의 초기에 반복적인 작업을 정밀하고 빠르게 수행하는 비교적 단순한 형태의 산업용 로봇의 개발이 주를 이루었던 반면, 최근에는 인간을 닮은 형태의 로봇 뿐 아니라 다양한 종류의 서비스 로봇들의 개발이 이루어지고 있다[1-3]. 최근 로봇 개발의 이러한 추세는 기존의 로봇들에게 부족하였던 인공적인 지능을 부여하는 단계로 넘어서고 있으며[1, 2], 언제 어디서든 로봇에 접근하고 로봇 또한 어디에서든 원하는 곳에 접속할 수 있는 유비쿼터스 로봇[4]의 단계에 접어들고 있다. 이러한 로봇의 발전 과정에서 주목할 만한 내용 중 하나는 다양한 생명체의 형태를 모방하고 흉내 내는 것이다. 곤충을 닮은 곤충 로봇, 물고기를 닮은 물고기 로봇, 개나 말처럼 네 개의 다리로 바퀴기반의 로봇이 이동하기 힘든 지형도 쉅게 무거운 짐을 싣고 이동할 수 있는 견마 로봇 등 다양한 형태의 로봇이 연구되고 있다. 제한된 환경에서 가장 효율적으로 동작할 수 있는 형태의 생명체를 모델로 하여 로봇을 개발하고자 하는 것으로 이러한 형태의 로봇들을 생체 모방 로봇이라 부른다[5-8]. 인간을 닮은 로봇을 인간형 로봇이라 부르지만, 이 또한 넓은 의미에서 생체 모방 로봇의 하나이다.</p> <p>본 논문에서 제안한 관로 모니터링 시스템을 구축하기 위한 관로 이동 로봇의 구현 또한 관로를 이동할 수 있는 형태를 갖춘 생체 모방 로봇이다. 4개의 그립펴로 관로를 움켜쥐고 이동할 수 있는 구조를 가지며, 관로의 인식을 위한 인식 시스템을 구축한다. 관로 이동 로봇이 관로를 인식하는 방법으로 적외선 거리 측정 센서를 회전시켜 얻는 각도, 거리 정보를 이용한다. 본 논문의 2장에서는 관로 인식 시스템을 위한 관로 이동 로봇을 3 장에서는 로봇에 장착된 센서, 관로 인식을 위한 센서 신호처리, 퍼지 분류기를 다루며 4 장에서는 관로 모니터링 시스템을 마지막으로 결론을 맺는다.</p> <h1>2. 관로 이동 로봇</h1> <h2>\\( 2.1 \\) 이동 로봇</h2> <p>관로 이동 로봇은 집게 모양의 고정 장치를 팔의 말단에 설치하여 관로를 움켜쥐고 이동할 수 있도록 설계된 생체 모방 로봇이다. 관로 이동 로봇은 원숭이나 도마뱀과 같은 동물처럼 가느다란 관로를 움켜쥐고 천천히 이동한다. 관로를 이동하는 로봇을 제작하기 위하여 관로를 움켜줠 수 있는 특수한 형태의 그립펴와 움켜잡은 후 로봇의 몸체를 끌어당길 수 있는 구조의 관절을 제작하였다. 로봇은 무선 환경에서 자율적으로 동작하며 원하는 데이터를 획득하고 이를 서버로 전송한다.</p>",
                "context_length": 1267,
                "summary": "로봇 기술의 초기 단계에서는 주로 반복적이고 정밀한 작업을 수행하는 산업용 로봇이 개발되었지만, 최근에는 인간을 닮은 형태의 로봇과 다양한 서비스 로봇들의 개발이 이루어지고 있다. 이러한 흐름에서 본 논문은 관로 모니터링을 위한 로봇을 제안하는데, 이 로봇은 생명체를 모방하여 관로를 움켜쥐고 이동하며, 관로를 인식하기 위한 시스템을 구축한다.",
                "clue": [
                    {
                        "clue_text": "로봇 개발의 초기에 반복적인 작업을 정밀하고 빠르게 수행하는 비교적 단순한 형태의 산업용 로봇의 개발이 주를 이루었던 반면, 최근에는 인간을 닮은 형태의 로봇 뿐 아니라 다양한 종류의 서비스 로봇들의 개발이 이루어지고 있다[1-3].",
                        "clue_start": "19",
                        "clue_end": "149"
                    },
                    {
                        "clue_text": "이러한 로봇의 발전 과정에서 주목할 만한 내용 중 하나는 다양한 생명체의 형태를 모방하고 흉내 내는 것이다.",
                        "clue_start": "289",
                        "clue_end": "349"
                    },
                    {
                        "clue_text": "본 논문에서 제안한 관로 모니터링 시스템을 구축하기 위한 관로 이동 로봇의 구현 또한 관로를 이동할 수 있는 형태를 갖춘 생체 모방 로봇이다.",
                        "clue_start": "625",
                        "clue_end": "704"
                    },
                    {
                        "clue_text": "4개의 그립펴로 관로를 움켜쥐고 이동할 수 있는 구조를 가지며, 관로의 인식을 위한 인식 시스템을 구축한다.",
                        "clue_start": "705",
                        "clue_end": "765"
                    }
                ],
                "terminology": [
                    {
                        "word": "거리 측정 센서"
                    },
                    {
                        "word": "관로"
                    },
                    {
                        "word": "관로 이동 로봇"
                    },
                    {
                        "word": "그립펴"
                    },
                    {
                        "word": "모니터링 시스템"
                    },
                    {
                        "word": "생체 모방"
                    },
                    {
                        "word": "서버"
                    },
                    {
                        "word": "센서"
                    },
                    {
                        "word": "유비쿼터스 로봇"
                    },
                    {
                        "word": "적외선 거리 측정 센서"
                    },
                    {
                        "word": "전송"
                    },
                    {
                        "word": "퍼지"
                    },
                    {
                        "word": "퍼지 분류기"
                    }
                ]
            },
            {
                "context_id": "55e-0c9-merge_ee_114998e3-4c735247-d6d3-4002-b95e-8c99280a0908_05",
                "context_K-NSCC": {
                    "field": "인공물",
                    "large_category": "EE",
                    "medium_category": "02"
                },
                "context": "<p>마지막으로 다섯 번째 레이어는 전체 출력을 다음 비퍼지화 식으로 표현된다[10].</p> <p>overall output \\( = \\sum_ { i } \\bar {\\omega } _ { i } f_ { i } = \\frac {\\sum_ { i } \\omega_ { i } f_ { i } } {\\sum_ { i } \\omega_ { i } } \\)<caption>(5)</caption></p> <p>관로 모양을 인식하기 위한 전체적인 시스템의 블록도는 (그림 9)에 보인다. 관로 측정 시스템은 스캔과 동시에 감지된 관로의 개수를 인식하여 (그림 3)의 (a), (b), (c) 중의 하나의 클래스로 구분한다.</p> <p>또한 클래스 (c)에 속한 경우 과거 측정된 데이터를 이용하여 교차 혹은 분기 등을 확인한다. 각 클래스별 인식 결과를 (그림 10)에 보인다. (그림 10) 의 (a)는 \\( -90 ^ {\\circ } ,-75 ^ {\\circ } ,-60 ^ {\\circ } ,-45 ^ {\\circ } ,-30 ^ {\\circ } ,-15 ^ {\\circ } , 0 ^ {\\circ } , 15 ^ {\\circ } , 30 ^ {\\circ } , 45 ^ {\\circ } \\), \\( 60 ^ {\\circ } , 75 ^ {\\circ } , 90 ^ {\\circ } \\) 휘어진 관로에서 획득된 데이터를 이용하여 휘어진 각도를 추정한 결과이다. (b)는 (그림 6)의 (b)에 보여진 'ㅏ와 'T' 모양의 다양한 각도에 대한 클래스를 인식한 결과이며, (c)는 ' \\( f \\) ' 모양으로 교차 혹은 분기되는 형태를 구분한 결과이다. 그리고 마지막 (d)는 ' ' ' 모양으로 교차 혹은 분기되는 형태 중에서 분기점의 모양을 따로 구분한 결과이다. (그림 10)의 인식 결과의 오차와 표준편차를 \\( \\langle \\) 표 1 \\( \\rangle- \\) \\(< \\) 표 \\( 4>\\) 에 보인다.</p> <p>분기된 관로는 그 형태와 모양에서 아주 복잡한 양상을 보일 수 있다. (그림 11)은 ' \\( + \\) ' 모양의 관로가 분기된 것인지, 아니면 서로 떨어져서 교차된 것인지를 확인하는 방법을 보인 것이다. (그림 11)의 (a)와 (b)와 같이 중앙부에서 감지된 관로의 거리와 주변부에서 감지된 두 개의 관로를 연결한 직선과의 최단 거리가 관로의 직경인 \\( 2.5 \\mathrm { Cm } \\) 이상인 경우 서로 떨어져서 교차한 것으로 인식한다. (c)와 (d)는 분기점에서 분기된 관로로 인식하는 예이다.</p>",
                "context_length": 1257,
                "summary": "시스템은 스캔 중에 감지된 관로의 수를 판단하여, 해당 관로를 세 가지 클래스 중 하나로 분류한다. 이에 더해, 시스템은 '+' 모양의 관로가 분기되었는지 혹은 교차되었는지를 확인하는 기능도 갖추고 있다.",
                "clue": [
                    {
                        "clue_text": "관로 모양을 인식하기 위한 전체적인 시스템의 블록도는 (그림 9)에 보인다.",
                        "clue_start": "227",
                        "clue_end": "269"
                    },
                    {
                        "clue_text": "관로 측정 시스템은 스캔과 동시에 감지된 관로의 개수를 인식하여 (그림 3)의 (a), (b), (c) 중의 하나의 클래스로 구분한다.",
                        "clue_start": "270",
                        "clue_end": "345"
                    },
                    {
                        "clue_text": "(그림 11)은 ' \\( + \\) ' 모양의 관로가 분기된 것인지, 아니면 서로 떨어져서 교차된 것인지를 확인하는 방법을 보인 것이다.",
                        "clue_start": "1007",
                        "clue_end": "1082"
                    }
                ],
                "terminology": [
                    {
                        "word": "Cm"
                    },
                    {
                        "word": "output"
                    },
                    {
                        "word": "관로"
                    },
                    {
                        "word": "관로 측정 시스템"
                    },
                    {
                        "word": "교차"
                    },
                    {
                        "word": "레이어"
                    },
                    {
                        "word": "분기"
                    },
                    {
                        "word": "분기점"
                    },
                    {
                        "word": "비퍼지화"
                    },
                    {
                        "word": "시스템의 블록도"
                    },
                    {
                        "word": "클래스"
                    },
                    {
                        "word": "표준편차"
                    }
                ]
            },
            {
                "context_id": "55e-0c9-merge_ee_114998e3-4c735247-d6d3-4002-b95e-8c99280a0908_03",
                "context_K-NSCC": {
                    "field": "인공물",
                    "large_category": "EE",
                    "medium_category": "02"
                },
                "context": "<p>(그림 6)은 적외선 거리 측정 센서의 실제 측정 거리에서의 출력 전압 값을 보인 것이다. 측정된 전압 값은 (그림 6)의 기본 데이터로부터 얻은 인터폴레이션된 값을 이용하여 거리로 환산된다. 적외선 거리 측정 센서는 얻어진 데이터와 같이 비선형적인 특징을 보이며, 약 \\( 20 \\mathrm { cm } \\) 까지는 비교적 정확한 측정값을 보이지만 그 이상의 거리에서는 상당히 큰 오차를 보이므로, 실험에서는 관로 영역을 감지하는데 사용하는 거리 정보 데이터를 약 \\( 20 \\mathrm { cm } \\) 까지만 이용한다. 이는 측정된 관로의 거리 데이터에서 \\( 20 \\mathrm { cm } \\) 이상 떨어진 것들은 최종적으로 무시하며, 이 거리는 관로 이동 로봇이 실제 접근할 수 없는 영역이다. 모터와 결합되어 있는 포텐시오미터의 축이 완전히 일치하지 않아 각도별로 결과를 보인다. 모터의 회전 각도에 대한 비틀어짐을 보상하기 위하여 일정한 거리에서 얻은 각도별 평면에 대한 거리 정보 데이터를 (그림 7)에 보인다. (그림 7)의 비틀어짐 정보를 이용하여 각도별 측정된 거리 정보로부터 보상하여 사용한다.</p> <p>(그림 8)의 (a)는 관로 이동 로봇이 관로의 형태를 측정하는 과정을 보이는 것이고, (b), (c), (d)는 스캔된 거리 정보 데이터로 확인한 관로의 감지 개수가 각각 \\( 1,2,3 \\) 개 일때 거리, 각도 데이터를 좌측에 보이며, 퍼지 분류기의 입력 데이터로 사용하기 위한 데이터를 우측에 보인다.</p> <h2>3.3 퍼지 분류기</h2> <p>시스템이 복잡하여 수학적인 모델링이 곤란한 경우나 불확실성이 많은 경우에 전문가의 경험적인 판단을 모델링하는 수단으로 사용되는 퍼지 추론 시스템은 아주 유용한 도구이다. Jang[9]에 의해 제안된 ANFIS(Adaptive-Network-based Fuzzy Inference Systems)는 인공 신경 회로망의 특징인 학습 기능을 이용하여 펴지 규칙부의 변수들이 출력신호를 추종하도록 학습데이터에 기반한 적응형 퍼지 추론 시스템이다. 오차역전법 (backpropagation gradient descent method)에 기반하여 퍼지 시스템의 조건부 멤버섭 함수들이결정되어 시스템이 구성된다.</p> <p>ANFIS에서 사용하는 Takagi와 Sugeno 타입[10]의 퍼지 if-then 규칙은 다음과 같다.</p> <p>Rule 1: If \\( x \\) is \\( A_ { 1 } \\) and \\( y \\) is \\( B_ { 1 } \\), Then \\( f_ { 1 } =p_ { 1 } x + q_ { 1 } y + r_ { 1 } \\),</p>",
                "context_length": 1319,
                "summary": "적외선 거리 측정 센서의 실제 측정 거리에 따른 출력 전압 값은 비선형적이며, \\( 20 \\mathrm { Cm } \\) 까지는 상당히 정확하게 측정되지만 그 이상의 거리에서는 오차가 커진다. 관로 이동 로봇은 관로의 형태를 측정하고, 스캔된 거리 정보 데이터로 관로의 감지 개수를 확인하고, 각도별 평면에 대한 거리 정보 데이터를 얻어 퍼지 분류기의 입력 데이터로 사용한다. ANFIS는 학습 기능을 사용하여 퍼지 규칙부의 변수들이 출력신호를 추종하도록 한다.",
                "clue": [
                    {
                        "clue_text": "적외선 거리 측정 센서는 얻어진 데이터와 같이 비선형적인 특징을 보이며, 약 \\( 20 \\mathrm { cm } \\) 까지는 비교적 정확한 측정값을 보이지만 그 이상의 거리에서는 상당히 큰 오차를 보이므로, 실험에서는 관로 영역을 감지하는데 사용하는 거리 정보 데이터를 약 \\( 20 \\mathrm { cm } \\) 까지만 이용한다.",
                        "clue_start": "111",
                        "clue_end": "298"
                    },
                    {
                        "clue_text": "(그림 8)의 (a)는 관로 이동 로봇이 관로의 형태를 측정하는 과정을 보이는 것이고, (b), (c), (d)는 스캔된 거리 정보 데이터로 확인한 관로의 감지 개수가 각각 \\( 1,2,3 \\) 개 일때 거리, 각도 데이터를 좌측에 보이며, 퍼지 분류기의 입력 데이터로 사용하기 위한 데이터를 우측에 보인다.",
                        "clue_start": "582",
                        "clue_end": "754"
                    },
                    {
                        "clue_text": "Jang[9]에 의해 제안된 ANFIS(Adaptive-Network-based Fuzzy Inference Systems)는 인공 신경 회로망의 특징인 학습 기능을 이용하여 펴지 규칙부의 변수들이 출력신호를 추종하도록 학습데이터에 기반한 적응형 퍼지 추론 시스템이다.",
                        "clue_start": "877",
                        "clue_end": "1027"
                    }
                ],
                "terminology": [
                    {
                        "word": "ANFIS"
                    },
                    {
                        "word": "Sugeno"
                    },
                    {
                        "word": "Sugeno 타입"
                    },
                    {
                        "word": "Takagi"
                    },
                    {
                        "word": "if-then"
                    },
                    {
                        "word": "if-then 규칙"
                    },
                    {
                        "word": "거리 정보 데이터"
                    },
                    {
                        "word": "거리 측정 센서"
                    },
                    {
                        "word": "관로"
                    },
                    {
                        "word": "관로 영역"
                    },
                    {
                        "word": "관로 이동 로봇"
                    },
                    {
                        "word": "기본 데이터"
                    },
                    {
                        "word": "모터"
                    },
                    {
                        "word": "비선형적"
                    },
                    {
                        "word": "센서"
                    },
                    {
                        "word": "신경 회로망"
                    },
                    {
                        "word": "오차역전법"
                    },
                    {
                        "word": "인공 신경 회로망"
                    },
                    {
                        "word": "인터폴레이션"
                    },
                    {
                        "word": "적외선 거리 측정 센서"
                    },
                    {
                        "word": "적응형 퍼지 추론 시스템"
                    },
                    {
                        "word": "추론"
                    },
                    {
                        "word": "추론 시스템"
                    },
                    {
                        "word": "출력 전압"
                    },
                    {
                        "word": "퍼지"
                    },
                    {
                        "word": "퍼지 if-then"
                    },
                    {
                        "word": "퍼지 분류기"
                    },
                    {
                        "word": "퍼지 시스템"
                    },
                    {
                        "word": "퍼지 추론"
                    },
                    {
                        "word": "포텐시오미터"
                    },
                    {
                        "word": "학습데이터"
                    },
                    {
                        "word": "회로망"
                    }
                ]
            },
            {
                "context_id": "55e-0c9-merge_ee_114998e3-4c735247-d6d3-4002-b95e-8c99280a0908_10",
                "context_K-NSCC": {
                    "field": "인공물",
                    "large_category": "EE",
                    "medium_category": "11"
                },
                "context": "<h1>4. 관로 모니터링 시스템</h1> <h2>4.1 센서부</h2> <p>관로 상을 이동하는 생체 모방 로봇이 측정할 수 있는 데이터는 매우 제한적이다. 관로 표면의 소음, 진동, 온도 등이 측정할 수 있는 전부이지만 이것들의 갑작스러운 변화나 장시간에 걸친 변화는 설비 관로 이상을 예측하는 중요한 데이터이다[11, 12]. 또한 기존에 인력이 했던 주관적인 판단으로 파악하기 불가능했던 모든 지점에서의 장시간의 시간 변화에 대한 데이터의 비교가 가능해짐으로써 장비의 노후화 정도를 객관적으로 판단할 수 있게 된다. 관로 내부를 이동하는 물체에 의한 소음은 관로의 위치에 따라 다르지만, 균일한 작업에 있어서 지정된 관로에서의 소음은 일정한 패턴을 갖게 된다. 관로의 모든 지점에서 얻어지는 장기간의 주기적인 소음 자료는 실시간 모니터링 시스템으로 얻을 수 없었던 중요한 정보를 제공한다. 소음을 얻을 수 없는 가혹한 상황이나 소음 자체가 발생하지 않는 곳은 접촉형 진동센서를 이용하여 진동을 측정한다. 이는 소음보다 직접적인 데이터를 제공하며 전문가인 인력이 감지해 낼 수 없는 미세한 진동의 변화까지도 측정하여 시스템의 모니터링의 범위를 확대한다.</p> <p>로봇에 장찬된 센서는 모니터링을 위한 센서들과 관로 인식을 위한 센서로 구분된다. 관로 이동 로봇이 장착한 모니터링을 위한 센서로는 온도, 습도, 진동 등이다. 온도, 습도값은 초당 1 회 서버로 전송되며, 특히 진동 값은 초당 20 회 전송된다. 온도 혹은 습도는 모니터링을 위한 관로의 부분적인 파손 등으로 인해 관로 내부를 이동하는 물질의 누출 여부를 알아볼 수 있는 인자이다. 측정 센서 중에서 진동 센서 또한 관로의 비정상적인 상태를 판단 할 수 있는 중요한 인자이다.</p> <h2>4.2 관로 모니터링 시스템</h2> <p>일반적으로 제조 시스템들은 많은 장비와 설비들로 구성되므로 수집해야 할 데이터의 종류와 양이 다양하다. 설비시스템의 모니터링을 효율적으로 수행하기 위하여 컴퓨터를 기반으로 한 시스템의 사용이 필수적이다. 모니터링 시스템이란 장비, 설비 혹은 시스템의 상태의 감시 및 이상 발생 시 적절한 조치를 할 수 있는 체계를 말한다[13]. 이러한 모니터링의 과정은 감시 대상으로부터의 데이터 수집, 저장, 분석 및 조치의 과정으로 표현할 수 있다. 이러한 시스템들 중 현장에서 많이 사용되고 있는 것에는 DAS (Data Acquisition System), SCADA (Supervisory Control And Data Acquisition System), MAP (Manufacturing Automation Protocol)을 이용한 시스템들이 있다. 이들 시스템들은 모니터링 데이터들을 주기적으로 수집하여 이를 LAN을 통하거나 직/병렬 통신을 이용하여 관리용 컴퓨터에 전송하여, 저장, 분석 및 제어를 할 수 있는 구조를 가지고 있다. 감시와 측정이 용이하며 가장 중요한 의미를 지니는 지점을 측정점으로 선택하여, 전체 시스템의 데이터를 수집/분석하는 것은 아주 중요한 일이다. 이는 시스템의 이상 발생시 즉각적인 측정 후 보고 및 임시적인 긴급 차단 등 치명적인 사고 및 손실을 예방하기 위한 필수적인 방안이다.</p>",
                "context_length": 1584,
                "summary": "관로 표면의 소음, 진동, 온도 측정 데이터는 설비 관로 이상 예측에 중요하며, 장시간에 걸친 데이터 변화를 통해 장비 노후화를 객관적으로 판단할 수 있다. 초당 1회의 온도와 습도값, 그리고 초당 20회의 진동값이 서버로 전송되며, 이를 통해 관로의 부분적인 파손이나 누출 여부를 모니터링 할 수 있다.",
                "clue": [
                    {
                        "clue_text": "관로 표면의 소음, 진동, 온도 등이 측정할 수 있는 전부이지만 이것들의 갑작스러운 변화나 장시간에 걸친 변화는 설비 관로 이상을 예측하는 중요한 데이터이다[11, 12].",
                        "clue_start": "89",
                        "clue_end": "185"
                    },
                    {
                        "clue_text": "또한 기존에 인력이 했던 주관적인 판단으로 파악하기 불가능했던 모든 지점에서의 장시간의 시간 변화에 대한 데이터의 비교가 가능해짐으로써 장비의 노후화 정도를 객관적으로 판단할 수 있게 된다.",
                        "clue_start": "186",
                        "clue_end": "292"
                    },
                    {
                        "clue_text": "온도, 습도값은 초당 1 회 서버로 전송되며, 특히 진동 값은 초당 20 회 전송된다. 온도 혹은 습도는 모니터링을 위한 관로의 부분적인 파손 등으로 인해 관로 내부를 이동하는 물질의 누출 여부를 알아볼 수 있는 인자이다.",
                        "clue_start": "690",
                        "clue_end": "814"
                    }
                ],
                "terminology": [
                    {
                        "word": "Automation"
                    },
                    {
                        "word": "DAS"
                    },
                    {
                        "word": "Data"
                    },
                    {
                        "word": "LAN"
                    },
                    {
                        "word": "Protocol"
                    },
                    {
                        "word": "SCADA"
                    },
                    {
                        "word": "관로"
                    },
                    {
                        "word": "관로 이동 로봇"
                    },
                    {
                        "word": "데이터"
                    },
                    {
                        "word": "모니터링"
                    },
                    {
                        "word": "모니터링 시스템"
                    },
                    {
                        "word": "생체 모방"
                    },
                    {
                        "word": "서버"
                    },
                    {
                        "word": "센서"
                    },
                    {
                        "word": "센서부"
                    },
                    {
                        "word": "시스템"
                    },
                    {
                        "word": "실시간 모니터링 시스템"
                    },
                    {
                        "word": "전송"
                    },
                    {
                        "word": "직/병렬"
                    },
                    {
                        "word": "진동센서"
                    },
                    {
                        "word": "측정점"
                    }
                ]
            }
        ]
    }
}