{
    "dataset_info": {
        "identifier": "02-031-002-NL",
        "name": "기술과학 문서 요약 데이터",
        "category": "자연어",
        "last_updated": "2023-08-30"
    },
    "dataset": {
        "doc_id": "114998e3-0423d79b-773e-4829-9757-ac6158109250",
        "doc_type": "논문",
        "doc_title": {
            "kor": "LTE/WLAN 이종망 환경에서 퍼지제어와 정책적 다기준 의사결정법을 이용한 적응적 VHO 방안 연구",
            "eng": ""
        },
        "doc_category": {
            "KDC": "413.05",
            "DDC": ""
        },
        "doc_number": {
            "ISSN": "2287-5891",
            "ISBN": "",
            "DOI": "",
            "UCI": ""
        },
        "doc_year": "2010",
        "doc_author": [
            "이인환",
            "김태섭",
            "조성호"
        ],
        "doc_publisher": "한국정보처리학회",
        "doc_license": "CC BY-NC",
        "context_info": [
            {
                "context_id": "55e-0c9-merge_ee_114998e3-0423d79b-773e-4829-9757-ac6158109250_03",
                "context_K-NSCC": {
                    "field": "인공물",
                    "large_category": "EE",
                    "medium_category": "06"
                },
                "context": "<h2>\\( 3.2 \\) 중첩된 이기종 환경에서 네트워크 선택 메커니즘</h2> <p>3GPP 표준방식[3]에서의 신호세기만 고려한 VHO 알고리즘과 달리 본 논문에서 고려하는 네트워크(LTE, WLAN)는 특성 차이가 크고, 핸드오버 결정 요소가 많아 정책과다기준 의사결정법을 병행한 알고리즘을 제안한다. 즉, 요소에 따른 네트워크 선택이 명확할 때(서비스 타입과 속도에따른 비교 가능시)는 정책에 의해 결정하게 되고, 네트워크의 선택이 모호한 경우에는 다기준 의사결정법(MCDM)을사용하여 결정하게 된다.</p> <p>첫 번째로 (그림 2)에서와 같이 WLAN에서 서비스 받는도중에 VHO 요청이 통합관리서버로 들어왔을 때 가장 먼저 서비스의 타입을 확인한다. 서비스 타입이 음성이고 고속일 경우 LTE 망의 네트워크 사용가능 용량을 확인한 후용량이 남아 있으면 LTE 망으로 VHO가 발생하고, 용량이없으면 VHO가 실패하게 된다. 또한 서비스 타입이 음성이고 저속일 경우나 서비스 타입이 Web 데이터일 경우에LTE망에 사용 가능 대역 용량이 없으면 VHO를 실패하게되고, LTE망에 사용가능 용량이 있으면 MCDM 알고리즘을이용하여 네트워크를 선택하게 된다.</p> <p>두 번째로 (그림 3)에서와 같이 LTE에서 서비스 받는 도중에 VHO 요청이 통합관리서버로 들어왔을 때 우선 단말의 속도를 확인한다. 단말의 속도가 고속일 경우 핸드오버(L⭢W, W⭢L)가 자주 발생하게 되기 때문에 정책적으로 LTE에서 계속 서비스 받게 한다.</p> <p>또한 단말의 속도가 저속일 경우는 서비스 타입을 고려하여, 그 종류가 Web이고 WLAN의 가용용량이 있을 경우 비실시간 서비스이고, 음성과 비교하여 데이터의 크기가 크기때문에 가능한 비용이 작고 가용용량이 큰 WLAN으로VHO가 발생하게 되고, 가용용량이 없을 때는 본 시뮬레이션 코드상 VHO 실패로 처리되지만 Call drop을 의미하지는않고 계속 LTE의 연결을 유지하게 된다. 마지막으로 속도가 저속이고 서비스의 종류가 음성일 경우에는 신호세기,비용, 가용 용량을 고려하여 MCDM 알고리즘으로 네트워크를 선택하게 된다.</p> <p>MCDM 방법은 네트워크와 단말에서 얻을 수 있는 정보를 정규화하고, 적합한 네트워크를 선택하기 위해 MCDM에서 가장 잘 알려진 단순 부가 가중치법(simple additive weighting: SAW)[7, 8]을 사용하여 미리 정해 놓은 각 요소별 Score로 계층화 분석법(Analytic Hierarchy Process:AHP)[11]인 AHP 방법을 통해 가중치를 계산한다. 가중치계산을 위해 본 논문에서는 네트워크의 특징과 서비스 타입에 따라 Cost, Bandwidth, RSSI 의 Score를 Voice의 경우각 ‘1’, ‘4’, ‘7’, Web data의 경우 ‘4’, ‘7’, ‘1’로 Scoring 해 주었다[6]. 이는 Voice는 RSSI와 Bandwidth에 우선순위 가중치를 두어 LTE에서 좀 더 많은 서비스를 받게 하였으며,Web data의 경우 Bandwidth와 Cost에 우선순위 가중치를 두어 WLAN에서 좀 더 많은 서비스를 받도록 하는 네트워크 특성과 사용자 측면을 고려한 Scoring을 해 주었다.</p>",
                "context_length": 1598,
                "summary": "3GPP 표준방식과는 달리 본 논문에서는 LTE, WLAN 등의 네트워크 특성과 핸드오버 결정 요소를 고려한 정책 및 다기준 의사결정법을 병행한 알고리즘을 제안한다. 이 방식은 네트워크 선택이 명확할 때는 정책에 의해, 모호할 때는 다기준 의사결정법을 사용하여 결정하게 된다. 서비스 타입과 단말의 속도 등을 고려하여, 가용용량이 충분한 WLAN을 선호하며, 가용용량이 부족할 때는 LTE 연결을 유지한다.",
                "clue": [
                    {
                        "clue_text": "3GPP 표준방식[3]에서의 신호세기만 고려한 VHO 알고리즘과 달리 본 논문에서 고려하는 네트워크(LTE, WLAN)는 특성 차이가 크고, 핸드오버 결정 요소가 많아 정책과다기준 의사결정법을 병행한 알고리즘을 제안한다.",
                        "clue_start": "48",
                        "clue_end": "171"
                    },
                    {
                        "clue_text": "즉, 요소에 따른 네트워크 선택이 명확할 때(서비스 타입과 속도에따른 비교 가능시)는 정책에 의해 결정하게 되고, 네트워크의 선택이 모호한 경우에는 다기준 의사결정법(MCDM)을사용하여 결정하게 된다.",
                        "clue_start": "172",
                        "clue_end": "284"
                    },
                    {
                        "clue_text": "첫 번째로 (그림 2)에서와 같이 WLAN에서 서비스 받는도중에 VHO 요청이 통합관리서버로 들어왔을 때 가장 먼저 서비스의 타입을 확인한다.",
                        "clue_start": "292",
                        "clue_end": "371"
                    },
                    {
                        "clue_text": "또한 단말의 속도가 저속일 경우는 서비스 타입을 고려하여, 그 종류가 Web이고 WLAN의 가용용량이 있을 경우 비실시간 서비스이고, 음성과 비교하여 데이터의 크기가 크기때문에 가능한 비용이 작고 가용용량이 큰 WLAN으로VHO가 발생하게 되고, 가용용량이 없을 때는 본 시뮬레이션 코드상 VHO 실패로 처리되지만 Call drop을 의미하지는않고 계속 LTE의 연결을 유지하게 된다.",
                        "clue_start": "760",
                        "clue_end": "975"
                    }
                ],
                "terminology": [
                    {
                        "word": "3GPP"
                    },
                    {
                        "word": "AHP"
                    },
                    {
                        "word": "Bandwidth"
                    },
                    {
                        "word": "Call"
                    },
                    {
                        "word": "Call drop"
                    },
                    {
                        "word": "Cost"
                    },
                    {
                        "word": "LTE"
                    },
                    {
                        "word": "LTE 망"
                    },
                    {
                        "word": "MCDM"
                    },
                    {
                        "word": "MCDM 알고리즘"
                    },
                    {
                        "word": "RSSI"
                    },
                    {
                        "word": "SAW"
                    },
                    {
                        "word": "VHO"
                    },
                    {
                        "word": "WLAN"
                    },
                    {
                        "word": "Web"
                    },
                    {
                        "word": "data"
                    },
                    {
                        "word": "drop"
                    },
                    {
                        "word": "가용 용량"
                    },
                    {
                        "word": "가용용량"
                    },
                    {
                        "word": "가중치"
                    },
                    {
                        "word": "가중치법"
                    },
                    {
                        "word": "계층화"
                    },
                    {
                        "word": "계층화 분석법"
                    },
                    {
                        "word": "네트워크"
                    },
                    {
                        "word": "다기준 의사결정법"
                    },
                    {
                        "word": "다기준 의사결정법(MCDM)"
                    },
                    {
                        "word": "단순 부가 가중치법"
                    },
                    {
                        "word": "비용"
                    },
                    {
                        "word": "서비스 타입"
                    },
                    {
                        "word": "시뮬레이션"
                    },
                    {
                        "word": "신호세기"
                    },
                    {
                        "word": "알고리즘"
                    },
                    {
                        "word": "의사결정법"
                    },
                    {
                        "word": "이기종 환경"
                    },
                    {
                        "word": "정규화"
                    },
                    {
                        "word": "통합관리서버"
                    },
                    {
                        "word": "핸드오버"
                    }
                ]
            },
            {
                "context_id": "55e-0c9-merge_ee_114998e3-0423d79b-773e-4829-9757-ac6158109250_00",
                "context_K-NSCC": {
                    "field": "인공물",
                    "large_category": "EE",
                    "medium_category": "06"
                },
                "context": "<h1>요약</h1> <p>차세대 이동통신 시스템에서는 3세대 진화망인 LTE(long-Term Evolution), WiMAX/WiBro, 차세대 WLAN등 다양한 무선 접속 기술이 All-IP 기반의 핵심망을 중심으로 통합되는 형태로 발전하고 있다. 이러한 발전에 따라 중첩된 다양한 무선 이종망 환경에서 최적의 조건을 제공하는 망으로의 접속을 제공하는 수직적 핸드오버가 필요하다. 그러나 현재까지는 각각의 네트워크가 독자적 서비스 제공을 위해 독립적인 무선자원관리 기능을 제공하여 왔으므로, 이종망 환경에서의 다양한 네트워크를 끊김없이 서비스를 제공하기 위해서는 개별 네트워크의 무선자원들을 통합적으로 관리하여 최적의 서비스를 제공할 수 있어야 할 것이다. 최근 이러한 무선 이종망 환경에서의 문제점을 해결하기 위해 적응적이동성을 위한 범용링크계층(GLL)과 통합무선자원관리(CRRM) 방식의 개념이 도입되고 있다. 본 논문에서는 LTE와 WLAN 사이에서의 효율적인 수직적 핸드오버를 위한 범용링크계층을 기반으로 정책기반과 다기준 의사결정법(MCDM)을 혼합한 수직적 핸드오버 알고리즘을 제안하고, 퍼지 로직 제어기(FLC)를 이용하여 핸드오버 시점을 적응적으로 결정하는 방안을 제안한다. 시뮬레이션 연구 결과 본 논문에서 제안하는수직적 핸드오버 기법은 수신신호의 세기를 기반으로하는 방법과 MCDM 만을 사용하는 방법에 비해 데이터 처리량, 핸드오버 성공확률, 서비스 사용비용 그리고 핸드오버 시도 횟수 측면에서 우수한 성능을 보였다.</p> <h1>1. 서 론</h1> <p>차세대 이동통신 시스템 환경에서는 중첩된 다양한 이기종 네트워크 환경에서의 통합이 이루어지면서 수직 핸드오버(Vertical Handover: VHO)의 요구가 증가하게 되어 현재세계적으로 수직 핸드오버를 효율적으로 지원해 주기 위한기술에 대한 연구 및 표준화가 활발히 진행되고 있다.</p> <p>중첩된 이기종 무선 액세스망에서는 VHO 기능을 제공하는 것과 동시에 다양한 무선네트워크 중에서 사용할 네트워크를 선택하거나 이동할 네트워크를 결정하여야 하지만 각각의 네트워크들이 별도로 서비스되어 전체 시스템의 성능을 최적화하기 위한 네트워크 자원의 통합적인 관리가 요구되어 범용링크계층(GLL)과 통합무선자원관리(CRRM) 방식의 개념이 도입되고 있다.</p> <p>따라서 본 논문에서는 범용링크계층과 통합무선자원관리기법에 관련하여 LTE와 WLAN망 사이에서의 수직 핸드오버 지원을 위한 GLL 기능에 대한 정의를 하고 정책기반(단말의 서비스 타입과 속도를 고려)과 다기준 의사결정법(Multiple Criteria Decision Making: MCDM)[1]을 혼합한수직 핸드오버 알고리즘을 제안한다. 또한 핸드오버 시점의 적응적인 제어를 위해 퍼지 로직 제어기 (Fuzzy Logic Control:FLC)을 사용하는 방안을 제안한다.</p> <p>본 논문의 구성은 2장에서는 관련연구로 기존 수직핸드오버를 위한 네트워크 선택 알고리즘과 범용링크계층에 관한연구를 살펴보고, 3장에서는 이기종 시스템에서 VHO 지원을 위해 범용링크계층 (Generic Link Layer: GLL)의 기능을정의하고 제안하고자 하는 정책적인 MCDM VHO 알고리즘과 적응적 핸드오버를 위한 FLC에 대해 살펴보며, 4장에서는 3GPP 표준 VHO방식과 제안한 VHO 방식간 성능 비교와 분석을 하고, 5장에서는 결론 및 향후 연구로 끝을 맺는다.</p>",
                "context_length": 1696,
                "summary": "해당 논문은 LTE와 WLAN 사이의 효율적인 수직적 핸드오버를 위한 범용링크계층을 기반으로 하여, 정책기반과 다기준 의사결정법을 혼합한 수직적 핸드오버 알고리즘을 제안하였으며, 퍼지 로직 제어기를 활용하여 핸드오버 시점을 적응적으로 결정하는 방안을 제안한 바 있다. 시뮬레이션 연구 결과 해당 논문이 제안하는 수직적 핸드오버 기법은 수신신호의 세기를 기반으로 한 방법과 MCDM만 사용하는 방법에 비해 여러모로 우수한 성능을 보였음이 확인되었다.",
                "clue": [
                    {
                        "clue_text": "본 논문에서는 LTE와 WLAN 사이에서의 효율적인 수직적 핸드오버를 위한 범용링크계층을 기반으로 정책기반과 다기준 의사결정법(MCDM)을 혼합한 수직적 핸드오버 알고리즘을 제안하고, 퍼지 로직 제어기(FLC)를 이용하여 핸드오버 시점을 적응적으로 결정하는 방안을 제안한다.",
                        "clue_start": "460",
                        "clue_end": "613"
                    },
                    {
                        "clue_text": "시뮬레이션 연구 결과 본 논문에서 제안하는수직적 핸드오버 기법은 수신신호의 세기를 기반으로하는 방법과 MCDM 만을 사용하는 방법에 비해 데이터 처리량, 핸드오버 성공확률, 서비스 사용비용 그리고 핸드오버 시도 횟수 측면에서 우수한 성능을 보였다.",
                        "clue_start": "614",
                        "clue_end": "752"
                    }
                ],
                "terminology": [
                    {
                        "word": "3GPP"
                    },
                    {
                        "word": "All-IP"
                    },
                    {
                        "word": "Decision"
                    },
                    {
                        "word": "FLC"
                    },
                    {
                        "word": "LTE"
                    },
                    {
                        "word": "LTE(long-Term Evolution"
                    },
                    {
                        "word": "Link"
                    },
                    {
                        "word": "MCDM"
                    },
                    {
                        "word": "VHO"
                    },
                    {
                        "word": "WLAN"
                    },
                    {
                        "word": "WiMAX/WiBro"
                    },
                    {
                        "word": "네트워크"
                    },
                    {
                        "word": "다기준 의사결정법"
                    },
                    {
                        "word": "다기준 의사결정법(MCDM)"
                    },
                    {
                        "word": "무선네트워크"
                    },
                    {
                        "word": "범용링크계층"
                    },
                    {
                        "word": "범용링크계층(GLL)"
                    },
                    {
                        "word": "수직 핸드오버"
                    },
                    {
                        "word": "수직적 핸드오버"
                    },
                    {
                        "word": "시뮬레이션"
                    },
                    {
                        "word": "알고리즘"
                    },
                    {
                        "word": "액세스망"
                    },
                    {
                        "word": "의사결정법"
                    },
                    {
                        "word": "이기종 네트워크"
                    },
                    {
                        "word": "이기종 네트워크 환경"
                    },
                    {
                        "word": "이기종 시스템"
                    },
                    {
                        "word": "이종망"
                    },
                    {
                        "word": "적응적 핸드오버"
                    },
                    {
                        "word": "제어기"
                    },
                    {
                        "word": "차세대 WLAN"
                    },
                    {
                        "word": "차세대 이동통신 시스템"
                    },
                    {
                        "word": "통합무선자원관리"
                    },
                    {
                        "word": "통합무선자원관리(CRRM)"
                    },
                    {
                        "word": "퍼지"
                    },
                    {
                        "word": "퍼지 로직"
                    },
                    {
                        "word": "퍼지 로직 제어기(FLC)"
                    },
                    {
                        "word": "핵심망"
                    },
                    {
                        "word": "핸드오버"
                    },
                    {
                        "word": "핸드오버 기법"
                    }
                ]
            },
            {
                "context_id": "55e-0c9-merge_ee_114998e3-0423d79b-773e-4829-9757-ac6158109250_06",
                "context_K-NSCC": {
                    "field": "인공물",
                    "large_category": "EE",
                    "medium_category": "06"
                },
                "context": "<p>\\( \\mu_ { O } ^ { l } = \\bigcap_ { i=1 } ^ { n } \\mu_ { O_ { i } } ^ { l } \\left ( \\mathrm { x } _ {\\mathrm { i } } \\right )= \\min \\left [ \\mu_ { O_ { 1 } } ^ { l } \\left ( \\mathrm { x } _ { 1 } \\right ), \\ldots, \\mu_ { O_ { n } } ^ { l } \\left ( \\mathrm { x } _ {\\mathrm { D } } \\right ) \\right ] \\)<caption>(식 3-3)</caption></p> <p>퍼지제어기 한번 동작에 의해 적응적 핸드오버 line의 움직임 범위는 R의 8%정도이다.</p> <p>마지막으로 퍼지 추론 엔진(inference engine)에 의해 얻어진 퍼지 추론 제어량은 다시 명확한 실수 값(crisp value)으로 변환하여 실제 제어 가능한 양으로 만들어야 하는데이러한 절차를 비퍼지화(defuzzification)라고 한다. 본 연구에서는 비퍼지화 방법으로 다음과 같은 무게 중심법(centroid method)을 사용한다.</p> <p>\\( \\mathrm { y } = \\frac {\\sum_ { i=1 } ^ { M } \\mu_ { 0 } ^ { i } \\frac { i } { y } } {\\sum_ { i=1 } ^ { M } \\mu_ { 0 } ^ { i } } \\)<caption>(식 3-4)</caption></p> <p>여기서 \\( \\frac { i } { y } \\) 는 펴지 추론 제어량의 중심이다.</p> <h1>4. 제안한 VHO 방식의 성능 비교</h1> <h2>\\( 4.1 \\) 시뮬레이션 모델 및 파리미터 정의</h2> <p>개념적인 시스템 모델을 살펴보면, 이동성 모델에는 GaussMarkov model[14]을 사용하였으며, 트래픽 모델에는 Voice와 Web트래픽을 모델링 하였다. Voice 서비스의 경우 On/Off모델링[15]를 사용하였으며, 추가적으로 Off time, 즉Silence 동안 SID(Silence Insertion Descriptor)[16]을 전송하게끔 하였다. Web 서비스의 경우는 다중 패킷들이나 데이터그램들을 포함하는 몇 개의 웹 페이지로 구성되어 있는세션으로 이루어져 있음을 제안한 논문[17, 18]을 참고하여사용하였다. 또한 Voice 서비스의 경우 Persistent scheduling,Web 서비스의 경우 Greedy scheduling을 사용하였다.</p> <p>시스템 모델에서는 (그림 13)에서와 같이 LTE는 반경이 \\( 1000 \\mathrm { m } \\) 이고 \\( 100 \\mathrm { Mbps } [19] \\) 인 셀 1개와 WLAN은 반경이 \\( 250 \\mathrm { m } \\)이고 \\( 1 \\mathrm { Gbps } \\) (차세대 WLAN으로 가정[20])인 셀 3개로 단말이 균일하게 발생하고, 단말의 속도를 달리하여 저속(5km/h)과고속 \\( (60 \\mathrm { km } / \\mathrm { h } ) \\)인 단말이 혼재하여 존재하도록 하였다. 또한WLAN은 LTE와 가깝게 또는 멀게 위치하여 RSSI의 영향을 주도록 설계하여 실질적으로 MCDM 알고리즘이 적절하게 영향을 줄 수 있도록 하였다. 만약 단말이 \\( 1000 \\mathrm { m } \\)셀인 LTE 경계에 닿는다면 방향을 \\( 180 ^ {\\circ } \\)반대 방향으로 계속 이동하는 상황에서 동시사용자수(25～250명)를 증가시키면서 성능을 측정하였다.</p>",
                "context_length": 1784,
                "summary": "퍼지 추론 엔진에 의해 얻어진 퍼지 추론 제어량은 실제 제어 가능한 실수값으로 변환해햐 하는데 이러한 절차를 비퍼지화라고 하며 본 연구에서는 무게 중심법을 사용한다. 시스템 모델의 경우에는 이동성 모델로는 GaussMarkov model, 트래픽 모델에는 Voice와 Web 트래픽 모델링하였다. Voice 서비스는 Off time동안 SID을 전송하는 On/Off 모델링을 사용하고 Web 서비스의 경우는 다중 패킷들이나 데이터 그램들을 포함하는 몇 개의 웹 페이지로 구성되어 있는 세션을 사용하였다. 시스템 모델에서는 LTE는 반경이 \\( 1000 \\mathrm { m } \\) 이고 \\( 100 \\mathrm { Mbps } [19] \\) 인 셀 1개, WLAN은 반경이 \\( 250 \\mathrm { m } \\)이고 \\( 1 \\mathrm { Gbps } \\)인 셀 3개로 균일하게 발생하고, 저속과 과고속인 단말이 혼재하게 하였다. 만약 단말이 LTE 경계에 닿는다면 방향을 \\( 180 ^ {\\circ } \\)반대 방향으로 이동하는 상황에서 사용자수를 증가시키며 성능을 측정했다.",
                "clue": [
                    {
                        "clue_text": "퍼지 추론 엔진(inference engine)에 의해 얻어진 퍼지 추론 제어량은 다시 명확한 실수 값(crisp value)으로 변환하여 실제 제어 가능한 양으로 만들어야 하는데이러한 절차를 비퍼지화(defuzzification)라고 한다. 본 연구에서는 비퍼지화 방법으로 다음과 같은 무게 중심법(centroid method)을 사용한다.",
                        "clue_start": "400",
                        "clue_end": "591"
                    },
                    {
                        "clue_text": "개념적인 시스템 모델을 살펴보면, 이동성 모델에는 GaussMarkov model[14]을 사용하였으며, 트래픽 모델에는 Voice와 Web트래픽을 모델링 하였다. Voice 서비스의 경우 On/Off모델링[15]를 사용하였으며, 추가적으로 Off time, 즉Silence 동안 SID(Silence Insertion Descriptor)[16]을 전송하게끔 하였다. Web 서비스의 경우는 다중 패킷들이나 데이터그램들을 포함하는 몇 개의 웹 페이지로 구성되어 있는세션으로 이루어져 있음을 제안한 논문[17, 18]을 참고하여사용하였다.",
                        "clue_start": "888",
                        "clue_end": "1189"
                    },
                    {
                        "clue_text": "시스템 모델에서는 (그림 13)에서와 같이 LTE는 반경이 \\( 1000 \\mathrm { m } \\) 이고 \\( 100 \\mathrm { Mbps } [19] \\) 인 셀 1개와 WLAN은 반경이 \\( 250 \\mathrm { m } \\)이고 \\( 1 \\mathrm { Gbps } \\) (차세대 WLAN으로 가정[20])인 셀 3개로 단말이 균일하게 발생하고, 단말의 속도를 달리하여 저속(5km/h)과고속 \\( (60 \\mathrm { km } / \\mathrm { h } ) \\)인 단말이 혼재하여 존재하도록 하였다.",
                        "clue_start": "1274",
                        "clue_end": "1567"
                    },
                    {
                        "clue_text": "만약 단말이 \\( 1000 \\mathrm { m } \\)셀인 LTE 경계에 닿는다면 방향을 \\( 180 ^ {\\circ } \\)반대 방향으로 계속 이동하는 상황에서 동시사용자수(25～250명)를 증가시키면서 성능을 측정하였다.",
                        "clue_start": "1654",
                        "clue_end": "1780"
                    }
                ],
                "terminology": [
                    {
                        "word": "Descriptor"
                    },
                    {
                        "word": "GaussMarkov model"
                    },
                    {
                        "word": "Greedy"
                    },
                    {
                        "word": "Greedy scheduling"
                    },
                    {
                        "word": "LTE"
                    },
                    {
                        "word": "MCDM"
                    },
                    {
                        "word": "Mbps"
                    },
                    {
                        "word": "Persistent scheduling"
                    },
                    {
                        "word": "RSSI"
                    },
                    {
                        "word": "SID"
                    },
                    {
                        "word": "VHO"
                    },
                    {
                        "word": "WLAN"
                    },
                    {
                        "word": "Web"
                    },
                    {
                        "word": "centroid"
                    },
                    {
                        "word": "무게 중심법"
                    },
                    {
                        "word": "무게 중심법(centroid method)"
                    },
                    {
                        "word": "비퍼지화"
                    },
                    {
                        "word": "시뮬레이션"
                    },
                    {
                        "word": "실수"
                    },
                    {
                        "word": "실수 값(crisp value)"
                    },
                    {
                        "word": "알고리즘"
                    },
                    {
                        "word": "적응적 핸드오버"
                    },
                    {
                        "word": "전송"
                    },
                    {
                        "word": "추론"
                    },
                    {
                        "word": "추론 엔진"
                    },
                    {
                        "word": "트래픽"
                    },
                    {
                        "word": "트래픽 모델"
                    },
                    {
                        "word": "파리미터"
                    },
                    {
                        "word": "퍼지"
                    },
                    {
                        "word": "퍼지 추론"
                    },
                    {
                        "word": "퍼지 추론 엔진"
                    },
                    {
                        "word": "퍼지 추론 엔진(inference engine)"
                    },
                    {
                        "word": "퍼지제어기"
                    },
                    {
                        "word": "페이지"
                    },
                    {
                        "word": "펴지 추론"
                    },
                    {
                        "word": "핸드오버"
                    }
                ]
            },
            {
                "context_id": "55e-0c9-merge_ee_114998e3-0423d79b-773e-4829-9757-ac6158109250_04",
                "context_K-NSCC": {
                    "field": "인공물",
                    "large_category": "EE",
                    "medium_category": "06"
                },
                "context": "<p>다기준 의사결정법(MCDM) 문제는 자원의 제약으로 인하여 발생하는 상충요인을 효율적으로 해결하기 위한 것으로유한개의 대안들 중에서 복수의 요소들을 복합적으로 고려하여 하나의 대안이나 선호도가 같은 몇 개의 대안을 선택하는접근 방법인 다속성 의사결정(Multiple-Attribute DecisionMaking: MADM) 문제와 주어진 제약식을 만족하는 무한개의 대안들 중에서 고려중인 목적들을 가장 만족하는 대안을찾는 것으로 최적 대안을 설계하는 접근 방법인 다목적 의사결정(Multiple-Objective Decision Making: MODM) 문제로 구분할 수 있다.</p> <p>수직적 핸드오버시 네트워크를 선택함에 있어서 단말의속도와 서비스 타입에 따른 정책적 결정이 모호한 상황에서여러 가지 요소를 기반으로 한 MADM 방법을 사용하여 보다 최적의 네트워크를 선택할 수 있다[7, 8].</p> <p>예를 들어 현재 VHO를 위한 후보 셀에는 A1, A2, A3,A4가 있고 현재 연결되어 있는 셀은 A1으로 LTE을 사용하고 있고, 나머지 A2, A3, A4는 WLAN 1～3 영역의 후보셀이라 가정하면 각 요소들에는 Cost, Bandwidth, RSSI로 매핑된다. 매핑된 판단행렬을 정규화하기 위한 방법으로SAW 방법을 사용하여 요소 중 그 값이 커짐에 따라 비례관계에 있는 요소(Bandwidth, RSSI)들은 식 1로 정규화 되고, 요소 중 그 값이 커짐에 따라 반비례관계가 있는 요소(cost)는 식 2로 정규화되어 판단행렬(D`)로 표현할 수 있다.</p> <p>\\( r_ { i j } =x_ { i j } / x_ { j } ^ {\\max } \\quad i=1, \\ldots, 4 \\quad j=1, \\ldots, 3 \\)<caption>(식 3-1)</caption></p> <p>\\( r_ { i j } =x_ { j } ^ {\\min } / x_ { i j } \\quad \\mathrm { i } =1, \\ldots, 4 \\quad \\mathrm { j } =1, \\ldots, 3 \\)<caption>(식 3-2)</caption></p> <p>(그림 4)는 여러 요소와 네트워크 종류에 따른 값들을 판단행렬(D)로 나타낸 것이고, SAW를 이용하여 정규화된 판단행렬(D`)를 보여주고 있다.</p> <p>네트워크를 선택하기 위해서는 위와 같은 정규화된 판단행렬과 요소 별 가중치 값이 필요한데 이 요소별 가중치는AHP 방법을 통해 얻어내게 된다. 다기준 의사결정 기법에서의 AHP 방법은 의사결정 문제가 다수의 평가기준으로 이루어져 있는 경우 평가기준들을 계층화하고 계층에 따라 중요도(weight)를 정하는 방법이다. 따라서 계층화된 문제를상위 계층에 있는 한 요소의 관점에서 직계 하위계층에 있는 요소들의 쌍별 비교를 통해 상대적 중요도 또는 가중치를 구하여 최하위 계층에 있는 대안의 우선순위를 구하게된다.</p>",
                "context_length": 1438,
                "summary": "네트워크를 선택하기 위해 정규화된 판단행렬과 요소 별 가중치 값이 필요하며 이 요소별 가중치는AHP방법에 의해 얻게 된다. 다기준 의사결정 기법에서 AHP 방법은 의사결정이 대다수의 평가기준으로 이루어진 경우 평가기준들을 계층화하고 계층에 따라 중요도(weight)를 정하는 방법으로 계층화된 문제를 상위 계층에 있는 한 요소의 관점에서 하위계층에 있는 요소들을 서로 비교하며 상대적 중요도나 가중치를 구해 최하위 계층에 있는 대안의 우선순위를 구하게된다.",
                "clue": [
                    {
                        "clue_text": "네트워크를 선택하기 위해서는 위와 같은 정규화된 판단행렬과 요소 별 가중치 값이 필요한데 이 요소별 가중치는AHP 방법을 통해 얻어내게 된다.",
                        "clue_start": "1150",
                        "clue_end": "1229"
                    },
                    {
                        "clue_text": "다기준 의사결정 기법에서의 AHP 방법은 의사결정 문제가 다수의 평가기준으로 이루어져 있는 경우 평가기준들을 계층화하고 계층에 따라 중요도(weight)를 정하는 방법이다.",
                        "clue_start": "1230",
                        "clue_end": "1326"
                    },
                    {
                        "clue_text": "따라서 계층화된 문제를상위 계층에 있는 한 요소의 관점에서 직계 하위계층에 있는 요소들의 쌍별 비교를 통해 상대적 중요도 또는 가중치를 구하여 최하위 계층에 있는 대안의 우선순위를 구하게된다.",
                        "clue_start": "1327",
                        "clue_end": "1434"
                    }
                ],
                "terminology": [
                    {
                        "word": "AHP"
                    },
                    {
                        "word": "Bandwidth"
                    },
                    {
                        "word": "Cost"
                    },
                    {
                        "word": "Decision"
                    },
                    {
                        "word": "LTE"
                    },
                    {
                        "word": "MADM"
                    },
                    {
                        "word": "MCDM"
                    },
                    {
                        "word": "MODM"
                    },
                    {
                        "word": "RSSI"
                    },
                    {
                        "word": "SAW"
                    },
                    {
                        "word": "VHO"
                    },
                    {
                        "word": "WLAN"
                    },
                    {
                        "word": "가중치"
                    },
                    {
                        "word": "계층화"
                    },
                    {
                        "word": "네트워크"
                    },
                    {
                        "word": "다기준 의사결정법"
                    },
                    {
                        "word": "다목적 의사결정"
                    },
                    {
                        "word": "다속성 의사결정"
                    },
                    {
                        "word": "반비례관계"
                    },
                    {
                        "word": "상충요인"
                    },
                    {
                        "word": "서비스 타입"
                    },
                    {
                        "word": "수직적 핸드오버시 네트워크"
                    },
                    {
                        "word": "쌍별 비교"
                    },
                    {
                        "word": "요소 별 가중치 값"
                    },
                    {
                        "word": "의사결정법"
                    },
                    {
                        "word": "정규화"
                    },
                    {
                        "word": "정규화된 판단행렬"
                    },
                    {
                        "word": "제약식"
                    },
                    {
                        "word": "판단행렬"
                    },
                    {
                        "word": "핸드오버시"
                    },
                    {
                        "word": "후보셀"
                    }
                ]
            },
            {
                "context_id": "55e-0c9-merge_ee_114998e3-0423d79b-773e-4829-9757-ac6158109250_01",
                "context_K-NSCC": {
                    "field": "인공물",
                    "large_category": "EE",
                    "medium_category": "06"
                },
                "context": "<h1>2. 관련 연구</h1> <p>이기종 무선망 환경에서 VHO를 제공하기 위해 고려되고있는 방안은 크게 세 가지 정도로 분류해 볼 수 있다. 그 첫 번째 방법은 IP 계층에서 IETF에서의 표준 기술인Mobile IP나 Proxy Mobile IP 등을 이용하여 수직 핸드오버를 지원하는 방법이다. 이 경우 링크 계층에서의 이동성관리는 일반적으로 고려되지 않고 링크 계층에서 독립적으로 수행된다고 가정한다. 두 번째 방법으로는 IEEE 802.21에서 연구되고 있는 MIH(Media Independent Handover) 기술을 들 수 있다. MIH의 경우 일반적으로 링크 계층과 IP계층 사이에 위치하여 서로 다른 네트워크 간의 이동성 제공을 위해 계층 간의 상호 정보 교환 및 제어 신호를 규정하는 일반적인 프레임워크와 관련된 절차를 기술한다. 또다른 하나의 방법이 본 논문에서 다루고자 하는 범용링크계층(Generic Link Layer: GLL)과 통합무선자원관리 (CommonRadio Resource Management: CRRM) 방법으로 링크 계층에서 수행되는 무선자원관리 기능의 일부를 서로 다른 액세스 네트워크에서 통합적으로 구현함으로써 수직 핸드오버를지원하는 방식으로 주로 유럽 IST 프로젝트의 일환으로 관련 연구가 수행되고 있다.</p> <p>전술한 세 가지 방법은 나름대로의 장단점으로 가진다고할 수 있다. 그러나 일반적으로 상위 계층의 방법일수록 융통성(flexibility)에 장점을 가지며, 하위 계층으로 갈수록 VHO 성능 면에서 장점을 가지는 특징이 있다. 이런 관점에서 볼 때 만일 차세대 이동통신에서 다양한 액세스 네트워크 환경에서의 다양한 무선 자원을 효율적으로 활용하면서도 VoIP나 영상 통화와 같은 높은 통신 QoS가 요구되는 서비스를 용이하게 지원하기 위해서는 우수한 VHO를 제공할수 있는 범용링크계층(GLL) 기반의 통합무선자원관리(CRRM)방식을 좀 더 적극적으로 고려해 볼 필요가 있다.</p> <p>이종망 환경에서의 통합무선자원관리는 또한 유럽의 6thFP(Framework Program)등을 중심으로 다양한 연구가 진행되고 있다. AN(Ambient Network) [2]에서는 CRRM과 같이다른 무선 접속망 사이의 접근 선택, 로드 재분배를 포함하는 향상된 통합무선자원관리 기능을 제공하는 멀티무선자원관리(Multi Radio Resource Management: MRRM) 구조와기능을 정의하고, 하부의 RAT(Radio Access Technology)에 단일화된 인터페이스와 적응성을 제공하며, 시스템 내의핸드오버를 지원하는 GLL 정의하여 시스템 성능 향상과 최적의 QoS 보장을 목표로 하였다.</p> <p>VHO 지원을 위한 알고리즘들을 살펴보면 TS 23.402[3]기술보고서에서 신호세기만을 고려한 알고리즘을 기본으로제시하고 있는데 사용할 네트워크의 선택 문제에 있어서 단말의 신호가 어느 수준 이하로 떨어지게 될 경우 주변의 신호세기에 따른 핸드오버 결정을 하는 알고리즘에서는 중복된 네트워크에서 Ping-pong 현상이 나타나 불필요한 핸드오버가 반복될 수 있는 문제점을 가지고 있다. 이를 해결할수 있는 논문으로는 일정한 Throughput을 사용하여 Upward와 Downward를 고려해서 핸드오버를 결정하는 방법[4]을제안하고 있으나 동작하는 응용계층에서의 서비스 타입이나단말의 이동 속도를 고려하지 않고 있다. 또한 Policy-enabled 핸드오버 방법[5]에서는 비용과 경로에 대한 통계를이용해서 예측이 가능한 Stability를 정의하여 성능이 좋은네트워크를 탐색하는 주기를 조절하여 통계에 따른 우선순위를 통해 핸드오버를 결정하는 방법 등이 있으나 이것 또한 응용계층의 서비스 타입이나 속도를 고려하지 않고 있다. 또한 MCDM 방법[6-8]에서는 핸드오버 결정과 네트워크 선택의 문제를 다기준 의사결정법(MCDM)을 통해 다양한 요소의 가중치와 정규화 과정을 통하여 해결하고 있으나네트워크와 단말에 대한 오버헤드와 많은 요소의 상대적 가치에 따른 결과분석이 부족한 실정이다.</p>",
                "context_length": 2009,
                "summary": "수직 핸드오버를 지원하는 방법으로는 IETF의 표준 기술인 Mobile IP, Proxy Mobile IP를 이용한 IP 계층 방법, IEEE 802. 21에서 연구 중인 MIH 기술, 그리고 본 논문에서 주목하는 GLL과 CRRM 방식을 들 수 있다. 이 GLL과 CRRM 방식은 서로 다른 액세스 네트워크에서 무선 자원 관리 기능의 일부를 통합적으로 구현함으로써 수직 핸드오버를 지원한다. 그러나, MCDM 방법에서는 핸드오버 결정과 네트워크 선택 문제에 대해 다양한 요소의 가중치와 정규화 과정을 통해 해결하고 있지만, 네트워크와 단말에 대한 오버헤드와 많은 요소의 상대적 가치에 따른 결과 분석이 부족한 상태다.",
                "clue": [
                    {
                        "clue_text": "그 첫 번째 방법은 IP 계층에서 IETF에서의 표준 기술인Mobile IP나 Proxy Mobile IP 등을 이용하여 수직 핸드오버를 지원하는 방법이다.",
                        "clue_start": "82",
                        "clue_end": "169"
                    },
                    {
                        "clue_text": "두 번째 방법으로는 IEEE 802.21에서 연구되고 있는 MIH(Media Independent Handover) 기술을 들 수 있다.",
                        "clue_start": "231",
                        "clue_end": "307"
                    },
                    {
                        "clue_text": "또다른 하나의 방법이 본 논문에서 다루고자 하는 범용링크계층(Generic Link Layer: GLL)과 통합무선자원관리 (CommonRadio Resource Management: CRRM) 방법으로 링크 계층에서 수행되는 무선자원관리 기능의 일부를 서로 다른 액세스 네트워크에서 통합적으로 구현함으로써 수직 핸드오버를지원하는 방식으로 주로 유럽 IST 프로젝트의 일환으로 관련 연구가 수행되고 있다.",
                        "clue_start": "423",
                        "clue_end": "649"
                    },
                    {
                        "clue_text": "또한 MCDM 방법[6-8]에서는 핸드오버 결정과 네트워크 선택의 문제를 다기준 의사결정법(MCDM)을 통해 다양한 요소의 가중치와 정규화 과정을 통하여 해결하고 있으나네트워크와 단말에 대한 오버헤드와 많은 요소의 상대적 가치에 따른 결과분석이 부족한 실정이다.",
                        "clue_start": "1859",
                        "clue_end": "2005"
                    }
                ],
                "terminology": [
                    {
                        "word": "AN"
                    },
                    {
                        "word": "Framework"
                    },
                    {
                        "word": "Generic"
                    },
                    {
                        "word": "Handover"
                    },
                    {
                        "word": "IETF"
                    },
                    {
                        "word": "IP"
                    },
                    {
                        "word": "IP 계층"
                    },
                    {
                        "word": "Link"
                    },
                    {
                        "word": "MCDM"
                    },
                    {
                        "word": "MIH"
                    },
                    {
                        "word": "Media Independent Handover"
                    },
                    {
                        "word": "Mobile IP"
                    },
                    {
                        "word": "Multi"
                    },
                    {
                        "word": "Network"
                    },
                    {
                        "word": "Ping-pong 현상"
                    },
                    {
                        "word": "Proxy"
                    },
                    {
                        "word": "QoS"
                    },
                    {
                        "word": "QoS 보장"
                    },
                    {
                        "word": "RAT"
                    },
                    {
                        "word": "Resource"
                    },
                    {
                        "word": "TS"
                    },
                    {
                        "word": "Throughput"
                    },
                    {
                        "word": "VHO"
                    },
                    {
                        "word": "네트워크"
                    },
                    {
                        "word": "다기준 의사결정법"
                    },
                    {
                        "word": "로드 재분배"
                    },
                    {
                        "word": "링크 계층"
                    },
                    {
                        "word": "무선망"
                    },
                    {
                        "word": "무선망 환경"
                    },
                    {
                        "word": "범용링크계층"
                    },
                    {
                        "word": "상호 정보"
                    },
                    {
                        "word": "서비스 타입"
                    },
                    {
                        "word": "수직 핸드오버"
                    },
                    {
                        "word": "알고리즘"
                    },
                    {
                        "word": "액세스 네트워크"
                    },
                    {
                        "word": "오버헤드"
                    },
                    {
                        "word": "융통성"
                    },
                    {
                        "word": "응용계층"
                    },
                    {
                        "word": "의사결정법"
                    },
                    {
                        "word": "이동성관리"
                    },
                    {
                        "word": "이종망"
                    },
                    {
                        "word": "접속망"
                    },
                    {
                        "word": "정규화"
                    },
                    {
                        "word": "정규화 과정"
                    },
                    {
                        "word": "통신 QoS"
                    },
                    {
                        "word": "통합무선자원관리"
                    },
                    {
                        "word": "핸드오버"
                    }
                ]
            },
            {
                "context_id": "55e-0c9-merge_ee_114998e3-0423d79b-773e-4829-9757-ac6158109250_09",
                "context_K-NSCC": {
                    "field": "인공물",
                    "large_category": "EE",
                    "medium_category": "06"
                },
                "context": "<h2>\\( 4.2 \\) 시뮬레이션 결과 및 분석</h2> <p>본 논문에서는 여러 타입의 데이터들이 존재할 때 VHO에 대한 성능을 평균 데이터 처리량(avg.throughput), 핸드오버시 성공 확률(handover success rate), 핸드오버 시도횟수 그리고 LTE와 WLAN 간의 비용차이를 6:1 비율로 가정하여 단말이 서비스 받은 사용비용(cost)을 측정하였다.</p> <p>(그림 14)와 (그림 15)에서는 Voice와 Web사용자의 비율을 동일하게 고정시키고, 속도의 비율에 따라 제안한 알고리즘(Policy MCDM, FLC)과 기존 알고리즘(신호세기만을고려한 알고리즘, MCDM 만을 사용한 알고리즘)에 대한 평균 데이터 처리량과 서비스 사용비용을 비교하고 있다. 제안한 알고리즘과 기존 알고리즘 모두에서 고속의 동시사용자수가 많아질수록 더 높은 데이터 처리량과 낮은 사용비용을 보였다.</p> <p>신호세기에 의한 알고리즘은 그 특성(AP1의 경우 핸드오버 요청 시 신호세기가 LTE보다 WLAN이 작기 때문에AP1에서는 핸드오버가 일어나지 않음)으로 인해 제안한 알고리즘보다 데이터 처리량은 더 낮게 사용비용은 더 높게나온다. 또한 제안한 알고리즘들의 경우 기존 알고리즘들보다 Cost가 전체적으로 더 낮게 나옴을 알 수 있다. 이는AHP 알고리즘에서 웹 데이터의 경우 Cost 값의 가중치를더 높게 주었기 때문에 보다 가격이 낮은 WLAN으로 서비스를 받게 되기 때문이다.</p> <p>제안한 알고리즘인 FLC 방식에서는 정책적 MCDM 방식과 비교하여 보았을 때 데이터 처리량과 사용비용 측면에서더 좋은 성능이 나타남을 볼 수 있다. 이는 FLC 방식에서는 핸드오버 시점을 적응적으로 변화시켜 네트워크 상태에따라 WLAN의 더 많은 공간에서 서비스를 받을 수 있거나더 적은 시간에 WLAN을 빠져나가 LTE에서 서비스를 받을 수 있기 때문이다. 이것은 (그림 18)과 (그림 19)에서와같이 핸드오버 시도횟수에서도 적은 수의 핸드오버 수로 확인가능하며, 중복된 네트워크에서 발생할 수 있는 Ping-pong현상을 해결하여 불필요한 핸드오버가 반복되지 않도록 하고 있다.</p> <p>(그림 16)과 (그림 17)에서는 저속과 고속 사용자의 비율을 동일하게 고정시키고, 서비스 타입의 비율에 따라 제안한 알고리즘들과 기존 알고리즘들에 대한 핸드오버 성공 확률을 비교하고 있다. 제안한 알고리즘들과 신호세기만을 고려한 알고리즘을 비교하여 봤을 때, 제안한 알고리즘의 성공확률은 신호세기에 의한 알고리즘의 특성(AP1의 경우 핸드오버 요청 시 신호세기가 LTE보다 WLAN이 작기 때문에 AP1에서는 핸드오버가 일어나지 않음)으로 인해 성공확률이 서비스 타입에 상관없이 높게 나타남을 볼 수 있다.또한 (그림 17)에서 볼 수 있듯이 다기준 의사결정법에 의한 알고리즘은 Voice의 비율에 따라 높은 Voice 비율이 나타날 때 LTE가 점유되는 시점이 틀려지는 것을 볼 수 있고, 정책적인 결정을 가진 제안한 알고리즘에서는 다기준 의사 결정법을 사용하기 이전에 속도와 서비스 타입에 의해 핸드오버 결정을 하기 때문에 그 성공률이 매우 높음을 알 수있다.</p>",
                "context_length": 1564,
                "summary": "본 논문에서는 여러 타입의 데이터에서 VHO의 성능을 평균 데이터처리량, 핸드오버시 성공확률, 핸드오버 시도횟수, LTE와 WLAN 간 비용차를 6:1로 가정해 사용비용을 측정했다. FLC와 기존 알고리즘 모두 고속 동시사용자수가 많아질수록 더 높은 데이터 처리량, 낮은 비용을 보였으며, 신호세기에 의한 알고리즘은 FLC보다 데이터 처리량은 더 낮게, 사용비용은 더 높게 나타난다. FLC방식은 정책적 MCDM과 비교했을 때 데이터 처리량, 사용비용 측면에서 더 좋은 성능이 나타난다.",
                "clue": [
                    {
                        "clue_text": "본 논문에서는 여러 타입의 데이터들이 존재할 때 VHO에 대한 성능을 평균 데이터 처리량(avg.throughput), 핸드오버시 성공 확률(handover success rate), 핸드오버 시도횟수 그리고 LTE와 WLAN 간의 비용차이를 6:1 비율로 가정하여 단말이 서비스 받은 사용비용(cost)을 측정하였다.",
                        "clue_start": "36",
                        "clue_end": "214"
                    },
                    {
                        "clue_text": "제안한 알고리즘과 기존 알고리즘 모두에서 고속의 동시사용자수가 많아질수록 더 높은 데이터 처리량과 낮은 사용비용을 보였다.",
                        "clue_start": "389",
                        "clue_end": "457"
                    },
                    {
                        "clue_text": "신호세기에 의한 알고리즘은 그 특성(AP1의 경우 핸드오버 요청 시 신호세기가 LTE보다 WLAN이 작기 때문에AP1에서는 핸드오버가 일어나지 않음)으로 인해 제안한 알고리즘보다 데이터 처리량은 더 낮게 사용비용은 더 높게나온다.",
                        "clue_start": "465",
                        "clue_end": "593"
                    },
                    {
                        "clue_text": "FLC 방식에서는 정책적 MCDM 방식과 비교하여 보았을 때 데이터 처리량과 사용비용 측면에서더 좋은 성능이 나타남을 볼 수 있다.",
                        "clue_start": "750",
                        "clue_end": "823"
                    },
                    {
                        "clue_text": "제안한 알고리즘들과 신호세기만을 고려한 알고리즘을 비교하여 봤을 때, 제안한 알고리즘의 성공확률은 신호세기에 의한 알고리즘의 특성(AP1의 경우 핸드오버 요청 시 신호세기가 LTE보다 WLAN이 작기 때문에 AP1에서는 핸드오버가 일어나지 않음)으로 인해 성공확률이 서비스 타입에 상관없이 높게 나타남을 볼 수 있다.또한 (그림 17)에서 볼 수 있듯이 다기준 의사결정법에 의한 알고리즘은 Voice의 비율에 따라 높은 Voice 비율이 나타날 때 LTE가 점유되는 시점이 틀려지는 것을 볼 수 있고, 정책적인 결정을 가진 제안한 알고리즘에서는 다기준 의사 결정법을 사용하기 이전에 속도와 서비스 타입에 의해 핸드오버 결정을 하기 때문에 그 성공률이 매우 높음을 알 수있다.",
                        "clue_start": "1183",
                        "clue_end": "1560"
                    }
                ],
                "terminology": [
                    {
                        "word": "AHP 알고리즘"
                    },
                    {
                        "word": "AP1"
                    },
                    {
                        "word": "Cost 값"
                    },
                    {
                        "word": "FLC"
                    },
                    {
                        "word": "LTE"
                    },
                    {
                        "word": "MCDM"
                    },
                    {
                        "word": "Ping-pong현상"
                    },
                    {
                        "word": "Policy MCDM"
                    },
                    {
                        "word": "VHO"
                    },
                    {
                        "word": "WLAN"
                    },
                    {
                        "word": "가중치"
                    },
                    {
                        "word": "네트워크"
                    },
                    {
                        "word": "다기준 의사결정법"
                    },
                    {
                        "word": "서비스 타입"
                    },
                    {
                        "word": "시뮬레이션"
                    },
                    {
                        "word": "알고리즘"
                    },
                    {
                        "word": "웹 데이터"
                    },
                    {
                        "word": "의사결정법"
                    },
                    {
                        "word": "평균 데이터 처리량(avg.throughput)"
                    },
                    {
                        "word": "핸드오버"
                    },
                    {
                        "word": "핸드오버시"
                    }
                ]
            }
        ]
    }
}