{
    "dataset_info": {
        "identifier": "02-031-002-NL",
        "name": "기술과학 문서 요약 데이터",
        "category": "자연어",
        "last_updated": "2023-08-30"
    },
    "dataset": {
        "doc_id": "31a7cd33-05eb2e1a-696c-4c80-944d-af5070d49538",
        "doc_type": "논문",
        "doc_title": {
            "kor": "\bEnvelope Tracking 전력 증폭기의 선형성 개선을 위한 새로운 드레인 바이어스 기법",
            "eng": ""
        },
        "doc_category": {
            "KDC": "560.5",
            "DDC": ""
        },
        "doc_number": {
            "ISSN": "2287-5026",
            "ISBN": "",
            "DOI": "",
            "UCI": ""
        },
        "doc_year": "2009",
        "doc_author": [
            "정진호"
        ],
        "doc_publisher": "대한전자공학회",
        "doc_license": "CC BY-NC",
        "context_info": [
            {
                "context_id": "55e-0c9-merge_2_31a7cd33-05eb2e1a-696c-4c80-944d-af5070d49538_03",
                "context_K-NSCC": {
                    "field": "인공물",
                    "large_category": "EE",
                    "medium_category": "04"
                },
                "context": "<p>\\( V_ { D D } = \\left \\{\\begin {array} { ll } A_ { v, e n v } \\left |V_ { i } \\right |, & \\left |V_ { i } \\right |_ { 0 } \\leq \\left |V_ { i } \\right | \\leq \\left |V_ { i } \\right |_ {\\max } \\\\ V_ { D D \\min } , & \\left |V_ { i } \\right |< \\left |V_ { i } \\right |_ { 0 } \\end {array} \\right . \\)<caption>(1)</caption></p> <p>여기서, \\( A_ { v, e n v } \\) 는 envelope 중폭기의 전압 이득, 즉, \\[A_ { v, \\text { env } } =V_ { D D \\max } / \\left |V_ { i } \\right |_ {\\max } \\text { 이다. 그리고 } \\left |V_ { i } \\right |_ { 0 } \\text { 는 } V_ { D D \\min } \\text } 에 대응하는 입력 신호의 크기, \\( \\left |V_ { i } \\right |_ { 0 } =V_ { D D \\min } / A_ { v, e n v } \\) 이다. 이 관계식을 그래프로 나타낸 것이 그림 4이다.</p> <p>이러한 기존의 바이어스 기법은 전력 증폭기의 선형성을 크게 저하시킨다. 본 연구에서는 이를 개선할 수 있는 새로운 드레인 바이어스 결정법에 대하여 제안하고자 하는데, 드레인 바이어스 전압의 최소값 \\( V_ { D D m i n } \\) 결정법과 \\( V_ { D D m i n } \\) 이상의 전압에서 \\( V_ { D D } \\) 와 \\( \\left |V_ { i } \\right | \\) 와의 관계를 구하는 방법 등 두 가지 측면을 다룬다.</p> <h3>가) 드레인 바이어스 전압의 최소값</h3> <p>드레인 바이어스 전압의 최소값 \\( V_ { D D m i n } \\) 을 평균효율 향상을 위해 기존과 같이 문턱전압 근처까지 낮추는 것은 문제가 있다. 왜냐하면 낮은 드레인 바이어스 전압에서는 전류의 비선형성이 증가하여 선형성 특성이 나쁘며, 트랜지스터의 이득도 급격히 낮아지므로 envelope tracking에 의한 전력부가효율 개선 효과도 크지 않기 때문이다. 그림 5 는 드레인 바이어스 전압이 \\( 3,6,9 \\), \\( 10,20,30 \\mathrm { ~V } \\) 일 때, 설계된 전력 중폭기의 \\( \\mathrm { CW } \\) 시뮬레이션 특성을 보여준다. 그림 \\( 5( \\mathrm { a } ) \\) 는 입력전력(input power)에 따른 전력이독(power gain), 그립 \\( 5( \\mathrm { ~b } \\) )는 입력전력에 따른 전력부가효율(PAE) 그림이다. 그림 5(a) 에서 알 수 있듯이, \\( V_ { D D } \\) 가 \\( 10 \\mathrm { ~V } \\) 이하가 되면 전력 이득이 급격하게 감소한다. 또한, \\( V_ { D D } = 10 \\mathrm { ~V } \\) 이하에서는 그림 5(b)에서처럼 전력부가효율이 전혀 개선되지 않는다는 것을 알 수 있다. 즉, 드레인 바이어스 전압을 \\( 10 \\mathrm { ~V } \\) 이하로 낮추면 평균 효율 개선 효과는 없으며 선형성 특성은 크게 저하된다. 이롤 고려하여 본 연구에서는 \\( V_ { D D \\min } \\) 올 \\( 10 \\mathrm { ~V } \\) 로 결정한다.</p>",
                "context_length": 1748,
                "summary": "기존의 바이어스 기법이 전력 증폭기의 선형성을 저하시키는 문제를 해결하기 위해, 본 연구에서는 드레인 바이어스 전압의 최소값 \\( V_{DDmin} \\) 결정법과 \\( V_{DDmin} \\) 이상의 전압에서 \\( V_{DD} \\) 와 \\( |V_{i}| \\) 의 관계를 구하는 새로운 방법을 제안한다. 드레인 바이어스 전압을 10V 이하로 낮추면 선형성 특성이 크게 저하되며 효율 개선 효과는 없으므로, 본 연구에서는 \\( V_{DD\\min} \\) 을 10V로 결정한다.",
                "clue": [
                    {
                        "clue_text": "이러한 기존의 바이어스 기법은 전력 증폭기의 선형성을 크게 저하시킨다.",
                        "clue_start": "676",
                        "clue_end": "715"
                    },
                    {
                        "clue_text": "본 연구에서는 이를 개선할 수 있는 새로운 드레인 바이어스 결정법에 대하여 제안하고자 하는데, 드레인 바이어스 전압의 최소값 \\( V_ { D D m i n } \\) 결정법과 \\( V_ { D D m i n } \\) 이상의 전압에서 \\( V_ { D D } \\) 와 \\( \\left |V_ { i } \\right | \\) 와의 관계를 구하는 방법 등 두 가지 측면을 다룬다.",
                        "clue_start": "716",
                        "clue_end": "925"
                    },
                    {
                        "clue_text": "즉, 드레인 바이어스 전압을 \\( 10 \\mathrm { ~V } \\) 이하로 낮추면 평균 효율 개선 효과는 없으며 선형성 특성은 크게 저하된다.",
                        "clue_start": "1591",
                        "clue_end": "1672"
                    },
                    {
                        "clue_text": "이롤 고려하여 본 연구에서는 \\( V_ { D D \\min } \\) 올 \\( 10 \\mathrm { ~V } \\) 로 결정한다.",
                        "clue_start": "1673",
                        "clue_end": "1744"
                    }
                ],
                "terminology": [
                    {
                        "word": "CW"
                    },
                    {
                        "word": "env"
                    },
                    {
                        "word": "envelope"
                    },
                    {
                        "word": "envelope tracking"
                    },
                    {
                        "word": "envelope 중폭기"
                    },
                    {
                        "word": "power"
                    },
                    {
                        "word": "tracking"
                    },
                    {
                        "word": "관계식"
                    },
                    {
                        "word": "드레인 바이어스"
                    },
                    {
                        "word": "드레인 바이어스 결정법"
                    },
                    {
                        "word": "드레인 바이어스 전압"
                    },
                    {
                        "word": "문턱전압"
                    },
                    {
                        "word": "바이어스"
                    },
                    {
                        "word": "바이어스 기법"
                    },
                    {
                        "word": "바이어스 전압"
                    },
                    {
                        "word": "비선형성"
                    },
                    {
                        "word": "선형성"
                    },
                    {
                        "word": "시뮬레이션"
                    },
                    {
                        "word": "입력전력(input power)"
                    },
                    {
                        "word": "전력 증폭기"
                    },
                    {
                        "word": "전력부가효율"
                    },
                    {
                        "word": "전력부가효율(PAE)"
                    },
                    {
                        "word": "전력이독(power gain)"
                    },
                    {
                        "word": "전류"
                    },
                    {
                        "word": "전압 이득"
                    },
                    {
                        "word": "증폭기"
                    },
                    {
                        "word": "트랜지스터"
                    }
                ]
            },
            {
                "context_id": "55e-0c9-merge_2_31a7cd33-05eb2e1a-696c-4c80-944d-af5070d49538_02",
                "context_K-NSCC": {
                    "field": "인공물",
                    "large_category": "EE",
                    "medium_category": "04"
                },
                "context": "<h1>II. 드레인 바이어스 설계 기법</h1> <h2>1. Si-LDMOS class \\( A B \\) 전력 증폭기 설계</h2> <p>Envelope tracking 전력 증폭기에 사용할 \\( \\mathrm { RF } \\) 전력 증폭기를 Freescale사의 \\( \\mathrm { Si } \\) LDMOS FET (모델명 : MRF5S21130)를 이용하여 설계하였다. W-CDMA 응용을 위해서 중심 주파수는 \\( 2.14 \\mathrm { GHz } \\) 로 결정하였으며, 선형성 톡성이 우수하도록 class \\( \\mathrm { AB } \\) 로 설계하였다. 트랜시스터의 데이터시트를 참고하여 설계된 회로는 그림 2에 제시되어 있다. 유전상수 \\( 2.55 \\), 두께 \\( 30 \\mathrm { mil } \\) 기판을 사용하여 마이크로스트립 라인으로 정합회로가 구현되어 있다.</p> <p>시뀰레이션율 위하여 위 회사에서 제공된 트랜지스터 모델을 사용하였다. \\( 2.14 \\mathrm { GHz } \\mathrm { CW } \\) (continuous wave) 입력에 대한 설계된 전력 증폭기의 시뮬레이션 특성이 그림 3 에 나와 있다. Class \\( \\mathrm { AB } \\) 동작올 위하여 게이트 바이어스 전압 \\( V_ { G G } \\) 는 \\( 4.04 \\mathrm { ~V } \\) (이때 드레인 바이어스 전류 \\( I_ { D Q } = 1200 \\mathrm { ~mA } \\) 이다.), 드레인 바이어스 전압 \\( V_ { D D } \\) 는 \\( 28 \\mathrm { ~V } \\) 로 선택하였다. \\( 1- \\mathrm { dB } \\) 이득 감쇄 지점 \\( \\mathrm { P } _ { 1 \\mathrm { ~dB } } \\) 는 \\( 52.8 \\mathrm { dBm } \\) 이고, 이때 전력부가효율( \\( \\mathrm { PAE } \\), power added efficiency) 은 \\( 59.2 \\% \\), 전력이독은 \\( 12.5 \\mathrm { ~dB } \\) 였다.</p> <h2>2. Envelope tracking의 바이어스 설계 기법</h2> <p>기존의 envelope tracking 전력 증폭기는 게이트 바이어스 전압 \\( \\left (V_ { G G } \\right . \\) )이 고정된 상태에서 드레인 바이어스 전압 \\( \\left (V_ { D D } \\right ) \\) 을 입력 신호의 크기 \\( \\left ( \\left |V_ { i } \\right | \\right ) \\) 에 따라 선형적으로 증가시키는 방법을 사용한다. 드레인 바이어스 전압의 최대값 \\( \\left (V_ { D D \\max } \\right ) \\) 은 트랜지스터의 드레인-게이트 붕괴전압을 고려하여 결정한다. 이 연구에서 \\( V_ { D D \\max } \\) 는 \\( 32 \\mathrm { ~V } \\) 로 결정되었다. 이에 대웅되는 최대 입력 신호의 크기 \\( \\left ( \\left |V_ { i } \\right |_ {\\max } \\right ) \\) 는 전력 중폭기의 이득과 \\( V_ { D D } = V_ { D D \\max } \\) 에서 효울을 고려하여 선택하게 된다. 드레인 바이어스 전압의 최소값 \\( \\left (V_ { D D_ {\\text { min } } } \\right ) \\) 은 평균 효율을 고려하여 트랜지스터가 문턱 전압 영역으로 들어가지 않는 범위에서 가장 낮은 값을 선택한다. 예를 들면 논문 [2]에서는 \\( V_ { D D_ {\\min } } =3 \\mathrm { ~V } \\) 로 결정하였다. 따라서, 이러한 경우, 입력신호의 크기에 따른 드레인 바이어스 전압은 다음과 같이 정해진다.</p>",
                "context_length": 1856,
                "summary": "Freescale사의 Si LDMOS FET 모델인 MRF5S21130를 이용하여 W-CDMA용으로 중심 주파수가 2.14GHz인 envelope tracking RF 전력 증폭기를 설계하였다. Class AB로 선형성을 우수하게 유지하였으며, 드레인 바이어스 전압을 입력 신호의 크기에 따라 선형적으로 증가시키는 방식을 채택하였다.",
                "clue": [
                    {
                        "clue_text": "Envelope tracking 전력 증폭기에 사용할 \\( \\mathrm { RF } \\) 전력 증폭기를 Freescale사의 \\( \\mathrm { Si } \\) LDMOS FET (모델명 : MRF5S21130)를 이용하여 설계하였다.",
                        "clue_start": "78",
                        "clue_end": "211"
                    },
                    {
                        "clue_text": "W-CDMA 응용을 위해서 중심 주파수는 \\( 2.14 \\mathrm { GHz } \\) 로 결정하였으며, 선형성 톡성이 우수하도록 class \\( \\mathrm { AB } \\) 로 설계하였다.",
                        "clue_start": "212",
                        "clue_end": "321"
                    },
                    {
                        "clue_text": "기존의 envelope tracking 전력 증폭기는 게이트 바이어스 전압 \\( \\left (V_ { G G } \\right . \\) )이 고정된 상태에서 드레인 바이어스 전압 \\( \\left (V_ { D D } \\right ) \\) 을 입력 신호의 크기 \\( \\left ( \\left |V_ { i } \\right | \\right ) \\) 에 따라 선형적으로 증가시키는 방법을 사용한다.",
                        "clue_start": "1084",
                        "clue_end": "1302"
                    }
                ],
                "terminology": [
                    {
                        "word": "CW"
                    },
                    {
                        "word": "Class"
                    },
                    {
                        "word": "Envelope"
                    },
                    {
                        "word": "Envelope tracking 전력 증폭기"
                    },
                    {
                        "word": "FET"
                    },
                    {
                        "word": "LDMOS"
                    },
                    {
                        "word": "RF"
                    },
                    {
                        "word": "W-CDMA"
                    },
                    {
                        "word": "envelope tracking"
                    },
                    {
                        "word": "power"
                    },
                    {
                        "word": "tracking"
                    },
                    {
                        "word": "wave"
                    },
                    {
                        "word": "게이트 바이어스"
                    },
                    {
                        "word": "기판"
                    },
                    {
                        "word": "드레인 바이어스"
                    },
                    {
                        "word": "드레인 바이어스 전압"
                    },
                    {
                        "word": "마이크로스트립"
                    },
                    {
                        "word": "마이크로스트립 라인"
                    },
                    {
                        "word": "문턱 전압"
                    },
                    {
                        "word": "바이어스"
                    },
                    {
                        "word": "바이어스 전류"
                    },
                    {
                        "word": "바이어스 전압"
                    },
                    {
                        "word": "붕괴전압"
                    },
                    {
                        "word": "선형성"
                    },
                    {
                        "word": "시뮬레이션"
                    },
                    {
                        "word": "유전상수"
                    },
                    {
                        "word": "전력 증폭기"
                    },
                    {
                        "word": "전력부가효율"
                    },
                    {
                        "word": "전류"
                    },
                    {
                        "word": "전압 영역"
                    },
                    {
                        "word": "정합회로"
                    },
                    {
                        "word": "주파수"
                    },
                    {
                        "word": "중심 주파수"
                    },
                    {
                        "word": "증폭기"
                    },
                    {
                        "word": "트랜시스터"
                    },
                    {
                        "word": "트랜지스터"
                    },
                    {
                        "word": "회로"
                    }
                ]
            },
            {
                "context_id": "55e-0c9-c3e955c6-17bc-4edc-ad5f-539ba7d0a81c",
                "context_K-NSCC": {
                    "field": "인공물",
                    "large_category": "EE",
                    "medium_category": "04"
                },
                "context": "<h1>I. 서 론</h1> <p>기지국용 전력 증폭기(power amplifier)는 일반적으로 우수한 선형성과 효율 특성이 요구된다. 효율은 전력 소자에서 발생하는 열과 밀접한 관련이 있으며 효율이 나쁘면 많은 열이 발생한다. 이는 결과적으로 소자의 특성과 내구성을 저하시키기 때문에 고비용의 냉각시스템을 필요로 한다. 따라서 효율이 높은 선형 전력증폭기는 시스템의 가격과 유지보수 비용을 떨어뜨리고, 전력 소자의 성능과 내구성을 보장하게 된다.</p> <p>Envelope tracking 전력 증폭기는 그립 1 과 같이 입 력 신호가 작을 때는 드레인 바이어스 전압을 낮추어 평균 효율을 증가시키는 방법이다. 그림 1 에서처럼, \\( \\mathrm{RF} \\) 입력 신호에서 산호의 크기, 죽 cnvelope을 추출하여 envelope 증폭기를 통해 중폭한 다음, \\( \\mathrm{RF} \\) 전력 증폭기의 드레인 바이어스 전압 \\( \\left(V_{D D}\\right) \\) 을 조절해 주는 구조이다. 여기서 \\( \\mathrm{RF} \\) 전력 증폭기(RF PA)는 일반적으로 선형성 특성이 우수한 class \\( \\mathrm{AB} \\) 전력 증폭기를 사용한다. \\( \\mathrm{W} \\)-CDMA 신호에 대하여 envelope tracking 전력 증폭기는 일반적인 class \\( \\mathrm{AB} \\) 전력 증폭기에 비하여 \\( 1.5 \\) 배 이상 우수한 평균 효율 특성을 보이는 것으로 보고되었다.</p> <p>기존의 envelope tracking 선력 증폭기에서 드레인 바이어스는 단순히 입력 신호의 크기에 비례하도록 결정된다. 드레인 바이어스 전압의 최대값은 트랜지스터의 붕괴전압(breakdown voltage)에 의해서 견정되고, 최소값은 평균 효율 향상을 위하여 최대한 낮게 결정되는데 일반적으로 트랜지스터의 문턱전압(knee voltage) 근처에서 결정된다. 최소값과 최대값 사이에서는 입력 신호의 크기와 선형적인 관계를 갖도록 도레인 바이어스 전압이 결정된다. 이러한 envelope tracking 전력 증폭기는 드레인 바이어스 전압 변화에 따른 트랜지스터의 특성 변화로 인하여 선형성 특성이 나쁜 단점이 있다. 따라서, 디지털 전치왜곡기와 같은 선형화 기법이 필수적으로 사용되어야 한다. 또는, 입력 신호의 크기에 따라 게이트 바이어스 전압을 바꾸어 주는 기법도 사용할 수 있다.</p> <p>본 연구에서는 envelope tracking 전력 증폭기의 선형성 개선을 위해서 드레인 바이어스 전압을 결정하는 새로운 방법을 제안한다. 이를 위해 W-CDMA 기지국용 class \\( \\mathrm{AB} \\) 전력 중폭기를 설계한 다음, 서로 다른 드레인 바이어스 기법에 대하여 envelope tracking 전력 증폭기의 특성(평균 효율, 선형성)을 비교한다. 평균 효율을 저하시키지 않으면서 envelope tracking 전력 증폭기의 선형성을 크게 개선시킬 수 있는 드레인 바이어스 기법을 제안하고 시뮬레이션으로 검증한다.</p>",
                "context_length": 1506,
                "summary": "Envelope Tracking 전력 증폭기는 입력 신호의 크기에 따라 드레인 바이어스 전압을 조절하여 평균 효율을 증가시키는 방법이다. W-CDMA 신호에 대해, Envelope Tracking 전력 증폭기는 1.5배 이상 우수한 평균 효율 특성을 보인다. 본 연구에서는 드레인 바이어스 전압을 결정하는 새로운 방법으로 class AB 전력 중폭기 설계를 통해 평균 효율과 선형성 특성이 모두 우수한 Envelope Tracking 전력 증폭기를 얻을 수 있다.",
                "clue": [
                    {
                        "clue_text": "Envelope tracking 전력 증폭기는 그립 1 과 같이 입 력 신호가 작을 때는 드레인 바이어스 전압을 낮추어 평균 효율을 증가시키는 방법이다.",
                        "clue_start": "259",
                        "clue_end": "344"
                    },
                    {
                        "clue_text": "\\( \\mathrm{W} \\)-CDMA 신호에 대하여 envelope tracking 전력 증폭기는 일반적인 class \\( \\mathrm{AB} \\) 전력 증폭기에 비하여 \\( 1.5 \\) 배 이상 우수한 평균 효율 특성을 보이는 것으로 보고되었다.",
                        "clue_start": "605",
                        "clue_end": "745"
                    },
                    {
                        "clue_text": "본 연구에서는 envelope tracking 전력 증폭기의 선형성 개선을 위해서 드레인 바이어스 전압을 결정하는 새로운 방법을 제안한다.",
                        "clue_start": "1202",
                        "clue_end": "1279"
                    },
                    {
                        "clue_text": "이를 위해 W-CDMA 기지국용 class \\( \\mathrm{AB} \\) 전력 중폭기를 설계한 다음, 서로 다른 드레인 바이어스 기법에 대하여 envelope tracking 전력 증폭기의 특성(평균 효율, 선형성)을 비교한다.",
                        "clue_start": "1280",
                        "clue_end": "1408"
                    },
                    {
                        "clue_text": "평균 효율을 저하시키지 않으면서 envelope tracking 전력 증폭기의 선형성을 크게 개선시킬 수 있는 드레인 바이어스 기법을 제안하고 시뮬레이션으로 검증한다.",
                        "clue_start": "1409",
                        "clue_end": "1502"
                    }
                ],
                "terminology": [
                    {
                        "word": "Envelope tracking"
                    },
                    {
                        "word": "Envelope tracking 전력 증폭기"
                    },
                    {
                        "word": "PA"
                    },
                    {
                        "word": "RF"
                    },
                    {
                        "word": "W-CDMA"
                    },
                    {
                        "word": "amplifier"
                    },
                    {
                        "word": "class"
                    },
                    {
                        "word": "envelope"
                    },
                    {
                        "word": "power"
                    },
                    {
                        "word": "tracking"
                    },
                    {
                        "word": "게이트 바이어스"
                    },
                    {
                        "word": "견정"
                    },
                    {
                        "word": "기지국"
                    },
                    {
                        "word": "드레인 바이어스"
                    },
                    {
                        "word": "드레인 바이어스 전압"
                    },
                    {
                        "word": "디지털 전치왜곡기"
                    },
                    {
                        "word": "문턱전압"
                    },
                    {
                        "word": "바이어스"
                    },
                    {
                        "word": "바이어스 기법"
                    },
                    {
                        "word": "바이어스 전압"
                    },
                    {
                        "word": "붕괴전압"
                    },
                    {
                        "word": "선력"
                    },
                    {
                        "word": "선력 증폭기"
                    },
                    {
                        "word": "선형성"
                    },
                    {
                        "word": "선형화"
                    },
                    {
                        "word": "시뮬레이션"
                    },
                    {
                        "word": "전력 중폭기"
                    },
                    {
                        "word": "전력증폭기"
                    },
                    {
                        "word": "증폭기"
                    },
                    {
                        "word": "트랜지스터"
                    }
                ]
            },
            {
                "context_id": "55e-0c9-merge_2_31a7cd33-05eb2e1a-696c-4c80-944d-af5070d49538_04",
                "context_K-NSCC": {
                    "field": "인공물",
                    "large_category": "EE",
                    "medium_category": "04"
                },
                "context": "<p>따라서 새로운 바이어스 기법은 입력 신호의 크기가 작을 때는 드레인 바이어스 전압 \\( V_ { D D } \\) 를 \\( 10 \\mathrm { ~V } \\) 로 고정시켜 class \\( \\mathrm { AB } \\) 동작을 하게하고, 입력 신호가 클 때는 \\( V_ { D D } \\) 를 \\( 10 \\mathrm { ~V } \\) 에서 \\( 32 \\mathrm { ~V } \\) 사이에서 변화시켜 envelope tracking 동작을 하도록 한다. 이는 class \\( \\mathrm { AB } \\) 와 envelope tracking의 결합이라고 할 수 있다. 이 방법은 \\( V_ { D D } \\) 가 문턱전압 근처까지 낮아지지 않으므로 기존 envelope tracking 전력 증폭기의 선형성을 크게 개선할 수 있다. 또한, 평균효율 저하는 크지 않다.</p> <h3>나) 드레인 바이어스 전압과 입력 신호 크기의 관계</h3> <p>기존의 envelope tracking 전력 증폭기에서 드레인 바이어스 전압은 그림 4 에서처럼 \\( V_ { D D \\min } \\) 과 \\( V_ { D D \\max } \\) 사이에서는 \\( V_ { D D } \\) 를 \\( \\left |V_ { i } \\right | \\) 에 편의상 선형적으로 매핑한다. 이러한 방법 역시 드레인 바이어스 전압에 따른 트랜지스터의 선형성 특성을 제대로 반영하지 못한 것이다. 입력 신호의 크기에 대응하는 트레인 바이어스 전압을 결정하는 새로운 방식은 다음과 같다.</p> <p>그림 6 은 \\( V_ { D D } = 10 \\mathrm { ~V } , 20 \\mathrm { ~V } , 30 \\mathrm { ~V } \\) 에서 입력 신호의 크기 \\( \\left |V_ { i } \\right | \\) 에 따론 전력 이독 (그림 \\( 6( \\mathrm { a } ) \\) ) 과 출력 전압의 위상(그림 \\( 6( \\mathrm { ~b } )) \\) 울 나타낸 것이다. 따라서 각각은 \\( \\mathrm { AM } - \\mathrm { AM } , \\mathrm { AM } - \\mathrm { PM } \\) 특성이다. 각 드레인 바이어스 천압에 대응하는 입력 전압은 이러한 \\( \\mathrm { AM } - \\mathrm { AM } \\) 및 \\( \\mathrm { AM } - \\mathrm { PM } \\) 특성을 개선하도록 결정한다. 그림 \\( 6( \\mathrm { ~b } ) \\) 의 \\( \\mathrm { AM } - \\mathrm { PM } \\) 특성에서 드레인 바이어스 전압과 입력 신호의 크기에 따라 위상 변화가 아주 큰 것을 알 수 있다. 이는 전력 증폭기의 선형성을 크게 저하시키게 된다. 따라서, 입력 전력의 크기에 따라 위상 변화가 크지 않도록 드레인 바이어스 전압을 결정하였는데 그림에서는 점으로 표시되어 있다. 이렇게 선택된 점은 그림 6 (a)의 \\( \\mathrm { AM } - \\mathrm { AM } \\) 특성에서는 전력 이득이 \\( \\mathrm { P } _ {\\mathrm { ldB } } \\) 이내에 위치하는 것을 알 수 있다.</p> <h2>3. 여러 가지 바이어스 기법 비교</h2> <p>본 연구에서 제안된 바이어스 기법이 \\( \\mathrm { W } \\)-CDMA 기지국용 전력 증폭기의 효율과 선형성 특성에 어떠한 영향을 미치는 지 살펴보기 위하여, 여러 가지 바이어스 기법에 대하여 시뮬레이션을 수행하였다. 그림 7은 본 연구에서 고려된 네 가지 바이어스 기법 각각의 \\( \\left |V_ { i } \\right | \\) 와 \\( V_ { D D } \\) 의 관계를 나타낸 그림이다. 게이트 바이어스 전압은 \\( V_ { G G } = 4.04 \\mathrm { ~V } \\) 로 고정되어 있다.</p> <p>바이어스 기법 1은 일반적인 전력 중폭기 바이어스 기법으로서 드레인 바이어스 \\( V_ { D D } \\) 가 \\( 28 \\mathrm { ~V } \\) 로 고정되어 있는 경우이다. 이는 envelope tracking 전력 증폭기가 어느 정도 효율 및 션형성 개선 효과가 있는지 비교 대상이 될 것이다.</p> <p>바이어스 기법 2는 기존 envelope tracking 전력 증폭기 바이어스 기법으로서 입력신호 크기에 따라 \\( V_ { D D } \\) 를 \\( 3 \\mathrm { ~V } \\) 와 \\( 32 \\mathrm { ~V } \\) 사이에서 선형적으로 조절하는 바이어스 기법이다.</p> <p>바이어스 기법 3 과 4 는 본 연구에서 새로이 제안된 방법이다. 바이어스 기법 3 은 드레인 바이어스 전압의 최소값을 \\( 10 \\mathrm { ~V } \\) 로 증가시킨 것이다. 바이어스 기법 4 는 \\( V_ { D D } =10 \\mathrm { ~V } \\) 이상에서 그림 6 에 제시된 것과 같은 방법으로 \\( V_ { D D } \\) 와 \\( \\left |V_ { i } \\right | \\) 관계를 구한 것이다. 기법 2 와 비교했을 때 이 기법은 같은 \\( \\left |V_ { i } \\right | \\) 에 대하여 더 높은 \\( V_ { D D } \\) 가 필요하다는 것을 알 수 있다.</p>",
                "context_length": 2580,
                "summary": "새롭게 제안된 바이어스 기법은 입력 신호의 크기에 따라 드레인 바이어스 전압 \\( V_ { D D } \\)를 조절하여 전력 증폭기의 동작 방식을 변경한다. 입력 신호가 작을 때는 \\( V_ { D D } \\)를 \\( 10 \\mathrm { ~V } \\)로 고정하여 Class AB 동작을 유지하며, 입력 신호가 클 때는 \\( V_ { D D } \\)를 \\( 10 \\mathrm { ~V } \\)에서 \\( 32 \\mathrm { ~V } \\) 사이로 변화시켜 envelope tracking 동작을 수행한다. 이 방식을 통해 \\( \\mathrm { AM } - \\mathrm { AM } \\) 및 \\( \\mathrm { AM } - \\mathrm { PM } \\) 특성이 개선되며, 본 연구에서는 여러 바이어스 기법을 시뮬레이션하여 그 효과를 검증하였다.",
                "clue": [
                    {
                        "clue_text": "따라서 새로운 바이어스 기법은 입력 신호의 크기가 작을 때는 드레인 바이어스 전압 \\( V_ { D D } \\) 를 \\( 10 \\mathrm { ~V } \\) 로 고정시켜 class \\( \\mathrm { AB } \\) 동작을 하게하고, 입력 신호가 클 때는 \\( V_ { D D } \\) 를 \\( 10 \\mathrm { ~V } \\) 에서 \\( 32 \\mathrm { ~V } \\) 사이에서 변화시켜 envelope tracking 동작을 하도록 한다.",
                        "clue_start": "3",
                        "clue_end": "257"
                    },
                    {
                        "clue_text": "입력 신호의 크기에 대응하는 트레인 바이어스 전압을 결정하는 새로운 방식은 다음과 같다.",
                        "clue_start": "712",
                        "clue_end": "761"
                    },
                    {
                        "clue_text": "각 드레인 바이어스 천압에 대응하는 입력 전압은 이러한 \\( \\mathrm { AM } - \\mathrm { AM } \\) 및 \\( \\mathrm { AM } - \\mathrm { PM } \\) 특성을 개선하도록 결정한다.",
                        "clue_start": "1078",
                        "clue_end": "1202"
                    },
                    {
                        "clue_text": "본 연구에서 제안된 바이어스 기법이 \\( \\mathrm { W } \\)-CDMA 기지국용 전력 증폭기의 효율과 선형성 특성에 어떠한 영향을 미치는 지 살펴보기 위하여, 여러 가지 바이어스 기법에 대하여 시뮬레이션을 수행하였다.",
                        "clue_start": "1597",
                        "clue_end": "1723"
                    }
                ],
                "terminology": [
                    {
                        "word": "AM"
                    },
                    {
                        "word": "PM"
                    },
                    {
                        "word": "envelope"
                    },
                    {
                        "word": "envelope tracking"
                    },
                    {
                        "word": "envelope tracking 전력 증폭기"
                    },
                    {
                        "word": "tracking"
                    },
                    {
                        "word": "게이트 바이어스"
                    },
                    {
                        "word": "드레인 바이어스"
                    },
                    {
                        "word": "드레인 바이어스 전압"
                    },
                    {
                        "word": "매핑"
                    },
                    {
                        "word": "문턱전압"
                    },
                    {
                        "word": "바이어스"
                    },
                    {
                        "word": "바이어스 기법"
                    },
                    {
                        "word": "바이어스 전압"
                    },
                    {
                        "word": "선형성"
                    },
                    {
                        "word": "선형적"
                    },
                    {
                        "word": "위상"
                    },
                    {
                        "word": "전력 증폭기"
                    },
                    {
                        "word": "증폭기"
                    },
                    {
                        "word": "트랜지스터"
                    },
                    {
                        "word": "트레인 바이어스 전압"
                    }
                ]
            },
            {
                "context_id": "55e-0c9-merge_2_31a7cd33-05eb2e1a-696c-4c80-944d-af5070d49538_06",
                "context_K-NSCC": {
                    "field": "인공물",
                    "large_category": "EE",
                    "medium_category": "04"
                },
                "context": "<h2>2. 바이어스 기법에 따른 톡성 비교</h2> <p>그림 10 은 위의 시뮬레이션 기법을 이용하여 해석된 바이어스 기법에 따른 \\( \\mathrm { AM } - \\mathrm { AM } \\) 툭성을 보여준다. 전압 이득 \\( \\left ( \\left |V_ { o } / V_ { i } \\right | \\right ) \\) 을 입력 신호의 크기 \\( \\left ( \\left |V_ { i } \\right | \\right ) \\) 에 따라 나타낸 그림인데, 직선일수록 우수한 선형성을 의미한다. 드레인 바이어스 전압이 \\( 28 \\mathrm { ~V } \\) 로 고정된 1 번의 경우 (그림</p> <p>10 (a)) 입력 신호의 크기에 따라 일정한 전압 이득을 가지다가 입력신호가 커지면 이득이 감소하는 경향을 보인다. 그림 10 (b)에 나타난 기존 envelope tracking 바이어스 기법(2번)에서는 입력신호의 크기가 작은 경우 트랜지스터의 전압이득이 급격히 감소한다. 이는 AM-AM 왜곡이 심각해짐을 의미한다. 이러한 문제점을 해결하기 위하여 제안된 3 번(그림 10 (c)), 4번 기법 (그림 \\( 10( \\mathrm { ~d } )) \\) 은 입력 신호가 작을 때 이득이 줄어드는 현상이 크게 개선되었다. 제안된 4 번 바이어스 기법이 \\( \\mathrm { AM } - \\mathrm { AM } \\) 왜곡이 가장 작은 것을 확인할 수 있다.</p> <p>그림 11은 AM-PM 특성을 보여준다. 기존 envelope tracking 전럭 증폭기는 드레인 바이어스 전압에 따른 트랜지스터의 특성 변화로 인하여 AM-PM 특성이 class \\( \\mathrm { AB } \\) 선력 중폭기에 비하여 급격이 나빠진다(그림 11 (a)와 그림 11 (b)의 비교). 제안된 3 번, 4번 바이어스 기법은 이러한 \\( \\mathrm { AM } - \\mathrm { PM } \\) 특성 저하를 크게 개선시킬 수 있으며, 4 번이 가장 우수한 \\( \\mathrm { AM } - \\mathrm { PM } \\) 특성을 가지는 것을 알 수 있다. 이는 위상 변화가 작도록 드레인 바이어스 전압을 결정했기 때문이다.</p> <p>그림 12 는 바이어스 기법에 따른 전력 중폭기의 출력 스펙트럼을 보여주고 있다. 바이어스 기법 1(그림 12 (a))을 바이어스 기법 2 로 바꾸면 spectral re-growth가 중가하고, 제안된 바이어스 기법 3,4 는 이를 다시 개선시키는 것을 보여준다. 그림 12 (d)의 바이어스 기법 4가 spectral re-growth 특성이 가장 우수하다는 것을 알 수 있다.</p>",
                "context_length": 1312,
                "summary": "바이어스 기법에 따른 톡성 비교은 시뮬레이션 기법을 사용해 AM−AM 툭성을 잘 보여준다. 전압이득과 입력 신호의 크기를 요소로 하는 그림이 직선형태에 가까울 수록 우수한 경향을 보여준다. 특히 입력신호가 일정한 크기의 값을 가지다가 값이 커지게 되면 이득이 감소하는 것을 보여준다. 기존의 envelope tracking 바이어스 기법은 입력신호가 작으면 트랜지스터 전압이득이 감소하는 것을 모여준다.",
                "clue": [
                    {
                        "clue_text": "전압 이득 \\( \\left ( \\left |V_ { o } / V_ { i } \\right | \\right ) \\) 을 입력 신호의 크기 \\( \\left ( \\left |V_ { i } \\right | \\right ) \\) 에 따라 나타낸 그림인데, 직선일수록 우수한 선형성을 의미한다.",
                        "clue_start": "123",
                        "clue_end": "283"
                    },
                    {
                        "clue_text": "10 (a)) 입력 신호의 크기에 따라 일정한 전압 이득을 가지다가 입력신호가 커지면 이득이 감소하는 경향을 보인다.",
                        "clue_start": "346",
                        "clue_end": "411"
                    },
                    {
                        "clue_text": "그림 10 (b)에 나타난 기존 envelope tracking 바이어스 기법(2번)에서는 입력신호의 크기가 작은 경우 트랜지스터의 전압이득이 급격히 감소한다.",
                        "clue_start": "412",
                        "clue_end": "501"
                    },
                    {
                        "clue_text": "이는 AM-AM 왜곡이 심각해짐을 의미한다. 이러한 문제점을 해결하기 위하여 제안된 3 번(그림 10 (c)), 4번 기법 (그림 \\( 10( \\mathrm { ~d } )) \\) 은 입력 신호가 작을 때 이득이 줄어드는 현상이 크게 개선되었다.",
                        "clue_start": "502",
                        "clue_end": "639"
                    },
                    {
                        "clue_text": "그림 11은 AM-PM 특성을 보여준다. 기존 envelope tracking 전럭 증폭기는 드레인 바이어스 전압에 따른 트랜지스터의 특성 변화로 인하여 AM-PM 특성이 class \\( \\mathrm { AB } \\) 선력 중폭기에 비하여 급격이 나빠진다(그림 11 (a)와 그림 11 (b)의 비교).",
                        "clue_start": "725",
                        "clue_end": "895"
                    }
                ],
                "terminology": [
                    {
                        "word": "AM"
                    },
                    {
                        "word": "AM-AM"
                    },
                    {
                        "word": "AM-PM"
                    },
                    {
                        "word": "PM"
                    },
                    {
                        "word": "class"
                    },
                    {
                        "word": "envelope"
                    },
                    {
                        "word": "envelope tracking"
                    },
                    {
                        "word": "spectral re-growth"
                    },
                    {
                        "word": "tracking"
                    },
                    {
                        "word": "드레인 바이어스"
                    },
                    {
                        "word": "드레인 바이어스 전압"
                    },
                    {
                        "word": "바이어스"
                    },
                    {
                        "word": "바이어스 기법"
                    },
                    {
                        "word": "바이어스 전압"
                    },
                    {
                        "word": "선력"
                    },
                    {
                        "word": "선형성"
                    },
                    {
                        "word": "스펙트럼"
                    },
                    {
                        "word": "시뮬레이션"
                    },
                    {
                        "word": "위상"
                    },
                    {
                        "word": "입력 신호"
                    },
                    {
                        "word": "전력 중폭기"
                    },
                    {
                        "word": "전압이득"
                    },
                    {
                        "word": "증폭기"
                    },
                    {
                        "word": "출력 스펙트럼"
                    },
                    {
                        "word": "트랜지스터"
                    }
                ]
            },
            {
                "context_id": "55e-0c9-e3edc22d-0dc9-40a8-b0bc-61a8507d91b5",
                "context_K-NSCC": {
                    "field": "인공물",
                    "large_category": "EE",
                    "medium_category": "04"
                },
                "context": "<h1>III. 모 의 실 험</h1> <h2>1. Envelope tracking 전력 증폭기 시뮬레이션</h2> <p>Envelope tracking 전력 중폭기 시뮬레이션을 위해서는 \\( \\mathrm{RF} \\) 입력 신호의 envelope 성분 및 기저대역 (baseband)에서의 신호 처리가 필요하며, \\( \\mathrm{RF} \\) 전력 증폭기의 특성 해석을 위해서 아날로그 시뮬레이션을 수행해야 한다. 따라서, 디지털과 아날로그 두 영역에서의 시뮬레이션(co-simulation)이 필요하다. 본 연구에서는 Agilent사의 ADS(advanced design system)에 구현되어 있는 pTolemy 기능으로 co-simulation을 수행하였다. \\( \\mathrm{RF} \\) 전력 증폭기 외부의 신호 처리는 디지털 영역에서 해석하고, 전력 증폭기 내부는 아날로그 시뮬레이션인 envelope analysis를 통해 해석한다.</p> <p>그림 8은 이러한 \\( \\mathrm{ADS} \\) 에 구현한 \\( \\mathrm{W} \\)-CDMA envelope tracking 전력 증폭기 시뮬레이션 셋업을 나타낸다. \\( \\mathrm{ADS} \\) 는 여러 가지 형태의 W-CDMA 신호롤 생성해 주는데, 그 중 본 연구에서는 test model 1을 사용하였다. 이 입력 신호의 크기롤 추출하기 위하여 W-CDMA 신호에서 기저대역, 즉, \\( \\mathrm{I} \\) 와 \\( \\mathrm{Q} \\) 신호를 추출한 다음(그림 8 에서 TimedToCx) 이를 크기(magnitude)와 위상 (phase) 신호로 변환한다.(그림 8에서 CxToPolar)</p> <p>Test model 1은 1 slot time \\( (667 \\mu \\mathrm{S}) \\) 동안 시뮬레이션 했을 때 PAR(peak-to-average power ratio)이 \\( 10.28 \\) \\( \\mathrm{dB} \\) 였다. 이렇게 큰 PAR은 전력 증폭기의 효율과 선형성을 저하시킨다. 이 문제를 해결하기 위해 PAR를 인위적으로 감소시키는 crest factor reduction (CFR) 기법이 많이 사용한다. 그림 8 에서는 간단하게 상한 리미터(upper limiter)를 이용하여 \\( 7.6 \\mathrm{~dB} \\) 의 PAR를 갖도록 \\( \\mathrm{CFR} \\) 을 구현하였다. 그리고, \\( \\mathrm{W}-\\mathrm{CDMA} \\) 신호의 최소 크기는 0이므로 envelope tracking에서 드레인 바이어스 전압이 0이 될 수 도 있다. 하지만, 이 전압에서 트랜지스터의 이득이 0 이 되므로, 이를 방지하기 위해서 하한 리미터(lower limiter)를 사용하였다. \\( V_{D D \\min } \\) 도 이 하한 리미터에 의해서 결정된다.</p> <p>그림 7에 제시된 각 바이어스 기법은 envelope 증폭기의 출력을 \\( \\left|V_{i}\\right| \\) 에 대한 함수로 표현하여 구현한다. 이 출력을 시간영역 신호를 바꾸어(그림 8에서 FloatToTimed) 설계된 class \\( \\mathrm{AB} \\) 전력 증폭기의 드레인에 입력하여 \\( V_{D D} \\) 를 변화시킨다.</p> <p>\\( \\mathrm{W} \\)-CDMA 신호원의 출력 전력은 편의상 \\( 20 \\mathrm{dBm} \\) 으로 고정되어 있다. 이 신호를 \\( \\mathrm{CFR} \\) 기법으로 PAR을 감소시킨 다음 이롤 위상 정보와 결합하여 \\( \\mathrm{I} / \\mathrm{Q} \\) 신호로 바꾸고, 중심주파수 \\( 2.14 \\mathrm{GHz} \\) 의 시간영역 신호로 변환하여 class \\( \\mathrm{AB} \\mathrm{RF} \\) 전력증폭기 입력에 인가한다. \\( \\mathrm{RF} \\) 전력증폭기 입력전력은 모든 시뮬레이션에서 \\( 33.9 \\mathrm{dBm} \\) 으로 고정하였다. 사용된 \\( \\mathrm{W}-\\mathrm{CDMA} \\) 신호의 중심 주파수는 \\( 2.14 \\mathrm{GHz} \\), 칩당 샘플 개수는 8,1 slot 당 칩 수는 2560개, symbol rate는 \\( 3.84 \\mathrm{MHz} \\) 이다.</p> <p>그림 9 는 \\( \\mathrm{ADS} \\) pTolemy 시뮬레이션을 수행하여 얻은 드레인에서의 바이어스 전압과 envelope 신호의 파형을 보여주고 있다. Envelope이 클 때는 드레인 바이어스 전압이 높고 envelope이 작을 때는 드레인 바이어스 전압이 낮은 것을 확인할 수 있다. 그리고, 두 신호가 시간축에서 잘 정렬되어 있어 이로 인한 신호 왜곡은 무시할 수 있다.</p>",
                "context_length": 2322,
                "summary": "Envelope tracking 전력 중폭기 시뮬레이션을 위해서는 \\( \\mathrm{RF} \\) 입력 신호의 envelope 성분 및 기저대역에서의 신호 처리가 필요하며, \\( \\mathrm{RF} \\) 전력 증폭기의 특성 해석을 위해서 디지털과 아날로그 두 영역에서의 시뮬레이션(co-simulation)이 필요하다. 본 연구에서는 Agilent사의 ADS에 구현되어 있는 pTolemy 기능으로 co-simulation을 수행하였고, \\( \\mathrm{RF} \\) 전력 증폭기 외부의 신호 처리는 디지털 영역으로, 전력 증폭기 내부는 아날로그 시뮬레이션으로 해석한다.",
                "clue": [
                    {
                        "clue_text": "Envelope tracking 전력 중폭기 시뮬레이션을 위해서는 \\( \\mathrm{RF} \\) 입력 신호의 envelope 성분 및 기저대역 (baseband)에서의 신호 처리가 필요하며, \\( \\mathrm{RF} \\) 전력 증폭기의 특성 해석을 위해서 아날로그 시뮬레이션을 수행해야 한다.",
                        "clue_start": "68",
                        "clue_end": "233"
                    },
                    {
                        "clue_text": "따라서, 디지털과 아날로그 두 영역에서의 시뮬레이션(co-simulation)이 필요하다.",
                        "clue_start": "234",
                        "clue_end": "284"
                    },
                    {
                        "clue_text": "본 연구에서는 Agilent사의 ADS(advanced design system)에 구현되어 있는 pTolemy 기능으로 co-simulation을 수행하였다.",
                        "clue_start": "285",
                        "clue_end": "374"
                    },
                    {
                        "clue_text": "\\( \\mathrm{RF} \\) 전력 증폭기 외부의 신호 처리는 디지털 영역에서 해석하고, 전력 증폭기 내부는 아날로그 시뮬레이션인 envelope analysis를 통해 해석한다.",
                        "clue_start": "375",
                        "clue_end": "476"
                    }
                ],
                "terminology": [
                    {
                        "word": "ADS"
                    },
                    {
                        "word": "ADS(advanced design system)"
                    },
                    {
                        "word": "Envelope tracking"
                    },
                    {
                        "word": "Envelope tracking 전력 증폭기"
                    },
                    {
                        "word": "PAR"
                    },
                    {
                        "word": "W-CDMA"
                    },
                    {
                        "word": "class"
                    },
                    {
                        "word": "co-simulation"
                    },
                    {
                        "word": "crest"
                    },
                    {
                        "word": "crest factor"
                    },
                    {
                        "word": "envelope"
                    },
                    {
                        "word": "limiter"
                    },
                    {
                        "word": "peak-to-average power ratio"
                    },
                    {
                        "word": "power"
                    },
                    {
                        "word": "slot"
                    },
                    {
                        "word": "symbol"
                    },
                    {
                        "word": "tracking"
                    },
                    {
                        "word": "기저대역"
                    },
                    {
                        "word": "기저대역 (baseband)"
                    },
                    {
                        "word": "드레인 바이어스"
                    },
                    {
                        "word": "드레인 바이어스 전압"
                    },
                    {
                        "word": "리미터"
                    },
                    {
                        "word": "바이어스"
                    },
                    {
                        "word": "바이어스 기법"
                    },
                    {
                        "word": "바이어스 전압"
                    },
                    {
                        "word": "상한 리미터(upper limiter)"
                    },
                    {
                        "word": "선형성"
                    },
                    {
                        "word": "시뮬레이션"
                    },
                    {
                        "word": "신호 왜곡"
                    },
                    {
                        "word": "위상"
                    },
                    {
                        "word": "위상 (phase)"
                    },
                    {
                        "word": "전력 증폭기 시뮬레이션"
                    },
                    {
                        "word": "전력증폭기"
                    },
                    {
                        "word": "주파수"
                    },
                    {
                        "word": "중심주파수"
                    },
                    {
                        "word": "증폭기"
                    },
                    {
                        "word": "출력 전력"
                    },
                    {
                        "word": "크기(magnitude)"
                    },
                    {
                        "word": "트랜지스터"
                    },
                    {
                        "word": "특성 해석"
                    },
                    {
                        "word": "파형"
                    },
                    {
                        "word": "하한 리미터(lower limiter)"
                    },
                    {
                        "word": "함수"
                    }
                ]
            }
        ]
    }
}