{
    "dataset_info": {
        "identifier": "02-031-002-NL",
        "name": "기술과학 문서 요약 데이터",
        "category": "자연어",
        "last_updated": "2023-08-30"
    },
    "dataset": {
        "doc_id": "31a7cd33-35bcfeda-bd4d-48a3-9e34-33202ffcd22a",
        "doc_type": "논문",
        "doc_title": {
            "kor": "인지 무선 시스템을 위한 채널 집합 관리기의 개발 및 성능 분석",
            "eng": ""
        },
        "doc_category": {
            "KDC": "560.5",
            "DDC": ""
        },
        "doc_number": {
            "ISSN": "2287-5026",
            "ISBN": "",
            "DOI": "",
            "UCI": ""
        },
        "doc_year": "2008",
        "doc_author": [
            "박창현",
            "송명선"
        ],
        "doc_publisher": "대한전자공학회",
        "doc_license": "CC BY-NC",
        "context_info": [
            {
                "context_id": "55e-0c9-merge_ee_31a7cd33-35bcfeda-bd4d-48a3-9e34-33202ffcd22a_02",
                "context_K-NSCC": {
                    "field": "인공물",
                    "large_category": "EE",
                    "medium_category": "01"
                },
                "context": "<h1>Ⅲ. 채널 집합 관리기의 구조 및 기능</h1> <h2>1. 채널 집합 관리기(CSM:Channel Set Manager)의 구조 및 절차</h2> <p>본 논문에서 제안하는 CSM의 구조는 그림 1 과 같다. CSM은 채널 상태 예측기(Channel state predictor:CSP), 채널 품질 평가기(channel quality evaluator), 유휴 유지 시간 추정기(vacancy holding time estimator), IU 출현 확률 계산기(IU occurrence prob. Calculator), 채널 집합 관리기(channel set manager)로 구성되어 있다. CSM은 스펙트럼 센싱 결과를 갖고 있는 MAC 계층으로부터 채널 점유 상태에 대한 정보를 받아 비어있는 채널들의 목록을 얻게 된다. 그리고 무선 환경 지도(Radio Environment Map:REM)로부터 과거 기록을 받는 것으로부터 CSM의 기능이 시작 된다. 과거 기록으로부터 현재 상태까지 채널에 IU의 출현 패턴을 읽어 들여 다음 순간에도 채널이 빌 것인지 그 확률이 어느 정도인지 추정한 결과와 해당 채널들의 신호 대 잡음비(SNR) 기록을 바탕으로 현재 시간에서의 채널 품질을 평가한 결과 그리고 특정 채널이 빈 경우에 어느 정도 시간 동안 비었는지에 대한 추정결과 등을 가중합하여 채널들에 대한 순위를 부여하게 된다.</p> <h2>2. CSM의 기능들</h2> <p>CSM은 채널 상태에 대해 평가한 여러 결과들을 취합하여 최종 결정을 하는 기능을 수행한다. CSM에는 아래의 기능들이 포함되어 있다.</p> <h3>가. HMM 기반 채널 상태 예측기(CSP)</h3> <p>CSP는 채널의 과거 기록을 이용하여 주 사용자의 출현 패턴으로부터 다음 상태를 추정한다. 다음 상태를 추정하기 위해 일반적으로 시계열적인 패턴 인식에 많이 사용되는 HMM을 사용하였다.</p> <p>(1) Hidden Markov Model</p> <p>HMM에는 이름에서 나타내는 바와 같이 숨겨진 것이 있고, 관찰할 수 있는 것이 있다. 숨겨진 것을 은닉 상태(Hidden state)라 하고 관찰할 수 있는 것을 관찰 가능한 심볼(observable symbol)이라고 한다. 은닉 상태는 관찰 가능 심볼과 확률적으로 관련이 있어서 특정 은닉 상태에서 특정 심볼이 나올 확률을 출력 심벌 확률 \\( b_ { j } (k) \\) 로 표시한다. 그리고 은닉 상태들 간에도 서로 천이확률이 존재하는데 그것을 \\( a_ { i j } \\) 라고 표시한다. 이 은닉 상태들이 초기에 발생할 확률은 \\( \\pi_ { i } \\) 로 표시한다. 이러한 기본 지식을 바탕으로 구조간의 연결 관계를 설명을 하면, 먼저 입력부에서는 관찰 가능 심볼들을 모두 입력 받는다. 이때 관찰 가능 심볼들이 출력된 은닉 상태는 어떤 것인지 알 수 없는 상태이고, 어떤 은닉 상태에서 관측된 심벌들이 출력된 건지 알아내는 것은 HMM의 문제 중 하나로 필요하다면 이걸 풀 수도 있다. 이렇게 입력부에서 받은 심벌들의 열로부터 학습부에서는 바움-웰치 알고리즘을 이용하여 학습을 하는데, 여기서 학습의 의미는 관측된 심벌이 나올 확률을 제일 크게 해주는 \\( \\lambda = (A, B, \\pi) \\) 를 찾는 것이다. 바움-웰치 알고리즘에서는 입력된 심벌들을 이용해서 천이확률, 출력 심벌확률, 초기상태확률들을 추정을 하는 데, 이렇게 추정된 값으로 likelihood 값을 계산해 보고 likelihood 값이 높아질 때까지 이전의 값을 이용해서 수정, 반복 하여 최적의 HMM 파라미터인 \\( \\lambda=(A, B, \\pi) \\) 를 찾게 된다. 이 파라미터를 찾게 되면 예측부에서는 발생할 수 있는 심벌들 모두에 대해 전향 알고리즘을 이용하여 likelihood 값을 구해보고 그 중 가장 높은 값을 갖는 심벌을 최종 결과 값으로 결정한다. 결정부에서는 예측부에서 받은 모든 가능한 심벌들에 대한 확률 값들을 이용하여 최댓값을 찾아 결정하는 기능만을 수행한다. 전향 알고리즘은 모델 파라미터가 주어졌을 때 어떤 시간에서의 상태가 i 이고 관측된 심벌 열이 나올 확률을 의미한다.</p>",
                "context_length": 2054,
                "summary": "본 논문에서는 채널 상태 예측기, 채널 품질 평가기, 유휴 유지 시간 추정기, IU 출현 확률 계산기, 채널 집합 관리기로 구성된 CSM을 제안한다. CSP는 채널의 과거 기록을 이용하여 주 사용자의 출현 패턴으로부터 다음 상태를 추정하기 위해 시계열적인 패턴 인식에 많이 사용되는 HMM을 사용했다. HMM에는 숨겨진 은닉 상태와, 관찰할 수 있는 관찰 가능한 심볼이 존재한다.",
                "clue": [
                    {
                        "clue_text": "본 논문에서 제안하는 CSM의 구조는 그림 1 과 같다.",
                        "clue_start": "90",
                        "clue_end": "121"
                    },
                    {
                        "clue_text": "CSM은 채널 상태 예측기(Channel state predictor:CSP), 채널 품질 평가기(channel quality evaluator), 유휴 유지 시간 추정기(vacancy holding time estimator), IU 출현 확률 계산기(IU occurrence prob. Calculator), 채널 집합 관리기(channel set manager)로 구성되어 있다.",
                        "clue_start": "122",
                        "clue_end": "337"
                    },
                    {
                        "clue_text": "CSP는 채널의 과거 기록을 이용하여 주 사용자의 출현 패턴으로부터 다음 상태를 추정한다.",
                        "clue_start": "839",
                        "clue_end": "889"
                    },
                    {
                        "clue_text": "다음 상태를 추정하기 위해 일반적으로 시계열적인 패턴 인식에 많이 사용되는 HMM을 사용하였다.",
                        "clue_start": "890",
                        "clue_end": "943"
                    },
                    {
                        "clue_text": "숨겨진 것을 은닉 상태(Hidden state)라 하고 관찰할 수 있는 것을 관찰 가능한 심볼(observable symbol)이라고 한다.",
                        "clue_start": "1031",
                        "clue_end": "1109"
                    }
                ],
                "terminology": [
                    {
                        "word": "CSM"
                    },
                    {
                        "word": "CSP"
                    },
                    {
                        "word": "HMM"
                    },
                    {
                        "word": "Hidden Markov Model"
                    },
                    {
                        "word": "IU"
                    },
                    {
                        "word": "MAC"
                    },
                    {
                        "word": "MAC 계층"
                    },
                    {
                        "word": "Markov Model"
                    },
                    {
                        "word": "likelihood"
                    },
                    {
                        "word": "likelihood 값"
                    },
                    {
                        "word": "symbol"
                    },
                    {
                        "word": "가중합"
                    },
                    {
                        "word": "결정부"
                    },
                    {
                        "word": "관찰 가능한 심볼(observable symbol)"
                    },
                    {
                        "word": "모델 파라미터"
                    },
                    {
                        "word": "바움-웰치 알고리즘"
                    },
                    {
                        "word": "스펙트럼"
                    },
                    {
                        "word": "스펙트럼 센싱"
                    },
                    {
                        "word": "스펙트럼 센싱 결과"
                    },
                    {
                        "word": "신호 대 잡음비"
                    },
                    {
                        "word": "신호 대 잡음비(SNR)"
                    },
                    {
                        "word": "알고리즘"
                    },
                    {
                        "word": "유휴"
                    },
                    {
                        "word": "은닉 상태(Hidden state)"
                    },
                    {
                        "word": "전향 알고리즘"
                    },
                    {
                        "word": "채널 점유"
                    },
                    {
                        "word": "채널 집합 관리기"
                    },
                    {
                        "word": "채널 집합 관리기(channel set manager)"
                    },
                    {
                        "word": "채널 품질"
                    },
                    {
                        "word": "천이확률"
                    },
                    {
                        "word": "추정기"
                    },
                    {
                        "word": "출력 심벌 확률"
                    },
                    {
                        "word": "파라미터"
                    },
                    {
                        "word": "패턴 인식"
                    },
                    {
                        "word": "학습부"
                    }
                ]
            },
            {
                "context_id": "55e-0c9-merge_ee_31a7cd33-35bcfeda-bd4d-48a3-9e34-33202ffcd22a_00",
                "context_K-NSCC": {
                    "field": "인공물",
                    "large_category": "EE",
                    "medium_category": "01"
                },
                "context": "<h1>요 약</h1> <p>인지 무선(Cognitive Radio : CR) 시스템의 개발은 Mitola 가 제안한 개념의 완전 인지 무선(Full Cognitive Radio)시스템과 현재 표준화 논의가 진행 중인 스펙트럼 인지무선 시스템의 두 가지 방향으로 이루어지고 있다. 본 논문은 스펙트럼 인지무선 시스템을 위한 인지 엔진(Cognitive Engine: CE)을 개발 하고 인지 엔진의 핵심 기능인 채널 집합 관리 알고리즘에 대한 가상 실험을 통해 성능 분석을 하였다. 채널 집합 관리는 과거의 채널 점유 기록을 기반으로 CR 시스템의 이동 가능 채널들 중 채널 품질 및 유휴 가능성이 높은 채널을 평가하고 결정하는 기능을 수행한다. 이를 위한 핵심 기능이 채널 상태 예측이고 본 논문에서는 채널 상태 예측을 위해 은닉 마르코프 모델HMM의 활용을 제안하였으며 HMM 기반의 채널 상태 예측 성능을 향상 시킬 방법을 제안 및 적용하여 가상 실험을 하였다. 가상 실험 결과 채널 상태 예촉 성능의 향상을 확인하였고 난수 선택 방법(Random Selection), 통계적 선택 방법(Statistical Selection) 과의 성능 비교를 통해 본 논문에서 제안한 방법의 우월성을 검증하였다.</p> <h1>Ⅰ. 서 론</h1> <p>무선 통신 시스템이 급속도로 발전함에 따라 주파수의 부족 현상이 발생하고 있다. 개인용 근거리 무선기기들은 대부분 비 허가 공용 주파수 대역을 사용하고 있으며, 허가 없이 사용하는 주파수 대역은 한정되어 있다. 게다가 나머지 부분들은 거의 다른 용도로 할당 되어 있는 상황이다. 제한된 자원을 효율적으로 관리 하기 위한 무선 통신시스템으로 Mitola가 제안한 인지 무선 시스템에 대한 연구 및 관련 표준화 작업이 진행되고 있다. 그런데 인지 무선의 개념은 Mitola가 최초 에 제안한 것과 현재 표준화 작업이 진행되고 있는 것에 차이가 있다. Mitola의 일명 완전 인지 무선 시스템은 유비쿼터스 컴퓨팅에 인지적으로 무선 시스템이 동작한다는 아이디어가 포함된 것과 비슷하다. 그와 달리, 현재 활발히 연구 및 표준화가 진행되고 있는 스펙트럼 인지 무선 시스템은 주파수 점유 상태를 센싱하여 미사용 채널을 활용함으로써 주파수 이용효율을 높이는 개념이다. 본 논문은 이 스펙트럼 인지 무선 시스템을 위한 인지 알고리즘의 제안 및 실험 결과의 제시를 목 표로 하고 다음과 같이 구성되었다. Ⅰ장에서는 본 논문이 다루는 분야 및 다루는 내용에 대한 소개를 하였고 Ⅱ장은 관련 연구들에 대해 정리를 하였으며 Ⅲ장에서는 채널 집합 관리기의 구조 및 기능을 Ⅳ장에서는 시뮬레이션 결과를 Ⅴ장에서는 결론을 다루었다.</p>",
                "context_length": 1321,
                "summary": "무선 통신 시스템의 발전에 따른 주파수 부족 현상을 해결하기 위해, Mitola가 제안한 스펙트럼 인지 무선 시스템에 대한 연구 및 표준화 작업이 진행되고 있다. 이 논문에서는 인지 엔진을 개발하고 채널 집합 관리 알고리즘의 성능을 가상 실험을 통해 분석하였다. 또한, 다른 채널 선택 방법과 비교하여 본 논문에서 제안한 방법의 우월성을 입증하였다.",
                "clue": [
                    {
                        "clue_text": "무선 통신 시스템이 급속도로 발전함에 따라 주파수의 부족 현상이 발생하고 있다.",
                        "clue_start": "642",
                        "clue_end": "686"
                    },
                    {
                        "clue_text": "제한된 자원을 효율적으로 관리 하기 위한 무선 통신시스템으로 Mitola가 제안한 인지 무선 시스템에 대한 연구 및 관련 표준화 작업이 진행되고 있다.",
                        "clue_start": "798",
                        "clue_end": "882"
                    },
                    {
                        "clue_text": "본 논문은 스펙트럼 인지무선 시스템을 위한 인지 엔진(Cognitive Engine: CE)을 개발 하고 인지 엔진의 핵심 기능인 채널 집합 관리 알고리즘에 대한 가상 실험을 통해 성능 분석을 하였다.",
                        "clue_start": "157",
                        "clue_end": "269"
                    },
                    {
                        "clue_text": "가상 실험 결과 채널 상태 예촉 성능의 향상을 확인하였고 난수 선택 방법(Random Selection), 통계적 선택 방법(Statistical Selection) 과의 성능 비교를 통해 본 논문에서 제안한 방법의 우월성을 검증하였다.",
                        "clue_start": "486",
                        "clue_end": "618"
                    }
                ],
                "terminology": [
                    {
                        "word": "CE"
                    },
                    {
                        "word": "CR"
                    },
                    {
                        "word": "CR 시스템"
                    },
                    {
                        "word": "Cognitive Radio"
                    },
                    {
                        "word": "HMM"
                    },
                    {
                        "word": "Selection"
                    },
                    {
                        "word": "스펙트럼"
                    },
                    {
                        "word": "스펙트럼 인지무선 시스템"
                    },
                    {
                        "word": "시뮬레이션"
                    },
                    {
                        "word": "알고리즘"
                    },
                    {
                        "word": "유비쿼터스 컴퓨팅"
                    },
                    {
                        "word": "유휴"
                    },
                    {
                        "word": "은닉 마르코프"
                    },
                    {
                        "word": "은닉 마르코프 모델HMM"
                    },
                    {
                        "word": "인지 무선 시스템"
                    },
                    {
                        "word": "인지 무선(Cognitive Radio : CR)"
                    },
                    {
                        "word": "인지 엔진"
                    },
                    {
                        "word": "인지무선"
                    },
                    {
                        "word": "주파수"
                    },
                    {
                        "word": "주파수 대역"
                    },
                    {
                        "word": "채널 점유"
                    },
                    {
                        "word": "채널 집합 관리"
                    },
                    {
                        "word": "채널 집합 관리 알고리즘"
                    },
                    {
                        "word": "채널 집합 관리기"
                    },
                    {
                        "word": "채널 품질"
                    },
                    {
                        "word": "통신시스템"
                    }
                ]
            },
            {
                "context_id": "55e-0c9-merge_ee_31a7cd33-35bcfeda-bd4d-48a3-9e34-33202ffcd22a_05",
                "context_K-NSCC": {
                    "field": "인공물",
                    "large_category": "EE",
                    "medium_category": "01"
                },
                "context": "<h2>1. 테스트 패턴</h2> <p>CSP의 성능 검증을 위한 공식적인 테스트 패턴이 없기 때문에 본 논문에서 그림 3과 같이 다양한 종류의 패턴을 구성하고 아래의 패턴들에 대해 성능 평가를 수행하였다.</p> <ul> <li>노이즈 無: 완전히 주기적인 경우</li> <li>노이즈 有 : 노이즈 無 \\( + \\) 약간의 변형</li> <li>완전패턴: 패턴이 완전히 주어진 경우</li> <li>불완전패턴: 마지막 주기에서 패턴이 불완전하게 주어진 경우</li> <li>균일패턴: 서로 다른 값의 반복 횟수가 동일한 경우</li> <li>불균일패턴: 서로 다른 값의 반복 횟수가 다른 경우</li></ul> <p>위의 패턴들 구성의 기본적인 개념은 예측치의 성패 여부를 확인할 수 있어야 한다는 점이다. 그러므로 패턴 분류에 포함된 패턴들은 노이즈가 있는 경우에도 전체적인 패턴에는 영향을 미치지 않는 정도의 노이즈만을 포함하여 예측 결과의 성패를 결정할 수 있다.</p> <p>그림 4는 2번의 Off와 4번의 On이 반복되는 패턴인데 가운데(10시)에서 원래 패턴인 On이 아니라 Off가 기록된 노이즈가 낀 패턴이다. 이런 경우에는 노이즈가 있긴 하지만 다음 상태 예측하는 데는 문제가 없다.</p> <p>그림 5의 패턴도 기본 패턴은 그림 4와 동일하지만 너무 많은 노이즈가 추가되어 다음 상태의 예측이 불가능한 경우이다. 이런 패턴은 예측이 불가능한 패턴으로 CSP의 성능에 대한 평가에서는 논외로 하겠다.</p> <h2>2. Channel State Prediction 알고리즘들</h2> <p>본 논문에서는 성능 비교를 위해 HMM 기반 CSP 알고리즘 외에 Random Selection(RS)과 Statistical Selection(SS)을 시험하였다. RS는 다음 상태에 대해 난수를 생성하여 0 이면 Off, 1 이면 On (혹은 반대)으로 선택하는 방법이고 Statistical Selection은 HMM 기반의 CSP를 사용하지 않는 경우 흔히 사용될 가능성이 높은 방법인데 과거 기록을 기반으로 출현 확률을 계산하여 그 확률을 기반으로 결정을 하는 방법이다.</p> <h2>3. 시뮬레이션 결과</h2> <p>시뮬레이터의 HMM 파라메터 설정은 다음과 같다.</p> <ul> <li>은닉 상태 개수: 패턴의 길이에 따라 가변</li> <li>출력 심볼 개수: 2</li> <li>종료 조건: Log likelihood \\(< - 0.1 \\)</li> <li>테스트 패턴 개수: \\( 12 + \\) Random 패턴</li> <li>시행 회수: 1000 회</li></ul> <p>그림 6은 테스트 패턴별 HMM 기반 CSP의 성능을 나타낸다. 패턴이 명확하여 예측 가능한 경우와 약간의 노이즈가 포함된 경우에 대해서 거의 \\( 100 \\% \\) 에 가까운 성공률을 보이고 있으며 노이즈가 심하게 포함된 패턴에 대해서는 \\( 80 \\% \\) 이하의 성공률을 보이고 있다. 이 성능과 비교해 그림 7의 그래프는 주기가 2,3 만 되더라도 성능이 \\( 50 \\% \\) 대 이하로 떨어지는 모습을 보이고 있는데 이는 은닉 상태의 개수에 따른 성능의 차이이다. 즉, 그림 7의 그래프는 은닉 상태의 개수를 패턴과 상관없이 고정하여 시험한 경우이고 그림 6의 그래프는 패턴의 길이를 은닉 상태의 개수로 설정하여 시험한 경우이다. 그림 8은 은닉 상태의 개수와 성공률과의 관계를 분석한 결과이다. 패턴의 길이가 5일 때 은닉 상태의 개수 5를 기준으로 그 아래인 경우를 Lower case, 그 이상인 경우를 Upper case라 명명 하였을 때의 결과를 보여주고 있는데 은닉 상태의 개수를 패턴 길이 이상으로 한 경우 성공률이 3배정도 좋다는 것을 보여준다. 그리고 수렴한 Log likelihood(LL)의 값은 성공률의 지표로 사용될 수 있는데, 그 근거는 그림 9로부터 확인 할 수 있다. 그래프를 보면 수렴한 LL값이 0인 경우와 0이 아닌 경우 9배정도의 성능차이가 발생함을 볼 수 있다. 이러한 결과를 바탕으로 은닉 상태의 개수 설정 의 중요성 인식 및 채널 집합 관리시 채널 상태 예측에 대한 신뢰도의 평가지표로 LL의 활용방안을 고려할 수 있을 것이다. 그림 10은 RS, SS, HMM 기반 CSP에 대해 각각 대표 패턴들을 대상으로 성공률 분포를 보인다. RS의 경우 직관적으로 예상되는 바와 같이 모든 종류의 패턴들에 대해 \\( 50 \\% \\) 대에서 수렴하였고 SS의 경우 RS의 경우보다 약간 높긴 하였으나 \\( 60 \\% \\) 이하의 성능을 보이고 있으며 HMM기반 CSP는 Random한 패턴(패턴 無)을 제외하면 약 \\( 90 \\% \\) 정도의 성능을 보이고 있다.</p> <h1>Ⅳ. 결 론</h1> <p>본 논문에서는 CR시스템의 핵심인 채널 점유 상태를 센싱하여 빈 채널을 효율적으로 이동하는 기능을 보조하는 채널 집합 관리기의 설계 방안을 제시하였고 그 중 핵심 기능인 채널 상태 예측기를 설계 및 구현하여 실험 결과를 분석하였다. 그리고 은닉 상태의 개수와 예측 성능의 관계 분석, LL와 성능 관계 분석 등을 통하여 HMM기반 채널 상태 예측기의 성능 향상 방안을 제시하였다. 성능 분석 결과를 토대로 은닉 상태개수 설정을 패턴 길이에 맞춰 수행한 경우 그렇지 않은 경우보다 성능이 좋아지는 것을 확인하였고, 이를 활용하여 RS, SS와 성능을 비교한 경우 다양한 패턴들에 대해 좋은 성능을 보이는 것을 확인할 수 있었다.</p>",
                "context_length": 2683,
                "summary": "본 논문에서는 CR시스템의 핵심인 채널 점유 상태를 센싱하여 빈 채널을 효율적으로 이동하는 기능을 보조하는 채널 집합 관리기의 설계 방안과 채널 상태 예측기를 설계, 구현하였으며 은닉 상태의 개수와 예측 성능의 관계 분석, LL와 성능 관계 분석, 패턴 길이에 따른 상태개수 설정 등을 통하여 HMM기반 채널 상태 예측기의 성능 향상 방안을 제시하고, 다양한 종류의 패턴을 구성하여 RS(Random Selection), SS(Statistical Selection)와 성능을 비교해 좋은 성능을 보이는 것을 확인할 수 있었다.",
                "clue": [
                    {
                        "clue_text": "CSP의 성능 검증을 위한 공식적인 테스트 패턴이 없기 때문에 본 논문에서 그림 3과 같이 다양한 종류의 패턴을 구성하고 아래의 패턴들에 대해 성능 평가를 수행하였다.",
                        "clue_start": "22",
                        "clue_end": "115"
                    },
                    {
                        "clue_text": "본 논문에서는 CR시스템의 핵심인 채널 점유 상태를 센싱하여 빈 채널을 효율적으로 이동하는 기능을 보조하는 채널 집합 관리기의 설계 방안을 제시하였고 그 중 핵심 기능인 채널 상태 예측기를 설계 및 구현하여 실험 결과를 분석하였다.",
                        "clue_start": "2329",
                        "clue_end": "2458"
                    },
                    {
                        "clue_text": "그리고 은닉 상태의 개수와 예측 성능의 관계 분석, LL와 성능 관계 분석 등을 통하여 HMM기반 채널 상태 예측기의 성능 향상 방안을 제시하였다.",
                        "clue_start": "2459",
                        "clue_end": "2541"
                    },
                    {
                        "clue_text": "성능 분석 결과를 토대로 은닉 상태개수 설정을 패턴 길이에 맞춰 수행한 경우 그렇지 않은 경우보다 성능이 좋아지는 것을 확인하였고, 이를 활용하여 RS, SS와 성능을 비교한 경우 다양한 패턴들에 대해 좋은 성능을 보이는 것을 확인할 수 있었다.",
                        "clue_start": "2542",
                        "clue_end": "2679"
                    },
                    {
                        "clue_text": "본 논문에서는 성능 비교를 위해 HMM 기반 CSP 알고리즘 외에 Random Selection(RS)과 Statistical Selection(SS)을 시험하였다.",
                        "clue_start": "791",
                        "clue_end": "883"
                    }
                ],
                "terminology": [
                    {
                        "word": "CR시스템"
                    },
                    {
                        "word": "CSP"
                    },
                    {
                        "word": "CSP 알고리즘"
                    },
                    {
                        "word": "HMM"
                    },
                    {
                        "word": "LL"
                    },
                    {
                        "word": "Prediction"
                    },
                    {
                        "word": "RS"
                    },
                    {
                        "word": "SS"
                    },
                    {
                        "word": "Selection"
                    },
                    {
                        "word": "case"
                    },
                    {
                        "word": "likelihood"
                    },
                    {
                        "word": "가변"
                    },
                    {
                        "word": "노이즈"
                    },
                    {
                        "word": "시뮬레이션"
                    },
                    {
                        "word": "시뮬레이터"
                    },
                    {
                        "word": "신뢰도"
                    },
                    {
                        "word": "알고리즘"
                    },
                    {
                        "word": "은닉 상태"
                    },
                    {
                        "word": "채널 점유"
                    },
                    {
                        "word": "채널 집합 관리기"
                    },
                    {
                        "word": "패턴 분류"
                    }
                ]
            },
            {
                "context_id": "55e-0c9-merge_ee_31a7cd33-35bcfeda-bd4d-48a3-9e34-33202ffcd22a_04",
                "context_K-NSCC": {
                    "field": "인공물",
                    "large_category": "EE",
                    "medium_category": "01"
                },
                "context": "<p>모든 시간에 대해 j상태에 있을 확률들의 총합 중에 j상태면서 그 순간의 출력 심벌이 \\( v_ { k } \\) 인 확률들의 합을 나누어서 j상태에서 심벌 k가 발생할 확률을 추정한다. 위의 과정을 통하여 \\( \\lambda=(A, B, \\pi) \\) 를 구할 수 있다.</p> <h3>나. 채널 품질 추정</h3> <p>채널 품질은 SNR 값으로 평가된다. 즉, 기지국(BS)에서 각 단말기(CPE)로 전송 시 CPE측에서 수신된 SNR 값이 채널 품질인데 실질적으로 현재 순간에 정확한 SNR값을 얻기는 힘들고 단지 CPE측에서 신호를 읽기가 힘들 정도로 채널 품질이 떨어지는 경우에 BS측에 신호의 재전송을 요구하는데 이 신호의 전송으로부터 채널 품질의 좋음과 나쁨을 구분할 수 있다. 특히, 채널 품질은 시공간적으로 변하기 때문에 과거의 기록을 참조하는 경우에도 시공간적으로 동일한 기록들에 대해서 표준편차를 계산하여 채널 상태 예측에 활용하여야 한다. 그리고 WRAN 시스템에서는 시골 지역의 정적인 CPE위치를 가정하고 공간적인 위치는 CPE의 ID로 식별이 가능하므로 채널 품질에 대한 통계를 계산할 때는 (CPE ID, Time, 재전송요청여부)의 형태로 REM으로부터 정보를 읽어서 재전송 요청이 \\( 50 \\% \\) 이상 이고 표준편차가 낮은 경우라면 채널 품질의 점수를 매우 낮게 책정하는 방법으로 후보 집합(candidate set)에서 낮은 순위를 갖도록 유도한다.</p> <h3>다. Channel Vacancy Holding Time 추정</h3> <p>Channel이 다음 순간에 빌 것으로 예측이 된다고 하더라도 바로 그 다음에 IU가 출현한다면 또다시 채널 이동을 해야 하므로 CR은 또다시 옮길 채널을 결정해야 한다. 이런 일이 자주 발생한다면 CR의 부하가 점점 커질 것이고 이는 효율성을 저하시킬 것이기 때문에 다음 순간에 빌 채널이라고 하더라도 비는 시간이 얼마나 오래 유지 될 것인지에 대한 예측이 가능하다면 더욱 효율적인 결정을 내릴 수 있을 것이다. 이를 위해 그림 2 의 식에 의해 채널 유휴 유지 시간 추정 방법을 계산할 수 있다.</p> <h3>라. 주사용자 출현 빈도 추정</h3> <p>이 함수는 CSP의 신뢰성이 낮은 경우에 차선책으로 사용된다. 특정 시간에서의 IU 출현 비율을 다음과 같이 계산하여 채널 집합 순위 결정에 반영한다.</p> <p>Probability for specifictime \\( \\rightarrow \\frac {\\text { PU occurrenc } } {\\text { Total length } } \\)</p> <h1>Ⅲ. 시뮬레이션</h1> <p>채널 집합 관리기 성능 검증을 정확히 하기위해서는 IU의 출현 패턴 모델링이 실제 발생 패턴과 유사해야 하고 CR시스템의 처리 과정 및 소모 시간 등에 대한 정확한 모델링이 시뮬레이터에 갖춰져야 한다. 하지만 이러한 CR시스템에 대한 모델링은 아직 표준이 완료되지 않은 상태에서 구성하기에 어려움이 있고 채널 집합 관리기의 성능 검증에서 핵심은 CSP의 성능 검증에 있으므로 본 논문에서는 CSP의 성능 검증에 초점을 맞추었고 CSP 성능과의 비교를 위해 Random Selection(RS), Statistical Selection(SS)방법을 사용하였다.</p>",
                "context_length": 1627,
                "summary": "채널 품질은 SNR 값으로 평가되는데 기지국에서 단말기로 전송시 단말기에 수신된 현재 순간에 정확한 SNR값을 얻긴 어렵고 단말기에서 신호를 읽기 어렵다면 기지국에 재전송을 요구하는데 이를 통해 품질을 파악할 수 있다. 채널이 빌 것으로 보여도 다음에 IU가 출현하면 채널이동이 필요해 옮긴 채널의 결정이 필요하다.",
                "clue": [
                    {
                        "clue_text": "즉, 기지국(BS)에서 각 단말기(CPE)로 전송 시 CPE측에서 수신된 SNR 값이 채널 품질인데 실질적으로 현재 순간에 정확한 SNR값을 얻기는 힘들고 단지 CPE측에서 신호를 읽기가 힘들 정도로 채널 품질이 떨어지는 경우에 BS측에 신호의 재전송을 요구하는데 이 신호의 전송으로부터 채널 품질의 좋음과 나쁨을 구분할 수 있다.",
                        "clue_start": "204",
                        "clue_end": "389"
                    },
                    {
                        "clue_text": "Channel이 다음 순간에 빌 것으로 예측이 된다고 하더라도 바로 그 다음에 IU가 출현한다면 또다시 채널 이동을 해야 하므로 CR은 또다시 옮길 채널을 결정해야 한다.",
                        "clue_start": "776",
                        "clue_end": "871"
                    }
                ],
                "terminology": [
                    {
                        "word": "CPE"
                    },
                    {
                        "word": "CPE ID, Time, 재전송요청여부"
                    },
                    {
                        "word": "CR"
                    },
                    {
                        "word": "CSP"
                    },
                    {
                        "word": "Channel Vacancy Holding Time"
                    },
                    {
                        "word": "IU"
                    },
                    {
                        "word": "PU"
                    },
                    {
                        "word": "REM"
                    },
                    {
                        "word": "Random Selection(RS)"
                    },
                    {
                        "word": "SNR"
                    },
                    {
                        "word": "SNR 값"
                    },
                    {
                        "word": "Selection"
                    },
                    {
                        "word": "Statistical Selection(SS)"
                    },
                    {
                        "word": "Total length"
                    },
                    {
                        "word": "WRAN"
                    },
                    {
                        "word": "시공간적"
                    },
                    {
                        "word": "시뮬레이션"
                    },
                    {
                        "word": "시뮬레이터"
                    },
                    {
                        "word": "신뢰성"
                    },
                    {
                        "word": "유휴"
                    },
                    {
                        "word": "전송"
                    },
                    {
                        "word": "차선책"
                    },
                    {
                        "word": "채널 집합 관리기"
                    },
                    {
                        "word": "채널 품질"
                    },
                    {
                        "word": "패턴 모델링"
                    },
                    {
                        "word": "표준편차"
                    }
                ]
            },
            {
                "context_id": "55e-0c9-merge_ee_31a7cd33-35bcfeda-bd4d-48a3-9e34-33202ffcd22a_01",
                "context_K-NSCC": {
                    "field": "인공물",
                    "large_category": "EE",
                    "medium_category": "01"
                },
                "context": "<h1>Ⅱ. 관련 연구</h1> <p>인지 무선 시스템을 위한 연구는 크게 하드웨어와 소프트웨어로 나눌 수 있다. 하드웨어 분야에서는 재구성 가능한 플랫폼을 구현하여 소프트웨어적으로 결정된 전파 파라메터들을 동적으로 재설정하여 원활한 동작을 지원하는 것을 목표로 하고 있고 소프트웨어 분야에서 는 인지 무선을 위한 전파 파라메터들의 최적화를 목표로 하는 부분과 동적 채널 선정을 위한 알고리즘 개발을 목표로 하는 부분으로 나뉘어 있다. 또한, 복잡도 측면에서 방법들을 분류할 수 있는데 복잡도가 낮은쪽의 방법으로는 반응적인 인지 무선 방법들(reactive CR algorithms)이 대표적이고 높은쪽에서는 명백한 스펙트럼 에티켓 규정(explicit spectrum etiquette protocol)에 기반한 순향 적인 방법(proactive scheme)들이 대표적이다. 사용 알고리즘 측면에서는 파라메터 최적화를 위해 유전자 알고리즘(GA) 혹은 사례 기반 추론(CBR) 등의 알고리즘들이 제안되었고 동적 채널 선정을 위한 방법으로 주사용자(Incumbent user: U)의 이용 패턴이 주기적이라는 가정 하에 Cyclostationary 방법을 활용 하는 방법이 제안되거나 반응적인 방법으로 power spectral density(PSD)를 기준으로 비어 있는지 확인하고 이동하는 방법이 제안되었다. 반응적인 방법들은 다차원 파라메터들의 자유도가 높은 경우에는 성능에 문제가 없지만 낮은 경우에는 성능의 저하가 심해진다는 단점이 있고 순향적인 알고리즘들은 복잡도가 높으나 자유도가 높은 경우에 반응적인 알고리즘들보다 성 능이 좋다는 장점이 있다. 미 연방 통신 위원회(FCC)에서 조사한 내용에 따르면 현재 주파수 대역의 이용률이 매우 낮기 때문에 반응적인 방법들을 이용해도 만족할 만한 성능을 보일 수 있다. 하지만, CR이 본격적으로 사용되게 되면 유휴 스펙트럼의 비율이 굉장히 낮아 질 것으로 예상되기 때문에 궁극적으로는 복잡도가 높더라도 순향적인 알고리즘을 사용하는 방향으로 갈 가능성이 높다. 순향적인 알고리즘으로 명백한 스펙트럼 에티켓 규정에 기반을 둔 방법들을 언급하였으나 학습이나 진화 같은 소프트 컴퓨팅 알고리즘들에 기반을 둔 방법들 또한 순향적 알고리즘의 범주에 포함될 수 있다. 이러한 순향적인 방법의 적용 예로써 미국 버지니아 공대(VT) 의 MPRG 그룹에서는 전파 파라미터들(UL/DLTx power, UL/DL the number of subcarrier, Modulation/ coding scheme)의 최적값 결정을 위하여 REM-Case Knowledge based Learning 기반을 둔 CE를 제안하였고 VT의 또 다른 연구그룹인 CWT에서 는 유전자 알고리즘에 기반을 두어 전파 기능 파라메터들(payload size, power, coding, coding techniques, encryption, equalization, the number of subcarriers, network protocol, retransmission requests and spreading techniques/code)을 최적화하는 방법을 제안 하였으며 캔사스 대학의 ITTC 또한 유전자 알고리즘 을 이용하여 Tx power, coding rate, frequency, bandwidth, frame size를 최적화하는 방법을 제안하였다. 본 논문에서는 CR의 목적이 유휴 채널을 찾아서 효율적으로 이용하자는 것이기 때문에 유휴 채널들 중 이동하기에 최적인 채널을 판단하는 방법을 제시한다. X.P.Jing은 단지 주사용자의 PSD(Power Spectral Density)를 검출하여 비어있으면 그냥 그 채널로 뛰는 방법에 대해 시뮬레이션 하였고, T.C.Clancy 등은 DSA(Dynamic Spectrum Access)를 위해 채널 점유상태를 예측하고 채널 유휴 시간의 기대 기간(expected length)의 확률을 제공하는 방법을 cyclostationary에 기반하여 제시하고 시뮬레이션 하였다. 그러나 이 방법은 채널 유휴 상태가 주기적인 패턴을 가지는 경우에만 성공적으로 동작하므로 비주기적인 패턴이 포함된 경우에는 성능이 매우 저하될 수 있다는 한계가 있다. 또한, 채널 이동의 요인으로 주사용자의 출현뿐 아니라 채널 품질의 저하(SNR 저하) 또한 한 가지 원인이 될 수 있으므로 채널 품질 또한 채널 관리를 위해 고려해야 한다. 본 논문에서는 채널의 다음 상태 예측을 위해 은닉 마르코프 모델(Hidden Markov Model:HMM)을 이용한 채널 상태 예측기를 설계하였고 채널 집합 관리를 위해 채널 상태 예측기를 포함한 채널 집합 관리기를 설계 및 구현하여 가상 실험을 하였다. 본 논문은 DFS (Dynamic Frequency Selection) 분야에서 단지 다른 채널에 간섭을 일으키지 않는 빈 채널을 할당하던 개념에서 더 오랫동안 더 좋은 품질을 갖는 채널을 선택한다는 개념을 제시하였고 관리 방법 및 각 요소의 가치를 도출하는 방법에 대해 기여하였다. 특히 HMM를 이용하여 채널 상태를 예측하는 방법 및 실험 결과는 최초 제시한 것으로 본 논문의 주요 아이디어이다.</p>",
                "context_length": 2554,
                "summary": "인지 무선 시스템을 위한 연구는 하드웨어와 소프트웨어로 분리할 수 있으며 하드웨어 분야에서는 재구성 가능한 플랫폼을 나타내고 소프트웨어적으로 결정된 전파 파라메터들을 역동적으로 재설정하여 원활한 동작을 지원하는 것을 목표로 하고 있으며 소프트웨어 분야에서는 인지 무선을 위한 전파 파라메터들의 최적화하는 것을 목표로 하는 부분과 동적 채널 선정을 위한 알고리즘 개발을 목표로 한 부분으로 나뉜다. 본 논문에서는 채널의 다음의 상태를 예측하기 위해 은닉 마르코프 모델을 사용한 채널 상태 예측기를 설계하였으며 채널 집합 관리를 위해 채널 상태 예측기를 포함한 채널 집합 관리기를 설계, 구현하여 가상의 모의 실험을 하였다. 본 논문은 DFS 분야에서 다른 채널에 간섭을 발생시키지 않고 비어있는 채널을 할당하던 개념에서 오래 더 좋은 품질을 갖는 채널을 선택하는 개념을 제시하였으며 관리 방법 및 각 요소의 가치를 이끌어내는 방법에 대해 기여하였다.",
                "clue": [
                    {
                        "clue_text": "인지 무선 시스템을 위한 연구는 크게 하드웨어와 소프트웨어로 나눌 수 있다.",
                        "clue_start": "21",
                        "clue_end": "63"
                    },
                    {
                        "clue_text": "하드웨어 분야에서는 재구성 가능한 플랫폼을 구현하여 소프트웨어적으로 결정된 전파 파라메터들을 동적으로 재설정하여 원활한 동작을 지원하는 것을 목표로 하고 있고 소프트웨어 분야에서 는 인지 무선을 위한 전파 파라메터들의 최적화를 목표로 하는 부분과 동적 채널 선정을 위한 알고리즘 개발을 목표로 하는 부분으로 나뉘어 있다.",
                        "clue_start": "64",
                        "clue_end": "243"
                    },
                    {
                        "clue_text": "본 논문에서는 채널의 다음 상태 예측을 위해 은닉 마르코프 모델(Hidden Markov Model:HMM)을 이용한 채널 상태 예측기를 설계하였고 채널 집합 관리를 위해 채널 상태 예측기를 포함한 채널 집합 관리기를 설계 및 구현하여 가상 실험을 하였다.",
                        "clue_start": "2183",
                        "clue_end": "2326"
                    },
                    {
                        "clue_text": "본 논문은 DFS (Dynamic Frequency Selection) 분야에서 단지 다른 채널에 간섭을 일으키지 않는 빈 채널을 할당하던 개념에서 더 오랫동안 더 좋은 품질을 갖는 채널을 선택한다는 개념을 제시하였고 관리 방법 및 각 요소의 가치를 도출하는 방법에 대해 기여하였다.",
                        "clue_start": "2327",
                        "clue_end": "2485"
                    }
                ],
                "terminology": [
                    {
                        "word": "CBR"
                    },
                    {
                        "word": "CE"
                    },
                    {
                        "word": "CR"
                    },
                    {
                        "word": "CWT"
                    },
                    {
                        "word": "Cyclostationary"
                    },
                    {
                        "word": "Cyclostationary 방법"
                    },
                    {
                        "word": "DFS"
                    },
                    {
                        "word": "DSA"
                    },
                    {
                        "word": "DSA(Dynamic Spectrum Access)"
                    },
                    {
                        "word": "FCC"
                    },
                    {
                        "word": "GA"
                    },
                    {
                        "word": "HMM"
                    },
                    {
                        "word": "ITTC"
                    },
                    {
                        "word": "Knowledge"
                    },
                    {
                        "word": "MPRG 그룹"
                    },
                    {
                        "word": "PSD"
                    },
                    {
                        "word": "PSD(Power Spectral Density)"
                    },
                    {
                        "word": "Power"
                    },
                    {
                        "word": "SNR"
                    },
                    {
                        "word": "Selection"
                    },
                    {
                        "word": "Spectrum"
                    },
                    {
                        "word": "Tx"
                    },
                    {
                        "word": "Tx power"
                    },
                    {
                        "word": "VT"
                    },
                    {
                        "word": "X.P.Jing"
                    },
                    {
                        "word": "algorithms"
                    },
                    {
                        "word": "bandwidth"
                    },
                    {
                        "word": "coding"
                    },
                    {
                        "word": "coding rate"
                    },
                    {
                        "word": "encryption"
                    },
                    {
                        "word": "equalization"
                    },
                    {
                        "word": "frame"
                    },
                    {
                        "word": "frame size"
                    },
                    {
                        "word": "network"
                    },
                    {
                        "word": "payload"
                    },
                    {
                        "word": "power spectral density"
                    },
                    {
                        "word": "power spectral density(PSD)"
                    },
                    {
                        "word": "proactive"
                    },
                    {
                        "word": "protocol"
                    },
                    {
                        "word": "reactive"
                    },
                    {
                        "word": "reactive CR algorithms"
                    },
                    {
                        "word": "requests"
                    },
                    {
                        "word": "scheme"
                    },
                    {
                        "word": "spectral density"
                    },
                    {
                        "word": "마르코프 모델"
                    },
                    {
                        "word": "사례 기반 추론"
                    },
                    {
                        "word": "소프트웨어"
                    },
                    {
                        "word": "순향 적인 방법"
                    },
                    {
                        "word": "순향 적인 방법(proactive scheme)"
                    },
                    {
                        "word": "순향적인 알고리즘"
                    },
                    {
                        "word": "스펙트럼"
                    },
                    {
                        "word": "스펙트럼 에티켓 규정"
                    },
                    {
                        "word": "시뮬레이션"
                    },
                    {
                        "word": "알고리즘"
                    },
                    {
                        "word": "유전자"
                    },
                    {
                        "word": "유전자 알고리즘"
                    },
                    {
                        "word": "유휴"
                    },
                    {
                        "word": "유휴 상태"
                    },
                    {
                        "word": "유휴 스펙트럼"
                    },
                    {
                        "word": "유휴 시간"
                    },
                    {
                        "word": "유휴 채널"
                    },
                    {
                        "word": "은닉 마르코프"
                    },
                    {
                        "word": "은닉 마르코프 모델"
                    },
                    {
                        "word": "인지 무선"
                    },
                    {
                        "word": "인지 무선 방법"
                    },
                    {
                        "word": "인지 무선 시스템"
                    },
                    {
                        "word": "전파 기능 파라메터들"
                    },
                    {
                        "word": "전파 파라미터들"
                    },
                    {
                        "word": "주사용자(Incumbent user: U)"
                    },
                    {
                        "word": "주파수"
                    },
                    {
                        "word": "주파수 대역"
                    },
                    {
                        "word": "집합"
                    },
                    {
                        "word": "채널 점유상태"
                    },
                    {
                        "word": "채널 집합 관리"
                    },
                    {
                        "word": "채널 집합 관리기"
                    },
                    {
                        "word": "채널 품질"
                    },
                    {
                        "word": "채널 품질의 저하"
                    },
                    {
                        "word": "추론"
                    },
                    {
                        "word": "하드웨어"
                    }
                ]
            }
        ]
    }
}