{
    "dataset_info": {
        "identifier": "02-031-002-NL",
        "name": "기술과학 문서 요약 데이터",
        "category": "자연어",
        "last_updated": "2023-08-30"
    },
    "dataset": {
        "doc_id": "31a7cd33-22c0f17f-d392-4fdc-9b25-0665696c12da",
        "doc_type": "논문",
        "doc_title": {
            "kor": "Cognitive Relay 네트워크에서 일차 사용자의 Outage 제약 조건 하에서의 이차 사용자의 파워 할당 기법 및 성능 분석",
            "eng": ""
        },
        "doc_category": {
            "KDC": "560.5",
            "DDC": ""
        },
        "doc_number": {
            "ISSN": "2287-5026",
            "ISBN": "",
            "DOI": "",
            "UCI": ""
        },
        "doc_year": "2012",
        "doc_author": [
            "김형종",
            "홍대식"
        ],
        "doc_publisher": "대한전자공학회",
        "doc_license": "CC BY-NC",
        "context_info": [
            {
                "context_id": "55e-0c9-e8d4c34f-8f29-4bd5-8770-d7748b86d4bf",
                "context_K-NSCC": {
                    "field": "인공물",
                    "large_category": "EE",
                    "medium_category": "99"
                },
                "context": "<h2>2. CRN에서 이차 사용자의 outage 확률 분석</h2> <p>CRN에서 일반적으로 outage 확률 \\( O_{\\text {out }} \\)은 다음과 같이 표현할 수 있다.</p> <p>\\( O_{\\text {out}}=\\operatorname{Pr}\\left\\{\\min \\left(\\gamma_{R}, \\gamma_{D}\\right) \\leq \\eta_{s}\\right\\} \\) \\( =1-\\left(1-\\operatorname{Pr}\\left\\{\\gamma_{R} \\leq \\eta_{s}\\right\\}\\right)\\left(1-\\operatorname{Pr}\\left\\{\\gamma_{D} \\leq \\eta_{s}\\right\\}\\right) \\),<caption>(8)</caption></p> <p>위의 수식에서 \\( \\gamma_{R}, \\gamma_{D} \\)는 각각 이차 사용자 중계기와 목적지에서의 수신 SINR을 나타내고, \\( \\eta_{s} \\)는 이차 사용자의 목표 SINR을 나타낸다. 제안한 파워를 사용할 때의 이차 사용자 중계기와 목적지에서의 수신 SINR은 다음과 같이 표현된다.</p> <p>\\( \\gamma_{R}=\\frac{g_{S R} P_{s}}{\\sigma_{R}^{2}+g_{P S} P_{T}}, \\quad \\gamma_{D}=\\frac{g_{R D} P_{r}}{\\sigma_{D}^{2}+g_{P R} P_{T}} \\),<caption>(9)</caption></p> <p>위의 수신 SINR에서 \\( \\sigma_{R}^{2}, \\sigma_{D}^{2} \\)은 각각 이차 사용자 중계기와 목적지에서의 간섭의 평균적인 분산 값을 나타낸다. 또한 주파수 공유 시스템의 특성상 이차 사용자가 일차 사용자의 주파수를 공유하기 때문에 이차 사용자 또한 일차 사용자로부터 간섭을 받게 된다. 따라서 일차 사용자의 송신기와 이차 사용자 중계기와 목적지 간의 채널 이득 값은 각각 \\( g_{P S}, g_{P R} \\)가 된다.</p> <p>이차 사용자의 outage 확률 값을 구하기 위해서 (8)에서 우선 이차 사용자 소스와 중계기 링크의 outage 확률은 다음과 같이 구할 수 있다.</p> <p>\\( \\begin{array}{l} \\operatorname{Pr}\\left\\{\\gamma_{R} \\leq \\eta_{s}\\right\\}=\\operatorname{Pr}\\left\\{\\frac{g_{S R} P_{s}}{\\sigma_{R}^{2}+g_{P S} P_{T}} \\leq \\eta_{s}\\right\\} \\\\ =\\int_{0}^{\\infty} \\frac{1}{\\lambda_{P S}} e^{-\\frac{g_{P S}}{\\lambda_{P S}}} \\int_{0}^{\\frac{\\eta_{s}}{P_{s}}\\left(\\sigma_{R}^{2}+g_{P S} P_{T}\\right)} \\frac{1}{\\lambda_{S R}} e^{-\\frac{g_{S R}}{\\lambda_{S R}}} d g_{S R} d g_{P S} \\\\ =\\int_{0}^{\\infty}\\left(1-e^{-\\frac{\\eta_{s}}{\\lambda_{S R} P_{s}}\\left(\\sigma_{R}^{2}+g_{P S} P_{T}\\right)}\\right) \\frac{1}{\\lambda_{P S}} e^{-\\frac{g_{P S}}{\\lambda_{P S}}} d g_{P S} \\\\ =1-\\frac{\\lambda_{S R} e^{-\\frac{\\sigma_{R}^{2} \\eta_{s}}{\\lambda_{S R} P_{s}}} P_{s}}{\\lambda_{S R} P_{s}+\\lambda_{P S} \\eta_{s} P_{T}}, \\end{array} \\)<caption>(10)</caption></p> <p>위와 같은 과정으로 이차 사용자 중계와 목적지 링크의 outage 확률 또한 다음과 같이 유도할 수 있다.</p> <p>\\( \\operatorname{Pr}\\left\\{\\gamma_{D} \\leq \\eta_{s}\\right\\}=1-\\frac{\\lambda_{R D} e^{-\\frac{\\sigma_{D}^{2} \\eta_{s}}{\\lambda_{R D} P_{r}} P_{r}}}{\\lambda_{R D} P_{r}+\\lambda_{P R} \\eta_{s} P_{T}} \\).<caption>(11)</caption></p> <p>따라서 제시한 파워 기법을 사용했을 때의 CRN에서의 이차 사용자의 전체 outage 확률은 다음과 같다.</p> <p>\\( O_{\\text {out }}=1-\\frac{\\lambda_{S R} \\lambda_{R D} e^{-\\eta_{s}\\left(\\frac{\\sigma_{R}^{2}}{\\lambda_{S R} P_{s}}+\\frac{\\sigma_{D}^{2}}{\\lambda_{R D} P_{r}}\\right)} P_{s} P_{r}}{\\left(\\lambda_{S R} P_{s}+\\lambda_{P S} \\eta_{s} P_{T}\\right)\\left(\\lambda_{R D} P_{r}+\\lambda_{P R} \\eta_{s} P_{T}\\right)} \\).<caption>(12)</caption></p> <p>위의 유도된 이차 사용자의 outage 확률로부터 알 수 있듯이 각 채널 이득의 평균값들과 일차 사용자의 전송 파워와 수신 잡음 분산 등으로 이차 사용자의 outage 확률이 결정됨을 알 수 있다.</p> <p>또한, 위의 수식에서 간섭 제한 및 일차 사용자의 의한 영향을 알아보기 위해서 이차 사용자의 각 채널 이득을 1로 고정하였을 때, 이차 사용자의 outage 확률 값은 다음과 같이 표현할 수 있다.</p> <p>\\( O_{\\text {out }}=1-\\frac{e^{-\\eta_{s}\\left(\\frac{\\sigma_{R}^{2}}{P_{s}}+\\frac{\\sigma_{D}^{2}}{P_{r}}\\right)}}{\\left(1+\\eta_{s} \\lambda_{P S} \\frac{P_{T}}{P_{s}}\\right)\\left(1+\\eta_{s} \\lambda_{P R} \\frac{P_{T}}{P_{r}}\\right)} \\).<caption>(13)</caption></p> <p>위의 수식 (13)에서 분자를 고려할 때 이차 사용자의 신호 대 잡음비 (SNR)가 커질수록 outage확률이 감소하는 것을 알 수 있다. (6)과 (7)에서 알 수 있듯이 이차 사용자의 전송 파워는 일차 사용자의 전송파워가 커질수록 이차 사용자가 전송파워를 증가시킬 수 있다. 그러나 (13)의 분모에서는 일차 사용자의 전송파워가 증가할수록 이차 사용자의 중계기와 목적지에서 받는 간섭의 양이 증가하기 때문에 이차 사용자의 outage확률 값이 증가하는 것을 알 수 있다. 이처럼, 일차 사용자의 전송파워는 이차 사용자의 전송 파워의 증가량과 간섭량 모두에 영향을 주는 것을 알 수 있다.</p>",
                "context_length": 3414,
                "summary": "CRN에서 outage 확률 \\( O_{\\text {out }} \\)은 다음과 같이 표현할 수 있다. \\( O_{\\text {out}}=\\operatorname{Pr}\\left\\{\\min \\left(\\gamma_{R}, \\gamma_{D}\\right) \\leq \\eta_{s}\\right\\} \\) \\( =1-\\left(1-\\operatorname{Pr}\\left\\{\\gamma_{R} \\leq \\eta_{s}\\right\\}\\right)\\left(1-\\operatorname{Pr}\\left\\{\\gamma_{D} \\leq \\eta_{s}\\right\\}\\right) \\) 식은 제시한 파워기법을 사용했을 때 각 채널 이득의 평균값들과 일차 사용자의 전송 파워와 수신 잡음 분산 등으로 이차 사용자의 확률이 결정됨을 알 수 있다. 이 결과로 일차 사용자의 의해 이차 사용자의 전송파워와 증가량에 영향을 주는 것을 알 수 있다.",
                "clue": [
                    {
                        "clue_text": "CRN에서 일반적으로 outage 확률 \\( O_{\\text {out }} \\)은 다음과 같이 표현할 수 있다.",
                        "clue_start": "42",
                        "clue_end": "104"
                    },
                    {
                        "clue_text": "위의 유도된 이차 사용자의 outage 확률로부터 알 수 있듯이 각 채널 이득의 평균값들과 일차 사용자의 전송 파워와 수신 잡음 분산 등으로 이차 사용자의 outage 확률이 결정됨을 알 수 있다.",
                        "clue_start": "2581",
                        "clue_end": "2691"
                    },
                    {
                        "clue_text": "이처럼, 일차 사용자의 전송파워는 이차 사용자의 전송 파워의 증가량과 간섭량 모두에 영향을 주는 것을 알 수 있다.",
                        "clue_start": "3346",
                        "clue_end": "3410"
                    },
                    {
                        "clue_text": "\\( O_{\\text {out}}=\\operatorname{Pr}\\left\\{\\min \\left(\\gamma_{R}, \\gamma_{D}\\right) \\leq \\eta_{s}\\right\\} \\) \\( =1-\\left(1-\\operatorname{Pr}\\left\\{\\gamma_{R} \\leq \\eta_{s}\\right\\}\\right)\\left(1-\\operatorname{Pr}\\left\\{\\gamma_{D} \\leq \\eta_{s}\\right\\}\\right) \\),<caption>(8)</caption>",
                        "clue_start": "112",
                        "clue_end": "395"
                    }
                ],
                "terminology": [
                    {
                        "word": "CRN"
                    },
                    {
                        "word": "SINR"
                    },
                    {
                        "word": "outage"
                    },
                    {
                        "word": "outage 확률 분석"
                    },
                    {
                        "word": "outage확률"
                    },
                    {
                        "word": "간섭 제한"
                    },
                    {
                        "word": "간섭량"
                    },
                    {
                        "word": "신호 대 잡음비"
                    },
                    {
                        "word": "신호 대 잡음비 (SNR)"
                    },
                    {
                        "word": "이차 사용자"
                    },
                    {
                        "word": "일차 사용자"
                    },
                    {
                        "word": "잡음"
                    },
                    {
                        "word": "잡음 분산"
                    },
                    {
                        "word": "전송"
                    },
                    {
                        "word": "전송파워"
                    },
                    {
                        "word": "주파수"
                    },
                    {
                        "word": "주파수 공유 시스템"
                    },
                    {
                        "word": "중계기"
                    },
                    {
                        "word": "채널 이득"
                    },
                    {
                        "word": "파워 기법"
                    }
                ]
            },
            {
                "context_id": "55e-0c9-35cb6dd7-d81e-4095-9844-65191542df24",
                "context_K-NSCC": {
                    "field": "인공물",
                    "large_category": "EE",
                    "medium_category": "99"
                },
                "context": "<h1>Ⅲ. 일차 사용자의 Outage 확률을 만족시키는 이차 사용자의 파워 할당 기법 및 Outage 확률 분석</h1> <p>본 장에서는 일차 사용자의 허용 가능한 outage 확률을 만족시키는 이차 사용자의 소스 및 중계기에서의 파워 할당 기법을 제시하고 그때의 이차 사용자의 outage 확률을 분석한다.</p> <h2>1. 일차 사용자의 outage 확률을 만족시키는 이차 사용자의 파워 할당 기법</h2> <p>CRN에서 이차 사용자가 일차 사용자의 허용 가능한 outage 확률을 만족시키면서 주파수를 공유하기 위해서는 이차 사용자의 소스와 중계기는 각각 다음과 같은 제약을 만족시켜야한다.</p> <p>\\( \\operatorname{Pr}\\left\\{\\frac{g_{p} P_{T}}{\\sigma_{p}^{2}+g_{S P} P_{s}} \\leq \\eta_{p}\\right\\} \\leq Q \\),<caption>(3)</caption></p> <p>\\( \\operatorname{Pr}\\left\\{\\frac{g_{p} P_{T}}{\\sigma_{p}^{2}+g_{R P} P_{r}} \\leq \\eta_{p}\\right\\} \\leq Q \\),<caption>(4)</caption></p> <p>위의 수식 (3)과 (4)에서 \\( g_{p} \\)는 일차 사용자 링크의 채널 이득을 나타내고, \\( P_{T} \\)는 일차 사용자 송신기의 전송 파워 \\( \\sigma_{p}^{2} \\)는 일차 사용자 수신기에서의 잡음의 평균적인 분산 값을 나타낸다. 또한 \\( P_{s} \\)와 \\( P_{r} \\)은 각각 이차 사용자 소스와 중계기의 전송 파워를 나타낸다.</p> <p>따라서 (3)의 제약을 만족시키기 위한 이차 사용자의 소스의 전송 파워를 구하기 위해서 우선 이차 사용자로부터의 간섭이 존재할 때의 일차 사용자의 outage 확률 값은 다음과 같이 구할 수 있다.</p> <p>\\( \\operatorname{Pr}\\left\\{g_{p} \\leq \\frac{\\eta_{p}}{P_{T}}\\left(\\sigma_{p}^{2}+g_{S P} P_{s}\\right)\\right\\} \\)</p> <p>\\( =\\int_{0}^{\\infty} \\frac{1}{\\lambda_{S P}} e^{-\\frac{g_{S P}}{\\lambda_{S P}}} \\int_{0}^{\\frac{\\eta_{p}}{P_{T}}\\left(\\sigma_{p}^{2}+g_{S P} P_{s}\\right)} \\frac{1}{\\lambda_{P}} e^{-\\frac{g_{p}}{\\lambda_{P}}} d g_{p} d g_{S P} \\)</p> <p>\\( =\\int_{0}^{\\infty}\\left(1-e^{\\frac{\\eta_{p}}{\\lambda_{p} P_{T}}\\left(\\sigma_{p}^{2}+g_{S P} P_{s}\\right)}\\right) \\frac{1}{\\lambda_{S P}} e^{-\\frac{g_{S P}}{\\lambda_{S P}}} d g_{S P} \\)</p> <p>\\( =1-\\frac{e^{-\\frac{\\sigma_{p}^{2} \\eta_{p}}{\\lambda_{p} P_{T}}} \\lambda_{p} P_{T}}{\\lambda_{S P} \\eta_{p} P_{s}+\\lambda_{p} P_{T}} \\).<caption>(5)</caption></p> <p>따라서 일차 사용자의 outage확률 값이 허용 가능한 값 \\( Q \\)를 만족시키는 이차 사용자 소스의 전송 파워는 다음과 같이 구할 수 있다.</p> <p>\\( P_{s}=\\frac{e^{-\\frac{\\sigma_{p}^{2} \\eta_{p}}{\\lambda_{p} P_{T}}} \\lambda_{p} P_{T}\\left(1-e^{\\frac{\\sigma_{p}^{2} \\eta_{p}}{\\lambda_{p} P_{T}}}+e^{\\frac{\\sigma_{p}^{2} \\eta_{p}}{\\lambda_{p} P_{T}}} Q\\right)}{\\lambda_{S P} \\eta_{p}(1-Q)} \\).<caption>(6)</caption></p> <p>이차 사용자 중계기의 전송 파워 또한 위와 같은 방법으로 다음과 같이 구할 수 있다</p> <p>\\( P_{s}=\\frac{e^{-\\frac{\\sigma_{p}^{2} \\eta_{p}}{\\lambda_{p} P_{T}}} \\lambda_{p} P_{T}\\left(1-e^{\\frac{\\sigma_{p}^{2} \\eta_{p}}{\\lambda_{p} P_{T}}}+e^{\\frac{\\sigma_{p}^{2} \\eta_{p}}{\\lambda_{p} P_{T}}} Q\\right)}{\\lambda_{R P} \\eta_{p}(1-Q)} \\),<caption>(7)</caption></p> <p>위의 (6)과 (7)에서 볼 수 있듯이, 제시한 이차 사용자의 파워 기법은 일차 사용자의 간섭 제한을 만족시키면서 각 채널에 대한 채널 이득 값에 대한 평균값인 \\( \\lambda_{p} \\)과 \\( \\lambda_{S P}, \\lambda_{R P} \\) 값을 필요로 한다. 따라서 순시적인 채널 정보를 필요로 하지 않기 때문에 이차 사용자의 피드백 부담을 줄일 수 있다. 또한 순시적인 채널 정보를 이용하지 않기 때문에 불완전한 채널 정보로 인하여 성능이 열화 되지 않는다. 따라서 이차 사용자의 채널 추정 능력과 관계없이 평균적인 채널 정보만 알 수 있으면 일차 사용자에 대한 간섭 제약을 만족하면서 주파수를 공유할 수 있는 장점을 가진다.</p> <p>위와 같이 제시한 전송 파워 값을 사용할 때에 CRN에서의 이차 사용자의 outage 확률 값은 다음과 같이 구할 수 있다.</p>",
                "context_length": 2803,
                "summary": "허용 가능한 일차 사용자의 outage 확률을 만족시키키면서 이차 사용자의 소스 및 중계기에서의 파워 할당 기법을 제시하는 동시에 이차 사용자의 outage 확률을 이번 장에서 분석하였다. CRN에서 이를 허용 가능한 outage 확률을 만족시키는 동시에 주파수를 공유하기 위해서는 이차 사용자의 소스와 중계기는 (3),(4)와 같은 제약을 만족시켜야하는데, 제시한 이차 사용자의 파워 기법은 일차 사용자의 간섭 제한을 만족시키면서 각 채널에 대한 채널 이득 값에 대한 평균값인 \\( \\lambda_{p} \\)과 \\( \\lambda_{S P}, \\lambda_{R P} \\) 값을 필요로 한다. 그러므로 이는 채널 정보를 순시적으로 필요로 하지 않기에 이차 사용자의 피드백 부담을 줄일 수 있다. 따라서, 이차 사용자의 채널 추정 능력과 관계없이 평균적인 채널 정보만 알 수 있으면 간섭 제약을 만족시키는 동시에, 주파수를 공유할 수 있는 장점이 있다.",
                "clue": [
                    {
                        "clue_text": "본 장에서는 일차 사용자의 허용 가능한 outage 확률을 만족시키는 이차 사용자의 소스 및 중계기에서의 파워 할당 기법을 제시하고 그때의 이차 사용자의 outage 확률을 분석한다.",
                        "clue_start": "72",
                        "clue_end": "174"
                    },
                    {
                        "clue_text": "CRN에서 이차 사용자가 일차 사용자의 허용 가능한 outage 확률을 만족시키면서 주파수를 공유하기 위해서는 이차 사용자의 소스와 중계기는 각각 다음과 같은 제약을 만족시켜야한다.",
                        "clue_start": "236",
                        "clue_end": "337"
                    },
                    {
                        "clue_text": "제시한 이차 사용자의 파워 기법은 일차 사용자의 간섭 제한을 만족시키면서 각 채널에 대한 채널 이득 값에 대한 평균값인 \\( \\lambda_{p} \\)과 \\( \\lambda_{S P}, \\lambda_{R P} \\) 값을 필요로 한다.",
                        "clue_start": "2384",
                        "clue_end": "2515"
                    },
                    {
                        "clue_text": "따라서 순시적인 채널 정보를 필요로 하지 않기 때문에 이차 사용자의 피드백 부담을 줄일 수 있다.",
                        "clue_start": "2516",
                        "clue_end": "2570"
                    },
                    {
                        "clue_text": "따라서 이차 사용자의 채널 추정 능력과 관계없이 평균적인 채널 정보만 알 수 있으면 일차 사용자에 대한 간섭 제약을 만족하면서 주파수를 공유할 수 있는 장점을 가진다.",
                        "clue_start": "2629",
                        "clue_end": "2722"
                    }
                ],
                "terminology": [
                    {
                        "word": "CRN"
                    },
                    {
                        "word": "Outage 확률"
                    },
                    {
                        "word": "Outage 확률 분석"
                    },
                    {
                        "word": "outage"
                    },
                    {
                        "word": "outage확률"
                    },
                    {
                        "word": "간섭 제약"
                    },
                    {
                        "word": "간섭 제한"
                    },
                    {
                        "word": "송신기"
                    },
                    {
                        "word": "수신기"
                    },
                    {
                        "word": "이차 사용자"
                    },
                    {
                        "word": "이차 사용자 소스"
                    },
                    {
                        "word": "일차 사용자"
                    },
                    {
                        "word": "일차 사용자 송신기"
                    },
                    {
                        "word": "잡음"
                    },
                    {
                        "word": "전송"
                    },
                    {
                        "word": "전송 파워"
                    },
                    {
                        "word": "주파수"
                    },
                    {
                        "word": "채널 이득"
                    },
                    {
                        "word": "파워 값"
                    },
                    {
                        "word": "파워 기법"
                    },
                    {
                        "word": "파워 할당"
                    },
                    {
                        "word": "파워 할당 기법"
                    }
                ]
            },
            {
                "context_id": "55e-0c9-12fa875f-24ec-4528-b7e6-042752405715",
                "context_K-NSCC": {
                    "field": "인공물",
                    "large_category": "EE",
                    "medium_category": "99"
                },
                "context": "<h1>Ⅳ. 모의 실험</h1> <p>본 장에서는 본 논문에서 제시한 파워 할당 기법과 기존 CRN기반의 기법들을 비교함으로써 제시한 기법의 우수성을 실험적으로 비교 관찰한다.</p> <p>그림 2는 이차 사용자의 중계기와 목적지에서의 잡음 분산 값에 따른 이차 사용자의 outage확률 값을 나타낸 그래프이다. 그림 2에서 제시된 기존 기법은 에서 제시된 기법을 나타낸다. 기존의 기법과 동등한 비교를 위해서 기존 기법의 간섭 허용치를 다음과 같이 설정하였다.</p> <p>\\( I_{t h}=\\frac{-\\sigma_{p}^{2} \\eta_{p}-\\lambda_{p} P_{T} \\log (1-Q)}{\\eta_{p}} \\)<caption>(14)</caption></p> <p>이 실험에서 \\( Q=0.1, P_{T}=1, \\lambda_{p}=1, \\eta_{p}=1 , \\eta_{s}=1, \\lambda_{S P}=\\lambda_{R P}=-5 \\mathrm{dB}, \\lambda_{P R}=\\lambda_{P D}=-40 \\mathrm{dB} \\)로 설정하였다. 그림 2에서 볼 수 있듯이 제시한 기법이 낮은 SNR 지역에서는 성능이 약간 열화 되지만 SNR 값이 커질수록 기존의 기법과 성능이 거의 동일한 것을 확인할 수 있다. 그러나 기존의 기법과 비교해 볼 때, 제시된 기법은 순시적인 채널 정보를 필요로 하지 않기 때문에 순시적인 채널 정보를 얻기 위한 피드백 부담이 기존의 기법 보다 적다. 따라서 채널 피드백에 의한 영향을 고려했을 때 제시한 기법이 성능이 좋음을 알 수 있다. 또한 그림 2로부터 논문에서 분석한 Outage확률이 실험과 일치함을 확인하였다.</p> <p>그림 3은 지연된 채널 정도에 따른 일차 사용자의 outage 확률을 실험적으로 나타낸 그래프이다. 일반적으로 지연된 채널은 다음과 같이 모델링 된다.</p> <p>\\( h_{i}=\\rho \\widehat{h_{i}}+\\sqrt{1-\\rho^{2}} \\epsilon_{i} i \\in\\{S P, R P\\} \\)<caption>(15)</caption></p> <p>위의 식 (15)에서 \\( \\hat{h_{i}} \\)는 지연된 채널, \\( \\epsilon_{i} \\)는 complex 가우시안 분포를 가지는 랜덤 변수이고, \\( \\rho \\)는 평균적으로 지연된 정도를 나타내는 상수이다.</p> <p>그림 3에서 볼 수 있듯이 기존의 기법은 순시적인 채널 정보를 완벽하게 안다고 가정하고 있기 때문에 일차 사용자 간의 채널 정보가 불완전한 경우 주파수 공유를 위한 간섭 제약을 만족시키기 힘들다. 따라서 간섭 제약을 위반하게 되고 일차 사용자에게 허용 범위 이상의 간섭을 주게 된다. 이 경우 이차 사용자는 일차 사용자의 주파수를 공유할 수 없게 된다. 그러나 제안한 기법은 순시적인 채널 정보를 필요로 하지 않기 때문에 지연된 채널 환경에 영향을 받지 않는다. 따라서 본 논문에서 제시한 파워 전송 기법은 지연된 채널 환경에서도 주파수 공유를 위한 간섭 제약을 만족시킬 수 있는 장점을 가진다.</p>",
                "context_length": 1512,
                "summary": "이번 장에서는 기존 CRN기반의 기법과 제시한 파워 할당 기법을 비교함으로써 제시한 기법의 우수성을 실험적으로 비교하고, 또한 이를 통하여 그림2의 논문에서 분석한 Outage확률이 실험과 일치함을 확인하였다. 그림 3에서는 기존의 기법이 일차 사용자 간의 채널 정보가 불완전한 경우 주파수 공유를 위한 간섭 제약을 만족시키기 힘들다는 것을 알 수 있다. 그러므로, 본 논문에서 제시한 파워 전송 기법은 지연된 환경에서도 주파수 공유를 위해 제약된 조건을 만족시킬 수 있다는 강점이 있다.",
                "clue": [
                    {
                        "clue_text": "본 장에서는 본 논문에서 제시한 파워 할당 기법과 기존 CRN기반의 기법들을 비교함으로써 제시한 기법의 우수성을 실험적으로 비교 관찰한다.",
                        "clue_start": "21",
                        "clue_end": "98"
                    },
                    {
                        "clue_text": "또한 그림 2로부터 논문에서 분석한 Outage확률이 실험과 일치함을 확인하였다.",
                        "clue_start": "785",
                        "clue_end": "830"
                    },
                    {
                        "clue_text": "그림 3에서 볼 수 있듯이 기존의 기법은 순시적인 채널 정보를 완벽하게 안다고 가정하고 있기 때문에 일차 사용자 간의 채널 정보가 불완전한 경우 주파수 공유를 위한 간섭 제약을 만족시키기 힘들다.",
                        "clue_start": "1175",
                        "clue_end": "1284"
                    },
                    {
                        "clue_text": "따라서 본 논문에서 제시한 파워 전송 기법은 지연된 채널 환경에서도 주파수 공유를 위한 간섭 제약을 만족시킬 수 있는 장점을 가진다.",
                        "clue_start": "1434",
                        "clue_end": "1508"
                    },
                    {
                        "clue_text": "따라서 간섭 제약을 위반하게 되고 일차 사용자에게 허용 범위 이상의 간섭을 주게 된다.",
                        "clue_start": "1285",
                        "clue_end": "1333"
                    }
                ],
                "terminology": [
                    {
                        "word": "CRN"
                    },
                    {
                        "word": "SNR"
                    },
                    {
                        "word": "SNR 값"
                    },
                    {
                        "word": "complex"
                    },
                    {
                        "word": "outage"
                    },
                    {
                        "word": "outage확률"
                    },
                    {
                        "word": "가우시안 분포"
                    },
                    {
                        "word": "간섭 제약"
                    },
                    {
                        "word": "이차 사용자"
                    },
                    {
                        "word": "일차 사용자"
                    },
                    {
                        "word": "잡음"
                    },
                    {
                        "word": "잡음 분산"
                    },
                    {
                        "word": "전송"
                    },
                    {
                        "word": "주파수"
                    },
                    {
                        "word": "파워 할당"
                    }
                ]
            },
            {
                "context_id": "55e-0c9-merge_2_31a7cd33-22c0f17f-d392-4fdc-9b25-0665696c12da_00",
                "context_K-NSCC": {
                    "field": "인공물",
                    "large_category": "EE",
                    "medium_category": "99"
                },
                "context": "<h1>요 약</h1> <p>본 논문에서는 무선 인지 중계 네트워크에서의 파워 할당 기법에 대해서 연구한다. 무선 인지 중계 네트워크는 주파수 공유를 통해서 주파수 효율성을 높일 뿐만 아니라 중계기의 사용으로 시스템의 커버리지를 확장시킬 수 있는 장점을 가진다. 그러나 기존의 연구들에서는 주파수 공유를 위해서 이차 사용자가 일차 사용자 사이와의 채널 정보를 완벽하게 알아야 한다고 가정한다. 그러나 이 채널 정보는 시변 특성 또는 피드백 지연 등의 이유로 이차 사용자가 불완전한 채널 정보를 얻게 된다. 이러한 불완전한 채널 정보로 인하여 결국 이차 사용자는 간섭 제약을 위반하게 되고 주파수를 공유할 수 없게 된다. 따라서 이 문제를 극복하기 위해서 본 논문에서는 일차 사용자의 허용 가능한 outage확률 간섭 제약을 만족하는 이차 사용자의 파워 할당 기법을 제안한다. 제안된 파워 할당 기법은 순시적인 채널 정보를 사용하지 않기 때문에, 이차 사용자의 피드백 부담을 덜어줄 뿐만 아니라 지연된(outdated) 채널 환경에 관계없이 간섭 제약을 만족시키는 장점을 가진다.</p> <h1>Ⅰ. 서 론</h1> <p>최근 무선 인지 시스템(cognitive radio system)에 대한 연구가 활발히 진행되고 있다. 무선 인지 시스템에서는 허가된 사용자 (일차 사용자)의 주파수를 일차 사용자의 성능을 보장하는 범위 내에서 비 허가 사용자 (이차 사용자)가 주파수를 공유할 수 있는 시스템이다. 이러한 무선 인지 시스템에서 주파수 공유 (spectrum sharing)를 위해서는 이차 사용자는 일차 사용자가 허용하는 간섭 제약을 만족시킬 경우에만 일차 사용자의 대역을 공유할 수 있다. 따라서 주파수 공유 시스템에서는 기존의 통신 시스템보다 주파수 사용의 효율성을 크게 증가시킬 수 있다.</p> <p>또한 무선 중계 전송 방식은 무선 네트워크의 커버리지 확장 및 성능 향상을 위한 방법으로 연구되어 왔다. 따라서 이러한 중계 전송 방식을 무선 인지 네트워크에 적용한 무선 인지 중계 네트워크 (cognitive relay network, CRN)에 대한 연구가 활발히 진행되고 있다. CRN에서는 주파수 효율성 및 커버리지 향상으로 시스템의 전체 성능을 크게 높일 수 있다.</p> <p>이러한 CRN에서 중계기의 사용에 의한 이차 사용자의 outage 확률이 분석되었다. 또한 다수의 중계기가 있는 경우 중계기를 선택하는 경우에 대한 기준 및 그때의 outage 확률이 분석되었다. 그러나 이러한 연구들 모두 일차 사용자에게 주는 간섭 제약을 만족시키기 위해서 일차 사용자와 이차 사용자간의 채널 링크에 대한 순시적인 채널 정보를 이용해야 한다는 단점이 있다.</p>",
                "context_length": 1332,
                "summary": "본 논문은 무선 인지 중계 네트워크에서 파워 할당 기법에 대한 연구를 수행한다. 이 네트워크는 주파수 공유와 중계기 사용을 통해 주파수 효율성과 커버리지 확장을 가능하게 하지만, 이를 위해 이차 사용자가 일차 사용자 사이의 채널 정보를 완벽하게 알아야 한다는 가정이 있었다. 이러한 문제를 해결하기 위해 본 논문에서는 일차 사용자의 허용 가능한 outage 확률 간섭 제약을 만족하도록 이차 사용자의 파워 할당 기법을 제안한다. 이 기법은 순시적인 채널 정보를 사용하지 않아 이차 사용자의 피드백 부담을 줄이고, 지연된 채널 환경에서도 간섭 제약을 만족시킨다.",
                "clue": [
                    {
                        "clue_text": "본 논문에서는 무선 인지 중계 네트워크에서의 파워 할당 기법에 대해서 연구한다.",
                        "clue_start": "16",
                        "clue_end": "60"
                    },
                    {
                        "clue_text": "무선 인지 중계 네트워크는 주파수 공유를 통해서 주파수 효율성을 높일 뿐만 아니라 중계기의 사용으로 시스템의 커버리지를 확장시킬 수 있는 장점을 가진다.",
                        "clue_start": "61",
                        "clue_end": "146"
                    },
                    {
                        "clue_text": "그러나 기존의 연구들에서는 주파수 공유를 위해서 이차 사용자가 일차 사용자 사이와의 채널 정보를 완벽하게 알아야 한다고 가정한다.",
                        "clue_start": "147",
                        "clue_end": "219"
                    },
                    {
                        "clue_text": "따라서 이 문제를 극복하기 위해서 본 논문에서는 일차 사용자의 허용 가능한 outage확률 간섭 제약을 만족하는 이차 사용자의 파워 할당 기법을 제안한다.",
                        "clue_start": "347",
                        "clue_end": "433"
                    },
                    {
                        "clue_text": "제안된 파워 할당 기법은 순시적인 채널 정보를 사용하지 않기 때문에, 이차 사용자의 피드백 부담을 덜어줄 뿐만 아니라 지연된(outdated) 채널 환경에 관계없이 간섭 제약을 만족시키는 장점을 가진다.",
                        "clue_start": "434",
                        "clue_end": "547"
                    }
                ],
                "terminology": [
                    {
                        "word": "CRN"
                    },
                    {
                        "word": "outage"
                    },
                    {
                        "word": "outage확률"
                    },
                    {
                        "word": "간섭 제약"
                    },
                    {
                        "word": "네트워크"
                    },
                    {
                        "word": "무선 인지 네트워크"
                    },
                    {
                        "word": "무선 인지 중계 네트워크"
                    },
                    {
                        "word": "시변"
                    },
                    {
                        "word": "시변 특성"
                    },
                    {
                        "word": "이차 사용자"
                    },
                    {
                        "word": "일차 사용자"
                    },
                    {
                        "word": "전송"
                    },
                    {
                        "word": "주파수"
                    },
                    {
                        "word": "주파수 공유 시스템"
                    },
                    {
                        "word": "주파수 효율성"
                    },
                    {
                        "word": "중계 네트워크"
                    },
                    {
                        "word": "중계 전송"
                    },
                    {
                        "word": "중계기"
                    },
                    {
                        "word": "커버리지"
                    },
                    {
                        "word": "통신 시스템"
                    },
                    {
                        "word": "파워 할당"
                    },
                    {
                        "word": "파워 할당 기법"
                    },
                    {
                        "word": "피드백 지연"
                    }
                ]
            },
            {
                "context_id": "55e-0c9-merge_2_31a7cd33-22c0f17f-d392-4fdc-9b25-0665696c12da_01",
                "context_K-NSCC": {
                    "field": "인공물",
                    "large_category": "EE",
                    "medium_category": "99"
                },
                "context": "<p>CRN에서는 이차 사용자가 일차 사용자 사이의 링크에 대해서 완벽한 채널 정보를 알기 힘들다. 일반적으로 이차 사용자는 이 정보를 일차 사용자로부터의 피드백 또는 채널 추정으로부터 얻을 수 있다. 그러나 시변 채널 또는 피드백 지연에 의한 영향으로 이차 사용자는 불완전한 채널 정보를 얻게 된다. 이러한 불완전한 채널 정보를 이용해서 주파수를 공유하게 되면 간섭 제약을 만족시키지 못하기 때문에 결국 이차 사용자는 일차 사용자의 주파수를 공유할 수 없다.</p> <p>따라서 이 문제를 해결하기 위해 본 논문에서는 CRN에서 일차 사용자의 허용 가능한 outage 확률을 만족시키면서 주파수를 공유하는 이차 사용자의 파워 할당 기법을 제공한다. 또한 제시된 파워 할당 기법을 사용할 때의 이차 사용자의 outage 확률을 분석한다. 분석한 결과와 모의실험을 통해서 제안한 기법이 기존의 기법보다 outage확률 측면에서 성능 향상이 있음을 보인다.</p> <h1>Ⅱ. 시스템 모델</h1> <p>본 논문에서는 CRN를 가정한다. 그림 1은 이차 사용자의 CRN의 예를 보여준다. 그림 1에서 \\( S U_ { S } \\)와 \\( S U_ { D } \\)는 각각 이차 사용자 소스(source)와 목적지 (destination)을 나타낸다. 또한, \\( S U_ { R } \\)은 이차 사용자의 중계기를 나타낸다. 본 논문에서는 복호 후 전달 (decode and forward) 방식의 반양방향 중계기 (half duplex relay)를 가정하였다. 따라서 첫 번째 시간 슬롯에서는 이차 사용자의 소스가 신호를 전송하게 되고, 이 수신한 신호를 두 번째 시간 슬롯에서 이차 사용자의 중계기가 신호를 전송하게 된다. 또한, \\( P U_ { T X } \\)와 \\( P U_ { R X } \\)은 각각 일차 사용자의 송신기와 수신기를 나타낸다.</p> <p>그림 1에서 \\( h_ { S R } , h_ { R D } \\), 는 이차 사용자의 소스와 중계기, 중계기와 목적지 간의 순시 채널을 나타내고, \\( h_ { S P } , h_ { R P } \\)는 이차 사용자의 소스와 일차 사용자의 수신기, 이차 사용자의 중계기와 일차 사용자의 수신기 간의 채널을 나타낸다. 이 채널들은 각각 평균이 0이고 분산이 \\( \\lambda_ { S R } , \\lambda_ { R D } , \\lambda_ { S P } , \\lambda_ { R P } \\)인 complex Gaussian 분포를 가진다. 이 때, 순시적인 채널 이득은 다음과 같이 표현된다.</p> <p>\\( g_ { i = } \\left |h_ { i } \\right | ^ { 2 } , i \\in \\{ S P, R P, S R, R D \\} \\),<caption>(1)</caption></p> <p>위의 식에서 채널 이득은 각각 평균이 \\( \\lambda_ { S R } , \\lambda_ { R D } , \\lambda_ { S P } , \\lambda_ { R P } \\)인 exponential 분포의 랜덤 변수가 된다. 또한 본 논문에서 각 채널은 동일한 독립 분포 (independent identical distribution, i.i.d.)를 가진다고 가정한다.</p> <p>이러한 시스템에서 이차 사용자는 간섭 제약 내에서 일차 사용자의 주파수를 공유하게 된다. 반양방향 중계기를 가정하였기 때문에 이차 사용자의 소스와 중계기는 각각 다음과 같은 간섭 제약, 즉 일차 사용자의 허용 가능한 outage 확률을 만족시켜야 한다.</p> <p>\\( \\operatorname { Pr } \\left \\{\\gamma_ { p } \\leq \\eta_ { p } \\right \\} \\leq Q \\),<caption>(2)</caption></p> <p>위의 수식에서 \\( \\gamma_ { p } \\)는 일차 사용자의 수신 신호 대 간섭 잡음 비 (SINR)을 나타내고, \\( \\eta_ { p } \\)는 목표 SINR 값을 나타내고, \\( Q \\)는 일차 사용자에게 허용 가능한 outage 확률 값을 나타낸다.</p>",
                "context_length": 2016,
                "summary": "인지 라디오 네트워크(CRN)에서는 이차 사용자가 일차 사용자의 링크에 대한 완벽한 채널 정보를 알아내기 어렵다. 이 문제를 해결하기 위해 본 논문에서는 일차 사용자의 중단 확률을 줄이면서 주파수를 공유하는 이차 사용자의 전력 배분 방법을 제시한다. 이차 사용자는 주파수를 공유하되, 일차 사용자에게 끼치는 간섭을 최소화한다.",
                "clue": [
                    {
                        "clue_text": "CRN에서는 이차 사용자가 일차 사용자 사이의 링크에 대해서 완벽한 채널 정보를 알기 힘들다.",
                        "clue_start": "3",
                        "clue_end": "55"
                    },
                    {
                        "clue_text": "따라서 이 문제를 해결하기 위해 본 논문에서는 CRN에서 일차 사용자의 허용 가능한 outage 확률을 만족시키면서 주파수를 공유하는 이차 사용자의 파워 할당 기법을 제공한다.",
                        "clue_start": "265",
                        "clue_end": "363"
                    },
                    {
                        "clue_text": "그림 1에서 \\( S U_ { S } \\)와 \\( S U_ { D } \\)는 각각 이차 사용자 소스(source)와 목적지 (destination)을 나타낸다.",
                        "clue_start": "551",
                        "clue_end": "640"
                    },
                    {
                        "clue_text": "이러한 시스템에서 이차 사용자는 간섭 제약 내에서 일차 사용자의 주파수를 공유하게 된다.",
                        "clue_start": "1604",
                        "clue_end": "1653"
                    }
                ],
                "terminology": [
                    {
                        "word": "CRN"
                    },
                    {
                        "word": "Gaussian 분포"
                    },
                    {
                        "word": "SINR"
                    },
                    {
                        "word": "complex"
                    },
                    {
                        "word": "complex Gaussian 분포"
                    },
                    {
                        "word": "decode and forward"
                    },
                    {
                        "word": "destination"
                    },
                    {
                        "word": "exponential"
                    },
                    {
                        "word": "exponential 분포"
                    },
                    {
                        "word": "forward"
                    },
                    {
                        "word": "half duplex relay"
                    },
                    {
                        "word": "i.i.d."
                    },
                    {
                        "word": "outage"
                    },
                    {
                        "word": "outage확률"
                    },
                    {
                        "word": "relay"
                    },
                    {
                        "word": "source"
                    },
                    {
                        "word": "간섭 잡음"
                    },
                    {
                        "word": "간섭 제약"
                    },
                    {
                        "word": "독립 분포"
                    },
                    {
                        "word": "랜덤 변수"
                    },
                    {
                        "word": "모의실험"
                    },
                    {
                        "word": "목적지"
                    },
                    {
                        "word": "반양방향 중계기"
                    },
                    {
                        "word": "복호 후 전달"
                    },
                    {
                        "word": "분산"
                    },
                    {
                        "word": "소스"
                    },
                    {
                        "word": "수신기"
                    },
                    {
                        "word": "순시"
                    },
                    {
                        "word": "시간 슬롯"
                    },
                    {
                        "word": "시변"
                    },
                    {
                        "word": "시변 채널"
                    },
                    {
                        "word": "이차 사용자"
                    },
                    {
                        "word": "일차 사용자"
                    },
                    {
                        "word": "잡음"
                    },
                    {
                        "word": "주파수"
                    },
                    {
                        "word": "중계기"
                    },
                    {
                        "word": "채널 이득"
                    },
                    {
                        "word": "채널 추정"
                    },
                    {
                        "word": "파워 할당"
                    },
                    {
                        "word": "파워 할당 기법"
                    },
                    {
                        "word": "피드백"
                    },
                    {
                        "word": "피드백 지연"
                    }
                ]
            }
        ]
    }
}