{
    "dataset_info": {
        "identifier": "02-031-002-NL",
        "name": "기술과학 문서 요약 데이터",
        "category": "자연어",
        "last_updated": "2023-08-30"
    },
    "dataset": {
        "doc_id": "114998e3-b5dd3daa-6fd3-4965-85d2-97e90f8e164e",
        "doc_type": "논문",
        "doc_title": {
            "kor": "접미사 배열을 이용한 Suffix-Prefix가 일치하는 모든 쌍 찾기",
            "eng": ""
        },
        "doc_category": {
            "KDC": "413.05",
            "DDC": ""
        },
        "doc_number": {
            "ISSN": "2287-5891",
            "ISBN": "",
            "DOI": "",
            "UCI": ""
        },
        "doc_year": "2010",
        "doc_author": [
            "한선미",
            "우진운"
        ],
        "doc_publisher": "한국정보처리학회",
        "doc_license": "CC BY-NC",
        "context_info": [
            {
                "context_id": "55e-0c9-merge_ee_114998e3-b5dd3daa-6fd3-4965-85d2-97e90f8e164e_06",
                "context_K-NSCC": {
                    "field": "인공물",
                    "large_category": "EE",
                    "medium_category": "99"
                },
                "context": "<h2>3.2 알고리즘</h2> <p>\\( k \\) 개의 문자열, \\( S_ { 1 } , S_ { 2 } , \\ldots, S_ { k } \\) 을 연결하여 하나의 문자열 \\( S \\) 를 만들고 접미사 베열 \\( S A \\) 를 생성한 훅, 3.1절에서 설명된 나머지 배열들의 값을 결정한다.</p> <p>이 배열들을 매개변수로 받아 suffix-prefix가 일치하는 모든 쌍 찾기를 수행하며, 알고리즘을 요약하면 알고리즘 2 와 같다. Suffix-prefix가 일치하는 모든 쌍 찾기의 결과는 배열 SufPref 에 저장되이 반환된다. 베열 SufPref 는 크기가 \\( k \\times k \\) 로서<표 \\( 1>\\) 과 같이 걸과를 저장하며, SufPref[i] [j] 는 \\( S_ { i } \\) 와 \\( S_ { j } \\) 의 suffix-prefix가 일치하는 \\( S_ { i } \\) 의 가장 긴 suffix의 시작 위치에 헤당한다.</p> <p>알고리즘 2의 4행에서 16 행 사이의 for 반복문은 각 문자 열에 대헤 suffix-prefix가 일치하는 모든 쌍을 찻기 위헤 실행된다. for 반복문내의 5행에서 15 행은 알고리즘 1 의 Backward Search 알고리즘을 약간 변형한 것으로, 8행에서 10 행의 for 반복문이 추가되었다. 이 반복문은 Backward Scarch의 실행 과정에서 블록의 시작 인네스 \\( \\mathrm { sp } \\) 와 끝 인덱스 ep 사이에 문자열의 시작 위치가 존재하는가를 확인하여 \\( \\operatorname { prefix } \\) 를 갖는 문자열을 찾기 위한 것이다. 즉, \\( \\mathrm { Sp } \\) 와 \\( \\mathrm { ep } \\) 가 나타내는 범위 내에 \\( S A_ {\\text { prePaS } } \\) 배열의 값이 존재한다면 현재의 검색 대상 문자의 위치를 인데스로 하는 Suffix와 prefix가 일치하는 문자열이 존재하는 것을 의한다.</p> <p>예를 들어, (그림 3)의 \\( S= \\left \\{ S_ { l } =x b a x a b, S_ { 2 } =a b x b, S_ { 3 } \\right . \\)-axabaxba \\( \\} \\) 에 대해 그 과정을 알아보자. 4 행의 for 반복문은 세 개의 문자열에 대해 3 번 반복 수행된다.</p> <p>\\( k=1 \\) 일 때, 문자열 \\( S_ { l } \\) 의 길이를 계산하여 \\( n \\) 에 할당하면 \\( n \\) 은 6이 되고 Sil6]의 문자는 'b' 이므로 Backward Scarch 에서 'b'를 prefix론 하는 블록의 시작 위치 \\( s p= \\) base[\"b'] + 1 \\( =11 \\) 과 끝 위치 \\( e p=b a s e \\left [x ^ {\\prime } \\right ]=16 \\) 으로 결정된다. 알고리즘 2의 8행과 10 행 사이에서 11 부터 16 사이에 SA prePOS 배열의 값이 존재하는가를 검사하는 데 \\( \\mathrm { SA } \\) prePos[17= 21, \\( S A_ {\\text { prePos[2] } } \\) 7, SA prePos[3]=9 이므로 이 범위 내에 있는 값은 없다.</p>",
                "context_length": 1586,
                "summary": "배열을 매개변수로 받아 suffix-prefix가 일치하는 모든 쌍을 찾는 알고리즘을 제안하였다. 이 결과는 배열 SufPref에 저장되어 반환된다. 알고리즘 내에서 각 문자열에 대해 suffix-prefix 일치 쌍을 찾기 위해 for 반복문을 실행하며, 이는 알고리즘 1의 Backward Search 알고리즘을 약간 변형한 것이다. 이중 for 반복문을 추가하여 보다 정교한 탐색을 가능하게 하였다.",
                "clue": [
                    {
                        "clue_text": "이 배열들을 매개변수로 받아 suffix-prefix가 일치하는 모든 쌍 찾기를 수행하며, 알고리즘을 요약하면 알고리즘 2 와 같다.",
                        "clue_start": "173",
                        "clue_end": "247"
                    },
                    {
                        "clue_text": "Suffix-prefix가 일치하는 모든 쌍 찾기의 결과는 배열 SufPref 에 저장되이 반환된다.",
                        "clue_start": "248",
                        "clue_end": "304"
                    },
                    {
                        "clue_text": "Suffix-prefix가 일치하는 모든 쌍 찾기의 결과는 배열 SufPref 에 저장되이 반환된다.",
                        "clue_start": "248",
                        "clue_end": "304"
                    },
                    {
                        "clue_text": "알고리즘 2의 4행에서 16 행 사이의 for 반복문은 각 문자 열에 대헤 suffix-prefix가 일치하는 모든 쌍을 찻기 위헤 실행된다.",
                        "clue_start": "488",
                        "clue_end": "567"
                    },
                    {
                        "clue_text": "for 반복문내의 5행에서 15 행은 알고리즘 1 의 Backward Search 알고리즘을 약간 변형한 것으로, 8행에서 10 행의 for 반복문이 추가되었다.",
                        "clue_start": "568",
                        "clue_end": "658"
                    }
                ],
                "terminology": [
                    {
                        "word": "Backward Search"
                    },
                    {
                        "word": "Backward Search 알고리즘"
                    },
                    {
                        "word": "SA prePOS 배열"
                    },
                    {
                        "word": "Search"
                    },
                    {
                        "word": "Suffix-prefix"
                    },
                    {
                        "word": "for 반복문"
                    },
                    {
                        "word": "suffix"
                    },
                    {
                        "word": "매개변수"
                    },
                    {
                        "word": "알고리즘"
                    }
                ]
            },
            {
                "context_id": "55e-0c9-merge_ee_114998e3-b5dd3daa-6fd3-4965-85d2-97e90f8e164e_04",
                "context_K-NSCC": {
                    "field": "인공물",
                    "large_category": "EE",
                    "medium_category": "99"
                },
                "context": "<p>이것은 패턴 \\( P= \\) tat 가 \\( S A[12] \\) 와 \\( S A[13] \\) 사이의 suffix의 prefix가 됨을 의미하며, 2 번 나타나고, 그 위치는 문자열 T 에서 \\( S A[12]=9, S A[13]=4 \\) 에 존재함을 의미한다. 즉 문자열 aattataatataa \\$ 와 aattataatataa \\$ 에서 믿줄 친 부분 문자열이 일치하는 패턴에 헤당한다.</p> <p>알고리즘 1 은 \\( O(m \\cdot| \\Sigma|) \\) 비트 공간을 사용하여 패턴의 길이에 비례하는 \\( O( \\mathrm { ~m } ) \\) 시간에 스트링 매칭을 수행한다. uffix array를 구성하기 위헤 선형시간 알고리즘을 이용할 때 \\( O( \\mathrm { ~m } ) \\) 시간과 \\( O( \\mathrm { ~m } ) \\) 공간이 필요하다.</p> <h1>3. Suffix-Prefix가 일치하는 모든 쌍 찾기</h1> <h2>3.1 정의 및 구조</h2> <p>suffix-prefix가 일치하는 모든 쌍 찾기는 두 개 이상의문자열이 주어질 때 각 쌍의 문자열에 대해 가장 긴 suffix와 일치하는 prefix를 찾는 문제이다.</p> <p>에를 들이, 세 개의 문자열 \\( S_ { 1 } =x b a x a b, S_ { 2 } =a b x b, S_ { 3 } \\)-axabaxba에 대헤 suffix-prefix가 일치하는 모든 쌍 찻기의 걸과는 다음과 같다. \\( S_ { 1 } \\) 과 \\( S_ { 2 } \\) 의 suffix-prefix는 ' 'ab', \\( S_ { 1 } \\) 과 \\( S_ { 3 } \\) 의 suffix-prefix는 'axab'가 되며, \\( S_ { 2 } \\) 와 \\( S_ { 1 } \\) 의 suffix-prefix는 xb', \\( S_ { 2 } \\) 와 \\( S_ { 3 } \\) 의 suffix-prefix는 존재하지 않는다. 마지막으 로, \\( S_ { 3 } \\) 와 \\( S_ { 1 } \\) 의 suffix-prefix는 ' \\( x b a \\) '가 되고, \\( S_ { 3 } \\) 와 \\( S_ { 2 } \\) 의 suffix-prefix는 ' \\( \\mathrm { a } \\) '가 된다. 이러한 걸과를 표시하면<표 \\( 1>\\) 과 같게 된다.<표 \\( 1>\\) 에서 숫자는 \\( S_ { i } \\) 와 \\( S_ { j } \\) 의 suffix-prefix 가 일치하는 \\( S_ { i } \\) 의 가장 긴 suffix의 시작 위치에 해당한다. 그리고 0 은 일치하는 suffix-prefix가 존재하지 않음을 의미한다.</p>",
                "context_length": 1314,
                "summary": "알고리즘 1은 \\( O(m \\cdot| \\Sigma|) \\) 비트 공간을 활용해 패턴 길이에 비례하는 \\( O( \\mathrm { ~m } ) \\) 시간에 스트링 매칭을 진행한다. 선형시간 알고리즘을 이용해 suffix array를 만들 때에는 \\( O( \\mathrm { ~m } ) \\) 시간과 \\( O( \\mathrm { ~m } ) \\) 공간이 필요하다. suffix-prefix 일치는 각 쌍의 문자열에 대해 가장 긴 suffix와 일치하는 prefix를 찾는 문제로 이해할 수 있다.",
                "clue": [
                    {
                        "clue_text": "알고리즘 1 은 \\( O(m \\cdot| \\Sigma|) \\) 비트 공간을 사용하여 패턴의 길이에 비례하는 \\( O( \\mathrm { ~m } ) \\) 시간에 스트링 매칭을 수행한다.",
                        "clue_start": "229",
                        "clue_end": "332"
                    },
                    {
                        "clue_text": "uffix array를 구성하기 위헤 선형시간 알고리즘을 이용할 때 \\( O( \\mathrm { ~m } ) \\) 시간과 \\( O( \\mathrm { ~m } ) \\) 공간이 필요하다.",
                        "clue_start": "333",
                        "clue_end": "436"
                    },
                    {
                        "clue_text": "suffix-prefix가 일치하는 모든 쌍 찾기는 두 개 이상의문자열이 주어질 때 각 쌍의 문자열에 대해 가장 긴 suffix와 일치하는 prefix를 찾는 문제이다.",
                        "clue_start": "505",
                        "clue_end": "599"
                    }
                ],
                "terminology": [
                    {
                        "word": "Suffix-Prefix"
                    },
                    {
                        "word": "array"
                    },
                    {
                        "word": "prefix"
                    },
                    {
                        "word": "suffix"
                    },
                    {
                        "word": "uffix array"
                    },
                    {
                        "word": "비트 공간"
                    },
                    {
                        "word": "선형시간"
                    },
                    {
                        "word": "선형시간 알고리즘"
                    },
                    {
                        "word": "스트링"
                    },
                    {
                        "word": "스트링 매칭"
                    },
                    {
                        "word": "알고리즘"
                    }
                ]
            },
            {
                "context_id": "55e-0c9-merge_ee_114998e3-b5dd3daa-6fd3-4965-85d2-97e90f8e164e_02",
                "context_K-NSCC": {
                    "field": "인공물",
                    "large_category": "EE",
                    "medium_category": "99"
                },
                "context": "<p>접미사 베열은 문자열 \\( T \\) 의 모든 suffix들을 사전적 순서에 의헤 오름차순으로 정렬한 후 그 위치 값들을 베열 \\( S A[1 . . n] \\) 에 저장한 것이다. 에를 들이, 문자열이 \\( T= \\) aattataatataa \\$ 일 때 접미사 베얼은 (그림 1)과 같이 생성된다. (그림 1)에서 두 번째 열의 \\( S A[i] \\) 는 접미사 베열이고, 세 번쩨 열의 \\( S_ { S A(i / 2 } \\) 접미사 베얼이 나타네는 문자얼의 suffix이다.</p> <p>접미사 트리는 생성 시간과 검색 및 매칭에 대해 접미사배열에 비해 빠른 처리 시간을 갖지만 자료 구조가 복잡하며, 원래의 문자열에 비해 큰 크기의 저장 공간을 필요로하는 단점이 있다. 반면, 접미사 배열은 저장 공간을 적게사용하고 구조가 간단하여 구현이 쉬운 실용적인 모델이라는 장점이 있으나 생성 시간이 많이 걸리는 단점이 있다.</p> <h2>2.2 Backward Search</h2> <p>문자열 \\( T \\) 에서 패턴 \\( P \\) 를 찻는 스트링 매칭 문제를 헤결 하기 위헤 Backward Scarch 방법을 사용할 수있다.</p> <p>알파벳 \\( \\Sigma= \\left \\{\\sigma_ { 1 } , \\sigma_ { 2 } , \\sigma_ { 3 } \\ldots \\sigma_ { 0 \\mid } \\right \\} \\) 상에서 정의된 길이 \\( n \\) 인 문자열 \\( T \\) 와 길이 \\( m \\) 인 패턴 \\( P \\) 가 주어져 있다고 하자. 문자열 \\( T \\) 의 모든 suffix들을 사전적 순서로 정렬헤 놓은 접미사 베열 \\( S A \\) 에서 패턴 \\( P \\) 를 prefix로 가지는 모든 suffix들을 찻음으모써 패턴 \\( P \\) 가 문자열 \\( T \\) 에서 이느 위치에 몇 번 나오는가를 계산할 수 있다.</p> <p>접미사 배열은 사전적 순서에 의헤 정렬되이 있으므로 해당 패턴이 들이있는 부분들이 블록화되이 있다. 이러한 성질을 이용하여 헤당 블록의 시작부분과 마지막부분의 인덱스를 조정하면서 패턴의 존재 유무 및 위치와 개수까지 찾을 수 있다. 알고리즘 \\(1 \\) 은 문자열 \\( T \\) 에서 패턴 \\( P \\) 를 찻는 Backward Search 알고리즘을 보여주고 있으며, (그림2)는 패턴 \\( P= \\) tat이고, 문자열 \\( T \\) =aattataatataa \\$ 일 때 알고리즘 \\(1 \\) 에서 베열 \\( C \\) 의 값과 접미사 베열 \\( S A \\) 의 관계를 보여준다. 베열 \\( C[1 . .| \\Sigma|] \\) 에는 문자열 \\( T \\) 에 유일하게 존재하는 각</p>",
                "context_length": 1320,
                "summary": "접미사 베열은 사전적 순서로 정렬한 모든 suffix들의 위치 값들을 담은 배열이다. 접미사 트리는 검색 및 매칭에 대해 빠른 처리 시간을 갖지만, 접미사 배열은 적은 저장 공간 및 간단한 구조로 인한 구현의 용이성을 갖는다. Backward Search는 주어진 모든 suffix들을 사전적 순서로 정렬한 접미사 베열 \\(SA\\) 에서 패턴 \\(P\\) 를 prefix로 가지는 모든 suffix가 문자열 \\(T\\) 에서 몇 번 나오는지를 계산하는 방법이다.",
                "clue": [
                    {
                        "clue_text": "접미사 트리는 생성 시간과 검색 및 매칭에 대해 접미사배열에 비해 빠른 처리 시간을 갖지만 자료 구조가 복잡하며, 원래의 문자열에 비해 큰 크기의 저장 공간을 필요로하는 단점이 있다.",
                        "clue_start": "278",
                        "clue_end": "380"
                    },
                    {
                        "clue_text": "반면, 접미사 배열은 저장 공간을 적게사용하고 구조가 간단하여 구현이 쉬운 실용적인 모델이라는 장점이 있으나 생성 시간이 많이 걸리는 단점이 있다.",
                        "clue_start": "381",
                        "clue_end": "463"
                    },
                    {
                        "clue_text": "문자열 \\( T \\) 의 모든 suffix들을 사전적 순서로 정렬헤 놓은 접미사 베열 \\( S A \\) 에서 패턴 \\( P \\) 를 prefix로 가지는 모든 suffix들을 찻음으모써 패턴 \\( P \\) 가 문자열 \\( T \\) 에서 이느 위치에 몇 번 나오는가를 계산할 수 있다.",
                        "clue_start": "768",
                        "clue_end": "926"
                    },
                    {
                        "clue_text": "문자열 \\( T \\) 에서 패턴 \\( P \\) 를 찻는 스트링 매칭 문제를 헤결 하기 위헤 Backward Scarch 방법을 사용할 수있다.",
                        "clue_start": "500",
                        "clue_end": "579"
                    },
                    {
                        "clue_text": "접미사 베열은 문자열 \\( T \\) 의 모든 suffix들을 사전적 순서에 의헤 오름차순으로 정렬한 후 그 위치 값들을 베열 \\( S A[1 .",
                        "clue_start": "3",
                        "clue_end": "83"
                    }
                ],
                "terminology": [
                    {
                        "word": "Backward Search"
                    },
                    {
                        "word": "Backward Search 알고리즘"
                    },
                    {
                        "word": "Search"
                    },
                    {
                        "word": "prefix"
                    },
                    {
                        "word": "suffix"
                    },
                    {
                        "word": "블록화"
                    },
                    {
                        "word": "사전적 순서"
                    },
                    {
                        "word": "스트링"
                    },
                    {
                        "word": "스트링 매칭"
                    },
                    {
                        "word": "스트링 매칭 문제"
                    },
                    {
                        "word": "알고리즘"
                    },
                    {
                        "word": "자료 구조"
                    },
                    {
                        "word": "접미사"
                    },
                    {
                        "word": "접미사 배열"
                    },
                    {
                        "word": "접미사 트리"
                    }
                ]
            },
            {
                "context_id": "55e-0c9-merge_ee_114998e3-b5dd3daa-6fd3-4965-85d2-97e90f8e164e_07",
                "context_K-NSCC": {
                    "field": "인공물",
                    "large_category": "EE",
                    "medium_category": "99"
                },
                "context": "<p>다음으로, \\( \\mathrm { n } \\) 을 1 만큼 감소시키면 \\( \\mathrm { n } \\) 은 5가 되며 \\( S_ { 1 } [5]= \\) ' \\( \\mathrm { a } \\) ' 가 되어 \\( O c c \\) 함수를 호출하여 새로운 \\( s p \\) 와 \\( e p \\) 를 계산한다. \\( \\operatorname { Ocd } \\) ( \\( a \\) ',1,11-1) 을 호출하면 'a'가 prev 배열의 1번째에서 10 번쩨 위치까지 1 번 나타나므로 1이 반환되이 \\( s p=b a s e \\left [a ^ {\\prime } \\right . \\) '] + \\( 1 + 1=5, \\operatorname { Oco } \\left (a ^ {\\prime } , 1,16 \\right ) \\) 을 호출하면 ' \\( \\mathrm { a } \\) '가 prev 베얼의 1 번쩨 에서 16 번쩨 위치까지 4 번 나타나므모 4 가 반환되이 ep=base ['a'] + 4=7 로 계산된다. 이것은 알고리즘 2 의 7 행의 while 반 복문의 다음 반복을 위한 새로운 블록의 시작과 끝 인덱스가 된다.</p> <p>계속해서 5 와 7 사이에서 \\( S A \\) prePos 의 값이 존재하는가 를 검사하는데 SA_prePos[2]= 7 만이 이 범위 내에 있다. 이것은 \\( \\mathrm { S } _ { 1 } \\) 의 suffix 'ab'와 일치하는 prefix를 가진 문자열이 \\( S_ { 2 } \\) 임을 의미하며 SufPrefl17[27=5 로 결정된다. 이 과정을 그림으로 나타내면 (그림 4)와 같다.</p> <p>다음으로, \\( n \\) 을 1 만큼 감소시키면 \\( n \\) 은 4 가 되며 \\( S_ { l } [4]= \\) 'x'가 되며 \\( \\operatorname { Occ } \\left (x ^ {\\prime } , 1,5-1 \\right ) \\) 을 호출하면 ' \\( \\mathrm { x } \\) '가 prev 베열의 1 번 째에서 4 번째 위치까지 존재하지 않으므로 0이 반환되어 \\( s p= \\) base [' \\( x \\) '] \\( ] + 0 + 1=17, \\operatorname { Ocd } \\left (x ^ {\\prime } , 1,7 \\right ) \\) 을 호출하면 ' \\( x \\) '가 prev 배열의 1 번째에서 7 번째 위치까지 2 번 나타나므로 2 가 반환되어 \\( \\mathrm { ep } = \\mathrm { basc } \\left [ { } ^ { 4 } \\mathrm { x } ^ {\\prime } \\right ] + 2=18 \\) 로 계산된다. 이것은 인데스 17 과 18 이 새로운 블록의 범위가 됨을 의미한다.</p>",
                "context_length": 1355,
                "summary": "\\(n\\) 값을 1씩 감소시키면서 \\(S_{1}[5]= 'a'\\) 값을 얻고, 그에 따라 \\(O c c\\) 함수를 호출하여 새로운 \\(s p\\) 와 \\(e p\\) 를 계산하였다. 그 다음, 5와 7 사이에 SA_prePos의 값이 있는지 검사했는데, SA_prePos[2]= 7 이 범위에 포함되었다. 이것은 \\(S_{1}\\)의 'ab' suffix가 \\(S_{2}\\)와 일치함을 나타내며, 이에 따라 SufPrefl17[27]=5가 결정되었다. 마지막으로, 인덱스 17과 18이 새로운 블록의 범위가 된다는 것을 확인하였다.",
                "clue": [
                    {
                        "clue_text": "다음으로, \\( \\mathrm { n } \\) 을 1 만큼 감소시키면 \\( \\mathrm { n } \\) 은 5가 되며 \\( S_ { 1 } [5]= \\) ' \\( \\mathrm { a } \\) ' 가 되어 \\( O c c \\) 함수를 호출하여 새로운 \\( s p \\) 와 \\( e p \\) 를 계산한다.",
                        "clue_start": "3",
                        "clue_end": "173"
                    },
                    {
                        "clue_text": "것은 알고리즘 2 의 7 행의 while 반 복문의 다음 반복을 위한 새로운 블록의 시작과 끝 인덱스가 된다.",
                        "clue_start": "513",
                        "clue_end": "574"
                    },
                    {
                        "clue_text": "이것은 \\( \\mathrm { S } _ { 1 } \\) 의 suffix 'ab'와 일치하는 prefix를 가진 문자열이 \\( S_ { 2 } \\) 임을 의미하며 SufPrefl17[27=5 로 결정된다.",
                        "clue_start": "665",
                        "clue_end": "779"
                    },
                    {
                        "clue_text": "다음으로, \\( n \\) 을 1 만큼 감소시키면 \\( n \\) 은 4 가 되며 \\( S_ { l } [4]= \\) 'x'가 되며 \\( \\operatorname { Occ } \\left (x ^ {\\prime } , 1,5-1 \\right ) \\) 을 호출하면 ' \\( \\mathrm { x } \\) '가 prev 베열의 1 번 째에서 4 번째 위치까지 존재하지 않으므로 0이 반환되어 \\( s p= \\) base [' \\( x \\) '] \\( ] + 0 + 1=17, \\operatorname { Ocd } \\left (x ^ {\\prime } , 1,7 \\right ) \\) 을 호출하면 ' \\( x \\) '가 prev 배열의 1 번째에서 7 번째 위치까지 2 번 나타나므로 2 가 반환되어 \\( \\mathrm { ep } = \\mathrm { basc } \\left [ { } ^ { 4 } \\mathrm { x } ^ {\\prime } \\right ] + 2=18 \\) 로 계산된다. ",
                        "clue_start": "815",
                        "clue_end": "1313"
                    },
                    {
                        "clue_text": "이것은 인데스 17 과 18 이 새로운 블록의 범위가 됨을 의미한다.",
                        "clue_start": "1313",
                        "clue_end": "1351"
                    }
                ],
                "terminology": [
                    {
                        "word": "base"
                    },
                    {
                        "word": "ep"
                    },
                    {
                        "word": "prefix"
                    },
                    {
                        "word": "prev 배열"
                    },
                    {
                        "word": "suffix"
                    },
                    {
                        "word": "while"
                    },
                    {
                        "word": "알고리즘"
                    },
                    {
                        "word": "인덱스"
                    }
                ]
            },
            {
                "context_id": "55e-0c9-merge_ee_114998e3-b5dd3daa-6fd3-4965-85d2-97e90f8e164e_10",
                "context_K-NSCC": {
                    "field": "인공물",
                    "large_category": "EE",
                    "medium_category": "99"
                },
                "context": "<p>Backward Search 알고리즘은 패턴의 길이에 비례하는 \\( O(m) \\) 시간에 스트링 매칭을 수행하므로, 알고리즘 2 의 7행 while 반복문은 문자열 \\( S_ { i } \\) 의 길이인 \\( n_ { i } \\) 만큼 반복하게 되고, 매 반복마다 8행의 for 반복문은 \\( k \\) 번 반복하므모 7 행 에서 16 행의 실행문의 시간복잡도는 \\( O \\left (k \\cdot n_ { i } \\right ) \\) 가 된다. 따 라서 4 행의 for 반복문이 모든 문자열에 데헤 반복하므로 알고리즘 2 의 시간복잡도는 \\( O(k \\cdot m) \\) 이 된다. 이때 \\( m= \\) \\( \\sum_ { i=1 } ^ { k } n_ { i } \\) 이며, \\( k \\) 게 문자열의 길이 합이다.</p> <p>한편, 접미사 트리 알고리즘은 \\( O \\left (m + k ^ { 2 } \\right ) \\) 의 시간복잡도 를 가지나, 연걸된 각 노드의 정보와 suffix link 등을 저장 하기 때문에 많은 공간을 사용하는 단점이 있다.</p> <h1>4. 실험 결과</h1> <p>본 절에서는 접미사 배열과 접미사 트리를 사용하여 suffix-prefix가 일치하는 모든 쌍 찾기를 위헤 소요되는 시 간과 메모리를 비교하였다. 접미사 배열은 Käarkkäainen- Sanders 알고리즘을 사용하여 생성한 후 알고리즘 2 를 적용하였으며, 접미사 트리는 Ukkonen 알고리즘[5]을 사용 하여 생성한 후에 [1]의 suffix-prefix 매칭을 위한 코드를 사용하였다.</p> <p>실험 데이터로는 DNA 문자열로 길이가 500 에서 1000 사이인 문자열을 100 개, 200 개, 300개, 400 개, 500 개로 실험하 였으며 하나의 문자열은 알파벳 \\( \\Sigma= \\{ a, c, g, t, \\$ \\} \\) 로 구성 되이 있다. 그리고 모든 실험은 \\( \\operatorname { Pentium(R)~D~CPU~ } 3.40 \\mathrm { GH } \\), \\( 1.5 \\mathrm { ~GB } \\) 메모리, Windows XP 환경에서 C + + 로 구현하여 사용하였다.</p> <p>(그림 6)은 실험에 걸린 소요시간을 그래프로 보여준다. 소요시간은 접미사 트리와 접미사 배열을 구성하는데 필요한 시간을 포함하며, 문자열의 수가 많아질수록 접미사 트리 알고리즘이 접미사 배열 알고리즘보다 시간을 더 많이 소요하는 것을 알 수 있다.</p>",
                "context_length": 1229,
                "summary": "접미사 배열과 접미사 트리를 사용하여 suffix-prefix 일치하는 쌍을 찾기 위해 시간과 메모리를 비교한 결과, 접미사 배열은 Käarkkäainen-Sanders 알고리즘, 접미사 트리는 Ukkonen 알고리즘을 사용하여 생성하였다. 문자열 수가 증가함에 따라 접미사 트리 알고리즘이 접미사 배열 알고리즘보다 더 많은 시간을 소요하는 것으로 관찰되었다.",
                "clue": [
                    {
                        "clue_text": "본 절에서는 접미사 배열과 접미사 트리를 사용하여 suffix-prefix가 일치하는 모든 쌍 찾기를 위헤 소요되는 시 간과 메모리를 비교하였다.",
                        "clue_start": "565",
                        "clue_end": "646"
                    },
                    {
                        "clue_text": "접미사 배열은 Käarkkäainen- Sanders 알고리즘을 사용하여 생성한 후 알고리즘 2 를 적용하였으며, 접미사 트리는 Ukkonen 알고리즘[5]을 사용 하여 생성한 후에 [1]의 suffix-prefix 매칭을 위한 코드를 사용하였다.",
                        "clue_start": "647",
                        "clue_end": "785"
                    },
                    {
                        "clue_text": "소요시간은 접미사 트리와 접미사 배열을 구성하는데 필요한 시간을 포함하며, 문자열의 수가 많아질수록 접미사 트리 알고리즘이 접미사 배열 알고리즘보다 시간을 더 많이 소요하는 것을 알 수 있다.",
                        "clue_start": "1118",
                        "clue_end": "1225"
                    }
                ],
                "terminology": [
                    {
                        "word": "Backward Search"
                    },
                    {
                        "word": "Backward Search 알고리즘"
                    },
                    {
                        "word": "C + +"
                    },
                    {
                        "word": "DNA"
                    },
                    {
                        "word": "Käarkkäainen- Sanders"
                    },
                    {
                        "word": "Search"
                    },
                    {
                        "word": "Ukkonen"
                    },
                    {
                        "word": "Windows"
                    },
                    {
                        "word": "XP"
                    },
                    {
                        "word": "for 반복문"
                    },
                    {
                        "word": "link"
                    },
                    {
                        "word": "suffix"
                    },
                    {
                        "word": "suffix link"
                    },
                    {
                        "word": "suffix-prefix"
                    },
                    {
                        "word": "while"
                    },
                    {
                        "word": "노드"
                    },
                    {
                        "word": "메모리"
                    },
                    {
                        "word": "반복문"
                    },
                    {
                        "word": "스트링"
                    },
                    {
                        "word": "스트링 매칭"
                    },
                    {
                        "word": "시간복잡도"
                    },
                    {
                        "word": "실행문"
                    },
                    {
                        "word": "실험 데이터"
                    },
                    {
                        "word": "알고리즘"
                    },
                    {
                        "word": "접미사"
                    },
                    {
                        "word": "접미사 배열"
                    },
                    {
                        "word": "접미사 트리"
                    },
                    {
                        "word": "트리 알고리즘"
                    }
                ]
            },
            {
                "context_id": "55e-0c9-merge_ee_114998e3-b5dd3daa-6fd3-4965-85d2-97e90f8e164e_01",
                "context_K-NSCC": {
                    "field": "인공물",
                    "large_category": "EE",
                    "medium_category": "99"
                },
                "context": "<p>이러한 단점을 개선하기 위해 접미사 배열(suffix array)이 제안되었다. 접미사 배열은 문자열의 모든 suffix를 사전적 순서로 정렬하여 그 시작 위치를 배열로 나타낸 것으로배열을 이용하므로 공간을 적게 차지한다. 접미사 트리를 이용하여 기존의 애플리케이션들을 대체하기 위한 연구또한 활발하게 이루어지고 있다.</p> <p>또한 특정한 문자열을 탐색할 때 Backward Search를 이용하여 선형 시간만큼 소요하는 탐색 알고리즘도 제안되었다.</p> <p>본 논문에서는 접미사 트리에 비해 적은 공간과 사전 처리(preprocessing)의 과정을 거치지 않는 접미사 배열을 이용한 suffix-prefix가 일치하는 모든 쌍 찾기 알고리즘을 제안하고자 한다. 현재 접미사 배열을 이용한 알고리즘은 알려져 있지 않으며, 제안하는 알고리즘은 [17]의 선형 탐색알고리즘을 활용한다.</p> <p>본 논문의 구성은 다음과 같다. 2장에서는 접미사 배열에대해 설명하고 3장에서 suffix-prefix가 일치하는 모든 쌍찾기를 위한 메모리 구조와 알고리즘에 대해 설명하고 4장에서는 접미사 트리와 비교한 실험 결과를 보인 후 5장에서 결론을 맺는다.</p> <h1>2. 관련 연구</h1> <h2>2.1 접미사 배열</h2> <p>접미사 베열은 접미사 트리에 비해 저장 공간을 적게 소모하는 자료 구조로 Manber와 Myers에 의해 제안된 후,선형시간 내에 생성될 수 있는 여러 가지 알고리즘들이 개발되어 왔으며, 문자열의 검색 및 매칭, 데이터의 압축,클러스터링 등 문자열 관련 여러 분야에서 접미사 트리를대신하고 있다.</p> <p>접미사 배열은 문자열의 모든 suffix들을 사전적 순서(lexicographical order)에 따라 정렬시킨 후 해당 suffix들의순서를 배열 형태로 저장한다.</p> <p>길이가 \\( n \\) 인 문자열 \\( T = T_ { 1 } T_ { 2 } T_ { 3 } \\ldots T_ { n } \\) 는 제한된 수의 알파벳 \\( ( \\Sigma= \\{ 01,0,03 \\ldots \\) 이 \\( ( \\Sigma) \\) 으롤 구성되며, \\( i \\) 번쩨 위치에서 시작하는 \\( T \\) 의 부분문자열 \\( T_ { i } =T_ { i } T_ { i + 1 } T_ { i + 2 } \\ldots T_ { n } \\)를 \\( T \\) 의 \\( i \\) 번쩨 suffix라 한다. 또한, 문자열 \\( T \\) 의 끝을 표시 하기 위헤 \\( \\Sigma \\) 의 요소이지만 문자열 \\( T \\) 에는 잆는 특별한 기호 \" \\($ \\)\"를 사용한다.</p>",
                "context_length": 1293,
                "summary": "본 논문은 접미사 트리보다 적은 저장 공간을 사용하는 접미사 배열을 활용한 suffix-prefix 일치 쌍 찾기 알고리즘을 제시한다. 접미사 배열은 Manber와 Myers에 의해 도입되어 문자열 검색, 매칭, 데이터 압축, 클러스터링 등에서 활용되고 있다. 본 논문은 접미사 배열에 대한 설명, 제안하는 메모리 구조와 알고리즘, 실험 결과 및 결론을 담고 있다.",
                "clue": [
                    {
                        "clue_text": "본 논문에서는 접미사 트리에 비해 적은 공간과 사전 처리(preprocessing)의 과정을 거치지 않는 접미사 배열을 이용한 suffix-prefix가 일치하는 모든 쌍 찾기 알고리즘을 제안하고자 한다.",
                        "clue_start": "265",
                        "clue_end": "379"
                    },
                    {
                        "clue_text": "접미사 베열은 접미사 트리에 비해 저장 공간을 적게 소모하는 자료 구조로 Manber와 Myers에 의해 제안된 후,선형시간 내에 생성될 수 있는 여러 가지 알고리즘들이 개발되어 왔으며, 문자열의 검색 및 매칭, 데이터의 압축,클러스터링 등 문자열 관련 여러 분야에서 접미사 트리를대신하고 있다.",
                        "clue_start": "640",
                        "clue_end": "805"
                    },
                    {
                        "clue_text": "2장에서는 접미사 배열에대해 설명하고 3장에서 suffix-prefix가 일치하는 모든 쌍찾기를 위한 메모리 구조와 알고리즘에 대해 설명하고 4장에서는 접미사 트리와 비교한 실험 결과를 보인 후 5장에서 결론을 맺는다.",
                        "clue_start": "472",
                        "clue_end": "594"
                    }
                ],
                "terminology": [
                    {
                        "word": "Backward Search"
                    },
                    {
                        "word": "Myers"
                    },
                    {
                        "word": "Search"
                    },
                    {
                        "word": "array"
                    },
                    {
                        "word": "lexicographical order"
                    },
                    {
                        "word": "preprocessing"
                    },
                    {
                        "word": "suffix"
                    },
                    {
                        "word": "suffix-prefix"
                    },
                    {
                        "word": "메모리"
                    },
                    {
                        "word": "부분문자열"
                    },
                    {
                        "word": "사전 처리"
                    },
                    {
                        "word": "사전적 순서"
                    },
                    {
                        "word": "선형 시간"
                    },
                    {
                        "word": "선형 탐색알고리즘"
                    },
                    {
                        "word": "알고리즘"
                    },
                    {
                        "word": "자료 구조"
                    },
                    {
                        "word": "접미사 배열"
                    },
                    {
                        "word": "접미사 트리"
                    },
                    {
                        "word": "클러스터링"
                    },
                    {
                        "word": "탐색알고리즘"
                    }
                ]
            },
            {
                "context_id": "55e-0c9-merge_ee_114998e3-b5dd3daa-6fd3-4965-85d2-97e90f8e164e_09",
                "context_K-NSCC": {
                    "field": "인공물",
                    "large_category": "EE",
                    "medium_category": "99"
                },
                "context": "<p>마지막으로 \\( n \\) 을 1 만큼 감소시키면 \\( n \\) 은 1 이 되며 \\( S_ { 1 } [1]= \\) 'x'가 되어 \\( \\mathrm { OCC } \\) 함수를 호출하여 새로운 \\( \\mathrm { Sp } \\) 와 \\( \\mathrm { ep } \\) 를 계산한 다. Occ( ' \\( x \\) ',1,14-1) 을 호출하면 'x'가 prev 베열의 1 번째에 서 13 번째 위치까지 4 번 나타나므모 4 가 반환되이 \\( s p=b a s e \\) \\( \\left [ { } ^ {\\prime } \\mathrm { x } \\right . \\) ' \\( \\left .] + 4 + 1=21, \\operatorname { Occ } ^ {\\prime } x ^ {\\prime } , 1,14 \\right ) \\) 을 호출하면 ' \\( \\mathrm { x } \\) '가 prev 배열의 1 번째에서 14 번째 위치까지 5 번 나타나므로 5가 반환되이 \\( e p=b a s e \\left [b ^ {\\prime } \\right ] + 5=21 \\) 로 계산된다. 21과 21 사이에서 SA_prePos 의 값이 존재하는가를 검사하는데 SAprePos[1]= 21 가 이 범위 내에 있다. 이것은 \\( S_ { 1 } \\) 자신의 시작위치이므로 무시된다.</p> <p>지금까지 결정된 값은 SufPrefl17[1]=0, SufPrefl1][27=5, SufPreff1]l37=3 이 되며,<표 \\( 1>\\) 의 첫 번째 행과 같게 되 다. SufPrefl 1][2]=5 는 \\( S_ { 1 } =x b a x a b \\) 와 \\( S_ { 2 } = \\underline { a b x b } \\) 의 밑줄 친 부분문자열이 최대 suffix 와 최데 prefix가 됨을 나타낸다. 그리고 SufPrefl1][3]=3 은 \\( S_ { 1 } =x b \\underline { a x a b } \\) 와 \\( S_ { 3 } = \\underline { a x a b a x b a } \\) 의 밑줄 친 부분문자열이 최대 suffix 와 최대 prefix가 됨을 나타낸다.</p> <p>문자얼 \\( S_ { 2 } , S_ { 3 } \\) 도 위의 과정과 동일한 방법으로 SufPref 배열의 두 번째와 세 번째 행에<표 \\( 1>\\) 과 같은 값을 저장 하게 된다.</p>",
                "context_length": 1169,
                "summary": "변수 \\( n \\)이 1씩 감소하며 마침내 1이 되는 과정에서, 문자열 \\( S_ { 1 } [1]= 'x' \\)를 통해 \\( \\mathrm { OCC } \\) 함수를 호출해 새로운 \\( \\mathrm { Sp } \\)와 \\( \\mathrm { ep } \\)를 계산한다. 문자열 \\( S_ { 2 } , S_ { 3 } \\) 도 같은 방법을 이용하여 SufPref 배열의 두 번째와 세 번째 행에 값을 저장한다. 이후, 21과 21 사이에서 SA_prePos의 존재 여부를 확인하는 과정에서, SAprePos[1]= 21이 해당 범위에 포함되는지 검토한다.",
                "clue": [
                    {
                        "clue_text": "마지막으로 \\( n \\) 을 1 만큼 감소시키면 \\( n \\) 은 1 이 되며 \\( S_ { 1 } [1]= \\) 'x'가 되어 \\( \\mathrm { OCC } \\) 함수를 호출하여 새로운 \\( \\mathrm { Sp } \\) 와 \\( \\mathrm { ep } \\) 를 계산한 다.",
                        "clue_start": "3",
                        "clue_end": "162"
                    },
                    {
                        "clue_text": "문자얼 \\( S_ { 2 } , S_ { 3 } \\) 도 위의 과정과 동일한 방법으로 SufPref 배열의 두 번째와 세 번째 행에<표 \\( 1>\\) 과 같은 값을 저장 하게 된다.",
                        "clue_start": "1064",
                        "clue_end": "1165"
                    },
                    {
                        "clue_text": "21과 21 사이에서 SA_prePos 의 값이 존재하는가를 검사하는데 SAprePos[1]= 21 가 이 범위 내에 있다.",
                        "clue_start": "551",
                        "clue_end": "620"
                    }
                ],
                "terminology": [
                    {
                        "word": "ep"
                    },
                    {
                        "word": "prefix"
                    },
                    {
                        "word": "prev 배열"
                    },
                    {
                        "word": "suffix"
                    },
                    {
                        "word": "부분문자열"
                    },
                    {
                        "word": "함수"
                    }
                ]
            },
            {
                "context_id": "55e-0c9-merge_ee_114998e3-b5dd3daa-6fd3-4965-85d2-97e90f8e164e_08",
                "context_K-NSCC": {
                    "field": "인공물",
                    "large_category": "EE",
                    "medium_category": "99"
                },
                "context": "<p>계속헤서 17 과 18 사이에서 \\( S A \\) prePos 의 값이 존재하는가를 김사하는데 이 범위에 속하는 SA prePOS 값이 없다.</p> <p>다음으로, \\( n \\) 을 1 만큼 감소시키면 \\( n \\) 은 3이 되며 SII37= ' \\( \\mathrm { a } \\) ' 가 되어 \\( \\mathrm { OCC } \\) 함수를 호출하여 새로운 \\( \\mathrm { Sp } \\) 와 \\( \\mathrm { ep } \\) 를 계산한다. \\( \\operatorname { Occ } \\left ( { } ^ { 2 } a, 1,17-1 \\right ) \\) 을 호출하면 ' \\( a \\) '가 prev 베열의 1 번쩨에서 16 번째 위치까지 4 번 나타나므모 4 가 반환되이 \\( \\left .s p=b a s e { } ^ {\\prime } a ^ {\\prime } \\right ] + \\) \\( 4 + 1=8, \\operatorname { Occ } \\left ( { } ^ {\\prime } a \\right . \\) ' 1,18 \\( ) \\) 을 호출하면 'a'가 prev 베열의 1 번쩨 에서 18 번쩨 위치까지 6 번 나타나므모 6 이 반환되어 \\( e p ^ { = } \\) basc['a'] + 6=9 몬 계산된다.</p> <p>계속헤서 8과 9사이에서 \\( S \\) AprePos[3]=9기 가 이 범위 내에 있다. 이것은 \\( \\mathrm { S } _ { 1 } \\) 의 suffix ' axab'와 일치하는 prefix를 가진 문자열이 \\( \\mathrm { S } _ { 3 } \\) 임을 의미하며 SufPref[1][3]=3 로 결정된 다. 이 과정을 그림으로 나타내면 (그림 5)와 같다.</p> <p>다시 \\( n \\) 을 1 만큼 감소시키면 \\( n \\) 은 2가 되며 \\( S_ { j } [2]= \\) 'b'가 되어 \\( \\mathrm { OCc } \\) 함수를 호출하여 세로운 \\( \\mathrm { sp } \\) 와 \\( e p \\) 를 계산한다. \\( \\operatorname { Occ } (' x \\) ', 1,8-1) 을 호출하면 'b'가 prev 배열의 1번째에서 7 번째 위치까지 3번 나타나므로 3이 반환되이 sp=base[\"b'] + \\( 3 + 1=14, O c d \\) ' \\( b \\) ', 1,9 \\( ) \\) 을 호출하편 'b'가 prev 베열의 1 번쩨 에서 9 번째 위치까지 4 번 나타나므로 4 가 반환되어 ep-base ['b'] + 4= 14 로 계산된다. 14 와 14 사이에서 \\( \\mathrm { SA } \\) prePos의 값이 존재하는가를 검사하는데 이 범위에 속하는. SA prePos 값이 없다.</p>",
                "context_length": 1347,
                "summary": "본문에서는 \\( S A \\) prePos 의 값이 17과 18 사이에 존재하는지를 확인하지만, 해당 범위에서 값을 찾지 못함을 명시하였다. 이후, \\( n \\) 값을 두 번 감소시키며, 각각 \\( n \\) 이 3과 2가 되었을 때의 \\( \\mathrm { OCC } \\) 함수를 통해 새로운 \\( \\mathrm { Sp } \\) 와 \\( \\mathrm { ep } \\) 를 계산하였다.",
                "clue": [
                    {
                        "clue_text": "계속헤서 17 과 18 사이에서 \\( S A \\) prePos 의 값이 존재하는가를 김사하는데 이 범위에 속하는 SA prePOS 값이 없다.",
                        "clue_start": "3",
                        "clue_end": "82"
                    },
                    {
                        "clue_text": "다음으로, \\( n \\) 을 1 만큼 감소시키면 \\( n \\) 은 3이 되며 SII37= ' \\( \\mathrm { a } \\) ' 가 되어 \\( \\mathrm { OCC } \\) 함수를 호출하여 새로운 \\( \\mathrm { Sp } \\) 와 \\( \\mathrm { ep } \\) 를 계산한다.",
                        "clue_start": "90",
                        "clue_end": "255"
                    },
                    {
                        "clue_text": "다시 \\( n \\) 을 1 만큼 감소시키면 \\( n \\) 은 2가 되며 \\( S_ { j } [2]= \\) 'b'가 되어 \\( \\mathrm { OCc } \\) 함수를 호출하여 세로운 \\( \\mathrm { sp } \\) 와 \\( e p \\) 를 계산한다.",
                        "clue_start": "867",
                        "clue_end": "1010"
                    }
                ],
                "terminology": [
                    {
                        "word": "prePos"
                    },
                    {
                        "word": "prev 배열"
                    },
                    {
                        "word": "prev 베열"
                    },
                    {
                        "word": "sp"
                    },
                    {
                        "word": "suffix"
                    }
                ]
            },
            {
                "context_id": "55e-0c9-merge_ee_114998e3-b5dd3daa-6fd3-4965-85d2-97e90f8e164e_03",
                "context_K-NSCC": {
                    "field": "인공물",
                    "large_category": "EE",
                    "medium_category": "99"
                },
                "context": "<p>문자가 접미사 배열 \\( S A \\) 에서 처음으로 나타나는 위치 바로 앞의 인덱스를 저장하며, 이것은 알고리즘 1 의 Backward Search에서 \\( s p \\) 와 \\( e p \\) 를 걸정하는데 사용된다. \\( s p \\) 는 블록의 시작 인덱스이고, \\( e p \\) 는 블록의 끝 인덱스에 해당한다. \\( O c d(c, i, j) \\) 함수는 접미사 배열 \\( S A[i] \\) 와 \\( S A[j] \\) 사이의 suffix 들의 바로 앞 문자(문자열 \\( T \\) 에서의 앞 문자로 (그림 2)에서 배열 prev 에 저장됨)들 중 문자 \\( c \\) 의 수를 계산한다. \\( O c c \\) 함수의 리턴 값을 이용하여 접미사 배열에서 패턴이 나타나는 블록의 시작 인덱스인 \\( s p \\) 와 끝 인덱스인 \\( e p \\) 를 계산 한다.</p> <p>예를 들어, 문자열 \\( T= \\) aattataatataa \\$에 대해 페턴 \\( P= \\) tat를 검색해보자. 패턴 \\( \\mathrm { P } \\) 의 마지막 문자 \\( P[3]= \\mathrm { t } \\) 부터 검색하기 시작하며, 문자 \\( \\mathrm { t } \\) 에 해당하는 배열 \\( C \\) 의 값은 9 이므로 \\( S P \\) \\( =9 + 1=10 \\), 알파벳 집합 \\( \\Sigma \\) 에서 \\( \\mathrm { t } \\) 가 가장 픈 문자이므로 \\( e p ^ {\\frac { 1 } { 2 } } = \\) \\( T \\) 의 길이인 14 가 된다. \\( P[2]= \\mathrm { a } \\) 에 대해 while 반복문 내에서 \\( S p \\) 를 결정하기 위해 \\( \\theta_ { c C } \\left (a ^ {\\prime } , 1,101 \\right ) \\) 함수를 호출하면, 배열 prev[1]과 prev[9] 사이에 ' \\( a \\) '가 4 개 있으므로 \\( S p=1 + 4 + 1=6 \\) 이 되고, \\( e p \\) 를 결정하기 위해 \\( \\operatorname { Occ } \\) ' \\( a \\) ',1,14) 함수를 호출하면, 배열 prev[1]과 prev[14] 사이에 ' \\( a \\) '가 8개 있으므로 \\( e p=1 + 8=9 \\) 가 된다. 다음으로, 마지막 while 반복문 내에서 \\( P[1]= \\mathrm { t } \\) 가 되며 \\( \\mathrm { sp } \\) 를 결정하기 위해 \\( O c c(' t, 1,61) \\) 함수를 호출하면, 배열 prev[1]과 prev[5] 사이에 't'가 2개 있으므로 \\( S p=9 + 2 + 1=12 \\) 가 되고, \\( e p \\) 를 결정하기 위해 \\( O c c(' t ' 1,9) \\) 함수를 호출하면, 배열 prev[1]과 prev[9] 사이에 ' \\( t \\) '가 4개 있으므로 \\( e p=9 + 4=13 \\) 이 된다.</p>",
                "context_length": 1430,
                "summary": "문자가 처음으로 나타나는 위치 바로 앞의 인덱스를 저장하고, Backward Search를 사용하여 문자열 T의 패턴 P가 나타나는 블록의 위치를 계산하기 위해, 시작 인덱스와 끝 인덱스를 계산하는 Ocd 함수와 바로 앞 문자들 중 문자 c의 수를 계산하는 Occ 함수를 사용한다.",
                "clue": [
                    {
                        "clue_text": "\\( O c c \\) 함수의 리턴 값을 이용하여 접미사 배열에서 패턴이 나타나는 블록의 시작 인덱스인 \\( s p \\) 와 끝 인덱스인 \\( e p \\) 를 계산 한다.",
                        "clue_start": "332",
                        "clue_end": "426"
                    },
                    {
                        "clue_text": "\\( O c d(c, i, j) \\) 함수는 접미사 배열 \\( S A[i] \\) 와 \\( S A[j] \\) 사이의 suffix 들의 바로 앞 문자(문자열 \\( T \\) 에서의 앞 문자로 (그림 2)에서 배열 prev 에 저장됨)들 중 문자 \\( c \\) 의 수를 계산한다.",
                        "clue_start": "179",
                        "clue_end": "331"
                    }
                ],
                "terminology": [
                    {
                        "word": "Backward Search"
                    },
                    {
                        "word": "Search"
                    },
                    {
                        "word": "sp"
                    },
                    {
                        "word": "suffix"
                    },
                    {
                        "word": "while"
                    },
                    {
                        "word": "리턴 값"
                    },
                    {
                        "word": "블록"
                    },
                    {
                        "word": "알고리즘"
                    },
                    {
                        "word": "인덱스"
                    },
                    {
                        "word": "접미사 배열"
                    }
                ]
            },
            {
                "context_id": "55e-0c9-merge_ee_114998e3-b5dd3daa-6fd3-4965-85d2-97e90f8e164e_00",
                "context_K-NSCC": {
                    "field": "인공물",
                    "large_category": "EE",
                    "medium_category": "99"
                },
                "context": "<h1>요약</h1> <p>최근 문자열 연산들이 계산 생물학 및 인터넷의 보안, 검색 분야에 응용되면서 효율적인 문자열 연산을 위한 다양한 자료구조와 알고리즘이 연구되고 있다. suffix-prefix가 일치하는 모든 쌍 찾기는 두 개 이상의 문자열이 주어질 때 각 쌍의 문자열에 대해 가장 긴 suffix와 일치하는prefix를 찾는 것으로 가장 짧은 슈퍼스트링을 검출하는 근사 알고리즘에서 사용될 뿐만 아니라 생물정보학, 데이터 압축 분야에서도 중요하게사용된다</p> <p>본 논문에서는 접미사 배열을 이용하는 suffix-prefix가 일치하는 모든 쌍 찾기 알고리즘을 제안하며 \\( O(k \\cdot m \\) )시간 복잡도를 가진다. 접미사 배열 알고리즘이 접미사 트리 알고리즘 보다 소요 시간과 메모리 면에서 더 우수함을 실험을 통해서 제시한다.</p> <p>키워드 : Suffix-Prefix 매칭, 문자열 매칭, 접미사 배열, 접미사 트리</p> <h1>1. 서 론</h1> <p>최근 문자열 연산들이 계산 생물학 분야 및 인터넷의 보안, 검색 분야에 응용되면서 효율적인 문자열 연산을 위한 자료구조와 알고리즘들이 연구되고 있다. 이러한 문자열 연산에는 문자열 패턴 매칭(string pattern matching), 최장 공통 부분문자열(longest common substring) 찾기, 멀터 텍스트와 멀티 패턴 문자열 매칭(multi text/multi pattern string matching), suffix prefix가 일치하는 모든 쌍 찾기(all pair suffix prefix matching) 등이 있다.</p> <p>suffix-prefix가 일치하는 모든 쌍 찻기는 두 개 이상의 문자열이 주이질 때 각 쌍의 문자열에 대헤 가장 긴 suffix 와 일치하는 prefix를 찻는 것을 의미한다. suffix-prefix가 일치하는 문자열을 찻는 문제는 하나 또는 여러 개의 문자열에서 존재하는 단일 패턴 또는 멀터 패턴의 모든 위치를 찻고, 존재하는 패턴들의 출현 횟수를 김출하며, 가장 짧은 슈퍼스트링(shortest superstring)을 김출하는 근사 알고리즘에서 사용될 뿐만 아니라, [3]에서 연구된 C.elegans의 유전자에서 \\( \\Lambda \\mathrm { CRs } \\) 의 개수와 위치를 산출하는데 사용되는등 생물정보학 분야에서도 아주 중요하게 사용된다.</p> <p>이러한 suffix-prefix가 일치하는 모든 쌍 찻기를 위헤 일반적인 스트링 매칭이나 접미사 트리(suffix trec)를 이용할 수 있다. 접미사 트리를 이용하는 알고리즘이 시간복잡도면에서 최적으로 알려셔 있다. \\( k \\) 게의 문자열이 주이지고 이 문자열들의 총 길이가 \\( m \\) 일 때, 접미사 트러 알고라즘은 \\( O \\left (m + k ^ { 2 } \\right ) \\) 의 시간복잡도를 가진다.</p> <p>접미사 트래는 문자열의 모든 suffix를 압축된 트라이 형태로 나타낸 것으로, 특정 노드의 모든 하위 노드가 공동의 접두사를 가진다. 또한 모든 네부 노드에 suffix link가 정의되어 있이, 쉽게 부분 문자열을 찻을 수 있다. 그러나 이러한 장점에도 불구하고, 접미사 트려는 연걸된 각 노드의 정보와 suffix link 등을 저장하기 때문에 원래의 문자열 보다 최소 5 베에서 10 베 정도의 근 공간을 요구하므로 DNA 서열 등 데용량의 자로에는 효율적이지 못하다.</p>",
                "context_length": 1705,
                "summary": "본 논문은 계산 생물학 및 인터넷 보안, 검색 분야에 적용되는 문자열 연산에 대한 효율적인 방법을 제시한다. 논문에서는 접미사 배열을 이용하여 suffix-prefix가 일치하는 모든 쌍을 찾는 알고리즘을 제안하며, 이 알고리즘은 \\( O(k \\cdot m \\) )의 시간 복잡도를 가진다. 이 알고리즘은 가장 짧은 슈퍼스트링을 찾는 근사 알고리즘, 생물정보학, 데이터 압축 분야에서도 활용될 수 있다. 실험을 통해 접미사 배열 알고리즘이 접미사 트리 알고리즘보다 시간과 메모리 면에서 우수함을 입증하였다.",
                "clue": [
                    {
                        "clue_text": "최근 문자열 연산들이 계산 생물학 및 인터넷의 보안, 검색 분야에 응용되면서 효율적인 문자열 연산을 위한 다양한 자료구조와 알고리즘이 연구되고 있다.",
                        "clue_start": "15",
                        "clue_end": "98"
                    },
                    {
                        "clue_text": "suffix-prefix가 일치하는 모든 쌍 찾기는 두 개 이상의 문자열이 주어질 때 각 쌍의 문자열에 대해 가장 긴 suffix와 일치하는prefix를 찾는 것으로 가장 짧은 슈퍼스트링을 검출하는 근사 알고리즘에서 사용될 뿐만 아니라 생물정보학, 데이터 압축 분야에서도 중요하게사용된다",
                        "clue_start": "99",
                        "clue_end": "259"
                    },
                    {
                        "clue_text": "본 논문에서는 접미사 배열을 이용하는 suffix-prefix가 일치하는 모든 쌍 찾기 알고리즘을 제안하며 \\( O(k \\cdot m \\) )시간 복잡도를 가진다.",
                        "clue_start": "267",
                        "clue_end": "358"
                    },
                    {
                        "clue_text": "접미사 배열 알고리즘이 접미사 트리 알고리즘 보다 소요 시간과 메모리 면에서 더 우수함을 실험을 통해서 제시한다.",
                        "clue_start": "359",
                        "clue_end": "422"
                    }
                ],
                "terminology": [
                    {
                        "word": "DNA"
                    },
                    {
                        "word": "common"
                    },
                    {
                        "word": "link"
                    },
                    {
                        "word": "matching"
                    },
                    {
                        "word": "prefix"
                    },
                    {
                        "word": "substring"
                    },
                    {
                        "word": "suffix"
                    },
                    {
                        "word": "suffix link"
                    },
                    {
                        "word": "suffix-prefix"
                    },
                    {
                        "word": "trec"
                    },
                    {
                        "word": "계산 생물학"
                    },
                    {
                        "word": "근사 알고리즘"
                    },
                    {
                        "word": "노드"
                    },
                    {
                        "word": "메모리"
                    },
                    {
                        "word": "문자열 매칭"
                    },
                    {
                        "word": "문자열 연산"
                    },
                    {
                        "word": "문자열 패턴 매칭"
                    },
                    {
                        "word": "부분문자열"
                    },
                    {
                        "word": "생물정보학"
                    },
                    {
                        "word": "슈퍼스트링"
                    },
                    {
                        "word": "슈퍼스트링(shortest superstring)"
                    },
                    {
                        "word": "스트링"
                    },
                    {
                        "word": "스트링 매칭"
                    },
                    {
                        "word": "시간 복잡도"
                    },
                    {
                        "word": "시간복잡도"
                    },
                    {
                        "word": "알고리즘"
                    },
                    {
                        "word": "유전자"
                    },
                    {
                        "word": "접미사 배열"
                    },
                    {
                        "word": "접미사 트리"
                    },
                    {
                        "word": "최장 공통 부분문자열"
                    },
                    {
                        "word": "트라이"
                    },
                    {
                        "word": "트래"
                    },
                    {
                        "word": "트리 알고리즘"
                    },
                    {
                        "word": "패턴 매칭"
                    },
                    {
                        "word": "하위 노드"
                    }
                ]
            }
        ]
    }
}