{
    "dataset_info": {
        "identifier": "02-031-002-NL",
        "name": "기술과학 문서 요약 데이터",
        "category": "자연어",
        "last_updated": "2023-08-30"
    },
    "dataset": {
        "doc_id": "31a7cd33-11289e0d-4527-45c3-b4c4-1bc174b3af2f",
        "doc_type": "논문",
        "doc_title": {
            "kor": "개선된 DWA 구조를 갖는 3차 3-비트 SC Sigma-Delta Modulator",
            "eng": ""
        },
        "doc_category": {
            "KDC": "560.5",
            "DDC": ""
        },
        "doc_number": {
            "ISSN": "2287-5026",
            "ISBN": "",
            "DOI": "",
            "UCI": ""
        },
        "doc_year": "2011",
        "doc_author": [
            "김동균",
            "조성익"
        ],
        "doc_publisher": "대한전자공학회",
        "doc_license": "CC BY-NC",
        "context_info": [
            {
                "context_id": "55e-0c9-07b5f5d4-e2bf-4e22-8350-9a476ec810f3",
                "context_K-NSCC": {
                    "field": "인공물",
                    "large_category": "EE",
                    "medium_category": "11"
                },
                "context": "<h1>Ⅱ. 개선된 DWA 구조</h1> <h2>1. 기존의 DWA 구조</h2> <p>기존의 3-비트 DWA 구조는 그림 1과 같고, DAC의 단위요소 커패시터 값을 재배열 시키는 DWA의 동작원리는 다음과 같은 순서로 이루어진다. 모든 데이터 코드는 클록의 상승시간에 동기 된다.</p> <p>ph1d 신호에 9-레벨 양자화기 블록에서 출력된 데이터 코드는 Shifter 블록에서 DAC 단위요소를 선택하는 DWA의 기능을 수행하기 위하여 \\( \\mathrm{clk} \\) 신호에 \\( 8- \\) 비트 Register 블록에서 저장되어 대기한다. 또한 저장된 신호는 \\( \\mathrm{clk} \\) 클록 신호에 3-비트 덧셈을 위하여 Encoder 블록에서 인코딩되어 3-비트 Adder로 보내어진다. Adder로 보내진 신호는 ph1 신호에 의하여 3-비트 Register \\( \\mathrm{B} \\) 에 저장되어 있던 데이터 코드 값인 \\( \\mathrm{C}_{0}, \\mathrm{C}_{1} \\), \\( \\mathrm{C}_{2} \\)와 덧셈이 이루어지며, 동시에 \\( \\mathrm{C}_{0}, \\mathrm{C}_{1}, \\mathrm{C}_{2} \\) 데이터 코드는 Shifter 블록의 조정신호로 보내져 \\( 0 \\sim 7 \\) 번의 쉬프트 동작을 수행시킨다. 그리고 Adder 블록을 거친 신호는 다음 신호에 쉬프트 동작전압으로 보내지기 위하여 3-비트 Register \\( \\mathrm{A} \\)에 저장된다. 이와 같은 절차에 의하여 DWA가 가지는 기능인 DAC의 커패시터 단위요소들을 재배열할 수 있어 DAC 비선형 잡음을 평균화할 수가 있다.</p> <h2>2. 제안한 DWA 구조</h2> <p>그림 2는 제안한 3-비트 DWA 구조이다. 제안한 구조는 기존구조에서 8-비트 Register 블록에 사용되는 여분의 clk 신호를 제거하기 위하여 8-비트 Register 블록 대신 8-비트 S-R 래치블록을 사용하였다. 이에 따라 9-레벨 양자화기 블록의 클록은 ph2d와 ph2로 변경 하였다. 또한 기존 구조에서 8-비트 Register 블록에 사용되었던 clk가 제거되면서 DWA 블록의 전체적인 클록 타이밍이 조정된다. 조정된 클록 타이밍으로 부터 2개의 3-비트 Register 블록을 1개의 3-비트 Register 블록으로 줄일 수 있었다.</p> <p>DWA의 출력은 각 적분기 스위치의 입력으로 이동하게 되는 데, 이 출력은 스위치 클록에 동기 되어 적분기의 입력으로 들어가게 된다. 그러므로 기존구조에서와 같이 안정된 동기를 맞추기 위해 사용된 여분의 clk 클록은 제거 할 수 있다.</p> <p>그림 3은 제안된 DWA 구조의 클록 타이밍도 이며, 동작원리는 다음과 같다.</p> <p>먼저 구간 (1)에서 입력 신호를 샘플링하고 구간 (2)에서 적분을 하며, 여기에서 나온 적분기의 출력은 구간 (3)에 양자화기에 입력된다. 8개의 온도계 코드로 변환되어 구간 (4)에서 출력된 신호는 S-R latch 블록을 거쳐 Shifter 블록으로 이동하고, 동시에 8개의 데이터 코드는 Encoder 블록을 거쳐 인코딩 된다. 인코딩된 신호는 이전신호와 더해져 Shifter 조정전압인 \\( \\mathrm{C}_{0}, \\mathrm{C}_{1}, \\mathrm{C}_{2} \\) 신호를 만들어 Shifter를 동작시켜 DWA 동작을 수행한다. 만들어진 조정전압은 구간 (5)에서 다음 신호와 덧셈을 위해 3-비트 Register A 블록에 저장되어진다.</p> <p>이렇게 제안한 구조로 설계를 하면 기존의 구조에서 필요했던 여분의 clk 제거할 수 있으며, 회로와 동작원리를 간략화 할 수 있다.</p>",
                "context_length": 1826,
                "summary": "그림 1은 기존 3비트 DWA 시스템의 구조는 DWA의 동작 원리는 DAC의 단위 소자의 커패시터 값을 다음과 같은 순서로 재정렬하는 것입니다. ph1d 신호의 9레벨 양자화기 블록에서 얻은 데이터 코드는 Shifter 블록에서 DAC 단위 요소를 선택하는 DWA 기능을 실행하는 데 사용됩니다. 이 절차에 따라 DAC의 커패시터 단위 요소를 재정렬하여 DWA 기능을 구현할 수 있습니다. 이러한 재배열은 DAC에 존재하는 비선형 잡음을 완화하는 데 도움이 되므로 평균 성능이 향상되며 제안하는 구조를 채택함으로써 기존 구조에서 요구되는 추가적인 클럭 신호의 필요성을 없앨 수 있으며 시스템의 회로 설계와 작동 원리를 모두 단순화합니다.",
                "clue": [
                    {
                        "clue_text": "기존의 3-비트 DWA 구조는 그림 1과 같고, DAC의 단위요소 커패시터 값을 재배열 시키는 DWA의 동작원리는 다음과 같은 순서로 이루어진다.",
                        "clue_start": "49",
                        "clue_end": "130"
                    },
                    {
                        "clue_text": "ph1d 신호에 9-레벨 양자화기 블록에서 출력된 데이터 코드는 Shifter 블록에서 DAC 단위요소를 선택하는 DWA의 기능을 수행하기 위하여 \\( \\mathrm{clk} \\) 신호에 \\( 8- \\) 비트 Register 블록에서 저장되어 대기한다.",
                        "clue_start": "166",
                        "clue_end": "307"
                    },
                    {
                        "clue_text": "이와 같은 절차에 의하여 DWA가 가지는 기능인 DAC의 커패시터 단위요소들을 재배열할 수 있어 DAC 비선형 잡음을 평균화할 수가 있다.",
                        "clue_start": "751",
                        "clue_end": "828"
                    },
                    {
                        "clue_text": "이렇게 제안한 구조로 설계를 하면 기존의 구조에서 필요했던 여분의 clk 제거할 수 있으며, 회로와 동작원리를 간략화 할 수 있다.",
                        "clue_start": "1749",
                        "clue_end": "1822"
                    }
                ],
                "terminology": [
                    {
                        "word": "3-비트 DWA 구조"
                    },
                    {
                        "word": "8-비트 Register 블록"
                    },
                    {
                        "word": "8-비트 S-R 래치블록"
                    },
                    {
                        "word": "Adder"
                    },
                    {
                        "word": "Adder 블록"
                    },
                    {
                        "word": "DAC"
                    },
                    {
                        "word": "DWA"
                    },
                    {
                        "word": "Encoder"
                    },
                    {
                        "word": "Register"
                    },
                    {
                        "word": "S-R"
                    },
                    {
                        "word": "Shifter"
                    },
                    {
                        "word": "Shifter 블록"
                    },
                    {
                        "word": "clk"
                    },
                    {
                        "word": "clk 신호"
                    },
                    {
                        "word": "latch"
                    },
                    {
                        "word": "ph1d 신호"
                    },
                    {
                        "word": "단위요소"
                    },
                    {
                        "word": "데이터 코드"
                    },
                    {
                        "word": "동기"
                    },
                    {
                        "word": "동작전압"
                    },
                    {
                        "word": "비선형"
                    },
                    {
                        "word": "쉬프트 동작"
                    },
                    {
                        "word": "스위치"
                    },
                    {
                        "word": "양자화기"
                    },
                    {
                        "word": "온도계 코드"
                    },
                    {
                        "word": "인코딩"
                    },
                    {
                        "word": "잡음"
                    },
                    {
                        "word": "재배열"
                    },
                    {
                        "word": "적분"
                    },
                    {
                        "word": "적분기"
                    },
                    {
                        "word": "조정전압"
                    },
                    {
                        "word": "커패시터"
                    },
                    {
                        "word": "클록"
                    },
                    {
                        "word": "클록 신호"
                    }
                ]
            },
            {
                "context_id": "55e-0c9-merge_2_31a7cd33-11289e0d-4527-45c3-b4c4-1bc174b3af2f_04",
                "context_K-NSCC": {
                    "field": "인공물",
                    "large_category": "EE",
                    "medium_category": "11"
                },
                "context": "<h2>2. 피드백 DAC를 가지는 SC 적분기 설계</h2> <p>3차 3-비트 SC Sigma-Delta Modulator를 설계하기 위한 3-비트 피드백 DAC를 가지는 3차 단일루프 적분기 구조는 그림 5와 같다. 3-비트 DAC 설계 시 공정상의 부정합 오차를 최소하기 위하여 8개의 단위요소 커패시터와 스위치로 구성하였다.</p> <p>그림 5에서 각각의 스위치들은 비 중첩 클록인 ph1, ph1d, ph2, ph2d에 동작하고, 동작원리는 다음과 같다. ph1이 \"1\"일 때 입력신호는 8개의 단위 커패시터 \\( \\mathrm { C } _ {\\mathrm { si } } \\) 에 샘플링 되고, ph2가 \"1\"일 때 충전된 샘플링 전하량은 \\( \\mathrm { Ph } 2 \\) 제어 신호에 의해서 기준신호 \\( \\mathrm { V } _ {\\text { ref + } } , \\mathrm { V } _ {\\text { ref- } } \\) 연결됨으로써 적분동작과 DAC 동작을 동시에 수행한다. 또한 Charge Injection에 의한 왜곡을 줄일 수 있도록 상보형 스위치를 사용하였으며, 스위치 ON 저항은 비이상성을 고려하여 \\( 250[ \\Omega] \\) 으로 설정하였다.</p> <p>적분기를 구성하는 증폭기를 설계함에 있어서 전력 소모를 줄이기 위해서는 적분기의 샘플링 커패시터를 줄여야 하지만, 반면 신호 대역내의 열잡음 \\( \\mathrm { kT } / \\mathrm { C } \\) 잡음을 줄이기 위해서는 적분기의 샘플링커패시터가 커져야 한다. 열잡음 \\( \\mathrm { kT } / \\mathrm { C } \\) 잡음에 대한 샘플링 커패시터는 식 (1)과 같이 주어진다.</p> <p>\\( C_ {\\text { stotal } } = \\frac { 8 k T \\cdot D R } { O S R \\cdot V_ { F S } ^ { 2 } } \\) (1)</p> <p>여기서 \\( \\mathrm { K } \\) 는 볼쯔만 상수, \\( \\mathrm { T } \\)는 절대온도, \\( \\mathrm { V } _ {\\mathrm { FS } } \\)는 양자화기의 차동입력이다.</p> <p>본 논문에서는 \\( \\mathrm { OSR } =64, \\mathrm { ~V } _ {\\mathrm { FS } } =1 \\mathrm { ~V } \\) 및 \\( \\mathrm { kT } / \\mathrm { C } \\) 를 고려하여 충분한 동적범위를 갖도록 식(1)에 의하여 설정한 최소 샘플링 커패시터 \\( \\mathrm { C } _ {\\text { stotal } } \\) 은 \\( 800 \\mathrm { fF } \\) 이다. 따라서 각각의 단위 커패시터 \\( \\mathrm { C } _ {\\mathrm { si } } \\) 를 \\( 100 \\mathrm { fF } \\) 로 설정하면 전체의 입력 샘플링 커패시터는 \\( 800 \\mathrm { fF } \\) 가 되고, 첫 번째 적분기의 계수는 \\( \\mathrm { C } _ {\\mathrm { stotal } } / \\mathrm { C } _ {\\mathrm { I } } =1 / 6 \\) 이므로 \\( \\mathrm { C } _ {\\mathrm { I } } \\) 는 \\( 4.8 \\mathrm { pF } \\) 이 된다. 두 번째와 세 번째 적분기의 변조기 계수 값은 각각 \\( 2.4 \\mathrm { pF } \\) 과 \\( 800 \\mathrm { fF } \\) 로 하였다.</p>",
                "context_length": 1736,
                "summary": "3차 단일루프 적분기 구조는 그림 5와 같이 나타낼 수 있으며 8개의 단위요소 커패시터와 스위치로 구성하여 3-비트 DAC 설계 시 공정상의 부정합 오차를 최소하였다. 또한 각 스위치는 ph1, ph1d, ph2, ph2d에 동작하며 ph1이 \"1\"일 때 입력신호는 8개의 단위 커패시터 \\( \\mathrm { C } _ {\\mathrm { si } } \\) 에 샘플링 되고, 기준신호 \\( \\mathrm { V } _ {\\text { ref + } } , \\mathrm { V } _ {\\text { ref- } } \\) 연결됨으로써 적분동작과 DAC 동작을 동시에 수행하게 된다.",
                "clue": [
                    {
                        "clue_text": "3-비트 DAC 설계 시 공정상의 부정합 오차를 최소하기 위하여 8개의 단위요소 커패시터와 스위치로 구성하였다.",
                        "clue_start": "124",
                        "clue_end": "186"
                    },
                    {
                        "clue_text": "3차 3-비트 SC Sigma-Delta Modulator를 설계하기 위한 3-비트 피드백 DAC를 가지는 3차 단일루프 적분기 구조는 그림 5와 같다.",
                        "clue_start": "38",
                        "clue_end": "123"
                    },
                    {
                        "clue_text": "ph1이 \"1\"일 때 입력신호는 8개의 단위 커패시터 \\( \\mathrm { C } _ {\\mathrm { si } } \\) 에 샘플링 되고, ph2가 \"1\"일 때 충전된 샘플링 전하량은 \\( \\mathrm { Ph } 2 \\) 제어 신호에 의해서 기준신호 \\( \\mathrm { V } _ {\\text { ref + } } , \\mathrm { V } _ {\\text { ref- } } \\) 연결됨으로써 적분동작과 DAC 동작을 동시에 수행한다.",
                        "clue_start": "262",
                        "clue_end": "513"
                    },
                    {
                        "clue_text": "그림 5에서 각각의 스위치들은 비 중첩 클록인 ph1, ph1d, ph2, ph2d에 동작하고, 동작원리는 다음과 같다.",
                        "clue_start": "194",
                        "clue_end": "261"
                    }
                ],
                "terminology": [
                    {
                        "word": "Charge"
                    },
                    {
                        "word": "Charge Injection"
                    },
                    {
                        "word": "DAC"
                    },
                    {
                        "word": "FS"
                    },
                    {
                        "word": "Modulator"
                    },
                    {
                        "word": "OSR"
                    },
                    {
                        "word": "SC Sigma-Delta Modulator"
                    },
                    {
                        "word": "Sigma-Delta Modulator"
                    },
                    {
                        "word": "si"
                    },
                    {
                        "word": "단위요소"
                    },
                    {
                        "word": "단일루프"
                    },
                    {
                        "word": "변조기"
                    },
                    {
                        "word": "볼쯔만 상수"
                    },
                    {
                        "word": "부정합"
                    },
                    {
                        "word": "비 중첩 클록"
                    },
                    {
                        "word": "상보형 스위치"
                    },
                    {
                        "word": "샘플링"
                    },
                    {
                        "word": "샘플링 커패시터"
                    },
                    {
                        "word": "스위치"
                    },
                    {
                        "word": "스위치 ON 저항"
                    },
                    {
                        "word": "양자화기"
                    },
                    {
                        "word": "열잡음"
                    },
                    {
                        "word": "잡음"
                    },
                    {
                        "word": "적분기"
                    },
                    {
                        "word": "적분기 구조"
                    },
                    {
                        "word": "적분동작"
                    },
                    {
                        "word": "전력 소모"
                    },
                    {
                        "word": "전하량"
                    },
                    {
                        "word": "증폭기"
                    },
                    {
                        "word": "차동입력"
                    },
                    {
                        "word": "커패시터"
                    }
                ]
            },
            {
                "context_id": "55e-0c9-ab21df71-0dcd-4315-a399-f7f841af3137",
                "context_K-NSCC": {
                    "field": "인공물",
                    "large_category": "EE",
                    "medium_category": "11"
                },
                "context": "<h1>I. 서 론</h1> <p>통신 시스템의 수요증가와 함께 이들 시스템에서 사용되어지는 아날로그 디지털 변환기(Analog to Digital Converter, ADC의 기술 역시 발달하고 있다. ADC는 통신용 변복조기, 음성 영상 신호처리뿐만 아니라 DSP (Digital Signal Processor) 등의 분야에서도 핵심적인 역할을 하고 있다. 특히 Sigma-Delta ADC는 낮은 OSR(OverSampling Rate)에서도 높은 해상도를 얻기 위한 방법으로 신호처리 시스템에 많이 사용되어지고 있다.</p> <p>Sigma-Delta Modulator의 해상도를 높이기 위한 여러 방법 중 양자화기 비트수를 증가시키는 방법으로 멀티비트 구조가 많이 사용 된다. 멀티비트 구조는 양자화기의 비트 수가 증가할 때마다 1-비트 당 \\( 6 \\mathrm{~dB} \\) 의 SNR (Signal-to-Noise Ratio)이 증가하며, 다른 구조에 비해 샘플링 커패시터를 작게 사용할 수가 있어 증폭기 설계 시 소모 전력이 감소한다는 장점이 있다. 그러나 멀티비트 구조에 사용되는 DAC 의 부정합에 기인한 비선형성으로 Sigma-Delta Modulator의 성능을 저하시킨다. 이를 개선하기 위한 방법으로써 공정에서의 연마 (Trimming) 방법, 제어전압에 의한 전류원 보정방법, 추가적인 스위칭 커패시터 제어방법, PROM을 이용한 보정방법 등이 있지만 실제 Sigma-Delta Modulator에서 사용하기 위해서는 추가적인 보정을 하여야 하고, 이로 인해 추가적인 비용이 소요되는 문제점이 있다. 그 이외의 방법으로 회로 구현이 쉽고 에러보정과 추가 비용이 필요치 않는 DEM (Dynamic Element Matching)이 있다. DEM 기법은 공정상에서 발생하는 오차 성분에 대하여 DAC 의 단위요소 커패시터들을 재 배열함으로써 비선형 잡음을 평균화할 수가 있다. 이러한 DEM 기술은 CLA (Clock Level Averaging), ILA (Individual Level Averaging), DWA(Data Weighted Averaging) 알고리즘 등이 있다. 특히 DWA 알고리즘은 피드백 DAC 에서 기인된 비이상성을 제거하는 매우 효과적이고 단순한 방법으로 멀티비트 Sigma-Delta Modulator에 널리 이용되고 있다.</p> <p>본 논문에서는 DEM 기법중 하나인 DWA를 이용한 멀티비트 Sigma-Delta Modulator를 설계 시 DWA 구조를 간략화 할 수 있는 방법을 제안한다. 기존구조는 양자화기의 데이터 코드 출력 값을 \\( 2^{n} \\) 개의 Register 블록에 저장하기 위하여 여분의 클록이 필요하지만 제안한 구조는 \\( 2^{\\mathrm{n}} \\) 개의 S-R Latch 블록을 이용함으로써 기존 구조에서 사용한 여분의 클록을 제거하였을 뿐만 아니라 MOS Tr. 개수를 감소시켰다. 또한 2 개의 \\( \\mathrm{n} \\)-비트 Register 블록을 1 개의 \\( \\mathrm{n} \\)-비트 Register 블록으로 감소시켜 멀티비트 SC Sigma-Delta Modulator의 면적 및 전력소모를 감소시켰다.</p> <p>본 논문은 구성은 다음과 같다. 파아에서 기존 DWA 구조에 비하여 개선된 DWA 구조를 제안하였고, III장에서는 제안된 DWA 구조의 개선된 사항을 입증하기 위하여 3차 3-비트 SC Sigma-Delta Modulator를 모델링 및 설계하였다. 그리고 IV장에서는 III장의 각 블록을 적용하여 회로 레벨에서 설계된 3차 3-비트 SC Sigma- Delta Modulator의 시뮬레이션 결과 및 고찰을 하였고, \\( \\mathrm{V} \\) 장에 결론을 제시하였다.</p>",
                "context_length": 1857,
                "summary": "특히 Sigma-Delta ADC는 낮은 OSR에서도 높은 해상도를 얻기 위한 방법으로 신호처리 시스템에 많이 사용되어지고 있고 Sigma-Delta Modulator의 해상도를 높이기 위한 여러 방법 중 양자화기 비트수를 증가시키는 방법으로 멀티비트 구조가 많이 사용 되나, 멀티비트 구조에 사용되는 DAC 의 부정합에 기인한 비선형성으로 Sigma-Delta Modulator의 성능을 저하시킨다. 본 논문에서는 DEM기법중 하나로써 피드백 DAC 에서 기인된 비이상성을 제거하는 매우 효과적이고 단순한 방법인 DWA를 이용한 멀티비트 Sigma-Delta Modulator를 설계 시, DWA 구조를 간략화 할 수 있는 방법을 제안한다.",
                "clue": [
                    {
                        "clue_text": "특히 Sigma-Delta ADC는 낮은 OSR(OverSampling Rate)에서도 높은 해상도를 얻기 위한 방법으로 신호처리 시스템에 많이 사용되어지고 있다.",
                        "clue_start": "202",
                        "clue_end": "293"
                    },
                    {
                        "clue_text": "Sigma-Delta Modulator의 해상도를 높이기 위한 여러 방법 중 양자화기 비트수를 증가시키는 방법으로 멀티비트 구조가 많이 사용 된다.",
                        "clue_start": "301",
                        "clue_end": "383"
                    },
                    {
                        "clue_text": "그러나 멀티비트 구조에 사용되는 DAC 의 부정합에 기인한 비선형성으로 Sigma-Delta Modulator의 성능을 저하시킨다.",
                        "clue_start": "541",
                        "clue_end": "614"
                    },
                    {
                        "clue_text": "특히 DWA 알고리즘은 피드백 DAC 에서 기인된 비이상성을 제거하는 매우 효과적이고 단순한 방법으로 멀티비트 Sigma-Delta Modulator에 널리 이용되고 있다.",
                        "clue_start": "1070",
                        "clue_end": "1166"
                    },
                    {
                        "clue_text": "본 논문에서는 DEM 기법중 하나인 DWA를 이용한 멀티비트 Sigma-Delta Modulator를 설계 시 DWA 구조를 간략화 할 수 있는 방법을 제안한다.",
                        "clue_start": "1174",
                        "clue_end": "1264"
                    }
                ],
                "terminology": [
                    {
                        "word": "ADC"
                    },
                    {
                        "word": "CLA"
                    },
                    {
                        "word": "CLA (Clock Level Averaging)"
                    },
                    {
                        "word": "Converter"
                    },
                    {
                        "word": "DAC"
                    },
                    {
                        "word": "DEM"
                    },
                    {
                        "word": "DEM (Dynamic Element Matching)"
                    },
                    {
                        "word": "DSP"
                    },
                    {
                        "word": "DSP (Digital Signal Processor)"
                    },
                    {
                        "word": "DWA"
                    },
                    {
                        "word": "DWA(Data Weighted Averaging)"
                    },
                    {
                        "word": "Delta"
                    },
                    {
                        "word": "ILA"
                    },
                    {
                        "word": "Latch"
                    },
                    {
                        "word": "Matching"
                    },
                    {
                        "word": "Modulator"
                    },
                    {
                        "word": "OSR"
                    },
                    {
                        "word": "OSR(OverSampling Rate)"
                    },
                    {
                        "word": "PROM"
                    },
                    {
                        "word": "Processor"
                    },
                    {
                        "word": "Register"
                    },
                    {
                        "word": "S-R"
                    },
                    {
                        "word": "SC Sigma-Delta Modulator"
                    },
                    {
                        "word": "SNR"
                    },
                    {
                        "word": "SNR (Signal-to-Noise Ratio)"
                    },
                    {
                        "word": "Sigma-Delta ADC"
                    },
                    {
                        "word": "Sigma-Delta Modulator"
                    },
                    {
                        "word": "단위요소"
                    },
                    {
                        "word": "데이터 코드"
                    },
                    {
                        "word": "멀티비트 구조"
                    },
                    {
                        "word": "발달"
                    },
                    {
                        "word": "변복조기"
                    },
                    {
                        "word": "부정합"
                    },
                    {
                        "word": "비선형"
                    },
                    {
                        "word": "비선형성"
                    },
                    {
                        "word": "비트 Register"
                    },
                    {
                        "word": "비트수"
                    },
                    {
                        "word": "샘플링 커패시터"
                    },
                    {
                        "word": "스위칭"
                    },
                    {
                        "word": "시뮬레이션"
                    },
                    {
                        "word": "신호처리 시스템"
                    },
                    {
                        "word": "아날로그 디지털 변환기"
                    },
                    {
                        "word": "알고리즘"
                    },
                    {
                        "word": "양자화기"
                    },
                    {
                        "word": "연마 (Trimming) 방법"
                    },
                    {
                        "word": "잡음"
                    },
                    {
                        "word": "전력소모"
                    },
                    {
                        "word": "전류원 보정방법"
                    },
                    {
                        "word": "제어전압"
                    },
                    {
                        "word": "증폭기"
                    },
                    {
                        "word": "커패시터"
                    },
                    {
                        "word": "통신 시스템"
                    },
                    {
                        "word": "통신용 변복조기"
                    },
                    {
                        "word": "회로"
                    }
                ]
            }
        ]
    }
}