{
    "dataset_info": {
        "identifier": "02-031-002-NL",
        "name": "기술과학 문서 요약 데이터",
        "category": "자연어",
        "last_updated": "2023-08-30"
    },
    "dataset": {
        "doc_id": "31a7cd33-27eb1902-164e-4306-839e-afa3b21776a7",
        "doc_type": "논문",
        "doc_title": {
            "kor": "스테레오 비전을 이용한 저전력 적외선 멀티 터치스크린 컨트롤러의 설계",
            "eng": ""
        },
        "doc_category": {
            "KDC": "560.5",
            "DDC": ""
        },
        "doc_number": {
            "ISSN": "2287-5026",
            "ISBN": "",
            "DOI": "",
            "UCI": ""
        },
        "doc_year": "2010",
        "doc_author": [
            "정성완",
            "권오준",
            "정용진"
        ],
        "doc_publisher": "대한전자공학회",
        "doc_license": "CC BY-NC",
        "context_info": [
            {
                "context_id": "55e-0c9-merge_2_31a7cd33-27eb1902-164e-4306-839e-afa3b21776a7_00",
                "context_K-NSCC": {
                    "field": "인공물",
                    "large_category": "EE",
                    "medium_category": "99"
                },
                "context": "<h1>요 약</h1> <p>최근 터치스크린 기술은 인간이 컴퓨터와 대화할 수 있는 주요 도구로서 급진적인 발전을 이루고 있다. 이 사용자 친화적인 인터페이스는 휴대폰에 이어 데스크탑, TV와 같은 대형스크린 시장까지 확산되어가고 있지만 기존의 저항막방식, 정전용량방식, 초음파방식 등은 기술 및 비용문제로 인하여 중-대형스크린에 적용하기 힘들다. 따라서 본 논문에서는 적외선과 라인스캔 이미지센서를 이용하여 간단하고 저렴한 비용으로 중-대형스크란에 적용할 수 있는 광학 영상 터치스크린 솔루션을 소개하고 이 기술이 갖는 문제점과 해결방안을 제시한다. 멀티 포인트를 추출하기 위한 주요 알고리즘은 범용프로세서를 이용하여 구현 시 약 \\( 34 \\mathrm { ~ms } (29 \\mathrm { fps } ) \\)가 소요되었으며 이는 휴먼인터페이스 디바이스로 사용되기에는 불충분하였다. 이를 해결하기 위하여 본 논문에서는 신호처리 및 좌표추출연산을 위한 하드웨어를 설계하여 성능을 향상시키고 광학 영상 터치스크린이 갖는 문제점을 소프트웨어에서 효율적으로 처리할 수 있도록 하였다. 설계한 터치스크린 컨트롤러의 PSM(Power Saving Mode)은 \\( 1.8 \\mathrm { Wh } \\)의 적외선 소비에너지를 \\( 0.0072 \\mathrm { Wh } \\)까지 개선하였으며 60 인치 대형스크린에서 2개의 실제 좌표를 \\( 200 \\mathrm { fps } \\) 속도로 연산해낸다.</p> <h1>I. 서 론</h1> <p>터치스크린은 과거 ATM(Automatic Teller Machine), Kiosk등 산업용 제품에 한정되었으나 최근 사용자 친화적 인터페이스를 채용한 어플리케이션들이 다량 등장함에 따라 그 영향력은 휴대폰에 이어 Laptop, Desktop에까지 확산되어 가고 있으며 이에 중.대형 디스플레이의 터치스크린 솔루션을 위한 연구가 지속되고 있다. 그 중 적외선을 이용한 터치스크린은 정전용량방식, 저항막방식, 표면 초음파방식 등에 비해 적은 비용으로 대형스크린에 적용시킬 수 있으며 스크린 표면에 터치를 감지하기 위한 별도의 장치가 필요 없기 때문에 화면의 투과성 및 내구성이 강하다는 장점으로 많이 이용되어진다.</p> <p>적외선을 이용한 터치스크린은 크게 두 가지 방식으로 구분된다. 적외선 발광소자와 수광소자 간의 터치로 인한 차단된 구간을 감지하여 터치를 인식하는 방법과 적외선 발광 물체를 이용하여 화면에 적외선 잔상을 두어 화면의 전면 또는 후면에서 카메라로 촬영 및 인식하는 방법이다. 그림 1 은 두 가지 방식의 전형적인 예를 보여준다. (a)는 좁은 공간에도 설치할 수 있으며 스크린의 제약이 없으나 화면의 크기가 커질수록 필요한 적외선 발광소자와 수광소자의 개수가 비례적으로 증가하여 비용이 커진다는 단점이 있다. (b)는 FTIR(Frustrated Total Internal Reflection)을 이용하여 화면에 적외선 잔상을 두어 화면의 전면 또는 후면에서 카메라로 촬영하여 인식하는 방법이다. 투영 방식을 사용하프로 화면의 크기에 따라 카메라의 위치가 멀어져야하기 때문에 큰 공간을 필요로 한다는 단점이 있다.</p> <p>본 논문에서는 수광소자를 사용하는 대신 Line-scan Image Sensor를 이용하여 공간을 많이 차지하지 않으면서 대형스크린 적용에도 큰 비용부담을 줄일 수 있는 (a)의 변형된 방법을 이용할 수 있도록 컨트롤러를 설계하였다.</p>",
                "context_length": 1695,
                "summary": "적외선과 라인스캔 이미지센서를 사용해서 간단하고 저렴한 비용으로 중-대형스크란에 적용 가능한 광학 영상 터치스크린 솔루션을 소개하며 이 기술이 갖는 문제점 및 해결방안에 대해 제시한다. 본 논문은 신호처리와 좌표추출연산을 위해서 하드웨어를 설계 성능을 향상시키며 광학 영상 터치스크린이 가지는 문제점을 소프트웨어에서 효과적으로 처리하도록 했다. 적외선을 이용한 터치스크린은 첫째는 적외선 발광소자 및 수광소자 간의 터치로 인한 차단된 구간을 감지해서 터치를 인식하는 방법, 둘째는 적외선 발광 물체를 사용해서 화면에 적외선 잔상을 두어 화면의 전면 또는 후면에서 카메라로 촬영하고 인식하는 방법이다. 본 논문은 Line-scan Image Sensor를 사용해서 공간을 줄이고 대형스크린 적용에도 비용을 줄일수 있도록 컨트롤러를 설계했다.",
                "clue": [
                    {
                        "clue_text": "따라서 본 논문에서는 적외선과 라인스캔 이미지센서를 이용하여 간단하고 저렴한 비용으로 중-대형스크란에 적용할 수 있는 광학 영상 터치스크린 솔루션을 소개하고 이 기술이 갖는 문제점과 해결방안을 제시한다.",
                        "clue_start": "195",
                        "clue_end": "308"
                    },
                    {
                        "clue_text": "이를 해결하기 위하여 본 논문에서는 신호처리 및 좌표추출연산을 위한 하드웨어를 설계하여 성능을 향상시키고 광학 영상 터치스크린이 갖는 문제점을 소프트웨어에서 효율적으로 처리할 수 있도록 하였다.",
                        "clue_start": "441",
                        "clue_end": "549"
                    },
                    {
                        "clue_text": "적외선을 이용한 터치스크린은 크게 두 가지 방식으로 구분된다. 적외선 발광소자와 수광소자 간의 터치로 인한 차단된 구간을 감지하여 터치를 인식하는 방법과 적외선 발광 물체를 이용하여 화면에 적외선 잔상을 두어 화면의 전면 또는 후면에서 카메라로 촬영 및 인식하는 방법이다.",
                        "clue_start": "1099",
                        "clue_end": "1251"
                    },
                    {
                        "clue_text": "적외선 발광소자와 수광소자 간의 터치로 인한 차단된 구간을 감지하여 터치를 인식하는 방법과 적외선 발광 물체를 이용하여 화면에 적외선 잔상을 두어 화면의 전면 또는 후면에서 카메라로 촬영 및 인식하는 방법이다.",
                        "clue_start": "1134",
                        "clue_end": "1251"
                    },
                    {
                        "clue_text": "본 논문에서는 수광소자를 사용하는 대신 Line-scan Image Sensor를 이용하여 공간을 많이 차지하지 않으면서 대형스크린 적용에도 큰 비용부담을 줄일 수 있는 (a)의 변형된 방법을 이용할 수 있도록 컨트롤러를 설계하였다.",
                        "clue_start": "1561",
                        "clue_end": "1691"
                    }
                ],
                "terminology": [
                    {
                        "word": "ATM"
                    },
                    {
                        "word": "ATM(Automatic Teller Machine)"
                    },
                    {
                        "word": "FTIR"
                    },
                    {
                        "word": "Image Sensor"
                    },
                    {
                        "word": "Kiosk"
                    },
                    {
                        "word": "PSM"
                    },
                    {
                        "word": "PSM(Power Saving Mode)"
                    },
                    {
                        "word": "Sensor"
                    },
                    {
                        "word": "fps"
                    },
                    {
                        "word": "광학 영상 터치스크린"
                    },
                    {
                        "word": "라인스캔"
                    },
                    {
                        "word": "멀티 포인트"
                    },
                    {
                        "word": "범용프로세서"
                    },
                    {
                        "word": "소비에너지"
                    },
                    {
                        "word": "소프트웨어"
                    },
                    {
                        "word": "수광소자"
                    },
                    {
                        "word": "알고리즘"
                    },
                    {
                        "word": "어플리케이션"
                    },
                    {
                        "word": "이미지센서"
                    },
                    {
                        "word": "인터페이스"
                    },
                    {
                        "word": "저항막방식"
                    },
                    {
                        "word": "적외선 발광소자"
                    },
                    {
                        "word": "적외선 잔상"
                    },
                    {
                        "word": "정전용량방식"
                    },
                    {
                        "word": "초음파방식"
                    },
                    {
                        "word": "투과성"
                    },
                    {
                        "word": "하드웨어"
                    },
                    {
                        "word": "확산"
                    },
                    {
                        "word": "휴먼인터페이스"
                    }
                ]
            },
            {
                "context_id": "55e-0c9-5a75c81b-d85d-4c26-9f97-4771fe4c0947",
                "context_K-NSCC": {
                    "field": "인공물",
                    "large_category": "EE",
                    "medium_category": "99"
                },
                "context": "<h1>II. 광학 영상 터치스크린</h1> <h2>1. Introduction</h2> <p>광학 영상 터치스크린 솔루션은 그림 2 와 같이 Line-scan Image Sensor 2개와 소수의 적외선 발광소자(Infrared Diodes), 반사시트(Reflective Shecting)로 구성된다. 발광소자에서 방사된 적외선은 하단부에 부착된 반사시트에 난반사되어 적외선 층을 이루며 터치가 일어났을 때 변형된 층을 스크린 양측 모서리에 장착된 센서로 촬영하여 포인팅 지점의 좌표를 찾아낸다.</p> <h3>가. Coordinate Extraction Algorithm</h3> <p>컨트롤러는 터치를 인식하기 위해 터치가 일어나지 않은 상태의 적외선 층을 저장하고 광량에 따른 Threshold를 정의하여 오브젝트가 스크린을 터치함에 따라 생기는 적외선의 차단 구간을 찾아낸다. 그림 3은 그림 4 와 같이 터치 \\( (\\mathrm{x}, \\mathrm{y}) \\)가 일어났을 때 두 개의 센서가 촬영한 파형을 보여준다. 이 파형은OP AMP(Operational Amplifier)로 반전 증폭된 파형이며 레벨이 낮은 부분이 적외선이 검출된 부분, 레벨이 높은 부분이 터치로 인해 적외선이 가려진 부분을 나타낸다. 컨트롤러는 촬영된 데이터와 Threshold를 비교하여 적외선이 검출되지 않은 구간을 찾아내고 해당 구간의 각도를 좌표 연산기에 제공한다. 이 연산기는 터치된 좌표를 알아내기 위해 식 1, 2와 같이 간단한 삼각측량법을 이용한다.</p> <p>\\( x \\tan \\theta_{1}=( \\) width \\( -x) \\tan \\theta_{2} \\\\ x=\\frac{\\tan \\theta_{2}}{\\tan \\theta_{1}+\\tan \\theta_{2}} \\times \\) width<caption>(1)</caption></p> <p>\\( y=x \\tan \\theta_{1} \\)<caption>(2)</caption></p> <h3>나. Calibration</h3> <p>좌표점 \\( (\\mathrm{x}, \\mathrm{y}) \\)를 찾기 위해서는 좌, 우측 상단의 센서 간 거리와 센서와 터치 포인트의 끼인 각 \\( \\Theta 1, \\Theta 2 \\)이 필요하다. 검출한 포인트에 해당하는 각도를 제공하기 위해 그림 5와 같이 좌표 추출 이전에 미리 특정 포인트를 정하여 각을 할당하는데 이를 Calibration이라 한다. 터치스크린 컨트롤러는 Calibration을 통하여 각도가 맵핑된 LUT(Look-Up Table)을 미리 생성하고 터치가 일어날 때 검출된 포인트의 해당하는 두 각도를 제공하게 된다.</p> <h2>2. Trouble Shootings</h2> <p>두 개의 적외선 센서를 이용한 이 광학 영상 터치스크린 기술은 적은 비용, 견고함, 디스플레이의 높은 이미지 투과성 등의 장점에도 불구하고 다음과 같은 문제점이 존재한다.</p> <h3>가. Over Sensitivity(과만 터치 현상)</h3> <p>스크린 위로 형성되는 적외선 층을 촬영하여 터치 여부를 결정하는 이 시스템은 오브젝트가 실제로 스크린을 터치하기 이전에 포인팅 이벤트가 일어나는 치명적인 문제점을 갖고 있다. 이를 해결하기 위한 가장 간단한 방법은 반사시트의 두께를 줄여 적외선 충을 가장 얇게 만드는 것이지만 두께가 줄어듦에 따라 적외선 발광소자와 적외선 센서의 정밀한 설치를 필요로 하며 외부 충격에 민감해지고, 검출되는 적외선 영역이 적어져 좌표를 추출하는데 어려움이 따른다. 따라서 반사시의 두께를 유지하면서 과민 터치 현상을 줄일 수 있는 방법 두 가지를 아래 제안한다.</p> <p>(1) Pre-scanning</p> <p>특정 오브젝트를 통해 전 구간의 실제 터치된 파형을 미리 입력하여 Threshold를 조절하는 방식이다. 그림 6은 Pre-scanning을 통해 얻은 적외선이 차단된 전 구간의 광량을 연속적으로 나타낸 파형이다. 이 파형은 적외선 발광소자 및 ADC(Analog to Digital Converter)의 온도 변화로 생기는 적외선 층의 일시적 변형으로 인한 일반적인 오류(이하EC, Error Compensation)만큼 감소시켜 가장 이상적인 Threshold를 정의한다. Pre-scanning 방식은 스크린 전 구간에서 비교적 정확하게 동작하나 주위 환경에 따른 광량의 변화나 터치에 사용될 오브젝트가 변경되면 매번 Pre-scanning이 일어나야하므로 실제로는 사용이 어렵다.</p> <p>(2) Difference Observation</p> <p>과민 터치 현상은 주로 더블콜릭이나 필기를 할 때 순간적으로 필기 물체를 띄웠다가 다시 터치를 하는 경우 연속적인 터치로 인식을 하는 문제가 발생한다. Difference Observation은 처음 터치된 오브첵트의 검출된 특성과 다음 터치된 톡성의 변화량을 트랙킹하는 방법으로 그림 7에서와 같이 검출된 파형의 넓이(이하 DA, Dark Area)의 변화량(이하 D, Difference)에 따라 Touch, Non-touch를 구분한다. DA와 D는 식 3, 4에 의해 정의된다.</p> <p>\\( D A=D A H * D A W \\)<caption>(3)</caption></p> <p>\\( D=\\left|D A_{i}-D A_{i-1}\\right| \\)<caption>(4)</caption></p> <p>\\( \\mathrm{DA}_{\\mathrm{i}-1} \\) 샘플을 터치된 포인트라 할 때 지속적인 터치가 일어날 경우 \\( \\mathrm{D}_{\\mathrm{i}} \\)는 EC 보다 적으므로 이를 Touch로, EC 보다 클 때를 Non-touch로 판단하게 된다.</p> <p>Difference Observation에서는 앞서 언급한 EC이외에 필기 시에 나타나는 터치 포인트의 일반적인 이동에 따른 변화 요소(이하 AD, Allowable Difference)를 고려해야 한다. 그림 8은 특정 오브젝트의 터치된 상태에서 거리 및 구간이동에 따른 변화를 나타낸다. 이 특성은 적외선 광량, 거리에 따라 비례하므로. Non-touched Wave 례벨 및 좌표, 즉 거리에 따라 다른 AD를 적용시켜야 한다. 본 논문에서는 이를 이용하여 그림 9 와 같이 Touch, Non-touch를 구별한다. 초기상태에서 터치가 검출되었을 때 오브젝트는 실제로 스크린을 터치하기 이전에 검출된 값이므로 DA의 값은 계속 증가한다. DA의 안정화, 즉 오브젝트가 스크런을 터치하게 되면 터치 이벤트를 발생시키고 D의 값을 추적하여 Non-touched(Hovering)와 Touched 상태를 반복하게 되며 Threshold이하로 떨어지게 되면 다시 초기상태인 Non-touched 상태로 돌아가 이를 반복하게 된다.</p> <h3>나. Ghost Points</h3> <p>하나 이상의 터치가 동시에 일어날 경우 두 센서로부터의 각도 페어를 알 수 없어 그림 10 과 같이 실제 터치가 일어나지 않은 고스트 포인트 \\( \\left\\{\\theta_{1}, \\theta_{3}\\right\\},\\left\\{\\theta_{2}\\right. \\), \\( \\left.\\theta_{4}\\right\\} \\) 가 생긴다. 이를 위한 해결책으로 그림 10 에서 두 가지를 제시한다. 첫째, 센서 3 을 통해 \\( \\left\\{\\theta_{3}, \\theta_{6}\\right\\},\\left\\{\\theta_{4}\\right. \\), \\( \\left.\\theta_{5}\\right\\} \\) 연산하여 괴스트 포인트를 판별한다. 둘째, 터치점의 DA의 너비를 비교하여 고스트 포인트를 구별한다. 전자는 고스트 포인트롤 다른 연산없이 해결할 수 있지만 센서 3 으로 인한 비용이 추가되며, 후자는 비용을 절감할 수 있지만 두 터치점이 가까울 경우 판별이 어렵다는 단점을 갖고 있다. 본 논문에서는 두 번째 방법인 센서 두 개만을 이용하여 Real Point의 확률을 호스트로 전송해 웅용 프로그램에서 상황에 맞게 판별하여 사용하는 방법을 택했다. 따라서 DA로 예측된 Real Point와 Ghost Point는 함께 호스트로 전송되며 어플리케이션에 따라 사용자의 입력 의도를 파악하고 함께 전송된 Real Point의 확률을 참조하여 좌표를 결정한다.</p> <h3>다. Shading</h3> <p>공간을 최소화하기 위해 촉면에서 촬영한 1 차원 이미지를 사용하는 이 시스템은 그림 11 과 같이 센서 2 에서는 터치 2 개의 각을 모두 알 수 있지만 센서 1 에서는 터치 1 의 DA로 인해 터치 2 의 정확한 각도를 알 수 없어 고스트 포인트가 생기는 문제점이 있다. 이 쉐이딩 현상은 앞서 언급한 적외선 광량 변화와 포인트를 트랙킹하여 이동 각도와 방향을 예측하여 해결할 수 있다.</p>",
                "context_length": 4317,
                "summary": "광학 영상 터치스크린 솔루션은 Line-scan Image Sensor 2개와 소수의 적외선 발광소자, 반사시트로 구성된다. 발광소자에서 방사된 적외선은 하단부에 부착된 반사시트에 난반사되어 적외선 층을 이루며 터치가 일어났을 때 변형된 층을 스크린 양측 모서리에 장착된 센서로 촬영하여 포인팅 지점의 좌표를 찾아낸다. 과민 터치 현상은 스크린 위로 형성되는 적외선 층을 촬영하여 터치 여부를 결정하는 이 시스템은 오브젝트가 실제로 스크린을 터치하기 이전에 포인팅 이벤트가 일어나는 문제점을 갖고 있다. Ghost Points란 하나 이상의 터치가 동시에 일어날 경우 두 센서로부터의 각도 페어를 알 수 없어 실제 터치가 일어나지 않은 고스트 포인트를 말한다. Shading은 공간을 최소화하기 위해 측면에서 촬영한 1차원 이미지를 사용하는 이 시스템은 센서2에서는 터치2 개의 각을 모두 알 수 있지만 센서1 에서는 터치1 의 DA로 인해 터치2 의 정확한 각도를 알 수 없어 고스트 포인트가 생기는 것을 말한다.",
                "clue": [
                    {
                        "clue_text": "광학 영상 터치스크린 솔루션은 그림 2 와 같이 Line-scan Image Sensor 2개와 소수의 적외선 발광소자(Infrared Diodes), 반사시트(Reflective Shecting)로 구성된다.",
                        "clue_start": "53",
                        "clue_end": "170"
                    },
                    {
                        "clue_text": "발광소자에서 방사된 적외선은 하단부에 부착된 반사시트에 난반사되어 적외선 층을 이루며 터치가 일어났을 때 변형된 층을 스크린 양측 모서리에 장착된 센서로 촬영하여 포인팅 지점의 좌표를 찾아낸다.",
                        "clue_start": "171",
                        "clue_end": "279"
                    },
                    {
                        "clue_text": "스크린 위로 형성되는 적외선 층을 촬영하여 터치 여부를 결정하는 이 시스템은 오브젝트가 실제로 스크린을 터치하기 이전에 포인팅 이벤트가 일어나는 치명적인 문제점을 갖고 있다.",
                        "clue_start": "1492",
                        "clue_end": "1589"
                    },
                    {
                        "clue_text": "하나 이상의 터치가 동시에 일어날 경우 두 센서로부터의 각도 페어를 알 수 없어 그림 10 과 같이 실제 터치가 일어나지 않은 고스트 포인트 \\( \\left\\{\\theta_{1}, \\theta_{3}\\right\\},\\left\\{\\theta_{2}\\right. \\), \\( \\left.\\theta_{4}\\right\\} \\) 가 생긴다.",
                        "clue_start": "3365",
                        "clue_end": "3551"
                    },
                    {
                        "clue_text": "공간을 최소화하기 위해 촉면에서 촬영한 1 차원 이미지를 사용하는 이 시스템은 그림 11 과 같이 센서 2 에서는 터치 2 개의 각을 모두 알 수 있지만 센서 1 에서는 터치 1 의 DA로 인해 터치 2 의 정확한 각도를 알 수 없어 고스트 포인트가 생기는 문제점이 있다.",
                        "clue_start": "4096",
                        "clue_end": "4248"
                    }
                ],
                "terminology": [
                    {
                        "word": "AD, Allowable Difference"
                    },
                    {
                        "word": "ADC"
                    },
                    {
                        "word": "AMP"
                    },
                    {
                        "word": "AMP(Operational Amplifier)"
                    },
                    {
                        "word": "Algorithm"
                    },
                    {
                        "word": "Calibration"
                    },
                    {
                        "word": "DA"
                    },
                    {
                        "word": "EC"
                    },
                    {
                        "word": "EC, Error Compensation"
                    },
                    {
                        "word": "Ghost"
                    },
                    {
                        "word": "Image Sensor"
                    },
                    {
                        "word": "LUT"
                    },
                    {
                        "word": "LUT(Look-Up Table)"
                    },
                    {
                        "word": "Sensitivity"
                    },
                    {
                        "word": "Sensor"
                    },
                    {
                        "word": "Shading"
                    },
                    {
                        "word": "Threshold"
                    },
                    {
                        "word": "Wave"
                    },
                    {
                        "word": "width"
                    },
                    {
                        "word": "난반사"
                    },
                    {
                        "word": "맵핑"
                    },
                    {
                        "word": "반사시트"
                    },
                    {
                        "word": "반사시트(Reflective Shecting)"
                    },
                    {
                        "word": "발광소자"
                    },
                    {
                        "word": "발광소자(Infrared Diodes)"
                    },
                    {
                        "word": "삼각측량법"
                    },
                    {
                        "word": "센서"
                    },
                    {
                        "word": "어플리케이션"
                    },
                    {
                        "word": "연산기"
                    },
                    {
                        "word": "전송"
                    },
                    {
                        "word": "차원"
                    },
                    {
                        "word": "터치 이벤트"
                    },
                    {
                        "word": "투과성"
                    },
                    {
                        "word": "트랙킹"
                    },
                    {
                        "word": "파형"
                    },
                    {
                        "word": "페어"
                    },
                    {
                        "word": "포인팅"
                    }
                ]
            }
        ]
    }
}