{
    "dataset_info": {
        "identifier": "02-031-002-NL",
        "name": "기술과학 문서 요약 데이터",
        "category": "자연어",
        "last_updated": "2023-08-30"
    },
    "dataset": {
        "doc_id": "31a7cd33-0210dc27-0078-4e8e-9469-bdcba8180e32",
        "doc_type": "논문",
        "doc_title": {
            "kor": "HEVC 부호화기를 위한 고속 비정수 움직임 추정",
            "eng": ""
        },
        "doc_category": {
            "KDC": "560.5",
            "DDC": ""
        },
        "doc_number": {
            "ISSN": "2287-5026",
            "ISBN": "",
            "DOI": "",
            "UCI": ""
        },
        "doc_year": "2014",
        "doc_author": [
            "한우진"
        ],
        "doc_publisher": "대한전자공학회",
        "doc_license": "CC BY-NC",
        "context_info": [
            {
                "context_id": "55e-0c9-c17c01ec-54fb-4aa0-ad05-4ba36bc15c88",
                "context_K-NSCC": {
                    "field": "인공물",
                    "large_category": "EE",
                    "medium_category": "99"
                },
                "context": "<h1>Ⅱ. HEVC 부호화기의 비정수 움직임 추정 과정</h1> <p>\\( \\mathrm{HEVC} \\) 부호화기에서는 정수 정밀도 최적 움직임 벡터를 견정한 후, 그 위치를 기준으로 \\( 1 / 2 \\) 정밀도를 갖는 주위 9 개 지점에 대해서 최적 \\( 1 / 2 \\) 정밀도 움직임 벡터를 탐색한다. 그 후, 견정된 지점을 기준으로 다시 \\( 1 / 4 \\) 정밀도를 갖는 주위 9 개 지점에 대해서 최종적으로 최적 \\( 1 / 4 \\) 정밀도 움직임 벡터를 견정한다. 한편, \\( 1 / 2 \\) 정밀도 및 \\( 1 / 4 \\) 정밀도 움직임 벡터 탐색 과정 각각에 대해, 9 개 후보 지점에 대한 보간 블록 생성 및 최적 비정수 움직임 벡터 탐색 단계가 필요하다.</p> <h2>1. 9 개 후보 지점에 대한 보간 블록 생성</h2> <p>주어진 비징수 움직임 벡터에 대응되는 보간 블록 하나만을 생성하는 움직임 보상 단계와는 달리, 움직임 추정 단계에서는 \\( 1 / 2 \\) 정밀도 및 \\( 1 / 4 \\) 정밀도 각각에 대해 9 개 지점의 보간 블록을 생성해야 한다. \\( 1 / 2 \\) 정밀도 및 \\( 1 / 4 \\) 정밀도를 갖는 샘플을 엎기 위해서는 정수 정밀도 샘플들에 보간 필터를 적용하게 되는데, \\( \\mathrm{HEVC} \\) 에서는 휘도 성분에 대해 8-tap, 색차 성분에 대해 4-tap \\( \\mathrm{DCT}-\\mathrm{IF}^{[14]} \\) 를 사용한다.</p> <p>정수 정밀도 움직임 벡터 \\( (\\mathrm{x}, \\mathrm{y}) \\) 가 주어졌을 때, 가로, 세로 방향으로 각각 \\( 1 / 2 \\) 정밀도만흠의 차이를 갖는 9 개 후보 지점을 각각 \\( (\\mathrm{x}-0.5, \\mathrm{y}-0.5),(\\mathrm{x}, \\mathrm{y}-0.5),(\\mathrm{x}+0.5 \\), \\( y-0.5),(x-0.5, y),(x, y),(x+0.5, y),(x-0.5, y+0.5),(x \\), \\( \\mathrm{y}+0.5),(\\mathrm{x}+0.5, \\mathrm{y}+0.5) \\) 라고 하자. 이 때, \\( (\\mathrm{x}, \\mathrm{y}) \\) 지점은 정수 정밀도 지점이므로 별도로 보간 필터를 적용할 필요가 없으며, \\( (x-0.5, y) \\) 와 \\( (x+0.5, y) \\) 는 가로 방향 차이가 정수 샘플 단위이므로 하나의 블록으로 표현 가능하다. 마찬가지로 \\( (\\mathrm{x}, \\mathrm{y}-0.5) \\) 와 \\( (\\mathrm{x}, \\mathrm{y}+0.5) \\), 그리고 \\( (\\mathrm{x}-0.5 \\), \\( \\mathrm{y}-0.5),(\\mathrm{x}+0.5, \\mathrm{y}-0.5),(\\mathrm{x}-0.5, \\mathrm{y}+0.5),(\\mathrm{x}+0.5, \\mathrm{y}+0.5) \\) 는 각각 하나의 블록으로 표현된다. 그림 1은 이를 나타낸 것이다.</p> <p>한편, 이를 이용한 \\( 1 / 2 \\) 정밀도 보간 블록 생성 과정은 다음과 같다.</p> <ul> <li>Step #1: 정수 정밀도 샘플들을 블록 \\( \\mathrm{A} \\) 에 저장한다.</li> <li>Step #2: 정수 정밀도 샘플에 대해 가로 방향으로 \\( 1 / 2 \\) 정밀도 보간 필터를 적용하여 \\( (x-0.5, y) \\) 와 \\( (\\mathrm{x}+0.5, \\mathrm{y}) \\) 지점의 예측 샘플들을 모두 포함하는 보간 블록 \\( \\mathrm{B} \\) 를 얻는다.</li> <li>Step #3: 정수 정밀도 샘플에 대해 세로 방향으로 \\( 1 / 2 \\) 정밀도 보간 필터를 적용하여 \\( (\\mathrm{x}, \\mathrm{y}-0.5) \\) 와 \\( (\\mathrm{x} \\), \\( y+0.5) \\) 지점의 예측 샘플들을 모두 포함하는 보간 블록 \\( \\mathrm{C} \\) 를 언는다.</li> <li>Step #4: 블록 \\( \\mathrm{B} \\) 에 세로 방향으로 \\( 1 / 2 \\) 정밀도 보간필터를 다시 적용하여 \\( (\\mathrm{x}-0.5, \\mathrm{y}-0.5),(\\mathrm{x}+0.5, \\mathrm{y}-0.5) \\), \\( (\\mathrm{x}-0.5, \\mathrm{y}+0.5),(\\mathrm{x}+0.5, \\mathrm{y}+0.5) \\) 지점의 예측 샘플들을 모두 포함하는 보간 블록 D를 얻는다.</li></ul> <p>위의 과정에서 볼 수 있듯이, \\( 1 / 2 \\) 정밀도를 갖는 후보 블록 생성을 위해서는 Step #2, Step #3, Step #4, 총 3 번의 보간 과정이 필요하다.</p> <p>한편, \\( 1 / 2 \\) 정밀도 최적 움직임 벡터 \\( (\\mathrm{x}, \\mathrm{y}) \\) 가 주어졌을 때, 가로, 세로 방향으로 각각 \\( 1 / 4 \\) 정밀도만흠의 차이를 갖는 9 개 후보 지점을 각각 \\( (\\mathrm{x}-0.25, \\mathrm{y}-0.25),(\\mathrm{x} \\), \\( y-0.25),(x+0.25, y-0.25),(x-0.25, y),(x, y),(x+0.25 \\), \\( \\mathrm{y}),(\\mathrm{x}-0.25, \\mathrm{y}+0.25),(\\mathrm{x}, \\mathrm{y}+0.25),(\\mathrm{x}+0.25, \\mathrm{y}+0.25) \\) 라고 하자. 이에 대한 보간 블록 생성 과정은 다음과 같다.</p> <ul> <li>Step #1: \\( 1 / 2 \\) 정밀도 샘플들을 보간 블록 \\( \\mathrm{A} \\) 에 저장한다.</li> <li>Step #2: 정수 정밀도 샘플에 대해 가로 방향으로 \\( 1 / 4 \\) 정밀도, \\( 3 / 4 \\) 정밀도 보간 필터를 각각 적용하여 \\( (\\mathrm{x}+0.25, \\mathrm{y}),(\\mathrm{x}-0.25, \\mathrm{y}) \\) 지점의 보간 블록 \\( \\mathrm{B}, \\mathrm{C} \\) 를 얻는다.</li> <li>Step #3: 블록 \\( \\mathrm{A} \\) 에 세로 방향으로 \\( 1 / 4 \\) 정밀도, \\( 3 / 4 \\) 정밀도 보간 필터를 각각 적용하여 \\( (\\mathrm{x}, \\mathrm{y}+0.25),(\\mathrm{x} \\), \\( \\mathrm{y}-0.25) \\) 지점의 보간 블록 \\( \\mathrm{D}, \\mathrm{E} \\) 를 얻는다.</li> <li>Step #4: 블록 \\( \\mathrm{B} \\) 에 세로 방향으로 \\( 1 / 4 \\) 정밀도, \\( 3 / 4 \\) 징밀도 보간 푈터를 각각 적용하여 \\( (\\mathrm{x}+0.25 \\), \\( \\mathrm{y}+0.25),(\\mathrm{x}+0.25, \\mathrm{y}-0.25) \\) 지점의 보간 블록 \\( \\mathrm{F}, \\mathrm{G} \\) 를 얻는다.</li> <li>Step #5: 블록 C에 세로 방향으로 \\( 1 / 4 \\) 정밀도, \\( 3 / 4 \\) 정밀도 보간 필터를 각각 적용하여 \\( (\\mathrm{x}-0.25 \\), \\( y+0.25),(x-0.25, y-0.25) \\) 지점의 보간 블록 \\( \\mathrm{H}, \\mathrm{I} \\) 를 얻는다.</li></ul> <p>\\( 1 / 4 \\) 정밀도의 경우 \\( 1 / 4 \\) 정밀도, \\( 3 / 4 \\) 정밀도의 두 가지 보간 필터가 존재하며 각 샘플간 거리가 정수 샘플 단위가 아니므로 \\( 1 / 2 \\) 정밀도와는 달리 각각의 지점들을 모두 변도의 보간 과정을 통해 생성해야 한다. 따라서 \\( 1 / 4 \\) 정밀도의 총 보간 횟수는 8 번이며, \\( 1 / 2 \\) 정밀도에 비해 2 배 이상의 더 많은 연산량을 요구한다.</p>",
                "context_length": 3863,
                "summary": "HEVC 부호화기에서는 정수 정밀도 최적 움직임 벡터를 결정한 후, 1/2 와 정밀도를 갖는 9개 지점에 대해 최적 1/2 정밀도 움직임 벡터를 탐색하고 마찬가지로 1/4 정밀도 및 정밀도 움직임 벡터를 결정하며, 각각에 대해 9개 주위 지점에 대해 보간 블록 생성 및 최적 비정수 움직임 벡터 탐색을 한다. HEVC에서 1/2, 1/4 정밀도 샘플을 얻기 위해서 정수 정밀도 샘플들에 적용하는 보간 필터는 휘도 성분에 8-tap, 색차 성분에 4-tap \\( \\mathrm{DCT}-\\mathrm{IF} \\)이다. 1/2 정밀도의 후보 블록 생성을 위해서는 3번, 1/4 정밀도는 8번의 보간 과정이 필요하다.",
                "clue": [
                    {
                        "clue_text": "\\( \\mathrm{HEVC} \\) 부호화기에서는 정수 정밀도 최적 움직임 벡터를 견정한 후, 그 위치를 기준으로 \\( 1 / 2 \\) 정밀도를 갖는 주위 9 개 지점에 대해서 최적 \\( 1 / 2 \\) 정밀도 움직임 벡터를 탐색한다.",
                        "clue_start": "40",
                        "clue_end": "171"
                    },
                    {
                        "clue_text": "한편, \\( 1 / 2 \\) 정밀도 및 \\( 1 / 4 \\) 정밀도 움직임 벡터 탐색 과정 각각에 대해, 9 개 후보 지점에 대한 보간 블록 생성 및 최적 비정수 움직임 벡터 탐색 단계가 필요하다.",
                        "clue_start": "267",
                        "clue_end": "377"
                    },
                    {
                        "clue_text": "\\( 1 / 2 \\) 정밀도 및 \\( 1 / 4 \\) 정밀도를 갖는 샘플을 엎기 위해서는 정수 정밀도 샘플들에 보간 필터를 적용하게 되는데, \\( \\mathrm{HEVC} \\) 에서는 휘도 성분에 대해 8-tap, 색차 성분에 대해 4-tap \\( \\mathrm{DCT}-\\mathrm{IF}^{[14]} \\) 를 사용한다.",
                        "clue_start": "551",
                        "clue_end": "732"
                    },
                    {
                        "clue_text": "위의 과정에서 볼 수 있듯이, \\( 1 / 2 \\) 정밀도를 갖는 후보 블록 생성을 위해서는 Step #2, Step #3, Step #4, 총 3 번의 보간 과정이 필요하다.",
                        "clue_start": "2224",
                        "clue_end": "2322"
                    },
                    {
                        "clue_text": "따라서 \\( 1 / 4 \\) 정밀도의 총 보간 횟수는 8 번이며, \\( 1 / 2 \\) 정밀도에 비해 2 배 이상의 더 많은 연산량을 요구한다.",
                        "clue_start": "3779",
                        "clue_end": "3859"
                    }
                ],
                "terminology": [
                    {
                        "word": "HEVC 부호화기"
                    },
                    {
                        "word": "견정"
                    },
                    {
                        "word": "벡터"
                    },
                    {
                        "word": "보간"
                    },
                    {
                        "word": "보간 과정"
                    },
                    {
                        "word": "보간 블록"
                    },
                    {
                        "word": "보간필터"
                    },
                    {
                        "word": "부호화기"
                    },
                    {
                        "word": "비정수"
                    },
                    {
                        "word": "비정수 움직임 벡터 탐색"
                    },
                    {
                        "word": "색차"
                    },
                    {
                        "word": "색차 성분"
                    },
                    {
                        "word": "움직임 벡터"
                    },
                    {
                        "word": "움직임 추정"
                    },
                    {
                        "word": "정밀도"
                    },
                    {
                        "word": "정수"
                    },
                    {
                        "word": "후보 블록"
                    },
                    {
                        "word": "휘도"
                    },
                    {
                        "word": "휘도 성분"
                    }
                ]
            },
            {
                "context_id": "55e-0c9-c670a76f-39ba-46f7-be8c-f8c37086f82e",
                "context_K-NSCC": {
                    "field": "인공물",
                    "large_category": "EE",
                    "medium_category": "99"
                },
                "context": "<h2>3. 고속 탐색 전략 기반 선택적 보간 블록 생성</h2> <p>앞 절에서 제안한 diamond search 혹은 band search 를 사용하는 경우, 모든 후보 위치에 대한 rate-distortion cost를 계산하는 대신 조건에 따라 일부 후보의 rate-distortion cost만을 계산하게 된다. 따라서 계산에 필요한 보간 블록만을 생성함으로써 보간에 필요한 복잡도를 함께 감소시키고자 한다.</p> <p>1/2 정밀도 보간 단계에서는 제 II장에서 설명한 바 와 같이 4 개의 보간 블록 \\( \\mathrm{A}, \\mathrm{B}, \\mathrm{C}, \\mathrm{D} \\) 를 생성하는데, diamond search를 사용하는 겅우 보간 블록 \\( \\mathrm{A}, \\mathrm{B}, \\mathrm{C} \\) 는 첫 번째 단계에서 필요하지만 보간 블록 \\( \\mathrm{D} \\) 는 필요하지 않다. 따라서 중심 위치가 최소값인 겅우, 즉 첫 번째 단계만으로 탐색이 종료될 겅우 보간 블록 \\( \\mathrm{D} \\) 를 생성하는 과정을 생략함으로써 복잡도를 낮출 수 있다.</p> <p>또한, band search의 경우에는 첫 번째 가로 탐색 단계에서 보간 블록 \\( \\mathrm{A}, \\mathrm{B} \\) 만이 필요하며, 두 번째 세로탐색 단계에서는 첫 번째 단계의 걸과에 따라 보간 블록 \\( \\mathrm{C} \\) 혹은 \\( \\mathrm{D} \\) 가 필요하다. 이를 반영한 제안하는 \\( 1 / 2 \\) 정밀도 보간을 위한 band search의 pseudo-code는 그림 4 와 같다. 이러한 방식으로 band search를 사용하면 \\( 1 / 2 \\) 정밀도의 겅우 실질적으로 보간 과정이 필요 없는 보간 블록 \\( \\mathrm{A} \\) 를 제외한다면 총 보간 횟수를 3 회에서 2 회로 약 \\( 33 \\% \\) 감소시킬 수 있다.</p> <p>한편, \\( 1 / 4 \\) 정밀도의 경우에도 유사하게 적용할 수 있는데, 이 겅우에는 제 II장에서 선명한 총 9 개의 보간 블록 \\( \\mathrm{A}, \\mathrm{B}, \\mathrm{C}, \\mathrm{D}, \\mathrm{E}, \\mathrm{F}, \\mathrm{G}, \\mathrm{H}, \\mathrm{I} \\) 중, 첫 번째 가로 탐색 단계에서는 보간 블록 \\( \\mathrm{A}, \\mathrm{B}, \\mathrm{C} \\) 를 계산해야 하며, 그 결과에 따라서 중심 위치가 최소값을 갖는 경우 보간 블록 \\( \\mathrm{D}, \\mathrm{E} \\) 를, 왼쪽 위치가 최소값을 갖는 경우 보간 블록 \\( \\mathrm{F}, \\mathrm{G} \\) 를, 오른쪽 위치가 최소값을 갖는 경우 \\( \\mathrm{H}, \\mathrm{I} \\) 를 계산하면 된다. 이 경우 보간 블록 \\( \\mathrm{A} \\) 를 제외한다면 총 보간 횟수를 8회에서 4 회로 약 \\( 50 \\% \\)감소시킬 수 있다.</p> <p>한편, \\( 1 / 4 \\) 정밀도의 경우에도 유사하게 적용할 수 있는데, 이 경우에는 제 II장에서 설명한 총 9 개의 보간 블록 \\( \\mathrm{A}, \\mathrm{B}, \\mathrm{C}, \\mathrm{D}, \\mathrm{E}, \\mathrm{F}, \\mathrm{G}, \\mathrm{H}, \\mathrm{I} \\) 중, 첫 번째 가로 탐색 단계에서는 보간 블록 \\( \\mathrm{A}, \\mathrm{B}, \\mathrm{C} \\) 를 계산해야 하며, 그 결과에 따라서 중심 위치가 최소값을 갖는 경우 보간 블록 \\( \\mathrm{D}, \\mathrm{E} \\) 를, 왼쪽 위치가 최소값을 갖는 경우 보간 블록 \\( \\mathrm{F}, \\mathrm{G} \\) 를, 오른쪽 위치가 최소값을 갖는 경우 \\( \\mathrm{H}, \\mathrm{I} \\) 를 계산하면 된다. 이 경우 보간 블록 \\( \\mathrm{A} \\) 를 제외한다면 총 보간 횟수를 8외에서 4 회로 약 \\( 50 \\% \\) 감소시킬 수 있다.</p>",
                "context_length": 2026,
                "summary": "본 논문에서는 고속 탐색 전략인 diamond search와 band search를 사용하는 경우 rate-distortion cost를 계산하는 대신 조건에 따라 일부 후보의 rate-distortion cost만 계산해 보간 블록을 만들어 보간에 필요한 복잡도를 감소시키는 것을 목표로 했다. 1/2 정밀도 보간 단계에서는 4개의 보간 블록을 생성하는데, diamond search를 사용하는 경우 다른 보간 블록은 필요하지만 D는 필요로하지 않고, band search의 경우에는 첫 번째 가로 탐색 단계에서 보간 블록 A, B만 필요하며 두 번째 세로탐색 단계에서는 C나 D가 필요하다. 이렇게 band search를 사용하면 1/2 정밀도의 경우 실질적으로 보간 과정이 필요 없는 보간 블록 A를 제외하고 보간 횟수를 감소시킬 수 있다.",
                "clue": [
                    {
                        "clue_text": "앞 절에서 제안한 diamond search 혹은 band search 를 사용하는 경우, 모든 후보 위치에 대한 rate-distortion cost를 계산하는 대신 조건에 따라 일부 후보의 rate-distortion cost만을 계산하게 된다. 따라서 계산에 필요한 보간 블록만을 생성함으로써 보간에 필요한 복잡도를 함께 감소시키고자 한다.",
                        "clue_start": "40",
                        "clue_end": "233"
                    },
                    {
                        "clue_text": "1/2 정밀도 보간 단계에서는 제 II장에서 설명한 바 와 같이 4 개의 보간 블록 \\( \\mathrm{A}, \\mathrm{B}, \\mathrm{C}, \\mathrm{D} \\) 를 생성하는데, diamond search를 사용하는 겅우 보간 블록 \\( \\mathrm{A}, \\mathrm{B}, \\mathrm{C} \\) 는 첫 번째 단계에서 필요하지만 보간 블록 \\( \\mathrm{D} \\) 는 필요하지 않다.",
                        "clue_start": "241",
                        "clue_end": "472"
                    },
                    {
                        "clue_text": "또한, band search의 경우에는 첫 번째 가로 탐색 단계에서 보간 블록 \\( \\mathrm{A}, \\mathrm{B} \\) 만이 필요하며, 두 번째 세로탐색 단계에서는 첫 번째 단계의 걸과에 따라 보간 블록 \\( \\mathrm{C} \\) 혹은 \\( \\mathrm{D} \\) 가 필요하다.",
                        "clue_start": "579",
                        "clue_end": "743"
                    },
                    {
                        "clue_text": "이러한 방식으로 band search를 사용하면 \\( 1 / 2 \\) 정밀도의 겅우 실질적으로 보간 과정이 필요 없는 보간 블록 \\( \\mathrm{A} \\) 를 제외한다면 총 보간 횟수를 3 회에서 2 회로 약 \\( 33 \\% \\) 감소시킬 수 있다.",
                        "clue_start": "816",
                        "clue_end": "957"
                    }
                ],
                "terminology": [
                    {
                        "word": "band"
                    },
                    {
                        "word": "band search"
                    },
                    {
                        "word": "diamond search"
                    },
                    {
                        "word": "pseudo-code"
                    },
                    {
                        "word": "rate-distortion"
                    },
                    {
                        "word": "rate-distortion cost"
                    },
                    {
                        "word": "search"
                    },
                    {
                        "word": "고속 탐색 전략"
                    },
                    {
                        "word": "보간 과정"
                    },
                    {
                        "word": "보간 블록"
                    },
                    {
                        "word": "정밀도"
                    },
                    {
                        "word": "회로"
                    }
                ]
            },
            {
                "context_id": "55e-0c9-b05e7c92-99cc-45c9-bbed-4df5fc5b9980",
                "context_K-NSCC": {
                    "field": "인공물",
                    "large_category": "EE",
                    "medium_category": "99"
                },
                "context": "<h1>I. 서 론</h1> <p>최근 표준화가 완료된 \\( \\mathrm{IIEVC}^{[1]} \\) 는 \\( \\mathrm{II} .264 / \\mathrm{AVC}^{[2]} \\) 대비 압축 효율을 약 \\( 40 \\% \\) 이상 향상시킬 수 있는 것으로 알려저 있다. 그러나 이에 따른 부호화기 및 복호화기의 복잡도 또한 크게 증가하여, 이를 감소시키기 위한 많은 연구들이 진헹되어 왔다.</p> <p>HEVC에서는 항상 \\( 16 \\times 16 \\) 크기를 갖는 매크로블록(macroblock)으로 화면을 분할하는 H.264/AVC와는 달리 최대 \\( 64 x 64 \\) 까지의 크기를 갖는 coding tree unit(CTU)들로 화면을 분할한 후, 각 CTU들을 쿼드트리 형태로 재귀적 분할하여 최소 \\( 8 \\times 8 \\) 크기를 갖는 coding unit(CU)들로 나누는 구조를 가지고 있다. 이리한 자유로운 분할 형태 때문에 HEVC의 부호화기에서는 최적 분할 구조를 빠르게 찾는 것이 중요하며, 이를 위한 많은 고속화 연구들이 발표되었다.</p> <p>기존 연구의 접근 방법들이 부호화기의 복잡도를 크게 감소시키면서도 부호화 효율을 유지할 수 있는 것은 사실이나, 최적 분할 구조 결정이라는 유사한 목적을 갖고 있기 때문에 다수의 고속화 기법들을 동시에 적용하였을 경우 추가적인 복잡도 향상에는 한계가 있다. 따라서 추가적인 복잡도 감소를 위해서는 최적 분할 구조 결정과는 독립적인 부분에서의 복잡도 감소가 필요하다.</p> <p>HEVC의 화면 내 예측의 경우 종래 H.264/AVC의 최대 9 가지 모드에서 35 가지 모드로 확장됨으로 인하여 부호화 복잡도가 크게 증가하였다. 이를 단순화시키기 위한 연구로서, [10]에서는 gradient를 미리 계산하여 탐색 후보 방향을 제한하였고, [11]에서는 주변에 위치한 이미 부호화된 화면 내 예측 블록의 기 결정된 방향정보를 활용하여 복잡도를 크게 감소시켰다. 그러나 일반적으로 부호화기에서 화면 간 에측이 차지하는 복잡도가 화면 내 예측에 비해서 월등히 높기 때문에 화면간 예측 부호화의 복잡도를 감소시키는 것은 매우 중요하다.</p> <p>HEVC에서는 \\( \\mathrm{H} .264 / \\mathrm{AVC} \\) 와 마찬가지로 \\( 1 / 4 \\) 정밀도를 갖는 움직임 벡터를 허용하지만, 비정수 움직임 보상을 수행하기 위해 필요한 보간 과정에 사용되는 필터의 길이가 6-tap에서 8-tap으로 증가하였고, 이로 인해 비정수 움직임 추정 단계의 복잡도 또한 크게 증가하였다. [12 13]에서는 비징수 움직임 추정 단계의 복잡도를 감소시키기 위해 주변 정수 위치에서의 에러를 반영하였고, 복잡도를 크게 감소시켰지만, 고속 정수 움직임 추정 알고리즘이 함께 사용되는 경우에 대한 고려가 없으며, HEVC에서 변화된 보간 과정을 반영하지 않았다.</p> <p>본 논문에서는 HEVC부호화기의 비정수 움직임 추정 단계가 압축 효율에 기여하는 정도 및 복잡도를 분석하였고, 이 결과로부터 화면 간 예측의 복잡도를 감소시킬 수 있는 방법을 고안하였다. 구체적으로, 보간 필터 적용의 복잡도를 감소시키기 위하여 움직임 추정 단계와 움직임 보상 단계에서 상이한 보간 푈터를 사용하였으며, 보간 후 최적 비정수 움직임 벡터 탐색 과정에서도 전체 후보 위치 대신 일부분만을 탐색함으로씨 복잡도를 감소시켰다. 한편, 독립적으로 사용되었을 경우는 물론, 최적 분할 구조를 얻기 위해 사용되는 고속 알고리즘과 함께 적용하였을 경우에 대해서도 추가적인 속도 향상의 결과를 보인다.</p> <p>본 논문의 구성은 다음과 같다. 제 장에서는 HEVC부호화기의 비정수 움직임 추정 과정을 개략적으로 소개한 후 압축 효율 및 복잡도에 대해서 분석한 결과를 보인다. 제 III장에서는 이 결과로부터 복잡도를 감소시키기 위한 알고리즘을 제안하고, 제 Ⅳ에서 성능평가 결과를 보인 후, 마지막으로 제 Ⅴ장에서 결론을 맺는다.</p>",
                "context_length": 1954,
                "summary": "부호화기와 복호화기의 복잡성을 줄이는 기존 연구들의 한계에 주목하여, 본 논문은 HEVC부호화기의 비정수 움직임 추정 과정에 초점을 맞추어 이 부분의 복잡도를 분석하고 감소시키는 방법을 제시한다.",
                "clue": [
                    {
                        "clue_text": "그러나 이에 따른 부호화기 및 복호화기의 복잡도 또한 크게 증가하여, 이를 감소시키기 위한 많은 연구들이 진헹되어 왔다.",
                        "clue_start": "153",
                        "clue_end": "220"
                    },
                    {
                        "clue_text": "기존 연구의 접근 방법들이 부호화기의 복잡도를 크게 감소시키면서도 부호화 효율을 유지할 수 있는 것은 사실이나, 최적 분할 구조 결정이라는 유사한 목적을 갖고 있기 때문에 다수의 고속화 기법들을 동시에 적용하였을 경우 추가적인 복잡도 향상에는 한계가 있다.",
                        "clue_start": "550",
                        "clue_end": "693"
                    },
                    {
                        "clue_text": "따라서 추가적인 복잡도 감소를 위해서는 최적 분할 구조 결정과는 독립적인 부분에서의 복잡도 감소가 필요하다.",
                        "clue_start": "694",
                        "clue_end": "754"
                    },
                    {
                        "clue_text": "본 논문에서는 HEVC부호화기의 비정수 움직임 추정 단계가 압축 효율에 기여하는 정도 및 복잡도를 분석하였고, 이 결과로부터 화면 간 예측의 복잡도를 감소시킬 수 있는 방법을 고안하였다.",
                        "clue_start": "1428",
                        "clue_end": "1532"
                    }
                ],
                "terminology": [
                    {
                        "word": "CTU"
                    },
                    {
                        "word": "H.264/AVC"
                    },
                    {
                        "word": "HEVC"
                    },
                    {
                        "word": "HEVC의 화면 내 예측"
                    },
                    {
                        "word": "coding"
                    },
                    {
                        "word": "coding tree unit"
                    },
                    {
                        "word": "coding tree unit(CTU)"
                    },
                    {
                        "word": "coding unit(CU)"
                    },
                    {
                        "word": "gradient"
                    },
                    {
                        "word": "unit"
                    },
                    {
                        "word": "매크로블록"
                    },
                    {
                        "word": "매크로블록(macroblock)"
                    },
                    {
                        "word": "방향정보"
                    },
                    {
                        "word": "벡터"
                    },
                    {
                        "word": "보간 과정"
                    },
                    {
                        "word": "보간 필터"
                    },
                    {
                        "word": "복잡도"
                    },
                    {
                        "word": "복호화기"
                    },
                    {
                        "word": "부호화 복잡도"
                    },
                    {
                        "word": "부호화 효율"
                    },
                    {
                        "word": "부호화기"
                    },
                    {
                        "word": "비정수"
                    },
                    {
                        "word": "비정수 움직임 벡터 탐색"
                    },
                    {
                        "word": "알고리즘"
                    },
                    {
                        "word": "에측"
                    },
                    {
                        "word": "예측 부호화"
                    },
                    {
                        "word": "예측 블록"
                    },
                    {
                        "word": "움직임 벡터"
                    },
                    {
                        "word": "움직임 추정"
                    },
                    {
                        "word": "움직임 추정 알고리즘"
                    },
                    {
                        "word": "재귀적 분할"
                    },
                    {
                        "word": "정밀도"
                    },
                    {
                        "word": "정수"
                    },
                    {
                        "word": "추정 알고리즘"
                    },
                    {
                        "word": "쿼드트리"
                    },
                    {
                        "word": "화면간 예측"
                    }
                ]
            },
            {
                "context_id": "55e-0c9-890d8152-61cd-4fcb-b363-b72cc2a2e67b",
                "context_K-NSCC": {
                    "field": "인공물",
                    "large_category": "EE",
                    "medium_category": "99"
                },
                "context": "<h2>2. 탐색 횟수를 감소시키기 위한 고속 탐색 전략</h2> <p>\\( 1 / 2 \\) 정밀도, \\( 1 / 4 \\) 정밀도 모두 최적의 비정수 움직임 벡터를 추정하기 위해서는 제 II장에서 설명한 바와 같이 총 9 번의 비교 과정을 거친다. 그러나 인반적으로 정수 정밀도 움직임 추정 과정에서 사용되는 고속 알고리즘들은 특정한 조건을 만족하는 경우에 대해서만 탐색을 수행하도록 함으로써 총 탐색 횟수를 감소시키는데, 대표적인 알고리즘으로 탐색 범위 중심점을 기준으로 diamond 형태의 패턴을 먼저 탐색하고, 그 견과에 따라서 나머지 부분을 선택적으로 탐색하는 diamond search 가 있다.</p> <p>본 논문에서는 정수 정밀도 움직임 추정 과정에서 사용되는 diamond search 및 변형된 방법들을 비정수 움직임 벡터 탐색에 적용하고자 한다.</p> <h3>가. Diamond search</h3> <p>\\( 1 / 2 \\) 정밀도의 9 개 후보 블록을 \\( P_{a, b}(\\mathrm{a}, \\mathrm{b} \\) 는 각각 \\( 0.5,0,+0.5) \\) 라고 하자. \\( 1 / 4 \\) 정밀도의 경우도 유사하게 적용 가능하므로 이후에서는 \\( 1 / 2 \\) 정밀도에 대해서만 설명한다. 이 때, 9 개의 후보 블록에 대한 rate-distortion \\( \\operatorname{cost} \\) 들을 모두 구하는 대신, \\( P_{0,0} \\) 을 중심으로 한 diamond pattern인 \\( P_{0,0}, P_{-0.5,0}, P_{0,-0.5}, P_{0.5,0,0,0,5} P_{0,0} \\) 에 대한 rate-distortion cost \\( R_{0,0}, R_{-05,0}, R_{0,-0.5}, R_{0.5,0}, R_{0,05} \\) 를식 (1)에 의해 구한다. 그 견과, 중심 위치에 해당하는 \\( R_{0,0} \\) 이 최소값을 갖는다면 \\( (0,0) \\) 을 최적 값으로 결정하며, 그렇지 않은 경우 아직 탐색하지 않은 후보 블록들 중 최적 위치와 인접한 2 개를 추가로 탐색함으로써 최적 값을 결정한다. 그림 2 는 이 과정에 대한 pseudo-code이다. Diamond search에서는 중심 위치 rate-distortion cost의 최소값 여부에 따라 총 탐색 횟수가 5회, 혹은 9 회가 된다.</p> <h3>나. Band search</h3> <p>Band search에서는 먼저 중심 위치를 포함한 가로방향 3개의 후보들에 대해서 탐색을 하고, 그 결과에 따라서 추가적으로 세로 방향 2개에 대한 후보들에 대한 탐색을 수행한다. 즉, diamond search에서는 첫 번째 단계에서 가로와 세로 모두를 고려하는데 비해, band search에서는 먼저 가로 방향을 고려하여 최적 위치를 선택한 후, 그 위치에 대해 세로 방향으로 최적 위치를 재탐색한다. 또한, diamond search에서는 첫 번째 단계에서 중심 위치가 최소값을 갖는 경우 더 이상의 탐색을 하지 않지만, band search에서는 이 겅우에 대해서도 세로 방향으로 최적 위치를 재탐색한다. 그림 3은 band search에 대한 pseudo-code이다. Band search 에서는 중심 위치의 rate-distortion cost에 관계없이 항상 총 탐색 횟수가 5 회가 되므로, 9 개를 모두 탐색하는 겅우에 비해서 약 \\( 45 \\% \\) 가량 탐색 횟수를 감소시킬 수 있는 반면, diamond search에 비해서 압축 효율 하락폭이 클 것으로 예상할 수 있다.</p>",
                "context_length": 1755,
                "summary": "본 연구는 정수 정밀도 움직임 추정에 쓰이는 diamond search와 변형된 방법을 비정수 움직임 벡터 탐색에 적용하려는 노력을 보여준다. Diamond search는 rate-distortion cost의 최소값에 기반한 중심 위치를 기준으로 총 5회 또는 9회의 탐색을 진행한다. Band search는 초기에 가로 방향 3개 후보에 대한 탐색을 수행한 후, 결과에 따라 세로 방향 2개 후보에 대해 추가 탐색을 진행한다.",
                "clue": [
                    {
                        "clue_text": "본 논문에서는 정수 정밀도 움직임 추정 과정에서 사용되는 diamond search 및 변형된 방법들을 비정수 움직임 벡터 탐색에 적용하고자 한다.",
                        "clue_start": "347",
                        "clue_end": "429"
                    },
                    {
                        "clue_text": "Diamond search에서는 중심 위치 rate-distortion cost의 최소값 여부에 따라 총 탐색 횟수가 5회, 혹은 9 회가 된다.",
                        "clue_start": "1079",
                        "clue_end": "1160"
                    },
                    {
                        "clue_text": "Band search에서는 먼저 중심 위치를 포함한 가로방향 3개의 후보들에 대해서 탐색을 하고, 그 결과에 따라서 추가적으로 세로 방향 2개에 대한 후보들에 대한 탐색을 수행한다.",
                        "clue_start": "1192",
                        "clue_end": "1293"
                    }
                ],
                "terminology": [
                    {
                        "word": "band search"
                    },
                    {
                        "word": "diamond search"
                    },
                    {
                        "word": "pseudo-code"
                    },
                    {
                        "word": "rate-distortion"
                    },
                    {
                        "word": "고속 탐색 전략"
                    },
                    {
                        "word": "벡터"
                    },
                    {
                        "word": "비정수 움직임 벡터 탐색"
                    },
                    {
                        "word": "알고리즘"
                    },
                    {
                        "word": "움직임 벡터"
                    },
                    {
                        "word": "정밀도"
                    },
                    {
                        "word": "후보 블록"
                    }
                ]
            }
        ]
    }
}