{
    "dataset_info": {
        "identifier": "02-031-002-NL",
        "name": "기술과학 문서 요약 데이터",
        "category": "자연어",
        "last_updated": "2023-08-30"
    },
    "dataset": {
        "doc_id": "96aba9d6-a2b66201-603a-4446-8898-33892805d55a",
        "doc_type": "도서",
        "doc_title": {
            "kor": "m896-미분적분학",
            "eng": ""
        },
        "doc_category": {
            "KDC": "414.1",
            "DDC": ""
        },
        "doc_number": {
            "ISSN": "",
            "ISBN": "9788961059350",
            "DOI": "",
            "UCI": ""
        },
        "doc_year": "2015",
        "doc_author": [
            "김종률"
        ],
        "doc_publisher": "경문사",
        "doc_license": "저작권 협의됨",
        "context_info": [
            {
                "context_id": "55e-0c9-merge_96aba9d6-a2b66201-603a-4446-8898-33892805d55a_00",
                "context_K-NSCC": {
                    "field": "자연",
                    "large_category": "NA",
                    "medium_category": "02"
                },
                "context": "<h1>\\( 4.1 \\) 정 적 분</h1> <p>피적분학에는 두 개의 기변적인 문제가 있다. 첫쪠는 평면에서의 곡선의 접선을 구하는 것이고, 둘째는 평면에서의 영역의 넓이롤 구하는 깃이다. 이 두 문제는 서로 관련이 없는 것 같이 보이나, 실제로 미적분학의 기본정리에 의해 매우 긴밀한 관련이 있다.</p> <p>예를 들어, 함수 \\( f(x) = x ^ { 2 } + 1 \\) 의 그래프 아래에 있고 \\( x \\) 축의 구간 \\( [-1,2] \\) 위에 있는 영역 \\( R \\) 의 넓이 \\( A \\) 를 구하는 방법을 알아보자. 영역 \\( R_ { 1 } \\) 을 밑변이 \\( [-1,2] \\), 높이가 구간 \\( [-1,2] \\) 에서 함수의 최대값 \\( f(2)=5 \\) 인 직사각형 (이것을 외부 직사각형이라 한다)이라 하면 \\( R_ { 1 } \\)는 \\( R \\) 를 포함한다. 따라서 \\( A \\leq 15 \\) 임을 알 수 있다. 마찬가지로 영역 \\( R_ { 2 } \\)를 밑변이 \\( [-1,2] \\), 높이가 구간 \\( [-1,2] \\) 에서 함수의 최솟값 \\( f(0) \\) \\( =1 \\) 인 직사각형(이것을 내부 직사각형이라 한다)이라 하면 \\( R \\) 는 \\( R_ { 2 } \\)를 포함한다. 따라서 \\( A \\geq 3 \\) 임을 알 수 있다. 즉, \\[3 \\leq A \\leq 15 \\] 이다. (그림 4.1)<p>\\( A \\) 의 근사값을 좀더 정확하게 구하기 위해 구간 \\( [-1,2] \\) 를 길이가 같은 두 개의 구간 \\( [-1,0.5] \\) 와 \\( [0.5,2] \\) 로 나누자. \\( A_ { 1 } \\) 을 구간 \\( [-1,0.5] \\) 위와 곡선 아래의 넓이라 하면 \\( A_ { 1 } \\) 의 외부 직사각형은 밑변이 \\( [-1,0.5] \\) 이고 높이가 \\( f(-1)=2 \\) 인 직사각형이고 내부 직사각형은 밑변이 \\( [-1,0.5] \\) 이고 높이가 \\( f(0)=1 \\) 인 직사각형이다. 따라서 \\[ \\frac { 3 } { 2 } \\leq A_ { 1 } \\leq 3 . \\] \\( A_ { 2 } \\) 를 구간 \\( [0.5,2] \\) 위와 곡선 아래의 넓이라 하면 \\( A_ { 2 } \\) 의 외부 직사각형은 밑변이 \\( [0.5,2] \\) 이고 높이가 \\( f(2)=5 \\) 인 직사각형이고 내부 직사각형은 밑변이 \\( [0.5,2] \\) 이고 높이가 \\( f(0.5)=1.25 \\) 인 직사각형이다. 따라서 \\[ \\frac { 15 } { 8 } \\leq A_ { 2 } \\leq \\frac { 15 } { 2 } \\] 그런데 \\( A=A_ { 1 } + A_ { 2 } \\) 이므로 \\[ \\frac { 27 } { 8 } \\leq A \\leq \\frac { 21 } { 2 } \\] 이것은 앞의 것보다 향상된 근사값이다(그림 4.1의 아래 그림 참조).</p>",
                "context_length": 1426,
                "clue": [
                    {
                        "clue_text": "첫쪠는 평면에서의 곡선의 접선을 구하는 것이고, 둘째는 평면에서의 영역의 넓이롤 구하는 깃이다.",
                        "clue_start": "53",
                        "clue_end": "106"
                    },
                    {
                        "clue_text": "마찬가지로 영역 \\( R_ { 2 } \\)를 밑변이 \\( [-1,2] \\), 높이가 구간 \\( [-1,2] \\) 에서 함수의 최솟값 \\( f(0) \\) \\( =1 \\) 인 직사각형(이것을 내부 직사각형이라 한다)이라 하면 \\( R \\) 는 \\( R_ { 2 } \\)를 포함한다.",
                        "clue_start": "475",
                        "clue_end": "630"
                    },
                    {
                        "clue_text": "즉, \\[3 \\leq A \\leq 15 \\] 이다.",
                        "clue_start": "661",
                        "clue_end": "689"
                    },
                    {
                        "clue_text": "(그림 4.1)<p>\\( A \\) 의 근사값을 좀더 정확하게 구하기 위해 구간 \\( [-1,2] \\) 를 길이가 같은 두 개의 구간 \\( [-1,0.5] \\) 와 \\( [0.5,2] \\) 로 나누자.",
                        "clue_start": "690",
                        "clue_end": "801"
                    }
                ],
                "terminology": [
                    {
                        "word": "곡선의 접선"
                    },
                    {
                        "word": "근사값"
                    },
                    {
                        "word": "미적분학"
                    },
                    {
                        "word": "미적분학의 기본정리"
                    },
                    {
                        "word": "접선"
                    },
                    {
                        "word": "함수"
                    }
                ]
            },
            {
                "context_id": "55e-0c9-merge_96aba9d6-a2b66201-603a-4446-8898-33892805d55a_15",
                "context_K-NSCC": {
                    "field": "자연",
                    "large_category": "NA",
                    "medium_category": "02"
                },
                "context": "<p>예제 7의 결과를 일반화하여 공식으로 나타내면 다음과 같다. 함수 \\( f(x) \\) 가 연속이고 \\( u(x), v(x) \\) 가 \\( x \\) 에 대하여 미분가능함수이면 \\[ \\frac { d } { d x } \\int_ { v(x) } ^ { u(x) } f(t) d t=f(u(x)) u ^ {\\prime } (x)-f(v(x)) v ^ {\\prime } (x) \\]</p> <p>지금까지의 논의를 요약해 보자. 미적분학의 기본정리 \\( \\mathrm { I } \\) 은 정적분을 계산하는 좋은 방법을 알려주지만, 적분하려는 함수의 역도함수를 알아야만 한다. 미적분학의 기본정리 II는 모든 연속함수는 역도함수를 가지며 정적분을 이용하여 그 역도함수를 구할 수 있음을 알려주지만 불행히도 이 역도함수를 가지고 쉅게 정적분을 구할 수 없는 경우도 있다. 예를 들어 \\[ F(x)= \\int_ { 1 } ^ { x } \\frac {\\sin t } { t } d t \\] \\[ f(x)= \\frac {\\sin x } { x } \\]의 역도함수이다. 그러나 이 역도함수는 정적분 \\[ \\int_ { 1 } ^ { 4 } \\frac {\\sin x } { x } d x \\]를 구하는데 도움이 되지 않는다.</p> <h1>\\( 4.5 \\) 부정적분과 치환적분법</h1> <p>\\( F ^ {\\prime } (x)=f(x) \\) 일 때 \\( F(x) \\) 를 \\( f(x) \\) 의 역도함수라 한다. 그런데 주어진 함수의 역도함수는 하나가 아니다. 예를 들어 \\( f(x)=3 x ^ { 2 } \\) 의 역도함수는 \\( F(x)=x ^ { 3 } + c(c \\) 는 임의의 상수 \\( ) \\)이다.</p> <p>함수 \\( f(x) \\) 의 역도함수가 \\( F(x) \\) 일 때, \\[ F(x)= \\int f(x) d x \\]라 나타낸다. 여기서 \\[ \\int f(x) d x \\]를 \\( f(x) \\) 의 부정적분(indefinite integral)이라 한다. 즉, 부정적분과 역도함수는 같은 개념이다. 예를 들어 \\[ \\int 3 x ^ { 2 } d x=x ^ { 3 } + c \\quad(c \\text { 는 임의의 상수 } ) \\]이다. 부정적분은 도함수를 구하는 과정의 역과정이므로 다음과 같은 사실을 쉽게 알 수 있다.</p> <p>\\( \\int x ^ { n } d x= \\frac { x ^ { n + 1 } } { n + 1 } + c \\quad(n \\neq-1) \\)</p>",
                "context_length": 1228,
                "clue": [
                    {
                        "clue_text": "미적분학의 기본정리 \\( \\mathrm { I } \\) 은 정적분을 계산하는 좋은 방법을 알려주지만, 적분하려는 함수의 역도함수를 알아야만 한다.",
                        "clue_start": "238",
                        "clue_end": "319"
                    },
                    {
                        "clue_text": "미적분학의 기본정리 II는 모든 연속함수는 역도함수를 가지며 정적분을 이용하여 그 역도함수를 구할 수 있음을 알려주지만 불행히도 이 역도함수를 가지고 쉅게 정적분을 구할 수 없는 경우도 있다.",
                        "clue_start": "320",
                        "clue_end": "427"
                    },
                    {
                        "clue_text": "\\( \\int x ^ { n } d x= \\frac { x ^ { n + 1 } } { n + 1 } + c \\quad(n \\neq-1) \\)",
                        "clue_start": "1145",
                        "clue_end": "1224"
                    },
                    {
                        "clue_text": "즉, 부정적분과 역도함수는 같은 개념이다.",
                        "clue_start": "987",
                        "clue_end": "1010"
                    }
                ],
                "terminology": [
                    {
                        "word": "도함수"
                    },
                    {
                        "word": "미분가능함수"
                    },
                    {
                        "word": "미적분학"
                    },
                    {
                        "word": "미적분학의 기본정리"
                    },
                    {
                        "word": "부정적분"
                    },
                    {
                        "word": "역도함수"
                    },
                    {
                        "word": "연속함수"
                    },
                    {
                        "word": "적분"
                    },
                    {
                        "word": "정적분"
                    },
                    {
                        "word": "함수"
                    }
                ]
            },
            {
                "context_id": "55e-0c9-merge_96aba9d6-a2b66201-603a-4446-8898-33892805d55a_04",
                "context_K-NSCC": {
                    "field": "자연",
                    "large_category": "NA",
                    "medium_category": "02"
                },
                "context": "<p>정적분을 정의에 의해 계산한다는 것은 매우 힘들고 어려운 일이다. 우리는 뒤에 미적분학의 기본정리에 의해 이를 쉽게 계산하는 방법을 배울 것이다.</p> <h1>\\( 4.2 \\) 리만 합</h1> <p>\\( f \\) 를 구간 \\( [a, b] \\) 에서 정의된 함수라 하고, 집합 \\( P= \\left \\{ x_ { 0 } , x_ { 1 } , \\cdots, x_ { n } \\right \\} \\)을 구간 \\( [a, b] \\) 의 분할이라 하자. \\( M_ { i } \\) 와 \\( m_ { i } \\) 는 위에서 정의된 바와 같다. \\( c_ { 1 } , c_ { 2 } , \\cdots, c_ { n } \\) 을 다음을 만족하는 값이라 하자.</p> <p>\\( x_ { i-1 } \\leq c_ { i } \\leq x_ { i } \\quad(i=1, \\cdots, n) \\)</p> <p>그러면 \\( m_ { i } \\leq f \\left (c_ { i } \\right ) \\leq M_ { i } (i=1, \\cdots, n) \\) 이므로 다음이 성립함을 알 수 있다.</p> <p>\\( L(f, P)= \\sum_ { i=1 } ^ { n } m_ { i } \\Delta x_ { i } \\leq \\sum_ { i=1 } ^ { n } f \\left (c_ { i } \\right ) \\Delta x_ { i } \\leq \\sum_ { i=1 } ^ { n } M_ { i } \\Delta x_ { i } =U(f, P) \\)</p> <p>만약 \\( f \\) 가 적분가능하다면 모든 \\( \\varepsilon>0 \\) 에 대해 \\[ |L(f, P)-U(f, P)|< \\varepsilon \\]를 만족하는 분할 \\( P \\) 가 존재한다(이에 대한 증명은 생략한다), 따라서 모든 \\( \\varepsilon>0 \\) 에 대해 \\( c_ { 1 } , c_ { 2 } , \\cdots, c_ { n } \\) 를 어떻게 정하든 관계없이 \\[ \\left | \\int_ { a } ^ { b } f(x) d x- \\sum_ { i=1 } ^ { n } f \\left (c_ { i } \\right ) \\Delta x_ { i } \\right |< \\varepsilon \\]를 만족하는 분할 \\( P \\) 가 존재한다. \\( |P| \\) 를 구간 \\( \\left [x_ { i-1 } , x_ { i } \\right ](i=1, \\cdots \\), \\( n) \\) 의 최대 길이라 하면 \\( |P|< \\delta \\) 인 모든 분할에 대해 위의 부등식이 성립하는 \\( \\delta \\) 가 존재함을 증명할 수 있다. 따라서 다음과 같이 나타낼 수 있다.</p>",
                "context_length": 1324,
                "clue": [
                    {
                        "clue_text": "\\( f \\) 를 구간 \\( [a, b] \\) 에서 정의된 함수라 하고, 집합 \\( P= \\left \\{ x_ { 0 } , x_ { 1 } , \\cdots, x_ { n } \\right \\} \\)을 구간 \\( [a, b] \\) 의 분할이라 하자.",
                        "clue_start": "116",
                        "clue_end": "254"
                    },
                    {
                        "clue_text": "그러면 \\( m_ { i } \\leq f \\left (c_ { i } \\right ) \\leq M_ { i } (i=1, \\cdots, n) \\) 이므로 다음이 성립함을 알 수 있다.",
                        "clue_start": "449",
                        "clue_end": "551"
                    },
                    {
                        "clue_text": "만약 \\( f \\) 가 적분가능하다면 모든 \\( \\varepsilon>0 \\) 에 대해 \\[ |L(f, P)-U(f, P)|< \\varepsilon \\]를 만족하는 분할 \\( P \\) 가 존재한다(이에 대한 증명은 생략한다),",
                        "clue_start": "759",
                        "clue_end": "885"
                    },
                    {
                        "clue_text": "\\( |P| \\) 를 구간 \\( \\left [x_ { i-1 } , x_ { i } \\right ](i=1, \\cdots \\), \\( n) \\) 의 최대 길이라 하면 \\( |P|< \\delta \\) 인 모든 분할에 대해 위의 부등식이 성립하는 \\( \\delta \\) 가 존재함을 증명할 수 있다.",
                        "clue_start": "1134",
                        "clue_end": "1299"
                    }
                ],
                "terminology": [
                    {
                        "word": "리만 합"
                    },
                    {
                        "word": "미적분학"
                    },
                    {
                        "word": "미적분학의 기본정리"
                    },
                    {
                        "word": "부등식"
                    },
                    {
                        "word": "적분"
                    },
                    {
                        "word": "적분가능"
                    },
                    {
                        "word": "정적분"
                    },
                    {
                        "word": "집합"
                    }
                ]
            },
            {
                "context_id": "55e-0c9-merge_96aba9d6-a2b66201-603a-4446-8898-33892805d55a_13",
                "context_K-NSCC": {
                    "field": "자연",
                    "large_category": "NA",
                    "medium_category": "02"
                },
                "context": "<p>참고 함수 \\( f \\) 가 \\( x \\) 와 \\( a \\) 를 포함하는 구간에서 연속이면, \\( \\frac { d } { d x } \\int_ { a } ^ { x } f(t) d t=f(x) \\) 는 \\( x<a \\) 일 때도 성립한다. 함수 \\( f(x) \\) 가 다음과 같다고 하자. \\[ f(x)= \\left \\{\\begin {array} { cc } \\frac {\\sin x } { x } , & x \\neq 0 \\\\ 1, & x=0 \\end {array} \\right . \\] \\( f \\) 는 \\( (- \\infty, \\infty) \\) 에서 연속함수이므로 \\[ F(x)= \\int_ { a } ^ { x } f(t) d t \\]는 \\( (- \\infty, \\infty) \\) 에서 \\( f \\) 의 역도함수이다. 특히 모든 \\( x \\neq 0 \\) 에 대해 \\[ F ^ {\\prime } (x)= \\frac {\\sin x } { x } \\]이며 \\[ F ^ {\\prime } (0)=1 \\]이다. \\( F \\) 와 \\( f \\) 의 그래프는 그림 4.7과 같다.</p> <p>예제 4 \\( \\frac { d } { d x } \\int_ { 0 } ^ { x } \\sin \\left (t ^ { 2 } \\right ) d t \\) 를 구하여라.</p> <p>풀이 \\[ \\frac { d } { d x } \\int_ { 0 } ^ { x } \\sin \\left (t ^ { 2 } \\right ) d t= \\sin \\left (x ^ { 2 } \\right ) \\]</p> <p>예졔 5 \\( \\frac { d } { d x } \\int_ { 0 } ^ { 3 x } \\sin \\left (t ^ { 2 } \\right ) d t \\) 를 구하여라.</p> <p>풀이 \\( G(x)= \\int_ { 0 } ^ { 3 x } \\sin \\left (t ^ { 2 } \\right ) d t \\) 라 하면 \\( G(x)=F(u(x)) \\) 로 표현할 수 있다. 여기서 \\[ u(x)=3 x, F(x)= \\int_ { 0 } ^ { x } \\sin \\left (t ^ { 2 } \\right ) d t \\]이다. 연쇄법칙을 적용하면 \\[ G ^ {\\prime } (x)=F ^ {\\prime } (u(x)) u ^ {\\prime } (x)= \\sin \\left ((3 x) ^ { 2 } \\right )(3)=3 \\sin \\left (9 x ^ { 2 } \\right ) \\]</p>",
                "context_length": 1229,
                "clue": [
                    {
                        "clue_text": "참고 함수 \\( f \\) 가 \\( x \\) 와 \\( a \\) 를 포함하는 구간에서 연속이면, \\( \\frac { d } { d x } \\int_ { a } ^ { x } f(t) d t=f(x) \\) 는 \\( x<a \\) 일 때도 성립한다.",
                        "clue_start": "3",
                        "clue_end": "137"
                    },
                    {
                        "clue_text": "예졔 5 \\( \\frac { d } { d x } \\int_ { 0 } ^ { 3 x } \\sin \\left (t ^ { 2 } \\right ) d t \\) 를 구하여라.",
                        "clue_start": "783",
                        "clue_end": "878"
                    },
                    {
                        "clue_text": "연쇄법칙을 적용하면 \\[ G ^ {\\prime } (x)=F ^ {\\prime } (u(x)) u ^ {\\prime } (x)= \\sin \\left ((3 x) ^ { 2 } \\right )(3)=3 \\sin \\left (9 x ^ { 2 } \\right ) \\]",
                        "clue_start": "1078",
                        "clue_end": "1225"
                    }
                ],
                "terminology": [
                    {
                        "word": "역도함수"
                    },
                    {
                        "word": "연속함수"
                    },
                    {
                        "word": "연쇄법칙"
                    },
                    {
                        "word": "함수"
                    }
                ]
            },
            {
                "context_id": "55e-0c9-merge_96aba9d6-a2b66201-603a-4446-8898-33892805d55a_03",
                "context_K-NSCC": {
                    "field": "자연",
                    "large_category": "NA",
                    "medium_category": "02"
                },
                "context": "<p>[정리 4.1] 구간 \\( [a, b] \\) 에서 연속인 함수는 적분가능하다.</p> <p>예를 들어, 함수 \\( f(x)=x ^ { 2 } + 1 \\) 는 구간 \\( [-1,2] \\) 에서 적분가능하다.</p> <p>예제 1 구간 \\( [0,5] \\) 에서 \\( f(x)=3 \\) 일 때, 구간 \\( [0,5] \\) 위와 이 함수의 그래프 아래에 있는 영역의 넓이 \\( A \\) 를 구하여라.</p> <p>풀이 \\( P= \\left \\{ x_ { 0 } , x_ { 1 } , \\cdots, x_ { n } \\right \\} \\) 를 구간 \\( [0,5] \\) 의 임의의 분할이라 하자. 그러면 모든 \\( i=1,2, \\cdots, n \\) 에 대해 \\[M_ { i } =3, \\quad m_ { i } =3 \\] 이므로 \\[ U(f, P)=L(f, P)= \\sum_ { i=1 } ^ { n } 3 \\Delta x_ { i } =3 \\sum_ { i=1 } ^ { n } \\Delta x_ { i } =15 \\]이다. 따라서 모든 분할 \\( P \\) 에 대해 \\[U(f, P) \\leq I \\leq L(f, P) \\]를 만족하는 \\( I \\) 는 15 뿐이다. 즉 \\[A= \\int_ { 0 } ^ { 5 } 3 d x=15 \\] 물론 이 영역은 밑변이 5 이고 높이가 3 인 직사각형이므로 넓이는 15 임을 쉽게 알 수 있다.</p> <p>위 예제에서 보듯이 모든 상수 \\( c \\) 에 대해 \\[ \\int_ { a } ^ { b } c d x=c(b-a) \\]임을 알 수 있다.</p> <p>정리 4.1에서 연속함수는 모두 적분가능하다는 사실을 배웠다. 다음의 예제에서는 유계함수 중에는 적분가능하지 않은 함수가 있음을 알 수 있다.</p> <p>예제 2 구간 \\( [0,1] \\) 에서 정의되는 다음 함수는 적분가능하지 않음을 증명 하여라. \\[ f(x)= \\left \\{\\begin {array} { ll } 1, & (x \\text { 가 유리수 } ) \\\\ 0, & (x \\text { 가 무리수 } ) \\end {array} \\right . \\]</p> <p>풀이 \\( P= \\left \\{ x_ { 0 } , x_ { 1 } , \\cdots, x_ { n } \\right \\} \\) 를 구간 \\( [0,1] \\) 의 임의의 분할이라 하자. 그러면 모든 \\( i=1,2, \\cdots, n \\) 에 대해 \\[ M_ { i } =1, \\quad m_ { i } =0 \\]이므로 \\[ \\begin {array} { c } L(f, P)= \\sum_ { i=0 } ^ { n } m_ { i } \\Delta x_ { i } =0 \\\\ U(f, P)= \\sum_ { i=0 } ^ { n } M_ { i } \\Delta x_ { i } =1 \\end {array} \\]이다. 따라서 \\[ L(f, P)=0 \\leq I \\leq 1 \\leq U(f, P) \\]를 만족하는 수 \\( I \\) 는 유일하지 않으므로 \\( f(x) \\) 는 [0, 1]에서 적분가능 하지 않다.</p>",
                "context_length": 1506,
                "clue": [
                    {
                        "clue_text": "[정리 4.1] 구간 \\( [a, b] \\) 에서 연속인 함수는 적분가능하다.",
                        "clue_start": "3",
                        "clue_end": "46"
                    },
                    {
                        "clue_text": "따라서 \\[ L(f, P)=0 \\leq I \\leq 1 \\leq U(f, P) \\]를 만족하는 수 \\( I \\) 는 유일하지 않으므로 \\( f(x) \\) 는 [0, 1]에서 적분가능 하지 않다.",
                        "clue_start": "1394",
                        "clue_end": "1502"
                    }
                ],
                "terminology": [
                    {
                        "word": "무리수"
                    },
                    {
                        "word": "분할"
                    },
                    {
                        "word": "연속인 함수"
                    },
                    {
                        "word": "연속함수"
                    },
                    {
                        "word": "유계함수"
                    },
                    {
                        "word": "유리수"
                    },
                    {
                        "word": "적분"
                    },
                    {
                        "word": "적분가능"
                    },
                    {
                        "word": "함수"
                    }
                ]
            },
            {
                "context_id": "55e-0c9-merge_96aba9d6-a2b66201-603a-4446-8898-33892805d55a_08",
                "context_K-NSCC": {
                    "field": "자연",
                    "large_category": "NA",
                    "medium_category": "02"
                },
                "context": "<p>\\( \\int_ { a } ^ { b } f(x) d x \\leq \\int_ { a } ^ { b } g(x) d x \\)</p> <p>함수 \\( f \\) 가 구간 \\( [a, b] \\) 에서 정의되며, 이 구간에서 \\( f(x) \\leq 0 \\) 이라 하자. 구간 \\( [a, b] \\) 아래에 있고 \\( f \\) 의 그래프 위에 있는 영역을 그림 \\( 4.4 \\) 와 같이 \\( R \\) 이라 하자. 또 그림 \\( 4.5 \\) 와 같이 구간 \\( [a, b] \\) 위에 있고 \\( -f \\) 의 그레프 아래에 있는 영역을 \\( S \\) 라 하면, \\[ R \\text { 의 넓이 } =S \\text { 의 넓이 } = \\int_ { a } ^ { b } -f(x) d x=- \\int_ { a } ^ { b } f(x) d x \\]이므로 \\[ \\int_ { a } ^ { b } f(x) d x=-(R \\text { 의 넓이 } ) \\]이다. 예를 들어 구간 \\( [0,1] \\) 아래에 있고 \\( f(x)=x-1 \\) 의 그래프 위에 있는 영역은 그림 4.6과 같다. 이 영역의 넓이는 \\( \\frac { 1 } { 2 } \\) 이므로 \\[ \\int_ { 0 } ^ { 1 } f(x) d x=- \\frac { 1 } { 2 } \\]</p> <p>일반적으로 \\( \\int_ { a } ^ { b } f(x) d x \\) 는 구간 \\( [a, b] \\) 의 \\( y=f(x) \\) 의 그레프 중에서 \\( x \\) 축 위에 있는 영역의 넓이에서 \\( x \\) 축 아래에 있는 영역의 넓이를 뺀 것이다. 예를 들어 \\[ \\int_ { - \\pi } ^ {\\pi } \\sin x d x=0 \\]이다.</p> <h1>\\( 4.4 \\) 미적분학의 기본정리</h1> <p>이제 미분과 적분의 관계를 알아 보자.</p> <p>[정리 4.2] 미적분학의 기본정리 \\( \\mathrm { I } \\) 함수 \\( f \\) 가 \\( [a, b] \\) 에서 적분가능하고, \\( F \\) 가 \\( (a, b) \\) 에서 \\( f \\) 의 역도함수 \\( \\left ( \\right . \\) 즉, \\( \\left .F ^ {\\prime } (x)=f(x) \\right ) \\) 이며 \\( [a, b] \\) 에서 연속이면, 다음의 등식이 성립한다. \\[ \\int_ { a } ^ { b } f(x) d x=F(b)-F(a) \\]</p>",
                "context_length": 1184,
                "clue": [
                    {
                        "clue_text": "함수 \\( f \\) 가 구간 \\( [a, b] \\) 에서 정의되며, 이 구간에서 \\( f(x) \\leq 0 \\) 이라 하자.",
                        "clue_start": "79",
                        "clue_end": "148"
                    },
                    {
                        "clue_text": "구간 \\( [a, b] \\) 아래에 있고 \\( f \\) 의 그래프 위에 있는 영역을 그림 \\( 4.4 \\) 와 같이 \\( R \\) 이라 하자.",
                        "clue_start": "149",
                        "clue_end": "228"
                    },
                    {
                        "clue_text": "일반적으로 \\( \\int_ { a } ^ { b } f(x) d x \\) 는 구간 \\( [a, b] \\) 의 \\( y=f(x) \\) 의 그레프 중에서 \\( x \\) 축 위에 있는 영역의 넓이에서 \\( x \\) 축 아래에 있는 영역의 넓이를 뺀 것이다.",
                        "clue_start": "648",
                        "clue_end": "788"
                    }
                ],
                "terminology": [
                    {
                        "word": "등식"
                    },
                    {
                        "word": "미분"
                    },
                    {
                        "word": "미적분학"
                    },
                    {
                        "word": "역도함수"
                    },
                    {
                        "word": "연속"
                    },
                    {
                        "word": "적분"
                    },
                    {
                        "word": "적분가능"
                    },
                    {
                        "word": "함수"
                    }
                ]
            },
            {
                "context_id": "55e-0c9-merge_96aba9d6-a2b66201-603a-4446-8898-33892805d55a_11",
                "context_K-NSCC": {
                    "field": "자연",
                    "large_category": "NA",
                    "medium_category": "02"
                },
                "context": "<p>풀이 \\( F(t)= \\frac { 2 } { 3 } t ^ {\\frac { 3 } { 2 } } \\) 이 \\( f(t)= \\sqrt { t } \\) 의 역도함수이므로 \\[ \\int_ { 0 } ^ { 4 } \\sqrt { t } d t= \\left . \\frac { 2 } { 3 } t ^ {\\frac { 3 } { 2 } } \\right |_ { 0 } ^ { 4 } = \\frac { 16 } { 3 } -0= \\frac { 16 } { 4 } \\]</p> <p>위의 예에서 보았듯이 역도함수를 알면 미적분학의 기본정리 I을 적용하여 쉽게 정적분을 구할 수 있다. 뒤에 역도함수를 구하는 방법들에 대해 배우겠지만 일반적으로 주어진 함수의 역도함수를 찾는 것은 쉅지 않다. 예를 들어 \\[ F(x)=- \\frac { 1 } { 2 } x ^ { 3 } \\cos (2 x) + \\frac { 3 } { 4 } x ^ { 2 } \\sin (2 x) + \\frac { 3 } { 4 } x \\cos (2 x)- \\frac { 3 } { 8 } \\sin (2 x) \\]는 \\( f(x)=x ^ { 3 } \\sin (2 x) \\) 의 역도함수지만 이것을 구하기는 매우 어렵다. 더욱이 \\[ f(x)= \\frac {\\sin (x) } { x } \\]는 0 을 포함하지 않는 구간에서 적분가능하지만 우리가 알고있는 기본 함수를 이용하여 역도함수를 표현할 수는 없다.</p> <p>미적분학의 기본정리 I은 함수 \\( f \\) 의 역도함수를 알면 이것을 이용하여 정적분을 구할 수 있음을 말하고 있지만, 어떤 함수가 역도함수를 갖는지에 대해서는 말하고 있지 않다. 이에 대한 답을 줄 수 있는 것이 미적분학의 기본정리 II이다. 이 정리를 살펴보기 위해 우선 정적분의 정의를 좀더 확장할 필요가 있다.</p> <p>정적분 \\( \\int_ { a } ^ { b } f(x) d x \\) 를 정의할 때 \\( a<b \\) 이었다. 이제 \\( a \\geq b \\) 인 경우도 살펴보자. 먼지 \\( a=b \\) 일 때는 함수 그레프와 \\( x \\) 축 사이의 영역이 선분이므로 정적분의 값을 0 으로 하는 것이 합리적이다. 따라서 다음과 같은 정의를 내릴 수 있다.</p>",
                "context_length": 1096,
                "clue": [
                    {
                        "clue_text": "풀이 \\( F(t)= \\frac { 2 } { 3 } t ^ {\\frac { 3 } { 2 } } \\) 이 \\( f(t)= \\sqrt { t } \\) 의 역도함수이므로 \\[ \\int_ { 0 } ^ { 4 } \\sqrt { t } d t= \\left . \\frac { 2 } { 3 } t ^ {\\frac { 3 } { 2 } } \\right |_ { 0 } ^ { 4 } = \\frac { 16 } { 3 } -0= \\frac { 16 } { 4 } \\]",
                        "clue_start": "3",
                        "clue_end": "258"
                    },
                    {
                        "clue_text": "위의 예에서 보았듯이 역도함수를 알면 미적분학의 기본정리 I을 적용하여 쉽게 정적분을 구할 수 있다.",
                        "clue_start": "266",
                        "clue_end": "322"
                    },
                    {
                        "clue_text": "예를 들어 \\[ F(x)=- \\frac { 1 } { 2 } x ^ { 3 } \\cos (2 x) + \\frac { 3 } { 4 } x ^ { 2 } \\sin (2 x) + \\frac { 3 } { 4 } x \\cos (2 x)- \\frac { 3 } { 8 } \\sin (2 x) \\]는 \\( f(x)=x ^ { 3 } \\sin (2 x) \\) 의 역도함수지만 이것을 구하기는 매우 어렵다.",
                        "clue_start": "383",
                        "clue_end": "603"
                    },
                    {
                        "clue_text": "미적분학의 기본정리 I은 함수 \\( f \\) 의 역도함수를 알면 이것을 이용하여 정적분을 구할 수 있음을 말하고 있지만, 어떤 함수가 역도함수를 갖는지에 대해서는 말하고 있지 않다.",
                        "clue_start": "715",
                        "clue_end": "816"
                    },
                    {
                        "clue_text": "이에 대한 답을 줄 수 있는 것이 미적분학의 기본정리 II이다.",
                        "clue_start": "817",
                        "clue_end": "852"
                    }
                ],
                "terminology": [
                    {
                        "word": "미적분학"
                    },
                    {
                        "word": "미적분학의 기본정리"
                    },
                    {
                        "word": "선분"
                    },
                    {
                        "word": "역도함수"
                    },
                    {
                        "word": "적분"
                    },
                    {
                        "word": "적분가능"
                    },
                    {
                        "word": "정적분"
                    },
                    {
                        "word": "함수"
                    }
                ]
            },
            {
                "context_id": "55e-0c9-merge_96aba9d6-a2b66201-603a-4446-8898-33892805d55a_09",
                "context_K-NSCC": {
                    "field": "자연",
                    "large_category": "NA",
                    "medium_category": "02"
                },
                "context": "<p>참고 \\[ \\begin {aligned} F(b)-F(a) \\text { 를 } \\left .F(x) \\right |_ { a } ^ { b } \\text { 또는 } & { [F(x)]_ { a } ^ { b } \\text { 로 나타낸다. 즉 } } \\int_ { a } ^ { b } f(x) d x= \\left .F(x) \\right |_ { a } ^ { b } \\end {aligned} \\]</p> <p>증명 \\( P= \\left \\{ x_ { 0 } , x_ { 1 } , \\cdots, x_ { n } \\right \\} \\) 를 분할이라 하고, \\( \\Delta x_ { i } =x_ { i } -x_ { i-1 } (i=1,2, \\cdots \\), \\( n \\) )라 하자. 그러면 \\[ \\begin {aligned} F(b)-F(a)=& F \\left (x_ { n } \\right )-F \\left (x_ { 0 } \\right ) \\\\ =& \\left (F \\left (x_ { n } \\right )-F \\left (x_ { n-1 } \\right ) \\right ) + \\left (F \\left (x_ { n-1 } \\right )-F \\left (x_ { n-2 } \\right ) \\right ) + \\cdots \\\\ & + \\left (F \\left (x_ { 1 } \\right )-F \\left (x_ { 0 } \\right ) \\right ) \\end {aligned} \\] \\[ = \\sum_ { i=1 } ^ { n } \\left (F \\left (x_ { i } \\right )-F \\left (x_ { i-1 } \\right ) \\right ) \\]이다. 평균값정리에 의해 모든 \\( i=1,2, \\cdots, n \\) 에 대해 \\[ F ^ {\\prime } \\left (c_ { i } \\right )= \\frac { F \\left (x_ { i } \\right )-F \\left (x_ { i-1 } \\right ) } { x_ { i } -x_ { i-1 } } \\]인 \\( c_ { i } \\) 가 구간 \\( \\left [x_ { i-1 } , x_ { i } \\right ] \\) 에 존재한다. 따라서 \\[ F \\left (x_ { i } \\right )-F \\left (x_ { i-1 } \\right )=f \\left (c_ { i } \\right ) \\Delta x_ { i } \\]가 되며 \\[ F(b)-F(a)= \\sum_ { i=1 } ^ { n } f \\left (c_ { i } \\right ) \\Delta x_ { i } \\]가 된다. 양 변을 \\( n \\) 에 대하여 극한을 취하면 \\[ F(b)-F(a)= \\lim _ { n \\rightarrow \\infty } \\sum_ { i=1 } ^ { n } f \\left (c_ { i } \\right ) \\Delta x_ { i } \\]이다. 그런데 \\( f \\) 는 적분가능하므로 우변의 극한은 \\( \\int_ { a } ^ { b } f(x) d x \\) 이다. 따라서 \\[ \\int_ { a } ^ { b } f(x) d x=F(b)-F(a) \\]</p>",
                "context_length": 1561,
                "clue": [
                    {
                        "clue_text": "참고 \\[ \\begin {aligned} F(b)-F(a) \\text { 를 } \\left .F(x) \\right |_ { a } ^ { b } \\text { 또는 } & { [F(x)]_ { a } ^ { b } \\text { 로 나타낸다. 즉 } } \\int_ { a } ^ { b } f(x) d x= \\left .F(x) \\right |_ { a } ^ { b } \\end {aligned} \\]",
                        "clue_start": "3",
                        "clue_end": "228"
                    }
                ],
                "terminology": [
                    {
                        "word": "우변의 극한"
                    },
                    {
                        "word": "적분"
                    },
                    {
                        "word": "적분가능"
                    },
                    {
                        "word": "평균값"
                    },
                    {
                        "word": "평균값정리"
                    }
                ]
            },
            {
                "context_id": "55e-0c9-merge_96aba9d6-a2b66201-603a-4446-8898-33892805d55a_17",
                "context_K-NSCC": {
                    "field": "자연",
                    "large_category": "NA",
                    "medium_category": "02"
                },
                "context": "<p>예제 3 \\( \\int \\left ( \\cos x + \\frac { 4 } { x ^ { 2 } } \\right ) d x \\) 를 구하여라.</p> <p>풀이 \\[ \\int \\left ( \\cos x + \\frac { 4 } { x ^ { 2 } } \\right ) d x= \\int \\cos x d x + 4 \\int x ^ { -2 } d x= \\sin x- \\frac { 4 } { x } + c \\]</p> <p>이제 처음 제시했던 공식을 직접 사용하지 못하는 문제를 살펴보자. \\( F(x)= \\sin (2 x) \\) 의 도함수는 \\( F ^ {\\prime } (x)=2 \\cos (2 x) \\) 이므로 \\( f(x)= \\) \\( \\cos (2 x) \\) 의 역도함수가 아니다. 그러나 \\( F ^ {\\prime } (x)=2 \\cos (2 x) \\) 를 2로 나눠주면 \\( f(x) \\) 가 된다. 따라서 \\[ \\int \\cos (2 x) d x= \\frac { 1 } { 2 } \\sin (2 x) + c \\]이다. 이와 비슷한 방법으로 다음 예제를 풀어보자.</p> <p>예제 4 \\( \\int \\frac { 1 } {\\sqrt { 3 x + 1 } } \\)를 구하여라.</p> <p>풀이 우선 \\[ F(x)= \\frac { (3 x + 1) ^ { 1 / 2 } } { 1 / 2 } =2 \\sqrt { 3 x + 1 } \\]라 추측해 보자. \\[ F ^ {\\prime } (x)= \\frac { 3 } {\\sqrt { 3 x + 1 } } \\]이므로 \\[ \\int \\frac { 1 } {\\sqrt { 3 x + 1 } } d x= \\frac { 2 } { 3 } \\sqrt { 3 x + 1 } + c \\]</p> <p>이 문제를 일반화시키면 다음과 같은 부정적분을 구하는 문제가 된다.</p> <p>\\( \\int f(g(x)) g ^ {\\prime } (x) d x \\)</p> <p>예를 들어, 예제 4 에서 \\[ f(u)= \\frac { 1 } { 3 \\sqrt { u } } , g(x)=3 x + 1 \\]이라 하면 \\[ \\int \\frac { 1 } {\\sqrt { 3 x + 1 } } d x= \\int f(g(x)) g ^ {\\prime } (x) d x \\]임을 알 수 있다. 이러한 문제는 다음 정리에 의해 해결할 수 있다.</p>",
                "context_length": 1161,
                "clue": [
                    {
                        "clue_text": "예제 3 \\( \\int \\left ( \\cos x + \\frac { 4 } { x ^ { 2 } } \\right ) d x \\) 를 구하여라.",
                        "clue_start": "3",
                        "clue_end": "82"
                    },
                    {
                        "clue_text": "따라서 \\[ \\int \\cos (2 x) d x= \\frac { 1 } { 2 } \\sin (2 x) + c \\]이다.",
                        "clue_start": "457",
                        "clue_end": "523"
                    },
                    {
                        "clue_text": "예제 4 \\( \\int \\frac { 1 } {\\sqrt { 3 x + 1 } } \\)를 구하여라.",
                        "clue_start": "556",
                        "clue_end": "611"
                    },
                    {
                        "clue_text": "이 문제를 일반화시키면 다음과 같은 부정적분을 구하는 문제가 된다.",
                        "clue_start": "866",
                        "clue_end": "903"
                    }
                ],
                "terminology": [
                    {
                        "word": "도함수"
                    },
                    {
                        "word": "부정적분"
                    },
                    {
                        "word": "역도함수"
                    },
                    {
                        "word": "추측해"
                    }
                ]
            },
            {
                "context_id": "55e-0c9-merge_96aba9d6-a2b66201-603a-4446-8898-33892805d55a_07",
                "context_K-NSCC": {
                    "field": "자연",
                    "large_category": "NA",
                    "medium_category": "02"
                },
                "context": "<p>\\( f \\) 를 구간 \\( [a, b] \\) 에서 정의된 적분가능한 함수라 하고, \\( a<c<b \\)라 하자. 이때 \\( f \\) 는 구간 \\( [a, c] \\) 와 \\( [c, b] \\) 에서 적분가능하다(이에 대한 증명은 생략하기로 한다). \\( c \\) 를 포함하는 분할을 이용하면 \\( [a, b] \\)에서의 \\( f \\) 의 리만 합은 \\( [a, c] \\) 에서의 리만 합과 \\( [c, b] \\) 에서의 리만 합을 더한 것과 같다. 이때 극한값을 구하면 다음과 같은 결과를 얻는다.</p> <p>\\( \\int_ { a } ^ { b } f(x) d x= \\int_ { a } ^ { c } f(x) d x + \\int_ { c } ^ { b } f(x) d x \\)</p> <p>만약 구간 \\( [a, b] \\) 에서 \\( f(x) \\geq 0 \\) 이면, 위의 식이 의미하는 바는 다음과 같다. 구간 \\( [a, b] \\) 에서 \\( f \\) 의 그레프 아래에 있는 영역의 넓이는 구간 \\( [a, c] \\) 에서 \\( f \\) 의 그레프 아래에 있는 영역의 넓이와 구간 \\( [c \\), \\( b] \\) 에서 \\( f \\) 의 그레프 아레 \\래에 있는 영역의 넓이를 더한 것과 같다(그림 \\( 4.3 \\) 참조).</p> <p>예제 3 함수 \\( f \\) 가 다음과 같을 때, 정적분 \\( \\int_ { 0 } ^ { 2 } f(x) d x \\) 를 구하여라.</p> <p>\\( f(x)= \\left \\{\\begin {array} { ll } x, & 0 \\leq x \\leq 1 \\\\ 3, & 1<x \\leq 2 \\end {array} \\right . \\)</p> <p>풀 이 \\[ \\int_ { 0 } ^ { 2 } f(x) d x= \\int_ { 0 } ^ { 1 } x d x + \\int_ { 1 } ^ { 2 } 3 d x= \\frac { 1 } { 2 } + 3= \\frac { 7 } { 2 } \\]</p> <p>함수 \\( f \\) 와 \\( g \\) 가 구간 \\( [a, b] \\) 에서 정의되며, 이 구간에서 \\( f(x) \\leq \\) \\( g(x) \\) 라 하자. 이때 \\( f \\) 의 리만 합은 \\( g \\) 의 리만 합보다 작거나 같으므로 그 극한값이 정적분은 다음과 같다</p>",
                "context_length": 1136,
                "clue": [
                    {
                        "clue_text": "이때 \\( f \\) 는 구간 \\( [a, c] \\) 와 \\( [c, b] \\) 에서 적분가능하다(이에 대한 증명은 생략하기로 한다).",
                        "clue_start": "67",
                        "clue_end": "141"
                    },
                    {
                        "clue_text": "만약 구간 \\( [a, b] \\) 에서 \\( f(x) \\geq 0 \\) 이면, 위의 식이 의미하는 바는 다음과 같다.",
                        "clue_start": "392",
                        "clue_end": "457"
                    },
                    {
                        "clue_text": "이때 \\( f \\) 의 리만 합은 \\( g \\) 의 리만 합보다 작거나 같으므로 그 극한값이 정적분은 다음과 같다",
                        "clue_start": "1069",
                        "clue_end": "1132"
                    }
                ],
                "terminology": [
                    {
                        "word": "극한값"
                    },
                    {
                        "word": "리만 합"
                    },
                    {
                        "word": "적분"
                    },
                    {
                        "word": "적분가능"
                    },
                    {
                        "word": "정적분"
                    },
                    {
                        "word": "함수"
                    }
                ]
            },
            {
                "context_id": "55e-0c9-merge_96aba9d6-a2b66201-603a-4446-8898-33892805d55a_14",
                "context_K-NSCC": {
                    "field": "자연",
                    "large_category": "NA",
                    "medium_category": "02"
                },
                "context": "<p>예졔 6 \\( H(x)= \\int_ { x } ^ { 0 } \\frac { 1 } { 1 + t ^ { 4 } } d t \\) 일 때, \\( H ^ {\\prime } (x) \\) 를 구하여라.</p> <p>풀이 \\[ H(x)=- \\int_ { 0 } ^ { x } \\frac { 1 } { 1 + t ^ { 4 } } d t \\text { 이므로 } \\] \\( H ^ {\\prime } (x)=- \\frac { d } { d x } \\int_ { 0 } ^ { x } \\frac { 1 } { 1 + t ^ { 4 } } d t=- \\frac { 1 } { 1 + x ^ { 4 } } \\)</p> <p>예졔 7 \\( F(x)= \\int_ { 2 x } ^ { x ^ { 2 } } \\sqrt { 1 + t ^ { 4 } } d t \\) 일 때, \\( F ^ {\\prime } (x) \\) 를 구하여라.</p> <p>풀이 \\( F(x) \\) 를 변형하면 \\[ \\begin {aligned} F(x) &= \\int_ { 2 x } ^ { 0 } \\sqrt { 1 + t ^ { 4 } } d t + \\int_ { 0 } ^ { x ^ { 2 } } \\sqrt { 1 + t ^ { 4 } } d t \\\\ &=- \\int_ { 0 } ^ { 2 x } \\sqrt { 1 + t ^ { 4 } } d t + \\int_ { 0 } ^ { x ^ { 2 } } \\sqrt { 1 + t ^ { 4 } } d t \\end {aligned} \\]이다. (여기서 꼭 0 를 사용할 필요는 없다.) 따라서 \\[ \\begin {aligned} F ^ {\\prime } (x) &=- \\frac { d } { d x } \\int_ { 0 } ^ { 2 x } \\sqrt { 1 + t ^ { 4 } } d t + \\frac { d } { d x } \\int_ { 0 } ^ { x ^ { 2 } } \\sqrt { 1 + t ^ { 4 } } d t \\\\ &=2 x \\sqrt { 1 + x ^ { 8 } } -2 \\sqrt { 1 + 16 x ^ { 4 } } \\end {aligned} \\]</p>",
                "context_length": 1055,
                "clue": [
                    {
                        "clue_text": "예졔 6 \\( H(x)= \\int_ { x } ^ { 0 } \\frac { 1 } { 1 + t ^ { 4 } } d t \\) 일 때, \\( H ^ {\\prime } (x) \\) 를 구하여라.",
                        "clue_start": "3",
                        "clue_end": "110"
                    },
                    {
                        "clue_text": "예졔 7 \\( F(x)= \\int_ { 2 x } ^ { x ^ { 2 } } \\sqrt { 1 + t ^ { 4 } } d t \\) 일 때, \\( F ^ {\\prime } (x) \\) 를 구하여라.",
                        "clue_start": "341",
                        "clue_end": "452"
                    }
                ],
                "terminology": []
            },
            {
                "context_id": "55e-0c9-merge_96aba9d6-a2b66201-603a-4446-8898-33892805d55a_19",
                "context_K-NSCC": {
                    "field": "자연",
                    "large_category": "NA",
                    "medium_category": "02"
                },
                "context": "<p>예제 \\( 7 \\int \\frac { x } {\\sqrt { 2 + x ^ { 2 } } } d x \\) 를 구하여라.</p> <p>풀이 \\( u=2 + x ^ { 2 } \\) 이라 하면 \\( d u=2 x d x \\) 이므로 \\[ \\begin {aligned} \\int \\frac { x } {\\sqrt { 2 + x ^ { 2 } } } d x=& \\frac { 1 } { 2 } \\int \\frac { 1 } {\\sqrt { u } } d u= \\frac { 1 } { 2 } (2 \\sqrt { u } ) + c \\\\ &= \\sqrt { 2 + x ^ { 2 } } + c \\end {aligned} \\]</p> <p>예제 \\( 8 \\int \\tan (3 x) \\sec ^ { 2 } (3 x) d x \\) 를 구하여라.</p> <p>풀이 \\( u= \\tan (3 x) \\) 라 하면 \\( d u=3 \\sec ^ { 2 } (3 x) d x \\) 이므로 \\[ \\int \\tan (3 x) \\sec ^ { 2 } (3 x) d x= \\frac { 1 } { 3 } \\int u d u= \\frac { 1 } { 6 } u ^ { 2 } + c= \\frac { 1 } { 6 } \\tan ^ { 2 } (3 x) + c \\]</p> <p>다음과 같은 정적분을 구하는 문제를 생각해 보자.</p> <p>\\[ \\int_ { a } ^ { b } f(g(x)) g ^ {\\prime } (x) d x \\] 만약 \\( F \\) 가 \\( f \\) 의 역도함수라면, \\[ \\int f(g(x)) g ^ {\\prime } (x) d x=F(g(x)) + c \\] 따라서 \\[ \\int_ { a } ^ { b } f(g(x)) g ^ {\\prime } (x) d x= \\left .F(g(x)) \\right |_ { a } ^ { b } =F(g(b))-F(g(a)) \\] 그런데 \\[ F(g(b))-F(g(a))= \\left .F(u) \\right |_ { g(a) } ^ { g(b) } = \\int_ { g(a) } ^ { g(b) } f(u) d u \\]이므로 \\[ \\int_ { a } ^ { b } f(g(x)) g ^ {\\prime } (x) d x= \\int_ { g(a) } ^ { g(b) } f(u) d u \\]</p>",
                "context_length": 1138,
                "clue": [
                    {
                        "clue_text": "예제 \\( 8 \\int \\tan (3 x) \\sec ^ { 2 } (3 x) d x \\) 를 구하여라.",
                        "clue_start": "353",
                        "clue_end": "410"
                    },
                    {
                        "clue_text": "풀이 \\( u= \\tan (3 x) \\) 라 하면 \\( d u=3 \\sec ^ { 2 } (3 x) d x \\) 이므로 \\[ \\int \\tan (3 x) \\sec ^ { 2 } (3 x) d x= \\frac { 1 } { 3 } \\int u d u= \\frac { 1 } { 6 } u ^ { 2 } + c= \\frac { 1 } { 6 } \\tan ^ { 2 } (3 x) + c \\]",
                        "clue_start": "418",
                        "clue_end": "634"
                    },
                    {
                        "clue_text": "다음과 같은 정적분을 구하는 문제를 생각해 보자.",
                        "clue_start": "642",
                        "clue_end": "669"
                    }
                ],
                "terminology": [
                    {
                        "word": "정적분"
                    }
                ]
            },
            {
                "context_id": "55e-0c9-merge_96aba9d6-a2b66201-603a-4446-8898-33892805d55a_16",
                "context_K-NSCC": {
                    "field": "자연",
                    "large_category": "NA",
                    "medium_category": "02"
                },
                "context": "<p>\\( \\int \\sin x d x=- \\cos x + c \\)</p> <p>\\( \\int \\cos x d x= \\sin x + c \\)</p> <p>\\( \\int \\sec ^ { 2 } x d x= \\tan x + c \\)</p> <p>\\( \\int \\csc ^ { 2 } x d x=- \\cot x + c \\)</p> <p>\\( \\int \\sec x \\tan x d x= \\sec x + c \\)</p> <p>\\( \\int \\csc x \\cot x d x=- \\csc x + c \\)</p> <p>위의 공식은 오른쪽의 함수를 미분하면 쉽게 얻을 수 있다. 다음 정리는 도함수의 성질에 의해 쉽게 얻을 수 있다.</p> <p>[정리 4.5] 함수 \\( f \\) 와 \\( g \\) 의 부정적분이 존재하면 \\[ \\begin {array} { l } \\int(f(x) + g(x)) d x= \\int f(x) d x + \\int g(x) d x& \\\\ \\int(f(x)-g(x)) d x= \\int f(x) d x- \\int g(x) d x& \\\\ \\int k f(x) d x=k \\int f(x) d x \\quad(k \\text { 는 상수 } ) \\end {array} \\]</p> <p>예제 \\( 1 \\int \\left (5 x ^ { 3 } -3 x + 2 \\right ) d x \\) 를 구하여라.</p> <p>풀이 \\[ \\begin {aligned} \\int \\left (5 x ^ { 3 } -3 x + 2 \\right ) d x &=5 \\int x ^ { 3 } d x-3 \\int x d x + 2 \\int 1 d x \\\\ &= \\frac { 5 } { 4 } x ^ { 4 } - \\frac { 3 } { 2 } x ^ { 2 } + 2 x + c \\end {aligned} \\]</p> <p>예제 2 \\( \\int \\frac { 1 } {\\sqrt { t } } d t \\)를 구하여라.</p> <p>풀이 \\( \\quad \\int \\frac { 1 } {\\sqrt { t } } d t= \\int t ^ { -1 / 2 } d t= \\frac { t ^ { 1 / 2 } } { 1 / 2 } + c=2 \\sqrt { t } + c \\)</p>",
                "context_length": 1099,
                "clue": [
                    {
                        "clue_text": "위의 공식은 오른쪽의 함수를 미분하면 쉽게 얻을 수 있다.",
                        "clue_start": "282",
                        "clue_end": "314"
                    },
                    {
                        "clue_text": "예제 \\( 1 \\int \\left (5 x ^ { 3 } -3 x + 2 \\right ) d x \\) 를 구하여라.",
                        "clue_start": "611",
                        "clue_end": "675"
                    },
                    {
                        "clue_text": "예제 2 \\( \\int \\frac { 1 } {\\sqrt { t } } d t \\)를 구하여라.",
                        "clue_start": "902",
                        "clue_end": "955"
                    },
                    {
                        "clue_text": "\\( \\int \\csc x \\cot x d x=- \\csc x + c \\)",
                        "clue_start": "233",
                        "clue_end": "274"
                    }
                ],
                "terminology": [
                    {
                        "word": "도함수"
                    },
                    {
                        "word": "도함수의 성질"
                    },
                    {
                        "word": "미분"
                    },
                    {
                        "word": "부정적분"
                    },
                    {
                        "word": "함수"
                    }
                ]
            },
            {
                "context_id": "55e-0c9-merge_96aba9d6-a2b66201-603a-4446-8898-33892805d55a_06",
                "context_K-NSCC": {
                    "field": "자연",
                    "large_category": "NA",
                    "medium_category": "02"
                },
                "context": "<h1>4.3 정적분의 성질</h1> <p>적분가능한 함수의 정적분은 리만 합의 극한값이므로 극한의 기본적인 성질이 그대로 적용된다. 즉, \\[ \\begin {array} { l } \\int_ { a } ^ { b } (f(x) + g(x)) d x= \\int_ { a } ^ { b } f(x) d x + \\int_ { a } ^ { b } g(x) d x, \\\\ \\int_ { a } ^ { b } (f(x)-g(x)) d x= \\int_ { a } ^ { b } f(x) d x- \\int_ { a } ^ { b } g(x) d x, \\\\ \\int_ { a } ^ { b } k f(x) d x=k \\int_ { a } ^ { b } f(x) d x, k \\text { 는 상수 } \\end {array} \\]이다.</p> <p>예제 1 정적분 \\( \\int_ { 0 } ^ { 3 } (x + 4) d x \\)를 구하여라.</p> <p>풀이 \\( \\int_ { 0 } ^ { 3 } x d x= \\)밑변이 3이고 높이가 3인 삼각형의 넓이 \\( = \\frac { 9 } { 2 } \\), \\( \\int_ { 0 } ^ { 3 } 4 d x= \\) 밑변이 3이고 높이가 4 인 사각형의 넓이 \\( =12 \\)이므로 \\( \\int_ { 0 } ^ { 3 } (x + 4) d x= \\int_ { 0 } ^ { 3 } x d x + \\int_ { 0 } ^ { 3 } 4 d x= \\frac { 9 } { 2 } + 12= \\frac { 33 } { 2 } \\)</p> <p>예제 2 정적분 \\( \\int_ { -1 } ^ { 1 } 5 \\sqrt { 1-t ^ { 2 } } d t \\) 를 구하여라.</p> <p>풀이 구간 \\( [-1,1] \\) 에서 \\( g(t)= \\sqrt { 1-t ^ { 2 } } \\) 의 그레프는 중심이 원점이고 반지름이 1 인 반원이므로 \\[ \\int_ { -1 } ^ { 1 } 5 \\sqrt { 1-t ^ { 2 } } d t=5 \\int_ { -1 } ^ { 1 } \\sqrt { 1-t ^ { 2 } } d t= \\frac { 5 \\pi } { 2 } \\]</p>",
                "context_length": 1067,
                "clue": [
                    {
                        "clue_text": "적분가능한 함수의 정적분은 리만 합의 극한값이므로 극한의 기본적인 성질이 그대로 적용된다.",
                        "clue_start": "24",
                        "clue_end": "74"
                    },
                    {
                        "clue_text": "예제 1 정적분 \\( \\int_ { 0 } ^ { 3 } (x + 4) d x \\)를 구하여라.",
                        "clue_start": "411",
                        "clue_end": "464"
                    },
                    {
                        "clue_text": "예제 2 정적분 \\( \\int_ { -1 } ^ { 1 } 5 \\sqrt { 1-t ^ { 2 } } d t \\) 를 구하여라.",
                        "clue_start": "771",
                        "clue_end": "842"
                    }
                ],
                "terminology": [
                    {
                        "word": "극한값"
                    },
                    {
                        "word": "리만 합"
                    },
                    {
                        "word": "적분"
                    },
                    {
                        "word": "적분가능"
                    },
                    {
                        "word": "정적분"
                    },
                    {
                        "word": "함수"
                    }
                ]
            },
            {
                "context_id": "55e-0c9-merge_96aba9d6-a2b66201-603a-4446-8898-33892805d55a_12",
                "context_K-NSCC": {
                    "field": "자연",
                    "large_category": "NA",
                    "medium_category": "02"
                },
                "context": "<p>[정의 4.2] 함수 \\( f(x) \\) 가 \\( x=a \\) 에서 정의될 때 \\[ \\int_ { a } ^ { a } f(x) d x=0 \\]</p> <p>다음으로 \\( a>b \\) 일 때는 다음과 같이 정의하자.</p> <p>[정의 4.3] \\[ a>b \\text { 일 때 } \\int_ { a } ^ { b } f(x) d x=- \\int_ { b } ^ { a } f(x) d x \\]</p> <p>정의 \\( 4.2 \\) 와 정의 \\( 4.3 \\) 에 의해 다음 정리를 증명할 수 있다.</p> <p>[정리 4.3] 함수 \\( f \\) 가 \\( a, b, c \\) 를 포함하는 구간에서 적분가능하면 \\[ \\int_ { a } ^ { b } f(x) d x= \\int_ { a } ^ { c } f(x) d x + \\int_ { c } ^ { b } f(x) d x \\]</p> <p>이제 미적분학의 기본정리 II를 살펴보자.</p> <p>[정리 4.4] 미적분학의 기본정리 II 함수 \\( f \\) 가 구간 \\( [a, b] \\) 에서 연속이고, \\( F \\) 가 구간 \\( (a, b) \\) 에서 다음과 같이 정의된다고 하자. \\[ F(x)= \\int_ { a } ^ { x } f(t) d t, \\quad x \\in(a, b) \\]라 하면 \\( F \\) 는 \\( (a, b) \\) 에서 미분가능하고 \\( F ^ {\\prime } (x)=f(x) \\) 이다. 즉 \\[ \\frac { d } { d x } \\int_ { a } ^ { x } f(t) d t=f(x) \\]</p> <p>증명 \\( x \\in(a, b) \\) 에 대해 \\[ F ^ {\\prime } (x)= \\lim _ { h \\rightarrow 0 } \\frac { F(x + h)-F(x) } { h } = \\lim _ { h \\rightarrow 0 } \\frac { 1 } { h } \\left ( \\int_ { a } ^ { x + h } f(t) d t- \\int_ { a } ^ { x } f(t) d t \\right ) \\]를 계산해 보자. \\[ \\int_ { a } ^ { x + h } f(t) d t- \\int_ { a } ^ { x } f(t) d t= \\int_ { a } ^ { x + h } f(t) d t \\]이므로 \\[ F ^ {\\prime } (x)= \\lim _ { h \\rightarrow 0 } \\frac { 1 } { h } \\int_ { x } ^ { x + h } f(t) d t \\] \\( h>0 \\) 이라 하자. \\( f \\) 는 연속이므로 구간 \\( [x, x + h] \\) 에서 최소값 \\( m(h) \\) 와 최대값 \\( M(h) \\) 를 갖고 있다. 즉, 모든 \\( t \\in[x, x + h] \\) 에 대해 \\( m(h) \\leq \\) \\( f(t) \\leq M(h) \\) 이므로 \\[ \\int_ { x } ^ { x + h } m(h) d t \\leq \\int_ { x } ^ { x + h } f(t) d t \\leq \\int_ { x } ^ { x + h } M(h) d t \\] 그런데 \\( m(h) \\) 와 \\( M(h) \\) 는 상수이므로 \\[ m(h) h \\leq \\int_ { x } ^ { x + h } f(t) d t \\leq M(h) h \\] 즉, \\[ m(h) \\leq \\frac { 1 } { h } \\int_ { x } ^ { x + h } f(t) d t \\leq M(h) \\] 그런데 어떤 \\( c \\in[x, x + h] \\) 에 대해 \\( m(h)=f(c) \\) 이다. 그리고 \\( h \\) 가 0에 접근하면, \\( x + h \\) 가 \\( x \\) 에 접근하고, 따라서 \\( c \\) 도 \\( x \\) 에 접근한다. \\( f \\) 가 연속이므로 \\[ \\lim _ { h \\rightarrow 0 ^ { + } } m(h)= \\lim _ { h \\rightarrow 0 ^ { + } } f(c)=f(x) \\]마찬가지로 \\[ \\lim _ { h \\rightarrow 0 ^ { + } } M(h)=f(x) \\] 따라서 \\[ \\lim _ { h \\rightarrow 0 ^ { + } } \\frac { 1 } { h } \\int_ { x } ^ { x + h } f(t) d t=f(x) \\] 위와 같은 방법으로 \\[ \\lim _ { h \\rightarrow 0 ^ { - } } \\frac { 1 } { h } \\int_ { x } ^ { x + h } f(t) d t=f(x) \\] 결론적으로 \\[ F ^ {\\prime } (x)= \\lim _ { h \\rightarrow 0 } \\frac { 1 } { h } \\int_ { x } ^ { x + h } f(t) d t=f(x) \\]이다. 따라서 \\( F(x)= \\int_ { a } ^ { x } f(t) d t \\) 는 \\( (a, b) \\) 에서 \\( f \\) 의 역도함수이다.</p>",
                "context_length": 2412,
                "clue": [
                    {
                        "clue_text": "[정리 4.4] 미적분학의 기본정리 II 함수 \\( f \\) 가 구간 \\( [a, b] \\) 에서 연속이고, \\( F \\) 가 구간 \\( (a, b) \\) 에서 다음과 같이 정의된다고 하자.",
                        "clue_start": "477",
                        "clue_end": "583"
                    },
                    {
                        "clue_text": "\\[ F(x)= \\int_ { a } ^ { x } f(t) d t, \\quad x \\in(a, b) \\]라 하면 \\( F \\) 는 \\( (a, b) \\) 에서 미분가능하고 \\( F ^ {\\prime } (x)=f(x) \\) 이다.",
                        "clue_start": "584",
                        "clue_end": "713"
                    },
                    {
                        "clue_text": "즉 \\[ \\frac { d } { d x } \\int_ { a } ^ { x } f(t) d t=f(x) \\]</p> <p>증명 \\( x \\in(a, b) \\) 에 대해 \\[ F ^ {\\prime } (x)= \\lim _ { h \\rightarrow 0 } \\frac { F(x + h)-F(x) } { h } = \\lim _ { h \\rightarrow 0 } \\frac { 1 } { h } \\left ( \\int_ { a } ^ { x + h } f(t) d t- \\int_ { a } ^ { x } f(t) d t \\right ) \\]를 계산해 보자.",
                        "clue_start": "714",
                        "clue_end": "1026"
                    }
                ],
                "terminology": [
                    {
                        "word": "미분가능"
                    },
                    {
                        "word": "미적분학"
                    },
                    {
                        "word": "미적분학의 기본정리"
                    },
                    {
                        "word": "상수"
                    },
                    {
                        "word": "역도함수"
                    },
                    {
                        "word": "연속"
                    },
                    {
                        "word": "적분"
                    },
                    {
                        "word": "적분가능"
                    },
                    {
                        "word": "최대값"
                    },
                    {
                        "word": "최소값"
                    },
                    {
                        "word": "함수"
                    }
                ]
            },
            {
                "context_id": "55e-0c9-merge_96aba9d6-a2b66201-603a-4446-8898-33892805d55a_01",
                "context_K-NSCC": {
                    "field": "자연",
                    "large_category": "NA",
                    "medium_category": "02"
                },
                "context": "<p>근사값을 보다 향상시키기 위해 구간 \\( [-1,2] \\) 를 길이가 같은 세 개의 구간 \\( [-1,0],[0,1],[1,2] \\) 로 나누자. 각 구간에 해당하는 외부 직사각형과 내부 직사각형을 구하면 다음과 같은 결과를 얻을 수 있다(그림 4.2의 위 그림 참조).</p> <p>\\( 4=1 + 1 + 2 \\leq A \\leq 2 + 2 + 5=9 \\)</p> <p>구간 \\( [-1,2] \\) 를 더욱더 세분하면 근사값을 계속 향상시킬 수 있다. 만약 구간 \\( [-1,2] \\) 를 길이가 같은 6개의 구간으로 세분하면 다음과 같은 결과를 얻는다(그림 4.2의 아래 그림 참조).</p> <p>\\( 4.875 \\leq A \\leq 7.375 \\)</p> <p>위와 같이 구간을 계속 세분해 가면 내부 직사각형들의 넓이는 점점 커지면서 넓이 \\( A \\) 에 접근할 것이며, 외부 직사각형들의 넓이는 점점 작아지면서 넓이 \\( A \\) 에 접근할 것이다. 다시 말해, 넓이 \\( A \\) 는 구간을 어떻게 세분하든 내부 직사각형들의 넓이보다는 크고, 외부 직사각형들의 넓이보다는 작은 수라 생각할 수 있다. 이와 같은 생각을 일반화한 것이 정적분이다.</p> <p>정적분을 정의하기 위해 우선 기본적인 용어와 표기법이 필요하다. \\( f \\) 가 구간 \\( [a, b] \\) 에서 정의된 유계함수라 하자. 즉, 모든 \\( x \\) 에 대해 \\( m \\leq f(x) \\leq M \\) 이라 하자. 앞의 예에서는 넓이를 설명하기 위해 \\( f \\)가 양의 함수이었지만 여기서는 \\( f \\) 가 양의 함수일 필요는 없다. 예를 들어 \\( f \\) 가 \\( [a, b] \\) 에서 연속이면 \\( f \\) 는 유계함수이다. 유계함수가 아닌 경우의 적분은 이상적분이라 하며 7장에서 다루게 된다.</p> <p>집합 \\( P= \\left \\{ x_ { 0 } , x_ { 1 } , \\cdots, x_ { n } \\right \\} \\) 을 구간 \\( [a, b] \\) 의 분할이라 한다. 즉, \\[a=x_ { 0 }<x_ { 1 }<x_ { 2 }< \\cdots<x_ { n-1 }<x_ { n } =b \\]이다. 이 분할은 구간 \\( [a, b] \\) 를 \\( n \\) 개의 구간 \\( \\left [x_ { i-1 } , x_ { i } \\right ](i=1, \\cdots, n) \\)으로 나누며, 이때 각 구간의 길이는 \\[ \\Delta x_ { i } =x_ { i } -x_ { i-1 } \\]가 된다. \\( M_ { i } \\) 와 \\( m_ { i } \\) 를 다음과 같이 정의하자.</p>",
                "context_length": 1291,
                "clue": [
                    {
                        "clue_text": "근사값을 보다 향상시키기 위해 구간 \\( [-1,2] \\) 를 길이가 같은 세 개의 구간 \\( [-1,0],[0,1],[1,2] \\) 로 나누자.",
                        "clue_start": "3",
                        "clue_end": "84"
                    },
                    {
                        "clue_text": "위와 같이 구간을 계속 세분해 가면 내부 직사각형들의 넓이는 점점 커지면서 넓이 \\( A \\) 에 접근할 것이며, 외부 직사각형들의 넓이는 점점 작아지면서 넓이 \\( A \\) 에 접근할 것이다.",
                        "clue_start": "377",
                        "clue_end": "485"
                    },
                    {
                        "clue_text": "\\( 4=1 + 1 + 2 \\leq A \\leq 2 + 2 + 5=9 \\)",
                        "clue_start": "162",
                        "clue_end": "203"
                    },
                    {
                        "clue_text": "다시 말해, 넓이 \\( A \\) 는 구간을 어떻게 세분하든 내부 직사각형들의 넓이보다는 크고, 외부 직사각형들의 넓이보다는 작은 수라 생각할 수 있다.",
                        "clue_start": "486",
                        "clue_end": "570"
                    },
                    {
                        "clue_text": "이와 같은 생각을 일반화한 것이 정적분이다.",
                        "clue_start": "571",
                        "clue_end": "595"
                    }
                ],
                "terminology": [
                    {
                        "word": "근사값"
                    },
                    {
                        "word": "내부 직사각형"
                    },
                    {
                        "word": "넓이"
                    },
                    {
                        "word": "분할"
                    },
                    {
                        "word": "세분"
                    },
                    {
                        "word": "양의 함수"
                    },
                    {
                        "word": "연속"
                    },
                    {
                        "word": "외부 직사각형"
                    },
                    {
                        "word": "유계함수"
                    },
                    {
                        "word": "이상적분"
                    },
                    {
                        "word": "적분"
                    },
                    {
                        "word": "정적분"
                    },
                    {
                        "word": "집합"
                    },
                    {
                        "word": "함수"
                    }
                ]
            },
            {
                "context_id": "55e-0c9-merge_96aba9d6-a2b66201-603a-4446-8898-33892805d55a_10",
                "context_K-NSCC": {
                    "field": "자연",
                    "large_category": "NA",
                    "medium_category": "02"
                },
                "context": "<p>예제 1 정적분 \\( \\int_ { 0 } ^ { 1 } x ^ { 2 } d x \\) 를 구하여라.</p> <p>풀이 \\( F(x)= \\frac { 1 } { 3 } x ^ { 2 } \\) 이 \\( f(x)=x ^ { 2 } \\) 의 역도함수이므로 \\[ \\int_ { 0 } ^ { 1 } x ^ { 2 } d x= \\left . \\frac { 1 } { 3 } x ^ { 2 } \\right |_ { 0 } ^ { 1 } = \\frac { 1 } { 3 } -0= \\frac { 1 } { 3 } \\]</p> <p>참고 예제 1 에서 \\( F(x)= \\frac { 1 } { 3 } x ^ { 2 } \\) 는 \\( f(x)=x ^ { 2 } \\) 의 수많은 역도함수 중 하나에 불과하지만 미적분학의 기본정리를 적용할 때는 어느 역도함수를 사용해도 결과는 같다.</p> <p>예제 2 정적분 \\( \\int_ { -1 } ^ { 2 } \\left (x ^ { 2 } + 1 \\right ) d x \\) 를 구하여라.</p> <p>풀이 \\( F(x)= \\frac { 1 } { 3 } x ^ { 3 } + x \\) 이 \\( f(x)=x ^ { 2 } + 1 \\) 의 역도함수이므로 \\[ \\int_ { -1 } ^ { 2 } \\left (x ^ { 2 } + 1 \\right ) d x= \\left . \\left ( \\frac { 1 } { 3 } x ^ { 3 } + x \\right ) \\right |_ { -1 } ^ { 2 } = \\left ( \\frac { 8 } { 3 } + 2 \\right )- \\left (- \\frac { 1 } { 3 } -1 \\right )=6 \\]</p> <p>예제 3 정적분 \\( \\int_ { 0 } ^ { 4 } \\sqrt { t } d t \\) 를 구하여라.</p>",
                "context_length": 903,
                "clue": [
                    {
                        "clue_text": "참고 예제 1 에서 \\( F(x)= \\frac { 1 } { 3 } x ^ { 2 } \\) 는 \\( f(x)=x ^ { 2 } \\) 의 수많은 역도함수 중 하나에 불과하지만 미적분학의 기본정리를 적용할 때는 어느 역도함수를 사용해도 결과는 같다.",
                        "clue_start": "293",
                        "clue_end": "430"
                    }
                ],
                "terminology": [
                    {
                        "word": "미적분학"
                    },
                    {
                        "word": "미적분학의 기본정리"
                    },
                    {
                        "word": "역도함수"
                    },
                    {
                        "word": "정적분"
                    }
                ]
            },
            {
                "context_id": "55e-0c9-merge_96aba9d6-a2b66201-603a-4446-8898-33892805d55a_18",
                "context_K-NSCC": {
                    "field": "자연",
                    "large_category": "NA",
                    "medium_category": "02"
                },
                "context": "<p>[정리 4.6] \\( F \\) 를 \\( f \\) 의 역도함수라 하고, \\( u=g(x) \\) 라 하면 \\[ \\int f(g(x)) g ^ {\\prime } (x) d x= \\int f(u) d u \\]</p> <p>증명 연쇄법칙에 의해 \\[ \\frac { d } { d x } F(g(x))=F ^ {\\prime } (g(x)) g ^ {\\prime } (x)=f(g(x)) g ^ {\\prime } (x) \\]이므로 \\[ \\begin {aligned} \\int f(g(x)) g ^ {\\prime } (x) d x &=F(g(x)) + c \\\\ &=F(u) + c \\\\ &= \\int f(u) d u \\end {aligned} \\]</p> <p>예제 5 \\( \\int 2 x \\sin \\left (x ^ { 2 } \\right ) d x \\) 를 구하여라.</p> <p>풀이 \\( u=x ^ { 2 } \\) 라 하면 \\[ \\begin {aligned} \\int 2 x \\sin \\left (x ^ { 2 } \\right ) d x &= \\int \\sin u \\frac { d u } { d x } d x \\\\ &= \\int \\sin u d u \\\\ &=- \\cos u + c \\\\ &=- \\cos \\left (x ^ { 2 } \\right ) + c \\end {aligned} \\]</p> <p>실제 문제를 풀 때에는 \\( \\int f(g(x)) g ^ {\\prime } (x) d x \\) 에 직접 \\[ u=g(x), d u=g ^ {\\prime } (x) d x, \\frac { d u } { d x } =g ^ {\\prime } (x) \\]를 대입하면 편리하다.</p> <p>예제 \\( 6 \\int \\frac { 2 x } {\\sqrt { 2 + x ^ { 2 } } } d x \\) 를 구하여라.</p> <p>풀이 \\( u=2 + x ^ { 2 } \\) 이라 하면 \\( d u=2 x d x \\) 이므로 \\[ \\int \\frac { 2 x } {\\sqrt { 2 + x ^ { 2 } } } d x= \\int \\frac { 1 } {\\sqrt { u } } d u=2 \\sqrt { u } + c=2 \\sqrt { 2 + x ^ { 2 } } + c \\]</p>",
                "context_length": 1106,
                "clue": [
                    {
                        "clue_text": "[정리 4.6] \\( F \\) 를 \\( f \\) 의 역도함수라 하고, \\( u=g(x) \\) 라 하면 \\[ \\int f(g(x)) g ^ {\\prime } (x) d x= \\int f(u) d u \\]",
                        "clue_start": "3",
                        "clue_end": "115"
                    },
                    {
                        "clue_text": "증명 연쇄법칙에 의해 \\[ \\frac { d } { d x } F(g(x))=F ^ {\\prime } (g(x)) g ^ {\\prime } (x)=f(g(x)) g ^ {\\prime } (x) \\]이므로 \\[ \\begin {aligned} \\int f(g(x)) g ^ {\\prime } (x) d x &=F(g(x)) + c \\\\ &=F(u) + c \\\\ &= \\int f(u) d u \\end {aligned} \\]",
                        "clue_start": "123",
                        "clue_end": "357"
                    },
                    {
                        "clue_text": "실제 문제를 풀 때에는 \\( \\int f(g(x)) g ^ {\\prime } (x) d x \\) 에 직접 \\[ u=g(x), d u=g ^ {\\prime } (x) d x, \\frac { d u } { d x } =g ^ {\\prime } (x) \\]를 대입하면 편리하다.",
                        "clue_start": "673",
                        "clue_end": "825"
                    }
                ],
                "terminology": [
                    {
                        "word": "역도함수"
                    },
                    {
                        "word": "연쇄법칙"
                    },
                    {
                        "word": "증명 연쇄법칙"
                    }
                ]
            },
            {
                "context_id": "55e-0c9-merge_96aba9d6-a2b66201-603a-4446-8898-33892805d55a_21",
                "context_K-NSCC": {
                    "field": "자연",
                    "large_category": "NA",
                    "medium_category": "02"
                },
                "context": "<p>예제 11 \\( \\int_ { 0 } ^ { 3 } x \\sqrt { 1 + x } d x \\) 를 구하여라.</p> <p>풀이 \\( u=1 + x \\) 라 하면 \\( d u=d x \\) 이고 \\( x=0 \\) 일 때 \\( u=1, x=3 \\) 일 때 \\( u=4 \\) 이므로 \\[ \\begin {aligned} \\int_ { 0 } ^ { 3 } x \\sqrt { 1 + x } d x &= \\int_ { 1 } ^ { 4 } (u-1) \\sqrt { u } d u \\\\ &= \\int_ { 1 } ^ { 4 } \\left (u ^ {\\frac { 3 } { 2 } } -u ^ {\\frac { 1 } { 2 } } \\right ) d u \\\\ &= \\left . \\frac { 2 } { 5 } u ^ {\\frac { 5 } { 2 } } \\right |_ { 1 } ^ { 4 } - \\left . \\frac { 2 } { 3 } u ^ {\\frac { 3 } { 2 } } \\right |_ { 1 } ^ { 4 } \\\\ &= \\left ( \\frac { 64 } { 5 } - \\frac { 2 } { 5 } \\right )- \\left ( \\frac { 16 } { 3 } - \\frac { 2 } { 3 } \\right )= \\frac { 116 } { 15 } \\end {aligned} \\]</p> <p>우함수는 \\( f(-x)=f(x) \\) 를 만족하는 함수이고 기함수는 \\( f(-x) \\) \\( =-f(x) \\) 를 만족하는 함수이다. 우함수의 그래프는 그림 \\( 4.8 \\) 과 같이 \\( y \\) 축에 관하여 대칭이고 기함수의 그래프는 그림 4.9와 같이 원점에 관하여 대칭이다. 이와 같은 함수에 대한 좋은 적분정리가 있다.</p> <p>[정리 4.7] \\( f \\) 가 우함수이면 \\[ \\int_ { -a } ^ { a } f(x) d x=2 \\int_ { 0 } ^ { a } f(x) d x \\]이고 \\( f \\) 가 기함수이면 \\[ \\int_ { -a } ^ { a } f(x) d x=0 \\]</p>",
                "context_length": 1030,
                "clue": [
                    {
                        "clue_text": "우함수는 \\( f(-x)=f(x) \\) 를 만족하는 함수이고 기함수는 \\( f(-x) \\) \\( =-f(x) \\) 를 만족하는 함수이다.",
                        "clue_start": "686",
                        "clue_end": "762"
                    },
                    {
                        "clue_text": "우함수의 그래프는 그림 \\( 4.8 \\) 과 같이 \\( y \\) 축에 관하여 대칭이고 기함수의 그래프는 그림 4.9와 같이 원점에 관하여 대칭이다.",
                        "clue_start": "763",
                        "clue_end": "845"
                    },
                    {
                        "clue_text": "[정리 4.7] \\( f \\) 가 우함수이면 \\[ \\int_ { -a } ^ { a } f(x) d x=2 \\int_ { 0 } ^ { a } f(x) d x \\]이고 \\( f \\) 가 기함수이면 \\[ \\int_ { -a } ^ { a } f(x) d x=0 \\]",
                        "clue_start": "879",
                        "clue_end": "1026"
                    }
                ],
                "terminology": [
                    {
                        "word": "기함수"
                    },
                    {
                        "word": "우함수"
                    },
                    {
                        "word": "적분정리"
                    },
                    {
                        "word": "함수"
                    }
                ]
            },
            {
                "context_id": "55e-0c9-merge_96aba9d6-a2b66201-603a-4446-8898-33892805d55a_23",
                "context_K-NSCC": {
                    "field": "자연",
                    "large_category": "NA",
                    "medium_category": "02"
                },
                "context": "<p>예제 13 \\( \\int_ { -5 } ^ { 5 } \\frac { x ^ { 5 } } { x ^ { 2 } + 4 } d x \\) 를 구하여라.</p> <p>풀이 \\( f(x)= \\frac { x ^ { 3 } } { x ^ { 2 } + 4 } \\) 는 기함수이므로 정리 \\( 4.7 \\) 에 의하여 \\[ \\int_ { -5 } ^ { 5 } \\frac { x ^ { 5 } } { x ^ { 2 } + 4 } d x=0 \\]</p> <p>예제 14 \\( \\int_ { -2 } ^ { 2 } \\left (x \\sin ^ { 4 } x + x ^ { 3 } -x ^ { 4 } \\right ) d x \\) 를 구하여라.</p> <p>풀이 \\( x \\sin ^ { 4 } x \\) 와 \\( x ^ { 3 } \\) 은 기함수이고 \\( x ^ { 4 } \\) 은 우함수이므로 정리 \\( 4.7 \\) 에 의하여 \\[ \\begin {aligned} \\int_ { -2 } ^ { 2 } \\left (x \\sin ^ { 4 } x + x ^ { 3 } -x ^ { 4 } \\right ) d x &= \\int_ { -2 } ^ { 2 } x \\sin ^ { 4 } x d x + \\int_ { -2 } ^ { 2 } x ^ { 3 } d x- \\int_ { -2 } ^ { 2 } x ^ { 4 } d x \\\\ &=-2 \\int_ { 0 } ^ { 2 } x ^ { 4 } d x= \\left [-2 \\frac { x ^ { 5 } } { 5 } \\right ]_ { 0 } ^ { 2 } =- \\frac { 64 } { 5 } \\end {aligned} \\]</p> <p>함수 \\( f \\) 의 정의역에 속하는 모든 값 \\( x \\) 에 대하여 \\( f(x + p)=f(x) \\)인 실수 \\( p \\) 가 존재할 때 \\( f \\) 를 주기함수라고 한다. 위와 같은 실수 중에서 가장 작은 양의 실수 \\( p \\) 를 이 함수의 주기라고 한다. 삼각함수는 주기함수의 대표적인 에이다.</p>",
                "context_length": 1002,
                "clue": [
                    {
                        "clue_text": "함수 \\( f \\) 의 정의역에 속하는 모든 값 \\( x \\) 에 대하여 \\( f(x + p)=f(x) \\)인 실수 \\( p \\) 가 존재할 때 \\( f \\) 를 주기함수라고 한다.",
                        "clue_start": "825",
                        "clue_end": "926"
                    },
                    {
                        "clue_text": "위와 같은 실수 중에서 가장 작은 양의 실수 \\( p \\) 를 이 함수의 주기라고 한다.",
                        "clue_start": "927",
                        "clue_end": "976"
                    },
                    {
                        "clue_text": "삼각함수는 주기함수의 대표적인 에이다.",
                        "clue_start": "977",
                        "clue_end": "998"
                    },
                    {
                        "clue_text": "풀이 \\( f(x)= \\frac { x ^ { 3 } } { x ^ { 2 } + 4 } \\) 는 기함수이므로 정리 \\( 4.7 \\) 에 의하여 \\[ \\int_ { -5 } ^ { 5 } \\frac { x ^ { 5 } } { x ^ { 2 } + 4 } d x=0 \\]",
                        "clue_start": "93",
                        "clue_end": "244"
                    },
                    {
                        "clue_text": "풀이 \\( x \\sin ^ { 4 } x \\) 와 \\( x ^ { 3 } \\) 은 기함수이고 \\( x ^ { 4 } \\) 은 우함수이므로 정리 \\( 4.7 \\) 에 의하여 \\[ \\begin {aligned} \\int_ { -2 } ^ { 2 } \\left (x \\sin ^ { 4 } x + x ^ { 3 } -x ^ { 4 } \\right ) d x &= \\int_ { -2 } ^ { 2 } x \\sin ^ { 4 } x d x + \\int_ { -2 } ^ { 2 } x ^ { 3 } d x- \\int_ { -2 } ^ { 2 } x ^ { 4 } d x \\\\ &=-2 \\int_ { 0 } ^ { 2 } x ^ { 4 } d x= \\left [-2 \\frac { x ^ { 5 } } { 5 } \\right ]_ { 0 } ^ { 2 } =- \\frac { 64 } { 5 } \\end {aligned} \\]",
                        "clue_start": "360",
                        "clue_end": "817"
                    }
                ],
                "terminology": [
                    {
                        "word": "기함수"
                    },
                    {
                        "word": "삼각함수"
                    },
                    {
                        "word": "실수"
                    },
                    {
                        "word": "우함수"
                    },
                    {
                        "word": "정의역"
                    },
                    {
                        "word": "주기"
                    },
                    {
                        "word": "주기함수"
                    },
                    {
                        "word": "함수"
                    }
                ]
            },
            {
                "context_id": "55e-0c9-merge_96aba9d6-a2b66201-603a-4446-8898-33892805d55a_05",
                "context_K-NSCC": {
                    "field": "자연",
                    "large_category": "NA",
                    "medium_category": "02"
                },
                "context": "<p>\\( \\int_ { a } ^ { b } f(x) d x= \\lim _ { |P| \\rightarrow 0 } \\sum_ { i=1 } ^ { n } f \\left (c_ { i } \\right ) \\Delta x_ { i } \\)</p> <p>여기에서 \\[ \\sum_ { i=1 } ^ { n } f \\left (c_ { i } \\right ) \\Delta x_ { i } \\]를 독일 수학자 리만의 이름을 따서 리만 합(Riemann sum)이라 한다. 정적분의 근사값을 구하기 위해 리만 합을 이용할 수 있다.</p> <p>계산의 편의를 위해 분할 \\( P= \\left \\{ x_ { 0 } , x_ { 1 } , \\cdots, x_ { n } \\right \\} \\) 에 의한 구간 \\( \\left [x_ { i-1 } \\right . \\), \\( \\left .x_ { i } \\right ](i=1, \\cdots, n) \\) 의 길이가 모두 같다고 하고 그 길이를 \\( \\Delta x \\) 라 하면 \\[ \\Delta x= \\frac { b-a } { n } \\]가 된다. 따라서 \\( f \\) 가 적분가능하다면 \\( x_ { i-1 } \\leq c_ { i } \\leq x_ { i } (i=1, \\cdots, n) \\) 인 임의의 \\( c_ { 1 } , c_ { 2 } , \\cdots, c_ { n } \\) 에 대해 \\[ \\int_ { a } ^ { b } f(x) d x= \\lim _ { n \\rightarrow \\infty } \\sum_ { i=1 } ^ { n } f \\left (c_ { i } \\right ) \\Delta x \\]가 성립한다.</p> <p>예제 1 극한 \\( \\lim _ { n \\rightarrow \\infty } \\{ 1 + \\sqrt { 2 } + \\cdots + \\sqrt { n } \\} \\frac { 1 } {\\sqrt { n ^ { 3 } } } \\)을 정적분으로 나타내어라.</p> <p>\\[ \\begin {aligned} \\lim _ { n \\rightarrow \\infty } \\{ 1 + \\sqrt { 2 } + \\cdots + \\sqrt { n } \\} \\frac { 1 } {\\sqrt { n ^ { 3 } } } &= \\lim _ { n \\rightarrow \\infty } \\left \\{\\sqrt {\\frac { 1 } { n } } + \\sqrt {\\frac { 2 } { n } } + \\cdots + \\sqrt {\\frac { n } { n } } \\right \\} \\frac { 1 } { n } \\\\ &= \\lim _ { n \\rightarrow \\infty } \\sum_ { i=1 } ^ { n } \\sqrt {\\frac { i } { n } } \\frac { 1 } { n } \\end {aligned} \\]이다. \\( f(x)= \\sqrt { x } \\) 라 하자. \\( [0,1] \\) 의 분할을 \\( p= \\left \\{ 0, \\frac { 1 } { n } , \\frac { 2 } { n } , \\cdots, \\frac { n } { n } \\right \\} \\) 이라 하면 \\( \\Delta x= \\frac { 1 } { n } \\) 이다. 또 \\( c_ { i } = \\frac { i } { n } \\) 라 하면 \\[ \\sum_ { i=1 } ^ { n } \\sqrt {\\frac { i } { n } } \\frac { 1 } { n } = \\sum_ { i=1 } ^ { n } f \\left (c_ { i } \\right ) \\Delta x \\]는 \\( [0,1] \\) 에서 \\( f(x) \\) 의 리만 합이다. 따라서 \\[ \\lim _ { n \\rightarrow \\infty } \\{ 1 + \\sqrt { 2 } + \\cdots + \\sqrt { n } \\} \\frac { 1 } {\\sqrt { n ^ { 3 } } } = \\int_ { 0 } ^ { 1 } \\sqrt { x } d x \\]</p>",
                "context_length": 1966,
                "clue": [
                    {
                        "clue_text": "여기에서 \\[ \\sum_ { i=1 } ^ { n } f \\left (c_ { i } \\right ) \\Delta x_ { i } \\]를 독일 수학자 리만의 이름을 따서 리만 합(Riemann sum)이라 한다.",
                        "clue_start": "140",
                        "clue_end": "258"
                    },
                    {
                        "clue_text": "정적분의 근사값을 구하기 위해 리만 합을 이용할 수 있다.",
                        "clue_start": "259",
                        "clue_end": "291"
                    },
                    {
                        "clue_text": "따라서 \\( f \\) 가 적분가능하다면 \\( x_ { i-1 } \\leq c_ { i } \\leq x_ { i } (i=1, \\cdots, n) \\) 인 임의의 \\( c_ { 1 } , c_ { 2 } , \\cdots, c_ { n } \\) 에 대해 \\[ \\int_ { a } ^ { b } f(x) d x= \\lim _ { n \\rightarrow \\infty } \\sum_ { i=1 } ^ { n } f \\left (c_ { i } \\right ) \\Delta x \\]가 성립한다.",
                        "clue_start": "552",
                        "clue_end": "824"
                    }
                ],
                "terminology": [
                    {
                        "word": "근사값"
                    },
                    {
                        "word": "리만 합"
                    },
                    {
                        "word": "리만 합(Riemann sum)"
                    },
                    {
                        "word": "적분"
                    },
                    {
                        "word": "적분가능"
                    },
                    {
                        "word": "정적분"
                    }
                ]
            },
            {
                "context_id": "55e-0c9-merge_96aba9d6-a2b66201-603a-4446-8898-33892805d55a_02",
                "context_K-NSCC": {
                    "field": "자연",
                    "large_category": "NA",
                    "medium_category": "02"
                },
                "context": "<p>\\( M_ { i } = \\) 구간 \\( \\left [x_ { i-1 } , x_ { i } \\right ] \\) 에서의 \\( f \\) 의 최대값</p> <p>\\( m_ { i } = \\) 구간 \\( \\left [x_ { i-1 } , x_ { i } \\right ] \\) 에서의 \\( f \\) 의 최소값</p> <p>만약 구간 \\( \\left [x_ { i-1 } , x_ { i } \\right ] \\) 에서 \\( f(x) \\geq 0 \\) 이라면 \\( M_ { i } \\) 는 외부 직사각형의 높이가 되며, \\( m_ { i } \\) 는 내부 직사각형의 높이가 된다.</p> <p>그리고 \\[U(f, P)=M_ { 1 } \\Delta x_ { 1 } + M_ { 2 } \\Delta x_ { 2 } + \\cdots + M_ { n } \\Delta x_ { n } = \\sum_ { i=1 } ^ { n } M_ { i } \\Delta x_ { i } \\]를 분할 \\( P \\) 에 대한 \\( f \\) 의 상합(upper sum)이라 하고, \\[L(f, P)=m_ { 1 } \\Delta x_ { 1 } + m_ { 2 } \\Delta x_ { 2 } + \\cdots + m_ { n } \\Delta x_ { n } = \\sum_ { i=1 } ^ { n } m_ { i } \\Delta x_ { i } \\]를 분할 \\( P \\) 에 대한 \\( f \\) 의 하합(lower sum)이라 한다. 이때 \\[L(f, P) \\leq U(f, P) \\]임을 알 수 있다.</p> <p>만약 구간 \\( [a, b] \\) 에서 \\( f(x) \\geq 0 \\) 이라면 \\( U(f, P) \\) 는 외부 직사각형들의 넓이의 합이 되며 \\( L(f, P) \\) 는 내부 직사각형들의 넓이의 합이 된다. 이 경우 구간을 세분해 가면 \\( U(f, P) \\) 와 \\( L(f, P) \\) 는 넓이 \\( A \\)에 접근해 감을 추측할 수 있다. 이것은 \\( A \\) 가 모든 분할 \\( P \\) 에 대해 \\[ L(f, P) \\leq A \\leq U(f, P) \\]를 만족하는 유일한 수임을 의미한다. 따라서 다음과 같은 정의를 할 수 있다.</p>",
                "context_length": 1082,
                "clue": [
                    {
                        "clue_text": "\\( M_ { i } = \\) 구간 \\( \\left [x_ { i-1 } , x_ { i } \\right ] \\) 에서의 \\( f \\) 의 최대값",
                        "clue_start": "3",
                        "clue_end": "84"
                    },
                    {
                        "clue_text": "\\( m_ { i } = \\) 구간 \\( \\left [x_ { i-1 } , x_ { i } \\right ] \\) 에서의 \\( f \\) 의 최소값",
                        "clue_start": "92",
                        "clue_end": "173"
                    },
                    {
                        "clue_text": "그리고 \\[U(f, P)=M_ { 1 } \\Delta x_ { 1 } + M_ { 2 } \\Delta x_ { 2 } + \\cdots + M_ { n } \\Delta x_ { n } = \\sum_ { i=1 } ^ { n } M_ { i } \\Delta x_ { i } \\]를 분할 \\( P \\) 에 대한 \\( f \\) 의 상합(upper sum)이라 하고, \\[L(f, P)=m_ { 1 } \\Delta x_ { 1 } + m_ { 2 } \\Delta x_ { 2 } + \\cdots + m_ { n } \\Delta x_ { n } = \\sum_ { i=1 } ^ { n } m_ { i } \\Delta x_ { i } \\]를 분할 \\( P \\) 에 대한 \\( f \\) 의 하합(lower sum)이라 한다.",
                        "clue_start": "331",
                        "clue_end": "728"
                    },
                    {
                        "clue_text": "만약 구간 \\( [a, b] \\) 에서 \\( f(x) \\geq 0 \\) 이라면 \\( U(f, P) \\) 는 외부 직사각형들의 넓이의 합이 되며 \\( L(f, P) \\) 는 내부 직사각형들의 넓이의 합이 된다.",
                        "clue_start": "775",
                        "clue_end": "891"
                    }
                ],
                "terminology": [
                    {
                        "word": "분할"
                    },
                    {
                        "word": "상합"
                    },
                    {
                        "word": "하합"
                    },
                    {
                        "word": "하합(lower sum)"
                    }
                ]
            },
            {
                "context_id": "55e-0c9-merge_96aba9d6-a2b66201-603a-4446-8898-33892805d55a_22",
                "context_K-NSCC": {
                    "field": "자연",
                    "large_category": "NA",
                    "medium_category": "02"
                },
                "context": "<p>증명 정적분의 성질에 의하여 \\[ \\int_ { -a } ^ { a } f(x) d x= \\int_ { -a } ^ { 0 } f(x) d x + \\int_ { 0 } ^ { a } f(x) d x \\]로 쓸 수 있다. \\( u=-x \\) 로 두면 \\( d u=-d x \\) 이다. \\( f \\) 가 우함수이면 \\( f(-x)=f(x) \\) 이므로 \\[ \\begin {aligned} \\int_ { -a } ^ { 0 } f(x) d x &=- \\int_ { -a } ^ { 0 } f(-x)(-d x)=- \\int_ { a } ^ { 0 } f(u) d u \\\\ &= \\int_ { 0 } ^ { a } f(u) d u= \\int_ { 0 } ^ { a } f(x) d x \\end {aligned} \\]이다. 따라서 \\[ \\int_ { -a } ^ { a } f(x) d x=2 \\int_ { 0 } ^ { a } f(x) d x \\]이다. 한편 \\( f \\) 가 기함수이면 \\( f(-x)=-f(x) \\) 이므로 \\[ \\begin {aligned} \\int_ { -a } ^ { 0 } f(x) d x &= \\int_ { -a } ^ { 0 } -f(-x) d x= \\int_ { a } ^ { 0 } f(u) d u \\\\ &=- \\int_ { 0 } ^ { a } f(u) d u=- \\int_ { 0 } ^ { a } f(x) d x \\end {aligned} \\]이다. 따라서 \\[ \\int_ { -a } ^ { a } f(x) d x=0 \\]</p> <p>예제 12 \\( \\int_ { - \\pi } ^ {\\pi } \\cos \\left ( \\frac { x } { 4 } \\right ) d x \\) 를 구하여라.</p> <p>풀이 \\( \\cos \\left (- \\frac { x } { 4 } \\right )= \\cos \\left ( \\frac { x } { 4 } \\right ) \\) 이므로 \\( \\cos \\left ( \\frac { x } { 4 } \\right ) \\) 는 우함수이다. 따라서 정리 \\( 4.7 \\)에 의하여 \\[ \\begin {aligned} \\int_ { - \\pi } ^ {\\pi } \\cos \\left ( \\frac { x } { 4 } \\right ) d x &=2 \\int_ { 0 } ^ {\\pi } \\cos \\left ( \\frac { x } { 4 } \\right ) d x=8 \\int_ { 0 } ^ {\\pi } \\cos \\left ( \\frac { x } { 4 } \\right ) \\cdot \\frac { 1 } { 4 } d x \\\\ &=8 \\int_ { 0 } ^ {\\frac {\\pi } { 4 } } \\cos u d u=[8 \\sin u]_ { 0 } ^ {\\frac {\\pi } { 4 } } =4 \\sqrt { 2 } \\end {aligned} \\]</p>",
                "context_length": 1418,
                "clue": [
                    {
                        "clue_text": "증명 정적분의 성질에 의하여 \\[ \\int_ { -a } ^ { a } f(x) d x= \\int_ { -a } ^ { 0 } f(x) d x + \\int_ { 0 } ^ { a } f(x) d x \\]로 쓸 수 있다.",
                        "clue_start": "3",
                        "clue_end": "125"
                    },
                    {
                        "clue_text": "\\( f \\) 가 우함수이면 \\( f(-x)=f(x) \\) 이므로 \\[ \\begin {aligned} \\int_ { -a } ^ { 0 } f(x) d x &=- \\int_ { -a } ^ { 0 } f(-x)(-d x)=- \\int_ { a } ^ { 0 } f(u) d u \\\\ &= \\int_ { 0 } ^ { a } f(u) d u= \\int_ { 0 } ^ { a } f(x) d x \\end {aligned} \\]이다.",
                        "clue_start": "161",
                        "clue_end": "401"
                    },
                    {
                        "clue_text": "한편 \\( f \\) 가 기함수이면 \\( f(-x)=-f(x) \\) 이므로 \\[ \\begin {aligned} \\int_ { -a } ^ { 0 } f(x) d x &= \\int_ { -a } ^ { 0 } -f(-x) d x= \\int_ { a } ^ { 0 } f(u) d u \\\\ &=- \\int_ { 0 } ^ { a } f(u) d u=- \\int_ { 0 } ^ { a } f(x) d x \\end {aligned} \\]이다.",
                        "clue_start": "476",
                        "clue_end": "719"
                    },
                    {
                        "clue_text": "따라서 \\[ \\int_ { -a } ^ { a } f(x) d x=0 \\]",
                        "clue_start": "720",
                        "clue_end": "761"
                    },
                    {
                        "clue_text": "예제 12 \\( \\int_ { - \\pi } ^ {\\pi } \\cos \\left ( \\frac { x } { 4 } \\right ) d x \\) 를 구하여라.",
                        "clue_start": "769",
                        "clue_end": "857"
                    }
                ],
                "terminology": [
                    {
                        "word": "기함수"
                    },
                    {
                        "word": "우함수"
                    },
                    {
                        "word": "정적분"
                    }
                ]
            }
        ]
    }
}