{
    "dataset_info": {
        "identifier": "02-031-002-NL",
        "name": "기술과학 문서 요약 데이터",
        "category": "자연어",
        "last_updated": "2023-08-30"
    },
    "dataset": {
        "doc_id": "55e4099e-6716-424d-9fdd-986a6d4814e5",
        "doc_type": "도서",
        "doc_title": {
            "kor": "행렬과 대수_부록1(선형대수 & 해석)",
            "eng": ""
        },
        "doc_category": {
            "KDC": "412",
            "DDC": ""
        },
        "doc_number": {
            "ISSN": "",
            "ISBN": "9791160730111",
            "DOI": "",
            "UCI": ""
        },
        "doc_year": "2017",
        "doc_author": [
            "석용징"
        ],
        "doc_publisher": "경문사",
        "doc_license": "저작권 협의됨",
        "context_info": [
            {
                "context_id": "55e-0c9-dfc39f6c-d378-4c9e-b64e-882e594fefe5_01",
                "context_K-NSCC": {
                    "field": "자연",
                    "large_category": "NA",
                    "medium_category": "02"
                },
                "context": "<p>즉, 모든 \\( X \\in R ^ { n } \\)에 대하여 \\( A ^ { T } A X=X \\)이므로 \\( A ^ { T } A=I \\) 역으로 \\( A ^ { T } A=I \\)이라면 모든 \\( X \\in R ^ { n } \\)에 대하여</p> <p>\\( \\begin {aligned} \\|X \\| ^ { 2 } &=X \\circ X= \\left (A ^ { T } A \\right ) X \\circ X \\\\ &=A X \\circ A X= \\|A X \\| ^ { 2 } \\end {aligned} \\)</p> <p>즉, \\( \\|X \\|= \\|A X \\| \\). 따라서</p> <p>\\( \\begin {aligned} \\|T(X)-T(Y) \\| &= \\|A X-A Y \\|= \\|A(X-Y) \\| \\\\ &= \\|X-Y \\| \\end {aligned} \\)</p> <h1>선형변환의 연속성 부등식</h1> <p>선형변환 \\( L: R ^ { 2 } \\rightarrow R ^ { 2 } : L(X)=A X= \\left ( \\begin {array} { ll } a_ { 11 } &a_ { 12 } \\\\ a_ { 21 } & a_ { 22 } \\end {array} \\right ) \\left ( \\begin {array} { c } x \\\\ y \\end {array} \\right ) \\)에 대하여</p> <p>\\( \\begin {aligned} \\|L(X) \\| &= \\sqrt {\\left (a_ { 11 } x + a_ { 12 } y \\right ) ^ { 2 } + \\left (a_ { 21 } x + a_ { 22 } y \\right ) ^ { 2 } } \\\\ & \\leq \\sqrt {\\left (a_ { 11 } ^ { 2 } + a_ { 12 } ^ { 2 } \\right ) \\left (x ^ { 2 } + y ^ { 2 } \\right ) + \\left (a_ { 21 } ^ { 2 } + a_ { 22 } ^ { 2 } \\right ) \\left (x ^ { 2 } + y ^ { 2 } \\right ) } \\\\ &= \\sqrt {\\left ( \\sum_ { j=1 } ^ { 2 } \\sum_ { i=1 } ^ { 2 } a_ { i j } ^ { 2 } \\right ) } \\sqrt { x ^ { 2 } + y ^ { 2 } } \\end {aligned} \\)</p> <p>이를테면 \\( \\| \\cdot \\| \\)는 유클리드 크기일 때, 선형변환 \\( T: R ^ { 2 } \\rightarrow R ^ { 2 } \\) ,</p> <p>\\( T(X)=A X: A= \\left ( \\begin {array} { cc } \\sqrt { 2 } + 1 & 1 \\\\ 0 & \\sqrt { 2 } \\end {array} \\right ) \\)</p> <p>로 주어진 선형변환 \\( T \\)에 대하여</p> <p>\\( \\|T(X) \\| \\leq M \\|X \\|, M= \\sqrt { 6 + 2 \\sqrt { 2 } } \\)</p> <p>일반화하면, 선형변환 \\( T: R ^ { n } \\rightarrow R ^ { m } \\)의 연속성을 포함하는 부등식은 다음과 같다.</p> <p>정리 Peano, \\(1888 \\)</p> <p>\\( \\begin {aligned} X \\in R ^ { n } : A= \\left (a_ { i j } \\right ) \\subseteq M_ { m, n } \\text { 에 대하여 } \\\\ & \\|A X \\| \\leq M \\|X \\|, \\text { 여기서 } M= \\sqrt {\\sum_ { j=1 i=1 } ^ { m } \\sum_ { i j } ^ { n } a_ { i j } { } ^ { 2 } } \\end {aligned} \\)</p> <p>선형변환 \\( T: R ^ { n } \\rightarrow R ^ { m } \\)</p> <ol type=1 start=1><li>원점 \\(O \\) 에서 연속</li> <li>모든 점 \\( X \\in R ^ { n } \\) 에서 연속</li></ol> <p>임을 형식화하기 편리한 부등식이라 할 수 있다.</p>",
                "context_length": 2035,
                "clue": [
                    {
                        "clue_text": "선형변환 \\( T: R ^ { n } \\rightarrow R ^ { m } \\)",
                        "clue_start": "1500",
                        "clue_end": "1545"
                    },
                    {
                        "clue_text": "type=1 start=1><li>원점 \\(O \\) 에서 연속</li> <li>모든 점 \\( X \\in R ^ { n } \\) 에서 연속</li>",
                        "clue_start": "1915",
                        "clue_end": "1996"
                    },
                    {
                        "clue_text": "임을 형식화하기 편리한 부등식이라 할 수 있다.",
                        "clue_start": "2005",
                        "clue_end": "2031"
                    }
                ],
                "terminology": [
                    {
                        "word": "부등식"
                    },
                    {
                        "word": "선형변환"
                    },
                    {
                        "word": "역"
                    },
                    {
                        "word": "연속"
                    },
                    {
                        "word": "연속성 부등식"
                    },
                    {
                        "word": "유클리드 크기"
                    }
                ]
            },
            {
                "context_id": "55e-0c9-dfc39f6c-d378-4c9e-b64e-882e594fefe5_00",
                "context_K-NSCC": {
                    "field": "자연",
                    "large_category": "NA",
                    "medium_category": "02"
                },
                "context": "<h1>등장변환 iso-metry</h1> <p>일반적으로 \\( n \\)차원 공간 속에서 (초평면에 대한) 반사변환, 회전변환, 그리고 평행이 등으로 주어지는 변환들은 모두 두 점 사이의 거리를 보존하는 변환들이다. 이러한 변환들을 등장변환 iso-metry이라 한다. 즉, \\( T: R ^ { n } \\rightarrow R ^ { n } \\) 이</p> <p>\\( \\|T(X)-T(Y) \\| = \\|X-Y \\|: X, Y \\in R ^ { n } \\)</p> <caption>\\( ( * ) \\)</caption> <p>이 성립하는 \\( T \\)를 등장변환이라 한다.</p> <p>정리 \\( T: R ^ { n } \\rightarrow R ^ { n } \\) 이 \\( T(O)=O \\)이 등장변환이면</p> <ol type=1 start=1><li>\\( \\|T(X) \\|= \\|X \\| \\)</li> <li>\\( T(X) \\circ T(Y)=X \\circ Y \\)</li> <li>\\( T(a X + b Y)=a T(X) + b T(Y) \\)</li></ol> <p>즉, 원점을 보존하는 등장변환은 선형변환이 된다.</p> <p>증명</p> <ol type=1 start=1><li>등장변환의 정의 \\( (*) \\)에 \\( Y=O \\)를 대입하면 \\((1) \\)을 얻는다.</li> <li>또, 등장변환 정의 \\( (*) \\)의 양변을 제곱하면 \\[ \\|T(X) \\| ^ { 2 } -2 T(X) \\circ T(Y) + \\|T(Y) \\| ^ { 2 } = \\|X \\| ^ { 2 } -2 X \\circ Y + \\|Y \\| ^ { 2 } \\] 따라서 \\((1) \\)이 성립한다면, \\((2) \\)를 얻는다.</li> <li>모든 \\( Z \\subseteq R ^ { n } \\) 에 대하여 (좌변)을 앞과 같이 계산하면 \\((1) \\)과 \\((2) \\)에 따라 \\[ \\|T(Z)-[a T(X) + b T(Y)] \\| ^ { 2 } = \\|Z-[a X + b Y] \\| ^ { 2 } \\] (계산 생략). 여기에 \\( Z \\mapsto a X + b Y \\) 를 대입하면 \\((3) \\)을 얻는다.</li></ol> <p>정리</p> <p>\\( T: R ^ { n } \\rightarrow R ^ { n } \\) 가 \\( T(X)=A X \\)</p> <p>로 주어진 변환이 등장변환일 필요충분조건은</p> <p>\\( A ^ { T } A=I \\) (즉: \\( A \\) 직교행렬)</p> <p>증명 \\( T \\)가 등장변환이면,</p> <p>\\( \\begin {aligned} X \\circ Y &=T(X) \\circ T(Y)=A X \\circ A Y \\\\ &=A ^ { T } A X \\circ Y \\end {aligned} \\)</p>",
                "context_length": 1365,
                "clue": [
                    {
                        "clue_text": "일반적으로 \\( n \\)차원 공간 속에서 (초평면에 대한) 반사변환, 회전변환, 그리고 평행이 등으로 주어지는 변환들은 모두 두 점 사이의 거리를 보존하는 변환들이다.",
                        "clue_start": "27",
                        "clue_end": "120"
                    },
                    {
                        "clue_text": "이러한 변환들을 등장변환 iso-metry이라 한다.",
                        "clue_start": "121",
                        "clue_end": "150"
                    },
                    {
                        "clue_text": "즉, 원점을 보존하는 등장변환은 선형변환이 된다.",
                        "clue_start": "544",
                        "clue_end": "571"
                    },
                    {
                        "clue_text": "</li></ol> <p>정리</p> <p>\\( T: R ^ { n } \\rightarrow R ^ { n } \\) 가 \\( T(X)=A X \\)</p> <p>로 주어진 변환이 등장변환일 필요충분조건은</p> <p>\\( A ^ { T } A=I \\) (즉: \\( A \\) 직교행렬)",
                        "clue_start": "1063",
                        "clue_end": "1220"
                    }
                ],
                "terminology": [
                    {
                        "word": "등장변환"
                    },
                    {
                        "word": "등장변환 iso-metry"
                    },
                    {
                        "word": "반사변환"
                    },
                    {
                        "word": "선형변환"
                    },
                    {
                        "word": "직교행렬"
                    },
                    {
                        "word": "초평면"
                    },
                    {
                        "word": "평행"
                    },
                    {
                        "word": "필요충분조건"
                    },
                    {
                        "word": "회전변환"
                    }
                ]
            }
        ]
    }
}