{
    "dataset_info": {
        "identifier": "02-031-002-NL",
        "name": "기술과학 문서 요약 데이터",
        "category": "자연어",
        "last_updated": "2023-08-30"
    },
    "dataset": {
        "doc_id": "772a8b07-8135277a-e125-4e2e-97fb-2eca7843d0b5",
        "doc_type": "도서",
        "doc_title": {
            "kor": "다변수미적분학",
            "eng": ""
        },
        "doc_category": {
            "KDC": "414",
            "DDC": ""
        },
        "doc_number": {
            "ISSN": "",
            "ISBN": "9788961052597",
            "DOI": "",
            "UCI": ""
        },
        "doc_year": "2009",
        "doc_author": [
            "강성주"
        ],
        "doc_publisher": "경문사",
        "doc_license": "저작권 협의됨",
        "context_info": [
            {
                "context_id": "55e-0c9-52eec3ba-7807-47b7-844c-b26620eaaf63",
                "context_K-NSCC": {
                    "field": "자연",
                    "large_category": "NA",
                    "medium_category": "02"
                },
                "context": "<h3>경우 Ⅲ</h3> <p>정리 \\( 3.6 y=f(x), x=x(s, t) \\) 가 미분가능하다고 하면, 합성함수 \\( y=f(x(s, t)) \\) 의 \\( s \\) 와 \\( t \\) 에 관한 편도함수는 다음과 같다. \\[ \\begin{aligned} \\frac{\\partial y}{\\partial s} &=\\frac{d y}{d x} \\frac{\\partial x}{\\partial s} \\\\ \\frac{\\partial y}{\\partial t} &=\\frac{d y}{d x} \\frac{\\partial x}{\\partial t} . \\end{aligned} \\]</p> <h3>경우 Ⅳ</h3> <p>정리 \\( 3.7 w=f\\left(x_{1}, x_{2}, \\cdots, x_{n}\\right) \\) 과 \\( x_{i}=x_{i}\\left(t_{1}, t_{2}, \\cdots, t_{m}\\right), 1 \\leq i \\leq n \\), 모두 미분가능하다고 하면, 합성함수 \\( w=f\\left(x_{1}\\left(t_{1}, t_{2}, \\cdots, t_{m}\\right), \\cdots, x_{n}\\left(t_{1}, t_{2}, \\cdots, t_{m}\\right)\\right. \\) 의 \\( t_{j}, \\quad 1 \\leq j \\leq m \\), 에 관한 편도함수는 다음과 같다. \\[ \\frac{\\partial w}{\\partial t_{j}}=\\frac{\\partial w}{\\partial x_{1}} \\frac{\\partial x_{1}}{\\partial t_{j}}+\\frac{\\partial w}{\\partial x_{2}} \\frac{\\partial x_{2}}{\\partial t_{j}}+\\cdots+\\frac{\\partial w}{\\partial x_{n}} \\frac{\\partial x_{n}}{\\partial t_{j}} \\]</p> <p>이것을 행렬(matrix)로 표시하면 다음과 같다. \\[ \\left(\\begin{array}{c} \\frac{\\partial w}{\\partial t_{1}} \\\\ \\frac{\\partial w}{\\partial t_{2}} \\\\ \\vdots \\\\ \\frac{\\partial w}{\\partial t_{m}} \\end{array}\\right)=\\left(\\begin{array}{cccc} \\frac{\\partial x_{1}}{\\partial t_{1}} & \\frac{\\partial x_{2}}{\\partial t_{1}} & \\ldots & \\frac{\\partial x_{n}}{\\partial t_{1}} \\\\ \\frac{\\partial x_{1}}{\\partial t_{2}} & \\frac{\\partial x_{2}}{\\partial t_{2}} & \\ldots & \\frac{\\partial x_{n}}{\\partial t_{2}} \\\\ \\vdots & \\vdots & \\ddots & \\vdots \\\\ \\frac{\\partial x_{1}}{\\partial t_{m}} & \\frac{\\partial x_{2}}{\\partial t_{m}} & \\ldots & \\frac{\\partial x_{n}}{\\partial t_{m}} \\end{array}\\right)\\left(\\begin{array}{c} \\frac{\\partial w}{\\partial x_{1}} \\\\ \\frac{\\partial w}{\\partial x_{2}} \\\\ \\vdots \\\\ \\frac{\\partial w}{\\partial x_{n}} \\end{array}\\right) \\] 여기서 우리는 \\[ \\frac{\\partial\\left(x_{1}, x_{2}, \\cdots, x_{n}\\right)}{\\partial\\left(t_{1}, t_{2}, \\cdots, t_{m}\\right)}=\\left(\\begin{array}{cccc} \\frac{\\partial x_{1}}{\\partial t_{1}} & \\frac{\\partial x_{2}}{\\partial t_{1}} & \\cdots & \\frac{\\partial x_{n}}{\\partial t_{1}} \\\\ \\frac{\\partial x_{1}}{\\partial t_{2}} & \\frac{\\partial x_{2}}{\\partial t_{2}} & \\cdots & \\frac{\\partial x_{n}}{\\partial t_{2}} \\\\ \\vdots & \\vdots & \\ddots & \\vdots \\\\ \\frac{\\partial x_{1}}{\\partial t_{m}} & \\frac{\\partial x_{2}}{\\partial t_{m}} & \\cdots & \\frac{\\partial x_{n}}{\\partial t_{m}} \\end{array}\\right) \\] 로 쓰고 \\( x_{i} \\) 의 \\( t_{j} \\) 에 대한 편미분 행렬이라 한다.</p> <p>예제 21 \\( (x, y) \\) 와 \\( (r, \\theta) \\) 를 각각 직교좌표계와 극좌표계라 하자. 다음에 답하라.</p> <ol type=a start=1><li>함수 \\( z=f(x, y) \\) 에 대하여 \\( \\partial z / \\partial r \\) 과 \\( \\partial z / \\partial \\theta \\) 를 \\( \\partial z / \\partial x \\) 과 \\( \\partial z / \\partial y \\) 의 항으로 표현하라.</li> <li>\\( \\partial^{2} z / \\partial r^{2} \\) 을 직교좌표계로 표현하라.</li></ol> <p>풀이 \\( x=r \\cos \\theta \\) 와 \\( y=r \\sin \\theta \\) 을 이용하자.</p> <ol type=a start=1><li>일반적인 연쇄법칙에 의하여 \\[ \\begin{aligned} \\left(\\begin{array}{ll} \\frac{\\partial z}{\\partial r} & \\frac{\\partial z}{\\partial \\theta} \\end{array}\\right) &=\\left(\\begin{array}{ll} \\frac{\\partial z}{\\partial x} & \\frac{\\partial z}{\\partial y} \\end{array}\\right)\\left(\\begin{array}{ll} \\frac{\\partial x}{\\partial r} & \\frac{\\partial x}{\\partial \\theta} \\\\ \\frac{\\partial y}{\\partial r} & \\frac{\\partial y}{\\partial \\theta} \\end{array}\\right) \\\\ &=\\left(\\begin{array}{ll} \\frac{\\partial z}{\\partial x} & \\frac{\\partial z}{\\partial y} \\end{array}\\right)\\left(\\begin{array}{cc} \\cos \\theta & -r \\sin \\theta \\\\ \\sin \\theta & r \\cos \\theta \\end{array}\\right) . \\end{aligned} \\] 이 된다. 우변을 계산하면 \\[ \\begin{aligned} \\frac{\\partial z}{\\partial r} &=\\frac{\\partial z}{\\partial x} \\cos \\theta+\\frac{\\partial z}{\\partial y} \\sin \\theta \\\\ \\frac{\\partial z}{\\partial \\theta} &=r\\left(-\\frac{\\partial z}{\\partial x} \\sin \\theta+\\frac{\\partial z}{\\partial y} \\cos \\theta\\right) \\end{aligned} \\] 이 된다.</li> <li>(a)에 의하여 \\[ \\frac{\\partial z}{\\partial r}=\\frac{\\partial z}{\\partial x} \\cos \\theta+\\frac{\\partial z}{\\partial y} \\sin \\theta \\] 이 된다. 따라서 \\[ \\frac{\\partial^{2} z}{\\partial r^{2}}=\\frac{\\partial}{\\partial r}\\left(\\frac{\\partial z}{\\partial x}\\right) \\cos \\theta+\\frac{\\partial}{\\partial r}\\left(\\frac{\\partial z}{\\partial y}\\right) \\sin \\theta \\] 가 된다. 이제 (5)에 \\( z \\) 대신 \\( \\partial z / \\partial x \\) 와 \\( \\partial z / \\partial y \\) 를 각각 적용하면 \\[ \\begin{aligned} \\frac{\\partial^{2} z}{\\partial r^{2}} &=\\left(\\frac{\\partial^{2} z}{\\partial x^{2}} \\cos \\theta+\\frac{\\partial^{2} z}{\\partial y \\partial x} \\sin \\theta\\right) \\cos \\theta+\\left(\\frac{\\partial^{2} z}{\\partial x \\partial y} \\cos \\theta+\\frac{\\partial^{2} z}{\\partial y^{2}} \\sin \\theta\\right) \\sin \\theta \\\\ &=\\frac{\\partial^{2} z}{\\partial x^{2}} \\cos ^{2} \\theta+2 \\frac{\\partial^{2} z}{\\partial x \\partial y} \\sin \\theta \\cos \\theta+\\frac{\\partial^{2} z}{\\partial y^{2}} \\sin ^{2} \\theta \\end{aligned} \\] 를 얻는다.</li></ol>",
                "context_length": 4808,
                "clue": [
                    {
                        "clue_text": "정리 \\( 3.6 y=f(x), x=x(s, t) \\) 가 미분가능하다고 하면, 합성함수 \\( y=f(x(s, t)) \\) 의 \\( s \\) 와 \\( t \\) 에 관한 편도함수는 다음과 같다.",
                        "clue_start": "17",
                        "clue_end": "124"
                    },
                    {
                        "clue_text": "\\[ \\left(\\begin{array}{c} \\frac{\\partial w}{\\partial t_{1}} \\\\ \\frac{\\partial w}{\\partial t_{2}} \\\\ \\vdots \\\\ \\frac{\\partial w}{\\partial t_{m}} \\end{array}\\right)=\\left(\\begin{array}{cccc} \\frac{\\partial x_{1}}{\\partial t_{1}} & \\frac{\\partial x_{2}}{\\partial t_{1}} & \\ldots & \\frac{\\partial x_{n}}{\\partial t_{1}} \\\\ \\frac{\\partial x_{1}}{\\partial t_{2}} & \\frac{\\partial x_{2}}{\\partial t_{2}} & \\ldots & \\frac{\\partial x_{n}}{\\partial t_{2}} \\\\ \\vdots & \\vdots & \\ddots & \\vdots \\\\ \\frac{\\partial x_{1}}{\\partial t_{m}} & \\frac{\\partial x_{2}}{\\partial t_{m}} & \\ldots & \\frac{\\partial x_{n}}{\\partial t_{m}} \\end{array}\\right)\\left(\\begin{array}{c} \\frac{\\partial w}{\\partial x_{1}} \\\\ \\frac{\\partial w}{\\partial x_{2}} \\\\ \\vdots \\\\ \\frac{\\partial w}{\\partial x_{n}} \\end{array}\\right) \\] 여기서 우리는 \\[ \\frac{\\partial\\left(x_{1}, x_{2}, \\cdots, x_{n}\\right)}{\\partial\\left(t_{1}, t_{2}, \\cdots, t_{m}\\right)}=\\left(\\begin{array}{cccc} \\frac{\\partial x_{1}}{\\partial t_{1}} & \\frac{\\partial x_{2}}{\\partial t_{1}} & \\cdots & \\frac{\\partial x_{n}}{\\partial t_{1}} \\\\ \\frac{\\partial x_{1}}{\\partial t_{2}} & \\frac{\\partial x_{2}}{\\partial t_{2}} & \\cdots & \\frac{\\partial x_{n}}{\\partial t_{2}} \\\\ \\vdots & \\vdots & \\ddots & \\vdots \\\\ \\frac{\\partial x_{1}}{\\partial t_{m}} & \\frac{\\partial x_{2}}{\\partial t_{m}} & \\cdots & \\frac{\\partial x_{n}}{\\partial t_{m}} \\end{array}\\right) \\] 로 쓰고 \\( x_{i} \\) 의 \\( t_{j} \\) 에 대한 편미분 행렬이라 한다.",
                        "clue_start": "977",
                        "clue_end": "2408"
                    }
                ],
                "terminology": [
                    {
                        "word": "극좌표계"
                    },
                    {
                        "word": "미분가능"
                    },
                    {
                        "word": "연쇄법칙"
                    },
                    {
                        "word": "직교좌표계"
                    },
                    {
                        "word": "편도함수"
                    },
                    {
                        "word": "편미분"
                    },
                    {
                        "word": "편미분 행렬"
                    },
                    {
                        "word": "함수"
                    },
                    {
                        "word": "합성함수"
                    },
                    {
                        "word": "행렬"
                    },
                    {
                        "word": "행렬(matrix)"
                    }
                ]
            },
            {
                "context_id": "55e-0c9-merge_2_772a8b07-8135277a-e125-4e2e-97fb-2eca7843d0b5_01",
                "context_K-NSCC": {
                    "field": "자연",
                    "large_category": "NA",
                    "medium_category": "02"
                },
                "context": "<h3>유계인 영역과 유계가 아닌 영역의 정의</h3> <p>어떤 영역이 한 디스크 안에 놓이게 되면 그 영역은 유계(bounded)라고 하고 그렇지 않을 때 그 영역은 유계가 아니다(unbounded)라고 한다.</p> <h3>이변수 함수의 등위선, 그래프의 정의</h3> <p>이변수 함수 \\( f(x, y) \\) 에 대하여 동일한 함수값, 즉 \\( f(x, y) = c \\) 인 정의역 안의 점들의 집합을 \\( f \\) 의 등위선(level curve)이라고 한다. 또한 \\[ \\{ (x, y, z) \\mid z=f(x, y), \\quad(x, y) \\in R \\text { 의 정의역 } \\} \\] 을 함수 \\( f \\) 의 그래프(graph)라 한다. 함수 \\( f \\) 의 그래프를 곡면(surface) \\( z= \\) \\( f(x, y) \\) 라고도 한다.</p> <p>이변수 함수의 그래프나 등위선 등은 손으로 그리기가 매우 어렵다. 다음 몇 가지 예를 컴퓨터를 이용하여 구하여보자.</p> <p>예제 2 다음 함수들의 등위선들을 컴퓨터를 이용하여 그려보아라.</p> <ol type=a start=1><li>\\( z=x ^ { 2 } + y ^ { 2 } \\)</li> <li>\\( z= \\left (x ^ { 2 } + 3 y ^ { 2 } \\right ) e ^ { 1- \\left (x ^ { 2 } + y ^ { 2 } \\right ) } \\)</li> <li>\\( z= \\sin x + 2 \\sin y \\)</li> <li>\\( z=x y e ^ { -y ^ { 2 } } \\)</li></ol> <p>풀이 Maple을 이용하여 다음과 같이 등위선들을 그릴 수 있다. 특별히 Saint Michacl's College의 Colin Kriwox에 의해 만들어진 Maplet을 이용하면 편리하게 그래프와 등위선들을 살펴볼 수 있다.</p> <ol type=a start=1><li>\\( z=x ^ { 2 } + y ^ { 2 } \\) 의 등위선들:</li> <li>\\( z= \\left (x ^ { 2 } + 3 y ^ { 2 } \\right ) e ^ { 1- \\left (x ^ { 2 } + y ^ { 2 } \\right ) } \\) 의 등위선들:</li> <li>\\( z= \\sin x + 2 \\sin y \\) 의 등위선들:</li> <li>\\( z=x y e ^ { -y ^ { 2 } } \\) 의 등위선들:</li></ol> <p>삼변수 함수 경우도 이변수 함수의 경우와 비슷하게 정의역, 치역, 내부, 외부, 경계, 영역 등이 정의 되고, 등위선 대신 우리는 등위 곡면을 갖는다.</p> <h3>등위면의 정의</h3> <p>삼변수 함수 \\( f(x, y, z) \\) 에서 동일한 함수값, 즉 \\( f(x, y, z)=c \\) 가 되는 정의 역 안의 모든 점들의 집합을 \\( f \\) 의 등위면(level surfaces)이라 한다.</p>",
                "context_length": 1440,
                "clue": [
                    {
                        "clue_text": "떤 영역이 한 디스크 안에 놓이게 되면 그 영역은 유계(bounded)라고 하고 그렇지 않을 때 그 영역은 유계가 아니다(unbounded)라고 한다.",
                        "clue_start": "35",
                        "clue_end": "119"
                    },
                    {
                        "clue_text": "이변수 함수의 그래프나 등위선 등은 손으로 그리기가 매우 어렵다.",
                        "clue_start": "438",
                        "clue_end": "474"
                    },
                    {
                        "clue_text": "다음 몇 가지 예를 컴퓨터를 이용하여 구하여보자.",
                        "clue_start": "475",
                        "clue_end": "502"
                    },
                    {
                        "clue_text": "삼변수 함수 \\( f(x, y, z) \\) 에서 동일한 함수값, 즉 \\( f(x, y, z)=c \\) 가 되는 정의 역 안의 모든 점들의 집합을 \\( f \\) 의 등위면(level surfaces)이라 한다.",
                        "clue_start": "1320",
                        "clue_end": "1436"
                    }
                ],
                "terminology": [
                    {
                        "word": "Colin Kriwox"
                    },
                    {
                        "word": "Maple"
                    },
                    {
                        "word": "Maplet"
                    },
                    {
                        "word": "등위 곡면"
                    },
                    {
                        "word": "등위면"
                    },
                    {
                        "word": "등위선"
                    },
                    {
                        "word": "삼변수"
                    },
                    {
                        "word": "삼변수 함수"
                    },
                    {
                        "word": "유계"
                    },
                    {
                        "word": "이변수"
                    },
                    {
                        "word": "이변수 함수"
                    },
                    {
                        "word": "정의역"
                    },
                    {
                        "word": "집합"
                    },
                    {
                        "word": "치역"
                    },
                    {
                        "word": "함수"
                    }
                ]
            },
            {
                "context_id": "55e-0c9-6d620a1d-1973-4746-a0fb-f74175784cdf",
                "context_K-NSCC": {
                    "field": "자연",
                    "large_category": "NA",
                    "medium_category": "02"
                },
                "context": "<h2>3 편도함수</h2> <p>이 절에서는 일변수 함수의 도함수에 해당하는 다변수 함수의 편도함수를 정의하고 그 성질을 알아 본다.</p> <p>일변수 함수 \\( f(x) \\) 의 도함수의 정의는 \\[ \\lim _{x \\rightarrow x_{0}} \\frac{f(x)-f\\left(x_{0}\\right)}{x-x_{0}}=f^{\\prime}(x) \\] 이다. 이변수 함수 \\( f(x, y) \\) 의 경우는 점 \\( (x, y) \\) 가 주어진 점 \\( \\left(x_{0}, y_{0}\\right) \\) 에 가까이 간다는 것이 간단하지 않기 때문에 먼저 우리는 각 좌표축과 평행으로 주어진 점에 접근하는 경우를 살펴보기로 하자. 함수 \\( z=f(x, y) \\) 에 대하여 \\( x \\)-축과 나란히 점 \\( \\left(x_{0}, y_{0}\\right) \\) 에 가까이 간다는 것은 \\( y=y_{0} \\) 를 유지하기 때문에 주어진 함수는 \\( z=f\\left(x, y_{0}\\right) \\) 와 같이 일변수 함수가 되고 따라서 일변수 함수의 도함수 정의를 이용할 수 있다. 즉 \\[ \\lim _{x \\rightarrow x_{0}} \\frac{f\\left(x, y_{0}\\right)-f\\left(x_{0}, y_{0}\\right)}{x-x_{0}} \\] 가 존재하면 그 값을 \\( \\frac{\\partial f}{\\partial x} \\) 라 쓴다. 같은 방법으로 우리는 \\( \\partial f / \\partial y \\) 도 구할 수 있다.</p> <h3>편도함수의 정의</h3> <p>이변수 함수 \\( z=f(x, y) \\) 가 점 \\( \\left(x_{0}, y_{0}\\right) \\) 에서 \\[ \\lim _{h \\rightarrow 0} \\frac{\\left.f\\left(x_{0}+h, y_{0}\\right)\\right)-f\\left(x_{0}, y_{0}\\right)}{h}=\\left.\\frac{\\partial f}{\\partial x}\\right|_{\\left(x_{0}, y_{0}\\right)} \\] 이 존재하면 이 값을 \\( \\left(x_{0}, y_{0}\\right) \\) 에서 \\( f(x, y) \\) 의 \\( x \\) 에 관한 편도함수(partial derivative with respect to \\( \\mathrm{x}) \\) 라고 한다. 또한 \\[ \\lim _{k \\rightarrow 0} \\frac{\\left.f\\left(x_{0}, y_{0}+k\\right)\\right)-f\\left(x_{0}, y_{0}\\right)}{k}=\\left.\\frac{\\partial f}{\\partial y}\\right|_{\\left(x_{0}, y_{0}\\right)} \\] 이 존재하면 이 값을 \\( \\left(x_{0}, y_{0}\\right) \\) 에서 \\( f(x, y) \\) 의 \\( y \\) 에 관한 편도함수(partial derivative with respect to y)라고 한다. 우리는 각 편도함수의 기호로 다음과 같이 사용한다. \\[ \\begin{array}{l} \\left.\\frac{\\partial f}{\\partial x}\\right|_{\\left(x_{0}, y_{0}\\right)}=\\frac{\\partial f}{\\partial x}\\left(x_{0}, y_{0}\\right)=f_{x}\\left(x_{0}, y_{0}\\right)=\\left.\\frac{\\partial z}{\\partial x}\\right|_{\\left(x_{0}, y_{0}\\right)}, \\\\ \\left.\\frac{\\partial f}{\\partial y}\\right|_{\\left(x_{0}, y_{0}\\right)}=\\frac{\\partial f}{\\partial y}\\left(x_{0}, y_{0}\\right)=f_{y}\\left(x_{0}, y_{0}\\right)=\\left.\\frac{\\partial z}{\\partial y}\\right|_{\\left(x_{0}, y_{0}\\right)} . \\end{array} \\] 임의 점 \\( (x, y) \\) 에서의 \\( x \\) 에 관한 편도함수와 \\( y \\) 에 관한 편도함수는 각각 기호로 \\( \\frac{\\partial f}{\\partial x}, f_{x}, \\frac{\\partial z}{\\partial x}, z_{x} \\) 와 \\( \\frac{\\partial f}{\\partial y}, f_{y}, \\frac{\\partial z}{\\partial y}, z_{y} \\) 로 쓴다.</p> <p>각 편도함수의 기하학적인 의미는 다음과 같다. \\( \\left(x_{0}, y_{0}\\right) \\) 에서 \\( f(x, y) \\) 의 \\( x \\) 에 관한 편도함수는 함수의 그래프를 \\( y=y_{0} \\) 의 평면을 자를 때 나타나는 절단면이 되는 곡선에 대하여 \\( x=x_{0} \\) 에서의 접선의 기울기가 된다. 같은 방법으로 \\( y \\) 에 관한 편도함수는 함수의 그래프를 \\( x=x_{0} \\) 의 평면을 자를 때 나타나는 절단면이 되는 곡선에 대하여 \\( y=y_{0} \\) 에서의 접선의 기울기가 된다. 그림 \\( 3.5 \\) 참고.</p>",
                "context_length": 2564,
                "clue": [
                    {
                        "clue_text": "이변수 함수 \\( z=f(x, y) \\) 가 점 \\( \\left(x_{0}, y_{0}\\right) \\) 에서 \\[ \\lim _{h \\rightarrow 0} \\frac{\\left.f\\left(x_{0}+h, y_{0}\\right)\\right)-f\\left(x_{0}, y_{0}\\right)}{h}=\\left.\\frac{\\partial f}{\\partial x}\\right|_{\\left(x_{0}, y_{0}\\right)} \\] 이 존재하면 이 값을 \\( \\left(x_{0}, y_{0}\\right) \\) 에서 \\( f(x, y) \\) 의 \\( x \\) 에 관한 편도함수(partial derivative with respect to \\( \\mathrm{x}) \\) 라고 한다.",
                        "clue_start": "788",
                        "clue_end": "1170"
                    },
                    {
                        "clue_text": "임의 점 \\( (x, y) \\) 에서의 \\( x \\) 에 관한 편도함수와 \\( y \\) 에 관한 편도함수는 각각 기호로 \\( \\frac{\\partial f}{\\partial x}, f_{x}, \\frac{\\partial z}{\\partial x}, z_{x} \\) 와 \\( \\frac{\\partial f}{\\partial y}, f_{y}, \\frac{\\partial z}{\\partial y}, z_{y} \\) 로 쓴다.",
                        "clue_start": "2005",
                        "clue_end": "2241"
                    },
                    {
                        "clue_text": "\\( \\left(x_{0}, y_{0}\\right) \\) 에서 \\( f(x, y) \\) 의 \\( x \\) 에 관한 편도함수는 함수의 그래프를 \\( y=y_{0} \\) 의 평면을 자를 때 나타나는 절단면이 되는 곡선에 대하여 \\( x=x_{0} \\) 에서의 접선의 기울기가 된다.",
                        "clue_start": "2275",
                        "clue_end": "2430"
                    }
                ],
                "terminology": [
                    {
                        "word": "기울기"
                    },
                    {
                        "word": "기하학"
                    },
                    {
                        "word": "다변수"
                    },
                    {
                        "word": "다변수 함수"
                    },
                    {
                        "word": "도함수"
                    },
                    {
                        "word": "이변수"
                    },
                    {
                        "word": "이변수 함수"
                    },
                    {
                        "word": "일변수"
                    },
                    {
                        "word": "일변수 함수"
                    },
                    {
                        "word": "절단면"
                    },
                    {
                        "word": "접선"
                    },
                    {
                        "word": "좌표축"
                    },
                    {
                        "word": "편도함수"
                    },
                    {
                        "word": "평행"
                    },
                    {
                        "word": "함수"
                    }
                ]
            },
            {
                "context_id": "55e-0c9-81db22f0-49f1-4793-ae8f-b3735ce07b43",
                "context_K-NSCC": {
                    "field": "자연",
                    "large_category": "NA",
                    "medium_category": "02"
                },
                "context": "<h3>이변수 함수의 미분가능성의 정의</h3> <p>이변수 함수 \\( z=f(x, y) \\) 에 대하여 \\( \\triangle z=f(x+\\triangle x, y+\\triangle y)-f(x, y) \\) 를 \\( z \\) 의 증분(increment)이라 한다. 또한 \\( (\\Delta x, \\Delta y) \\rightarrow(0,0) \\) 일 때 \\( \\varepsilon_{1} \\rightarrow 0 \\) 이고 \\( \\varepsilon_{2} \\rightarrow 0 \\) 가 되는 \\( \\varepsilon_{1}, \\varepsilon_{2} \\) 에 대하여 \\[ \\triangle z=f_{x}(x, y) \\triangle x+f_{y}(x, y) \\triangle y+\\varepsilon_{1} \\triangle x+\\varepsilon_{2} \\triangle y \\] 을 만족하면 \\( f(x, y) \\) 는 \\( (x, y) \\) 에서 미분가능하다(differentiable)고 한다. 특별히 \\[ f_{x}(x, y) \\triangle x+f_{y}(x, y) \\triangle y=f_{x}(x, y) d x+f_{y}(x, y) d y \\] 를 \\( z \\) 의 미분(differential)이라 하고 \\( d z \\) 로 나타낸다. 즉 \\[ d z=f_{x}(x, y) d x+f_{y}(x, y) d y \\] 이다.</p> <p>여기서 보듯이 위에서 설명한 접평면의 식은 매우 바람직한 일차 근사식이 된다는 것을 볼 수 있다. 또한 우리는 다음의 두 정리를 갖는다. 이 정리들의 증명은 일변수 함수의 증명과 유사하다.</p> <p>정리 \\( 3.2 \\) 함수 \\( f(x, y) \\) 의 편도함수 \\( f_{x} \\) 와 \\( f_{y} \\) 가 열린영역 \\( R \\) 안에서 연속이면 \\( f(x, y) \\) 는 \\( R \\) 의 모든 점에서 미분가능하다.</p> <p>정리 \\( 3.3 \\) 정리: 함수 \\( f(x, y) \\) 가 \\( (a, b) \\) 에서 미분가능하면 \\( (a, b) \\) 에서 연속이다.</p> <p>함수 \\( z=f(x, y) \\) 의 미분은 근사값을 구하는데 유효하다. 다음의 예를 보자.</p> <p>예제 18 두 실수 \\( x, y \\) 의 곱으로 이루어진 함수 \\( x y \\) 가 있다. 한 값에서 일정한 양 \\( h \\) 을 떼어서 다른 쪽에 합할 때 함수 \\( x y \\) 가 증가하는지 감소하는지를 알아보아라.</p> <p>풀이 \\( z=f(x, y)=x y \\) 라 하자. \\( x \\) 에서 \\( h \\) 만큼 떼어서 \\( y \\) 에 합하면 \\( d x=-h, d y=h \\) 가 된다. 또한 \\( f_{x}=y \\) 이고 \\( f_{y}=x \\) 이다. 따라서 \\[ \\begin{aligned} \\Delta z &=f(x-h, x+h)-f(x, y) \\\\ & \\approx d z=f_{x}(x, y) d x+f_{y}(x, y) d y=y d x+x d y=-y h+x h=h(x-y) \\end{aligned} \\] 가 된다. \\( h>0 \\) 이므로 \\( x>y \\) 이면 함수값이 증가하고 \\( x<y \\) 이면 함수값이 감소한다는 것을 알 수 있다.</p>",
                "context_length": 1599,
                "clue": [
                    {
                        "clue_text": "함수 \\( f(x, y) \\) 의 편도함수 \\( f_{x} \\) 와 \\( f_{y} \\) 가 열린영역 \\( R \\) 안에서 연속이면 \\( f(x, y) \\) 는 \\( R \\) 의 모든 점에서 미분가능하다.",
                        "clue_start": "837",
                        "clue_end": "951"
                    },
                    {
                        "clue_text": "함수 \\( f(x, y) \\) 가 \\( (a, b) \\) 에서 미분가능하면 \\( (a, b) \\) 에서 연속이다.",
                        "clue_start": "976",
                        "clue_end": "1039"
                    },
                    {
                        "clue_text": "특별히 \\[ f_{x}(x, y) \\triangle x+f_{y}(x, y) \\triangle y=f_{x}(x, y) d x+f_{y}(x, y) d y \\] 를 \\( z \\) 의 미분(differential)이라 하고 \\( d z \\) 로 나타낸다.",
                        "clue_start": "514",
                        "clue_end": "655"
                    },
                    {
                        "clue_text": "\\[ d z=f_{x}(x, y) d x+f_{y}(x, y) d y \\] 이다.",
                        "clue_start": "658",
                        "clue_end": "703"
                    }
                ],
                "terminology": [
                    {
                        "word": "근사값"
                    },
                    {
                        "word": "미분가능"
                    },
                    {
                        "word": "실수"
                    },
                    {
                        "word": "열린영역"
                    },
                    {
                        "word": "이변수 함수"
                    },
                    {
                        "word": "일변수 함수"
                    },
                    {
                        "word": "일차 근사식"
                    },
                    {
                        "word": "접평면"
                    },
                    {
                        "word": "증분"
                    },
                    {
                        "word": "편도함수"
                    },
                    {
                        "word": "함수"
                    }
                ]
            },
            {
                "context_id": "55e-0c9-81e3f609-823f-46e8-a520-b0b9c5116939",
                "context_K-NSCC": {
                    "field": "자연",
                    "large_category": "NA",
                    "medium_category": "02"
                },
                "context": "<h2>4 접평면과 일차근사</h2> <h3>(1) 접평면</h3> <p>미분가능한 일변수 함수 \\( f(x) \\) 의 \\( x_{0} \\) 에서의 접선의 식은 \\( y=f\\left(x_{0}\\right)+f^{\\prime}\\left(x_{0}\\right)\\left(x-x_{0}\\right) \\) 로 주어진다. 이를 이변수 함수의 경우로 확장을 하려고 한다. 이변수 함수 \\( z=f(x, y) \\) 의 그래프는 공간위의 곡면을 이룬다. 점 \\( \\left(x_{0}, y_{0}\\right) \\) 에서 두 평면 \\( x=x_{0}, y=y_{0} \\) 과 함수의 그래프에 의하여 만들어진 두 단면을 생각하면 각 단면은 평면위의 곡선이 된다. 따라서 이들은 각각 일변수 함수의 그래프와 대응하기 때문에 \\( \\left(x_{0}, y_{0}\\right) \\) 에서 각 축의 방향으로 접선을 구할 수 있다. 이들을 각각 \\( \\mathrm{T}_{1}, \\mathrm{~T}_{2} \\) 라 하자.</p> <h3>접평면의 정의</h3> <p>함수 \\( z=f(x, y) \\) 의 점 \\( \\left(x_{0}, y_{0}\\right) \\) 에서 주어진 두 접선 \\( \\mathrm{T}_{1} \\) 과 \\( \\mathrm{T}_{2} \\) 를 포함하는 평면을 접평면(tangent plane)이라 한다.</p> <p>이제 함수 \\( z=f(x, y) \\) 의 그래프 위에 주어진 점 \\( P\\left(x_{0}, y_{0}, z_{0}\\right) \\) 에서 접평면의 방정식을 구하고자 한다. 여기서 \\( z_{0}=f\\left(x_{0}, y_{0}\\right) \\) 이다. 먼저 일변수 함수 \\( y=f(x) \\) 의 그래프 위의 점 \\( \\left(x_{0}, y_{0}\\right) \\) 에서 접선의 방정식은 \\( y-y_{0}=f^{\\prime}\\left(x_{0}\\right)\\left(x-x_{0}\\right) \\) 가 된다. 우선 \\( P\\left(x_{0}, y_{0}, z_{0}\\right) \\) 를 지나는 평면 \\( \\mathrm{T} \\) 의 방정식은 \\[ A\\left(x-x_{0}\\right)+B\\left(y-y_{0}\\right)+C\\left(z-z_{0}\\right)=0 \\]<caption>(3.1)</caption>이다. 여기서 \\( C \\neq 0 \\) 이다. 이제 \\( A, B, C \\) 를 찾아 내자. 점 \\( P\\left(x_{0}, y_{0}, z_{0}\\right) \\) 에서 평면 \\( x=x_{0} \\) 와 함수의 그래프가 만나는 곡선의 식은 \\( z=f\\left(x_{0}, y\\right) \\) 가 된다. 즉, \\( y \\) 에 관한 함수가 된다. 이제 \\( y=y_{0} \\) 에서의 접선의 방정식은 \\[ z-z_{0}=f_{y}\\left(x_{0}, y_{0}\\right)\\left(y-y_{0}\\right) \\]<caption>(3.1)</caption>가 된다. 이 접선이 평면 \\( \\mathrm{T} \\) 에 놓이고 이것은 두 평면 \\( x=x_{0} \\) 와 \\( \\mathrm{T} \\) 의 교선이 된다. 따라서 두 방정식 \\[ B\\left(y-y_{0}\\right)+C\\left(z-z_{0}\\right)=0 \\] 과 (3.2)은 일치한다. 따라서 우리는 \\( -B / C=f_{y}\\left(x_{0}, y_{0}\\right) \\) 또는 \\( B=-C f_{y}\\left(x_{0}, y_{0}\\right) \\) 를 얻는다. 같은 방법으로 평면 \\( y=y_{0} \\) 의 경우에도 \\( A=-C f_{x}\\left(x_{0}, y_{0}\\right) \\) 를 얻는다. 이것을 식 (3.1)에 대입하면 \\[ -f_{x}\\left(x_{0}, y_{0}\\right)\\left(x-x_{0}\\right)-f_{y}\\left(x_{0}, y_{0}\\right)\\left(y-y_{0}\\right)+\\left(z-z_{0}\\right)=0 \\] 또는 \\[ z-z_{0}=f_{x}\\left(x_{0}, y_{0}\\right)\\left(x-x_{0}\\right)+f_{y}\\left(x_{0}, y_{0}\\right)\\left(y-y_{0}\\right) \\] 가 된다. 이것을 접평면의 방정식(tangent equation)이라고 한다.</p> <p>예제 16 \\( f(x, y)=2 x^{2}+y^{2} \\) 의 \\( (1,1) \\) 에서의 접평면의 방정식을 구하라.</p> <p>풀이 먼저 \\( f_{x}(1,1) \\) 과 \\( f_{y}(1,1) \\) 을 구해보자. \\( f_{x}=4 x, f_{y}=2 y \\) 이므로 \\( f_{x}(1,1)=4 \\), \\( f_{y}(1,1)=2 \\) 가 된다. \\( f(1,1)=3 \\) 이므로 구하고자 하는 접평면의 방정식은 \\[ z-3=4(x-1)+2(y-1) \\quad \\text { 또는 } \\quad z=4 x+2 y-3 \\] 이 된다.</p>",
                "context_length": 2442,
                "clue": [
                    {
                        "clue_text": "함수 \\( z=f(x, y) \\) 의 점 \\( \\left(x_{0}, y_{0}\\right) \\) 에서 주어진 두 접선 \\( \\mathrm{T}_{1} \\) 과 \\( \\mathrm{T}_{2} \\) 를 포함하는 평면을 접평면(tangent plane)이라 한다.",
                        "clue_start": "527",
                        "clue_end": "673"
                    },
                    {
                        "clue_text": "이것을 식 (3.1)에 대입하면 \\[ -f_{x}\\left(x_{0}, y_{0}\\right)\\left(x-x_{0}\\right)-f_{y}\\left(x_{0}, y_{0}\\right)\\left(y-y_{0}\\right)+\\left(z-z_{0}\\right)=0 \\] 또는 \\[ z-z_{0}=f_{x}\\left(x_{0}, y_{0}\\right)\\left(x-x_{0}\\right)+f_{y}\\left(x_{0}, y_{0}\\right)\\left(y-y_{0}\\right) \\] 가 된다.",
                        "clue_start": "1815",
                        "clue_end": "2089"
                    },
                    {
                        "clue_text": "이것을 접평면의 방정식(tangent equation)이라고 한다.",
                        "clue_start": "2090",
                        "clue_end": "2127"
                    },
                    {
                        "clue_text": "우선 \\( P\\left(x_{0}, y_{0}, z_{0}\\right) \\) 를 지나는 평면 \\( \\mathrm{T} \\) 의 방정식은 \\[ A\\left(x-x_{0}\\right)+B\\left(y-y_{0}\\right)+C\\left(z-z_{0}\\right)=0 \\]<caption>(3.1)</caption>이다.",
                        "clue_start": "974",
                        "clue_end": "1150"
                    }
                ],
                "terminology": [
                    {
                        "word": "미분가능"
                    },
                    {
                        "word": "방정식"
                    },
                    {
                        "word": "이변수"
                    },
                    {
                        "word": "이변수 함수"
                    },
                    {
                        "word": "일변수"
                    },
                    {
                        "word": "일변수 함수"
                    },
                    {
                        "word": "접선"
                    },
                    {
                        "word": "접선의 방정식"
                    },
                    {
                        "word": "접평면"
                    },
                    {
                        "word": "접평면의 방정식"
                    },
                    {
                        "word": "함수"
                    }
                ]
            },
            {
                "context_id": "55e-0c9-869a9645-ae8f-420b-bced-e3000306cc4d",
                "context_K-NSCC": {
                    "field": "자연",
                    "large_category": "NA",
                    "medium_category": "02"
                },
                "context": "<h2>2 함수의 연속성</h2> <p>이 절에서는 이변수 함수와 다변수 함수의 극한과 연속성을 알아 보고자 한다.</p> <h3>(1) 이변수 함수의 극한</h3> <h3>이변수 함수의 극한의 정의</h3> <p>주어진 점 \\( \\left(x_{0}, y_{0}\\right) \\) 를 포함하는 영역 \\( R \\) 에서 정의된 함수 \\( f(x, y) \\) 가 있다고 하자. 주어진 임의의 양수 \\( \\varepsilon \\) 에 대하여 \\( \\delta>0 \\) 가 존재하여 \\( R \\) 에 있는 모든 점 \\( (x, y) \\) 가 \\( 0<\\sqrt{\\left(x-x_{0}\\right)^{2}+\\left(y-y_{0}\\right)^{2}}<\\delta \\) 일 때 \\( |f(x, y)-L|<\\varepsilon \\) 을 만족하면,함수 \\( f(x, y) \\) 는 \\( (x, y) \\) 가 \\( \\left(x_{0}, y_{0}\\right) \\) 에 가까이 갈 때 극한값(limit) \\( L \\) 에 가까이 간다라고 하고 \\[ \\lim _{(x, y) \\rightarrow\\left(x_{0}, y_{0}\\right)} f(x, y)=L \\] 일 쓴다. 이변수 함수의 극한의 성질은 일변수 함수의 극한의 성질인 합, 상수 곱, 차, 곱, 몫의 법칙을 따른다. 더우기 우리는 멱의 법칙(power rule)도 성립한다.</p> <p>극한의 멱의 법칙</p> <p>\\[ \\lim _{(x, y) \\rightarrow\\left(x_{0}, y_{0}\\right)} f(x, y)=L \\] 이고, \\( r \\) 과 \\( s \\) 를 공인수가 없는 정수라 하고, 또한 \\( s \\neq 0 \\) 라 하면, \\( L^{r / s}(s \\) 가 짝수이면 \\( L>0) \\) 가 실수이면 \\[ \\lim _{(x, y) \\rightarrow\\left(x_{0}, y_{0}\\right)}(f(x, y))^{r / s}=L^{r / s} \\] 가 된다. 증명은 하지 않기로 한다. 이 정의에서 어려운 점은 경우에 따라서 \\( 0<\\sqrt{\\left(x-x_{0}\\right)^{2}+\\left(y-y_{0}\\right)^{2}}<\\delta \\) 일 때 \\( |f(x, y)-L|<\\varepsilon \\) 을 만족하는 결과를 얻어 내기가 어렵다는 것이다. 여기에 몇 가지 간단한 예제를 살펴보자.</p> <p>예제 4 \\( f(x, y)=x \\) 일 때 \\[ \\lim _{(x, y) \\rightarrow\\left(x_{0}, y_{0}\\right)} f(x, y)=x_{0} \\] 임을 보여라. 풀이 먼저 \\( \\left|f(x, y)-x_{0}\\right|=\\left|x-x_{0}\\right|=\\sqrt{\\left(x-x_{0}\\right)^{2}} \\) 이므로 \\[ 0<\\sqrt{\\left(x-x_{0}\\right)^{2}+\\left(y-y_{0}\\right)^{2}}<\\delta=\\varepsilon \\] 라면 \\( \\left|f(x, y)-x_{0}\\right|=\\sqrt{\\left(x-x_{0}\\right)^{2}} \\leq \\sqrt{\\left(x-x_{0}\\right)^{2}+\\left(y-y_{0}\\right)^{2}}<\\delta=\\varepsilon \\) 이 된다. 따라서 \\[ \\lim _{(x, y) \\rightarrow\\left(x_{0}, y_{0}\\right)} f(x, y)=x_{0} \\] 이다.</p> <p>예제 5 다음 극한값을 계산하라. \\[ \\lim _{(x, y) \\rightarrow(0,0)} \\frac{x^{2}-x y}{\\sqrt{x}-\\sqrt{y}} \\] 풀이 먼저 \\( f(x, y) \\) 의 정의역은 직선 \\( y=x \\) 를 제외한 모든 평면 위의 점이다. 따라서 \\( f(x, y) \\) 의 분모는 0 이 아니다. \\[ \\begin{aligned} \\lim _{(x, y) \\rightarrow(0,0)} \\frac{x^{2}-x y}{\\sqrt{x}-\\sqrt{y}} &=\\lim _{(x, y) \\rightarrow(0,0)} \\frac{\\left(x^{2}-x y\\right)(\\sqrt{x}+\\sqrt{y})}{(\\sqrt{x}-\\sqrt{y})(\\sqrt{x}+\\sqrt{y})} \\\\ &=\\lim _{(x, y) \\rightarrow(0,0)} \\frac{x(x-y)(\\sqrt{x}+\\sqrt{y})}{x-y} \\\\ =& \\lim _{(x, y) \\rightarrow(0,0)} x(\\sqrt{x}+\\sqrt{y}) \\\\ =& 0(\\sqrt{0}+\\sqrt{0})=0 . \\end{aligned} \\] 여기서 세번 째 줄에 멱의 법칙을 사용하였다.</p> <p>예제 6 다음 극한값을 계산하라. \\[ \\lim _{(x, y) \\rightarrow(0,0)} \\frac{4 x y^{2}}{x^{2}+y^{2}} \\] 풀이 \\( y=0 \\) 이나 \\( x=0 \\) 을 따라서 원점에 접근하면 함수는 0 에 가까이 가는 것을 알 수 있다. 따라서 극한값이 0 이 아닐까 추측해 본다. 이것을 정의를 이용하여 증명하여보자. \\[ \\left|\\frac{4 x y^{2}}{x^{2}+y^{2}}-0\\right|<\\varepsilon \\Longleftrightarrow \\frac{4|x| y^{2}}{x^{2}+y^{2}}<\\varepsilon \\] 이고, \\( y^{2} \\leq x^{2}+y^{2} \\) 이기 때문에 \\[ \\frac{4|x| y^{2}}{x^{2}+y^{2}} \\leq 4|x|=4 \\sqrt{x^{2}} \\leq 4 \\sqrt{x^{2}+y^{2}} \\] 이 된다. 따라서 \\( \\delta=\\varepsilon / 4 \\) 라 하면, \\( 0<\\sqrt{x^{2}+y^{2}}<\\delta \\) 일 때 \\[ \\left|\\frac{4 x y^{2}}{x^{2}+y^{2}}-0\\right| \\leq 4 \\sqrt{x^{2}+y^{2}}<4 \\delta=4\\left(\\frac{\\varepsilon}{4}\\right)=\\varepsilon \\] 이 된다. 따라서 \\[ \\lim _{(x, y) \\rightarrow(0,0)} \\frac{4 x y^{2}}{x^{2}+y^{2}}=0 \\] 이다.</p>",
                "context_length": 3075,
                "clue": [
                    {
                        "clue_text": "이변수 함수의 극한의 성질은 일변수 함수의 극한의 성질인 합, 상수 곱, 차, 곱, 몫의 법칙을 따른다.",
                        "clue_start": "596",
                        "clue_end": "654"
                    },
                    {
                        "clue_text": "더우기 우리는 멱의 법칙(power rule)도 성립한다.",
                        "clue_start": "655",
                        "clue_end": "687"
                    },
                    {
                        "clue_text": "극한의 멱의 법칙</p> <p>\\[ \\lim _{(x, y) \\rightarrow\\left(x_{0}, y_{0}\\right)} f(x, y)=L \\] 이고, \\( r \\) 과 \\( s \\) 를 공인수가 없는 정수라 하고, 또한 \\( s \\neq 0 \\) 라 하면, \\( L^{r / s}(s \\) 가 짝수이면 \\( L>0) \\) 가 실수이면 \\[ \\lim _{(x, y) \\rightarrow\\left(x_{0}, y_{0}\\right)}(f(x, y))^{r / s}=L^{r / s} \\] 가 된다.",
                        "clue_start": "695",
                        "clue_end": "977"
                    }
                ],
                "terminology": [
                    {
                        "word": "공인수"
                    },
                    {
                        "word": "극한"
                    },
                    {
                        "word": "극한값"
                    },
                    {
                        "word": "다변수"
                    },
                    {
                        "word": "다변수 함수"
                    },
                    {
                        "word": "멱의 법칙"
                    },
                    {
                        "word": "몫의 법칙"
                    },
                    {
                        "word": "상수 곱"
                    },
                    {
                        "word": "실수"
                    },
                    {
                        "word": "양수"
                    },
                    {
                        "word": "연속성"
                    },
                    {
                        "word": "이변수"
                    },
                    {
                        "word": "이변수 함수"
                    },
                    {
                        "word": "일변수"
                    },
                    {
                        "word": "일변수 함수"
                    },
                    {
                        "word": "정수"
                    },
                    {
                        "word": "정의역"
                    },
                    {
                        "word": "추측해"
                    },
                    {
                        "word": "함수"
                    },
                    {
                        "word": "함수의 극한"
                    },
                    {
                        "word": "함수의 연속성"
                    }
                ]
            },
            {
                "context_id": "55e-0c9-b8fec48a-59a1-44e6-84c2-1767206b3967",
                "context_K-NSCC": {
                    "field": "자연",
                    "large_category": "NA",
                    "medium_category": "02"
                },
                "context": "<h3>고계 편도함수</h3> <p>함수 \\( f(x, y) \\) 의 각 변수에 대한 편도함수 \\( f_{x}(x, y) \\) 와 \\( f_{y}(x, y) \\) 에 대하여 다시 한번 각 변수에 대한 편도함수를 생각할 수 있다. 그 값이 존재하면 우리는 이를 각각 \\( \\left(f_{x}\\right)_{x}=f_{x x}=\\frac{\\partial^{2} f}{\\partial x^{2}}, \\quad\\left(f_{x}\\right)_{y}=f_{x y}=\\frac{\\partial^{2} f}{\\partial y \\partial x} \\), \\( \\left(f_{y}\\right)_{x}=f_{y x}=\\frac{\\partial^{2} f}{\\partial x \\partial y}, \\quad\\left(f_{y}\\right)_{y}=f_{y y}=\\frac{\\partial^{2} f}{\\partial y^{2}} \\) 로 나타낸다. 이들을 이계 편도함수라 부른다. 같은 방법으로 우리는 고계 편도함수를 정의할 수 있으며, 그 기호도 같은 방법을 사용한다.</p> <p>예제 14 \\( f(x, y)=x^{3} y+\\sin \\left(x^{2}+y^{2}\\right) \\) 일 때, \\( f_{x x}, f_{x y}, f_{y x}, f_{y y} \\) 의 값을 구하라.</p> <p>풀이 먼저 \\[ f_{x}(x, y)=\\frac{\\partial f}{\\partial x}=3 x^{2} y+2 x \\cos \\left(x^{2}+y^{2}\\right), \\quad f_{y}(x, y)=\\frac{\\partial f}{\\partial y}=x^{3}+2 y \\cos \\left(x^{2}+y^{2}\\right) \\] 이다. 따라서 \\[ \\begin{aligned} f_{x x} &=\\frac{\\partial^{2} f}{\\partial x^{2}}=6 x y+2 \\cos \\left(x^{2}+y^{2}\\right)-4 x^{2} \\sin \\left(x^{2}+y^{2}\\right) \\\\ f_{x y} &=\\frac{\\partial^{2} f}{\\partial y \\partial x}=3 x^{2}-4 x y \\sin \\left(x^{2}+y^{2}\\right) \\\\ f_{y x} &=\\frac{\\partial^{2} f}{\\partial x \\partial y}=3 x^{2}-4 x y \\sin \\left(x^{2}+y^{2}\\right) \\\\ f_{y y} &=\\frac{\\partial^{2} f}{\\partial y^{2}}=2 \\cos \\left(x^{2}+y^{2}\\right)-4 y^{2} \\sin \\left(x^{2}+y^{2}\\right) \\end{aligned} \\] 가 된다. 이 예제에서 보면 \\( f_{x y}=f_{y x} \\) 가 되는 것을 볼 수 있다. 이러한 사실은 다음 정리에서 확인할 수 있다. 정리 \\( 3.1 \\) (클레로의 정리) (Clairaut's theorem):함수 \\( f(x, y) \\) 가 주어진 점 \\( \\left(x_{0}, y_{0}\\right) \\) 를 포함하는 원판에서 정의되고 \\( f_{x y} \\) 와 \\( f_{y, x} \\) 가 연속이면 \\[ f_{x y}\\left(x_{0}, y_{0}\\right)=f_{y x}\\left(x_{0}, y_{0}\\right) \\] 이다.</p> <p>예제 15 \\( f(x, y, z)=1-2 x z^{2}+\\sin (3 x+y z) \\) 일 때, \\( f_{y x y z} \\) 의 값을 구하라.</p> <p>풀이 \\( f \\) 를 \\( y, x, y, z \\) 의 순서 대로 미분하여 그 값을 얻는다. \\[ \\begin{aligned} f_{y} &=z \\cos (3 x+y z) \\\\ f_{y x} &=-3 z \\sin (3 x+y z) \\\\ f_{y x y} &=-3 z^{2} \\cos (3 x+y z) \\\\ f_{y x y z} &=-6 z \\cos (3 x+y z)+3 z^{2} y \\sin (3 x+y z) \\end{aligned} \\] 가 된다.</p>",
                "context_length": 2014,
                "clue": [
                    {
                        "clue_text": "함수 \\( f(x, y) \\) 의 각 변수에 대한 편도함수 \\( f_{x}(x, y) \\) 와 \\( f_{y}(x, y) \\) 에 대하여 다시 한번 각 변수에 대한 편도함수를 생각할 수 있다.",
                        "clue_start": "20",
                        "clue_end": "127"
                    },
                    {
                        "clue_text": "그 값이 존재하면 우리는 이를 각각 \\( \\left(f_{x}\\right)_{x}=f_{x x}=\\frac{\\partial^{2} f}{\\partial x^{2}}, \\quad\\left(f_{x}\\right)_{y}=f_{x y}=\\frac{\\partial^{2} f}{\\partial y \\partial x} \\), \\( \\left(f_{y}\\right)_{x}=f_{y x}=\\frac{\\partial^{2} f}{\\partial x \\partial y}, \\quad\\left(f_{y}\\right)_{y}=f_{y y}=\\frac{\\partial^{2} f}{\\partial y^{2}} \\) 로 나타낸다.",
                        "clue_start": "128",
                        "clue_end": "470"
                    },
                    {
                        "clue_text": "이들을 이계 편도함수라 부른다.",
                        "clue_start": "471",
                        "clue_end": "488"
                    }
                ],
                "terminology": [
                    {
                        "word": "고계"
                    },
                    {
                        "word": "고계 편도함수"
                    },
                    {
                        "word": "미분"
                    },
                    {
                        "word": "편도함수"
                    },
                    {
                        "word": "함수"
                    }
                ]
            },
            {
                "context_id": "55e-0c9-e45aeb32-5bd3-4144-bacb-bf67be4b74ce",
                "context_K-NSCC": {
                    "field": "자연",
                    "large_category": "NA",
                    "medium_category": "02"
                },
                "context": "<p>예제 22 \\( (s, t)=(f(x, y), g(x, y)), x=u-2 v, y=u+3 v \\) 라 하자. 편미분 행렬 \\( \\partial(s, t) / \\partial(u, v) \\) 를 \\( \\partial(s, t) / \\partial(x, y) \\) 의 항으로 표현하라.</p> <p>풀이 연쇄법칙에 의하여 \\[ \\frac{\\partial(s, t)}{\\partial(u, v)}=\\frac{\\partial(s, t)}{\\partial(x, y)} \\frac{\\partial(x, y)}{\\partial(u, v)} \\] 이다. \\[ \\frac{\\partial(x, y)}{\\partial(u, v)}=\\left(\\begin{array}{cc} 1 & -2 \\\\ 1 & 3 \\end{array}\\right) \\] 이므로 \\[ \\begin{aligned} \\frac{\\partial(s, t)}{\\partial(u, v)} &=\\frac{\\partial(s, t)}{\\partial(x, y)}\\left(\\begin{array}{cc} 1 & -2 \\\\ 1 & 3 \\end{array}\\right)=\\left(\\begin{array}{cc} \\frac{\\partial s}{\\partial x} & \\frac{\\partial s}{\\partial y} \\\\ \\frac{\\partial t}{\\partial x} & \\frac{\\partial t}{\\partial y} \\end{array}\\right)\\left(\\begin{array}{cc} 1 & -2 \\\\ 1 & 3 \\end{array}\\right) \\\\ &=\\left(\\begin{array}{ll} \\frac{\\partial s}{\\partial x} \\frac{\\partial s}{\\partial y} & -2 \\frac{\\partial s}{\\partial x}+3 \\frac{\\partial s}{\\partial y} \\\\ \\frac{\\partial t}{\\partial x} \\frac{\\partial t}{\\partial y} & -2 \\frac{\\partial t}{\\partial x}+3 \\frac{\\partial t}{\\partial y} \\end{array}\\right) \\end{aligned} \\] 가 된다.</p> <h3>음함수 미분법</h3> <p>함수 \\( F(x, y) \\) 가 미분가능하고 방정식 \\( F(x, y)=0 \\) 가 음적으로 \\( y \\) 를 \\( x \\) 의 미분가능한 함수로 정의한다고 하자. 즉, \\( y=h(x) \\). 이제 도함수 \\( \\frac{d y}{d x} \\) 를 구해보자. \\( z=F(x, y)= \\) \\( F(x, h(x))=0 \\) 이므로 \\( \\frac{d z}{d x}=0 \\) 이다. 따라서 \\[ \\begin{aligned} 0 &=\\frac{d z}{d x}=F_{x} \\frac{d x}{d x}+F_{y} \\frac{d y}{d x} \\\\ &=1 \\frac{d x}{d x}+F_{y} \\frac{d y}{d x} . \\end{aligned} \\] 가 된다. \\( F_{y}=\\partial z / \\partial y=\\neq 0 \\) 이면, 우리는 \\[ \\frac{d y}{d x}=-\\frac{F_{x}}{F_{y}} \\] 를 얻는다. 이를 가르켜 음함수 미분법(implicit differentiation)이라 한다.</p> <p>예제 23 \\( x^{3}+y^{3}=6 x y \\) 일 때 \\( y^{\\prime}=\\frac{d y}{d x} \\) 를 구하라.</p> <p>풀이 \\( F(x, y)=x^{3}+y^{3}-6 x y \\) 라 하자. 음함수 미분법에 의하여 \\[ \\begin{aligned} \\frac{d y}{d x} &=-\\frac{F_{x}}{F_{y}}=-\\frac{3 x^{2}-6 y}{3 y^{2}-6 x} \\\\ &=-\\frac{x^{2}-2 y}{y^{2}-2 x} \\end{aligned} \\] 가 된다. 비슷한 방법으로 삼변수 함수 \\( F(x, y, z) \\) 가 미분가능하고 방정식 \\( F(x, y, z)=0 \\) 가 음적으로 \\( z \\) 를 \\( x \\) 와 \\( y \\) 의 미분가능한 함수로 정의한다고 하자. 즉, \\( z=h(x, y) \\). 이제 \\( z \\) 의 편도함수 \\( \\frac{\\partial z}{\\partial x} \\) 와 \\( \\frac{\\partial z}{\\partial y} \\) 는 각각 다음과 같다. \\[ \\frac{\\partial z}{\\partial x}=-\\frac{F_{x}}{F_{z}} \\quad \\frac{\\partial z}{\\partial y}=-\\frac{F_{y}}{F_{z}} \\]</p>",
                "context_length": 2322,
                "clue": [
                    {
                        "clue_text": "함수 \\( F(x, y) \\) 가 미분가능하고 방정식 \\( F(x, y)=0 \\) 가 음적으로 \\( y \\) 를 \\( x \\) 의 미분가능한 함수로 정의한다고 하자.",
                        "clue_start": "1148",
                        "clue_end": "1240"
                    },
                    {
                        "clue_text": "이제 도함수 \\( \\frac{d y}{d x} \\) 를 구해보자.",
                        "clue_start": "1258",
                        "clue_end": "1294"
                    },
                    {
                        "clue_text": "따라서 \\[ \\begin{aligned} 0 &=\\frac{d z}{d x}=F_{x} \\frac{d x}{d x}+F_{y} \\frac{d y}{d x} \\\\ &=1 \\frac{d x}{d x}+F_{y} \\frac{d y}{d x} . \\end{aligned} \\] 가 된다.",
                        "clue_start": "1363",
                        "clue_end": "1519"
                    },
                    {
                        "clue_text": "\\( F_{y}=\\partial z / \\partial y=\\neq 0 \\) 이면, 우리는 \\[ \\frac{d y}{d x}=-\\frac{F_{x}}{F_{y}} \\] 를 얻는다.",
                        "clue_start": "1520",
                        "clue_end": "1620"
                    },
                    {
                        "clue_text": "이를 가르켜 음함수 미분법(implicit differentiation)이라 한다.",
                        "clue_start": "1621",
                        "clue_end": "1667"
                    }
                ],
                "terminology": [
                    {
                        "word": "도함수"
                    },
                    {
                        "word": "미분가능"
                    },
                    {
                        "word": "미분가능한 함수"
                    },
                    {
                        "word": "미분법"
                    },
                    {
                        "word": "방정식"
                    },
                    {
                        "word": "삼변수"
                    },
                    {
                        "word": "삼변수 함수"
                    },
                    {
                        "word": "연쇄법칙"
                    },
                    {
                        "word": "음함수"
                    },
                    {
                        "word": "음함수 미분법"
                    },
                    {
                        "word": "편도함수"
                    },
                    {
                        "word": "편미분"
                    },
                    {
                        "word": "편미분 행렬"
                    },
                    {
                        "word": "풀이 연쇄법칙"
                    },
                    {
                        "word": "함수"
                    },
                    {
                        "word": "행렬"
                    }
                ]
            },
            {
                "context_id": "55e-0c9-merge_2_772a8b07-8135277a-e125-4e2e-97fb-2eca7843d0b5_11",
                "context_K-NSCC": {
                    "field": "자연",
                    "large_category": "NA",
                    "medium_category": "02"
                },
                "context": "<p>예제 \\( 19 \\quad z = f(x, y)=x ^ { 2 } y + x y \\) 이고 \\( x= \\cos t \\) 와 \\( y= \\sin 2 t \\) 로 주어졌을 때, \\( \\frac { d z } { d t } \\) 를 구하라.</p> <p>풀이 연쇄법칙을 이용하자. \\[ \\begin {aligned} \\frac { d z } { d t } &= \\frac {\\partial f } {\\partial x } \\frac { d x } { d t } + \\frac {\\partial f } {\\partial y } \\frac { d y } { d t } \\\\ &=(2 x y + y)(- \\sin t) + \\left (x ^ { 2 } + x \\right )(2 \\cos 2 t) \\\\ &=(2 \\cos t \\sin 2 t + \\sin 2 t)(- \\sin t) + \\left ( \\cos ^ { 2 } t + \\cos t \\right )(2 \\cos 2 t) \\\\ &=- \\sin 2 t \\sin t(1 + 2 \\cos t) + 2 \\cos 2 t \\cos t(1 + \\cos t) \\end {aligned} \\]<caption>(3.3)</caption>가 된다. 또 다른 방법으로 직접 \\( x= \\cos t \\) 와 \\( y= \\sin 2 t \\) 를 \\( z=f(x, y)=x ^ { 2 } y + x y \\) 에 대입하여 \\( t \\) 에 대입하면 \\[ z=x ^ { 2 } y + x y= \\cos ^ { 2 } t \\sin 2 t + \\cos t \\sin 2 t \\] 가 된다 합의 법칙을 이용하여 도함수를 구하면 \\[ \\begin {aligned} \\frac { d z } { d t } &=2 \\cos t(- \\sin t) \\sin 2 t + \\cos ^ { 2 } t(2 \\cos 2 t) + (- \\sin t) \\sin 2 t + \\cos t(2 \\cos 2 t) \\\\ &=- \\sin 2 t \\sin t(1 + 2 \\cos t) + 2 \\cos 2 t \\cos t(1 + \\cos t) \\end {aligned} \\] 가 된다. 따라서 두 값은 같음을 볼 수 있다.</p>",
                "context_length": 1067,
                "clue": [
                    {
                        "clue_text": "예제 \\( 19 \\quad z = f(x, y)=x ^ { 2 } y + x y \\) 이고 \\( x= \\cos t \\) 와 \\( y= \\sin 2 t \\) 로 주어졌을 때, \\( \\frac { d z } { d t } \\) 를 구하라.",
                        "clue_start": "3",
                        "clue_end": "134"
                    },
                    {
                        "clue_text": "풀이 연쇄법칙을 이용하자.",
                        "clue_start": "142",
                        "clue_end": "156"
                    },
                    {
                        "clue_text": "또 다른 방법으로 직접 \\( x= \\cos t \\) 와 \\( y= \\sin 2 t \\) 를 \\( z=f(x, y)=x ^ { 2 } y + x y \\) 에 대입하여 \\( t \\) 에 대입하면 \\[ z=x ^ { 2 } y + x y= \\cos ^ { 2 } t \\sin 2 t + \\cos t \\sin 2 t \\] 가 된다 합의 법칙을 이용하여 도함수를 구하면 \\[ \\begin {aligned} \\frac { d z } { d t } &=2 \\cos t(- \\sin t) \\sin 2 t + \\cos ^ { 2 } t(2 \\cos 2 t) + (- \\sin t) \\sin 2 t + \\cos t(2 \\cos 2 t) \\\\ &=- \\sin 2 t \\sin t(1 + 2 \\cos t) + 2 \\cos 2 t \\cos t(1 + \\cos t) \\end {aligned} \\] 가 된다.",
                        "clue_start": "604",
                        "clue_end": "1042"
                    },
                    {
                        "clue_text": "따라서 두 값은 같음을 볼 수 있다.",
                        "clue_start": "1043",
                        "clue_end": "1063"
                    }
                ],
                "terminology": [
                    {
                        "word": "도함수"
                    },
                    {
                        "word": "연쇄법칙"
                    },
                    {
                        "word": "합의 법칙"
                    }
                ]
            },
            {
                "context_id": "55e-0c9-3706f86e-c69c-463a-852f-8d6972308bb8",
                "context_K-NSCC": {
                    "field": "자연",
                    "large_category": "NA",
                    "medium_category": "02"
                },
                "context": "<h2>5 연쇄법칙</h2> <p>이 절에서는 다변수 함수들의 다양한 형태의 합성함수에 대한 연쇄법칙을 소개하고자 한다.</p> <p>\\( x \\) 에 대하여 미분가능한 일변수 함수 \\( w=f(x) \\) 와 \\( t \\) 에 대하여 미분가능한 일변수 함수 \\( x=g(t) \\) 의 합성함수 \\( w=f\\left(g(t)\\right. \\) 는 미분가능하고 도함수 \\( \\frac{d w}{d t} \\) 는 \\[ \\frac{d w}{d t}=\\frac{d w}{d x} \\frac{d x}{d t}=f^{\\prime}(g(t)) g^{\\prime}(t) \\] 가 된다. 이것을 연쇄법칙이라 한다. 이것을 다변수 함수로 확장시켜보자.</p> <h3>경우 Ⅰ</h3> <p>미분가능한 함수 \\( x=x(t) \\) 와 \\( y=y(t) \\) 에 대하여 미분가능한 함수 \\( z=f(x, y) \\) 의 연쇄법칙(chain rule)을 알아 보자.</p> <p>정리 3.4 함수 \\( z=f(x, y) \\) 가 연속인 편도함수 \\( f_{x} \\) 와 \\( f_{y} \\) 를 갖고, \\( x=x(t) \\) 와 \\( y= \\) \\( y(t) \\) 가 \\( t \\) 에 관하여 미분가능하다고 하면, 합성함수 \\( z=f(x(t), y(t)) \\) 는 \\( t \\) 에 관하여 미분가능하고 \\[ \\frac{d f}{d t}=f_{x}(x(t), y(t)) x^{\\prime}(t)+f_{y}(x(t), y(t)) y^{\\prime}(t) \\] 또는 \\[ \\frac{d z}{d t}=\\frac{\\partial f}{\\partial x} \\frac{d x}{d t}+\\frac{\\partial f}{\\partial y} \\frac{d y}{d t} \\] 가 된다.</p> <p>증명 \\( \\quad z=f(x, y)=f(x(t), y(t)) \\equiv F(t) \\) 라고 하자. 구하고자 하는 것은 \\( \\frac{d w}{d t}=\\frac{d F}{d t} \\) 이다. 도함수의 정의를 이용하면 \\( \\frac{d F}{d t}=\\lim _{\\Delta t \\rightarrow 0} \\frac{\\Delta F}{\\Delta t} \\) 를 구하면 된다. \\[ \\frac{\\Delta F}{\\Delta t}=\\frac{f(x(t+\\Delta t), y(t+\\Delta t))-f(x(t), y(t))}{\\Delta t}=\\frac{\\Delta z}{\\Delta t} \\] 가 된다. \\( z=f(x, y) \\) 가 미분가능함으로 \\[ \\triangle z=f_{x}(x, y) \\triangle x+f_{y}(x, y) \\triangle y+\\varepsilon_{1} \\triangle x+\\varepsilon_{2} \\triangle y \\] 된다. 여기서 \\( (\\triangle x, \\triangle y) \\rightarrow(0,0) \\) 일 때 \\( \\varepsilon_{1} \\rightarrow 0 \\) 이고 \\( \\varepsilon_{2} \\rightarrow 0 \\) 이다. 양변을 \\( \\triangle t \\) 로 나누면 \\[ \\frac{\\Delta z}{\\Delta t}=f_{x}(x, y) \\frac{\\Delta x}{\\Delta t}+f_{y}(x, y) \\frac{\\Delta y}{\\Delta t}+\\varepsilon_{1} \\frac{\\Delta x}{\\Delta t}+\\varepsilon_{2} \\frac{\\Delta y}{\\Delta t} \\] 가 된다. \\[ \\triangle x=x(t+\\triangle t)-x(t) \\text { 이고 } \\triangle y=y(t+\\Delta t)-y(t) \\] 이며, 또한 \\( x=x(t) \\) 와 \\( y=y(t) \\) 가 \\( t \\) 에 대하여 미분가능하기 때문에 \\( \\triangle t \\rightarrow 0 \\) 일 때 \\( \\triangle x \\) 와 \\( \\triangle y \\) 는 0 에 수렴한다. 따라서 \\( \\triangle t \\rightarrow 0 \\) 일 때 \\( \\varepsilon_{1} \\rightarrow 0 \\) 이고 \\( \\varepsilon_{2} \\rightarrow 0 \\) 이다. 결과적으로 \\( \\Delta t \\rightarrow 0 \\) 일 때 \\[ \\frac{d z}{d t}=\\lim _{\\Delta t \\rightarrow 0} \\frac{\\Delta z}{\\Delta t}=\\frac{\\partial f}{\\partial x} \\frac{d x}{d t}+\\frac{\\partial f}{\\partial y} \\frac{d y}{d t} \\] 가 된다.</p>",
                "context_length": 2301,
                "clue": [
                    {
                        "clue_text": "\\( x \\) 에 대하여 미분가능한 일변수 함수 \\( w=f(x) \\) 와 \\( t \\) 에 대하여 미분가능한 일변수 함수 \\( x=g(t) \\) 의 합성함수 \\( w=f\\left(g(t)\\right. \\) 는 미분가능하고 도함수 \\( \\frac{d w}{d t} \\) 는 \\[ \\frac{d w}{d t}=\\frac{d w}{d x} \\frac{d x}{d t}=f^{\\prime}(g(t)) g^{\\prime}(t) \\] 가 된다.",
                        "clue_start": "75",
                        "clue_end": "318"
                    },
                    {
                        "clue_text": "이것을 연쇄법칙이라 한다.",
                        "clue_start": "319",
                        "clue_end": "333"
                    }
                ],
                "terminology": [
                    {
                        "word": "다변수"
                    },
                    {
                        "word": "다변수 함수"
                    },
                    {
                        "word": "도함수"
                    },
                    {
                        "word": "도함수의 정의"
                    },
                    {
                        "word": "미분가능"
                    },
                    {
                        "word": "미분가능한 함수"
                    },
                    {
                        "word": "수렴"
                    },
                    {
                        "word": "연쇄법칙"
                    },
                    {
                        "word": "일변수"
                    },
                    {
                        "word": "일변수 함수"
                    },
                    {
                        "word": "편도함수"
                    },
                    {
                        "word": "함수"
                    },
                    {
                        "word": "합성함수"
                    }
                ]
            },
            {
                "context_id": "55e-0c9-4a8c6958-221b-4acd-aafc-168e40f3d596",
                "context_K-NSCC": {
                    "field": "자연",
                    "large_category": "NA",
                    "medium_category": "02"
                },
                "context": "<p>예제 \\( 10 f(x, y)=x^{3}+3 x y-y+1 \\) 일 때, \\( f_{x}(2,1) \\) 과 \\( f_{y}(2,1) \\) 의 값을 구하라. 풀이 위에서 설명하였듯이 \\( x \\) 에 관한 편도함수는 \\( y \\) 를 상수로 생각하고 \\( x \\) 에 관하여 미분하면 된다. \\[ \\frac{\\partial f}{\\partial x}=\\frac{\\partial}{\\partial x}\\left(x^{3}+3 x y-y+1\\right)=3 x^{2}+3 y \\] 따라서 \\( f_{x}(2,1)=3(2)^{2}+3(1)=15 \\) 가 된다. 같은 방법으로 \\[ \\frac{\\partial f}{\\partial y}=\\frac{\\partial}{\\partial y}\\left(x^{3}+3 x y-y+1\\right)=3 x-1 \\] 따라서 \\( f_{y}(2,1)=3(2)-1=5 \\) 가 된다.</p> <p>예제 11 \\( z=2 x y^{2}+3 x^{3} y^{2}+e^{x^{2} y} \\) 일 때, \\( \\frac{\\partial z}{\\partial x} \\) 와 \\( \\frac{\\partial z}{\\partial y} \\) 의 값을 구하라. 풀이 위 예제와 같은 방법으로 \\[ \\frac{\\partial z}{\\partial x}=\\frac{\\partial}{\\partial x}\\left(2 x y^{2}+3 x^{3} y^{2}+e^{x^{2} y}\\right)=2 y^{2}+9 x^{2} y^{2}+2 x y e^{x^{2} y} \\] 가 된다. 또한 \\[ \\frac{\\partial z}{\\partial y}=\\frac{\\partial}{\\partial y}\\left(2 x y^{2}+3 x^{3} y^{2}+e^{x^{2} y}\\right)=4 x y+6 x^{3} y+x^{2} e^{x^{2} y} \\] 이다.</p> <p>예제 12 \\( z=x y^{2} \\sin \\left(x^{2}+y^{2}\\right) \\) 일 때, \\( \\frac{\\partial z}{\\partial x} \\) 의 값을 구하라.</p> <p>풀이 위 예제와 같은 방법으로 \\[ \\begin{aligned} \\frac{\\partial z}{\\partial x} &=\\frac{\\partial}{\\partial x}\\left(x^{2} y \\sin \\left(x^{2}+y^{2}\\right)\\right) \\\\ &=2 x y \\sin \\left(x^{2}+y^{2}\\right)+x^{2} y(2 x) \\cos \\left(x^{2}+y^{2}\\right) \\\\ &=2 x y\\left[\\sin \\left(x^{2}+y^{2}\\right)+x^{2} \\cos \\left(x^{2}+y^{2}\\right)\\right] \\end{aligned} \\] 이 된다.</p> <p>예제 13 (음함수 미분) 방정식 \\( x^{3}+y^{3}+z^{3}+6 x y z=1 \\) 이 \\( z \\) 를 \\( x \\) 와 \\( y \\) 의 함수로 정의될 때, \\( \\frac{\\partial z}{\\partial x} \\) 의 값을 구하라. 풀이 일변수 함수의 음함수 미분법과 같은 방법으로 다음을 얻는다. \\[ \\begin{aligned} 3 x^{2}+3 z^{2} \\frac{\\partial z}{\\partial x}+6 y z+6 x y \\frac{\\partial z}{\\partial x} &=\\frac{\\partial z}{\\partial x}\\left(3 z^{2}+6 x y\\right)+\\left(3 x^{2}+6 y z\\right) \\\\ &=0 \\end{aligned} \\] 따라서 \\[ \\frac{\\partial z}{\\partial x}=-\\frac{x^{2}+2 y z}{z^{2}+2 x y} \\] 이 된다. 다변수 함수의 각 독립변수에 관한 편도함수도 비슷한 방법으로 정의된다. 삼변수 함수 \\( f(x, y, z) \\) 의 경우에 \\( f_{x}(x, y, z), f_{y}(x, y, z), f_{z}(x, y, z) \\) 등이 정의된다. 예를 들어, \\( f(x, y, z)=e^{x y} \\ln z \\) 의 \\( f_{x}(x, y, z), \\quad f_{y}(x, y, z), \\quad f_{z}(x, y, z) \\) 는 각각 \\( y e^{x y} \\ln z, x e^{x y} \\ln z \\), \\( e^{x y} / z \\) 가 된다.</p>",
                "context_length": 2178,
                "clue": [
                    {
                        "clue_text": "예제 \\( 10 f(x, y)=x^{3}+3 x y-y+1 \\) 일 때, \\( f_{x}(2,1) \\) 과 \\( f_{y}(2,1) \\) 의 값을 구하라.",
                        "clue_start": "3",
                        "clue_end": "89"
                    },
                    {
                        "clue_text": "풀이 위에서 설명하였듯이 \\( x \\) 에 관한 편도함수는 \\( y \\) 를 상수로 생각하고 \\( x \\) 에 관하여 미분하면 된다.",
                        "clue_start": "90",
                        "clue_end": "164"
                    },
                    {
                        "clue_text": "예제 11 \\( z=2 x y^{2}+3 x^{3} y^{2}+e^{x^{2} y} \\) 일 때, \\( \\frac{\\partial z}{\\partial x} \\) 와 \\( \\frac{\\partial z}{\\partial y} \\) 의 값을 구하라.",
                        "clue_start": "462",
                        "clue_end": "600"
                    },
                    {
                        "clue_text": "예제 12 \\( z=x y^{2} \\sin \\left(x^{2}+y^{2}\\right) \\) 일 때, \\( \\frac{\\partial z}{\\partial x} \\) 의 값을 구하라.",
                        "clue_start": "936",
                        "clue_end": "1038"
                    }
                ],
                "terminology": [
                    {
                        "word": "다변수"
                    },
                    {
                        "word": "다변수 함수"
                    },
                    {
                        "word": "독립변수"
                    },
                    {
                        "word": "방정식"
                    },
                    {
                        "word": "삼변수"
                    },
                    {
                        "word": "삼변수 함수"
                    },
                    {
                        "word": "음함수"
                    },
                    {
                        "word": "일변수"
                    },
                    {
                        "word": "일변수 함수"
                    },
                    {
                        "word": "편도함수"
                    },
                    {
                        "word": "함수"
                    }
                ]
            },
            {
                "context_id": "55e-0c9-4471e2f4-dd69-4c60-9b9d-18025a5e2582",
                "context_K-NSCC": {
                    "field": "자연",
                    "large_category": "NA",
                    "medium_category": "02"
                },
                "context": "<h3>(2) 이변수 함수의 연속</h3> <h3>이변수 함수의 연속의 정의</h3> <p>이변수 함수 \\( f(x, y) \\) 가 다음의 세 가지를 만족하면 점 \\( \\left(x_{0}, y_{0}\\right) \\) 에서 연속(continuous)이라 한다.</p> <ol type=1 start=1><li>\\( f(x, y) \\) 는 \\( \\left(x_{0}, y_{0}\\right) \\) 에서 정의된다.</li> <li>\\( \\lim _{(x, y) \\rightarrow\\left(x_{0}, y_{0}\\right)} f(x, y) \\) 는 존재 한다.</li> <li>\\( \\lim _{(x, y) \\rightarrow\\left(x_{0}, y_{0}\\right)} f(x, y)=f\\left(x_{0}, y_{0}\\right) \\) 이다.</li></ol> <p>함수가 연속이 아니면 불연속(discontinuous)이라 한다. 또한 함수의 정의역에 있는 모든 점에서 연속이면 함수는 연속이라고 한다.</p> <p>예제 7 다음 극한이 존재하지 않음을 보여라. \\[ \\lim _{(x, y) \\rightarrow(0,0)} \\frac{x^{2}-y^{2}}{x^{2}+y^{2}} \\] 풀이 점 \\( (x, y) \\) 가 \\( x=0 \\) 을 따라서 원점에 접근한다면 \\[ \\lim _{(x, y) \\rightarrow(0,0)} \\frac{x^{2}-y^{2}}{x^{2}+y^{2}}=\\lim _{y \\rightarrow 0} \\frac{-y^{2}}{y^{2}}=-1 \\] 이 되고, \\( y=0 \\) 을 따라서 원점에 접근하게 되면 \\[ \\lim _{(x, y) \\rightarrow(0,0)} \\frac{x^{2}-y^{2}}{x^{2}+y^{2}}=\\lim _{x \\rightarrow 0} \\frac{x^{2}}{x^{2}}=1 \\] 이 된다. 이 두 값이 다르므로 극한값이 존재하지 않는다.</p> <p>예제 8 (한 점에서 불연속) 다음 함수는 \\( (0,0) \\) 에서 극한값이 존재하지 않음을 보여라. 따라서 \\( (0,0) \\) 에서 연속이 아니다. \\[ f(x, y)=\\left\\{\\begin{array}{ll} \\frac{2 x y}{x^{2}+y^{2}}, & (x, y) \\neq(0,0) \\\\ 0, & (x, y)=(0,0) \\end{array}\\right. \\] 풀이 위의 예제와 비슷하게 \\( (x, y) \\) 가 직선 \\( y=m x \\) 를 따라서 \\( (0,0) \\) 에 접근하게 되면 \\[ \\left.\\lim _{(x, y) \\rightarrow(0,0)} f(x, y)\\right|_{y=m x}=\\left.\\lim _{x \\rightarrow 0} \\frac{2 x y}{x^{2}+y^{2}}\\right|_{y=m x}=\\lim _{x \\rightarrow 0} \\frac{2 x(m x)}{x^{2}+(m x)^{2}}=\\frac{2 m}{1+m^{2}} \\] 가 된다. 따라서 다른 \\( m \\) 의 값에 따라 극한값이 다르게 나타나기 때문에 이 함수는 \\( (0,0) \\) 에서 극한값이 존재하지 않는다.</p> <p>예제 9 (다른 두 곡선) 다음 극한값이 존재하지 않음을 보여라. \\[ \\lim _{(x, y) \\rightarrow(0,0)} \\frac{x y^{2}}{x^{2}+y^{4}} \\] 풀이 먼저 점 \\( (x, y) \\) 가 \\( x=0 \\) 을 따라서 원 점에 접근한다면 \\[ \\lim _{(x, y) \\rightarrow(0,0)} \\frac{x y^{2}}{x^{2}+y^{4}}=0 \\] 이고, 곡선 \\( x=y^{2} \\) 를 따라서 \\( (0,0) \\) 에 접근하게 되면 \\[ \\left.\\lim _{(x, y) \\rightarrow(0,0)} \\frac{x y^{2}}{x^{2}+y^{4}}\\right|_{x=y^{2}}=\\lim _{y \\rightarrow 0} \\frac{y^{2} y^{2}}{\\left(y^{2}\\right)^{2}+y^{4}}=\\lim _{y \\rightarrow 0} \\frac{y^{4}}{2 y^{4}}=\\frac{1}{2} \\] 가 된다. 따라서 두 개의 극한값이 다르게 나타나기 때문에 이 함수는 \\( (0,0) \\) 에서 극한값이 존재하지 않는다.</p> <p>일변수 함수에서와 같이 연속인 이변수 함수들의 합성함수 함수도 연속이며, 삼변수 이상의 연속함수인 경우에도 연속함수의 성질을 만족한다. 또한 닫힌 영역을 정의역으로 하는 연속인 함수는 그 정의역 안에서 최대값과 최소값을 갖는다.</p>",
                "context_length": 2255,
                "clue": [
                    {
                        "clue_text": "이변수 함수 \\( f(x, y) \\) 가 다음의 세 가지를 만족하면 점 \\( \\left(x_{0}, y_{0}\\right) \\) 에서 연속(continuous)이라 한다.",
                        "clue_start": "51",
                        "clue_end": "146"
                    },
                    {
                        "clue_text": "\\( f(x, y) \\) 는 \\( \\left(x_{0}, y_{0}\\right) \\) 에서 정의된다.",
                        "clue_start": "174",
                        "clue_end": "230"
                    },
                    {
                        "clue_text": "\\( \\lim _{(x, y) \\rightarrow\\left(x_{0}, y_{0}\\right)} f(x, y) \\) 는 존재 한다.",
                        "clue_start": "240",
                        "clue_end": "314"
                    },
                    {
                        "clue_text": "\\( \\lim _{(x, y) \\rightarrow\\left(x_{0}, y_{0}\\right)} f(x, y)=f\\left(x_{0}, y_{0}\\right) \\) 이다.",
                        "clue_start": "324",
                        "clue_end": "420"
                    },
                    {
                        "clue_text": "또한 함수의 정의역에 있는 모든 점에서 연속이면 함수는 연속이라고 한다.",
                        "clue_start": "471",
                        "clue_end": "511"
                    }
                ],
                "terminology": [
                    {
                        "word": "극한"
                    },
                    {
                        "word": "극한값"
                    },
                    {
                        "word": "불연속"
                    },
                    {
                        "word": "불연속(discontinuous)"
                    },
                    {
                        "word": "삼변수"
                    },
                    {
                        "word": "연속"
                    },
                    {
                        "word": "연속(continuous)"
                    },
                    {
                        "word": "연속함수"
                    },
                    {
                        "word": "이변수"
                    },
                    {
                        "word": "이변수 함수"
                    },
                    {
                        "word": "일변수"
                    },
                    {
                        "word": "일변수 함수"
                    },
                    {
                        "word": "정의역"
                    },
                    {
                        "word": "최대값"
                    },
                    {
                        "word": "최소값"
                    },
                    {
                        "word": "함수"
                    },
                    {
                        "word": "합성함수"
                    }
                ]
            },
            {
                "context_id": "55e-0c9-a4d43f65-802c-42c9-90ae-8af743fddfbe",
                "context_K-NSCC": {
                    "field": "자연",
                    "large_category": "NA",
                    "medium_category": "02"
                },
                "context": "<h1>편도함수</h1> <p>이 장에서는 다변수 함수의 연속과 편도함수를 다루고 다변수 함수의 연쇄법칙을 다루고자 한다.</p> <h2>1 다변수 함수</h2> <p>우리가 일상 생활에서 보는 지도에서 산의 모양을 나타내는데 등고선을 이용하여 나타내기도 하며, 날씨를 다루는데도 공기의 압력을 나타내는 등압선이나 온도를 표시하는 등온선 등을 가지고 다루기도 한다. 이와 같은 경우 각 곡선은 평면위의 위치 즉, 점 \\( (x, y) \\) 에 의존하게 된다. 실제로 우리는 두 개 이상의 변수에 의하여 의존하는 값을 다룰 때가 있는데 이를 다루기 위해서 우리는 다변수 함수를 정의하고 이 함수를 이해해야만 한다.</p> <h3>다변수 함수의 정의</h3> <p>\\( D \\) 를 \\( \\mathbb{R}^{n} \\) 의 부분집합이라 하자. 즉, \\[ D \\subseteq \\mathbb{R}^{n}=\\left\\{\\left(x_{1}, x_{2}, \\cdots, x_{n}\\right) \\mid x_{i} \\in \\mathbb{R}, \\quad 1 \\leq i \\leq n\\right\\} . \\] \\( D \\) 위에서 정의된 실수값 함수 \\( f \\) 는 모든 \\( D \\) 의 원소에 유일한 실수 \\[ w=f\\left(x_{1}, x_{2}, \\cdots, x_{n}\\right) \\] 을 대응하는 관계를 말한다. 이 때 집합 \\( D \\) 를 함수 \\( f \\) 의 정의역(domain)이라 한다. \\( f \\) 에 의하여 대응하는 값 \\( w \\) 들의 집합을 치역(range)이라 한다. 또한 이 함수 \\( f \\) 를 \\( n \\) 변수 함수라 하고, 일반적으로 다변수 함수(functions of several variables)라고 한다.</p> <p>주어진 다변수 함수가 수식으로 되어 있는 경우에는 그 함수의 정의역은 그 수식이 성립하는 모든 점들의 집합을 뜻한다. 예를 들어, 함수 \\( f(x, y)=\\sqrt{x-y^{2}} \\) 의 경우 정의역은 \\( \\left\\{(x, y) \\mid x-y^{2} \\geq 0\\right\\} \\) 가 되고 치역은 구간 \\( [0, \\infty) \\) 가 된다.</p> <p>예제 1 함수 \\( f(x, y)=x /\\left(x^{2}+y^{2}\\right) \\) 의 정의역을 구하고, \\( f(1,0) \\) 과 \\( f(1,1) \\) 의 값을 구하라. 풀이 정의역은 \\( x^{2}+y^{2} \\neq 0 \\) 가 되는 모든 점들의 집합이다. 즉, 정의역은 \\[ \\left\\{(x, y) \\mid(x, y) \\neq(0,0),(x, y) \\in \\mathbb{R}^{2}\\right\\} \\] 이다. 또한 \\[ f(1,0)=\\frac{1}{1^{2}+0^{2}}=1 \\quad \\text { 이고 } \\quad f(1,1)=\\frac{1}{1^{2}+1^{2}}=\\frac{1}{2} \\] 가 된다.</p> <h3>내부점, 외부점, 경계점, 열린 집합, 닫힌집합의 정의</h3> <p>먼저 평면 위의 한 부분집합을 \\( R \\) 이라 하자. 점 \\( \\left(x_{0}, y_{0}\\right) \\in R \\) 에 대하여 이 점을 중심으로 하고 양의 반지름을 갖는 원판(disk)이 완전히 \\( R \\) 안에 놓이게 될 때 이 점을 \\( R \\) 의 내부점(interior point)이라 한다. 여기서 반지름이 \\( r \\) 인 원판은 \\[ \\left\\{(x, y) \\in \\mathbb{R}^{2} \\mid \\sqrt{x^{2}+y^{2}} \\leq r\\right\\} \\] 로 정의된다. 또한 점이 \\( R \\) 의 여집합의 대하여 내부점일 때, 그 점을 외부점(exterior point)이라 한다. 내부점이나 외부점이 아닌 점을 \\( R \\) 의 경계점(boundary point)라 한다. 따라서 경계점을 중심으로 하는 어떠한 원판도 \\( R \\) 안에 속하는 점과 \\( R \\) 의 밖에 속하는 점을 반드시 포함한다.</p> <p>\\( R \\) 의 내부점들의 집합을 \\( R \\) 의 내부(interior), 외부점들의 집합을 \\( R \\) 의 외부(exterior), 경계점들의 집합을 \\( R \\) 의 경계(boundary)라 한다. \\( R \\) 의 모든 점들이 자신의 내부점일 때, \\( R \\) 을 열린집합(open set) 또는 열려있다(open)고 하고, \\( R \\) 의 여집합이 열린 집합일 때 \\( R \\) 을 닫힌집합(closed set) 또는 닫혔다(closed)고 한다. 한 열린 집합을 포함하는 집합을 영역(region)이라고 한다.</p>",
                "context_length": 2258,
                "clue": [
                    {
                        "clue_text": "우리는 두 개 이상의 변수에 의하여 의존하는 값을 다룰 때가 있는데 이를 다루기 위해서 우리는 다변수 함수를 정의하고 이 함수를 이해해야만 한다.",
                        "clue_start": "261",
                        "clue_end": "342"
                    },
                    {
                        "clue_text": "주어진 다변수 함수가 수식으로 되어 있는 경우에는 그 함수의 정의역은 그 수식이 성립하는 모든 점들의 집합을 뜻한다.",
                        "clue_start": "875",
                        "clue_end": "940"
                    },
                    {
                        "clue_text": "\\( R \\) 의 내부점들의 집합을 \\( R \\) 의 내부(interior), 외부점들의 집합을 \\( R \\) 의 외부(exterior), 경계점들의 집합을 \\( R \\) 의 경계(boundary)라 한다.",
                        "clue_start": "1959",
                        "clue_end": "2074"
                    },
                    {
                        "clue_text": "\\( R \\) 의 모든 점들이 자신의 내부점일 때, \\( R \\) 을 열린집합(open set) 또는 열려있다(open)고 하고, \\( R \\) 의 여집합이 열린 집합일 때 \\( R \\) 을 닫힌집합(closed set) 또는 닫혔다(closed)고 한다.",
                        "clue_start": "2075",
                        "clue_end": "2218"
                    },
                    {
                        "clue_text": "한 열린 집합을 포함하는 집합을 영역(region)이라고 한다.",
                        "clue_start": "2219",
                        "clue_end": "2254"
                    }
                ],
                "terminology": [
                    {
                        "word": "exterior"
                    },
                    {
                        "word": "interior"
                    },
                    {
                        "word": "경계(boundary)"
                    },
                    {
                        "word": "경계점"
                    },
                    {
                        "word": "경계점(boundary point)"
                    },
                    {
                        "word": "내부점"
                    },
                    {
                        "word": "내부점(interior point)"
                    },
                    {
                        "word": "다변수"
                    },
                    {
                        "word": "다변수 함수"
                    },
                    {
                        "word": "닫혔다(closed)"
                    },
                    {
                        "word": "닫힌집합"
                    },
                    {
                        "word": "대응"
                    },
                    {
                        "word": "등고선"
                    },
                    {
                        "word": "등압선"
                    },
                    {
                        "word": "등온선"
                    },
                    {
                        "word": "반지름"
                    },
                    {
                        "word": "변수"
                    },
                    {
                        "word": "부분집합"
                    },
                    {
                        "word": "실수"
                    },
                    {
                        "word": "여집합"
                    },
                    {
                        "word": "연속"
                    },
                    {
                        "word": "연쇄법칙"
                    },
                    {
                        "word": "열려있다(open)"
                    },
                    {
                        "word": "열린 집합"
                    },
                    {
                        "word": "열린집합"
                    },
                    {
                        "word": "열린집합(open set)"
                    },
                    {
                        "word": "영역(region)"
                    },
                    {
                        "word": "외부점"
                    },
                    {
                        "word": "외부점(exterior point)"
                    },
                    {
                        "word": "원소"
                    },
                    {
                        "word": "원판(disk)"
                    },
                    {
                        "word": "정의역"
                    },
                    {
                        "word": "정의역(domain)"
                    },
                    {
                        "word": "집합"
                    },
                    {
                        "word": "치역"
                    },
                    {
                        "word": "치역(range)"
                    },
                    {
                        "word": "편도함수"
                    },
                    {
                        "word": "함수"
                    }
                ]
            },
            {
                "context_id": "55e-0c9-09d8722f-9b6c-465e-bdf1-71d8306b2ef5",
                "context_K-NSCC": {
                    "field": "자연",
                    "large_category": "NA",
                    "medium_category": "02"
                },
                "context": "<h3>(2) 일차근사식</h3> <p>일변수 함수의 경우 일차 함수 \\( y=m x+b \\) 가 가장 단순한 함수였다. 또한 함수의 도함수의 값은 그 함수의 그래프의 그 점에서의 접선의 기울기를 말해주고 있다. 따라서 도함수는 주어진 함수를 일차 함수로 근사시키는 것 임을 알 수 있다. \\( f(x) \\) 가 \\( x_{0} \\) 에서 미분가능할 때 \\( x \\) 에서의 값은 \\[ f(x) \\approx f\\left(x_{0}\\right)+f^{\\prime}\\left(x_{0}\\right)\\left(x-x_{0}\\right) \\] 이 된다. 여기서 일차식 \\( f\\left(x_{0}\\right)+f^{\\prime}\\left(x_{0}\\right)\\left(x-x_{0}\\right) \\) 을 일차 근사식이라 한다.</p> <p>우리는 이 생각을 이변수 함수로 확장하고자 한다. 이변수 함수의 일차 근사식은 접평면에 의하여 구하게 된다. 즉, \\( f(x, y) \\approx f\\left(x_{0}, y_{0}\\right)+f_{x}\\left(x_{0}, y_{0}\\right)\\left(x-x_{0}\\right)+f_{y}\\left(x_{0}, y_{0}\\right)(y- \\) \\( \\left.y_{0}\\right) \\) 가 된다. 따라서 함수 \\( f(x, y) \\) 의 점 \\( \\left(x_{0}, y_{0}\\right) \\) 에서 일차근사식(linear approximation)은 \\[ f\\left(x_{0}, y_{0}\\right)+f_{x}\\left(x_{0}, y_{0}\\right)\\left(x-x_{0}\\right)+f_{y}\\left(x_{0}, y_{0}\\right)\\left(y-y_{0}\\right) \\] 으로 주어진다. 접평면이 일차근사식이 되는 것은 아래에서 증명없이 보여지게 된다.</p> <p>예제 17 \\( \\left(0.99 e^{0.02}\\right)^{8} \\) 의 일차근사값을 구하고, 이 값과 컴퓨터를 이용한 값을 비교하여 보아라.</p> <p>풀이 \\( f(x, y)=\\left(x e^{y}\\right)^{8} \\) 이라 하고, \\( x_{0}=1, x=0.99, y_{0}=0, y=0.002 \\) 라 하고 일차근사값을 구하자. \\( x-x_{0}=-0.01, y-y_{0}=0.02 \\) 이고, \\( f_{x}=8 e^{y}\\left(x e^{y}\\right)^{7}=8 x^{7} e^{8 y} \\), \\( f_{y}=8 x e^{y}\\left(x e^{y}\\right)^{7}=8 x^{8} e^{8 y} \\) 이므로 일차근사값은 \\[ f(1,0)+f_{x}(1,0)(-0.01)+f_{y}(1,0)(0.02)=1+8(-0.01)+8(0.02)=1.08 \\] 이 된다. Maple을 이용하여 소수점 15 자리 까지 구하면 \\( \\left[>\\operatorname{evalf}\\left(\\left(0.99^{*} \\exp (0.02)\\right)^{\\wedge} 8,15\\right)\\right. \\) \\( 1.08285093002845 \\) 이 된다. 여기서 보듯이 일차근사값은 어느 정도 함수값에 가까운 것을 알 수 있다. 일변수 함수 \\( y=f(x) \\) 에서 \\[ \\lim _{h \\rightarrow 0} \\frac{f(x+h)-f(x)}{h} \\] 이 존재하면 \\( x \\) 에서의 미분가능하다고 그 극한값을 \\( f^{\\prime}(x) \\) 라 한다. 함수 \\( f(x) \\) 가 미분가능할 때 위 식은 다음과 같이 쓸 수 있다. \\[ \\lim _{\\triangle x \\rightarrow 0}\\left[\\frac{f(x+\\triangle x)-f(x)}{\\triangle x}-f^{\\prime}(x)\\right]=0 . \\] \\( \\lim _{x \\rightarrow 0} f(x)=0 \\) 는 \\( \\triangle x \\rightarrow 0 \\) 일 때 \\( \\varepsilon \\rightarrow 0 \\) 이 되는 \\( \\varepsilon \\) 에 대하여 \\( f(x)=\\varepsilon \\) 으로 쓸 수 있다. 따라서 우리는 \\( \\triangle x \\rightarrow 0 \\) 일 때 \\( \\varepsilon \\rightarrow 0 \\) 이 되는 \\( \\varepsilon \\) 에 대하여 \\[ \\frac{f(x+\\triangle x)-f(x)}{\\triangle x}-f^{\\prime}(x)=\\varepsilon, \\quad \\text { 즉 } \\quad f(x+\\triangle x)-f(x)=f^{\\prime}(x) \\triangle x+\\varepsilon \\triangle x \\] 로 쓸 수 있다. 이 때 \\( f(x+\\triangle x)-f(x)=\\triangle y \\) 라 쓰고 이를 \\( y \\) 의 증분이라 하였다. 이를 이변수 함수로 확장을 시켜보자.</p>",
                "context_length": 2408,
                "clue": [
                    {
                        "clue_text": "따라서 함수 \\( f(x, y) \\) 의 점 \\( \\left(x_{0}, y_{0}\\right) \\) 에서 일차근사식(linear approximation)은 \\[ f\\left(x_{0}, y_{0}\\right)+f_{x}\\left(x_{0}, y_{0}\\right)\\left(x-x_{0}\\right)+f_{y}\\left(x_{0}, y_{0}\\right)\\left(y-y_{0}\\right) \\] 으로 주어진다.",
                        "clue_start": "641",
                        "clue_end": "873"
                    },
                    {
                        "clue_text": "따라서 우리는 \\( \\triangle x \\rightarrow 0 \\) 일 때 \\( \\varepsilon \\rightarrow 0 \\) 이 되는 \\( \\varepsilon \\) 에 대하여 \\[ \\frac{f(x+\\triangle x)-f(x)}{\\triangle x}-f^{\\prime}(x)=\\varepsilon, \\quad \\text { 즉 } \\quad f(x+\\triangle x)-f(x)=f^{\\prime}(x) \\triangle x+\\varepsilon \\triangle x \\] 로 쓸 수 있다.",
                        "clue_start": "2026",
                        "clue_end": "2311"
                    },
                    {
                        "clue_text": "이 때 \\( f(x+\\triangle x)-f(x)=\\triangle y \\) 라 쓰고 이를 \\( y \\) 의 증분이라 하였다.",
                        "clue_start": "2312",
                        "clue_end": "2383"
                    },
                    {
                        "clue_text": "따라서 도함수는 주어진 함수를 일차 함수로 근사시키는 것 임을 알 수 있다.",
                        "clue_start": "119",
                        "clue_end": "161"
                    }
                ],
                "terminology": [
                    {
                        "word": "Maple"
                    },
                    {
                        "word": "극한값"
                    },
                    {
                        "word": "근사값"
                    },
                    {
                        "word": "근사식"
                    },
                    {
                        "word": "기울기"
                    },
                    {
                        "word": "도함수"
                    },
                    {
                        "word": "미분가능"
                    },
                    {
                        "word": "이변수"
                    },
                    {
                        "word": "이변수 함수"
                    },
                    {
                        "word": "일변수"
                    },
                    {
                        "word": "일변수 함수"
                    },
                    {
                        "word": "일차 함수"
                    },
                    {
                        "word": "일차근사식"
                    },
                    {
                        "word": "일차식"
                    },
                    {
                        "word": "접선"
                    },
                    {
                        "word": "접선의 기울기"
                    },
                    {
                        "word": "접평면"
                    },
                    {
                        "word": "증분"
                    },
                    {
                        "word": "함수"
                    },
                    {
                        "word": "함수의 도함수"
                    }
                ]
            }
        ]
    }
}