{
    "dataset_info": {
        "identifier": "02-031-002-NL",
        "name": "기술과학 문서 요약 데이터",
        "category": "자연어",
        "last_updated": "2023-08-30"
    },
    "dataset": {
        "doc_id": "96aba9d6-b2ee3090-de0c-4152-8173-b6403b80ea64",
        "doc_type": "도서",
        "doc_title": {
            "kor": "s521-기하학개론",
            "eng": ""
        },
        "doc_category": {
            "KDC": "415",
            "DDC": ""
        },
        "doc_number": {
            "ISSN": "",
            "ISBN": "9791160735215",
            "DOI": "",
            "UCI": ""
        },
        "doc_year": "2020",
        "doc_author": [
            "이만근"
        ],
        "doc_publisher": "경문사",
        "doc_license": "저작권 협의됨",
        "context_info": [
            {
                "context_id": "55e-0c9-49107f60-8226-4126-aab1-df0823a11a31",
                "context_K-NSCC": {
                    "field": "자연",
                    "large_category": "NA",
                    "medium_category": "04"
                },
                "context": "<h1>1.2 역삼각함수</h1> <p>삼각함수는 전단사 함수가 아니므로 삼각함수의 역함수는 존재하지 않지만 삼각함수의 정의역과 공변역을 적당히 제한하여 전단사 함수가 되게 하면 역함수가 존재하게 된다. 이렇게 얻은 삼각함수의 역함수를 역삼각함수라 한다.</p> <h2>정의 1.2 .1</h2> <p>\\( \\left[-\\frac{\\pi}{2}, \\frac{\\pi}{2}\\right] \\)을 정의역 \\( [-1,1] \\)을 공변역으로 제한한 사인함수 \\( f(x)=\\sin x \\)는 전단사 함수이므로 역함수 \\( f^{-1} \\)가 존재한다. 이를</p> <p>\\( f^{-1}(x)=\\operatorname{Arcsin} x=\\sin ^{-1} x \\)</p> <p>로 정의한다. 즉 \\[ y=\\sin ^{-1} x,-1 \\leq x \\leq 1 \\Leftrightarrow x=\\sin y,-\\frac{\\pi}{2} \\leq y \\leq \\frac{\\pi}{2} \\]</p> <p>를 만족하며 이처럼 제한된 \\( y \\) 값을 \\( y=\\sin ^{-1} x \\)의 주치(principal value)라 한다.</p> <p>\\( y=\\sin ^{-1} x \\)의 그래프는 \\( y=\\sin x \\)의 그래프를 \\( y=x \\)에 관해 대칭시킨 그림 1-3과 같으며 다음을 만족한다.</p> <p>\\( x \\in\\left[-\\frac{\\pi}{2}, \\frac{\\pi}{2}\\right] \\)이면 \\( \\sin ^{-1}(\\sin x)=x \\)</p> <p>이고</p> <p>\\( x \\in[-1,1] \\) 이면 \\( \\sin \\left(\\sin ^{-1} x\\right)=x \\)</p> <p>이다.</p> <h3>예제 1.2.1</h3> <p>다음 값을 구하여라.</p> <p>(1) \\( \\sin ^{-1}\\left(-\\frac{1}{2}\\right) \\) (2) \\( \\sin ^{-1}\\left(\\sin \\left(\\frac{3 \\pi}{4}\\right)\\right) \\)</p> <p>풀이</p> <p>(1) \\( \\sin ^{-1}\\left(-\\frac{1}{2}\\right)=y \\)라 하면 \\( \\sin y=-\\frac{1}{2}, y \\in\\left[-\\frac{\\pi}{2}, \\frac{\\pi}{2}\\right] \\)이므로 \\( y=-\\frac{\\pi}{6} \\)이다.</p> <p>(2) \\( \\sin ^{-1}\\left(\\sin \\left(\\frac{3 \\pi}{4}\\right)\\right)=y \\)라 하면 \\( \\sin \\left(\\frac{3 \\pi}{4}\\right)=\\frac{\\sqrt{2}}{2} \\)이므로 \\( \\sin y=\\frac{\\sqrt{2}}{2} \\), \\( y \\in\\left[-\\frac{\\pi}{2}, \\frac{\\pi}{2}\\right] \\)가 되므로 \\( y=\\frac{\\pi}{4} \\)가 된다.</p> <p>같은 방법으로 코사인함수의 역함수를 다음과 같이 정의하자.</p> <h2>정의 1.2.2</h2> <p>\\( [0, \\pi] \\)를 정의역으로 하고 공변역을 \\( [-1,1] \\)으로 제한한 코사인함수 \\( f(x)=\\cos x \\)의 역함수 \\( f^{-1} \\)를</p> <p>\\( f^{-1}(x)=\\operatorname{Arccos} x=\\cos ^{-1} x \\)</p> <p>로 정의한다. 즉</p> <p>\\( y=\\cos ^{-1} x, \\quad-1 \\leq x \\leq 1 \\Leftrightarrow x=\\cos y, 0 \\leq y \\leq \\pi \\)</p> <p>을 만족하며 \\( y=\\cos ^{-1} x \\)의 주치는 \\( [0, \\pi] \\)의 원소가 된다. \\( y=\\cos ^{-1} x \\)의 그래프는 그림 1-4와 같다.</p> <h2>정의 1.2.3</h2> <p>\\( \\left(-\\frac{\\pi}{2}, \\frac{\\pi}{2}\\right) \\)를 정의역으로 하는 탄젠트함수 \\( f(x)=\\tan x \\)의 역함수 \\( f^{-1} \\)을</p> <p>\\( f^{-1}(x)=\\operatorname{Arctan} x=\\tan ^{-1} x \\)</p> <p>로 정의한다. 즉</p> <p>\\( y=\\tan ^{-1} x,-\\infty<x<\\infty \\Leftrightarrow x=\\tan y,-\\frac{\\pi}{2}<y<\\frac{\\pi}{2} \\)</p> <p>을 만족하며 \\( y=\\tan ^{-1} x \\)의 주치는 \\( \\left(-\\frac{\\pi}{2}, \\frac{\\pi}{2}\\right) \\)의 원소가 된다.</p> <p>\\( y=\\tan ^{-1} x \\)의 그래프는 그림 1-5과 같다.</p> <p>앞으로 역삼각함수에서는 특별한 언급이 없는 한, 모두 주치만 생각하는 것으로 한다.</p>",
                "context_length": 2372,
                "clue": [
                    {
                        "clue_text": "삼각함수는 전단사 함수가 아니므로 삼각함수의 역함수는 존재하지 않지만 삼각함수의 정의역과 공변역을 적당히 제한하여 전단사 함수가 되게 하면 역함수가 존재하게 된다.",
                        "clue_start": "22",
                        "clue_end": "113"
                    },
                    {
                        "clue_text": "\\( f^{-1}(x)=\\operatorname{Arcsin} x=\\sin ^{-1} x \\)",
                        "clue_start": "315",
                        "clue_end": "367"
                    },
                    {
                        "clue_text": "\\( f^{-1}(x)=\\operatorname{Arccos} x=\\cos ^{-1} x \\)",
                        "clue_start": "1598",
                        "clue_end": "1650"
                    },
                    {
                        "clue_text": "\\( f^{-1}(x)=\\operatorname{Arctan} x=\\tan ^{-1} x \\)",
                        "clue_start": "2000",
                        "clue_end": "2052"
                    }
                ],
                "terminology": [
                    {
                        "word": "공변역"
                    },
                    {
                        "word": "삼각함수"
                    },
                    {
                        "word": "역삼각함수"
                    },
                    {
                        "word": "역함수"
                    },
                    {
                        "word": "원소"
                    },
                    {
                        "word": "전단사"
                    },
                    {
                        "word": "정의역"
                    },
                    {
                        "word": "주치"
                    },
                    {
                        "word": "코사인함수"
                    },
                    {
                        "word": "함수"
                    }
                ]
            },
            {
                "context_id": "55e-0c9-8199337f-cf4a-4adb-9430-597e90102b12",
                "context_K-NSCC": {
                    "field": "자연",
                    "large_category": "NA",
                    "medium_category": "04"
                },
                "context": "<h2>정의 1.1 .4</h2> <p>함수 \\( f: X \\rightarrow Y, g: Y \\rightarrow Z \\)에 대하여 두 함수 \\( f \\)와 \\( g \\)를 결합하여 만든 함수 \\( h: X \\rightarrow Z \\)를 \\( h(x)=g(f(x)) \\)라 정의하고 이 함수 \\( h \\) 를 \\( f \\) 와 \\( g \\)의 합성함수 (composite function)라 정의하고 \\( g \\circ f \\)로 나타낸다.</p> <p>합성함수 \\( g \\circ f \\)의 정의역은 함수 \\( f \\)의 정의역의 부분집합이다.</p> <h3>예제 1.1.4</h3> <p>\\( f(x)=x^{3}-1 \\)이고 \\( g(x)=2 x+1 \\)일 때 다음 값을 구하여라.</p> <p>(1) \\( (f \\circ g)(1) \\) (2) \\( (g \\circ f)(1) \\) (3) \\( (f \\circ f)(1) \\)</p> <p>풀이</p> <p>(1) \\( g(1)=3 \\)이므로 \\( (f \\circ g)(1)=f(g(1))=f(3)=26 \\)이다.</p> <p>(2) \\( f(1)=0 \\)이므로 \\( (g \\circ f)(1)=g(f(1))=g(0)=1 \\)이다.</p> <p>(3) \\( (f \\circ f)(1)=f(f(1))=f(0)=-1 \\)이다.■</p> <h3>예제 1.1.5</h3> <p>\\( f(x)=\\frac{1}{x-1} \\)이고 \\( g(x)=x^{2} \\)일 때 \\( f \\circ g \\) 와 \\( g \\circ f \\)의 정의역을 구하여라.</p> <p>풀이</p> <p>\\( f \\)의 정의역은 \\( \\{x \\in \\mathbb{R}: x \\neq 1\\} \\)이고 \\( g \\)의 정의역은 모든 실수이다. \\( (f \\circ g)(x)=f(g(x))=\\frac{1}{x^{2}-1} \\)이므로 \\( f \\circ g \\)의 정의역은 \\( \\{x \\in \\mathbb{R}: x \\neq 1 \\)이고 \\( x \\neq-1\\} \\)이다. \\( (g \\circ f)(x)=g(f(x))=\\left(\\frac{1}{x-1}\\right)^{2} \\)이므로 \\( g \\circ f \\)의 정의역은 \\( \\{x \\in \\mathbb{R}: x \\neq 1\\} \\)이다.■</p> <h2>정의 1.1 .5</h2> <p>함수 \\( f: X \\rightarrow Y \\)에 대하여</p> <p>(1) \\( x_{1} \\neq x_{2} \\)일 때 \\( f\\left(x_{1}\\right) \\neq f\\left(x_{2}\\right) \\)가 성립하면 함수 \\( f \\)를 일대일 함수(one to one function) 또는 단사함수(injection)라고 한다.</p> <p>(2) \\( f(X)=Y \\), 즉 공변역과 치역이 같을 때 함수 \\( f \\)를 위로의 함수(onto function) 또는 전사함수(surjection)라고 한다.</p> <p>(3) 함수 \\( f \\)가 단사함수이면서 동시에 전사함수이면 함수 \\( f \\)를 일대일 대응(one to one correspondence) 또는 전단사함수(bijection)라고 한다.</p> <h3>예제 1.1.6</h3> <p>함수 \\( f: \\mathbb{R} \\rightarrow \\mathbb{R} \\)이 \\( f(x)=x^{3} \\)로 정의되었을 때 임의의 \\( x_{1}, x_{2} \\in \\mathbb{R} \\)에 대하여 \\( x_{1} \\neq x_{2} \\)이면 \\( x_{1}^{3} \\neq x_{2}^{3} \\)이므로 \\( f \\) 는 단사함수이다. 또한 임의의 \\( y \\in \\mathbb{R} \\)에 대하여 \\( x=y^{\\frac{1}{3}} \\)이라 하면 \\( x \\in \\mathbb{R} \\)이고 \\( f(x)=y \\)이므로 \\( f \\)는 전사함수이다. 따라서 함수 \\( f \\)는 전단사함수이다.</p> <h3>예제 1.1.7</h3> <p>함수 \\( f: \\mathbb{R} \\rightarrow \\mathbb{R} \\)이 \\( f(x)=x^{2}+1 \\)로 정의되었을 때 \\( f(1)=f(-1) \\)이므로 \\( f \\)는 단사함수가 아니다. 한편 \\( f \\)의 치역은 \\( f(R)=[1, \\infty) \\)이므로 \\( f \\)는 전사함수도 아니다. 그러나 함수 \\( f \\)의 정의역을 \\( [0, \\infty) \\)로 공변역을 \\( [1, \\infty) \\)로 제한하면 \\( f:[0, \\infty) \\rightarrow[1, \\infty) f(x)=x^{2}+1 \\)는 전단사함수가 된다.</p>",
                "context_length": 2269,
                "clue": [
                    {
                        "clue_text": "함수 \\( f: X \\rightarrow Y, g: Y \\rightarrow Z \\)에 대하여 두 함수 \\( f \\)와 \\( g \\)를 결합하여 만든 함수 \\( h: X \\rightarrow Z \\)를 \\( h(x)=g(f(x)) \\)라 정의하고 이 함수 \\( h \\) 를 \\( f \\) 와 \\( g \\)의 합성함수 (composite function)라 정의하고 \\( g \\circ f \\)로 나타낸다.",
                        "clue_start": "22",
                        "clue_end": "248"
                    },
                    {
                        "clue_text": "합성함수 \\( g \\circ f \\)의 정의역은 함수 \\( f \\)의 정의역의 부분집합이다.",
                        "clue_start": "256",
                        "clue_end": "307"
                    },
                    {
                        "clue_text": "<p>함수 \\( f: X \\rightarrow Y \\)에 대하여</p> <p>(1) \\( x_{1} \\neq x_{2} \\)일 때 \\( f\\left(x_{1}\\right) \\neq f\\left(x_{2}\\right) \\)가 성립하면 함수 \\( f \\)를 일대일 함수(one to one function) 또는 단사함수(injection)라고 한다.",
                        "clue_start": "1152",
                        "clue_end": "1346"
                    },
                    {
                        "clue_text": "(2) \\( f(X)=Y \\), 즉 공변역과 치역이 같을 때 함수 \\( f \\)를 위로의 함수(onto function) 또는 전사함수(surjection)라고 한다.",
                        "clue_start": "1354",
                        "clue_end": "1447"
                    },
                    {
                        "clue_text": "(3) 함수 \\( f \\)가 단사함수이면서 동시에 전사함수이면 함수 \\( f \\)를 일대일 대응(one to one correspondence) 또는 전단사함수(bijection)라고 한다.",
                        "clue_start": "1455",
                        "clue_end": "1561"
                    }
                ],
                "terminology": [
                    {
                        "word": "공변역"
                    },
                    {
                        "word": "단사함수"
                    },
                    {
                        "word": "부분집합"
                    },
                    {
                        "word": "실수"
                    },
                    {
                        "word": "위로의 함수"
                    },
                    {
                        "word": "일대일 대응"
                    },
                    {
                        "word": "일대일 함수"
                    },
                    {
                        "word": "전단사함수"
                    },
                    {
                        "word": "전사함수"
                    },
                    {
                        "word": "정의역"
                    },
                    {
                        "word": "치역"
                    },
                    {
                        "word": "함수"
                    },
                    {
                        "word": "합성함수"
                    }
                ]
            },
            {
                "context_id": "55e-0c9-8e1fe092-8541-43d0-ad5c-afbfed0ddac0",
                "context_K-NSCC": {
                    "field": "자연",
                    "large_category": "NA",
                    "medium_category": "04"
                },
                "context": "<h3>예제 1.5.2</h3> <p>극좌표 \\( \\left(3, \\frac{\\pi}{3}\\right) \\)를 직교좌표로 나타내어라.</p> <p>풀이</p> <p>\\( r=3 \\)이고 \\( \\theta=\\frac{\\pi}{3} \\)이므로 관계식 (1)에 의하여</p> <p>\\( x=r \\cos \\theta=3 \\cos \\frac{\\pi}{3}=3 \\times \\frac{1}{2}=\\frac{3}{2} \\)</p> <p>\\( y=r \\sin \\theta=3 \\sin \\frac{\\pi}{3}=3 \\times \\frac{\\sqrt{3}}{2}=\\frac{3 \\sqrt{3}}{2} \\)</p> <p>이므로 직교좌표에서는 \\( \\left(\\frac{3}{2}, \\frac{3 \\sqrt{3}}{2}\\right) \\)이다.</p> <h3>예제 1.5 .3</h3> <p>직교좌표 \\( (2,-2) \\)을 극좌표로 나타내어라.</p> <p>풀이</p> <p>\\( r \\)을 양수라 하면 관계식 (2)로부터</p> <p>\\( r=\\sqrt{x^{2}+y^{2}}=\\sqrt{2^{2}+(-2)^{2}}=2 \\sqrt{2} \\) \\( \\tan \\theta=\\frac{y}{x}=-1 \\)</p> <p>이다. 점 \\( (2,-2) \\)은 제 4사분면에 있으므로 \\( \\theta=-\\frac{\\pi}{4} \\) 또는 \\( \\theta=\\frac{7}{4} \\pi \\)를 취할 수 있다. 그러므로 점 \\( (2,-2) \\)는 극좌표에서 \\( \\left(2 \\sqrt{2},-\\frac{\\pi}{4}\\right) \\) 또는 \\( \\left(2 \\sqrt{2}, \\frac{7}{4} \\pi\\right) \\)이다.</p> <h3>예제 1.5 .4</h3> <p>다음 방정식을 직교좌표에서 극좌표로 바꾸어라.</p> <p>(1) \\( y=x \\)(2) \\( x^{2}+y^{2}=a^{2} \\)</p> <p>풀이</p> <p>(1) \\( x=r \\cos \\theta, y=r \\sin \\theta \\)을 대입하면 \\( r \\sin \\theta=r \\cos \\theta \\)이다. 즉,</p> <p>\\( \\tan \\theta=1 \\)이므로 \\( \\theta=\\frac{\\pi}{4} \\)이다. 따라서 극좌표에서는 \\( \\theta=\\frac{\\pi}{4} \\)이다.</p> <p>(2) \\( x=r \\cos \\theta, y=r \\sin \\theta \\)을 주어진 방정식에 대입하여 정리하면 \\[ r^{2} \\cos ^{2} \\theta+r^{2} \\sin ^{2} \\theta=a^{2} \\Rightarrow r^{2}=a^{2} \\]따라서 \\( r=a \\) 또는 \\( r=-a \\)이다.</p> <h3>예제 1.5 .5</h3> <p>다음 방정식을 극좌표에서 직교좌표로 바꾸어라.</p> <p>(1) \\( r \\cos \\theta=2 \\)(2) \\( r^{2}=a^{2} \\sin 2 \\theta \\)</p> <p>풀이</p> <p>(1) \\( x=r \\cos \\theta \\)를 이용하면 직교좌표에서는 \\( x=2 \\)이다.</p> <p>(2) 양변에 \\( r^{2} \\)을 곱하여 정리하면 \\[ \\left(r^{2}\\right)^{2}=r^{2}\\left(2 a^{2} \\sin \\theta \\cos \\theta\\right)=2 a^{2}(r \\cos \\theta)(r \\sin \\theta) \\]이다. \\( x=r \\cos \\theta, y=r \\sin \\theta, r^{2}=x^{2}+y^{2} \\)을 대입하여 정리하면 \\[ \\left(x^{2}+y^{2}\\right)^{2}=2 a^{2} x y \\]이다.</p> <h1>2. 극방정식의 궤적</h1> <p>극방정식의 궤적은 일반적으로 극좌표 \\( (r, \\theta) \\)가 만족하는 방정식의 모든 점을 지나는 하나의 곡선을 나타낸다. 극방정식을 만족하는 점을 구할 때에는 \\( \\theta \\)에 임의의 값을 주고 이에 대응하는 \\( r \\)의 값을 구하면 된다. 또한 곡선을 그릴 때에는 \\( \\theta \\)가 증가하는 차례대로 방정식을 만족하는 점들을 구하여 연결하는 것이 편리하다.</p> <p>극방정식의 곡선 그래프는 대칭성을 알면 보다 쉽게 그릴 수 있다. 즉, 극방정식 \\( r=f(\\theta) \\) 에서</p> <p>(1) \\( \\theta \\) 대신에 \\( (-\\theta) \\)를 대입시켜도 극방정식이 변하지 않으면, 극방정식의 그래프는 극축(직교좌표계의 \\( x \\)축)에 관해서 대칭이다(그림 \\( 1-19 \\) 참조).</p> <p>(2) \\( \\theta \\)대신에 \\( (\\pi-\\theta) \\)를 대입시켜도 극방정식이 변하지 않으면, 극방정식의 그래프는 \\( \\theta=\\frac{\\pi}{2} \\) (직교좌표계의 \\( y \\)축)에 관해서 대칭이다(그림 1-20 참조).</p> <p>(3) \\( r \\) 대신에 \\( (-r) \\) 을 대입시켜도 극방정식이 변하지 않으면, 극방정식의 그래프는 극점(직교좌표계의 원점)에 관하여 대칭이다(그림 1-21 참조).</p> <h3>예제 1.5 .6</h3> <p>\\( r=4(1-\\cos \\theta) \\)의 그래프를 그려라.</p> <p>풀이</p> <p>\\( \\cos (-\\theta)=\\cos \\theta \\)이므로 곡선은 극축에 관해서 대칭이다.\\( \\theta \\) 가 0에서 \\( \\pi \\)까지 변할 때 이에 대응하는 \\( r \\)의 값을 구하여 표를 만들면</p> <p>이다. 표에서 얻은 값들을 극좌표로 표시하여 연결하면 아래의 그림 1-22와 같고 이 곡선을 극축에 관해서 대칭으로 그리면 그림 1-23이다.</p> <h3>예제 1.5.7</h3> <p>\\( r=2 \\cos 2 \\theta \\)의 그래프를 그려라.</p> <p>풀이</p> <p>\\( \\theta \\)를 0 에서 \\( \\frac{\\pi}{2} \\)사이의 각으로 택하여 이에 대응하는 \\( r \\)의 값을 구하여 표로 만들면</p> <p>이다. 이 점들을 연결하여 그림 \\( 1-24 \\)의 호 \\( A O B \\)를 얻고 \\( \\cos 2 \\theta \\)의 주기성 때문에 이 호 \\( A O B \\)를 \\( \\theta=0, \\theta=\\pm \\frac{\\pi}{2} \\)에 대칭으로 그리면 구하고자 하는 궤적이 된다.</p>",
                "context_length": 3105,
                "clue": [
                    {
                        "clue_text": "극좌표 \\( \\left(3, \\frac{\\pi}{3}\\right) \\)를 직교좌표로 나타내어라.",
                        "clue_start": "21",
                        "clue_end": "74"
                    },
                    {
                        "clue_text": "다음 방정식을 직교좌표에서 극좌표로 바꾸어라.",
                        "clue_start": "866",
                        "clue_end": "891"
                    },
                    {
                        "clue_text": "극방정식의 궤적은 일반적으로 극좌표 \\( (r, \\theta) \\)가 만족하는 방정식의 모든 점을 지나는 하나의 곡선을 나타낸다.",
                        "clue_start": "1823",
                        "clue_end": "1895"
                    },
                    {
                        "clue_text": "극방정식을 만족하는 점을 구할 때에는 \\( \\theta \\)에 임의의 값을 주고 이에 대응하는 \\( r \\)의 값을 구하면 된다.",
                        "clue_start": "1896",
                        "clue_end": "1968"
                    },
                    {
                        "clue_text": "또한 곡선을 그릴 때에는 \\( \\theta \\)가 증가하는 차례대로 방정식을 만족하는 점들을 구하여 연결하는 것이 편리하다.",
                        "clue_start": "1969",
                        "clue_end": "2038"
                    }
                ],
                "terminology": [
                    {
                        "word": "관계식"
                    },
                    {
                        "word": "극방정식"
                    },
                    {
                        "word": "극방정식의 그래프"
                    },
                    {
                        "word": "극점"
                    },
                    {
                        "word": "극좌표"
                    },
                    {
                        "word": "극축"
                    },
                    {
                        "word": "방정식"
                    },
                    {
                        "word": "주기성"
                    }
                ]
            },
            {
                "context_id": "55e-0c9-merge_2_96aba9d6-b2ee3090-de0c-4152-8173-b6403b80ea64_12",
                "context_K-NSCC": {
                    "field": "자연",
                    "large_category": "NA",
                    "medium_category": "04"
                },
                "context": "<p>이 성립한다.</p> <p>(2) \\[ \\begin {aligned} \\frac { 1- \\cos x } { x } &= \\frac { 1- \\cos x } { x } \\cdot \\frac { 1 + \\cos x } { 1 + \\cos x } \\\\ &= \\frac { 1- \\cos ^ { 2 } x } { x(1 + \\cos x) } \\\\ &= \\frac {\\sin x } { x } \\cdot \\frac {\\sin x } { 1 + \\cos x } \\end {aligned} \\]이므로 \\[ \\begin {aligned} \\lim _ { x \\rightarrow 0 } \\frac { 1- \\cos x } { x } &= \\lim _ { x \\rightarrow 0 } \\left ( \\frac {\\sin x } { x } \\cdot \\frac {\\sin x } { 1 + \\cos x } \\right ) \\\\ &= \\lim _ { x \\rightarrow 0 } \\frac {\\sin x } { x } \\lim _ { x \\rightarrow 0 } \\frac {\\sin x } { 1 + \\cos x } \\\\ &= \\lim _ { x \\rightarrow 0 } \\frac {\\sin x } { x } \\lim _ { x \\rightarrow 0 } \\frac {\\sin x } { 1 + \\cos x } \\\\ &=1 \\left ( \\frac { 0 } { 1 + 1 } \\right ) \\\\ &=0 \\end {aligned} \\]이다.</p> <h3>예제 1.4.7</h3> <p>\\( \\lim _ { x \\rightarrow \\infty } \\frac { x ^ { 2 } + 3 } { 2 x ^ { 2 } -1 } \\)을 구하여라.</p> <p>풀이</p> <p>\\[ \\lim _ { x \\rightarrow \\infty } \\frac { x ^ { 2 } + 3 } { 2 x ^ { 2 } -1 } = \\lim _ { x \\rightarrow \\infty } \\frac {\\left (x ^ { 2 } + 3 \\right ) / x ^ { 2 } } {\\left (2 x ^ { 2 } -1 \\right ) / x ^ { 2 } } = \\lim _ { x \\rightarrow \\infty } \\frac { 1 + 3 / x ^ { 2 } } { 2-1 / x ^ { 2 } } = \\frac { 1 + 0 } { 2-0 } = \\frac { 1 } { 2 } \\]이다.</p>",
                "context_length": 1232,
                "clue": [
                    {
                        "clue_text": "\\( \\lim _ { x \\rightarrow \\infty } \\frac { x ^ { 2 } + 3 } { 2 x ^ { 2 } -1 } \\)을 구하여라.",
                        "clue_start": "781",
                        "clue_end": "868"
                    },
                    {
                        "clue_text": "\\[ \\lim _ { x \\rightarrow \\infty } \\frac { x ^ { 2 } + 3 } { 2 x ^ { 2 } -1 } = \\lim _ { x \\rightarrow \\infty } \\frac {\\left (x ^ { 2 } + 3 \\right ) / x ^ { 2 } } {\\left (2 x ^ { 2 } -1 \\right ) / x ^ { 2 } } = \\lim _ { x \\rightarrow \\infty } \\frac { 1 + 3 / x ^ { 2 } } { 2-1 / x ^ { 2 } } = \\frac { 1 + 0 } { 2-0 } = \\frac { 1 } { 2 } \\]이다.",
                        "clue_start": "886",
                        "clue_end": "1228"
                    }
                ],
                "terminology": []
            },
            {
                "context_id": "55e-0c9-5b40912a-4dc2-450a-936c-bd15581cdf2c",
                "context_K-NSCC": {
                    "field": "자연",
                    "large_category": "NA",
                    "medium_category": "04"
                },
                "context": "<h2>정의 1.1 .3</h2> <p>두 함수 \\( f \\)와 \\( g \\)의 정의역을 각각 \\( X_{1} \\) 와 \\( X_{2} \\)이고 \\( X_{1} \\cap X_{2} \\neq \\varnothing \\)일 때 함수</p> <p>\\( f+g, f-g, f g, \\frac{f}{g} \\)</p> <p>는 각각 다음과 같이 정의한다.</p> <p>\\( (f+g)(x)=f(x)+g(x) \\)</p> <p>\\( (f-g)(x)=f(x)-g(x) \\)</p> <p>\\( (f g)(x)=f(x) g(x) \\)</p> <p>\\( \\left(\\frac{f}{g}\\right)(x)=\\frac{f(x)}{g(x)} \\)</p> <p>\\( f+g, f-g, f g \\)의 정의역은 모두 \\( X_{1} \\cap X_{2} \\)이고 함수 \\( \\frac{f}{g} \\)의 정의역은 \\( \\{x \\mid x \\in \\) \\( \\left.X_{1} \\cap X_{2}, \\quad g(x) \\neq 0\\right\\} \\)이다. 한편 \\( c \\)가 실수이면 \\( (c f)(x)=c f(x) \\)로 정의한다.</p> <h3>예제 1.1.3</h3> <p>\\( f(x)=\\sqrt{x+1} \\)이고 \\( g(x)=\\sqrt{3-x} \\)일 때 함수 \\( 2 f-5 g, f g, \\frac{f}{g} \\)를 구하고 각 함수의 정의역을 구하여라.</p> <p>풀이</p> <p>\\( f \\) 의 정의역은 \\( [-1, \\infty) \\)이고 \\( g \\)의 정의역은 \\( (-\\infty, 3] \\)이며 \\( x \\neq 3 \\)이면 \\( g(x) \\neq 0 \\)이다. 그러므로 구하고자 하는 함수와 정의역은 각각 다음과 같다.</p> <p>\\( (2 f-5 g)(x)=2 \\sqrt{x+1}-5 \\sqrt{3-x} \\)</p> <p>\\( (f g)(x)=\\sqrt{x+1} \\sqrt{3-x}=\\sqrt{(x+1)(3-x)} \\)</p> <p>\\( \\left(\\frac{f}{g}\\right)(x)=\\frac{\\sqrt{x+1}}{\\sqrt{3-x}}=\\sqrt{\\frac{x+1}{3-x}} \\)</p> <p>이며 \\( 2 f-3 g, f g \\)의 정의역은 \\( [-1, \\infty) \\cap(-\\infty, 3]=[-1,3] \\)이며 \\( \\frac{f}{g} \\)의 정의역은 \\( [-1, \\infty) \\cap(-\\infty, 3)=[-1,3) \\)이다.■</p> <p>두 집합 \\( X \\)와 \\( Y \\)에 대하여 \\( X \\)의 원소 \\( x \\)와 \\( Y \\)의 원소 \\( y \\)로 이루어진 순서쌍(ordered pair) \\( (x, y) \\) 전체의 집합을 \\( X \\times Y \\)로 나타내고, 이것을 \\( X \\)와 \\( Y \\)의 곱집합 또는 데카르트 곱(Cartesian product)이라 한다. 일반적으로, 유한개의 집합 \\( X_{1}, \\cdots, X_{n} \\)에 대하여 \\( n \\) 순서 짝(ordered \\( n \\)-tuple)인 \\( \\left(x_{1}, x_{2}, \\cdots x_{n}\\right) \\) 전체의 집합을 \\( X_{1}, \\cdots, X_{n} \\)의 데카르트 곱이라 하고, 이것을 \\( X_{1} \\times \\cdots \\times X_{n} \\)으로 나타낸다. 즉</p> <p>\\( X_{1} \\times \\cdots \\times X_{n}=\\left\\{\\left(x_{1}, \\cdots, x_{n}\\right) \\mid x_{1} \\in X_{1}, \\cdots, x_{n} \\in X_{n}\\right\\} \\)</p> <p>특히, \\( X_{1}=\\cdots=X_{n}=X \\)일 때에는 \\( X \\times \\cdots \\times X \\)를 간단히 \\( X^{n} \\)으로 나타낸다.</p> <p>함수 \\( f: X \\rightarrow Y \\)에 대하여 집합</p> <p>\\( \\{(x, f(x)) \\mid x \\in X\\} \\)</p> <p>를 이 함수의 그래프 (graph)라 한다. 한편 각 순서쌍 \\( (x, f(x)) \\)를 좌표평면 위의 점 \\( (x, f(x)) \\)에 대응시켜 얻어지는 함수의 그래프는 좌표평면 위에 있는 점의 집합으로 나타낼 수 있다.</p> <p>\\( f(x)=x^{2} \\)의 정의역은 실수 전체이므로 \\( f \\)의 그래프는 그림 1.1(a)와 같으며, 함수</p> <p>\\( g(x)=\\sqrt{x+1} \\)의 정의역은 \\( [-1, \\infty) \\)이므로 \\( g \\)의 그래프는 그림 \\( 1.1(\\mathrm{~b}) \\)와 같다.</p> <p>\\( y=g(u)=u^{3} \\)과 \\( u=f(x)=x-1 \\)라 할 때 함수 \\( y=(x-1)^{3} \\)은</p> <p>\\( y=g(u)=g(f(x))=(x-1)^{3} \\)</p> <p>로 나타낸다. 이런 표현을 다음과 같이 정의한다.</p>",
                "context_length": 2424,
                "clue": [
                    {
                        "clue_text": "두 함수 \\( f \\)와 \\( g \\)의 정의역을 각각 \\( X_{1} \\) 와 \\( X_{2} \\)이고 \\( X_{1} \\cap X_{2} \\neq \\varnothing \\)일 때 함수</p> <p>\\( f+g, f-g, f g, \\frac{f}{g} \\)</p> <p>는 각각 다음과 같이 정의한다.",
                        "clue_start": "22",
                        "clue_end": "191"
                    },
                    {
                        "clue_text": "<p>\\( (f+g)(x)=f(x)+g(x) \\)</p> <p>\\( (f-g)(x)=f(x)-g(x) \\)</p> <p>\\( (f g)(x)=f(x) g(x) \\)</p> <p>\\( \\left(\\frac{f}{g}\\right)(x)=\\frac{f(x)}{g(x)} \\)</p>",
                        "clue_start": "196",
                        "clue_end": "350"
                    },
                    {
                        "clue_text": "\\( f+g, f-g, f g \\)의 정의역은 모두 \\( X_{1} \\cap X_{2} \\)이고 함수 \\( \\frac{f}{g} \\)의 정의역은 \\( \\{x \\mid x \\in \\) \\( \\left.X_{1} \\cap X_{2}, \\quad g(x) \\neq 0\\right\\} \\)이다.",
                        "clue_start": "354",
                        "clue_end": "514"
                    },
                    {
                        "clue_text": "한편 \\( c \\)가 실수이면 \\( (c f)(x)=c f(x) \\)로 정의한다.",
                        "clue_start": "515",
                        "clue_end": "560"
                    }
                ],
                "terminology": [
                    {
                        "word": "곱집합"
                    },
                    {
                        "word": "데카르트 곱"
                    },
                    {
                        "word": "순서 짝"
                    },
                    {
                        "word": "실수"
                    },
                    {
                        "word": "전체의 집합"
                    },
                    {
                        "word": "정의역"
                    },
                    {
                        "word": "집합"
                    },
                    {
                        "word": "함수"
                    }
                ]
            },
            {
                "context_id": "55e-0c9-759fe2cd-1f32-4682-a870-23336800a909",
                "context_K-NSCC": {
                    "field": "자연",
                    "large_category": "NA",
                    "medium_category": "04"
                },
                "context": "<h1>1.5 극좌표</h1> <h2>1. 극좌표</h2> <p>평면상의 점은 직교하는 두 좌표축으로 이루어진 직교좌표계를 이용하여 좌표로 나타낼 수 있다. 지금까지 직교좌표계 좌표를 사용해 왔지만 직교좌표와는 다른 좌표계를 사용하면 평면상의 점이나 곡선에 관한 해석이 여러 면으로 편리할 때가 있다. 이 절에서는 극좌표라 불리는 좌표계를 설명하고자 한다.</p> <p>극점(또는 원점)이라 하는 \\( O \\)로 붙여진 평면 내의 한 점을 잡고, 극축이라 부르는 \\( O \\)에서 시작하는 반직선을 그린다. 이 극축은 항상 오른쪽으로 수평하게 그리고, 직교좌표에서 양의 방향인 \\( x \\)축에 대응된다.</p> <p>평면 위의 임의의 점 \\( P \\)의 위치는 그림 1-15처럼 \\( O P \\)의 거리 \\( r \\), 극축과 직선 \\( O P \\) 사이의 각을 \\( \\theta \\)라고 하면 점 \\( P \\)는 \\( (r, \\theta) \\)로 표시하고 이를 극좌표라고 한다. 이때 \\( r \\)을 동경벡터, \\( \\theta \\)를 편각이라 한다.</p> <p>편각 \\( \\theta \\)가 극축으로부터 반시계방향으로 측정되면 \\( \\theta \\)는 양이고, 시계방향으로 측정되면 \\( \\theta \\)는 음이라는 규정을 사용한다.</p> <p>동경벡터 \\( r \\)은 극점 \\( O \\)로부터 편각을 그리는 화살표의 끝점을 향해서 재면 양이고, 그 반대방향으로 재면 음이다. 즉, 그림 1-16에서와 같이 점 \\( (-r, \\theta) \\)와 점 \\( (r, \\theta) \\)가 극점 \\( O \\)를 지나는 같은 직선상에 놓여 있고 \\( O \\)로부터 똑같은 거리인 \\( |r| \\)에 있으나 \\( O \\)의 반대편 상에 놓여 있다. \\( r>0 \\)이면 점 \\( (r, \\theta) \\)는 \\( \\theta \\)와 같은 상한에 놓여 있고, \\( r<0 \\)이면 극점의 반대편 상에 놓여 있다.</p> <h3>예제 1.5.1</h3> <p>다음 극좌표들의 점을 평면 위에 표시하여라.</p> <p>(1) \\( \\left(2, \\frac{\\pi}{3}\\right) \\)(2) \\( \\left(3, \\frac{3}{4} \\pi\\right) \\)(3) \\( \\left(-1, \\frac{\\pi}{3}\\right) \\)(4) \\( \\left(3,-\\frac{\\pi}{4}\\right) \\)(5) \\( \\left(-3,-\\frac{\\pi}{4}\\right) \\)</p> <p>풀이</p> <h3>| 극좌표와 직교좌표 사이의 관계|</h3> <p>극좌표와 직교좌표 사이의 관계에 대하여 알아보자. 극좌표와 직교좌표 사이의 관계는 그림 1-18처럼 극점은 직교좌표계의 원점에 대응하고 극축은 직교좌표계의 \\( x \\)축과 일치하게 잡으면 다음과 같은 관계식을 얻는다.</p> <p>\\( x=r \\cos \\theta, \\quad y=r \\sin \\theta \\) ......①</p> <p>이 방정식은 그림 \\( 1-18 \\)로부터 추론되고, 이 그림은 \\( r>0,0<\\theta<\\frac{\\pi}{2} \\)인 경우이다. 또한 이 방정식은 \\( r \\)과 \\( \\theta \\)의 모든 값들에 대해서도 유효하다.</p> <p>한 점의 극좌표를 알고 있을 때 이에 대응된 직교좌표는 식 (1)로부터 구할 수 있다. 또한 \\( x \\)와 \\( y \\)를 알고 있을 때 \\( r \\) 과 \\( \\theta \\)를 구하기 위해서</p> <p>\\( r^{2}=x^{2}+y^{2}, \\quad \\tan \\theta=\\frac{y}{x} \\) ......②</p> <p>를 사용한다.</p>",
                "context_length": 1783,
                "clue": [
                    {
                        "clue_text": "극점(또는 원점)이라 하는 \\( O \\)로 붙여진 평면 내의 한 점을 잡고, 극축이라 부르는 \\( O \\)에서 시작하는 반직선을 그린다.",
                        "clue_start": "207",
                        "clue_end": "283"
                    },
                    {
                        "clue_text": "이 극축은 항상 오른쪽으로 수평하게 그리고, 직교좌표에서 양의 방향인 \\( x \\)축에 대응된다.",
                        "clue_start": "284",
                        "clue_end": "338"
                    },
                    {
                        "clue_text": "평면 위의 임의의 점 \\( P \\)의 위치는 그림 1-15처럼 \\( O P \\)의 거리 \\( r \\), 극축과 직선 \\( O P \\) 사이의 각을 \\( \\theta \\)라고 하면 점 \\( P \\)는 \\( (r, \\theta) \\)로 표시하고 이를 극좌표라고 한다.",
                        "clue_start": "346",
                        "clue_end": "493"
                    },
                    {
                        "clue_text": "이때 \\( r \\)을 동경벡터, \\( \\theta \\)를 편각이라 한다.",
                        "clue_start": "494",
                        "clue_end": "534"
                    }
                ],
                "terminology": [
                    {
                        "word": "관계식"
                    },
                    {
                        "word": "극점"
                    },
                    {
                        "word": "극좌표"
                    },
                    {
                        "word": "극축"
                    },
                    {
                        "word": "동경벡터"
                    },
                    {
                        "word": "방정식"
                    },
                    {
                        "word": "좌표계"
                    },
                    {
                        "word": "좌표축"
                    },
                    {
                        "word": "직교"
                    },
                    {
                        "word": "직교좌표계"
                    },
                    {
                        "word": "추론"
                    },
                    {
                        "word": "편각"
                    }
                ]
            },
            {
                "context_id": "55e-0c9-61eb4a82-bcd1-43ee-b142-8402bdea801b",
                "context_K-NSCC": {
                    "field": "자연",
                    "large_category": "NA",
                    "medium_category": "04"
                },
                "context": "<h1>1.3 쌍곡선함수와 역함수</h1> <p>지수함수를 적절히 결합하여 삼각함수와 비슷한 성질을 가지는 쌍곡선함수 (hyperbolic function)는 다음과 같이 정의한다.</p> <h2>정의 1.3.1</h2> <p>쌍곡선 사인(hyperbolic sine)함수와 쌍곡선 코사인(hyperbolic cosine)함수는 각각 다음과 같이 정의한다.</p> <p>\\( \\sinh x=\\frac{1}{2}\\left(e^{x}-e^{-x}\\right), \\quad \\cosh x=\\frac{1}{2}\\left(e^{x}+e^{-x}\\right) \\)</p> <p>이 함수들은 각각 하이퍼볼릭 사인함수, 하이퍼볼릭 코사인함수라고 읽고, 각각의 그래프는 그림 1-8와 같다.</p> <p>이 쌍곡선 사인, 쌍곡선 코사인함수를 이용하여 삼각함수와 유사한 다음 쌍곡선함수들을 정의한다. 각각의 그래프는 그림 1-9과 같다.</p> <p>(a) \\( \\tanh x=\\frac{\\sinh x}{\\cosh x}=\\frac{e^{x}-e^{-x}}{e^{x}+e^{-x}} \\)</p> <p>(b) \\( \\operatorname{coth} x=\\frac{1}{\\tanh x}=\\frac{\\cosh x}{\\sinh x}=\\frac{e^{x}+e^{-x}}{e^{x}-e^{-x}} \\)</p> <p>(c) \\( \\operatorname{csch} x=\\frac{1}{\\sinh x}=\\frac{2}{e^{x}-e^{-x}} \\)</p> <p>(d) \\( \\operatorname{sech} x=\\frac{1}{\\cosh x}=\\frac{2}{e^{x}+e^{-x}} \\)</p> <p>쌍곡선함수의 정의로부터 각각의 쌍곡선함수는 기함수 또는 우함수가 된다.</p> <h2>정리 1.3.1</h2> <p>(1) \\( \\sinh (-x)=-\\sinh x \\)</p> <p>(2) \\( \\cosh (-x)=\\cosh x \\)</p> <p>(3) \\( \\tanh (-x)=-\\tanh x \\)</p> <p>증명</p> <p>(1) 쌍곡선 사인함수의 정의로부터</p> <p>\\( \\begin{aligned} \\sinh (-x) &=\\frac{e^{(-x)}-e^{-(-x)}}{2}=\\frac{e^{-x}-e^{x}}{2} \\\\ &=-\\frac{e^{x}-e^{-x}}{2}=-\\sinh x \\end{aligned} \\)</p> <p>가 성립한다.</p> <p>(2)와 (3)은 (1)과 유사하게 증명할 수 있다.</p> <p>쌍곡선함수들의 정의로부터 삼각함수들 사이의 항등식과 유사한 공식을 유도할 수 있다.</p> <h2>정리1.3 .2</h2> <p>(1) \\( \\cosh ^{2} x-\\sinh ^{2} x=1 \\)</p> <p>(2) \\( \\tanh ^{2} x+\\operatorname{sech}^{2} x=1 \\)</p> <p>(3) \\( \\operatorname{coth}^{2} x-\\operatorname{csch}^{2} x=1 \\)</p> <p>증명</p> <p>(1) \\( \\begin{aligned} \\cosh ^{2} x-\\sinh ^{2} x &=\\left[\\frac{1}{2}\\left(e^{x}+e^{-x}\\right)\\right]^{2}-\\left[\\frac{1}{2}\\left(e^{x}-e^{-x}\\right)\\right]^{2} \\\\ &=\\frac{1}{4}\\left(e^{2 x}+2+e^{-2 x}\\right)-\\frac{1}{4}\\left(e^{2 x}-2+e^{-2 x}\\right)=1 \\end{aligned} \\)</p> <p>이 성립한다.</p> <h3>예제 1.3.1</h3> <p>다음 공식을 증명하여라.</p> <p>(1) \\( \\sinh (x+y)=\\sinh x \\cosh y+\\cosh x \\sinh y \\)</p> <p>(2) \\( \\sinh x+\\cosh x=e^{x} \\)</p> <p>풀이</p> <p>(1) \\( \\sinh x \\cosh y+\\cosh x \\sinh y \\) \\[ \\begin{array}{l} =\\frac{e^{x}-e^{-x}}{2} \\cdot \\frac{e^{y}+e^{-y}}{2}+\\frac{e^{x}+e^{-x}}{2} \\cdot \\frac{e^{y}-e^{-y}}{2} \\\\ =\\frac{2 e^{x} e^{y}-2 e^{-x} e^{-y}}{4}=\\sinh (x+y) . \\end{array} \\]</p> <p>(2) \\( \\sinh x+\\cosh x=\\frac{e^{x}-e^{-x}}{2}+\\frac{e^{x}+e^{-x}}{2}=e^{x} \\)</p> <p>삼각함수와 단위원 \\( x^{2}+y^{2}=1 \\)과 밀접한 관계가 있듯이 쌍곡선함수와 쌍곡선 \\( x^{2}-y^{2}=1 \\)과 밀접한 관계가 있다. 아래 그림 \\( 1-10 \\)에서 \\( 0<t<\\frac{\\pi}{2} \\)이고 \\( A \\)를 단위원의 호 \\( P O B \\)의 넓이라 하면 쌍곡선 위의 \\( P O B \\)의 영역의 넓이도 \\( A \\)이며 이때 \\( t=2 A \\)를 만족한다.</p> <p>쌍곡선 사인함수와 쌍곡선 탄젠트함수는 실수 위에서 전사 함수이므로 역함수가 존재한다. 쌍곡선 코사인함수는 역삼각함수를 구할 때와 마찬가지로 정의역을 \\( [0, \\infty) \\)로 제한하여 역함수를 구한다.</p> <p>\\( \\begin{array}{lrlrl}y=\\sinh ^{-1} x & x \\in R & \\Leftrightarrow & x=\\sinh y & y \\in R \\\\ y=\\cosh ^{-1} x & x \\geq 1 & \\Leftrightarrow & x=\\cosh y & y \\geq 0 \\\\ y=\\tanh ^{-1} x & -1<x<1 & \\Leftrightarrow & x=\\tanh y & y \\in R\\end{array} \\)</p> <p>쌍곡선함수는 \\( e^{x} \\)와 \\( e^{-x} \\)에 의해 정의되므로 쌍곡선함수의 역함수는 자연로그를 써서 다음 정리와 같이 나타낼 수 있다.</p>",
                "context_length": 2957,
                "clue": [
                    {
                        "clue_text": "지수함수를 적절히 결합하여 삼각함수와 비슷한 성질을 가지는 쌍곡선함수 (hyperbolic function)는 다음과 같이 정의한다.",
                        "clue_start": "27",
                        "clue_end": "101"
                    },
                    {
                        "clue_text": "쌍곡선 사인(hyperbolic sine)함수와 쌍곡선 코사인(hyperbolic cosine)함수는 각각 다음과 같이 정의한다.",
                        "clue_start": "127",
                        "clue_end": "199"
                    },
                    {
                        "clue_text": "삼각함수와 단위원 \\( x^{2}+y^{2}=1 \\)과 밀접한 관계가 있듯이 쌍곡선함수와 쌍곡선 \\( x^{2}-y^{2}=1 \\)과 밀접한 관계가 있다.",
                        "clue_start": "2262",
                        "clue_end": "2348"
                    },
                    {
                        "clue_text": "쌍곡선 사인함수와 쌍곡선 탄젠트함수는 실수 위에서 전사 함수이므로 역함수가 존재한다.",
                        "clue_start": "2497",
                        "clue_end": "2544"
                    },
                    {
                        "clue_text": "쌍곡선함수는 \\( e^{x} \\)와 \\( e^{-x} \\)에 의해 정의되므로 쌍곡선함수의 역함수는 자연로그를 써서 다음 정리와 같이 나타낼 수 있다.",
                        "clue_start": "2870",
                        "clue_end": "2953"
                    }
                ],
                "terminology": [
                    {
                        "word": "기함수"
                    },
                    {
                        "word": "단위원"
                    },
                    {
                        "word": "삼각함수"
                    },
                    {
                        "word": "실수"
                    },
                    {
                        "word": "쌍곡선"
                    },
                    {
                        "word": "쌍곡선 사인"
                    },
                    {
                        "word": "쌍곡선 사인함수"
                    },
                    {
                        "word": "쌍곡선 코사인"
                    },
                    {
                        "word": "쌍곡선 코사인함수"
                    },
                    {
                        "word": "쌍곡선 탄젠트함수"
                    },
                    {
                        "word": "쌍곡선함수"
                    },
                    {
                        "word": "역삼각함수"
                    },
                    {
                        "word": "역함수"
                    },
                    {
                        "word": "우함수"
                    },
                    {
                        "word": "자연로그"
                    },
                    {
                        "word": "전사"
                    },
                    {
                        "word": "정의역"
                    },
                    {
                        "word": "증명"
                    },
                    {
                        "word": "지수함수"
                    },
                    {
                        "word": "하이퍼볼릭 사인함수"
                    },
                    {
                        "word": "하이퍼볼릭 코사인함수"
                    },
                    {
                        "word": "함수"
                    }
                ]
            },
            {
                "context_id": "55e-0c9-ffdfbd53-5f20-4634-9eea-cc3464bb1964",
                "context_K-NSCC": {
                    "field": "자연",
                    "large_category": "NA",
                    "medium_category": "04"
                },
                "context": "<h1>1.1 함수</h1> <p>미분적분학 이론의 대부분은 함수를 그 대상으로 한다. 이 절에서는 함수와 관련된 기본이론을 소개하며, 여기서 다루는 집합은 모두 실수 \\( \\mathbb{R} \\)의 부분집합임을 가정한다.</p> <h2>정의 1.1 .1</h2> <p>두 집합 \\( X, Y \\)에 대하여 \\( X \\)의 각 원소 \\( x \\) 에 \\( Y \\)의 오직 한 개의 원소 \\( y \\)를 대응시키는 대응규칙 \\( f \\) 를 \\( X \\) 에서 \\( Y \\)로의 함수(function)라 하고,</p> <p>\\( f: X \\rightarrow Y \\)</p> <p>로 나타낸다. 이때 집합 \\( X \\)를 함수 \\( f \\)의 정의역(domain), \\( Y \\)를 함수 \\( f \\)의 공변역(codomain), \\( f(X)=\\{f(x) \\mid x \\in X\\} \\)를 함수 \\( f \\)의 치역(range)이라고 한다.</p> <h3>예제 1.1.1</h3> <p>함수 \\( f(x)=\\left\\{\\begin{array}{ll}x+1, & 0 \\leq x \\leq 2 \\\\ 3-x, & 2<x \\leq 4\\end{array}\\right. \\)가 주어졌을 때,</p> <p>(1) 함수의 정의역은 \\( \\{x \\in \\mathbb{R} \\mid 0 \\leq x \\leq 4\\} \\)이다.</p> <p>(2) 함수의 치역은 \\( \\{y \\mid-1 \\leq y \\leq 3\\} \\)이다.</p> <p>(3) \\( f(2)=3 \\)이고 \\( f(3)=0 \\)이다.</p> <p>함수의 대응규칙이 방정식 \\( y=f(x) \\)인 형태이면 변수 \\( x \\)를 독립변수(independent variable)라 하고 \\( y \\)를 종속변수(dependent variable)라 한다. 함수의 정의역이 지정되지않을 경우 그 함수의 대응규칙이 정의될 수 있는 모든 실수의 집합을 그 함수의 정의역으로 가정한다.</p> <h3>예제 1.1.2</h3> <p>다음 함수의 정의역과 치역을 구하여라.</p> <p>(1) \\( f(x)=\\frac{1}{x-1} \\) (2) \\( g(x)=\\sqrt{4-x^{2}} \\)</p> <p>풀이</p> <p>(1) 함수 \\( f \\) 는 \\( x=1 \\)에서 정의되지 않으므로 \\( f \\)의 정의역은 \\( \\{x \\in \\mathbb{R} \\) : \\[ x \\neq 1\\} \\text { 이고 치역은 }\\{y \\in \\mathbb{R}: y \\neq 0\\} \\text { 이다. } \\]</p> <p>(2) 함수 \\( g \\)는 \\( 4-x^{2} \\geq 0 \\)에서 정의되므로 정의역은 \\( \\{x \\in \\mathbb{R}:-2 \\leq x \\leq 2\\}=[-2,2] \\)이다. \\( -2 \\leq x \\leq 2 \\)가 되면 \\( 0 \\leq 4-x^{2} \\leq 4 \\) 이므로 \\( g \\) 의 치역은 \\( [0,2] \\) 이다.■</p> <h2>정의 1.1.2</h2> <p>두 함수 \\( f: X \\rightarrow Y, g: X \\rightarrow Y \\)가 있을 때 모든 \\( x \\in X \\)에 대하여 \\( f(x)=g(x) \\)가 성립하면 두 함수 \\( f \\)와 \\( g \\)는 같다고 하고 \\( f=g \\)로 나타낸다.</p>",
                "context_length": 1628,
                "clue": [
                    {
                        "clue_text": "미분적분학 이론의 대부분은 함수를 그 대상으로 한다.",
                        "clue_start": "19",
                        "clue_end": "48"
                    },
                    {
                        "clue_text": "\\( f: X \\rightarrow Y \\)",
                        "clue_start": "292",
                        "clue_end": "316"
                    },
                    {
                        "clue_text": "이때 집합 \\( X \\)를 함수 \\( f \\)의 정의역(domain), \\( Y \\)를 함수 \\( f \\)의 공변역(codomain), \\( f(X)=\\{f(x) \\mid x \\in X\\} \\)를 함수 \\( f \\)의 치역(range)이라고 한다.",
                        "clue_start": "332",
                        "clue_end": "470"
                    },
                    {
                        "clue_text": "(1) \\( f(x)=\\frac{1}{x-1} \\) (2) \\( g(x)=\\sqrt{4-x^{2}} \\)",
                        "clue_start": "1018",
                        "clue_end": "1076"
                    },
                    {
                        "clue_text": "두 함수 \\( f: X \\rightarrow Y, g: X \\rightarrow Y \\)가 있을 때 모든 \\( x \\in X \\)에 대하여 \\( f(x)=g(x) \\)가 성립하면 두 함수 \\( f \\)와 \\( g \\)는 같다고 하고 \\( f=g \\)로 나타낸다.",
                        "clue_start": "1478",
                        "clue_end": "1624"
                    }
                ],
                "terminology": [
                    {
                        "word": "공변역"
                    },
                    {
                        "word": "공변역(codomain)"
                    },
                    {
                        "word": "대응규칙"
                    },
                    {
                        "word": "독립변수"
                    },
                    {
                        "word": "독립변수(independent variable)"
                    },
                    {
                        "word": "미분적분학"
                    },
                    {
                        "word": "방정식"
                    },
                    {
                        "word": "실수"
                    },
                    {
                        "word": "실수의 집합"
                    },
                    {
                        "word": "정의역"
                    },
                    {
                        "word": "정의역(domain)"
                    },
                    {
                        "word": "종속변수"
                    },
                    {
                        "word": "종속변수(dependent variable)"
                    },
                    {
                        "word": "집합"
                    },
                    {
                        "word": "치역"
                    },
                    {
                        "word": "치역(range)"
                    },
                    {
                        "word": "함수"
                    }
                ]
            },
            {
                "context_id": "55e-0c9-merge_2_96aba9d6-b2ee3090-de0c-4152-8173-b6403b80ea64_11",
                "context_K-NSCC": {
                    "field": "자연",
                    "large_category": "NA",
                    "medium_category": "04"
                },
                "context": "<h3>예제1.4 .6</h3> <p>다음이 성립함을 보여라.</p> <p>(1) \\( \\lim _ { x \\rightarrow 0 } \\frac {\\sin x } { x } = 1 \\)(2) \\( \\lim _ { x \\rightarrow 0 } \\frac { 1- \\cos x } { x } =0 \\)</p> <p>풀이</p> <p>(1) 먼저 \\( 0<x< \\frac {\\pi } { 2 } \\)라 하자. 그림 1-14에서 \\( \\triangle D O B \\)의 넓이 \\(< \\widetilde { D O A } \\)의 넓이 \\(< \\triangle E O A \\)의 넓이.....① 이고, \\( \\overline { O B } = \\cos x, \\overline { E A } = \\tan x \\)이므로 이것을 ①에 대입하여 정리하면 \\[ \\frac { 1 } { 2 } \\cos x \\cdot \\sin x< \\frac { x } { 2 }< \\frac {\\tan x } { 2 } \\]이다. 양변에 \\( \\frac { 2 } {\\sin x } \\)를 곱하고 역수를 취하면</p> <p>\\( \\frac { 1 } {\\cos x } >\\frac {\\sin x } { x } >\\cos x \\)</p> <p>이다. \\( x \\) 가 0 의 우측에서 접근할 때 극한을 취하면</p> <p>\\( 1= \\lim _ { x \\rightarrow 0 + } \\frac { 1 } {\\cos x } \\geq \\lim _ { x \\rightarrow 0 + } \\frac {\\sin x } { x } \\geq \\lim _ { x \\rightarrow 0 + } \\cos x=1 \\)</p> <p>이 성립한다. 따라서 \\( \\lim _ { x \\rightarrow 0 + } \\frac {\\sin x } { x } =1 \\)이다. \\( - \\frac {\\pi } { 2 }<x<0 \\)인 경우 (1)과 같은 방법으로 \\( t=-x \\) 라 하면</p> <p>\\( \\lim _ { x \\rightarrow 0- } \\frac {\\sin (-t) } { -t } = \\lim _ { t \\rightarrow 0 + } \\frac { - \\sin t } { -t } = \\lim _ { t \\rightarrow 0 + } \\frac {\\sin t } { t } =1 \\)</p>",
                "context_length": 1154,
                "clue": [
                    {
                        "clue_text": "(1) \\( \\lim _ { x \\rightarrow 0 } \\frac {\\sin x } { x } = 1 \\)(2) \\( \\lim _ { x \\rightarrow 0 } \\frac { 1- \\cos x } { x } =0 \\)",
                        "clue_start": "42",
                        "clue_end": "169"
                    },
                    {
                        "clue_text": "\\( x \\) 가 0 의 우측에서 접근할 때 극한을 취하면",
                        "clue_start": "626",
                        "clue_end": "658"
                    },
                    {
                        "clue_text": "\\( \\lim _ { x \\rightarrow 0- } \\frac {\\sin (-t) } { -t } = \\lim _ { t \\rightarrow 0 + } \\frac { - \\sin t } { -t } = \\lim _ { t \\rightarrow 0 + } \\frac {\\sin t } { t } =1 \\)",
                        "clue_start": "978",
                        "clue_end": "1150"
                    }
                ],
                "terminology": [
                    {
                        "word": "극한"
                    }
                ]
            },
            {
                "context_id": "55e-0c9-0afce9af-86e1-4a7c-bede-a70257d8496b",
                "context_K-NSCC": {
                    "field": "자연",
                    "large_category": "NA",
                    "medium_category": "04"
                },
                "context": "<h2>정의 1.1 .6</h2> <p>함수 \\( f: X \\rightarrow Y \\)가 전단사함수일 때 다음을 만족하는 함수 \\( g: Y \\rightarrow X \\)를 함수 \\( f \\)의 역함수(inverse function)라 하고 \\( f^{-1} \\)로 나타낸다.</p> <p>\\( g(y)=x \\Leftrightarrow f(x)=y \\)</p> <p>함수 \\( g \\)가 함수 \\( f \\)의 역함수이면 모든 \\( x \\in X, y \\in Y \\)에 대하여 \\( (g \\circ f)(x)=x \\)와 \\( (f \\circ g)(y)=y \\)를 만족한다.</p> <p>함수 \\( f: X \\rightarrow Y \\)가 전단사함수이면 \\( f \\)의 역함수 \\( f^{-1}: Y \\rightarrow X \\)가 존재한다. 함수 \\( f \\)가 단사함수일 때도 다음과 같은 방법으로 역함수를 구한다.</p> <p>함수 \\( f: X \\rightarrow Y \\)가 단사함수일 때 함수 \\( f \\)의 역함수를 구하려면</p> <p>(i) \\( f: X \\rightarrow f(X) \\)로 공변역을 함수 \\( f \\)의 치역으로 제한하고</p> <p>(ii) 정의역의 변수 \\( x \\)와 치역의 변수 \\( y \\)를 바꾸고</p> <p>(iii) 이 식을 \\( y \\)에 대하여 정리하여 역함수를 구한다.</p> <h3>예제 1.1 .8</h3> <p>함수 \\( f(x)=x^{2}-4 \\)의 정의역이 \\( [0, \\infty) \\)일 때 \\( f \\)의 역함수를 구하여라.</p> <p>풀이</p> <p>\\( f([0, \\infty))=[-4, \\infty) \\)이므로 \\( f:[0, \\infty) \\rightarrow[-4, \\infty) \\)에서 전단사함수이다.</p> <p>\\( y=x^{2}-4 \\)라 하고 \\( x \\) 와 \\( y \\)를 바꾸면 \\( x=y^{2}-4 \\)이고 이를 \\( y \\)에 관하여 정리하면 \\( y^{2}=x+4 \\), 즉 \\( y=\\sqrt{x+4} \\)가 된다. 그러므로 \\( f^{-1}(x)=\\sqrt{x+4} \\)이다.</p> <h3>예제 1.1.9</h3> <p>함수 \\( y=\\sin x \\)는 \\( R \\)위에서 역함수를 갖는가?</p> <p>풀이</p> <p>함수 \\( y=\\sin x \\)의 정의역은 \\( (-\\infty, \\infty) \\)이고 치역은 \\( [-1,1] \\)이다. 그리고 \\( \\sin (0)=\\sin (\\pi) \\)이므로 단사함수가 아니다. 그러므로 \\( y=\\sin x \\)는 전단사함수가 아니므로 역함수를 갖지 않는다.</p> <p>그러나 함수 \\( f(x)=\\sin x \\) 정의역을 \\( \\left[-\\frac{\\pi}{2}, \\frac{\\pi}{2}\\right] \\) 공변역을 \\( [-1,1] \\)로 제한하면 sine 함수의 역함수를 구할 수 있다.</p> <p>또한 임의의 실수 \\( x \\)에 대하여 \\( (-x)^{2}=x^{2} \\)과 \\( (-x)^{3}=-x^{3} \\)이 성립하는 것을 알고있다. 이러한 성질을 함수에 적용하여, 임의의 실수 \\( x \\)에 대하여</p> <p>\\( f(-x)=f(x) \\)</p> <p>를 만족하는 함수 \\( f \\)를 우함수(even function)라 하고,</p> <p>\\( f(-x)=-f(x) \\)</p> <p>를 만족하는 함수 \\( f \\)를 기함수(odd function)라 한다. 그러므로 \\( f(x)=x^{2} \\)은 우함수, \\( g(x)=x^{3} \\)은 기함수이다. 특히, 우함수의 그래프는 \\( y \\)축에 관하여 대칭이고 기함수의 그래프는 원점에 관하여 대칭임을 알 수 있다.</p> <p>상수함수 \\( y=a_{0} \\)와 함수 \\( y=x \\)를 이용하여 유한 번의 덧셈, 뺄셈 그리고 곱셈을 반복하여</p> <p>\\( f(x)=a_{n} x^{n}+a_{n-1} x^{n-1}+\\cdots+a_{1} x+a_{0} \\)</p> <p>형태의 함수를 얻을 수 있으며, 이와 같은 함수를 다항함수(polynomial function)라고 한다. 특히 \\( a_{n} \\neq 0 \\)일 때 \\( f(x) \\)를 \\( x \\)에 관한 \\( n \\)차 다항함수라고 한다. 또한 두 다항함수 \\( f(x) \\)와 \\( g(x) \\)의 비로 나타낸 함수</p> <p>\\( \\frac{f(x)}{g(x)}=\\frac{a_{n} x^{n}+a_{n-1} x^{n-1}+\\cdots+a_{1} x+a_{0}}{b_{m} x^{m}+b_{m-1} x^{m-1}+\\cdots+b_{1} x+b_{0}} \\)</p> <p>를 유리함수(rational function), 그리고 \\( x \\)에 관한 무리식으로 표현되는 함수를 무리함수 (irrational function)라 한다. 일반적으로 다항함수에 덧셈, 뺄셈, 곱셈, 나눗셈, 거듭제곱근 등을 유한번 시행하여 얻는 함수 또는 \\( x \\)에 관한 \\( n \\)차 방정식</p> <p>\\( y=a_{n} x^{n}+a_{n-1} x^{n-1}+\\cdots+a_{1} x+a_{0}, a_{n} \\neq 0 \\)</p> <p>의 해로 나타나는 함수를 대수함수(algebraic function)라 한다. 예를 들어</p> <p>\\( y=5 x^{7}-\\sqrt[3]{x^{4}}+\\frac{x\\left(x^{2}+1\\right)}{\\sqrt[5]{x}+x^{3}} \\)</p> <p>은 대수함수이다. 그리고 대수함수가 아닌 함수를 초월함수(transcendental function)라 하며, 대표적으로 지수함수, 로그함수, 삼각함수 그리고 쌍곡선함수 및 역삼각함수와 역쌍곡선함수 등이 초월함수의 예이다.</p>",
                "context_length": 2815,
                "clue": [
                    {
                        "clue_text": "함수 \\( f: X \\rightarrow Y \\)가 전단사함수일 때 다음을 만족하는 함수 \\( g: Y \\rightarrow X \\)를 함수 \\( f \\)의 역함수(inverse function)라 하고 \\( f^{-1} \\)로 나타낸다.",
                        "clue_start": "22",
                        "clue_end": "155"
                    },
                    {
                        "clue_text": "이러한 성질을 함수에 적용하여, 임의의 실수 \\( x \\)에 대하여</p> <p>\\( f(-x)=f(x) \\)</p> <p>를 만족하는 함수 \\( f \\)를 우함수(even function)라 하고,</p> <p>\\( f(-x)=-f(x) \\)</p> <p>를 만족하는 함수 \\( f \\)를 기함수(odd function)라 한다.",
                        "clue_start": "1521",
                        "clue_end": "1706"
                    },
                    {
                        "clue_text": "</p> <p>상수함수 \\( y=a_{0} \\)와 함수 \\( y=x \\)를 이용하여 유한 번의 덧셈, 뺄셈 그리고 곱셈을 반복하여</p> <p>\\( f(x)=a_{n} x^{n}+a_{n-1} x^{n-1}+\\cdots+a_{1} x+a_{0} \\)</p> <p>형태의 함수를 얻을 수 있으며, 이와 같은 함수를 다항함수(polynomial function)라고 한다.",
                        "clue_start": "1823",
                        "clue_end": "2029"
                    },
                    {
                        "clue_text": "일반적으로 다항함수에 덧셈, 뺄셈, 곱셈, 나눗셈, 거듭제곱근 등을 유한번 시행하여 얻는 함수 또는 \\( x \\)에 관한 \\( n \\)차 방정식</p> <p>\\( y=a_{n} x^{n}+a_{n-1} x^{n-1}+\\cdots+a_{1} x+a_{0}, a_{n} \\neq 0 \\)</p> <p>의 해로 나타나는 함수를 대수함수(algebraic function)라 한다.",
                        "clue_start": "2377",
                        "clue_end": "2586"
                    }
                ],
                "terminology": [
                    {
                        "word": "algebraic function"
                    },
                    {
                        "word": "even function"
                    },
                    {
                        "word": "odd function"
                    },
                    {
                        "word": "polynomial function"
                    },
                    {
                        "word": "rational function"
                    },
                    {
                        "word": "sine 함수"
                    },
                    {
                        "word": "transcendental function"
                    },
                    {
                        "word": "거듭제곱근"
                    },
                    {
                        "word": "공변역"
                    },
                    {
                        "word": "기함수"
                    },
                    {
                        "word": "다항함수"
                    },
                    {
                        "word": "단사함수"
                    },
                    {
                        "word": "대수함수"
                    },
                    {
                        "word": "로그함수"
                    },
                    {
                        "word": "무리식"
                    },
                    {
                        "word": "무리함수"
                    },
                    {
                        "word": "방정식"
                    },
                    {
                        "word": "삼각함수"
                    },
                    {
                        "word": "상수함수"
                    },
                    {
                        "word": "실수"
                    },
                    {
                        "word": "쌍곡선함수"
                    },
                    {
                        "word": "역쌍곡선함수"
                    },
                    {
                        "word": "역함수"
                    },
                    {
                        "word": "우함수"
                    },
                    {
                        "word": "유리함수"
                    },
                    {
                        "word": "전단사함수"
                    },
                    {
                        "word": "정의역"
                    },
                    {
                        "word": "지수함수"
                    },
                    {
                        "word": "초월함수"
                    },
                    {
                        "word": "치역"
                    },
                    {
                        "word": "함수"
                    }
                ]
            },
            {
                "context_id": "55e-0c9-2bba82a6-49cf-4d97-8734-d357ff10d528",
                "context_K-NSCC": {
                    "field": "자연",
                    "large_category": "NA",
                    "medium_category": "04"
                },
                "context": "<h3>예제 1.4.2</h3> <p>다음의 극한을 구하여라</p> <p>(1) \\( \\lim _{x \\rightarrow-1}\\left(2 x^{3}+1\\right)(x+5) \\)(2) \\( \\lim _{x \\rightarrow 3} \\frac{x^{2}-x+1}{2 x+1} \\)(3) \\( \\lim _{x \\rightarrow 2} \\sqrt{\\frac{x+1}{x-1}} \\)</p> <p>풀이</p> <p>(1) \\( \\begin{aligned} \\lim _{x \\rightarrow-1}\\left(2 x^{3}+1\\right)(x+5) &=\\lim _{x \\rightarrow-1}\\left(2 x^{3}+1\\right) \\lim _{x \\rightarrow-1}(x+5) \\\\ &=\\left[2 \\cdot(-1)^{3}+1\\right](-1+5) \\\\ &=-4 \\end{aligned} \\)</p> <p>(2) 분모의 극한이 0이 아니므로</p> <p>\\( \\lim _{x \\rightarrow 3} \\frac{x^{2}-x+1}{2 x+1}=\\frac{\\lim _{x \\rightarrow 3}\\left(x^{2}-x+1\\right)}{\\lim _{x \\rightarrow 3}(2 x+1)}=\\frac{3^{2}-3+1}{(2 \\cdot 3+1)}=\\frac{7}{7}=1 \\).</p> <p>(3) \\( \\lim _{x \\rightarrow 2} \\frac{x+1}{x-1}=3>0 \\)이므로 \\( \\lim _{x \\rightarrow 2} \\sqrt{\\frac{x+1}{x-1}}=\\sqrt{3} \\)이다.</p> <p>다음과 같이 분자와 분모의 극한이 모두 0 인 함수의 극한을 구하여 보자.</p> <h3>예제 1.4.3</h3> <p>다음 극한값을 구하여라.</p> <p>(1) \\( \\lim _{x \\rightarrow 4} \\frac{x^{2}-16}{\\sqrt{x}-2} \\)(2) \\( \\lim _{h \\rightarrow 0} \\frac{\\sqrt{4+h}-2}{h} \\)</p> <p>풀이</p> <p>위의 문제들은 분모의 극한이 0이 되므로 위의 정리 (3)을 이용할 수 없다.</p> <p>(1) \\( x \\rightarrow 4 \\)이므로 \\( x \\neq 4 \\)이고, 따라서 \\( x \\neq 4 \\)이면 다음 등식이 성립한다. \\[ \\frac{x^{2}-16}{\\sqrt{x}-2}=\\frac{(x+4)(\\sqrt{x}+2)(\\sqrt{x}-2)}{\\sqrt{x}-2}=(x+4)(\\sqrt{x}+2) \\]그러므로 \\[ \\begin{aligned} \\lim _{x \\rightarrow 4} \\frac{x^{2}-16}{\\sqrt{x}-2} &=\\lim _{x \\rightarrow 4}(x+4)(\\sqrt{x}+2) \\\\ &=\\lim _{x \\rightarrow 4}(x+4) \\lim _{x \\rightarrow 4}(\\sqrt{x}+2)=8 \\cdot 4=32 \\end{aligned} \\]이다.</p> <p>(2) \\( h \\rightarrow 0 \\)이므로 \\( h \\neq 0 \\)이고, 따라서 \\( h \\neq 0 \\)이면 다음 등식이 성립한다. \\[ \\frac{\\sqrt{4+h}-2}{h}=\\frac{(\\sqrt{4+h}-2) \\sqrt{(4+h}+2)}{h(\\sqrt{4+h}+2)}=\\frac{1}{\\sqrt{4+h}+2} \\]그러므로</p> <p>\\( \\lim _{h \\rightarrow 0} \\frac{\\sqrt{4+h}-2}{h}=\\lim _{h \\rightarrow 0} \\frac{1}{\\sqrt{4+h}+2}=\\frac{1}{4} \\)</p> <p>이다.</p> <h2>정리 1.4 .2</h2> <p>만일 \\( \\lim _{x \\rightarrow a} f(x)=L\\left(\\right. \\)단 \\( L \\neq 0 \\) )이고 \\( \\lim _{x \\rightarrow a} g(x)=0 \\)이면 \\( \\lim _{x \\rightarrow a} \\frac{f(x)}{g(x)} \\)는 존재하지 않는다.</p> <p>증명</p> <p>\\( \\lim _{x \\rightarrow a} \\frac{f(x)}{g(x)}=M \\)이라 가정하자.</p> <p>\\( \\begin{aligned} L=\\lim _{x \\rightarrow a} f(x) &=\\lim _{x \\rightarrow a}\\left[\\frac{f(x)}{g(x)} \\cdot g(x)\\right] \\\\ &=\\lim _{x \\rightarrow a} \\frac{f(x)}{g(x)} \\cdot \\lim _{x \\rightarrow a} g(x)=M \\cdot 0=0 \\end{aligned} \\)</p> <p>이므로 이는 \\( L \\neq 0 \\)이라는 가정에 모순이다. 그러므로 \\( \\lim _{x \\rightarrow a} \\frac{f(x)}{g(x)} \\)는 존재하지 않는다.</p>",
                "context_length": 2427,
                "clue": [
                    {
                        "clue_text": "(1) \\( \\begin{aligned} \\lim _{x \\rightarrow-1}\\left(2 x^{3}+1\\right)(x+5) &=\\lim _{x \\rightarrow-1}\\left(2 x^{3}+1\\right) \\lim _{x \\rightarrow-1}(x+5) \\\\ &=\\left[2 \\cdot(-1)^{3}+1\\right](-1+5) \\\\ &=-4 \\end{aligned} \\)",
                        "clue_start": "232",
                        "clue_end": "449"
                    },
                    {
                        "clue_text": "만일 \\( \\lim _{x \\rightarrow a} f(x)=L\\left(\\right. \\)단 \\( L \\neq 0 \\) )이고 \\( \\lim _{x \\rightarrow a} g(x)=0 \\)이면 \\( \\lim _{x \\rightarrow a} \\frac{f(x)}{g(x)} \\)는 존재하지 않는다.",
                        "clue_start": "1837",
                        "clue_end": "2007"
                    },
                    {
                        "clue_text": "(1) \\( \\lim _{x \\rightarrow-1}\\left(2 x^{3}+1\\right)(x+5) \\)(2) \\( \\lim _{x \\rightarrow 3} \\frac{x^{2}-x+1}{2 x+1} \\)(3) \\( \\lim _{x \\rightarrow 2} \\sqrt{\\frac{x+1}{x-1}} \\)",
                        "clue_start": "41",
                        "clue_end": "214"
                    },
                    {
                        "clue_text": "다음의 극한을 구하여라",
                        "clue_start": "21",
                        "clue_end": "33"
                    },
                    {
                        "clue_text": "\\( \\lim _{x \\rightarrow a} \\frac{f(x)}{g(x)}=M \\)이라 가정하자.",
                        "clue_start": "2025",
                        "clue_end": "2082"
                    }
                ],
                "terminology": [
                    {
                        "word": "극한"
                    },
                    {
                        "word": "극한값"
                    },
                    {
                        "word": "분모"
                    },
                    {
                        "word": "분자"
                    },
                    {
                        "word": "함수"
                    },
                    {
                        "word": "함수의 극한"
                    }
                ]
            },
            {
                "context_id": "55e-0c9-89b8495f-4988-4693-a281-2d85bea33f34",
                "context_K-NSCC": {
                    "field": "자연",
                    "large_category": "NA",
                    "medium_category": "04"
                },
                "context": "<h3>예제 1.4.1</h3> <p>\\( \\lim _{x \\rightarrow-1}(2 x+3) \\)를 구하여라.</p> <p>풀이</p> <p>\\( x \\) 가 \\( -1 \\)에 가까워질수록 \\( 2 x+3 \\)는 1에 가까워짐을 알 수 있다. 그러므로 \\( \\lim _{x \\rightarrow-1}(2 x+3)=1 \\)이다.</p> <p>함수</p> <p>\\( f(x)=\\left\\{\\begin{array}{ll}\\frac{x}{|x|}, & x \\neq 0 \\\\ 0, & x=0\\end{array}\\right. \\)</p> <p>의 그래프인 그림 1-13을 보면 \\( x=0 \\)에서 극한이 존재하지 않는다. \\( x \\)축 위의 점들을 0의 근방에서 한없이 0에 가까이 접근시킬 때 \\( x \\)가 점 0의 우측방향에서 0에 접근할 때와 좌측방향에서 0에 접근할 때의 함숫값 \\( f(x) \\)의 접근하는 값이 달라짐을 알 수 있다. 실제로, \\( x \\)가 점 0의 우측방향에서 0에 접근하면 함숫값 \\( f(x) \\)는 1에 접근하고, \\( x \\)가 점 0의 좌측방향에서 0에 접근하면 함숫값 \\( f(x) \\)는 \\( -1 \\)에 접근한다. 이러한 뜻에서 함수 \\( f \\)의 \\( x=0 \\)에서의 우측극한값은 1이고 좌측극한값은 \\( -1 \\)이라 한다. 그러나 \\( x \\)가 0에 접근하는 방향에 따라 함숫값 \\( f(x) \\)가 접근하는 값이 달라지므로 함수 \\( f \\)의 \\( x=0 \\)에서의 극한값은 존재하지 않는다.</p> <p>이제 \\( a \\)의 왼쪽 또는 \\( a \\)의 오른쪽에서 \\( x \\)가 \\( a \\)에 접근하는 경우를 생각해보자. 이 방향에 따라서 두 가지 극한을 정의하면 다음과 같다.</p> <h2>정의 1.4 .2</h2> <p>\\( a \\)보다 작으면서 \\( a \\)에 충분히 가까워지는 \\( x \\)에 대하여 \\( f(x) \\)가 어떤 유한한 값 \\( L \\)에 충분히 가까워진다면</p> <p>\\( \\lim _{x \\rightarrow a^{-}} f(x)=L \\)</p> <p>로 나타내고, \\( L \\)을 \\( x=a \\)에서 \\( f(x) \\)의 좌극한(left-hand limit)이라 한다. 또한 \\( a \\)보다 크면서 \\( a \\)에 충분히 가까워지는 \\( x \\)에 대하여 \\( f(x) \\)가 어떤 유한한 값 \\( L \\)에 충분히 가까워진다면</p> <p>\\( \\lim _{x \\rightarrow a^{+}} f(x)=L \\)</p> <p>로 나타내고, \\( L \\) 을 \\( x=a \\) 에서 \\( f(x) \\) 의 우극한(right-hand limit)이라 한다. 이때 \\( x \\rightarrow a^{-} \\)는 \\( x \\) 가 \\( a \\)의 왼쪽에서 접근하는 것을 \\( x \\rightarrow a^{+} \\)는 \\( x \\) 가 \\( a \\)의 오른쪽에서 접근하는 것을 의미한다. 따라서 \\( \\lim _{x \\rightarrow 0^{-}} \\frac{x}{|x|}=-1 \\)이고 \\( \\lim _{x \\rightarrow 0^{+}} \\frac{x}{|x|}=1 \\) 이 된다.</p> <p>함수의 극한에 관한 기본 연산 정리는 다음과 같으며 정리의 증명은 해석학에서 다룰 것이다.</p> <h2>정리 1.4 .1</h2> <p>\\( k \\)가 상수이고 \\( n \\)은 양의 정수라 하자. 극한 \\( \\lim _{x \\rightarrow a} f(x), \\lim _{x \\rightarrow a} g(x) \\)가 존재하면 다음식을 만족한다.</p> <p>(1) (합·차의 법칙) \\( \\lim _{x \\rightarrow a}[f(x) \\pm g(x)]=\\lim _{x \\rightarrow a} f(x) \\pm \\lim _{x \\rightarrow a} g(x) \\) (복호동순)</p> <p>(2) (곱의 법칙) \\( \\lim _{x \\rightarrow a}[f(x) \\cdot g(x)]=\\lim _{x \\rightarrow a} f(x) \\cdot \\lim _{x \\rightarrow a} g(x) \\)</p> <p>(3) (몫의 법칙) \\( \\lim _{x \\rightarrow a} g(x) \\neq 0 \\) 이면, \\( \\lim _{x \\rightarrow a}\\left[\\frac{f(x)}{g(x)}\\right]=\\frac{\\lim _{x \\rightarrow a} f(x)}{\\lim _{x \\rightarrow a} g(x)} \\)</p> <p>(4) (상수배의 법칙) \\( \\lim _{x \\rightarrow a}[k \\cdot f(x)]=k \\cdot \\lim _{x \\rightarrow a} f(x) \\)</p> <p>(5) (거듭제곱의 법칙) \\( \\lim _{x \\rightarrow a}[f(x)]^{n}=\\left[\\lim _{x \\rightarrow a} f(x)\\right]^{n} \\)</p> <p>(6) (제곱근의 법칙) \\( \\lim _{x \\rightarrow a} \\sqrt[n]{f(x)}=\\sqrt[n]{\\lim _{x \\rightarrow a} f(x)} \\) (단 \\( n \\) 이 짝수이면 \\( \\lim _{x \\rightarrow a} f(x)>0 \\) )</p>",
                "context_length": 2592,
                "clue": [
                    {
                        "clue_text": "<p>함수</p> <p>\\( f(x)=\\left\\{\\begin{array}{ll}\\frac{x}{|x|}, & x \\neq 0 \\\\ 0, & x=0\\end{array}\\right. \\)</p> <p>의 그래프인 그림 1-13을 보면 \\( x=0 \\)에서 극한이 존재하지 않는다.",
                        "clue_start": "190",
                        "clue_end": "345"
                    },
                    {
                        "clue_text": "그러나 \\( x \\)가 0에 접근하는 방향에 따라 함숫값 \\( f(x) \\)가 접근하는 값이 달라지므로 함수 \\( f \\)의 \\( x=0 \\)에서의 극한값은 존재하지 않는다.",
                        "clue_start": "659",
                        "clue_end": "756"
                    },
                    {
                        "clue_text": "\\( a \\)보다 작으면서 \\( a \\)에 충분히 가까워지는 \\( x \\)에 대하여 \\( f(x) \\)가 어떤 유한한 값 \\( L \\)에 충분히 가까워진다면</p> <p>\\( \\lim _{x \\rightarrow a^{-}} f(x)=L \\)</p> <p>로 나타내고, \\( L \\)을 \\( x=a \\)에서 \\( f(x) \\)의 좌극한(left-hand limit)이라 한다.",
                        "clue_start": "889",
                        "clue_end": "1099"
                    },
                    {
                        "clue_text": "또한 \\( a \\)보다 크면서 \\( a \\)에 충분히 가까워지는 \\( x \\)에 대하여 \\( f(x) \\)가 어떤 유한한 값 \\( L \\)에 충분히 가까워진다면</p> <p>\\( \\lim _{x \\rightarrow a^{+}} f(x)=L \\)</p> <p>로 나타내고, \\( L \\) 을 \\( x=a \\) 에서 \\( f(x) \\) 의 우극한(right-hand limit)이라 한다.",
                        "clue_start": "1100",
                        "clue_end": "1316"
                    },
                    {
                        "clue_text": "따라서 \\( \\lim _{x \\rightarrow 0^{-}} \\frac{x}{|x|}=-1 \\)이고 \\( \\lim _{x \\rightarrow 0^{+}} \\frac{x}{|x|}=1 \\) 이 된다.",
                        "clue_start": "1445",
                        "clue_end": "1557"
                    }
                ],
                "terminology": [
                    {
                        "word": "left-hand limit"
                    },
                    {
                        "word": "limit"
                    },
                    {
                        "word": "right-hand limit"
                    },
                    {
                        "word": "거듭제곱의 법칙"
                    },
                    {
                        "word": "곱의 법칙"
                    },
                    {
                        "word": "극한"
                    },
                    {
                        "word": "극한값"
                    },
                    {
                        "word": "기본 연산"
                    },
                    {
                        "word": "몫의 법칙"
                    },
                    {
                        "word": "복호동순"
                    },
                    {
                        "word": "상수배"
                    },
                    {
                        "word": "상수배의 법칙"
                    },
                    {
                        "word": "우극한"
                    },
                    {
                        "word": "제곱근의 법칙"
                    },
                    {
                        "word": "좌극한"
                    },
                    {
                        "word": "함수"
                    },
                    {
                        "word": "함수의 극한"
                    },
                    {
                        "word": "함숫값"
                    },
                    {
                        "word": "합·차의 법칙"
                    },
                    {
                        "word": "해석학"
                    }
                ]
            },
            {
                "context_id": "55e-0c9-5c21b7f4-5185-4ae0-ac0e-edb06201781c",
                "context_K-NSCC": {
                    "field": "자연",
                    "large_category": "NA",
                    "medium_category": "04"
                },
                "context": "<h3>예제 1.4.4</h3> <p>다음 극한이 존재하면 극한을 구하여라.</p> <p>(1) \\( \\lim _{x \\rightarrow 2} \\frac{x^{2}+3 x+2}{x-2} \\)(2) \\( \\lim _{x \\rightarrow-1} \\frac{x^{2}-3 x-4}{x+1} \\)</p> <p>풀이</p> <p>(1) \\( \\lim _{x \\rightarrow 2}\\left(x^{2}+3 x+2\\right)=12 \\neq 0 \\)이고 \\( \\lim _{x \\rightarrow 2}(x-2)=0 \\)이므로 정리 \\( 1.4 .2 \\)에 의하여 \\( \\lim _{x \\rightarrow 2} \\frac{x^{2}+3 x+2}{x-2} \\)이 존재하지 않는다.</p> <p>(2) \\( \\frac{x^{2}-3 x-4}{x+1}=\\frac{(x-4)(x+1)}{(x+1)}=x-4 \\)이므로 \\[ \\lim _{x \\rightarrow-1} \\frac{x^{2}-3 x-4}{x+1}=\\lim _{x \\rightarrow-1}(x-4)=-5 \\]이다.</p> <h2>정리 1.4 .3</h2> <p>조임정리</p> <p>만일 \\( a \\)를 포함하는 개구간에 대하여 \\( x \\neq a \\)를 만족하는 모든 개구간의 점 \\( x \\)에서 \\[ f(x) \\leq g(x) \\leq h(x) \\text { 이고 } \\lim _{x \\rightarrow a} f(x)=\\lim _{x \\rightarrow a} h(x)=L \\text { 이면 } \\lim _{x \\rightarrow a} g(x)=L \\text { 이다. } \\]</p> <h3>예제 1.4.5</h3> <p>함수 \\( f(x)=\\left\\{\\begin{array}{ll}x^{2}, & x \\text { 가 유리수 일 때 } \\lim _{x \\rightarrow 0} f(x) \\text { 를 구하여라. } \\\\ 0, & x \\text { 가 무리수 }\\end{array}\\right. \\)</p> <p>풀이</p> <p>\\( |x|<1 \\)에 대하여 \\( 0 \\leq f(x) \\leq x^{2} \\)을 만족한다. 또한 \\( \\lim _{x \\rightarrow 0} x^{2}=0 \\)이므로 정리 \\( 1.4 .3 \\)에 의하여 \\( \\lim _{x \\rightarrow 0} f(x)=0 \\)이다.</p> <p>삼각함수의 극한값에 대하여 알아보자.</p> <h2>정리</h2> <p>다음의 극한이 성립한다.</p> <p>(1) \\( \\lim _{x \\rightarrow 0} \\sin x=0 \\)(2) \\( \\lim _{x \\rightarrow 0} \\cos x=1 \\)</p> <p>증명</p> <p>(1)먼저 \\( 0<x<\\frac{\\pi}{2} \\)라 하자. 그림 1-14과 같이 원점이 중심이고 반지름이 1인 원에서 길이가 \\( x \\) 인 원호 \\( D A \\)를 작도한 후 \\( \\overline{O A} \\)에 수직인 수선 \\( \\overline{D B} \\)를 그리면 \\( \\overline{D B} \\)의 길이는 \\( \\sin x \\)이며 \\( 0<\\sin x<x \\)을 만족한다. 따라서 \\( \\lim _{x \\rightarrow 0^{+}} \\sin x=0 \\)이다.</p> <p>한편 \\( -\\frac{\\pi}{2}<x<0 \\)이면 \\( t=-x \\)라 놓으면 \\( 0<t<\\frac{\\pi}{2} \\)가 되며 \\( 0<\\sin t<t \\)를 만족한다.즉, \\( 0<\\sin (-x)=-\\sin x<-x \\)가 되므로 \\( x<\\sin x<0 \\)을 만족하며 정리 \\( 1.4 .4 \\)에 의하여 \\( \\lim _{x \\rightarrow 0^{-}} \\sin x=0 \\)이다. 그러므로 \\( \\lim _{x \\rightarrow 0} \\sin x=0 \\)</p> <p>(2) \\( -\\frac{\\pi}{2}<x<\\frac{\\pi}{2} \\)라 하면 \\( \\cos x \\geq 0 \\)이므로 \\( \\sin ^{2} x+\\cos ^{2} x=1 \\)로부터 \\( \\cos x=\\sqrt{1-\\sin ^{2} x} \\)가 된다. 따라서 정리 \\( 1.4 \\).1과 정리 1.4.4로부터 \\[ \\lim _{x \\rightarrow 0} \\cos x=\\lim _{x \\rightarrow 0} \\sqrt{1-\\sin ^{2} x}=\\sqrt{\\lim _{x \\rightarrow 0}\\left(1-\\sin ^{2} x\\right)}=1 \\]이다.</p>",
                "context_length": 2212,
                "clue": [
                    {
                        "clue_text": "만일 \\( a \\)를 포함하는 개구간에 대하여 \\( x \\neq a \\)를 만족하는 모든 개구간의 점 \\( x \\)에서 \\[ f(x) \\leq g(x) \\leq h(x) \\text { 이고 } \\lim _{x \\rightarrow a} f(x)=\\lim _{x \\rightarrow a} h(x)=L \\text { 이면 } \\lim _{x \\rightarrow a} g(x)=L \\text { 이다. } \\]",
                        "clue_start": "578",
                        "clue_end": "806"
                    },
                    {
                        "clue_text": "다음의 극한이 성립한다.",
                        "clue_start": "1214",
                        "clue_end": "1227"
                    },
                    {
                        "clue_text": "(1) \\( \\lim _{x \\rightarrow 0} \\sin x=0 \\)(2) \\( \\lim _{x \\rightarrow 0} \\cos x=1 \\)",
                        "clue_start": "1235",
                        "clue_end": "1319"
                    },
                    {
                        "clue_text": "(1)먼저 \\( 0<x<\\frac{\\pi}{2} \\)라 하자. 그림 1-14과 같이 원점이 중심이고 반지름이 1인 원에서 길이가 \\( x \\) 인 원호 \\( D A \\)를 작도한 후 \\( \\overline{O A} \\)에 수직인 수선 \\( \\overline{D B} \\)를 그리면 \\( \\overline{D B} \\)의 길이는 \\( \\sin x \\)이며 \\( 0<\\sin x<x \\)을 만족한다.",
                        "clue_start": "1337",
                        "clue_end": "1558"
                    }
                ],
                "terminology": [
                    {
                        "word": "개구간"
                    },
                    {
                        "word": "극한"
                    },
                    {
                        "word": "극한값"
                    },
                    {
                        "word": "무리수"
                    },
                    {
                        "word": "삼각함수"
                    },
                    {
                        "word": "수선"
                    },
                    {
                        "word": "원호"
                    },
                    {
                        "word": "유리수"
                    },
                    {
                        "word": "조임정리"
                    },
                    {
                        "word": "함수"
                    }
                ]
            },
            {
                "context_id": "55e-0c9-e6674919-1d62-4139-acd3-229fdf6cb5e0",
                "context_K-NSCC": {
                    "field": "자연",
                    "large_category": "NA",
                    "medium_category": "04"
                },
                "context": "<h3>예제 1.2.2</h3> <p>\\( [-1,1] \\)에 속하는 각 \\( x \\)에 대하여 \\( \\cos \\left(\\sin ^{-1} x\\right)=\\sqrt{1-x^{2}} \\)임을 보여라.</p> <p>풀이</p> <p>\\( t=\\sin ^{-1} x \\)라고 \\( \\quad \\)놓으면 \\( \\quad x=\\sin t \\)이고 \\( \\quad t \\in\\left[-\\frac{\\pi}{2}, \\frac{\\pi}{2}\\right] \\)이다.</p> <p>\\( \\sin ^{2} t+\\cos ^{2} t=1 \\)에서 \\( \\cos ^{2} t=1-\\sin ^{2} t=1-x^{2} \\). 즉, \\( \\cos t=\\pm \\sqrt{1-x^{2}} \\)를 만족한다. 그런데 \\( t \\in\\left[-\\frac{\\pi}{2}, \\frac{\\pi}{2}\\right] \\)이면 \\( \\cos t \\geq 0 \\)이므로</p> <p>\\( \\cos \\left(\\sin ^{-1} x\\right)=\\cos t=\\sqrt{1-x^{2}} \\)</p> <p>이다.</p> <h3>예제 1.2.3</h3> <p>다음 값을 구하여라.</p> <p>\\( \\cos \\left(\\tan ^{-1} \\frac{5}{12}\\right) \\)</p> <p>풀이</p> <p>삼각형을 이용하여 값을 구하자. \\( \\tan ^{-1} \\frac{5}{12}=x \\)라 하면 \\( \\tan x=\\frac{5}{12} \\)이고 \\( \\cos \\left(\\tan ^{-1} \\frac{5}{12}\\right)=\\cos x \\)이된다. 그러므로 그림 1-6의 삼각형에서 \\( \\cos x= \\) \\( \\frac{12}{13} \\) 이다.</p> <h3>예제 1.2.4</h3> <p>\\( \\sin ^{-1} \\frac{1}{3}+\\cos ^{-1} \\frac{1}{3} \\)의 값을 구하여라.</p> <p>풀이</p> <p>\\( \\sin ^{-1} \\frac{1}{3}=x \\)이고 \\( \\cos ^{-1} \\frac{1}{3}=y \\)라 하면 \\( 0 \\leq x, y \\leq \\frac{\\pi}{2}, \\sin x=\\frac{1}{3} \\)이고 \\( \\cos y=\\frac{1}{3} \\)이다. 한편</p> <p>\\( \\begin{aligned} \\sin \\left(\\sin ^{-1} \\frac{1}{3}+\\cos ^{-1} \\frac{1}{3}\\right) &=\\sin (x+y) \\\\ &=\\sin x \\cos y+\\cos x \\sin y \\end{aligned} \\)</p> <p>이므로 그림 1-7의 삼각형을 이용하면 \\( \\sin y=\\frac{\\sqrt{8}}{3} \\)와 \\( \\cos x=\\frac{\\sqrt{8}}{3} \\)이 된다. 그러므로</p> <p>\\( \\sin \\left(\\sin ^{-1} \\frac{1}{3}+\\cos ^{-1} \\frac{1}{3}\\right)=\\frac{1}{3} \\cdot \\frac{1}{3}+\\frac{\\sqrt{8}}{3} \\cdot \\frac{\\sqrt{8}}{3}=1 \\)</p> <p>이므로 \\( \\sin ^{-1} \\frac{1}{3}+\\cos ^{-1} \\frac{1}{3}=\\frac{\\pi}{2} \\)이다.</p> <p>다른 삼각함수에 대한 역함수도 같은 방법으로 생각할 수 있다. 각 함수의 정의구역을 다음과 같이 제한하면,</p> <p>\\( y=\\cot x, x \\in(0, \\pi) \\) \\( y=\\sec x, \\quad x \\in\\left[0, \\frac{\\pi}{2}\\right) \\cup\\left[\\pi, \\frac{3 \\pi}{2}\\right) \\) \\( y=\\csc x, x \\in\\left(0, \\frac{\\pi}{2}\\right] \\cup\\left(\\pi, \\frac{3 \\pi}{2}\\right] \\)</p> <p>이들의 역함수는 다음과 같다.</p> <p>\\( y=\\cot ^{-1} x, x \\in(-\\infty, \\infty) \\) \\( y=\\sec ^{-1} x, x \\in(-\\infty,-1] \\cup[1, \\infty) \\) \\( y=\\csc ^{-1} x, x \\in(-\\infty,-1] \\cup[1, \\infty) \\)</p> <p>secant함수의 정의역을 \\( \\left[0, \\frac{\\pi}{2}\\right) \\cup\\left(\\frac{\\pi}{2}, \\pi\\right] \\)대신 \\( \\left[0, \\frac{\\pi}{2}\\right) \\cup\\left[\\pi, \\frac{3 \\pi}{2}\\right) \\)로 택한 이유는</p> <p>secant함수의 역함수에 대한 미분 공식의 적용이 편리하기 때문이다.</p> <h3>예제 1.2.5</h3> <p>다음 등식이 성립함을 보여라.</p> <p>\\( \\tan \\left(\\sec ^{-1} x\\right)=\\sqrt{x^{2}-1} \\)</p> <p>풀이</p> <p>\\( \\sec ^{-1} x=t \\)라 하면 \\( t \\in\\left[0, \\frac{\\pi}{2}\\right) \\cup\\left[\\pi, \\frac{3 \\pi}{2}\\right) \\)이므로 \\( \\tan \\left(\\sec ^{-1}(x)\\right)=\\tan t \\geq 0 \\)을 만족한다. \\( \\sec ^{2} t=\\tan ^{2} t+1 \\)이므로</p> <p>\\( \\tan t=\\sqrt{\\sec ^{2} t-1}=\\sqrt{x^{2}-1} \\)</p> <p>가 된다.</p>",
                "context_length": 2689,
                "clue": [
                    {
                        "clue_text": "\\( [-1,1] \\)에 속하는 각 \\( x \\)에 대하여 \\( \\cos \\left(\\sin ^{-1} x\\right)=\\sqrt{1-x^{2}} \\)임을 보여라.",
                        "clue_start": "21",
                        "clue_end": "112"
                    },
                    {
                        "clue_text": "\\( \\cos \\left(\\tan ^{-1} \\frac{5}{12}\\right) \\)",
                        "clue_start": "582",
                        "clue_end": "629"
                    },
                    {
                        "clue_text": "\\( \\sin ^{-1} \\frac{1}{3}+\\cos ^{-1} \\frac{1}{3} \\)의 값을 구하여라.",
                        "clue_start": "870",
                        "clue_end": "931"
                    },
                    {
                        "clue_text": "secant함수의 역함수에 대한 미분 공식의 적용이 편리하기 때문이다.",
                        "clue_start": "2258",
                        "clue_end": "2297"
                    },
                    {
                        "clue_text": "삼각형을 이용하여 값을 구하자.",
                        "clue_start": "647",
                        "clue_end": "664"
                    }
                ],
                "terminology": [
                    {
                        "word": "secant함수"
                    },
                    {
                        "word": "미분 공식"
                    },
                    {
                        "word": "삼각함수"
                    },
                    {
                        "word": "역함수"
                    },
                    {
                        "word": "정의역"
                    },
                    {
                        "word": "함수"
                    }
                ]
            },
            {
                "context_id": "55e-0c9-f70a6b5f-1b7e-420e-a748-8ca36c5f90b5",
                "context_K-NSCC": {
                    "field": "자연",
                    "large_category": "NA",
                    "medium_category": "04"
                },
                "context": "<h2>정리 1.3 .3</h2> <p>쌍곡선함수의 역함수는 다음과 같다.</p> <p>(1) \\( \\sinh ^{-1} x=\\ln \\left(x+\\sqrt{x^{2}+1}\\right) \\)</p> <p>(2) \\( \\cosh ^{-1} x=\\ln \\left(x+\\sqrt{x^{2}-1}\\right), \\quad(x \\geq 1) \\)</p> <p>(3) \\( \\tanh ^{-1} x=\\frac{1}{2} \\ln \\frac{1+x}{1-x}, \\quad(-1<x<1) \\)</p> <p>증명</p> <p>(1) \\( y=\\sinh ^{-1} x \\)라 하면 \\[ x=\\sinh y=\\frac{e^{y}-e^{-y}}{2} \\] 가 된다. 이 식의 양변에 \\( 2 e^{y} \\)을 곱하여 정리하면 \\[ \\left(e^{y}\\right)^{2}-2 x e^{y}-1=0 \\] 이고 이를 \\( e^{y} \\)에 대하여 풀면</p> <p>\\( e^{y}=x \\pm \\sqrt{x^{2}+1} \\)</p> <p>이다. 여기서 \\( e^{y} \\)은 항상 양이므로 양수 \\( x+\\sqrt{x^{2}+1} \\)에 자연로그를 취하면 \\( y=\\ln \\left(x+\\sqrt{x^{2}+1}\\right) \\)이 성립한다.</p> <h3>예제 1.3.2</h3> <p>\\( 0<x \\leq 1 \\)일 때 \\( \\operatorname{sech}^{-1} x=\\ln \\left(\\frac{1+\\sqrt{1-x^{2}}}{x}\\right) \\)임을 보여라.</p> <p>풀이</p> <p>\\( f(x)=\\operatorname{sech} x \\)는 전단사 함수가 아니므로 역함수가 존재하도록 정의역은 \\( [0, \\infty) \\) 공변역을 \\( (0,1] \\)로 제한하자. 그러면 \\( f(x) \\)의 역함수가 존재한다. \\( y=\\operatorname{sech}^{-1} x \\)라 하면 \\( y \\geq 0 \\)을 만족한다. 또한 \\[x=\\operatorname{sech} y=\\frac{2}{e^{y}+e^{-y}}\\] 가 된다. 이 식의 양변에 \\( e^{y} \\) 을 곱하여 정리하면\\[x\\left(e^{y}\\right)^{2}-2 e^{y}+x=0\\]이고, 이를 \\( e^{y} \\)에 대하여 풀면 \\[e^{y}=\\frac{1 \\pm \\sqrt{1-x^{2}}}{x}\\]가 된다. \\( 0<x \\leq 1 \\)일 때 \\( 0<\\frac{1-\\sqrt{1-x^{2}}}{x} \\leq 1 \\)이므로 \\[e^{y}=\\frac{1+\\sqrt{1-x^{2}}}{x}\\]을 만족하여\\[y=\\operatorname{sech}^{-1} x=\\ln \\left(\\frac{1+\\sqrt{1-x^{2}}}{x}\\right)\\]이다.</p> <h1>1.4 함수의 극한</h1> <p>함수의 극한의 개념은 미분적분학 이론의 토대가 되는 중요한 개념이다. 먼저 함수의 극한에 대한 정의를 직관적으로 이해하자.</p> <p>\\( x=1 \\)에서 정의되지 않는 두 함수 \\( f(x)=\\frac{x^{2}-1}{x-1} \\)에 대하여 \\( x=1 \\) 근방에서의 함수 \\( f \\) 의 변화를 조사해 보자.</p> <p>표 1-1과 그림 1-11의 그래프로부터 \\( x \\)가 1에 가까워질수록(어느 쪽으로든) \\( f(x) \\)는 2에 가까워짐을 알 수 있다. 실제로 \\( x \\)를 1에 충분히 가깝게 잡으면 \\( f(x) \\)의 값을 원하는 만큼 1에 가깝게 잡을 수 있을 것으로 보인다. 이러한 뜻에서 \" \\( x \\)가 1에 접근함에 따라 함수 \\( f(x) \\)의 극한값은 2이다\"라 하고</p> <p>\\( \\lim _{x \\rightarrow 1} \\frac{x^{2}-1}{x-1}=2 \\)</p> <p>로 표기한다. 극한의 정확한 정의는 다음과 같다.</p> <h2>정의 1.4 .1</h2> <p>\\( x \\neq a \\)이며 \\( x \\)가 \\( a \\)에 충분히 가깝게 접근할 때 \\( f(x) \\)의 함숫값이 유한 실수인 \\( L \\)에 한없이 가까워지면 함수 \\( f(x) \\)의 \\( x=a \\)에서의 극한(limit)을 \\( L \\)이라 하고,</p> <p>\\( x \\rightarrow a \\)일 때 \\( f(x) \\rightarrow L \\) 또는 \\( \\lim _{x \\rightarrow a} f(x)=L \\)</p> <p>로 나타낸다.</p> <p>위의 정의에서 \" \\( x \\)가 \\( a \\)에 한없이 가까워진다\"는 것은 \\( x \\neq a \\)임을 나타낸다는 것이므로 \\( x=a \\)는 결코 아니다. 따라서 함수 \\( f(x) \\)는 \\( x=a \\)에서 정의되지 않아도 무방하고, \\( f(a) \\neq L \\)이어도 문제되지 않는다. 다음 그림 1-12(a)와 (b)는 \\( f(x) \\)가 \\( x=a \\)에서 정의될 때 (a)는 \\( f(a) \\neq L \\)이고 (b)는 \\( f(a)=L \\)이고 (c)는 \\( f(x) \\)가 \\( x=a \\)에서 정의되지는 않지만 \\( \\lim _{x \\rightarrow a} f(x)=L \\)인 경우를 나타낸다.</p>",
                "context_length": 2513,
                "clue": [
                    {
                        "clue_text": "쌍곡선함수의 역함수는 다음과 같다.",
                        "clue_start": "22",
                        "clue_end": "41"
                    },
                    {
                        "clue_text": "\\( x \\neq a \\)이며 \\( x \\)가 \\( a \\)에 충분히 가깝게 접근할 때 \\( f(x) \\)의 함숫값이 유한 실수인 \\( L \\)에 한없이 가까워지면 함수 \\( f(x) \\)의 \\( x=a \\)에서의 극한(limit)을 \\( L \\)이라 하고,",
                        "clue_start": "1897",
                        "clue_end": "2041"
                    },
                    {
                        "clue_text": "따라서 함수 \\( f(x) \\)는 \\( x=a \\)에서 정의되지 않아도 무방하고, \\( f(a) \\neq L \\)이어도 문제되지 않는다.",
                        "clue_start": "2251",
                        "clue_end": "2327"
                    },
                    {
                        "clue_text": "\\( x \\rightarrow a \\)일 때 \\( f(x) \\rightarrow L \\) 또는 \\( \\lim _{x \\rightarrow a} f(x)=L \\)",
                        "clue_start": "2049",
                        "clue_end": "2138"
                    }
                ],
                "terminology": [
                    {
                        "word": "공변역"
                    },
                    {
                        "word": "극한값"
                    },
                    {
                        "word": "미분적분학"
                    },
                    {
                        "word": "쌍곡선함수"
                    },
                    {
                        "word": "양수"
                    },
                    {
                        "word": "역함수"
                    },
                    {
                        "word": "자연로그"
                    },
                    {
                        "word": "전단사"
                    },
                    {
                        "word": "정의역"
                    },
                    {
                        "word": "함수"
                    },
                    {
                        "word": "함수의 극한"
                    }
                ]
            }
        ]
    }
}