{
    "dataset_info": {
        "identifier": "02-031-002-NL",
        "name": "기술과학 문서 요약 데이터",
        "category": "자연어",
        "last_updated": "2023-08-30"
    },
    "dataset": {
        "doc_id": "96aba9d6-a6bb334d-04a6-4a16-bc05-c10c6ad8a9e2",
        "doc_type": "도서",
        "doc_title": {
            "kor": "s059-(이공계 학생을 위한) 미분적분학",
            "eng": ""
        },
        "doc_category": {
            "KDC": "414.1",
            "DDC": ""
        },
        "doc_number": {
            "ISSN": "",
            "ISBN": "9791160730593",
            "DOI": "",
            "UCI": ""
        },
        "doc_year": "2017",
        "doc_author": [
            "이병무"
        ],
        "doc_publisher": "경문사",
        "doc_license": "저작권 협의됨",
        "context_info": [
            {
                "context_id": "55e-0c9-a369c487-521e-489f-a5c6-1f24ce5cc784",
                "context_K-NSCC": {
                    "field": "자연",
                    "large_category": "NA",
                    "medium_category": "02"
                },
                "context": "<h2>2. 삼중적분의 변수변환</h2> <h3>(1) 변수변환</h3> <p>변환 \\( x=g(u, v, w), y=h(u, v, w), z=k(u, v, w) \\) 에 의해 \\( u v w \\) 공간의 어떤 영역 \\( U \\) 를 \\( x y z \\) 공간의 영역 \\( W \\) 로 변환하면, 변환 \\( T(u, v, w)=(x, y, z) \\) 의 야코비안은 \\[\\frac{\\partial(x, y, z)}{\\partial(u, v, w)}=\\left|\\begin{array}{lll} \\frac{\\partial x}{\\partial u} & \\frac{\\partial x}{\\partial v} & \\frac{\\partial x}{\\partial w} \\\\\\frac{\\partial y}{\\partial u} & \\frac{\\partial y}{\\partial v} & \\frac{\\partial y}{\\partial w} \\\\\\frac{\\partial z}{\\partial u} & \\frac{\\partial z}{\\partial v} & \\frac{\\partial z}{\\partial w}\\end{array}\\right|\\]로 주어진다.</p> <p>정리 2 삼중적분의 변수변환</p> <p>변환 \\( x=g(u, v, w), y=h(u, v, w), z=k(u, v, w) \\) 에 의해, \\( u v w \\) 공간의 닫힌영역 \\( U \\) 에서 \\( x y z \\) 공간의 닫힌영역 \\( W \\) 로의 일대일 변환 \\( T \\) 가 주어지고, 삼변수함수 \\( w=f(x, y, z) \\) 의 편도함수가 \\( W \\) 에서 연속일 때 야코비안이 0 이 아니면\\[\\begin{aligned}\\iint & \\int_{W} f(x, y, z) d x d y d z \\\\&=\\iiint_{U} f(g(u, v, w), h(u, v, w), k(u, v, w))\\left|\\frac{\\partial(x, y, z)}{\\partial(u, v, w)}\\right| d u d v d w\\end{aligned}\\]</p> <h3>(2) 원주좌표계로 변수변환</h3> <p>원주좌표로의 변환 \\( x=r \\cos \\theta, y=r \\sin \\theta, z=z \\) 에 의해\\[\\frac{\\partial(x, y, z)}{\\partial(r, \\theta, z)}=r\\]이므로 \\[\\iiint_{W} f(x, y, z) d V=\\iiint_{U} f(r \\cos \\theta, r \\sin \\theta, z) r d r d \\theta d z\\]가 된다.</p> <h3>(3) 구면좌표계로 변수변환</h3> <p>구면좌표로의 변환\\[x=g(\\rho, \\theta, \\phi)=\\rho \\sin \\phi \\cos \\theta, y=h(\\rho, \\theta, \\phi)=\\rho \\sin \\phi \\sin \\theta, z=k(\\rho, \\theta, \\phi)=\\rho \\cos \\phi\\]에 의해\\[\\frac{\\partial(x, y, z)}{\\partial(u, v, w)}=\\left|\\begin{array}{lll}\\frac{\\partial x}{\\partial u} & \\frac{\\partial x}{\\partial v} & \\frac{\\partial x}{\\partial w} \\\\\\frac{\\partial y}{\\partial u} & \\frac{\\partial y}{\\partial v} & \\frac{\\partial y}{\\partial w} \\\\\\frac{\\partial z}{\\partial u} & \\frac{\\partial z}{\\partial v} & \\frac{\\partial z}{\\partial w}\\end{array}\\right|=-\\rho^{2} \\sin \\phi \\cos ^{2} \\phi-\\rho^{2} \\sin \\phi \\sin ^{2} \\phi=-\\rho^{2} \\sin \\phi\\]이므로, \\( \\left|\\frac{\\partial(x, y, z)}{\\partial(u, v, w)}\\right|=\\rho^{2} \\sin \\phi \\) 로부터\\[\\begin{array}{l}\\iiint_{W} f(x, y, z) d V \\\\ =\\iiint_{U} f(\\rho \\sin \\phi \\cos \\theta, \\rho \\sin \\phi \\sin \\theta, \\rho \\cos \\phi) \\rho^{2} \\sin \\phi d \\rho d \\theta d \\phi \\end{array}\\]가 된다.</p>",
                "context_length": 2207,
                "clue": [
                    {
                        "clue_text": "변환 \\( x=g(u, v, w), y=h(u, v, w), z=k(u, v, w) \\) 에 의해 \\( u v w \\) 공간의 어떤 영역 \\( U \\) 를 \\( x y z \\) 공간의 영역 \\( W \\) 로 변환하면, 변환 \\( T(u, v, w)=(x, y, z) \\) 의 야코비안은 \\[\\frac{\\partial(x, y, z)}{\\partial(u, v, w)}=\\left|\\begin{array}{lll} \\frac{\\partial x}{\\partial u} & \\frac{\\partial x}{\\partial v} & \\frac{\\partial x}{\\partial w} \\\\\\frac{\\partial y}{\\partial u} & \\frac{\\partial y}{\\partial v} & \\frac{\\partial y}{\\partial w} \\\\\\frac{\\partial z}{\\partial u} & \\frac{\\partial z}{\\partial v} & \\frac{\\partial z}{\\partial w}\\end{array}\\right|\\]로 주어진다.",
                        "clue_start": "44",
                        "clue_end": "587"
                    },
                    {
                        "clue_text": "변환 \\( x=g(u, v, w), y=h(u, v, w), z=k(u, v, w) \\) 에 의해, \\( u v w \\) 공간의 닫힌영역 \\( U \\) 에서 \\( x y z \\) 공간의 닫힌영역 \\( W \\) 로의 일대일 변환 \\( T \\) 가 주어지고, 삼변수함수 \\( w=f(x, y, z) \\) 의 편도함수가 \\( W \\) 에서 연속일 때 야코비안이 0 이 아니면\\[\\begin{aligned}\\iint & \\int_{W} f(x, y, z) d x d y d z \\\\&=\\iiint_{U} f(g(u, v, w), h(u, v, w), k(u, v, w))\\left|\\frac{\\partial(x, y, z)}{\\partial(u, v, w)}\\right| d u d v d w\\end{aligned}\\]",
                        "clue_start": "618",
                        "clue_end": "1016"
                    },
                    {
                        "clue_text": "원주좌표로의 변환 \\( x=r \\cos \\theta, y=r \\sin \\theta, z=z \\) 에 의해\\[\\frac{\\partial(x, y, z)}{\\partial(r, \\theta, z)}=r\\]이므로 \\[\\iiint_{W} f(x, y, z) d V=\\iiint_{U} f(r \\cos \\theta, r \\sin \\theta, z) r d r d \\theta d z\\]가 된다.",
                        "clue_start": "1049",
                        "clue_end": "1264"
                    },
                    {
                        "clue_text": "구면좌표로의 변환\\[x=g(\\rho, \\theta, \\phi)=\\rho \\sin \\phi \\cos \\theta, y=h(\\rho, \\theta, \\phi)=\\rho \\sin \\phi \\sin \\theta, z=k(\\rho, \\theta, \\phi)=\\rho \\cos \\phi\\]에 의해\\[\\frac{\\partial(x, y, z)}{\\partial(u, v, w)}=\\left|\\begin{array}{lll}\\frac{\\partial x}{\\partial u} & \\frac{\\partial x}{\\partial v} & \\frac{\\partial x}{\\partial w} \\\\\\frac{\\partial y}{\\partial u} & \\frac{\\partial y}{\\partial v} & \\frac{\\partial y}{\\partial w} \\\\\\frac{\\partial z}{\\partial u} & \\frac{\\partial z}{\\partial v} & \\frac{\\partial z}{\\partial w}\\end{array}\\right|=-\\rho^{2} \\sin \\phi \\cos ^{2} \\phi-\\rho^{2} \\sin \\phi \\sin ^{2} \\phi=-\\rho^{2} \\sin \\phi\\]이므로, \\( \\left|\\frac{\\partial(x, y, z)}{\\partial(u, v, w)}\\right|=\\rho^{2} \\sin \\phi \\) 로부터\\[\\begin{array}{l}\\iiint_{W} f(x, y, z) d V \\\\ =\\iiint_{U} f(\\rho \\sin \\phi \\cos \\theta, \\rho \\sin \\phi \\sin \\theta, \\rho \\cos \\phi) \\rho^{2} \\sin \\phi d \\rho d \\theta d \\phi \\end{array}\\]가 된다.",
                        "clue_start": "1297",
                        "clue_end": "2203"
                    }
                ],
                "terminology": [
                    {
                        "word": "구면좌표"
                    },
                    {
                        "word": "구면좌표계"
                    },
                    {
                        "word": "변수변환"
                    },
                    {
                        "word": "삼변수함수"
                    },
                    {
                        "word": "삼중적분"
                    },
                    {
                        "word": "야코비안"
                    },
                    {
                        "word": "원주좌표"
                    },
                    {
                        "word": "원주좌표계"
                    },
                    {
                        "word": "일대일 변환"
                    },
                    {
                        "word": "편도함수"
                    }
                ]
            },
            {
                "context_id": "55e-0c9-a6def1b2-4968-423e-b367-711098d19544",
                "context_K-NSCC": {
                    "field": "자연",
                    "large_category": "NA",
                    "medium_category": "02"
                },
                "context": "<h3>(4) 이중적분의 응용</h3> <p>① 넓이</p> <p>닫힌영역 \\( \\Omega \\subset \\mathbb{R}^{2} \\) 에서 정의된 상수함수 \\( f(x, y)=1 \\) 을 적분하면, \\( \\Omega \\) 의 넓이 \\( A(\\Omega) \\) 를 얻는다. 이때 \\( \\Omega \\) 의 넓이 \\( A(\\Omega) \\) 는 \\( \\iint_{\\Omega} 1 d A=A(\\Omega) \\) 로 주어진다. 예를 들면 형태 Ⅰ인 닫힌영역의 경우 \\[\\iint_{\\Omega} 1 d A=\\int_{a}^{b} \\int_{g_{1}(x)}^{g_{2}(x)} 1 d y d x=\\int_{a}^{b}\\left[g_{2}(x)-g_{1}(x)\\right] d x=A(\\Omega)\\]가 성립한다.</p> <p>예제</p> <p>두 곡선 \\( x y=2,4 y=x^{2} \\) 과 직선 \\( y=4 \\) 에 의해 둘러싸인 영역 \\( \\Omega \\) 의 넓이 \\( A(\\Omega) \\) 를 구하시오.</p> <p>풀이</p> <p>주어진 곡선의 교점을 구하면 \\( (2,1) \\) 이다. 따라서\\[\\begin{aligned}A(\\Omega) &=\\iint_{\\Omega} d A=\\int_{1}^{4} \\int_{\\frac{2}{y}}^{2 \\sqrt{y}} d x d y \\\\&=\\int_{1}^{4}\\left(2 \\sqrt{y}-\\frac{2}{y}\\right) d y=\\frac{28}{3}-2 \\ln 4\\end{aligned} \\]</p> <p>② 부피</p> <p>\\( f(x) \\geq 0 \\) 일 때 연속인 일변수함수의 정적분이 넓이로 해석된 것처럼, 연속인 이변수함수 \\( f(x, y) \\geq 0 \\) 의 이중적분은 부피로 해석될 수 있다.</p> <p>정리 10</p> <p>\\( f(x, y) \\geq 0 \\) 인 이변수함수 \\( z=f(x, y) \\) 가 직사각형 영역 \\( D \\) 에서 연속일 때, \\( z=f(x, y) \\) 아래에 있고 \\( D \\) 위에 놓인 도형의 부피는\\[V=\\iint_{D} f(x, y) d A\\]로 주어진다.</p> <p>이중적분을 계산하는 데 가장 중요한 것은 주어진 입체의 \\( x y \\) 평면 위의 영역을 구하는 것이다.</p> <p>예제</p> <p>다음 물음에 답하시오.</p> <p>(1) 평면 \\( 2 x+y+z=2 \\) 와 세 좌표평면이 이루는 사면체 \\( S \\) 의 부피를 구하시오.</p> <p>(2) 포물면 \\( z=4-x^{2}-y^{2} \\) 과 평면 \\( x=0, x=2, y=0, y=2, z=0 \\) 에 의해 둘러싸인 도형 \\( S \\) 의 부피 \\( V \\) 를 구하시오.</p> <p>풀이</p> <p>(1) \\( S \\) 는 \\( \\Omega=\\{(x, y) \\mid 0 \\leq x \\leq 1,0 \\leq y \\leq 2-2 x\\} \\) 위와 \\( 2 x+y+z=2 \\) 아래에 놓여 있는 도형이다. 따라서 사면체 \\( S \\) 의 부피 \\( V \\) 는 \\[ V=\\iint_{\\Omega}(2-2 x-y) d A=\\int_{0}^{1} \\int_{0}^{2-2 x}(2-2 x-y) d y d x \\] \\[ =\\int_{0}^{1}\\left[2 y-2 x y-\\frac{y^{2}}{2}\\right]_{y=0}^{y=2-2 x} d x \\] \\[=\\int_{0}^{1}\\left[2(2-2 x)-2 x(2-2 x)-\\frac{(2-2 x)^{2}}{2}\\right] d x=\\frac{2}{3} \\]</p> <p>(2) \\( S \\) 는 \\( D=\\{(x, y) \\mid 0 \\leq x \\leq 2,0 \\leq y \\leq 2\\} \\) 위와 \\( z=4-x^{2}-y^{2} \\) 아래에 놓여 있는 도형이다. 따라서 \\[\\begin{aligned}V &=\\iint_{D}\\left(4-x^{2}-y^{2}\\right) d A=\\int_{0}^{2} \\int_{0}^{2}\\left(4-x^{2}-y^{2}\\right) d x d y \\\\ &=\\int_{0}^{2}\\left[4 x-\\frac{x^{3}}{3}-x y^{2}\\right]_{x=0}^{x=2} d y \\\\&=\\int_{0}^{2}\\left(\\frac{16}{3}-2 y^{2}\\right) d y=\\left[\\frac{16}{3} y-\\frac{2}{3} y^{3}\\right]_{0}^{2}=\\frac{16}{3}\\end{aligned}\\]</p> <p>③ 겉넓이</p> <p>이변수함수 \\( z=f(x, y) \\) 로 주어지는 곡면의 겉넓이를 구할 때, 이중적분을 이용한다. 일반적으로 겉넓이를 구할 때는 많은 계산이 필요하다. 이때 적분영역에 대해서 적절한 좌표계를 선택하면 편리하다.</p> <p>정리 11</p> <p>\\( f_{x}(x, y) \\) 와 \\( f_{y}(x, y) \\) 가 닫힌영역 \\( \\Omega \\subset \\mathbb{R}^{2} \\) 에서 연속일 때, \\( \\Omega \\) 에서 정의된 이변수함수 \\( z=f(x, y) \\) 로 주어지는 곡면의 겉넓이 \\( A(S) \\) 는 \\[A(S)=\\iint_{\\Omega} \\sqrt{\\left\\{f_{x}(x, y)\\right\\}^{2}+\\left\\{f_{y}(x, y)\\right\\}^{2}+1} d A\\]로 주어진다.</p> <p>대부분의 겉넓이에 대한 적분은 정확하게 계산할 수 없으므로 수치적분법을 이용하여 구한다.</p> <p>예제</p> <p>세 꼭짓점 \\( (0,0),(1,0),(1,1) \\) 을 갖는 \\( x y \\) 평면의 삼각형 영역 \\( \\Omega \\) 위에 있는 포물면 \\( z=4-x^{2}-y^{2} \\) 의 겉넓이 \\( A(\\Omega) \\) 를 소수점 아래 다섯째 자리까지 구하시오.</p> <p>풀이</p> <p>\\( f(x, y)=4-x^{2}-y^{2} \\) 으로 놓으면 \\( f_{x}(x, y)=-2 x, f_{y}(x, y)=-2 y \\) 이고, \\( \\Omega \\) 가 극영역 \\[\\Omega=\\left\\{(r, \\theta) \\mid 0 \\leq \\theta \\leq \\frac{\\pi}{4}, 0 \\leq r \\leq \\sec \\theta\\right\\}\\]로 주어진다. 따라서 겉넓이 \\( A(\\Omega) \\) 는 \\[\\begin{aligned}A(\\Omega) &=\\iint_{\\Omega} \\sqrt{\\left\\{f_{x}(x, y)\\right\\}^{2}+\\left\\{f_{y}(x, y)\\right\\}^{2}+1} d A \\\\ &=\\iint_{\\Omega} \\sqrt{4 x^{2}+4 y^{2}+1} d A=\\int_{0}^{\\frac{\\pi}{4}} \\int_{0}^{\\sec \\theta} \\sqrt{4 r^{2}+1} r d r d \\theta \\\\&\\left.=\\frac{1}{8} \\int_{0}^{\\frac{\\pi}{4}}\\left(\\frac{2}{3}\\right)\\left[4 r^{2}+1\\right)^{\\frac{3}{2}}\\right]_{r=0}^{r=\\sec \\theta} d \\theta \\\\&=\\frac{1}{12} \\int_{0}^{\\frac{\\pi}{4}}\\left[\\left(4 \\sec ^{2} \\theta+1\\right)^{\\frac{3}{2}}-1\\right] d \\theta \\\\ & \\approx 0.93087\\end{aligned}\\]</p>",
                "context_length": 3642,
                "clue": [
                    {
                        "clue_text": "닫힌영역 \\( \\Omega \\subset \\mathbb{R}^{2} \\) 에서 정의된 상수함수 \\( f(x, y)=1 \\) 을 적분하면, \\( \\Omega \\) 의 넓이 \\( A(\\Omega) \\) 를 얻는다.",
                        "clue_start": "37",
                        "clue_end": "154"
                    },
                    {
                        "clue_text": "이때 \\( \\Omega \\) 의 넓이 \\( A(\\Omega) \\) 는 \\( \\iint_{\\Omega} 1 d A=A(\\Omega) \\) 로 주어진다.",
                        "clue_start": "155",
                        "clue_end": "238"
                    },
                    {
                        "clue_text": "예를 들면 형태 Ⅰ인 닫힌영역의 경우 \\[\\iint_{\\Omega} 1 d A=\\int_{a}^{b} \\int_{g_{1}(x)}^{g_{2}(x)} 1 d y d x=\\int_{a}^{b}\\left[g_{2}(x)-g_{1}(x)\\right] d x=A(\\Omega)\\]가 성립한다.",
                        "clue_start": "239",
                        "clue_end": "398"
                    },
                    {
                        "clue_text": "\\( f(x) \\geq 0 \\) 일 때 연속인 일변수함수의 정적분이 넓이로 해석된 것처럼, 연속인 이변수함수 \\( f(x, y) \\geq 0 \\) 의 이중적분은 부피로 해석될 수 있다.",
                        "clue_start": "778",
                        "clue_end": "881"
                    },
                    {
                        "clue_text": "이변수함수 \\( z=f(x, y) \\) 로 주어지는 곡면의 겉넓이를 구할 때, 이중적분을 이용한다.",
                        "clue_start": "2218",
                        "clue_end": "2273"
                    }
                ],
                "terminology": [
                    {
                        "word": "극영역"
                    },
                    {
                        "word": "상수함수"
                    },
                    {
                        "word": "수치적분법"
                    },
                    {
                        "word": "이변수함수"
                    },
                    {
                        "word": "이중적분"
                    },
                    {
                        "word": "일변수함수"
                    },
                    {
                        "word": "적분"
                    },
                    {
                        "word": "정적분"
                    },
                    {
                        "word": "좌표계"
                    },
                    {
                        "word": "함수"
                    }
                ]
            },
            {
                "context_id": "55e-0c9-e1b570fd-f023-42f7-99ed-6b16ff923de7",
                "context_K-NSCC": {
                    "field": "자연",
                    "large_category": "NA",
                    "medium_category": "02"
                },
                "context": "<h2>2. 극좌표계에서 이중적분</h2> <p>이중적분 문제에서 영역이 원이거나 원과 유사한 형태를 갖는다면, 극좌표로의 변환을 이용하는 것이 좋다.</p> <p>정리 12 극좌표계에서 이중적분</p> <p>이변수함수 \\( z=f(x, y) \\) 가 극장방형 \\[D=\\{(r, \\theta) \\mid 0 \\leq a \\leq r \\leq b, \\alpha \\leq \\theta \\leq \\beta, 0 \\leq \\beta-\\alpha \\leq 2 \\pi\\}\\] 위에서 연속이면 \\[\\iint_{D} f(x, y) d A=\\int_{\\alpha}^{\\beta} \\int_{a}^{b} f(r \\cos \\theta, r \\sin \\theta) r d r d \\theta\\]</p> <p>예제</p> <p>극좌표로의 변환을 이용하여, 반복적분 \\[\\int_{-1}^{1} \\int_{0}^{\\sqrt{1-x^{2}}} x^{2}\\left(x^{2}+y^{2}\\right)^{2} d y d x\\] 를 구하시오.</p> <p>풀이</p> <p>극좌표로의 변환을 이용하면\\[\\begin{aligned}\\int_{-1}^{1} & \\int_{0}^{\\sqrt{1-x^{2}}} x^{2}\\left(x^{2}+y^{2}\\right)^{2} d y d x \\\\&=\\int_{0}^{\\pi} \\int_{0}^{1} r^{2} \\cos ^{2} \\theta\\left(r^{2}\\right)^{2} r d r d \\theta \\\\&=\\int_{0}^{\\pi} \\int_{0}^{1} r^{7} \\cos ^{2} \\theta\\left(r^{2}\\right)^{2} r d r d \\theta \\\\&=\\int_{0}^{\\pi}\\left[\\frac{r^{8}}{8}\\right]_{r=0}^{r=1} \\cos ^{2} \\theta d \\theta=\\frac{1}{8} \\int_{0}^{\\pi} \\frac{1}{2}(1+\\cos 2 \\theta) d \\theta \\\\&=\\frac{1}{16}\\left[\\theta+\\frac{1}{2} \\sin 2 theta\\right]_{0}^{\\pi}=\\frac{\\pi}{16}\\end{aligned}\\]</p> <p>따름정리</p> <p>(1) 이변수함수 \\( z=f(x, y) \\) 가 형태 Ⅰ인 극영역\\[\\Omega=\\left\\{(r, \\theta) \\mid a \\leq r \\leq b, g_{1}(r) \\leq \\theta \\leq g_{2}(r)\\right\\}\\] 위에서 연속이면 \\[\\iint_{\\Omega} f(x, y) d A=\\int_{a}^{b} \\int_{g_{1}(r)}^{g_{2}(r)} f(r \\cos \\theta, r \\sin \\theta) r d \\theta d r\\]</p> <p>(2) 이변수함수 \\( z=f(x, y) \\) 가 형태 Ⅱ인 극영역 \\[\\Omega=\\left\\{(r, \\theta) \\mid \\alpha \\leq \\theta \\leq \\beta, h_{1}(\\theta) \\leq r \\leq h_{2}(\\theta)\\right\\}\\] 위에서 연속이면 \\[\\iint_{\\Omega} f(x, y) d A=\\int_{\\alpha}^{\\beta} \\int_{h_{1}(\\theta)}^{h_{2}(\\theta)} f(r \\cos \\theta, r \\sin \\theta) r d r d \\theta\\]</p> <p>예</p> <p>\\( f(x, y)=1, h_{1}(\\theta)=0, h_{2}(\\theta)=h(\\theta) \\) 로 놓으면, \\( \\theta=\\alpha, \\theta=\\beta, r=h(\\theta) \\) 로 둘러싸인 영역의 넓이 \\( A(\\Omega) \\) 는 \\[\\begin{aligned}A(\\Omega) &=\\iint_{D} 1 d A=\\int_{\\alpha}^{\\beta} \\int_{0}^{h(\\theta)} r d r d \\theta \\\\&=\\int_{\\alpha}^{\\beta}\\left[\\frac{r^{2}}{2}\\right]_{0}^{h(\\theta)} d \\theta \\\\&=\\int_{\\alpha}^{\\beta} \\frac{1}{2}[h(\\theta)]^{2} d \\theta\\end{aligned}\\]</p> <p>예제</p> <p>다음으로 주어진 닫힌영역 \\( \\Omega \\) 의 넓이 \\( A(\\Omega) \\) 를 구하시오.</p> <p>(1) \\( \\Omega \\) 가 심장형 \\( r=2-2 \\sin \\theta \\) 로 둘러싸인 영역</p> <p>(2) \\( \\Omega \\) 가 \\( r=\\cos 2 \\theta \\) 로 주어진 네 잎 장미형의 한 호로 둘러싸인 영역</p> <p>풀이</p> <p>(1) 영역 \\( \\Omega \\) 가 극영역 \\( \\Omega=\\{(r, \\theta) \\mid 0 \\leq \\theta \\leq 2 \\pi, 0 \\leq r \\leq 2-2 \\sin \\theta\\} \\)로 주어지므로, \\( \\Omega \\) 의 넓이 \\( A(\\Omega) \\) 는 \\[\\begin{aligned}A(\\Omega) &=\\iint_{\\Omega} d A=\\int_{0}^{2 \\pi} \\int_{0}^{2-2 \\sin \\theta} r d r d \\theta \\\\&=\\int_{0}^{2 \\pi}\\left[\\frac{r^{2}}{2}\\right]_{r=0}^{r=2-2 \\sin \\theta} d \\theta \\\\ &=\\frac{1}{2} \\int_{0}^{2 \\pi}(2-2 \\sin \\theta)^{2} d \\theta=6 \\pi\\end{aligned}\\]</p> <p>(2) 영역 \\( \\Omega \\) 가 극영역 \\( \\Omega=\\left\\{(r, \\theta) \\mid-\\frac{\\pi}{4} \\leq \\theta \\leq \\frac{\\pi}{4}, 0 \\leq r \\leq \\cos 2 \\theta\\right\\} \\) 로주어지므로, \\( \\Omega \\) 의 넓이 \\( A(\\Omega) \\) 는\\[\\begin{aligned} A(\\Omega) &=\\iint_{\\Omega} d A=\\int_{-\\frac{\\pi}{4}}^{\\frac{\\pi}{4}} \\int_{0}^{\\cos 2 \\theta} r d r d \\theta \\\\ &=\\frac{1}{2} \\int_{-\\frac{\\pi}{4}}^{\\frac{\\pi}{4}} \\cos ^{2} 2 \\theta d \\theta=\\frac{1}{4} \\int_{-\\frac{\\pi}{4}}^{\\frac{\\pi}{4}}(1+\\cos 4 \\theta) d \\theta \\\\ &=\\frac{1}{4}\\left[\\theta+\\frac{1}{4} \\sin 4 \\theta\\right]_{-\\pi / 4}^{\\pi / 4}=\\frac{\\pi}{8} \\end{aligned}\\]</p>",
                "context_length": 3340,
                "clue": [
                    {
                        "clue_text": "이변수함수 \\( z=f(x, y) \\) 가 극장방형 \\[D=\\{(r, \\theta) \\mid 0 \\leq a \\leq r \\leq b, \\alpha \\leq \\theta \\leq \\beta, 0 \\leq \\beta-\\alpha \\leq 2 \\pi\\}\\] 위에서 연속이면 \\[\\iint_{D} f(x, y) d A=\\int_{\\alpha}^{\\beta} \\int_{a}^{b} f(r \\cos \\theta, r \\sin \\theta) r d r d \\theta\\]",
                        "clue_start": "117",
                        "clue_end": "375"
                    },
                    {
                        "clue_text": "\\( f(x, y)=1, h_{1}(\\theta)=0, h_{2}(\\theta)=h(\\theta) \\) 로 놓으면, \\( \\theta=\\alpha, \\theta=\\beta, r=h(\\theta) \\) 로 둘러싸인 영역의 넓이 \\( A(\\Omega) \\) 는 \\[\\begin{aligned}A(\\Omega) &=\\iint_{D} 1 d A=\\int_{\\alpha}^{\\beta} \\int_{0}^{h(\\theta)} r d r d \\theta \\\\&=\\int_{\\alpha}^{\\beta}\\left[\\frac{r^{2}}{2}\\right]_{0}^{h(\\theta)} d \\theta \\\\&=\\int_{\\alpha}^{\\beta} \\frac{1}{2}[h(\\theta)]^{2} d \\theta\\end{aligned}\\]",
                        "clue_start": "1674",
                        "clue_end": "2076"
                    },
                    {
                        "clue_text": "극좌표로의 변환을 이용하여, 반복적분 \\[\\int_{-1}^{1} \\int_{0}^{\\sqrt{1-x^{2}}} x^{2}\\left(x^{2}+y^{2}\\right)^{2} d y d x\\] 를 구하시오.",
                        "clue_start": "393",
                        "clue_end": "507"
                    },
                    {
                        "clue_text": "극좌표로의 변환을 이용하면\\[\\begin{aligned}\\int_{-1}^{1} & \\int_{0}^{\\sqrt{1-x^{2}}} x^{2}\\left(x^{2}+y^{2}\\right)^{2} d y d x \\\\&=\\int_{0}^{\\pi} \\int_{0}^{1} r^{2} \\cos ^{2} \\theta\\left(r^{2}\\right)^{2} r d r d \\theta \\\\&=\\int_{0}^{\\pi} \\int_{0}^{1} r^{7} \\cos ^{2} \\theta\\left(r^{2}\\right)^{2} r d r d \\theta \\\\&=\\int_{0}^{\\pi}\\left[\\frac{r^{8}}{8}\\right]_{r=0}^{r=1} \\cos ^{2} \\theta d \\theta=\\frac{1}{8} \\int_{0}^{\\pi} \\frac{1}{2}(1+\\cos 2 \\theta) d \\theta \\\\&=\\frac{1}{16}\\left[\\theta+\\frac{1}{2} \\sin 2 theta\\right]_{0}^{\\pi}=\\frac{\\pi}{16}\\end{aligned}\\]",
                        "clue_start": "525",
                        "clue_end": "1074"
                    }
                ],
                "terminology": [
                    {
                        "word": "극영역"
                    },
                    {
                        "word": "극장방형"
                    },
                    {
                        "word": "극좌표"
                    },
                    {
                        "word": "극좌표계"
                    },
                    {
                        "word": "따름정리"
                    },
                    {
                        "word": "반복적분"
                    },
                    {
                        "word": "심장형"
                    },
                    {
                        "word": "이변수함수"
                    },
                    {
                        "word": "이중적분"
                    },
                    {
                        "word": "장미형"
                    },
                    {
                        "word": "함수"
                    }
                ]
            },
            {
                "context_id": "55e-0c9-merge_2_96aba9d6-a6bb334d-04a6-4a16-bc05-c10c6ad8a9e2_10",
                "context_K-NSCC": {
                    "field": "자연",
                    "large_category": "NA",
                    "medium_category": "02"
                },
                "context": "<h2>4. 구면좌표계에서의 삼중적분</h2> <p>어떤 삼중적분에서는 직교좌표계나 원주좌표계로는 정확하게 계산할 수 없지만, 구면좌표계를 이용하면 쉽게 계산할 수 있는 경우도 있다.</p> <p>정리 5 구면좌표에 의한 삼중적분</p> <p>삼변수함수 \\( w = f(x, y, z) \\) 가 \\[E= \\{ ( \\rho, \\theta, \\phi) \\mid a \\leq \\rho \\leq b, \\alpha \\leq \\theta \\leq \\beta, c \\leq \\phi \\leq d \\} \\] 에서 연속이면 \\[ \\begin {aligned} \\iint & \\int_ { E } f(x, y, z) d V \\\\&= \\int_ { c } ^ { d } \\int_ {\\alpha } ^ {\\beta } \\int_ { a } ^ { b } f( \\rho \\sin \\phi \\cos \\theta, \\rho \\sin \\phi \\sin \\theta, \\rho \\cos \\phi) \\rho ^ { 2 } \\sin \\phi d \\rho d \\theta d \\phi \\end {aligned} \\]로 주어진다.</p> <p>예제</p> <p>구면좌표를 이용하여, 삼중 반복적분 \\[ \\int_ { -2 } ^ { 2 } \\int_ { 0 } ^ {\\sqrt { 4-x ^ { 2 } } } \\int_ { 0 } ^ {\\sqrt { 4-x ^ { 2 } -y ^ { 2 } } } \\left (x ^ { 2 } + y ^ { 2 } + z ^ { 2 } \\right ) d z d y d x \\]를 구하시오.</p> <p>풀이</p> <p>반구 \\( z= \\sqrt { 4-x ^ { 2 } -y ^ { 2 } } \\) 과 \\( x y \\) 평면으로 둘러싸인 영역 \\( E \\) 에서 \\[ \\iiint_ { E } \\left (x ^ { 2 } + y ^ { 2 } + z ^ { 2 } \\right ) d z d y d x \\]를 구하면 된다. 구면좌표계에서 영역 \\( E \\) 는, 구 \\( \\rho \\) 를 0 에서 위로 2 까지, \\( \\phi \\) 를 0 에서 위로 \\( \\frac {\\pi } { 2 } \\) 까지, \\( \\theta \\) 를 0 에서 \\( \\pi \\) 까지 각각 변하게 함으로써 얻어진다. 따라서 주어진 삼중적분을 구면좌표계로 변환하여 계산하면 \\[ \\begin {aligned} \\int_ { -2 } ^ { 2 } & \\int_ { 0 } ^ {\\sqrt { 4-x ^ { 2 } } } \\int_ { 0 } ^ {\\sqrt { 4-x ^ { 2 } -y ^ { 2 } } } \\left (x ^ { 2 } + y ^ { 2 } + z ^ { 2 } \\right ) d z d y d x \\\\&= \\iiint_ { E } \\left (x ^ { 2 } + y ^ { 2 } + z ^ { 2 } \\right ) d V \\\\&= \\int_ { 0 } ^ {\\pi } \\int_ { 0 } ^ {\\frac {\\pi } { 2 } } \\int_ { 0 } ^ { 2 } \\rho ^ { 2 } \\left ( \\rho ^ { 2 } \\sin \\phi \\right ) d \\rho d \\phi d \\theta \\\\&= \\frac { 32 \\pi } { 5 } \\end {aligned} \\]</p>",
                "context_length": 1625,
                "clue": [
                    {
                        "clue_text": "삼변수함수 \\( w = f(x, y, z) \\) 가 \\[E= \\{ ( \\rho, \\theta, \\phi) \\mid a \\leq \\rho \\leq b, \\alpha \\leq \\theta \\leq \\beta, c \\leq \\phi \\leq d \\} \\] 에서 연속이면 \\[ \\begin {aligned} \\iint & \\int_ { E } f(x, y, z) d V \\\\&= \\int_ { c } ^ { d } \\int_ {\\alpha } ^ {\\beta } \\int_ { a } ^ { b } f( \\rho \\sin \\phi \\cos \\theta, \\rho \\sin \\phi \\sin \\theta, \\rho \\cos \\phi) \\rho ^ { 2 } \\sin \\phi d \\rho d \\theta d \\phi \\end {aligned} \\]로 주어진다.",
                        "clue_start": "136",
                        "clue_end": "556"
                    },
                    {
                        "clue_text": "구면좌표계를 이용하면 쉽게 계산할 수 있는 경우도 있다.",
                        "clue_start": "71",
                        "clue_end": "102"
                    }
                ],
                "terminology": [
                    {
                        "word": "구면좌표"
                    },
                    {
                        "word": "구면좌표계"
                    },
                    {
                        "word": "반복적분"
                    },
                    {
                        "word": "삼변수함수"
                    },
                    {
                        "word": "삼중 반복적분"
                    },
                    {
                        "word": "삼중적분"
                    },
                    {
                        "word": "원주좌표계"
                    },
                    {
                        "word": "함수"
                    }
                ]
            },
            {
                "context_id": "55e-0c9-68108756-f061-4e63-a3e8-9574005d8674",
                "context_K-NSCC": {
                    "field": "자연",
                    "large_category": "NA",
                    "medium_category": "02"
                },
                "context": "<h2>2. 삼중적분</h2> <h3>(1) 직육면체 영역에서의 삼중적분</h3> <p>먼저 어떤 직육면체 영역\\[B=\\{(x, y, z) \\mid a \\leq x \\leq b, c \\leq y \\leq d, r \\leq z \\leq s\\}\\]에서 정의된 연속인 삼변수함수 \\( w=f(x, y, z) \\) 의 삼중적분을 정의한다. \\[\\begin{array}{l}a=x_{0}<x_{1}<\\cdots<x_{i-1}<x_{i}<\\cdots<x_{l}=b \\\\c=y_{0}<y_{1}<\\cdots<y_{j-1}<y_{j}<\\cdots<y_{m}=d \\\\r=z_{0}<z_{1}<\\cdots<z_{k-1}<x_{k}<\\cdots<z_{n}=s\\end{array}\\] 라 하고, \\( \\operatorname{lmn} \\) 개의 작은 직육면체 영역 \\[B_{i j k}=\\left[x_{i-1}, x_{i}\\right] \\times\\left[y_{j-1}, y_{j}\\right] \\times\\left[z_{k-1}, y_{k}\\right]\\]로 구성되는 \\( B \\) 의 분할 \\( P \\) 를 택한다.</p> <p>정의 1 삼중적분</p> <p>직육면체 영역 \\( B \\) 에서 정의된 삼변수함수 \\( w=f(x, y, z) \\) 가 연속이면, 분할영역 \\( B_{i j k} \\) 에서 임의의 점 \\( \\left(x_{i j}^{*}, y_{i j}^{*}, z_{i j}^{*}\\right) \\) 의 선택에 관계없이 \\[\\lim _{\\|P\\| \\rightarrow 0} \\sum_{i=1}^{l} \\sum_{j=1}^{m} \\sum_{k=1}^{n} f\\left(x_{i j k}^{*}, y_{i j k}^{*}, z_{i j k}^{*}\\right) \\Delta V_{i j k}\\]가 존재한다. 이때 \\( B \\) 에서 연속인 삼변수함수 \\( f(x, y, z) \\) 의 삼중적분 (triple integral)을 \\[\\iiint_{B} f(x, y, z) d V=\\lim _{\\|P\\| \\rightarrow 0} \\sum_{i=1}^{l} \\sum_{j=1}^{m} \\sum_{k=1}^{n} f\\left(x_{i j k}^{*}, y_{i j k}^{*}, z_{i j k}^{*}\\right) \\Delta V_{i j k}\\]로 정의하고, \\( w=f(x, y, z) \\) 는 직육면체 영역 \\( B \\) 에서 적분가능하다고 한다.</p> <p>일반적으로 삼중적분을 \\[\\iiint_{B} f(x, y, z) d A=\\iiint_{B} f(x, y, z) d x d y d z\\]로 표현한다.</p> <p>예</p> <p>닫힌영역 \\( E \\subset \\mathbb{R}^{3} \\) 에서 정의된 상수함수 \\( f(x, y, z)=1 \\) 을 적분하면, \\( E \\) 의 부피\\( V(E) \\) 를 얻는다. 즉 \\[\\iiint_{E} 1 d V=V(E)\\]가 성립한다.</p> <p>삼중적분을 구하는 방법도 반복적분을 이용한다. 삼중적분은 세 개의 반복적분으로 표현된다.</p> <p>정리 2 푸비니 정리(Fubini's theorem)</p> <p>삼변수함수 \\( w=f(x, y, z) \\) 가 직육면체 영역 \\[B=\\{(x, y, z) \\mid a \\leq x \\leq b, c \\leq y \\leq d, r \\leq z \\leq s\\}\\]에서 연속일 때, 삼중적분은 \\( B \\) 에서 삼중 반복적분으로 구할 수 있다. 즉 \\[\\iiint_{B} f(x, y, z) d V=\\int_{r}^{s} \\int_{c}^{d} \\int_{a}^{b} f(x, y, z) d x d y d z\\]가 성립한다. 이때 적분할 수 있는 다섯 가지 방법이 더 있다. 삼중적분의 계산은 이중적분의 경우처럼 편적분을 사용하여 안쪽에서부터 차례로 바깥쪽으로 적분한다.</p> <p>푸비니 정리는 반복적분을 이용하여 삼중적분을 구할 때, 적분순서와 상관없이 같은 결과가 얻어짐을 보여주고 있다.</p> <p>예제</p> <p>직육면체 영역 \\[B=\\{(x, y, z) \\mid 1 \\leq x \\leq 2,0 \\leq y \\leq 1,0 \\leq z \\leq \\pi\\}\\]에서, 삼중적분 \\( \\iiint_{B} 2 x e^{y} \\sin z d V \\) 를 구하시오.</p> <p>풀이</p> <p>\\( \\begin{aligned} \\iiint_{B} 2 x e^{y} \\sin z d V &=\\int_{0}^{\\pi} \\int_{0}^{1} \\int_{1}^{2} 2 x e^{y} \\sin z d x d y d z \\\\ &=\\left.\\int_{0}^{\\pi} \\int_{0}^{1} e^{y} \\sin z \\frac{2 x^{2}}{2}\\right|_{x=1} ^{x=2} d y d z \\\\ &=\\left.3 \\int_{0}^{\\pi} \\sin z e^{y}\\right|_{y=0} ^{y=1} d z=\\left.3(e-1)(-\\cos z)\\right|_{z=0} ^{z=\\pi} \\\\ &=6(e-1) \\end{aligned} \\)</p>",
                "context_length": 2489,
                "clue": [
                    {
                        "clue_text": "직육면체 영역 \\( B \\) 에서 정의된 삼변수함수 \\( w=f(x, y, z) \\) 가 연속이면, 분할영역 \\( B_{i j k} \\) 에서 임의의 점 \\( \\left(x_{i j}^{*}, y_{i j}^{*}, z_{i j}^{*}\\right) \\) 의 선택에 관계없이 \\[\\lim _{\\|P\\| \\rightarrow 0} \\sum_{i=1}^{l} \\sum_{j=1}^{m} \\sum_{k=1}^{n} f\\left(x_{i j k}^{*}, y_{i j k}^{*}, z_{i j k}^{*}\\right) \\Delta V_{i j k}\\]가 존재한다.",
                        "clue_start": "584",
                        "clue_end": "896"
                    },
                    {
                        "clue_text": "이때 \\( B \\) 에서 연속인 삼변수함수 \\( f(x, y, z) \\) 의 삼중적분 (triple integral)을 \\[\\iiint_{B} f(x, y, z) d V=\\lim _{\\|P\\| \\rightarrow 0} \\sum_{i=1}^{l} \\sum_{j=1}^{m} \\sum_{k=1}^{n} f\\left(x_{i j k}^{*}, y_{i j k}^{*}, z_{i j k}^{*}\\right) \\Delta V_{i j k}\\]로 정의하고, \\( w=f(x, y, z) \\) 는 직육면체 영역 \\( B \\) 에서 적분가능하다고 한다.",
                        "clue_start": "897",
                        "clue_end": "1200"
                    },
                    {
                        "clue_text": "일반적으로 삼중적분을 \\[\\iiint_{B} f(x, y, z) d A=\\iiint_{B} f(x, y, z) d x d y d z\\]로 표현한다.",
                        "clue_start": "1208",
                        "clue_end": "1290"
                    }
                ],
                "terminology": [
                    {
                        "word": "닫힌영역"
                    },
                    {
                        "word": "반복적분"
                    },
                    {
                        "word": "삼변수함수"
                    },
                    {
                        "word": "삼중 반복적분"
                    },
                    {
                        "word": "삼중적분"
                    },
                    {
                        "word": "상수함수"
                    },
                    {
                        "word": "연속"
                    },
                    {
                        "word": "이중적분"
                    },
                    {
                        "word": "적분"
                    },
                    {
                        "word": "적분가능"
                    },
                    {
                        "word": "편적분"
                    },
                    {
                        "word": "푸비니 정리"
                    }
                ]
            },
            {
                "context_id": "55e-0c9-8c6d7e67-72e3-4148-a793-1b880339286c",
                "context_K-NSCC": {
                    "field": "자연",
                    "large_category": "NA",
                    "medium_category": "02"
                },
                "context": "<h1>8.3 중적분의 변수변환</h1> <p>중적분에서의 변수변환은 매우 유용하다. 여기서는 이중적분과 삼중적분에서의 변수변환에 관하여 살펴본다.</p> <h2>1. 이중적분의 변수변환</h2> <h3>(1) 변수변환</h3> <p>\\( u v \\) 평면에서 \\( x y \\) 평면으로의 변환 (transformation)\\[T(u, v)=(x, y) ; x=g(u, v), y=h(u, v)\\]에 의해 주어진 변수변환 \\( T \\) 가 일대일 변환일 경우, \\( x y \\) 평면에서 \\( u v \\) 평면으로의 역변환 \\( T^{-1} \\) 를 갖고 \\( u, v \\) 를 \\( x, y \\) 의 식으로 푸는 것이 가능하다.</p> <p>참고</p> <p>(야코비안) : \\( x=g(u, v) \\) 와 \\( y=h(u, v) \\) 가 미분가능할 때, \\( \\frac{\\partial(x, y)}{\\partial(u, v)} \\) 로 표시되는 \\( u, v \\) 에 관한 \\( x, y \\) 의 야코비안 (Jacobian)은\\[\\frac{\\partial(x, y)}{\\partial(u, v)}=\\left|\\begin{array}{ll}\\frac{\\partial x}{\\partial u} & \\frac{\\partial x}{\\partial v} \\\\\\frac{\\partial y}{\\partial u} & \\frac{\\partial y}{\\partial v}\\end{array}\\right|\\]로 정의한다.</p> <p>예</p> <p>변수변환 \\( u=x+y, v=x-y \\) 를 생각하면 \\[x=g(u, v)=\\frac{1}{2}(u+v), y=h(u, v)=\\frac{1}{2}(u-v)\\]이므로, \\( u \\) 와 \\( v \\) 에 관한 \\( x \\) 와 \\( y \\) 의 야코비안은 \\[\\frac{\\partial(x, y)}{\\partial(u, v)}=\\left|\\begin{array}{ll}\\frac{\\partial x}{\\partial u} & \\frac{\\partial x}{\\partial v} \\\\\\frac{\\partial y}{\\partial u} & \\frac{\\partial y}{\\partial v}\\end{array}\\right|=-\\frac{1}{2}\\]이 된다.</p> <p>정리 1 이중적분의 변수변환</p> <p>\\( u v \\) 평면의 닫힌영역 \\( S \\) 에서 \\( x y \\) 평면의 닫힌영역 \\( W \\) 로의 일대일 변환 \\( T \\) 가 변환 \\[x=g(u, v), y=h(u, v) \\]에 의해 주어지고, 이변수함수 \\( z=f(x, y) \\) 의 편도함수가 \\( W \\) 에서 연속일 때 야코비안이 0 이 아니면\\[\\iint_{W} f(x, y) d x d y=\\iint_{S} f(g(u, v), h(u, v))\\left|\\frac{\\partial(x, y)}{\\partial(u, v)}\\right| d u d v\\]</p> <p>예제</p> <p>변수변환을 이용하여, 다음 물음에 답하시오.</p> <p>(1) \\( W=\\{(x, y) \\mid 0 \\leq x+y \\leq 1,0 \\leq x-y \\leq 1\\} \\) 로 주어진 영역 \\( W \\) 에 대해서, 이중적분 \\( \\iint_{W} x d A \\) 를 구하시오.</p> <p>(2) 직선 \\( y=2 x+3, y=2 x+1, y=5-x, y=2-x \\) 로 둘러싸인 영역을 \\( W \\) 라고 할 때, 이중적분 \\( \\iint_{W}\\left(x^{2}+2 x y\\right) d A \\) 를 구하시오.</p> <p>풀이</p> <p>(1) 변수변환 \\( u=x+y, v=x-y \\) 를 생각하면\\[x=\\frac{1}{2}(u+v), y=\\frac{1}{2}(u-v)\\]이므로, \\( \\frac{\\partial(x, y)}{\\partial(u, v)}=\\left|\\begin{array}{l}\\frac{\\partial x}{\\partial u} \\frac{\\partial x}{\\partial v} \\\\ \\frac{\\partial y}{\\partial u} \\frac{\\partial y}{\\partial v}\\end{array}\\right|=-\\frac{1}{2} \\) 이고, 영역 \\( S \\) 는\\[S=\\{(u, v) \\mid 0 \\leq u \\leq 1,0 \\leq v \\leq 1\\}\\]로 주어진다. 따라서 \\[\\begin{aligned}\\iint_{W} x d A &=\\iint_{S} \\frac{1}{2}(u+v) \\cdot \\frac{1}{2} d A \\\\&=\\frac{1}{4} \\int_{0}^{1} \\int_{0}^{1}(u+v) d u d v \\\\&=\\frac{1}{4} \\int_{0}^{1}\\left[\\frac{u^{2}}{2}+u v\\right]_{0}^{1} d v=\\frac{1}{4} \\int_{0}^{1}\\left(\\frac{1}{2}+v\\right) d v=\\frac{1}{4}\\end{aligned}\\]</p> <p>(2) \\( u=y-2 x, v=y+x \\), 즉 변수변환\\[x=\\frac{1}{3}(v-u), y=\\frac{1}{3}(2 v+u)\\]는 사각형 \\( S=\\{(u, v) \\mid 1 \\leq u \\leq 3,2 \\leq v \\leq 5\\} \\) 를 \\( W \\) 로 사상한다. 이때 변환의 야고비안이\\[\\frac{\\partial(x, y)}{\\partial(u, v)}=\\left|\\begin{array}{ll} \\frac{\\partial x}{\\partial u} & \\frac{\\partial x}{\\partial v} \\\\\\frac{\\partial y}{\\partial u} & \\frac{\\partial y}{\\partial v}\\end{array}\\right|=-\\frac{1}{3}\\] 이므로 \\[\\begin{array}{l}\\iint_{W}\\left(x^{2}+2 x y\\right) d A \\\\=\\frac{1}{27} \\int_{2}^{5} \\int_{1}^{3}\\left[(v-u)^{2}+2\\left(2 v^{2}-u v-u^{2}\\right)\\right] d u d v \\\\=\\frac{196}{27}\\end{array}\\]</p> <h3>(2) 극좌표계로 변수변환</h3> <p>[정리 1]을 이용하면, 극좌표에 의한 이중적분의 공식\\[\\iint_{W} f(x, y) d x d y=\\iint_{S} f(r \\cos \\theta, r \\sin \\theta) r d r d \\theta\\]을 얻을 수 있다. 왜냐하면\\[x=g(r, \\theta)=r \\cos \\theta, y=h(r, \\theta)=r \\sin \\theta\\]라 놓으면 \\[ \\frac{\\partial(x, y)}{\\partial(r, \\theta)}=\\left|\\begin{array}{ll}\\frac{\\partial x}{\\partial r} & \\frac{\\partial x}{\\partial \\theta} \\\\ \\frac{\\partial y}{\\partial r} & \\frac{\\partial y}{\\partial \\theta}\\end{array}\\right|=\\left|\\begin{array}{rr}\\cos \\theta\\ -r \\sin \\theta \\\\ \\sin \\theta \\ r \\cos \\theta\\end{array}\\right|=r>0 \\]이 성립하기 때문이다.</p>",
                "context_length": 3615,
                "clue": [
                    {
                        "clue_text": "(야코비안) : \\( x=g(u, v) \\) 와 \\( y=h(u, v) \\) 가 미분가능할 때, \\( \\frac{\\partial(x, y)}{\\partial(u, v)} \\) 로 표시되는 \\( u, v \\) 에 관한 \\( x, y \\) 의 야코비안 (Jacobian)은\\[\\frac{\\partial(x, y)}{\\partial(u, v)}=\\left|\\begin{array}{ll}\\frac{\\partial x}{\\partial u} & \\frac{\\partial x}{\\partial v} \\\\\\frac{\\partial y}{\\partial u} & \\frac{\\partial y}{\\partial v}\\end{array}\\right|\\]로 정의한다.",
                        "clue_start": "370",
                        "clue_end": "735"
                    },
                    {
                        "clue_text": "\\( u v \\) 평면의 닫힌영역 \\( S \\) 에서 \\( x y \\) 평면의 닫힌영역 \\( W \\) 로의 일대일 변환 \\( T \\) 가 변환 \\[x=g(u, v), y=h(u, v) \\]에 의해 주어지고, 이변수함수 \\( z=f(x, y) \\) 의 편도함수가 \\( W \\) 에서 연속일 때 야코비안이 0 이 아니면\\[\\iint_{W} f(x, y) d x d y=\\iint_{S} f(g(u, v), h(u, v))\\left|\\frac{\\partial(x, y)}{\\partial(u, v)}\\right| d u d v\\]",
                        "clue_start": "1152",
                        "clue_end": "1445"
                    },
                    {
                        "clue_text": "[정리 1]을 이용하면, 극좌표에 의한 이중적분의 공식\\[\\iint_{W} f(x, y) d x d y=\\iint_{S} f(r \\cos \\theta, r \\sin \\theta) r d r d \\theta\\]을 얻을 수 있다.",
                        "clue_start": "3070",
                        "clue_end": "3196"
                    }
                ],
                "terminology": [
                    {
                        "word": "극좌표"
                    },
                    {
                        "word": "극좌표계"
                    },
                    {
                        "word": "닫힌영역"
                    },
                    {
                        "word": "미분가능"
                    },
                    {
                        "word": "변수변환"
                    },
                    {
                        "word": "변환 (transformation)"
                    },
                    {
                        "word": "사상"
                    },
                    {
                        "word": "삼중적분"
                    },
                    {
                        "word": "야코비안"
                    },
                    {
                        "word": "야코비안 (Jacobian)"
                    },
                    {
                        "word": "역변환"
                    },
                    {
                        "word": "연속"
                    },
                    {
                        "word": "이변수함수"
                    },
                    {
                        "word": "이중적분"
                    },
                    {
                        "word": "일대일 변환"
                    },
                    {
                        "word": "중적분"
                    },
                    {
                        "word": "편도함수"
                    }
                ]
            },
            {
                "context_id": "55e-0c9-fcd1d5cc-4663-4a04-b048-7631d105ac54",
                "context_K-NSCC": {
                    "field": "자연",
                    "large_category": "NA",
                    "medium_category": "02"
                },
                "context": "<h1>8.1 이중적분</h1> <p>단순적분으로 불리는 일변수함수에 대한 정적분의 개념을 중적분이라 부르는 이중적분, 삼중적분 등으로 확장한다.</p> <h2>1. 직사각형 영역에서의 이중적분</h2> <h3>(1) 이중적분</h3> <p>연속인 이변수함수 \\( z=f(x, y) \\) (단, \\( f(x, y) \\geq 0 \\) )가 직사각형 영역 \\[D=\\{(x, y) \\mid a \\leq x \\leq b, c \\leq y \\leq d\\}\\]에서 정의되고 \\[S=\\left\\{(x, y, z) \\in \\mathbb{R}^{3} \\mid 0 \\leq z \\leq f(x, y),(x, y) \\in \\mathbb{R}^{2}\\right\\}\\]라고 하자. 먼저 직사각형 영역 \\( D \\)를 \\[\\begin{array}{l}a=x_{0}<x_{1}<x_{2}<\\cdots<x_{m-1}<x_{m}=b \\\\c=y_{0}<y_{1}<y_{2}\\cdots<y_{n-1}<y_{n}=d\\end{array}\\] 라 하고, \\( m n \\) 개의 부분직사각형 (여기서 부분직사각형의 변의 길이가 같을 필요는 없다)\\[D_{i j}=\\left\\{(x, y) \\mid x_{i-1} \\leq x \\leq x_{i}, y_{j-1} \\leq y \\leq y_{j}\\right\\}\\]로 구성되는 \\( D \\) 의 분할 \\( P \\) 를 택한다. \\[\\Delta x_{i}=x_{i}-x_{i-1}, \\Delta y_{j}=y_{j}-y_{j-1}\\]로 놓으면, 각 \\( D_{i j} \\) 의 넓이는 \\( \\Delta A_{i j}=\\Delta x_{i} \\Delta y_{j} \\) 가 된다. 이제 \\( \\left(x_{i j}^{*}, y_{i j}^{*}\\right) \\in D_{i j} \\) 를 선택하면 \\( D_{i j} \\) 에서 \\( S \\) 의 성분들은 밑변이 \\( D_{i j} \\) 이고 높이가 \\( f\\left(x_{i j}^{*}, y_{i j}^{*}\\right) \\) 인 직육면체에 근사되고, 이 직육면체의 부피는 \\( V_{i j}=f\\left(x_{i j}^{*}, y_{i j}^{*}\\right) \\Delta A_{i j} \\) 가 된다. 이때 분할 \\( P \\) 의 모든 부분직사각형의 대각선 중 최대 길이를 \\( \\|P\\| \\) 라고 하면, \\( \\|P\\| \\rightarrow 0 \\) 일 때 이중리만 합 \\[\\sum_{i=1}^{m} \\sum_{j=1}^{n} f\\left(x_{i j}^{*}, y_{i j}^{*}\\right) \\Delta A_{i j}\\]는 \\( S \\) 의 부피 \\( V \\) 에 근사된다. 즉 \\[V=\\lim _{\\|P\\| \\rightarrow 0} \\sum_{i=1}^{m} \\sum_{j=1}^{n} f\\left(x_{i j}^{*}, y_{i j}^{*}\\right) \\Delta A_{i j}\\]</p> <p>정의 1 이중적분</p> <p>\\( x y \\) 평면의 직사각형 영역 \\( D \\) 에서 정의된 이변수함수 \\( z=f(x, y) \\) 가 연속이면, 분할 영역 \\( D_{i j} \\) 에서 임의의 점 \\( \\left(x_{i j}^{*}, y_{i j}^{*}\\right) \\) 의 선택에 관계없이 극한 \\[\\lim _{\\|p\\| \\rightarrow 0} \\sum_{i=1}^{m} \\sum_{j=1}^{n} f\\left(x_{i j}^{*}, y_{i j}^{*}\\right) \\Delta A_{i j}\\]가 존재한다. 이때 \\( D \\) 에서 연속인 이변수함수 \\( f(x, y) \\) 의 이중적분(double integral)을 \\[\\iint_{D} f(x, y) d A=\\lim _{\\|p\\| \\rightarrow 0} \\sum_{i=1}^{m} \\sum_{j=1}^{n} f\\left(x_{i j}^{*}, y_{i j}^{*}\\right) \\triangle A_{i j}\\] 로 정의하고, \\( f(x, y) \\) 는 직사각형 영역 \\( D \\) 에서 적분가능하다고 한다.</p> <p>일반적으로 이중적분을 \\( \\triangle A_{i j}=\\Delta x_{i} \\Delta y_{j} \\) 라는 사실에 기인하여 \\[\\iint_{D} f(x, y) d A=\\iint_{D} f(x, y) d x d y\\] 로 표현한다.</p> <p>참고</p> <p>일변수함수의 정적분을 '미분적분학의 기본정리'를 이용하여 구했듯이, 이변수함수에의 이중적분은 '반복적분'이라는 간단한 유형으로 값을 구한다.</p> <p>정리 2</p> <p>직사각형 영역 \\( D \\) 에서 \\( f(x, y) \\geq 0 \\) 인 이변수함수 \\( z=f(x, y) \\) 가 연속일 때, \\( z=f(x, y) \\) 아래에 있고 \\( D \\) 위에 놓인 입체의 부피 \\( V \\) 는 이중적분 \\[V=\\iint_{D} f(x, y) d x d y\\] 로 주어진다.</p> <p>정적분의 근삿값을 구하는 데 사용하는 방법 (중점 공식, 사다리꼴 공식, 심프슨 공식)은 중적분에서도 적용된다.</p>",
                "context_length": 2491,
                "clue": [
                    {
                        "clue_text": "\\( x y \\) 평면의 직사각형 영역 \\( D \\) 에서 정의된 이변수함수 \\( z=f(x, y) \\) 가 연속이면, 분할 영역 \\( D_{i j} \\) 에서 임의의 점 \\( \\left(x_{i j}^{*}, y_{i j}^{*}\\right) \\) 의 선택에 관계없이 극한 \\[\\lim _{\\|p\\| \\rightarrow 0} \\sum_{i=1}^{m} \\sum_{j=1}^{n} f\\left(x_{i j}^{*}, y_{i j}^{*}\\right) \\Delta A_{i j}\\]가 존재한다.",
                        "clue_start": "1454",
                        "clue_end": "1730"
                    },
                    {
                        "clue_text": "이때 \\( D \\) 에서 연속인 이변수함수 \\( f(x, y) \\) 의 이중적분(double integral)을 \\[\\iint_{D} f(x, y) d A=\\lim _{\\|p\\| \\rightarrow 0} \\sum_{i=1}^{m} \\sum_{j=1}^{n} f\\left(x_{i j}^{*}, y_{i j}^{*}\\right) \\triangle A_{i j}\\] 로 정의하고, \\( f(x, y) \\) 는 직사각형 영역 \\( D \\) 에서 적분가능하다고 한다.",
                        "clue_start": "1731",
                        "clue_end": "1989"
                    },
                    {
                        "clue_text": "일반적으로 이중적분을 \\( \\triangle A_{i j}=\\Delta x_{i} \\Delta y_{j} \\) 라는 사실에 기인하여 \\[\\iint_{D} f(x, y) d A=\\iint_{D} f(x, y) d x d y\\] 로 표현한다.",
                        "clue_start": "1997",
                        "clue_end": "2130"
                    }
                ],
                "terminology": [
                    {
                        "word": "극한"
                    },
                    {
                        "word": "근사"
                    },
                    {
                        "word": "근삿값"
                    },
                    {
                        "word": "단순적분"
                    },
                    {
                        "word": "미분적분학의 기본정리"
                    },
                    {
                        "word": "부분직사각형"
                    },
                    {
                        "word": "분할 영역"
                    },
                    {
                        "word": "사다리꼴 공식"
                    },
                    {
                        "word": "삼중적분"
                    },
                    {
                        "word": "심프슨 공식"
                    },
                    {
                        "word": "연속"
                    },
                    {
                        "word": "이변수함수"
                    },
                    {
                        "word": "이중리만 합"
                    },
                    {
                        "word": "이중적분"
                    },
                    {
                        "word": "일변수함수"
                    },
                    {
                        "word": "적분"
                    },
                    {
                        "word": "적분가능"
                    },
                    {
                        "word": "정적분"
                    },
                    {
                        "word": "중적분"
                    },
                    {
                        "word": "중점 공식"
                    }
                ]
            },
            {
                "context_id": "55e-0c9-6d4e4ef5-2dd4-4b67-8920-af007eaf093f",
                "context_K-NSCC": {
                    "field": "자연",
                    "large_category": "NA",
                    "medium_category": "02"
                },
                "context": "<h3>(2) 일반적인 닫힌영역에서의 삼중적분</h3> <p>이제 일반적인 닫힌영역 \\( E \\subset \\mathbb{R}^{3} \\) 에서 삼중적분을 정의한다. \\( E \\) 에서 정의된 연속인 삼변수함수 \\( w=f(x, y, z) \\) 와 \\( E \\) 를 포함하는 어떤 직육면체 영역 \\( B \\) 에 대해서 새로운 함수 \\( F(x, y, z) \\) 를 \\[F(x, y, z)=\\left\\{\\begin{array}{ll}f(x, y, z), & (x, y, z) \\in E \\\\0 r & ,(x, y, z) \\in B-E\\end{array}\\right.\\]으로 정의할 때, \\( E \\) 에서 \\( w=f(x, y, z) \\) 의 삼중적분을 다음으로 정의한다.</p> <p>정의 3 일반적인 닫힌영역 위의 삼중적분</p> <p>삼변수함수 \\( w=F(x, y, z) \\) 가 닫힌영역 \\( E \\subset \\mathbb{R}^{3} \\) 를 포함하는 어떤 직육면체 영역 \\( B \\) 에서 연속이면, \\( f(x, y, z) \\) 는 \\( E \\) 에서 적분가능하다. 이때 \\( E \\) 에서 삼변수함수 \\( f(x, y, z) \\) 의 삼중적분을 \\[\\iiint_{E} f(x, y, z) d =\\iiint_{B} F(x, y, z) d V\\]로 정의한다.</p> <p>참고</p> <p>삼중적분을 계산하는 데 가장 중요한 것은 주어진 영역의 정확한 그래프를 그릴 수 있는 것이다.</p> <p>① 닫힌영역 \\( E \\) 가 형태 Ⅰ인 입체영역일 경우</p> <p>삼변수함수 \\( w=f(x, y, z) \\) 가 \\[E=\\left\\{(x, y, z) \\mid(x, y) \\in D, \\phi_{1}(x, y) \\leq z \\leq \\phi_{2}(x, y)\\right\\}\\]에서 연속일 때 \\[\\iiint_{E} f(x, y, z) d V=\\iint_{D}\\left[\\int_{\\phi_{1}(x, y)}^{\\phi_{2}(x, y)} f(x, y, z) d z\\right] d A\\]로 주어진다. 여기서 \\( D \\) 는 \\( E \\subset \\mathbb{R}^{3} \\) 의 \\( x y \\) 평면으로의 정사영이고, 두 함수 \\( \\phi_{1}(x, y) \\) 와 \\( \\phi_{2}(x, y) \\) 는 \\( D \\) 에서 연속이다. 이때 \\( E \\subset \\mathbb{R}^{3} \\) 를 형태 Ⅰ인 입체영역이라고 한다.</p> <p>( ⅰ ) 정사영 \\( D \\) 가 형태 Ⅰ인 평면인 경우</p> <p>두 함수 \\( g_{1}(x) \\) 와 \\( g_{2}(x) \\) 가 닫힌구간 \\( [a, b] \\) 에서 연속이라 하자. 이때 삼변수함수 \\( w=f(x, y, z) \\) 가 입체영역 \\[E=\\left\\{(x, y, z) \\mid a \\leq x \\leq b, g_{1}(x) \\leq y \\leq g_{2}(x), \\phi_{1}(x, y) \\leq z \\leq \\phi_{2}(x, y)\\right\\}\\] 에서 연속이면 \\[\\iiint_{E} f(x, y, z) d V=\\int_{a}^{b} \\int_{g_{1}(x)}^{g_{2}(x)} \\int_{\\phi_{1}(x, y)}^{\\phi_{2}(x, y)} f(x, y, z) d z d y d x \\]가 된다.</p> <p>(ⅱ) 정사영 \\( D \\) 가 형태 Ⅱ인 평면인 경우</p> <p>두 함수 \\( h_{1}(y) \\) 와 \\( h_{2}(y) \\) 가 닫힌구간 \\( [c, d] \\) 에서 연속이라 하자. 이때 삼변수함수 \\( w=f(x, y, z) \\) 가 입체영역 \\[E=\\left\\{(x, y, z) \\mid c \\leq y \\leq d, h_{1}(y) \\leq x \\leq h_{2}(y), \\phi_{1}(x, y) \\leq z \\leq \\phi_{2}(x, y)\\right\\}\\] 에서 연속이면 \\[ \\iiint_{E} f(x, y, z) d V=\\int_{c}^{d} \\int_{h_{1}(y)}^{h_{2}(y)} \\int_{\\phi_{1}(x, y)}^{\\phi_{2}(x, y)} f(x, y, z) d z d x d y \\]가 된다.</p> <p>예제</p> <p>다음 물음에 답하시오</p> <p>(1) 입체영역 \\( E \\) 가 평면 \\( x=0, y=0, z=0, x+y+z=1 \\) 로 둘러싸인 사면체일 때, \\( \\iiint_{E} z d V \\) 를 구하시오.</p> <p>(2) 교차하는 두 원주 \\( x^{2}+y^{2}=a^{2} \\) 과 \\( x^{2}+z^{2}=a^{2} \\) 에 공통된 입체영역의 부피 \\( V \\) 를 구하시오.</p> <p>풀이</p> <p>(1) \\( E=\\{(x, y, z) \\mid 0 \\leq x \\leq 1,0 \\leq y \\leq 1-x, 0 \\leq z \\leq 1-x-y\\} \\) 이므로 \\[\\begin{aligned} \\iiint_{E} z d V &=\\int_{0}^{1} \\int_{0}^{1-x} \\int_{0}^{1-x-y} z d z d y d x \\\\&=\\int_{0}^{1} \\int_{0}^{1-x}\\left[\\frac{z^{2}}{2}\\right]_{z=0}^{z=1-x-y} d y d x \\\\&=\\frac{1}{2} \\int_{0}^{1} \\int_{0}^{1-x}(1-x-y)^{2} d y d x \\\\&=\\frac{1}{2} \\int_{0}^{1}\\left[-\\frac{(1-x-y)^{3}}{3}\\right]_{y=0}^{y=1-x} d x \\\\&=\\frac{1}{6} \\int_{0}^{1}(1-x)^{3} d x=\\frac{1}{6}\\left[-\\frac{(1-x)^{4}}{4}\\right]_{0}^{1}=\\frac{1}{24}\\end{aligned}\\]</p> <p>(2) 공통된 입체영역의 부피 \\( V \\) 를 구하면 \\[\\begin{aligned}V &=8 \\int_{0}^{a} \\int_{0}^{\\sqrt{a^{2}-x^{2}}} \\int_{0}^{a^{2}-x^{2}} d z d y d x \\\\&=8 \\int_{0}^{a} \\int_{0}^{\\sqrt{a^{2}-x^{2}}} \\sqrt{a^{2}-x^{2}} d y d x \\\\&=8 \\int_{0}^{a}\\left(a^{2}-x^{2}\\right) d x=\\frac{16 a^{3}}{3}\\end{aligned}\\]</p> <p>② 영역 \\( E \\) 가 형태 Ⅱ인 입체영역일 경우</p> <p>삼변수함수 \\( w=f(x, y, z) \\) 가 \\[E=\\left\\{(x, y, z) \\mid(y, z) \\in D, \\phi_{1}(y, z) \\leq x \\leq \\phi_{2}(y, z)\\right\\}\\]에서 연속일 때 \\[\\iiint_{E} f(x, y, z) d V=\\iint_{D}\\left[\\int_{\\phi_{1}(y, z)}^{\\phi_{2}(y, z)} f(x, y, z) d x\\right] d A\\]로 주어진다. 여기서 \\( D \\) 는 \\( E \\subset \\mathbb{R}^{3} \\) 의 \\( y z \\) 평면으로의 정사영이고, 두 함수 \\( \\phi_{1}(y, z) \\) 와 \\( \\phi_{2}(y, z) \\) 는 \\( D \\) 에서 연속이다. 이때 \\( E \\subset \\mathbb{R}^{3} \\) 를 형태 Ⅱ인 입체영역이라고 한다.</p> <p>③ 영역 \\( E \\) 가 형태 Ⅲ인 입체영역일 경우</p> <p>삼변수함수 \\( w=f(x, y, z) \\) 가 \\[E=\\left\\{(x, y, z) \\mid(x, z) \\in D, \\phi_{1}(x, z) \\leq y \\leq \\phi_{2}(x, z)\\right\\}\\]에서 연속일 때 \\[\\iiint_{E} f(x, y, z) d V=\\iint_{D}\\left[\\int_{\\phi_{1}(x, z)}^{\\phi_{2}(x, z)} f(x, y, z) d y\\right] d A\\]로 주어진다. 여기서 \\( D \\) 는 \\( E \\subset \\mathbb{R}^{3} \\) 의 \\( x z \\) 평면으로의 정사영이고, 두 함수 \\( \\phi_{1}(x, z) \\) 와 \\( \\phi_{2}(x, z) \\) 가 \\( D \\) 에서 연속이다. 이때 \\( E \\subset \\mathbb{R}^{3} \\) 를 형태 Ⅲ인 입체영역이라고 한다.</p> <p>참고</p> <p>이중적분의 성질은 삼중적분으로 확장된다.</p>",
                "context_length": 4140,
                "clue": [
                    {
                        "clue_text": "이제 일반적인 닫힌영역 \\( E \\subset \\mathbb{R}^{3} \\) 에서 삼중적분을 정의한다.",
                        "clue_start": "34",
                        "clue_end": "92"
                    },
                    {
                        "clue_text": "삼중적분을 계산하는 데 가장 중요한 것은 주어진 영역의 정확한 그래프를 그릴 수 있는 것이다.",
                        "clue_start": "674",
                        "clue_end": "726"
                    },
                    {
                        "clue_text": "① 닫힌영역 \\( E \\) 가 형태 Ⅰ인 입체영역일 경우",
                        "clue_start": "734",
                        "clue_end": "765"
                    },
                    {
                        "clue_text": "② 영역 \\( E \\) 가 형태 Ⅱ인 입체영역일 경우",
                        "clue_start": "3146",
                        "clue_end": "3175"
                    },
                    {
                        "clue_text": "③ 영역 \\( E \\) 가 형태 Ⅲ인 입체영역일 경우",
                        "clue_start": "3625",
                        "clue_end": "3654"
                    }
                ],
                "terminology": [
                    {
                        "word": "교차"
                    },
                    {
                        "word": "닫힌구간"
                    },
                    {
                        "word": "삼변수함수"
                    },
                    {
                        "word": "삼중적분"
                    },
                    {
                        "word": "이중적분"
                    },
                    {
                        "word": "적분"
                    },
                    {
                        "word": "적분가능"
                    },
                    {
                        "word": "정사영"
                    },
                    {
                        "word": "함수"
                    }
                ]
            },
            {
                "context_id": "55e-0c9-merge_2_96aba9d6-a6bb334d-04a6-4a16-bc05-c10c6ad8a9e2_05",
                "context_K-NSCC": {
                    "field": "자연",
                    "large_category": "NA",
                    "medium_category": "02"
                },
                "context": "<h1>8.2 삼중적분</h1> <p>삼변수함수 \\( w = f(x, y, z) \\) 는 사차원에서 초곡면 (hypersurface)의 그래프이다. 따라서 함수 \\( f(x, y, z) \\) 에 대한 삼중적분은 기하학적 의미를 부여할 수 없다. 그러나 세 변수 이상의 함수에 대한 적분이 경우에 따라서는 매우 필요하다.</p> <h2>1. 공간좌표계</h2> <p>삼차원공간 \\( \\mathbb { R } ^ { 3 } \\) 에서는 세 개의 좌표계, 즉 직교좌표계 (rectangular coordinate system), 원주좌표계 (cylindrical coordinate system), 구면좌표계 (spherical coordinate system)가 있다. 원주좌표계와 구면좌표계는 변수변환에 의한 적분의 계산에 많이 이용된다. 여기서는 원주좌표계와 구면좌표계에 대해서 간단히 설명한다.</p> <h3>(1) 원주좌표계</h3> <p>원주좌표계에서는 삼차원공간의 임의의 점 \\( P \\) 를 순서쌍 \\( (r, \\theta, z) \\) 로 나타낸다. 이때 \\( r \\)과 \\( \\theta \\) 는 점 \\( P \\) 의 \\( x y \\) 평면 위로의 정사영의 극좌표이고, \\( z \\) 는 \\( x y \\) 평면에서 \\( P \\) 까지의 방향이 주어진 거리이다.</p> <p>원주좌표를 직교좌표로 변환하기 위해서는 방정식 \\[x=r \\cos \\theta, y=r \\sin \\theta, z=z \\]를 이용하고, 직교좌표를 원주좌표로 변환하기 위해서는 방정식 \\[r ^ { 2 } =x ^ { 2 } + y ^ { 2 } , \\tan \\theta= \\frac { y } { x } , z=z \\]를 이용한다.</p> <h3>(2) 구면좌표계</h3> <p>구면좌표계에서는 삼차원공간의 임의의 점 \\( P \\) 를 순서쌍 \\( ( \\rho, \\theta, \\phi) \\) 로 정의한다. 이때 \\( \\rho= \\overline { O P } \\) 는 원점에서 \\( P \\) 까지의 거리이고, \\( \\theta \\) 는 원주좌표에서와 같은 각이며, \\( \\phi \\) 는 양의 \\( z \\) 축과 선분 \\( O P \\) 사이의 각이다. 직교좌표와 구면좌표 사이의 관계는 \\[x= \\rho \\sin \\phi \\cos \\theta, y= \\rho \\sin \\phi \\sin \\theta, z= \\rho \\cos \\phi \\]로 주어진다. 여기서 \\( \\rho \\geq 0,0 \\leq \\phi \\leq \\pi, 0 \\leq \\theta \\leq 2 \\pi \\) 이다.</p>",
                "context_length": 1272,
                "clue": [
                    {
                        "clue_text": "삼변수함수 \\( w = f(x, y, z) \\) 는 사차원에서 초곡면 (hypersurface)의 그래프이다.",
                        "clue_start": "21",
                        "clue_end": "82"
                    },
                    {
                        "clue_text": "삼차원공간 \\( \\mathbb { R } ^ { 3 } \\) 에서는 세 개의 좌표계, 즉 직교좌표계 (rectangular coordinate system), 원주좌표계 (cylindrical coordinate system), 구면좌표계 (spherical coordinate system)가 있다.",
                        "clue_start": "204",
                        "clue_end": "372"
                    },
                    {
                        "clue_text": "원주좌표계에서는 삼차원공간의 임의의 점 \\( P \\) 를 순서쌍 \\( (r, \\theta, z) \\) 로 나타낸다.",
                        "clue_start": "472",
                        "clue_end": "536"
                    },
                    {
                        "clue_text": "구면좌표계에서는 삼차원공간의 임의의 점 \\( P \\) 를 순서쌍 \\( ( \\rho, \\theta, \\phi) \\) 로 정의한다.",
                        "clue_start": "875",
                        "clue_end": "946"
                    },
                    {
                        "clue_text": "직교좌표와 구면좌표 사이의 관계는 \\[x= \\rho \\sin \\phi \\cos \\theta, y= \\rho \\sin \\phi \\sin \\theta, z= \\rho \\cos \\phi \\]로 주어진다.",
                        "clue_start": "1085",
                        "clue_end": "1195"
                    }
                ],
                "terminology": [
                    {
                        "word": "공간좌표계"
                    },
                    {
                        "word": "구면좌표"
                    },
                    {
                        "word": "구면좌표계"
                    },
                    {
                        "word": "극좌표"
                    },
                    {
                        "word": "기하학적 의미"
                    },
                    {
                        "word": "방정식"
                    },
                    {
                        "word": "변수변환"
                    },
                    {
                        "word": "사차원"
                    },
                    {
                        "word": "삼변수함수"
                    },
                    {
                        "word": "삼중적분"
                    },
                    {
                        "word": "삼차원공간"
                    },
                    {
                        "word": "선분"
                    },
                    {
                        "word": "원주좌표계"
                    },
                    {
                        "word": "적분"
                    },
                    {
                        "word": "정사영"
                    },
                    {
                        "word": "좌표계"
                    },
                    {
                        "word": "직교좌표계"
                    },
                    {
                        "word": "초곡면"
                    },
                    {
                        "word": "함수"
                    }
                ]
            },
            {
                "context_id": "55e-0c9-c771dd85-57f7-44fa-9e5f-127ad5eb18e8",
                "context_K-NSCC": {
                    "field": "자연",
                    "large_category": "NA",
                    "medium_category": "02"
                },
                "context": "<h3>(3) 일반적인 닫힌영역에서의 이중적분</h3> <p>① 이중적분 구하기</p> <p>이제 일반적인 닫힌영역 \\( \\Omega \\subset \\mathbb{R}^{2} \\) 에서 이중적분을 정의한다. \\( \\Omega \\) 에서 정의된 이변수 함수 \\( z=f(x, y) \\) 와 \\( \\Omega \\) 를 포함하는 어떤 직사각형 영역 \\( D \\) 에 대해서 새로운 함수 \\( F(x, y) \\) 를 \\[F(x, y)=\\left\\{\\begin{array}{ll}f(x, y), & (x, y) \\in \\Omega \\\\0 & , \\quad(x, y) \\in D-\\Omega\\end{array}\\right.\\] 으로 정의한다. 이때 \\( \\Omega \\) 에서 연속인 이변수함수 \\( z=f(x, y) \\) 의 이중적분을 다음으로 정의한다.</p> <p>정의 4 일반적인 닫힌영역 위의 이중적분</p> <p>이변수함수 \\( z=F(x, y) \\) 가 일반적인 닫힌영역 \\( \\Omega \\subset \\mathbb{R}^{2} \\) 를 포함하는 직사각형 영역 \\( D \\) 에서 연속이면, \\( \\Omega \\) 에서 \\( f(x, y) \\) 의 이중적분을 \\[\\iint_{\\Omega} f(x, y) d A=\\iint_{D} F(x, y) d A\\]로 정의한다.</p> <p>(ⅰ) \\( \\Omega \\) 가 형태 Ⅰ인 닫힌영역일 경우</p> <p>함수 \\( g_{1}(x) \\) 와 \\( g_{2}(x) \\) 가 닫힌구간 \\( [a, b] \\) 에서 연속일 때, 닫힌영역 \\( \\Omega \\subset \\mathbb{R}^{2} \\) 가 \\[\\Omega=\\left\\{(x, y) \\mid a \\leq x \\leq b, g_{1}(x) \\leq y \\leq g_{2}(x)\\right\\}\\]로 주어지면, \\( \\Omega \\) 를 형태 Ⅰ인 닫힌영역이라고 한다.</p> <p>정리 5</p> <p>이변수함수 \\( z=f(x, y) \\)가 형태 \\( \\mathrm{I} \\) 인 닫힌영역 \\( \\Omega \\subset \\mathbb{R}^{2} \\) 에서 연속이면\\[ \\iint_{\\Omega} f(x, y) d A=\\int_{a}^{b} \\int_{g_{1}(x)}^{g_{2}(x)} f(x, y) d y d x\\]</p> <p>(ⅱ) \\( \\Omega \\) 가 형태 Ⅱ인 닫힌영역일 경우</p> <p>함수 \\( h_{1}(y) \\) 와 \\( h_{2}(y) \\) 가 닫힌구간 \\( [c, d] \\) 에서 연속일 때, 닫힌영역 \\( \\Omega \\subset \\mathbb{R}^{2} \\) 가 \\[\\Omega=\\left\\{(x, y) \\mid c \\leq y \\leq d, h_{1}(y) \\leq x \\leq h_{2}(y)\\right\\}\\]로 주어지면, \\( \\Omega \\) 를 형태 Ⅱ인 닫힌영역이라고 한다.</p> <p>정리 6</p> <p>이변수함수 \\( z=f(x, y) \\) 가 형태 Ⅱ인 닫힌영역 \\( \\Omega \\subset \\mathbb{R}^{2} \\) 에서 연속이면 \\[\\iint_{\\Omega} f(x, y) d A=\\int_{c}^{d} \\int_{h_{1}(y)}^{h_{2}(y)} f(x, y) d x d y\\]</p> <p>예제</p> <p>\\( x=y^{2} \\) 과 \\( x=2-y \\) 로 둘러싸인 영역을 \\( \\Omega \\) 라고 할 때, \\( \\iint_{\\Omega} f(x, y) d A \\) 를 반복적분으로 표현하시오.</p> <p>풀이</p> <p>영역의 수평 선분은 \\( y \\) 를 고정시킬 때 \\( x \\) 의 범위는 \\( x=y^{2} \\) 으로부터 \\( x=2-y \\) 까지이다. 이때 두 곡선의 교점의 \\( y \\) 좌표는 \\( y=-2 \\) 와 \\( y=1 \\) 이다. 따라서 \\[\\iint_{\\Omega} f(x, y) d A=\\int_{-2}^{1} \\int_{y^{2}}^{2-y} f(x, y) d x d y\\]로 주어진다.</p> <p>이중적분의 계산에서는 어떤 변수에 대해서 먼저 적분할 것인지에 따라 계산식이 쉬워질 수도 있고 어려워질 수도 있다.</p> <p>예</p> <p>\\( y=x, x=1, y=0 \\) 으로 둘러싸인 영역 \\( \\Omega \\) 에 대해서 \\[\\iint_{\\Omega} e^{x^{2}} d A\\]를 구해보자.</p> <ol type=1 start=1><li>\\( \\Omega \\) 를 형태 Ⅱ인 닫힌영역으로 표현하면 \\[\\iint_{\\Omega} e^{x^{2}} d A=\\int_{0}^{1} \\int_{y}^{1} e^{x^{2}} d x d y \\]로 주어진다. 이 경우는 \\( e^{x^{2}} \\) 의 원시함수를 알 수 없기 때문에, 이중적분 \\( \\iint_{\\Omega} e^{x^{2}} d A \\) 를 구할 수 없다.</li> <li>\\( \\Omega \\) 를 형태 Ⅰ인 닫힌영역으로 표현하면 \\[\\iint_{\\Omega} e^{x^{2}} d A=\\int_{0}^{1} \\int_{0}^{x} e^{x^{2}} d y d x=\\int_{0}^{1} x e^{x^{2}} d x\\]로 주어진다. 이 경우는 \\( u=x^{2} \\) 으로 치환하여 \\[\\begin{aligned}\\iint_{\\Omega} e^{x^{2}} d A &=\\int_{0}^{1} x e^{x^{2}} d x \\\\&=\\frac{1}{2} \\int_{0}^{1} e^{u} d u=\\left[\\frac{1}{2} e^{u}\\right]_{u=0}^{u=1}=\\frac{1}{2}(e-1)\\end{aligned}\\]을 얻는다.</li></ol> <p>이변수함수 \\( z=f(x, y) \\) 가 닫힌영역 \\( \\Omega \\subset \\mathbb{R}^{2} \\) 에서 연속이 아닌 경우, 또는 \\( \\Omega \\) 가 유계가 아닌 경우까지 적분의 의미를 확장할 수 있다.</p> <p>② 이중적분의 성질</p> <p>이중적분의 정의로부터 다음 성질을 얻는다.</p> <p>정리 7 이중적분의 성질</p> <p>두 이변수함수 \\( z=f(x, y) \\) 와 \\( w=g(x, y) \\) 가 닫힌영역 \\( \\Omega \\subset \\mathbb{R}^{2} \\) 에서 연속이고, \\( c \\)가 임의의 상수일 때</p> <ol type=1 start=1><li>\\( \\iint_{\\Omega}[f(x, y) \\pm g(x, y)] d A=\\iint_{\\Omega} f(x, y) d A \\pm \\iint_{\\Omega} g(x, y) d A \\)</li> <li>\\( \\iint_{\\Omega} c f(x, y) d A=c \\iint_{\\Omega} f(x, y) d A \\)</li> <li>모든 \\( (x, y) \\in \\Omega \\) 에 대해서, \\( g(x, y) \\leq f(x, y) \\) 이면\\[\\iint_{\\Omega} g(x, y) d A \\leq \\iint_{\\Omega} f(x, y) d A\\]</li> <li>\\( \\left|\\iint_{\\Omega} f(x, y) d x d y\\right| \\leq \\iint_{\\Omega}|f(x, y)| d x d y \\)</li></ol> <p>다음 정리는 \\( \\int_{a}^{b} f=\\int_{a}^{c} f+\\int_{c}^{b} f \\) 로 주어지는 일변수함수에서의 적분의 성질과 유사하다.</p> <p>정리 8</p> <p>이변수함수 \\( z=f(x, y) \\) 가 \\( \\Omega=\\Omega_{1} \\cup \\Omega_{2}, \\Omega_{1} \\cap \\Omega_{2}=\\varnothing \\) 인 닫힌영역 \\( \\Omega \\) 에서 연속이면 \\[\\iint_{\\Omega} f(x, y) d A=\\iint_{\\Omega_{1}} f(x, y) d A+\\iint_{\\Omega_{2}} f(x, y) d A \\]</p> <p>[정리 8]은 형태 Ⅰ과 형태 Ⅱ가 아니면서 형태 Ⅰ과 형태 Ⅱ의 합집합으로 표시되는 닫힌영역 \\( \\Omega \\subset \\mathbb{R}^{2} \\) 에서 이중적분을 구하는 데 이용된다.</p> <p>정리 9 이중적분의 평균값정리</p> <p>이변수함수 \\( z=f(x, y) \\) 가 닫힌영역 \\( \\Omega \\subset \\mathbb{R}^{2} \\) 에서 연속이라고 하자. 그러면 모든 \\( (x, y) \\in \\Omega \\) 에 대해서 \\( m \\leq f(x, y) \\leq M \\) 일 때, \\( \\Omega \\) 의 면적을 \\( A(\\Omega) \\) 라 하면 \\[\\iint_{\\Omega} f(x, y) d A=\\mu A(\\Omega)\\] 만족하는 \\( \\mu \\) (단, \\( m \\leq \\mu \\leq M \\) ) 가 존재한다.</p>",
                "context_length": 4311,
                "clue": [
                    {
                        "clue_text": "이변수함수 \\( z=F(x, y) \\) 가 일반적인 닫힌영역 \\( \\Omega \\subset \\mathbb{R}^{2} \\) 를 포함하는 직사각형 영역 \\( D \\) 에서 연속이면, \\( \\Omega \\) 에서 \\( f(x, y) \\) 의 이중적분을 \\[\\iint_{\\Omega} f(x, y) d A=\\iint_{D} F(x, y) d A\\]로 정의한다.",
                        "clue_start": "455",
                        "clue_end": "654"
                    },
                    {
                        "clue_text": "이변수함수 \\( z=f(x, y) \\)가 형태 \\( \\mathrm{I} \\) 인 닫힌영역 \\( \\Omega \\subset \\mathbb{R}^{2} \\) 에서 연속이면\\[ \\iint_{\\Omega} f(x, y) d A=\\int_{a}^{b} \\int_{g_{1}(x)}^{g_{2}(x)} f(x, y) d y d x\\]",
                        "clue_start": "955",
                        "clue_end": "1135"
                    },
                    {
                        "clue_text": "이변수함수 \\( z=f(x, y) \\) 가 형태 Ⅱ인 닫힌영역 \\( \\Omega \\subset \\mathbb{R}^{2} \\) 에서 연속이면 \\[\\iint_{\\Omega} f(x, y) d A=\\int_{c}^{d} \\int_{h_{1}(y)}^{h_{2}(y)} f(x, y) d x d y\\]",
                        "clue_start": "1436",
                        "clue_end": "1601"
                    }
                ],
                "terminology": [
                    {
                        "word": "닫힌구간"
                    },
                    {
                        "word": "닫힌영역"
                    },
                    {
                        "word": "반복적분"
                    },
                    {
                        "word": "선분"
                    },
                    {
                        "word": "연속"
                    },
                    {
                        "word": "원시함수"
                    },
                    {
                        "word": "유계"
                    },
                    {
                        "word": "이변수"
                    },
                    {
                        "word": "이변수함수"
                    },
                    {
                        "word": "이중적분"
                    },
                    {
                        "word": "일변수함수"
                    },
                    {
                        "word": "적분"
                    },
                    {
                        "word": "치환"
                    },
                    {
                        "word": "평균값정리"
                    },
                    {
                        "word": "함수"
                    },
                    {
                        "word": "합집합"
                    }
                ]
            },
            {
                "context_id": "55e-0c9-merge_2_96aba9d6-a6bb334d-04a6-4a16-bc05-c10c6ad8a9e2_08",
                "context_K-NSCC": {
                    "field": "자연",
                    "large_category": "NA",
                    "medium_category": "02"
                },
                "context": "<h2>3. 원주좌표계에서의 삼중적분</h2> <p>직교좌표계로 표현된 삼중적분을 때로는 원주좌표계로 변환하면 간단히 구할 수 있다.</p> <p>정리 4 원주좌표에 의한 삼중적분</p> <p>삼변수함수 \\( w = f(x, y, z) \\) 가 입체영역 \\[ \\begin {array} { c } E= \\left \\{ (x, y, z) \\mid(x, y) \\in D, \\phi_ { 1 } (x, y) \\leq z \\leq \\phi_ { 2 } (x, y) \\right \\} \\\\ \\left ( \\text { 단, } D= \\left \\{ (r, \\theta) \\mid \\alpha \\leq \\theta \\leq \\beta, h_ { 1 } ( \\theta) \\leq z \\leq h_ { 2 } ( \\theta) \\right \\} \\right ) \\end {array} \\] 에서 연속이면 \\[ \\begin {aligned} \\iiint_ { E } f(x, y, z) d V \\\\&= \\iint_ { D } \\left [ \\int_ {\\phi_ { 1 } (x, y) } ^ {\\phi_ { 2 } (x, y) } f(x, y, z) d z \\right ] d A \\\\=& \\int_ {\\alpha } ^ {\\beta } \\int_ { h_ { 1 } ( \\theta) } ^ { h_ { 2 } ( \\theta) } \\int_ {\\phi_ { 1 } (r \\cos \\theta, r \\sin \\theta) } ^ {\\phi_ { 1 } (r \\cos \\theta, r \\sin \\theta) } f(r \\sin \\theta, r \\sin \\theta, z) r d z d r d \\theta \\end {aligned} \\] 로 주어진다. 여기서 \\( D \\) 는 \\( E \\subset \\mathbb { R } ^ { 3 } \\) 의 \\( x y \\) 평면으로의 정사영을 극좌표로 표현한 것이고, 함수 \\( \\phi_ { 1 } (x, y) \\) 와 \\( \\phi_ { 2 } (x, y) \\) 는 \\( D \\) 에서 연속이다.</p> <p>예제</p> <p>포물면 \\( y=x ^ { 2 } + z ^ { 2 } \\) 과 평면 \\( y=4 \\) 에 의해 둘러싸인 영역을 \\( E \\) 라고 할 때, \\( \\iiint_ { E } \\sqrt { x ^ { 2 } + z ^ { 2 } } d V \\) 를 구하시오.</p>",
                "context_length": 1190,
                "clue": [
                    {
                        "clue_text": "직교좌표계로 표현된 삼중적분을 때로는 원주좌표계로 변환하면 간단히 구할 수 있다.",
                        "clue_start": "29",
                        "clue_end": "74"
                    },
                    {
                        "clue_text": "포물면 \\( y=x ^ { 2 } + z ^ { 2 } \\) 과 평면 \\( y=4 \\) 에 의해 둘러싸인 영역을 \\( E \\) 라고 할 때, \\( \\iiint_ { E } \\sqrt { x ^ { 2 } + z ^ { 2 } } d V \\) 를 구하시오.",
                        "clue_start": "1044",
                        "clue_end": "1186"
                    }
                ],
                "terminology": [
                    {
                        "word": "sin"
                    },
                    {
                        "word": "극좌표"
                    },
                    {
                        "word": "삼변수함수"
                    },
                    {
                        "word": "삼중적분"
                    },
                    {
                        "word": "연속"
                    },
                    {
                        "word": "원주좌표"
                    },
                    {
                        "word": "원주좌표계"
                    },
                    {
                        "word": "입체영역"
                    },
                    {
                        "word": "정사영"
                    },
                    {
                        "word": "직교좌표계"
                    },
                    {
                        "word": "포물면"
                    },
                    {
                        "word": "함수"
                    }
                ]
            },
            {
                "context_id": "55e-0c9-8f0828db-2dca-474b-a289-f7a89778edd2",
                "context_K-NSCC": {
                    "field": "자연",
                    "large_category": "NA",
                    "medium_category": "02"
                },
                "context": "<h3>(2) 반복적분</h3> <p>이변수함수 \\( z=f(x, y) \\) 가 직사각형 영역\\[D=\\{(x, y) \\mid a \\leq x \\leq b, c \\leq y \\leq d\\}\\] 에서 연속이라고 하자. \\( A(x)=\\int_{c}^{d} f(x, y) d y \\) 라 놓으면 (여기서 \\( \\int_{c}^{d} f(x, y) d y \\) 라는 표현은 \\( z=f(x, y) \\) 에서 \\( x \\) 를 고정시켜 상수로 보고, \\( y=c \\) 에서 \\( y=d \\) 까지의 \\( y \\) 에 관한 편적분 (partial integral)을 의미)\\[\\int_{a}^{b} A(x) d x=\\int_{a}^{b}\\left[\\int_{c}^{d} f(x, y) d y\\right] d x\\]가 된다. 이때 오른쪽의 적분을 반복적분(iterated integral)이라 하고(이유는 반복하여 적분하기 때문) \\[\\int_{a}^{b} \\int_{c}^{d} f(x, y) d y d x=\\int_{a}^{b}\\left[\\int_{c}^{d} f(x, y) d y\\right] d x\\]로 표현한다. \\( \\int_{a}^{b} \\int_{c}^{d} f(x, y) d y d x \\) 를 \\( \\int_{a}^{b} d x \\int_{c}^{d} f(x, y) d y \\) 로 쓰기도 한다. 같은 방법으로\\[\\int_{c}^{d} \\int_{a}^{b} f(x, y) d x d y=\\int_{c}^{d}\\left[\\int_{a}^{b} f(x, y) d x\\right] d y\\]로 표현한다.</p> <p>예제</p> <p>다음 반복적분을 구하시오.</p> <p>(1) \\( \\int_{1}^{2} \\int_{1}^{3}(x+y) d y d x \\)</p> <p>(2) \\( \\int_{0}^{2} \\int_{1}^{2} x^{2} y d y d x \\)</p> <p>풀이</p> <p>(1) \\( \\int_{1}^{2} \\int_{1}^{3}(x+y) d y d x=\\int_{1}^{2}\\left[x y+\\frac{1}{2} y^{2}\\right]_{y=1}^{y=3} d x=\\int_{1}^{2}(2 x+4) d x=7 \\)</p> <p>(2) \\( \\int_{0}^{2} \\int_{1}^{2} x^{2} y d y d x=\\int_{0}^{2}\\left[\\frac{x^{2} y^{2}}{2}\\right]_{y=1}^{y=2} d x=\\int_{0}^{2}\\left[\\frac{3}{2} x^{2}\\right] d x=4 \\)</p> <p>참고</p> <p>같은 방법으로 \\[\\int_{1}^{3} \\int_{1}^{2}(x+y) d x d y=7, \\quad \\int_{1}^{2} \\int_{0}^{2} x^{2} y d x d y=4\\]를 얻는다. 이것은 적분순서와 상관없이 동일한 결과가 얻어짐을 의미한다.</p> <p>다음 푸비니 정리(Fubini's theorem)는 이변수함수에서의 이중적분은 반복적분을 이용하여 구할 수 있음을 보인다.</p> <p>정리 3 푸비니 정리</p> <p>이변수함수 \\( z=f(x, y) \\) 가 \\( D=\\{(x, y) \\mid a \\leq x \\leq b, c \\leq y \\leq d\\} \\) 에서 연속일 때 \\[\\iint_{D} f(x, y) d A=\\int_{a}^{b} \\int_{c}^{d} f(x, y) d y d x=\\int_{c}^{d} \\int_{a}^{b} f(x, y) d x d y\\]</p> <p>푸비니 정리는 반복적분을 이용하여 이중적분을 구할 때, 적분순서와 상관없이 같은 결과가 얻어짐을 보여주고 있다. 따라서 이중적분을 구할 때 유의해야 할 점은 보다 쉽게 적분을 구할 수 있도록 적분순서를 선택하는 것이다.</p>",
                "context_length": 1856,
                "clue": [
                    {
                        "clue_text": "이때 오른쪽의 적분을 반복적분(iterated integral)이라 하고(이유는 반복하여 적분하기 때문) \\[\\int_{a}^{b} \\int_{c}^{d} f(x, y) d y d x=\\int_{a}^{b}\\left[\\int_{c}^{d} f(x, y) d y\\right] d x\\]로 표현한다.",
                        "clue_start": "399",
                        "clue_end": "564"
                    },
                    {
                        "clue_text": "\\( \\int_{a}^{b} \\int_{c}^{d} f(x, y) d y d x \\) 를 \\( \\int_{a}^{b} d x \\int_{c}^{d} f(x, y) d y \\) 로 쓰기도 한다.",
                        "clue_start": "565",
                        "clue_end": "672"
                    },
                    {
                        "clue_text": "같은 방법으로\\[\\int_{c}^{d} \\int_{a}^{b} f(x, y) d x d y=\\int_{c}^{d}\\left[\\int_{a}^{b} f(x, y) d x\\right] d y\\]로 표현한다.",
                        "clue_start": "673",
                        "clue_end": "786"
                    },
                    {
                        "clue_text": "이변수함수 \\( z=f(x, y) \\) 가 \\( D=\\{(x, y) \\mid a \\leq x \\leq b, c \\leq y \\leq d\\} \\) 에서 연속일 때 \\[\\iint_{D} f(x, y) d A=\\int_{a}^{b} \\int_{c}^{d} f(x, y) d y d x=\\int_{c}^{d} \\int_{a}^{b} f(x, y) d x d y\\]",
                        "clue_start": "1523",
                        "clue_end": "1722"
                    },
                    {
                        "clue_text": "푸비니 정리는 반복적분을 이용하여 이중적분을 구할 때, 적분순서와 상관없이 같은 결과가 얻어짐을 보여주고 있다.",
                        "clue_start": "1730",
                        "clue_end": "1792"
                    }
                ],
                "terminology": [
                    {
                        "word": "iterated integral"
                    },
                    {
                        "word": "반복적분"
                    },
                    {
                        "word": "연속"
                    },
                    {
                        "word": "이변수함수"
                    },
                    {
                        "word": "이중적분"
                    },
                    {
                        "word": "적분"
                    },
                    {
                        "word": "편적분"
                    },
                    {
                        "word": "푸비니 정리"
                    }
                ]
            },
            {
                "context_id": "55e-0c9-merge_2_96aba9d6-a6bb334d-04a6-4a16-bc05-c10c6ad8a9e2_09",
                "context_K-NSCC": {
                    "field": "자연",
                    "large_category": "NA",
                    "medium_category": "02"
                },
                "context": "<p>풀이</p> <p>\\[E= \\left \\{ (x, y, z) \\mid-2 \\leq x \\leq 2,- \\sqrt { 4-x ^ { 2 } } \\leq z \\leq \\sqrt { 4-x ^ { 2 } } , x ^ { 2 } + z ^ { 2 } \\leq y \\leq 4 \\right \\} \\] 이고, \\( E \\) 의 \\( x z \\) 평면으로의 정사영 \\( D \\) 는 \\[D= \\left \\{ (x, z) \\mid-2 \\leq x \\leq 2,- \\sqrt { 4-x ^ { 2 } } \\leq z \\leq \\sqrt { 4-x ^ { 2 } } \\right \\} \\]이므로 \\[ \\begin {aligned} \\iiint_ { E } \\sqrt { x ^ { 2 } + z ^ { 2 } } d V &= \\iint_ { D } \\left [ \\int_ { x ^ { 2 } + z ^ { 2 } } ^ { 4 } \\sqrt { x ^ { 2 } + z ^ { 2 } } d y \\right ] d A \\\\&= \\iint_ { D } \\left [ \\int_ { x ^ { 2 } + z ^ { 2 } } ^ { 4 } \\left (4-x ^ { 2 } -z ^ { 2 } \\right ) \\sqrt { x ^ { 2 } + z ^ { 2 } } d y \\right ] d A \\end {aligned} \\]가 된다. 따라서 주어진 삼중적분을 원주좌표계로 변환하여 계산하면 \\[ \\begin {aligned} \\iiint_ { E } \\sqrt { x ^ { 2 } + z ^ { 2 } } d V &= \\int_ { 0 } ^ { 2 \\pi } \\int_ { 0 } ^ { 2 } \\left (4-r ^ { 2 } \\right ) r r d r d \\theta \\\\&= \\int_ { 0 } ^ { 2 \\pi } d \\theta \\int_ { 0 } ^ { 2 } \\left (4 r ^ { 2 } -r ^ { 4 } \\right ) d r \\\\&=2 \\pi \\left [ \\frac { 4 r ^ { 3 } } { 3 } - \\frac { r ^ { 5 } } { 5 } \\right ]_ { 0 } ^ { 2 } = \\frac { 128 \\pi } { 15 } \\end {aligned} \\]</p>",
                "context_length": 1127,
                "clue": [
                    {
                        "clue_text": "\\( E \\) 의 \\( x z \\) 평면으로의 정사영 \\( D \\) 는 \\[D= \\left \\{ (x, z) \\mid-2 \\leq x \\leq 2,- \\sqrt { 4-x ^ { 2 } } \\leq z \\leq \\sqrt { 4-x ^ { 2 } } \\right \\} \\]이므로",
                        "clue_start": "171",
                        "clue_end": "326"
                    },
                    {
                        "clue_text": "따라서 주어진 삼중적분을 원주좌표계로 변환하여 계산하면 \\[ \\begin {aligned} \\iiint_ { E } \\sqrt { x ^ { 2 } + z ^ { 2 } } d V &= \\int_ { 0 } ^ { 2 \\pi } \\int_ { 0 } ^ { 2 } \\left (4-r ^ { 2 } \\right ) r r d r d \\theta \\\\&= \\int_ { 0 } ^ { 2 \\pi } d \\theta \\int_ { 0 } ^ { 2 } \\left (4 r ^ { 2 } -r ^ { 4 } \\right ) d r \\\\&=2 \\pi \\left [ \\frac { 4 r ^ { 3 } } { 3 } - \\frac { r ^ { 5 } } { 5 } \\right ]_ { 0 } ^ { 2 } = \\frac { 128 \\pi } { 15 } \\end {aligned} \\]",
                        "clue_start": "687",
                        "clue_end": "1123"
                    },
                    {
                        "clue_text": "\\[E= \\left \\{ (x, y, z) \\mid-2 \\leq x \\leq 2,- \\sqrt { 4-x ^ { 2 } } \\leq z \\leq \\sqrt { 4-x ^ { 2 } } , x ^ { 2 } + z ^ { 2 } \\leq y \\leq 4 \\right \\} \\] 이고,",
                        "clue_start": "13",
                        "clue_end": "170"
                    }
                ],
                "terminology": [
                    {
                        "word": "변환"
                    },
                    {
                        "word": "삼중적분"
                    },
                    {
                        "word": "원주좌표계"
                    },
                    {
                        "word": "정사영"
                    }
                ]
            }
        ]
    }
}