{
    "dataset_info": {
        "identifier": "02-031-002-NL",
        "name": "기술과학 문서 요약 데이터",
        "category": "자연어",
        "last_updated": "2023-08-30"
    },
    "dataset": {
        "doc_id": "55e4099e-b194-4dbe-9164-5255c89324ec",
        "doc_type": "도서",
        "doc_title": {
            "kor": "기초미적분학_도함수의 활용",
            "eng": ""
        },
        "doc_category": {
            "KDC": "414",
            "DDC": ""
        },
        "doc_number": {
            "ISSN": "",
            "ISBN": "9791160733600",
            "DOI": "",
            "UCI": ""
        },
        "doc_year": "2020",
        "doc_author": [
            "김대식",
            "김윤경"
        ],
        "doc_publisher": "경문사",
        "doc_license": "저작권 협의됨",
        "context_info": [
            {
                "context_id": "55e-0c9-3e0b6f78-22bc-467a-a9a9-2ad096b05fac_00",
                "context_K-NSCC": {
                    "field": "자연",
                    "large_category": "NA",
                    "medium_category": "02"
                },
                "context": "<p>그래프의 모양이 위로 볼록에서 아래로 볼록, 또는 아래로 볼록에서 위로 볼록으로 바뀌는 점을 변곡점이라 한다.</p> <p>즉 정리 \\(10.4.1 \\)에 의하여 변곡점의 좌우에서 \\( f ^ {\\prime \\prime } (x) \\) 의 부호가 바뀐다. 따라서 \\( y = f(x) \\) 가 연속이고 \\( f ^ {\\prime \\prime } (x) \\) 가 존재하는 경우 변곡점에서 \\( f ^ {\\prime \\prime } (x) \\) 의 값은 \\(0 \\) 이 되어야 한다.</p> <p>그러나 이 역은 성립하지 않는다. 예를 들어, \\( f(x)=x ^ { 4 } \\) 일 때 \\( f ^ {\\prime \\prime } (0)=0 \\) 이지만 이 점 \\( (0,0) \\) 은 변곡점이 아니다. 즉 \\( f ^ {\\prime \\prime } (x)=0 \\) 인 점은 변곡점 일 수도 있고, 아닐 수도 있다. 따라서 변곡점인 것을 확인하기 위해서는 반드시 \\( f ^ {\\prime \\prime } (x)=0 \\) 인 점의 좌우에서 \\( f ^ {\\prime \\prime } (x) \\) 의 부호가 변하는지 확인해야 한다.</p> <p>정리 \\(10.4.2 \\) 함수 \\( y=f(x) \\) 에서 \\( f ^ {\\prime \\prime } (a)=0 \\) 이고 \\( x=a \\) 의 좌우에서 \\( f ^ {\\prime \\prime } (x) \\) 의 부호가 바뀌면 점 \\( (a, f(a)) \\) 는 곡선 \\( y=f(x) \\) 의 변곡점이다.</p> <p>예제 \\(10.4.2 \\) 다음 함수의 극점과 변곡점을 구하고 그래프의 개형을 그려라.</p> <ol type=1 start=1><li>\\( f(x)=x ^ { 3 } -9 x ^ { 2 } + 24 x-9 \\)</li> <li>\\( f(x)= \\tan ^ { -1 } x \\)</li></ol> <p>풀이 \\((1) \\) \\( f ^ {\\prime } (x)=3 x ^ { 2 } -18 x + 24=3(x-2)(x-4), f ^ {\\prime \\prime } (x)=6 x-18=6(x-3) \\) 이고 \\( f ^ {\\prime } (x) \\) \\( =0 \\) 에서 \\( x=2 \\) 또는 \\( x=4 \\) 이고, \\( f ^ {\\prime \\prime } (x)=0 \\) 에서 \\( x=3 \\) 이므로 소구간 \\( (- \\infty, 2) \\), \\( (2,3),(3,4),(4, \\infty) \\) 으로 나누어 \\( f ^ {\\prime } (x), f ^ {\\prime \\prime } (x) \\) 의 부호를 조사한다. 따라서 극대점 \\( (2,11) \\), 극소점 \\( (4,7) \\), 변곡점 \\( (3,9) \\) 을 얻고 다음과 같은 그래프가 된다.</p>",
                "context_length": 1364,
                "clue": [
                    {
                        "clue_text": "그래프의 모양이 위로 볼록에서 아래로 볼록, 또는 아래로 볼록에서 위로 볼록으로 바뀌는 점을 변곡점이라 한다.",
                        "clue_start": "3",
                        "clue_end": "64"
                    },
                    {
                        "clue_text": "즉 정리 \\(10.4.1 \\)에 의하여 변곡점의 좌우에서 \\( f ^ {\\prime \\prime } (x) \\) 의 부호가 바뀐다.",
                        "clue_start": "72",
                        "clue_end": "145"
                    },
                    {
                        "clue_text": "따라서 \\( y = f(x) \\) 가 연속이고 \\( f ^ {\\prime \\prime } (x) \\) 가 존재하는 경우 변곡점에서 \\( f ^ {\\prime \\prime } (x) \\) 의 값은 \\(0 \\) 이 되어야 한다.",
                        "clue_start": "146",
                        "clue_end": "271"
                    }
                ],
                "terminology": [
                    {
                        "word": "극대점"
                    },
                    {
                        "word": "극소점"
                    },
                    {
                        "word": "변곡점"
                    },
                    {
                        "word": "소구간"
                    },
                    {
                        "word": "아래로 볼록"
                    },
                    {
                        "word": "역"
                    },
                    {
                        "word": "연속"
                    },
                    {
                        "word": "위로 볼록"
                    },
                    {
                        "word": "함수"
                    }
                ]
            },
            {
                "context_id": "55e-0c9-adf1fa30-307c-41ef-83dd-e3ae069a8723_01",
                "context_K-NSCC": {
                    "field": "자연",
                    "large_category": "NA",
                    "medium_category": "02"
                },
                "context": "<p>유제 \\(10.1.2 \\) 두 함수 \\( f(x), g(x) \\) 가 \\( [a, b] \\) 에서 연속이고, \\( (a, b) \\) 에서 미분가능하며 \\( f ^ {\\prime } (x)= \\) \\( g ^ {\\prime } (x) \\) 일 때, \\( [a, b] \\) 에서 \\( f(x)=g(x) + c (c \\) 는 상수 \\( ) \\) 임을 증명하여라.</p> <p>예제 \\(10.1.3 \\) 평균값 정리를 이용하여 모든 실수 \\( a, b \\) 에 대하여 \\[ | \\cos b- \\cos a| \\leq|b-a| \\] 임을 증명하여라.</p> <p>증명 만일 \\( a=b \\) 이면 \\( | \\cos b- \\cos a| \\leq|b-a| \\) 는 당연히 성립한다. \\( a<b \\) 이라 하고 \\( f(x)= \\cos x \\) 라고 하면, \\( f(x) \\) 는 \\( [a, b] \\) 에서 연속이고 \\( (a, b) \\) 에서 미분가능이므로 평균값 정리에 의하여 \\[ \\frac { f(b)-f(a) } { b-a } =f ^ {\\prime } (c) \\] 인 \\( c(a<c<b) \\) 가 존재한다. \\( f ^ {\\prime } (x)=- \\sin x \\) 이므로 \\[ \\left | \\frac {\\cos b- \\cos a } { b-a } \\right |=|- \\sin c| \\leq 1 \\text { . } \\] 따라서 \\[ | \\cos b- \\cos a| \\leq|b-a| \\] 이다.</p> <p>유제 \\(10.1.3 \\) 구간 \\( [1,1 + h] \\) 에서 함수 \\( f(x)= \\ln x \\) 의 평균값 정리를 이용하여 \\[ \\frac { h } { 1 + h }< \\ln (1 + h)<h \\] 임을 증명하여라.</p> <p>평균값 정리에서 \\( f(a)=f(b) \\) 를 넣으면 Rolle의 정리를 얻는다. 따라서 평균값 정리는 Rolle의 정리를 확장한 것이라 생각할 수 있다. 이 평균값 정리보다 더 확장된 것이 다음의 코시의 정리이다.</p> <p>정리 \\(10.1.3 \\) 코시의 정리 함수 \\( f(x), g(x) \\) 가 \\( [a, b] \\) 에서 연속이고, \\( (a, b) \\) 에서 미분가능하며 \\( x \\in(a, b) \\) 에서 \\( g ^ {\\prime } (x) \\neq 0 \\) 이면 \\( (a, b) \\) 에 적어도 한 점 \\( m \\) 이 존재하여 \\[ \\frac { f(b)-f(a) } { g(b)-g(a) } = \\frac { f ^ {\\prime } (m) } { g ^ {\\prime } (m) } \\] 을 만족한다.</p>",
                "context_length": 1285,
                "clue": [
                    {
                        "clue_text": "유제 \\(10.1.2 \\) 두 함수 \\( f(x), g(x) \\) 가 \\( [a, b] \\) 에서 연속이고, \\( (a, b) \\) 에서 미분가능하며 \\( f ^ {\\prime } (x)= \\) \\( g ^ {\\prime } (x) \\) 일 때, \\( [a, b] \\) 에서 \\( f(x)=g(x) + c (c \\) 는 상수 \\( ) \\) 임을 증명하여라.",
                        "clue_start": "3",
                        "clue_end": "202"
                    },
                    {
                        "clue_text": "정리 \\(10.1.3 \\) 코시의 정리 함수 \\( f(x), g(x) \\) 가 \\( [a, b] \\) 에서 연속이고, \\( (a, b) \\) 에서 미분가능하며 \\( x \\in(a, b) \\) 에서 \\( g ^ {\\prime } (x) \\neq 0 \\) 이면 \\( (a, b) \\) 에 적어도 한 점 \\( m \\) 이 존재하여 \\[ \\frac { f(b)-f(a) } { g(b)-g(a) } = \\frac { f ^ {\\prime } (m) } { g ^ {\\prime } (m) } \\] 을 만족한다.",
                        "clue_start": "1000",
                        "clue_end": "1281"
                    },
                    {
                        "clue_text": "\\( a<b \\) 이라 하고 \\( f(x)= \\cos x \\) 라고 하면, \\( f(x) \\) 는 \\( [a, b] \\) 에서 연속이고 \\( (a, b) \\) 에서 미분가능이므로 평균값 정리에 의하여 \\[ \\frac { f(b)-f(a) } { b-a } =f ^ {\\prime } (c) \\] 인 \\( c(a<c<b) \\) 가 존재한다.",
                        "clue_start": "377",
                        "clue_end": "566"
                    },
                    {
                        "clue_text": "\\( f ^ {\\prime } (x)=- \\sin x \\) 이므로 \\[ \\left | \\frac {\\cos b- \\cos a } { b-a } \\right |=|- \\sin c| \\leq 1 \\text { . } \\] 따라서 \\[ | \\cos b- \\cos a| \\leq|b-a| \\] 이다.",
                        "clue_start": "567",
                        "clue_end": "730"
                    },
                    {
                        "clue_text": "평균값 정리에서 \\( f(a)=f(b) \\) 를 넣으면 Rolle의 정리를 얻는다.",
                        "clue_start": "871",
                        "clue_end": "917"
                    }
                ],
                "terminology": [
                    {
                        "word": "Rolle의 정리"
                    },
                    {
                        "word": "미분가능"
                    },
                    {
                        "word": "실수"
                    },
                    {
                        "word": "코시의 정리"
                    },
                    {
                        "word": "평균값 정리"
                    },
                    {
                        "word": "함수"
                    }
                ]
            },
            {
                "context_id": "55e-0c9-4e17fa55-ced3-433a-979e-9ee62fd891fc_00",
                "context_K-NSCC": {
                    "field": "자연",
                    "large_category": "NA",
                    "medium_category": "02"
                },
                "context": "<p>정리 \\(10.3.4 \\) 페르마 정리 함수 \\( f(x) \\) 가 \\( x = a \\) 에서 미분가능하고 \\( x=a \\) 에서 극댓값이나 극솟값을 가지면 \\[ f ^ {\\prime } (a)=0 \\] 이다.</p> <p>함수 \\( f(x) \\) 가 \\( x=a \\) 에서 미분가능하고 극솟값을 갖는다고 하자. 그러면 \\( h \\rightarrow 0 \\) 일 때 \\( f(a) \\leq f(a + h) \\) 이므로 \\[ \\begin {array} { l } h<0 \\text { 이면 } \\frac { f(a + h)-f(a) } { h } \\leq 0 \\\\ h>0 \\text { 이면 } \\frac { f(a + h)-f(a) } { h } \\geq 0 \\end {array} \\] 이다. 함수 \\( f(x) \\) 가 \\( x=a \\) 에서 미분가능하므로 \\[ 0 \\leq \\lim _ { h \\rightarrow 0 + } \\frac { f(a + h)-f(a) } { h } = \\lim _ { h \\rightarrow 0- } \\frac { f(a + h)-f(a) } { h } \\leq 0 \\] 이다. 따라서 \\( f ^ {\\prime } (a)=0 \\) 이다. 같은 방법으로 함수 \\( f(x) \\) 가 \\( x=a \\) 에서 미분가능하고 \\( x=a \\) 에서 극댓값을 가질 때도 \\( f ^ {\\prime } (a)=0 \\) 임을 증명할 수 있다.</p> <p>정리 \\(10.3.4 \\)의 역은 성립하지 않는다. 즉, 미분가능한 함수 \\( f ^ {\\prime } (a)=0 \\) 이라고 해서 \\( f(x) \\) 가 \\( x=a \\) 에서 반드시 극값을 갖는 것은 아니다. 예를 들어 \\( f(x)=x ^ { 3 } \\) 은 \\( f ^ {\\prime } (0)=0 \\) 이지만 모든 구간에서 \\( f(x) \\) 는 증가하여 \\( (0,0) \\) 에서 극값을 갖지 않는다. 따라서 미분가능한 함수 \\( f(x) \\) 에서 \\( f ^ {\\prime } (a)=0 \\) 일 때 \\( x=a \\) 에서 극값을 갖는지 확인하기 위해서 다음과 같이 \\( f ^ {\\prime } (x) \\) 의 부호 변화를 확인해야 한다.</p> <p>정리 \\(10.3.5 \\) 미분가능한 함수 \\( f(x) \\) 에 대하여 \\( f ^ {\\prime } (a)=0 \\) 일 때, \\( x=a \\) 의 좌우에서</p> <ol type=1 start=1><li>\\( f ^ {\\prime } (x) \\) 의 부호가 양수에서 음수로 변하면 (즉 \\( f(x) \\) 가 증가상태에서 감소상태로 변하면), \\( f(x) \\) 는 \\( x=a \\) 에서 극대이고, 극댓값 \\( f(a) \\) 를 갖는다.</li> <li>\\( f ^ {\\prime } (x) \\) 의 부호가 음수에서 양수로 변하면 (즉 \\( f(x) \\) 가 감소상태에서 증가상태로 변하면), \\( f(x) \\) 는 \\( x=a \\) 에서 극소이고, 극솟값 \\( f(a) \\) 를 갖는다.</li></ol> <p>한편 함수 \\( f(x) \\) 가 \\( x=a \\) 에서 극값을 갖더라도 \\( f ^ {\\prime } (a) \\) 가 존재하지 않을 수 있다.</p>",
                "context_length": 1580,
                "clue": [
                    {
                        "clue_text": "정리 \\(10.3.4 \\) 페르마 정리 함수 \\( f(x) \\) 가 \\( x = a \\) 에서 미분가능하고 \\( x=a \\) 에서 극댓값이나 극솟값을 가지면 \\[ f ^ {\\prime } (a)=0 \\] 이다.",
                        "clue_start": "3",
                        "clue_end": "120"
                    },
                    {
                        "clue_text": "같은 방법으로 함수 \\( f(x) \\) 가 \\( x=a \\) 에서 미분가능하고 \\( x=a \\) 에서 극댓값을 가질 때도 \\( f ^ {\\prime } (a)=0 \\) 임을 증명할 수 있다.",
                        "clue_start": "606",
                        "clue_end": "712"
                    }
                ],
                "terminology": [
                    {
                        "word": "극값"
                    },
                    {
                        "word": "극대"
                    },
                    {
                        "word": "극댓값"
                    },
                    {
                        "word": "극소"
                    },
                    {
                        "word": "극솟값"
                    },
                    {
                        "word": "미분가능"
                    },
                    {
                        "word": "미분가능한 함수"
                    },
                    {
                        "word": "양수"
                    },
                    {
                        "word": "역"
                    },
                    {
                        "word": "음수"
                    },
                    {
                        "word": "페르마 정리"
                    },
                    {
                        "word": "페르마 정리 함수"
                    },
                    {
                        "word": "함수"
                    }
                ]
            },
            {
                "context_id": "55e-0c9-4e17fa55-ced3-433a-979e-9ee62fd891fc_01",
                "context_K-NSCC": {
                    "field": "자연",
                    "large_category": "NA",
                    "medium_category": "02"
                },
                "context": "<p>예를 들어, 함수 \\( f(x)=|x| \\) 는 그림 \\(10.3.5 \\)와 같이 \\( x=0 \\) 에서 극솟값을 갖지만 \\( f ^ {\\prime } (0) \\) 은 존재하지 않는다. 따라서 함수 \\( f(x) \\) 의 극값을 구할 때 미분불가능한 점이 있으면 그 점에서 극값을 갖는지 확인해 보아야 한다.</p> <p>극값을 찾으려면 정리 \\(10.3.4 \\)(페르마 정리)에 의하여 \\( f ^ {\\prime } (a)=0 \\) 이거나 \\( f ^ {\\prime } (a) \\) 가 존재하지 않는 \\( x=a \\) 에서 \\( y=f(x) \\) 그래프의 증가, 감소상태를 조사해야 하는데 이런 점들에 대해 다음과 같이 정의한다.</p> <p>정의 \\(10.3.6 \\) 함수 \\( f(x) \\) 에서 \\( f ^ {\\prime } (a)=0 \\) 이거나 \\( f ^ {\\prime } (a) \\) 가 존재하지 않는 \\( f \\) 의 정의역에 속하는 \\( x=a \\) 를 임계점이라 한다.</p> <p>위의 정의에 따르면 함수 \\( f(x) \\) 가 \\( x=a \\) 에서 극댓값이나 극솟값을 가지면 \\( x=a \\) 는 임계점이어야 한다.</p> <p>예제 \\(10.3.4 \\) 다음 함수의 임계점을 구하여라.</p> <ol type=1 start=1><li>\\( f(x)=x ^ { 3 } -3 x + 2 \\)</li> <li>\\( g(x)= \\sqrt { x } (x-1) \\)</li></ol> <p>풀이 \\((1) \\) \\( f(x) \\) 는 \\( (- \\infty, \\infty) \\) 에서 미분가능하고 \\( f ^ {\\prime } (x)=3 x ^ { 2 } -3=3(x + 1)(x-1) \\) 이므로 \\( x= \\pm 1 \\) 일 때 \\( f ^ {\\prime } (x)=0 \\) 이다. 따라서 \\( x= \\pm 1 \\) 은 \\( f(x) \\) 의 임계점이다.</p> <p>\\((2) \\) \\( g(x) \\) 의 정의역은 \\( [0, \\infty) \\) 이고 \\[ g ^ {\\prime } (x)= \\frac { 1 } { 2 \\sqrt { x } } (x-1) + \\sqrt { x } \\cdot 1= \\frac { 3 x-1 } { 2 \\sqrt { x } } \\] 이다. 그러므로 \\( x= \\frac { 1 } { 3 } \\) 에서 \\( f ^ {\\prime } (x)=0 \\) 이고, \\( x=0 \\) 에서 \\( f ^ {\\prime } (x) \\) 가 존재하지 않고 정의역 안의 점이므로 \\( x=0, x= \\frac { 1 } { 3 } \\) 은 \\( g(x) \\) 의 임계점이다.</p>",
                "context_length": 1300,
                "clue": [
                    {
                        "clue_text": "예를 들어, 함수 \\( f(x)=|x| \\) 는 그림 \\(10.3.5 \\)와 같이 \\( x=0 \\) 에서 극솟값을 갖지만 \\( f ^ {\\prime } (0) \\) 은 존재하지 않는다. 따라서 함수 \\( f(x) \\) 의 극값을 구할 때 미분불가능한 점이 있으면 그 점에서 극값을 갖는지 확인해 보아야 한다.",
                        "clue_start": "3",
                        "clue_end": "175"
                    },
                    {
                        "clue_text": "풀이 \\((1) \\) \\( f(x) \\) 는 \\( (- \\infty, \\infty) \\) 에서 미분가능하고 \\( f ^ {\\prime } (x)=3 x ^ { 2 } -3=3(x + 1)(x-1) \\) 이므로 \\( x= \\pm 1 \\) 일 때 \\( f ^ {\\prime } (x)=0 \\) 이다. 따라서 \\( x= \\pm 1 \\) 은 \\( f(x) \\) 의 임계점이다.",
                        "clue_start": "735",
                        "clue_end": "941"
                    },
                    {
                        "clue_text": "\\((2) \\) \\( g(x) \\) 의 정의역은 \\( [0, \\infty) \\) 이고 \\[ g ^ {\\prime } (x)= \\frac { 1 } { 2 \\sqrt { x } } (x-1) + \\sqrt { x } \\cdot 1= \\frac { 3 x-1 } { 2 \\sqrt { x } } \\] 이다. 그러므로 \\( x= \\frac { 1 } { 3 } \\) 에서 \\( f ^ {\\prime } (x)=0 \\) 이고, \\( x=0 \\) 에서 \\( f ^ {\\prime } (x) \\) 가 존재하지 않고 정의역 안의 점이므로 \\( x=0, x= \\frac { 1 } { 3 } \\) 은 \\( g(x) \\) 의 임계점이다.",
                        "clue_start": "949",
                        "clue_end": "1296"
                    }
                ],
                "terminology": [
                    {
                        "word": "극값"
                    },
                    {
                        "word": "극댓값"
                    },
                    {
                        "word": "극솟값"
                    },
                    {
                        "word": "임계점"
                    },
                    {
                        "word": "정의역"
                    },
                    {
                        "word": "페르마 정리"
                    },
                    {
                        "word": "함수"
                    }
                ]
            },
            {
                "context_id": "55e-0c9-adf1fa30-307c-41ef-83dd-e3ae069a8723_02",
                "context_K-NSCC": {
                    "field": "자연",
                    "large_category": "NA",
                    "medium_category": "02"
                },
                "context": "<p>증명 새로운 함수 \\( h(x) \\) 를 다음과 같이 정의하자. \\[ h(x)=[f(b)-f(a)] g(x)-[g(b)-g(a)] f(x) \\] 그러면 \\( h(a)=h(b) \\) 이므로 Rolle의 정리에 의하여 \\( h ^ {\\prime } (m)=0 \\) 인 \\( m \\in(a, b) \\) 이 존재한다. \\[ h ^ {\\prime } (x)=[f(b)-f(a)] g ^ {\\prime } (x)-[g(b)-g(a)] f ^ {\\prime } (x) \\] 에서 \\( h ^ {\\prime } (m)=0 \\) 이면 \\[ [f(b)-f(a)] g ^ {\\prime } (m)=[g(b)-g(a)] f ^ {\\prime } (m) \\] 을 얻는다. Rolle의 정리에 의하여 \\( g ^ {\\prime } (x) \\neq 0 \\) 인 가정은 \\( g(a) \\neq g(b) \\) 임을 보여준다. 따라서 \\[ \\frac { f(b)-f(a) } { g(b)-g(a) } = \\frac { f ^ {\\prime } (m) } { g ^ {\\prime } (m) } \\] 을 얻는다.</p> <p>코시의 정리에서 \\( g(x)=x \\) 로 놓으면 곧 평균값 정리가 얻어진다. 코시의 정리의 기하학적 의미는 매개방정식 \\[ x=g(t), y=f(t), t \\in[a, b] \\] 의 곡선, 즉 \\( t \\) 를 소거한 곡선의 식이 \\( y=F(x) \\) 라 하자. \\( t=a, t=b \\) 의 곡선 위의 점을 \\( A, B \\) 라고 하면 \\[ A(g(a), f(a)), B(g(b), f(b)) \\] 이다. 따라서 직선 \\( A B \\) 의 기울기는 \\( \\frac { f(b)-f(a) } { g(b)-g(a) } \\) 이다. 그리고 \\[ \\frac { d y } { d x } = \\frac {\\frac { d y } { d t } } {\\frac { d x } { d t } } = \\frac { f ^ {\\prime } (t) } { g ^ {\\prime } (t) } \\] 이므로 \\( t=m \\) 에서 접선의 기울기는 \\( \\frac { f ^ {\\prime } (t) } { g ^ {\\prime } (t) } \\) 이다. 그러므로 \\( y=F(x) \\) 의 양 끝점 \\( A, B \\) 를 연결한 직선에 평행한 접선을 그을 수 있으므로 결국 평균값 정리의 기하학적 의미와 같게 된다.</p>",
                "context_length": 1179,
                "clue": [
                    {
                        "clue_text": "\\[ h(x)=[f(b)-f(a)] g(x)-[g(b)-g(a)] f(x) \\] 그러면 \\( h(a)=h(b) \\) 이므로 Rolle의 정리에 의하여 \\( h ^ {\\prime } (m)=0 \\) 인 \\( m \\in(a, b) \\) 이 존재한다.",
                        "clue_start": "39",
                        "clue_end": "176"
                    },
                    {
                        "clue_text": "\\[ h ^ {\\prime } (x)=[f(b)-f(a)] g ^ {\\prime } (x)-[g(b)-g(a)] f ^ {\\prime } (x) \\] 에서 \\( h ^ {\\prime } (m)=0 \\) 이면 \\[ [f(b)-f(a)] g ^ {\\prime } (m)=[g(b)-g(a)] f ^ {\\prime } (m) \\] 을 얻는다",
                        "clue_start": "177",
                        "clue_end": "364"
                    },
                    {
                        "clue_text": "코시의 정리에서 \\( g(x)=x \\) 로 놓으면 곧 평균값 정리가 얻어진다. 코시의 정리의 기하학적 의미는 매개방정식 \\[ x=g(t), y=f(t), t \\in[a, b] \\] 의 곡선, 즉 \\( t \\) 를 소거한 곡선의 식이 \\( y=F(x) \\) 라 하자.",
                        "clue_start": "558",
                        "clue_end": "706"
                    },
                    {
                        "clue_text": "그리고 \\[ \\frac { d y } { d x } = \\frac {\\frac { d y } { d t } } {\\frac { d x } { d t } } = \\frac { f ^ {\\prime } (t) } { g ^ {\\prime } (t) } \\] 이므로 \\( t=m \\) 에서 접선의 기울기는 \\( \\frac { f ^ {\\prime } (t) } { g ^ {\\prime } (t) } \\) 이다. 그러므로 \\( y=F(x) \\) 의 양 끝점 \\( A, B \\) 를 연결한 직선에 평행한 접선을 그을 수 있으므로 결국 평균값 정리의 기하학적 의미와 같게 된다.",
                        "clue_start": "857",
                        "clue_end": "1175"
                    }
                ],
                "terminology": [
                    {
                        "word": "Rolle의 정리"
                    },
                    {
                        "word": "기울기"
                    },
                    {
                        "word": "매개방정식"
                    },
                    {
                        "word": "접선"
                    },
                    {
                        "word": "코시의 정리"
                    },
                    {
                        "word": "평균값 정리"
                    },
                    {
                        "word": "함수"
                    }
                ]
            },
            {
                "context_id": "55e-0c9-adf1fa30-307c-41ef-83dd-e3ae069a8723_00",
                "context_K-NSCC": {
                    "field": "자연",
                    "large_category": "NA",
                    "medium_category": "02"
                },
                "context": "<p>정리 \\(10.1.2 \\) 평균값 정리 함수 \\( f(x) \\) 가 \\( [a, b] \\) 에서 연속이고, \\( (a, b) \\) 에서 미분가능하면 \\( (a, b) \\) 에 적어도 한 점 \\( m \\) 이 존재하여 \\[ \\frac { f(b)-f(a) } { b-a } = f ^ {\\prime } (m) \\] 을 만족한다.</p> <p>증명 두 점 \\( (a, f(a)),(b, f(b)) \\) 을 지나는 직선의 방정식을 \\( y=g(x) \\) 라고 하면 \\[ g(x)= \\frac { f(b)-f(a) } { b-a } (x-a) + f(a) \\] 이다. 이때 \\( h(x)=f(x)-g(x) \\) 라고 하면 \\( h(x) \\) 는 \\( [a, b] \\) 에서 연속이고, \\( (a, b) \\) 에서 미분가능하며 \\[ h(a)=h(b)=0 \\] 이므로 Rolle의 정리에 의하여 \\[ h ^ {\\prime } (m)=f ^ {\\prime } (m)-g ^ {\\prime } (m)=f ^ {\\prime } (m)- \\frac { f(b)-f(a) } { b-a } =0 \\]인 \\( m \\) 이 \\( (a, b) \\) 에 적어도 하나 존재한다. 즉 \\[ \\frac { f(b)-f(a) } { b-a } =f ^ {\\prime } (m) \\] 인 \\( m \\) 이 \\( a \\) 와 \\( b \\) 사이에 적어도 하나 존재한다.</p> <p>평균값 정리에 대한 기하학적 의미를 알아보자. 구간 \\( [a, b] \\) 에서 \\( y=f(x) \\) 의 양 끝점의 좌표는 \\( (a, f(a)),(b, f(b)) \\) 이고 이 두 점을 연결하는 직선의 기울기는 \\[ \\frac { f(b)-f(a) } { b-a } \\] 이다. 또한 \\( f ^ {\\prime } (m) \\) 은 점 \\( (m, f(m)) \\) 에서의 접선의 기울기이다. 따라서 평균값 정리는 곡선 위의 두 점을 연결하는 직선과 평행한 접선을 그 곡선 위의 적어도 한 점에서 그릴 수 있다는 것을 의미한다.</p> <p>예제 \\(10.1.2 \\) 함수 \\( f(x) \\) 가 \\( [a, b] \\) 에서 연속이고 \\( (a, b) \\) 에서 미분가능하며 \\( f ^ {\\prime } (x)=0 \\) 일 때, 함수 \\( f(x) \\) 는 상수함수임을 증명하여라.</p> <p>증명 \\( a \\leq x \\leq b \\) 인 임의의 \\( x \\) 에 대하여 구간 \\( [a, x] \\) 에서 평균값 정리를 적용하면 \\[ \\frac { f(x)-f(a) } { x-a } =f ^ {\\prime } (c) \\] 인 \\( c \\) 가 \\( a \\) 와 \\( x \\) 사이에 적어도 하나 존재한다. 이때 가정에 의하여 \\( f ^ {\\prime } (c)=0 \\) 이므로 \\[ \\frac { f(x)-f(a) } { x-a } =0, \\text { 즉 } f(x)=f(a) \\] 이다. 따라서 \\( f(x) \\) 는 상수함수이다.</p>",
                "context_length": 1456,
                "clue": [
                    {
                        "clue_text": "정리 \\(10.1.2 \\) 평균값 정리 함수 \\( f(x) \\) 가 \\( [a, b] \\) 에서 연속이고, \\( (a, b) \\) 에서 미분가능하면 \\( (a, b) \\) 에 적어도 한 점 \\( m \\) 이 존재하여 \\[ \\frac { f(b)-f(a) } { b-a } = f ^ {\\prime } (m) \\] 을 만족한다.",
                        "clue_start": "3",
                        "clue_end": "185"
                    },
                    {
                        "clue_text": "구간 \\( [a, b] \\) 에서 \\( y=f(x) \\) 의 양 끝점의 좌표는 \\( (a, f(a)),(b, f(b)) \\) 이고 이 두 점을 연결하는 직선의 기울기는 \\[ \\frac { f(b)-f(a) } { b-a } \\] 이다.",
                        "clue_start": "726",
                        "clue_end": "857"
                    },
                    {
                        "clue_text": "따라서 평균값 정리는 곡선 위의 두 점을 연결하는 직선과 평행한 접선을 그 곡선 위의 적어도 한 점에서 그릴 수 있다는 것을 의미한다.",
                        "clue_start": "920",
                        "clue_end": "995"
                    }
                ],
                "terminology": [
                    {
                        "word": "Rolle의 정리"
                    },
                    {
                        "word": "기울기"
                    },
                    {
                        "word": "기하학적 의미"
                    },
                    {
                        "word": "미분가능"
                    },
                    {
                        "word": "방정식"
                    },
                    {
                        "word": "상수함수"
                    },
                    {
                        "word": "연속"
                    },
                    {
                        "word": "접선"
                    },
                    {
                        "word": "접선의 기울기"
                    },
                    {
                        "word": "직선과 평행한 접선"
                    },
                    {
                        "word": "직선의 방정식"
                    },
                    {
                        "word": "평균값 정리"
                    },
                    {
                        "word": "평균값 정리 함수"
                    },
                    {
                        "word": "함수"
                    }
                ]
            },
            {
                "context_id": "55e-0c9-8f37b516-3d72-4049-89d3-91d3646cfee7_01",
                "context_K-NSCC": {
                    "field": "자연",
                    "large_category": "NA",
                    "medium_category": "02"
                },
                "context": "<p>유제 \\(10.3.3 \\) 다음 함수가 증가 또는 감소하는 구간을 구하여라.</p> <ol type=1 start=1><li>\\( f(x)=x ^ { 2 } -4 x + 3 \\)</li> <li>\\( f(x)=-2 x ^ { 3 } -3 x ^ { 2 } + 12 x + 10 \\)</li> <li>\\( f(x)= \\frac { 1 } { 3 } x ^ { 3 } -2 x ^ { 2 } + 3 x + 2 \\)</li></ol> <p>정의 \\( 10.3 .3 \\) 함수 \\( f(x) \\) 가 점 \\( a \\) 에서 연속이고, \\( a \\) 의 근방에서 미분가능 \\( (a \\) 에서는 미분불가능할 수도 있음)일 때, \\( x=a \\) 를 포함하는 열린구간에 속하는 모든 \\( x \\) 에 대하여 \\((1) \\) \\( f(x) \\leq f(a) \\) 이면 함수 \\( f(x) \\) 는 \\( x=a \\) 에서 극대가 되고, 그때의 함숫값 \\( f(a) \\) 를 극댓값이라 하고 점 \\( (a, f(a)) \\) 를 극대점이라 한다. \\((2) \\) \\( f(x) \\geq f(a) \\) 이면 함수 \\( f(x) \\) 는 \\( x=a \\) 에서 극소가 되고, 그때의 함숫값 \\( f(a) \\) 를 극솟값이라 하고 점 \\( (a, f(a)) \\) 를 극소점이라 한다. 이때 극댓값과 극솟값을 통틀어 극값이라 한다.</p> <p>극값을 그래프에서 설명하면 점 \\( A \\) 와 \\( D \\) 는 함수 \\( f(x) \\) 가 증가상태에서 감소상태로 변하는 (즉, \\( f ^ {\\prime } (x) \\) 의 부호가 양수에서 음수로 변하는) 경계점인데 이러한 점은 극대점이 되고, 점 \\( B \\) 와 \\( E \\) 는 함수 \\( f(x) \\) 가 감소상태에서 증가상태로 변하는 ( 즉, \\( f ^ {\\prime } (x) \\) 의 부호가 음수에서 양수로 변하는) 경계점인데 이러한 점은 극소점이 된다. 그러나 점 \\( C \\) 는 증가상태가 변하지 않으므로 \\( (f ^ {\\prime } (x) \\) 의 부호가 변하지 않으므로) 극점이 아니다. 극점 중에서 \\( A \\) 와 \\( B \\) 는 미분가능한 점이고 \\( D \\) 와 \\( E \\) 는 미분불가능한 점이다.</p>",
                "context_length": 1105,
                "clue": [
                    {
                        "clue_text": "유제 \\(10.3.3 \\) 다음 함수가 증가 또는 감소하는 구간을 구하여라.",
                        "clue_start": "3",
                        "clue_end": "45"
                    },
                    {
                        "clue_text": "정의 \\( 10.3 .3 \\) 함수 \\( f(x) \\) 가 점 \\( a \\) 에서 연속이고, \\( a \\) 의 근방에서 미분가능 \\( (a \\) 에서는 미분불가능할 수도 있음)일 때, \\( x=a \\) 를 포함하는 열린구간에 속하는 모든 \\( x \\) 에 대하여 \\((1) \\) \\( f(x) \\leq f(a) \\) 이면 함수 \\( f(x) \\) 는 \\( x=a \\) 에서 극대가 되고, 그때의 함숫값 \\( f(a) \\) 를 극댓값이라 하고 점 \\( (a, f(a)) \\) 를 극대점이라 한다.",
                        "clue_start": "246",
                        "clue_end": "522"
                    },
                    {
                        "clue_text": "\\((2) \\) \\( f(x) \\geq f(a) \\) 이면 함수 \\( f(x) \\) 는 \\( x=a \\) 에서 극소가 되고, 그때의 함숫값 \\( f(a) \\) 를 극솟값이라 하고 점 \\( (a, f(a)) \\) 를 극소점이라 한다.",
                        "clue_start": "523",
                        "clue_end": "652"
                    },
                    {
                        "clue_text": "극값을 그래프에서 설명하면 점 \\( A \\) 와 \\( D \\) 는 함수 \\( f(x) \\) 가 증가상태에서 감소상태로 변하는 (즉, \\( f ^ {\\prime } (x) \\) 의 부호가 양수에서 음수로 변하는) 경계점인데 이러한 점은 극대점이 되고, 점 \\( B \\) 와 \\( E \\) 는 함수 \\( f(x) \\) 가 감소상태에서 증가상태로 변하는 ( 즉, \\( f ^ {\\prime } (x) \\) 의 부호가 음수에서 양수로 변하는) 경계점인데 이러한 점은 극소점이 된다.",
                        "clue_start": "686",
                        "clue_end": "951"
                    },
                    {
                        "clue_text": "그러나 점 \\( C \\) 는 증가상태가 변하지 않으므로 \\( (f ^ {\\prime } (x) \\) 의 부호가 변하지 않으므로) 극점이 아니다.",
                        "clue_start": "952",
                        "clue_end": "1032"
                    }
                ],
                "terminology": [
                    {
                        "word": "경계점"
                    },
                    {
                        "word": "극값"
                    },
                    {
                        "word": "극댓값"
                    },
                    {
                        "word": "극소점"
                    },
                    {
                        "word": "극솟값"
                    },
                    {
                        "word": "극점"
                    },
                    {
                        "word": "미분가능"
                    },
                    {
                        "word": "미분불가능"
                    },
                    {
                        "word": "연속"
                    },
                    {
                        "word": "열린구간"
                    },
                    {
                        "word": "함수"
                    },
                    {
                        "word": "함숫값"
                    }
                ]
            },
            {
                "context_id": "55e-0c9-8f37b516-3d72-4049-89d3-91d3646cfee7_00",
                "context_K-NSCC": {
                    "field": "자연",
                    "large_category": "NA",
                    "medium_category": "02"
                },
                "context": "<p>예제 \\(10.3.3 \\) 다음 함수 \\( f(x) \\) 가 증가하는 구간과 감소하는 구간을 구하여라.</p> <ol type = 1 start=1><li>\\( f(x)=x ^ { 3 } -3 x + 1 \\)</li> <li>\\( f(x)= \\sqrt[3] { x } \\)</li></ol> <p>풀이 \\((1) \\) \\( f ^ {\\prime } (x)=3 x ^ { 2 } -3=3(x + 1)(x-1) \\) 이므로 \\( f ^ {\\prime } (x)=0 \\) 인 \\( x \\) 는 \\( x= \\pm 1 \\) 이다. \\( x= \\pm 1 \\) 을 중심으로 정의역을 소구간 \\( (- \\infty,-1),(-1,1),(1, \\infty) \\) 으로 나누고 각 구간 안의 임의의 수를 선택하여 \\( f ^ {\\prime } (x) \\) 의 값이 양수인지 음수인지 판정하여 보자. 구간 \\( (- \\infty,-1) \\) 안의 임의의 수 \\( -2 \\) 를 선택하여 \\( f ^ {\\prime } (-2)>0 \\), 구간 \\( (-1,1) \\) 안의 임의의 수 0 을 선택하여 \\( f(0)<0 \\), 구간 \\( (1, \\infty) \\) 안의 임의의 수 2 를 선택하여 \\( f ^ {\\prime } (2)>0 \\) 을 구할 수 있다. 즉 함수 \\( f(x) \\) 의 증가와 감소를 표로 나타내면 다음과 같다. 따라서 함수 \\( f(x) \\) 는 구간 \\( (- \\infty,-1] \\) 과 \\( [1, \\infty) \\) 에서 증가하고 구간 \\( [-1,1] \\) 에서 감소한다.</p> <p>\\((2) \\) \\( f(x)= \\sqrt[3] { x } \\) 의 정의역은 \\( (- \\infty, \\infty) \\) 이고 \\[ f ^ {\\prime } (x)= \\frac { 1 } { 3 } x ^ { - \\frac { 2 } { 3 } } = \\frac { 1 } { 3 \\sqrt[3] { x ^ { 2 } } } \\] 이므로 \\( f ^ {\\prime } (0) \\) 은 존재하지 않는다. \\( x=0 \\) 을 이용하여 정의역을 소구간 \\( (- \\infty, 0) \\), \\( (0, \\infty) \\) 으로 나눈다. \\((1) \\)과 마찬가지로 각 구간에서 \\( f ^ {\\prime } (x) \\) 의 값이 양수인지 음수인지 판정하여 보자. 구간 \\( (- \\infty, 0) \\) 에서 임의의 수 \\( -1 \\) 을 선택하면 \\( f ^ {\\prime } (-1)= \\frac { 1 } { 3 } >0 \\) 이므로 \\( f(x) \\) 는 \\( (- \\infty, 0) \\) 에서 증가한다. 또한 구간 \\( (0, \\infty) \\) 에서 임의의 수 \\(1 \\) 을 선택하면 \\( f ^ {\\prime } (1) \\) \\( = \\frac { 1 } { 3 } >0 \\) 이므로 \\( f(x) \\) 는 \\( (0, \\infty) \\) 에서 증가한다. 따라서 함수 \\( f(x) \\) 는 모든 구간에서 증가한다.</p>",
                "context_length": 1476,
                "clue": [
                    {
                        "clue_text": "예제 \\(10.3.3 \\) 다음 함수 \\( f(x) \\) 가 증가하는 구간과 감소하는 구간을 구하여라.",
                        "clue_start": "3",
                        "clue_end": "60"
                    },
                    {
                        "clue_text": "따라서 함수 \\( f(x) \\) 는 구간 \\( (- \\infty,-1] \\) 과 \\( [1, \\infty) \\) 에서 증가하고 구간 \\( [-1,1] \\) 에서 감소한다.",
                        "clue_start": "682",
                        "clue_end": "777"
                    },
                    {
                        "clue_text": "따라서 함수 \\( f(x) \\) 는 모든 구간에서 증가한다.",
                        "clue_start": "1439",
                        "clue_end": "1472"
                    }
                ],
                "terminology": [
                    {
                        "word": "정의역"
                    },
                    {
                        "word": "함수"
                    }
                ]
            },
            {
                "context_id": "55e-0c9-3e0b6f78-22bc-467a-a9a9-2ad096b05fac_01",
                "context_K-NSCC": {
                    "field": "자연",
                    "large_category": "NA",
                    "medium_category": "02"
                },
                "context": "<p>\\((2) \\) \\( f(x)= \\tan ^ { -1 } x \\) 일 때 \\[ f ^ {\\prime } (x)= \\frac { 1 } { 1 + x ^ { 2 } } , f ^ {\\prime \\prime } (x)=- \\frac { 2 x } {\\left (1 + x ^ { 2 } \\right ) ^ { 2 } } \\] 이고 \\( (- \\infty, \\infty) \\) 에서 \\( f ^ {\\prime } (x)>0 \\) 이므로 증가함수가 되고 극값은 존재하지 않는다. \\( (- \\infty, 0) \\) 에서 \\( f ^ {\\prime \\prime } (x)>0 \\) 이므로 이래로 볼록하고 \\( (0, \\infty) \\) 에서 \\( f ^ {\\prime \\prime } (x)<0 \\) 이므로 위로 볼록하여 \\( x=0 \\) 에서 변곡점이다.</p> <p>유제 \\(10.4.2 \\) 다음 함수의 극점과 변곡점을 구하고 그래프의 개형을 그려라.</p> <ol type=1 start=1><li>\\( f(x)= \\frac { 1 } { 4 } x ^ { 4 } + x ^ { 3 } + 2 \\)</li> <li>\\( f(x)=x ^ { 4 } -4 x ^ { 3 } \\)</li></ol> <p>극대점은 위로 볼록하고, 극소점은 아래로 볼록하므로 \\(2 \\)계도함수의 부호를 조사함으로써 극대, 극소를 판정할 수 있다.</p> <p>정리 \\(10.4.3 \\) 함수 \\( f(x) \\) 가 \\( x=a \\) 를 포함하는 구간에서 미분가능하고 \\( f ^ {\\prime } (a)=0 \\) 이라 할 때</p> <ol type=1 start=1><li>\\( f ^ {\\prime \\prime } (a)<0 \\) 이면 \\( (a, f(a)) \\) 는 극대점이고</li> <li>\\( f ^ {\\prime \\prime } (a)>0 \\) 이면 \\( (a, f(a)) \\) 는 극소점이다.</li></ol> <p>만일 \\( f ^ {\\prime \\prime } (a)=0 \\) 이면 이 방법으로 극대, 극소를 판정할 수 없다.</p> <p>예제 \\(10.4.3 \\) \\( f(x)=x \\ln x \\) 의 극값을 구하여라.</p> <p>풀이 \\( f ^ {\\prime } (x)= \\ln x + 1 \\) 이므로 \\( f ^ {\\prime } (x)=0 \\) 이면 \\( x= \\frac { 1 } { e } \\) 이다. \\( x= \\frac { 1 } { e } \\) 에서 극값을 갖는지 판정하기 위해 \\( f ^ {\\prime \\prime } (x)= \\frac { 1 } { x } \\) 이고 \\( f ^ {\\prime \\prime } \\left ( \\frac { 1 } { e } \\right )=e>0 \\) 이므로 \\( x= \\frac { 1 } { e } \\) 에서 극솟값 \\( f \\left ( \\frac { 1 } { e } \\right )=- \\frac { 1 } { e } \\) 을 갖는다.</p> <p>유제 \\(10.4.3 \\) \\( f(x)=e ^ { x } -x \\) 의 극값을 구하여라.</p>",
                "context_length": 1517,
                "clue": [
                    {
                        "clue_text": "\\( f(x)= \\tan ^ { -1 } x \\) 일 때 \\[ f ^ {\\prime } (x)= \\frac { 1 } { 1 + x ^ { 2 } } , f ^ {\\prime \\prime } (x)=- \\frac { 2 x } {\\left (1 + x ^ { 2 } \\right ) ^ { 2 } } \\] 이고 \\( (- \\infty, \\infty) \\) 에서 \\( f ^ {\\prime } (x)>0 \\) 이므로 증가함수가 되고 극값은 존재하지 않는다.",
                        "clue_start": "12",
                        "clue_end": "266"
                    },
                    {
                        "clue_text": "\\( f ^ {\\prime \\prime } (a)>0 \\) 이면 \\( (a, f(a)) \\) 는 극소점이다.",
                        "clue_start": "883",
                        "clue_end": "943"
                    }
                ],
                "terminology": [
                    {
                        "word": "계도함수"
                    },
                    {
                        "word": "그래프"
                    },
                    {
                        "word": "극값"
                    },
                    {
                        "word": "극대"
                    },
                    {
                        "word": "극소"
                    },
                    {
                        "word": "극소점"
                    },
                    {
                        "word": "극솟값"
                    },
                    {
                        "word": "극점"
                    },
                    {
                        "word": "미분가능"
                    },
                    {
                        "word": "변곡점"
                    },
                    {
                        "word": "볼록"
                    },
                    {
                        "word": "아래로 볼록"
                    },
                    {
                        "word": "위로 볼록"
                    },
                    {
                        "word": "증가함수"
                    },
                    {
                        "word": "함수"
                    }
                ]
            }
        ]
    }
}