{
    "dataset_info": {
        "identifier": "02-031-002-NL",
        "name": "기술과학 문서 요약 데이터",
        "category": "자연어",
        "last_updated": "2023-08-30"
    },
    "dataset": {
        "doc_id": "62374a30-39051f8a-958d-481b-b81d-e8b01d9cf0e1",
        "doc_type": "논문",
        "doc_title": {
            "kor": "분할된 네트워크에 기반한 사회 네트워크 모니터링 절차",
            "eng": ""
        },
        "doc_category": {
            "KDC": "413.05",
            "DDC": ""
        },
        "doc_number": {
            "ISSN": "1225-066X",
            "ISBN": "",
            "DOI": "",
            "UCI": ""
        },
        "doc_year": "2022",
        "doc_author": [
            "홍휘주",
            "이주원",
            "이재헌"
        ],
        "doc_publisher": "한국통계학회",
        "doc_license": "CC BY-NC",
        "context_info": [
            {
                "context_id": "55e-0c9-merge_62374a30-39051f8a-958d-481b-b81d-e8b01d9cf0e1_07",
                "context_K-NSCC": {
                    "field": "자연",
                    "large_category": "NA",
                    "medium_category": "99"
                },
                "context": "<p>마지막으로 전체 오경보율 \\( \\alpha \\) 는 0.01로 설정하였는데, 각각의 Q 관리도의 오경보율은 식 (3.1)에 의해 계산할 수 있다.</p> <h2>4.2. 모의실험의 결과</h2> <p>관리도의 성능을 평가하기 위해 평균런길이(average run length, ARL)를 사용하였다. 런길이는 변화가 발생한 시점부터 관리도가 이상신호를 준 시점까지 관측한 표본의 개수로 정의하기 때문에, 이상상태에서의 ARL 값이 작을수록 관리도의 성능은 좋다고 평가할 수 있다. 전체 오경보율을 \\( \\alpha=0.01 \\) 로 설정했기 때문에, 관리상태에서의 ARL값은 100 으로 고정된다. 이상상태에서의 ARL값은 모의실험을 독립적으로 10,000 번 반복 측정하여 계산한 평균값이고, 모든 Table의 각각의 경우에서 성능을 평가하기 용이하도록 가장 작은 ARL 값은 볼드체로 표기하였다.</p> <p>Table 1 은 \\( N=30 \\) 이고 \\( p_ { 0 } =0.05 \\) 인 경우의 결과이다. 먼저 \\( g=0 \\) 인 전역적 변화인 경우를 살펴보면, \\( k=10( \\%) \\) 이고 \\( \\delta=0.05 \\) 인 경우를 제외하고는 네트워크를 분할하지 않은 경우가 분할한 경우에 비해 성능을 좋음을 알 수 있다. 그러나 부분 네트워크에서 지역적 변화가 발생한 경우에는 그 결과가 반대로 나타난다. 변화의 크기가 \\( k=10( \\%) \\) 인 부분 네트워크 1 개 \\( (g=1) \\) 에서 지역적 변화가 발생한 경우인 경우, \\( \\delta=0.05 \\) 일 때에는 크기가 \\( r=6 \\) 인 네트워크로 분할했을 때 ARL이 가장 작았으며, \\( \\delta \\geq 0.1 \\) 일 때에는 \\( r=10 \\) 인 네트워크로 분할했을 때 ARL이 가장 작은 값을 갖는 것으로 나타났다. \\( k=20( \\%) \\) 인 경우 \\( r=6 \\) 인 네트워크로 분할했을 때 ARL이 가장 작게 나타났으며, \\( \\delta=0.3 \\) 인 경우에는 네트워크 분할 여부 및 분할 크기에 관계없이 유사한 성능을 갖는 것으로 나타났다. 부분 네트워크 2 개 \\( (g=2) \\) 에서 지역적 변화가 발생한 경우, 모든 \\( \\delta \\) 에 대해 \\( r=6 \\) 인 네트워크로 분할했을 때 ARL이 가장 작은 것으로 나타났다. 이때 \\( g=2 \\) 인 경우는 부분 네트워크 2 개에서 각각 변화의 크기가 \\( k / 2 \\) 인 지역적 변화가 발생한 것을 나타낸다. 종합해 볼 때, 변화가 발생한 네트워크의 개 수와 관계없이 지역적 변화가 발생한 경우 네트워크를 분할하여 변화를 탐지하는 것이 네트워크를 분할하지 않은 경우보다 더 좋은 성능을 갖는 것을 확인할 수 있었다.</p>",
                "context_length": 1352,
                "clue": [
                    {
                        "clue_text": "마지막으로 전체 오경보율 \\( \\alpha \\) 는 0.01로 설정하였는데, 각각의 Q 관리도의 오경보율은 식 (3.1)에 의해 계산할 수 있다.",
                        "clue_start": "3",
                        "clue_end": "84"
                    },
                    {
                        "clue_text": "전체 오경보율을 \\( \\alpha=0.01 \\) 로 설정했기 때문에, 관리상태에서의 ARL값은 100 으로 고정된다.",
                        "clue_start": "272",
                        "clue_end": "337"
                    },
                    {
                        "clue_text": "그러나 부분 네트워크에서 지역적 변화가 발생한 경우에는 그 결과가 반대로 나타난다.",
                        "clue_start": "642",
                        "clue_end": "688"
                    },
                    {
                        "clue_text": "변화의 크기가 \\( k=10( \\%) \\) 인 부분 네트워크 1 개 \\( (g=1) \\) 에서 지역적 변화가 발생한 경우인 경우, \\( \\delta=0.05 \\) 일 때에는 크기가 \\( r=6 \\) 인 네트워크로 분할했을 때 ARL이 가장 작았으며, \\( \\delta \\geq 0.1 \\) 일 때에는 \\( r=10 \\) 인 네트워크로 분할했을 때 ARL이 가장 작은 값을 갖는 것으로 나타났다.",
                        "clue_start": "689",
                        "clue_end": "909"
                    }
                ],
                "terminology": [
                    {
                        "word": "ARL"
                    },
                    {
                        "word": "Q 관리도"
                    },
                    {
                        "word": "네트워크"
                    },
                    {
                        "word": "런길이"
                    },
                    {
                        "word": "모의실험"
                    },
                    {
                        "word": "부분 네트워크"
                    },
                    {
                        "word": "이상상태"
                    },
                    {
                        "word": "평균값"
                    },
                    {
                        "word": "평균런길이"
                    },
                    {
                        "word": "표본"
                    }
                ]
            },
            {
                "context_id": "55e-0c9-merge_62374a30-39051f8a-958d-481b-b81d-e8b01d9cf0e1_08",
                "context_K-NSCC": {
                    "field": "자연",
                    "large_category": "NA",
                    "medium_category": "99"
                },
                "context": "<p>런길이 분포의 특징을 살펴보기 위해 Table 1 의 일부 경우에 대하여 런길이의 백분위수들을 Table 2 에 표기하였다. 일반적으로 런길이는 산포가 매우 크고 우측으로 꼬리가 긴 분포를 따른다고 알려져 있는데, Table 2 에 나타난 최솟값, 최댓값, 중앙값, 평균 등을 살펴볼 때 이러한 경향을 확인할 수 있었다. 다른 경우에도 이와 유사한 경향을 나타내었다.</p> <p>Table 3은 \\( N=30 \\) 이고 \\( p_ { 0 } =0.1 \\) 인 경우의 결과이다. \\( g=0 \\) 인 전역적 변화인 경우 Table 1 의 결과와 유사하게, \\( k=10( \\%) \\) 이고 \\( \\delta=0.05 \\) 인 경우를 제외하고는 네트워크를 분할하지 않은 경우가 분할한 경우에 비해 성능을 좋음을 알 수 있다. 반면 지역적 변화가 발생한 경우에는 네트워크를 분할하는 것이 더 좋은 성능을 갖는 것으로 나타났다. 변화가 발생한 부분 네트워크의 개수가 1 개 \\( (g=1) \\) 인 경우에는 \\( r=10 \\), 개수가 2 개 \\( (g=2) \\) 인 경우에는 \\( r=6 \\) 인 네트워크로 분할했을 때 ARL이 가장 작게 나타났다. \\( N=30 \\) 이고 \\( p_ { 0 } =0.2 \\) 인 Table 4의 결과는 \\( p_ { 0 } \\) 가 0.05 와 0.1 인 Table 1 과 3 의 결과와 유사하게 나타났다. 연결 확률 \\( p_ { 0 } \\) 가 증가해도 변화 탐지 절차의 성능이 크게 달라지지 않음을 확인할 수 있었다.</p> <p>Table 5 는 \\( N=60, p_ { 0 } =0.05 \\) 이고, Table 6 은 \\( N=120, p_ { 0 } =0.05 \\) 인 네트워크에 대한 결과인데, 이전의 결과와 유사하게 \\( g=0 \\) 인 전역적 변화인 경우에는 네트워크를 분할하지 않은 경우의 성능이 더 좋음을 알 수 있다. Table 5 에서 지역적 변화에 대한 결과를 살펴보면, \\( g=1 \\) 인 경우에는 \\( r=15, g=2 \\) 인 경우에는 \\( r=30 \\) 으로 분할했을 때 성능이 가장 좋았지만, \\( \\delta \\) 가 큰 경우(0.15 또는 0.2 이상) 네트워크 분할 여부 및 분할의 크기에 관계없이 관리도의 성능이 유사하게 나타났다. 네트워크의 크기 \\( N \\) 이 더 큰 Table 6 의 결과를 살펴보면, \\( \\delta \\) 가 0.1 또는 0.15 이상인 경우 고려한 방법들 모두가 변화를 바로 탐지하는 것을 확인할 수 있다. 이와 같은 사실은 네트워크에서 변화가 발생하는 비율이 \\( 10 \\% \\) 와 \\( 20 \\% \\) 로 모든 경우가 동일하지만 \\( N \\) 이 커서 변화가 발생한 네트워크의 크기가 크기 때문이라고 판단된다.</p>",
                "context_length": 1361,
                "clue": [
                    {
                        "clue_text": "일반적으로 런길이는 산포가 매우 크고 우측으로 꼬리가 긴 분포를 따른다고 알려져 있는데, Table 2 에 나타난 최솟값, 최댓값, 중앙값, 평균 등을 살펴볼 때 이러한 경향을 확인할 수 있었다.",
                        "clue_start": "73",
                        "clue_end": "182"
                    },
                    {
                        "clue_text": "\\( g=0 \\) 인 전역적 변화인 경우 Table 1 의 결과와 유사하게, \\( k=10( \\%) \\) 이고 \\( \\delta=0.05 \\) 인 경우를 제외하고는 네트워크를 분할하지 않은 경우가 분할한 경우에 비해 성능을 좋음을 알 수 있다.",
                        "clue_start": "271",
                        "clue_end": "407"
                    },
                    {
                        "clue_text": "\\( N=30 \\) 이고 \\( p_ { 0 } =0.2 \\) 인 Table 4의 결과는 \\( p_ { 0 } \\) 가 0.05 와 0.1 인 Table 1 과 3 의 결과와 유사하게 나타났다.",
                        "clue_start": "589",
                        "clue_end": "696"
                    },
                    {
                        "clue_text": "Table 5 는 \\( N=60, p_ { 0 } =0.05 \\) 이고, Table 6 은 \\( N=120, p_ { 0 } =0.05 \\) 인 네트워크에 대한 결과인데, 이전의 결과와 유사하게 \\( g=0 \\) 인 전역적 변화인 경우에는 네트워크를 분할하지 않은 경우의 성능이 더 좋음을 알 수 있다.",
                        "clue_start": "769",
                        "clue_end": "938"
                    }
                ],
                "terminology": [
                    {
                        "word": "ARL"
                    },
                    {
                        "word": "네트워크"
                    },
                    {
                        "word": "런길이"
                    },
                    {
                        "word": "부분 네트워크"
                    },
                    {
                        "word": "산포"
                    },
                    {
                        "word": "연결 확률"
                    },
                    {
                        "word": "중앙값"
                    },
                    {
                        "word": "최댓값"
                    },
                    {
                        "word": "최솟값"
                    }
                ]
            },
            {
                "context_id": "55e-0c9-merge_62374a30-39051f8a-958d-481b-b81d-e8b01d9cf0e1_01",
                "context_K-NSCC": {
                    "field": "자연",
                    "large_category": "NA",
                    "medium_category": "99"
                },
                "context": "<p>이 논문에서는 지역적 변화를 고려하였고, 효율적인 모니터링을 위해 네트워크를 적당한 크기로 분할한 후 분할된 네트워크(partitioned networks)를 모니터링하여 지역적 변화를 효율적으로 탐지하는 절차를 제안하고자 한다. 네트워크에 발생한 지역적 변화의 크기가 작은 경우 네트워크 전체에는 유의한 영향을 주지 않을 수 있지만 변화가 발생한 근처의 분할된 네트워크에는 유의한 영향을 줄 수 있다. 따라서 분할된 네트워크에서 변화를 탐지하는 절차는 네트워크에서 발생한 지역적 변화를 탐지하는 효율적인 방법이 될 수 있다. 또한, 전체 네트워크를 대상으로 네트워크의 변화를 탐지하는 경우 변화가 발생한 위치를 판단하는데 어려움이 있지만, 분할된 네트워크를 대상으로 변화를 탐지하면 변화가 탐지된 위치에 대한 정보를 얻을 수 있다는 장점이 있다. 분할된 네트워크를 모니터링하는 절차의 성능을 평가하기 위해 모의실험을 수행하였다. 모의실험을 통해 전체 네트워크에서 변화를 탐지하는 기존의 절차와 제안된 절차의 성능을 비교하여 제안된 절차의 효율을 평가하였다.</p> <h1>2. 사회 네트워크 모니터링</h1> <h2>2.1. 사회 네트워크 모형</h2> <p>사회 네트워크는 독립체 사이의 관계를 이용하여 사회적 시스템을 표현한 것이다. 사회 네트워크는 독립체를 나타내는 액터(actor)와 액터들 사이의 관계를 나타내는 연결(link)로 구성되어 있으며, 사람, 조직, 또는 집단 사이의 연결 관계를 의미한다. 이러한 연결관계는 그래프(sociogram) 또는 인접행렬(adjacency matrix)로 나타낼 수 있다. 꼭짓점(vertex) 또는 노드(node)라고도 불리는 액터는 개인, 조직, 또는 집단 등으로 정의되며, 네트워크의 크기를 결정한다. 즉, \\( N \\) 개의 액터로 구성된 네트워크의 크기는 \\( N \\) 으로 정의한다. 엣지(edge)라고도 불리는 연결은 두 액터 사이의 연결 관계의 수준을 나타낸다. 1 또는 0 의 값을 사용해서 두 액터 사이의 연결 여부를 나타내거나, 가중치(weight)를 사용해서 두 액터 사이의 연결의 강도를 나타낸다.</p> <p>시점 \\( t \\) 에서 크기가 \\( N \\) 인 네트워크의 인접행렬 \\( C_ { t } \\) 는 \\( N \\times N \\) 행렬이며, 인접행렬의 \\( i \\) 행과 \\( j \\) 열 원소인 \\( C_ { t } (i, j) \\), \\( i, j = 1,2, \\ldots, N \\) 은 액터 \\( i \\) 와 \\( j \\) 의 연결을 나타낸다. \\( C_ { t } (i, j) \\) 가 두 액터 사이의 연결 여부만을 나타내는 경우 \\( i \\) 와 \\( j \\) 가 서로 연결되어 있으면 1 의 값, 연결되어 있지 않으면 0 의 값을 갖는다. \\( C_ { t } (i, j) \\) 가 가중치로 표현되는 경우이 값은 액터 \\( i \\) 와 \\( j \\) 의 연결의 강도를 나타낸다.</p>",
                "context_length": 1448,
                "clue": [
                    {
                        "clue_text": "이 논문에서는 지역적 변화를 고려하였고, 효율적인 모니터링을 위해 네트워크를 적당한 크기로 분할한 후 분할된 네트워크(partitioned networks)를 모니터링하여 지역적 변화를 효율적으로 탐지하는 절차를 제안하고자 한다.",
                        "clue_start": "3",
                        "clue_end": "131"
                    },
                    {
                        "clue_text": "분할된 네트워크를 모니터링하는 절차의 성능을 평가하기 위해 모의실험을 수행하였다.",
                        "clue_start": "422",
                        "clue_end": "467"
                    },
                    {
                        "clue_text": "사회 네트워크는 독립체를 나타내는 액터(actor)와 액터들 사이의 관계를 나타내는 연결(link)로 구성되어 있으며, 사람, 조직, 또는 집단 사이의 연결 관계를 의미한다.",
                        "clue_start": "641",
                        "clue_end": "738"
                    },
                    {
                        "clue_text": "시점 \\( t \\) 에서 크기가 \\( N \\) 인 네트워크의 인접행렬 \\( C_ { t } \\) 는 \\( N \\times N \\) 행렬이며, 인접행렬의 \\( i \\) 행과 \\( j \\) 열 원소인 \\( C_ { t } (i, j) \\), \\( i, j = 1,2, \\ldots, N \\) 은 액터 \\( i \\) 와 \\( j \\) 의 연결을 나타낸다.",
                        "clue_start": "1059",
                        "clue_end": "1254"
                    },
                    {
                        "clue_text": "\\( C_ { t } (i, j) \\) 가 두 액터 사이의 연결 여부만을 나타내는 경우 \\( i \\) 와 \\( j \\) 가 서로 연결되어 있으면 1 의 값, 연결되어 있지 않으면 0 의 값을 갖는다.",
                        "clue_start": "1255",
                        "clue_end": "1366"
                    }
                ],
                "terminology": [
                    {
                        "word": "matrix"
                    },
                    {
                        "word": "가중치"
                    },
                    {
                        "word": "네트워크"
                    },
                    {
                        "word": "노드"
                    },
                    {
                        "word": "모의실험"
                    },
                    {
                        "word": "사회 네트워크"
                    },
                    {
                        "word": "사회 네트워크 모니터링"
                    },
                    {
                        "word": "액터"
                    },
                    {
                        "word": "인접행렬"
                    },
                    {
                        "word": "행렬"
                    }
                ]
            },
            {
                "context_id": "55e-0c9-merge_62374a30-39051f8a-958d-481b-b81d-e8b01d9cf0e1_02",
                "context_K-NSCC": {
                    "field": "자연",
                    "large_category": "NA",
                    "medium_category": "99"
                },
                "context": "<p>연결의 형태에 따라 네트워크의 형태를 분류할 수 있다. 연결이 액터 사이의 연결 여부만 나타내면 비가중 네트워크(unweighted network)라고 하며, 연결이 액터 사이의 연결 강도를 나타내면 가중 네트워크(weighted network)라고 한다. 또한 연결이 방향성을 가지면 방향 네트워크(directed network)라고 하며, 방향성을 가지지 않으면 비방향 네트워크(undirected network)라고 한다. 예를 들어, 어느 회사의 30명의 직원들이 시점 \\( t \\) 에서 사내 메일을 주고 받은 관계를 사회 네트워크로 표현하다고 하자. 이 네트워크의 크기는 30이며, 인접행렬은 \\( 30 \\times 30 \\) 행렬이 된다. 30명의 직원이 각각의 액터이며, 메일을 주고 받은 관계가 연결이다. 직원 A(액터 1로 표현)가 B(액터 2로 표현)에게 정해진 기간 동안 3개의 메일을 보냈고, B는 A에게 메일을 보내지 않았다고 가정하자. 이를 비가중 방향 네트워크로 표현하면 \\( C_ { t } (1,2)=1, C_ { t } (2,1)=0 \\) 이고, 비가중 비방향 네트워크로 표현하면 \\( C_ { t } (1,2)=C_ { t } (2,1)=1 \\) 이 된다. 또한 가중 비방향 네트워크에서는 \\( C_ { t } (1,2)=3, C_ { t } (2,1)=0 \\) 이고, 가중 비방향 네트워크에서는 \\( C_ { t } (1,2)=C_ { t } (2,1)=3 \\) 이 된다.</p> <p>사회 네트워크를 표현하기 위해 다양한 확률 모형이 제안되었다. 각 액터나 액터들의 그룹인 커뮤니티(community)의 특성을 고려하지 않은 Erdôs와 Rényi 모형을 필두로 커뮤니티의 특성을 고려한 stochastic block model(SBM), Chung-Lu 모형, 그리고 커뮤니티의 특성뿐만 아니라 커뮤니티 내의 각 액터의 특성까지 고려한 degree corrected stochastic block model (DCSBM) 등이 있다. 그중 가장 기본적이고 단순한 모형은 Erdős-Rényi 모형으로, 이 모형은 네트워크 전체가 동일한 확률분포를 갖는다고 가정하기 때문에 크기가 작은 네트워크에 적합하다고 알려져 있다.</p> <p>절차 개발의 첫 단계이기 때문에, 이 논문에서는 가장 단순한 비가중 비방향 네트워크에서의 Erdős-Rényi 모형을 가정하였다. 비가중 비방향 네트워크에서 인접행렬은 각 원소가 1 또는 0의 값을 가지는 대칭행렬이고, 이때 각 원소는 확률이 \\( p \\) 인 베르누이분포(Bernoulli distribution)를 따른다고 가정한다. 네트워크의 특성을 나타내는 대표적인 통계량으로 연결 정도(degree)가 있는데, 네트워크 전체에 대한 연결 정도는 인접행렬 원소들의 전체 합으로 정의된다. 따라서 크기가 \\( N \\)인 비가중 비방향 네트워크 전체의 연결 정도는 모수가 \\( N ^ { 2 } \\) 과 \\( p \\) 인 이항분포(binomial distribution), 즉 B \\( \\left (N ^ { 2 } , p \\right ) \\) 를 따름을 알 수 있다.</p>",
                "context_length": 1544,
                "clue": [
                    {
                        "clue_text": "연결이 액터 사이의 연결 여부만 나타내면 비가중 네트워크(unweighted network)라고 하며, 연결이 액터 사이의 연결 강도를 나타내면 가중 네트워크(weighted network)라고 한다.",
                        "clue_start": "34",
                        "clue_end": "146"
                    },
                    {
                        "clue_text": "또한 연결이 방향성을 가지면 방향 네트워크(directed network)라고 하며, 방향성을 가지지 않으면 비방향 네트워크(undirected network)라고 한다.",
                        "clue_start": "147",
                        "clue_end": "242"
                    },
                    {
                        "clue_text": "그중 가장 기본적이고 단순한 모형은 Erdős-Rényi 모형으로, 이 모형은 네트워크 전체가 동일한 확률분포를 갖는다고 가정하기 때문에 크기가 작은 네트워크에 적합하다고 알려져 있다.",
                        "clue_start": "997",
                        "clue_end": "1100"
                    }
                ],
                "terminology": [
                    {
                        "word": "Chung-Lu 모형"
                    },
                    {
                        "word": "Erdős-Rényi 모형"
                    },
                    {
                        "word": "stochastic block model(SBM)"
                    },
                    {
                        "word": "가중 네트워크"
                    },
                    {
                        "word": "가중 네트워크(weighted network)"
                    },
                    {
                        "word": "네트워크"
                    },
                    {
                        "word": "대칭행렬"
                    },
                    {
                        "word": "모수"
                    },
                    {
                        "word": "방향 네트워크(directed network)"
                    },
                    {
                        "word": "베르누이분포"
                    },
                    {
                        "word": "베르누이분포(Bernoulli distribution)"
                    },
                    {
                        "word": "비가중 네트워크"
                    },
                    {
                        "word": "비가중 네트워크(unweighted network)"
                    },
                    {
                        "word": "비가중 방향 네트워크"
                    },
                    {
                        "word": "비가중 비방향 네트워크"
                    },
                    {
                        "word": "비방향 네트워크"
                    },
                    {
                        "word": "비방향 네트워크(undirected network)"
                    },
                    {
                        "word": "사회 네트워크"
                    },
                    {
                        "word": "액터"
                    },
                    {
                        "word": "연결 정도(degree)가"
                    },
                    {
                        "word": "이항분포"
                    },
                    {
                        "word": "이항분포(binomial distribution)"
                    },
                    {
                        "word": "인접행렬"
                    },
                    {
                        "word": "커뮤니티(community)"
                    },
                    {
                        "word": "통계량"
                    },
                    {
                        "word": "행렬"
                    },
                    {
                        "word": "확률 모형"
                    },
                    {
                        "word": "확률분포"
                    }
                ]
            },
            {
                "context_id": "55e-0c9-merge_62374a30-39051f8a-958d-481b-b81d-e8b01d9cf0e1_03",
                "context_K-NSCC": {
                    "field": "자연",
                    "large_category": "NA",
                    "medium_category": "99"
                },
                "context": "<h2>2.2. 사회 네트워크 모니터링의 도구</h2> <p>사회 네트워크를 모니터링한다는 것은 사회 네트워크에서 발생하는 변동 중 유의미한 변화를 찾아내는 것이 다. 사회 네트워크에서 발생하는 유의미한 변화를 탐지하기 위해 통계적 공정관리(statistical process control, SPC) 기법을 활용할 수 있는데, 이를 사회 네트워크 변화 탐지(social network anomaly detection, SNAD)라는 용어를 사용하기도 한다.</p> <p>사회 네트워크 모니터링에서 흔히 활용되는 통계적 공정관리 기법은 관리도(control chart)이다. 가장 널리 알려진 관리도의 종류는 Shewhart 관리도, 누적합(cumulative sum, CUSUM) 관리도, 지수가중이동평균 (exponentially weighted moving average, EWMA) 관리도이다. Shewhart 관리도는 Shewhart 에 의해 제 안된 관리도로서, 현재 시점의 표본 관측값만을 사용하여 공정의 상태를 판단하기 때문에 해석이 간단하며 큰 변화를 탐지하는 경우 효율적이다. Page (1954)가 제안한 누적합 관리도의 관리통계량은 현재까지 일정 기간 동안 관측된 통계량의 누적합 형태이고, Robert 가 제안한 지수가중이동평균 관리도의 관리통계량은 현재 시점에서 과거로 갈수록 지수적으로 작은 가중치를 가지는 이동평균의 형태이다. 누적합 관리도와 지수가중이동평균 관리도는 과거의 관측값 정보를 반영하기 때문에 작은 변화나 서서히 발생하는 변화를 탐지하는 경우 효율적이다.</p> <p>위에서 언급한 관리도를 적용할 때 기본적으로 품질특성치가 정규분포를 따른다고 가정한다. 그러나 상황에 따라 정규분포를 가정할 수는 없는 경우가 있는데, 이런 경우에는 근사적으로 정규분포를 따르는 관리통계량을 사용하는 Q 관리도를 사용할 수 있다. Q 관리도는 Quesenberry에 의해 제안되었다. 이 관리도는 가정한 분포를 따르는 관리통계량을 이 통계량의 누적분포함수값과 동일한 누적분포함수값을 갖는 표준정규분포 통계량으로 변환을 시킨 후, 변환된 통계량을 관리통계량으로 사용하는 관리도이다. 따라서 Q 관리도에서 사용하는 관리통계량은 근사적으로 표준정규분포를 따른다고 할 수 있다. 이 논문에서는 베르누이분포를 따르는 비가중 비방향 네트워크를 가정하고 사용하는 통계량인 연결 정도는 이항분포를 따르기 때문에, 이항분포에 대한 Q 관리도를 이용한다.</p> <p>시점 \\( t \\) 에서 계산된 연결 정도를 \\( x_ { t } , t=1,2, \\ldots \\),라고 할 경우 \\( x_ { t } \\) 는 \\( \\mathrm { B } \\left (N ^ { 2 } , p \\right ) \\) 를 따르기 때문에, 이항 누적분 포함수 \\( u_ { t } \\) 는 식 (2.1)과 같이 계산할 수 있다. 이 \\( u_ { t } \\) 를 표준정규분포 누적분포함수 \\( \\Phi( \\cdot) \\) 의 역함수에 대입하여 Q 관리도의 관리통계량 \\( Q_ { t } \\) 를 계산할 수 있다. 식 (2.2)와 같이 계산된 \\( Q_ { t } \\) 는 근사적으로 표준정규분포를 따르며, 이와 같은 형태의 \\( Q_ { t } \\) 를 관리통계량으로 사용하는 Shewhart 형태의 관리도를 Q 관리도라고 한다.</p>",
                "context_length": 1639,
                "clue": [
                    {
                        "clue_text": "사회 네트워크를 모니터링한다는 것은 사회 네트워크에서 발생하는 변동 중 유의미한 변화를 찾아내는 것이 다.",
                        "clue_start": "34",
                        "clue_end": "93"
                    },
                    {
                        "clue_text": "사회 네트워크 모니터링에서 흔히 활용되는 통계적 공정관리 기법은 관리도(control chart)이다.",
                        "clue_start": "264",
                        "clue_end": "321"
                    },
                    {
                        "clue_text": "Shewhart 관리도는 Shewhart 에 의해 제 안된 관리도로서, 현재 시점의 표본 관측값만을 사용하여 공정의 상태를 판단하기 때문에 해석이 간단하며 큰 변화를 탐지하는 경우 효율적이다.",
                        "clue_start": "449",
                        "clue_end": "556"
                    },
                    {
                        "clue_text": "누적합 관리도와 지수가중이동평균 관리도는 과거의 관측값 정보를 반영하기 때문에 작은 변화나 서서히 발생하는 변화를 탐지하는 경우 효율적이다.",
                        "clue_start": "703",
                        "clue_end": "781"
                    },
                    {
                        "clue_text": "위에서 언급한 관리도를 적용할 때 기본적으로 품질특성치가 정규분포를 따른다고 가정한다.",
                        "clue_start": "789",
                        "clue_end": "837"
                    }
                ],
                "terminology": [
                    {
                        "word": "CUSUM"
                    },
                    {
                        "word": "EWMA"
                    },
                    {
                        "word": "Q 관리도"
                    },
                    {
                        "word": "Quesenberry"
                    },
                    {
                        "word": "SNAD"
                    },
                    {
                        "word": "SPC"
                    },
                    {
                        "word": "Shewhart"
                    },
                    {
                        "word": "Shewhart 관리도"
                    },
                    {
                        "word": "cumulative sum"
                    },
                    {
                        "word": "statistical process control"
                    },
                    {
                        "word": "가중치"
                    },
                    {
                        "word": "관리도"
                    },
                    {
                        "word": "관리도(control chart)"
                    },
                    {
                        "word": "관측값 정보"
                    },
                    {
                        "word": "네트워크"
                    },
                    {
                        "word": "누적분포함수"
                    },
                    {
                        "word": "누적분포함수값"
                    },
                    {
                        "word": "누적합"
                    },
                    {
                        "word": "누적합 관리도"
                    },
                    {
                        "word": "베르누이분포"
                    },
                    {
                        "word": "비가중 비방향 네트워크"
                    },
                    {
                        "word": "비방향 네트워크"
                    },
                    {
                        "word": "사회 네트워크"
                    },
                    {
                        "word": "사회 네트워크 모니터링"
                    },
                    {
                        "word": "사회 네트워크 변화 탐지"
                    },
                    {
                        "word": "역함수"
                    },
                    {
                        "word": "이동평균"
                    },
                    {
                        "word": "이항"
                    },
                    {
                        "word": "이항 누적분 포함수"
                    },
                    {
                        "word": "이항분포"
                    },
                    {
                        "word": "정규분포"
                    },
                    {
                        "word": "지수가중이동평균"
                    },
                    {
                        "word": "지수가중이동평균 관리도"
                    },
                    {
                        "word": "지수적"
                    },
                    {
                        "word": "통계량"
                    },
                    {
                        "word": "통계적 공정관리"
                    },
                    {
                        "word": "포함수"
                    },
                    {
                        "word": "표본"
                    },
                    {
                        "word": "표준정규분포"
                    },
                    {
                        "word": "표준정규분포 누적분포함수"
                    },
                    {
                        "word": "표준정규분포 통계량"
                    },
                    {
                        "word": "품질특성치"
                    }
                ]
            },
            {
                "context_id": "55e-0c9-merge_62374a30-39051f8a-958d-481b-b81d-e8b01d9cf0e1_00",
                "context_K-NSCC": {
                    "field": "자연",
                    "large_category": "NA",
                    "medium_category": "99"
                },
                "context": "<h1>1. 서론</h1> <p>사람들은 사회적 관계를 맺어 서로 연결되고, 그 연결이 모여 우리가 사는 세상은 거대한 네트워크를 구성하고 있다. 사람들 사이의 관계뿐만 아니라 우리 주변에 존재하는 많은 것들이 네트워크 형태로 구조화 되어있기 때문에, 네트워크는 다양한 분야에 활용되고 있다. 네트워크에 대한 초기 연구에는 고정된 한 시점에 서의 네트워크에 초점을 맞추었으나 점차 시간의 흐름에 따른 네트워크의 변화에 관한 연구가 이루어졌다. 시간의 흐름을 반영하는 네트워크를 동적 네트워크(dynamic network)라고 한다. 동적 네트워크가 시간의 흐름을 반영한다는 것은 시간의 흐름에 따라 발생하는 관계의 변화가 네트워크에 나타난다는 것을 의미한다. 동적 네트워크에 대한 관심이 동적 네트워크에서 발생하는 변화로 확대되었으며, 이에 따라 동적 네트워크에서 발생하는 변화를 탐지하고 이를 활용하는 연구가 활발하게 진행되고 있다. 이 논문은 동적 네트워크에서 발생하는 변화를 탐지하는데 그 목적이 있기 때문에, 특별한 언급이 없는 한 논문에 언급된 네트워크는 동적 네트워크의 성질을 가지고 있음을 가정한다.</p> <p>사회 네트워크에서의 변화는 개인이나 집단에게 발생한 변화에 의해 발생한다. 사회 네트워크에서 발생하는 변화는 네트워크의 구조적인 변화로 나타나며, 네트워크의 구조적인 변화는 통계적 공정관리 절차를 이용하여 이를 탐지할 수 있다. 즉, 사회 네트워크 모니터링(social network monitoring)은 통계적 공정관리 절차를 이용해 네트워크를 주기적으로 모니터링하고, 네트워크 내에서 개인 또는 집단에 의해 야기된 구조적인 변화를 탐지하는 것이다. 이를 활용해 Shetty와 Adibi, Malm과 Bichler, 그리고 Cheng과 Dickinson은 네트워크 내에서 가장 영향력 있는 구성원을 선별하여 모니터링했고, Krebs와 McCulloh와 Carley 는 테러리스트 네트워크와 같은 비밀스러운 네트워크 구조를 모니터링했다. 또한, Chau 등, Pandit 등, Phua 등, Fire 등, 그리고 Akoglu 등은 금융 거래 부정 행위와 같은 사기 등의 행위를 탐지하기 위해 사회 네트워크 모니터링 절차를 사용했다.</p> <p>네트워크에서의 변화는 발생하는 범위에 따라 전역적 변화(global change)와 지역적 변화(local change) 로 구분할 수 있다. 전역적 변화는 네트워크 전체에서 발생하는 변화를 의미하고, 지역적 변화는 네트워크의 일부에서 발생하는 변화를 의미하며 부분적으로 나타난다. 네트워크에 발생하는 변화가 전역적인지 지역적인지를 사전에 판단하기는 쉽지 않으며, 네트워크의 특성에 따라 빈번하게 발생하는 변화의 종류가 다를 것이라 생각된다. 그러나 사회 네트워크에서 발생하는 변화는 사회 전반에 걸쳐 발생하기보다 이웃을 중심으로 발생하는 것이 좀 더 일반적이기 때문에, 네트워크 전체가 아닌 일부에서 부분적인 변화로 나타나는 경우가 많은 비중을 차지한다.</p>",
                "context_length": 1475,
                "clue": [
                    {
                        "clue_text": "사람들 사이의 관계뿐만 아니라 우리 주변에 존재하는 많은 것들이 네트워크 형태로 구조화 되어있기 때문에, 네트워크는 다양한 분야에 활용되고 있다.",
                        "clue_start": "82",
                        "clue_end": "163"
                    },
                    {
                        "clue_text": "사회 네트워크에서의 변화는 개인이나 집단에게 발생한 변화에 의해 발생한다.",
                        "clue_start": "574",
                        "clue_end": "615"
                    },
                    {
                        "clue_text": "네트워크에서의 변화는 발생하는 범위에 따라 전역적 변화(global change)와 지역적 변화(local change) 로 구분할 수 있다.",
                        "clue_start": "1104",
                        "clue_end": "1183"
                    }
                ],
                "terminology": [
                    {
                        "word": "dynamic network"
                    },
                    {
                        "word": "global change"
                    },
                    {
                        "word": "local change"
                    },
                    {
                        "word": "social network monitoring"
                    },
                    {
                        "word": "네트워크"
                    },
                    {
                        "word": "동적 네트워크"
                    },
                    {
                        "word": "동적 네트워크(dynamic network)"
                    },
                    {
                        "word": "사회 네트워크"
                    },
                    {
                        "word": "사회 네트워크 모니터링"
                    },
                    {
                        "word": "전역적 변화"
                    },
                    {
                        "word": "전역적 변화(global change)"
                    },
                    {
                        "word": "지역적 변화"
                    },
                    {
                        "word": "지역적 변화(local change)"
                    },
                    {
                        "word": "테러리스트 네트워크"
                    },
                    {
                        "word": "통계적 공정관리"
                    }
                ]
            },
            {
                "context_id": "55e-0c9-merge_62374a30-39051f8a-958d-481b-b81d-e8b01d9cf0e1_04",
                "context_K-NSCC": {
                    "field": "자연",
                    "large_category": "NA",
                    "medium_category": "99"
                },
                "context": "<p>\\( u_ { t } = \\sum_ { y=0 } ^ { x_ { t } } \\left ( \\begin {array} { c } N ^ { 2 } \\\\ y \\end {array} \\right ) p ^ { y } (1-p) ^ { N ^ { 2 } -y } , \\quad x_ { t } =0,1, \\ldots, N ^ { 2 } \\)<caption>(2.1)</caption></p> <p>\\( Q_ { t } = \\Phi ^ { -1 } \\left (u_ { t } \\right ), \\quad 0 \\leq u_ { t } \\leq 1 \\)<caption>(2.2)</caption></p> <p>Q 관리도에서의 관리한계(control limit)는 일반적으로 오경보율(false alarm rate)이 주어진 \\( \\alpha \\) 를 만족하도록 설정한다. 따라서 관리상한(upper control limit, UCL) 은 UCL= \\( \\Phi ^ { -1 } [1-( \\alpha / 2)] \\), 관리하한(lower control limit, LCL)은 LCL= \\( \\Phi ^ { -1 } [ \\alpha / 2] \\) 와 같이 설정하면, 공정이 관리상태(in-control state)일 때 관리도에서 이상신호가 발생할 확률은 \\( \\alpha \\) 가 된다.</p> <h1>3. 분할된 네트워크에 대한 모니터링</h1> <p>이 논문에서는 사회 네트워크에서 발생하는 변화를 탐지하기 위해 Q 관리도를 사용한다. 앞에서 언급한 바와 같이, 시점 \\( t \\) 에서의 관리통계량 \\( Q_ { t } \\) 는 네트워크 전체의 연결 정도 \\( x_ { t } \\) 를 사용하여 계산되며, \\( x_ { t } \\) 는 인접행렬 원소들의 전체 합으로 계산된다. 사회 네트워크에서 발생하는 변화는 그 크기와 형태가 매우 다양하다. 대부분의 변화는 전체 네트워크를 대상으로 하는 관리통계량에 반영될 수 있지만, 크기가 작은 지역적 변화는 관리통계량에 제대로 반영되지 않을 수 있다. 이 논문에서는 지역적 변화를 효율적으로 탐지하기 위해, 네트워크를 분할하여 분할된 네트워크에서 연결 정도의 변화를 탐지하는 절차를 제안하고자 한다.</p> <p>시점 \\( t \\) 에서 네트워크의 크기가 \\( N \\) 인 사회 네트워크 \\( C_ { t } \\) 를 \\( r \\times r \\) 크기의 단위로 분할하면, \\( (N / r) ^ { 2 } \\) 개의 분할된 네트워크를 구성할 수 있다. 그런데 비가중 비방향 네트워크에서 \\( C_ { t } \\) 는 대칭행렬이기 때문에, 대각성분을 포함한 상삼각 부분, 즉 Figure 1에서 박스로 표시된 분할된 네트워크만 고려하고 이 네트워크에 대해서만 관리도를 작성하면 된다. 이때 고려해야 할 분할된 네트워크의 개수는 \\( s=(1 / 2)(N / r)(N / r + 1) \\) 이 된다. 여기서 네트워크 분할을 명확하게 수행하기 위해, 분할된 네트워크의 크기 \\( r \\) 은 전체 네트워크 크기 \\( N \\) 의 약수로 결정하기로 한다.</p>",
                "context_length": 1511,
                "clue": [
                    {
                        "clue_text": "이 논문에서는 사회 네트워크에서 발생하는 변화를 탐지하기 위해 Q 관리도를 사용한다.",
                        "clue_start": "699",
                        "clue_end": "746"
                    },
                    {
                        "clue_text": "앞에서 언급한 바와 같이, 시점 \\( t \\) 에서의 관리통계량 \\( Q_ { t } \\) 는 네트워크 전체의 연결 정도 \\( x_ { t } \\) 를 사용하여 계산되며, \\( x_ { t } \\) 는 인접행렬 원소들의 전체 합으로 계산된다.",
                        "clue_start": "747",
                        "clue_end": "882"
                    },
                    {
                        "clue_text": "사회 네트워크에서 발생하는 변화는 그 크기와 형태가 매우 다양하다.",
                        "clue_start": "883",
                        "clue_end": "920"
                    },
                    {
                        "clue_text": "\\( Q_ { t } = \\Phi ^ { -1 } \\left (u_ { t } \\right ), \\quad 0 \\leq u_ { t } \\leq 1 \\)<caption>(2.2)</caption>",
                        "clue_start": "222",
                        "clue_end": "331"
                    },
                    {
                        "clue_text": "따라서 관리상한(upper control limit, UCL) 은 UCL= \\( \\Phi ^ { -1 } [1-( \\alpha / 2)] \\), 관리하한(lower control limit, LCL)은 LCL= \\( \\Phi ^ { -1 } [ \\alpha / 2] \\) 와 같이 설정하면, 공정이 관리상태(in-control state)일 때 관리도에서 이상신호가 발생할 확률은 \\( \\alpha \\) 가 된다.",
                        "clue_start": "430",
                        "clue_end": "661"
                    }
                ],
                "terminology": [
                    {
                        "word": "Q 관리도"
                    },
                    {
                        "word": "관리도"
                    },
                    {
                        "word": "관리상태(in-control state)"
                    },
                    {
                        "word": "관리상한"
                    },
                    {
                        "word": "관리상한(upper control limit, UCL)"
                    },
                    {
                        "word": "관리통계량"
                    },
                    {
                        "word": "관리하한"
                    },
                    {
                        "word": "관리한계"
                    },
                    {
                        "word": "관리한계(control limit)"
                    },
                    {
                        "word": "네트워크"
                    },
                    {
                        "word": "대각성분"
                    },
                    {
                        "word": "대칭행렬"
                    },
                    {
                        "word": "분할"
                    },
                    {
                        "word": "비가중 비방향 네트워크"
                    },
                    {
                        "word": "비방향 네트워크"
                    },
                    {
                        "word": "사회 네트워크"
                    },
                    {
                        "word": "상삼각"
                    },
                    {
                        "word": "약수"
                    },
                    {
                        "word": "오경보율(false alarm rate)"
                    },
                    {
                        "word": "이상신호"
                    },
                    {
                        "word": "인접행렬 원소"
                    }
                ]
            },
            {
                "context_id": "55e-0c9-merge_62374a30-39051f8a-958d-481b-b81d-e8b01d9cf0e1_06",
                "context_K-NSCC": {
                    "field": "자연",
                    "large_category": "NA",
                    "medium_category": "99"
                },
                "context": "<p>\\( \\alpha ^ { * } =1-(1- \\alpha) ^ {\\frac { 1 } { s } } \\)</p> <p>를 만족하면 된다. 따라서 \\( s \\) 개의 \\( Q \\) 관리도의 관리한계는 \\( \\mathrm { UCL } = \\Phi ^ { -1 } \\left [1- \\left ( \\alpha ^ { * } / 2 \\right ) \\right ], \\mathrm { LCL } = \\Phi ^ { -1 } \\left [ \\left ( \\alpha ^ { * } / 2 \\right ) \\right ] \\) 로 설정할 수 있다.</p> <h1>4. 모의실험</h1> <h2>4.1. 모의실험의 모수 설정</h2> <p>분할된 네트워크에 대해 관리도를 작성하여 네트워크에서 발생하는 변화를 탐지하는 절차의 성능을 평가하고 적절한 네트워크 분할 수준을 알아보기 위해 모의실험을 수행하였다.</p> <p>모의실험을 수행하기 위한 모수는 다음과 같이 설정하였다. 네트워크의 크기 \\( N \\) 은 30,60,120 으로 설정하고, 각 네트워크 크기에 대하여 관리상태일 때 액터들의 연결 확률(communication rate) \\( p_ { 0 } \\) 는 0.05,0.1,0.2 로 설정하였다. 다음으로 네트워크의 분할은 인접행렬에서 분할된 행(또는 열)의 개수 \\( N / r \\) 이 4 또는 5, 3, 2, 1이 되도록 설정하였다. 여기서 1 인 경우는 분할을 하지 않은 경우를 나타낸다. 즉, 네트워크의 크기가 \\( N=30 \\) 일 때 분할된 네트워크의 크기 \\( r \\) 은 6, 10, 15, 30, \\( N=60 \\) 일 때 \\( r \\) 은 15, 20, 30, 60, 그리고 \\( N=120 \\) 일 때 \\( r \\) 은 30,40,60,120 으로 설정한 것이다.</p> <p>변화가 발생한 이상상태(out-of-control state)를 정의하기 위해 임의의 부분 네트워크(sub-network)에서 지역적 변화가 발생했다고 가정하였다. 네트워크의 인접행렬에서 액터들은 다양하게 배열될 수 있지만, 거주지역을 비롯한 어떤 특성을 기준으로 배열되는 경우가 많다. 따라서 인접한 액터들의 집합인 부분 네트워크에서 지역적 변화가 발생하는 것은 흔하게 발생할 수 있는 상황이다. 변화가 발생하는 부분 네트워크의 크기는 전체 네트워크의 \\( k \\% \\) 로 설정하였는데, \\( k \\) 는 \\( 10( \\%) \\) 과 \\( 20( \\%) \\) 을 사용하였다.</p> <p>네트워크에서 발생하는 변화의 크기는 \\( \\delta \\) 로 표기한다. 즉, 이상상태로 인하여 네트워크의 연결 확률이 \\( p_ { 0 } \\) 에서 \\( p_ { 0 } + \\delta \\) 로 변화한다는 것인데, \\( \\delta \\) 는 0.05, 0.1, 0.15, 0.2, 0.3 으로 설정하였다. 또한 변화가 발생하는 부분 네트워크의 집단의 수를 \\( g \\) 라고 표기하였는데, \\( g \\) 는 0,1,2 로 설정하였다. \\( g \\) 가 1 또는 2 인 경우는 변화가 발생하는 부분 네트워크의 개수가 1 개 또는 2개인 경우로서 지역적 변화를 나타내고, \\( g \\) 가 0 인 경우에는 전역적 변화를 나타낸다. 지역적 변화의 경우 변화가 발생하는 부분 네트워크의 중심 위치를 랜덤하게 선택하였고, 전역적 변화인 경우 변화가 발생하는 액터들을 랜덤하게 선택하였다.</p>",
                "context_length": 1672,
                "clue": [
                    {
                        "clue_text": "분할된 네트워크에 대해 관리도를 작성하여 네트워크에서 발생하는 변화를 탐지하는 절차의 성능을 평가하고 적절한 네트워크 분할 수준을 알아보기 위해 모의실험을 수행하였다.",
                        "clue_start": "355",
                        "clue_end": "448"
                    },
                    {
                        "clue_text": "모의실험을 수행하기 위한 모수는 다음과 같이 설정하였다.",
                        "clue_start": "456",
                        "clue_end": "487"
                    },
                    {
                        "clue_text": "네트워크의 크기 \\( N \\) 은 30,60,120 으로 설정하고, 각 네트워크 크기에 대하여 관리상태일 때 액터들의 연결 확률(communication rate) \\( p_ { 0 } \\) 는 0.05,0.1,0.2 로 설정하였다.",
                        "clue_start": "488",
                        "clue_end": "618"
                    },
                    {
                        "clue_text": "즉, 네트워크의 크기가 \\( N=30 \\) 일 때 분할된 네트워크의 크기 \\( r \\) 은 6, 10, 15, 30, \\( N=60 \\) 일 때 \\( r \\) 은 15, 20, 30, 60, 그리고 \\( N=120 \\) 일 때 \\( r \\) 은 30,40,60,120 으로 설정한 것이",
                        "clue_start": "731",
                        "clue_end": "890"
                    }
                ],
                "terminology": [
                    {
                        "word": "관리한계"
                    },
                    {
                        "word": "네트워크"
                    },
                    {
                        "word": "모수"
                    },
                    {
                        "word": "모의실험"
                    },
                    {
                        "word": "부분 네트워크"
                    },
                    {
                        "word": "연결 확률"
                    },
                    {
                        "word": "열"
                    },
                    {
                        "word": "이상상태"
                    },
                    {
                        "word": "인접행렬"
                    },
                    {
                        "word": "행"
                    }
                ]
            },
            {
                "context_id": "55e-0c9-merge_62374a30-39051f8a-958d-481b-b81d-e8b01d9cf0e1_05",
                "context_K-NSCC": {
                    "field": "자연",
                    "large_category": "NA",
                    "medium_category": "99"
                },
                "context": "<p>네트워크의 크기가 \\( N=30 \\) 인 사회 네트워크를 분할하여 지역적 변화를 탐지한다고 가정하면, 시점 \\( t \\) 에 서의 인접행렬 \\( C_ { t } \\) 의 크기는 \\( 30 \\times 30 \\) 이다. \\( C_ { t } \\) 를 \\( 10 \\times 10 \\) 크기의 네트워크로 분할하면 \\( C_ { t } \\) 는 \\( C_ { t, 1 } , \\ldots, C_ { t, 6 } \\) 으로 분할되며, \\( C_ { t, 1 } \\) 은 \\( \\left [C_ { t } (i, j) \\right ]_ { 10 \\times 10 } (i=1, \\ldots, 10, j=1, \\ldots, 10) \\) 이 된다. 따라서 크기가 \\( 10 \\times 10 \\) 인 총 \\( s=6 \\) 개의 분할된 네트워크에 대해 관리도를 작성하게 된다.</p> <p>\\( k \\) 번째 분할된 네트워크에서의 연결정도를 \\( x_ { t, k } , k=1,2, \\ldots, s \\) 라 한다면, 분할된 네트워크에 대한 모니터링 절차는 \\( x_ { t, k } \\) 에 대해 이항 누적분포함수 \\( u_ { t, k } \\) 를 계산하고, 이를 표준정규분포 누적분포함수의 역함수에 대입하여 관리통계량 \\( Q_ { t, k } \\) 를 계산한 후 Q 관리도를 작성하는 것이다. 이항 누적분포함수 \\( u_ { t, k } \\) 를 계산할 때 분할된 네트워크의 대각원소 포함 여부에 따라 다음과 같이 구별된 모수를 사용하였다. 이 논문에서는 동일한 액터간의 의사소통인 자기루프(self-loop)는 고려하지 않기 때문에, 즉 \\( C_ { t } (i, i)=0(i=1,2, \\ldots, N) \\) 이기 때문에, 대각원소를 포함한 분할된 네트워크는 대각원소가 0 인 대칭행렬이 된다. 따라서 이 경우 대각원소를 제외한 상삼각 부분만 고려하여 시행횟수를 나타내는 이항분포의 모수는 \\( r(r-1) / 2 \\) 을 사용하였다. 대각원소를 포함하지 않은 분할된 네트워크에 대한 모수는 \\( r ^ { 2 } \\) 을 사용하였다.</p> <p>Erdôs-Rényi 모형에서 각 액터는 서로 독립이라고 가정하기 때문에, \\( C_ { t } \\) 의 각 원소는 서로 독립이며 분할된 네트워크에 대한 통계량도 서로 독립이 된다. 따라서 총 \\( s \\) 개의 관리도는 서로 독립적으로 운영되며, 이때 작성된 관리도 중 적어도 하나의 관리도에서 관리통계량이 관리한계를 벗어나면 전체 네트워크에 연결 정도에 변화가 발생한 것으로 판단한다. 전체 오경보율이 주어진 \\( \\alpha \\) 를 만족하도록 관리한계를 설정하려면, 각각의 관리도의 오경보율 \\( \\alpha ^ { * } \\) 는</p>",
                "context_length": 1343,
                "clue": [
                    {
                        "clue_text": "\\( k \\) 번째 분할된 네트워크에서의 연결정도를 \\( x_ { t, k } , k=1,2, \\ldots, s \\) 라 한다면, 분할된 네트워크에 대한 모니터링 절차는 \\( x_ { t, k } \\) 에 대해 이항 누적분포함수 \\( u_ { t, k } \\) 를 계산하고, 이를 표준정규분포 누적분포함수의 역함수에 대입하여 관리통계량 \\( Q_ { t, k } \\) 를 계산한 후 Q 관리도를 작성하는 것이다.",
                        "clue_start": "437",
                        "clue_end": "667"
                    }
                ],
                "terminology": [
                    {
                        "word": "Q 관리도"
                    },
                    {
                        "word": "관리통계량"
                    },
                    {
                        "word": "관리한계"
                    },
                    {
                        "word": "네트워크"
                    },
                    {
                        "word": "누적분포함수"
                    },
                    {
                        "word": "대각원소"
                    },
                    {
                        "word": "대칭행렬"
                    },
                    {
                        "word": "독립"
                    },
                    {
                        "word": "모수"
                    },
                    {
                        "word": "사회 네트워크"
                    },
                    {
                        "word": "상삼각"
                    },
                    {
                        "word": "액터"
                    },
                    {
                        "word": "역함수"
                    },
                    {
                        "word": "이항"
                    },
                    {
                        "word": "이항 누적분포함수"
                    },
                    {
                        "word": "이항분포"
                    },
                    {
                        "word": "인접행렬"
                    },
                    {
                        "word": "자기루프(self-loop)"
                    },
                    {
                        "word": "표준정규분포"
                    },
                    {
                        "word": "표준정규분포 누적분포함수"
                    }
                ]
            },
            {
                "context_id": "55e-0c9-merge_62374a30-39051f8a-958d-481b-b81d-e8b01d9cf0e1_09",
                "context_K-NSCC": {
                    "field": "자연",
                    "large_category": "NA",
                    "medium_category": "99"
                },
                "context": "<p>모의실험 결과를 종합해 볼 때, 전역적 변화가 발생하는 경우에는 네트워크를 분할하지 않은 기존의 절차의 성능이 좋은 것으로 나타났지만, 지역적 변화가 발생하는 경우에는 본 논문에서 제안한 절차, 즉 네트워크를 분할하여 모니터링하는 것이 성능이 더 좋은 것을 알 수 있다. 네트워크의 크기 \\( N \\) 이 작은 경우 \\( (N=30) \\) 에는 변화가 발생한 부분 네트워크의 크기가 작을수록 \\( (g=2) \\) 더 작은 크기로 분할하는 것의 성능이 더 좋게 나타났다. \\( N \\) 이 어느 정도 큰 경우 \\( (N=60,120) \\) 에는 이러한 경향이 동일하게 나타나지 않았지만, 네트워크를 분할하여 모니터링하는 것에 대한 장점이 있음을 확인할 수가 있다.</p> <h1>5. 결론</h1> <p>이 논문에서는 동적 네트워크에서 발생하는 지역적 변화를 효율적으로 탐지하기 위해, 사회 네트워크를 분할하여 각각의 분할된 네트워크를 모니터링하는 절차를 제안하였다. 이 절차는 크기가 \\( N \\) 이고 연결 확률이 \\( p_ { 0 } \\) 인 네트워크에서 발생하는 지역적 변화를 효율적으로 탐지하기 위해 크기가 \\( r \\) 인 네트워크로 분할하는 것에 기초한다. \\( r \\times r \\) 인 분할된 네트워크 인접행렬에서 계산된 연결 정도를 이용하여 Q 통계량을 계산하고 Q 관리도를 작성하는 것이다. 분할된 네트워크의 개수는 모두 \\( s \\) 개이기 때문에, 총 \\( s \\) 개의 서로 독립인 Q 관리도를 작성하고, 이 중 적어도 하나의 관리도에서 이상신호가 발생하면 네트워크에 변화가 발생했다고 판단한다.</p> <p>제안된 절차의 성능을 평가하기 위해 모의실험을 수행하였다. 네트워크에 전역적 변화가 발생한 경우에는 제안된 절차의 성능이 좋지 않았지만 지역적 변화가 발생한 경우에는 제안된 절차의 성능이 더 좋음을 알 수 있었고, 특히 네트워크의 크기 \\( N \\) 이 작은 경우 제안된 방법의 성능이 우수함을 확인하였다. 또한 \\( N \\) 이 작은 경우 더 작은 크기로 분할하는 것이 지역적 변화를 더 빨리 탐지함을 알 수 있었다. 관리상태에서의 연결 확률 \\( p_ { 0 } \\) 는 제안된 절차의 성능에 큰 영향을 주지 않았지만, \\( N \\) 과 변화의 크기 \\( k( \\%) \\) 는 절차의 성능에 영향을 주는 것으로 나타났다. \\( N \\times k( \\%) \\) 가 큰 경우에는 변화가 발생한 부분 네트워크의 크기가 큰 경우이기 때문에, 분할의 크기가 관계없이 성능이 유사함을 알 수 있다.</p> <p>이 논문은 비가중 비방향 네트워크에서 지역적 변화를 탐지하기 위해 분할된 네트워크에 기반하여 관리도를 작성하는 절차를 제안하였다. 그러나 이러한 절차는 다양한 네트워크 모형에 적용이 가능하다. 예를 들어 가중 네트워크의 경우 연결 강도는 포아송 분포를 가정할 수 있다. 이 경우에는 이항분포에 기반한 Q 관리도 대신 Quesenberry가 제안한 포아송분포에 기반한 Q 관리도를 사용하면 이 논문에서 제안된 절차를 동일하게 사용할 수 있다. 향후 좀 더 다양한 사회 네트워크 모형에 대하여 분할된 네트워크에 기초한 모니터링 절차를 제안하고, 이에 대한 성능을 확인할 예정이다.</p>",
                "context_length": 1583,
                "clue": [
                    {
                        "clue_text": "이 논문에서는 동적 네트워크에서 발생하는 지역적 변화를 효율적으로 탐지하기 위해, 사회 네트워크를 분할하여 각각의 분할된 네트워크를 모니터링하는 절차를 제안하였다.",
                        "clue_start": "396",
                        "clue_end": "487"
                    },
                    {
                        "clue_text": "이 절차는 크기가 \\( N \\) 이고 연결 확률이 \\( p_ { 0 } \\) 인 네트워크에서 발생하는 지역적 변화를 효율적으로 탐지하기 위해 크기가 \\( r \\) 인 네트워크로 분할하는 것에 기초한다.",
                        "clue_start": "488",
                        "clue_end": "600"
                    },
                    {
                        "clue_text": "\\( r \\times r \\) 인 분할된 네트워크 인접행렬에서 계산된 연결 정도를 이용하여 Q 통계량을 계산하고 Q 관리도를 작성하는 것이다.",
                        "clue_start": "601",
                        "clue_end": "680"
                    },
                    {
                        "clue_text": "제안된 절차의 성능을 평가하기 위해 모의실험을 수행하였다.",
                        "clue_start": "806",
                        "clue_end": "838"
                    },
                    {
                        "clue_text": "네트워크에 전역적 변화가 발생한 경우에는 제안된 절차의 성능이 좋지 않았지만 지역적 변화가 발생한 경우에는 제안된 절차의 성능이 더 좋음을 알 수 있었고, 특히 네트워크의 크기 \\( N \\) 이 작은 경우 제안된 방법의 성능이 우수함을 확인하였다.",
                        "clue_start": "839",
                        "clue_end": "977"
                    }
                ],
                "terminology": [
                    {
                        "word": "Q 관리도"
                    },
                    {
                        "word": "Q 통계량"
                    },
                    {
                        "word": "가중 네트워크"
                    },
                    {
                        "word": "네트워크"
                    },
                    {
                        "word": "독립"
                    },
                    {
                        "word": "동적 네트워크"
                    },
                    {
                        "word": "모의실험"
                    },
                    {
                        "word": "부분 네트워크"
                    },
                    {
                        "word": "비가중 비방향 네트워크"
                    },
                    {
                        "word": "비방향 네트워크"
                    },
                    {
                        "word": "사회 네트워크"
                    },
                    {
                        "word": "연결 확률"
                    },
                    {
                        "word": "이항분포"
                    },
                    {
                        "word": "인접행렬"
                    },
                    {
                        "word": "통계량"
                    },
                    {
                        "word": "포아송분포"
                    }
                ]
            }
        ]
    }
}