{
    "dataset_info": {
        "identifier": "02-031-002-NL",
        "name": "기술과학 문서 요약 데이터",
        "category": "자연어",
        "last_updated": "2023-08-30"
    },
    "dataset": {
        "doc_id": "96aba9d6-11099fec-42cf-40d4-9c34-aaefa0aa7dd9",
        "doc_type": "도서",
        "doc_title": {
            "kor": "M897-대학일반수학",
            "eng": ""
        },
        "doc_category": {
            "KDC": "410",
            "DDC": ""
        },
        "doc_number": {
            "ISSN": "",
            "ISBN": "9788961058971",
            "DOI": "",
            "UCI": ""
        },
        "doc_year": "2015",
        "doc_author": [
            "이만근"
        ],
        "doc_publisher": "경문사",
        "doc_license": "저작권 협의됨",
        "context_info": [
            {
                "context_id": "55e-0c9-merge_96aba9d6-11099fec-42cf-40d4-9c34-aaefa0aa7dd9_01",
                "context_K-NSCC": {
                    "field": "자연",
                    "large_category": "NA",
                    "medium_category": "01"
                },
                "context": "<p>앞의 항에 일정한 수를 더하여 다음 항이 얻어지는 수열, 즉, \\( \\ a_ { n + 1 } =a_ { n } + d, \\quad n=1,2, \\cdots \\)인 수열을 등차수열(arithmetic sequence)이라 하고 더하는 일정한 수 \\( d \\)를 공차라 한다.</p> <p>예제 2.2</p> <p>수열 \\( 7,11, x, 19, \\cdots \\)가 등차수열이 되도록 공차와 \\( x \\) 값을 구하여라.</p> <p>풀이</p> <p>\\( d=a_ { 2 } -a_ { 1 } =11-7=4 \\) 이고 \\( x=a_ { 2 } + d=11 + 4=15 \\)</p> <p>\\( \\\\ \\\\)</p> <p>첫째항이 \\( a \\)이고 공차가 \\( d \\)인 등차수열의 각 항을 계산해보자.</p> <p>\\( a_ { 1 } =a \\)</p> <p>\\( a_ { 2 } =a_ { 1 } + d=a + d \\)</p> <p>\\( a_ { 3 } =a_ { 2 } + d=(a + d) + d=a + 2 d \\)</p> <p>\\( a_ { 4 } =a_ { 3 } + d=(a + 2 d) + d=a + 3 d \\)</p> <p>\\( \\vdots \\)</p> <p>따라서 일반항은 \\( \\ a_ { n } =a + (n-1) d \\) 이다.</p> <p>예제 2.3</p> <p>다음을 구하여라.</p> <ol type= start=1><li>첫째항이 -5이고 공차가 3인 등차수열의 제10항</li> <li>제4항이 20이고 제13항이 65인 등차수열의 공차와 일반항</li></ol> <p>풀이</p> <p>1. \\( a_ { 10 } =a + 9 d=-5 + 9 \\cdot 3=22 \\)</p> <p>2. \\( a_ { 4 } =20, a_ { 13 } =65 \\)이고 \\( a_ { 13 } =a_ { 4 } + 9 d \\)이므로 \\( 65=20 + 9 d, d=5 \\)</p> <p>\\( a_ { 4 } =a_ { 1 } + 3 d \\) 이므로 \\( 20=a_ { 1 } + 3 \\cdot 5, a_ { 1 } =5 \\)</p> <p>따라서 일반항은 \\( a_ { n } =5 + (n-1) \\cdot 5=5 n \\)</p> <p>\\( \\\\ \\\\)</p> <p>첫째항이 \\( a \\)이고 공차가 \\( d \\)인 등차수열에서 첫째항부터 제 \\( n \\)항까지의 합을 구하는 공식을 알아보자. 첫째항부터 제 \\( n \\)항까지의 합을 \\( S_ { n } \\)이라 하면 \\( S_ { n } =a + (a + d) + \\cdots + \\left (a_ { n } -d \\right ) + a_ { n } \\) 이고 \\( S_ { n } \\)의 우변을 역순으로 쓰면 \\( S_ { n } =a_ { n } + \\left (a_ { n } -d \\right ) + \\cdots + (a + d) + a \\)</p>",
                "context_length": 1415,
                "clue": [
                    {
                        "clue_text": "앞의 항에 일정한 수를 더하여 다음 항이 얻어지는 수열, 즉, \\( \\ a_ { n + 1 } =a_ { n } + d, \\quad n=1,2, \\cdots \\)인 수열을 등차수열(arithmetic sequence)이라 하고 더하는 일정한 수 \\( d \\)를 공차라 한다.",
                        "clue_start": "3",
                        "clue_end": "156"
                    },
                    {
                        "clue_text": "수열 \\( 7,11, x, 19, \\cdots \\)가 등차수열이 되도록 공차와 \\( x \\) 값을 구하여라.",
                        "clue_start": "178",
                        "clue_end": "238"
                    },
                    {
                        "clue_text": "<ol type= start=1><li>첫째항이 -5이고 공차가 3인 등차수열의 제10항</li> <li>제4항이 20이고 제13항이 65인 등차수열의 공차와 일반항</li></ol>",
                        "clue_start": "681",
                        "clue_end": "783"
                    },
                    {
                        "clue_text": "첫째항이 \\( a \\)이고 공차가 \\( d \\)인 등차수열에서 첫째항부터 제 \\( n \\)항까지의 합을 구하는 공식을 알아보자.",
                        "clue_start": "1110",
                        "clue_end": "1181"
                    },
                    {
                        "clue_text": "첫째항부터 제 \\( n \\)항까지의 합을 \\( S_ { n } \\)이라 하면 \\( S_ { n } =a + (a + d) + \\cdots + \\left (a_ { n } -d \\right ) + a_ { n } \\) 이고 \\( S_ { n } \\)의 우변을 역순으로 쓰면 \\( S_ { n } =a_ { n } + \\left (a_ { n } -d \\right ) + \\cdots + (a + d) + a \\)",
                        "clue_start": "1182",
                        "clue_end": "1411"
                    }
                ],
                "terminology": [
                    {
                        "word": "공차"
                    },
                    {
                        "word": "등차수열"
                    },
                    {
                        "word": "우변"
                    },
                    {
                        "word": "일반항"
                    }
                ]
            },
            {
                "context_id": "55e-0c9-merge_96aba9d6-11099fec-42cf-40d4-9c34-aaefa0aa7dd9_16",
                "context_K-NSCC": {
                    "field": "자연",
                    "large_category": "NA",
                    "medium_category": "01"
                },
                "context": "<p>\\( r=1 \\) 일 때 \\( \\lim _ { n \\rightarrow \\infty } r ^ { n } =1 \\)</p> <p>\\( r>1 \\) 일 때 \\( \\lim _ { n \\rightarrow \\infty } r ^ { n } = \\infty \\)</p> <p>\\( r \\leq-1 \\) 일 때 \\( \\lim _ { n \\rightarrow \\infty } r ^ { n } \\) 은 진동한다.</p> <p>예제 2.14</p> <p>다음 극한값을 구하여라.</p> <ol type= start=1><li>\\( \\lim _ { n \\rightarrow \\infty } \\left (- \\frac { 1 } { 2 } \\right ) ^ { n } \\)</li> <li>\\( \\lim _ { n \\rightarrow \\infty } (1.01) ^ { n } \\)</li> <li>\\( \\lim _ { n \\rightarrow \\infty } \\frac { 2 ^ { n } + 100 } { 3 ^ { n } + 1 } \\)</li> <li>\\( \\lim _ { n \\rightarrow \\infty } \\frac { 3 ^ { n } + 2 ^ { n } } { 3 ^ { n } -2 ^ { n } } \\)</li></ol> <p>풀이</p> <ol type= start=1><li>\\( \\lim _ { n \\rightarrow \\infty } \\left (- \\frac { 1 } { 2 } \\right ) ^ { n } =0 \\)</li> <li>\\( \\lim _ { n \\rightarrow \\infty } (1.01) ^ { n } = \\infty \\)</li> <li>\\( \\lim _ { n \\rightarrow \\infty } \\frac { 2 ^ { n } + 100 } { 3 ^ { n } + 1 } = \\lim _ { n \\rightarrow \\infty } \\frac {\\left ( \\frac { 2 } { 3 } \\right ) ^ { n } + \\frac { 100 } { 3 ^ { n } } } { 1 + \\frac { 1 } { 3 ^ { n } } } = \\frac { 0 + 0 } { 1 + 0 } =0 \\)</li> <li>\\( \\lim _ { n \\rightarrow \\infty } \\frac { 3 ^ { n } + 2 ^ { n } } { 3 ^ { n } -2 ^ { n } } = \\lim _ { n \\rightarrow \\infty } \\frac { 1 + \\left ( \\frac { 2 } { 3 } \\right ) ^ { n } } { 1- \\left ( \\frac { 2 } { 3 } \\right ) ^ { n } } =1 \\)</li></ol>",
                "context_length": 1356,
                "clue": [
                    {
                        "clue_text": "\\( r=1 \\) 일 때 \\( \\lim _ { n \\rightarrow \\infty } r ^ { n } =1 \\)",
                        "clue_start": "3",
                        "clue_end": "67"
                    },
                    {
                        "clue_text": "\\( r>1 \\) 일 때 \\( \\lim _ { n \\rightarrow \\infty } r ^ { n } = \\infty \\)",
                        "clue_start": "75",
                        "clue_end": "145"
                    },
                    {
                        "clue_text": "\\( r \\leq-1 \\) 일 때 \\( \\lim _ { n \\rightarrow \\infty } r ^ { n } \\) 은 진동한다.",
                        "clue_start": "153",
                        "clue_end": "227"
                    }
                ],
                "terminology": [
                    {
                        "word": "극한값"
                    }
                ]
            },
            {
                "context_id": "55e-0c9-merge_96aba9d6-11099fec-42cf-40d4-9c34-aaefa0aa7dd9_00",
                "context_K-NSCC": {
                    "field": "자연",
                    "large_category": "NA",
                    "medium_category": "01"
                },
                "context": "<h1>2.1 등차수열과 등비수열</h1> <p>어떤 종류의 토끼는 태어난 지 두 달 후부터 매달 한 쌍의 새끼를 낳는다고 하자. 기르는 동안 죽는 토끼가 없다고 할 때, 1월 1일에 태어난 한 쌍의 토끼가 번식하여 매달 몇 쌍이 되는지 알아보자.</p> <ol type = start=1><li>1월 1일에는 1쌍</li> <li>2월 1일에도 1쌍</li> <li>3월 1일에는 새끼를 1쌍 낳으므로 모두 2쌍</li> <li>4월 1일에는 다시 새끼를 1쌍 낳으므로 모두 3쌍</li> <li>5월 1일에는 어미가 새끼를 1쌍 낳고 3월 1일에 태어난 토끼도 새끼를 1쌍 낳는다. 즉, 3월 1일에 있었던 2쌍의 토끼가 각각 1쌍씩 낳는다. 따라서 모두 5쌍</li> <li>6월 1일에는 4월 1일에 있었던 3쌍의 토끼가 각각 1쌍씩 낳으므로 모두 8쌍</li></ol> <p>이다. 7월 1일에는 토끼가 몇 쌍이 되겠는가? 매월 1일의 토끼의 쌍 수를 나열하면 1, 1, 2, 3, 5, 8, ···이다. 이렇게 수를 어떤 규칙에 따라 나열한 것을 수열(sequence)이라 한다. 수열을 이루는 각 수를 그 수열의 항이라 하고 \\( \\ a_ { 1 } , a_ { 2 } , a_ { 3 } , \\cdots, a_ { n } , \\cdots \\)이라 나타내며 간단히 \\( \\left \\langle a_ { n } \\right \\rangle \\) 또는 \\( \\left \\{ a_ { n } \\right \\} \\)이라 나타낸다. 또 \\( a_ { n } \\)을 일반항이라 한다. 예를 들어, 짝수들의 수열에서 \\( a_ { 1 } =2, a_ { 2 } =4, a_ { 3 } =6, \\cdots, a_ { n } =2 n, \\cdots \\) 이다.</p> <p>예제 2.1</p> <p>다음 수열의 처음 네 항을 나열하여라.</p> <ol type= start=1><li>\\( a_ { n } =3 n-2 \\)</li> <li>\\( a_ { n } = \\frac { (-1) ^ { n } } { 2 n-1 } \\)</li></ol> <p>풀이</p> <ol type= start=1><li>\\( \\begin {array} { ll } a_ { 1 } =3 \\cdot 1-2=1, & a_ { 2 } =3 \\cdot 2-2=4 \\\\ a_ { 3 } =3 \\cdot 3-2=7, & a_ { 4 } =3 \\cdot 4-2=10 \\end {array} \\)</li> <li>\\( \\begin {array} { ll } a_ { 1 } = \\frac { (-1) ^ { 1 } } { 2 \\cdot 1-1 } =-1, & a_ { 2 } = \\frac { (-1) ^ { 2 } } { 2 \\cdot 2-1 } = \\frac { 1 } { 3 } \\\\ a_ { 3 } = \\frac { (-1) ^ { 3 } } { 2 \\cdot 3-1 } =- \\frac { 1 } { 5 } , & a_ { 4 } = \\frac { (-1) ^ { 4 } } { 2 \\cdot 4-1 } = \\frac { 1 } { 7 } \\end {array} \\)</li></ol> <p>\\( \\\\ \\\\)</p>",
                "context_length": 1562,
                "clue": [
                    {
                        "clue_text": "이렇게 수를 어떤 규칙에 따라 나열한 것을 수열(sequence)이라 한다.",
                        "clue_start": "512",
                        "clue_end": "554"
                    },
                    {
                        "clue_text": "또 \\( a_ { n } \\)을 일반항이라 한다. 예를 들어, 짝수들의 수열에서 \\( a_ { 1 } =2, a_ { 2 } =4, a_ { 3 } =6, \\cdots, a_ { n } =2 n, \\cdots \\) 이다.",
                        "clue_start": "748",
                        "clue_end": "871"
                    },
                    {
                        "clue_text": "수열을 이루는 각 수를 그 수열의 항이라 하고 \\( \\ a_ { 1 } , a_ { 2 } , a_ { 3 } , \\cdots, a_ { n } , \\cdots \\)이라 나타내며 간단히 \\( \\left \\langle a_ { n } \\right \\rangle \\) 또는 \\( \\left \\{ a_ { n } \\right \\} \\)이라 나타낸다.",
                        "clue_start": "555",
                        "clue_end": "747"
                    }
                ],
                "terminology": [
                    {
                        "word": "등비수열"
                    },
                    {
                        "word": "수열"
                    },
                    {
                        "word": "수열(sequence)"
                    },
                    {
                        "word": "수열의 항"
                    },
                    {
                        "word": "일반항"
                    }
                ]
            },
            {
                "context_id": "55e-0c9-merge_96aba9d6-11099fec-42cf-40d4-9c34-aaefa0aa7dd9_07",
                "context_K-NSCC": {
                    "field": "자연",
                    "large_category": "NA",
                    "medium_category": "01"
                },
                "context": "<p>예제 2.9</p> <ol type= start=1><li>\\( 1 + 3 + 5 + \\cdots + (2 n-1) \\)</li> <li>\\( 1 ^ { 2 } + 2 ^ { 2 } + 3 ^ { 2 } + \\cdots + 100 ^ { 2 } \\)</li></ol> <p>풀이</p> <ol type= start=1><li>\\( 1 + 3 + 5 + \\cdots + (2 n-1)= \\sum_ { k=1 } ^ { n } (2 k-1) \\)</li> <li>\\( 1 ^ { 2 } + 2 ^ { 2 } + 3 ^ { 2 } + \\cdots + 100 ^ { 2 } = \\sum_ { k=1 } ^ { 100 } k ^ { 2 } \\)</li></ol> <p>\\( \\\\ \\\\)</p> <p>합의 기호 \\( \\sum \\) 의 성질을 알아보자.</p> <p>\\( \\sum_ { k=1 } ^ { n } \\left (a_ { k } + b_ { k } \\right )= \\left (a_ { 1 } + b_ { 1 } \\right ) + \\left (a_ { 2 } + b_ { 2 } \\right ) + \\cdots + \\left (a_ { n } + b_ { n } \\right )= \\left (a_ { 1 } + a_ { 2 } + \\cdots + a_ { n } \\right ) + \\left (b_ { 1 } + b_ { 2 } + \\cdots + b_ { n } \\right )= \\sum_ { k=1 } ^ { n } a_ { k } + \\sum_ { k=1 } ^ { n } b_ { k } \\) 이다. 아래 정리의 다른 성질들도 비슷한 방법으로 쉽게 보일 수 있다.</p> <p>정리 2.3</p> <ol type= start=1><li>\\( \\sum_ { k=1 } ^ { n } \\left (a_ { k } + b_ { k } \\right )= \\sum_ { k=1 } ^ { n } a_ { k } + \\sum_ { k=1 } ^ { n } b_ { k } \\)</li> <li>\\( \\sum_ { k=1 } ^ { n } \\left (a_ { k } -b_ { k } \\right )= \\sum_ { k=1 } ^ { n } a_ { k } - \\sum_ { k=1 } ^ { n } b_ { k } \\)</li> <li>\\( \\sum_ { k=1 } ^ { n } c a_ { k } =c \\sum_ { k=1 } ^ { n } a_ { k } , \\ c \\) 는 상수</li> <li>\\( \\sum_ { k=1 } ^ { n } c=c n, \\ c \\) 는 상수</li></ol> <p>예제 2.10</p>",
                "context_length": 1307,
                "clue": [
                    {
                        "clue_text": "합의 기호 \\( \\sum \\) 의 성질을 알아보자.",
                        "clue_start": "389",
                        "clue_end": "417"
                    },
                    {
                        "clue_text": "<p>예제 2.9</p> <ol type= start=1><li>\\( 1 + 3 + 5 + \\cdots + (2 n-1) \\)</li> <li>\\( 1 ^ { 2 } + 2 ^ { 2 } + 3 ^ { 2 } + \\cdots + 100 ^ { 2 } \\)</li></ol>",
                        "clue_start": "0",
                        "clue_end": "152"
                    },
                    {
                        "clue_text": "<p>풀이</p> <ol type= start=1><li>\\( 1 + 3 + 5 + \\cdots + (2 n-1)= \\sum_ { k=1 } ^ { n } (2 k-1) \\)</li> <li>\\( 1 ^ { 2 } + 2 ^ { 2 } + 3 ^ { 2 } + \\cdots + 100 ^ { 2 } = \\sum_ { k=1 } ^ { 100 } k ^ { 2 } \\)</li></ol>",
                        "clue_start": "153",
                        "clue_end": "368"
                    },
                    {
                        "clue_text": "<ol type= start=1><li>\\( \\sum_ { k=1 } ^ { n } \\left (a_ { k } + b_ { k } \\right )= \\sum_ { k=1 } ^ { n } a_ { k } + \\sum_ { k=1 } ^ { n } b_ { k } \\)</li> <li>\\( \\sum_ { k=1 } ^ { n } \\left (a_ { k } -b_ { k } \\right )= \\sum_ { k=1 } ^ { n } a_ { k } - \\sum_ { k=1 } ^ { n } b_ { k } \\)</li> <li>\\( \\sum_ { k=1 } ^ { n } c a_ { k } =c \\sum_ { k=1 } ^ { n } a_ { k } , \\ c \\) 는 상수</li> <li>\\( \\sum_ { k=1 } ^ { n } c=c n, \\ c \\) 는 상수</li></ol>",
                        "clue_start": "849",
                        "clue_end": "1292"
                    }
                ],
                "terminology": [
                    {
                        "word": "상수"
                    },
                    {
                        "word": "합의 기호"
                    }
                ]
            },
            {
                "context_id": "55e-0c9-merge_96aba9d6-11099fec-42cf-40d4-9c34-aaefa0aa7dd9_03",
                "context_K-NSCC": {
                    "field": "자연",
                    "large_category": "NA",
                    "medium_category": "01"
                },
                "context": "<p>예제 2.5</p> <p>수열 \\( - \\frac { 1 } { 3 } , \\frac { 1 } { 9 } , x, \\frac { 1 } { 81 } , \\cdots \\) 이 등비수열이 되도록 공비와 \\( x \\) 값을 구하여라.</p> <p>풀이</p> <p>\\( a_ { 2 } =r a_ { 1 } \\) 이므로 \\( \\frac { 1 } { 9 } =r \\left (- \\frac { 1 } { 3 } \\right ) \\). 따라서 \\( r=- \\frac { 1 } { 3 } \\) 이고 \\( x=r \\frac { 1 } { 9 } =- \\frac { 1 } { 3 } \\cdot \\frac { 1 } { 9 } =- \\frac { 1 } { 27 } \\)</p> <p>\\( \\\\ \\\\)</p> <p>첫째항이 \\( a \\) 이고 공비가 \\( r \\) 인 등차수열의 각 항을 계산해보자.</p> <p>\\( a_ { 1 } =a \\)</p> <p>\\( a_ { 2 } =a_ { 1 } r= \\tau a \\)</p> <p>\\( a_ { 3 } =a_ { 2 } r=(a r) r=a r ^ { 2 } \\)</p> <p>\\( a_ { 4 } =a_ { a } r= \\left (a r ^ { 2 } \\right ) r=a r ^ { 3 } \\)</p> <p>\\( \\vdots \\)</p> <p>따라서 일반항은 \\( a_ { n } =a r ^ { n-1 } \\) 이다.</p> <p>예제 2.6</p> <p>다음을 구하여라.</p> <ol type= start=1><li>첫째항이 3 이고 공비가 2 인 등비수열의 제 10 항</li> <li>제4항이 125 , 제 10 항이 \\( \\frac { 125 } { 64 } \\) 인 등비수열의 공비와 일반항</li></ol> <p>풀이</p> <p>1. \\( a_ { 10 } =a r ^ { 9 } =3 \\cdot 2 ^ { 9 } =1536 \\)</p> <p>2. \\( a_ { 4 } =a r ^ { 3 } =125 \\) 이고 \\( a_ { 10 } =a r ^ { 9 } = \\frac { 125 } { 64 } \\) 이므로 \\( 125 r ^ { 6 } = \\frac { 125 } { 64 } \\) \\( \\quad r ^ { 6 } = \\frac { 1 } { 64 } , \\quad r= \\frac { 1 } { 2 } \\)</p>",
                "context_length": 1173,
                "clue": [
                    {
                        "clue_text": "수열 \\( - \\frac { 1 } { 3 } , \\frac { 1 } { 9 } , x, \\frac { 1 } { 81 } , \\cdots \\) 이 등비수열이 되도록 공비와 \\( x \\) 값을 구하여라.",
                        "clue_start": "17",
                        "clue_end": "131"
                    },
                    {
                        "clue_text": "따라서 \\( r=- \\frac { 1 } { 3 } \\) 이고 \\( x=r \\frac { 1 } { 9 } =- \\frac { 1 } { 3 } \\cdot \\frac { 1 } { 9 } =- \\frac { 1 } { 27 } \\)",
                        "clue_start": "244",
                        "clue_end": "373"
                    }
                ],
                "terminology": [
                    {
                        "word": "공비"
                    },
                    {
                        "word": "등비수열"
                    },
                    {
                        "word": "등차수열"
                    },
                    {
                        "word": "일반항"
                    }
                ]
            },
            {
                "context_id": "55e-0c9-merge_96aba9d6-11099fec-42cf-40d4-9c34-aaefa0aa7dd9_18",
                "context_K-NSCC": {
                    "field": "자연",
                    "large_category": "NA",
                    "medium_category": "01"
                },
                "context": "<p>\\( \\\\ \\\\)</p> <p>무한급수 \\( \\sum_ { n=1 } ^ {\\infty } a_ { n } \\) 의 부분합 \\( S_ { n } \\) 을 항으로 하는 수열 \\( S_ { 1 } , S_ { 2 } , S_ { 3 } , \\cdots, S_ { n } , \\cdots \\) 이 일정한 값 \\( S \\) 에 수렴하면 무한급수 \\( \\sum_ { n=1 } ^ {\\infty } a_ { n } \\) 도 \\( S \\) 에 수렴한다(converge)고 하고 \\( \\sum_ { n=1 } ^ {\\infty } a_ { n } =S \\) 라 나타낸다. 또 수열 \\( \\left \\langle S_ { n } \\right \\rangle \\) 이 발산할 때 \\( \\sum_ { n=1 } ^ {\\infty } a_ { n } \\) 도 발산한다(diverge)고 한다. 특히 \\( \\lim _ { n \\rightarrow \\infty } S_ { n } = \\infty \\) 일 때 \\( \\sum_ { n=1 } ^ {\\infty } a_ { n } = \\infty \\), \\( \\lim _ { n \\rightarrow \\infty } S_ { n } =- \\infty \\) 일 때 \\( \\sum_ { n=1 } ^ {\\infty } a_ { n } =- \\infty \\) 라 나타낸다.</p> <p>예제 2.16</p> <p>다음 무한급수의 수렴, 발산을 조사하여라.</p> <ol type= start=1><li>\\( \\sum_ { n=1 } ^ {\\infty } \\frac { 1 } { (n + 1)(n + 2) } \\)</li> <li>\\( \\sum_ { n=1 } ^ {\\infty } ( \\sqrt { n + 1 } - \\sqrt { n } ) \\)</li></ol> <p>풀이</p> <p>1. 부분합을 구하면 \\( S_ { n } = \\sum_ { k=1 } ^ { n } \\frac { 1 } { (k + 1)(k + 2) } = \\sum_ { k=1 } ^ { n } \\left ( \\frac { 1 } { k + 1 } - \\frac { 1 } { k + 2 } \\right )= \\frac { 1 } { 2 } - \\frac { 1 } { n + 2 } \\) 이므로 \\( \\lim S_ { n } = \\lim \\left ( \\frac { 1 } { 2 } - \\frac { 1 } { n + 2 } \\right )= \\frac { 1 } { 2 } \\)</p>",
                "context_length": 1226,
                "clue": [
                    {
                        "clue_text": "무한급수 \\( \\sum_ { n=1 } ^ {\\infty } a_ { n } \\) 의 부분합 \\( S_ { n } \\) 을 항으로 하는 수열 \\( S_ { 1 } , S_ { 2 } , S_ { 3 } , \\cdots, S_ { n } , \\cdots \\) 이 일정한 값 \\( S \\) 에 수렴하면 무한급수 \\( \\sum_ { n=1 } ^ {\\infty } a_ { n } \\) 도 \\( S \\) 에 수렴한다(converge)고 하고 \\( \\sum_ { n=1 } ^ {\\infty } a_ { n } =S \\) 라 나타낸다.",
                        "clue_start": "20",
                        "clue_end": "315"
                    },
                    {
                        "clue_text": "1. 부분합을 구하면 \\( S_ { n } = \\sum_ { k=1 } ^ { n } \\frac { 1 } { (k + 1)(k + 2) } = \\sum_ { k=1 } ^ { n } \\left ( \\frac { 1 } { k + 1 } - \\frac { 1 } { k + 2 } \\right )= \\frac { 1 } { 2 } - \\frac { 1 } { n + 2 } \\) 이므로 \\( \\lim S_ { n } = \\lim \\left ( \\frac { 1 } { 2 } - \\frac { 1 } { n + 2 } \\right )= \\frac { 1 } { 2 } \\)",
                        "clue_start": "902",
                        "clue_end": "1222"
                    },
                    {
                        "clue_text": "다음 무한급수의 수렴, 발산을 조사하여라.",
                        "clue_start": "691",
                        "clue_end": "714"
                    },
                    {
                        "clue_text": "<li>\\( \\sum_ { n=1 } ^ {\\infty } \\frac { 1 } { (n + 1)(n + 2) } \\)</li> <li>\\( \\sum_ { n=1 } ^ {\\infty } ( \\sqrt { n + 1 } - \\sqrt { n } ) \\)",
                        "clue_start": "737",
                        "clue_end": "878"
                    }
                ],
                "terminology": [
                    {
                        "word": "무한급수"
                    },
                    {
                        "word": "발산"
                    },
                    {
                        "word": "부분합"
                    },
                    {
                        "word": "수렴"
                    },
                    {
                        "word": "수열"
                    }
                ]
            },
            {
                "context_id": "55e-0c9-merge_96aba9d6-11099fec-42cf-40d4-9c34-aaefa0aa7dd9_02",
                "context_K-NSCC": {
                    "field": "자연",
                    "large_category": "NA",
                    "medium_category": "01"
                },
                "context": "<p>두 식을 더하면 \\( 2 S_ { n } = \\left (a + a_ { n } \\right ) + \\left (a + a_ { n } \\right ) + \\cdots + \\left (a + a_ { n } \\right ) + \\left (a + a_ { n } \\right )=n \\left (a + a_ { n } \\right ) \\) 이므로 \\( S_ { n } = \\frac { n \\left (a + a_ { n } \\right ) } { 2 } \\) 이다. \\( a_ { n } =a_ { 1 } + (n-1) d \\) 이므로 \\( S_ { n } = \\frac { n[2 a + (n-1) d] } { 2 } \\)</p> <p>이상을 정리하면 다음과 같다.</p> <p>정리 2.1</p> <p>첫째항이 \\( a_ { 1 } \\)이고 공차가 \\( d \\)인 등차수열에서 첫째항부터 제 \\( n \\)항까지의 합 \\( S_ { n } \\)은 \\( S_ { n } = \\frac { n \\left (a + a_ { n } \\right ) } { 2 } \\) 또는 \\( S_ { n } = \\frac { n[2 a + (n-1) d] } { 2 } \\)</p> <p>예제 2.4</p> <p>다음을 구하여라.</p> <ol type= start=1><li>첫째항이 3이고 공차가 4인 등차수열에서 \\( S_ { 8 } \\)</li> <li>1에서 100까지의 자연수의 합</li></ol> <p>풀이</p> <ol type= start=1><li>\\( S_ { 8 } = \\frac { 8[2 \\cdot 3 + (8-1) \\cdot 4] } { 2 } = \\frac { 8(6 + 28) } { 2 } =136 \\)</li> <li>첫째항이 1 이고 제 100 항이 100 인 등차수열이므로 \\( A_ { 100 } = \\frac { 100(1 + 100) } { 2 } =50 \\cdot 101=5050 \\)</li></ol> <p>앞의 항에 일정한 수를 곱하여 다음 항이 얻어지는 수열, 즉, \\( a_ { n + 1 } =r a_ { n } , \\quad n=1,2, \\cdots \\)인 수열을 등비수열(geometric sequence)이라 하고 곱하는 일정한 수 \\( r \\)를 공비라 한다.</p>",
                "context_length": 1130,
                "clue": [
                    {
                        "clue_text": "첫째항이 \\( a_ { 1 } \\)이고 공차가 \\( d \\)인 등차수열에서 첫째항부터 제 \\( n \\)항까지의 합 \\( S_ { n } \\)은 \\( S_ { n } = \\frac { n \\left (a + a_ { n } \\right ) } { 2 } \\) 또는 \\( S_ { n } = \\frac { n[2 a + (n-1) d] } { 2 } \\)",
                        "clue_start": "399",
                        "clue_end": "595"
                    },
                    {
                        "clue_text": "앞의 항에 일정한 수를 곱하여 다음 항이 얻어지는 수열, 즉, \\( a_ { n + 1 } =r a_ { n } , \\quad n=1,2, \\cdots \\)인 수열을 등비수열(geometric sequence)이라 하고 곱하는 일정한 수 \\( r \\)를 공비라 한다.",
                        "clue_start": "977",
                        "clue_end": "1126"
                    }
                ],
                "terminology": [
                    {
                        "word": "공비"
                    },
                    {
                        "word": "공차"
                    },
                    {
                        "word": "등비수열"
                    },
                    {
                        "word": "등비수열(geometric sequence)"
                    },
                    {
                        "word": "등차수열"
                    },
                    {
                        "word": "자연수"
                    }
                ]
            },
            {
                "context_id": "55e-0c9-merge_96aba9d6-11099fec-42cf-40d4-9c34-aaefa0aa7dd9_15",
                "context_K-NSCC": {
                    "field": "자연",
                    "large_category": "NA",
                    "medium_category": "01"
                },
                "context": "<p>3. 분모, 분자를 \\( n ^ { 2 } \\)으로 나누면 \\( { } ^ { 2 } \\)으로 나누면 \\( \\lim _ { n \\rightarrow \\infty } \\frac { n ^ { 3 } + n ^ { 2 } -1 } { n ^ { 2 } + 1 } = \\lim _ { n \\rightarrow \\infty } \\frac { n + 1- \\frac { 1 } { n ^ { 2 } } } { 1 + \\frac { 1 } { n ^ { 2 } } } = \\infty \\)</p> <p>4. 분모, 분자에 \\( \\sqrt { n ^ { 2 } + n } + n \\)을 곱하면 \\( \\lim _ { n \\rightarrow \\infty } \\left ( \\sqrt { n ^ { 2 } + n } -n \\right )= \\lim _ { n \\rightarrow \\infty } \\frac {\\left ( \\sqrt { n ^ { 2 } + n } -n \\right ) \\left ( \\sqrt { n ^ { 2 } + n } + n \\right ) } {\\sqrt { n ^ { 2 } + n } + n } = \\lim _ { n \\rightarrow \\infty } \\frac { n } {\\sqrt { n ^ { 2 } + n } + n } = \\lim _ { n \\rightarrow \\infty } \\frac { 1 } {\\sqrt { 1 + \\frac { 1 } { n } } + 1 } = \\frac { 1 } { 2 } \\)</p> <p>무한수열이 등비수열일 때 무한등비수열이라 한다. 즉, \\( a, a r, a r ^ { 2 } , \\cdots, a r ^ { n-1 } , \\cdots \\)을 무한등비수열이라 한다.</p> <p>다음 정리는 쉽게 이해할 수 있다.</p> <p>정리 2.6</p> <p>\\( -1<r<1 \\)일 때 \\( \\lim _ { n \\rightarrow \\infty } r ^ { n } =0 \\)</p>",
                "context_length": 982,
                "clue": [
                    {
                        "clue_text": "분모, 분자를 \\( n ^ { 2 } \\)으로 나누면 \\( { } ^ { 2 } \\)으로 나누면 \\( \\lim _ { n \\rightarrow \\infty } \\frac { n ^ { 3 } + n ^ { 2 } -1 } { n ^ { 2 } + 1 } = \\lim _ { n \\rightarrow \\infty } \\frac { n + 1- \\frac { 1 } { n ^ { 2 } } } { 1 + \\frac { 1 } { n ^ { 2 } } } = \\infty \\)",
                        "clue_start": "6",
                        "clue_end": "270"
                    },
                    {
                        "clue_text": "무한수열이 등비수열일 때 무한등비수열이라 한다.",
                        "clue_start": "761",
                        "clue_end": "787"
                    },
                    {
                        "clue_text": " 즉, \\( a, a r, a r ^ { 2 } , \\cdots, a r ^ { n-1 } , \\cdots \\)을 무한등비수열이라 한다.",
                        "clue_start": "787",
                        "clue_end": "863"
                    }
                ],
                "terminology": [
                    {
                        "word": "등비수열"
                    },
                    {
                        "word": "무한등비수열"
                    },
                    {
                        "word": "무한수열"
                    }
                ]
            },
            {
                "context_id": "55e-0c9-merge_96aba9d6-11099fec-42cf-40d4-9c34-aaefa0aa7dd9_11",
                "context_K-NSCC": {
                    "field": "자연",
                    "large_category": "NA",
                    "medium_category": "01"
                },
                "context": "<h1>2.3 수열의 극한</h1> <p>수열 \\( \\left \\langle a_ { n } \\right \\rangle \\) 에서 \\( n \\) 이 한없이 커질 때 일반항 \\( a_ { n } \\) 이 어떻게 변하는지 알아보자. 예를 들어 수열 \\( 1, \\frac { 1 } { 2 } , \\frac { 1 } { 3 } , \\frac { 1 } { 4 } , \\cdots, \\frac { 1 } { n } , \\cdots \\)에서 \\( n \\) 이 한없이 커지면 \\( a_ { n } = \\frac { 1 } { n } \\) 은 0 에 한없이 가까워질 것이라고 쉽게 예측할 수 있다. 또 수열 \\( \\frac { 1 } { 2 } , \\frac { 2 } { 3 } , \\frac { 3 } { 4 } , \\frac { 4 } { 5 } , \\cdots, \\frac { n } { n + 1 } , \\cdots \\)에서 \\( n \\) 이 한없이 커지면 \\( a_ { n } = \\frac { n } { n + 1 } \\) 은 1 에 한없이 가까워진다. 일반적으로 수열 \\( \\left \\langle a_ { n } \\right \\rangle \\) 에서 \\( n \\) 이 한없이 커질 때 \\( a_ { n } \\) 이 어떤 일정한 값 \\( l \\) 에 한없이 가까워지면 수열 \\( \\left \\langle a_ { n } \\right \\rangle \\) 은 \\( l \\) 로 수렴한다(converge)고 하고 \\( l \\) 을 \\( \\left \\langle a_ { n } \\right \\rangle \\) 의 극한값(limit)이라 하며 \\( \\lim _ { n \\rightarrow \\infty } a_ { n } =l \\) 이라 나타낸다.</p> <p>다음 세 수열을 생각해 보자.</p> <p>\\[ 1 ^ { 2 } , 2 ^ { 2 } , 3 ^ { 2 } , 4 ^ { 2 } , \\cdots, n ^ { 2 } , \\cdots \\]</p>",
                "context_length": 980,
                "clue": [
                    {
                        "clue_text": "수열 \\( \\left \\langle a_ { n } \\right \\rangle \\) 에서 \\( n \\) 이 한없이 커질 때 일반항 \\( a_ { n } \\) 이 어떻게 변하는지 알아보자.",
                        "clue_start": "23",
                        "clue_end": "127"
                    },
                    {
                        "clue_text": "예를 들어 수열 \\( 1, \\frac { 1 } { 2 } , \\frac { 1 } { 3 } , \\frac { 1 } { 4 } , \\cdots, \\frac { 1 } { n } , \\cdots \\)에서 \\( n \\) 이 한없이 커지면 \\( a_ { n } = \\frac { 1 } { n } \\) 은 0 에 한없이 가까워질 것이라고 쉽게 예측할 수 있다.",
                        "clue_start": "128",
                        "clue_end": "328"
                    },
                    {
                        "clue_text": "일반적으로 수열 \\( \\left \\langle a_ { n } \\right \\rangle \\) 에서 \\( n \\) 이 한없이 커질 때 \\( a_ { n } \\) 이 어떤 일정한 값 \\( l \\) 에 한없이 가까워지면 수열 \\( \\left \\langle a_ { n } \\right \\rangle \\) 은 \\( l \\) 로 수렴한다(converge)고 하고 \\( l \\) 을 \\( \\left \\langle a_ { n } \\right \\rangle \\) 의 극한값(limit)이라 하며 \\( \\lim _ { n \\rightarrow \\infty } a_ { n } =l \\) 이라 나타낸다.",
                        "clue_start": "535",
                        "clue_end": "864"
                    }
                ],
                "terminology": [
                    {
                        "word": "converge"
                    },
                    {
                        "word": "limit"
                    },
                    {
                        "word": "극한값"
                    },
                    {
                        "word": "수렴"
                    },
                    {
                        "word": "수열"
                    },
                    {
                        "word": "수열의 극한"
                    },
                    {
                        "word": "일반항"
                    }
                ]
            },
            {
                "context_id": "55e-0c9-merge_96aba9d6-11099fec-42cf-40d4-9c34-aaefa0aa7dd9_08",
                "context_K-NSCC": {
                    "field": "자연",
                    "large_category": "NA",
                    "medium_category": "01"
                },
                "context": "<p>\\( \\sum_ { k=1 } ^ { 10 } a_ { k } =22, \\sum_ { k=1 } ^ { 10 } b_ { k } =8 \\) 일 때 다음 값을 구하여라.</p> <ol type= start=1><li>\\( \\sum_ { k=1 } ^ { 10 } \\left (2 a_ { k } + b_ { k } \\right ) \\)</li> <li>\\( \\sum_ { k=1 } ^ { 10 } \\left (5 b_ { k } -2 \\right ) \\)</li></ol> <p>풀이</p> <ol type= start=1><li>\\( \\sum_ { k=1 } ^ { 10 } \\left (2 a_ { k } + b_ { k } \\right )=2 \\sum_ { k=1 } ^ { 10 } a_ { k } + \\sum_ { k=1 } ^ { 10 } b_ { k } =2 \\cdot 22 + 8=52 \\)</li> <li>\\( \\sum_ { k=1 } ^ { 10 } \\left (5 b_ { k } -2 \\right )=5 \\sum_ { k=1 } ^ { 10 } b_ { k } - \\sum_ { k=1 } ^ { 10 } 2=5 \\cdot 8-2 \\cdot 10=20 \\)</li></ol> <p>\\( \\\\ \\\\)</p> <p>자연수의 거듭제곱의 합을 구해보자. 먼저 \\( \\sum_ { k=1 } ^ { n } k=1 + 2 + 3 + \\cdots + n \\) 은 첫째항이 1이고 공차가 1인 등차수열의 합이므로 \\( \\sum_ { k=1 } ^ { n } k= \\frac { n(n + 1) } { 2 } \\) 이다. 다음에는 \\( \\sum_ { k=1 } ^ { n } k ^ { 2 } =1 ^ { 2 } + 2 ^ { 2 } + 3 ^ { 2 } + \\cdots + n ^ { 2 } \\) 을 구하는 방법을 생각해보자. 항등식 \\( (x + 1) ^ { 3 } -x ^ { 3 } =3 x ^ { 2 } + 3 x + 1 \\) 의 \\( x \\) 에 \\( 1,2, \\cdots \\), 을 각각 대입하면</p>",
                "context_length": 1022,
                "clue": [
                    {
                        "clue_text": "\\( \\sum_ { k=1 } ^ { 10 } a_ { k } =22, \\sum_ { k=1 } ^ { 10 } b_ { k } =8 \\) 일 때 다음 값을 구하여라.",
                        "clue_start": "3",
                        "clue_end": "96"
                    },
                    {
                        "clue_text": "<li>\\( \\sum_ { k=1 } ^ { 10 } \\left (2 a_ { k } + b_ { k } \\right ) \\)</li> <li>\\( \\sum_ { k=1 } ^ { 10 } \\left (5 b_ { k } -2 \\right ) \\)</li>",
                        "clue_start": "119",
                        "clue_end": "262"
                    }
                ],
                "terminology": [
                    {
                        "word": "거듭제곱"
                    },
                    {
                        "word": "공차"
                    },
                    {
                        "word": "등차수열"
                    },
                    {
                        "word": "자연수"
                    },
                    {
                        "word": "항등식"
                    }
                ]
            },
            {
                "context_id": "55e-0c9-merge_96aba9d6-11099fec-42cf-40d4-9c34-aaefa0aa7dd9_04",
                "context_K-NSCC": {
                    "field": "자연",
                    "large_category": "NA",
                    "medium_category": "01"
                },
                "context": "<p>첫째항을 구하면 \\( a_ { 4 } =a \\left ( \\frac { 1 } { 2 } \\right ) ^ { 3 } =125 \\) 이므로 \\( \\\\frac { a } { 8 } =125, \\quad a=8 \\cdot 125=1000 \\)</p> <p>따라서 일반항은 \\( a_ { n } =1000 \\left ( \\frac { 1 } { 2 } \\right ) ^ { n-1 } = \\frac { 1000 } { 2 ^ { n-1 } } = \\frac { 2 ^ { 3 } \\cdot 125 } { 2 ^ { n-1 } } = \\frac { 125 } { 2 ^ { n-4 } } \\)</p> <p>\\( \\\\ \\\\)</p> <p>첫째항이 \\( a \\) 이고 공비가 \\( r \\) 인 등비수열에서 첫째항부터 제 \\( n \\) 항까지의 합을 구하는 공식을 알아보자. 첫째항부터 제 \\( n \\) 항까지의 합을 \\( S_ { n } \\) 이라 하면 \\( S_ { n } =a + a r + a r ^ { 2 } + \\cdots + a r ^ { n-2 } + a r ^ { n-1 } \\) 이고 양변에 \\( r \\) 을 곱하면 \\( r S_ { n } =a r + a r ^ { 2 } + a r ^ { 3 } + \\cdots + a r ^ { n-1 } + a r ^ { n } \\)</p> <p>두 식을 빼면 \\( (1-r) S_ { n } =a-a r ^ { n } \\) 이므로 \\( r \\neq 1 \\) 일 때는 \\( S_ { n } = \\frac { a \\left (1-r ^ { n } \\right ) } { 1-r } \\) 이고 \\( r=1 \\) 일 때는 \\( S_ { n } =a + a + \\cdots + a=n a \\)</p> <p>이상을 정리하면 다음과 같다.</p> <p>정리 2.2</p> <p>첫째항이 \\( a \\) 이고 공비가 \\( r \\) 인 등비수열에서 첫째항부터 제 \\( n \\) 항까지의 합 \\( S_ { n } \\) 은</p>",
                "context_length": 988,
                "clue": [
                    {
                        "clue_text": "첫째항이 \\( a \\) 이고 공비가 \\( r \\) 인 등비수열에서 첫째항부터 제 \\( n \\) 항까지의 합을 구하는 공식을 알아보자. 첫째항부터 제 \\( n \\) 항까지의 합을 \\( S_ { n } \\) 이라 하면 \\( S_ { n } =a + a r + a r ^ { 2 } + \\cdots + a r ^ { n-2 } + a r ^ { n-1 } \\) 이고 양변에 \\( r \\) 을 곱하면 \\( r S_ { n } =a r + a r ^ { 2 } + a r ^ { 3 } + \\cdots + a r ^ { n-1 } + a r ^ { n } \\)",
                        "clue_start": "357",
                        "clue_end": "665"
                    },
                    {
                        "clue_text": "첫째항이 \\( a \\) 이고 공비가 \\( r \\) 인 등비수열에서 첫째항부터 제 \\( n \\) 항까지의 합 \\( S_ { n } \\) 은",
                        "clue_start": "908",
                        "clue_end": "984"
                    }
                ],
                "terminology": [
                    {
                        "word": "공비"
                    },
                    {
                        "word": "등비수열"
                    },
                    {
                        "word": "일반항"
                    }
                ]
            },
            {
                "context_id": "55e-0c9-merge_96aba9d6-11099fec-42cf-40d4-9c34-aaefa0aa7dd9_21",
                "context_K-NSCC": {
                    "field": "자연",
                    "large_category": "NA",
                    "medium_category": "01"
                },
                "context": "<p>무한급수 \\( \\sum_ { n=1 } ^ {\\infty } \\frac { 1 + 2 ^ { n } } { 4 ^ { n } } \\) 의 합을 구하여라.</p> <p>풀이</p> <p>\\( \\frac { 1 + 2 ^ { n } } { 4 ^ { n } } = \\left ( \\frac { 1 } { 4 } \\right ) ^ { n } + \\left ( \\frac { 1 } { 2 } \\right ) ^ { n } \\) 이고 \\( \\sum_ { n=1 } ^ {\\infty } \\left ( \\frac { 1 } { 4 } \\right ) ^ { n } \\) 과 \\( \\sum_ { n=1 } ^ {\\infty } \\left ( \\frac { 1 } { 2 } \\right ) ^ { n } \\) 이 수렴하므로 \\( \\sum_ { n=1 } ^ {\\infty } \\frac { 1 + 2 ^ { n } } { 4 ^ { n } } = \\sum_ { n=1 } ^ {\\infty } \\left ( \\left ( \\frac { 1 } { 4 } \\right ) ^ { n } + \\left ( \\frac { 1 } { 2 } \\right ) ^ { n } \\right ) = \\sum_ { n=1 } ^ {\\infty } \\left ( \\frac { 1 } { 4 } \\right ) ^ { n } + \\sum_ { n=1 } ^ {\\infty } \\left ( \\frac { 1 } { 2 } \\right ) ^ { n } = \\frac {\\frac { 1 } { 4 } } { 1- \\frac { 1 } { 4 } } + \\frac {\\frac { 1 } { 2 } } { 1- \\frac { 1 } { 2 } } = \\frac { 4 } { 3 } \\)</p>",
                "context_length": 879,
                "clue": [
                    {
                        "clue_text": "무한급수 \\( \\sum_ { n=1 } ^ {\\infty } \\frac { 1 + 2 ^ { n } } { 4 ^ { n } } \\) 의 합을 구하여라.",
                        "clue_start": "3",
                        "clue_end": "88"
                    },
                    {
                        "clue_text": "\\( \\frac { 1 + 2 ^ { n } } { 4 ^ { n } } = \\left ( \\frac { 1 } { 4 } \\right ) ^ { n } + \\left ( \\frac { 1 } { 2 } \\right ) ^ { n } \\) 이고 \\( \\sum_ { n=1 } ^ {\\infty } \\left ( \\frac { 1 } { 4 } \\right ) ^ { n } \\) 과 \\( \\sum_ { n=1 } ^ {\\infty } \\left ( \\frac { 1 } { 2 } \\right ) ^ { n } \\) 이 수렴하므로 \\( \\sum_ { n=1 } ^ {\\infty } \\frac { 1 + 2 ^ { n } } { 4 ^ { n } } = \\sum_ { n=1 } ^ {\\infty } \\left ( \\left ( \\frac { 1 } { 4 } \\right ) ^ { n } + \\left ( \\frac { 1 } { 2 } \\right ) ^ { n } \\right ) = \\sum_ { n=1 } ^ {\\infty } \\left ( \\frac { 1 } { 4 } \\right ) ^ { n } + \\sum_ { n=1 } ^ {\\infty } \\left ( \\frac { 1 } { 2 } \\right ) ^ { n } = \\frac {\\frac { 1 } { 4 } } { 1- \\frac { 1 } { 4 } } + \\frac {\\frac { 1 } { 2 } } { 1- \\frac { 1 } { 2 } } = \\frac { 4 } { 3 } \\)",
                        "clue_start": "106",
                        "clue_end": "875"
                    }
                ],
                "terminology": [
                    {
                        "word": "무한급수"
                    },
                    {
                        "word": "수렴"
                    }
                ]
            },
            {
                "context_id": "55e-0c9-merge_96aba9d6-11099fec-42cf-40d4-9c34-aaefa0aa7dd9_06",
                "context_K-NSCC": {
                    "field": "자연",
                    "large_category": "NA",
                    "medium_category": "01"
                },
                "context": "<p>이것은 첫째항이 \\( a(1 + r) \\) 이고 공비가 \\( 1 + r \\) 인 등비수열의 첫째항부터 제 \\( n \\) 항까지의 합이므로 \\( S_ { n } = \\frac { a(1 + r) \\left [(1 + r) ^ { n } -1 \\right ] } { (1 + r)-1 } = \\frac { a(1 + r) \\left [(1 + r) ^ { n } -1 \\right ] } { r } \\)이다.</p> <h1>2.2 합의 기호 \\( \\sum \\)</h1> <p>일정한 규칙을 가진 수를 여러 개 더할 때에는 기호 \\( \\sum \\) 를 이용하여 다음과 같이 나타내면 편리하다.</p> <p>\\[ a_ { 1 } + a_ { 2 } + \\cdots + a_ { n } = \\sum_ { k=1 } ^ { n } a_ { k } \\]</p> <p>즉, \\( \\sum_ { k=1 } ^ { n } a_ { k } \\) 는 \\( a_ { k } \\) 의 \\( k \\) 에 \\( 1,2, \\cdots, n \\) 을 대입하여 얻은 항 \\( a_ { 1 } , a_ { 2 } , \\cdots, a_ { n } \\) 의 합을 의미한다. 따라서 \\( k \\) 대신 다른 문자를 써도 된다. 예를 들면 \\( \\sum_ { k=1 } ^ { n } a_ { k } = \\sum_ { i=1 } ^ { n } a_ { i } = \\sum_ { j=1 } ^ { n } a_ { j } \\) 이다.</p> <p>\\( \\sum \\) 는 '합'을 뜻하는 영어 'Summation'의 S에 해당하는 그리스 문자의 대문자로 시그마(Sigma)라고 읽는다. 합을 나타내는 기호로는 \\( \\sum \\) 외에 적분을 나타내는 \\( \\int \\) 도 있다. \\( \\int \\) 은 영어 \\( \\mathrm { S } \\) 를 아래위로 길게 늘인 것이다. 두 기호의 차이는 \\( \\sum \\) 는 이산적인 양을 더할 때 이용되고 \\( \\int \\) 는 주로 연속적인 양을 더할 때 이용된다는 것이다.</p>",
                "context_length": 1000,
                "clue": [
                    {
                        "clue_text": "이것은 첫째항이 \\( a(1 + r) \\) 이고 공비가 \\( 1 + r \\) 인 등비수열의 첫째항부터 제 \\( n \\) 항까지의 합이므로 \\( S_ { n } = \\frac { a(1 + r) \\left [(1 + r) ^ { n } -1 \\right ] } { (1 + r)-1 } = \\frac { a(1 + r) \\left [(1 + r) ^ { n } -1 \\right ] } { r } \\)이다.",
                        "clue_start": "3",
                        "clue_end": "229"
                    },
                    {
                        "clue_text": "합을 나타내는 기호로는 \\( \\sum \\) 외에 적분을 나타내는 \\( \\int \\) 도 있다.",
                        "clue_start": "809",
                        "clue_end": "861"
                    },
                    {
                        "clue_text": "\\( \\sum \\) 는 '합'을 뜻하는 영어 'Summation'의 S에 해당하는 그리스 문자의 대문자로 시그마(Sigma)라고 읽는다.",
                        "clue_start": "732",
                        "clue_end": "808"
                    },
                    {
                        "clue_text": "두 기호의 차이는 \\( \\sum \\) 는 이산적인 양을 더할 때 이용되고 \\( \\int \\) 는 주로 연속적인 양을 더할 때 이용된다는 것이다.",
                        "clue_start": "916",
                        "clue_end": "996"
                    }
                ],
                "terminology": [
                    {
                        "word": "공비"
                    },
                    {
                        "word": "등비수열"
                    },
                    {
                        "word": "시그마(Sigma)"
                    },
                    {
                        "word": "적분"
                    },
                    {
                        "word": "합"
                    }
                ]
            },
            {
                "context_id": "55e-0c9-merge_96aba9d6-11099fec-42cf-40d4-9c34-aaefa0aa7dd9_14",
                "context_K-NSCC": {
                    "field": "자연",
                    "large_category": "NA",
                    "medium_category": "01"
                },
                "context": "<p>예제 2.13</p> <p>다음 극한값을 구하여라.</p> <ol type= start=1><li>\\( \\lim _ { n \\rightarrow \\infty } \\frac { n-10 } { 3 n + 2 } \\)</li> <li>\\( \\lim _ { n \\rightarrow \\infty } \\frac { 2 n ^ { 2 } -n + 2 } { n ^ { 2 } + 1 } \\)</li> <li>\\( \\lim _ { n \\rightarrow \\infty } \\frac { n ^ { 3 } + n ^ { 2 } -1 } { n ^ { 2 } + 1 } \\)</li> <li>\\( \\lim _ { n \\rightarrow \\infty } \\left ( \\sqrt { n ^ { 2 } + n } -n \\right ) \\)</li></ol> <p>풀이</p> <p>1. 분모, 분자를 \\( n \\) 으로 나누면 \\( \\lim _ { n \\rightarrow \\infty } \\frac { n-10 } { 3 n + 2 } = \\lim _ { n \\rightarrow \\infty } \\frac { 1- \\frac { 10 } { n } } { 3 + \\frac { 2 } { n } } = \\frac {\\lim _ { n \\rightarrow \\infty } 1-10 \\lim _ { n \\rightarrow \\infty } \\frac { 1 } { n } } {\\lim _ { n \\rightarrow \\infty } 3 + 2 \\lim _ { n \\rightarrow \\infty } \\frac { 1 } { n } } = \\frac { 1-10 \\cdot 0 } { 3 + 2 \\cdot 0 } = \\frac { 1 } { 3 } \\)</p> <p>2. 분모, 분자를 \\( n ^ { 2 } \\) 으로 나누면 \\( \\lim _ { n \\rightarrow \\infty } \\frac { 2 n ^ { 2 } -n + 2 } { n ^ { 2 } + 1 } = \\lim _ { n \\rightarrow \\infty } \\frac { 2- \\frac { 1 } { n } + \\frac { 2 } { n ^ { 2 } } } { 1 + \\frac { 1 } { n ^ { 2 } } } = \\frac {\\lim _ { n \\rightarrow \\infty } 2- \\lim _ { n \\rightarrow \\infty } \\frac { 1 } { n } + 2 \\lim _ { n \\rightarrow \\infty } \\frac { 1 } { n ^ { 2 } } } {\\lim _ { n \\rightarrow \\infty } 1 + \\lim _ { n \\rightarrow \\infty } \\frac { 1 } { n ^ { 2 } } } = \\frac { 2-0 + 2 \\cdot 0 } { 1 + 0 } =2 \\)</p>",
                "context_length": 1418,
                "clue": [
                    {
                        "clue_text": "다음 극한값을 구하여라.",
                        "clue_start": "18",
                        "clue_end": "31"
                    },
                    {
                        "clue_text": "1. 분모, 분자를 \\( n \\) 으로 나누면 \\( \\lim _ { n \\rightarrow \\infty } \\frac { n-10 } { 3 n + 2 } = \\lim _ { n \\rightarrow \\infty } \\frac { 1- \\frac { 10 } { n } } { 3 + \\frac { 2 } { n } } = \\frac {\\lim _ { n \\rightarrow \\infty } 1-10 \\lim _ { n \\rightarrow \\infty } \\frac { 1 } { n } } {\\lim _ { n \\rightarrow \\infty } 3 + 2 \\lim _ { n \\rightarrow \\infty } \\frac { 1 } { n } } = \\frac { 1-10 \\cdot 0 } { 3 + 2 \\cdot 0 } = \\frac { 1 } { 3 } \\)",
                        "clue_start": "431",
                        "clue_end": "865"
                    },
                    {
                        "clue_text": "2. 분모, 분자를 \\( n ^ { 2 } \\) 으로 나누면 \\( \\lim _ { n \\rightarrow \\infty } \\frac { 2 n ^ { 2 } -n + 2 } { n ^ { 2 } + 1 } = \\lim _ { n \\rightarrow \\infty } \\frac { 2- \\frac { 1 } { n } + \\frac { 2 } { n ^ { 2 } } } { 1 + \\frac { 1 } { n ^ { 2 } } } = \\frac {\\lim _ { n \\rightarrow \\infty } 2- \\lim _ { n \\rightarrow \\infty } \\frac { 1 } { n } + 2 \\lim _ { n \\rightarrow \\infty } \\frac { 1 } { n ^ { 2 } } } {\\lim _ { n \\rightarrow \\infty } 1 + \\lim _ { n \\rightarrow \\infty } \\frac { 1 } { n ^ { 2 } } } = \\frac { 2-0 + 2 \\cdot 0 } { 1 + 0 } =2 \\)",
                        "clue_start": "873",
                        "clue_end": "1414"
                    }
                ],
                "terminology": [
                    {
                        "word": "극한값"
                    },
                    {
                        "word": "분모"
                    },
                    {
                        "word": "분자"
                    }
                ]
            },
            {
                "context_id": "55e-0c9-merge_96aba9d6-11099fec-42cf-40d4-9c34-aaefa0aa7dd9_19",
                "context_K-NSCC": {
                    "field": "자연",
                    "large_category": "NA",
                    "medium_category": "01"
                },
                "context": "<p>따라서 \\( \\sum_ { n=1 } ^ {\\infty } \\frac { 1 } { (n + 1)(n + 2) } = \\frac { 1 } { 2 } \\)</p> <p>2. 부분합을 구하면 \\( S_ { n } = \\sum_ { k=1 } ^ { n } ( \\sqrt { k + 1 } - \\sqrt { k } )= \\sqrt { n + 1 } -1 \\) 이므로 \\( \\lim _ { n \\rightarrow \\infty } S_ { n } = \\lim _ { n \\rightarrow \\infty } ( \\sqrt { n + 1 } -1)= \\infty \\)</p> <p>따라서 \\( \\sum_ { n=1 } ^ {\\infty } ( \\sqrt { n + 1 } - \\sqrt { n } )= \\infty \\)</p> <p>\\( \\\\ \\\\)</p> <p>첫째항이 \\( a \\) 이고 공비가 \\( r \\) 인 무한등비급수 \\( \\left \\langle a r ^ { n-1 } \\right \\rangle \\) 에서 얻은 무한 급수 \\( \\sum_ { n=1 } ^ {\\infty } a r ^ { n-1 } =a + a r + a r ^ { 2 } + \\cdots \\) 를 무한등비급수라 한다. 무한등비급수의 부분합은 \\( S_ { n } =a + a r + a r ^ { 2 } + \\cdots + a r ^ { n-1 } \\) \\( = \\left \\{\\begin {array} { ll } \\frac { a \\left (1-r ^ { n } \\right ) } { 1-r } , & r \\neq 1 \\\\ n a, & r=1 \\end {array} \\right . \\) 이다. \\( \\lim _ { n \\rightarrow \\infty } r ^ { n } = \\left \\{\\begin {array} { ll } 0, & |r|<1 \\\\ \\text { 발산, } , & r>1 \\text { 또는 } r \\leq-1 \\end {array} \\right . \\) 이므로 \\( \\lim _ { n \\rightarrow \\infty } S_ { n } = \\left \\{\\begin {array} { ll } \\frac { a } { 1-r } , & |r|<1 \\\\ \\text { 발산, } & r=1 \\\\ \\text { 발산, } & r>1 \\text { 또는 } r \\leq-1 \\end {array} \\right . \\) 이다. 이상을 정리하면 다음과 같다.</p>",
                "context_length": 1218,
                "clue": [
                    {
                        "clue_text": "첫째항이 \\( a \\) 이고 공비가 \\( r \\) 인 무한등비급수 \\( \\left \\langle a r ^ { n-1 } \\right \\rangle \\) 에서 얻은 무한 급수 \\( \\sum_ { n=1 } ^ {\\infty } a r ^ { n-1 } =a + a r + a r ^ { 2 } + \\cdots \\) 를 무한등비급수라 한다.",
                        "clue_start": "426",
                        "clue_end": "615"
                    },
                    {
                        "clue_text": "이므로 \\( \\lim _ { n \\rightarrow \\infty } S_ { n } = \\left \\{\\begin {array} { ll } \\frac { a } { 1-r } , & |r|<1 \\\\ \\text { 발산, } & r=1 \\\\ \\text { 발산, } & r>1 \\text { 또는 } r \\leq-1 \\end {array} \\right . \\) 이다.",
                        "clue_start": "991",
                        "clue_end": "1197"
                    }
                ],
                "terminology": [
                    {
                        "word": "공비"
                    },
                    {
                        "word": "등비급수"
                    },
                    {
                        "word": "무한 급수"
                    },
                    {
                        "word": "무한등비급수"
                    },
                    {
                        "word": "발산"
                    },
                    {
                        "word": "부분합"
                    }
                ]
            },
            {
                "context_id": "55e-0c9-merge_96aba9d6-11099fec-42cf-40d4-9c34-aaefa0aa7dd9_05",
                "context_K-NSCC": {
                    "field": "자연",
                    "large_category": "NA",
                    "medium_category": "01"
                },
                "context": "<p>\\( r \\neq 1 \\) 일 때 \\( S_ { n } = \\frac { a \\left (1-r ^ { n } \\right ) } { 1-r } = \\frac { a \\left (r ^ { n } -1 \\right ) } { r-1 } \\)</p> <p>\\( r=1 \\) 일 때 \\( S_ { n } =n a \\)</p> <p>예제 2.7</p> <p>첫째항이 9 이고 공비가 \\( - \\frac { 2 } { 3 } \\) 인 등비수열의 처음 4 개항의 합을 구하여라.</p> <p>풀이</p> <p>\\( S_ { 4 } = \\frac { a \\left (1-r ^ { n } \\right ) } { 1-r } = \\frac { 9 \\left [1- \\left (- \\frac { 2 } { 3 } \\right ) ^ { 4 } \\right ] } { 1- \\left (- \\frac { 2 } { 3 } \\right ) } = \\frac { 9 \\left (1- \\frac { 16 } { 81 } \\right ) } {\\frac { 5 } { 3 } } = \\frac { 13 } { 3 } \\)</p> <p>예제 2.8</p> <p>연이율이 \\( r \\) 이고 1 년마다 복리로 매년 초에 \\( a \\) 원을 적립할 때 \\( n \\) 년째 연말의 원리합계를 구하여라.</p> <p>풀이</p> <p>\\( a \\) 원을 저금하여 1년 후에는 \\( \\text { 원금 } + 1 \\text { 년간의 이자 } =a + a r=a(1 + r) \\) 이고 2 년 후에는 \\( \\text { 1년 후의 원리합계 } + \\text { 1년간의 이자 } =a(1 + r) + a(1 + r) r=a(1 + r) ^ { 2 } \\) 이며 3년 후에는 \\( \\text { 2년 후의 원리합계 } + \\text { 1년간의 이자 } =a(1 + r) ^ { 2 } + a(1 + r) ^ { 2 } r=a(1 + r) ^ { 3 } \\) 이다. 따라서 첫해에 저금한 \\( a \\) 원은 \\( n \\) 년째 연말에는 \\( a(1 + r) ^ { n } \\)이 된다. 마찬가지 방법으로 두 번째 해에 저금한 \\( a \\) 원은 \\( n-1 \\) 년 동안 저금한 것이므로 \\( a(1 + r) ^ { n-1 } \\)이 되며 마지막 해 초에 저금한 \\( a \\) 원은 1 년 동안 저금한 것이므로 \\( a(1 + r) \\)이 된다. 따라서 원리합계는 \\( S_ { n } =a(1 + r) + a(1 + r) ^ { 2 } + \\cdots + a(1 + r) ^ { n-1 } + a(1 + r) ^ { n } \\)</p>",
                "context_length": 1292,
                "clue": [
                    {
                        "clue_text": "\\( r \\neq 1 \\) 일 때 \\( S_ { n } = \\frac { a \\left (1-r ^ { n } \\right ) } { 1-r } = \\frac { a \\left (r ^ { n } -1 \\right ) } { r-1 } \\)",
                        "clue_start": "3",
                        "clue_end": "137"
                    },
                    {
                        "clue_text": "\\( r=1 \\) 일 때 \\( S_ { n } =n a \\)",
                        "clue_start": "145",
                        "clue_end": "178"
                    },
                    {
                        "clue_text": "연이율이 \\( r \\) 이고 1 년마다 복리로 매년 초에 \\( a \\) 원을 적립할 때 \\( n \\) 년째 연말의 원리합계를 구하여라.",
                        "clue_start": "584",
                        "clue_end": "659"
                    },
                    {
                        "clue_text": "따라서 원리합계는 \\( S_ { n } =a(1 + r) + a(1 + r) ^ { 2 } + \\cdots + a(1 + r) ^ { n-1 } + a(1 + r) ^ { n } \\)",
                        "clue_start": "1186",
                        "clue_end": "1288"
                    }
                ],
                "terminology": [
                    {
                        "word": "공비"
                    },
                    {
                        "word": "등비수열"
                    },
                    {
                        "word": "복리"
                    },
                    {
                        "word": "연이율"
                    },
                    {
                        "word": "원리합계"
                    }
                ]
            },
            {
                "context_id": "55e-0c9-merge_96aba9d6-11099fec-42cf-40d4-9c34-aaefa0aa7dd9_17",
                "context_K-NSCC": {
                    "field": "자연",
                    "large_category": "NA",
                    "medium_category": "01"
                },
                "context": "<h1>2.4 무한급수</h1> <p>수열 \\( \\left \\langle a_ { n } \\right \\rangle \\) 의 각 항을 더한 \\( a_ { 1 } + a_ { 2 } + a_ { 3 } + \\cdots + a_ { n } + \\cdots \\) 을 급수(series) 또는 무한급수(infinite series)라 한다. 위의 급수를 \\( \\sum \\) 을 이용하여 \\( \\sum_ { n=1 } ^ {\\infty } a_ { n } \\) 이라 나타낸다. 무한급수 \\( \\sum_ { n=1 } ^ {\\infty } a_ { n } \\) 에서 처음 \\( n \\) 개 항의 합 \\( S_ { n } =a_ { 1 } + a_ { 2 } + a_ { 3 } + \\cdots + a_ { n } \\) 을 이 급수의 부분합(partial sum)이라 한다.</p> <p>예제 2.15</p> <p>다음 무한급수의 부분합을 구하여라.</p> <ol type= start=1><li>\\( \\sum_ { n=1 } ^ {\\infty } \\frac { 1 } { n(n + 1) } \\)</li> <li>\\( \\sum_ { n=1 } ^ {\\infty } 3 \\left ( \\frac { 1 } { 2 } \\right ) ^ { n } \\)</li></ol> <p>풀이</p> <p>1. 부분분수로 변형하여 계산하면 \\( S_ { n } = \\sum_ { k=1 } ^ { n } \\frac { 1 } { k(k + 1) } = \\sum_ { k=1 } ^ { n } \\left ( \\frac { 1 } { k } - \\frac { 1 } { k + 1 } \\right ) =1- \\frac { 1 } { n + 1 } = \\frac { n } { n + 1 } \\)</p> <p>2. 첫째항이 \\( \\frac { 3 } { 2 } \\) 이고 공비가 \\( \\frac { 1 } { 2 } \\) 인 등비수열의 제 \\( n \\) 항까지의 합이므로 \\( S_ { n } = \\sum_ { k=1 } ^ { n } 3 \\left ( \\frac { 1 } { 2 } \\right ) ^ { k } = \\frac {\\frac { 3 } { 2 } \\left (1- \\left ( \\frac { 1 } { 2 } \\right ) ^ { n } \\right ) } { 1- \\frac { 1 } { 2 } } =3-3 \\left ( \\frac { 1 } { 2 } \\right ) ^ { n } \\)</p>",
                "context_length": 1226,
                "clue": [
                    {
                        "clue_text": "수열 \\( \\left \\langle a_ { n } \\right \\rangle \\) 의 각 항을 더한 \\( a_ { 1 } + a_ { 2 } + a_ { 3 } + \\cdots + a_ { n } + \\cdots \\) 을 급수(series) 또는 무한급수(infinite series)라 한다.",
                        "clue_start": "21",
                        "clue_end": "186"
                    },
                    {
                        "clue_text": "무한급수 \\( \\sum_ { n=1 } ^ {\\infty } a_ { n } \\) 에서 처음 \\( n \\) 개 항의 합 \\( S_ { n } =a_ { 1 } + a_ { 2 } + a_ { 3 } + \\cdots + a_ { n } \\) 을 이 급수의 부분합(partial sum)이라 한다.",
                        "clue_start": "262",
                        "clue_end": "426"
                    }
                ],
                "terminology": [
                    {
                        "word": "공비"
                    },
                    {
                        "word": "급수"
                    },
                    {
                        "word": "등비수열"
                    },
                    {
                        "word": "무한급수"
                    },
                    {
                        "word": "부분분수"
                    },
                    {
                        "word": "부분합"
                    },
                    {
                        "word": "항"
                    }
                ]
            },
            {
                "context_id": "55e-0c9-merge_96aba9d6-11099fec-42cf-40d4-9c34-aaefa0aa7dd9_09",
                "context_K-NSCC": {
                    "field": "자연",
                    "large_category": "NA",
                    "medium_category": "01"
                },
                "context": "<p>\\( 2 ^ { 3 } -1 ^ { 3 } =3 \\cdot 1 ^ { 2 } + 3 \\cdot 1 + 1 \\)</p> <p>\\( 3 ^ { 3 } -2 ^ { 3 } =3 \\cdot 2 ^ { 2 } + 3 \\cdot 2 + 1 \\)</p> <p>\\( \\quad \\vdots \\)</p> <p>\\( (n + 1) ^ { 3 } -n ^ { 3 } =3 \\cdot n ^ { 2 } + 3 \\cdot n + 1 \\)</p> <p>이다. 이 \\( n \\) 개의 식을 더하면 \\( (n + 1) ^ { 3 } -1 ^ { 3 } =3 \\sum_ { k=1 } ^ { n } k ^ { 2 } + 3 \\sum_ { k=1 } ^ { n } k + \\sum_ { k=1 } ^ { n } 1 \\)</p> <p>그런데 \\( \\sum_ { k=1 } ^ { n } k= \\frac { n(n + 1) } { 2 } \\) 이고 \\( \\sum_ { k=1 } ^ { n } 1=n \\) 이므로 \\( 3 \\sum_ { k=1 } ^ { n } k ^ { 2 } =(n + 1) ^ { 3 } -1- \\frac { 3 n(n + 1) } { 2 } -n= \\frac { n(n + 1)(2 n + 1) } { 2 } \\)</p> <p>따라서 \\( \\sum_ { k=1 } ^ { n } k ^ { 2 } = \\frac { n(n + 1)(2 n + 1) } { 6 } \\)</p> <p>같은 방법으로 항등식 \\( (x + 1) ^ { 4 } -x ^ { 4 } =4 x ^ { 3 } + 6 x ^ { 2 } + 4 x + 1 \\) 의 \\( x \\) 에 \\( 1,2, \\cdots, n \\) 을 각각 대입하여 얻은 \\( n \\) 개의 식을 더하고 정리하면 \\( \\sum_ { k=1 } ^ { n } k ^ { 3 } = \\left ( \\frac { n(n + 1) } { 2 } \\right ) ^ { 2 } \\) 을 얻는다. 이상을 정리하면 다음과 같다.</p>",
                "context_length": 980,
                "clue": [
                    {
                        "clue_text": "이 \\( n \\) 개의 식을 더하면 \\( (n + 1) ^ { 3 } -1 ^ { 3 } =3 \\sum_ { k=1 } ^ { n } k ^ { 2 } + 3 \\sum_ { k=1 } ^ { n } k + \\sum_ { k=1 } ^ { n } 1 \\)",
                        "clue_start": "246",
                        "clue_end": "387"
                    },
                    {
                        "clue_text": "따라서 \\( \\sum_ { k=1 } ^ { n } k ^ { 2 } = \\frac { n(n + 1)(2 n + 1) } { 6 } \\)",
                        "clue_start": "627",
                        "clue_end": "704"
                    },
                    {
                        "clue_text": "같은 방법으로 항등식 \\( (x + 1) ^ { 4 } -x ^ { 4 } =4 x ^ { 3 } + 6 x ^ { 2 } + 4 x + 1 \\) 의 \\( x \\) 에 \\( 1,2, \\cdots, n \\) 을 각각 대입하여 얻은 \\( n \\) 개의 식을 더하고 정리하면 \\( \\sum_ { k=1 } ^ { n } k ^ { 3 } = \\left ( \\frac { n(n + 1) } { 2 } \\right ) ^ { 2 } \\) 을 얻는다.",
                        "clue_start": "712",
                        "clue_end": "959"
                    }
                ],
                "terminology": [
                    {
                        "word": "항등식"
                    }
                ]
            },
            {
                "context_id": "55e-0c9-merge_96aba9d6-11099fec-42cf-40d4-9c34-aaefa0aa7dd9_20",
                "context_K-NSCC": {
                    "field": "자연",
                    "large_category": "NA",
                    "medium_category": "01"
                },
                "context": "<p>정리 2.7</p> <p>무한등비급수의 합은</p> <p>\\( \\sum_ { n=1 } ^ {\\infty } a r ^ { n-1 } = \\left \\{\\begin {array} { ll } \\frac { a } { 1-r } , & |r|<1 \\\\ \\text { 발산, } , & |r| \\geq 1 \\end {array} \\right . \\)</p> <p>예제 2.17</p> <p>다음 무한등비급수의 수렴, 발산을 조사하여라.</p> <ol type= start=1><li>\\( \\sum_ { n=1 } ^ {\\infty } \\frac { 2 } { 3 ^ { n } } \\)</li> <li>\\( 1- \\sqrt { 2 } + 2-2 \\sqrt { 2 } + - \\cdots \\)</li></ol> <p>풀이</p> <ol type= start=1><li>첫째항이 \\( \\frac { 2 } { 3 } \\) 이고 공비가 \\( \\frac { 1 } { 3 } \\) 인 무한등비급수이므로 \\( S= \\frac {\\frac { 2 } { 3 } } { 1- \\frac { 1 } { 3 } } =1 \\)</li> <li>공비가 \\( - \\sqrt { 2 } \\) 이고 \\( |- \\sqrt { 2 } | \\geq 1 \\) 이므로 발산한다.</li></ol> <p>\\( \\\\ \\\\)</p> <p>앞 절에서 \\( \\sum \\) 기호는 \\( \\sum_ { k=1 } ^ { n } \\left (a_ { k } + b_ { k } \\right )= \\sum_ { k=1 } ^ { n } a_ { k } + \\sum_ { k=1 } ^ { n } b_ { k } \\) 를 만족함을 알았다. 또, 두 수열의 합의 극한은 각 극한의 합과 같음을 알고 있다. 따 라서 수렴하는 무한급수에 대해서는 다음이 성립함을 알 수 있다.</p> <p>정리 2.8</p> <p>두 무한급수 \\( \\sum_ { n=1 } ^ {\\infty } a_ { n } \\) 과 \\( \\sum_ { n=1 } ^ {\\infty } b_ { n } \\) 이 수렴하면</p> <ol type= start=1><li>\\( \\sum_ { n=1 } ^ {\\infty } \\left (a_ { n } + b_ { n } \\right )= \\sum_ { n=1 } ^ {\\infty } a_ { n } + \\sum_ { n=1 } ^ {\\infty } b_ { n } \\)</li> <li>\\( \\sum_ { n=1 } ^ {\\infty } \\left (a_ { n } -b_ { n } \\right )= \\sum_ { n=1 } ^ {\\infty } a_ { n } - \\sum_ { n=1 } ^ {\\infty } b_ { n } \\)</li> <li>\\( \\sum_ { n=1 } ^ {\\infty } c a_ { n } =c \\sum_ { n=1 } ^ {\\infty } a_ { n } , c \\) 는 상수</li></ol> <p>예제 2.18</p>",
                "context_length": 1466,
                "clue": [
                    {
                        "clue_text": "무한등비급수의 합은",
                        "clue_start": "17",
                        "clue_end": "27"
                    },
                    {
                        "clue_text": "\\( \\sum_ { n=1 } ^ {\\infty } a r ^ { n-1 } = \\left \\{\\begin {array} { ll } \\frac { a } { 1-r } , & |r|<1 \\\\ \\text { 발산, } , & |r| \\geq 1 \\end {array} \\right .",
                        "clue_start": "35",
                        "clue_end": "193"
                    },
                    {
                        "clue_text": "또, 두 수열의 합의 극한은 각 극한의 합과 같음을 알고 있다.",
                        "clue_start": "834",
                        "clue_end": "869"
                    },
                    {
                        "clue_text": "두 무한급수 \\( \\sum_ { n=1 } ^ {\\infty } a_ { n } \\) 과 \\( \\sum_ { n=1 } ^ {\\infty } b_ { n } \\) 이 수렴하면",
                        "clue_start": "929",
                        "clue_end": "1026"
                    }
                ],
                "terminology": [
                    {
                        "word": "공비"
                    },
                    {
                        "word": "극한"
                    },
                    {
                        "word": "급수"
                    },
                    {
                        "word": "등비급수"
                    },
                    {
                        "word": "무한급수"
                    },
                    {
                        "word": "무한등비급수"
                    },
                    {
                        "word": "발산"
                    },
                    {
                        "word": "상수"
                    },
                    {
                        "word": "수렴"
                    },
                    {
                        "word": "수열"
                    }
                ]
            }
        ]
    }
}