{
    "dataset_info": {
        "identifier": "02-031-002-NL",
        "name": "기술과학 문서 요약 데이터",
        "category": "자연어",
        "last_updated": "2023-08-30"
    },
    "dataset": {
        "doc_id": "55e4099e-644d-41bc-bb30-8cc86214710a",
        "doc_type": "도서",
        "doc_title": {
            "kor": "기초미적분학_여러 가지 함수의 적분",
            "eng": ""
        },
        "doc_category": {
            "KDC": "411",
            "DDC": ""
        },
        "doc_number": {
            "ISSN": "",
            "ISBN": "9791160730579",
            "DOI": "",
            "UCI": ""
        },
        "doc_year": "2017",
        "doc_author": [
            "전춘배"
        ],
        "doc_publisher": "경문사",
        "doc_license": "저작권 협의됨",
        "context_info": [
            {
                "context_id": "55e-0c9-merge_55e4099e-644d-41bc-bb30-8cc86214710a_02",
                "context_K-NSCC": {
                    "field": "자연",
                    "large_category": "NA",
                    "medium_category": "03"
                },
                "context": "<h1>11-6 부분적분법</h1> <ul> <li>\\( \\int f ^ {\\prime } (x) g(x) d x=f(x) g(x)- \\int f(x) g ^ {\\prime } (x) d x \\)</li> <li>\\( \\int_ { a } ^ { b } f ^ {\\prime } (x) g(x) d x=[f(x) g(x)]_ { a } ^ { b } - \\int_ { a } ^ { b } f(x) g ^ {\\prime } (x) d x \\)</li></ul> <p>연습 \\(11-6 \\) 다음을 부분적분법으로 계산하여라.<ol type=1 start=1><li>\\( \\int x \\cos x d x \\)</li> <li>\\( \\int x \\sin x d x \\)</li></ol></p> <h1>11-7 로그함수의 적분</h1> <ul> <li>\\( \\int \\ln x d x=x \\ln x-x + C \\)</li></ul> <p>연습 \\(11-7 \\) \\( \\int \\ln x d x=x \\ln x-x + C \\)를 증명하여라.</p> <h1>11-8 함수의 평균</h1> <ul> <li>구간 \\( [a, b] \\)에서 함수 \\( f(x) \\)의 평균은 \\( \\frac { 1 } { b-a } \\int_ { a } ^ { b } f(x) d x \\)이다.</li></ul> <p>연습 \\(11-8 \\) 구간 \\( [0,2] \\)에서 다음 함수의 평균을 구하여라.<ol type=1 start=1><li>\\( f(x)=3 x ^ { 2 } \\)</li> <li>\\( f(x)=(2 x-3) ^ { 2 } \\)</li></ol></p> <p>확인 \\(11-1 \\) 다음 부정적분을 구하여라.<ol type=1 start=1><li>\\( \\int \\left (x ^ { 2 } -2 x + 4 \\right ) d x \\)</li> <li>\\( \\int \\left (-x ^ { 3 } -5 x ^ { 2 } + 2 \\right ) d x \\)</li> <li>\\( \\int(3 x + 2) ^ { 4 } d x \\)</li> <li>\\( \\int_ { 0 } ^ { 1 } (-2 x + 5) ^ { 3 } d x \\)</li> <li>\\( \\int \\left (x ^ { 2 } + x + \\frac { 1 } { x } \\right ) d x \\)</li> <li>\\( \\int \\left (x- \\frac { 1 } { x } + \\frac { 1 } { x ^ { 2 } } \\right ) d x \\)</li> <li>\\( \\int \\sqrt { x } + \\sqrt { x ^ { 3 } } d x \\)</li> <li>\\( \\int_ { 0 } ^ { 1 } \\sqrt[4] { x ^ { 3 } } d x \\)</li></ol></p>",
                "context_length": 1372,
                "clue": [
                    {
                        "clue_text": "연습 \\(11-6 \\) 다음을 부분적분법으로 계산하여라.",
                        "clue_start": "261",
                        "clue_end": "292"
                    },
                    {
                        "clue_text": "연습 \\(11-7 \\) \\( \\int \\ln x d x=x \\ln x-x + C \\)를 증명하여라.",
                        "clue_start": "466",
                        "clue_end": "521"
                    },
                    {
                        "clue_text": " <li>구간 \\( [a, b] \\)에서 함수 \\( f(x) \\)의 평균은 \\( \\frac { 1 } { b-a } \\int_ { a } ^ { b } f(x) d x \\)이다.</li>",
                        "clue_start": "551",
                        "clue_end": "655"
                    },
                    {
                        "clue_text": "연습 \\(11-8 \\) 구간 \\( [0,2] \\)에서 다음 함수의 평균을 구하여라.",
                        "clue_start": "664",
                        "clue_end": "710"
                    },
                    {
                        "clue_text": "확인 \\(11-1 \\) 다음 부정적분을 구하여라.",
                        "clue_start": "809",
                        "clue_end": "836"
                    }
                ],
                "terminology": [
                    {
                        "word": "로그함수"
                    },
                    {
                        "word": "부분적분법"
                    },
                    {
                        "word": "부정적분"
                    },
                    {
                        "word": "적분"
                    },
                    {
                        "word": "함수"
                    }
                ]
            },
            {
                "context_id": "55e-0c9-merge_55e4099e-644d-41bc-bb30-8cc86214710a_03",
                "context_K-NSCC": {
                    "field": "자연",
                    "large_category": "NA",
                    "medium_category": "03"
                },
                "context": "<p>확인 \\(11-2 \\) 다음 부정적분을 구하여라.<ol type=1 start=1><li>\\( \\int( \\sin x + \\cos x) d x \\)</li> <li>\\( \\int( \\cos x- \\sin x) d x \\)</li> <li>\\( \\int(3 \\sin x + 4 \\cos x) d x \\)</li> <li>\\( \\int(7 \\sin x-4 \\cos x) d x \\)</li> <li>\\( \\int \\left (5 \\sec ^ { 2 } x-2 \\sec x \\tan x \\right ) d x \\)</li> <li>\\( \\int( \\sec x)( \\sec x + \\tan x) d x \\)</li></ol></p> <p>확인 \\(11-3 \\) 다음을 계산하여라.<ol type=1 start=1><li>\\( \\int_ { 1 } ^ { 2 } e ^ { x } d x \\)</li> <li>\\( \\int 4 e ^ { x } d x \\)</li> <li>\\( \\int 3 ^ { x } d x \\)</li> <li>\\( \\int 10 ^ { x } d x \\)</li> <li>\\( \\int \\left (2 ^ { x } + x ^ { 2 } \\right ) d x \\)</li> <li>\\( \\int \\left (2 ^ { x } + 3 ^ { x } \\right ) d x \\)</li></ol></p> <p>확인 \\(11-4 \\) 다음을 계산하여라.<ol type=1 start=1><li>\\( \\int \\left ( \\left (x ^ { 2 } + x \\right ) ^ { 5 } \\cdot(2 x + 1) \\right ) d x \\)</li> <li>\\( \\int \\cos ^ { 3 } x(- \\sin x) d x \\)</li> <li>\\( \\int_ { 1 } ^ { 2 } 2 x \\left (x ^ { 2 } -1 \\right ) ^ { 5 } d x \\)</li></ol></p> <p>확인 \\(11-5 \\) 다음을 구하여라.<ol type=1 start=1><li>\\( \\int(2 x + 1) ^ { 3 } \\cdot 2 d x \\)</li> <li>\\( \\int(2 x + 1) ^ { 3 } d x \\)</li> <li>\\( \\int \\sin (3 x + 1) d x \\)</li> <li>\\( \\int \\cos (3 x + 1) d x \\)</li> <li>\\( \\int \\frac {\\sec ^ { 2 } x } {\\tan x } d x \\)</li> <li>\\( \\int \\frac { 2 x } { 1 + x ^ { 2 } } d x \\)</li></ol></p>",
                "context_length": 1296,
                "clue": [
                    {
                        "clue_text": "확인 \\(11-2 \\) 다음 부정적분을 구하여라.",
                        "clue_start": "3",
                        "clue_end": "30"
                    },
                    {
                        "clue_text": "<ol type=1 start=1><li>\\( \\int( \\sin x + \\cos x) d x \\)</li> <li>\\( \\int( \\cos x- \\sin x) d x \\)</li> <li>\\( \\int(3 \\sin x + 4 \\cos x) d x \\)</li> <li>\\( \\int(7 \\sin x-4 \\cos x) d x \\)</li> <li>\\( \\int \\left (5 \\sec ^ { 2 } x-2 \\sec x \\tan x \\right ) d x \\)</li> <li>\\( \\int( \\sec x)( \\sec x + \\tan x) d x \\)</li></ol>",
                        "clue_start": "30",
                        "clue_end": "348"
                    },
                    {
                        "clue_text": "확인 \\(11-3 \\) 다음을 계산하여라.",
                        "clue_start": "356",
                        "clue_end": "379"
                    },
                    {
                        "clue_text": "<ol type=1 start=1><li>\\( \\int_ { 1 } ^ { 2 } e ^ { x } d x \\)</li> <li>\\( \\int 4 e ^ { x } d x \\)</li> <li>\\( \\int 3 ^ { x } d x \\)</li> <li>\\( \\int 10 ^ { x } d x \\)</li> <li>\\( \\int \\left (2 ^ { x } + x ^ { 2 } \\right ) d x \\)</li> <li>\\( \\int \\left (2 ^ { x } + 3 ^ { x } \\right ) d x \\)</li></ol>",
                        "clue_start": "379",
                        "clue_end": "680"
                    },
                    {
                        "clue_text": "확인 \\(11-4 \\) 다음을 계산하여라.",
                        "clue_start": "688",
                        "clue_end": "711"
                    },
                    {
                        "clue_text": "확인 \\(11-5 \\) 다음을 구하여라.",
                        "clue_start": "965",
                        "clue_end": "987"
                    }
                ],
                "terminology": [
                    {
                        "word": "부정적분"
                    }
                ]
            },
            {
                "context_id": "55e-0c9-merge_55e4099e-644d-41bc-bb30-8cc86214710a_01",
                "context_K-NSCC": {
                    "field": "자연",
                    "large_category": "NA",
                    "medium_category": "03"
                },
                "context": "<h1>11-3 지수함수의 적분</h1> <ul> <li>\\( \\int e ^ { x } d x=e ^ { x } + C \\)</li> <li>\\( \\int a ^ { x } d x= \\frac { a ^ { x } } {\\ln a } + C \\)</li></ul> <p>연습 \\(11-3 \\) 다음을 계산하여라.<ol type=1 start=1><li>\\( \\int_ { 0 } ^ { 1 } e ^ { x } d x \\)</li> <li>\\( \\int \\left (5 e ^ { x } -x \\right ) d x \\)</li> <li>\\( \\int \\left (3 ^ { x } -x ^ { 3 } \\right ) d x \\)</li> <li></li></ol></p> <h1>11-4) 치환적분법</h1> <ul> <li>\\( \\int f(g(x)) g ^ {\\prime } (x) d x= \\int f(t) d t \\quad( \\)단, \\( g(x)=t) \\)</li> <li>\\( \\int \\{ f(x) \\} ^ { n } f ^ {\\prime } (x) d x= \\frac { 1 } { n + 1 } \\{ f(x) \\} ^ { n + 1 } + C \\)</li> <li>\\( \\int_ { g(a) } ^ { g(b) } f(g(x)) g ^ {\\prime } (x) d x= \\int_ { a } ^ { b } f(t) d t \\quad( \\)단, \\( g(x)=t) \\)</li></ul> <p>(연습 11-4) 다음을 구하여라.<ol type=1 start=1><li>\\( \\int \\left ( \\left (x ^ { 2 } + 1 \\right ) ^ { 5 } \\cdot 2 x \\right ) d x \\)</li> <li>\\( \\int \\sin ^ { 3 } x \\cos x d x \\)</li> <li>\\( \\int_ { 0 } ^ { 1 } 2 x \\left (x ^ { 2 } + 1 \\right ) ^ { 5 } d x \\)</li></ol></p> <h1>11-5 치환적분법에 의한 적분공식</h1> <ul> <li>\\( \\int(a x + b) ^ { n } d x= \\frac { 1 } { a(n + 1) } (a x + b) ^ { n + 1 } + C \\)</li> <li>\\( \\int \\sin (a x + b) d x=- \\frac { 1 } { a } \\cos (a x + b) + C \\)</li> <li>\\( \\int \\cos (a x + b) d x= \\frac { 1 } { a } \\sin (a x + b) + C \\)</li> <li>\\( \\int \\frac { f ^ {\\prime } (x) } { f(x) } d x= \\ln (f(x)) + C \\)</li> <li>\\( \\int \\tan x d x= \\int \\frac {\\sin x } {\\cos x } d x=- \\ln ( \\cos x) + C \\)</li> <li>\\( \\int \\cot x d x= \\int \\frac {\\cos x } {\\sin x } d x= \\ln ( \\sin x) + C \\)</li></ul> <p>연습 \\(11-5 \\) 다음을 구하여라.<ol type=1 start=1><li>\\( \\int \\left (3 x ^ { 2 } -2 x \\right ) ^ { 5 } (6 x-2) d x \\)</li> <li>\\( \\int(2 x-3) ^ { 5 } d x \\)</li> <li>\\( \\int \\sin (2 x-3) d x \\)</li> <li>\\( \\int \\cos (2 x-3) d x \\)</li> <li>\\( \\int \\frac {\\cos x } {\\sin x } d x \\)</li> <li>\\( \\int \\frac {\\sin x } {\\cos x } d x \\)</li></ol></p>",
                "context_length": 1873,
                "clue": [
                    {
                        "clue_text": "연습 \\(11-3 \\) 다음을 계산하여라.",
                        "clue_start": "152",
                        "clue_end": "175"
                    },
                    {
                        "clue_text": "(연습 11-4) 다음을 구하여라.",
                        "clue_start": "735",
                        "clue_end": "754"
                    },
                    {
                        "clue_text": "연습 \\(11-5 \\) 다음을 구하여라.",
                        "clue_start": "1538",
                        "clue_end": "1560"
                    }
                ],
                "terminology": [
                    {
                        "word": "적분"
                    },
                    {
                        "word": "지수함수"
                    },
                    {
                        "word": "치환적분법"
                    }
                ]
            }
        ]
    }
}