{
    "dataset_info": {
        "identifier": "02-031-002-NL",
        "name": "기술과학 문서 요약 데이터",
        "category": "자연어",
        "last_updated": "2023-08-30"
    },
    "dataset": {
        "doc_id": "62374a30-96d20d24-a876-4080-8c37-3babea0ad34b",
        "doc_type": "논문",
        "doc_title": {
            "kor": "조선시대 역사지진자료를 이용한 경주와 포항의 최근 지진규모 예측",
            "eng": ""
        },
        "doc_category": {
            "KDC": "413.05",
            "DDC": ""
        },
        "doc_number": {
            "ISSN": "1225-066X",
            "ISBN": "",
            "DOI": "",
            "UCI": ""
        },
        "doc_year": "2022",
        "doc_author": [
            "김준철",
            "권숙희",
            "장대흥",
            "이근우",
            "김영석",
            "하일도"
        ],
        "doc_publisher": "한국통계학회",
        "doc_license": "CC BY-NC",
        "context_info": [
            {
                "context_id": "55e-0c9-99d72dcc-ac12-4ed6-9c50-eb803ab3871b",
                "context_K-NSCC": {
                    "field": "자연",
                    "large_category": "NA",
                    "medium_category": "99"
                },
                "context": "<h1>1. 서론</h1> <p>지진(earthquake)은 단층 면에서 순간적으로 변위가 발생하여 지각 내 저장되어 있던 응력이 탄성 진동 에너지로 바뀌어 에너지가 갑자기 방출되어 지진파로 인해 지진 등이 발생하는 현상을 말한다. 이러한 현상으로 인해 규모가 큰 지진이 발생하면 사회, 경제 전반에 장기적으로 부정적 영향을 미칠 수 있다. 최근 국내에서 2016년 경주에서 5.8 규모의 지진과 2017년 포항에서 5.4 규모의 지진이 발생하여 지역 사회의 경제에 직·간접적으로 큰 피해를 입혔다. 이와 같은 규모가 큰 두 지진은 조선시대(\\(1392 \\sim 1896\\)년)에서 자료의 밀집도가 상대적으로 높은 \\(1392 \\sim 1771\\)년을 고려한 경우 1771년(조선시대)으로 부터 약 245년 후 발생하였고, 이러한 사실에 입각하여 역사 지진 자료를 토대로 지진규모를 예측하는 것은 통계적 분석 및 예측문제에서 매우 중요할 것이다.</p> <p>지진은 관측된 상황에 따라 역사지진과 계기지진으로 구분되며, 그 중 역사지진은 경험 또는 전문을 통해서 기록되어왔다. 한국은 1978년 이후로 계기지진 정보가 축적되기 시작해왔지만, 큰 규모의 지진은 재발주기가 상대적으로 길기 때문에 계기지진만으로는 지진의 발생빈도나 규모를 예측하기 어려우므로 역사지진에 대한 연구가 진행 중이며 그 결과로 인하여 역사지진 자료의 정리, 진앙의 추정, 발생빈도의 확인 등 다양한 성과를 거두었다 (KMA, 2012). 삼국사기, 고려사, 조선왕조실록 등의 전문(傳聞)을 통해 역사지진은 시점, 위치(위도/경도 추후 환산), 피해 등을 서술한 내용을 통하여 진도/규모로 환산한다. 지진을 포함한 자연현상의 위험성(홍수, 최대풍속, 최대기온 등)을 평가하는데 일반화 극단값(generalized extreme value, GEV) 분포가 유용하게 사용되어 왔다 (Nadarajah와 Choi, 2007; Ryu 등, 2016; Heo, 2016; Ha 등, 2020). 이러한 극단 값 이론에 근거한 지진의 위험성에 대한 선행연구가 또한 진행되어 왔다 (Pisarenko 등, 2010; Bae 등, 2018). 특히 최근에 Ha 등 (2020)은 한국을 비롯한 주변국 (일본, 중국, 대만)에서 계측된 지진규모 자료를 이용하여 각 국가별로 앞으로 100년 이내 재현기간별 지진규모를 예측하기 위해 GEV 분포의 적절성을 제시하였다.</p> <p>본 논문에서는 GEV 분포를 사용하여 한국의 조선 시대(\\(1392 \\sim 1896\\)년)에 대한 재현기간별 지진규모 예측 및 분석을 제시하고자 한다. 이를 위해 기상청 (KMA, 2012)에서 구축한 한국의 1392년부터 1771년까지의 역사지진 자료를 사용한다. 특히 본 논문에서는 GEV 분포를 사용하기 위하여 블록 최댓값(block maxima) 즉 5년별 최댓값 자료를 사용한다. GEV 분포의 모수 추정을 위해 최대 가능도(maximum likelihood, ML) 추정 법과 순서통계량들의 선형결합으로 이루어진 하나의 확률가중적률법인 L-적률(L-moments; Hosking, 1990) 추정법을 사용한다. 이러한 두 가지 추정법의 결과를 비교하고, 이를 바탕으로 적합도 검정(goodness-of-fit test)을 통해 GEV 분포 사용의 타당성을 보인다. 최종 분석결과, 조선시대의 재현기간에 따른 재현 수준에 근거하여 최근의 규모가 큰 경주와 포항지역의 두 지진규모를 예측하였으며, 이는 다소 과대추정되었지만 역사지진자료를 토대로 두 지진을 예측한 것은 매우 새로운 발견으로 사료된다.</p> <p>본 논문의 구성은 다음과 같다. 제 2절에서는 본 연구방법을 위한 배경지식인 GEV 분포 및 적합도 검정법을 간략히 설명하고, 제 3절에서는 역사지진 자료소개 및 기초분석을 제시한다. 제 4절에서는 최종 분석 결과를 제시하고, 마지막으로 제 5절에서는 결론 및 향후 연구과제를 제시한다.</p>",
                "context_length": 1932,
                "clue": [
                    {
                        "clue_text": "이와 같은 규모가 큰 두 지진은 조선시대(\\(1392 \\sim 1896\\)년)에서 자료의 밀집도가 상대적으로 높은 \\(1392 \\sim 1771\\)년을 고려한 경우 1771년(조선시대)으로 부터 약 245년 후 발생하였고, 이러한 사실에 입각하여 역사 지진 자료를 토대로 지진규모를 예측하는 것은 통계적 분석 및 예측문제에서 매우 중요할 것이다.",
                        "clue_start": "280",
                        "clue_end": "473"
                    },
                    {
                        "clue_text": "지진을 포함한 자연현상의 위험성(홍수, 최대풍속, 최대기온 등)을 평가하는데 일반화 극단값(generalized extreme value, GEV) 분포가 유용하게 사용되어 왔다 (Nadarajah와 Choi, 2007; Ryu 등, 2016; Heo, 2016; Ha 등, 2020).",
                        "clue_start": "824",
                        "clue_end": "984"
                    },
                    {
                        "clue_text": "본 논문에서는 GEV 분포를 사용하여 한국의 조선 시대(\\(1392 \\sim 1896\\)년)에 대한 재현기간별 지진규모 예측 및 분석을 제시하고자 한다.",
                        "clue_start": "1196",
                        "clue_end": "1281"
                    },
                    {
                        "clue_text": "GEV 분포의 모수 추정을 위해 최대 가능도(maximum likelihood, ML) 추정 법과 순서통계량들의 선형결합으로 이루어진 하나의 확률가중적률법인 L-적률(L-moments; Hosking, 1990) 추정법을 사용한다.",
                        "clue_start": "1415",
                        "clue_end": "1544"
                    },
                    {
                        "clue_text": "최종 분석결과, 조선시대의 재현기간에 따른 재현 수준에 근거하여 최근의 규모가 큰 경주와 포항지역의 두 지진규모를 예측하였으며, 이는 다소 과대추정되었지만 역사지진자료를 토대로 두 지진을 예측한 것은 매우 새로운 발견으로 사료된다.",
                        "clue_start": "1631",
                        "clue_end": "1760"
                    }
                ],
                "terminology": [
                    {
                        "word": "GEV 분포"
                    },
                    {
                        "word": "L-적률"
                    },
                    {
                        "word": "extreme"
                    },
                    {
                        "word": "extreme value"
                    },
                    {
                        "word": "검정"
                    },
                    {
                        "word": "검정법"
                    },
                    {
                        "word": "경도"
                    },
                    {
                        "word": "계기지진"
                    },
                    {
                        "word": "규모"
                    },
                    {
                        "word": "극단값"
                    },
                    {
                        "word": "단층 면"
                    },
                    {
                        "word": "모수"
                    },
                    {
                        "word": "모수 추정"
                    },
                    {
                        "word": "밀집도"
                    },
                    {
                        "word": "발생빈도"
                    },
                    {
                        "word": "변위"
                    },
                    {
                        "word": "블록 최댓값"
                    },
                    {
                        "word": "블록 최댓값(block maxima)"
                    },
                    {
                        "word": "선형결합"
                    },
                    {
                        "word": "순서통계량"
                    },
                    {
                        "word": "에너지"
                    },
                    {
                        "word": "역사지진"
                    },
                    {
                        "word": "위도"
                    },
                    {
                        "word": "응력"
                    },
                    {
                        "word": "일반화 극단값"
                    },
                    {
                        "word": "재발주기"
                    },
                    {
                        "word": "지각"
                    },
                    {
                        "word": "지진"
                    },
                    {
                        "word": "지진(earthquake)"
                    },
                    {
                        "word": "지진규모"
                    },
                    {
                        "word": "지진파"
                    },
                    {
                        "word": "진도"
                    },
                    {
                        "word": "진앙"
                    },
                    {
                        "word": "최대 가능도(maximum likelihood, ML)"
                    },
                    {
                        "word": "최댓값"
                    },
                    {
                        "word": "추정"
                    },
                    {
                        "word": "탄성 진동 에너지"
                    },
                    {
                        "word": "확률가중적률법"
                    }
                ]
            },
            {
                "context_id": "55e-0c9-79280180-d4f3-40e9-8c9b-ff86ee7d2969",
                "context_K-NSCC": {
                    "field": "자연",
                    "large_category": "NA",
                    "medium_category": "99"
                },
                "context": "<h1>4. 분석 결과</h1> <h2>4.1. 정상성 경향 검토</h2> <p>본 논문에서는 분석 자료로 조선시대의 \\(1392 \\sim 1771\\)년 동안의 5년 최대 규모 자료를 사용하였고, 총 빈도수는 76개이다. 먼저, 최대 규모 자료는 시계열 자료이므로 시간에 따른 경향성 분석을 위해 Kendall의 tau 통계량을 이용한 만-켄달 검정법(Mann-Kendall test)을 실시하였다. 일반적으로 사용되는 유의수준 0.05를 기준으로 검정(\\( H_{0} \\) : 단조 추세가 존재하지 않는다)한 결과, 만-켄달의 검정통계량 값은 \\(0.038(p-value=0.631)\\)로 단조 추세가 존재하지 않았다. 더욱이 자기상관함수(autocorrelation function, ACF)를 분석한 결과(not shown), 자료의 각 시차간 유의한 차이가 없어서 시계열적인 자기상관(autocorrelation)이 존재하지 않는 것으로 나타났다. 따라서 본 논문에서는 시간(time)과 같은 특별한 공변량(covariate)을 확률분포에 반영하지 않고 정상성에 기초한 자료 분석을 실시하고자 한다(Heo, 2016 ; Ha 등, 2020).</p> <h2>4.2. 모수 추정 및 적합도 검정</h2> <p>조선시대의 5 년 최대 규모 자료가 GEV 분포를 만족하는지 검정하기 위하여 2.3절에서 언급한 KS test, AD test, CVM test를 통하여 유의수준 0.05를 기준으로 모형 적합도 검정을 실시한 결과는 Table 1과 같다. 즉, 연구 대상이 되는 지진 규모 자료는 모두 GEV 분포를 따른다고 할 수 있다. Figure 5와 Figure 6의 분위수 그래프(quantile plot)를 통해서도 그 적합성을 확인할 수 있다. Table 2는 GEV 분포에 대한 ML-추정법과 L-적률 추정법을 이용한 5년간 블록의 모수 추정값과 신뢰구간을 나타낸 것이다. 전반적으로 두 추정 결과는 유사하게 나타났다. 여기서 위치모수 \\( \\mu \\), 척도모수 \\( \\sigma \\) 그리고 형상모수 \\( \\xi \\)에 대해 두 방법 모두 유의수준 \\(5\\%\\)에서 통계적으로 유의하게 나타나지만, 이러한 세 추정값들은 (2.1)식에 있는 재현수준의 추정에 중요한 영향을 줄 수 있다. 이를 부연 설명하면 다음과 같다.</p> <ol type=i start=1><li>위치모수 \\( \\mu \\)는 분포의 위치 변화를 나타내며, Table 2에서 \\( \\mu \\)의 추정값은 유의하게 양의 큰 값이므로 재현 수준의 증가에 크게 영향을 미침을 알 수 있다.</li> <li>척도모수 \\( \\sigma \\)와 형상모수 \\( \\xi \\)는 각각 분포의 퍼짐성과 형태 변화를 나타내며, 이러한 두 추정값은 재현수준 의 산포에 영향을 미칠 수 있다.</li> <li>특히 형상모수 \\( \\xi \\)의 추정값이 음수이므로, 본 연구자료에 대해 GEV 분포를 적합하는 경우 Weibull 분포 형태로 나타남을 알 수 있다.</li></ol> <p>Table 3은 조선시대의 재현기간에 따른 재현 수준을 (2.1)의 추정식을 이용하여 예측한 결과이다. 예측은 최소 10년(2블록)에서 최대 250년(50블록)까지 실시하였다. ML 추정법의 분석 결과에 따르면, 1771년으로 부터 10년 내에 적어도 한번은 규모 5.075 이상의 지진이 발생할 것으로 예측되며 대응하는 신뢰구간은(4.841, 5.309)이다. L-moments 추정법의 결과는 1771년으로 부터 10년 내에 적어도 한번은 규모 5.043 이상의 지진이 발생할 것으로 예측되며 대응하는 신뢰구간은(4.813, 5.278)이다. 따라서 Table 2와 같이 Table 3에서도 두 추정법의 예측 결과는 전반적으로 유사한 것으로 나타났다. 또한 Figure 7과 Figure 8은 Table 3의 ML 추정법과 L-moments 추정법의 결과를 각각 시각화한 것이다.</p> <p>2016년 경주에서 발생한 5.8 규모 지진과 2017년 포항에서 발생한 5.4 규모 지진은 1771년으로 부터 약 245년(49블록) 후 발생했다. Table 3의 두 방법의 결과에 따르면 다소 과대추정 되는 것으로 나타났지만 이러한 결과는 매우 새로운 발견으로 사료된다.</p>",
                "context_length": 2086,
                "clue": [
                    {
                        "clue_text": "본 논문에서는 분석 자료로 조선시대의 \\(1392 \\sim 1771\\)년 동안의 5년 최대 규모 자료를 사용하였고, 총 빈도수는 76개이다.",
                        "clue_start": "45",
                        "clue_end": "123"
                    },
                    {
                        "clue_text": "먼저, 최대 규모 자료는 시계열 자료이므로 시간에 따른 경향성 분석을 위해 Kendall의 tau 통계량을 이용한 만-켄달 검정법(Mann-Kendall test)을 실시하였다.",
                        "clue_start": "124",
                        "clue_end": "223"
                    },
                    {
                        "clue_text": "따라서 본 논문에서는 시간(time)과 같은 특별한 공변량(covariate)을 확률분포에 반영하지 않고 정상성에 기초한 자료 분석을 실시하고자 한다(Heo, 2016 ; Ha 등, 2020).",
                        "clue_start": "479",
                        "clue_end": "587"
                    },
                    {
                        "clue_text": "조선시대의 5 년 최대 규모 자료가 GEV 분포를 만족하는지 검정하기 위하여 2.3절에서 언급한 KS test, AD test, CVM test를 통하여 유의수준 0.05를 기준으로 모형 적합도 검정을 실시한 결과는 Table 1과 같다.",
                        "clue_start": "624",
                        "clue_end": "757"
                    },
                    {
                        "clue_text": "Table 3의 두 방법의 결과에 따르면 다소 과대추정 되는 것으로 나타났지만 이러한 결과는 매우 새로운 발견으로 사료된다.",
                        "clue_start": "2013",
                        "clue_end": "2082"
                    }
                ],
                "terminology": [
                    {
                        "word": "ACF"
                    },
                    {
                        "word": "GEV 분포"
                    },
                    {
                        "word": "L-moments 추정법"
                    },
                    {
                        "word": "L-적률"
                    },
                    {
                        "word": "L-적률 추정법"
                    },
                    {
                        "word": "ML 추정법"
                    },
                    {
                        "word": "ML-추정법"
                    },
                    {
                        "word": "Weibull"
                    },
                    {
                        "word": "tau 통계량"
                    },
                    {
                        "word": "검정"
                    },
                    {
                        "word": "검정법"
                    },
                    {
                        "word": "검정통계량"
                    },
                    {
                        "word": "공변량"
                    },
                    {
                        "word": "공변량(covariate)"
                    },
                    {
                        "word": "단조 추세"
                    },
                    {
                        "word": "만-켄달 검정법"
                    },
                    {
                        "word": "만-켄달 검정법(Mann-Kendall test)"
                    },
                    {
                        "word": "모수"
                    },
                    {
                        "word": "모수 추정"
                    },
                    {
                        "word": "모형 적합도 검정"
                    },
                    {
                        "word": "분위수"
                    },
                    {
                        "word": "분위수 그래프"
                    },
                    {
                        "word": "분위수 그래프(quantile plot)"
                    },
                    {
                        "word": "산포"
                    },
                    {
                        "word": "시계열적인 자기상관"
                    },
                    {
                        "word": "시계열적인 자기상관(autocorrelation)"
                    },
                    {
                        "word": "신뢰구간"
                    },
                    {
                        "word": "위치모수"
                    },
                    {
                        "word": "유의수준"
                    },
                    {
                        "word": "자기상관"
                    },
                    {
                        "word": "자기상관함수"
                    },
                    {
                        "word": "정상성"
                    },
                    {
                        "word": "정상성 경향"
                    },
                    {
                        "word": "척도모수"
                    },
                    {
                        "word": "추정 결과"
                    },
                    {
                        "word": "추정값"
                    },
                    {
                        "word": "추정식"
                    },
                    {
                        "word": "통계량"
                    },
                    {
                        "word": "형상모수"
                    },
                    {
                        "word": "확률분포"
                    }
                ]
            },
            {
                "context_id": "55e-0c9-ecf8ee27-e04a-46ad-bb23-9014af41c70a",
                "context_K-NSCC": {
                    "field": "자연",
                    "large_category": "NA",
                    "medium_category": "99"
                },
                "context": "<h1>2. Generalized extreme value 분포를 이용한 통계적 분석 방법</h1> <h2>2.1. Generalized extreme value 분포</h2> <p>극단치를 모형화하는 대표적인 방법은 블록 최댓값 모형이며, 블록 최댓값은 일정 단위 기간 동안의 최댓값, 즉 동일하게 독립적으로 분포하는 최댓값들이 나타내는 확률분포를 이용하는 방법이다. 극단치 이론에 따르면 표본이 증가할수록 최댓값의 분포는 점근적으로 GEV 분포로 수렴한다 (Fisher와 Tippet, 1928). 단위 기간 동안의 최댓값을 이용한 GEV 분포는 Jenkinson (1955)에 의해 제안되었다. GEV 분포의 누적분포함수 \\( G(z) \\)는 다음과 같이 정의된다.</p> <p>\\( G(z)=\\exp \\left[-\\left\\{1+\\xi\\left(\\frac{z-\\mu}{\\sigma}\\right)\\right\\}^{-\\frac{1}{\\xi}}\\right], \\quad Z=1+\\xi\\left(\\frac{z_{i}-\\mu}{\\sigma}\\right)>0 \\).</p> <p>여기서 \\( \\mu \\)는 위치모수(location parameter), \\( \\sigma \\)는 척도모수(scale parameter), \\( \\xi \\)는 형상모수(shape parameter)이다. Jenkinson (1955)에 의하면, GEV 분포는 형상모수의 크기에 따라 \\( \\xi>0 \\)일 때 Frechet 분포, \\( \\xi<0 \\)일 때 Weibull 분포 그리고 \\( \\xi=0 \\)일 때 Gumbel 분포가 된다. 본 논문에서 GEV 분포 모수 추정에 대해 먼저 ML 추정법을 사용하였고, 블록의 개수가 \\( m \\)일 때 \\( \\xi \\neq 0 \\)인 경우 GEV 분포의 로그가능도함수는 다음과 같다.</p> <p>\\( \\ell(\\mu, \\sigma, \\xi)=-m \\log \\sigma-\\left(1+\\frac{1}{\\xi}\\right) \\sum_{i=1}^{m} \\log \\left[1+\\xi\\left(\\frac{z_{i}-\\mu}{\\sigma}\\right)\\right]-\\sum_{i=1}^{m}\\left[1+\\xi\\left(\\frac{z_{i}-\\mu}{\\sigma}\\right)\\right]^{\\frac{-1}{\\xi}} \\).</p> <p>여기서 \\( i=1,2, \\ldots, m \\) 에 대해 \\( 1+\\xi\\left(z_{i}-\\mu\\right) / \\sigma>0 \\) 이다. 또한 \\( \\xi=0 \\) 인 경우 GEV 분포의 로그가능도함수는 다음과 같이 주어진다.</p> <p>\\( \\ell(\\mu, \\sigma)=-m \\log \\sigma-\\sum_{i=1}^{m} \\log \\left(\\frac{z_{i}-\\mu}{\\sigma}\\right)-\\sum_{i=1}^{m} \\exp \\left[-\\left(\\frac{z_{i}-\\mu}{\\sigma}\\right)\\right] \\).</p> <h2>2.2. 재현수준</h2> <p>극단 사건의 분석에 있어서, 언제 그 사건이 발생하는지(재현주기, return period)와 그 사건이 얼마나 크게 나타나는지(재현수준, return level)가 매우 중요하다. 특히 지진과 같이 극단적인 사건이 일어난다면 앞으로 얼마나 큰 사건이 일어날지에 대한 문제는 재현수준(return level)을 통해 평가할 수 있다 (Ryu 등, 2016). 일반적으로 어떤 지진 규모의 크기가 평균 \\( T \\)년 동안 한 번 이상 발생하면 재현기간(return period) \\( T \\)년을 가진다고 한다. 어떤 확률변수 \\( Z \\)에 대해 재현기간이 \\( T \\)년인 재현수준은 \\( P\\left(Z \\geq z_{T}\\right)=p=(1 / T) \\)를 만족하는 분위수 (quantile) \\( z_{T} \\)이다. 확률변수 \\( Z \\)가 \\( \\operatorname{GEV}(\\mu, \\sigma, \\xi) \\)분포를 따르는 경우, 재현수준 \\( z_{T} \\)는 다음과 같이 추정된다 (Coles 등, 2001).</p> <p>\\( \\hat{z}_{T}=\\left\\{\\begin{array}{ll}\\hat{\\mu}-\\frac{\\hat{\\sigma}}{\\hat{\\xi}}\\left[1-\\left\\{-\\log \\left(1-\\frac{1}{T}\\right)\\right\\}^{-\\hat{\\xi}}\\right], & \\text { if } \\xi \\neq 0 \\\\ \\hat{\\mu}-\\hat{\\sigma} \\log \\left\\{-\\log \\left(1-\\frac{1}{T}\\right)\\right\\}, & \\text { if } \\xi=0\\end{array}\\right. \\)<caption>(2.1)</caption></p> <p>재현수준에 대한 신뢰구간은 델타방법(delta method)으로 \\( \\hat{z}_{T} \\)의 근사적 분산을 계산하여 구할 수 있다 (Ha 등, 2020).</p> <h2>2.3. 모형의 적합도 검정</h2> <p>본 논문에서는 대상 지진자료로부터 얻어지는 경험적 분포(empirical distribution)와 우리가 가정한 GEV 확률분포가 얼마나 잘 일치하는가를 검정하기 위해 다음과 같은 세 가지 적합도 검정법들(goodness-of-fit tests)을 실시하였다.</p> <ol type=i start=1><li>Kolmogorov-Smirnov 검정(KS test; Smirnov, 1939)</li> <li>Anderson-Darling 검정(AD test; Anderson과 Darling, 1952)</li> <li>Cramer-Von Mises 검정(CVM test; Anderson, 1962)</li></ol>",
                "context_length": 2817,
                "clue": [
                    {
                        "clue_text": "극단치를 모형화하는 대표적인 방법은 블록 최댓값 모형이며, 블록 최댓값은 일정 단위 기간 동안의 최댓값, 즉 동일하게 독립적으로 분포하는 최댓값들이 나타내는 확률분포를 이용하는 방법이다.",
                        "clue_start": "102",
                        "clue_end": "206"
                    }
                ],
                "terminology": [
                    {
                        "word": "GEV 분포"
                    },
                    {
                        "word": "Generalized"
                    },
                    {
                        "word": "Kolmogorov-Smirnov 검정"
                    },
                    {
                        "word": "ML 추정법"
                    },
                    {
                        "word": "Weibull"
                    },
                    {
                        "word": "extreme"
                    },
                    {
                        "word": "extreme value"
                    },
                    {
                        "word": "검정"
                    },
                    {
                        "word": "극단치 이론"
                    },
                    {
                        "word": "근사적 분산"
                    },
                    {
                        "word": "누적분포함수"
                    },
                    {
                        "word": "독립적"
                    },
                    {
                        "word": "로그가능도함수"
                    },
                    {
                        "word": "모수"
                    },
                    {
                        "word": "모수 추정"
                    },
                    {
                        "word": "분위수"
                    },
                    {
                        "word": "블록 최댓값"
                    },
                    {
                        "word": "블록 최댓값 모형"
                    },
                    {
                        "word": "수렴"
                    },
                    {
                        "word": "신뢰구간"
                    },
                    {
                        "word": "위치모수"
                    },
                    {
                        "word": "점근적"
                    },
                    {
                        "word": "척도모수"
                    },
                    {
                        "word": "최댓값"
                    },
                    {
                        "word": "통계적 분석 방법"
                    },
                    {
                        "word": "표본"
                    },
                    {
                        "word": "형상모수"
                    },
                    {
                        "word": "확률변수"
                    },
                    {
                        "word": "확률분포"
                    }
                ]
            }
        ]
    }
}