{
    "dataset_info": {
        "identifier": "02-031-002-NL",
        "name": "기술과학 문서 요약 데이터",
        "category": "자연어",
        "last_updated": "2023-08-30"
    },
    "dataset": {
        "doc_id": "96aba9d6-40ef3e8b-b8d5-48f8-b6f4-5265014d6413",
        "doc_type": "도서",
        "doc_title": {
            "kor": "복소해석학 개론",
            "eng": ""
        },
        "doc_category": {
            "KDC": "",
            "DDC": ""
        },
        "doc_number": {
            "ISSN": "",
            "ISBN": "",
            "DOI": "",
            "UCI": ""
        },
        "doc_year": "2010",
        "doc_author": [
            ""
        ],
        "doc_publisher": "경문사",
        "doc_license": "저작권 협의됨",
        "context_info": [
            {
                "context_id": "55e-0c9-merge_96aba9d6-40ef3e8b-b8d5-48f8-b6f4-5265014d6413_02",
                "context_K-NSCC": {
                    "field": "자연",
                    "large_category": "NA",
                    "medium_category": "02"
                },
                "context": "<p>예 3. \\( f(z)=z ^ { 3 } -5 z-3 \\) 에 대하여, \\( z=r e ^ { i \\theta } \\) 와 De Moivre의 정리를 이용하면 \\[ \\begin {aligned} f(z)=f \\left (r e ^ { i \\theta } \\right ) &=r ^ { 3 } ( \\cos 3 \\theta + i \\sin 3 \\theta)-5 r( \\cos \\theta + i \\sin \\theta)-3 \\\\ &= \\left (r ^ { 3 } \\cos 3 \\theta-5 r \\cos \\theta-3 \\right ) + i \\left (r ^ { 3 } \\sin 3 \\theta-r \\sin \\theta \\right ) \\end {aligned} \\] 이고 \\[ u(r, \\theta)=r ^ { 3 } \\cos 3 \\theta-5 r \\cos \\theta-3, \\quad v(r, \\theta)=r ^ { 3 } \\sin 3 \\theta-r \\sin \\theta \\] 이다.</p> <p>\\( z=(x, y) \\) 와 \\( w=(u, v) \\) 는 평면의 점이므로, 평면에서 실함수를 표현한 것과 같이 복소함수 \\( w=f(z) \\) 를 3 차원 공간에서 기하학적으로 표현하기는 어려울 것이다. 따라서 \\( z \\) 평면에서 정의역을, \\( w \\) 평면에서 치역을 구분하여 그리는 것이 편리하다. 그러면 \\( w=f(z) \\) 를 \\( z \\) 평면의 정의역 \\( A \\) 로부터 \\( w \\) 평면으로의 사상(mapping) 또는 변환(transformation)으로 생각할 수 있다. 앞으로 복소함수 \\( f(z) \\) 에 의하여 집합 \\( A \\) 가 집합 \\( B \\) 로 사상되거나 변환된다는 의미를 나타내는 기호로 \\[ A \\stackrel { f(z) } {\\longrightarrow } B \\] 를 쓸 것이다. 그리고 톡별한 설명이 없는 기호는 수학에서 일반적으로 사용하는 의미로 쓸 것이다.</p> <p>예 4. \\( f(z)=z ^ { 2 } \\) 이면, \\( f(-1,0)=(1,0), \\quad f(1,0)=(1,0), \\quad f(1,1)=(2,0), \\quad f(1,2)=(-3,4) \\) 이고, 그림 \\( 2.2 \\) 와 같이 사상된다.</p> <p>\\( A \\) 에서 \\( B \\) 로의 함수 \\( f: A \\rightarrow B \\) 가 다음과 같이 특수한 형태를 취하는 경우가 있다. 모든 \\( z_ { 1 } , z_ { 2 } \\in A \\) 에 대하여 \\( z_ { 1 } \\neq z_ { 2 } \\) 이면 언제나 \\( f \\left (z_ { 1 } \\right ) \\neq f \\left (z_ { 2 } \\right ) \\) 일 때, 함수 \\( f \\) 는 단사이다(injective) 또는 1-1이다(one-one)라고 한다. 그리고, 이러한 \\( f \\) 를 단사함수(injection)라고 한다. 또 \\( f(A)=B \\) 이면 \\( f \\) 는 전사이다(surjective) 또는 \\( A \\) 를 \\( B \\) 위로(onto) 사상한다 라고 하고, 이러한 \\( f \\) 를 전사함수(surjection)라고 한다. 또한 \\( f \\) 가 단사인 동시에 전사이면 \\( f \\) 는 전단사이다(bijective)라고, 하고, 이 \\( f \\) 를 전단사함수(bijection)라고 한다.</p>",
                "context_length": 1666,
                "clue": [
                    {
                        "clue_text": "\\( A \\) 에서 \\( B \\) 로의 함수 \\( f: A \\rightarrow B \\) 가 다음과 같이 특수한 형태를 취하는 경우가 있다.",
                        "clue_start": "1124",
                        "clue_end": "1202"
                    },
                    {
                        "clue_text": "모든 \\( z_ { 1 } , z_ { 2 } \\in A \\) 에 대하여 \\( z_ { 1 } \\neq z_ { 2 } \\) 이면 언제나 \\( f \\left (z_ { 1 } \\right ) \\neq f \\left (z_ { 2 } \\right ) \\) 일 때, 함수 \\( f \\) 는 단사이다(injective) 또는 1-1이다(one-one)라고 한다.",
                        "clue_start": "1203",
                        "clue_end": "1402"
                    },
                    {
                        "clue_text": "그리고, 이러한 \\( f \\) 를 단사함수(injection)라고 한다.",
                        "clue_start": "1403",
                        "clue_end": "1443"
                    },
                    {
                        "clue_text": "또 \\( f(A)=B \\) 이면 \\( f \\) 는 전사이다(surjective) 또는 \\( A \\) 를 \\( B \\) 위로(onto) 사상한다 라고 하고, 이러한 \\( f \\) 를 전사함수(surjection)라고 한다.",
                        "clue_start": "1444",
                        "clue_end": "1567"
                    },
                    {
                        "clue_text": "또한 \\( f \\) 가 단사인 동시에 전사이면 \\( f \\) 는 전단사이다(bijective)라고, 하고, 이 \\( f \\) 를 전단사함수(bijection)라고 한다.",
                        "clue_start": "1568",
                        "clue_end": "1662"
                    }
                ],
                "terminology": [
                    {
                        "word": "단사"
                    },
                    {
                        "word": "단사이다"
                    },
                    {
                        "word": "단사인"
                    },
                    {
                        "word": "단사함수"
                    },
                    {
                        "word": "변환"
                    },
                    {
                        "word": "복소함수"
                    },
                    {
                        "word": "사상"
                    },
                    {
                        "word": "실함수"
                    },
                    {
                        "word": "전단사"
                    },
                    {
                        "word": "전단사함수"
                    },
                    {
                        "word": "전사"
                    },
                    {
                        "word": "전사이다"
                    },
                    {
                        "word": "전사함수"
                    },
                    {
                        "word": "정의역"
                    },
                    {
                        "word": "집합"
                    },
                    {
                        "word": "차원"
                    },
                    {
                        "word": "치역"
                    },
                    {
                        "word": "함수"
                    }
                ]
            },
            {
                "context_id": "55e-0c9-merge_96aba9d6-40ef3e8b-b8d5-48f8-b6f4-5265014d6413_03",
                "context_K-NSCC": {
                    "field": "자연",
                    "large_category": "NA",
                    "medium_category": "02"
                },
                "context": "<p>함수 \\( f(z) \\) 에 의한 한 점의 상은 한 점이지만 한 점 \\( w \\in B \\) 의 역상(inverse image)의 집합 \\( \\{ z \\in A: w=f(z) \\} \\) 은 공집합이거나 하나의 점을 포함하거나 여러 개의 점을 포함하게 된다. 그러나 \\( f: A \\rightarrow B \\) 가 전단사이면, 각 점 \\( w \\in B \\) 에 대하여 \\( w=f(z) \\) 가 되는 유일한 \\( z \\in A \\) 가 존재한다. 따라서 \\( w \\) 를 \\( z \\) 에 대응시키는 \\( B \\) 에서 \\( A \\) 로의 함수 \\( g: B \\rightarrow A \\) 가 존재하고, 이 또한 전단사이다. 이 \\( g \\) 를 \\( f \\) 의 역함수(inverse function)라 하고 \\( f ^ { -1 } \\) 로 쓴다.</p> <p>예 5.(a)\\( f(z)= \\bar { z } \\) 은 정의역과 치역이 모두 복소평면 \\( \\mathrm { C } \\) 인 전단사함수이다. 따라서 이의 역함수 \\( f ^ { -1 } (w)= \\bar { w } \\) 가 존재하고, 이의 정의역은 복소평면 \\( \\mathrm { C } \\) 이다.(b)\\( f(z)=i z \\) 는 정의역과 치역이 복소평면 \\( \\mathrm { C } \\) 인 전단사함수이다. \\( w=i z \\) 를 \\( z \\) 에 관하여 풀면 \\( z=-i w \\) 가 되어, \\( f \\) 의 역함수는 \\( f ^ { -1 } (w)=-i w \\) 이고 \\( \\mathrm { C } \\) 가 정의역이다.(c)\\( z \\neq 0 \\) 인 모든 \\( z \\) 에 대하여 \\( f(z)= \\operatorname { Arg } z \\) 로 정의되는 함수는 \\( f(i)= \\frac {\\pi } { 2 } =f(2 i) \\) 가 되어 단사함수가 아니다. 따라서 이 함수의 역함수는 존재하지 않는다.</p> <h2>2.2 1차변환</h2> <p>복소함수에 의한 가장 단순한 사상들을 소개한다. 이러한 사상들을 이해하는 것은 보다 복잡한 사상을 이해하는 중요한 요소가 된다.</p> <h3>1. 평행이동</h3> <p>함수 \\( w=z + b(b \\in \\mathrm { C } ) \\) 는 \\( z \\) 평면의 모든 집합을 \\( w \\) 평면에서 벡터 \\( b \\) 만큼 옮겨 놓은 집합으로 사상한다. 이 사상을 평행이동(translation)이라 한다. 따라서 \\( w \\) 평면으로 옮겨진 집합은 \\( z \\) 평면의 집합과 동일한 모양과 크기를 갖는다.</p>",
                "context_length": 1266,
                "clue": [
                    {
                        "clue_text": "함수 \\( f(z) \\) 에 의한 한 점의 상은 한 점이지만 한 점 \\( w \\in B \\) 의 역상(inverse image)의 집합 \\( \\{ z \\in A: w=f(z) \\} \\) 은 공집합이거나 하나의 점을 포함하거나 여러 개의 점을 포함하게 된다.",
                        "clue_start": "3",
                        "clue_end": "146"
                    },
                    {
                        "clue_text": "그러나 \\( f: A \\rightarrow B \\) 가 전단사이면, 각 점 \\( w \\in B \\) 에 대하여 \\( w=f(z) \\) 가 되는 유일한 \\( z \\in A \\) 가 존재한다.",
                        "clue_start": "147",
                        "clue_end": "252"
                    },
                    {
                        "clue_text": "따라서 \\( w \\) 를 \\( z \\) 에 대응시키는 \\( B \\) 에서 \\( A \\) 로의 함수 \\( g: B \\rightarrow A \\) 가 존재하고, 이 또한 전단사이다.",
                        "clue_start": "253",
                        "clue_end": "352"
                    },
                    {
                        "clue_text": "복소함수에 의한 가장 단순한 사상들을 소개한다.",
                        "clue_start": "975",
                        "clue_end": "1001"
                    },
                    {
                        "clue_text": "함수 \\( w=z + b(b \\in \\mathrm { C } ) \\) 는 \\( z \\) 평면의 모든 집합을 \\( w \\) 평면에서 벡터 \\( b \\) 만큼 옮겨 놓은 집합으로 사상한다.",
                        "clue_start": "1071",
                        "clue_end": "1174"
                    }
                ],
                "terminology": [
                    {
                        "word": "공집합"
                    },
                    {
                        "word": "단사함수"
                    },
                    {
                        "word": "벡터"
                    },
                    {
                        "word": "복소평면"
                    },
                    {
                        "word": "복소함수"
                    },
                    {
                        "word": "역상"
                    },
                    {
                        "word": "역함수"
                    },
                    {
                        "word": "전단사"
                    },
                    {
                        "word": "전단사함수"
                    },
                    {
                        "word": "정의역"
                    },
                    {
                        "word": "집합"
                    },
                    {
                        "word": "치역"
                    },
                    {
                        "word": "함수"
                    }
                ]
            },
            {
                "context_id": "55e-0c9-merge_96aba9d6-40ef3e8b-b8d5-48f8-b6f4-5265014d6413_01",
                "context_K-NSCC": {
                    "field": "자연",
                    "large_category": "NA",
                    "medium_category": "02"
                },
                "context": "<p>예 1 은 \\( z \\) 에 관한 함수를 \\( x \\) 와 \\( y \\) 에 관한 식으로 표현할 수 있읍을 보여준다. 한편, 정리 1.2(f)의 \\( x= \\frac { z + \\bar { z } } { 2 } , y= \\frac { z- \\bar { z } } { 2 i } \\) 을 이용하여 \\( x \\) 와 \\( y \\) 에 관한 식으로 표현된 \\( f(z) \\) 를 \\( z \\) 와 \\( \\bar { z } \\) 에 관한 식으로 나타낼 수 있다.</p> <p>예 2. 예 1 을 이용하여 확인해 보자. \\[ \\begin {aligned} f(z) &=x ^ { 2 } -y ^ { 2 } + i(2 x y) \\\\ &= \\left ( \\frac { z + \\bar { z } } { 2 } \\right ) ^ { 2 } - \\left ( \\frac { z- \\bar { z } } { 2 i } \\right ) ^ { 2 } + i 2 \\left ( \\frac { z + \\bar { z } } { 2 } \\right ) \\left ( \\frac { z- \\bar { z } } { 2 i } \\right ) \\\\ &= \\frac { 1 } { 4 } \\left [ \\left (z ^ { 2 } + 2 z \\bar { z } + \\bar { z } ^ { 2 } \\right ) + \\left (z ^ { 2 } -2 z bar { z } + \\bar { z } ^ { 2 } \\right ) + 2 \\left (z ^ { 2 } - \\bar { z } ^ { 2 } \\right ) \\right ] \\\\ &=z ^ { 2 } \\\\ \\end {aligned} \\] 이다. 복소함수 \\( f(z) \\) 를 \\( \\quad z=r e ^ { i \\theta } \\) 를 이용하여 극형식으로 표현할 수 있다. \\[ f(z)=f \\left (r e ^ { i \\theta } \\right )=u(r, \\theta) + i v(r, \\theta) \\] 이고, 여기서 \\( u(r, \\theta) \\) 와 \\( v(r, \\theta) \\) 는 \\( r \\) 과 \\( \\theta \\) 에 관한 실함수이다.</p>",
                "context_length": 1072,
                "clue": [
                    {
                        "clue_text": "한편, 정리 1.2(f)의 \\( x= \\frac { z + \\bar { z } } { 2 } , y= \\frac { z- \\bar { z } } { 2 i } \\) 을 이용하여 \\( x \\) 와 \\( y \\) 에 관한 식으로 표현된 \\( f(z) \\) 를 \\( z \\) 와 \\( \\bar { z } \\) 에 관한 식으로 나타낼 수 있다.",
                        "clue_start": "69",
                        "clue_end": "257"
                    },
                    {
                        "clue_text": "\\[ \\begin {aligned} f(z) &=x ^ { 2 } -y ^ { 2 } + i(2 x y) \\\\ &= \\left ( \\frac { z + \\bar { z } } { 2 } \\right ) ^ { 2 } - \\left ( \\frac { z- \\bar { z } } { 2 i } \\right ) ^ { 2 } + i 2 \\left ( \\frac { z + \\bar { z } } { 2 } \\right ) \\left ( \\frac { z- \\bar { z } } { 2 i } \\right ) \\\\ &= \\frac { 1 } { 4 } \\left [ \\left (z ^ { 2 } + 2 z \\bar { z } + \\bar { z } ^ { 2 } \\right ) + \\left (z ^ { 2 } -2 z bar { z } + \\bar { z } ^ { 2 } \\right ) + 2 \\left (z ^ { 2 } - \\bar { z } ^ { 2 } \\right ) \\right ] \\\\ &=z ^ { 2 } \\\\ \\end {aligned} \\] 이다.",
                        "clue_start": "289",
                        "clue_end": "831"
                    }
                ],
                "terminology": [
                    {
                        "word": "극형식"
                    },
                    {
                        "word": "복소함수"
                    },
                    {
                        "word": "실함수"
                    },
                    {
                        "word": "함수"
                    }
                ]
            },
            {
                "context_id": "55e-0c9-merge_96aba9d6-40ef3e8b-b8d5-48f8-b6f4-5265014d6413_00",
                "context_K-NSCC": {
                    "field": "자연",
                    "large_category": "NA",
                    "medium_category": "02"
                },
                "context": "<h1>제2장 복소함수</h1> <p>변수가 복소수인 함수는 실함수가 갖는 성질을 그대로 갖는 것도 있고 그렇지 않는 것도 있다. 이 장에서는 복소함수에 관한 일반적인 내용과 역함수에 대하여 다룬다. 특별히 중요한 1 차변환, \\( n \\) 제곱함수 및 \\( n \\) 제곱근함수, 반전사상, 1 차분수변환들을 소개한다.</p> <h2>\\( 2.1 \\) 복소함수</h2> <p>\\( A \\) 와 \\( B \\) 를 공집합이 아닌 복소수의 집합이라 하자. \\( A \\) 에서 \\( B \\) 로의 함수 \\( f \\) 는 각 \\( z \\in A \\) 에게 유일하게 결정된 원소 \\( w \\in B \\) 를 지정해 주는 대웅규칙이다. 이를 \\( f: A \\rightarrow B \\) 로 표기한다. 이때, \\( w \\) 를 \\( f \\) 에 의한 \\( z \\) 의 상(image) 또는 \\( z \\) 에서 \\( f \\) 의 값(value)이라 하고, \\( w = f(z) \\) 로 쓴다. 또 \\( A \\) 를 \\( f \\) 의 정의역(domain of definition)이라 하고, 모든 상의 집합을 \\( f \\) 의 치역(range)이라 하며 \\( f(A) \\) 로 표기한다.</p> <p>복소수 \\( z=x + i y \\) 가 실수부 \\( x \\) 와 허수부 \\( y \\) 로 표현되둣이, \\( w \\) 또한 실수부 \\( u \\) 와 허수부 \\( v \\) 인 \\( w=u + i v \\) 로 표현텔 것이다. 즉 \\[ w=f(z)=f(x + i y)=u + i v \\] 이다. \\( u \\) 와 \\( v \\) 는 \\( x \\) 와 \\( y \\) 에 종속되므로 \\[ u=u(x, y), \\quad v=v(x, y) \\] 인 실함수이다. 따라서 \\[ f(z)=u(x, y) + i v(x, y) \\] 로 쓸 수 있다.</p> <p>예 1. 함수 \\( f(z)=z ^ { 2 } \\) 에 대하여 \\[ w=f(z)=(x + i y) ^ { 2 } =x ^ { 2 } -y ^ { 2 } + i(2 x y) \\] 로 표현할 수 있다. \\[ \\operatorname { Ref } (z)=u(x, y)=x ^ { 2 } -y ^ { 2 } \\] 이고 \\[ \\operatorname { Im } f(z)=v(x, y)=2 x y \\] 이다.</p>",
                "context_length": 1135,
                "clue": [
                    {
                        "clue_text": "변수가 복소수인 함수는 실함수가 갖는 성질을 그대로 갖는 것도 있고 그렇지 않는 것도 있다.",
                        "clue_start": "21",
                        "clue_end": "72"
                    },
                    {
                        "clue_text": "이 장에서는 복소함수에 관한 일반적인 내용과 역함수에 대하여 다룬다.",
                        "clue_start": "73",
                        "clue_end": "111"
                    },
                    {
                        "clue_text": "특별히 중요한 1 차변환, \\( n \\) 제곱함수 및 \\( n \\) 제곱근함수, 반전사상, 1 차분수변환들을 소개한다.",
                        "clue_start": "112",
                        "clue_end": "178"
                    },
                    {
                        "clue_text": "복소수 \\( z=x + i y \\) 가 실수부 \\( x \\) 와 허수부 \\( y \\) 로 표현되둣이, \\( w \\) 또한 실수부 \\( u \\) 와 허수부 \\( v \\) 인 \\( w=u + i v \\) 로 표현텔 것이다.",
                        "clue_start": "606",
                        "clue_end": "728"
                    },
                    {
                        "clue_text": "따라서 \\[ f(z)=u(x, y) + i v(x, y) \\] 로 쓸 수 있다.",
                        "clue_start": "855",
                        "clue_end": "899"
                    }
                ],
                "terminology": [
                    {
                        "word": "1 차분수변환"
                    },
                    {
                        "word": "domain of definition"
                    },
                    {
                        "word": "공집합"
                    },
                    {
                        "word": "대웅규칙"
                    },
                    {
                        "word": "반전사상"
                    },
                    {
                        "word": "복소수"
                    },
                    {
                        "word": "복소함수"
                    },
                    {
                        "word": "상"
                    },
                    {
                        "word": "실수부"
                    },
                    {
                        "word": "실함수"
                    },
                    {
                        "word": "역함수"
                    },
                    {
                        "word": "정의역"
                    },
                    {
                        "word": "제곱근함수"
                    },
                    {
                        "word": "제곱함수"
                    },
                    {
                        "word": "집합"
                    },
                    {
                        "word": "치역"
                    },
                    {
                        "word": "함수"
                    },
                    {
                        "word": "허수부"
                    }
                ]
            }
        ]
    }
}