{
    "dataset_info": {
        "identifier": "02-031-002-NL",
        "name": "기술과학 문서 요약 데이터",
        "category": "자연어",
        "last_updated": "2023-08-30"
    },
    "dataset": {
        "doc_id": "96aba9d6-8c660725-47af-48b6-bc5e-9820d23ecc46",
        "doc_type": "도서",
        "doc_title": {
            "kor": "M657-(사범대생을 위한) 형대대수학",
            "eng": ""
        },
        "doc_category": {
            "KDC": "412",
            "DDC": ""
        },
        "doc_number": {
            "ISSN": "",
            "ISBN": "9788961056571",
            "DOI": "",
            "UCI": ""
        },
        "doc_year": "2013",
        "doc_author": [
            "박제남"
        ],
        "doc_publisher": "경문사",
        "doc_license": "저작권 협의됨",
        "context_info": [
            {
                "context_id": "55e-0c9-merge_96aba9d6-8c660725-47af-48b6-bc5e-9820d23ecc46_24",
                "context_K-NSCC": {
                    "field": "자연",
                    "large_category": "NA",
                    "medium_category": "01"
                },
                "context": "<h2>\\( 6.18 \\)TEAM PROJECT</h2> <p>우리는 예제(6.13)과 예제(6.14)에서 적분</p> <p>\\( \\int x e ^ { x } d x, \\int x ^ { 2 } e ^ { x } d x \\)<caption>(6-5)</caption></p> <p>\\( \\int x \\sin x d x, \\int x \\cos x d x \\)<caption>(6-6)</caption></p> <p>\\( \\int \\sin x \\sin 2 x d x, \\int \\cos 2 x \\sin 2 x d x \\)<caption>(6-7)</caption></p> <p>를 사용하였다. 내적을 제공하는 식(6-5)는 지수함수 \\( e ^ { x } \\) 를 이차다항식으로 근사 (approximation)하기 위한 계산이며 식(6-6)과 식(6-7)은 불연속인 주기함수를 연속인 주 기함수 sine, cosine 함수로 근사하기 위한 계산이다. 2009 개정 수학과 교과서《미적분 II》는 기교(치환, 삼각함수의 여러 가지 공식, 부분분수, 부분적분법 등)를 몽하여 적분을 구하고 있다. 독자들은 교과서에 있는 (모든) 적분 형태의 의미를 더 알아보기 바란다. 즉, 다음과 같은 형태의 적분이 무엇을 의미하는지 알아보기 바란다.</p> <ul> <li>(1) 치환적분법 TYPE A : (1) \\( \\frac { f ^ {\\prime } (x) } { f(x) } \\) 꼴, (2) 부분분수법 \\( \\int \\frac { 1 } { x(1-x) } d x \\) TYPE B : (3) 치환적분법 \\( \\int \\frac { 1 } { 1 + x ^ { 2 } } d x \\), (4) 치환적분법 \\( \\int x ^ { 2 } ( \\ln x) ^ { 2 } d x \\)</li> <li>(2) 부분적분법 (5) \\( \\int x e ^ { -x } d x \\), (6) \\( \\int \\ln x d x \\), (7) \\( \\int e ^ { x } \\sin x d x \\)</li></ul> <h2>\\( 6.19 \\)REMARK(수학용어 선택)</h2> <p>적분에서 사용하는 용어 (1) 부분적분법(integral by part)과 (2) 부분분수법(partial fraction)은 \"part\"를 단순히 부분으로 번역하여, 결과적으로 용어에서 뜻을 파악하기가 어렵다. 부분적분법은 '분리적분법', 그리고 부분분수법은 '분리분수법'으로 사용하는 것 이 바람직하다.</p>",
                "context_length": 1219,
                "clue": [
                    {
                        "clue_text": "적분에서 사용하는 용어 (1) 부분적분법(integral by part)과 (2) 부분분수법(partial fraction)은 \"part\"를 단순히 부분으로 번역하여, 결과적으로 용어에서 뜻을 파악하기가 어렵다.",
                        "clue_start": "1044",
                        "clue_end": "1162"
                    },
                    {
                        "clue_text": "부분적분법은 '분리적분법', 그리고 부분분수법은 '분리분수법'으로 사용하는 것 이 바람직하다.",
                        "clue_start": "1163",
                        "clue_end": "1215"
                    }
                ],
                "terminology": [
                    {
                        "word": "approximation"
                    },
                    {
                        "word": "cosine"
                    },
                    {
                        "word": "cosine 함수"
                    },
                    {
                        "word": "integral by part"
                    },
                    {
                        "word": "partial fraction"
                    },
                    {
                        "word": "sine"
                    },
                    {
                        "word": "근사"
                    },
                    {
                        "word": "근사 (approximation)"
                    },
                    {
                        "word": "기함수"
                    },
                    {
                        "word": "내적"
                    },
                    {
                        "word": "미적분"
                    },
                    {
                        "word": "부분분수"
                    },
                    {
                        "word": "부분분수법"
                    },
                    {
                        "word": "부분분수법(partial fraction)"
                    },
                    {
                        "word": "부분적분"
                    },
                    {
                        "word": "부분적분법"
                    },
                    {
                        "word": "부분적분법(integral by part)"
                    },
                    {
                        "word": "분리분수법"
                    },
                    {
                        "word": "분리적분법"
                    },
                    {
                        "word": "불연속"
                    },
                    {
                        "word": "삼각함수"
                    },
                    {
                        "word": "연속"
                    },
                    {
                        "word": "이차다항식"
                    },
                    {
                        "word": "적분"
                    },
                    {
                        "word": "주기함수"
                    },
                    {
                        "word": "지수함수"
                    },
                    {
                        "word": "치환"
                    },
                    {
                        "word": "치환적분법"
                    }
                ]
            },
            {
                "context_id": "55e-0c9-merge_96aba9d6-8c660725-47af-48b6-bc5e-9820d23ecc46_10",
                "context_K-NSCC": {
                    "field": "자연",
                    "large_category": "NA",
                    "medium_category": "01"
                },
                "context": "<h2>\\( 6.9 \\)SUMMING UP</h2> <p>다음 내용은 동일한 개념하에 있다.</p> <ul> <li>(1) 그림처럼 아래 직선에 수선을 긋자</li> <li>(2) \\( |u||v| \\cos ( \\theta) \\) 를 내적으로 사용한다.</li> <li>(3) 벡터 \\( v \\) 로 생성된 일차원공간(즉, 원점을 지나고 \\( v \\) 와 평행한 직선)에 있는 벡터로서 \\( u \\) 와 가장 가까운 것은 \\( \\operatorname { proj } _ { v } u \\) 이다.</li> <li>(4) 벡터 \\( u \\) 는 우리가 잘 모르는 대상이다. 우리가 잘 알고 있는 벡터 \\( v \\) 를 사용하여 벡 터 \\( u \\) 를 이해(aproximate)하자.</li> <li>(5) 두 벡터 \\( \\{ u, v \\} \\) 에 대하여 직교하는 두 벡터 \\( \\left \\{ u- \\operatorname { proj } _ { v } u, v \\right \\} \\) 를 만든다.</li> <li>(6) \\(<u- \\operatorname { proj } _ { v } u, v>=0 \\)</li></ul> <h2>\\(6.10 \\)EXAMPLE</h2> <p>식 \\( u \\cdot v=x_ { 1 } x_ { 2 } + y_ { 1 } y_ { 2 } \\) 는 내적의 정의를 만족한다. 교과서 《기하와 벡터》에서 사용하는 내적이다. 주어진 벡터공간에서 내적은 많이 존재한다. 행렬과 함수에서 대표적으로 사용하는 내적은 다음과 같다. 정의(6.7)의 네 개의 조건을 만족하는지 확인하기 바란다.</p> <ul> <li>(1) \\( \\langle A, B \\rangle= \\operatorname { tr } A B ^ {\\left .T_ { 116 } \\right ) } \\).</li> <li>(2) \\(<f, g>= \\int_ { a } ^ { b } f(x) g(x) d x \\).</li></ul> <p>중등과정에서 사용하는 절댓값 | |과 피타고라스 정리로부터 정의된 두 점 사이의 거 리가 선형대수 입장에서 어떻게 만들어지는지 알아보자. 일반적으로 \\( \\mathrm { n } \\)-차원 \\( \\mathbb { R } \\)-벡터공간( \\( \\mathrm { n } \\)-dimensional \\( \\mathbb { R } \\)-vector space) \\( V \\) 는 내적 \\(<,>\\) 을 요구하며, \\( v \\in V \\) 에 대하여 \\[ \\|v \\|= \\sqrt {\\langle v, v \\rangle } \\]</p> <p>를 벡터 \\( v \\) 의 노름(norm)이라 부른다. 한편, \\| \\| 은 두 벡터 간의 거리 \\[ d(u, v)= \\|u-v \\| \\] 를 결정한다. 특히 \\( \\{ x \\in V \\mid \\|x \\|=1 \\} \\) 을 단위원이라 부른다. 우리가 사용하는 \\( \\mathbb { R } \\)-벡터 공간 \\( V \\) 는 연속적으로 \\[ (V, + , \\mathbb { R } ,<,>, \\| \\|, d) \\] 를 내포하고 있다. 따라서 우리가 벡터공간에서 사용하는 두 벡터가 \"멀다\" 또는 \"가깝 다'는 내적에서 연유된 거리(distance)에 의해서 결정된다. 벡터공간 \\( V= \\mathbb { R } \\) 은 일차원 \\( \\mathbb { R } \\)-벡터공간이다. 두 실수 \\( x, y \\) 에 대하여 \\[ \\langle x, y>=x y \\] 는 정의(6.7)을 만족함으로 \\( V= \\mathbb { R } \\) 에서의 한 내적이다. 따라서 이때 노름은 \\[ \\|x \\|= \\sqrt {\\langle x, x>} = \\sqrt { x x } = \\sqrt { x ^ { 2 } } \\] 이다. 한편, \\( \\sqrt { x ^ { 2 } } =|x| \\) 이므로 우리가 상용하는 절댓값은 일차원 \\( \\mathbb { R } \\)-벡터공간 \\( \\mathbb { R } \\) 에서의 내적 \\( \\langle x, y \\rangle=x y \\) 에서 연유된 노름이다. 그리고 두 벡터(실수) 사이의 거리는 \\[ d(x, y)= \\|x-y \\|=|x-y| \\]</p>",
                "context_length": 2041,
                "clue": [
                    {
                        "clue_text": "다음 내용은 동일한 개념하에 있다.",
                        "clue_start": "32",
                        "clue_end": "51"
                    },
                    {
                        "clue_text": "식 \\( u \\cdot v=x_ { 1 } x_ { 2 } + y_ { 1 } y_ { 2 } \\) 는 내적의 정의를 만족한다.",
                        "clue_start": "605",
                        "clue_end": "676"
                    },
                    {
                        "clue_text": "주어진 벡터공간에서 내적은 많이 존재한다. 행렬과 함수에서 대표적으로 사용하는 내적은 다음과 같다.",
                        "clue_start": "703",
                        "clue_end": "758"
                    },
                    {
                        "clue_text": "일반적으로 \\( \\mathrm { n } \\)-차원 \\( \\mathbb { R } \\)-벡터공간( \\( \\mathrm { n } \\)-dimensional \\( \\mathbb { R } \\)-vector space) \\( V \\) 는 내적 \\(<,>\\) 을 요구하며, \\( v \\in V \\) 에 대하여 \\[ \\|v \\|= \\sqrt {\\langle v, v \\rangle } \\]</p> <p>를 벡터 \\( v \\) 의 노름(norm)이라 부른다.",
                        "clue_start": "1047",
                        "clue_end": "1298"
                    }
                ],
                "terminology": [
                    {
                        "word": "내적"
                    },
                    {
                        "word": "노름"
                    },
                    {
                        "word": "벡터"
                    },
                    {
                        "word": "벡터공간"
                    },
                    {
                        "word": "선형대수"
                    },
                    {
                        "word": "실수"
                    },
                    {
                        "word": "일차원공간"
                    },
                    {
                        "word": "절댓값"
                    },
                    {
                        "word": "직교"
                    },
                    {
                        "word": "피타고라스 정리"
                    },
                    {
                        "word": "함수"
                    }
                ]
            },
            {
                "context_id": "55e-0c9-merge_96aba9d6-8c660725-47af-48b6-bc5e-9820d23ecc46_12",
                "context_K-NSCC": {
                    "field": "자연",
                    "large_category": "NA",
                    "medium_category": "01"
                },
                "context": "<h2>\\( 6.11 \\)THE GRAM-SCHMIDT ORTHOGONALIZATION PROCESS</h2> <p>주어진 벡터 \\( \\left \\{ u_ { 1 } , u_ { 2 } , \\cdots, u_ { r } \\right \\} \\) 로부터 서로 직교(내적이 0 )인 벡터를 만드는 방법은</p> <ul> <li>(1) \\( v_ { 1 } =u_ { 1 } \\) 로 한다.</li> <li>(2) \\( v_ { 2 } =u_ { 2 } - \\operatorname { proj } _ { v_ { 1 } } u_ { 2 } =u_ { 2 } - \\frac {\\left \\langle v_ { 1 } , u_ { 2 } \\right \\rangle } {\\left \\|v_ { 1 } \\right \\| ^ { 2 } } v_ { 1 } \\),</li> <li>(3) \\( v_ { 3 } =u_ { 3 } - \\operatorname { proj } _ { v_ { 1 } } u_ { 3 } - \\operatorname { proj } _ { v_ { 2 } } u_ { 3 } \\) \\[ =u_ { 3 } - \\frac {\\left \\langle u_ { 3 } , v_ { 1 } \\right \\rangle } {\\left \\|v_ { 1 } \\right \\| ^ { 2 } } v_ { 1 } - \\frac {\\left \\langle u_ { 3 } , v_ { 2 } \\right \\rangle } {\\left \\|v_ { 2 } \\right \\| ^ { 2 } } v_ { 2 } \\]</li></ul> <p>등으로 차례로 진행한다.</p> <p>다음에서 \\( r=2 \\) 인 경우를 살펴보자.</p> <h2>\\( 6.12 \\)EXAMPLE</h2> <p>주어진 두 벡터 \\( \\{ u, v \\} \\) 에 대하여 두 벡터 \\( \\left \\{ u- \\operatorname { proj } _ { v } u, v \\right \\} \\) 는 직교한다. 즉, 내적이 0 이다 \\( \\left (<u- \\operatorname { proj } _ { v } u, v>=0 \\right ) \\). 다음 그림을 참고하자.</p> <p>\\( W \\) 를 벡터공간 \\( V \\) 의 부분공간(subspace)이라하고 \\( \\left \\{ g_ { 1 } , g_ { 2 } , \\cdots, g_ { r } \\right \\} \\) 을 \\( W \\) 의 단위직교기 저118)라 하자. \\( f \\in V \\) 에 대하여 \\( W \\) 에 속한 벡터로서 벡터 \\( f \\) 에 가장 가까운 벡터 \\( g \\in W \\) 는 각 기저의 정사영</p>",
                "context_length": 1315,
                "clue": [
                    {
                        "clue_text": "<li>(1) \\( v_ { 1 } =u_ { 1 } \\) 로 한다.</li> <li>(2) \\( v_ { 2 } =u_ { 2 } - \\operatorname { proj } _ { v_ { 1 } } u_ { 2 } =u_ { 2 } - \\frac {\\left \\langle v_ { 1 } , u_ { 2 } \\right \\rangle } {\\left \\|v_ { 1 } \\right \\| ^ { 2 } } v_ { 1 } \\),</li> <li>(3) \\( v_ { 3 } =u_ { 3 } - \\operatorname { proj } _ { v_ { 1 } } u_ { 3 } - \\operatorname { proj } _ { v_ { 2 } } u_ { 3 } \\) \\[ =u_ { 3 } - \\frac {\\left \\langle u_ { 3 } , v_ { 1 } \\right \\rangle } {\\left \\|v_ { 1 } \\right \\| ^ { 2 } } v_ { 1 } - \\frac {\\left \\langle u_ { 3 } , v_ { 2 } \\right \\rangle } {\\left \\|v_ { 2 } \\right \\| ^ { 2 } } v_ { 2 } \\]</li>",
                        "clue_start": "176",
                        "clue_end": "790"
                    },
                    {
                        "clue_text": "주어진 두 벡터 \\( \\{ u, v \\} \\) 에 대하여 두 벡터 \\( \\left \\{ u- \\operatorname { proj } _ { v } u, v \\right \\} \\) 는 직교한다.",
                        "clue_start": "881",
                        "clue_end": "989"
                    },
                    {
                        "clue_text": "\\( W \\) 를 벡터공간 \\( V \\) 의 부분공간(subspace)이라하고 \\( \\left \\{ g_ { 1 } , g_ { 2 } , \\cdots, g_ { r } \\right \\} \\) 을 \\( W \\) 의 단위직교기 저118)라 하자.",
                        "clue_start": "1088",
                        "clue_end": "1224"
                    }
                ],
                "terminology": [
                    {
                        "word": "GRAM-SCHMIDT"
                    },
                    {
                        "word": "기저"
                    },
                    {
                        "word": "내적"
                    },
                    {
                        "word": "단위직교기"
                    },
                    {
                        "word": "벡터"
                    },
                    {
                        "word": "벡터공간"
                    },
                    {
                        "word": "부분공간"
                    },
                    {
                        "word": "정사영"
                    },
                    {
                        "word": "직교"
                    }
                ]
            },
            {
                "context_id": "55e-0c9-merge_96aba9d6-8c660725-47af-48b6-bc5e-9820d23ecc46_02",
                "context_K-NSCC": {
                    "field": "자연",
                    "large_category": "NA",
                    "medium_category": "01"
                },
                "context": "<p>다음 예는 중등수학에서 자주 사용하는 다항식, 수집합, 복소수, 행렬, 고차도함수 등을 벡터공간으로 바라본 것이다.</p> <h2>\\(6.3 \\)EXAMPLE</h2> <ul> <li>(1) 이차 이하 다항식의 모임 \\[ P_ { 2 } = \\left \\{ a + b x + c x ^ { 2 } \\mid a, b, c \\in \\mathbb { R } \\right \\} \\] 은 다항식 간의 일반적인 합과 스칼라연산 \\( k \\left (a + b x + c x ^ { 2 } \\right )=k a + k b x + k c x ^ { 2 } \\) 에 의하여 \\( \\mathbb { R } \\)-벡터공간이고 \\( \\left \\{ 1, x, x ^ { 2 } \\right \\} \\) 은 기저이다. 따라서 \\( P_ { 2 } \\) 는 삼차원 \\( \\mathbb { R } \\)-벡터공간이다.</li> <li>(2) 복소수체 \\( \\mathbb { C } \\) 는 \\( \\mathbb { R } \\)-벡터공간이고 기저는 \\( \\{ 1, i \\} \\) 이므로 이차원이다.</li> <li>(3) \\( \\{ a + b \\sqrt { 2 } \\mid a, b \\in \\mathbb { Q } \\} \\) 는 체 \\( \\mathbb { Q } ( \\sqrt { 2 } ) \\) 이고 \\( \\mathbb { Q } \\)-벡터공간이다. \\( \\{ 1, \\sqrt { 2 } \\} \\) 가 한 기저이 므로 이차원이다.</li> <li>(4) 덧셈에 관한 아벨군 \\( \\mathbb { Q } [ \\sqrt { 2 } , \\sqrt { 3 } ]= \\{ a + b \\sqrt { 2 } + c \\sqrt { 3 } \\mid a, b, c \\in \\mathbb { Q } \\} \\) 은 \\( \\mathbb { Q } \\)-벡터공 간이다. 이때 \\( \\{ 1, \\sqrt { 2 } , \\sqrt { 3 } \\} \\) 이 한 기저이므로 삼차원이다.</li> <li>(5) \\( \\left \\{ y \\mid y ^ {\\prime \\prime } + y=0 \\right \\} \\) 은 2 차원 \\( \\mathbb { R } \\)-백터공간으로 \\( \\{\\sin x, \\cos x \\} \\) 가 기저이다.</li> <li>(6) 다항환 \\( \\mathbb { R } [x] \\) 는 \\( \\mathbb { R } \\)-벡터공간이고 기저는 \\( \\left \\{ 1, x, x ^ { 2 } , x ^ { 3 } , \\cdots \\right \\} \\) 이므로 무한차원이다.</li></ul>",
                "context_length": 1266,
                "clue": [
                    {
                        "clue_text": "다음 예는 중등수학에서 자주 사용하는 다항식, 수집합, 복소수, 행렬, 고차도함수 등을 벡터공간으로 바라본 것이다.",
                        "clue_start": "3",
                        "clue_end": "67"
                    },
                    {
                        "clue_text": "이차 이하 다항식의 모임 \\[ P_ { 2 } = \\left \\{ a + b x + c x ^ { 2 } \\mid a, b, c \\in \\mathbb { R } \\right \\} \\] 은 다항식 간의 일반적인 합과 스칼라연산 \\( k \\left (a + b x + c x ^ { 2 } \\right )=k a + k b x + k c x ^ { 2 } \\) 에 의하여 \\( \\mathbb { R } \\)-벡터공간이고 \\( \\left \\{ 1, x, x ^ { 2 } \\right \\} \\) 은 기저이다.",
                        "clue_start": "110",
                        "clue_end": "391"
                    },
                    {
                        "clue_text": "복소수체 \\( \\mathbb { C } \\) 는 \\( \\mathbb { R } \\)-벡터공간이고 기저는 \\( \\{ 1, i \\} \\) 이므로 이차원이다.",
                        "clue_start": "458",
                        "clue_end": "543"
                    }
                ],
                "terminology": [
                    {
                        "word": "고차도함수"
                    },
                    {
                        "word": "기저"
                    },
                    {
                        "word": "무한차원"
                    },
                    {
                        "word": "벡터공간"
                    },
                    {
                        "word": "복소수"
                    },
                    {
                        "word": "복소수체"
                    },
                    {
                        "word": "스칼라연산"
                    },
                    {
                        "word": "아벨군"
                    },
                    {
                        "word": "차원"
                    },
                    {
                        "word": "행렬"
                    }
                ]
            },
            {
                "context_id": "55e-0c9-merge_96aba9d6-8c660725-47af-48b6-bc5e-9820d23ecc46_08",
                "context_K-NSCC": {
                    "field": "자연",
                    "large_category": "NA",
                    "medium_category": "01"
                },
                "context": "<h2>\\( 6.8 \\) REMARK(정사영)</h2> <p>교과서《기하와 벡터》에서 다루는 다음 그림을 살펴보자.</p> <p>사잇각이 \\( \\theta \\) 인 두 벡터 \\( u, v \\) 가 있다. 벡터 \\( u \\) 를 벡터 \\( v \\) 에 수직으로 내려 보자. 먼저 수 직으로 내린 선분의 길이는 \\( |u| \\cos ( \\theta) \\) 이다. 여기서 \\( |u| \\) 는 벡터 \\( u \\) 의 길이(크기)이다. 한 편, 벡터 \\( v \\) 방향의 단위 벡터는 \\( \\frac { v } { |v| } \\) 이므로 벡터 \\( u \\) 를 벡터 \\( v \\) 에 수직으로 내린 벡터는 \\[ |u| \\cos ( \\theta) \\frac { v } { |v| } \\]</p> <p>이다. 흔히 \"수직으로 내린다\"를 \"정사영(projection)시키다\"로 쓰고 있다. 이를 기호 \\( \\operatorname { proj } _ { v } u \\) 로 쓰기로 하자. 따라서 \\[ \\operatorname { proj } _ { v } u= \\frac { |u||v| \\cos ( \\theta) } { |v| ^ { 2 } } v \\]</p> <p>이다. 특히, \\( |u||v| \\cos ( \\theta) \\) 를 \\( u \\cdot v \\) 로 표시하자. 즉, \\[ u \\cdot v=|u||v| \\cos ( \\theta) \\]</p> <p>두 벡터의 좌표를 \\( u= \\left (x_ { 1 } , y_ { 1 } \\right ), v= \\left (x_ { 2 } , y_ { 2 } \\right ) \\) 로 설정하고 다음 직교좌표계로 가보자.</p> <p>위 그림에서 \\( |u||v| \\cos ( \\theta)= \\sqrt { x_ { 1 } ^ { 2 } + y_ { 1 } ^ { 2 } } \\sqrt { x_ { 2 } ^ { 2 } + y_ { 2 } ^ { 2 } } \\cos ( \\theta) \\) 이고 두 벡터에 의하여 만들어 지는 삼각형에 코사인법칙을 적용하면 \\[ |u-v| ^ { 2 } =|u| ^ { 2 } + |v| ^ { 2 } -2|u||v| \\cos ( \\theta) . \\]</p> <p>한편 \\( u-v= \\left (x_ { 1 } -x_ { 2 } , y_ { 1 } -y_ { 2 } \\right ) \\) 이므로 \\[ |u-v| ^ { 2 } = \\left (x_ { 1 } -x_ { 2 } \\right ) ^ { 2 } + \\left (y_ { 1 } -y_ { 2 } \\right ) ^ { 2 } . \\]</p>",
                "context_length": 1274,
                "clue": [
                    {
                        "clue_text": "사잇각이 \\( \\theta \\) 인 두 벡터 \\( u, v \\) 가 있다.",
                        "clue_start": "72",
                        "clue_end": "113"
                    },
                    {
                        "clue_text": "벡터 \\( u \\) 를 벡터 \\( v \\) 에 수직으로 내려 보자.",
                        "clue_start": "114",
                        "clue_end": "151"
                    },
                    {
                        "clue_text": "먼저 수 직으로 내린 선분의 길이는 \\( |u| \\cos ( \\theta) \\) 이다.",
                        "clue_start": "152",
                        "clue_end": "200"
                    },
                    {
                        "clue_text": "한 편, 벡터 \\( v \\) 방향의 단위 벡터는 \\( \\frac { v } { |v| } \\) 이므로 벡터 \\( u \\) 를 벡터 \\( v \\) 에 수직으로 내린 벡터는 \\[ |u| \\cos ( \\theta) \\frac { v } { |v| } \\]</p> <p>이다.",
                        "clue_start": "240",
                        "clue_end": "390"
                    },
                    {
                        "clue_text": "흔히 \"수직으로 내린다\"를 \"정사영(projection)시키다\"로 쓰고 있다.",
                        "clue_start": "391",
                        "clue_end": "434"
                    }
                ],
                "terminology": [
                    {
                        "word": "REMARK"
                    },
                    {
                        "word": "단위 벡터"
                    },
                    {
                        "word": "벡터"
                    },
                    {
                        "word": "사잇각"
                    },
                    {
                        "word": "선분"
                    },
                    {
                        "word": "정사영(projection)"
                    },
                    {
                        "word": "직교좌표계"
                    },
                    {
                        "word": "코사인법칙"
                    }
                ]
            },
            {
                "context_id": "55e-0c9-merge_96aba9d6-8c660725-47af-48b6-bc5e-9820d23ecc46_01",
                "context_K-NSCC": {
                    "field": "자연",
                    "large_category": "NA",
                    "medium_category": "01"
                },
                "context": "<p>먼저 \\( \\mathbb { R } \\)-벡터공간 \\( V \\) 에서 내적의 정의를 살펴보자. 평면을 벡터공간으로 다루는 교과서에서 사용하는 내적은 무엇이며, 어떤 의미를 가지고 있는지 알아보고 함수로 이루어진 벡터공간에서 사용되는 내적은 어떤 역할을 하는지 연속하여 알아보자. 먼저, 내적의 용도는 다음과 같다.</p> <p>(교과서《기하와 벡터》에서의 용도) : 내적은</p> <ul> <li>(1) 정사영,</li> <li>(2) 물리학의 일,</li> <li>(3) 삼각형의 넓이,</li> <li>(4) 벡터를 이용한 삼수선 정리의 증명,</li> <li>(5) 평면에서 점과 직선사이의 거리</li></ul> <p>를 구현하는 데 필요한 도구이다.</p> <p>(선형대수학, 공학에서의 주요 용도) : 내적은</p> <ul> <li>(1) 지수함수 등의 어려운 함수들을 일, 이차다항식으로 접근,</li> <li>(2) 불연속 주기함수를 매그럽게 하고,</li> <li>(3) 해가 존재하지 않는 연립방정식이 해를 갖도록</li></ul> <p>하는 데 필요한 도구이다.</p> <p>본 장에서는 선형대수입장에서 정적분을 다룬다. 먼저, 벡터공간의 정의를 알아보자.</p> <h2>\\(6.1 \\) DEFINITION</h2> <p>\\( (V, + ) \\) 는 덧셈에 대한 아벨군(additive abelian group)이고 \\( k, l \\in \\mathbb { R } , u, v \\in V \\) 이다. 스칼라곱 \\( \\mathbb { R } \\times V \\rightarrow V \\) 에 대하여</p> <ul> <li>(1) \\( k(u + v)=k u + k v \\),</li> <li>(2) \\( (k + l) u=k u + l u \\),</li> <li>(3) \\( k(l u)=(k l) u \\),</li> <li>(4) \\( 1 u=u \\)</li></ul> <p>를 만족할 때, \\( V \\) 를 \\( \\mathbb { R } \\)-벡터공간이라 하고 \\( V \\) 의 원소를 벡터, 실수를 스칼라라 부른다.</p> <p>중등과정에서 다루는 벡터공간의 예는 평면이나 공간이다. 평면의 경우를 알아보자.</p> <h2>\\( 6.2 \\)EXAMPLE</h2> <p>\\( V= \\mathbb { R } \\times \\mathbb { R } = \\mathbb { R } ^ { 2 } \\) 에서 두 연산은 다음과 같다.</p> <ul> <li>(1) \\( \\left (x_ { 1 } , y_ { 1 } \\right ) + \\left (x_ { 2 } , y_ { 2 } \\right )= \\left (x_ { 1 } + x_ { 2 } , y_ { 1 } + y_ { 2 } \\right ) \\),</li> <li>(2) \\( k(x, y)=(k x, k y) \\).</li></ul> <p>특히, (1)은 기하적으로 평행사변형을 만들기 때문에 흔히 \"평행사변형법\"이라 부르고 (2)에서 정의한 스칼라배는 기하적으로 \\( k \\) 배 늘리거나 줄이는(음인 경우는 반대방향) 것을 의미한다.</p>",
                "context_length": 1525,
                "clue": [
                    {
                        "clue_text": "평면을 벡터공간으로 다루는 교과서에서 사용하는 내적은 무엇이며, 어떤 의미를 가지고 있는지 알아보고 함수로 이루어진 벡터공간에서 사용되는 내적은 어떤 역할을 하는지 연속하여 알아보자.",
                        "clue_start": "56",
                        "clue_end": "158"
                    },
                    {
                        "clue_text": "본 장에서는 선형대수입장에서 정적분을 다룬다.",
                        "clue_start": "560",
                        "clue_end": "585"
                    },
                    {
                        "clue_text": "\\( (V, + ) \\) 는 덧셈에 대한 아벨군(additive abelian group)이고 \\( k, l \\in \\mathbb { R } , u, v \\in V \\) 이다.",
                        "clue_start": "642",
                        "clue_end": "740"
                    },
                    {
                        "clue_text": "를 만족할 때, \\( V \\) 를 \\( \\mathbb { R } \\)-벡터공간이라 하고 \\( V \\) 의 원소를 벡터, 실수를 스칼라라 부른다.",
                        "clue_start": "951",
                        "clue_end": "1031"
                    },
                    {
                        "clue_text": "\\( V= \\mathbb { R } \\times \\mathbb { R } = \\mathbb { R } ^ { 2 } \\) 에서 두 연산은 다음과 같다.",
                        "clue_start": "1117",
                        "clue_end": "1201"
                    }
                ],
                "terminology": [
                    {
                        "word": "기하"
                    },
                    {
                        "word": "내적"
                    },
                    {
                        "word": "벡터"
                    },
                    {
                        "word": "벡터공간"
                    },
                    {
                        "word": "스칼라곱"
                    },
                    {
                        "word": "스칼라배"
                    },
                    {
                        "word": "실수"
                    },
                    {
                        "word": "아벨군"
                    },
                    {
                        "word": "원소"
                    },
                    {
                        "word": "이차다항식"
                    },
                    {
                        "word": "정사영"
                    },
                    {
                        "word": "정적분"
                    },
                    {
                        "word": "주기함수"
                    },
                    {
                        "word": "지수함수"
                    },
                    {
                        "word": "함수"
                    }
                ]
            },
            {
                "context_id": "55e-0c9-merge_96aba9d6-8c660725-47af-48b6-bc5e-9820d23ecc46_13",
                "context_K-NSCC": {
                    "field": "자연",
                    "large_category": "NA",
                    "medium_category": "01"
                },
                "context": "<p>\\( \\operatorname { proj } _ { g_ { i } } f= \\frac {\\left \\langle f, g_ { i } \\right \\rangle } {\\left \\|g_ { i } \\right \\| ^ { 2 } } g_ { i } \\) (이때, 단위직교기저의 정의에 의하여 \\( \\left \\|g_ { i } \\right \\|=1 \\) )</p> <p>의 합</p> <p>\\( g= \\operatorname { proj } _ { W } f=<f, g_ { 1 } >g_ { 1 } +<f, g_ { 2 } >g_ { 2 } + \\cdots +<f, g_ { r } >g_ { r } \\)<caption>(6-1)</caption></p> <p>로 결정된다. 이를 그림으로 그리면 다음과 같다.</p> <p>위 그림을 예로 들면, 연속함수로 이루어진(또는 생성된) \\( r \\)-차원 \\( \\mathbb { R } \\)-벡터공간 \\( W \\) 는 우리가 매우 잘 알고 있는 세계이다. 한편, 우리가 잘 모르는(또는 너무 복잡하거나 불연속</p> <p>함수처럼 문제를 안고 있는) 함수 \\( f \\) 가 있을 때, \"가깝다\", \"멀다\"의 거리 개념의 입장에 서 제일 가까운 함수를 벡터공간 \\( W \\) 에서 구하여 이를 함수 \\( f \\) 대신 사용하겠다는 것이다. 실제 예를 들어보자. 폐구간 \\( [-1,1] \\) 에서 연속인 모든 함수를 \\( C[-1,1] \\) 로 표시하자. \\( f, g \\in C[-1,1] \\) 에 대하여 정적분 \\[<f, g>= \\int_ { -1 } ^ { 1 } f(x) g(x) d x \\] 는 내적이다. 한편, \\( \\left \\{ 1, x, x ^ { 2 } \\right \\} \\) 으로 생성된 \\( C[-1,1] \\) 의 3 차원 부분공간을 \\( P_ { 2 } \\) 라 하자.</p> <h2>\\( 6.13 \\)EXAMPLE(내적의 용도1)</h2> <p>지수함수 \\( e ^ { x } \\in C[-1,1] \\) 를 이차다항식으로 접근하여 보자.</p> <ul> <li>풀이 먼저 \\( \\left \\{ 1, x, x ^ { 2 } \\right \\} \\) 으로 생성된 \\( C[-1,1] \\) 의 3 차원 부분공간 \\[ P_ { 2 } = \\left \\{ a + b x + c x ^ { 2 } \\mid a, b, c \\in \\mathbb { R } \\right \\} \\]</li></ul> <p>와 \\( C[-1,1] \\) 에서 정의된 내적 \\[<f, g \\rangle= \\int_ { -1 } ^ { 1 } f(x) g(x) d x \\] 에 대하여 Gram-Schmidt방법(6.11)을 이용하여 \\( P_ { 2 } \\) 의 직교기저를 구해보자.</p>",
                "context_length": 1358,
                "clue": [
                    {
                        "clue_text": "풀이 먼저 \\( \\left \\{ 1, x, x ^ { 2 } \\right \\} \\) 으로 생성된 \\( C[-1,1] \\) 의 3 차원 부분공간 \\[ P_ { 2 } = \\left \\{ a + b x + c x ^ { 2 } \\mid a, b, c \\in \\mathbb { R } \\right \\} \\]</li></ul> <p>와 \\( C[-1,1] \\) 에서 정의된 내적 \\[<f, g \\rangle= \\int_ { -1 } ^ { 1 } f(x) g(x) d x \\] 에 대하여 Gram-Schmidt방법(6.11)을 이용하여 \\( P_ { 2 } \\) 의 직교기저를 구해보자.",
                        "clue_start": "1030",
                        "clue_end": "1354"
                    },
                    {
                        "clue_text": "위 그림을 예로 들면, 연속함수로 이루어진(또는 생성된) \\( r \\)-차원 \\( \\mathbb { R } \\)-벡터공간 \\( W \\) 는 우리가 매우 잘 알고 있는 세계이다.",
                        "clue_start": "411",
                        "clue_end": "509"
                    },
                    {
                        "clue_text": "지수함수 \\( e ^ { x } \\in C[-1,1] \\) 를 이차다항식으로 접근하여 보자.",
                        "clue_start": "965",
                        "clue_end": "1016"
                    },
                    {
                        "clue_text": "폐구간 \\( [-1,1] \\) 에서 연속인 모든 함수를 \\( C[-1,1] \\) 로 표시하자. \\( f, g \\in C[-1,1] \\) 에 대하여 정적분 \\[<f, g>= \\int_ { -1 } ^ { 1 } f(x) g(x) d x \\] 는 내적이다.",
                        "clue_start": "680",
                        "clue_end": "821"
                    }
                ],
                "terminology": [
                    {
                        "word": "Gram-Schmidt방법"
                    },
                    {
                        "word": "내적"
                    },
                    {
                        "word": "단위직교기저"
                    },
                    {
                        "word": "벡터공간"
                    },
                    {
                        "word": "부분공간"
                    },
                    {
                        "word": "연속함수"
                    },
                    {
                        "word": "이차다항식"
                    },
                    {
                        "word": "정적분"
                    },
                    {
                        "word": "지수함수"
                    },
                    {
                        "word": "직교기저"
                    },
                    {
                        "word": "차원"
                    },
                    {
                        "word": "폐구간"
                    },
                    {
                        "word": "함수"
                    }
                ]
            },
            {
                "context_id": "55e-0c9-merge_96aba9d6-8c660725-47af-48b6-bc5e-9820d23ecc46_18",
                "context_K-NSCC": {
                    "field": "자연",
                    "large_category": "NA",
                    "medium_category": "01"
                },
                "context": "<p>한편 \\( a_ { m } \\) 을 구하려면 \\( f(x) \\) 양변에 \\( \\cos (m x) \\) 를 곱한 후 \\( - \\pi \\) 부터 \\( \\pi \\) 까지 적분하면 \\[ a_ { m } = \\frac { 1 } {\\pi } \\int_ { - \\pi } ^ {\\pi } f(x) \\cos (m x) d x(m=1,2,3, \\cdots) \\] 을 얻으며 마찬가지로 \\( b_ { m } \\) 을 구하려면 \\( f(x) \\) 양변에 \\( \\sin (m x) \\) 를 곱한 후 \\( - \\pi \\) 부터 \\( \\pi \\) 까지 적분하면 \\[ b_ { m } = \\frac { 1 } {\\pi } \\int_ { - \\pi } ^ {\\pi } f(x) \\sin (m x) d x(m=1,2,3, \\cdots) \\]</p> <p>을 얻는다. 일반적으로 함수 \\( f(x) \\) 의 주기가 \\( p=2 L \\) 일 때, \\[ f(x)=a_ { 0 } + \\sum_ { n=1 } ^ {\\infty } \\left (a_ { n } \\cos \\frac { n \\pi } { L } x + b_ { n } \\sin \\frac { n \\pi } { L } x \\right ) \\] 를 푸리에 급수(Fourier series)라 한다. 이때, 각 계수는 다음과 같이 구할 수 있다 \\[ \\begin {array} { l } a_ { 0 } = \\frac { 1 } { 2 L } \\int_ { -L } ^ { L } f(x) d x, \\\\ a_ { n } = \\frac { 1 } { L } \\int_ { -L } ^ { L } f(x) \\cos \\frac { n \\pi x } { L } d x \\quad(n=1,2,3, \\cdots), \\\\ b_ { n } = \\frac { 1 } { L } \\int_ { -L } ^ { L } f(x) \\sin \\frac { n \\pi x } { L } d x \\quad(n=1,2,3, \\cdots) . \\end {array} \\] 주기함수 \\[ f(x)=x,(- \\pi \\leq x \\leq \\pi), f(x + 2 \\pi)=f(x) \\] 의 푸리에 급수를 구하면 \\[ a_ { 0 } = \\frac { 1 } { 2 \\pi } \\int_ { - \\pi } ^ {\\pi } x d x= \\left . \\frac { 1 } { 4 \\pi } x ^ { 2 } \\right |_ { - \\pi } ^ {\\pi } =0 \\]</p>",
                "context_length": 1210,
                "clue": [
                    {
                        "clue_text": "한편 \\( a_ { m } \\) 을 구하려면 \\( f(x) \\) 양변에 \\( \\cos (m x) \\) 를 곱한 후 \\( - \\pi \\) 부터 \\( \\pi \\) 까지 적분하면 \\[ a_ { m } = \\frac { 1 } {\\pi } \\int_ { - \\pi } ^ {\\pi } f(x) \\cos (m x) d x(m=1,2,3, \\cdots) \\] 을 얻으며 마찬가지로 \\( b_ { m } \\) 을 구하려면 \\( f(x) \\) 양변에 \\( \\sin (m x) \\) 를 곱한 후 \\( - \\pi \\) 부터 \\( \\pi \\) 까지 적분하면 \\[ b_ { m } = \\frac { 1 } {\\pi } \\int_ { - \\pi } ^ {\\pi } f(x) \\sin (m x) d x(m=1,2,3, \\cdots) \\]",
                        "clue_start": "3",
                        "clue_end": "401"
                    },
                    {
                        "clue_text": "일반적으로 함수 \\( f(x) \\) 의 주기가 \\( p=2 L \\) 일 때, \\[ f(x)=a_ { 0 } + \\sum_ { n=1 } ^ {\\infty } \\left (a_ { n } \\cos \\frac { n \\pi } { L } x + b_ { n } \\sin \\frac { n \\pi } { L } x \\right ) \\] 를 푸리에 급수(Fourier series)라 한다.",
                        "clue_start": "416",
                        "clue_end": "630"
                    }
                ],
                "terminology": [
                    {
                        "word": "적분"
                    },
                    {
                        "word": "주기함수"
                    },
                    {
                        "word": "푸리에 급수"
                    },
                    {
                        "word": "함수"
                    }
                ]
            },
            {
                "context_id": "55e-0c9-merge_96aba9d6-8c660725-47af-48b6-bc5e-9820d23ecc46_09",
                "context_K-NSCC": {
                    "field": "자연",
                    "large_category": "NA",
                    "medium_category": "01"
                },
                "context": "<p>이때 \\[ |u| ^ { 2 } + |v| ^ { 2 } -2|u||v| \\cos ( \\theta)= \\left (x_ { 1 } ^ { 2 } + y_ { 1 } ^ { 2 } \\right ) + \\left (x_ { 2 } ^ { 2 } + y_ { 2 } ^ { 2 } \\right )-2|u||v| \\cos ( \\theta) \\]</p> <p>이므로 \\[ \\left (x_ { 1 } -x_ { 2 } \\right ) ^ { 2 } + \\left (y_ { 1 } -y_ { 2 } \\right ) ^ { 2 } = \\left (x_ { 1 } ^ { 2 } + y_ { 1 } ^ { 2 } \\right ) + \\left (x_ { 2 } ^ { 2 } + y_ { 2 } ^ { 2 } \\right )-2|u||v| \\cos ( \\theta) . \\]</p> <p>따라서 \\[ x_ { 1 } x_ { 2 } + y_ { 1 } y_ { 2 } =|u||v| \\cos ( \\theta) \\]</p> <p>를 얻는다. 따라서 교과서 《기하와 벡터》에서 두 벡터 \\( u= \\left (x_ { 1 } , y_ { 1 } \\right ), v= \\left (x_ { 2 } , y_ { 2 } \\right ) \\) 의 내적 을 다음과 같이 정의한다. \\[ u \\cdot v=x_ { 1 } x_ { 2 } + y_ { 1 } y_ { 2 } =|u||v| \\cos ( \\theta) \\]</p> <p>내적의 용도는 벡터 \\( u \\) 를 벡터 \\( v \\) 에 수직으로 내릴 때 나타나는 벡터 \\( p r o j_ { v } u \\) 를 구하는 데 있다. 즉, \\[ \\operatorname { proj } _ { v } u= \\frac { u \\cdot v } { |v| ^ { 2 } } v \\]</p> <p>물론 이 정도의 벡터를 구하기 위하여 법석을 떠는 것은 아니다. 이제 의미를 생각해보자. 벡터 \\( v \\) 는 우리가 잘 아는 (일차원) 벡터공간을 대변하고 이 벡터공간에 있지 않은 미지의 벡터가 \\( u \\) 이다. 따라서, 잘 모르는 벡터를 우리가 잘 알고 있는 벡터공간에서 근사적으로 표현한 것이 \\( \\operatorname { proj } _ { v } u= \\frac { u \\cdot v } { |v| ^ { 2 } } v \\) 이다. 환원하면, \\( v \\) 가 생성하는 일차원 벡터공간에 있는 모든 벡터 중에서 \\( \\operatorname { proj } _ { v } u \\) 가 벡터 \\( u \\) 에 제일 가깝다.</p>",
                "context_length": 1271,
                "clue": [
                    {
                        "clue_text": "따라서 교과서 《기하와 벡터》에서 두 벡터 \\( u= \\left (x_ { 1 } , y_ { 1 } \\right ), v= \\left (x_ { 2 } , y_ { 2 } \\right ) \\) 의 내적 을 다음과 같이 정의한다.",
                        "clue_start": "522",
                        "clue_end": "650"
                    },
                    {
                        "clue_text": "내적의 용도는 벡터 \\( u \\) 를 벡터 \\( v \\) 에 수직으로 내릴 때 나타나는 벡터 \\( p r o j_ { v } u \\) 를 구하는 데 있다.",
                        "clue_start": "735",
                        "clue_end": "821"
                    }
                ],
                "terminology": [
                    {
                        "word": "근사"
                    },
                    {
                        "word": "기하"
                    },
                    {
                        "word": "내적"
                    },
                    {
                        "word": "벡터"
                    },
                    {
                        "word": "벡터공간"
                    },
                    {
                        "word": "수직"
                    },
                    {
                        "word": "환원"
                    }
                ]
            },
            {
                "context_id": "55e-0c9-merge_96aba9d6-8c660725-47af-48b6-bc5e-9820d23ecc46_03",
                "context_K-NSCC": {
                    "field": "자연",
                    "large_category": "NA",
                    "medium_category": "01"
                },
                "context": "<h2>\\( 6.4 \\)EXAMPLE</h2> <p>크기가 \\( 2 \\times 2 \\) 인 행렬의 모임 \\( \\left \\{\\left [ \\begin {array} { ll } a & b \\\\ c & d \\end {array} \\right ] \\mid a, b, c, d \\in \\mathbb { R } \\right \\} \\) 은 두 행렬의 합과 스카라연산 \\( k \\left [ \\begin {array} { ll } a & b \\\\ c & d \\end {array} \\right ]= \\left [ \\begin {array} { ll } k a & k b \\\\ k c & k d \\end {array} \\right ] \\) 에 의하여 사차원 \\( \\mathbb { R } \\)-벡터 공간이다. \\[ \\left \\{\\left [ \\begin {array} { ll } 1 & 0 \\\\ 0 & 0 \\end {array} \\right ], \\left [ \\begin {array} { ll } 0 & 1 \\\\ 0 & 0 \\end {array} \\right ], \\left [ \\begin {array} { ll } 0 & 0 \\\\ 1 & 0 \\end {array} \\right ], \\left [ \\begin {array} { ll } 0 & 0 \\\\ 0 & 1 \\end {array} \\right ] \\right \\} \\]</p> <p>는 한 기저이다.</p> <h2>\\( 6.5 \\) EXERCISE(피보나치 수열)</h2> <p>\\( V= \\left \\{\\left (c_ { 0 } , c_ { 1 } , c_ { 2 } , c_ { 3 } , \\cdots \\right ) c_ { i } \\in \\mathbb { R } , c_ { n + 2 } =c_ { n } + c_ { n + 1 } \\right \\} \\) 라 하자.</p> <ul> <li>(1) 덧셈(항별)과 스칼라곱(항별)에 대하여 \\( V \\) 는 실수벡터공간이다.</li> <li>(2) \\( c_ { 0 } \\) 와 \\( c_ { 1 } \\) 은 다른 모든 항을 결정한다.</li> <li>(3) \\( V \\) 의 임의의 원소는 \\( (1,0, \\cdots) \\) 와 \\( (0,1, \\cdots) \\) 의 선형결합으로 표현된다..</li> <li>(4) \\( \\operatorname { dim } _ { R } V=2 \\) 이다.</li> <li>(6) \\( t \\) 를 방정식 \\( x ^ { 2 } -x-1=0 \\) 의 근이라 하자. 이때 \\( \\left (1, t, t ^ { 2 } , t ^ { 3 } , \\cdots \\right ) \\in V \\).</li> <li>(7) \\( s \\) 와 \\( t \\) 를 \\( x ^ { 2 } -x-1=0 \\) 의 두 근이라 하자. \\( V \\) 의 임의의 원소는 \\( \\left (1, s, s ^ { 2 } , s ^ { 3 } , \\cdots \\right ) \\) 와 \\( \\left (1, t, t ^ { 2 } , t ^ { 3 } , \\cdots \\right ) \\) 의 선형결합으로 표현된다.</li> <li>(8) \\( c_ { n } (n=0,1,2, \\cdots) \\) 을 구하여라. 여기서 \\( c_ { n + 1 } =c_ { n } + c_ { n-1 } , c_ { 0 } =0, c_ { 1 } =1 \\).</li> <li></li></ul> <p>다음 예는 유한개의 벡터로 이루어진 벡터공간이다. 이어서 제공하는 신문기사를 수업에 활용해 보자.</p>",
                "context_length": 1740,
                "clue": [
                    {
                        "clue_text": "크기가 \\( 2 \\times 2 \\) 인 행렬의 모임 \\( \\left \\{\\left [ \\begin {array} { ll } a & b \\\\ c & d \\end {array} \\right ] \\mid a, b, c, d \\in \\mathbb { R } \\right \\} \\) 은 두 행렬의 합과 스카라연산 \\( k \\left [ \\begin {array} { ll } a & b \\\\ c & d \\end {array} \\right ]= \\left [ \\begin {array} { ll } k a & k b \\\\ k c & k d \\end {array} \\right ] \\) 에 의하여 사차원 \\( \\mathbb { R } \\)-벡터 공간이다.",
                        "clue_start": "29",
                        "clue_end": "390"
                    },
                    {
                        "clue_text": "\\( V= \\left \\{\\left (c_ { 0 } , c_ { 1 } , c_ { 2 } , c_ { 3 } , \\cdots \\right ) c_ { i } \\in \\mathbb { R } , c_ { n + 2 } =c_ { n } + c_ { n + 1 } \\right \\} \\) 라 하자.",
                        "clue_start": "747",
                        "clue_end": "913"
                    }
                ],
                "terminology": [
                    {
                        "word": "근"
                    },
                    {
                        "word": "기저"
                    },
                    {
                        "word": "방정식"
                    },
                    {
                        "word": "벡터"
                    },
                    {
                        "word": "벡터공간"
                    },
                    {
                        "word": "사차원"
                    },
                    {
                        "word": "선형결합"
                    },
                    {
                        "word": "스칼라곱"
                    },
                    {
                        "word": "실수벡터공간"
                    },
                    {
                        "word": "원소"
                    },
                    {
                        "word": "피보나치 수열"
                    },
                    {
                        "word": "행렬"
                    }
                ]
            },
            {
                "context_id": "55e-0c9-merge_96aba9d6-8c660725-47af-48b6-bc5e-9820d23ecc46_16",
                "context_K-NSCC": {
                    "field": "자연",
                    "large_category": "NA",
                    "medium_category": "01"
                },
                "context": "<p>\\( >\\) with(plots)</p> <p>\\( >P_ { - } 1:=p l o t(2 * P i + x, x=-2 * P i \\ldots 0): \\)</p> <p>\\( >P_ { - } 2:=p l o t(x, x=0 \\ldots 2 * P i): \\)</p> <p>\\( >P_ { - } 3:=p l o t(-2 * P i + x, x=2 * P i \\ldots 4 * P i): \\)</p> <p>\\( >P_ { - } 4:=p l o t(P i-2 *( \\sin (x) + 1 / 2 * \\sin (2 * x) + 1 / 3 * \\sin (3 * x) + 1 / 4 * \\sin (4 * x)), x=-2 * P i .4 * P i): \\)</p> <p>\\( >\\) display \\( \\left ( \\left \\{ P_ { - } 1, P_ { - } 2, P_ { - } 3, P_ { - } 4 \\right \\} \\right ) ; \\)</p> <p>행렬에 정의 된 내적을 예제(6.10)에서 \\(<A, B>= \\operatorname { tr } A B ^ { T } \\) 로 소개하였다. 본 내적이 미분을 활용한 최솟값 결정과 어떤 유사성이 있는지 알아보자. 교육과정으로 보면《고급 수학 II》에서 다루는 편도함수를 이용한 이변수함수의 최대-최솟값 문제이다.</p> <h2>\\( 6.15 \\) REMARK(푸리에 급수)</h2> <p>1800 년대 초에 푸리에(Joseph Fourier, 1768 1830, 프랑스)는 유한 폐구간에서 정의된 적당한 조건을 만족하는 함수119)는 사인과 코사인 함수의 무한합(삼각급수)으로 표현될 수 있다는 매우 놀라운 주장을 하였다. 그는 열전도에 대한 연구를 하다가 이 사실을 발 견하였다. 당시 몇몇 함수들이 이런 삼각급수에 의하여 표현될 수 있음이 이미 알려져 있 었으나 푸리에는 \\( [- \\pi, \\pi] \\) 에서 정의된 이와 같은 함수는 그와 같이 표현될 수 있다는 것 을 밝힌 것이다. 열전도, 신호와 같은 현상은 대체로 주기를 갖는다. 이 현상을 나타내는 편미분방정식에서 흔히 나타나는 (연속이 아닌) 주기함수를 다루기 위해서는 이 함수를 사인, 코사인 함수로 근사하는 것이 필요하다. 다음과 같이 삼각함수가 아닌 주기함수 \\[ y(x)=x ^ { 2 } \\quad(- \\pi \\leq x \\leq \\pi), \\quad y(x + 2 \\pi)=y(x) \\]</p>",
                "context_length": 1199,
                "clue": [
                    {
                        "clue_text": "1800 년대 초에 푸리에(Joseph Fourier, 1768 1830, 프랑스)는 유한 폐구간에서 정의된 적당한 조건을 만족하는 함수119)는 사인과 코사인 함수의 무한합(삼각급수)으로 표현될 수 있다는 매우 놀라운 주장을 하였다.",
                        "clue_start": "706",
                        "clue_end": "837"
                    },
                    {
                        "clue_text": "행렬에 정의 된 내적을 예제(6.10)에서 \\(<A, B>= \\operatorname { tr } A B ^ { T } \\) 로 소개하였다.",
                        "clue_start": "489",
                        "clue_end": "567"
                    }
                ],
                "terminology": [
                    {
                        "word": "REMARK"
                    },
                    {
                        "word": "REMARK(푸리에 급수)"
                    },
                    {
                        "word": "근사"
                    },
                    {
                        "word": "내적"
                    },
                    {
                        "word": "무한합"
                    },
                    {
                        "word": "미분"
                    },
                    {
                        "word": "사인 함수"
                    },
                    {
                        "word": "삼각급수"
                    },
                    {
                        "word": "삼각함수"
                    },
                    {
                        "word": "유한 폐구간"
                    },
                    {
                        "word": "이변수함수"
                    },
                    {
                        "word": "주기함수"
                    },
                    {
                        "word": "코사인 함수"
                    },
                    {
                        "word": "편도함수"
                    },
                    {
                        "word": "편미분방정식"
                    },
                    {
                        "word": "폐구간"
                    },
                    {
                        "word": "푸리에 급수"
                    },
                    {
                        "word": "행렬"
                    }
                ]
            },
            {
                "context_id": "55e-0c9-merge_96aba9d6-8c660725-47af-48b6-bc5e-9820d23ecc46_15",
                "context_K-NSCC": {
                    "field": "자연",
                    "large_category": "NA",
                    "medium_category": "01"
                },
                "context": "<p>(2) 벡터 \\( e ^ { x } \\) 는 \\( P_ { 2 } \\) 의 원소가 아니며 식(6-1), 식(6-2)로부터 벡터 \\[ \\left ( \\frac { 33 } { 4 } e ^ { -1 } - \\frac { 3 } { 4 } e \\right ) + 3 e ^ { -1 } x + \\frac { 15 } { 4 } \\left (e-7 e ^ { -1 } \\right ) x ^ { 2 } \\]</p> <p>는 \\( P_ { 2 } \\) 의 원소로 \\( e ^ { x } \\) 와 가장 가까운 벡터이다. 이 두 그래프를 Maple-을 이용하여 가까운 정도를 눈으로 확인하자. \\( \\begin {aligned} >f(x): &= \\exp (x) ; \\\\ & f(x):= \\exp (x) \\\\>g(x): &=(33 / 4 * \\exp (-1)-3 / 4 * \\exp (1)) + 3 * \\exp (-1) * x + 15 / 4 *( \\exp (1)-7 * \\exp (-1)) * x ^ {\\wedge } 2 \\\\ & g(x):=33 / 4 \\exp (-1)-3 / 4 \\exp (1) + 3 \\exp (-1) x + 15 / 4( \\exp (1)-7 \\exp (-1)) x ^ { 2 } \\\\>\\operatorname { plot } ( \\{ f(x), g(x) \\} , x=-1.1) ; \\end {aligned} \\)</p> <p>같은 방법으로 집합 \\( P_ { 1 } = \\{ a + b x \\mid a, b \\in \\mathbb { R } \\} \\) 은 \\( \\{ 1, x \\} \\) 를 기저(basis)로 하는 \\( C[-1,1] \\) 의 이차원 부분공간이다. 이때 벡터(일차함수) \\[ (4 e-10) + (18-6 e) x \\in P_ { 1 } \\] 은 벡터 \\( e ^ { x } \\) 에 가장 가까운 벡터임을 보일 수 있다. 이를 자세히 확인하기 바란다.</p> <h2>\\( 6.14 \\) EXAMPLE(내적의 용도.2)</h2> <p>주기가 \\( 2 \\pi \\) 인 함수 \\( f(x)=x \\) 로 만들어지는 톱니함수(sawtooth function)를 삼각함수로 접근하여 보자.</p> <ul> <li>풀이 구간 \\( [0,2 \\pi] \\) 에서 연속인 모든 함수들을 \\( C[0,2 \\pi] \\) 라 하고 \\[ \\{ 1, \\sin x, \\cdots, \\sin 4 x, \\cos x, \\cdots, \\cos 4 x \\} \\] 으로 생성된 \\( C[0,2 \\pi] \\) 의 9차원 부분공간에서 벡터 \\( f(x)=x \\) 와 가장 가까운 벡터 \\( g(x) \\) 를 구해보자.</li></ul> <ul> <li>(1) 기저 \\[ \\{ 1, \\sin x, \\cdots, \\sin 4 x, \\cos x, \\cdots, \\cos 4 x \\} \\] 는 행복하게도 직교기저이다. 그 이유는 독자들이 현행《적분과 통계》에서 지도하는 정 적분 \\[ \\begin {array} { l }< \\cos m x, \\cos n x>= \\int_ { 0 } ^ { 2 \\pi } \\cos m x \\cos n x d x=0(n \\neq m) \\\\< \\sin m x, \\sin n x>= \\int_ { 0 } ^ { 2 \\pi } \\sin m x \\sin n x d x=0(n \\neq m) \\\\< \\cos m x, \\sin n x>= \\int_ { 0 } ^ { 2 \\pi } \\cos m x \\sin n x d x=0 \\end {array} \\] 에서 찾을 수 있다. 단위직교기저로 바꾸면 \\[ \\left \\{\\frac { 1 } {\\sqrt { 2 \\pi } } , \\frac { 1 } {\\sqrt {\\pi } } \\sin x, \\cdots, \\frac { 1 } {\\sqrt {\\pi } } \\sin 4 x, \\frac { 1 } {\\sqrt {\\pi } } \\cos x, \\cdots, \\frac { 1 } {\\sqrt {\\pi } } \\cos 4 x \\right \\} \\]<caption>(6-3)</caption></li> <li>(2) 한편 \\( k=1,2,3,4 \\) 에 대하여 \\[ \\int_ { 0 } ^ { 2 \\pi } x \\sin k x d x=- \\frac { 2 \\pi } { k } , \\int_ { 0 } ^ { 2 \\pi } x \\cos k x d x=0 \\] 이므로 식(6-1)과 식(6-3)으로부터 \\[ \\left .g(x):= \\pi-2 \\left ( \\sin x + \\frac {\\sin 2 x } { 2 } + \\frac {\\sin 3 x } { 3 } + \\frac {\\sin 4 x } { 4 } \\right ) \\text { (Fourier series of } g(x) \\right ) \\] 이다. 이 과정은 주기가 \\( 2 \\pi \\) 인 주기함수 \\( f(x)=x \\) 를 sine과 cosine으로 이루어진 주기함 수 \\( g(x) \\) (푸리에 급수)로 근사한 것이다.</li></ul> <p>두 그래프를 비교해보자.</p>",
                "context_length": 2457,
                "clue": [
                    {
                        "clue_text": "는 \\( P_ { 2 } \\) 의 원소로 \\( e ^ { x } \\) 와 가장 가까운 벡터이다. 이 두 그래프를 Maple-을 이용하여 가까운 정도를 눈으로 확인하자.",
                        "clue_start": "235",
                        "clue_end": "328"
                    },
                    {
                        "clue_text": "같은 방법으로 집합 \\( P_ { 1 } = \\{ a + b x \\mid a, b \\in \\mathbb { R } \\} \\) 은 \\( \\{ 1, x \\} \\) 를 기저(basis)로 하는 \\( C[-1,1] \\) 의 이차원 부분공간이다.",
                        "clue_start": "697",
                        "clue_end": "829"
                    },
                    {
                        "clue_text": "이때 벡터(일차함수) \\[ (4 e-10) + (18-6 e) x \\in P_ { 1 } \\] 은 벡터 \\( e ^ { x } \\) 에 가장 가까운 벡터임을 보일 수 있다.",
                        "clue_start": "830",
                        "clue_end": "926"
                    }
                ],
                "terminology": [
                    {
                        "word": "basis"
                    },
                    {
                        "word": "cosine"
                    },
                    {
                        "word": "sawtooth function"
                    },
                    {
                        "word": "sine"
                    },
                    {
                        "word": "근사"
                    },
                    {
                        "word": "기저"
                    },
                    {
                        "word": "내적"
                    },
                    {
                        "word": "단위직교기저"
                    },
                    {
                        "word": "벡터"
                    },
                    {
                        "word": "부분공간"
                    },
                    {
                        "word": "삼각함수"
                    },
                    {
                        "word": "연속"
                    },
                    {
                        "word": "원소"
                    },
                    {
                        "word": "적분"
                    },
                    {
                        "word": "정적분"
                    },
                    {
                        "word": "주기함수"
                    },
                    {
                        "word": "직교기저"
                    },
                    {
                        "word": "집합"
                    },
                    {
                        "word": "톱니함수"
                    },
                    {
                        "word": "푸리에 급수"
                    },
                    {
                        "word": "함수"
                    }
                ]
            },
            {
                "context_id": "55e-0c9-merge_96aba9d6-8c660725-47af-48b6-bc5e-9820d23ecc46_21",
                "context_K-NSCC": {
                    "field": "자연",
                    "large_category": "NA",
                    "medium_category": "01"
                },
                "context": "<p>(1) 따라서 이들 점을 대변할 직선 \\( y=a + b x \\) 를 결정해야 하는데 직선에서 떨어진 각 점들의 거리의 제곱의 합을 하여 이를 최소화하자. 즉, \\[ L(a, b)= \\sum_ { i=1 } ^ { 3 } \\left (y_ { i } - \\left (a + b x_ { i } \\right ) \\right ) ^ { 2 } \\] 의 최솟값을 구해보자(《고급수학 II》). 변수 \\( a, b \\) 에 대하여 \\( L(a, b) \\) 의 값이 최소이려면 \\[ \\left \\{\\begin {array} { l } \\frac {\\partial L } {\\partial a } =-2 \\sum_ { i=1 } ^ { 3 } \\left (y_ { i } -a-b x_ { i } \\right )=0 \\\\ \\frac {\\partial L } {\\partial b } =-2 \\sum_ { i=1 } ^ { 3 } x_ { i } \\left (y_ { i } -a-b x_ { i } \\right )=0 \\end {array} \\right . \\] 이다. 따라서 연립방정식</p> <p>\\[ \\left \\{\\begin {array} { l } a 3 + b \\sum x_ { i } = \\sum y_ { i } \\\\ a \\sum x_ { i } + b \\sum x_ { i } ^ { 2 } = \\sum x_ { i } y_ { i } \\end {array} \\right . \\] 을 얻는다. 이 연립방정식 모양을 행렬형태로 표현하면 다음과 같다. \\[ \\left [ \\begin {array} { cc } 3 & \\sum x_ { i } \\\\ \\sum x_ { i } & \\sum x_ { i } ^ { 2 } \\end {array} \\right ] \\left [ \\begin {array} { l } a \\\\ b \\end {array} \\right ]= \\left [ \\begin {array} { c } \\sum y_ { i } \\\\ \\sum x_ { i } y_ { i } \\end {array} \\right ] . \\] 이를 더 자세히 행렬로 풀어 써보자. 먼저 행렬 \\( A= \\left [ \\begin {array} { ll } 1 & x_ { 1 } \\\\ 1 & x_ { 2 } \\\\ 1 & x_ { 3 } \\end {array} \\right ] \\) 에 대하여 전치행렬은 \\( A ^ { T } = \\left [ \\begin {array} { ccc } 1 & 1 & 1 \\\\ x_ { 1 } & x_ { 2 } & x_ { 3 } \\end {array} \\right ] \\) 이다. 이때, \\[ \\left [ \\begin {array} { cc } 3 & \\sum x_ { i } \\\\ \\sum x_ { i } & \\sum x_ { i } ^ { 2 } \\end {array} \\right ]=A ^ { T } A, \\left [ \\begin {array} { l } \\sum y_ { i } \\\\ \\sum x_ { i } y_ { i } \\end {array} \\right ]=A ^ { T } \\left [ \\begin {array} { l } y_ { 1 } \\\\ y_ { 2 } \\\\ y_ { 3 } \\end {array} \\right ] \\] 로 표현된다. 따라서 연립방정식은 다음과 같이 변형된다. \\[ A ^ { T } A \\left [ \\begin {array} { l } a \\\\ b \\end {array} \\right ]=A ^ { T } \\left [ \\begin {array} { l } y_ { 1 } \\\\ y_ { 2 } \\\\ y_ { 3 } \\end {array} \\right ] \\text { , 또는 } \\left [ \\begin {array} { l } a \\\\ b \\end {array} \\right ]= \\left (A ^ { T } A \\right ) ^ { -1 } A ^ { T } \\left [ \\begin {array} { l } y_ { 1 } \\\\ y_ { 2 } \\\\ y_ { 3 } \\end {array} \\right ] \\] (2) 직선 \\( y=a + b x \\) 에 세 점 \\( \\left (x_ { 1 } , y_ { 1 } \\right ), \\left (x_ { 2 } , y_ { 2 } \\right ), \\left (x_ { 3 } , y_ { 3 } \\right ) \\) 을 대입하면 연립방정식</p>",
                "context_length": 2180,
                "clue": [
                    {
                        "clue_text": "(1) 따라서 이들 점을 대변할 직선 \\( y=a + b x \\) 를 결정해야 하는데 직선에서 떨어진 각 점들의 거리의 제곱의 합을 하여 이를 최소화하자.",
                        "clue_start": "3",
                        "clue_end": "89"
                    },
                    {
                        "clue_text": "즉, \\[ L(a, b)= \\sum_ { i=1 } ^ { 3 } \\left (y_ { i } - \\left (a + b x_ { i } \\right ) \\right ) ^ { 2 } \\] 의 최솟값을 구해보자(《고급수학 II》).",
                        "clue_start": "90",
                        "clue_end": "219"
                    },
                    {
                        "clue_text": "변수 \\( a, b \\) 에 대하여 \\( L(a, b) \\) 의 값이 최소이려면 \\[ \\left \\{\\begin {array} { l } \\frac {\\partial L } {\\partial a } =-2 \\sum_ { i=1 } ^ { 3 } \\left (y_ { i } -a-b x_ { i } \\right )=0 \\\\ \\frac {\\partial L } {\\partial b } =-2 \\sum_ { i=1 } ^ { 3 } x_ { i } \\left (y_ { i } -a-b x_ { i } \\right )=0 \\end {array} \\right .",
                        "clue_start": "220",
                        "clue_end": "532"
                    }
                ],
                "terminology": [
                    {
                        "word": "변수"
                    },
                    {
                        "word": "연립방정식"
                    },
                    {
                        "word": "전치행렬"
                    },
                    {
                        "word": "최솟값"
                    },
                    {
                        "word": "행렬"
                    },
                    {
                        "word": "행렬형태"
                    }
                ]
            },
            {
                "context_id": "55e-0c9-merge_96aba9d6-8c660725-47af-48b6-bc5e-9820d23ecc46_17",
                "context_K-NSCC": {
                    "field": "자연",
                    "large_category": "NA",
                    "medium_category": "01"
                },
                "context": "<p>는 수 없이 많이 존재한다. 어떤 함수 \\( f(x) \\) 의 주기가 \\( 2 \\pi \\) 일 때, \\[ f(x)=a_ { 0 } + \\sum_ { n=1 } ^ {\\infty } \\left (a_ { n } \\cos (n x) + b_ { n } \\sin (n x) \\right ) \\] 로 나타내는 것이다. 본 문제는 무한급수에 있는 각 계수 \\[ a_ { 0 } , a_ { n } , b_ { n } (n=1,2,3, \\cdots) \\] 를 어떻게 구할 것인가에 귀착된다. 먼저 \\( a_ { 0 } \\) 를 구해보자. 양변을 \\( - \\pi \\) 부터 \\( \\pi \\) 까지 적분 하면 \\[ \\int_ { - \\pi } ^ {\\pi } f(x) d x= \\int_ { - \\pi } ^ {\\pi } \\left [a_ { 0 } + \\sum_ { n=1 } ^ {\\infty } \\left (a_ { n } \\cos (n x) + b_ { n } \\sin (n x) \\right ) \\right ] d x \\] 이고 항별적분에 의하여 \\[ \\int_ { - \\pi } ^ {\\pi } f(x) d x=a_ { 0 } \\int_ { - \\pi } ^ {\\pi } d x + \\sum_ { n=1 } ^ {\\infty } \\left (a_ { n } \\int_ { - \\pi } ^ {\\pi } \\cos (n x) d x + b_ { n } \\int_ { - \\pi] } ^ {\\pi } \\sin (n x) d x \\right ) \\] 이때 사인과 코사인이 들어간 오른쪽 항을 정적분하면 모두 0 이므로 \\[ \\int_ { - \\pi } ^ {\\pi } f(x) d x=a_ { 0 } \\int_ { - \\pi } ^ {\\pi } d x=2 \\pi a_ { 0 } \\] 따라서 \\[ a_ { 0 } = \\frac { 1 } { 2 \\pi } \\int_ { - \\pi } ^ {\\pi } f(x) d x \\]</p>",
                "context_length": 964,
                "clue": [
                    {
                        "clue_text": "\\[ f(x)=a_ { 0 } + \\sum_ { n=1 } ^ {\\infty } \\left (a_ { n } \\cos (n x) + b_ { n } \\sin (n x) \\right ) \\]",
                        "clue_start": "59",
                        "clue_end": "164"
                    },
                    {
                        "clue_text": "\\[ a_ { 0 } = \\frac { 1 } { 2 \\pi } \\int_ { - \\pi } ^ {\\pi } f(x) d x \\]",
                        "clue_start": "888",
                        "clue_end": "960"
                    }
                ],
                "terminology": [
                    {
                        "word": "계수"
                    },
                    {
                        "word": "귀착"
                    },
                    {
                        "word": "무한급수"
                    },
                    {
                        "word": "사인"
                    },
                    {
                        "word": "양변"
                    },
                    {
                        "word": "적분"
                    },
                    {
                        "word": "정적분"
                    },
                    {
                        "word": "코사인"
                    },
                    {
                        "word": "함수"
                    },
                    {
                        "word": "항별적분"
                    }
                ]
            },
            {
                "context_id": "55e-0c9-merge_96aba9d6-8c660725-47af-48b6-bc5e-9820d23ecc46_05",
                "context_K-NSCC": {
                    "field": "자연",
                    "large_category": "NA",
                    "medium_category": "01"
                },
                "context": "<p>는 원소 \\( \\{ 0,1 \\} \\) 로 이루어진 유한체 \\( F_ { 2 } \\) (흔히 \\( \\mathrm { Z } _ { 2 } \\) 를 사용하기도 한다.)에서 \\[ V=F_ { 2 } \\times \\cdots \\times F_ { 2 } = \\left (F_ { 2 } \\right ) ^ { 5 } \\]</p> <p>는 좌표가 5 개로 이루어진 5 차원 \\( F_ { 2 } \\)-벡터공간이다.</p> <p>(1) \\( V= \\left (F_ { 2 } \\right ) ^ { 5 } \\) 의 원소의 개수는 \\( 2 ^ { 5 } =32 \\) 이고 원소 \\( (1,0,1,0,1) \\in V \\) 를 괄호 없이 간 단히 10101 로 사용한다. 부호 \\( C= \\{ 00000,01101,10110,11011 \\} \\) 는 벡터공간 \\( \\left (F_ { 2 } \\right ) ^ { 5 } \\) 의 부분공간이다. 특히, 부분공간 \\( C \\) 는 두 원소 10110,01101 에 의하여 생성된다. 즉,</p> <p>\\( 11011=10110 + 01101 \\). 따라서 부호 \\( C \\) 는 이차원 벡터공간이다.</p> <p>(2) 수색대가 받은 수신벡터 \\( w=11110 \\) 을 복호하여 보자.</p> <ul> <li>풀이 \\( w=11110 \\) 에 대하여 잉여류 \\( w + C= \\{ 11110,10011,01000,00101 \\} \\epsilon V / C \\) (잉여군)이고 0이 제일 많은 것(coset leader)은 01000 이므로 \\[ w + C= \\{ 11110,10011,01000,00101 \\} =01000 + C \\]</li></ul> <p>이다. 따라서 \\( w=11110 \\) 는</p> <p>\\[ w-01000=11110-01000=10110= \\text { 남 } \\] 으로 복호된다.</p> <p>(3) 다음 기사를 수업에 활용해 보자. (2)에서 소개한 복호 방법을 강조해 보자.</p> <ul> <li>화성 탐사선은 지구와 어떻게 통신할까(이지영, 2012. 08. 14, 엔터프라이즈)</li></ul> <p>우주는 진공 공간이다. 보통 대부분의 파동은 매질이 있어야 전송된다. 이 논리에 따르면 진공 공간인 우주에서는 전파가 전달되지 않아 통신이 되지 않을 것으로 보인다. 그러나 우린 미국항공 우주국(NASA)에서 우주로 쏘아올린 각종 탐사선들이 보내온 정보들을 NASA 홈페이지를 통해 보고 있다. NASA가 지난 8월6일 화성에 쏘아 올린 탐사 로봇 ‘큐리오시티'의 활약상을 큐리오시 티 전용 웹사이트를 통해 보고 있는 것처럼 말이다.</p>",
                "context_length": 1300,
                "clue": [
                    {
                        "clue_text": "부호 \\( C= \\{ 00000,01101,10110,11011 \\} \\) 는 벡터공간 \\( \\left (F_ { 2 } \\right ) ^ { 5 } \\) 의 부분공간이다.",
                        "clue_start": "370",
                        "clue_end": "467"
                    },
                    {
                        "clue_text": "따라서 \\( w=11110 \\) 는</p> <p>\\[ w-01000=11110-01000=10110= \\text { 남 } \\] 으로 복호된다.",
                        "clue_start": "844",
                        "clue_end": "924"
                    }
                ],
                "terminology": [
                    {
                        "word": "coset"
                    },
                    {
                        "word": "매질"
                    },
                    {
                        "word": "벡터공간"
                    },
                    {
                        "word": "복호 방법"
                    },
                    {
                        "word": "부분공간"
                    },
                    {
                        "word": "수신벡터"
                    },
                    {
                        "word": "원소"
                    },
                    {
                        "word": "유한체"
                    },
                    {
                        "word": "잉여군"
                    },
                    {
                        "word": "잉여류"
                    },
                    {
                        "word": "전송"
                    },
                    {
                        "word": "진공"
                    },
                    {
                        "word": "차원"
                    }
                ]
            },
            {
                "context_id": "55e-0c9-merge_96aba9d6-8c660725-47af-48b6-bc5e-9820d23ecc46_06",
                "context_K-NSCC": {
                    "field": "자연",
                    "large_category": "NA",
                    "medium_category": "01"
                },
                "context": "<p>큐리오시티는 화성에 미생물이 즌재했는지 등 화성에서의 인류 생즌 가능성을 평가하기 위해 NASA가 쏘아 올린 탐사 로봇이다. 길이 \\( 3 \\mathrm { ~m } \\), 무게 \\( 900 \\mathrm { ~kg } \\) 으로 경차 1 대 크기다. 큐리오시티는 화성 표면에 무사히 안착하기 무섭게 사진과 동영상 등 각종 정보를 지구로 전달하고 있다. 대체 어떻게 지구로 정보를 전달하고 있는 것일까.</p> <p>\"전파는 다른 매질이 없어도 전송할 수 있습니다. 대기중이든 진공인 공간에서든 상관 없습니 다. 우주 공간에서도 통신이 가능하다는 예기지요.\"</p> <p>이성팔 한국전자통신연구원 위성시스템팀 책임연구원은 우주와 지구 간 통신에는 라디오나 텔 레비전 같은 방송기기나 휴대폰 같은 통신기기에 사용되는 전파가 사용된다고 설명했다. 탐사 로 봇이 수집한 데이터를 지구로 전송하는 통신 원리가 지구에서 텔레비전 영상과 음향을 송수신하는 원리와 크게 다르지 않다는 애기다.</p> <p>차이가 있다면 우주에서 사용하는 주파수들은 지상과 비교했을 때 먼 거리를 다니다보니 전파 세기가 강한 높은 주파수 대역을 사용한다. 이렇게 주파수가 높아지면 직진성이 강해서 장애물이 있거나 비가 올 때 세기가 약해지는 감쇠 현상이 두드러지진다. 매질이 없는 우주 공간에서 방향만 잘 맞춘다면 거의 일직선으로 주파수가 지구에 전송돼 정보를 받을 수 있다.</p> <p>\"우주에서 사용하는 주파수 대역은 \\( 1 \\mathrm { GHz } \\) 에서 \\( 30 \\mathrm { GHz } \\) 사이입니다. 라디오가 \\( 700 \\mathrm { MHz } \\) 를 수준 의 주파수를 사용한다는 점에 비쳐밨을 때 약 1천배 이상 높은 주파수를 사용하고 있는 셈이지 요. 지상에서 사용하는 텔레비전과 라디오 주파수 대역이 나뉘어 있는 것처럼 우주에서 사용하는 주파수 대역이 나뉘어 있습니다.\"</p> <p>큐리오시티에는 하루에 두 번 극초단파 (UHF) 주파수를 통해 정보를 보낸다. 내장된 3 3개의 안테나는 이때 사용된다. 큐리오시티가 보낸 데이터가 지구에 도달하기까지는 약 15 분이 걸린다.</p> <p>지구와 화성 간 거리는 2 억5천만km다. 여기 에 큐리오시티가 지구의 공전과 자전을 염두에 두고 주파수를 지구에 보내기 때문에 전송 시 간 차이가 발생한다. 우주와 지구 간 실시간 통신은 거의 불가능하다.</p> <p>그렇다 보니 NASA는 조금이라도 정보를 전달 받는데 걸리는 시간을 줄이고자, 인공위성 오디 세이를 활용한다. 2001년 발사돼 화성 궤도를 돌고 있는 오디세이는 화성 탐사 로봇의 데이터 대 부분을 화성과 지구 사이에서 중개하고 있다. 오디세이가 탐사로봇 큐리오시티와 통신하고 이를 지구로 다시 전송하는 셈이다. 화성 궤도를 돌고 있는 또 다른 위성 화성 궤도 정찰위성(MRO)과 유럽 화성 익스프레스(EME)도 큐리오시티로부터 정보를 전달받아 지구로 전송하는 중개 역할을 담당하고 있다.</p>",
                "context_length": 1467,
                "clue": [
                    {
                        "clue_text": "큐리오시티는 화성에 미생물이 즌재했는지 등 화성에서의 인류 생즌 가능성을 평가하기 위해 NASA가 쏘아 올린 탐사 로봇이다.",
                        "clue_start": "3",
                        "clue_end": "72"
                    },
                    {
                        "clue_text": "길이 \\( 3 \\mathrm { ~m } \\), 무게 \\( 900 \\mathrm { ~kg } \\) 으로 경차 1 대 크기다.",
                        "clue_start": "73",
                        "clue_end": "143"
                    },
                    {
                        "clue_text": "큐리오시티는 화성 표면에 무사히 안착하기 무섭게 사진과 동영상 등 각종 정보를 지구로 전달하고 있다.",
                        "clue_start": "144",
                        "clue_end": "200"
                    },
                    {
                        "clue_text": "이성팔 한국전자통신연구원 위성시스템팀 책임연구원은 우주와 지구 간 통신에는 라디오나 텔 레비전 같은 방송기기나 휴대폰 같은 통신기기에 사용되는 전파가 사용된다고 설명했다.",
                        "clue_start": "323",
                        "clue_end": "418"
                    },
                    {
                        "clue_text": "큐리오시티에는 하루에 두 번 극초단파 (UHF) 주파수를 통해 정보를 보낸다.",
                        "clue_start": "952",
                        "clue_end": "995"
                    }
                ],
                "terminology": [
                    {
                        "word": "감쇠 현상"
                    },
                    {
                        "word": "극초단파 (UHF)"
                    },
                    {
                        "word": "매질"
                    },
                    {
                        "word": "미생물"
                    },
                    {
                        "word": "송수신"
                    },
                    {
                        "word": "안테나"
                    },
                    {
                        "word": "오디세이"
                    },
                    {
                        "word": "위성 화성 궤도 정찰위성(MRO)"
                    },
                    {
                        "word": "유럽 화성 익스프레스(EME)"
                    },
                    {
                        "word": "전송"
                    },
                    {
                        "word": "전파"
                    },
                    {
                        "word": "주파수"
                    },
                    {
                        "word": "주파수 대역"
                    },
                    {
                        "word": "진공"
                    },
                    {
                        "word": "큐리오시티"
                    },
                    {
                        "word": "탐사 로봇"
                    }
                ]
            },
            {
                "context_id": "55e-0c9-merge_96aba9d6-8c660725-47af-48b6-bc5e-9820d23ecc46_23",
                "context_K-NSCC": {
                    "field": "자연",
                    "large_category": "NA",
                    "medium_category": "01"
                },
                "context": "<p>라 하면 다음 그림을 얻는다.</p> <p>연립방정식 식(6-4)의 해를 갖게하려면 \\( A= \\left [ \\begin {array} { ll } 1 & x_ { 1 } \\\\ 1 & x_ { 2 } \\\\ 1 & x_ { 3 } \\end {array} \\right ] \\) 에 대하여 \\[ A \\left [ \\begin {array} { l } a \\\\ b \\end {array} \\right ]= \\operatorname { proj } _ { W } f \\] 로 하는 것이 최선의 선택이다. 한편, 벡터 \\( f- \\operatorname { proj } _ { W } f \\) 는 정의에 의하여 벡터공간 \\( W \\) 에 수직이므로 따라서 \\( W \\) 의 원소와의 내적은 0 이다. 즉, \\[ A ^ { T } \\left (f-p r o j_ { W } f \\right )=0 \\] 이다. 우리의 최선의 선택 \\( A[a]= \\operatorname { proj } _ { W } f \\) 를 사용하면 \\[ A ^ { T } \\left (f-A \\left [ \\begin {array} { l } a \\\\ b \\end {array} \\right ] \\right )=0 \\text { 또는 } A ^ { T } A \\left [ \\begin {array} { l } a \\\\ b \\end {array} \\right ]=A ^ { T } f . \\] 미분을 사용하여 얻은 식 \\[ \\left [ \\begin {array} { l } a \\\\ b \\end {array} \\right ]= \\left (A ^ { T } A \\right ) ^ { -1 } A ^ { T } \\left [ \\begin {array} { l } y_ { 1 } \\\\ y_ { 2 } \\\\ y_ { 3 } \\end {array} \\right ] \\] 를 다시 얻는다. 잠시 후 제7장에서 이에 대한 구체적인 예를 들어보겠다.</p> <h2>\\( 6.17 \\) REMARK</h2> <p>내적은 최적의 백터를 구하는 데 있어 미분과 동일한 역할을 한다. 즉, 선형대수학에서 \\( A \\left [ \\begin {array} { l } a \\\\ b \\end {array} \\right ]= \\operatorname { proj } _ { w f } f \\) 와 미적분에서 \\( \\frac {\\partial L } {\\partial a } = \\frac {\\partial L } {\\partial b } =0 \\) (《고급수학 II》)은 같은 맥락이다. 두 예제 (6.14)과 예제(6.16)는 우리가 대하는 함수란 일, 이차 정도의 다항함수, 그리고 일반적인 주기함수는 삼각함수임을 뜻한다. 특히 우리가 정적분을 할 수 있는 함수의 대상은 기껏 해야 일, 이차다항함수 정도이다. 예를 들어, 초등학교 6 학년에서 개념으로 접하는 분수 함수 \\( y=1 / x \\) 에 대한 정적분 \\( \\int_ { 1 } ^ { 2 } \\frac { 1 } { x } d x \\) 조차도 인간은 구할 수 없다.</p>",
                "context_length": 1502,
                "clue": [
                    {
                        "clue_text": "한편, 벡터 \\( f- \\operatorname { proj } _ { W } f \\) 는 정의에 의하여 벡터공간 \\( W \\) 에 수직이므로 따라서 \\( W \\) 의 원소와의 내적은 0 이다.",
                        "clue_start": "280",
                        "clue_end": "388"
                    },
                    {
                        "clue_text": "내적은 최적의 백터를 구하는 데 있어 미분과 동일한 역할을 한다.",
                        "clue_start": "991",
                        "clue_end": "1027"
                    },
                    {
                        "clue_text": "즉, 선형대수학에서 \\( A \\left [ \\begin {array} { l } a \\\\ b \\end {array} \\right ]= \\operatorname { proj } _ { w f } f \\) 와 미적분에서 \\( \\frac {\\partial L } {\\partial a } = \\frac {\\partial L } {\\partial b } =0 \\) (《고급수학 II》)은 같은 맥락이다.",
                        "clue_start": "1028",
                        "clue_end": "1249"
                    }
                ],
                "terminology": [
                    {
                        "word": "REMARK"
                    },
                    {
                        "word": "내적"
                    },
                    {
                        "word": "다항함수"
                    },
                    {
                        "word": "미분"
                    },
                    {
                        "word": "미적분"
                    },
                    {
                        "word": "벡터"
                    },
                    {
                        "word": "벡터공간"
                    },
                    {
                        "word": "분수 함수"
                    },
                    {
                        "word": "삼각함수"
                    },
                    {
                        "word": "선형대수학"
                    },
                    {
                        "word": "연립방정식"
                    },
                    {
                        "word": "원소"
                    },
                    {
                        "word": "이차다항함수"
                    },
                    {
                        "word": "정적분"
                    },
                    {
                        "word": "주기함수"
                    },
                    {
                        "word": "함수"
                    }
                ]
            },
            {
                "context_id": "55e-0c9-merge_96aba9d6-8c660725-47af-48b6-bc5e-9820d23ecc46_11",
                "context_K-NSCC": {
                    "field": "자연",
                    "large_category": "NA",
                    "medium_category": "01"
                },
                "context": "<p>이다. 벡터공간 \\( V= \\mathbb { R } ^ { 2 } \\) 은 이차원 \\( \\mathbb { R } \\)-벡터공간이다. 두 벡터(점) \\( u= \\left (x_ { 1 } , y_ { 1 } \\right ), v= \\) \\( \\left (x_ { 2 } , y_ { 2 } \\right ) \\) 에 대하여 \\( \\langle u, v \\rangle=x_ { 1 } x_ { 2 } + y_ { 1 } y_ { 2 } \\) 는 정의(6.1)을 만족한다. 따라서 두 벡터(점)사 이의 거리는 다음과 같다. \\[ \\begin {aligned} d(u, v) &= \\left \\| \\left (x_ { 1 } , y_ { 1 } \\right )- \\left (x_ { 2 } , y_ { 2 } \\right ) \\right \\|= \\left \\| \\left (x_ { 1 } -x_ { 2 } , y_ { 1 } -y_ { 2 } \\right ) \\right \\| \\\\ &=< \\left (x_ { 1 } -x_ { 2 } , y_ { 1 } -y_ { 2 } \\right ), \\left (x_ { 1 } -x_ { 2 } , y_ { 1 } -y_ { 2 } \\right )>^ { 1 / 2 } \\\\ &= \\left [ \\left (x_ { 1 } -x_ { 2 } \\right ) ^ { 2 } + \\left (y_ { 1 } -y_ { 2 } \\right ) ^ { 2 } \\right ] ^ { 1 / 2 } . \\end {aligned} \\] \\( C[a, b] \\) 를 구간 \\( [a, b] \\) 에서 정의된 모든 실수값 연속함수의 모임이라 하면, \\( C[a, b] \\) 는 무한차원 실수-벡터공간(infinite dimensional \\( \\mathbb { R } \\)-vector space)이다. 두 벡터 \\( f, g \\in V \\) 에 대하여 \\[<f, g>= \\int_ { a } ^ { b } f(x) g(x) d x \\]</p> <p>로 정의하자. 이 정의는 정의(6.7)을 만족하므로 \\( V \\) 에서 정의된 한 내적이며, 두 벡터 \\( f, g \\) 사이의 거리는 \\[ \\|f-g \\|= \\left [ \\int_ { a } ^ { b } [f(x)-g(x)] ^ { 2 } d x \\right ] ^ {\\frac { 1 } { 2 } } \\] 이다. 특히, \\[ \\|f-g \\| ^ { 2 } = \\int_ { a } ^ { b } [f(x)-g(x)] ^ { 2 } d x \\] 을 평균제곱오차(mean square error)라 부른다((6.16)EXAMPLE 참고). 내적의 활용으로 적분을 깊이 있게 다루어 보자. 유한차원 벡터공간에서 직교기저 (orthogonal basis)를 구하는 방법을 Gram-Schmidt 방법117)이라 부른다.</p>",
                "context_length": 1403,
                "clue": [
                    {
                        "clue_text": "벡터공간 \\( V= \\mathbb { R } ^ { 2 } \\) 은 이차원 \\( \\mathbb { R } \\)-벡터공간이다.",
                        "clue_start": "7",
                        "clue_end": "76"
                    },
                    {
                        "clue_text": "두 벡터(점) \\( u= \\left (x_ { 1 } , y_ { 1 } \\right ), v= \\) \\( \\left (x_ { 2 } , y_ { 2 } \\right ) \\) 에 대하여 \\( \\langle u, v \\rangle=x_ { 1 } x_ { 2 } + y_ { 1 } y_ { 2 } \\) 는 정의(6.1)을 만족한다.",
                        "clue_start": "77",
                        "clue_end": "263"
                    },
                    {
                        "clue_text": "따라서 두 벡터(점)사 이의 거리는 다음과 같다.",
                        "clue_start": "264",
                        "clue_end": "291"
                    },
                    {
                        "clue_text": " \\( C[a, b] \\) 를 구간 \\( [a, b] \\) 에서 정의된 모든 실수값 연속함수의 모임이라 하면, \\( C[a, b] \\) 는 무한차원 실수-벡터공간(infinite dimensional \\( \\mathbb { R } \\)-vector space)이다.",
                        "clue_start": "765",
                        "clue_end": "913"
                    },
                    {
                        "clue_text": "유한차원 벡터공간에서 직교기저 (orthogonal basis)를 구하는 방법을 Gram-Schmidt 방법117)이라 부른다.",
                        "clue_start": "1328",
                        "clue_end": "1399"
                    }
                ],
                "terminology": [
                    {
                        "word": "Gram-Schmidt"
                    },
                    {
                        "word": "basis"
                    },
                    {
                        "word": "orthogonal basis"
                    },
                    {
                        "word": "내적"
                    },
                    {
                        "word": "무한차원"
                    },
                    {
                        "word": "무한차원 실수-벡터공간"
                    },
                    {
                        "word": "벡터"
                    },
                    {
                        "word": "벡터공간"
                    },
                    {
                        "word": "연속함수"
                    },
                    {
                        "word": "유한차원"
                    },
                    {
                        "word": "유한차원 벡터공간"
                    },
                    {
                        "word": "이차원"
                    },
                    {
                        "word": "적분"
                    },
                    {
                        "word": "직교기저"
                    },
                    {
                        "word": "평균제곱오차"
                    },
                    {
                        "word": "평균제곱오차(mean square error)"
                    }
                ]
            },
            {
                "context_id": "55e-0c9-merge_96aba9d6-8c660725-47af-48b6-bc5e-9820d23ecc46_20",
                "context_K-NSCC": {
                    "field": "자연",
                    "large_category": "NA",
                    "medium_category": "01"
                },
                "context": "<p>를 \\( n=5 \\) 로 하여 합각함수의 합으로 하면 \\[ f(x) \\simeq 2 \\left ( \\sin x- \\frac {\\sin 2 x } { 2 } + \\frac {\\sin 3 x } { 3 } - \\frac {\\sin 4 x } { 4 } + \\frac {\\sin 5 x } { 5 } \\right ) \\] 이다. 그림으로 비교하면 다음과 같다.</p> <p>with(plots):</p> <p>\\( >P_ { - } 1:=p \\operatorname { lot } (x, x=-P i \\ldots P i): \\)</p> <p>\\( >P_ { - } 2:=p \\operatorname { lot } (x-2 * P i, x=P i \\ldots 3 * P i): \\)</p> <p></p> <p>\\( >P_ { - } 3:=p \\operatorname { lot } (-4 * P i + x, x=3 * P i .5 * P i): \\)</p> <p>\\( >P_ { - } 4:=p l o t(2 * \\sin (x)- \\sin (2 * x) + 2 / 3 * \\sin (3 * x)-1 / 2 * \\sin (4 * x) + 2 / 5 * \\sin (5 * x), x=-P i \\ldots 5 * P i): \\)</p> <p>\\( >\\) display \\( \\left ( \\left \\{ P_ { - } 1, P_ { - } 2, P_ { - } 3, P_ { - } 4 \\right \\} \\right ) ; \\)</p> <h2>\\( 6.16 \\)EXAMPLE(내적의 용도 3)</h2> <p>현상으로부터 만들어진 연립방정식의 해는 일반적으로 존재 하지 않는다. 예를 들어, 실험값이 \\( \\left (x_ { 1 } , y_ { 1 } \\right ), \\left (x_ { 2 } , y_ { 2 } \\right ), \\left (x_ { 3 } , y_ { 3 } \\right ) \\) 일 때, 이를 대변하는 직선 \\( y=a + b x \\) 를 결정해보자(등속운동 의 속도, 저항체의 저항, 용수철의 용수철계수 등(수학(1)). 물 론 실험에서 얻은 데이터 \\( \\left (x_ { 1 } , y_ { 1 } \\right ), \\left (x_ { 2 } , y_ { 2 } \\right ), \\left (x_ { 3 } , y_ { 3 } \\right ) \\) 은 일반 적으로 동일 직선 위에 있지 않다.</p>",
                "context_length": 1193,
                "clue": [
                    {
                        "clue_text": "를 \\( n=5 \\) 로 하여 합각함수의 합으로 하면 \\[ f(x) \\simeq 2 \\left ( \\sin x- \\frac {\\sin 2 x } { 2 } + \\frac {\\sin 3 x } { 3 } - \\frac {\\sin 4 x } { 4 } + \\frac {\\sin 5 x } { 5 } \\right ) \\] 이다.",
                        "clue_start": "3",
                        "clue_end": "183"
                    },
                    {
                        "clue_text": "예를 들어, 실험값이 \\( \\left (x_ { 1 } , y_ { 1 } \\right ), \\left (x_ { 2 } , y_ { 2 } \\right ), \\left (x_ { 3 } , y_ { 3 } \\right ) \\) 일 때, 이를 대변하는 직선 \\( y=a + b x \\) 를 결정해보자(등속운동 의 속도, 저항체의 저항, 용수철의 용수철계수 등(수학(1)). 물 론 실험에서 얻은 데이터 \\( \\left (x_ { 1 } , y_ { 1 } \\right ), \\left (x_ { 2 } , y_ { 2 } \\right ), \\left (x_ { 3 } , y_ { 3 } \\right ) \\) 은 일반 적으로 동일 직선 위에 있지 않다.",
                        "clue_start": "824",
                        "clue_end": "1189"
                    },
                    {
                        "clue_text": "현상으로부터 만들어진 연립방정식의 해는 일반적으로 존재 하지 않는다.",
                        "clue_start": "785",
                        "clue_end": "823"
                    }
                ],
                "terminology": [
                    {
                        "word": "연립방정식"
                    },
                    {
                        "word": "합각함수"
                    },
                    {
                        "word": "해"
                    }
                ]
            },
            {
                "context_id": "55e-0c9-merge_96aba9d6-8c660725-47af-48b6-bc5e-9820d23ecc46_22",
                "context_K-NSCC": {
                    "field": "자연",
                    "large_category": "NA",
                    "medium_category": "01"
                },
                "context": "<p>\\[ \\left \\{\\begin {array} { l } y_ { 1 } =a + b x_ { 1 } \\\\ y_ { 2 } =a + b x_ { 2 } \\\\ y_ { 3 } =a + b x_ { 3 } \\end {array} \\right . \\]<caption>(6-4)</caption></p> <p>을 얻는다. 연립방정식을 행렬로 나타내면 \\[ \\left [ \\begin {array} { ll } 1 & x_ { 1 } \\\\ 1 & x_ { 2 } \\\\ 1 & x_ { 3 } \\end {array} \\right ] \\left [ \\begin {array} { l } a \\\\ b \\end {array} \\right ]= \\left [ \\begin {array} { l } y_ { 1 } \\\\ y_ { 2 } \\\\ y_ { 3 } \\end {array} \\right ] \\text { 또는 } a \\left [ \\begin {array} { l } 1 \\\\ 1 \\\\ 1 \\end {array} \\right ] + b \\left [ \\begin {array} { l } x_ { 1 } \\\\ x_ { 2 } \\\\ x_ { 3 } \\end {array} \\right ]= \\left [ \\begin {array} { l } y_ { 1 } \\\\ y_ { 2 } \\\\ y_ { 3 } \\end {array} \\right ] \\text { . } \\] 따라서 식(6-4)의 해가 존재하지 못한다는 이야기는 벡터 \\( f= \\left [ \\begin {array} { l } y_ { 1 } \\\\ y_ { 2 } \\\\ y_ { 3 } \\end {array} \\right ] \\) 는 두 벡터 \\( \\left [ \\begin {array} { l } 1 \\\\ 1 \\\\ 1 \\end {array} \\right ] \\), \\( \\left [ \\begin {array} { l } x_ { 1 } \\\\ x_ { 2 } \\\\ x_ { 3 } \\end {array} \\right ] \\) 로 생성된 벡터공간( \\( W \\) 라 하자)에 존재하지 않는다는 것이다. 따라서 \\( g=p r o j_ { W f } \\)</p>",
                "context_length": 1071,
                "clue": [
                    {
                        "clue_text": "연립방정식을 행렬로 나타내면 \\[ \\left [ \\begin {array} { ll } 1 & x_ { 1 } \\\\ 1 & x_ { 2 } \\\\ 1 & x_ { 3 } \\end {array} \\right ] \\left [ \\begin {array} { l } a \\\\ b \\end {array} \\right ]= \\left [ \\begin {array} { l } y_ { 1 } \\\\ y_ { 2 } \\\\ y_ { 3 } \\end {array} \\right ] \\text { 또는 } a \\left [ \\begin {array} { l } 1 \\\\ 1 \\\\ 1 \\end {array} \\right ] + b \\left [ \\begin {array} { l } x_ { 1 } \\\\ x_ { 2 } \\\\ x_ { 3 } \\end {array} \\right ]= \\left [ \\begin {array} { l } y_ { 1 } \\\\ y_ { 2 } \\\\ y_ { 3 } \\end {array} \\right ] \\text { . } \\]",
                        "clue_start": "179",
                        "clue_end": "703"
                    }
                ],
                "terminology": [
                    {
                        "word": "벡터"
                    },
                    {
                        "word": "벡터공간"
                    },
                    {
                        "word": "연립방정식"
                    },
                    {
                        "word": "행렬"
                    }
                ]
            }
        ]
    }
}