{
    "dataset_info": {
        "identifier": "02-031-002-NL",
        "name": "기술과학 문서 요약 데이터",
        "category": "자연어",
        "last_updated": "2023-08-30"
    },
    "dataset": {
        "doc_id": "96aba9d6-c82065bc-b2c7-4064-a275-47decfffc37b",
        "doc_type": "도서",
        "doc_title": {
            "kor": "M521-기초정수론",
            "eng": ""
        },
        "doc_category": {
            "KDC": "412.9",
            "DDC": ""
        },
        "doc_number": {
            "ISSN": "",
            "ISBN": "9788961055215",
            "DOI": "",
            "UCI": ""
        },
        "doc_year": "2012",
        "doc_author": [
            "오정환",
            "이준복"
        ],
        "doc_publisher": "경문사",
        "doc_license": "저작권 협의됨",
        "context_info": [
            {
                "context_id": "55e-0c9-merge_96aba9d6-c82065bc-b2c7-4064-a275-47decfffc37b_07",
                "context_K-NSCC": {
                    "field": "자연",
                    "large_category": "NA",
                    "medium_category": "06"
                },
                "context": "<p>\\[ \\begin {aligned} d &=r_ { n-2 } -q_ { n } r_ { n-1 } \\\\ &=r_ { n-2 } -q_ { n } \\left (r_ { n-3 } -q_ { n-1 } r_ { n-2 } \\right ) \\\\ &=r_ { n-2 } \\left (1 + q_ { n } q_ { n-1 } \\right )-r_ { n-3 } q_ { n } . \\end {aligned} \\]</p> <p>여기에 \\( r_ { n-2 } =r_ { n-4 } -q_ { n-2 } r_ { n-3 } \\)등으로 치환하여 올라가면 드디어 \\( d=a x + b y \\) 꼴이 되게 할 수 있다.</p> <p>위의 과정으로 2437과 51329의 최대공약수 \\( d=1 \\)을 \\( a x + b y \\)의 꼴로 표시하면,</p> <p>\\[ 2437 x + 51329 y=1 \\]</p> <p>이고</p> <p>\\[ \\begin {aligned} 1 &=5-2 \\cdot 2 \\\\ &=5-2(152-30 \\cdot 5)=-2 \\cdot 152 + 61 \\cdot 5 \\\\ &=-2 \\cdot 152 + 61(2437-16 \\cdot 152) \\\\ &=61 \\cdot 2437-978 \\cdot 152 \\\\ &=61 \\cdot 2437-978(51329-21 \\cdot 2437) \\\\ &=20599 \\cdot 2437-978 \\cdot 51329 \\end {aligned} \\]</p> <p>이다. 그러므로 \\( x=20599, ~y=-978 \\)이 된다.</p> <p>정리 2.5</p> <p>\\( d= \\operatorname { gcd } (a, b) \\)이면,</p> <ol type=1 start=1><li>\\( d=1 \\)이 되기 위한 필요충분조건은 정수 \\( x, y \\)가 존재하여 \\( a x + b y=1 \\)을 만족하는 것이다.</li> <li>\\( \\operatorname { gcd } \\left ( \\frac { a } { d } , \\frac { b } { d } \\right )=1 \\).</li> <li>\\( a \\mid b c \\)이고 \\( d=1 \\)이면 \\( a \\mid c \\).</li> <li>\\( a \\mid b c \\)이면 \\( \\left ( \\frac { a } { d } \\right ) \\mid c \\).</li> <li>\\( \\operatorname { gcd } (m a, m b)= \\mid m \\mid d \\).</li></ol> <p>증명</p> <ol type=1 start=1><li>따름정리 2.4에 의하여 \\( d=1 \\)이면 정수 \\( x, y \\)가 존재하여 \\( a x + b y=1 \\)을 만족하고, 역으로 \\( a x + b y=1 \\)이고, \\( d \\mid a \\), \\( d \\mid b \\)이면 \\( d \\mid 1 \\)이므로 \\( d= \\pm 1 \\)이 되지만 \\( d>0 \\)이므로 \\( d=1 \\).</li> <li>다시 따름정리 2.4에 의하여 정수 \\( x, y \\)가 존재하여 \\[ a x + b y=d \\] 를 만족하고, 양변을 \\( d \\)로 나누면, \\( \\frac { a } { d } , \\frac { b } { d } \\)는 정수이고, 다시 (1)에 의하여 \\( \\operatorname { gcd } \\left ( \\frac { a } { d } , \\frac { b } { d } \\right )=1 \\).</li> <li>\\( d=1 \\)이므로 \\( a x + b y=1 \\)을 만족하는 정수 \\( x, y \\)가 존재하고, 이 식의 양 변에 \\( c \\)를 곱하면 \\[ c=a c x + b c y . \\] 여기서 \\( a|a, a| b c \\)이므로 \\( a \\mid c \\).</li> <li>\\( a \\mid b c \\)이면, \\( \\left ( \\frac { a } { d } \\right ) \\mid \\left ( \\frac { b } { d } \\right ) c \\)이므로 (2)와 (3)으로부터 \\( \\left ( \\frac { a } { d } \\right ) \\mid c \\).</li> <li>일반성을 잃지 않고 \\( m>0 \\)이라 가정하자. \\( md \\mid ma, md \\mid mb \\)는 자명하고 \\( e \\mid ma, e \\mid mb \\)를 만족하는 정수 \\( e \\)가 존재한다고 가정할 때, \\( e \\mid md \\)임을 보이자. \\( d=ax + by \\)이므로 \\[ md= \\max + mby \\] 이다. 따라서 \\( e \\mid md \\).</li></ol> <p>참고</p>",
                "context_length": 2267,
                "clue": [
                    {
                        "clue_text": "여기에 \\( r_ { n-2 } =r_ { n-4 } -q_ { n-2 } r_ { n-3 } \\)등으로 치환하여 올라가면 드디어 \\( d=a x + b y \\) 꼴이 되게 할 수 있다.",
                        "clue_start": "238",
                        "clue_end": "342"
                    },
                    {
                        "clue_text": "위의 과정으로 2437과 51329의 최대공약수 \\( d=1 \\)을 \\( a x + b y \\)의 꼴로 표시하면,",
                        "clue_start": "350",
                        "clue_end": "413"
                    },
                    {
                        "clue_text": "\\[ \\begin {aligned} 1 &=5-2 \\cdot 2 \\\\ &=5-2(152-30 \\cdot 5)=-2 \\cdot 152 + 61 \\cdot 5 \\\\ &=-2 \\cdot 152 + 61(2437-16 \\cdot 152) \\\\ &=61 \\cdot 2437-978 \\cdot 152 \\\\ &=61 \\cdot 2437-978(51329-21 \\cdot 2437) \\\\ &=20599 \\cdot 2437-978 \\cdot 51329 \\end {aligned} \\]",
                        "clue_start": "463",
                        "clue_end": "724"
                    },
                    {
                        "clue_text": "그러므로 \\( x=20599, ~y=-978 \\)이 된다.",
                        "clue_start": "736",
                        "clue_end": "768"
                    },
                    {
                        "clue_text": "\\( d= \\operatorname { gcd } (a, b) \\)이면,",
                        "clue_start": "790",
                        "clue_end": "830"
                    }
                ],
                "terminology": [
                    {
                        "word": "gcd"
                    },
                    {
                        "word": "따름정리"
                    },
                    {
                        "word": "정수"
                    },
                    {
                        "word": "최대공약수"
                    },
                    {
                        "word": "치환"
                    },
                    {
                        "word": "필요충분조건"
                    }
                ]
            },
            {
                "context_id": "55e-0c9-merge_96aba9d6-c82065bc-b2c7-4064-a275-47decfffc37b_12",
                "context_K-NSCC": {
                    "field": "자연",
                    "large_category": "NA",
                    "medium_category": "06"
                },
                "context": "<p>\\[ m_ { 1 } =p_ { 2 } p_ { 3 } \\cdots p_ { r } =q_ { 2 } q_ { 3 } \\cdots q_ { s } \\]</p> <p>이다. \\( m_ { 1 }<m \\)이고, \\( m \\)이 1 보다 큰 정수 중 그 소인수분해가 유일하지 않은 정수 가운데 가장 작은 정수이므로 \\( m \\)보다 작은 \\( m_ { 1 } \\)은 그 소인수분해가 유일하다. 따라서 \\( r-1=s-1 \\)에서 \\( r=s \\)이고, \\( q \\)들을 재배치하면 \\( p_ { 2 } =q_ { 2 } , \\cdots, p_ { r } =q_ { s } \\)이다. 그러므로 \\( m \\)의 소인수분해는 유일하게 된다.</p> <p>따름정리 2.11</p> <p>\\( n<-1 \\)이면, \\( n=-p_ { 1 } p_ { 2 } \\cdots p_ { r } \\)을 만족하는 소수 \\( p_ { 1 } , \\cdots, p_ { r } \\)이 존재하고 이 표현은 유일하다.</p> <p>증명</p> <p>\\( -n \\)은 정리 2.10의 모든 가정을 만족한다.</p> <p>참고</p> <p>1을 소수에서 제외한 것은, 만일 1을 소수로 할 때에는 정수의 소인수분해가 유일성을 보장받을 수 없기 때문이다. 예컨대 \\( 15=3 \\cdot 5=3 \\cdot 5 \\cdot 1 = 1 \\cdot 5 \\cdot 3 \\cdot 1 \\cdot 1 \\) 등.</p> <p>따름정리 2.12</p> <p>정수에는 무한히 많은 소수가 있다.</p> <p>증명</p> <p>귀류법으로 증명하기 위하여 정수에는 유한개의 소수, 즉 \\( p_ { 1 } , p_ { 2 } , \\cdots, p_ { k } \\)의 \\( k \\)개의 소수만이 존재한다고 하자. 그리고</p> <p>\\[ n=p_ { 1 } p_ { 2 } \\cdots p_ { k } + 1 \\]</p> <p>라 놓으면 \\( n>1 \\)이므로 \\( p \\mid n \\)을 만족하는 소수 \\( p \\)가 존재한다. \\( p \\)는 소수이고 또 존재하는 모든 소수는 \\( p_ { 1 } , p_ { 2 } , \\cdots, p_ { k } \\) 중에 하나이므로 \\( p=p_ { i } \\)가 되어 \\( p \\mid p_ { 1 } p_ { 2 } \\cdots p_ { k } \\) 이다. 따라서 \\( p \\mid 1 \\)이 되어 모순이므로 정리는 증명된다.</p>",
                "context_length": 1189,
                "clue": [
                    {
                        "clue_text": "\\( m_ { 1 }<m \\)이고, \\( m \\)이 1 보다 큰 정수 중 그 소인수분해가 유일하지 않은 정수 가운데 가장 작은 정수이므로 \\( m \\)보다 작은 \\( m_ { 1 } \\)은 그 소인수분해가 유일하다. 따라서 \\( r-1=s-1 \\)에서 \\( r=s \\)이고, \\( q \\)들을 재배치하면 \\( p_ { 2 } =q_ { 2 } , \\cdots, p_ { r } =q_ { s } \\)이다.",
                        "clue_start": "99",
                        "clue_end": "325"
                    }
                ],
                "terminology": [
                    {
                        "word": "귀류법"
                    },
                    {
                        "word": "따름정리"
                    },
                    {
                        "word": "모순"
                    },
                    {
                        "word": "소수"
                    },
                    {
                        "word": "소인수분해"
                    },
                    {
                        "word": "정수"
                    }
                ]
            },
            {
                "context_id": "55e-0c9-merge_96aba9d6-c82065bc-b2c7-4064-a275-47decfffc37b_11",
                "context_K-NSCC": {
                    "field": "자연",
                    "large_category": "NA",
                    "medium_category": "06"
                },
                "context": "<p>는 소수의 곱이 된다. 이것은 우리의 \\( m \\)의 선택에 모순이므로 모든 \\( n>1 \\)은 소수의 곱으로 표시된다.</p> <p>보조정리 2.8 유클리드</p> <p>\\( p \\)가 소수이고, \\( p \\mid a b \\)이면, \\( p \\mid a \\) 또는 \\( p \\mid b \\)이다.</p> <p>증명</p> <p>이 정리는 정리 2.5의 (3)에 의하여 자명하다. \\( p \\nmid a \\)라 가정하면, 이것은 \\( \\operatorname { gcd } (a, p)=1 \\)과 동치이므로 \\( p \\mid b \\)이다.</p> <p>따름정리 2.9</p> <p>\\( p \\)가 소수이고, \\( p \\mid a_ { 1 } a_ { 2 } \\cdots a_ { r } \\)이면, 어떤 \\( i(1 \\leq i \\leq r) \\)에 대하여, \\( p \\mid a_ { i } \\)이다.</p> <p>증명</p> <p>귀납법을 이용하여 그 결과를 얻는다.</p> <p>정리 2.10</p> <p>\\( n>1 \\)인 정수는 소수의 곱으로 유일하게 표시된다.</p> <p>증명</p> <p>보조정리 2.7에서 \\( n>1 \\)인 정수는 소수의 곱으로 표시되므로 여기서는 유일성만 보이면 된다. 만일 \\( n>1 \\)인 정수 가운데 소인수분해가 유일하지 않은 정수가 있다고 하면, 그중에 최소의 정수를 \\( m \\)이라 하자(양의 정수의 정열성). 그러면 \\( m \\)은 다음과 같이 표시된다. 즉,</p> <p>\\[ m=p_ { 1 } p_ { 2 } \\cdots p_ { r } =q_ { 1 } q_ { 2 } \\cdots q_ { s } \\quad (p_ { i } , q_ { j } ) \\text { 는 소수 } \\]</p> <p>그러면 \\( p_ { 1 } \\mid q_ { 1 } q_ { 2 } \\cdots q_ { s } \\)이고, 따름정리 2.9에 의하여 어떤 적당한 \\( i \\)에 대하여 \\( p_ { 1 } \\mid q_ { i } \\). 그러나 \\( q_ { i } \\)를 재배치하여서 \\( i=1 \\)이 되게 할 수 있다. 즉, \\( p_ { 1 } \\mid q_ { 1 } \\). 그런데 \\( q_ { 1 } \\)은 소수이므로 \\( p_ { 1 } =q_ { 1 } \\). 그리고 \\( m \\)을 표시한 위 식에서 \\( p_ { 1 } =q_ { 1 } \\)을 소거하고 소거한 수를 \\( m_ { 1 } \\)이라 하면</p>",
                "context_length": 1214,
                "clue": [
                    {
                        "clue_text": "\\( p \\)가 소수이고, \\( p \\mid a_ { 1 } a_ { 2 } \\cdots a_ { r } \\)이면, 어떤 \\( i(1 \\leq i \\leq r) \\)에 대하여, \\( p \\mid a_ { i } \\)이다.",
                        "clue_start": "328",
                        "clue_end": "451"
                    },
                    {
                        "clue_text": "보조정리 2.7에서 \\( n>1 \\)인 정수는 소수의 곱으로 표시되므로 여기서는 유일성만 보이면 된다.",
                        "clue_start": "563",
                        "clue_end": "620"
                    },
                    {
                        "clue_text": "보조정리 2.7에서 \\( n>1 \\)인 정수는 소수의 곱으로 표시되므로 여기서는 유일성만 보이면 된다. 만일 \\( n>1 \\)인 정수 가운데 소인수분해가 유일하지 않은 정수가 있다고 하면, 그중에 최소의 정수를 \\( m \\)이라 하자(양의 정수의 정열성).",
                        "clue_start": "563",
                        "clue_end": "706"
                    }
                ],
                "terminology": [
                    {
                        "word": "귀납법"
                    },
                    {
                        "word": "동치"
                    },
                    {
                        "word": "따름정리"
                    },
                    {
                        "word": "소수"
                    },
                    {
                        "word": "소인수분해"
                    },
                    {
                        "word": "유일성"
                    },
                    {
                        "word": "정수"
                    },
                    {
                        "word": "정열성"
                    }
                ]
            },
            {
                "context_id": "55e-0c9-merge_96aba9d6-c82065bc-b2c7-4064-a275-47decfffc37b_05",
                "context_K-NSCC": {
                    "field": "자연",
                    "large_category": "NA",
                    "medium_category": "06"
                },
                "context": "<p>\\[ a=q d + r, \\quad 0 \\leq r<d \\]</p> <p>이다. 여기서 \\( r \\)을 계산해보면</p> <p>\\[ \\begin {aligned} r &=a-q d=a-q \\left (a x_ { 0 } + b y_ { 0 } \\right ) \\\\ &=a-a q x_ { 0 } -b q y_ { 0 } =a \\left (1-q x_ { 0 } \\right ) + b \\left (-q y_ { 0 } \\right ) \\end {aligned} \\]</p> <p>이다. 여기서 \\( 1-q x_ { 0 } ,-q y_ { 0 } \\)은 정수이므로 \\( r \\)은 \\( S \\)에 속한다. 그리고 \\( 0 \\leq r<d \\)이며, \\( d \\)는 \\( S \\)에 속한 최소의 양의 정수이므로 \\( r=0 \\). 따라서 \\( a=q d \\). 즉, \\( d \\mid a \\)이다. 비슷한 방법으로 \\( d \\mid b \\)도 쉽게 얻을 수 있다. 그러므로 \\( d= \\operatorname { gcd } (a, b) \\).</p> <p>따름정리 2.4</p> <p>\\( d= \\operatorname { gcd } (a, b) \\)이면 \\( d \\)는 \\( a \\)와 \\( b \\)의 일차 결합으로 표시할 수 있다. 즉, 어떤 \\( x, y \\in \\mathrm { Z } \\)에 대하여</p> <p>\\[ d=a x + b y . \\]</p> <p>또한 \\( S= \\{ a x + b y \\mid x, y \\in \\mathrm { Z } \\} \\)는 \\( d \\)의 배수의 집합이다.</p> <p>보기 2.2</p> <ol type=1 start=1><li>\\( a=2, ~b=3 ; ~d=1=2(-1) + 3(1) \\)</li> <li>\\( a=12, ~b=15 ; ~d=3=12(-1) + 15(1) \\)</li> <li>\\( a=100, ~b=-475 ; ~d=25=100(5) + (-475)(1) \\)</li></ol> <p>정리 2.3의 증명과정은 다른 대수적 구조에서도 최대공약수의 존재를 증명하는데 기본 틀이 된다. 그러나 그 증명과정으로 최대공약수를 구하기는 대단히 번거롭다. 보다 효과적이고 구조적인 과정, 즉 유클리드 호제법(Euclidean algorithm)을 아래에 소개한다.</p> <p>정리 2.3의 다른 증명</p> <p>\\( a>0 \\)이라 가정하고 나눗셈 정리를 계속하여 쓰면,</p> <p>\\[ \\begin {array} { ll } b=q_ { 1 } a + r_ { 1 } , & 0<r_ { 1 }<a \\\\ a=q_ { 2 } r_ { 1 } + r_ { 2 } , & 0<r_ { 2 }<r_ { 1 } \\\\ r_ { 1 } =q_ { 3 } r_ { 2 } + r_ { 3 } , & 0<r_ { 3 }<r_ { 2 } \\\\ \\vdots & \\vdots \\\\ r_ { n-2 } =q_ { n } r_ { n-1 } + r_ { n } , & 0<r_ { n }<r_ { n-1 } \\\\ r_ { n-1 } =q_ { n + 1 } r_ { n } + r_ { n + 1 } & r_ { n + 1 } =0 . \\end {array} \\]</p>",
                "context_length": 1574,
                "clue": [
                    {
                        "clue_text": "비슷한 방법으로 \\( d \\mid b \\)도 쉽게 얻을 수 있다. 그러므로 \\( d= \\operatorname { gcd } (a, b) \\).",
                        "clue_start": "448",
                        "clue_end": "528"
                    },
                    {
                        "clue_text": "\\( d= \\operatorname { gcd } (a, b) \\)이면 \\( d \\)는 \\( a \\)와 \\( b \\)의 일차 결합으로 표시할 수 있다.",
                        "clue_start": "552",
                        "clue_end": "636"
                    },
                    {
                        "clue_text": "\\[ a=q d + r, \\quad 0 \\leq r<d \\]",
                        "clue_start": "3",
                        "clue_end": "36"
                    },
                    {
                        "clue_text": "\\[ \\begin {aligned} r &=a-q d=a-q \\left (a x_ { 0 } + b y_ { 0 } \\right ) \\\\ &=a-a q x_ { 0 } -b q y_ { 0 } =a \\left (1-q x_ { 0 } \\right ) + b \\left (-q y_ { 0 } \\right ) \\end {aligned} \\]",
                        "clue_start": "74",
                        "clue_end": "263"
                    }
                ],
                "terminology": [
                    {
                        "word": "algorithm"
                    },
                    {
                        "word": "gcd"
                    },
                    {
                        "word": "나눗셈 정리"
                    },
                    {
                        "word": "대수적"
                    },
                    {
                        "word": "대수적 구조"
                    },
                    {
                        "word": "따름정리"
                    },
                    {
                        "word": "유클리드 호제법"
                    },
                    {
                        "word": "일차 결합"
                    },
                    {
                        "word": "정수"
                    },
                    {
                        "word": "집합"
                    },
                    {
                        "word": "최대공약수"
                    },
                    {
                        "word": "호제법"
                    }
                ]
            },
            {
                "context_id": "55e-0c9-merge_96aba9d6-c82065bc-b2c7-4064-a275-47decfffc37b_04",
                "context_K-NSCC": {
                    "field": "자연",
                    "large_category": "NA",
                    "medium_category": "06"
                },
                "context": "<p>최대공약수의 정의만으로는 과연 두 정수 \\( a, b \\)의 최대공약수가 존재하는지? 또 존재한다고 하더라도 유일하게 존재하는지? 두 개 이상 존재하는지가 명확하지 않다. 그러나 존재하는 경우에는 오직 하나뿐이라는 것을 증명하기는 쉽다. 즉, \\( d_ { 1 } , d_ { 2 } \\)가 정의 2.3을 만족하는 \\( a, b \\)의 두 최대공약수라면, 조건 (2)에서 \\( d_ { 1 } \\mid a \\), \\( d_ { 1 } \\mid b \\)이고, \\( d_ { 2 } \\mid a \\), \\( d_ { 2 } \\mid b \\)이며, 조건 (3)에서 \\( k=d_ { 1 } , d=d_ { 2 } \\)와 \\( k=d_ { 2 } , d=d_ { 1 } \\)에서 \\( d_ { 1 } \\mid d_ { 2 } \\), \\( d_ { 2 } \\mid d_ { 1 } \\)이다. 따라서 \\( d_ { 1 } = \\pm d_ { 2 } \\)가 되지만 최대공약수는 양의 정수이므로 \\( d_ { 1 } =d_ { 2 } \\). 즉, 존재하는 최대공약수는 오직 하나뿐이다.</p> <p>정리 2.3 최대공약수의 존재성</p> <p>0이 아닌 두 정수 \\( a, b \\)의 최대공약수는 존재하고, 유일하다.</p> <p>증명</p> <p>집합 \\( S= \\{ a x + b y \\mid x, y \\in \\)Z \\( \\} \\)를 생각하여 보자. \\( S \\)에는 \\( a,-a, b,-b \\)( \\( a=a \\cdot 1 + b \\cdot 0, b=a \\cdot 0 + b \\cdot 1 \\) 등)를 포함하고 있기 때문에 양의 정수를 포함한다. \\( d \\)를 \\( S \\)에 포함된 양의 정수 중 가장 작은 정수라 가정하자. \\( d=a x_ { 0 } + b y_ { 0 } , x_ { 0 } , y_ { 0 } \\in \\mathrm { Z } \\)라 하면 이 \\( d \\)가 \\( a, b \\)의 최대공약수가 됨을 증명하자. \\( d \\)의 선택에서 \\( d>0 \\)이므로 최대공약수가 되기 위한 조건 (1)을 만족한다. 그리고 \\( k \\mid a \\), \\( k \\mid b \\)이면 정리 2.1의 (4)에 의하여 \\( k \\mid d \\)가 되므로 조건 (3)을 만족하고, \\( d \\mid a \\)를 보이기 위하여 \\( a \\)와 \\( d \\)에 나눗셈 정리를 적용 하면</p>",
                "context_length": 1171,
                "clue": [
                    {
                        "clue_text": "즉, \\( d_ { 1 } , d_ { 2 } \\)가 정의 2.3을 만족하는 \\( a, b \\)의 두 최대공약수라면, 조건 (2)에서 \\( d_ { 1 } \\mid a \\), \\( d_ { 1 } \\mid b \\)이고, \\( d_ { 2 } \\mid a \\), \\( d_ { 2 } \\mid b \\)이며, 조건 (3)에서 \\( k=d_ { 1 } , d=d_ { 2 } \\)와 \\( k=d_ { 2 } , d=d_ { 1 } \\)에서 \\( d_ { 1 } \\mid d_ { 2 } \\), \\( d_ { 2 } \\mid d_ { 1 } \\)이다.",
                        "clue_start": "136",
                        "clue_end": "440"
                    },
                    {
                        "clue_text": "따라서 \\( d_ { 1 } = \\pm d_ { 2 } \\)가 되지만 최대공약수는 양의 정수이므로 \\( d_ { 1 } =d_ { 2 } \\). 즉, 존재하는 최대공약수는 오직 하나뿐이다.",
                        "clue_start": "441",
                        "clue_end": "546"
                    },
                    {
                        "clue_text": "\\( d \\)를 \\( S \\)에 포함된 양의 정수 중 가장 작은 정수라 가정하자.",
                        "clue_start": "809",
                        "clue_end": "854"
                    },
                    {
                        "clue_text": "\\( d=a x_ { 0 } + b y_ { 0 } , x_ { 0 } , y_ { 0 } \\in \\mathrm { Z } \\)라 하면 이 \\( d \\)가 \\( a, b \\)의 최대공약수가 됨을 증명하자.",
                        "clue_start": "855",
                        "clue_end": "969"
                    }
                ],
                "terminology": [
                    {
                        "word": "나눗셈 정리"
                    },
                    {
                        "word": "이면 정리"
                    },
                    {
                        "word": "정수"
                    },
                    {
                        "word": "집합"
                    },
                    {
                        "word": "최대공약수"
                    }
                ]
            },
            {
                "context_id": "55e-0c9-merge_96aba9d6-c82065bc-b2c7-4064-a275-47decfffc37b_02",
                "context_K-NSCC": {
                    "field": "자연",
                    "large_category": "NA",
                    "medium_category": "06"
                },
                "context": "<h1>2.3 몇 가지 기본원리</h1> <p>다음에 열거하는 기본적인 원리가 앞으로 정수론을 공부하는 데 자주 이용된다.</p> <ol type=I start=1><li>양의 정수의 정렬성(Well-ordering principle): 공집합이 아닌 모든 양의 정수의 집합은 하나의 최소 정수를 포함한다.</li> <li>수학적 귀납법(Mathematical induction): 양의 정수 \\( n \\)에 관한 명제 \\( P(n) \\)에 대하여, \\( P(1) \\)이 성립되고, \\( P(n) \\)이 성립되고, \\( P(n + 1) \\)이 성립되면, 모든 양의 정수 \\( n \\)에 대하여 이 명제는 참이다.</li> <li>아르키메데스(Archimedes)의 원리: 임의의 양의 정수 \\( a, b \\)에 대하여, 양의 정수 \\( n \\)이 존재하여 \\( n a>b \\)가 성립한다.</li></ol> <p>정리 2.2 나눗셈 정리(Division Algorithm)</p> <p>\\( a \\)가 양의 정수이고, \\( b \\)가 임의의 정수이며, 다음 식을 만족하는 정수 \\( q \\)와 \\( r \\)은 유일하게 존재한다.</p> <p>\\[ b=q a + r, \\quad 0 \\leq r<a \\]</p> <p>증명<p> <p>\\( b \\geq 0 \\)이면 아르키메데스의 원리에 의하여 \\( n a>b \\)를 만족하는 양의 정수 \\( n \\)이 존재한다(예컨대 \\( n=b + 1 \\)). 이제 \\( q + 1 \\)을 \\( n a>b \\)를 만족하는 최소의 양의 정수라 하면</p> <p>\\[ (q + 1) a>b \\geq q a \\]</p> <p>가 성립하고, \\( r=b-q a \\)로 잡으면, \\( b \\geq q a \\)에서 \\( r=b-q a \\geq 0 \\), 또한 \\( (q + 1) a=q a + a>b \\)에서 \\( r=b-q a<a \\)이다. \\( b<0 \\)인 경우도 같은 방법으로 보일 수 있다. \\( q, r \\)의 유일성을 증명하기 위하여</p> <p>\\[ b=q a + r=q_ { 1 } a + r_ { 1 } , \\quad 0 \\leq r, r_ { 1 }<a \\]</p> <p>라 가정하면, \\( r \\leq r_ { 1 } \\)또는 \\( r_ { 1 } \\leq r \\)이므로 편의상 \\( r_ { 1 } \\leq r \\)이라 하면</p> <p>\\[ 0 \\leq r-r_ { 1 }<a \\]</p> <p>이다. \\( \\left (q_ { 1 } -q \\right ) a=r-r_ { 1 } \\)이므로 \\( a \\mid r-r_ { 1 } \\)이고 \\( r-r_ { 1 } >0 \\)이면 \\( a \\leq r-r_ { 1 } \\)이 되어 (2.1)에 모순이다. 따라서 \\( r-r_ { 1 } =0 \\), 즉 \\( r=r_ { 1 } \\)이 되며, 또 \\( \\left (q-q_ { 1 } \\right ) a=0 \\)에서 \\( q=q_ { 1 } \\)을 얻는다.</p>",
                "context_length": 1458,
                "clue": [
                    {
                        "clue_text": "\\( a \\)가 양의 정수이고, \\( b \\)가 임의의 정수이며, 다음 식을 만족하는 정수 \\( q \\)와 \\( r \\)은 유일하게 존재한다.",
                        "clue_start": "496",
                        "clue_end": "575"
                    },
                    {
                        "clue_text": "\\[ b=q a + r, \\quad 0 \\leq r<a \\]",
                        "clue_start": "583",
                        "clue_end": "616"
                    },
                    {
                        "clue_text": "\\( b \\geq 0 \\)이면 아르키메데스의 원리에 의하여 \\( n a>b \\)를 만족하는 양의 정수 \\( n \\)이 존재한다(예컨대 \\( n=b + 1 \\)).",
                        "clue_start": "633",
                        "clue_end": "723"
                    }
                ],
                "terminology": [
                    {
                        "word": "공집합"
                    },
                    {
                        "word": "귀납법"
                    },
                    {
                        "word": "나눗셈 정리(Division Algorithm)"
                    },
                    {
                        "word": "아르키메데스(Archimedes)의 원리"
                    },
                    {
                        "word": "정렬성(Well-ordering principle)"
                    },
                    {
                        "word": "정수"
                    },
                    {
                        "word": "정수론"
                    },
                    {
                        "word": "집합"
                    },
                    {
                        "word": "최소 정수"
                    }
                ]
            },
            {
                "context_id": "55e-0c9-merge_96aba9d6-c82065bc-b2c7-4064-a275-47decfffc37b_13",
                "context_K-NSCC": {
                    "field": "자연",
                    "large_category": "NA",
                    "medium_category": "06"
                },
                "context": "<p>따름정리 2.13</p> <p>임의의 양의 정수 \\( k \\)에 대해 \\( k \\)개의 연속인 합성수가 존재한다.</p> <p>증명</p> <p>연속된 \\( k \\)개의 정수</p> <p>\\[ (k + 1) ! + 2, \\quad(k + 1) ! + 3, \\cdots,(k + 1) ! + k, \\quad(k + 1) ! + (k + 1) \\]</p> <p>은 \\( 2 \\leq j \\leq k + 1 \\)일 때에 \\( j \\mid(k + 1) ! + j \\)이므로 모두 합성수이다.</p> <p>정리 2.14</p> <p>\\( n \\)이 1보다 큰 정수이고 소수가 아니면, 다음 식을 만족하는 소수 \\( p \\)가 존재한다.</p> <p>\\[ p \\mid n \\text { 이며 } p \\leq \\sqrt { n } . \\]</p> <p>증명</p> <p>\\( n \\) 은 소수가 아니므로 다음 식을 만족하는 정수 \\( a, b \\) 가 존재한다.</p> <p>\\[ n=a b \\text { 이며 } 2 \\leq a \\leq b<n \\]</p> <p>따라서 \\( n=a b \\geq a ^ { 2 } \\)이다. 즉, \\( a \\leq \\sqrt { n } \\)이어서 소수 \\( p \\)가 \\( a \\)의 약수라 하면 당연히 \\( p \\mid n \\)이고, \\( p \\leq a \\leq \\sqrt { n } \\).</p> <p>위의 정리를 이용하여 소수를 걸러내면 많은 수고를 덜 수 있다. 예컨대 15는 소수가 아니다. 왜냐하면 \\( 3 \\mid 15 \\)이고 \\( 3 \\leq \\sqrt { 15 } \\)이기 때문이다.</p> <p>주어진 \\( n>1 \\)이 소수인가 아닌가를 검증하기 위해서는 \\( p \\leq \\sqrt { n } \\)인 모든 소수 \\( p \\)로 \\( n \\)이 나누어지는가 아닌가를 조사하면 된다. 즉, \\( n \\)이 \\( p \\leq \\sqrt { n } \\)인 어느 \\( p \\) 로도 나누어지지 않으면 \\( n \\)은 소수이다.</p> <p>예컨대 \\( n=97 \\)이 소수인가 아닌가를 검증해보자. \\( 9 \\leq \\sqrt { 97 } \\leq 10 \\). 만약 97이 합성수라면 어떤 소수 \\( p( \\leq 9) \\)로, 즉 \\( 2,3,5,7 \\) 가운데 적어도 하나의 소수로 나누어져야 한다. 그러나 97은 그중 어느 소수로도 나누어지지 않으므로 97은 소수이다. 이와 같은 방법을 에라토스테네스(Eratosthenes)의 체(sieve)라 한다.</p>",
                "context_length": 1236,
                "clue": [
                    {
                        "clue_text": "임의의 양의 정수 \\( k \\)에 대해 \\( k \\)개의 연속인 합성수가 존재한다.",
                        "clue_start": "20",
                        "clue_end": "66"
                    },
                    {
                        "clue_text": "\\( n \\) 은 소수가 아니므로 다음 식을 만족하는 정수 \\( a, b \\) 가 존재한다.",
                        "clue_start": "427",
                        "clue_end": "478"
                    },
                    {
                        "clue_text": "따라서 \\( n=a b \\geq a ^ { 2 } \\)이다. 즉, \\( a \\leq \\sqrt { n } \\)이어서 소수 \\( p \\)가 \\( a \\)의 약수라 하면 당연히 \\( p \\mid n \\)이고, \\( p \\leq a \\leq \\sqrt { n } \\).",
                        "clue_start": "536",
                        "clue_end": "683"
                    }
                ],
                "terminology": [
                    {
                        "word": "검증"
                    },
                    {
                        "word": "따름정리"
                    },
                    {
                        "word": "소수"
                    },
                    {
                        "word": "에라토스테네스"
                    },
                    {
                        "word": "에라토스테네스(Eratosthenes)"
                    },
                    {
                        "word": "정수"
                    },
                    {
                        "word": "체(sieve)"
                    },
                    {
                        "word": "합성수"
                    }
                ]
            },
            {
                "context_id": "55e-0c9-merge_96aba9d6-c82065bc-b2c7-4064-a275-47decfffc37b_08",
                "context_K-NSCC": {
                    "field": "자연",
                    "large_category": "NA",
                    "medium_category": "06"
                },
                "context": "<p>종종 \\( \\operatorname { gcd } (a, b)=1 \\)일 때, \\( a, b \\)에 관한 문제를 풀 때에는 위의 (3)의 증명에서와 같이 우선 \\( a x + b y=1 \\)을 이용하면 쉽게 풀릴 때가 있다.</p> <p>정리 2.6</p> <p>\\( a, b, c \\)가 정수이고, \\( a, b \\)가운데 적어도 하나는 0이 아니며, \\( d= \\operatorname { gcd } (a, b) \\)일 때, 부정방정식</p> <p>\\[ ax + by=c \\]<caption>(2.2)</caption></p> <p>가 정수해 \\( (x, y) \\)를 가지기 위한 필요충분조건은 \\( d \\mid c \\)이고, 이때 \\( x=x_ { 0 } \\), \\( y=y_ { 0 } \\)가 하나의 특수해이면, (2.2)의 일반해 \\( (x, y) \\) 는 다음과 같다.</p> <p>\\[ x=x_ { 0 } + \\frac { b } { d } k, \\quad y=y_ { 0 } - \\frac { a } { d } k, \\quad k \\in \\mathbb { Z } . \\]</p> <p>증명</p> <p>(2.2)를 만족하는 해 \\( (x, y) \\)가 존재하여 \\( a x + b y=c \\)를 만족하면 \\( d \\mid a, d \\mid b \\)이므로 \\( d \\)는 (2.2)의 좌변 \\( ax + by \\)를 나누므로 \\( d \\mid c \\). 역으로 \\( d \\mid c \\)라 하자. 따름정리 2.4에 의하여 정수 \\( x ^ {\\prime } , y ^ {\\prime } \\)이 존재하여</p> <p>\\[ a x ^ {\\prime } + b y ^ {\\prime } =d \\]</p> <p>를 만족하고 이 식의 양변에 \\( \\frac { c } { d } \\)를 곱하면 \\( a \\left ( \\frac { c } { d } \\right ) x ^ {\\prime } + b \\left ( \\frac { c } { d } \\right ) y ^ {\\prime } =c \\)이므로</p> <p>\\[ x= \\left ( \\frac { c } { d } \\right ) x ^ {\\prime } , \\quad y= \\left ( \\frac { c } { d } \\right ) y ^ {\\prime } \\]</p>",
                "context_length": 1141,
                "clue": [
                    {
                        "clue_text": "\\( a, b, c \\)가 정수이고, \\( a, b \\)가운데 적어도 하나는 0이 아니며, \\( d= \\operatorname { gcd } (a, b) \\)일 때, 부정방정식</p> <p>\\[ ax + by=c \\]<caption>(2.2)</caption></p> <p>가 정수해 \\( (x, y) \\)를 가지기 위한 필요충분조건은 \\( d \\mid c \\)이고, 이때 \\( x=x_ { 0 } \\), \\( y=y_ { 0 } \\)가 하나의 특수해이면, (2.2)의 일반해 \\( (x, y) \\) 는 다음과 같다.",
                        "clue_start": "150",
                        "clue_end": "439"
                    },
                    {
                        "clue_text": "\\[ x=x_ { 0 } + \\frac { b } { d } k, \\quad y=y_ { 0 } - \\frac { a } { d } k, \\quad k \\in \\mathbb { Z } . \\]",
                        "clue_start": "447",
                        "clue_end": "554"
                    }
                ],
                "terminology": [
                    {
                        "word": "gcd"
                    },
                    {
                        "word": "따름정리"
                    },
                    {
                        "word": "부정방정식"
                    },
                    {
                        "word": "일반해"
                    },
                    {
                        "word": "정수해"
                    },
                    {
                        "word": "특수해"
                    },
                    {
                        "word": "필요충분조건"
                    }
                ]
            },
            {
                "context_id": "55e-0c9-merge_96aba9d6-c82065bc-b2c7-4064-a275-47decfffc37b_10",
                "context_K-NSCC": {
                    "field": "자연",
                    "large_category": "NA",
                    "medium_category": "06"
                },
                "context": "<p>이다. 따라서 \\( \\operatorname { gcd } (172,20)=4 \\)이고 \\( 4 \\mid 1000 \\)이므로, 위 방정식의 해가 존재하며, 또 4를 172와 20의 일차 결합으로 표시하면,</p> <p>\\[ \\begin {aligned} 4 &=12-8 \\\\ &=12-(20-12) \\\\ &=2 \\cdot 12-20 \\\\ &=2(172-8 \\cdot 20)-20 \\\\ &=2 \\cdot 172 + (-17) 20 \\end {aligned} \\]</p> <p>이다. 이 식의 양변에 250을 곱하면</p> <p>\\[ \\begin {aligned} 1000 &=250 \\cdot 4=250(2 \\cdot 172 + (-17) 20) \\\\ &=500 \\cdot 172 + (-4250) 20 \\end {aligned} \\]</p> <p>이다. 따라서 \\( x=500 \\), \\( y=-4250 \\)이 위 부정방정식의 하나의 해가 된다. 그러므로 주어진 방정식의 일반해는</p> <p>\\[ \\begin {array} { l } x=500 + \\frac { 20 } { 4 } k=500 + 5 k, \\\\ y=-4250- \\frac { 172 } { 4 } k=-4250-43 k, \\quad k \\in \\mathrm { Z } \\end {array} \\]</p>이다.</p> <h1>2.5 정수의 소인수분해의 유일성</h1> <p>이제 본 장의 주요 결과인 정수의 소인수분해의 유일성에 대하여 알아보자.</p> <p>보조정리 2.7</p> <p>\\( n>1 \\)이면, \\( n \\)은 소수의 곱으로 표시된다.</p> <p>증명</p> <p>만일 \\( n>1 \\)인 정수들 가운데 소수의 곱으로 표시되지 않는 정수가 있다면 양의 정수의 정렬성에 의하여 최소의 양의 정수 \\( m \\)이 존재한다. 따라서 \\( m \\)은 소수가 아니므로, \\( a \\neq \\pm 1 \\), \\( a \\neq \\pm m \\)인 \\( m \\)의 약수 \\( a \\)가 존재하여 \\( m=ab \\), \\( 1<a \\), \\( b<m \\)이다. 그런데 \\( m>1 \\)은 소수의 곱으로 표시되지 않는 최소의 양의 정수이므로, \\( a, b \\)는 소수의 곱으로 표시되어야 한다. 곧 \\( a=p_ { 1 } p_ { 2 } \\cdots p_ { r } \\), \\( b=q_ { 1 } q_ { 2 } \\cdots q_ { s } \\). 여기서 \\( p_ { i } , q_ { j } \\)는 소수. 그러면</p> <p>\\[ m=a b=p_ { 1 } p_ { 2 } \\cdot p_ { r } q_ { 1 } q_ { 2 } \\cdots q_ { s } \\]</p>",
                "context_length": 1317,
                "clue": [
                    {
                        "clue_text": "따라서 \\( \\operatorname { gcd } (172,20)=4 \\)이고 \\( 4 \\mid 1000 \\)이므로, 위 방정식의 해가 존재하며, 또 4를 172와 20의 일차 결합으로 표시하면,",
                        "clue_start": "7",
                        "clue_end": "117"
                    },
                    {
                        "clue_text": "따라서 \\( x=500 \\), \\( y=-4250 \\)이 위 부정방정식의 하나의 해가 된다.",
                        "clue_start": "425",
                        "clue_end": "476"
                    },
                    {
                        "clue_text": "만일 \\( n>1 \\)인 정수들 가운데 소수의 곱으로 표시되지 않는 정수가 있다면 양의 정수의 정렬성에 의하여 최소의 양의 정수 \\( m \\)이 존재한다.",
                        "clue_start": "814",
                        "clue_end": "900"
                    },
                    {
                        "clue_text": "따라서 \\( m \\)은 소수가 아니므로, \\( a \\neq \\pm 1 \\), \\( a \\neq \\pm m \\)인 \\( m \\)의 약수 \\( a \\)가 존재하여 \\( m=ab \\), \\( 1<a \\), \\( b<m \\)이다.",
                        "clue_start": "901",
                        "clue_end": "1025"
                    }
                ],
                "terminology": [
                    {
                        "word": "곱"
                    },
                    {
                        "word": "방정식"
                    },
                    {
                        "word": "부정방정식"
                    },
                    {
                        "word": "소수"
                    },
                    {
                        "word": "소인수분해"
                    },
                    {
                        "word": "약수"
                    },
                    {
                        "word": "양변"
                    },
                    {
                        "word": "양의 정수"
                    },
                    {
                        "word": "유일성"
                    },
                    {
                        "word": "일반해"
                    },
                    {
                        "word": "일차 결합"
                    },
                    {
                        "word": "정렬성"
                    },
                    {
                        "word": "해"
                    }
                ]
            },
            {
                "context_id": "55e-0c9-merge_96aba9d6-c82065bc-b2c7-4064-a275-47decfffc37b_03",
                "context_K-NSCC": {
                    "field": "자연",
                    "large_category": "NA",
                    "medium_category": "06"
                },
                "context": "<h1>2.4 최대공약수</h1> <p>정제성을 논할 때 가장 중요한 개념이 소수의 개념이라면, 그 다음으로 중요한 것은 최대공약수(greatest common divisor)의 개념이라 할 수 있다.</p> <p>정의 2.3</p> <p>두 정수 \\( a \\)와 \\( b \\)의 최대공약수 \\( d \\)는 다음 세 조건을 만족하는 정수이다.</p> <ol type=1 start=1><li>\\( d \\geq 1 \\),</li> <li>\\( d \\mid a, ~d \\mid b \\), (즉, \\( d \\)는 \\( a \\)와 \\( b \\)의 공약수)</li> <li>어떤 정수 \\( k \\)가 \\( a \\)와 \\( b \\)의 공약수이면, \\( k \\)는 \\( d \\)의 약수이다. 즉, \\( k \\mid a \\)이고 \\( k \\mid b \\)이면 \\( k \\mid d \\)이다.</li></ol> <p>그리고 \\( d \\)가 \\( a \\)와 \\( b \\)의 최대공약수인 것을 \\( d= \\operatorname { gcd } (a, b) \\)로 표시하며, 특히 \\( \\operatorname { gcd } (a, b)=1 \\)이면 \\( a \\)와 \\( b \\)는 “서로소”라 한다.</p> <p>보기 2.1</p> <ol type=1 start=1><li>\\( a=2, ~b=3 \\)이면 \\( \\operatorname { gcd } (2, ~3)=1 \\),</li> <li>\\( a=12, ~b=15 \\)이면 \\( \\operatorname { gcd } (12, ~15)=3 \\),</li> <li>\\( \\operatorname { gcd } (100, ~-475)=25 \\).</li></ol> <p>위의 보기 2.1의 (2)에서 12의 약수는 \\( \\pm 1 \\), \\( \\pm 2 \\), \\( \\pm 3 \\), \\( \\pm 4 \\), \\( \\pm 6 \\), \\( \\pm 12 \\)이고 15의 약수는 \\( \\pm 1 \\), \\( \\pm 3 \\), \\( \\pm 5 \\), \\( \\pm 15 \\)이다. 따라서 12와 15의 공약수는 \\( \\pm 1 \\), \\( \\pm 3 \\)이고 \\( + 3 \\)만이 모든 공약수가 나누는 양의 공약수이므로 3이 12와 15의 최대공약수가 된다. 즉, \\( \\operatorname { gcd } (12, ~15)=3 \\)이다.</p> <p>최대공약수의 정의를 다시 한 번 살펴보면, 조건 (1)은 \\( \\operatorname { gcd } (a, b) \\)는 양의 정수여야 하며, 조건 (2)는 \\( \\operatorname { gcd } (a, b) \\)는 \\( a, b \\)의 공약수이며, 조건 (3)은 \\( a, b \\)의 모든 공약수는 \\( \\operatorname { gcd } (a, b) \\)의 약수라는 것이다.</p>",
                "context_length": 1381,
                "clue": [
                    {
                        "clue_text": "정제성을 논할 때 가장 중요한 개념이 소수의 개념이라면, 그 다음으로 중요한 것은 최대공약수(greatest common divisor)의 개념이라 할 수 있다.",
                        "clue_start": "22",
                        "clue_end": "112"
                    },
                    {
                        "clue_text": "그리고 \\( d \\)가 \\( a \\)와 \\( b \\)의 최대공약수인 것을 \\( d= \\operatorname { gcd } (a, b) \\)로 표시하며, 특히 \\( \\operatorname { gcd } (a, b)=1 \\)이면 \\( a \\)와 \\( b \\)는 “서로소”라 한다.",
                        "clue_start": "448",
                        "clue_end": "604"
                    },
                    {
                        "clue_text": "최대공약수의 정의를 다시 한 번 살펴보면, 조건 (1)은 \\( \\operatorname { gcd } (a, b) \\)는 양의 정수여야 하며, 조건 (2)는 \\( \\operatorname { gcd } (a, b) \\)는 \\( a, b \\)의 공약수이며, 조건 (3)은 \\( a, b \\)의 모든 공약수는 \\( \\operatorname { gcd } (a, b) \\)의 약수라는 것이다.",
                        "clue_start": "1161",
                        "clue_end": "1377"
                    }
                ],
                "terminology": [
                    {
                        "word": "gcd"
                    },
                    {
                        "word": "greatest common divisor"
                    },
                    {
                        "word": "공약수"
                    },
                    {
                        "word": "서로소"
                    },
                    {
                        "word": "소수"
                    },
                    {
                        "word": "약수"
                    },
                    {
                        "word": "정수"
                    },
                    {
                        "word": "정제성"
                    },
                    {
                        "word": "최대공약수"
                    }
                ]
            },
            {
                "context_id": "55e-0c9-merge_96aba9d6-c82065bc-b2c7-4064-a275-47decfffc37b_01",
                "context_K-NSCC": {
                    "field": "자연",
                    "large_category": "NA",
                    "medium_category": "06"
                },
                "context": "<p>예컨대 3과 7, -4와 18은 같은 패리티를 갖고, 3과 8, 6과 25는 반대 패리티를 갖는다. 한 정수가 두 개 이상의 정수 각각의 약수가 될 때 그 정수를 이들 정수의 공약수(common divisor)라 한다. 예컨대 3은 9와 12의 공약수이고, 7은 -21, 35 의 공약수이다.</p> <h1>2.2 기본정리</h1> <p>정수의 집합, 유리수의 집합, 실수의 집합 그리고 복소수의 집합을 각각 \\( \\mathbb { Z } , \\mathbb { Q } , \\mathbb { R } \\) 그리고 \\( \\mathbb { C } \\)라 하자.</p> <p>정리 2.1</p> <ol type=1 start=1><li>\\( a \\neq 0 \\)이면, \\( a \\mid a \\).</li> <li>\\( a \\neq 0 \\)이고 \\( a \\mid c \\)이면, 임의의 \\( k \\in \\mathbb { Z } \\)에 대해 \\( a \\mid k c \\).</li> <li>\\( a \\mid b, ~b \\mid c \\)이면, \\( a \\mid c \\).</li> <li>\\( a \\mid b, ~a \\mid c \\)이면, 임의의 \\( x, y \\in \\mathbb { Z } \\)에 대해 \\( a \\mid b x + c y \\).</li> <li>\\( c \\neq 0 \\)이고 \\( a \\mid c \\)이면, \\( |a| \\leq |c| \\).</li> <li>\\( a \\mid c, ~c \\mid a \\)이면, \\( |a|=|c| \\).</li></ol> <p>증명</p> <p>\\( a=a \\cdot 1 \\) 또, \\( c=a b \\)에서 \\( k c=k(a b)=a(b k) \\)이므로 (1)과 (2)는 자명하다. 그리고 \\( b=a d \\)이고, \\( c=b e \\)이면 \\( c=(a d) e=a(d e) \\)로 되어 (3)이 성립하고, \\( a|b, a| c \\)이면, \\( s, t \\in \\mathbb { Z } \\)에 대해 \\( b=a s, c=a t \\)이고 \\( b x + c y=a s x + a t y=a(s x + t y) \\)로 되어 (4)가 성립한다. \\( c=a b \\neq 0 \\)이면 \\( |c|=|a||b| \\)이고 \\( |b| \\geq 1 \\)이므로 \\( |c| \\geq|a| \\)즉, (5)가 성립한다. 또 \\( a \\mid c \\)이고 \\( c \\mid a \\)이면 (5)에 의하여 \\( |a| \\leq|c|,|c| \\leq|a| \\)이므로 \\( |a|=|c| \\)이다.</p>",
                "context_length": 1246,
                "clue": [
                    {
                        "clue_text": "정수의 집합, 유리수의 집합, 실수의 집합 그리고 복소수의 집합을 각각 \\( \\mathbb { Z } , \\mathbb { Q } , \\mathbb { R } \\) 그리고 \\( \\mathbb { C } \\)라 하자.",
                        "clue_start": "192",
                        "clue_end": "312"
                    },
                    {
                        "clue_text": "\\( a=a \\cdot 1 \\) 또, \\( c=a b \\)에서 \\( k c=k(a b)=a(b k) \\)이므로 (1)과 (2)는 자명하다.",
                        "clue_start": "777",
                        "clue_end": "854"
                    },
                    {
                        "clue_text": "그리고 \\( b=a d \\)이고, \\( c=b e \\)이면 \\( c=(a d) e=a(d e) \\)로 되어 (3)이 성립하고, \\( a|b, a| c \\)이면, \\( s, t \\in \\mathbb { Z } \\)에 대해 \\( b=a s, c=a t \\)이고 \\( b x + c y=a s x + a t y=a(s x + t y) \\)로 되어 (4)가 성립한다.",
                        "clue_start": "855",
                        "clue_end": "1056"
                    },
                    {
                        "clue_text": "\\( c=a b \\neq 0 \\)이면 \\( |c|=|a||b| \\)이고 \\( |b| \\geq 1 \\)이므로 \\( |c| \\geq|a| \\)즉, (5)가 성립한다.",
                        "clue_start": "1057",
                        "clue_end": "1147"
                    },
                    {
                        "clue_text": "정리 2.1",
                        "clue_start": "320",
                        "clue_end": "326"
                    }
                ],
                "terminology": [
                    {
                        "word": "common divisor"
                    },
                    {
                        "word": "같은 패리티"
                    },
                    {
                        "word": "공약수"
                    },
                    {
                        "word": "반대 패리티"
                    },
                    {
                        "word": "복소수"
                    },
                    {
                        "word": "실수"
                    },
                    {
                        "word": "실수의 집합"
                    },
                    {
                        "word": "약수"
                    },
                    {
                        "word": "유리수의 집합"
                    },
                    {
                        "word": "정수"
                    },
                    {
                        "word": "정수의 집합"
                    },
                    {
                        "word": "집합"
                    }
                ]
            },
            {
                "context_id": "55e-0c9-merge_96aba9d6-c82065bc-b2c7-4064-a275-47decfffc37b_06",
                "context_K-NSCC": {
                    "field": "자연",
                    "large_category": "NA",
                    "medium_category": "06"
                },
                "context": "<p>나머지는 0 이상이고 점점 작아지므로 결국은 나머지가 0이 된다. 즉, \\( r_ { n + 1 } =0 \\)이다.</p> <p>위의 연산에서 \\( r_ { n } = \\operatorname { gcd } (a, b) \\)를 증명하기는 어렵지 않다. 명백히 정리 2.3의 조건 (1)을 만족하고, 또한 \\( r_ { n } \\mid r_ { n-1 } \\)이고, \\( r_ { n } \\mid r_ { n } \\)이므로 \\( r_ { n } \\mid r_ { n-2 } \\), 또는 \\( r_ { n } \\mid r_ { n-1 } \\), \\( r_ { n } \\mid r_ { n-2 } \\)이므로 \\( r_ { n } \\mid r_ { n-3 } \\), 이와 같이 계속하면 \\( r_ { n } \\mid r_ { 2 } \\), \\( r_ { n } \\mid r_ { 1 } \\)이 되고 결국 \\( r_ { n } \\mid a \\), \\( r_ { n } \\mid b \\)가 되어 조건 (2)를 만족한다. 이제 정수 \\( k \\)가 \\( k \\mid a \\), \\( k \\mid b \\)라면, 앞에서와 마찬가지로 \\( k \\mid r_ { 1 } \\)이 되며, 또한 \\( k \\mid r_ { 2 } \\)가 되고 계속하면 마침내 \\( k \\mid r_ { n } \\)이 되어 조건 (3)도 만족하므로 \\( r_ { n } = \\operatorname { gcd } (a, b) \\)이다.</p> <p>위의 방법으로 \\( \\operatorname { gcd } (2437, ~51329) \\)를 계산하여 보자.</p> <p>\\[ \\begin {array} { l } 51329=21 \\cdot 2437 + 152 \\\\ 2437=16 \\cdot 152 + 5 \\\\ 152=30 \\cdot 5 + 2 \\\\ 5=2 \\cdot 2 + 1 \\\\ 2=2 \\cdot 1 + 0 \\end {array} \\]</p> <p>그러므로 \\( \\operatorname { gcd } (2437, ~51329)=1 \\). 따라서 2437과 51329는 서로소이다.</p> <p>위의 증명은 또한 따름정리 2.4의 구조적인 증명이라 할 수 있다. 즉, \\( d=r_ { n } \\)이라 놓으면</p>",
                "context_length": 1108,
                "clue": [
                    {
                        "clue_text": "나머지는 0 이상이고 점점 작아지므로 결국은 나머지가 0이 된다. 즉, \\( r_ { n + 1 } =0 \\)이다.",
                        "clue_start": "3",
                        "clue_end": "67"
                    },
                    {
                        "clue_text": "위의 증명은 또한 따름정리 2.4의 구조적인 증명이라 할 수 있다.",
                        "clue_start": "1041",
                        "clue_end": "1078"
                    },
                    {
                        "clue_text": "이제 정수 \\( k \\)가 \\( k \\mid a \\), \\( k \\mid b \\)라면, 앞에서와 마찬가지로 \\( k \\mid r_ { 1 } \\)이 되며, 또한 \\( k \\mid r_ { 2 } \\)가 되고 계속하면 마침내 \\( k \\mid r_ { n } \\)이 되어 조건 (3)도 만족하므로 \\( r_ { n } = \\operatorname { gcd } (a, b) \\)이다.",
                        "clue_start": "512",
                        "clue_end": "725"
                    }
                ],
                "terminology": [
                    {
                        "word": "구조적인 증명"
                    },
                    {
                        "word": "나머지"
                    },
                    {
                        "word": "따름정리"
                    },
                    {
                        "word": "서로소"
                    },
                    {
                        "word": "정수"
                    }
                ]
            },
            {
                "context_id": "55e-0c9-merge_96aba9d6-c82065bc-b2c7-4064-a275-47decfffc37b_09",
                "context_K-NSCC": {
                    "field": "자연",
                    "large_category": "NA",
                    "medium_category": "06"
                },
                "context": "<p>이 (2.2)의 해가 된다.</p> <p>또한 \\( x_ { 0 } , y_ { 0 } \\)가 (2.2)의 하나의 해라 하고, \\( x=x_ { 0 } + \\left ( \\frac { b } { d } \\right ) k \\), \\( y=y_ { 0 } - \\left ( \\frac { a } { d } \\right ) k \\)를 (2.2)에 대입하면 \\( x, y \\)가 (2.2)의 해가 됨을 알 수 있다. 역으로 \\( x, y \\)가 (2.2)의 임의의 해이고, \\( b \\neq 0 \\)( \\( b=0 \\)이면, \\( a \\neq 0 \\)이라 가정하면 같은 결과를 얻는다.)이라 가정하면</p> <p>\\[ a x + b y=c=a x_ { 0 } + b y_ { 0 } , \\quad a \\left (x-x_ { 0 } \\right )=b \\left (y_ { 0 } -y \\right ) . \\]</p> <p>따라서 \\( b \\mid a \\left (x-x_ { 0 } \\right ) \\)에서 \\( \\frac { b } { d } \\mid x-x_ { 0 } \\). 즉,</p> <p>\\[ x=x_ { 0 } + \\frac { b } { d } k . \\]</p> <p>이 값을 (2.2)에 대입하면 \\( a \\left (x_ { 0 } + \\frac { b } { d } k \\right ) + b y=c \\)에서</p> <p>\\[ b y=c-a x_ { 0 } -b \\frac { a } { d } k=b y_ { 0 } -b \\frac { a } { d } k . \\]</p> <p>따라서</p> <p>\\[ y=y_ { 0 } - \\frac { a } { d } k \\]</p> <p>이다.</p> <p>보기 2.3</p> <p>\\( 172 x + 20 y=1000 \\)을 풀어보자.</p> <p>유클리드의 호제법을 이용하여 \\( \\operatorname { gcd } (172,20) \\)을 계산하면,</p> <p>\\[ \\begin {array} { l } 172=8 \\cdot 20 + 12, \\\\ 20=1 \\cdot 12 + 8, \\\\ 12=1 \\cdot 8 + 4, \\\\ 8=2 \\cdot 4 \\end {array} \\]</p>",
                "context_length": 1095,
                "clue": [
                    {
                        "clue_text": "유클리드의 호제법을 이용하여 \\( \\operatorname { gcd } (172,20) \\)을 계산하면,</p> <p>\\[ \\begin {array} { l } 172=8 \\cdot 20 + 12, \\\\ 20=1 \\cdot 12 + 8, \\\\ 12=1 \\cdot 8 + 4, \\\\ 8=2 \\cdot 4 \\end {array} \\]",
                        "clue_start": "906",
                        "clue_end": "1091"
                    },
                    {
                        "clue_text": "또한 \\( x_ { 0 } , y_ { 0 } \\)가 (2.2)의 하나의 해라 하고, \\( x=x_ { 0 } + \\left ( \\frac { b } { d } \\right ) k \\), \\( y=y_ { 0 } - \\left ( \\frac { a } { d } \\right ) k \\)를 (2.2)에 대입하면 \\( x, y \\)가 (2.2)의 해가 됨을 알 수 있다.",
                        "clue_start": "26",
                        "clue_end": "232"
                    }
                ],
                "terminology": [
                    {
                        "word": "gcd"
                    },
                    {
                        "word": "유클리드의 호제법"
                    },
                    {
                        "word": "해"
                    },
                    {
                        "word": "호제법"
                    }
                ]
            },
            {
                "context_id": "55e-0c9-merge_96aba9d6-c82065bc-b2c7-4064-a275-47decfffc37b_00",
                "context_K-NSCC": {
                    "field": "자연",
                    "large_category": "NA",
                    "medium_category": "06"
                },
                "context": "<h1>2.1 서론 및 기본정리</h1> <p>\\( c \\)가 임의의 정수이고 \\( a \\)는 0이 아닌 정수일 때, 정수 \\( b \\)가 존재하여 \\( c = a b \\)가 성립하면 \" \\( a \\)는 \\( c \\)를 나눈다\"고 하며, 이때 \\( a \\)를 \\( c \\)의 약수(divisor) 또는 인수(factor)라 하고 \\( c \\)를 \\( a \\)의 배수(multiple)라 한다. 이것을 기호로는 \\( a \\mid c \\)로 표시한다. \\( a \\mid c \\)이면 \\( -a \\mid c \\)가 성립하는 것은 자명하다. \\( c=a b \\)를 만족하는 \\( b \\)가 존재하지 않을 때에 는 \\( a \\nmid c \\)로 표시한다.</p> <p>예컨대 \\( 3 \\cdot 4=12 \\)이고 \\( 7 \\cdot 0=0 \\)이므로 3은 12의 약수이고, 7은 0의 약수이다. 즉, \\( 3 \\mid 12 \\), \\( 7 \\mid 0 \\)이다. 그러나 \\( 12=5 k \\)를 만족하는 정수 \\( k \\)가 존재하지 않으므로 \\( 5 \\nmid 12 \\)이다. 특히 1 과 \\( -1 \\)은 모든 정수의 약수이고, 0은 0이 아닌 모든 정수의 배수가 된다. 또 임의의 정수 \\( a \\)는 \\( \\pm 1, \\pm a \\)로 나누어진다.</p> <p>기호 \\( |a| \\)는 \\( a \\)의 절댓값을 뜻한다. 즉, \\( a \\geq 0 \\)이면 \\( |a|=a \\)이고, \\( a<0 \\)이면 \\( |a|=-a \\)이다. 다음은 이 절댓값에 관한 기본적인 성질을 소개한 것이다.</p> <ol type=1 start=1><li>\\( a \\neq 0 \\) 이면 \\( |a|>0 \\) 이고, \\( a=0 \\) 이면 \\( |a|=0 \\),</li> <li>\\( |a|=|-a| \\)</li> <li>\\( |a b|=|a||b| \\)</li> <li>\\( |a + b| \\leq|a| + |b| \\)</li> <li>\\( |a|-|b| \\leq|a + b| \\)</li></ol> <p>정의 2.1</p> <p>1보다 큰 정수인 \\( p \\)의 양의 약수가 1과 \\( p \\)밖에 없을 때, 정수 \\( p \\)를 소수(prime number)라 한다. 그리고 어떤 정수 \\( n \\)이 \\( \\pm 1 \\)과 \\( \\pm n \\) 이외의 약수를 가지면 정수 \\( n \\)을 합성수(composite number)라 한다.</p> <p>예컨대 2와 5는 소수이고, 4와 15는 합성수이다.</p> <p>정의 2.2</p> <p>모든 정수의 약수가 되는 1과 -1을 단원(unit)이라 하며, 2의 배수가 되는 정수를 짝수(even number), 그 밖의 모든 정수를 홀수(odd number)라 한다. 또 한 쌍의 정수가 모두 짝수이거나, 모두 홀수이면 이 두 정수의 쌍은 같은 패리티(same parity)를 갖는다고 하고, 이 두 정수 가운데 한 정수는 짝수, 한 정수는 홀수이면 이 두 정수의 쌍은 반대 패리티(opposite parity)를 갖는다고 한다.</p>",
                "context_length": 1496,
                "clue": [
                    {
                        "clue_text": "\\( c \\)가 임의의 정수이고 \\( a \\)는 0이 아닌 정수일 때, 정수 \\( b \\)가 존재하여 \\( c = a b \\)가 성립하면 \" \\( a \\)는 \\( c \\)를 나눈다\"고 하며, 이때 \\( a \\)를 \\( c \\)의 약수(divisor) 또는 인수(factor)라 하고 \\( c \\)를 \\( a \\)의 배수(multiple)라 한다.",
                        "clue_start": "26",
                        "clue_end": "219"
                    },
                    {
                        "clue_text": "기호 \\( |a| \\)는 \\( a \\)의 절댓값을 뜻한다.",
                        "clue_start": "649",
                        "clue_end": "681"
                    },
                    {
                        "clue_text": "1보다 큰 정수인 \\( p \\)의 양의 약수가 1과 \\( p \\)밖에 없을 때, 정수 \\( p \\)를 소수(prime number)라 한다.",
                        "clue_start": "1015",
                        "clue_end": "1093"
                    },
                    {
                        "clue_text": "모든 정수의 약수가 되는 1과 -1을 단원(unit)이라 하며, 2의 배수가 되는 정수를 짝수(even number), 그 밖의 모든 정수를 홀수(odd number)라 한다.",
                        "clue_start": "1247",
                        "clue_end": "1345"
                    },
                    {
                        "clue_text": "또 한 쌍의 정수가 모두 짝수이거나, 모두 홀수이면 이 두 정수의 쌍은 같은 패리티(same parity)를 갖는다고 하고, 이 두 정수 가운데 한 정수는 짝수, 한 정수는 홀수이면 이 두 정수의 쌍은 반대 패리티(opposite parity)를 갖는다고 한다.",
                        "clue_start": "1346",
                        "clue_end": "1492"
                    }
                ],
                "terminology": [
                    {
                        "word": "같은 패리티"
                    },
                    {
                        "word": "반대 패리티"
                    },
                    {
                        "word": "소수(prime number)"
                    },
                    {
                        "word": "양의 약수"
                    },
                    {
                        "word": "절댓값"
                    },
                    {
                        "word": "정수"
                    },
                    {
                        "word": "합성수"
                    }
                ]
            }
        ]
    }
}