{
    "dataset_info": {
        "identifier": "02-031-002-NL",
        "name": "기술과학 문서 요약 데이터",
        "category": "자연어",
        "last_updated": "2023-08-30"
    },
    "dataset": {
        "doc_id": "772a8b07-86534db7-7b23-438c-91d2-4f79e9cd2650",
        "doc_type": "도서",
        "doc_title": {
            "kor": "미분적분을 위한 기초수학의 이해",
            "eng": ""
        },
        "doc_category": {
            "KDC": "414",
            "DDC": ""
        },
        "doc_number": {
            "ISSN": "",
            "ISBN": "9788961053846",
            "DOI": "",
            "UCI": ""
        },
        "doc_year": "2011",
        "doc_author": [],
        "doc_publisher": "경문사",
        "doc_license": "저작권 협의됨",
        "context_info": [
            {
                "context_id": "55e-0c9-merge_772a8b07-86534db7-7b23-438c-91d2-4f79e9cd2650_00",
                "context_K-NSCC": {
                    "field": "자연",
                    "large_category": "NA",
                    "medium_category": "01"
                },
                "context": "<h1>제4장 함수</h1> <h2>\\( 4.1 \\) 함수</h2> <p>먼저 함수의 정의를 알아보기 전에 관계에 대하여 살펴보기로 하자.</p> <p>관계(relation)란 두 집합 사이의 대응(correspondence)을 말한다. \\( x \\) 와 \\( y \\) 가 이 두 집합의 원이고 어떤 관계가 \\( x \\) 와 \\( y \\) 사이에 있으면, \\( y \\) 는 \\( x \\) 에 대응한다(correspond) 또는 \\( y \\) 는 \\( x \\) 에 종속이다(depend on)라 하고 기호 \\( x \\rightarrow y \\) 로 쓴다. 역시 \\( x \\rightarrow y \\) 를 순서짝 \\( (x, y) \\) 으로 쓸 수 있다.</p> <p>보기 \\( 4.1 .1 \\) 관계의 예</p>그림 4.1.1은 네 명의 남학생과 이들의 생일 사이의 관계를 나타낸다. 이 관계는 “생일\"이라고 이름을 붙일 수 있다. 그러면 김군은 7월 20일에 대응하고, 이군은 9월 21일에 대응한다. 등등.</p> <p>순서짝을 사용하여, 이 관계는 다음과 같이 표시될 것이다.</p> <p>\\( \\{ ( \\) 김군, 7월20일 ), (이군, 9월21일), (박군, 12 월4일), (최군, 12월4일) \\( \\} \\).</p> <p>흔히, 두 변수 사이에 있을 수 있는(방정식과 같은) 관계의 형태를 일일이 열거하는 데에 흥미가 있다. 예로써, 각각을 10,000 원에 파는 \\( x \\) 품목들의 판매로 생기는 수입(revenue) \\( R \\) 사이의 관계는 방정식 \\( R = 10,000 x \\) 로 표시될 수 있다.</p> <p>얼마나 많은 품목들이 팔렸는가를 안다면, 방정식 \\( R=10,000 x \\) 를 사용하여 수입을 계산할 수 있다. 이 방정식은 함수의 한 예다.</p> <p>이제 함수의 정의를 살펴보자.</p> <p>\\( X \\) 와 \\( Y \\) 는 임의의 집합이라 하자. \\( X \\) 에서 \\( Y \\) 로의 함수(function from \\( X \\) into \\( Y \\) )는 \\( X \\)의 각 원이 \\( Y \\) 의 꼭 하나의 원과 결합하는 관계를 말한다.</p> <p>이때, \\( X \\) 를 함수의 정의역(domain)이라 한다. \\( X \\) 의 각 원 \\( x \\) 에 대하여, 대응하는 \\( Y \\)의 원을 \\( x \\) 에서 이 함수의 값(value) 또는 \\( x \\) 의 상(image)이라 한다.</p> <p>\\( Y \\) 를 함수의 공변역(codomain)이라 하고 정의역의 원의 모든 상들의 집합을 이 함수의 치역(range)이라 한다. 그림 4.1.2를 보라.</p> <p>\\( X \\) 의 어떤 원의 상이 아닌 \\( Y \\) 의 어떤 원이 있을 수 있으므로, 함수의 치역은 그림4.1.2에서 보이듯이, \\( Y \\) 의 부분집합일 수 있다.</p> <p>두 집합 사이의 관계가 모두 함수가 되는 것은 아니다. 다음의 보기는 관계가 함수인지 아닌지를 결정하는 방법을 보여준다.</p>",
                "context_length": 1481,
                "clue": [
                    {
                        "clue_text": "관계(relation)란 두 집합 사이의 대응(correspondence)을 말한다.",
                        "clue_start": "85",
                        "clue_end": "132"
                    },
                    {
                        "clue_text": "\\( X \\) 의 어떤 원의 상이 아닌 \\( Y \\) 의 어떤 원이 있을 수 있으므로, 함수의 치역은 그림4.1.2에서 보이듯이, \\( Y \\) 의 부분집합일 수 있다.",
                        "clue_start": "1308",
                        "clue_end": "1402"
                    },
                    {
                        "clue_text": "순서짝을 사용하여, 이 관계는 다음과 같이 표시될 것이다.",
                        "clue_start": "516",
                        "clue_end": "548"
                    },
                    {
                        "clue_text": "\\( \\{ ( \\) 김군, 7월20일 ), (이군, 9월21일), (박군, 12 월4일), (최군, 12월4일) \\( \\} \\).",
                        "clue_start": "556",
                        "clue_end": "628"
                    },
                    {
                        "clue_text": "예로써, 각각을 10,000 원에 파는 \\( x \\) 품목들의 판매로 생기는 수입(revenue) \\( R \\) 사이의 관계는 방정식 \\( R = 10,000 x \\) 로 표시될 수 있다.",
                        "clue_start": "694",
                        "clue_end": "799"
                    }
                ],
                "terminology": [
                    {
                        "word": "공변역"
                    },
                    {
                        "word": "공변역(codomain)"
                    },
                    {
                        "word": "관계(relation)"
                    },
                    {
                        "word": "대응"
                    },
                    {
                        "word": "대응(correspondence)"
                    },
                    {
                        "word": "방정식"
                    },
                    {
                        "word": "상"
                    },
                    {
                        "word": "상(image)"
                    },
                    {
                        "word": "순서짝"
                    },
                    {
                        "word": "정의역"
                    },
                    {
                        "word": "정의역(domain)"
                    },
                    {
                        "word": "종속"
                    },
                    {
                        "word": "집합"
                    },
                    {
                        "word": "치역"
                    },
                    {
                        "word": "치역(range)"
                    },
                    {
                        "word": "함수"
                    }
                ]
            }
        ]
    }
}