{
    "dataset_info": {
        "identifier": "02-031-002-NL",
        "name": "기술과학 문서 요약 데이터",
        "category": "자연어",
        "last_updated": "2023-08-30"
    },
    "dataset": {
        "doc_id": "55e4099e-e498-4ead-bb03-27b25fa5fa10",
        "doc_type": "도서",
        "doc_title": {
            "kor": "선형대수학 입문_벡터",
            "eng": ""
        },
        "doc_category": {
            "KDC": "412",
            "DDC": ""
        },
        "doc_number": {
            "ISSN": "",
            "ISBN": "9788961057219",
            "DOI": "",
            "UCI": ""
        },
        "doc_year": "2013",
        "doc_author": [
            "이병무"
        ],
        "doc_publisher": "경문사",
        "doc_license": "저작권 협의됨",
        "context_info": [
            {
                "context_id": "55e-0c9-b5b2ff81-af50-4d34-a657-425540062760",
                "context_K-NSCC": {
                    "field": "자연",
                    "large_category": "NA",
                    "medium_category": "99"
                },
                "context": "<h2>3. 평면의 방정식</h2><p>\\( R^{3} \\)에서의 평면의 방정식을 구해보자. \\( R^{3} \\)에서 한 점 \\( P_{0}\\left(x_{0}, y_{0}, z_{0}\\right) \\)를 지나고 \\(\\mathbf{0}\\)이 아닌 벡터 \\( \\mathbf{n} \\)에 수직인 평면의 방정식 \\( \\pi \\)는 \\[ \\mathbf{ n } \\cdot \\overrightarrow{P_{0} P}=0 \\] 을 만족하는 점 \\( P(x, y, z) \\)의 집합으로, \\( P_{0} \\)와 \\( \\mathbf{n} \\)에 의하여 유일하게 결정된다. 이때 평면 \\( \\pi \\)에 수직인 직교벡터 \\(\\mathbf{n}\\)을 법선벡터(normal vector), 또는 간단히 법벡터라 하고, 단위벡터 \\( \\frac{\\mathbf{n}}{\\|\\mathbf{n}\\|} \\)을 평면 \\( \\pi \\)의 방향코사인 또는 단위법벡터라 한다.</p><p>\\( P(x, y, z) \\)를 평면 위의 임의의 점이라 하고, \\( \\mathbf{r}_{0} \\)와 \\( \\mathbf{r} \\)을 각각 \\( \\overrightarrow{O P}_{0} \\)와 \\( \\overrightarrow{O P} \\)라 하면 벡터 \\( \\mathbf{r}-\\mathbf{r}_{0} \\)는 \\( \\overrightarrow{P_{0} P} \\)로 표현된다. 법선벡터 \\( \\mathbf{n} \\)은 \\( \\mathbf{r}-\\mathbf{r}_{0} \\)와 직교하므로 \\[ \\mathbf{n} \\cdot\\left(\\mathbf{r}-\\mathbf{r}_{0}\\right)=0 \\text {, 즉 } \\mathbf{n} \\cdot \\mathbf{r}=\\mathbf{n} \\cdot \\mathbf{r}_{0} \\] 가 성립한다. 성분으로 표시하면, \\( \\mathbf{n}=(a, b, c), \\mathbf{r}=(x, y, z), \\mathbf{r}_{0}=\\left(x_{0}, y_{0}, z_{0}\\right) \\)라 놓을 때 \\[ a\\left(x-x_{0}\\right)+b\\left(y-y_{0}\\right)+c\\left(z-z_{0}\\right)=0 \\] 즉 \\[ a x+b y+c z=a x_{0}+b y_{0}+c z_{0} \\] 로 변형된다. 여기서 \\( d=a x_{0}+b y_{0}+c z_{0} \\)라 하면 평면의 방정식은 \\[ a x+b y+c z=d \\]<caption>\\( (*) \\)</caption>로 고쳐 쓸 수 있다. 이때 \\( (*) \\)를 일반적인 평면의 방정식이라 한다. 역으로 \\( a, b, c \\)가 모두는 \\(0\\)이 아닐 때, \\( a x+b y+c z=d \\)는 법선벡터가 \\( \\mathbf{n}=(a, b, c) \\)인 평면을 나타낸다.</p><p>예제 4 \\( R^{3} \\)에서 세 점 \\( P(1,0,2), Q(3,-1,6), R(5,2,4) \\)를 지나는 평면의 방정식을 구하시오.</p><p>풀이 \\( \\overrightarrow{P Q} \\)와 \\( \\overrightarrow{P R} \\)에 대응되는 벡터 \\( \\mathbf{a} \\)와 \\( \\mathbf{b} \\)는 각각 \\[ \\mathbf{a}=(2,-1,4), \\mathbf{b}=(4,2,2) \\] 이고, 외적 \\( \\mathbf{a} \\times \\mathbf{b} \\)를 법선벡터 \\[ \\mathbf{n}=\\mathbf{a} \\times \\mathbf{b}=\\left|\\begin{array}{rrr} \\mathbf{i} & \\mathbf{j} & \\mathbf{k} \\\\ 2 & -1 & 4 \\\\ 4 & 2 & 2 \\end{array}\\right|=-10 \\mathbf{i}+12 \\mathbf{j}+8 \\mathbf{k} \\] 로 택할 수 있으므로, 평면의 방정식은 \\[ (-10,12,8) \\cdot(x-1, y-0, z-2)=0 \\text {, 즉 } 5 x-6 y-4 z+3=0 \\] 으로 주어진다.</p><p>참고 초평면(hyperplane) 모두는 \\(0\\)이 아닌 스칼라 \\( a_{1}, a_{2}, \\cdots, a_{n} \\)에 대하여, 선형방정식 \\( a_{1} x_{1}+a_{2} x_{2}+\\cdots+a_{n} x_{n}=b \\)를 만족하는 \\( R^{n} \\)에서의 점 \\( \\left(x_{1}, x_{2}, \\cdots, x_{n}\\right) \\)의 집합을 \\( R^{n} \\)에서의 초평면이라 한다. 특히 \\( b=0 \\)인 경우, 법선벡터 \\( \\left(a_{1}, a_{2}, \\cdots, a_{n}\\right) \\)을 갖는 원점을 지나는 초평면이 된다.</p><p>\\( R^{3} \\)에서의 평면 \\( \\pi \\) 위의 한 점 \\( \\mathbf{x}_{0} \\)와 평면 \\( \\pi \\)와 평행이지만 서로 상수배가 아닌 두 벡터 \\( \\mathbf{v}_{1} \\)과 \\( \\mathbf{v}_{2} \\)가 있다면, 평면 \\( \\pi \\)를 벡터방정식 또는 매개변수방정식으로 유일하게 표현할 수 있다.</p><p>① 벡터방정식</p><p>\\( R^{3} \\)에서의 평면 \\( \\pi \\) 위의 임의의 점을 \\( \\mathbf{x} \\)라 하면, \\( \\mathbf{x}-\\mathbf{x}_{0} \\)는 두 벡터 \\( \\mathbf{v}_{1} \\)과 \\( \\mathbf{v}_{2} \\)의 일차결합 \\[ \\mathbf{x}-\\mathbf{x}_{0}=t_{1} \\mathbf{v}_{1}+t_{2} \\mathbf{v}_{2} \\] \\[ \\mathbf{x}=\\mathbf{x}_{0}+t_{1} \\mathbf{v}_{1}+t_{2} \\mathbf{v}_{2} \\] 로 표현된다. 여기서 실수 \\( t_{1} \\)과 \\( t_{2} \\)를 매개변수라 한다. 따라서 위의 식의 \\( \\mathbf{x} \\)는 평면 \\( \\pi \\) 위의 모든 점을 나타낸다. 이때 \\[ \\mathbf{x}=\\mathbf{x}_{0}+t_{1} \\mathbf{v}_{1}+t_{2} \\mathbf{v}_{2} \\quad(\\text{ 단, } t_{1}, t_{2} \\in R) \\]<caption>\\( (*) \\)</caption>를 두 벡터 \\( \\mathbf{v}_{1} \\)과 \\( \\mathbf{v}_{2} \\)에 평행이며 \\( \\mathbf{x}_{0} \\)를 지나는 평면 \\( \\pi \\)의 벡터방정식이라 한다.</p><p>② 매개변수방정식</p><p>특히 \\( (*) \\)로부터 \\( \\mathbf{x}_{0}=\\left(x_{0}, y_{0}, z_{0}\\right), \\mathbf{v}_{1}=\\left(a_{1}, b_{1}, c_{1}\\right), \\mathbf{v}_{2}=\\left(a_{2}, b_{2}, c_{2}\\right) \\)라 놓으면 \\[ (x, y, z)=\\left(x_{0}, y_{0}, z_{0}\\right)+t_{1}\\left(a_{1}, b_{1}, c_{1}\\right)+t_{2}\\left(a_{2}, b_{2}, c_{2}\\right) \\] 즉 \\[ x=x_{0}+a_{1} t_{1}+a_{2} t_{2}, y=y_{0}+b_{1} t_{1}+b_{2} t_{2}, z=z_{0}+c_{1} t_{1}+c_{2} t_{2} \\] 를 얻는다. 이것을 평면 \\( \\pi \\)의 매개변수방정식이라 한다.</p><p>예제 5 \\( R^{3} \\)에서 세 점 \\( P(4,3,-1), Q(6,-4,7), R(1,2,3) \\)을 지나는 평면의 벡터방정식과 매개변수방정식을 구하시오.</p><p>풀이 \\( \\mathbf{x}=(x, y, z), \\mathbf{x}_{0}=(4,3,-1), \\mathbf{x}_{1}=(6,-4,7), \\mathbf{x}_{2}=(1,2,3) \\)으로 놓으면 \\[ \\mathbf{x}_{1}-\\mathbf{x}_{0}=\\overrightarrow{P Q}=(2,-7,8), \\mathbf{x}_{2}-\\mathbf{x}_{0}=\\overrightarrow{P R}=(-3,-1,4) \\] 가 된다. 이때 구하려는 평면의 벡터방정식 \\( \\mathbf{x}-\\mathbf{x}_{0} \\)는 두 벡터 \\( \\mathbf{x}_{1}-\\mathbf{x}_{0} \\)와 \\( \\mathbf{x}_{2}-\\mathbf{x}_{0} \\)의 일차결합으로 표시되므로 \\[ \\mathbf{x}=\\mathbf{x}_{0}+t_{1}\\left(\\mathbf{x}_{1}-\\mathbf{x}_{0}\\right)+t_{2}\\left(\\mathbf{x}_{2}-\\mathbf{x}_{0}\\right)\\quad(\\text { 단, } t_{1}, t_{2} \\in R) \\] 이다. 한편 \\[ \\begin{aligned} (x, y, z) &=(4,3,-1)+t_{1}(2,-7,8)+t_{2}(-3,-1,4) \\\\ &=\\left(4+2 t_{1}-3 t_{2}, 3-7 t_{1}-t_{2},-1+8 t_{1}+4 t_{2}\\right) \\end{aligned} \\] 이므로, 평면의 매개변수방정식은 \\[ x=4+2 t_{1}-3 t_{2}, y=3-7 t_{1}-t_{2}, z=-1+8 t_{1}+4 t_{2} \\] 로 주어진다.</p><p>이제 스칼라사영을 이용하여, \\( R^{3} \\)에서 한 점과 평면 사이의 거리를 구하는 방법을 알아본다.</p><p>정리 2 \\( R^{3} \\)의 한 점 \\( P_{1}\\left(x_{1}, y_{1}, z_{1}\\right) \\)에서 평면 \\( a x+b y+c z+d=0 \\)까지의 거리 \\( D \\)는 다음으로 주어진다. \\[ D=\\frac{\\left|a x_{1}+b y_{1}+c z_{1}+d\\right|}{\\sqrt{a^{2}+b^{2}+c^{2}}} \\]</p><p>증명 평면 위의 한 점을 \\( P_{0}\\left(x_{0}, y_{0}, z_{0}\\right) \\)라 하고, \\( \\mathbf{b} \\)를 \\( \\overrightarrow{P_{0} P_{1}} \\)에 대응하는 벡터라 하면 \\( \\mathbf{b}=\\left(x_{1}-x_{0}, y_{1}-y_{0}, z_{1}-z_{0}\\right) \\)이다. 그런데 \\( P_{1} \\)에서 평면까지의 거리 \\( D \\)는 법선벡터 \\( \\mathbf{n}=(a, b, c) \\) 위로의 \\( \\mathbf{b} \\)의 스칼라사영의 절대값과 같으므로 \\[ \\begin{aligned} D &=\\|\\mathbf{b}\\||\\cos \\theta|=\\frac{|\\mathbf{n} \\cdot \\mathbf{b}|}{\\|\\mathbf{n}\\|} \\\\ &=\\frac{\\left|a\\left(x_{1}-x_{0}\\right)+b\\left(y_{1}-y_{0}\\right)+c\\left(z_{1}-z_{0}\\right)\\right|}{\\sqrt{a^{2}+b^{2}+c^{2}}} \\\\ &=\\frac{\\left|\\left(a x_{1}+b y_{1}+c z_{1}\\right)-\\left(a x_{0}+b y_{0}+c z_{0}\\right)\\right|}{\\sqrt{a^{2}+b^{2}+c^{2}}} \\end{aligned} \\] 가 된다. 그런데 \\( a x_{0}+b y_{0}+c z_{0}+d=0 \\)이므로, \\( D \\)는 \\[ D=\\frac{\\left|a x_{1}+b y_{1}+c z_{1}+d\\right|}{\\sqrt{a^{2}+b^{2}+c^{2}}} \\] 로 주어진다.</p><p>예제 6 \\( R^{3} \\)에서 두 평면 \\( x-2 y+3 z=2 \\)와 \\( 3 x-6 y+9 z=12 \\) 사이의 거리 \\( D \\)를 구하시오.</p><p>풀이 두 평면은 서로 평행하므로, 평면 \\( 3 x-6 y+9 z=12 \\) 위의 한 점 \\( (0,-2,0) \\)과 평면 \\( x-2 y+3 z=2 \\)와의 거리를 구하면 된다. 따라서 거리 \\( D \\)는 \\[ D=\\frac{|0+4+0-2|}{\\sqrt{1+4+9}}=\\frac{2}{\\sqrt{14}} \\] 로 주어진다.</p><p>두 평면은 그들의 법선벡터가 평행할 때 평행이다. 두 평면이 평행하지 않으면 그들은 한 직선에서 만나고, 이때 두 평면의 사이각은 그들의 법선벡터 사이의 예각으로 정의한다.</p><p>예제 7 \\( R^{3} \\)에서 두 평면 \\( x+y+z=1 \\)과 \\( x-2 y+3 z=1 \\)이 만나서 이루는 각을 구하시오.</p><p>풀이 두 평면의 법선벡터가 각각 \\[ \\mathbf{n}_{1}=(1,1,1), \\mathbf{n}_{2}=(1,-2,3) \\] 이므로, 두 평면 사이의 각은 \\( \\theta \\)라 하면 \\[ \\cos \\theta=\\frac{\\mathbf{n}_{1} \\cdot \\mathbf{n}_{2}}{\\left\\|\\mathbf{n}_{1}\\right\\|\\left\\|\\mathbf{n}_{2}\\right\\|}=\\frac{2}{\\sqrt{42}} \\] 가 된다. 따라서 \\( \\theta=\\cos ^{-1}\\left(\\frac{2}{\\sqrt{42}}\\right) \\approx 72^{\\circ} \\)이다.</p>",
                "context_length": 6463,
                "clue": [
                    {
                        "clue_text": "\\( R^{3} \\)에서 한 점 \\( P_{0}\\left(x_{0}, y_{0}, z_{0}\\right) \\)를 지나고 \\(\\mathbf{0}\\)이 아닌 벡터 \\( \\mathbf{n} \\)에 수직인 평면의 방정식 \\( \\pi \\)는 \\[ \\mathbf{ n } \\cdot \\overrightarrow{P_{0} P}=0 \\] 을 만족하는 점 \\( P(x, y, z) \\)의 집합으로, \\( P_{0} \\)와 \\( \\mathbf{n} \\)에 의하여 유일하게 결정된다.",
                        "clue_start": "52",
                        "clue_end": "312"
                    },
                    {
                        "clue_text": "이때 평면 \\( \\pi \\)에 수직인 직교벡터 \\(\\mathbf{n}\\)을 법선벡터(normal vector), 또는 간단히 법벡터라 하고, 단위벡터 \\( \\frac{\\mathbf{n}}{\\|\\mathbf{n}\\|} \\)을 평면 \\( \\pi \\)의 방향코사인 또는 단위법벡터라 한다.",
                        "clue_start": "313",
                        "clue_end": "471"
                    },
                    {
                        "clue_text": "여기서 \\( d=a x_{0}+b y_{0}+c z_{0} \\)라 하면 평면의 방정식은 \\[ a x+b y+c z=d \\]<caption>\\( (*) \\)</caption>로 고쳐 쓸 수 있다.",
                        "clue_start": "1141",
                        "clue_end": "1249"
                    },
                    {
                        "clue_text": "역으로 \\( a, b, c \\)가 모두는 \\(0\\)이 아닐 때, \\( a x+b y+c z=d \\)는 법선벡터가 \\( \\mathbf{n}=(a, b, c) \\)인 평면을 나타낸다.",
                        "clue_start": "1283",
                        "clue_end": "1383"
                    }
                ],
                "terminology": [
                    {
                        "word": "hyperplane"
                    },
                    {
                        "word": "normal vector"
                    },
                    {
                        "word": "단위벡터"
                    },
                    {
                        "word": "매개변수"
                    },
                    {
                        "word": "매개변수방정식"
                    },
                    {
                        "word": "방정식"
                    },
                    {
                        "word": "방향코사인"
                    },
                    {
                        "word": "법벡터"
                    },
                    {
                        "word": "법선벡터"
                    },
                    {
                        "word": "벡터"
                    },
                    {
                        "word": "벡터방정식"
                    },
                    {
                        "word": "사이각"
                    },
                    {
                        "word": "상수배"
                    },
                    {
                        "word": "선형방정식"
                    },
                    {
                        "word": "스칼라"
                    },
                    {
                        "word": "스칼라사영"
                    },
                    {
                        "word": "예각"
                    },
                    {
                        "word": "외적"
                    },
                    {
                        "word": "일차결합"
                    },
                    {
                        "word": "직교"
                    },
                    {
                        "word": "직교벡터"
                    },
                    {
                        "word": "초평면"
                    },
                    {
                        "word": "평면의 방정식"
                    }
                ]
            },
            {
                "context_id": "55e-0c9-25f3e0d2-4cfe-485c-af3d-f8c8892cbe82",
                "context_K-NSCC": {
                    "field": "자연",
                    "large_category": "NA",
                    "medium_category": "99"
                },
                "context": "<p>정의 4 \\( R^{n} \\)의 벡터 \\( \\mathbf{a}=\\left(a_{1}, a_{2}, \\cdots, a_{n}\\right) \\)의 노름(norm) \\( \\|\\mathbf{a}\\| \\)은 \\[ \\|\\mathbf{a}\\|=\\sqrt{a_{1}^{2}+a_{2}^{2}+\\cdots+a_{n}^{2}} \\] 으로 정의하고, 벡터 \\( \\mathbf{a} \\)의 노름을 벡터의 크기 또는 길이(length)라 한다.</p><p>예 4 \\( R^{2} \\)의 벡터 \\( \\mathbf{a}=\\left(a_{1}, a_{2}\\right) \\)의 크기는 \\( \\|\\mathbf{a}\\|=\\sqrt{a_{1}^{2}+a_{2}^{2}} \\)이고, \\( R^{3} \\)의 벡터 \\( \\mathbf{b}=\\left(b_{1}, b_{2}, b_{3}\\right) \\)의 크기는 \\( \\|\\mathbf{b}\\|=\\sqrt{b_{1}^{2}+b_{2}^{2}+b_{3}^{3}} \\)이다.</p><p>\\( R^{n} \\)의 벡터 \\( \\mathbf{a} \\)에 대하여 노름이 \\(1\\)인 벡터, 즉 \\[ \\|\\mathbf{a} \\|=1 \\] 인 벡터를 단위벡터(unit vector)라 한다. \\( \\mathbf{a} \\neq \\mathbf{0} \\)일 때, \\( \\mathbf{a} \\)와 같은 방향을 가지는 단위벡터는 \\[ \\frac{\\mathbf{a}}{\\|\\mathbf{a}\\|} \\] 로 주어진다. 즉 \\( \\mathbf{a} \\neq \\mathbf{0} \\)에 대하여 \\( \\frac{\\mathbf{a}}{\\|\\mathbf{a}\\|} \\)는 \\( \\mathbf{a} \\) 방향의 단위벡터이다. 또한 \\( R^{n} \\)에서 노름이 \\(0\\)인 벡터를 영벡터라 하고, \\(\\mathbf{0}\\)으로 표기한다. \\( R^{3} \\)에서 크기가 \\(0\\)인 벡터는 영벡터 \\( \\mathbf{0}=(0,0,0) \\) 뿐이고, 영벡터는 특정한 방향을 갖지 않는 유일한 벡터이다.</p><p>예제 1</p><p>\\( R^{n} \\)에서 크기가 \\(0\\)인 벡터는 영벡터 \\( \\mathbf{0}=(0,0,0) \\) 뿐이다.</p><p>증명 \\( \\mathbf{a}=\\left(a_{1}, a_{2}, \\cdots, a_{n}\\right) \\in R^{n} \\)이 \\(\\mathbf{0}\\)이 아닌 벡터라고 하자. 만약 \\( \\|\\mathbf{a}\\|=0 \\)이라면, \\( \\sqrt{\\sum_{i=1}^{n} a_{i}^{2}}=0 \\)이므로 \\( \\sum_{i=1}^{n} a_{i}^{2}=0 \\)이 된다. 그런데 \\( a_{i} \\in R \\)이므로, \\( a_{i}^{2} \\geq 0 \\)이다. 그러므로 \\[ a_{i}=0(\\text { 단, } i=1,2, \\cdots, n) \\] 이 된다. 이것은 모순이다. 따라서 \\( \\mathbf{a}= \\mathbf{0} \\)이 성립한다.</p><p>이제부터 \\( n \\)차원 벡터 전체의 집합을 \\( V_{n} \\)으로 표기하기로 한다. 예를 들면 \\(2\\)차원 벡터 전체의 집합은 \\( V_{2}, 3 \\)차원 벡터 전체의 집합은 \\( V_{3} \\)로 나타낸다.</p><p>정의 5 벡터의 합과 스칼라배</p><ol type=1 start=1><li>\\(\\mathbf{a}=\\left(a_{1}, a_{2}, a_{3}\\right), \\mathbf{b}=\\left(b_{1}, b_{2}, b_{3}\\right)\\) 일 때, 두 벡터 \\(\\mathbf{a}, \\mathbf{b}\\)의 합을 \\[\\mathbf{a}+\\mathbf{b}=\\left(a_{1}+b_{1}, a_{2}+b_{2}, a_{3}+b_{3}\\right)\\] 로 정의하고, 두 벡터 \\( \\mathbf{a}, \\mathbf{b} \\)의 차는 \\( \\mathbf{a}-\\mathbf{b}=\\mathbf{a}+(-\\mathbf{b}) \\)로 정의한다.</li><li>\\( \\lambda \\)가 스칼라이고, \\( \\mathbf{a}=\\left(a_{1}, a_{2}, a_{3}\\right) \\)이면, 스칼라배 \\( \\lambda \\mathbf{a} \\)를 \\[ \\lambda \\mathbf{a}=\\left(\\lambda a_{1}, \\lambda a_{2}, \\lambda a_{3}\\right) \\] 로 정의한다.</li></ol><p>두 벡터 \\( \\mathbf{a}, \\mathbf{b} \\)가 어떤 스칼라 \\( \\lambda \\)에 대하여 \\( \\mathbf{b}=\\lambda \\mathbf{a} \\)이면, \\( \\mathbf{a} \\)와 \\( \\mathbf{b} \\)는 평행(parallel)하다고 한다.</p><p>예제 2 \\( R^{3} \\)의 두 벡터 \\( \\mathbf{a}=(2,4,-5) \\)와 \\( \\mathbf{b}=(1,2,3) \\)의 합에 평행한 단위벡터를 구하시오.</p><p>풀이 두 벡터의 합을 \\( \\mathbf{c} \\)라 할 때, \\( \\mathbf{c}=\\mathbf{a}+\\mathbf{b}=(3,6,-2) \\)이고, \\( \\mathbf{c} \\)의 크기는 \\( \\|\\mathbf{c}\\|=7 \\)이 된다. 따라서 \\( \\mathbf{c} \\)에 평행한 단위벡터는 \\[ \\frac{\\mathbf{c}}{\\|\\mathbf{c}\\|}=\\left(\\frac{3}{7}, \\frac{6}{7},-\\frac{2}{7}\\right) \\] 로 주어진다.</p><p>정리 6 벡터의 성질 \\( \\mathbf{a}, \\mathbf{b}, \\mathbf{c} \\in V_{n} \\)와 스칼라 \\( \\lambda, \\mu \\)에 대하여, 다음이 성립한다.</p><ol type=1 start=1><li>\\( \\mathbf{a}+\\mathbf{b}=\\mathbf{b}+\\mathbf{a} \\)</li><li>\\( \\mathbf{a}+\\left(\\mathbf{b}+\\mathbf{c}\\right)=\\left(\\mathbf{a}+\\mathbf{b}\\right)+ \\mathbf{c}\\)</li><li>\\( \\mathbf{a}+\\mathbf{0}=\\mathbf{a}+\\mathbf{0}=\\mathbf{a}\\)</li><li>\\( \\mathbf{a}+(\\mathbf{-a})=\\mathbf{0}=(\\mathbf{-a})+\\mathbf{a}\\)</li><li>\\( \\lambda\\left(\\mathbf{a}+\\mathbf{b}\\right)=\\lambda\\mathbf{a}+\\lambda\\mathbf{b}\\)</li><li>\\( \\left(\\lambda+\\mu \\right)\\mathbf{a}=\\lambda\\mathbf{a}+\\mu\\mathbf{a}\\)</li><li>\\( \\left(\\lambda\\mu \\right)\\mathbf{a}=\\lambda\\left(\\mu\\mathbf{a}\\right)\\)</li><li>\\( 0\\mathbf{a}=\\mathbf{0}\\)이고 \\(1\\mathbf{a}=\\mathbf{a}\\)</li><li>\\( \\lambda \\mathbf{0}=\\mathbf{0}\\)</li></ol><p>\\( R^{2} \\)에서 표준기저벡터(standard base vector) 또는 표준단위벡터(standard unit vector), 간단히 기본벡터로 정의되는 두 벡터 \\[ \\mathbf{i}=(1,0), \\quad \\mathbf{j}=(0,1) \\] 은 양의 \\( x \\)축과 \\( y \\)축 방향을 각각 나타내는 단위벡터이다. 또한 \\( R^{3} \\)에서 표준기저벡터로 정의되는 다음 세 벡터 \\[ \\mathbf{i}=(1,0,0), \\quad \\mathbf{j}=(0,1,0), \\quad \\mathbf{k}=(0,0,1) \\] 은 양의 \\( x \\)축, \\( y \\)축, \\( z \\)축 방향을 각각 나타내는 단위벡터이다. 이때 특별한 언급이 없는 한, 우수직교좌표계(right - handed rectangular coordinate systems)를 사용한다.</p><p>예 5 \\( R^{3} \\)의 임의의 벡터 \\( \\mathbf{a}=\\left(a_{1}, a_{2}, a_{3}\\right) \\)는 단위벡터 \\( \\mathbf{i}, \\mathbf{j} \\)와 \\( \\mathbf{k} \\)에 의하여 \\[ \\mathbf{a}=a_{1} \\mathbf{i}+a_{2} \\mathbf{j}+a_{3} \\mathbf{k} \\] 로 유일하게 표시된다.</p><p>정의 7 일차결합</p><p>\\( R^{n} \\)의 임의의 벡터 \\( \\mathbf{v}_{1}, \\mathbf{v}_{2}, \\cdots, \\mathbf{v}_{k} \\)와 실수 \\( c_{1}, c_{2}, \\cdots, c_{k} \\)에 대하여 \\[ \\mathbf{x}=c_{1} \\mathbf{v}_{1}+c_{2} \\mathbf{v}_{2}+\\cdots+c_{k} \\mathbf{v}_{k} \\] 형태의 벡터 \\( \\mathbf{x} \\)를 \\( \\mathbf{v}_{1}, \\mathbf{v}_{2}, \\cdots, \\mathbf{v}_{k} \\)의 일차결합(linear combination)이라 한다.</p>",
                "context_length": 4506,
                "clue": [
                    {
                        "clue_text": "정의 4 \\( R^{n} \\)의 벡터 \\( \\mathbf{a}=\\left(a_{1}, a_{2}, \\cdots, a_{n}\\right) \\)의 노름(norm) \\( \\|\\mathbf{a}\\| \\)은 \\[ \\|\\mathbf{a}\\|=\\sqrt{a_{1}^{2}+a_{2}^{2}+\\cdots+a_{n}^{2}} \\] 으로 정의하고, 벡터 \\( \\mathbf{a} \\)의 노름을 벡터의 크기 또는 길이(length)라 한다.",
                        "clue_start": "3",
                        "clue_end": "238"
                    }
                ],
                "terminology": [
                    {
                        "word": "기본벡터"
                    },
                    {
                        "word": "노름"
                    },
                    {
                        "word": "단위벡터"
                    },
                    {
                        "word": "단위벡터(unit vector)"
                    },
                    {
                        "word": "벡터"
                    },
                    {
                        "word": "스칼라"
                    },
                    {
                        "word": "스칼라배"
                    },
                    {
                        "word": "실수"
                    },
                    {
                        "word": "영벡터"
                    },
                    {
                        "word": "일차결합"
                    },
                    {
                        "word": "일차결합(linear combination)"
                    },
                    {
                        "word": "전체의 집합"
                    },
                    {
                        "word": "집합"
                    },
                    {
                        "word": "차원"
                    },
                    {
                        "word": "표준기저벡터"
                    },
                    {
                        "word": "표준단위벡터"
                    }
                ]
            },
            {
                "context_id": "55e-0c9-3c971087-0484-47a3-b5fc-b28be9c1f170",
                "context_K-NSCC": {
                    "field": "자연",
                    "large_category": "NA",
                    "medium_category": "99"
                },
                "context": "<p>선형대수학은 '벡터와 행렬'이라는 두 개의 대상을 기본으로 한다. 벡터에 대한 연구는 아일랜드의 수학자 헤밀턴(Hamilton)에 의해 구체화되었고, 벡터는 수학은 물론 물리학, 공학에서 다양한 의미를 갖는다. 이 장에서는 공간에서 해석학적인 관점으로 벡터를 도입하고, 기하학적인 관점으로 벡터대수, 내적과 외적, 삼중적의 기하학적 성질과 물리적 성질을 이해한다.</p><h1>1.1 벡터</h1><p>벡터는 크기와 방향을 갖는 양을 뜻한다. 공간에서 크기를 길이로 하고 방향을 갖는 유향선분으로 벡터를 표현할 수 있다. 공간에서 점 \\( P \\)에서 점 \\( Q \\)로 향하는 벡터를 표현하는 방법으로 크기와 방향을 동시에 표현하는 화살표 \\( \\overrightarrow{P Q} \\)를 오랫동안 사용하다가, 1814년경에 아르강(Argand)에 의해 순서쌍을 이용한 벡터의 표현방법이 구체화되었다.</p><p>참고 물리적인 양 중에서 크기(magnitude)만을 가진 양을 스칼라(scalar)라 하고, 크기와 방향(direction)을 동시에 가진 양을 벡터(vector)라 한다. 앞으로 특별한 언급이 없는 한, 스칼라는 실수로 제한한다.</p><h2>1. 직교좌표계</h2><p>공간 위에 점을 나타내는 방법 중 가장 널리 사용하는 것은 공간에 원점(origin) \\( O \\)에서 서로 수직으로 만나는 좌표축(\\(3\\)차원 공간에서 \\( z \\)축의 방향은 오른손법칙에 의해 결정)을 설정하고 주어진 점을 각 좌표축으로 정사영한 값을 각 성분으로 하여 순서쌍으로 표시하는 것이다. 일반적으로 \\( n \\)개의 성분을 갖는 순서쌍 전체의 집합을 \\( n \\)차원 공간 ( \\( n \\)차원 유클리드 공간)이라 하고 \\( R^{n} \\)으로 표시한다. 이것을 \\( n \\)차원 직교좌표계라 한다.</p><p>예 1 \\( R^{1} \\)은 실수 전체의 집합인 직선과 일치하므로 \\( R^{1} \\)을 간단히 \\( R \\)로 나타낸다. \\( R^{2} \\)는 기하학적으로 평면과 일치하고, \\( R^{3} \\)는 일반적인 공간으로 생각할 수 있다. 한편 \\( R^{4}, R^{5}, \\cdots \\)를 고차원 공간이라 한다.</p><p>특별한 언급이 없는 한, 이 책에서는 직교좌표계 \\( O-x y \\) 또는 \\( O-x y z \\)에서 생각하기로 한다.</p><h2>2. 공간벡터</h2><p>공간 위의 두 점 \\( P \\)와 \\( Q \\)에 대하여, 시점(initial point, 시작점) \\( P \\)에서 끝점(terminal point, 종점) \\( Q \\)에 이르는 유향선분(directed line segment)을 \\( \\overrightarrow{P Q} \\)로 나타낸다(이것을 흔히 기하벡터라 한다). 이때 유향선분 \\( \\overrightarrow{P Q} \\)의 크기를 \\( \\|\\overrightarrow{P Q}\\| \\)으로 표기한다.</p><p>정의 1 벡터 두 유향선분이 같은 크기와 방향을 가질 때 두 유향선분은 동치라 하고, 동치인 유향선분의 집합을 벡터라고 한다.</p><p>벡터는 보통 진한 영문소문자(볼드체) \\( \\mathbf{a}, \\mathbf{b}, \\cdots \\)또는 화살표 기호를 사용하여 \\( \\vec{a}, \\vec{b}, \\cdots \\)로 나타내고, 스칼라는 이탤릭체 소문자로 표시한다. 화살표 \\( \\vec{a}, \\vec{b}, \\ldots \\)가 벡터를 기하학적으로 표현하는데 유용하지만, 다양한 벡터를 대수적 \\( \\mathbf{a}, \\mathbf{b}, \\cdots \\)로 표현하면 많은 장점을 갖게 된다. 벡터는 크기와 방향에 의해서만 정의되므로, 크기와 방향이 같은 두 벡터 \\( \\mathbf{a} \\)와 \\( \\mathbf{b} \\)는 시점의 위치와 관계없이 동일한 벡터, 즉 '같다'고 하고 \\( \\mathbf{a}=\\mathbf{b} \\)로 표기한다. 따라서 한 벡터를 평행이동하여도 동일한 벡터로 간주한다. 특히 크기가 \\(0\\)인 벡터(시점과 끝점이 같은 벡터)를 영벡터(zero vector)라 하고, \\(0\\)으로 표기한다. 한편 벡터 \\( \\mathbf{a} \\)에 스칼라 \\( \\lambda \\)를 곱한 벡터를 \\( \\lambda \\mathbf{a} \\)로 정의한다. 특히 벡터 \\( \\mathbf{a} \\)와 크기가 같고 방향이 반대인 벡터를 \\( -\\mathbf{a} \\)로 나타낸다.</p>",
                "context_length": 2183,
                "clue": [
                    {
                        "clue_text": "벡터는 크기와 방향을 갖는 양을 뜻한다.",
                        "clue_start": "228",
                        "clue_end": "250"
                    },
                    {
                        "clue_text": "공간에서 크기를 길이로 하고 방향을 갖는 유향선분으로 벡터를 표현할 수 있다.",
                        "clue_start": "251",
                        "clue_end": "294"
                    },
                    {
                        "clue_text": "공간 위에 점을 나타내는 방법 중 가장 널리 사용하는 것은 공간에 원점(origin) \\( O \\)에서 서로 수직으로 만나는 좌표축(\\(3\\)차원 공간에서 \\( z \\)축의 방향은 오른손법칙에 의해 결정)을 설정하고 주어진 점을 각 좌표축으로 정사영한 값을 각 성분으로 하여 순서쌍으로 표시하는 것이다.",
                        "clue_start": "613",
                        "clue_end": "782"
                    },
                    {
                        "clue_text": "정의 1 벡터 두 유향선분이 같은 크기와 방향을 가질 때 두 유향선분은 동치라 하고, 동치인 유향선분의 집합을 벡터라고 한다.",
                        "clue_start": "1448",
                        "clue_end": "1518"
                    },
                    {
                        "clue_text": "일반적으로 \\( n \\)개의 성분을 갖는 순서쌍 전체의 집합을 \\( n \\)차원 공간 ( \\( n \\)차원 유클리드 공간)이라 하고 \\( R^{n} \\)으로 표시한다.",
                        "clue_start": "783",
                        "clue_end": "876"
                    }
                ],
                "terminology": [
                    {
                        "word": "고차원 공간"
                    },
                    {
                        "word": "공간벡터"
                    },
                    {
                        "word": "내적"
                    },
                    {
                        "word": "대수적"
                    },
                    {
                        "word": "동치"
                    },
                    {
                        "word": "벡터"
                    },
                    {
                        "word": "벡터대수"
                    },
                    {
                        "word": "벡터의 표현방법"
                    },
                    {
                        "word": "삼중적"
                    },
                    {
                        "word": "선형대수학"
                    },
                    {
                        "word": "스칼라"
                    },
                    {
                        "word": "실수"
                    },
                    {
                        "word": "영벡터"
                    },
                    {
                        "word": "오른손법칙"
                    },
                    {
                        "word": "외적"
                    },
                    {
                        "word": "유클리드 공간"
                    },
                    {
                        "word": "유향선분"
                    },
                    {
                        "word": "전체의 집합"
                    },
                    {
                        "word": "정사영"
                    },
                    {
                        "word": "좌표축"
                    },
                    {
                        "word": "직교좌표계"
                    },
                    {
                        "word": "집합"
                    },
                    {
                        "word": "차원"
                    },
                    {
                        "word": "행렬"
                    }
                ]
            },
            {
                "context_id": "55e-0c9-64af0f1a-6e60-4f48-9888-5d85a70a5e28",
                "context_K-NSCC": {
                    "field": "자연",
                    "large_category": "NA",
                    "medium_category": "99"
                },
                "context": "<h1>1.2 공간 \\( R^{3} \\)에서 직선과 평면의 방정식</h1><p>이 절에서는 벡터의 내적을 이용하여 \\( R^{3} \\)에서의 직선의 방정식과 평면의 방정식을 구하고, 이와 관련된 거리문제를 살펴본다. 이제부터 특별한 언급이 없는 한, 직교좌표계에서 생각하기로 한다.</p><h2>1. 방향각과 방향코사인</h2><p>\\( R^{3} \\)에서 하나의 유향선분 \\( \\overrightarrow{A B} \\)의 방향각은 원점 \\( O \\)를 지나서 \\( \\overrightarrow{A B} \\)에 평행한 \\( \\overrightarrow{O P} \\)가 양의 \\( x \\)축, \\( y \\)축, 그리고 \\( z \\)축과 각각 만드는 각 \\( \\alpha, \\beta \\)와 \\( \\gamma \\)이다. 이때 \\[ l=\\cos \\alpha,\\quad m=\\cos \\beta, \\quad n=\\cos \\gamma \\] 를 유향선분 \\( \\overrightarrow{A B} \\) (따라서 \\( \\overrightarrow{O P} \\) )의 방향코사인(direction cosine)이라 한다. \\( \\overrightarrow{O P} \\)의 방향은 방향코사인 \\( l, m, n \\)에 의하여 결정된다.</p><p>참고 \\( R^{3} \\)에서 한 직선 \\( g \\)의 방향코사인을 \\( l, m, n \\)이라 할 때 \\[ l^{2}+m^{2}+n^{2}=1 \\] 이 성립한다. 또한 \\( g \\)와 반대방향의 직선을 \\( g^{\\prime} \\)이라 하면 \\( g^{\\prime} \\)의 방향코사인은 \\( -l,-m,-n \\)이 된다.</p><p>예 1 \\( R^{3} \\)에서 원점 \\( O \\)와 점 \\( P(1,1,2) \\)를 지나는 직선의 방향코사인은 \\( \\|\\overrightarrow{O P}\\|=\\sqrt{6} \\)으로부터 \\[ \\cos \\alpha=\\frac{1}{\\sqrt{6}}, \\cos \\beta=\\frac{1}{\\sqrt{6}}, \\cos \\gamma=\\frac{2}{\\sqrt{6}} \\] 로 주어진다.</p><p>정리 1 \\( R^{3} \\)에서 두 직선의 방향코사인을 각각 \\( l_{1}, m_{1}, n_{1} \\)과 \\( l_{2}, m_{2}, n_{2} \\)라 할 때, 이 두 직선이 만나서 이루는 각을 \\( \\theta \\)라 하면 \\[ \\cos \\theta=l_{1} l_{2}+m_{1} m_{2}+n_{1} n_{2} \\] 가 성립한다. 따라서 두 직선이 수직일 조건과 평행할 조건은 각각 \\[ l_{1} l_{2}+m_{1} m_{2}+n_{1} n_{2}=0 \\text { 과 } l_{1}=l_{2}, m_{1}=m_{2}, n_{1}=n_{2} \\] 로 주어진다.</p><h2>2. 직선의 방정식</h2><p>\\( R^{3} \\)에서의 직선의 방정식을 구해보자. \\( R^{3} \\) 위의 한 점 \\( P_{0}\\left(x_{0}, y_{0}, z_{0}\\right) \\)를 지나고 \\(\\mathbf{0}\\)이 아닌 벡터 \\( \\mathbf{v} \\)에 평행한 직선의 방정식 \\( L \\)은 \\[ \\overrightarrow{P_{0} P}=t \\mathbf{v} \\quad(\\text { 단, } t \\in R ) \\] 를 만족하는 점 \\( P(x, y, z) \\)의 집합이다. 이때 간략하게 하기 위해 \\( t \\in R \\)를 생략하기도 한다. \\( L \\)과 평행인 벡터를 \\( \\mathbf{v}, L \\) 위의 임의의 점을 \\( P(x, y, z), \\mathbf{r}_{0} \\)와 \\( \\mathbf{r} \\)을 각각 \\( \\overrightarrow{O P_{0}} \\)와 \\( \\overrightarrow{O P} \\)라 할 때, \\( R^{3} \\)에서의 직선의 방정식은 다음 세 가지로 나타낼 수 있다.</p><p>① 벡터방정식</p><p>\\( \\overrightarrow{P_{0} P} \\)를 표현하는 벡터를 \\( \\mathbf{a} \\)라 하면, \\( \\mathbf{r}=\\mathbf{r}_{0}+\\mathbf{a} \\)를 얻는다. 그런데 \\( \\mathbf{a} \\)와 \\( \\mathbf{v} \\)가 평행하므로 \\( \\mathbf{a}=t \\mathbf{v} \\)를 만족하는 실수 \\( t \\)가 존재한다. 따라서 \\[ \\mathbf{r}=\\mathbf{r}_{0}+t \\mathbf{v}(\\text { 단, } t \\in R ) \\]<caption>\\( (*) \\)</caption></p><p>가 된다. 이때 \\( (*) \\)를 직선 \\( L \\)의 벡터방정식(vector equation)이라 하고, \\( t \\)를 매개변수라 한다.</p><p>예제 1 \\( R^{3} \\)에서 한 점 \\( (5,1,3) \\)을 지나고 벡터 \\( \\mathbf{i}+2 \\mathbf{j}-\\mathbf{k} \\)에 평행한 직선의 벡터방정식을 구하시오.</p><p>풀이 \\( \\mathbf{r}_{0}=(5,1,3) \\)이고 \\( \\mathbf{v}=(1,2,-1) \\)이므로 벡터방정식은 \\[ \\mathbf{r}=(5 \\mathbf{i}+\\mathbf{j}+3 \\mathbf{k})+t(\\mathbf{i}+2 \\mathbf{j}-\\mathbf{k}) \\] 즉 \\[ \\mathbf{r}=(5+t) \\mathbf{i}+(1+2 t) \\mathbf{j}+(3-t) \\mathbf{k} \\] 로 주어진다. 여기서 \\( t \\in R \\)이다.</p><p>② 매개변수방정식</p><p>벡터 \\( \\mathbf{v} \\)를 \\( \\mathbf{v}=(a, b, c) \\)라 놓으면 \\( t \\mathbf{v}=(t a, t b, t c) \\)이므로, \\( \\mathbf{r}=(x, y, z) \\)와 \\( \\mathbf{r}_{0}= \\left(x_{0}, y_{0}, z_{0}\\right) \\)라 할 때 벡터방정식 \\( (*) \\)는 \\[ (x, y, z)=\\left(x_{0}+t a, y_{0}+t b, z_{0}+t c\\right) \\] 가 된다. 그러므로 세 방정식 \\[ x=x_{0}+t a, y=y_{0}+t b, z=z_{0}+t c \\] 를 얻는다. 이 방정식을 점 \\( P_{0}\\left(x_{0}, y_{0}, z_{0}\\right) \\)를 지나고, 벡터 \\( \\mathbf{v}=(a, b, c) \\)에 평행한 직선 \\( L \\)의 매개변수방정식(parametric equation)이라 한다. 여기서 \\( t \\in R \\)이다.</p><p>예제 2 \\( R^{3} \\)에서 두 점 \\( P(3,4,2), Q(1,0,3) \\)을 지나는 직선의 매개변수방정식을 구하시오.</p><p>풀이 구하고자 하는 직선은 벡터 \\( \\overrightarrow{P Q}=(-2,-4,1) \\)과 평행하고 점 \\( P \\)를 지나므로, 직선의 매개변수방정식은 \\[ \\frac{x-x_{0}}{l}=\\frac{y-y_{0}}{m}=\\frac{z-z_{0}}{n} \\] 이다. 한편 \\( R^{3} \\)에서 두 점 \\( P\\left(x_{1}, y_{1}, z_{1}\\right) \\)과 \\( Q\\left(x_{2}, y_{2}, z_{2}\\right) \\)를 지나는 직선 \\( L \\)의 대칭방정식은 \\( L \\)의 방향수가 \\( x_{2}-x_{1}, y_{2}-y_{1}, z_{2}-z_{1} \\)이므로 \\[ \\frac{x-x_{1}}{x_{2}-x_{1}}=\\frac{y-y_{1}}{y_{2}-y_{1}}=\\frac{z-z_{1}}{z_{2}-z_{1}} \\] 로 주어진다.</p><p>예 2 \\( R^{3} \\)에서 한 점 \\( A(7,-1,3) \\)을 지나고 벡터 \\( \\mathbf{v}=(4,2,5) \\)에 평행한 직선의 매개변수방정식은 \\[ x=7+4 t, y=-1+2 t, z=3+5 t \\quad (\\text { 단, } t \\in R ) \\] 이고, 대칭방정식은 \\[ \\frac{x-7}{4}=\\frac{y+1}{2}=\\frac{z-3}{5} \\] 으로 주어진다. 이때 직선의 방향코사인은 \\( \\frac{4}{3 \\sqrt{5}}, \\frac{2}{3 \\sqrt{5}}, \\frac{5}{3 \\sqrt{5}} \\)이다.</p><p>예제 3 \\( R^{3} \\)에서 두 점 \\( A(2,4,-3) \\)과 \\( B(3,-1,1) \\)을 지나는 직선의 매개변수방정식과 대칭방정식을 구하시오.</p><p>풀이 \\( \\overrightarrow{A B} \\)를 가지는 벡터는 \\( \\mathbf{v}=(1,-5,4) \\)이고, \\( \\mathbf{v} \\)는 직선과 평행하며, 방향수는 \\( a=1, b=-5, c=4 \\)이다. 따라서 점 \\( A(2,4,-3) \\)을 \\( P_{0} \\)라 두면, 매개변수방정식은 \\[ x=2+t, y=4-5 t, z=-3+4 t \\quad(\\text { 단, } t \\in R) \\] 이고, 대칭방정식은 \\[ \\frac{x-2}{1}=\\frac{y-4}{-5}=\\frac{z+3}{4} \\] 으로 주어진다.</p>",
                "context_length": 4457,
                "clue": [
                    {
                        "clue_text": "정리 1 \\( R^{3} \\)에서 두 직선의 방향코사인을 각각 \\( l_{1}, m_{1}, n_{1} \\)과 \\( l_{2}, m_{2}, n_{2} \\)라 할 때, 이 두 직선이 만나서 이루는 각을 \\( \\theta \\)라 하면 \\[ \\cos \\theta=l_{1} l_{2}+m_{1} m_{2}+n_{1} n_{2} \\] 가 성립한다.",
                        "clue_start": "1040",
                        "clue_end": "1231"
                    },
                    {
                        "clue_text": "그런데 \\( \\mathbf{a} \\)와 \\( \\mathbf{v} \\)가 평행하므로 \\( \\mathbf{a}=t \\mathbf{v} \\)를 만족하는 실수 \\( t \\)가 존재한다. 따라서 \\[ \\mathbf{r}=\\mathbf{r}_{0}+t \\mathbf{v}(\\text { 단, } t \\in R ) \\]<caption>\\( (*) \\)</caption>",
                        "clue_start": "2034",
                        "clue_end": "2233"
                    },
                    {
                        "clue_text": "이때 \\( (*) \\)를 직선 \\( L \\)의 벡터방정식(vector equation)이라 하고, \\( t \\)를 매개변수라 한다.",
                        "clue_start": "2246",
                        "clue_end": "2319"
                    },
                    {
                        "clue_text": "벡터 \\( \\mathbf{v} \\)를 \\( \\mathbf{v}=(a, b, c) \\)라 놓으면 \\( t \\mathbf{v}=(t a, t b, t c) \\)이므로, \\( \\mathbf{r}=(x, y, z) \\)와 \\( \\mathbf{r}_{0}= \\left(x_{0}, y_{0}, z_{0}\\right) \\)라 할 때 벡터방정식 \\( (*) \\)는 \\[ (x, y, z)=\\left(x_{0}+t a, y_{0}+t b, z_{0}+t c\\right) \\] 가 된다.",
                        "clue_start": "2727",
                        "clue_end": "2990"
                    },
                    {
                        "clue_text": "\\( R^{3} \\) 위의 한 점 \\( P_{0}\\left(x_{0}, y_{0}, z_{0}\\right) \\)를 지나고 \\(\\mathbf{0}\\)이 아닌 벡터 \\( \\mathbf{v} \\)에 평행한 직선의 방정식 \\( L \\)은 \\[ \\overrightarrow{P_{0} P}=t \\mathbf{v} \\quad(\\text { 단, } t \\in R ) \\] 를 만족하는 점 \\( P(x, y, z) \\)의 집합이다. 이때 간략하게 하기 위해 \\( t \\in R \\)를 생략하기도 한다.",
                        "clue_start": "1418",
                        "clue_end": "1691"
                    }
                ],
                "terminology": [
                    {
                        "word": "direction cosine"
                    },
                    {
                        "word": "parametric equation"
                    },
                    {
                        "word": "vector equation"
                    },
                    {
                        "word": "내적"
                    },
                    {
                        "word": "대칭방정식"
                    },
                    {
                        "word": "매개변수방정식"
                    },
                    {
                        "word": "방정식"
                    },
                    {
                        "word": "방향각"
                    },
                    {
                        "word": "방향수"
                    },
                    {
                        "word": "방향코사인"
                    },
                    {
                        "word": "벡터"
                    },
                    {
                        "word": "벡터방정식"
                    },
                    {
                        "word": "실수"
                    },
                    {
                        "word": "유향선분"
                    },
                    {
                        "word": "직교좌표계"
                    },
                    {
                        "word": "직선의 방정식"
                    },
                    {
                        "word": "직선의 벡터방정식"
                    },
                    {
                        "word": "집합"
                    },
                    {
                        "word": "평면의 방정식"
                    }
                ]
            },
            {
                "context_id": "55e-0c9-1e9175ab-efb5-4e86-8ff0-1e5f00b12f59",
                "context_K-NSCC": {
                    "field": "자연",
                    "large_category": "NA",
                    "medium_category": "99"
                },
                "context": "<h2>4. 헤세(Hesse)의 표준형</h2><p>정리 3 헤세의 표준형 \\( R^{3} \\)의 원점 \\( O \\)에서 평면 \\( \\pi \\)에 내린 수선 \\( \\overrightarrow{O H} \\)의 길이를 \\( p \\), 유향선분 \\( \\overrightarrow{O H} \\)의 방향코사인을 \\( l, m \\)과 \\( n \\)이라 하면 평면의 방정식은 헤세의 표준형 \\[ l x+m y+n z=p \\] 로 주어진다.</p><p>증명 점 \\( H \\)의 좌표를 \\( \\left(x_{1}, y_{1}, z_{1}\\right) \\)이라 하고, 평면 위의 임의의 한 점 \\( P \\)의 좌표를 \\( (x, y, z) \\) 라 하자. 이때 유향선분 \\( \\overrightarrow{O H} \\)의 방향코사인이 \\( l, m, n \\)이므로 \\[ x_{1}=l p, y_{1}=m p, z_{1}=n p \\] 가 성립한다. 그런데 \\( \\overline{O H} \\perp \\overline{P H} \\)이므로 \\[ l\\left(x-x_{0}\\right)+m\\left(y-y_{0}\\right)+n\\left(z-z_{0}\\right)=0 \\] 이 된다. 따라서 평면의 방정식은 \\[ \\begin{aligned} l x+m y+n z &=l x_{1}+m y_{1}+n z_{1} \\\\ &=p\\left(l^{2}+m^{2}+n^{2}\\right)=p \\end{aligned} \\] 로 주어진다.</p><p>참고 \\( R^{2} \\)에서 두 점 \\( M(a, 0) \\)과 \\( N(0, b) \\)를 지나는 직선 \\( g \\)의 방정식은 \\( \\frac{x}{a}+\\frac{y}{b}=1 \\)이므로, 양변에 \\( p \\)를 곱하면 \\( \\frac{p}{a} x+\\frac{p}{b} y=p \\)를 얻는다. 이때 \\[ \\frac{p}{a}=\\frac{|\\overline{O H}|}{|\\overline{O M}|}=\\cos \\theta=l, \\quad \\frac{p}{b}=\\frac{|\\overline{O H}|}{|\\overline{O N}|}=\\sin \\theta=m \\] 이므로, 직선 \\( g \\)의 헤세의 표준형은 \\[ x \\cos \\theta+y \\sin \\theta=p \\text { 또는 } l x+m y=p \\] 로 주어진다. 여기서 \\( l, m \\)은 직선 \\( g \\)의 방향코사인이다.</p><p>정리 4 \\( R^{3} \\)의 원점 \\( O \\)에서 평면 \\( a x+b y+c z+d=0 \\)에 내린 수선 \\( \\overline{O H} \\)의 길이를 \\( p \\), 유향선분 \\( \\overrightarrow{O H} \\)의 방향코사인을 \\( l, m, n \\)이라 하면 \\[ \\begin{array}{l} l=\\pm \\frac{a}{\\sqrt{a^{2}+b^{2}+c^{2}}}, \\quad m=\\pm \\frac{b}{\\sqrt{a^{2}+b^{2}+c^{2}}} \\\\ n=\\pm \\frac{c}{\\sqrt{a^{2}+b^{2}+c^{2}}},-p=\\pm \\frac{d}{\\sqrt{a^{2}+b^{2}+c^{2}}} \\end{array} \\] 가 성립한다. 여기서 \\( \\pm \\)는 \\( p>0 \\)가 되도록 선택한다.</p><p>예 3 \\( R^{3} \\)에서 두 평면 \\( x+y+z=5, x+y+z=10 \\) 사이의 거리는 \\( \\frac{5 \\sqrt{3}}{3} \\)이다.</p><p>예제 8 \\( R^{3} \\)에서 한 점 \\( P\\left(x_{0}, y_{0}, z_{0}\\right) \\)로부터 평면 \\( a x+b y+c z+d=0 \\)에 이르는 거리는 \\[ h=\\frac{\\left|a x_{0}+b y_{0}+c z_{0}+d\\right|}{\\sqrt{a^{2}+b^{2}+c^{2}}} \\] 으로 주어진다.</p><p>증명 원점이 점 \\( P \\)에 오도록 \\[ x=\\bar{x}+x_{0}, y=\\bar{y}+y_{0}, z=\\bar{z}+z_{0} \\] 를 \\( a x+b y+c z+d=0 \\)에 대입하면 \\[ a \\bar{x}+b \\bar{y}+c \\bar{z}=-\\left(a x_{0}+b y_{0}+c z_{0}+d\\right) \\] 가 된다. 따라서 원점으로부터 이 평면에 이르는 거리는 \\[ h=\\frac{\\left|a x_{0}+b y_{0}+c z_{0}+d\\right|}{\\sqrt{a^{2}+b^{2}+c^{2}}} \\] 으로 주어진다.</p><h2>연습문제 1.2</h2><p>1. \\( R^{3} \\)에서 한 점 \\( P(5,1,3) \\)을 지나고 벡터 \\( \\mathbf{i}+2 \\mathbf{j}-\\mathbf{k} \\)에 평행한 직선의 매개변수방정식을 구하시오.</p><p>2. \\( x=5 z+3 \\)과 \\( y=\\frac{5}{4} z+7 \\)로 주어진 직선의 방향코사인을 구하시오.</p><p>3. \\( R^{3} \\)에서 세 점 \\( P(-4,-1,-1), Q(-1,-2,-3), R(-2,0,1) \\)을 포함하는 평면의 방정식을 구하시오.</p><p>4. \\( R^{3} \\)의 원점 \\( O \\)와 한 점 \\( A(1,1,0) \\)을 포함하는 평면 \\( \\pi_{1} \\)과 \\( R^{3} \\)의 두 점 \\( B(0,1,1) \\), \\( C(1,0,2) \\)를 포함하는 평면 \\( \\pi_{2} \\)가 서로 평행할 때, \\( \\pi_{1} \\)의 방정식을 구하시오.</p><p>5. \\( R^{3} \\)에서 두 평면 \\( x-2 y+3 z-4=0 \\)과 \\( 2 x+3 y-z-5=0 \\)이 만나서 이루는 각을 구하시오.</p><p>6. \\( R^{3} \\)에서 평면 \\( -2 x+3 y-6 z-1=0 \\)과 구 \\( (x-1)^{2}+(y+4)^{2}+(z-3)^{2}=1 \\) 사이의 거리를 구하시오.</p><p>7. \\( R^{3} \\)의 한 벡터 \\( \\mathbf{b}=(1,5,3) \\)의 종점을 지나는 평면이 벡터 \\( \\mathbf{a}=(2,3,6) \\)에 수직일 때, 원점으로부터 이 평면에 이르는 거리 \\( D \\)를 구하시오.</p><p>8. \\( R^{2} \\)에서 \\( 3 x+4 y+12=0 \\)을 헤세의 표준형으로 변형하시오.</p>",
                "context_length": 3061,
                "clue": [
                    {
                        "clue_text": "정리 3 헤세의 표준형 \\( R^{3} \\)의 원점 \\( O \\)에서 평면 \\( \\pi \\)에 내린 수선 \\( \\overrightarrow{O H} \\)의 길이를 \\( p \\), 유향선분 \\( \\overrightarrow{O H} \\)의 방향코사인을 \\( l, m \\)과 \\( n \\)이라 하면 평면의 방정식은 헤세의 표준형 \\[ l x+m y+n z=p \\] 로 주어진다.",
                        "clue_start": "29",
                        "clue_end": "238"
                    },
                    {
                        "clue_text": "정리 4 \\( R^{3} \\)의 원점 \\( O \\)에서 평면 \\( a x+b y+c z+d=0 \\)에 내린 수선 \\( \\overline{O H} \\)의 길이를 \\( p \\), 유향선분 \\( \\overrightarrow{O H} \\)의 방향코사인을 \\( l, m, n \\)이라 하면 \\[ \\begin{array}{l} l=\\pm \\frac{a}{\\sqrt{a^{2}+b^{2}+c^{2}}}, \\quad m=\\pm \\frac{b}{\\sqrt{a^{2}+b^{2}+c^{2}}} \\\\ n=\\pm \\frac{c}{\\sqrt{a^{2}+b^{2}+c^{2}}},-p=\\pm \\frac{d}{\\sqrt{a^{2}+b^{2}+c^{2}}} \\end{array} \\] 가 성립한다.",
                        "clue_start": "1187",
                        "clue_end": "1561"
                    }
                ],
                "terminology": [
                    {
                        "word": "매개변수방정식"
                    },
                    {
                        "word": "방정식"
                    },
                    {
                        "word": "방향코사인"
                    },
                    {
                        "word": "벡터"
                    },
                    {
                        "word": "수선"
                    },
                    {
                        "word": "수직"
                    },
                    {
                        "word": "유향선분"
                    },
                    {
                        "word": "평면"
                    },
                    {
                        "word": "평면의 방정식"
                    },
                    {
                        "word": "평행"
                    },
                    {
                        "word": "헤세의 표준형"
                    }
                ]
            }
        ]
    }
}