{
    "dataset_info": {
        "identifier": "02-031-002-NL",
        "name": "기술과학 문서 요약 데이터",
        "category": "자연어",
        "last_updated": "2023-08-30"
    },
    "dataset": {
        "doc_id": "62374a30-93f7ae35-8a22-4ab1-bb6f-709724dbff96",
        "doc_type": "논문",
        "doc_title": {
            "kor": "초저출산율에 따른 시도별 출산율 변동을 반영한 예측 연구",
            "eng": ""
        },
        "doc_category": {
            "KDC": "413.05",
            "DDC": ""
        },
        "doc_number": {
            "ISSN": "1225-066X",
            "ISBN": "",
            "DOI": "",
            "UCI": ""
        },
        "doc_year": "2021",
        "doc_author": [
            "오진호"
        ],
        "doc_publisher": "한국통계학회",
        "doc_license": "CC BY-NC",
        "context_info": [
            {
                "context_id": "55e-0c9-07d9ca1e-4343-4a46-922b-5153ccd04f95",
                "context_K-NSCC": {
                    "field": "자연",
                    "large_category": "NA",
                    "medium_category": "09"
                },
                "context": "<h1>2. 시도별출산율 예측 모형</h1> <h2>2.1. 예측 모형의 구조적 문제 진단</h2> <p>앞장에서 지적한 바와 같이 식 (1.1)과 (1.2)는 최근 10년간의 전국의 평균 ASFR}과 ASCFR을 시도에 반영하는 방법으로 연도별 시계열 변동 효과가 반영되지 못하는 구조적 문제가 있다. 그리고 Figure 1처럼 시도별 TFR을 살펴보면 시도별로 전국과 동일한 추세를 보인다. 이런 추세 경향을 식 (1.1)과 (1.2)의 ASFR과 ASCFR의 수년간의 평균으로 접근하여 도출된 선형회귀식에 2017~2047년 전국자료를 대입하여 미래의 시도별 ASFR을 예측하는 것은 시도별 출산율의 하강추세를 감안할 때 합리적이지 않다고 판단된다.</p> <p>더불어 자료의 대푯값과 변동을 다루는 평균과 분산 측면에서 살펴볼 때, 10년간의 평균연령별 출산율은 10년간의 하나의 대폿값에 불과하며 시도별 ASFR의 변동을 고려하지 않은 접근방법으로 볼 수 있다. 즉, 식 (1.1)과 (1.2)는 10년간의 평균으로 변동이 상쇄된 결과가 반영된 모형식이다. 그리고 식 (1.2)의 \\( g_{x}=\\ln (-\\ln (F(x) / \\mathrm{TF})) \\)는 시도, 전국의 모 연령 \\( x \\)세까지의 누적출산율을 Gompit변환한 값으로 정의하고 있다. Gompit모형은 Complementary Log-Log (CLL)와 동일한 링크함수(link dunction)으로 사건, 결점수, 찬성수 등에 대한 zero나 하나 이상의 이벤트 횟수에 대한 포아송분포를 가정한다. 줄생 이벤트를 사건으로 간주하여 출생확률 \\( (p) \\)를 Gompit모형에 적합시겨보면, 식 (2.1)과 같다.</p> <p>\\(\\begin{aligned} & { P(X=0)=\\frac{e^{-\\lambda} \\lambda^{0}}{0 !}=e^{-\\lambda}, } \\\\ & if { \\lambda=\\mu, 1-p=P(X=0)=e^{-\\lambda}, \\quad \\log (\\mu)=\\log [-\\log (1-p)]. }\\end{aligned}\\)<caption>(2.1)</caption></p> <p>동계청에서 제안하는 Gompit 모형 정의에 따르면 출산확률이 라고 했을 때 된다. 따라서 출산하지 않을 확률이 최대 합계출산율에 대한 \\( x \\)세까지의 누적출산율의 비와 같다는 등식으로 표현된다. 따라서 식 (1.2)의 우변을 \\( \\ln [-\\ln (1-F(x)) / \\mathrm{TF}] \\)로 수정되어야 한다. 추가적으로 식 (1.2)는 \\( \\log -\\log \\)모형( \\( \\ln [-\\ln (F(x) / \\mathrm{TF})]) \\)을 CLL모형(Gompit 모형)로 잘못 표기한 것으로 판단된다. 또한 누적 출산율에 대한 Gompit 적용으로 기간 출산율이 아닌 코호트 출산율의 규칙성(regularity)을 살펴본 연구 (Goldstein, 2010; Sobotka와 Lutz, 2011)가 있다. Figure 2는 KOSIS의 시도별 연령별 출산율 자료(1993~2018년)를 다운로드하여 Log-Log와 Gompit 변환을 그려본 것이며, 최대합계출산율에 대한 누적출산율의 비를 살펴보는 합리적 그림은 Log-Log보다는 Gompit 변환임을 알 수 있다.</p> <h2>2.2. 최대 합계출산율에 대한 근거</h2> <p>이번 절은 식 (1.2)의 최대 합계 출산율(TF)을 다루고자 한다. 식 (1.2)의 TF는 McDonald (2007)의 인구대체율 (replacement level fertility) 2.1명, 안전지역(safety zone) 1.5명, 그리고 1.3명 아래의 초저출산율(ultra-low 또는 lowest-low TFR below 1.3) (Lee와 Choi, 2012; Yoo와 Sobotka, 2018) 등과 같은 이론적 근거를 찾을 수가 없다. \\( F(X) / \\mathrm{TF} \\)로서 최대합계출산율의 연령별 누적출산율 비를 고안한 부분은 분명히 평균 ASFR을 대입한 식 (1.1)을 개선한 부분은 있지만, \\( \\mathrm{TF}=2 \\)를 지정한 학술적 근거와 타당한 이유가 있어야 할 것으로 판단된다. 현 시점의 \\( \\mathrm{TF}=2 \\)는 시도별 출산율 기준으로 누적출산율이 2.0을 넘지는 않지만, 출생아수와 가임연령인구가 동시에 감소되고 있으므로 미래의 가임연령 진입세대가 반영되는 시도별출산율은 자연히 1.5명 미만으로 나타날 가능성이 높다. 따라서 2.0을 고정상수로 지정해서 2047년까지 도출한 방식은 합리적이지 않으며, 2030~2035년 이후는 2.0보다 낮은 수치로 변경되어야 할 것으로 판단된다. 이진 반응변수에 대한 통계 모형으로 log, logit, probit, log-Log, CLL모형 등이 있다. 만약 TF가 경험적 수치이고 TF \\( =2 \\)로 고정한 후, 시도별 ASCFR 자료를 이들 변환에 대입한 결과는 Figure 3처럼 유사한 패턴을 나타내고 있어 변환을 식 (1.2)를 log , logit, probit 모형을 대입한 변환과 비교해 \\( F(X) / \\mathrm{TF} \\)의 근거와 상대적 우수성을 확인해 볼 필요가 있다.</p>",
                "context_length": 2555,
                "clue": [
                    {
                        "clue_text": "앞장에서 지적한 바와 같이 식 (1.1)과 (1.2)는 최근 10년간의 전국의 평균 ASFR}과 ASCFR을 시도에 반영하는 방법으로 연도별 시계열 변동 효과가 반영되지 못하는 구조적 문제가 있다.",
                        "clue_start": "59",
                        "clue_end": "169"
                    },
                    {
                        "clue_text": "그리고 Figure 1처럼 시도별 TFR을 살펴보면 시도별로 전국과 동일한 추세를 보인다.",
                        "clue_start": "170",
                        "clue_end": "220"
                    },
                    {
                        "clue_text": "더불어 자료의 대푯값과 변동을 다루는 평균과 분산 측면에서 살펴볼 때, 10년간의 평균연령별 출산율은 10년간의 하나의 대폿값에 불과하며 시도별 ASFR의 변동을 고려하지 않은 접근방법으로 볼 수 있다.",
                        "clue_start": "374",
                        "clue_end": "487"
                    },
                    {
                        "clue_text": "그리고 식 (1.2)의 \\( g_{x}=\\ln (-\\ln (F(x) / \\mathrm{TF})) \\)는 시도, 전국의 모 연령 \\( x \\)세까지의 누적출산율을 Gompit변환한 값으로 정의하고 있다.",
                        "clue_start": "541",
                        "clue_end": "653"
                    },
                    {
                        "clue_text": "Figure 2는 KOSIS의 시도별 연령별 출산율 자료(1993~2018년)를 다운로드하여 Log-Log와 Gompit 변환을 그려본 것이며, 최대합계출산율에 대한 누적출산율의 비를 살펴보는 합리적 그림은 Log-Log보다는 Gompit 변환임을 알 수 있다.",
                        "clue_start": "1467",
                        "clue_end": "1613"
                    }
                ],
                "terminology": [
                    {
                        "word": "ASCFR"
                    },
                    {
                        "word": "ASFR"
                    },
                    {
                        "word": "Gompit 변환"
                    },
                    {
                        "word": "TF"
                    },
                    {
                        "word": "TFR"
                    },
                    {
                        "word": "대폿값"
                    },
                    {
                        "word": "모형식"
                    },
                    {
                        "word": "반응변수"
                    },
                    {
                        "word": "시계열 변동 효과"
                    },
                    {
                        "word": "통계 모형"
                    },
                    {
                        "word": "포아송분포"
                    }
                ]
            },
            {
                "context_id": "55e-0c9-5c7a3135-dfac-422f-818c-c2a812622b0a",
                "context_K-NSCC": {
                    "field": "자연",
                    "large_category": "NA",
                    "medium_category": "09"
                },
                "context": "<h1>3. 시도별 출산율 추계</h1> <h2>3.1. 연결함수와 반응변수</h2> <p>일반화선형모형(generalized linear model; GLM)은 일반선형회귀를 유연하게 일반화한 방법으로 오차항에 대해 정규분포를 가정하는 일반선형모형에 비해 오차항의 분포로 정규분포 이외의 지수족(exponential family) 분포도 가능하도록 한 회귀모형이다 (Na, 2017). GLM의 일반적인 구조는 \\(g(\\mu)=\\beta_{0}+\\beta_{1}x_{1}+\\cdots+\\beta_{p} x_{p} \\)이고 \\( \\mu=E(Y \\mid x) \\)이며, \\( g(\\cdot) \\)는 연결함수(link function)이다. 연결함수는 반응변수의 형태에 따라 다양하게 선택되는데 반응변수가 이항분포를 따르는 경우 로직(logit) 또는 프로벳(probit)함수, 사건, 결점수, 찬성수 등에 대한 zero나 하나 이상의 이벤트 횟수에 대한 포아송분포를 따르는 경우 로그(log), 로그-로그(log-log), Gompit(complementary log-log; CLL) 함수가 사용된다.</p> <p>\\( \\begin{aligned} Y \\mid x \\sim B(1, p): g(\\mu) &=\\log \\left(\\frac{\\mu}{1-\\mu}\\right) \\equiv \\operatorname{logit}(\\mu)=\\beta_{0}+\\beta_{1} x \\\\ g(\\mu) &=\\phi^{-1}(\\mu)=\\beta_{0}+\\beta_{1} x, \\quad \\text { probit } \\\\ Y \\mid x \\sim \\operatorname{Poisson}(\\mu): g(\\mu) &=\\log (\\mu)=\\beta_{0}+\\beta_{1} x, \\quad \\log \\\\ g(\\mu) &=\\log [-\\log (\\mu)]=\\beta_{0}+\\beta_{1} x, \\quad \\log -\\log \\\\ g(\\mu) &=\\log [-\\log (1-\\mu)]=\\beta_{0}+\\beta_{1} x, \\quad \\text { complementary log-log, } \\end{aligned} \\)<caption>(3.1)</caption></p> <p>출생확률 \\( (p, Y=1 \\mid x) \\)에 대한 평균에 대해 위 5개의 모형에 적합이 가능하다. 즉, 출산확률과 출산사건을 다양한 연결함수에 의해 선형으로 표현이 가능하다. 이와 같은 유사성을 가지고 있으므로 Gompit 변환과 Logit, Probit 변환과의 결과비교를 통해 Gompit의 적절성을 논하고자 한다. 즉, 를 \\( \\operatorname{Logit}[\\log ((F(X) / \\mathrm{TF}) /(1-F(X) / \\) \\( \\mathrm{TF}))] \\), Probit \\( \\left[\\phi^{-1}(F(X) / \\mathrm{TF})\\right] \\), Gompit[ \\( [\\ln (-\\ln (1-F(x) / \\mathrm{TF}))] \\)변환으로 치환하여 전국과 시도의 식 (3.2)와 같은 관계모형을 살펴본다.</p> <p>\\( \\begin{array}{ll}g_{x, i}^{1}=\\alpha+\\beta \\times g_{x, \\text { nation }}^{1}+e_{x, i}, & i=\\text { provinces } \\\\ g_{x, i}^{2}=\\alpha+\\beta \\times g_{x, \\text { nation }}^{2}+e_{x, i}, & i=\\text { provinces } \\\\ g_{x, i}^{3}=\\alpha+\\beta \\times g_{x, \\text { nation }}^{3}+e_{x, i}, & i=\\text { provinces }\\end{array} \\)<caption>(3.2)</caption></p> <p>식 (3.2)의 \\( g_{x, i}^{1}, g_{x, i}^{2}, g_{x, i}^{3} \\)는 시도의 모연령 \\( x \\)세까지의 ASCFR을 Logit, Probit, Gompit 변환을 각각 의미하며, \\( g_{x, \\text { nation }}^{1}, g_{x, \\text { nation }}^{2}, g_{x, \\text { nation }}^{3} \\)은 전국의 모연령 \\( x \\)세까지의 ASCFR을 Logit, Probit, Gompit 변환을 각각 의미한다. 따라서 본 논문은 식 (1.1)과 (1.2)에서 언급한 10년간의 평균 접근방식과 시도별 출산율 연도별 변동을 살펴볼 수 있는 원자료에 대해 3가지 변환으로 도출된 결과를 비교해 볼 것이다. 먼저 10년간의 평균접근방식의 결과이다. Figure 4는 식 (3.2)의 3가지 모형에 대한 시도별 TFR 추이를 보여주고 있으며, Table 1과 Table 2 는 식 (3.2)의 3가지 변환에 대한 적합 결과를 정리한 것이다.</p> <p>모형적합과 모형평가를 위한 지표로는 mean square error (MSE)와 mean absolute percentage error (MAPE), 모형적합기간 1993~2014년, 검증기간 2015~2018년(단, KOSIS에 제공하고 있는 단기 시계열 세종지역은 2012~2016, 2017~2018, 울산지역은 1997~2014년, 2015~2018년)을 채택하기로 한다. MSE는 모형 적합 후 실측값과 적합값의 차이로 이 값이 작을수록 좋고, MAPE는 전반적으로 \\( 10 \\% \\) 미만이면 예측력이 우수한 모형으로 판단한다.</p> <p>Figure 4는 Gompit, Probit은 유사한 패턴을 보이는 반면 Logit은 시도별 출산율 변동이 상대적으로 낮고 세종과 서울을 제외하고는 시도별로 매우 유사한 수치와 궤적을 보인다. 그리고 Figure 1과 2016~2018년도 추이를 참고할 때 Logit 보다는 Gompit, Probit이 더 합리적인 접근이다. 이를 확인하기 위해 Table 1, 2를 살펴보면 MSE 기준에 따른 적합력은 소수 둘째 자리까지 동일해 이들 변환에 대한 우열을 판단하기는 어렵지만, MAFE 기준으로는 적합 시계열이 짧은 세종을 제외하고는 Gompit, Probit, Logit 순서임을 알 수 있다. 따라서 통계청에서 제시한 모 연령 \\( x \\)세까지의 ASCFR의 Gompit 변환은 타당하다고 볼 수 있으며, 시도별 출산율 추이와 예즉은 ASCFR을 Gompit 변환 후 전국과 시도별 출산율 관계모형으로 살펴보는 것은 합리적인 접근이라 볼 수 있다. Gompit변환 기준의 시도별 TFR 수준이 높은 시도는 세종, 전남, 중남, 제주이며, 낮은 시도는 인천, 대구, 부산, 서울로 나타났다. 특히 경기, 대전, 광주, 인천, 대구, 부산, 서울은 2030년까지 TFR 1명이하의 시도로 예측되어 출산율 제고정책과 방안이 조속히 마련되어야 할 것으로 보인다.</p> <p>Tables 3-5은 Table 1과 Table 2의 시도별 TFR을 연령 그룹별로 살펴본 것이다. 평균출산연령이 32세(KOSIS, 2019)이고, 그룹별 ASCFR은 30~34세, 35~39세 연령층에서 큰 변화가 있음으로 판단되므로 타 연령층에 비해 출산비중과 연령대가 높음을 알 수 있다.</p>",
                "context_length": 3537,
                "clue": [
                    {
                        "clue_text": "일반화선형모형(generalized linear model; GLM)은 일반선형회귀를 유연하게 일반화한 방법으로 오차항에 대해 정규분포를 가정하는 일반선형모형에 비해 오차항의 분포로 정규분포 이외의 지수족(exponential family) 분포도 가능하도록 한 회귀모형이다 (Na, 2017).",
                        "clue_start": "51",
                        "clue_end": "216"
                    },
                    {
                        "clue_text": "연결함수는 반응변수의 형태에 따라 다양하게 선택되는데 반응변수가 이항분포를 따르는 경우 로직(logit) 또는 프로벳(probit)함수, 사건, 결점수, 찬성수 등에 대한 zero나 하나 이상의 이벤트 횟수에 대한 포아송분포를 따르는 경우 로그(log), 로그-로그(log-log), Gompit(complementary log-log; CLL) 함수가 사용된다.",
                        "clue_start": "357",
                        "clue_end": "560"
                    },
                    {
                        "clue_text": "이와 같은 유사성을 가지고 있으므로 Gompit 변환과 Logit, Probit 변환과의 결과비교를 통해 Gompit의 적절성을 논하고자 한다.",
                        "clue_start": "1198",
                        "clue_end": "1278"
                    },
                    {
                        "clue_text": "따라서 통계청에서 제시한 모 연령 \\( x \\)세까지의 ASCFR의 Gompit 변환은 타당하다고 볼 수 있으며, 시도별 출산율 추이와 예즉은 ASCFR을 Gompit 변환 후 전국과 시도별 출산율 관계모형으로 살펴보는 것은 합리적인 접근이라 볼 수 있다.",
                        "clue_start": "3045",
                        "clue_end": "3188"
                    },
                    {
                        "clue_text": "즉, 출산확률과 출산사건을 다양한 연결함수에 의해 선형으로 표현이 가능하다.",
                        "clue_start": "1155",
                        "clue_end": "1197"
                    }
                ],
                "terminology": [
                    {
                        "word": "ASCFR"
                    },
                    {
                        "word": "CLL"
                    },
                    {
                        "word": "GLM"
                    },
                    {
                        "word": "Gompit"
                    },
                    {
                        "word": "Gompit 변환"
                    },
                    {
                        "word": "Logit"
                    },
                    {
                        "word": "MAFE"
                    },
                    {
                        "word": "MAPE"
                    },
                    {
                        "word": "MSE"
                    },
                    {
                        "word": "Probit"
                    },
                    {
                        "word": "TFR"
                    },
                    {
                        "word": "percentage error"
                    },
                    {
                        "word": "로그(log)"
                    },
                    {
                        "word": "로그-로그(log-log)"
                    },
                    {
                        "word": "반응변수"
                    },
                    {
                        "word": "연결함수"
                    },
                    {
                        "word": "오차항"
                    },
                    {
                        "word": "이항분포"
                    },
                    {
                        "word": "일반선형모형"
                    },
                    {
                        "word": "일반화선형모형"
                    },
                    {
                        "word": "전국과 시도별 출산율"
                    },
                    {
                        "word": "정규분포"
                    },
                    {
                        "word": "지수족"
                    },
                    {
                        "word": "치환"
                    },
                    {
                        "word": "포아송분포"
                    },
                    {
                        "word": "프로벳(probit)함수"
                    },
                    {
                        "word": "함수"
                    },
                    {
                        "word": "회귀모형"
                    }
                ]
            },
            {
                "context_id": "55e-0c9-90c3e7b4-9a43-48ff-a76b-b9617d846d7f",
                "context_K-NSCC": {
                    "field": "자연",
                    "large_category": "NA",
                    "medium_category": "09"
                },
                "context": "<h2>3.3. 공적분 검정과 시도별 출산율 추계</h2> <p>이번 절은 전국과 시도별 출산율 추이를 정상, 비정상 시계열 판정과 원 시계열의 비정상성을 수용할 수 있는 모형을 제안한다. 일반적으로 TFR, ASFR는 대부분 비정상 시계열이다. 일반적으로 정상화를 위해 원자료를 차분하지만 경제 시계열의 경우 비정상성은 차분에 의한 변화율보다 원자료 또는 로그변환된 자료에 관심이 많고 원시계열의 비정상성을 수용할 수 있는 모형이 필요하다 (Jo 등, 2019). 따라서 본 논문은 경제시계열처럼 전국, 시도별 TFR, ASFR이 확률과정(stochastic process)관점에서 유사한지 여부를 판단하고, 전국과 시도별 관계에 대한 모형화 여부를 공적분 검정으로 살펴보고자 한다. 이런 일련의 분석을 위해 R의 urca 패키지 (Bernhard Pfaff, 2016)를 활용하였음을 밝힌다. 공적분 검정이란 비정상적인 시계열들끼리 회귀분석할 수 있는 방법중의 하나이며, 공적분 관계가 도출된다면 이를 모형식으로 표현해 2047년까지 TFR(ASFR)을 예측할 수 있을 것이다.</p> <p>본 논문은 이를 위한 세부적인 과정으로 먼저 전국, 시도별 TFR(ASFR)의 시계열 관찰과 자료의 안전성에 관한 단위근 검정(unit root test)으로 차분 제거 유무와 정상화를 살펴본다. 다음으로 차분 전의 원자료로 공적분 검정을 실시한다. 끝으로 도출된 공적분 모형에 KOSIS의 2047년까지의 전국 TFR(ASFR)을 대입하여 시도별 TFR(ASFR)을 예측한다. 부록에 단위근 검정 결과를 제시하였으며, 단위근 검정결과 전국과 시도별 출산 시계열이 가성회귀(spurious regression)의 문제를 갖는 불안정적인 시계열로 판명된다. 이런 단위근을 갖는 시계열들이 공적분되어 있다면 일치성을 갖는 회귀계수들의 추정값을 도출할 수 있다. 이를 위해 이 절에서는 식 (3.3)을 차용해 공적분 회귀라 명명하고 기울기를 공적분 모수로 간주한다. Tables 9-12는 공적분 검정 결과와 이들의 관계식을 보여주고 있다.</p> <p>이 표들은 R의 urca 패키지를 활용하여 선형추세가 있고 공적분 모형에 절편항이 있는 경우를 가정한 후 최대 고유치(max-eigenvalue)에 대한 결과와 통계량(max-eigenvalue statistics), 정규화된 공적분 관계(coeffi-cient of cointegration realtions by normalized), 그리고 2047년까지 ASFR 예측값을 정리한 것이다. 이들 결과는 통계량을 기준으로 \\( 10 \\%, 5 \\%, 1 \\% \\) 유의수준 하에서 공적분 관계가 존재하지 않는다는 귀무가설에 대한 검정을 실시하고, 시도별로 1개의 공적분 관계에 대한 분석 결과이다. 예를 들어 서울의 경우 25~29세 ASFR의 전국과 서울은 공적분 관계가 존재하고 정규화된 공적분 모형은 예를 들어 서울의 경우 25~29세 ASFR의 전국과 서울은 공적분 관계가 존재하고 정규화된 공적분 모형은 \\( g_{25-29, s}^{4}=-0.068+0.804 \\times g_{25-29, \\text { nation }}^{4} \\)이다. 경기의 30~34세 경우 이 둘의 공적분 관계가 존재하고 모형은 \\( g_{30-34,0}^{4}=-0.076+1.186 \\times g_{30-34, \\text { nation }}^{4} \\), 전남의 \\( 35 ~ 39 \\)세, 제주의 45~49세도 전국과 시도의 공적분 관계가 존재하고 모형은 \\( g_{35-39, \\Xi}^{4}=0.016+0.985 \\times g_{35-39, \\text { nation }}^{4} \\), \\( g_{45-49,9}^{4}=1.644 \\times g_{45-49, \\text { nation }}^{4} \\)이다. 이들 모형식에 2047년까지 전국의 \\( 25 \\sim 29,30 \\sim 34,35 \\sim 39,45 \\sim 49 \\)세 ASFR을 대입하면 2047년까지의 서울 25~29세 ASFR, 경기 30~34세, 전남 35~39세, 제주 45~49세의 ASFR값이 예측된다. 유의한 공적분 관계를 보이는 다른 시도들도 동일 방식으로 ASFR을 예측한다. 전국과 시도별 TFR에 대한 공적분 관계를 살펴보면 서울, 인천, 경기, 강원, 충남, 전북, 전남, 경북, 제주지역의 출산율은 전국과 공적분 관계가 유의하며 그 외 지역은 유의하지 않게 분석되었다. 이는 전국의 TFR의 패턴과 경향이 공적분 관계가 있는 지역과 그렇지 않은 시도로 분리할 때 용이하게 활용될 수 있을 것이다.</p> <p>TFR을 7개 ASFR 그룹의 관점에서 전국, 시도별의 공적분 검정을 실시하면, 분석결과 7개 ASFR 그룹 중에서 대구는 5개, 부산, 대구, 광주, 강원, 경북, 경남은 4개 그룹이 전국 ASFR 그룹과는 공적분 관계가 성립하지 않았지만 서울, 경기, 충북, 충남, 전남지역은 1, 2개 ASFR 그룹을 제외하고는 공적분 관계가 성립하는 것으로 분석되었다. 특히 시계열이 짧은 세종과, 출산율이 거의 0에 근접하는 그룹인 45~49세 연령층으로 고유치 계산시 singular 가 될 가능성이 높아 공적분검정이 유의하지 않았다. 지금까지 설명한 시도별 공적분 검정 결과를 지역별로 Table 9~12에 정리하였으매, 서울, 경기, 충북, 충남, 전남지역은 전국의 ASFR과 공적분 관계가 뚜렷하고, 특히 서울, 경기, 충남, 전남지역은 전국의 TFR과 공적분 관계를 보였다. 공적분 관계를 간주하고 도출한 ASFR, 원자료를 대입해 식 (3.3)을 적용한 회귀분석, 그리고 Gompit 변환과 전국과 시도의 ASCFR의 관계식으로 접근한 결과를 비교해보면 공적분 관계와 원자료를 활용한 예측결과가 유사하고 시도별 변동을 잘 반영하는 결과임을 알 수 있다. 이들 결과는 Figure 6에 잘 나타나 있으매, Figure 6은 전국과 9개 시도 공적분관계, 공적분 관계가 유의하지 않는 8개 시도에 대한 전국과 원자료를 활용한 회귀모형, 그리고 통계청 Gompit변환과 ASCFR을 적용한 결과를 비교하고 있다. 이 결과에서도 알 수 있듯이 17개 시도를 단일 방식으로 ASFR을 추이나 예측을 살펴보는 것보다는 공적분관계, 원자료를 적용한 방식이 과거의 시도별 출산율 패턴을 잘 반영하고 있음을 알 수 있다. 지금까지 분석될 결과를 토대로 전국과 시도별 출산율 관계를 규명하고자 할 때 다음과 같은 단계적 접근을 제시할 수 있다. 먼저 전국과 시도별 출산율과 같은 불안정한 시계열을 적합할 경우 공적분 관계를 선행적으로 도출하고, 다음으로 이 관계가 유의하지 않으면 원자료를 활용한 회귀모형 접근이 전국과 시도별 출산율 관계를 살펴보는 합리적인 방법으로 판단된다. 결론적으로 초저출산 시대에 시도별 출산율 변동을 반영한 예측 방법은 전국과 시도별 출산율의 공적분관계 모형을 이용하거나 자료변환 없는 원자료를 활용한 회귀모형 접근이다. 부가적으로 첫 번째 모형방식인 ASCFR이나 Gompit 변환 자료를 평균방식의 회귀모형으로 접근하는 것은 최근 출산율의 하강 추세을 상쇄시켜 출산율을 과대추정하는 오류를 범할 수 있으므로 주의를 요한다.</p>",
                "context_length": 3526,
                "clue": [
                    {
                        "clue_text": "따라서 본 논문은 경제시계열처럼 전국, 시도별 TFR, ASFR이 확률과정(stochastic process)관점에서 유사한지 여부를 판단하고, 전국과 시도별 관계에 대한 모형화 여부를 공적분 검정으로 살펴보고자 한다.",
                        "clue_start": "261",
                        "clue_end": "383"
                    },
                    {
                        "clue_text": "본 논문은 이를 위한 세부적인 과정으로 먼저 전국, 시도별 TFR(ASFR)의 시계열 관찰과 자료의 안전성에 관한 단위근 검정(unit root test)으로 차분 제거 유무와 정상화를 살펴본다.",
                        "clue_start": "557",
                        "clue_end": "666"
                    },
                    {
                        "clue_text": "지금까지 설명한 시도별 공적분 검정 결과를 지역별로 Table 9~12에 정리하였으매, 서울, 경기, 충북, 충남, 전남지역은 전국의 ASFR과 공적분 관계가 뚜렷하고, 특히 서울, 경기, 충남, 전남지역은 전국의 TFR과 공적분 관계를 보였다.",
                        "clue_start": "2566",
                        "clue_end": "2703"
                    },
                    {
                        "clue_text": "먼저 전국과 시도별 출산율과 같은 불안정한 시계열을 적합할 경우 공적분 관계를 선행적으로 도출하고, 다음으로 이 관계가 유의하지 않으면 원자료를 활용한 회귀모형 접근이 전국과 시도별 출산율 관계를 살펴보는 합리적인 방법으로 판단된다.",
                        "clue_start": "3182",
                        "clue_end": "3312"
                    },
                    {
                        "clue_text": "결론적으로 초저출산 시대에 시도별 출산율 변동을 반영한 예측 방법은 전국과 시도별 출산율의 공적분관계 모형을 이용하거나 자료변환 없는 원자료를 활용한 회귀모형 접근이다.",
                        "clue_start": "3313",
                        "clue_end": "3407"
                    }
                ],
                "terminology": [
                    {
                        "word": "ASCFR"
                    },
                    {
                        "word": "ASFR"
                    },
                    {
                        "word": "Gompit 변환"
                    },
                    {
                        "word": "Gompit변환"
                    },
                    {
                        "word": "TFR"
                    },
                    {
                        "word": "max-eigenvalue"
                    },
                    {
                        "word": "max-eigenvalue statistics"
                    },
                    {
                        "word": "regression"
                    },
                    {
                        "word": "spurious regression"
                    },
                    {
                        "word": "stochastic process"
                    },
                    {
                        "word": "unit root test"
                    },
                    {
                        "word": "urca 패키지"
                    },
                    {
                        "word": "가성회귀"
                    },
                    {
                        "word": "경제 시계열"
                    },
                    {
                        "word": "고유치"
                    },
                    {
                        "word": "공적분 검정"
                    },
                    {
                        "word": "공적분 관계"
                    },
                    {
                        "word": "공적분 모수"
                    },
                    {
                        "word": "공적분 모형"
                    },
                    {
                        "word": "공적분관계"
                    },
                    {
                        "word": "관계식"
                    },
                    {
                        "word": "귀무가설"
                    },
                    {
                        "word": "기울기"
                    },
                    {
                        "word": "단위근"
                    },
                    {
                        "word": "단위근 검정"
                    },
                    {
                        "word": "단위근 검정 결과"
                    },
                    {
                        "word": "로그변환"
                    },
                    {
                        "word": "모수"
                    },
                    {
                        "word": "모형식"
                    },
                    {
                        "word": "비정상 시계열"
                    },
                    {
                        "word": "선형추세"
                    },
                    {
                        "word": "시계열"
                    },
                    {
                        "word": "원 시계열"
                    },
                    {
                        "word": "유의수준"
                    },
                    {
                        "word": "자료변환"
                    },
                    {
                        "word": "절편항"
                    },
                    {
                        "word": "정규화"
                    },
                    {
                        "word": "최대 고유치"
                    },
                    {
                        "word": "추정값"
                    },
                    {
                        "word": "통계량"
                    },
                    {
                        "word": "확률과정"
                    },
                    {
                        "word": "확률과정관점"
                    },
                    {
                        "word": "회귀모형"
                    },
                    {
                        "word": "회귀모형 접근"
                    },
                    {
                        "word": "회귀분석"
                    }
                ]
            },
            {
                "context_id": "55e-0c9-e0ab7878-0e7a-4000-a8ee-ac823852c079",
                "context_K-NSCC": {
                    "field": "자연",
                    "large_category": "NA",
                    "medium_category": "09"
                },
                "context": "<h1>1. 서론</h1> <p>통계청 (KOSIS, 2019) 장래인구특별추계의 출산율에 따르면 합계출산율(total fertility rate; TFR)은 2005년 1.08명에서 우상향 증가추세로 2015년 1.24명을 찍은 후, 하강기조를 보이면서 2018년 0.98명, 2019년은 0.92명으로 1명 보다 낮은 수준을 보인다. 1명 이하의 한국의 출산율 수준은 OECD 가입국 중 최하위이며, '인구구조 붕괴, 어려운 인구문제에 직면 등'이라는 매체 보도 (GEFIRA, 2018; BBC, 2019)와 Lutz 등 (2006)의 저출산의 텃(trap of low-fertility), Yoo와 Soborka (2018)의 초저출산율(ultra-low fertility)로 비유되고 있다.</p> <p>장래인구추계는 시도별 장래인구추계에 반영되며, 특히 전국 출산율은 시도별 출산율로 분해되는 구조이고, 현재의 1명 이하의 출산율은 시도별 출산율에 영향을 미치고 전반적인 하강 추세가 형성되게 한다. 시도별 장래인구추계는 전국 장래인구추계와 동일하게 세종시를 포함한 17개 지방자치단체에서 지역발전계획, 교육, 건강과 복지 등과 같은 지역정책을 마련하기 위한 필수자료로 활용되고 있으므로, 사망률, 국내이동보다 상대적으로 영향력이 높은 시도별 출산율에 대한 추이가 중요하다 (Kim과 Oh, 2019). 최근 통계청 (KOSIS, 2019) 자료에 따르면 시도별 TFR은 일정 격차를 유지하고 있으며, 2015년 이후 격차가 커졌으나 이후 점차 감소하며 전국의 TFR과 동일한 추세를 보이고, 서울, 부산, 대구 등 특.광역시는 전국에 비해 낮고, 세종, 제주, 전남 등은 상위수준을 유지하고 있다.</p> <p>통계청의 시도별 출산율 추계방법은 다음과 같다. 2017년은 최근 10년간(2007~2016) 전국 및 시도별 연령별 출산율(age-specific fertility rate; ASFR) 관계에 대한 식 (1.1)과 같은 선형회귀모형을 적용하였다. 추정된 선형회귀모형에 전국 추계의 2015~2045년 ASFR을 대입하여 시도별 ASFR을 추계한다.</p> <p>\\( f_{x, i}=\\alpha+\\beta \\times f_{x, \\text { national }}+e_{x, i}, \\quad i= \\) provinces, \\( \\left\\{\\begin{array}{l}f_{x, i}: \\text { (province) mean of ASFR for 2007-2016 at mother age } x, \\\\ f_{x, \\text { national }} \\text { : (national) mean of ASFR for 2007-2016 at mother age } x .\\end{array}\\right. \\)<caption>\\( (1.1) \\)</caption></p> <p>2019년은 최근 10년간(2009~2018)의 전국 및 시도별 연령별 누적출산율(age-specific cumulative fertility rate; ASCFR)관계에 대한 식 (1.2)와 같은 선형회귀모형을 적용하였다. 적합된 선형회귀모형에 전국 추계의 2017~2047년 ASFR을 적용하여 시도별 ASFR을 예즉한다.</p> <p>\\( g_{x, i}=\\alpha+\\beta \\times g_{x, \\text { nation }}+e_{x, i}, \\quad i= \\) provinces \\( \\left\\{\\begin{array}{l}g_{x, i} \\text { : (province) mean of ASFR from } 2007 \\text { to } 2016 \\text { up to mother age } x, \\\\ g_{x, \\text { nation }} \\text { : (nation) mean of ASFR from } 2007 \\text { to } 2016 \\text { up to mother age } x,\\end{array}\\right. \\) where, \\( \\quad g_{x}=\\ln \\left(-\\ln \\left(\\frac{F(x)}{\\mathrm{TF}}\\right)\\right) \\) \\( \\left\\{\\begin{array}{l}F(x) \\text { : province or nation mean of } \\mathrm{ASCFR} \\text { from } 2007 \\text { to } 2016 \\text { up to mother age } x, \\\\ \\mathrm{TF}: \\text { max of total fertility rate }(\\mathrm{TF}=2)\\end{array}\\right. \\)<caption>\\( (1.2) \\)</caption></p> <p>식 (1.1)과 (1.2)는 최근 10년간의 ASFR과 ASCFR을 활용하여 전국과 시도와의 출산율 관계를 모색하는 것이며, 이런 적합된 모형식에 전국 추계의 ASFR을 적용하여 시도별 ASFR을 예측한다. 특히 식 (1.1)의 \\( f_{x, i}\\left(10\\right. \\)년간의 평균연령별 출산율)에서 식 (1.2)의 \\( g_{x, i}( \\)누적출산율을 Gompit변환)으로 변환하여 최대합계출산율(TF)에 대한 상대적 연령별 누적출산비(ratio)을 살펴보는 것은 개선된 부분으로 평가할 수 있다. 출산율에 대한 선행연구 분야는 다양한데 출산율 저하원인 (Lee, 2012; Jeon, 1997; Jeon 등, 2002; Lee와 Choi, 2012), 출산율 변동요인 분해 (Bongaarts, 1978; Kim 등, 2016; Oh, 2019), 모수적, 비모수적, 그리고 베이지안 모형 접근의 출산율 예즉 (Park 등, 2013; Kim과 Jeon, 2015; Ramsay와 Silverman, 2005; Hyndman과 Ullah, 2007; Hyndman과 Booth, 2008; Hyndman 등, 2013; Oh, 2018; Alkema 등, 2011; Sevcikova 등, 2011; Raftery 등, 2012, 2014)으로 분류된다. 이런 선행연구들은 TFR, ASFR의 추이나 패턴 변화 분석에 초점이 맞춰져 있다.</p> <p>그러나 전국 장래추계의 인구변동요인인 출산율에 대한 선행연구에 비해 시도별 출산율 예측에 대한 연구 (Kim과 Oh, 2019)는 상대적으로 많지 않다. Kim과 Oh (2019)는 연도별 ASFR의 시계열 자료를 활용함으로써 전국과 시도별 관계를 모형화하는 방법과 출산율 수준 변화가 미비한 연령대를 그룹화하여 모형하는 방법으로 구분하는 연구를 소개하였다. 이들은 전국추계와 다르게 시도별 출산력 추계시 주요하게 고려해야 할 사항으로 예즉된 미래의 시도별 출산율 수준이 연도별로 안정적(stable)인 패턴을 유지하는 것과 과거 시도별 출산율 수준과 추이 차이가 미래에도 지속될 수 있는가의 차별성을 강조하고 있다.</p> <p>하지만 식 (1.1)과 (1.2)는 최근 10년간의 전국의 평균 ASFR과 ASCFR을 시도에 반영하는 방법이므로, 연도별 시계열 변동 효과가 반영되기 어려운 구조적 문제점이 있으며 10년간의 평균 ASFR과 ASCFR의 전국과 시도의 적합된 관계모형으로 미래의 ASFR 을 1년 단위로 예측하는 것은 합리적이지 못하다. 또한 통계청은 식 (1.2)의 Gompit 변환과 \\( \\mathrm{TF}=2 \\)에 대한 학술적 근거를 밝히지 않고 있다. 이런 상황에서 본 논문은 전국과 시도의 출산율 모형의 구조적 문제와 근거를 진단하고 개선하는 것이 주요 내용으로 볼 수 있다. 이런 차별적 연구 수행을 위해 본 논문은 4개의 장으로 구성한다. 2장은 구조적 문제와 근거에 대한 부분을 다루고자 한다. 3장은 Gompit 모형과 유사한 이진 반응변수(binary response variable)를 다루는 Logit, Probit 모형간의 변환 비교를 살펴보고, 전국과 시도별 출산율 변동을 동시에 살펴볼 수 있는 공적분검정(cointegration test) (Johansen, 1988) 등과 같이 다양한 통계적 변환과 검정을 제시하여 구조적 문제를 해결할 수 있는 방안을 모색해 본다. 4장은 3장의 결과를 동해 시사점과 요약과 함께 향후연구과제를 제안한다.</p>",
                "context_length": 4031,
                "clue": [
                    {
                        "clue_text": "통계청 (KOSIS, 2019) 장래인구특별추계의 출산율에 따르면 합계출산율(total fertility rate; TFR)은 2005년 1.08명에서 우상향 증가추세로 2015년 1.24명을 찍은 후, 하강기조를 보이면서 2018년 0.98명, 2019년은 0.92명으로 1명 보다 낮은 수준을 보인다.",
                        "clue_start": "18",
                        "clue_end": "188"
                    },
                    {
                        "clue_text": "장래인구추계는 시도별 장래인구추계에 반영되며, 특히 전국 출산율은 시도별 출산율로 분해되는 구조이고, 현재의 1명 이하의 출산율은 시도별 출산율에 영향을 미치고 전반적인 하강 추세가 형성되게 한다.",
                        "clue_start": "399",
                        "clue_end": "509"
                    },
                    {
                        "clue_text": "식 (1.1)과 (1.2)는 최근 10년간의 ASFR과 ASCFR을 활용하여 전국과 시도와의 출산율 관계를 모색하는 것이며, 이런 적합된 모형식에 전국 추계의 ASFR을 적용하여 시도별 ASFR을 예측한다.",
                        "clue_start": "2315",
                        "clue_end": "2430"
                    },
                    {
                        "clue_text": "이런 상황에서 본 논문은 전국과 시도의 출산율 모형의 구조적 문제와 근거를 진단하고 개선하는 것이 주요 내용으로 볼 수 있다.",
                        "clue_start": "3629",
                        "clue_end": "3699"
                    }
                ],
                "terminology": [
                    {
                        "word": "ASCFR"
                    },
                    {
                        "word": "ASFR"
                    },
                    {
                        "word": "Gompit변환"
                    },
                    {
                        "word": "Logit"
                    },
                    {
                        "word": "Probit"
                    },
                    {
                        "word": "TFR"
                    },
                    {
                        "word": "total fertility rate"
                    },
                    {
                        "word": "공적분검정(cointegration test)"
                    },
                    {
                        "word": "누적출산비"
                    },
                    {
                        "word": "모수적"
                    },
                    {
                        "word": "모형식"
                    },
                    {
                        "word": "반응변수"
                    },
                    {
                        "word": "베이지안 모형"
                    },
                    {
                        "word": "비모수적"
                    },
                    {
                        "word": "선형회귀모형"
                    },
                    {
                        "word": "시계열 변동 효과"
                    },
                    {
                        "word": "저출산의 텃(trap of low-fertility)"
                    },
                    {
                        "word": "전국과 시도별 출산율"
                    },
                    {
                        "word": "초저출산율(ultra-low fertility)"
                    },
                    {
                        "word": "최대합계출산율"
                    },
                    {
                        "word": "추계방법"
                    }
                ]
            },
            {
                "context_id": "55e-0c9-9747516d-d0c8-4254-b71b-33454e542f94",
                "context_K-NSCC": {
                    "field": "자연",
                    "large_category": "NA",
                    "medium_category": "09"
                },
                "context": "<h1>4. 결론 및 제언</h1> <p>본 논문은 전국과 시도별 출산율의 관계를 규명하는 Gompit변환과 10년간의 평균 연령별 누적출산율을 활용한 회귀모형, 출산율 자료 변환 없이 원자료를 회귀모형에 적용하는 방법, 그리고 확률과정 관점에서 비정상 성인 출산율과 같은 불안정한 시계열을 적합할 경우에 고려할 수 있는 공적분 모형을 소개하고 비교하였다. 분석 결과 우리나라 전국과 시도별 출산율은 거의 대부분이 비정상성으로, 단위근 검정결과 가성회귀의 문제를 보인다. 따라서 공적분 검정으로 시도별을 구분한 후, 공적분 모형과 원자료를 이용한 회귀모형 두 방식을 제안하였다. 이들 방법은 시도별 출산력 추계시 고려할 점인 안정적 패턴과 차별성 관점에서 Gompit변환과 10년간의 평균 연령별 누적출산율을 활용한 회귀모형보다 우수한 방법으로 평가된다. 또한 시도별 출산율 경우 통계청의 Gompit변환과 평균 접근방식으로 예측할 경우 과대추정하는 결과가 도출되며, 평균으로 출산율의 변동을 상쇄하는 결과를 초래한다. 더불어 이 방식은 최근 출산율의 하락추세를 반영하지 못하는 결과를 보임을 파악하였다.</p> <p>하지만 본 연구를 수행하면서 몇 가지 한계점과 향후 연구과제는 여전히 남아있다. 첫째 본 연구는 TFR과 ASFR을 살펴본 결과는 17개 지방자치별에 따른 전국과의 모형을 살펴본 것이다. 우리나라는 종 226시군구으로 17개 시도 아래 75개 시, 82개 군, 69개 구가 존재한다. 본 논문은 17개 시도별 TFR, ARFR를 규명한 것으로 이를 확대하여 시, 군, 구 또는 지역적 시도별로 살펴보는 출산율 추계 로직 연구가 필요하다. 둘째, 전국 출산율은 시도별 출산율로 분해되는 구조이지만 시도별 출산율을 산정한 후 총합을 구하면 전국 출산율과 상이한 결과가 도출되는 결과가 일반적이다. 이는 전국 출산율 추계방식과 시도별 출산방식이 상이하기 때문에 발생하는 문제이다. 따라서 전국과 시도별 출산율을 동시에 살펴보고 관계를 규명하는 전국 \\( \\rightarrow \\) 시도별 (top-down), 시도별 ←전국(bottom-up), 혼합 출산율 예측방법(hybrid fertility rate projection method)을 고려할 필요가 있다. 셋째, 본 논문의 초점은 서로다른 모형을 비교하는 것이지만, 관점을 전환하여 지역의 MSE합계, MAFE합계로 지역별 출산율을 비교하는 추가 연구도 고려할 수 있다. 이상 언급한 3가지는 향후 연구과제로 다루고자 한다.</p> <p>지금까지 전국과 시도별 출산율을 통계적 모형으로 살펴볼 수 있는 방법에 대해 장단점을 비교하였다. 우리나라의 경우 1.00명 이하로 당분간 지속될 것으로 예상되고 동시에 17개 지방차지별로 상이한 출산율이 존재하므로, 보다 객관적인 추계는 전국과 시도별 출산율을 살펴보는 단일 모형보다는 공적분 모형 또는 원자료를 활용한 회귀모형 등과 같은 다양한 방식을 적용해 산출하는 방법이 합리적으로 판단된다. 그리고 서울, 부산, 대구, 인천, 광주, 대전, 경기는 2025~2030년까지 타 지역과 다르게 합계출산율이 1.0명 이하로 예측되므로 시급하고 효율성 있는 출산율 제고정책이 필요하고, 만약 정책적 준비가 늦어진다면 광역시의 출산율 저하현상, 세종, 강원, 전남, 제주의 완만히 상승하는 출산율 추세로 판단할 때 2025년 이후는 시도별 출산율 양극화가 심화될 가능성도 있다.</p>",
                "context_length": 1675,
                "clue": [
                    {
                        "clue_text": "본 논문은 전국과 시도별 출산율의 관계를 규명하는 Gompit변환과 10년간의 평균 연령별 누적출산율을 활용한 회귀모형, 출산율 자료 변환 없이 원자료를 회귀모형에 적용하는 방법, 그리고 확률과정 관점에서 비정상 성인 출산율과 같은 불안정한 시계열을 적합할 경우에 고려할 수 있는 공적분 모형을 소개하고 비교하였다.",
                        "clue_start": "23",
                        "clue_end": "199"
                    },
                    {
                        "clue_text": "우리나라의 경우 1.00명 이하로 당분간 지속될 것으로 예상되고 동시에 17개 지방차지별로 상이한 출산율이 존재하므로, 보다 객관적인 추계는 전국과 시도별 출산율을 살펴보는 단일 모형보다는 공적분 모형 또는 원자료를 활용한 회귀모형 등과 같은 다양한 방식을 적용해 산출하는 방법이 합리적으로 판단된다.",
                        "clue_start": "1291",
                        "clue_end": "1459"
                    },
                    {
                        "clue_text": "그리고 서울, 부산, 대구, 인천, 광주, 대전, 경기는 2025~2030년까지 타 지역과 다르게 합계출산율이 1.0명 이하로 예측되므로 시급하고 효율성 있는 출산율 제고정책이 필요하고, 만약 정책적 준비가 늦어진다면 광역시의 출산율 저하현상, 세종, 강원, 전남, 제주의 완만히 상승하는 출산율 추세로 판단할 때 2025년 이후는 시도별 출산율 양극화가 심화될 가능성도 있다.",
                        "clue_start": "1460",
                        "clue_end": "1671"
                    }
                ],
                "terminology": [
                    {
                        "word": "ARFR"
                    },
                    {
                        "word": "ASFR"
                    },
                    {
                        "word": "Gompit변환"
                    },
                    {
                        "word": "TFR"
                    },
                    {
                        "word": "bottom-up"
                    },
                    {
                        "word": "hybrid"
                    },
                    {
                        "word": "projection"
                    },
                    {
                        "word": "top-down"
                    },
                    {
                        "word": "가성회귀"
                    },
                    {
                        "word": "검정"
                    },
                    {
                        "word": "공적분 검정"
                    },
                    {
                        "word": "공적분 모형"
                    },
                    {
                        "word": "단위근"
                    },
                    {
                        "word": "단일 모형"
                    },
                    {
                        "word": "전환"
                    },
                    {
                        "word": "추계 로직 연구"
                    },
                    {
                        "word": "통계적 모형"
                    },
                    {
                        "word": "합리적"
                    },
                    {
                        "word": "확률과정"
                    },
                    {
                        "word": "회귀모형"
                    }
                ]
            },
            {
                "context_id": "55e-0c9-c3d6f0a2-9881-4a1c-b8e8-e2d9301d8591",
                "context_K-NSCC": {
                    "field": "자연",
                    "large_category": "NA",
                    "medium_category": "09"
                },
                "context": "<h2>3.2. 원자료를 활용한 시도별 출산율 추계</h2> <p>이번 절은 전국과 시도별 출산율 추이를 살펴보는데 있어, ASCFR를 Gompit로 변환하지 않고 원자료를 식 (3.3)에 대입하여 분석한다. 앞 절의 결과를 살펴본 바와같이 시도별, 연도별 출산율이 같지 않고, 최근 10년간의 평균 \\ASFR과 ASCFR을 전국과 시도에 반영하는 방법은 연도별 시계열 변동 효과가 반영되기 어려울 뿐만 아니라 10년간의 평균 ASFR과 ASCFR의 전국과 시도의 적합된 관계모형으로 미래의 1년 단위의 ASFR을 예즉하는 것은 합리적이지 못하므로, 식 (3.3)은 이런 부분을 개선한 모형으로 평가할 수 있다. 이와 유사한 선행연구인 Kim과 Oh (2019)는 연도별 출산율이 안정적인 연령대를 그룹화한 후 회귀모형으로 가정해 추정 모수의 수를 간소화하였다. 하지만 본 연구는 KOSIS의 시도별 가임연령(15~49세) 출산율 자료가 5세 자료로 제공되고 있으므로 15~19세, 20~24세, 25~29세, 30~34세, 35~39세, 40~44세, 45~49세의 7개로 나누어 식 (3.3)에 대입해 전국과 시도의 출산율 관계를 도출하고자 한다.</p> <p>\\( g_{x, i}^{4}=\\alpha+\\beta \\times g_{x, \\text { nation }}^{4}+e_{x, i}, \\quad i= \\) provinces, \\( \\left\\{\\begin{array}{l}g_{x, i}^{4}: \\text { (province) The fertility rate of mother age 5-year-old interval, } \\\\ g_{x, \\text { nation }}^{4} \\text { : (nation) The fertility rate of mother age 5-year-old interval. }\\end{array}\\right. \\)<caption>(3.3)</caption></p> <p>Tables 6-8은 식 (3.3)의 모형적합과 평가 그리고 연도별 ASFR추이를 보여주고 있다.</p> <p>시도별 MSE 값이 낮고 MAFE 값이 전반적으로 0 근방에 분포되어 있어 적합과 예측에 별다른 문제가 없음을 알 수 있다. 전국과 시도별의 회귀모형식으로 시도별 출산율 변동을 살펴보기 위해 이 두 지표를 기준으로 Gompit변환과 10년간의 평균 모형 접근방식과 원자료를 활용한 회귀모형을 비교할 때, 식 (3.3)을 적용한 방법이 우수함을 알 수 있다. 두 방법의 예즉 결과를 비교하면 변환과 평균의 접근 방식은 원자료의 적합 결과와 다르게 서울, 부산, 세종, 제주지역은 출산율을 과소추정, 그 외 지역은 과대추정되는 결과가 도출되었다. 따라서 17개 지역 중, 단 4개 지역만 과소추정 결과이므로 Gompit변환과 평균의 접근방식이상대적으로 시도별 출산율을 높게 예즉한 결과임을 알 수 있다. 따라서 변환과 평균의 방식은 시도별 출산율 변동 반영을 원자료로 적합하여 접근하는 것보다 시도별 출산율을 과대추정한 결과이며, 이런 결과는 평균의 개념으로 접근해 시도별 하강 추세의 출산율 변동을 상쇄한 것임을 알 수 있다. 더불어 최근 3년간(2016~2018년)의 시도별 출산율 추세를 참고할 때 변환과 평균 방식보다는 원자료를 사용하여 식 (3.3)의 모형식으로 접근하는 것이 상대적으로 시도별 출산율 변동을 반영한 방법으로 판단된다. 그리고 ASFR을 합친 TFR에 대한 전국과 지역별 회귀분석의 신뢰구간은 Figure 5와 같다. 세종을 제외한 16개 지역 모두 \\(95\\%\\) 신뢰구간은 비슷한 양상을 보이며, 울산을 제외한 5대 광역시와 서울특별시는 낮은 출산율이 전망되며, 세종, 울산, 충북, 중남, 전남, 경북, 경남은 1.5미만의 상대적으로 높은 출산율이 예상된다.</p> <p>그런데 출산율 자료는 비정상(non-stationary) 시계열인 경우가 많으며, 시계열이 짧은 출산율의 경우 차분에 의한 정상화(stationary)보다는 차분하지 않고 변동을 살피는 것이 적절한 사례가 많다 (Oh, 2014). 다음 절에서는 이 부분에 대한 논의와 통계적 검정과 모형을 다루고자 한다.</p>",
                "context_length": 2042,
                "clue": [
                    {
                        "clue_text": "두 방법의 예즉 결과를 비교하면 변환과 평균의 접근 방식은 원자료의 적합 결과와 다르게 서울, 부산, 세종, 제주지역은 출산율을 과소추정, 그 외 지역은 과대추정되는 결과가 도출되었다.",
                        "clue_start": "1228",
                        "clue_end": "1331"
                    },
                    {
                        "clue_text": "따라서 변환과 평균의 방식은 시도별 출산율 변동 반영을 원자료로 적합하여 접근하는 것보다 시도별 출산율을 과대추정한 결과이며, 이런 결과는 평균의 개념으로 접근해 시도별 하강 추세의 출산율 변동을 상쇄한 것임을 알 수 있다.",
                        "clue_start": "1420",
                        "clue_end": "1545"
                    },
                    {
                        "clue_text": "세종을 제외한 16개 지역 모두 \\(95\\%\\) 신뢰구간은 비슷한 양상을 보이며, 울산을 제외한 5대 광역시와 서울특별시는 낮은 출산율이 전망되며, 세종, 울산, 충북, 중남, 전남, 경북, 경남은 1.5미만의 상대적으로 높은 출산율이 예상된다.",
                        "clue_start": "1722",
                        "clue_end": "1859"
                    },
                    {
                        "clue_text": "이번 절은 전국과 시도별 출산율 추이를 살펴보는데 있어, ASCFR를 Gompit로 변환하지 않고 원자료를 식 (3.3)에 대입하여 분석한다.",
                        "clue_start": "37",
                        "clue_end": "116"
                    }
                ],
                "terminology": [
                    {
                        "word": "ASCFR"
                    },
                    {
                        "word": "ASFR"
                    },
                    {
                        "word": "Gompit변환"
                    },
                    {
                        "word": "MAFE 값"
                    },
                    {
                        "word": "MSE"
                    },
                    {
                        "word": "TFR"
                    },
                    {
                        "word": "stationary"
                    },
                    {
                        "word": "과소추정"
                    },
                    {
                        "word": "모수"
                    },
                    {
                        "word": "모형식"
                    },
                    {
                        "word": "비정상(non-stationary) 시계열"
                    },
                    {
                        "word": "시계열 변동 효과"
                    },
                    {
                        "word": "신뢰구간"
                    },
                    {
                        "word": "전국과 시도별 출산율"
                    },
                    {
                        "word": "정상화"
                    },
                    {
                        "word": "회귀모형"
                    },
                    {
                        "word": "회귀모형식"
                    },
                    {
                        "word": "회귀분석"
                    }
                ]
            }
        ]
    }
}