{
    "dataset_info": {
        "identifier": "02-031-002-NL",
        "name": "기술과학 문서 요약 데이터",
        "category": "자연어",
        "last_updated": "2023-08-30"
    },
    "dataset": {
        "doc_id": "96aba9d6-acb1d3b8-6aa1-4ae1-90c2-d8a101639c16",
        "doc_type": "도서",
        "doc_title": {
            "kor": "m072-미분기하학 개론",
            "eng": ""
        },
        "doc_category": {
            "KDC": "418.71",
            "DDC": ""
        },
        "doc_number": {
            "ISSN": "",
            "ISBN": "9788961050722",
            "DOI": "",
            "UCI": ""
        },
        "doc_year": "2007",
        "doc_author": [
            "박광성"
        ],
        "doc_publisher": "경문사",
        "doc_license": "저작권 협의됨",
        "context_info": [
            {
                "context_id": "55e-0c9-b61ee990-0589-4898-bed4-09097756e563",
                "context_K-NSCC": {
                    "field": "자연",
                    "large_category": "NA",
                    "medium_category": "02"
                },
                "context": "<p>\\( \\left\\{\\mathbf{e}_{1}, \\mathbf{e}_{2}, \\mathbf{e}_{3}\\right\\} \\) 는 양의 방향 정규직교기저이므로 \\( \\mathrm{e}_{1} \\times \\mathrm{e}_{2}=\\mathrm{e}_{3}, \\mathrm{e}_{2} \\times \\mathrm{e}_{3}=\\mathrm{e}_{1}, \\mathrm{e}_{3} \\times \\mathrm{e}_{1}=\\mathrm{e}_{2} \\) 임을 알 수 있다.</p> <p>세 벡터 \\( u, v, w \\) 가 만드는 평행6면체의 부피를 구하여 보자. 다음 그림에서 평행6면체의 밑면의 넓이는 \\( |\\mathrm{v} \\times \\mathrm{w}| \\) 이다.</p> <p>그리고 높이는 밑면의 수직방향이 \\( \\mathbf{u} \\) 와 만드는 각을 \\( \\theta \\) 라고 하면 \\( |\\mathbf{u}| \\cos \\theta \\)의 절대값이므로 평행6면체의 부피는 \\( |\\mathbf{v} \\times \\mathbf{w}||\\mathbf{u}| \\cos \\theta=(\\mathbf{v} \\times \\mathbf{w}) \\cdot \\mathbf{u}=[\\mathbf{u}, \\mathbf{v}, \\mathbf{w}] \\)의 절대값이다. 예를 들어 가로, 세로, 높이가 각각 \\( a, b, c \\) 인 직6면체는 벡터 \\( a \\mathrm{e}_{1}, b \\mathrm{e}_{2}, c \\mathrm{e}_{3} \\) 가 만드는 평행6면체이므로 직6면체의 부피를 스칼라 삼중적으로 계산하면 \\( \\left(a \\mathrm{e}_{1} \\times b \\mathrm{e}_{2}\\right) \\cdot c \\mathrm{e}_{3}=a b c\\left(\\left(\\mathrm{e}_{1} \\times \\mathrm{e}_{2}\\right) \\cdot \\mathrm{e}_{3}\\right) \\) \\( =a b c\\left(\\mathbf{e}_{3} \\cdot \\mathbf{e}_{3}\\right)=a b c \\)이다.</p> <h2>예 2.6</h2> <p>\\( \\mathrm{u}=(4,-1,3), \\mathrm{v}=(2,3,-1), \\mathrm{w}=(1,1,-2) \\) 이면</p> <p>(1) \\( u \\times v=\\left|\\begin{array}{ccc}e_{1} & e_{2} & e_{3} \\\\ 4 & -1 & 3 \\\\ 2 & 3 & -1\\end{array}\\right|=(-8,10,14) \\)</p> <p>(2) \\( [\\mathrm{u}, \\mathrm{v}, \\mathrm{w}]=(\\mathrm{u} \\times \\mathrm{v}) \\cdot \\mathrm{w}=(-8,10,14) \\cdot(1,1,-2)=-26 \\)</p> <p>(3) \\( u, v, w \\) 가 만드는 평행6면체의 부피는 \\( |-26|=26 \\) 이다.</p> <p>\\( \\mathrm{u}=(4,-1,3), \\mathrm{v}=(2,3,-1) \\) 를 \\( \\mathrm{e}_{1}, \\mathbf{e}_{2}, \\mathrm{e}_{3} \\) 의 1 차 결합으로 표현하면 \\( \\mathrm{u}=4 \\mathrm{e}_{1}-\\mathrm{e}_{2}+3 \\mathrm{e}_{3}, \\mathrm{u}=2 \\mathrm{e}_{1}+3 \\mathrm{e}_{2}-\\mathrm{e}_{3} \\)이다. 이것과 외적의 성질을 이용하여 다음과 같이 외적 \\( \\mathbf{u} \\times \\mathbf{v} \\) 를 계산할 수 있다.</p> <p>\\( \\mathrm{u} \\times \\mathrm{v}=\\left(4 \\mathrm{e}_{1}-\\mathrm{e}_{2}+3 \\mathrm{e}_{3}\\right) \\cdot\\left(2 \\mathrm{e}_{1}+3 \\mathrm{e}_{2}-\\mathrm{e}_{3}\\right) \\) \\( =4 \\mathrm{e}_{1} \\times\\left(2 \\mathrm{e}_{1}+3 \\mathrm{e}_{2}-\\mathrm{e}_{3}\\right)-\\mathrm{e}_{2} \\times\\left(2 \\mathrm{e}_{1}+3 \\mathrm{e}_{2}-\\mathrm{e}_{3}\\right) \\) \\( +3 \\mathrm{e}_{3} \\times\\left(2 \\mathrm{e}_{1}+3 \\mathrm{e}_{2}-\\mathrm{e}_{3}\\right) \\) \\( =8\\left(\\mathbf{e}_{1} \\times \\mathbf{e}_{1}\\right)+12\\left(\\mathbf{e}_{1} \\times \\mathbf{e}_{2}\\right)-4\\left(\\mathbf{e}_{1} \\times \\mathbf{e}_{3}\\right) \\) \\( -2\\left(\\mathbf{e}_{2} \\times \\mathbf{e}_{1}\\right)-3\\left(\\mathbf{e}_{2} \\times \\mathbf{e}_{2}\\right)+\\left(\\mathbf{e}_{2} \\times \\mathbf{e}_{3}\\right) \\) \\( +6\\left(\\mathbf{e}_{3} \\times \\mathbf{e}_{1}\\right)+9\\left(\\mathbf{e}_{3} \\times \\mathbf{e}_{2}\\right)-3\\left(\\mathbf{e}_{3} \\times \\mathbf{e}_{3}\\right) \\) \\( =12 \\mathrm{e}_{3}+4 \\mathrm{e}_{2}+2 \\mathrm{e}_{3}+\\mathrm{e}_{1}+6 \\mathrm{e}_{2}-9 \\mathrm{e}_{1} \\) \\( =-8 \\mathrm{e}_{1}+10 \\mathrm{e}_{2}+14 \\mathrm{e}_{3}=(-8,10,14) \\)</p> <p>위의 경우 계산방법은 상당히 복잡하지만 일반적인 외적 수식 계산에서는 이 방법이 많이 쓰이고 간편하다.</p> <p>수학적 연산의 대부분은 결합법칙이 성립하지만 외적은 그렇지 않다. 예를 들면, 의 경우처럼 결합법칙이 성립하지 않는 경우가 있다.</p> <p>\\( \\begin{aligned} & u=(2,-1,1), \\quad v=(1,2,-1), w=(0,1,2) \\\\ \\Rightarrow &(\\mathbf{u} \\times \\mathbf{v}) \\times \\mathbf{w}=(-1,3,5) \\times(0,1,2)=(1,2,-1) \\\\ & u \\times(\\mathbf{v} \\times \\mathbf{w})=(2,-1,1) \\times(5,-2,1)=(1,3,1) \\end{aligned} \\)</p>",
                "context_length": 3289,
                "clue": [
                    {
                        "clue_text": "\\( \\left\\{\\mathbf{e}_{1}, \\mathbf{e}_{2}, \\mathbf{e}_{3}\\right\\} \\) 는 양의 방향 정규직교기저이므로 \\( \\mathrm{e}_{1} \\times \\mathrm{e}_{2}=\\mathrm{e}_{3}, \\mathrm{e}_{2} \\times \\mathrm{e}_{3}=\\mathrm{e}_{1}, \\mathrm{e}_{3} \\times \\mathrm{e}_{1}=\\mathrm{e}_{2} \\) 임을 알 수 있다.",
                        "clue_start": "3",
                        "clue_end": "263"
                    },
                    {
                        "clue_text": "세 벡터 \\( u, v, w \\) 가 만드는 평행6면체의 부피를 구하여 보자.",
                        "clue_start": "271",
                        "clue_end": "314"
                    },
                    {
                        "clue_text": "예를 들어 가로, 세로, 높이가 각각 \\( a, b, c \\) 인 직6면체는 벡터 \\( a \\mathrm{e}_{1}, b \\mathrm{e}_{2}, c \\mathrm{e}_{3} \\) 가 만드는 평행6면체이므로 직6면체의 부피를 스칼라 삼중적으로 계산하면 \\( \\left(a \\mathrm{e}_{1} \\times b \\mathrm{e}_{2}\\right) \\cdot c \\mathrm{e}_{3}=a b c\\left(\\left(\\mathrm{e}_{1} \\times \\mathrm{e}_{2}\\right) \\cdot \\mathrm{e}_{3}\\right) \\) \\( =a b c\\left(\\mathbf{e}_{3} \\cdot \\mathbf{e}_{3}\\right)=a b c \\)이다.",
                        "clue_start": "653",
                        "clue_end": "1039"
                    },
                    {
                        "clue_text": "위의 경우 계산방법은 상당히 복잡하지만 일반적인 외적 수식 계산에서는 이 방법이 많이 쓰이고 간편하다.",
                        "clue_start": "2890",
                        "clue_end": "2947"
                    }
                ],
                "terminology": [
                    {
                        "word": "결합법칙"
                    },
                    {
                        "word": "벡터"
                    },
                    {
                        "word": "부피"
                    },
                    {
                        "word": "삼중적"
                    },
                    {
                        "word": "스칼라"
                    },
                    {
                        "word": "스칼라 삼중적"
                    },
                    {
                        "word": "외적"
                    },
                    {
                        "word": "절대값"
                    },
                    {
                        "word": "정규직교기저"
                    }
                ]
            },
            {
                "context_id": "55e-0c9-d30b5964-3721-4f48-ad59-6a41f52bf834",
                "context_K-NSCC": {
                    "field": "자연",
                    "large_category": "NA",
                    "medium_category": "02"
                },
                "context": "<h1>1.4 벡터함수의 극한과 도함수</h1> <p>개구간 \\( \\mathrm{I} \\) 상에서 함수 값이 벡터인 함수 \\( F: \\mathrm{I} \\rightarrow \\mathrm{R}^{3} \\)의 극한과 도함수에 대해서 알아보자. \\( t \\in \\mathrm{I} \\)에 대해서 \\( F(t) \\in \\mathrm{R}^{3} \\)이므로 \\( F(t)=\\left(f_{1}(t), f_{2}(t), f_{3}(t)\\right) \\)로 쓸 수 있다. 이 경우 \\( f_{i}: \\mathrm{I} \\rightarrow \\mathrm{R} \\)이고 이를 \\( F \\)의 좌표함수(coordinate function)라고 한다. 함수 \\( F \\)를 간단히 \\( F=\\left(f_{1}, f_{2}, f_{3}\\right) \\)로 표시하기도 한다.</p> <h2>정의 4.1</h2> <p>\\( t_{0} \\in \\mathrm{I}, \\mathrm{v}=\\left(v_{1}, v_{2}, v_{3}\\right) \\in \\mathrm{R}^{3} \\) 일 때, 벡터함수 \\( F=\\left(f_{1}, f_{2}, f_{3}\\right) \\)의 극한을 다음과 같이 정의한다.</p> <p>\\( \\lim _{t \\rightarrow t_{0}} F(t)=\\mathrm{v} \\rightleftharpoons \\forall \\varepsilon>0 \\exists \\delta>0\\left(0<\\left|t-t_{0}\\right|<\\delta \\Rightarrow|F(t)-\\mathrm{v}|<\\varepsilon\\right) \\)</p> <p>위의 정의에서 보는 것과 같이 벡터함수의 극한은 \\( |F(t)-\\mathrm{v}| \\) 가 벡터의 길이를 나타내는 것을 제외하면 실수 값을 갖는 함수의 극한과 같은 방법으로 정의된다. 이를 바탕으로 다음과 같이 벡터함수의 극한을 좌표함수의 극한으로 설명할 수 있다.</p> <h2>정리 4.2</h2> <p>\\( \\lim _{t \\rightarrow t_{0}} F(t)=\\mathrm{v} \\Leftrightarrow \\lim _{t \\rightarrow t_{0}} f_{i}(t)=v_{i}, i=1,2,3 \\)</p> <h3>증명</h3> <p> <p>\\( (\\Rightarrow) \\lim _{t \\rightarrow t_{0}} F(t)=\\mathrm{v} \\) 이므로, 주어진 \\( \\varepsilon>0 \\) 에 대해서 \\( \\exists \\delta>0\\left(0<\\left|t-t_{0}\\right|<\\delta \\Rightarrow|F(t)-\\mathrm{v}|<\\varepsilon\\right) \\)가 성립한다. 이 \\( \\delta \\) 에 대해서 \\( 0<\\left|t-t_{0}\\right|<\\delta \\) 이면 \\( \\left|f_{i}(t)-v_{i}\\right| \\leq \\sqrt{\\left[f_{1}(t)-v_{1}\\right]^{2}+\\left[f_{2}(t)-v_{2}\\right]^{2}+\\left[f_{3}(t)-v_{3}\\right]^{2}} \\) \\( =|F(t)-\\mathrm{v}|<\\varepsilon, \\quad i=1,2,3 \\)이므로\\( \\lim _{t \\rightarrow t_{0}} f_{i}(t)=v_{i}, \\quad i=1,2,3 \\)</p> <p>\\( \\Leftrightarrow \\lim _{t \\rightarrow t_{0}} f_{i}(t)=v_{i} \\) 이므로, 주어진 \\( \\varepsilon>0 \\) 에 대해서 \\( \\exists \\delta_{i}>0\\left(0<\\left|t-t_{0}\\right|<\\delta_{i} \\Rightarrow\\left|f_{i}(t)-v_{i}\\right|<\\frac{\\varepsilon}{\\sqrt{3}}\\right), i=1,2,3 \\) 이다. 여기서 \\( \\delta=\\min \\left\\{\\delta_{1}, \\delta_{2}, \\delta_{3}\\right\\} \\) 으로 잡는다. \\( 0<\\left|t-t_{0}\\right|<\\delta \\) 이면 \\( |F(t)-\\mathrm{v}|=\\sqrt{\\mid\\left[f_{1}(t)-v_{1}\\right]^{2}+\\left[f_{2}(t)-v_{2}\\right]^{2}+\\left[f_{3}(t)-v_{3}\\right]^{2}} \\) \\(<\\sqrt{\\left[\\frac{\\varepsilon}{\\sqrt{3}}\\right]^{2}+\\left[\\frac{\\varepsilon}{\\sqrt{3}}\\right]^{2}+\\left[\\frac{\\varepsilon}{\\sqrt{3}}\\right]^{2}}=\\varepsilon \\)이다. 그러므로 \\( \\lim _{t \\rightarrow t_{0}} F(t)=\\mathrm{v} \\) 이다.</p> <h2>예 4.3</h2> <p>\\( F(t)=(2 \\cos t, 2 \\sin t, t) \\) 이면 \\( \\lim _{t \\rightarrow \\pi} F(t)=\\left(\\lim _{t \\rightarrow \\pi} 2 \\cos t, \\lim _{t \\rightarrow \\pi} 2 \\sin t, \\lim _{t \\rightarrow \\pi} t\\right)=(-2,0, \\pi) \\)이다.</p> <p>벡터함수의 극한은 좌표함수의 극한으로 바꾸어 계산할 수 있으므로 우리는 실수 값을 갖는 함수의 극한에 관한 정리를 벡터함수에 적용하면 다음 정리를 얻는다.</p> <h2>정리 4.4</h2> <p>벡터함수 \\( F=\\left(f_{1}, f_{2}, f_{3}\\right), G=\\left(g_{1}, g_{2}, g_{3}\\right) \\) 와 함수 \\( h \\) 에 대해서 \\( \\lim _{t \\rightarrow t_{0}} F(t)=\\mathrm{v}, \\lim _{t \\rightarrow t_{0}} G(t)=\\mathrm{w}, \\lim _{t \\rightarrow t_{0}} h(t)=a \\),이면 다음이 성립한다.</p> <p>(1) \\( \\lim _{t \\rightarrow t_{0}}(F(t) \\pm G(t))=\\mathrm{v} \\pm \\mathrm{w} \\) (2) \\( \\lim _{t \\rightarrow t_{0}}(h(t) F(t))=a \\mathbf{v} \\) (3) \\( \\lim _{t \\rightarrow t_{0}}(F(t) \\cdot G(t))=\\mathrm{v} \\cdot \\mathrm{w} \\) (4) \\( \\lim _{t \\rightarrow t_{0}}(F(t) \\times G(t))=\\mathbf{v} \\times \\mathbf{w} \\)</p> <h3>증명</h3> <p>(1) \\( \\lim _{t \\rightarrow t_{0}}(F(t) \\pm G(t)) \\) \\( =\\left(\\lim _{t \\rightarrow t_{0}}\\left[f_{1}(t) \\pm g_{1}(t)\\right], \\lim _{t \\rightarrow t_{0}}\\left[f_{2}(t) \\pm g_{2}(t)\\right], \\lim _{t \\rightarrow t_{0}}\\left[f_{3}(t) \\pm g_{3}(t)\\right]\\right) \\) \\( =\\left(v_{1} \\pm w_{1}, v_{2} \\pm w_{2}, v_{3} \\pm w_{3}\\right)=\\mathrm{v} \\pm \\mathrm{w} \\)</p> <p>(2) \\( \\lim _{t \\rightarrow t_{0}}(h(t) F(t)) \\) \\( =\\left(\\lim _{t \\rightarrow t_{0}} h(t) f_{1}(t), \\lim _{t \\rightarrow t_{0}} h(t) f_{2}(t), \\lim _{t \\rightarrow t_{0}} h(t) f_{3}(t)\\right) \\) \\( =\\left(a v_{1}, a v_{2}, a v_{3}\\right)=a \\mathrm{v} \\)</p> <p>(3) \\( \\lim _{t \\rightarrow t_{0}}(F(t) \\cdot G(t)) \\) \\( =\\lim _{t \\rightarrow t_{0}}\\left(f_{1}(t) g_{1}(t)+f_{2}(t) g_{2}(t)+f_{3}(t) g_{3}(t)\\right) \\) \\( =v_{1} w_{1}+v_{2} w_{2}+v_{3} w_{3}=\\mathrm{v} \\cdot \\mathrm{w} \\)</p> <p>(4) \\( \\lim _{t \\rightarrow t_{0}}\\left(f_{i}(t) g_{j}(t)-f_{j}(t) g_{i}(t)\\right)=v_{i} w_{j}-v_{j} w_{i} \\) 이므로 \\( \\lim _{t \\rightarrow t_{0}}(F(t) \\times G(t)) \\) \\( =\\lim _{t \\rightarrow t_{0}}\\left(\\left(f_{2} g_{3}-f_{3} g_{2}\\right)(t),\\left(f_{3} g_{1}-f_{1} g_{3}\\right)(t),\\left(f_{1} g_{2}-f_{2} g_{1}\\right)(t)\\right) \\) \\( =\\left(v_{2} w_{3}-v_{3} w_{2}, v_{3} w_{1}-v_{1} w_{3}, v_{1} w_{2}-v_{2} w_{1}\\right)=\\mathrm{v} \\times \\mathbf{w} \\)</p>",
                "context_length": 4637,
                "clue": [
                    {
                        "clue_text": "개구간 \\( \\mathrm{I} \\) 상에서 함수 값이 벡터인 함수 \\( F: \\mathrm{I} \\rightarrow \\mathrm{R}^{3} \\)의 극한과 도함수에 대해서 알아보자.",
                        "clue_start": "30",
                        "clue_end": "134"
                    },
                    {
                        "clue_text": "이 경우 \\( f_{i}: \\mathrm{I} \\rightarrow \\mathrm{R} \\)이고 이를 \\( F \\)의 좌표함수(coordinate function)라고 한다.",
                        "clue_start": "258",
                        "clue_end": "355"
                    },
                    {
                        "clue_text": "벡터함수의 극한은 좌표함수의 극한으로 바꾸어 계산할 수 있으므로 우리는 실수 값을 갖는 함수의 극한에 관한 정리를 벡터함수에 적용하면 다음 정리를 얻는다.",
                        "clue_start": "2627",
                        "clue_end": "2713"
                    },
                    {
                        "clue_text": "벡터함수 \\( F=\\left(f_{1}, f_{2}, f_{3}\\right), G=\\left(g_{1}, g_{2}, g_{3}\\right) \\) 와 함수 \\( h \\) 에 대해서 \\( \\lim _{t \\rightarrow t_{0}} F(t)=\\mathrm{v}, \\lim _{t \\rightarrow t_{0}} G(t)=\\mathrm{w}, \\lim _{t \\rightarrow t_{0}} h(t)=a \\),이면 다음이 성립한다.",
                        "clue_start": "2737",
                        "clue_end": "2981"
                    },
                    {
                        "clue_text": "벡터함수의 극한은 좌표함수의 극한으로 바꾸어 계산할 수 있으므로 우리는 실수 값을 갖는 함수의 극한에 관한 정리를 벡터함수에 적용하면 다음 정리를 얻는다.",
                        "clue_start": "2627",
                        "clue_end": "2713"
                    }
                ],
                "terminology": [
                    {
                        "word": "개구간"
                    },
                    {
                        "word": "극한"
                    },
                    {
                        "word": "도함수"
                    },
                    {
                        "word": "벡터"
                    },
                    {
                        "word": "벡터함수"
                    },
                    {
                        "word": "실수"
                    },
                    {
                        "word": "좌표함수"
                    },
                    {
                        "word": "함수"
                    }
                ]
            },
            {
                "context_id": "55e-0c9-009dfde1-0154-4da4-8049-1bac2480d48a",
                "context_K-NSCC": {
                    "field": "자연",
                    "large_category": "NA",
                    "medium_category": "02"
                },
                "context": "<p>벡터 함수의 미분은 정리 4.6에 의하면 실수 값을 갖는 함수의 미분처럼 할 수 있다. 이 사실은 이미 정리 4.7에서 사용하였다. 즉, 벡터 함수의 내적 \\( F(t) \\cdot F(t) \\) 는 일종의 제곱이므로 \\( [f(t)]^{2} \\)의 도함수가 \\( 2 f(t) f^{\\prime}(t) \\) 인 것처럼 \\( [F(t) \\cdot F(t)]^{\\prime}=2 F(t) \\cdot F^{\\prime}(t) \\)이다. 같은 원리로 \\( a, b \\) 가 상수벡터일 때, 상수함수, 일차함수의 미분에 대해서도 다음과 같은 공식이 성립함을 알 수 있다.</p> <p>\\( F(t)=a \\Rightarrow F^{\\prime}(t)=(0,0,0) \\)</p> <p>\\( F(t)=a+t b \\Rightarrow F^{\\prime}(t)=b \\)</p> <p>폐구간 \\( [a, b] \\) 에서 벡터함수 \\( F=\\left(f_{1}, f_{2}, f_{3}\\right) \\) 가 나타내는 곡선의 길이는 \\( \\int_{a}^{b}\\left|F^{\\prime}(t)\\right| d t=\\int_{a}^{b} \\sqrt{\\left[f_{1}^{\\prime}(t)\\right]^{2}+\\left[f_{2}^{\\prime}(t)\\right]^{2}+\\left[f_{3}^{\\prime}(t)\\right]^{2}} d t \\)로 주어진다는 것이 미분적분학에서 잘 알려져 있다.</p> <h2>예 4.8</h2> <p>(1) \\( F(t)=(\\sinh t, \\cosh t, t), 0 \\leq t \\leq 1 \\) 의 길이 \\( L \\) 은 \\( \\left|F^{\\prime}(t)\\right|=\\sqrt{\\cosh ^{2} t+\\sinh t^{2}+1^{2}} \\) \\( =\\sqrt{2 \\cosh ^{2} t}=\\sqrt{2} \\cosh t \\)이므로 \\( \\left.L=\\int_{0}^{1}\\left|F^{\\prime}(t)\\right| d t=\\int_{0}^{1} \\sqrt{2} \\cosh t d t=\\sqrt{2} \\sinh t\\right]_{0}^{1} \\) \\( =\\sqrt{2}(\\sinh 1-\\sinh 0)=\\frac{\\sqrt{2}}{2}\\left(e-e^{-1}\\right) \\)이다.</p> <p>(2) 곡선 \\( F(t)=(\\sin t, \\cos t, 2 t), 0 \\leq t \\leq \\pi \\) 의 길이 \\( L \\)은 >\\( \\left|F^{\\prime}(t)\\right|=\\sqrt{\\cos ^{2} t+[-\\sin t]^{2}+2^{2}}=\\sqrt{5} \\)이므로 \\( L=\\int_{0}^{\\pi}\\left|F^{\\prime}(t)\\right| d t=\\int_{0}^{\\pi} \\sqrt{5} d t=\\sqrt{5} \\pi \\)이다.</p> <h2>예 4.9</h2> <p>\\( F: \\mathrm{I} \\rightarrow \\mathrm{R}^{3}, \\mathrm{u} \\in \\mathrm{R}^{3} \\) 에 대해서 \\( F(0) \\perp \\mathrm{u}, F^{\\prime}(t) \\perp \\mathrm{u} \\forall t \\in \\mathrm{I} \\quad \\Longrightarrow \\quad F(t) \\perp \\mathrm{u} \\forall t \\in \\mathrm{I} \\)임을 보여라.</p> <h3>풀이</h3> <p>\\( F^{\\prime}(t) \\perp \\mathrm{u} \\forall t \\in \\mathrm{I} \\) 이므로 \\( (F(t) \\cdot \\mathrm{u})^{\\prime}=F^{\\prime}(t) \\cdot \\mathrm{u}=0 \\)이다. 따라서 \\( F(t) \\cdot \\mathrm{u} \\) 는 상수이고, \\( F(0) \\cdot \\mathrm{u}=0 \\) 이므로 \\( F(t) \\cdot \\mathrm{u}=0 \\forall t \\Rightarrow F(t) \\perp \\mathrm{u} \\forall t \\in \\mathrm{I} \\)이다.</p> <h2>예 4.10</h2> <p>곡선 \\( F(t)=\\left(e^{t} \\cos t, e^{t} \\sin t\\right) \\)는 \\( F(t) \\)와 \\( F^{\\prime}(t) \\)가 만드는 각이 일정함을 보여라.</p> <h3>풀이</h3> <p>\\( F(t) \\) 와 \\( F^{\\prime}(t) \\) 가 만드는 각을 \\( \\theta \\) 라고 두자 \\( |F|=e^{t} \\) \\( F^{\\prime}=\\left(e^{t}(\\cos t-\\sin t), e^{t}(\\cos t+\\sin t)\\right) \\) \\( \\left|F^{\\prime}\\right|=e^{t} \\sqrt{(\\cos t-\\sin t)^{2}+(\\cos t+\\sin t)^{2}}=\\sqrt{2} e^{t} \\) \\( F \\cdot F^{\\prime}=e^{2 t}[\\cos t(\\cos t-\\sin t)+\\sin t(\\cos t+\\sin t)]=e^{2 t} \\) \\( \\Rightarrow \\cos \\theta=\\frac{F \\cdot F^{\\prime}}{|F|\\left|F^{\\prime}\\right|}=\\frac{1}{\\sqrt{2}} \\)이므로 \\( \\theta=\\frac{\\pi}{4} \\)이다.</p> <h2>예 4.11</h2> <p>\\( F(t)=(\\cos t, \\sin t, t) \\) 일 때, \\( F^{\\prime}(t) \\) 와 \\( z \\) 축이 만드는 각을 구하라.</p> <h3>풀이</h3> <p>\\( F^{\\prime}(t) \\) 와 \\( z \\) 축이 만드는 각을 \\( \\theta \\) 라고 두자. \\( \\left|F^{\\prime}\\right|=|(-\\sin t, \\cos t, 1)|=\\sqrt{2} \\)이고 \\( z \\) 축의 방향의 단위벡터는 \\( (0,0,1) \\) 이므로 \\( \\cos \\theta=\\frac{(0,0,1) \\cdot F^{\\prime}}{\\left|F^{\\prime}\\right|}=\\frac{1}{\\sqrt{2}} \\Rightarrow \\theta=\\frac{\\pi}{4} \\)</p>",
                "context_length": 3031,
                "clue": [
                    {
                        "clue_text": "벡터 함수의 미분은 정리 4.6에 의하면 실수 값을 갖는 함수의 미분처럼 할 수 있다.",
                        "clue_start": "3",
                        "clue_end": "51"
                    },
                    {
                        "clue_text": "즉, 벡터 함수의 내적 \\( F(t) \\cdot F(t) \\) 는 일종의 제곱이므로 \\( [f(t)]^{2} \\)의 도함수가 \\( 2 f(t) f^{\\prime}(t) \\) 인 것처럼 \\( [F(t) \\cdot F(t)]^{\\prime}=2 F(t) \\cdot F^{\\prime}(t) \\)이다.",
                        "clue_start": "77",
                        "clue_end": "242"
                    },
                    {
                        "clue_text": "폐구간 \\( [a, b] \\) 에서 벡터함수 \\( F=\\left(f_{1}, f_{2}, f_{3}\\right) \\) 가 나타내는 곡선의 길이는 \\( \\int_{a}^{b}\\left|F^{\\prime}(t)\\right| d t=\\int_{a}^{b} \\sqrt{\\left[f_{1}^{\\prime}(t)\\right]^{2}+\\left[f_{2}^{\\prime}(t)\\right]^{2}+\\left[f_{3}^{\\prime}(t)\\right]^{2}} d t \\)로 주어진다는 것이 미분적분학에서 잘 알려져 있다.",
                        "clue_start": "430",
                        "clue_end": "716"
                    },
                    {
                        "clue_text": "\\( F: \\mathrm{I} \\rightarrow \\mathrm{R}^{3}, \\mathrm{u} \\in \\mathrm{R}^{3} \\) 에 대해서 \\( F(0) \\perp \\mathrm{u}, F^{\\prime}(t) \\perp \\mathrm{u} \\forall t \\in \\mathrm{I} \\quad \\Longrightarrow \\quad F(t) \\perp \\mathrm{u} \\forall t \\in \\mathrm{I} \\)임을 보여라.",
                        "clue_start": "1411",
                        "clue_end": "1661"
                    },
                    {
                        "clue_text": "\\( F(t)=(\\cos t, \\sin t, t) \\) 일 때, \\( F^{\\prime}(t) \\) 와 \\( z \\) 축이 만드는 각을 구하라.",
                        "clue_start": "2638",
                        "clue_end": "2718"
                    }
                ],
                "terminology": [
                    {
                        "word": "내적"
                    },
                    {
                        "word": "단위벡터"
                    },
                    {
                        "word": "도함수"
                    },
                    {
                        "word": "미분적분학"
                    },
                    {
                        "word": "벡터"
                    },
                    {
                        "word": "벡터함수"
                    },
                    {
                        "word": "상수함수"
                    },
                    {
                        "word": "실수"
                    },
                    {
                        "word": "폐구간"
                    },
                    {
                        "word": "함수"
                    }
                ]
            },
            {
                "context_id": "55e-0c9-c80eccdc-96ec-4f48-b83a-720f46bb6ed3",
                "context_K-NSCC": {
                    "field": "자연",
                    "large_category": "NA",
                    "medium_category": "02"
                },
                "context": "<h2>예 3.5</h2> <p>\\( (2,1,1),(0,1,-2) \\) 을 지나는 직선의 매개방정식은 \\( \\mathrm{x}=(2,1,1)+t[(0,1,-2)-(2,1,1)] \\) \\( \\Rightarrow \\mathrm{x}=(2,1,1)+t(-2,0,-3) \\) \\( \\Rightarrow(x, y, z)=(2-2 t, 1,1-3 t) \\) \\( \\Rightarrow x=2-2 t, y=1, z=1-3 t \\)이다.</p> <p>평면은 지나는 점과 수직 방향에 의해 결정된다. 점 \\( \\mathrm{u} \\)를 지나고 벡터 \\( \\mathrm{n}=(a, b, c) \\neq(0,0,0) \\)에 수직인 평면의 방정식을 구하기 위하여 평면상의 임의의 점 \\( \\mathrm{x}=(x, y, z) \\)를 잡으면 \\( \\mathrm{x}-\\mathrm{u} \\)는 \\( \\mathrm{n} \\)에 수직이므로 \\( (\\mathrm{x}-\\mathrm{u}) \\cdot \\mathrm{n}=0 \\)이고 이는 \\( \\mathrm{u} \\) 를 지나고 \\( \\mathrm{n} \\) 에 수직인 평면의 벡터방정식이다. 이 방정식을 좌표로 표현하면 \\( \\left(x-u_{1}\\right) a+\\left(y-u_{2}\\right) b+\\left(z-u_{3}\\right) c=0 \\) \\( a x+b y+c z+d=0, \\left(-d=a u_{1}+b u_{2}+c u_{3}\\right) \\)라는 직교방정식을 얻는다. 예를 들면, \\( x y \\) 평면의 수직방향은 \\( (0,0,1) \\) 이고 원점 \\( (0,0,0) \\) 를 지나므로 \\( x y \\) 평면의 방정식은 \\( (x-0) 0+(y-0) 0+(z-0) 1=0 \\)에서 \\( z=0 \\) 이고 평면 \\( x+2 y+3 z+4=0 \\)는 수직방향이 \\( (1,2,3) \\) 임을 알 수 있다.</p> <h2>예 3.6</h2> <p>(1) \\( \\mathrm{u}, \\mathrm{v} \\) 가 일차독립일 때, \\( \\mathrm{u}, \\mathrm{v} \\) 에 평행이고 \\( b \\) 를 지나는 평면의 방정식을 구하여 보자. \\( \\mathrm{u}, \\mathrm{v} \\) 가 일차독립이므로 \\( \\mathrm{u} \\times \\mathbf{v} \\neq(0,0,0) \\) 이고, 이 벡터는 구하는 평면과 수직이다. 평면상의 점 \\( \\mathrm{x} \\) 를 잡으면 \\( \\mathrm{x}-b \\) 와 \\( \\mathrm{u} \\times \\mathrm{v} \\)는 수직이므로 \\( (\\mathrm{x}-\\mathrm{b}) \\cdot(\\mathrm{u} \\times \\mathrm{v})=0 \\)가 구하는 방정식이다. 이 평면의 매개방정식은 \\( \\mathrm{x}-b \\)가 \\( \\mathrm{u}, \\mathrm{v} \\)와 평행인 평면상에 있으므로 \\( \\mathrm{x}-b \\) 는 \\( \\mathrm{u}, \\mathrm{v} \\)의 1차 결합으로 나타난다. 그러므로 구하는 매개방정식은 \\( \\mathbf{x}-b=s \\mathbf{u}+t \\mathbf{v},(s, t \\in \\mathbf{R}) \\)이다.</p> <p>(2) \\( (2,1,1),(0,1,-2) \\)에 평행이고 \\( (1,2,-3) \\)을 지나는 평면을 구하여 보자. 이 평면의 수직방향은 \\( (2,1,1) \\times(0,1,-2)=(-3,4,2) \\)이므로 평면의 방정식은 \\( (x-1, y-2, z+3) \\cdot(-3,4,2)=0 \\) \\( -3 x+4 y+2 z+1=0 \\)이다. 이를 매개방정식으로 표현하면 다음과 같다.</p> <p>\\( (x-1, y-2, z+3)=s(2,1,1)+t(0,1,-2) \\)</p> <p>\\( x-1=2 s, y-2=s+t, z+3=s-2 t \\)</p> <p>\\( x=1+2 s, y=2+s+t, z=-3+s-2 t \\)</p> <h2>예 3.7</h2> <p>(1) \\( \\mathrm{u}\\), \\(\\mathrm{v}\\), \\(\\mathrm{w} \\) 가 공선이 아닐 때, 이들을 지나는 평면의 방정식을 구하여 보자. 공선이 아니라는 사실에서 \\( (\\mathrm{u}-\\mathrm{w}) \\times(\\mathrm{v}-\\mathrm{w}) \\neq(0,0,0) \\)이고, 구하는 평면의 방정식은 \\( [\\mathrm{x}-\\mathrm{w}, \\mathrm{u}-\\mathrm{w}, \\mathrm{v}-\\mathrm{w}]=0 \\)이다.</p> <p>(2) 공선이 아닌 세벡터 \\( \\mathrm{u}=(1,0,1), \\mathrm{v}=(0,1,-1), \\mathrm{w}=(1,1,0) \\)를 지나는 평면의 방정식은 \\( \\mathrm{u}-\\mathrm{w}=(0,-1,1), \\mathrm{v}-\\mathrm{w}=(-1,0,-1) \\), \\( (\\mathrm{u}-\\mathrm{w}) \\times(\\mathrm{v}-\\mathrm{w})=(1,-1,-1) \\)이므로 \\( (\\mathrm{x}-\\mathrm{w}) \\cdot(1,-1,-1)=0 \\), \\( (x-1, y-1, z) \\cdot(1,-1,-1)=0 \\), \\( x-y-z=0 \\)이다.</p> <p>직선과 평면이 만나는 점은 직선의 매개방정식을 평면의 방정식에 대입하면 쉽게 구할 수 있다.</p> <h2>예 3.8</h2> <p>직선 \\( x=1-2 t, y=-2+t, z=3 t \\)<caption>(*)</caption>와 평면 \\( 2 x-3 y-z+2=0 \\)<caption>(**)</caption>가 만나는 점을 구하기 위하여 (*)를 (**)에 대입하면 \\( 2(1-2 t)-3(-2+t)-3 t+2=0 \\Rightarrow t=1 \\) 이므로 이를 \\( \\left(^{*}\\right) \\) 에 대입하면 구하는 점 \\( (-1,-1,3) \\) 을 얻는다.</p>",
                "context_length": 2900,
                "clue": [
                    {
                        "clue_text": "직선 \\( x=1-2 t, y=-2+t, z=3 t \\)<caption>(*)</caption>와 평면 \\( 2 x-3 y-z+2=0 \\)<caption>(**)</caption>가 만나는 점을 구하기 위하여 (*)를 (**)에 대입하면 \\( 2(1-2 t)-3(-2+t)-3 t+2=0 \\Rightarrow t=1 \\) 이므로 이를 \\( \\left(^{*}\\right) \\) 에 대입하면 구하는 점 \\( (-1,-1,3) \\) 을 얻는다.",
                        "clue_start": "2650",
                        "clue_end": "2896"
                    },
                    {
                        "clue_text": "\\( \\mathrm{u}, \\mathrm{v} \\) 가 일차독립일 때, \\( \\mathrm{u}, \\mathrm{v} \\) 에 평행이고 \\( b \\) 를 지나는 평면의 방정식을 구하여 보자.",
                        "clue_start": "954",
                        "clue_end": "1060"
                    },
                    {
                        "clue_text": "그러므로 구하는 매개방정식은 \\( \\mathbf{x}-b=s \\mathbf{u}+t \\mathbf{v},(s, t \\in \\mathbf{R}) \\)이다.",
                        "clue_start": "1486",
                        "clue_end": "1571"
                    },
                    {
                        "clue_text": "\\( (2,1,1),(0,1,-2) \\) 을 지나는 직선의 매개방정식은 \\( \\mathrm{x}=(2,1,1)+t[(0,1,-2)-(2,1,1)] \\) \\( \\Rightarrow \\mathrm{x}=(2,1,1)+t(-2,0,-3) \\) \\( \\Rightarrow(x, y, z)=(2-2 t, 1,1-3 t) \\) \\( \\Rightarrow x=2-2 t, y=1, z=1-3 t \\)이다.",
                        "clue_start": "18",
                        "clue_end": "237"
                    }
                ],
                "terminology": [
                    {
                        "word": "공선"
                    },
                    {
                        "word": "매개방정식"
                    },
                    {
                        "word": "방정식"
                    },
                    {
                        "word": "벡터"
                    },
                    {
                        "word": "벡터방정식"
                    },
                    {
                        "word": "일차독립"
                    },
                    {
                        "word": "직교방정식"
                    },
                    {
                        "word": "직선의 매개방정식"
                    },
                    {
                        "word": "평면의 방정식"
                    },
                    {
                        "word": "평행"
                    }
                ]
            },
            {
                "context_id": "55e-0c9-merge_2_96aba9d6-acb1d3b8-6aa1-4ae1-90c2-d8a101639c16_02",
                "context_K-NSCC": {
                    "field": "자연",
                    "large_category": "NA",
                    "medium_category": "02"
                },
                "context": "<p>\\( \\mathbf { e } _ { i } \\cdot \\mathbf { e } _ { j } = \\left \\{\\begin {array} { ll } 1, & i=j \\\\ 0, & i \\neq j \\end {array} \\right . \\)</p> <h2>예 1.3</h2> <p>(1) 두 벡터 \\( \\mathrm { v } =(1,-2,4), \\mathrm { w } =(-1,3,2) \\)에 대해서 \\( \\mathrm { v } \\cdot \\mathrm { w } =1 \\cdot(-1) + (-2) \\cdot 3 + 4 \\cdot 2=1 \\) \\( \\mathrm { v } \\cdot \\mathrm { e } _ { 1 } =1 \\), \\( \\mathrm { v } \\cdot \\mathrm { e } _ { 2 } =-2 \\), \\( \\mathrm { v } \\cdot \\mathrm { e } _ { 3 } =4 \\)</p> <p>(2) 만약 \\( \\mathrm { v } =(1,-2,4), \\mathrm { w } =(x, y, 2) \\)가 평행이면 어떤 실수 \\( a \\)에 대해서 \\( (1,-2,4)=a(x, y, 2) \\)이므로 \\( ax=1 \\), \\( a y=-2 \\), \\( 2 a=4 \\)</p> <p>\\( \\Rightarrow a=2, x= \\frac { 1 } { 2 } , y=-1 \\)</p> <p>내적의 정의로부터 벡터 \\( \\mathrm { u } , \\mathrm { v } , \\mathrm { w } \\)와 실수 \\( a \\)에 대해서 다음과 같은 내적의 성질을 쉽게 증명할 수 있다.</p> <ol type=i start=1><li>\\( \\mathrm { v } \\cdot \\mathrm { w } = \\mathrm { w } \\cdot \\mathrm { V } \\)</li> <li>\\( (u + v) \\cdot w=(u \\cdot w) + (v \\cdot w) \\)</li> <li>\\( (a \\mathbf { v } ) \\cdot \\mathrm { w } =a( \\mathrm { v } \\cdot \\mathrm { w } ) \\)</li> <li>\\( \\mathrm { v } \\cdot \\mathrm { v } =| \\mathrm { v } | ^ { 2 } \\)</li></ol> <p>예를 들면 (iii), (iv)의 경우과 같이 증명할 수 있다.</p> <p>\\( \\begin {aligned} (a \\mathbf { v } ) \\cdot \\mathbf { w } &= \\left (a v_ { 1 } , a v_ { 2 } , a v_ { 3 } \\right ) \\cdot \\left (w_ { 1 } , w_ { 2 } , w_ { 3 } \\right ) \\\\ &= \\left (a v_ { 1 } \\right ) w_ { 1 } + \\left (a v_ { 2 } \\right ) w_ { 2 } + \\left (a v_ { 3 } \\right ) w_ { 3 } \\\\ &=a \\left (v_ { 1 } w_ { 1 } + v_ { 2 } w_ { 2 } + v_ { 3 } w_ { 3 } \\right )=a( \\mathbf { v } \\cdot \\mathbf { w } ) \\\\ \\mathbf { v } \\cdot \\mathbf { v } =& v_ { 1 } ^ { 2 } + v_ { 2 } ^ { 2 } + v_ { 3 } ^ { 2 } =| \\mathbf { v } | ^ { 2 } \\end {aligned} \\)</p>",
                "context_length": 1740,
                "clue": [
                    {
                        "clue_text": "(1) 두 벡터 \\( \\mathrm { v } =(1,-2,4), \\mathrm { w } =(-1,3,2) \\)에 대해서 \\( \\mathrm { v } \\cdot \\mathrm { w } =1 \\cdot(-1) + (-2) \\cdot 3 + 4 \\cdot 2=1 \\) \\( \\mathrm { v } \\cdot \\mathrm { e } _ { 1 } =1 \\), \\( \\mathrm { v } \\cdot \\mathrm { e } _ { 2 } =-2 \\), \\( \\mathrm { v } \\cdot \\mathrm { e } _ { 3 } =4 \\)",
                        "clue_start": "161",
                        "clue_end": "467"
                    },
                    {
                        "clue_text": "(2) 만약 \\( \\mathrm { v } =(1,-2,4), \\mathrm { w } =(x, y, 2) \\)가 평행이면 어떤 실수 \\( a \\)에 대해서 \\( (1,-2,4)=a(x, y, 2) \\)이므로 \\( ax=1 \\), \\( a y=-2 \\), \\( 2 a=4 \\)",
                        "clue_start": "475",
                        "clue_end": "629"
                    },
                    {
                        "clue_text": "내적의 정의로부터 벡터 \\( \\mathrm { u } , \\mathrm { v } , \\mathrm { w } \\)와 실수 \\( a \\)에 대해서 다음과 같은 내적의 성질을 쉽게 증명할 수 있다.",
                        "clue_start": "695",
                        "clue_end": "804"
                    },
                    {
                        "clue_text": "\\( \\begin {aligned} (a \\mathbf { v } ) \\cdot \\mathbf { w } &= \\left (a v_ { 1 } , a v_ { 2 } , a v_ { 3 } \\right ) \\cdot \\left (w_ { 1 } , w_ { 2 } , w_ { 3 } \\right ) \\\\ &= \\left (a v_ { 1 } \\right ) w_ { 1 } + \\left (a v_ { 2 } \\right ) w_ { 2 } + \\left (a v_ { 3 } \\right ) w_ { 3 } \\\\ &=a \\left (v_ { 1 } w_ { 1 } + v_ { 2 } w_ { 2 } + v_ { 3 } w_ { 3 } \\right )=a( \\mathbf { v } \\cdot \\mathbf { w } ) \\\\ \\mathbf { v } \\cdot \\mathbf { v } =& v_ { 1 } ^ { 2 } + v_ { 2 } ^ { 2 } + v_ { 3 } ^ { 2 } =| \\mathbf { v } | ^ { 2 } \\end {aligned} \\)",
                        "clue_start": "1191",
                        "clue_end": "1736"
                    }
                ],
                "terminology": [
                    {
                        "word": "내적"
                    },
                    {
                        "word": "벡터"
                    },
                    {
                        "word": "실수"
                    }
                ]
            },
            {
                "context_id": "55e-0c9-ddc76248-eb2b-4b62-877c-8d92e1f55a0f",
                "context_K-NSCC": {
                    "field": "자연",
                    "large_category": "NA",
                    "medium_category": "02"
                },
                "context": "<p>구간 \\(\\mathrm{I}\\) 상의 벡터함수 \\( F=\\left(f_{1}, f_{2}, f_{3}\\right) \\) 가 \\( t_{0} \\in \\mathrm{I} \\) 에서 연속이라는 것은 \\( \\lim _{t \\rightarrow t_{0}} F(t)=F\\left(t_{0}\\right) \\일 때를 말한다. 정리 \\( 4.2 \\) 에 의하면 이것은 각 좌표함수 \\( f_{1}, f_{2}, f_{3} \\) 가 \\( t_{0} \\) 에서 연속이라는 것과 동치이다.</p> <p>\\( t_{0} \\in \\mathrm{I} \\) 에서 \\( F \\) 의 도함수 \\( F^{\\prime}\\left(t_{0}\\right) \\) 는 다음과 같이 정의된다.</p> <p>\\( F^{\\prime}\\left(t_{0}\\right)=\\lim _{t \\rightarrow t_{0}} \\frac{F(t)-F\\left(t_{0}\\right)}{t-t_{0}} \\)</p> <p>도함수가 존재할 때 우리는 \\( F \\)가 \\( t_{0} \\)에서 미분가능이라고 한다. 도함수도 정리 4.2를 이용하면, 각 \\( f_{i} \\)가 미분가능이고 \\( F^{\\prime}\\left(t_{0}\\right)=\\left(f_{1}^{\\prime}\\left(t_{0}\\right), f_{2}^{\\prime}\\left(t_{0}\\right), f_{3}^{\\prime}\\left(t_{0}\\right)\\right) \\)임을 알 수 있다. 그리고 도함수 \\( F^{\\prime}\\left(t_{0}\\right) \\) 는 점 \\( F\\left(t_{0}\\right) \\) 에서 벡터함수 \\( F \\) 가 만드는 곡선의 접선벡터가 된다.</p> <h2>예 4.5</h2> <p>\\( F(t)=(2 \\sin t, 2 \\cos t, t) \\)일 때, \\( F(0)=(0,2,0) \\)에서 접선을 구하기 위하여 도함수 \\( F^{\\prime}(t)=(2 \\cos t,-2 \\sin t, 1) \\)로부터 \\( (0,2,0) \\)에서 접선의 방향 \\( F^{\\prime}(0)=(2,0,1) \\) 을 얻는다. 그러므로 접선의 방정식은 \\( \\mathbf{x}(t)=(0,2,0)+t(2,0,1)=(2 t, 2, t) \\) 이다.</p> <h2>정리 4.6</h2> <p>벡터함수 \\( F=\\left(f_{1}, f_{2}, f_{3}\\right), G=\\left(g_{1}, g_{2}, g_{3}\\right) \\) 와 함수 \\( h \\) 가 \\( t_{0} \\) 에서 미분가능이면 다음이 성립한다.</p> <ol type=1 start=1><li>\\( (F \\pm G)^{\\prime}\\left(t_{0}\\right)=F^{\\prime}\\left(t_{0}\\right) \\pm G^{\\prime}\\left(t_{0}\\right) \\)</li> <li>\\( (h F)^{\\prime}\\left(t_{0}\\right)=h^{\\prime}\\left(t_{0}\\right) F\\left(t_{0}\\right)+h\\left(t_{0}\\right) F^{\\prime}\\left(t_{0}\\right) \\)</li> <li>\\( [F \\cdot G]^{\\prime}\\left(t_{0}\\right)=\\left[F^{\\prime}\\left(t_{0}\\right) \\cdot G\\left(t_{0}\\right)\\right]+\\left[F\\left(t_{0}\\right) \\cdot G^{\\prime}\\left(t_{0}\\right)\\right] \\)</li> <li>\\( [F \\times G]^{\\prime}\\left(t_{0}\\right)=\\left[F^{\\prime}\\left(t_{0}\\right) \\times G\\left(t_{0}\\right)\\right]+\\left[F\\left(t_{0}\\right) \\times G^{\\prime}\\left(t_{0}\\right)\\right] \\)</li> <li>\\( (F \\circ h)^{\\prime}\\left(t_{0}\\right)=F^{\\prime}\\left(h\\left(t_{0}\\right)\\right) h^{\\prime}\\left(t_{0}\\right) \\)</li></ol> <h3>증명</h3> <p>(1) \\( (F \\pm G)^{\\prime}\\left(t_{0}\\right) \\) \\( =\\left(\\left[f_{1} \\pm g_{1}\\right]^{\\prime}\\left(t_{0}\\right),\\left[f_{2} \\pm g_{2}\\right]^{\\prime}\\left(t_{0}\\right),\\left[f_{3} \\pm g_{3}\\right]^{\\prime}\\left(t_{0}\\right)\\right) \\) \\( =\\left(f_{1}^{\\prime}\\left(t_{0}\\right) \\pm g_{1}^{\\prime}\\left(t_{0}\\right), f_{2}^{\\prime}\\left(t_{0}\\right) \\pm g_{2}^{\\prime}\\left(t_{0}\\right), f_{3}^{\\prime}\\left(t_{0}\\right) \\pm g_{3}^{\\prime}\\left(t_{0}\\right)\\right) \\) \\( =\\left(f_{1}^{\\prime}\\left(t_{0}\\right), f_{2}^{\\prime}\\left(t_{0}\\right), f_{3}^{\\prime}\\left(t_{0}\\right)\\right) \\pm\\left(g_{1}^{\\prime}\\left(t_{0}\\right), g_{2}^{\\prime}\\left(t_{0}\\right), g_{3}^{\\prime}\\left(t_{0}\\right)\\right) \\) \\( =F^{\\prime}\\left(t_{0}\\right) \\pm G^{\\prime}\\left(t_{0}\\right) \\)</p> <p>(2) \\( (h F)^{\\prime}\\left(t_{0}\\right)=\\left(\\left[h f_{1}\\right]^{\\prime}\\left(t_{0}\\right),\\left[h f_{2}\\right]^{\\prime}\\left(t_{0}\\right),\\left[h f_{3}\\right]^{\\prime}\\left(t_{0}\\right)\\right) \\) \\( =\\left(h^{\\prime}\\left(t_{0}\\right) f_{1}\\left(t_{0}\\right)+h\\left(t_{0}\\right) f_{1}^{\\prime}\\left(t_{0}\\right), h^{\\prime}\\left(t_{0}\\right) f_{2}\\left(t_{0}\\right)+h\\left(t_{0}\\right) f_{2}^{\\prime}\\left(t_{0}\\right)\\right. \\), \\( \\left.h^{\\prime}\\left(t_{0}\\right) f_{3}\\left(t_{0}\\right)+h\\left(t_{0}\\right) f_{3}^{\\prime}\\left(t_{0}\\right)\\right) \\) \\( =h^{\\prime}\\left(t_{0}\\right)\\left(f_{1}\\left(t_{0}\\right), f_{2}\\left(t_{0}\\right), f_{3}\\left(t_{0}\\right)\\right)+h\\left(t_{0}\\right)\\left(f_{1}^{\\prime}\\left(t_{0}\\right), f_{2}^{\\prime}\\left(t_{0}\\right), f_{3}^{\\prime}\\left(t_{0}\\right)\\right) \\) \\( =h^{\\prime}\\left(t_{0}\\right) F\\left(t_{0}\\right)+h\\left(t_{0}\\right) F^{\\prime}\\left(t_{0}\\right) \\)</p> <p>(3) \\( (F \\cdot G)^{\\prime}\\left(t_{0}\\right)=\\left(f_{1} g_{1}+f_{2} g_{2}+f_{3} g_{3}\\right)^{\\prime}\\left(t_{0}\\right) \\) \\( =\\left[f_{1}^{\\prime}\\left(t_{0}\\right) g_{1}\\left(t_{0}\\right)+f_{2}^{\\prime}\\left(t_{0}\\right) g_{2}\\left(t_{0}\\right)+f_{3}^{\\prime}\\left(t_{0}\\right) g_{3}\\left(t_{0}\\right)\\right] \\) \\( +\\left[f_{1}\\left(t_{0}\\right) g_{1}^{\\prime}\\left(t_{0}\\right)+f_{2}\\left(t_{0}\\right) g_{2}^{\\prime}\\left(t_{0}\\right)+f_{3}\\left(t_{0}\\right) g_{3}^{\\prime}\\left(t_{0}\\right)\\right] \\) \\( =\\left[F^{\\prime}\\left(t_{0}\\right) \\cdot G\\left(t_{0}\\right)\\right]+\\left[F\\left(t_{0}\\right) \\cdot G^{\\prime}\\left(t_{0}\\right)\\right] \\)</p> <p>(4) \\( (F \\times G)^{\\prime}\\left(t_{0}\\right)=\\left(\\left[f_{2} g_{3}-f_{3} g_{2}\\right]^{\\prime}\\left(t_{0}\\right),\\left[f_{3} g_{1}-f_{1} g_{3}\\right]^{\\prime}\\left(t_{0}\\right)\\right. \\) \\( \\left.\\left[f_{1} g_{2}-f_{2} g_{1}\\right]^{\\prime}\\left(t_{0}\\right)\\right) \\) \\( =\\left(\\left[f_{2}^{\\prime} g_{3}+f_{2} g_{3}^{\\prime}\\right]\\left(t_{0}\\right),\\left[f_{3}^{\\prime} g_{1}+f_{3} g_{1}^{\\prime}\\right]\\left(t_{0}\\right),\\left[f_{1}^{\\prime} g_{2}+f_{1} g_{2}^{\\prime}\\right]\\left(t_{0}\\right)\\right) \\) \\( -\\left(\\left[f_{3}^{\\prime} g_{2}+f_{3} g_{2}^{\\prime}\\right]\\left(t_{0}\\right),\\left[f_{1}^{\\prime} g_{3}+f_{1} g_{3}^{\\prime}\\right]\\left(t_{0}\\right),\\left[f_{2}^{\\prime} g_{1}+f_{2} g_{1}^{\\prime}\\right]\\left(t_{0}\\right)\\right) \\) \\( =\\left(\\left[f_{2}^{\\prime} g_{3}-f_{3}^{\\prime} g_{2}\\right]\\left(t_{0}\\right),\\left[f_{3}^{\\prime} g_{1}-f_{1}^{\\prime} g_{3}\\right]\\left(t_{0}\\right),\\left[f_{1}^{\\prime} g_{2}-f_{2}^{\\prime} g_{1}\\right]\\left(t_{0}\\right)\\right) \\) \\( +\\left(\\left[f_{2} g_{3}^{\\prime}-f_{3} g_{2}^{\\prime}\\right]\\left(t_{0}\\right),\\left[f_{3} g_{1}^{\\prime}-f_{1} g_{3}^{\\prime}\\right]\\left(t_{0}\\right),\\left[f_{1} g_{2}^{\\prime}-f_{2} g_{1}^{\\prime}\\right]\\left(t_{0}\\right)\\right) \\) \\( =\\left[F^{\\prime}\\left(t_{0}\\right) \\times G\\left(t_{0}\\right)\\right]+\\left[F\\left(t_{0}\\right) \\times G^{\\prime}\\left(t_{0}\\right)\\right] \\)</p> <p>(5) \\( (F \\circ h)^{\\prime}\\left(t_{0}\\right)=\\left(\\left[f_{1} \\circ h\\right]^{\\prime}\\left(t_{0}\\right),\\left[f_{2} \\circ h\\right]^{\\prime}\\left(t_{0}\\right),\\left[f_{3} \\circ h\\right]^{\\prime}\\left(t_{0}\\right)\\right) \\) \\( =\\left(f_{1}^{\\prime}\\left(h\\left(t_{0}\\right)\\right) h^{\\prime}\\left(t_{0}\\right), f_{2}^{\\prime}\\left(h\\left(t_{0}\\right)\\right) h^{\\prime}\\left(t_{0}\\right), f_{3}^{\\prime}\\left(h\\left(t_{0}\\right)\\right) h^{\\prime}\\left(t_{0}\\right)\\right) \\) \\( =\\left(f_{1}^{\\prime}\\left(h\\left(t_{0}\\right)\\right), f_{2}^{\\prime}\\left(h\\left(t_{0}\\right)\\right), f_{3}^{\\prime}\\left(h\\left(t_{0}\\right)\\right)\\right) h^{\\prime}\\left(t_{0}\\right) \\) \\( =F^{\\prime}\\left(h\\left(t_{0}\\right)\\right) h^{\\prime}\\left(t_{0}\\right) \\)</p> <h2>정리 4.7</h2> <p>미분가능 벡터함수 \\( F \\)가 모든 \\( t \\in \\mathrm{I} \\)에 대해서 \\( |F(t)|=c,(c \\) 는 상수 \\( ) \\)이면 모든 \\( t \\in \\mathrm{I} \\) 에 대해서 \\( F(t) \\cdot F^{\\prime}(t)=0 \\) 이다.</p> <h3>증명</h3> <p>\\( F(t) \\cdot F(t)=|F(t)|^{2}=c^{2} \\) 에서 \\( 0=[F(t) \\cdot F(t)]^{\\prime}=F(t) \\cdot F^{\\prime}(t)+F^{\\prime}(t) \\cdot F(t) \\) \\( =2 F(t) \\cdot F^{\\prime}(t) \\)이다. 그러므로 \\( F(t) \\cdot F^{\\prime}(t)=0 \\) 이다.</p>",
                "context_length": 6972,
                "clue": [
                    {
                        "clue_text": "\\( t_{0} \\in \\mathrm{I} \\) 에서 \\( F \\) 의 도함수 \\( F^{\\prime}\\left(t_{0}\\right) \\) 는 다음과 같이 정의된다.",
                        "clue_start": "273",
                        "clue_end": "366"
                    },
                    {
                        "clue_text": "\\( F^{\\prime}\\left(t_{0}\\right)=\\lim _{t \\rightarrow t_{0}} \\frac{F(t)-F\\left(t_{0}\\right)}{t-t_{0}} \\)",
                        "clue_start": "374",
                        "clue_end": "477"
                    },
                    {
                        "clue_text": "그리고 도함수 \\( F^{\\prime}\\left(t_{0}\\right) \\) 는 점 \\( F\\left(t_{0}\\right) \\) 에서 벡터함수 \\( F \\) 가 만드는 곡선의 접선벡터가 된다.",
                        "clue_start": "735",
                        "clue_end": "843"
                    },
                    {
                        "clue_text": "미분가능 벡터함수 \\( F \\)가 모든 \\( t \\in \\mathrm{I} \\)에 대해서 \\( |F(t)|=c,(c \\) 는 상수 \\( ) \\)이면 모든 \\( t \\in \\mathrm{I} \\) 에 대해서 \\( F(t) \\cdot F^{\\prime}(t)=0 \\) 이다.",
                        "clue_start": "6592",
                        "clue_end": "6743"
                    },
                    {
                        "clue_text": "<ol type=1 start=1><li>\\( (F \\pm G)^{\\prime}\\left(t_{0}\\right)=F^{\\prime}\\left(t_{0}\\right) \\pm G^{\\prime}\\left(t_{0}\\right) \\)</li> <li>\\( (h F)^{\\prime}\\left(t_{0}\\right)=h^{\\prime}\\left(t_{0}\\right) F\\left(t_{0}\\right)+h\\left(t_{0}\\right) F^{\\prime}\\left(t_{0}\\right) \\)</li> <li>\\( [F \\cdot G]^{\\prime}\\left(t_{0}\\right)=\\left[F^{\\prime}\\left(t_{0}\\right) \\cdot G\\left(t_{0}\\right)\\right]+\\left[F\\left(t_{0}\\right) \\cdot G^{\\prime}\\left(t_{0}\\right)\\right] \\)</li> <li>\\( [F \\times G]^{\\prime}\\left(t_{0}\\right)=\\left[F^{\\prime}\\left(t_{0}\\right) \\times G\\left(t_{0}\\right)\\right]+\\left[F\\left(t_{0}\\right) \\times G^{\\prime}\\left(t_{0}\\right)\\right] \\)</li> <li>\\( (F \\circ h)^{\\prime}\\left(t_{0}\\right)=F^{\\prime}\\left(h\\left(t_{0}\\right)\\right) h^{\\prime}\\left(t_{0}\\right) \\)</li></ol>",
                        "clue_start": "1270",
                        "clue_end": "2062"
                    }
                ],
                "terminology": [
                    {
                        "word": "도함수"
                    },
                    {
                        "word": "동치"
                    },
                    {
                        "word": "미분가능"
                    },
                    {
                        "word": "방정식"
                    },
                    {
                        "word": "벡터함수"
                    },
                    {
                        "word": "상수"
                    },
                    {
                        "word": "연속"
                    },
                    {
                        "word": "접선"
                    },
                    {
                        "word": "접선벡터"
                    },
                    {
                        "word": "접선의 방정식"
                    },
                    {
                        "word": "좌표함수"
                    },
                    {
                        "word": "함수"
                    }
                ]
            },
            {
                "context_id": "55e-0c9-9487eb69-6f47-4d28-8405-f1433b8332f1",
                "context_K-NSCC": {
                    "field": "자연",
                    "large_category": "NA",
                    "medium_category": "02"
                },
                "context": "<p>정규직교기저는 이러한 유용한 성질을 갖고 있기 때문에 기하학에서 많이 사용된다. 앞 절에서 우리는 벡터 사이의 첫 번째 곱으로 내적에 대해서 알아보았다. 이제 또 다른 곱인 외적에 대해서 알아보자.</p> <h2>정의 2.3</h2> <p>벡터 \\( \\mathbf{v}=\\left(v_{1}, v_{2}, v_{3}\\right), \\mathrm{w}=\\left(w_{1}, w_{2}, w_{3}\\right) \\) 의 외적(cross product) \\( \\mathrm{v} \\times \\mathrm{w} \\) 를 다음과 같이 정의한다.</p> <p>\\( \\mathbf{v} \\times \\mathbf{w}=\\left(v_{2} w_{3}-v_{3} w_{2}, v_{3} w_{1}-v_{1} w_{3}, v_{1} w_{2}-v_{2} w_{1}\\right) \\)</p> <p>내적과 외적의 중요한 차이는 두 벡터의 내적은 실수이지만 외적은 벡터라는 것이다. 다음 정리는 벡터의 외적의 성질을 이해하는데 중요한 역할을 한다.</p> <h2>정리 2.4</h2> <ol type=1 start=1><li>\\( \\mathbf{v} \\times \\mathbf{w}=\\left|\\begin{array}{lll}\\mathbf{e}_{1} & \\mathrm{e}_{2} & \\mathrm{e}_{3} \\\\ v_{1} & v_{2} & v_{3} \\\\ w_{1} & w_{2} & w_{3}\\end{array}\\right| \\)</li> <li>\\( \\mathbf{u} \\cdot(\\mathbf{v} \\times \\mathbf{w})=\\left|\\begin{array}{lll}u_{1} & u_{2} & u_{3} \\\\ v_{1} & v_{2} & v_{3} \\\\ w_{1} & w_{2} & w_{3}\\end{array}\\right|=D(\\mathbf{u}, \\mathbf{v}, \\mathbf{w}) \\)</li> <li>\\( (\\mathrm{v} \\times \\mathrm{w}) \\perp \\mathrm{v}, \\mathrm{w} \\)</li> <li>\\( \\mathbf{v} \\times \\mathbf{w}=-\\mathbf{w} \\times \\mathbf{v}, \\quad \\mathbf{v} \\times \\mathbf{v}=(0,0,0) \\)</li> <li>\\( (\\mathbf{u}+\\mathbf{v}) \\times \\mathbf{w}=(\\mathbf{u} \\times \\mathbf{w})+(\\mathbf{v} \\times \\mathbf{w}), \\quad(a \\mathbf{v}) \\times \\mathbf{w}=a(\\mathbf{v} \\times \\mathbf{w}) \\)</li> <li>\\( \\mathbf{v} \\times \\mathbf{w} \\neq(0,0,0) \\) 이면 \\( \\{\\mathbf{v}, \\mathbf{w}, \\mathbf{v} \\times \\mathbf{w}\\} \\) 는 양의 방향 기저이다.</li></ol> <h3>증명</h3> <p>(1) \\( v \\times w \\) \\( =\\left(v_{2} w_{3}-v_{3} w_{2}\\right) \\mathbf{e}_{1}+\\left(v_{3} w_{1}-v_{1} w_{3}\\right) \\mathbf{e}_{2}+\\left(v_{1} w_{2}-v_{2} w_{1}\\right) \\mathbf{e}_{3} \\) \\( =\\left|\\begin{array}{ll}v_{2} & v_{3} \\\\ w_{2} & w_{3}\\end{array}\\right| \\mathbf{e}_{1}-\\left|\\begin{array}{ll}v_{1} & v_{3} \\\\ w_{1} & w_{3}\\end{array}\\right| \\mathbf{e}_{2}+\\left|\\begin{array}{ll}v_{1} & v_{2} \\\\ w_{1} & w_{2}\\end{array}\\right| \\mathbf{e}_{3}=\\left|\\begin{array}{ccc}\\mathrm{e}_{1} & \\mathrm{e}_{2} & \\mathrm{e}_{3} \\\\ v_{1} & v_{2} & v_{3} \\\\ w_{1} & w_{2} & w_{3}\\end{array}\\right| \\)</p> <p>(2) \\( u \\cdot(\\mathrm{v} \\times \\mathrm{w}) \\) \\( =u_{1}\\left(v_{2} w_{3}-v_{3} w_{2}\\right)+u_{2}\\left(v_{3} w_{1}-v_{1} w_{3}\\right)+u_{3}\\left(v_{1} w_{2}-v_{2} w_{1}\\right) \\) \\( =D(\\mathrm{u}, \\mathrm{v}, \\mathrm{w}) \\)</p> <p>(3) 행렬식의 두 행이 같으면 0 이므로 \\( \\mathrm{v} \\cdot(\\mathrm{v} \\times \\mathrm{w})=D(\\mathrm{v}, \\mathrm{v}, \\mathrm{w})=0, \\mathrm{w} \\cdot(\\mathrm{v} \\times \\mathrm{w})=D(\\mathrm{w}, \\mathrm{v}, \\mathrm{w})=0 \\) 이다. 따라서 \\( (\\mathrm{v} \\times \\mathrm{w}) \\perp \\mathrm{v}, \\mathrm{w} \\) 이다.</p> <p>(4)와 (5)는 행렬식의 성질에 의해서 명백하다.</p> <p>(6) \\( D(\\mathbf{v}, \\mathbf{w}, \\mathbf{v} \\times \\mathbf{w})=D(\\mathbf{v} \\times \\mathbf{w}, \\mathbf{v}, \\mathbf{w}) \\) \\( =(\\mathbf{v} \\times \\mathbf{w}) \\cdot(\\mathbf{v} \\times \\mathbf{w})=|\\mathbf{v} \\times \\mathbf{w}|^{2}>0 \\) 이므로 \\( \\{\\mathbf{v}, \\mathbf{w}, \\mathbf{v} \\times \\mathbf{w}\\} \\) 는 양의 방향 기저이다.</p>",
                "context_length": 2977,
                "clue": [
                    {
                        "clue_text": "벡터 \\( \\mathbf{v}=\\left(v_{1}, v_{2}, v_{3}\\right), \\mathrm{w}=\\left(w_{1}, w_{2}, w_{3}\\right) \\) 의 외적(cross product) \\( \\mathrm{v} \\times \\mathrm{w} \\) 를 다음과 같이 정의한다.",
                        "clue_start": "137",
                        "clue_end": "304"
                    },
                    {
                        "clue_text": "\\( \\mathbf{v} \\times \\mathbf{w}=\\left(v_{2} w_{3}-v_{3} w_{2}, v_{3} w_{1}-v_{1} w_{3}, v_{1} w_{2}-v_{2} w_{1}\\right) \\)",
                        "clue_start": "312",
                        "clue_end": "433"
                    },
                    {
                        "clue_text": "내적과 외적의 중요한 차이는 두 벡터의 내적은 실수이지만 외적은 벡터라는 것이다.",
                        "clue_start": "441",
                        "clue_end": "486"
                    },
                    {
                        "clue_text": "\\( (\\mathbf{u}+\\mathbf{v}) \\times \\mathbf{w}=(\\mathbf{u} \\times \\mathbf{w})+(\\mathbf{v} \\times \\mathbf{w}), \\quad(a \\mathbf{v}) \\times \\mathbf{w}=a(\\mathbf{v} \\times \\mathbf{w}) \\)",
                        "clue_start": "1159",
                        "clue_end": "1339"
                    },
                    {
                        "clue_text": "\\( \\mathbf{v} \\times \\mathbf{w} \\neq(0,0,0) \\) 이면 \\( \\{\\mathbf{v}, \\mathbf{w}, \\mathbf{v} \\times \\mathbf{w}\\} \\) 는 양의 방향 기저이다.",
                        "clue_start": "1349",
                        "clue_end": "1475"
                    }
                ],
                "terminology": [
                    {
                        "word": "기저"
                    },
                    {
                        "word": "기하학"
                    },
                    {
                        "word": "내적"
                    },
                    {
                        "word": "벡터"
                    },
                    {
                        "word": "성질"
                    },
                    {
                        "word": "실수"
                    },
                    {
                        "word": "양의 방향 기저"
                    },
                    {
                        "word": "외적"
                    },
                    {
                        "word": "정규직교기저"
                    },
                    {
                        "word": "행렬식"
                    }
                ]
            },
            {
                "context_id": "55e-0c9-ddb91a01-b0c5-4c73-be9b-3ad967051b59",
                "context_K-NSCC": {
                    "field": "자연",
                    "large_category": "NA",
                    "medium_category": "02"
                },
                "context": "<p>내적과 행렬식의 성질에 의해서 \\( \\mathrm{u} \\cdot(\\mathrm{v} \\times \\mathrm{w})=D(\\mathrm{u}, \\mathrm{v}, \\mathrm{w})=D(\\mathrm{w}, \\mathrm{u}, \\mathrm{v})=\\mathrm{w} \\cdot(\\mathrm{u} \\times \\mathrm{v})=(\\mathrm{u} \\times \\mathrm{v}) \\cdot \\mathrm{w} \\)이다. 즉, \\( \\mathrm{u} \\cdot(\\mathrm{v} \\times \\mathrm{w}) \\) 는 ' \\( \\cdot, \\times \\) '의 순서는 관계없고 \\( \\mathrm{u}, \\mathrm{v}, \\mathrm{w} \\)의 순서에 의해서 결정된다. 그러므로 내적과 외적이 혼합된 곱을 \\( \\mathrm{u} \\cdot(\\mathrm{v} \\times \\mathrm{w})=[\\mathrm{u}, \\mathrm{v}, \\mathrm{w}] \\) 로 적고 이를 \\( \\mathrm{u}, \\mathrm{v}, \\mathrm{w} \\) 의 스칼라 삼중적이라고 한다.</p> <p>정리 2.4의 (3)과 (6)에 의해서 \\( \\mathrm{v} \\times \\mathrm{w} \\) 의 방향은 \\( \\mathrm{v}, \\mathrm{w} \\) 와 동시에 수직이면서(이 경우 2 가지 방향이 가능하다) \\( \\{\\mathbf{v}, \\mathbf{w}, \\mathbf{v} \\times \\mathbf{w}\\} \\) 가 양의 방향이 되는 방향이다. 이제 \\( |\\mathbf{v} \\times \\mathbf{w}| \\) 만 알면 \\( \\mathbf{v} \\times \\mathbf{w} \\) 의 기하학적 설명이 가능하다.</p> <p>\\( |\\mathrm{v} \\times \\mathrm{w}|^{2}=(\\mathrm{v} \\times \\mathrm{w}) \\cdot(\\mathrm{v} \\times \\mathrm{w}) \\) \\( =\\left(v_{2} w_{3}-v_{3} w_{2}\\right)^{2}+\\left(v_{3} w_{1}-v_{1} w_{3}\\right)^{2}+\\left(v_{1} w_{2}-v_{2} w_{1}\\right)^{2} \\) \\( \\begin{aligned}=& v_{2}^{2} w_{3}^{2}+v_{3}^{2} w_{2}^{2}+v_{3}^{2} w_{1}^{2}+v_{1}^{2} w_{3}^{2}+v_{1}^{2} w_{2}^{2}+v_{2}^{2} w_{1}^{2}-2\\left(v_{2} w_{3} v_{3} w_{2}+v_{3} w_{1} v_{1} w_{3}+v_{1} w_{2} v_{2} w_{1}\\right) \\end{aligned} \\) \\( =\\left(v_{1}^{2}+v_{2}^{2}+v_{3}^{2}\\right)\\left(w_{1}^{2}+w_{2}^{2}+w_{3}^{2}\\right)-\\left(v_{1} w_{1}+v_{2} w_{2}+v_{3} w_{3}\\right)^{2} \\) \\( =|\\mathrm{v}|^{2}|\\mathrm{w}|^{2}-(\\mathrm{v} \\cdot \\mathrm{w})^{2}=|\\mathrm{v}|^{2}|\\mathrm{w}|^{2}-\\left.\\left.|\\mathrm{v}|^{2}\\right|_{\\mathrm{w}}\\right|^{2} \\cos ^{2} \\theta \\) \\( =|\\mathrm{v}|^{2}|\\mathrm{w}|^{2} \\sin ^{2} \\theta \\)이므로 \\( |\\mathbf{v} \\times \\mathbf{w}|=|\\mathbf{v}||\\mathbf{w}| \\sin \\theta \\) 이다. 이것은 두 벡터 \\( \\mathbf{v}, \\mathbf{w} \\) 가 만드는 평행사변형의 넓이임을 다음 그림에서 알 수 있다.</p> <p>평면에서 원점과 두 점 \\( P_{1}\\left(a_{1}, b_{1}\\right), P_{2}\\left(a_{2}, b_{2}\\right) \\) 가 만드는 삼각형의 면적은 두 벡터 \\( \\left(a_{1}, b_{1}, 0\\right),\\left(a_{2}, b_{2}, 0\\right) \\) 가 만드는 평행사변형의 면적의 절반이므로 삼각형의 면적은 \\( \\frac{1}{2}\\left|\\left(a_{1}, b_{1}, 0\\right) \\times\\left(a_{2}, b_{2}, 0\\right)\\right|=\\frac{1}{2}\\left|a_{1} b_{2}-a_{2} b_{1}\\right| \\)이다.</p> <p>외적의 성질을 이용하면 다음 정리를 얻을 수 있다.</p> <h2>정리 2.5</h2> <p>\\( \\{\\mathbf{u}, \\mathbf{v}, \\mathbf{w}\\} \\) 가 양의 방향 정규직교기저이면 \\( u \\times v=w, v \\times w=u, w \\times u=v \\)이다.</p> <h3>증명</h3> <p>\\( \\{\\mathrm{u}, \\mathrm{v}, \\mathrm{w}\\} \\) 가 양의 방향 정규직교기저이므로 \\( \\mathrm{u}, \\mathrm{v} \\) 에 수직인 단위벡터는 \\( \\pm w \\) 뿐이다.</p> <p>\\( |\\mathrm{u} \\times \\mathrm{v}|=|\\mathrm{u}||\\mathrm{v}| \\sin \\frac{\\pi}{2}=1 \\), 이고 \\( \\{\\mathrm{u}, \\mathrm{v}, \\mathrm{u} \\times \\mathrm{v}\\} \\) 가 양의 방향이므로 \\( \\mathrm{u} \\times \\mathrm{v}=\\mathrm{w} \\) 이다. 그리고 \\( \\{\\mathrm{v}, \\mathrm{w}, \\mathrm{u}\\}\\),\\(\\{\\mathrm{w}, \\mathrm{u}, \\mathrm{v}\\} \\) 도 양의 방향 정규직교기저이므로 나머지도 성립한다.</p>",
                "context_length": 2911,
                "clue": [
                    {
                        "clue_text": "즉, \\( \\mathrm{u} \\cdot(\\mathrm{v} \\times \\mathrm{w}) \\) 는 ' \\( \\cdot, \\times \\) '의 순서는 관계없고 \\( \\mathrm{u}, \\mathrm{v}, \\mathrm{w} \\)의 순서에 의해서 결정된다. 그러므로 내적과 외적이 혼합된 곱을 \\( \\mathrm{u} \\cdot(\\mathrm{v} \\times \\mathrm{w})=[\\mathrm{u}, \\mathrm{v}, \\mathrm{w}] \\) 로 적고 이를 \\( \\mathrm{u}, \\mathrm{v}, \\mathrm{w} \\) 의 스칼라 삼중적이라고 한다.",
                        "clue_start": "247",
                        "clue_end": "570"
                    },
                    {
                        "clue_text": "정리 2.4의 (3)과 (6)에 의해서 \\( \\mathrm{v} \\times \\mathrm{w} \\) 의 방향은 \\( \\mathrm{v}, \\mathrm{w} \\) 와 동시에 수직이면서(이 경우 2 가지 방향이 가능하다) \\( \\{\\mathbf{v}, \\mathbf{w}, \\mathbf{v} \\times \\mathbf{w}\\} \\) 가 양의 방향이 되는 방향이다. 이제 \\( |\\mathbf{v} \\times \\mathbf{w}| \\) 만 알면 \\( \\mathbf{v} \\times \\mathbf{w} \\) 의 기하학적 설명이 가능하다.",
                        "clue_start": "578",
                        "clue_end": "879"
                    }
                ],
                "terminology": [
                    {
                        "word": "단위벡터"
                    },
                    {
                        "word": "벡터"
                    },
                    {
                        "word": "삼중적"
                    },
                    {
                        "word": "스칼라"
                    },
                    {
                        "word": "스칼라 삼중적"
                    },
                    {
                        "word": "외적"
                    },
                    {
                        "word": "정규직교기저"
                    },
                    {
                        "word": "행렬식"
                    }
                ]
            },
            {
                "context_id": "55e-0c9-be217ce0-d8a8-4944-a1cd-d2c94c5a8c96",
                "context_K-NSCC": {
                    "field": "자연",
                    "large_category": "NA",
                    "medium_category": "02"
                },
                "context": "<p>내적 \\( \\mathrm{v} \\cdot \\mathrm{w} \\) 의 정의는 계산이 간편하지만 벡터 \\( \\mathrm{v}, \\mathrm{w} \\) 에 관한 기하학적인 정보는 거의 없다. 벡터의 내적이 갖고 있는 기하학적인 의미를 알아보기 위하여 \\( \\mathrm{v}\\), \\(\\mathrm{w} \\)가 만드는 각을 \\( \\theta \\)라고 하면, 다음 그림에서 보는 것과 같이 \\( \\mathrm{v}\\), \\(\\mathrm{w}\\), \\(\\mathrm{w}-\\mathrm{v} \\)는 삼각형의 각 변을 나타낸다.</p> <p>이 삼각형에 대하여 cosine 법칙을 이용하면</p> <p>\\( \\begin{aligned}|\\mathrm{w}-\\mathrm{v}|^{2} &=|\\mathrm{v}|^{2}+|\\mathrm{w}|^{2}-2|\\mathrm{v}||\\mathrm{w}| \\cos \\theta \\\\|\\mathrm{w}-\\mathrm{v}|^{2} &=(\\mathrm{w}-\\mathrm{v}) \\cdot(\\mathrm{w}-\\mathrm{v}) \\\\ &=(\\mathrm{w} \\cdot \\mathrm{w})-2(\\mathrm{v} \\cdot \\mathrm{w})+(\\mathrm{v} \\cdot \\mathrm{v}) \\\\ &=|\\mathrm{v}|^{2}+|\\mathrm{w}|^{2}-2(\\mathrm{v} \\cdot \\mathrm{w}) \\end{aligned} \\)</p> <p>이므로 \\( \\mathrm{v} \\cdot \\mathrm{w}=|\\mathrm{v}||\\mathrm{w}| \\cos \\theta \\) 임을 알 수 있다.</p> <p>이 등식은 계산은 어렵지만 두 벡터의 사이각과 같은 기하학적인 정보를 포함하고 있다. 만약 두 벡터가 수직이면, 즉 \\( \\theta=\\frac{\\pi}{2} \\)이면 \\( \\mathrm{v} \\cdot \\mathrm{w}=|\\mathrm{v}||\\mathrm{w}| \\cos \\frac{\\pi}{2}=0 \\)이다. 따라서 영벡터가 아닌 두 벡터가 수직일 조건은 그들의 '내적이 0 '인 것이다.</p> <h2>예 1.4</h2> <p>(1) \\( \\mathrm{v}=(1,-2,4) \\), \\( \\mathrm{w}=(-2,4,-8) \\) 이면 \\( \\mathrm{v} \\cdot \\mathrm{w}=1 \\cdot(-2)+(-2) \\cdot 4+4 \\cdot(-8)=-42\\) 이고, \\( (-2,4,-8)=-2(1,-2,4) \\)이므로 \\( \\mathrm{v} / / \\mathrm{w} \\) 이다.</p> <p>(2) \\( \\mathrm{v}=(1,-2,4), \\mathrm{w}=(2,3,1) \\) 이면 \\(\\mathrm{v} \\cdot \\mathrm{w}=1 \\cdot 2+(-2) \\cdot 3+4 \\cdot 1=0\\) 이므로 \\( \\mathrm{v} \\perp \\mathrm{w} \\) 이다.</p> <p>내적의 계산에서 \\( |\\mathrm{w}| \\cos \\theta \\)는 다음 그림에서 보는 것처럼 \\( \\mathrm{w} \\)를 \\( \\mathrm{v} \\)에 사영시킨 벡터의 길이이다. \\( \\mathrm{v} \\neq(0,0,0) \\) 일 때, 길이가 \\( |\\mathrm{w}| \\cos \\theta \\) 이고 방향이 \\( \\mathrm{v} \\) 인 벡터를 \\( \\mathrm{v} \\) 의 \\( \\mathrm{w} \\) 에 대한 사영이라 하고 \\( \\mathrm{P}_{\\mathrm{v}}(\\mathrm{w}) \\) 로 적는다. 여기서 \\( \\frac{\\pi}{2}<\\theta \\leq \\pi \\) 이면 \\( |\\mathrm{w}| \\cos \\theta<0 \\) 인데, 길이가 음수라는 것은 방향이 반대임을 의미한다. \\( \\mathrm{P}_{\\mathrm{v}}(\\mathrm{w}) \\) 를 \\( \\mathrm{v} \\), \\(\\mathrm{w} \\) 로 표현하면 \\( \\mathrm{P}_{\\mathrm{v}}(\\mathrm{w})=(|\\mathrm{w}| \\cos \\theta) \\frac{\\mathrm{v}}{|\\mathrm{v}|}=\\frac{|\\mathrm{v}||\\mathrm{w}| \\cos \\theta}{|\\mathrm{v}|^{2}} \\mathrm{v}=\\frac{\\mathrm{v} \\cdot \\mathrm{w}}{|\\mathrm{v}|^{2}} \\mathrm{v} \\) 이다. 이 식을 이용하면 \\( P_{-v}(w)=\\frac{-v \\cdot w}{|-v|^{2}}(-v)=\\frac{v \\cdot w}{|v|^{2}} v=P_{v}(w) \\)이다.</p> <h2>예 1.5</h2> <p>벡터 \\( \\mathrm{v}=(1,-2,4), \\mathrm{w}=(-1,3,2) \\) 에 대해서 \\( \\mathrm{v} \\cdot \\mathrm{w}=1,|\\mathrm{v}|=\\sqrt{21},|\\mathrm{w}|=\\sqrt{14} \\) 이므로 \\( \\mathrm{P}_{\\mathrm{v}}(\\mathrm{w})=\\frac{1}{21}(1,-2,4)=\\left(\\frac{1}{21},-\\frac{2}{21}, \\frac{4}{21}\\right) \\) \\( \\mathrm{P}_{\\mathrm{w}}(\\mathrm{v})=\\frac{1}{14}(-1,3,2)=\\left(-\\frac{1}{14}, \\frac{3}{14}, \\frac{1}{7}\\right) \\)이다.</p> <p>앞의 예에서 일반적으로 \\( \\mathrm{P}_{\\mathrm{v}}(\\mathrm{w}) \\neq \\mathrm{P}_{\\mathrm{w}}(\\mathrm{v}) \\) 임을 보았는데 등식이 성립할 경우는 아주 제한된다. 실제로 \\( \\mathrm{v} \\cdot \\mathrm{w}=0 \\) 이면 \\( P_{\\mathrm{v}}(\\mathrm{w})=\\frac{\\mathrm{v} \\cdot \\mathrm{w}}{|\\mathrm{v}|^{2}} \\mathrm{v}=(0,0,0)=\\frac{\\mathrm{w} \\cdot \\mathrm{v}}{|\\mathrm{w}|^{2}} \\mathrm{w}=\\mathrm{P}_{\\mathrm{w}}(\\mathrm{v}) \\) 이고, \\( \\mathrm{v} \\cdot \\mathrm{w} \\neq 0 \\) 이면 \\( P_{v}(w)=P_{w}(v) \\Leftrightarrow \\frac{v \\cdot w}{|v|^{2}} v=\\frac{w \\cdot v}{|w|^{2}} w \\) \\( \\Leftrightarrow \\frac{\\mathrm{v}}{|\\mathrm{v}|^{2}}=\\frac{\\mathrm{w}}{|\\mathrm{w}|^{2}} \\) \\( \\Leftrightarrow \\mathrm{v}, \\mathrm{w} \\) 는 같은 방향이고 \\( \\frac{1}{|\\mathrm{v}|}=\\frac{1}{|\\mathrm{w}|} \\) \\( \\Leftrightarrow \\mathrm{v}=\\mathrm{w} \\)이다. 그러므로 \\( P_{v}(w)=P_{w}(v) \\Leftrightarrow v=w \\), 또는 \\( v \\cdot w=0 \\) 이다.</p>",
                "context_length": 3538,
                "clue": [
                    {
                        "clue_text": "벡터의 내적이 갖고 있는 기하학적인 의미를 알아보기 위하여 \\( \\mathrm{v}\\), \\(\\mathrm{w} \\)가 만드는 각을 \\( \\theta \\)라고 하면, 다음 그림에서 보는 것과 같이 \\( \\mathrm{v}\\), \\(\\mathrm{w}\\), \\(\\mathrm{w}-\\mathrm{v} \\)는 삼각형의 각 변을 나타낸다.",
                        "clue_start": "110",
                        "clue_end": "296"
                    },
                    {
                        "clue_text": "이므로 \\( \\mathrm{v} \\cdot \\mathrm{w}=|\\mathrm{v}||\\mathrm{w}| \\cos \\theta \\) 임을 알 수 있다.",
                        "clue_start": "733",
                        "clue_end": "818"
                    },
                    {
                        "clue_text": "이 등식은 계산은 어렵지만 두 벡터의 사이각과 같은 기하학적인 정보를 포함하고 있다.",
                        "clue_start": "826",
                        "clue_end": "873"
                    },
                    {
                        "clue_text": "만약 두 벡터가 수직이면, 즉 \\( \\theta=\\frac{\\pi}{2} \\)이면 \\( \\mathrm{v} \\cdot \\mathrm{w}=|\\mathrm{v}||\\mathrm{w}| \\cos \\frac{\\pi}{2}=0 \\)이다.",
                        "clue_start": "874",
                        "clue_end": "1002"
                    }
                ],
                "terminology": [
                    {
                        "word": "cosine 법칙"
                    },
                    {
                        "word": "내적"
                    },
                    {
                        "word": "벡터"
                    },
                    {
                        "word": "사영"
                    },
                    {
                        "word": "영벡터"
                    }
                ]
            },
            {
                "context_id": "55e-0c9-aa76d085-6476-45e4-af74-eafc07ae5be0",
                "context_K-NSCC": {
                    "field": "자연",
                    "large_category": "NA",
                    "medium_category": "02"
                },
                "context": "<h1>1.3 직선과 평면의 방정식</h1> <p>주어진 벡터 \\( \\mathrm{v}=\\left(v_{1}, v_{2}, v_{3}\\right) \\neq(0,0,0) \\) 에 평행이고 \\( \\mathrm{u}=\\left(u_{1}, u_{2}, u_{3}\\right) \\) 를 지나는 직선 \\( l \\) 의 방정식을 구하여 보자. \\( l \\)상의 점 \\( \\mathbf{x}=(x, y, z) \\) 를 잡으면 \\( \\mathbf{x}-\\mathrm{u} \\)는 \\( \\mathbf{v} \\)와 평행이므로, 적당한 실수 \\( t \\) 에 대하여 \\( \\mathrm{x}-\\mathrm{u}=t \\mathrm{v} \\) 이다. 그러므로 직선의 벡터방정식은 \\( \\mathrm{x}=\\mathrm{u}+t \\mathrm{v}, t \\in \\mathrm{R} \\)로 나타낼 수 있다. 이 방정식을 좌표로 표현하면 \\( (x, y, z)=\\left(u_{1}, u_{2}, u_{3}\\right)+t\\left(v_{1}, v_{2}, v_{3}\\right) \\) \\( =\\left(u_{1}+t v_{1}, u_{2}+t v_{2}, u_{3}+t v_{3}\\right) \\) \\( \\Rightarrow x=u_{1}+t v_{1}, y=u_{2}+t v_{2}, z=u_{3}+t v_{3} \\)라는 매개방정식을 얻고, 이로부터 \\( x-u_{1}=t v_{1}, y-u_{2}=t v_{2}, z-u_{3}=t v_{3} \\) \\( \\Rightarrow \\frac{x-u_{1}}{v_{1}}=\\frac{y-u_{2}}{v_{2}}=\\frac{z-u_{3}}{v_{3}} \\)라는 직교방정식을 얻는다.</p> <h2>예 3.1</h2> <p>\\( (2,-1,3) \\) 에 평행이고 \\( (3,1,-2) \\) 를 지나는 직선의 벡터방정식은 \\( \\mathrm{x}=(3,1,-2)+t(2,-1,3)=(3+2 t, 1-t,-2+3 t) \\)이고 매개방정식과 직교방정식은 \\( x=3+2 t, y=1-t, z=-2+3 t \\), \\( \\frac{x-3}{2}=\\frac{y-1}{-1}=\\frac{z+2}{3} \\)이다.</p> <h2>정리 3.2</h2> <p>\\( \\mathrm{v}=\\left(v_{1}, v_{2}, v_{3}\\right) \\neq(0,0,0) \\)에 평행이고 \\( P_{0}\\left(x_{0}, y_{0}, z_{0}\\right) \\)를 지나는 직선 \\( l \\)에 대해서 점 \\( P_{1}\\left(x_{1}, y_{1}, z_{1}\\right) \\) 에서 \\( l \\)까지 거리 \\( d \\)는 다음과 같다.</p> <p>\\( d=\\frac{\\left|\\mathrm{v} \\times \\overrightarrow{P_{0} P_{1}}\\right|}{|\\mathrm{v}|} \\)</p> <h3>증명</h3> <p>다음 그림에서 \\( d=\\left|\\overrightarrow{P_{0} P_{1}}\\right| \\sin \\theta=\\frac{|\\mathbf{v}|\\left|\\overrightarrow{P_{0} P_{1}}\\right| \\sin \\theta}{|\\mathrm{v}|}=\\frac{\\left|\\mathbf{v} \\times \\overrightarrow{P_{0} P_{1}}\\right|}{|\\mathrm{v}|} \\)이다.</p> <h2>예 3.3</h2> <p>\\( (1,-2,2) \\) 에 평행이고 \\( (2,1,0) \\) 를 지나는 직선의 매개방정식은 \\( x=2+t, y=1-2 t, z=2 t \\)이고 점 \\( (3,1,-2) \\) 에서 이 직선까지 거리 \\( d \\) 는 \\( \\overrightarrow{P_{0} P_{1}}=(3,1,-2)-(2,1,0)=(1,0,-2) \\) \\( \\Rightarrow \\mathrm{v} \\times \\overrightarrow{P_{0} P_{1}}=(1,-2,2) \\times(1,0,-2)=(4,4,2) \\) \\( \\Rightarrow d=\\frac{|(1,-2,2) \\times(1,0,-2)|}{|(1,-2,2)|}=2 \\)이다.</p> <h2>예 3.4</h2> <p>\\( \\mathrm{u} \\neq \\mathrm{v} \\) 일 때, \\( \\mathrm{u}, \\mathrm{v} \\) 를 지나는 직선의 방정식을 구하여 보자. \\( \\mathrm{u} \\neq \\mathrm{v} \\)이므로 \\( \\mathrm{v}-\\mathrm{u} \\neq(0,0,0) \\)이고, 이 벡터는 구하는 직선에 평행임을 다음 그림에서 알 수 있다. 그리고 이 직선은 \\( u \\) 를 지나므로 직선의 벡터방정식은 \\( \\mathrm{x}=\\mathrm{u}+t(\\mathrm{v}-\\mathrm{u})=(1-t) \\mathrm{u}+t \\mathrm{v} \\)이다.</p> <p>\\( \\mathrm{u}, \\mathrm{v} \\) 를 지나는 직선 \\( \\mathrm{x}=(1-t) \\mathrm{u}+t \\mathrm{v} \\) 에서 \\( \\mathrm{v}-\\mathrm{u} \\) 의 길이를 고려하면 \\( t \\) 값에 따른 벡터 \\( \\mathrm{x}=(1-t) \\mathrm{u}+t \\mathrm{v} \\) 의 직선에서 위치는 그림에서 보는 것과 같이 \\( t<0 \\) 일 때 \\( \\mathrm{u} \\) 까지의 점, \\( t=0 \\) 일 때 \\( u \\),\\( 0<t<1 \\) 일 때 \\( \\mathrm{u}, \\mathrm{v} \\) 사이의 점, \\( t=1 \\) 일 때 \\( \\mathbf{v} \\), \\( t>1 \\) 일 때 \\( \\mathrm{v} \\) 다음의 점임을 알 수 있다. 그리고 \\( u, v \\) 를 잇는 선분을 집합으로 표시하면 \\( \\{(1-t) \\mathbf{u}+t \\mathbf{v} \\mid 0 \\leq t \\leq 1\\} \\)이다.</p>",
                "context_length": 2899,
                "clue": [
                    {
                        "clue_text": "주어진 벡터 \\( \\mathrm{v}=\\left(v_{1}, v_{2}, v_{3}\\right) \\neq(0,0,0) \\) 에 평행이고 \\( \\mathrm{u}=\\left(u_{1}, u_{2}, u_{3}\\right) \\) 를 지나는 직선 \\( l \\) 의 방정식을 구하여 보자.",
                        "clue_start": "28",
                        "clue_end": "185"
                    },
                    {
                        "clue_text": "\\( l \\)상의 점 \\( \\mathbf{x}=(x, y, z) \\) 를 잡으면 \\( \\mathbf{x}-\\mathrm{u} \\)는 \\( \\mathbf{v} \\)와 평행이므로, 적당한 실수 \\( t \\) 에 대하여 \\( \\mathrm{x}-\\mathrm{u}=t \\mathrm{v} \\) 이다.",
                        "clue_start": "186",
                        "clue_end": "350"
                    },
                    {
                        "clue_text": "그러므로 직선의 벡터방정식은 \\( \\mathrm{x}=\\mathrm{u}+t \\mathrm{v}, t \\in \\mathrm{R} \\)로 나타낼 수 있다.",
                        "clue_start": "351",
                        "clue_end": "436"
                    },
                    {
                        "clue_text": "이 방정식을 좌표로 표현하면 \\( (x, y, z)=\\left(u_{1}, u_{2}, u_{3}\\right)+t\\left(v_{1}, v_{2}, v_{3}\\right) \\) \\( =\\left(u_{1}+t v_{1}, u_{2}+t v_{2}, u_{3}+t v_{3}\\right) \\) \\( \\Rightarrow x=u_{1}+t v_{1}, y=u_{2}+t v_{2}, z=u_{3}+t v_{3} \\)라는 매개방정식을 얻고, 이로부터 \\( x-u_{1}=t v_{1}, y-u_{2}=t v_{2}, z-u_{3}=t v_{3} \\) \\( \\Rightarrow \\frac{x-u_{1}}{v_{1}}=\\frac{y-u_{2}}{v_{2}}=\\frac{z-u_{3}}{v_{3}} \\)라는 직교방정식을 얻는다.",
                        "clue_start": "437",
                        "clue_end": "839"
                    },
                    {
                        "clue_text": "\\( \\mathrm{v}=\\left(v_{1}, v_{2}, v_{3}\\right) \\neq(0,0,0) \\)에 평행이고 \\( P_{0}\\left(x_{0}, y_{0}, z_{0}\\right) \\)를 지나는 직선 \\( l \\)에 대해서 점 \\( P_{1}\\left(x_{1}, y_{1}, z_{1}\\right) \\) 에서 \\( l \\)까지 거리 \\( d \\)는 다음과 같다.",
                        "clue_start": "1095",
                        "clue_end": "1306"
                    }
                ],
                "terminology": [
                    {
                        "word": "매개방정식"
                    },
                    {
                        "word": "방정식"
                    },
                    {
                        "word": "벡터"
                    },
                    {
                        "word": "벡터방정식"
                    },
                    {
                        "word": "선분"
                    },
                    {
                        "word": "실수"
                    },
                    {
                        "word": "직교방정식"
                    },
                    {
                        "word": "직선의 방정식"
                    },
                    {
                        "word": "직선의 벡터방정식"
                    },
                    {
                        "word": "집합"
                    },
                    {
                        "word": "평면의 방정식"
                    }
                ]
            },
            {
                "context_id": "55e-0c9-merge_2_96aba9d6-acb1d3b8-6aa1-4ae1-90c2-d8a101639c16_01",
                "context_K-NSCC": {
                    "field": "자연",
                    "large_category": "NA",
                    "medium_category": "02"
                },
                "context": "<p>벡터 사이의 곱에 대해서 알아보자. 벡터 \\( \\mathrm { v } = \\left (v_ { 1 } , v_ { 2 } , v_ { 3 } \\right ) \\), \\( \\mathrm { w } = \\left (w_ { 1 } , w_ { 2 } , w_ { 3 } \\right ) \\)에 대해서 \\( \\mathbf { v } , \\mathrm { w } \\)의 곱을 \\( \\left (v_ { 1 } w_ { 1 } , v_ { 2 } w_ { 2 } , v_ { 3 } w_ { 3 } \\right ) \\) 로 정의하면 그럴 듯하게 보이지만 수학적으로나 실질적인 문제에서는 거의 무용지물이기 때문에 사용하지 않는다. 기하학에서 아주 중요하게 사용되는 두 가지 유형의 벡터 사이의 곱이 있는데, 여기서 첫 번째 곱을 소개한다.</p> <h2>정의 1.2</h2> <p>벡터 \\( \\mathrm { v } = \\left (v_ { 1 } , v_ { 2 } , v_ { 3 } \\right ), \\mathrm { w } = \\left (w_ { 1 } , w_ { 2 } , w_ { 3 } \\right ) \\) 의 내적(inner product) \\( \\mathrm { v } \\cdot \\mathrm { w } \\) 를 다음과 같이 정의한다.</p> <p>\\( \\mathrm { v } \\cdot \\mathrm { w } =v_ { 1 } w_ { 1 } + v_ { 2 } w_ { 2 } + v_ { 3 } w_ { 3 } \\)</p> <p>내적은 벡터의 곱을 행하여 실수를 대응시키는 연산이고 내적의 정의로부터 다음의 성질을 쉽게 알 수 있다.</p> <p>\\( \\mathrm { v } \\cdot \\mathrm { e } _ { 1 } =v_ { 1 } , \\mathrm { v } \\cdot \\mathrm { e } _ { 2 } =v_ { 2 } , \\mathrm { v } \\cdot \\mathrm { e } _ { 3 } =v_ { 3 } \\)</p>",
                "context_length": 994,
                "clue": [
                    {
                        "clue_text": "벡터 사이의 곱에 대해서 알아보자. 벡터 \\( \\mathrm { v } = \\left (v_ { 1 } , v_ { 2 } , v_ { 3 } \\right ) \\), \\( \\mathrm { w } = \\left (w_ { 1 } , w_ { 2 } , w_ { 3 } \\right ) \\)에 대해서 \\( \\mathbf { v } , \\mathrm { w } \\)의 곱을 \\( \\left (v_ { 1 } w_ { 1 } , v_ { 2 } w_ { 2 } , v_ { 3 } w_ { 3 } \\right ) \\) 로 정의하면 그럴 듯하게 보이지만 수학적으로나 실질적인 문제에서는 거의 무용지물이기 때문에 사용하지 않는다.",
                        "clue_start": "3",
                        "clue_end": "350"
                    },
                    {
                        "clue_text": "기하학에서 아주 중요하게 사용되는 두 가지 유형의 벡터 사이의 곱이 있는데, 여기서 첫 번째 곱을 소개한다.",
                        "clue_start": "351",
                        "clue_end": "411"
                    },
                    {
                        "clue_text": "벡터 \\( \\mathrm { v } = \\left (v_ { 1 } , v_ { 2 } , v_ { 3 } \\right ), \\mathrm { w } = \\left (w_ { 1 } , w_ { 2 } , w_ { 3 } \\right ) \\) 의 내적(inner product) \\( \\mathrm { v } \\cdot \\mathrm { w } \\) 를 다음과 같이 정의한다.",
                        "clue_start": "435",
                        "clue_end": "645"
                    },
                    {
                        "clue_text": "내적은 벡터의 곱을 행하여 실수를 대응시키는 연산이고 내적의 정의로부터 다음의 성질을 쉽게 알 수 있다.",
                        "clue_start": "759",
                        "clue_end": "817"
                    }
                ],
                "terminology": [
                    {
                        "word": "inner product"
                    },
                    {
                        "word": "내적"
                    },
                    {
                        "word": "벡터"
                    },
                    {
                        "word": "실수"
                    }
                ]
            },
            {
                "context_id": "55e-0c9-4f8c65e5-8676-4576-834c-a0d7645e5149",
                "context_K-NSCC": {
                    "field": "자연",
                    "large_category": "NA",
                    "medium_category": "02"
                },
                "context": "<h1>\\( 1.1 \\) 벡터</h1> <p>실수 전체의 집합 \\( \\mathrm{R} \\) 에 대해서 집합 \\( \\mathbf{R}^{2}=\\left\\{\\left(v_{1}, v_{2}\\right) \\mid v_{i} \\in \\mathbf{R}\\right\\}, \\mathbf{R}^{3}=\\left\\{\\left(v_{1}, v_{2}, v_{3}\\right) \\mid v_{i} \\in \\mathbf{R}\\right\\} \\)를 각각 Euclid 평면, Euclid 공간이라고 하고 이들의 원소를 각각 평면벡터, 공간벡터라고 한다. 벡터 \\( \\mathrm{v}=\\left(v_{1}, v_{2}, v_{3}\\right) \\) 에 대해서 \\( v_{1}, v_{2}, v_{3} \\) 를 \\( \\mathrm{v} \\) 의 성분이라고 한다. 이 책에서 다루는 벡터에 관한 대부분의 설명을 \\( \\mathrm{R}^{3} \\)에 대해서 주로 설명할 것이다. 평면벡터 \\( \\left(v_{1}, v_{2}\\right) \\)는 \\( \\left(v_{1}, v_{2}, 0\\right) \\)으로 보고 공간벡터처럼 다루면 \\( \\mathrm{R}^{3} \\)의 이론을 대부분 그대로 \\( \\mathrm{R}^{2} \\)에 적용할 수 있다. 그리고 대부분의 경우 평면벡터 또는 공간벡터는 주변 조건에서 구분되므로 그냥 벡터라고 한다. 특별히 구분할 필요가 있을 경우에만 추가로 언급할 것이다.</p> <p>두 벡터 \\( \\mathbf{v}=\\left(v_{1}, v_{2}, v_{3}\\right), \\mathrm{w}=\\left(w_{1}, w_{2}, w_{3}\\right) \\)와 실수 \\( a \\)에 대해서 덧셈과 실수배를 다음과 같이 정의한다.</p> <p>\\( \\mathbf{v}+\\mathbf{w}=\\left(v_{1}+w_{1}, v_{2}+w_{2}, v_{3}+w_{3}\\right), a \\mathbf{v}=\\left(a v_{1}, a v_{2}, a v_{3}\\right) \\)</p> <p>즉, 벡터의 덧셈은 벡터의 각 성분들을 더하고, 실수배는 각 성분에 실수를 곱한다. \\( \\mathbf{v}=\\left(v_{1}, v_{2}, v_{3}\\right) \\) 의 길이는 \\( |\\mathbf{v}|=\\sqrt{v_{1}^{2}+v_{2}^{2}+v_{3}^{2}} \\)으로 정의한다. 이는 원점 \\( (0,0,0) \\) 에서 벡터 \\( \\mathrm{v} \\) 가 나타내는 점까지 거리이다. 임의의 실수 \\( a \\) 에 대해서 \\( |a \\mathrm{v}|=\\sqrt{a^{2} v_{1}^{2}+a^{2} v_{2}^{2}+a^{2} v_{3}^{2}} \\)\\( =|a| \\sqrt{v_{1}^{2}+v_{2}^{2}+v_{3}^{2}}=|a||\\mathrm{v}| \\)가 성립하므로 \\( a \\mathrm{v} \\) 의 크기는 \\( \\mathrm{v} \\) 의 \\( |a| \\) 배이다. 그리고 \\( a \\mathrm{v} \\) 와 \\( \\mathrm{v} \\) 는 성분비가 같으므로 방향이 같거나 \\( (a>0) \\) 반대 \\( (a<0) \\) 이다. 영벡터가 아닌 두 벡터 \\( \\mathrm{v}, \\mathrm{w} \\)가 평행(parallel)이라는 것은 적당한 실수 \\( a \\) 에 대해서 \\( \\mathrm{v}=a \\mathrm{w} \\) 가 성립할 때, 즉 방향이 같거나 반대인 두 벡터를 말한다.</p> <p>길이가 1인 벡터를 단위벡터(unit vector)라고 하며, 단위벡터는 다루기 편리하므로 기하학에서 많이 사용된다.</p> <p>그 중에서도 다음의 세 벡터 \\( \\mathrm{e}_{1}=(1,0,0), \\mathrm{e}_{2}=(0,1,0), \\mathrm{e}_{3}=(0,0,1) \\)이 많이 사용된다. 예를 들면, 임의의 벡터 \\( \\mathrm{v} \\) 는 다음과 같이 표현할 수 있다.</p> <p>\\( \\begin{aligned} \\mathrm{v}=\\left(v_{1}, v_{2}, v_{3}\\right) &=\\left(v_{1}, 0,0\\right)+\\left(0, v_{2}, 0\\right)+\\left(0,0, v_{3}\\right)=v_{1} \\mathbf{e}_{1}+v_{2} \\mathrm{e}_{2}+v_{3} \\mathrm{e}_{3} \\end{aligned} \\)</p> <p>그리고 영벡터가 아닌 임의의 벡터 \\( \\mathrm{v} \\) 에 대해서 \\( \\frac{\\mathrm{v}}{|\\mathrm{v}|} \\)는 \\( \\mathrm{v} \\)와 방향이 같은 단위벡터가 된다.</p> <h2>예 1.1</h2> <p>두 벡터 \\( \\mathrm{v}=(1,-2,4), \\mathrm{w}=(-1,3,2) \\) 에 대해서 \\(\\begin{array}{l}\\mathrm{v}+\\mathrm{w}=(1+(-1),-2+3,4+2)=(0,1,6) , \\frac{1}{2} \\mathrm{v}=\\left(\\frac{1}{2},-1,2\\right),|\\mathrm{v}|=\\sqrt{1^{2}+(-2)^{2}+4^{2}}=\\sqrt{21}\\end{array}\\)이고, \\( \\mathrm{v} \\) 방향의 단위벡터는 다음과 같다.</p> <p>\\( \\frac{\\mathrm{v}}{\\sqrt{21}}=\\left(\\frac{1}{\\sqrt{21}},-\\frac{2}{\\sqrt{21}}, \\frac{4}{\\sqrt{21}}\\right) \\)</p>",
                "context_length": 2707,
                "clue": [
                    {
                        "clue_text": "실수 전체의 집합 \\( \\mathrm{R} \\) 에 대해서 집합 \\( \\mathbf{R}^{2}=\\left\\{\\left(v_{1}, v_{2}\\right) \\mid v_{i} \\in \\mathbf{R}\\right\\}, \\mathbf{R}^{3}=\\left\\{\\left(v_{1}, v_{2}, v_{3}\\right) \\mid v_{i} \\in \\mathbf{R}\\right\\} \\)를 각각 Euclid 평면, Euclid 공간이라고 하고 이들의 원소를 각각 평면벡터, 공간벡터라고 한다.",
                        "clue_start": "25",
                        "clue_end": "297"
                    },
                    {
                        "clue_text": "그리고 대부분의 경우 평면벡터 또는 공간벡터는 주변 조건에서 구분되므로 그냥 벡터라고 한다.",
                        "clue_start": "633",
                        "clue_end": "684"
                    },
                    {
                        "clue_text": "즉, 벡터의 덧셈은 벡터의 각 성분들을 더하고, 실수배는 각 성분에 실수를 곱한다.",
                        "clue_start": "1010",
                        "clue_end": "1056"
                    },
                    {
                        "clue_text": "길이가 1인 벡터를 단위벡터(unit vector)라고 하며, 단위벡터는 다루기 편리하므로 기하학에서 많이 사용된다.",
                        "clue_start": "1710",
                        "clue_end": "1775"
                    },
                    {
                        "clue_text": "\\( \\mathbf{v}=\\left(v_{1}, v_{2}, v_{3}\\right) \\) 의 길이는 \\( |\\mathbf{v}|=\\sqrt{v_{1}^{2}+v_{2}^{2}+v_{3}^{2}} \\)으로 정의한다.",
                        "clue_start": "1057",
                        "clue_end": "1176"
                    }
                ],
                "terminology": [
                    {
                        "word": "Euclid 공간"
                    },
                    {
                        "word": "Euclid 평면"
                    },
                    {
                        "word": "공간벡터"
                    },
                    {
                        "word": "기하학"
                    },
                    {
                        "word": "단위벡터"
                    },
                    {
                        "word": "벡터"
                    },
                    {
                        "word": "성분비"
                    },
                    {
                        "word": "실수"
                    },
                    {
                        "word": "실수배"
                    },
                    {
                        "word": "영벡터"
                    },
                    {
                        "word": "집합"
                    },
                    {
                        "word": "평면벡터"
                    }
                ]
            },
            {
                "context_id": "55e-0c9-30f0e0ce-a8d0-4d53-bff0-a1a99aeff462",
                "context_K-NSCC": {
                    "field": "자연",
                    "large_category": "NA",
                    "medium_category": "02"
                },
                "context": "<h1>1.2 벡터의 외적</h1> <p>벡터 \\( \\mathrm{u}=\\left(u_{1}, u_{2}, u_{3}\\right), \\mathrm{v}=\\left(v_{1}, v_{2}, v_{3}\\right), \\mathrm{w}=\\left(w_{1}, w_{2}, w_{3}\\right) \\) 에 대해서 다음과 같은 기호를 사용한다.</p> <p>\\( M(\\mathbf{u}, \\mathbf{v}, \\mathbf{w})=\\left(\\begin{array}{l}\\mathbf{u} \\\\ \\mathbf{v} \\\\ \\mathbf{w}\\end{array}\\right)=\\left(\\begin{array}{ccc}u_{1} & u_{2} & u_{3} \\\\ v_{1} & v_{2} & v_{3} \\\\ w_{1} & w_{2} & w_{3}\\end{array}\\right), D(\\mathbf{u}, \\mathbf{v}, \\mathbf{w})=\\left|\\begin{array}{l}\\mathbf{u} \\\\ \\mathbf{v} \\\\ \\mathbf{w}\\end{array}\\right|=\\left|\\begin{array}{lll}u_{1} & u_{2} & u_{3} \\\\ v_{1} & v_{2} & v_{3} \\\\ w_{1} & w_{2} & w_{3}\\end{array}\\right| \\)</p> <p>\\( D(\\mathrm{u}, \\mathrm{v}, \\mathrm{w}) \\neq 0 \\) 이면 행벡터들이 1 차독립이므로 \\( \\{\\mathrm{u}, \\mathrm{v}, \\mathrm{w}\\} \\) 는 \\( R^{3} \\) 의 기저 (basis)가 된다. \\( D(\\mathrm{u}, \\mathrm{v}, \\mathrm{w})>0 \\) 일 때, 기저 \\( \\{\\mathrm{u}, \\mathrm{v}, \\mathrm{w}\\} \\) 가 양의 방향이라고 하고 반대의 경우에는 음의 방향이라고 한다. 행렬식의 성질에서\\( D(\\mathrm{u}, \\mathrm{v}, \\mathrm{w})=D(\\mathrm{v}, \\mathrm{w}, \\mathrm{u})=D(\\mathrm{w}, \\mathrm{u}, \\mathrm{v}) \\) 이므로 기저 \\( \\{\\mathbf{u}, \\mathrm{v}, \\mathbf{w}\\},\\{\\mathbf{v}, \\mathbf{w}, \\mathrm{u}\\},\\{\\mathbf{w}, \\mathrm{u}, \\mathbf{v}\\} \\) 는 같은 방향을 갖는다. 기저 \\( \\{u, v, w\\} \\) 의 세 벡터가 서로 수직인 단위벡터일 때, 이 기저를 정규직교기저(orthonormal basis)라고 한다. 예를 들면 \\( \\left\\{\\mathrm{e}_{1}, \\mathrm{e}_{2}, \\mathrm{e}_{3}\\right\\} \\) 는 서로 수직인 단위벡터이고 \\( D\\left(\\mathbf{e}_{1}, \\mathbf{e}_{2}, \\mathbf{e}_{3}\\right)=\\left|\\begin{array}{lll}1 & 0 & 0 \\\\ 0 & 1 & 0 \\\\ 0 & 0 & 1\\end{array}\\right|=1 \\) 이므로 양의 방향 정규직교기저이고, \\( \\left\\{\\mathrm{e}_{2}, \\mathbf{e}_{3}, \\mathbf{e}_{1}\\right\\},\\left\\{\\mathrm{e}_{3}, \\mathrm{e}_{1}, \\mathrm{e}_{2}\\right\\} \\) 도 양의 방향 정규직교기저이다. 그리고 행렬식의 성질에 의해서 \\( \\{\\mathrm{u}, \\mathrm{v}, \\mathrm{w}\\} \\) 가 양의 방향이면\\( \\{\\mathrm{u}, \\mathrm{v},-\\mathrm{w}\\} \\)는 음의 방향이다.</p> <h2>정리 2.1</h2> <p>\\( \\{u, v, w\\} \\) 가 정규직교기저일 때, 다음이 성립한다.</p> <p>(1) \\( D(\\mathrm{u}, \\mathrm{v}, \\mathrm{w})=\\pm 1 \\)</p> <p>(2) \\( a=x \\mathrm{u}+y \\mathrm{v}+z \\mathrm{w} \\Leftrightarrow x=a \\cdot \\mathrm{u}, y=a \\cdot \\mathrm{v}, z=a \\cdot \\mathrm{w} \\)</p> <h3>증명</h3> <p>(1) \\( \\{\\mathrm{u}, \\mathrm{v}, \\mathrm{w}\\} \\) 가 정규직교기저이므로 \\( M(\\mathrm{u}, \\mathrm{v}, \\mathrm{w}) \\)와 그 전치행렬의 곱은 단위행렬임을 알 수 있다. 행렬식의 성질에서 \\( [D(\\mathrm{u}, \\mathrm{v}, \\mathrm{w})]^{2}=1 \\)이므로 \\( D(\\mathrm{u}, \\mathrm{v}, \\mathrm{w})=\\pm 1 \\)이다.</p> <p>(2) \\( a \\cdot \\mathrm{u}=x(\\mathrm{u} \\cdot \\mathrm{u})+y(\\mathrm{v} \\cdot \\mathrm{u})+z(\\mathrm{w} \\cdot \\mathrm{u})=x \\)이고 같은 방법으로 \\( y=a \\cdot \\mathrm{v}, z=a \\cdot \\mathrm{w} \\)임을 증명할 수 있다.</p> <h2>예 2.2</h2> <p>벡터 \\( (1,1,1),(1,-1,0),(1,1,-2) \\) 는 \\( \\left|\\begin{array}{ccc}1 & 1 & 1 \\\\ 1 & -1 & 0 \\\\ 1 & 1 & -2\\end{array}\\right|=6 \\) 이므로 \\( \\{(1,1,1),(1,-1,0),(1,1,-2)\\} \\) 는 양의 방향이다.그리고 \\( (1,1,1) \\cdot(1,-1,0)=0 \\), \\( (1,1,1) \\cdot(1,1,-2)=0 \\), \\( (1,-1,0) \\cdot(1,1,-2)=0 \\)이므로 서로 직교한다.</p> <p>한편, 벡터의 길이는 각각 \\( \\sqrt{3}\\), \\(\\sqrt{2}\\), \\(\\sqrt{6} \\) 이므로 \\( \\mathrm{u}=\\frac{1}{\\sqrt{3}}(1,1,1)\\), \\(\\mathrm{v}=\\frac{1}{\\sqrt{2}}(1,-1,0)\\), \\(\\mathrm{w}=\\frac{1}{\\sqrt{6}}(1,1,-2) \\)라고 두면 \\( \\{\\mathrm{u}, \\mathrm{v}, \\mathrm{w}\\} \\) 는 양의 방향 정규직교기저이고, 벡터 \\( a=(2,-1,3) \\) 는 \\( a \\cdot \\mathrm{u}=\\frac{4}{\\sqrt{3}}, a \\cdot \\mathrm{v}=\\frac{3}{\\sqrt{2}}, a \\cdot \\mathrm{w}=-\\frac{5}{\\sqrt{6}} \\)이므로 \\( a=\\frac{4}{\\sqrt{3}} \\mathrm{u}+\\frac{3}{\\sqrt{2}} \\mathrm{v}-\\frac{5}{\\sqrt{6}} \\mathrm{w} \\)이다.</p>",
                "context_length": 3399,
                "clue": [
                    {
                        "clue_text": "벡터 \\( \\mathrm{u}=\\left(u_{1}, u_{2}, u_{3}\\right), \\mathrm{v}=\\left(v_{1}, v_{2}, v_{3}\\right), \\mathrm{w}=\\left(w_{1}, w_{2}, w_{3}\\right) \\) 에 대해서 다음과 같은 기호를 사용한다.",
                        "clue_start": "23",
                        "clue_end": "188"
                    },
                    {
                        "clue_text": "\\( D(\\mathrm{u}, \\mathrm{v}, \\mathrm{w}) \\neq 0 \\) 이면 행벡터들이 1 차독립이므로 \\( \\{\\mathrm{u}, \\mathrm{v}, \\mathrm{w}\\} \\) 는 \\( R^{3} \\) 의 기저 (basis)가 된다. \\( D(\\mathrm{u}, \\mathrm{v}, \\mathrm{w})>0 \\) 일 때, 기저 \\( \\{\\mathrm{u}, \\mathrm{v}, \\mathrm{w}\\} \\) 가 양의 방향이라고 하고 반대의 경우에는 음의 방향이라고 한다.",
                        "clue_start": "672",
                        "clue_end": "952"
                    },
                    {
                        "clue_text": "행렬식의 성질에서\\( D(\\mathrm{u}, \\mathrm{v}, \\mathrm{w})=D(\\mathrm{v}, \\mathrm{w}, \\mathrm{u})=D(\\mathrm{w}, \\mathrm{u}, \\mathrm{v}) \\) 이므로 기저 \\( \\{\\mathbf{u}, \\mathrm{v}, \\mathbf{w}\\},\\{\\mathbf{v}, \\mathbf{w}, \\mathrm{u}\\},\\{\\mathbf{w}, \\mathrm{u}, \\mathbf{v}\\} \\) 는 같은 방향을 갖는다.",
                        "clue_start": "953",
                        "clue_end": "1225"
                    },
                    {
                        "clue_text": "그리고 행렬식의 성질에 의해서 \\( \\{\\mathrm{u}, \\mathrm{v}, \\mathrm{w}\\} \\) 가 양의 방향이면\\( \\{\\mathrm{u}, \\mathrm{v},-\\mathrm{w}\\} \\)는 음의 방향이다.",
                        "clue_start": "1714",
                        "clue_end": "1839"
                    }
                ],
                "terminology": [
                    {
                        "word": "1 차독립"
                    },
                    {
                        "word": "기저 (basis)"
                    },
                    {
                        "word": "단위벡터"
                    },
                    {
                        "word": "단위행렬"
                    },
                    {
                        "word": "독립"
                    },
                    {
                        "word": "벡터"
                    },
                    {
                        "word": "외적"
                    },
                    {
                        "word": "전치행렬"
                    },
                    {
                        "word": "정규직교기저"
                    },
                    {
                        "word": "정규직교기저(orthonormal basis)"
                    },
                    {
                        "word": "직교"
                    },
                    {
                        "word": "행렬식"
                    },
                    {
                        "word": "행벡터"
                    }
                ]
            }
        ]
    }
}