{
    "dataset_info": {
        "identifier": "02-031-002-NL",
        "name": "기술과학 문서 요약 데이터",
        "category": "자연어",
        "last_updated": "2023-08-30"
    },
    "dataset": {
        "doc_id": "55e4099e-dd3c-46f1-9e38-13b481c0c4d4",
        "doc_type": "도서",
        "doc_title": {
            "kor": "확률과 통계_다변량 분석",
            "eng": ""
        },
        "doc_category": {
            "KDC": "413",
            "DDC": ""
        },
        "doc_number": {
            "ISSN": "",
            "ISBN": "9788961059053",
            "DOI": "",
            "UCI": ""
        },
        "doc_year": "2015",
        "doc_author": [
            "김원배"
        ],
        "doc_publisher": "경문사",
        "doc_license": "저작권 협의됨",
        "context_info": [
            {
                "context_id": "55e-0c9-72e8107f-8ec4-4cd0-911e-5da9ee69b56c_01",
                "context_K-NSCC": {
                    "field": "자연",
                    "large_category": "NA",
                    "medium_category": "10"
                },
                "context": "<p>(3) \\( Y_ { i } \\)의 임의의 선형식 \\[ c_ { 0 } \\widehat {\\beta } _ { 0 } + c_ { 1 } \\widehat {\\beta } _ { 1 } + \\sum_ { i=1 } ^ { n } a_ { i } Y_ { i } \\] 가 모든 \\( \\beta_ { 0 } \\)와 \\( \\beta_ { 1 } \\)에 대하여 \\( c_ { 0 } \\beta_ { 0 } + c_ { 1 } \\beta_ { 1 } \\)의 불편추정량이 되려면 \\[ E \\left (c_ { 0 } \\widehat {\\beta } _ { 0 } + c_ { 1 } \\widehat {\\beta } _ { 1 } + \\sum_ { i=1 } ^ { n } a_ { i } Y_ { i } \\right )=c_ { 0 } \\beta_ { 0 } + c_ { 1 } \\beta_ { 1 } + \\sum_ { i=1 } ^ { n } a_ { i } \\left ( \\beta_ { 0 } + \\beta_ { 1 } x_ { i } \\right )=c_ { 0 } \\beta_ { 0 } + c_ { 1 } \\beta_ { 1 } \\] 이고, 이때 모든 \\( \\beta_ { 0 } \\)와 \\( \\beta_ { 1 } \\)에 대하여 \\[ \\sum_ { i=1 } ^ { n } a_ { i } \\left ( \\beta_ { 0 } + \\beta_ { 1 } x_ { i } \\right )=0 \\] 이어야 하므로 \\[ \\sum_ { i=1 } ^ { n } a_ { i } =0, \\quad \\sum_ { i=1 } ^ { n } a_ { i } x_ { i } =0 \\] 이어야 한다. 그런데 \\[ c_ { 0 } \\widehat {\\beta } _ { 0 } + c_ { 1 } \\widehat {\\beta } _ { 1 } = \\sum_ { i=1 } ^ { n } \\left [c_ { 0 } \\left ( \\frac { 1 } { n } - \\frac {\\bar { x } \\left (x_ { i } - \\bar { x } \\right ) } {\\sum_ { i=1 } ^ { n } \\left (x_ { i } - \\bar { x } \\right ) ^ { 2 } } \\right ) + c_ { 1 } \\frac { x_ { i } - \\bar { x } } {\\sum_ { i=1 } ^ { n } \\left (x_ { i } - \\bar { x } \\right ) ^ { 2 } } \\right ]= \\sum_ { i=1 } ^ { n } b_ { i } Y_ { i } \\] 이고, \\( \\sum_ { i=1 } ^ { n } a_ { i } =0, \\sum_ { i=1 } ^ { n } a_ { i } x_ { i } =0 \\)일 때 \\[ \\operatorname { Cov } \\left (c_ { 0 } \\widehat {\\beta } _ { 0 } + c_ { 1 } \\widehat {\\beta } _ { 1 } , \\sum_ { i=1 } ^ { n } a_ { i } Y_ { i } \\right )= \\sum_ { i=1 } ^ { n } a_ { i } b_ { i } \\operatorname { Var } \\left (Y_ { i } \\right )= \\sigma ^ { 2 } \\sum_ { i=1 } ^ { n } a_ { i } b_ { i } =0 \\]</p>",
                "context_length": 1685,
                "clue": [
                    {
                        "clue_text": "(3) \\( Y_ { i } \\)의 임의의 선형식 \\[ c_ { 0 } \\widehat {\\beta } _ { 0 } + c_ { 1 } \\widehat {\\beta } _ { 1 } + \\sum_ { i=1 } ^ { n } a_ { i } Y_ { i } \\] 가 모든 \\( \\beta_ { 0 } \\)와 \\( \\beta_ { 1 } \\)에 대하여 \\( c_ { 0 } \\beta_ { 0 } + c_ { 1 } \\beta_ { 1 } \\)의 불편추정량이 되려면 \\[ E \\left (c_ { 0 } \\widehat {\\beta } _ { 0 } + c_ { 1 } \\widehat {\\beta } _ { 1 } + \\sum_ { i=1 } ^ { n } a_ { i } Y_ { i } \\right )=c_ { 0 } \\beta_ { 0 } + c_ { 1 } \\beta_ { 1 } + \\sum_ { i=1 } ^ { n } a_ { i } \\left ( \\beta_ { 0 } + \\beta_ { 1 } x_ { i } \\right )=c_ { 0 } \\beta_ { 0 } + c_ { 1 } \\beta_ { 1 } \\] 이고, 이때 모든 \\( \\beta_ { 0 } \\)와 \\( \\beta_ { 1 } \\)에 대하여 \\[ \\sum_ { i=1 } ^ { n } a_ { i } \\left ( \\beta_ { 0 } + \\beta_ { 1 } x_ { i } \\right )=0 \\] 이어야 하므로 \\[ \\sum_ { i=1 } ^ { n } a_ { i } =0, \\quad \\sum_ { i=1 } ^ { n } a_ { i } x_ { i } =0 \\] 이어야 한다. 그런데 \\[ c_ { 0 } \\widehat {\\beta } _ { 0 } + c_ { 1 } \\widehat {\\beta } _ { 1 } = \\sum_ { i=1 } ^ { n } \\left [c_ { 0 } \\left ( \\frac { 1 } { n } - \\frac {\\bar { x } \\left (x_ { i } - \\bar { x } \\right ) } {\\sum_ { i=1 } ^ { n } \\left (x_ { i } - \\bar { x } \\right ) ^ { 2 } } \\right ) + c_ { 1 } \\frac { x_ { i } - \\bar { x } } {\\sum_ { i=1 } ^ { n } \\left (x_ { i } - \\bar { x } \\right ) ^ { 2 } } \\right ]= \\sum_ { i=1 } ^ { n } b_ { i } Y_ { i } \\] 이고, \\( \\sum_ { i=1 } ^ { n } a_ { i } =0, \\sum_ { i=1 } ^ { n } a_ { i } x_ { i } =0 \\)일 때 \\[ \\operatorname { Cov } \\left (c_ { 0 } \\widehat {\\beta } _ { 0 } + c_ { 1 } \\widehat {\\beta } _ { 1 } , \\sum_ { i=1 } ^ { n } a_ { i } Y_ { i } \\right )= \\sum_ { i=1 } ^ { n } a_ { i } b_ { i } \\operatorname { Var } \\left (Y_ { i } \\right )= \\sigma ^ { 2 } \\sum_ { i=1 } ^ { n } a_ { i } b_ { i } =0 \\]",
                        "clue_start": "3",
                        "clue_end": "1681"
                    }
                ],
                "terminology": [
                    {
                        "word": "불편추정량"
                    },
                    {
                        "word": "선형식"
                    }
                ]
            },
            {
                "context_id": "55e-0c9-e3bfe7ec-ed61-4cd9-9d1e-cdc39309d920_01",
                "context_K-NSCC": {
                    "field": "자연",
                    "large_category": "NA",
                    "medium_category": "10"
                },
                "context": "<p>問题 1 확률분포가 \\( N(0,1) \\)에 따르고 항등적으로 같고 서로 독립인 \\( k \\)개의 확률변수 \\( Z_ { 1 } , Z_ { 2 } , \\cdots, Z_ { k } \\)를 원소로 하는 확률벡터를 \\( \\boldsymbol { Z } ^ { t } = \\left (Z_ { 1 } , Z_ { 2 } , \\cdots, Z_ { k } \\right ) \\)라 하고 \\( \\boldsymbol { A } \\) 를 \\( n \\times k \\)행렬, \\( \\boldsymbol {\\mu } \\)를 \\( n \\times 1 \\)벡터라 할때, \\( \\boldsymbol { X } = \\boldsymbol { A } \\boldsymbol { Z } + \\boldsymbol {\\mu } \\) 의 분포를 구하여라.</p> <p>觙答 \\( E \\left (Z_ { i } \\right )=0, \\operatorname { Var } \\left (Z_ { i } \\right )=1,(i=1,2,3, \\cdots, k) \\)이고, \\( i \\neq j \\)일 때 \\( \\operatorname { Cov } \\left (Z_ { i } , Z_ { j } \\right )= 0 \\)이므로 \\[ E( \\boldsymbol { Z } )= \\left ( \\begin {array} { c } 0 \\\\ 0 \\\\ \\vdots \\\\ 0 \\end {array} \\right )= \\mathbf { 0 } _ { 1 \\times k } , \\operatorname { Cov } ( \\boldsymbol { Z } )=E \\left ( \\boldsymbol { Z } \\boldsymbol { Z } ^ { t } \\right )= \\left ( \\begin {array} { ccccc } 1 & 0 & 0 & \\cdots & 0 \\\\ 0 & 1 & 0 & \\cdots & 0 \\\\ \\vdots & \\vdots & \\vdots & \\ddots & \\vdots \\\\ 0 & 0 & 0 & \\cdots & 1 \\end {array} \\right )=I_ { k \\times k } \\] 이다. 따라서 \\[ \\begin {aligned} E( \\boldsymbol { X } ) &=E( \\boldsymbol { A } \\boldsymbol { Z } + \\boldsymbol {\\mu } )= \\boldsymbol {\\mu } \\\\ \\Sigma &= \\operatorname { Cov } ( \\boldsymbol { X } )= \\operatorname { Cov } ( \\boldsymbol { A Z } + \\boldsymbol {\\mu } )= \\boldsymbol { A } \\operatorname { Cov } ( \\boldsymbol { Z } ) \\boldsymbol { A } ^ { t } = \\boldsymbol { A A ^ { t } } \\end {aligned} \\]</p>",
                "context_length": 1452,
                "clue": [
                    {
                        "clue_text": "觙答 \\( E \\left (Z_ { i } \\right )=0, \\operatorname { Var } \\left (Z_ { i } \\right )=1,(i=1,2,3, \\cdots, k) \\)이고, \\( i \\neq j \\)일 때 \\( \\operatorname { Cov } \\left (Z_ { i } , Z_ { j } \\right )= 0 \\)이므로 \\[ E( \\boldsymbol { Z } )= \\left ( \\begin {array} { c } 0 \\\\ 0 \\\\ \\vdots \\\\ 0 \\end {array} \\right )= \\mathbf { 0 } _ { 1 \\times k } , \\operatorname { Cov } ( \\boldsymbol { Z } )=E \\left ( \\boldsymbol { Z } \\boldsymbol { Z } ^ { t } \\right )= \\left ( \\begin {array} { ccccc } 1 & 0 & 0 & \\cdots & 0 \\\\ 0 & 1 & 0 & \\cdots & 0 \\\\ \\vdots & \\vdots & \\vdots & \\ddots & \\vdots \\\\ 0 & 0 & 0 & \\cdots & 1 \\end {array} \\right )=I_ { k \\times k } \\] 이다.",
                        "clue_start": "413",
                        "clue_end": "1055"
                    }
                ],
                "terminology": [
                    {
                        "word": "독립"
                    },
                    {
                        "word": "벡터"
                    },
                    {
                        "word": "항등적"
                    },
                    {
                        "word": "행렬"
                    },
                    {
                        "word": "확률벡터"
                    },
                    {
                        "word": "확률변수"
                    },
                    {
                        "word": "확률분포"
                    }
                ]
            },
            {
                "context_id": "55e-0c9-a10d816b-a47a-48eb-a5ee-70eb03f47c84_01",
                "context_K-NSCC": {
                    "field": "자연",
                    "large_category": "NA",
                    "medium_category": "10"
                },
                "context": "<h1>9.3 분산분석</h1> <p>\\( X_ { 1 } , X_ { 2 } , \\cdots, X_ { b } \\)의 분포가 \\( N \\left ( \\mu_ { j } , \\sigma ^ { 2 } \\right )(j=1,2, \\cdots, b) \\)이고, 확률적으로 독립인 \\( b \\)개의 확률변수들이라 할때, 정규분포 \\( N \\left ( \\mu_ { j } , \\sigma ^ { 2 } \\right ) \\)으로부터의 크기 \\( a \\)인 확률표본 \\( X_ { 1 j } \\), \\( X_ { 2 j } , \\cdots, X_ { b j } (j=1,2, \\cdots, b) \\)에 의하여 귀무가설 \\[ H_ { 0 } : \\mu_ { 1 } = \\mu_ { 2 } = \\cdots= \\mu_ { b } = \\mu \\quad( \\mu \\text { 는 미지(unknown) } ) \\] 을 검정하여 보자. 이 경우에는 우도비검정을 사용하고, 모수공간은 \\[ \\Theta= \\left \\{\\left . \\mu_ { 1 } , \\mu_ { 2 } , \\cdots, \\mu_ { b } , \\sigma ^ { 2 } \\right ) \\mid- \\infty< \\mu_ { j }< + \\infty, 0< \\sigma ^ { 2 }< + \\infty \\right \\} \\] 이다. 우도함수 \\( L \\left . \\boldsymbol {\\Theta } _ { 0 } ; \\boldsymbol { x } \\right ) \\)와 \\( L( \\boldsymbol {\\Theta } ; \\boldsymbol { x } ) \\)는 각각 \\[ \\begin {array} { c } L \\left ( \\boldsymbol {\\Theta } _ { 0 } ; \\boldsymbol { x } \\right )=(2 \\pi) ^ { -a b / 2 } \\exp \\left \\{ - \\frac { 1 } { 2 \\sigma ^ { 2 } } \\sum_ { j=1 } ^ { b } \\sum_ { i=1 } ^ { a } \\left (x_ { i j } - \\mu \\right ) ^ { 2 } \\right \\} \\\\ L( \\boldsymbol {\\Theta } ; \\boldsymbol { x } )=(2 \\pi) ^ { -a b / 2 } \\exp \\left \\{ - \\frac { 1 } { 2 \\sigma ^ { 2 } } \\sum_ { j=1 } ^ { b } \\sum_ { i=1 } ^ { a } \\left (x_ { i j } - \\mu_ { j } \\right ) ^ { 2 } \\right \\} \\end {array} \\]</p>",
                "context_length": 1304,
                "clue": [
                    {
                        "clue_text": "9.3 분산분석",
                        "clue_start": "4",
                        "clue_end": "12"
                    },
                    {
                        "clue_text": "\\( X_ { 1 } , X_ { 2 } , \\cdots, X_ { b } \\)의 분포가 \\( N \\left ( \\mu_ { j } , \\sigma ^ { 2 } \\right )(j=1,2, \\cdots, b) \\)이고, 확률적으로 독립인 \\( b \\)개의 확률변수들이라 할때, 정규분포 \\( N \\left ( \\mu_ { j } , \\sigma ^ { 2 } \\right ) \\)으로부터의 크기 \\( a \\)인 확률표본 \\( X_ { 1 j } \\), \\( X_ { 2 j } , \\cdots, X_ { b j } (j=1,2, \\cdots, b) \\)에 의하여 귀무가설 \\[ H_ { 0 } : \\mu_ { 1 } = \\mu_ { 2 } = \\cdots= \\mu_ { b } = \\mu \\quad( \\mu \\text { 는 미지(unknown) } ) \\] 을 검정하여 보자.",
                        "clue_start": "21",
                        "clue_end": "457"
                    }
                ],
                "terminology": [
                    {
                        "word": "검정"
                    },
                    {
                        "word": "귀무가설"
                    },
                    {
                        "word": "모수공간"
                    },
                    {
                        "word": "분산분석"
                    },
                    {
                        "word": "우도비검정"
                    },
                    {
                        "word": "우도함수"
                    },
                    {
                        "word": "정규분포"
                    },
                    {
                        "word": "확률표본"
                    }
                ]
            },
            {
                "context_id": "55e-0c9-a10d816b-a47a-48eb-a5ee-70eb03f47c84_00",
                "context_K-NSCC": {
                    "field": "자연",
                    "large_category": "NA",
                    "medium_category": "10"
                },
                "context": "<p>\\( \\boldsymbol { B } _ { i } = \\boldsymbol { I } - \\boldsymbol { A } _ { i } \\)이므로, \\( \\boldsymbol { B } _ { i } \\)의 고유근을 구하기 위한 방정식은 \\[ \\left | \\boldsymbol { B } _ { i } - \\lambda \\boldsymbol { I } \\right |= \\left | \\boldsymbol { I } - \\boldsymbol { A } _ { i } - \\lambda \\boldsymbol { I } \\right |= \\left | \\boldsymbol { A } _ { i } -(1- \\lambda) \\boldsymbol { I } \\right |=0 \\] 이다. 위의 방정식의 각 근은 \\(1 \\)에서 \\( \\boldsymbol { A } _ { i } \\)의 각 고유근을 뺀 것과 같으며, \\( \\boldsymbol { B } _ { i } \\)의 계수가 \\( R_ { i } \\)이므로 \\( \\boldsymbol { B } _ { i } \\)의 고유근들 중에서 정확히 \\( n-R_ { i } =r_ { i } \\)개가 \\(0 \\)이어야 하고, 따라서, \\( \\boldsymbol { A } _ { i } \\)의 고유근들 중에서 정확히 \\( r_ { i } \\)개가 \\(1 \\)과 같아야 한다. 그런데 \\( r_ { i } \\)가 \\( \\boldsymbol { A } _ { i } \\)의 계수이므로 \\( \\boldsymbol { A } _ { i } \\)의 \\(0 \\)이 아닌 고유근들은 \\( r_ { i } \\)개이고 이들은 모두 \\(1 \\)과 같아야 한다. 그러므로 \\( \\boldsymbol { A } _ { i } ^ { 2 } = \\boldsymbol { A } \\)가 되어 \\[ \\frac { 1 } {\\sigma ^ { 2 } } Q_ { j } \\sim \\chi ^ { 2 } \\left (r_ { j } \\right ), j=1,2,3, \\cdots, k \\] 이고, 정리 9.3 에 의하여 확률변수 \\( Q_ { 1 } , Q_ { 2 } , \\cdots, Q_ { k } \\)는 확률적으로 독립이다. 역으로 \\( Q_ { 1 } , Q_ { 2 } , \\cdots, Q_ { k } \\)는 확률적으로 독립이고 \\[ \\frac { 1 } {\\sigma ^ { 2 } } Q_ { j } \\sim \\chi ^ { 2 } \\left (r_ { j } \\right ), j=1,2,3, \\cdots, k \\] 라 가정하면 \\[ \\sum_ { j=1 } ^ { k } \\frac { 1 } {\\sigma ^ { 2 } } Q_ { i } \\sim \\chi ^ { 2 } \\left ( \\sum_ { j=1 } ^ { k } r_ { j } \\right ) \\] 이고 \\[ \\sum_ { j=1 } ^ { k } \\frac { 1 } {\\sigma ^ { 2 } } Q_ { i } = \\sum_ { i=1 } ^ { k } \\frac { X_ { i } ^ { 2 } } {\\sigma ^ { 2 } } \\sim \\chi ^ { 2 } (n) \\] 이므로, \\( r_ { 1 } + r_ { 2 } + \\cdots + n + k=n \\)이다.</p>",
                "context_length": 1621,
                "clue": [
                    {
                        "clue_text": "\\( \\boldsymbol { B } _ { i } = \\boldsymbol { I } - \\boldsymbol { A } _ { i } \\)이므로, \\( \\boldsymbol { B } _ { i } \\)의 고유근을 구하기 위한 방정식은 \\[ \\left | \\boldsymbol { B } _ { i } - \\lambda \\boldsymbol { I } \\right |= \\left | \\boldsymbol { I } - \\boldsymbol { A } _ { i } - \\lambda \\boldsymbol { I } \\right |= \\left | \\boldsymbol { A } _ { i } -(1- \\lambda) \\boldsymbol { I } \\right |=0 \\] 이다.",
                        "clue_start": "3",
                        "clue_end": "387"
                    },
                    {
                        "clue_text": "위의 방정식의 각 근은 \\(1 \\)에서 \\( \\boldsymbol { A } _ { i } \\)의 각 고유근을 뺀 것과 같으며, \\( \\boldsymbol { B } _ { i } \\)의 계수가 \\( R_ { i } \\)이므로 \\( \\boldsymbol { B } _ { i } \\)의 고유근들 중에서 정확히 \\( n-R_ { i } =r_ { i } \\)개가 \\(0 \\)이어야 하고, 따라서, \\( \\boldsymbol { A } _ { i } \\)의 고유근들 중에서 정확히 \\( r_ { i } \\)개가 \\(1 \\)과 같아야 한다.",
                        "clue_start": "388",
                        "clue_end": "687"
                    },
                    {
                        "clue_text": "그런데 \\( r_ { i } \\)가 \\( \\boldsymbol { A } _ { i } \\)의 계수이므로 \\( \\boldsymbol { A } _ { i } \\)의 \\(0 \\)이 아닌 고유근들은 \\( r_ { i } \\)개이고 이들은 모두 \\(1 \\)과 같아야 한다.",
                        "clue_start": "688",
                        "clue_end": "837"
                    },
                    {
                        "clue_text": "그러므로 \\( \\boldsymbol { A } _ { i } ^ { 2 } = \\boldsymbol { A } \\)가 되어 \\[ \\frac { 1 } {\\sigma ^ { 2 } } Q_ { j } \\sim \\chi ^ { 2 } \\left (r_ { j } \\right ), j=1,2,3, \\cdots, k \\] 이고, 정리 9.3 에 의하여 확률변수 \\( Q_ { 1 } , Q_ { 2 } , \\cdots, Q_ { k } \\)는 확률적으로 독립이다.",
                        "clue_start": "838",
                        "clue_end": "1094"
                    },
                    {
                        "clue_text": "역으로 \\( Q_ { 1 } , Q_ { 2 } , \\cdots, Q_ { k } \\)는 확률적으로 독립이고 \\[ \\frac { 1 } {\\sigma ^ { 2 } } Q_ { j } \\sim \\chi ^ { 2 } \\left (r_ { j } \\right ), j=1,2,3, \\cdots, k \\] 라 가정하면 \\[ \\sum_ { j=1 } ^ { k } \\frac { 1 } {\\sigma ^ { 2 } } Q_ { i } \\sim \\chi ^ { 2 } \\left ( \\sum_ { j=1 } ^ { k } r_ { j } \\right ) \\] 이고 \\[ \\sum_ { j=1 } ^ { k } \\frac { 1 } {\\sigma ^ { 2 } } Q_ { i } = \\sum_ { i=1 } ^ { k } \\frac { X_ { i } ^ { 2 } } {\\sigma ^ { 2 } } \\sim \\chi ^ { 2 } (n) \\] 이므로, \\( r_ { 1 } + r_ { 2 } + \\cdots + n + k=n \\)이다.",
                        "clue_start": "1095",
                        "clue_end": "1617"
                    }
                ],
                "terminology": [
                    {
                        "word": "고유근"
                    },
                    {
                        "word": "근"
                    },
                    {
                        "word": "방정식"
                    },
                    {
                        "word": "역"
                    },
                    {
                        "word": "확률변수"
                    }
                ]
            },
            {
                "context_id": "55e-0c9-29b36bae-ca70-4981-9ea5-093641b4b2b3_01",
                "context_K-NSCC": {
                    "field": "자연",
                    "large_category": "NA",
                    "medium_category": "10"
                },
                "context": "<p>6. 정규분포 \\( N \\left (0, \\sigma ^ { 2 } \\right ) \\)으로부터의 크기 \\( n \\)인 확률표본에 의한 이차형식 \\( Q \\)의 실대칭행렬이 \\( \\boldsymbol { A } \\)이다. 표본평균 \\( \\bar { X } \\)와 \\( Q \\)가 확률적으로 독립일 때, \\( \\boldsymbol { A } \\)의 각 원소를 구하여라.</p> <p>7. \\( X_ { 1 } , X_ { 2 } , \\cdots, X_ { n } \\)은 정규분포 \\( N \\left (0, \\sigma ^ { 2 } \\right ) \\)에서 추출한 크기 \\( n \\)인 확률표본이다. 이때, \\( \\boldsymbol { X } ^ { t } = \\left (X_ { 1 } , X_ { 2 } , \\cdots, X_ { n } \\right ), \\boldsymbol { b } ^ { t } = \\left (b_ { 1 } , b_ { 2 } , \\cdots, b_ { n } \\right ) \\) 그리고 \\( n \\times n \\) 실대칭행렬을 \\( \\boldsymbol { A } \\)라 하자. 선형식 \\( \\boldsymbol { b } ^ { t } \\boldsymbol { X } \\)의 이차형식 \\( \\boldsymbol { X } ^ { t } \\boldsymbol { A X } \\)가 확률적으로 독립이기 위한 필요충분조건은 \\( \\boldsymbol { b } ^ { t } \\boldsymbol { A } = \\mathbf { 0 } \\)임을 증명하여라. 이 사실을 이용하여 다음 이차형식 \\( \\left ( \\boldsymbol { b } ^ { t } \\boldsymbol { X } \\right ) ^ { 2 } = \\) \\( \\boldsymbol { X } ^ { t } \\boldsymbol { b b } ^ { t } \\boldsymbol { X } \\)와 \\( \\boldsymbol { X } ^ { t } \\boldsymbol { A } \\boldsymbol { X } \\)가 확률적으로 독립이고 또한 그 역도 성립함을 증명하여라.</p> <p>8. \\( Q_ { 1 } , Q_ { 2 } \\)는 정규분포 \\( N \\left (0, \\sigma ^ { 2 } \\right ) \\)으로부터의 확률표본에 의한 음이 아닌 두 이차형식이다. 이때 다른 이차형식 \\( Q \\)가 \\( Q_ { 1 } + Q_ { 2 } \\)와 확률적으로 독립이기 위한 필요충분조건은 \\( Q \\)가 각각 \\( Q_ { 1 } \\)과 \\( Q_ { 2 } \\)와 확률적으로 독립임을 보여라.</p>",
                "context_length": 1303,
                "clue": [
                    {
                        "clue_text": "정규분포 \\( N \\left (0, \\sigma ^ { 2 } \\right ) \\)으로부터의 크기 \\( n \\)인 확률표본에 의한 이차형식 \\( Q \\)의 실대칭행렬이 \\( \\boldsymbol { A } \\)이다.",
                        "clue_start": "6",
                        "clue_end": "126"
                    },
                    {
                        "clue_text": "\\( X_ { 1 } , X_ { 2 } , \\cdots, X_ { n } \\)은 정규분포 \\( N \\left (0, \\sigma ^ { 2 } \\right ) \\)에서 추출한 크기 \\( n \\)인 확률표본이다.",
                        "clue_start": "219",
                        "clue_end": "337"
                    }
                ],
                "terminology": [
                    {
                        "word": "독립"
                    },
                    {
                        "word": "선형식"
                    },
                    {
                        "word": "실대칭행렬"
                    },
                    {
                        "word": "역"
                    },
                    {
                        "word": "이차형식"
                    },
                    {
                        "word": "정규분포"
                    },
                    {
                        "word": "표본평균"
                    },
                    {
                        "word": "필요충분조건"
                    },
                    {
                        "word": "확률표본"
                    }
                ]
            },
            {
                "context_id": "55e-0c9-b189605a-7beb-41b4-83ba-ee5639a296f6_01",
                "context_K-NSCC": {
                    "field": "자연",
                    "large_category": "NA",
                    "medium_category": "10"
                },
                "context": "<p>證明 \\( \\sum_ { i=1 } ^ { n } X_ { i } ^ { 2 } = \\sum_ { j=1 } ^ { n } Q_ { j } \\)이고 \\( \\sum_ { i=1 } ^ { n } r_ { i } =n \\)이라 가정하면, 첫번째 식으로부터 \\[ \\boldsymbol { I } = \\boldsymbol { A } _ { 1 } + \\boldsymbol { A } _ { 2 } + \\cdots + \\boldsymbol { A } _ { k } \\] 가 되어야 한다. 여기서 \\( \\boldsymbol { B } _ { i } = \\boldsymbol { I } - \\boldsymbol { A } _ { i } \\)라 하면 즉, \\( \\boldsymbol { A } _ { i } \\)를 제외한 행렬 \\( \\boldsymbol { A } _ { 1 } , \\boldsymbol { A } _ { 2 } , \\cdots, \\boldsymbol { A } _ { k } \\)의 합을 \\( \\boldsymbol { B } _ { i } \\)라 하고 \\( \\boldsymbol { B } _ { i } \\)의 계수를 \\( R_ { i } \\)라 하면, 행렬들의 합으로 얻어진 새로운 행렬의 계수는 더해진 행렬의 계수들의 합보다 작거나 같으므로 \\[ R_ { i } \\leqslant \\sum_ { j=1 } ^ { k } r_ { j } -r_ { i } =n-r_ { i } \\] 이어야 한다. 그리고 \\( \\boldsymbol { I } = \\boldsymbol { A } _ { i } + \\boldsymbol { B } _ { i } \\)로부터 \\( n \\leqslant r_ { i } + R_ { i } \\)가 되어 \\( n-r_ { i } \\leqslant R_ { i } \\)이므로 \\( R_ { i } =n-r_ { i } \\)가 된다. 한편, \\( \\boldsymbol { B } _ { i } \\)의 고유근들은 방정식 \\( \\left | \\boldsymbol { B } _ { i } - \\lambda \\boldsymbol { I } \\right |=0 \\) 의 근들이고</p>",
                "context_length": 1068,
                "clue": [
                    {
                        "clue_text": "여기서 \\( \\boldsymbol { B } _ { i } = \\boldsymbol { I } - \\boldsymbol { A } _ { i } \\)라 하면 즉, \\( \\boldsymbol { A } _ { i } \\)를 제외한 행렬 \\( \\boldsymbol { A } _ { 1 } , \\boldsymbol { A } _ { 2 } , \\cdots, \\boldsymbol { A } _ { k } \\)의 합을 \\( \\boldsymbol { B } _ { i } \\)라 하고 \\( \\boldsymbol { B } _ { i } \\)의 계수를 \\( R_ { i } \\)라 하면, 행렬들의 합으로 얻어진 새로운 행렬의 계수는 더해진 행렬의 계수들의 합보다 작거나 같으므로 \\[ R_ { i } \\leqslant \\sum_ { j=1 } ^ { k } r_ { j } -r_ { i } =n-r_ { i } \\] 이어야 한다.",
                        "clue_start": "271",
                        "clue_end": "731"
                    }
                ],
                "terminology": [
                    {
                        "word": "방정식"
                    },
                    {
                        "word": "행렬"
                    },
                    {
                        "word": "행렬의 계수"
                    }
                ]
            },
            {
                "context_id": "55e-0c9-72e8107f-8ec4-4cd0-911e-5da9ee69b56c_00",
                "context_K-NSCC": {
                    "field": "자연",
                    "large_category": "NA",
                    "medium_category": "10"
                },
                "context": "<p>이고 \\[ \\begin {aligned} \\sum_ { i = 1 } ^ { n } d_ { i } ^ { 2 } &= \\frac {\\sum_ { i=1 } ^ { n } \\left ( \\sum_ { i=1 } ^ { n } x_ { i } ^ { 2 } -n \\bar { x } x_ { i } \\right ) ^ { 2 } } {\\left [n \\sum_ { i=1 } ^ { n } \\left (x_ { i } - \\bar { x } \\right ) ^ { 2 } \\right ] ^ { 2 } } \\\\ &= \\frac { 1 } {\\left [n \\sum_ { i=1 } ^ { n } \\left (x_ { i } - \\bar { x } \\right ) ^ { 2 } \\right ] ^ { 2 } } \\left [n \\left ( \\sum_ { i=1 } ^ { n } x_ { i } \\right ) ^ { 2 } -2 n \\bar { x } \\left ( \\sum_ { i=1 } ^ { n } x_ { i } ^ { 2 } \\right ) \\left ( \\sum_ { i= \\left . \\right ] 1 } ^ { n } x_ { i } \\right ) + n ^ { 2 } \\bar { x } ^ { 2 } \\left ( \\sum_ { i=1 } ^ { n } x_ { i } ^ { 2 } \\right ) \\right ] \\\\ &= \\frac { n \\sum_ { i=1 } ^ { n } x_ { i } ^ { 2 } } {\\left [n \\sum_ { i=1 } ^ { n } \\left (x_ { i } - \\bar { x } \\right ) ^ { 2 } \\right ] ^ { 2 } } \\left ( \\sum_ { i=1 } ^ { n } x_ { i } ^ { 2 } -n \\bar { x } ^ { 2 } \\right ) \\\\ &= \\frac {\\sum_ { i=1 } ^ { n } x_ { i } ^ { 2 } } { n \\sum_ { i=1 } ^ { n } \\left (x_ { i } - \\bar { x } \\right ) ^ { 2 } } \\end {aligned} \\] 이므로 \\[ \\operatorname { Var } \\left ( \\widehat {\\beta } _ { 0 } \\right )= \\sigma ^ { 2 } \\sum_ { i=1 } ^ { n } d_ { i } ^ { 2 } = \\frac {\\sigma ^ { 2 } \\sum_ { i=1 } ^ { n } x_ { i } ^ { 2 } } { n \\sum_ { i=1 } ^ { n } \\left (x_ { i } - \\bar { x } \\right ) ^ { 2 } } \\] 이다.</p>",
                "context_length": 1353,
                "clue": [
                    {
                        "clue_text": "\\[ \\operatorname { Var } \\left ( \\widehat {\\beta } _ { 0 } \\right )= \\sigma ^ { 2 } \\sum_ { i=1 } ^ { n } d_ { i } ^ { 2 } = \\frac {\\sigma ^ { 2 } \\sum_ { i=1 } ^ { n } x_ { i } ^ { 2 } } { n \\sum_ { i=1 } ^ { n } \\left (x_ { i } - \\bar { x } \\right ) ^ { 2 } } \\] 이다.",
                        "clue_start": "1081",
                        "clue_end": "1349"
                    }
                ],
                "terminology": []
            },
            {
                "context_id": "55e-0c9-cdbced63-a927-4ecf-9b7a-6120b3b04020_00",
                "context_K-NSCC": {
                    "field": "자연",
                    "large_category": "NA",
                    "medium_category": "10"
                },
                "context": "<p>이므로 \\[ M \\left (t_ { 1 } , t_ { 2 } \\right ) = M \\left (t_ { 1 } , 0 \\right ) M \\left (0, t_ { 2 } \\right ), \\quad \\left ( \\left |t_ { 1 } \\right |<h_ { 1 } , \\left |t_ { 2 } \\right |<h_ { 2 } , h_ { 1 } >0, h_ { 2 } >0 \\right ) \\] 가 되어 \\( \\frac { 1 } {\\sigma ^ { 2 } } Q_ { 1 } \\)과 \\( \\frac { 1 } {\\sigma ^ { 2 } } Q_ { 2 } \\)가 확률적으로 독립이고 따라서 \\( Q_ { 1 } \\)과 \\( Q_ { 2 } \\)도 확률적으로 독립이다.</p> <p>위의 정리는 \\( X_ { 1 } , X_ { 2 } , \\cdots, X_ { n } \\)이 \\( N \\left ( \\mu, \\sigma ^ { 2 } \\right ) \\)으로부터 추출한 확률표본인 경우에도 성립한다. 또한 확률변수들이 양정치행렬 \\( \\Sigma \\)가 공분산행렬인 다변량정규분포를 따르는 경우로 확장할 수 있다. 이때, 이차형식 \\( \\boldsymbol { X } ^ { t } \\boldsymbol { A X } \\)와 \\( \\boldsymbol { X } ^ { t } \\boldsymbol { B X } \\)가 확률적으로 독립이기 위한 필요충분조건은 \\( \\boldsymbol { A } \\Sigma \\boldsymbol { B } \\)이다. 위의 정리에서는 \\( \\Sigma= \\sigma ^ { 2 } \\boldsymbol { I } \\)이므로 \\[ \\boldsymbol { A } \\Sigma \\boldsymbol { B } = \\boldsymbol { A } \\sigma ^ { 2 } \\boldsymbol { I B } = \\sigma ^ { 2 } \\boldsymbol { A B } = \\boldsymbol { 0 } \\] 이다.</p> <p>定理 9.3 \\( Q_ { 1 } , Q_ { 2 } , \\cdots, Q_ { k } \\)가 \\( N \\left (0, \\sigma ^ { 2 } \\right ) \\)으로부터의 추출한 크기 \\( n \\)인 확률표본에 의한 \\( k + 1 \\)개의 이차형식이고 \\( Q_ { k } \\)는 음이 아니며, \\[ \\begin {aligned} Q &=Q_ { 1 } + Q_ { 2 } + \\cdots + Q_ { k } \\\\ \\frac { 1 } {\\sigma ^ { 2 } } Q & \\sim \\chi ^ { 2 } (r), \\frac { 1 } {\\sigma ^ { 2 } } Q_ { i } \\sim \\chi ^ { 2 } \\left (r_ { i } \\right ), \\quad i=1,2,3, \\cdots, n \\end {aligned} \\] 이면, 확률변수 \\( Q_ { 1 } , Q_ { 2 } , \\cdots, Q_ { k } \\)는 확률적으로 독립이고, \\( \\frac { 1 } {\\sigma ^ { 2 } } Q_ { k } \\)의 분포는 자유도가 \\( r_ { k } =r_ { 1 } -r_ { 2 } - \\cdots-r_ { k-1 } \\)인 \\( \\chi ^ { 2 } \\)분포이다.</p>",
                "context_length": 1630,
                "clue": [
                    {
                        "clue_text": "위의 정리는 \\( X_ { 1 } , X_ { 2 } , \\cdots, X_ { n } \\)이 \\( N \\left ( \\mu, \\sigma ^ { 2 } \\right ) \\)으로부터 추출한 확률표본인 경우에도 성립한다.",
                        "clue_start": "398",
                        "clue_end": "520"
                    },
                    {
                        "clue_text": "또한 확률변수들이 양정치행렬 \\( \\Sigma \\)가 공분산행렬인 다변량정규분포를 따르는 경우로 확장할 수 있다.",
                        "clue_start": "521",
                        "clue_end": "584"
                    }
                ],
                "terminology": [
                    {
                        "word": "공분산행렬"
                    },
                    {
                        "word": "다변량정규분포"
                    },
                    {
                        "word": "독립"
                    },
                    {
                        "word": "양정치행렬"
                    },
                    {
                        "word": "이차형식"
                    },
                    {
                        "word": "필요충분조건"
                    },
                    {
                        "word": "확률변수"
                    },
                    {
                        "word": "확률적"
                    },
                    {
                        "word": "확률표본"
                    },
                    {
                        "word": "확장"
                    }
                ]
            },
            {
                "context_id": "55e-0c9-6cf56f79-7bf2-41bf-9b6c-88c12f58fe50_00",
                "context_K-NSCC": {
                    "field": "자연",
                    "large_category": "NA",
                    "medium_category": "10"
                },
                "context": "<p>의 분포들이 모두 자유도가 \\( n-2 \\)인 \\( t \\)분포임을 이용하면, \\( \\beta_ { 0 } \\)와 \\( \\beta_ { 1 } \\)에 대한 통계적 추론이 가능하다.</p> <p>세 번째로 일반선형모형 \\[ E(Y) = E(Y \\mid \\boldsymbol { x } )= \\beta_ { 0 } + \\sum_ { i=1 } ^ { k } \\beta_ { i } x_ { i } \\] 의 모수추정에 대하여 살펴보자. 먼저, 반응값 \\( y_ { j } \\)는 \\( x_ { 1 j } , x_ { 2 j } , \\cdots, x_ { k j } ,(j=1,2, \\cdots \\), \\( n) \\)에서 관찰된 것이므로 \\[ Y_ { j } = \\beta_ { 0 } + \\sum_ { i=1 } ^ { k } \\beta_ { i } x_ { i j } + \\epsilon_ { j } , \\operatorname { Var } \\left (Y_ { i } \\right )= \\sigma ^ { 2 } , \\operatorname { Cov } \\left (Y_ { i } , Y_ { j } \\right )=0,(i \\neq j) \\] 으로 쓸수 있으며, 이를 행렬기호로 나타내면 \\[ \\boldsymbol { Y } = \\boldsymbol { X } \\boldsymbol {\\beta } + \\boldsymbol {\\epsilon } , \\operatorname { Var } ( \\boldsymbol { Y } )= \\sigma ^ { 2 } \\boldsymbol { I } \\] 이다. 위의 행렬을 성분으로 나타내면. \\[ \\boldsymbol { Y } = \\left ( \\begin {array} { c } y_ { 1 } \\\\ y_ { 2 } \\\\ y_ { 3 } \\\\ \\vdots \\\\ y_ { n } \\end {array} \\right ), \\boldsymbol { X } = \\left ( \\begin {array} { ccccc } 1 & x_ { 11 } & x_ { 12 } & \\cdots & x_ { k 1 } \\\\ 1 & x_ { 12 } & x_ { 22 } & \\cdots & x_ { k 2 } \\\\ 1 & x_ { 13 } & x_ { 23 } & \\cdots & x_ { k 3 } \\\\ \\vdots & \\vdots & \\vdots & \\ddots & \\vdots \\\\ 1 & x_ { 1 n } & x_ { 2 n } & \\cdots & x_ { k n } \\end {array} \\right ), \\boldsymbol { Y } = \\left ( \\begin {array} { c } \\beta_ { 0 } \\\\ \\beta_ { 1 } \\\\ \\beta_ { 2 } \\vdots \\\\ \\beta_ { k } \\end {array} \\right ), \\boldsymbol {\\epsilon } = \\left ( \\begin {array} { c } \\epsilon_ { 1 } \\\\ \\epsilon_ { 2 } \\\\ \\epsilon_ { 3 } \\\\ \\vdots \\\\ \\epsilon_ { n } \\end {array} \\right ) \\] 이고, \\( \\boldsymbol {\\epsilon } \\)은 확률벡터이고, \\( \\boldsymbol {\\beta } \\)는 미지모수벡터, \\( \\boldsymbol { X } \\)는 기지의(known) 고정된 행렬로 독립변수 \\( x_ { i } \\)들의 측정수준값들로 만든 행렬인데, \\( n>k \\)이고 계수는 \\( r( \\boldsymbol { X } )=k + 1 \\)로 행렬 \\( \\boldsymbol { X } ^ { t } \\boldsymbol { X } \\)가 역행렬이 존재하는 정칙행렬이다. 이러한 성질을 가진 모형을 완전계수의 중선형회귀모형(multiple linear regression model of full rank)이라 부른다.</p>",
                "context_length": 1938,
                "clue": [
                    {
                        "clue_text": "의 분포들이 모두 자유도가 \\( n-2 \\)인 \\( t \\)분포임을 이용하면, \\( \\beta_ { 0 } \\)와 \\( \\beta_ { 1 } \\)에 대한 통계적 추론이 가능하다.",
                        "clue_start": "3",
                        "clue_end": "103"
                    },
                    {
                        "clue_text": "세 번째로 일반선형모형 \\[ E(Y) = E(Y \\mid \\boldsymbol { x } )= \\beta_ { 0 } + \\sum_ { i=1 } ^ { k } \\beta_ { i } x_ { i } \\] 의 모수추정에 대하여 살펴보자.",
                        "clue_start": "111",
                        "clue_end": "243"
                    },
                    {
                        "clue_text": "먼저, 반응값 \\( y_ { j } \\)는 \\( x_ { 1 j } , x_ { 2 j } , \\cdots, x_ { k j } ,(j=1,2, \\cdots \\), \\( n) \\)에서 관찰된 것이므로 \\[ Y_ { j } = \\beta_ { 0 } + \\sum_ { i=1 } ^ { k } \\beta_ { i } x_ { i j } + \\epsilon_ { j } , \\operatorname { Var } \\left (Y_ { i } \\right )= \\sigma ^ { 2 } , \\operatorname { Cov } \\left (Y_ { i } , Y_ { j } \\right )=0,(i \\neq j) \\] 으로 쓸수 있으며, 이를 행렬기호로 나타내면 \\[ \\boldsymbol { Y } = \\boldsymbol { X } \\boldsymbol {\\beta } + \\boldsymbol {\\epsilon } , \\operatorname { Var } ( \\boldsymbol { Y } )= \\sigma ^ { 2 } \\boldsymbol { I } \\] 이다.",
                        "clue_start": "244",
                        "clue_end": "789"
                    }
                ],
                "terminology": [
                    {
                        "word": "Cov"
                    },
                    {
                        "word": "계수"
                    },
                    {
                        "word": "독립변수"
                    },
                    {
                        "word": "모수추정"
                    },
                    {
                        "word": "미지모수벡터"
                    },
                    {
                        "word": "반응값"
                    },
                    {
                        "word": "역행렬"
                    },
                    {
                        "word": "완전계수"
                    },
                    {
                        "word": "일반선형모형"
                    },
                    {
                        "word": "자유도"
                    },
                    {
                        "word": "정칙행렬"
                    },
                    {
                        "word": "중선형회귀모형"
                    },
                    {
                        "word": "추론"
                    },
                    {
                        "word": "측정수준값"
                    },
                    {
                        "word": "통계적 추론"
                    },
                    {
                        "word": "행렬"
                    },
                    {
                        "word": "행렬기호"
                    },
                    {
                        "word": "확률벡터"
                    }
                ]
            },
            {
                "context_id": "55e-0c9-5d8485e7-1a94-47db-b50d-9db6db964a38_00",
                "context_K-NSCC": {
                    "field": "자연",
                    "large_category": "NA",
                    "medium_category": "10"
                },
                "context": "<p>9. \\( X_ { 1 } , X_ { 2 } , X_ { 3 } , X_ { 4 } \\)는 정규분포 \\( N(0,1) \\)로부터 추출된 크기 \\(4 \\)인 확률표본이다. \\[ \\begin {aligned} \\sum_ { i = 1 } ^ { n } \\left (X_ { i } - \\bar { X } \\right ) ^ { 2 } =& \\frac { 1 } { 2 } \\left (X_ { 1 } -X_ { 2 } \\right ) ^ { 2 } + \\frac { 2 } { 3 } \\left (X_ { 3 } - \\frac { 1 } { 2 } \\left (X_ { 1 } + X_ { 2 } \\right ) \\right ) ^ { 2 } \\\\ & + \\frac { 3 } { 4 } \\left (X_ { 4 } + \\frac { 1 } { 3 } \\left (X_ { 1 } + X_ { 2 } + X_ { 3 } \\right ) \\right ) ^ { 2 } \\end {aligned} \\] 임을 보이고, 오른쪽 세 항들의 분포는 \\( \\chi ^ { 2 } (1) \\)에 따르는 확률적으로 독립인 확률변수들인가를 조사하여라.</p> <p>10. \\( X_ { i } ,(i=1,2, \\cdots, n) \\)는 확률적으로 독립이고, 각각의 분포가 \\( N \\left (c_ { i } \\beta, c_ { i } ^ { 2 } \\gamma ^ { 2 } \\right ) \\)인 확률변수들이다. 이때, 모든 \\( c_ { i } ,(i=1,2, \\cdots, n) \\)는 영이 아니고 또한 모두 같지는 않다. \\( \\beta \\)와 \\( \\gamma ^ { 2 } \\)의 최소제곱추정량과 최우추정량을 구하여라.</p> <p>11. \\( X_ { i } ,(i=1,2, \\cdots, n) \\)는 확률적으로 독립인 확률변수들이고, 그 결합확률밀도함수가 \\[ \\left (2 \\pi \\sigma ^ { 2 } \\right ) ^ { -n / 2 } \\exp \\left \\{ - \\frac { 1 } { 2 \\sigma ^ { 2 } } \\sum_ { i=1 } ^ { n } \\left \\{ x_ { i } - \\alpha- \\beta \\left (c_ { i } - \\bar { c } \\right ) \\right \\} ^ { 2 } \\right \\} \\] 이다. 여기서 \\( c_ { i } (i=1,2, \\cdots, n) \\)는 모두 같지는 않다. \\( \\alpha \\)와 \\( \\sigma ^ { 2 } \\)이 미지(unknown)일 때, 대립가설 \\( H_ { 1 } : \\beta \\neq 0 \\)에 대한 귀무가설 \\( H_ { 0 } : \\beta=0 \\)의 우도비검정을 구하여라.</p>",
                "context_length": 1348,
                "clue": [
                    {
                        "clue_text": "9. \\( X_ { 1 } , X_ { 2 } , X_ { 3 } , X_ { 4 } \\)는 정규분포 \\( N(0,1) \\)로부터 추출된 크기 \\(4 \\)인 확률표본이다.",
                        "clue_start": "3",
                        "clue_end": "98"
                    },
                    {
                        "clue_text": "10. \\( X_ { i } ,(i=1,2, \\cdots, n) \\)는 확률적으로 독립이고, 각각의 분포가 \\( N \\left (c_ { i } \\beta, c_ { i } ^ { 2 } \\gamma ^ { 2 } \\right ) \\)인 확률변수들이다.",
                        "clue_start": "588",
                        "clue_end": "729"
                    }
                ],
                "terminology": [
                    {
                        "word": "결합확률밀도함수"
                    },
                    {
                        "word": "귀무가설"
                    },
                    {
                        "word": "대립가설"
                    },
                    {
                        "word": "독립"
                    },
                    {
                        "word": "우도비검정"
                    },
                    {
                        "word": "정규분포"
                    },
                    {
                        "word": "최소제곱추정량"
                    },
                    {
                        "word": "최우추정량"
                    },
                    {
                        "word": "확률변수"
                    },
                    {
                        "word": "확률표본"
                    }
                ]
            },
            {
                "context_id": "55e-0c9-b189605a-7beb-41b4-83ba-ee5639a296f6_00",
                "context_K-NSCC": {
                    "field": "자연",
                    "large_category": "NA",
                    "medium_category": "10"
                },
                "context": "<p>지금까지 살펴본 바와 같이 이차형식으로 표현되는 통계량들은 확률적으로 독립임을 보였기 때문에 다음과 같은 통계량 \\[ \\frac { Q_ { 4 } / \\left ( \\sigma ^ { 2 } (b-1) \\right ) } { Q_ { 3 } / \\left ( \\sigma ^ { 2 } (b(a-1)) \\right . } = \\frac { Q_ { 4 } /(b-1) } { Q_ { 3 } /(b(a-1)) } \\] 은 분자, 분모의 자유도가 각각 \\( b-1 \\)과 \\( b(a-1) \\)인 \\( F \\)분포를 따르며, 다음 통계량 \\[ \\frac { Q_ { 4 } / \\left ( \\sigma ^ { 2 } (b-1) \\right ) } { Q_ { 5 } / \\left ( \\sigma ^ { 2 } ((a-1)(b-1)) \\right . } = \\frac { Q_ { 4 } } { Q_ { 6 } /(a-1) } \\] 은 분자, 분모의 자유도가 각각 \\( b-1 \\)과 \\( (a-1)(b-1) \\)인 \\( F \\)분포를 따른다. 이 사실은 이러한 통계량들이 다음 절에서 다루게 될 통계적 가설의 우도비검정에 기초가 된다. 또한, 정리 9.3에서 \\( Q, Q_ { 1 } , Q_ { 2 } , \\cdots, Q_ { k } \\)들이 다변량정규변수들을 포함한 임의의 정규확률변수들에 의한 이차형식들일 때에도 성립하는데, 차이 점은 단지 이차형식들의 분포가 경우에 따라서 비중심 \\( \\chi ^ { 2 } \\)분포가 될 뿐이다.</p> <p>定理 9.4 \\( X_ { 1 } , X_ { 2 } , \\cdots, X_ { n } \\)가 \\( N \\left (0, \\sigma ^ { 2 } \\right ) \\)으로부터의 추출한 크기 \\( n \\)인 확률표본이고 \\( Q_ { k } ,(j=1,2, \\cdots, k) \\)는 계수가 \\( r_ { j } \\)인 행렬 \\( \\boldsymbol { A } _ { j } \\)와 \\( X_ { 1 } , X_ { 2 } , \\cdots, X_ { n } \\)에 의한 이차형식일 때, \\[ \\sum_ { i=1 } ^ { n } X_ { i } ^ { 2 } =Q_ { 1 } + Q_ { 2 } + \\cdots + Q_ { k } , \\] 이면, 확률변수 \\( Q_ { 1 } , Q_ { 2 } , \\cdots, Q_ { k } \\)는 확률적으로 독립이고, 이때 \\[ \\frac { 1 } {\\sigma ^ { 2 } } Q_ { j } \\sim \\chi ^ { 2 } \\left (r_ { j } \\right ), \\quad j=1,2,3, \\cdots, k \\] 이기 위한 필요충분조건은 \\( r_ { 1 } + r_ { 2 } + \\cdots + n + k=n \\)이다.</p>",
                "context_length": 1374,
                "clue": [
                    {
                        "clue_text": "또한, 정리 9.3에서 \\( Q, Q_ { 1 } , Q_ { 2 } , \\cdots, Q_ { k } \\)들이 다변량정규변수들을 포함한 임의의 정규확률변수들에 의한 이차형식들일 때에도 성립하는데, 차이 점은 단지 이차형식들의 분포가 경우에 따라서 비중심 \\( \\chi ^ { 2 } \\)분포가 될 뿐이다.",
                        "clue_start": "585",
                        "clue_end": "756"
                    },
                    {
                        "clue_text": "定理 9.4 \\( X_ { 1 } , X_ { 2 } , \\cdots, X_ { n } \\)가 \\( N \\left (0, \\sigma ^ { 2 } \\right ) \\)으로부터의 추출한 크기 \\( n \\)인 확률표본이고 \\( Q_ { k } ,(j=1,2, \\cdots, k) \\)는 계수가 \\( r_ { j } \\)인 행렬 \\( \\boldsymbol { A } _ { j } \\)와 \\( X_ { 1 } , X_ { 2 } , \\cdots, X_ { n } \\)에 의한 이차형식일 때, \\[ \\sum_ { i=1 } ^ { n } X_ { i } ^ { 2 } =Q_ { 1 } + Q_ { 2 } + \\cdots + Q_ { k } , \\] 이면, 확률변수 \\( Q_ { 1 } , Q_ { 2 } , \\cdots, Q_ { k } \\)는 확률적으로 독립이고, 이때 \\[ \\frac { 1 } {\\sigma ^ { 2 } } Q_ { j } \\sim \\chi ^ { 2 } \\left (r_ { j } \\right ), \\quad j=1,2,3, \\cdots, k \\] 이기 위한 필요충분조건은 \\( r_ { 1 } + r_ { 2 } + \\cdots + n + k=n \\)이다.",
                        "clue_start": "764",
                        "clue_end": "1370"
                    }
                ],
                "terminology": [
                    {
                        "word": "계수"
                    },
                    {
                        "word": "다변량정규변수"
                    },
                    {
                        "word": "독립"
                    },
                    {
                        "word": "우도비검정"
                    },
                    {
                        "word": "이차형식"
                    },
                    {
                        "word": "정규확률변수"
                    },
                    {
                        "word": "통계량"
                    },
                    {
                        "word": "통계적 가설"
                    },
                    {
                        "word": "필요충분조건"
                    },
                    {
                        "word": "행렬"
                    },
                    {
                        "word": "확률변수"
                    },
                    {
                        "word": "확률적"
                    },
                    {
                        "word": "확률표본"
                    }
                ]
            },
            {
                "context_id": "55e-0c9-5d8485e7-1a94-47db-b50d-9db6db964a38_01",
                "context_K-NSCC": {
                    "field": "자연",
                    "large_category": "NA",
                    "medium_category": "10"
                },
                "context": "<p>11. \\( X_ { 1 k } , X_ { 2 k } , \\cdots, X_ { a_ { k } k } \\)는 정규분포 \\( N \\left ( \\mu_ { k } , \\sigma ^ { 2 } \\right ) \\)에서 추출한 크기 \\( a_ { k } ,(k=1,2, \\cdots, b) \\)인 확률표본이다. 이때, \\[ \\begin {array} { l } \\bar { X } = \\frac { 1 } { n } \\sum_ { k=1 } ^ { b } \\sum_ { i=1 } ^ { a_ { k } } X_ { i k } , \\quad n= \\sum_ { k=1 } ^ { b } a_ { k } , \\quad \\bar { X } _ {\\cdot k } = \\frac { 1 } { a_ { k } } \\sum_ { i=1 } ^ { a_ { k } } X_ { i k } , \\\\ Q= \\sum_ { k=1 } ^ { b } \\sum_ { i=1 } ^ { a_ { k } } \\left (X_ { i k } - \\bar { X } \\right ) ^ { 2 } , \\quad Q_ { 1 } = \\sum_ { k=1 } ^ { b } \\sum_ { i=1 } ^ { a_ { k } } \\left (X_ { i k } - \\bar { X } _ {\\cdot k } \\right ) ^ { 2 } , \\quad Q_ { 2 } = \\sum_ { k=1 } ^ { b } a_ { k } \\left (X_ {\\cdot k } - \\bar { X } \\right ) ^ { 2 } \\end {array} \\] 이라 할 때</p> <ol type=a start=1><li>\\( Q=Q_ { 1 } + Q_ { 2 } \\)임을 증명하여라.</li> <li>\\( Q_ { 1 } / \\sigma ^ { 2 } \\)과 \\( Q_ { 2 } / \\sigma ^ { 2 } \\)은 확률적으로 독립이고 \\( \\mu_ { 1 } = \\mu_ { 2 } = \\cdots= \\mu_ { k } \\)일 때, 각각의 분포는 \\( \\chi ^ { 2 } \\)분포에 따름을 증명하여라.</li> <li>모든 대립가서에 대한 귀무가설 \\( H_ { 0 } : \\mu_ { 1 } = \\mu_ { 2 } = \\cdots= \\mu_ { k } = \\mu \\)의 우도비검정에서 \\( \\lambda \\leqslant \\lambda_ { 0 } \\)는 \\( F \\geqslant c \\)와 동일함을 증명하여라. 여기서 \\[ F= \\frac { Q_ { 2 } } { (b-1) Q_ { 1 } } \\left ( \\sum_ { k=1 } ^ { b } a_ { k } -b \\right ) \\] 이고 \\( \\mu \\)는 미정(undetermined)이고 \\( \\sigma ^ { 2 } \\)은 미지(unknown)이다.</li> <li>(c)에서 귀무가설 \\( H_ { 0 } \\)가 참일 때 \\( F \\)분포를 구하여라.</li></ol>",
                "context_length": 1462,
                "clue": [
                    {
                        "clue_text": "11. \\( X_ { 1 k } , X_ { 2 k } , \\cdots, X_ { a_ { k } k } \\)는 정규분포 \\( N \\left ( \\mu_ { k } , \\sigma ^ { 2 } \\right ) \\)에서 추출한 크기 \\( a_ { k } ,(k=1,2, \\cdots, b) \\)인 확률표본이다.",
                        "clue_start": "3",
                        "clue_end": "176"
                    },
                    {
                        "clue_text": "\\( Q=Q_ { 1 } + Q_ { 2 } \\)임을 증명하여라.",
                        "clue_start": "828",
                        "clue_end": "864"
                    }
                ],
                "terminology": [
                    {
                        "word": "귀무가설"
                    },
                    {
                        "word": "독립"
                    },
                    {
                        "word": "미정(undetermined)"
                    },
                    {
                        "word": "미지(unknown)"
                    },
                    {
                        "word": "우도비검정"
                    },
                    {
                        "word": "정규분포"
                    },
                    {
                        "word": "확률표본"
                    }
                ]
            },
            {
                "context_id": "55e-0c9-cdbced63-a927-4ecf-9b7a-6120b3b04020_01",
                "context_K-NSCC": {
                    "field": "자연",
                    "large_category": "NA",
                    "medium_category": "10"
                },
                "context": "<p>邆明 \\( k=2 \\)라 할때, \\( Q, Q_ { 1 } \\)과 \\( Q_ { 2 } \\)의 실대칭행렬을 각각 \\( \\boldsymbol { A } , \\boldsymbol { A } _ { 1 } , \\boldsymbol { A } _ { 2 } \\)라 하면 \\( Q= Q_ { 1 } + Q_ { 2 } \\)이므로 \\( \\boldsymbol { A } = \\boldsymbol { A } _ { 1 } + \\boldsymbol { A } _ { 2 } \\)이고 \\( \\frac { 1 } {\\sigma ^ { 2 } } Q \\sim \\chi ^ { 2 } (r), \\frac { 1 } {\\sigma ^ { 2 } } Q_ { 1 } \\sim \\chi ^ { 2 } \\left (r_ { 1 } \\right ) \\)이므로 정리 9.1에 의하여 \\( \\boldsymbol { A } ^ { 2 } = \\boldsymbol { A } , \\boldsymbol { A } _ { 1 } ^ { 2 } = \\boldsymbol { A } _ { 1 } \\)이다. 그리고 \\( Q_ { 2 } \\geqslant 0 \\)이므로 \\( \\boldsymbol { A } , \\boldsymbol { A } _ { 1 } \\)과 \\( \\boldsymbol { A } _ { 2 } \\)는 양반정치행렬(positive semi-defnite matirx)이고 \\( \\boldsymbol { A } ^ { 2 } = \\boldsymbol { A } \\)이므로 직교행렬 \\( \\boldsymbol { Q } \\)가 존재하여 \\[ \\boldsymbol { Q } ^ { t } \\boldsymbol { A Q } = \\left ( \\begin {array} { cc } \\boldsymbol { I } _ { r } & 0 \\\\ 0 & 0 \\end {array} \\right )= \\boldsymbol { Q } ^ { t } \\boldsymbol { A } _ { 1 } \\boldsymbol { Q } + \\boldsymbol { Q } ^ { t } \\boldsymbol { A } _ { 2 } \\boldsymbol { Q } \\] 가 성립한다. 여기서 \\( \\boldsymbol { A } _ { 1 } \\)과 \\( \\boldsymbol { A } _ { 2 } \\)는 양반정치행렬이므로 \\( \\boldsymbol { Q } ^ { t } \\boldsymbol { A } _ { 1 } \\boldsymbol { Q } \\)과 \\( \\boldsymbol { Q } ^ { t } \\boldsymbol { A } _ { 2 } Q \\)도 양반정치행렬이다. 그런데 실대칭행렬이 양반정치행렬이면 그 행렬의 주대각선상 원소들은 음이 아니고, 특히 주대각선상의 원소가 0이면 그 원소가 속한 행과 열의 모든 원소들은 0이 되어야 한다. 그러므로 \\( \\boldsymbol { Q } ^ { t } \\boldsymbol { A Q } = \\boldsymbol { Q } ^ { t } \\boldsymbol { A } _ { 1 } \\boldsymbol { Q } + \\boldsymbol { Q } ^ { t } \\boldsymbol { A } _ { 2 } \\boldsymbol { Q } \\)는 \\[ \\left ( \\begin {array} { cc } \\boldsymbol { I } _ { r } & \\boldsymbol { 0 } \\\\ \\boldsymbol { 0 } & \\boldsymbol { 0 } \\end {array} \\right )= \\left ( \\begin {array} { cc } \\boldsymbol { G } _ { r } & \\boldsymbol { 0 } \\\\ \\boldsymbol { 0 } & \\boldsymbol { 0 } \\end {array} \\right ) + \\left ( \\begin {array} { cc } \\boldsymbol { H } _ { r } & \\boldsymbol { 0 } \\\\ \\boldsymbol { 0 } & \\boldsymbol { 0 } \\end {array} \\right ) \\]</p>",
                "context_length": 2042,
                "clue": [
                    {
                        "clue_text": "여기서 \\( \\boldsymbol { A } _ { 1 } \\)과 \\( \\boldsymbol { A } _ { 2 } \\)는 양반정치행렬이므로 \\( \\boldsymbol { Q } ^ { t } \\boldsymbol { A } _ { 1 } \\boldsymbol { Q } \\)과 \\( \\boldsymbol { Q } ^ { t } \\boldsymbol { A } _ { 2 } Q \\)도 양반정치행렬이다.",
                        "clue_start": "1086",
                        "clue_end": "1313"
                    },
                    {
                        "clue_text": "그런데 실대칭행렬이 양반정치행렬이면 그 행렬의 주대각선상 원소들은 음이 아니고, 특히 주대각선상의 원소가 0이면 그 원소가 속한 행과 열의 모든 원소들은 0이 되어야 한다.",
                        "clue_start": "1314",
                        "clue_end": "1410"
                    }
                ],
                "terminology": [
                    {
                        "word": "실대칭행렬"
                    },
                    {
                        "word": "양반정치행렬"
                    },
                    {
                        "word": "열"
                    },
                    {
                        "word": "원소"
                    },
                    {
                        "word": "주대각선상"
                    },
                    {
                        "word": "직교행렬"
                    },
                    {
                        "word": "행"
                    },
                    {
                        "word": "행렬"
                    }
                ]
            }
        ]
    }
}