{
    "dataset_info": {
        "identifier": "02-031-002-NL",
        "name": "기술과학 문서 요약 데이터",
        "category": "자연어",
        "last_updated": "2023-08-30"
    },
    "dataset": {
        "doc_id": "96aba9d6-6dd0017a-887c-48a6-8b45-87bb52460b71",
        "doc_type": "도서",
        "doc_title": {
            "kor": "m867-미분적분학",
            "eng": ""
        },
        "doc_category": {
            "KDC": "414.1",
            "DDC": ""
        },
        "doc_number": {
            "ISSN": "",
            "ISBN": "9788961058674",
            "DOI": "",
            "UCI": ""
        },
        "doc_year": "2015",
        "doc_author": [
            "이춘호"
        ],
        "doc_publisher": "경문사",
        "doc_license": "저작권 협의됨",
        "context_info": [
            {
                "context_id": "55e-0c9-merge_96aba9d6-6dd0017a-887c-48a6-8b45-87bb52460b71_14",
                "context_K-NSCC": {
                    "field": "자연",
                    "large_category": "NA",
                    "medium_category": "02"
                },
                "context": "<h2>덧셈공식의 변형</h2> <p>덧셈공식을 다시 살펴보기로 하자. 공식 (1.11) 과 (1.12), (1.13)과 (1.14)을 각각 더하고 빼면<p>\\( 2 \\sin \\alpha \\cos \\beta= \\sin ( \\alpha + \\beta) + \\sin ( \\alpha- \\beta) \\)<caption>(1.18)</caption></p></p> <p>\\( 2 \\cos \\alpha \\sin \\beta= \\sin ( \\alpha + \\beta)- \\sin ( \\alpha- \\beta) \\)<caption>(1.19)</caption></p></p> <p>\\( 2 \\cos \\alpha \\cos \\beta= \\cos ( \\alpha + \\beta) + \\cos ( \\alpha- \\beta) \\)<caption>(1.20)</caption></p></p> <p>\\( 2 \\sin \\alpha \\sin \\beta=- \\{\\cos ( \\alpha + \\beta)- \\cos ( \\alpha- \\beta) \\} \\)<caption>(1.21)</caption></p>을 얻는다. 이 공식은 두 삼각함수의 곱을 합과 차로 바꾸는 공식이다.</p> <p>예제 \\( 1.15 \\) \\( \\sin 15 ^ {\\circ } \\cos 75 ^ {\\circ } \\) 을 구하여라.</p> <p>풀이 공식 (1.18)를 이용하면 \\[ \\begin {aligned} \\sin 15 ^ {\\circ } \\cos 75 ^ {\\circ } &= \\frac { 1 } { 2 } \\left \\{\\sin \\left (15 ^ {\\circ } + 75 ^ {\\circ } \\right ) + \\sin \\left (15 ^ {\\circ } -75 ^ {\\circ } \\right ) \\right \\} \\\\ &= \\frac { 1 } { 2 } \\left \\{\\sin 90 ^ {\\circ } + \\sin \\left (-60 ^ {\\circ } \\right ) \\right \\} \\\\ &= \\frac { 1 } { 2 } \\left (1- \\frac {\\sqrt { 3 } } { 2 } \\right ) \\\\ &= \\frac { 2- \\sqrt { 3 } } { 4 } \\end {aligned} \\] 이제 공식 (1.18)-(1.21) 에서 \\( \\alpha + \\beta=A, \\alpha- \\beta=B \\) 라 두면 \\( \\alpha= \\frac { A + B } { 2 } , \\beta= \\frac { A-B } { 2 } \\) 이므로 공식에 대입하면 삼각함수의 합, 차를 곱으로 바꾸는 공식을 얻는다.<p>\\( \\sin A + \\sin B=2 \\sin \\frac { A + B } { 2 } \\cos \\frac { A-B } { 2 } \\)<caption>(1.22)</caption></p> <p>\\( \\sin A- \\sin B=2 \\cos \\frac { A + B } { 2 } \\sin \\frac { A-B } { 2 } \\)<caption>(1.23)</caption></p> <p>\\( \\cos A + \\cos B=2 \\cos \\frac { A + B } { 2 } \\cos \\frac { A-B } { 2 } \\)<caption>(1.24)</caption></p> <p>\\( \\cos A- \\cos B=-2 \\sin \\frac { A + B } { 2 } \\sin \\frac { A-B } { 2 } \\)<caption>(1.25)</caption></p></p> <p>예제 \\( 1.16 \\) \\( \\sin 15 ^ {\\circ } + \\sin 75 ^ {\\circ } \\) 을 구하여라.</p> <p>풀이 공식 (1.22) 을 이용하면 \\( A=15 ^ {\\circ } , B=75 ^ {\\circ } \\) 이므로 \\[ \\begin {aligned} \\sin 15 ^ {\\circ } + \\sin 75 ^ {\\circ } &=2 \\sin 45 ^ {\\circ } \\cos \\left (-30 ^ {\\circ } \\right ) \\\\ &=2 \\cdot \\frac {\\sqrt { 2 } } { 2 } \\cdot \\frac {\\sqrt { 3 } } { 2 } \\\\ &= \\frac {\\sqrt { 6 } } { 2 } \\end {aligned} \\]</p>",
                "context_length": 2104,
                "clue": [
                    {
                        "clue_text": "공식 (1.11) 과 (1.12), (1.13)과 (1.14)을 각각 더하고 빼면<p>\\( 2 \\sin \\alpha \\cos \\beta= \\sin ( \\alpha + \\beta) + \\sin ( \\alpha- \\beta) \\)<caption>(1.18)</caption></p></p> <p>\\( 2 \\cos \\alpha \\sin \\beta= \\sin ( \\alpha + \\beta)- \\sin ( \\alpha- \\beta) \\)<caption>(1.19)</caption></p></p> <p>\\( 2 \\cos \\alpha \\cos \\beta= \\cos ( \\alpha + \\beta) + \\cos ( \\alpha- \\beta) \\)<caption>(1.20)</caption></p></p> <p>\\( 2 \\sin \\alpha \\sin \\beta=- \\{\\cos ( \\alpha + \\beta)- \\cos ( \\alpha- \\beta) \\} \\)<caption>(1.21)</caption>",
                        "clue_start": "40",
                        "clue_end": "540"
                    },
                    {
                        "clue_text": "예제 \\( 1.15 \\) \\( \\sin 15 ^ {\\circ } \\cos 75 ^ {\\circ } \\) 을 구하여라.",
                        "clue_start": "591",
                        "clue_end": "656"
                    },
                    {
                        "clue_text": "풀이 공식 (1.18)를 이용하면 \\[ \\begin {aligned} \\sin 15 ^ {\\circ } \\cos 75 ^ {\\circ } &= \\frac { 1 } { 2 } \\left \\{\\sin \\left (15 ^ {\\circ } + 75 ^ {\\circ } \\right ) + \\sin \\left (15 ^ {\\circ } -75 ^ {\\circ } \\right ) \\right \\} \\\\ &= \\frac { 1 } { 2 } \\left \\{\\sin 90 ^ {\\circ } + \\sin \\left (-60 ^ {\\circ } \\right ) \\right \\} \\\\ &= \\frac { 1 } { 2 } \\left (1- \\frac {\\sqrt { 3 } } { 2 } \\right ) \\\\ &= \\frac { 2- \\sqrt { 3 } } { 4 } \\end {aligned} \\] 이제 공식 (1.18)-(1.21) 에서 \\( \\alpha + \\beta=A, \\alpha- \\beta=B \\) 라 두면 \\( \\alpha= \\frac { A + B } { 2 } , \\beta= \\frac { A-B } { 2 } \\) 이므로 공식에 대입하면 삼각함수의 합, 차를 곱으로 바꾸는 공식을 얻는다.",
                        "clue_start": "664",
                        "clue_end": "1281"
                    },
                    {
                        "clue_text": "\\( \\sin A + \\sin B=2 \\sin \\frac { A + B } { 2 } \\cos \\frac { A-B } { 2 } \\)<caption>(1.22)</caption></p> <p>\\( \\sin A- \\sin B=2 \\cos \\frac { A + B } { 2 } \\sin \\frac { A-B } { 2 } \\)<caption>(1.23)</caption></p> <p>\\( \\cos A + \\cos B=2 \\cos \\frac { A + B } { 2 } \\cos \\frac { A-B } { 2 } \\)<caption>(1.24)</caption></p> <p>\\( \\cos A- \\cos B=-2 \\sin \\frac { A + B } { 2 } \\sin \\frac { A-B } { 2 } \\)<caption>(1.25)</caption>",
                        "clue_start": "1284",
                        "clue_end": "1707"
                    },
                    {
                        "clue_text": "예제 \\( 1.16 \\) \\( \\sin 15 ^ {\\circ } + \\sin 75 ^ {\\circ } \\) 을 구하여라.",
                        "clue_start": "1719",
                        "clue_end": "1786"
                    }
                ],
                "terminology": [
                    {
                        "word": "덧셈공식"
                    },
                    {
                        "word": "삼각함수"
                    }
                ]
            },
            {
                "context_id": "55e-0c9-merge_96aba9d6-6dd0017a-887c-48a6-8b45-87bb52460b71_05",
                "context_K-NSCC": {
                    "field": "자연",
                    "large_category": "NA",
                    "medium_category": "02"
                },
                "context": "<p>예제 \\( 1.8 \\) \\( A \\) 라는 물질이 화학반응 후 \\( B \\) 라는 물질로 변한다 하자. 반응이 시작될 때 \\( A \\) 의 양이 \\( 3 \\mathrm { ~g } \\) 이라 하자. \\( x \\mathrm { ~g } \\) 의 물질 \\( A \\) 가 반응 후 생성된 \\( B \\) 의 양 \\( f(x) \\) 는 \\( x \\) 와 \\( 3-x \\) 의 곱에 비례한다고 하자. \\( f(2)=4 \\) 일 때, 함수 \\( f \\) 를 구하여라.</p> <p>풀이 \\( f(x) \\) 는 \\( x(3-x) \\) 에 비례하므로 \\( f(x)=k x(3-x) \\) 인 0 이 아닌 상수 \\( k \\) 가 존재한다. 이제 \\( f(2)=4 \\) 를 대입하여 \\[ 4=f(2)=k \\cdot 2 \\cdot(3-2) . \\] 즉 \\( k=2 \\). 따라서 \\( f(x)=2 x(3-x) \\) 이다. 한편 반응이 시작될 때 \\( A \\) 의 양이 \\( 3 \\mathrm { ~g } \\) 이므로 함수 \\( f \\) 는 \\( 0 \\leq x \\leq 3 \\) 인 \\( x \\) 에 대해서만 정의된다. 즉 함수 \\( f \\) 의 정의역은 닫힌구간 \\( [0,3] \\) 이다.</p> <h2>다항함수와 유리함수</h2> <p>실수 \\( c_ { 0 } , c_ { 1 } , \\cdots, c_ { n } \\left (c_ { n } \\neq 0 \\right ) \\) 과 음이 아닌 정수 \\( n \\) 에 대하여 \\[ f(x)=c_ { n } x ^ { n } + c_ { n-1 } x ^ { n-1 } + \\cdots + c_ { 1 } x + c_ { 0 } \\] 로 정의된 함수를 다항식이라 하고, \\( n \\) 을 다항함수 \\( f \\) 의 차수라 한다.<p>특히 적당한 실수 \\( k \\) 에 대하여 \\( f(x)=k \\) 일 때 이 함수를 상수함수라 하고, \\( f(x)=x \\) 를 항등함수, \\( f(x)=a x + b \\) 를 일차함수라고 부른다.</p></p> <p>다항식의 분수함수를 유리함수라 부른다. 즉 \\[ \\begin {array} { l } f(x)= \\frac { c_ { m } x ^ { m } + c_ { m-1 } x ^ { m-1 } + \\cdots + c_ { 1 } x + c_ { 0 } } { b_ { n } x ^ { n } + b_ { n-1 } x ^ { n-1 } + \\cdots + b_ { 1 } x + b_ { 0 } } \\\\ \\left ( \\text { 단, } b_ { n } x ^ { n } + b_ { n-1 } x ^ { n-1 } + \\cdots + b_ { 1 } x + b_ { 0 } \\neq 0 \\right ) \\end {array} \\] 의 꼴로 나타낼 수 있으면 유리함수이다.</p>",
                "context_length": 1380,
                "clue": [
                    {
                        "clue_text": "예제 \\( 1.8 \\) \\( A \\) 라는 물질이 화학반응 후 \\( B \\) 라는 물질로 변한다 하자.",
                        "clue_start": "3",
                        "clue_end": "60"
                    },
                    {
                        "clue_text": "반응이 시작될 때 \\( A \\) 의 양이 \\( 3 \\mathrm { ~g } \\) 이라 하자.",
                        "clue_start": "61",
                        "clue_end": "113"
                    },
                    {
                        "clue_text": "\\( x \\mathrm { ~g } \\) 의 물질 \\( A \\) 가 반응 후 생성된 \\( B \\) 의 양 \\( f(x) \\) 는 \\( x \\) 와 \\( 3-x \\) 의 곱에 비례한다고 하자.",
                        "clue_start": "114",
                        "clue_end": "220"
                    },
                    {
                        "clue_text": "실수 \\( c_ { 0 } , c_ { 1 } , \\cdots, c_ { n } \\left (c_ { n } \\neq 0 \\right ) \\) 과 음이 아닌 정수 \\( n \\) 에 대하여 \\[ f(x)=c_ { n } x ^ { n } + c_ { n-1 } x ^ { n-1 } + \\cdots + c_ { 1 } x + c_ { 0 } \\] 로 정의된 함수를 다항식이라 하고, \\( n \\) 을 다항함수 \\( f \\) 의 차수라 한다.",
                        "clue_start": "629",
                        "clue_end": "874"
                    },
                    {
                        "clue_text": "다항식의 분수함수를 유리함수라 부른다.",
                        "clue_start": "999",
                        "clue_end": "1020"
                    }
                ],
                "terminology": [
                    {
                        "word": "다항함수"
                    },
                    {
                        "word": "닫힌구간"
                    },
                    {
                        "word": "분수함수"
                    },
                    {
                        "word": "실수"
                    },
                    {
                        "word": "유리함수"
                    },
                    {
                        "word": "음이 아닌 정수"
                    },
                    {
                        "word": "정수"
                    },
                    {
                        "word": "정의역"
                    },
                    {
                        "word": "함수"
                    },
                    {
                        "word": "항등함수"
                    }
                ]
            },
            {
                "context_id": "55e-0c9-merge_96aba9d6-6dd0017a-887c-48a6-8b45-87bb52460b71_02",
                "context_K-NSCC": {
                    "field": "자연",
                    "large_category": "NA",
                    "medium_category": "02"
                },
                "context": "<p>정리 \\( 1.4 \\) \\( y \\) 축에 평행하지 않은 두 직선 \\( l_ { 1 } \\) 과 \\( l_ { 2 } \\) 의 기울기를 각각 \\( m_ { 1 } , m_ { 2 } \\) 라 할 때 \\( l_ { 1 } \\) 과 \\( l_ { 2 } \\) 가 서로 수직이기 위한 필요충분조건은 \\( m_ { 1 } \\cdot m_ { 2 } =-1 \\) 이다.</p> <p>예제 \\( 1.1 \\) 직선 \\( 2 x-8 y=3 \\) 과 직선 \\( y=5-4 x \\) 는 기울기가 각각 \\( \\frac { 1 } { 4 } \\) 과 \\( -4 \\) 이므로 서로 수직이다.</p> <p>예제 \\( 1.2 \\) 두 직선 \\( 3 x + 4 y=8 \\) 과 \\( 6 x-10 y=7 \\) 의 교점을 지나며, 첫째 직선에 직교하는 직선의 방정식을 구하여라.</p> <p>풀이 두 방정식 \\( 3 x + 4 y=8 \\) 과 \\( 6 x-10 y=7 \\) 의 교점은 \\( \\left (2, \\frac { 1 } { 2 } \\right ) \\) 이다. 첫째 식을 \\( y \\) 에 대해서 풀면 \\( y=- \\frac { 3 } { 4 } x + 2 \\) 이므로 이것에 직교하는 직선의 기울기는 \\( \\frac { 4 } { 3 } \\) 이다. 따라서 구하는 직선의 방정식은 \\[ y- \\frac { 1 } { 2 } = \\frac { 4 } { 3 } (x-2) \\] 이다.</p> <h1>1.2 실함수</h1> <p>다음에 소개하는 함수의 정의는 19세기 초 프랑스 수학자 Dirichlet(1805~1859)에 의하여 정의된 것이다.</p> <p>정의 \\( 1.1 \\) 실수의 한 부분집합을 \\( D \\) 라 하자. 집합 \\( D \\) 의 각각의 원소 \\( x \\) 에 대하여, 단 하나의 실수 \\( y \\) 를 대응시키는 규칙을 집합 \\( D \\) 에서 정의된 실함수라 한다. 이때 \\( D \\) 를 주어진 함수의 정의역, \\( \\mathbb { R } \\) 를 공역이라 한다. 함수는 일반적으로 \\( f, g, h \\) 등이나 \\( f: D \\rightarrow \\mathbb { R } \\) 등으로 나타낸다.<p>정의역 \\( D \\) 의 원소 \\( x \\) 에 대응된 실수 \\( y \\) 를 \\( f \\) 의 \\( x \\) 에서의 함수값 또는 \\( f \\) 에 의한 \\( x \\) 의 상(image) 이라 하고, \\( f(x) \\) 로 나타낸다. 모든 정의역 \\( D \\) 의 원소 \\( x \\) 에 대한 함수값 \\( f(x) \\) 의 집합, 즉 \\[ \\{ f(x) \\mid x \\in D \\} \\] 를 \\( f \\) 의 치역(range)이라 한다.</p>",
                "context_length": 1318,
                "clue": [
                    {
                        "clue_text": "정리 \\( 1.4 \\) \\( y \\) 축에 평행하지 않은 두 직선 \\( l_ { 1 } \\) 과 \\( l_ { 2 } \\) 의 기울기를 각각 \\( m_ { 1 } , m_ { 2 } \\) 라 할 때 \\( l_ { 1 } \\) 과 \\( l_ { 2 } \\) 가 서로 수직이기 위한 필요충분조건은 \\( m_ { 1 } \\cdot m_ { 2 } =-1 \\) 이다.",
                        "clue_start": "3",
                        "clue_end": "204"
                    },
                    {
                        "clue_text": "예제 \\( 1.1 \\) 직선 \\( 2 x-8 y=3 \\) 과 직선 \\( y=5-4 x \\) 는 기울기가 각각 \\( \\frac { 1 } { 4 } \\) 과 \\( -4 \\) 이므로 서로 수직이다.",
                        "clue_start": "212",
                        "clue_end": "320"
                    },
                    {
                        "clue_text": "예제 \\( 1.2 \\) 두 직선 \\( 3 x + 4 y=8 \\) 과 \\( 6 x-10 y=7 \\) 의 교점을 지나며, 첫째 직선에 직교하는 직선의 방정식을 구하여라.",
                        "clue_start": "328",
                        "clue_end": "420"
                    },
                    {
                        "clue_text": "풀이 두 방정식 \\( 3 x + 4 y=8 \\) 과 \\( 6 x-10 y=7 \\) 의 교점은 \\( \\left (2, \\frac { 1 } { 2 } \\right ) \\) 이다. 첫째 식을 \\( y \\) 에 대해서 풀면 \\( y=- \\frac { 3 } { 4 } x + 2 \\) 이므로 이것에 직교하는 직선의 기울기는 \\( \\frac { 4 } { 3 } \\) 이다.",
                        "clue_start": "428",
                        "clue_end": "633"
                    },
                    {
                        "clue_text": "따라서 구하는 직선의 방정식은 \\[ y- \\frac { 1 } { 2 } = \\frac { 4 } { 3 } (x-2) \\] 이다.",
                        "clue_start": "634",
                        "clue_end": "707"
                    }
                ],
                "terminology": [
                    {
                        "word": "공역"
                    },
                    {
                        "word": "방정식"
                    },
                    {
                        "word": "부분집합"
                    },
                    {
                        "word": "상"
                    },
                    {
                        "word": "실수"
                    },
                    {
                        "word": "실함수"
                    },
                    {
                        "word": "원소"
                    },
                    {
                        "word": "정의역"
                    },
                    {
                        "word": "직교"
                    },
                    {
                        "word": "직선의 방정식"
                    },
                    {
                        "word": "집합"
                    },
                    {
                        "word": "치역"
                    },
                    {
                        "word": "필요충분조건"
                    },
                    {
                        "word": "함수"
                    }
                ]
            },
            {
                "context_id": "55e-0c9-merge_96aba9d6-6dd0017a-887c-48a6-8b45-87bb52460b71_10",
                "context_K-NSCC": {
                    "field": "자연",
                    "large_category": "NA",
                    "medium_category": "02"
                },
                "context": "<h2>로그함수의 그래프</h2> <p>이제 로그함수를 그려보도록 하자. 먼저 \\( y= \\log _ { 2 } x \\) 에 대해서 생각하기로 하자. 그러면 로그의 정의 (1.1)에 의해서 \\( x=2 ^ { y } \\) 임을 알 수 있다. 이제 몇몇 특별한 정수를 가지고 계산하여 표를 만들면</p> <p>따라서 그래프를 그리면 표의 오른쪽 그림과 같다. 일반적으로 로그함수의 그래프는 그림 1.6와 같다.</p> <p>더욱이 지수함수와 로그함수는 \\( y=x \\) 에 대해서 대칭임을 알 수 있다.</p> <h1>1.4 삼각함수(Ⅰ)</h1> <h2>호도법</h2> <p>지금까지의 각은 원의 중심을 360 등분으로 세분하여 원의 둘레를 \\( 360 ^ {\\circ } \\) 로 하는 도(degree) 단위를 써 왔으나, 호의 길이를 단위로 하는 각의 개념이 필요하다. 호도법이란 호의 길이를 각의 단위로 하는 새로운 단위체계이다. 1 라디안이란 반지름이 1 인 단위원에서 호의 길이가 1 에 해당하는 도(degree) 로 정하고 단위는 라디안이라 한다(그림 1.7).</p> <p>단위원 위의 점 \\( P \\) 를 출발하여 한바퀴 돌았을 때 각도는 \\( 360 ^ {\\circ } \\) 이고 원의 둘레의 길이는 \\( 2 \\pi \\) 이므로 \\( 360 ^ {\\circ } \\) 는 \\( 2 \\pi \\) 라디안이 된다. 이와 비슷하게 \\( 180 ^ {\\circ } \\) 는 \\( \\pi \\) 라디안이 된다. 이것을 일반각의 경우로 확장하면 \\( x \\) 를 일반각(degree)이라 하고 이에 대응하는 라디안을 \\( \\theta \\) 라 하면 비례 관계 \\[ x: \\theta=360: 2 \\pi \\] 로부터 다음 공식<p>\\( \\theta= \\frac { x } { 180 } \\pi, \\quad x= \\frac { 180 } {\\pi } \\theta \\)<caption>(1.7)</caption></p>이 성립한다.</p> <h2>삼각함수의 정의와 기본성질</h2> <p>삼각함수는 직각삼각형의 각에 대한 변의 비로 정의하였다. 그림과 같이 직각삼각형 \\( A B C \\) 에서 \\( \\theta \\) 를 각 \\( \\mathrm { ABC } \\) 라 하자. 이때<p>\\( \\sin \\theta= \\frac { b } { c } , \\quad \\cos \\theta= \\frac { a } { c } , \\quad \\tan \\theta= \\frac { b } { a } \\)<caption>(1.8)</caption></p>로 정의하였다(그림 1.8). 그리고 위 함수의 역수를<p>\\( \\csc \\theta= \\frac { 1 } {\\sin \\theta } , \\quad \\sec \\theta= \\frac { 1 } {\\cos \\theta } , \\quad \\cot \\theta= \\frac { 1 } {\\tan \\theta } \\)<caption>(1.9)</caption></p>로 정의하였다. 위 정의로부터 특수각에 대한 삼각함수의 값을 구할 수 있다(연습문제 4). 이것은 직각삼각형에 관한 정의이므로 \\( 0< \\theta< \\frac {\\pi } { 2 } \\) 일 때 의미가 있다. 그러면 \\( \\theta \\) 를 일반각으로 확장하기 위해서 좌표평면으로 옮긴다(그림 1.9). 2차원 직교좌표평면 위의 점 \\( P(x, y) \\) 을 생각하자. \\( x \\) 축의 양방향과 선분 \\( \\mathrm { OP } \\) 가 이루는 각을 \\( \\theta \\) 라 하자. 선분 \\( \\mathrm { OP } \\) 의 길이를 \\( r \\) 이라 하자. 일반삼각함수를<p>\\( \\begin {array} { lll } \\sin \\theta= \\frac { y } { r } , & \\cos \\theta= \\frac { x } { r } , & \\tan \\theta= \\frac { y } { x } \\\\ \\csc \\theta= \\frac { r } { y } , & \\sec \\theta= \\frac { r } { x } , & \\cot \\theta= \\frac { x } { y } \\end {array} \\)<caption>(1.10)</caption></p>으로 정의하면 예각 \\( \\theta \\) 에 대해서는 직각삼각형에서 정의한 삼각함수 (1.8), (1.9)와 같음을 알 수 있다. 위의 정의로부터 삼각함수는 모든 일반각에 대해서 정의되었음을 알 수 있다. 또한 좌표평면위에 점 \\( (x, y) \\) 의 좌표 위치에 따른 부호에 따라서 삼각함수의 부호가 결정됨을 알 수 있다. 예를 들어, 2사분면 위의 점 \\( (x, y) \\) 는 \\( x<0 \\) 이고 \\( y>0 \\) 이므로 \\( \\sin \\theta= \\frac { y } { r } >0 \\) 이고 \\( \\cos \\theta= \\frac { x } { r }<0, \\tan \\theta= \\frac { y } { x }<0 \\) 임을 알 수 있다. 여기서 \\( r= \\sqrt { x ^ { 2 } + y ^ { 2 } } >0 \\) 이다.</p>",
                "context_length": 2486,
                "clue": [
                    {
                        "clue_text": "일반적으로 로그함수의 그래프는 그림 1.6와 같다.",
                        "clue_start": "200",
                        "clue_end": "228"
                    },
                    {
                        "clue_text": "더욱이 지수함수와 로그함수는 \\( y=x \\) 에 대해서 대칭임을 알 수 있다.",
                        "clue_start": "236",
                        "clue_end": "280"
                    },
                    {
                        "clue_text": "호도법이란 호의 길이를 각의 단위로 하는 새로운 단위체계이다. 1 라디안이란 반지름이 1 인 단위원에서 호의 길이가 1 에 해당하는 도(degree) 로 정하고 단위는 라디안이라 한다(그림 1.7).",
                        "clue_start": "433",
                        "clue_end": "544"
                    },
                    {
                        "clue_text": "삼각함수는 직각삼각형의 각에 대한 변의 비로 정의하였다.",
                        "clue_start": "998",
                        "clue_end": "1029"
                    },
                    {
                        "clue_text": "이것을 일반각의 경우로 확장하면 \\( x \\) 를 일반각(degree)이라 하고 이에 대응하는 라디안을 \\( \\theta \\) 라 하면 비례 관계 \\[ x: \\theta=360: 2 \\pi \\] 로부터 다음 공식<p>\\( \\theta= \\frac { x } { 180 } \\pi, \\quad x= \\frac { 180 } {\\pi } \\theta \\)<caption>(1.7)</caption>",
                        "clue_start": "735",
                        "clue_end": "955"
                    }
                ],
                "terminology": [
                    {
                        "word": "단위체계"
                    },
                    {
                        "word": "도(degree)"
                    },
                    {
                        "word": "라디안"
                    },
                    {
                        "word": "로그함수"
                    },
                    {
                        "word": "삼각함수"
                    },
                    {
                        "word": "선분"
                    },
                    {
                        "word": "세분"
                    },
                    {
                        "word": "예각"
                    },
                    {
                        "word": "일반각"
                    },
                    {
                        "word": "정수"
                    },
                    {
                        "word": "직각삼각형"
                    },
                    {
                        "word": "직교좌표평면"
                    },
                    {
                        "word": "특수각"
                    },
                    {
                        "word": "함수"
                    },
                    {
                        "word": "호도법"
                    }
                ]
            },
            {
                "context_id": "55e-0c9-merge_96aba9d6-6dd0017a-887c-48a6-8b45-87bb52460b71_00",
                "context_K-NSCC": {
                    "field": "자연",
                    "large_category": "NA",
                    "medium_category": "02"
                },
                "context": "<h1>1.1 좌표평면과 직선의 방정식</h1> <h2>좌표평면</h2> <p>평면 위의 두 수직선이 원점에서 만나고 서로 수직이라 하자. 평면상의 점 \\( P \\) 에서 두 수직선에 각각 수선을 그어 만나는 점의 좌표를 각각 \\( a, b \\) 라 하고 점 \\( P \\) 에 실수의 순서쌍 \\( (a, b) \\)를 대응시킨다. 이때 \\( a \\) 를 점 \\( P \\) 의 \\( x \\) 좌표, \\( b \\) 를 \\( y \\) 좌표라 한다. 역으로 실수의 순서쌍 \\( (a, b) \\)는 \\( x \\) 축상의 점 \\( a \\) 를 지나는 수직선과 \\( y \\) 축상의 점 \\( b \\) 를 지나는 수평선이 만나는 점 \\( P \\) 를 결정한다. 이와 같이 평면의 각 점에 실수의 순서쌍이 대응되어 있는 평면을 좌표평면이라 한다.</p> <h2>두 점 사이의 거리</h2> <p>좌표평면 위의 두 점 \\( P \\left (x_ { 1 } , y_ { 1 } \\right ) \\) 과 \\( Q \\left (x_ { 2 } , y_ { 2 } \\right ) \\) 사이의 거리는 \\[ |P Q| = \\sqrt {\\left (x_ { 2 } -x_ { 1 } \\right ) ^ { 2 } + \\left (y_ { 2 } -y_ { 1 } \\right ) ^ { 2 } } \\] 로 주어진다.</p> <h2>직선의 기울기</h2> <p>\\( y \\) 축에 평행이 아닌 직선 \\( l \\) 위의 서로 다른 두 점 \\( P \\left (x_ { 1 } , y_ { 1 } \\right ), Q \\left (x_ { 2 } , y_ { 2 } \\right ) \\) 를 생각하자. \\( l \\) 위의 또 다른 점을 \\( R(x, y) \\) 라 하면, \\( \\triangle P T R \\) 과 \\( \\triangle P S Q \\) 는 닮은꼴이므로 \\[ \\frac { y-y_ { 1 } } { x-x_ { 1 } } = \\frac { y_ { 2 } -y_ { 1 } } { x_ { 2 } -x_ { 1 } } \\] 이다. 이 식을 정돈하면 \\[ y-y_ { 1 } = \\frac { y_ { 2 } -y_ { 1 } } { x_ { 2 } -x_ { 1 } } \\left (x-x_ { 1 } \\right ) \\] 을 얻는다. 그러므로 다음 정리가 성립한다.</p>",
                "context_length": 1151,
                "clue": [
                    {
                        "clue_text": "평면상의 점 \\( P \\) 에서 두 수직선에 각각 수선을 그어 만나는 점의 좌표를 각각 \\( a, b \\) 라 하고 점 \\( P \\) 에 실수의 순서쌍 \\( (a, b) \\)를 대응시킨다.",
                        "clue_start": "78",
                        "clue_end": "183"
                    },
                    {
                        "clue_text": "좌표평면 위의 두 점 \\( P \\left (x_ { 1 } , y_ { 1 } \\right ) \\) 과 \\( Q \\left (x_ { 2 } , y_ { 2 } \\right ) \\) 사이의 거리는 \\[ |P Q| = \\sqrt {\\left (x_ { 2 } -x_ { 1 } \\right ) ^ { 2 } + \\left (y_ { 2 } -y_ { 1 } \\right ) ^ { 2 } } \\] 로 주어진다.",
                        "clue_start": "435",
                        "clue_end": "663"
                    }
                ],
                "terminology": [
                    {
                        "word": "기울기"
                    },
                    {
                        "word": "방정식"
                    },
                    {
                        "word": "실수"
                    },
                    {
                        "word": "직선의 방정식"
                    },
                    {
                        "word": "축상"
                    }
                ]
            },
            {
                "context_id": "55e-0c9-merge_96aba9d6-6dd0017a-887c-48a6-8b45-87bb52460b71_09",
                "context_K-NSCC": {
                    "field": "자연",
                    "large_category": "NA",
                    "medium_category": "02"
                },
                "context": "<p>정리 \\( 1.5 \\) \\( a \\neq 1 \\) 인 양수이고 \\( N, M \\) 은 양수일 때 다음이 성립한다.<p>(ⅰ) \\( \\log _ { a } (M N)= \\log _ { a } M + \\log _ { a } N \\)</p> <p>(ⅱ) \\( \\log _ { a } \\frac { M } { N } = \\log _ { a } M- \\log _ { a } N \\)</p> <p>(ⅲ) \\( \\log _ { a } M ^ { n } =n \\log _ { a } M \\), 여기서 \\( n \\) 은 실수</p></p> <p>\\( a \\) 와 \\( b \\) 는 1 이 아닌 양수이고 \\( \\log _ { a } b=x \\) 라 가정하자. 그러면 로그의 정의 (1.1)에 의하여 \\[ a ^ { x } =b \\] 임을 알 수 있다. 이제 양변에 밑을 \\( c \\) 로 하는 로그를 취하면 \\( \\log _ { c } a ^ { x } = \\log _ { c } b \\) 가 되고 정리 \\( 1.5 \\) (ⅲ) 의 성질에 의하여 \\[ x \\log _ { c } a= \\log _ { c } b \\] 이 되어 \\[ x= \\frac {\\log _ { c } b } {\\log _ { c } a } \\] 임을 알 수 있다.</p> <p>따라서 로그의 밑 전환공식을 얻었다. \\( a, b, c \\) 가 모두 1 이 아닌 양의 실수이면<p>\\( \\log _ { a } b= \\frac {\\log _ { c } b } {\\log _ { c } a } . \\)<caption>(1.5)</caption></p>위의 관계식 (1.5)를 응용하기로 하자. (1.5)의 양변을 다시 정리하면 \\[ \\log _ { c } a \\log _ { a } b= \\log _ { c } b \\] 이고 정리 1.5 (ⅲ)의 성질을 사용하면 \\[ \\log _ { a } \\left (b ^ {\\log _ { c } a } \\right )= \\log _ { c } b \\] 가 된다. \\( c=b \\) 라 두고 관계식 (1.2)를 이용하면 위 식은 \\[ \\log _ { a } \\left (b ^ {\\log _ { b } a } \\right )= \\log _ { b } b=1 \\] 이 된다. 따라서 로그의 정의에 의하여 관계식<p>\\( b ^ {\\log _ { b } a } =a \\)<caption>(1.6)</caption></p>을 얻는다.</p>",
                "context_length": 1191,
                "clue": [
                    {
                        "clue_text": "따라서 로그의 밑 전환공식을 얻었다.",
                        "clue_start": "636",
                        "clue_end": "656"
                    },
                    {
                        "clue_text": "그러면 로그의 정의 (1.1)에 의하여 \\[ a ^ { x } =b \\] 임을 알 수 있다. 이제 양변에 밑을 \\( c \\) 로 하는 로그를 취하면 \\( \\log _ { c } a ^ { x } = \\log _ { c } b \\) 가 되고 정리 \\( 1.5 \\) (ⅲ) 의 성질에 의하여 \\[ x \\log _ { c } a= \\log _ { c } b \\] 이 되어 \\[ x= \\frac {\\log _ { c } b } {\\log _ { c } a } \\] 임을 알 수 있다.",
                        "clue_start": "362",
                        "clue_end": "628"
                    },
                    {
                        "clue_text": "이제 양변에 밑을 \\( c \\) 로 하는 로그를 취하면 \\( \\log _ { c } a ^ { x } = \\log _ { c } b \\) 가 되고 정리 \\( 1.5 \\) (ⅲ) 의 성질에 의하여 \\[ x \\log _ { c } a= \\log _ { c } b \\] 이 되어 \\[ x= \\frac {\\log _ { c } b } {\\log _ { c } a } \\] 임을 알 수 있다.",
                        "clue_start": "414",
                        "clue_end": "628"
                    }
                ],
                "terminology": [
                    {
                        "word": "관계식"
                    },
                    {
                        "word": "로그"
                    },
                    {
                        "word": "실수"
                    },
                    {
                        "word": "전환공식"
                    }
                ]
            },
            {
                "context_id": "55e-0c9-merge_96aba9d6-6dd0017a-887c-48a6-8b45-87bb52460b71_07",
                "context_K-NSCC": {
                    "field": "자연",
                    "large_category": "NA",
                    "medium_category": "02"
                },
                "context": "<p>풀이<p>(ⅰ) \\( (f + g)(x)=f(x) + g(x)= \\sqrt[4] { x + 1 } + \\sqrt { 9-x ^ { 2 } } \\), 정의역 : \\( [-1,3] \\)</p> <p>(ⅱ) \\( (f-g)(x)=f(x)-g(x)= \\sqrt[4] { x + 1 } - \\sqrt { 9-x ^ { 2 } } \\), 정의역 : \\( [-1,3] \\)</p> <p>(ⅲ) \\( (f \\cdot g)(x)=f(x) g(x)= \\sqrt[4] { x + 1 } \\sqrt { 9-x ^ { 2 } } \\), 정의역 : \\( [-1,3] \\)</p> <p>(iⅳ) \\( \\left ( \\frac { f } { g } \\right )(x)= \\frac {\\sqrt[4] { x + 1 } } {\\sqrt { 9-x ^ { 2 } } } \\), 정의역: \\( [-1,3) \\)</p></p> <p>정의 1.4 두 실함수 \\( f(x), g(x) \\) 에 대하여 \\( D_ { f } \\) 를 \\( f \\) 의 정의역, \\( D_ { g } \\) 를 \\( g \\) 의 정의역이라 하자. 집합 \\( D= \\left \\{ x \\in D_ { f } \\mid f(x) \\in D_ { g } \\right \\} \\) 를 정의역으로 하고 \\[ (g \\circ f)(x)=g(f(x)) \\] 로 정의된 함수 \\( g \\circ f \\) 를 \\( f \\) 와 \\( g \\) 의 합성함수라 한다.</p> <p>예제 1.11 \\( h(x)=(x + 2) ^ { 5 } \\) 을 \\( g \\circ f \\) 의 합성함수 꼴로 고쳐라.</p> <p>풀이 \\( g(x)=x ^ { 5 } , f(x)=x + 2 \\) 라 하면 \\[ (g \\circ f)(x)=g(f(x))=g(x + 2)=(x + 2) ^ { 5 } =h(x) . \\]</p> <p>예제 1.12 \\( f(x)=x- \\frac { 3 } { 2 } , g(x)= \\sqrt { x } \\) 일 때 합성함수 \\( f \\circ g \\) 와 \\( g \\circ f \\) 를 구하여라.</p> <p>풀이 \\( f \\) 의 정의역 \\( D_ { f } \\) 는 \\( (- \\infty, \\infty) \\) 이고, \\( g \\) 의 정의역 \\( D_ { g } \\) 는 \\( [0, \\infty) \\) 이다. 합성함수 \\( g \\circ f \\) 의 정의역은 \\[ \\left \\{ x \\in \\mathbb { R } \\mid f(x)=x- \\frac { 3 } { 2 } \\in[0, \\infty) \\right \\} = \\left \\{ x \\in \\mathbb { R } \\mid x \\geq \\frac { 3 } { 2 } \\right \\} = \\left [ \\frac { 3 } { 2 } , \\infty \\right ) \\] 이고, \\( (g \\circ f)(x)= \\sqrt { x- \\frac { 3 } { 2 } } \\) 이다. 한편 \\( f \\circ g \\) 의 정의역은 \\[ \\{ x \\in[0, \\infty) \\mid g(x) \\in(- \\infty, \\infty) \\} =[0, \\infty) \\] 이고 \\( (f \\circ g)(x)= \\sqrt { x } - \\frac { 3 } { 2 } \\) 이다.<p>예제 10 에서 보는 바와 같이 일반적으로 \\( f \\circ g \\neq g \\circ f \\) 이다.</p></p>",
                "context_length": 1673,
                "clue": [
                    {
                        "clue_text": "정의 1.4 두 실함수 \\( f(x), g(x) \\) 에 대하여 \\( D_ { f } \\) 를 \\( f \\) 의 정의역, \\( D_ { g } \\) 를 \\( g \\) 의 정의역이라 하자.",
                        "clue_start": "449",
                        "clue_end": "553"
                    },
                    {
                        "clue_text": "집합 \\( D= \\left \\{ x \\in D_ { f } \\mid f(x) \\in D_ { g } \\right \\} \\) 를 정의역으로 하고 \\[ (g \\circ f)(x)=g(f(x)) \\] 로 정의된 함수 \\( g \\circ f \\) 를 \\( f \\) 와 \\( g \\) 의 합성함수라 한다.",
                        "clue_start": "554",
                        "clue_end": "719"
                    }
                ],
                "terminology": [
                    {
                        "word": "실함수"
                    },
                    {
                        "word": "정의역"
                    },
                    {
                        "word": "집합"
                    },
                    {
                        "word": "함수"
                    },
                    {
                        "word": "합성함수"
                    }
                ]
            },
            {
                "context_id": "55e-0c9-merge_96aba9d6-6dd0017a-887c-48a6-8b45-87bb52460b71_03",
                "context_K-NSCC": {
                    "field": "자연",
                    "large_category": "NA",
                    "medium_category": "02"
                },
                "context": "<p>함수 \\( y=f(x) \\) 에서 변수 \\( x \\) 를 이 함수의 독립변수, \\( y \\) 를 종속변수라 부른다. 함수의 정의역이 지정되지 않은 경우, 그 함수가 정의될 수 있는 실수의 최대집합을 정의역으로 가정한다. 이 집합을 최대정의역이라 한다.</p></p> <p>예제 \\( 1.3 \\) 다음 함수의 최대정의역을 구하여라.<p>(i) \\( f(x)= \\frac { 1 } { x-3 } \\)</p> <p>(ii) \\( g(t)= \\sqrt { 9-t ^ { 2 } } \\)</p></p> <p>풀이 (i) \\( \\{ x \\mid x \\neq 3 \\} \\)<p>(ii) \\( 9-t ^ { 2 } \\) 이 0 보다 크거나 같아야 하므로 최대정의역은 \\[ \\left \\{ t \\mid 9-t ^ { 2 } \\geq 0 \\right \\} = \\{ t|| t \\mid \\leq 3 \\} \\] 이다. 구간으로 표시하면 \\( [-3,3] \\) 이다.</p></p> <p>정의 \\( 1.2 \\) 같은 정의역 \\( D \\) 에서 정의된 두 함수 \\( f \\) 와 \\( g \\) 가 모든 \\( x \\in D \\) 에 대하여 \\( f(x)=g(x) \\) 일 때, 두 함수 ' \\( f \\) 와 \\( g \\) 는 같다'고 하며 \\( f=g \\) 로 나타낸다.</p> <p>예제 \\( 1.4 \\)<p>(ⅰ) \\( f(x)=x ^ { 2 } \\left (x \\right . \\) 는 모든 실수)과 \\( g(x)=x ^ { 2 } (x \\geq 1) \\) 은 정의역이 같지 않다. 따라서 서로 다른 함수이다.<p>(ⅱ) \\( \\begin {aligned} f(x) &=x ^ { 2 } & &(x \\geq-10) \\\\ g(x) &=(x-1) ^ { 2 } + 2 x-1 & &(x \\geq-10) \\\\ h(y) &=y ^ { 2 } & &(y \\geq-10) \\end {aligned} \\\\ \\) 로 정의된 세 함수 \\( f, g \\) 와 \\( h \\) 는 같은 함수이다.</p></p> <p>함수 \\( f: D \\rightarrow \\mathbb { R } \\) 에 대하여 \\( f \\) 의 치역이 \\( \\mathbb { R } \\) 일 때 \\( f \\) 를 전사라 한다. 정의역 \\( D \\) 의 임의의 서로 다른 두 원소 \\( x_ { 1 } , x_ { 2 } \\) 에 대하여 함수값 \\( f \\left (x_ { 1 } \\right ) \\) 과 \\( f \\left (x_ { 2 } \\right ) \\) 가 다를 때, 즉 ' \\( x_ { 1 } \\neq x_ { 2 } \\Rightarrow \\) \\( f \\left (x_ { 1 } \\right ) \\neq f \\left (x_ { 2 } \\right ) \\)' 를 만족할 때 \\( f \\) 를 단사라 한다. 그리고 \\( f \\) 가 전사이며 동시에 단사일 때, \\( f \\) 를 전단사 또는 일대일 대응이라 한다.</p>",
                "context_length": 1440,
                "clue": [
                    {
                        "clue_text": "함수 \\( y=f(x) \\) 에서 변수 \\( x \\) 를 이 함수의 독립변수, \\( y \\) 를 종속변수라 부른다. 함수의 정의역이 지정되지 않은 경우, 그 함수가 정의될 수 있는 실수의 최대집합을 정의역으로 가정한다.",
                        "clue_start": "3",
                        "clue_end": "125"
                    },
                    {
                        "clue_text": "이 집합을 최대정의역이라 한다.",
                        "clue_start": "126",
                        "clue_end": "143"
                    },
                    {
                        "clue_text": "함수 \\( f: D \\rightarrow \\mathbb { R } \\) 에 대하여 \\( f \\) 의 치역이 \\( \\mathbb { R } \\) 일 때 \\( f \\) 를 전사라 한다. 정의역 \\( D \\) 의 임의의 서로 다른 두 원소 \\( x_ { 1 } , x_ { 2 } \\) 에 대하여 함수값 \\( f \\left (x_ { 1 } \\right ) \\) 과 \\( f \\left (x_ { 2 } \\right ) \\) 가 다를 때, 즉 ' \\( x_ { 1 } \\neq x_ { 2 } \\Rightarrow \\) \\( f \\left (x_ { 1 } \\right ) \\neq f \\left (x_ { 2 } \\right ) \\)' 를 만족할 때 \\( f \\) 를 단사라 한다.",
                        "clue_start": "997",
                        "clue_end": "1376"
                    }
                ],
                "terminology": [
                    {
                        "word": "단사"
                    },
                    {
                        "word": "독립변수"
                    },
                    {
                        "word": "변수"
                    },
                    {
                        "word": "실수"
                    },
                    {
                        "word": "원소"
                    },
                    {
                        "word": "일대일 대응"
                    },
                    {
                        "word": "전단사"
                    },
                    {
                        "word": "전사"
                    },
                    {
                        "word": "정의역"
                    },
                    {
                        "word": "종속변수"
                    },
                    {
                        "word": "집합"
                    },
                    {
                        "word": "최대정의역"
                    },
                    {
                        "word": "최대집합"
                    },
                    {
                        "word": "치역"
                    },
                    {
                        "word": "함수"
                    }
                ]
            },
            {
                "context_id": "55e-0c9-merge_96aba9d6-6dd0017a-887c-48a6-8b45-87bb52460b71_11",
                "context_K-NSCC": {
                    "field": "자연",
                    "large_category": "NA",
                    "medium_category": "02"
                },
                "context": "<h2>삼각함수의 주기성</h2> <p>직교좌표 위의 점 \\( P(x, y) \\) 가 원점을 중심으로 한 바퀴 돌면 다시 제자리에 돌아오며 점의 좌표는 변함이 없지만 각은 \\( \\theta + 2 \\pi \\) 만큼 변하게 된다. 이 경우에 위의 정의를 이용하면 삼각 함수는 \\[ \\sin ( \\theta + 2 \\pi)= \\sin \\theta, \\quad \\cos ( \\theta + 2 \\pi)= \\cos \\theta \\] 가 성립함을 알 수 있다. 그런데 \\( \\tan \\theta \\) 의 경우에는 부호가 1 사분면과 3 사분면이 같으므로 \\[ \\tan ( \\theta + \\pi)= \\tan \\theta \\] 가 성립한다. 일반적으로 다음을 알 수 있다. \\( n \\) 이 정수일 때 \\[ \\sin ( \\theta + 2 n \\pi)= \\sin \\theta, \\quad \\cos ( \\theta + 2 n \\pi)= \\cos \\theta, \\quad \\tan ( \\theta + n \\pi)= \\tan \\theta . \\] 일반적으로 함수 \\( f \\) 가 모든 \\( x \\) 에 대해서 \\[ f(x + p)=f(x) \\] 을 만족하는 실수 \\( p \\) 가 존재하면 \\( f \\) 를 주기함수라 하고, 가장 작은 양의 실수 \\( p \\) 를 \\( f \\) 의 주기라 한다. 따라서 삼각함수는 주기함수임을 알 수 있다.</p> <h2>삼각함수의 그래프</h2> <p>삼각함수의 주기성을 기초로 하여 그리면 삼각함수의 그래프는 그림 (1.10~1.15)과 같다.</p> <p>점 \\( P(x, y) \\) 가 1사분면 위에 주어져 있다고 가정하자. 점 \\( P \\) 를 \\( 90 ^ {\\circ } \\) 시계 반대 방향으로 회전하였을 때 점 \\( P ^ {\\prime } \\) 의 좌표는 \\( (-y, x) \\) 임을 알 수 있다(그림 ⒈9, 연습문제 7). 따라서 삼각 함수의 정의 (1.10)에 의하여 \\[ \\sin \\left ( \\theta + \\frac {\\pi } { 2 } \\right )= \\frac { x } { r } = \\cos \\theta, \\quad \\cos \\left ( \\theta + \\frac {\\pi } { 2 } \\right )= \\frac { -y } { r } =- \\sin \\theta \\] 임을 알 수 있다. 비슷하게 \\( P \\) 를 \\( 180 ^ {\\circ } \\) 회전하였을 때 점 \\( P ^ {\\prime } \\) 의 좌표는 원점에 관하여 대칭이므로 \\( (-x,-y) \\) 가 된다 (그림 1.9). 따라서 \\[ \\sin ( \\theta + \\pi)= \\frac { -y } { r } =- \\sin \\theta, \\quad \\cos ( \\theta + \\pi)= \\frac { -x } { r } =- \\cos \\theta \\] 가 됨을 알 수 있다.</p>",
                "context_length": 1410,
                "clue": [
                    {
                        "clue_text": "직교좌표 위의 점 \\( P(x, y) \\) 가 원점을 중심으로 한 바퀴 돌면 다시 제자리에 돌아오며 점의 좌표는 변함이 없지만 각은 \\( \\theta + 2 \\pi \\) 만큼 변하게 된다.",
                        "clue_start": "22",
                        "clue_end": "127"
                    },
                    {
                        "clue_text": "이 경우에 위의 정의를 이용하면 삼각 함수는 \\[ \\sin ( \\theta + 2 \\pi)= \\sin \\theta, \\quad \\cos ( \\theta + 2 \\pi)= \\cos \\theta \\] 가 성립함을 알 수 있다. 그런데 \\( \\tan \\theta \\) 의 경우에는 부호가 1 사분면과 3 사분면이 같으므로 \\[ \\tan ( \\theta + \\pi)= \\tan \\theta \\] 가 성립한다.",
                        "clue_start": "128",
                        "clue_end": "352"
                    },
                    {
                        "clue_text": "\\] 일반적으로 함수 \\( f \\) 가 모든 \\( x \\) 에 대해서 \\[ f(x + p)=f(x) \\] 을 만족하는 실수 \\( p \\) 가 존재하면 \\( f \\) 를 주기함수라 하고, 가장 작은 양의 실수 \\( p \\) 를 \\( f \\) 의 주기라 한다. 따라서 삼각함수는 주기함수임을 알 수 있다.",
                        "clue_start": "518",
                        "clue_end": "686"
                    }
                ],
                "terminology": [
                    {
                        "word": "사분면"
                    },
                    {
                        "word": "삼각함수"
                    },
                    {
                        "word": "실수"
                    },
                    {
                        "word": "주기성"
                    },
                    {
                        "word": "직교좌표"
                    },
                    {
                        "word": "함수"
                    }
                ]
            },
            {
                "context_id": "55e-0c9-merge_96aba9d6-6dd0017a-887c-48a6-8b45-87bb52460b71_12",
                "context_K-NSCC": {
                    "field": "자연",
                    "large_category": "NA",
                    "medium_category": "02"
                },
                "context": "<h2>삼각함수의 항등식</h2> <p>이제 삼각함수들의 관계를 알아보기로 하자.</p> <p>예제 \\( 1.13 \\) 삼각함수의 정의 (1.10)을 사용하여 \\( \\sin ^ { 2 } \\theta + \\cos ^ { 2 } \\theta=1 \\) 임을 증명하여라.</p> <p>풀이 정의 (1.10)으로부터 \\[ \\sin ^ { 2 } \\theta + \\cos ^ { 2 } \\theta= \\left ( \\frac { y } { r } \\right ) ^ { 2 } + \\left ( \\frac { x } { r } \\right ) ^ { 2 } = \\frac { x ^ { 2 } + y ^ { 2 } } { r ^ { 2 } } \\] 이다. \\( r ^ { 2 } =x ^ { 2 } + y ^ { 2 } \\) 이므로 주어진 식은 증명되었다.</p> <h1>1.5 삼각함수(Ⅱ)</h1> <h2>삼각함수의 덧셈공식</h2> <p>\\( \\alpha, \\beta \\) 가 주어진 각일 때 \\[ \\sin ( \\alpha + \\beta)= \\sin \\alpha + \\sin \\beta \\] 가 맞을까? \\( \\alpha= \\beta= \\frac {\\pi } { 6 } \\) 을 대입하여 보면 거짓임을 금방 알 수 있다. 그렇다면 올바른 공식을 찾아보기로 하자.</p> <p>먼저 그림 1.18과 같이 단위원을 그리고 단위원 위의 점 \\( P_ { 1 } , P_ { 2 } , P_ { 3 } , P_ { 4 } \\) 를 아래와 같이 잡는다. 선분 \\( O P_ { 1 } \\) 이 양의 \\( x \\) 축과 이루는 양의 각을 \\( A \\), 선분 \\( O P_ { 1 } \\) 과 \\( O P_ { 2 } \\) 가 이루는 양의 각을 \\( B \\) 라 하자. 그러면 \\( P_ { 1 } \\) 과 \\( P_ { 2 } \\) 각각의 좌표는 \\( P_ { 1 } ( \\cos A, \\sin A), P_ { 2 } ( \\cos (A + B), \\sin (A + B)) \\) 가 된다. 이제 선분 \\( O P_ { 3 } \\) 와 양의 \\( x \\) 축과 음의 각을 \\( -B \\) 라 하자. 그러면 \\( P_ { 3 } \\) 의 좌표는 점 \\( P_ { 3 } ( \\cos (-B), \\sin (-B)) \\) 이다. 점 \\( P_ { 4 } (1,0) \\) 라 하자. 이제 각 \\( A, B, A + B \\) 는 모두 양이고 \\( \\pi \\) 보다 작다고 가정하자. 그러면 삼각형 \\( O P_ { 4 } P_ { 2 } \\) 와 \\( O P_ { 3 } P_ { 1 } \\) 은 합동이다. 따라서 선분 \\( P_ { 4 } P_ { 2 } \\) 와 \\( P_ { 3 } P_ { 1 } \\) 의 길이는 같다. 그러므로 \\( \\sin ^ { 2 } \\theta + \\cos ^ { 2 } \\theta=1 \\) 을 이용하면 \\[ \\begin {aligned} \\left (P_ { 4 } P_ { 2 } \\right ) ^ { 2 } &=[ \\cos (A + B)-1] ^ { 2 } + [ \\sin (A + B)-0] ^ { 2 } \\\\ &= \\cos ^ { 2 } (A + B)-2 \\cos (A + B) + 1 + \\sin ^ { 2 } (A + B) \\\\ &=2-2 \\cos (A + B) \\end {aligned} \\] 이 성립한다. 더욱이 \\( \\cos (-B)= \\cos B \\) 와 \\( \\sin (-B)=- \\sin B \\) 이므로 \\[ \\begin {aligned} \\left (P_ { 3 } P_ { 1 } \\right ) ^ { 2 } &=( \\cos A- \\cos B) ^ { 2 } + ( \\sin A + \\sin B) ^ { 2 } \\\\ &= \\cos ^ { 2 } A-2 \\cos A \\cos B + \\cos ^ { 2 } B + \\sin ^ { 2 } A + 2 \\sin A \\sin B + \\sin ^ { 2 } B \\\\ &=2-2 \\cos A \\cos B + 2 \\sin A \\sin B \\end {aligned} \\] 항등식 \\( \\left (P_ { 4 } P_ { 2 } \\right ) ^ { 2 } = \\left (P_ { 3 } P_ { 1 } \\right ) ^ { 2 } \\) 으로부터 \\[ \\cos (A + B)= \\cos A \\cos B- \\sin A \\sin B \\] 을 얻는다. 이것은 일반적인 경우 ( \\( A \\) 나 \\( B \\) 가 적어도 하나가 \\( 2 \\pi \\) 보다 큰 각)에 대해서도 증명 될 수 있다(연습문제 \\( 1.5 \\) 의 2 번). 또한 이와 같은 사실을 정리하면 다음과 같다.<p>\\( \\sin ( \\alpha + \\beta)= \\sin \\alpha \\cos \\beta + \\cos \\alpha \\sin \\beta \\)<caption>(1.11)</caption></p>",
                "context_length": 2377,
                "clue": [
                    {
                        "clue_text": "예제 \\( 1.13 \\) 삼각함수의 정의 (1.10)을 사용하여 \\( \\sin ^ { 2 } \\theta + \\cos ^ { 2 } \\theta=1 \\) 임을 증명하여라.",
                        "clue_start": "53",
                        "clue_end": "148"
                    },
                    {
                        "clue_text": "\\( r ^ { 2 } =x ^ { 2 } + y ^ { 2 } \\) 이므로 주어진 식은 증명되었다.",
                        "clue_start": "362",
                        "clue_end": "418"
                    },
                    {
                        "clue_text": "\\( \\sin ( \\alpha + \\beta)= \\sin \\alpha \\cos \\beta + \\cos \\alpha \\sin \\beta \\)",
                        "clue_start": "2271",
                        "clue_end": "2348"
                    },
                    {
                        "clue_text": "이것은 일반적인 경우 ( \\( A \\) 나 \\( B \\) 가 적어도 하나가 \\( 2 \\pi \\) 보다 큰 각)에 대해서도 증명 될 수 있다(연습문제 \\( 1.5 \\) 의 2 번).",
                        "clue_start": "2142",
                        "clue_end": "2242"
                    }
                ],
                "terminology": [
                    {
                        "word": "덧셈공식"
                    },
                    {
                        "word": "삼각함수"
                    },
                    {
                        "word": "선분"
                    },
                    {
                        "word": "합동"
                    },
                    {
                        "word": "항등식"
                    }
                ]
            },
            {
                "context_id": "55e-0c9-merge_96aba9d6-6dd0017a-887c-48a6-8b45-87bb52460b71_01",
                "context_K-NSCC": {
                    "field": "자연",
                    "large_category": "NA",
                    "medium_category": "02"
                },
                "context": "<p>정리 \\( 1.1 \\) 평면 위의 서로 다른 두 점 \\( P \\left (x_ { 1 } , y_ { 1 } \\right ), Q \\left (x_ { 2 } , y_ { 2 } \\right ) \\) 를 지나는 직선의 방정식은 \\[ y-y_ { 1 } = \\frac { y_ { 2 } -y_ { 1 } } { x_ { 2 } -x_ { 1 } } \\left (x-x_ { 1 } \\right ), \\quad x_ { 2 } \\neq x_ { 1 } \\] 이다. 여기서 \\( \\frac { y_ { 2 } -y_ { 1 } } { x_ { 2 } -x_ { 1 } } \\) 을 주어진 직선 \\( l \\) 의 기울기라 부른다.</p> <p>따름정리 \\( 1.2 \\) 기울기가 \\( m \\) 이고 점 \\( P \\left (x_ { 1 } , y_ { 1 } \\right ) \\) 을 지나는 직선의 방정식은 다음과 같다. \\[ y-y_ { 1 } =m \\left (x-x_ { 1 } \\right ) \\]</p> <p>기울기가 \\( m \\) 이고 점 \\( (0, b) \\) 를 지나는 직선의 방정식은 \\[ y=m x + b \\] 이며, 이때 \\( b \\) 를 주어진 직선의 \\( y \\) 절편이라 한다 (그림 1.4). 특히 기울기가 0 이면, 그 직선은 \\( x \\) 축에 평행하며, 직선의 방정식은 \\( y=b \\) 이다. 또한 점 \\( (a, 0) \\) 을 지나고 \\( y \\) 축에 평행인 직선의 방정식은 \\[ x=a \\] 로 나타낼 수 있다.</p> <p>다음 정리들이 성립하며, 증명은 연습문제로 남긴다.</p> <p>정리 \\( 1.3 \\) \\( y \\) 축에 평행이 아닌 두 직선 \\( l_ { 1 } \\) 과 \\( l_ { 2 } \\) 의 기울기를 각각 \\( m_ { 1 } , m_ { 2 } \\) 라 하자. 이때 \\( l_ { 1 } \\) 과 \\( l_ { 2 } \\) 가 평행이기 위한 필요충분조건은 \\( m_ { 1 } =m_ { 2 } \\) 이다.</p>",
                "context_length": 995,
                "clue": [
                    {
                        "clue_text": "정리 \\( 1.1 \\) 평면 위의 서로 다른 두 점 \\( P \\left (x_ { 1 } , y_ { 1 } \\right ), Q \\left (x_ { 2 } , y_ { 2 } \\right ) \\) 를 지나는 직선의 방정식은 \\[ y-y_ { 1 } = \\frac { y_ { 2 } -y_ { 1 } } { x_ { 2 } -x_ { 1 } } \\left (x-x_ { 1 } \\right ), \\quad x_ { 2 } \\neq x_ { 1 } \\] 이다. 여기서 \\( \\frac { y_ { 2 } -y_ { 1 } } { x_ { 2 } -x_ { 1 } } \\) 을 주어진 직선 \\( l \\) 의 기울기라 부른다.",
                        "clue_start": "3",
                        "clue_end": "352"
                    },
                    {
                        "clue_text": "또한 점 \\( (a, 0) \\) 을 지나고 \\( y \\) 축에 평행인 직선의 방정식은 \\[ x=a \\] 로 나타낼 수 있다.",
                        "clue_start": "687",
                        "clue_end": "756"
                    }
                ],
                "terminology": [
                    {
                        "word": "기울기"
                    },
                    {
                        "word": "따름정리"
                    },
                    {
                        "word": "방정식"
                    },
                    {
                        "word": "절편"
                    },
                    {
                        "word": "직선의 방정식"
                    },
                    {
                        "word": "평행"
                    },
                    {
                        "word": "필요충분조건"
                    }
                ]
            },
            {
                "context_id": "55e-0c9-merge_96aba9d6-6dd0017a-887c-48a6-8b45-87bb52460b71_04",
                "context_K-NSCC": {
                    "field": "자연",
                    "large_category": "NA",
                    "medium_category": "02"
                },
                "context": "<p>예제 \\( 1.5 \\) 함수 \\( f(x)=x ^ { 2 } \\) 은 그 치역이 \\( [0, \\infty) \\) 이다. 또한 \\( f(2)=4=f(-2) \\) 이므로 단사함수가 아니다.</p> <p>예제 \\( 1.6 \\) \\( f(x)=x ^ { 2 } -2 x \\) 일 때 다음을 구하여라.<p>(ⅰ) \\( f(4) \\)</p> <p>(ⅱ) \\( f(4 + h) \\)</p> <p>(ⅲ) \\( f(4 + h)-f(4) \\)</p> <p>(ⅳ) \\( \\frac { f(4 + h)-f(4) } { h } \\)</p></p> <p>풀이<p>(ⅰ) \\( f(4)=8 \\)</p> <p>(ⅱ) \\( f(4 + h)=(4 + h) ^ { 2 } -2(4 + h)=8 + 6 h + h ^ { 2 } \\)</p> <p>(ⅲ) \\( f(4 + h)-f(4)=6 h + h ^ { 2 } \\)</p> <p>(ⅳ) \\( \\frac { f(4 + h)-f(4) } { h } =6 + h \\), (단, \\( \\left .h \\neq 0 \\right ) \\)</p></p> <p>예제 \\( 1.7 \\) 높이 \\( 49 \\mathrm { ~m } \\) 의 발코니에서 수직으로 공을 던졌다 하자. 초기속도가 초속 \\( 14.7 \\mathrm { ~m } \\) 일 때, \\( t \\) 초 후의 공의 높이를 \\( t \\) 의 함수로 나타내어라. 또한 몇초 후에 바닥에 떨어지는가?</p> <p>풀이 \\( t=0 \\) 일 때 공을 던졌다 하면 \\( t \\) 초 후의 공의 높이는 \\[ h(t)=-4.9 t ^ { 2 } + v_ { 0 } t + h_ { 0 } \\] 이다. 여기서 \\( v_ { 0 } \\) 는 \\( t=0 \\) 일 때 공의 속도이며, \\( h_ { 0 } \\) 는 \\( t=0 \\) 일 때 공의 높이이다. 이제 \\( h_ { 0 } =49 \\mathrm { ~m } , v_ { 0 } =14.7 \\mathrm { ~m } \\) 이므로 \\[ h(t)=-4.9 t ^ { 2 } + 14.7 t + 49 \\] 이다. 공이 바닥에 떨어질 때에는 \\( h(t)=0 \\) 이므로 방정식 \\[ -4.9 t ^ { 2 } + 14.7 t + 49=0 \\] 을 풀어 \\( t=-2, t=5 \\) 를 얻는다. 따라서 공은 5 초 후에 바닥에 떨어진다.</p></p>",
                "context_length": 1147,
                "clue": [
                    {
                        "clue_text": "예제 \\( 1.7 \\) 높이 \\( 49 \\mathrm { ~m } \\) 의 발코니에서 수직으로 공을 던졌다 하자.",
                        "clue_start": "541",
                        "clue_end": "604"
                    },
                    {
                        "clue_text": "또한 몇초 후에 바닥에 떨어지는가?",
                        "clue_start": "686",
                        "clue_end": "705"
                    },
                    {
                        "clue_text": "공이 바닥에 떨어질 때에는 \\( h(t)=0 \\) 이므로 방정식 \\[ -4.9 t ^ { 2 } + 14.7 t + 49=0 \\] 을 풀어 \\( t=-2, t=5 \\) 를 얻는다.",
                        "clue_start": "1015",
                        "clue_end": "1115"
                    },
                    {
                        "clue_text": "따라서 공은 5 초 후에 바닥에 떨어진다.",
                        "clue_start": "1116",
                        "clue_end": "1139"
                    },
                    {
                        "clue_text": "초기속도가 초속 \\( 14.7 \\mathrm { ~m } \\) 일 때, \\( t \\) 초 후의 공의 높이를 \\( t \\) 의 함수로 나타내어라.",
                        "clue_start": "605",
                        "clue_end": "685"
                    }
                ],
                "terminology": [
                    {
                        "word": "단사함수"
                    },
                    {
                        "word": "방정식"
                    },
                    {
                        "word": "수직"
                    },
                    {
                        "word": "초기속도"
                    },
                    {
                        "word": "초속"
                    },
                    {
                        "word": "치역"
                    },
                    {
                        "word": "함수"
                    }
                ]
            },
            {
                "context_id": "55e-0c9-merge_96aba9d6-6dd0017a-887c-48a6-8b45-87bb52460b71_13",
                "context_K-NSCC": {
                    "field": "자연",
                    "large_category": "NA",
                    "medium_category": "02"
                },
                "context": "<p>\\( \\sin ( \\alpha- \\beta)= \\sin \\alpha \\cos \\beta- \\cos \\alpha \\sin \\beta \\)<caption>(1.12)</caption></p> <p>\\( \\cos ( \\alpha + \\beta)= \\cos \\alpha \\cos \\beta- \\sin \\alpha \\sin \\beta \\)<caption>(1.13)</caption></p> <p>\\( \\cos ( \\alpha- \\beta)= \\cos \\alpha \\cos \\beta + \\sin \\alpha \\sin \\beta \\)<caption>(1.14)</caption></p></p> <p>예제 \\( 1.14 \\) 공식 (1.11) 을 이용하면 다음과 같다. \\[ \\begin {aligned} \\sin 75 ^ {\\circ } &= \\sin \\left (45 ^ {\\circ } + 30 ^ {\\circ } \\right ) \\\\ &= \\sin 45 ^ {\\circ } \\cos 30 ^ {\\circ } + \\cos 45 ^ {\\circ } \\sin 30 ^ {\\circ } \\\\ &= \\frac {\\sqrt { 2 } } { 2 } \\cdot \\frac {\\sqrt { 3 } } { 2 } + \\frac {\\sqrt { 2 } } { 2 } \\cdot \\frac { 1 } { 2 } \\\\ &= \\frac {\\sqrt { 6 } + \\sqrt { 2 } } { 4 } \\end {aligned} \\]</p> <h2>2배각공식, 반각공식</h2> <p>공식 (1.11) (1.14) 로부터 특별히 \\( \\alpha= \\beta= \\theta \\) 라 두면<p>\\( \\sin 2 \\theta=2 \\sin \\theta \\cos \\theta \\)<caption>(1.15)</caption></p> <p>\\( \\cos 2 \\theta= \\cos ^ { 2 } \\theta- \\sin ^ { 2 } \\theta \\)<caption>(1.16)</caption></p>을 얻는다. 이것을 2 배각공식이라 한다. \\( \\sin ^ { 2 } \\theta + \\cos ^ { 2 } \\theta=1 \\) 이므로 이 식을 (1.16) 에 대입 하면 \\[ \\cos 2 \\theta=2 \\cos ^ { 2 } \\theta-1=1-2 \\sin ^ { 2 } \\theta \\] 을 얻는다. 이제 \\( 2 \\theta= \\alpha \\) 라 두면 위 관계식으로부터<p>\\( \\cos ^ { 2 } \\frac {\\alpha } { 2 } = \\frac { 1 + \\cos \\alpha } { 2 } , \\quad \\sin ^ { 2 } \\frac {\\alpha } { 2 } = \\frac { 1- \\cos \\alpha } { 2 } \\)<caption>(1.17)</caption></p></p>이 된다. 이 공식을 반각공식이라 한다.</p>",
                "context_length": 1414,
                "clue": [
                    {
                        "clue_text": "예제 \\( 1.14 \\) 공식 (1.11) 을 이용하면 다음과 같다.",
                        "clue_start": "333",
                        "clue_end": "371"
                    },
                    {
                        "clue_text": "\\( \\cos ^ { 2 } \\frac {\\alpha } { 2 } = \\frac { 1 + \\cos \\alpha } { 2 } , \\quad \\sin ^ { 2 } \\frac {\\alpha } { 2 } = \\frac { 1- \\cos \\alpha } { 2 } \\)<caption>(1.17)",
                        "clue_start": "1205",
                        "clue_end": "1370"
                    }
                ],
                "terminology": [
                    {
                        "word": "관계식"
                    },
                    {
                        "word": "반각공식"
                    },
                    {
                        "word": "배각공식"
                    }
                ]
            }
        ]
    }
}