{
    "dataset_info": {
        "identifier": "02-031-002-NL",
        "name": "기술과학 문서 요약 데이터",
        "category": "자연어",
        "last_updated": "2023-08-30"
    },
    "dataset": {
        "doc_id": "96aba9d6-08bb5321-e634-491d-98ce-0fcb8a084bce",
        "doc_type": "도서",
        "doc_title": {
            "kor": "m960-(알기 쉬운 통계 원리) 기초통계학",
            "eng": ""
        },
        "doc_category": {
            "KDC": "413",
            "DDC": ""
        },
        "doc_number": {
            "ISSN": "",
            "ISBN": "9791160735406",
            "DOI": "",
            "UCI": ""
        },
        "doc_year": "2022",
        "doc_author": [
            "최원"
        ],
        "doc_publisher": "경문사",
        "doc_license": "저작권 협의됨",
        "context_info": [
            {
                "context_id": "55e-0c9-10cb0f04-fa2c-45fe-a099-d1e59cbacaa0",
                "context_K-NSCC": {
                    "field": "자연",
                    "large_category": "NA",
                    "medium_category": "09"
                },
                "context": "<h2>7.3.2 모분산 \\( \\sigma^{2} \\)을 모르는 경우 모평균 \\( \\mu \\)의 구간추정</h2> <p>정규모집단 \\( N\\left(\\mu, \\sigma^{2}\\right) \\)에서 모분산 \\( \\sigma^{2} \\)을 모를 때 미지의 모평균 \\( \\mu \\)의 신뢰구간을 구해보자. 우선 정규모집단으로부터 추출한 표본크기 \\( n \\)이 대표본 \\( (n \\geq 30) \\)일 경우 모평균 \\( \\mu \\)에 대한 \\( 100(1-\\alpha) \\% \\) 신뢰구간은 모표준편차 \\( \\sigma \\) 대신 표본표준편차 \\( S \\)를 대입하여 다음과 같이 구할 수 있다. \\[ \\left(\\bar{X}-z_{\\alpha / 2} \\frac{S}{\\sqrt{n}}, \\bar{X}+z_{\\alpha / 2} \\frac{S}{\\sqrt{n}}\\right) \\]</p> <p>또한 모집단의 분포가 정규분포가 아닌 임의의 모집단에서 \\( n \\)이 대표본일 경우 중심극한정리에 의해 \\( \\bar{X} \\)는 근사적으로 정규분포를 따르므로, 모표준편차 \\( \\sigma \\)는 표본표준편차 \\( S \\)로 추정될 수 있으므로 모평균 \\( \\mu \\)의 구간추정은 위의 식을 그대로 사용할 수 있다.</p> <p>위의 식을 이용하여 신뢰구간을 구하는 경우 표본에 따라 \\( \\bar{x} \\)와 \\( S \\)가 변하므로 신뢰구간도 변하게 된다. 따라서 신뢰구간을 반복적으로 구할 때, 신뢰구간 중에는 모평균 \\( \\mu \\)를 포함하지 않는 경우도 있지만 전체의 약 \\( 100(1-\\alpha) \\% \\) 정도는 모 평균 \\( \\mu \\)를 포함할 것으로 기대할 수 있다.</p> <p>그러나 표본크기 \\( n \\) 이 소표본 \\( (n<30) \\) 일 경우 모집단이 정규분포를 따를 때에도 \\( \\sigma \\) 대신 \\( S \\)를 대입한 것이 정규분포와는 크게 다를 수 있으므로 이러한 경우 다른 분포가 필요하게 된다. 따라서 \\( Z \\) 통계량에서 \\( \\sigma \\) 대신 \\( S \\)를 대입한 \\( t \\) 봉계량은 다음과 같다.</p> <p>\\[ t=\\frac{\\bar{X}-\\mu}{S / \\sqrt{n}} \\]</p> <p>이때 \\( t \\) 통계량은 자유도 \\( n-1 \\)인 \\( t \\) 분포를 따른다. 그러므로 임의의 양수 \\( \\alpha(0<\\alpha<1) \\)에 대하여 \\[ P\\left(-t_{(n-1, \\alpha / 2)}<\\frac{\\bar{X}-\\mu}{S / \\sqrt{n}}<t_{(n-1, \\alpha / 2)}\\right)=1-\\alpha \\] 가 성립한다. 여기서 \\( t_{(n-1, \\alpha / 2)} \\)는 자유도 \\( n-1 \\)인 \\( t \\) 분포의 오른쪽 꼬리의 넓이가 \\( (\\alpha / 2) \\)인 점을 나타내며, 구간추정에서 \\( t_{(n-1, \\alpha / 2)} \\) 값으로 \\( t_{(10,0.025)}=2.228 \\), \\( t_{(20,0.025)}=2.086, t_{(\\infty, 0.025)}=1.96 \\)이 주로 사용된다.</p> <p>위 식의 좌변 항의 괄호 속 부등식을 \\( \\mu \\)에 관해 풀어서 정리하면 다음과 같이 쓸 수 있다.</p> <p>\\[ P\\left(\\bar{X}-t_{(n-1, \\alpha / 2)} \\frac{S}{\\sqrt{n}}<\\mu<\\bar{X}+t_{(n-1, \\alpha / 2)} \\frac{S}{\\sqrt{n}}\\right)=1-\\alpha \\] 따라서 \\( n<30 \\)인 경우 모평균 \\( \\mu \\)에 대한 \\( (1-\\alpha) 100 \\% \\) 신뢰구간은 다음과 같다. \\[ \\left(\\bar{X}-t_{(n-1, \\alpha / 2)} \\frac{S}{\\sqrt{n}}, \\bar{X}+t_{(n-1, \\alpha / 2)} \\frac{S}{\\sqrt{n}}\\right) \\] \\( t_{\\left(n-1, \\frac{\\alpha}{2}\\right)} \\) 는 \\( t_{\\frac{\\alpha}{2}}(n-1) \\)로도 표시한다.</p> <p>예제 2 정규모집단 \\( N\\left(\\mu, \\sigma^{2}\\right) \\) 에서 크기 5 인 표본을 추출한 결과 [2.9 2.5 3.7 3.0 2.8]을 얻었다. 이 결과를 이용하여 모평균 \\( \\mu \\)에 대한 \\( 95 \\% \\) 신뢰구간을 구하여라.</p> <p>풀이 우선 표본평균과 표분분산을 먼저 구하면 각각 다음과 같다. \\[ \\begin{aligned} \\bar{x} &=\\frac{1}{5}(2.9+2.5+3.7+3.0+2.8)=2.98 \\\\ s^{2} &=\\frac{1}{4} \\sum_{i=1}^{5}\\left(x_{i}-2.98\\right)^{2} \\\\ &=\\frac{1}{4}(0.0064+0.2304+0.5184+0.0004+0.0324) \\\\ &=0.197 \\end{aligned} \\] 따라서 표본표준편차는 \\( s=\\sqrt{0.197}=0.4438 \\)이고, \\( 1-\\alpha=0.95 \\)에 대하여 자유도 4인 \\( t \\) 분포표로부터 \\( t_{0.025}(4)=2.776 \\)을 얻는다. 그러면 \\( 95 \\% \\) 신뢰구간의 하한과 상한은 각각 다음과 같다. \\[ \\begin{array}{l} \\hat{\\theta_{1}}=\\bar{x}-t_{0.025}(4) \\cdot \\frac{s}{\\sqrt{5}}=2.98-0.551=2.429, \\\\ \\hat{\\theta_{2}}=\\bar{x}+t_{0.025}(4) \\cdot \\frac{s}{\\sqrt{5}}=2.98+0.551=3.531 \\end{array} \\] 신뢰수준 \\( 95 \\% \\)에 대한 모평균 \\( \\mu \\)의 신뢰구간은 \\( (2.429,3.531) \\)이다.</p>",
                "context_length": 2858,
                "clue": [
                    {
                        "clue_text": "우선 정규모집단으로부터 추출한 표본크기 \\( n \\)이 대표본 \\( (n \\geq 30) \\)일 경우 모평균 \\( \\mu \\)에 대한 \\( 100(1-\\alpha) \\% \\) 신뢰구간은 모표준편차 \\( \\sigma \\) 대신 표본표준편차 \\( S \\)를 대입하여 다음과 같이 구할 수 있다.",
                        "clue_start": "169",
                        "clue_end": "331"
                    },
                    {
                        "clue_text": "\\[ \\left(\\bar{X}-z_{\\alpha / 2} \\frac{S}{\\sqrt{n}}, \\bar{X}+z_{\\alpha / 2} \\frac{S}{\\sqrt{n}}\\right) \\]",
                        "clue_start": "332",
                        "clue_end": "435"
                    },
                    {
                        "clue_text": "따라서 \\( n<30 \\)인 경우 모평균 \\( \\mu \\)에 대한 \\( (1-\\alpha) 100 \\% \\) 신뢰구간은 다음과 같다.",
                        "clue_start": "1737",
                        "clue_end": "1811"
                    },
                    {
                        "clue_text": "\\[ \\left(\\bar{X}-t_{(n-1, \\alpha / 2)} \\frac{S}{\\sqrt{n}}, \\bar{X}+t_{(n-1, \\alpha / 2)} \\frac{S}{\\sqrt{n}}\\right) \\]",
                        "clue_start": "1812",
                        "clue_end": "1929"
                    },
                    {
                        "clue_text": "그러나 표본크기 \\( n \\) 이 소표본 \\( (n<30) \\) 일 경우 모집단이 정규분포를 따를 때에도 \\( \\sigma \\) 대신 \\( S \\)를 대입한 것이 정규분포와는 크게 다를 수 있으므로 이러한 경우 다른 분포가 필요하게 된다.",
                        "clue_start": "840",
                        "clue_end": "973"
                    }
                ],
                "terminology": [
                    {
                        "word": "구간추정"
                    },
                    {
                        "word": "대표본"
                    },
                    {
                        "word": "모분산"
                    },
                    {
                        "word": "모평균"
                    },
                    {
                        "word": "모표준편차"
                    },
                    {
                        "word": "부등식"
                    },
                    {
                        "word": "분포표"
                    },
                    {
                        "word": "소표본"
                    },
                    {
                        "word": "신뢰구간"
                    },
                    {
                        "word": "신뢰수준"
                    },
                    {
                        "word": "자유도"
                    },
                    {
                        "word": "정규모집단"
                    },
                    {
                        "word": "정규분포"
                    },
                    {
                        "word": "중심극한정리"
                    },
                    {
                        "word": "통계량"
                    },
                    {
                        "word": "표본"
                    },
                    {
                        "word": "표본크기"
                    },
                    {
                        "word": "표본평균"
                    },
                    {
                        "word": "표본표준편차"
                    },
                    {
                        "word": "표분분산"
                    }
                ]
            },
            {
                "context_id": "55e-0c9-00d9068e-d4b3-49f0-a609-224c08f0b61b",
                "context_K-NSCC": {
                    "field": "자연",
                    "large_category": "NA",
                    "medium_category": "09"
                },
                "context": "<h1>7.6 모분산의 구간추정</h1> <p>모평균 \\( \\mu \\)를 알 때와 모를 때로 나누어서 모분산의 구간추정에 대하여 살펴보자.</p> <h2>7.6.1 모평균 \\( \\mu \\)를 알 때의 모분산 \\( \\sigma^{2} \\)의 구간추정</h2> <p>정규모집단 \\( N\\left(\\mu, \\sigma^{2}\\right) \\)에서 모평균 \\( \\mu \\)를 알고 있을 때 미지의 모분산 \\( \\sigma^{2} \\)의 신뢰 구간을 구해보자.</p> <p>다음과 같이 정의되는 \\( \\chi^{2} \\) 통계량 \\[\\chi^{2}=\\frac{\\sum_{i=1}^{n}\\left(x_{i}-\\mu\\right)^{2}}{\\sigma^{2}}\\] 은 자유도가 \\( n \\) 인 카이제곱분포를 한다.</p> <p>따라서 임의의 양수 \\( \\alpha(0<\\alpha<1) \\)에 대하여 다음이 성립한다.</p> <p>\\[P\\left(\\chi_{(n, 1-\\alpha / 2)}^{2}<\\chi^{2}<\\chi_{(n, \\alpha / 2)}^{2}\\right)=1-\\alpha\\]</p> <p>여기서 \\( \\chi_{(n, \\alpha / 2)}^{2} \\)는 \\( 100(\\alpha / 2) \\% \\) 점이며, \\( \\chi_{\\alpha / 2}^{2}(n) \\)으로도 표시한다.</p> <p>위의 식에 \\( \\chi^{2} \\) 통계량을 대입하면 \\[P\\left(\\chi_{(n, 1-\\alpha / 2)}^{2}<\\frac{\\sum_{i=1}^{n}\\left(x_{i}-\\mu\\right)^{2}}{\\sigma^{2}}<\\chi_{(n, \\alpha / 2)}^{2}\\right)=1-\\alpha\\] 이므로, 좌변 항의 괄호 속 부등식을 \\( \\sigma^{2} \\) 에 관해 풀어서 정리하면 다음과 같이 쓸 수 있다.</p> <p>\\[ P\\left(\\frac{\\sum_{i=1}^{n}\\left(x_{i}-\\mu\\right)^{2}}{\\chi_{(n, \\alpha / 2)}^{2}}<\\sigma^{2}<\\frac{\\sum_{i=1}^{n}\\left(x_{i}-\\mu\\right)^{2}}{\\chi_{(n, 1-\\alpha / 2)}^{2}}\\right)=1-\\alpha \\]</p> <p>따라서 모분산 \\( \\sigma^{2} \\) 에 대한 \\( 100(1-\\alpha) \\% \\) 신뢰구간은 다음과 같다.</p> <p>\\[ \\left(\\frac{\\sum_{i=1}^{n}\\left(x_{i}-\\mu\\right)^{2}}{\\chi_{(n, \\alpha / 2)}^{2}}, \\frac{\\sum_{i=1}^{n}\\left(x_{i}-\\mu\\right)^{2}}{\\chi_{(n, 1-\\alpha / 2)}^{2}}\\right) \\]</p> <p>또한 모집단의 분포가 정규분포가 아닌 임의의 모집단에서 모분산 \\( \\sigma^{2} \\)을 알고 있을 때 미지의 모평균 \\( \\mu \\)의 신뢰구간은 \\( n \\)이 대표본일 경우 중심극한정리에 의해 위의 식을 그대로 사용한다.</p> <h2>7.6.2 모평균 \\( \\mu \\)를 모를 때의 모분산 \\( \\sigma^{2} \\)의 구간추정</h2> <p>정규모집단 \\( N\\left(\\mu, \\sigma^{2}\\right) \\)에서 모평균 \\( \\mu \\)를 모를 때 미지의 모분산 \\( \\sigma^{2} \\)의 신뢰구간을 구해보자. 다음과 같이 정의되는 \\( \\chi^{2} \\) 통계량 \\[\\chi^{2}=\\frac{(n-1) S^{2}}{\\sigma^{2}}\\]은 자유도가 \\( n-1 \\)인 카이제곱분포를 한다.</p> <p>따라서 임의의 양수 \\( \\alpha(0<\\alpha<1) \\)에 대하여 다음이 성립한다.</p> <p>\\[ P\\left(\\chi_{(n-1,1-\\alpha / 2)}^{2}<\\frac{(n-1) S^{2}}{\\sigma^{2}}<\\chi_{(n-1, \\alpha / 2)}^{2}\\right)=1-\\alpha \\]</p> <p>위의 식에서 좌변 항의 괄호 속 부등식을 \\( \\sigma^{2} \\) 에 관해 풀어서 정리하면 다음과 같이 쓸 수 있다.</p> <p>\\[ P\\left(\\frac{(n-1) S^{2}}{\\chi_{(n-1, \\alpha / 2)}^{2}}<\\sigma^{2}<\\frac{(n-1) S^{2}}{\\chi_{(n-1,1-\\alpha / 2)}^{2}}\\right)=1-\\alpha \\]</p> <p>따라서 모분산 \\( \\sigma^{2} \\)에 대한 \\( 100(1-\\alpha) \\% \\) 신뢰구간은 다음과 같다.</p> <p>\\[ \\left(\\frac{(n-1) S^{2}}{\\chi_{(n-1, \\alpha / 2)}^{2}}, \\frac{(n-1) S^{2}}{\\chi_{(n-1,1-\\alpha / 2)}^{2}}\\right) \\]</p> <p>예제 1 정규모집단 \\( N\\left(\\mu, \\sigma^{2}\\right) \\)에서 크기 10인 표본을 추출한 결과 다음과 같다고 한다. 이때 모분산 \\( \\sigma^{2} \\)에 대한 \\( 95 \\% \\) 신뢰구간을 구하여라.</p> <p>\\[ \\begin{array}{llllllllll}2.9 & 2.5 & 3.4 & 3.0 & 2.8 & 2.9 & 3.1 & 2.8 & 2.8 & 2.9\\end{array} \\]</p> <p>표본평균 \\( \\bar{x}=2.91 \\) 이므로 표본분산은 \\[S^{2}=\\frac{1}{9} \\sum_{i=1}^{10}\\left(x_{i}-2.91\\right)^{2}=\\frac{0.489}{4}=0.1223\\] 이고, 크기 10인 표본을 추출하였으므로 \\( \\chi_{0.025}^{2}(9)=19.02, \\chi_{0.975}^{2}(9)=2.70 \\) 이다. 그러면 \\( 95 \\% \\) 신뢰구간의 하한과 상한은 각각 다음과 같다.</p> <p>\\[ \\frac{(n-1) s^{2}}{\\chi_{\\alpha / 2}^{2}(n-1)}=\\frac{9 \\cdot(0.1223)}{19.02}=0.0579 ,\\] \\[ \\frac{(n-1) s^{2}}{\\chi_{1-\\alpha / 2}^{2}(n-1)}=\\frac{9 \\cdot(0.1223)}{2.7}=0.4077 \\]</p> <p>따라서 모분산 \\( \\sigma^{2} \\)에 대한 \\( 95 \\% \\) 신뢰구간은 \\( (0.0579,0.4077) \\) 이고 모표준편차에 대한 \\( 95 \\% \\) 신뢰구간은 \\( (0.241,0.6385) \\)이다. 일반적으로 모집단에 대한 정보를 알고 있는 경우에 비하여 정보가 부족한 경우 신뢰구간의 폭이 더 크게 된다.</p>",
                "context_length": 3270,
                "clue": [
                    {
                        "clue_text": "정규모집단 \\( N\\left(\\mu, \\sigma^{2}\\right) \\)에서 모평균 \\( \\mu \\)를 알고 있을 때 미지의 모분산 \\( \\sigma^{2} \\)의 신뢰 구간을 구해보자.",
                        "clue_start": "147",
                        "clue_end": "252"
                    },
                    {
                        "clue_text": "따라서 모분산 \\( \\sigma^{2} \\) 에 대한 \\( 100(1-\\alpha) \\% \\) 신뢰구간은 다음과 같다.",
                        "clue_start": "1121",
                        "clue_end": "1187"
                    },
                    {
                        "clue_text": "\\[ \\left(\\frac{\\sum_{i=1}^{n}\\left(x_{i}-\\mu\\right)^{2}}{\\chi_{(n, \\alpha / 2)}^{2}}, \\frac{\\sum_{i=1}^{n}\\left(x_{i}-\\mu\\right)^{2}}{\\chi_{(n, 1-\\alpha / 2)}^{2}}\\right) \\]",
                        "clue_start": "1195",
                        "clue_end": "1368"
                    },
                    {
                        "clue_text": "정규모집단 \\( N\\left(\\mu, \\sigma^{2}\\right) \\)에서 모평균 \\( \\mu \\)를 모를 때 미지의 모분산 \\( \\sigma^{2} \\)의 신뢰구간을 구해보자.",
                        "clue_start": "1576",
                        "clue_end": "1677"
                    },
                    {
                        "clue_text": "\\[ \\left(\\frac{(n-1) S^{2}}{\\chi_{(n-1, \\alpha / 2)}^{2}}, \\frac{(n-1) S^{2}}{\\chi_{(n-1,1-\\alpha / 2)}^{2}}\\right) \\]",
                        "clue_start": "2268",
                        "clue_end": "2386"
                    }
                ],
                "terminology": [
                    {
                        "word": "구간추정"
                    },
                    {
                        "word": "모분산"
                    },
                    {
                        "word": "모집단"
                    },
                    {
                        "word": "모평균"
                    },
                    {
                        "word": "모표준편차"
                    },
                    {
                        "word": "부등식"
                    },
                    {
                        "word": "신뢰구간"
                    },
                    {
                        "word": "양수"
                    },
                    {
                        "word": "자유도"
                    },
                    {
                        "word": "정규모집단"
                    },
                    {
                        "word": "정규분포"
                    },
                    {
                        "word": "중심극한정리"
                    },
                    {
                        "word": "카이제곱분포"
                    },
                    {
                        "word": "통계량"
                    },
                    {
                        "word": "표본"
                    },
                    {
                        "word": "표본분산"
                    },
                    {
                        "word": "표본평균"
                    }
                ]
            },
            {
                "context_id": "55e-0c9-47f80222-3b9f-4b5b-9540-b426b2d52ff4",
                "context_K-NSCC": {
                    "field": "자연",
                    "large_category": "NA",
                    "medium_category": "09"
                },
                "context": "<p>정의 1 불편추정량(Unbiased Estimator)</p> <p>통계량 \\( \\hat{\\theta}=u\\left(X_{1}, X_{2}, \\cdots, X_{n}\\right) \\)이 모수 \\( \\theta \\)의 추정량이라 하자. 만일 \\( E\\left[u\\left(X_{1}, X_{2}, \\cdots, X_{n}\\right)\\right]=\\theta \\)이면 통계량 \\( u\\left(X_{1}, X_{2}, \\cdots, X_{n}\\right) \\) 은 \\( \\theta \\)의 불편 추정량(unbiased estimator)이라 한다. 그렇지 않으면 \\( \\hat{\\theta} \\)는 편의(**, biased)되었다고 하고 \\( \\hat{\\theta} \\)가 \\( \\theta \\)의 편의추정량이면 \\( b(\\hat{\\theta})=E(\\hat{\\theta})-\\theta \\)를 편의라 한다.</p> <p>예제 1 \\( X_{1}, X_{2}, \\cdots, X_{n} \\)이 \\( B(1, p) \\)로부터의 확률표본이라 하자. \\( \\bar{X} \\)는 모수 \\( p \\)의 불편추정량임을 보여라.</p> <p>풀이 통계량 \\( Y=\\sum_{i=1}^{n} X_{i} \\) 는 \\( B(n, p) \\) 를 따르며, 이때 통계량 \\( \\bar{X}=Y / n \\) 는 \\[ \\begin{aligned} E\\left[\\frac{X_{1}+X_{2}+\\cdots+X_{n}}{n}\\right] &=\\frac{1}{n} E\\left[X_{1}+X_{2}+\\cdots+X_{n}\\right] \\\\ &=\\frac{1}{n}\\left(E\\left[X_{1}\\right]+E\\left[X_{2}\\right]+\\cdots+E\\left[X_{n}\\right]\\right) \\\\ &=\\frac{1}{n}(p+p+\\cdots+p)=\\frac{1}{n}(n p)=p \\end{aligned} \\] 이므로 \\( \\bar{X} \\)는 모수 \\( p \\)의 불편추정량이다.</p> <p>우리는 \\( E(\\bar{X})=\\mu \\)임을 알고 있다. 따라서 \\( \\bar{X} \\)는 \\( \\mu \\)의 불편추정량이며, 이러한 이유 때문에 \\( \\mu \\)의 추정량으로 가장 많이 사용한다. 불편성의 약점은 좋은 추정량이 갖추어야 할 성질로서 \\( \\theta \\)에 얼마나 가까운 값을 갖느냐가 아니라 \\( \\hat{\\theta} \\)의 기댓값이 \\( \\theta \\)와 같은 것을 요구한다는 사실이다.</p> <p>\\( n \\)개의 표본을 반복하여 추출할 때 추정량이 갖는 값들은 서로 근사한 값들을 가져야 한다. 다시 말하면 어떤 특별한 표본을 이용하여 얻은 추정값이 다른 표본을 이용하여 얻은 추정값과 많은 차이를 갖지 않는 추정량이 바람직하다. 이러한 성질은 추정량의 분산이 작아야 함을 요구하며 분산이 작으면 추정량의 분포가 널리 퍼져 있지 않다는 의미이다.</p> <p>정의 2 유효추정량(efficient estimator)</p> <p>모수 \\( \\theta \\)에 대한 두 불편추정량을 \\( \\hat{\\theta}_{1}, \\hat{\\theta}_{2} \\)라 하고, 각각의 분산을 \\( \\operatorname{Var}\\left(\\hat{\\theta}_{1}\\right) \\), \\( \\operatorname{Var}\\left(\\hat{\\theta}_{2}\\right) \\)라 할 때 \\( \\operatorname{Var}\\left(\\hat{\\theta}_{1}\\right)<\\operatorname{Var}\\left(\\hat{\\theta}_{2}\\right) \\)이면 \\( \\hat{\\theta}_{1} \\)은 \\( \\hat{\\theta}_{2} \\) 보다 더 유효한 추정량(more efficient estimator)이라 한다. 모수 \\( \\theta \\)의 가능한 모든 불편추정량 가운데 가장 작은 분산을 갖는 추정량을 최량불편추정량(best unbiased estimator) 또는 최소분산불편추정량(minimum variance unbiased estimator)이라 한다.</p> <p>그림 1은 크기 \\( n \\)인 표본을 이용한 세 가지 추정량 \\( \\hat{\\theta_{1}}, \\widehat{\\theta_{2}}, \\hat{\\theta_{3}} \\)의 분포를 보여준다. 세 추정량 가운데 \\( \\hat{\\theta_{1}} \\)과 \\( \\hat{\\theta_{2}} \\)의 평균값은 모수 \\( \\theta \\)와 같으며 \\( E\\left(\\widehat{\\theta_{3}}\\right)>\\theta \\)이므로 \\( \\hat{\\theta_{3}} \\)는 양의 편의를 갖는다. \\( \\operatorname{Var}\\left(\\widehat{\\theta_{1}}\\right)>\\operatorname{Var}\\left(\\widehat{\\theta_{2}}\\right)>\\operatorname{Var}\\left(\\widehat{\\theta_{3}}\\right) \\)이므로 \\( \\hat{\\theta_{3}} \\)의 분산이 가장 작지만 \\( \\hat{\\theta_{3}} \\)는 불편추정량이 아니므로 가장 유효한 추정량이 되지 못한다. 유효성은 \\( \\theta \\)의 불편추정량 가운데 분산이 가장 작은 추정량을 요구하므로 이 경우 \\( \\hat{\\theta_{2}} \\)이 유효추정량이며 모든 불편추정량 가운데 가장 유효한 추정량을 증명하는 작업은 쉽지 않다.</p> <p>예제 2 미지의 평균 \\( \\mu \\)와 미지의 분산 \\( \\sigma^{2} \\)을 갖는 분포도에서 크기 3인 확률표본을 관측하였다. 이때 \\( \\mu \\)를 추정하기 위하여 추정량으로 \\( Y_{1}=\\bar{X} \\)와 \\( Y_{2}=\\frac{X_{1}+2 X_{2}+2 X_{3}}{5} \\)를 사용한다고 할 때, 더 유효한 추정량을 찾아라.</p> <p>풀이 \\[ E\\left(Y_{1}\\right)=\\frac{1}{3} E\\left(X_{1}+X_{2}+X_{3}\\right)=\\frac{1}{3}(\\mu+\\mu+\\mu)=\\mu \\] 이고 \\[ E\\left(Y_{2}\\right)=\\frac{1}{5} E\\left(X_{1}+2 X_{2}+2 X_{3}\\right)=\\frac{1}{5}(\\mu+2 \\mu+2 \\mu)=\\mu \\] 이므로 모두 불편추정량이다. 그런데 \\[ \\operatorname{Var}\\left(Y_{1}\\right)=\\left(\\frac{1}{3}\\right)^{2} \\sigma^{2}+\\left(\\frac{1}{3}\\right)^{2} \\sigma^{2}+\\left(\\frac{1}{3}\\right)^{2} \\sigma^{2}=\\frac{\\sigma^{2}}{3} \\] 이고 \\[ \\operatorname{Var}\\left(Y_{2}\\right)=\\left(\\frac{1}{5}\\right)^{2} \\sigma^{2}+\\left(\\frac{2}{5}\\right)^{2} \\sigma^{2}+\\left(\\frac{2}{5}\\right)^{2} \\sigma^{2}=\\frac{9 \\sigma^{2}}{25} \\] 이므로 \\( \\operatorname{Var}\\left(Y_{1}\\right)<\\operatorname{Var}\\left(Y_{2}\\right) \\)이다. 따라서 \\( Y_{1} \\)은 \\( Y_{2} \\)보다 더 유효한 추정량이다.</p> <p>표본크기가 변하면 추정량의 분포도 변하기 때문에 \\( n \\rightarrow \\infty \\)일 때 추정량의 성질은 중요하다. 6장의 〈표 4 〉에서 보듯이 균등분포에서 표본크기가 \\( n=1 \\)이면 \\( \\bar{X} \\)의 분포는 모집단 분포와 동일한 균등분포이다. 표본크기가 \\( n=2 \\) 이면 \\( \\bar{X} \\)의 분포는 삼각형 모양의 분포이다. \\( n=30 \\)이면 \\( \\bar{X} \\)의 분포는 점점 더 정규분포에 가까워 짐을 알 수 있다. 추정량에 요구되는 또 다른 성질로서 표본크기가 매우 크다면 참값에 매우 가까운 값을 거의 항상 얻게 되기를 요구할 수 있다. 이러한 성질을 일치성이라고 한다.</p>",
                "context_length": 3996,
                "clue": [
                    {
                        "clue_text": "통계량 \\( \\hat{\\theta}=u\\left(X_{1}, X_{2}, \\cdots, X_{n}\\right) \\)이 모수 \\( \\theta \\)의 추정량이라 하자. 만일 \\( E\\left[u\\left(X_{1}, X_{2}, \\cdots, X_{n}\\right)\\right]=\\theta \\)이면 통계량 \\( u\\left(X_{1}, X_{2}, \\cdots, X_{n}\\right) \\) 은 \\( \\theta \\)의 불편 추정량(unbiased estimator)이라 한다.",
                        "clue_start": "41",
                        "clue_end": "308"
                    },
                    {
                        "clue_text": "그렇지 않으면 \\( \\hat{\\theta} \\)는 편의(**, biased)되었다고 하고 \\( \\hat{\\theta} \\)가 \\( \\theta \\)의 편의추정량이면 \\( b(\\hat{\\theta})=E(\\hat{\\theta})-\\theta \\)를 편의라 한다.",
                        "clue_start": "309",
                        "clue_end": "454"
                    },
                    {
                        "clue_text": "모수 \\( \\theta \\)에 대한 두 불편추정량을 \\( \\hat{\\theta}_{1}, \\hat{\\theta}_{2} \\)라 하고, 각각의 분산을 \\( \\operatorname{Var}\\left(\\hat{\\theta}_{1}\\right) \\), \\( \\operatorname{Var}\\left(\\hat{\\theta}_{2}\\right) \\)라 할 때 \\( \\operatorname{Var}\\left(\\hat{\\theta}_{1}\\right)<\\operatorname{Var}\\left(\\hat{\\theta}_{2}\\right) \\)이면 \\( \\hat{\\theta}_{1} \\)은 \\( \\hat{\\theta}_{2} \\) 보다 더 유효한 추정량(more efficient estimator)이라 한다.",
                        "clue_start": "1480",
                        "clue_end": "1872"
                    },
                    {
                        "clue_text": "모수 \\( \\theta \\)의 가능한 모든 불편추정량 가운데 가장 작은 분산을 갖는 추정량을 최량불편추정량(best unbiased estimator) 또는 최소분산불편추정량(minimum variance unbiased estimator)이라 한다.",
                        "clue_start": "1873",
                        "clue_end": "2013"
                    }
                ],
                "terminology": [
                    {
                        "word": "균등분포"
                    },
                    {
                        "word": "근사"
                    },
                    {
                        "word": "모수"
                    },
                    {
                        "word": "불편추정량"
                    },
                    {
                        "word": "유효추정량"
                    },
                    {
                        "word": "일치성"
                    },
                    {
                        "word": "정규분포"
                    },
                    {
                        "word": "최량불편추정량"
                    },
                    {
                        "word": "최소분산불편추정량"
                    },
                    {
                        "word": "추정값"
                    },
                    {
                        "word": "통계량"
                    },
                    {
                        "word": "편의추정량"
                    },
                    {
                        "word": "표본"
                    },
                    {
                        "word": "표본크기"
                    },
                    {
                        "word": "확률표본"
                    }
                ]
            },
            {
                "context_id": "55e-0c9-e84ba1fb-b0b5-4118-b8df-7198a0a65775",
                "context_K-NSCC": {
                    "field": "자연",
                    "large_category": "NA",
                    "medium_category": "09"
                },
                "context": "<h1>7.5 표본의 크기 결정</h1> <p>모수를 추정하기 위하여 표본을 추출하는데 이때 표본의 크기를 얼마로 하여야 할 것인가를 결정해야 한다. 일반적으로 표본의 크기가 너무 크면 시간과 노력이 많이 소비되는 반면 표본의 크기가 너무 작으면 오차가 큰 정보를 얻을 수 있다. 따라서 정해진 오차한계(limit of error)를 만족시키는 표본의 크기 결정이 필요하다.</p> <h2>7.5.1 모평균 추정에서의 표본의 크기 결정</h2> <p>모평균 \\( \\mu \\) 를 추정하는 데 있어서 오차한계를 정해진 값 \\( d \\)보다 작게 하려면 표본의 크기를 얼마로 하면 좋은가를 결정해보자. 모분산 \\( \\sigma^{2} \\)을 알고 있을 때 모평균 \\( \\mu \\)에 대한 \\( 100(1-\\alpha) \\% \\) 신뢰구간 \\[\\bar{X} \\pm z_{\\alpha / 2} \\frac{\\sigma}{\\sqrt{n}}\\] 에서 \\( z_{\\alpha / 2} \\frac{\\sigma}{\\sqrt{n}} \\)는 모수와 추정량 차이로서 오차가 이것보다 작을 가능성이 \\( 100(1-\\alpha) \\% \\)임을 의미한다. 이때 \\( z_{\\alpha / 2} \\frac{\\sigma}{\\sqrt{n}} \\)를 모평균 \\( \\mu \\)의 추정에서 오차의 한계라고 한다. 따라서 오차한계 \\( z_{\\alpha / 2} \\frac{\\sigma}{\\sqrt{n}} \\)를 \\( d \\)와 같게 두고, \\( n \\)에 대해서 풀면 다음을 얻을 수 있다.</p> <p>\\[ n=\\left(z_{\\alpha / 2} \\frac{\\sigma}{d}\\right)^{2} \\]</p> <p>위의 식은 모표준편차 \\( \\sigma \\)를 알고 있는 경우에만 사용 가능하며, 실제로 \\( \\sigma \\)를 모르는 경우가 대부분이므로 예비표본을 미리 추출하여 \\( \\sigma \\)를 추정하여 표본의 크기 \\( n \\)을 구할 수 있다.</p> <p>예제 1 어느 공장에서 생산되고 있는 제품은 평균 사용시간이 2,000(시간)이고, 표준편차는 200(시간)으로 품질관리를 하고 있다. 현재 생산되고 있는 제품의 평균 사용시간의 추정에서 \\( 95 \\% \\) 오차한계가 40시간 이내가 되기 위해서 필요한 표본의 크기를 구하여라.</p> <p>풀이 \\[n \\geq\\left(z_{0.025} \\frac{\\sigma}{d}\\right)^{2}=\\left(1.96 \\times \\frac{200}{40}\\right)^{2}=96.04\\] 이므로 필요한 표본의 크기는 \\( n=97 \\) 이다.</p> <h2>7.5.2 모비율 추정에서의 표본의 크기 결정</h2> <p>모비율 \\( p \\)에 대한 \\( 100(1-\\alpha) \\% \\) 신뢰구간 \\[\\hat{p} \\pm z_{\\alpha / 2} \\sqrt{\\frac{\\hat{p}(1-\\hat{p})}{n}}\\] 에서 오차한계 \\( z_{\\alpha / 2} \\sqrt{\\frac{\\hat{p}(1-\\hat{p})}{n}} \\)를 \\( d \\)와 같게 두고 \\( n \\)에 대해서 풀면 다음과 같다.</p> <p>\\[ n=\\hat{p}(1-\\hat{p})\\left(\\frac{z_{\\alpha / 2}}{d}\\right)^{2} \\]</p> <p>위의 식은 \\( \\hat{p} \\)가 사전조사나 과거 경험에 의해 추정된 \\( p \\)값으로 알고 있는 경우에만 사용 가능하다. 그러나 \\( p \\)값에 대한 사전정보가 전혀 없을 때는 \\( \\hat{p}(1-\\hat{p}) \\)의 최대변동인 \\( \\hat{p}=\\frac{1}{2} \\)일 때 주로 사용하며, 이때 표본의 크기 \\( n \\)은 다음과 같다.</p> <p>\\[ n=\\frac{1}{4}\\left(\\frac{z_{\\alpha / 2}}{d}\\right)^{2} \\]</p> <p>예제 2 어느 광고회사에서 새로 나온 신제품에 대한 불량률을 조사하고자 한다. 신제품에 대한 불량률의 \\( 95 \\% \\) 추정오차한계가 \\( 5 \\% \\) 이내가 되기 위해서 필요한 표본의 크기를 구하여라.</p> <p>풀이 신제품이기 때문에 불량률에 대한 사전정보가 전혀 없으므로 \\[n \\geq \\frac{1}{4}\\left(\\frac{z_{0.025}}{d}\\right)^{2}=\\frac{1}{4}\\left(\\frac{1.96}{0.05}\\right)^{2}=384.16\\]에서 필요한 표본의 크기는 \\( n=385 \\)이다.</p>",
                "context_length": 2194,
                "clue": [
                    {
                        "clue_text": "모분산 \\( \\sigma^{2} \\)을 알고 있을 때 모평균 \\( \\mu \\)에 대한 \\( 100(1-\\alpha) \\% \\) 신뢰구간 \\[\\bar{X} \\pm z_{\\alpha / 2} \\frac{\\sigma}{\\sqrt{n}}\\] 에서 \\( z_{\\alpha / 2} \\frac{\\sigma}{\\sqrt{n}} \\)는 모수와 추정량 차이로서 오차가 이것보다 작을 가능성이 \\( 100(1-\\alpha) \\% \\)임을 의미한다. 이때",
                        "clue_start": "335",
                        "clue_end": "578"
                    },
                    {
                        "clue_text": "이때 \\( z_{\\alpha / 2} \\frac{\\sigma}{\\sqrt{n}} \\)를 모평균 \\( \\mu \\)의 추정에서 오차의 한계라고 한다.",
                        "clue_start": "576",
                        "clue_end": "657"
                    },
                    {
                        "clue_text": "모비율 \\( p \\)에 대한 \\( 100(1-\\alpha) \\% \\) 신뢰구간 \\[\\hat{p} \\pm z_{\\alpha / 2} \\sqrt{\\frac{\\hat{p}(1-\\hat{p})}{n}}\\] 에서 오차한계 \\( z_{\\alpha / 2} \\sqrt{\\frac{\\hat{p}(1-\\hat{p})}{n}} \\)를 \\( d \\)와 같게 두고 \\( n \\)에 대해서 풀면 다음과 같다.",
                        "clue_start": "1317",
                        "clue_end": "1532"
                    },
                    {
                        "clue_text": "\\[ n=\\hat{p}(1-\\hat{p})\\left(\\frac{z_{\\alpha / 2}}{d}\\right)^{2} \\]",
                        "clue_start": "1540",
                        "clue_end": "1607"
                    }
                ],
                "terminology": [
                    {
                        "word": "모분산"
                    },
                    {
                        "word": "모비율"
                    },
                    {
                        "word": "모수"
                    },
                    {
                        "word": "모평균"
                    },
                    {
                        "word": "모표준편차"
                    },
                    {
                        "word": "신뢰구간"
                    },
                    {
                        "word": "예비표본"
                    },
                    {
                        "word": "오차한계"
                    },
                    {
                        "word": "표본"
                    },
                    {
                        "word": "표준편차"
                    }
                ]
            },
            {
                "context_id": "55e-0c9-04ebaf85-f04e-4dcf-9a0b-2250e3810458",
                "context_K-NSCC": {
                    "field": "자연",
                    "large_category": "NA",
                    "medium_category": "09"
                },
                "context": "<h1>7.1 추정의 개념</h1> <p>모집단의 특성을 나타내는 모수의 정확한 값을 모르는 경우 표본을 기초로 하여 모집단에 관한 정보를 얻으려고 하는 것을 통계적 추론(Statistical Inference)이라 한다. 일반적으로 모집단의 규모란 방대한 것이어서 이들을 구성하는 요소 전부를 관측한다는 것은 시간이나 경비 문제상 어려움이 많게 된다. 따라서 모집단의 특성을 나타내는 모수값을 직접 계산하기 힘들며, 이러한 이유로 우리는 모집단으로부터 적절한 과정을 통해 추출한 표본을 대신 관찰함으로써 모수값을 취하게 된다.</p> <p>통계적 추론에서 가장 중요한 부분은 추정과 검정이론을 들 수 있다. 이 장에서는 먼저 추정이론을 다루기로 한다.</p> <p>앞 장에서 우리는 확률표본들의 특징들로부터 그 모집단의 특징을 알아왔다. 예를 들면 표본평균 \\( \\bar{X}_{n} \\)는 모평균 \\( \\mu \\)를 알아보기 위해 사용했고, 표본분산 \\( S^{2} \\)은 모분산 \\( \\sigma^{2} \\)을 알아보는 데 사용될 수 있다. 여기서 미지의 모평균, 모분산 등을 모수(parameter)라 하고 모수 \\( \\theta \\)의 모든 가능한 값의 집합 \\( \\Omega \\)를 모수공긴(parameter space)이라 한다. 이 미지의 모수들을 가능한 한 정확히 예측(추정)하고자 하는 것이 우리의 주된 목적이다. 그러면 그런 모수를 어떤 도구로 어떻게 예측(추정)할 것인가?</p> <p>모집단으로부터 추출된 표본을 이용하여 하나의 값으로 모수를 추정하는 것을 점추정(point estimation)이라 하고, 모수가 속하는 구간을 추정하는 것을 구간추정(interval estimation)이라 한다.</p> <p>확률변수 \\( X \\)의 확률밀도함수는 알려져 있는 함수 형태로 임의의 값을 갖는 미지의 모수 \\( \\theta \\)에 의존한다고 하며 \\( f(x ; \\theta), \\theta \\in \\Omega \\)와 같이 표시하기로 하자. 이때 모수 공간 전체에 대한 확률함수 또는 확률밀도함수들의 집합 \\( \\{f(x ; \\theta) ; \\theta \\in \\Omega\\} \\)를 분포족(family of distributions)이라 한다. 우리는 때때로 이러한 분포족으로부터 확률변수의 확률함수 또는 확률밀도함수 하나를 정확하게 택해야 할 필요가 있다. 이때 모수 \\( \\theta \\)에 대한 점추정값, 즉 선택된 확률밀도함수에 대응하는 모수값이 필요한 것이다.</p> <p>\\( X_{1}, X_{2}, \\cdots, X_{n} \\)을 분포족 \\( \\{f(x ; \\theta) ; \\theta \\in \\Omega\\} \\)의 하나의 원소인 확률함수 또는 확률밀도함수를 갖는 분포로부터 추출한 확률표본이라 하자. 이제 이 표본들의 관측값 \\( x_{1}, x_{2}, \\cdots, x_{n} \\)을 이용하여 모수 \\( \\theta \\)의 값을 추정하려 하고, 모수 \\( \\theta \\)를 추정하기 위해 사용되는 확률표본(random sample) \\( X_{1}, X_{2}, \\cdots, X_{n} \\)들의 함수인 통계량 \\( Y=u\\left(X_{1}, X_{2}, \\cdots, X_{n}\\right) \\)을 모수 \\( \\theta \\)의 추정(estimator)이라 하고 \\( \\hat{\\theta} \\)로 표기한다. 그러면 이 추정량 \\( Y=u\\left(X_{1}, X_{2}, \\cdots, X_{n}\\right) \\) 이 모수 \\( \\theta \\) 의 정확한 추정량이 되려면 어떤 성질들을 갖추어야 하겠는가?</p> <p>추정량은 추출된 표본에 따라 변하는 통계량이고, 미지의 모수 \\( \\theta \\)에 대한 통계량은 여러 가지가 있을 수 있다. 따라서 어떤 추정량 \\( \\hat{\\theta} \\)가 좋고 나쁜지는 추정량의 표본분포가 모수 \\( \\theta \\) 주위에 어떤 형태로 분포되어 있는가에 달려 있다고 할 수 있다.</p> <p>어떤 모수에 대한 점추정을 할 때 쓰는 점추정량으로는 표본평균, 중앙값, 최빈 값 등 여러 가지가 있을 수 있는데, 이중 좋은 성질을 가지고 있는 추정량을 사용하는 것이 바람직하다. 좋은 추정량 \\( \\hat{\\theta} \\)가 갖는 성질로 다음과 같은 몇 가지의 성질을 생각할 수 있다.</p> <ol type=1 start=1><li>추정량의 기댓값이 모수의 참값과 같아야 하는 불편성(unbiasedness)</li> <li>추정량이 다른 추정량과 비교하여 상대적으로 작은 분산을 갖는 유효성(efficiency)</li> <li>표본으로부터 이용가능한 정보를 사용하는 충분성(sufficiency)</li> <li>표본의 크기가 매우 크다면 참값에 매우 가까운 추정량을 거의 항상 얻게 되는 일치성(consistency)</li></ol>",
                "context_length": 2378,
                "clue": [
                    {
                        "clue_text": "모집단의 특성을 나타내는 모수의 정확한 값을 모르는 경우 표본을 기초로 하여 모집단에 관한 정보를 얻으려고 하는 것을 통계적 추론(Statistical Inference)이라 한다.",
                        "clue_start": "23",
                        "clue_end": "124"
                    },
                    {
                        "clue_text": "모집단으로부터 추출된 표본을 이용하여 하나의 값으로 모수를 추정하는 것을 점추정(point estimation)이라 하고, 모수가 속하는 구간을 추정하는 것을 구간추정(interval estimation)이라 한다.",
                        "clue_start": "732",
                        "clue_end": "852"
                    },
                    {
                        "clue_text": "따라서 어떤 추정량 \\( \\hat{\\theta} \\)가 좋고 나쁜지는 추정량의 표본분포가 모수 \\( \\theta \\) 주위에 어떤 형태로 분포되어 있는가에 달려 있다고 할 수 있다.",
                        "clue_start": "1851",
                        "clue_end": "1952"
                    },
                    {
                        "clue_text": "어떤 모수에 대한 점추정을 할 때 쓰는 점추정량으로는 표본평균, 중앙값, 최빈 값 등 여러 가지가 있을 수 있는데, 이중 좋은 성질을 가지고 있는 추정량을 사용하는 것이 바람직하다.",
                        "clue_start": "1960",
                        "clue_end": "2061"
                    }
                ],
                "terminology": [
                    {
                        "word": "검정"
                    },
                    {
                        "word": "검정이론"
                    },
                    {
                        "word": "구간추정"
                    },
                    {
                        "word": "모분산"
                    },
                    {
                        "word": "모수"
                    },
                    {
                        "word": "모수 공간"
                    },
                    {
                        "word": "모수값"
                    },
                    {
                        "word": "모평균"
                    },
                    {
                        "word": "분포족"
                    },
                    {
                        "word": "점추정"
                    },
                    {
                        "word": "점추정량"
                    },
                    {
                        "word": "중앙값"
                    },
                    {
                        "word": "집합"
                    },
                    {
                        "word": "추론"
                    },
                    {
                        "word": "추정이론"
                    },
                    {
                        "word": "충분성"
                    },
                    {
                        "word": "통계량"
                    },
                    {
                        "word": "통계적 추론"
                    },
                    {
                        "word": "표본"
                    },
                    {
                        "word": "표본분산"
                    },
                    {
                        "word": "표본분포"
                    },
                    {
                        "word": "표본평균"
                    },
                    {
                        "word": "함수"
                    },
                    {
                        "word": "확률밀도함수"
                    },
                    {
                        "word": "확률변수"
                    },
                    {
                        "word": "확률표본"
                    },
                    {
                        "word": "확률함수"
                    }
                ]
            },
            {
                "context_id": "55e-0c9-d252ae59-e8dd-4779-a3d1-44d38a56ba78",
                "context_K-NSCC": {
                    "field": "자연",
                    "large_category": "NA",
                    "medium_category": "09"
                },
                "context": "<h1>7.3 모평균의 구간추정</h1> <p>구간추정이란 미지 모수 \\( \\theta \\)의 참값이 속할 것으로 기대되는 구간을 추정하는 것이다. 미지 모수 \\( \\theta \\)의 구간추정을 위하여 표본으로부터 계산한 추정량 \\( \\hat{\\theta}_{1}, \\hat{\\theta}_{2} \\)를 정하고 주어진 양수 \\( \\alpha(0<\\alpha<1) \\) 에 대하여 \\[ P\\left(\\hat{\\theta}_{1}<\\theta<\\hat{\\theta}_{2}\\right)=1-\\alpha \\] 가 만족될 때 구간 \\( \\left(\\hat{\\theta}_{1}, \\hat{\\theta}_{2}\\right) \\)를 \\( \\theta \\)의 \\( (1-\\alpha) 100 \\% \\) 신뢰구간(confidence interval) 또는 구간추정량(interval estimator)이라 하고, \\( (1-\\alpha) \\)를 신뢰계수(confidence coefficient) 또는 신뢰도(degree of confidence)라 한다. 그리고 \\( \\hat{\\theta}_{1} \\)과 \\( \\hat{\\theta}_{2} \\)를 신뢰 한계(confidence limits)라 하며, \\( \\hat{\\theta}_{1} \\)을 신뢰하한(confidence lower limit), \\( \\hat{\\theta}_{2} \\)을 신뢰상한(confidence upper limit)이라 한다.</p> <p>신뢰계수는 일반적으로 \\( \\alpha \\)가 0.1, 0.05, 0.01이 되는 \\( 90 \\%, 95 \\%, 99 \\% \\)를 주로 사용한다. \\( 90 \\% \\) 신뢰도라 함은 표본으로부터 얻은 신뢰구간이 정확한 모수의 참값을 포함할 확률이 \\( 90 \\% \\)임을 나타내는 것이 아니고, 다음 그림과 같이 미지의 모수 \\( \\theta \\)를 갖는 모집단으로부터 확률표본 10 개를 임의로 추출하였을 때, 각각의 표본으로부터 얻은 신뢰구간 10 개 중에서 \\( 90 \\% \\)에 해당하는 9개의 구간이 모평균의 참값을 포함하고, 나머지 \\( 10 \\% \\)에 해당하는 1개의 구간은 모수의 참값을 포함하지 않음을 의미한다.</p> <p>모분산 \\( \\sigma^{2} \\)을 아는 경우와 모르는 경우로 나누어서 모평균의 구간추정에 대하여 살펴보자.</p> <h2>7.3.1 모분산 \\( \\sigma^{2} \\)을 아는 경우 모평균 \\( \\mu \\)의 구간추정</h2> <p>정규모집단 \\( N\\left(\\mu, \\sigma^{2}\\right) \\)에서 모분산 \\( \\sigma^{2} \\)을 알고 있을 때 미지의 모평균 \\( \\mu \\)의 신뢰 구간을 구해보자. 정규모집단으로부터 추출한 크기가 \\( n \\)인 임의 표본의 표본평균 \\( \\bar{x} \\)는 정규분포 \\( N\\left(\\mu, \\frac{\\sigma^{2}}{n}\\right) \\)을 따르므로 이것을 표준화한 \\( Z \\) 통계량 \\[ Z=\\frac{\\bar{X}-\\mu}{\\sigma / \\sqrt{n}} \\] 는 표준정규분포 \\( N(0,1) \\)을 따른다.</p> <p>따라서 표준정규분포의 성질로부터 임의의 양수 \\( \\alpha(0<\\alpha<1) \\)에 대하여 \\[ P\\left(-z_{\\alpha / 2}<Z<z_{\\alpha / 2}\\right)=1-\\alpha \\] 가 성립한다. 여기서 \\( z_{\\alpha / 2} \\)는 표준정규분포 \\( N(0,1) \\)에서 오른쪽 꼬리의 넓이가 \\( (\\alpha / 2) \\)인 점을 나타내며, 구간추정에서 \\( z_{\\alpha / 2} \\)값으로 \\( z_{0.05}=1.645, z_{0.025}=1.96 \\), \\( z_{0.005}=2.576 \\)이 주로 사용된다.</p> <p>위의 식에 \\( Z \\) 통계량을 대입하면 \\[ P\\left(-z_{\\alpha / 2}<\\frac{\\bar{X}-\\mu}{\\sigma / \\sqrt{n}}<z_{\\alpha / 2}\\right)=1-\\alpha \\] 이므로, 좌변 항의 괄호 속 부등식을 \\( \\mu \\) 에 관해 풀어 정리하면 다음과 같이 쓸 수 있다. \\[ P\\left(\\bar{X}-z_{\\alpha / 2} \\frac{\\sigma}{\\sqrt{n}}<\\mu<\\bar{X}+z_{\\alpha / 2} \\frac{\\sigma}{\\sqrt{n}}\\right)=1-\\alpha \\]</p> <p>따라서 모평균 \\( \\mu \\) 에 대한 \\( 100(1-\\alpha) \\% \\) 신뢰구간은 다음과 같다. \\[ \\left(\\bar{X}-z_{\\alpha / 2} \\frac{\\sigma}{\\sqrt{n}}, \\bar{X}+z_{\\alpha / 2} \\frac{\\sigma}{\\sqrt{n}}\\right) \\]</p> <p>이것은 모평균 \\( \\mu \\)가 위의 구간에 포함될 것을 \\( 100(1-\\alpha) \\% \\) 신뢰할 수 있음을 의미한다. 또한 모집단의 분포가 정규분포가 아닌 임의의 모집단에서 모분산 \\( \\sigma^{2} \\)을 알고 있을 때 미지의 모평균 \\( \\mu \\)의 신뢰구간은 \\( n \\)이 대표본일 경우 중심극한정리에 의해 위의 식을 그대로 사용한다.</p> <p>예제 1 어느 회사에서 생산하는 비누 무게는 분산이 \\( \\sigma^{2}=4(\\mathrm{g}) \\)인 정규분포를 따른다고 한다. 25 개의 비누를 임의 추출하였을 때 그 평균무게의 값은 \\( \\bar{X}=97(\\mathrm{g}) \\)이었다. 실제 평균무게 \\( \\mu \\)에 대한 \\( 95 \\% \\) 신뢰구간을 구하여라.</p> <p>풀이 \\( z_{\\alpha / 2}=z_{0.025}=1.96 \\)이고, \\( \\sigma=2, n=25 \\)이므로 \\( \\mu \\)에 대한 \\( 95 \\% \\) 신뢰구간 \\[ 97-1.96 \\frac{2}{\\sqrt{25}}<\\mu<97+1.96 \\frac{2}{\\sqrt{25}} \\text {, 즉 } 96.216<\\mu<97.784 \\text { 이다. } \\]</p>",
                "context_length": 2974,
                "clue": [
                    {
                        "clue_text": "미지 모수 \\( \\theta \\)의 구간추정을 위하여 표본으로부터 계산한 추정량 \\( \\hat{\\theta}_{1}, \\hat{\\theta}_{2} \\)를 정하고 주어진 양수 \\( \\alpha(0<\\alpha<1) \\) 에 대하여 \\[ P\\left(\\hat{\\theta}_{1}<\\theta<\\hat{\\theta}_{2}\\right)=1-\\alpha \\] 가 만족될 때 구간 \\( \\left(\\hat{\\theta}_{1}, \\hat{\\theta}_{2}\\right) \\)를 \\( \\theta \\)의 \\( (1-\\alpha) 100 \\% \\) 신뢰구간(confidence interval) 또는 구간추정량(interval estimator)이라 하고, \\( (1-\\alpha) \\)를 신뢰계수(confidence coefficient) 또는 신뢰도(degree of confidence)라 한다.",
                        "clue_start": "83",
                        "clue_end": "527"
                    },
                    {
                        "clue_text": "그리고 \\( \\hat{\\theta}_{1} \\)과 \\( \\hat{\\theta}_{2} \\)를 신뢰 한계(confidence limits)라 하며, \\( \\hat{\\theta}_{1} \\)을 신뢰하한(confidence lower limit), \\( \\hat{\\theta}_{2} \\)을 신뢰상한(confidence upper limit)이라 한다.",
                        "clue_start": "528",
                        "clue_end": "722"
                    },
                    {
                        "clue_text": "따라서 표준정규분포의 성질로부터 임의의 양수 \\( \\alpha(0<\\alpha<1) \\)에 대하여 \\[ P\\left(-z_{\\alpha / 2}<Z<z_{\\alpha / 2}\\right)=1-\\alpha \\] 가 성립한다.",
                        "clue_start": "1542",
                        "clue_end": "1666"
                    },
                    {
                        "clue_text": "\\[ \\left(\\bar{X}-z_{\\alpha / 2} \\frac{\\sigma}{\\sqrt{n}}, \\bar{X}+z_{\\alpha / 2} \\frac{\\sigma}{\\sqrt{n}}\\right) \\]",
                        "clue_start": "2239",
                        "clue_end": "2352"
                    }
                ],
                "terminology": [
                    {
                        "word": "coefficient"
                    },
                    {
                        "word": "구간추정"
                    },
                    {
                        "word": "구간추정량"
                    },
                    {
                        "word": "구간추정량(interval estimator)"
                    },
                    {
                        "word": "대표본"
                    },
                    {
                        "word": "모분산"
                    },
                    {
                        "word": "모수"
                    },
                    {
                        "word": "모집단"
                    },
                    {
                        "word": "모평균"
                    },
                    {
                        "word": "미지 모수"
                    },
                    {
                        "word": "부등식"
                    },
                    {
                        "word": "분산"
                    },
                    {
                        "word": "신뢰 한계"
                    },
                    {
                        "word": "신뢰 한계(confidence limits)"
                    },
                    {
                        "word": "신뢰계수"
                    },
                    {
                        "word": "신뢰계수(confidence coefficient)"
                    },
                    {
                        "word": "신뢰구간"
                    },
                    {
                        "word": "신뢰구간(confidence interval)"
                    },
                    {
                        "word": "신뢰도"
                    },
                    {
                        "word": "신뢰도(degree of confidence)"
                    },
                    {
                        "word": "신뢰상한"
                    },
                    {
                        "word": "신뢰상한(confidence upper limit)"
                    },
                    {
                        "word": "신뢰하한"
                    },
                    {
                        "word": "신뢰하한(confidence lower limit)"
                    },
                    {
                        "word": "양수"
                    },
                    {
                        "word": "정규모집단"
                    },
                    {
                        "word": "정규분포"
                    },
                    {
                        "word": "중심극한정리"
                    },
                    {
                        "word": "통계량"
                    },
                    {
                        "word": "표본"
                    },
                    {
                        "word": "표본평균"
                    },
                    {
                        "word": "표준정규분포"
                    },
                    {
                        "word": "확률표본"
                    }
                ]
            },
            {
                "context_id": "55e-0c9-merge_2_96aba9d6-08bb5321-e634-491d-98ce-0fcb8a084bce_06",
                "context_K-NSCC": {
                    "field": "자연",
                    "large_category": "NA",
                    "medium_category": "09"
                },
                "context": "<h1>7.4 모비율의 구간추정</h1> <p>이항모집단의 모비율 \\( p \\)의 점추정량은 \\[ \\hat { p } = \\frac { X } { n } \\]이며, 여기서 \\( X \\)를 어떤 특정한 속성을 가지고 있는 개체의 총수라 하면 \\( X \\)는 이항분포 \\( B(n, p) \\)를 따른다. 또한 표본크기 \\( n \\)이 대표본일 때 \\( X \\)의 분포는 근사적으로 \\( N(n p, n p(1-p)) \\)를 따른다. 이때 대표본의 기준은 흔히 \\( n \\hat { p } >5 \\)이고 \\( n(1- \\hat { p } )>5 \\)로 \\( n \\)이 충분히 큰 경우를 의미한다.</p> <p>따라서 \\[Z= \\frac { X-n p } {\\sqrt { n p(1-p) } } = \\frac {\\hat { p } -p } {\\sqrt {\\frac {\\hat { p } (1- \\hat { p } ) } { n } } } \\] 는 근사적으로 표준정규분포를 따르므로 임의의 양수 \\( \\alpha(0< \\alpha<1) \\)에 대하여 \\[P \\left (-z_ {\\alpha / 2 }< \\frac {\\hat { p } -p } {\\sqrt {\\frac {\\hat { p } (1- \\hat { p } ) } { n } } }<z_ {\\alpha / 2 } \\right )=1- \\alpha \\] 가 성립한다. 그러므로 좌변 항의 괄호 속 부등식을 \\( p \\)에 관해 풀어서 정리하면 다음과 같이 쓸 수 있다.</p> <p>\\[P \\left ( \\hat { p } -z_ {\\alpha / 2 } \\sqrt {\\frac {\\hat { p } (1- \\hat { p } ) } { n } }<p< \\hat { p } + z_ {\\alpha / 2 } \\sqrt {\\frac {\\hat { p } (1- \\hat { p } ) } { n } } \\right )=1- \\alpha \\] 따라서 표본크기 \\( n \\)이 대표본일 때 모비율 \\( p \\)에 대한 \\( 100(1- \\alpha) \\% \\) 신뢰구간은 다음과 같다. \\[ \\left ( \\hat { p } -z_ {\\alpha / 2 } \\sqrt {\\frac {\\hat { p } (1- \\hat { p } ) } { n } } , \\hat { p } + z_ {\\alpha / 2 } \\sqrt {\\frac {\\hat { p } (1- \\hat { p } ) } { n } } \\right ) \\]</p> <p>예제 1 어떤 공정에서 제조된 최근의 로트로부터 100 개의 표본을 취해서 검사해본 결과 2개의 불량품이 나왔다. 모불량률의 \\( 95 \\% \\) 신뢰구간을 구하여라.</p> <p>풀이 \\( \\hat { p } = \\frac { 2 } { 100 } =0.02 \\)이고 \\( z_ {\\alpha / 2 } =z_ { 0.025 } =1.96 \\)이므로 모불량률 \\( 95 \\% \\) 신뢰구간은 다음과 같다. \\[0.02-1.96 \\sqrt {\\frac { 0.02 \\times 0.98 } { 100 } }<p<0.02 + 1.96 \\sqrt {\\frac { 0.02 \\times 0.98 } { 100 } } \\] 즉 \\( 0.02-0.02744<p<0.02 + 0.02744 \\)이고, 따라서 \\( 0<p<0.04744 \\)이다.</p>",
                "context_length": 1634,
                "clue": [
                    {
                        "clue_text": "이항모집단의 모비율 \\( p \\)의 점추정량은 \\[ \\hat { p } = \\frac { X } { n } \\]이며, 여기서 \\( X \\)를 어떤 특정한 속성을 가지고 있는 개체의 총수라 하면 \\( X \\)는 이항분포 \\( B(n, p) \\)를 따른다.",
                        "clue_start": "26",
                        "clue_end": "167"
                    },
                    {
                        "clue_text": "따라서 표본크기 \\( n \\)이 대표본일 때 모비율 \\( p \\)에 대한 \\( 100(1- \\alpha) \\% \\) 신뢰구간은 다음과 같다",
                        "clue_start": "946",
                        "clue_end": "1023"
                    },
                    {
                        "clue_text": "\\[ \\left ( \\hat { p } -z_ {\\alpha / 2 } \\sqrt {\\frac {\\hat { p } (1- \\hat { p } ) } { n } } , \\hat { p } + z_ {\\alpha / 2 } \\sqrt {\\frac {\\hat { p } (1- \\hat { p } ) } { n } } \\right ) \\]",
                        "clue_start": "1025",
                        "clue_end": "1212"
                    }
                ],
                "terminology": [
                    {
                        "word": "구간추정"
                    },
                    {
                        "word": "대표본"
                    },
                    {
                        "word": "로트"
                    },
                    {
                        "word": "모불량률"
                    },
                    {
                        "word": "모비율"
                    },
                    {
                        "word": "부등식"
                    },
                    {
                        "word": "신뢰구간"
                    },
                    {
                        "word": "양수"
                    },
                    {
                        "word": "이항모집단"
                    },
                    {
                        "word": "이항분포"
                    },
                    {
                        "word": "점추정량"
                    },
                    {
                        "word": "표본"
                    },
                    {
                        "word": "표본크기"
                    },
                    {
                        "word": "표준정규분포"
                    }
                ]
            },
            {
                "context_id": "55e-0c9-7490e247-d0f6-4040-9502-16ade8fe28c4",
                "context_K-NSCC": {
                    "field": "자연",
                    "large_category": "NA",
                    "medium_category": "09"
                },
                "context": "<p>정의 2 일치추정량(consistent estimator)</p> <p>모수 \\( \\theta \\) 의 추정량을 \\( \\hat{\\theta}_{n} \\) 이라 할 때 임의의 양수 \\( \\varepsilon \\) 에 대하여 \\( \\hat{\\theta}_{n} \\) 이 \\( \\theta \\) 에 확률수렴하면, 즉 \\[ \\lim _{n \\rightarrow \\infty} P\\left(\\left|\\hat{\\theta}_{n}-\\theta\\right|<\\varepsilon\\right)=1 \\text { 또는 } \\lim _{n \\rightarrow \\infty} P\\left(\\left|\\hat{\\theta}_{n}-\\theta\\right| \\geq \\varepsilon\\right)=0 \\] 이 성립하면 \\( \\hat{\\theta}_{n} \\) 을 \\( \\theta \\) 의 일치추정량이라 한다.</p> <p>다음 성질은 일치성을 만족하는 두 가지 충분조건을 제시한다.</p> <p>성질 1 표본크기가 \\( n \\)이고 \\( \\widehat{\\theta_{n}} \\)을 \\( \\theta \\)의 한 추정량이라고 하자. \\[ \\lim _{n \\rightarrow \\infty} E\\left(\\widehat{\\theta_{n}}\\right)=\\theta, \\lim _{n \\rightarrow \\infty} \\operatorname{Var}\\left(\\widehat{\\theta_{n}}\\right)=0 \\] 이면 \\( \\hat{\\theta_{n}} \\)은 \\( \\theta \\)의 일치추정량이다.</p> <p>성질 1에 의하면 \\( \\bar{X}_{n} \\)는 \\( \\mu \\)의 일치추정량이다. 이제 모집단의 대표적 모수인 모평균, 모분산과 모표준편차, 그리고 모비율에 대한 점추정에 대하여 살펴보자.</p> <p>모평균 \\( \\mu \\)의 추정량으로 여러 가지 통계량이 사용될 수 있으며, 그 가운데 가장 대표적인 것이 표본평균이다. 모집단으로부터 추출한 크기 \\( n \\)인 임의 표본을 \\( x_{1}, x_{2}, \\cdots, x_{n} \\)이라 할 때 모평균의 추정량인 표본평균은 다음과 같이 정의한다.</p> <p>\\[ \\bar{X}=\\frac{1}{n} \\sum_{i=1}^{n} X_{i} \\]</p> <p>모평균이 \\( \\mu \\)이고 모분산이 \\( \\sigma^{2} \\)인 무한모집단으로부터 크기 \\( n \\)인 표본을 복원추출할 때 표본평균 \\( \\bar{X} \\)는 다음과 같은 성질을 갖는다.</p> <p>\\( E(\\bar{X})=\\mu \\), \\( \\operatorname{Var}(\\bar{X})=\\frac{\\sigma^{2}}{n} \\)</p> <p>따라서 \\( \\bar{X} \\)는 모평균 \\( \\mu \\)의 불편추정량이고, \\( \\bar{X} \\)의 분산이 \\( \\frac{\\sigma^{2}}{n} \\)이므로 표준편차는 \\( \\frac{\\sigma}{\\sqrt{n}} \\)이다. 모평균이 \\( \\mu \\)이고 모분산이 \\( \\sigma^{2} \\)인 모집단으로부터 크기 \\( n \\)인 임의 표본을 \\( X_{1}, X_{2}, \\cdots, X_{n} \\)이라 할 때 모분산의 추정량인 표본분산은 다음과 같이 정의한다.</p> <p>\\( S^{2}=\\frac{1}{n-1} \\sum_{i=1}^{n}\\left(X_{i}-\\bar{X}\\right)^{2} \\)</p> <p>6.2절의 성질 4에 의하면 \\( \\frac{(n-1) S^{2}}{\\sigma^{2}} \\sim \\chi^{2}(n-1) \\)이므로 무한모집단으로부터 임의 표본을 추출하여 얻은 표본분산 \\( S^{2} \\)은 다음과 같은 성질을 갖는다.</p> <p>\\[ E\\left(S^{2}\\right)=\\sigma^{2} \\]</p> <p>따라서 \\( S^{2} \\) 은 모분산 \\( \\sigma^{2} \\) 의 불편추정량임을 알 수 있다.</p> <p>모비율(population proportion)은 어떤 정부 시책에 대한 국민 지지율이나 어떤 상품의 시장 점유율 또는 부품생산에 있어서 불량률 등과 같이 모집단에서 어떤 특정한 속성을 갖는 비율을 의미한다. 따라서 모비율의 추정은 여론조사, 시장조사, 품질관리분야에서 많이 요구되고 있다.</p> <p>어떤 특정한 속성에 대한 모비율이 \\( p \\)인 무한모집단으로부터 \\( n \\)개의 임의 표본을 추출하였을 때, 특정한 속성을 가지고 있는 개체의 총수를 \\( X \\)라 하면 \\( X \\)는 이항분포 \\( B(n, p) \\)를 따른다. 이때 모비율의 추정량인 표본비율(sample proportion)은 다음과 같이 정의한다.</p> <p>\\[ \\hat{p}=\\frac{X}{n} \\]</p> <p>\\( X \\)가 이항분포 \\( b(n, p) \\)를 따를 때</p> <p>\\[ E(X)=n p ,\\] \\[ \\operatorname{Var}(X)=n p(1-p) \\]</p> <p>이 성립되므로, 표본비율 \\( \\hat{p} \\)의 기댓값과 분산은 다음과 같다.</p> <p>\\[ E(\\hat{p})=p ,\\]\\[ \\operatorname{Var}(\\hat{p})=\\frac{p(1-p)}{n} \\]</p> <p>그러므로 \\( \\hat{p} \\)는 모비율 \\( p \\)의 불편추정량이면서 일치추정량이다.</p> <p>예제 3 어떤 제품의 품질 특성을 조사하기 위하여 10개의 표본을 추출하여 측정한 결과 다음과 같은 값을 얻었다. 2.3 2.2 2.1 1.9 2.2 2.4 2.1 2.3 1.7 1.8 이 품질 특성값에 대한 모평균 \\( \\mu \\) 와 모분산 \\( \\sigma^{2} \\), 그리고 모표준편차 \\( \\sigma \\)를 추정하여라.</p> <p>풀이 모평균의 추정값은 \\( \\hat{\\mu}=\\bar{X}=\\frac{1}{10}(2.3+2.2+\\cdots+1.8)=2.1 \\)이고 모분산의 추정값은 \\[ \\hat{\\sigma}^{2}=S^{2}=\\frac{1}{10-1}\\left[(2.3-2.1)^{2}+(2.2-2.1)^{2}+\\cdots+(1.8-2.1)^{2}\\right] \\] 이다. 그리고 모표준편차의 추정값은 \\[ S=\\sqrt{5.33}=2.309 \\] 이다.</p> <p>표본 수가 작은 경우에는 추정량의 불편성과 유효성은 바람직한 성질들이지만 이와 다른 추정량의 성질로서 충분성을 생각할 수 있다. 충분성이라는 의미는 표본이 제공하는 모수에 대한 모든 정보를 이용한 추정량이라는 의미이다. 즉 충분 통계량이란 표본의 모든 관측값을 이용할 뿐 아니라 관측값들이 제공하는 정보도 이용하는 추정량인 것을 의미한다. 우리는 일반적으로 모수 \\( \\theta \\)를 추정하는 데 있어서 통계량 \\( \\hat{\\theta} \\)가 \\( \\theta \\)의 추정량으로 사용될 때, 통계량 \\( \\hat{\\theta} \\)가 표본에 포함되어 있는 \\( \\theta \\)에 관한 모든 정보를 갖고 있으면 통계량 \\( \\hat{\\theta} \\)를 \\( \\theta \\)의 충분통계량이라 한다. 이것은 충분통계량값이 알려지면 다른 통계량들의 관찰값들도 모수에 대한 더 많은 정보를 갖지 않음을 의미한다. 따라서 \\( \\hat{\\theta} \\)를 모수 \\( \\theta \\)의 충분통계량이라 하면 \\( \\hat{\\theta} \\)의 값이 주어졌을 때 그 어떤 다른 통계량들의 조건부분포도 모수 \\( \\theta \\)를 포함하지 않는다. 이를 이용하면 표본의 중앙값은 관측값들의 순위만을 이용하고 관측값들이 제공하는 숫자적인 정보를 이용하지 않으므로 충분통계량이 아니다.</p> <p>충분통계량의 정의와 성질은 기초통계학의 범위를 벗어나므로 생략한다.</p>",
                "context_length": 3771,
                "clue": [
                    {
                        "clue_text": "모평균 \\( \\mu \\)의 추정량으로 여러 가지 통계량이 사용될 수 있으며, 그 가운데 가장 대표적인 것이 표본평균이다. 모집단으로부터 추출한 크기 \\( n \\)인 임의 표본을 \\( x_{1}, x_{2}, \\cdots, x_{n} \\)이라 할 때 모평균의 추정량인 표본평균은 다음과 같이 정의한다.",
                        "clue_start": "906",
                        "clue_end": "1073"
                    },
                    {
                        "clue_text": "따라서 \\( \\bar{X} \\)는 모평균 \\( \\mu \\)의 불편추정량이고, \\( \\bar{X} \\)의 분산이 \\( \\frac{\\sigma^{2}}{n} \\)이므로 표준편차는 \\( \\frac{\\sigma}{\\sqrt{n}} \\)이다.",
                        "clue_start": "1336",
                        "clue_end": "1466"
                    },
                    {
                        "clue_text": "모비율(population proportion)은 어떤 정부 시책에 대한 국민 지지율이나 어떤 상품의 시장 점유율 또는 부품생산에 있어서 불량률 등과 같이 모집단에서 어떤 특정한 속성을 갖는 비율을 의미한다.",
                        "clue_start": "1937",
                        "clue_end": "2053"
                    },
                    {
                        "clue_text": "따라서 모비율의 추정은 여론조사, 시장조사, 품질관리분야에서 많이 요구되고 있다.",
                        "clue_start": "2054",
                        "clue_end": "2099"
                    },
                    {
                        "clue_text": "즉 충분 통계량이란 표본의 모든 관측값을 이용할 뿐 아니라 관측값들이 제공하는 정보도 이용하는 추정량인 것을 의미한다.",
                        "clue_start": "3184",
                        "clue_end": "3250"
                    }
                ],
                "terminology": [
                    {
                        "word": "sample proportion"
                    },
                    {
                        "word": "개체의 총수"
                    },
                    {
                        "word": "기초통계학"
                    },
                    {
                        "word": "모분산"
                    },
                    {
                        "word": "모비율"
                    },
                    {
                        "word": "모수"
                    },
                    {
                        "word": "모평균"
                    },
                    {
                        "word": "모표준편차"
                    },
                    {
                        "word": "무한모집단"
                    },
                    {
                        "word": "불편추정량"
                    },
                    {
                        "word": "이항분포"
                    },
                    {
                        "word": "일치추정량"
                    },
                    {
                        "word": "임의의 양수"
                    },
                    {
                        "word": "점추정"
                    },
                    {
                        "word": "조건부분포도"
                    },
                    {
                        "word": "중앙값"
                    },
                    {
                        "word": "추정값"
                    },
                    {
                        "word": "충분성"
                    },
                    {
                        "word": "충분통계량"
                    },
                    {
                        "word": "통계량"
                    },
                    {
                        "word": "표본"
                    },
                    {
                        "word": "표본분산"
                    },
                    {
                        "word": "표본비율"
                    },
                    {
                        "word": "표본크기"
                    },
                    {
                        "word": "표본평균"
                    },
                    {
                        "word": "표준편차"
                    },
                    {
                        "word": "확률수렴"
                    }
                ]
            },
            {
                "context_id": "55e-0c9-ad1a6c6f-0b07-486a-be8f-3aeb54bec598",
                "context_K-NSCC": {
                    "field": "자연",
                    "large_category": "NA",
                    "medium_category": "09"
                },
                "context": "<h1>7.2 최대우도추정</h1> <p>앞에서 소개한 바람직한 추정량의 조건 또는 특징들은 추정량이 훌륭한 것인지를 판단하는 기준을 제공하지만 이러한 조건들을 전부 또는 대부분 보유하는 추정량을 구하는 방법을 제시하지는 못하고 있기 때문에 이를 별도로 고려해볼 필요가 있다. 예를 들면 모평균의 추정량인 표본평균이나 모비율의 추정량인 표본 비율의 경우처럼 앞에서 설명한 모든 조건을 갖춘 추정량이 있는 반면, 이처럼 모든 특성을 고루 갖춘 추정량의 발견이 가능치 못한 경우도 있다. 이러할 때에는 여러 특성 중 어느 것을 중요시하는가 하는 문제가 발생하는데, 이런 경우에는 적절한 추정량을 결정할 수 있는 일반적인 과정을 밟는 것이 중요하다. 이러한 과정에는 여러 가지가 있으며, 그중에서도 최대우도추정방법을 제일 많이 사용한다.</p> <p>피셔(R. A. Fisher)는 좋은 추정량이 되기 위한 기준들의 상당히 많은 조건을 만족하는 추정량을 찾기 위한 방법으로 최대우도추정방법을 개발하였다. 그는 1920년대에 추정량을 구하는 최대우도추정방법을 제시하였는데 이 방법에 의한 추정량은 앞에서 연구한 좋은 추정량의 몇 가지 성질을 지닌다. 특히 이 방법은 추정량을 구하기가 용이하고 구한 추정량은 표본크기가 클 때 모수 근처에서 정규분포에 가까우므로 자주 사용된다. 최대우도추정방법은 주어진 표본이 추출될 가장 가능한 표본공간을 택하여 모수를 추정한다. 이 말은 다시 말하면 다른 표본공간에서 가장 빈번히 관측된 표본을 생성할 수 있는 표본공간이 선택된다는 의미이다.</p> <p>예를 들어, 찌그러진 동전을 던지는 실험에서 앞면이 나온 평균비율이 \\( p=0.2, 0.3\\) 또는 0.8 가운데 하나라고 하자. 이때 동전을 두 번 던져서 관찰된 앞면의 수를 생각한다면, 모수공간이 \\( \\Omega=\\{0.2,0.3,0.8\\} \\)인 베르누이 분포 \\( X \\sim B(1, p) \\)로부터 크기 2인 확률표본 \\( \\left\\{X_{1}, X_{2}\\right\\} \\)로 생각할 수 있다. 그러면 모수 \\( p \\)에 대한 적률추정방법에 의한 추정량은 \\( \\bar{X} \\)이며, \\( X_{i}=0 \\) 또는 \\( X_{i}=1 \\)이므로 \\( \\bar{X} \\)의 가능한 관찰값은 \\( \\bar{x}=0,0.5 \\), 그리고 1뿐이다. 한편 이러한 관찰값들은 모수공간에 들어 있지 않게 된다. 이제 \\( X_{1}, X_{2} \\)의 결합확률함수 \\[ f\\left(x_{1}, x_{2} ; p\\right)=p^{x_{1}+x_{2}}(1-p)^{2-x_{1}-x_{2}}, x_{i}=0,1, i=1,2 \\] 를 생각하자. 그러면 모수공간 안의 \\( p \\) 에 따른 \\( X_{1}, X_{2} \\) 의 결합확률은 표 1과 같으며, 관찰값이 \\( \\left(x_{1}, x_{2}\\right)=(0,0) \\) 인 경우 가장 큰 확률을 가지는 경우는 \\( p=0.2 \\) 인 것을 알 수 있다. 또한 관찰값이 \\( \\left(x_{1}, x_{2}\\right)=(0,1),(1,0) \\) 일 때 가장 큰 확률을 가지는 경우는 \\( p=0.3 \\), 그리고 \\( \\left(x_{1}, x_{2}\\right)=(1,1) \\) 인 경우 가장 큰 확률을 가지는 경우는 \\( p=0.8 \\) 이다. 그러므로 관찰된 \\( \\left(x_{1}, x_{2}\\right) \\) 에 대하여 우도를 최대로 하는 추정량은 \\[ \\hat{p}=\\left\\{\\begin{array}{ll} 0.2, & \\left(x_{1}, x_{2}\\right)=(0,0) \\\\ 0.3, & \\left(x_{1}, x_{2}\\right)=(0,1), \\quad(1,0) \\\\ 0.8, & \\left(x_{1}, x_{2}\\right)=(1,1) \\end{array}\\right. \\] 이다.</p> <p>이와 같이 가능한 모든 모수값을 갖는 모수공간 \\( \\Omega \\)를 갖는 모집단 분포로 부터 확률표본 \\( X_{1}, X_{2}, \\cdots, X_{n} \\)을 취할 때, 확률표본에서 관찰된 값 \\( x_{1}, x_{2}, \\cdots, x_{n} \\)에 기초하여 통계량의 값 \\( u\\left(x_{1}, x_{2}, \\cdots, x_{n}\\right) \\)이 모수 \\( \\theta \\)에 대한 좋은 추정값이 되도록 하는 추정량 \\( u\\left(X_{1}, X_{2}, \\cdots, X_{n}\\right) \\)을 찾고자 한다. 이때 \\( \\theta \\)에 대한 좋은 추정량을 찾기 위한 타당한 방법 가운데 하나는 결합확률함수 또는 결합밀도함수를 \\( \\theta \\)의 함수로 생각하고, 이 함수를 최대로 하는 \\( \\theta \\)를 구하는 것이다. 다시 말해서 미지인 모수 \\( \\theta \\)를 갖는 모집단분포 \\( f(x ; \\theta) \\)로부터 크기 \\( n \\)인 확률표본 \\( X_{1}, X_{2}, \\cdots \\), \\( X_{n} \\)을 추출할 때, 결합확률함수 \\[ f\\left(x_{1}, x_{2}, \\cdots, x_{n} ; \\theta\\right)=f\\left(x_{1} ; \\theta\\right) f\\left(x_{2} ; \\theta\\right) \\cdots f\\left(x_{n} ; \\theta\\right) \\]</p> <p>\\[ =\\prod_{i=1}^{n} f\\left(x_{i} ; \\theta\\right) \\] 를 모수 \\( \\theta \\)의 함수 \\[ \\begin{aligned} L(\\theta)=L\\left(\\theta ; x_{1}, x_{2}, \\cdots, x_{n}\\right) &=f\\left(x_{1} ; \\theta\\right) f\\left(x_{2} ; \\theta\\right) \\cdots f\\left(x_{n} ; \\theta\\right) \\\\ &=\\prod_{i=1}^{n} f\\left(x_{i} ; \\theta\\right) \\end{aligned} \\] 로 생각할 수 있으며, 이 함수를 우도함수(likelihood function)라 부른다. 그리고 모수공간 \\( \\Omega \\)에서 우도함수 \\( L(\\theta) \\)를 최대로 하는 \\( \\theta=\\hat{\\theta} \\)가 존재한다면 \\( \\hat{\\theta} \\)를 모수 \\( \\theta \\)의 최대우도추정(MLE; maximum likelihood estimator)이라 한다. 이때 \\( \\Omega \\)가 개구간이고 우도함수 \\( L(\\theta) \\)가 \\( \\Omega \\)에서 미분가능하고 최댓값을 갖는다면, 최대우도추정은 \\[ \\frac{d}{d \\theta} L(\\theta)=0 \\] 을 만족하는 해가 되며, 이 방정식을 우도방정식(maximum likelihood equation)이라 한다. 한편 최대우도추정을 구할 때, 때때로 우도함수 자체를 최대로 하는 모수값을 구하는 것보다 우도함수에 자연로그를 취하여 \\[ \\frac{d}{d \\theta} \\ln L(\\theta)=0 \\] 을 최대로 하는 \\( \\theta=\\hat{\\theta} \\) 를 구하는 것이 쉬울 때가 있다.</p> <p>예제 1 \\( X \\)가 모비율 \\( p \\)인 베르누이 모집단으로부터 \\( n \\)개의 임의 표본을 추출하였을 때, 어떤 특정한 속성을 가지고 있는 개체수가 \\( x \\) 일 때 모비율 \\( p \\)의 최대우도추정량 \\( \\hat{p} \\)를 구하여라.</p> <p>풀이 우선 우도함수는 \\[ \\begin{aligned} L(p) &=p^{x_{1}+x_{2}+\\cdots+x_{n}}(1-p)^{n-\\left(x_{1}+x_{2}+\\cdots+x_{n}\\right)} \\\\ &=p^{x}(1-p)^{n-x} \\end{aligned} \\] 이므로 양변에 대수를 취하여 다음과 같이 로그 우도함수를 얻을 수 있다. \\[ \\ln L(p)=x \\ln p+(n-x) \\ln (1-p) \\] 로그 우도함수를 \\( p \\) 에 관하여 미분하여 0 으로 놓으면 \\[ \\frac{d \\ln L(p)}{d p}=\\frac{x}{p}-\\frac{n-x}{1-p}=0 \\] 이므로 이를 \\( p \\) 에 관해 풀면 다음과 같은 최대우도추정 \\( \\hat{p} \\) 를 얻을 수 있다. \\[ \\hat{p}=\\frac{x}{n} \\]</p> <p>예제 2 \\( X_{1}, X_{2}, \\cdots, X_{n} \\)을 확률밀도함수 \\[ f(x ; \\theta)=\\frac{1}{\\theta} e^{-x / \\theta}, 0<x<\\infty, 0<\\theta<\\infty \\] 를 갖는 분포로부터의 확률표본이라 할 때 모수 \\( \\theta \\)의 최대우도추정량 \\( \\hat{\\theta} \\)를 구하여라.</p> <p>풀이 우도함수는 \\[ \\begin{aligned} L(\\theta) &=\\prod_{i=1}^{n} f\\left(x_{i} ; \\theta\\right)=\\frac{1}{\\theta} e^{-x_{1} / \\theta} \\cdot \\frac{1}{\\theta} e^{-x_{2} / \\theta} \\cdots \\frac{1}{\\theta} e^{-x_{n} / \\theta} \\\\ &=\\frac{1}{\\theta^{n}} \\exp \\left(-\\frac{1}{\\theta} \\sum_{i=1}^{n} x_{i}\\right), 0<\\theta<\\infty \\end{aligned} \\] 이고, 따라서 로그 우도함수는 \\[ \\ln L(\\theta)=-n \\ln \\theta-\\frac{1}{\\theta} \\sum_{i=1}^{n} x_{i}, 0<\\theta<\\infty \\] 이다. 그러므로 우도방정식 \\[ \\frac{d}{d \\theta} \\ln L(\\theta)=-\\frac{n}{\\theta}+\\frac{1}{\\theta^{2}} \\sum_{i=1}^{n} x_{i}=0 \\] 이고, 이 방정식의 해를 구하면 \\( \\hat{\\theta}=\\frac{1}{n} \\sum_{i=1}^{n} x_{i}=\\bar{x} \\)이다.</p>",
                "context_length": 4924,
                "clue": [
                    {
                        "clue_text": "앞에서 소개한 바람직한 추정량의 조건 또는 특징들은 추정량이 훌륭한 것인지를 판단하는 기준을 제공하지만 이러한 조건들을 전부 또는 대부분 보유하는 추정량을 구하는 방법을 제시하지는 못하고 있기 때문에 이를 별도로 고려해볼 필요가 있다.",
                        "clue_start": "23",
                        "clue_end": "154"
                    },
                    {
                        "clue_text": "피셔(R. A. Fisher)는 좋은 추정량이 되기 위한 기준들의 상당히 많은 조건을 만족하는 추정량을 찾기 위한 방법으로 최대우도추정방법을 개발하였다.",
                        "clue_start": "417",
                        "clue_end": "502"
                    },
                    {
                        "clue_text": "특히 이 방법은 추정량을 구하기가 용이하고 구한 추정량은 표본크기가 클 때 모수 근처에서 정규분포에 가까우므로 자주 사용된다.",
                        "clue_start": "584",
                        "clue_end": "654"
                    },
                    {
                        "clue_text": "다시 말해서 미지인 모수 \\( \\theta \\)를 갖는 모집단분포 \\( f(x ; \\theta) \\)로부터 크기 \\( n \\)인 확률표본 \\( X_{1}, X_{2}, \\cdots \\), \\( X_{n} \\)을 추출할 때, 결합확률함수 \\[ f\\left(x_{1}, x_{2}, \\cdots, x_{n} ; \\theta\\right)=f\\left(x_{1} ; \\theta\\right) f\\left(x_{2} ; \\theta\\right) \\cdots f\\left(x_{n} ; \\theta\\right) \\]</p> <p>\\[ =\\prod_{i=1}^{n} f\\left(x_{i} ; \\theta\\right) \\] 를 모수 \\( \\theta \\)의 함수 \\[ \\begin{aligned} L(\\theta)=L\\left(\\theta ; x_{1}, x_{2}, \\cdots, x_{n}\\right) &=f\\left(x_{1} ; \\theta\\right) f\\left(x_{2} ; \\theta\\right) \\cdots f\\left(x_{n} ; \\theta\\right) \\\\ &=\\prod_{i=1}^{n} f\\left(x_{i} ; \\theta\\right) \\end{aligned} \\] 로 생각할 수 있으며, 이 함수를 우도함수(likelihood function)라 부른다.",
                        "clue_start": "2326",
                        "clue_end": "2983"
                    },
                    {
                        "clue_text": "이때 \\( \\Omega \\)가 개구간이고 우도함수 \\( L(\\theta) \\)가 \\( \\Omega \\)에서 미분가능하고 최댓값을 갖는다면, 최대우도추정은 \\[ \\frac{d}{d \\theta} L(\\theta)=0 \\] 을 만족하는 해가 되며, 이 방정식을 우도방정식(maximum likelihood equation)이라 한다.",
                        "clue_start": "3155",
                        "clue_end": "3339"
                    }
                ],
                "terminology": [
                    {
                        "word": "likelihood function"
                    },
                    {
                        "word": "maximum likelihood equation"
                    },
                    {
                        "word": "maximum likelihood estimator"
                    },
                    {
                        "word": "개구간"
                    },
                    {
                        "word": "결합밀도함수"
                    },
                    {
                        "word": "결합확률"
                    },
                    {
                        "word": "결합확률함수"
                    },
                    {
                        "word": "로그 우도함수"
                    },
                    {
                        "word": "모비율"
                    },
                    {
                        "word": "모수"
                    },
                    {
                        "word": "모수값"
                    },
                    {
                        "word": "모수공간"
                    },
                    {
                        "word": "모집단분포"
                    },
                    {
                        "word": "모평균"
                    },
                    {
                        "word": "미분가능"
                    },
                    {
                        "word": "방정식"
                    },
                    {
                        "word": "베르누이 모집단"
                    },
                    {
                        "word": "베르누이 분포"
                    },
                    {
                        "word": "우도"
                    },
                    {
                        "word": "우도방정식"
                    },
                    {
                        "word": "우도함수"
                    },
                    {
                        "word": "정규분포"
                    },
                    {
                        "word": "최대우도추정"
                    },
                    {
                        "word": "최대우도추정량"
                    },
                    {
                        "word": "최대우도추정방법"
                    },
                    {
                        "word": "최댓값"
                    },
                    {
                        "word": "추정값"
                    },
                    {
                        "word": "통계량"
                    },
                    {
                        "word": "표본"
                    },
                    {
                        "word": "표본공간"
                    },
                    {
                        "word": "표본크기"
                    },
                    {
                        "word": "표본평균"
                    },
                    {
                        "word": "함수"
                    },
                    {
                        "word": "확률밀도함수"
                    },
                    {
                        "word": "확률표본"
                    }
                ]
            }
        ]
    }
}