{
    "dataset_info": {
        "identifier": "02-031-002-NL",
        "name": "기술과학 문서 요약 데이터",
        "category": "자연어",
        "last_updated": "2023-08-30"
    },
    "dataset": {
        "doc_id": "114998e3-4cb204aa-9376-4bc6-86c4-a9343d755c19",
        "doc_type": "논문",
        "doc_title": {
            "kor": "한국어 워드넷에서의 개념 유사도를 활용한 선택형 문항 생성 시스템",
            "eng": ""
        },
        "doc_category": {
            "KDC": "413.05",
            "DDC": ""
        },
        "doc_number": {
            "ISSN": "2287-5891",
            "ISBN": "",
            "DOI": "",
            "UCI": ""
        },
        "doc_year": "2008",
        "doc_author": [
            "김용범",
            "김유섭"
        ],
        "doc_publisher": "한국정보처리학회",
        "doc_license": "CC BY-NC",
        "context_info": [
            {
                "context_id": "55e-0c9-107d6251-832e-4a12-aded-a4e2b42aafbc",
                "context_K-NSCC": {
                    "field": "인공물",
                    "large_category": "EE",
                    "medium_category": "02"
                },
                "context": "<h1>1. 서 론</h1><p>인터넷의 발전으로 오프라인에서 주로 시행되던 교육 및 평가 시스템이 온라인으로 확장되어 각종 교육기관에 의해 시행되고 있다. 과거에는 오프라인의 지필고사를 위주로 치루어졌던 TOEFL과 같은 평가가 현재는 Internet-Based Test (IBT) 방식으로 바뀌고 있는 것이 예다. 이와 같은 국제시험 뿐만 아니라 많은 평가가 오프라인 영역에서 온라인 영역으로 이동하고 있으며, 이러한 시험을 대비하는 교육 방식 역시 온라인으로 급속히 이동하고 있다. 온라인 교육에서는 필히 온라인 평가가 요구되는데, 온라인 평가에서는 주로 문제 은행이라는 방대한 자료가 구축되어야 하지만, 이를 위해서는 문제를 출제하는데 필요한 많은 자원이 소모된다. 만일 이러한 자원이 뒷받침되지 않으면 수험자는 반복되어 출제되는 문제의 유형 또는 내용을 암기하여 문제를 풂으로써, 정상적인 평가가 불가능하게 된다.</p><p>이와 같은 문제를 최소화하기 위해 문항 생성을 자동으로 하여 더 적은 비용으로 매우 다양한 문항을 반자동으로 생성하는 연구가 제시되고 있다. 그러나 이 연구는 매우 많은 문항을 짧은 시간에 생성할 수는 있으나, 이 시스템은 어휘 온톨로지 상에서 주변에 있는 어휘들을 대체어로 제시하는 수준이기 때문에 주어진 문장과 유사한 문항을 생성할수는 있지만, 유사한 정도를 조절할 수 없어 새로이 생성된 문제의 난이도를 제어할 수 없다는 문제를 가지고 있다.</p><p>따라서 본 연구에서는 자동으로 생성되는 문항의 유사도를 조절함으로써 문제의 난이도를 조절할 수 있도록 하였다. 기존의 연구에서도 워드넷(WordNet)을 한국어로 번역한 한국어 워드넷을 사용하여 유사한 문항을 동적으로 생성할 수 있었으나, 본 연구에서는 이러한 한국어 워드넷의 구조를 보다 적극적으로 이용하여 유사도를 조절함으로써 보다 다양한 난이도의 문제를 출제할 수 있도록 한다. 선택형 문제에서 오답은 문제의 난이도 및 학습자의 대상 어휘에 대한 이해도 평가에 중요한 역할을 한다. 따라서 본 연구에서는 정답 문항의 어휘와 새로이 만들어지는 오답 문항의 어휘의 유사도를 워드넷에서 제공하는 Synset, Hypernym, Hyponym 과 같은 계층적 특성을 이용하여 조절함으로써 새로이 생성되는 문제의 난이도를 조절할 수 있도록 하였다. 어휘간 개념 유사도의 측정을 위해서, 본 논문에서는 [9], [10]에서 제시된 측정방법을 구현하여 사용자가 이들 두 가지 방법 중에서 본인의 의도에 더 적합한 방법을 선택할 수 있도록 하였다.</p><p>본 연구에서는 말뭉치 데이터에서 추출되는 어휘의 관련도 (relatedness) 대신 워드넷의 계층구조에서 추출되는 어휘의 유사도 (similarity)를 활용하였다. 이는 새로운 문장을 생성하는데 있어, 그 전체적인 의미가 얼마나 변하는가에 따른 난이도 조절을 목표로 하기 때문이다. 만일 유사도가 아닌 관련도를 사용한다면, 새로이 생성된 문장은 문맥상 기존 문장과 비교하기 어려운 전혀 별도의 문장이 된다.</p><p>새로운 문장을 생성하기 위해서, 출제자는 먼저 자신이 참고할 만한 기존의 문장을 입력하거나 저장된 파일에서 불러오고, 원하는 유사도를 입력한다. 시스템은 한국어 형태소 분석기를 사용하여 문장에서 키워드를 추출하고, 동시에 각 키워드와 주어진 유사도를 가지는 후보 어휘들을 한국어 워드넷에서 찾고 그 결과를 출제자에게 제시한다. 마지막으로 출제자는 후보 어휘 중에서 적절한 어휘를 선택하여 새로운 문항을 생성한다.</p><p>본 연구에서 구현한 난이도를 고려한 문항의 자동 생성 시스템을 이용하여 출제자는 보다 빠르고 간편하게 보다 다양한 문항을 생성할 수 있었으며, 테스트 결과 학생들에게 보다 높은 난이도의 문제를 간편하게 제시할 수 있었다.</p>",
                "context_length": 1856,
                "clue": [
                    {
                        "clue_text": "과거에는 오프라인의 지필고사를 위주로 치루어졌던 TOEFL과 같은 평가가 현재는 Internet-Based Test (IBT) 방식으로 바뀌고 있는 것이 예다.",
                        "clue_start": "88",
                        "clue_end": "177"
                    },
                    {
                        "clue_text": "온라인 교육에서는 필히 온라인 평가가 요구되는데, 온라인 평가에서는 주로 문제 은행이라는 방대한 자료가 구축되어야 하지만, 이를 위해서는 문제를 출제하는데 필요한 많은 자원이 소모된다.",
                        "clue_start": "273",
                        "clue_end": "376"
                    },
                    {
                        "clue_text": "본 연구에서는 말뭉치 데이터에서 추출되는 어휘의 관련도 (relatedness) 대신 워드넷의 계층구조에서 추출되는 어휘의 유사도 (similarity)를 활용하였다. 이는 새로운 문장을 생성하는데 있어, 그 전체적인 의미가 얼마나 변하는가에 따른 난이도 조절을 목표로 하기 때문이다.",
                        "clue_start": "1256",
                        "clue_end": "1415"
                    },
                    {
                        "clue_text": "본 연구에서 구현한 난이도를 고려한 문항의 자동 생성 시스템을 이용하여 출제자는 보다 빠르고 간편하게 보다 다양한 문항을 생성할 수 있었으며, 테스트 결과 학생들에게 보다 높은 난이도의 문제를 간편하게 제시할 수 있었다.",
                        "clue_start": "1729",
                        "clue_end": "1852"
                    }
                ],
                "terminology": [
                    {
                        "word": "Internet-Based Test (IBT)"
                    },
                    {
                        "word": "계층구조"
                    },
                    {
                        "word": "계층적 특성"
                    },
                    {
                        "word": "반자동"
                    },
                    {
                        "word": "번역"
                    },
                    {
                        "word": "온톨로지"
                    },
                    {
                        "word": "워드넷"
                    },
                    {
                        "word": "워드넷(WordNet)"
                    },
                    {
                        "word": "유사도의 측정"
                    },
                    {
                        "word": "한국어 워드넷"
                    },
                    {
                        "word": "형태소"
                    }
                ]
            },
            {
                "context_id": "55e-0c9-1a21178b-90b7-4ac8-a46c-7ab3cb19ea5b",
                "context_K-NSCC": {
                    "field": "인공물",
                    "large_category": "EE",
                    "medium_category": "02"
                },
                "context": "<h1>2. 워드넷에서의 유사도 측정</h1><p>워드넷은 1985년 프린스톤(Princeton)대학 인지과학연구실에서 연구되어 발전된 것으로써, 최초에는 어휘들의 연관성을 나타내기 위하여 고안되었으며 최근에는 언어처리, 정보검색 등의 분야에서 매우 활발하게 활용, 연구되고 있다.</p><p>(그림 1)은 한국어 워드넷 [7]의 기본 체계를 보여준다. 워드넷의 계층적 특성을 한국어 워드넷을 통하여 살펴보면, Synset이란 동의어(synonym)관계를 의미하며 (그림 1)에서의 {수단, 방편}과 같이 의미가 비슷하여 하나의 집합을 이루는 노드를 말한다. 이 Synset은 워드넷 상에서 하나의 개념을 표현한다. Hypernym은 Synset을 보다 추상적으로 표현한 상위단어를 말하며 (그림 1)에서는 {인공물}이 {수단, 방편}의 Hypernym이 된다. Hyponym이란 상위단어에 대한 좀 더 구체적인 단어를 말하는데 (그림 1)에서는 {수송기, 수송차} 가 {수단, 방편 }의 Hyponym이 된다.</p><p>본 연구에서는 워드넷에서 Synset간의 Hyponym과 Hypernym 관계를 활용하여 어휘간 또는 개념간 유사도를 계산하였는데 [13]에서 제시된 바와 같이 성능면에서 큰 차이가 없고 대량의 데이터를 구축할 필요가 없는 [9]과[10]에서 제시한 방식을 사용하였다. [9]와 [10]에서 제시한 방식으로 어휘간 또는 개념간 유사도를 계산하였는데, 이 알고리즘에 대한 간략한 설명은 다음과 같다.</p><p>[9]에서 제시된 알고리즘은 두 개념 사이의 관계를 두 개념 사이의 경로(path)의 길이에 기반을 두어 다음과 같이 추정하였다.</p><p>\\( \\operatorname{rel}_{H S}\\left(c_{1}, c_{2}\\right)=C-\\operatorname{len}\\left(c_{1}, c_{2}\\right)-k * d \\)<caption>(1)</caption></p><p>여기서 C와 K는 상수이고, \\( \\operatorname{len}(a, \\beta) \\) 는 개념 \\( a \\)와 개념 \\( \\beta \\)사이의 가장 가까운 경로를 이루고 있는 간선의 개수이다. 그리고 \\( d \\)는 경로의 방향 전환 회수를 의미한다. 이 방법은 두 개념 사이의 간선의 개수가 적고, 경로의 방향 전환이 없는 경우에 더욱 유사한 개념으로 정의한다. 예를 들어 \\( c_{1} \\)이 {트럭}, \\( c_{2} \\) 가 {자동차} 일 때 두 개념 사이의 유사도를 구하기 위해 (1)식을 따르면 \\( \\operatorname{len}\\left(c_{1}, c_{2}\\right) \\) 는 5가 되고 {wheeled_vehicle}에서 경로의 방향이 전환되므로 C를 20, K를 0.5로 하였을 때 두 개념간의 유사도는 14.5가 된다. 반면에 '수송기'와 '수송차'는 동일 개념이므로 \\( \\operatorname{len}\\left(c_{1}, c_{2}\\right)^{\\prime} \\) 가 0, 경로 방향 전환 횟수가 0이 되므로 유사도가 20이 되고, {트럭}과 {실체}는 'len \\( \\left(c_{1}, c_{2}\\right) \\)가 8이 되므로 유사도는 12가 된다.</p><p>한편, [10]에서는 개념 \\( c_{1} \\) 과 \\( c_{2} \\) 간의 유사도를 다음과 같이 추정한다.</p><p>\\( \\operatorname{sim}_{L C}\\left(c_{1}, c_{2}\\right)=-\\log \\frac{\\operatorname{len}\\left(c_{1}, c_{2}\\right)}{2 D} \\)<caption>(2)</caption></p><p>여기서 D는 두 개념을 동시에 포함하는 계층 체계의 전체적인 깊이(depth)를 의미한다. 따라서 이 방법은 두 개념간의 경로를 이루는 간선의 개수가 작고 두 개념을 포함하는 전체 계층 구조의 깊이가 깊을수록 유사도가 높아지는 특징을 가진다. 그러나 워드넷에서의 유사도 계산은 동일 트리에 위치하는 개념들 간에서만 이루어지기 때문에 사실상 비교에 있어서는 의미가 없다고 볼 수 있다. 따라서 단순히 최단 거리가 짧은 두 개념간의 유사도가 더 높은 결과를 보인다.</p>",
                "context_length": 2059,
                "clue": [
                    {
                        "clue_text": "워드넷은 1985년 프린스톤(Princeton)대학 인지과학연구실에서 연구되어 발전된 것으로써, 최초에는 어휘들의 연관성을 나타내기 위하여 고안되었으며 최근에는 언어처리, 정보검색 등의 분야에서 매우 활발하게 활용, 연구되고 있다.",
                        "clue_start": "28",
                        "clue_end": "157"
                    },
                    {
                        "clue_text": "워드넷의 계층적 특성을 한국어 워드넷을 통하여 살펴보면, Synset이란 동의어(synonym)관계를 의미하며 (그림 1)에서의 {수단, 방편}과 같이 의미가 비슷하여 하나의 집합을 이루는 노드를 말한다.",
                        "clue_start": "198",
                        "clue_end": "312"
                    },
                    {
                        "clue_text": "본 연구에서는 워드넷에서 Synset간의 Hyponym과 Hypernym 관계를 활용하여 어휘간 또는 개념간 유사도를 계산하였는데 [13]에서 제시된 바와 같이 성능면에서 큰 차이가 없고 대량의 데이터를 구축할 필요가 없는 [9]과[10]에서 제시한 방식을 사용하였다.",
                        "clue_start": "517",
                        "clue_end": "667"
                    },
                    {
                        "clue_text": "따라서 이 방법은 두 개념간의 경로를 이루는 간선의 개수가 작고 두 개념을 포함하는 전체 계층 구조의 깊이가 깊을수록 유사도가 높아지는 특징을 가진다.",
                        "clue_start": "1848",
                        "clue_end": "1932"
                    },
                    {
                        "clue_text": "따라서 단순히 최단 거리가 짧은 두 개념간의 유사도가 더 높은 결과를 보인다.",
                        "clue_start": "2012",
                        "clue_end": "2055"
                    }
                ],
                "terminology": [
                    {
                        "word": "간선"
                    },
                    {
                        "word": "경로"
                    },
                    {
                        "word": "경로의 방향 전환"
                    },
                    {
                        "word": "계층 구조"
                    },
                    {
                        "word": "계층 체계"
                    },
                    {
                        "word": "계층적 특성"
                    },
                    {
                        "word": "노드"
                    },
                    {
                        "word": "동의어관계"
                    },
                    {
                        "word": "동일 트리"
                    },
                    {
                        "word": "상위단어"
                    },
                    {
                        "word": "알고리즘"
                    },
                    {
                        "word": "언어처리"
                    },
                    {
                        "word": "연관성"
                    },
                    {
                        "word": "워드넷"
                    },
                    {
                        "word": "전환"
                    },
                    {
                        "word": "한국어 워드넷"
                    }
                ]
            },
            {
                "context_id": "55e-0c9-64a8b6a3-e952-4407-90f4-bfa2614dbf7f",
                "context_K-NSCC": {
                    "field": "인공물",
                    "large_category": "EE",
                    "medium_category": "02"
                },
                "context": "<h1>3. 한국어 워드넷 재구성</h1><p>본 논문에서 사용한 한국어 워드넷은 (그림 2)의 구조로 구성되어 있어 이해가 쉽고 다양한 정보를 얻을 수 있다는 장점이 있다. 본 논문에서는 이 스키마를 이용하여 어휘 개념 유사도 행렬을 구성한다. 또한 주어진 키워드의 동의어 및 하위어는 실제 문장을 생성하는 단계에서 추출하기도 한다. 그러나 (그림 2)의 한국어 워드넷의 기본 구조는 많은 정보를 표현하기 위하여 어휘 개념 유사도 행렬 구성에는 필요하지 않은 데이터 필드를 가지고 있으며, 또한 데이터가 지나치게 세분화되어 유사도 행렬을 구성할 때 오버헤드를 유발시켜 성능을 저하시키는 문제를 가지고 있다. 따라서 본 논문에서는 이러한 문제를 해결하기 위하여 주어진 한국어 워드넷의 기본 구조를 유사도 행렬 구성에 맞추어 재구성하였다.</p><p>어휘 개념간의 유사도 측정에서는 한/영 키워드 변환 및 관련 정보 추출에서 관계 사이의 조인 연산이 빈번히 이루어지는데, 질의 처리에 있어서 가장 많은 시간을 사용하는 조인 연산을 줄이기 위해서 (그림 2)의 속성 중에서 불필요한 속성들을 제거하여 기본 구조를 재구성하였다. 또한 하나의 속성에 복수개의 값을 허용하면 속성의 크기의 최대값을 예상하기 어려워 구현시 비효율적인 공간 사용이 초래되고, 또한 질의를 통해 추출한 속성 값 전체를 실제 사용을 위하여 재가공하여야 되는 추가적인 과정이 필요하다.</p><p>본 논문에서는 재구성을 진행할 때, 실제로 전체 한국어 워드넷 공간에서 유일한 값을 가지는 synsetOffset 속성을 SynsetIdx라 명칭을 바꾸어 모든 관계의 주키(primary key)로 결정하고, Synset, Tran 관계에서 중복적으로 주키로 되어 있는 idx 속성을 제거하여 공간 사용을 줄이고 동시에 접근을 더욱 간단하게 하였다. 그리고 여러 번의 조인 연산을 통하여 입력된 한국어 어휘에 대한 영어 어휘를 찾아 이를 변환하던 것을 stdDic 및 synset 관계의 주키들의 비교를 통하여 보다 간소화시켰다. 또한 synset, hypernym, hyponym 관계는 모두 idx, offset과 같이 동일한 필드로 구성되기 때문에, ISA 관계로 이들을 하나로 결합시킴으로써 한국어 워드넷 구조를 더욱 단순화할 수 있었다. 재구성 결과를 함수종속성의 폐포와 후보키를 고려하여 BCNF(Boyce-Codd Normal Form)정규화의 조건을 맞추어 테이블을 재구성하면 (그림 3)과 같은 새로운 구조가 된다.</p>",
                "context_length": 1232,
                "clue": [
                    {
                        "clue_text": "또한 주어진 키워드의 동의어 및 하위어는 실제 문장을 생성하는 단계에서 추출하기도 한다.",
                        "clue_start": "138",
                        "clue_end": "187"
                    },
                    {
                        "clue_text": "그러나 (그림 2)의 한국어 워드넷의 기본 구조는 많은 정보를 표현하기 위하여 어휘 개념 유사도 행렬 구성에는 필요하지 않은 데이터 필드를 가지고 있으며, 또한 데이터가 지나치게 세분화되어 유사도 행렬을 구성할 때 오버헤드를 유발시켜 성능을 저하시키는 문제를 가지고 있다.",
                        "clue_start": "188",
                        "clue_end": "340"
                    },
                    {
                        "clue_text": "어휘 개념간의 유사도 측정에서는 한/영 키워드 변환 및 관련 정보 추출에서 관계 사이의 조인 연산이 빈번히 이루어지는데, 질의 처리에 있어서 가장 많은 시간을 사용하는 조인 연산을 줄이기 위해서 (그림 2)의 속성 중에서 불필요한 속성들을 제거하여 기본 구조를 재구성하였다.",
                        "clue_start": "419",
                        "clue_end": "572"
                    }
                ],
                "terminology": [
                    {
                        "word": "Form"
                    },
                    {
                        "word": "ISA"
                    },
                    {
                        "word": "primary"
                    },
                    {
                        "word": "primary key"
                    },
                    {
                        "word": "synsetOffset"
                    },
                    {
                        "word": "데이터 필드"
                    },
                    {
                        "word": "스키마"
                    },
                    {
                        "word": "오버헤드"
                    },
                    {
                        "word": "워드넷"
                    },
                    {
                        "word": "유사도 행렬"
                    },
                    {
                        "word": "정규화"
                    },
                    {
                        "word": "조인 연산"
                    },
                    {
                        "word": "한국어 워드넷"
                    },
                    {
                        "word": "행렬"
                    },
                    {
                        "word": "후보키"
                    }
                ]
            }
        ]
    }
}