{
    "dataset_info": {
        "identifier": "02-031-002-NL",
        "name": "기술과학 문서 요약 데이터",
        "category": "자연어",
        "last_updated": "2023-08-30"
    },
    "dataset": {
        "doc_id": "114998e3-334dc39b-2648-466b-9f22-ce2e51a0202a",
        "doc_type": "논문",
        "doc_title": {
            "kor": "무선 애드혹 네트워크를 위한 위치정보 기반 기울기 라우팅 알고리즘",
            "eng": ""
        },
        "doc_category": {
            "KDC": "413.05",
            "DDC": ""
        },
        "doc_number": {
            "ISSN": "2287-5891",
            "ISBN": "",
            "DOI": "",
            "UCI": ""
        },
        "doc_year": "2010",
        "doc_author": [
            "방민영",
            "이봉환"
        ],
        "doc_publisher": "한국정보처리학회",
        "doc_license": "CC BY-NC",
        "context_info": [
            {
                "context_id": "55e-0c9-merge_ee_114998e3-334dc39b-2648-466b-9f22-ce2e51a0202a_01",
                "context_K-NSCC": {
                    "field": "인공물",
                    "large_category": "EE",
                    "medium_category": "01"
                },
                "context": "<p>본 논문의 구성은 다음과 같다. 2장에서는 기존의 라우팅 알고리즘에 대하여 살펴보고 3장에서는 본 논문에서 제안하는 LIGR 알고리즘에 대하여 기술한다. 4 장에서는 알고리즘 구현 시 고려사항에 대하여 설명하고 5장에서는 ns-2 시뮬레이터를 사용하여 성능을 평가하고, 마지막으로 6장에서 결론 및 향후 연구내용을 제시한다.</p> <h1>2. 관련 연구</h1> <p>최근 이동 애드 혹 네트워크를 위한 라우팅 프로토콜에 대한 연구가 활발히 이루어지고 있다. 위치기반 및 애드혹 네트워크를 위한 라우팅 프로토콜은 경로 설정방식에 따라 유선 환경에서 사용되는 벨만-포드(Bellman-Ford) 알고리즘을 채택한 테이블-드리븐(table-driven 또는 proactive) 알고리즘과 테이블-드리븐 라우팅 프로토콜에서의 문제점을 해결한 온-디멘드(on-demand 또는 reactive) 방식의 라우팅 프로토콜로 분류할 수 있다. 테이블-드리븐 라우팅은 사전에 목적지 노드로의 라우팅 경로를 테이블 형태로 관리하여 데이터 전송이 필요한 경우에 즉시 대응할 수 있다는 장점이 있지만 불필요한 라우팅 경로까지도 관리를 수행함으로써 과다한 트래픽과 자원의 낭비가 발생할 수 있다는 단점이 있다. 이에 반해 온-디멘드 라우팅은 데이터 전송이 필요한 경우 라우팅 경로 획득 절차를 수행함으로써 라우팅 경로 관리를 위한 자원의 낭비가 상대적으로 적다는 장점이 있다. 그러나 온-디멘드 라우팅은 경로 획득 절차로 인해 패킷 지연시간이 크다는 단점이 있다. 또한 애드혹 라우팅은 네트워크 구조에 따라 평면 라우팅(flat routing), 위치 기반 라우팅(location-based routing) 및 계층적 라우팅 (hierarchical routing)으로 나눌 수 있다. 평면 라우팅은 네 트워크 전체를 하나의 영역으로 간주하여 모든 센서 노드가 동등한 입장에서 공통된 하나의 라우팅 기법을 사용하는 방식으로 대부분의 센서 네트워크 라우팅 프로토콜이 이에 속한다고 말할 수 있다. 위치 기반 라우팅은 초음파, 적외선, GPS(Global Positioning System), RFID(Radio Frequency IDentification) 등을 이용하여 얻은 위치정보를 기반으로 라우팅을 수행하도록 하는 방법이다. 마지막으로 계층적 라우팅은 클러스터링을 기반으로 네트워크 전체를 하나의 영역이 아닌 다수의 영역으로 분할하여 각각의 영역에서 특정 노드에게 클러스터 헤드의 역할을 부여하여 라우팅을 수행하도록 하는 방법이다.</p> <p>위치 기반 라우팅 중 하나로 ExScal (Extreme Scale) 프로젝트에서 감시정찰을 위해 제안된 LGR 프로토콜은 모든 센싱 데이터가 최종적으로 목적지 노드에 모이는 특성을 이용하여 센서 노드들의 유일한 ID 들을 이용하여 목적지 노드를 기준으로 한 신장트리를 구축하게 된다. 그러나 라우팅 프로토콜의 특성상 포워딩 노드의 에너지 사용률이 증가하게 되며, 그 결과 포워딩 노드가 네트워크상에서 호스트로서의 기능을 충실히 수행할 수 없게 된다. 또한 센서 노드의 논리적인 위치정보를 이용하기 때문에 센서 노드들이 고르게 분포된 상태의 센서 필드 상에서 적용 가능한 라우팅 프로토콜이다. 따라서 포워딩 노드의 에너지 사용률을 감소시키면서 센서 노드들이 랜덤하게 분포되어 있는 센서 필드에서도 적용 가능한 위치 기반 라우팅 알고리즘에 대한 연구가 필요하다.</p>",
                "context_length": 1681,
                "clue": [
                    {
                        "clue_text": "최근 이동 애드 혹 네트워크를 위한 라우팅 프로토콜에 대한 연구가 활발히 이루어지고 있다.",
                        "clue_start": "210",
                        "clue_end": "260"
                    },
                    {
                        "clue_text": "위치기반 및 애드혹 네트워크를 위한 라우팅 프로토콜은 경로 설정방식에 따라 유선 환경에서 사용되는 벨만-포드(Bellman-Ford) 알고리즘을 채택한 테이블-드리븐(table-driven 또는 proactive) 알고리즘과 테이블-드리븐 라우팅 프로토콜에서의 문제점을 해결한 온-디멘드(on-demand 또는 reactive) 방식의 라우팅 프로토콜로 분류할 수 있다.",
                        "clue_start": "261",
                        "clue_end": "468"
                    },
                    {
                        "clue_text": "따라서 포워딩 노드의 에너지 사용률을 감소시키면서 센서 노드들이 랜덤하게 분포되어 있는 센서 필드에서도 적용 가능한 위치 기반 라우팅 알고리즘에 대한 연구가 필요하다.",
                        "clue_start": "1584",
                        "clue_end": "1677"
                    }
                ],
                "terminology": [
                    {
                        "word": "ExScal"
                    },
                    {
                        "word": "ExScal (Extreme Scale)"
                    },
                    {
                        "word": "GPS"
                    },
                    {
                        "word": "GPS(Global Positioning System)"
                    },
                    {
                        "word": "IDentification"
                    },
                    {
                        "word": "LGR 프로토콜"
                    },
                    {
                        "word": "LIGR 알고리즘"
                    },
                    {
                        "word": "RFID"
                    },
                    {
                        "word": "proactive"
                    },
                    {
                        "word": "reactive"
                    },
                    {
                        "word": "routing"
                    },
                    {
                        "word": "감시정찰"
                    },
                    {
                        "word": "경로 관리"
                    },
                    {
                        "word": "계층적 라우팅"
                    },
                    {
                        "word": "네트워크"
                    },
                    {
                        "word": "네트워크 라우팅"
                    },
                    {
                        "word": "노드"
                    },
                    {
                        "word": "라우팅 경로"
                    },
                    {
                        "word": "라우팅 기법"
                    },
                    {
                        "word": "라우팅 프로토콜"
                    },
                    {
                        "word": "목적지 노드"
                    },
                    {
                        "word": "벨만-포드(Bellman-Ford)"
                    },
                    {
                        "word": "센서"
                    },
                    {
                        "word": "센서 네트워크"
                    },
                    {
                        "word": "센서 필드"
                    },
                    {
                        "word": "센싱 데이터"
                    },
                    {
                        "word": "시뮬레이터"
                    },
                    {
                        "word": "신장트리"
                    },
                    {
                        "word": "알고리즘"
                    },
                    {
                        "word": "알고리즘 구현"
                    },
                    {
                        "word": "애드"
                    },
                    {
                        "word": "애드혹"
                    },
                    {
                        "word": "애드혹 네트워크"
                    },
                    {
                        "word": "온-디멘드"
                    },
                    {
                        "word": "온-디멘드(on-demand 또는 reactive)"
                    },
                    {
                        "word": "위치 기반 라우팅"
                    },
                    {
                        "word": "이동 애드"
                    },
                    {
                        "word": "이동 애드 혹 네트워크"
                    },
                    {
                        "word": "전송"
                    },
                    {
                        "word": "클러스터"
                    },
                    {
                        "word": "클러스터 헤드"
                    },
                    {
                        "word": "클러스터링"
                    },
                    {
                        "word": "테이블-드리븐"
                    },
                    {
                        "word": "패킷"
                    },
                    {
                        "word": "패킷 지연시간"
                    },
                    {
                        "word": "평면 라우팅"
                    },
                    {
                        "word": "평면 라우팅(flat routing)"
                    },
                    {
                        "word": "포워딩"
                    },
                    {
                        "word": "포워딩 노드"
                    }
                ]
            },
            {
                "context_id": "55e-0c9-merge_ee_114998e3-334dc39b-2648-466b-9f22-ce2e51a0202a_06",
                "context_K-NSCC": {
                    "field": "인공물",
                    "large_category": "EE",
                    "medium_category": "01"
                },
                "context": "<h2>4.4 포워딩 노드 선택과정 step 4-3</h2> <p>Step 4-3에서는 4.1절에서와 같이 포워딩 노드를 선택하지 못하고 재전송 요청된 경우와 단순히 1 차 탐색범위에서 노드를 선택하지 못한 경우에 대하여 나누어 처리한다. 일반적인 경우, Step 4-1 및 Step 4-2에서와 같은 단계만으로도 경로 설정이 가능하지만 1 차 탐색범위에 이웃 노드가 존재하지 않을 경우 (그림 7)에서와 같이 2차 탐색범위 내 이웃 노드들 가운데 경로 \\( \\overline { A D } \\) 와 이루는 각이 최소가 되는 이웃 노드를 포워딩 노드로 선택하게 된다. 포워딩 노드를 선택하지 못하고 재전송 요청된 패킷은 4.1절의 (그림 2) (그림 4)와 같다. (그림 2)에서 데이터를 수집한 소스 노드 A가 목적지 노드와의 경로 상에 인접한 포워딩 노드로 B를 선택하였다. 하지만 노드 B의 이웃 노드들 가운데 더 이상 포워딩 노드로 선택할 이웃 노드가 존재하지 않으므로, 노드 B는 소스 노드인 A로 패킷을 돌려보내게 된다. 소스 노드 A에서는 4.1절에서 설명한 재전송 요청 노드의 삭제과정을 거친 후, 경로 \\( \\overline { A B } \\) 와 이루는 각이 최대가 되는 노드 C를 선택하게 됨으로써, 노드 B를 우회하여 데이터를 전송하게 된다. 또한, (그림 3)과 같이 소스 노드가 아닌 포워딩 노드로 패킷이 재전송 요청된 경우에도 노드 A로 패킷을 돌려보내는 것이 아닌, 노드 B에서 부분적 으로 경로 설정을 수행하여 전송하게 된다. Step 4-3에서도 4.3절의 Step 4-2에서와 같이 일반 노드를 우선 선택하게 되며, 에너지 부족 노드는 3순위의 우선순위를 갖도록 처리된다.</p> <h2>4.5 포워딩 노드 선택과정 Step 4-4</h2> <p>Step 4-4에서는 1차 탐색범위와 2차 탐색범위에서 포워딩 노드를 선택하지 못한 경우, 이전 처리과정에서 처리된 2순위 노드와 3순위 노드의 존재 여부에 따라 포워딩 노드의 선택이 이루어지게 되며, 자신이 소스 노드이고 2순위 노드와 3순위 노드가 존재하지 않은 경우 1 차 탐색범위와 2 차 탐색범위를 제외한 범위에 위치한 이웃 노드들 가운데 4.4 절의 Step 4-3에서와 같은 방법으로 포워딩 노드를 선택하지 못하고 재전송 요청된 경우와 1 차 및 2 차 탐색범위에서 노드를 선택하지 못한 경우로 나누어 처리한다.</p> <h2>4.6 포워딩 노드 선택과정 Step 4-5</h2> <p>Step 4-5에서는 포워딩 노드 선택과정의 처리 단계 중 마지막 단계로 포워딩 노드가 선택된 경우 선택한 포워딩 노드로부터의 재전송 요청에 대비하여, 이를 처리하기 위해 데이터 패킷을 전송해온 이전 노드의 ID를 저장 및 관리하는 라우팅 캐싱 작업과 4.1절의 (그림 2) (그림 4)와 같은 경우에서처럼 포워딩 노드를 선택하지 못하여 재전송 요청을 해야 할 경우 데이터 패킷을 전송해 온 이전 노드 및 라우팅 캐싱 테이블의 정보를 이용하여 재전송 요청을 위한 포워딩 노드를 결정하는 단계이다. 그리고 Step 4-1 Step 4-5에서 선택된 목적지 노드 및 포워딩 노드를 통해 데이터 패킷을 전송하는 단계를 포함한다.</p>",
                "context_length": 1572,
                "clue": [
                    {
                        "clue_text": "Step 4-3에서는 4.1절에서와 같이 포워딩 노드를 선택하지 못하고 재전송 요청된 경우와 단순히 1 차 탐색범위에서 노드를 선택하지 못한 경우에 대하여 나누어 처리한다.",
                        "clue_start": "37",
                        "clue_end": "133"
                    },
                    {
                        "clue_text": "일반적인 경우, Step 4-1 및 Step 4-2에서와 같은 단계만으로도 경로 설정이 가능하지만 1 차 탐색범위에 이웃 노드가 존재하지 않을 경우 (그림 7)에서와 같이 2차 탐색범위 내 이웃 노드들 가운데 경로 \\( \\overline { A D } \\) 와 이루는 각이 최소가 되는 이웃 노드를 포워딩 노드로 선택하게 된다.",
                        "clue_start": "134",
                        "clue_end": "317"
                    },
                    {
                        "clue_text": "Step 4-4에서는 1차 탐색범위와 2차 탐색범위에서 포워딩 노드를 선택하지 못한 경우, 이전 처리과정에서 처리된 2순위 노드와 3순위 노드의 존재 여부에 따라 포워딩 노드의 선택이 이루어지게 되며, 자신이 소스 노드이고 2순위 노드와 3순위 노드가 존재하지 않은 경우 1 차 탐색범위와 2 차 탐색범위를 제외한 범위에 위치한 이웃 노드들 가운데 4.4 절의 Step 4-3에서와 같은 방법으로 포워딩 노드를 선택하지 못하고 재전송 요청된 경우와 1 차 및 2 차 탐색범위에서 노드를 선택하지 못한 경우로 나누어 처리한다.",
                        "clue_start": "885",
                        "clue_end": "1178"
                    }
                ],
                "terminology": [
                    {
                        "word": "노드"
                    },
                    {
                        "word": "데이터 패킷"
                    },
                    {
                        "word": "라우팅 캐싱 테이블"
                    },
                    {
                        "word": "목적지 노드"
                    },
                    {
                        "word": "소스 노드"
                    },
                    {
                        "word": "이웃 노드"
                    },
                    {
                        "word": "캐싱"
                    },
                    {
                        "word": "패킷"
                    },
                    {
                        "word": "포워딩"
                    },
                    {
                        "word": "포워딩 노드"
                    }
                ]
            },
            {
                "context_id": "55e-0c9-merge_ee_114998e3-334dc39b-2648-466b-9f22-ce2e51a0202a_04",
                "context_K-NSCC": {
                    "field": "인공물",
                    "large_category": "EE",
                    "medium_category": "01"
                },
                "context": "<h1>4. 구현 시 고려사항</h1> <p>제안하는 LIGR 알고리즘에서의 데이터 전송은 소스 노드 (또는 포워딩 노드)와 목적지 노드를 잇는 직선(최단경로)과 이루는 각이 최소가 되는 이웃 노드를 선택하게 되는 모바일 센서 네트워크 환경에서의 DIR 메소드 또는 Compass routing 에 기초한다. 제안하는 알고리즘은 지리적 (geographic) 네트워크 환경에서 소스 노드와 목적지 노드의 경로 상에 인접한 노드를 선택하여 목적지 노드로의 데이터 전송 시 공간 거리(spatial distance)를 최소화하려는 DIR 메소드를 변형한 것이다. 하지만 루프-프리(loop-free)를 제공 하지 않기 때문에 이를 단순히 적용할 경우 패킷 전송을 보장할 수 없기 때문에 이를 수정하여 적용한다.</p> <h2>4.1 재전송 요청의 처리과정</h2> <p>(그림 1)의 Step 4 에 해당하는 포워딩 노드 선택의 처리 단계는 데이터 패킷을 수신하였을 때 수행되는 부분으로, 기본적으로 데이터 패킷을 수신하게 되면 재전송이 요청된 패킷인지에 대하여 검사를 수행하게 되며, 재전송 요청과 패킷에 재전송 요청 ID (requestID)가 포함되어져 있는 경우를 처리한다. LIGR 알고리즘에서 재전송 요청에 의해 다른 이웃 노드를 선택하여 데이터 패킷을 재전송할 경우 패킷에 재전송을 요청한 이웃 노드의 ID를 담아 보내도록 하였으며, 이를 수신한 노드에서는 단순히 자신의 이웃 노드 테이블에서 재전송 요청 ID가 존재할 경우 테이블에서 삭제하게 된다.</p> <p>(그림 2)는 소스 노드 A 가 노드 B (포워딩 노드)로 데이터 패킷을 전송하였지만 노드 B에서 더 이상 포워딩 노드로 선택할 이웃 노드가 존재하지 않아 노드 B가 소스 노드인 A로 재전송을 요청한 경우이다. 이러한 경우 소스 노드 A는 B의 이웃에 포워딩 노드로 선택할 이웃 노드가 더 이상 존재하지 않음으로 인식하고, 소스 노드 A 의 이웃 노드 테 이블에서 노드 B를 삭제하게 된다. (그림 3)은 소스 노드가 아닌 포워딩 노드 B로 데이터 패킷이 재전송 요청된 경우 로, (그림 2)의 경우에서와 같이 포워딩 노드 B의 이웃 노드 테이블에서 노드 C 를 삭제하게 되고 노드 B가 다시 선택한 노드 D에서도 노드 C가 삭제된다.</p> <p>또한 LIGR 알고리즘에서는 기본적으로 데이터 패킷을 수신한 노드는 자신에게 데이터 패킷을 전송한 이전 노드 및 소스 노드를 포워딩 노드로 선택하지 않도록 하였다. 마지막 경우로 (그림 4)에서 소스 노드 A로부터 전송 받은 노드 B는 노드 C로 패킷을 전송하였다. 하지만 노드 C 에서는 노드 B를 제외한 이웃 노드가 더 이상 존재하지 않아 라우팅을 수행할 수 없으므로 이를 노드 B로 재전송을 요청하게 된다. 노드 B 에서는 마찬가지로 소스 노드 A로 재전송을 요청하게 된다. 이를 수신한 소스 노드 A는 수신한 데이터 패킷이 자신이 생성한 패킷임을 알 수 있으며, 자신이 선택한 포워딩 노드인 노드 B와 노드 B에서 추가되어 보내진 패킷의 재전송 요청 ID (노드 C )를 이웃 노드 테이블에서 삭제하게 된다.</p>",
                "context_length": 1536,
                "clue": [
                    {
                        "clue_text": "제안하는 LIGR 알고리즘에서의 데이터 전송은 소스 노드 (또는 포워딩 노드)와 목적지 노드를 잇는 직선(최단경로)과 이루는 각이 최소가 되는 이웃 노드를 선택하게 되는 모바일 센서 네트워크 환경에서의 DIR 메소드 또는 Compass routing 에 기초한다.",
                        "clue_start": "25",
                        "clue_end": "172"
                    },
                    {
                        "clue_text": "(그림 1)의 Step 4 에 해당하는 포워딩 노드 선택의 처리 단계는 데이터 패킷을 수신하였을 때 수행되는 부분으로, 기본적으로 데이터 패킷을 수신하게 되면 재전송이 요청된 패킷인지에 대하여 검사를 수행하게 되며, 재전송 요청과 패킷에 재전송 요청 ID (requestID)가 포함되어져 있는 경우를 처리한다.",
                        "clue_start": "429",
                        "clue_end": "603"
                    },
                    {
                        "clue_text": "를 수신한 소스 노드 A는 수신한 데이터 패킷이 자신이 생성한 패킷임을 알 수 있으며, 자신이 선택한 포워딩 노드인 노드 B와 노드 B에서 추가되어 보내진 패킷의 재전송 요청 ID (노드 C )를 이웃 노드 테이블에서 삭제하게 된다.",
                        "clue_start": "1402",
                        "clue_end": "1532"
                    }
                ],
                "terminology": [
                    {
                        "word": "Compass routing"
                    },
                    {
                        "word": "DIR"
                    },
                    {
                        "word": "DIR 메소드"
                    },
                    {
                        "word": "LIGR 알고리즘"
                    },
                    {
                        "word": "routing"
                    },
                    {
                        "word": "공간 거리"
                    },
                    {
                        "word": "네트워크"
                    },
                    {
                        "word": "노드"
                    },
                    {
                        "word": "노드 테이블"
                    },
                    {
                        "word": "데이터 패킷"
                    },
                    {
                        "word": "라우팅"
                    },
                    {
                        "word": "루프-프리"
                    },
                    {
                        "word": "루프-프리(loop-free)"
                    },
                    {
                        "word": "목적지 노드"
                    },
                    {
                        "word": "센서"
                    },
                    {
                        "word": "센서 네트워크"
                    },
                    {
                        "word": "센서 네트워크 환경"
                    },
                    {
                        "word": "소스 노드"
                    },
                    {
                        "word": "알고리즘"
                    },
                    {
                        "word": "이웃 노드"
                    },
                    {
                        "word": "재전송 요청 ID (requestID)"
                    },
                    {
                        "word": "전송"
                    },
                    {
                        "word": "지리적 (geographic) 네트워크 환경"
                    },
                    {
                        "word": "패킷"
                    },
                    {
                        "word": "패킷 전송"
                    },
                    {
                        "word": "패킷인지"
                    },
                    {
                        "word": "포워딩"
                    },
                    {
                        "word": "포워딩 노드"
                    }
                ]
            },
            {
                "context_id": "55e-0c9-merge_ee_114998e3-334dc39b-2648-466b-9f22-ce2e51a0202a_02",
                "context_K-NSCC": {
                    "field": "인공물",
                    "large_category": "EE",
                    "medium_category": "01"
                },
                "context": "<h1>3. 제안 알고리즘</h1> <p>본 논문에서 제안하는 무선 애드혹 네트워크를 위한 위치 정보 기반 기울기 라우팅(LIGR, Location Information-based Gradient Routing) 알고리즘은 위치 기반 라우팅에서 사용되고 있는 센서 노드의 물리적인 위치정보(좌표)를 사용하여 지리적 특성상 센서 노드가 고르게 분포될 수 없는 상황에서도 적용 가능하다. 센서 노드들의 물리적 위치정보를 기반으로 데이터 수집(source) 노드와 목적지(sink) 노드간의 경로 설정 시 두 노드를 잇는 직선(최단거리) 기울기를 구하고, 이를 통해 전송 방향 및 포워딩(forwarding) 노드의 탐색범위를 결정하여 경로 설정을 위한 불필요한 데이터의 전송 및 경로 탐색시간을 감소시킴으로써 패킷의 전달 지연 시간을 감소시킬 수 있다. 또한 경로 상에 배터리를 소진한 이웃 노드가 존재하거나 더 이상 이웃 노드가 존재하지 않는 경우 등과 같은 통신이 불가능한 상황에 대하여 이전 노드의 위치 정보를 통한 전송 방향의 결정과 부분적 경로 재설정으로 이를 우회함으로써 전송률을 높일 수 있다.</p> <p>LIGR 알고리즘에서는 4가지 형태의 패킷이 사용되며, (그림 1)에 나타낸 바와 같이 각 패킷의 형태에 따라 나누어 처리하게 된다.</p> <p>제안하는 알고리즘은 각 센서 노드들이 GPS 장치 등을 통해 자신의 물리적 위치를 알 수 있으며, 이동 노드가 아닌 고정된 형태의 센서 노드를 사용하여 데이터를 수집하는 것으로 가정한다. 따라서 노드 ID, 위치정보, 에너지 정보, 속도 정보, 시간 등의 정보를 담고 있는 주기적인 비콘 (beacon) 메시지를 통한 이웃 노드의 식별보다는 정적인 환경에 더욱 적합한 LGR 프로토콜에서의 라우팅 메시지 전송 방법을 이용한다. (그림 1)에서 Step 1에 해당하는 부분은 네트워크 구성 초기에 수행되는 단계로, 라우팅 패킷을 수신한 센서 노드는 이를 발신한 센서 노드를 자신의 이웃 노드로 설정하고, 자신의 위치정보를 이웃 노드로 브로드캐스트 하는 부분이다. 만약 라우팅 패킷을 발신해 온 노드가 이웃 노드 테이블에 존재한다면 수신된 패킷은 버려지고, 아무런 동작도 수행하지 않는다.</p> <p>(그림 1)의 Step 2는 패킷을 전송해온 이웃노드가 에너지 부족 노드 (Energy shortage node)일 경우, 에너지 부족 노드를 이웃 노드 정보 테이블에 에너지 부족 노드로 등록하는 부분이다. 에너지 부족은 잔여 에너지가 초기 에너지의 \\( 20 \\% \\) 미만이 되는 경우로, 에너지 부족 노드로 등록된 센서 노드는 포워딩 노드 선택 시 고려되어 네트워크상에서 라우터로서의 기능 수행보다는 호스트로서의 기능 수행에 비중을 두게 된다. 또한 LIGR 알고리즘은 비콘 메시지를 사용하지 않으므로 에너지를 소모한 이웃 노드가 존재할 경우 이를 인식할 수 없게 된다. 따라서 잔여 에너지가 초기 에너지의 \\( 5 \\% \\) 미만이 되는 경우를 에너지 소진(Energy exhaustion)으로 정의한다. (그림 1)의 Step 3은 패킷을 전송해온 이웃노드가 에너지 소진 노드일 경우, 에너지 소진 노드를 이웃 노드 정보 테이블 상에서 삭제하는 부분이다. 에너지 소진 노드는 네트워크상에서 데이터 수집을 위한 호스트로서의 기능만을 수행하게 된다.</p>",
                "context_length": 1636,
                "clue": [
                    {
                        "clue_text": "본 논문에서 제안하는 무선 애드혹 네트워크를 위한 위치 정보 기반 기울기 라우팅(LIGR, Location Information-based Gradient Routing) 알고리즘은 위치 기반 라우팅에서 사용되고 있는 센서 노드의 물리적인 위치정보(좌표)를 사용하여 지리적 특성상 센서 노드가 고르게 분포될 수 없는 상황에서도 적용 가능하다.",
                        "clue_start": "23",
                        "clue_end": "214"
                    },
                    {
                        "clue_text": "센서 노드들의 물리적 위치정보를 기반으로 데이터 수집(source) 노드와 목적지(sink) 노드간의 경로 설정 시 두 노드를 잇는 직선(최단거리) 기울기를 구하고, 이를 통해 전송 방향 및 포워딩(forwarding) 노드의 탐색범위를 결정하여 경로 설정을 위한 불필요한 데이터의 전송 및 경로 탐색시간을 감소시킴으로써 패킷의 전달 지연 시간을 감소시킬 수 있다.",
                        "clue_start": "215",
                        "clue_end": "419"
                    },
                    {
                        "clue_text": "또한 경로 상에 배터리를 소진한 이웃 노드가 존재하거나 더 이상 이웃 노드가 존재하지 않는 경우 등과 같은 통신이 불가능한 상황에 대하여 이전 노드의 위치 정보를 통한 전송 방향의 결정과 부분적 경로 재설정으로 이를 우회함으로써 전송률을 높일 수 있다.",
                        "clue_start": "420",
                        "clue_end": "561"
                    },
                    {
                        "clue_text": "LIGR 알고리즘에서는 4가지 형태의 패킷이 사용되며, (그림 1)에 나타낸 바와 같이 각 패킷의 형태에 따라 나누어 처리하게 된다.",
                        "clue_start": "569",
                        "clue_end": "643"
                    },
                    {
                        "clue_text": "제안하는 알고리즘은 각 센서 노드들이 GPS 장치 등을 통해 자신의 물리적 위치를 알 수 있으며, 이동 노드가 아닌 고정된 형태의 센서 노드를 사용하여 데이터를 수집하는 것으로 가정한다.",
                        "clue_start": "651",
                        "clue_end": "755"
                    }
                ],
                "terminology": [
                    {
                        "word": "GPS"
                    },
                    {
                        "word": "GPS 장치"
                    },
                    {
                        "word": "Gradient"
                    },
                    {
                        "word": "LGR 프로토콜"
                    },
                    {
                        "word": "LIGR 알고리즘"
                    },
                    {
                        "word": "Location"
                    },
                    {
                        "word": "Routing"
                    },
                    {
                        "word": "node"
                    },
                    {
                        "word": "네트워크"
                    },
                    {
                        "word": "노드"
                    },
                    {
                        "word": "노드 ID"
                    },
                    {
                        "word": "노드 테이블"
                    },
                    {
                        "word": "노드의 위치 정보"
                    },
                    {
                        "word": "데이터 수집(source) 노드"
                    },
                    {
                        "word": "라우터"
                    },
                    {
                        "word": "라우팅 메시지"
                    },
                    {
                        "word": "라우팅 패킷"
                    },
                    {
                        "word": "목적지(sink) 노드"
                    },
                    {
                        "word": "무선 애드혹 네트워크"
                    },
                    {
                        "word": "브로드캐스트"
                    },
                    {
                        "word": "비콘"
                    },
                    {
                        "word": "비콘 (beacon)"
                    },
                    {
                        "word": "비콘 메시지"
                    },
                    {
                        "word": "센서"
                    },
                    {
                        "word": "알고리즘"
                    },
                    {
                        "word": "애드혹"
                    },
                    {
                        "word": "애드혹 네트워크"
                    },
                    {
                        "word": "에너지 소진(Energy exhaustion)"
                    },
                    {
                        "word": "위치 기반 라우팅"
                    },
                    {
                        "word": "위치 정보 기반 기울기 라우팅"
                    },
                    {
                        "word": "이동 노드"
                    },
                    {
                        "word": "이웃노드"
                    },
                    {
                        "word": "전달 지연"
                    },
                    {
                        "word": "전송"
                    },
                    {
                        "word": "전송 방법"
                    },
                    {
                        "word": "전송률"
                    },
                    {
                        "word": "정보 테이블"
                    },
                    {
                        "word": "지연 시간"
                    },
                    {
                        "word": "패킷"
                    },
                    {
                        "word": "포워딩"
                    },
                    {
                        "word": "포워딩 노드"
                    },
                    {
                        "word": "포워딩(forwarding) 노드"
                    }
                ]
            },
            {
                "context_id": "55e-0c9-merge_ee_114998e3-334dc39b-2648-466b-9f22-ce2e51a0202a_05",
                "context_K-NSCC": {
                    "field": "인공물",
                    "large_category": "EE",
                    "medium_category": "01"
                },
                "context": "<h2>4.2 포워딩 노드 선택과정 Step 4-1</h2> <p>데이터 패킷을 수신한 센서 노드가 자신의 이웃 노드 테이블에 목적지 노드가 존재하는지에 대한 여부를 검사하고, 목적지 고드가 이웃 고드 테이블에 존재할 경우 목적지 노드를 다음 홉으로 설정하는 단계이다. 포워딩 노드 선택 Step 4-1의 실행에 앞서, 4.1절에서 설명한 재전송 요청에 대하여 재전송을 요청한 이웃 노드를 이웃 노드 테이블에서 삭제하는 과정을 거친다. 이후 설명할 Step 4-2 Step 4-5 는 Step 4-1에서 이웃 노드 중 목적지 노드가 없을 경우에 수행되게 된다.</p> <h2>4.3 포워딩 노드 선택과정 Step 4-2</h2> <p>LIGR 알고리즘은 앞에서 설명한 바와 같이 DIR 메소드를 기반으로 목적지 노드와의 경로 상에 인접한 이웃 노드를 포워딩 노드로 선택하게 된다. 하지만 DIR 메소드와는 다르게 루프 방지와 경로 탐색에서의 계산량을 줄이기 위한 방법으로 (그림 5)와 같이 탐색 범위를 나누어 처리하도록 하였다.</p> <p>2 차원 평면상에서 임의의 센서 노드는 (그림 5)의 (a)와 같이 크게 좌, 우, 상, 하, 대각선 방향으로 8 개의 전송방향 으로 나눌 수 있다. 제안하는 LIGR 알고리즘에서는 8개의 전송방향을 (그림 5)의 (b)와 같이 16 개의 방향으로 세분화 하고, 소스 노드와 목적지 노드의 물리적 위치정보를 이용하여 구한 두 노드를 잇는 직선의 기울기를 통해 포워딩 노드의 1 차 및 2 차 탐색범위를 결정하게 된다.</p> <p>또한 (그림 6)의 (a)에서와 같이 1 차 탐색범위에 위치하고 에너지 부족 노드로 등록되지 않은 일반 이웃 노드 가운데 DIR 메소드에서와 같이 소스 노드와 목적지 노드의 최단거리 경로 상에 가장 인접한 노드인 노드 B를 포워딩 노드로 선택하게 된다. 그리고 (그림 6)의 (b)에서와 같이 1 차 탐색범위에 에너지 부족 노드가 존재할 경우, 에너지 부족 노드인 노드 'B'는 경로 상에서 데이터 수집을 위한 호스트로서의 기능 수행의 비중을 높이기 위하여 2순위의 우선순위를 갖도록 한다. (그림 6)의 (a)는 일반적인 경우에서의 라우팅 경로 \\( ( \\mathrm { A } \\rightarrow \\mathrm { B } \\rightarrow \\mathrm { C } \\rightarrow \\mathrm { D } ) \\) 를 보여주고 있으며, (b)에서는 에너지 부족 노드의 존재로 인한 \\( \\mathrm { A } \\rightarrow \\mathrm { E } \\rightarrow \\mathrm { F } \\rightarrow \\mathrm { G } \\rightarrow \\mathrm { D } \\) 의 라우팅 경로를 보여주고 있다. 만약 (그림 6)의 (b)에서 노드 E가 에너지 부족 및 소진 노드가 될 경우에는 다시 (a)와 같은 라우팅 경로를 갖게 된다.</p>",
                "context_length": 1432,
                "clue": [
                    {
                        "clue_text": "데이터 패킷을 수신한 센서 노드가 자신의 이웃 노드 테이블에 목적지 노드가 존재하는지에 대한 여부를 검사하고, 목적지 고드가 이웃 고드 테이블에 존재할 경우 목적지 노드를 다음 홉으로 설정하는 단계이다.",
                        "clue_start": "37",
                        "clue_end": "150"
                    },
                    {
                        "clue_text": "LIGR 알고리즘은 앞에서 설명한 바와 같이 DIR 메소드를 기반으로 목적지 노드와의 경로 상에 인접한 이웃 노드를 포워딩 노드로 선택하게 된다.",
                        "clue_start": "355",
                        "clue_end": "436"
                    },
                    {
                        "clue_text": "그리고 (그림 6)의 (b)에서와 같이 1 차 탐색범위에 에너지 부족 노드가 존재할 경우, 에너지 부족 노드인 노드 'B'는 경로 상에서 데이터 수집을 위한 호스트로서의 기능 수행의 비중을 높이기 위하여 2순위의 우선순위를 갖도록 한다.",
                        "clue_start": "911",
                        "clue_end": "1043"
                    }
                ],
                "terminology": [
                    {
                        "word": "DIR"
                    },
                    {
                        "word": "DIR 메소드"
                    },
                    {
                        "word": "LIGR 알고리즘"
                    },
                    {
                        "word": "고드"
                    },
                    {
                        "word": "기울기"
                    },
                    {
                        "word": "노드"
                    },
                    {
                        "word": "노드 테이블"
                    },
                    {
                        "word": "데이터 패킷"
                    },
                    {
                        "word": "라우팅 경로"
                    },
                    {
                        "word": "목적지 노드"
                    },
                    {
                        "word": "센서"
                    },
                    {
                        "word": "알고리즘"
                    },
                    {
                        "word": "이웃 노드"
                    },
                    {
                        "word": "일반 이웃 노드"
                    },
                    {
                        "word": "차원"
                    },
                    {
                        "word": "최단거리 경로"
                    },
                    {
                        "word": "패킷"
                    },
                    {
                        "word": "포워딩"
                    },
                    {
                        "word": "포워딩 노드"
                    },
                    {
                        "word": "홉"
                    }
                ]
            },
            {
                "context_id": "55e-0c9-merge_ee_114998e3-334dc39b-2648-466b-9f22-ce2e51a0202a_10",
                "context_K-NSCC": {
                    "field": "인공물",
                    "large_category": "EE",
                    "medium_category": "01"
                },
                "context": "<p>또한, 센서 노드들이 고르게 분포된 상태의 센서 필드가 아닌 랜덤하게 분포된 상태에서의 성능평가를 위해 하나의 목적지에 10,20,30,40,49 개의 센서 노드를 랜덤하게 분포 시킨 뒤 각각에 대하여 \\( 0.3,0.5,1.0 \\mathrm { sec } \\) 간격으로 패킷을 생성하여 AODV, DSDV 라우팅 프로토콜과 비교하였다. 초기 에너지는 일반적인 상태인 5주울로 가정하였다.</p> <p>(그림 14) \\( \\sim \\) (그림 16)에서 평균 수신율로 LIGR 알고리즘의 경우 노드 수의 증가와 트래픽 간격의 변화에 증가 추이를 보이고 있으며, 30 개 이상의 노드를 가질 때 일정한 수준의 수신율을 나타내었다.</p> <p>(그림 17) \\( \\sim \\) (그림 19)의 평균 지연시간의 경우에서도 노드 수 증가 및 트래픽 간격의 변화에 일정한 수준을 나타내었으며, 노드 수의 증가에 따라 감소 추이를 보이고 있다.</p> <p>(그림 20) \\( \\sim \\) (그림 22)의 네트워크 처리율의 경우 평간 수신율을 나타내는 (그림 14) \\( \\sim \\) (그림 16)과 같이 일정한 증가 추이를 보이며, 센서 노드의 수가 30개일 경우를 기점으로 하여 점차 차이를 보이고 있다.</p> <p>네트워크 참여율은 호스트 및 라우터로서 네트워크상에 참여한 노드를 나타내는 수치로, (그림 23) \\( \\sim \\) (그림 25)에서 30 개의 노드를 기준으로 거의 모든 센서 노드가 바르게 동작함을 알 수 있다.</p> <p>(그림 26) \\( \\sim \\) (그림 28)의 평균 잔여 에너지의 경우 테이블-드리븐 방식의 DSDV 라우팅 프로콜과 같이 완만한 형태의 에너지 사용률을 보이고 있으며, 이것은 경로 설정을 위한 트래픽의 발생이 없음에 기인한다.</p> <p>(그림 26) \\( /sim \\) (그림 28)에서의 DSDV 프로토콜의 평균 잔여 에너지는 LIGR 알고리즘의 평균 잔여 에너지에 비해 높은 수치를 나타내고 있다. 하지만 (그림 23) \\( /sim \\) (그림 25)에서 호스트 및 라우터로서 네트워크에 참여하지 않는 센서 노드가 제안 알고리즘에 비해 상대적으로 많음을 나타내고 있으며, 이러한 노드들에 대한 에너지 사용은 앞에서 설명한 (식 4) 에서 적용되지 않았다. 또한 (그림 14) \\( \\sim \\) (그림 16)과 (그림 20) \\( \\sim \\) (그림 22)에서의 평간 수신율 및 네트워크 처리율이 제 안 알고리즘의 절반에 해당하는 성능을 보였음을 볼 때, 실제 (그림 26) \\( \\sim \\) (그림 28)에서와 같은 에너지 소비 효율을 보 인다고 할 수 없다.</p>",
                "context_length": 1308,
                "clue": [
                    {
                        "clue_text": "또한, 센서 노드들이 고르게 분포된 상태의 센서 필드가 아닌 랜덤하게 분포된 상태에서의 성능평가를 위해 하나의 목적지에 10,20,30,40,49 개의 센서 노드를 랜덤하게 분포 시킨 뒤 각각에 대하여 \\( 0.3,0.5,1.0 \\mathrm { sec } \\) 간격으로 패킷을 생성하여 AODV, DSDV 라우팅 프로토콜과 비교하였다.",
                        "clue_start": "3",
                        "clue_end": "191"
                    },
                    {
                        "clue_text": "(그림 14) \\( \\sim \\) (그림 16)에서 평균 수신율로 LIGR 알고리즘의 경우 노드 수의 증가와 트래픽 간격의 변화에 증가 추이를 보이고 있으며, 30 개 이상의 노드를 가질 때 일정한 수준의 수신율을 나타내었다.",
                        "clue_start": "228",
                        "clue_end": "354"
                    },
                    {
                        "clue_text": "(그림 26) \\( /sim \\) (그림 28)에서의 DSDV 프로토콜의 평균 잔여 에너지는 LIGR 알고리즘의 평균 잔여 에너지에 비해 높은 수치를 나타내고 있다.",
                        "clue_start": "893",
                        "clue_end": "985"
                    },
                    {
                        "clue_text": "또한 (그림 14) \\( \\sim \\) (그림 16)과 (그림 20) \\( \\sim \\) (그림 22)에서의 평간 수신율 및 네트워크 처리율이 제 안 알고리즘의 절반에 해당하는 성능을 보였음을 볼 때, 실제 (그림 26) \\( \\sim \\) (그림 28)에서와 같은 에너지 소비 효율을 보 인다고 할 수 없다.",
                        "clue_start": "1131",
                        "clue_end": "1304"
                    }
                ],
                "terminology": [
                    {
                        "word": "AODV"
                    },
                    {
                        "word": "DSDV"
                    },
                    {
                        "word": "DSDV 라우팅 프로토콜"
                    },
                    {
                        "word": "LIGR 알고리즘"
                    },
                    {
                        "word": "네트워크"
                    },
                    {
                        "word": "노드"
                    },
                    {
                        "word": "라우터"
                    },
                    {
                        "word": "라우팅"
                    },
                    {
                        "word": "센서"
                    },
                    {
                        "word": "센서 노드"
                    },
                    {
                        "word": "센서 필드"
                    },
                    {
                        "word": "알고리즘"
                    },
                    {
                        "word": "테이블-드리븐"
                    },
                    {
                        "word": "테이블-드리븐 방식"
                    },
                    {
                        "word": "트래픽"
                    },
                    {
                        "word": "패킷"
                    },
                    {
                        "word": "평간"
                    },
                    {
                        "word": "평간 수신율"
                    },
                    {
                        "word": "평균 수신율"
                    },
                    {
                        "word": "평균 잔여 에너지"
                    },
                    {
                        "word": "프로토콜"
                    }
                ]
            },
            {
                "context_id": "55e-0c9-merge_ee_114998e3-334dc39b-2648-466b-9f22-ce2e51a0202a_00",
                "context_K-NSCC": {
                    "field": "인공물",
                    "large_category": "EE",
                    "medium_category": "01"
                },
                "context": "<h1>요 약</h1> <p>본 논문에서는 무선 애드혹 네트워크에서 센서 노드들의 물리적 위치정보를 기반으로 라우팅 경로를 설정하기 위한 LIGR (Location Information-based Gradient Routing) 알고리즘을 제안한다. LIGR 알고리즘은 물리적 위치정보를 이용하여 소스 노드와 싱크 노드를 잇는 직선의 기울기를 통해 전송 방향과 탐색 범위를 결정함으로써 불필요한 데이터 전송과 경로 탐색 시간 및 전파 지연 시간을 감소시킨다. 또한 포워딩 노드 선택 시 배터리 부족 노드는 2순위 또는 3순위의 우선순위를 갖도록 하여 우선적으로 선택하지 않도록 함으로써 에너지 부족 노드가 네트워크상에서 라우터로서의 기능 수행보다는 데이터 수집을 위한 호스트로서의 기능을 수행하도록 하였다. LGR (Logical Grid Routing) 프로토콜에 비하여 LIGR 알고리즘은 평균 수신율, 평균 지연시간, 평균 잔여 에너지 및 네트워크 처리율에서 개선된 성능을 보였다.</p> <h1>1. 서 론</h1> <p>유비쿼터스(Ubiquitous)는 사용자가 네트워크나 컴퓨터를 의식하지 않고, 언제 어디서나 시간과 장소에 상관없이 자유롭게 네트워크에 접속하여 원하는 정보를 얻을 수 있는 정보통신 환경을 말한다. 이러한 유비쿼터스 환경을 구성하는 핵심기술에는 각각의 센서 노드들이 데이터 수집 노드로서의 기능을 수행함과 동시에 자율적으로 네트워크를 구성하여 수집한 데이터 전송 및 전달을 위한 라우터로서의 기 능을 수행하는 무선 애드혹 네트워크(Ad-hoc network) 기술이 포함된다. 애드혹 네트워크에서의 데이터 송수신은 케이블, 라우터, 브리지 등과 같은 물리적 기반 시설이 존재하 는 유선 네트워크 환경과는 달리 제한된 전송 범위를 갖기 때문에 멀티-홉(multi-hop) 방식으로 통신이 이루어지게 된다. 따라서 각각의 센서 노드들이 가질 수 있는 정보들을 최대한 활용하여 자율적으로 네트워크를 구축할 수 있어야 하며, 제한된 자원을 가지는 애드혹 네트워크 특성상 이를 효과적으로 사용하여 네트워크 수명을 연장하고 환경을 유지할 수 있도록 해야 한다.</p> <p>애드혹 네트워크를 위한 라우팅 프로토콜은 경로설정방식 및 네트워크 구조에 따라 다양하게 분류할 수 있다. 이 가운데 널리 사용되고 있는 위치 기반 라우팅 프로토콜인 LGR 프로토콜은 데이터 수집을 위한 센서 노드들과 목적지 노드 간의 라우팅 프로토콜로 센서 노드들이 고르게 분포된 상태의 센서 필드 상에서만 적용 가능하다. 또한 라우팅 프로토콜 특성상 포워딩 노드의 에너지 사용률이 증가하게 되며, 이에 대한 고려가 없어 이후에는 호스트로서의 기능을 충실히 수행할 수 없게 된다.</p> <p>본 논문에서는 이러한 문제점을 해결하기 위해 무선 애드혹 네트워크를 위한 LIGR (Location Information-based Gradient Routing) 알고리즘을 제안하며, 위치 기반 라우팅에서 사용되고 있는 센서 노드의 물리적인 위치정보를 이용하여 센서 고드들이 랜덤하게 분포된 상태의 센서 필드에서도 적용이 가능하도록 하고자 한다.</p>",
                "context_length": 1533,
                "clue": [
                    {
                        "clue_text": "본 논문에서는 무선 애드혹 네트워크에서 센서 노드들의 물리적 위치정보를 기반으로 라우팅 경로를 설정하기 위한 LIGR (Location Information-based Gradient Routing) 알고리즘을 제안한다.",
                        "clue_start": "16",
                        "clue_end": "139"
                    },
                    {
                        "clue_text": "LIGR 알고리즘은 물리적 위치정보를 이용하여 소스 노드와 싱크 노드를 잇는 직선의 기울기를 통해 전송 방향과 탐색 범위를 결정함으로써 불필요한 데이터 전송과 경로 탐색 시간 및 전파 지연 시간을 감소시킨다.",
                        "clue_start": "140",
                        "clue_end": "256"
                    },
                    {
                        "clue_text": "LGR (Logical Grid Routing) 프로토콜에 비하여 LIGR 알고리즘은 평균 수신율, 평균 지연시간, 평균 잔여 에너지 및 네트워크 처리율에서 개선된 성능을 보였다.",
                        "clue_start": "396",
                        "clue_end": "496"
                    }
                ],
                "terminology": [
                    {
                        "word": "Gradient"
                    },
                    {
                        "word": "Grid"
                    },
                    {
                        "word": "LGR (Logical Grid Routing)"
                    },
                    {
                        "word": "LGR 프로토콜"
                    },
                    {
                        "word": "LIGR 알고리즘"
                    },
                    {
                        "word": "Routing"
                    },
                    {
                        "word": "network"
                    },
                    {
                        "word": "네트워크"
                    },
                    {
                        "word": "네트워크 수명"
                    },
                    {
                        "word": "노드"
                    },
                    {
                        "word": "라우터"
                    },
                    {
                        "word": "라우팅 경로"
                    },
                    {
                        "word": "라우팅 프로토콜"
                    },
                    {
                        "word": "멀티-홉"
                    },
                    {
                        "word": "멀티-홉(multi-hop)"
                    },
                    {
                        "word": "목적지 노드"
                    },
                    {
                        "word": "무선 애드혹 네트워크"
                    },
                    {
                        "word": "물리적 기반 시설"
                    },
                    {
                        "word": "센서"
                    },
                    {
                        "word": "센서 필드"
                    },
                    {
                        "word": "송수신"
                    },
                    {
                        "word": "수집 노드"
                    },
                    {
                        "word": "싱크 노드"
                    },
                    {
                        "word": "알고리즘"
                    },
                    {
                        "word": "애드혹"
                    },
                    {
                        "word": "애드혹 네트워크"
                    },
                    {
                        "word": "애드혹 네트워크(Ad-hoc network)"
                    },
                    {
                        "word": "위치 기반 라우팅"
                    },
                    {
                        "word": "유비쿼터스"
                    },
                    {
                        "word": "유비쿼터스 환경"
                    },
                    {
                        "word": "유비쿼터스(Ubiquitous)"
                    },
                    {
                        "word": "전송"
                    },
                    {
                        "word": "전파 지연"
                    },
                    {
                        "word": "지연 시간"
                    },
                    {
                        "word": "평균 수신율"
                    },
                    {
                        "word": "평균 잔여 에너지"
                    },
                    {
                        "word": "평균 지연시간"
                    },
                    {
                        "word": "포워딩"
                    },
                    {
                        "word": "포워딩 노드"
                    },
                    {
                        "word": "프로토콜"
                    }
                ]
            },
            {
                "context_id": "55e-0c9-merge_ee_114998e3-334dc39b-2648-466b-9f22-ce2e51a0202a_11",
                "context_K-NSCC": {
                    "field": "인공물",
                    "large_category": "EE",
                    "medium_category": "01"
                },
                "context": "<p>실험을 통해 제안하는 LIGR 알고리즘이 센서 노드가 고르게 분포된 상태에서와 랜덤하게 분포된 상태 모두에서 유사한 성능을 보임을 확인하였다. LIGR 알고리즘에서는 센서 노드가 고정된 전파반경을 가지며, 센서 노드 수의 증가에 따라 각각의 센서 노드를 기준으로 데이터 패킷의 전송을 위한 이웃 노드를 가질 확률이 높아지게 되므로 수신율, 지연시간, 네트워크 처리율 및 참여율에서 성능이 보장될 수 있음을 확인하였다. 또한 각 센서 노드가 이웃 노드의 위치 정보만을 사용한 부분적 라우팅 경로 설정으로 경로 설정을 위한 별도의 트래픽이 발생하지 않아 노드 수의 증가에 대한 에너지 사용 수준에 큰 차이가 없음과 에너지 부족 노드에 대한 고려로 동일 에너지를 사용하여 보다 많은 양의 패킷을 처리할 수 있음을 확인하였으며, 트래픽 간격의 변화에 따라 발생되는 트래픽 양의 차이에 큰 차이를 보이지 않음을 확인하였다.</p> <h1>6. 결 론</h1> <p>본 논문에서는 무선 애드혹 네트워크에서 센서 노드들의 물리적 위치정보를 기반으로 라우팅 경로를 설정하기 위한 LIGR (Location Information-based Gradient Routing) 알고리즘을 제안하였다. LIGR 알고리즘에서는 소스 노드와 목적지 노드간의 경로 설정 시 물리적인 위치정보를 이용하여 두 노드를 잇는 직선의 기울기를 구하고, 이 기울기를 통해 전송 방향과 포워딩 노드의 탐색범위를 결정하도록 함으로써 경로 탐색시간과 패킷의 전달 지연시간을 감소시킬 수 있도록 하였다. 또한, 경로 상에 배터리 부족 노드가 존재할 경우에 대해서는 2순위, 또는 3순위의 우선순위를 부여하여 에너지 부족 노드를 우선적으로 선택하지 않도록 함으로써 에너지 부족 노드가 네트워크상에서 호스트로써의 기능 수행에 비중을 곺일 수 있도록 하였다. 또한 배터리를 소진한 이웃 노드가 존재하거나 주변에 이웃 노드가 존재하지 않는 경우에 대하여 이전 노드와의 기울기를 이용해 재전송 방향을 결정하고 부분적으로 경로를 재설정하여, 이를 우회할 수 있도록 하였다.</p> <p>실험을 통해 제안하는 LIGR 알고리즘이 센서 노드들이 고르게 분포된 상태와 랜덤하게 분포된 상태에서 유사한 성능을 가짐을 보였으며, 에너지 효율성과 수신율의 향상 및 평균 지연시간을 단축함을 보였다.</p> <p>향후 연구 내용으로 루프-프리에 대한 다양한 연구 및 하나의 목적지 노드에 다수의 소스 노드가 존재할 때 발생 할 수 있는 트래픽 폭주 상황에 대한 연구와 이동 애드혹 네트워크로의 적용을 위해 이동 애드혹 네트워크를 구성하는 노드들에 대한 위치 정보를 작은 오버헤드로 유지할 수 있는 방안에 대한 연구가 필요하다.</p>",
                "context_length": 1326,
                "clue": [
                    {
                        "clue_text": "본 논문에서는 무선 애드혹 네트워크에서 센서 노드들의 물리적 위치정보를 기반으로 라우팅 경로를 설정하기 위한 LIGR (Location Information-based Gradient Routing) 알고리즘을 제안하였다.",
                        "clue_start": "482",
                        "clue_end": "606"
                    },
                    {
                        "clue_text": "LIGR 알고리즘에서는 센서 노드가 고정된 전파반경을 가지며, 센서 노드 수의 증가에 따라 각각의 센서 노드를 기준으로 데이터 패킷의 전송을 위한 이웃 노드를 가질 확률이 높아지게 되므로 수신율, 지연시간, 네트워크 처리율 및 참여율에서 성능이 보장될 수 있음을 확인하였다.",
                        "clue_start": "83",
                        "clue_end": "236"
                    },
                    {
                        "clue_text": "또한 각 센서 노드가 이웃 노드의 위치 정보만을 사용한 부분적 라우팅 경로 설정으로 경로 설정을 위한 별도의 트래픽이 발생하지 않아 노드 수의 증가에 대한 에너지 사용 수준에 큰 차이가 없음과 에너지 부족 노드에 대한 고려로 동일 에너지를 사용하여 보다 많은 양의 패킷을 처리할 수 있음을 확인하였으며, 트래픽 간격의 변화에 따라 발생되는 트래픽 양의 차이에 큰 차이를 보이지 않음을 확인하였다.",
                        "clue_start": "237",
                        "clue_end": "458"
                    }
                ],
                "terminology": [
                    {
                        "word": "Gradient"
                    },
                    {
                        "word": "LIGR 알고리즘"
                    },
                    {
                        "word": "Routing"
                    },
                    {
                        "word": "네트워크"
                    },
                    {
                        "word": "노드"
                    },
                    {
                        "word": "데이터 패킷"
                    },
                    {
                        "word": "라우팅 경로"
                    },
                    {
                        "word": "루프-프리"
                    },
                    {
                        "word": "목적지 노드"
                    },
                    {
                        "word": "무선 애드혹 네트워크"
                    },
                    {
                        "word": "센서 노드"
                    },
                    {
                        "word": "소스 노드"
                    },
                    {
                        "word": "알고리즘"
                    },
                    {
                        "word": "오버헤드"
                    },
                    {
                        "word": "이동 애드혹 네트워크"
                    },
                    {
                        "word": "이웃 노드"
                    },
                    {
                        "word": "전파반경"
                    },
                    {
                        "word": "트래픽"
                    },
                    {
                        "word": "트래픽 폭주"
                    },
                    {
                        "word": "패킷"
                    },
                    {
                        "word": "포워딩 노드"
                    },
                    {
                        "word": "호스트"
                    }
                ]
            }
        ]
    }
}