{
    "dataset_info": {
        "identifier": "02-031-002-NL",
        "name": "기술과학 문서 요약 데이터",
        "category": "자연어",
        "last_updated": "2023-08-30"
    },
    "dataset": {
        "doc_id": "31a7cd33-085738a2-902d-4e62-91a1-eaf3282ae4ce",
        "doc_type": "논문",
        "doc_title": {
            "kor": "UWB 병사통신 단말기의 구현",
            "eng": ""
        },
        "doc_category": {
            "KDC": "560.5",
            "DDC": ""
        },
        "doc_number": {
            "ISSN": "2287-5026",
            "ISBN": "",
            "DOI": "",
            "UCI": ""
        },
        "doc_year": "2013",
        "doc_author": [
            "최한승",
            "이현석",
            "구명현",
            "신정호"
        ],
        "doc_publisher": "대한전자공학회",
        "doc_license": "CC BY-NC",
        "context_info": [
            {
                "context_id": "55e-0c9-08c952c1-0b23-4559-b2ae-bf8fa2857f03",
                "context_K-NSCC": {
                    "field": "인공물",
                    "large_category": "EE",
                    "medium_category": "14"
                },
                "context": "<h2>2. 병사통신 단말기</h2><h3>가. 프로토콜 스택</h3><p>병사통신 무전기는 그림 1에서 보인 것과 같이 OSI 7 계층에서 정의된 프로토콜 스택 정의에 따라 구현되었다. 가장 하위 계층인 물리계층은 RF 모듈과 기저대역 신호처리를 담당하는 모뎀으로 구성된다.</p><p>기저대역 모뎀은 그림 2 와 같이 정보를 전송에 적합한 전기적 신호로 변환하고, 전송 과정에서 오류를 포함하여 수신된 전기적 신호로부터 정보를 유추해내는 변복조기와, 무선 채널의 전송특성을 추정하는 채널추정기 (channel estimator), 정보열 (information sequence)의 순서를 불규칙하게 배열하여 시간 다이버 효과를 발생시키는 인터리버 / 디인터리버 (interleaver/ deinterleaver), 수신된 정보열에서 오류를 검출하고 오류를 보정하는 채널복호 기능 등이 포함된다. 구현된 기저대역 모뎀은 채널 추정을 preamble 신호와 pilot 신호를 이용하여 수행한다. 오류 정정을 위해서 널리 사용되는 RS (Reed Solomon) 부호와 Convolutional 부호를 사용하였다.</p><p>UWB 프레임의 형태는 그림 3과 같이 SHR 프리앰블, PHY 헤더, 페이로드로 구성된다. SHR 프리앰블은 신호 획득, 동기, 채널추정, ranging을 위한 leading edge detection등의 수신단 알고리즘을 수행하기 위한 것이고, PHY 헤더에는 프리앰블 모드, 데이터 전송률, 페이로드 길이 정보 등이 포함되어 있다. PHY header는 데이터 전송률, 프리앰블 구간 길이, ranging 플래그 정보를 가지고 있는 rate 필드와, 전송해야 할 페이로드의 길이 정보를 가지고 있는 length 필드로 구성되어 있으며 이는 BPM+BPSK 변조 방식을 통해 변조된다.</p><p>여러 병사통신 단말기들이 무선자원을 공유하므로 효과적인 자원공유를 위해 MAC 부계층이 사용된다. MAC 부계층은 IEEE 802.15.4 표준을 참조하여 구현하였고 CSMA/CA (carrier sense multiple access / collision avoidance) 방식을 기본으로 한다. 망은 동기신호가 없는 형태로 구동되므로 MAC은 비동기 형태로 동작한다. 또한 전송되는 데이터가 그 길이가 짧고 실시간 전송이 필요한 음성 데이터임을 고려하여 은닉 노드 문제를 (hidden node problem) 해결하기 위해 통상적으로 사용하는 RTS/CTS (request to send/clear to send) 메시지를 사용하지 않는다. 이는 RTS/CTS 메시지의 길이가 음성데이터의 길이와 비슷하여 RTS/ CTS 메시지를 사용하지 않는 것이 더 효율적이기 때문이다. 또한 전송확인 메시지를 (acknowledge message) 선택적으로 사용하며 망의 부하를 최소화한다. 예를 들면 제어메시지는 안정적인 전달이 필요하므로 응답메시지를 받아 정상적인 전송이 이루어졌음을 확인한다. 반대로 음성데이터는 응답메시지를 사용하지 않는다. 이는 수신단의 응용계층의 음성 복호화기에서 유실된 메시지를 보전하여 사용자기 인지하는 음성품질에는 영향이 최소화되도록 하는 기능을 가지고 있기 때문이다.</p><p>링크계층에서는 한 프레임의 길이를 제어 메시지와 음성데이터의 크기를 고려하여 선정하였다. 이를 통해 한 번에 이들 메시지를 전송하고, 송신단과 수신단에서 복잡한 메시지 분할 및 재조합 (segmentation and reassembly) 동작이 발생하지 않도록 하였다. 확인 메시지 (acknowledge message) 전송을 통한 노드 사이의 신뢰성 있는 데이터 전송은 전송계층에서만 수행하도록 하여 부하를 최소화하였다</p><p>네트워크계층은 AODV (ad hoc on demand distance vector) 알고리즘을 적용하여 전송되는 방송 메시지 (broadcasting message)의 수가 최소화되도록 하였다. 경로선택의 효율을 높이기 위해서 물리계층에서 수집된 정보인 RSSI (received signal strength indicator)를 사용하는 cross layer 기법을 적용하였다.</p><p>전송계층도 링크계층과 유사하게 제어 메시지와 음성데이터의 길이를 고려하여 프레임 길이를 선정하여 분할 및 재조합 동작을 없애고 이를 통해 구현 복잡도를 낮추었다. 전송계층에서 제어 매시지에 대해서는 신뢰성 있는 데이터 전송을 위해 응답메시지의 전송이 가능하도록 하였다.</p><p>세션계층은 별도의 세션 할당 및 해제 절차를 정의하지 않고 사전에 할당되는 단발기 고유 번호와 메시지 종류 필드를 이용하여 세션 구별이 이루어지도록 간략화 하였다. 표 1에 보인 것과 같이 사용되는 단말의 수가 12개로 제한되어 있고 메시지의 종류도 많지 않기 때문에 이와 같은 형태의 세션계층 구현이 가능하다.</p><p>표현계층에서는 G. 729 규격을 적용하여 음성데이터 발생량이 최소화되고 음성데이터의 전달 과정에서 전송오류가 발생하여도 이를 극복할 수 있도록 하였다. 병사통신 단말기의 음성통화 품질은 MOS (mean opinion score)값을 이용하여 평가된다.</p><p>응용계층에서는 GUI (graphic user interface) 라이브러리를 이용하여 무전기 프로그램이 구현된다. 무전기 프로그램은 음성데이터 송수신, 음성호의 설정/해제, 망 관리, 단말기 측위 기능을 수행한다.</p><p>언급한 OSI 7 계층과 별도로 상대편 단말기의 위치를 측정하는 측위 기능은 전 계층에 걸처 이루어진다. 물리계층은 단말기 사이의 거리를 전파 전송 시간을 이용해 측정하는 기능을 제공한다. 측위를 위해서는 매우 높은 정밀도의 실시간 데이터 처리가 필요한데 소프트웨어로는 이와 같은 요구사항을 만족시킬 수 없다. MAC 계층은 측위 동작에 필요한 제어 메시지를 이웃한 노드들에 전송하는 역할을 수행한다. 얻어진 단말간의 시간 정보를 이용하여 단말기의 위치를 추정하는 알고리즘은 응용계층에서 구현된다.</p>",
                "context_length": 2946,
                "clue": [
                    {
                        "clue_text": "병사통신 무전기는 그림 1에서 보인 것과 같이 OSI 7 계층에서 정의된 프로토콜 스택 정의에 따라 구현되었다.",
                        "clue_start": "42",
                        "clue_end": "104"
                    },
                    {
                        "clue_text": "기저대역 모뎀은 그림 2 와 같이 정보를 전송에 적합한 전기적 신호로 변환하고, 전송 과정에서 오류를 포함하여 수신된 전기적 신호로부터 정보를 유추해내는 변복조기와, 무선 채널의 전송특성을 추정하는 채널추정기 (channel estimator), 정보열 (information sequence)의 순서를 불규칙하게 배열하여 시간 다이버 효과를 발생시키는 인터리버 / 디인터리버 (interleaver/ deinterleaver), 수신된 정보열에서 오류를 검출하고 오류를 보정하는 채널복호 기능 등이 포함된다.",
                        "clue_start": "161",
                        "clue_end": "446"
                    },
                    {
                        "clue_text": "UWB 프레임의 형태는 그림 3과 같이 SHR 프리앰블, PHY 헤더, 페이로드로 구성된다.",
                        "clue_start": "573",
                        "clue_end": "624"
                    },
                    {
                        "clue_text": "MAC 부계층은 IEEE 802.15.4 표준을 참조하여 구현하였고 CSMA/CA (carrier sense multiple access / collision avoidance) 방식을 기본으로 한다.",
                        "clue_start": "964",
                        "clue_end": "1076"
                    },
                    {
                        "clue_text": "네트워크계층은 AODV (ad hoc on demand distance vector) 알고리즘을 적용하여 전송되는 방송 메시지 (broadcasting message)의 수가 최소화되도록 하였다.",
                        "clue_start": "1830",
                        "clue_end": "1939"
                    }
                ],
                "terminology": [
                    {
                        "word": "AODV"
                    },
                    {
                        "word": "BPM+BPSK 변조 방식"
                    },
                    {
                        "word": "CSMA/CA"
                    },
                    {
                        "word": "CTS"
                    },
                    {
                        "word": "CTS 메시지"
                    },
                    {
                        "word": "Convolutional"
                    },
                    {
                        "word": "Convolutional 부호"
                    },
                    {
                        "word": "GUI"
                    },
                    {
                        "word": "GUI (graphic user interface)"
                    },
                    {
                        "word": "MAC"
                    },
                    {
                        "word": "MAC 계층"
                    },
                    {
                        "word": "MAC 부계층"
                    },
                    {
                        "word": "MOS (mean opinion score)"
                    },
                    {
                        "word": "OSI"
                    },
                    {
                        "word": "PHY"
                    },
                    {
                        "word": "PHY header"
                    },
                    {
                        "word": "PHY 헤더"
                    },
                    {
                        "word": "RF"
                    },
                    {
                        "word": "RS"
                    },
                    {
                        "word": "RS (Reed Solomon)"
                    },
                    {
                        "word": "RSSI"
                    },
                    {
                        "word": "RTS/CTS"
                    },
                    {
                        "word": "SHR"
                    },
                    {
                        "word": "SHR 프리앰블"
                    },
                    {
                        "word": "UWB"
                    },
                    {
                        "word": "UWB 프레임"
                    },
                    {
                        "word": "collision"
                    },
                    {
                        "word": "cross layer"
                    },
                    {
                        "word": "demand"
                    },
                    {
                        "word": "distance vector"
                    },
                    {
                        "word": "header"
                    },
                    {
                        "word": "hidden node problem"
                    },
                    {
                        "word": "indicator"
                    },
                    {
                        "word": "interface"
                    },
                    {
                        "word": "leading edge detection"
                    },
                    {
                        "word": "length 필드"
                    },
                    {
                        "word": "node"
                    },
                    {
                        "word": "pilot 신호"
                    },
                    {
                        "word": "preamble"
                    },
                    {
                        "word": "ranging"
                    },
                    {
                        "word": "ranging 플래그"
                    },
                    {
                        "word": "send"
                    },
                    {
                        "word": "sequence"
                    },
                    {
                        "word": "user interface"
                    },
                    {
                        "word": "vector"
                    },
                    {
                        "word": "기저대역"
                    },
                    {
                        "word": "기저대역 모뎀"
                    },
                    {
                        "word": "네트워크계층"
                    },
                    {
                        "word": "노드"
                    },
                    {
                        "word": "데이터 전송률"
                    },
                    {
                        "word": "동기"
                    },
                    {
                        "word": "동기신호"
                    },
                    {
                        "word": "디인터리버"
                    },
                    {
                        "word": "라이브러리"
                    },
                    {
                        "word": "링크계층"
                    },
                    {
                        "word": "망의 부하"
                    },
                    {
                        "word": "메시지 분할 및 재조합"
                    },
                    {
                        "word": "무선자원"
                    },
                    {
                        "word": "방송 메시지 (broadcasting message)"
                    },
                    {
                        "word": "변복조기"
                    },
                    {
                        "word": "병사통신"
                    },
                    {
                        "word": "병사통신 단말기"
                    },
                    {
                        "word": "보전"
                    },
                    {
                        "word": "복호화기"
                    },
                    {
                        "word": "부계층"
                    },
                    {
                        "word": "세션계층"
                    },
                    {
                        "word": "소프트웨어"
                    },
                    {
                        "word": "송수신"
                    },
                    {
                        "word": "수신단 알고리즘"
                    },
                    {
                        "word": "스택"
                    },
                    {
                        "word": "시간 다이버 효과"
                    },
                    {
                        "word": "신뢰성"
                    },
                    {
                        "word": "신호 획득"
                    },
                    {
                        "word": "알고리즘"
                    },
                    {
                        "word": "은닉 노드"
                    },
                    {
                        "word": "은닉 노드 문제"
                    },
                    {
                        "word": "응답메시지"
                    },
                    {
                        "word": "응용계층"
                    },
                    {
                        "word": "인터리버"
                    },
                    {
                        "word": "전기적"
                    },
                    {
                        "word": "전기적 신호"
                    },
                    {
                        "word": "전송"
                    },
                    {
                        "word": "전송계층"
                    },
                    {
                        "word": "전송률"
                    },
                    {
                        "word": "전송확인 메시지"
                    },
                    {
                        "word": "정밀도"
                    },
                    {
                        "word": "정보열"
                    },
                    {
                        "word": "정보열 (information sequence)"
                    },
                    {
                        "word": "채널복호"
                    },
                    {
                        "word": "채널추정"
                    },
                    {
                        "word": "채널추정기"
                    },
                    {
                        "word": "채널추정기 (channel estimator)"
                    },
                    {
                        "word": "측위"
                    },
                    {
                        "word": "페이로드"
                    },
                    {
                        "word": "표현계층"
                    },
                    {
                        "word": "프로토콜 스택"
                    },
                    {
                        "word": "프리앰블"
                    },
                    {
                        "word": "플래그"
                    },
                    {
                        "word": "헤더"
                    },
                    {
                        "word": "확인 메시지 (acknowledge message)"
                    }
                ]
            },
            {
                "context_id": "55e-0c9-cb39f500-9a14-4498-837a-03a9a7c0aa44",
                "context_K-NSCC": {
                    "field": "인공물",
                    "large_category": "EE",
                    "medium_category": "14"
                },
                "context": "<h1>I. 서 론</h1><p>UWB (Ultra Wide Band)는 짧은 거리에서 높은 전송률로 데이터를 전송하는 근거리 통신 기술이다. UWB는 통신에 폭이 좁은 펄스를 사용하기 때문에 넓은 대역폭에 걸처 낮은 전력밀도의 스펙트럼으로 분산되어 나타난다. 때문에 다른 통신 시스템에서는 이 신호가 잡음으로 인식되어 감청이 어려우며 전파교란에 (Jamming) 강한 특성을 갖는다. 또한 다중경로에 대한 세밀한 분해가 용이하여 Rake 수신 및 위치 추적이 가능하다. 이러한 특성에 따라 군용 네트워크에 대한 활용 가능성이 꾸준히 검토되어 왔다.</p><p>본 논문은 분대 단위의 병력이 자유롭게 이동하면서 음성 통화를 할 수 있는 UWB 통신 단말기의 구현 내용을 설명하고 있다. 특히 통신 시스템을 구성하는 여러 계층 가운데 MAC 부계층과 (medium access control sub-layer) 다른 상위계층에 대한 구현 내용을 소프트웨어 측면과 하드웨어 측면에서 주로 다룬다. 설계과정에서는 보행자 수준으로 이동하는 단말기의 이동성, 음성데이터로 전송되는 데이터의 종류 및 특성, 기지국을 사용할 수 없는 상황 등을 고려하였다.</p><p>MAC 부계층은 단말기들의 이동으로 망의 형상이 계속적으로 변하는 것을 고려하여 비동기 형태로 구현하였다. 비동기화된 MAC의 사용으로 시스템의 용랑은 낮아졌지만 이를 통해 망의 안정성을 높일 수 있었다. MAC 부계층의 데이터 패킷과 제어 패킷의 형태는 음성데이터 전송에 최적화 되도록 설계되었다. 링크계층(link layer)과 전송계층(transport layer)은 짧은 음성데이터를 주로 전달하므로 분할 및 재조합이 일어나지 않도록 설계하여 구현의 복잡도를 낮추었다. 네트워크계층(network layer)은 물리계층의 파라미터를 활용하여 보다 나은 경로 선택이 가능하도록 하였다. 세션계층(session layer)은 사용되는 단말기의 수와 베어러의 수가 제한되므로 별도의 세션 설정/해제 설차 없이 미리 할당된 단말기 번호와 메시지 식별자로 베어러 구별이 가능하도록 간략화 하였다. 표현계층(presentation layer)에서는 음성 압축률이 높은 G.729 규격을 적용하여 발생하는 음성데이터의 양을 최소화하였으며 전송중에 발생되는 음성데이터 손실이 음질에 미치는 영향이 최소화 되도록 하였다.</p><p>이와 같은 프로토콜 계층들은 ARM 프로세서, DSP(digital signal processor), FPGA(Field programmable gate array), CODEC (coder decoder) ASIC을 이용하여 구현되었다. ARM 프로세서는 표현계층을 제외한 링크 계층 이상의 상위 계층을 구현하는데 사용되었다. MAC 부계층은 실시간 처리가 가능한 DSP를 이용하여 구현하였다. 물리계층에서 기저대역 신호처리는 FPGA 상에서 구현되었으며, RF (radio frequency) 신호처리는 별도 제작된 RF ASIC을 활용하여 구현하였다.</p><p>설계된 시스템은 하드웨어와 소프트웨어 형태로 구현되어 정상적인 동작을 검증하는 시험단계를 거첬다. 단말간 1 대 1 통신과 멀티홉 통신 시험을 수행하여, 여러 프로토콜 계층과 하드웨어를 통합한 병사통신용 무전기가 정상적으로 통신 기능을 수행할 수 있음을 입증하였다.</p>",
                "context_length": 1634,
                "clue": [
                    {
                        "clue_text": "UWB (Ultra Wide Band)는 짧은 거리에서 높은 전송률로 데이터를 전송하는 근거리 통신 기술이다.",
                        "clue_start": "18",
                        "clue_end": "79"
                    },
                    {
                        "clue_text": "MAC 부계층은 단말기들의 이동으로 망의 형상이 계속적으로 변하는 것을 고려하여 비동기 형태로 구현하였다.",
                        "clue_start": "591",
                        "clue_end": "650"
                    },
                    {
                        "clue_text": "링크계층(link layer)과 전송계층(transport layer)은 짧은 음성데이터를 주로 전달하므로 분할 및 재조합이 일어나지 않도록 설계하여 구현의 복잡도를 낮추었다.",
                        "clue_start": "759",
                        "clue_end": "857"
                    },
                    {
                        "clue_text": "네트워크계층(network layer)은 물리계층의 파라미터를 활용하여 보다 나은 경로 선택이 가능하도록 하였다.",
                        "clue_start": "858",
                        "clue_end": "921"
                    },
                    {
                        "clue_text": "설계된 시스템은 하드웨어와 소프트웨어 형태로 구현되어 정상적인 동작을 검증하는 시험단계를 거첬다.",
                        "clue_start": "1482",
                        "clue_end": "1536"
                    }
                ],
                "terminology": [
                    {
                        "word": "ARM"
                    },
                    {
                        "word": "ARM 프로세서"
                    },
                    {
                        "word": "ASIC"
                    },
                    {
                        "word": "Band"
                    },
                    {
                        "word": "CODEC"
                    },
                    {
                        "word": "DSP"
                    },
                    {
                        "word": "FPGA"
                    },
                    {
                        "word": "G.729 규격"
                    },
                    {
                        "word": "Jamming"
                    },
                    {
                        "word": "MAC"
                    },
                    {
                        "word": "MAC 부계층"
                    },
                    {
                        "word": "RF"
                    },
                    {
                        "word": "RF ASIC"
                    },
                    {
                        "word": "Rake"
                    },
                    {
                        "word": "Rake 수신"
                    },
                    {
                        "word": "UWB"
                    },
                    {
                        "word": "Ultra Wide Band"
                    },
                    {
                        "word": "array"
                    },
                    {
                        "word": "decoder"
                    },
                    {
                        "word": "link layer"
                    },
                    {
                        "word": "network layer"
                    },
                    {
                        "word": "processor"
                    },
                    {
                        "word": "session layer"
                    },
                    {
                        "word": "transport layer"
                    },
                    {
                        "word": "감청"
                    },
                    {
                        "word": "군용 네트워크"
                    },
                    {
                        "word": "근거리 통신"
                    },
                    {
                        "word": "기저대역"
                    },
                    {
                        "word": "기저대역 신호처리"
                    },
                    {
                        "word": "기지국"
                    },
                    {
                        "word": "네트워크"
                    },
                    {
                        "word": "네트워크계층"
                    },
                    {
                        "word": "다중경"
                    },
                    {
                        "word": "다중경로"
                    },
                    {
                        "word": "단말기"
                    },
                    {
                        "word": "단말기 번호"
                    },
                    {
                        "word": "대역폭"
                    },
                    {
                        "word": "링크 계층"
                    },
                    {
                        "word": "링크계층"
                    },
                    {
                        "word": "멀티홉"
                    },
                    {
                        "word": "멀티홉 통신"
                    },
                    {
                        "word": "메시지 식별자"
                    },
                    {
                        "word": "물리계층"
                    },
                    {
                        "word": "베어러"
                    },
                    {
                        "word": "베어러 구별"
                    },
                    {
                        "word": "부계층"
                    },
                    {
                        "word": "비동기 형태"
                    },
                    {
                        "word": "비동기화"
                    },
                    {
                        "word": "상위계층"
                    },
                    {
                        "word": "세션 설정"
                    },
                    {
                        "word": "세션계층"
                    },
                    {
                        "word": "소프트웨어"
                    },
                    {
                        "word": "스펙트럼"
                    },
                    {
                        "word": "신호처리"
                    },
                    {
                        "word": "음성 압축률"
                    },
                    {
                        "word": "음성데이터"
                    },
                    {
                        "word": "음성데이터 손실"
                    },
                    {
                        "word": "잡음"
                    },
                    {
                        "word": "전력밀도"
                    },
                    {
                        "word": "전송"
                    },
                    {
                        "word": "전송계층"
                    },
                    {
                        "word": "전송률"
                    },
                    {
                        "word": "전파교란"
                    },
                    {
                        "word": "제어 패킷"
                    },
                    {
                        "word": "통신 시스템"
                    },
                    {
                        "word": "파라미터"
                    },
                    {
                        "word": "패킷"
                    },
                    {
                        "word": "펄스"
                    },
                    {
                        "word": "표현계층"
                    },
                    {
                        "word": "프로세서"
                    },
                    {
                        "word": "프로토콜 계층"
                    },
                    {
                        "word": "하드웨어"
                    },
                    {
                        "word": "하드웨어 측면"
                    }
                ]
            },
            {
                "context_id": "55e-0c9-363f676a-1091-47f3-8fa3-8e2c81d64b4a",
                "context_K-NSCC": {
                    "field": "인공물",
                    "large_category": "EE",
                    "medium_category": "14"
                },
                "context": "<h3>나. 하드웨어 시스템 구조</h3><p>병사통신 단말기는 크게 보아 RF ASIC (radio frequency application specific integrated circuit), FPGA(field programmable gate array), DSP(digital signal processor), GPP(general purpose processor), G.729 음성 CODEC ASIC으로 구성된다. 또한 사용자 정합을 위해 입출력 LCD 화면, 키패드, 마이크, 스피커를 가지고 있다.</p><p>RF ASIC 은 \\( 0.18 \\mathrm{\\mu m}\\) CMOS 공정 기술을 이용해 단일 칩으로 설계, 제작되었으며 UWB방식의 RF 회로를 포함하고 있다. 이 회로는 그 동작 특성이 상용으로 출시되는 UWB chip 들과 달라 자체적으로 제작되었다. 광대역 주파수 특성과 충분한 이득 특성을 얻기 위해 2-stage LNA(Low Noise Amplifier)와 S2D(Single to Differential) 회로를 사용하였다. 또한 impluse 신호 감지를 위해 envelope detector를 사용하였고 가변 이득을 위한 VGA(Variable Gain Amplifier), 그리고 일정한 문턱 신호 크기 이상이 될 경우 digital 신호로 전환하기 위한 comparator로 구성되어 있다.</p><p>FPGA는 기저대역 신호처리용 모뎀을 포함하고 있다. 기저대역 신호처리용 모뎀도 ASIC으로 구현되는 것이 일반적이나 그 개발 비용이 높고 개발 기간이 길어 FPGA 형태로 구현되었다. 향후 상품화 과정에서 ASIC 형태로 용이하게 구현될 수 있도록 Verilog 언어를 이용하여 구현되었다.</p><p>DSP는 MAC 부계층의 구현에 사용되었다. MAC은 무선채널 상황 수집, 전송시점의 결정, 제어 메시지의 전송 과정 등에서 실시간 (realtime) 처리를 필요로 한다. 이와 같은 실시간 처리를 위해서 독립적인 프로세서를 사용한다. DSP는 신호처리를 위해 실시간 처리에 강한 특성을 보이므로 MAC 계층의 처리에 적합하다. MAC 소프트웨어 구현에는 DSP에서 제공하는 middle-ware와 C 언어가 사용되었다.</p><p>MAC 부계층보다 상위계층들 가운데 링크계층, 네트워크계층, 전송계층, 세선계층, 응용계층은 모두 Linux OS를 탑재한 GPP 상에서 구현된다. Linux OS는 디버깅 환경 등 이들 상위 계층의 구현에 필요한 다양한 시스템 서비스를 제공하기 때문이다. Linux 상에 구현된 각 계층은 독립적인 개발이 용이하게 프로세스 (process) 형태로 분리되었고 이들은 프로세스 간 통신방식의 하나인 message queue를 이용하여 서로 통신한다. 다른 한 편으로 GPP에서 구현된 기능을 DSP에서 구현하여 필요한 프로세서의 수를 최소화하는 것을 고려할 수 있다. 그러나, DSP 프로그램은 프로그래밍 형식에 제한이 많아 실시간 특성이 필요하지 않은 다른 계층들을 DSP에서 구현하는데 많은 어려움이 따른다. 반대로 DSP에서 구현된 MAC 부계층을 GPP에서 구현하면 수백 마이크로초의 처리 시간을 요구하는 MAC 부계층의 작업들과 수백 밀리초의 처리 시간을 요구하는 다른 상위계층의 작업들이 서로 혼재되어 구현이 어려워진다. 향후 상품화 과정에서 제품의 가격을 낮추는 과정에서 이에 대한 작업을 진행할 수 있다. 구현에 사용된 GPP는 저전력 특성 때문에 휴대용 기기에 가장 대표적으로 사용되는 ARM 프로세서이다.</p><p>상위계층 가운데 표현계층은 음성데이터의 압축과 복원에 많은 연산을 필요로 하므로 이를 별도의 CODEC chip 상에 구현하였다. DSP에서 소프트웨어 형태로 구현하는 방법도 있으나 DSP가 MAC 부계층 데이터의 실시간 처리에 대부분의 시간을 소모하기 때문에 안정적인 동작을 위해 이 작업을 분리하였다. G.729 CODEC은 일반적으로 \\( 64 \\mathrm{Kbps} \\)인 음성데이터를 \\( 8 \\mathrm{Kbps} \\)로 압축하여 무선구간에서 전송되는 데이터의 양이 최소화되도록 한다.</p>",
                "context_length": 2028,
                "clue": [
                    {
                        "clue_text": "병사통신 단말기는 크게 보아 RF ASIC (radio frequency application specific integrated circuit), FPGA(field programmable gate array), DSP(digital signal processor), GPP(general purpose processor), G.729 음성 CODEC ASIC으로 구성된다.",
                        "clue_start": "26",
                        "clue_end": "236"
                    },
                    {
                        "clue_text": "RF ASIC 은 \\( 0.18 \\mathrm{\\mu m}\\) CMOS 공정 기술을 이용해 단일 칩으로 설계, 제작되었으며 UWB방식의 RF 회로를 포함하고 있다.",
                        "clue_start": "292",
                        "clue_end": "383"
                    },
                    {
                        "clue_text": "FPGA는 기저대역 신호처리용 모뎀을 포함하고 있다.",
                        "clue_start": "698",
                        "clue_end": "727"
                    },
                    {
                        "clue_text": "DSP는 MAC 부계층의 구현에 사용되었다.",
                        "clue_start": "868",
                        "clue_end": "892"
                    }
                ],
                "terminology": [
                    {
                        "word": "ARM"
                    },
                    {
                        "word": "ARM 프로세서"
                    },
                    {
                        "word": "ASIC"
                    },
                    {
                        "word": "ASIC 형태"
                    },
                    {
                        "word": "Amplifier"
                    },
                    {
                        "word": "C 언어"
                    },
                    {
                        "word": "CMOS"
                    },
                    {
                        "word": "CODEC"
                    },
                    {
                        "word": "CODEC chip"
                    },
                    {
                        "word": "DSP"
                    },
                    {
                        "word": "DSP(digital signal processor)"
                    },
                    {
                        "word": "FPGA"
                    },
                    {
                        "word": "GPP"
                    },
                    {
                        "word": "GPP(general purpose processor)"
                    },
                    {
                        "word": "LCD 화면"
                    },
                    {
                        "word": "LNA"
                    },
                    {
                        "word": "LNA(Low Noise Amplifier)"
                    },
                    {
                        "word": "Linux"
                    },
                    {
                        "word": "Linux OS"
                    },
                    {
                        "word": "MAC"
                    },
                    {
                        "word": "MAC 계층"
                    },
                    {
                        "word": "MAC 부계층"
                    },
                    {
                        "word": "RF"
                    },
                    {
                        "word": "RF ASIC"
                    },
                    {
                        "word": "RF 회로"
                    },
                    {
                        "word": "S2D(Single to Differential) 회로"
                    },
                    {
                        "word": "UWB"
                    },
                    {
                        "word": "UWB방식"
                    },
                    {
                        "word": "VGA"
                    },
                    {
                        "word": "VGA(Variable Gain Amplifier)"
                    },
                    {
                        "word": "Verilog"
                    },
                    {
                        "word": "application"
                    },
                    {
                        "word": "array"
                    },
                    {
                        "word": "chip"
                    },
                    {
                        "word": "circuit"
                    },
                    {
                        "word": "comparator"
                    },
                    {
                        "word": "envelope"
                    },
                    {
                        "word": "envelope detector"
                    },
                    {
                        "word": "impluse 신호 감지"
                    },
                    {
                        "word": "message queue"
                    },
                    {
                        "word": "processor"
                    },
                    {
                        "word": "queue"
                    },
                    {
                        "word": "가변"
                    },
                    {
                        "word": "광대역"
                    },
                    {
                        "word": "광대역 주파수"
                    },
                    {
                        "word": "기저대역"
                    },
                    {
                        "word": "기저대역 신호처리용 모뎀"
                    },
                    {
                        "word": "네트워크계층"
                    },
                    {
                        "word": "디버깅"
                    },
                    {
                        "word": "링크계층"
                    },
                    {
                        "word": "마이크로초"
                    },
                    {
                        "word": "무선구간"
                    },
                    {
                        "word": "무선채널"
                    },
                    {
                        "word": "병사통신"
                    },
                    {
                        "word": "병사통신 단말기"
                    },
                    {
                        "word": "부계층"
                    },
                    {
                        "word": "세선계층"
                    },
                    {
                        "word": "소프트웨어"
                    },
                    {
                        "word": "응용계층"
                    },
                    {
                        "word": "전송"
                    },
                    {
                        "word": "전송계층"
                    },
                    {
                        "word": "정합"
                    },
                    {
                        "word": "주파수"
                    },
                    {
                        "word": "표현계층"
                    },
                    {
                        "word": "프로세서"
                    },
                    {
                        "word": "프로세스 (process)"
                    },
                    {
                        "word": "하드웨어"
                    },
                    {
                        "word": "회로"
                    }
                ]
            },
            {
                "context_id": "55e-0c9-302e9e6a-7313-433d-8181-8b8175592059",
                "context_K-NSCC": {
                    "field": "인공물",
                    "large_category": "EE",
                    "medium_category": "14"
                },
                "context": "<h3>다. 블럭 간 정합 방법</h3><p>앞 절에서 언급한 것과 같이 병사통신 단말기에는 다양한 형태의 부품들이 사용되고 있다. 효과적인 구현을 위해서는 이들이 가급적 SoC 형태로 한 Chip에 구현된 제품을 사용하는 것이 유리하다. 입수 가능한 SoC 들의 규격을 분석한 결과 스마트폰의 Application processor 용도로 개발된 TI사의 OMAP (open multimedia application platform) 프로세서를 사용하였다. OMAP 프로세서는 병사통신 단말기의 구현에 필요한 GPP, DSP, LCD 제어회로, Key pad 제어회로, 마이크 제어회로, 스피커 제어회로 등을 모두 한 Chip에 포함하고 있어 소형 경량화가 요구되는 단말기의 구현에 적합한 부품이다.</p><p>OMAP 프로세서를 구성하는 ARM과 DSP 사이의 원활한 통신을 위해서 DSPlink라는 시스템 라이브러리가 제공된다. 이를 통해 일반적으로 구현이 용이하지 않은 이형 프로세서 (heterogeneous processors) 사이의 통신을 전문적인 지식 없이도 쉽게 사용할 수 있다. GPP에서 구동되는 링크계층과 DSP에서 구동되는 MAC 부계층은 DSPlink 라이브리리를 이용해서 서로 정합된다.</p><p>기저대역 신호처리를 담당하는 FPGA는 OMAP 프로세서의 외부 장치 및 메모리의 접속에 사용되는 EMIF (external memory interface) 버스에 연결된다. 따라서 기저대역 신호처리용 모뎀을 포함하고 있는 FPGA는 내부에 EMIF 버스 접속회로를 가지고 있다. FPGA의 버스 접속회로는 MAC 계층에서 데이터 전송을 원활 때 전송 데이터를 저장하는데 사용되는 송신 버퍼, 기저대역 모뎀에서 수신된 데이터를 저장하는 수신 버퍼, 각종 제어와 상태 확인에 사용되는 제어레지스터 등을 포함한다. 수신 버퍼는 기저대역 모뎀에서 처리 완료되는 데이터의 수신 속도와 DSP가 수신된 데이터를 읽어가는 속도 차이 때문에 발생할 수 있 데이터 손실을 방지하기위해서 원형버퍼(circular buffer) 형태로 구현되었다. 이 원형버퍼의 구현에는 2개의 매모리 모듈이 사용되었다.</p><p>FPGA와 RF ASIC 사이의 정합에는 신호의 전기적 특성에 대한 고려가 필요하다. 구현에 사용된 FPGA는 약 \\( 120 \\mathrm{MHz} \\)를 그 최대 동작 주파수로 한다. 또한 입력 신호로도 이와 유사한 수군의 신호를 받아들일 수 있다. UWB 신호는 1 신호 폭이 1~2 나노초(\\(\\mathrm{nsec}\\))로 짧아, FPGA에 그대로 전달할 경우 FPGA에서 정상적으로 인식될 수 없다. 또한 측위에 UWB 펄스를 활용하는 경우, UWB 펄스의 포착 시간을 정밀하게 검출해야 한다. 예를 들면 \\( 120 \\mathrm{MHz}\\)의 동작 주파수를 가지는 디지털 회로를 이용하여 신호의 도착 시간을 검출하며 그 정밀도는 \\( 2.5 \\mathrm{~m}\\)\\((=(1 / 125 \\mathrm{MHz}) * 3.0 \\mathrm{E} 8) \\)이다. 본 논문에서는 제안하는 시스템에서는 수 십 센터미터 \\( (\\mathrm{cm}) \\) 의 정밀도가 필요하며 이를 위해 Sampling 주기를 높여야 한다. 그러나 이렇게 \\( 120 \\mathrm{MHz} \\) 보다 높은 Sampling 주기를 가지는 데이터는 앞서 설명한 것과 같이 FPGA의 물리적 특성에 의한 제한 때문에 FPGA로 그대로 전달할 수 없다.</p><p>이와 같은 제약 조건에서 UWB 펄스의 전송 여부와 전송된 UWB 펄스를 포착 시간을 정확하게 검출하기 위해서 RF ASIC 에서는 데이터 Sampling 시점을 동적으로 제어할 수 있는 AD 변환기가 (analog to digital converter) 사용되었다. 수신되는 일련의 UWB 펄스 신호에 대해서 검출시점을 달리하면서 Sampling 동작을 수행하여 디지털회로에서 사용되는 Clock 신호의 주기 보다 높은 정밀도로 펄스의 도착 시점을 검출한다.</p>",
                "context_length": 1982,
                "clue": [
                    {
                        "clue_text": "OMAP 프로세서는 병사통신 단말기의 구현에 필요한 GPP, DSP, LCD 제어회로, Key pad 제어회로, 마이크 제어회로, 스피커 제어회로 등을 모두 한 Chip에 포함하고 있어 소형 경량화가 요구되는 단말기의 구현에 적합한 부품이다.",
                        "clue_start": "257",
                        "clue_end": "392"
                    },
                    {
                        "clue_text": "GPP에서 구동되는 링크계층과 DSP에서 구동되는 MAC 부계층은 DSPlink 라이브리리를 이용해서 서로 정합된다.",
                        "clue_start": "559",
                        "clue_end": "624"
                    },
                    {
                        "clue_text": "UWB 신호는 1 신호 폭이 1~2 나노초(\\(\\mathrm{nsec}\\))로 짧아, FPGA에 그대로 전달할 경우 FPGA에서 정상적으로 인식될 수 없다.",
                        "clue_start": "1220",
                        "clue_end": "1307"
                    },
                    {
                        "clue_text": "이와 같은 제약 조건에서 UWB 펄스의 전송 여부와 전송된 UWB 펄스를 포착 시간을 정확하게 검출하기 위해서 RF ASIC 에서는 데이터 Sampling 시점을 동적으로 제어할 수 있는 AD 변환기가 (analog to digital converter) 사용되었다.",
                        "clue_start": "1721",
                        "clue_end": "1870"
                    },
                    {
                        "clue_text": "수신되는 일련의 UWB 펄스 신호에 대해서 검출시점을 달리하면서 Sampling 동작을 수행하여 디지털회로에서 사용되는 Clock 신호의 주기 보다 높은 정밀도로 펄스의 도착 시점을 검출한다.",
                        "clue_start": "1871",
                        "clue_end": "1978"
                    }
                ],
                "terminology": [
                    {
                        "word": "(analog to digital converter)"
                    },
                    {
                        "word": "AD 변환기"
                    },
                    {
                        "word": "ARM"
                    },
                    {
                        "word": "ASIC"
                    },
                    {
                        "word": "Application"
                    },
                    {
                        "word": "Application processor"
                    },
                    {
                        "word": "Chip"
                    },
                    {
                        "word": "Clock"
                    },
                    {
                        "word": "Clock 신호"
                    },
                    {
                        "word": "DSP"
                    },
                    {
                        "word": "DSPlink"
                    },
                    {
                        "word": "EMIF 버스"
                    },
                    {
                        "word": "FPGA"
                    },
                    {
                        "word": "GPP"
                    },
                    {
                        "word": "Key"
                    },
                    {
                        "word": "Key pad 제어회로"
                    },
                    {
                        "word": "LCD 제어회로"
                    },
                    {
                        "word": "MAC"
                    },
                    {
                        "word": "MAC 계층"
                    },
                    {
                        "word": "MAC 부계층"
                    },
                    {
                        "word": "OMAP"
                    },
                    {
                        "word": "OMAP 프로세서"
                    },
                    {
                        "word": "RF"
                    },
                    {
                        "word": "RF ASIC"
                    },
                    {
                        "word": "Sampling 주기"
                    },
                    {
                        "word": "SoC"
                    },
                    {
                        "word": "UWB"
                    },
                    {
                        "word": "UWB 신호"
                    },
                    {
                        "word": "UWB 펄스"
                    },
                    {
                        "word": "analog to digital converter"
                    },
                    {
                        "word": "buffer"
                    },
                    {
                        "word": "circular buffe"
                    },
                    {
                        "word": "converter"
                    },
                    {
                        "word": "heterogeneous processors"
                    },
                    {
                        "word": "interface"
                    },
                    {
                        "word": "platform"
                    },
                    {
                        "word": "processor"
                    },
                    {
                        "word": "기저대역"
                    },
                    {
                        "word": "기저대역 모뎀"
                    },
                    {
                        "word": "기저대역 신호처리용 모뎀"
                    },
                    {
                        "word": "디지털회로"
                    },
                    {
                        "word": "라이브러리"
                    },
                    {
                        "word": "마이크 제어회로"
                    },
                    {
                        "word": "매모리 모듈"
                    },
                    {
                        "word": "메모리"
                    },
                    {
                        "word": "버스 접속회로"
                    },
                    {
                        "word": "병사통신"
                    },
                    {
                        "word": "병사통신 단말기"
                    },
                    {
                        "word": "부계층"
                    },
                    {
                        "word": "송신"
                    },
                    {
                        "word": "송신 버퍼"
                    },
                    {
                        "word": "수신 버퍼"
                    },
                    {
                        "word": "스피커 제어회로"
                    },
                    {
                        "word": "시스템 라이브러리"
                    },
                    {
                        "word": "원형버퍼"
                    },
                    {
                        "word": "원형버퍼(circular buffer)"
                    },
                    {
                        "word": "이형"
                    },
                    {
                        "word": "이형 프로세서"
                    },
                    {
                        "word": "전기적"
                    },
                    {
                        "word": "전송"
                    },
                    {
                        "word": "정밀도"
                    },
                    {
                        "word": "정합"
                    },
                    {
                        "word": "제어레지스터"
                    },
                    {
                        "word": "주파수"
                    },
                    {
                        "word": "측위"
                    },
                    {
                        "word": "펄스 신호"
                    },
                    {
                        "word": "프로세서"
                    },
                    {
                        "word": "회로"
                    }
                ]
            }
        ]
    }
}