{
    "dataset_info": {
        "identifier": "02-031-002-NL",
        "name": "기술과학 문서 요약 데이터",
        "category": "자연어",
        "last_updated": "2023-08-30"
    },
    "dataset": {
        "doc_id": "31a7cd33-096c0675-0960-4f8b-8d1c-e2a4c9309607",
        "doc_type": "논문",
        "doc_title": {
            "kor": "차분 선부호화 구조를 적용한 LTE-A 상향링크 시스템의 성능 분석",
            "eng": ""
        },
        "doc_category": {
            "KDC": "560.5",
            "DDC": ""
        },
        "doc_number": {
            "ISSN": "2287-5026",
            "ISBN": "",
            "DOI": "",
            "UCI": ""
        },
        "doc_year": "2012",
        "doc_author": [
            "이신",
            "박노윤",
            "김영주"
        ],
        "doc_publisher": "대한전자공학회",
        "doc_license": "CC BY-NC",
        "context_info": [
            {
                "context_id": "55e-0c9-b740a881-17a9-4dc9-86c9-5772c3b29f24",
                "context_K-NSCC": {
                    "field": "인공물",
                    "large_category": "EE",
                    "medium_category": "05"
                },
                "context": "<h1>I. 서 론</h1> <p>2012년 1월 스위스 제네바에서 개최된 국제전기통신연합(international telecommunication union, ITU) 회의에서는 LTE-Advanced (long term evolution advanced, LTE-A) 시스템을 4 세대 이동통신기술의 국제 표준으로 확정하였다. 이러한 LTE-A 시스템은 송 - 수신 다이버시티 & 어레이 이득 및 스펙트럼 효율을 높이고자 다중 안테나 기술을 채택하고 있다. 어레이 이득을 얻기 위해서는 송신단에서 채널 상태 정보(channel state information, CSI)를 이용하여 선부호화 과정을 거쳐야 하는데, 주파수 분할 다중(frequency division multiplexing, FDD) 시스템은 상향링크와 하향링크에서 사용하는 주파수가 상이(相異)하여 송신단에서는 정확한 채널상태 정보를 알 수가 없어 close-loop 시스템을 통해 수신단에서 추정된 CSI 또는 선부호화 행렬을 송신단으로 피드백(feedback)한다. 그러나 제한된 피드백 채널로 인해 송신단에서는 완벽한 채널 상태 정보를 알 수가 없으며, 이를 위해 '제한된 피드백 시스템' 에 대한 연구가 수행되었다. 여러 연구 중에서 코드북(codebook)을 이용한 선부호화 시스템은 피드백 정보량의 감소를 위해 일정크기의 코드워드로 구성된 코드북을 송수신단에 공유함으로써 원하는 코드워드에 대응되는 선부호화 행렬 인덱스(precoding matrix index, PMI)만을 수신단에서 송신단으로 피드백하는 것으로 피드백 오버헤드 및 지연 등에 의해 발생되는 영향을 최소화할 수 있는 장점을 갖는다. 특히 CSI에 대한 양자화 왜곡이 최소화되도록 코드북 내 코드워드를 설계한다면, 어레이 이득을 더욱 증가시킬 수 있다.</p> <p>최근 LTE-A 시스템에서 코드북을 적용한 성능 향상을 목적으로 많은 연구가 진행되어 왔다. 특히 이중 (dual) 코드북 기법 중의 한 가지인 차분 코드북 기법에 대해 많은 연구가 수행 중에 있다. 실제적인 시스템에서는 인접한 시간인 경우 시간 상관성이 항상 존재하는데, 차분 코드북은 채널의 시간 상관성을 고려하여 양자화 왜곡을 최소화 시키는 기법이다. 이 기법은 다른 이중 코드북 기법과 비교하여 코드북 내 인덱스를 추가로 피드백 하지 않아 제한된 피드백 채널을 효율적으로 사용할 수 있는 장점이 있다. 기존에 연구된 차분 코드북은 평균 상호 정보량 (mutual information)을 활용하기 위해 준-대각 (quasi-diagonal) 단위행렬을 이용하거나, 차분 회전 성질을 이용한 실시간 적응형 구조 및 구면 캡 (spherical cap) 방식의 설계 기법 등에 대해 연구되었다. 이와 같은 차분 코드북 설계 기법은 최대비 전송 방식을 기반으로 하는데, 첨두 전력 대 평균 전력비 (peak-to- average ratio, PAPR)의 증가, 증폭기 왜곡에 따른 효율 저하, 그리고 in-band & out-of-band 신호 간섭 등의 문제가 발생된다.</p>",
                "context_length": 1508,
                "clue": [
                    {
                        "clue_text": "이러한 LTE-A 시스템은 송 - 수신 다이버시티 & 어레이 이득 및 스펙트럼 효율을 높이고자 다중 안테나 기술을 채택하고 있다.",
                        "clue_start": "185",
                        "clue_end": "257"
                    },
                    {
                        "clue_text": "최근 LTE-A 시스템에서 코드북을 적용한 성능 향상을 목적으로 많은 연구가 진행되어 왔다.",
                        "clue_start": "903",
                        "clue_end": "954"
                    },
                    {
                        "clue_text": "특히 이중 (dual) 코드북 기법 중의 한 가지인 차분 코드북 기법에 대해 많은 연구가 수행 중에 있다.",
                        "clue_start": "955",
                        "clue_end": "1014"
                    },
                    {
                        "clue_text": "이 기법은 다른 이중 코드북 기법과 비교하여 코드북 내 인덱스를 추가로 피드백 하지 않아 제한된 피드백 채널을 효율적으로 사용할 수 있는 장점이 있다.",
                        "clue_start": "1103",
                        "clue_end": "1187"
                    },
                    {
                        "clue_text": "이와 같은 차분 코드북 설계 기법은 최대비 전송 방식을 기반으로 하는데, 첨두 전력 대 평균 전력비 (peak-to- average ratio, PAPR)의 증가, 증폭기 왜곡에 따른 효율 저하, 그리고 in-band & out-of-band 신호 간섭 등의 문제가 발생된다.",
                        "clue_start": "1350",
                        "clue_end": "1504"
                    }
                ],
                "terminology": [
                    {
                        "word": "CSI"
                    },
                    {
                        "word": "FDD"
                    },
                    {
                        "word": "LTE-A 시스템"
                    },
                    {
                        "word": "PAPR"
                    },
                    {
                        "word": "PMI"
                    },
                    {
                        "word": "close-loop 시스템"
                    },
                    {
                        "word": "in-band & out-of-band"
                    },
                    {
                        "word": "matrix"
                    },
                    {
                        "word": "out-of-band"
                    },
                    {
                        "word": "구면 캡 (spherical cap)"
                    },
                    {
                        "word": "다이버시티"
                    },
                    {
                        "word": "다중 안테나"
                    },
                    {
                        "word": "다중 안테나 기술"
                    },
                    {
                        "word": "단위행렬"
                    },
                    {
                        "word": "상향링크"
                    },
                    {
                        "word": "상호 정보량"
                    },
                    {
                        "word": "상호 정보량 (mutual information)"
                    },
                    {
                        "word": "선부호화"
                    },
                    {
                        "word": "선부호화 과정"
                    },
                    {
                        "word": "선부호화 행렬"
                    },
                    {
                        "word": "송 - 수신 다이버시티"
                    },
                    {
                        "word": "송수신단"
                    },
                    {
                        "word": "스펙트럼"
                    },
                    {
                        "word": "스펙트럼 효율"
                    },
                    {
                        "word": "신호 간섭"
                    },
                    {
                        "word": "양자화"
                    },
                    {
                        "word": "양자화 왜곡"
                    },
                    {
                        "word": "어레이 이득"
                    },
                    {
                        "word": "오버헤드"
                    },
                    {
                        "word": "이중 코드북"
                    },
                    {
                        "word": "적응형 구조"
                    },
                    {
                        "word": "전송"
                    },
                    {
                        "word": "제한된 피드백 시스템"
                    },
                    {
                        "word": "주파수"
                    },
                    {
                        "word": "주파수 분할 다중"
                    },
                    {
                        "word": "준-대각 (quasi-diagonal) 단위행렬"
                    },
                    {
                        "word": "증폭기"
                    },
                    {
                        "word": "차분 코드북"
                    },
                    {
                        "word": "차분 코드북 기법"
                    },
                    {
                        "word": "차분 회전 성질"
                    },
                    {
                        "word": "채널 상태 정보"
                    },
                    {
                        "word": "채널상태 정보"
                    },
                    {
                        "word": "첨두"
                    },
                    {
                        "word": "첨두 전력"
                    },
                    {
                        "word": "최대비"
                    },
                    {
                        "word": "코드북"
                    },
                    {
                        "word": "코드북(codebook)"
                    },
                    {
                        "word": "코드워드"
                    },
                    {
                        "word": "평균 상호 정보량"
                    },
                    {
                        "word": "피드백"
                    },
                    {
                        "word": "피드백 오버헤드"
                    },
                    {
                        "word": "피드백 정보량"
                    },
                    {
                        "word": "피드백 채널"
                    },
                    {
                        "word": "피드백(feedback)"
                    },
                    {
                        "word": "하향링크"
                    },
                    {
                        "word": "행렬"
                    }
                ]
            }
        ]
    }
}