{
    "dataset_info": {
        "identifier": "02-031-002-NL",
        "name": "기술과학 문서 요약 데이터",
        "category": "자연어",
        "last_updated": "2023-08-30"
    },
    "dataset": {
        "doc_id": "31a7cd33-047a9a89-72b6-4b33-928b-68edb5eb0eb1",
        "doc_type": "논문",
        "doc_title": {
            "kor": "전압-주파수-구역을 고려한 에너지 최적화 네트워크-온-칩 설계 방법론",
            "eng": ""
        },
        "doc_category": {
            "KDC": "560.5",
            "DDC": ""
        },
        "doc_number": {
            "ISSN": "2287-5026",
            "ISBN": "",
            "DOI": "",
            "UCI": ""
        },
        "doc_year": "2009",
        "doc_author": [
            "김우중",
            "권순태",
            "신동군",
            "한태희"
        ],
        "doc_publisher": "대한전자공학회",
        "doc_license": "CC BY-NC",
        "context_info": [
            {
                "context_id": "55e-0c9-merge_ee_31a7cd33-047a9a89-72b6-4b33-928b-68edb5eb0eb1_04",
                "context_K-NSCC": {
                    "field": "인공물",
                    "large_category": "EE",
                    "medium_category": "04"
                },
                "context": "<p>본 논문에서는 주기적 실시간 응용 프로그램을 태스크 그래프 \\( T= \\langle V, E \\rangle \\)로 나타내는 데, \\( T \\)는 방향성 비순환 그래프이며 \\( V \\)는 태스크의 집합, \\( E \\)는 태스크간의 방향성 에지의 집합이다. \\( T \\)에서 각각의 방향성 에지 \\( e \\left ( \\tau_ { i } \\right . \\), \\( \\left . \\tau_ { j } \\right ) \\)는 \\( \\tau_ { i } \\)와 \\( \\tau_ { j } \\) 사이의 선행관계를 나타내는 데, 태스크 \\( \\tau_ { j } \\)가 시작되기 전에 반드시 태스크 \\( \\tau_ { i } \\) 가 완료되어야 함을 의미한다. 태스크 그래프 \\( T \\)의 주기는 period(T)로 표기한다. \\( T \\)에 있는 태스크 \\( \\tau_ { i } \\)는 응용 프로그램이 정확히 동작하기 위해서 지켜져야 할 마감시간 \\( d_ { i } \\)를 가질 수 있다. 각각의 에지 \\( e_ { i, j } \\)는 \\( \\tau_ { i } \\)와 \\( \\tau_ { j } \\)가 서로 다른 코어에 할당 되었을 때, 두 태스크 사이에 전송되어야 할 통신 데이터량을 의미하는 \\( w \\left (e_ { i, j } \\right ) \\)를 갖고 있다. 1 장의 그림 2(a)가 태스크 그래프의 예를 보여 주고 있다. 여기에서는 그림 1(a)와 같은 웜홀 라우팅을 사용하는 정규적 타일 기반의 그물(mesh) 형 NoC 구조를 가정하며 VFI가 적용된 NoC 문제를 풀기위해 랜덤 스케줄러로 그림 2(b)와 같이 각각의 태스크가 각각의 코어에 할당된 최적의 코어 그래프가 주어졌다는 가정하에서 출발한다.</p> <h2>1. 통신량을 고려한 코어 그래프 분할</h2> <p>이 단계의 목표는 에너지 소모를 최소화하기 위해 어떻게 코어들이 분할되어야 하는지 결정하는 것이다. 전체 에너지 소모는 수식 (4)에서 보는 것과 같이 수식 (1)에 의해 구한 어플리케이션에서 소모되는 에너지와 수식 (2)에 의해 구한 통신이 필요한 코어들이 서로 다른 전압을 사용하는 타일에 있으면 MCMF와 VLC를 통해 통신을 할 때 발생하는 추가적인 \\( E_ { V F I } \\)의 합으로 이루어진다. VFI의 최대수를 \\( max \\{ n(V F I) \\} \\)로 나타내고, 코어 그래프 \\( G= \\langle C, W \\rangle \\)로 나타낸다고 가정할 때 전체 에너지 소모를 최소화하기 위해서는 VFI의 최대수를 넘지 않는 범위에서 통신량이 많은 코어들은 되도록 같은 VFI가 될 수 있도록 분할되도록 했다.</p>",
                "context_length": 1307,
                "clue": [
                    {
                        "clue_text": "본 논문에서는 주기적 실시간 응용 프로그램을 태스크 그래프 \\( T= \\langle V, E \\rangle \\)로 나타내는 데, \\( T \\)는 방향성 비순환 그래프이며 \\( V \\)는 태스크의 집합, \\( E \\)는 태스크간의 방향성 에지의 집합이다.",
                        "clue_start": "3",
                        "clue_end": "144"
                    },
                    {
                        "clue_text": "\\( T \\)에서 각각의 방향성 에지 \\( e \\left ( \\tau_ { i } \\right . \\), \\( \\left . \\tau_ { j } \\right ) \\)는 \\( \\tau_ { i } \\)와 \\( \\tau_ { j } \\) 사이의 선행관계를 나타내는 데, 태스크 \\( \\tau_ { j } \\)가 시작되기 전에 반드시 태스크 \\( \\tau_ { i } \\) 가 완료되어야 함을 의미한다.",
                        "clue_start": "145",
                        "clue_end": "368"
                    },
                    {
                        "clue_text": "VFI의 최대수를 \\( max \\{ n(V F I) \\} \\)로 나타내고, 코어 그래프 \\( G= \\langle C, W \\rangle \\)로 나타낸다고 가정할 때 전체 에너지 소모를 최소화하기 위해서는 VFI의 최대수를 넘지 않는 범위에서 통신량이 많은 코어들은 되도록 같은 VFI가 될 수 있도록 분할되도록 했다.",
                        "clue_start": "1126",
                        "clue_end": "1303"
                    }
                ],
                "terminology": [
                    {
                        "word": "G="
                    },
                    {
                        "word": "MCMF"
                    },
                    {
                        "word": "NoC"
                    },
                    {
                        "word": "NoC 구조"
                    },
                    {
                        "word": "VFI"
                    },
                    {
                        "word": "VLC"
                    },
                    {
                        "word": "그물 형 NoC 구조"
                    },
                    {
                        "word": "그물(mesh)"
                    },
                    {
                        "word": "랜덤 스케줄러"
                    },
                    {
                        "word": "방향성 비순환 그래프"
                    },
                    {
                        "word": "방향성 에지"
                    },
                    {
                        "word": "실시간 응용 프로그램"
                    },
                    {
                        "word": "어플리케이션"
                    },
                    {
                        "word": "웜홀"
                    },
                    {
                        "word": "웜홀 라우팅"
                    },
                    {
                        "word": "응용 프로그램"
                    },
                    {
                        "word": "전송"
                    },
                    {
                        "word": "정규적"
                    },
                    {
                        "word": "코어 그래프 분할"
                    },
                    {
                        "word": "태스크 그래프"
                    }
                ]
            },
            {
                "context_id": "55e-0c9-merge_ee_31a7cd33-047a9a89-72b6-4b33-928b-68edb5eb0eb1_03",
                "context_K-NSCC": {
                    "field": "인공물",
                    "large_category": "EE",
                    "medium_category": "04"
                },
                "context": "<p>\\( E_ { V F I } =E_ { M C M F } + E_ { V C o n v } + E_ { C l k e n } \\)<caption>(2)</caption></p> <p>그림 3의 코어 C1-C8, C3-C7, C4-C9 그리고 C2-C5-C6은 각각 많은 통신량을 갖고 있다고 했을 때 VFI 병합 이후 그림 3(b)과 비교해서 그림 3(a)의 에너지 소모가 상당히 클 것이다. 왜냐하면 통신량이 많은 코어들이 떨어져 있어 사용하는 전압이 다른 타일과 통신을 할 때 필요한 다수의 MCMF(Mixed Clock/Mixed FIFO)와 VLC(Voltage Level Converter)를 통과하기 때문이다. 다시 말해, 수식 (2)과 같은 \\( E_ { V F I } \\) 에너지가 증가하기 때문이다.</p> <p>\\( P_ { d y n } =C_ { L } \\cdot N_ { 0 \\rightarrow 1 } \\cdot f \\cdot V_ { d d } ^ { 2 } \\)<caption>(3)</caption></p> <p>본 논문에서는 그림 3(b)와 같이 통신량을 고려한 타일 매핑이 되도록 코어 그래프 분할을 우선 수행한다. 그것을 바탕으로 타일 매핑을 진행하는데 이때 각 코어들이 같은 링크를 사용해서 발생하는 통신-경쟁 시간을 최소화 하는 알고리즘이 적용된다. 다음으로 수식 (3)를 이용하여 각 코어들의 전력 변화량을 고려한 동적 전압 조절을 수행하고 마지막으로 효율적인 VFI 병합과 그 이후의 VFI 전압 재 조절을 포함하는 방법론을 제공한다.</p> <h1>Ⅲ. VFI 최적화 설계 및 저전력 알고리즘</h1> <p>그림 4는 제안된 최적화 설계 프레임워크의 전체적인 설계 흐름을 보여준다. 본 방법론의 핵심은 크게 4단계로 나눌 수 있다: ① VFI의 효율을 높이기 위해 타일 매핑 이전에 통신량을 고려한 코어 그래프 분할. ② 타일 매핑 단계에서 각각의 태스크들이 통신을 할 때에 경쟁-시간(기다리는 시간)이 발생하지 않도록 타일 위치 변경. ③ 각각의 코어들의 전력 변화량을 비교하여 변화량이 가장 큰 코어부터 동적 전압 조절. ④ MCMF/VLC의 오버헤드를 줄이기 위한 VFI 병합과 VFI 병합으로 발생한 여유시간을 제거하기 위한 VFI 전압 재 조절.</p> <p>본 논문은 NoC 설계에서 VFI을 적용할 때 에너지 소모에 많은 영향을 주는 부분에만 집중하기 위해 라우팅 경로 할당은 [13]이 제안한 방법을, 그리고 스케줄링은 [14]가 제안한 Earliest Deadline First(EDF)와 Energy Aware Scheduling(EAS)을 그대로 이용하였다. NoC 최적화 방법론을 완성하여 VFI 전압 재 조절까지 모두 완료된 후에는 에너지 소모와 성능을 계산하여 만족하면 에너지 효율이 가장 높은 것을 선택하고 만족하지 않으면 VFI의 수를 감소시키면서 반복하게 된다.</p>",
                "context_length": 1427,
                "clue": [
                    {
                        "clue_text": "본 논문에서는 그림 3(b)와 같이 통신량을 고려한 타일 매핑이 되도록 코어 그래프 분할을 우선 수행한다.",
                        "clue_start": "531",
                        "clue_end": "590"
                    },
                    {
                        "clue_text": "그것을 바탕으로 타일 매핑을 진행하는데 이때 각 코어들이 같은 링크를 사용해서 발생하는 통신-경쟁 시간을 최소화 하는 알고리즘이 적용된다.",
                        "clue_start": "591",
                        "clue_end": "668"
                    },
                    {
                        "clue_text": "그림 4는 제안된 최적화 설계 프레임워크의 전체적인 설계 흐름을 보여준다.",
                        "clue_start": "816",
                        "clue_end": "857"
                    },
                    {
                        "clue_text": "본 논문은 NoC 설계에서 VFI을 적용할 때 에너지 소모에 많은 영향을 주는 부분에만 집중하기 위해 라우팅 경로 할당은 [13]이 제안한 방법을, 그리고 스케줄링은 [14]가 제안한 Earliest Deadline First(EDF)와 Energy Aware Scheduling(EAS)을 그대로 이용하였다.",
                        "clue_start": "1130",
                        "clue_end": "1303"
                    },
                    {
                        "clue_text": "NoC 최적화 방법론을 완성하여 VFI 전압 재 조절까지 모두 완료된 후에는 에너지 소모와 성능을 계산하여 만족하면 에너지 효율이 가장 높은 것을 선택하고 만족하지 않으면 VFI의 수를 감소시키면서 반복하게 된다.",
                        "clue_start": "1304",
                        "clue_end": "1423"
                    }
                ],
                "terminology": [
                    {
                        "word": "Converter"
                    },
                    {
                        "word": "Deadline"
                    },
                    {
                        "word": "Earliest Deadline First(EDF)"
                    },
                    {
                        "word": "Energy Aware Scheduling(EAS)"
                    },
                    {
                        "word": "FIFO"
                    },
                    {
                        "word": "MCMF"
                    },
                    {
                        "word": "MCMF(Mixed Clock/Mixed FIFO)"
                    },
                    {
                        "word": "MCMF/VLC"
                    },
                    {
                        "word": "NoC"
                    },
                    {
                        "word": "VFI"
                    },
                    {
                        "word": "VFI 병합"
                    },
                    {
                        "word": "VFI 전압 재 조절"
                    },
                    {
                        "word": "VFI 최적화 설계"
                    },
                    {
                        "word": "VLC"
                    },
                    {
                        "word": "VLC(Voltage Level Converter)"
                    },
                    {
                        "word": "경쟁-시간(기다리는 시간)"
                    },
                    {
                        "word": "동적 전압"
                    },
                    {
                        "word": "동적 전압 조절"
                    },
                    {
                        "word": "라우팅 경로"
                    },
                    {
                        "word": "라우팅 경로 할당"
                    },
                    {
                        "word": "매핑 단계"
                    },
                    {
                        "word": "알고리즘"
                    },
                    {
                        "word": "에너지 효율"
                    },
                    {
                        "word": "오버헤드"
                    },
                    {
                        "word": "저전력 알고리즘"
                    },
                    {
                        "word": "최적화 방법론"
                    },
                    {
                        "word": "코어 그래프 분할"
                    },
                    {
                        "word": "타일 매핑"
                    },
                    {
                        "word": "통신-경쟁 시간"
                    },
                    {
                        "word": "프레임워크"
                    }
                ]
            },
            {
                "context_id": "55e-0c9-merge_ee_31a7cd33-047a9a89-72b6-4b33-928b-68edb5eb0eb1_05",
                "context_K-NSCC": {
                    "field": "인공물",
                    "large_category": "EE",
                    "medium_category": "04"
                },
                "context": "<p>\\( E_ {\\text { Total } } =E_ { A p p } + \\sum_ { i=1 } ^ { n } E_ { V F I } (i) \\)<caption>(4)</caption></p> <h2>2. 통신-경쟁 시간을 고려한 타일 매핑</h2> <p>이 단계에서는 엄격한 성능 제약 조건을 만족하면서 통신 에너지 소모를 최소화하기 위해 각각의 코어들이 어떤 타일에 매핑 되어야 하는지를 결정하는 것이 목표이다. 본 논문에서는 기본적으로 [13]의 타일 매핑 알고리즘에 기반을 두지만 이 알고리즘은 통신이 필요한 태스크 들이 다른 타일에 있을 경우 라우팅 경로 할당에서 발생하는 통신-경쟁 시간을 고려하지 않으므로 어플리케이션의 실행시간이 증가하여 타일 매핑 다음 단계에서 이루어지는 동적 전압 조절 단계에서 효과적인 전압 조절을 하지 못 한다. 그래서 이를 보완하는 통신-경쟁 시간을 고려하는 알고리즘을 추가하였다.</p> <p>그림 5는 본 논문에서 제안하는 타일 매핑의 예를 보여주고 있다. 이것은 각각의 코어에 할당된 태스크 처리를 위해 소비하는 에너지와 계산 시간에는 영향을 주지 않는다. 하지만 각각의 태스크들이 실행을 마치고 통신을 할 때에 동시에 같은 링크를 사용해야 한다면 하나의 링크에서 동시에 여러 패킷을 처리할 수 없으므로 링크를 점유하기 위해 발생하는 경쟁 지연시간과 추가적인 에너지 소비가 발생하게 된다. 그림 5 (a)와 (b)의 차이를 이해하기 쉽도록 시간의 흐름으로 나타낸 것이 각각 그림 6 (a) 와 (b)이다. XY-라우팅으로 패킷 전송을 할 때 그림 6(a)는 \\( \\tau 0 \\rightarrow \\tau 1 \\)과 \\( \\tau 0 \\rightarrow \\tau 2 \\) 패킷들이 같은 링크를 사용하기 때문에 서로 링크를 점유하기 위해 경쟁하는 지연시간이 발생하여 마감시간에 대한 여유시간(slack time)이 적어지게 된다. 본 논문에서 제안한 알고리즘이 적용된 그림 6(b)는 타일의 매핑 위치를 변경함으로써 경쟁하는 시간을 제거 하여 마감시간에 대한 여유시간이 커짐을 볼 수 있다. 여유시간이 크다는 것은 타일 매핑 다음 단계에 이어지는 코어의 동적 전압 조절 효과를 높일 수 있다는 것을 의미한다.</p> <p>그림 6에서 보는 것과 같이 웝홀 라우팅의 총 패킷 지연시간은 라우팅 지연시간과 패킷 지연시간으로 구성 된다. 라우팅 지연시간은 패킷 경로에 대한 정보를 갖고 있는 첫 번째 패킷의 플릿(flit)이 어느 경로로 통신을 할 것인지 결정하는 통신 경로를 만들기 위해 필요한 시간이다. 패킷 지연시간은 남아 있는 플릿의 수에 의존한다.</p>",
                "context_length": 1293,
                "clue": [
                    {
                        "clue_text": "이 단계에서는 엄격한 성능 제약 조건을 만족하면서 통신 에너지 소모를 최소화하기 위해 각각의 코어들이 어떤 타일에 매핑 되어야 하는지를 결정하는 것이 목표이다.",
                        "clue_start": "147",
                        "clue_end": "236"
                    },
                    {
                        "clue_text": "본 논문에서는 기본적으로 [13]의 타일 매핑 알고리즘에 기반을 두지만 이 알고리즘은 통신이 필요한 태스크 들이 다른 타일에 있을 경우 라우팅 경로 할당에서 발생하는 통신-경쟁 시간을 고려하지 않으므로 어플리케이션의 실행시간이 증가하여 타일 매핑 다음 단계에서 이루어지는 동적 전압 조절 단계에서 효과적인 전압 조절을 하지 못 한다.",
                        "clue_start": "237",
                        "clue_end": "423"
                    },
                    {
                        "clue_text": "XY-라우팅으로 패킷 전송을 할 때 그림 6(a)는 \\( \\tau 0 \\rightarrow \\tau 1 \\)과 \\( \\tau 0 \\rightarrow \\tau 2 \\) 패킷들이 같은 링크를 사용하기 때문에 서로 링크를 점유하기 위해 경쟁하는 지연시간이 발생하여 마감시간에 대한 여유시간(slack time)이 적어지게 된다.",
                        "clue_start": "760",
                        "clue_end": "941"
                    }
                ],
                "terminology": [
                    {
                        "word": "동적 전압"
                    },
                    {
                        "word": "동적 전압 조절"
                    },
                    {
                        "word": "동적 전압 조절 단계"
                    },
                    {
                        "word": "라우팅 경로"
                    },
                    {
                        "word": "라우팅 경로 할당"
                    },
                    {
                        "word": "매핑"
                    },
                    {
                        "word": "매핑 알고리즘"
                    },
                    {
                        "word": "알고리즘"
                    },
                    {
                        "word": "어플리케이션"
                    },
                    {
                        "word": "웝홀 라우팅"
                    },
                    {
                        "word": "전송"
                    },
                    {
                        "word": "코어"
                    },
                    {
                        "word": "타일 매핑"
                    },
                    {
                        "word": "타일 매핑 알고리즘"
                    },
                    {
                        "word": "통신-경쟁 시간"
                    },
                    {
                        "word": "패킷"
                    },
                    {
                        "word": "패킷 전송"
                    },
                    {
                        "word": "패킷 지연시간"
                    },
                    {
                        "word": "플릿"
                    }
                ]
            },
            {
                "context_id": "55e-0c9-merge_ee_31a7cd33-047a9a89-72b6-4b33-928b-68edb5eb0eb1_07",
                "context_K-NSCC": {
                    "field": "인공물",
                    "large_category": "EE",
                    "medium_category": "04"
                },
                "context": "<p>그림 8은 이 단계의 이해를 도와주는 예제이다. 그림 8(a)는 VFI 병합 단계로 그림 7에서 보는 것과 같이 GPP1과 ASIC은 할당된 전압의 차이가 크지 않아 VFI 병합 후에 증가하는 어플리케이션 에너지 \\( \\left (E_ { A p p } \\right ) \\)가 가장 작으면서 통신량은 많아 줄어드는 \\( E_ { V F I } \\)의 에너지가 크므로 VFI 병합이 이루어졌다. 그림 8(b)는 제안된 최적화 방법론의 마지막 단계를 보여주는 것으로 VFI 병합 후에 발생한 여유시간을 제거하기 위한 VFI-동적 전압 조절을 하는 단계이다. 이 단계를 통해 최종의 결과물인, 최적의 에너지 소모를 하는 각각의 코어에 할당된 공급전압과 VFI를 구한다.</p> <h1>Ⅳ. 실험 결과</h1> <p>실험에서는 통신량을 고려한 코어 그래프 분할, 통신-경쟁 시간을 고려한 타일매핑, 전력변화량을 고려한 코어 동적 전압 조절, 효율적인 VFI 병합과 VFI-동적 전압 재 조절의 각 단계에서의 최적화 기법의 효과를 측정해 보았다. 실험에서는 크게 2가지 형태의 벤치 마크를 사용하였는데, 하나는 무작위로 생성된 가상의 태스크 그래프들이며 다른 하나는 [16]이 소개한 E3S이다. 무작위로 생성된 가상의 그래프는 다양한 형태의 그래프에 대해서 실험해 보기가 유용하다. 그림 9는 무작위로 생성된 태스크 그래프 tg1~tg12에 대해서 다양한 최적화 설정에서의 에너지 소모를 보여주고 있다. 결과는 무작위 코어 분할, 무작위 타일 매핑, 균일한 동적 전압 조절을 사용하고 VFI 병합을 사용하지 않은 설계기법에 의해 구해진 에너지 소모에 정규화 되어 있다. 입력으로 사용한 그래프가 무작위로 생성한 가상의 그래프이기 때문에 실제 시스템 상에서 실행시킬 수가 없으므로 에너지 소모 값은 실제 에너지 소모 측정한 것이 아니고 앞에서 모델링한 에너지 소모 값을 사용했다.</p> <p>각 태스크 그래프의 첫 번째 막대는 단지 통신량을 고려한 코어 그래프 분할만을 적용시켰을 때의 결과이 다 \\( \\left ( \\mathrm { OPT } _ {\\mathrm { CP } } \\right ) \\). 두 번째 막대는 코어 분할뿐만 아니라 타일 매핑을 위해 통신-경쟁 시간을 고려한 알고리즘을 사용했을 때의 결과이다 \\( \\left ( \\mathrm { OPT } \\mathrm { CP } _ {\\mathrm { CPD } } \\right ) \\). 세 번째 막대는 전력 변화량을 고려한 동적 전압 조절이 추가로 사용되었을 때의 결과이다 \\( \\left ( \\mathrm { OPT } _ {\\mathrm { CP } + \\mathrm { CD } + \\mathrm { PD } } \\right ) \\). 마지막으로 네 번째 막대는 본 논문에서 제안한 모든 최적화 알고리즘들이 적용 되었을 때의 에너지 소모를 나타낸다 \\( \\left ( \\mathrm { OPT } _ {\\mathrm { CP } + \\mathrm { CD } + \\mathrm { PD } + \\mathrm { VFI } } \\right ) \\). 에너지 소모는 \\( \\mathrm { OPT } _ {\\mathrm { CP } } \\), \\( \\mathrm { OPT } _ {\\mathrm { CP } + \\mathrm { CD } } \\), \\( \\mathrm { OPT } _ {\\mathrm { CP } + \\mathrm { CD } + \\mathrm { PD } } \\), \\( \\mathrm { OPT } _ {\\mathrm { CP } + \\mathrm { CD } + \\mathrm { PD } + \\mathrm { VFI } } \\) 단계별로 진행 되면서 \\( 7.5 \\% \\), \\( 17.2 \\% \\), \\( 25.4 \\% \\), \\( 34.5 \\% \\)로 지속적으로 줄어들었다. 에너지 소모 감소는 태스크 그래프의 특성(예, 여유 시간, 통신 부하량 그리고 코어 수 등)과 무작위 설정의 성능에 의해 좌우된다. 예를 들면, 코어 분할 \\( \\left ( \\mathrm { OPT } \\mathrm { CP } _ {\\mathrm { CP } } \\right ) \\)은 적은 에너지 감소를 가져왔는데, 그것은 각각의 코어들의 통신량이 비슷하기 때문이다. 이 실험 결과로부터 에너지 소모는 모든 단계에서 최적화되어야 한다는 것을 알 수 있다.</p>",
                "context_length": 2150,
                "clue": [
                    {
                        "clue_text": "그림 8(b)는 제안된 최적화 방법론의 마지막 단계를 보여주는 것으로 VFI 병합 후에 발생한 여유시간을 제거하기 위한 VFI-동적 전압 조절을 하는 단계이다.",
                        "clue_start": "223",
                        "clue_end": "312"
                    },
                    {
                        "clue_text": "이 단계를 통해 최종의 결과물인, 최적의 에너지 소모를 하는 각각의 코어에 할당된 공급전압과 VFI를 구한다.",
                        "clue_start": "313",
                        "clue_end": "374"
                    },
                    {
                        "clue_text": "실험에서는 통신량을 고려한 코어 그래프 분할, 통신-경쟁 시간을 고려한 타일매핑, 전력변화량을 고려한 코어 동적 전압 조절, 효율적인 VFI 병합과 VFI-동적 전압 재 조절의 각 단계에서의 최적화 기법의 효과를 측정해 보았다.",
                        "clue_start": "400",
                        "clue_end": "527"
                    },
                    {
                        "clue_text": "실험에서는 크게 2가지 형태의 벤치 마크를 사용하였는데, 하나는 무작위로 생성된 가상의 태스크 그래프들이며 다른 하나는 [16]이 소개한 E3S이다.",
                        "clue_start": "528",
                        "clue_end": "611"
                    },
                    {
                        "clue_text": "에너지 소모 감소는 태스크 그래프의 특성(예, 여유 시간, 통신 부하량 그리고 코어 수 등)과 무작위 설정의 성능에 의해 좌우된다.",
                        "clue_start": "1889",
                        "clue_end": "1962"
                    }
                ],
                "terminology": [
                    {
                        "word": "ASIC"
                    },
                    {
                        "word": "CD"
                    },
                    {
                        "word": "CP"
                    },
                    {
                        "word": "CPD"
                    },
                    {
                        "word": "OPT"
                    },
                    {
                        "word": "PD"
                    },
                    {
                        "word": "VFI"
                    },
                    {
                        "word": "VFI 병합"
                    },
                    {
                        "word": "VFI-동적 전압 조절"
                    },
                    {
                        "word": "동적 전압"
                    },
                    {
                        "word": "동적 전압 조절"
                    },
                    {
                        "word": "벤치 마크"
                    },
                    {
                        "word": "부하량"
                    },
                    {
                        "word": "알고리즘"
                    },
                    {
                        "word": "어플리케이션"
                    },
                    {
                        "word": "에너지 감소"
                    },
                    {
                        "word": "전력변화량"
                    },
                    {
                        "word": "정규화"
                    },
                    {
                        "word": "최적화 기법"
                    },
                    {
                        "word": "최적화 방법론"
                    },
                    {
                        "word": "코어"
                    },
                    {
                        "word": "코어 그래프 분할"
                    },
                    {
                        "word": "타일 매핑"
                    },
                    {
                        "word": "태스크 그래프"
                    },
                    {
                        "word": "통신-경쟁 시간"
                    }
                ]
            },
            {
                "context_id": "55e-0c9-merge_ee_31a7cd33-047a9a89-72b6-4b33-928b-68edb5eb0eb1_06",
                "context_K-NSCC": {
                    "field": "인공물",
                    "large_category": "EE",
                    "medium_category": "04"
                },
                "context": "<h2>3. 전력 변화량을 고려한 동적 전압 조절</h2> <p>이번 단계의 목표는 효과적인 동적 전압 조절을 통해 코어에서 소비되는 전력 소모를 최소화하도록 각각의 코어에 최적의 전압을 할당하는 것이다. 그림 6에서는 각각의 태스크들이 실행하는데 필요한 시간뿐만 아니라 소비하는 전력도 함께 나타내고 있으며 이는 수식 (3)를 이용해 구한다. 그림 6에서 볼 수 있듯이 각각의 태스크들이 같은 공급전압에서 소비하는 전력이 다르다는 것을 알 수 있다.</p> <p>제안한 알고리즘은 기본적으로 [15]의 동적 전압 조절 방법을 사용하지만 태스크 단위로 최적의 전압을 조절하는 것은 VFI를 고려한 NoC 구조에서 적합하지 않으므로 본 논문에서는 코어 단위로 전력 변화량을 고려하는 것을 제안한다. 그래서 전력 변화량 측정은 수식 (5)과 같이 \\( \\Delta \\mathrm { t } \\) 만큼의 시간을 변경했을 때, 코어에 포함되어 있는 모든 태스크들을 동시에 전압이 변경하여 얻은 전력의 차이가 가장 큰 순서대로 전압을 낮추는 것이다.</p> <p>\\( E_ {\\text { core } } =E_ {\\text { core } } (t)-E_ {\\text { core } } (t + \\Delta t) \\)<caption>(5)</caption></p> <p>그리하여 최종적으로 그림 7과 같이 마감시간을 만족하면서 에너지 소모를 최소화 하는 각 코어의 공급전압을 얻을 수 있다. 이것은 전력 변화량이 큰 순서로 차례대로 전압을 낮추면서 여유시간이 없을 때까지 반복해 얻은 결과이다.</p> <h2>4. VFI 병합과 VFI-동적 전압 조절</h2> <p>서로 다른 전압을 사용하는 인접한 (상, 하, 좌, 우) 타일들을 같은 전압을 사용하도록 VFI 병합해 보면서 에너지 소모를 최소화하는 것이 이 단계에서의 목표이다. 다시 말해, VFI 병합은 서로 다른 전압을 사용하는 타일들을 같은 전압을 사용하도록 하나의 VFI로 만드는 것을 의미한다. 이때, 이전 단계에서 성능 제약 조건을 만족하면서 에너지 소모를 최소화 하도록 각각의 타일들이 사용할 수 있는 최적의 전압이 할당되어 있기 때문에 VFI 병합이 이루어지는 과정에서 성능 제약 조건을 만족하기 위해서 낮은 전압을 사용하는 타일은 높은 전압을 사용하는 타일의 전압으로 재 할당 될 것이다. 그러므로 VFI 병합 후에는 수식 (4)의 첫 번째 항인 어플리케이션 에너지 \\( \\left (E_ { A P P } \\right ) \\)는 올라가지만, 두 번째 항인 서로 다른 전압을 사용하는 타일들이 통신을 할 때 필요한 MCMF/VLC의 사용으로 추가적으로 발생하는 에너지 \\( \\left (E_ { V F I } \\right ) \\)는 제거된다. 증가하는 어플리케이션의 에너지 보다 감소하는 VFI 오버헤드 에너지 값이 크면 수식 (4)의 전체 에너지 소모 \\( \\left (E_ { Total } \\right ) \\)는 줄어들게 된다. 마지막 단계는 VFI 병합 후에 발생한 태스크의 마감시간에 대한 여유시간을 제거하는 것으로 다시 한 번 VFI-동적 전압 조절을 하여 에너지 효율을 극대화 한다.</p>",
                "context_length": 1549,
                "clue": [
                    {
                        "clue_text": "이번 단계의 목표는 효과적인 동적 전압 조절을 통해 코어에서 소비되는 전력 소모를 최소화하도록 각각의 코어에 최적의 전압을 할당하는 것이다.",
                        "clue_start": "36",
                        "clue_end": "114"
                    },
                    {
                        "clue_text": "제안한 알고리즘은 기본적으로 [15]의 동적 전압 조절 방법을 사용하지만 태스크 단위로 최적의 전압을 조절하는 것은 VFI를 고려한 NoC 구조에서 적합하지 않으므로 본 논문에서는 코어 단위로 전력 변화량을 고려하는 것을 제안한다.",
                        "clue_start": "260",
                        "clue_end": "389"
                    },
                    {
                        "clue_text": "그래서 전력 변화량 측정은 수식 (5)과 같이 \\( \\Delta \\mathrm { t } \\) 만큼의 시간을 변경했을 때, 코어에 포함되어 있는 모든 태스크들을 동시에 전압이 변경하여 얻은 전력의 차이가 가장 큰 순서대로 전압을 낮추는 것이다.",
                        "clue_start": "390",
                        "clue_end": "526"
                    },
                    {
                        "clue_text": "그리하여 최종적으로 그림 7과 같이 마감시간을 만족하면서 에너지 소모를 최소화 하는 각 코어의 공급전압을 얻을 수 있다.",
                        "clue_start": "652",
                        "clue_end": "719"
                    }
                ],
                "terminology": [
                    {
                        "word": "MCMF/VLC"
                    },
                    {
                        "word": "NoC"
                    },
                    {
                        "word": "NoC 구조"
                    },
                    {
                        "word": "VFI"
                    },
                    {
                        "word": "VFI 병합"
                    },
                    {
                        "word": "VFI-동적 전압 조절"
                    },
                    {
                        "word": "core"
                    },
                    {
                        "word": "동적 전압"
                    },
                    {
                        "word": "동적 전압 조절"
                    },
                    {
                        "word": "알고리즘"
                    },
                    {
                        "word": "어플리케이션"
                    },
                    {
                        "word": "에너지 효율"
                    },
                    {
                        "word": "오버헤드"
                    },
                    {
                        "word": "전력 소모"
                    }
                ]
            },
            {
                "context_id": "55e-0c9-merge_ee_31a7cd33-047a9a89-72b6-4b33-928b-68edb5eb0eb1_02",
                "context_K-NSCC": {
                    "field": "인공물",
                    "large_category": "EE",
                    "medium_category": "04"
                },
                "context": "<p>[13]은 그림 2(a)와 같은 태스크 그래프를 그림 2(b)와 같이 태스크가 할당된 코어 그래프로 변환하고 이때 각각의 코어들이 마감시간(deadline)을 갖고 있다고 가정한다. 이러한 성능 제약 조건을 만족시키면서 최적의 에너지 소모를 갖도록 각 코어의 공급전압, 문턱전압 그리고 동작 주파수를 구하고 그것을 바탕으로 VFI 분할을 하게 된다. 이 같은 방법을 이용하여 효율적인 VFI 분할, 타일 매핑 그리고 라우팅을 구한다. 하지만 그림 2(b) 와 같은 코어그래프의 각 코어들이 마감시간을 갖고 있다는 가정은 사실상 불가능하다. 왜냐하면 수식 (1)과 같이 어플리케이션에서 소모되는 에너지는 코어들의 실행 에너지와 통신 에너지의 합으로 구성되는데, 타일 매핑과 라우팅 경로 할당이 수행되지 않았기 때문에 통신 에너지의 값을 알 수 없기 때문이다.</p> <p>\\( \\min E_ { a p p } = \\sum_ {\\forall i \\in T } E_ { i } \\left (V_ { i } , V_ { t i } \\right ) + \\sum_ {\\forall i \\in T } \\sum_ {\\forall j \\in T } vol (i, j) E_ { b i t } (i, j) \\)<caption>(1)</catpion></p> <p>본 논문에서는 위 연구의 문제점을 개선하는 것까지 포함하여 해결한 보다 효율적인 VFI 분할을 수행하는 새로운 NoC 설계 방법론을 제안한다. 이를 위해 통신량을 고려한 코어 그래프 분할이 수행된 후 그것을 바탕으로 통신-경쟁 시간을 고려한 타일 매핑, 전력 변화량을 고려한 코어의 동적 전압 조절 그리고 효율적인 VFI 병합과 그 이후의 VFI 전압 재 조절을 수행한다. 제안한 저전력 NoC 알고리즘을 적용하면 적용되지 않은 것 보다 평균적으로 \\( 34.5 \\% \\) 그리고 기존의 VFI 기반 NoC 저전력 연구 결과와 비교하여 평균적으로 \\( 10.3 \\% \\)의 에너지 절감 효과가 있다는 것을 모의실험결과를 통해 보여준다.</p> <p>논문의 구성은 다음과 같다. Ⅱ에서는 문제 기술을 다루고 Ⅲ장에서는 제안한 VFI 최적화 설계 및 저전력 알고리즘들이 서술된다. Ⅳ장에서는 모의실험결과를 통해 제안하는 알고리즘의 효과를 입증하며 Ⅴ장에서 결론으로 마무리한다.</p> <h1>Ⅱ. 문제 기술</h1> <p>광역적인 에너지 최적화를 위해서는 통신량이 많은 코어들은 타일 매핑 이전에 같은 VFI로 묶어주는 것이 필요하다. 예를 들어 그림 3은 9개( \\( 3 \\times 3 \\))의 타일들로 구성된 NoC 구조를 보여주고 있다. 각 타일들은 자신들의 최적의 전압인 A, B, C 또는 D 전압에서 동작한다고 가정한다. 그림 3(a)는 통신량을 고려하지 않은 타일 매핑이고 그림 3(b)는 통신량을 고려한 타일 매핑이다.</p>",
                "context_length": 1393,
                "clue": [
                    {
                        "clue_text": "본 논문에서는 위 연구의 문제점을 개선하는 것까지 포함하여 해결한 보다 효율적인 VFI 분할을 수행하는 새로운 NoC 설계 방법론을 제안한다.",
                        "clue_start": "644",
                        "clue_end": "723"
                    },
                    {
                        "clue_text": "이를 위해 통신량을 고려한 코어 그래프 분할이 수행된 후 그것을 바탕으로 통신-경쟁 시간을 고려한 타일 매핑, 전력 변화량을 고려한 코어의 동적 전압 조절 그리고 효율적인 VFI 병합과 그 이후의 VFI 전압 재 조절을 수행한다.",
                        "clue_start": "724",
                        "clue_end": "852"
                    },
                    {
                        "clue_text": "제안한 저전력 NoC 알고리즘을 적용하면 적용되지 않은 것 보다 평균적으로 \\( 34.5 \\% \\) 그리고 기존의 VFI 기반 NoC 저전력 연구 결과와 비교하여 평균적으로 \\( 10.3 \\% \\)의 에너지 절감 효과가 있다는 것을 모의실험결과를 통해 보여준다.",
                        "clue_start": "853",
                        "clue_end": "999"
                    }
                ],
                "terminology": [
                    {
                        "word": "NoC"
                    },
                    {
                        "word": "NoC 구조"
                    },
                    {
                        "word": "VFI"
                    },
                    {
                        "word": "VFI 분할"
                    },
                    {
                        "word": "VFI 전압 재 조절"
                    },
                    {
                        "word": "VFI 최적화 설계"
                    },
                    {
                        "word": "deadline"
                    },
                    {
                        "word": "동적 전압"
                    },
                    {
                        "word": "동적 전압 조절"
                    },
                    {
                        "word": "라우팅 경로"
                    },
                    {
                        "word": "라우팅 경로 할당"
                    },
                    {
                        "word": "문턱전압"
                    },
                    {
                        "word": "알고리즘"
                    },
                    {
                        "word": "어플리케이션"
                    },
                    {
                        "word": "에너지 최적화"
                    },
                    {
                        "word": "주파수"
                    },
                    {
                        "word": "코어 그래프 분할"
                    },
                    {
                        "word": "코어그래프"
                    },
                    {
                        "word": "타일 매핑"
                    },
                    {
                        "word": "태스크 그래프"
                    },
                    {
                        "word": "통신-경쟁 시간"
                    }
                ]
            },
            {
                "context_id": "55e-0c9-merge_ee_31a7cd33-047a9a89-72b6-4b33-928b-68edb5eb0eb1_01",
                "context_K-NSCC": {
                    "field": "인공물",
                    "large_category": "EE",
                    "medium_category": "04"
                },
                "context": "<p>한편, 칩 크기가 증가하고 고도로 복잡화 되면서 단일 클럭 사이클에 칩 전체를 가로질러 이동하는 전역신호들은 사용 불가능하게 된다. 이를 해결하기 위해, 칩 전체적으로는 비동기식이고 지역적으로는 동기식으로 작동하는 GALS 방식을 사용하게 되었다. 더욱이, GALS에 기초한 설계 스타일은 정밀한 시스템-수준 전력 관리를 성취하기 위해 같은 전압과 주파수를 사용하는 인접 타일들을 동일 구역(island)으로 묶어주는 전압-주파수-구역(Voltage-Frequency-Island, VFI)의 개념과 결합이 용이하다. VFI을 이용하면 에너지 절약 측면에서 매우 큰 효과가 있음에도 불구하고, 현재까지 고려된 저전력 NoC 설계 방법론들은 주로 정적 단일 전압-클록 도메인으로 한정되었거나 여러 개의 VFI을 고려할지라도 단일 구역에 속하는 코어들과 다른 구역들이 전통적인 SoC 버스구조로 연결되어 있다는 가정하에 있어왔다.</p> <p>일반적인 NoC 시스템에서 설계 흐롬은 4가지 핵심</p> <p>과정으로 구성되는데, 태스크 할당(task assignment), 타일 매핑(tile mapping), 라우팅 경로 할당(routing path allocation) 그리고 태스크 스케줄링(task scheduling)이다. 설계 제약조건(예, 그림 2(b)와 같은 태스크 그래프 그리고 각각의 태스크들이 각 코어에 할당되었을 때 전력소모와 실행시간)과 사용가능한 코어의 종류 및 수가 주어졌을 때, 태스크 할당은 그림 2(b)와 같이 각 태스크들을 적절한 코어에 할당하는 과정이다. 타일 매핑(mapping)은 태스크가 할당된 코어를 NoC상의 특정 타일과 일치시키는 것이며, 라우팅 경로 할당은 타일간의 통신 경로를 결정하는 과정이다. 태스크 스케줄링은 코어 내에서 태스크들의 실행 순서를 결정하는 것을 말한다.</p> <p>GALS기반의 NoC에 VFI를 적용하기 위해서는 VFI 분할 또는 병합하는 과정이 추가적으로 필요하다. 그래서 몇 개의 타일들을 하나의 구역으로 병합하고 각 구역들은 칩 전체 에너지 소모를 최소화하는 각각의 공급 전압, 문턱전압(threshold voltage) 그리고 동작 주파수를 갖도록 최적화되는 NoC 방법론이 소개되고 있다. 강력한 에너지 절감 효율에도 불구하고 [12]의 방법론은 몇 가지 한계점이 있다. 첫째로 VFI 병합 과정이 타일 매핑과 라우팅 경로 할당 그리고 태스크 스케줄링을 모두 완료하고 각 코어의 공급전압, 문턱전압 그리고 동작 주파수까지 모두 결정된 후에 이루어진다는 것이다. 이와 같은 접근 방법은 VFI 병합의 추가적인 최적화 기회를 놓칠 수 있다. 두 번째로 VFI 구현을 위해 필요한 주변회로의 수를 최소화 할 수 있는 라우팅 전략이 필요하다. 이러한 문제점을 해결하기위해 VFI 분할 단계를 타일 매핑보다 우선 수행하고 VFI를 고려한 타일 매핑으로 효율적인 라우팅을 하는 방법론이 소개 되었다.</p>",
                "context_length": 1444,
                "clue": [
                    {
                        "clue_text": "한편, 칩 크기가 증가하고 고도로 복잡화 되면서 단일 클럭 사이클에 칩 전체를 가로질러 이동하는 전역신호들은 사용 불가능하게 된다.",
                        "clue_start": "3",
                        "clue_end": "76"
                    },
                    {
                        "clue_text": "VFI을 이용하면 에너지 절약 측면에서 매우 큰 효과가 있음에도 불구하고, 현재까지 고려된 저전력 NoC 설계 방법론들은 주로 정적 단일 전압-클록 도메인으로 한정되었거나 여러 개의 VFI을 고려할지라도 단일 구역에 속하는 코어들과 다른 구역들이 전통적인 SoC 버스구조로 연결되어 있다는 가정하에 있어왔다.",
                        "clue_start": "293",
                        "clue_end": "465"
                    },
                    {
                        "clue_text": "과정으로 구성되는데, 태스크 할당(task assignment), 타일 매핑(tile mapping), 라우팅 경로 할당(routing path allocation) 그리고 태스크 스케줄링(task scheduling)이다.",
                        "clue_start": "509",
                        "clue_end": "634"
                    },
                    {
                        "clue_text": "GALS기반의 NoC에 VFI를 적용하기 위해서는 VFI 분할 또는 병합하는 과정이 추가적으로 필요하다.",
                        "clue_start": "917",
                        "clue_end": "975"
                    },
                    {
                        "clue_text": "두 번째로 VFI 구현을 위해 필요한 주변회로의 수를 최소화 할 수 있는 라우팅 전략이 필요하다.",
                        "clue_start": "1300",
                        "clue_end": "1354"
                    }
                ],
                "terminology": [
                    {
                        "word": "GALS"
                    },
                    {
                        "word": "NoC"
                    },
                    {
                        "word": "SoC"
                    },
                    {
                        "word": "SoC 버스구조"
                    },
                    {
                        "word": "VFI"
                    },
                    {
                        "word": "VFI 병합"
                    },
                    {
                        "word": "VFI 분할"
                    },
                    {
                        "word": "allocation"
                    },
                    {
                        "word": "mapping"
                    },
                    {
                        "word": "path"
                    },
                    {
                        "word": "routing"
                    },
                    {
                        "word": "routing path"
                    },
                    {
                        "word": "task"
                    },
                    {
                        "word": "threshold"
                    },
                    {
                        "word": "threshold voltage"
                    },
                    {
                        "word": "tile"
                    },
                    {
                        "word": "공급 전압"
                    },
                    {
                        "word": "도메인"
                    },
                    {
                        "word": "동기식"
                    },
                    {
                        "word": "라우팅 경로"
                    },
                    {
                        "word": "라우팅 경로 할당"
                    },
                    {
                        "word": "문턱전압"
                    },
                    {
                        "word": "전압-주파수-구역"
                    },
                    {
                        "word": "정적 단일 전압-클록 도메인"
                    },
                    {
                        "word": "주변회로"
                    },
                    {
                        "word": "주파수"
                    },
                    {
                        "word": "클럭"
                    },
                    {
                        "word": "클럭 사이클"
                    },
                    {
                        "word": "타일 매핑"
                    },
                    {
                        "word": "태스크 그래프"
                    },
                    {
                        "word": "태스크 스케줄링"
                    },
                    {
                        "word": "태스크 할당"
                    }
                ]
            },
            {
                "context_id": "55e-0c9-merge_ee_31a7cd33-047a9a89-72b6-4b33-928b-68edb5eb0eb1_00",
                "context_K-NSCC": {
                    "field": "인공물",
                    "large_category": "EE",
                    "medium_category": "04"
                },
                "context": "<h1>요약</h1> <p>네트워크-온-칩 (Network-on-Chip, NoC) 기술은 기존 시스템-온-칩(System-on-Chip, SoC) 설계에서 IP 블록 수 증가와 이에 수반된 상호 연결 네트워크 복잡화 및 데이터 대역폭 제한 등의 문제점을 해결하기 위한 새로운 설계 패러다임이다. 더불어 동작 주파수 증가에 따른 급격한 전력 소모, 클럭 신호의 분배와 동기화 문제 역시 중요한 이슈이며, 이에 대한 대안으로 광역적으로는 비동기, 국부적으로는 동기식 (Globally Asynchronous Locally Synchronous, GALS)인 시스템 설계 방법론이 저전력 기술과 결합되어 에너지 소모를 줄이고 모듈적인 설계를 위해서 고려되어 왔다. GALS 방식의 설계 스타일은 정밀한 시스템-수준 전력 관리를 적용하기 위해 최근 소개되고 있는 전압-주파수-구역 (Voltage-Frequency-Island, VFI) 의 개념과 매우 잘 어울린다. 본 논문에서는 VFI를 적용한 NoC 시스템에서 최적의 전압선택을 통해 에너지 소모를 최소화하는 효율적인 알고리즘을 제시한다. 최적의 코어(또는 처리 소자) 전압과 VFI를 찾기 위해 통신량을 고려한 코어 그래프 분할, 통신-경쟁 시간을 고려한 타일 매핑, 전력 변화량을 고려한 코어의 동적 전압 조절, 그리고 효율적인 VFI 병합 및 VFI-동적 전압 재 조절을 포함한다. 본 논문에서 제안한 설계 방법론은 기존 연구결과 대비 평균적으로 \\( 10.3 \\% \\)의 에너지 효율 향상이 있다는 것을 실험 결과를 통해 보여준다.</p></h1>Ⅰ. 도입 및 관련 연구 동향 소개</h1> <p>반도체 기술의 지속적인 발달로 수십억 개의 트랜지스터와 수백 개의 코어가 단일 칩으로 구현되고 있으</p> <p>며, 이러한 기술을 이용해 고성능 멀티코어(Multicore) 및 메니코어(Manycore) 시스템이 주류로 부상하고 있다. IP 블록 수가 증가하고 그 IP 블록 사이의 복잡한 통신 구조 및 고속의 데이터 전송을 필요로 하게 되면서 고전적인 공유 버스 (shared bus) 구조의 시스템-온-칩(System-on-Chip, SoC) 연결방식은 이러한 요구를 충족시킬 수 없어 성능향상의 장애가 되고 있다.</p> <p>온-칩 네트워크의 효율성과 확장성을 고려하여 등장 한 새로운 개념이 네트워크-온-칩(Network-on-Chip, NoC) 기술이다. 이 기술은 구조화되고 모듈화된 온-칩 네트워크 인터페이스를 제공하여 모듈간의 직접적인 연결에 의한 데이터 통신 구조를 가진 일반적인 SoC 설계에서의 취약한 확장성과 고정성을 극복 가능하게 한다. NoC 기술은 계층적 프로토콜을 이용하는 네트워크 인터페이스 및 라우터(router)에 의한 패킷 데이터 전송을 통해 복잡한 시스템 설계에 필수적으로 중요한 적응성과 확장성을 제공한다.</p> <p>그림 1(a)에서 보듯이, NoC 기반의 시스템은 일반적으로 정형의 타일(tile)들로 모델링 할 수 있으며 각각의 타일은 마이크로프로세서, DSP 또는 전용 하드웨어 블럭 등이 될 수 있다. 각 타일은 코어와 라우터로 구성되어 있으며, 타일들은 온-칩 네트워크에 의해 상호 연결되어 있다. 그림 1(b)에서 보듯이, NoC 내의 라우터는 입출력 링크와 버퍼, 그리고 크로스바(crossbar) 스위치 등으로 구성될 수 있다.</p>",
                "context_length": 1651,
                "clue": [
                    {
                        "clue_text": "네트워크-온-칩 (Network-on-Chip, NoC) 기술은 기존 시스템-온-칩(System-on-Chip, SoC) 설계에서 IP 블록 수 증가와 이에 수반된 상호 연결 네트워크 복잡화 및 데이터 대역폭 제한 등의 문제점을 해결하기 위한 새로운 설계 패러다임이다.",
                        "clue_start": "15",
                        "clue_end": "165"
                    },
                    {
                        "clue_text": "GALS 방식의 설계 스타일은 정밀한 시스템-수준 전력 관리를 적용하기 위해 최근 소개되고 있는 전압-주파수-구역 (Voltage-Frequency-Island, VFI) 의 개념과 매우 잘 어울린다.",
                        "clue_start": "370",
                        "clue_end": "482"
                    },
                    {
                        "clue_text": "본 논문에서 제안한 설계 방법론은 기존 연구결과 대비 평균적으로 \\( 10.3 \\% \\)의 에너지 효율 향상이 있다는 것을 실험 결과를 통해 보여준다.",
                        "clue_start": "693",
                        "clue_end": "777"
                    },
                    {
                        "clue_text": "온-칩 네트워크의 효율성과 확장성을 고려하여 등장 한 새로운 개념이 네트워크-온-칩(Network-on-Chip, NoC) 기술이다.",
                        "clue_start": "1113",
                        "clue_end": "1187"
                    }
                ],
                "terminology": [
                    {
                        "word": "DSP"
                    },
                    {
                        "word": "GALS"
                    },
                    {
                        "word": "IP"
                    },
                    {
                        "word": "IP 블록"
                    },
                    {
                        "word": "NoC"
                    },
                    {
                        "word": "SoC"
                    },
                    {
                        "word": "SoC 설계"
                    },
                    {
                        "word": "VFI"
                    },
                    {
                        "word": "VFI 병합"
                    },
                    {
                        "word": "Voltage-Frequency-Island"
                    },
                    {
                        "word": "공유 버스 (shared bus)"
                    },
                    {
                        "word": "네트워크"
                    },
                    {
                        "word": "네트워크 인터페이스"
                    },
                    {
                        "word": "네트워크-온-칩"
                    },
                    {
                        "word": "네트워크-온-칩(Network-on-Chip, NoC)"
                    },
                    {
                        "word": "대역폭"
                    },
                    {
                        "word": "데이터 대역폭"
                    },
                    {
                        "word": "데이터 통신 구조"
                    },
                    {
                        "word": "동기식"
                    },
                    {
                        "word": "동기화"
                    },
                    {
                        "word": "동기화 문제"
                    },
                    {
                        "word": "동적 전압"
                    },
                    {
                        "word": "동적 전압 조절"
                    },
                    {
                        "word": "라우터"
                    },
                    {
                        "word": "라우터(router)"
                    },
                    {
                        "word": "링크"
                    },
                    {
                        "word": "마이크로프로세서"
                    },
                    {
                        "word": "멀티코어"
                    },
                    {
                        "word": "멀티코어(Multicore)"
                    },
                    {
                        "word": "메니코어(Manycore)"
                    },
                    {
                        "word": "모듈"
                    },
                    {
                        "word": "모듈화"
                    },
                    {
                        "word": "발달"
                    },
                    {
                        "word": "버퍼"
                    },
                    {
                        "word": "설계 패러다임"
                    },
                    {
                        "word": "스위치"
                    },
                    {
                        "word": "시스템 설계"
                    },
                    {
                        "word": "시스템-온-칩"
                    },
                    {
                        "word": "시스템-온-칩(System-on-Chip, SoC)"
                    },
                    {
                        "word": "알고리즘"
                    },
                    {
                        "word": "에너지 효율"
                    },
                    {
                        "word": "온-칩"
                    },
                    {
                        "word": "전력 소모"
                    },
                    {
                        "word": "전송"
                    },
                    {
                        "word": "전압-주파수-구역"
                    },
                    {
                        "word": "전용 하드웨어"
                    },
                    {
                        "word": "주파수"
                    },
                    {
                        "word": "주파수 증가"
                    },
                    {
                        "word": "코어"
                    },
                    {
                        "word": "코어 그래프 분할"
                    },
                    {
                        "word": "크로스바"
                    },
                    {
                        "word": "크로스바(crossbar)"
                    },
                    {
                        "word": "클럭"
                    },
                    {
                        "word": "클럭 신호"
                    },
                    {
                        "word": "타일 매핑"
                    },
                    {
                        "word": "타일(tile)"
                    },
                    {
                        "word": "통신-경쟁 시간"
                    },
                    {
                        "word": "트랜지스터"
                    },
                    {
                        "word": "패킷"
                    },
                    {
                        "word": "패킷 데이터"
                    },
                    {
                        "word": "하드웨어"
                    }
                ]
            }
        ]
    }
}