{
    "dataset_info": {
        "identifier": "02-031-002-NL",
        "name": "기술과학 문서 요약 데이터",
        "category": "자연어",
        "last_updated": "2023-08-30"
    },
    "dataset": {
        "doc_id": "114998e3-6fba1b7c-c6b6-4c93-b7d5-d90f45bb5a0b",
        "doc_type": "논문",
        "doc_title": {
            "kor": "웹 서비스 동적 연동을 위한 클라이언트 에이전트 프레임워크",
            "eng": ""
        },
        "doc_category": {
            "KDC": "413.05",
            "DDC": ""
        },
        "doc_number": {
            "ISSN": "2287-5891",
            "ISBN": "",
            "DOI": "",
            "UCI": ""
        },
        "doc_year": "2009",
        "doc_author": [
            "박영준",
            "이우진"
        ],
        "doc_publisher": "한국정보처리학회",
        "doc_license": "CC BY-NC",
        "context_info": [
            {
                "context_id": "55e-0c9-merge_114998e3-6fba1b7c-c6b6-4c93-b7d5-d90f45bb5a0b_00",
                "context_K-NSCC": {
                    "field": "인공물",
                    "large_category": "EE",
                    "medium_category": "04"
                },
                "context": "<h1>웹 서비스 동적 연동을 위한 클라이언트 에이전트 프레임워크</h1> <h2>요 약</h2> <p>일반적으로 웹 서비스에 접속하기 위해서는 .NET 또는 자바 런타임 등의 무거운 프레임워크를 사용하여야 한다. 이러한 프레임워크들은 기본적으로 PC 급 이상의 리소스를 가진 경우에 사용할 수 있으므로 센서 노드와 같이 제한적인 리소스를 가진 경우에는 웹 서비스를 사용할 수없다. 이 논문에서는 이러한 클라이언트 노드에서 웹 서비스를 사용할 수 있는 클라이언트 에이전트 프레임워크를 제안한다. 클라이언트 에이전트 프레임워크는 충분한 리소스를 가진 제 3의 서버에서 관리되며, 실제 클라이언트 노드는 에이전트 서버에 접속하여 해당 클라이언트 에이전트의 웹 서비스 연동 기능을 이용한다. 클라이언트 에이전트는 클라이언트 요청 시에 WDSL 정보를 활용하여 동적으로 생성된다. 이러한 웹서비스 연동 방법을 이용하면, 센서 노드나 모바일 단말에서 최소의 리소스로 웹 서비스를 연동할 수 있으므로 다양한 유형의 서비스를 구현할수 있다.</p> <h2>1. 서 론</h2> <p>웹 서비스는 표준화된 \\( \\mathrm { XML } \\) 기반의 인터페이스를 통하여 플랫폼 독립적이고 프로그램 언어에 중립적인 방법으로 네트워크 상에서 응용프로그램들을 연동할 수 있다. 이러한 웹 서비스는 분산 컴퓨팅 환경 하에서 동적으로 등록, 탐색되며 구동될 수 있으며 인터넷 어플리케이션 프로그램에 의한 실시간 상호작용을 촉진시켜서, 연관 기업들이 손쉽게서비스들을 연동시킬 수 있다. 웹 서비스의 전략은 개방되고 표준화된 인터페이스를 기반으로 하드웨어, 운영시스템및 프로그래밍 환경에 독립적인 상황을 만드는 것이다. 현재 웹 서비스는 MS가 닷넷(.NET) 기반의 윈도우 플랫폼에서 웹 서비스를 지원하고[1], IBM은 웹 서비스를 개발할 수있는 개발 도구와 운영할 수 있는 실행환경 등 e-비즈니스의 통합환경 솔루션을 제공하며[2], SUN은 모든 소프트웨어방식에 서비스 온 디맨드(services on demand) 개념[3]을포함하고 있다. 이와 같이 메이저 IT 업체들이 웹 서비스개발을 주도하고 있다.</p> <p>현재 클라이언트가 웹 서비스를 받기 위해서는 소프트웨어적으로 MS의 닷넷 프레임워크 또는 SUN의 JAVA 런타임 환경을 지원해야 한다. 그리고 하드웨어적으로 PC와 같은 고성능을 요구한다. 그러므로 센서 네트워크 또는 유비쿼터스 컴퓨팅 노드 등과 같이 하드웨어나 소프트웨어적으로 제한적인 리소스를 갖는 단말 노드에서 웹 서비스를 받기 어렵다.</p> <p>본 논문에서는 센서 노드와 같이 리소스가 부족한 클라이언트에서 웹 서비스에 연동할 수 있도록 웹 서비스의 클라이언트 에이전트를 자동으로 생성하고 관리하는 에이전트프레임워크를 제안한다. 즉, 클라이언트 에이전트는 리소스가 충분한 게이트웨이나 PC와 같은 독립적인 사이트에서배치 및 운용되면서 실제 클라이언트가 요구하는 웹 서비스를 대신 처리해 전달함으로써 실제 클라이언트의 리소스 제약사항 문제를 해결한다. 클라이언트 에이전트 프레임워크에서는 실제 클라이언트의 웹 서비스 요청이 들어오면, 웹서비스 서버가 제공하는 WSDL(Web Services DescriptionLanguage) 정보를 참조하여 클라이언트 에이전트 코드를자동 생성한다. 그리고 클라이언트의 통신 인터페이스를 고려하며 접속된 클라이언트들을 관리한다.</p>",
                "context_length": 1670,
                "clue": [
                    {
                        "clue_text": "클라이언트 에이전트 프레임워크는 충분한 리소스를 가진 제 3의 서버에서 관리되며, 실제 클라이언트 노드는 에이전트 서버에 접속하여 해당 클라이언트 에이전트의 웹 서비스 연동 기능을 이용한다.",
                        "clue_start": "277",
                        "clue_end": "383"
                    },
                    {
                        "clue_text": "클라이언트 에이전트는 클라이언트 요청 시에 WDSL 정보를 활용하여 동적으로 생성된다.",
                        "clue_start": "384",
                        "clue_end": "432"
                    },
                    {
                        "clue_text": "이러한 웹서비스 연동 방법을 이용하면, 센서 노드나 모바일 단말에서 최소의 리소스로 웹 서비스를 연동할 수 있으므로 다양한 유형의 서비스를 구현할수 있다.",
                        "clue_start": "433",
                        "clue_end": "519"
                    },
                    {
                        "clue_text": "현재 클라이언트가 웹 서비스를 받기 위해서는 소프트웨어적으로 MS의 닷넷 프레임워크 또는 SUN의 JAVA 런타임 환경을 지원해야 한다.",
                        "clue_start": "1065",
                        "clue_end": "1141"
                    },
                    {
                        "clue_text": "웹 서비스의 전략은 개방되고 표준화된 인터페이스를 기반으로 하드웨어, 운영시스템및 프로그래밍 환경에 독립적인 상황을 만드는 것이다.",
                        "clue_start": "763",
                        "clue_end": "836"
                    }
                ],
                "terminology": [
                    {
                        "word": "IBM"
                    },
                    {
                        "word": "JAVA"
                    },
                    {
                        "word": "JAVA 런타임"
                    },
                    {
                        "word": "MS"
                    },
                    {
                        "word": "SUN"
                    },
                    {
                        "word": "WDSL 정보"
                    },
                    {
                        "word": "WSDL"
                    },
                    {
                        "word": "XML"
                    },
                    {
                        "word": "e-비즈니스"
                    },
                    {
                        "word": "게이트웨이"
                    },
                    {
                        "word": "네트워크"
                    },
                    {
                        "word": "노드"
                    },
                    {
                        "word": "단말 노드"
                    },
                    {
                        "word": "닷넷"
                    },
                    {
                        "word": "닷넷 프레임워크"
                    },
                    {
                        "word": "리소스"
                    },
                    {
                        "word": "분산 컴퓨팅"
                    },
                    {
                        "word": "서버"
                    },
                    {
                        "word": "서비스 온 디맨드"
                    },
                    {
                        "word": "센서"
                    },
                    {
                        "word": "센서 네트워크"
                    },
                    {
                        "word": "실제 클라이언트"
                    },
                    {
                        "word": "어플리케이션"
                    },
                    {
                        "word": "온 디맨드"
                    },
                    {
                        "word": "웹 서비스 동적 연동"
                    },
                    {
                        "word": "웹 서비스 연동"
                    },
                    {
                        "word": "웹서비스"
                    },
                    {
                        "word": "유비쿼터스 컴퓨팅"
                    },
                    {
                        "word": "유비쿼터스 컴퓨팅 노드"
                    },
                    {
                        "word": "인터페이스"
                    },
                    {
                        "word": "자바"
                    },
                    {
                        "word": "자바 런타임"
                    },
                    {
                        "word": "컴퓨팅 노드"
                    },
                    {
                        "word": "클라이언트 노드"
                    },
                    {
                        "word": "클라이언트 에이전트"
                    },
                    {
                        "word": "클라이언트 에이전트 프레임워크"
                    },
                    {
                        "word": "통신 인터페이스"
                    },
                    {
                        "word": "프레임워크"
                    },
                    {
                        "word": "프로그래밍 환경"
                    },
                    {
                        "word": "프로그램 언어"
                    },
                    {
                        "word": "하드웨어"
                    },
                    {
                        "word": "하드웨어적"
                    }
                ]
            },
            {
                "context_id": "55e-0c9-merge_114998e3-6fba1b7c-c6b6-4c93-b7d5-d90f45bb5a0b_03",
                "context_K-NSCC": {
                    "field": "인공물",
                    "large_category": "EE",
                    "medium_category": "04"
                },
                "context": "<h3>\\( 3.2 \\) 웹 서비스 연동 클라이언트 에이전트 프레임워크의 구조</h3> <p>웹 서비스 연동 클라이언트 에이전트 프레임워크는 실제클라이언트 노드에 배치되는 것이 아니라 충분한 리소스를가지는 제 3의 사이트에 배치된다. 클라이언트 에이전트프레임워크는 (그림 3)과 같이 크게 클라이언트 매니저,SOAP 에이전트, 에이전트 생성기로 구성되어 있다. 클라이언트 매니저는 실제 클라이언트들과의 연동을 담당하는 모듈로 클라이언트의 네트워크 특성에 맞게 적당한 네트워크접속 모듈들을 제공한다. SOAP 에이전트는 웹 서비스를 연동하는 클라이언트 기능을 제공한다. 그리고 에이전트 생성기는 gSOAP 플랫폼상에서 동적으로 SOAP 에이전트들을생성한다.</p> <p>클라이언트 에이전트 프레임워크의 수행과정은 다음과 같다. 클라이언트 매니저는 데몬처럼 항상 클라이언트 접속과서비스 요청을 모니터링한다. 블루투스 모듈의 경우는 클라이언트 매니저의 블루투스 모듈이 항상 연결 대기 상태를유지하고 있다가 클라이언트 노드가 감지되면 패어링 과정을 거쳐 서로 통신 가능한 상태를 만든다. 클라이언트 매니저의 지그비 모듈은 코디네이터 노드로 되어 있어 유사한 연결 과정을 거쳐 통신 가능한 상태를 유지한다. 이 상태에서, 클라이언트가 웹 서비스 받고자 하는 웹 서비스 서버의주소를 클라이언트 매니저에게 전달한다. 실제 클라이언트의 접속 요청은 에이전트 생성기에게 전달되며 에이전트 생성기는 웹 서비스 서버의 WSDL파일을 참조하여 클라이언트의 웹 서비스를 담당하는 SOAP 에이전트를 동적으로 자동 생성한다. 웹 서비스 접속이 완료되면, 클라이언트 프로그램은 SOAP 에이전트에게 서비스 요청 메시지를 보내고,클라이언트의 요청을 받은 SOAP 에이전트는 원격으로 웹서비스 시스템에 접속하여 웹 서비스를 처리하고 결과를 리턴한다. (그림 4)는 이러한 클라이언트 에이전트 프레임워크의 수행 시나리오를 순차도로 보여준다.</p> <p>웹 서비스 연동 클라이언트 에이전트 프레임워크의 핵심구성 요소인 클라이언트 매니저, 에이전트 생성기, SOAP에이전트에 대해서는 다음 절부터 상세히 다루도록 한다.</p> <h3>\\( 3.2 .1 \\) 클라이언트 매니저</h3> <p>실제 클라이언트가 웹 서비스를 받기 위하여 클라이언트에이전트에 접속하려면 클라이언트 매니저에 먼저 접속하여야 한다. 이 때 클라이언트 매니저는 지그비, 블루투스 등의클라이언트 통신 인터페이스를 고려해서 연결한다. 매니저데몬의 역할은 클라이언트 매니저에 접속하는 실제 클라이언트의 연결을 관리한다. 전송모듈(transport)은 클라이언트가 SOAP 에이전트 생성기에게 SOAP 에이전트 생성을 요청하고 SOAP 에이전트의 웹 서비스 요청 및 응답을 처리하는 모듈이다. (그림 5)는 클라이언트 매니저의 구조를 보여준다.</p> <h3>\\( 3.2 .2 \\) 에이전트 생성기</h3> <p>에이전트 생성기는 클라이언트의 요청에 의해 동적으로웹 서비스를 제공하는 SOAP 에이전트를 생성 및 관리하는기능을 수행한다. (그림 6)은 클라이언트의 요청에 따라 웹서비스를 제공하는 SOAP 에이전트를 생성하기 위한 SOAP에이전트 생성과정을 나타내고 있다. SOAP 에이전트를 생성하기 위해서는 서버 측으로부터 웹 서비스의 메타 정보인WSDL 파일을 받은 다음, WSDL 파서로 메타정보를 분석하여 웹 서비스가 포함하는 오퍼레이션 정보를 포함하는 헤더파일을 얻는다. gSOAP 컴파일러는 헤더파일에 있는 함수원형을 참조하여 원격 함수를 연결할 수 있는 스텁(stup) 코드를 생성한다. SOAP 에이전트 코어 생성기는 WSDL 파서로부터 생성된 헤더 파일을 참조하여 RPC 코드 조각을 생성한다. 웹 서비스 서버 및 클라이언트 매니저와 통신 담당TCP/IP 소켓 통신 코드인 전송모듈의 코드 조각을 합쳐SOAP 에이전트 파일을 만든다. 최종적으로 생성된 C/C + + 헤더파일과 소스 파일을 컴파일하여 SOAP 에이전트 코드를 동적으로 생성한다.</p>",
                "context_length": 1959,
                "clue": [
                    {
                        "clue_text": "웹 서비스 연동 클라이언트 에이전트 프레임워크는 실제클라이언트 노드에 배치되는 것이 아니라 충분한 리소스를가지는 제 3의 사이트에 배치된다.",
                        "clue_start": "52",
                        "clue_end": "130"
                    },
                    {
                        "clue_text": "클라이언트 에이전트프레임워크는 (그림 3)과 같이 크게 클라이언트 매니저,SOAP 에이전트, 에이전트 생성기로 구성되어 있다.",
                        "clue_start": "131",
                        "clue_end": "201"
                    },
                    {
                        "clue_text": "클라이언트 매니저는 실제 클라이언트들과의 연동을 담당하는 모듈로 클라이언트의 네트워크 특성에 맞게 적당한 네트워크접속 모듈들을 제공한다.",
                        "clue_start": "202",
                        "clue_end": "278"
                    },
                    {
                        "clue_text": "SOAP 에이전트는 웹 서비스를 연동하는 클라이언트 기능을 제공한다.",
                        "clue_start": "279",
                        "clue_end": "317"
                    },
                    {
                        "clue_text": "에이전트 생성기는 클라이언트의 요청에 의해 동적으로웹 서비스를 제공하는 SOAP 에이전트를 생성 및 관리하는기능을 수행한다.",
                        "clue_start": "1424",
                        "clue_end": "1493"
                    }
                ],
                "terminology": [
                    {
                        "word": "C/C + +"
                    },
                    {
                        "word": "RPC"
                    },
                    {
                        "word": "RPC 코드 조각"
                    },
                    {
                        "word": "SOAP"
                    },
                    {
                        "word": "SOAP 에이전트"
                    },
                    {
                        "word": "SOAP 에이전트 생성기"
                    },
                    {
                        "word": "SOAP 에이전트 코어 생성기"
                    },
                    {
                        "word": "SOAP에이전트 생성과정"
                    },
                    {
                        "word": "WSDL"
                    },
                    {
                        "word": "WSDL 파서"
                    },
                    {
                        "word": "WSDL파일"
                    },
                    {
                        "word": "gSOAP 컴파일러"
                    },
                    {
                        "word": "gSOAP 플랫폼"
                    },
                    {
                        "word": "네트워크"
                    },
                    {
                        "word": "노드"
                    },
                    {
                        "word": "데몬"
                    },
                    {
                        "word": "매니저데몬"
                    },
                    {
                        "word": "메타정보"
                    },
                    {
                        "word": "서버"
                    },
                    {
                        "word": "서비스 서버"
                    },
                    {
                        "word": "서비스 요청 메시지"
                    },
                    {
                        "word": "서비스 접속"
                    },
                    {
                        "word": "소스 파일"
                    },
                    {
                        "word": "소켓"
                    },
                    {
                        "word": "수행 시나리오"
                    },
                    {
                        "word": "순차도"
                    },
                    {
                        "word": "스텁"
                    },
                    {
                        "word": "스텁(stup) 코드"
                    },
                    {
                        "word": "시나리오"
                    },
                    {
                        "word": "실제 클라이언트"
                    },
                    {
                        "word": "실제클라이언트 노드"
                    },
                    {
                        "word": "에이전트 생성기"
                    },
                    {
                        "word": "연결 대기 상태"
                    },
                    {
                        "word": "오퍼레이션"
                    },
                    {
                        "word": "오퍼레이션 정보"
                    },
                    {
                        "word": "웹 서비스 서버"
                    },
                    {
                        "word": "웹 서비스 연동 클라이언트 에이전트 프레임워크"
                    },
                    {
                        "word": "웹서비스"
                    },
                    {
                        "word": "웹서비스 시스템"
                    },
                    {
                        "word": "전송모듈"
                    },
                    {
                        "word": "지그비 모듈"
                    },
                    {
                        "word": "컴파일러"
                    },
                    {
                        "word": "코디네이터 노드"
                    },
                    {
                        "word": "클라이언트"
                    },
                    {
                        "word": "클라이언트 기능"
                    },
                    {
                        "word": "클라이언트 노드"
                    },
                    {
                        "word": "클라이언트 매니저"
                    },
                    {
                        "word": "클라이언트 에이전트 프레임워크"
                    },
                    {
                        "word": "클라이언트 에이전트프레임워크"
                    },
                    {
                        "word": "클라이언트 프로그램"
                    },
                    {
                        "word": "클라이언트에이전트"
                    },
                    {
                        "word": "클라이언트의 네트워크 특성"
                    },
                    {
                        "word": "통신 인터페이스"
                    },
                    {
                        "word": "파서"
                    },
                    {
                        "word": "패어링 과정"
                    },
                    {
                        "word": "프레임워크"
                    },
                    {
                        "word": "함수원형"
                    },
                    {
                        "word": "헤더"
                    },
                    {
                        "word": "헤더파일"
                    }
                ]
            },
            {
                "context_id": "55e-0c9-merge_114998e3-6fba1b7c-c6b6-4c93-b7d5-d90f45bb5a0b_02",
                "context_K-NSCC": {
                    "field": "인공물",
                    "large_category": "EE",
                    "medium_category": "04"
                },
                "context": "<h3>\\( 2.2 \\) 웹 서비스 지원 플랫폼</h3> <p>주요 벤더들의 웹 서비스 지원 플랫폼으로는 MS의 닷넷,IBM의 WebSphere 어플리케이션 서버, SUN의 SunONE,오픈 소스 기반의 gSOAP 등이 있다. MS 닷넷은 XML 기반 웹 서비스 플랫폼이다. MS는 닷넷 플랫폼 위에 더 많은프로그램을 만들어 낼 수 있도록 개발 도구로 VisualStudio 2005 .NET을 제공한다. IBM WebSphere 어플리케이션 서버는 e-비즈니스 세계와 더불어 기업 데이터 및 트랜잭션을 통합하는 자바 기반의 웹 어플리케이션 서버이다.트랜잭션 관리, 보안, 클러스터링, 기능성, 가용성, 연결성 및확장성에 이르는 완전한 응용프로그램 서비스 세트를 구비하고, 개방형 기술과 API들을 활용하는 동시에 기업 전반의어플리케이션에 대한 관리와 통합을 지원한다. SUN의SunONE은 네트워크에 기대할 수 있는 최상의 개념인 서비스 온 디멘드를 포함시켰다. 서비스 온 디멘드의 핵심은 기업 이익을 위해 서비스 형태로 정보 자산을 완벽히 활용하는 것으로, 웹 어플리케이션 또는 웹 서비스 제공을 위해실시간으로 조립되며 중앙 디렉터리에 저장된 어플리케이션컴포넌트 형태가 될 수 있다.</p> <p>경량화된 SOAP 툴킷 중 하나인 gSOAP은 미국 연방 정부의 지원으로 개발된 오픈 소스의 웹 서비스 개발 툴킷이며 주요 성능은 C/C + + 을 이용한 웹 서비스 구현을 간단하게 하고, 분산된 SOAP/ XML 웹 서비스 오퍼레이션에서C/C + + 오퍼레이션과 데이터 타입을 자동으로 맵핑하는 컴파일러 기술을 제공한다.</p> <p> <표 3>은 프로그램 언어별 SOAP 개발 도구 특징을 나타내고 있다. SOAP 개발 도구로는 JAVA 기반의Axis/Axis2, XFire, PHP와 Perl 웹 스크립트 언어, MS의Visual Studio .NET, C/C + + 언어 기반의 gSOAP 등이 있다.이중에서 C/C + + 언어 기반의 gSOAP 개발 툴킷만이 런타임 플랫폼을 필요치 않는다. 런타임 플랫폼이 필요치 않으므로 다양한 OS에서 특별한 제약사항 없이 사용할 수 있으며 웹 서비스 어플리케이션 크기를 경량화시킬 수 있는 장점이 있다.</p> <p> <표 4>는 단말과 단말간에 배열 크기에 따른 초 단위 응답 시간 성능 측정한 표이다[9]. Axis, gSOAP, .NET,XSOPA4 중에서 gSOAP의 응답 속도가 제일 좋음을 알 수가 있다.</p> <p>이 논문에서는 리소스 규모, 런타임 요구사항, 수행 성능,웹 서비스 개발환경 등을 고려하여 gSOAP 플랫폼을 이용하여 웹 서비스 연동 클라이언트 에이전트 프레임워크를 구현한다.</p> <h2>3. 웹서비스 연동 클라이언트 에이전트</h2> <h3>\\( 3.1 \\) 클라이언트 에이전트 개념</h3> <p>실제 클라이언트가 웹 서비스와 연동되기 위해서는 닷넷,자바 가상 머신 등의 미들웨어가 필요하며 또한 하드웨어적으로도 PC급 이상의 리소스를 필요로 한다. 클라이언트 에이전트 기술은 소프트웨어 및 하드웨어의 제한적인 리소스를 가지고 있는 클라이언트가 웹 서비스를 받고자 할 때 클라이언트의 제한적인 리소스 단점을 보완하여 클라이언트가웹 서비스를 원활히 받을 수 있도록 하는 것이다. 즉, 클라이언트의 웹 서비스 요청 시에 제 3의 사이트에서 동적으로SOAP 에이전트를 생성하여 실제 클라이언트의 웹 서비스요청을 대신 처리한다. 또한 실제 클라이언트의 하드웨어및 소프트웨어 제한 사항을 고려하여 생성된 SOAP 에이전트들을 관리한다. 웹 서비스 기반 클라이언트 에이전트 프레임워크는 이러한 클라이언트 에이전트 개념을 지원하는프레임워크로 다음과 같은 요구사항을 가진다.</p> <ul> <li>실제 클라이언트의 요청에 따라 웹 서비스를 대신 연동해주는 SOAP 에이전트를 동적으로 생성하여 웹 서비스를 제공할 수 있어야 한다. SOAP 에이전트는 웹 서비스 서버의 WSDL 파일을 참고하여 웹 서비스 정보를 분석하여 해당 웹 서비스의 클라이언트 에이전트 코드를 자동으로 생성하여야 한다.</li> <li>다양한 유형의 네트워크에 연결된 클라이언트들에게 웹서비스 에이전트 역할을 담당할 수 있어야 한다. 클라이언트 에이전트 프레임워크는 지그비, 블루투스 등의 다양한 네트워크 기술에 적용될 수 있어야 한다.</li> <li>생성된 클라이언트 에이전트들은 접속된 실제 클라이언트의 상태 정보와 함께 효율적으로 관리되어야 한다.클라이언트의 웹 서비스 요청 또는 접속 종료에 따라웹 서비스를 제공하는 SOAP 에이전트를 생성 또는 소멸하여 클라이언트 에이전트들의 소요 자원을 효율적으로 관리하여야 한다.</li></ul>",
                "context_length": 2290,
                "clue": [
                    {
                        "clue_text": "주요 벤더들의 웹 서비스 지원 플랫폼으로는 MS의 닷넷,IBM의 WebSphere 어플리케이션 서버, SUN의 SunONE,오픈 소스 기반의 gSOAP 등이 있다.",
                        "clue_start": "35",
                        "clue_end": "126"
                    },
                    {
                        "clue_text": "MS 닷넷은 XML 기반 웹 서비스 플랫폼이다. MS는 닷넷 플랫폼 위에 더 많은프로그램을 만들어 낼 수 있도록 개발 도구로 VisualStudio 2005 .NET을 제공한다.",
                        "clue_start": "127",
                        "clue_end": "226"
                    },
                    {
                        "clue_text": "주요 벤더들의 웹 서비스 지원 플랫폼으로는 MS의 닷넷,IBM의 WebSphere 어플리케이션 서버, SUN의 SunONE,오픈 소스 기반의 gSOAP 등이 있다.",
                        "clue_start": "35",
                        "clue_end": "126"
                    },
                    {
                        "clue_text": "경량화된 SOAP 툴킷 중 하나인 gSOAP은 미국 연방 정부의 지원으로 개발된 오픈 소스의 웹 서비스 개발 툴킷이며 주요 성능은 C/C + + 을 이용한 웹 서비스 구현을 간단하게 하고, 분산된 SOAP/ XML 웹 서비스 오퍼레이션에서C/C + + 오퍼레이션과 데이터 타입을 자동으로 맵핑하는 컴파일러 기술을 제공한다.",
                        "clue_start": "616",
                        "clue_end": "796"
                    }
                ],
                "terminology": [
                    {
                        "word": "API"
                    },
                    {
                        "word": "Axis"
                    },
                    {
                        "word": "C/C + +"
                    },
                    {
                        "word": "IBM"
                    },
                    {
                        "word": "JAVA"
                    },
                    {
                        "word": "MS"
                    },
                    {
                        "word": "SOAP"
                    },
                    {
                        "word": "SOAP 에이전트"
                    },
                    {
                        "word": "SUN"
                    },
                    {
                        "word": "WSDL"
                    },
                    {
                        "word": "WSDL 파일"
                    },
                    {
                        "word": "WebSphere"
                    },
                    {
                        "word": "XML"
                    },
                    {
                        "word": "XML 기반"
                    },
                    {
                        "word": "XML 웹 서비스"
                    },
                    {
                        "word": "e-비즈니스"
                    },
                    {
                        "word": "gSOAP"
                    },
                    {
                        "word": "gSOAP 플랫폼"
                    },
                    {
                        "word": "개발 도구"
                    },
                    {
                        "word": "네트워크"
                    },
                    {
                        "word": "닷넷"
                    },
                    {
                        "word": "디렉터리"
                    },
                    {
                        "word": "디멘드"
                    },
                    {
                        "word": "미들웨어"
                    },
                    {
                        "word": "벤더"
                    },
                    {
                        "word": "서버"
                    },
                    {
                        "word": "서비스 서버"
                    },
                    {
                        "word": "서비스 어플리케이션"
                    },
                    {
                        "word": "서비스 오퍼레이션"
                    },
                    {
                        "word": "서비스 정보"
                    },
                    {
                        "word": "서비스 형태"
                    },
                    {
                        "word": "소스 기반"
                    },
                    {
                        "word": "소프트웨어"
                    },
                    {
                        "word": "스크립트 언어"
                    },
                    {
                        "word": "실제 클라이언트"
                    },
                    {
                        "word": "어플리케이션"
                    },
                    {
                        "word": "오퍼레이션"
                    },
                    {
                        "word": "오픈 소스"
                    },
                    {
                        "word": "웹 서비스 서버"
                    },
                    {
                        "word": "웹 서비스 연동 클라이언트 에이전트 프레임워크"
                    },
                    {
                        "word": "웹 서비스 오퍼레이션"
                    },
                    {
                        "word": "웹서비스"
                    },
                    {
                        "word": "자바"
                    },
                    {
                        "word": "자바 기반"
                    },
                    {
                        "word": "지원 플랫폼"
                    },
                    {
                        "word": "컴파일러"
                    },
                    {
                        "word": "클라이언트 에이전트 프레임워크"
                    },
                    {
                        "word": "클러스터링"
                    },
                    {
                        "word": "툴킷"
                    },
                    {
                        "word": "트랜잭션"
                    },
                    {
                        "word": "프레임워크"
                    },
                    {
                        "word": "하드웨어"
                    },
                    {
                        "word": "하드웨어적"
                    }
                ]
            },
            {
                "context_id": "55e-0c9-merge_114998e3-6fba1b7c-c6b6-4c93-b7d5-d90f45bb5a0b_01",
                "context_K-NSCC": {
                    "field": "인공물",
                    "large_category": "EE",
                    "medium_category": "04"
                },
                "context": "<p>본 논문의 구성은 다음과 같다. 제 2 절에서는 웹 서비스와 관련 연구에 대해 설명한다. 제 3 절에서는 센서 노드와같이 제한된 자원을 갖는 클라이언트의 웹 서비스 지원을위한 클라이언트 에이전트 구조에 대해 기술한다. 제 4 절에서는 클라이언트 에이전트의 구현 및 성능평가에 대해 설명하며 마지막으로 제 5 절에서 결론을 맺는다.</p> <h2>2. 연구 배경</h2> <p>무선 센서 네트워크 기술은 온도, 습도, 산불관리, 동물생태 등의 다양한 실세계 정보를 수집할 수 있는 센서와 수집 된 정보를 처리할 수 있는 최소한의 컴퓨팅 리소스 그리고 데이터 전송을 위한 무선 네트워크 기능을 포함하고 있다. 센서 네트워크와 같은 유비쿼터스 컴퓨팅 기술이 산업 전반에 널리 사용됨에 따라 좀 더 유연한 구조로 다양한 서비스 요구가 증가하고 있다.</p> <p>일반적으로 유비쿼터스 환경에서 사용되는 센서 네트워크 노드들은<표 \\( 1>\\) 과 같이 제한된 자원을 가진다. MICA2 센서 노드의 경우, \\( 22 \\mathrm { MHz } \\) 정도의 \\( \\mathrm { CPU } , 128 \\mathrm { ~KB } \\) 플래시 메모리, 전송 속도가 낮은 저전력 근거리 무선 통신 지그비(ZigBee)를 사용한다. 일반적으로 웹 서비스를 이용하기 위해서는 클라이언트는 적어도 \\( \\mathrm { PC } \\) 급 이상의 하드웨어 리소스를 필요로 하므로 센서 노드에서는 웹 서비스의 사용이 현실적으로 불가능하다. 또한 소프트웨어적으로도<표 2>와 같이 닷넷 프레임워크, 자바 가상 머신, \\( \\mathrm { gSOAP } \\) 프레임워크 등의 소프트웨어 환경을 사용하여야 한다.<표 \\( 2>\\) 에서 알 수 있듯이, gSOAP은 다른 웹 서비스 프레임워크에 비해 상대적으로 경량 환경을 제공한다.</p> <h3>\\( 2.1 \\) 웹 서비스 기술</h3> <p>웹 서비스 기술은 플랫폼과 언어에 관계없이 표준 인터넷 프로토콜에 기반하여 응용 프로그램간의 원활한 통합 및 협력을 지원하는 분산 컴퓨팅을 지원하는 기술로 \\( \\mathrm { SOAP } ( \\) Simple Object Access Protocol), UDDI(Universal Discovery Description and Integration), WSDL(Web Services Description Language) 등의 국제 표준 기술이 있다.</p> <p>(그림 2)는 웹 서비스의 구성 요소와 이용 과정을 나타낸다. 서비스 요청자는 웹 서비스의 사용자이고 웹 서비스 제공자는 비즈니스 고객의 서버에서 실행되고 있는 프로그램인 경우가 보통이다. 서비스 요청자가 서비스를 사용하기 위해서는 서비스 제공자의 인터페이스 호출 방법을 먼저 알아야 한다. 먼저 서비스 제공자는 자신의 서비스를 사용할 수 있도록 인터페이스의 호출 방법을 설명하는 문서를 \\( \\mathrm { UDDI } \\) 저장소에 저장하여 공개한다. 이 문서는 XML로 되어 있으며 WSDL라 불린다. 문서 안에는 서비스 요청자와 서비스 제공자 양자 간에 전달되는 파라미터의 이름들, 등록된 웹 서비스가 실제 존재하는 URL 등 그 외에도 여러 가지 정보들이 기술되어 있다. 그러나 UDDI 저장소를 꼭 거쳐야만 되는 것은 아니고 서비스 제공자의 URL을 이미 알고 있다면 서비스 요청자가 바로 서비스 제공자를 호출할수도 있다. 서비스 요청자 프로그램은 서비스 중개자에 저장된 WSDL 파일을 우선 참조하여 사용하고자 하는 서비스에 대한 상세한 정보를 얻는다. 그 다음에는 서비스 제공자에게 서비스를 요청하는 SOAP 메시지를 생성하여 서비스를 받는다.</p>",
                "context_length": 1800,
                "clue": [
                    {
                        "clue_text": "센서 네트워크와 같은 유비쿼터스 컴퓨팅 기술이 산업 전반에 널리 사용됨에 따라 좀 더 유연한 구조로 다양한 서비스 요구가 증가하고 있다.",
                        "clue_start": "342",
                        "clue_end": "418"
                    },
                    {
                        "clue_text": "웹 서비스 기술은 플랫폼과 언어에 관계없이 표준 인터넷 프로토콜에 기반하여 응용 프로그램간의 원활한 통합 및 협력을 지원하는 분산 컴퓨팅을 지원하는 기술로 \\( \\mathrm { SOAP } ( \\) Simple Object Access Protocol), UDDI(Universal Discovery Description and Integration), WSDL(Web Services Description Language) 등의 국제 표준 기술이 있다.",
                        "clue_start": "940",
                        "clue_end": "1195"
                    },
                    {
                        "clue_text": "무선 센서 네트워크 기술은 온도, 습도, 산불관리, 동물생태 등의 다양한 실세계 정보를 수집할 수 있는 센서와 수집 된 정보를 처리할 수 있는 최소한의 컴퓨팅 리소스 그리고 데이터 전송을 위한 무선 네트워크 기능을 포함하고 있다.",
                        "clue_start": "213",
                        "clue_end": "341"
                    },
                    {
                        "clue_text": "(그림 2)는 웹 서비스의 구성 요소와 이용 과정을 나타낸다.",
                        "clue_start": "1203",
                        "clue_end": "1237"
                    }
                ],
                "terminology": [
                    {
                        "word": "CPU"
                    },
                    {
                        "word": "Description"
                    },
                    {
                        "word": "Discovery"
                    },
                    {
                        "word": "Protocol"
                    },
                    {
                        "word": "SOAP"
                    },
                    {
                        "word": "SOAP 메시지"
                    },
                    {
                        "word": "Simple"
                    },
                    {
                        "word": "Simple Object Access Protocol"
                    },
                    {
                        "word": "UDDI"
                    },
                    {
                        "word": "UDDI 저장소"
                    },
                    {
                        "word": "URL"
                    },
                    {
                        "word": "WSDL"
                    },
                    {
                        "word": "WSDL 파일"
                    },
                    {
                        "word": "XML"
                    },
                    {
                        "word": "경량 환경"
                    },
                    {
                        "word": "근거리 무선 통신"
                    },
                    {
                        "word": "네트워크"
                    },
                    {
                        "word": "네트워크 기능"
                    },
                    {
                        "word": "노드"
                    },
                    {
                        "word": "닷넷"
                    },
                    {
                        "word": "닷넷 프레임워크"
                    },
                    {
                        "word": "동물생태"
                    },
                    {
                        "word": "메모리"
                    },
                    {
                        "word": "무선 센서 네트워크"
                    },
                    {
                        "word": "무선 센서 네트워크 기술"
                    },
                    {
                        "word": "분산 컴퓨팅"
                    },
                    {
                        "word": "서버"
                    },
                    {
                        "word": "서비스 중개자"
                    },
                    {
                        "word": "센서"
                    },
                    {
                        "word": "센서 네트워크"
                    },
                    {
                        "word": "센서 네트워크 기술"
                    },
                    {
                        "word": "소프트웨어"
                    },
                    {
                        "word": "양자"
                    },
                    {
                        "word": "웹 서비스"
                    },
                    {
                        "word": "유비쿼터스 컴퓨팅"
                    },
                    {
                        "word": "유비쿼터스 컴퓨팅 기술"
                    },
                    {
                        "word": "유비쿼터스 환경"
                    },
                    {
                        "word": "인터넷 프로토콜"
                    },
                    {
                        "word": "인터페이스"
                    },
                    {
                        "word": "자바"
                    },
                    {
                        "word": "자바 가상 머신"
                    },
                    {
                        "word": "전송"
                    },
                    {
                        "word": "중개자"
                    },
                    {
                        "word": "지그비"
                    },
                    {
                        "word": "컴퓨팅 기술"
                    },
                    {
                        "word": "컴퓨팅 리소스"
                    },
                    {
                        "word": "클라이언트"
                    },
                    {
                        "word": "클라이언트 에이전트 구조"
                    },
                    {
                        "word": "파라미터"
                    },
                    {
                        "word": "표준 인터넷 프로토콜"
                    },
                    {
                        "word": "프레임워크"
                    },
                    {
                        "word": "플래시"
                    },
                    {
                        "word": "플래시 메모리"
                    },
                    {
                        "word": "하드웨어"
                    },
                    {
                        "word": "하드웨어 리소스"
                    }
                ]
            }
        ]
    }
}