{
    "dataset_info": {
        "identifier": "02-031-002-NL",
        "name": "기술과학 문서 요약 데이터",
        "category": "자연어",
        "last_updated": "2023-08-30"
    },
    "dataset": {
        "doc_id": "114998e3-072473e0-994a-47e0-86fe-581e5b5dafbc",
        "doc_type": "논문",
        "doc_title": {
            "kor": "디지털 포렌식 관점에서의 아이나비 내비게이션 사용정보 분석",
            "eng": ""
        },
        "doc_category": {
            "KDC": "413.05",
            "DDC": ""
        },
        "doc_number": {
            "ISSN": "2287-5891",
            "ISBN": "",
            "DOI": "",
            "UCI": ""
        },
        "doc_year": "2010",
        "doc_author": [
            "최용석",
            "서기민",
            "임경수",
            "이상진"
        ],
        "doc_publisher": "한국정보처리학회",
        "doc_license": "CC BY-NC",
        "context_info": [
            {
                "context_id": "55e-0c9-merge_ee_114998e3-072473e0-994a-47e0-86fe-581e5b5dafbc_01",
                "context_K-NSCC": {
                    "field": "인공물",
                    "large_category": "EE",
                    "medium_category": "05"
                },
                "context": "<p>현재 국외에서는 TomTom, MAGELLAN과 같은 특정 내비게이션에 관한 연구가 진행중이다.[11-13] 반면 국내의 경우 제조사 별로 다양한 소프트웨어가 존재하기 때문에 분석의 어려움이 존재하며 사용자 정보 데이터를 디지털 포렌식 관점에서 접근한 연구는 거의 없는 상태이다. 현재 국내에서 내비게이션 소프트웨어를 제조 생산하는 업체가 100개가 넘지만 내비게이션 소프트웨어는 맵피(엠엔소프트)와 아이나비(팅크웨어)가 상당수를 차지하고 있다.[10, 16] 또한 두 업체 모두 국내 뿐 아니라 유럽 및 아시아 시장에도 진출하였기 때문에 아이나비나 맵피를 통해 저장되는 사용자 정보를 분석하면 한국뿐만 아니라 다양한 지역에서의 내비게이션에 대해 디지털 포렌식 분석하는데 있어 도움을 줄 수 있다.</p> <p>기존에 발표한 논문에서는 맵피의 사용자 정보 파일에 대해 중점적으로 분석하였다.[1, 2] 따라서 본 논문에서는 내비게이션 소프트웨어 중 많이 사용되고 있는 아이나비(아이나비 SE 2.0) 에서 지원하는 다양한 기능 중에서도 최근 검색 지역 및 경로 정보, 궤적 관리 등의 기능을 통해 남겨지는 사용자의 위치정보를 디지털 포렌식 관점에서 중점적으로 분석한다.</p> <h1>2. 차량항법장치(Car Navigation System, 내비게이션)</h1> <h3>\\( 2.1 \\) 배경지식</h3> <p>내비게이션(Car Navigation System, 차량항법장치)은 현재 위치로부터 목적지까지의 거리 및 교통 상황을 고려하여 선택한 최적의 경로를 안내하는 도로 및 교통정보 제공 시스템이다. 내비게이션은 위성항법시스템의 전파를 받아 현재 위치를 계산하기 위한 수신기(GPS 안테나), 도로 및 경로 정보를 제공하기 위한 전자지도, 도로와 교통 상황을 고려하여 최적 경로를 계산하고 안내하는 소프트웨어, 경로 정보를 화면에 보여주기 위한 정보 단말 및 저장정치 등으로 구성된다.[6]</p> <p>내비게이션은 차량내의 단말기에 전자지도, \\( \\mathrm { GPS } \\), 항법소프트웨어 등의 기술이 적용돼 전자지도상에 운전자의 현재 위치 및 필요시 목적지까지의 최단경로 및 최적경로를 음성으로 안내 받을 수 있을 뿐 아니라 실시간 교통정보를 수신해 쾌적한 운전환경을 제공한다[1].</p> <p>현재 많이 사용되고 있는 내비게이션은 (그림 1)와 같이 소프트웨어와 하드웨어 부분으로 나눌 수 있다. 하드웨어는 내비게이션을 작동하고 맵과 경로를 사용자에게 제공하기 위한 부분이다.</p> <p>초기 내비게이션은 대부분 차량에 장착되어 출시되었으며 맵 데이터는 \\( \\mathrm { CD } \\) 에 저장하고 사용자 정보는 내부 저장매체를 이용하였다. 하지만 현재 내비게이션은 시스템 운영 및 업그레이드의 편리를 위해 관리 소프트웨어와 사용자의 내비게이션 이용정보를 외부저장매체인 \\( \\mathrm { SD } \\) card에 저장해 놓는다. 따라서 본 논문에서는 특정 소프트웨어를 선택하고 그 소프트웨어에 의해 생성되는 사용자 정보 파일이 저장되어 있는 SD card를 주요 분석 대상으로 선택하였다.[1]</p>",
                "context_length": 1534,
                "clue": [
                    {
                        "clue_text": "현재 국내에서 내비게이션 소프트웨어를 제조 생산하는 업체가 100개가 넘지만 내비게이션 소프트웨어는 맵피(엠엔소프트)와 아이나비(팅크웨어)가 상당수를 차지하고 있다.",
                        "clue_start": "160",
                        "clue_end": "252"
                    },
                    {
                        "clue_text": "또한 두 업체 모두 국내 뿐 아니라 유럽 및 아시아 시장에도 진출하였기 때문에 아이나비나 맵피를 통해 저장되는 사용자 정보를 분석하면 한국뿐만 아니라 다양한 지역에서의 내비게이션에 대해 디지털 포렌식 분석하는데 있어 도움을 줄 수 있다.",
                        "clue_start": "261",
                        "clue_end": "393"
                    },
                    {
                        "clue_text": "따라서 본 논문에서는 내비게이션 소프트웨어 중 많이 사용되고 있는 아이나비(아이나비 SE 2.0) 에서 지원하는 다양한 기능 중에서도 최근 검색 지역 및 경로 정보, 궤적 관리 등의 기능을 통해 남겨지는 사용자의 위치정보를 디지털 포렌식 관점에서 중점적으로 분석한다.",
                        "clue_start": "452",
                        "clue_end": "601"
                    }
                ],
                "terminology": [
                    {
                        "word": "CD"
                    },
                    {
                        "word": "GPS"
                    },
                    {
                        "word": "Navigation"
                    },
                    {
                        "word": "SD"
                    },
                    {
                        "word": "SD card"
                    },
                    {
                        "word": "SE"
                    },
                    {
                        "word": "card"
                    },
                    {
                        "word": "내비게이션"
                    },
                    {
                        "word": "디지털 포렌식"
                    },
                    {
                        "word": "맵 데이터"
                    },
                    {
                        "word": "소프트웨어"
                    },
                    {
                        "word": "수신기"
                    },
                    {
                        "word": "수신기(GPS 안테나)"
                    },
                    {
                        "word": "위성항법시스템"
                    },
                    {
                        "word": "차량항법장치"
                    },
                    {
                        "word": "포렌식"
                    },
                    {
                        "word": "포렌식 관점"
                    },
                    {
                        "word": "하드웨어"
                    },
                    {
                        "word": "항법소프트웨어"
                    }
                ]
            },
            {
                "context_id": "55e-0c9-merge_ee_114998e3-072473e0-994a-47e0-86fe-581e5b5dafbc_03",
                "context_K-NSCC": {
                    "field": "인공물",
                    "large_category": "EE",
                    "medium_category": "05"
                },
                "context": "<h3>2.2 국내동향</h3> <p>'2008 CES(The International Consumer Electronics Show)'에서 41년 CES역사상 처음으로 자동차 내장기술(In Vehicle Technology) 전시장이 별도 구성되었을 정도로 미국가전협회(CEA)는 2008년 디지털가전에서의 주요 산업 중 하나이다.</p> <p>현재 내비게이션 시장은 일본, 유럽과 북미의 3대 시장을 형성하고 있는데 일본의 자동차 내비게이션 사용량은 \\( 60 \\% \\)에 달하고 유럽과 미국은 \\( 25 \\% \\) 에 달하고 있다[7]. 시장 조사 업체 캐너리스(Canalys)에 의하면 2007년 4월부터 6월까지 3개월 동안 전 세계적으로 740 만 개의 내비게이션이 출하됐는데, 이는 2006년 같은 기간에 비해 \\( 116 \\% \\) 성장한 수치이며, 이 중 미국은 \\( 300 \\% \\) 로 가장 큰 성장률을 보였다. 또 다른 조사업체 아이서플라이(iSuppli)는 내비게이션의 치솟는 인기에 힘입어 전체 내비게이션의 출하량이 2012 년에는 총 6,510 만 개까지 증가될 것이라고 예측하고 있다[9].</p> <p>국내 내비게이션 시장은 1997년에 \\( \\mathrm { GPS } \\) 를 활용한 내비게이션이 도입된 이후에 내비게이션이 옵션으로 장착돼 나오는 고급 차종이 늘어나면서 이른바 비포시장(Before Market)을 중심으로 형성되었다. 하지만 시장의 성장 한계와 고가의 내비게이션 가격 때문에 초기에는 많이 사용하지 않았으나 2003 2004년을 기점으로 50만원 대 이하의 제품들이 본격적으로 출시되면서 기존 차량에 별도로 내비게이션을 구입하여 설치하는 애프터시장(After Market)이 활성화되기 시작했다.</p> <p>애프터시장이 활성화되면서 국내 내비게이션 판매량은 2004년 20 만대에서 2005년 60 만대, 2006년 120 만대, 2007년 145 만대, 2008년 140 만대에 이르게 되었으며 내비게이션 장착 누적치는 비포시장까지 포함해 2008년 기준 약 500만 대 이상으로 이는 국토해양부가 발표한 지난해 자동차 누적보급대수 약 1,680 만 대의 \\( 28.28 \\% \\) 에 해당한다.[5]</p> <p>국내 내비게이션 중 팅크웨어에서 개발한 아이나비는 2000년 PDA용 내비게이션 소프트웨어로 개발되었다. 이후 동일 브랜드로 하드웨어를 동시에 제작하여 판매하고 있으며 내비게이션 하드웨어 부문에서는 약 \\( 21 \\% \\) 로 1 위를 점유하고 있다. 따라서 아이나비의 사용자 정보 파일을 우선적으로 분석하면 범죄수사에 많이 활용될 수 있을 것이다.</p> <h1>3. 아이나비 내비게이션 사용 정보 분석</h1> <h3>3.1 환경구성</h3> <p>아이나비 ES200의 저장 매체는 \\( 2 \\mathrm { ~GB } \\) 의 SD card이며 아이나비 SE v2.0의 실행파일, 맵 데이터, 사용 정보 등을 담고 있다. 실제 주행을 통해 축적된 사용자 관련 정보를 SD card로부터 이미지를 획득하였으며 포렌식 분석도구인 EnCase 6.13을 이용하여 이미지를 분석하였다.</p>",
                "context_length": 1545,
                "clue": [
                    {
                        "clue_text": "하지만 시장의 성장 한계와 고가의 내비게이션 가격 때문에 초기에는 많이 사용하지 않았으나 2003 2004년을 기점으로 50만원 대 이하의 제품들이 본격적으로 출시되면서 기존 차량에 별도로 내비게이션을 구입하여 설치하는 애프터시장(After Market)이 활성화되기 시작했다.",
                        "clue_start": "711",
                        "clue_end": "866"
                    },
                    {
                        "clue_text": "애프터시장이 활성화되면서 국내 내비게이션 판매량은 2004년 20 만대에서 2005년 60 만대, 2006년 120 만대, 2007년 145 만대, 2008년 140 만대에 이르게 되었으며 내비게이션 장착 누적치는 비포시장까지 포함해 2008년 기준 약 500만 대 이상으로 이는 국토해양부가 발표한 지난해 자동차 누적보급대수 약 1,680 만 대의 \\( 28.28 \\% \\) 에 해당한다.",
                        "clue_start": "874",
                        "clue_end": "1092"
                    },
                    {
                        "clue_text": "국내 내비게이션 중 팅크웨어에서 개발한 아이나비는 2000년 PDA용 내비게이션 소프트웨어로 개발되었다.",
                        "clue_start": "1103",
                        "clue_end": "1161"
                    },
                    {
                        "clue_text": "이후 동일 브랜드로 하드웨어를 동시에 제작하여 판매하고 있으며 내비게이션 하드웨어 부문에서는 약 \\( 21 \\% \\) 로 1 위를 점유하고 있다.",
                        "clue_start": "1162",
                        "clue_end": "1243"
                    },
                    {
                        "clue_text": "따라서 아이나비의 사용자 정보 파일을 우선적으로 분석하면 범죄수사에 많이 활용될 수 있을 것이다.",
                        "clue_start": "1244",
                        "clue_end": "1298"
                    }
                ],
                "terminology": [
                    {
                        "word": "CES"
                    },
                    {
                        "word": "EnCase"
                    },
                    {
                        "word": "SD"
                    },
                    {
                        "word": "SD card"
                    },
                    {
                        "word": "SE"
                    },
                    {
                        "word": "Vehicle"
                    },
                    {
                        "word": "card"
                    },
                    {
                        "word": "맵 데이터"
                    },
                    {
                        "word": "미국가전협회(CEA)"
                    },
                    {
                        "word": "비포시장(Before Market)"
                    },
                    {
                        "word": "소프트웨어"
                    },
                    {
                        "word": "아이서플라이(iSuppli)"
                    },
                    {
                        "word": "포렌식"
                    },
                    {
                        "word": "하드웨어"
                    },
                    {
                        "word": "활성화"
                    }
                ]
            },
            {
                "context_id": "55e-0c9-merge_ee_114998e3-072473e0-994a-47e0-86fe-581e5b5dafbc_07",
                "context_K-NSCC": {
                    "field": "인공물",
                    "large_category": "EE",
                    "medium_category": "05"
                },
                "context": "<p>이러한 'I-CODE'는 두 지점간의 경로정보를 저장하고 있는 'inr' 파일이나 사용자가 지나온 궤적정보를 저장하고 있는 'locuspos.bin'파일, 내비게이션 최종위치를 저장하고 있는 'GpsPosition.bin'파일 등을 분석하는데 도움이 된다. 또한 아이나비 저장 매체의 이미지 파일만 획득한 경우 또는 획득한 파일의 데이터가 손실되어 아이나비에서 파일을 읽지 못하는 경우 'I-CODE'의 정보를 추출한다면 아이나비나 또는 'I-CODE'를 지원하는 지도서비스에서 지도상의 좌표를 확인할 수 있으며 이 정보를 토대로 사용자가 지나온 경로를 추정할 수 있다.</p> <p>3.5.3 사용자 정보 파일 분석</p> <p>3.5.3.1 GpsPosition 파일</p> <p>'GpsPosition.bin'파일에는 아이나비 내비게이션이 종료되는 시점의 위치정보가 저장되어 있다. 이 파일은 (그림 8)과 같이 24바이트 크기이며 8바이트 크기의 최종 위치좌표 값이 연속적으로 두 번 저장되어 있는 것을 확인할 수 있다.</p> <p>이 정보는 내비게이션이 동작 중에 최종 위치좌표 값을 나타내기 때문에 이 파일의 최종 수정시간을 확인하면 해당 시간에 사용자가 어디에 있었는지를 확인할 수 있다.</p> <p>3.5.3.2 Locuspos 파일</p> <p>'Locuspos.bin' 파일은 차량의 이동경로 정보를 가지고 있다. (그림 9)와 같이 처음 10 바이트는 이전에 획득한 데이터 셋과 동일한 값을 가지고 있으며 33번째 오프셋부터 8 바이트씩 좌표 값이 저장된다. 이 파일의 크기는 16032 바이트이다. 여기서 헤더 부분의 32 바이트를 제외한 16000 바이트가 내비게이션의 이동 경로 정보이며 2000개의 좌표 값이 저장된다.</p> <p>이 파일의 데이터는 실제 차량의 이동 경로를 보여 줌으로서 사용자의 행적을 파악하는데 중요한 정보를 제공한다. 또한 이 파일의 경로 정보와 함께 최종 수정시간을 확인하면 'GpsPosition.bin'보다 상세한 정보를 획득할 수 있다.</p> <p>3.5.3.3 Recentgoal 파일</p> <p>'Recentgoal.bin'파일의 정보는 사용자가 특정 지점을 목적지로 설정하기 위해 검색한 단어들의 집합이다. 이 정보를 통해 사용자가 최근에 방문한 지역을 확인할 수 있다. 이 파일에는 최대 20개의 정보가 저장되며 (그림 10)과 같이 8바이트의 좌표 값과 목적지명이 저장되어 있다.</p> <p>3.5.3.4 UserPoint 파일</p> <p>'UserPoint.bin'파일에는 사용자의 집이나 자주 가는 곳 등의 정보가 저장되어 있다. 이 파일의 정보를 통해 사용자의 주 생활반경을 추정할 수 있다.</p> <p>(그림 11)과 같이 처음 5바이트는 이 파일의 헤더 시그니처이다. 8번째 오프셋의 2바이트는 현재 이 파일에 저장되어 있는 자료의 개수를 의미한다. 12번째 오프셋은 이 파일에 저장된 순서를 나타낸다. 그 다음 사용자가 지정한 지점의 이름과 지점의 행정구역 그리고 '아이코드' 정보가 저장되어 있다.</p>",
                "context_length": 1513,
                "clue": [
                    {
                        "clue_text": "또한 아이나비 저장 매체의 이미지 파일만 획득한 경우 또는 획득한 파일의 데이터가 손실되어 아이나비에서 파일을 읽지 못하는 경우 'I-CODE'의 정보를 추출한다면 아이나비나 또는 'I-CODE'를 지원하는 지도서비스에서 지도상의 좌표를 확인할 수 있으며 이 정보를 토대로 사용자가 지나온 경로를 추정할 수 있다.",
                        "clue_start": "147",
                        "clue_end": "322"
                    },
                    {
                        "clue_text": "이러한 'I-CODE'는 두 지점간의 경로정보를 저장하고 있는 'inr' 파일이나 사용자가 지나온 궤적정보를 저장하고 있는 'locuspos.bin'파일, 내비게이션 최종위치를 저장하고 있는 'GpsPosition.bin'파일 등을 분석하는데 도움이 된다. 또한 아이나비 저장 매체의 이미지 파일만 획득한 경우 또는 획득한 파일의 데이터가 손실되어 아이나비에서 파일을 읽지 못하는 경우 'I-CODE'의 정보를 추출한다면 아이나비나 또는 'I-CODE'를 지원하는 지도서비스에서 지도상의 좌표를 확인할 수 있으며 이 정보를 토대로 사용자가 지나온 경로를 추정할 수 있다.",
                        "clue_start": "3",
                        "clue_end": "322"
                    },
                    {
                        "clue_text": "Recentgoal.bin'파일의 정보는 사용자가 특정 지점을 목적지로 설정하기 위해 검색한 단어들의 집합이다. 이 정보를 통해 사용자가 최근에 방문한 지역을 확인할 수 있다.",
                        "clue_start": "1048",
                        "clue_end": "1146"
                    },
                    {
                        "clue_text": "'Recentgoal.bin'파일의 정보는 사용자가 특정 지점을 목적지로 설정하기 위해 검색한 단어들의 집합이다. 이 정보를 통해 사용자가 최근에 방문한 지역을 확인할 수 있다.",
                        "clue_start": "1047",
                        "clue_end": "1146"
                    },
                    {
                        "clue_text": "'UserPoint.bin'파일에는 사용자의 집이나 자주 가는 곳 등의 정보가 저장되어 있다. 이 파일의 정보를 통해 사용자의 주 생활반경을 추정할 수 있다.",
                        "clue_start": "1245",
                        "clue_end": "1333"
                    }
                ],
                "terminology": [
                    {
                        "word": "GpsPosition 파일"
                    },
                    {
                        "word": "I-CODE"
                    },
                    {
                        "word": "Locuspos 파일"
                    },
                    {
                        "word": "Recentgoal 파일"
                    },
                    {
                        "word": "UserPoint 파일"
                    },
                    {
                        "word": "궤적정보"
                    },
                    {
                        "word": "바이트"
                    },
                    {
                        "word": "아이나비"
                    },
                    {
                        "word": "오프셋"
                    },
                    {
                        "word": "위치좌표"
                    },
                    {
                        "word": "좌표 값"
                    },
                    {
                        "word": "헤더"
                    },
                    {
                        "word": "헤더 시그니처"
                    }
                ]
            },
            {
                "context_id": "55e-0c9-merge_ee_114998e3-072473e0-994a-47e0-86fe-581e5b5dafbc_00",
                "context_K-NSCC": {
                    "field": "인공물",
                    "large_category": "EE",
                    "medium_category": "05"
                },
                "context": "<h1>1. 서 론</h1> <p>최근 주 5일제 근무의 시행에 따라 여가 생활의 관심이 증가하고, 임베디드 시스템 기술이 발전함에 따라 텔레메틱스 기술이 보편화되고 있다. 특히 자동차에 GPS 내비게이션 시스템을 별도로 구매하여 설치하는 운전자가 크게 증가 하고 있다. 이러한 GPS 내비게이션 시스템은 운전자의 신속하고 편리한 사용을 위해 자주 가는 장소, 경로 등의 사용자 정보를 내부적으로 저장하고 있다. 이러한 정보를 분석하면 특정 차량의 위치 추적해야 하는 경우 기존의 CCTV만을 이용하는 경우 보다 효율적으로 추적 가능하다. 이처럼 내비게이션 소프트웨어의 사용자 정보 데이터를 통해 수집된 증거는 수사에 있어 다양한 경우에 활용될 수 있다. 저장매체에 기록된 파일의 시간정보를 통해 사용자의 알리바이를 입증하는데 이용할 수 있으며 용의자에게 획득한 차량과 내비게이션으로 부터 사용자의 이동경로 및 최근 도착지를 통해 사건과 관련된 장소나 수색의 범위를 한정할 수 있다[2]. 또한 사용자가 등록한 자주 가는 지점을 통해 저장된 집이나 회사의 주소를 확인하여 차량의 실제 소유주와의 관계를 확인할 수 있다.</p> <p>다음은 내비게이션에서 지원하는 기능을 사용함으로서 생성되는 정보 중 디지털 포렌식 수사에 유용한 정보를 분류한 것이다.</p> <ul> <li>이동정도</li> <p>경유구간, 경로설정 등의 기능을 사용하게 되면 특정 출발지에서 목적지까지의 최근 경로 정보가 저장되는데 이 정보에 대한 분석을 통해서 차량의 이동 경로 및 용의자의 이동 패턴 등을 파악할 수 있다. 또한 궤적관리를 통해 사용자의 최근 이동 정보를 자세히 파악할 수 있다.</p> <li>행동패턴</li> <p>최근 목적지 목록, 검색 목록 등의 정보를 통해 용의자가 주로 가는 장소, 행동반경 등을 파악하여 용의자의 행적을 추적할 수 있다. 또한 '등록 지점' 기능을 제공하는데 이 기능은 실제 차량 소유주가 자신과 밀접한 관계가 있는 집이나 회사 등의 위치 정보를 저장하고 경로 탐색 시 목적지를 쉽게 찾을 수 있게 해주는 기능이다. 이 기능을 통해 용의자의 집이나 회사 등과 같이 밀접한 관계가 있는 주소를 확인할 수 있다.</p> <li>시간정보</li> <p>사용자가 내비게이션을 사용하면 파일이 생성 및 수정되는데 이때 파일의 접근, 생성, 수정시간이 남게 된다. 이때 내비게이션으로부터 획득한 파일의 시간 정보를 분석하면 사건 발생 시간대에 차량의 이동 경로나 방문 장소에 대한 정보를 알 수 있어 용의자의 알리바이를 검증하는데 사용할 수 있다.</p></ul>",
                "context_length": 1271,
                "clue": [
                    {
                        "clue_text": "최근 주 5일제 근무의 시행에 따라 여가 생활의 관심이 증가하고, 임베디드 시스템 기술이 발전함에 따라 텔레메틱스 기술이 보편화되고 있다.",
                        "clue_start": "19",
                        "clue_end": "96"
                    },
                    {
                        "clue_text": "이러한 GPS 내비게이션 시스템은 운전자의 신속하고 편리한 사용을 위해 자주 가는 장소, 경로 등의 사용자 정보를 내부적으로 저장하고 있다. 이러한 정보를 분석하면 특정 차량의 위치 추적해야 하는 경우 기존의 CCTV만을 이용하는 경우 보다 효율적으로 추적 가능하다.",
                        "clue_start": "152",
                        "clue_end": "301"
                    },
                    {
                        "clue_text": "이처럼 내비게이션 소프트웨어의 사용자 정보 데이터를 통해 수집된 증거는 수사에 있어 다양한 경우에 활용될 수 있다. 저장매체에 기록된 파일의 시간정보를 통해 사용자의 알리바이를 입증하는데 이용할 수 있으며 용의자에게 획득한 차량과 내비게이션으로 부터 사용자의 이동경로 및 최근 도착지를 통해 사건과 관련된 장소나 수색의 범위를 한정할 수 있다[2].",
                        "clue_start": "302",
                        "clue_end": "497"
                    },
                    {
                        "clue_text": "저장매체에 기록된 파일의 시간정보를 통해 사용자의 알리바이를 입증하는데 이용할 수 있으며 용의자에게 획득한 차량과 내비게이션으로 부터 사용자의 이동경로 및 최근 도착지를 통해 사건과 관련된 장소나 수색의 범위를 한정할 수 있다[2].",
                        "clue_start": "367",
                        "clue_end": "497"
                    },
                    {
                        "clue_text": "사용자가 등록한 자주 가는 지점을 통해 저장된 집이나 회사의 주소를 확인하여 차량의 실제 소유주와의 관계를 확인할 수 있다.",
                        "clue_start": "501",
                        "clue_end": "570"
                    }
                ],
                "terminology": [
                    {
                        "word": "GPS"
                    },
                    {
                        "word": "궤적관리"
                    },
                    {
                        "word": "디지털 포렌식"
                    },
                    {
                        "word": "디지털 포렌식 수사"
                    },
                    {
                        "word": "소프트웨어"
                    },
                    {
                        "word": "임베디드 시스템"
                    },
                    {
                        "word": "임베디드 시스템 기술"
                    },
                    {
                        "word": "저장매체"
                    },
                    {
                        "word": "텔레메틱스"
                    },
                    {
                        "word": "포렌식"
                    }
                ]
            },
            {
                "context_id": "55e-0c9-merge_ee_114998e3-072473e0-994a-47e0-86fe-581e5b5dafbc_06",
                "context_K-NSCC": {
                    "field": "인공물",
                    "large_category": "EE",
                    "medium_category": "05"
                },
                "context": "<p>아이나비SE는 'iNaviData'라는 단일 폴더 안에 사용자 정보와 관련된 모든 파일이 저장되어 있다. 표에 있는 파일은 사용자가 내비게이션을 사용하면서 생성하거나 수정된 파일이므로 이 파일을 중점적으로 분석해야한다.</p> <h3>3.5 데이터 획득 및 분석</h3> <p>3.5 .1 문자 표현 방식</p> <p>아이나비 SE 는 문자열이 (그림 3)과 같이 유니코드로 저장되는 것을 확인할 수 있다.</p> <p>위와 같이 저장된 데이터의 문자타입을 사전에 확인하면 내비게이션 저장매체에서 추출한 이미지에서 특정 문자열 검색을 효율적으로 할 수 있다.</p> <p>3.5 .2 아이나비 좌표 값 분석</p> <p>내비게이션이 GPS 수신기에서 좌표를 받아 현재 사용자의 위치를 맵 데이터에 표시한다. 맵피의 맵코드, 아이나비의 아이코드와 같이 각각의 내비게이션 맵에 경로 및 위치를 표시하거나 좌표 정보를 파일에 저장할 때 각 제조사의 내비게이션은 자체적인 인코딩된 GPS 좌표값을 이용한다.</p> <p>아이나비 내비게이션에서 맵의 특정 지점은 (그림 4)와 같이 \\( \\mathrm { x } \\) 축(0 99999)과 \\( \\mathrm { y } \\) 축(0 99999)의 좌표 값을 가지고 있다.</p> <p>그리고 아이나비에서 이 좌표 값을 (그림 5)과 같이 'I-CODE'라는 값으로 표기한다.</p> <p>'I-CODE'는 10자리의 숫자로 표시되며 (그림 5)에서 실선으로 표시된 값이 (그림 4)에서의 \\( \\mathrm { x } \\) 축을 점선으로 표시된 값이 \\( \\mathrm { y } \\) 축을 나타낸다. X1의 자리에 있는 3 부터 X5 자리에 있는 8까지 순서대로 나열하면 'I-CODE'의 x축 좌표 값인 36218 이 되며 동일한 방법으로 \\( \\mathrm { y } \\) 축 좌표 값은 ‘67044'가 된다. 그리고 이 값들이 파일에 저장될 때에는 (그림 6)의 체크된 부분과 같이 \\( \\mathrm { x } \\) 축 좌표 값 4 바이트(0x4BF8 0200)와 \\( \\mathrm { y } \\) 축 좌표 값 4 바이트(0x183F 0800)가 리틀 엔디언 형식으로 저장된다.</p> <p>파일에 저장된 (그림 6)의 좌표 값을<표 4>의 수식에 넣고 계산하면 \\( \\mathrm { x } , \\mathrm { y } \\) 축의 값이 나오고 이 값을 (그림 4)과 같이 나열하면 아이나비 내비게이션에서 확인 가능한 'I-CODE' 값이 나온다. 이렇게 나온 'I-CODE'은 웹에서 맵토피아라는 서비스를 이용하여 쉽게 확인할 수 있다.[17] (그림 7)은 위에서 나온 'I-CODE' 값을 이용하여 맵토피아에서 검색한 위치이다.</p>",
                "context_length": 1342,
                "clue": [
                    {
                        "clue_text": "아이나비SE는 'iNaviData'라는 단일 폴더 안에 사용자 정보와 관련된 모든 파일이 저장되어 있다.",
                        "clue_start": "3",
                        "clue_end": "61"
                    },
                    {
                        "clue_text": "아이나비 SE 는 문자열이 (그림 3)과 같이 유니코드로 저장되는 것을 확인할 수 있다.",
                        "clue_start": "181",
                        "clue_end": "230"
                    },
                    {
                        "clue_text": "위와 같이 저장된 데이터의 문자타입을 사전에 확인하면 내비게이션 저장매체에서 추출한 이미지에서 특정 문자열 검색을 효율적으로 할 수 있다.",
                        "clue_start": "238",
                        "clue_end": "315"
                    },
                    {
                        "clue_text": "내비게이션이 GPS 수신기에서 좌표를 받아 현재 사용자의 위치를 맵 데이터에 표시한다.",
                        "clue_start": "350",
                        "clue_end": "398"
                    },
                    {
                        "clue_text": "맵피의 맵코드, 아이나비의 아이코드와 같이 각각의 내비게이션 맵에 경로 및 위치를 표시하거나 좌표 정보를 파일에 저장할 때 각 제조사의 내비게이션은 자체적인 인코딩된 GPS 좌표값을 이용한다.",
                        "clue_start": "399",
                        "clue_end": "506"
                    }
                ],
                "terminology": [
                    {
                        "word": "GPS"
                    },
                    {
                        "word": "GPS 수신기"
                    },
                    {
                        "word": "SE"
                    },
                    {
                        "word": "리틀 엔디언 형식"
                    },
                    {
                        "word": "맵 데이터"
                    },
                    {
                        "word": "맵코드"
                    },
                    {
                        "word": "맵피"
                    },
                    {
                        "word": "수신기"
                    },
                    {
                        "word": "아이나비"
                    },
                    {
                        "word": "아이코드"
                    },
                    {
                        "word": "유니코드"
                    },
                    {
                        "word": "인코딩"
                    },
                    {
                        "word": "저장매체"
                    }
                ]
            },
            {
                "context_id": "55e-0c9-merge_ee_114998e3-072473e0-994a-47e0-86fe-581e5b5dafbc_08",
                "context_K-NSCC": {
                    "field": "인공물",
                    "large_category": "EE",
                    "medium_category": "05"
                },
                "context": "<p>3.5.3.5 Routetbl 파일</p> <p>'Routetbl.bin'파일에는 가장 최근에 설정된 경로 정보가 저장되어 있다. 이 파일은 사용자가 경로 설정 시 생성되며 경로 찾기가 종료되면 자동적으로 삭제된다. 삭제가 되더라도 간혹 일부분 복구가 가능하다. 이 정보를 통해 사용자가 맨 마지막으로 이동한 경로를 파악할 수 있다.</p> <p>(그림 12)와 같이 파일의 3번째 오프셋부터 5바이트는 다른 테스트 이미지의 Routetbl 파일에도 동일한 값을 가지고 있다. 이 값을 이용하여 삭제된 Routetbl 파일을 복구하는데 이용한다. 그 다음 경로의 시작 지점과 목적지점이 저장되어 있다.</p> <p>확장자가 'inr'인 파일은 현재 설정된 경로를 저장한 파일로 현재 생성되어 있는 'Routetbl.bin'의 데이터를 저장한 파일이다. 파일의 구조는 'Routetbl.bin' 파일과 동일한 구조로 구성되어 있다.</p> <p>3.6 삭제된 파일 추출 및 분석</p> <p>일반적으로 라이브 데이터뿐만 아니라 포렌식 도구를 사용하여 비 할당 영역이나 파일의 슬랙 부분에서 추출해낼 수 있는 정보는 상당히 많다.[3] 내비게이션에도 사용자 정보가 저장되어 있는 파일을 소프트웨어가 삭제를 하였어도 저장매체인 SD card에는 삭제된 데이터가 남아있게 된다. 본 논문에서는 위와 같이 삭제된 데이터를 EnCase 및 Hex Workshop을 이용하여 확인하였다.</p> <p>3.6.1 Locuspos 파일</p> <p>위에서 설명한 바와 같이 Locuspos 파일은 차량의 이동 경로 정보를 가지고 있다. (그림 14), (그림 15)는 주행후 Locuspos 파일의 변화를 보여준다. 두 그림에서 상단에 있는 바이너리는 주행전에 추출한 Locuspos 파일이며 하단은 약간의 주행 후 추출한 Locuspos 파일이다.</p> <p>(그림 14)에서는 주행 후 33번째 오프셋부터 8바이트 세 개의 좌표 값이 삭제된 것을 확인할 수 있다. (그림 15)에서는 주행 후 세 개의 좌표 값이 추가된 것을 확인할 수 있다.</p> <p>주행 전후의 저장매체 이미지 비교 분석 결과 Locuspos 파일의 크기는 16,032 바이트로 항상 고정이고 주행 후 저장매체에서 Locuspos 파일의 위치 주소가 바뀌는 것을 확인하였다.</p> <p>이번에는 비할당 영역에 존재하는 Locuspos 파일을 추출하기 위해 이미지에서 비할당영역만을 추출하여 Locuspos 파일의 헤더 시그니처를 검색하였다.</p> <p>그 다음 검색된 시그니처 주소를 기반으로 각각 16,032바이트 씩 추출하여 파일로 만들고 상호 대조작업을 통해 최대한 동일한 정보를 가지고 있는 Locuspos 파일별로 (그림 17)과 같이 결합을 시켰다. 위에서 언급한 바와 같이 Locuspos 파일은 32 바이트 헤더를 제외한 16,000 바이트에 2000 개의 좌표 정보를 가지고 있지만 (그림 17)과 같은 작업을 통해 2000 개 이상의 좌표정보를 획득할 수 있다.</p>",
                "context_length": 1488,
                "clue": [
                    {
                        "clue_text": "'Routetbl.bin'파일에는 가장 최근에 설정된 경로 정보가 저장되어 있다.",
                        "clue_start": "30",
                        "clue_end": "75"
                    },
                    {
                        "clue_text": "확장자가 'inr'인 파일은 현재 설정된 경로를 저장한 파일로 현재 생성되어 있는 'Routetbl.bin'의 데이터를 저장한 파일이다.",
                        "clue_start": "347",
                        "clue_end": "423"
                    },
                    {
                        "clue_text": "본 논문에서는 위와 같이 삭제된 데이터를 EnCase 및 Hex Workshop을 이용하여 확인하였다.",
                        "clue_start": "659",
                        "clue_end": "716"
                    },
                    {
                        "clue_text": "위에서 언급한 바와 같이 Locuspos 파일은 32 바이트 헤더를 제외한 16,000 바이트에 2000 개의 좌표 정보를 가지고 있지만 (그림 17)과 같은 작업을 통해 2000 개 이상의 좌표정보를 획득할 수 있다.",
                        "clue_start": "1362",
                        "clue_end": "1484"
                    }
                ],
                "terminology": [
                    {
                        "word": "EnCase"
                    },
                    {
                        "word": "Locuspos 파일"
                    },
                    {
                        "word": "SD"
                    },
                    {
                        "word": "SD card"
                    },
                    {
                        "word": "card"
                    },
                    {
                        "word": "목적지점"
                    },
                    {
                        "word": "바이너리"
                    },
                    {
                        "word": "비할당"
                    },
                    {
                        "word": "비할당 영역"
                    },
                    {
                        "word": "소프트웨어"
                    },
                    {
                        "word": "슬랙 부분"
                    },
                    {
                        "word": "시그니처 주소"
                    },
                    {
                        "word": "포렌식 도구"
                    },
                    {
                        "word": "헤더"
                    },
                    {
                        "word": "헤더 시그니처"
                    },
                    {
                        "word": "확장자"
                    }
                ]
            }
        ]
    }
}