{
    "dataset_info": {
        "identifier": "02-031-002-NL",
        "name": "기술과학 문서 요약 데이터",
        "category": "자연어",
        "last_updated": "2023-08-30"
    },
    "dataset": {
        "doc_id": "114998e3-0e3b1403-31c9-4fa1-81b5-063613277801",
        "doc_type": "논문",
        "doc_title": {
            "kor": "ToA 기반 RSS 보정 센서노드 거리 측정 방법",
            "eng": ""
        },
        "doc_category": {
            "KDC": "413.05",
            "DDC": ""
        },
        "doc_number": {
            "ISSN": "2287-5891",
            "ISBN": "",
            "DOI": "",
            "UCI": ""
        },
        "doc_year": "2009",
        "doc_author": [
            "한현진",
            "권태욱"
        ],
        "doc_publisher": "한국정보처리학회",
        "doc_license": "CC BY-NC",
        "context_info": [
            {
                "context_id": "55e-0c9-merge_114998e3-0e3b1403-31c9-4fa1-81b5-063613277801_03",
                "context_K-NSCC": {
                    "field": "인공물",
                    "large_category": "EE",
                    "medium_category": "11"
                },
                "context": "<p>보정 단계(3단계)는 가중치 부여 단계이다. \\(1 \\sim2 \\)단계의 ToA와 RSS의 거리측정 과정을 통해 확보한 위치 자료를 기반으로 센서노드의 거리 오차를 최소화하는 방안을 도출한다. 측정한 RSS 값의 거리 정보를 보정하기 위해 타깃환경을 커버하는 표본의 위치에서 측정한 맵(RF MAP)으로 보정한다. ToA와 보정한 RSSI값의 측정 오차를 줄이기 위해 가중치를 부여한다. 각 측정값에 대한 가중치는 표준편차 제곱에 반비례한다. 표준편차가 크면 클수록 그 값의 가중치는 떨어지며 평균에 대한 기여도가 적어지게 된다.</p> <h1>4. 실험 및 결과</h1> <h2>4.1 실험 환경</h2> <p>실힘에 사용한 무선통신 센서는 마이크로 컨트롤러(ATmegal \\(28 \\)L), 무선 통신 칩 \\( ( \\mathrm { CC } 2420) \\), 센서, 안테나 등으로 구성되어 있으며 프로그례밍과 Host PC와의 통신을 위한 인터페이스를 포함한다. Zigbex IⅡ 모트는 센서 네트워크를 구성하기 위한 가장 기본적인 모듈로 옵션 센서 모드를 부착하여 센서 정보를 언을 수 있다. 초음파를 통한 ToA 측정은 초음파 모듈이 장치된 노드와 싱크 노드가 필요하다. 초음파 모듄이 장치된 노드 중 하나는 초음파를 발생시키는 송신기이고 다른 노드는 송신기가 발생시킨 초음파를 수신하는 수신기 역할을 하게 된다. 수신기는 거라를 계산하여 싱크에게 전송한다.</p> <p>무선 센서 네트워크를 구성하고 있는 Zigbex 센서노드들은 자신이 수집한 감지 데이터를 원거리에 존재하는 싱크노드에게 데이터를 전송한다. 센서네트워크를 구성하는 테스트 배드 환경은 (그림 \\(1 \\))과 같이 가로 \\( 10 \\mathrm { m } \\), 세로 \\( 10 \\mathrm { m } \\) 공간에 총 \\(4 \\)개(센서노드 \\(3 \\)개, 싱크 \\(1 \\)개)를 각각 배치하였다. ToA 측정을 위해 싱크 노드를 포함한 \\(3 \\)개의 센서노드에는 초음파 센서 모듈을 장착하여 배치하였다. 수신신호세기는 배치된 모든 센서노드로부터 측정할 수 있다. 맵(RF MAP)은 동일 실내 환경에서 일정 간격으로 거리를 변경하며 RSS를 측정하여 관계식을 도출하였다.</p> <p>무선 전파는 전송되는 거리의 제곱에 반비례하며 그 세기가 감쇠된다. 센서노드의 RF 송·수신기는 수신측이 \\( 94 \\mathrm { dBm } \\) 전파까지 분석할 수 있어 송신측의 RF 파워에 따라 전송 거리가 결정되게 된다. 송신기의 전송파워 레벨은 기본적인 \\(8 \\)단계 레넬 중 \\( 17.4 \\mathrm { mA } \\) 를 적용하기 위해 \\(16 \\)진수 \\( 0 \\times 1 \\mathrm { f } \\) 를 적용하였고 함수를 통해 측정한 RSSI값과 \\( \\mathrm { CC } 2420 \\)에 정의된 보상 값 \\( (-45) \\) 을 반영 하였다.<h2>4.2 실험 및 분석</h2> <p>\\(1 \\)단계(ToA 측정)에서 센서 네트워크에 배치되어 있는 노드와 노드간의 ToA를 이용하여 거리를 측정하였고 측정 결과는<표 \\( 1 \\)>과 같다. ToA를 이용한 거리 정보는 노드간 평균 \\( 10.63 \\mathrm { cm } \\), 표준편차 \\( 17.95 \\mathrm { cm } \\) 로 측정되었다.</p>",
                "context_length": 1632,
                "clue": [
                    {
                        "clue_text": "보정 단계(3단계)는 가중치 부여 단계이다.",
                        "clue_start": "3",
                        "clue_end": "27"
                    },
                    {
                        "clue_text": "\\(1 \\sim2 \\)단계의 ToA와 RSS의 거리측정 과정을 통해 확보한 위치 자료를 기반으로 센서노드의 거리 오차를 최소화하는 방안을 도출한다.",
                        "clue_start": "28",
                        "clue_end": "110"
                    },
                    {
                        "clue_text": "측정한 RSS 값의 거리 정보를 보정하기 위해 타깃환경을 커버하는 표본의 위치에서 측정한 맵(RF MAP)으로 보정한다.",
                        "clue_start": "111",
                        "clue_end": "178"
                    },
                    {
                        "clue_text": "센서네트워크를 구성하는 테스트 배드 환경은 (그림 \\(1 \\))과 같이 가로 \\( 10 \\mathrm { m } \\), 세로 \\( 10 \\mathrm { m } \\) 공간에 총 \\(4 \\)개(센서노드 \\(3 \\)개, 싱크 \\(1 \\)개)를 각각 배치하였다.",
                        "clue_start": "797",
                        "clue_end": "940"
                    },
                    {
                        "clue_text": "ToA 측정을 위해 싱크 노드를 포함한 \\(3 \\)개의 센서노드에는 초음파 센서 모듈을 장착하여 배치하였다.",
                        "clue_start": "941",
                        "clue_end": "1001"
                    }
                ],
                "terminology": [
                    {
                        "word": "CC"
                    },
                    {
                        "word": "Host"
                    },
                    {
                        "word": "RF"
                    },
                    {
                        "word": "RSS"
                    },
                    {
                        "word": "RSS 값"
                    },
                    {
                        "word": "ToA"
                    },
                    {
                        "word": "Zigbex IⅡ 모트"
                    },
                    {
                        "word": "가중치"
                    },
                    {
                        "word": "가중치 부여 단계"
                    },
                    {
                        "word": "거리 오차"
                    },
                    {
                        "word": "관계식"
                    },
                    {
                        "word": "네트워크"
                    },
                    {
                        "word": "노드"
                    },
                    {
                        "word": "마이크로 컨트롤러"
                    },
                    {
                        "word": "모트"
                    },
                    {
                        "word": "무선 센서 네트워크"
                    },
                    {
                        "word": "무선 통신 칩"
                    },
                    {
                        "word": "센서"
                    },
                    {
                        "word": "센서 모듈"
                    },
                    {
                        "word": "센서 정보"
                    },
                    {
                        "word": "센서네트워크"
                    },
                    {
                        "word": "센서노드"
                    },
                    {
                        "word": "송신기"
                    },
                    {
                        "word": "송신측"
                    },
                    {
                        "word": "수신기"
                    },
                    {
                        "word": "수신신호세기"
                    },
                    {
                        "word": "싱크노드"
                    },
                    {
                        "word": "옵션 센서 모드"
                    },
                    {
                        "word": "전송"
                    },
                    {
                        "word": "전송 거리"
                    },
                    {
                        "word": "전송파워"
                    },
                    {
                        "word": "진수"
                    },
                    {
                        "word": "초음파 센서"
                    },
                    {
                        "word": "표준편차"
                    }
                ]
            },
            {
                "context_id": "55e-0c9-merge_114998e3-0e3b1403-31c9-4fa1-81b5-063613277801_01",
                "context_K-NSCC": {
                    "field": "인공물",
                    "large_category": "EE",
                    "medium_category": "11"
                },
                "context": "<h1>2. 관련연구</h1> <p>대표적인 위치탐지 시스템으로는 GPS(Global Positioning System)가 있지만 GPS는 위성으로부터 LOS(Line of Sight) 사이에 방해물이 존재하거나 실내에서는 측정할 수 없으며, 전력 소비가 센서노드의 배터리 소모를 증가시켜 전체 네트워크의 수명을 줄이고, 비용 및 크기가 커서 다수의 값 싼 센서노드들을 이용하는 무선 센서네트워크에 적용하기에는 효과적이지 않다. 따라서 센서노드의 위치 및 거리를 측정하는 방법으로 노드간 정보를 활용하는 ToA, RSS, AoA 방법이 대표적으로 이용되고 있다.</p> <h2>2.1 ToA(Time of Arrival)</h2> <p>ToA는 송신자로부터의 수신자에게 도착한 RF 또는 초음파 등의 신호 전송 시간을 측정하고, 측정된 ToA의 delay time은 포함한 전송시간을 의미한다. RF의 속도는 대략 \\( 10 ^ { 6 } \\) 으로 초음파는 \\( 1 \\mathrm { ms } \\) 에 대략 \\( 0.3 \\mathrm { m } \\) 을 전송하지만 RF는 lms에 \\( 0.3 \\mathrm { m } \\)을 전송한다. 초음파속도는 온도 \\( ( \\mathrm { C } ) \\) 에 따라 \\( v_ { p } = \\) \\( 331.5 + 0.60714 \\mathrm { C } [ \\mathrm { m } / \\mathrm { s } ] \\) 의 속도로 전파된다. 송·수신 장치의 통신 지연이나 온도와 같은 센서 외부 요인에 의해서 일시적으로 clock 주파수가 변화하는 clock drift 등의 하드웨어 내부 요인에 의해서도 거리 오차가 발생하게 된다. 실질적인 실험을 통해서 센서노드들 사이의 clock drift가 최대 \\(52 \\mu \\mathrm { s } \\) 가 발생할 수 있다고 보고되었다. 이러한 오차는 clock drift가 높을수록 위치오차는 증가하게 되며, 실질적인 센서 노드들 사이의 거리가 증가할수록 오차가 증가하게 된다.</p> <h2>2.2 RSS(Received Signal Strength)</h2> <p>수신신호 세기는 센서노드에 구현된 RSSI(Received Signal Strength Indicator) 회로를 이용하여 전달된 신호의 전압 세기를 측정한다. RSS는 추가 대역이나 에너지 소모 없이 노드간 정보전송시에도 RF의 RSSI를 이용하여 거리를 측정 할 수 있다. 자유공간에서 신호의세기는 송신자와 수신자의 거리의 제곱에 반비례하여 감소한다. 하지만 현실세계에서 다중경로와 Shadowing은 RSS 오차를 증가시키는 주요한 요인이다. 때문에 측정된 RSS값은 보정단계가 필요하다. 보정은 타깃환경을 커버하는 표본의 위치에서 RSS값을 측정하는 맵(RF MAP)과 신호감쇠모델을 이용하는 방식으로 나눌 수 있다. 거리가 \\( d \\) 일 때 수신세기가 RSSI(d) 이고, PT는 Tx 전송파워, n이 path loss 지수 값이면 신호감쇠모델은 (식 \\(1 \\))과 같이 나타낸다. RSS를 이용한 대표적인 위치 추적 시스템은 MS의 RADAR를 들 수 있다. RADAR은 RF기반 시스템으로서 다중 수신기에서 수집된 신호세기 정보를 사용하여 사용자의 좌표를 측정한다.<p>RSSI \\( ( \\mathrm { d } )[ \\mathrm { dB } ]=PT \\left ( \\mathrm { ~d } _ { 0 } \\right )[ \\mathrm { dB } ]-10 n_ { p } \\log _ { 10 } \\left (d / d_ { 0 } \\right ) \\)<caption>(식 \\(1 \\))</caption></p>",
                "context_length": 1789,
                "clue": [
                    {
                        "clue_text": "대표적인 위치탐지 시스템으로는 GPS(Global Positioning System)가 있지만 GPS는 위성으로부터 LOS(Line of Sight) 사이에 방해물이 존재하거나 실내에서는 측정할 수 없으며, 전력 소비가 센서노드의 배터리 소모를 증가시켜 전체 네트워크의 수명을 줄이고, 비용 및 크기가 커서 다수의 값 싼 센서노드들을 이용하는 무선 센서네트워크에 적용하기에는 효과적이지 않다.",
                        "clue_start": "20",
                        "clue_end": "239"
                    },
                    {
                        "clue_text": "따라서 센서노드의 위치 및 거리를 측정하는 방법으로 노드간 정보를 활용하는 ToA, RSS, AoA 방법이 대표적으로 이용되고 있다.",
                        "clue_start": "240",
                        "clue_end": "314"
                    },
                    {
                        "clue_text": "ToA는 송신자로부터의 수신자에게 도착한 RF 또는 초음파 등의 신호 전송 시간을 측정하고, 측정된 ToA의 delay time은 포함한 전송시간을 의미한다.",
                        "clue_start": "356",
                        "clue_end": "444"
                    },
                    {
                        "clue_text": "RSS는 추가 대역이나 에너지 소모 없이 노드간 정보전송시에도 RF의 RSSI를 이용하여 거리를 측정 할 수 있다.",
                        "clue_start": "1131",
                        "clue_end": "1195"
                    }
                ],
                "terminology": [
                    {
                        "word": "AoA"
                    },
                    {
                        "word": "GPS"
                    },
                    {
                        "word": "GPS(Global Positioning System)"
                    },
                    {
                        "word": "Indicator"
                    },
                    {
                        "word": "LOS"
                    },
                    {
                        "word": "LOS(Line of Sight)"
                    },
                    {
                        "word": "MS"
                    },
                    {
                        "word": "PT"
                    },
                    {
                        "word": "RADAR"
                    },
                    {
                        "word": "RF"
                    },
                    {
                        "word": "RF MAP"
                    },
                    {
                        "word": "RSS"
                    },
                    {
                        "word": "RSS(Received Signal Strength)"
                    },
                    {
                        "word": "RSSI"
                    },
                    {
                        "word": "RSS값"
                    },
                    {
                        "word": "Shadowing"
                    },
                    {
                        "word": "ToA"
                    },
                    {
                        "word": "ToA(Time of Arrival)"
                    },
                    {
                        "word": "Tx"
                    },
                    {
                        "word": "clock"
                    },
                    {
                        "word": "clock drift"
                    },
                    {
                        "word": "clock 주파수"
                    },
                    {
                        "word": "drift"
                    },
                    {
                        "word": "path"
                    },
                    {
                        "word": "path loss"
                    },
                    {
                        "word": "path loss 지수 값"
                    },
                    {
                        "word": "거리 오차"
                    },
                    {
                        "word": "네트워크"
                    },
                    {
                        "word": "다중경"
                    },
                    {
                        "word": "무선 센서네트워크"
                    },
                    {
                        "word": "센서"
                    },
                    {
                        "word": "센서네트워크"
                    },
                    {
                        "word": "센서노드"
                    },
                    {
                        "word": "수신기"
                    },
                    {
                        "word": "수신세기"
                    },
                    {
                        "word": "신호감쇠모델"
                    },
                    {
                        "word": "위치 추적 시스템"
                    },
                    {
                        "word": "위치탐지 시스템"
                    },
                    {
                        "word": "자유공간"
                    },
                    {
                        "word": "전력 소비"
                    },
                    {
                        "word": "전송"
                    },
                    {
                        "word": "전송파워"
                    },
                    {
                        "word": "주파수"
                    },
                    {
                        "word": "표본"
                    },
                    {
                        "word": "하드웨어"
                    },
                    {
                        "word": "회로"
                    }
                ]
            },
            {
                "context_id": "55e-0c9-merge_114998e3-0e3b1403-31c9-4fa1-81b5-063613277801_00",
                "context_K-NSCC": {
                    "field": "인공물",
                    "large_category": "EE",
                    "medium_category": "11"
                },
                "context": "<h1>요 약</h1> <p>오늘날 무선 장비들이 센서네트워크를 비롯한 매우 다양한 분야에서 광범위하게 사용되고 있다. 무선으로 연결된 센서들은 다양한 임무 수행을 위하여 많은 분야에서 활용되고 있다. 이런 임무를 수행하는데 있어 각 센서의 위치정보는 매우 중요한 시스템 관리의 요소가 된다. 센서노드간 거리 측정은 신호의 도착시간차(Time of Arrival; ToA), 신호세기(Received Signal Strength: RSS), 신호각도(Angle of Arrival: AoA)에 기반을 둔 방법 등이 있다. 무선 센서네트워크에 배치되어 있는 각 센서노드간 정확한 거리 식별을 위해 기존의 거리 측정 방법을 보완하여 거리 오차를 줄이는 ToA기반의 RSS보정 방법을 제안한다. 구체적으로 초음파를 동한 거리측정 값에 맵(RF-MAP)을 동해 보정한 RSS값을 가중치로 보정하여 기존의 거리 측정 방법보다 측정오차를 감소시킬 수 있었다. 실험을 동해 본 연구 방법이 기존 ToA보다 실내 \\( (5 \\mathrm { ~m } \\times 7 \\mathrm { ~m } ) \\) 에서 평균 \\( 0.1 \\mathrm { cm } \\), 실외 \\( (10 \\mathrm { ~m } \\times 10 \\mathrm { ~m } ) \\) 평균 \\( 0.6 \\mathrm { ~cm } \\) 측정 오차를 줄일 수 있음을 확인 할 수 있었다.</p> <h1>1. 서 론</h1> <p>무선 센서네트워크는 고정된 인프라의 도움 없이 센서노드만으로 정보를 수집하는 네트워크로서 일정한 지역에 수백 혹은 수천 개에 이르는 센서노드들을 분산 배치하여 주변 환경을 감지하고, 감지된 데이터를 처리하며, 그 데이터를 중앙 시스템에 전송하는 체계이다. 이런 감지된 데이터는 그 데이터의 위치가 어디인지를 알아야만 의미가 있다. 주변 상황을 정확히 인지해도 그 상황이 어느 위치에서 발생했는지 알 수 없다면 그 데이터는 정보로서 의미가 없기 때문이다.</p> <p>무선 센서네트워크에서 노드간 거리를 측정하는 방법은 전파의 속도에 따른 도착 시간차를 이용하는 ToA(Time of Arrival), 전파의 세기의 크기를 통해 거리를 측정하는 RSS(Received Signal Strength), 신호가 전송되는 방향의 각도를 이용해 거리를 측정하는 AoA(Angle of Arrival)등이 있다.</p> <p>본 논문에서는 무선센서 장비를 통하여 획득할 수 있는 노드 간 초음파를 통해 측정한 거리 정보(ToA)와 전파의 수신세기(RSS) 거리정보를 맵(RF-MAP)을 이용 ToA 기반 RSS 거리 정보를 가중 평간을 이용 보정을 통하여 오차를 개선시키는 방법을 연구하였고, 실험을 통하여 거리 오차를 감소시키는 결과를 얻을 수 있었다.</p>",
                "context_length": 1364,
                "clue": [
                    {
                        "clue_text": "오늘날 무선 장비들이 센서네트워크를 비롯한 매우 다양한 분야에서 광범위하게 사용되고 있다.",
                        "clue_start": "16",
                        "clue_end": "66"
                    },
                    {
                        "clue_text": "이런 임무를 수행하는데 있어 각 센서의 위치정보는 매우 중요한 시스템 관리의 요소가 된다.",
                        "clue_start": "113",
                        "clue_end": "163"
                    },
                    {
                        "clue_text": "센서노드간 거리 측정은 신호의 도착시간차(Time of Arrival; ToA), 신호세기(Received Signal Strength: RSS), 신호각도(Angle of Arrival: AoA)에 기반을 둔 방법 등이 있다.",
                        "clue_start": "164",
                        "clue_end": "291"
                    },
                    {
                        "clue_text": "무선 센서네트워크에 배치되어 있는 각 센서노드간 정확한 거리 식별을 위해 기존의 거리 측정 방법을 보완하여 거리 오차를 줄이는 ToA기반의 RSS보정 방법을 제안한다.",
                        "clue_start": "292",
                        "clue_end": "385"
                    }
                ],
                "terminology": [
                    {
                        "word": "Angle of Arrival"
                    },
                    {
                        "word": "AoA"
                    },
                    {
                        "word": "RF-MAP"
                    },
                    {
                        "word": "RSS"
                    },
                    {
                        "word": "RSS값"
                    },
                    {
                        "word": "RSS보정 방법"
                    },
                    {
                        "word": "ToA"
                    },
                    {
                        "word": "ToA기반"
                    },
                    {
                        "word": "가중 평간"
                    },
                    {
                        "word": "가중치"
                    },
                    {
                        "word": "거리 오차"
                    },
                    {
                        "word": "네트워크"
                    },
                    {
                        "word": "노드"
                    },
                    {
                        "word": "도착시간차"
                    },
                    {
                        "word": "무선 센서네트워크"
                    },
                    {
                        "word": "무선센서"
                    },
                    {
                        "word": "분산 배치"
                    },
                    {
                        "word": "센서"
                    },
                    {
                        "word": "센서네트워크"
                    },
                    {
                        "word": "수신세기"
                    },
                    {
                        "word": "신호각도"
                    },
                    {
                        "word": "인프라"
                    },
                    {
                        "word": "전송"
                    },
                    {
                        "word": "전파의 수신세기"
                    },
                    {
                        "word": "평간"
                    }
                ]
            },
            {
                "context_id": "55e-0c9-merge_114998e3-0e3b1403-31c9-4fa1-81b5-063613277801_02",
                "context_K-NSCC": {
                    "field": "인공물",
                    "large_category": "EE",
                    "medium_category": "11"
                },
                "context": "<h2>2.3 AoA(Angle of Arrival)</h2> <p>AoA방식은 이웃 노드들 간의 방향에 대한 정보와 ToA와 RSS의 측정값을 이용하여 위치를 계산한다. ToA이용 방법은 센서를 Y자 형태로 배열해 놓고 각각의 센서에서 ToA를 계산하여 가장 먼저 신호를 수신하는 쪽으로 방향을 선택하는 방식이다. RSS이용 방법은 한 센서에 두 개의 방향성 안테나를 설치하여 두 안테나로 받은 RSS의 차이를 계산하여 방향을 선택하는 방법이다. AoA측정방식은 모두 여러 개의 안데나가 요구되어 비용 과 시스템의 규모가 커지는 단점이 있어 규모가 작은 센서노드에 여러 개의 안테나를 장착하더라도 안테나 사이의 위치가 가까워 효과적인 각도의 산출에 어려움을 가지고 있다.</p> <h1>3. ToA기반 RSS보정 거리측정</h1> <p>무선 센서노드간 정확한 거리측정을 위해 초음파를 이용한 ToA기반에 RF MAP 으로 측정된 RSS의 가중 평균을 이용하여 측정오차를 줄인다. 정확한 거리 측정을 위해ToA측정 단계, RSS 측정 단계, 가중치 부여를 통한 보정 단계로 구분하여 \\(3 \\)단계로 진행한다.</p> <p>ToA 측정 단계 ( \\(1 \\) 단계)는 두 노드간의 초음파를 이용하여 센서노드의 거리오차를 측정하는 단계이다. 센서노드간의 RF와 초음파 신호를 통해 센서노드의 위치를 파악한다. ToA를 측정하기 위해 센서노드는 송신기와 수신기로 구분되어 송신기는RF 메시지를 통해 초음파를 전송할 것임을 수신기에게 알리게 된다. 수신기는 송신기의 RF메시지를 통해 송신기가 지금 초음파를 전송할 예정임을 감지하고, 초음파 전원을 작동시킨다. 그리고 얼마만큼의 시간 후에 초음파가 자신에게 도착하는지 측정하기 위해 타이머를 동작시킨다.</p> <p>송신기는 초음파를 송신하겠다는 RF 메시지 송신이 끝나면 바로 초음파 모듈을 작동시켜 측정 오류를 최소화하고 평균과 신호의 표준편차를 구하기 위해 \\(5 \\)회의 초음파 신호를 전송한다. 수신 신호의 평균은 저장 장소 및 처리 시간을 고려하여 반복적 자료처리(recursive data processing)방법을 사용한다. 이를 통해 초음파 신호 수신시간의 평균을 산정할 수 있다. 초음파의 시간은 거리에 따라 증가함으로 수신기가 동작시킨 타이머를 통해 송신기와의 거리를 계산 할 수 있다.</p> <p>RSS 측정 단계( \\(2 \\)단계)는 센서노드가 기본적으로 가지고 있는 RSSI회로를 이용한 수신강도세기를 통해 센서노드의 거리에 따른 수신강도세기를 측정하여 거리를 측정한다. 따라서 ToA 환경에 적용되었던 실험환경을 RSS에 적용하여 거리와 수신세기의 관계를 확인한다. RSS 신호는 주변 환경에 영향을 많이 받기 때문에 두 센서노드 사이에 정확한 수치를 계산하기 위해 다수의 신호의 송·수신이 필요하다. 본 연구에서 송신기는 \\(10 \\)회의 RF신호를 송신하여 신호세기의 평균과 표준편차를 산출하였다.RF 신호를 송신한 센서노드는 수신자로부터 계산된 거리를 수신하기 위해 수신 신호를 대기한다. 수신자는 초음파 신호 이후에 \\(9 \\)번의RF신호를 수신하게 되고 수신된 신호 세기는 ToA와 마찬가지로 반복적 자료처리(recursive data processing) 방법을 사용하였다.</p>",
                "context_length": 1603,
                "clue": [
                    {
                        "clue_text": "AoA방식은 이웃 노드들 간의 방향에 대한 정보와 ToA와 RSS의 측정값을 이용하여 위치를 계산한다.",
                        "clue_start": "38",
                        "clue_end": "95"
                    },
                    {
                        "clue_text": "ToA이용 방법은 센서를 Y자 형태로 배열해 놓고 각각의 센서에서 ToA를 계산하여 가장 먼저 신호를 수신하는 쪽으로 방향을 선택하는 방식이다.",
                        "clue_start": "96",
                        "clue_end": "176"
                    },
                    {
                        "clue_text": "AoA측정방식은 모두 여러 개의 안데나가 요구되어 비용 과 시스템의 규모가 커지는 단점이 있어 규모가 작은 센서노드에 여러 개의 안테나를 장착하더라도 안테나 사이의 위치가 가까워 효과적인 각도의 산출에 어려움을 가지고 있다.",
                        "clue_start": "251",
                        "clue_end": "376"
                    }
                ],
                "terminology": [
                    {
                        "word": "AoA"
                    },
                    {
                        "word": "AoA측정방식"
                    },
                    {
                        "word": "RF"
                    },
                    {
                        "word": "RF MAP"
                    },
                    {
                        "word": "RF메시지"
                    },
                    {
                        "word": "RF신호"
                    },
                    {
                        "word": "RSS"
                    },
                    {
                        "word": "ToA"
                    },
                    {
                        "word": "ToA기반"
                    },
                    {
                        "word": "data"
                    },
                    {
                        "word": "data processing"
                    },
                    {
                        "word": "recursive data processing"
                    },
                    {
                        "word": "가중 평균"
                    },
                    {
                        "word": "가중치"
                    },
                    {
                        "word": "노드"
                    },
                    {
                        "word": "반복적 자료처리"
                    },
                    {
                        "word": "방향성 안테나"
                    },
                    {
                        "word": "센서"
                    },
                    {
                        "word": "센서노드"
                    },
                    {
                        "word": "송신"
                    },
                    {
                        "word": "송신기"
                    },
                    {
                        "word": "수신기"
                    },
                    {
                        "word": "수신세기"
                    },
                    {
                        "word": "수신자"
                    },
                    {
                        "word": "전송"
                    },
                    {
                        "word": "초음파 신호"
                    },
                    {
                        "word": "표준편차"
                    }
                ]
            }
        ]
    }
}