{
    "dataset_info": {
        "identifier": "02-031-002-NL",
        "name": "기술과학 문서 요약 데이터",
        "category": "자연어",
        "last_updated": "2023-08-30"
    },
    "dataset": {
        "doc_id": "31a7cd33-0789a01a-2c7e-47ee-aae2-badf5a02f361",
        "doc_type": "논문",
        "doc_title": {
            "kor": "비분산적외선 \\(\\mathrm{CO_2}\\)센서를 이용한 무선 센서 네트워크 기반의 지하 공기질 모니터링 시스템",
            "eng": ""
        },
        "doc_category": {
            "KDC": "560.5",
            "DDC": ""
        },
        "doc_number": {
            "ISSN": "2287-5026",
            "ISBN": "",
            "DOI": "",
            "UCI": ""
        },
        "doc_year": "2009",
        "doc_author": [
            "권종원",
            "김조천",
            "김규식",
            "김희식"
        ],
        "doc_publisher": "대한전자공학회",
        "doc_license": "CC BY-NC",
        "context_info": [
            {
                "context_id": "55e-0c9-715cc256-ac40-4419-aba3-b58e5e4fc3e4",
                "context_K-NSCC": {
                    "field": "인공물",
                    "large_category": "EE",
                    "medium_category": "99"
                },
                "context": "<h1>III. 무선 센서노드 설계 및 개발</h1><h2>1. 무선 공기질 측정 센서 노드 개발</h2><p>본 장에서는 지하철역 공기질을 실시간으로 측정하고 모니터링 할 수 있는 무선 센서 네트워크 기반의 통합형 공기질 측정 센서 노드 설계방안에 대해 기술한다. 개발된 센서노드는 실시간 공기질 측정이 가능하고, NDIR방식의 \\( \\mathrm{CO}_{2} \\)센서, 온습도 센서를 각각 하나씩 장착하고 있다. 본 논문에서의 하드웨어 개발 초점은 소형, 저가, 가격 대비 센서의 신뢰도가 높은 공기질 측정 센서노드를 개발하는 것이다.</p><p>그림 13은 개발된 공기질 측정 센서 노드의 블록도를 보여준다. 센서 노드는 CPU, 메모리, 무선통신 모뎀, 전원공급기, 센서 등 크게 5개의 컴포넌트로 구성되고, 하드웨어 구동의 에너지 소비를 최소하기 위한 방안으로 CPU를 8비트 고성능 ATMega128L를 선택하였다. 또한 \\( 2.4 \\mathrm{GHz} \\) 대역의 \\( \\mathrm{RF} \\) 를 이용한 Zigbee 기술을 제공하기 위하여 Chipcon사의 CC2420 칩을 사용하여 설계하였다. 그러나 본래 무선 센서네트워크 기반의 시스템에서는 다수의 센서노드들이 기본적으로 배터리 기반으로 구현되지만 본 논문에서 개발된 센서노드는 외부 전원을 사용하도록 개발하였다. 그 이유는 센서노드에 장착된 NDIR 방식의 \\( \\mathrm{CO}_{2} \\)센서가 \\( 12 \\mathrm{V} \\)전원 인가가 필요하여 배터리 사이즈가 커지고 3초마다 광원을 발생시켜야하는 측정원리로 인해 큰 소비 전력을 요구한다. 따라서 본 논문에서는 외부전원을 사용하도록 설계하였지만 차후 MEMS (Microelectromechanical Systems) 기술을 이용한 반도체 타입의 정밀한 \\( \\mathrm{CO}_{2} \\)센서가 개발될 경우 배터리 기반의 센서노드 개발이 가능할 것으로 보인다. 그림 14는 센서노드를 구현한 것이다.</p><p>본 연구에서는 무선 공기질 측정 센서 노드의 구동 소프트웨어를 TinyOS 운영체제 기반으로 개발하였다. 센서노드는 타이머를 이용하여 \\( \\mathrm{CO} \\), 온도, 습도 데이터를 매 3초마다 측정하고 CPU의 각 인터페이스를 통해 데이터를 입력받는다. 그 후 무선 통신용 데이터 포맷에 따라 패키징하여 ZigBee 무선 통신 기술을 이용하여 데이터를 전송한다. 이때 승강장 곳곳에 설치된 센서노드들은 트리 구조의 멀티홉 라우팅 방식을 이용하여 싱크노드까지 데이터를 전송하는데, 여기서 말하는 싱크노드는 무선 센서 네트워크와 TCP/IP를 연동하기 위한 게이트웨이의 일부로 다수의 센서 노드로부터 전달되는 데이터를 수신하여 UART 인터페이스를 통해 게이트웨이의 메인 CPU로 전달하는 역할을 한다. 본 논문에서는 싱크노드가 고정된 네트워크에서 매우 효과적인 트리 구조의 라우팅 프로토콜을 개발하였다. 이 프로토콜은 네트워크의 복잡한 전체 라우팅 테이블을 유지하지 않고도 네트워크의 링크 품질을 기반으로 자신의 상위 이웃노드에 대한 정보만 유지함으로서 효과적으로 싱크노드까지 최단 경로를 유지하면서 데이터를 전송할 수 있다.</p>",
                "context_length": 1566,
                "clue": [
                    {
                        "clue_text": "본 장에서는 지하철역 공기질을 실시간으로 측정하고 모니터링 할 수 있는 무선 센서 네트워크 기반의 통합형 공기질 측정 센서 노드 설계방안에 대해 기술한다.",
                        "clue_start": "62",
                        "clue_end": "148"
                    },
                    {
                        "clue_text": "개발된 센서노드는 실시간 공기질 측정이 가능하고, NDIR방식의 \\( \\mathrm{CO}_{2} \\)센서, 온습도 센서를 각각 하나씩 장착하고 있다.",
                        "clue_start": "149",
                        "clue_end": "233"
                    },
                    {
                        "clue_text": "본 연구에서는 무선 공기질 측정 센서 노드의 구동 소프트웨어를 TinyOS 운영체제 기반으로 개발하였다.",
                        "clue_start": "984",
                        "clue_end": "1042"
                    }
                ],
                "terminology": [
                    {
                        "word": "ATMega128L"
                    },
                    {
                        "word": "CPU"
                    },
                    {
                        "word": "Chipcon사"
                    },
                    {
                        "word": "MEMS"
                    },
                    {
                        "word": "NDIR"
                    },
                    {
                        "word": "TCP/IP"
                    },
                    {
                        "word": "TinyOS"
                    },
                    {
                        "word": "UART"
                    },
                    {
                        "word": "UART 인터페이스"
                    },
                    {
                        "word": "ZigBee"
                    },
                    {
                        "word": "ZigBee 무선 통신 기술"
                    },
                    {
                        "word": "Zigbee 기술"
                    },
                    {
                        "word": "게이트웨이"
                    },
                    {
                        "word": "네트워크"
                    },
                    {
                        "word": "노드"
                    },
                    {
                        "word": "데이터 포맷"
                    },
                    {
                        "word": "라우팅 방식"
                    },
                    {
                        "word": "라우팅 테이블"
                    },
                    {
                        "word": "라우팅 프로토콜"
                    },
                    {
                        "word": "링크 품질"
                    },
                    {
                        "word": "멀티홉"
                    },
                    {
                        "word": "멀티홉 라우팅"
                    },
                    {
                        "word": "메모리"
                    },
                    {
                        "word": "메인 CPU"
                    },
                    {
                        "word": "무선 공기질 측정 센서 노드"
                    },
                    {
                        "word": "무선 센서네트워크"
                    },
                    {
                        "word": "무선 센서노드"
                    },
                    {
                        "word": "무선통신 모뎀"
                    },
                    {
                        "word": "반도체 타입"
                    },
                    {
                        "word": "블록도"
                    },
                    {
                        "word": "센서"
                    },
                    {
                        "word": "센서네트워크"
                    },
                    {
                        "word": "센서노드"
                    },
                    {
                        "word": "소프트웨어"
                    },
                    {
                        "word": "신뢰도"
                    },
                    {
                        "word": "싱크노드"
                    },
                    {
                        "word": "외부 전원"
                    },
                    {
                        "word": "이웃노드"
                    },
                    {
                        "word": "전송"
                    },
                    {
                        "word": "전원 인가"
                    },
                    {
                        "word": "전원공급기"
                    },
                    {
                        "word": "컴포넌트"
                    },
                    {
                        "word": "통합형 공기질 측정 센서 노드"
                    },
                    {
                        "word": "트리 구조"
                    },
                    {
                        "word": "패키징"
                    },
                    {
                        "word": "하드웨어"
                    }
                ]
            },
            {
                "context_id": "55e-0c9-3b32d475-9ffa-4b04-a492-472c36b86208",
                "context_K-NSCC": {
                    "field": "인공물",
                    "large_category": "EE",
                    "medium_category": "99"
                },
                "context": "<h2>2. 게이트웨이 개발</h2><p>원격 공기질 모니터링 시스템을 위한 게이트웨이는 열악한 지하철역 현장 조건과 무선 통신환경을 충분히 고려하여 하드웨어가 설계되어야 한다. 따라서 게이트웨이의 클라이언트 프로그램은 무선 센서 네트워크에서 전달되는 수많은 데이터들을 처리한 후 필요한 정보만 취하여 수신서버로 즉시 전달할 수 있는 로직으로 구현된다. 또한 무선 센서 네트워크에서 수신한 데이터를 지하철역 외부에 위치한 수신서버로 데이터를 전달하기 위하여 인터넷과 연동될 수 있도록 설계되었다. 본 연구에서 개발된 게이트웨이는 시스템 설계가 비교적 용이한 임베디드 리눅스를 기본 풀랫폼으로 하여 수집된 데이터에 대한 선행 처리를 한다. 이를 위해 고성능 ARM 계열의 Intel XScale PXA272 CPU를 사용하였다. 또한 무선 센서 네트워크로부터 데이터를 수신하기 위하여 ZigBee 통신 모듈을 포함하는데, 이는 앞에서 언급된 싱크노드의 역할을 수행한다. 게이트웨이는 승강장에 설치된 무선랜 공유기로부터 하나의 IP를 부여받아 수신서버와 소켓 통신을 이용하여 데이터를 주고받는다. 그림 15는 게이트웨이 클라이언트 프로그램의 동작 절차를 보여준다.</p><h2>3. 수신서버 및 웹서버 개발</h2><p>지하철역 승강장에 위치한 게이트웨이로부터 전달받은 측정 데이터를 원격에서 모니터링하기 위해 수신서버 응용 프로그램과 웹서버 프로그랩을 개발하였다. 수신서버는 서울시립대학교 정보기술관 내 EPS실 내부에 위치하고, 수신서버의 하드웨어는 Sun Fire V240 Server이고, 운영체제는 CentOS 4.3을 설치하여 운영하였다. 본 논문에서 수신서버는 두 가지 프로그래밍 모듈을 탑재하고 있는데, TCP/IP 소켓 통신 및 데이터 처리를 위한 응용 프로그래밍 모듈과 측정 데이터의 효율적인 관리 및 디스플레이를 위한 웹서버 모듈로 구성된다. 웹서버 모듈은 현재 웹서버 중 가장 많이 사용되는 아파치 웹서버를 선택하였다. 아파치 웹서버는 다중 스레드 및 파일 캐쉬를 기본적으로 지원하고, 안정적이며 다양한 기능을 제공할 수 있다.</p><p>수신서버 웅용 프로그램은 우선 시작과 동시에 데이터베이스를 초기화하고 그 직후 데이터베이스와의 연결을 수행한다. TCP/IP 소켓 연결 요청이 들어오면 다중 접속 처리를 위해 새로운 프로세서를 생성한 후 전달받은 데이터를 형식화된 데이터 포맷에 맞춰 해석하고 데이터베이스의 해당 테이블을 업데이트한다. 반면 새롭게 생성된 다른 프로세서는 클라이언트 즉, 게이트웨이와의 통신을 담당하여, 많은 클라이언트가 통신을 요청하더라도 모두 처리할 수 있도록 설계하였다. 이와 같은 수신서버 응용 프로그램의 동작 절차는 그림 16에서 설명하고 있다.</p><p>DB테이블 생성 관리 업데이트는 효율적인 데이터베이스의 조직화와 과거 데이터의 구간 검색 시간을 단축하기 위하여 동적으로 테이블을 생성하도록 설계하였다. 수신서버에서 동작되는 서버 응용 프로그램의 부모 프로세서는 비교조건으로 분, 시간, 주, 월을 체크하여 비교조건에 변화가 발생할 경우 그에 따른 데이터 테이블을 생성하도록 하였다. 예를 들어, 수신서버의 리얼타임 클럭이 2009년 6월 10일 오후 11시 59분에서 6월 12일 오전 12시 00분으로 변경될 경우 (즉, 2009년 6월 11일 오전 12시 정각) 부모 프로세서는 시간 단위 데이터를 저장할 \"DayNode20090611\" 테이블을 새롭게 생성한다. 그 후 2009년 6월 10일 23시부터 24시까지의 데이터를 저장하고 있는 \"HourNode2009061023\" 테이블로부터 각각의 데이터를 이용하여 한 시간 동안의 평균값을 계산하여 \"DayNode20090611\" 테이블에 저장한다. 즉, \"DayNode20090610\" 테이블에 저장되던 데이터는 일자가 변경되어 새로 생성된 \"DayNode20090611\" 테이블에 저장하게 된다. 따라서 하나의 테이블에 과도한 양의 데이터 저장을 피할 수 있으므로 과거 데이터를 검색할 경우 검색시간을 단축시킬 수 있고, 데이터베이스의 테이블을 효율적으로 조직화할 수 있다.</p><p>지하철역 승강장에 설치된 3개의 센서노드로부터 전달된 데이터는 서버 응용 프로그램에서 적절하게 해석되고 원격 모니터링 웹서버를 통해 사용자가 원할 경우 언제든지 접속하여 확인한 수 있다. 본 논문에서는 기본적으로 아파치와 연동하여 실행되는, HTML embedded 언어인 PHP (Professional Hypertext Preprocessor)를 사용하여 웹서버를 개발하였다. 따라서 수신서버에 저장되어 있는 데이터를 사용자에게 일방적으로 전달하는 형태가 아닌, 사용자와 수신서버 간의 양방향 통신이 가능하도록 설계하여 사용자에게 편리성을 제공한다.</p><p>지하철역 승강장에 설치된 3개의 센서노드로부터 획득된 데이터는 서버 응용 프로그램에서 적절하게 해석되고 원격 모니터링 웹서버를 통해 출력된다. 즉, 개발된 원격 모니터링 웹서버는 웹페이지를 통해 사용자의 요구에 따른 입력을 받은 후 CGI (Common Gateway Interface)를 활용하여 실시간으로 처리하고 그 결과를 웹사이트에 출력한다. 개발된 웹서버는 도메인 주소 http://mnl. uos.ac.kr (IP:210.125.176.184)에서 확인할 수 있다.</p><p>그림 17은 웹서버 메인화면의 캡쳐된 사진이다. 메인 화면에서는 지하철역 승강장의 센서노드에서 취득한 최신 전체 데이터가 센서노드별로 상단에 표 형태로 출력된다. 또한 하단의 2D-바차트 (2D-bar chart)는 실내 공기질 유지 기준 이상의 오염이 발생된 지점을 한 눈에 쉽게 확인할 수 있도록 도와준다.</p><p>그림 18은 원격 모니터링 웹서버를 이용하여 사용자가 원하는 일정기간을 웹페이지를 통해 입력받아 그 결과 데이터를 표 형태로 제공하고 시간 축에 따라 데이터의 변화 추세를 그래프로 출력하는 화면이다. 이때 실내 공기질 유기 기준(다중이용시설 중 지하역사의 경우 이산화탄소\\(\\left(\\mathrm{CO}_{2}\\right) 1000 \\mathrm{ppm} \\) 이하 유지)이상의 값이 출력될 표 안의 영역은 노란색 바탕과 붉은 글씨체로 출력하도록 하여 사용자로 하여금 정상 데이터와 쉽게 구분할 수 있도록 개발하였다.</p>",
                "context_length": 3080,
                "clue": [
                    {
                        "clue_text": "원격 공기질 모니터링 시스템을 위한 게이트웨이는 열악한 지하철역 현장 조건과 무선 통신환경을 충분히 고려하여 하드웨어가 설계되어야 한다.",
                        "clue_start": "23",
                        "clue_end": "99"
                    },
                    {
                        "clue_text": "지하철역 승강장에 설치된 3개의 센서노드로부터 획득된 데이터는 서버 응용 프로그램에서 적절하게 해석되고 원격 모니터링 웹서버를 통해 출력된다.",
                        "clue_start": "2333",
                        "clue_end": "2412"
                    },
                    {
                        "clue_text": "그림 18은 원격 모니터링 웹서버를 이용하여 사용자가 원하는 일정기간을 웹페이지를 통해 입력받아 그 결과 데이터를 표 형태로 제공하고 시간 축에 따라 데이터의 변화 추세를 그래프로 출력하는 화면이다.",
                        "clue_start": "2786",
                        "clue_end": "2897"
                    },
                    {
                        "clue_text": "게이트웨이는 승강장에 설치된 무선랜 공유기로부터 하나의 IP를 부여받아 수신서버와 소켓 통신을 이용하여 데이터를 주고받는다.",
                        "clue_start": "486",
                        "clue_end": "555"
                    }
                ],
                "terminology": [
                    {
                        "word": "2D-바차트 (2D-bar chart)"
                    },
                    {
                        "word": "ARM"
                    },
                    {
                        "word": "ARM 계열"
                    },
                    {
                        "word": "CGI"
                    },
                    {
                        "word": "CGI (Common Gateway Interface)"
                    },
                    {
                        "word": "CPU"
                    },
                    {
                        "word": "CentOS"
                    },
                    {
                        "word": "DB테이블"
                    },
                    {
                        "word": "EPS실"
                    },
                    {
                        "word": "Gateway"
                    },
                    {
                        "word": "HTML"
                    },
                    {
                        "word": "HTML embedded"
                    },
                    {
                        "word": "IP"
                    },
                    {
                        "word": "Interface"
                    },
                    {
                        "word": "PHP"
                    },
                    {
                        "word": "Server"
                    },
                    {
                        "word": "TCP/IP"
                    },
                    {
                        "word": "TCP/IP 소켓"
                    },
                    {
                        "word": "ZigBee"
                    },
                    {
                        "word": "ZigBee 통신"
                    },
                    {
                        "word": "ZigBee 통신 모듈"
                    },
                    {
                        "word": "게이트웨이"
                    },
                    {
                        "word": "공기질 모니터링 시스템"
                    },
                    {
                        "word": "네트워크"
                    },
                    {
                        "word": "다중 스레드"
                    },
                    {
                        "word": "다중 접속"
                    },
                    {
                        "word": "데이터 포맷"
                    },
                    {
                        "word": "데이터베이스"
                    },
                    {
                        "word": "도메인"
                    },
                    {
                        "word": "도메인 주소"
                    },
                    {
                        "word": "디스플레이"
                    },
                    {
                        "word": "모니터링 시스템"
                    },
                    {
                        "word": "무선 센서 네트워크"
                    },
                    {
                        "word": "무선 통신환경"
                    },
                    {
                        "word": "무선랜"
                    },
                    {
                        "word": "부모 프로세서"
                    },
                    {
                        "word": "서버"
                    },
                    {
                        "word": "서버 응용"
                    },
                    {
                        "word": "서버 응용 프로그램"
                    },
                    {
                        "word": "센서"
                    },
                    {
                        "word": "센서 네트워크"
                    },
                    {
                        "word": "센서노드"
                    },
                    {
                        "word": "소켓"
                    },
                    {
                        "word": "수신서버"
                    },
                    {
                        "word": "스레드"
                    },
                    {
                        "word": "시스템 설계"
                    },
                    {
                        "word": "싱크노드"
                    },
                    {
                        "word": "아파치"
                    },
                    {
                        "word": "아파치 웹서버"
                    },
                    {
                        "word": "양방향 통신"
                    },
                    {
                        "word": "업데이트"
                    },
                    {
                        "word": "원격 공기질 모니터링 시스템"
                    },
                    {
                        "word": "웹서버 모듈"
                    },
                    {
                        "word": "유기"
                    },
                    {
                        "word": "응용 프로그래밍"
                    },
                    {
                        "word": "응용 프로그램"
                    },
                    {
                        "word": "이산화탄소"
                    },
                    {
                        "word": "임베디드 리눅스"
                    },
                    {
                        "word": "측정 데이터"
                    },
                    {
                        "word": "캐쉬"
                    },
                    {
                        "word": "클라이언트 프로그램"
                    },
                    {
                        "word": "클럭"
                    },
                    {
                        "word": "통신 모듈"
                    },
                    {
                        "word": "파일 캐쉬"
                    },
                    {
                        "word": "프로그래밍 모듈"
                    },
                    {
                        "word": "프로세서"
                    },
                    {
                        "word": "하드웨어"
                    }
                ]
            },
            {
                "context_id": "55e-0c9-3934d7f1-f40a-4fff-9ec0-ddf4968f2b10",
                "context_K-NSCC": {
                    "field": "인공물",
                    "large_category": "EE",
                    "medium_category": "99"
                },
                "context": "<h1>II. 공기질 센서의 이론적 고찰 및 신뢰성 검증</h1><h2>1. NDIR 방식의 이론적 배경</h2><p>일반적으로 \\( \\mathrm{CO}_{2} \\)농도를 측정하기 위하여 비분산 적외선 분광법 (NDIR; Non-Dispersive Infrared)이 적용되고 있다. NDIR방식은 가스의 종류에 따라 적외선의 홉광도가 다른 점을 이용하여 적외선의 홉광도를 측정하여 특정 가스의 농도를 측정하는 방법이다. NDIR가스 센서는 이러한 특성을 이용하여, 산소나 질소 등의 단원 분자를 제외한 대부분의 가스를 검출할 수 있어 매우 유용한 방법으로 알려있다. 그림 1은 이산화탄소 농도를 측정하기 위한 NDIR방식 센서의 기본적인 구성도를 보여준다. NDIR센서는 일반적으로 적외선 광원, 광 공동, 광학 필터, 적외선 검출기로 구성된다. 측정 원리는 적외선 광원으로부터 적외선이 광공동으로 입사되면 광 공동 내에 존재하는 가스에 의해 특정 파장 대역의 적외선이 흡수된다. 이때, \\( \\mathrm{CO}_{2} \\)의 경우 약 \\( 4.28 \\mu \\mathrm{m} \\) 영역에서 적외선에 대해 매우 좋은 흡수 특성을 갖는다. 따라서 흡수된 양 만큼의 적외선 에너지가 감소되고 그 후 감소된 적외선이 \\( 4.28 \\mu \\mathrm{m} \\) 영역만을 필터링하는 광학 필터를 통과하여 적외선 검출기에 의해 검출되어, \\( \\mathrm{CO}_{2} \\) 농도를 측정하게 된다. 그러나 \\( 4.2 \\mu \\mathrm{m} \\)의 적외선은 열적외선으로 광 공동을 구성하는 물질의 열 진동을 유발하여 광 공동 내부의 온도를 증가시켜 측정오차를 발생할 수 있으므로 \\( \\mathrm{CO}_{2} \\)의 농도를 정밀하게 측정하기 위해서는 광 공동의 환기구 설계가 필수적이다.</p><p>NDIR분광법에 이용되는 Lambert-Beer의 법칙을 정리하면 다음과 같다.</p><p>\\( \\frac{I_{d}}{I_{o}}=e^{-\\alpha \\times x \\times L} \\)<caption>(1)</caption></p><p>여기서, \\( I_{o}\\left(W / \\mathrm{cm}^{2}\\right) \\)는 적외선 광원에서 방출되는 광 강도이고, \\( I_{d}\\left(\\mathrm{W} / \\mathrm{cm}^{2}\\right) \\)는 적외선 검출기에서의 광 강도, \\( \\alpha \\)는 특정 가스의 적외선 흡수 계수, \\( x \\)는 가스 농도 \\(\\mathrm{ppm}\\), \\( L \\)은 광 공동 내에서 적외선 광원과 적외선 검출기 간의 광 경로 길이이다. 따라서 식(1)에서 알 수 있듯이 긴 광 경로 \\( (L) \\)가 만족되면 미량의 가스 농도 (\\(c\\)) 변화에 민감한 센서 특성을 확보할 수 있는 방식이다. 즉, NDIR방식의 센서는 우수한 특성을 보장하기 위해 광 경로를 최대한 길게 연장하여 가스에 의해 흡수가 많이 일어날 수 있게 하는 것이 주요 관건이다.</p><p>하지만 광 경로를 크게 하기 위해 광 공동의 크기를 크게 할 경우, 가스 센서의 부피가 커지고 단가가 상승하게 된다. 따라서 본 논문에서는 무선 센서 네트워크의 특성인 소형화를 위해 광 경동 내부애 렌즈를 효과적으로 배치하여 광 경로를 확장시킨 NDIR방식의 이산화탄소 센서를 채택하였다.</p>",
                "context_length": 1638,
                "clue": [
                    {
                        "clue_text": "NDIR방식은 가스의 종류에 따라 적외선의 홉광도가 다른 점을 이용하여 적외선의 홉광도를 측정하여 특정 가스의 농도를 측정하는 방법이다.",
                        "clue_start": "160",
                        "clue_end": "236"
                    },
                    {
                        "clue_text": "측정 원리는 적외선 광원으로부터 적외선이 광공동으로 입사되면 광 공동 내에 존재하는 가스에 의해 특정 파장 대역의 적외선이 흡수된다.",
                        "clue_start": "420",
                        "clue_end": "494"
                    },
                    {
                        "clue_text": "즉, NDIR방식의 센서는 우수한 특성을 보장하기 위해 광 경로를 최대한 길게 연장하여 가스에 의해 흡수가 많이 일어날 수 있게 하는 것이 주요 관건이다.",
                        "clue_start": "1380",
                        "clue_end": "1466"
                    },
                    {
                        "clue_text": "하지만 광 경로를 크게 하기 위해 광 공동의 크기를 크게 할 경우, 가스 센서의 부피가 커지고 단가가 상승하게 된다.",
                        "clue_start": "1473",
                        "clue_end": "1538"
                    }
                ],
                "terminology": [
                    {
                        "word": "Lambert-Beer의 법칙"
                    },
                    {
                        "word": "NDIR"
                    },
                    {
                        "word": "NDIR가스"
                    },
                    {
                        "word": "NDIR분광법"
                    },
                    {
                        "word": "검출기"
                    },
                    {
                        "word": "공기질 센서"
                    },
                    {
                        "word": "광 강도"
                    },
                    {
                        "word": "광 경로"
                    },
                    {
                        "word": "광 공동"
                    },
                    {
                        "word": "광공동"
                    },
                    {
                        "word": "광학 필터"
                    },
                    {
                        "word": "네트워크"
                    },
                    {
                        "word": "단원 분자"
                    },
                    {
                        "word": "무선 센서 네트워크"
                    },
                    {
                        "word": "센서"
                    },
                    {
                        "word": "센서 네트워크"
                    },
                    {
                        "word": "신뢰성"
                    },
                    {
                        "word": "열 진동"
                    },
                    {
                        "word": "이산화탄소 농도"
                    },
                    {
                        "word": "이산화탄소 센서"
                    },
                    {
                        "word": "적외선 흡수 계수"
                    },
                    {
                        "word": "파장"
                    },
                    {
                        "word": "파장 대역"
                    },
                    {
                        "word": "홉광도"
                    },
                    {
                        "word": "흡수 계수"
                    },
                    {
                        "word": "흡수 특성"
                    }
                ]
            },
            {
                "context_id": "55e-0c9-1d1b12fb-fd01-4ecd-a626-eef45eb9e106",
                "context_K-NSCC": {
                    "field": "인공물",
                    "large_category": "EE",
                    "medium_category": "99"
                },
                "context": "<h1>IV. 도시 지하철역 현장 성능평가</h1><p>본 논문에서는 제안한 실시간 지하철역 공기질 모니터링 시스템 프로토타입에 대한 검증 및 문제점 도출을 위하여 실제 지하철역 내에서 현장 성능평가를 수행하였다. 이 원격 모니터링 시스템의 네트워크는 그림 19에서 보듯이 지하역사의 승강장 한쪽 방면에 3개의 센서노드와 한 개의 게이트웨이를 \\( 70 \\mathrm{m} \\)간격으로 설치하여 트리구조를 기본으로 구성하였다. 이때 각 센서노드와 게이트웨이 간의 멀티홉 통신은 IEEE 802.15.4기반의 ZigBee 기술을 사용하였고, 게이트웨이와 수신서버간의 통신은 IEEE 802.11b기반의 무선랜을 이용하여 전체 네트워크를 구성하였다.</p><p>현장에 설치된 지하철역 공기질 모니터링 시스템의 기본적인 동작은 다음과 같다. 우선 3개의 센서노드에서 \\( \\mathrm{CO}_{2} \\), 온도, 습도를 3초마다 측정하여 게이트웨이로 전송하다. 게이트웨이는 1분 동안 각 센서노드로부터 수신된 데이터를 평균하여 표준화된 데이터 포맷에 맞춰 데이터 스트림을 생성한 후 매분 0초에 수신서버로 전송한다.</p><p>그림 20~22는 실제 지하철 승강장에서 센서노드에 의해 측정된 데이터를 수신서버에 저장한 데이터 가운데 일주일 (2009년 5월 21일 (목) 오전 0시 5월 28일 (금) 오전 0시) 데이터를 분석한 결과이다. 그 분석 결과를 보면 각 센서노드의 데이터는 승강장의 동일한 위치에서 측정하지 않았지만 실내 공기의 분자확산 및 대류이동으로 인해 시간에 따른 변화 추세가 3지점에서 모두 유사한 것을 확인할 수 있다. 또한 그 결과를 바탕으로 각 공기질 측정 센서의 우수한 신뢰성을 확인할 수 있다. 왜냐하면 센서노드에 장착된 공기질 측정 센서별 특성은 실질적으로 약간씩 차이가 날 수 있지만 3지점에서 모두 동일한 변화를 보이기 때문이다.</p><p>그림 20과 그림 21은 시간 축에 따라 달라지는 지하철역 승강장에서의 습도와 온도를 각각 보여주고 있다. 그림 20에서 볼 수 있듯이 습도의 변화 폭은 \\( 25 \\sim 65 \\% \\)사이로 시간에 따라 급격하계 변하는 특성을 보이고, 온도의 경우 \\( 29 \\sim 30^{\\circ} \\mathrm{C} \\)사이로 비교적 변화 폭이 적은 것을 관찰할 수 있다.</p><p>결과적으로 지하철역 승강장의 평균 실내 온도는 다중시설의 실내 적정 온도 \\( 26 \\sim 28^{\\circ} \\mathrm{C} \\)보다 약간 높은 편이고, 승강장의 평균 습도는 실내 적정습도인 \\(55% \\sim 60 \\% \\) 를 적절하게 유지하고 있음을 확인할 수 있다. 그림 22는 시간 축에 따라 \\( \\mathrm{CO}_{2} \\) 농도의 변화를 보여준다. 그 결과를 살펴보면 평균적으로 \\( 500 \\mathrm{ppm} \\)을 기준으로 \\( \\pm 100 \\mathrm{ppm} \\) 의 변화율을 보여주고 있으며, 최소 \\( 400 \\mathrm{ppm} \\)에서 최대 \\( 600 \\mathrm{ppm} \\)에까지 관찰된다. 또한 매일 오전 0시 오전 9시까지 \\( \\mathrm{CO} \\)농도가 감소하고 있는 것을 확인할 수 있는데, 그 이유는 새벽시간대 승강장 내 유동인구가 거의 없고 승강장 물청소로 인한 것으로 판단된다.</p>",
                "context_length": 1629,
                "clue": [
                    {
                        "clue_text": "본 논문에서는 제안한 실시간 지하철역 공기질 모니터링 시스템 프로토타입에 대한 검증 및 문제점 도출을 위하여 실제 지하철역 내에서 현장 성능평가를 수행하였다.",
                        "clue_start": "31",
                        "clue_end": "119"
                    },
                    {
                        "clue_text": "결과적으로 지하철역 승강장의 평균 실내 온도는 다중시설의 실내 적정 온도 \\( 26 \\sim 28^{\\circ} \\mathrm{C} \\)보다 약간 높은 편이고, 승강장의 평균 습도는 실내 적정습도인 \\(55% \\sim 60 \\% \\) 를 적절하게 유지하고 있음을 확인할 수 있다.",
                        "clue_start": "1149",
                        "clue_end": "1305"
                    },
                    {
                        "clue_text": "그림 22는 시간 축에 따라 \\( \\mathrm{CO}_{2} \\) 농도의 변화를 보여준다.",
                        "clue_start": "1306",
                        "clue_end": "1357"
                    },
                    {
                        "clue_text": "그 결과를 살펴보면 평균적으로 \\( 500 \\mathrm{ppm} \\)을 기준으로 \\( \\pm 100 \\mathrm{ppm} \\) 의 변화율을 보여주고 있으며, 최소 \\( 400 \\mathrm{ppm} \\)에서 최대 \\( 600 \\mathrm{ppm} \\)에까지 관찰된다.",
                        "clue_start": "1358",
                        "clue_end": "1510"
                    }
                ],
                "terminology": [
                    {
                        "word": "ZigBee"
                    },
                    {
                        "word": "ZigBee 기술"
                    },
                    {
                        "word": "게이트웨이"
                    },
                    {
                        "word": "공기질 측정 센서"
                    },
                    {
                        "word": "네트워크"
                    },
                    {
                        "word": "대류이동"
                    },
                    {
                        "word": "데이터 스트림"
                    },
                    {
                        "word": "데이터 포맷"
                    },
                    {
                        "word": "멀티홉"
                    },
                    {
                        "word": "멀티홉 통신"
                    },
                    {
                        "word": "무선랜"
                    },
                    {
                        "word": "분자확산"
                    },
                    {
                        "word": "센서"
                    },
                    {
                        "word": "센서노드"
                    },
                    {
                        "word": "수신서버"
                    },
                    {
                        "word": "실시간 지하철역 공기질 모니터링 시스템 프로토타입"
                    },
                    {
                        "word": "원격 모니터링 시스템"
                    },
                    {
                        "word": "지하철역 공기질 모니터링 시스템"
                    },
                    {
                        "word": "트리구조"
                    },
                    {
                        "word": "표준화"
                    }
                ]
            }
        ]
    }
}