{
    "dataset_info": {
        "identifier": "02-031-002-NL",
        "name": "기술과학 문서 요약 데이터",
        "category": "자연어",
        "last_updated": "2023-08-30"
    },
    "dataset": {
        "doc_id": "31a7cd33-043c26c1-9ed4-44bb-ae70-57c8ec99a46f",
        "doc_type": "논문",
        "doc_title": {
            "kor": "기타의 음 합성을 위한 병렬 프로세서 구현",
            "eng": ""
        },
        "doc_category": {
            "KDC": "530.2405",
            "DDC": "620.2"
        },
        "doc_number": {
            "ISSN": "1225-4428",
            "ISBN": "",
            "DOI": "",
            "UCI": ""
        },
        "doc_year": "2010",
        "doc_author": [
            "최지원",
            "김용민",
            "조상진",
            "김종면",
            "정의필"
        ],
        "doc_publisher": "한국음향학회",
        "doc_license": "CC BY-NC",
        "context_info": [
            {
                "context_id": "55e-0c9-f245282d-280f-47a7-a884-3e4933eec75d",
                "context_K-NSCC": {
                    "field": "인공물",
                    "large_category": "EE",
                    "medium_category": "11"
                },
                "context": "<h1>Ⅰ. 서 론</h1><p>악기 음 합성을 위해 물리적 모델링 (physical mode-ling) 방식의 연구가 활발히 진행되어 오고 있다. 물리적 모델링은 악기나 악기 내부의 파동을 분석하여 설계한 디지털 필터로 음을 합성하는 방식이다. 따라서 디지털 필터의 파라미터를 조작함으로서 음색을 조절 하고 특정필터를 추가 및 제거함으로써 연주방식을 표현 할 수 있다. 물리적 모델링은 데부분 디지털 도파관 (digital waveguide)을 이용한 방식을 사용하여 악기의 소리 발생 원리를 분석하고 그에 적합한 모델을 만들어 음을 합성한다.</p><p>A. Su는 중국의 구친 (Gu-Chin)이라는 현악기 모델링에 대해 연구하였고, V. Valimaki는 칸텔레 (Kantele)라는 핀란드 전통악기를 모델링하였다. 국내에서는 산조 가야금의 물리적 모델링에 대한 연구, 편경에 대한 진동모드 분석 및 물리적 모델링 합성법을 이용한 줄 없는 기타 구현 등이 있다. 그러나 손으로 현을 뜯거나 튕겨서 연주하는 현악기의 음 합성 알고리즘은 상당한 양의 연산과 입출력 처리를 요구하기 때문에 살시간으로 사용되는 애플리케이션에 적용하기에는 많은 어려움이 있다. 특히 현악기 사운드 엔진 개발의 경우 기존 프로세서의 성능 제약으로 인하여 고 음질의 악기 음 합성 알고리즘을 구현하기 어려운 실정이다.</p><p>ASIC (Application-Specific Integrated Circuit)은 이러한 음 합성 알고리즘에서 요구되는 고 성능, 저전력을 충족시킬 수 있지만 다양한 애플리캐이션에서 요구되는 프로그램 능력 (programmability)과 유연성 (flexibility)을 만족시키지 못한다. 반면에 범용 프로세서 (General-Purpose Processor, GPP)나 DSP (Digital Signal Pro-cessor)들은 다양한 애플리케이션에 대해 충분한 프로그램 능력과 유연성을 제공한다. 하지만, 멀티미디어 애플리케이션에서 요구되는 높은 레벨의 성능을 만족시키지 못한다. 왜냐하면 GPP나 DSP는 프로세서 구조의 특성상 멀티미디어에 내재한 고동 병렬성 (massive parallelism)을 활용하지 못하기 때문이다.</p><p>음 합성 애플리케이션의 성능을 충족시킬 수 있는 프로세서 모델 중에서 SIMD기반 병렬 프로세서 아키텍처가 대안으로 부각되고 있다. 명령어 레벨 (Instruct-level)이나 스레드 레밸 (thread-level) 프로세서들은 실리콘 면적을 멀티포트 레지스터 파일 (multiported register file), 캐쉬 (cache), 파이프라인 (deep pipelined) 기능유닛 등으로 사용하는 반면, SIMD기반 병렬 프로세서는 수천 개의 저비용 프로세싱 엘리먼트 (processing element, PE)들을 이용하여 고성능을 추구하고 동시에 저장장소와 데이터 통신 요구를 최소화하기 위해 프로세싱 엘리먼트와 데이테 입출력을 동일위치에 배치함으로써 저 전력을 만족시킨다.</p><p>본 논문에서는 대표적 현악기인 기타의 물리적 모델링 합성법을 이용하여 실시간으로 음 합성을 하기 위해 SIMD기반 병렬 프로세서 아키텍처를 제안한다. 제안한 SIMD기반 병렬 프로세서는 6개의 프로세싱 엘리먼트 (processing element, PE)로 구성되어 있으며, 각각의 프로세싱 엘리먼트는 6줄로 구성된 기타의 해당되는 현을 모델링한다. 따라서, 각 현의 여기신호와 파라미터를 음 합성 병렬 알고리즘의 입력으로 받아 동시에 6개 현의 합성된 음을 실시간으로 생성할 수 있다. 표본화 비율을 \\( 44.1 \\mathrm{kHz} \\) 로 설정하고 16비트 양자화 데이터의 음을 합성한 실험 결과, 제안한 SIMD기반 병렬 프로세서를 이용한 합성음은 원음과 매우 유사하였다. 또한, 현재 상용화되고 있는 고성능 DSP인 T1사의 TMS32006416과 성능을 비교한 결과, 제안한 SIMD기반 병렬 프로세서는 C6416보다 8.9배의 성능 향상 및 39.8배의 에너지 효율 향상을 보였다. 이러한 결과는 현악기를 포함한 다양한 악기의 사운드 엔진 개발에 있어서 재안한 병렬 프로세서의 무한한 잠재 가능성을 보여준다.</p><p>본 논문의 구성은 다음과 같다. 2장에서는 디지털 도파관을 이용한 현악기의 물리적 모델링을 소개하고, 3장에서는 제안한 SIMD기반 병렬 프로세서 모델과 음 합성 병렬 알고리즘을 소개한다. 그리고 4장에서는 SIMD기반 병렬 프로세서를 이용한 기타의 음 합성 결과를 확인하고, 상용 프로세서인 C6416과 성능 및 에너지 효율을 비교 및 분석한다. 끝으로 6장에서는 이 논문의 결론을 맺는다.</p>",
                "context_length": 2293,
                "clue": [
                    {
                        "clue_text": "물리적 모델링은 악기나 악기 내부의 파동을 분석하여 설계한 디지털 필터로 음을 합성하는 방식이다.",
                        "clue_start": "83",
                        "clue_end": "137"
                    },
                    {
                        "clue_text": "물리적 모델링은 데부분 디지털 도파관 (digital waveguide)을 이용한 방식을 사용하여 악기의 소리 발생 원리를 분석하고 그에 적합한 모델을 만들어 음을 합성한다.",
                        "clue_start": "208",
                        "clue_end": "305"
                    },
                    {
                        "clue_text": "본 논문에서는 대표적 현악기인 기타의 물리적 모델링 합성법을 이용하여 실시간으로 음 합성을 하기 위해 SIMD기반 병렬 프로세서 아키텍처를 제안한다.",
                        "clue_start": "1490",
                        "clue_end": "1573"
                    },
                    {
                        "clue_text": "표본화 비율을 \\( 44.1 \\mathrm{kHz} \\) 로 설정하고 16비트 양자화 데이터의 음을 합성한 실험 결과, 제안한 SIMD기반 병렬 프로세서를 이용한 합성음은 원음과 매우 유사하였다.",
                        "clue_start": "1763",
                        "clue_end": "1872"
                    },
                    {
                        "clue_text": "또한, 현재 상용화되고 있는 고성능 DSP인 T1사의 TMS32006416과 성능을 비교한 결과, 제안한 SIMD기반 병렬 프로세서는 C6416보다 8.9배의 성능 향상 및 39.8배의 에너지 효율 향상을 보였다.",
                        "clue_start": "1873",
                        "clue_end": "1992"
                    }
                ],
                "terminology": [
                    {
                        "word": "ASIC"
                    },
                    {
                        "word": "Circuit"
                    },
                    {
                        "word": "DSP"
                    },
                    {
                        "word": "GPP"
                    },
                    {
                        "word": "PE"
                    },
                    {
                        "word": "Processor"
                    },
                    {
                        "word": "SIMD기반"
                    },
                    {
                        "word": "file"
                    },
                    {
                        "word": "pipelined"
                    },
                    {
                        "word": "register"
                    },
                    {
                        "word": "고동 병렬성"
                    },
                    {
                        "word": "고동 병렬성 (massive parallelism)"
                    },
                    {
                        "word": "기능유닛"
                    },
                    {
                        "word": "도파관"
                    },
                    {
                        "word": "디지털 도파관"
                    },
                    {
                        "word": "디지털 도파관 (digital waveguide"
                    },
                    {
                        "word": "디지털 필터"
                    },
                    {
                        "word": "레지스터"
                    },
                    {
                        "word": "멀티포트 레지스터 파일"
                    },
                    {
                        "word": "명령어 레벨"
                    },
                    {
                        "word": "명령어 레벨 (Instruct-level"
                    },
                    {
                        "word": "모델링"
                    },
                    {
                        "word": "물리적 모델링"
                    },
                    {
                        "word": "물리적 모델링 (physical mode-ling"
                    },
                    {
                        "word": "범용 프로세서"
                    },
                    {
                        "word": "병렬 알고리즘"
                    },
                    {
                        "word": "병렬 프로세서"
                    },
                    {
                        "word": "병렬 프로세서 아키텍처"
                    },
                    {
                        "word": "병렬성"
                    },
                    {
                        "word": "사운드 엔진"
                    },
                    {
                        "word": "산조 가야금"
                    },
                    {
                        "word": "스레드"
                    },
                    {
                        "word": "스레드 레밸"
                    },
                    {
                        "word": "스레드 레밸 (thread-level)"
                    },
                    {
                        "word": "실리콘"
                    },
                    {
                        "word": "실리콘 면적"
                    },
                    {
                        "word": "아키텍처"
                    },
                    {
                        "word": "알고리즘"
                    },
                    {
                        "word": "애플리캐이션"
                    },
                    {
                        "word": "애플리케이션"
                    },
                    {
                        "word": "양자화"
                    },
                    {
                        "word": "양자화 데이터"
                    },
                    {
                        "word": "에너지 효율"
                    },
                    {
                        "word": "엘리먼트"
                    },
                    {
                        "word": "유연성 (flexibility)"
                    },
                    {
                        "word": "음 합성 알고리즘"
                    },
                    {
                        "word": "진동모드"
                    },
                    {
                        "word": "캐쉬"
                    },
                    {
                        "word": "캐쉬 (cache"
                    },
                    {
                        "word": "파라미터"
                    },
                    {
                        "word": "파이프라인"
                    },
                    {
                        "word": "파이프라인 (deep pipelined"
                    },
                    {
                        "word": "편경"
                    },
                    {
                        "word": "프로그램 능력 (programmability)"
                    },
                    {
                        "word": "프로세서"
                    },
                    {
                        "word": "프로세서 아키텍처"
                    },
                    {
                        "word": "프로세싱 엘리먼트"
                    },
                    {
                        "word": "합성"
                    },
                    {
                        "word": "합성음"
                    },
                    {
                        "word": "현악기"
                    }
                ]
            },
            {
                "context_id": "55e-0c9-merge_2_31a7cd33-043c26c1-9ed4-44bb-ae70-57c8ec99a46f_02",
                "context_K-NSCC": {
                    "field": "인공물",
                    "large_category": "EE",
                    "medium_category": "11"
                },
                "context": "<h1>Ⅱ. 디지털 도파관을 이용한 현악기의 물리적 모델링</h1> <p>현악기의 물리적 모델링에 대하여 많은 연구가 진행되어 왔다. J. O. Smith가 제안한 디지털 도파관 모델링은 악기의 파동을 모델링하는 방식으로, 현악기의 물리적 모델링에 가장 일반적으로 사용된다. 모든 악기는 공기의 파동 및 악기 자체의 파동을 가지게 된다. 예를 들어 관악기는 관 속에서 좌우로 움직이는 파동을 가지게 되고, 현악기에서는 현에서 좌우로 움직이는 파동을 가지게 된다. 이러한 파동은 특정방향 \\((x-y) \\)축만 따라 움직이게 되고, 이렇게 한 방향을 따라서 움직일 수 있도록 하는 악기의 물리적 구조를 디지털 도파관이라고한다. 디지털 도파관 모델은 이리한 물리적 구조를 따라 움직이는 파동을 모델링한 것을 말한다.</p> <p>디지털 도파관 합성에서 줄의 진둥과 몸체의 방사에 대한 블록 다이어그램은 그림 1과 같다. 여기신호(excitation signal) \\( x(n) \\)은 몸체의 방사 단성을 포함하고 있고, 웨이브 테이블 (wave table)에 저장된다. 지연라인 (delay line) 길이는 포본화 비율 \\( f_ { S } \\)와 기본 주파수 \\( f_ { 0 } \\) 의 비 \\( \\left ( \\mathrm { L } = f_ { S } / f_ { 0 } \\right ) \\) 로 계산되며, \\( L=L_ { I } + L_ { f } \\) 이다. \\( L_ { l } \\) 는 지연 라인의 정수부, \\( L_ { f } \\) 는 실수부이다. 그리고 지연라인의 길이는 파동의 속도에 따라 가변적이다. 미소지연필터 (fractional delay filter) \\( F(z) \\)는 미소지연 \\( L_ { f } \\)를 보상하기 위한 것이고, 본 논문에서는 식 (1)과 같은 1차 라그랑주 보간기를 사용하였다.</p> <p>\\( F(z)=h_ { 0 } + h_ { 1 } z ^ { -1 } \\)<caption>(1)</caption></p> <p>루프필터 (loop filter) \\( H_ { l } (z) \\)는 현의 진동이 감쇄되는 현상을 표현하기 위한 것으로, 저역통과필터 (low-pass filter)의 특성을 가지며 식 (2)와 같이 나타낼 수 있다.</p> <p>\\( H_ { l } (z)= \\frac { g \\left (1 + a_ { 1 } \\right ) } { 1 + a_ { 1 } z ^ { -1 } } \\)<caption>(2)</caption></p> <p>최종적으로 도파관 모델을 이용한 기타의 진단함수는 식 (3)과 같다.</p> <p>\\( S(z)= \\frac { 1 } { 1-z ^ { L_ { t } } F(z) H_ { l } (z) } \\)<caption>(3)</caption></p>",
                "context_length": 1374,
                "clue": [
                    {
                        "clue_text": "모든 악기는 공기의 파동 및 악기 자체의 파동을 가지게 된다.",
                        "clue_start": "154",
                        "clue_end": "188"
                    },
                    {
                        "clue_text": "예를 들어 관악기는 관 속에서 좌우로 움직이는 파동을 가지게 되고, 현악기에서는 현에서 좌우로 움직이는 파동을 가지게 된다.",
                        "clue_start": "189",
                        "clue_end": "258"
                    },
                    {
                        "clue_text": "이러한 파동은 특정방향 \\((x-y) \\)축만 따라 움직이게 되고, 이렇게 한 방향을 따라서 움직일 수 있도록 하는 악기의 물리적 구조를 디지털 도파관이라고한다.",
                        "clue_start": "259",
                        "clue_end": "349"
                    },
                    {
                        "clue_text": "디지털 도파관 모델은 이리한 물리적 구조를 따라 움직이는 파동을 모델링한 것을 말한다.",
                        "clue_start": "350",
                        "clue_end": "398"
                    }
                ],
                "terminology": [
                    {
                        "word": "다이어그램"
                    },
                    {
                        "word": "도파관"
                    },
                    {
                        "word": "도파관 합성"
                    },
                    {
                        "word": "디지털 도파관"
                    },
                    {
                        "word": "라그랑주 보간기"
                    },
                    {
                        "word": "루프필터"
                    },
                    {
                        "word": "모델링"
                    },
                    {
                        "word": "물리적 모델링"
                    },
                    {
                        "word": "방사 단성"
                    },
                    {
                        "word": "보간기"
                    },
                    {
                        "word": "블록 다이어그램"
                    },
                    {
                        "word": "실수부"
                    },
                    {
                        "word": "여기신호"
                    },
                    {
                        "word": "웨이브 테이블"
                    },
                    {
                        "word": "저역통과필터"
                    },
                    {
                        "word": "정수부"
                    },
                    {
                        "word": "주파수"
                    },
                    {
                        "word": "지연라인"
                    },
                    {
                        "word": "진단함수"
                    },
                    {
                        "word": "포본화 비율"
                    },
                    {
                        "word": "합성"
                    }
                ]
            },
            {
                "context_id": "55e-0c9-6c8169b4-50a5-4fa0-b640-096f18782175",
                "context_K-NSCC": {
                    "field": "인공물",
                    "large_category": "EE",
                    "medium_category": "11"
                },
                "context": "<h1>III. SIMD 기반 병렬 프로세서와 기타 음 합성 병렬 알고리즘</h1><p>현 악기는 여러 줄로 구성이 되어 있어 이를 위한 모델링을 구현하기 위해서는 상당한 계산량이 필요한데, 이를 해결하기 위한 방법으로 본 논문에시는 SIMD 기반 병렬 프로세서를 제안한다.</p><p>SIMD기반 병렬 프로세서 아키텍처의 블록 다이어그램은 그림 2와 같다. SIMD 병렬 프로세서는 여러 개의 프로세싱 엘리먼트와 이를 제어하는 Array Control Unit (ACU)으로 구성된다. 데이터가 각 프르세싱 엘리먼트들에 일정하게 분배되면 프로세싱 엘리먼트를은 메쉬 배열구조에서 명령어들을 수행한다. 본 논문에서는 기타의 6개 현을 모델링하기 위해 6개의 프로세싱 엘리먼트를 메쉬 구조로 연결하였다. 각 프로세싱 엘리먼트는 다음과 같은 특징을 가진다.</p><ul><li>32비트 폭의 512개 워드로 구성된 로컬 메모리</li><li>32비트 폭의 16개 3포트 범용 레지스터</li><li>기본적인 산술/논리 연산을 수행하는 ALU</li><li>64비트 곱셈 및 누산기 (multiply accumulator)</li><li>멀티 비트 산술/논리 시프트 연산을 수행하는 배럴 시프트 (Barrel Shifter)</li><li>지역 정보를 이용해 각 PE들을 활성 및 비활성 시키는 Sleep 유닛</li><li>이웃하는 프로세싱 엘리먼트들과 데이터 통신을 위한 NEWS (north-east-west-south) 네트워크 밎 serial I/O 유닛</li></ul><p>기타의 음 합성을 위한 병렬 알고리즘은 그림 3과 같다. 기타의 음 합성을 위해 먼저 기타의 연주 방법과 각 줄에 해당하는 여기 신호와 파라미터들을 입력으로 넣어 준다. ACU (Array control unit)는 입력 받은 데이터들을 각 줄에 맞게 6개의 프로세싱 엘리먼트에 분배한다. 프로세싱 엘리먼트는 각 연주 방법에 따른 파동의 상대적인이동속도 (velocity)를 계산하여 지연 라인의 길이를 결정하고, 세 개의 파라미터인 \\( a_{l} \\) (루프 v필터 계수), \\( g \\) (루프필터의 이득) 그리고 \\( h_{0},} h_{1} \\) (라그랑주 보간기의 필터 계수)를 이용하여 음을 합성한다. 음 합성 과정의 반복을 통해 각각의 프로세싱 엘리먼트는 해당되는 현의 음을 합성할 뿐만 아니라 6줄의 기타 음을 동시에 합성할 수 있다.</p><p>제안한 SIMD기반 병렬 프로세서는 저비용 저전력 및 고성능을 만족시키기 위해 정수 연산을 지원한다. 따라서 음 합성 알고리즘에서 사용되는 실수 연산 (floating point operations)은 Q-format을 사용하여 정수로 변환하여 처리하였다. 기타 음 합성 위한 알고리즘의 주요 연산 부분을 표 1에 나타내었다. SIMD기반 병렬 프로세서에서 지원하는 정수 명령어를 사용하여 합성음 알고리즘에 사용되는 실수 연산을 수행하기 위해 음 합성에 사용한 여기 신호 및 필터 파라미터에 \\( 2^{16} \\) 을 곱하여 (쉬프트 명령어 사용) 16비트 데이터 값으로 만들었다. 표 1의 C 언어 소스의 \\( g^{*}(1+a)^{*} \\) Dline[index]의 결과가 48비트 데이터가 되기 때문에, 64비트 곱셈 및 누산기를 사용하여 누산기의 상위 32비트만 가져온다. 결과 값에서는 쉬프트 명령어를 사용하여 \\( 2^{16} \\) 을 나누어 이를 보정하였다.</p><p>표 1에서 보여준 음 합성 부분을 SIMD기반 프로세서와 C6416을 사용하여 수행한 결과에 대한 성능 비교는 표 2와 같다. 동일한 연산 처리에서 제안한 SIMD기반 병렬 프로세서는 C6416보다 14배의 성능 향상을 보였다. C6416의 겅우, 프로그램과 데이터를 internal RAM에 저장하고 컴파일 옵션을 -o3로 수행한 결과이다.</p>",
                "context_length": 1888,
                "clue": [
                    {
                        "clue_text": "현 악기는 여러 줄로 구성이 되어 있어 이를 위한 모델링을 구현하기 위해서는 상당한 계산량이 필요한데, 이를 해결하기 위한 방법으로 본 논문에시는 SIMD 기반 병렬 프로세서를 제안한다.",
                        "clue_start": "49",
                        "clue_end": "153"
                    },
                    {
                        "clue_text": "SIMD 병렬 프로세서는 여러 개의 프로세싱 엘리먼트와 이를 제어하는 Array Control Unit (ACU)으로 구성된다.",
                        "clue_start": "201",
                        "clue_end": "272"
                    },
                    {
                        "clue_text": "제안한 SIMD기반 병렬 프로세서는 저비용 저전력 및 고성능을 만족시키기 위해 정수 연산을 지원한다.",
                        "clue_start": "1199",
                        "clue_end": "1255"
                    },
                    {
                        "clue_text": "동일한 연산 처리에서 제안한 SIMD기반 병렬 프로세서는 C6416보다 14배의 성능 향상을 보였다.",
                        "clue_start": "1764",
                        "clue_end": "1820"
                    }
                ],
                "terminology": [
                    {
                        "word": "ACU"
                    },
                    {
                        "word": "ALU"
                    },
                    {
                        "word": "Array"
                    },
                    {
                        "word": "Array Control Unit"
                    },
                    {
                        "word": "C 언어"
                    },
                    {
                        "word": "I/O"
                    },
                    {
                        "word": "Q-format"
                    },
                    {
                        "word": "RAM"
                    },
                    {
                        "word": "SIMD"
                    },
                    {
                        "word": "SIMD기반"
                    },
                    {
                        "word": "Shifter"
                    },
                    {
                        "word": "accumulator"
                    },
                    {
                        "word": "control unit"
                    },
                    {
                        "word": "operations"
                    },
                    {
                        "word": "unit"
                    },
                    {
                        "word": "네트워크"
                    },
                    {
                        "word": "누산기"
                    },
                    {
                        "word": "다이어그램"
                    },
                    {
                        "word": "레지스터"
                    },
                    {
                        "word": "로컬 메모리"
                    },
                    {
                        "word": "멀티 비트"
                    },
                    {
                        "word": "메모리"
                    },
                    {
                        "word": "메쉬 구조"
                    },
                    {
                        "word": "메쉬 배열구조"
                    },
                    {
                        "word": "범용 레지스터"
                    },
                    {
                        "word": "병렬 알고리즘"
                    },
                    {
                        "word": "병렬 프로세서"
                    },
                    {
                        "word": "병렬 프로세서 아키텍처"
                    },
                    {
                        "word": "보간기"
                    },
                    {
                        "word": "블록 다이어그램"
                    },
                    {
                        "word": "산술/논리 연산"
                    },
                    {
                        "word": "시프트"
                    },
                    {
                        "word": "시프트 연산"
                    },
                    {
                        "word": "아키텍처"
                    },
                    {
                        "word": "알고리즘"
                    },
                    {
                        "word": "엘리먼트"
                    },
                    {
                        "word": "여기 신호"
                    },
                    {
                        "word": "음 합성 알고리즘"
                    },
                    {
                        "word": "정수"
                    },
                    {
                        "word": "정수 연산"
                    },
                    {
                        "word": "파라미터"
                    },
                    {
                        "word": "프로세서"
                    },
                    {
                        "word": "프로세서 아키텍처"
                    },
                    {
                        "word": "프로세싱 엘리먼트"
                    },
                    {
                        "word": "필터 계수"
                    },
                    {
                        "word": "필터 파라미터"
                    },
                    {
                        "word": "합성"
                    },
                    {
                        "word": "합성음"
                    },
                    {
                        "word": "활성"
                    }
                ]
            }
        ]
    }
}