{
    "dataset_info": {
        "identifier": "02-031-002-NL",
        "name": "기술과학 문서 요약 데이터",
        "category": "자연어",
        "last_updated": "2023-08-30"
    },
    "dataset": {
        "doc_id": "114998e3-deddf668-468c-44fc-ba39-a121b408202c",
        "doc_type": "논문",
        "doc_title": {
            "kor": "MPIRace-Check V 1.0:MPI 병렬 프로그램의 메시지경합 탐지를 위한 도구",
            "eng": ""
        },
        "doc_category": {
            "KDC": "413.05",
            "DDC": ""
        },
        "doc_number": {
            "ISSN": "2287-5891",
            "ISBN": "",
            "DOI": "",
            "UCI": ""
        },
        "doc_year": "2008",
        "doc_author": [
            "박미영",
            "정상화"
        ],
        "doc_publisher": "한국정보처리학회",
        "doc_license": "CC BY-NC",
        "context_info": [
            {
                "context_id": "55e-0c9-10743209-6026-4001-af88-eac51a849ffb",
                "context_K-NSCC": {
                    "field": "인공물",
                    "large_category": "EE",
                    "medium_category": "99"
                },
                "context": "<h1>2. 연구배경</h1> <h2>2.1 프로그램 모델</h2> <p>메시지전달 프로그램의 수행은 수행 중에 발생하는 사건들의 집합과 그들 간의 순서관계(happened-before)로 표현될 수 있다. 모든 수행에서 사건 \\( a \\) 가 사건 \\( b \\) 보다 항상 먼저 수행하는 경우 그들 간의 순서관계는 “ \\( (a \\) 발생 후 \\( b) \\) 관계가 만족된다.”고 하며, 이를 \\( a \\rightarrow b \\) 로 표기한다. 예를 들어 하나의 프로세스 내에서 순서적으로 발생하는 두 사건 \\( \\{a, b\\} \\) 가 존재하는 경우에 \\( (a \\rightarrow b \\vee b \\rightarrow a) \\)가 만족된다. 다른 프로세스 간에 메시지 전달을 위한 송수신사건 \\( \\{s, r\\} \\) 이 존재하면, 메시지 송신사건 \\( s \\) 와 대응되는 수신사건 \\( r \\) 간에는 \\( s \\rightarrow r \\) 를 만족한다. 여기서 \\( \\rightarrow \\) 는 비반사적 추이적 폐쇄(irreflexive transitive closure) 관계를 의미하며, 임의의 세 사건 \\( \\{a, b, c\\} \\) 가 존재하고 \\( (a \\rightarrow b \\wedge b \\rightarrow c) \\) 이 만족되면 \\( a \\rightarrow c \\) 가 만족된다. 임의의 두 사건 \\( a \\) 와 \\( b \\) 사이에서 \\( (a \\) 발생 후 \\( b) \\) 관계가 만족되지 않을 때는 그들 간의 관계를 \\( a \\nrightarrow b \\) 로 표기한다.</p> <p>메시지경합은 동일한 논리적 통신채널로 두 개 이상의 메시지들이 병행하게 전송될 때 발생하며, 네트워크의 통신지연이나 프로세스 스케쥴링에 의해서 경합하는 메시지들의 도착순서가 달라진다. 이려한 메시지경합은 임의의 수신사건 \\( r \\) 과 경합하는 메시지들의 집합 \\( M \\) 으로 표현되며, \\( \\langle r, M>\\) 으로 표기한다. 이때 \\( M \\) 에 속한 모든 메시지들은 \\( r \\) 에 수신가능하며, \\( M \\) 에 속한 임의의 메시지 송신사건 \\( s \\) 는 \\( S \\nrightarrow r \\) 그리고 \\( r \\nrightarrow S \\) 를 만족한다. 그리고 송신사건 \\( S \\) 가 송신한 메시지를 \\( m s g(s) \\) 로 나타낸다.</p> <p>(그림 1)은 임의의 메시지전달 프로그램의 수행 중에 발생한 사건들 간의 부분적 순서관계를 나타낸 것이다. 그림에서 세로 화살표는 시간적 흐름에 따른 프로세스의 수행을 나타내고, 프로세스 간에 비스듬히 그려진 화살표는 메시지의 전송을 나타내며, 모든 메시지는 동일한 논리적 통신채널로 전송됨을 가정한다. 그림에서 두 프로세스 \\( P_{3} \\) 과 \\( P_{4} \\) 가 메시지 \\( m s g(i) \\) 와 \\( m s g(k) \\) 를 프로세스 \\( P_{2} \\) 로 송신한다. 이때 송신사건 \\( k \\) 는 \\( P_{2} \\) 의 수신사건 \\( j \\) 에 대해서 \\( \\{k \\nrightarrow j \\wedge j \\nrightarrow k\\} \\) 를 만족하므로, 메시지 \\( m s g(k) \\) 는 \\( P_{2} \\) 의 수신사건 \\( j \\) 로 경합한다. 또한 프로세스 \\( P_{5} \\) 에서 송신된 메시지 \\( m s g(m) \\) 도 수신사건 \\( j \\) 로 경합한다. 따라서 프로세스 \\( P_{2} \\) 의 수신사건 \\( j \\) 에서 발생한 경합은 메시지들의 집합 \\( J=\\{m s g(k), m s g(m)\\} \\) 와 이들 메시지들 중 하나를 처음으로 수신하는 사건 \\( j \\) 로 구성되므로 \\( \\langle j, J\\rangle \\) 로 나타낼 수 있다.</p>",
                "context_length": 1869,
                "clue": [
                    {
                        "clue_text": "메시지전달 프로그램의 수행은 수행 중에 발생하는 사건들의 집합과 그들 간의 순서관계(happened-before)로 표현될 수 있다.",
                        "clue_start": "41",
                        "clue_end": "115"
                    },
                    {
                        "clue_text": "메시지경합은 동일한 논리적 통신채널로 두 개 이상의 메시지들이 병행하게 전송될 때 발생하며, 네트워크의 통신지연이나 프로세스 스케쥴링에 의해서 경합하는 메시지들의 도착순서가 달라진다.",
                        "clue_start": "800",
                        "clue_end": "902"
                    },
                    {
                        "clue_text": "따라서 프로세스 \\( P_{2} \\) 의 수신사건 \\( j \\) 에서 발생한 경합은 메시지들의 집합 \\( J=\\{m s g(k), m s g(m)\\} \\) 와 이들 메시지들 중 하나를 처음으로 수신하는 사건 \\( j \\) 로 구성되므로 \\( \\langle j, J\\rangle \\) 로 나타낼 수 있다.",
                        "clue_start": "1696",
                        "clue_end": "1865"
                    },
                    {
                        "clue_text": "이때 \\( M \\) 에 속한 모든 메시지들은 \\( r \\) 에 수신가능하며, \\( M \\) 에 속한 임의의 메시지 송신사건 \\( s \\) 는 \\( S \\nrightarrow r \\) 그리고 \\( r \\nrightarrow S \\) 를 만족한다. 그리고 송신사건 \\( S \\) 가 송신한 메시지를 \\( m s g(s) \\) 로 나타낸다.",
                        "clue_start": "992",
                        "clue_end": "1179"
                    }
                ],
                "terminology": [
                    {
                        "word": "경합"
                    },
                    {
                        "word": "네트워크"
                    },
                    {
                        "word": "논리적 통신채널"
                    },
                    {
                        "word": "메시지 송신사건"
                    },
                    {
                        "word": "메시지경합"
                    },
                    {
                        "word": "메시지전달 프로그램"
                    },
                    {
                        "word": "부분적 순서관계"
                    },
                    {
                        "word": "송수신사건"
                    },
                    {
                        "word": "송신"
                    },
                    {
                        "word": "수신사건"
                    },
                    {
                        "word": "순서관계(happened-before)"
                    },
                    {
                        "word": "전송"
                    },
                    {
                        "word": "통신지연"
                    },
                    {
                        "word": "통신채널"
                    },
                    {
                        "word": "프로그램 모델"
                    },
                    {
                        "word": "프로세스 스케쥴링"
                    }
                ]
            },
            {
                "context_id": "55e-0c9-2d4c8b1a-eb74-4a1e-a04c-0bd4f7d20db6",
                "context_K-NSCC": {
                    "field": "인공물",
                    "large_category": "EE",
                    "medium_category": "99"
                },
                "context": "<h1>1. 서 론</h1> <p>메시지전달 프로그램(message-passing program)은 분산된 메모리를 가진 병렬 컴퓨팅 환경에서 메시지의 진달로써 프로세스간의 통신을 수행하는 병렬 프로그램을 말한다. 프로그램 수행 중 프로세스들 간에 전송되는 메시지들은 네트워크의 통신지연이나 프로세스 스케줄링(scheduling)에 의해서 도착하는 순서가 달라질 수 있으며, 이러한 메시지들의 경합은 프로그램의 의도되지 않은 비결정적인 수행 결과를 초래하여, 병렬 프로그램의 정확성을 검증하고 재 수행을 이용한 디버깅 작업을 매우 어렵게 한다.</p> <p>메시지경합(message race)은 동일한 논리적 통신채널로 두 개 이상의 메시지들이 병행하게 전송될 때 발생한다. 성능향상을 위해서 프로그래머가 의도적으로 메시지경합을 가지는 프로그램을 작성하기도 하지만, 메시지들의 경합으로 인한 프로그램의 비결정적 수행(nondeterministic behavior)은 기존의 재 수행을 이용한 디버깅 작업을 매우 어럽게 할 뿐만 아니라, 병렬 프로그램의 모든 수행에 대한 검증을 어럽게 한다. 그러므로 메시지전달 프로그램의 오류를 검사하고 신뢰성이 있는 프로그램의 개발을 위하여 프로그램의 비결정적 수행을 초래하는 메시지경합은 반드시 탐지되어야 한다.</p> <p>메시지전달 프로그램의 개발을 위한 라이브러리로는 산업적으로 표준화되어 널리 사용되는 MPI(Message Passing Interface)가 있다. MPI 병렬 프로그램에서 메시지경합을 탐지하는 기존의 도구로는 MAD, MARMOT, MPVisualizer 등이 있다. 이들 도구들은 MPI로 작성된 병렬 프로그램의 수신사건에서 임의의 메시지를 수신하도록 하는 mpi_any_source가 사용되면 무조건 해당 수신사건에서 경합이 발생한다고 보고하거나, 전송되는 메시지들의 논리적인 통신채널을 검사하지 않기 때문에 탐지결과가 정확하지 않다. 또한 프로그래머가 MPI 프로그램의 병행성을 높이기 위해 의도적으로 mpi_any_source를 사용하기도 하며, 때로는 mpi_any_source가 사용되더라도 경합이 존재하지 않을 수도 있다. 따라서 기존 도구들의 탐지는 부정확하며, 이것은 프로그래머의 디버깅 작업을 더욱 어렵게 한다.</p> <p>본 연구에서는 MPI로 작성된 병렬 프로그램에서 메시지 경합을 정확하게 탐지하여 상세한 디버깅 정보를 제공하는 MPIRace-Check 도구를 제시한다. 본 도구는 vector timestamp와 메시지 부가정보(message envelop)를 이용하여 MPI 프로그램 수행 중에 발생하는 모든 경합을 정확하게 탐지한다. vector timestamp는 프로그램 수행 중에 메시지를 전송하는 송수신 사건들 간의 병행성을 검사하기 위해 사용되고, 메시지 부가정보는 병행하게 전송되는 메시지들이 동일한 논리적 통신채널로 전송되는지 검사하기 위해 사용된다. 또한 탐지된 메시지경합의 효과적인 디버깅을 위하여 경합에 참여한 프로세스, 메시지, 그리고 오류를 포함한 원시코드에 관한 상세한 정보 등을 사용자에게 보고한다. 본 도구는 표준 C언어와 MPI의 Profiling Interface를 이용하여 사용자 라이브러리로 구현되었으며, 사용자는 프로그램 원시코드를 변경하지 않고 본 라이브러리를 연결하여 존재하는 메시지경합을 탐지할 수 있다. 본 도구는 MPI-1에서 제공하는 모든 일대일 통신(point-to-point communication) 함수에 적용될 수 있으며, 실험에서는 MPI_RTED (MPI Run Time Error Detection Test Suites)를 이용하여 본 도구의 정확성을 평가하였고, 벤치마크 프로그램을 이용하여 본 도구의 효율성을 평가하였다. 실험에서 본 도구는 일대일 통신을 사용하는 모든 MPI_RTED 테스트 프로그램에서 존재하는 메시지경합을 탐지하였고, 본 도구로 인한 시간적 오버헤드는 최악의 경우가 \\( 35 \\% \\) 이내였다.</p> <p>이어지는 2절에서는 메시지전달 프로그램에서 발생하는 메시지경합의 개념과 이러한 경합을 탐지하는 기존 도구의 특징 및 문제점에 대해서 설명한다. 3절에서는 정확한 메시지경합 탐지를 위한 vector timestamp와 메시지 부가정보에 대해서 설명하고, 이들을 이용한 탐지 기법을 제시한다. 4절에서는 MPI_RTED 프로그램과 벤치마크 프로그램을 이용하여 본 도구의 정확성과 효율성을 평가하고, 마지막으로 5절에서 결론을 내린다.</p>",
                "context_length": 2199,
                "clue": [
                    {
                        "clue_text": "메시지전달 프로그램(message-passing program)은 분산된 메모리를 가진 병렬 컴퓨팅 환경에서 메시지의 진달로써 프로세스간의 통신을 수행하는 병렬 프로그램을 말한다.",
                        "clue_start": "19",
                        "clue_end": "119"
                    },
                    {
                        "clue_text": "프로그램 수행 중 프로세스들 간에 전송되는 메시지들은 네트워크의 통신지연이나 프로세스 스케줄링(scheduling)에 의해서 도착하는 순서가 달라질 수 있으며, 이러한 메시지들의 경합은 프로그램의 의도되지 않은 비결정적인 수행 결과를 초래하여, 병렬 프로그램의 정확성을 검증하고 재 수행을 이용한 디버깅 작업을 매우 어렵게 한다.",
                        "clue_start": "120",
                        "clue_end": "304"
                    },
                    {
                        "clue_text": "본 도구는 vector timestamp와 메시지 부가정보(message envelop)를 이용하여 MPI 프로그램 수행 중에 발생하는 모든 경합을 정확하게 탐지한다.",
                        "clue_start": "1210",
                        "clue_end": "1303"
                    }
                ],
                "terminology": [
                    {
                        "word": "Interface"
                    },
                    {
                        "word": "MAD"
                    },
                    {
                        "word": "MARMOT"
                    },
                    {
                        "word": "MPI"
                    },
                    {
                        "word": "MPI 병렬 프로그램"
                    },
                    {
                        "word": "MPI_RTED"
                    },
                    {
                        "word": "MPVisualizer"
                    },
                    {
                        "word": "behavior"
                    },
                    {
                        "word": "mpi_any_source"
                    },
                    {
                        "word": "race"
                    },
                    {
                        "word": "timestamp"
                    },
                    {
                        "word": "vector"
                    },
                    {
                        "word": "vector timestamp"
                    },
                    {
                        "word": "네트워크"
                    },
                    {
                        "word": "논리적 통신채널"
                    },
                    {
                        "word": "디버깅"
                    },
                    {
                        "word": "디버깅 정보"
                    },
                    {
                        "word": "라이브러리"
                    },
                    {
                        "word": "메모리"
                    },
                    {
                        "word": "메시지 부가정보"
                    },
                    {
                        "word": "메시지경합"
                    },
                    {
                        "word": "메시지전달 프로그램"
                    },
                    {
                        "word": "벤치마크 프로그램"
                    },
                    {
                        "word": "병렬 컴퓨팅"
                    },
                    {
                        "word": "병렬 컴퓨팅 환경"
                    },
                    {
                        "word": "병렬 프로그램"
                    },
                    {
                        "word": "병행성"
                    },
                    {
                        "word": "비결정적 수행"
                    },
                    {
                        "word": "송수신"
                    },
                    {
                        "word": "수신사건"
                    },
                    {
                        "word": "스케줄링(scheduling)"
                    },
                    {
                        "word": "신뢰성"
                    },
                    {
                        "word": "오버헤드"
                    },
                    {
                        "word": "원시코드"
                    },
                    {
                        "word": "전송"
                    },
                    {
                        "word": "통신지연"
                    },
                    {
                        "word": "통신채널"
                    },
                    {
                        "word": "프로세스"
                    }
                ]
            },
            {
                "context_id": "55e-0c9-153a8d8f-3719-4910-97d7-787d724c3556",
                "context_K-NSCC": {
                    "field": "인공물",
                    "large_category": "EE",
                    "medium_category": "99"
                },
                "context": "<h1>3. 경합탐지 알고리즘</h1> <p>메시지경합은 두 개 이상의 메시지들이 “동일한 논리적인 통신채널”로 “병행”하게 전송될 때 발생한다. 여기서 논리적인 통신채널은 MPI에서 메시지의 부가정보를 의미하고 “병행”하게 전송됨은 메시지들을 송수신하는 두 사건간의 “순서관계”가 성립되지 않음을 뜻한다. 따라서 프로그램 수행 중에 메시지경합을 정확히 탐지하기 위해서는 vector timestamp를 이용하여 송수신사건들 간에 순서관계가 존재하지 않는지를 검사하고, 메시지 부가정보를 이용하여 메시지들이 동일한 통신채널로 전송되는지도 검사해야 한다.</p> <p>예를 들어 (그림 2)의 모든 예제에서 메시지를 송신하는 두 사건들은 모두 순서관계 없이 병행하게 수행되며, 동일한 수행 형태를 가지기 때문에 그들의 vector timestamp은 모두 동일하다. 그러나 앞서 설명했듯이 세 개의 예제 프로그램에서는 메시지경합이 존재하지 않는데, 그 이유는 메시지 부가정보 즉 는리적 통신채널이 서로 다르기 때문이다. 따라서 본 논문에서는 메시지 부가정보를 이용한 논리적 통신채널별로 vector timestamp를 관리하고 병행성을 검사하여 메시지경합을 탐지한다.</p> <p>(그림 3)은 논리적 통신채널별로 송수신사건마다 갱신되는 vector timestamp와 병행성을 검사하여 메시지경합을 보고하는 알고리즘을 보인다. 알고리즘에서 timestamp는 프로세스 수만큼의 크기를 가지는 배열구조로서 각 송수신사건에서의 vector timestamp을 나타내며, channel은 메시지 부가정보로 표현된 논리적인 통신채널을 나타낸다. (그림 3)의 (a)는 vector timestamp을 위한 초기화 알고리즘으로 프로그램 수행 시 단 한번 수행된다. 초기화 알고리즘에서 size 는 프로그램 수행에 참여하는 프로세스의 개수이며, localclock은 한 프로세스 내에서 발생하는 송수신 사건을 식별하는 변수로서, 매 송수신 사건마다 1씩 증가한다. 또한 0으로 초기화되는 각각의 timestamp, prerecv, sender은 size 크기의 배열 변수로서, timestamp은 각 프로세스가 수행 중인 가장 최근의 송수신 사건에 대한 vector timestamp를 나타내고, prerecv는 각 프로세스의 timestamp 이전에 발생한 수신사건에 대한 vector timestamp을 나타낸다. 마지막으로 sender는 각 프로세스가 수행 중인 수신사건에 대응되는 송신사건의 vector timestamp를 나타낸다.</p> <p>(그림 3)의 (b)는 매 송신사건에서 수행되는 알고리즘으로써, pid는 현재 송신사건을 수행하는 프로세스 자신을 가리킨다. 메시지를 송신하는 사건이 발생할 때마다 프로세스는 자신의 localclock을 1 씩 증가시키고, timestamp에서 자신의 pid에 대응되는 항목을 새로운 localclock으로 갱신한다. 그리고 갱신된 timestamp는 메시지와 함께 송신된다. 이렇게 송신된 메시지는 수신사건에서 사용자의 메시지와 vector timestamp로 분리되고, 추출된 vector imestamp는 (그림 3)의 (c)와 (d) 알고리즘에서 송신자의 vector timestamp인 sender로 사용된다.</p> <p>(그림 3)의 (c)는 매 수신사건에서 수행되는 알고리즘으로써, 먼저 해당 수신사건에서 경합이 발생하였는지를 검사하기 위해 (그림 3)의 (d) 알고리즘을 호출한다. 병행성 검사를 위한 CheckConcurrency 알고리즘은 이전 수신사건(prerecv)의 vector timestamp와 수신된 메시지에서 추출한 송신사건의 vector timestamp(sender)에서 자신의 pid에 해당하는 값을 비교한다. 이때 이전 수신사건 (prerecv)값이 크면 송신사건이 송신한 메시지는 현재 수신사건 뿐만 아니라 이전 수신사건으로도 수신될 수 있음을 의미하므로 메시지 경합을 보고한다.</p> <p>알고리즘 (c)의 첫 라인에서 경합 여부를 검사한 후, 2행 부터 4행 사이에서는 송신사건(sender)의 vector timestamp와 비교하여 큰 값을 취함으로써 자신의 timestamp을 갱신한다. 그리고 자신의 localclock을 1씩 증가시켜, timestamp의 pid에 해당하는 항목을 localclock으로 갱신한다. 마지막으로 다음 수신사건을 위해서 현재 수신사건 정보를 prerecv에 저장한다.</p> <p>(그림 4)는 (그림 1)의 수행에서 각 송수신사건에 대한 vector timestamp을 보여주고 있다. 각 송수신 사건에서 localclock은 \\( l c \\)로 표현되었고, 해당 사건에서의 vector timestamp은 '[]'안에 표현되었다. 프로세스 \\( P_{2} \\) 의 송신사건 \\( a \\) 에서 TimestampInSend는 \\( P_{2} \\) 의 localclock을 1 증가시키고, timestamp의 두 번째 항목을 현재의 locallock으로 갱신함으로써 timestamp는 [01000]이 된다. 이때 갱신된 [01000]은 메시지와 함께 송신된다. 프로세스 \\( P_{4} \\) 의 수신사건 \\( b \\) 에서는 TimestampInRecv가 호출되어 병행성을 검사하고, 송신자(sender)의 vector timetamp와 자신의 timestamp을 비교하여 큰 값으로 갱신함으로써, timestamp은 [01000]이 된다. 그리고 자신의 localclock을 1 증가 시키고, \\( P_{4} \\) 에 대응되는 네 번째 항목을 localclock으로 갱신함으로써 [01010]이 된다. 이러한 방식으로 각 송수신 사건에서 vector timestamp을 갱신한다.</p> <p>이와 같이 송수신사건에서 vector timestamp를 갱신함으로써 각 송수신 사건은 고유한 timestamp을 가지며, 이것은 메시지전달 병렬 프로그램에서 수행된 사건들 간의 부분적 순서관계를 나타낸다. 이를 역이용하면 송수신 사건들 간의 병행적 관계를 알 수 있기 때문에 병행하게 송신되어 경합하는 메시지들을 탐지할 수 있다. 예를 들어 (그림 4)에서 \\( P_{3} \\)의 수신사건 \\( h \\)의 timestamp인 [141000]은 \\( P_{3} \\) 의 첫 번째 사건이 \\( P_{1} \\) 의 첫 번째 사건과 \\( P_{2} \\) 의 4번째 사건과 순서관계에 있음을 나타낸다. 이를 다르게 해석하면 \\( P_{3} \\) 의 \\( h \\) 는 \\( P_{1} \\) 의 2번째 사건과는 순서적이지 않으며, 만약에 \\( P_{1} \\) 의 2번째 사건이 메시지를 \\( P_{3} \\) 로 송신하면, 이것은 \\( P_{2} \\) 의 \\( h \\) 에서 다른 메시지와 경합함을 의미한다.</p> <p>메시지경합을 탐지하기 위해서 각 수신사건에서는 CheckConcurrency() 알고리즘을 호출하여 병행성을 검사한다. 각 수신사건에서 이전 수신사건(prerecv)과 현재 메시지를 송신한 사건(sender)을 비교하여, 이전 수신사건이 큰 값을 가지면 이전 수신사건과 현재 수신사건으로 보내진 두 메시지가 서로 경합한다고 보고한다.</p> <p>예를 들어 프로세스 \\( P_{2} \\) 의 수신사건 \\( j \\) 에서 CheckConcurrency()를 호출했을 때 이전 수신사건 (prerecv)은 \\( P_{2} \\) 의 수신사건 \\( d \\) 이고, 수신사건 \\( j \\) 에 대응되는 송신사건은 \\( P_{3} \\) 의 \\( i \\) 이다. 두 사건 \\( d \\) 와 \\( i \\) 의 timestamp은 [12000]와 [14200]이며, 이들의 두 번째 (수신사건 \\( j \\) 는 \\( P_{2} \\) 에서 발생) 항목을 비교하면, 이전 수신사건이 작기 때문에 경합이 보고 되지 않는다 \\( (2<4) \\). 다음으로 \\( P_{2} \\) 의 수신사건 'p'에서 병행성을 검사하면, 이전 수신사건 \\( j \\) 의 timestamp은 [15200]이고, 현재 수신사건으로 메시지를 보낸 송신사건 \\( k \\)의 timestamp는 [01020]이다. 이들 사건 \\( j \\) 와 \\( k \\) 의 timestamp의 두 번째 항목을 비교하면 \\( (5>1) \\), 이전 수신사건이 크므로 메시지경합을 보고한다.</p>",
                "context_length": 4067,
                "clue": [
                    {
                        "clue_text": "메시지경합은 두 개 이상의 메시지들이 “동일한 논리적인 통신채널”로 “병행”하게 전송될 때 발생한다.",
                        "clue_start": "25",
                        "clue_end": "81"
                    },
                    {
                        "clue_text": "따라서 프로그램 수행 중에 메시지경합을 정확히 탐지하기 위해서는 vector timestamp를 이용하여 송수신사건들 간에 순서관계가 존재하지 않는지를 검사하고, 메시지 부가정보를 이용하여 메시지들이 동일한 통신채널로 전송되는지도 검사해야 한다.",
                        "clue_start": "172",
                        "clue_end": "309"
                    },
                    {
                        "clue_text": "따라서 본 논문에서는 메시지 부가정보를 이용한 논리적 통신채널별로 vector timestamp를 관리하고 병행성을 검사하여 메시지경합을 탐지한다.",
                        "clue_start": "514",
                        "clue_end": "596"
                    },
                    {
                        "clue_text": "이와 같이 송수신사건에서 vector timestamp를 갱신함으로써 각 송수신 사건은 고유한 timestamp을 가지며, 이것은 메시지전달 병렬 프로그램에서 수행된 사건들 간의 부분적 순서관계를 나타낸다.",
                        "clue_start": "2813",
                        "clue_end": "2928"
                    }
                ],
                "terminology": [
                    {
                        "word": "CheckConcurrency 알고리즘"
                    },
                    {
                        "word": "MPI"
                    },
                    {
                        "word": "localclock"
                    },
                    {
                        "word": "pid"
                    },
                    {
                        "word": "sender"
                    },
                    {
                        "word": "timestamp"
                    },
                    {
                        "word": "vector"
                    },
                    {
                        "word": "vector timestamp"
                    },
                    {
                        "word": "경합탐지"
                    },
                    {
                        "word": "메시지 부가정보"
                    },
                    {
                        "word": "메시지경합"
                    },
                    {
                        "word": "배열 변수"
                    },
                    {
                        "word": "병렬 프로그램"
                    },
                    {
                        "word": "병행성"
                    },
                    {
                        "word": "부분적 순서관계"
                    },
                    {
                        "word": "송수신"
                    },
                    {
                        "word": "송수신사건"
                    },
                    {
                        "word": "송신"
                    },
                    {
                        "word": "수신사건"
                    },
                    {
                        "word": "수신사건(prerecv)"
                    },
                    {
                        "word": "알고리즘"
                    },
                    {
                        "word": "전송"
                    },
                    {
                        "word": "통신채널"
                    }
                ]
            },
            {
                "context_id": "55e-0c9-8a073f6a-efec-4e83-a6d7-d9a5ef3f0c62",
                "context_K-NSCC": {
                    "field": "인공물",
                    "large_category": "EE",
                    "medium_category": "99"
                },
                "context": "<h2>2.2 기존 연구</h2> <p>MPI 병렬 프로그램에서 메시지경합을 탐지하는 대표적인 도구로는 MAD, MARMOT, MPVisualizer 등이 있다. MAD는 멀티 프로세스에 대한 중단점 기능과 변수값 검사, 재수행 등과 같은 기능을 제공하고, MARMOT는 MPI 프로그램 수행 시 발생하는 전형적인 오류 탐지 기능 외에 데드락(deadlock) 탐지, 경합탐지(race detection) 기능을 제공한다. MPVisualizer는 MPI 프로그램 수행 시 발생하는 사건 정보를 추적파일로 만들어 재수행하는 기능을 제공한다. 또한 효과적인 디버깅을 위한 시각화를 제공할 뿐만 아니라 경합의 발생도 알려준다.</p> <p>메시지경합을 탐지하는 측면에서 MARMOT은 MPI로 작성된 병렬 프로그램의 수신사건에서 mpi_any_source가 사용되면 무조건 해당 수신사건에서 경합이 발생한다고 보고한다. 그러나 MPI 프로그램의 병행성을 높이기 위해서 프로그래머가 의도적으로 mpi_any_source를 사용할 뿐만 아니라, mpi_any_source가 사용되더라도 경합이 존재하지 않을 수도 있다. 그 외 다른 도구들은 vector timestamp를 사용하여 병행성을 검사함으로써 MARMOT보다는 정확한 탐지를 제공하지만, 논리적 통신 채널의 동일 여부를 검사하지 않기 때문에 여전히 탐지가 정확하지 않다.</p> <p>(그림 2)는 간단한 MPI 프로그램의 수행을 통해서 mpi_any_source를 사용한 수신사건에서 경합이 발생하지 않는 경우와 발생하는 경우를 보여준다. 그림에서 각 송수신사건의 파라매타(parameter)로는 메시지의 수신여부를 결정하는 메시지 부가정보(message envelop)만을 표현하였다. 메시지 부가정보는 소스(source), 목적지(destination), 태그(tag), 커뮤니케이터(communicator) 등 네 가지로 구성된다. 부가정보들 중에서 목적지, 태그, 커뮤니케이터는 메시지를 보내는 송신사건의 파라매타 값으로부터 알 수 있고, 소스는 메시지 송신자의 식별자로 알 수 있다. 메시지를 송신하는 Send()에서는 파라매타 값으로 목적지, 태그, 커뮤니케이터만을 표현하였고, 메시지를 수신하는 Recv()에서는 소스, 태그, 커뮤니케이터를 표현하였다. 송신사건에서는 메시지를 송신할 때 해당하는 메시지 부가정보를 메시지에 첨부하여 보내고, 수신사건에서는 명시된 소스, 태그, 커뮤니케이터가 일치하는 부가정보를 가진 메시지만을 수신한다.</p> <p>(그림 2)의 (a)에서 \\( P_{2} \\) 의 두 수신사건은 메시지의 소스로 mpi_any_source를 사용함으로써 임의의 프로세스로부터 송신된 메시지를 받는다. 그러나 두 수신사건에서 사용하는 태그는 서로 다르기 때문에 첫 수신사건은 항상 \\( P_{1} \\) 이 송신한 메시지를 수신하고, 두 번째 수신사건은 항상 \\( P_{3} \\) 의 메시지를 수신한다. 따라서 두 수신사건에서 mpi_any_source를 사용하더라도 서로 다른 태그로 인하여 두 메시지들 간의 경합은 존재하지 않는다.</p> <p>예제 (c)에서는 두 수신사건 모두가 mpi_any_source와 mpi_any_tag를 사용하고 있다. 그러나 두 메시지 모두 항상 보내진 순서대로 \\( P_{2} \\) 에 수신된다. 왜냐하면, MPI는 메시지들 간의 non-overtaking을 보장하는데, 이것은 한 프로세스에서 연속적으로 동일한 다른 프로세스로 메시지를 송신할 때 그들은 송신된 순서대로 목적지 프로세스에 수신됨을 말한다. 따라서 (c)예제에서 모든 수신사건이 메시지 소스로 mpi_any_source와 mpi_any_tag를 사용하지만 경합이 존재하지 않는다.</p> <p>마지막으로 (그림 2)의 (d)는 경합이 발생하는 예를 보여준다. 예제에서 \\( P_{2} \\) 의 두 수신사건은 모두 메시지 소스로 mpi_any_source를 사용하고, 태그도 동일한 값 1 이 명시되었다. 따라서 \\( P_{2} \\) 의 두 수신사건은 \\( P_{1} \\) 또는 \\( P_{3} \\) 이 송신한 임의의 메시지를 수신할 수 있으며, 프로세서의 스케쥴링이나 네트워크의 지연에 따라 그들의 도착순서가 달라지고, 결과적으로 프로그램의 수행결과도 비결정적이다. 이와 같이 소개된 예제를 통해서 수신사건이 mpi_any_source를 사용하더라도 메시지경합이 존재하지 않을 수 있음을 알 수 있다.</p>",
                "context_length": 2180,
                "clue": [
                    {
                        "clue_text": "MPI 병렬 프로그램에서 메시지경합을 탐지하는 대표적인 도구로는 MAD, MARMOT, MPVisualizer 등이 있다.",
                        "clue_start": "22",
                        "clue_end": "90"
                    },
                    {
                        "clue_text": "MAD는 멀티 프로세스에 대한 중단점 기능과 변수값 검사, 재수행 등과 같은 기능을 제공하고, MARMOT는 MPI 프로그램 수행 시 발생하는 전형적인 오류 탐지 기능 외에 데드락(deadlock) 탐지, 경합탐지(race detection) 기능을 제공한다.",
                        "clue_start": "91",
                        "clue_end": "236"
                    },
                    {
                        "clue_text": "MPVisualizer는 MPI 프로그램 수행 시 발생하는 사건 정보를 추적파일로 만들어 재수행하는 기능을 제공한다.",
                        "clue_start": "237",
                        "clue_end": "302"
                    }
                ],
                "terminology": [
                    {
                        "word": "MAD"
                    },
                    {
                        "word": "MARMOT"
                    },
                    {
                        "word": "MPI"
                    },
                    {
                        "word": "MPI 병렬 프로그램"
                    },
                    {
                        "word": "MPVisualizer"
                    },
                    {
                        "word": "Recv"
                    },
                    {
                        "word": "Send"
                    },
                    {
                        "word": "mpi_any_source"
                    },
                    {
                        "word": "non-overtaking"
                    },
                    {
                        "word": "timestamp"
                    },
                    {
                        "word": "vector"
                    },
                    {
                        "word": "vector timestamp"
                    },
                    {
                        "word": "경합"
                    },
                    {
                        "word": "경합탐지"
                    },
                    {
                        "word": "경합탐지 기능"
                    },
                    {
                        "word": "경합탐지(race detection)"
                    },
                    {
                        "word": "네트워크"
                    },
                    {
                        "word": "논리적 통신 채널"
                    },
                    {
                        "word": "데드락"
                    },
                    {
                        "word": "데드락 탐지"
                    },
                    {
                        "word": "데드락(deadlock)"
                    },
                    {
                        "word": "디버깅"
                    },
                    {
                        "word": "멀티 프로세스"
                    },
                    {
                        "word": "메시지 부가정보"
                    },
                    {
                        "word": "메시지 부가정보(message envelop)"
                    },
                    {
                        "word": "메시지경합"
                    },
                    {
                        "word": "목적지(destination)"
                    },
                    {
                        "word": "변수값 검사"
                    },
                    {
                        "word": "병렬 프로그램"
                    },
                    {
                        "word": "병행성"
                    },
                    {
                        "word": "부가정보"
                    },
                    {
                        "word": "비결정적"
                    },
                    {
                        "word": "사건 정보"
                    },
                    {
                        "word": "소스"
                    },
                    {
                        "word": "소스(source)"
                    },
                    {
                        "word": "송수신사건"
                    },
                    {
                        "word": "송신"
                    },
                    {
                        "word": "수신사건"
                    },
                    {
                        "word": "스케쥴링"
                    },
                    {
                        "word": "중단점"
                    },
                    {
                        "word": "추적파일"
                    },
                    {
                        "word": "커뮤니케이터"
                    },
                    {
                        "word": "커뮤니케이터(communicator)"
                    },
                    {
                        "word": "태그"
                    },
                    {
                        "word": "태그(tag)"
                    },
                    {
                        "word": "파라매타"
                    },
                    {
                        "word": "파라매타(parameter)"
                    },
                    {
                        "word": "프로세서"
                    },
                    {
                        "word": "프로세스"
                    }
                ]
            }
        ]
    }
}