{
    "dataset_info": {
        "identifier": "02-031-002-NL",
        "name": "기술과학 문서 요약 데이터",
        "category": "자연어",
        "last_updated": "2023-08-30"
    },
    "dataset": {
        "doc_id": "31a7cd33-14aaa73a-3e9b-4abd-b846-0fa092bceb9f",
        "doc_type": "논문",
        "doc_title": {
            "kor": "차분펄스부호변조방식에 기반한 새로운 비행데이터 전송 기법",
            "eng": ""
        },
        "doc_category": {
            "KDC": "560.5",
            "DDC": ""
        },
        "doc_number": {
            "ISSN": "2287-5026",
            "ISBN": "",
            "DOI": "",
            "UCI": ""
        },
        "doc_year": "2011",
        "doc_author": [
            "강민우",
            "문용호"
        ],
        "doc_publisher": "대한전자공학회",
        "doc_license": "CC BY-NC",
        "context_info": [
            {
                "context_id": "55e-0c9-merge_ee_31a7cd33-14aaa73a-3e9b-4abd-b846-0fa092bceb9f_02",
                "context_K-NSCC": {
                    "field": "인공물",
                    "large_category": "EE",
                    "medium_category": "01"
                },
                "context": "<p>ARINC-429 프로토콜에 의하여 전송되는 비행데이터는 ARINC-429 PART 1, 2에 상세히 명세되어있다.</p> <p>ARINC-429 프로토콜에서 비행데이터는 Discretes(DISC), 2's complements fractional binary notation(BNR), 그리고 inary coded decimal notation (BCD)으로 표현되며 대부분의 비행 데이터가 BNR 유형으로 전송된다. 그림 1에서 LRU에서 MC로 전송되는 BNR유형의 비행데이터들에 대한 상세 명세는 표 2와 같다.표 2의 각 요소는 다음과 같은 의미를 나타낸다.</p> <ul> <li>Label : 비행데이터의 식별자 역할을 한다.</li> <li>Parameter Name : 비행데이터의 명칭을 나타낸다.</li> <li>Range : 비행데이터가 표현되는 디지털 값의 범위이다.</li> <li>Sig Bits : 비행데이터의 해당 Range를 표현하기 위하여 할당된 비트 수이다. 모든 비행데이터는 주어진 Sigbits내에서 표현된다.</li> <li>Min/Max Transit interval : 비행데이터의 전송 간격을의미한다.</li></ul> <p>ARINC-429 프로토콜에서 대부분의 비행데이터들은BNR 유형으로 전송된다. BNR 유형에 대한 데이터 포맷은 표 3과 같이 5개의 필드로 구성된다. 표 3의 각 필드에 대한 정의는 다음과 같다.</p> <ul> <li>Label : 하위 8비트로 구성되며 비행데이터 식별에 사용된다.</li> <li>SDI(Source / Destination identifier) : 9번, 10번 비트로 구성되며 송신측과 수신측을 구별하기 위해 사용된다. SDI로서 사용되지 않을 경우 데이터 영역으로 사용가능하다.</li> <li>Data : 실질적인 비행데이터를 표현하는 영역이다. 만약 비행데이터의 값이 할당된 Sig bits보다 적은 비트로 표현된다면 나머지 잔여 비트들은 0으로 패딩된다.몇몇의 데이터는 LSB 영역에 DISC 데이터가 포함되기도 한다.</li> <li>SSM(Sign / Status Matrix) : 30, 31번째 비트는 송신측의 상태를 표시한다.</li> <li>P : 오류 검출을 위한 Odd parity 비트로 사용된다.</li></ul> <p>k번째 순간에 획득된 BNR 유형의 비행데이터를V(k)라고 할 때 V(k)는 식 (1)과 같이 양자화 되어 표3의 Data 필드를 통하여 전송된다.</p> <p>\\( D(k) = \\) Round \\( \\left (V \\left (K ^ { - } \\right ) \\times 2 ^ { w } / \\right ) m \\)<caption>(1)</caption></p> <p>여기서 w와 m은 표 2의 Sig Bits의 값과 Range 값을 각각 나타낸다. 한편 양자화된 비행데이터 D(k)는 수신측에서 식 (2)에 의하여 복원된다.</p> <p>\\( \\overline { V(k) } =D(k) / 2 ^ {\\omega } \\times m \\)<caption>(2)</caption></p> <p>식 (1)과 (2)로부터 양자화 오차가 존재한다는 것을알 수 있다. 표 2에 Resolution은 양자화 오차의 허용범위를 규정하고 있다.</p> <p>그림 2는 ARINC-429 프로토콜 기반의 송, 수신과정을 나타낸 것이다. 그림 2에서 LUT(Look-up Table)는송, 수신에 필요한 Label, Sig bits, Range 등과 같은 부가정보들을 저장하고 있다. LUT에 저장된 정보를 이용하여 True Airspeed는 다음과 같이 송, 수신된다. 획득된 True Airspeed의 값이 565 Knots인 경우, 전송할D(k) 는 식 (1)에 의하여 \\(565 \\times 2 \\) \\( ^ { 15 } \\) / 2048 = 9040 가된다. 이때 215는 2진수(0010001101010000)로 Data 필드에 할당된 후 그림 2와 같이 MC로 전송된다. 표 3의(b)는 이때 전송되어지는 BNR 데이터 포맷을 나타낸것이다. MC에서는 수신된 패킷의 Data 필드에서 Sigbits 만큼을 추출한 후 식 (2)에 의하여 565(= 9040 /2 \\( ^ { 15 } \\) \\( \\times 2048 \\))를 복호한다. 이상과 같은 전송원리는 모든BNR 데이터에 대하여 동일하게 적용된다.</p>",
                "context_length": 2161,
                "clue": [
                    {
                        "clue_text": "ARINC-429 프로토콜에서 비행데이터는 Discretes(DISC), 2's complements fractional binary notation(BNR), 그리고 inary coded decimal notation (BCD)으로 표현되며 대부분의 비행 데이터가 BNR 유형으로 전송된다.",
                        "clue_start": "75",
                        "clue_end": "238"
                    },
                    {
                        "clue_text": "ARINC-429 프로토콜에서 대부분의 비행데이터들은BNR 유형으로 전송된다. BNR 유형에 대한 데이터 포맷은 표 3과 같이 5개의 필드로 구성된다. 표 3의 각 필드에 대한 정의는 다음과 같다.",
                        "clue_start": "604",
                        "clue_end": "714"
                    }
                ],
                "terminology": [
                    {
                        "word": "BNR"
                    },
                    {
                        "word": "Data"
                    },
                    {
                        "word": "Data 필드"
                    },
                    {
                        "word": "Destination"
                    },
                    {
                        "word": "LRU"
                    },
                    {
                        "word": "LSB"
                    },
                    {
                        "word": "LUT"
                    },
                    {
                        "word": "Label"
                    },
                    {
                        "word": "MC"
                    },
                    {
                        "word": "Matrix"
                    },
                    {
                        "word": "Odd parity"
                    },
                    {
                        "word": "PART"
                    },
                    {
                        "word": "Parameter"
                    },
                    {
                        "word": "Range 값"
                    },
                    {
                        "word": "Resolution"
                    },
                    {
                        "word": "Round"
                    },
                    {
                        "word": "SDI"
                    },
                    {
                        "word": "SSM"
                    },
                    {
                        "word": "Sig Bits"
                    },
                    {
                        "word": "Status"
                    },
                    {
                        "word": "True"
                    },
                    {
                        "word": "bits"
                    },
                    {
                        "word": "fractional"
                    },
                    {
                        "word": "identifier"
                    },
                    {
                        "word": "notation"
                    },
                    {
                        "word": "데이터"
                    },
                    {
                        "word": "데이터 영역"
                    },
                    {
                        "word": "데이터 포맷"
                    },
                    {
                        "word": "비트"
                    },
                    {
                        "word": "송신측"
                    },
                    {
                        "word": "양자화"
                    },
                    {
                        "word": "양자화 오차"
                    },
                    {
                        "word": "전송"
                    },
                    {
                        "word": "패딩"
                    },
                    {
                        "word": "패킷"
                    },
                    {
                        "word": "포맷"
                    }
                ]
            },
            {
                "context_id": "55e-0c9-merge_ee_31a7cd33-14aaa73a-3e9b-4abd-b846-0fa092bceb9f_00",
                "context_K-NSCC": {
                    "field": "인공물",
                    "large_category": "EE",
                    "medium_category": "01"
                },
                "context": "<h1>요 약</h1> <p>본 논문에서는 DPCM 기반의 새로운 비행데이터 전송방법을 제안한다. LRU에서 MC로 전송되는 비행데이터의 양은 항공기의 성능 향상과 기능의 다양화로 인해 크게 증가되었다. 이는 MC에서 요구되는 Hard Real-Time 조건을 만족시키기 어렵게한다. 이러한 문제를 해결하기 위해 X-Plane 시뮬레이터에 의해 생성된 비행데이터를 관찰하여 대부분의 비행데이터들은 완만한 변화를 보인다는 것을 확인하였다. 이 사실에 기초하여 ARINC-429 프로토콜의 수정을 통해 비행데이터의 차분 값을 전송하는 새로운 데이터 포맷과 기법을 제안 한다. 실험결과 기존의 ARINC-429 방법에 비해 20 \\( \\% \\) 성능향상이 있음을 보였다.</p> <h1>I. 서 론</h1> <p>항공기개발에 있어서 통신, 비행 제어, Cookpit 디스플레이등과 같은 전자기술의 활용과 중요성은 꾸준히 증대되어 왔다. 이를 지원하기 위하여 장착된 초기 아날로그 유형의 항공전자기기들은 항공기의 중량을 증가시키고 상호간의 연결을 더욱 복잡하게 하는 단점을 지니고 있었다. 그러나 디지털 기술의 도래로 인하여 항공기내 각종 센서, 액추에이터, 그리고 데이터처리기 등의 항공전자장비(LRU: Line Replaceable Unit)들이 디지털화 되면서 이러한 현상은 상당 부분 해소되게 되었다. 디지털화된 LRU들은 데이터 버스라는 공통된 배선을 통하여 상호 연결됨으로써 탈, 부착이 쉬우며 상호간 정보 공유가 용이하게 되었다. 이처럼 항공전자 시스템 분야에서 디지털 데이터 통신은 항공전자 장비들사이의 연결과 통합에 중요한 부분을 차지하고 있다.</p> <p>오늘날 항공기내 비행데이터의 실시간 전송은 MIL-STD-1553B, ARINC 429, ARINC 629, ARINC 664,AFDX등의 직렬 전송 방식에 의하여 수행되고 있다</p> <p>그런데 항공기의 지속적인 발전에 따라 FlightControl Computer, Flight Management System,Communication Unit등과 같은 다양한 LRU들이 내장되어 왔다. 또한 Fly-by-Wire, Auto Pilot 등과 같은 기능의 도입 되어왔다. 이와 같은 항공기 성능의 향상과 기능의 다양화는 LRU간 연결을 더욱 복잡하게 하였으며 항공기내 비행데이터의 전송횟수와 전송량을 크게 증가하게 하였다. 일반적으로 항공기에서 비행데이터들은 일정한 시간 안에 전송, 가공되어야 한다. 따라서 전송되어야 할 비행데이터의 증가는 이러한 시간 제약을 만족시키는데 심각한 문제를 야기할 수 있다. 항공기의 신뢰성을 보장하기 위해서 시간적 제약은 반드시 준수되어야만 하는 중요한 요소이다.</p> <p>본 논문에서는 차분펄스부호변조(DPCM) 방식에 기반한 새로운 비행데이터 전송기법을 제안한다. 일반적으로 비행중에 생성되는 비행 데이터는 연속적으로 변화하지만 그 변화량이 급격하지 않다는 특징을 지니고있다. 따라서 DPCM 방식을 비행데이터에 적용할 경우생성되는 차분데이터 값은 원래의 비행데이터 보다 작은 비트로써 표현될 수 있다. 이것은 전송될 데이터의양이 효과적으로 감소될 수 있다는 것을 암시한다. 본논문에서는차분데이터의 효율적인 전송을 위하여 민항기 및 수송기에 널리 이용되는 ARINC-429 프로토콜의데이터 포맷을 새롭게 정의하고 모의 실험을 통하여 실질적인 전송 성능의 향상을 확인하였다.</p>",
                "context_length": 1675,
                "clue": [
                    {
                        "clue_text": "본 논문에서는 DPCM 기반의 새로운 비행데이터 전송방법을 제안한다.",
                        "clue_start": "16",
                        "clue_end": "54"
                    },
                    {
                        "clue_text": "이러한 문제를 해결하기 위해 X-Plane 시뮬레이터에 의해 생성된 비행데이터를 관찰하여 대부분의 비행데이터들은 완만한 변화를 보인다는 것을 확인하였다. 이 사실에 기초하여 ARINC-429 프로토콜의 수정을 통해 비행데이터의 차분 값을 전송하는 새로운 데이터 포맷과 기법을 제안 한다.",
                        "clue_start": "159",
                        "clue_end": "319"
                    },
                    {
                        "clue_text": "이를 지원하기 위하여 장착된 초기 아날로그 유형의 항공전자기기들은 항공기의 중량을 증가시키고 상호간의 연결을 더욱 복잡하게 하는 단점을 지니고 있었다. 그러나 디지털 기술의 도래로 인하여 항공기내 각종 센서, 액추에이터, 그리고 데이터처리기 등의 항공전자장비(LRU: Line Replaceable Unit)들이 디지털화 되면서 이러한 현상은 상당 부분 해소되게 되었다.",
                        "clue_start": "465",
                        "clue_end": "672"
                    },
                    {
                        "clue_text": "항공기의 신뢰성을 보장하기 위해서 시간적 제약은 반드시 준수되어야만 하는 중요한 요소이다.",
                        "clue_start": "1276",
                        "clue_end": "1326"
                    },
                    {
                        "clue_text": "본 논문에서는 차분펄스부호변조(DPCM) 방식에 기반한 새로운 비행데이터 전송기법을 제안한다. 일반적으로 비행중에 생성되는 비행 데이터는 연속적으로 변화하지만 그 변화량이 급격하지 않다는 특징을 지니고있다.",
                        "clue_start": "1334",
                        "clue_end": "1449"
                    }
                ],
                "terminology": [
                    {
                        "word": "ARINC-429 프로토콜"
                    },
                    {
                        "word": "Auto Pilot"
                    },
                    {
                        "word": "Communication Unit"
                    },
                    {
                        "word": "Cookpit 디스플레이"
                    },
                    {
                        "word": "DPCM"
                    },
                    {
                        "word": "Flight Management System"
                    },
                    {
                        "word": "FlightControl Computer"
                    },
                    {
                        "word": "Hard Real-Time"
                    },
                    {
                        "word": "LRU"
                    },
                    {
                        "word": "MC"
                    },
                    {
                        "word": "Unit"
                    },
                    {
                        "word": "X-Plane 시뮬레이터"
                    },
                    {
                        "word": "도래"
                    },
                    {
                        "word": "민항기"
                    },
                    {
                        "word": "비행 제어"
                    },
                    {
                        "word": "센서"
                    },
                    {
                        "word": "시뮬레이터"
                    },
                    {
                        "word": "신뢰성"
                    },
                    {
                        "word": "액추에이터"
                    },
                    {
                        "word": "전송"
                    },
                    {
                        "word": "전송량"
                    },
                    {
                        "word": "직렬"
                    },
                    {
                        "word": "직렬 전송"
                    },
                    {
                        "word": "차분 값"
                    },
                    {
                        "word": "차분펄스부호변조"
                    },
                    {
                        "word": "차분펄스부호변조(DPCM) 방식"
                    },
                    {
                        "word": "항공전자장비"
                    }
                ]
            },
            {
                "context_id": "55e-0c9-merge_ee_31a7cd33-14aaa73a-3e9b-4abd-b846-0fa092bceb9f_04",
                "context_K-NSCC": {
                    "field": "인공물",
                    "large_category": "EE",
                    "medium_category": "01"
                },
                "context": "<h2>3. 2 제안하는 BNR 데이터 포맷 및 전송기법</h2> <p>앞 절에서 d(k) 값을 10비트로 표시하면 효율적으로 비행데이터 정보를 전송할 수 있음을 확인하였다. 그러나 d(k)의 값이 10비트 이상을 초과하는 상황이 발생한다면 비행데이터 정보전송에 문제가 야기된다. 이 경우에는 기존방식으로 D(k) 값을 전송하여야 한다. 따라서 D(k)를 전송하는 경우와 d(k)를 전송하는 경우를 구분지을 수 있는 방법이 필요하다. 이에 본 논문에서는 표5와 같이 구성된 새로운 데이터 포맷을 제안한다.</p> <p>표 5 (a)와 (b)는 d(k) 및 D(k) 값을 전송 할 때 사용되는 데이터 포맷들이다. Label, SDI, SSM, P 필드는기존의 구조를 유지하였고 데이터가 할당되는 영역은앞서 확인한 d(k)의 특성에 의하여 10비트를 할당하였다. 그리고 D(k)값을 이용한 데이터 전송과 d(k)값을이용한 포맷을 구분하기 위한 LF(Length Flag)를 새롭게 도입하였다. 따라서 d(k)값을 이용한 데이터 포맷은총 24비트(8비트 Label, 2비트 SDI, 1비트 LF, 10비트 d(k), 2비트 SSM, 1비트 P)로 구성된다.</p> <p>표 5의 (c)는 제안하는 포맷에 의하여 d(k)가 전송되는 사례이다. LF=1로 설정되어 있음을 알 수 있다. 그리고 표 5의 (d)는 d(k)의 값이 \\( \\pm \\) 512를 초과하여 10비트로 표현될 수 없어 D(k) 값이 전송되는 사례를 보여준다. 기존의 32비트 데이터포맷에 LF가 포함되어 있다. 여기서 LF=0으로 설정되어 있음을 확인할 수 있다.</p> <p>본 논문에서는 표 5와 같이 제안한 데이터포맷을 기반으로 새로운 비행데이터 전송기법을 제안한다. 그림6은 제안하는 전송기법을 나타낸 것이다. 진한 선으로표시된 부분은 기존의 방법에서 추가되는 부분이다. 제안하는 전송 방식에서는 MF=1인 경우 DPCM을 수행하여 제안하는 데이터포맷으로 비행데이터 정보를 전송한다. 그리고 LF=인 경우 d(k)로부터 D(k)를 단순한 산술연산에 의하여 복원된다.</p> <p>그림 6에서 MF(Mode Flag)는 제안하는 전송 방식과기존 방식의 적용 여부를 지시한다. 표 2에 제시된 비행데이터들중 Sig bits가 18 이상인 비행데이터들은 표3의 (a)에서 알 수 있듯이 LF 비트 위치가 데이터 영역에 포함된다. 따라서 이들 데이터들에 있어서 D(k)가전송되는 경우에는 표 4의 (b)를 사용할 수 없다. 또한일부 데이터들은 LF 비트 위치를 DISC 영역으로 사용한다. 이 경우도 LF를 이용하여 32비트 크기 24비트 크기를 구분할 수 없다. 따라서 이들 비행데이터들은 기존 데이터포맷으로 전송되어야만 한다. 본 논문에서 제안하는 데이터포맷을 전송하는 경우와 기존 데이터포맷을 전송하는 경우를 미리 구분하고 이를 LUT에 MF로 저장하여 송, 수신에 사용한다. 표 2에 제시된 44개의 데이터들 중 LF 비트의 위치에 기존의 ARINC-429에서 데이터를 사용하는 10개를 제외하고 34개의 데이터들에 대해서 제안하는 전송 기법이 적용된다.</p>",
                "context_length": 1529,
                "clue": [
                    {
                        "clue_text": "앞 절에서 d(k) 값을 10비트로 표시하면 효율적으로 비행데이터 정보를 전송할 수 있음을 확인하였다.",
                        "clue_start": "40",
                        "clue_end": "97"
                    },
                    {
                        "clue_text": "그러나 d(k)의 값이 10비트 이상을 초과하는 상황이 발생한다면 비행데이터 정보전송에 문제가 야기된다.",
                        "clue_start": "98",
                        "clue_end": "156"
                    },
                    {
                        "clue_text": "그리고 D(k)값을 이용한 데이터 전송과 d(k)값을이용한 포맷을 구분하기 위한 LF(Length Flag)를 새롭게 도입하였다.",
                        "clue_start": "425",
                        "clue_end": "497"
                    },
                    {
                        "clue_text": "제안하는 전송 방식에서는 MF=1인 경우 DPCM을 수행하여 제안하는 데이터포맷으로 비행데이터 정보를 전송한다.",
                        "clue_start": "919",
                        "clue_end": "981"
                    },
                    {
                        "clue_text": "그리고 LF=인 경우 d(k)로부터 D(k)를 단순한 산술연산에 의하여 복원된다.",
                        "clue_start": "982",
                        "clue_end": "1027"
                    }
                ],
                "terminology": [
                    {
                        "word": "BNR"
                    },
                    {
                        "word": "DPCM"
                    },
                    {
                        "word": "LF"
                    },
                    {
                        "word": "LUT"
                    },
                    {
                        "word": "Label"
                    },
                    {
                        "word": "MF"
                    },
                    {
                        "word": "MF(Mode Flag)"
                    },
                    {
                        "word": "P 필드"
                    },
                    {
                        "word": "SDI"
                    },
                    {
                        "word": "SSM"
                    },
                    {
                        "word": "Sig bits"
                    },
                    {
                        "word": "bits"
                    },
                    {
                        "word": "데이터 영역"
                    },
                    {
                        "word": "데이터 포맷"
                    },
                    {
                        "word": "비트 위치"
                    },
                    {
                        "word": "전송"
                    }
                ]
            }
        ]
    }
}