{
    "dataset_info": {
        "identifier": "02-031-002-NL",
        "name": "기술과학 문서 요약 데이터",
        "category": "자연어",
        "last_updated": "2023-08-30"
    },
    "dataset": {
        "doc_id": "114998e3-0ee0f121-6a3c-44b0-8779-f9b9de6c8705",
        "doc_type": "논문",
        "doc_title": {
            "kor": "강력한 보안성을 제공하는 RFID 상호 인증 프로토콜",
            "eng": ""
        },
        "doc_category": {
            "KDC": "413.05",
            "DDC": ""
        },
        "doc_number": {
            "ISSN": "2287-5891",
            "ISBN": "",
            "DOI": "",
            "UCI": ""
        },
        "doc_year": "2009",
        "doc_author": [
            "안해순",
            "부기동",
            "윤은준",
            "남인길"
        ],
        "doc_publisher": "한국정보처리학회",
        "doc_license": "CC BY-NC",
        "context_info": [
            {
                "context_id": "55e-0c9-merge_2_114998e3-0ee0f121-6a3c-44b0-8779-f9b9de6c8705_05",
                "context_K-NSCC": {
                    "field": "인공물",
                    "large_category": "EE",
                    "medium_category": "09"
                },
                "context": "<h1>6. 안전성과 효율성 분석</h1> <p>본 장에서는 제안한 RFID 상호 인증 프로토콜에 대한 안전성과 효율성을 분석한다.</p> <h2>\\( 6.1 \\) 안전성 분석</h2> <p>제안한 RFID 인증 프로토콜은 다음과 같이 상호인증을 명시적으로 제공하며, 도청 공격, 재전송 공격, 스푸핑 공격, 트래픽 분석 공격, 위치 트래킹 공격, 서비스 거부 공격 등에 안전하며 전방향 안전성을 제공한다.</p> <ol type = 1 start=1><li>상호인증(Mutual Authentication): 제안한 프로토콜의 Step 4에서 \\( \\mathrm { DB } \\) 는 태그로부터 수신한 \\( S_ { T } =h \\left (0 \\|I D \\| N_ { T } \\| N_ { R } \\right ) \\) 가 \\( \\mathrm { DB } \\) 에 저장된 \\( I D_ {\\text { old } } \\) 와 \\( I D_ {\\text { new } } \\) 로 계산한 \\( S_ {\\text { Told } } { } ^ {\\prime } =h \\left (0 \\left \\|I D_ {\\text { old } } \\right \\| N_ { T } \\| N_ { R } \\right ) \\) 또는 \\( S_ {\\text { Tnew } } { } ^ {\\prime } =h \\left (0 \\left \\|I D_ { n e w } \\right \\| N_ { T } \\| N_ { R } \\right ) \\) 와 동일한지를 검증하며, Step 6 에서 태그는 리더로부터 수신한 \\( S_ { D B } =h \\left (1 \\|I D \\| N_ { T } \\| N_ { R } \\right ) \\) 가 태그 자신이 계산한 \\( S_ { D B } { } ^ {\\prime } =h \\left (1 \\|I D \\| N_ { T } \\| N_ { R } \\right ) \\) 와 동일한지를 검증한다. 태 그와 \\( \\mathrm { DB } \\) 사이에 공유된 비밀키 값 역할을 하는 ID 를 모르는 공격자는 태그 또는 리더로 위장하여 스푸핑 공격 등을 수행할 수 없게 된다. 따라서 제안한 프로토콜은 안전한 상호인증을 제공한다.</li> <li>도청 공격(Eavesdropping Attack): 제안한 프로토콜에서 공격자는 송수신되는 통신 메시지 Query, \\( N_ { R } \\), \\( S_ { T } , N_ { T } , S_ { D B } \\) 를 도청할 수 있다. 하지만 도청한 내 용으로부터 공격자는 태그와 리더의 \\( \\mathrm { DB } \\) 간에 공유된 비밀키 값 역할을 하는 ID 를 구할 수 없다. 즉, ID 를 얻기 위해서는 공격자가 도청한 메시지 \\( S_ { T } =h \\left (0 \\|I D \\| N_ { T } \\| N_ { R } \\right ) \\) 또는 \\( S_ { D B } =h \\left (1 \\|I D \\| N_ { T } \\| N_ { R } \\right ) \\) 로부터 \\( I D \\) 를 구할 수 있어야 한다. 하지만 안전한 일 방향 해쉬 함수의 성질과 충분한 보안 강도를 만족하는 비트 길이를 가지는 비밀키 값인 \\( I D \\) 에 의해 공격자는 \\( S_ { T } \\) 와 \\( S_ { D B } \\) 로부터 \\( I D \\) 를 얻는 것은 불가능하다. 또한 비밀 값인 \\( I D \\) 는 태그와 \\( \\mathrm { DB } \\) 측에서 내부적으로 활용되어지며 공개된 통신 채널로 전송되어 지지 않기에 공격자는 \\( I D \\) 를 직접적으로 구할 수 없다. 따라서 제안한 프로토콜은 도청 공격에 안전하다.</li> <li>재전송 공격(Replay Attack): 제안한 프로토콜에서는 매 세션마다 리더가 생성하는 새로운 난수 \\( N_ { R } \\) 그리고 태그가 생성하는 새로운 난수 \\( N_ { T } \\) 를 이용하여 상호인증을 수행하기 때문에 과거에 공격자에 의해 재 전송된 난수 값들은 태그와 리더의 \\( \\mathrm { DB } \\) 간의 상호인증 과정 중에 쉽게 검출된다. 따라서 제안한 프로토콜은 재전송 공격에 안전하다.</li> <li>스푸핑 공격(Spoofing Attack): 제안한 프로토콜에서 공격자가 리더의 \\( \\mathrm { DB } \\) 와 태그간에 공유된 비밀키 값 인 ID를 얻을 수 있으면, 스푸핑 공격을 수행할 수 있다. 하지만 공격자는 리더의 \\( \\mathrm { DB } \\) 와 태그 내에 각각 안전하게 저장하고 있는 비밀키 값인 \\( I D \\) 를 직접적으 로 얻을 수 있는 방법이 없다. 또한 송수신되는 통신 메시지 \\( S_ { T } \\) 와 \\( S_ { D B } \\) 내의 비밀키 값인 \\( I D \\) 는 난수 \\( N_ { T } \\) 와 \\( N_ { R } \\) 과 안전한 일방향 해쉬함수에 의해 보호되어져 있다. 따라서 제안한 프로토콜은 일반적인 스푸핑 공격에 안전하다. 또한 제안한 인증 프로토콜이 Kim-Ryoo가 언급한 반사 공격(Reflection Attack)에 대해서도 안전하도록 하기위해, 태그가 리더에게 전 송하는 \\( S_ { T } =h \\left (0 \\|I D \\| N_ { T } \\| N_ { R } \\right ) \\) 메시지와 리더가 태그에게 전송하는 메시지인 \\( S_ { D B } =h \\left (1 \\|I D \\| N_ { T } \\| N_ { R } \\right ) \\) 에 0 과 1 의 각각 서로 다른 시드(Seed) 값을 이용하여 비밀키 값인 ID와 리더와 태그가 생성한 난수들 을 이용한 해쉬 결과 값들을 생성하였다. 즉, 안전한 시도-응답(Challenge-Response) 방식의 RFID 상호 인증 프로토콜 기반으로 리더와 태그가 생성한 난수들을 사용하여 서로 다른 값을 가지는 \\( S_ { T } \\) 와 \\( S_ { D B } \\) 를 생성하여 사용함으로 \\( S_ { T } \\) 와 \\( S_ { D B } \\) 가 동일한 값이 아님으로 반사 공격을 막을 수 있다. 더 나아가 제안한 프로토콜은 4장에서 소개한 스푸핑 공격에 대해서도 안전하다. 즉, \\( \\mathrm { Kim } - \\mathrm { RyOO } \\) 가 제안한 RFID 상호 인증 프로토콜에서 제안한 스푸핑 공격이 가능한 이유는 배타적 논리합 연산의 원리를 이용하여 임의의 세션에서 도청한 난수 \\( N_ { T } \\) 와 \\( h \\left (I D \\oplus S_ { D B } \\right ) \\) 로부터 \\( S_ { D B } \\) 와 동일한 \\( S_ { T } ^ {\\prime } \\) 을 \\( \\mathrm { DB } \\) 로 하여금 다음과 같이 계산 할 수 있었기에 가능하였다.하지 만 Kim-Ryoo의 프로토콜과 달리 제안한 \\( \\mathrm { RFID } \\) 인 증 프로토콜에서는 태그와 \\( \\mathrm { DB } \\) 가 각각 \\( S_ { T } =h \\left (0 \\|I D \\| N_ { T } \\| N_ { R } \\right ) \\) 와 이에 대응되는 값인 \\( S_ { D B } =h \\left (1 \\|I D \\| N_ { T } \\| N_ { R } \\right ) \\) 를 계산할 때 배타적 논리합 연산을 전혀 필요로 하지 않기에 \\( S_ { D B } \\) 와 동일한 \\( S_ {\\text { Told } } \\) 또는 \\( S_ {\\text { Tnew } } { } ^ {\\prime } \\) 값을 계산하게 할 수 없다. 따라서 제안한 프로토콜은 4장에서 소개한 스푸핑 공격에 대 해서도 안전하다.</li> <p>\\( \\begin {aligned} S_ { T } ^ {\\prime } &=h \\left (N_ { R } \\oplus N_ { T } ^ { * } \\right ) \\\\ &=h \\left (N_ { R } \\oplus N_ { R } \\oplus N_ { T } \\right ) \\\\ &=h \\left (N_ { T } \\right ) \\\\ &=S_ { D B } \\end {aligned} \\)</p> <li>트래픽 분석 공격(Traffic Analysis Attack): 제안한 프로토콜에서는 난수 \\( N_ { R } \\) 과 \\( N_ { T } \\) 에 의해 계산된 \\( S_ { T } \\) 와 \\( S_ { D B } \\) 는 매 세션마다 변경되기에 공격자는 현재 세션 에서 태그의 응답 \\( S_ {\\text { Tnow } } \\) 가 과거 세션에 도청한 응답 \\( S_ {\\text { Told } } \\) 와 동일한지를 비교할 수 없다. 즉, 매 세션마다 서로 다른 난수들을 생성함으로, 매 세션마다 서로 다른 두 개의 응답 \\( S_ {\\text { Tnow } } \\) 와 \\( S_ {\\text { Told } } \\) 이 동일한 태그로부터 송신된 것인지 여부를 쉽게 구별할 수 없음으로, 태그의 이동경로를 쉽게 트래킹 할 수 없다. 따라서 제안한 프로토콜은 트래픽 분석 공격에 안전하다.</li> <li>위치 트래킹 공격(Location Tracking Attack): 제안한 프로토콜에서는 위 트래픽 분석 공격과 마찬가지로 난수 \\( N_ { R } \\) 과 \\( N_ { T } \\) 에 의해 계산된 \\( S_ { T } \\) 와 \\( S_ { D B } \\) 는 매 세션 마다 변경되기 때문에 공격자가 특정한 태그를 식별 할 수 없어 위치 트래킹을 할 수 없기에 사용자의 프라이버시 보호할 수 있다. 따라서 제안한 프로토콜은 위치 트래킹 공격에 안전하다.</li> <li>서비스 거부 공격(Denial of Service Attack): 제안한 프로토콜에서는 리더와 태그 간에 일방향 해쉬 함수 기반의 연산만을 이용하여 상호인증을 수행함으로, 태그 측에 서비스 거부 공격을 수행할 만큼의 많은 연산량을 요구하지 않는다. 또한 매 세션마다 리더의 \\( \\mathrm { DB } \\) 와 태그 간에 안전한 검증을 통한 상호인증을 완료 후에 다음 세션에서 사용되어 지는 비밀키 값으로 갱신되어지기 때문에 공격자에 의한 서비스 거부 공격은 쉽게 발견되어 질수 있다. 따라서 제안한 프로토콜은 서비스 거부 공격에 안전하다.</li> <li>전방향 안전성(Forward Secrecy): Kim-Ryoo가 제안 한 프로토콜에서는 매 세션마다 동일한 비밀키 값인 하나의 \\( I D \\) 만을 이용하여 상호인증을 수행한다. 이로 인해 공격자가 폐기되어진 RFID 태그로부터 부채널 공격(Side-Channel Attack)등을 통해 태그 내에 저장 된 비밀키 값을 획득하였을 때 과거에 해당 태그와 리 더 간에 통신된 모든 메시지들에 대한 무결성과 기밀 성은 보장되어 질 수 없다. 하지만, 제안한 프로토콜에 서는 리더와 태그 간에 상호인증을 수행한 후에 \\( \\mathrm { DB } \\) 는 이전의 비밀 값인 \\( I D \\) 를 다음 세션을 위해 새로운 비밀 값 쌍인 \\( I D_ {\\text { old } } =I D \\) 와 \\( I D_ { n e w } =h \\left (2 \\|I D \\| N_ { T } \\| N_ { R } \\right ) \\) 로 갱신하여 사용하며 태그는 새로운 비밀 값인 \\( I D_ { n e w } =h \\left (2 \\|I D \\| N_ { T } \\| N_ { R } \\right ) \\) 로 갱신하여 사용함으 로, 공격자가 임의의 태그 내에 저장된 비밀 값인 \\( I D_ { n e w } =h \\left (2 \\|I D \\| N_ { T } \\| N_ { R } \\right ) \\) 를 알더라도 안전한 일 방향 해쉬함수의 성질에 의해 과거에 사용된 비밀키 값인 \\( I D \\) 를 얻을 수 없다. 특히 Step5에서 공격자 및 네트워크의 오류로 인하여 세션이 종료되었다면 동기 화 문제가 발생할 수 있는데, 제안한 프로토콜에서는 백-엔드 데이터베이스 내에 각 태그를 위한 기존 ID 의 새로운 갱신된 값인 \\( I D_ { n e w } \\) 와 \\( I D \\) 의 가장 최근 값 인 \\( I D_ {\\text { old } } \\) 쌍을 가지고 있게 하여 안전한 상호인증 수 행 및 \\( I D_ { n e w } \\) 와 \\( I D_ {\\text { old } } \\) 값을 각각 갱신하게 하여 동기 화 문제를 해결할 수 있다. 따라서 제안한 프로토콜 은 전방향 안전성을 제공할 뿐만 아니라 동기화 문제 도 발생하지 않는다.</li></ol> <p> <표 1>은 제안한 프로토콜과 해쉬 연산 기반의 프로토콜들인 해쉬락, 랜덤해쉬락, 해쉬체인 그리고 Kim-Ryoo의 프로토콜과의 안전성을 비교 - 분석한 표이다.<표 \\( 1>\\) 과 같이 해쉬락, 랜덤해쉬락, 해쉬체인, Kim-Ryoo 프로토콜들은 도청공격, 재전송 공격, 스푸핑 공격 등에 취약하여 안전한 상호인증을 수행할 수 없으며, 전방향 안전성도 제공하지 않는다. 특히 해쉬락과 랜덤해쉬락 프로토콜은 트래픽 분석 공격과 위치 트래킹 공격에도 취약하다. 하지만 제안한 프로토콜은 기존의 프로토콜과 비교하여 상호인증을 명시적으로 안전하게 제공하며, 도청공격, 재전송 공격, 스푸핑 공격, 트래픽 분석 공격, 위치 트래킹 공격, 서비스 거부 공격 등에 안전할 뿐만 아니라 전방향 안전성을 제공함을 알 수 있다.</p>",
                "context_length": 6526,
                "clue": [
                    {
                        "clue_text": "Kim-Ryoo 프로토콜들은 도청공격, 재전송 공격, 스푸핑 공격 등에 취약하여 안전한 상호인증을 수행할 수 없으며, 전방향 안전성도 제공하지 않는다.",
                        "clue_start": "6247",
                        "clue_end": "6331"
                    },
                    {
                        "clue_text": "특히 해쉬락과 랜덤해쉬락 프로토콜은 트래픽 분석 공격과 위치 트래킹 공격에도 취약하다.",
                        "clue_start": "6332",
                        "clue_end": "6380"
                    },
                    {
                        "clue_text": "하지만 제안한 프로토콜은 기존의 프로토콜과 비교하여 상호인증을 명시적으로 안전하게 제공하며, 도청공격, 재전송 공격, 스푸핑 공격, 트래픽 분석 공격, 위치 트래킹 공격, 서비스 거부 공격 등에 안전할 뿐만 아니라 전방향 안전성을 제공함을 알 수 있다.",
                        "clue_start": "6381",
                        "clue_end": "6522"
                    },
                    {
                        "clue_text": "본 장에서는 제안한 RFID 상호 인증 프로토콜에 대한 안전성과 효율성을 분석한다.",
                        "clue_start": "27",
                        "clue_end": "73"
                    },
                    {
                        "clue_text": "제안한 RFID 인증 프로토콜은 다음과 같이 상호인증을 명시적으로 제공하며, 도청 공격, 재전송 공격, 스푸핑 공격, 트래픽 분석 공격, 위치 트래킹 공격, 서비스 거부 공격 등에 안전하며 전방향 안전성을 제공한다.",
                        "clue_start": "107",
                        "clue_end": "227"
                    }
                ],
                "terminology": [
                    {
                        "word": "Authentication"
                    },
                    {
                        "word": "DB"
                    },
                    {
                        "word": "Query"
                    },
                    {
                        "word": "RFID"
                    },
                    {
                        "word": "RFID 상호 인증 프로토콜"
                    },
                    {
                        "word": "RFID 인증 프로토콜"
                    },
                    {
                        "word": "RFID 태그"
                    },
                    {
                        "word": "Tracking"
                    },
                    {
                        "word": "기밀 성"
                    },
                    {
                        "word": "난수"
                    },
                    {
                        "word": "네트워크"
                    },
                    {
                        "word": "논리합"
                    },
                    {
                        "word": "논리합 연산"
                    },
                    {
                        "word": "데이터베이스"
                    },
                    {
                        "word": "도청"
                    },
                    {
                        "word": "도청 공격"
                    },
                    {
                        "word": "도청 공격(Eavesdropping Attack)"
                    },
                    {
                        "word": "동기화"
                    },
                    {
                        "word": "동기화 문제"
                    },
                    {
                        "word": "랜덤해쉬락"
                    },
                    {
                        "word": "리더"
                    },
                    {
                        "word": "무결성"
                    },
                    {
                        "word": "반사 공격"
                    },
                    {
                        "word": "반사 공격(Reflection Attack)"
                    },
                    {
                        "word": "배타적 논리합"
                    },
                    {
                        "word": "백-엔드"
                    },
                    {
                        "word": "백-엔드 데이터베이스"
                    },
                    {
                        "word": "부채널 공격"
                    },
                    {
                        "word": "부채널 공격(Side-Channel Attack)"
                    },
                    {
                        "word": "비밀키"
                    },
                    {
                        "word": "비트 길이"
                    },
                    {
                        "word": "상호 인증 프로토콜"
                    },
                    {
                        "word": "상호인증"
                    },
                    {
                        "word": "상호인증(Mutual Authentication)"
                    },
                    {
                        "word": "서비스 거부 공격"
                    },
                    {
                        "word": "세션"
                    },
                    {
                        "word": "송수신"
                    },
                    {
                        "word": "송신"
                    },
                    {
                        "word": "스푸핑"
                    },
                    {
                        "word": "스푸핑 공격"
                    },
                    {
                        "word": "스푸핑 공격(Spoofing Attack)"
                    },
                    {
                        "word": "시도-응답"
                    },
                    {
                        "word": "시도-응답(Challenge-Response)"
                    },
                    {
                        "word": "시드"
                    },
                    {
                        "word": "위치 트래킹"
                    },
                    {
                        "word": "위치 트래킹 공격"
                    },
                    {
                        "word": "인증 프로토콜"
                    },
                    {
                        "word": "일 방향 해쉬 함수"
                    },
                    {
                        "word": "일방향 해쉬함수"
                    },
                    {
                        "word": "재전송 공격"
                    },
                    {
                        "word": "재전송 공격(Replay Attack)"
                    },
                    {
                        "word": "전방향 안전성"
                    },
                    {
                        "word": "전송"
                    },
                    {
                        "word": "태그"
                    },
                    {
                        "word": "통신 채널"
                    },
                    {
                        "word": "트래킹"
                    },
                    {
                        "word": "트래킹 공격"
                    },
                    {
                        "word": "트래픽"
                    },
                    {
                        "word": "트래픽 분석"
                    },
                    {
                        "word": "트래픽 분석 공격"
                    },
                    {
                        "word": "프로토콜"
                    },
                    {
                        "word": "해쉬 연산"
                    },
                    {
                        "word": "해쉬락"
                    },
                    {
                        "word": "해쉬체인"
                    },
                    {
                        "word": "해쉬함수"
                    }
                ]
            },
            {
                "context_id": "55e-0c9-944136a0-44f2-434c-b6df-62074ccb2b6b",
                "context_K-NSCC": {
                    "field": "인공물",
                    "large_category": "EE",
                    "medium_category": "09"
                },
                "context": "<h1>5. 제안한 RFID 상호 인증 프로토콜</h1> <p>본 장에서는 4장에서 보여준 Kim-RyOO가 제안한 프로토콜의 보안 취약점을 해결한 전방향 안전성을 제공하는 안전하고 효율적인 \\( \\mathrm{RFID} \\) 상호 인증 프로토콜을 제안한다. \\( \\mathrm{Kim}-\\mathrm{RyOO} \\) 가 제안한 프로토콜과 달리 제안한 프로토콜은 동기화 문제 해결 및 전방향 안전성을 제공하기 위해 백-엔드 데이터베이스 내에 각 태그를 위한 기존 \\( I D \\) 의 새로운 갱신된 값인 \\( I D_{n e w} \\) 와 \\( I D \\) 의 가장 최근 값인 \\( I D_{o l d} \\) 쌍을 가지고 있다. 이로 인해 제안한 프로토콜은 상호인증을 수행한 후에 \\( \\mathrm{DB} \\) 와 태그 간에 공유된 비밀 값인 \\( I D \\) 를 안전하게 갱신하여 전방향 안전성을 만족할 뿐만 아니라, 태그 측에서 수행하는 해쉬 연산량 및 \\( \\mathrm{XOR} \\) 연산량 등을 줄여주기 때문에 저비용 태그(Low-cost Tag) 기반의 RFID 인증 시스템 에도 적합하다.</p> <p>(그림 4)는 제안한 \\( \\mathrm{RFID} \\) 상호 인증 프로토콜의 전체적인 구성과 동작 과정을 보여주며, 아래와 같이 인증 프로토콜이 수행된다. (그림 4)에서 일반적인 \\( \\mathrm{RFID} \\) 시스템에서와 마찬가지로 리더와 백-엔드 데이터베이스 사이의 통신 채널은 공격자로부터 안전한 채널(Secure Channel)이며, 리더와 태그 사이의 통신 채널은 공격자가 개입하여 2.2절에서 언급한 공격 등을 수행할 수 있는 공개된 채널(Open Channel)임을 가정한다.</p> <p>Step 1. 리더 \\( \\rightarrow \\) 태그: Query, \\( N_{R} \\)</p> <p>리더는 태그를 인증하기 위해 난수 \\( N_{R} \\) 을 생성하여 Query와 함께 태그로 전송한다.</p> <p>Step 2. 태그 \\( \\rightarrow \\) 리더: \\( S_{T} \\| N_{T} \\)</p> <p>태그는 Query와 \\( N_{R} \\) 을 수신한 후, 리더를 인증하기 위한 난수 \\( N_{T} \\) 를 생성한다. 계속해서 태그는 수신한 \\( N_{R} \\) 과 생성한 \\( N_{T} \\) 그리고 저장된 비밀 값 \\( I D \\) 를 이용하여 \\( S_{T}=h\\left(0\\|I D\\| N_{T} \\| N_{R}\\right) \\) 를 계산하고, \\( S_{T} \\) 와 \\( N_{T} \\) 를 리더에게 전송한다.</p> <p>Step 3. 리더 \\( \\rightarrow \\mathrm{DB}: S_{T}\\left\\|N_{T}\\right\\| N_{R} \\)</p> <p>리더는 수신한 \\( S_{T} \\| N_{T} \\) 메시지에 \\( N_{R} \\) 을 연접하여 \\( \\mathrm{DB} \\) 에게 전송한다.</p> <p>Step 4. \\( \\mathrm{DB} \\rightarrow \\) 리더: \\( S_{D B} \\| \\) Info</p> <p>\\( \\mathrm{DB} \\) 는 자신의 데이터베이스 내에 저장되어 있는 태그들의 \\( I D_{\\text {old }} \\) 와 \\( I D_{\\text {new }} \\) 그리고 리더로 부터 수신한 \\( N_{T} \\) 와 \\( N_{R} \\) 을 이용하여 \\( S_{\\text {Told }}{ }^{\\prime}=h\\left(0\\left\\|I D_{\\text {old }}\\right\\| N_{T} \\| N_{R}\\right) \\) 와 \\( S_{\\text {Tnew }}{ }^{\\prime}=h\\left(0\\left\\|I D_{\\text {new }}\\right\\| N_{T} \\| N_{R}\\right) \\) 를 각각 계산한 후, 수신된 \\( S_{T} \\) 와 일치하는 값을 찾는다. 수신된 \\( S_{T} \\) 가 \\( \\mathrm{DB} \\) 에서 계산된 \\( S_{\\text {Told }}{ }^{\\prime} \\) 또는 \\( S_{\\text {Tnew }}{ }^{\\prime} \\) 값들과 일치하지 않는다면, \\( \\mathrm{DB} \\) 는 Error 메시지를 리더에게 전송한다. 만약 수신된 \\( S_{T} \\) 와 \\( \\mathrm{DB} \\) 에서 계산된 \\( S_{\\text {Told }}{ }^{\\prime} \\) 또는 \\( S_{\\text {Tnew }}{ }^{\\prime} \\) 와 일치한다면 태그와 리더가 인증된다. 그리고 \\( \\mathrm{DB} \\) 는 검증에 사용된 해당 \\( I D_{\\text {old }} \\) 또는 \\( I D_{n e w} \\) 를 \\( I D \\) 로 두고 수신한 \\( N_{T} \\) 와 \\( N_{R} \\) 을 이용하여 \\( S_{D B}=h\\left(1\\|I D\\| N_{T} \\| N_{R}\\right) \\) 를 계산한 후, 태그가 \\( \\mathrm{DB} \\) 와 리더를 인증하기 위한 \\( S_{D B} \\) 메시지와 리더가 필요로 하는 태그에 관한 정보를 담고 있는 Info를 함께 리더에게 전송한다. 마지막으로 전방향 안전성을 제공하기 위해 \\( \\mathrm{DB} \\) 는 현재의 태그의 비밀 값인 \\( I D \\) 를 다음 세션을 위해 사용될 새로운 비밀 값 쌍인 \\( I D_{\\text {old }}=I D \\) 와 \\( I D_{\\text {new }}=h\\left(2\\|I D\\| N_{T} \\| N_{R}\\right) \\) 로 각각 갱신하여 저장한다.</p> <p>Step 5. 리더 \\( \\rightarrow \\) 태그: \\( S_{D B} \\)</p> <p>리더는 Error 메시지를 수신한 경우, 태그와의 통신을 중단하고, \\( S_{D B} \\| I n f o \\) 메시지를 수신한 경우는 태그에 관한 정보를 담고 있는 Info를 정보로 활용하며, \\( S_{D B} \\) 는 태그에게 전송한다.</p> <p>Step 6. 태그는 \\( S_{D B} \\) 메시지를 리더로부터 수신하면, 자신 의 메모리 내에 저장하고 있는 \\( I D \\) 와 난수 \\( N_{T} \\) 와 \\( N_{R} \\) 을 이용하여 \\( S_{D B}{ }^{\\prime}=h\\left(1\\|I D\\| N_{T} \\| N_{R}\\right) \\) 를 계산한다. 수신된 \\( S_{D B} \\) 와 계산된 \\( S_{D B}^{\\prime} \\) 이 일치하면, \\( \\mathrm{DB} \\) 와 리더가 인증된다. 마지막으로 전방향 안전성을 제공하기 위해 \\( \\mathrm{DB} \\) 는 현재의 태그의 비밀 값인 \\( I D \\) 를 다음 세션을 위해 사용될 새로운 비밀 값인 \\( I D=h\\left(2\\|I D\\| N_{T} \\| N_{R}\\right) \\) 로 갱신하여 저장한다.</p>",
                "context_length": 3365,
                "clue": [
                    {
                        "clue_text": "본 장에서는 4장에서 보여준 Kim-RyOO가 제안한 프로토콜의 보안 취약점을 해결한 전방향 안전성을 제공하는 안전하고 효율적인 \\( \\mathrm{RFID} \\) 상호 인증 프로토콜을 제안한다.",
                        "clue_start": "35",
                        "clue_end": "144"
                    },
                    {
                        "clue_text": "\\( \\mathrm{Kim}-\\mathrm{RyOO} \\) 가 제안한 프로토콜과 달리 제안한 프로토콜은 동기화 문제 해결 및 전방향 안전성을 제공하기 위해 백-엔드 데이터베이스 내에 각 태그를 위한 기존 \\( I D \\) 의 새로운 갱신된 값인 \\( I D_{n e w} \\) 와 \\( I D \\) 의 가장 최근 값인 \\( I D_{o l d} \\) 쌍을 가지고 있다.",
                        "clue_start": "145",
                        "clue_end": "351"
                    },
                    {
                        "clue_text": "이로 인해 제안한 프로토콜은 상호인증을 수행한 후에 \\( \\mathrm{DB} \\) 와 태그 간에 공유된 비밀 값인 \\( I D \\) 를 안전하게 갱신하여 전방향 안전성을 만족할 뿐만 아니라, 태그 측에서 수행하는 해쉬 연산량 및 \\( \\mathrm{XOR} \\) 연산량 등을 줄여주기 때문에 저비용 태그(Low-cost Tag) 기반의 RFID 인증 시스템 에도 적합하다.",
                        "clue_start": "352",
                        "clue_end": "561"
                    },
                    {
                        "clue_text": "(그림 4)는 제안한 \\( \\mathrm{RFID} \\) 상호 인증 프로토콜의 전체적인 구성과 동작 과정을 보여주며, 아래와 같이 인증 프로토콜이 수행된다.",
                        "clue_start": "569",
                        "clue_end": "656"
                    }
                ],
                "terminology": [
                    {
                        "word": "Info"
                    },
                    {
                        "word": "Query"
                    },
                    {
                        "word": "RFID"
                    },
                    {
                        "word": "RFID 상호 인증 프로토콜"
                    },
                    {
                        "word": "RFID 인증 시스템"
                    },
                    {
                        "word": "Tag"
                    },
                    {
                        "word": "공개된 채널"
                    },
                    {
                        "word": "공개된 채널(Open Channel)"
                    },
                    {
                        "word": "공격자"
                    },
                    {
                        "word": "난수"
                    },
                    {
                        "word": "데이터베이스"
                    },
                    {
                        "word": "동기화"
                    },
                    {
                        "word": "동기화 문제"
                    },
                    {
                        "word": "리더"
                    },
                    {
                        "word": "메모리"
                    },
                    {
                        "word": "백-엔드"
                    },
                    {
                        "word": "백-엔드 데이터베이스"
                    },
                    {
                        "word": "상호 인증 프로토콜"
                    },
                    {
                        "word": "안전한 채널"
                    },
                    {
                        "word": "안전한 채널(Secure Channel)"
                    },
                    {
                        "word": "연접"
                    },
                    {
                        "word": "인증 프로토콜"
                    },
                    {
                        "word": "저비용 태그"
                    },
                    {
                        "word": "저비용 태그(Low-cost Tag)"
                    },
                    {
                        "word": "전방향 안전성"
                    },
                    {
                        "word": "전송"
                    },
                    {
                        "word": "태그"
                    },
                    {
                        "word": "프로토콜"
                    },
                    {
                        "word": "해쉬 연산량"
                    }
                ]
            },
            {
                "context_id": "55e-0c9-9ef923d1-71b9-4e1e-b31e-5da6883fa4c4",
                "context_K-NSCC": {
                    "field": "인공물",
                    "large_category": "EE",
                    "medium_category": "09"
                },
                "context": "<h1>1. 서 론</h1> <p>최근 유비쿼터스 컴퓨팅에 대한 연구와 관심이 증대됨에 따라, \\( \\operatorname{RFID} \\) (Radio requency IDentification) 시스템은 유비 쿼터스 기반의 핵심 기술로 주목받고 있다. RFID 시스템은 무선 주파수를 이용하여 움직이는 물체를 인식, 추적, 분류 및 인식기 간의 데이터 통신을 수행하는 자동 데이터 수집 기술이다. 현재 국내에서는 교통카드, 출입구 보안 및 출결 카드 등 근접식 \\( \\mathrm{RFID} \\) 가 주로 활용되고 있으며, 많은 연구로 인해 물류 및 유통 분야까지 빠르게 응용 및 확산되고 있는 추세이다.</p> <p>그러나 물리적인 접촉 없이도 인식이 가능한 \\( \\mathrm{RFID} \\) 시스템의 특징과 객체를 유일하게 식별하기 위해 정보를 가지고있는 RFID 태그는 시스템의 안전성과 개인의 정보 노출, 위치 추적 등의 프라이버시(Privacy) 침해를 유발할 수 있는 문제점을 가지고 있다. 이러한 \\( \\mathrm{RFID} \\) 의 프라이버시 침해 문제를 해결하기 위해 해쉬함수(Hash Function), 대칭키 및 공개키 시스템을 이용한 암호학적 알고리즘(Cryptography Algorithm) 또는 배타적 논리합(Exclusive-Or)과 같은 단순한 연산자를 사용한 다양한 기법들이 많은 연구자들에 의해 제안되었다.</p> <p>최근 Kim-Ryoo는 기존의 RFID 인증 프로토콜 분석을 통하여 해쉬함수를 이용한 새로운 RFID 상호 인증 프로토콜을 제안하였다. 또한 제안한 프로토콜이 위치 추적 (Location Tracking), 재전송 공격(Repaly Attack), 스푸핑 공격(Spoofing Attack)에 안전할 뿐만 아니라 단순한 상호 인증방식에서 취약했던 반사 공격(Reflection Attack)에도 안전하다고 주장하였다.</p> <p>본 논문에서는 Kim-Ryoo가 제안한 RFID 인증 프로토콜이 RFID 태그로 위장하여 공격자가 과거의 세션에서 사용된 인증 메시지들을 이용하여 스푸핑 공격을 수행할 수 있음을 증명하고, 이를 해결할 뿐만 아니라 백-엔드 데이터베이스(Database)와 태그가 상호인증 후 서로 공유된 비밀 값을 안전하게 갱신하게 하여 전방향 안전성(Forward ecrecy) 을 만족하는 안전하고 효율적인 \\( \\mathrm{RFID} \\) 상호 인증 프로토콜을 제안한다. 결론적으로 제안한 프로토콜은 \\( \\mathrm{Kim}-\\mathrm{RyOO} \\) 의 프로토콜과 비교하여 태그측에서 수행하는 해쉬함수 연산과 배타적 논리합 연산 \\( (\\mathrm{XOR}) \\) 등을 최대한 줄여줌으로써 신뢰할 만한 인증 시간을 보장하게 하였고, 전방향 안전성을 제공케하여 태그 내에 저장된 비밀값의 유출로 인한 과거의통신 메시지들에 대한 기밀성 침해 문제를 해결하여 줌으로써, 강력한 안전성을 제공할 뿐만 아니라 효율성 측면에서도 우수함을 보여준다.</p> <h1>2. 연구 배경</h1> <p>본 장에서는 관련연구로서 RFID 시스템의 구성요소와 \\( \\mathrm{RFID} \\) 시스템이 갖추어야 하는 보안 고려사항에 대하여 알아본다.</p> <h2>\\( 2.1 \\) RFID 시스템 구성요소</h2> <p>\\( \\mathrm{RFID} \\) 시스템은 태그(Tag), 리더(Reader), 그리고 백-엔드 데이터베이스(Back-end Database: \\( \\mathrm{DB}) \\) 의 3가지 구성요소로 구성된다. (그림 1)은 기본적인 RFID 시스템의 네트워크 구조를 보여주며, 이들 각 구성요소의 기능은 다음과 같다.</p> <p>1) 태그(Tag): 리더가 질의를 하면 태그는 저장된 식별정보를 무선 통신 채널을 통해 리더에게 전송한다. 태그 는 무선 통신을 위한 안테나와 인증관련 연산을 수행 하고 정보를 저장하는 마이크로 칩으로 구성되어 있다. 전원의 유무에 따라 전원이 있는 태그를 능동형 태그(Active Tag), 전원이 없는 태그를 수동형 태그 (Passive Tag)로 구분한다.</p> <p>2) 리더(Reader): 태그의 정보를 읽어내기 위해 태그와 송.수신하는 기기로서 태그에서 수집된 정보를 데이터 베이스로 전송하는 기능을 한다. 리더는 무선 통신 채널을 통하여 태그에 정보를 요청한다.</p> <p>3) 백-엔드 데이터베이스(Back-end Database: \\( \\mathrm{DB}) \\) : 태그에 관련된 정보를 저장하며, 정당한 리더로부터 전송된 임의의 태그 정보를 수신하여 해당 태그의 정당성을 식별하는 기능을 수행한다. 또한, 연산 능력이 낮은 리더나 태그를 대신하여 복잡한 연산을 수행한다.</p>",
                "context_length": 2312,
                "clue": [
                    {
                        "clue_text": "최근 유비쿼터스 컴퓨팅에 대한 연구와 관심이 증대됨에 따라, \\( \\operatorname{RFID} \\) (Radio requency IDentification) 시스템은 유비 쿼터스 기반의 핵심 기술로 주목받고 있다.",
                        "clue_start": "19",
                        "clue_end": "142"
                    },
                    {
                        "clue_text": "RFID 시스템은 무선 주파수를 이용하여 움직이는 물체를 인식, 추적, 분류 및 인식기 간의 데이터 통신을 수행하는 자동 데이터 수집 기술이다.",
                        "clue_start": "143",
                        "clue_end": "223"
                    },
                    {
                        "clue_text": "현재 국내에서는 교통카드, 출입구 보안 및 출결 카드 등 근접식 \\( \\mathrm{RFID} \\) 가 주로 활용되고 있으며, 많은 연구로 인해 물류 및 유통 분야까지 빠르게 응용 및 확산되고 있는 추세이다.",
                        "clue_start": "224",
                        "clue_end": "340"
                    },
                    {
                        "clue_text": "본 논문에서는 Kim-Ryoo가 제안한 RFID 인증 프로토콜이 RFID 태그로 위장하여 공격자가 과거의 세션에서 사용된 인증 메시지들을 이용하여 스푸핑 공격을 수행할 수 있음을 증명하고, 이를 해결할 뿐만 아니라 백-엔드 데이터베이스(Database)와 태그가 상호인증 후 서로 공유된 비밀 값을 안전하게 갱신하게 하여 전방향 안전성(Forward ecrecy) 을 만족하는 안전하고 효율적인 \\( \\mathrm{RFID} \\) 상호 인증 프로토콜을 제안한다.",
                        "clue_start": "947",
                        "clue_end": "1205"
                    }
                ],
                "terminology": [
                    {
                        "word": "Algorithm"
                    },
                    {
                        "word": "IDentification"
                    },
                    {
                        "word": "RFID"
                    },
                    {
                        "word": "RFID 상호 인증 프로토콜"
                    },
                    {
                        "word": "RFID 시스템"
                    },
                    {
                        "word": "RFID 인증 프로토콜"
                    },
                    {
                        "word": "RFID 태그"
                    },
                    {
                        "word": "Tracking"
                    },
                    {
                        "word": "공개키"
                    },
                    {
                        "word": "네트워크"
                    },
                    {
                        "word": "논리합"
                    },
                    {
                        "word": "논리합 연산"
                    },
                    {
                        "word": "능동형 태그"
                    },
                    {
                        "word": "데이터베이스"
                    },
                    {
                        "word": "리더(Reader)"
                    },
                    {
                        "word": "무선 주파수"
                    },
                    {
                        "word": "무선 통신 채널"
                    },
                    {
                        "word": "반사 공격"
                    },
                    {
                        "word": "배타적 논리합"
                    },
                    {
                        "word": "백-엔드"
                    },
                    {
                        "word": "백-엔드 데이터베이스"
                    },
                    {
                        "word": "비밀값"
                    },
                    {
                        "word": "상호 인증 프로토콜"
                    },
                    {
                        "word": "수동형 태그"
                    },
                    {
                        "word": "스푸핑"
                    },
                    {
                        "word": "스푸핑 공격"
                    },
                    {
                        "word": "시스템 구성요소"
                    },
                    {
                        "word": "알고리즘"
                    },
                    {
                        "word": "암호학적 알고리즘"
                    },
                    {
                        "word": "유비 쿼터스"
                    },
                    {
                        "word": "유비쿼터스 컴퓨팅"
                    },
                    {
                        "word": "인증 프로토콜"
                    },
                    {
                        "word": "재전송 공격"
                    },
                    {
                        "word": "전방향 안전성"
                    },
                    {
                        "word": "전송"
                    },
                    {
                        "word": "주파수"
                    },
                    {
                        "word": "태그"
                    },
                    {
                        "word": "태그 정보"
                    },
                    {
                        "word": "프라이버시 침해"
                    },
                    {
                        "word": "해쉬함수"
                    },
                    {
                        "word": "확산"
                    }
                ]
            },
            {
                "context_id": "55e-0c9-9aa82304-7a80-4b0f-9221-5154fdc15963",
                "context_K-NSCC": {
                    "field": "인공물",
                    "large_category": "EE",
                    "medium_category": "09"
                },
                "context": "<h2>\\( 2.2 \\) RFID 시스템의 보안 고려사항</h2> <p>\\( \\mathrm{RFID} \\) 시스템은 다음과 같은 보안 문제들을 고려하여 설계되어야 한다.</p> <ol type=1 start=1><li>상호 인증(Mutual Authentication): 통신하는 태그와 리더가 서로 합법적인지를 명시적인 인증을 통해 확 인하는 것이다.</li> <li>도청 공격(Eavesdropping Attack): 공격자가 리더와 태그 사이에 전송되는 메시지를 도청하여 정보를 얻 게 된다.</li> <li>재전송 공격(Replay Attack): 공격자는 특정 태그와 리더 사이의 통신 메시지들을 도청하고, 도청한 메시 지를 임의의 태그에 저장한다. 이후 리더로부터 질의를 받으면 공격자는 임의의 태그에 저장된 메시지를 재전송함으로써 정당한 태그나 리더로 인증 받으려는 공격이다.</li> <li>스푸핑 공격(Spoofing Attack): 공격자가 정당한 태그로 위장하여 리더로부터 인증에 필요한 정보를 획득 하거나 정당한 리더로 위장하여 태그로부터 인증에 필요한 정보를 획득하고 이를 이용하여 정당한 태그 또는 리더로 인증 받는 공격이다.</li> <li>트래픽 분석 공격(Traffic Analysis Attack): 공격자가 리더와 태그간의 송수신 정보들을 도청한 후 도청된 내용을 분석하여 인증 프로토콜에 필요한 비밀정보등을 분석 및 리더의 질의에 대한 태그의 응답 등을 예측하는 공격이다.</li> <li>위치 트래킹 공격(Location Tracking Attack): 공격자가 태그의 위치변화를 감지함으로써 태그 소유자의 이동 경로를 파악하여 태그 소유자의 프라이버시를 침해하는 공격이다.</li> <li>서비스 거부 공격(Denial of Service Attack): 리더와 태그가 정상적인 서비스와 기능을 수행 하지 못하도 록 하는 공격이다. 상대방의 정당한 인증 요청임에도 불구하고 공격자에 의해 많은 계산이 요구되는 데이터 송신이나, 이전 세션에서 갱신되어져야 하는 값들을 올바른 값으로 갱신되지 못하도록 방해한다.</li> <li>전방향 안전성 (Forward Secrecy): 공격자에게 현재 세션에서 \\( \\mathrm{DB} \\) 와 태그 간에 공유된 비밀키 값이 누출 되더라도 해당 비밀 값을 이용하여 과거에 사용된 비밀 값 유도를 통하여, 과거 메시지들의 무결성을 저해하지 않아야 하는 보안성을 의미한다. 즉, \\( \\mathrm{RFID} \\) 태그는 폐기 되어질 수 있기에 공격자에 의해 쉽게 획득되어 부채널 공격(Side-Channel Attack) 등을 통해 태그 내에 저장된 비밀키 값이 유출될 수 있다.</li></ol> <p>따라서, \\( \\mathrm{DB} \\) 와 태그는 상호인증을 수행 후 다음 세션을 위해 서로의 비밀 값을 안전하게 갱신하여 트래픽 분석 공격이나 위치 트래킹 공격 등을 방어할 수 있어야 한다.</p> <h2>\\( 2.3 \\) 관련 연구</h2> <p>RFID 시스템에서의 태그는 주위의 리더 신호에 반응하여 자신의 고유 정보를 무선 통신 채널을 통해서 리더에게 전송한다. 따라서 리더 주변의 공격자는 사용자의 개인 정보나 위치 정보를 쉽게 얻을 수 있으므로 심각한 프라이버시 침해 문제를 유발시킨다. 이러한 사용자의 프라이버시 보호를 위해 여러 가지 기법들이 제안되었다.</p> <p>제안된 기법들은 크게 물리적 접근기법과 비트연산 \\( (\\mathrm{XOR}) \\)기반, 해쉬함수 기반, 재 암호화 등 암호학적 접근기법으로 분류된다. 물리적 접근기법의 가장 단순한 방법은 Auto-ID 센터에 의해 제안된 태그 무효화(Kill) 명령어 기법으로서 태그가 자신의 데이터 필드에 저장된 패스워드를 외부에서 받은 경우, 태그를 영구적으로 정지시켜 더 이상 리더의 질의에 응답하지 않게 하는 방법이다[13]. 이 방법은 명령이 수행된 이후, 완료되었는지 확인하기 어렵고, 한번 정지된 태그의 재사용이 불가능하다.</p> <p>\\( \\mathrm{XOR} \\) 기반 접근기법으로는 Juels 기법과 Eunyoung 기법 등이 있다. Juels 기법은 단지 \\( \\mathrm{XOR} \\) 연산을 사용하므로 저가의 \\( \\mathrm{RFID} \\) 시스템에 적용이 가능하고, Eunyoung 기법은 Juels 기법을 기반으로 제안되었으나 태그와 \\( \\mathrm{DB} \\) 에서 전송하는 비밀 값들을 분리하여 처리하였다는 점에서 차별성을 가지며, Juels 기법보다 태그와 \\( \\mathrm{DB} \\) 에서 적은 저장 공간과 계산량을 보여주어 효율적이라 할 수 있다. 그러나 \\( \\mathrm{XOR} \\) 기반인 두 기법은 읽기와 쓰기가 가능한 저가형 \\( \\mathrm{RFID} \\) 태그에 적합하지만 읽기전용 \\( \\mathrm{RFID} \\) 태그에는 적용할 수 없다는 단점이 있다.</p> <p>해쉬함수 기반의 대표적 기법인 해쉬락 기법은 해쉬함수를 사용하여 저가의 태그에 적용될 수 있지만, 리더와 태그간에 동일한 해쉬 값인 metaID \\( =\\mathrm{h}(\\mathrm{key}) \\) 를 사용하기 때문에 공격자가 태그의 위치를 추적할 수 있고, 재전송 공격, 스푸핑 공격 등이 가능한 단점을 가지고 있다[16]. 이러한 문제점을 해결하기 위해 제안된 바 있는 난수 값을 사용하는 랜덤 해쉬락 기법과 서로 다른 두개의 해쉬함수를 사용하는 해쉬체인 기법도 태그의 \\( \\mathrm{ID} \\) 가 노출될 가능성과 재전송 공격 및 스푸핑 공격에 취약하다. 해쉬함수 이외의 암호학적 함수를 사용하는 방법으로 재 암호화 접근기법이 있다. 이 방법은 ElGamel 공개키 암호화 알고리즘을 기반으로 하여 유로화 지폐에 \\( \\mathrm{RFID} \\) 태그를 내장함으로써 사용자 프라이버시를 보호한다. 그러나 특정 리더만이 태그 정보의 정 확성을 확인할 수 있다는 가정 하에 안전성이 보장되고, 공개키 암호화 알고리즘을 사용하므로 재 암호화 기법을 사용 하기 위해서는 별도의 인프라가 필요하다는 단점을 가진다. 2007년에 Kim-RyoO는 기존의 RFID 인증 프로토콜 분석을 통하여 해쉬함수를 이용한 새로운 RFID 상호 인증 프로</p> <p>토콜을 제안하였으나[11], 제안한 상호 인증 프로토콜은 RFID 태그로 위장한 공격자로부터 스푸핑 공격에 취약하다는 단점이 있다. 본 연구에서는 이러한 보안 문제점을 개선한 전방향 안전성(Forward Secrecy)을 만족하는 안전하고 효율적인 RFID 상호 인증 프로토콜을 제안하고자 한다.</p>",
                "context_length": 3222,
                "clue": [
                    {
                        "clue_text": "따라서, \\( \\mathrm{DB} \\) 와 태그는 상호인증을 수행 후 다음 세션을 위해 서로의 비밀 값을 안전하게 갱신하여 트래픽 분석 공격이나 위치 트래킹 공격 등을 방어할 수 있어야 한다.",
                        "clue_start": "1333",
                        "clue_end": "1441"
                    },
                    {
                        "clue_text": "제안된 기법들은 크게 물리적 접근기법과 비트연산 \\( (\\mathrm{XOR}) \\)기반, 해쉬함수 기반, 재 암호화 등 암호학적 접근기법으로 분류된다.",
                        "clue_start": "1661",
                        "clue_end": "1746"
                    },
                    {
                        "clue_text": "물리적 접근기법의 가장 단순한 방법은 Auto-ID 센터에 의해 제안된 태그 무효화(Kill) 명령어 기법으로서 태그가 자신의 데이터 필드에 저장된 패스워드를 외부에서 받은 경우, 태그를 영구적으로 정지시켜 더 이상 리더의 질의에 응답하지 않게 하는 방법이다[13].",
                        "clue_start": "1747",
                        "clue_end": "1896"
                    },
                    {
                        "clue_text": "\\( \\mathrm{XOR} \\) 기반 접근기법으로는 Juels 기법과 Eunyoung 기법 등이 있다.",
                        "clue_start": "1962",
                        "clue_end": "2020"
                    },
                    {
                        "clue_text": "해쉬함수 기반의 대표적 기법인 해쉬락 기법은 해쉬함수를 사용하여 저가의 태그에 적용될 수 있지만, 리더와 태그간에 동일한 해쉬 값인 metaID \\( =\\mathrm{h}(\\mathrm{key}) \\) 를 사용하기 때문에 공격자가 태그의 위치를 추적할 수 있고, 재전송 공격, 스푸핑 공격 등이 가능한 단점을 가지고 있다[16].",
                        "clue_start": "2404",
                        "clue_end": "2588"
                    }
                ],
                "terminology": [
                    {
                        "word": "Authentication"
                    },
                    {
                        "word": "Auto-ID"
                    },
                    {
                        "word": "ElGamel"
                    },
                    {
                        "word": "Eunyoung 기법"
                    },
                    {
                        "word": "Juels"
                    },
                    {
                        "word": "Juels 기법"
                    },
                    {
                        "word": "RFID"
                    },
                    {
                        "word": "RFID 상호 인증 프로토콜"
                    },
                    {
                        "word": "RFID 시스템"
                    },
                    {
                        "word": "RFID 인증 프로토콜"
                    },
                    {
                        "word": "RFID 태그"
                    },
                    {
                        "word": "Tracking"
                    },
                    {
                        "word": "metaID"
                    },
                    {
                        "word": "고유 정보"
                    },
                    {
                        "word": "공개키"
                    },
                    {
                        "word": "공개키 암호화"
                    },
                    {
                        "word": "공개키 암호화 알고리즘"
                    },
                    {
                        "word": "난수 값"
                    },
                    {
                        "word": "데이터 송신"
                    },
                    {
                        "word": "데이터 필드"
                    },
                    {
                        "word": "도청 공격"
                    },
                    {
                        "word": "도청 공격(Eavesdropping Attack)"
                    },
                    {
                        "word": "메시"
                    },
                    {
                        "word": "무결성"
                    },
                    {
                        "word": "무선 통신 채널"
                    },
                    {
                        "word": "부채널 공격"
                    },
                    {
                        "word": "부채널 공격(Side-Channel Attack)"
                    },
                    {
                        "word": "비트연산"
                    },
                    {
                        "word": "상호 인증 프로토콜"
                    },
                    {
                        "word": "상호 인증(Mutual Authentication)"
                    },
                    {
                        "word": "서비스 거부 공격"
                    },
                    {
                        "word": "세션"
                    },
                    {
                        "word": "송수신"
                    },
                    {
                        "word": "송신"
                    },
                    {
                        "word": "스푸핑"
                    },
                    {
                        "word": "스푸핑 공격(Spoofing Attack)"
                    },
                    {
                        "word": "알고리즘"
                    },
                    {
                        "word": "암호화"
                    },
                    {
                        "word": "암호화 알고리즘"
                    },
                    {
                        "word": "위치 트래킹"
                    },
                    {
                        "word": "위치 트래킹 공격"
                    },
                    {
                        "word": "인증 프로토콜"
                    },
                    {
                        "word": "인프라"
                    },
                    {
                        "word": "재 암호화"
                    },
                    {
                        "word": "재전송 공격"
                    },
                    {
                        "word": "재전송 공격(Replay Attack)"
                    },
                    {
                        "word": "전방향 안전성"
                    },
                    {
                        "word": "전방향 안전성 (Forward Secrecy)"
                    },
                    {
                        "word": "전방향 안전성(Forward Secrecy)"
                    },
                    {
                        "word": "전송"
                    },
                    {
                        "word": "태그"
                    },
                    {
                        "word": "태그 무효화"
                    },
                    {
                        "word": "태그 정보"
                    },
                    {
                        "word": "트래킹"
                    },
                    {
                        "word": "트래킹 공격"
                    },
                    {
                        "word": "트래픽"
                    },
                    {
                        "word": "트래픽 분석"
                    },
                    {
                        "word": "트래픽 분석 공격"
                    },
                    {
                        "word": "프라이버시 침해"
                    },
                    {
                        "word": "해쉬락"
                    },
                    {
                        "word": "해쉬락 기법"
                    },
                    {
                        "word": "해쉬체인"
                    },
                    {
                        "word": "해쉬함수"
                    }
                ]
            },
            {
                "context_id": "55e-0c9-f58cf600-536c-460f-90e1-acb8670e9d48",
                "context_K-NSCC": {
                    "field": "인공물",
                    "large_category": "EE",
                    "medium_category": "09"
                },
                "context": "<h1>3. Kim-Ryoo의 RFID 상호 인증 프로토콜</h1> <p>본 논문에서 사용할 용어들을 정의하고, Kim-Ryoo가 제안한 RFID 상호 인증 프로토콜을 소개한다.</p> <h2>\\( 3.1 \\) 용어 정의</h2> <ul> <li>Query: 태그의 응답을 요청하는 리더의 요청</li> <li>\\( I D \\) : 태그에 할당된 고유정보</li> <li>\\( I D_{n e w}: I D \\) 의 새로운 갱신된 값</li> <li>\\( I D_{\\text {old }}: I D \\) 의 가장 최근 값</li> <li>\\( D B \\) : 백-엔드 데이터베이스(Back-end Database)</li> <li>\\( M_{1} \\| M_{2}: M_{1} \\) 과 \\( M_{2} \\) 의 연접</li> <li>\\( h(\\cdot) \\) : 안전한 일방향 해쉬함수</li> <li>\\( N_{R} \\) : 리더가 생성한 난수</li> <li>\\( N_{T} \\) : 태그가 생성한 난수</li> <li>\\( \\oplus \\): 비트단위 배타적논리합 \\( (\\mathrm{XOR}) \\) 연산</li> <li>\\( S_{T}: h\\left(N_{R} \\oplus N_{T}\\right) \\)</li> <li>\\( S_{D B}: h\\left(N_{T}\\right) \\)</li> <li>Info : 인증된 태그에 관한 제품정보</li></ul> <h2>\\( 3.2 \\mathrm{Kim}- \\) Ryoo의 프로토콜</h2> <p>(그림 2)는 Kim-Ryoo가 제안한 RFID 상호 인증 프로토콜의 전체적인 구성과 동작 과정을 보여주며, 아래와 같이 인증 프로토콜이 수행된다. (그림 2)에서 일반적인 RFID 시스템에서와 마찬가지로 리더와 백-엔드 데이터베이스 사이의 통신 채널은 공격자로부터 안전한 채널(Secure Channel) 이며, 리더와 태그 사이의 통신 채널은 공격자가 개입하여 2.2절에서 언급한 공격등을 수행할 수 있는 공개된 채널 (Open Channel)임을 가정한다.</p> <p>Step 1. 리더 \\( \\rightarrow \\) 태그: Query, \\( N_{R} \\)</p> <p>리더는 태그를 인증하기 위해 난수 \\( N_{R} \\) 을 생성하여 Query와 함께 태그로 전송한다.</p> <p>Step 2. 태그 \\( \\rightarrow \\) 리더: \\( h\\left(I D \\oplus S_{T}\\right) \\| N_{T} \\)</p> <p>태그는 Query 를 수신한 후, 리더를 인증하기 위한 난수 \\( N_{T} \\) 를 생성한다. 그리고 태그는 \\( N_{R} \\) 과 \\( N_{T} \\) 를 이용하여 \\( S_{T}=h\\left(N_{R} \\oplus N_{T}\\right) \\) 와 \\( h\\left(I D \\oplus S_{T}\\right) \\) 를 계산하고, \\( h\\left(I D \\oplus S_{T}\\right) \\) 와 \\( N_{T} \\) 를 리더에게 전송한다.</p> <p>Step 3. 리더 \\( \\rightarrow \\) DB: \\( h\\left(I D \\oplus S_{T}\\right)\\left\\|N_{R}\\right\\| N_{T} \\)</p> <p>리더는 수신한 \\( h\\left(I D \\oplus S_{T}\\right) \\| N_{T} \\) 메시지에 \\( N_{R} \\) 을 연접하여 \\( \\mathrm{DB} \\) 에게 전송한다.</p> <p>Step 4. DB \\( \\rightarrow \\) 리더: \\( h\\left(I D \\oplus S_{D B}\\right) \\)</p> <p>\\( \\mathrm{DB} \\) 는 수신한 \\( N_{R} \\) 과 \\( N_{T} \\) 를 이용하여 \\( S_{T}^{\\prime}=h\\left(N_{R} \\oplus N_{T}\\right) \\) 을 계산한 후, 자신의 데이터베이스 내에 저장되어 있는 태그들의 \\( I D \\) 를 이용하여 수신된 \\( h\\left(I D \\oplus S_{T}\\right) \\) 와 일치하는 값을 찾는다. 수신된 \\( h\\left(I D \\oplus S_{T}\\right) \\) 가 \\( \\mathrm{DB} \\) 에서 계산된 \\( h\\left(I D \\oplus S_{T}^{\\prime}\\right) \\)값들과 일치하지 않는다면, \\( \\mathrm{DB} \\) 는 Error 메시지를 리더에게 전송한다. 만약 수신된 \\( h\\left(I D \\oplus S_{T}\\right) \\) 와 \\( \\mathrm{DB} \\) 에서 계산된 \\( h\\left(I D \\oplus S_{T}^{\\prime}\\right) \\) 이 일치한다면 태그와 리더가 인증된다. 그리고\\( \\mathrm{DB} \\) 는 \\( N_{T} \\) 를 이용하여 \\( S_{D B}=h\\left(N_{T}\\right) \\) 를 계산한 후, 태그가 \\( \\mathrm{DB} \\) 와 리더를 인증하기 위해 \\( h\\left(I D \\oplus S_{D B}\\right) \\) 메시지를 리더에게 전송한다.</p> <p>Step 5. 리더 \\( \\rightarrow \\) 태그: \\( h\\left(I D \\oplus S_{D B}\\right) \\)</p> <p>리더는 Error 메시지를 수신하면 태그와의 통신을 중단하고, \\( h\\left(I D \\oplus S_{D B}\\right) \\) 메시지를 수신하게 되면 태그에게 수신한 메시지를 전송한다.</p> <p>Step 6. 태그는 \\( h\\left(I D \\oplus S_{D B}\\right) \\) 메시지를 수신하면, 자신이 저장하고 있는 \\( N_{T} \\) 와 자신의 \\( I D \\) 를 이용하여 \\( h\\left(I D \\oplus S_{D B}{ }^{\\prime}\\right) \\) 를 계산한다. 수신된 \\( h\\left(I D \\oplus S_{D B}\\right) \\) 와 계산된 \\( h\\left(I D \\oplus S_{D B}{ }^{\\prime}\\right) \\) 이 일치하면, \\( \\mathrm{DB} \\) 와 리더가 인증된다.</p>",
                "context_length": 2996,
                "clue": [
                    {
                        "clue_text": "(그림 2)는 Kim-Ryoo가 제안한 RFID 상호 인증 프로토콜의 전체적인 구성과 동작 과정을 보여주며, 아래와 같이 인증 프로토콜이 수행된다.",
                        "clue_start": "754",
                        "clue_end": "836"
                    },
                    {
                        "clue_text": "일반적인 RFID 시스템에서와 마찬가지로 리더와 백-엔드 데이터베이스 사이의 통신 채널은 공격자로부터 안전한 채널(Secure Channel) 이며, 리더와 태그 사이의 통신 채널은 공격자가 개입하여 2.2절에서 언급한 공격등을 수행할 수 있는 공개된 채널 (Open Channel)임을 가정한다.",
                        "clue_start": "846",
                        "clue_end": "1012"
                    },
                    {
                        "clue_text": "\\( \\mathrm{DB} \\) 는 수신한 \\( N_{R} \\) 과 \\( N_{T} \\) 를 이용하여 \\( S_{T}^{\\prime}=h\\left(N_{R} \\oplus N_{T}\\right) \\) 을 계산한 후, 자신의 데이터베이스 내에 저장되어 있는 태그들의 \\( I D \\) 를 이용하여 수신된 \\( h\\left(I D \\oplus S_{T}\\right) \\) 와 일치하는 값을 찾는다.",
                        "clue_start": "1782",
                        "clue_end": "2001"
                    },
                    {
                        "clue_text": "수신된 \\( h\\left(I D \\oplus S_{T}\\right) \\) 가 \\( \\mathrm{DB} \\) 에서 계산된 \\( h\\left(I D \\oplus S_{T}^{\\prime}\\right) \\)값들과 일치하지 않는다면, \\( \\mathrm{DB} \\) 는 Error 메시지를 리더에게 전송한다.",
                        "clue_start": "2002",
                        "clue_end": "2171"
                    }
                ],
                "terminology": [
                    {
                        "word": "DB"
                    },
                    {
                        "word": "Database"
                    },
                    {
                        "word": "Info"
                    },
                    {
                        "word": "Query"
                    },
                    {
                        "word": "RFID"
                    },
                    {
                        "word": "RFID 상호 인증 프로토콜"
                    },
                    {
                        "word": "RFID 시스템"
                    },
                    {
                        "word": "공개된 채널"
                    },
                    {
                        "word": "데이터베이스"
                    },
                    {
                        "word": "배타적논리합"
                    },
                    {
                        "word": "백-엔드"
                    },
                    {
                        "word": "백-엔드 데이터베이스"
                    },
                    {
                        "word": "상호 인증 프로토콜"
                    },
                    {
                        "word": "안전한 채널"
                    },
                    {
                        "word": "연접"
                    },
                    {
                        "word": "인증 프로토콜"
                    },
                    {
                        "word": "일방향 해쉬함수"
                    },
                    {
                        "word": "전송"
                    },
                    {
                        "word": "해쉬함수"
                    }
                ]
            },
            {
                "context_id": "55e-0c9-0720e4d7-d00b-4016-9eea-ec38363f5479",
                "context_K-NSCC": {
                    "field": "인공물",
                    "large_category": "EE",
                    "medium_category": "09"
                },
                "context": "<h1>4. 스푸핑 공격</h1> <p>본 장에서는 Kim-RyOO가 제안한 RFID 상호 인증 프로토콜의 취약점을 지적한다. 즉, 인증 단계에서 이루어지는 스푸핑 공격(Spoofing attack) 과정을 기술한다.</p> <p>\\( \\mathrm{Kim}-\\mathrm{RyoO} \\) 가 제안한 \\( \\mathrm{RFID} \\) 상호 인증 프로토콜은 임의의 세션에서 \\( \\mathrm{DB} \\) 가 이전에 재전송된 태그의 인증 메시지를 쉽게 인증하는 스푸핑 공격에 취약하다. 임의의 세션에서 공</p> <p>격자는 Step 2에서 태그가 리더에게 전송한 난수 \\( N_{T} \\) 와 Step 5 에서 리더가 태그에게 전송한 \\( h\\left(I D \\oplus S_{D B}\\right) \\) 를 소유하고 있다고 가정하자. 그러면 다음과 같은 과정으로 공격자는 스푸핑 공격을 수행 할 수 있다. (그림 3)은 스푸핑 공격 과정을 보여준다.</p> <p>Step 1. 리더 \\( \\rightarrow \\) 태그: Query, \\( N_{R} \\)</p> <p>리더는 태그를 인증하기 위해 난수 \\( N_{R} \\) 을 생성하여 Query와 함께 태그로 전송한다.</p> <p>Step 2. 공격자 \\( \\rightarrow \\) 리더: \\( h\\left(I D \\oplus S_{D B}\\right) \\| N_{T}^{*} \\)</p> <p>공격자는 Query와 \\( N_{R} \\) 을 가로챈 후, 과거의 세션에서 사용된 난수 \\( N_{T} \\) 와 현재 세션에서 가로챈 \\( N_{R} \\) 을 이용하여 \\( N_{T}^{*}=N_{R} \\oplus N_{T} \\) 를 계산하여 과거 세션에서 도청한 \\( h\\left(I D \\oplus S_{D B}\\right) \\) 와 함께 \\( N_{T}^{*} \\) 를 리더에게 전송한다.</p> <p>Step 3. 리더 \\( \\rightarrow \\mathrm{DB}: h\\left(I D \\oplus S_{D B}\\right)\\left\\|N_{R}\\right\\| N_{T}^{*} \\)</p> <p>리더는 수신한 \\( h\\left(I D \\oplus S_{D B}\\right) \\| N_{T}^{*} \\) 메시지에 \\( N_{R} \\) 을 연접하 여 \\( \\mathrm{DB} \\) 에게 전송한다.</p> <p>Step 4. \\( \\mathrm{DB} \\rightarrow \\) 리더: \\( h\\left(I D \\oplus S_{D B}^{*}\\right) \\)</p> <p>\\( \\mathrm{DB} \\) 는 수신한 \\( N_{R} \\) 과 \\( N_{T}^{*} \\) 를 이용하여 \\( S_{T}^{\\prime}=h\\left(N_{R} \\oplus N_{T}^{*}\\right) \\) 을 계산하게 된다. 여기에서 \\( N_{T}^{*}=N_{R} \\oplus N_{T} \\) 이기 때문에, \\( S_{T}^{\\prime} \\) 이 과거의 세션에서 사용된 \\( S_{D B}=h\\left(N_{T}\\right) \\) 와 동일함을 아래 수식을 통해 쉽게 발견할 수 있다.</p> <p>\\( \\begin{aligned} S_{T}^{\\prime} &=h\\left(N_{R} \\oplus N_{T}^{*}\\right) \\\\ &=h\\left(N_{R} \\oplus N_{R} \\oplus N_{T}\\right) \\\\ &=h\\left(N_{T}\\right) \\\\ &=S_{D B} \\end{aligned} \\)</p> <p>따라서 \\( \\mathrm{DB} \\) 는 자신의 데이터베이스 내에 저장되어 있는 태그들의 \\( I D \\) 를 이용하여 계산된 \\( h\\left(I D \\oplus S_{T}^{\\prime}\\right)=h\\left(I D \\oplus h\\left(N_{T}\\right)\\right) \\) 는 공격자로부터 수신된 \\( h\\left(I D \\oplus S_{D B}\\right)=h\\left(I D \\oplus h\\left(N_{T}\\right)\\right) \\) 와 일치하는 값을 쉽게 찾을 수 있기 때문에, 공격자가 전송한 스푸핑 메시지를 인증하게 된다. 마지막으로 공격자를 인증한 \\( \\mathrm{DB} \\) 는 \\( N_{T}^{*} \\) 를 이용하여 \\( S_{D B}^{*}=h\\left(N_{T}^{*}\\right) \\) 를 계산한 후, 태그가 \\( \\mathrm{DB} \\) 와 리더를 인증하기 위한 \\( h\\left(I D \\oplus S_{D B}^{*}\\right) \\) 메시지를 리더에 게 전송한다.</p> <p>Step 5. 리더 \\( \\rightarrow \\) 태그: \\( h\\left(I D \\oplus S_{D B}^{*}\\right) \\)</p> <p>리더는 태그에게 \\( h\\left(I D \\oplus S_{D B}^{*}\\right) \\) 전송하게 된다.</p> <p>Step 6. 공격자는 \\( h\\left(I D \\oplus S_{D B}^{*}\\right) \\) 메시지를 가로채어 스푸핑 공격을 마무리 하여 리더로부터 송신되는 중요한 정보를 가로채거나 악의적인 정보를 리더에게 송신할 수 있다.</p> <p>결론적으로 Kim-Ryoo가 제안한 RFID 상호 인증 프로토콜은 위 Step 1 6을 통하여 임의의 태그로 위장한 공격자를 쉽게 인증하는 스푸핑 공격에 취약하다.</p>",
                "context_length": 2631,
                "clue": [
                    {
                        "clue_text": "본 장에서는 Kim-RyOO가 제안한 RFID 상호 인증 프로토콜의 취약점을 지적한다.",
                        "clue_start": "22",
                        "clue_end": "70"
                    },
                    {
                        "clue_text": "즉, 인증 단계에서 이루어지는 스푸핑 공격(Spoofing attack) 과정을 기술한다.",
                        "clue_start": "71",
                        "clue_end": "121"
                    },
                    {
                        "clue_text": "\\( \\mathrm{Kim}-\\mathrm{RyoO} \\) 가 제안한 \\( \\mathrm{RFID} \\) 상호 인증 프로토콜은 임의의 세션에서 \\( \\mathrm{DB} \\) 가 이전에 재전송된 태그의 인증 메시지를 쉽게 인증하는 스푸핑 공격에 취약하다.",
                        "clue_start": "129",
                        "clue_end": "271"
                    },
                    {
                        "clue_text": "결론적으로 Kim-Ryoo가 제안한 RFID 상호 인증 프로토콜은 위 Step 1 6을 통하여 임의의 태그로 위장한 공격자를 쉽게 인증하는 스푸핑 공격에 취약하다.",
                        "clue_start": "2536",
                        "clue_end": "2627"
                    }
                ],
                "terminology": [
                    {
                        "word": "Query"
                    },
                    {
                        "word": "RFID"
                    },
                    {
                        "word": "RFID 상호 인증 프로토콜"
                    },
                    {
                        "word": "데이터베이스"
                    },
                    {
                        "word": "상호 인증 프로토콜"
                    },
                    {
                        "word": "송신"
                    },
                    {
                        "word": "스푸핑"
                    },
                    {
                        "word": "스푸핑 공격"
                    },
                    {
                        "word": "스푸핑 공격(Spoofing attack) 과정"
                    },
                    {
                        "word": "인증 프로토콜"
                    },
                    {
                        "word": "전송"
                    }
                ]
            }
        ]
    }
}