{
    "dataset_info": {
        "identifier": "02-031-002-NL",
        "name": "기술과학 문서 요약 데이터",
        "category": "자연어",
        "last_updated": "2023-08-30"
    },
    "dataset": {
        "doc_id": "31a7cd33-207b5df4-8bdf-43db-8b36-0b1a4cd85d22",
        "doc_type": "논문",
        "doc_title": {
            "kor": "JPEG 및 JPEG2000",
            "eng": ""
        },
        "doc_category": {
            "KDC": "560.5",
            "DDC": ""
        },
        "doc_number": {
            "ISSN": "2287-5026",
            "ISBN": "",
            "DOI": "",
            "UCI": ""
        },
        "doc_year": "2009",
        "doc_author": [
            "고경우",
            "박태용",
            "하영호"
        ],
        "doc_publisher": "대한전자공학회",
        "doc_license": "CC BY-NC",
        "context_info": [
            {
                "context_id": "55e-0c9-f33cb10a-56ba-4f25-9cc9-1f3408ec0b97",
                "context_K-NSCC": {
                    "field": "인공물",
                    "large_category": "EE",
                    "medium_category": "02"
                },
                "context": "<h2>Ⅱ. 대표색을 이용한 색 이동 현상의 관찰</h2> <p>손실 압축에 의해 발생하는 색 번짐 현상은 색도 차가 큰 두 색의 경계 부근에서 현저히 나타난다. 이러한 현상은 일반적으로 높은 압축률에서는 색의 채도를 떨어뜨리지만, 압축률이 증가한다고 반드시 채도가 감소하는 것은 아니다. 따라서 인간시각에 균일한 a*b* 색 공간에서 압축률에 따른 색상과 채도의 이동 현상을 조사하기 위해, 그림 1과 같이 표준 컬러 차트의 18가지 색 표본을 이용하여 3개의 테스트 영상을 제작하였다. 이 테스트 영상들은 압축 후의 색 이동 현상을 확실히 관찰하기 위해 색상 동심원으로 구성되었다.</p> <p>이 실험에서 낮은 압축률과 높은 압축률을 각각 28과 71로 정하였으며, 한 화소당 비트수는 각각 \\( 0.86[\\mathrm{bpp}] \\)와 \\( 0.34[\\mathrm{bpp}] \\)이다. 색 이동 현상을 시각적으로 관찰하기 위해, 압축 후 복원된 테스트 영상의 5번째 색에 대한 색상 각도(hue angle)와 채도 위치를 그림 2, 3, 4에 나타내었다. 그림에서 원 주변에 표시된 숫자는 색상 각도를 나타내고, 좌측의 막대에 표시된 숫자는 a*b* 색 공간에서의 채도를 나타낸다. 원 안에서 회색의 삼각형은 압축되기 전의 5번째 색에 대한 색상과 채도를 나타내고, 횐색 삼각형은 위에서 설명한 색과 이웃하는 두 가지 색의 색상과 채도를 의미한다. 그림 2, 3, 4를 살펴보면, 원본 색과 이웃하는 두 색 사이에서 색 번짐이 발생함에 따라 색 이동 현상이 일어나고 있음을 명백히 알 수 있으며, 색 이동의 방향은 이웃 색 방향이고 압축률이 증가할수록 그 크기가 증가함을 알 수 있다. 또한 압축률이 증가함에 따라 주변 색과의 색 번짐 현상으로 인해 대부분의 색이 채도가 감소하는 것을 알 수 있지만, 의사색 신호의 진동으로 인하여 몇몇의 색은 채도가 오히려 증가하는 것을 볼 수 있다. 또한 JPEG과 JPEG2000을 비교할 경우, JPEG에서의 색 이동이 더 뚜렷함을 알 수 있다. 그림 2, 3, 4를 동시에 비교할 경우, 그림 3에서의 채도 증가가 그림 2와 4보다 상당히 적음을 알 수 있다. 이것은 그림 3의 원본 색(회색 삼각형으로 표시) 채도가 그림 2와 4의 원본 색 채도에 비해 상대적으로 높기 때문이다. 실험에서는 비록 3개의 표본으로 색 이동 현상을 조사하였지만, 나머지 색에서도 같은 현상이 일어남을 확인하였다.</p> <p>그림 5에서는 18개의 색 표본에 대해 색상 각도와 채도의 평균적인 이동을 나타내었다. 그림에서 1부터 18까지의 숫자는 표준 컬러 차트에 나타나 있는 색 표본의 순서이며, 검은색 삼각형과 사각형은 각각 압축률 28과 71일 때의 색 이동 결과이다. 또한 회색 화살표는 압축률이 증가함에 따른 색 이동의 궤적을 나타낸다.</p>",
                "context_length": 1391,
                "clue": [
                    {
                        "clue_text": "손실 압축에 의해 발생하는 색 번짐 현상은 색도 차가 큰 두 색의 경계 부근에서 현저히 나타난다.",
                        "clue_start": "36",
                        "clue_end": "90"
                    },
                    {
                        "clue_text": "이러한 현상은 일반적으로 높은 압축률에서는 색의 채도를 떨어뜨리지만, 압축률이 증가한다고 반드시 채도가 감소하는 것은 아니다.",
                        "clue_start": "91",
                        "clue_end": "161"
                    },
                    {
                        "clue_text": "또한 압축률이 증가함에 따라 주변 색과의 색 번짐 현상으로 인해 대부분의 색이 채도가 감소하는 것을 알 수 있지만, 의사색 신호의 진동으로 인하여 몇몇의 색은 채도가 오히려 증가하는 것을 볼 수 있다.",
                        "clue_start": "836",
                        "clue_end": "948"
                    }
                ],
                "terminology": [
                    {
                        "word": "동심원"
                    },
                    {
                        "word": "번짐 현상"
                    },
                    {
                        "word": "비트수"
                    },
                    {
                        "word": "색 공간"
                    },
                    {
                        "word": "색 번짐 현상"
                    },
                    {
                        "word": "색도"
                    },
                    {
                        "word": "색상 각도"
                    },
                    {
                        "word": "손실 압축"
                    },
                    {
                        "word": "의사색"
                    },
                    {
                        "word": "표준 컬러 차트"
                    }
                ]
            },
            {
                "context_id": "55e-0c9-910a65a3-55e9-42bb-942b-4f89f5906bbe",
                "context_K-NSCC": {
                    "field": "인공물",
                    "large_category": "EE",
                    "medium_category": "02"
                },
                "context": "<h1>I. 서 론</h1> <p>현재 영상 통신 시스템에서는 제한된 전송 대역과 저장 공간으로 인하여 JPEG, JPEG 2000 등 압축 기술의 사용이 일반적이며, 이러한 압축 기술의 사용으로 데이터의 용량을 감소시켜 효율적으로 데이터를 전송 및 저장하고 있다. 하지만 본래의 정보를 완벽하게 복원할 수 없는 손실 특성으로 인하여 복원된 영상에는 블록화(blockiness) 현상, 몽롱화(blurriness) 현상, 잡음 등의 여러 가지 왜곡이 발생하게 된다. 따라서 압축률의 정도와 복원된 영상의 화질 사이에는 적절한 타협점(trade-off)이 필요하며, 눈에 띄는 화질의 열화 없이 압축률을 가능한 최대로 높이는 것이 압축 기술의 목표이다.</p> <p>현재까지 JPEG과 JPEG2000에서 나타나는 열화 현상 및 이러한 열화를 측정하는 방법에 대해 오랫동안 연구되어 왔다. E. Allen의 첫 번째 논문에서는 화질 열화의 원인을 분석하여 그 정도를 PSNR(peak signal to noise ratio) 수치로 비교하였으며, 두 번째 논문에서는 관찰자의 시각 특성을 고려하여 영상을 분류하고, 0과 10사이의 값으로 화질의 정도롤 나타내었다. U. Steinggrimsson은 JPEG과 JPEG2000의 압축률을 변화해가면서 관찰자들로부터 주관적 화질 평가 점수를 획득한 후, 이들의 상관관계를 도출하였다. 그리고 H. M. Al-Otum은 압축 알고리즘의 양자화(quantization) 과정에서 영상을 블록단위로 처리하기 때문에, 이 블록들 기반의 평가 항목들을 제시하고 다른 방법들과 비교하였다.</p> <p>높은 압축률에 대한 컬러 왜곡 현상은 JPEG의 경우색도 채널의 부표본화(subsampling)에 의해 발생하며, JPEG2000의 경우 웨이블릿 변환(wavelet transform)의 다해상도(multi-resolution) 특성에 의해 발생한다. 또한 두 가지 알고리즘 모두에 적용되는 것으로, 색도 성분에 대한 조잡한 양자화에 의해서도 컬러 왜곡 현상이 발생한다. 색 번짐 현상(color bleeding)은 특히 색도 차가 큰 두 색의 경계 부근에서 현저하게 발생하며, 그 원인은 의사색(spurious color) 신호가 경계 부근에서 진동하기 때문이다. 그 결과 압축 과정에서 발생하는 색도 성분의 손실 및 색 번짐 현상은 복원된 영상에서 색 정보를 변화시켜 영상의 색역에도 영향을 미치게 된다. 따라서 색역은 주어진 영상의 모든 색 변화와 관련이 있기 때문에, 색역을 조사한다는 것은 압축 전후의 화질을 평가하는 효과적인 표준 항목이 될 수 있다.</p> <p>따라서 본 논문에서는 JPEG과 JPEG2000으로 압축 후 복원된 영상에 대해서 압축률과 색역 변화의 관계를 조사하였다. 압축률과 색 번짐 현상의 관계, 즉 인간 시각에 균일한 색 공간에서 색상과 채도의 이동 현상을 분석하기 위해 우선적으로 표준 컬러 차트의 18가지 대표색을 이용하였다. 대표색에 대한 색 이동 현상의 결과를 기반으로 하여 12가지 자연 영상에 대해서도 압축률과 색역 변화의 관계를 조사하였으며, 이때 자연 영상을 각각의 속성에 따라 2개의 그룹으로 분류하여 실험하였다. 실험을 통해 획득된 각 그룹별 압축률과 색역 변화에 대한 관계 그래프를 최소 자승법(least squre method)을 이용하여 근사화 하고 곡선의 함수로 표현하였다.</p> <p>본 논문의 구성은 다음과 같다. Ⅱ장에서는 표준 컬러 차트의 대표색을 이용하여 색 이동 현상을 관찰하고, Ⅲ장에서는 실험에 사용될 자연 영상을 4가지 속성에 의해 분류한다. Ⅳ장에서는 실험을 통해 압축률과 색역 변화의 관계를 도출하고, 마지막으로 Ⅴ장에서는 본 논문의 결론을 맺는다.</p>",
                "context_length": 1833,
                "clue": [
                    {
                        "clue_text": "하지만 본래의 정보를 완벽하게 복원할 수 없는 손실 특성으로 인하여 복원된 영상에는 블록화(blockiness) 현상, 몽롱화(blurriness) 현상, 잡음 등의 여러 가지 왜곡이 발생하게 된다.",
                        "clue_start": "149",
                        "clue_end": "260"
                    }
                ],
                "terminology": [
                    {
                        "word": "Allen"
                    },
                    {
                        "word": "PSNR"
                    },
                    {
                        "word": "signal to noise ratio"
                    },
                    {
                        "word": "다해상도"
                    },
                    {
                        "word": "몽롱화"
                    },
                    {
                        "word": "번짐 현상"
                    },
                    {
                        "word": "부표본화"
                    },
                    {
                        "word": "블록화"
                    },
                    {
                        "word": "블록화(blockiness) 현상"
                    },
                    {
                        "word": "상관관계"
                    },
                    {
                        "word": "색 공간"
                    },
                    {
                        "word": "색 번짐 현상"
                    },
                    {
                        "word": "색 번짐 현상(color bleeding)"
                    },
                    {
                        "word": "색도"
                    },
                    {
                        "word": "색도 성분"
                    },
                    {
                        "word": "알고리즘"
                    },
                    {
                        "word": "양자화"
                    },
                    {
                        "word": "양자화(quantization)"
                    },
                    {
                        "word": "웨이블릿"
                    },
                    {
                        "word": "웨이블릿 변환"
                    },
                    {
                        "word": "의사색"
                    },
                    {
                        "word": "의사색(spurious color)"
                    },
                    {
                        "word": "잡음"
                    },
                    {
                        "word": "전송"
                    },
                    {
                        "word": "주관적 화질 평가"
                    },
                    {
                        "word": "최소 자승법"
                    },
                    {
                        "word": "타협점"
                    },
                    {
                        "word": "통신 시스템"
                    },
                    {
                        "word": "표준 컬러 차트"
                    },
                    {
                        "word": "화질 열화"
                    }
                ]
            },
            {
                "context_id": "55e-0c9-ff91ffa2-625f-424c-93e8-25a8de808bbd",
                "context_K-NSCC": {
                    "field": "인공물",
                    "large_category": "EE",
                    "medium_category": "02"
                },
                "context": "<h1>Ⅳ.압축률과 색역 변화</h1> <p>그룹 1과 그룹 2의 영상에 대해 압축률에 따른 색역 크기의 변화를 그림 7과 8에 각각 나타내었다. 그래프의 세로축 값은 정규화된 색역 크기로, 상호간 비교가 쉽도록 하기위해 원본 영상에 비해 색역 크기가 얼마나 증감하였는지를 백분율로 나타내었다. 그림 7(a)과 8(a)에서 알 수 있듯이, 전체적으로 JPEG2000보다 JPEG에서 색역 크기의 변동이 더 심하다. 또한 그림 7에서, Cafe나 Fruit과 같이 원본 영상의 색역이 클 경우에는 압축률이 증가하여도 다른 영상들에 비해 색역 변화가 크지 않음을 알 수 있다. 이와 반대로 House2나 Girl과 같이 원본 영상의 색역이 작을 경우에는 압축률이 증가함에 따라 색역의 변동이 상당히 큼을 그림 8에서 알 수 있다. 이 결과는 대표색 표본을 이용한 이전의 실험에서 원본 색의 채도가 크면 의사색 진동에 의해 발생하는 채도의 증가가 적은 것과 같은 의미로 해석할 수 있다.</p> <p>압축률과 색역 변화 사이의 관계를 근사화 하기 위해 우리는 최적화된 최소 자승법을 이용하였다. 따라서 각 그룹의 영상에 대해, 실제 데이터와 근사값 사이의 오차를 최소화하는 근사화 곡선을 2차의 방정식으로 유도하였다.</p> <p>\\( y=-0.0026 x^{2}+0.61 x+89.5 \\) \\( \\quad \\) for all images in JPEG</p> <p>\\( y=-0.0030 x^{2}+0.56 x+85.64 \\) \\( \\quad \\) for group1 images in JPEG</p> <p>\\( y=-0.0035 x^{2}+0.79 x+92.4 \\) \\( \\quad \\) for group2 images in JPEG<caption>(3)</caption></p> <p>\\( y=-0.0009 x^{2}+0.31 x+100.88 \\) \\( \\quad \\) for all images in JPEG 2000</p> <p>\\( y=-0.0007 x^{2}+0.055 x+101.7 \\) \\( \\quad \\) for group 1 images in JPEG2000</p> <p>\\( y=-0.0011 x^{2}+0.21 x+99.99 \\) \\( \\quad \\) for group 2 images in JPEG 2000<caption>(4)</caption></p> <p>위의 식에서 x는 압축률을 나타내며, y는 압축 후 복원된 영상의 정규화된 색역 크기를 나타낸다. 그림 9는 식 (3)과 (4)에 의한 근사화 곡선을 보여준다. 그림에서 실선(solid line)은 12개 영상 모두에 대한 모델링 그래프이고, 점선(dotted line)은 그룹 1에 속하는 6개 영상의 모델링 그래프, 1점 쇄선(dash-dot line)은 그룹 2에 속하는 6개 영상의 모델링 그래프를 나타낸다. 그림에서 알 수 있듯이, 압축률이 증가함에 따라 색역의 크기는 증가하지만 높은 압축률에서는 다시 감소하는 경향을 보인다. 이러한 현상은 낮은 압축률에서는 의사색 진동으로 인하여 채도가 중가하기 때문에 색역의 크기도 증가하지만, 높은 압축률에서는 주변 색과의 혼합에 의해 무채색 계통으로 변하기 때문에 색역이 감소하기 때문이다. JPEG과 JPEG2000을 서로 비교해 보면 전체적으로 비슷한 경향을 보이지만, 그래프의 기울기는 차이가 난다. 즉, 동일한 압축률에 대해서 JPEG2000보다 JPEG에서의 색역 변화가 더 현저히 나타난다.</p> <p>색역 크기의 변화를 시각적으로 비교하기 위해 Girl 영상에 대한 본래의 색역과, 압축률 71로 JPEG과 JPEG2000을 사용하여 압축한 영상의 색역을 그림 10에 나타내었으며, 또한 각각에 해당하는 압축 결과 영상을 그림 11에 나타내었다. 그림 10에서 JPEG으로 압축한 결과는 원본 색역의 크기에 비해 약 \\( 70 \\% \\) 정도가 증가하였고, 반면 JPEG2000으로 압축한 결과는 약 \\( 20 \\% \\) 정도만이 증가하였다. 이 결과는 그림 8의 그래프에서도 확인할 수 있다.</p>",
                "context_length": 1985,
                "clue": [
                    {
                        "clue_text": "전체적으로 JPEG2000보다 JPEG에서 색역 크기의 변동이 더 심하다.",
                        "clue_start": "190",
                        "clue_end": "231"
                    },
                    {
                        "clue_text": "압축률이 증가함에 따라 색역의 크기는 증가하지만 높은 압축률에서는 다시 감소하는 경향을 보인다.",
                        "clue_start": "1411",
                        "clue_end": "1464"
                    },
                    {
                        "clue_text": "낮은 압축률에서는 의사색 진동으로 인하여 채도가 중가하기 때문에 색역의 크기도 증가하지만, 높은 압축률에서는 주변 색과의 혼합에 의해 무채색 계통으로 변하기 때문에 색역이 감소하기 때문이다.",
                        "clue_start": "1473",
                        "clue_end": "1579"
                    },
                    {
                        "clue_text": "즉, 동일한 압축률에 대해서 JPEG2000보다 JPEG에서의 색역 변화가 더 현저히 나타난다.",
                        "clue_start": "1644",
                        "clue_end": "1697"
                    },
                    {
                        "clue_text": "압축률과 색역 변화 사이의 관계를 근사화 하기 위해 우리는 최적화된 최소 자승법을 이용하였다.",
                        "clue_start": "501",
                        "clue_end": "553"
                    }
                ],
                "terminology": [
                    {
                        "word": "JPEG"
                    },
                    {
                        "word": "근사"
                    },
                    {
                        "word": "근사값"
                    },
                    {
                        "word": "근사화 곡선"
                    },
                    {
                        "word": "모델링 그래프"
                    },
                    {
                        "word": "방정식"
                    },
                    {
                        "word": "백분율"
                    },
                    {
                        "word": "색역 변화"
                    },
                    {
                        "word": "색역 크기"
                    },
                    {
                        "word": "압축률"
                    },
                    {
                        "word": "의사색"
                    },
                    {
                        "word": "의사색 진동"
                    },
                    {
                        "word": "정규화"
                    },
                    {
                        "word": "최소 자승법"
                    }
                ]
            }
        ]
    }
}