{
    "dataset_info": {
        "identifier": "02-031-002-NL",
        "name": "기술과학 문서 요약 데이터",
        "category": "자연어",
        "last_updated": "2023-08-30"
    },
    "dataset": {
        "doc_id": "31a7cd33-2b09c024-f05a-4048-9844-cbe6a5655770",
        "doc_type": "논문",
        "doc_title": {
            "kor": "메트로 WDM 링 네트워크상에서의 공평성에 관한 연구",
            "eng": ""
        },
        "doc_category": {
            "KDC": "560.5",
            "DDC": ""
        },
        "doc_number": {
            "ISSN": "2287-5026",
            "ISBN": "",
            "DOI": "",
            "UCI": ""
        },
        "doc_year": "2008",
        "doc_author": [
            "양효식"
        ],
        "doc_publisher": "대한전자공학회",
        "doc_license": "CC BY-NC",
        "context_info": [
            {
                "context_id": "55e-0c9-7a022d1e-8603-403f-b1d6-b4e469df337a",
                "context_K-NSCC": {
                    "field": "인공물",
                    "large_category": "EE",
                    "medium_category": "04"
                },
                "context": "<h1>요 약</h1> <p>메트로 네트위크를 위한 패킷 기반의 파장 분할 방식 링 네트워크는 백본 네트워크로의 병목 현상을 줄이기 위하여 많은 연구가 진행되어 왔다. 메트로 네트워크는 망의 특성상 유니캐스트 트래픽과 멀티캐스트 트래픽이 혼재되어있다. 현재까지 제안된 링 네트워크에서는 일반적으로 가상 출력 큐를 사용하여 혼재된 트래픽을 처리하고 있다. 본 논문에서는 메트로 링 네트워크에서 가상 출력 큐의 구조에 따른 유니캐스트 트래픽과 멀티캐스트 트래픽의 공평성 문제에 과하여 살펴보고 성능 분석을 수행하였다. 본 논문에서 일반적인 최대 큐 선택 방법이 유니캐스트 트래픽에 비하여 멀티캐스트 트래픽에 우선순위를 부여함에 따라 불공평 문제를 야기함을 보였다. 각각의 다른 가상 출력 큐의 구조를 살펴보고 각각에 대한 성능분석을 통하여 특징을 살펴보았다</p> <h1>Ⅰ. 서 론</h1> <p>매트로 링 네트워크에서 유니캐스트 트래픽과 멀티캐스트 트래픽이 섞여서 네트워크상으로 유입될 때 이를 효과적으로 전송하고 네트워크의 성능을 향상시키기 위하여 일반적으로 가상 출력 큐 (VOQ, Virtual Output Queue)를 이용하여 데이터를 저장, 전송하고 있다. 일반적으로 노드에서 발생하는 트래픽을 목적지별 가상 출력 큐에 저장하고 데이터 전송시 이들 가상 출력 큐 중에서 큐의 길이가 긴 큐의 데이트를 먼저 전송하는 방법 (Longest Queue Selection Algorithm)을 사용하여 왔다.</p> <p>이러한 멀티캐스트 트래픽과 유니캐스트 트래픽으로 구분한 가상 출력 큐와 단순한 비교 알고리즘은 심각한 공평성 문제를 야기한다. 일반적으로 멀티캐스트 트래픽은 일관되지 않은 망의 효율성과, 패킷 손실 등을 유발하고, 유니캐스트 트래픽은 멀티캐스트 트래픽에 비해 낮은 우선순위를 갖게 되어 전송되기 어려운 단점이 있다. 반면에 멀티캐스트 트래픽과 유니캐스트 트래픽을 동일한 버퍼에 저장하게 되면 멀티캐스트 트래픽과 유니캐스트 트래픽이 동일한 우선순위를 갖게됨에따라, 멀티캐스트 트래픽의 목적지가 다수 임에도 불구하고,유니캐스트와 동일한 취급을 받게 되어 네트워크의 성능을 저하시킨다. 또한 멀티캐스트 트래픽과 유니캐스트 트래픽이 동일한 지연시간과 패킷 손실률을 갖게 된다. 본 연구에서는 다양한 가상 출력 큐의 구조를 살펴 보고, 상이한 구조의 특성을 컴퓨터 시뮬레이션을 통하여 성능을 분석하였다. 본 연구에서 가정하는 링 네트워크의 구조와 MAC 프로토콜은 [1]에 소개된 구조를 이용하였다.</p> <h2>1. 관련연구</h2> <p>이와 유사한 연구로 (ⅰ) WDM (Wavelength Division Multiplexing) 링 네트워크상의 멀티캐스트 트래픽 전송 방법에 관한 연구와 (ⅱ) WDM 링 네트워크상의 유니캐스트 트래픽 전송상의 공평성 제어 (fairness control) 방법에 관한 연구, (ⅲ) 통신선로 상에서 유니캐스트와 멀티캐스트의 혼합전송에 관한 연구가 진행되어왔다.</p> <p>WDM 링 네트워크에서의 멀티캐스트에 관한 연구는 현재까지 많은 관심을 받지 못해왔다. 패킷 단위의 전송을 위한 WDM 링 네트워크의 망구조와 MAC(Medium Access Control) 프로토콜에 관한 연구가 진행되어 왔다. 본 연구에서 다루는 패킷 단위의 전송 방법이 아닌 회선 단위의 전송방식의 멀티캐스트 상에서 파장 할당에 관한 연구가 진행되었지만, 본 연구의 주제인 멀티캐스트 트래픽과 유니캐스트 트래픽이 혼합되어 망에 유입될 때 공평성 문제에 대하여는 연구가 이루어지지 않았다.</p> <p>유니캐스트 트래픽의 버스나 링 네트워크상에서의 공평한 전송을 위한 연구는 꾸준히 이루어져 왔다.이 연구를 통하여 각 노드들의 위치에 관계없이 버스나 링 네트워크상에서 공평한 전송 기회를 갖는 방법들이 연구되었지만 이러한 연구들 역시 본 연구에서 다루는 멀티캐스트 트래픽과 유니캐스트 트래픽이 혼합된 경우와는 유사점을 찾을 수 없다.</p> <p>WDM 네트워크의 특정 성질을 배제한 일반적인 네트워크상에서 멀티캐스트와 유니캐스트 트래픽이 흔합 된 경우에 관한 연구는 다수 진행되어왔다. 본 연구에서 제시하는 링 네트워크와는 다른 성형구조의 broadcast-select 방식의 MAC 프로토콜에서의 유니캐스트와 멀티캐스트 트래픽의 스캐줄 알고리즘에 관한 연구가 진행되었다.</p>",
                "context_length": 2139,
                "clue": [
                    {
                        "clue_text": "메트로 네트위크를 위한 패킷 기반의 파장 분할 방식 링 네트워크는 백본 네트워크로의 병목 현상을 줄이기 위하여 많은 연구가 진행되어 왔다.",
                        "clue_start": "16",
                        "clue_end": "93"
                    },
                    {
                        "clue_text": "매트로 링 네트워크에서 유니캐스트 트래픽과 멀티캐스트 트래픽이 섞여서 네트워크상으로 유입될 때 이를 효과적으로 전송하고 네트워크의 성능을 향상시키기 위하여 일반적으로 가상 출력 큐 (VOQ, Virtual Output Queue)를 이용하여 데이터를 저장, 전송하고 있다.",
                        "clue_start": "445",
                        "clue_end": "597"
                    },
                    {
                        "clue_text": "WDM 네트워크의 특정 성질을 배제한 일반적인 네트워크상에서 멀티캐스트와 유니캐스트 트래픽이 흔합 된 경우에 관한 연구는 다수 진행되어왔다.",
                        "clue_start": "1952",
                        "clue_end": "2030"
                    }
                ],
                "terminology": [
                    {
                        "word": "Algorithm"
                    },
                    {
                        "word": "MAC"
                    },
                    {
                        "word": "MAC 프로토콜"
                    },
                    {
                        "word": "Output"
                    },
                    {
                        "word": "Queue"
                    },
                    {
                        "word": "Selection"
                    },
                    {
                        "word": "Virtual"
                    },
                    {
                        "word": "WDM"
                    },
                    {
                        "word": "broadcast-select"
                    },
                    {
                        "word": "공평성"
                    },
                    {
                        "word": "네트워크"
                    },
                    {
                        "word": "노드"
                    },
                    {
                        "word": "데이터"
                    },
                    {
                        "word": "멀티캐스트"
                    },
                    {
                        "word": "멀티캐스트 트래픽"
                    },
                    {
                        "word": "메트로"
                    },
                    {
                        "word": "백본"
                    },
                    {
                        "word": "백본 네트워크"
                    },
                    {
                        "word": "버퍼"
                    },
                    {
                        "word": "성형구조"
                    },
                    {
                        "word": "손실률"
                    },
                    {
                        "word": "시뮬레이션"
                    },
                    {
                        "word": "알고리즘"
                    },
                    {
                        "word": "유니캐스트"
                    },
                    {
                        "word": "유니캐스트 트래픽"
                    },
                    {
                        "word": "전송"
                    },
                    {
                        "word": "전송 방법"
                    },
                    {
                        "word": "최대 큐"
                    },
                    {
                        "word": "출력 큐"
                    },
                    {
                        "word": "컴퓨터 시뮬레이션"
                    },
                    {
                        "word": "통신선로"
                    },
                    {
                        "word": "트래픽"
                    },
                    {
                        "word": "트래픽 전송"
                    },
                    {
                        "word": "파장"
                    },
                    {
                        "word": "패킷"
                    },
                    {
                        "word": "패킷 기반"
                    },
                    {
                        "word": "패킷 단위"
                    },
                    {
                        "word": "패킷 손실"
                    },
                    {
                        "word": "패킷 손실률"
                    },
                    {
                        "word": "프로토콜"
                    },
                    {
                        "word": "혼합전송"
                    }
                ]
            },
            {
                "context_id": "55e-0c9-ec26aff8-2d23-46be-aa65-813f39f7fddb",
                "context_K-NSCC": {
                    "field": "인공물",
                    "large_category": "EE",
                    "medium_category": "04"
                },
                "context": "<h1>Ⅲ. WDM 기반의 메트로 링 네트워크</h1> <p>본 장에서는 고려된 링 네트워크의 구조와 MAC 프로토콜에 관하여 간단히 설명하였다. 보다 자세한 네트워크 구조에 관하여는 [1]을 참조하기 바란다.</p> <h2>1. 네트워크 구조</h2> <p>본 절에서는 본 논문에서 사용된 N 노드와 \\( \\Lambda \\) 파장을 사용하는 WDM 기반의 링 네트워크에 대하여 기술한다. 모든 노드는 하나의 단방향 광섬유에 연결되어있다.</p> <p>광섬유의 대역폭은 \\( \\Lambda \\) 파장으로 분할되어있다. 각 파장은 고정된 크기의 슬랏으로 나누어져 있고, 모든 파장의 각 슬랏은 동기화 되어있다고 가정한다. 한 슬랏의 크기는 고정크기의 데이터 패킷의 전송시간과 같다. 각 노드는 하나의 가변 전송기와 하나의 고정된 수신기로 구성되어 있다 (각 노드는 모든 파장으로 전송이 가능하고 미리 정해진 파장으로 데이터를 수신한다). \\( \\mathrm{N}=\\Lambda \\) 인 경우 각 노드는 수신을 위한 home channel이 할당되어 있다. 만약 \\( N>\\Lambda \\) 의 경우에는 다수의 노드들이 하나의 파장을 공유하게 된다. 노드 \\( \\mathrm{j}=\\mathrm{i}+\\mathrm{n} \\Lambda, \\mathrm{n} \\in\\{0,1, \\ldots \\), \\( \\lceil\\mathrm{N} / \\Lambda\\rceil-1\\} \\) 는 파장 \\( \\mathrm{i}\\),\\( \\mathrm{i} \\in\\{1,2, \\ldots, \\Lambda\\} \\) 를 홈채널로 사용한다. 각각의 노드는 노드의 홈채널로 전송된 데이터를 네트워크로부터 제거한다. 파장을 공유하는 노드들은 수신된 데이터를 파장을 공유하는 다음 노드에게 포워딩 해주게 되고 결과적으로 multi hopping을 이루게 된다. 유니캐스트 트래픽의 경우 목적지 노드가 망으로부터 데이터를 제거하고, 멀티캐스트 트래픽의 경우 최종 목적지가 데이터를 망에서부터 제거한다. 목적지가 망에서 데이터를 제거함으로서, 파장의 재사용이 가능해짐에 따라 네트워크 성능을 높일 수 있다.</p> <h2>2. MAC 프로토콜</h2> <p>전송 채널은 데이터 채널과 제어 채널로 구분되어 있다. 제어 채널을 통해 전송되는 정보는 슬랏의 가용성(슬랏이 비어있는지 데이터가 전송되고 있는지)과 함께 데이터를 전송 중에 있을 경우 목적지의 주소가 전송된다. 제어정보는 다른 파장을 이용하여 전송될 수도 있고, 부반송파를 이용하여 전송될 수도 있다. 각 노드들은 이 제어정보를 모든 파장에 대한 제어정보를 동시에 수집하여 각 파장의 데이터 전송 여부를 판별하게 된다.</p> <p>본 논문에서는 선점 (a posteriori) 방법을 사용하였다. 이 방법은 각 노드가 전송 가능한 채널을 확인 후 출력 버퍼의 데이터를 선택하는 방법이다. 전송 가능한 채널이 없을 경우 빈 슬랏이 올 때까지 기다려야 한다. 하나이상의 전송채널이 가능할 경우 각 노드는 하나의 데이터만 전송한다. \\( \\Lambda \\mathrm{VOQ} \\) 구조의 경우 다수의 채널에서 빈 슬랏이 있을 때만 버퍼를 선택해야하지만, \\( (\\mathrm{u}+\\mathrm{m}) \\mathrm{VOQ} \\) 구조는 하나의 채널에서 빈 슬랏이 있을때도 유니캐스트와 멀티캐스트 큐 중 어느 큐에 있는 데이터를 전송해야할지 결정하여야 한다. 본 논문에서는 큐의 길이가 긴 큐의 데이트를 먼저 전송하는 LQ 알고리즘을 고려하였다. 이 방법은 네트워크상의 큐의 부하를 조절하고 전송율을 증가시킬 수 있다고 알려져왔다. ",
                "context_length": 1761,
                "clue": [
                    {
                        "clue_text": "본 절에서는 본 논문에서 사용된 N 노드와 \\( \\Lambda \\) 파장을 사용하는 WDM 기반의 링 네트워크에 대하여 기술한다. 모든 노드는 하나의 단방향 광섬유에 연결되어있다.",
                        "clue_start": "145",
                        "clue_end": "245"
                    },
                    {
                        "clue_text": "유니캐스트 트래픽의 경우 목적지 노드가 망으로부터 데이터를 제거하고, 멀티캐스트 트래픽의 경우 최종 목적지가 데이터를 망에서부터 제거한다.",
                        "clue_start": "908",
                        "clue_end": "985"
                    },
                    {
                        "clue_text": "목적지가 망에서 데이터를 제거함으로서, 파장의 재사용이 가능해짐에 따라 네트워크 성능을 높일 수 있다.",
                        "clue_start": "986",
                        "clue_end": "1043"
                    }
                ],
                "terminology": [
                    {
                        "word": "LQ 알고리즘"
                    },
                    {
                        "word": "MAC"
                    },
                    {
                        "word": "MAC 프로토콜"
                    },
                    {
                        "word": "N 노드"
                    },
                    {
                        "word": "WDM"
                    },
                    {
                        "word": "home channel"
                    },
                    {
                        "word": "hopping"
                    },
                    {
                        "word": "multi"
                    },
                    {
                        "word": "multi hopping"
                    },
                    {
                        "word": "가변"
                    },
                    {
                        "word": "가용성"
                    },
                    {
                        "word": "광섬유"
                    },
                    {
                        "word": "네트워크"
                    },
                    {
                        "word": "노드"
                    },
                    {
                        "word": "대역폭"
                    },
                    {
                        "word": "데이터 패킷"
                    },
                    {
                        "word": "동기화"
                    },
                    {
                        "word": "링 네트워크"
                    },
                    {
                        "word": "망"
                    },
                    {
                        "word": "멀티캐스트"
                    },
                    {
                        "word": "멀티캐스트 트래픽"
                    },
                    {
                        "word": "메트로"
                    },
                    {
                        "word": "목적지 노드"
                    },
                    {
                        "word": "버퍼"
                    },
                    {
                        "word": "부반송파"
                    },
                    {
                        "word": "선점 (a posteriori)"
                    },
                    {
                        "word": "수신기"
                    },
                    {
                        "word": "슬랏"
                    },
                    {
                        "word": "알고리즘"
                    },
                    {
                        "word": "유니캐스트"
                    },
                    {
                        "word": "유니캐스트 트래픽"
                    },
                    {
                        "word": "전송"
                    },
                    {
                        "word": "전송 채널"
                    },
                    {
                        "word": "제어정보"
                    },
                    {
                        "word": "채널"
                    },
                    {
                        "word": "출력 버퍼"
                    },
                    {
                        "word": "큐"
                    },
                    {
                        "word": "트래픽"
                    },
                    {
                        "word": "파장"
                    },
                    {
                        "word": "패킷"
                    },
                    {
                        "word": "포워딩"
                    },
                    {
                        "word": "홈채널"
                    }
                ]
            },
            {
                "context_id": "55e-0c9-083bf1e2-c1d3-4b0d-b25f-f97120ab6624",
                "context_K-NSCC": {
                    "field": "인공물",
                    "large_category": "EE",
                    "medium_category": "04"
                },
                "context": "<h1>Ⅳ. 실험 결과</h1> <p>본 장에서는 각 큐 선택 방법에 따른 전송 효율, 지연시간 및 공평성문제에 관한 실험 결과를 나타내었다. 네트워크내의 노드 수, \\( \\mathrm{N}=64 \\) 이고 채널의 수는 \\( \\Lambda=6 \\) 를 사용하여 평균 멀티캐스트 그룹 수는 \\( \\mathrm{E}[\\Delta]=7.22 \\) 이다. 발생된 데이터가 멀티캐스트일 확률, \\( \\mathrm{p}_{\\mathrm{m}}=0.3 \\) 이고 공평성을 위한 윈도우 사이즈는 \\( \\mathrm{W}=500 \\) 으로 설정하였다. 우선 멀티캐스트와 유니캐스트 트래픽이 각각의 버퍼에 저장되는 \\( ((\\mathrm{N}-1)+\\Lambda) \\mathrm{VOQ} \\) 구조를 살펴보고 이어서 유니캐스트와 멀티캐스트 트래픽이 함께 저장되는 \\( \\Lambda \\mathrm{VOQ} \\) 구조를 살펴보았다. 가장 큰 큐를 찾기 위하여 각각의 유니캐스트 패킷은 1로 가정하고, 멀티캐스트 패킷은 목적지의 갯수로 가정하였다.</p> <h2>1. \\( ((N-1)+\\Lambda) \\mathrm{VOQ} \\) 구조</h2> <p>앞서 기술된바와 같이, \\( (\\mathrm{N}-1)+\\Lambda) \\mathrm{VOQ} \\) 구조는 \\( \\Lambda \\) 개의 멀티캐스트를 위한 버퍼와 \\( (\\mathrm{N}-1) \\) 개의 유니캐스트를 위한 버퍼로 구성되어 있다. 초기값으로 멀티캐스트를 위한 버퍼 크기, Bm 과 유니캐스트를 위한 버퍼 크기, Bu 를 같은 크기인 \\( \\mathrm{B}=64 \\) 로 설정하였다. 가변의 평균 도착율 \\( \\sigma \\) 에 관한 실험결과를 그림 2에 나타내었다. 실험 결과에서 여러 가지 공평성에 관한 문제점을 발견할 수 있다. 그림 2-(b)에 나타난 바와 같이 유니캐스트 트래픽은 멀티캐스트 트래픽에 비하여 큰 지연시간을 갖는다. 이는 LQ 알고리즘이 하나의 데이터 패킷을 목적지에 따라 크기를 결정하는 멀티캐스트 트래픽에 우선순위를 부여함으로서 발생한다. 반면에 그림 2-(c)에서 보는바와 같이 멀티캐스트 트래픽은 평균 도착율 0.4 정도까지 많은 패킷 손실율을 보인다. 이는 유니캐스트 버퍼가 \\( \\mathrm{N}-1 \\) 인 반면에 멀티캐스트를 위한 버퍼가 \\( \\Lambda \\) 개인 결과에 기인한다. 이는 멀티캐스트 버퍼의 크기를 증가시킴으로 해결될 수 있다.</p> <p>그림 2-(a), 2-(b), 2-(c)에서 알 수 있듯이 평균 도착율이 증가함에 따라 유니캐스트 트래픽은 전송하지 못하고 멀티캐스트 트래픽만 전송함을 알 수 있다. 이는 LQ 알고리즘이 멀티캐스트 트래픽에 우선순위를 부여함에 따른 현상이다.</p> <p>다음으로 버퍼의 크기가 패킷 도착율에 비례한 구조에 대하여 살펴보았다. 기본 버펴 크기로 \\( \\mathrm{B}=92 \\) 로 설정하고, \\( \\mathrm{Bu}=\\lfloor(1-\\mathrm{pm}) \\mathrm{B}\\rfloor=64\\), \\(\\mathrm{Bm}=\\lfloor\\mathrm{pmE}[\\Delta] \\mathrm{B}(\\mathrm{N}-1) / \\Lambda\\rfloor =1569 \\) 로 각각 설정하였다. 그림 3-(a)에서와 같이 전송율이 악화되었다. 멀티캐스트 트래픽의 버퍼가 증가함에 따라 유니캐스트 트래픽에 비하여 더 큰 버퍼크기를 갖게 되어 LQ 알고리즘이 멀티캐스트 트래픽에 우선순위를 더 부여함으로서 발생하였다. 그림 3-(c)에서 보이는 바와 같이 패킷 손실율은 반대의 결과를 관찰할 수 있다.</p> <h2>2. \\( \\Lambda \\mathrm{VOQ} \\) 구조</h2> <p>Ⅱ장에서 언급한바와 같이 \\( \\Lambda \\mathrm{VOQ} \\) 구조는 각각의 파장에 하나의 버퍼가 할당되어있는 구조이다. 각 버퍼는 유니캐스트 트래픽퐈 멀티캐스트 트래픽이 같이 저장된다. 각 버퍼의 크기를 Ⅳ-1 장과 같이하기 위해서 각 버퍼의 크기를 \\( \\mathrm{B}=64(1+(\\mathrm{N}-1) / \\Lambda) \\) 로 설정하였다. 그림 4에서 알 수 있듯이 유니캐스트 트래픽과 멀티캐스트 트래픽이 전송 지연 시간 및 패킷 손실율이 거의 같은 성능을 보였다. 이는 버퍼 내에서 유니캐스트 트래픽과 멀티캐스트 트래픽이 구별되지 않는 가정 하에서 나온 결과이다.</p>",
                "context_length": 2142,
                "clue": [
                    {
                        "clue_text": "본 장에서는 각 큐 선택 방법에 따른 전송 효율, 지연시간 및 공평성문제에 관한 실험 결과를 나타내었다.",
                        "clue_start": "21",
                        "clue_end": "79"
                    },
                    {
                        "clue_text": "우선 멀티캐스트와 유니캐스트 트래픽이 각각의 버퍼에 저장되는 \\( ((\\mathrm{N}-1)+\\Lambda) \\mathrm{VOQ} \\) 구조를 살펴보고 이어서 유니캐스트와 멀티캐스트 트래픽이 함께 저장되는 \\( \\Lambda \\mathrm{VOQ} \\) 구조를 살펴보았다.",
                        "clue_start": "300",
                        "clue_end": "454"
                    },
                    {
                        "clue_text": "평균 도착율이 증가함에 따라 유니캐스트 트래픽은 전송하지 못하고 멀티캐스트 트래픽만 전송함을 알 수 있다. 이는 LQ 알고리즘이 멀티캐스트 트래픽에 우선순위를 부여함에 따른 현상이다.",
                        "clue_start": "1234",
                        "clue_end": "1336"
                    },
                    {
                        "clue_text": "멀티캐스트 트래픽의 버퍼가 증가함에 따라 유니캐스트 트래픽에 비하여 더 큰 버퍼크기를 갖게 되어 LQ 알고리즘이 멀티캐스트 트래픽에 우선순위를 더 부여함으로서 발생하였다. 그림 3-(c)에서 보이는 바와 같이 패킷 손실율은 반대의 결과를 관찰할 수 있다.",
                        "clue_start": "1616",
                        "clue_end": "1758"
                    },
                    {
                        "clue_text": "Ⅱ장에서 언급한바와 같이 \\( \\Lambda \\mathrm{VOQ} \\) 구조는 각각의 파장에 하나의 버퍼가 할당되어있는 구조이다.",
                        "clue_start": "1808",
                        "clue_end": "1881"
                    }
                ],
                "terminology": [
                    {
                        "word": "Bm"
                    },
                    {
                        "word": "LQ 알고리즘"
                    },
                    {
                        "word": "가변"
                    },
                    {
                        "word": "공평성"
                    },
                    {
                        "word": "노드"
                    },
                    {
                        "word": "데이터 패킷"
                    },
                    {
                        "word": "멀티캐스트"
                    },
                    {
                        "word": "멀티캐스트 트래픽"
                    },
                    {
                        "word": "멀티캐스트 패킷"
                    },
                    {
                        "word": "버퍼크기"
                    },
                    {
                        "word": "알고리즘"
                    },
                    {
                        "word": "유니캐스트"
                    },
                    {
                        "word": "유니캐스트 트래픽"
                    },
                    {
                        "word": "지연 시간"
                    },
                    {
                        "word": "트래픽"
                    },
                    {
                        "word": "파장"
                    },
                    {
                        "word": "패킷"
                    },
                    {
                        "word": "패킷 손실율"
                    }
                ]
            },
            {
                "context_id": "55e-0c9-merge_2_31a7cd33-2b09c024-f05a-4048-9844-cbe6a5655770_01",
                "context_K-NSCC": {
                    "field": "인공물",
                    "large_category": "EE",
                    "medium_category": "04"
                },
                "context": "<h1>Ⅱ. 가상 출력큐 (VOQ)의 구조</h1> <p>Head-of-the-line (HOL) blocking 문제를 방지하기 위하여 각 노드는 파장의 갯수인 \\( \\Lambda \\) 개의 VOQ를 가지고 있다. 본 연구에서는 가장 기본적인 구조로서 각 노드가 \\( \\Lambda \\) 개의 VOQ를 가지고 있다고 가정하고 이를 \\( \\Lambda \\mathrm { VOQ } \\) 구조라고 부를 것이다. 이 기본적인 구조는 특정 파장을 이용하여 데이터를 전송하는 유니캐스트 트래픽 과 멀티캐스트 트래픽이 동일한 큐 안에 저장되어 있다. 하지만 주로 멀티캐스트 트래픽과 유니캐스트 트래픽은 네트워크의 성능을 향상시키기 위하여 다른 큐에 저장된다. 이러한 구조의 장점은 유니캐스트 트래픽과 멀티캐스트 트래픽에 다른 우선순위를 부여할 수 있다는 점이다. 본 연구에서는 이러한 구조를 \\( (u + m) VOQ \\)구조라고 부를 것이다. 여기서 \\( u \\) 와 \\( m \\) 은 각각 유니캐스트와 멀티캐스트 큐의 수를 의미한다. HOL 문제를 막기 위해 \\( u \\) 와 \\( m \\) 은 각각 최소한 \\( \\Lambda \\) 보다는 크거나 같아야한다.</p> <p>본 연구에서는 \\( (( \\mathrm { N } -1) + \\Lambda) VOQ \\) 구조와 \\( \\Lambda \\mathrm { VOQ } \\) 구조를 살펴볼 것이다. \\( (( \\mathrm { N } -1) + \\Lambda) \\mathrm { VOQ } \\) 구조에서는 각각의 유니캐스트 트래픽의 목적지에 따라 ( \\( \\mathrm { N } -1) \\) 개의 VOQ를 가지고 있다. 반면에 \\( \\Lambda \\mathrm { VOQ } \\) 구조에서는 같은 파장을 이용하는 유니캐스트와 멀티캐스트 트래픽이 같은 큐 안에 저장되게 된다. 이 두 구조에서 \\( \\Lambda \\) 멀티캐스트 VOQ 는 각 파장을 이용하여 전송되는 데이터를 저장하게 된다. 하나의 멀티캐스트 데이터는 같은 파장을 이용하여 전송되는 목적지대로 분류되어 각각의 VOQ 에 저장된다. 만약 멀티캐스트 데이터의 목적지가 각각의 파장을 모두 사용해야 된다면 \\( \\Lambda \\) 개의 패킷을 생성하여 각각의 VOQ 에 저장하게 될 것이다. 또한 만약 하나의 멀티캐스트 데이터의 목적지가 하나의 파장만을 이용하여 데이터를 전송할 수 있다면 하나의 데이터 패킷을 생성하여 하나의 VOQ에 저장하게 될 것이다. 모든 VOQ는 선입 선출(FIFO)의 구조라고 가정 하였다.</p> <p>이러한 \\( (( \\mathrm { N } -1) + \\Lambda) \\mathrm { VOQ } \\) 구조와 \\( \\Lambda \\mathrm { VOQ } \\) 구조가 LQ 알고리즘과 함께 각각 그림 1-(a)와 그림 1-(b)에 예시되었다.</p>",
                "context_length": 1392,
                "clue": [
                    {
                        "clue_text": "Head-of-the-line (HOL) blocking 문제를 방지하기 위하여 각 노드는 파장의 갯수인 \\( \\Lambda \\) 개의 VOQ를 가지고 있다.",
                        "clue_start": "32",
                        "clue_end": "120"
                    },
                    {
                        "clue_text": "이 기본적인 구조는 특정 파장을 이용하여 데이터를 전송하는 유니캐스트 트래픽 과 멀티캐스트 트래픽이 동일한 큐 안에 저장되어 있다.",
                        "clue_start": "229",
                        "clue_end": "302"
                    },
                    {
                        "clue_text": "여기서 \\( u \\) 와 \\( m \\) 은 각각 유니캐스트와 멀티캐스트 큐의 수를 의미한다. HOL 문제를 막기 위해 \\( u \\) 와 \\( m \\) 은 각각 최소한 \\( \\Lambda \\) 보다는 크거나 같아야한다.",
                        "clue_start": "468",
                        "clue_end": "589"
                    },
                    {
                        "clue_text": "또한 만약 하나의 멀티캐스트 데이터의 목적지가 하나의 파장만을 이용하여 데이터를 전송할 수 있다면 하나의 데이터 패킷을 생성하여 하나의 VOQ에 저장하게 될 것이다.",
                        "clue_start": "1117",
                        "clue_end": "1209"
                    }
                ],
                "terminology": [
                    {
                        "word": "Head-of-the-line (HOL)"
                    },
                    {
                        "word": "LQ 알고리즘"
                    },
                    {
                        "word": "VOQ"
                    },
                    {
                        "word": "blocking"
                    },
                    {
                        "word": "가상 출력큐 (VOQ)"
                    },
                    {
                        "word": "네트워크"
                    },
                    {
                        "word": "노드"
                    },
                    {
                        "word": "데이터 패킷"
                    },
                    {
                        "word": "멀티캐스트"
                    },
                    {
                        "word": "멀티캐스트 VOQ"
                    },
                    {
                        "word": "멀티캐스트 데이터"
                    },
                    {
                        "word": "멀티캐스트 트래픽"
                    },
                    {
                        "word": "선입"
                    },
                    {
                        "word": "선입 선출(FIFO)"
                    },
                    {
                        "word": "유니캐스트"
                    },
                    {
                        "word": "유니캐스트 트래픽"
                    },
                    {
                        "word": "큐"
                    },
                    {
                        "word": "트래픽"
                    },
                    {
                        "word": "파장"
                    },
                    {
                        "word": "패킷"
                    }
                ]
            }
        ]
    }
}