{
    "dataset_info": {
        "identifier": "02-031-002-NL",
        "name": "기술과학 문서 요약 데이터",
        "category": "자연어",
        "last_updated": "2023-08-30"
    },
    "dataset": {
        "doc_id": "114998e3-2c7a5418-652e-4877-830b-ea2d664a7fce",
        "doc_type": "논문",
        "doc_title": {
            "kor": "모바일 환경에서의 콘텐츠 보호를 위한 핑거프린팅 기법",
            "eng": ""
        },
        "doc_category": {
            "KDC": "413.05",
            "DDC": ""
        },
        "doc_number": {
            "ISSN": "2287-5891",
            "ISBN": "",
            "DOI": "",
            "UCI": ""
        },
        "doc_year": "2008",
        "doc_author": [
            "용승림",
            "이상호"
        ],
        "doc_publisher": "한국정보처리학회",
        "doc_license": "CC BY-NC",
        "context_info": [
            {
                "context_id": "55e-0c9-1ea8d2ec-67b3-48e4-80a6-6c6bd957ef28",
                "context_K-NSCC": {
                    "field": "인공물",
                    "large_category": "EE",
                    "medium_category": "03"
                },
                "context": "<h1>3. 모바일 환경에서의 핑거프린팅 기법</h1><p>본 절에서 모바일 환경에 적합한 핑거프린팅 프로토콜에대하여 기술한다. 먼저 본 논문에서 사용되는 기호를 정의하고 참여자의 역할에 대하여 정의한다.</p><p>1) 사용되는 기호</p><ul><li>\\(item\\) \\( \\in\\{0,1\\}^{*} \\): 핑거프린트가 삽입될 수 있는 콘텐츠</li><li>\\(item\\)': 핑거프린트가 삽입된 콘텐츠.</li><li>\\( F \\) : 구매자의 고유 인식정보인 핑거프린트</li><li>\\( H \\) : 충돌 회피성 해쉬함수</li><li>\\( A E / A D \\) : 공개키 암호시스템, 암호화/복호화 알고리즘</li><li>\\( S E / S D \\) : 대칭키 암호시스템, 암호화/복호화 알고리즘</li><li>\\( C E \\) : 교환 암호 시스템</li></ul><p>2) 참여자의 역할</p><p>프로토콜의 참여자는 구매자, 에이전트, 판매자, 등록 센터,그리고 재판관이다. 각각의 참여자의 역할은 다음과 같다.</p><ul><li>등록 센터(RC): 등록 센터는 구매자와 등록 프로토콜 을 수행하여 구매자의 익명 공개키 쌍을 등록받고 익명 공개키 쌍에 대한 인증서를 발급하며 다른 참여자들과의 공모를 행하지 않는 신뢰기관이라 가정한다.</li><li>에이전트(M): 에이전트는 구매자로부터 대리서명 키쌍을 받아 권한을 위임받은 후 구매자를 대신하여 콘텐츠를 구매하는 역할을 하고 구매자를 대신하여 서명을 수행할 수 있다. 무선 환경에서 에이전트는 무선통신 사업자가 될 수도 있고, 구매자를 대신하여 프로토콜을 수행할 수 있는 소프트웨어 에이전트나 대리 에이전트(Proxy Agent)가 될 수도 있다. 에이전트는 공개키 쌍 \\( \\left(x_{M}, y_{M}\\right) \\) 을 가지고 있다.</li><li>구매자(B): 구매자는 익명 공개키 쌍을 등록 센터에 등록하고 구매 행위를 할 때 등록한 익명 공개키 쌍을 이용한다. 핑거프린팅 프로토콜을 수행할 때 에이전트에게 권한을 위임하고 핑거프린팅 프로토콜이 끝나면 에이전트로부터 콘텐츠를 전송받는다. 구매자는 일반 \\( C A \\) 로부터 인증 받은 공개키 쌍 \\( \\left(x_{B}, y_{B}\\right) \\)을 가지고 있다.</li><li>판매자(C): 판매자는 에이전트와 프로토콜을 수행하며, 구매자의 핑거프린트를 임의로 생성하고 이를 콘텐츠 에 삽입한다.</li><li>재판관 \\( (\\mathrm{J}) \\) : 재배포가 발생되었을 때 판매자의 요청에 의하여 재배포자를 추적하고 재배포자를 판단하는 제 3의 신뢰기관이다.</li></ul><p>프로토콜은 등록, 권한위임, 핑거프린트 삽입, 그리고 신원확인의 네 개로 구성된다. 에이전트는 계산능력이 떨어지는 구매자로부터 권한을 위임받은 후 구매자를 대신하여 프로토콜을 수행한다. 에이전트는 구매자를 대신하여 서명을 생성할 수 있고, 핑거프린트 프로토콜이 수행되고 나면 판매자로부터 받은 핑거프린트가 삽입된 암호화된 콘텐츠를 구매자에게 전송한다. 자세한 단계별 프로토콜은 다음과 같다.</p><h2>3.1 등록 단계</h2><p>구매자는 먼저 등록 센터에 자신의 익명 공개키를 등록한다. 구매자와 등록 센터는 공개키 쌍을 가지고 있다고 가정한다. 구매자의 비밀키는 \\( x_{B} \\) 이고 공개키는 \\( y_{B}=g^{x_{B}} \\) 이다.</p><ol type= start=1><li>구매자는 \\( x_{1}+x_{2}=x_{B} \\) 를 만족하는 임의의 두 비밀값 \\( x_{1}, x_{2} \\in{ }_{R} Z_{b} \\) 를 선택하고 구매자의 익명 공개키 \\( y_{1}=g^{x_{1}} \\) 을 생성한다. 구매자는 비밀값 \\( x_{2} \\) 를 등록 센 터의 공개키로 암호화한 \\( E_{R C}\\left(x_{2}\\right) \\) 를 생성하고 \\( x_{1} \\) 을 이용하여 서명한 서명값 \\( \\operatorname{Sig}\\left(H\\left(x_{2}\\right)\\right) \\) 을 생성한다. 구매자는 \\( y_{B}, y_{1}, E_{R C}\\left(x_{2}\\right) \\) 그리고 \\(\\operatorname{Sig}\\left(H\\left(x_{2}\\right)\\right) \\) 를 등록 센터에 보낸다. 서명값을 보냄으로써 구매자가 생성한 익명 공개키에 대한 비밀키를 알고 있음을 증명 할 수 있다.</li><li>2) 등록 센터는 \\( E_{R C}\\left(x_{2}\\right) \\) 값을 자신이 비밀키로 복호화하 고 해쉬함수를 적용하여 구매자가 보낸 서명값 \\(\\operatorname{Sig}\\left(H\\left(x_{2}\\right)\\right) \\) 을 검증한다. 서명값이 맞으면 구매자는 익명 공개키 \\( y_{1} \\) 에 대하여 비밀키 \\( x_{1} \\) 을 알고 있음이 증명된다. 등록 센터는 \\( y_{2}=g^{x_{2}} \\) 를 계산하여 \\( y_{B} \\) 의 값 이 \\( y_{1} \\) 과 \\( y_{2} \\) 의 곱의 값과 같은지 확인한다. 이 값이 검증되면, 등록 센터는 구매자에게 인증서 \\( \\operatorname{Cert}\\left(y_{1}\\right) \\) 을 보내준다.</li></ol><h2>3.2 권한 위임 단계</h2><p>익명 구매자는 에이전트와 권한 위임의 프로토콜을 수행한다.</p><ol type= start=1><li>구매자는 콘텐츠를 구매할 때 필요한 임의의 값 \\( t \\) 와 \\( t \\) 비트 문자열 \\( L_{B} \\) 를 생성한다. 그리고 \\( L_{B} \\) 를 재판관의 공개키로 암호화하여 \\( E_{J}\\left(L_{B}\\right) \\) 를 생성한다. 정수 \\( L_{B} \\) 의 각 비트는 \\( \\quad l_{j}=\\{0,1\\} \\) 로 구성되어 있다. 이때 \\( L_{B} \\) 의 비트 패턴은 \\( \\{0,0, \\ldots, 0\\} \\) 또는 \\( \\{1,1, \\ldots, 1\\} \\) 이 되어서는 안된다.</li><li>임의의 값 \\( k \\) 를 선택하고, \\( \\left(x_{1}, y_{1}\\right) \\) 과 등록 센터로부터 받은 인증서 \\( \\operatorname{Cert}\\left(y_{1}\\right) \\), 암호화한 \\( L_{B} \\) 값 \\( E_{J}\\left(L_{B}\\right) \\) 를 이용하여 \\( r=g^{k}, \\quad s=x_{1} \\cdot H\\left(\\operatorname{Cert}\\left(y_{1}\\right)\\left\\|E_{j}\\left(L_{B}\\right)\\right\\| r\\right)+k \\)를 생성한다.</li><li>구매자는 \\( t \\) 비트 문자열과 2단계에서 생성된 \\( r, s \\) 값을 접합한 \\( L_{B}\\|r\\| s \\) 를 생성하고 에이전트의 공개키 \\( y_{M} \\) 으 로 암호화한 \\( A E_{y_{N I}}\\left(L_{B}\\|\\gamma\\| s\\right), \\operatorname{Cert}\\left(y_{1}\\right) \\) 그리고 \\( E_{J}\\left(L_{B}\\right) \\) 를 에이전트에게 보낸다.</li><li>에이전트는 식 \\( g^{s}=y_{1}^{H\\left(\\operatorname{Cert}\\left(y_{1}\\right)\\left\\|E_{k}\\left(L_{B}\\right)\\right\\| r\\right)} r \\) 을 계산함으로써 \\( s \\) 값이 맞는지 확인한다. 구매자가 보내준 \\( (r, s) \\)쌍이 익명구매자의 위임키로 이용된다.</li></ol>",
                "context_length": 3744,
                "clue": [
                    {
                        "clue_text": "본 절에서 모바일 환경에 적합한 핑거프린팅 프로토콜에대하여 기술한다.",
                        "clue_start": "33",
                        "clue_end": "71"
                    },
                    {
                        "clue_text": "프로토콜은 등록, 권한위임, 핑거프린트 삽입, 그리고 신원확인의 네 개로 구성된다.",
                        "clue_start": "1306",
                        "clue_end": "1352"
                    },
                    {
                        "clue_text": "에이전트는 계산능력이 떨어지는 구매자로부터 권한을 위임받은 후 구매자를 대신하여 프로토콜을 수행한다.",
                        "clue_start": "1353",
                        "clue_end": "1409"
                    },
                    {
                        "clue_text": "에이전트는 구매자를 대신하여 서명을 생성할 수 있고, 핑거프린트 프로토콜이 수행되고 나면 판매자로부터 받은 핑거프린트가 삽입된 암호화된 콘텐츠를 구매자에게 전송한다.",
                        "clue_start": "1410",
                        "clue_end": "1502"
                    }
                ],
                "terminology": [
                    {
                        "word": "Agent"
                    },
                    {
                        "word": "공개키"
                    },
                    {
                        "word": "공개키 암호시스템"
                    },
                    {
                        "word": "교환 암호 시스템"
                    },
                    {
                        "word": "대리서명"
                    },
                    {
                        "word": "등록 센터(RC)"
                    },
                    {
                        "word": "비밀값"
                    },
                    {
                        "word": "비트 문자열"
                    },
                    {
                        "word": "비트 패턴"
                    },
                    {
                        "word": "소프트웨어"
                    },
                    {
                        "word": "알고리즘"
                    },
                    {
                        "word": "암호화"
                    },
                    {
                        "word": "에이전트(M)"
                    },
                    {
                        "word": "익명 공개키"
                    },
                    {
                        "word": "전송"
                    },
                    {
                        "word": "접합"
                    },
                    {
                        "word": "정수"
                    },
                    {
                        "word": "충돌 회피성 해쉬함수"
                    },
                    {
                        "word": "키쌍"
                    },
                    {
                        "word": "핑거프린트"
                    },
                    {
                        "word": "핑거프린팅"
                    },
                    {
                        "word": "핑거프린팅 프로토콜"
                    },
                    {
                        "word": "해쉬함수"
                    }
                ]
            },
            {
                "context_id": "55e-0c9-6653ac7f-2b28-44e6-96bb-c4dadfa53321",
                "context_K-NSCC": {
                    "field": "인공물",
                    "large_category": "EE",
                    "medium_category": "03"
                },
                "context": "<h1>2. 관련 연구</h1> <h2>2.1 암호학적 기법</h2> <h3>2.2 .1 교환 암호 시스템</h3> <p>교환 암호 시스템은 교환적인 성질을 만족하는 암호 시스템이다. 즉, 어떤 알고리즘 \\( C E \\) 가 교환적이라는 것은 두개의 키 \\( k_{1} \\) 과 \\( k_{2} \\) 그리고 어떤 메시지 \\( m \\) 이 있을 때 다음과 같은 성질을 만족한다는 것이다.</p> <p>\\( C E\\left(k_{1}, C E\\left(k_{2}, m\\right)\\right)=C E\\left(k_{2}, C E\\left(k_{1}, m\\right)\\right) \\)</p> <p>암호메시지 \\( \\quad c=C E(k, m) \\) 를 복호화하는 것은 \\( m=C E^{-1}(k, c) \\) 와 같이 쓸 수 있다. 평문 메시지 \\( m \\)은 메시지가 두 개의 서로 다른 키 \\( k_{1} \\) 과 \\( k_{2} \\)로 암호화 되었을 때 암호문을 \\( k_{1} \\) 으로 먼저 복호화하고, 그 다음에 키 \\( k_{2} \\)로 복호화하여 얻을 수 있다. 마찬가지로 암호 메시지를 키 \\( k_{2} \\)를 이용하여 먼저 복호화하고 그 다음에 \\( k_{1} \\)을 이용하여 복호화해서 얻을 수도 있다. 교환 암호 시스템의 응용 분야는 멘탈 포커 게임(Mental Poker Game)에서 카드를 분배할 때 각각의 게이머가 정당하게 카드를 나누어 갖기 위한 프로토콜을 설계할 때 등이다.</p> <h3>2.2 .2 대리서명</h3> <p>대리서명(Proxy Signature) 방식은 Mambo에 의해서 처음 제안되었다. 대리서명은 대리서명자가 원 서명자를 대신하여 원 서명자의 서명과 동일한 효력을 갖는 대리서명을 생성하고 이를 검증하는 암호학적 프로토콜이다. 어떤조직의 간부가 정보통신망에 접속할 수 없는 지역으로 출장을 가는 경우에 그는 출장 기간 동안 어떤 문서에 대한 결제나 메일 등에 대한 응답을 위하여 그의 권한을 다른 사람에게 부여하여야 한다. 권한을 위임받은 자-대리서명자-는 그에 적절한 직무를 수행하게 되는 것이고 이를 원활하게 수행하도록 하는 개념이 대리서명인 것이다. 이러한 방식은 위조불능, 서명부인방지, 위임부인불가, 대리서명 위조불가,대리서명의 정당성 검증, 대리서명자를 식별하는 등의 조건을 가져야한다.</p> <p>대리서명 기법은 원 서명자의 서명 권한을 위임하는 형태에 따라 완전 위임, 부분 위임, 보증 위임 방식으로 나뉜다. 완전 위임 방식은 원 서명자가 대리서명자에게 자신의 비밀키를 주는 경우로 대리서명자의 서명과 원 서명자의 서명이 구분이 되지 않는 방식이다. 부분 위임은 완전 위임 보다 안전한 방식으로 원 서명자가 대리서명용 비밀키를 자신의 비밀키를 이용하여 생성하는 방식이다. 이 때 비밀키는 대리서명용 비밀키로부터 계산이 불가능하여야 한다. 보증 위 임 방식은 원 서명자가 대리서명자에게 보증서를 발행함으로써 대리 서명을 구현하는 방식이다.</p> <h2>2.2 기존 연구</h2> <p>J. G. Choi는 에이전트 개념을 이용하여 모바일 환경에서 익명성이 보장되는 핑거프린팅 기법을 제안하였다. 모바일 환경에서 구매자는 계산능력이 떨어지는 모바일 기기를 가지고 있기 때문에 구매자의 기기보다 계산 능력이 좋은 에이전트가 구매자를 대신하여 프로토콜을 수행한다. 핑거프린팅 기법은 다섯 개의 단계 - 등록 단계, 위임단계, 핑거프린트 생성단계, 핑거프린트 삽입단계, 재배포자의 신원확인- 로 구성된다. 이때 에이전트는 Romao와 Silva가 제안한 대리 인증서를 받음으로써 구매자로부터 권한을 위임받게 된다. 권한을 위임받은 에이전트는 구매자를 대신하여 등록 프로토콜과 핑거프린팅 프로토콜을 수행하며 구매자 대신 구매자의 서명을 생성할 수 있다. 핑거프린팅 프로토콜이 수행되고 나서 에이전트는 핑거프린트가 삽입된 암호화된 콘텐츠를 구매자에게 전송한다. 삽입된 콘텐츠는 판매자가 알지 못하도록 준동형의 암호(homomorphic encryption) 기법을 적용하여 구매자의 공개키로 암호화된다. 구매자가 에이전트로부터 암호화된 콘텐츠를 전송받고 나면 구매자는 암호화된 콘텐츠를 자신의 비밀키를 이용하여 복호화하게 된다. 그러나 준동형의 암호는 공개키 기반 암호 기법이기 때문에 현실적으로 계산능력이 떨어지는 모바일 기기에서 구매자가 암호화된 콘텐츠를 복호화하기 어렵다.</p>",
                "context_length": 2154,
                "clue": [
                    {
                        "clue_text": "교환 암호 시스템은 교환적인 성질을 만족하는 암호 시스템이다. 즉, 어떤 알고리즘 \\( C E \\) 가 교환적이라는 것은 두개의 키 \\( k_{1} \\) 과 \\( k_{2} \\) 그리고 어떤 메시지 \\( m \\) 이 있을 때 다음과 같은 성질을 만족한다는 것이다.",
                        "clue_start": "68",
                        "clue_end": "215"
                    },
                    {
                        "clue_text": "암호메시지 \\( \\quad c=C E(k, m) \\) 를 복호화하는 것은 \\( m=C E^{-1}(k, c) \\) 와 같이 쓸 수 있다.",
                        "clue_start": "332",
                        "clue_end": "408"
                    },
                    {
                        "clue_text": "대리서명은 대리서명자가 원 서명자를 대신하여 원 서명자의 서명과 동일한 효력을 갖는 대리서명을 생성하고 이를 검증하는 암호학적 프로토콜이다.",
                        "clue_start": "807",
                        "clue_end": "885"
                    },
                    {
                        "clue_text": "어떤조직의 간부가 정보통신망에 접속할 수 없는 지역으로 출장을 가는 경우에 그는 출장 기간 동안 어떤 문서에 대한 결제나 메일 등에 대한 응답을 위하여 그의 권한을 다른 사람에게 부여하여야 한다.",
                        "clue_start": "886",
                        "clue_end": "995"
                    },
                    {
                        "clue_text": "G. Choi는 에이전트 개념을 이용하여 모바일 환경에서 익명성이 보장되는 핑거프린팅 기법을 제안하였다.",
                        "clue_start": "1491",
                        "clue_end": "1549"
                    }
                ],
                "terminology": [
                    {
                        "word": "Signature"
                    },
                    {
                        "word": "Silva"
                    },
                    {
                        "word": "encryption"
                    },
                    {
                        "word": "공개키"
                    },
                    {
                        "word": "교환 암호 시스템"
                    },
                    {
                        "word": "대리서명"
                    },
                    {
                        "word": "대리서명 기법"
                    },
                    {
                        "word": "보증 위임"
                    },
                    {
                        "word": "복호화"
                    },
                    {
                        "word": "부분 위임"
                    },
                    {
                        "word": "서명자"
                    },
                    {
                        "word": "알고리즘"
                    },
                    {
                        "word": "암호화"
                    },
                    {
                        "word": "전송"
                    },
                    {
                        "word": "준동형의 암호"
                    },
                    {
                        "word": "핑거프린트"
                    },
                    {
                        "word": "핑거프린팅"
                    },
                    {
                        "word": "핑거프린팅 프로토콜"
                    }
                ]
            },
            {
                "context_id": "55e-0c9-d7903d87-4843-4047-ac3a-322e37d8b1ed",
                "context_K-NSCC": {
                    "field": "인공물",
                    "large_category": "EE",
                    "medium_category": "01"
                },
                "context": "<h2>3.3 핑거프린팅 단계</h2><p>권한을 위임받은 에이전트는 구매자를 대신하여 핑거프린팅 프로토콜을 수행한다. 에이전트는 구매자의 익명 공개키\\( y_{1} \\) 과 인증서 \\( \\operatorname{Cert}\\left(y_{1}\\right) \\) 그리고 콘텐츠를 나눌 프레임의 개수 \\( t \\) 를 판매자에게 보내고 디지털 콘텐츠 item을 요구한다. 판매자는 구매자의 두 개의 핑거프린트 \\( F_{B}^{0} \\) 와 \\( F_{B}^{1} \\) 를 생성한다.</p><ol type= start=1><li><p>판매자는 에이전트가 요구한 \\(item\\)의 두 개의 복사본 \\( i t e m^{0}\\), \\(i t e m^{1} \\) 을 생성하고 이것을 \\( t \\) 개의 프레임으로 나눈다. 판매자는 \\( i t e m^{0} \\) 의 \\( t \\) 개의 프레임에 핑거프린트 \\( F_{B}^{0} \\) 를 삽입하고 \\( i t e m^{1} \\) 의 \\( t \\) 개의 프레임에 핑거프린트 \\( F_{B}^{1} \\) 을 삽입한다.</p><p>item \\( _{B}^{i}=\\left\\{\\right. \\) item \\( _{B}^{i, 1} \\), item \\( _{B}^{i, 2}, \\ldots \\), item \\( \\left._{B}^{i, t}\\right\\} \\) where</p><p>item \\( _{B}^{i, j}= \\) item \\( ^{i, j} \\oplus F_{B}^{i}, \\quad i=\\{0,1\\}, j=\\{1,2, \\ldots, t\\} \\)</p></li><li>판매자는 임의로 선택된 \\( t \\) 개의 키로 구성된 두 개의 비밀키 벡터 \\( K_{0} \\) 과 \\( K_{1} \\) 을 생성한다.</li><li><p>(그림 1)과 같이 판매자는 \\( i t e m_{B}^{i} \\) 의 각 프레임을 키벡 터의 각 원소로 암호화하고 두 개의 암호화된 콘텐츠 벡터 \\( X_{B}^{0}, X_{B}^{1} \\) 을 생성하고 이들을 에이전트에게 보낸다. 키벡터 \\( K_{i} \\) 는 \\( i t e m_{B}^{i} \\) 를 암호화 하는데 이용한다.</p><p>\\[X_{B}^{i}=S E\\left(K_{i}, \\text { item }_{B}^{i}\\right)\\] \\( =\\operatorname{SE}\\left(k_{i, j}\\right. \\), item \\( \\left._{B}^{i, j}\\right) \\), where \\( i=\\{0,1\\}, j=\\{1,2, \\ldots, t\\} \\)</p></li><li>판매자는 비밀키 \\( m k \\) 를 생성한 후 두 개의 암호화된 키 벡터 \\( E K_{i}=S E\\left(m k, K_{i}\\right) \\) 를 (그림 2)와 같이 생성한다. 판 매자는 비밀키 \\( \\mathrm{S} \\) 를 선택하고 교환 암호 알고리즘 \\( C E \\) 를 이용하여 두 개의 암호화된 키벡터 \\( E K_{i} \\) 를 암호화하여 벡터 \\( C_{i} \\) 를 생성하고 에이전트에게 보낸다.</li><li>에이전트가 \\( C_{i} \\) 를 받으면 구매자로부터 받은 비트패턴 \\( L_{B} \\) 에 따라 새로운 암호화된 벡터 \\( C^{\\prime} \\) 를 구성한다. 비트패턴 \\( L_{B} \\) 가 \\( l_{j}=0 \\) 이면 \\( c^{\\prime}{ }_{j}=c_{0, j} \\) 를, \\( l_{j}=1 \\) 이면 \\( c^{\\prime}{ }_{j}=c_{1, j} \\) 를 선택한다.</li><li>에이전트는 임의의 비밀키 \\( R \\) 을 선택한 후 암호화된 벡터 \\( D=C E\\left(R, C^{\\prime}\\right) \\) 를 생성하고 판매자에게 보낸다.</li><li>판매자는 벡터 \\( D \\) 를 자신의 비밀키 \\( S \\) 를 이용하여 복호화하여 \\( U=C E^{-1}(S, D) \\) 인 벡터 \\( U \\) 를 구한다. 판매자는 \\( U \\) 를 에이전트에게 보낸다.</li><li>에이전트는 \\( T_{B}=E_{J}\\left(L_{B}\\right) \\) 와 대리 서명키를 이용하여 서명값 \\( \\operatorname{Sig}\\left(T_{B}\\right) \\) 를 생성하고 판매자에게 보낸다. \\( T_{B} \\)와 \\( \\operatorname{Sig}\\left(T_{B}\\right) \\) 는 나중에 재배포여부를 확인하는데 증거로 활용된다.</li><li>판매자는 \\( \\operatorname{Sig}\\left(T_{B}\\right) \\) 의 정당성 여부를 확인한다. 서명이 정당하면 \\( m k \\) 를 구매자의 공개키 \\( y_{1} \\) 으로 암호화한 \\( A E_{y_{1}}(m k) \\) 와 그의 서명값을 에이전트에게 보낸다.</li><li>에이전트는 서명을 확인하고 판매자로부터 받은 벡터\\( U \\) 을 복호화하여 \\( t \\) 개의 암호화된 키벡터를 얻어낸다. 에이전트는 이렇게 얻어진 복호키, 단계 9에서 받은\\( A E_{y_{1}}(m k) \\) 과 그의 서명값 그리고 암호화된 콘텐츠를 구매자에게 전송한다.</li><li>구매자는 \\( A E_{y_{1}}(m k) \\) 를 자신의 비밀키로 복호화하고, \\( m k \\) 를 이용하여 암호화된 키벡터 를 복호화하여 키벡터 \\( K_{B} \\) 를 얻는다. 키벡터 \\( K_{B} \\) 를 이용하여 암호화 된 콘텐츠 item \\( { }_{B}^{l_{B}, j}=S E^{-1}\\left(k_{l_{, j},}, X_{B}^{l_{j}, j}\\right) \\) 를 복호화한다.</li></ol><h2>3.4 구매자 신원확인</h2><p>불법적으로 재배포된 콘텐츠가 발견되면 판매자는 그 콘텐츠로부터 핑거프린트를 추출하여 구매자가 누구인지 추적한다.</p><ul><ol type= start=1><li>불법 재배포된 콘텐츠가 발견되면, 판매자는 핑거프린트 패턴을 추출하고 핑거프린트 \\( F_{B}^{0}, F_{B}^{1} \\) 을 이용하여 item \\( _{B}^{0} \\), item \\( _{B}^{1} \\) 을 생성하고 이를 재판관에게 \\( \\operatorname{Rec}_{B} \\) 의 데이터들과 함께 보낸다.</li><li>재판관은 \\( T_{B} \\) 를 검증하고 \\( i \\) item \\( { }_{B} \\) 에 핑거프린트 \\( F_{B}^{0}, F_{B}^{1} \\) 이 있는지를 확인하고, 핑거프린트 패턴이 사용자의 비트 패턴 \\( L_{B} \\) 와 일치하는지 검증한다.</li><li>재판관은 구매자의 익명 공개키 \\( y_{1} \\)을 이용하여 서명값 \\(\\operatorname{Sig}\\left(T_{B}\\right) \\) 을 검증한다. 만약 검증이 되면 \\( y_{1} \\)을 등록 센터에 보내서 구매자의 원래의 아이디를 요청하여 재배포자가 누구인지 알아낸다.</li></ol>",
                "context_length": 3383,
                "clue": [
                    {
                        "clue_text": "권한을 위임받은 에이전트는 구매자를 대신하여 핑거프린팅 프로토콜을 수행한다.",
                        "clue_start": "24",
                        "clue_end": "66"
                    },
                    {
                        "clue_text": "에이전트는 구매자의 익명 공개키\\( y_{1} \\) 과 인증서 \\( \\operatorname{Cert}\\left(y_{1}\\right) \\) 그리고 콘텐츠를 나눌 프레임의 개수 \\( t \\) 를 판매자에게 보내고 디지털 콘텐츠 item을 요구한다.",
                        "clue_start": "67",
                        "clue_end": "205"
                    },
                    {
                        "clue_text": "불법적으로 재배포된 콘텐츠가 발견되면 판매자는 그 콘텐츠로부터 핑거프린트를 추출하여 구매자가 누구인지 추적한다.",
                        "clue_start": "2780",
                        "clue_end": "2842"
                    },
                    {
                        "clue_text": "<li>불법 재배포된 콘텐츠가 발견되면, 판매자는 핑거프린트 패턴을 추출하고 핑거프린트 \\( F_{B}^{0}, F_{B}^{1} \\) 을 이용하여 item \\( _{B}^{0} \\), item \\( _{B}^{1} \\) 을 생성하고 이를 재판관에게 \\( \\operatorname{Rec}_{B} \\) 의 데이터들과 함께 보낸다.</li><li>재판관은 \\( T_{B} \\) 를 검증하고 \\( i \\) item \\( { }_{B} \\) 에 핑거프린트 \\( F_{B}^{0}, F_{B}^{1} \\) 이 있는지를 확인하고, 핑거프린트 패턴이 사용자의 비트 패턴 \\( L_{B} \\) 와 일치하는지 검증한다.</li><li>재판관은 구매자의 익명 공개키 \\( y_{1} \\)을 이용하여 서명값 \\(\\operatorname{Sig}\\left(T_{B}\\right) \\) 을 검증한다.",
                        "clue_start": "2868",
                        "clue_end": "3303"
                    }
                ],
                "terminology": [
                    {
                        "word": "item"
                    },
                    {
                        "word": "공개키"
                    },
                    {
                        "word": "교환 암호 알고리즘"
                    },
                    {
                        "word": "대리 서명키"
                    },
                    {
                        "word": "디지털 콘텐츠 item"
                    },
                    {
                        "word": "벡터"
                    },
                    {
                        "word": "복호키"
                    },
                    {
                        "word": "복호화"
                    },
                    {
                        "word": "비밀키 벡터"
                    },
                    {
                        "word": "비트패턴"
                    },
                    {
                        "word": "서명키"
                    },
                    {
                        "word": "알고리즘"
                    },
                    {
                        "word": "암호 알고리즘"
                    },
                    {
                        "word": "암호화"
                    },
                    {
                        "word": "익명 공개키"
                    },
                    {
                        "word": "키벡터"
                    },
                    {
                        "word": "핑거프린트"
                    },
                    {
                        "word": "핑거프린팅"
                    },
                    {
                        "word": "핑거프린팅 프로토콜"
                    }
                ]
            }
        ]
    }
}