{
    "dataset_info": {
        "identifier": "02-031-002-NL",
        "name": "기술과학 문서 요약 데이터",
        "category": "자연어",
        "last_updated": "2023-08-30"
    },
    "dataset": {
        "doc_id": "31a7cd33-2880cfc9-c2d1-4d84-89e1-21b0f327aef1",
        "doc_type": "논문",
        "doc_title": {
            "kor": "잡음이 있는 두 음향 센서를 이용한 시간 지연 추정을 위한 향상된 적응 고유벡터 추정 기반 알고리즘",
            "eng": ""
        },
        "doc_category": {
            "KDC": "530.2405",
            "DDC": "620.2"
        },
        "doc_number": {
            "ISSN": "1225-4428",
            "ISBN": "",
            "DOI": "",
            "UCI": ""
        },
        "doc_year": "2018",
        "doc_author": [
            "임준석"
        ],
        "doc_publisher": "한국음향학회",
        "doc_license": "CC BY-NC",
        "context_info": [
            {
                "context_id": "55e-0c9-1f175757-ac19-4771-bef2-bde0b6986abd_02",
                "context_K-NSCC": {
                    "field": "인공물",
                    "large_category": "EE",
                    "medium_category": "05"
                },
                "context": "<p>위 Eq. (8)의 해를 구하기 위해여 구배법을 이용하여 재차 갱신식을 만들어 보면 다음과 같다.</p> <p>\\( \\mathbf { w } (k + 1)= \\mathbf { w } (k)- \\mu \\nabla J ^ {\\prime } ( \\mathbf { w } (k)) \\),<caption>(9)</caption>여기서 \\( \\mu \\) 는 스텝 계수이다. 목적함수에 대한 구배항을 풀어서 쓰면 다음 식과 같다.</p> <p>\\( \\mathbf { w } (k + 1)= \\mathbf { w } (k) \\) \\( - \\mu \\frac {\\| \\mathbf { w } (k) \\|_ { 2 } ^ { 2 } \\mathbf { R } \\mathbf { w } (k)- \\left ( \\mathbf { w } (k) ^ { T } \\mathbf { R } \\mathbf { w } (k) \\right ) \\mathbf { w } (k) } {\\| \\mathbf { w } (k) \\| ^ { 4 } } - \\eta \\frac {\\operatorname { sgn } ( \\mathbf { w } (k)) } { 1 + \\varepsilon| \\mathbf { w } (k)| } \\),<caption>(10)</caption>여기서 \\( \\epsilon=1 / \\epsilon ^ {\\prime } \\) 이고 \\( \\eta= \\mu \\alpha \\) 이다. 마지막 항은 희소성을 조절하는 항이다. 여기서는 탭의 크기가 \\( 1 / \\varepsilon \\) 과 비슷하거나 작은 탭은 그 크기를 더욱 줄여 0에 수렴하도록 만들고, 그 반대의 경우는 줄이는 영향이 미미하게 하는 동작을 한다. 위 Eq. (10)을 매 샘플마다 갱신하는 모습으로 간단하게 바꾸면 다음과 같은 식으로 표현할 수 있다.</p> <p>\\( \\mathbf { w } (k + 1)= \\mathbf { w } (k) \\) \\( - \\frac {\\mu } {\\| \\mathbf { w } (k) \\|_ { 2 } ^ { 2 } } \\left [ \\mathbf { z } (k) \\mathbf { z } (k) ^ { T } \\mathbf { w } (k)- \\frac { e(k) ^ { 2 } \\mathbf { w } (k) } {\\| \\mathbf { w } (k) \\|_ { 2 } ^ { 2 } } \\right ]- \\eta \\frac {\\operatorname { sgn } ( \\mathbf { w } (k)) } { 1 + \\varepsilon| \\mathbf { w } (k)| } \\),<caption>(11)</caption>여기서 \\( e(k)= \\mathbf { z } (k) ^ { T } \\mathbf { w } (k) \\) 이다.</p>",
                "context_length": 1365,
                "clue": [
                    {
                        "clue_text": "위 Eq. (10)을 매 샘플마다 갱신하는 모습으로 간단하게 바꾸면 다음과 같은 식으로 표현할 수 있다.",
                        "clue_start": "838",
                        "clue_end": "896"
                    },
                    {
                        "clue_text": "여기서는 탭의 크기가 \\( 1 / \\varepsilon \\) 과 비슷하거나 작은 탭은 그 크기를 더욱 줄여 0에 수렴하도록 만들고, 그 반대의 경우는 줄이는 영향이 미미하게 하는 동작을 한다.",
                        "clue_start": "730",
                        "clue_end": "837"
                    }
                ],
                "terminology": [
                    {
                        "word": "갱신식"
                    },
                    {
                        "word": "구배법"
                    },
                    {
                        "word": "구배항"
                    },
                    {
                        "word": "목적함수"
                    },
                    {
                        "word": "스텝 계수"
                    },
                    {
                        "word": "재차 갱신식"
                    }
                ]
            },
            {
                "context_id": "55e-0c9-1f175757-ac19-4771-bef2-bde0b6986abd_01",
                "context_K-NSCC": {
                    "field": "인공물",
                    "large_category": "EE",
                    "medium_category": "05"
                },
                "context": "<p>\\( \\min _ {\\mathbf { w } } J( \\mathbf { w } , \\lambda)= \\mathbf { w } ^ { T } \\operatorname { Rw } + \\lambda \\left (1- \\mathbf { w } ^ { T } \\mathbf { w } \\right ) \\),<caption>(6)</caption>여기서 \\( \\mathbf { w } = \\left [ \\mathbf { g } _ { 2 } ^ { T } - \\mathbf { g } _ { 1 } ^ { T } \\right ] ^ { T } , \\mathbf { R } =E \\left \\{\\mathbf { z z } ^ { T } \\right \\} \\) 이고, \\( \\mathbf { z } = \\left [ \\tilde {\\mathbf { x } } _ { 1 } ^ { T } \\tilde {\\mathbf { x } } _ { 2 } ^ { T } \\right ] ^ { T } \\) 이다. Eq. (6)의 해는 행렬 R의 최소 고유치에 해당하는 고유 벡터가 되고 그 크기는 1 인 것을 알 수 있다. 그리고 Eq. (6)은 다음과 같은 Rayleigh 비로 나타낼 수도 있다.</p> <p>\\( \\min _ {\\mathbf { w } } J( \\mathbf { w } )= \\min _ {\\mathbf { w } } \\frac {\\mathbf { w } ^ { T } \\mathbf { R } \\mathbf { w } } {\\mathbf { w } ^ { T } \\mathbf { w } } \\).<caption>(7)</caption></p> <p>그리고 2.3절에서 검토한 시간 지연의 희소성을 위 식에 함께 반영하기 위해서 로그-합 규준화 항을 부가한 새로운 목적함수를 만든다.</p> <p>\\( J ^ {\\prime } (k)= \\frac {\\mathbf { w } (k) ^ { T } \\mathbf { R } \\mathbf { w } (k) } {\\mathbf { w } (k) ^ { T } \\mathbf { w } (k) } + \\alpha \\sum_ { i=1 } ^ { L + 1 } \\log \\left (1 + \\left |w_ { i } (k) \\right | / \\varepsilon ^ {\\prime } \\right ) \\).<caption>(8)</caption></p>",
                "context_length": 1177,
                "clue": [
                    {
                        "clue_text": "\\( \\min _ {\\mathbf { w } } J( \\mathbf { w } , \\lambda)= \\mathbf { w } ^ { T } \\operatorname { Rw } + \\lambda \\left (1- \\mathbf { w } ^ { T } \\mathbf { w } \\right ) \\),<caption>(6)</caption>여기서 \\( \\mathbf { w } = \\left [ \\mathbf { g } _ { 2 } ^ { T } - \\mathbf { g } _ { 1 } ^ { T } \\right ] ^ { T } , \\mathbf { R } =E \\left \\{\\mathbf { z z } ^ { T } \\right \\} \\) 이고, \\( \\mathbf { z } = \\left [ \\tilde {\\mathbf { x } } _ { 1 } ^ { T } \\tilde {\\mathbf { x } } _ { 2 } ^ { T } \\right ] ^ { T } \\) 이다.",
                        "clue_start": "3",
                        "clue_end": "500"
                    },
                    {
                        "clue_text": "Eq. (6)의 해는 행렬 R의 최소 고유치에 해당하는 고유 벡터가 되고 그 크기는 1 인 것을 알 수 있다.",
                        "clue_start": "501",
                        "clue_end": "562"
                    },
                    {
                        "clue_text": "그리고 Eq. (6)은 다음과 같은 Rayleigh 비로 나타낼 수도 있다.",
                        "clue_start": "563",
                        "clue_end": "605"
                    }
                ],
                "terminology": [
                    {
                        "word": "Rw"
                    },
                    {
                        "word": "고유 벡터"
                    },
                    {
                        "word": "고유치"
                    },
                    {
                        "word": "규준화"
                    },
                    {
                        "word": "목적함수"
                    },
                    {
                        "word": "벡터"
                    },
                    {
                        "word": "최소 고유치"
                    },
                    {
                        "word": "행렬"
                    }
                ]
            },
            {
                "context_id": "55e-0c9-1f175757-ac19-4771-bef2-bde0b6986abd_00",
                "context_K-NSCC": {
                    "field": "인공물",
                    "large_category": "EE",
                    "medium_category": "05"
                },
                "context": "<h1>Ⅲ. 시간 지연 추정 알고리즘 제안</h1> <h2>3.1 수정된 모델</h2> <p>실제로 두 수신 센서에 도래하는 신호는 항상 잡음이 부가 된다. 따라서 Fig. 1을 수정하여 Fig. 3과 같은 모델을 만들어야 한다. 모델이 Fig. 3과 같이 변경될 경우 시스템 인식 기법을 사용하여 미지의 시간 지연량을 구할 때, 일반적으로 많이 사용하는 최소 자승법보다는 더 좋은 추정 결과를 낳는 새로운 방법의 이용이 필요하다. 예로 입력과 출력에 모두 잡음이 존재하는 경우에 좋은 결과를 내는 완전 최소 자승법의 도입이 필요하다.</p> <h2>3.2 로그-합 규준화과 완전 최소 자승법을 사용한 알고리즘</h2> <p>Fig. 3의 모델을 Fig. 4처럼 변경하여 그로부터 시간 지연을 구하기 위해서는 다음 식을 만족하는 해를 구하여야 한다.</p> <p>\\( \\widetilde { x_ { 1 } ^ {\\tau } } (k) g_ { 2 } = \\widetilde { x_ { 2 } ^ {\\tau } } (k) g_ { 1 } \\),<caption>(5)</caption>여기서 \\( \\widetilde {\\mathrm { x } } _ { i } \\) 는 잡음이 섞인 수신 센서 입력 신호를 나타낸다. 그리고 \\( \\widetilde { x } _ { i } (k)= \\left [x_ { i } (k) x_ { 1 } (k-1) \\cdots x_ { i } (k-M + \\right . \\) 1) \\( ] ^ {\\tau } , \\mathrm { i } =1,2 \\) 는 \\( \\mathrm { i } \\) 번째 수신 센서에 도래하는 신호 \\( \\mathrm { M } \\) 개로 이루어진 벡터이다. 그리고 \\( \\mathrm { T } \\) 는 전치 벡터를 의미한다. 두 수신 신호의 전달 함수는 \\( g_ { i } = \\left [g_ { i, 0 } g_ { i, 1 } \\right . \\) \\( \\left . \\cdots g_ { i, M-1 } \\right ] ^ {\\tau } , \\mathrm { i } =1,2 \\),로써 나타낸다. 전달 함수 \\( g_ { i } \\) 의 최대치 위치의 상대 거리로부터 시간 지연량을 구할수 있다. Eq. (5)와 양변에 잡음이 존재한다는 것을 모두 고려하여 해를 추정하기 위해서 3.1절에서 언급한 것과 같이 완전 최소 자승법을 사용한 다음과 같은 목적함수를 구성한다.</p>",
                "context_length": 1200,
                "clue": [
                    {
                        "clue_text": "모델이 Fig. 3과 같이 변경될 경우 시스템 인식 기법을 사용하여 미지의 시간 지연량을 구할 때, 일반적으로 많이 사용하는 최소 자승법보다는 더 좋은 추정 결과를 낳는 새로운 방법의 이용이 필요하다.",
                        "clue_start": "129",
                        "clue_end": "241"
                    },
                    {
                        "clue_text": "예로 입력과 출력에 모두 잡음이 존재하는 경우에 좋은 결과를 내는 완전 최소 자승법의 도입이 필요하다.",
                        "clue_start": "242",
                        "clue_end": "299"
                    }
                ],
                "terminology": [
                    {
                        "word": "도래"
                    },
                    {
                        "word": "목적함수"
                    },
                    {
                        "word": "벡터"
                    },
                    {
                        "word": "센서"
                    },
                    {
                        "word": "시간 지연량"
                    },
                    {
                        "word": "시스템 인식 기법"
                    },
                    {
                        "word": "알고리즘"
                    },
                    {
                        "word": "완전 최소 자승법"
                    },
                    {
                        "word": "잡음"
                    },
                    {
                        "word": "전달 함수"
                    },
                    {
                        "word": "전치 벡터"
                    },
                    {
                        "word": "최소 자승법"
                    },
                    {
                        "word": "추정 결과"
                    },
                    {
                        "word": "추정 알고리즘"
                    },
                    {
                        "word": "함수"
                    }
                ]
            }
        ]
    }
}