{
    "dataset_info": {
        "identifier": "02-031-002-NL",
        "name": "기술과학 문서 요약 데이터",
        "category": "자연어",
        "last_updated": "2023-08-30"
    },
    "dataset": {
        "doc_id": "8a2ae4d1-04603bec-8bc6-441a-a544-8ff08b0289ba",
        "doc_type": "논문",
        "doc_title": {
            "kor": "건조 조건이 오자의 휘발성 terpene류 및 색도에 미치는 영향",
            "eng": ""
        },
        "doc_category": {
            "KDC": "470.5",
            "DDC": ""
        },
        "doc_number": {
            "ISSN": "1225-9918",
            "ISBN": "",
            "DOI": "",
            "UCI": ""
        },
        "doc_year": "2008",
        "doc_author": [
            "김윤제",
            "이영근",
            "최영환",
            "김용철"
        ],
        "doc_publisher": "한국생명과학회",
        "doc_license": "CC BY",
        "context_info": [
            {
                "context_id": "55e-0c9-c24deecc-64e2-4990-a5a1-bdf08fa39ddd",
                "context_K-NSCC": {
                    "field": "생명",
                    "large_category": "LA",
                    "medium_category": "08"
                },
                "context": "<h1>결과 및 고찰</h1> <h2>건조 효율</h2> <p>생오미자의 수분 함량은 \\( 75.48 \\% \\)이었으며, 각 건조 방법별 건조 효율을 비교한 결과 Fig. 1에서와 같이, \\( 50^{\\circ} \\mathrm{C} \\)와 \\( 70^{\\circ} \\mathrm{C} \\)에서 4일간 열풍건조한 시료의 수분 함량 제거율은 각각 \\( 88.75 \\%, 93.15 \\% \\)이었으며, 10일간 동결건조한 시료는 \\( 88.04 \\% \\)이었다. 이와 같이 각 건조조건에 따른 수분 함량은 열풍건조 \\( 70^{\\circ} \\mathrm{C} \\)에서 건조한 시료가 단시간에 가장 높은 제거율을 보였다. 그러나 동결건조는 열풍건조와 유사한 수준의 수분 제거를 위해서는 10일 이상의 많은 건조시간이 소요되었다.</p> <h2>Terpene류의 조성</h2> <p>오미자의 휘발성 terpene류를 SDE(Simultaneous Steam Distillation-Extraction) 연속추출장치로써 포집하고 GC/MS로 분석한 결과, Table 1과 같이 15종의 monoterpene류, 28종의 sesquiterpene류 및 7종의 terpene alcohol류가 확인되었으며, 또한 myrcene\\( (56.97 \\mu \\mathrm{g} / \\mathrm{g}) \\)과 \\( \\gamma \\)-terpinene\\( (58.49 \\mu \\mathrm{g} / \\mathrm{g}) \\)이 monoterpene류, \\( \\beta \\)-elemene\\( (120.16 \\mu \\mathrm{g} / \\mathrm{g}) \\), \\(\\alpha\\)-bergamotene\\( (103.45 \\mu \\mathrm{g} / \\mathrm{g}), \\gamma \\)-selinene\\( (75.97 \\mu \\mathrm{g} / \\mathrm{g}), \\beta \\)-cubebene\\( (66.69 \\mu \\mathrm{g} \\)\\( / \\mathrm{g}) \\), aristolene\\( (51.25 \\mu \\mathrm{g} / \\mathrm{g}) \\) 및 \\( \\alpha \\)-ylangene\\( (28.06 \\mu \\mathrm{g} / \\mathrm{g}) \\) 등이 sesquiterpene류, 그리고 T-muurolol\\((96.45  \\mu \\mathrm{g} / \\mathrm{g}) \\)과 terpinen-4-ol\\( (46.02 \\mu \\mathrm{g} / \\mathrm{g}) \\)이 terpene alcohol류의 주성분이었다. 오미자의 terpene류 중 그 함량이 \\( 120.16 \\mu \\mathrm{g} / \\mathrm{g} \\)으로 가장 많은 \\( \\beta \\)-elemene은 천연의 항암제로서 이미 널리 알려저 있는 약리성분이며, terpinen-4-ol은 그람 양성과 음성군 박테리아에 항균활성을 가지고 있으며, 체내 염증 유발인자의 생성 억제, 흑색종 세포의 성장 억제 및 고혈압의 완화 등의 약리적 기능을 가지는 것으로 알려져 있다. 또한, 일명 eucalyptol로도 불리는 1,8-cineole은 오미자에 비록 \\( 5.91 \\) \\( \\mu \\mathrm{g} / \\mathrm{g} \\)의 미량으로 함유되어 있지만 기침 및 천식의 완화, 심장혈관 이완 및 알코올로 인한 위장막 손상 치유등의 여러 가지 약리적 기능을 가지는 것으로 밝혀져 있다.</p> <p>전반적으로 휘발성 테르펜 함량은 건조온도가 높을수록 감소하었으나 \\( 70^{\\circ} \\mathrm{C} \\)에서 건조한 시료보다 \\( 50^{\\circ} \\mathrm{C} \\)에서 건조한 시료의 함량이 적게 나타났으며, 이는 고온에서 건조 시 급속하게 형성된 건조피막의 형성에 의하여 휘발이 억제되어 나타난 결과로 추정된다.</p> <p>각 건조방법에서 terpene류의 함량 변화를 Fig. 1, 2 및 3에서 보면, 생오미자에 비하여 건조개시 후 처음 측정한 1일(열풍건조) 또는 2일(동결건조)에 크게 감소하였으나, \\( 50^{\\circ} \\mathrm{C} \\) 열풍건조에서는 그 감소량이 비교적 적었다. 그리고 \\( 70^{\\circ} \\mathrm{C} \\) 열풍건조의 경우 건조 1일에서 가장 급격한 감소를 보었으며 그 감소량의 대부분이 monoterpene류와 terpene alcohol류의 손실에 기인하여 휘발성이 큰 monoterpene류와 terpene alcohol류는 건조온도가 높을수록 손실량이 많은 것을 알 수 있었다. 그러나, 건조시간의 추가 경과에 따른 변화는 가장 미미하여 \\( 70^{\\circ} \\mathrm{C} \\)의 고온의 경우 건조 1일에 휘발 가능한 화합물들 대부분 이미 휘발된 것으로 추정되었다. \\( 70^{\\circ} \\mathrm{C} \\) 열풍건조에 비해 \\( 50^{\\circ} \\mathrm{C} \\) 열풍 및 동결건조에서는 monoterpene류와 terpene alcohol류의 손실이 적으며 특히 동결건조에서는 terpene alcohol류와 sesquiterpene류의 함량이 건조 6일까지 증가하였으나 이후 감소하였는데 이는 결빙에 의한 세포 파괴와 휘발의 복합적 관계에 의한 결과로 추정되었다. 또한, terpene alcohol류의 함량이 동결건조한 시료에서 가장 높은 결과는 동결 및 음건한 시료의 휘발성 향기성분에서는 alcohol류의 비중이 많았다는 이 등의 보고와 일치하였으면, 동결건조한 시료의 총 terpene 함량은 열풍건조한 시료에 비하여 전반적으로 높게 나타나서 동결건조가 열에 의한 휘발성 향의 손실이 비교적 적은 건조방법으로 간주되었다. 김 등은 SDE 장치를 이용하여 오미자를 열풍건조하였을 때, monoterpene류와 terpene alcohol류는 감소하였으나, sesquiterpene류는 상대적으로 증가하는 경향을 보였다고 보고하였으며, Koller는 thyme과 sage의 휘발성 향기성분을 \\( 50^{\\circ} \\mathrm{C} \\)와 \\( 80^{\\circ} \\mathrm{C} \\)의 열풍건조 및 동결건조하여 비교한 결과 동결건조와 \\( 50^{\\circ} \\mathrm{C} \\) 열풍건조한 시료의 휘발성 향기패턴은 유사하게 나타났으나 \\( 80^{\\circ} \\mathrm{C} \\)로 건조한 시료의 겅우에는 패턴이 다르게 나타났다고 보고하여 건조조건이 휘발성 물질의 잔존 및 변화에 크게 영향을 미치는 것으로 판단되었다.</p> <h2>색의 변화</h2> <p>\\( 50^{\\circ} \\mathrm{C} \\)와 \\( 70^{\\circ} \\mathrm{C} \\) 열픙건조, 그리고 \\( -70^{\\circ} \\mathrm{C} \\)의 동결건조 과정 중 색의 변화를 측정하기 위하여 각각의 건조방법으로 건조한 오미자를 마쇄하여 L, a, b 및 \\( \\Delta \\mathrm{E} \\) 값을 측정하였으며, 그 결과를 Table 2에 나타내었다. 건조방법에 따른 오미자의 색변화는 L, a, b 값이 전체적으로 동결건조한 시료에서 가장높았으며, \\( 50^{\\circ} \\mathrm{C}, 70^{\\circ} \\mathrm{C} \\) 열풍건조 순으로 높았다. L 값은 흑색의 0에서 백색의 100까지의 범위로 명암도를 나타내는 값으로, 각 건조방법에 따라 1일 건조한 시료의 L 값은 뚜렷한 차이를 보이지 않있으나 건조기간이 경과할수록 건조조건에 따른차이가 나타났다. 그러나 열풍건조 1일 이후, 동결건조 2일 이후의 L 값은 유의적인 차이를 보이지 않아, 건조 초기 이후에는 거의 일정한 값을 나타내어 건조기간에 따른 영향은 적은 것으로 사료된다. a 값은 녹색(-60)과 적색(+60) 을 나타내는 값으로, L 값과 비슷한 양상을 보였으나 각 건조방법에 따른 a 값의 차이는 L 값의 것보다 더 컸다. \\( 50^{\\circ} \\mathrm{C} \\) 열풍건조한 시료는 건조 2일 이후 서서히 감소하였고, \\( 70{ }^{\\circ} \\mathrm{C} \\) 열풍건조한 시료는 건조 첫 날부터 크게 감소하는 것으로 나타났으며, 동결건조한 시료는 건조기간이 길어짐에 따라 대체적으로 증가하는 경향을 보여, 건조 온도가 높아짐에 따라 적색도는 크게 감소하는 것으로 나타났다. Anthocyanin 색소는 온도가 높을 때 파괴 또는 갈변에 의해 퇴색되는데, 송 등도 온도가 낮을수록 anthocyanin 색소의 잔존율이 높았다고 보고하였다. 또한 임 등은 거베라 꽃의 분홍색 품종인 shirley 꽃 건조 시 anthocyanin 색소의 흡광도는 온도가 높을수록 감소하는 경향을 보였으며, a 값도 유의적으로 감소하는 것으로 나타났는데, 특히 \\( 60-70^{\\circ} \\mathrm{C} \\)에서 크게 낮아져 적색 색소가 파괴되었다고 보고하였다. b 값은 청색(-60)과 황색(+60)을 나타내는 값으로, 동결건조 초기 2일까지는 건조기간에 따라 큰 변화가 없는 \\( 50^{\\circ} \\mathrm{C} \\) 열풍건조보다 낮았으나 서서히 증가하여 3일 이후에는 더 높게 나타났다. 또한 \\( 70^{\\circ} \\mathrm{C} \\) 열풍건조한 시료의 b 값은 감소하는 경향을 보였으며 건조기간이 경과할수록 그 감소속도는 조금씩 둔화되었다.",
                "context_length": 4537,
                "clue": [
                    {
                        "clue_text": "오미자의 terpene류 중 그 함량이 \\( 120.16 \\mu \\mathrm{g} / \\mathrm{g} \\)으로 가장 많은 \\( \\beta \\)-elemene은 천연의 항암제로서 이미 널리 알려저 있는 약리성분이며, terpinen-4-ol은 그람 양성과 음성군 박테리아에 항균활성을 가지고 있으며, 체내 염증 유발인자의 생성 억제, 흑색종 세포의 성장 억제 및 고혈압의 완화 등의 약리적 기능을 가지는 것으로 알려져 있다.",
                        "clue_start": "1268",
                        "clue_end": "1507"
                    },
                    {
                        "clue_text": "또한, 일명 eucalyptol로도 불리는 1,8-cineole은 오미자에 비록 \\( 5.91 \\) \\( \\mu \\mathrm{g} / \\mathrm{g} \\)의 미량으로 함유되어 있지만 기침 및 천식의 완화, 심장혈관 이완 및 알코올로 인한 위장막 손상 치유등의 여러 가지 약리적 기능을 가지는 것으로 밝혀져 있다.",
                        "clue_start": "1508",
                        "clue_end": "1685"
                    },
                    {
                        "clue_text": "전반적으로 휘발성 테르펜 함량은 건조온도가 높을수록 감소하었으나 \\( 70^{\\circ} \\mathrm{C} \\)에서 건조한 시료보다 \\( 50^{\\circ} \\mathrm{C} \\)에서 건조한 시료의 함량이 적게 나타났으며, 이는 고온에서 건조 시 급속하게 형성된 건조피막의 형성에 의하여 휘발이 억제되어 나타난 결과로 추정된다.",
                        "clue_start": "1693",
                        "clue_end": "1878"
                    },
                    {
                        "clue_text": "또한, terpene alcohol류의 함량이 동결건조한 시료에서 가장 높은 결과는 동결 및 음건한 시료의 휘발성 향기성분에서는 alcohol류의 비중이 많았다는 이 등의 보고와 일치하였으면, 동결건조한 시료의 총 terpene 함량은 열풍건조한 시료에 비하여 전반적으로 높게 나타나서 동결건조가 열에 의한 휘발성 향의 손실이 비교적 적은 건조방법으로 간주되었다.",
                        "clue_start": "2574",
                        "clue_end": "2777"
                    },
                    {
                        "clue_text": "김 등은 SDE 장치를 이용하여 오미자를 열풍건조하였을 때, monoterpene류와 terpene alcohol류는 감소하였으나, sesquiterpene류는 상대적으로 증가하는 경향을 보였다고 보고하였으며, Koller는 thyme과 sage의 휘발성 향기성분을 \\( 50^{\\circ} \\mathrm{C} \\)와 \\( 80^{\\circ} \\mathrm{C} \\)의 열풍건조 및 동결건조하여 비교한 결과 동결건조와 \\( 50^{\\circ} \\mathrm{C} \\) 열풍건조한 시료의 휘발성 향기패턴은 유사하게 나타났으나 \\( 80^{\\circ} \\mathrm{C} \\)로 건조한 시료의 겅우에는 패턴이 다르게 나타났다고 보고하여 건조조건이 휘발성 물질의 잔존 및 변화에 크게 영향을 미치는 것으로 판단되었다.",
                        "clue_start": "2778",
                        "clue_end": "3176"
                    }
                ],
                "terminology": [
                    {
                        "word": "GC/MS"
                    },
                    {
                        "word": "SDE 장치"
                    },
                    {
                        "word": "anthocyanin 색소"
                    },
                    {
                        "word": "eucalyptol"
                    },
                    {
                        "word": "sage"
                    },
                    {
                        "word": "sesquiterpene류"
                    },
                    {
                        "word": "terpene alcohol류"
                    },
                    {
                        "word": "감소속도"
                    },
                    {
                        "word": "건조조건"
                    },
                    {
                        "word": "건조피막"
                    },
                    {
                        "word": "마쇄"
                    },
                    {
                        "word": "시료"
                    },
                    {
                        "word": "약리성분"
                    },
                    {
                        "word": "약리적"
                    },
                    {
                        "word": "연속추출장치"
                    },
                    {
                        "word": "열풍건조"
                    },
                    {
                        "word": "유발인자"
                    },
                    {
                        "word": "음건"
                    },
                    {
                        "word": "음성군 박테리아"
                    },
                    {
                        "word": "잔존율"
                    },
                    {
                        "word": "적색 색소"
                    },
                    {
                        "word": "적색도"
                    },
                    {
                        "word": "주성분"
                    },
                    {
                        "word": "테르펜"
                    },
                    {
                        "word": "퇴색"
                    },
                    {
                        "word": "항균활성"
                    },
                    {
                        "word": "휘발성 terpene류"
                    },
                    {
                        "word": "휘발성 향기성분"
                    },
                    {
                        "word": "흑색종"
                    }
                ]
            },
            {
                "context_id": "55e-0c9-merge_2_8a2ae4d1-04603bec-8bc6-441a-a544-8ff08b0289ba_03",
                "context_K-NSCC": {
                    "field": "생명",
                    "large_category": "LA",
                    "medium_category": "08"
                },
                "context": "<h1>요약</h1> <p>오미자의 건조공정에 의한 휘발성 terpene류와 색의 변화를 조사하기 위하여, 건조조건을 \\( 50 ^ {\\circ } \\mathrm { C } \\) 와 \\( 70 ^ {\\circ } \\mathrm { C } \\) 의 열풍건조, \\( -70 ^ {\\circ } \\mathrm { C } \\) 의 진공동결건조의 3종 건조방법으로 건조한 후 SDE 연속추출장치로 terpene류를 추출하여 \\( \\mathrm { GC } / \\mathrm { MS } \\) 로 분석하고, 각 건조된 오미자를 마쇄한 분말의 색도를 Hunter colorimeter로 측정하였다. 생오미자의 GC/MS 분석 결과, 15 종의 monoterpene류, 28종의 sesquiterpene류 및 7종의 terpene alcohol류가 확인되었으며, 또한 myrcene \\( (56.97 \\mu \\mathrm { g } / \\mathrm { g } ) \\)과 \\( \\gamma \\)-terpinene \\( (58.49 \\mu \\mathrm { g } / \\mathrm { g } ) \\) 이 monoterpene류, \\( \\beta \\)-elemene \\( (120.16 \\mu \\mathrm { g } / \\mathrm { g } ), \\quad \\alpha \\)-bergamotene \\( (103.45 \\mu \\mathrm { g } / \\mathrm { g } ), \\gamma \\)-selinene \\( (75.97 \\mu \\mathrm { g } / \\mathrm { g } ), \\beta \\)-cubebene \\( (66.69 \\mu \\mathrm { g } / \\mathrm { g } ) \\), aristolene \\( (51.25 \\mu \\mathrm { g } \\) \\( / \\mathrm { g } ) \\) 및 \\( \\alpha \\)-ylangene \\( (28.06 \\mu \\mathrm { g } / \\mathrm { g } ) \\) 등이 sesquiterpene류, 그리고 T-muurolol \\( (96.45 \\mu \\mathrm { g } / \\mathrm { g } ) \\) 와 terpinen-4-ol \\( (46.02 \\mu \\mathrm { g } / \\mathrm { g } ) \\) 이 terpene alcohol류의 주성분이었다. 건조과정의 초기에 생오미자 terpene류의 절반 이상이 감소되었으며, 이후 건조기간의 경과에 따른 추가적 감소는 아주 적었다. 또한 총 terpene류의 절반 이상을 차지하는 sesquiterpene류의 함량은 진공동결건조에서는 소량 증가하다 6일 이후 감소하는 패턴을 보였다. 그리고 terpene alcohol류는 진공동결건조한 시료에서 그 함량이 비교적 많이 남았으나, 고온인 \\( 70 ^ {\\circ } \\mathrm { C } \\) 에서 열풍건조한 시료에서는 가장 적게 남아 있었다. 건조방법에 따른 L 값은 동결건조, \\( 50 ^ {\\circ } \\mathrm { C } \\) 열풍건조, \\( 70 ^ {\\circ } \\mathrm { C } \\) 열풍건조 순서로 높았으며, \\( \\mathrm { a } \\) 값 및 \\( \\mathrm { b } \\) 값도 동결건조에서 가장 높았으며 \\( 70 ^ {\\circ } \\mathrm { C } \\) 열풍건조에서 가장 낮게 나타났다.</p>",
                "context_length": 1666,
                "clue": [
                    {
                        "clue_text": "오미자의 건조공정에 의한 휘발성 terpene류와 색의 변화를 조사하기 위하여, 건조조건을 \\( 50 ^ {\\circ } \\mathrm { C } \\) 와 \\( 70 ^ {\\circ } \\mathrm { C } \\) 의 열풍건조, \\( -70 ^ {\\circ } \\mathrm { C } \\) 의 진공동결건조의 3종 건조방법으로 건조한 후 SDE 연속추출장치로 terpene류를 추출하여 \\( \\mathrm { GC } / \\mathrm { MS } \\) 로 분석하고, 각 건조된 오미자를 마쇄한 분말의 색도를 Hunter colorimeter로 측정하였다.",
                        "clue_start": "15",
                        "clue_end": "327"
                    },
                    {
                        "clue_text": "생오미자의 GC/MS 분석 결과, 15 종의 monoterpene류, 28종의 sesquiterpene류 및 7종의 terpene alcohol류가 확인되었으며, 또한 myrcene \\( (56.97 \\mu \\mathrm { g } / \\mathrm { g } ) \\)과 \\( \\gamma \\)-terpinene \\( (58.49 \\mu \\mathrm { g } / \\mathrm { g } ) \\) 이 monoterpene류, \\( \\beta \\)-elemene \\( (120.16 \\mu \\mathrm { g } / \\mathrm { g } ), \\quad \\alpha \\)-bergamotene \\( (103.45 \\mu \\mathrm { g } / \\mathrm { g } ), \\gamma \\)-selinene \\( (75.97 \\mu \\mathrm { g } / \\mathrm { g } ), \\beta \\)-cubebene \\( (66.69 \\mu \\mathrm { g } / \\mathrm { g } ) \\), aristolene \\( (51.25 \\mu \\mathrm { g } \\) \\( / \\mathrm { g } ) \\) 및 \\( \\alpha \\)-ylangene \\( (28.06 \\mu \\mathrm { g } / \\mathrm { g } ) \\) 등이 sesquiterpene류, 그리고 T-muurolol \\( (96.45 \\mu \\mathrm { g } / \\mathrm { g } ) \\) 와 terpinen-4-ol \\( (46.02 \\mu \\mathrm { g } / \\mathrm { g } ) \\) 이 terpene alcohol류의 주성분이었다.",
                        "clue_start": "328",
                        "clue_end": "1160"
                    },
                    {
                        "clue_text": "건조과정의 초기에 생오미자 terpene류의 절반 이상이 감소되었으며, 이후 건조기간의 경과에 따른 추가적 감소는 아주 적었다.",
                        "clue_start": "1161",
                        "clue_end": "1232"
                    },
                    {
                        "clue_text": "건조방법에 따른 L 값은 동결건조, \\( 50 ^ {\\circ } \\mathrm { C } \\) 열풍건조, \\( 70 ^ {\\circ } \\mathrm { C } \\) 열풍건조 순서로 높았으며, \\( \\mathrm { a } \\) 값 및 \\( \\mathrm { b } \\) 값도 동결건조에서 가장 높았으며 \\( 70 ^ {\\circ } \\mathrm { C } \\) 열풍건조에서 가장 낮게 나타났다.",
                        "clue_start": "1439",
                        "clue_end": "1662"
                    }
                ],
                "terminology": [
                    {
                        "word": "GC"
                    },
                    {
                        "word": "GC/MS"
                    },
                    {
                        "word": "GC/MS 분석"
                    },
                    {
                        "word": "Hunter colorimeter"
                    },
                    {
                        "word": "SDE 연속추출장치"
                    },
                    {
                        "word": "T-muurolol"
                    },
                    {
                        "word": "aristolene"
                    },
                    {
                        "word": "myrcene"
                    },
                    {
                        "word": "sesquiterpene류"
                    },
                    {
                        "word": "terpene alcohol류"
                    },
                    {
                        "word": "terpene류"
                    },
                    {
                        "word": "건조공정"
                    },
                    {
                        "word": "건조조건"
                    },
                    {
                        "word": "마쇄"
                    },
                    {
                        "word": "시료"
                    },
                    {
                        "word": "열풍건조"
                    },
                    {
                        "word": "주성분"
                    },
                    {
                        "word": "진공동결건조"
                    }
                ]
            },
            {
                "context_id": "55e-0c9-66bdf034-10a2-42ac-99d1-9e3ed7c9711e",
                "context_K-NSCC": {
                    "field": "생명",
                    "large_category": "LA",
                    "medium_category": "08"
                },
                "context": "<h1>재료 및 방법</h1> <h2>실험 재료</h2> <p>본 실험에 사용된 오미자는 경북 문경시 동로면에서 재배하여 2006넌 9월 수확한 것을 구입하여 냉동 보관한 후, 가지, 잎 등 이물질과 모양이 고르지 못한 것을 제거하고 외관이 양호한 것을 선별하여 사용하였다. 그리고 각종 분석에 필요한 유기용매 및 일반시약은 Merck사(독일) 및 Junsei화학공업사(일본)의 특급 및 1 급 시약들을, 그리고 휘발성화합물의 동정에 사용한 기타 표준품은 Sigma사의 제품을 사용하였다.</p> <h2>실험 방법</h2> <p>오미자의 건조과정은 \\( 50^{\\circ} \\mathrm{C} \\) 및 \\( 70^{\\circ} \\mathrm{C} \\) 의 열풍건조기(Memmert, DE/ULE 400, USA)와 \\( -70^{\\circ} \\mathrm{C} \\) 의 진공동결건조기 (SFDSHM12, 삼원냉열)로 진행하였으며, 열풍건조는 각 1, 2, 3 및 4 일간, 진공동결건조에서는 1, 2, 3, 4, 6, 8 ,및 10 일간 건조한 시료를 각각 채취하여 각 시료의 수분함량(dry base)을 \\( 105^{\\circ} \\mathrm{C} \\) 에서 상압가열건조법으로 측정하여 건조효율을 조사하였으며, 휘발성 terpene류의 분석은, 각 시료 \\( 50 \\mathrm{~g} \\) (wet base)을 증류수 \\( 200 \\mathrm{ml} \\) 과 함께 SDE (Simultaneous Steam Distillation -Extraction)연속추출장치의 \\( 2 \\mathrm{~L} \\) 둥근 플라스크에 넣고 정량분석을 위해 내부표준물질로서 \\( 1,000 \\mathrm{ppm} \\) 의 4-decanol \\( 1 \\mathrm{ml} \\) 을 첨가하였다. 추출용매로는 diethyl ether \\( 30 \\mathrm{ml} \\) 를 사용하였으며 상압 하에서 3시간 동안 환류하여 휘발성 terpene류를 포집하고, 무수황산나트륨으로서 탈수시</p> <p>킨 후 \\( 35^{\\circ} \\mathrm{C} \\) 회전감압농축기(Eyela, N-2NW, Japan)로 \\( 5 \\mathrm{ml} \\) 까지 농축하고 \\( 0.45 \\mu \\mathrm{m} \\) membrane filter(hydrophilic PTFE, Millipore, USA)로 여과한 것을 GC/MS 분석용 시험액으로 하였다. GC/MS의 분석은 GC/MS (HP 6890 series GC sys-tem+HP 5973 MSD, Hewlett Packard Co. USA)에서, HP-5 capillary column (5\\% phenyl methyl siloxane capillary, \\( 30.0 \\mathrm{~m} \\times 250 \\mu \\mathrm{m} \\) i.d., \\( 0.25 \\mu \\mathrm{m} \\) film thickness, Hewlett Packard Co. USA), carrier gas는 He (32.6 \\( \\mathrm{ml} / \\mathrm{min} \\).\\( ) , Split \\) ratio 30:1, 오븐 온도조건 initial temp. (time) \\( 70^{\\circ} \\mathrm{C} \\) (5 min.), rate는 \\( 5^{\\circ} \\mathrm{C} / \\mathrm{min} \\)., final temp. (time) \\( 220^{\\circ} \\mathrm{C} \\) (5 min.)이며, in-jection port temp. \\( 250^{\\circ} \\mathrm{C} \\), interface temp. \\( 240^{\\circ} \\mathrm{C} \\) 및 \\( 70 \\mathrm{eV} \\) 의 ionization voltage의 조건으로 분석하였다.</p> <p>각 화합물들의 동정은 mass spectrum을 해석한 결과를 토대로 Willey library 및 문헌을 참고하었으며, 각 화합물의 정량은 각 피크의 면적을 내부표준물질인 4-decanol과 비교하여 아래의 계산식으로 산출하였으며, 이때의 response factor는 1 로 가정하였다.</p> <p>화합물의 농도 \\( (\\mu \\mathrm{g} / \\mathrm{g})=\\{ \\) 각 화합물의 피크면적 \\( \\times \\) 내부표준물질 첨가량 \\( (\\mu \\mathrm{g}) \\times 1,000\\} /\\{ \\) 내부표준물질피크면적 \\( \\times \\) 시료량 \\( (\\mathrm{mg})\\} \\)</p> <p>또한, 색도의 측정은 각 건조 조건에 따라 건조된 오미자를 분쇄기로 고르게 분쇄하여 Hunter colorimeter (Chroma meter CR-200, Minolta, Japan)로 하였으며, chromatic reference standard는 white \\( \\mathrm{C} 2-15222 \\) 로 하였을 때 \\( \\mathrm{L}=92.08 \\), \\( a=1.19, b=-0.706 \\) 이었다. 측정치는 Hunter's color value 값인 L (white \\( +100 \\leftrightarrow 0 \\) black), a (red \\( +60 \\leftrightarrow-60 \\) green), b (yellow \\( +60 \\leftrightarrow-60 \\) blue) 및 전체적인 색차를 나타내는 \\( \\Delta \\mathrm{E} \\) (total color difference value)값은 상법에 따라 다음 식으로 구하였다.</p> <p>\\( \\Delta \\mathrm{E}=\\sqrt{(\\Delta L)^{2}+(\\Delta a)^{2}+(\\Delta b)^{2}} \\)</p>",
                "context_length": 2809,
                "clue": [
                    {
                        "clue_text": "본 실험에 사용된 오미자는 경북 문경시 동로면에서 재배하여 2006넌 9월 수확한 것을 구입하여 냉동 보관한 후, 가지, 잎 등 이물질과 모양이 고르지 못한 것을 제거하고 외관이 양호한 것을 선별하여 사용하였다.",
                        "clue_start": "35",
                        "clue_end": "153"
                    },
                    {
                        "clue_text": "오미자의 건조과정은 \\( 50^{\\circ} \\mathrm{C} \\) 및 \\( 70^{\\circ} \\mathrm{C} \\) 의 열풍건조기(Memmert, DE/ULE 400, USA)와 \\( -70^{\\circ} \\mathrm{C} \\) 의 진공동결건조기 (SFDSHM12, 삼원냉열)로 진행하였으며, 열풍건조는 각 1, 2, 3 및 4 일간, 진공동결건조에서는 1, 2, 3, 4, 6, 8 ,및 10 일간 건조한 시료를 각각 채취하여 각 시료의 수분함량(dry base)을 \\( 105^{\\circ} \\mathrm{C} \\) 에서 상압가열건조법으로 측정하여 건조효율을 조사하였으며, 휘발성 terpene류의 분석은, 각 시료 \\( 50 \\mathrm{~g} \\) (wet base)을 증류수 \\( 200 \\mathrm{ml} \\) 과 함께 SDE (Simultaneous Steam Distillation -Extraction)연속추출장치의 \\( 2 \\mathrm{~L} \\) 둥근 플라스크에 넣고 정량분석을 위해 내부표준물질로서 \\( 1,000 \\mathrm{ppm} \\) 의 4-decanol \\( 1 \\mathrm{ml} \\) 을 첨가하였다.",
                        "clue_start": "296",
                        "clue_end": "884"
                    }
                ],
                "terminology": [
                    {
                        "word": "Distillation"
                    },
                    {
                        "word": "GC"
                    },
                    {
                        "word": "GC/MS"
                    },
                    {
                        "word": "Hunter colorimeter"
                    },
                    {
                        "word": "Hunter's color value"
                    },
                    {
                        "word": "SDE"
                    },
                    {
                        "word": "Willey library"
                    },
                    {
                        "word": "capillary column"
                    },
                    {
                        "word": "carrier gas"
                    },
                    {
                        "word": "chromatic reference standard"
                    },
                    {
                        "word": "diethyl ether"
                    },
                    {
                        "word": "final temp."
                    },
                    {
                        "word": "initial temp."
                    },
                    {
                        "word": "ionization voltage"
                    },
                    {
                        "word": "mass spectrum"
                    },
                    {
                        "word": "membrane filter"
                    },
                    {
                        "word": "methyl"
                    },
                    {
                        "word": "phenyl"
                    },
                    {
                        "word": "response factor"
                    },
                    {
                        "word": "건조효율"
                    },
                    {
                        "word": "내부표준물질"
                    },
                    {
                        "word": "동정"
                    },
                    {
                        "word": "분쇄기"
                    },
                    {
                        "word": "색도"
                    },
                    {
                        "word": "색차"
                    },
                    {
                        "word": "시료"
                    },
                    {
                        "word": "시료량"
                    },
                    {
                        "word": "여과"
                    },
                    {
                        "word": "열풍건조"
                    },
                    {
                        "word": "열풍건조기"
                    },
                    {
                        "word": "유기용매"
                    },
                    {
                        "word": "정량분석"
                    },
                    {
                        "word": "증류수"
                    },
                    {
                        "word": "진공동결건조"
                    },
                    {
                        "word": "진공동결건조기"
                    },
                    {
                        "word": "추출용매"
                    },
                    {
                        "word": "표준품"
                    },
                    {
                        "word": "플라스크"
                    },
                    {
                        "word": "피크면적"
                    },
                    {
                        "word": "화합물"
                    },
                    {
                        "word": "환류"
                    },
                    {
                        "word": "회전감압농축기"
                    },
                    {
                        "word": "휘발성 terpene류"
                    },
                    {
                        "word": "휘발성화합물"
                    }
                ]
            },
            {
                "context_id": "55e-0c9-merge_2_8a2ae4d1-04603bec-8bc6-441a-a544-8ff08b0289ba_00",
                "context_K-NSCC": {
                    "field": "생명",
                    "large_category": "LA",
                    "medium_category": "08"
                },
                "context": "<h1>서 론</h1> <p>오미자(Schizandra chinensis fructus)는 목련과에 속하는 식물로 6-7월에 꽃을 피우고 9-10월에 짙은 홍색의 열매를 맺는데, 한방에서는 전신쇠약, 진정, 진해, 해열작용 및 간장보호, 혈압강하, 술의 해독 등의 작용을 가지는 것으로 알려져 있으며, 근래 천연식물에 대한 기능성 연구의 활성화에 의하여 항산화, 항균 ,알코올 해독작용 및 간장보호등의 약리적 효능을 가지는 것으로 보고가 되었다. 이러한 효능을 유발하는 오미자의 주요성분으로서 schizan-drin, gomisin A 및 gomisin N등의 라그난계 화합물들로 추정함으로써 오미자에 대한 연구는 주로 리그난류를 비롯하여, 그 밖에 유기산, 아미노산 등의 일반성분 및 용매 추출물의 항산화활성 등에 집중되었다. 그러나, 근래 오미자에는 타 식물체에서 밝혀 낸 것 보다 훨씬 다양한 종류의 terpene류가 함유되어 있는 것으로 밝혀졌다. Terpene류는 isoprene골격을 가지는 5 탄소단위로부터 파생되어, C5 단위의 연속적 부가반응에 의하여 monoterpene (C10), sesquiterpene (C15), diterpene를 합성하며, triterpene류(C30)는 2개의 (C15) 단위, 그리고 tetraterpene류(C40)는 2 개의 (C20) 단위가 연결되어 형성된다. 이 중 휘발성인 mono와 sesquiterpene류가 식물 정유 (essential oil) 성분의 주성분으로서 독특한 향을 발현하며, 곤충에 대한 기피효과 및 독성 및 타 식물에 대한 배타작용 등의 생태학적 효능을 발휘하는 것으로 이미 알려져 있으며, 근래에는 항균활성, 고혈압완화, 염증억제 및 천식완화 등의 다양한 생리적 및 약리적 기능성들을 가질 뿐만 아니라 항암효과도 뛰어난 것으로 확인되었다.</p> <p>따라서, 리그난과 더불어 anthocyanin 색소와 다양한 terpene류를 풍부하게 함유하고 있는 오미자의 특성을 활용하여, 최근, 다양한 기능성 제품들의 개발을 시도하고 있으며, 실제 산업적 생산과정에서는 원료의 수급안정과 보관의 용이함을 이유로 수확한 오미자를 구입 후 건조하거나 생산지에서 기 건조한 제품을 구입하여 원료로 사용하고 있다. 그러나 오미자의 건조과정에서 리그난 등의 불휘발성 물질들의 손실은 비록 적을 것이지만 휘발성인 mono와 sesquiterpene류의 손실은 피할 수 없을 것으로 추정된다. 따라서 본 실험에서는 산업현장에서 실제 사용하고 있는 몇 가지 방법으로 오미자를 건소하였을 때 건조효율과 휘발성 terpene 류의 함량변화 및 색도의 변화를 조사하여, 오미자를 이용한 기능성제품 개발의 제조공정 확립의 기초자료로 삼고자 하였다.</p>",
                "context_length": 1348,
                "clue": [
                    {
                        "clue_text": "오미자(Schizandra chinensis fructus)는 목련과에 속하는 식물로 6-7월에 꽃을 피우고 9-10월에 짙은 홍색의 열매를 맺는데, 한방에서는 전신쇠약, 진정, 진해, 해열작용 및 간장보호, 혈압강하, 술의 해독 등의 작용을 가지는 것으로 알려져 있으며, 근래 천연식물에 대한 기능성 연구의 활성화에 의하여 항산화, 항균 ,알코올 해독작용 및 간장보호등의 약리적 효능을 가지는 것으로 보고가 되었다.",
                        "clue_start": "16",
                        "clue_end": "249"
                    },
                    {
                        "clue_text": "이러한 효능을 유발하는 오미자의 주요성분으로서 schizan-drin, gomisin A 및 gomisin N등의 라그난계 화합물들로 추정함으로써 오미자에 대한 연구는 주로 리그난류를 비롯하여, 그 밖에 유기산, 아미노산 등의 일반성분 및 용매 추출물의 항산화활성 등에 집중되었다.",
                        "clue_start": "250",
                        "clue_end": "407"
                    },
                    {
                        "clue_text": "따라서 본 실험에서는 산업현장에서 실제 사용하고 있는 몇 가지 방법으로 오미자를 건소하였을 때 건조효율과 휘발성 terpene 류의 함량변화 및 색도의 변화를 조사하여, 오미자를 이용한 기능성제품 개발의 제조공정 확립의 기초자료로 삼고자 하였다.",
                        "clue_start": "1207",
                        "clue_end": "1344"
                    }
                ],
                "terminology": [
                    {
                        "word": "Terpene류"
                    },
                    {
                        "word": "anthocyanin"
                    },
                    {
                        "word": "diterpene"
                    },
                    {
                        "word": "gomisin A"
                    },
                    {
                        "word": "gomisin N"
                    },
                    {
                        "word": "isoprene골격"
                    },
                    {
                        "word": "mono"
                    },
                    {
                        "word": "monoterpene"
                    },
                    {
                        "word": "sesquiterpene"
                    },
                    {
                        "word": "sesquiterpene류"
                    },
                    {
                        "word": "terpene"
                    },
                    {
                        "word": "tetraterpene류"
                    },
                    {
                        "word": "triterpene류"
                    },
                    {
                        "word": "리그난"
                    },
                    {
                        "word": "리그난류"
                    },
                    {
                        "word": "목련과"
                    },
                    {
                        "word": "배타작용"
                    },
                    {
                        "word": "불휘발성"
                    },
                    {
                        "word": "색도"
                    },
                    {
                        "word": "식물 정유"
                    },
                    {
                        "word": "식물체"
                    },
                    {
                        "word": "아미노산"
                    },
                    {
                        "word": "약리적 효능"
                    },
                    {
                        "word": "염증억제"
                    },
                    {
                        "word": "용매"
                    },
                    {
                        "word": "주성분"
                    },
                    {
                        "word": "천연식물"
                    },
                    {
                        "word": "항산화활성"
                    },
                    {
                        "word": "해독작용"
                    },
                    {
                        "word": "해열작용"
                    },
                    {
                        "word": "활성화"
                    }
                ]
            }
        ]
    }
}