{
    "dataset_info": {
        "identifier": "02-031-002-NL",
        "name": "기술과학 문서 요약 데이터",
        "category": "자연어",
        "last_updated": "2023-08-30"
    },
    "dataset": {
        "doc_id": "8a2ae4d1-3a7189a9-b4ec-4c61-ab39-9845c163f27e",
        "doc_type": "논문",
        "doc_title": {
            "kor": "감자유전자 StACRE의 분리 및 풋마름병 저항성 기능 검정",
            "eng": "Isolation of Potato StACRE Gene and Its Function in Resistance againstBacterial Wilt Disease"
        },
        "doc_category": {
            "KDC": "470.5",
            "DDC": ""
        },
        "doc_number": {
            "ISSN": "1225-9918",
            "ISBN": "",
            "DOI": "",
            "UCI": ""
        },
        "doc_year": "2012",
        "doc_author": [
            "박상렬",
            "차은미",
            "김태훈",
            "한세연",
            "황덕주",
            "안일평",
            "조광수",
            "배신철"
        ],
        "doc_publisher": "한국생명과학회",
        "doc_license": "CC BY",
        "context_info": [
            {
                "context_id": "55e-0c9-merge_la_8a2ae4d1-3a7189a9-b4ec-4c61-ab39-9845c163f27e_03",
                "context_K-NSCC": {
                    "field": "생명",
                    "large_category": "LA",
                    "medium_category": "99"
                },
                "context": "<h2>RT-PCR 검정</h2> <p>StACRE를 과발현시킨 형질 전환 식물체의 과발현 여부를 검정하기위해 형질전환 식물체로부터 앞서 기술한 방법으로 total RNA를 분리하여 cDNA 합성에 이용 하였다. 우선, total RNA에 DNase I (deoxyribonuclease I, Sigma, Saint Louis)을 상온에서 15 분간 처리한 후, \\( 70 ^ {\\circ } \\mathrm { C } \\) 에서 10 분간 불활성화 시켰다. \\( 1 \\mu \\mathrm { l } \\) 의 역전사효소 SuperScript III (200 units/ \\( \\mu \\mathrm { l } \\), Invitrogen, CA), \\( 3 \\mu \\mathrm { g } \\) 의 total RNA와 oligo (dT) 20 primer를 함께 넣어 최종 \\( 20 \\mu \\)의 반응 혼합물에서 First-strand cDNA를 합성한 후 RT-PCR을 수행하였다. 합성한 \\( 1 \\mu 1 \\) 의 First-strand cDNA와 rTaq polymerse ( 5 units/ \\( \\mu \\) l, Takara)를 사용하였으며, \\( 95 ^ {\\circ } \\mathrm { C } \\) 에서 2 분 동안 예열 후, \\( 95 ^ {\\circ } \\mathrm { C } \\) 에서 30 초, \\( 55 ^ {\\circ } \\mathrm { C } \\) 에서 30초, \\( 72 ^ {\\circ } \\mathrm { C } \\) 에서 1분 동안 25 cycles을 수행하였고, 마지막 \\( 72 ^ {\\circ } \\mathrm { C } \\) 에서 10분간 증폭을 수행하였다. PCR산물은 \\( 1 \\% \\) agarose gel에서 전기영동 후 관찰 하였다. Internal control로는 감자의 tubulin 유전자를 사용하였다.</p> <h2>병원균 처리 및 병저항성 측정</h2> <p>StACRE를 과발현시킨 형질전환 감자의 풋마름병 저항성을 관찰하고자 Ralstonia solanacearum (Rs) KACC10722 균주를 사용하였다. 이 균주는CPG agar에서 \\( 28 ^ {\\circ } \\mathrm { C } , 48 \\) 시간 동안 배양한 후 \\( 10 \\mathrm { mM } \\mathrm { MgCl } 2 \\) 를 사용하여 \\( \\mathrm { OD } 600=0.5 \\) 되게 희석하였다. 희석된 균 현탁액에 뿌리를 절단한 감자의 줄기를 1시간 동안 침지한 후 Jiffy pot에 옮겨 양액을 보충해주면서 2주간 병 진 전 양상을 관찰하였다.</p> <h2>Southern blot 및 northern 분석</h2> <p>배양된 감자의 전체 조직을 액체질소와 막자 사발을 이용하여 잘 마쇄한 후 Plant Genomic DNA prep kit (Solgent, Daejeon)를 이용하여 분리한 genomic DNA \\( 10 \\mu \\mathrm { g } \\) 을 BanH1, EcdR1, HindIII (Enzynomics, Daejeon) 등의 제한효소로 \\( 37 ^ {\\circ } \\mathrm { C } \\) 에서 12 시간 반응 시킨 후 정제하여 \\( 1 \\% \\) agarose gel에 전기영동하여 분석하였다. 유전자 발현분석을 위해 야생형과 형질전환된 감자에서 Northern blot을 수행하였으며 RNeasy Plant Mini kit (Qiagen, Hiden)를 이용하여 total RNA를 분리하였다. 분리된 \\( 10 \\mu \\mathrm { g } \\) 의 total RNA는 \\( 1.0 \\%( \\mathrm { w } / \\mathrm { v } ) \\) form-aldehyde-agarose gel에서 전기영동을 수행한 후, gel 위에 HyBond N + membrane (Amersham Biosciences, Bucks)을 놓고 membrane에 RNA를 전이시켰다. UV cross-linker를 이용하여 RNA를 고정 시킨 후, StACRE 유전자에 a- \\( \\left [ { } ^ { 32 } \\mathrm { P } \\right ] \\mathrm { dCTP } \\) 의 방사선 동위원소로 표지 한 probe를 \\( 0.5 \\mathrm { mM } \\mathrm { Na } _ { 2 } \\mathrm { HPO } _ { 4 } ( \\mathrm { pH } \\) 7.2), \\( 1 \\mathrm { mM } \\) EDTA, 1 \\% BSA, 7 \\% SDS를 포함하는 hybrid-ization buffer에서 \\( 65 ^ {\\circ } \\mathrm { C } \\) 에서 18 시간 동안 혼성화시킨 후, \\( 0.1 \\% \\) SDS가 함유된 \\( 2 x \\) SSC washing buffer로 \\( 65 ^ {\\circ } \\mathrm { C } \\) 에서 15분간 1번 세척하고, \\( 0.1 \\% \\) SDS가 함유된 \\( 1 x \\) SSC washing buffer로 \\( 65 ^ {\\circ } \\mathrm { C } \\) 에서 10분간 1 번 더 세척하였다. 세척한 membrane은 BAS cassette (Fuii, Kanagawa)에서 스크린에 전이시킨 후 스캔하여 확인하였다.</p>",
                "context_length": 2603,
                "clue": [
                    {
                        "clue_text": "StACRE를 과발현시킨 형질 전환 식물체의 과발현 여부를 검정하기위해 형질전환 식물체로부터 앞서 기술한 방법으로 total RNA를 분리하여 cDNA 합성에 이용 하였다.",
                        "clue_start": "22",
                        "clue_end": "118"
                    },
                    {
                        "clue_text": "StACRE를 과발현시킨 형질전환 감자의 풋마름병 저항성을 관찰하고자 Ralstonia solanacearum (Rs) KACC10722 균주를 사용하였다.",
                        "clue_start": "964",
                        "clue_end": "1051"
                    },
                    {
                        "clue_text": "유전자 발현분석을 위해 야생형과 형질전환된 감자에서 Northern blot을 수행하였으며 RNeasy Plant Mini kit (Qiagen, Hiden)를 이용하여 total RNA를 분리하였다.",
                        "clue_start": "1623",
                        "clue_end": "1735"
                    },
                    {
                        "clue_text": "배양된 감자의 전체 조직을 액체질소와 막자 사발을 이용하여 잘 마쇄한 후 Plant Genomic DNA prep kit (Solgent, Daejeon)를 이용하여 분리한 genomic DNA \\( 10 \\mu \\mathrm { g } \\) 을 BanH1, EcdR1, HindIII (Enzynomics, Daejeon) 등의 제한효소로 \\( 37 ^ {\\circ } \\mathrm { C } \\) 에서 12 시간 반응 시킨 후 정제하여 \\( 1 \\% \\) agarose gel에 전기영동하여 분석하였다.",
                        "clue_start": "1338",
                        "clue_end": "1622"
                    }
                ],
                "terminology": [
                    {
                        "word": "BAS cassette"
                    },
                    {
                        "word": "DNase I"
                    },
                    {
                        "word": "HindIII"
                    },
                    {
                        "word": "Internal control"
                    },
                    {
                        "word": "Northern blot"
                    },
                    {
                        "word": "OD"
                    },
                    {
                        "word": "PCR산물"
                    },
                    {
                        "word": "Plant Genomic DNA prep kit"
                    },
                    {
                        "word": "RNeasy Plant Mini kit"
                    },
                    {
                        "word": "RT-PCR"
                    },
                    {
                        "word": "Ralstonia solanacearum"
                    },
                    {
                        "word": "SDS"
                    },
                    {
                        "word": "SSC washing buffer"
                    },
                    {
                        "word": "Southern blot"
                    },
                    {
                        "word": "StACRE 유전자"
                    },
                    {
                        "word": "SuperScript III"
                    },
                    {
                        "word": "Takara"
                    },
                    {
                        "word": "UV cross-linker"
                    },
                    {
                        "word": "agarose gel"
                    },
                    {
                        "word": "cDNA 합성"
                    },
                    {
                        "word": "cross-linker"
                    },
                    {
                        "word": "dCTP"
                    },
                    {
                        "word": "form-aldehyde-agarose gel"
                    },
                    {
                        "word": "hybrid-ization buffer"
                    },
                    {
                        "word": "membrane"
                    },
                    {
                        "word": "northern 분석"
                    },
                    {
                        "word": "oligo"
                    },
                    {
                        "word": "pot"
                    },
                    {
                        "word": "primer"
                    },
                    {
                        "word": "probe"
                    },
                    {
                        "word": "rTaq polymerse"
                    },
                    {
                        "word": "total RNA"
                    },
                    {
                        "word": "tubulin 유전자"
                    },
                    {
                        "word": "과발현"
                    },
                    {
                        "word": "균 현탁액"
                    },
                    {
                        "word": "균주"
                    },
                    {
                        "word": "마쇄"
                    },
                    {
                        "word": "막자 사발"
                    },
                    {
                        "word": "방사선 동위원소"
                    },
                    {
                        "word": "병원균"
                    },
                    {
                        "word": "병저항성"
                    },
                    {
                        "word": "양액"
                    },
                    {
                        "word": "역전사효소"
                    },
                    {
                        "word": "유전자 발현분석"
                    },
                    {
                        "word": "전기영동"
                    },
                    {
                        "word": "정제"
                    },
                    {
                        "word": "제한효소"
                    },
                    {
                        "word": "풋마름병"
                    },
                    {
                        "word": "형질 전환"
                    },
                    {
                        "word": "형질전환 식물체"
                    }
                ]
            },
            {
                "context_id": "55e-0c9-merge_la_8a2ae4d1-3a7189a9-b4ec-4c61-ab39-9845c163f27e_00",
                "context_K-NSCC": {
                    "field": "생명",
                    "large_category": "LA",
                    "medium_category": "99"
                },
                "context": "<h1>서 론</h1> <p>감자는 세계 4 대 식량작물 중의 하나로 전세계 130 여 개국에서 재배되고 있지만 끊임없이 많은 병원균과 해충의 공격에 의해서 많은 손실을 가져오고 있다. Ralstonia solanacearum \\( (R s) \\) 에 의해 야기되는 감자 풋마름병(bacterial wilt, brown rot)은 감자 재배 시 발생하는 주요 병이며 세계 감자 재배 지역에서 수확량 감소의 주요한 요인 중의 하나이다. 특히 기후변화로 열대 및 아열대 지역이 점차 확대되고 있어 그 피해가 더 심각해질 것으로 예상된다. 국내에서도 1998년 제주도에서 처음 보고된 후 감자 재배지역에서 심각한 문제가 되고 있다. 감자 풋마름병 방제를 위해서는 경종적인 방법으로 돌려짓기와 화학적인 방제로 클로로피크린과 PCNB 등의 토양소독제를 사용하고 있지만 그 효과는 미흡하다. 따라서 저항성 품종개발이 가장 효과적인 방제대책으로 생각되지만 현재까지 저항성 품종에 대해 국내 보고는 없는 실정이다. 저항성 품종 육성을 위하여 야생종으로부터 저항성 유전자를 도입하는 연구가 주로 이루어져 오고 있으나, 야생종으로부터 저항성 유전자의 직접 도입 또한 어려운 실정이다. 지난 10여 년간 QTL(quantitative trait loci)과 저항성 유전자를 분리하고 병방어 관련 유전자를 감자에 옮기기 위한 많은 노력이 있었다. 하지만 R gene인 \\( A P 1 \\) gene, chitinase 나 defensin 같은 외래 유전자를 가지는 형질전환 감자, sna-kin-1과 snakin-2 같은 감자 유래 유전자 등 극히 적은 양의 유전자가 \\( R s \\) 에 대해 저항성이 증가한다고 보고되고 있다. 몇몇의 유전자가 클로닝되고 특성이 밝혀졌지만 감자와 \\( R s \\) 의 저항성 관련 기작은 많이 알려져 있지 않다. 전세계적으로 많은 연구자들에 의해 병 저항성을 유도하는 유용 유전자를 확보하고자 하는 연구와 식물과 병원균의 상호작용을 이용하여 식물에서의 병 저항성 조절 기작에 대한 기초적인 연구도 동시에 활발하게 이루어지고 있다. 식물은 일반적으로 동물과 달리 면역세포나 기관이 따로 존재하지 않아 침입하는 병원균에 대항하여 신호를 전달하고 일련의 방어 기작을 작동하여 자신을 방어한다. 많은 연구를 통해 애기장대의 경우 salicylic acid (SA) 의존 경로, jasmonic acid (JA) 의존 경로와 ethylene 의존 경로 등과 같이 다른 여러 가지 신호전달 경로를 통해 많은 종류의 병방어 관련 유전자를 조절하여 자신을 방어하게 된다고 잘 알려져 있다. 하지만 최근 들어 '단백질의 분해'가 병방어를 포함한 세포수준에서의 조절에 있어서 중요한 역할을 수행하고 있는 하나의 새로운 분야가 되고 있다. 이 중의 하나로 생물적 - 비생물적 스트레스에 있어서 중요한 역할을 하는 것으로 알려진 ubiquitin ligase 기능을 가지는 RING finger 단백질이 알려져 있다. RING-H2 finger 단백질은 ATL 유전자 family를 이루며 애기장대에서 제일 먼저 알려졌다. 애기장대와 벼 유전체에는 각각 80개와 121 개의 member를 포함하고 있는 것으로 알려져 있다. 이 ATL family 형태의 유전자들은 식물병 방어 반응에서 E3 ubiquitin ligase로서 기능을 하는 것으로 알려져 있다. 애기장대의 경우 ATL2, ATL6와 ATL9가 병방어 반응과 관련이 있다고 보고되었고, 벼에서는 EL5와 OsBIRF1, 담배에서는 NtACRE132가 잘 알려져 있다.</p>",
                "context_length": 1753,
                "clue": [
                    {
                        "clue_text": "Ralstonia solanacearum \\( (R s) \\) 에 의해 야기되는 감자 풋마름병(bacterial wilt, brown rot)은 감자 재배 시 발생하는 주요 병이며 세계 감자 재배 지역에서 수확량 감소의 주요한 요인 중의 하나이다. 특히 기후변화로 열대 및 아열대 지역이 점차 확대되고 있어 그 피해가 더 심각해질 것으로 예상된다.",
                        "clue_start": "104",
                        "clue_end": "298"
                    },
                    {
                        "clue_text": "감자 풋마름병 방제를 위해서는 경종적인 방법으로 돌려짓기와 화학적인 방제로 클로로피크린과 PCNB 등의 토양소독제를 사용하고 있지만 그 효과는 미흡하다.",
                        "clue_start": "351",
                        "clue_end": "436"
                    }
                ],
                "terminology": [
                    {
                        "word": "PCNB"
                    },
                    {
                        "word": "QTL"
                    },
                    {
                        "word": "RING finger 단백질"
                    },
                    {
                        "word": "Ralstonia solanacearum"
                    },
                    {
                        "word": "chitinase"
                    },
                    {
                        "word": "defensin"
                    },
                    {
                        "word": "ethylene"
                    },
                    {
                        "word": "jasmonic acid"
                    },
                    {
                        "word": "ligase"
                    },
                    {
                        "word": "loci"
                    },
                    {
                        "word": "salicylic acid"
                    },
                    {
                        "word": "ubiquitin"
                    },
                    {
                        "word": "방제대책"
                    },
                    {
                        "word": "병 저항성"
                    },
                    {
                        "word": "병원균"
                    },
                    {
                        "word": "세포수준"
                    },
                    {
                        "word": "식량작물"
                    },
                    {
                        "word": "신호전달 경로"
                    },
                    {
                        "word": "애기장대"
                    },
                    {
                        "word": "야생종"
                    },
                    {
                        "word": "외래 유전자"
                    },
                    {
                        "word": "유용 유전자"
                    },
                    {
                        "word": "유전체"
                    },
                    {
                        "word": "저항성 유전자"
                    },
                    {
                        "word": "저항성 품종"
                    },
                    {
                        "word": "조절 기작"
                    },
                    {
                        "word": "클로닝"
                    },
                    {
                        "word": "품종개발"
                    },
                    {
                        "word": "풋마름병"
                    },
                    {
                        "word": "형질전환"
                    }
                ]
            },
            {
                "context_id": "55e-0c9-merge_la_8a2ae4d1-3a7189a9-b4ec-4c61-ab39-9845c163f27e_05",
                "context_K-NSCC": {
                    "field": "생명",
                    "large_category": "LA",
                    "medium_category": "99"
                },
                "context": "<h2>병원균 처리 및 병저항성 측정</h2> <p>StACRE를 과발현시킨 형질전환 감자의 풋마름병 저항성을 관찰하고자 Ralstonia solanacearum (Rs) KACC10722 균주를 사용하였다. 이 균주는CPG agar에서 \\( 28 ^ {\\circ } \\mathrm { C } , 48 \\) 시간 동안 배양한 후 \\( 10 \\mathrm { mM } \\mathrm { MgCl } 2 \\) 를 사용하여 \\( \\mathrm { OD } 600=0.5 \\) 되게 희석하였다. 희석된 균 현탁액에 뿌리를 절단한 감자의 줄기를 1시간 동안 침지한 후 Jiffy pot에 옮겨 양액을 보충해주면서 2주간 병 진 전 양상을 관찰하였다.</p> <h1>결과 및 고찰</h1> <h2>분리된 StACRE 유전자의 특성</h2> <p>분리된 StACRE (HM749652) 유전자는 261개의 아미노산을 암호화하는 \\( 786 \\mathrm { bp } \\) DNA로 이루어져 있으며 DNAMAN을 이용하여 분석한 결과 단백질의 분자량은 \\( 28.8 \\mathrm { kDa } \\)으로 추정되었으며, 추정된 아미노산을 이용하여 NCBI의 protein BLAST를 이용하여 구조를 분석한 결과 RING finger domain을 가지는 단백질의 일종으로 확인되었으며 motif 구조를 분석한 결과 RING-H2 finger domain (C-x2-C-x15-C-x-H-x2-H-x2-C-x10-C-x2-C)을 포함하고 있었다(Fig. 1A). 이것은 ATL gene family가 갖고 있는 전형적인 특징 중의 하나이다. 또한, 유추된 아미노산 서열을 이용하여 DNAMAN CLUSTAL-W programs으로 다른 식물의 유사 유전자와 유전적 유연관계를 조사한 결과 StACRE는 담배(Nicotiana taba-cumb)의 Avr9/Cf-9 rapidly elicited protein 132 (AF211532), 피마자(Ricinus communis)의 putative RING-H2 finger protein ATL1M (XP_002533814)와 유전적인 유연관계가 가까움을 알 수 있었다. 분리한 StACRE의 발현을 분석하기 위해 병 저항성 유도 신호전달 물질로 알려진 SA를 처리한 감자와 풋마름병균인 Rs를 접종한 감자에서 추출한 RNA를 이용하여 RT-PCR을 수행하였다. 그 결과 SA처리의 경우 3시간 이후부터 발현량이 현저히 증가하였으며, Rs접종 12시간 이후부터 24시간 후까지 발현량이 현저히 증가하였다. 따라서 분리한 StACRE 유전자는 감자에서 병 저항성 신호전달에 관여하여 풋마름병 저항성을 증가시킬 것이라 추정되었다.</p> <h2>Southern blot</h2> <p>StACRE 완전장 cDNA를 probe로 하여 감자의 gDNA를 제한효소 BamH I, Eco R I, Hind III로 절단하여 수행한 DNA gel blot 분석에서 StACRE 유전자는 감자 genome 상에서 1개 내지 2개 정도의 copy수를 가지는 것으로 나타났다.</p> <h2>StACRE 과발현 형질전환체 제작</h2> <p>StACRE의 생물학적 기능 분석을 위해 CaMV35S promoter 조절하의 과발현 형질전환체를 제작한 결과 21개의 독립된</p>",
                "context_length": 1618,
                "clue": [
                    {
                        "clue_text": "tACRE를 과발현시킨 형질전환 감자의 풋마름병 저항성을 관찰하고자 Ralstonia solanacearum (Rs) KACC10722 균주를 사용하였다.",
                        "clue_start": "30",
                        "clue_end": "116"
                    },
                    {
                        "clue_text": "분리된 StACRE (HM749652) 유전자는 261개의 아미노산을 암호화하는 \\( 786 \\mathrm { bp } \\) DNA로 이루어져 있으며 DNAMAN을 이용하여 분석한 결과 단백질의 분자량은 \\( 28.8 \\mathrm { kDa } \\)으로 추정되었으며, 추정된 아미노산을 이용하여 NCBI의 protein BLAST를 이용하여 구조를 분석한 결과 RING finger domain을 가지는 단백질의 일종으로 확인되었으며 motif 구조를 분석한 결과 RING-H2 finger domain (C-x2-C-x15-C-x-H-x2-H-x2-C-x10-C-x2-C)을 포함하고 있었다(Fig. 1A).",
                        "clue_start": "411",
                        "clue_end": "753"
                    },
                    {
                        "clue_text": "따라서 분리한 StACRE 유전자는 감자에서 병 저항성 신호전달에 관여하여 풋마름병 저항성을 증가시킬 것이라 추정되었다.",
                        "clue_start": "1253",
                        "clue_end": "1320"
                    },
                    {
                        "clue_text": "StACRE 완전장 cDNA를 probe로 하여 감자의 gDNA를 제한효소 BamH I, Eco R I, Hind III로 절단하여 수행한 DNA gel blot 분석에서 StACRE 유전자는 감자 genome 상에서 1개 내지 2개 정도의 copy수를 가지는 것으로 나타났다.",
                        "clue_start": "1351",
                        "clue_end": "1506"
                    }
                ],
                "terminology": [
                    {
                        "word": "ATL gene family"
                    },
                    {
                        "word": "BLAST"
                    },
                    {
                        "word": "BamH"
                    },
                    {
                        "word": "DNAMAN"
                    },
                    {
                        "word": "Hind III"
                    },
                    {
                        "word": "NCBI"
                    },
                    {
                        "word": "OD"
                    },
                    {
                        "word": "RING finger domain"
                    },
                    {
                        "word": "RNA"
                    },
                    {
                        "word": "RT-PCR"
                    },
                    {
                        "word": "Ralstonia solanacearum"
                    },
                    {
                        "word": "Rs"
                    },
                    {
                        "word": "SA"
                    },
                    {
                        "word": "Southern blot"
                    },
                    {
                        "word": "StACRE 유전자"
                    },
                    {
                        "word": "agar"
                    },
                    {
                        "word": "bp"
                    },
                    {
                        "word": "copy수"
                    },
                    {
                        "word": "gDNA"
                    },
                    {
                        "word": "gel"
                    },
                    {
                        "word": "genome"
                    },
                    {
                        "word": "kDa"
                    },
                    {
                        "word": "motif"
                    },
                    {
                        "word": "pot"
                    },
                    {
                        "word": "probe"
                    },
                    {
                        "word": "promoter"
                    },
                    {
                        "word": "protein"
                    },
                    {
                        "word": "과발현 형질전환체"
                    },
                    {
                        "word": "균 현탁액"
                    },
                    {
                        "word": "균주"
                    },
                    {
                        "word": "기능 분석"
                    },
                    {
                        "word": "단백질"
                    },
                    {
                        "word": "발현량"
                    },
                    {
                        "word": "배양"
                    },
                    {
                        "word": "병원균"
                    },
                    {
                        "word": "병저항성"
                    },
                    {
                        "word": "분자량"
                    },
                    {
                        "word": "생물학적 기능"
                    },
                    {
                        "word": "신호전달 물질"
                    },
                    {
                        "word": "아미노산 서열"
                    },
                    {
                        "word": "양액"
                    },
                    {
                        "word": "완전장 cDNA"
                    },
                    {
                        "word": "유전적 유연관계"
                    },
                    {
                        "word": "접종"
                    },
                    {
                        "word": "제한효소"
                    },
                    {
                        "word": "침지"
                    },
                    {
                        "word": "풋마름병"
                    },
                    {
                        "word": "희석"
                    }
                ]
            },
            {
                "context_id": "55e-0c9-merge_la_8a2ae4d1-3a7189a9-b4ec-4c61-ab39-9845c163f27e_06",
                "context_K-NSCC": {
                    "field": "생명",
                    "large_category": "LA",
                    "medium_category": "99"
                },
                "context": "<h2>StACRE 과발현 형질전환 감자의 병 저항성 검정</h2> <p>StACRE 과발현 형질전환체 발현 분석 결과 중간 정도의 발현을 보인 형질전환체 #15와 가장 강한 발현을 보인 형질전환체 #16을 증식하여 배양하였다. 배양된 형질전환체의 뿌리 부분을 절단한 줄기에 풋마름병균인 Rs 균주를 1시간 동안 감염시킨 후 Jippy pot에 옮겨 배양실에 두고 14일 동안 병의 진전 여부를 관찰 하였다. 그 결과 대조구로 사용된 야생형 수미는 전체적으로 병징을 보여 식물체가 고사한 반면 선발한 2계통의 StACRE 과발현 형질전환체는 병 저항성 감자인 CT206-10과 같이 별다른 풋마름병의 증상을 보이지 않고 건전한 상태를 유지하고 있음을 관찰할 수 있었다. 이 결과는 앞에서의 StACRE 발현분석 결과에서 얻은 병저항성 유도 물질인 SA와 풋마름병균인 Rs처리에 의해 StACRE의 발현이 현저하게 유도된 것과 잘 일치한다.</p> <p>RING finger 단백질 중의 하나인 ATL family는 애기장대에서 제일 먼저 알려 졌고, 후에 다른 식물에도 광범위하게 존재하는 것으로 알려져 있으며 애기장대에 80여 개가 존재하고 벼에는 121개가 존재하고 있는 것으로 알려져 있다. 애기장대의 ATL가 병방어 관련 유전자와 SA-반응 유전자를 활성화 시켜 병원균의 침입 시 병 방어 반응에 관여한다는 결과, 담배의 Avr9/Cf-9 rapidly elicited 132(NtACRE132) 유전자가 신호전달을 조절하여 병 저항성에 관여 한다는 보고, 벼의 EL5와 OSBIRF1 유전자가 생물학적 스트레스에 대해 병 방어 반응에 중요한 역할을 한다는 보고, 그리고 애기장대의 ATL6와 ortholog인 토마토의 LeATL6 유전자를 과발현 시켰을 때 JA-의존 신호전달 경로를 통해 병 방어에 기인하는 ubiquitin/proteasome 체계와 관련된다는 보고 등에서 알 수 있듯이 StACRE 의 과발현이 풋마름병균의 증식을 억제하였거나 SA- 또는 JA-의존 병 저항성 신호전달 경로에 양성 조절자로 작용할 뿐만 아니라 ubiqitination과 관련되어 풋마름병에 대한 저항성이 증가하였을 것으로 추정된다. 따라서 풋마름병 저항성과 관련하여 감자에서 SA- 또는 JA-의존 병저항성 신호전달에 대한 기작을 이해하는 좋은 자료가 될 것이라 생각한다. 앞으로, StACRE 유전자가 어떤 병 방어 유전자를 활성화시키며 나아가 감자의 풋마름병 저항성 조절은 어떻게 이루어지는 지를 ubiquitination 관련 연구와 병행하여 수행하여 StACRE 유전자의 정확한 기능과 병저항성 기작을 밝혀보고자 한다.</p> <h1>초록 : 감자유전자 StACRE의 분리 및 풋마름병 저항성 기능 검정</h1> <p>Ralstonia solanacearum (R s)에 의해 유발되는 풋마름병은 감자 재배 시 발병하는 주요 병 중의 하나이다. 감자에서 풋마름병 저항성관련 유전자를 찾기 위해 기존에 기능이 알려진 다른 가지과 작물의 기능 유사 유전체를 이용하여 StACRE (HM749652) 유전자를 분리하고 염기서열을 분석하였다. 분리한 StACRE의 발현양상을 분석하기 위해 병 저항성 유도 신호전달 물질인 SA와 폿마름병원균 Rs (KACC10722)를 처리한 감자에서 RNA를 추출하여 RT-PCR을 실시한 결과 이 유전자는 SA 처리에 의해 3 시간 후부터, Rs에 의해서는 12시간 후부터 발현이 현저하게 증가하였다. 따라서, 감자에서 이 유전자의 생물학적인 기능을 분석하기 위해 Gateway System을 이용하여 과발현용 vector를 만든 후 과발현 형질전환 감자를 제작하고 풋마름병균인 Rs를 접종하여 병 저항성 기능을 검정한 결과 대조구인 수미 감자에 비해 병 저항성이 증대하였다.</p>",
                "context_length": 1858,
                "clue": [
                    {
                        "clue_text": "StACRE 과발현 형질전환체 발현 분석 결과 중간 정도의 발현을 보인 형질전환체 #15와 가장 강한 발현을 보인 형질전환체 #16을 증식하여 배양하였다.",
                        "clue_start": "41",
                        "clue_end": "127"
                    },
                    {
                        "clue_text": "이 결과는 앞에서의 StACRE 발현분석 결과에서 얻은 병저항성 유도 물질인 SA와 풋마름병균인 Rs처리에 의해 StACRE의 발현이 현저하게 유도된 것과 잘 일치한다.",
                        "clue_start": "375",
                        "clue_end": "469"
                    },
                    {
                        "clue_text": "애기장대의 ATL가 병방어 관련 유전자와 SA-반응 유전자를 활성화 시켜 병원균의 침입 시 병 방어 반응에 관여한다는 결과, 담배의 Avr9/Cf-9 rapidly elicited 132(NtACRE132) 유전자가 신호전달을 조절하여 병 저항성에 관여 한다는 보고, 벼의 EL5와 OSBIRF1 유전자가 생물학적 스트레스에 대해 병 방어 반응에 중요한 역할을 한다는 보고, 그리고 애기장대의 ATL6와 ortholog인 토마토의 LeATL6 유전자를 과발현 시켰을 때 JA-의존 신호전달 경로를 통해 병 방어에 기인하는 ubiquitin/proteasome 체계와 관련된다는 보고 등에서 알 수 있듯이 StACRE 의 과발현이 풋마름병균의 증식을 억제하였거나 SA- 또는 JA-의존 병 저항성 신호전달 경로에 양성 조절자로 작용할 뿐만 아니라 ubiqitination과 관련되어 풋마름병에 대한 저항성이 증가하였을 것으로 추정된다.",
                        "clue_start": "614",
                        "clue_end": "1080"
                    },
                    {
                        "clue_text": "RING finger 단백질 중의 하나인 ATL family는 애기장대에서 제일 먼저 알려 졌고, 후에 다른 식물에도 광범위하게 존재하는 것으로 알려져 있으며 애기장대에 80여 개가 존재하고 벼에는 121개가 존재하고 있는 것으로 알려져 있다.",
                        "clue_start": "477",
                        "clue_end": "613"
                    },
                    {
                        "clue_text": "Ralstonia solanacearum (R s)에 의해 유발되는 풋마름병은 감자 재배 시 발병하는 주요 병 중의 하나이다.",
                        "clue_start": "1357",
                        "clue_end": "1427"
                    }
                ],
                "terminology": [
                    {
                        "word": "Gateway System"
                    },
                    {
                        "word": "RING finger 단백질"
                    },
                    {
                        "word": "RNA"
                    },
                    {
                        "word": "RT-PCR"
                    },
                    {
                        "word": "Ralstonia solanacearum"
                    },
                    {
                        "word": "Rs"
                    },
                    {
                        "word": "SA 처리"
                    },
                    {
                        "word": "StACRE 유전자"
                    },
                    {
                        "word": "pot"
                    },
                    {
                        "word": "ubiquitination"
                    },
                    {
                        "word": "vector"
                    },
                    {
                        "word": "검정"
                    },
                    {
                        "word": "과발현 형질전환체"
                    },
                    {
                        "word": "균주"
                    },
                    {
                        "word": "기작"
                    },
                    {
                        "word": "대조구"
                    },
                    {
                        "word": "발현분석"
                    },
                    {
                        "word": "방어 유전자"
                    },
                    {
                        "word": "배양"
                    },
                    {
                        "word": "병원균"
                    },
                    {
                        "word": "병저항성"
                    },
                    {
                        "word": "병징"
                    },
                    {
                        "word": "수미"
                    },
                    {
                        "word": "식물체"
                    },
                    {
                        "word": "신호전달 경로"
                    },
                    {
                        "word": "애기장대"
                    },
                    {
                        "word": "야생형"
                    },
                    {
                        "word": "양성"
                    },
                    {
                        "word": "염기서열"
                    },
                    {
                        "word": "유전체"
                    },
                    {
                        "word": "접종"
                    },
                    {
                        "word": "조절자"
                    },
                    {
                        "word": "증식"
                    },
                    {
                        "word": "풋마름병"
                    },
                    {
                        "word": "풋마름병균"
                    },
                    {
                        "word": "활성화"
                    }
                ]
            },
            {
                "context_id": "55e-0c9-merge_la_8a2ae4d1-3a7189a9-b4ec-4c61-ab39-9845c163f27e_04",
                "context_K-NSCC": {
                    "field": "생명",
                    "large_category": "LA",
                    "medium_category": "99"
                },
                "context": "<h2>식물형질전환용 Vector 제작 및 감자 형질전환</h2> <p>감자 형질전환용 과발현 vector를 제작하기 위하여 Gateway system (Invitrogen, CA)을 이용하였으며, Table 1의 StACRE-attB1과 StACRE-attB2 primer를 이용하여 1차 PCR을 수행한 후 Table 1의 attB1 and attB2 adaptor primer를 이용하여 2차 PCR을 수행하였다. 증폭된 PCR 산물을 BP Clonase II(Invitrogen, CA)를 이용하여 pDONR201 vector에 클로닝하고 LR Clonase II (Invitrigen, CA)를 이용하여 35S 프로모터와 bar 표지를 포함하고 있는 pB7WG2D 벡터에 삽입하여 pB7WG2D/StACRE 벡터를 제작하였다. 제작된 pB7WG2D/StACRE 벡터를 Agrobacterium tumefaciens LBA4404 에 도입한 다음 감자(품종: 수미)에 형질전환 하였다. MS 배지에서 4주간 배양한 수미감자의 분열조직을 제외한 줄기를 \\( 5 \\mathrm { ~cm } \\) 씩 절단하여 PreM 배지에서 1 일간 전 배양한 후 \\( 50 \\mathrm { ppm } \\) 의 Spectinomycin (Duchefa, Haarlem)이 함유된 YEP broth에서 pB7WG2D/StACRE 를 함유한 Agrobacterium tumefaciens LBA4404를 OD \\( 600=2.0 \\) 되게 배양하여 30분간 감염 시킨 후 물기를 제거하고 PreM 배지에서 4 일간 배양 후 cefotaxim(Duchefa, Haarlem)이 함유된 증류수로 줄기에 자란 균을 제거하고 callus 유도배지에서 3주간 배양하여 callus를 유도하고 유도된 callus를 잘라내어 새로운 phosphinothricin(Duchefa, Haarlem)이 함유된 callus 유도 배지에 옮겨 2주간 배양한 후 phosphinothricin이 함유된 줄기 유도배지로 옮겨 10주간 배양하여 줄기를 유도하였다. 유도된 줄기를 phosphi-nothricin이 함유된 뿌리유도 배지에 옮겨 4 주간 배양하여 뿌리를 유도하면서 형질전환체를 선별하였다.</p> <h2>RT-PCR 검정</h2> <p>StACRE를 과발현시킨 형질 전환 식물체의 과발현 여부를 검정하기위해 형질전환 식물체로부터 앞서 기술한 방법으로 total RNA를 분리하여 cDNA 합성에 이용하였다. 우선, total RNA에 DNase I (deoxyribonuclease I, Sigma, Saint Louis)을 상온에서 15 분간 처리한 후, \\( 70 ^ {\\circ } \\mathrm { C } \\) 에서 10 분간 불활성화시켰다. \\( 1 \\mu \\mathrm { l } \\) 의 역전사효소 SuperScript III (200 units/ \\( \\mu \\mathrm { l } \\), Invitrogen, CA), \\( 3 \\mu \\mathrm { g } \\) 의 total RNA와 oligo (dT) 20 primer를 함께 넣어 최종 \\( 20 \\mu \\)의 반응 혼합물에서 First-strand cDNA를 합성한 후 RT-PCR을 수행하였다. 합성한 \\( 1 \\mu 1 \\) 의 First-strand cDNA와 rTaq polymerse ( 5 units/ \\( \\mu \\) l, Takara)를 사용하였으며, \\( 95 ^ {\\circ } \\mathrm { C } \\) 에서 2 분 동안 예열 후, \\( 95 ^ {\\circ } \\mathrm { C } \\) 에서 30 초, \\( 55 ^ {\\circ } \\mathrm { C } \\) 에서 30초, \\( 72 ^ {\\circ } \\mathrm { C } \\) 에서 1분 동안 25 cycles을 수행하였고, 마지막 \\( 72 ^ {\\circ } \\mathrm { C } \\) 에서 10분간 증폭을 수행하였다. PCR산물은 \\( 1 \\% \\) agarose gel에서 전기영동 후 관찰 하였다. Internal control로는 감자의 tubulin 유전자를 사용하였다.</p>",
                "context_length": 2035,
                "clue": [
                    {
                        "clue_text": "감자 형질전환용 과발현 vector를 제작하기 위하여 Gateway system (Invitrogen, CA)을 이용하였으며, Table 1의 StACRE-attB1과 StACRE-attB2 primer를 이용하여 1차 PCR을 수행한 후 Table 1의 attB1 and attB2 adaptor primer를 이용하여 2차 PCR을 수행하였다.",
                        "clue_start": "40",
                        "clue_end": "234"
                    },
                    {
                        "clue_text": "제작된 pB7WG2D/StACRE 벡터를 Agrobacterium tumefaciens LBA4404 에 도입한 다음 감자(품종: 수미)에 형질전환 하였다.",
                        "clue_start": "412",
                        "clue_end": "499"
                    },
                    {
                        "clue_text": "StACRE를 과발현시킨 형질 전환 식물체의 과발현 여부를 검정하기위해 형질전환 식물체로부터 앞서 기술한 방법으로 total RNA를 분리하여 cDNA 합성에 이용하였다.",
                        "clue_start": "1125",
                        "clue_end": "1220"
                    },
                    {
                        "clue_text": "\\( 1 \\mu \\mathrm { l } \\) 의 역전사효소 SuperScript III (200 units/ \\( \\mu \\mathrm { l } \\), Invitrogen, CA), \\( 3 \\mu \\mathrm { g } \\) 의 total RNA와 oligo (dT) 20 primer를 함께 넣어 최종 \\( 20 \\mu \\)의 반응 혼합물에서 First-strand cDNA를 합성한 후 RT-PCR을 수행하였다.",
                        "clue_start": "1357",
                        "clue_end": "1593"
                    },
                    {
                        "clue_text": "PCR산물은 \\( 1 \\% \\) agarose gel에서 전기영동 후 관찰 하였다.",
                        "clue_start": "1942",
                        "clue_end": "1988"
                    }
                ],
                "terminology": [
                    {
                        "word": "Agrobacterium tumefaciens"
                    },
                    {
                        "word": "BP Clonase II"
                    },
                    {
                        "word": "DNase I"
                    },
                    {
                        "word": "First-strand"
                    },
                    {
                        "word": "Gateway system"
                    },
                    {
                        "word": "Internal control"
                    },
                    {
                        "word": "LR Clonase II"
                    },
                    {
                        "word": "MS 배지"
                    },
                    {
                        "word": "OD"
                    },
                    {
                        "word": "PCR"
                    },
                    {
                        "word": "PCR산물"
                    },
                    {
                        "word": "PreM 배지"
                    },
                    {
                        "word": "RT-PCR"
                    },
                    {
                        "word": "Spectinomycin"
                    },
                    {
                        "word": "StACRE"
                    },
                    {
                        "word": "SuperScript III"
                    },
                    {
                        "word": "Takara"
                    },
                    {
                        "word": "YEP broth"
                    },
                    {
                        "word": "agarose gel"
                    },
                    {
                        "word": "bar 표지"
                    },
                    {
                        "word": "cDNA 합성"
                    },
                    {
                        "word": "callus 유도배지"
                    },
                    {
                        "word": "cefotaxim"
                    },
                    {
                        "word": "oligo"
                    },
                    {
                        "word": "pDONR201 vector"
                    },
                    {
                        "word": "phosphinothricin"
                    },
                    {
                        "word": "primer"
                    },
                    {
                        "word": "rTaq polymerse"
                    },
                    {
                        "word": "total RNA"
                    },
                    {
                        "word": "tubulin 유전자"
                    },
                    {
                        "word": "검정"
                    },
                    {
                        "word": "벡터"
                    },
                    {
                        "word": "분열조직"
                    },
                    {
                        "word": "수미"
                    },
                    {
                        "word": "수미감자"
                    },
                    {
                        "word": "식물형질전환용"
                    },
                    {
                        "word": "역전사효소"
                    },
                    {
                        "word": "전 배양"
                    },
                    {
                        "word": "전기영동"
                    },
                    {
                        "word": "증류수"
                    },
                    {
                        "word": "증폭된 PCR 산물"
                    },
                    {
                        "word": "클로닝"
                    },
                    {
                        "word": "형질전환 식물체"
                    },
                    {
                        "word": "형질전환용 과발현 vector"
                    },
                    {
                        "word": "형질전환체"
                    }
                ]
            },
            {
                "context_id": "55e-0c9-merge_la_8a2ae4d1-3a7189a9-b4ec-4c61-ab39-9845c163f27e_01",
                "context_K-NSCC": {
                    "field": "생명",
                    "large_category": "LA",
                    "medium_category": "99"
                },
                "context": "<p>본 연구에서는 감자에서 RING finger protein을 암호화하는 \\( S t A C R E \\) 유전자를 분리하고 풋마름병 저항성관련 기능 검정한 결과를 보고 하고자 한다. 감자 StACRE는 전신획득저항성을 유도하는 물질로 알려진 SA 처리에 의해 발현이 유도되었을 뿐만 아니라 풋마름병균인 \\( R_ { s } \\) 에 의해서도 발현이 증가하였다. 따라서 StACRE 유전자의 생물학적 기능을 검정하기 위해 이 유전자를 과발현 시킨 형질전환 감자를 제작하였으며 형질전환체의 풋마름병 저항성 효과 여부를 조사하였다. 그 결과 이 유전자가 과발현된 감자 형질전환체가 야생형에 비해 풋마름병에 대해 저항성을 보였다.</p> <h1>재료 및 방법</h1> <h2>식물 재료 및 생육 조건</h2> <p>형질전환 및 대조구로 실험에 사용된 감자 품종은 수미(Solanum tubersoum L. cv. Superior)와 풋마름병 저항성으로 알려진 CT206-10으로 16 시간 광/8시간 암 주기로, \\( 23 ^ {\\circ } \\mathrm { C } \\) 의 조건에서 배양기에서 4 주간 배양하였다. 대조구 감자와 형질전환체는 MS 배지에 계대 배양하여 배양기에서 2주간 배양 후 양액 또는 배양토로 옮겨 심어 약 2 3주간 더 키운 후 생물학적 검정 또는 분자생물학적 분석에 이용하였다. 감자 형질전환용 균주는 Agrobacterium tumefaciens (LBA4404)를 사용하였으며, 유전자 조작을 위한 균주는 Escherichia coli (DH5a 계통, RBC Science, Taiwan)를 사용하였다.</p> <h2>유전자 분리 및 발현분석</h2> <p>MS배지에서 2주간 계대 배양한 감자를 양액에서 2주간 더 배양하여 실험에 이용하였다. \\( 2 \\mathrm { mM } \\) salicylic acid (SA, Sigma,</p> <p>Saint Louis)를 spray하여 \\( 1,3,6,12,24,48 \\) 시간 후 시료를 채취하여 \\( -80 ^ {\\circ } \\mathrm { C } \\) 에 보관하면서 RNA를 RNeasy Plant Mini Kit(Qiagen, Hiden)를 이용해 분리하였다. 병원균인 Ralstonia sol-anacearum (Rs, KACC10722)은 CPG 한천 배지에 \\( 2 \\sim 3 \\) 일간 배양한 후 \\( 10 \\mathrm { mM } \\mathrm { MgCl } _ { 2 } \\) 에 \\( \\mathrm { OD } 600 \\) 에서 \\( 0.5 \\) 가 되게 희석 한 후에 뿌리를 \\( 5 \\mathrm { ~cm } \\) 씩 절단 한 후 침지하여 1,3,6,12,24,48 시간 후 시료를 채취하여 \\( -80 ^ {\\circ } \\mathrm { C } \\) 에 보관하면서 RNA를 분리하였다. 사용한 primer 서열은 Table 1에 나타내었다. RT-PCR 조건은 \\( 5 \\mu \\mathrm { g } \\) 의 total RNA, \\( 100 \\mathrm { pmol } \\) 의 oligodT (Bioneer, Daejeon), \\( \\mathrm { ddH } _ { 2 } \\mathrm { O } \\) 로 전체 반응액이 \\( 20 \\mu 1 \\) 되게 혼합하여 \\( 65 ^ {\\circ } \\mathrm { C } \\) 에서 5분간 가열 후 얼음 위에서 식히고 \\( 4 \\mu l \\) 의 \\( 5 x \\) first strand buffer(Invitrogen, CA), \\( 4 \\mu l \\)의 \\( 0.1 \\mathrm { M } \\) DTT (Invitrogen, CA), \\( 4 \\mu l \\)의 \\( \\mathrm { dNTP } (2.5 \\mathrm { mM } / \\mu \\mathrm { l } \\), Invitrogen, CA), \\( 1 \\mu l \\)의 RNaseOUT re-combinant RNase Inhibitor (40 units/ \\( \\mu \\) l, Invitrogen, CA)와 \\( 1 \\mu l \\) SuperScriptIII (200 units/ ㅆl, Invitrogen, CA)를 섞고 \\( 50 ^ {\\circ } \\mathrm { C } \\) 에서 1 시간 반응시킨 후 \\( 70 ^ {\\circ } \\mathrm { C } \\) 에서 10 분간 효소를 불활성화 시키고 여기에 RNaseH (2 units/ ll, Invitrogen, CA)를 1 \\( \\mu 1 \\) 첨가하고 \\( 37 ^ {\\circ } \\mathrm { C } \\) 에서 20 분간 반응 후 다시 \\( 70 ^ {\\circ } \\mathrm { C } \\) 에서 10 분간 불활성화 시킴으로써 First strand 합성을 하였다. 목표 유전자 의 발현은 \\( 1 \\mu 1 \\) 의 First strand 반응액, Table 1에 나타낸 20 pmol의 StTUB-forward primer와 StTUB-reverse primer, 20 pmol의 StACRE-forward primer와 StACRE-reverse primer를 각각의 tube에 넣고 여기에 \\( 0.5 \\) l의 rTaq polymerse (5 units/ \\( \\mu 1 \\), Takara, Shiga), 2 ㅆl 의10x PCR buffer (Takara, Shiga), \\( \\mathrm { ddH } _ { 2 } \\mathrm { O } \\) 로 최종 \\( 20 \\mu 1 \\) 되게 혼합하여 \\( 95 ^ {\\circ } \\mathrm { C } \\) 에서 2분 예열, \\( 94 ^ {\\circ } \\mathrm { C } \\) 에서 30 초, \\( 50 ^ {\\circ } \\mathrm { C } \\) 에서 30 초, \\( 72 ^ {\\circ } \\mathrm { C } \\) 에서 1분 동안 25 cycle을, \\( 70 ^ {\\circ } \\mathrm { C } \\) 에서 10 분간 최종 연장반응 수행 후 \\( 1 \\% \\) agarose gel에 전기영동하여 확인하였다.</p>",
                "context_length": 2989,
                "clue": [
                    {
                        "clue_text": "본 연구에서는 감자에서 RING finger protein을 암호화하는 \\( S t A C R E \\) 유전자를 분리하고 풋마름병 저항성관련 기능 검정한 결과를 보고 하고자 한다.",
                        "clue_start": "3",
                        "clue_end": "103"
                    },
                    {
                        "clue_text": "감자 StACRE는 전신획득저항성을 유도하는 물질로 알려진 SA 처리에 의해 발현이 유도되었을 뿐만 아니라 풋마름병균인 \\( R_ { s } \\) 에 의해서도 발현이 증가하였다.",
                        "clue_start": "104",
                        "clue_end": "203"
                    },
                    {
                        "clue_text": "따라서 StACRE 유전자의 생물학적 기능을 검정하기 위해 이 유전자를 과발현 시킨 형질전환 감자를 제작하였으며 형질전환체의 풋마름병 저항성 효과 여부를 조사하였다.",
                        "clue_start": "204",
                        "clue_end": "296"
                    },
                    {
                        "clue_text": "그 결과 이 유전자가 과발현된 감자 형질전환체가 야생형에 비해 풋마름병에 대해 저항성을 보였다.",
                        "clue_start": "297",
                        "clue_end": "350"
                    }
                ],
                "terminology": [
                    {
                        "word": "Agrobacterium"
                    },
                    {
                        "word": "Agrobacterium tumefaciens"
                    },
                    {
                        "word": "CA"
                    },
                    {
                        "word": "CPG"
                    },
                    {
                        "word": "CT206-10"
                    },
                    {
                        "word": "DH5a 계통"
                    },
                    {
                        "word": "DTT"
                    },
                    {
                        "word": "Escherichia"
                    },
                    {
                        "word": "Escherichia coli"
                    },
                    {
                        "word": "First strand 반응액"
                    },
                    {
                        "word": "First strand 합성"
                    },
                    {
                        "word": "Inhibitor"
                    },
                    {
                        "word": "Invitrogen"
                    },
                    {
                        "word": "LBA4404"
                    },
                    {
                        "word": "MS"
                    },
                    {
                        "word": "MS배지"
                    },
                    {
                        "word": "PCR"
                    },
                    {
                        "word": "PCR buffer"
                    },
                    {
                        "word": "RING finger protein"
                    },
                    {
                        "word": "RNase Inhibitor"
                    },
                    {
                        "word": "RNaseH"
                    },
                    {
                        "word": "RNeasy Plant Mini Kit"
                    },
                    {
                        "word": "RT-PCR"
                    },
                    {
                        "word": "SA 처리"
                    },
                    {
                        "word": "StACRE"
                    },
                    {
                        "word": "StACRE 유전자"
                    },
                    {
                        "word": "StTUB-forward primer"
                    },
                    {
                        "word": "StTUB-reverse primer"
                    },
                    {
                        "word": "SuperScriptIII"
                    },
                    {
                        "word": "Takara"
                    },
                    {
                        "word": "acid"
                    },
                    {
                        "word": "agarose"
                    },
                    {
                        "word": "agarose gel"
                    },
                    {
                        "word": "buffer"
                    },
                    {
                        "word": "dNTP"
                    },
                    {
                        "word": "first strand buffer"
                    },
                    {
                        "word": "gel"
                    },
                    {
                        "word": "oligodT"
                    },
                    {
                        "word": "primer"
                    },
                    {
                        "word": "rTaq polymerse"
                    },
                    {
                        "word": "salicylic acid"
                    },
                    {
                        "word": "spray"
                    },
                    {
                        "word": "total RNA"
                    },
                    {
                        "word": "검정"
                    },
                    {
                        "word": "계대"
                    },
                    {
                        "word": "계대 배양"
                    },
                    {
                        "word": "과발현"
                    },
                    {
                        "word": "균주"
                    },
                    {
                        "word": "대조구"
                    },
                    {
                        "word": "발현분석"
                    },
                    {
                        "word": "배양"
                    },
                    {
                        "word": "배양기"
                    },
                    {
                        "word": "배지"
                    },
                    {
                        "word": "분자생물학적 분석"
                    },
                    {
                        "word": "불활성화"
                    },
                    {
                        "word": "생물학적 기능"
                    },
                    {
                        "word": "생육 조건"
                    },
                    {
                        "word": "수미"
                    },
                    {
                        "word": "시료"
                    },
                    {
                        "word": "야생형"
                    },
                    {
                        "word": "양액"
                    },
                    {
                        "word": "유전자"
                    },
                    {
                        "word": "유전자 조작"
                    },
                    {
                        "word": "전기영동"
                    },
                    {
                        "word": "전신획득저항성"
                    },
                    {
                        "word": "침지"
                    },
                    {
                        "word": "풋마름병"
                    },
                    {
                        "word": "한천"
                    },
                    {
                        "word": "한천 배지"
                    },
                    {
                        "word": "형질전환"
                    },
                    {
                        "word": "형질전환체"
                    },
                    {
                        "word": "효소"
                    }
                ]
            },
            {
                "context_id": "55e-0c9-merge_la_8a2ae4d1-3a7189a9-b4ec-4c61-ab39-9845c163f27e_02",
                "context_K-NSCC": {
                    "field": "생명",
                    "large_category": "LA",
                    "medium_category": "99"
                },
                "context": "<h2>Southern blot 및 northern 분석</h2> <p>배양된 감자의 전체 조직을 액체질소와 막자 사발을 이용하여 잘 마쇄한 후 Plant Genomic DNA prep kit (Solgent, Daejeon)를 이용하여 분리한 genomic DNA \\( 10 \\mu \\mathrm { g } \\) 을 BanH1, EcdR1, HindIII (Enzynomics, Daejeon) 등의 제한효소로 \\( 37 ^ {\\circ } \\mathrm { C } \\) 에서 12 시간 반응 시킨 후 정제하여 \\( 1 \\% \\) agarose gel에 전기영동하여 분석하였다. 유전자 발현분석을 위해 야생형과 형질전환된 감자에서 Northern blot을 수행하였으며 RNeasy Plant Mini kit (Qiagen, Hiden)를 이용하여 total RNA를 분리하였다. 분리된 \\( 10 \\mu \\mathrm { g } \\) 의 total RNA는 \\( 1.0 \\%( \\mathrm { w } / \\mathrm { v } ) \\) form-aldehyde-agarose gel에서 전기영동을 수행한 후, gel 위에 HyBond N + membrane (Amersham Biosciences, Bucks)을 놓고 membrane에 RNA를 전이시켰다. UV cross-linker를 이용하여 RNA를 고정 시킨 후, StACRE 유전자에 a- \\( \\left [ { } ^ { 32 } \\mathrm { P } \\right ] \\mathrm { dCTP } \\) 의 방사선 동위원소로 표지 한 probe를 \\( 0.5 \\mathrm { mM } \\mathrm { Na } _ { 2 } \\mathrm { HPO } _ { 4 } ( \\mathrm { pH } \\) 7.2), \\( 1 \\mathrm { mM } \\) EDTA, 1 \\% BSA, 7 \\% SDS를 포함하는 hybrid-ization buffer에서 \\( 65 ^ {\\circ } \\mathrm { C } \\) 에서 18 시간 동안 혼성화시킨 후, \\( 0.1 \\% \\) SDS가 함유된 \\( 2 x \\) SSC washing buffer로 \\( 65 ^ {\\circ } \\mathrm { C } \\) 에서 15분간 1번 세척하고, \\( 0.1 \\% \\) SDS가 함유된 \\( 1 x \\) SSC washing buffer로 \\( 65 ^ {\\circ } \\mathrm { C } \\) 에서 10분간 1 번 더 세척하였다. 세척한 membrane은 BAS cassette (Fuii, Kanagawa)에서 스크린에 전이시킨 후 스캔하여 확인하였다.</p> <h2>식물형질전환용 Vector 제작 및 감자 형질전환</h2> <p>감자 형질전환용 과발현 vector를 제작하기 위하여 Gateway system (Invitrogen, CA)을 이용하였으며, Table 1의 StACRE-attB1과 StACRE-attB2 primer를 이용하여 1차 PCR을 수행한 후 Table 1의 attB1 and attB2 adaptor primer를 이용하여 2차 PCR을 수행하였다. 증폭된 PCR 산물을 BP Clonase II(Invitrogen, CA)를 이용하여 pDONR201 vector에 클로닝하고 LR Clonase II (Invitrigen, CA)를 이용하여 35S 프로모터와 bar 표지를 포함하고 있는 pB7WG2D 벡터에 삽입하여 pB7WG2D/StACRE 벡터를 제작하였다. 제작된 pB7WG2D/StACRE 벡터를 Agrobacterium tumefaciens LBA4404 에 도입한 다음 감자(품종: 수미)에 형질전환 하였다. MS 배지에서 4주간 배양한 수미감자의 분열조직을 제외한 줄기를 \\( 5 \\mathrm { ~cm } \\) 씩 절단하여 PreM 배지에서 1 일간 전 배양한 후 \\( 50 \\mathrm { ppm } \\) 의 Spectinomycin (Duchefa, Haarlem)이 함유된 YEP broth에서 pB7WG2D/StACRE 를 함유한 Agrobacterium tumefaciens LBA4404를 OD \\( 600 = 2.0 \\) 되게 배양하여 30분간 감염 시킨 후 물기를 제거하고 PreM 배지에서 4 일간 배양 후 cefotaxim(Duchefa, Haarlem)이 함유된 증류수로 줄기에 자란 균을 제거하고 callus 유도배지에서 3주간 배양하여 callus를 유도하고 유도된 callus를 잘라내어 새로운 phosphinothricin(Duchefa, Haarlem)이 함유된 callus 유도 배지에 옮겨 2주간 배양한 후 phosphinothricin이 함유된 줄기 유도배지로 옮겨 10주간 배양하여 줄기를 유도하였다. 유도된 줄기를 phosphi-nothricin이 함유된 뿌리유도 배지에 옮겨 4 주간 배양하여 뿌리를 유도하면서 형질전환체를 선별하였다.</p>",
                "context_length": 2410,
                "clue": [
                    {
                        "clue_text": "유전자 발현분석을 위해 야생형과 형질전환된 감자에서 Northern blot을 수행하였으며 RNeasy Plant Mini kit (Qiagen, Hiden)를 이용하여 total RNA를 분리하였다.",
                        "clue_start": "325",
                        "clue_end": "437"
                    },
                    {
                        "clue_text": "배양된 감자의 전체 조직을 액체질소와 막자 사발을 이용하여 잘 마쇄한 후 Plant Genomic DNA prep kit (Solgent, Daejeon)를 이용하여 분리한 genomic DNA \\( 10 \\mu \\mathrm { g } \\) 을 BanH1, EcdR1, HindIII (Enzynomics, Daejeon) 등의 제한효소로 \\( 37 ^ {\\circ } \\mathrm { C } \\) 에서 12 시간 반응 시킨 후 정제하여 \\( 1 \\% \\) agarose gel에 전기영동하여 분석하였다.",
                        "clue_start": "40",
                        "clue_end": "324"
                    },
                    {
                        "clue_text": "감자 형질전환용 과발현 vector를 제작하기 위하여 Gateway system (Invitrogen, CA)을 이용하였으며, Table 1의 StACRE-attB1과 StACRE-attB2 primer를 이용하여 1차 PCR을 수행한 후 Table 1의 attB1 and attB2 adaptor primer를 이용하여 2차 PCR을 수행하였다.",
                        "clue_start": "1346",
                        "clue_end": "1540"
                    },
                    {
                        "clue_text": "증폭된 PCR 산물을 BP Clonase II(Invitrogen, CA)를 이용하여 pDONR201 vector에 클로닝하고 LR Clonase II (Invitrigen, CA)를 이용하여 35S 프로모터와 bar 표지를 포함하고 있는 pB7WG2D 벡터에 삽입하여 pB7WG2D/StACRE 벡터를 제작하였다.",
                        "clue_start": "1541",
                        "clue_end": "1717"
                    }
                ],
                "terminology": [
                    {
                        "word": "35S 프로모터"
                    },
                    {
                        "word": "Agrobacterium"
                    },
                    {
                        "word": "Agrobacterium tumefaciens"
                    },
                    {
                        "word": "BAS cassette"
                    },
                    {
                        "word": "BP"
                    },
                    {
                        "word": "BP Clonase II"
                    },
                    {
                        "word": "BSA"
                    },
                    {
                        "word": "DNA"
                    },
                    {
                        "word": "EDTA"
                    },
                    {
                        "word": "Gateway system"
                    },
                    {
                        "word": "Genomic DNA prep kit"
                    },
                    {
                        "word": "HindIII"
                    },
                    {
                        "word": "LBA4404"
                    },
                    {
                        "word": "LR"
                    },
                    {
                        "word": "LR Clonase II"
                    },
                    {
                        "word": "MS"
                    },
                    {
                        "word": "MS 배지"
                    },
                    {
                        "word": "Northern blot"
                    },
                    {
                        "word": "OD"
                    },
                    {
                        "word": "PCR"
                    },
                    {
                        "word": "PCR 산물"
                    },
                    {
                        "word": "Plant Genomic DNA prep kit"
                    },
                    {
                        "word": "PreM 배지"
                    },
                    {
                        "word": "RNA"
                    },
                    {
                        "word": "RNeasy Plant Mini kit"
                    },
                    {
                        "word": "SDS"
                    },
                    {
                        "word": "SSC"
                    },
                    {
                        "word": "SSC washing buffer"
                    },
                    {
                        "word": "Solgent"
                    },
                    {
                        "word": "Southern blot"
                    },
                    {
                        "word": "Spectinomycin"
                    },
                    {
                        "word": "StACRE"
                    },
                    {
                        "word": "StACRE 유전자"
                    },
                    {
                        "word": "StACRE-attB2 primer"
                    },
                    {
                        "word": "UV"
                    },
                    {
                        "word": "UV cross-linker"
                    },
                    {
                        "word": "Vector"
                    },
                    {
                        "word": "YEP"
                    },
                    {
                        "word": "YEP broth"
                    },
                    {
                        "word": "agarose"
                    },
                    {
                        "word": "agarose gel"
                    },
                    {
                        "word": "attB2 adaptor primer"
                    },
                    {
                        "word": "bar"
                    },
                    {
                        "word": "bar 표지"
                    },
                    {
                        "word": "blot"
                    },
                    {
                        "word": "broth"
                    },
                    {
                        "word": "buffer"
                    },
                    {
                        "word": "callus"
                    },
                    {
                        "word": "callus 유도"
                    },
                    {
                        "word": "callus 유도배지"
                    },
                    {
                        "word": "cassette"
                    },
                    {
                        "word": "cefotaxim"
                    },
                    {
                        "word": "cross-linker"
                    },
                    {
                        "word": "form-aldehyde-agarose gel"
                    },
                    {
                        "word": "gel"
                    },
                    {
                        "word": "genomic"
                    },
                    {
                        "word": "genomic DNA"
                    },
                    {
                        "word": "hybrid-ization buffer"
                    },
                    {
                        "word": "membrane"
                    },
                    {
                        "word": "northern"
                    },
                    {
                        "word": "northern 분석"
                    },
                    {
                        "word": "pB7WG2D 벡터"
                    },
                    {
                        "word": "pB7WG2D/StACRE 벡터"
                    },
                    {
                        "word": "pDONR201 vector"
                    },
                    {
                        "word": "phosphi-nothricin"
                    },
                    {
                        "word": "phosphinothricin"
                    },
                    {
                        "word": "primer"
                    },
                    {
                        "word": "probe"
                    },
                    {
                        "word": "total RNA"
                    },
                    {
                        "word": "washing buffer"
                    },
                    {
                        "word": "과발현"
                    },
                    {
                        "word": "동위원소"
                    },
                    {
                        "word": "마쇄"
                    },
                    {
                        "word": "막자 사발"
                    },
                    {
                        "word": "발현분석"
                    },
                    {
                        "word": "방사선"
                    },
                    {
                        "word": "방사선 동위원소"
                    },
                    {
                        "word": "배양"
                    },
                    {
                        "word": "배지"
                    },
                    {
                        "word": "벡터"
                    },
                    {
                        "word": "분열조직"
                    },
                    {
                        "word": "수미"
                    },
                    {
                        "word": "수미감자"
                    },
                    {
                        "word": "식물형질전환용"
                    },
                    {
                        "word": "유도배지"
                    },
                    {
                        "word": "유전자"
                    },
                    {
                        "word": "유전자 발현분석"
                    },
                    {
                        "word": "전 배양"
                    },
                    {
                        "word": "전기영동"
                    },
                    {
                        "word": "정제"
                    },
                    {
                        "word": "제한효소"
                    },
                    {
                        "word": "증류수"
                    },
                    {
                        "word": "증폭된 PCR 산물"
                    },
                    {
                        "word": "클로닝"
                    },
                    {
                        "word": "형질전환"
                    },
                    {
                        "word": "형질전환용 과발현 vector"
                    },
                    {
                        "word": "형질전환체"
                    }
                ]
            }
        ]
    }
}