{
    "dataset_info": {
        "identifier": "02-031-002-NL",
        "name": "기술과학 문서 요약 데이터",
        "category": "자연어",
        "last_updated": "2023-08-30"
    },
    "dataset": {
        "doc_id": "8a2ae4d1-30f529cd-eef7-4f32-b164-d15d4db0ada4",
        "doc_type": "논문",
        "doc_title": {
            "kor": "대장균과 포유류 세포 내에서 parkin의 발현 양상에 관한 연구",
            "eng": ""
        },
        "doc_category": {
            "KDC": "470.5",
            "DDC": ""
        },
        "doc_number": {
            "ISSN": "1225-9918",
            "ISBN": "",
            "DOI": "",
            "UCI": ""
        },
        "doc_year": "2005",
        "doc_author": [
            "남민경",
            "박혜민",
            "최주연",
            "박효진",
            "정광철",
            "강성만",
            "임향숙"
        ],
        "doc_publisher": "한국생명과학회",
        "doc_license": "CC BY",
        "context_info": [
            {
                "context_id": "55e-0c9-merge_la_8a2ae4d1-30f529cd-eef7-4f32-b164-d15d4db0ada4_03",
                "context_K-NSCC": {
                    "field": "생명",
                    "large_category": "LA",
                    "medium_category": "01"
                },
                "context": "<h2>대장균 내에서 GST-Parkin 발현을 위한 적정 조건 정립</h2> <p>상기의 결과로 일반적으로 사용되는 배양 및 단백질 유도 조건 (37 \\( { } ^ {\\circ } \\mathrm { C } \\) 배양온도와 0.5 \\( \\mathrm { mM } \\) IPTG)에서는 GST-Parkin이 쉽게 분해되어 완전한 크기의 단백질로 정제하는 것이 용이하지 않음을 알 수 있다. 대장균 시스템에서 분해되지 않고 순도 높은 Parkin 단백질을 얻기 위해 단백질의 발현 유도를 위한 적정조건을 정립할 필요가 있다. 이를 위해 여러 배양 온도와 IPTG 농도에서 GST-Parkin 단백질울 발현하여 정제하였다(Fig. 2). 일반적으로 사용되는 조건인 37 \\( ^ {\\circ } \\mathrm { C } \\)에서 90 분간 배양하고 37 \\( ^ {\\circ } \\mathrm { C } \\)에서 90 분간 여러 농도의 IPTG (0.01, 0.1, \\( 0.5 \\mathrm { ~mM } \\))로 GST-Parkin 단백질의 발현을 유도하였다(Fig.2A). Glutathione Sepharose 4B bead로 단백질을 정제하여 GST-Parkin 단백질의 양을 15 \\( \\% \\) SDS-PAGE로 비교하였다. 그 결과 0.01 \\( \\mathrm { mM } \\)의 IPTG 농도에서는 1 \\( \\mathrm { ml } \\) 대장균 배양액 당 250 \\( \\mathrm { ng } \\) 의 GST-Parkin (79 \\( \\mathrm { kDa } ) \\)을 확인할 수 있었으나, 0.1 \\( \\mathrm { mM } \\) 과 0.5 \\( \\mathrm { mM } \\)의 IPTG 농도에서는 5배 더 적은 50 \\( \\mathrm { ng } \\)을 관찰할 수 있었다. 또한, 이 조건에서 72 \\( \\mathrm { kDa } \\) 외에도 29, 30, 38, 40, 43, 45 \\( \\mathrm { kDa } \\) 크기의 6개 밴드가 더 나타났다. 특히, 38- \\( \\mathrm { kDa } \\) fragment는 1 \\( \\mathrm { ml } \\) 대장균 배양액 당 500 \\( \\mathrm { ng } \\)으로 72 \\( \\mathrm { kDa } \\) 크기의 GST-Parkin보다 10배 더 많은 양을 gel 상에서 확인할 수 있었다.</p> <p>배양온도 37 \\( ^ {\\circ } \\mathrm { C } \\)에서 90 분간 키워 충분한 양의 대장균을 확보한 뒤, 단백질의 안정성을 높이기 위해 온도를 25 \\( ^ {\\circ } \\mathrm { C } \\)로 낮추어 여러 농도의 IPTG로 GST-fusion 단백질의 발현을 유도하였다. 그 결과 72 \\( \\mathrm { kDa } \\) 크기의 GST-Parkin은 IPTG의 농도에 대해 큰 영향 없-1 \\( \\mathrm { ml } \\) 대장균 배양액 당 250 \\( \\mathrm { ng } \\)의 단백질을 정제할 수 있었으나, 0.1 \\( \\mathrm { mM } \\)과 0.5 \\( \\mathrm { mM } \\) 농도의 IPTG에서 38 \\( \\mathrm { kDa } \\)과 40 \\( \\mathrm { kDa } \\)의 단백질 fragment들은 0.01 \\( \\mathrm { mM } \\) 농도에서 보다 10 배 더 많은 2.5 \\( \\mu \\mathrm { g } \\)의 단백질 양을 확인할 수 있었다. 상기의 조건에서 단백질 분해가 증가되므로 배양조건도 25 \\( ^ {\\circ } \\mathrm { C } \\)로 낮추어 발현한 결과 0.01 \\( \\mathrm { mM } \\) IPTG 유도 조건에서는 분해된 fragment 없이 순수한 79 \\( \\mathrm { kDa } \\)의 GST-Parkin만을 1 \\( \\mathrm { ml } \\) 대장균 배양액 당 50 \\( \\mathrm { ng } \\)을 얻을 수 있었다. 따라서 고온의 배양온도와 고농도의 IPTG가 Parkin 단백질의 안정성에 크게 영향을 미치는 것을 알 수 있다.</p>",
                "context_length": 2022,
                "clue": [
                    {
                        "clue_text": "상기의 결과로 일반적으로 사용되는 배양 및 단백질 유도 조건 (37 \\( { } ^ {\\circ } \\mathrm { C } \\) 배양온도와 0.5 \\( \\mathrm { mM } \\) IPTG)에서는 GST-Parkin이 쉽게 분해되어 완전한 크기의 단백질로 정제하는 것이 용이하지 않음을 알 수 있다.",
                        "clue_start": "47",
                        "clue_end": "217"
                    },
                    {
                        "clue_text": "대장균 시스템에서 분해되지 않고 순도 높은 Parkin 단백질을 얻기 위해 단백질의 발현 유도를 위한 적정조건을 정립할 필요가 있다.",
                        "clue_start": "218",
                        "clue_end": "292"
                    },
                    {
                        "clue_text": "배양온도 37 \\( ^ {\\circ } \\mathrm { C } \\)에서 90 분간 키워 충분한 양의 대장균을 확보한 뒤, 단백질의 안정성을 높이기 위해 온도를 25 \\( ^ {\\circ } \\mathrm { C } \\)로 낮추어 여러 농도의 IPTG로 GST-fusion 단백질의 발현을 유도하였다.",
                        "clue_start": "1182",
                        "clue_end": "1350"
                    },
                    {
                        "clue_text": "상기의 조건에서 단백질 분해가 증가되므로 배양조건도 25 \\( ^ {\\circ } \\mathrm { C } \\)로 낮추어 발현한 결과 0.01 \\( \\mathrm { mM } \\) IPTG 유도 조건에서는 분해된 fragment 없이 순수한 79 \\( \\mathrm { kDa } \\)의 GST-Parkin만을 1 \\( \\mathrm { ml } \\) 대장균 배양액 당 50 \\( \\mathrm { ng } \\)을 얻을 수 있었다.",
                        "clue_start": "1713",
                        "clue_end": "1954"
                    }
                ],
                "terminology": [
                    {
                        "word": "GST-Parkin"
                    },
                    {
                        "word": "GST-Parkin 단백질"
                    },
                    {
                        "word": "GST-Parkin 발현"
                    },
                    {
                        "word": "GST-fusion"
                    },
                    {
                        "word": "GST-fusion 단백질"
                    },
                    {
                        "word": "Glutathione"
                    },
                    {
                        "word": "IPTG"
                    },
                    {
                        "word": "IPTG 농도"
                    },
                    {
                        "word": "Parkin"
                    },
                    {
                        "word": "Parkin 단백질"
                    },
                    {
                        "word": "SDS-PAGE"
                    },
                    {
                        "word": "bead"
                    },
                    {
                        "word": "fragment"
                    },
                    {
                        "word": "kDa"
                    },
                    {
                        "word": "단백질 유도 조건"
                    },
                    {
                        "word": "단백질의 발현 유도"
                    },
                    {
                        "word": "대장균"
                    },
                    {
                        "word": "대장균 시스템"
                    },
                    {
                        "word": "발현"
                    },
                    {
                        "word": "발현 유도"
                    },
                    {
                        "word": "배양 및 단백질 유도 조건"
                    },
                    {
                        "word": "정제"
                    }
                ]
            },
            {
                "context_id": "55e-0c9-merge_la_8a2ae4d1-30f529cd-eef7-4f32-b164-d15d4db0ada4_01",
                "context_K-NSCC": {
                    "field": "생명",
                    "large_category": "LA",
                    "medium_category": "01"
                },
                "context": "<h1>재료 및 방법</h1> <h2>Plasmid 제조</h2> <p>대장균에서 GST에 fuse된 Parkin을 발현하기 위해 pGEX4T-1 (Amersham Pharmacia Biotech.) (GenBank account number U13853) 시스템을 이용하였다. pcDNA3.1( + )Myc-parkin을 BamHI과 Saclo로러 절단하여 아미노산 1~301을 포함하는 parkin cDNA를 얻어 pBluescriptII KS + (BamHI과 SacI으로 절단)에 cloning하여 pBS-Parkin (1-301)이라고 명명하였다. pcDNA3.1( + )Myc-parkin을 template로 하여 parkin-294F pri-mer (GCGCGAATTCGCCATGCCCAACTCCTGATT) 와 parkin-465R primer (GCGCGTCGACCTACACGTCGAACCAGTGGTC)를 이용하여 아미노산 294 465를 포함하는 parkin cDNA를 PCR로 증폭하였다. 증폭한 parkin fragment롤 EcoRI과 SalI으로 절단하여 pBluescriptII KS + (EcoRI과 SalI으로 절단)에 cloning하여 pBS-Parkin (294-465)를 언었다. pBS-Parkin (1-301)을 EcoRI과 SacI으로 젇단한 fragment와 pBS-Parkin (294-465)를 SacI과 SalI으로 절단한 fragment를 동시에 pBluescriptII KS + (EcoRI과 SalI으로 절단)에 cloning하여 pBS-Parkin (1-465)를 제작하였다. pBS-Parkin (1-465)를 EcoRI과 SalI으로 절단하여 아미노산 1~465를 포함하는 parkin cDNA를 얻어 pGEX4T-1 (EcoRI과 Sall으로 절단)에 삽입하여 pGST-Parkin을 제작하였다.</p> <p>포유류 세포에서 Parkin을 발현시키기 위해 CMV promoter가 존재하는 expression vector인 pcDNA 3.0 (Invitrogen)을 변형하여 이용하였다. C-말단에 HA를 tagging한 Parkin-HA (C-HA로 포기), N-말단에 myc을 tagging한 Myc-Parkin (N-Myc로 표기), 양쪽 N-말단과 C-말단에 HA로 tagging한 Parkin (HA-HA 표기), N-말단은 Myc, C-말단은 HA로 tag-ging한 Parkin (Myc-HA로 표기)을 제작하였다. N-Myc은 pcDNA3.1( + )Myc-parkin을 사용하였고, Myc-HA는 Myc-Parkin-FLAG에서 Xhol과 XbaI으로 절단함으로써 Parkin-FLAG이 없어진 pcDNA-Myc vector에 pBS-Parkin- HA (XhoI과 Xbal로 절단)에서 나온 Parkin-HA fragment를 cloning 하여 제작하였다. HA-HA는 pcDNA-HA 4T-1 (BamHI과 XbaI로 절단) expression vector에 Parkin-HA fragment를 cloning하여 제작하였다.</p> <h2>GST-Parkin 단백질 발현 및 정제</h2> <p>GST-Parkin fusion 단백질을 대장균에서 발현하기 위해 pGST-Parkin을 protease deficient strain인 Escherichia coli BL21에 transformation하였다. 대장균을 37 \\( ^ {\\circ } \\mathrm { C } \\) 또는 25 \\( ^ {\\circ } \\mathrm { C } \\)에서 16 시간 배양한 후, ampicillin을 포합하는 LB 배지에 10 \\( \\% \\)로 접종한 후 90 분 더 배양하였다. 최종 농도가 0.01, 0.1, 0.5 \\( \\mathrm { mM } \\) 되게 isopropyl-1-thio- \\( \\beta \\)-D-galatopyranoside (IPTG)를 첨가하여 GST-Parkin 단백질의 발현을 유도하였다. 수확한 대장균 세포들은 EBC lysis buffer (0.5 \\( \\% \\) NP-40, 50 \\( \\mathrm { mM } \\) Tris-Cl, \\( \\mathrm { pH } \\) 8.0, 120 \\( \\mathrm { mM } \\) \\( \\mathrm { NaCl } \\))에 suspension한 후 soni-cation으로 세포를 파쇄 하였다. 세포파쇄 용액을 4 \\( ^ {\\circ } \\mathrm { C } \\)에서 14,400 \\( \\times g \\)로 15 분간 원심 분리하여 불용성의 세포 찌꺼기를 침전시켰다. 분리된 상층액은 EBC lysis buffer로 2번 씻은 Glutathione Sepharose 4B bead (Amersham Pharmacia Biotech)와 함께 혼합하였다. 흔합물은 상온에서 20 분간 반응시킨 후 14,400 \\( \\times \\mathrm { g } \\)에서 1 분간 침전시켰다. NETN buffer (1 \\( \\mathrm { mM } \\) EDTA, 0.5 \\( \\% \\) NP-40, 10 \\( \\mathrm { mM } \\) Tris-Cl, \\( \\mathrm { pH } \\) 8.0, 120 \\( \\mathrm { mM } \\) \\( \\mathrm { NaCl } \\), 0.05 \\( \\% \\) \\( \\mathrm { SDS } ) \\)로 4번 씻어주고 SDS-lysis buffer를 첨가해 준 후 3 분간 꿇인다. 이를 15 \\( \\% \\) SDS-polyacrylamide gel에 걸어서 전기영동을 하고 Coomassie staining solution (0.1 \\( \\% \\) Brilliant blue R, Sigma, 45 \\( \\% \\) methanol, 10 \\( \\% \\) acetic acid)으로 20 분간 염색시킨 후 destaining solution (10 \\( \\% \\) methanol, 10 \\( \\% \\) acetic acid)으로 씻어내어 단백질 밴드를 확인하였다.</p>",
                "context_length": 2958,
                "clue": [
                    {
                        "clue_text": "대장균에서 GST에 fuse된 Parkin을 발현하기 위해 pGEX4T-1 (Amersham Pharmacia Biotech.) (GenBank account number U13853) 시스템을 이용하였다.",
                        "clue_start": "40",
                        "clue_end": "155"
                    },
                    {
                        "clue_text": "증폭한 parkin fragment롤 EcoRI과 SalI으로 절단하여 pBluescriptII KS + (EcoRI과 SalI으로 절단)에 cloning하여 pBS-Parkin (294-465)를 언었다.",
                        "clue_start": "508",
                        "clue_end": "623"
                    },
                    {
                        "clue_text": "포유류 세포에서 Parkin을 발현시키기 위해 CMV promoter가 존재하는 expression vector인 pcDNA 3.0 (Invitrogen)을 변형하여 이용하였다.",
                        "clue_start": "934",
                        "clue_end": "1033"
                    },
                    {
                        "clue_text": "GST-Parkin fusion 단백질을 대장균에서 발현하기 위해 pGST-Parkin을 protease deficient strain인 Escherichia coli BL21에 transformation하였다. 대장균을 37 \\( ^ {\\circ } \\mathrm { C } \\) 또는 25 \\( ^ {\\circ } \\mathrm { C } \\)에서 16 시간 배양한 후, ampicillin을 포합하는 LB 배지에 10 \\( \\% \\)로 접종한 후 90 분 더 배양하였다.",
                        "clue_start": "1554",
                        "clue_end": "1820"
                    },
                    {
                        "clue_text": "이를 15 \\( \\% \\) SDS-polyacrylamide gel에 걸어서 전기영동을 하고 Coomassie staining solution (0.1 \\( \\% \\) Brilliant blue R, Sigma, 45 \\( \\% \\) methanol, 10 \\( \\% \\) acetic acid)으로 20 분간 염색시킨 후 destaining solution (10 \\( \\% \\) methanol, 10 \\( \\% \\) acetic acid)으로 씻어내어 단백질 밴드를 확인하였다.",
                        "clue_start": "2684",
                        "clue_end": "2954"
                    }
                ],
                "terminology": [
                    {
                        "word": "BL21"
                    },
                    {
                        "word": "C-말단"
                    },
                    {
                        "word": "CMV promoter"
                    },
                    {
                        "word": "Coomassie"
                    },
                    {
                        "word": "EBC lysis buffer"
                    },
                    {
                        "word": "Escherichia coli"
                    },
                    {
                        "word": "GST"
                    },
                    {
                        "word": "GST-Parkin"
                    },
                    {
                        "word": "GST-Parkin fusion"
                    },
                    {
                        "word": "GST-Parkin 단백질"
                    },
                    {
                        "word": "Glutathione"
                    },
                    {
                        "word": "KS"
                    },
                    {
                        "word": "LB 배지"
                    },
                    {
                        "word": "N-말단"
                    },
                    {
                        "word": "NETN buffer"
                    },
                    {
                        "word": "PCR"
                    },
                    {
                        "word": "Pharmacia Biotech"
                    },
                    {
                        "word": "Plasmid"
                    },
                    {
                        "word": "SDS"
                    },
                    {
                        "word": "SDS-polyacrylamide"
                    },
                    {
                        "word": "SDS-polyacrylamide gel"
                    },
                    {
                        "word": "XbaI"
                    },
                    {
                        "word": "Xbal"
                    },
                    {
                        "word": "acetic acid"
                    },
                    {
                        "word": "ampicillin"
                    },
                    {
                        "word": "bead"
                    },
                    {
                        "word": "cDNA"
                    },
                    {
                        "word": "cloning"
                    },
                    {
                        "word": "destaining solution"
                    },
                    {
                        "word": "expression vector"
                    },
                    {
                        "word": "fragment"
                    },
                    {
                        "word": "fuse"
                    },
                    {
                        "word": "parkin"
                    },
                    {
                        "word": "pcDNA3.1"
                    },
                    {
                        "word": "pri-mer"
                    },
                    {
                        "word": "primer"
                    },
                    {
                        "word": "protease"
                    },
                    {
                        "word": "suspension"
                    },
                    {
                        "word": "tagging"
                    },
                    {
                        "word": "template"
                    },
                    {
                        "word": "transformation"
                    },
                    {
                        "word": "단백질 밴드"
                    },
                    {
                        "word": "분간 원심 분리"
                    },
                    {
                        "word": "불용성"
                    },
                    {
                        "word": "세포파쇄 용액"
                    },
                    {
                        "word": "전기영동"
                    },
                    {
                        "word": "정제"
                    }
                ]
            },
            {
                "context_id": "55e-0c9-merge_la_8a2ae4d1-30f529cd-eef7-4f32-b164-d15d4db0ada4_04",
                "context_K-NSCC": {
                    "field": "생명",
                    "large_category": "LA",
                    "medium_category": "01"
                },
                "context": "<h2>HEK293 세포 내에서 Parkin의 발현양상 분석</h2> <p>정상적인 folding 과정과 posttranslational modification이 특정 단백질의 생리적 기능에 결정적인 역할을 할 경우, 이 특정 단백질을 포유류 세포에서 발현시켜 기능을 분석할 수 있는 시스템 구축이 필요하다. 그러나 현재까지는 Northern blot과 RT-PCR 또는 immunohistochemistry를 통해 mouse, rat, human 뇌에서 parkin mRNA나 단백질의 발현양상을 비교하는 연구들이 진행되고 있을 뿐, 포유류 세포 내에서 Parkin의 발현과 기능을 분자 수준에서 규명할 수 있는 시스템은 거의 확립이 되어있지 않은 실정이다.</p> <p>대장균에서 발현되는 human Parkin은 매우 불안정하여 50 \\( \\% \\) 이상 분해되는 것을 관찰할 수 있는데, 이런 분해현상이 포유류 세포에서도 나타나는 지를 조사하기 위해 HEK293 세포에서 Parkin의 발현양상울 비교분석하였다. 먼저 HEK293 세포에서 발현되는 Parkin을 쉽게 확인하고자 N-말단과 C-말단에 Myc이나 HA를 tagging한 Parkin을 발현할 수 있는 각종 expression plasmid들을 제작하였다. 각 plas-mid를 HEK293 세포에 transfection한 후 HA, Myc, 또는 Parkin antibody로 Parkin의 발현을 확인하였다. HA antibody로 immunoblot을 한 결과 N-말단 또는 C-말단을 HA로 tagging한 Parkin에서 58 \\( \\mathrm { kDa } \\) 크기의 밴드가 주로 확인되었다. 대장균에서처럼 여러 fragment들이 관찰되지는 않았지만, 58 \\( \\mathrm { kDa } \\) 밴드 외에 48 \\( \\mathrm { kDa } \\) 위치에서 또 다른 frag-ment를 확인할 수 있었다. Parkin의 N-말단에 존재하는 Myc tag을 인지하는 Myc antibody로 immunoblot을 한 결과 58 \\( \\mathrm { kDa } \\)의 Parkin 밴드만 나타나고 48 \\( \\mathrm { kDa } \\)의 밴드는 관찰되지 않았다.</p> <h1>고 찰</h1> <p>본 연구에서는 생화학적 연구에 Parkin을 이용하기 위한 시스템 구축의 일환으로 대장균 내에서 높은 순도로 Parkin을 정제할 수 있는 적정 조건과 시스템을 확립하였다. 또한 포유류 세포인 HEK293 세포에서 Parkin의 발현양상을 분석하기 위해 여러 epitope tag을 이용한 vector 시스템을 제작하여 Parkin의 발현 특성을 확인하였다.</p> <p>대장균 내에서 일반적인 조건으로 발현시킨 경우 Parkin 단백질이 분해되어 순도 높은 Parkin 단백질을 얻을 수 없는 문제점이 발생하였다. 이를 해결하기 위해 여러 배양 및 유도 온도와 IPTG 농도에서 Parkin을 발현, 정제한 후 Parkin의 발현 양상을 비교 분석하였다. 그 결과 25 \\( ^ {\\circ } \\mathrm { C } \\)의 배양 및 유도 온도와 0.01 \\( \\mathrm { mM } \\)의 IPTG 조건에서 Parkin의 분해가 가장 적게 일어나고 단백질의 회수율이 0.2 \\( \\%(1 \\mathrm { ml } \\) 대장균 배양액 당 \\( 50 \\mathrm { ~ng } / 25 \\mathrm {\\mu g } \\), 정제된 GST-Parkin/ 전체 세포 추출물) 정도로 대장균 1 리터로부터 순도 90 \\( \\% \\) 이상의 GST-Parkin 단백질을 50 \\( \\mu \\mathrm { g } \\) 정도 정제 할 수 있었다. 비록 양은 적지만 순도 높은 Parkin을 정제하는 방법을 확립 하였으므로, 이 방법을 이용하여 생화학적 연구에 적용할 수 있는 Parkin 단백질을 다량 정제할 수 있다.</p>",
                "context_length": 1913,
                "clue": [
                    {
                        "clue_text": "그러나 현재까지는 Northern blot과 RT-PCR 또는 immunohistochemistry를 통해 mouse, rat, human 뇌에서 parkin mRNA나 단백질의 발현양상을 비교하는 연구들이 진행되고 있을 뿐, 포유류 세포 내에서 Parkin의 발현과 기능을 분자 수준에서 규명할 수 있는 시스템은 거의 확립이 되어있지 않은 실정이다.",
                        "clue_start": "173",
                        "clue_end": "369"
                    },
                    {
                        "clue_text": "본 연구에서는 생화학적 연구에 Parkin을 이용하기 위한 시스템 구축의 일환으로 대장균 내에서 높은 순도로 Parkin을 정제할 수 있는 적정 조건과 시스템을 확립하였다.",
                        "clue_start": "1115",
                        "clue_end": "1211"
                    }
                ],
                "terminology": [
                    {
                        "word": "C-말단"
                    },
                    {
                        "word": "GST-Parkin"
                    },
                    {
                        "word": "GST-Parkin 단백질"
                    },
                    {
                        "word": "HA"
                    },
                    {
                        "word": "HEK293"
                    },
                    {
                        "word": "IPTG 농도"
                    },
                    {
                        "word": "IPTG 조건"
                    },
                    {
                        "word": "Myc tag"
                    },
                    {
                        "word": "N-말단"
                    },
                    {
                        "word": "Northern"
                    },
                    {
                        "word": "Parkin antibody"
                    },
                    {
                        "word": "Parkin 단백질"
                    },
                    {
                        "word": "RT-PCR"
                    },
                    {
                        "word": "epitope tag"
                    },
                    {
                        "word": "expression"
                    },
                    {
                        "word": "folding"
                    },
                    {
                        "word": "immunoblot"
                    },
                    {
                        "word": "immunohistochemistry"
                    },
                    {
                        "word": "kDa"
                    },
                    {
                        "word": "parkin mRNA"
                    },
                    {
                        "word": "plas-mid"
                    },
                    {
                        "word": "posttranslational modification"
                    },
                    {
                        "word": "tagging"
                    },
                    {
                        "word": "transfection"
                    },
                    {
                        "word": "vector 시스템"
                    },
                    {
                        "word": "대장균"
                    },
                    {
                        "word": "발현"
                    },
                    {
                        "word": "배양"
                    },
                    {
                        "word": "배양액"
                    },
                    {
                        "word": "밴드"
                    },
                    {
                        "word": "생화학적"
                    },
                    {
                        "word": "세포 추출물"
                    },
                    {
                        "word": "정제"
                    },
                    {
                        "word": "회수율"
                    }
                ]
            },
            {
                "context_id": "55e-0c9-merge_la_8a2ae4d1-30f529cd-eef7-4f32-b164-d15d4db0ada4_00",
                "context_K-NSCC": {
                    "field": "생명",
                    "large_category": "LA",
                    "medium_category": "01"
                },
                "context": "<h1>대장균과 포유류 세포 내에서 parkin의 발현 양상에 관한 연구</h1> <p>Protein quality control은 chaperone과 protease들의 작용으로 세포내 단백질들의 활성이나 운명을 조절하는 역할에 의해 이루어지고 있다. Chaperone은 새로 만들어지는 단백질들의 정확한 구조형성을 돕는 역할을 하는 반면, protease들은 여러 과정들의 오차로 생겨난 비정상적인 단백질을 제거하는 역할을 한다. 단백질 분해 과정 중 다단계로 이루어지는 ubiquitination은 E1, E2, E3 효소들의 복합적인 상호관계를 거쳐 분해하고자 하는 단백질에 4개 이상의 ubiquitin들을 결합시키는 과정으로, ubiquitin이 결합된 단백질들은 궁극적으로 proteasome에서 제거된다.</p> <p>Protein quality control의 비정상적 작동이 퇴행성 뇌질환의 주원인들 중의 하나로 간주된다. 특히 E3 ligase들의 이상이나 ubiquitin proteasome system (UPS)의 비활성화로 인해 단백질의 aggregate들이 축적되어 신경세포의 손상을 일으킴으로써 퇴행성 뇌질환이 유발되기도 한다. 하나의 E3 ligase가 여러 퇴행성 뇌질환에 연관되기도 하는데, E3 ligase인 Parkin은 파킨슨병의 주요 원인 유전자로 알려져 있는 동시에 polyQ 이상 질환에서 세포를 보호하는 역할을 한다는 보고가 있다. Parkin은 465개의 아미노산으로 이루어져 있으며, 분자량이 \\(52 \\mathrm { kDa } \\)인 단백질이다. Parkin의 N-말단에 176 아미노산의 ubiquitin-like domain (ULD)이 있고, 현재까지 그 기능이 잘 알려지지 않은 central domain (145-232 아미노산)과 C-말단에 두 개의 RING finger domain (237-449 아미노산)이 존재한다.</p> <p>퇴행성 뇌질환의 발병기전을 분자생물학적 측면에서 이해하기 위해 Parkin에 의해 ubiquitination 되는 기질 및 Parkin과 상호작용하는 단백질들을 탐색하는 연구들이 진행되고 있다. 그러나 Parkin과 상호작용하는 단백질이나 Parkin의 기질에 대한 생화학적, 생리학적 측면에서의 기능 연구는 아직까지 상당 부분 수행되지 않은 상태이다. Parkin과 상호작용하는 단백질들과 기질에 대한 연구가 생화학적, 분자생물학적 측면에서 이루어진다면 퇴행성 뇌질환의 발병기전을 분자 수준에서 밝혀나갈 수 있을 것이다.</p> <p>Parkin과 상호작용하는 단백질들과 Parkin과의 관계를 in vitro에서 연구하기 위해서는 Parkin을 다량으로 발현, 정제할 수 있는 시스템이 필요하다. 또한, 포유류 세포에서 Parkin의 발현양상과 기능을 연구하기 위해서 Parkin을 발현할 수 있는 시스템을 구축할 필요가 있다. 이에 본 연구에서는 pGEX vector를 이용하여 대장균 내에서 Parkin을 overexpression하고 affinity column method로 정제하여 순도 높은 Parkin 단백질을 다량 얻을 수 있는 적정 조건을 확립하였다. 또한 Parkin의 발현을 용이하게 확인할 수 있도록 HA나 Myc tagging 시스템을 이용한 vector들을 제작하여 HEK293 세포에서 Parkin의 발현양상을 비교 분석하였다.</p>",
                "context_length": 1661,
                "clue": [
                    {
                        "clue_text": "Protein quality control은 chaperone과 protease들의 작용으로 세포내 단백질들의 활성이나 운명을 조절하는 역할에 의해 이루어지고 있다.",
                        "clue_start": "49",
                        "clue_end": "141"
                    },
                    {
                        "clue_text": "단백질 분해 과정 중 다단계로 이루어지는 ubiquitination은 E1, E2, E3 효소들의 복합적인 상호관계를 거쳐 분해하고자 하는 단백질에 4개 이상의 ubiquitin들을 결합시키는 과정으로, ubiquitin이 결합된 단백질들은 궁극적으로 proteasome에서 제거된다.",
                        "clue_start": "243",
                        "clue_end": "402"
                    },
                    {
                        "clue_text": "하나의 E3 ligase가 여러 퇴행성 뇌질환에 연관되기도 하는데, E3 ligase인 Parkin은 파킨슨병의 주요 원인 유전자로 알려져 있는 동시에 polyQ 이상 질환에서 세포를 보호하는 역할을 한다는 보고가 있다.",
                        "clue_start": "593",
                        "clue_end": "716"
                    },
                    {
                        "clue_text": "이에 본 연구에서는 pGEX vector를 이용하여 대장균 내에서 Parkin을 overexpression하고 affinity column method로 정제하여 순도 높은 Parkin 단백질을 다량 얻을 수 있는 적정 조건을 확립하였다.",
                        "clue_start": "1419",
                        "clue_end": "1552"
                    },
                    {
                        "clue_text": "또한 Parkin의 발현을 용이하게 확인할 수 있도록 HA나 Myc tagging 시스템을 이용한 vector들을 제작하여 HEK293 세포에서 Parkin의 발현양상을 비교 분석하였다.",
                        "clue_start": "1553",
                        "clue_end": "1657"
                    }
                ],
                "terminology": [
                    {
                        "word": "237-449 아미노산"
                    },
                    {
                        "word": "C-말단"
                    },
                    {
                        "word": "Chaperone"
                    },
                    {
                        "word": "E1"
                    },
                    {
                        "word": "E2"
                    },
                    {
                        "word": "E3"
                    },
                    {
                        "word": "HA"
                    },
                    {
                        "word": "HEK293"
                    },
                    {
                        "word": "Myc"
                    },
                    {
                        "word": "N-말단"
                    },
                    {
                        "word": "Parkin 단백질"
                    },
                    {
                        "word": "Protein quality control"
                    },
                    {
                        "word": "RING finger domain"
                    },
                    {
                        "word": "UPS"
                    },
                    {
                        "word": "affinity column method"
                    },
                    {
                        "word": "aggregate"
                    },
                    {
                        "word": "central domain"
                    },
                    {
                        "word": "in vitro"
                    },
                    {
                        "word": "kDa"
                    },
                    {
                        "word": "ligase"
                    },
                    {
                        "word": "overexpression"
                    },
                    {
                        "word": "pGEX vector"
                    },
                    {
                        "word": "parkin"
                    },
                    {
                        "word": "polyQ"
                    },
                    {
                        "word": "protease"
                    },
                    {
                        "word": "proteasome"
                    },
                    {
                        "word": "tagging"
                    },
                    {
                        "word": "ubiquitin"
                    },
                    {
                        "word": "ubiquitin proteasome system"
                    },
                    {
                        "word": "ubiquitin-like domain"
                    },
                    {
                        "word": "ubiquitination"
                    },
                    {
                        "word": "기질"
                    },
                    {
                        "word": "대장균"
                    },
                    {
                        "word": "발병기전"
                    },
                    {
                        "word": "발현"
                    },
                    {
                        "word": "분자량"
                    },
                    {
                        "word": "비활성화"
                    },
                    {
                        "word": "생리학적"
                    },
                    {
                        "word": "세포"
                    },
                    {
                        "word": "신경세포"
                    },
                    {
                        "word": "아미노산"
                    },
                    {
                        "word": "원인 유전자"
                    },
                    {
                        "word": "정제"
                    },
                    {
                        "word": "퇴행성 뇌질환"
                    },
                    {
                        "word": "파킨슨병"
                    },
                    {
                        "word": "활성"
                    }
                ]
            },
            {
                "context_id": "55e-0c9-merge_la_8a2ae4d1-30f529cd-eef7-4f32-b164-d15d4db0ada4_05",
                "context_K-NSCC": {
                    "field": "생명",
                    "large_category": "LA",
                    "medium_category": "01"
                },
                "context": "<p>N-말단이나 C-말단 tag을 인지하는 antibody로 HEK293 세포에서 발현되는 Parkin을 immunoblot 한 후, 단백질의 크기를 비교 분석한 결과 48- \\( \\mathrm { kDa } \\) fragment는 N-말단이 절단된 Parkin 단백질임을 알 수 있었다. 이는 Parkin의 N-말단으로부터 10 \\( \\mathrm { kDa } \\) 떨어진 ULD에 존재하는 아미노산 부위에서 절단된 fragment임을 알 수 있다. 또한 대장균에서도 Parkin을 발현하여 Glutathione 4B bead로 결합시킨 후 전기 영동을 한 결과 여러 fragment 중 38 \\( \\mathrm { kDa } \\) 크기의 밴드가 많은 양 관찰된다. 따라서 이 38- \\( \\mathrm { kDa } \\) fragment는 GST의 C-말단에 Parkin의 N-말단의 10- \\( \\mathrm { kDa } \\) fragment가 결합되어 생성된 것이라는 것을 추론할 수 있다. 이는 대장균에서나 포유류 세포에서 Parkin의 ULD가 protease의 공격에 민감하게 반응할 수 있다는 것을 시사한다.</p> <p>PEST 부위(proline (P), glutamate (E), serine (S), threo-nine (T)) 를 많이 가진 단백질들은 proteolysis signal을 전달 하는데, Parkin의 경우도 이런 부위로 인해 절단될 가능성이 높다. 이를 알아보기 위해 PEST find program (https://emb1.bcc.univie.ac.at/toolbox/pestfind/pestfind- analy-sis-webtool.htm)을 이용하여 Parkin 아미노산 서열을 분석하였다. 그 결과 Parkin 단백질 내에 7군데의 poor PEST se-quence가 존재하는데, Parkin의 N-말단(76 89 아미노산 잔기)에 위치하는 PEST sequence가 protease에 의해 공격을 받으면 약 10 \\( \\mathrm { kDa } \\) 크기의 fragment가 생성될 가능성이 있다.</p> <p>또한 대장균 내에서 Parkin을 발현 시키는 경우 온도 변화에 따른 38- \\( \\mathrm { kDa } \\) fragment의 양적 변화는 PEST 부위가 온도에 민감하게 작용할 수 있다는 가능성을 제시한다. 대장균 내 여러 protease 중 50 \\( \\% \\) 가 세포질에 존재하고 있는데, 세포질 내에서 발현되는 Parkin은 이러한 효소에 쉽게 노출되어 일반 호소활성 온도인 37 \\( ^ {\\circ } \\mathrm { C } \\)에서 poor PEST 부위가 공격을 받아 쉽게 분해될 수 있다. 이를 증명하기 위해 분해 가능성 있는 부위의 아미노산의 돌연변이를 통해 Parkin의 절단부위와 protease와의 상관관계를 규명하는 연구가 필요하다. 최근 Parkin의 1에서 6의 아미노산 잔기가 Parkin 유전자의 발현에 중요한 역할을 하고, ULD가 없는 경우 E3 ligase 기능에는 영향을 미치지는 않지만 ULD가 있는 경우보다 발현 양이 증가한다는 보고가 있다. 따라서 외부 자극에 의해 Parkin에 존재하는 PEST sequence 부위가 절단되는 현상은 세포 내 Parkin의 발현과 기능을 조절하는 또 다른 기전으로 작용할 수 있는 가능성을 제시한다.</p>",
                "context_length": 1661,
                "clue": [
                    {
                        "clue_text": "N-말단이나 C-말단 tag을 인지하는 antibody로 HEK293 세포에서 발현되는 Parkin을 immunoblot 한 후, 단백질의 크기를 비교 분석한 결과 48- \\( \\mathrm { kDa } \\) fragment는 N-말단이 절단된 Parkin 단백질임을 알 수 있었다.",
                        "clue_start": "3",
                        "clue_end": "162"
                    },
                    {
                        "clue_text": "대장균에서나 포유류 세포에서 Parkin의 ULD가 protease의 공격에 민감하게 반응할 수 있다는 것을 시사한다.",
                        "clue_start": "509",
                        "clue_end": "575"
                    }
                ],
                "terminology": [
                    {
                        "word": "C-말단"
                    },
                    {
                        "word": "E3"
                    },
                    {
                        "word": "GST"
                    },
                    {
                        "word": "Glutathione"
                    },
                    {
                        "word": "HEK293"
                    },
                    {
                        "word": "N-말단"
                    },
                    {
                        "word": "PEST find program"
                    },
                    {
                        "word": "PEST 부위"
                    },
                    {
                        "word": "Parkin"
                    },
                    {
                        "word": "Parkin 단백질"
                    },
                    {
                        "word": "Parkin의 ULD"
                    },
                    {
                        "word": "ULD"
                    },
                    {
                        "word": "antibody"
                    },
                    {
                        "word": "bead"
                    },
                    {
                        "word": "fragment"
                    },
                    {
                        "word": "glutamate"
                    },
                    {
                        "word": "immunoblot"
                    },
                    {
                        "word": "ligase"
                    },
                    {
                        "word": "proline"
                    },
                    {
                        "word": "protease"
                    },
                    {
                        "word": "proteolysis"
                    },
                    {
                        "word": "proteolysis signal"
                    },
                    {
                        "word": "sequence"
                    },
                    {
                        "word": "serine"
                    },
                    {
                        "word": "threo-nine"
                    },
                    {
                        "word": "기전"
                    },
                    {
                        "word": "단백질"
                    },
                    {
                        "word": "대장균"
                    },
                    {
                        "word": "돌연변이"
                    },
                    {
                        "word": "발현"
                    },
                    {
                        "word": "발현 양"
                    },
                    {
                        "word": "밴드"
                    },
                    {
                        "word": "상관관계"
                    },
                    {
                        "word": "세포"
                    },
                    {
                        "word": "세포질"
                    },
                    {
                        "word": "아미노산"
                    },
                    {
                        "word": "아미노산 서열"
                    },
                    {
                        "word": "아미노산 잔기"
                    },
                    {
                        "word": "영동"
                    },
                    {
                        "word": "유전자"
                    },
                    {
                        "word": "잔기"
                    },
                    {
                        "word": "전기 영동"
                    },
                    {
                        "word": "효소"
                    }
                ]
            },
            {
                "context_id": "55e-0c9-merge_la_8a2ae4d1-30f529cd-eef7-4f32-b164-d15d4db0ada4_02",
                "context_K-NSCC": {
                    "field": "생명",
                    "large_category": "LA",
                    "medium_category": "01"
                },
                "context": "<h2>세포 배양 및 immunoblot assay</h2> <p>HEK293 세포는 10 \\( \\%( \\mathrm { v } / \\mathrm { v } ) \\) fetal bovine serum, 50 \\( \\mathrm { U } / \\mathrm { ml } \\) penicillin과 50 \\( \\mu \\mathrm { g } / \\mathrm { ml } \\) streptomycin이 첨가된 Dulbecco's modified Eagle minimum essential medium (DMEM) (Invitrogen)에 5 \\( \\% \\) \\( \\mathrm { CO } _ { 2 } \\) 상태로 37 \\( ^ {\\circ } \\mathrm { C } \\)에서 배양하였다. 포유류 세포에서 발현되는 plasmid는 LipofectAMINE re-agent (Invitrogen)를 사용하여 HEK293 세포에 transfection 하였다. 세포에 DNA를 transfection하여 24 시간 경과한 후 세포를 harvest하여 배지를 제거하고 RIPA buffer (20 \\( \\mathrm { mM } \\) Tris, \\( \\mathrm { pH } \\) 7.5, 150 \\( \\mathrm { mM } \\) \\( \\mathrm { NaCl } \\), 0.1 \\( \\% \\) SDS, 1 \\( \\% \\) Triton X-100, 1 \\( \\% \\) sodium deoxycholate)로 30 분간 얼음에 놓아서 세포를 용해시킨 후 14,400 \\( \\times g \\)에서 30 분간 원심분리 하여 세포 찌꺼기를 제거하였다. 상층액은 새 튜브에 옮긴 후 Protein assay solution (BioRad)을 이용해서 단백질 농도를 측정하고 15 \\( \\mu \\) \\( \\mathrm { g } \\)의 단백질을 15 \\( \\% \\) SDS-PAGE로 분리한 후 nitrocellulose membrane으로 옮겨 immunoblotting을 실시하였다. HA (Santa Cruz), Myc (Santa Cruz), polyclonal Parkin (Cell Signaling Technology) antibody와 반응시킨 다음 secondary antibody로 antigen-antibody complex와 반응시킨 후 ECL (Amersham Pharmacia Biotech.)로 밴드를 확인하였다.</p> <h1>결 과</h1> <h2>GST-Parkin을 발현하는 plasmid 제조와 대장균에서의 발현</h2> <p>단백질들의 기능을 in vitro에서 생화학적인 방법으로 연구하기 위해서는 특정 단백질을 대장균에서 다량으로 발현, 정제할 수 있는 시스템이 필요하다. 대장균에서 Parkin을 다량으로 발현, 정제하기 위해 human parkin cDNA를 pGEX4T-1 expression vector에 cloning하여 Escherichia coli BL21 strain에서 GST-Parkin fusion 단백질을 발현하였다(Fig. 1). ExPASy (Expert Protein Analysis System, http://ca.expasy.org/tools/pi_tool.html)에서 이론적으로 계산한 Parkin의 분자량은 약 51,651 \\( \\mathrm { Da } \\)이며, glutathione S-transferase (GST)의 분자량은 27,898 \\( \\mathrm { Da } \\)이므로 pGEX-Parkin으로부터 약 79,500 Da 크기의 GST-Parkin 단백질의 발현을 예상할 수 있다. 배양온도 37 \\( ^ {\\circ } \\mathrm { C } \\)에서0.5 \\( \\mathrm { mM } \\) IPTG (일반적인 배양조건)로 단백질의 발현을 유도한 후, Gultathione Sepharose 4B bead를 이용하여 친수성의 대장균 lysate로부터 GST-Parkin 단백질을 정제하여 발현양상을 비교 분석하였다(Fig. 1). pGEX 시스템을 이용하여 37 \\( ^ {\\circ } \\mathrm { C } \\) 배양온도에서 0.5 \\( \\mathrm { mM } \\) IPTG로 단백질의 발현을 유도하면, 대장균에서 안정성어 높은 단백질들은 1 리터 대장균 배양액 당 10 \\( \\mathrm { mg } \\) 이상의 GST-fusion 단백질로 순수하게 회수할 수 있다. 그러나 GST-Parkin의 경우 79 \\( \\mathrm { kDa } \\)외에도 30 \\( \\mathrm { kDa } \\)과 45 \\( \\mathrm { kDa } \\) 사이에서 여러 밴드들이 나타났으며, 79 \\( \\mathrm { kDa } \\)의 GST-Parkin 단백질보다는 38 \\( \\mathrm { kDa } \\) 크기의 단백질 fragment가 더 많은 양 관찰되었다(Fig. 1B, lane 5).</p>",
                "context_length": 2409,
                "clue": [
                    {
                        "clue_text": "HEK293 세포는 10 \\( \\%( \\mathrm { v } / \\mathrm { v } ) \\) fetal bovine serum, 50 \\( \\mathrm { U } / \\mathrm { ml } \\) penicillin과 50 \\( \\mu \\mathrm { g } / \\mathrm { ml } \\) streptomycin이 첨가된 Dulbecco's modified Eagle minimum essential medium (DMEM) (Invitrogen)에 5 \\( \\% \\) \\( \\mathrm { CO } _ { 2 } \\) 상태로 37 \\( ^ {\\circ } \\mathrm { C } \\)에서 배양하였다.",
                        "clue_start": "37",
                        "clue_end": "385"
                    },
                    {
                        "clue_text": "포유류 세포에서 발현되는 plasmid는 LipofectAMINE re-agent (Invitrogen)를 사용하여 HEK293 세포에 transfection 하였다. 세포에 DNA를 transfection하여 24 시간 경과한 후 세포를 harvest하여 배지를 제거하고 RIPA buffer (20 \\( \\mathrm { mM } \\) Tris, \\( \\mathrm { pH } \\) 7.5, 150 \\( \\mathrm { mM } \\) \\( \\mathrm { NaCl } \\), 0.1 \\( \\% \\) SDS, 1 \\( \\% \\) Triton X-100, 1 \\( \\% \\) sodium deoxycholate)로 30 분간 얼음에 놓아서 세포를 용해시킨 후 14,400 \\( \\times g \\)에서 30 분간 원심분리 하여 세포 찌꺼기를 제거하였다.",
                        "clue_start": "386",
                        "clue_end": "810"
                    },
                    {
                        "clue_text": "대장균에서 Parkin을 다량으로 발현, 정제하기 위해 human parkin cDNA를 pGEX4T-1 expression vector에 cloning하여 Escherichia coli BL21 strain에서 GST-Parkin fusion 단백질을 발현하였다(Fig. 1).",
                        "clue_start": "1348",
                        "clue_end": "1504"
                    },
                    {
                        "clue_text": "배양온도 37 \\( ^ {\\circ } \\mathrm { C } \\)에서0.5 \\( \\mathrm { mM } \\) IPTG (일반적인 배양조건)로 단백질의 발현을 유도한 후, Gultathione Sepharose 4B bead를 이용하여 친수성의 대장균 lysate로부터 GST-Parkin 단백질을 정제하여 발현양상을 비교 분석하였다(Fig. 1).",
                        "clue_start": "1775",
                        "clue_end": "1973"
                    },
                    {
                        "clue_text": "1). pGEX 시스템을 이용하여 37 \\( ^ {\\circ } \\mathrm { C } \\) 배양온도에서 0.5 \\( \\mathrm { mM } \\) IPTG로 단백질의 발현을 유도하면, 대장균에서 안정성어 높은 단백질들은 1 리터 대장균 배양액 당 10 \\( \\mathrm { mg } \\) 이상의 GST-fusion 단백질로 순수하게 회수할 수 있다.",
                        "clue_start": "1970",
                        "clue_end": "2169"
                    }
                ],
                "terminology": [
                    {
                        "word": "Analysis"
                    },
                    {
                        "word": "BL21"
                    },
                    {
                        "word": "BioRad"
                    },
                    {
                        "word": "Cell Signaling"
                    },
                    {
                        "word": "Cell Signaling Technology"
                    },
                    {
                        "word": "DMEM"
                    },
                    {
                        "word": "DNA"
                    },
                    {
                        "word": "Da"
                    },
                    {
                        "word": "ECL"
                    },
                    {
                        "word": "Escherichia"
                    },
                    {
                        "word": "Escherichia coli"
                    },
                    {
                        "word": "ExPASy"
                    },
                    {
                        "word": "GST-Parkin"
                    },
                    {
                        "word": "GST-Parkin fusion"
                    },
                    {
                        "word": "GST-Parkin 단백질"
                    },
                    {
                        "word": "GST-fusion"
                    },
                    {
                        "word": "GST-fusion 단백질"
                    },
                    {
                        "word": "HA"
                    },
                    {
                        "word": "HEK293"
                    },
                    {
                        "word": "IPTG"
                    },
                    {
                        "word": "Invitrogen"
                    },
                    {
                        "word": "LipofectAMINE"
                    },
                    {
                        "word": "LipofectAMINE re-agent"
                    },
                    {
                        "word": "Myc"
                    },
                    {
                        "word": "NaCl"
                    },
                    {
                        "word": "Parkin"
                    },
                    {
                        "word": "Pharmacia"
                    },
                    {
                        "word": "Protein"
                    },
                    {
                        "word": "Protein assay"
                    },
                    {
                        "word": "Protein assay solution"
                    },
                    {
                        "word": "RIPA"
                    },
                    {
                        "word": "RIPA buffer"
                    },
                    {
                        "word": "SDS"
                    },
                    {
                        "word": "SDS-PAGE"
                    },
                    {
                        "word": "Santa Cruz"
                    },
                    {
                        "word": "Sepharose"
                    },
                    {
                        "word": "Signaling"
                    },
                    {
                        "word": "Tris"
                    },
                    {
                        "word": "Triton"
                    },
                    {
                        "word": "Triton X-100"
                    },
                    {
                        "word": "antibody"
                    },
                    {
                        "word": "assay"
                    },
                    {
                        "word": "bead"
                    },
                    {
                        "word": "bovine"
                    },
                    {
                        "word": "buffer"
                    },
                    {
                        "word": "cDNA"
                    },
                    {
                        "word": "cloning"
                    },
                    {
                        "word": "deoxycholate"
                    },
                    {
                        "word": "expression"
                    },
                    {
                        "word": "expression vector"
                    },
                    {
                        "word": "fetal bovine serum"
                    },
                    {
                        "word": "fragment"
                    },
                    {
                        "word": "fusion"
                    },
                    {
                        "word": "glutathione"
                    },
                    {
                        "word": "glutathione S-transferase"
                    },
                    {
                        "word": "human parkin cDNA"
                    },
                    {
                        "word": "immunoblot"
                    },
                    {
                        "word": "immunoblot assay"
                    },
                    {
                        "word": "immunoblotting"
                    },
                    {
                        "word": "in vitro"
                    },
                    {
                        "word": "kDa"
                    },
                    {
                        "word": "lane"
                    },
                    {
                        "word": "lysate"
                    },
                    {
                        "word": "membrane"
                    },
                    {
                        "word": "minimum essential medium"
                    },
                    {
                        "word": "nitrocellulose"
                    },
                    {
                        "word": "nitrocellulose membrane"
                    },
                    {
                        "word": "pGEX"
                    },
                    {
                        "word": "pH"
                    },
                    {
                        "word": "plasmid"
                    },
                    {
                        "word": "polyclonal Parkin"
                    },
                    {
                        "word": "secondary antibody"
                    },
                    {
                        "word": "serum"
                    },
                    {
                        "word": "sodium"
                    },
                    {
                        "word": "sodium deoxycholate"
                    },
                    {
                        "word": "streptomycin"
                    },
                    {
                        "word": "transfection"
                    },
                    {
                        "word": "vector"
                    },
                    {
                        "word": "단백질"
                    },
                    {
                        "word": "단백질 농도"
                    },
                    {
                        "word": "대장균"
                    },
                    {
                        "word": "발현"
                    },
                    {
                        "word": "배양"
                    },
                    {
                        "word": "배양액"
                    },
                    {
                        "word": "배양온도"
                    },
                    {
                        "word": "배양조건"
                    },
                    {
                        "word": "배지"
                    },
                    {
                        "word": "밴드"
                    },
                    {
                        "word": "분자량"
                    },
                    {
                        "word": "상층액"
                    },
                    {
                        "word": "세포"
                    },
                    {
                        "word": "세포 배양"
                    },
                    {
                        "word": "원심분리"
                    },
                    {
                        "word": "정제"
                    },
                    {
                        "word": "친수성"
                    }
                ]
            }
        ]
    }
}