{
    "dataset_info": {
        "identifier": "02-031-002-NL",
        "name": "기술과학 문서 요약 데이터",
        "category": "자연어",
        "last_updated": "2023-08-30"
    },
    "dataset": {
        "doc_id": "31a7cd33-af05c681-3ff7-403f-b273-48af85f8bb58",
        "doc_type": "논문",
        "doc_title": {
            "kor": "국내 자생 좀개구리밥 (Lemna paucicostata) 및 개구리밥(Spirodela polyrhiza)의 엽상체 증식을 통한 기내 식물체 대량 증식체계 확립",
            "eng": ""
        },
        "doc_category": {
            "KDC": "481.1705",
            "DDC": ""
        },
        "doc_number": {
            "ISSN": "1229-2818",
            "ISBN": "",
            "DOI": "",
            "UCI": ""
        },
        "doc_year": "2009",
        "doc_author": [
            "오명진",
            "박종미",
            "고석민",
            "유장렬",
            "김석원"
        ],
        "doc_publisher": "한국식물생명공학회",
        "doc_license": "CC BY-NC",
        "context_info": [
            {
                "context_id": "55e-0c9-0f3c5298-9390-4c6c-9c2b-f73b957d19ac",
                "context_K-NSCC": {
                    "field": "생명",
                    "large_category": "LA",
                    "medium_category": "05"
                },
                "context": "<h1>결과 및 고찰</h1> <h2>좀개구리밥 엽상체 증식에 미치는 MS salts의 영향</h2> <p>좀개구리밥의 엽상체 증식에 요구되는 MS 배지의 무기염류 농도를 조사한 결과 좀개구리밥 엽상체는 MS 배지의 무기염류 농도를 \\( 1 / 2 \\) 로 낮춘 배양 조건에서 엽상체 증식이 배양 3주 동안 5배 이상 증식이 이루어짐을 알 수 있었다. MS 무기 염류농도가 증가할수록 엽상체 증식은 오히려 감소하였으며 MS 무기염류 농도가 4배로 농축된 배지에서는 엽상체 증식 효율이 감소하면서 엽상체가 백화되면서 사멸하였다. MS 무기염류가 전혀 첨가되지 않은 증류수에서도 3주 동안 증식은 이루어지지 않지만 엽상체가 녹색을 띠며 식물체 생존이 가능하였다. \\( 1 / 2 \\mathrm{MS} \\) 배지에서 엽상체의 증식속도는 배양개시 1주일간은 증식 속도가 낮지만 이후 배양 기간이 증가될수록 엽상체 증식속도가 빠르게 증가됨을 알 수 있었다. 또한 하나의 엽상체에서 엽상체 수가 약 4~6개로 증식됨을 알 수 있었다. 이상의 결과로 미루어볼 때 좀개구리밥 엽상체 증식에 요구되는 MS 배지의 무기염류 농도는 MS 무기염류 농도를 \\( 1 / 2 \\) 로 낮춘 배양조건일 것으로 판단된다. 따라서 이후 모든 실험은 \\( 1 / 2 \\mathrm{MS} \\) 배지 조건에서 수행하였다.</p> <h2>좀개구리밥 엽상체 증식 및 캘러스 형성에 미치는 생장조절제의 영향</h2> <p>좀개구리밥의 엽상체는 캘러스 형성을 거치지 않고 기존의 엽상체 (mother fronds) 기저부에서 새로운 엽상체 (daughter fronds)가 양쪽에서 동시에 또는 한쪽에서 신장이 이루어지면서 증식이 이루어졌다. 좀개구리밥 엽상체는 생장조절제가 첨가되지 않은 \\( 1 / 2 \\mathrm{MS} \\) 기본배지에서도 증식이 가능하였으며 배양기간이 4주 이상 유지되면 \\( 1 / 2 \\mathrm{MS} \\) 기본배지에 치상된 엽상체에서는 뿌리의 신장 및 발달이 관찰되었다. 그러나 \\( 1 \\mathrm{mg} / \\mathrm{L} \\mathrm{~BA} \\) 처리구에서는 엽상체의 직접적인 증식이 더욱 활발하게 이루어졌다. 좀개구리밥 엽상체 증식에 미치는 BA의 농도별 효과를 조사한 결과 \\( 1 \\sim 3 \\) \\( \\mathrm{mg} / \\mathrm{L} \\mathrm{~BA} \\) 처리구에서 엽상체의 증식이 \\( 93 \\% \\) 이상으로 매우 왕성하게 이루어졌다. 그러나 \\( 10 \\mathrm{mg} / \\mathrm{L} \\mathrm{~BA} \\) 처리구에서는 엽상체 증식률이 \\( 81.5 \\% \\) 로, \\( 30 \\mathrm{mg} / \\mathrm{L} \\mathrm{~BA} \\) 처리구에서는 \\( 3.3 \\% \\) 로 감소하였다. 생장조절제로 2,4-D의 영향은 BA와 달리 배양 초기 엽상체의 팽창이 이루어지지만 증식은 전혀 일어나지 않았으며 배양 1~2주 까지는 녹색 유지하다가 약 4주 배양한 결과, 2,4-D 처리구에서는 농도가 증가할수록 엽상체가 백색으로 괴사되었다. 이상의 결과로 좀개구리밥의 엽상체 증식에는 \\( 1 \\sim 3 \\mathrm{mg} / \\mathrm{L} \\) 범위내에 BA 처리가 엽상체 증식에 효과적임을 알 수 있었다.</p> <p>개구리밥 엽상체로부터 캘러스 형성을 유도하기 위하여 엽상체 및 뿌리를 좀개구리밥과 동일한 방법으로 조사하였으나 모든 처리구에서 캘러스 형성을 관찰 할 수 없었다 (자료 미제시). 개구리밥 엽상체로부터 캘러스 형성빈도가 낮은 원인 역시 실험에 사용된 개구리밥의 특성 차이에서 기인할 것으로 추측된다. 아직 국내에 자생중인 개구리밥의 자생지별 생태학적, 유전학적 연구가 거의 이루어지지 않은 상태이다. 이와 같은 특성 규명이 이루어져야 보다 재분화능이 우수한 개구리밥 라인 선발이 가능할 것으로 기대된다.</p> <h2>개구리밥 및 좀개구리밥 대량 배양 및 건중량 생산성</h2> <p>개구리밥 및 좀개구리밥의 엽상체로부터 대량증식 체계를 이용하여 자연 상태에서 바이오매스 생산량을 조사하였다. 기내에서 재생된 좀개구리밥 (Fig. 5A) 및 개구리밥 (Fig. 5B) 식물체를 수조에서 대량 증식 시킨 후 1 주일 간격으로 수집하여 건중량/생중량 비율을 조사한 결과 좀개구리밥의 건중량/생중량 비율은 \\(6.5-11.5\\%\\)로 식물체 전체 수분 함량이 \\(88.5\\sim 93.5\\%\\) 임을 알 수 있었다. 반면에 개구리밥의 경우 건중량/생중량 비율이 \\(8.5 \\sim 21.4 \\% \\) 로 식물체 전체 수분 함량이 \\(79.6\\sim 91.5\\% \\)임을 알 수 있었다. 건중량/생중량 비율은 두 식물 모두 채집기간별로 차이를 보였으며 개구리밥의 수분 함량 변화가 좀개구리밥에 비해 상대적으로 더 큼을 알 수 있었다. 또한 1주일 간격으로 수집된 좀개구리밥의 총건중량을 기준으로 연간 바이오매스 생산성을 추정 계산한 결과 좀개구리밥 및 개구리밥의 연간 건조 바이오매스 생산량은 각각 8.9톤 및 9.8톤이었다. 이와 같은 바이오매스 생산성은 타작물에 비해 낮지 않은 것으로 개구리밥 식물의 바이오매스를 다른 바이오산업 분야에 활용이 가능할 것으로 기대된다.</p> <p>본 연구에서는 개구리밥 및 좀개구리밥의 엽상체의 직접적인 증식방법을 통해 기내 대량증식 체계를 확립하였다. 따라서 본 연구에서 확립된 개구리밥 및 좀개구리밥의 기내 배양체계는 유용 유전자 도입을 통한 형질전환 개구리밥 식물의 개발의 직접적인 연구소재로 활용이 가능할 것으로 기대되며 아울러 이를 통한 개구리밥 식물의 산업적 활용가치 증대에 기여할 수 있을 것으로 예상된다.</p>",
                "context_length": 2772,
                "clue": [
                    {
                        "clue_text": "좀개구리밥의 엽상체 증식에 요구되는 MS 배지의 무기염류 농도를 조사한 결과 좀개구리밥 엽상체는 MS 배지의 무기염류 농도를 \\( 1 / 2 \\) 로 낮춘 배양 조건에서 엽상체 증식이 배양 3주 동안 5배 이상 증식이 이루어짐을 알 수 있었다.",
                        "clue_start": "60",
                        "clue_end": "196"
                    },
                    {
                        "clue_text": "MS 무기 염류농도가 증가할수록 엽상체 증식은 오히려 감소하였으며 MS 무기염류 농도가 4배로 농축된 배지에서는 엽상체 증식 효율이 감소하면서 엽상체가 백화되면서 사멸하였다.",
                        "clue_start": "197",
                        "clue_end": "294"
                    },
                    {
                        "clue_text": "이상의 결과로 좀개구리밥의 엽상체 증식에는 \\( 1 \\sim 3 \\mathrm{mg} / \\mathrm{L} \\) 범위내에 BA 처리가 엽상체 증식에 효과적임을 알 수 있었다.",
                        "clue_start": "1515",
                        "clue_end": "1613"
                    },
                    {
                        "clue_text": "개구리밥 엽상체로부터 캘러스 형성을 유도하기 위하여 엽상체 및 뿌리를 좀개구리밥과 동일한 방법으로 조사하였으나 모든 처리구에서 캘러스 형성을 관찰 할 수 없었다 (자료 미제시).",
                        "clue_start": "1621",
                        "clue_end": "1720"
                    },
                    {
                        "clue_text": "이와 같은 바이오매스 생산성은 타작물에 비해 낮지 않은 것으로 개구리밥 식물의 바이오매스를 다른 바이오산업 분야에 활용이 가능할 것으로 기대된다.",
                        "clue_start": "2471",
                        "clue_end": "2552"
                    }
                ],
                "terminology": [
                    {
                        "word": "BA 처리"
                    },
                    {
                        "word": "MS 배지"
                    },
                    {
                        "word": "salts"
                    },
                    {
                        "word": "건중량"
                    },
                    {
                        "word": "기저부"
                    },
                    {
                        "word": "바이오매스"
                    },
                    {
                        "word": "배양 기간"
                    },
                    {
                        "word": "배양개시"
                    },
                    {
                        "word": "백화"
                    },
                    {
                        "word": "생장조절제"
                    },
                    {
                        "word": "생중량"
                    },
                    {
                        "word": "염류농도"
                    },
                    {
                        "word": "엽상체"
                    },
                    {
                        "word": "엽상체 증식"
                    },
                    {
                        "word": "유용 유전자"
                    },
                    {
                        "word": "유전자 도입"
                    },
                    {
                        "word": "재분화능"
                    },
                    {
                        "word": "좀개구리밥"
                    },
                    {
                        "word": "증류수"
                    },
                    {
                        "word": "치상"
                    },
                    {
                        "word": "캘러스"
                    },
                    {
                        "word": "캘러스 형성빈도"
                    }
                ]
            },
            {
                "context_id": "55e-0c9-a886c415-c7a2-465e-ac56-21d712f83a5a",
                "context_K-NSCC": {
                    "field": "생명",
                    "large_category": "LA",
                    "medium_category": "05"
                },
                "context": "<h1>서 론</h1> <p>국내에 자생하는 좀개구리밥 (Lemna paucicostata (L.) Hegelmaier) 및 개구리밥 (Spirodela polyrhiza (L.) Schelid.)은 개구리밥과에 속하는 대표적인 부엽성 수생식물이다. 좀개구리밥은 개구리밥에 비하여 크기가 매우 작으며 (길이 3~4\\( \\ mm \\), 너비 2~3\\( \\ mm \\)) 엽상체(frond) 하나에서 1 개의 수중근을 가지고 있다. 반면 개구리밥은 크기가 크며 (길이 \\( 3-8 \\ mm \\), 너비 \\( 4-6 \\ mm \\) 엽상체 뒷면 중앙부위에 대략 5-11개의 뿌리를 가지고 있다.</p> <p>개구리밥 식물체는 최적 조건에서 개체의 복제가 2일 이내에 이루어지는 증식 속도가 매우 빠른 식물체이다 (Landolt and Kandeler, 1987). 개구리밥의 엽상체는 건중량당 단백질 함량이 최대 \\( 45 \\% \\) 를 차지하여 축산 사료로 잠재적 가치가 우수하다 (Chang et al. 1977; Faskin 1999). 또한 개구리밥은 붕소 (Marína and, Oronb, 2007), 우라늄 및 비소 (Mkandawire et al. 2004), 납 및 니켈(Axtell et al. 2003; Rahmani and Sternberg 1999), 크롬 (Dirilgen, 1998), 수은 (Isakssonet al., 2007) 등 환경 유해물질에 대한 내성도 매우 강한 것으로 알려져 있으며 축산폐수 등 유기 오염원에 대한 생물학적 복구 능력이 우수하다 (Bergmann et al. 2000). 이와 같은 환경정화능 외에도 한방에서는 개구리밥의 전초를 말려서 해열, 이뇨작용은 물론 심장혈관계통 약재로 사용하고 있다. 그러나 이와 같은 약리적, 산업적 활용가치가 매우 높음에도 불구하고 국내에서는 개구리밥 식물을 이용한 바이오 신산업 활용에 관한 연구가 거의 이루어지지 않고 있는 실정이다.</p> <p>개구리밥 식물의 산업적 활용을 위한 기반 구축을 위한 개구리밥의 조직배양 연구는 Lemna gibba G3의 식물체 재생 (Chang and Chiu, 1978) 보고 이후 Lemna gibba의 증식에 미치는 생장조절제 영향(Moon and Stomp 1997; Moon et al. 1998), Lemna minor 로부터 캘러스 유기를 통한 식물체 재생 (Stefaniak et al. 2002) 그리고 최근 Spirodela 와 Lemna의 식물체 재생체계 연구 (Li et al., 2004) 등 많은 보고가 이루어진 바 있다. 또한 개구리밥의 빠른 증식 및 간단한 대량 배양체계를 활용하여 인체에 유용한 의료용 단백질의 대량 생산 연구가 수행되고 있다(Yamamoto et al. 2001). 더 나아가 인체의 당쇄 패턴과 유사한 항체를 Lemna minor의 형질전환을 통해 생산하고자 연구가 진행되고 있다 (Cox et al. 2006).</p> <p>최근 캘러스에서 면역 조절기능이 있는 pectins 및 arabinogalactans의 대량생산이 가능함이 보고된 바 있다 (Gyunter et al. 2008). 이와 같이 개구리밥 식물의 산업적 활용 가능성이 매우 큼에도 불구하고 아직 국내에 자생중인 개구리밥 식물의 배양체계 확립 및 형질전환에 대한 연구가 시도 된 바 없다. 따라서 본 연구에서는 국내에 자생중인 개구리밥 및 좀개구리밥의 분자육종에 필요한 기반 연구로 개구리밥 및 좀개구리밥의 기내 배양체계 확립에 요구되는 생장조절제의 영향 및 엽상체 증식에 요구되는 무기염류 농도의 영향, 캘러스 형성 및 식물체 재생체계를 확립하고자 하였다.</p>",
                "context_length": 1793,
                "clue": [
                    {
                        "clue_text": "개구리밥 식물체는 최적 조건에서 개체의 복제가 2일 이내에 이루어지는 증식 속도가 매우 빠른 식물체이다 (Landolt and Kandeler, 1987).",
                        "clue_start": "335",
                        "clue_end": "422"
                    },
                    {
                        "clue_text": "이와 같은 약리적, 산업적 활용가치가 매우 높음에도 불구하고 국내에서는 개구리밥 식물을 이용한 바이오 신산업 활용에 관한 연구가 거의 이루어지지 않고 있는 실정이다.",
                        "clue_start": "868",
                        "clue_end": "960"
                    },
                    {
                        "clue_text": "따라서 본 연구에서는 국내에 자생중인 개구리밥 및 좀개구리밥의 분자육종에 필요한 기반 연구로 개구리밥 및 좀개구리밥의 기내 배양체계 확립에 요구되는 생장조절제의 영향 및 엽상체 증식에 요구되는 무기염류 농도의 영향, 캘러스 형성 및 식물체 재생체계를 확립하고자 하였다.",
                        "clue_start": "1639",
                        "clue_end": "1789"
                    }
                ],
                "terminology": [
                    {
                        "word": "arabinogalactans"
                    },
                    {
                        "word": "pectins"
                    },
                    {
                        "word": "단백질"
                    },
                    {
                        "word": "당쇄"
                    },
                    {
                        "word": "분자육종"
                    },
                    {
                        "word": "비소"
                    },
                    {
                        "word": "생장조절제"
                    },
                    {
                        "word": "식물체"
                    },
                    {
                        "word": "엽상체 증식"
                    },
                    {
                        "word": "조직배양"
                    },
                    {
                        "word": "좀개구리밥"
                    },
                    {
                        "word": "캘러스 유기"
                    },
                    {
                        "word": "항체"
                    },
                    {
                        "word": "형질전환"
                    }
                ]
            },
            {
                "context_id": "55e-0c9-5fb1c058-2352-43cd-a854-d004f7c01979",
                "context_K-NSCC": {
                    "field": "생명",
                    "large_category": "LA",
                    "medium_category": "05"
                },
                "context": "<h1>재료 및 방법</h1> <h2>식물재료</h2> <p>국내에 자생하는 개구리밥 (Spirodela polyrhiza (L.) Schelid.) 및 좀개구리밥 (Lemna paucicostata (L.) Hegelmaier) 엽상체는 2005년 5월 대전근교 논에서 채집하였으며 아주대학교 수생식물종자은행을 통하여 정확한 동정을 수행한 다음 실험에 사용하였다. 식물체의 표면 살균은 증식된 식물체를 흐르는 수돗물에 1일간 세척한 다음 \\( 10 \\% \\) 상업용 락스 용액에 20분간 표면살균을 하였다. 표면 살균된 식물체를 무균작업대에서 멸균수로 3~4회 세척한 다음 멸균된 여과지에서 표면의 수분을 제거하였다. 살균된 식물체를 이용하여 이후 엽상체 배양체계 확립 연구에 사용하였다.</p> <h2>좀개구리밥의 기내 식물체 증식에 미치는 배지내 무기 염류 농도 영향</h2> <p>표면 살균된 좀개구리밥의 식물체를 MS (Murashige and Skoog 1962) 배지의 무기염류 농도를 \\( 1 / 2 \\), 1, 2, 4배로 조정한 배지 및 증류수에 각각 배양을 하였다. 좀개구리밥의 엽상체는 \\( 25^{\\circ} \\mathrm{C} \\) 명배양 (약 \\( 80 \\mathrm{umol} \\mathrm{m}^{-2} \\mathrm{~s}^{-1} \\); 광주기 \\( 16 / 8 \\) 시간)하면서 개체 증식을 유도하였다. 각 처리구는 좀개구리밥 엽상체를 20 개씩 3 반복으로 배양배지 \\( 100 \\mathrm{ml} \\) 이 첨가된 배양병에서 유지하였다. 약 3주간 배양 후 증식이 이루어진 엽상체의 수를 조사하여 무기염류 농도에 따른 엽상체의 증식 효율을 조사하였다.</p> <h2>엽상체 증식 및 캘러스 형성에 미치는 생장조절제의 영향</h2> <p>개구리밥 및 좀개구리밥 엽상체를 \\( \\mathrm{MS} \\) 배지의 모든 무기염류 농도를 \\( 1 / 2 \\) 로 낮추고 각각 \\( 0.4 \\mathrm{mg} / \\mathrm{L} \\) thiamine \\( \\cdot \\mathrm{HCl}, 100 \\mathrm{mg} / \\mathrm{L} \\) myo-inositol, \\( 30 \\mathrm{~g} / \\mathrm{L} \\) sucrose 및 \\( 4 \\mathrm{~g} / \\mathrm{L} \\) Gelrite 가 첨가된 배지(\\( 1 / 2 \\mathrm{MS} \\) 배지)에 치상하여 기내 엽상체 배양을 유지하였다. 기내에서 증식중인 엽상체를 이용하여 엽상체 증식에 미치는 생장조절제 영향을 조사하였다. 기내에 유지중인 개구리밥 및 좀개구리밥 엽상체를 \\( 1 / 2 \\mathrm{MS} \\) 배지에 생장조절제로 BA (benzyl aminopurine) 및 2,4-D(2,4-dichlorophenoxyacetic acid) 를 각각 0, 1, 3, 10과 \\( 30 \\mathrm{mg} / \\mathrm{L} \\) 첨가된 배지에 치상하였다. 각 처리구는 엽상체를 20개씩 3 반복으로 치상한 후 상기의 배양조건에 따라 명배양하였다. 배양개시 4주 후 치상된 엽상체로부터 대량증식이 이루어진 엽상체 수를 조사하여 생장조절제에 따른 엽상체의 증식 효율을 조사하였다.</p> <p>또한 생장조절제가 개구리밥 및 좀개구리밥 엽상체로부터 캘러스 형성에 미치는 영향을 조사하기 위하여 엽상체 (길이 약 \\( 3 \\mathrm{~mm} \\) ) 및 뿌리 (길이 약 \\( 5 \\mathrm{~mm} \\) ) 를 절단하여 \\( \\mathrm{BA} \\) 와 2,4-D 가 각각 0,0.1, 0.3, 1,3 및 \\( 10 \\mathrm{mg} / \\mathrm{L} \\) 첨가된 \\( 1 / 2 \\mathrm{MS} \\) 배지에 배양하였다. 각 처리구는 엽상체 및 부리를 20 개씩 3 반복으로 치상하였으며 상기의 배양조건에 따라 배양하였다. 배양개시 4주 후 치상된 엽상체로부터 캘러스 형성이 이루어진 엽상체 수를 조사하여 생장조절제가 개구리밥 및 좀개구리밥 캘러스 형성에 미치는 영향을 조사하였다.</p> <h2>좀개구리밥 엽상체 유래 캘러스의 현탁배양체계 확립</h2> <p>좀개구리밥 캘러스로부터 현탁배양체계를 확립하기위하여 \\(1 \\mathrm{mg} / \\mathrm{L} \\mathrm{BA} \\) 가 첨가된 \\( 1 / 2 \\mathrm{MS} \\) 배지(1/2 MS1BA 배지)에서 유도된 캘러스를 사용하였다. \\( 1 / 2 \\mathrm{MS} 1 \\mathrm{BA} \\) 액체배지 \\( 20 \\mathrm{ml} \\) 이 첨가된 Erlenmeyer flask \\( (250 \\mathrm{ml}) \\) 에 증식된 캘러스(약 \\( 1 \\mathrm{~g}) \\) 를 옮겨준 다음 \\( 25^{\\circ} \\mathrm{C}, 100 \\) \\( \\mathrm{rpm} \\) 으로 현탁배양을 개시하였다. 약 1 주간 배양한 다음, 동일 조성의 액체배지를 각각 \\( 20 \\mathrm{ml} \\) 첨가하여 1 주간 배양하였다. 이후에는 현탁배양세포 \\( 10 \\mathrm{ml} \\) 를 동일 조성의 액체배지 \\( 50 \\mathrm{ml} \\) 이 첨가된 Erlen-meyer flask로 옮겨 약 2 주 간격으로 계대배양하였다.</p> <p>현탁배양중인 세포주로부터 식물체 재생을 위하여 약 2 주 배양된 세포괴를 생장조절제가 첨가되지 않은 \\( 1 / 2 \\mathrm{MS} \\) 기본배지로 옮겨 각 Petri dish \\( (87 \\times 15 \\mathrm{~mm}) \\) 당 세포괴를 10 개씩 치상하였으며 총 3개의 반복구를 준비하여 \\( 25^{\\circ} \\mathrm{C} \\) 명배양하였다.</p> <h2>개구리밥 및 좀개구리밥 대량 배양 및 건중량 생산성 조사</h2> <p>개구리밥 및 좀개구리밥의 엽상체로부터 대량증식 체계를 이용하여 자연 상태에서 바이오매스 생산량을 조사하고자 인공 수조에서 대량 배양체계를 확립하였다. 기내에서 재생된 좀개구리밥 및 개구리밥 식물체를 약 \\( 0.63 \\mathrm{~m}^{2} \\) 수조에 옮긴 다음 하이포네스 영양액 \\( (0.25 \\mathrm{~g} / \\mathrm{L}) \\) 을 첨가하였다. 이후 자연 상태에서 배양을 개시하였으며 각각의 식물체가 수조 표면을 충분히 덮을 정도로 증식이 이루어진 상태에서 1 주일 간격으로 수조 표면에 떠 있는 식물체의 약 절반을 수거하여 수돗물로 세척한 다음 표면의 수분이 제거되도록 방치한 다음 생중량 약 \\( 10 \\mathrm{~g} \\) 씩 3 개의 반복구를 준비하였다. 건중량은 \\( 60{ }^{\\circ} \\mathrm{C} \\) 건조기에서 24 시간 말린 다음 조사하였다. 연간 바이오매스 생산량은 1 주일간격으로 수집된 개구리밥 및 좀개구리밥의 총 건중량을 기준으로 단위 수조 면적에 대한 연간 생산량 추정치를 계산하였다.</p>",
                "context_length": 3371,
                "clue": [
                    {
                        "clue_text": "국내에 자생하는 개구리밥 (Spirodela polyrhiza (L.) Schelid.) 및 좀개구리밥 (Lemna paucicostata (L.) Hegelmaier) 엽상체는 2005년 5월 대전근교 논에서 채집하였으며 아주대학교 수생식물종자은행을 통하여 정확한 동정을 수행한 다음 실험에 사용하였다.",
                        "clue_start": "34",
                        "clue_end": "204"
                    },
                    {
                        "clue_text": "표면 살균된 식물체를 무균작업대에서 멸균수로 3~4회 세척한 다음 멸균된 여과지에서 표면의 수분을 제거하였다.",
                        "clue_start": "285",
                        "clue_end": "346"
                    },
                    {
                        "clue_text": "배양개시 4주 후 치상된 엽상체로부터 캘러스 형성이 이루어진 엽상체 수를 조사하여 생장조절제가 개구리밥 및 좀개구리밥 캘러스 형성에 미치는 영향을 조사하였다.",
                        "clue_start": "1895",
                        "clue_end": "1983"
                    },
                    {
                        "clue_text": "좀개구리밥 캘러스로부터 현탁배양체계를 확립하기위하여 \\(1 \\mathrm{mg} / \\mathrm{L} \\mathrm{BA} \\) 가 첨가된 \\( 1 / 2 \\mathrm{MS} \\) 배지(1/2 MS1BA 배지)에서 유도된 캘러스를 사용하였다.",
                        "clue_start": "2028",
                        "clue_end": "2165"
                    },
                    {
                        "clue_text": "연간 바이오매스 생산량은 1 주일간격으로 수집된 개구리밥 및 좀개구리밥의 총 건중량을 기준으로 단위 수조 면적에 대한 연간 생산량 추정치를 계산하였다.",
                        "clue_start": "3283",
                        "clue_end": "3367"
                    }
                ],
                "terminology": [
                    {
                        "word": "BA"
                    },
                    {
                        "word": "Erlenmeyer flask"
                    },
                    {
                        "word": "Gelrite"
                    },
                    {
                        "word": "MS"
                    },
                    {
                        "word": "MS  배지"
                    },
                    {
                        "word": "Petri dish"
                    },
                    {
                        "word": "acid"
                    },
                    {
                        "word": "benzyl"
                    },
                    {
                        "word": "flask"
                    },
                    {
                        "word": "myo-inositol"
                    },
                    {
                        "word": "sucrose"
                    },
                    {
                        "word": "thiamine"
                    },
                    {
                        "word": "개구리밥"
                    },
                    {
                        "word": "건중량"
                    },
                    {
                        "word": "계대배양"
                    },
                    {
                        "word": "광주기"
                    },
                    {
                        "word": "기내 식물체"
                    },
                    {
                        "word": "동정"
                    },
                    {
                        "word": "멸균수"
                    },
                    {
                        "word": "명배양"
                    },
                    {
                        "word": "무균작업대"
                    },
                    {
                        "word": "바이오매스"
                    },
                    {
                        "word": "배양"
                    },
                    {
                        "word": "배양개시"
                    },
                    {
                        "word": "배양배지"
                    },
                    {
                        "word": "배양병"
                    },
                    {
                        "word": "배양조건"
                    },
                    {
                        "word": "배지"
                    },
                    {
                        "word": "생장조절제"
                    },
                    {
                        "word": "생중량"
                    },
                    {
                        "word": "세포주"
                    },
                    {
                        "word": "식물체"
                    },
                    {
                        "word": "액체배지"
                    },
                    {
                        "word": "여과지"
                    },
                    {
                        "word": "연간 생산량"
                    },
                    {
                        "word": "염류"
                    },
                    {
                        "word": "엽상체"
                    },
                    {
                        "word": "엽상체 증식"
                    },
                    {
                        "word": "좀개구리밥"
                    },
                    {
                        "word": "증류수"
                    },
                    {
                        "word": "증식"
                    },
                    {
                        "word": "처리구"
                    },
                    {
                        "word": "치상"
                    },
                    {
                        "word": "캘러스"
                    },
                    {
                        "word": "표면 살균"
                    },
                    {
                        "word": "하이포네스 영양액"
                    },
                    {
                        "word": "현탁배양"
                    },
                    {
                        "word": "현탁배양세포"
                    },
                    {
                        "word": "현탁배양체계"
                    }
                ]
            }
        ]
    }
}