{
    "dataset_info": {
        "identifier": "02-031-002-NL",
        "name": "기술과학 문서 요약 데이터",
        "category": "자연어",
        "last_updated": "2023-08-30"
    },
    "dataset": {
        "doc_id": "8a2ae4d1-41d3eac1-c6d5-4318-a2eb-ab45ddcb2967",
        "doc_type": "논문",
        "doc_title": {
            "kor": "토양으로부터 분리한 Pandoraes sp. BCNU 315에 관한 연구",
            "eng": ""
        },
        "doc_category": {
            "KDC": "470.5",
            "DDC": ""
        },
        "doc_number": {
            "ISSN": "1225-9918",
            "ISBN": "",
            "DOI": "",
            "UCI": ""
        },
        "doc_year": "2008",
        "doc_author": [
            "김선아",
            "최혜정",
            "우승희",
            "황민정",
            "박미란",
            "김동완",
            "문자영",
            "주우홍"
        ],
        "doc_publisher": "한국생명과학회",
        "doc_license": "CC BY",
        "context_info": [
            {
                "context_id": "55e-0c9-e154994d-6efb-4eb3-80dc-5cb0cf82bb89",
                "context_K-NSCC": {
                    "field": "생명",
                    "large_category": "LA",
                    "medium_category": "06"
                },
                "context": "<h2>선발균주의 생리활성물질의 구조동정</h2> <p>Pandoraea sp. BCNU 315 균주를 최적 배지(\\(\\mathrm{pH}~7.0\\))에 접종하여 \\( 30^{\\circ} \\mathrm{C} \\)에서 10일 동안 대량 배양(60 1) 하였다. 배양 후 얻은 상충액을 108 1 ethylacetate로 추출하여, 얻은 시료를 hexane에 용해시킨 후 hexane으로 충진된 UV silica column chromatography \\( (\\varnothing 3.5 \\times 25) \\)에 흡착시켰다. 그리고 hexane : ethylacetate : dichloromethane (5:1:1)을 전개용매로 하여 \\(60\\mathrm{ml} / \\mathrm{h} \\)의 속도로 용출하여 \\( 20 \\mathrm{ml} \\)씩 분획하였다. 1~25번 분획물에서 \\( 78.4 \\mathrm{mg} \\)을 얻었고, 나머지 26~50번 분획물에서 \\( 68.4 \\mathrm{mg} \\)을 얻었다. 이를 Preparative Thin Layer Chromatography (PTLC)를 이용하여 다시 분리하였다. 그 결과 Frac I에서 CW I을 얻을 수 있었고, Frac II에서 CW II를 얻을 수 있었다. 이후 정제된 화합물에 대하여 HPLC, GC/MS, NMR로 구조를 분석 하였다.</p> <p>Pandoraea sp. BCNU 315 균주가 생산하는 대사물질을 정제한 것을 감압건조기로 농축한 다음 소량의 methanol에 녹여 \\( 20 \\mu \\mathrm{l} \\)를 HPLC를 이용하여 \\( 254 \\mathrm{~nm} \\)의 파장에서 흡광도를 측정하여 분석한 결과 CW I와 CW II는 단일 peak가 확인 되어 순수물질임이 추정되었다.</p> <p>분리한 CW I은 녹는점이 \\( 52-53^{\\circ} \\mathrm{C} \\) (lit. \\( 51-54^{\\circ} \\mathrm{C} \\) )이고 질량 스펙트럼(Mass spectroscopy)에서 분자이온(M+)이 117로 주어졌다. 그리고 적외선 스펙트럼으로 \\( 3,120 \\mathrm{~cm}^{-1} \\) 부근에서 이차아민(-NH-) 피르가 나타났다. H-NMR \\( \\left(400 \\mathrm{MHz}\\), \\(\\mathrm{CD}_{3} \\mathrm{OD}\\right) \\)스펙트럼으로 짝지음 상수 값(J) \\( 8.8 \\mathrm{~Hz} \\)인 \\( 7.43 \\mathrm{ppm} \\) 부근에서 4번 위치의 proton이 5번 proton과의 작용으로 스핀-스핀 갈라짐으로 이중선으로, 7번 proton은 6번의 proton에 의해 \\( 7.25 \\mathrm{ppm} \\)에서 이중선으로, 5번 위치의 proton은 \\( 6.97 \\mathrm{ppm} \\)에서 4번, 6번의 proton에 의해 겹쳐진 삼중선이 나타넜고, 6번 위치의 proton은 \\( 6.88 \\mathrm{ppm} \\)에서 5번과 7번의 proton에 의해 삼중선으로 나타났다. 그리고 2번과 3번 위치의 proton은 각각 \\( 7.09 \\mathrm{ppm}\\), \\(6.31 \\mathrm{ppm} \\) 에서 짝지음 상수 값(\\(J\\))이 각각 \\(3.14\\), \\( 3.21 \\mathrm{~Hz} \\)로 나타남으로 고리로 이루어진 cis-type의 결합으로 이루어져 있다. 또한 이차아민의 proton은 C-NMR 스펙트럼에서 주어진 각 위치의 탄소는 137.7, 129.4, 125.4, 122.1, 121.1, 119.9, 112.1, 102.2 \\(\\mathrm{ppm}\\)에서 주어졌다(unpublished da-ta). 이러한 결과로 이 성분은 1H-indole임을 확인할 수 있었다. 이 성분은 보고된 문헌의 자료와 일치함이 확인되었다.</p> <p>CW II 화합물의 H-NMR spectrum 분석 결과는 Fig. 8과 같으며, C-NMR spectrum 분석 결과는 Fig. 9와 같았다. 더 정확한 구조를 알기위해 DEPT 분석을 하였고 그 결과는 Fig. 10에 나타내었다. 분리 정제한 물진의 구조 중 수소 원자가 어떤 탄소에 결합하고 있는지 알아보기 위하여 COSY NMR spectrum을 조사하였으며 그 결과는 Fig. 11과 Fig. 12에 나타내었다. 분리된 CW II는 액체의 성분이고 1H-NMR 스펙트럼에서 \\(6.76-7.19 \\mathrm{ppm}\\)에 proton이 15개의 수소가 나타났고, \\(0.86-2.34 \\mathrm{ppm}\\)에 saturated alkane계열의 수소들이 주어졌다. C-NMR 스펙트럼으로 \\( 110-160 \\mathrm{ppm} \\) 사이에 주어진 탄소의 수를 확인한 결과, \\( 155 \\mathrm{ppm} \\)에서 amide carbonyl 탄소가 주어지고 나머지는 130, 121, 115 \\(\\mathrm{ppm} \\)에서 주어졌다. 그리고 saturated alkanc계열의 탄소들은 42.9, 40.6, 26.5. 25.5, 22.3, 16.3, 11.5 \\(\\mathrm{ppm}\\)에서 나타났다. 이들에 해당하는 단소의 차수를 확인하기 위하여 DEPT (45, 90, 135) 스펙트럼을 분석한 결과 130, 121, 115 \\(\\mathrm{ppm} \\)의 탄소들은 3차 탄소로 주어졌고, \\( 155.4 \\mathrm{ppm} \\)의 탄소는 4차탄소임을 확인하였다. Saturated alkane계열의 탄소의 차수는 각각 42.9(2차), 40.6(3차), 26.5(2차), 25.5(3차), 22.3(1차), 16.3(1차), 11.5(1차) \\(\\mathrm{ppm}\\)에서 나타났다. HMQC 스펙트럼으로 수소와 탄소의 배열을 확인하였고, HMBC 스펙트럼으로 먼 거리의 coupling관계를 확인한 결과 두 개의 입체배열을 가지는 즉 (1E,3Z,5E,7Z,9E,11Z,13E)-cyclopentadeca-1, 3, 5, 7, 9, 11, 13-heptene 계열의 화합물로 추정되었다.</p>",
                "context_length": 2976,
                "clue": [
                    {
                        "clue_text": "Pandoraea sp. BCNU 315 균주를 최적 배지(\\(\\mathrm{pH}~7.0\\))에 접종하여 \\( 30^{\\circ} \\mathrm{C} \\)에서 10일 동안 대량 배양(60 1) 하였다.",
                        "clue_start": "31",
                        "clue_end": "144"
                    },
                    {
                        "clue_text": "Pandoraea sp. BCNU 315 균주가 생산하는 대사물질을 정제한 것을 감압건조기로 농축한 다음 소량의 methanol에 녹여 \\( 20 \\mu \\mathrm{l} \\)를 HPLC를 이용하여 \\( 254 \\mathrm{~nm} \\)의 파장에서 흡광도를 측정하여 분석한 결과 CW I와 CW II는 단일 peak가 확인 되어 순수물질임이 추정되었다.",
                        "clue_start": "687",
                        "clue_end": "886"
                    },
                    {
                        "clue_text": "분리된 CW II는 액체의 성분이고 1H-NMR 스펙트럼에서 \\(6.76-7.19 \\mathrm{ppm}\\)에 proton이 15개의 수소가 나타났고, \\(0.86-2.34 \\mathrm{ppm}\\)에 saturated alkane계열의 수소들이 주어졌다.",
                        "clue_start": "2128",
                        "clue_end": "2271"
                    }
                ],
                "terminology": [
                    {
                        "word": "C-NMR"
                    },
                    {
                        "word": "C-NMR 스펙트럼"
                    },
                    {
                        "word": "COSY NMR spectrum"
                    },
                    {
                        "word": "DEPT"
                    },
                    {
                        "word": "H-NMR"
                    },
                    {
                        "word": "H-NMR spectrum"
                    },
                    {
                        "word": "HMQC"
                    },
                    {
                        "word": "HPLC"
                    },
                    {
                        "word": "Pandoraea sp."
                    },
                    {
                        "word": "Thin Layer Chromatography"
                    },
                    {
                        "word": "UV"
                    },
                    {
                        "word": "amide"
                    },
                    {
                        "word": "carbonyl"
                    },
                    {
                        "word": "column chromatography"
                    },
                    {
                        "word": "dichloromethane"
                    },
                    {
                        "word": "ethylacetate"
                    },
                    {
                        "word": "hexane"
                    },
                    {
                        "word": "methanol"
                    },
                    {
                        "word": "peak"
                    },
                    {
                        "word": "proton"
                    },
                    {
                        "word": "silica column"
                    },
                    {
                        "word": "spectroscopy"
                    },
                    {
                        "word": "구조동정"
                    },
                    {
                        "word": "균주"
                    },
                    {
                        "word": "대사물질"
                    },
                    {
                        "word": "배양"
                    },
                    {
                        "word": "분리 정제"
                    },
                    {
                        "word": "분자이온"
                    },
                    {
                        "word": "분획"
                    },
                    {
                        "word": "분획물"
                    },
                    {
                        "word": "상충액"
                    },
                    {
                        "word": "생리활성물질"
                    },
                    {
                        "word": "선발균주"
                    },
                    {
                        "word": "수소 원자"
                    },
                    {
                        "word": "시료"
                    },
                    {
                        "word": "용출"
                    },
                    {
                        "word": "입체배열"
                    },
                    {
                        "word": "전개용매"
                    },
                    {
                        "word": "접종"
                    },
                    {
                        "word": "질량 스펙트럼"
                    },
                    {
                        "word": "최적 배지"
                    },
                    {
                        "word": "파장"
                    },
                    {
                        "word": "화합물"
                    },
                    {
                        "word": "흡광도"
                    }
                ]
            },
            {
                "context_id": "55e-0c9-4aed100d-1e56-4046-8057-94bdc6a312d3",
                "context_K-NSCC": {
                    "field": "생명",
                    "large_category": "LA",
                    "medium_category": "06"
                },
                "context": "<h1>고 찰</h1> <p>항진균제의 개발은 천연물과 화학 합성물로 부터 이루어지고 있으며 식품첨가제, 농약 및 의약품으로서 이용가능하기 때문에 주목을 받고 있다. 일부 진균류는 식물 및 동물, 나아가 인체에 질병을 유발하기도 한다. 그리하여 곡물의 저장, 식품의 보존, 식물 병원균의 방제 및 진균 감염병의 치료를 위하여 항진균 물질이 필요하고 많은 물질들이 이러한 목적으로 사용되고 있다. 본 실험에서는 항진균 활성을 나타나는 신규 미생물을 분리하고자 하는 목적으로 다양한 환경에서 미생물을 탐색하였다. 그 일환으로 안산공단에서 항진균 활성이 매우 높은 균주를 탐색할 수 있었다. 안산공단 하천가에 있는 토양과 침전물을 채취하여 연속희석과 도말법으로여러 가지 선별배지에서 길항 미생물들을 분리하였다. 그 중 식물병원균 Rhizoctonia solani, Botrytis cenerea, Fusarium oxysporum의 세 가지 진균을 이용하여 항진균 테스트를 시행한 결과 clear zone을 가장 크게 형성하는 BCNU 315 균주를 선발하였다.</p> <p>선별 균주의 동정을 위하여 균주의 생화학적 특징을 조사하였고, 16S rDNA 염기서열을 토대로 계통수를 작성하였다. 생리 - 생화학적 성질에 기초한 동정 결과에서 BCNU 315 균주는 Pandoraea norimbergensis와 생리 - 생화학적 특징과 유사하였다. 보다 정확한 동정을 위하여 Pandoraea sp. BCNU315 의 16S rDNA 염기서열을 ClustalX program을 이용하여 유사한 Ralstonia, Burkholderia, Pandoraea 속의 종과의 상동성과 계통학적 유연관계를 조사한 결과 Pandoraea nor-imbergensis와 \\(99\\%\\) 상동성을 보였고 계통학적으로도 가장 근연관계임을 알 수 있었다.</p> <p>Pandoraea 균주는 처음 2000년 Coenye 등에 의해 보고된 신속으로 병원성이 있는 균주로 처음 보고되었으나, 식품에서도 Moore 등에 의하여 보고되고 있다. 이후 Pandoraea 규주에서 유용효소에 대한 보고가 있으며, 특히 환경오염물질인 \\( \\gamma \\)-hexachlorocyclohexane을 분해하는 보고도 있어 병원미생물학 분야에서만 아니라 환경미생물학 분야에서도 활용성이 높은 균주로서 기대되고 있다.</p> <p>Pandoraea sp. BCNU 315 균주의 생리활성물질 중의 하나가 indole 이었고 또 다른 한 물질은 amide가 결합한 cyclo-pentadecaheptene의 부분입체 이성질체로 예상할 수 있었다. 이 화합물들은 항진균 활성은 없는 것으로 밝혀져, 항진균 활성을 가지고 있는 물질의 정제도 추후 남겨진 과제이다. 현재 실험에 사용된 균주가 생산하는 물질 중 정제되지 않은 나머지 물실이 항진균 활성의 실체로서 추정되며 분리 정제를 동하여 보다 명화하게 이들의 구조와 기능이 밝혀질 것으로 사료되어 진다. 특히 Pandoraea sp.에서 항진균 활성 물질의 보고는 전혀 되어 있지 않으므로 학문적으로나 실용적으로 매우 의미가 있는 성과가 기대되어진다.</p>",
                "context_length": 1547,
                "clue": [
                    {
                        "clue_text": "그 중 식물병원균 Rhizoctonia solani, Botrytis cenerea, Fusarium oxysporum의 세 가지 진균을 이용하여 항진균 테스트를 시행한 결과 clear zone을 가장 크게 형성하는 BCNU 315 균주를 선발하였다.",
                        "clue_start": "395",
                        "clue_end": "535"
                    },
                    {
                        "clue_text": "Pandoraea 균주는 처음 2000년 Coenye 등에 의해 보고된 신속으로 병원성이 있는 균주로 처음 보고되었으나, 식품에서도 Moore 등에 의하여 보고되고 있다.",
                        "clue_start": "920",
                        "clue_end": "1015"
                    }
                ],
                "terminology": [
                    {
                        "word": "16S rDNA 염기서열"
                    },
                    {
                        "word": "BCNU 315"
                    },
                    {
                        "word": "Botrytis"
                    },
                    {
                        "word": "ClustalX program"
                    },
                    {
                        "word": "Fusarium oxysporum"
                    },
                    {
                        "word": "Pandoraea sp."
                    },
                    {
                        "word": "Pandoraea 균주"
                    },
                    {
                        "word": "Rhizoctonia"
                    },
                    {
                        "word": "amide"
                    },
                    {
                        "word": "clear zone"
                    },
                    {
                        "word": "indole"
                    },
                    {
                        "word": "계통수"
                    },
                    {
                        "word": "계통학적"
                    },
                    {
                        "word": "균주의 동정"
                    },
                    {
                        "word": "길항"
                    },
                    {
                        "word": "물실"
                    },
                    {
                        "word": "미생물"
                    },
                    {
                        "word": "병원균"
                    },
                    {
                        "word": "병원성"
                    },
                    {
                        "word": "분리 정제"
                    },
                    {
                        "word": "상동성"
                    },
                    {
                        "word": "생리 - 생화학적 성질"
                    },
                    {
                        "word": "생리활성물질"
                    },
                    {
                        "word": "생화학적"
                    },
                    {
                        "word": "선별배지"
                    },
                    {
                        "word": "식물병원균"
                    },
                    {
                        "word": "유연관계"
                    },
                    {
                        "word": "이성질체"
                    },
                    {
                        "word": "정제도"
                    },
                    {
                        "word": "진균류"
                    },
                    {
                        "word": "침전물"
                    },
                    {
                        "word": "항진균 물질"
                    },
                    {
                        "word": "항진균 테스트"
                    },
                    {
                        "word": "항진균 활성"
                    },
                    {
                        "word": "항진균제"
                    },
                    {
                        "word": "활성 물질"
                    }
                ]
            },
            {
                "context_id": "55e-0c9-18f154f1-ec6e-465e-a8a9-4139cdb2ffc9",
                "context_K-NSCC": {
                    "field": "생명",
                    "large_category": "LA",
                    "medium_category": "06"
                },
                "context": "<h1>결 과</h1> <h2>균주의 항진균 활성능</h2> <p>분리 시 항진균 활성능이 뛰어난 균주를 중심으로 선별하였다. 항진균 활성 테스트는 18~24시간 동안 액체 배지에서 배양한 균주의 탁도를 \\(0.7\\)~\\(0.8\\)로 맞추고, Potato Dextrose Agar (PDA) 배지에 대치 배양하였다. 대상으로 한 식물병원균주 Rhizoctoria solani AG2-1, Botrytis cenerea, Fusarium oxysporum을 대치시켜 놓고 \\( 25^{\\circ} \\mathrm{C} \\)에서 환이 생길 때까지 관찰하였다. BCNU 315균주는 식물병원균주에 대한 항진균 활성이 뛰어났으며 접종 균사체로부터 약 \\( 5 \\mathrm{~mm} \\)의 환을 보였다.</p> <h2>분리 균주의 생리 및 생화학적 동정</h2> <p>선발된 균주의 생리 및 생화학적 성질은 Table 1에 정리하여 놓았다. 균주는 그람 음성이며, catalase 활성이 있으미, phe-nylacetate 자화능이 있고, alkaline phosphatase 활성도 양성으로 나타나 기존에 발표된 논문에서 보여주는 Pandoraea sp.의 생리-생화학적 성질과 유사한 특성을 가지고 있는 것을 알 수 있었다. 발표된 논문에 의하면 Pandoraea norimbergensis의 특징은 \\( 42^{\\circ} \\mathrm{C} \\)에서 생육하지 않으며, King's B medium에서 형광을 띄지 않으며, 탈질 반응 음성이며, acetamide 또는 \\( 4.5 \\% \\) \\( \\mathrm{NaCl} \\)에서 생육하지 않는 점이다. 그리고 maltose, adipate 또는 sucrose 자화능 음성, cysteine arylamidase와 phosphoami-dase 활성 음성이다. 생리-생화학적 성질을 비교-분석 하였을 때 BCNU 315 균주는 Pandoraea norimbergensis와 매우 유사하므로 Pandoraea sp.으로 동정하였다.</p> <h2>선별균주의 16S rDNA 염기서열에 기초한 동정</h2> <p>분자유전학적으로 동정하기 위하여 분리 균주의 16S rDNA 염기서열을 NCBI BLAST를 통해 상동성을 조사하였고, ClustalX program을 이용하여 bootstrap consensus tree를 작성하였다. 그 결과, Fig. 2에 나타낸 바와 같이, BCNU 315는 Pandoraea norimbergensis와 \\(99\\%\\) 상동성을 보였으며, 계통수에서도 같은 위치를 점하고 있음을 알 수 있었기에 Pandoraea sp. BCNU 315로 명명하였다.</p> <h2>최적 질소원과 탄소원</h2> <p>선발균주의 생육에 미치는 질소원의 영향을 조사하기 위하여 최소배지를 기본배지로 하여 각종 질소원을 \\( 0.5 \\% \\) 되도록 첨가하여 배양한 후 균체의 증식을 조사하였다. 실험에 사용한 여러 가지 질소원 중에서 tryptone이 증식을 위한 최적 진소원이었으며, urea나 malt extract에서는 균체 외 증식이 거의 일어나지 않았다.</p> <p>균주의 증식에 미치는 탄소원의 영향을 조사하기 위하여 최소배지에 최직 질소원인 \\( 0.5 \\% \\) tryptone을 고정하여 여러 가지 탄소원을 \\(1\\%\\) 되도록 첨가하여 배양한 후 탁도를 측정하였다. 실험에 사용한 각종 탄소원 중에서 sucrose가 생육을 위한 최적 반소원이었으며, lactose는 다른 탄소원들에 비해 생육도가 다소 떨어지는 현상을 나타내었다.</p> <h2>최적 \\( \\mathrm{pH} \\) 및 온도</h2> <p>초기 \\( \\mathrm{pH ~3, 4, 5, 6, 9, 10}\\)으로 조정한 후 Pandoraea sp. BCNU 315를 접종 배양하여 생육도를 검토한 결과 Pandoraea sp. BCNU 315 균주는 Fig. 3과 간이 초기 \\( \\mathrm{pH} 7 \\), \\( \\mathrm{pH} \\mathrm{8} \\)에서의 생육이 크게 다를게 없이 줗았던 반면 초기 \\( \\mathrm{pH ~3, 4, 5, 6, 9, 10}\\)에서는 생육도가 떨어졌다.</p>",
                "context_length": 2045,
                "clue": [
                    {
                        "clue_text": "항진균 활성 테스트는 18~24시간 동안 액체 배지에서 배양한 균주의 탁도를 \\(0.7\\)~\\(0.8\\)로 맞추고, Potato Dextrose Agar (PDA) 배지에 대치 배양하였다.",
                        "clue_start": "71",
                        "clue_end": "176"
                    },
                    {
                        "clue_text": "BCNU 315균주는 식물병원균주에 대한 항진균 활성이 뛰어났으며 접종 균사체로부터 약 \\( 5 \\mathrm{~mm} \\)의 환을 보였다.",
                        "clue_start": "310",
                        "clue_end": "388"
                    },
                    {
                        "clue_text": "그 결과, Fig. 2에 나타낸 바와 같이, BCNU 315는 Pandoraea norimbergensis와 \\(99\\%\\) 상동성을 보였으며, 계통수에서도 같은 위치를 점하고 있음을 알 수 있었기에 Pandoraea sp. BCNU 315로 명명하였다.",
                        "clue_start": "1161",
                        "clue_end": "1303"
                    },
                    {
                        "clue_text": "실험에 사용한 각종 탄소원 중에서 sucrose가 생육을 위한 최적 반소원이었으며, lactose는 다른 탄소원들에 비해 생육도가 다소 떨어지는 현상을 나타내었다.",
                        "clue_start": "1649",
                        "clue_end": "1740"
                    },
                    {
                        "clue_text": "생리-생화학적 성질을 비교-분석 하였을 때 BCNU 315 균주는 Pandoraea norimbergensis와 매우 유사하므로 Pandoraea sp.으로 동정하였다.",
                        "clue_start": "899",
                        "clue_end": "993"
                    }
                ],
                "terminology": [
                    {
                        "word": "16S rDNA"
                    },
                    {
                        "word": "16S rDNA 염기서열"
                    },
                    {
                        "word": "Agar"
                    },
                    {
                        "word": "BCNU 315"
                    },
                    {
                        "word": "BLAST"
                    },
                    {
                        "word": "Botrytis"
                    },
                    {
                        "word": "Botrytis cenerea"
                    },
                    {
                        "word": "ClustalX"
                    },
                    {
                        "word": "ClustalX program"
                    },
                    {
                        "word": "Dextrose"
                    },
                    {
                        "word": "Fusarium"
                    },
                    {
                        "word": "Fusarium oxysporum"
                    },
                    {
                        "word": "NCBI"
                    },
                    {
                        "word": "NCBI BLAST"
                    },
                    {
                        "word": "Pandoraea norimbergensis"
                    },
                    {
                        "word": "Pandoraea sp."
                    },
                    {
                        "word": "Potato Dextrose"
                    },
                    {
                        "word": "Potato Dextrose Agar"
                    },
                    {
                        "word": "acetamide"
                    },
                    {
                        "word": "adipate"
                    },
                    {
                        "word": "alkaline"
                    },
                    {
                        "word": "alkaline phosphatase"
                    },
                    {
                        "word": "alkaline phosphatase 활성도 양성"
                    },
                    {
                        "word": "bootstrap"
                    },
                    {
                        "word": "bootstrap consensus tree"
                    },
                    {
                        "word": "catalase"
                    },
                    {
                        "word": "catalase 활성"
                    },
                    {
                        "word": "consensus"
                    },
                    {
                        "word": "consensus tree"
                    },
                    {
                        "word": "cysteine"
                    },
                    {
                        "word": "lactose"
                    },
                    {
                        "word": "malt"
                    },
                    {
                        "word": "malt extract"
                    },
                    {
                        "word": "maltose"
                    },
                    {
                        "word": "phe-nylacetate 자화능"
                    },
                    {
                        "word": "phosphatase"
                    },
                    {
                        "word": "rDNA"
                    },
                    {
                        "word": "rDNA 염기서열"
                    },
                    {
                        "word": "sucrose"
                    },
                    {
                        "word": "tryptone"
                    },
                    {
                        "word": "각종 탄소원"
                    },
                    {
                        "word": "계통수"
                    },
                    {
                        "word": "균사체"
                    },
                    {
                        "word": "균주"
                    },
                    {
                        "word": "균체"
                    },
                    {
                        "word": "균체 외 증식"
                    },
                    {
                        "word": "그람 음성"
                    },
                    {
                        "word": "대치 배양"
                    },
                    {
                        "word": "동정"
                    },
                    {
                        "word": "배양"
                    },
                    {
                        "word": "배지"
                    },
                    {
                        "word": "분리 균주"
                    },
                    {
                        "word": "분자유전학적"
                    },
                    {
                        "word": "상동성"
                    },
                    {
                        "word": "생육"
                    },
                    {
                        "word": "생육도"
                    },
                    {
                        "word": "생화학적"
                    },
                    {
                        "word": "생화학적 동정"
                    },
                    {
                        "word": "선발균주"
                    },
                    {
                        "word": "선별균주"
                    },
                    {
                        "word": "식물병원균주"
                    },
                    {
                        "word": "액체 배지"
                    },
                    {
                        "word": "양성"
                    },
                    {
                        "word": "염기서열"
                    },
                    {
                        "word": "자화능"
                    },
                    {
                        "word": "접종"
                    },
                    {
                        "word": "접종 균사체"
                    },
                    {
                        "word": "접종 배양"
                    },
                    {
                        "word": "증식"
                    },
                    {
                        "word": "질소원"
                    },
                    {
                        "word": "최소배지"
                    },
                    {
                        "word": "탁도"
                    },
                    {
                        "word": "탄소원"
                    },
                    {
                        "word": "탈질"
                    },
                    {
                        "word": "탈질 반응 음성"
                    },
                    {
                        "word": "항진균"
                    },
                    {
                        "word": "항진균 활성"
                    },
                    {
                        "word": "항진균 활성 테스트"
                    },
                    {
                        "word": "항진균 활성능"
                    },
                    {
                        "word": "형광"
                    },
                    {
                        "word": "활성"
                    },
                    {
                        "word": "활성도"
                    }
                ]
            },
            {
                "context_id": "55e-0c9-13c52f09-9a36-4658-acbc-377dc3cbd367",
                "context_K-NSCC": {
                    "field": "생명",
                    "large_category": "LA",
                    "medium_category": "06"
                },
                "context": "<h1>서 론</h1> <p>우리사희는 과거 수십년간 의식주의 충족을 위해 노력 해 왔다. 70년대 산업화와 현대문물의 도입으로 사람들은 의식주의 해결에서 나아가 문화생활과 정신적 충족을 위해 일하고 소비하게 되었으며 자연스럽게 모든 생활 패턴이 변하게 되었다. 이러한 과정에서 산업화가 진행됨에 따라 심한 환경 오염을 초래하게 되었으며, 비옥했던 토지는 황폐해져 갔고 계속되는 식물병으로 점점 더 많은 화학농약을 사용하는 악순환이 계속되고 있다. 식물병을 방제하기 위해 사용되는 유기화학농약은 농작물의 피해를 감소시키기는 하였지만 독성의 문제점이 한계에 도달해 간과할 수 없는 상황에 이르게 되었다. 최근에 환경 문제가 국제적인 문제로 대두되면서 여러 가지 유기화학농약들의 사용을 규제하기 시작했고 많은 관련 회사들이 환경 오염을 줄이는 방향으로 약제들을 개발 하고 있다.</p> <p>미생물을 이용하는 생물학적 방제는 자연생태계 내에서 서로 다른 이종간에 일어날 수 있는 경쟁, 기생, 포식 관계 또는 항생작용 등의 상호작용을 인위적으로 조절하며 이를 적극 활용하는 것으로서, 특히 토양전염성 식물병은 엽권병에 비하여 유기화학농약으로도 효과적으로 방제할 수 없는 문제가 있으나, 토양은 비교적 환경 요인이 단순하므로 토양 전염성 병원균에 대한 생물학적 방제가 성공 가능성이 높으므로 이 분야에 대하여 많은 연구자가 집중적으로 연구를 진행해 오고 있다. 길항미생물을 이용하는 생물학적 방제에 관한 연구와 함께 새로운 농업용 항생물질에 과한 연구는 1958년 인본에서 활발허 진행되어 벼도열병 약제로서 Blasticidin S가 개발되어 실용화된 이후 kasugamycin, polyoxin, vali-damycin 등이 개발되어 식물병의 방제에 이용되고 있다. 이 와 같은 농업용 항생잘질은 식물에 합수, 침투되어 확산될수 있을 뿐만 아니라 병원규에 대한 예방 및 치로 효과를 동시에 갖고 있기 때문에, 최근에는 새로운 농업용 항생물질의 개발에 관한 연구가 전 세계적으로 많은 연구자들에 의해 수행되고 있다.</p> <p>식물근부병균 등 여러 가지 식물병원성 진균에 대한 길항균주를 이용한 생태학적 생물방제방법은 크게 세 가지 범주로 구분될 수 있다. 첫째는 진균 세포벽 가수분해효소인 chiti-nase, \\( \\beta\\)-1, 3-glucanase와 최근에 보고된 식물성 chitinase를 이용하여 식물병원균의 세포벽을 분해시키는 방법, 둘째는 Streptomyces griseus, Streptomyces blastmyces, Penicillium nigricans, Bacillus subtilis, Pseudomonas sp. 등이 생산하는 항진균성 항생물질에 의해 직접 식물 병원균의 생육을 저해하는 항생작용(antibiosis)을 이용하는 방법, 셋째는 plant growth-promoting rhizobacteria (PGPR) 즉, 대부분 근권 Pseudomonas sp.가 분비하는 철( \\( \\mathrm{Fe}^{3+} \\)) 성분 특이 결합물질인 siderophore에 의해 식물병원균의 생육을 저해하는 경쟁적 길항작용(competitive antagonism)을 이용 한 방제방법 등을 들 수 있다. 현재 전 세계적으로 농업 부문에서 식물병원균에 대헤 길항적인 미생물을 이용하여 병을 방제하는 생물학적 방제 방법에 대한 연구가 널리 진행 되고 있으며, 여러 종류의 미생물제제로 개발되어 판매되고 있다.</p> <p>그러므로 본 연구에서는 생물학적 방제에 유효한, 식물병원성 진균에 대하여 길항작용을 가지는 신규 미생물을 분리 하고자 하였으며 이들이 생성하는 신규 화합물에 대하여도 분리 보고하고자 한다.</p>",
                "context_length": 1815,
                "clue": [
                    {
                        "clue_text": "길항미생물을 이용하는 생물학적 방제에 관한 연구와 함께 새로운 농업용 항생물질에 과한 연구는 1958년 인본에서 활발허 진행되어 벼도열병 약제로서 Blasticidin S가 개발되어 실용화된 이후 kasugamycin, polyoxin, vali-damycin 등이 개발되어 식물병의 방제에 이용되고 있다.",
                        "clue_start": "703",
                        "clue_end": "874"
                    },
                    {
                        "clue_text": "이 와 같은 농업용 항생잘질은 식물에 합수, 침투되어 확산될수 있을 뿐만 아니라 병원규에 대한 예방 및 치로 효과를 동시에 갖고 있기 때문에, 최근에는 새로운 농업용 항생물질의 개발에 관한 연구가 전 세계적으로 많은 연구자들에 의해 수행되고 있다.",
                        "clue_start": "875",
                        "clue_end": "1013"
                    },
                    {
                        "clue_text": "미생물을 이용하는 생물학적 방제는 자연생태계 내에서 서로 다른 이종간에 일어날 수 있는 경쟁, 기생, 포식 관계 또는 항생작용 등의 상호작용을 인위적으로 조절하며 이를 적극 활용하는 것으로서, 특히 토양전염성 식물병은 엽권병에 비하여 유기화학농약으로도 효과적으로 방제할 수 없는 문제가 있으나, 토양은 비교적 환경 요인이 단순하므로 토양 전염성 병원균에 대한 생물학적 방제가 성공 가능성이 높으므로 이 분야에 대하여 많은 연구자가 집중적으로 연구를 진행해 오고 있다.",
                        "clue_start": "441",
                        "clue_end": "702"
                    },
                    {
                        "clue_text": "식물근부병균 등 여러 가지 식물병원성 진균에 대한 길항균주를 이용한 생태학적 생물방제방법은 크게 세 가지 범주로 구분될 수 있다.",
                        "clue_start": "1021",
                        "clue_end": "1093"
                    },
                    {
                        "clue_text": "본 연구에서는 생물학적 방제에 유효한, 식물병원성 진균에 대하여 길항작용을 가지는 신규 미생물을 분리 하고자 하였으며 이들이 생성하는 신규 화합물에 대하여도 분리 보고하고자 한다.",
                        "clue_start": "1711",
                        "clue_end": "1811"
                    }
                ],
                "terminology": [
                    {
                        "word": "Bacillus"
                    },
                    {
                        "word": "Bacillus subtilis"
                    },
                    {
                        "word": "Blasticidin S"
                    },
                    {
                        "word": "Penicillium"
                    },
                    {
                        "word": "Penicillium nigricans"
                    },
                    {
                        "word": "Pseudomonas"
                    },
                    {
                        "word": "Pseudomonas sp."
                    },
                    {
                        "word": "Streptomyces"
                    },
                    {
                        "word": "Streptomyces blastmyces"
                    },
                    {
                        "word": "Streptomyces griseus"
                    },
                    {
                        "word": "antagonism"
                    },
                    {
                        "word": "chiti-nase"
                    },
                    {
                        "word": "chitinase"
                    },
                    {
                        "word": "kasugamycin"
                    },
                    {
                        "word": "polyoxin"
                    },
                    {
                        "word": "rhizobacteria"
                    },
                    {
                        "word": "siderophore"
                    },
                    {
                        "word": "vali-damycin"
                    },
                    {
                        "word": "경쟁적 길항작용"
                    },
                    {
                        "word": "근권"
                    },
                    {
                        "word": "길항균주"
                    },
                    {
                        "word": "길항미생물"
                    },
                    {
                        "word": "길항작용"
                    },
                    {
                        "word": "대두"
                    },
                    {
                        "word": "미생물"
                    },
                    {
                        "word": "방제가"
                    },
                    {
                        "word": "병원균"
                    },
                    {
                        "word": "생물학적 방제"
                    },
                    {
                        "word": "생육"
                    },
                    {
                        "word": "세포벽"
                    },
                    {
                        "word": "식물근부병균"
                    },
                    {
                        "word": "식물병원균"
                    },
                    {
                        "word": "식물병원성 진균"
                    },
                    {
                        "word": "엽권병"
                    },
                    {
                        "word": "유기화학농약"
                    },
                    {
                        "word": "자연생태계"
                    },
                    {
                        "word": "진균"
                    },
                    {
                        "word": "항생물질"
                    },
                    {
                        "word": "항진균성"
                    },
                    {
                        "word": "항진균성 항생물질"
                    },
                    {
                        "word": "화합물"
                    }
                ]
            },
            {
                "context_id": "55e-0c9-4c07af30-a5cc-4724-bdea-efcec458d4fd",
                "context_K-NSCC": {
                    "field": "생명",
                    "large_category": "LA",
                    "medium_category": "06"
                },
                "context": "<h1>재료 및 방법</h1> <h2>항진균 활성 미생물의 분리</h2> <p>진균 활성 물질을 생산하는 미생물을 분리하기 위하여 안산공단 내 하천의 토양을 채취하여 시료로 사용하였으며, 토양을 멸균수에 희석 도말하여 길항 미생물들을 분리하였다. 식물병원균인 Rhizoctonia solani AG-1, Botrytis cenerea KACC49574, Fusarium oxysporum KACC40053 (한국농용미생물보존센터)을 사용하여 항진균 테스트를 실시하였다.</p> <h2>선발균주의 생리 및 생화학적 동정</h2> <p>분리균주중 항균활성이 있는 균주를 선발하였으며, 선발 균주의 생리 및 생화학적 성질은 API Kit (bioMerieux, Marcy-1'Etoile, France)를 사용하여 조사하였으며, 이들 성질을 토대로 균주의 동정은 Bergey's manual of systematic bacteriology에 준하여 실시하였다.</p> <h2>선발균주의 16S rDNA 염기서열에 기초한 동정</h2> <p>항진균 활성을 토대로 하여 선발한 균주 중 활성이 가장 좋은 BCNU 315 균주의 정확한 동정을 위하여 16S rDNA 염기서열을 결정하였다. 염색체 DNA를 얻기 위하여 pre-cul-ture한 균주를 Luria-Bertani (LB) 배지 \\( 3 \\mathrm{ml} \\)에 접종하여 \\( 37^{\\circ} \\mathrm{C} \\) shaking incubator에서 4~6시간 동안 배양하였다. 배양된 균주를 집균하여 1X TEN buffer (Tris-HCl, EDTA, NACI로 washing하였다. \\( 100 \\mu \\mathrm{l} \\) 멸균수를 첨가하여 \\( 95^{\\circ} \\mathrm{C} \\) 이상의 water bath에서 10분간 세포를 파괴하였다. 파괴된 세포를 \\( 2500 \\times g\\), \\(4^{\\circ} \\mathrm{C} \\)에서 10분간 원심분리하여 염색체 DNA가 포함 되어 있는 상등액을 얻었고, 이렇게 분리된 염색체 DNA를 주형으로 하여 Polymerase Chain Reaction (PCR: \\( 95^{\\circ} \\mathrm{C}\\), \\(1 \\mathrm{min}\\) ; \\(55^{\\circ} \\mathrm{C}\\), \\(1 \\mathrm{~min}\\) ; \\(72^{\\circ} \\mathrm{C}\\), \\(2 \\mathrm{~min}\\) ; \\(30 \\mathrm{cycle}\\)) 반응을 수행하였으며, 이들 균주의 16SrDNA를 획득한 다음 16SrDNA의 염기서열을 결정하였다. 이때 PCR 반응에는 E. coli 16SrDNA의 upstream 9-27와 downstream 1,542-1,525 영역에 해당하는 염기서열을 이용하여 oligonucleotide을 작성하여 primer로서 사용하였다 (primer F: 5'-GAGTTTG ATCCTGGCTCA G-3', primer R: 5'-AGAAAGGAGGT GATCCAGCCAGCC-3'). 이들의16SrDNA의 염기서열을 결정한 다음 GenBank Database를 통하여 상동성을 비교하였다. 근연 속과 종들과 유전학적인 유연관계를 알아보기 위하여, ClustalX program 을 이용하여 phylogenetic tree를 제작하였다.</p> <h2>최적 질소원 및 탄소원 조사</h2> <p>선발 균주의 최적 생육조건 검토를 위하여 최소배지 \\( \\left(\\mathrm{KH}_{2} \\mathrm{PO}_{4} 1.0 \\mathrm{~g}\\right. \\), \\( \\mathrm{K}_{2} \\mathrm{HPO}_{4} 2.0 \\mathrm{~g} \\), \\( \\mathrm{MgSO}_{4} \\cdot 7 \\mathrm{H}_{2} \\mathrm{O} ~0.2 \\mathrm{~g} \\), \\( \\mathrm{NaCl} 2.0 \\mathrm{~g}\\), \\( \\mathrm{CaCl}_{2} 0.01 \\mathrm{~g} \\), \\( \\left.\\mathrm{FeSO}_{4} \\cdot 7 \\mathrm{H}_{2} \\mathrm{O} 0.01 \\mathrm{~g} / \\mathrm{l}\\right) \\)를 기본배지로 각종 질소원과 탄소원을 첨가하여 조사하였다. 먼저 균주를 최소배지에 접종하여 적응시켜, 적응된 균주를 질소원 urea, casami-no acid, beef extract, malt extract, peptone, tryptone, yeast extract가 각각 \\( 0.5 \\% \\)씩 첨가된 배지에 접종하여 배양하였다. 18~24시간 후에 spectrophotometer (UV-2100, Shimadzu, Japan)로 \\( 600 \\mathrm{~nm} \\)에서 탁도를 측정하여 균주에 알맞은 질소원을 선택하였다.</p> <p>선별균주에 알맞은 질소원 \\( 0.5 \\% \\)를 고정으로 하여 탄소원 starch, sucrose, glucose, lactose, fructose, glycerol, mannitol 을 각각 \\( 1.0 \\% \\)씩 첨가하여 균주를 접종한 뒤 최적 탄소원율 결정하였다.</p> <h2>최적 \\( \\mathrm{pH} \\) 및 온도 조사</h2> <p>선발 균주의 항진균 물진 대량 생산을 위하여 균주의 최적 \\( \\mathrm{pH} \\) 및 온도를 조사하였다. 기본배지에 최적 질소왼 \\( (0.5 \\% \\) trypton)과 탄소원(\\(1.0\\%\\) sucrose)을 첨가한 후, 산성부터 염기성까지 초기 \\( \\mathrm{pH} \\)를 조정한 후 배양하였다. 또한 온도의 영향을 알아보기 위해 적정 \\( \\mathrm{pH} \\)를 맞춘 다음 \\( 25^{\\circ} \\mathrm{C}\\), \\(30^{\\circ} \\mathrm{C}\\), \\(35^{\\circ} \\mathrm{C} \\), \\( 40^{\\circ} \\mathrm{C} \\)로 나누어 배양한 후 탁도를 측정하였다.</p> <h2>선발 균주의 생리 활성 물질의 추출 및 정제</h2> <p>균주를 최적배지에서 대량 (60 1)으로 \\( 30^{\\circ} \\mathrm{C} \\)에서 5일간 진탕배양(\\(180 ~\\mathrm{rpm}\\))하였으며, 배양액을 \\( 900 \\times g\\), 15분간, \\( 4^{\\circ} \\mathrm{C} \\)에서 원심분리한 후 세포침전물은 버리고 상등액을 수거하였다. 배양 상등액에 ethylacetate 108를 첨가한 후 electronic stirrer (EURO-ST D, Germany)로 추출하였으며 용매를 evaporator (Ratavapor R-121, Buchi, Switzerland)로 감압 농축하여 얻은 물질은 충진제 silcagel 60 (70 230 mesh, Merck)을 사용한 column chromatography \\( (\\varnothing 3.5 \\times 25) \\)를 사용하여 정제하였다. 이때 사용한 전개 용매는 hexane : ethylacetate : dichloromethane (5:1:1)이었으며, fraction I, II, III로 나누어 물질을 받아내었다. 각각의 분획을 사용하여 연속적으로 column chromatography와 thin layer chromatog-raphy (Silica gel \\( 60 \\mathrm{~F}_{254} \\), Merck)를 이용하여 정제한 후 분석하였다.</p> <h2>선발균주의 생리활성물질의 구조동정</h2> <p>분리 정제된 물질의 단일성은 고성능 액체 크로마토그래피(High Performance Liquid Chromatography, HPLC, CBM-20A, Shimadzu, Japan)를 이용하여 확인하였다. Detector는 photodiode array (PDA) detector를 이용하여 \\( 205 \\mathrm{~nm}\\), \\(254 \\mathrm{~nm} \\) 그리고 \\( 300 \\mathrm{~nm} \\) 파장대에서 확인하였다. 유속은 분당 \\( 1 \\mathrm{ml} \\)로 하였으며, 전개용매는 \\( 40 \\% \\) acetonitrile를 사용하였고, \\( \\mathrm{C}_{18} \\) column을 사용하여 분석하였다.</p> <p>정확한 구조를 결정하기 위하여 핵자기 공명 분석 장치 (Nuclear Magnetic Resonance Spectroscopy, NMR)를 이용하여 HNMR spectra를 얻었다. 핵자기 공명 분석을 위한 용매로는 \\( \\mathrm{CDCl}_{3} \\)를 이용하였다. 분리 정제한 균주의 대사산물의 대략적인 탄소의 수와 탄소의 종류를 관찰하기 위하여 carbon NMR spectrum을 조사하였으며 DEPT NMR spec-trum을 관찰하여 \\( \\mathrm{CH}, \\mathrm{CH}_{2}, \\mathrm{CH}_{3} \\)의 수를 확인하였다. 또한 분리 정제한 물질의 구조 중 수소 원자가 어떤 탄소에 결합 하고 있는지 알아보기 위하여 COSY NMR spectrum-을 조사하였다.</p>",
                "context_length": 4459,
                "clue": [
                    {
                        "clue_text": "진균 활성 물질을 생산하는 미생물을 분리하기 위하여 안산공단 내 하천의 토양을 채취하여 시료로 사용하였으며, 토양을 멸균수에 희석 도말하여 길항 미생물들을 분리하였다.",
                        "clue_start": "44",
                        "clue_end": "137"
                    },
                    {
                        "clue_text": "분리균주중 항균활성이 있는 균주를 선발하였으며, 선발 균주의 생리 및 생화학적 성질은 API Kit (bioMerieux, Marcy-1'Etoile, France)를 사용하여 조사하였으며, 이들 성질을 토대로 균주의 동정은 Bergey's manual of systematic bacteriology에 준하여 실시하였다.",
                        "clue_start": "298",
                        "clue_end": "478"
                    },
                    {
                        "clue_text": "항진균 활성을 토대로 하여 선발한 균주 중 활성이 가장 좋은 BCNU 315 균주의 정확한 동정을 위하여 16S rDNA 염기서열을 결정하였다.",
                        "clue_start": "523",
                        "clue_end": "603"
                    },
                    {
                        "clue_text": "선발 균주의 항진균 물진 대량 생산을 위하여 균주의 최적 \\( \\mathrm{pH} \\) 및 온도를 조사하였다.",
                        "clue_start": "2580",
                        "clue_end": "2642"
                    }
                ],
                "terminology": [
                    {
                        "word": "16S rDNA"
                    },
                    {
                        "word": "16S rDNA 염기서열"
                    },
                    {
                        "word": "16SrDNA"
                    },
                    {
                        "word": "1X TEN buffer"
                    },
                    {
                        "word": "5'-GAGTTTG ATCCTGGCTCA G-3"
                    },
                    {
                        "word": "70 230 mesh"
                    },
                    {
                        "word": "API"
                    },
                    {
                        "word": "API Kit"
                    },
                    {
                        "word": "BCNU 315"
                    },
                    {
                        "word": "Botrytis cenerea KACC49574"
                    },
                    {
                        "word": "COSY NMR spectrum-"
                    },
                    {
                        "word": "Chromatography"
                    },
                    {
                        "word": "ClustalX"
                    },
                    {
                        "word": "ClustalX program"
                    },
                    {
                        "word": "DEPT"
                    },
                    {
                        "word": "DEPT NMR spec-trum"
                    },
                    {
                        "word": "DNA"
                    },
                    {
                        "word": "Database"
                    },
                    {
                        "word": "E. coli"
                    },
                    {
                        "word": "EDTA"
                    },
                    {
                        "word": "EURO-ST D"
                    },
                    {
                        "word": "Fusarium oxysporum KACC40053"
                    },
                    {
                        "word": "GenBank"
                    },
                    {
                        "word": "GenBank Database"
                    },
                    {
                        "word": "HNMR spectra"
                    },
                    {
                        "word": "HPLC"
                    },
                    {
                        "word": "LB"
                    },
                    {
                        "word": "Liquid Chromatography"
                    },
                    {
                        "word": "Luria-Bertani"
                    },
                    {
                        "word": "NACI"
                    },
                    {
                        "word": "NMR"
                    },
                    {
                        "word": "NMR spec-trum"
                    },
                    {
                        "word": "NMR spectrum"
                    },
                    {
                        "word": "Nuclear Magnetic Resonance"
                    },
                    {
                        "word": "PCR"
                    },
                    {
                        "word": "PCR 반응"
                    },
                    {
                        "word": "PDA"
                    },
                    {
                        "word": "Polymerase"
                    },
                    {
                        "word": "Polymerase Chain"
                    },
                    {
                        "word": "Polymerase Chain Reaction"
                    },
                    {
                        "word": "Ratavapor R-121"
                    },
                    {
                        "word": "Reaction"
                    },
                    {
                        "word": "Rhizoctonia solani AG-1"
                    },
                    {
                        "word": "Silica gel"
                    },
                    {
                        "word": "Spectroscopy"
                    },
                    {
                        "word": "Tris-HCl"
                    },
                    {
                        "word": "acetonitrile"
                    },
                    {
                        "word": "acid"
                    },
                    {
                        "word": "beef extract"
                    },
                    {
                        "word": "bioMerieux"
                    },
                    {
                        "word": "buffer"
                    },
                    {
                        "word": "carbon NMR spectrum"
                    },
                    {
                        "word": "casami-no acid"
                    },
                    {
                        "word": "column"
                    },
                    {
                        "word": "column chromatography"
                    },
                    {
                        "word": "detector"
                    },
                    {
                        "word": "dichloromethane"
                    },
                    {
                        "word": "downstream"
                    },
                    {
                        "word": "electronic stirrer"
                    },
                    {
                        "word": "ethylacetate"
                    },
                    {
                        "word": "ethylacetate 108"
                    },
                    {
                        "word": "evaporator"
                    },
                    {
                        "word": "fructose"
                    },
                    {
                        "word": "gel"
                    },
                    {
                        "word": "glucose"
                    },
                    {
                        "word": "glycerol"
                    },
                    {
                        "word": "hexane"
                    },
                    {
                        "word": "incubator"
                    },
                    {
                        "word": "lactose"
                    },
                    {
                        "word": "malt"
                    },
                    {
                        "word": "malt extract"
                    },
                    {
                        "word": "mannitol"
                    },
                    {
                        "word": "manual"
                    },
                    {
                        "word": "mesh"
                    },
                    {
                        "word": "oligonucleotide"
                    },
                    {
                        "word": "peptone"
                    },
                    {
                        "word": "photodiode array"
                    },
                    {
                        "word": "phylogenetic"
                    },
                    {
                        "word": "phylogenetic tree"
                    },
                    {
                        "word": "pre-cul-ture"
                    },
                    {
                        "word": "primer"
                    },
                    {
                        "word": "rDNA"
                    },
                    {
                        "word": "rDNA 염기서열"
                    },
                    {
                        "word": "shaking incubator"
                    },
                    {
                        "word": "spectrophotometer"
                    },
                    {
                        "word": "spectrum"
                    },
                    {
                        "word": "starch"
                    },
                    {
                        "word": "stirrer"
                    },
                    {
                        "word": "sucrose"
                    },
                    {
                        "word": "systematic bacteriology"
                    },
                    {
                        "word": "thin layer chromatog-raphy"
                    },
                    {
                        "word": "tryptone"
                    },
                    {
                        "word": "upstream"
                    },
                    {
                        "word": "upstream 9-27"
                    },
                    {
                        "word": "urea"
                    },
                    {
                        "word": "water bath"
                    },
                    {
                        "word": "yeast extract"
                    },
                    {
                        "word": "감압"
                    },
                    {
                        "word": "감압 농축"
                    },
                    {
                        "word": "고성능 액체 크로마토그래피"
                    },
                    {
                        "word": "구조동정"
                    },
                    {
                        "word": "균주"
                    },
                    {
                        "word": "균주의 동정"
                    },
                    {
                        "word": "길항 미생물"
                    },
                    {
                        "word": "대사산물"
                    },
                    {
                        "word": "도말"
                    },
                    {
                        "word": "동정"
                    },
                    {
                        "word": "멸균수"
                    },
                    {
                        "word": "미생물"
                    },
                    {
                        "word": "배양"
                    },
                    {
                        "word": "배양 상등액"
                    },
                    {
                        "word": "배양액"
                    },
                    {
                        "word": "배지"
                    },
                    {
                        "word": "분리 정제"
                    },
                    {
                        "word": "분리균주"
                    },
                    {
                        "word": "분획"
                    },
                    {
                        "word": "상동성"
                    },
                    {
                        "word": "상등액"
                    },
                    {
                        "word": "생리 활성"
                    },
                    {
                        "word": "생리활성물질"
                    },
                    {
                        "word": "생육조건"
                    },
                    {
                        "word": "생화학적"
                    },
                    {
                        "word": "생화학적 동정"
                    },
                    {
                        "word": "선발 균주"
                    },
                    {
                        "word": "선발균주"
                    },
                    {
                        "word": "선별균주"
                    },
                    {
                        "word": "세포"
                    },
                    {
                        "word": "세포침전물"
                    },
                    {
                        "word": "수소 원자"
                    },
                    {
                        "word": "시료"
                    },
                    {
                        "word": "식물병원균"
                    },
                    {
                        "word": "액체 크로마토그래피"
                    },
                    {
                        "word": "염기서열"
                    },
                    {
                        "word": "염기성"
                    },
                    {
                        "word": "염색체"
                    },
                    {
                        "word": "염색체 DNA"
                    },
                    {
                        "word": "용매"
                    },
                    {
                        "word": "원심분리"
                    },
                    {
                        "word": "유속"
                    },
                    {
                        "word": "유연관계"
                    },
                    {
                        "word": "전개"
                    },
                    {
                        "word": "전개용매"
                    },
                    {
                        "word": "접종"
                    },
                    {
                        "word": "정제"
                    },
                    {
                        "word": "진균"
                    },
                    {
                        "word": "진균 활성 물질"
                    },
                    {
                        "word": "진탕배양"
                    },
                    {
                        "word": "질소원"
                    },
                    {
                        "word": "집균"
                    },
                    {
                        "word": "최소배지"
                    },
                    {
                        "word": "최적 생육조건 검토"
                    },
                    {
                        "word": "최적 질소원"
                    },
                    {
                        "word": "최적배지"
                    },
                    {
                        "word": "충진제"
                    },
                    {
                        "word": "충진제 silcagel 60"
                    },
                    {
                        "word": "크로마토그래피"
                    },
                    {
                        "word": "탁도"
                    },
                    {
                        "word": "탄소원"
                    },
                    {
                        "word": "파장대"
                    },
                    {
                        "word": "항균활성"
                    },
                    {
                        "word": "항진균"
                    },
                    {
                        "word": "항진균 물진"
                    },
                    {
                        "word": "항진균 테스트"
                    },
                    {
                        "word": "항진균 활성"
                    },
                    {
                        "word": "핵자기 공명"
                    },
                    {
                        "word": "핵자기 공명 분석 장치"
                    },
                    {
                        "word": "활성 물질"
                    },
                    {
                        "word": "희석 도말"
                    }
                ]
            }
        ]
    }
}