{
    "dataset_info": {
        "identifier": "02-031-002-NL",
        "name": "기술과학 문서 요약 데이터",
        "category": "자연어",
        "last_updated": "2023-08-30"
    },
    "dataset": {
        "doc_id": "31a7cd33-8c66e39c-9148-4a9f-a457-884231fd3719",
        "doc_type": "논문",
        "doc_title": {
            "kor": "소의 경골에서 유도초음파의 위상속도와 피질골 두께 사이의 상관관계",
            "eng": ""
        },
        "doc_category": {
            "KDC": "530.2405",
            "DDC": "620.2"
        },
        "doc_number": {
            "ISSN": "1225-4428",
            "ISBN": "",
            "DOI": "",
            "UCI": ""
        },
        "doc_year": "2011",
        "doc_author": [
            "이강일"
        ],
        "doc_publisher": "한국음향학회",
        "doc_license": "CC BY-NC",
        "context_info": [
            {
                "context_id": "55e-0c9-d3994d48-32ec-4d7d-ac00-eaa15ee4b9ac",
                "context_K-NSCC": {
                    "field": "생명",
                    "large_category": "LA",
                    "medium_category": "99"
                },
                "context": "<h1>Ⅲ. 결과 및 고찰</h1> <p>그림 3은 \\( 2.11 \\mathrm{~mm} \\) 의 피질골 두께를 갖는 피질골 샘플에 대하여 \\( 100 \\mathrm{~mm} \\)의 송-수신기 간격에서 수신된 신호의 파형을 나타낸다. 그림 3에서 볼 수 있듯이 도달시간 차이에 따라서 각각 FAS 및 SGW로 나타낸 두 가지 종류의 유도초음파로 구별되며, FAS와 SGW 사이에 수신되는 신호는 관형 피질골 샘플의 축방향을 따라 가장 먼저 수신되는 FAS와 초음파가 전파하는 피질골 껍질의 아랫면으로부터 반사된 신호의 간섭으로 인하여 발생된다. 본 연구에서 이용된 서로 다른 피질골 두께를 갖는 12개의 피질골 샘플에 대하여 FAS 및 SGW의 위상속도는 송-수신기 사이의 거리를 x축으로 하고, FAS 및 SGW에 대한 첫째 피크의 수신시간을 \\( y \\) 축으로 하는 그래프의 기울기로부터 결정되었다.</p> <p>그림 4 및 5는 각각 12개의 피질골 샘플에 대하여 \\( 200\\mathrm{kHz} \\)에서 측정된 FAS 및 SGW의 위상속도와 피질골 두께 사이의 상관관계를 나타낸다. ○ 기호는 각각의 피질골 샘플에 대하여 5회씩 측정된 위상속도의 평균값을 나타내며, 실선은 측정값에 대한 선형회귀를 나타낸다. 그림 4에서 볼 수 있듯이 관형 피질골 샘플의 축방향을 따라 가장 먼저 수신되는 FAS의 위상속도와 피질골 두께 사이에 매우 높은 음의 상관관계가 존재한다 \\( (\\mathrm{R}=-0.90 \\), \\(<0.0001) \\). 여기서 \\( \\mathrm{R} \\) 및 \\( \\mathrm{p} \\)는 각각 Pearson 상관계수 및 유의수준을 나타낸다. 반면에 그림 5와 같이 FAS 이후에 수신되는 SGW의 위상속도는 피질골 두께와 높은 양의 상관관계를 나타낸다 \\( (\\mathrm{R}=0.79\\), \\(< 0.001) \\). 즉 피질골 두께가 증가함에 따라 FAS의 위상속도는 감소하지만, SGW의 위상속도는 증가하는 것을 알 수 있다. 표 2는 12개의 피질골 샘플에 대하여 \\( 200 \\mathrm{kHz} \\)에서 측정된 FAS 및 SGW의 위상속도로부터 피질골 두께를 예측하기 위하여 FAS 및 SGW의 위상속도를 독립변수로 하고, 피질골 두께를 종속변수로 하는 단순 및 다중선형회귀모델의 결과를 나타낸다. 여기서 \\( \\mathrm{R}^{2} \\) 및 RMSE는 각각 결정계수 (즉 \\( \\mathrm{R} \\)의 제곱) 및 평균제곱근오차를 나타낸다. 표 2에서 볼 수 있듯이 FAS 또는 SGW의 위상속도 하나만을 독립변수로 하는 단순선형회귀모델의 결정계수는 각각 \\( \\mathrm{R}^{2}=0.81 \\) 및 \\( \\mathrm{R}^{2}=0.63 \\)으로 나타났다. FAS 및 SGW의 위상속도 모두를 독립변수를 하는 다중선형회귀모델의 결정계수는 \\( \\mathrm{R}^{2}= 0.91 \\) 로서 FAS 또는 SGW의 위상속도 하나만을 독립변수로 하는 단순선형회귀모델의 결정계수보다 높게 나타났다. 이와 같이 다중선형회귀모델이 단순선형회귀모델보다 높은 결정계수를 나타내는 이유는 다중선형회귀모델의 독립변수로 이용된 FAS 및 SGW의 위상속도 사이에 높은 상관관계가 존재하기 때문이며, 실제로 FAS의 위상 속도는 SGW의 위상속도와 \\( \\mathrm{R}=-0.64(\\mathrm{p}\\langle 0.02) \\) 의 상관관계를 나타냈다.</p> <p>그림 6 은 램파 이론을 이용하여 판형 피질골에 대하여 주파수-두께 곱의 함수로서 계산된 램파의 위상속도 및 군속도 분산곡선을 나타낸다. 그림 6의 판형 피질골에 대한 램파 분산곡선은 피질골의 종파속도 및 횡파속도를 각각 \\( 4000 \\mathrm{~m} / \\mathrm{s} \\) 및 \\( 1800 \\mathrm{~m} / \\mathrm{s} \\)로 가정하여 계산되었다. 그림 7은 12개의 관형 피질골 샘플에 대하여 피질골 두께의 함수로서 \\( 200 \\mathrm{kHz} \\) 에서 측정된 FAS 및 SGW의 위상속도를 그림 6 (a)에도 나타내었듯이 판형 피질골에 대하여 판 두께의 함수로서 \\( 200 \\mathrm{kHz} \\)에서 계산된 S0 및 A0 램 모드의 위상속도와 비교한 것이다. 그림 7에서 볼 수 있듯이 관형 피질골 샘플의 축방향을 따라 전파하는 FAS의 위상속도는 피질골 두께가 증가함에 따라 감소하는 경향을 나타내며, 판형 피질골에서 전파하는 S0램 모드의 위상속도와 잘 일치한다. 반면에 SGW의 위상속도는 피질골 두께가 증가함에 따라 증가하는 경향을 나타내며, 판형 피질골에서 전파하는 A0 램 모드의 위상속도와 잘 일치하는 것을 볼 수 있다. 일반적으로 본 연구와 같이 두께에 비하여 충분히 큰 직경을 갖는 관형 매질에서 전파하는 유도초음파의 위상속도는 판형 매질에서 전파하는 유도초음파의 위상속도와 잘 일치하는 것으로 알려져 있다.</p>",
                "context_length": 2401,
                "clue": [
                    {
                        "clue_text": "그림 3은 \\( 2.11 \\mathrm{~mm} \\) 의 피질골 두께를 갖는 피질골 샘플에 대하여 \\( 100 \\mathrm{~mm} \\)의 송-수신기 간격에서 수신된 신호의 파형을 나타낸다.",
                        "clue_start": "23",
                        "clue_end": "130"
                    },
                    {
                        "clue_text": "본 연구에서 이용된 서로 다른 피질골 두께를 갖는 12개의 피질골 샘플에 대하여 FAS 및 SGW의 위상속도는 송-수신기 사이의 거리를 x축으로 하고, FAS 및 SGW에 대한 첫째 피크의 수신시간을 \\( y \\) 축으로 하는 그래프의 기울기로부터 결정되었다.",
                        "clue_start": "305",
                        "clue_end": "450"
                    },
                    {
                        "clue_text": "그림 4 및 5는 각각 12개의 피질골 샘플에 대하여 \\( 200\\mathrm{kHz} \\)에서 측정된 FAS 및 SGW의 위상속도와 피질골 두께 사이의 상관관계를 나타낸다.",
                        "clue_start": "458",
                        "clue_end": "555"
                    },
                    {
                        "clue_text": "그림 6 은 램파 이론을 이용하여 판형 피질골에 대하여 주파수-두께 곱의 함수로서 계산된 램파의 위상속도 및 군속도 분산곡선을 나타낸다.",
                        "clue_start": "1685",
                        "clue_end": "1761"
                    },
                    {
                        "clue_text": "일반적으로 본 연구와 같이 두께에 비하여 충분히 큰 직경을 갖는 관형 매질에서 전파하는 유도초음파의 위상속도는 판형 매질에서 전파하는 유도초음파의 위상속도와 잘 일치하는 것으로 알려져 있다.",
                        "clue_start": "2291",
                        "clue_end": "2397"
                    }
                ],
                "terminology": [
                    {
                        "word": "FAS"
                    },
                    {
                        "word": "Pearson 상관계수"
                    },
                    {
                        "word": "SGW"
                    },
                    {
                        "word": "결정계수"
                    },
                    {
                        "word": "관형 피질골"
                    },
                    {
                        "word": "독립변수"
                    },
                    {
                        "word": "램파 분산곡선"
                    },
                    {
                        "word": "램파 이론"
                    },
                    {
                        "word": "상관관계"
                    },
                    {
                        "word": "위상"
                    },
                    {
                        "word": "위상속도"
                    },
                    {
                        "word": "유도초음파"
                    },
                    {
                        "word": "유의수준"
                    },
                    {
                        "word": "파형"
                    },
                    {
                        "word": "판형 피질골"
                    },
                    {
                        "word": "피질골"
                    },
                    {
                        "word": "피질골 샘플"
                    }
                ]
            },
            {
                "context_id": "55e-0c9-5c99fc3b-b89a-4413-b422-3479948abb21",
                "context_K-NSCC": {
                    "field": "생명",
                    "large_category": "LA",
                    "medium_category": "99"
                },
                "context": "<h1>Ⅰ. 서 론</h1> <p>인체의 뼈는 피질골 (cortical bone) 및 해면질골 (cancellous bone)과 같은 두 종류의 골조직으로 분류된다. 그림 1에서 볼 수 있듯이 뼤의 외부 껍질은 매우 치밀한 구조를 갖는 (\\(30\\%\\) 미만의 다공율을 갖는) 피질골로 구성되며, 뼈의 중심부 및 긴 뼈의 양쪽 말단은 해면소주가 3차원의 그물 구조를 갖는 \\( 30 \\% \\) 이상의 다공율을 갖는) 해면질골로 구성된다. 골량의 \\( 80 \\% \\)는 피질골이 차지하지만, 피질골에 비하여 해면질골의 표면적이 매우 크므로 골조직의 물질대사는 대부분 해면질골에서 발생 하는 것으로 알려져 있다. 일반적으로 골다공증 진단을 위한 정량적 초음파 (quantitative ultrasound) 기술이란 해면질골의 골밀도 (bone mineral density)를 평가하기 위하여 해면질골로 구성된 종골 (calcaneus) 등의 말초 골격계에서 횡방향 전파법 (transverse transmission method)을 이용하여 음속 및 감쇠계수를 측정하는 기술을 의미한다. 최근에는 골절 위험률이 높은 대퇴골 근위부 (proximal femur)의 골밀도를 직접 평가하기 위하여 이 부위의 음속 및 감쇠계수를 측정할 수 있는 초음파 진단기기의 개발도 수행되고 있다. 반면에 골다공증 또는 노화로 인한 해면질골의 골밀도 감소 이외에 뼈의 외부 껍질을 구성하는 피질골의 골밀도 및 두께 감소도 골절 위험률에 큰 영향을 미치는 것으로 알려져 있다. 이에 따라 최근에는 피질골에 대한 정보를 얻기 위하여 축방향 전파법 (axial transmission method)을 이용하는 연구도 활발히 수행되고 있다.</p> <p>긴 뼈의 축방향을 따라 초음파를 전파시키는 축방향 전파법은 1950년대 뼈의 외부 껍질을 구성하는 피질골의 골절 회복 상태를 진단하기 위하여 최초로 제안되었으며, 최근에는 피질골 두께 (cortical thickness)를 평가하기 위하여 많은 연구자들의 주목을 받고 있다. 현재까지 축방향 전파법을 이용하는 초음파 골다공증 진단기기로서 두 종류의 제품이 상용화되었으며, 이들은 각각 \\( 0.25 \\mathrm{MHz} \\) 또는 \\( 1.25 \\mathrm{MHz} \\)의 주파수를 이용하여 피질골 껍질의 표면이 수평하고 매끄러울 뿐만 아니라 피질골 껍질 위를 덥고 있는 연부조직의 두께가 매우 얇은 경골(tibia) 또는 요골 (radius)에서 축방향을 따라 가장 먼저 수신되는 일종의 유도초음파 (guided ultrasonic wave)인 first arriving signal (FAS)의 전파속도를 측정한다. 이와 같이 축방향 전파법을 이용하여 경골 등에서 측정된 FAS의 전파속도가 골다공증 진단을 위한 지표로 이용되고 있으며, 일반적으로 \\( 3000-4000 \\mathrm{~m} / \\mathrm{s} \\)의 범위를 갖는다. 최근에는 피질골의 상태를 더욱 정확히 평가하기 위하여 경골과 같은 긴 뼈의 피질골 껍질에서 축방향을 따라 FAS 이후에 수신되는 slow guided wave (SGW)의 이용가능성에 대한 연구도 활발히 수행되고 있다. 피질골 껍질에서 관찰되는 SGW는 두께가 얇은 판형 매질에서 전파하는 램파 (Lamb wave)의 특성을 가지며, 아직 기술적인 문제로 인하여 SGW를 측정하는 초음파 진단기기가 상용화되지는 않았지만 골다공증 진단을 위한 지표로서 SGW의 임상적 유용성에 대한 연구는 꾸준히 발표되고 있다.</p> <p>본 연구에서는 생체 외 (in vitro) 조건에서 12개의 관형 피질골 샘플에 대하여 피질골 샘플의 축방향을 따라 전파하는 FAS 및 SGW와 같은 유도초음파의 위상속도를 측정하고, 각각의 위상속도와 피질골 두께 사이의 상관관계를 고찰하였다. FAS 및 SGW의 위상속도는 \\( 12.7 \\mathrm{~mm} \\)의 직경 및 \\( 200 \\mathrm{kHz} \\)의 중심 주파수를 갖는 한 쌍의 비집속형 초음파 변환기와 함께 공기중에서 축방향 전파법을 이용하여 측정되었다. 또한 12개의 관형 피질골 샘플에 대하여 \\( 200 \\mathrm{kHz} \\)에서 측정된 FAS 및 SGW의 위상속도를 램파이론을 이용하여 판형 피질골에 대하여 \\( 200 \\mathrm{kHz} \\)에서 계산된 기본 대칭 (S0) 및 비대칭 (A0) 램 모드의 위상속도와 비교하였다.</p>",
                "context_length": 2166,
                "clue": [
                    {
                        "clue_text": "인체의 뼈는 피질골 (cortical bone) 및 해면질골 (cancellous bone)과 같은 두 종류의 골조직으로 분류된다.",
                        "clue_start": "19",
                        "clue_end": "92"
                    },
                    {
                        "clue_text": "골량의 \\( 80 \\% \\)는 피질골이 차지하지만, 피질골에 비하여 해면질골의 표면적이 매우 크므로 골조직의 물질대사는 대부분 해면질골에서 발생 하는 것으로 알려져 있다.",
                        "clue_start": "245",
                        "clue_end": "340"
                    },
                    {
                        "clue_text": "반면에 골다공증 또는 노화로 인한 해면질골의 골밀도 감소 이외에 뼈의 외부 껍질을 구성하는 피질골의 골밀도 및 두께 감소도 골절 위험률에 큰 영향을 미치는 것으로 알려져 있다.",
                        "clue_start": "659",
                        "clue_end": "757"
                    },
                    {
                        "clue_text": "이에 따라 최근에는 피질골에 대한 정보를 얻기 위하여 축방향 전파법 (axial transmission method)을 이용하는 연구도 활발히 수행되고 있다.",
                        "clue_start": "758",
                        "clue_end": "846"
                    }
                ],
                "terminology": [
                    {
                        "word": "FAS"
                    },
                    {
                        "word": "SGW"
                    },
                    {
                        "word": "first arriving signal"
                    },
                    {
                        "word": "mineral"
                    },
                    {
                        "word": "slow guided wave"
                    },
                    {
                        "word": "감쇠계수"
                    },
                    {
                        "word": "경골"
                    },
                    {
                        "word": "골다공증"
                    },
                    {
                        "word": "골량"
                    },
                    {
                        "word": "골밀도"
                    },
                    {
                        "word": "골조직"
                    },
                    {
                        "word": "관형 피질골"
                    },
                    {
                        "word": "다공율"
                    },
                    {
                        "word": "대퇴골 근위부"
                    },
                    {
                        "word": "램파"
                    },
                    {
                        "word": "말초 골격계"
                    },
                    {
                        "word": "물질대사"
                    },
                    {
                        "word": "비대칭 (A0) 램 모드"
                    },
                    {
                        "word": "비집속형"
                    },
                    {
                        "word": "상관관계"
                    },
                    {
                        "word": "연부조직"
                    },
                    {
                        "word": "요골"
                    },
                    {
                        "word": "위상속도"
                    },
                    {
                        "word": "유도초음파"
                    },
                    {
                        "word": "정량적 초음파"
                    },
                    {
                        "word": "종골"
                    },
                    {
                        "word": "중심 주파수"
                    },
                    {
                        "word": "축방향 전파법"
                    },
                    {
                        "word": "판형 피질골"
                    },
                    {
                        "word": "피질골 샘플"
                    },
                    {
                        "word": "해면소주"
                    },
                    {
                        "word": "해면질골"
                    },
                    {
                        "word": "횡방향 전파법"
                    }
                ]
            },
            {
                "context_id": "55e-0c9-de08ef24-1ae2-454f-8c25-2eb862a2c852",
                "context_K-NSCC": {
                    "field": "생명",
                    "large_category": "LA",
                    "medium_category": "99"
                },
                "context": "<p>관형 피질골에서 축방향을 따라 가장 먼저 수신되는 FAS의 위상속도는 피질골 두께와 파장의 비 (피질골 두께 / 파장)에 크게 의존하는 것으로 알려져 있다. Nicholson 등의 시뮬레이션 연구에 의하면 피질골 두께가 파장보다 큰 경우에 FAS는 lateral wave 또는 P-head wave로서 피질골 두께에 상관없이 피질골의 종파속도 약 (\\( 4000 \\mathrm{~m} / \\mathrm{s}) \\)를 갖는 것으로 예측되었다. 실제로 경골과 같은 긴 뼈의 관형 피질골을 모사하는 관형 polyvinyl chloride (PVC)로 제작된 피질골 팬텀에서도 동일한 경향이 관찰되었다. 그러나 피질골 두께가 파장보다 작은 경우에 피질골 두께가 감소함에 따라 lateral wave와 S0 램 모드의 간섭으로 인하여 FAS의 위상속도도 점차 감소하면서 판형 피질골에서 전파하는 S0 램 모드의 위상속도로 수렴하게 된다. 또한 피질골 두께가 파장보다 4배 이상 작은 경우에는 그림 4 및 7에서 볼 수 있듯이 판형 피질골에서 전파하는 S0 램 모드의 특성을 가지며 피질골 두께가 증가함에 따라 FAS의 위상속도는 감소하는 경향을 나타낸다. 본 연구에서는 \\( 200 \\mathrm{kHz} \\)의 주파수가 이용되었으므로 피질골의 종파속도를 \\( 4000 \\mathrm{~m} / \\mathrm{s} \\)라고 가정할 때 파장은 \\( 20 \\mathrm{~mm} \\)로서 12개의 피질골 샘플이 갖는 피질골 두께 (1.7-5.9 \\(\\mathrm{mm}\\))보다 4배 이상 큰 경우이다. 그러므로 본 연구에서 이용된 12 개의 피질골 샘플에서 측정된 FAS의 위상속도는 그림 7과 같이 판형 피질골에서 전파하는 S0 램 모드의 위상속도와 잘 일치하며, 그림 4에서도 볼 수 있듯이 피질골 두께와 높은 음의 상관 관계를 나타내는 것을 알 수 있다. Moilanen 등도 \\( 2.6 \\mathrm{mm} \\) 부터 \\( 10.2 \\mathrm{~mm} \\) 까지의 두께 범위를 갖는 관형 PVC로 제작된 피질골 팬텀에 대하여 \\( 200 \\mathrm{kHz} \\) 에서 측정된 FAS의 위상속도는 (피질골 두께가 파장보다 4 배 이상 작은 경우에) 피질골 두께와 매우 높은 상관관계를 나타내는것을 발견하였다 \\( \\left(\\mathrm{R}^{2}=0.81\\right) \\). 반면에 동일한 PVC 팬텀에 대하여 \\( 1.25 \\mathrm{MHz} \\)에서 측정된 FAS의 위상속도와 (피질골 두께가 파장보다 큰 경우에) 피질골 두께 사이에는 상관관계가 전혀 존재하지 않는 것을 관찰하였다. 또한 Bossy 등은 생체 외 조건에서 \\( 1 \\mathrm{~mm} \\) 부터 \\( 4 \\mathrm{~mm} \\) 까지의 피질골 두께 범위를 갖는 피질골 샘플에 대하여 \\( 1 \\mathrm{MHz} \\)에서 측정된 FAS의 위상속도는 (피질골 두께가 파장과 유사한 경우에) 피질골 두께와 낮은 상관관계를 나타내는 것을 보고하였다 \\( \\left(\\mathrm{R}^{2}=0.20\\right) \\). 생체 내 (in vivo) 조건의 연구에서도 이와 유사한 경향이 발견되었다 \\( \\left(\\mathrm{R}^{2}=0.38\\right) \\). 그러므로 관형 피질골에서 축방향을 따라 가장 먼저 수신되는 FAS의 위상속도는 본 연구와 같이 피질골 두께가 파장보다 4배 이상 작은 경우에만 피질골 두께와 높은 상관관계를 나타내는 것을 알 수 있다.</p> <p>관형 피질골에서 축방향을 따라 FAS 이후에 수신되는 SGW의 위상속도는 피질골 두께와 파장의 비에 큰 상관 없이 판형 피질골에서 전파하는 A0 램 모드의 특성을 나타내는 것으로 알려져 있다. 그러나 관형 피질골에서 유도초음파가 가장 효율적으로 전파하는 최적 주파수인 \\( 200 \\mathrm{kHz} \\)를 이용하는 것이 일반적이다. Muller 등도 생체 외 조건에서 40개의 사람 요골 (radius) 샘플에 대하여 \\( 200 \\mathrm{kHz} \\)에서 측정된 SGW의 위상속도와 (피질골 두께가 파장보다 4 배 이상 작은 경우에) 피질골 두께 사이에 높은 상관관계가 존재하는 것을 발표하였다 \\( \\left(\\mathrm{R}^{2}=0.52\\right) \\). 그러나 Moilanen 등은 생체 내 조건에서 106명의 12-14세 여성의 경골을 대상으로 \\( 200 \\mathrm{kHz} \\)에서 측정된 SGW의 위상속도는 (피질골 두께가 파장보다 4 배 이상 작은 경우임에도 불구하고) 피질골 두께와 매우 낮은 상관관계를 나타내는 것을 관찰하였다 \\( \\left(\\mathrm{R}^{2}=0.08\\right) \\). 생체 외 조건에서 수행된 연구에 비하여 생체 내 조건에서 측정된 SGW의 위상속도와 피질골 두께 사이의 상관관계가 매우 낮게 나타나는 이유는 생체 내 조건에서 경골의 피질골 껍질을 덥고 있는 연부조직을 통하여 직접 수신되는 신호와 A0 램 모드의 간섭으로 인하여 SGW의 위상속도를 정확히 측정하는 것이 어렵기 때문이다. 그러므로 최근에는 SGW의 위상속도를 보다 정확히 측정하기 위하여 2-D fast Fourier transform (2-DFFT)와 같은 신호처리방법을 이용하는 연구도 활발히 수행되고 있다. 생체 내 조건에서 위상속도 측정의 어려움에도 불구하고 FAS에 비하여 SGW가 갖는 장점은 다음과 같다. 먼저 그림 7에서 볼 수 있듯이 본 연구와 같이 피질골 두께가 파장보다 4배 이상 작은 경우에 FAS의 위상속도는 피질골 두께가 증가함에 따라 서서히 감소하다가 \\( 5 \\mathrm{~mm} \\) 이상의 두께 영역에서 급격히 감소하는 경향을 나타낸다. 반면에 SGW의 위상속도는 피질골 두께가 증가함에 따라 급격히 증가하다가 \\( 2 \\mathrm{~mm} \\) 이상의 두께 영역에서 서서히 증가하는 경향을 나타낸다. 즉 \\( 2 \\mathrm{~mm} \\) 이하의 피질골 두께 영역에서는 FAS에 비하여 SGW의 위상속도가 피질골 두께에 더 민감하게 의존한다. 그러므로 골다공증 또는 노화로 인하여 피질골 두께가 크게 감소한 경우에는 SGW의 위상속도가 피질골의 두께 변화를 보다 정확히 평가할 수 있는 지표로 이용될 수 있을 것으로 기대된다.</p>",
                "context_length": 3070,
                "clue": [
                    {
                        "clue_text": "관형 피질골에서 축방향을 따라 가장 먼저 수신되는 FAS의 위상속도는 피질골 두께와 파장의 비 (피질골 두께 / 파장)에 크게 의존하는 것으로 알려져 있다.",
                        "clue_start": "3",
                        "clue_end": "90"
                    },
                    {
                        "clue_text": "또한 Bossy 등은 생체 외 조건에서 \\( 1 \\mathrm{~mm} \\) 부터 \\( 4 \\mathrm{~mm} \\) 까지의 피질골 두께 범위를 갖는 피질골 샘플에 대하여 \\( 1 \\mathrm{MHz} \\)에서 측정된 FAS의 위상속도는 (피질골 두께가 파장과 유사한 경우에) 피질골 두께와 낮은 상관관계를 나타내는 것을 보고하였다 \\( \\left(\\mathrm{R}^{2}=0.20\\right) \\).",
                        "clue_start": "1290",
                        "clue_end": "1517"
                    },
                    {
                        "clue_text": "관형 피질골에서 축방향을 따라 FAS 이후에 수신되는 SGW의 위상속도는 피질골 두께와 파장의 비에 큰 상관 없이 판형 피질골에서 전파하는 A0 램 모드의 특성을 나타내는 것으로 알려져 있다.",
                        "clue_start": "1720",
                        "clue_end": "1827"
                    },
                    {
                        "clue_text": "골다공증 또는 노화로 인하여 피질골 두께가 크게 감소한 경우에는 SGW의 위상속도가 피질골의 두께 변화를 보다 정확히 평가할 수 있는 지표로 이용될 수 있을 것으로 기대된다.",
                        "clue_start": "2969",
                        "clue_end": "3066"
                    }
                ],
                "terminology": [
                    {
                        "word": "2-D fast Fourier transform"
                    },
                    {
                        "word": "2-DFFT"
                    },
                    {
                        "word": "FAS"
                    },
                    {
                        "word": "Nicholson"
                    },
                    {
                        "word": "PVC"
                    },
                    {
                        "word": "SGW"
                    },
                    {
                        "word": "chloride"
                    },
                    {
                        "word": "in vivo"
                    },
                    {
                        "word": "lateral wave"
                    },
                    {
                        "word": "경골"
                    },
                    {
                        "word": "골다공증"
                    },
                    {
                        "word": "관형"
                    },
                    {
                        "word": "관형 피질골"
                    },
                    {
                        "word": "상관관계"
                    },
                    {
                        "word": "시뮬레이션"
                    },
                    {
                        "word": "연부조직"
                    },
                    {
                        "word": "요골"
                    },
                    {
                        "word": "위상속도"
                    },
                    {
                        "word": "유도초음파"
                    },
                    {
                        "word": "주파수"
                    },
                    {
                        "word": "파장"
                    },
                    {
                        "word": "판형 피질골"
                    },
                    {
                        "word": "팬텀"
                    },
                    {
                        "word": "피질골"
                    },
                    {
                        "word": "피질골 샘플"
                    }
                ]
            }
        ]
    }
}