{
    "dataset_info": {
        "identifier": "02-031-002-NL",
        "name": "기술과학 문서 요약 데이터",
        "category": "자연어",
        "last_updated": "2023-08-30"
    },
    "dataset": {
        "doc_id": "28a7cd33-275c-4040-99dd-3aa01e88e53a",
        "doc_type": "논문",
        "doc_title": {
            "kor": "브로콜리(Brassica oleracea var. italica)의 온도 스트레스 평가를 위한 다중 센서 모니터링",
            "eng": "SciencesMulti-sensor monitoring for temperature stress evaluation of broccoli(Brassica oleracea var. italica)"
        },
        "doc_category": {
            "KDC": "521.305",
            "DDC": ""
        },
        "doc_number": {
            "ISSN": "1976-0442",
            "ISBN": "",
            "DOI": "",
            "UCI": ""
        },
        "doc_year": "2020",
        "doc_author": [
            "차승주",
            "박현준",
            "이주경",
            "권선주",
            "지효경",
            "백현",
            "김한나",
            "박진희"
        ],
        "doc_publisher": "한국응용생명화학회",
        "doc_license": "CC BY",
        "context_info": [
            {
                "context_id": "55e-0c9-a2832fb3-de0c-40c6-bca4-f574f573a1ed",
                "context_K-NSCC": {
                    "field": "생명",
                    "large_category": "LA",
                    "medium_category": "99"
                },
                "context": "<h2>저온 스트레스 하에서 Brassica oleracea var. italica의 반응</h2> <p>상대습도 \\( 60 \\%, 16 \\)시간 광주기로 정상 생육조건과 마찬가지로 상대습도와 광주기를 유지하면서 주간/야간의 온도조건을 \\( 15 / 10 \\)\\( { }^{\\circ} \\mathrm{C} \\)로 하여 저온 스트레스를 받은 Brassica oleracea var. italica의 ECps와 sap flow rate는 대기 온도와 토양온도가 감소함에 따라 정상적인 생육 조건의 \\( \\mathrm{ECps} \\)와 sap flow rate 보다 값이 급격하게 감소했다(Fig. 2). Repo 등은 저온 스트레스가 지속되는 동안 식물의 줄기에서 세포 외 및 세포 내 저항이 증가했다고 보고하였다. 저항은 전기전도도와 반비례하기 때문에 이는 저온 스트레스 하에서 전기전도도가 감소함을 의미한다. 또한, 저온 토양은 뿌리 성장, 영양소 및 수분의 흡수뿐만 아니라 광합성 및 기공 전도도를 감소시킨다. 가뭄 스트레스와 유사하게, 저온 스트레스를 받은 Populus tremuloides의 뿌리는 수분흡수를 억제하고 기공 전도도를 감소시켰다. 따라서 수분 및 이온의 수송에 관련이 있는 ECps와 sap flow rate가 저온스트레스 조건에서 감소하였음을 알 수 있다. ECps, sap flowrate, 대기 온도와 토양 온도를 제외한 상대습도, \\( \\mathrm{CO}_{2} \\), 토양 수분, 토양 전기전도도는 정상적인 생육 조건 하에서의 상태와 큰 변화가 없었으며, 토양 수분 및 토양 전기전도도 값은 관수를 하였을 때 급격히 증가하였다(Fig. 2).</p> <p>저온 스트레스하에서 Brassica oleracea var. italica 잎의 엽록소 \\( \\mathrm{a} \\) 및 \\( \\mathrm{b} \\) 함량은 정상적인 생육 조건에서 자란 엽록소 함량보다 높게 나타났으며 유의한 차이가 있었다(Fig. 3A). 일반적으로 저온 조건에서는 엽록소 생합성이 감소하기 때문에 저온 스트레스에서는 식물 잎의 엽록소 함량이 감소한다. 그러나 본 연구에서는 저온 스트레스하에서 엽록소 함량이 증가하였다. Markhart et al. 에 따르면 Brassica oleracea var. italica은 저온에 저항성이 있기 때문에 저온조건에서 스트레스를 받지 않은 것으로 판단된다. 저온 스트레스 조건에서 Brassica oleracea var. italica의 프롤린 함량은 정상적인 생육 조건에서 자란 잎의 프롤린 함량과 비교하여 유의한 차이가 없었다(Fig. 3B). 일반적으로 식물이 생물학적 또는 비생물학적인 스트레스를 받으면 프롤린 함량이 증가할 수 있다. 프롤린의 축적은 식물이 저온 스트레스 상태에 견딜 수 있게 해주며 이는 스트레스 반응과 상관 관계가 있다. 저온 조건에서 프롤린은 저온 손상에 대한 반응으로 Hordeum distichum L., Malus sylvestris 및 Triticum aestivum L.의 잎에 축적되었다. 본 연구에서 저온 스트레스 조건에서 프롤린의 함량이 증가하지 않은 것은 엽록소 함량이 증가한 것과 마찬가지로 Brassica oleracea var. italica가 저온스트레스를 받지 않았다는 것을 보여준다. 저온 스트레스를 받은 Brassica oleracea var. italica의 건물중은 잎, 줄기, 뿌리 모두 유의한 차이가 없었다(Table 1). 따라서, 저온 스트레스하에서 엽록소와 프롤린 함량 및 건물중을 대조구와 비교해보면 Brassica oleracea var. italica는 저온에 스트레스를 받지 않은 것으로 판단된다.</p>",
                "context_length": 1809,
                "clue": [
                    {
                        "clue_text": "상대습도 \\( 60 \\%, 16 \\)시간 광주기로 정상 생육조건과 마찬가지로 상대습도와 광주기를 유지하면서 주간/야간의 온도조건을 \\( 15 / 10 \\)\\( { }^{\\circ} \\mathrm{C} \\)로 하여 저온 스트레스를 받은 Brassica oleracea var. italica의 ECps와 sap flow rate는 대기 온도와 토양온도가 감소함에 따라 정상적인 생육 조건의 \\( \\mathrm{ECps} \\)와 sap flow rate 보다 값이 급격하게 감소했다(Fig.",
                        "clue_start": "59",
                        "clue_end": "331"
                    },
                    {
                        "clue_text": "ECps, sap flowrate, 대기 온도와 토양 온도를 제외한 상대습도, \\( \\mathrm{CO}_{2} \\), 토양 수분, 토양 전기전도도는 정상적인 생육 조건 하에서의 상태와 큰 변화가 없었으며, 토양 수분 및 토양 전기전도도 값은 관수를 하였을 때 급격히 증가하였다(Fig. 2).",
                        "clue_start": "661",
                        "clue_end": "825"
                    },
                    {
                        "clue_text": "그러나 본 연구에서는 저온 스트레스하에서 엽록소 함량이 증가하였다.",
                        "clue_start": "1042",
                        "clue_end": "1079"
                    },
                    {
                        "clue_text": "프롤린의 축적은 식물이 저온 스트레스 상태에 견딜 수 있게 해주며 이는 스트레스 반응과 상관 관계가 있다.",
                        "clue_start": "1339",
                        "clue_end": "1398"
                    },
                    {
                        "clue_text": "따라서, 저온 스트레스하에서 엽록소와 프롤린 함량 및 건물중을 대조구와 비교해보면 Brassica oleracea var. italica는 저온에 스트레스를 받지 않은 것으로 판단된다.",
                        "clue_start": "1702",
                        "clue_end": "1805"
                    }
                ],
                "terminology": [
                    {
                        "word": "Brassica oleracea var. italica"
                    },
                    {
                        "word": "ECps"
                    },
                    {
                        "word": "Hordeum distichum L."
                    },
                    {
                        "word": "Malus sylvestris"
                    },
                    {
                        "word": "Populus tremuloides"
                    },
                    {
                        "word": "Triticum aestivum L"
                    },
                    {
                        "word": "sap flow rate"
                    },
                    {
                        "word": "sap flowrate"
                    },
                    {
                        "word": "건물중"
                    },
                    {
                        "word": "관수"
                    },
                    {
                        "word": "광주기"
                    },
                    {
                        "word": "기공 전도도"
                    },
                    {
                        "word": "비생물학적인 스트레스"
                    },
                    {
                        "word": "생육 조건"
                    },
                    {
                        "word": "생합성"
                    },
                    {
                        "word": "엽록소"
                    },
                    {
                        "word": "엽록소 함량"
                    },
                    {
                        "word": "이온"
                    },
                    {
                        "word": "저온 스트레스"
                    },
                    {
                        "word": "저온스트레스"
                    },
                    {
                        "word": "전기전도도"
                    },
                    {
                        "word": "프롤린"
                    },
                    {
                        "word": "프롤린 함량"
                    }
                ]
            },
            {
                "context_id": "55e-0c9-ac1fae5f-7f93-4b0f-9702-63aa5bbcf9fd",
                "context_K-NSCC": {
                    "field": "생명",
                    "large_category": "LA",
                    "medium_category": "99"
                },
                "context": "<h2>고온 스트레스 하에서 Brassica oleracea var. italica의 반응</h2> <p>상대습도가 \\( 60 \\%, 16 \\)시간 광주기로 \\( 35 / 30{ }^{\\circ} \\mathrm{C} \\) (주간/야간)에 노출시켜 고온 스트레스를 받은 Brassica oleracea var. italica의 ECps와 sap flow rate는 정상적인 생육 조건의 ECps와 sap flow rate 보다 온도를 변경하면서 값이 증가하였다(Fig. 4). Lekas 등은 전나무와 가문비 줄기의 전기전도도가 광합성 유효광량자속 밀도와 온도가 증가함에 따라 증가하였다고 보고하였다. 또한, 고온 스트레스를 받은 Carrizo citrange와 Cleopatra mandarin은 정상적인 생육조건보다 더 높은 기공 전도도와 증산율을 보였다. 따라서, 물 및 이온 수송의 증가와 관련이 있는 ECps가 고온 생육 조건에 의해 증가된 것으로 판단된다. ECps, sap flow rate, 대기 온도와 토양 온도를 제외한 상대습도, \\( \\mathrm{CO}_{2} \\), 토양 수분, 토양 전기전도도는 정상적인 생육 조건 하에서의 값과 큰 변화가 없었다. 토양 수분 및 토양 전기전도도 값은 관수를 하였을 때 급격히 증가하였다(Fig. 4).</p> <p>고온 스트레스를 받은 잎의 엽록소 \\( \\mathrm{a} \\), 엽록소 \\( \\mathrm{b} \\)의 함량은 정상적인 생육조건과 비교하여 유의한 차이가 없었다(Fig. 3A). 고온 스트레스를 받은 Arabidopsis thaliana L.에서는 엽록소 분해의 첫 단계를 촉매하는 엽록소 분해 효소가 증가하여 잎의 엽록소를 클로로필리드(chlorophyllide)와 피톨(phytol)로 가수분해하여 엽록소의 함량이 감소하였다. 그러나 본 연구에서는 엽록소 함량에 유의한 차이가 없어 고온으로 인한 스트레스가 엽록소 함량에 반영이 안된 것으로 보이며 이는 고온에 노출시킨 시간이 엽록소 함량에 영향을 미칠 만큼 충분히 길지 않았기 때문인 것으로 판단된다. 고온에 노출된 Brassica oleracea var. italica 잎과 줄기의 건조 중량도 대조구와 유의한 차이가 없어 생육량에 차이를 미칠 만큼 스트레스 처리가 길지 않았던 것으로 판단된다(Table 1).</p> <p>고온 스트레스를 받은 잎의 프롤린 함량은 정상적인 조건에서 생육했을 때 보다 증가하였다(Fig. 3B). 프롤린은 스트레스 환경에서 삼투조절 외에도 산화 환원 균형 유지 및 라디칼 소거, 분자 샤페론(molecular chaperone) 역할을 하는 단백질 고유구조의 유지 등 다양한 효소의 활성을 강화하고 세포막 손상을 줄이는 데 기여하는 등 많은 다른 보호 효과를 나타낸다. 따라서, 프롤린의 축적은 고온으로 인한 증산 속도의 증가 및 토양 가뭄으로 인한 수분 손실과 관련이 있다. 본 연구에서는 고온 스트레스 하에서 Brassica oleracea var. italica의 프롤린 함량이 현저히 증가하여 고온으로 인한 스트레스를 받았다고 판단된다.</p> <p>본 연구에서는 온도 변화에 따른 식물의 반응을 모니터링하기 위한 방법으로 ECps와 sap flow rate를 측정하였으며 외부 온도변화에 따라 식물의 양수분 이동이 즉각적으로 반응하여 ECps의 값이 변화되는 것을 확인하였다. 그러나 sap flow rate의 경우 저온과 고온 조건에서 온도 변화와 같은 패턴으로 값이 변화하여 광합성과 증산에 따른 식물의 수액 이동을 제대로 반영하지 못한 것으로 판단된다. ECps가 식물의 스트레스를 잘반영하는지 평가하기 위해 엽록소와 프롤린 함량, 건물중을 대조구와 비교하였으며 건물중의 경우 처리 시간이 짧아 유의한 차이가 나타나지 않았으나 프롤린 함량의 변화로 식물의 스트레스 여부를 확인할 수 있었다. 그러나 프롤린 함량은 파괴적인 방법으로 분석이 가능하며, 분석 시간이 오래 걸리고 측정법이 복잡하다. 그러나 식물 양수분 이동의 활성도를 보여주는 ECps는 비파괴적으로 식물의 상태를 지속적으로 모니터링 할 수 있어 환경 조건의 변화에 따른 식물의 이상 반응을 빠르게 판단하고 스트레스 환경을 즉각적으로 개선하는데 적용할 수 있다고 판단된다.</p>",
                "context_length": 2082,
                "clue": [
                    {
                        "clue_text": "ECps, sap flow rate, 대기 온도와 토양 온도를 제외한 상대습도, \\( \\mathrm{CO}_{2} \\), 토양 수분, 토양 전기전도도는 정상적인 생육 조건 하에서의 값과 큰 변화가 없었다.",
                        "clue_start": "485",
                        "clue_end": "599"
                    },
                    {
                        "clue_text": "토양 전기전도도 값은 관수를 하였을 때 급격히 증가하였다(Fig. 4).",
                        "clue_start": "608",
                        "clue_end": "648"
                    },
                    {
                        "clue_text": "고온 스트레스를 받은 잎의 엽록소 \\( \\mathrm{a} \\), 엽록소 \\( \\mathrm{b} \\)의 함량은 정상적인 생육조건과 비교하여 유의한 차이가 없었다(Fig.",
                        "clue_start": "656",
                        "clue_end": "751"
                    },
                    {
                        "clue_text": "고온 스트레스를 받은 잎의 프롤린 함량은 정상적인 조건에서 생육했을 때 보다 증가하였다(Fig.",
                        "clue_start": "1151",
                        "clue_end": "1204"
                    },
                    {
                        "clue_text": "본 연구에서는 온도 변화에 따른 식물의 반응을 모니터링하기 위한 방법으로 ECps와 sap flow rate를 측정하였으며 외부 온도변화에 따라 식물의 양수분 이동이 즉각적으로 반응하여 ECps의 값이 변화되는 것을 확인하였다.",
                        "clue_start": "1524",
                        "clue_end": "1651"
                    }
                ],
                "terminology": [
                    {
                        "word": "Arabidopsis thaliana"
                    },
                    {
                        "word": "Brassica oleracea var. italica"
                    },
                    {
                        "word": "ECps"
                    },
                    {
                        "word": "chaperone"
                    },
                    {
                        "word": "sap flow rate"
                    },
                    {
                        "word": "가수분해"
                    },
                    {
                        "word": "건물중"
                    },
                    {
                        "word": "건조 중량"
                    },
                    {
                        "word": "고온 스트레스"
                    },
                    {
                        "word": "관수"
                    },
                    {
                        "word": "광주기"
                    },
                    {
                        "word": "기공 전도도"
                    },
                    {
                        "word": "단백질 고유구조"
                    },
                    {
                        "word": "라디칼"
                    },
                    {
                        "word": "분자 샤페론"
                    },
                    {
                        "word": "분해 효소"
                    },
                    {
                        "word": "삼투조절"
                    },
                    {
                        "word": "상대습도"
                    },
                    {
                        "word": "생육 조건"
                    },
                    {
                        "word": "생육량"
                    },
                    {
                        "word": "샤페론"
                    },
                    {
                        "word": "세포막 손상"
                    },
                    {
                        "word": "엽록소"
                    },
                    {
                        "word": "엽록소 함량"
                    },
                    {
                        "word": "이온"
                    },
                    {
                        "word": "전기전도도"
                    },
                    {
                        "word": "증산율"
                    },
                    {
                        "word": "촉매"
                    },
                    {
                        "word": "클로로필리드"
                    },
                    {
                        "word": "프롤린"
                    },
                    {
                        "word": "프롤린 함량"
                    },
                    {
                        "word": "피톨"
                    },
                    {
                        "word": "환원"
                    },
                    {
                        "word": "활성"
                    }
                ]
            },
            {
                "context_id": "55e-0c9-67eedb06-65b2-4f59-bf6d-b7263ced6fa8",
                "context_K-NSCC": {
                    "field": "생명",
                    "large_category": "LA",
                    "medium_category": "99"
                },
                "context": "<h2>잎의 엽록소 함량 분석</h2> <p>스트레스에 의한 엽록소 함량 변화를 평가하기 위해, 대조구, 저온 및 고온 처리 후에 Brassica oleracea var. italica 잎을 무작위로 채취하였다. 채취한 잎을 증류수로 세척한 다음 작은조각으로 분쇄하였다. 신선한 잎(FW) \\( 0.5 \\mathrm{~g} \\) 을 \\( 50 \\mathrm{~mL} \\) 코니컬 튜브에 넣고 \\( 25 \\mathrm{~mL} \\)의 \\( 80 \\% \\) 아세톤을 첨가하였다. 코니컬 튜브를 흔들어 24시간 동안 암조건에 두었다. \\( 0.45 \\mu \\mathrm{m} \\) 실린지 필터로 여과한 후, UV/Vis 분광 광도계(Orion AquaMate 7000, Thermo-Fisher Scientific, Waltham, MA, USA)로 \\( 80 \\% \\) 아세톤을 blank로 하여 645 및 \\( 665 \\mathrm{~nm} \\)에서의 흡광도를 측정하였다. 식물 잎의 엽록소 a 및 b 함량은 Maclachlan 및 Zalik의 방정식에 따라 계산하였다.</p> <p>\\( C_{a}=\\frac{\\left(12.3 D_{663}-0.86 D_{645}\\right) \\times V}{d \\times 1000 \\times W} \\)<caption>(2)</caption></p> <p>\\( C_{b}=\\frac{\\left(19.3 D_{645}-3.60 D_{663}\\right) \\times V}{d \\times 1000 \\times W} \\)<caption>(3</caption></p> <p>\\( \\mathrm{C}_{\\mathrm{a}} \\)는 엽록소 \\( \\mathrm{a} \\) 함량 \\( (\\mathrm{mg} / \\mathrm{g} \\mathrm{FW}), \\mathrm{C}_{\\mathrm{b}} \\) 는 엽록소 \\( \\mathrm{b} \\) 함량 \\( (\\mathrm{mg} / \\mathrm{g} \\)\\( \\mathrm{FW}), \\mathrm{D} \\)는 표시된 파장에서의 광밀도, \\( \\mathrm{V} \\)는 최종 용액 부피 \\( (\\mathrm{mL}) \\), \\( \\mathrm{W} \\)는 신선한 잎의 무게 \\( (\\mathrm{g}), \\mathrm{d} \\) 는 빛의 경로 \\( (\\mathrm{cm}) \\)이다.</p> <h2>잎의 프롤린 함량 분석 및 식물 건조 중량 측정</h2> <p>엽록소 분석과 동일한 방식으로 Brassica oleracea var. italica 잎을 채취하였다. 잎을 증류수로 세척하고 작은 조각으로 분쇄했다. 프롤린 함량은 Bates et al. 이 제안한 acid-ninhydrin reagent ( \\( 2.5 \\mathrm{~g} \\) ninhydrin, \\( 60 \\mathrm{~mL} \\) glacial acetic acid 및 \\( 40 \\mathrm{~mL} \\)\\( 6 \\mathrm{M} \\) phosphoric acid)으로 추출한 후 비색법을 사용하여 분석하였다. \\( 50 \\mathrm{~mL} \\) 코니컬 튜브에 \\( 10 \\mathrm{~mL} 3 \\% \\) sulfosalicylic acid와\\( 0.5 \\mathrm{~g} \\) 의 신선한 잎 \\( (\\mathrm{FW}) \\)을 혼합하고 초음파분산기에서 30분 동안 반응시켰다. 추출된 용액을 \\( 25^{\\circ} \\mathrm{C} \\)에서 10분 동안 \\( 4000 \\mathrm{rpm} \\)으로 원심 분리하고 \\( 0.45 \\mu \\mathrm{m} \\) 실린지 필터로 여과하였다. 여과액 \\( 2 \\mathrm{~mL} \\)를 \\( 2 \\mathrm{~mL} \\)의 acid-ninhydrin reagent 및 \\( 2 \\mathrm{~mL} \\)의 glacial acetic acid와 혼합하고 \\( 100^{\\circ} \\mathrm{C} \\)에서 1시간 동안 가열하였다. 얼음물에서 샘플을 냉각시킨 후, \\( 4 \\mathrm{~mL} \\)의 톨루엔을 용액에 첨가하고 20초 동안 교반하였다. 발색단을 함유하는 톨루엔을 수성상으로부터 분리하고 UV/Vis 분광 광도계를 사용하여 톨루엔을 blank로 하여 \\( 520 \\mathrm{~nm} \\)에서 흡광도를 측정하였다. 프롤린 농도는 표준 곡선 \\( (0-500 \\mu \\mathrm{g} / \\mathrm{mL}) \\)을 만든 후, 신선한 잎 중량을 기준으로 계산하였다.</p> <p>Brassica oleracea var. italica를 온도 스트레스 조건에 노출시키고 식물 반응과 환경 조건을 모니터링 한 후 잎, 줄기, 뿌리로 나누어 증류수로 세척한 다음 \\( 60^{\\circ} \\mathrm{C} \\) 오븐에서 건조 후 중량을 측정하였다.</p>",
                "context_length": 2350,
                "clue": [
                    {
                        "clue_text": "\\( C_{a}=\\frac{\\left(12.3 D_{663}-0.86 D_{645}\\right) \\times V}{d \\times 1000 \\times W} \\)<caption>(2)</caption>",
                        "clue_start": "550",
                        "clue_end": "662"
                    },
                    {
                        "clue_text": "\\( C_{b}=\\frac{\\left(19.3 D_{645}-3.60 D_{663}\\right) \\times V}{d \\times 1000 \\times W} \\)<caption>(3</caption>",
                        "clue_start": "670",
                        "clue_end": "781"
                    },
                    {
                        "clue_text": "\\( \\mathrm{C}_{\\mathrm{a}} \\)는 엽록소 \\( \\mathrm{a} \\) 함량 \\( (\\mathrm{mg} / \\mathrm{g} \\mathrm{FW}), \\mathrm{C}_{\\mathrm{b}} \\) 는 엽록소 \\( \\mathrm{b} \\) 함량 \\( (\\mathrm{mg} / \\mathrm{g} \\)\\( \\mathrm{FW}), \\mathrm{D} \\)는 표시된 파장에서의 광밀도, \\( \\mathrm{V} \\)는 최종 용액 부피 \\( (\\mathrm{mL}) \\), \\( \\mathrm{W} \\)는 신선한 잎의 무게 \\( (\\mathrm{g}), \\mathrm{d} \\) 는 빛의 경로 \\( (\\mathrm{cm}) \\)이다.",
                        "clue_start": "789",
                        "clue_end": "1155"
                    },
                    {
                        "clue_text": "엽록소 분석과 동일한 방식으로 Brassica oleracea var. italica 잎을 채취하였다.",
                        "clue_start": "1199",
                        "clue_end": "1256"
                    }
                ],
                "terminology": [
                    {
                        "word": "Brassica oleracea var. italica"
                    },
                    {
                        "word": "UV/Vis"
                    },
                    {
                        "word": "blank"
                    },
                    {
                        "word": "glacial acetic acid"
                    },
                    {
                        "word": "phosphoric acid"
                    },
                    {
                        "word": "reagent"
                    },
                    {
                        "word": "건조 중량"
                    },
                    {
                        "word": "광도계"
                    },
                    {
                        "word": "대조구"
                    },
                    {
                        "word": "발색단"
                    },
                    {
                        "word": "방정식"
                    },
                    {
                        "word": "분광 광도계"
                    },
                    {
                        "word": "비색법"
                    },
                    {
                        "word": "수성상"
                    },
                    {
                        "word": "실린지 필터"
                    },
                    {
                        "word": "아세톤"
                    },
                    {
                        "word": "암조건"
                    },
                    {
                        "word": "엽록소"
                    },
                    {
                        "word": "엽록소 분석"
                    },
                    {
                        "word": "엽록소 함량"
                    },
                    {
                        "word": "온도 스트레스"
                    },
                    {
                        "word": "원심 분리"
                    },
                    {
                        "word": "증류수"
                    },
                    {
                        "word": "초음파분산기"
                    },
                    {
                        "word": "코니컬 튜브"
                    },
                    {
                        "word": "톨루엔"
                    },
                    {
                        "word": "파장"
                    },
                    {
                        "word": "표준 곡선"
                    },
                    {
                        "word": "프롤린"
                    },
                    {
                        "word": "프롤린 함량"
                    },
                    {
                        "word": "흡광도"
                    }
                ]
            },
            {
                "context_id": "55e-0c9-b228759c-8a7a-4899-92a1-222eb2a88519",
                "context_K-NSCC": {
                    "field": "생명",
                    "large_category": "LA",
                    "medium_category": "99"
                },
                "context": "<h1>결과 및 고찰</h1> <h2>정상적인 생육 조건 하에서 Brassica oleracea var. italica의 반응</h2> <p>Brassica oleracea var. italica를 저온 밋 고온에 노출시키기 전에, 정상적인 생육 조건 하에서 식물 반응 ECps, sap flowrate), 기후 조건(온도, 상대습도, 광합성유효광량자속 밀도, \\( \\mathrm{CO}_{2} \\) )및 토양 조건(토양온도, 토양 수분함량, 전기전도도)을 모니터링 하였다. 생장상의 설정 조건에 따라 낮에는 광합성유효광량자속밀도, 대기 온도 및 토양 온도가 증가하였으며 상대습도는 밤과 낮 모두 \\( 60 \\% \\)로 설정하였으나 밤에 약간 증가하는 경향을 보였으며 \\( \\mathrm{CO}_{2} \\)도 밤에 증가하였으며 관수할 때 증가하였다. ECps 및 sap flow rate는 낮에 증산량이 증가하면서 식물체 내수분 이동의 증가로 낮에는 증가하고 밤에는 감소하는 패턴을 보였다. 양분은 물과 함께 이동하기 때문에 ECps는 수액 이동이 증가하면서 증가하였다. 이전 연구에서 밤과 낮의 식물 줄기의 이온을 추출해 분석한 결과 양이온과 음이온의 함량이 밤보다 낮에 높은 것으로 나타났다. 토양의 수분 및 전기전도도 값은 관수를 하였을 때 급격히 증가하였다(Fig. 1).</p> <p>정상적인 생육 조건의 Brassica oleracea var. italica에서 전기전도도 및 sap flow rate는 상대습도 및 \\( \\mathrm{CO}_{2} \\)와 음의 상관 관계가 있다. 낮에는 기온이 높아져 포화 수증기량이 증가하여 상대습도가 낮고, 기온이 낮은 밤에는 포화 수증기량이 감소하여 상대습도가 높다. \\( \\mathrm{CO}_{2} \\)는 광이 있는 낮에 식물이 광합성을 하면서 대기 중의 \\( \\mathrm{CO}_{2} \\)를 사용하여 대기 중의 \\( \\mathrm{CO}_{2} \\) 함량을 감소시킨다. 따라서, 상대습도와 \\( \\mathrm{CO}_{2} \\)가 낮은 낮에는, 광에 의한 증산속도가 증가하고 줄기를 통해서 물의 흐름인 sap flow rate가 증가한다. 식물체 내부에 물이 이동하면서 이온도 같이 이동하고 물과 이온의 수송이 증가함에 따라 이전 연구에서 낮에 Capsicum annuum의 내부 전기전도도가 증가함을 확인하였다. 반면에, 밤에는 온도와 광의 세기가 감소함에 따라, Brassica oleracea var. italica의 증산작용이 원활하지 않아 줄기의 ECps와 sap flow rate가 감소하였다. 상대습도 및 온도, 광의 세기와 같은 정상적인 생육 조건에 반응하여 Brassica oleracea var. italica의 ECps와 sap flow rate는 매일 올라갔다 내려가는 패턴을 보였다. ECps는 상대습도 및 온도, 광의 세기와 같은 기후조건과 관련이 있어 이 패턴에서 ECps의 편차는 식물 내에서 이상징후를 판단하는 기준이 될 수 있다.</p>",
                "context_length": 1472,
                "clue": [
                    {
                        "clue_text": "생장상의 설정 조건에 따라 낮에는 광합성유효광량자속밀도, 대기 온도 및 토양 온도가 증가하였으며 상대습도는 밤과 낮 모두 \\( 60 \\% \\)로 설정하였으나 밤에 약간 증가하는 경향을 보였으며 \\( \\mathrm{CO}_{2} \\)도 밤에 증가하였으며 관수할 때 증가하였",
                        "clue_start": "266",
                        "clue_end": "417"
                    },
                    {
                        "clue_text": "정상적인 생육 조건의 Brassica oleracea var. italica에서 전기전도도 및 sap flow rate는 상대습도 및 \\( \\mathrm{CO}_{2} \\)와 음의 상관 관계가 있다",
                        "clue_start": "668",
                        "clue_end": "778"
                    },
                    {
                        "clue_text": "따라서, 상대습도와 \\( \\mathrm{CO}_{2} \\)가 낮은 낮에는, 광에 의한 증산속도가 증가하고 줄기를 통해서 물의 흐름인 sap flow rate가 증가한다. 식물체",
                        "clue_start": "969",
                        "clue_end": "1067"
                    }
                ],
                "terminology": [
                    {
                        "word": "Brassica oleracea"
                    },
                    {
                        "word": "Brassica oleracea var. italica"
                    },
                    {
                        "word": "Capsicum annuum"
                    },
                    {
                        "word": "ECps"
                    },
                    {
                        "word": "flow rate"
                    },
                    {
                        "word": "sap flowrate"
                    },
                    {
                        "word": "관수"
                    },
                    {
                        "word": "광합성유효광량자속 밀도"
                    },
                    {
                        "word": "내부 전기전도도"
                    },
                    {
                        "word": "상관 관계"
                    },
                    {
                        "word": "생육 조건"
                    },
                    {
                        "word": "생장상"
                    },
                    {
                        "word": "이온"
                    },
                    {
                        "word": "증산량"
                    },
                    {
                        "word": "증산속도"
                    },
                    {
                        "word": "증산작용"
                    }
                ]
            },
            {
                "context_id": "55e-0c9-c1a8f98d-bdd3-4de0-a7f0-9f7c03b2a6f9",
                "context_K-NSCC": {
                    "field": "생명",
                    "large_category": "LA",
                    "medium_category": "99"
                },
                "context": "<h1>재료 및 방법</h1> <h2>브로콜리의 생육 및 온도 스트레스 처리</h2> <p>농경지에서 채취한 토양과 상업용 상토를 \\( 1: 1 \\mathrm{v} / \\mathrm{v} \\) 비율로 혼합하고, 토양 살충제(Depucon, Farm Hannong) \\( 4 \\mathrm{~g} / \\mathrm{kg} \\)을 혼합물에 첨가하였다. 모판에서 5주간 자란 모종을 \\( 3.6 \\mathrm{~L} \\) 화분에 \\( 3 \\mathrm{~kg} \\)의 혼합 토양을 넣고 이식하였다. Brassica oleracea var. italica 모종은 스트레스 조건에 노출되기 전 화뢰가 생길 때까지 6주간 온실 조건에서 생육하였으며, 생육 기간 동안 포장용수량 상태로 관수하였다.</p> <p>Brassica oleracea var italica는 생장상에서 상대습도 \\( 60 \\% \\), 16 간 광주기로 \\( 20 / 15^{\\circ} \\mathrm{C} \\) (주간/야간)에 4일 동안 노출시켰으며 이를 대조구로 하였다. 저온 처리의 경우, Brassica oleraceavar. italica은 생장상에서 초기에는 대조구와 같은 조건에 4일간 노출시켰다가 이후 4일 동안 상대습도 \\( 60 \\%, 16 \\)시간 광주기로 \\( 15 / 10^{\\circ} \\mathrm{C} \\) (주간/야간)에 노출시켰다. 고온 처리의 경우, 다른 조건은 바꾸지 않고 온도를 \\( 35 / 30^{\\circ} \\mathrm{C} \\) (주간/야간)에 노출시켰다. 식물 반응(ECps, sap flow rate), 기후(온도, 상대습도, \\( \\mathrm{CO}_{2} \\) ), 토양 조건(토양 수분함량, 토양온도, 전기전도도)을 실험 기간동안 모니터링하연다</p> <h2>Brassica oleracea var. italica의 ECps, Sap flow rate, 기후, 토양 환경 모니터링</h2> <p>저온 및 고온 스트레스 하에서 Brassica oleracea var. italica의 생리학적 변화를 모니터링하기 위해, 생장상에서 식물이 온도 스트레스 조건에 노출되는 동안 Junsmeter II (Prumbio, Suwon, Korea)를 사용하여 ECps를 측정하였다. 3개의 스테인 리스 바늘이 달린 2개의 전극을 Brassica oleracea var. italica 줄기의 양 측면에 삽입하였다. 두 전극에 전류를 공급한 후 브리지 회로 방법을 사용하여 저항을 측정했다. 전기 저항값은 데이터 로거(CR1000, Campbell Scientific, Logan, UT, USA)를 사용하여 15분마다 저장하였고, 수신된 데이터는 식 (1)에 따라 전기전도도로 변환하였다.</p> <p>\\( \\sigma=\\frac{1}{R} \\times \\frac{L}{A}=\\frac{1}{R} \\times \\frac{\\pi r}{100} \\)<caption>(1)</caption></p> <p>여기서 \\( \\sigma(\\mathrm{S} / \\mathrm{m}) \\) 는 Brassica oleracea var. italica의 ECps, L은 측정된 Brassica oleracea var. italica 줄기 둘레의 절반 길이\\( (\\mathrm{mm}) \\) 이고, \\( \\mathrm{R} \\) 은 저항 \\( (\\Omega) \\) 이며, \\( \\mathrm{A} \\) 는 바늘이 삽입된 줄기의 단면적 \\( \\left(\\mathrm{mm}^{2}\\right), \\mathrm{r} \\) 은 Brassica oleracea var. italica 줄기의 반경 \\( (\\mathrm{mm}) \\) 이다.</p> <p>Sap flow rate (Telofarm, Seoul, Korea)는 식물 줄기에 센서 를 한 개씩 삽입하여 2분간격으로 측정하였다. 기후는 광합성 유효광량자속 밀도(LightScout, Spectrum Technologies, Aurora, \\( \\mathrm{IL}, \\mathrm{USA}), \\mathrm{CO}_{2} \\), 온도 및 상대습도를 측정하였다. 토양 조건은 각 화분마다 WaterScout SMEC 300 (Encosys, Anyang, Korea)으로 토양 수분함량( \\(\\%\\) VWC), 토양온도 \\( \\left({ }^{\\circ} \\mathrm{C}\\right) \\), 전기전도도 \\( (\\mathrm{mS} / \\mathrm{cm}) \\)를 측정하였다.</p>",
                "context_length": 2197,
                "clue": [
                    {
                        "clue_text": "식물 반응(ECps, sap flow rate), 기후(온도, 상대습도, \\( \\mathrm{CO}_{2} \\) ), 토양 조건(토양 수분함량, 토양온도, 전기전도도)을 실험 기간동안 모니터링하연다",
                        "clue_start": "764",
                        "clue_end": "874"
                    },
                    {
                        "clue_text": "저온 및 고온 스트레스 하에서 Brassica oleracea var. italica의 생리학적 변화를 모니터링하기 위해, 생장상에서 식물이 온도 스트레스 조건에 노출되는 동안 Junsmeter II (Prumbio, Suwon, Korea)를 사용하여 ECps를 측정하였다.",
                        "clue_start": "959",
                        "clue_end": "1113"
                    }
                ],
                "terminology": [
                    {
                        "word": "Brassica oleracea"
                    },
                    {
                        "word": "Brassica oleracea var. italica"
                    },
                    {
                        "word": "ECps"
                    },
                    {
                        "word": "Sap flow rate"
                    },
                    {
                        "word": "Spectrum"
                    },
                    {
                        "word": "고온 스트레스"
                    },
                    {
                        "word": "관수"
                    },
                    {
                        "word": "광주기"
                    },
                    {
                        "word": "광합성"
                    },
                    {
                        "word": "대조구"
                    },
                    {
                        "word": "로거"
                    },
                    {
                        "word": "밀도"
                    },
                    {
                        "word": "상대습도"
                    },
                    {
                        "word": "상토"
                    },
                    {
                        "word": "생리학적"
                    },
                    {
                        "word": "생육 기간"
                    },
                    {
                        "word": "생장상"
                    },
                    {
                        "word": "온도 스트레스"
                    },
                    {
                        "word": "전극"
                    },
                    {
                        "word": "전기 저항값"
                    },
                    {
                        "word": "전기전도도"
                    },
                    {
                        "word": "포장용수량"
                    },
                    {
                        "word": "화뢰"
                    },
                    {
                        "word": "회로"
                    }
                ]
            },
            {
                "context_id": "55e-0c9-20005952-de9b-430e-9c57-8870bde0f57d",
                "context_K-NSCC": {
                    "field": "생명",
                    "large_category": "LA",
                    "medium_category": "99"
                },
                "context": "<h2>서 론</h2> <p>지구온난화로 인해 폭염, 폭우, 가뭄, 한파 등과 같은 기상이변으로 인한 환경 스트레스는 세포 구조를 파괴하고 주요 생리기능을 손상시킬 수 있기 때문에 식물 성장에 영향을 미쳐, 작물 수확량의 감소로 이어질 수 있다. 기상이변과 같은 비 생물적 스트레스로 인한 식물 반응의 증상에는 괴사, 내부줄기 괴사, 꽃 괴사, 잎 시들음, 나무껍질 분열, 과일 부패 및 반점 등이 포함된다. 환경 스트레스를 받은 작물은 외부 증상이 즉시 나타나지 않으며 일반적으로 증상이 작물 외부에 나타날때 치료하면 식물이 회복하기에는 너무 늦다. 따라서 식물의 생리학적 상태를 파악하기 위해서는 다양한 분석방법을 통해 환경 스트레스에 대한 식물의 반응을 비파괴적으로 실시간 측정할 필요가 있다.</p> <p>온도 스트레스는 가뭄, 염분 스트레스와 동일하게 식물의 삼투압 스트레스를 유발하여 팽압 손실을 야기할 수 있다. 온도가 적합하지 않으면 단백질이 활동성을 잃거나 변성될 수 있고, 막이 무질서해질 수 있으며 활성산소(ROS)가 과도하게 생성되어 산화적 손상으로 이어질 수 있다. 결과적으로 세포 구조의 손상, 대사 기능 장애 및 광합성 억제는 조기 노화, 생식능력 저하 및 성장 장애의 원인이 된다.</p> <p>프롤린은 ROS 제거제, 삼투질 및 단백질의 구조를 안정화시키는 분자 샤페론(chaperone) 역할을 하여 스트레스로 인한 손상으로부터 세포를 보호한다. 식물이 저온, 고온, 중금속, 가뭄, 염분 또는 병원체에 의해 스트레스를 받으면 프롤린이 축적될 수 있다. 따라서 프롤린 함량은 식물의 생리적 조건을 모니터링하고 스트레스에 대한 식물의 저항성을 평가하는 데 유용한 지표이다. 그러나 이러한 분석은 오랜 시간이 걸리고 결과를 분석하기가 어려우며 식물의 파괴적인 샘플링을 필요로 한다. 또한 프롤린 분석은 샘플링한 시점의 식물 상태를 보여주는데 제한되어있기 때문에 실용적이지 않다.</p> <p>식물은 환경의 변화에 따라 반응하기 때문에 식물의 반응을 직접적으로 측정하지 않고 식물 생육 환경을 모니터링하여 식물의 반응을 예측하는 방법들이 있다. 기후변화를 측정하기 위해 조도, 온도 및 습도를 모니터링하며, 식물 뿌리가 있는 토양 수분의 상태를 모니터링하기 위해 토양 수분 장력계, Time Domain Reflectometry, 석고블럭 및 전기전도도 등의 방법을 사용한다. 또한, 이온 선택성 전극과 같은 화학 센서로 토양에 존재하는 영양 성분을 측정할 수 있다. 하지만, 이러한 환경 센서는 식물 생체 정보를 직접 모니터링하는 것이 아니며 환경이 식물마다 미치는 영향력이 다르기 때문에 환경 센서만으로 식물의 상태를 정확히 파악하는 것은 불가능하다. 한정된 환경계측 센서의 측정을 통해 식물의 상태를 정확하게 나타낼 수 없기 때문에 토양 조건 및 작물 생체 정보 센서의 추가 모니터링을 통해 종합적으로 보는 것이 필요하다.</p> <p>본 연구에서는 식물 줄기의 물이나 이온 수송을 반영하는 식물의 내부 전기전도도 \\( (\\mathrm{ECps}) \\) 와 sap flow rate를 모니터링하여 온도 스트레스에 대한 식물의 생리학적 반응을 분석하였다. 식물 세포의 전기적 특성은 성장 단계, 세포 구조, 영양소 및 물과 온도와 관련된 조건에 따른 식물 생리학적 상태를 평가하는 데 사용될 수 있다. 식물 줄기의 내부 전기전도도는 환경 조건의 변화에 반응한다. 따라서 식물의 내부 전기전도도를 모니터링하면 스트레스를 받는 조건하에서 식물이 겪는 생리학적 변화를 이해하는 데 도움이 될 수 있다. Sap flow rate 계측은 농업, 원예, 임업 및 생태학에서 환경에 따른 식물의 수분 흡수능력을 평가하는데 활용되고, sap flow rate 측정을 통해 경작 가능한 작물, 과수원, 산림 농장 및 자연 식생의 물 사용량을 정량화하고, 관수량을 결정하는데 활용한다. 따라서 본 연구에서는 식물 줄기 내부의 전기전도도와 sap flow rate를 측정하 면서 동시에 온도, 상대습도, 광합성유효광량자속 밀도(Photosynthetic Photon Flux Density, PPFD), \\( \\mathrm{CO}_{2} \\) 등 식물생육 기후조건을 모니터링하였고, 토양의 온도, 수분함량, 전기전도도를 모니터링하여 토양 상태도 측정하였다. 이 연구의 목적은 저온과 고온 스트레스 하에서 Brassica oleracea var. italica의 생리적 반응을 조기에 발견하기 위해 식물 내부 전기전도도를 포함한 다양한 센서의 적용 가능성을 평가하는 것이다.</p>",
                "context_length": 2234,
                "clue": [
                    {
                        "clue_text": "지구온난화로 인해 폭염, 폭우, 가뭄, 한파 등과 같은 기상이변으로 인한 환경 스트레스는 세포 구조를 파괴하고 주요 생리기능을 손상시킬 수 있기 때문에 식물 성장에 영향을 미쳐, 작물 수확량의 감소로 이어질 수 있다.",
                        "clue_start": "16",
                        "clue_end": "137"
                    },
                    {
                        "clue_text": "따라서 본 연구에서는 식물 줄기 내부의 전기전도도와 sap flow rate를 측정하 면서 동시에 온도, 상대습도, 광합성유효광량자속 밀도(Photosynthetic Photon Flux Density, PPFD), \\( \\mathrm{CO}_{2} \\) 등 식물생육 기후조건을 모니터링하였고, 토양의 온도, 수분함량, 전기전도도를 모니터링하여 토양 상태도 측정하였다.",
                        "clue_start": "1903",
                        "clue_end": "2109"
                    },
                    {
                        "clue_text": "따라서 식물의 생리학적 상태를 파악하기 위해서는 다양한 분석방법을 통해 환경 스트레스에 대한 식물의 반응을 비파괴적으로 실시간 측정할 필요가 있다.",
                        "clue_start": "309",
                        "clue_end": "391"
                    }
                ],
                "terminology": [
                    {
                        "word": "Brassica"
                    },
                    {
                        "word": "Brassica oleracea"
                    },
                    {
                        "word": "Brassica oleracea var. italica"
                    },
                    {
                        "word": "Domain"
                    },
                    {
                        "word": "PPFD"
                    },
                    {
                        "word": "ROS"
                    },
                    {
                        "word": "ROS 제거제"
                    },
                    {
                        "word": "Sap flow rate"
                    },
                    {
                        "word": "Time Domain Reflectometry"
                    },
                    {
                        "word": "chaperone"
                    },
                    {
                        "word": "flow rate"
                    },
                    {
                        "word": "sap flow rate"
                    },
                    {
                        "word": "고온 스트레스"
                    },
                    {
                        "word": "광합성"
                    },
                    {
                        "word": "광합성유효광량자속 밀도"
                    },
                    {
                        "word": "괴사"
                    },
                    {
                        "word": "내부 전기전도도"
                    },
                    {
                        "word": "내부줄기 괴사"
                    },
                    {
                        "word": "단백질"
                    },
                    {
                        "word": "대사 기능"
                    },
                    {
                        "word": "대사 기능 장애"
                    },
                    {
                        "word": "밀도"
                    },
                    {
                        "word": "변성"
                    },
                    {
                        "word": "병원체"
                    },
                    {
                        "word": "부패"
                    },
                    {
                        "word": "분자 샤페론"
                    },
                    {
                        "word": "산화적 손상"
                    },
                    {
                        "word": "삼투압"
                    },
                    {
                        "word": "삼투압 스트레스"
                    },
                    {
                        "word": "삼투질"
                    },
                    {
                        "word": "상대습도"
                    },
                    {
                        "word": "생리적 반응"
                    },
                    {
                        "word": "생리학적"
                    },
                    {
                        "word": "생식능력 저하 및 성장 장애"
                    },
                    {
                        "word": "생육"
                    },
                    {
                        "word": "생태학"
                    },
                    {
                        "word": "샤페론"
                    },
                    {
                        "word": "세포"
                    },
                    {
                        "word": "세포 구조"
                    },
                    {
                        "word": "센서"
                    },
                    {
                        "word": "식물 세포"
                    },
                    {
                        "word": "식물생육 기후조건"
                    },
                    {
                        "word": "영양소"
                    },
                    {
                        "word": "온도 스트레스"
                    },
                    {
                        "word": "이온"
                    },
                    {
                        "word": "전기전도도"
                    },
                    {
                        "word": "조도"
                    },
                    {
                        "word": "중금속"
                    },
                    {
                        "word": "토양 수분 장력계"
                    },
                    {
                        "word": "팽압 손실"
                    },
                    {
                        "word": "프롤린"
                    },
                    {
                        "word": "프롤린 함량"
                    },
                    {
                        "word": "환경 스트레스"
                    },
                    {
                        "word": "환경 조건"
                    },
                    {
                        "word": "활성산소"
                    }
                ]
            }
        ]
    }
}