{
    "dataset_info": {
        "identifier": "02-031-002-NL",
        "name": "기술과학 문서 요약 데이터",
        "category": "자연어",
        "last_updated": "2023-08-30"
    },
    "dataset": {
        "doc_id": "8a2ae4d1-2ea8ff50-9ca3-42e4-89de-7b4cdd0a9b4a",
        "doc_type": "논문",
        "doc_title": {
            "kor": "Aspergillus itaconicus 유래 itaconic acid의 ester-monomer를 이용한 새로운 soft contact lens 소재 개발",
            "eng": ""
        },
        "doc_category": {
            "KDC": "470.5",
            "DDC": ""
        },
        "doc_number": {
            "ISSN": "1225-9918",
            "ISBN": "",
            "DOI": "",
            "UCI": ""
        },
        "doc_year": "2009",
        "doc_author": [
            "유영현",
            "남주형",
            "김병길",
            "김순복",
            "문익재",
            "김종필",
            "서영배"
        ],
        "doc_publisher": "한국생명과학회",
        "doc_license": "CC BY",
        "context_info": [
            {
                "context_id": "55e-0c9-merge_la_8a2ae4d1-2ea8ff50-9ca3-42e4-89de-7b4cdd0a9b4a_00",
                "context_K-NSCC": {
                    "field": "생명",
                    "large_category": "LA",
                    "medium_category": "99"
                },
                "context": "<h1>서 론</h1> <p>Contact lens의 소재로 수십 년간 사용되어진 PMMA(polymethyl methacrylate)는 거의 모든 contact lens의 대표적인 재질이었으나 함수율이 전혀 없고 산소 투과성이 좋지 않다는 등의 단점이 많이 있었다. 따라서 contact lens 소재는 PMMA (polymethyl methacrylate)에서 hard lens와 soft contact lens를 위한 hydrogel lens로 발전 되어 왔다. 먼저, contact lens의 재질로 요구되는 특성에는 굴절률(refractive), 생체적합성(biocompatibility), 광학적 투명성(optical transparent), 함수율(water content), 산소투과도(oxygen permeability), 습윤성(wettability) 등의 조건들을 충족시켜야 한다. 그리고 우리 눈은 \\( 5 \\mu \\mathrm { loxygen } / \\mathrm { cm } ^ { 2 } / \\mathrm { hr } \\) 의 양의 산소가 필요하다고 보고 되어있다. 우리 눈은 잠을 자고 일어난 후에는 \\( 2 \\sim 4 \\% \\) 정도 부어오르고 다시 눈을 뜨고 활동을 하면 정상크기로 돌아온다. 이러한 현상을 예방하기 위해서는 눈에 산소 공급이 필요하다. 그래서 산소의 공급이 필요한 우리 눈에 contact lens를 착용한다면 산소공급이 필요한 눈에 산소공급이 줄어들 것이며 많은 부작용 또한 예측되고 이러한 문제들로 인해서 산소투과 할 수 있는 재질로 이루어진 contact lens가 절실히 필요하다. 그래서 al-kylsiloxy group 등과 같은 탄소와 탄소 사이에 결합함으로서 탄소골격이 상대적으로 넓어져 산소분자의 통과가 자유로워진 RGP lens (rigid gas permeable lens)가 개발되었다. 하지만 RGP lens를 구성하는 monomer는 hydroxyl group이나 ionic group 등과 같은 극성기를 가지고 있지 않기 때문에 물 분자가 결합 할 수 없는 구조로 함수율이 낮은 단점을 가지고 있다. 그리고 안구와 같이 민감한 부위에 착용되는 contact lens 소재용 생체재료의 경우 광학적 안정성과 함께 산소투과도와 높은 함수율 그리고 생체친화성과 안전성이 요구되는데, HEMA (hydroxyethyl methacrylate)와 같은 기존 소재는 광학특성은 우수하지만 착용시의 이질감과 단백질 흡착 및 안구질환과 관계되는 상당한 문제점이 지적되고 있다. 따라서, HEMA와 같은 아크릴 단량체는 탄소수가 작은 단순구조로서 수산기와 카르복실기를 공유하면서 중합성 비닐기를 내재하고 있으므로 광학활성 생체고분자의 제조에 가장 많이 이용 되고 있지만 연속착용이 가능한 수준의 생체 공학적 특성은 구비하고 있지 못하다. Contact lens 소재용 polymer의 각종 monomer들은 기본적으로 acrylic acid를 기본골격으로 유도체들과 이의 이성체인 2-methyl-acrylic acid를 기본 골격으로 많이 사용되고 있는 HEMA를 비롯하여 이의 변형체 들이 대부분이다. 그래서 \\( 38 \\% \\) 의 함수율을 가지는 HEMA를 기본 monomer로 사용하며 여기에 친수성이나 소수성이 뛰어난 monomer를 개발하는 것이 필요하다.</p>",
                "context_length": 1646,
                "clue": [
                    {
                        "clue_text": "Contact lens의 소재로 수십 년간 사용되어진 PMMA(polymethyl methacrylate)는 거의 모든 contact lens의 대표적인 재질이었으나 함수율이 전혀 없고 산소 투과성이 좋지 않다는 등의 단점이 많이 있었다.",
                        "clue_start": "16",
                        "clue_end": "149"
                    },
                    {
                        "clue_text": "그래서 al-kylsiloxy group 등과 같은 탄소와 탄소 사이에 결합함으로서 탄소골격이 상대적으로 넓어져 산소분자의 통과가 자유로워진 RGP lens (rigid gas permeable lens)가 개발되었다.",
                        "clue_start": "808",
                        "clue_end": "930"
                    },
                    {
                        "clue_text": "따라서, HEMA와 같은 아크릴 단량체는 탄소수가 작은 단순구조로서 수산기와 카르복실기를 공유하면서 중합성 비닐기를 내재하고 있으므로 광학활성 생체고분자의 제조에 가장 많이 이용 되고 있지만 연속착용이 가능한 수준의 생체 공학적 특성은 구비하고 있지 못하다.",
                        "clue_start": "1256",
                        "clue_end": "1400"
                    },
                    {
                        "clue_text": "그래서 \\( 38 \\% \\) 의 함수율을 가지는 HEMA를 기본 monomer로 사용하며 여기에 친수성이나 소수성이 뛰어난 monomer를 개발하는 것이 필요하다.",
                        "clue_start": "1551",
                        "clue_end": "1642"
                    },
                    {
                        "clue_text": "그래서 산소의 공급이 필요한 우리 눈에 contact lens를 착용한다면 산소공급이 필요한 눈에 산소공급이 줄어들 것이며 많은 부작용 또한 예측되고 이러한 문제들로 인해서 산소투과 할 수 있는 재질로 이루어진 contact lens가 절실히 필요하다.",
                        "clue_start": "666",
                        "clue_end": "807"
                    }
                ],
                "terminology": [
                    {
                        "word": "Contact lens 소재용 polymer"
                    },
                    {
                        "word": "HEMA"
                    },
                    {
                        "word": "PMMA"
                    },
                    {
                        "word": "PMMA (polymethyl methacrylate)"
                    },
                    {
                        "word": "RGP lens"
                    },
                    {
                        "word": "acrylic acid"
                    },
                    {
                        "word": "al-kylsiloxy group"
                    },
                    {
                        "word": "hydrogel"
                    },
                    {
                        "word": "hydroxyl group"
                    },
                    {
                        "word": "ionic group"
                    },
                    {
                        "word": "monomer"
                    },
                    {
                        "word": "permeability"
                    },
                    {
                        "word": "polymer"
                    },
                    {
                        "word": "soft contact lens"
                    },
                    {
                        "word": "광학적 투명성"
                    },
                    {
                        "word": "광학특성"
                    },
                    {
                        "word": "광학활성 생체고분자"
                    },
                    {
                        "word": "굴절률"
                    },
                    {
                        "word": "극성기"
                    },
                    {
                        "word": "높은 함수율"
                    },
                    {
                        "word": "단백질 흡착"
                    },
                    {
                        "word": "변형체"
                    },
                    {
                        "word": "산소 투과성"
                    },
                    {
                        "word": "산소투과도"
                    },
                    {
                        "word": "생체재료"
                    },
                    {
                        "word": "생체적합성"
                    },
                    {
                        "word": "소수성"
                    },
                    {
                        "word": "습윤성"
                    },
                    {
                        "word": "아크릴 단량체"
                    },
                    {
                        "word": "중합성 비닐기"
                    },
                    {
                        "word": "친수성"
                    },
                    {
                        "word": "카르복실기"
                    },
                    {
                        "word": "탄소골격"
                    }
                ]
            },
            {
                "context_id": "55e-0c9-merge_la_8a2ae4d1-2ea8ff50-9ca3-42e4-89de-7b4cdd0a9b4a_03",
                "context_K-NSCC": {
                    "field": "생명",
                    "large_category": "LA",
                    "medium_category": "99"
                },
                "context": "<h2>Monomer의 중합(polymerization)</h2> <p>HEMA (2-hydroxyethyl methacrylate)와 monomer 간의 결합이 잘 이루어지도록 가교제(cross linking agent)인 EGDMA (ethylene glycol dimethacrylate) \\( 0.5 \\% \\), 개시제( \\( \\alpha \\) - \\( \\alpha ^ {\\prime } \\)-azobis)를 \\( 0.3 \\% \\) 를 혼합하였다. 그리고 itaconic acid로부터 합성한 mono-ester 1 compound (4-isopropoxy-2-methyl-ene-4-oxobutanoic acid)와 di-ester 2 compound (diiso-propyl-2-methylenesuccinate)를 각각 \\( 2.5 \\% \\sim 15 \\% \\) 로 모두 10개의 sample을 준비하였고, 상온에서 혼합한 뒤 soft contact lens의 성형 틀에 주입하여 \\( 100 ^ {\\circ } \\mathrm { C } \\) 에서 중합하였다.</p> <h2>Soft contact lens의 제작</h2> <p>원재료인 HEMA의 순도를 높이기 위하여 증류를 하여 사용하였고 monomer들을 혼합하여 \\( 2.5 \\% \\sim 15 \\% \\) 의 혼합비율로 sample을 만들었으며 성형 틀(mold)에 주입 한 후 중합하여 soft contact lens를 제작하였으며 절삭과 연마 등의 가공 처리를 하였다. 그리고 성형 틀에서 분리를 하여 세척과 열처리를 거친 뒤 불량여부를 확인하고 충전, 포장, 멸균(sterilization)을 단계적으로 처리하여 soft contact lens를 제작하였다.</p> <h1>결과 및 고찰</h1> <h2>함수율(water content)</h2> <p>함수율(water content)은 lens에 의해 흡수된 물의 양을 특정한 조건 하에서 전체의 \\( \\% \\)로 나타낸 값이며 soft contact lens가 눈 위에 있을 때 증발에 의해 수분이 탈수 되며, 온도와 피팅 상태에 따라 달라진다. 그리고 산소침투율과 굴절률, 보존액 및 소독 액에 대해서 영향을 받기도 한다. 본 실험에서는 HEMA에 첨가한 첨가제 mono-ester 1 과 di-ester 2의 혼합 비율에 따라 만든 soft contact lens의 함수율을 측정 하였으며, 첨가 monomer의 혼합 비율이 \\( 20 \\% \\) 이상에서는 중합반응의 효율이 떨어졌다. 첨가제로 mono-ester 1을 혼합하여 중합 반응으로 만든 soft contact lens의 경우 비율이 증가할수록 점차적으로 함수율이 높아지는 것을 알 수가 있었으며 혼합율 \\( 15 \\% \\) 에서 \\( 57.7 \\% \\) 의 높은 함수율을 나타내었다. 반면, di-ester 2를 혼합해서 만든 soft contact lens의 경우 비율이 높아질수록 함수율이 낮아지는 경향을 나타내었다.</p> <h2>산소투과도(oxygen permeability: Dk)</h2> <p>산소투과도(oxygen permeability)는 일반적으로 Dk로써 나타내며 단위는 \\( 10 ^ { -11 } \\mathrm { ~cm } ^ { 2 } / \\mathrm { s } \\cdot \\mathrm { ml } \\mathrm { O } 2 / \\mathrm { ml } \\times \\mathrm { mmHg } \\) 을 사용하며 산소투과성(oxygen transmissibility)은 Dk/t로 나타내며 단위는 \\( 10 ^ { -9 } \\mathrm { Cm } / \\mathrm { s } \\cdot \\mathrm { ml } \\mathrm { O } _ { 2 } / \\mathrm { ml } \\times \\mathrm { mmHg } \\) 을 사용한다. 특정한 lens에서 \\( \\mathrm { Dk } / \\mathrm { t } \\) 값은 산소를 contact lens 전면으로부터 후면으로 이동하게 하는 lens의 능력을 말한다. Soft contact lens 재료의 본질적인 물리적 성질이라고 볼 수 없으며 두께에 관련된 성질이다. 당량산소백분율(equivalent oxygen percentage)인 EOP는 soft contact lens의 아랫부분에 존재하는 각막 표면의 산소량을 말한다. 그리고 대기 중에 노출된 각막의 유효한 산소량은 \\( 20.9 \\% \\)정도이고 눈을 감고 있을 때 받는 산소량은 \\( 8 \\% \\)정도이다. 그리고 각막의 부종을 피하기위한 산소량은 \\( 10 \\% \\)이상( \\( \\mathrm { Dk } / \\mathrm { t } =24.1) \\), 밤에 각막의 부종을 피하기 위한 산소량은 \\( 18 \\% \\)이상(Dk/t=87)으로 알려져 있으며 soft contact lens에서 산소투과도와 산소투과성이 상당히 중요하다.</p>",
                "context_length": 2411,
                "clue": [
                    {
                        "clue_text": "원재료인 HEMA의 순도를 높이기 위하여 증류를 하여 사용하였고 monomer들을 혼합하여 \\( 2.5 \\% \\sim 15 \\% \\) 의 혼합비율로 sample을 만들었으며 성형 틀(mold)에 주입 한 후 중합하여 soft contact lens를 제작하였으며 절삭과 연마 등의 가공 처리를 하였다.",
                        "clue_start": "583",
                        "clue_end": "751"
                    },
                    {
                        "clue_text": "함수율(water content)은 lens에 의해 흡수된 물의 양을 특정한 조건 하에서 전체의 \\( \\% \\)로 나타낸 값이며 soft contact lens가 눈 위에 있을 때 증발에 의해 수분이 탈수 되며, 온도와 피팅 상태에 따라 달라진다. 그리고 산소침투율과 굴절률, 보존액 및 소독 액에 대해서 영향을 받기도 한다.",
                        "clue_start": "911",
                        "clue_end": "1093"
                    },
                    {
                        "clue_text": "첨가제로 mono-ester 1을 혼합하여 중합 반응으로 만든 soft contact lens의 경우 비율이 증가할수록 점차적으로 함수율이 높아지는 것을 알 수가 있었으며 혼합율 \\( 15 \\% \\) 에서 \\( 57.7 \\% \\) 의 높은 함수율을 나타내었다.",
                        "clue_start": "1242",
                        "clue_end": "1387"
                    },
                    {
                        "clue_text": "반면, di-ester 2를 혼합해서 만든 soft contact lens의 경우 비율이 높아질수록 함수율이 낮아지는 경향을 나타내었다.",
                        "clue_start": "1388",
                        "clue_end": "1464"
                    }
                ],
                "terminology": [
                    {
                        "word": "EGDMA"
                    },
                    {
                        "word": "HEMA"
                    },
                    {
                        "word": "compound"
                    },
                    {
                        "word": "di-ester"
                    },
                    {
                        "word": "glycol"
                    },
                    {
                        "word": "itaconic acid"
                    },
                    {
                        "word": "mono-ester"
                    },
                    {
                        "word": "monomer"
                    },
                    {
                        "word": "permeability"
                    },
                    {
                        "word": "soft contact lens"
                    },
                    {
                        "word": "가교제"
                    },
                    {
                        "word": "개시제"
                    },
                    {
                        "word": "높은 함수율"
                    },
                    {
                        "word": "보존액"
                    },
                    {
                        "word": "부종"
                    },
                    {
                        "word": "산소투과도"
                    },
                    {
                        "word": "열처리"
                    },
                    {
                        "word": "중합"
                    },
                    {
                        "word": "중합반응"
                    },
                    {
                        "word": "증류"
                    },
                    {
                        "word": "탈수"
                    },
                    {
                        "word": "함수율(water content)"
                    },
                    {
                        "word": "합성"
                    }
                ]
            },
            {
                "context_id": "55e-0c9-merge_la_8a2ae4d1-2ea8ff50-9ca3-42e4-89de-7b4cdd0a9b4a_02",
                "context_K-NSCC": {
                    "field": "생명",
                    "large_category": "LA",
                    "medium_category": "99"
                },
                "context": "<p>\\( \\mathrm { H } \\mathrm { NMR } \\left (300 \\mathrm { MHz } , \\mathrm { CDCl } _ { 3 } \\right ): \\delta = 6.451( \\mathrm { ~s } , 1 \\mathrm { H } ), 5.818( \\mathrm { ~s } , 1 \\mathrm { H } ) \\), \\[5.031( \\mathrm { ~m } , J=6.3,1 \\mathrm { H } ), 3.306( \\mathrm { ~s } , 2 \\mathrm { H } ), 1.234( \\mathrm { ~d } , J=6.3,6 \\mathrm { H } ) \\]</p> <h3>\\( d i \\)-ester compound 2 의 합성</h3> <p>탈수장치와 reflux condenser가 부착된 11 round flask에 \\( \\mathrm { H } _ { 2 } \\mathrm { SO } _ { 4 } \\) 를 산촉매로 사용하여 itaconic acid \\( 65 \\mathrm { ~g } (0.5 \\mathrm { ~mol } ) \\) 과 isopropyl alcohol \\( 250 \\mathrm { ml } \\) 를 넣어 가열, 교반 하였으며 \\( 65 ^ {\\circ } \\mathrm { C } \\)를 유지하면서 2일간 교반하였다. TLC로 반응의 진행을 확인한 뒤, 실온으로 냉각시켰다. 반응물을 \\( \\mathrm { NaHCO } _ { 3 } \\) 로 중화하고 감압 농축 후 \\( \\mathrm { SiO } _ { 2 } \\) column chromatography를 통하여 정제하여 diisopropyl-2-methylenesuccinate 2를 합성하였다.</p> <p>\\( \\mathrm { H } \\mathrm { NMR } \\left (300 \\mathrm { MHz } , \\mathrm { CDCl } _ { 3 } \\right ): \\delta=5.177( \\mathrm { ~d } , J=36,2 \\mathrm { H } ), 4.542 \\) \\( ( \\mathrm { s } , 2 \\mathrm { H } ), 4.193( \\mathrm { t } , J=6.6,2 \\mathrm { H } ), 2.627-2.474( \\mathrm { ~m } , 2 \\mathrm { H } ), .394( \\mathrm { t } , J=6.6 \\), \\( 2 \\mathrm { H } ), 1.207( \\mathrm { ~d } , J=11.1,6 \\mathrm { H } ), 1.183( \\mathrm { ~d } , J=10.8,6 \\mathrm { H } ) \\)</p>",
                "context_length": 1327,
                "clue": [
                    {
                        "clue_text": "탈수장치와 reflux condenser가 부착된 11 round flask에 \\( \\mathrm { H } _ { 2 } \\mathrm { SO } _ { 4 } \\) 를 산촉매로 사용하여 itaconic acid \\( 65 \\mathrm { ~g } (0.5 \\mathrm { ~mol } ) \\) 과 isopropyl alcohol \\( 250 \\mathrm { ml } \\) 를 넣어 가열, 교반 하였으며 \\( 65 ^ {\\circ } \\mathrm { C } \\)를 유지하면서 2일간 교반하였다.",
                        "clue_start": "391",
                        "clue_end": "673"
                    },
                    {
                        "clue_text": "반응물을 \\( \\mathrm { NaHCO } _ { 3 } \\) 로 중화하고 감압 농축 후 \\( \\mathrm { SiO } _ { 2 } \\) column chromatography를 통하여 정제하여 diisopropyl-2-methylenesuccinate 2를 합성하였다.",
                        "clue_start": "706",
                        "clue_end": "862"
                    }
                ],
                "terminology": [
                    {
                        "word": "NMR"
                    },
                    {
                        "word": "TLC"
                    },
                    {
                        "word": "column chromatography"
                    },
                    {
                        "word": "compound"
                    },
                    {
                        "word": "isopropyl alcohol"
                    },
                    {
                        "word": "itaconic acid"
                    },
                    {
                        "word": "reflux condenser"
                    },
                    {
                        "word": "round flask"
                    },
                    {
                        "word": "감압 농축"
                    },
                    {
                        "word": "교반"
                    },
                    {
                        "word": "산촉매"
                    },
                    {
                        "word": "정제"
                    },
                    {
                        "word": "중화"
                    },
                    {
                        "word": "합성"
                    }
                ]
            },
            {
                "context_id": "55e-0c9-merge_la_8a2ae4d1-2ea8ff50-9ca3-42e4-89de-7b4cdd0a9b4a_04",
                "context_K-NSCC": {
                    "field": "생명",
                    "large_category": "LA",
                    "medium_category": "99"
                },
                "context": "<p>본 실험에서는 HEMA와 mono-ester 1과 di-ester 2의 혼합비율 \\( (2.5 \\% \\sim 15 \\%) \\)에 따라 만든 soft contact lens의 산소투과도를 permeometer를 이용하여 측정하였으며 mono-ester 1의 중합으로 만든 soft contact lens의 경우 비율이 증가할수록 점차적으로 산소투과도가 높아지는 것을 알 수가 있었다. 반면, di-ester 2의 혼합으로 만든 soft contact lens의 경우 비율이 높아질수록 산소투과도가 적은 변화로 낮아지는 경향을 나타내었다.</p> <p>Soft contact lens는 산소투과도(oxygen permeability)와 함수율(water content)이 가장 중요한 요소이다. 본 실험에서 기존에 널리 이용되는 monomer인 HEMA에 itaconic acid로부터 합성한 ester-monomer를 사용하여 soft contact lens용 소재를 합성하여 그 물성을 검토한 결과 첨가제로 mono-ester 1을 첨가제로 이용하여 중합반응으로 제조한 soft contact lens의 함수율은 \\( 41 \\% \\sim 57.7 \\% \\)로 기존 HEMA가 가지는 함수율 보다 더 좋은 결과를 보여주었으며 산소투과도는 13.4 28.6 Dk를 나타내었다. 한편, 첨가제로 di-ester 2를 이용하여 제작한 soft contact lens의 경우는 함수율 32 \\% 38 \\% 산소투과도 4.8 \\( 8.4 \\mathrm { Dk } \\)를 나타내었다. 따라서 HEMA에 보조 monomer첨가제로 이용된 mono-ester 1의 첨가비율이 높을수록 함수율과 산소 투과도가 높아지는 것을 알 수가 있었다. Soft contact lens용 polymer의 합성에 있어서 HEMA에 첨가제로 di-ester 2를 사용하여 제작한 soft contact lens에 비해 mono-ester 1 을 첨가제로 사용하였을 때 soft contact lens의 물성에서 높은 함수율과 산소투과도를 나타냄으로서 itaconic acid의 유도체인 mono-ester1이 새로운 soft contact lens의 소재나 첨가제로서 개발 될 수 있는 가능성을 가지고 있음을 확인할 수 있었다. 그리고 한국식품의약품안전청(KFDA)에서 고시한 한천중층시험과 세포의 성장저해시험 등을 통하여 이번에 새롭게 만든 soft contact lens가 우리 눈에 미치는 영향에 대한 연구에서 본 실험에서 제작한 lens 소제가 인체에 무해함을 알 수 있었으며, 앞으로 새로운 soft contact lens의 소재로서 응용이 기대된다.</p> <h1>요 약</h1> <p>본 연구는 itaconic acid로부터 합성한 새로운 soft contact lens 소재의 함수율과 산소투과도를 확인 하였다. Soft con-tact lens의 새로운 polymer소재 개발을 위하여 기본 mono-mer인 HEMA (2-hydroxyethyl methacrylate)와 가교제로서 EGDMA (ethylene glycol dimethacrylate) 그리고 A. itaconi-cus의 발효에 의해 생산된 itaconic acid로부터 얻어진 mono-ester 1과 di-ester 2를 새로운 첨가제로 사용하여 중합 반응을 시도하였다. Soft contact lens의 새로운 폴리머 소재들은 HEMA와 mono-ester 1 또는 di-ester 2를 서로 다른 비율로 합성하여 함수율(water content)과 산소투과도(oxygen permeability)를 분석하였다.</p> <p>Polymer 형성을 위한 HEMA와 additive의 혼합에서 HEMA mono-ester 1의 혼합물은 HEMA/di-ester 2보다 함수율과 산소투과도가 뛰어 났으며 HEMA와 첨가제 mono-es-ter \\( 1(15 \\%) \\)를 이용한 중합의 경우, 제작된 soft contact lens 의 함수율과 산소투과도는 각각 \\( 57.7 \\% \\) 와 \\( 28.6 \\mathrm { Dk } \\)로 좋은 값을 나타냈다. 새로운 소재를 사용하여 만든 soft contact lens의 함수율과 산소투과도는 우수하게 나타났다.</p>",
                "context_length": 2087,
                "clue": [
                    {
                        "clue_text": "본 연구는 itaconic acid로부터 합성한 새로운 soft contact lens 소재의 함수율과 산소투과도를 확인 하였다.",
                        "clue_start": "1327",
                        "clue_end": "1399"
                    },
                    {
                        "clue_text": "Soft con-tact lens의 새로운 polymer소재 개발을 위하여 기본 mono-mer인 HEMA (2-hydroxyethyl methacrylate)와 가교제로서 EGDMA (ethylene glycol dimethacrylate) 그리고 A. itaconi-cus의 발효에 의해 생산된 itaconic acid로부터 얻어진 mono-ester 1과 di-ester 2를 새로운 첨가제로 사용하여 중합 반응을 시도하였다.",
                        "clue_start": "1400",
                        "clue_end": "1641"
                    },
                    {
                        "clue_text": "Soft contact lens의 새로운 폴리머 소재들은 HEMA와 mono-ester 1 또는 di-ester 2를 서로 다른 비율로 합성하여 함수율(water content)과 산소투과도(oxygen permeability)를 분석하였다.",
                        "clue_start": "1642",
                        "clue_end": "1777"
                    },
                    {
                        "clue_text": "Polymer 형성을 위한 HEMA와 additive의 혼합에서 HEMA mono-ester 1의 혼합물은 HEMA/di-ester 2보다 함수율과 산소투과도가 뛰어 났으며 HEMA와 첨가제 mono-es-ter \\( 1(15 \\%) \\)를 이용한 중합의 경우, 제작된 soft contact lens 의 함수율과 산소투과도는 각각 \\( 57.7 \\% \\) 와 \\( 28.6 \\mathrm { Dk } \\)로 좋은 값을 나타냈다.",
                        "clue_start": "1785",
                        "clue_end": "2025"
                    },
                    {
                        "clue_text": "새로운 소재를 사용하여 만든 soft contact lens의 함수율과 산소투과도는 우수하게 나타났다.",
                        "clue_start": "2026",
                        "clue_end": "2083"
                    }
                ],
                "terminology": [
                    {
                        "word": "2-hydroxyethyl methacrylate"
                    },
                    {
                        "word": "A. itaconi-cus"
                    },
                    {
                        "word": "EGDMA"
                    },
                    {
                        "word": "HEMA"
                    },
                    {
                        "word": "Soft contact lens"
                    },
                    {
                        "word": "acid"
                    },
                    {
                        "word": "additive"
                    },
                    {
                        "word": "contact lens"
                    },
                    {
                        "word": "di-ester"
                    },
                    {
                        "word": "ethylene glycol dimethacrylate"
                    },
                    {
                        "word": "glycol"
                    },
                    {
                        "word": "itaconic acid"
                    },
                    {
                        "word": "mono-ester"
                    },
                    {
                        "word": "monomer첨가제"
                    },
                    {
                        "word": "oxygen permeability"
                    },
                    {
                        "word": "permeability"
                    },
                    {
                        "word": "permeometer"
                    },
                    {
                        "word": "polymer"
                    },
                    {
                        "word": "water content"
                    },
                    {
                        "word": "가교제"
                    },
                    {
                        "word": "물성"
                    },
                    {
                        "word": "발효"
                    },
                    {
                        "word": "산소투과도"
                    },
                    {
                        "word": "성장저해시험"
                    },
                    {
                        "word": "세포"
                    },
                    {
                        "word": "중합"
                    },
                    {
                        "word": "중합반응"
                    },
                    {
                        "word": "폴리머"
                    },
                    {
                        "word": "함수율"
                    },
                    {
                        "word": "합성"
                    }
                ]
            },
            {
                "context_id": "55e-0c9-merge_la_8a2ae4d1-2ea8ff50-9ca3-42e4-89de-7b4cdd0a9b4a_01",
                "context_K-NSCC": {
                    "field": "생명",
                    "large_category": "LA",
                    "medium_category": "99"
                },
                "context": "<p>Itaconic acid (methylene succinic acid; \\( \\mathrm { C } _ { 5 } \\mathrm { H } _ { 6 } \\mathrm { O } _ { 4 } \\) )는 Aspergillus terreus, Aspergillus itaconicus 같은 사상 곰팡이로 부터 생산되는 유기산으로 두개의 카르복실 그룹과 메틸렌 그룹간의 결합을 이용하여 이합체나 올리고머 등의 고분자로 중합되는 특성을 가지고 있다[11]. 이러한 결합 특성으로 인해 itaconic acid는 저가의 기초 원료로 폴리에스테르 수지나 N-치환 파이롤리딘 및 스티렌부타디엔 등 고분자 물질의 중요한 전구체로써 섬유, 세척제, 코팅제, 화장품조제, 식품 첨가제, 저분자 기초 원료와 SB latex Emulsion 안정제 등 제약 산업에 널리 이용되고 있다.</p> <p>본 연구에서는 천연에서 쉽고 값싸게 얻어지는 미생물 대사산물들의 고부가 가치화의 일환으로 미생물 Aspergillus terreus, A. itaconicus 등이 생산하는 itaconic acid를 기초원료로 선정하였으며, itaconic acid의 경우 polymerization에 필요한 olefin 부분 구조를 가진 C-4 골격에 양 말단이 acid 형태(di-acid)인 관계로 양 말단을 다양한 형태로의 변형이 가능하다. 기존에 많이 사용되고 있는 C-3 골격의 HEMA(2-hydroxyethyl methacrylate)를 기본 monomer로 하여, 이보다 탄소 수가 한 개 더 많으며 확장성이나 변형이 용이한 양 말단을 acid group으로 가지는 C-4골격의 천연 발효산 물인 itaconic acid를 유기합성으로 유도체로 변형하여 새로운 첨가제로 합성하였으며 HEMA와 itaconic acid로 부터 합성한 monomer를 적당한 혼합비율로 중합하여 함수율과 산소투과도가 뛰어난 새로운 소재의 soft contact lens를 제작하였다. 그리고 식약청 고시에 따른 한천중층실험과 세포성장저해실험 등을 실시하여 독성이 없는 친생물학적인 소재로서 높은 산소 투과도와 함수율이 뛰어난 soft contact lens의 기능성 polymer 소재를 개발하였기에 보고하고자 한다.</p> <h1>재료 및 방법</h1> <h2>시약 및 재료</h2> <p>Itaconic acid는 순도 \\( 99 \\% \\)를 Fluka사(Switzerland)에서 구입하였으며 HEMA(2-hydroxyethyl methacrylate)는 순도 \\( 98 \\% \\)를 Junsei사(Japan)에서 구입하였으며 순도를 높이기 위해 재증류하여 사용하였다. 가교제로 EGDMA (ethylene glycol dimethacrylate)를 사용했으며 개시제로 \\( \\alpha \\) - \\( \\alpha ^ {\\prime } \\)-azobis를 사용하였다.</p> <h2>합성(Monomer synthesis)</h2> <h3>mono-ester compound 1 의 합성</h3> <p>탈수장치와 reflux condenser가 부착된 11 round flask에 \\( \\mathrm { H } _ { 2 } \\mathrm { SO } _ { 4 } \\) 를 산촉매로 사용하여 itaconic acid \\( 65 \\mathrm { ~g } (0.5 \\mathrm { ~mol } ) \\) 과 isopropyl alcohol \\( 175 \\mathrm { ml } , \\mathrm { H } _ { 2 } \\mathrm { O } 18 \\mathrm { ml } \\)를 주입한 후 가열, 교 반하였다. 온도 \\( 65 ^ {\\circ } \\mathrm { C } \\) 를 유지 하면서 3일간 유지하였으며 TLC로 반응의 진행을 확인한 뒤 반응물을 \\( \\mathrm { NaHCO } _ { 3 } \\) 로 중화하고 농축하였다. Saturated \\( \\mathrm { NaHCO } _ { 3 } \\) 수용액으로 산을 완전히 씻어낸 뒤 brine 처리하고 재결정으로 4-isopropoxy-2-methylene-4-oxobutanoic acid 1을 합성하였다.</p>",
                "context_length": 2047,
                "clue": [
                    {
                        "clue_text": "본 연구에서는 천연에서 쉽고 값싸게 얻어지는 미생물 대사산물들의 고부가 가치화의 일환으로 미생물 Aspergillus terreus, A. itaconicus 등이 생산하는 itaconic acid를 기초원료로 선정하였으며, itaconic acid의 경우 polymerization에 필요한 olefin 부분 구조를 가진 C-4 골격에 양 말단이 acid 형태(di-acid)인 관계로 양 말단을 다양한 형태로의 변형이 가능하다.",
                        "clue_start": "440",
                        "clue_end": "681"
                    },
                    {
                        "clue_text": "Itaconic acid (methylene succinic acid; \\( \\mathrm { C } _ { 5 } \\mathrm { H } _ { 6 } \\mathrm { O } _ { 4 } \\) )는 Aspergillus terreus, Aspergillus itaconicus 같은 사상 곰팡이로 부터 생산되는 유기산으로 두개의 카르복실 그룹과 메틸렌 그룹간의 결합을 이용하여 이합체나 올리고머 등의 고분자로 중합되는 특성을 가지고 있다[11].",
                        "clue_start": "3",
                        "clue_end": "256"
                    }
                ],
                "terminology": [
                    {
                        "word": "11 round flask"
                    },
                    {
                        "word": "2-hydroxyethyl methacrylate"
                    },
                    {
                        "word": "A. itaconicus"
                    },
                    {
                        "word": "Aspergillus itaconicus"
                    },
                    {
                        "word": "Aspergillus terreus"
                    },
                    {
                        "word": "C-3 골격"
                    },
                    {
                        "word": "C-4 골격"
                    },
                    {
                        "word": "HEMA"
                    },
                    {
                        "word": "Itaconic acid"
                    },
                    {
                        "word": "N-치환 파이롤리딘"
                    },
                    {
                        "word": "SB latex Emulsion 안정제"
                    },
                    {
                        "word": "brine"
                    },
                    {
                        "word": "di-acid"
                    },
                    {
                        "word": "isopropyl alcohol"
                    },
                    {
                        "word": "methylene succinic acid"
                    },
                    {
                        "word": "mono-ester compound 1"
                    },
                    {
                        "word": "monomer"
                    },
                    {
                        "word": "olefin"
                    },
                    {
                        "word": "polymer"
                    },
                    {
                        "word": "polymerization"
                    },
                    {
                        "word": "reflux condenser"
                    },
                    {
                        "word": "soft contact lens"
                    },
                    {
                        "word": "가교제"
                    },
                    {
                        "word": "고분자"
                    },
                    {
                        "word": "메틸렌 그룹"
                    },
                    {
                        "word": "세포성장저해실험"
                    },
                    {
                        "word": "스티렌부타디엔"
                    },
                    {
                        "word": "올리고머"
                    },
                    {
                        "word": "유기산"
                    },
                    {
                        "word": "이합체"
                    },
                    {
                        "word": "중합"
                    },
                    {
                        "word": "카르복실 그룹"
                    },
                    {
                        "word": "폴리에스테르 수지"
                    },
                    {
                        "word": "한천중층실험"
                    }
                ]
            }
        ]
    }
}