{
    "dataset_info": {
        "identifier": "02-031-002-NL",
        "name": "기술과학 문서 요약 데이터",
        "category": "자연어",
        "last_updated": "2023-08-30"
    },
    "dataset": {
        "doc_id": "62374a30-391849e6-665d-4d50-9e66-0adf58a41990",
        "doc_type": "논문",
        "doc_title": {
            "kor": "참깨박 에탄올 추출물의 항산화 및 α-amylase및 α-glucosidase 저해 활성",
            "eng": ""
        },
        "doc_category": {
            "KDC": "521.305",
            "DDC": ""
        },
        "doc_number": {
            "ISSN": "1976-0442",
            "ISBN": "",
            "DOI": "",
            "UCI": ""
        },
        "doc_year": "2022",
        "doc_author": [
            "오영진주",
            "김명현",
            "한영실"
        ],
        "doc_publisher": "한국응용생명화학회",
        "doc_license": "CC BY",
        "context_info": [
            {
                "context_id": "55e-0c9-merge_la_62374a30-391849e6-665d-4d50-9e66-0adf58a41990_07",
                "context_K-NSCC": {
                    "field": "생명",
                    "large_category": "LA",
                    "medium_category": "08"
                },
                "context": "<p>탈지 참깨박 추출물의 환원력은 Table 4와 같다. 항산화 능력에서 환원반응에 공유하는 수소 원자가 자유라디칼 사슬을 분해해서 흡광도 값을 나타내고 환원력이 높게 나타나는 물질일수록 흡광도 값도 높아진다고 알려져 있다. 탈지 참깨박 추출물의 \\( 1000 ~ \\mu \\mathrm { g } / \\mathrm { mL } \\) 농도에 \\( 0.87 \\mathrm { ~OD } \\)로 나타내었으며 양성대조군인 L-ascorbic acid나 trolox보다 낮은 환완력을 나타내었다. 들깨박의 환원력은 \\( 87.5,175,350 ~ \\mu \\mathrm { g } / \\mathrm { mL } \\)의 농도에 각각 0.28, 0.36, 0.62로 보고하였다.</p> <h2>탈지 참깨박 추출물의 항당뇨 활성</h2> <p>\\( \\alpha \\)-amylase는 탄수화물의 \\( \\alpha \\)-D-(1,4)-glucan 결합을 분해하는 효소이고, \\( \\alpha \\)-glucosidase 소장 상피세포의 Brush-Border membrane에 존재하는 효소로서 소장에서 음식물 중의 전분을 포도당과 같은 단당으로 분해하여 흡수시킨다. 따라서 소장의 \\( \\alpha \\)-amylase와 \\( \\alpha \\)-glucosidase를 저해함으로써 포도당의 흡수를 지연시킬 수 있어 \\( \\alpha \\)-amylase와 \\( \\alpha \\)-glucosidase의 저해 활성은 혈당수치 상승억제의 지표로써 사용된다. 탈지 참깨박 추출물의 \\( \\alpha \\)-amylase및 \\( \\alpha \\)-glucosidase 저해 활성 측정 결과는 Table 5와 같다. 탈지 참깨박 에탄올 추출물 \\( 25,50,75 \\mathrm { ~mg } / \\mathrm { mL } \\)의 농도에서 \\( \\alpha \\)-amylase 저해활성은 각각 \\( 2.39,23.32,52.90 \\% \\)로 나타내었고 \\( \\mathrm { IC } _ { 50 } \\) 값은 \\( 74.31 \\mathrm { ~mg } / \\mathrm { mL } \\)로 나타났다. 탈지 참깨박 에탄올 추출물 \\( 10,12.5,25 \\mathrm { ~mg } / \\mathrm { mL } \\)의 농도에서 \\( \\alpha \\)-glucosidase 저해 활성은 각각 \\( 14.04,43.79,80.09 \\% \\)로 측정되었고 \\( \\mathrm { IC } _ { 50 } \\) 값은 \\( 16.73 \\mathrm { ~mg } / \\mathrm { mL } \\)을 나타내었다. 반면에 참깨박 메탄올 추출물의 \\( \\alpha \\)-amylase및 \\( \\alpha \\)-glucosidase 저해 활성 측정 결과는 각각 \\( 0.38,0.75 \\mathrm { ~mg } / \\mathrm { mL } \\)로 추출용매에 따라 활성 차이를 보였다고 생각된다. 흑참깨박 추출물의 \\( \\alpha \\)-glucosidase 저해 활성은 \\( 200 \\mathrm { ~mg } / \\mathrm { mL } \\) 농도에 \\( 58 \\% \\)로 나타내였고, \\( \\alpha \\)-amylase저해활성은 \\( 5 \\mathrm { ~mg } / \\mathrm { mL } \\) 농도에 \\( 24.95 \\% \\)로 나타내어 흑참깨박에서도 항당뇨 활성을 나타내었다. 생팥 및 종자팥의 항당뇨 활성에서 생팥 추출물은 \\( 62.50 \\mathrm { ~mg } / \\mathrm { mL } \\) 농도에서 \\( \\alpha \\)-amylase저해활성은 \\( 9.70 \\% \\), 종자팥의 추출물 경우 \\( \\alpha \\)-amylase저해활성은 거의 없다고 보고하였고, 종자팥 추출물은 \\( 62.50 \\mathrm { ~mg } / \\mathrm { mL } \\) 농도에서 \\( \\alpha \\)-glucosidase 저해 활성은 \\(9.60 \\% \\)로 보고하였다.</p>",
                "context_length": 1940,
                "clue": [
                    {
                        "clue_text": "탈지 참깨박 추출물의 환원력은 Table 4와 같다. 항산화 능력에서 환원반응에 공유하는 수소 원자가 자유라디칼 사슬을 분해해서 흡광도 값을 나타내고 환원력이 높게 나타나는 물질일수록 흡광도 값도 높아진다고 알려져 있다.",
                        "clue_start": "3",
                        "clue_end": "126"
                    },
                    {
                        "clue_text": "\\( \\alpha \\)-amylase는 탄수화물의 \\( \\alpha \\)-D-(1,4)-glucan 결합을 분해하는 효소이고, \\( \\alpha \\)-glucosidase 소장 상피세포의 Brush-Border membrane에 존재하는 효소로서 소장에서 음식물 중의 전분을 포도당과 같은 단당으로 분해하여 흡수시킨다. ",
                        "clue_start": "408",
                        "clue_end": "587"
                    },
                    {
                        "clue_text": "따라서 소장의 \\( \\alpha \\)-amylase와 \\( \\alpha \\)-glucosidase를 저해함으로써 포도당의 흡수를 지연시킬 수 있어 \\( \\alpha \\)-amylase와 \\( \\alpha \\)-glucosidase의 저해 활성은 혈당수치 상승억제의 지표로써 사용된다. ",
                        "clue_start": "587",
                        "clue_end": "746"
                    },
                    {
                        "clue_text": "흑참깨박 추출물의 \\( \\alpha \\)-glucosidase 저해 활성은 \\( 200 \\mathrm { ~mg } / \\mathrm { mL } \\) 농도에 \\( 58 \\% \\)로 나타내였고, \\( \\alpha \\)-amylase저해활성은 \\( 5 \\mathrm { ~mg } / \\mathrm { mL } \\) 농도에 \\( 24.95 \\% \\)로 나타내어 흑참깨박에서도 항당뇨 활성을 나타내었다. ",
                        "clue_start": "1431",
                        "clue_end": "1655"
                    },
                    {
                        "clue_text": "탈지 참깨박 에탄올 추출물 \\( 25,50,75 \\mathrm { ~mg } / \\mathrm { mL } \\)의 농도에서 \\( \\alpha \\)-amylase 저해활성은 각각 \\( 2.39,23.32,52.90 \\% \\)로 나타내었고 \\( \\mathrm { IC } _ { 50 } \\) 값은 \\( 74.31 \\mathrm { ~mg } / \\mathrm { mL } \\)로 나타났다. 탈지 참깨박 에탄올 추출물 \\( 10,12.5,25 \\mathrm { ~mg } / \\mathrm { mL } \\)의 농도에서 \\( \\alpha \\)-glucosidase 저해 활성은 각각 \\( 14.04,43.79,80.09 \\% \\)로 측정되었고 \\( \\mathrm { IC } _ { 50 } \\) 값은 \\( 16.73 \\mathrm { ~mg } / \\mathrm { mL } \\)을 나타내었다.",
                        "clue_start": "831",
                        "clue_end": "1273"
                    }
                ],
                "terminology": [
                    {
                        "word": "Brush-Border membrane"
                    },
                    {
                        "word": "IC"
                    },
                    {
                        "word": "membrane"
                    },
                    {
                        "word": "상피세포"
                    },
                    {
                        "word": "수소 원자"
                    },
                    {
                        "word": "자유라디칼 사슬"
                    },
                    {
                        "word": "저해 활성"
                    },
                    {
                        "word": "종자팥"
                    },
                    {
                        "word": "탈지 참깨박 추출물"
                    },
                    {
                        "word": "항당뇨 활성"
                    },
                    {
                        "word": "항산화"
                    },
                    {
                        "word": "혈당수치"
                    },
                    {
                        "word": "환원력"
                    },
                    {
                        "word": "환원반응"
                    },
                    {
                        "word": "활성 측정"
                    },
                    {
                        "word": "흑참깨박"
                    }
                ]
            },
            {
                "context_id": "55e-0c9-merge_la_62374a30-391849e6-665d-4d50-9e66-0adf58a41990_00",
                "context_K-NSCC": {
                    "field": "생명",
                    "large_category": "LA",
                    "medium_category": "08"
                },
                "context": "<h1>서 론</h1> <p>참깨 및 들깨는 매우 오래 된 역사를 지녔으며 한국의 고농서에는 조선시대에 들어와서 기록되었고, 향미와 외관에 있어서 차이가 있으나 식품에서 이용하는 형태는 비슷하다고 하였다. 참깨(Sesamum indicum L.)는 참깨과(Pedaliaceae)의 1년생 초본식물로서 Sesamum 속은 30종 이상으로 분류되며 주요 재배종은 Sesamum indicum L.이다. 우리나라에서도 생산되며 대부분 인도와 중국 등에서 전 세계 소비량의 \\( 60 \\% \\) 이상을 생산하고 있다. 참깨의 종자에 지방 \\( 45 ~ 63 \\% \\), 단백질 \\( 20 \\% \\), 탄수화물 \\( 13.5 \\% \\)와 회분 \\( 5 \\% \\), 당질 \\( 20 \\% \\)가 함유되어 있고 다른 유지류에 비해 높은 산화안정성을 지녔다고 알려져 있다. 참깨를 볶는 과정에서 stecker degradation이나 축합반응 등을 거쳐 생성된 aldehydes, ketones, pyrazines, furans, pyrroles에 의한 독특한 향기와 고소한 맛이 생성된다. 참깨는 친연 항산화제로 알려진 sesamol, sesamin, sesamolin, tocopherol 등에 의해 산화안정성을 갖고 있어 유량종자로 사용할 뿐만 아니라 조미료 및 우수한 식품 소재로서도 이용되고 있다. 참깨 중에 함유되어 있는 lignan 화합물은 간 해독작용, 생체내의 과산화지질 생성억제 등 체내생리활성 조절작용이 있고, oleic acid와 linoleic acid와 같은 불포화 지방산을 다량 함유하고 있어 기능성 식품으로 보고 되었다.</p> <p>환경과 자원순환은 전세계적으로 중요한 이슈이다. 식품폐기물에는 당류, 항균물질, 항산화물질, 면역증진 물질 등 다양한 기능을 있어 유효물질들이 포함이 되었다고 보고하였다. 땅콩 겉껍질의 기능성 및 생리활성에 땅콩 겉껍질은 기능성 물질을 함유하지만 대부분 폐기되거나 사료로 사용되고 있고, 폐기물 재활용 측면과 폐기되어 쓰레기 문제 등을 개선하는데 땅콩껍질은 염재로 염색성을 평가하였다. 또한 식물성 단백질 원료인 콩은 두부 제조 후 대두박이 남고 참깨는 착유 후 부산물로 참깨박을 얻어지는데 이를 사료를 만들어 사용하고 있는데 대부분 폐기되고 있는 실정이다. 참기름은 참깨에 함유된 기름을 압착법에 의해 추출한 것으로, 참깨는 볶은 후 착유하기 때문에 단백질 변성과 변색으로 인해 사료나 비료로만 이용하고 있어 다양한 연구를 통해 기능성 식품으로 이용 가치를 확인한다면 의미가 클 것으로 생각된다. 참기름을 제조과정 중에 부산물로 얻어지는 참깨박에도 다양한 폐놀성 화합물이 함유되어있고 단백질이 약 \\( 50 \\% \\) 함유되어 있기 때문에 단백질 공급원으로 활용이 기대되는 자원이다.</p> <p>따라서 본 연구는 참기름 제조공정 중 부산물로 얻어지는 참깨박을 활용하기 위하여 탈지처리 한 후 \\( 70 \\% \\) 에탄올 추출하여 항산화 활성과 항당뇨 활성을 분석하여 기초자료를 제공하고자 한다.</p>",
                "context_length": 1485,
                "clue": [
                    {
                        "clue_text": "참깨 및 들깨는 매우 오래 된 역사를 지녔으며 한국의 고농서에는 조선시대에 들어와서 기록되었고, 향미와 외관에 있어서 차이가 있으나 식품에서 이용하는 형태는 비슷하다고 하였다.",
                        "clue_start": "16",
                        "clue_end": "114"
                    },
                    {
                        "clue_text": "참깨 중에 함유되어 있는 lignan 화합물은 간 해독작용, 생체내의 과산화지질 생성억제 등 체내생리활성 조절작용이 있고, oleic acid와 linoleic acid와 같은 불포화 지방산을 다량 함유하고 있어 기능성 식품으로 보고 되었다.",
                        "clue_start": "668",
                        "clue_end": "803"
                    },
                    {
                        "clue_text": "땅콩 겉껍질의 기능성 및 생리활성에 땅콩 겉껍질은 기능성 물질을 함유하지만 대부분 폐기되거나 사료로 사용되고 있고, 폐기물 재활용 측면과 폐기되어 쓰레기 문제 등을 개선하는데 땅콩껍질은 염재로 염색성을 평가하였다.",
                        "clue_start": "907",
                        "clue_end": "1026"
                    },
                    {
                        "clue_text": "참기름은 참깨에 함유된 기름을 압착법에 의해 추출한 것으로, 참깨는 볶은 후 착유하기 때문에 단백질 변성과 변색으로 인해 사료나 비료로만 이용하고 있어 다양한 연구를 통해 기능성 식품으로 이용 가치를 확인한다면 의미가 클 것으로 생각된다.",
                        "clue_start": "1124",
                        "clue_end": "1257"
                    },
                    {
                        "clue_text": "따라서 본 연구는 참기름 제조공정 중 부산물로 얻어지는 참깨박을 활용하기 위하여 탈지처리 한 후 \\( 70 \\% \\) 에탄올 추출하여 항산화 활성과 항당뇨 활성을 분석하여 기초자료를 제공하고자 한다.",
                        "clue_start": "1370",
                        "clue_end": "1481"
                    }
                ],
                "terminology": [
                    {
                        "word": "Sesamum"
                    },
                    {
                        "word": "Sesamum indicum L."
                    },
                    {
                        "word": "lignan 화합물"
                    },
                    {
                        "word": "linoleic"
                    },
                    {
                        "word": "oleic"
                    },
                    {
                        "word": "pyrroles"
                    },
                    {
                        "word": "stecker degradation"
                    },
                    {
                        "word": "tocopherol"
                    },
                    {
                        "word": "과산화지질 생성억제"
                    },
                    {
                        "word": "기능성 물질"
                    },
                    {
                        "word": "당질"
                    },
                    {
                        "word": "대두박"
                    },
                    {
                        "word": "면역증진"
                    },
                    {
                        "word": "불포화 지방산"
                    },
                    {
                        "word": "산화안정성"
                    },
                    {
                        "word": "생리활성"
                    },
                    {
                        "word": "식물성 단백질"
                    },
                    {
                        "word": "압착법"
                    },
                    {
                        "word": "에탄올 추출"
                    },
                    {
                        "word": "염색성"
                    },
                    {
                        "word": "염재"
                    },
                    {
                        "word": "유량종자"
                    },
                    {
                        "word": "유지류"
                    },
                    {
                        "word": "착유"
                    },
                    {
                        "word": "참깨과"
                    },
                    {
                        "word": "초본식물"
                    },
                    {
                        "word": "축합반응"
                    },
                    {
                        "word": "폐놀성"
                    },
                    {
                        "word": "항당뇨 활성"
                    },
                    {
                        "word": "항산화"
                    },
                    {
                        "word": "항산화제"
                    },
                    {
                        "word": "회분"
                    }
                ]
            },
            {
                "context_id": "55e-0c9-merge_la_62374a30-391849e6-665d-4d50-9e66-0adf58a41990_06",
                "context_K-NSCC": {
                    "field": "생명",
                    "large_category": "LA",
                    "medium_category": "08"
                },
                "context": "<h2>탈지 참깨박 추출물의 항산화 활성</h2> <p>탈지 참깨박 추출물의 총 폴리페놀 함량은 Table 3에 나타내었다. 페놀화합물은 항암, 항산화, 항노화 등의 생리활성을 나타내는 것으로 알려져 있으며, phenolic hydroxy1기를 가진 방향족 화합물들을 의미한다. 탈지 참깨박의 총 폴리페놀 함량은 \\( 184.98 \\mathrm { ~mg } \\mathrm { ~GAE } / \\mathrm { g } \\)이였다. 에탄올 농도를 달리하여 참깨박의 총 폴리페놀을 측정한 결과 \\( 70 \\% \\) 에탄올로 추출한 참깨박이 가장 높은 총 폴리페놀 \\( (96.56 \\mathrm { ~mg } \\mathrm { ~GAE } / \\mathrm { g } ) \\) 함량을 나타났다고 보고하였다. 들깨박 \\( 95 \\% \\) 에탄올 추출물의 총 페놀화합물 함량이 \\( 93.00 \\mathrm { ~mg } / \\mathrm { g } \\), 들깨박과 참깨박 \\( 80 \\% \\) 에탄올 추출물에서는 각각 \\( 141.90,116.90 \\mathrm { ~mg } / \\mathrm { g } \\), 탈지 대두박 추출물에서는 \\( 31.62 \\mathrm { ~mg } / \\mathrm { g } \\)으로 보고하였다. 따라서 본 연구에 사용한 \\( 70 \\% \\) 에탄올로 추출한 탈지 참깨박이 더 높은 총 폴리페놀 함량을 보였다.</p> <p>탈지 참깨박 추출물의 총 플라보노이드는 함량은 \\( 27.63 \\mathrm { ~mg } \\) \\( \\mathrm { QE } / \\mathrm { g } \\) 함량이었다. 참깨박과 들깨박 에탄올 추출물의 총 플라보노이드 함량은 각각 \\( 64.10,131.90 \\mathrm { ~mg } / \\mathrm { g } \\)으로 보고되었다. 대두의 에탄올 추출물의 연구에서 총 플라보노이드 함량은 \\(20.95 \\mathrm { ~mg } / \\mathrm { g } \\), 밤 껍질의 총 플라보노이드 함량은 \\( 10.30 \\mathrm { ~mg } / \\mathrm { g } \\)으로 보고되어 탈지 참깨박이 더 높은 총 플라보노이드 함량을 보였다.</p> <p>DPPH 및 ABTS 라디칼 소거 활성은 항산화 활성을 스크리닝하는 대표적인 방법으로 DPPH 는 free radical을 가지고 있는 화합물로서 수소기와 결합하여 \\( 520 \\mathrm { ~nm } \\)에서 특정 색조가 감소하는 특징을 가지기 때문에 in vitro에서 항산화력을 측정하는데 널리 사용되는 물질이다. 탈지 참깨박 추출물의 DPPH 및 ABTS 라디칼 소거 활성은 Table 4와 같다. 라디칼 소거 활성이 \\( 50 \\% \\)가 되는 농도인 \\( \\mathrm { IC } _ { 50 } \\)값으로 나타내었으며 DPPH 라디칼 소거 활성은 \\( 91.84 ~ \\mu \\mathrm { g } / \\mathrm { mL } \\)이고 ABTS라디칼 소거 활성은 \\( 340.09 ~ \\mu \\mathrm { g } / \\mathrm { mL } \\)의 결과를 보였다. 본 연구에 사용한 탈지 참깨박은 \\( 100 ~ \\mu \\mathrm { g } / \\mathrm { mL } \\) 농도에서 DPPH 라디칼 소거 활성은 \\( 55.50 \\% \\)로 측정되었고 선행연구에서 참깨 추출물의 DPPH 라디칼 소거 활성은 \\( 41.14 \\% \\)로 보고되어 탈지 참깨박이 더 높은 활성을 보였다. DPPH 라디칼 소거 활성을 분석할 때 양성 대조군은 L-ascorbic acid와 trolox를 사용하였는데, L-ascorbic acid의DPPH 라디칼 소거 활성은 \\( 2.5 ~ \\mu \\mathrm { g } / \\mathrm { mL } \\) 농도에서 \\( 54.97 \\% \\)로 나타내었고 trolox는 \\( 5 \\~mu \\mathrm { g } / \\mathrm { mL } \\) 농도에서 \\( 63.74 \\% \\)로 나타내었다. 폐자 원인 활용한 아보카도 씨와 씨 껍질의 에탄올 추출물 연구에서는 \\( 25 ~ \\mu \\mathrm { g } / \\mathrm { mL } \\) 농도에서 DPPH 라디칼 소거 활성은 각각 \\( 30.00,25.00 \\% \\)으로, 탈지 대두박 추출물의 연구에서 \\( 11.60 \\% \\)로 보고되어 참깨박의 DPPH 라디칼 소거 활성이 높았다. ABTS 라디칼 소거 활성 \\( \\mathrm { IC } _ { 50 } \\)은 \\( 340.09 ~ \\mu \\mathrm { g } / \\mathrm { mL } \\)의 결과를 보였다. \\( 500~ \\mu \\mathrm { g } / \\mathrm { mL } \\) 농도에서 ABTS 라디칼 소거 활성은 \\( 66.36 \\% \\)로 나타내었고, 양성대조군인 L-ascorbic acid와 trolox는 \\( 50 ~ \\mu \\mathrm { g } / \\mathrm { mL } \\) 농도에서 각각 \\( 75.20,63.79 \\% \\)로 나타났다.</p>",
                "context_length": 2459,
                "clue": [
                    {
                        "clue_text": "탈지 참깨박의 총 폴리페놀 함량은 \\( 184.98 \\mathrm { ~mg } \\mathrm { ~GAE } / \\mathrm { g } \\)이였다.",
                        "clue_start": "156",
                        "clue_end": "240"
                    },
                    {
                        "clue_text": "에탄올 농도를 달리하여 참깨박의 총 폴리페놀을 측정한 결과 \\( 70 \\% \\) 에탄올로 추출한 참깨박이 가장 높은 총 폴리페놀 \\( (96.56 \\mathrm { ~mg } \\mathrm { ~GAE } / \\mathrm { g } ) \\) 함량을 나타났다고 보고하였다.",
                        "clue_start": "241",
                        "clue_end": "393"
                    },
                    {
                        "clue_text": "탈지 참깨박 추출물의 총 플라보노이드는 함량은 \\( 27.63 \\mathrm { ~mg } \\) \\( \\mathrm { QE } / \\mathrm { g } \\) 함량이었다.",
                        "clue_start": "702",
                        "clue_end": "799"
                    },
                    {
                        "clue_text": "본 연구에 사용한 탈지 참깨박은 \\( 100 ~ \\mu \\mathrm { g } / \\mathrm { mL } \\) 농도에서 DPPH 라디칼 소거 활성은 \\( 55.50 \\% \\)로 측정되었고 선행연구에서 참깨 추출물의 DPPH 라디칼 소거 활성은 \\( 41.14 \\% \\)로 보고되어 탈지 참깨박이 더 높은 활성을 보였다.",
                        "clue_start": "1519",
                        "clue_end": "1700"
                    },
                    {
                        "clue_text": "ABTS 라디칼 소거 활성 \\( \\mathrm { IC } _ { 50 } \\)은 \\( 340.09 ~ \\mu \\mathrm { g } / \\mathrm { mL } \\)의 결과를 보였다.",
                        "clue_start": "2146",
                        "clue_end": "2251"
                    }
                ],
                "terminology": [
                    {
                        "word": "ABTS 라디칼 소거 활성"
                    },
                    {
                        "word": "DPPH 라디칼 소거 활성"
                    },
                    {
                        "word": "L-ascorbic acid"
                    },
                    {
                        "word": "free radical"
                    },
                    {
                        "word": "in vitro"
                    },
                    {
                        "word": "phenolic"
                    },
                    {
                        "word": "trolox"
                    },
                    {
                        "word": "대두박"
                    },
                    {
                        "word": "라디칼"
                    },
                    {
                        "word": "라디칼 소거 활성"
                    },
                    {
                        "word": "방향족"
                    },
                    {
                        "word": "스크리닝"
                    },
                    {
                        "word": "양성 대조군"
                    },
                    {
                        "word": "양성대조군"
                    },
                    {
                        "word": "총 플라보노이드 함량"
                    },
                    {
                        "word": "탈지 참깨박 추출물"
                    },
                    {
                        "word": "페놀화합물"
                    },
                    {
                        "word": "폴리페놀"
                    },
                    {
                        "word": "폴리페놀 함량"
                    },
                    {
                        "word": "플라보노이드"
                    },
                    {
                        "word": "항노화"
                    },
                    {
                        "word": "항산화"
                    },
                    {
                        "word": "항산화 활성"
                    },
                    {
                        "word": "항산화력"
                    }
                ]
            },
            {
                "context_id": "55e-0c9-merge_la_62374a30-391849e6-665d-4d50-9e66-0adf58a41990_08",
                "context_K-NSCC": {
                    "field": "생명",
                    "large_category": "LA",
                    "medium_category": "08"
                },
                "context": "<h1>초 록</h1> <p>기름을 착유하고 얻어지는 부산물인 참깨박의 활용과 이용가치를 높이기 위해 일반성분(수분, 탄수화물, 조단백질, 조지방, 조회분), 무기질을 측정하였고 탈지 처리한 후 \\( 70 \\% \\) 에탄올 추출하여 항산화 활성 및 항당뇨 활성을 분석하였다. 참깨박의 일반성분 함량은 수분 \\( 6.51 \\% \\), 탄수화물 \\( 16.22 \\% \\), 조단백질 \\( 46.30 \\% \\), 조회분 \\( 9.88 \\% \\), 조지방 \\( 21.09 \\% \\)로 이었고, 무기질은 \\( \\mathrm { K } ~1128.08 \\mathrm { ~mg } / 100 \\mathrm { ~g } , \\) \\( \\mathrm { Ca } ~1356.27 \\mathrm { ~mg } / 100 \\mathrm { ~g } , \\mathrm { Fe } ~12.29 \\mathrm { ~mg } / 100 \\mathrm { ~g } , \\mathrm { P } ~2022.14 \\mathrm { mg } / 100 \\mathrm { ~g } , \\mathrm { Cu } ~2.08 \\mathrm { ~mg } / 100 \\mathrm { ~g } , \\) \\( \\mathrm { Mg } ~643.40 \\mathrm { ~mg } / 100 \\mathrm { ~g } , \\) \\( \\mathrm { Na } ~7.29 \\mathrm { ~mg } / 100 \\mathrm { ~g } \\) 함량을 나타내었다. 탈지 참깨박의 총 폴리페놀과 플라보노이드 함량은 각각 \\( 184.98 \\mathrm { ~mg } \\mathrm { ~GAE } / \\mathrm { g } , \\) \\(27.63 \\mathrm { ~mg~QE/g } \\)였으며, DPPH 및 ABTS 라디칼 소거활성 \\( \\mathrm { IC } _ { 50 } \\)을 측정한 결과 각각 \\( 91.84,340.09 ~ \\mu \\mathrm { g } / \\mathrm { mL } \\), 환원력은 \\( 0.87 \\mathrm { ~OD } \\)으로 측정되었다. 탈지 참깨박의 \\( \\alpha \\)-amylase 및 \\( \\alpha \\)-glucosidase 저해 활성 \\( \\mathrm { IC } _ { 50 } \\)의 측정 결과는 각각 \\( 74.31,16.73 \\mathrm { ~mg } / \\mathrm { mL } \\)을 나타내었다. 따라서 \\( 70 \\% \\) 에탄올로 추출한 탈지 참깨박은 우수한 항산화 활성과 항당뇨 활성을 나타내 기능적 가치를 높일 수 있을 것으로 기대된다. 또한 참깨를 착유하고 남은 참깨박을 사용하게 되므로 환경보호와 자원순환 측면에 활용가치가 있을 뿐만 아니라 건강기능식품소재로 이용가치가 있을 것이라 판단된다.</p>",
                "context_length": 1366,
                "clue": [
                    {
                        "clue_text": "기름을 착유하고 얻어지는 부산물인 참깨박의 활용과 이용가치를 높이기 위해 일반성분(수분, 탄수화물, 조단백질, 조지방, 조회분), 무기질을 측정하였고 탈지 처리한 후 \\( 70 \\% \\) 에탄올 추출하여 항산화 활성 및 항당뇨 활성을 분석하였다.",
                        "clue_start": "16",
                        "clue_end": "153"
                    },
                    {
                        "clue_text": "따라서 \\( 70 \\% \\) 에탄올로 추출한 탈지 참깨박은 우수한 항산화 활성과 항당뇨 활성을 나타내 기능적 가치를 높일 수 있을 것으로 기대된다.",
                        "clue_start": "1191",
                        "clue_end": "1273"
                    },
                    {
                        "clue_text": "또한 참깨를 착유하고 남은 참깨박을 사용하게 되므로 환경보호와 자원순환 측면에 활용가치가 있을 뿐만 아니라 건강기능식품소재로 이용가치가 있을 것이라 판단된다.",
                        "clue_start": "1274",
                        "clue_end": "1362"
                    }
                ],
                "terminology": [
                    {
                        "word": "ABTS 라디칼 소거활성"
                    },
                    {
                        "word": "Ca"
                    },
                    {
                        "word": "Cu"
                    },
                    {
                        "word": "DPPH"
                    },
                    {
                        "word": "Fe"
                    },
                    {
                        "word": "IC"
                    },
                    {
                        "word": "Na"
                    },
                    {
                        "word": "무기질"
                    },
                    {
                        "word": "에탄올 추출"
                    },
                    {
                        "word": "저해 활성"
                    },
                    {
                        "word": "조단백질"
                    },
                    {
                        "word": "조지방"
                    },
                    {
                        "word": "조회분"
                    },
                    {
                        "word": "착유"
                    },
                    {
                        "word": "탄수화물"
                    },
                    {
                        "word": "탈지"
                    },
                    {
                        "word": "플라보노이드 함량"
                    },
                    {
                        "word": "항당뇨 활성"
                    },
                    {
                        "word": "항산화 활성"
                    },
                    {
                        "word": "환원력"
                    }
                ]
            },
            {
                "context_id": "55e-0c9-merge_la_62374a30-391849e6-665d-4d50-9e66-0adf58a41990_02",
                "context_K-NSCC": {
                    "field": "생명",
                    "large_category": "LA",
                    "medium_category": "08"
                },
                "context": "<h2>탈지 참깨박 추출물의 항산화 활성</h2> <p>탈지 참깨박의 총 폴리페놀의 함량은 Folin-Ciocalteu법을 이용하여 측정하였다. 시료액 \\( 150 ~ \\mu \\mathrm { L } \\)과 \\( 2,400 ~ \\mu \\mathrm { L } \\)의 증류수에 \\( 2 \\mathrm { ~N } \\) Folin-Ciocalteu reagent \\( 50 ~ \\mu \\mathrm { L } \\)를 가한 다음 3분간 정치시키고, \\( 1 \\mathrm { ~N } \\) sodium carbonate \\( \\left ( \\mathrm { Na } _ { 2 } \\mathrm { CO } _ { 3 } \\right . \\), DUKSAN, Ansan, Korea) \\( 300 ~ \\mu \\mathrm { L } \\)를 가하여 암소에서 2시간 동안 반응시킨 후 UV/VIS 분광광도계(T60UV, PG Instruments, Wibtoft, England)를 사용하여 \\( 725 \\mathrm { ~nm } \\)에서 흡광도를 측정하였다. 표준물질로 gallic acid를 사용하여 검량선을 작성한 후 총 폴리페놀 함량은 \\( \\mathrm { mg } \\) gallic acid \\( ( \\mathrm { mg } \\mathrm { ~GAE } / \\mathrm { g } ) \\)로 나타냈다.</p> <p>탈지 참깨박의 총 플라보노이드 함량은 Davis법에 따라 측정하였다. 시료액 \\( 100 ~ \\mu \\mathrm { L } \\)에 \\( 99 \\% \\) diethylenglycol \\( 1,000 ~ \\mu \\mathrm { L } \\)와 \\( 1 \\mathrm { ~N } \\mathrm { ~NaOH } ~100 ~ \\mu \\mathrm { L } \\)를 가하여 \\( 37 ^ {\\circ } \\mathrm { C } \\) water bath (WBT-10, Jeong Bio Tech., Incheon, Korea)에서 1시간 동안 반응시킨 뒤 \\( 420 \\mathrm { ~nm } \\)에서 흡광도를 측정하였다. Quercetin을 표준물질로 사용하여 검량선을 작성한 후 계산하였다.</p> <p>탈지 참깨박의 DPPH 라디칼 소거 활성은 Blois 방법을 사용하여 DPPH 을 \\( 90 \\% \\) 이상 에탄올 \\( 50 \\mathrm { ~mL } \\)에 용해한 후 빛이 차단된 어두운 병에 담아 DPPH 용액을 제조하였다. 희석한 참깨박 시료액과 DPPH 용액은 \\(3:1 \\)의 비율로 교반한 후 30분간 빛이 차단된 어두운 곳에 방치시키고 \\( 517 \\mathrm { ~nm } \\)에서 흡광도를 측정하였다. \\[ \\mathrm { DPPH } \\mathrm { ~free~radical~scavenging~activity } ~( \\%) = \\{ 1 { - } ( \\mathrm { Sample absorbance Control absorbance } ) \\} \\times 100 \\]</p>",
                "context_length": 1477,
                "clue": [
                    {
                        "clue_text": "탈지 참깨박의 총 폴리페놀의 함량은 Folin-Ciocalteu법을 이용하여 측정하였다.",
                        "clue_start": "31",
                        "clue_end": "80"
                    },
                    {
                        "clue_text": "탈지 참깨박의 DPPH 라디칼 소거 활성은 Blois 방법을 사용하여 DPPH 을 \\( 90 \\% \\) 이상 에탄올 \\( 50 \\mathrm { ~mL } \\)에 용해한 후 빛이 차단된 어두운 병에 담아 DPPH 용액을 제조하였다.",
                        "clue_start": "1081",
                        "clue_end": "1210"
                    },
                    {
                        "clue_text": "탈지 참깨박의 총 플라보노이드 함량은 Davis법에 따라 측정하였다.",
                        "clue_start": "685",
                        "clue_end": "723"
                    }
                ],
                "terminology": [
                    {
                        "word": "Blois 방법"
                    },
                    {
                        "word": "Control absorbance"
                    },
                    {
                        "word": "DPPH 라디칼 소거 활성"
                    },
                    {
                        "word": "DPPH 용액"
                    },
                    {
                        "word": "Davis법"
                    },
                    {
                        "word": "Folin-Ciocalteu"
                    },
                    {
                        "word": "Folin-Ciocalteu reagent"
                    },
                    {
                        "word": "Folin-Ciocalteu법"
                    },
                    {
                        "word": "PG"
                    },
                    {
                        "word": "Quercetin"
                    },
                    {
                        "word": "Sample absorbance"
                    },
                    {
                        "word": "UV/VIS"
                    },
                    {
                        "word": "gallic acid"
                    },
                    {
                        "word": "reagent"
                    },
                    {
                        "word": "sodium carbonate"
                    },
                    {
                        "word": "water bath"
                    },
                    {
                        "word": "검량선"
                    },
                    {
                        "word": "교반"
                    },
                    {
                        "word": "분광광도계"
                    },
                    {
                        "word": "암소"
                    },
                    {
                        "word": "에탄올"
                    },
                    {
                        "word": "용해"
                    },
                    {
                        "word": "증류수"
                    },
                    {
                        "word": "총 플라보노이드 함량"
                    },
                    {
                        "word": "탈지 참깨박 추출물"
                    },
                    {
                        "word": "폴리페놀 함량"
                    },
                    {
                        "word": "표준물질"
                    },
                    {
                        "word": "항산화 활성"
                    },
                    {
                        "word": "흡광도"
                    },
                    {
                        "word": "희석"
                    }
                ]
            },
            {
                "context_id": "55e-0c9-merge_la_62374a30-391849e6-665d-4d50-9e66-0adf58a41990_04",
                "context_K-NSCC": {
                    "field": "생명",
                    "large_category": "LA",
                    "medium_category": "08"
                },
                "context": "<h2>탈지 참깨박 추출물의 항당뇨 활성</h2> <p>탈지 참깨박의 \\( \\alpha \\)-amylase 저해활성은 선행연구의 방법에 따라 측정하였다. Starch azure \\( 2 \\mathrm { ~mg } \\)을 \\( 1 \\mathrm { ~mL } \\)의 \\( 0.5 \\mathrm { ~M } \\) Tris- HCl 완충액 \\( ( \\mathrm { pH } ~6.9 ) \\)에 혼합하고 5분 동안 가열하였다. 시료와 표준물질은 증류수에 희석하고 시약은 \\( 0.5 \\mathrm { ~M } \\) Tris- HCl 완충액 \\( ( \\mathrm { pH } ~6.9 ) \\)에 희석하였다. 시료 \\( 200 ~ \\mu \\mathrm { L } \\)와 \\( 0.5 \\mathrm { ~M } \\alpha \\)-amylase 용액 \\( 200~ \\mu \\mathrm { L } \\)를 혼합하고, starch azure \\( 300 ~ \\mu \\mathrm { L } \\)를 첨가하였고 인큐베이터에서 \\( 37 ^ {\\circ } \\mathrm { C } \\) 10분간 반응시켰다. \\( 50 \\% \\) acetic acid \\( 100 ~ \\mu \\mathrm { L } \\)를 첨가한 후 \\( 3000 \\mathrm { rpm } , 4 ^ {\\circ } \\mathrm { C } \\)에서 10분간 원심분리를 하였다. 표준물질은 acarbose \\((50 { - } 500 ~ \\mu \\mathrm { g } / \\mathrm { mL } ) \\)를 사용하였고 흡광도는 UV/VIS 분광광도계를 사용하여 \\( 595 \\mathrm { ~nm } \\)에서 측정하였다. \\[ \\alpha { - } \\mathrm { Amylase~inhibitory } ~( \\%)= \\left [1- \\left ( \\mathrm { A } _ { 595 \\text { sample } } - \\mathrm { A } _ { 595 \\text { sampl cblank } } \\right ) / \\left ( \\mathrm { A } _ { 599 \\text { control } } - \\mathrm { A } _ { 595 \\text { control blank } } \\right ) \\right ] \\times 100 \\]</p> <p>\\( \\alpha \\)-Glucosidase 저해 활성은 선행연구의 방법에 따라 측정하였다. 시료와 표준물질은 증류수에 희석하고 시약은 \\( 0.05 \\mathrm { ~M } \\) phosphate buffer \\( ( \\mathrm { pH } ~6.9 ) \\)에 희석하였다. 시료 \\( 200 ~ \\mu \\mathrm { L } \\)를 \\( 10~ \\mu \\mathrm { L } \\)의 \\( \\alpha \\)-glucosidase 용액과 흔합하였다. 흔합물을 \\( 37 ^ {\\circ } \\mathrm { C } \\)에서 5분 동안 배양하였다. \\( 1 \\mathrm { ~mM } \\) PNPG 용액 \\( 200 ~ \\mu \\mathrm { L } \\)를 혼합물에 첨가하고 \\( 37 ^ {\\circ } \\mathrm { C } \\)에서 20분 동안 배양하였다. \\( 4 \\% \\mathrm { ~NaOH } \\) 용액 \\(500~ \\mu \\mathrm { L } \\)를 첨가하여 반응을 정지시킨 후, 혼합물에 \\( 0.05 \\mathrm { ~M } \\) phosphate buffer \\( 590 ~ \\mu \\mathrm { L } \\)를 첨가하였다. 표준물질은 acarbose ( \\( 50 { - } 500~ \\mu \\mathrm { g } \\)/ \\( \\mathrm { mL } \\))를 사용하였다. 흡광도는 UV/VIS 분광광도계를 사용하여 \\( 405 \\mathrm { ~nm } \\)에서 측정하였다. \\[ \\alpha { - } \\mathrm { Glucosidase~inhibitory } ~( \\%)= \\left [1- \\left ( \\mathrm { A } _ { 595 \\text { sample } } - \\mathrm { A } _ { 595 \\text { sampl cblank } } \\right ) / \\left ( \\mathrm { A } _ { 599 \\text { control } } - \\mathrm { A } _ { 595 \\text { control blank } } \\right ) \\right ] \\times 100 \\]</p>",
                "context_length": 2197,
                "clue": [
                    {
                        "clue_text": "Starch azure \\( 2 \\mathrm { ~mg } \\)을 \\( 1 \\mathrm { ~mL } \\)의 \\( 0.5 \\mathrm { ~M } \\) Tris- HCl 완충액 \\( ( \\mathrm { pH } ~6.9 ) \\)에 혼합하고 5분 동안 가열하였다.",
                        "clue_start": "86",
                        "clue_end": "236"
                    },
                    {
                        "clue_text": "\\[ \\alpha { - } \\mathrm { Amylase~inhibitory } ~( \\%)= \\left [1- \\left ( \\mathrm { A } _ { 595 \\text { sample } } - \\mathrm { A } _ { 595 \\text { sampl cblank } } \\right ) / \\left ( \\mathrm { A } _ { 599 \\text { control } } - \\mathrm { A } _ { 595 \\text { control blank } } \\right ) \\right ] \\times 100 \\]",
                        "clue_start": "829",
                        "clue_end": "1134"
                    },
                    {
                        "clue_text": "시료와 표준물질은 증류수에 희석하고 시약은 \\( 0.05 \\mathrm { ~M } \\) phosphate buffer \\( ( \\mathrm { pH } ~6.9 ) \\)에 희석하였다.",
                        "clue_start": "1194",
                        "clue_end": "1298"
                    },
                    {
                        "clue_text": "\\[ \\alpha { - } \\mathrm { Glucosidase~inhibitory } ~( \\%)= \\left [1- \\left ( \\mathrm { A } _ { 595 \\text { sample } } - \\mathrm { A } _ { 595 \\text { sampl cblank } } \\right ) / \\left ( \\mathrm { A } _ { 599 \\text { control } } - \\mathrm { A } _ { 595 \\text { control blank } } \\right ) \\right ] \\times 100 \\]",
                        "clue_start": "1884",
                        "clue_end": "2193"
                    }
                ],
                "terminology": [
                    {
                        "word": "HCl 완충액"
                    },
                    {
                        "word": "PNPG"
                    },
                    {
                        "word": "Tris- HCl"
                    },
                    {
                        "word": "UV/VIS"
                    },
                    {
                        "word": "acarbose"
                    },
                    {
                        "word": "acetic acid"
                    },
                    {
                        "word": "blank"
                    },
                    {
                        "word": "control"
                    },
                    {
                        "word": "phosphate buffer"
                    },
                    {
                        "word": "starch"
                    },
                    {
                        "word": "배양"
                    },
                    {
                        "word": "분광광도계"
                    },
                    {
                        "word": "시료"
                    },
                    {
                        "word": "원심분리"
                    },
                    {
                        "word": "저해"
                    },
                    {
                        "word": "저해활성"
                    },
                    {
                        "word": "증류수"
                    },
                    {
                        "word": "탈지 참깨박 추출물"
                    },
                    {
                        "word": "표준물질"
                    },
                    {
                        "word": "항당뇨 활성"
                    },
                    {
                        "word": "흡광도"
                    },
                    {
                        "word": "희석"
                    }
                ]
            },
            {
                "context_id": "55e-0c9-merge_la_62374a30-391849e6-665d-4d50-9e66-0adf58a41990_01",
                "context_K-NSCC": {
                    "field": "생명",
                    "large_category": "LA",
                    "medium_category": "08"
                },
                "context": "<h1>재료 및 방법</h1> <h2>실험재료</h2> <p>본 실험에 사용된 참깨박은 2021년에 경기도 광주시에서 참깨를 착유하고 남은 부산물을 사용하였다. 참깨를 \\( 120 ^ {\\circ } \\mathrm { C } \\)에서 12분 동안 솥(Electric automatic stir-fryer \\( 24 \\mathrm { ~Inch } \\), Poongjin Food Machine Co., Pyeongtaek, Korea)에서 볶은 후 착유(Sambal alone type, Poongjin Food Machine Co.)하고 남은 참깨박을 이용하였다. 얻어진 참깨박은 분쇄기(HMF-3260S, Hanil, Seoul, Korea)로 분쇄하고, \\( 30 \\mathrm { ~mesh } \\)로 체친 후 \\( -40 ^ {\\circ } \\mathrm { C } \\) 냉동고에 보관하였다. 실험에 사용한 2,2-dipheny1-1-picrylhydra-zyl (DPPH), Folin-Ciocalteu reagent, gallic acid 등의 시약은 Sigma-Aldrich Chemical Co. (St. Louis, MO, USA)의 제품을 사용하였고 그 외의 시약은 1급을 사용하였다.</p> <h2>참깨박 탈지 및 추출물 제조</h2> <p>참깨박의 탈지는 선행연구을 참고하여 \\( 200 \\mathrm { ~g } \\)의 참깨박에 3배 가량의 n-hexane을 가하여 24시간 침지하고 여과하는 방법으로 3회 반복하여 유지성분을 제거하였다. 유지성분을 제거한 잔사에 \\( 70 \\% \\) 에탄올로 5배 추출을 하고 초음파 추출기(KUS-650, KBT, Sungnam, Korea) \\( 25 ^ {\\circ } \\mathrm { C } , 300 \\mathrm { ~W } \\)에서 20분씩 3회 반복하여 추출하였다. 추출물을 여과지로 여과한 후 rotary vacuum evaporator (NVC-2100, EYELA, Tokyo, Japan)로 \\( 40 ^ {\\circ } \\mathrm { C } \\)에서 농축하였고 동결 건조하여 \\( -40 ^ {\\circ } \\mathrm { C } \\)에서 시료를 보관하여 사용하였다.</p> <h2>참깨박의 일반성분과 무기질 함량 측정</h2> <p>일반성분으로 수분, 탄수화물, 조단백질, 조지방, 조회분을 측정하였다. 조단백질 분석은 Kjeldahl법을 이용하여 시료에 단백질 분해촉진제와 황산을 넣어 분해한 다음(FOSS kjeltec 8400 (Fisher Scientific, Hampton, NH, USA) 단백질 자동분석기로 함량을 측정하였다. 조회분은 회로분석법으로 측정하였으며, 조지방 분석은 에테르추출법으로 Soxhlet 지방 추출 분석기(Soxtec 8000 , Foss, Hilleroed, Denmark)를 사용하여 diethyl ether로 시료에 함유된 지방을 추출하여 측정하였다.</p> <p>칼륨, 칼슘, 철, 인, 구리, 마그네슘, 나트륨의 함량은 건식분해법(Dry Digestion Method)으로 분석하였다. 시료는 \\( 450 \\sim550 ^ {\\circ } \\mathrm { C } \\)에서 회화하였고 회분에 염산과 증류수는 \\( 1: 1 \\)로 가한 후 6시간 상온 분해하였고 ICP-OES (Optima 8300, PerkinElmer, Waltham, MA, USA)로 분석하였다.</p>",
                "context_length": 1686,
                "clue": [
                    {
                        "clue_text": "참깨를 \\( 120 ^ {\\circ } \\mathrm { C } \\)에서 12분 동안 솥(Electric automatic stir-fryer \\( 24 \\mathrm { ~Inch } \\), Poongjin Food Machine Co., Pyeongtaek, Korea)에서 볶은 후 착유(Sambal alone type, Poongjin Food Machine Co.)하고 남은 참깨박을 이용하였다.",
                        "clue_start": "90",
                        "clue_end": "316"
                    },
                    {
                        "clue_text": "참깨박의 탈지는 선행연구을 참고하여 \\( 200 \\mathrm { ~g } \\)의 참깨박에 3배 가량의 n-hexane을 가하여 24시간 침지하고 여과하는 방법으로 3회 반복하여 유지성분을 제거하였다.",
                        "clue_start": "651",
                        "clue_end": "763"
                    }
                ],
                "terminology": [
                    {
                        "word": "Digestion"
                    },
                    {
                        "word": "Folin-Ciocalteu"
                    },
                    {
                        "word": "ICP-OES"
                    },
                    {
                        "word": "Kjeldahl법"
                    },
                    {
                        "word": "Soxhlet"
                    },
                    {
                        "word": "diethyl ether"
                    },
                    {
                        "word": "gallic acid"
                    },
                    {
                        "word": "n-hexane"
                    },
                    {
                        "word": "rotary vacuum evaporator"
                    },
                    {
                        "word": "건식분해법"
                    },
                    {
                        "word": "단백질 자동분석기"
                    },
                    {
                        "word": "동결 건조"
                    },
                    {
                        "word": "무기질"
                    },
                    {
                        "word": "분쇄기"
                    },
                    {
                        "word": "시료"
                    },
                    {
                        "word": "에탄올"
                    },
                    {
                        "word": "여과"
                    },
                    {
                        "word": "여과지"
                    },
                    {
                        "word": "유지성분"
                    },
                    {
                        "word": "잔사"
                    },
                    {
                        "word": "조단백질"
                    },
                    {
                        "word": "조지방"
                    },
                    {
                        "word": "조회분"
                    },
                    {
                        "word": "증류수"
                    },
                    {
                        "word": "착유"
                    },
                    {
                        "word": "초음파 추출기"
                    },
                    {
                        "word": "침지"
                    },
                    {
                        "word": "탈지"
                    },
                    {
                        "word": "황산"
                    },
                    {
                        "word": "회로분석법"
                    },
                    {
                        "word": "회분"
                    }
                ]
            },
            {
                "context_id": "55e-0c9-merge_la_62374a30-391849e6-665d-4d50-9e66-0adf58a41990_05",
                "context_K-NSCC": {
                    "field": "생명",
                    "large_category": "LA",
                    "medium_category": "08"
                },
                "context": "<h2>통계처리</h2> <p>본 연구의 통계 분석은 SPSS 프로그램(Statistical Analysis Program, version 25, IBM Co., Amonk, NY, USA)을 이용하였고 모든 실험 결과는 통계를 통해 3회 반복으로 시행하여 평균과 표준편차로 나타내었다. 실험의 유의성 검증을 위해 one-way ANOVA로 분석하였고 사후검증은 Duncan's multiple range test를 실시하였다.</p> <h1>결과 및 고찰</h1> <h2>참깨박의 이화학적 특성</h2> <p>참깨박의 일반성분 분석 결과는 Table 1과 같다. 수분 \\( 6.51 \\% \\), 탄수화물 \\( 16.22 \\% \\), 조단백질 \\( 46.30 \\% \\), 조회분 \\( 9.88 \\% \\), 조지방 \\( 21.09 \\% \\) 의 함량을 나타내었다. 국내산 참깨종자 일반성분의 연구에서는 단백질 함량은 \\( 22.23 \\% \\), 조회분은 \\( 4.99 \\% \\), 조지방의 함량은 \\( 45.41 \\% \\) 으로 보고하였다. 참깨박 단백질의 연구에 따르면 조단백질, 조회분 및 조지방의 함량은 각각 \\( 31.87,12.95 \\), \\( 2.97 \\% \\)로 보고하였으며, 참깨박은 참깨종자보다 더 높은 조단백질과 조회분 함량을 나타내었다. 참깨의 이화학적 특성 비교에서 수분 \\( 3.37 \\% \\), 조단백질 \\( 20.39 \\% \\), 조회분 \\( 4.15 \\% \\)로 보고하였고 참기름을 짜고 난 탈지박의 일반 성분 결과에 수분함량은 차이가 없었으나 단백질과 회분이 증가하였다고 보고하였다. 또한 탈지 들깨박의 일반성분 분석 결과 수분 \\( 4.60 \\% \\), 조지방 \\( 0.50 \\% \\), 조회분 \\( 6.30 \\% \\), 조단백 \\( 47.10 \\% \\)로 결과로 본 연구의 참깨박의 수분, 조지방, 조희분 함량이 더 높았다.</p> <p>식품이나 생물체에 함유된 원소 중 \\( \\mathrm { C } , \\mathrm { H } , \\mathrm { O } , \\mathrm { N } \\)을 제외한 원소를 무기질이라고 말한다. 무기질은 체내에서 합성이 이루어지지 않기 때문에 생체 기능이 원활하게 유지되기 위해서는 곡류, 채소, 과일, 어패류, 육류 등의 다양한 식품에서 섭취가 이루어져야 한다. 참깨박의 무기질 함량은 Table 2에 표시하였다. 참깨박의 칼륨 \\( 1128.08 \\mathrm { ~mg } / 100 \\mathrm { ~g } \\), 칼슘 \\( 1356.27 \\mathrm { ~mg } / 100 \\mathrm { ~g } \\), 철 \\( 12.29 \\mathrm { ~mg } / 100 \\mathrm { ~g } \\), 인 \\( 2022.14 \\mathrm { ~mg } / 100 \\mathrm { ~g } \\), 구리 \\( 2.08 \\mathrm { ~mg } / 100 \\mathrm { ~g } \\), 마그네슘 \\( 643.40 \\mathrm { ~mg } / 100 \\mathrm { ~g } \\), 나트륨 \\( 7.29 \\mathrm { ~mg } / 100 \\mathrm { ~g } \\)의 함량으로 측정되었다. 단단한 외피층에는 컬슘, 칼륨, 마그네슘 등과 같은 무기질이 다량 존재하여 참깨 섭취 시 체내에서 체액의 산도를 유지시켜 주는 다양한 생리적 효과를 나타내는 것으로 알려져있다. 참깨종자와 탈지 참깨박의 연구에서는 칼륨과 나트륨 함량은 각각 \\( 4.10,5.57 \\mathrm { ~mg } / 100 \\mathrm { ~g } \\)으로 탈지 박보다 낮게 나타났고 마그네슘과 칼슘의 함량은 각각 \\( 4.47,4.73 \\mathrm { ~mg } / 100 \\mathrm { ~g } \\)으로 탈지박에서 더 높은 함량을 보였다.</p>",
                "context_length": 1860,
                "clue": [
                    {
                        "clue_text": "본 연구의 통계 분석은 SPSS 프로그램(Statistical Analysis Program, version 25, IBM Co., Amonk, NY, USA)을 이용하였고 모든 실험 결과는 통계를 통해 3회 반복으로 시행하여 평균과 표준편차로 나타내었다.",
                        "clue_start": "17",
                        "clue_end": "160"
                    },
                    {
                        "clue_text": "참깨박의 일반성분 분석 결과는 Table 1과 같다. 수분 \\( 6.51 \\% \\), 탄수화물 \\( 16.22 \\% \\), 조단백질 \\( 46.30 \\% \\), 조회분 \\( 9.88 \\% \\), 조지방 \\( 21.09 \\% \\) 의 함량을 나타내었다.",
                        "clue_start": "286",
                        "clue_end": "426"
                    },
                    {
                        "clue_text": "참깨의 이화학적 특성 비교에서 수분 \\( 3.37 \\% \\), 조단백질 \\( 20.39 \\% \\), 조회분 \\( 4.15 \\% \\)로 보고하였고 참기름을 짜고 난 탈지박의 일반 성분 결과에 수분함량은 차이가 없었으나 단백질과 회분이 증가하였다고 보고하였다.",
                        "clue_start": "647",
                        "clue_end": "790"
                    },
                    {
                        "clue_text": "또한 탈지 들깨박의 일반성분 분석 결과 수분 \\( 4.60 \\% \\), 조지방 \\( 0.50 \\% \\), 조회분 \\( 6.30 \\% \\), 조단백 \\( 47.10 \\% \\)로 결과로 본 연구의 참깨박의 수분, 조지방, 조희분 함량이 더 높았다.",
                        "clue_start": "791",
                        "clue_end": "927"
                    },
                    {
                        "clue_text": "참깨박의 무기질 함량은 Table 2에 표시하였다. 참깨박의 칼륨 \\( 1128.08 \\mathrm { ~mg } / 100 \\mathrm { ~g } \\), 칼슘 \\( 1356.27 \\mathrm { ~mg } / 100 \\mathrm { ~g } \\), 철 \\( 12.29 \\mathrm { ~mg } / 100 \\mathrm { ~g } \\), 인 \\( 2022.14 \\mathrm { ~mg } / 100 \\mathrm { ~g } \\), 구리 \\( 2.08 \\mathrm { ~mg } / 100 \\mathrm { ~g } \\), 마그네슘 \\( 643.40 \\mathrm { ~mg } / 100 \\mathrm { ~g } \\), 나트륨 \\( 7.29 \\mathrm { ~mg } / 100 \\mathrm { ~g } \\)의 함량으로 측정되었다.",
                        "clue_start": "1138",
                        "clue_end": "1560"
                    }
                ],
                "terminology": [
                    {
                        "word": "ANOVA"
                    },
                    {
                        "word": "ANOVA로 분석"
                    },
                    {
                        "word": "Analysis"
                    },
                    {
                        "word": "Analysis Program"
                    },
                    {
                        "word": "Duncan's multiple range test"
                    },
                    {
                        "word": "SPSS"
                    },
                    {
                        "word": "SPSS 프로그램"
                    },
                    {
                        "word": "Statistical Analysis Program"
                    },
                    {
                        "word": "multiple range test"
                    },
                    {
                        "word": "one-way"
                    },
                    {
                        "word": "one-way ANOVA"
                    },
                    {
                        "word": "구리"
                    },
                    {
                        "word": "단백질"
                    },
                    {
                        "word": "마그네슘"
                    },
                    {
                        "word": "무기질"
                    },
                    {
                        "word": "사후검증"
                    },
                    {
                        "word": "산도"
                    },
                    {
                        "word": "외피층"
                    },
                    {
                        "word": "유의성"
                    },
                    {
                        "word": "유의성 검증"
                    },
                    {
                        "word": "이화학적"
                    },
                    {
                        "word": "이화학적 특성"
                    },
                    {
                        "word": "조단백"
                    },
                    {
                        "word": "조단백질"
                    },
                    {
                        "word": "조지방"
                    },
                    {
                        "word": "조회분"
                    },
                    {
                        "word": "칼륨"
                    },
                    {
                        "word": "칼슘"
                    },
                    {
                        "word": "탄수화물"
                    },
                    {
                        "word": "탈지"
                    },
                    {
                        "word": "통계처리"
                    },
                    {
                        "word": "표준편차"
                    },
                    {
                        "word": "합성"
                    },
                    {
                        "word": "회분"
                    }
                ]
            },
            {
                "context_id": "55e-0c9-merge_la_62374a30-391849e6-665d-4d50-9e66-0adf58a41990_03",
                "context_K-NSCC": {
                    "field": "생명",
                    "large_category": "LA",
                    "medium_category": "08"
                },
                "context": "<p>탈지 참깨박의 ABTS 라디칼 소거 활성은 선행연구의 방법에 준하여 측정하였다. 최종농도 \\( 7 \\mathrm { ~mM } \\) 2,2'-aziono-bis(3-ethylbenzthiazoline-6-sulfonic acid) (ABTS)와 \\( 2.4 \\mathrm { ~mM } \\) postassium persulfate의 용액을 만들어 실온의 빛이 차단된 어두운 곳에 12시간 동안 반응시켜 ABTS 라디칼 용액을 만들었다. ABTS 라디칼이 생성된 용액을 \\( 734 \\mathrm { ~nm } \\)에서 흡광도 값이 \\( 0.70 \\pm 0.02 \\)로 되도록 PBS buffer로 희석한 다음 ABTS 용액 \\( 900 ~ \\mu \\mathrm { L } \\)에 시료 추출물 \\( 100 ~ \\mu \\mathrm { L } \\)를 가하고 흡광도를 측정하였다. \\[ \\mathrm { ABTS } \\mathrm { ~free~radical~scavenging~activity } ~( \\%)= \\{ 1 { - } ( \\mathrm { Sample absorbance Control absorbance } ) \\} \\times 100 \\]탈지 참깨박의 환원력은 Oyaizu의 방법에 준하여 측정하였다. 증류수에 용해 한 추출물 \\( 1 \\mathrm { ~mL } \\)를 \\( 0.2 \\mathrm { ~M } \\) sodium phosphate buffer \\( \\left ( \\mathrm { pH } \\right .6.6) \\) \\( 1 \\mathrm { ~mL } \\)와 \\( 1 \\% \\) potassium ferricyanide \\( \\left ( \\mathrm { K } _ { 3 } \\mathrm { Fe } \\right . \\) \\( \\left .( \\mathrm { CN } )_ { 6 } \\right ) 1 \\mathrm { ~mL } \\)를 가하여 \\( 50 ^ {\\circ } \\mathrm { C } \\) water bath에 20분간 반응시켰다. \\( 10 \\% \\) trichloroacetic acid \\( \\left ( \\mathrm { CCl } _ { 3 } \\mathrm { COOH } , \\mathrm { w } / \\mathrm { v } \\right ) 1 \\mathrm { ~mL } \\)를 첨가하여 \\( 3,000 \\mathrm { rpm } \\)에서 10분간 원심분리(COMBI-514R, Hanil Science Industrial Co., Ltd., Daejeon, Korea)한 후 상등액 \\( 1 \\mathrm { ~mL } \\)를 취하여 증류수 \\( 5 \\mathrm { ~mL } \\)와 혼합하여 \\( 0.1 \\% \\) ferric chloride \\( \\left ( \\mathrm { FeCl } _ { 3 } \\mathrm { H } _ { 2 } \\mathrm { O } \\right ) \\) \\( 0.2 \\mathrm { ~mL } \\)를 가해 \\( 700 \\mathrm { ~nm } \\)에서 흡광도를 측정하였다.</p>",
                "context_length": 1518,
                "clue": [
                    {
                        "clue_text": "탈지 참깨박의 ABTS 라디칼 소거 활성은 선행연구의 방법에 준하여 측정하였다.",
                        "clue_start": "3",
                        "clue_end": "47"
                    },
                    {
                        "clue_text": "최종농도 \\( 7 \\mathrm { ~mM } \\) 2,2'-aziono-bis(3-ethylbenzthiazoline-6-sulfonic acid) (ABTS)와 \\( 2.4 \\mathrm { ~mM } \\) postassium persulfate의 용액을 만들어 실온의 빛이 차단된 어두운 곳에 12시간 동안 반응시켜 ABTS 라디칼 용액을 만들었다.",
                        "clue_start": "48",
                        "clue_end": "246"
                    },
                    {
                        "clue_text": "ABTS 라디칼이 생성된 용액을 \\( 734 \\mathrm { ~nm } \\)에서 흡광도 값이 \\( 0.70 \\pm 0.02 \\)로 되도록 PBS buffer로 희석한 다음 ABTS 용액 \\( 900 ~ \\mu \\mathrm { L } \\)에 시료 추출물 \\( 100 ~ \\mu \\mathrm { L } \\)를 가하고 흡광도를 측정하였다.",
                        "clue_start": "247",
                        "clue_end": "436"
                    }
                ],
                "terminology": [
                    {
                        "word": "ABTS 라디칼"
                    },
                    {
                        "word": "ABTS 라디칼 소거 활성"
                    },
                    {
                        "word": "ABTS 라디칼 용액"
                    },
                    {
                        "word": "ABTS 용액"
                    },
                    {
                        "word": "COMBI-514R"
                    },
                    {
                        "word": "PBS buffer"
                    },
                    {
                        "word": "absorbance"
                    },
                    {
                        "word": "acid"
                    },
                    {
                        "word": "chloride"
                    },
                    {
                        "word": "ferric chloride"
                    },
                    {
                        "word": "ferricyanide"
                    },
                    {
                        "word": "phosphate buffer"
                    },
                    {
                        "word": "postassium persulfate"
                    },
                    {
                        "word": "potassium ferricyanide"
                    },
                    {
                        "word": "sodium"
                    },
                    {
                        "word": "sodium phosphate"
                    },
                    {
                        "word": "sodium phosphate buffer"
                    },
                    {
                        "word": "trichloroacetic acid"
                    },
                    {
                        "word": "water bath"
                    },
                    {
                        "word": "라디칼"
                    },
                    {
                        "word": "라디칼 소거 활성"
                    },
                    {
                        "word": "상등액"
                    },
                    {
                        "word": "소거 활성"
                    },
                    {
                        "word": "시료"
                    },
                    {
                        "word": "시료 추출물"
                    },
                    {
                        "word": "용해"
                    },
                    {
                        "word": "원심분리"
                    },
                    {
                        "word": "증류수"
                    },
                    {
                        "word": "최종농도"
                    },
                    {
                        "word": "탈지"
                    },
                    {
                        "word": "탈지 참깨박"
                    },
                    {
                        "word": "환원력"
                    },
                    {
                        "word": "흡광도"
                    },
                    {
                        "word": "흡광도 값"
                    },
                    {
                        "word": "희석"
                    }
                ]
            }
        ]
    }
}