{
    "dataset_info": {
        "identifier": "02-031-002-NL",
        "name": "기술과학 문서 요약 데이터",
        "category": "자연어",
        "last_updated": "2023-08-30"
    },
    "dataset": {
        "doc_id": "8a2ae4d1-2d19589e-b184-411e-a238-3543513f20eb",
        "doc_type": "논문",
        "doc_title": {
            "kor": "박테리오신 leucocin A를 생산하는 Saccharomyces serevisiae 세포의 제작",
            "eng": ""
        },
        "doc_category": {
            "KDC": "470.5",
            "DDC": ""
        },
        "doc_number": {
            "ISSN": "1225-9918",
            "ISBN": "",
            "DOI": "",
            "UCI": ""
        },
        "doc_year": "2003",
        "doc_author": [
            "이상현"
        ],
        "doc_publisher": "한국생명과학회",
        "doc_license": "CC BY",
        "context_info": [
            {
                "context_id": "55e-0c9-1ea50fca-d042-4a45-89a1-53a12dad9d48",
                "context_K-NSCC": {
                    "field": "생명",
                    "large_category": "LA",
                    "medium_category": "01"
                },
                "context": "<h2>Leucocin A를 생산하는 형질전환 효모세포의 항균활성 측정</h2><p>식품의 부패에 관여하는 고초균 (Bacillus subtilis, ATCC 6633)을 LB 배지를 이용하여 \\( 30^{\\circ} \\mathrm{C} \\)에서 하롯밤 배양하고 사용직전에 이를 100배로 희석하였다. 이 균의 희석액을 aureobacidin A (최종농도 \\( 0.2 \\mu \\mathrm{g} / \\mathrm{ml} \\) )를 첨가한 YPD 고체배지에 도말하였다. 여기에 paper disc를 놓고 leucocin A 유전자를 도입한 효모 배양액과 아무런 조작을 가하지 않은 일반 야생효모 배양액을 \\( 100 \\mu \\mathrm{l} \\) 씩을 paper disc에 접종하였다. 이를 \\( 30^{\\circ} \\mathrm{C} \\)에서 하릇밤 동안 배양한 후 항균작용에 의해 형성된 생육억제환(clear zone)을 비교 · 관찰하였다.</p><h2>형질전환 효모로부터 플라스미드 DNA의 분리 및 leucocin A 유전자의 확인</h2><p>형질전환 효모를 aureobacidin A (최종농도 \\( 0.2 \\mu \\mathrm{g} / \\mathrm{ml} \\) )를 첨가한 YPD 배지 \\( 4 \\mathrm{ml} \\)에 접종하여 \\( 30^{\\circ} \\mathrm{C} \\)에서 하룻밤 동안 배양한 후, 원심분리 \\( (14,000 \\times \\mathrm{g} \\), 5 분)하여 균체를 회수하였다. 여기에 yeast lysis buffer (\\(2\\%\\) Triton X-100, \\( 1 \\% \\) SDS, \\( 10 \\mathrm{mM} \\) tris-\\(\\mathrm{HCl}\\) (\\(\\mathrm{pH} 8.0\\)) buffer, \\( 1 \\mathrm{mM} \\) EDTA)를 \\( 200 \\mu \\mathrm{l} \\)을 넣어 균체를 현탁한 후, acid-washed glass beads (425-600 \\( \\mathrm{m} \\), Sigma \\(\\#\\)G-8772) \\( 0.3 \\mathrm{~g} \\) 과 phenol/ \\( \\mathrm{CHCl}_{3} \\) 용액 \\( 200 \\mu \\mathrm{l} \\)를 넣고 2분간 vortex하였다. 이것을 원심분리(\\(14,000 \\times \\mathrm{g} \\), 10분)하여 상등액을 새로운 tube에 옮기고, 여기에 glycogen 1 \\( \\mu \\mathrm{l} \\), \\(5 \\mathrm{M} \\mathrm{LiCl} \\) 용액 \\( 20 \\mu \\mathrm{l} \\), 차가운 에탄올 \\( 500 \\mu \\mathrm{l}\\)를 넣은 후, 원심분리(\\(14,000 \\times \\mathrm{g} \\), 10분)하여 플라스미드 DNA를 침전시켰다. 침전된 DNA는 차가운 \\( 70 \\% \\) 에탄올로 세정한 후 건조시키고, 초순수 \\( 20 \\mu \\mathrm{l}\\) 에 녹였다.</p><p>효모로부터 회수된 플라스미드 DNA의 확인은 leucocin A에 특이적인 primer를 이용한 PCR(polymerase chain reaction) 법으로 행하였다. 회수된 플라스미드 DNA \\( 50 \\mathrm{ng} \\)과 leucocin A에 특이적인 primer인 Leuco4-F (23 mer, 5'-CTCGAGAAGTATTATGGTAACGG-3')와 Leuco5-R (26 mer, 5'-GGGCCCTTACCAGAAACCATTTCCAC-3')을 각각 \\( 10 \\mathrm{pmol} \\)씩 사용하여 PCR 반응을 행하였다. PCR 반응산물은 \\( 2 \\% \\)의 agarose gel에 전기영동하여 그 위치를 확인하였다.</p>",
                "context_length": 1830,
                "clue": [
                    {
                        "clue_text": "식품의 부패에 관여하는 고초균 (Bacillus subtilis, ATCC 6633)을 LB 배지를 이용하여 \\( 30^{\\circ} \\mathrm{C} \\)에서 하롯밤 배양하고 사용직전에 이를 100배로 희석하였다.",
                        "clue_start": "47",
                        "clue_end": "168"
                    },
                    {
                        "clue_text": "이 균의 희석액을 aureobacidin A (최종농도 \\( 0.2 \\mu \\mathrm{g} / \\mathrm{ml} \\) )를 첨가한 YPD 고체배지에 도말하였다.",
                        "clue_start": "169",
                        "clue_end": "262"
                    },
                    {
                        "clue_text": "여기에 paper disc를 놓고 leucocin A 유전자를 도입한 효모 배양액과 아무런 조작을 가하지 않은 일반 야생효모 배양액을 \\( 100 \\mu \\mathrm{l} \\) 씩을 paper disc에 접종하였다. 이를 \\( 30^{\\circ} \\mathrm{C} \\)에서 하릇밤 동안 배양한 후 항균작용에 의해 형성된 생육억제환(clear zone)을 비교 · 관찰하였다.",
                        "clue_start": "263",
                        "clue_end": "474"
                    },
                    {
                        "clue_text": "이를 \\( 30^{\\circ} \\mathrm{C} \\)에서 하릇밤 동안 배양한 후 항균작용에 의해 형성된 생육억제환(clear zone)을 비교 · 관찰하였다.",
                        "clue_start": "385",
                        "clue_end": "474"
                    }
                ],
                "terminology": [
                    {
                        "word": "ATCC"
                    },
                    {
                        "word": "EDTA"
                    },
                    {
                        "word": "LB 배지"
                    },
                    {
                        "word": "PCR 반응산물"
                    },
                    {
                        "word": "Triton"
                    },
                    {
                        "word": "YPD 고체배지"
                    },
                    {
                        "word": "YPD 배지"
                    },
                    {
                        "word": "acid-washed glass beads"
                    },
                    {
                        "word": "agarose gel"
                    },
                    {
                        "word": "aureobacidin A"
                    },
                    {
                        "word": "glass beads"
                    },
                    {
                        "word": "glycogen"
                    },
                    {
                        "word": "leucocin A 유전자"
                    },
                    {
                        "word": "paper disc"
                    },
                    {
                        "word": "primer"
                    },
                    {
                        "word": "reaction"
                    },
                    {
                        "word": "vortex"
                    },
                    {
                        "word": "yeast lysis buffer"
                    },
                    {
                        "word": "고초균"
                    },
                    {
                        "word": "균체"
                    },
                    {
                        "word": "도말"
                    },
                    {
                        "word": "배양"
                    },
                    {
                        "word": "배양액"
                    },
                    {
                        "word": "상등액"
                    },
                    {
                        "word": "생육억제환"
                    },
                    {
                        "word": "야생효모"
                    },
                    {
                        "word": "에탄올"
                    },
                    {
                        "word": "원심분리"
                    },
                    {
                        "word": "전기영동"
                    },
                    {
                        "word": "접종"
                    },
                    {
                        "word": "초순수"
                    },
                    {
                        "word": "플라스미드 DNA"
                    },
                    {
                        "word": "항균작용"
                    },
                    {
                        "word": "항균활성"
                    },
                    {
                        "word": "현탁"
                    },
                    {
                        "word": "형질전환 효모"
                    },
                    {
                        "word": "효모세포"
                    },
                    {
                        "word": "희석"
                    }
                ]
            },
            {
                "context_id": "55e-0c9-21851633-92a2-47b7-85fd-576fd835078d",
                "context_K-NSCC": {
                    "field": "생명",
                    "large_category": "LA",
                    "medium_category": "01"
                },
                "context": "<h1>서론</h1><p>제조된 식품을 시중에서 장기간 보존하다보면 부패하기 마련이다. 식품의 보존상의 어려움을 극복하기 위하여 식품 산업업계들이 선택하고 있는 방법으로 식품보존료를 들 수 있는데, 흔히 사용하고 있는 식품보존료로서 안식향산나트륨 (sodium benzoate)과 소르빈산칼륨 (potassium sorbate)을 들 수 있는데 이들은 탁월한 항균효과를 가지고 있기 때문에 현재 다양한 식품의 보존료로 사용되고 있다. 하지만 이들 물질들은 화학적으로 생산된 보존료이기 때문에, 최근 생활수준의 향상으로 식품에 대하여 이들의 본래의 역할인 영양공급 뿐 만 아니라 그 기능성에도 관심이 고조되고 있는 현재, 소비자들은 점점 화학물질이 첨가되어 있지 않고 천연 원료만으로 제조된 식품을 선호하는 경향이 강해지고 있어 건강보조식품으로서의 기능을 강조하고 있는 식품의 보존료로 쓰기에는 부적합한 것으로 판단된다.</p><p>유산균(lactic acid bacteria)은 식품의 발효에 관여하는 중요한 세균이다. 우리조상들은 오래 전부터 야채의 장기보존을 위하여 이를 발효시켜 김치를 만들어 먹었는데, 김치의 발효에 있어서도 Leuconostoc mesenteroides라는 유산균이 관여한다. 우유를 원료로 이를 발효하여 저장성과 풍미를 개선한 제품이 유산균음료인 요구르트이다. 이러한 발효식품들의 발효후의 저장성 개선효과의 원인을 조사한 결과, 유산발효에 의한 식품내의 산농도의 증가로 병원성 혹은 부패성 미생물이 생육하기에 부적합한 환경을 만드는 효과와 함께 이들 유산균이 생산하는 항균물질 (antibacterial substance)에 의한 잡균생육의 저해효과를 확인할 수 있었다. 이들 세균이 생산하는 항균성 물질을 총칭하여 박테리오신(bacteriocin)이라 한다. 지금까지 다양한 종류의 생물들로부터 많은 종류의 항균성 펩티드들이 발견되었는데, 이들은 다시 이들의 일차구조(아미노산 배열), 합성경향 (리보솜성과 비리보솜성), 합성 후의 수식양상, 입체구조 (선상, 원형, \\( a \\)-나선, \\( \\beta \\)-시트) 등의 특징에 따라 다음의 6종류의 그룹으로 나뉜다. 즉, gramicidins을 포함하는 항생물질 (비리보솜성 합성), nisin을 포함하는 lantibiotics (lantionine을 포함하는 펩티드), 포유동물의 defensin, 개구리의 magainins, 곤충의 cecropins 등을 포함하는 숙주방어펩티드, 벌의 독소-melittin을 포함하는 항균활성소유 용혈성 펩티드, 세균성 세포용해제-Streptococcus aureus \\( \\delta \\)-toxin을 포함하는 항균활성소유 용혈성 펩티드, lactocins, pediocins 등을 포함하는 박테리오신 (bacteriocin)등이다.</p><p>이들 중, Lactobacillus lactis와 이들이 생산하는 박테리오신인 nisin은 오랜 기간동안 식품, 특히 유제품의 보존에 응용해 왔다. Nisin은 또한 미국의 FDA로부터 식품첨가물로서의 안정성을 인정받았다. 박테리오신의 이러한 유용성 때문에 현재까지 많은 종류의 미생물들로부터 다양한 종류의 박테리오신들이 발견되고 연구되어져 왔다. 식품에 대한 보존력이 뛰어나고 안정성 또한 확인된 이러한 박테리오신을 실제로 식품을 보존하는데 사용하려면 낮은 단가로 대량공급이 가능해야 한다. 하지만 이들 박테리오신 중 제품화되어있는 것은 nisin 한 종류뿐이다. 이러한 nisin 조차도 연구를 목적으로 하는 시약급으로 공급되고 있어 매우 고가이기 때문에 식품에 응용하기가 불가능하다. 또한 박테리오신을 생산하는 균주는 대부분이 유산균으로 이를 직접 사용할 경우 박테리오신 이외에 부산물로 생성되는 젖산이 발효산물에 제품에 산미를 부여하기 때문에 제품의 풍미를 변화시키는 악영향을 미친다. 또한 유전공학적 방법으로 박테리오신 유전자를 클로닝하고 이를 이용하여 박테리오신을 생산할 경우, 생산 산물 자체가 항균성을 나타내기 때문에 대장균과 같은 원핵생물을 생산숙주로 사용할 경우 숙주의 생장을 저해하여 대량생산이 힘들어진다.</p><p>식품에 응용 가능한 박테리오신은 크게 2 종류로 나눌 수 있는데, nisin과 같이 펩티드가 합성된 후 구성 아미노산에 수식이 일어나 lantionine이라는 특수한 아미노산을 가지는 lantibiotic과 pediocin과 같이 합성 후 아미노산에 수식이 일어나지 않는 non-lantionine-containing bacteriocin으로 구성되어 진다. 이들 중, lantibiotic은 이를 생산하는 원래의 미생물인 유산균이 아닌 효모에 그 유전자를 도입하여 생산할 경우 합성 후 아미노산의 수식이 일어나지 않아 제 기능을 할 수 없는 펩티드만 생산하게 된다. Leucocin A와 같이 합성된 후 아미노산의 수식을 필요로 하지 않는 bacteriocin은 이들 유전자를 효모에 도입하여 항균활성을 가지는 효모균을 제작하려는 본 실험의 목적에 적합한 대상이다. 또한 leucocin A의 특징과 일차구조 및 유전자의 염기배열에 관해서는 이미 상세히 연구되어 있다.</p><p>본 연구에서는 부패하기 쉬운 식품들의 보존성을 향상시키거나, 내성이 생긴 병원균의 생육저해를 위한 항생제로 사용하기 위해 유전공학적 기법을 동원하여 효모로 하여금 leucocin A를 생산하게 하여 이를 산업적 생산 공정에 적용할 수 있도록 하려한다.</p>",
                "context_length": 2656,
                "clue": [
                    {
                        "clue_text": "유산발효에 의한 식품내의 산농도의 증가로 병원성 혹은 부패성 미생물이 생육하기에 부적합한 환경을 만드는 효과와 함께 이들 유산균이 생산하는 항균물질 (antibacterial substance)에 의한 잡균생육의 저해효과를 확인할 수 있었다.",
                        "clue_start": "703",
                        "clue_end": "838"
                    },
                    {
                        "clue_text": "Leucocin A와 같이 합성된 후 아미노산의 수식을 필요로 하지 않는 bacteriocin은 이들 유전자를 효모에 도입하여 항균활성을 가지는 효모균을 제작하려는 본 실험의 목적에 적합한 대상이다.",
                        "clue_start": "2336",
                        "clue_end": "2447"
                    },
                    {
                        "clue_text": "본 연구에서는 부패하기 쉬운 식품들의 보존성을 향상시키거나, 내성이 생긴 병원균의 생육저해를 위한 항생제로 사용하기 위해 유전공학적 기법을 동원하여 효모로 하여금 leucocin A를 생산하게 하여 이를 산업적 생산 공정에 적용할 수 있도록 하려한다.",
                        "clue_start": "2512",
                        "clue_end": "2652"
                    }
                ],
                "terminology": [
                    {
                        "word": "FDA"
                    },
                    {
                        "word": "Lactobacillus"
                    },
                    {
                        "word": "Leuconostoc"
                    },
                    {
                        "word": "Nisin"
                    },
                    {
                        "word": "acid"
                    },
                    {
                        "word": "bacteria"
                    },
                    {
                        "word": "bacteriocin"
                    },
                    {
                        "word": "benzoate"
                    },
                    {
                        "word": "cecropins"
                    },
                    {
                        "word": "lantibiotic"
                    },
                    {
                        "word": "lantionine"
                    },
                    {
                        "word": "leucocin A"
                    },
                    {
                        "word": "pediocins"
                    },
                    {
                        "word": "sorbate"
                    },
                    {
                        "word": "구성 아미노산"
                    },
                    {
                        "word": "균주"
                    },
                    {
                        "word": "박테리오신 유전자"
                    },
                    {
                        "word": "발효"
                    },
                    {
                        "word": "발효산물"
                    },
                    {
                        "word": "병원균"
                    },
                    {
                        "word": "병원성"
                    },
                    {
                        "word": "보존료"
                    },
                    {
                        "word": "부패성 미생물"
                    },
                    {
                        "word": "생산숙주"
                    },
                    {
                        "word": "생육저해"
                    },
                    {
                        "word": "생장"
                    },
                    {
                        "word": "소르빈산칼륨"
                    },
                    {
                        "word": "숙주"
                    },
                    {
                        "word": "시약급"
                    },
                    {
                        "word": "식품보존료"
                    },
                    {
                        "word": "안식향산나트륨"
                    },
                    {
                        "word": "염기배열"
                    },
                    {
                        "word": "용혈성"
                    },
                    {
                        "word": "원핵생물"
                    },
                    {
                        "word": "유산균"
                    },
                    {
                        "word": "유산발효"
                    },
                    {
                        "word": "유전공학적 방법"
                    },
                    {
                        "word": "일차구조"
                    },
                    {
                        "word": "입체구조"
                    },
                    {
                        "word": "잡균생육"
                    },
                    {
                        "word": "저해"
                    },
                    {
                        "word": "젖산"
                    },
                    {
                        "word": "클로닝"
                    },
                    {
                        "word": "펩티드"
                    },
                    {
                        "word": "합성"
                    },
                    {
                        "word": "항균물질"
                    },
                    {
                        "word": "항균성"
                    },
                    {
                        "word": "항균활성"
                    },
                    {
                        "word": "항균효과"
                    },
                    {
                        "word": "항생물질"
                    },
                    {
                        "word": "항생제"
                    },
                    {
                        "word": "효모"
                    },
                    {
                        "word": "효모균"
                    }
                ]
            },
            {
                "context_id": "55e-0c9-039e0121-3c27-429c-ad39-c405861cfe14",
                "context_K-NSCC": {
                    "field": "생명",
                    "large_category": "LA",
                    "medium_category": "01"
                },
                "context": "<h1>재료 및 방법</h1><h2>시약 및 배지</h2><p>제한효소, T4 polynucleotide kinase, DNA ligation kit ver. 2, Taq DNA polymerase는 Takara Korea (Seoul, Korea)에서 구입하였다.</p><p>유전자 클로닝을 위한 숙주로는 대장균 세포 \\( ( \\) E. coli DH5 \\(\\alpha\\))를 사용하였다. 대장균은 LB 배지 ( \\( 1 \\% \\) bacto tryptone, \\( 0.5 \\% \\) yeast extract, \\( 0.5 \\% \\mathrm{NaCl} \\) )를 이용하여 \\( 37^{\\circ} \\mathrm{C} \\)에서 배양하였다. 대장균 형질전환체의 선별을 위해서는 LB 배지에 ampicillin이 최종농도가 \\( 100 \\mu \\mathrm{g} / \\mathrm{ml} \\) 가 되게 첨가하여 사용하였다. 고체배지는 LB 배지에 한천 (agar)을 \\( 1.5 \\% \\)가 되도록 첨가하여 제작하였다.</p><p>효모의 배양에는 YPD 배지 (\\(1\\%\\) yeast extract, \\( 2 \\% \\) polypeptone, \\( 2 \\% \\) D-glucose)를 사용하였다. 효모의 발현 플라스미드는 alcohol dehydrogenase promoter(ADH)에 의해 발현이 유도되는 pAUR123 (Takara Korea, Seoul Korea)을 사용하였다. 효모의 형질전환에는 yeast transformation system (Clontech, USA)을 이용한 lithium acetate 법을 사용하였다. 형질전환된 효모의 선별에는 YPD 배지에 aureobacidin A (Takara Korea, Seoul Korea)를 최종농도가 \\( 0.2 \\mu \\mathrm{g} / \\mathrm{ml} \\)가 되게 첨가한 배지를 사용하였다.</p><h2>박테리오신 유전자의 합성 및 효모발현 플라스미드의 제작</h2><p>개시코돈과 종지코돈을 포함하는 \\( 117 \\mathrm{bp} \\) 길이의 leucocin A유전자를 효모발현 벡터에 삽입하기 위해 leucocin A 유전자의 상류부위와 하류부위에 해당하는 oligo DNA를 각각 합성하였다. Leucocin A 유전자의 용이한 클로닝을 위하여 leucocin A 유전자의 5' 부위에 해당하는 합성 oligo DNA에는 개시코돈인 ATG와 제한효소 XhoI 부위를, 3' 부위에 해당하는 합성 oligo DNA에는 종지코돈인 TAA와 제한효소 XbaI부위를 도입하여 제작하였다. 합성된 두 가닥의 oligo DNA들을 서로 annealing하여 이중쇄 DNA를 만들고 이를 인산화시킨다. 각각 절반씩 제작된 leucocin A를 코드하는 이중쇄 유전자 단편들을 효모 발현 벡터인 pAUR123의 XhoI 부위와 XbaI 부위에 연결한다. 이렇게 제작된 재조합 DNA를 대장균 (DH5\\(\\alpha\\))에 형질전환시킨 후, 이로부터 플라스미드 DNA를 분리하고 제한효소를 이용하여 재조합 DNA를 확인하였다. 이렇게 제작된 leucocin A를 발현하는 효모용 플라스미드는 pAUR-LeucoA (7,099 bp)라고 명명하였다.</p><h2>Leucocin A 유전자를 도입시킨 효모세포의 제조</h2><p>발현 플라스미드 pAUR-LeucoA를 yeast transformation system (Clontech, USA)을 이용한 lithium acetate 법에 의해 효모세포 (Sacchromyces cerevisiae, ATCC 9763)에 형질전환시켰다. 형질전환이 이루어진 효모세포는 YPD 배지에 aureobacidin A (최종농도 \\( 0.2 \\mu \\mathrm{g} / \\mathrm{ml} \\) )가 첨가된 선별배지에 접종하여 \\( 30^{\\circ} \\mathrm{C} \\)에서 3일간 배양하였다.</p>",
                "context_length": 1918,
                "clue": [
                    {
                        "clue_text": "유전자 클로닝을 위한 숙주로는 대장균 세포 \\( ( \\) E. coli DH5 \\(\\alpha\\))를 사용하였다.",
                        "clue_start": "155",
                        "clue_end": "218"
                    },
                    {
                        "clue_text": "이렇게 제작된 재조합 DNA를 대장균 (DH5\\(\\alpha\\))에 형질전환시킨 후, 이로부터 플라스미드 DNA를 분리하고 제한효소를 이용하여 재조합 DNA를 확인하였다.",
                        "clue_start": "1418",
                        "clue_end": "1513"
                    },
                    {
                        "clue_text": "발현 플라스미드 pAUR-LeucoA를 yeast transformation system (Clontech, USA)을 이용한 lithium acetate 법에 의해 효모세포 (Sacchromyces cerevisiae, ATCC 9763)에 형질전환시켰다.",
                        "clue_start": "1626",
                        "clue_end": "1770"
                    },
                    {
                        "clue_text": "형질전환이 이루어진 효모세포는 YPD 배지에 aureobacidin A (최종농도 \\( 0.2 \\mu \\mathrm{g} / \\mathrm{ml} \\) )가 첨가된 선별배지에 접종하여 \\( 30^{\\circ} \\mathrm{C} \\)에서 3일간 배양하였다.",
                        "clue_start": "1771",
                        "clue_end": "1914"
                    }
                ],
                "terminology": [
                    {
                        "word": "ATCC"
                    },
                    {
                        "word": "D-glucose"
                    },
                    {
                        "word": "DNA ligation kit"
                    },
                    {
                        "word": "E. coli"
                    },
                    {
                        "word": "LB 배지"
                    },
                    {
                        "word": "T4"
                    },
                    {
                        "word": "TAA"
                    },
                    {
                        "word": "Takara Korea"
                    },
                    {
                        "word": "Taq DNA polymerase"
                    },
                    {
                        "word": "XbaI"
                    },
                    {
                        "word": "XhoI"
                    },
                    {
                        "word": "YPD 배지"
                    },
                    {
                        "word": "alcohol dehydrogenase promoter"
                    },
                    {
                        "word": "ampicillin"
                    },
                    {
                        "word": "annealing"
                    },
                    {
                        "word": "aureobacidin A"
                    },
                    {
                        "word": "bp"
                    },
                    {
                        "word": "leucocin A"
                    },
                    {
                        "word": "leucocin A 유전자"
                    },
                    {
                        "word": "lithium acetate 법"
                    },
                    {
                        "word": "oligo DNA"
                    },
                    {
                        "word": "pAUR-LeucoA"
                    },
                    {
                        "word": "polynucleotide kinase"
                    },
                    {
                        "word": "yeast transformation system"
                    },
                    {
                        "word": "개시코돈인"
                    },
                    {
                        "word": "고체배지"
                    },
                    {
                        "word": "대장균 세포"
                    },
                    {
                        "word": "박테리오신 유전자"
                    },
                    {
                        "word": "발현 플라스미드"
                    },
                    {
                        "word": "배양"
                    },
                    {
                        "word": "선별배지"
                    },
                    {
                        "word": "숙주"
                    },
                    {
                        "word": "유전자 클로닝"
                    },
                    {
                        "word": "이중쇄 DNA"
                    },
                    {
                        "word": "이중쇄 유전자"
                    },
                    {
                        "word": "재조합 DNA"
                    },
                    {
                        "word": "접종"
                    },
                    {
                        "word": "제한효소"
                    },
                    {
                        "word": "종지코돈"
                    },
                    {
                        "word": "최종농도"
                    },
                    {
                        "word": "플라스미드 DNA"
                    },
                    {
                        "word": "하류부위"
                    },
                    {
                        "word": "한천"
                    },
                    {
                        "word": "합성"
                    },
                    {
                        "word": "형질전환"
                    },
                    {
                        "word": "형질전환체"
                    },
                    {
                        "word": "효모발현 벡터"
                    },
                    {
                        "word": "효모세포"
                    },
                    {
                        "word": "효모용"
                    }
                ]
            },
            {
                "context_id": "55e-0c9-cff805f1-38a3-44d6-9c72-3f764dbce4e3",
                "context_K-NSCC": {
                    "field": "생명",
                    "large_category": "LA",
                    "medium_category": "01"
                },
                "context": "<h1>결과 및 고찰</h1><h2>Leucocin A 유전자의 합성</h2><p>Leucocin A 유전자의 일차구조는 이미 보고되어 있지만 이 유전자를 클로닝하려면 leucocin A를 생산하는 Leuconostoc gelidum UAL 187 균주를 구입하고 배양한 후 이 균주로부터 추출한 DNA를 주형으로 leucocin A의 유전자 부위를 인식하는 primer DNA를 합성하여 PCR법으로 증폭하거나 Southern hybridization법으로 이 유전자부위를 검출해내어야 한다. 이러한 방법은 매우 번거롭고 힘든 작업이라 할 수 있다. 하지만 다행히도 이 박테리오신은 아미노산 37개로 구성된 짧은 펩티드이기 때문에 이를 DNA로 환산하면 \\( 111 \\mathrm{bp} \\) 정도의 길이에 지나지 않는다. 최근 oligo DNA의 합성기술의 발달로 \\( 100 \\mathrm{bp} \\) 정도의 길이의 DNA는 쉽게 합성이 가능하기 때문에 박테리오신 유전자의 전후 부위를 \\( 60 \\mathrm{bp} \\) 정도씩 나누어서 합성한 후, 이들을 서로 DNA 연결효소로 연결하여 이 유전자를 클로닝할 수 있다. 합성된 두 가닥의 oligo DNA를 서로 annealing하여 얻어진 이중쇄 DNA를 효모발현 벡터인 pAUR123의 제한효소 XhoI-XbaI 부위에 삽입하여 효모발현 플라스미드를 얻었다. 이러한 방법으로 유산균의 일종인 L. gelidum UAL 187 유래의 leucocin A 유전자의 합성에 성공하였다. Leucocin A 는 모두 \\( 117 \\mathrm{bp} \\) 길이의 염기로 되어 있으며 아미노산 37개로 구성되어 있다.</p><h2>Leucocin A를 생산하는 형질전환 효모의 제작</h2><p>효모(Saccharomyces cerevisiae)를 YPD 배지 \\( 4 \\mathrm{ml} \\)에 배양한 후, TE로 효모를 세정하여 집균한 후, leucocin A의 효모발현 플라스미드로 형질전환시켰다. 이렇게 제작된 leucocin A를 생산하는 효모는 선별배지인 aureobacidin A (최종농도 \\( 0.2 \\mu \\mathrm{g} / \\mathrm{ml}) \\)를 포함하는 YPD 배지에서 선별하였다. 그 결과, leucocin A 발현 유전자가 도입된 형질전환 효모를 얻었다. 형질전환 효모의 효과적인 선별을 위하여 선별 마커로 사용되는 aureobacidin A의 최종농도를 \\( 0.1 \\mu \\mathrm{g} / \\mathrm{ml} \\)에서 \\( 0.5 \\mu \\mathrm{g} / \\mathrm{ml} \\) 까지 다양하게 하여 형질전환 효모 콜로니의 형성효율을 검토하였다. 그 결과, 이 연구에서 사용한 효모의 경우는 aureobacidin A의 최종농도가 \\( 0.2 \\mu \\mathrm{g} / \\mathrm{ml} \\) 에서 가장 효과적으로 형질전환 콜로니를 형성하였다. Aureobacidin A의 최종농도가 너무 낮으면 콜로니 형성은 원활하지만 형질 전환되지 않은 야생효모의 콜로니의 형성빈도가 높아지고, 최종농도가 너무 높으면 콜로니 형성이 되지 않거나 형성에 많은 시간을 요한다는 사실을 확인할 수 있었다.</p><h2>형질전환 효모의 leucocin A 생산능의 확인</h2><p>부패균의 일종인 고초균(Bacillus subtilis)을 액체배지에 배양한 후, 이를 aureobacidin A (최종농도 \\( 0.2 \\mu \\mathrm{g} / \\mathrm{ml} \\) )를 포함하는 YPD 괴체배지 전체에 접종하였다. 여기에 야생효모와 형질전환 효모를 일정부위에 접종하여 항균활성에 의해 생성된 생육억제환(clear zone)을 비교 · 분석한 결과, 플라스미드가 도입된 효모만이 고초균의 생육을 효과적으로 억제하는 것이 확인되었다.</p><h2>형질전환 효모로부터 분리된 플라스미드로부터 leucocin A유전자의 확인</h2><p>형 질 전환된 효모로부터 leucocin A 유전자를 포함하는 플라스미드 DNA를 분리하였고, 이를 이용하여 leucocin A 유전자에 특이적인 primer를 이용하여 PCR을 행한 결과, leucocin A 유전자에 해당하는 약 \\( 120 \\mathrm{bp} \\)의 유전자 단편이 확인되었다. 이 결과로 형질전환 효모가 나타내는 고초균에 대한 항균활성이 효모 자체에 의한 항균활성이 아닌 형질전환에 의해 도입된 leucocin A 발현 플라스미드에 의한 것이라는 사실을 확인할 수 있었다.</p><p>이 연구의 결과로 부패하기 쉬운 식품들의 보존성을 향상시키거나, 내성이 생긴 병원균의 생육을 저해하기 위한 항생제로 사용할 수 있는 박테리오신을 산업적으로 대량생산할 수 있는 효모세포를 제작하였다. 재조합 DNA 기술을 이용하여 유용 유전자 산물의 효율적인 생산을 위해서는 대상 유전자 산물인 단백질의 특성에 따라 사용하는 숙주(host)롤 잘 선택해야 한다. 이 연구의 대상인 leucocin A는 세균의 생육을 억제하는 항균활성을 가지는 단백질이기 때문에 대장균과 같은 세균세포를 생산숙주로 이용할 경우 생산이 불가능한 경우가 많다. 이 연구에서 사용한 생산숙주인 효모의 경우는 박테리오신에 의해 생육 저해를 받는 원핵생물과는 달리 진핵생물이지만 배양이 용이하며 생육속도가 비교적 빠르기 때문에 특수한 유전자 산물을 생산하는데 자주 사용되는 숙주세포이다.</p>",
                "context_length": 2638,
                "clue": [
                    {
                        "clue_text": "Leucocin A 유전자의 일차구조는 이미 보고되어 있지만 이 유전자를 클로닝하려면 leucocin A를 생산하는 Leuconostoc gelidum UAL 187 균주를 구입하고 배양한 후 이 균주로부터 추출한 DNA를 주형으로 leucocin A의 유전자 부위를 인식하는 primer DNA를 합성하여 PCR법으로 증폭하거나 Southern hybridization법으로 이 유전자부위를 검출해내어야 한다.",
                        "clue_start": "46",
                        "clue_end": "276"
                    },
                    {
                        "clue_text": "하지만 다행히도 이 박테리오신은 아미노산 37개로 구성된 짧은 펩티드이기 때문에 이를 DNA로 환산하면 \\( 111 \\mathrm{bp} \\) 정도의 길이에 지나지 않는다.",
                        "clue_start": "309",
                        "clue_end": "405"
                    },
                    {
                        "clue_text": "형질전환 효모의 효과적인 선별을 위하여 선별 마커로 사용되는 aureobacidin A의 최종농도를 \\( 0.1 \\mu \\mathrm{g} / \\mathrm{ml} \\)에서 \\( 0.5 \\mu \\mathrm{g} / \\mathrm{ml} \\) 까지 다양하게 하여 형질전환 효모 콜로니의 형성효율을 검토하였다.",
                        "clue_start": "1146",
                        "clue_end": "1318"
                    },
                    {
                        "clue_text": "부패균의 일종인 고초균(Bacillus subtilis)을 액체배지에 배양한 후, 이를 aureobacidin A (최종농도 \\( 0.2 \\mu \\mathrm{g} / \\mathrm{ml} \\) )를 포함하는 YPD 괴체배지 전체에 접종하였다.",
                        "clue_start": "1612",
                        "clue_end": "1748"
                    },
                    {
                        "clue_text": "형 질 전환된 효모로부터 leucocin A 유전자를 포함하는 플라스미드 DNA를 분리하였고, 이를 이용하여 leucocin A 유전자에 특이적인 primer를 이용하여 PCR을 행한 결과, leucocin A 유전자에 해당하는 약 \\( 120 \\mathrm{bp} \\)의 유전자 단편이 확인되었다.",
                        "clue_start": "1926",
                        "clue_end": "2093"
                    }
                ],
                "terminology": [
                    {
                        "word": "Bacillus subtilis"
                    },
                    {
                        "word": "L. gelidum UAL 187"
                    },
                    {
                        "word": "Leucocin A 유전자"
                    },
                    {
                        "word": "Leuconostoc"
                    },
                    {
                        "word": "Leuconostoc gelidum UAL 187"
                    },
                    {
                        "word": "PCR"
                    },
                    {
                        "word": "PCR법"
                    },
                    {
                        "word": "Saccharomyces cerevisiae"
                    },
                    {
                        "word": "Southern hybridization법"
                    },
                    {
                        "word": "TE"
                    },
                    {
                        "word": "XhoI-XbaI"
                    },
                    {
                        "word": "YPD 배지"
                    },
                    {
                        "word": "annealing"
                    },
                    {
                        "word": "aureobacidin A"
                    },
                    {
                        "word": "cerevisiae"
                    },
                    {
                        "word": "leucocin A"
                    },
                    {
                        "word": "oligo DNA"
                    },
                    {
                        "word": "pAUR123"
                    },
                    {
                        "word": "primer DNA"
                    },
                    {
                        "word": "고초균"
                    },
                    {
                        "word": "괴체배지"
                    },
                    {
                        "word": "균주"
                    },
                    {
                        "word": "단백질"
                    },
                    {
                        "word": "박테리오신 유전자"
                    },
                    {
                        "word": "발달"
                    },
                    {
                        "word": "발현 유전자"
                    },
                    {
                        "word": "발현 플라스미드"
                    },
                    {
                        "word": "배양"
                    },
                    {
                        "word": "병원균"
                    },
                    {
                        "word": "부패균"
                    },
                    {
                        "word": "생산능"
                    },
                    {
                        "word": "생산숙주"
                    },
                    {
                        "word": "생육"
                    },
                    {
                        "word": "생육속도"
                    },
                    {
                        "word": "생육억제환"
                    },
                    {
                        "word": "선별 마커"
                    },
                    {
                        "word": "숙주"
                    },
                    {
                        "word": "숙주세포"
                    },
                    {
                        "word": "아미노산"
                    },
                    {
                        "word": "액체배지"
                    },
                    {
                        "word": "야생효모"
                    },
                    {
                        "word": "연결효소"
                    },
                    {
                        "word": "염기"
                    },
                    {
                        "word": "유산균"
                    },
                    {
                        "word": "유용 유전자 산물"
                    },
                    {
                        "word": "유전자 단편"
                    },
                    {
                        "word": "이중쇄 DNA"
                    },
                    {
                        "word": "일차구조"
                    },
                    {
                        "word": "재조합 DNA 기술"
                    },
                    {
                        "word": "저해"
                    },
                    {
                        "word": "접종"
                    },
                    {
                        "word": "제한효소"
                    },
                    {
                        "word": "진핵생물"
                    },
                    {
                        "word": "집균"
                    },
                    {
                        "word": "최종농도"
                    },
                    {
                        "word": "콜로니 형성"
                    },
                    {
                        "word": "펩티드"
                    },
                    {
                        "word": "플라스미드 DNA"
                    },
                    {
                        "word": "합성"
                    },
                    {
                        "word": "항균활성"
                    },
                    {
                        "word": "항생제"
                    },
                    {
                        "word": "형성효율"
                    },
                    {
                        "word": "형질전환 콜로니"
                    },
                    {
                        "word": "형질전환 효모"
                    },
                    {
                        "word": "효모세포"
                    }
                ]
            }
        ]
    }
}