{
    "dataset_info": {
        "identifier": "02-031-002-NL",
        "name": "기술과학 문서 요약 데이터",
        "category": "자연어",
        "last_updated": "2023-08-30"
    },
    "dataset": {
        "doc_id": "31a7cd33-4e5bc8f8-f0a9-48a6-8cb0-b915de6138da",
        "doc_type": "논문",
        "doc_title": {
            "kor": "중추 청각 처리 기능 평가에서 hearing in noise test의 임상적 유용성과 개선점 고찰",
            "eng": ""
        },
        "doc_category": {
            "KDC": "530.2405",
            "DDC": "620.2"
        },
        "doc_number": {
            "ISSN": "1225-4428",
            "ISBN": "",
            "DOI": "",
            "UCI": ""
        },
        "doc_year": "2022",
        "doc_author": [
            "한수희"
        ],
        "doc_publisher": "한국음향학회",
        "doc_license": "CC BY-NC",
        "context_info": [
            {
                "context_id": "55e-0c9-a8199ab0-5944-44dd-a8b2-5c306e9b56ed_01",
                "context_K-NSCC": {
                    "field": "생명",
                    "large_category": "LA",
                    "medium_category": "99"
                },
                "context": "<h2>1.1 노화와 중추청각처리 과정의 평가</h2> <p>말초에서 시작된 노화는 중추청각시스템에도 점진적으로 영향을 주고 있다. 노인 인구에서 어음을 이해하는 데 어려움을 겪는 것은 말초 및 또는 중추 청각 경로의 연령에 따른 손실 때문이며, 노화는 양이간 위상차에 대한 예민한 인지 능력 감소를 유발한다. 이는 단순 청력손실과는 다르게 양이 temporal fine structure 정보를 처리하는 능력에 영향을 미치는 것이며, 소음상황에서의 어음이해에도 손실을 주는 것이다. 이는 양이를 사용하는 중추 청각 정보 처리가 관여되는 과정이다. 이때 노화로 인한 시간적 처리과정 감소의 정확한 원인은 알려져 있지 않지만 neural synchrony의 손실, 신경활동의 둔화, 와우 구심성 시냅스의 손실, 양이 정보의 중추 통합의 손실 등 을 추정해볼 수 있다. 노화와 연관되어 청각 시스템에 발생하는 변화 때문에 많은 노인성 난청 환자들은 말초와 중추 청각계에 변화를 겪게 되는데, 중추 청각 경로에서 발생하는 가장 주요한 영향 중 하나가 어음지각능력의 하락이다. 즉, 노화는 말초 청력손실의 원인뿐 아니라 어음인지의 중추신경생리학적인 변화의 원인이기도 하다. 노화로 인한 가장 큰 문제점은 말초청각 기능 이상이 아닌 반향음 환경이나 소음상황에서의 어음이해에 문제가 있다는 점이라 할 수 있다. 조용한 환경에서는 일반적으로 말소리 인지가 정상 수준을 보이나 소음 조건에서는 탐지나 변별이 어려워지는 현상이다. 소음환경에서의 어음이해에 문제가 생기는 것은 대화나 음악듣기와 같은 다양한 상황에서도 문제를불러 일으킬 수 있다는 것이고, 이것은 사회적 활동에도 많은 제약을 갖게 한다. 요약하면 이러한 노화로 인한 주요 중추 청각 기능의 문제는 시간적 자극 특징에 대한 민감한 반응 감소와 선택적 주의 집중 능력의 퇴화로 요약될 수 있다. 문제는 이렇게 어음이해에 상당한 문제점을 갖고 있는 노인 인구들을 임상적으로 평가하는 도구들이 많지 않지 않다는 점이다. 언급된 시간적 특징의 처리 과정을 평가하는 임상적 검사로 Gap Detection Test(GDT)가 있는데, 이는 시간적 변화 특징에 대한 인지 반응 예민도를 확인할 수 있는 효과적 방법이다. 하지만 상대적으로 긴 검사 시간과 높은 집중력이 필요하다는 특징이 있고, 대상에 따라서 수행에 어려움이 예상되어 추가적 개선이 필요하다.</p> <p>한편 중추 시스템의 노화의 정도를 선별할 수 있는 또 다른 지표가 선택적 분리 능력이다. 노화로 인한 청력손실이 있는 성인의 경우 주의력, 작업 기업, 처리 속도 등에 문제가 발생할 수 있으며, 청각처리를 하기 위해 인지 영역에서 과도한 노력이 소요되는 치매의 초기 증상으로 이어질 수 있다. 피검자가 노인인 경우에 해당 연령의 문장인지 검사를 쉽고 간단하게 실시하는 것이 검사의 신뢰도를 높이는 길이 될 수 있다. 이때 선택할 수 있는 검사가 앞서 언급한 HINT 이다. HINT 검사의 경우 검사 시 들리는 문장을 그대로 따라 말하기만 하면 되며, 검사시간도 30 분 이내로 짧고 간단하다. 또한 diotic 상황과 dichotic 상황에 따라 필요로 하는 SNR도 확인해 볼 수 있다. 국내에서도 이 검사가 개발되어 임상에 사용하고 있다. 그러나 개발 이후 현재 적극적으로 임상 현장에서 사용되고 있지 못한 실정이다. 본 조사에서는 20 대와 70 대의 정상 청력을 가진 대표적 대상자를 상대로 HINT score를 비교해서 차이점을 직접 분석해보고 노인인구에서의 중추청각처리 능력을 평가와 선별에 있어 HINT 검사의 유용성의 확인과 개선점을 판단해보고자 하였다.</p>",
                "context_length": 1782,
                "clue": [
                    {
                        "clue_text": "노인 인구에서 어음을 이해하는 데 어려움을 겪는 것은 말초 및 또는 중추 청각 경로의 연령에 따른 손실 때문이며, 노화는 양이간 위상차에 대한 예민한 인지 능력 감소를 유발한다. 이는 단순 청력손실과는 다르게 양이 temporal fine structure 정보를 처리하는 능력에 영향을 미치는 것이며, 소음상황에서의 어음이해에도 손실을 주는 것이다.",
                        "clue_start": "74",
                        "clue_end": "270"
                    },
                    {
                        "clue_text": "이때 노화로 인한 시간적 처리과정 감소의 정확한 원인은 알려져 있지 않지만 neural synchrony의 손실, 신경활동의 둔화, 와우 구심성 시냅스의 손실, 양이 정보의 중추 통합의 손실 등 을 추정해볼 수 있다. 노화와 연관되어 청각 시스템에 발생하는 변화 때문에 많은 노인성 난청 환자들은 말초와 중추 청각계에 변화를 겪게 되는데, 중추 청각 경로에서 발생하는 가장 주요한 영향 중 하나가 어음지각능력의 하락이다.",
                        "clue_start": "307",
                        "clue_end": "542"
                    },
                    {
                        "clue_text": "이때 선택할 수 있는 검사가 앞서 언급한 HINT 이다. HINT 검사의 경우 검사 시 들리는 문장을 그대로 따라 말하기만 하면 되며, 검사시간도 30 분 이내로 짧고 간단하다. 또한 diotic 상황과 dichotic 상황에 따라 필요로 하는 SNR도 확인해 볼 수 있다. 국내에서도 이 검사가 개발되어 임상에 사용하고 있다.",
                        "clue_start": "1412",
                        "clue_end": "1595"
                    },
                    {
                        "clue_text": "본 조사에서는 20 대와 70 대의 정상 청력을 가진 대표적 대상자를 상대로 HINT score를 비교해서 차이점을 직접 분석해보고 노인인구에서의 중추청각처리 능력을 평가와 선별에 있어 HINT 검사의 유용성의 확인과 개선점을 판단해보고자 하였다.",
                        "clue_start": "1640",
                        "clue_end": "1778"
                    }
                ],
                "terminology": [
                    {
                        "word": "Detection"
                    },
                    {
                        "word": "GDT"
                    },
                    {
                        "word": "Gap"
                    },
                    {
                        "word": "HINT"
                    },
                    {
                        "word": "SNR"
                    },
                    {
                        "word": "dichotic 상황"
                    },
                    {
                        "word": "diotic 상황"
                    },
                    {
                        "word": "neural synchrony"
                    },
                    {
                        "word": "구심성"
                    },
                    {
                        "word": "말초 청력손실"
                    },
                    {
                        "word": "시냅스"
                    },
                    {
                        "word": "신뢰도"
                    },
                    {
                        "word": "어음"
                    },
                    {
                        "word": "예민도"
                    },
                    {
                        "word": "위상차"
                    },
                    {
                        "word": "인지 능력"
                    },
                    {
                        "word": "중추"
                    },
                    {
                        "word": "치매"
                    }
                ]
            },
            {
                "context_id": "55e-0c9-a8199ab0-5944-44dd-a8b2-5c306e9b56ed_00",
                "context_K-NSCC": {
                    "field": "생명",
                    "large_category": "LA",
                    "medium_category": "99"
                },
                "context": "<h1>Ⅰ. 서론</h1> <p>소음상황에서의 어음 이해 능력은 효과적인 의사소통을 위한 중요한 기술이다. 그러나 청력손실이 있는 환자의 경우 소음상황에서의 듣기는 매우 어려운 과제이다. 현재 시행되고 있는 순음 청력검사로 청력의 정도와 유형을 파악하고, 어음검사를 통해 환자의 어음인지능력을 확인할 수 있지만, 조용한 방음실에서 검사가 진행되기 때문에 여러 가지 소음이 많은 일상생활에서의 기능적인 청각능력을 확인하는 데에는 다소 어려움이 있다. 또한 양이의 정보를 빠르게 처리하는 데는 음원의 방향과 소음 상황에서 목표 신호를 감지하는 것이 중요한데, 두 귀의 신호 사이의 시간차이(Interaural Time Difference, ITD/Interaural Phase Difference, IPD)나 강도차이(Interaural Intensity Difference, IID)가 중요한 단서로 사용된다. 이들 정보의 처리는 청각 시스템의 뇌간 수준에서부터 이루어진다. 일상생활에서 청자는 화자에 집중하게 되고, 소음은 화자와는 다른 방향에서 들어오는 경우가 많으므로, 신호와 소음의 위치에 따른 어음명료도에 어떤 차이가 있는지 확인해볼 필요가 있다.</p> <p>소음상황이 말소리 인지에 어느 정도 영향을 미치는지, 말소리 인지에 필요한 신호대잡음비(Signal to Noise Ratio, SNR)에 변화가 있는지를 평가하기 위한 노력으로 소음 속 문장인지 검사(Hearing in Noise Test, HINT) 가 개발되었다. 이 검사는 간단한 회화체 문장의 인지수준을 소음이 없는 경우와 있는 경우 각각 측정하여 정상 범주와 비교하는 검사이다. HINT 검사는 총 12 개의 목록으로 구성되어 있으며, 각 목록 당 20 개의 문장으로 이루어져 있다. HINT 검사에 사용되는 문장의 난이도는 동일하게 조절되며(심리음향 곡선 기울기 기준), 수정상승법을 이용하여 Recognition Threshold for Sentence (RTS) 를 구하는 검사이다. RTS란 검사에 사용되는 문장 중 선별검사에 이용되는 네 문장을 뺀 16 개의 문장 중 반 이상을 맞출 수 있는 레벨을 의미한다. HINT 검사는 헤드폰과 음장검사 조건에서 모두 측정 가능하다. HINT 검사의 가장 큰 목적은 양이의 기능을 동시에 측정하는 것이며, 검사 조건에 따라 소음과 신호가 동시에 들어가는 diotic 조건과 분리되어 들어가는 dichotic 조건 모두를 측정할 수 있는 장점도 있다. 이와 같은 원리는 Binaural Masking Level Difference(BMLD) 효과에 의해 검증될 수 있는데, BMLD 란 양 귀로 소음에 의해 차폐되어 들어오는 신호가 신호와 차폐음에 의해 향상되는 것을 의미하며, 이런 현상은 IID와 ITD 를 처리하기 위한 청각시스템의 기능에 기인하는 것으로 알려져 있다. 이런 BMLD 효과는 단순히 신호와 잡음 간 위상 변화에 따른 신호 탐지 향상뿐 아니라 소음 상황에서의 어음인지도 평가에도 유용하다.</p>",
                "context_length": 1479,
                "clue": [
                    {
                        "clue_text": "소음상황에서의 어음 이해 능력은 효과적인 의사소통을 위한 중요한 기술이다. 그러나 청력손실이 있는 환자의 경우 소음상황에서의 듣기는 매우 어려운 과제이다.",
                        "clue_start": "18",
                        "clue_end": "104"
                    },
                    {
                        "clue_text": "또한 양이의 정보를 빠르게 처리하는 데는 음원의 방향과 소음 상황에서 목표 신호를 감지하는 것이 중요한데, 두 귀의 신호 사이의 시간차이(Interaural Time Difference, ITD/Interaural Phase Difference, IPD)나 강도차이(Interaural Intensity Difference, IID)가 중요한 단서로 사용된다. 이들 정보의 처리는 청각 시스템의 뇌간 수준에서부터 이루어진다.",
                        "clue_start": "251",
                        "clue_end": "488"
                    },
                    {
                        "clue_text": "소음상황이 말소리 인지에 어느 정도 영향을 미치는지, 말소리 인지에 필요한 신호대잡음비(Signal to Noise Ratio, SNR)에 변화가 있는지를 평가하기 위한 노력으로 소음 속 문장인지 검사(Hearing in Noise Test, HINT) 가 개발되었다.",
                        "clue_start": "598",
                        "clue_end": "748"
                    },
                    {
                        "clue_text": "HINT 검사에 사용되는 문장의 난이도는 동일하게 조절되며(심리음향 곡선 기울기 기준), 수정상승법을 이용하여 Recognition Threshold for Sentence (RTS) 를 구하는 검사이다.",
                        "clue_start": "875",
                        "clue_end": "989"
                    },
                    {
                        "clue_text": "이런 BMLD 효과는 단순히 신호와 잡음 간 위상 변화에 따른 신호 탐지 향상뿐 아니라 소음 상황에서의 어음인지도 평가에도 유용하다.",
                        "clue_start": "1401",
                        "clue_end": "1475"
                    }
                ],
                "terminology": [
                    {
                        "word": "BMLD"
                    },
                    {
                        "word": "HINT"
                    },
                    {
                        "word": "Hearing in Noise Test"
                    },
                    {
                        "word": "IID"
                    },
                    {
                        "word": "IPD"
                    },
                    {
                        "word": "ITD"
                    },
                    {
                        "word": "Interaural Time Difference"
                    },
                    {
                        "word": "Masking"
                    },
                    {
                        "word": "RTS"
                    },
                    {
                        "word": "SNR"
                    },
                    {
                        "word": "Signal to Noise Ratio"
                    },
                    {
                        "word": "dichotic 조건"
                    },
                    {
                        "word": "diotic 조건"
                    },
                    {
                        "word": "소음 속 문장인지 검사"
                    },
                    {
                        "word": "수정상승법"
                    },
                    {
                        "word": "순음"
                    },
                    {
                        "word": "순음 청력검사"
                    },
                    {
                        "word": "신호대잡음비"
                    },
                    {
                        "word": "심리음향 곡선"
                    },
                    {
                        "word": "어음 이해 능력"
                    },
                    {
                        "word": "어음인지능력"
                    },
                    {
                        "word": "어음인지도"
                    },
                    {
                        "word": "위상"
                    },
                    {
                        "word": "차폐음"
                    }
                ]
            }
        ]
    }
}