{
    "dataset_info": {
        "identifier": "02-031-002-NL",
        "name": "기술과학 문서 요약 데이터",
        "category": "자연어",
        "last_updated": "2023-08-30"
    },
    "dataset": {
        "doc_id": "8a2ae4d1-2f268318-5941-4e9c-b69c-edfa5596bdeb",
        "doc_type": "논문",
        "doc_title": {
            "kor": "대장균 세포 내 다양한 외부 스트레스에 대한 DPS 단백질의 생리적 기능",
            "eng": ""
        },
        "doc_category": {
            "KDC": "470.5",
            "DDC": ""
        },
        "doc_number": {
            "ISSN": "1225-9918",
            "ISBN": "",
            "DOI": "",
            "UCI": ""
        },
        "doc_year": "2013",
        "doc_author": [
            "이주형",
            "정수진",
            "오훈택",
            "김외연",
            "정영준"
        ],
        "doc_publisher": "한국생명과학회",
        "doc_license": "CC BY",
        "context_info": [
            {
                "context_id": "55e-0c9-38ac7533-a3c4-4511-9db0-eb68c39390a7",
                "context_K-NSCC": {
                    "field": "생명",
                    "large_category": "LA",
                    "medium_category": "01"
                },
                "context": "<h2>열 충격(Heat shock) 및 산화스트레스를 동시에 처리한 스트레스 하에서 DPS 단백질의 대장균 생육에 미치는 영향</h2> <p>생물체는 이들이 살아가는데 필요한 적절한 온도가 유지될 때 생육하며 번식하고 종을 보존하게 된다. 이러한 적정온도를 벗어날 경우, 생물체는 다양한 생체방어 시스템을 구동하여 생존할 수 있도록 노력하지만 이러한 범위를 넘어서면 살지 못하고 죽어가게 된다. 따라서 대장균 세포 내에서 환경적 스트레스를 극복하는 데 중요한 기능을 한다고 보고 된 DPS 단백질이 과산화수소 \\( (0.5 \\mathrm{~mM}) \\)가 존재하는 상태에서 고온을 처리한 열 충격 스트레스에 대해서 방어기능을 수행하는 지를 실험하였다(Fig. 6). Fig. 6A에서 정상적인 성장온도인 \\( 37^{\\circ} \\mathrm{C} \\)에서 야생형 대장균이나 dps유전자가 결손된 \\( \\boldsymbol{\\Delta} \\)dps E.coli 돌연변이 균주 모두 정상적인 성장 속도를 나타내는 것을 확인하였다. 하지만, 강력한 산화 스트레스를 유발하는 과산화수소 \\( (0.5 \\mathrm{~mM}) \\)와 고온 \\( \\left(45^{\\circ} \\mathrm{C}\\right) \\)의 열 충격을 동시에 처리하여 대장균을 배양하였을 때 dps유전자가 결손된 \\( \\boldsymbol{\\Delta} \\)dps E.coli 돌연변이 균주의 생육은 야생형 대장균에 비해 훨씬 심한 영향을 받음으로써 성장속도 저하가 약 \\( 80 \\% \\) 이상 저해됨을 확인함 할 수 있었다. 이러한 결과를 통해서 DPS 단백질은 산화적 스트레스에 의한 대장균 보호기능뿐만 아니라 산화스트레스와 고온의 열 충격을 동시에 처리한 강력한 환경스트레스 상태에서 대단히 중요한 기능을 수행함을 관찰할 수 있었다.</p> <h2>산성 조건 하에서 DPS 단백질이 대장균의 생육에 미치는 영향</h2> <p>생물체 내의DNA는 산성 조건에서 피해를 받아 이로 인하여 depurination과 depyrimidination이 유발되기 때문에 배지의 \\( \\mathrm{pH} \\)는 생물체 성장에 저해효과를 유발하게 된다는 것이 알려져 있다. 뿐만 아니라, 산성 조건에서의 세포질 산성화는 효소의 활성에도 심각한 영향을 주게 되어 활성을 저해시키게 된다. 따라서, 하등생물체인 대장균이나 다른 bacteria는 산성에 노출된 세포가 세포막의 구성을 바꾸는 능력, 선천적인 세포질의 \\( \\mathrm{pH} \\)의 효소에 의한 항상성 조절 그리고 생체 거대분자들의 피해에 대한 복구 혹은 예방을 하는 세 가지 주요한 방어 전략을 가진다는 사실이 알려져 있다. 정상적인 \\( \\mathrm{pH} 7.0\\)의 중성상태 배지에서는 야생형 대장균이나 dps유전자가 결손된 \\( \\boldsymbol{\\Delta} \\) dps E.coli 돌연변이 대장균 균주 모두 잘 성장함을 관찰할 수 있었다. 하지만, 정상보다 낮은 \\( \\mathrm{pH} \\) 조건인 \\( \\mathrm{pH} 5 \\)인 배지에서 야생형 대장균은 비교적 잘 성장하고 있음을 알 수 있었으나, dps유전자가 결손된 \\( \\boldsymbol{\\Delta} \\)dps E.coli 돌연변이 균주는 성장속도가 야생형 대장균에 비하여 약 \\( 20 \\% \\) 정도 더 많은 저해된 생육상태를 보여주었다(Fig. 7). 이 결과에서 볼 수 있듯이, DNA와 결합하여 복합체를 구성하는 DPS 단백질은 대장균이 성장하는 배지 용액의 낮은 \\( \\mathrm{pH} \\) 조건에서 대장균이 성장하는데 매우 중요한 기능을 수행함을 알 수 있었다. 이러한 결과로부터 우리는 DPS 단백질이 DNA와 결합하여 외부의 \\( \\mathrm{pH} \\) 변화에 따른 유전정보 가닥의 파괴를 보호하는 중요한 기능을 수행한다는 것을 규명할 수 있었다.</p>",
                "context_length": 1899,
                "clue": [
                    {
                        "clue_text": "따라서 대장균 세포 내에서 환경적 스트레스를 극복하는 데 중요한 기능을 한다고 보고 된 DPS 단백질이 과산화수소 \\( (0.5 \\mathrm{~mM}) \\)가 존재하는 상태에서 고온을 처리한 열 충격 스트레스에 대해서 방어기능을 수행하는 지를 실험하였다(Fig. 6).",
                        "clue_start": "222",
                        "clue_end": "373"
                    },
                    {
                        "clue_text": "하지만, 강력한 산화 스트레스를 유발하는 과산화수소 \\( (0.5 \\mathrm{~mM}) \\)와 고온 \\( \\left(45^{\\circ} \\mathrm{C}\\right) \\)의 열 충격을 동시에 처리하여 대장균을 배양하였을 때 dps유전자가 결손된 \\( \\boldsymbol{\\Delta} \\)dps E.coli 돌연변이 균주의 생육은 야생형 대장균에 비해 훨씬 심한 영향을 받음으로써 성장속도 저하가 약 \\( 80 \\% \\) 이상 저해됨을 확인함 할 수 있었다.",
                        "clue_start": "521",
                        "clue_end": "781"
                    },
                    {
                        "clue_text": "정상적인 \\( \\mathrm{pH} 7.0\\)의 중성상태 배지에서는 야생형 대장균이나 dps유전자가 결손된 \\( \\boldsymbol{\\Delta} \\) dps E.coli 돌연변이 대장균 균주 모두 잘 성장함을 관찰할 수 있었다.",
                        "clue_start": "1316",
                        "clue_end": "1445"
                    },
                    {
                        "clue_text": "하지만, 정상보다 낮은 \\( \\mathrm{pH} \\) 조건인 \\( \\mathrm{pH} 5 \\)인 배지에서 야생형 대장균은 비교적 잘 성장하고 있음을 알 수 있었으나, dps유전자가 결손된 \\( \\boldsymbol{\\Delta} \\)dps E.coli 돌연변이 균주는 성장속도가 야생형 대장균에 비하여 약 \\( 20 \\% \\) 정도 더 많은 저해된 생육상태를 보여주었다(Fig. 7).",
                        "clue_start": "1446",
                        "clue_end": "1663"
                    },
                    {
                        "clue_text": "이러한 결과로부터 우리는 DPS 단백질이 DNA와 결합하여 외부의 \\( \\mathrm{pH} \\) 변화에 따른 유전정보 가닥의 파괴를 보호하는 중요한 기능을 수행한다는 것을 규명할 수 있었다.",
                        "clue_start": "1788",
                        "clue_end": "1895"
                    }
                ],
                "terminology": [
                    {
                        "word": "DPS 단백질"
                    },
                    {
                        "word": "E.coli"
                    },
                    {
                        "word": "bacteria"
                    },
                    {
                        "word": "depurination"
                    },
                    {
                        "word": "depyrimidination"
                    },
                    {
                        "word": "dps유전자"
                    },
                    {
                        "word": "결손"
                    },
                    {
                        "word": "과산화수소"
                    },
                    {
                        "word": "대장균 균주"
                    },
                    {
                        "word": "대장균 세포"
                    },
                    {
                        "word": "돌연변이 균주"
                    },
                    {
                        "word": "배양"
                    },
                    {
                        "word": "배지"
                    },
                    {
                        "word": "복합체"
                    },
                    {
                        "word": "산성화"
                    },
                    {
                        "word": "산화스트레스"
                    },
                    {
                        "word": "산화적 스트레스"
                    },
                    {
                        "word": "생육"
                    },
                    {
                        "word": "생체방어"
                    },
                    {
                        "word": "세포막"
                    },
                    {
                        "word": "세포질"
                    },
                    {
                        "word": "야생형 대장균"
                    },
                    {
                        "word": "열 충격 스트레스"
                    },
                    {
                        "word": "유전정보"
                    },
                    {
                        "word": "저해"
                    },
                    {
                        "word": "항상성 조절"
                    },
                    {
                        "word": "환경적 스트레스"
                    },
                    {
                        "word": "활성"
                    },
                    {
                        "word": "효소"
                    }
                ]
            },
            {
                "context_id": "55e-0c9-bd4a6774-b0a9-4696-b468-3e7c83e77fd1",
                "context_K-NSCC": {
                    "field": "생명",
                    "large_category": "LA",
                    "medium_category": "01"
                },
                "context": "<h1>재료 및 방법</h1> <h2>균주 및 실험재료</h2> <p>본 실험에 사용한 dps knock-out 대장균(\\( \\boldsymbol{\\Delta} \\)dps E.coli)은 유전자원센터(genetic stock center)에서 주문, 구입하였다. \\( \\boldsymbol{\\Delta} \\)dps E.coli에서 dps유전자의 결손상태를 확인하기 위하여 dps유전자(ACCESSION: NP\\( \\_ \\)41533)를 코딩하는 일부 핵산조각에 대한 염기는 Oligonucleotide Bioneer Co.에서 합성하여 사용하였다.</p> <p>유전자 증폭을 위한 Colony PCR 실험을 위한 FIRE Tag DNA Polymerase 효소는 Solid BioDyne 회사로부터 구입하여 사용하였다.</p> <h2>세포 내 유전자 증폭(Colony Polymerase chain reaction, PCR)</h2> <p>세포 내부의 DNA를 직접 이용하여 유전자 증폭과정(PCR)을 수행하기 위하여 야생형 대장균(WT E. coli)와 dps 유전자가 제거된 대장균(\\( \\boldsymbol{\\Delta} \\)dps E. coli) 세포 \\( 5 \\mu \\mathrm{l} \\)를 2차수 \\( 45 \\mu \\mathrm{l} \\)에 희석시킨 다음, 끓는 물에서 5분간 끓임으로써 세포를 파괴하고 세포내부의 DNA를 용출시키도록 한다. 유전자 증폭과정의 실험을 위하여 유전자 증폭용 프라이머(primer)는 보고된 dps유전자 서열에 근거하여 특이적으로 설계하였다. dps 유전자(504 bp)의 특이적 프라이머의 염기서열 정보는 다음과 같다. dps Forward primer (BamHI)는 5'-GGATCCATGAGCACCGCGAAACTG-3'이고, dps Reverse primer (HindIII)는 5'-AAGCCTTTATTCAATGTTGCTTTCAATAAACCACAG -3'이다. 유전자 증폭 조건은 아래와 같이 실험하였다; \\( 95^{\\circ} \\mathrm{C} \\)에서 5 분간 반응, \\( 95^{\\circ} \\mathrm{C} \\)에서 30 초 반응, \\( 58^{\\circ} \\mathrm{C} \\)에서 30 초와 \\( 72^{\\circ} \\mathrm{C} \\)에서 1분을 35회 반복 반응, \\( 72^{\\circ} \\mathrm{C} \\)에서 10분 반응하였다. 반응하여 증폭된 유전자는 \\( 0.8 \\% \\) 아가로스 겔을 사용하여 전기영동 법에 의하여 유전자의 존재유무와 크기, 이동속도 등을 관찰, 확인하였다.</p> <h2>최소배지에서의 대장균 생장측정</h2> <p>M9 배지 \\( \\mathrm{CaCl}_{2}~ 0.015 \\mathrm{~g} / \\mathrm{l} \\), \\( \\mathrm{Na}_{2} \\mathrm{HPO}_{4} ~6 \\mathrm{~g} / \\mathrm{l} \\), \\( \\mathrm{KH}_{2} \\mathrm{PO}_{4} ~ 3 \\mathrm{~g} / \\mathrm{l} \\), \\( \\mathrm{NaCl} ~ 0.5 \\mathrm{~g} / \\mathrm{l} \\), \\( \\mathrm{NH}_{4} \\mathrm{Cl} ~ 1 \\mathrm{~g} / \\mathrm{l} \\), \\( \\mathrm{MgSO}_{4} ~ 0.5 \\mathrm{~g} / \\mathrm{l} \\), Glucose \\( 2.0 \\mathrm{~g} / \\mathrm{l} \\) 포함) \\( 35 \\mathrm{~ml} \\)에 야생형 대장균과 \\( \\boldsymbol{\\Delta} \\)dps E.coli 세포 \\( 500 ~ \\mu \\mathrm{l} \\)를 최소배지 환경하에서 배양하며 광학분광계(photo-spec-trometer)를 이용하여 세포의 흡광도를 \\( 600 \\mathrm{~nm} \\)에서 한 시간마다 측정하여 48시간 동안 세포생장을 관찰하였다.</p>",
                "context_length": 1939,
                "clue": [
                    {
                        "clue_text": "본 실험에 사용한 dps knock-out 대장균(\\( \\boldsymbol{\\Delta} \\)dps E.coli)은 유전자원센터(genetic stock center)에서 주문, 구입하였다.",
                        "clue_start": "39",
                        "clue_end": "146"
                    },
                    {
                        "clue_text": "세포 내부의 DNA를 직접 이용하여 유전자 증폭과정(PCR)을 수행하기 위하여 야생형 대장균(WT E. coli)와 dps 유전자가 제거된 대장균(\\( \\boldsymbol{\\Delta} \\)dps E. coli) 세포 \\( 5 \\mu \\mathrm{l} \\)를 2차수 \\( 45 \\mu \\mathrm{l} \\)에 희석시킨 다음, 끓는 물에서 5분간 끓임으로써 세포를 파괴하고 세포내부의 DNA를 용출시키도록 한다.",
                        "clue_start": "470",
                        "clue_end": "702"
                    },
                    {
                        "clue_text": "M9 배지 \\( \\mathrm{CaCl}_{2}~ 0.015 \\mathrm{~g} / \\mathrm{l} \\), \\( \\mathrm{Na}_{2} \\mathrm{HPO}_{4} ~6 \\mathrm{~g} / \\mathrm{l} \\), \\( \\mathrm{KH}_{2} \\mathrm{PO}_{4} ~ 3 \\mathrm{~g} / \\mathrm{l} \\), \\( \\mathrm{NaCl} ~ 0.5 \\mathrm{~g} / \\mathrm{l} \\), \\( \\mathrm{NH}_{4} \\mathrm{Cl} ~ 1 \\mathrm{~g} / \\mathrm{l} \\), \\( \\mathrm{MgSO}_{4} ~ 0.5 \\mathrm{~g} / \\mathrm{l} \\), Glucose \\( 2.0 \\mathrm{~g} / \\mathrm{l} \\) 포함) \\( 35 \\mathrm{~ml} \\)에 야생형 대장균과 \\( \\boldsymbol{\\Delta} \\)dps E.coli 세포 \\( 500 ~ \\mu \\mathrm{l} \\)를 최소배지 환경하에서 배양하며 광학분광계(photo-spec-trometer)를 이용하여 세포의 흡광도를 \\( 600 \\mathrm{~nm} \\)에서 한 시간마다 측정하여 48시간 동안 세포생장을 관찰하였다.",
                        "clue_start": "1303",
                        "clue_end": "1935"
                    }
                ],
                "terminology": [
                    {
                        "word": "Bioneer"
                    },
                    {
                        "word": "Colony PCR 실험"
                    },
                    {
                        "word": "E.coli"
                    },
                    {
                        "word": "FIRE Tag DNA Polymerase 효소"
                    },
                    {
                        "word": "Forward primer"
                    },
                    {
                        "word": "Glucose"
                    },
                    {
                        "word": "M9 배지"
                    },
                    {
                        "word": "Oligonucleotide"
                    },
                    {
                        "word": "Polymerase chain"
                    },
                    {
                        "word": "bp"
                    },
                    {
                        "word": "dps Reverse primer"
                    },
                    {
                        "word": "dps knock-out 대장균"
                    },
                    {
                        "word": "dps유전자"
                    },
                    {
                        "word": "knock-out"
                    },
                    {
                        "word": "stock"
                    },
                    {
                        "word": "광학분광계"
                    },
                    {
                        "word": "균주"
                    },
                    {
                        "word": "세포"
                    },
                    {
                        "word": "세포생장"
                    },
                    {
                        "word": "아가로스 겔"
                    },
                    {
                        "word": "야생형 대장균"
                    },
                    {
                        "word": "염기"
                    },
                    {
                        "word": "염기서열"
                    },
                    {
                        "word": "유전자 증폭"
                    },
                    {
                        "word": "전기영동 법"
                    },
                    {
                        "word": "최소배지"
                    },
                    {
                        "word": "코딩"
                    },
                    {
                        "word": "프라이머"
                    },
                    {
                        "word": "합성"
                    },
                    {
                        "word": "핵산조각"
                    },
                    {
                        "word": "흡광도"
                    }
                ]
            },
            {
                "context_id": "55e-0c9-a0293794-3547-4575-acae-e668d51e21c8",
                "context_K-NSCC": {
                    "field": "생명",
                    "large_category": "LA",
                    "medium_category": "01"
                },
                "context": "<h1>결 과</h1> <h2>DPS 단백질을 코딩하는 dps 유전자 결손 대장균( \\( \\boldsymbol{\\Delta} \\)dps E.coli) 균주에서의 dps유전자 knock-out 확인</h2> <p>대장균 세포 내에서 유전물질인 DNA와 결합하는 DPS 단백질의 생체 내 기능을 규명하고자 하였다. 이 단백질을 코딩하는 유전자를 여러 종의 bacteria에서 Clustal W 소프트웨어를 이용하여 조사해 본 결과, Fig. 1과 같이 DPS 단백질들 간에 매우 보존된 아미노산 서열을 가지고 있음으로써 진화적으로 잘 보존되며 유전되고 있음을 알 수 있다. 대장균 세포 내에서 DPS의 기능을 규명하기 위한 실험을 수행하기 위하여 dps knockout 세포인 \\( \\boldsymbol{\\Delta} \\)dps E.coli 균주를 분양 받았다. 분양 받은 돌연변이 대장균 세포를 실제로 dps 유전자가 결손 된 대장균 인지의 여부를 확인하기 위하여 세포 내 유전자 증폭(Colony Polymerase chain reaction, PCR) 실험을 수행하였다. 먼저 야생형 대장균과 \\( \\boldsymbol{\\Delta}\\)dps Ecodi 균주 세포를 이용하여 재료 및 방법에서 설명한 것과 같이 각각의 대장균 균주 세포를 끓는 물에서 5분간 끓임으로써 세포를 파괴하고 세포내부의 DNA를 용출시키도록 하였다. 그리고 용출된 DNA를 주형 가닥으로 하여 특이적으로 결합하는 프라이머를 이용하여 dps 유전자를 유전자 증폭 실험 방법으로 증폭시켰으며, 증폭된 유전자를 이용하여 유전자의 크기, 이동속도 등을 \\( 0.8 \\% \\) 아가로스 겔에서 전기영동방법으로 확인하였다. 그 결과, 야생형 대장균에서 용출된DNA를 주형 가닥으로 사용하여 증폭한 유전자에는 504 bp의 dps 유전자가 존재한다는 것을 확인하였다. 하지만 \\( \\boldsymbol{\\Delta} \\) dps E.coli 균주로부터 용출된 DNA를 주형 가닥으로 사용하여 증폭한 유전자에서는 dps 유전자에 해당하는 크기의 유전자가 증폭되지 않았다는 사실을 아가로스 전기영동 방법으로 확인하였다(Fig. 2). 결국, \\( \\boldsymbol{\\Delta} \\)dps E.coli 균주에는 dps 유전자가 결손 되었다는 사실을 확인할 수 있었고, 이 균주의 특성을 야생형 대장균의 특성과 비교함으로써 대장균 내에 존재하는 DPS 단백질의 생체 내 기능을 규명하는 실험들을 수행하였다.</p> <h2>영양 결핍 상태에서 DPS 단백질이 대장균의 생육에 미치는 영향</h2> <p>대장균 세포 내에서 DNA와 결합하여 DNA-DPS 결합형태를 유지하는 DPS 단백질이 대장균의 생육에 미치는 영향을 관찰하여 보았다. 이 실험을 수행하기 위하여 야생형 대장균과 dps 유전자의 결손이 확인된 \\( \\boldsymbol{\\Delta} \\)dps 대장균 균주를 사용하였다. 이들 균주가 대장균이 살아가는 데 요구되는 영양분의 결핍상태에서 DPS 단백질 역할을 규명하기 위하여 최소한의 영양분만을 함유한 M9 최소배지를 사용하여 대장균을 배양하며 성장속도 변화를 관찰하였다. 이와 같은 영양 부족 환경에서는 미생물의 생육활동에 필요한 대사활동 수행을 위한 영양분이 부족하기 때문에 야생형 대장균의 경우에도 정상적인 세포 생장을 하기 힘들다는 것을 확인할 수 있었다. 따라서 영양분이 충분한 정상배지에서의 생육속도(Fig. 3A)보다 영양분 결핍의M9 배지에서는 대장균 성장속도 저하가 관찰되었으며, 특히 dps 유전자 결손 대장균 세포의 생장 곡선은 야생형 대장균의 성장속도보다 뚜렷하게 낮은 성장속도를 보임을 확인할 수 있었다(Fig. 3B). 이러한 결과는 미생물의 생육속도를 비교한 막대그래프(Fig. 3C)에서 보다 분명하게 확인할 수 있었다. 본 실험의 결과, 대장균 세포의 DNA와 결합하여 DPS단백질은 미생물의 생육에 필요한 영양 결핍상태에서 유전자 보호라는 기능을 통하여 영양분 부족에 의한 스트레스로부터 대장균을 보호하는 중요한 기능을 수행함을 알 수 있었다.</p>",
                "context_length": 1993,
                "clue": [
                    {
                        "clue_text": "대장균 세포 내에서 유전물질인 DNA와 결합하는 DPS 단백질의 생체 내 기능을 규명하고자 하였다. ",
                        "clue_start": "118",
                        "clue_end": "174"
                    },
                    {
                        "clue_text": "이 균주의 특성을 야생형 대장균의 특성과 비교함으로써 대장균 내에 존재하는 DPS 단백질의 생체 내 기능을 규명하는 실험들을 수행하였다.",
                        "clue_start": "1138",
                        "clue_end": "1214"
                    },
                    {
                        "clue_text": "실험의 결과, 대장균 세포의 DNA와 결합하여 DPS단백질은 미생물의 생육에 필요한 영양 결핍상태에서 유전자 보호라는 기능을 통하여 영양분 부족에 의한 스트레스로부터 대장균을 보호하는 중요한 기능을 수행함을 알 수 있었다.",
                        "clue_start": "1865",
                        "clue_end": "1989"
                    },
                    {
                        "clue_text": "이 단백질을 코딩하는 유전자를 여러 종의 bacteria에서 Clustal W 소프트웨어를 이용하여 조사해 본 결과, Fig. 1과 같이 DPS 단백질들 간에 매우 보존된 아미노산 서열을 가지고 있음으로써 진화적으로 잘 보존되며 유전되고 있음을 알 수 있다.",
                        "clue_start": "174",
                        "clue_end": "318"
                    }
                ],
                "terminology": [
                    {
                        "word": "3C"
                    },
                    {
                        "word": "Clustal W"
                    },
                    {
                        "word": "DNA"
                    },
                    {
                        "word": "DPS 단백질"
                    },
                    {
                        "word": "E.coli"
                    },
                    {
                        "word": "PCR"
                    },
                    {
                        "word": "Polymerase chain"
                    },
                    {
                        "word": "bacteria"
                    },
                    {
                        "word": "bp"
                    },
                    {
                        "word": "dps유전자"
                    },
                    {
                        "word": "knock-out"
                    },
                    {
                        "word": "knockout"
                    },
                    {
                        "word": "결손"
                    },
                    {
                        "word": "대사활동"
                    },
                    {
                        "word": "대장균 균주"
                    },
                    {
                        "word": "대장균 세포"
                    },
                    {
                        "word": "돌연변이"
                    },
                    {
                        "word": "미생물"
                    },
                    {
                        "word": "배지"
                    },
                    {
                        "word": "생육"
                    },
                    {
                        "word": "생육속도"
                    },
                    {
                        "word": "생장 곡선"
                    },
                    {
                        "word": "세포 생장"
                    },
                    {
                        "word": "소프트웨어"
                    },
                    {
                        "word": "아가로스 겔"
                    },
                    {
                        "word": "아미노산 서열"
                    },
                    {
                        "word": "야생형 대장균"
                    },
                    {
                        "word": "용출"
                    },
                    {
                        "word": "유전자 증폭"
                    },
                    {
                        "word": "전기영동"
                    },
                    {
                        "word": "주형 가닥"
                    },
                    {
                        "word": "최소배지"
                    },
                    {
                        "word": "프라이머"
                    }
                ]
            },
            {
                "context_id": "55e-0c9-d028ce01-9b80-4c9f-b1ee-a50277085616",
                "context_K-NSCC": {
                    "field": "생명",
                    "large_category": "LA",
                    "medium_category": "01"
                },
                "context": "<h1>고 찰</h1> <p>본 실험을 통해서 대장균은 DPS 단백질 발현을 통하여 다양한 외부의 환경 스트레스에 대해 저항성을 가지게 된다는 것을 규명하였다. 본 실험의 결과로부터 DPS 단백질은 대장균 세포 내에서 유전물질인 DNA와 강하게 결합하여 외부 환경 스트레스로부터 유전물질의 변화를 보호하게 되고 이를 통하여 미생물의 생육을 원활하게 유지시켜 줄 수 있다는 사실을 확인하였다. 그리고 이 실험 결과는 DPS의 기능이 세포 내의 유전자와 결합하여 생명체를 보호하는데 주된 역할을 수행한다는 선행결과와 잘 일치함을 알 수 있었다.</p> <p>또한 DPS 단백질의 스트레스 저항성 기능 이외에 생체내의 다양한 역할과 기능을 수행한다고 추측되기 때문에 이 단백질의 다른 기능규명에 대하여도 아직 해결해야 할 과제가 많이 남아 있다. 특히, 미생물의 생육조건에서 주변 환경이 다시 원 상태로 복구 되었을 경우에 DPS와 DNA 복합체는 빠르게 해리되어야 하며 유전자의 전사 및 해독과정을 수행하여야 할 것이다. 현재 보고된 연구들에 의하면 DPS 단백질은 ClpXP와 ClpAP 단백질분해효소들에 의해서 분해가 된다. 하지만 ClpXP에 의한 post-translational 단계에서의 조절과 ClpAP에 의한 translational 단계에서의 조절들에 대한 mechanism에 관여하는 단백질이나 혹은 그 결합이 해체되는 과정 등에 대해서는 아직 더 많은 연구가 필요하다.</p> <p>우리는 DPS의 뛰어난 생체방어 능력과 산화적 스트레스에 대한 저항성을 활용하여 많은 실생활에 활용할 수 있도록 접목할 수 있을 것으로 판단된다. 지구상에서 살아가는 생물들은 산소에 노출되어 있기에 대사활동을 하게 될 경우, 활성 산소종이 생성되고 이로 인한 세포 사멸, 수명감축 등이 유발되는데 이는 각각의 생물들이 스스로 예방하고 복구하는 시스템을 가지고는 있지만 환경 스트레스에 약한 한계가 있기 마련이다. 그러므로 DPS를 다른 생물에 도입 할 수 있는 방법을 찾고 안정적으로 기능을 수행할 수 있게 된다면 활성산소종 및 외부의 환경스트레스에 대한 저항성은 생물체의 생육과정에서 커다란 시너지 효과를 기대할 수 있을 것이며 이는 산업적 이용 측면에서 대단히 중요한 의미를 갖는 응용성을 가지게 될 것이다.</p> <h1>결 론</h1> <p>대장균 세포내의 유전자와 강한 결합을 하는 DPS 단백질은 영양부족, 산성배지, 활성산소종, 산화스트레스와 열 충격 등의 다양한 환경스트레스 조건 하에서 대장균의 유전물질을 보호함으로서 대장균 세포의 성장과 생육에 중요한 기능을 수행함을 알 수 있었다.</p>",
                "context_length": 1291,
                "clue": [
                    {
                        "clue_text": "대장균 세포내의 유전자와 강한 결합을 하는 DPS 단백질은 영양부족, 산성배지, 활성산소종, 산화스트레스와 열 충격 등의 다양한 환경스트레스 조건 하에서 대장균의 유전물질을 보호함으로서 대장균 세포의 성장과 생육에 중요한 기능을 수행함을 알 수 있었다.",
                        "clue_start": "1146",
                        "clue_end": "1287"
                    }
                ],
                "terminology": [
                    {
                        "word": "ClpAP"
                    },
                    {
                        "word": "ClpXP"
                    },
                    {
                        "word": "DNA"
                    },
                    {
                        "word": "DPS"
                    },
                    {
                        "word": "DPS 단백질"
                    },
                    {
                        "word": "mechanism"
                    },
                    {
                        "word": "post-translational"
                    },
                    {
                        "word": "translational"
                    },
                    {
                        "word": "단백질 발현"
                    },
                    {
                        "word": "대사활동"
                    },
                    {
                        "word": "대장균 세포"
                    },
                    {
                        "word": "미생물"
                    },
                    {
                        "word": "복합체"
                    },
                    {
                        "word": "산성배지"
                    },
                    {
                        "word": "산소종"
                    },
                    {
                        "word": "산화적 스트레스"
                    },
                    {
                        "word": "생육"
                    },
                    {
                        "word": "생육과정"
                    },
                    {
                        "word": "생육조건"
                    },
                    {
                        "word": "생체방어"
                    },
                    {
                        "word": "세포 사멸"
                    },
                    {
                        "word": "유전자"
                    },
                    {
                        "word": "응용성"
                    },
                    {
                        "word": "전사"
                    },
                    {
                        "word": "해독과정"
                    },
                    {
                        "word": "환경 스트레스"
                    },
                    {
                        "word": "활성"
                    },
                    {
                        "word": "활성산소종"
                    }
                ]
            },
            {
                "context_id": "55e-0c9-a7797c21-d037-4a00-b921-4e525c74119c",
                "context_K-NSCC": {
                    "field": "생명",
                    "large_category": "LA",
                    "medium_category": "01"
                },
                "context": "<h1>서 론</h1> <p>모든 생물 종들은 살아가면서 다양한 종류의 스트레스를 받고 그에 대한 저항성 능력을 통하여 환경스트레스로부터 자신을 보호하고 생존하며 종을 유지 보존하고 있다. 환경적인 스트레스는 생물에게 직접적으로 해를 가하는 것이 대부분이지만, 종종 DNA에 mutation 혹은 deletion을 일으켜서 DNA을 손상시키고 잘못된 유전정보를 가지게 한다. 그래서 모든 생물들은 스스로 DNA를 보호하기 위하여 자체적인 보호하는 시스템을 가지고 있다. 대표적인 예로 진핵 생물은 histone 단백질을 가지고 있는데 이 histone 단백질은 작고, 염기성 성질을 가진다. 이 단백질은 산성 성질을 가지는 DNA와 강하게 결합함으로써 DNA를 nucleosome 형태로 압축하고 nucleus 안에서 외부 스트레스에 대한 보호기능을 수행한다. bacteria는 진핵 세포와 달리 핵이 없으며 DNA가 세포질에 분포하고 있으나 histone 비슷한 특성을 가진 histone 유사 단백질을 여러 종류 가지고 있다. bacteria histone 유사 단백질은 DNA를 압축하여 nucleosome 형태로 만들지는 못하지만, bacteria DNA와 결합하여 DNA를 안정화시킨다. 원핵 생물에서 DNA-binding protein에 대한 연구를 수행한 결과, 배지의 영양분 결핍상태인 굶주린(starved) 대장균 내에서 DNA 조절과 보호 기능을 가지는 새로운 DNA-binding protein를 발견하였는데 이것을 DPS (\\(\\mathrm{\\underline{D}}\\)NA-binding \\(\\mathrm{\\underline{p}}\\)rotein from \\(\\mathrm{\\underline{s}}\\)tarved cells)라고 명명하였다.</p> <p>대장균에 존재하는 DPS는 167개의 아미노산으로 구성되어 있으며 \\( 19 \\mathrm{kDal} \\)의 분자량을 가진다고 보고되었다. DPS는 DNA 결합단백질로서 DNA의 특정한 서열을 구별하지 않고 유전물질과 결합함으로서 매우 안정한 형태의 DNA-단백질복합체를 형성한다. 대장균 내 유전물질인 DNA가 DPS와 복합체를 형성하면 유전자 절단효소(DNase)에 대한 저항성을 가지게 된다. DPS의 구조는 지름 \\( \\sim 45 \\mathrm{\\mathring{A}} \\) 인 Hole을 중심으로 12개의 동일한 subunit가 4면 대칭으로 조립된 shell-likestructure를 가지고 있다는 사실이 보고되었다. DPS 단위체(subunit)는 기본적으로 4개의 나선형 입체 구조를 가지고 있고, 이 나선형 구조는 \\( \\alpha \\)Ⅰ, \\( \\alpha \\)Ⅱ, \\( \\alpha \\)Ⅳ, \\( \\alpha \\)Ⅴ로 구성된다. \\( \\alpha \\)Ⅰ과 \\( \\alpha \\)Ⅱ는 \\( \\alpha \\)Ⅳ와 \\( \\alpha \\)Ⅴ와 연결되는데 중간의 긴 loop 안의 짧은 나선형 \\( \\alpha \\)Ⅲ 구조를 나타낸다. 이러한 구조적 특이성에 의하여 DPS는 각 단위체간 상호작용을 통하여 입체구조를 형성하며 DNA와 결합할 수 있는 구조적 특성을 가지게 된다. 결국 DPS는 DNA와 결합하게 되고, 이들 DNA-단백질 결합체들은 중합과정을 거쳐 압축된 거대한 복합체 구조를 형성하여 환경변화에 대하여 안정하게 유전물질을 보호하게 된다. 또한 DPS는 \\( \\alpha \\)Ⅰ과 ( \\alpha \\)Ⅱ에 존재하는 site 1과 2에 존재하는 아미노산 잔기들(site 1: His31, Asp58, Glu62, site 2: His43, Glu62, Glu47)에 의해서 \\( \\mathrm{Fe}^{2+} \\)와 결합한다. DPS 단백질의 구조와 이 단백질이 DNA와 결합하여 DNA를 안정화시키는 모델은 여러 논문들에 의해 보고되어 잘 밝혀져 있다. 이러한 구조적 특이성에 의하여 DNA를 유전자 분해효소인 DNase로부터 방어하는 기능을 수행한다. DPS는 ferritin과 유사한 단백질로써 Fenton 반응에 의한 피해를 예방하는 임무를 수행하는데 크나큰 기여를 한다. 처음 DPS를 발견하였을 때, 자기 스스로 단백질을 조절될 수 있을 것이라는 단서가 보고되었지만 DPS의 과 발현 혹은 손실이 어떤 특정한 유전자와도 상위 혹은 하위 조절에 있어 직접 연관되는 것은 보고되지 않고 있다. 그래서 DPS 단백질의 기능을 조절하는 조절기능의 생체물질은 밝혀지지 않았으며 이에 대한 연구가 필요한 상황이다. 12개 서브 유닛으로 구성된 Listeria innocua 종의 ferritin과 비슷한 구조의 대장균 DPS는 DNA에 결합하여 활성 산소 종에 의한 공격을 보호하는 기전이 \\( \\mathrm{Fe}^{2+} \\)과 결합하는 저장 단백질인 ferritin과 유사한 기능을 수행하고 있음이 보고되었다. DPS의 dinuclear ferrocidase sites로 추정되는 12개 부분은 각각 단백질의 인접한 서브 유닛의 6개의 접점에 위치한다. 두 개의 철 이온은 환원된 \\( \\mathrm{H}_{2} \\mathrm{O}_{2} \\)의 한 분자를 산화하고 이로 인하여 Fenton 반응(Fenton chemistry: \\( \\mathrm{Fe}^{2+}+\\mathrm{H}_{2} \\mathrm{O}_{2} \\rightarrow \\mathrm{Fe}^{3+}+\\mathrm{OH}^{-} \\left.+^{\\bullet} \\mathrm{OH}\\right) \\))를 경유한 hydroxyl radical 형성을 방지한다.</p> <p>이러한 DPS의 구조적 특성이나 DNA와의 결합형태, 그리고 DPS와 DNA 와의 결합에 작용하는 화학구조나 잔기 등의 형태적 특성과는 달리, DPS 단백질의 생체 내 역할과 특히 외부의 환경적 스트레스가 왔을 때 이 단백질이 어떠한 기능을 수행하는지에 대한 연구는 거의 이루어지지 않은 상태이다. 따라서, 본 연구에서는 다양한 외부의 환경적 스트레스에 대하여 DPS 단백질의 생체 내 기능이 무엇인지, 그리고 대장균의 생육에 DPS 단백질이 어떠한 역할을 수행하는 지에 대한 연구를 수행하였다. 이러한 연구를 위하여 DPS 단백질을 코딩하는 dps 유전자를 대장균에서 제거한 돌연변이 대장균을 제조하고 이 변이 대장균의 특성을 정상적인 대장균(wild type E. coli)과 비교하며 생육 및 성장속도 등을 관찰하여 보았다. 이러한 실험을 통하여 대장균에 존재하는 DPS는 산화적인 스트레스, 높은 압력, 자외선과 감마선 노출, 과도한 금속성 물질에 대한 노출 등과 같은 다양한 스트레스에 대하여 강력한 보호기능을 수행함을 관찰함으로서, 하등생명체의 유전물질인 DNA 물질보호는 대장균의 생육과 보존에 결정적인 역할을 수행함을 알 수 있었다.</p>",
                "context_length": 3308,
                "clue": [
                    {
                        "clue_text": "모든 생물 종들은 살아가면서 다양한 종류의 스트레스를 받고 그에 대한 저항성 능력을 통하여 환경스트레스로부터 자신을 보호하고 생존하며 종을 유지 보존하고 있다.",
                        "clue_start": "16",
                        "clue_end": "105"
                    },
                    {
                        "clue_text": "단백질은 산성 성질을 가지는 DNA와 강하게 결합함으로써 DNA를 nucleosome 형태로 압축하고 nucleus 안에서 외부 스트레스에 대한 보호기능을 수행한다.",
                        "clue_start": "333",
                        "clue_end": "425"
                    },
                    {
                        "clue_text": "대장균에 존재하는 DPS는 산화적인 스트레스, 높은 압력, 자외선과 감마선 노출, 과도한 금속성 물질에 대한 노출 등과 같은 다양한 스트레스에 대하여 강력한 보호기능을 수행함을 관찰함으로서, 하등생명체의 유전물질인 DNA 물질보호는 대장균의 생육과 보존에 결정적인 역할을 수행함을 알 수 있었다.",
                        "clue_start": "3139",
                        "clue_end": "3304"
                    },
                    {
                        "clue_text": "DPS 단위체(subunit)는 기본적으로 4개의 나선형 입체 구조를 가지고 있고, 이 나선형 구조는 \\( \\alpha \\)Ⅰ, \\( \\alpha \\)Ⅱ, \\( \\alpha \\)Ⅳ, \\( \\alpha \\)Ⅴ로 구성된다.",
                        "clue_start": "1238",
                        "clue_end": "1360"
                    },
                    {
                        "clue_text": "다양한 외부의 환경적 스트레스에 대하여 DPS 단백질의 생체 내 기능이 무엇인지, 그리고 대장균의 생육에 DPS 단백질이 어떠한 역할을 수행하는 지에 대한 연구를 수행하였다.",
                        "clue_start": "2898",
                        "clue_end": "2995"
                    }
                ],
                "terminology": [
                    {
                        "word": "DNA-binding protein"
                    },
                    {
                        "word": "DNase"
                    },
                    {
                        "word": "DPS"
                    },
                    {
                        "word": "DPS 단백질"
                    },
                    {
                        "word": "E. coli"
                    },
                    {
                        "word": "Fenton"
                    },
                    {
                        "word": "Fenton 반응"
                    },
                    {
                        "word": "Listeria"
                    },
                    {
                        "word": "Listeria innocua"
                    },
                    {
                        "word": "bacteria"
                    },
                    {
                        "word": "deletion"
                    },
                    {
                        "word": "dinuclear ferrocidase site"
                    },
                    {
                        "word": "ferritin"
                    },
                    {
                        "word": "histone"
                    },
                    {
                        "word": "hydroxyl"
                    },
                    {
                        "word": "hydroxyl radical"
                    },
                    {
                        "word": "mutation"
                    },
                    {
                        "word": "nucleosome"
                    },
                    {
                        "word": "nucleus"
                    },
                    {
                        "word": "protein"
                    },
                    {
                        "word": "radical"
                    },
                    {
                        "word": "radical 형성"
                    },
                    {
                        "word": "subunit"
                    },
                    {
                        "word": "wild type E. coli"
                    },
                    {
                        "word": "감마선"
                    },
                    {
                        "word": "결합단백질"
                    },
                    {
                        "word": "기전"
                    },
                    {
                        "word": "단위체"
                    },
                    {
                        "word": "대장균"
                    },
                    {
                        "word": "돌연변이"
                    },
                    {
                        "word": "배지"
                    },
                    {
                        "word": "복합체"
                    },
                    {
                        "word": "분자량"
                    },
                    {
                        "word": "산성 성질"
                    },
                    {
                        "word": "산화"
                    },
                    {
                        "word": "생육"
                    },
                    {
                        "word": "생체물질"
                    },
                    {
                        "word": "세포질"
                    },
                    {
                        "word": "아미노산"
                    },
                    {
                        "word": "염기성"
                    },
                    {
                        "word": "원핵 생물"
                    },
                    {
                        "word": "유전자"
                    },
                    {
                        "word": "유전정보"
                    },
                    {
                        "word": "이온"
                    },
                    {
                        "word": "입체구조"
                    },
                    {
                        "word": "잔기"
                    },
                    {
                        "word": "절단효소"
                    },
                    {
                        "word": "중합과정"
                    },
                    {
                        "word": "진핵"
                    },
                    {
                        "word": "진핵 생물"
                    },
                    {
                        "word": "철 이온"
                    },
                    {
                        "word": "특이성"
                    },
                    {
                        "word": "하등생명체"
                    },
                    {
                        "word": "환원"
                    },
                    {
                        "word": "활성 산소"
                    },
                    {
                        "word": "활성 산소 종"
                    }
                ]
            },
            {
                "context_id": "55e-0c9-02cf53dc-8d80-4414-bcb5-771e7063d032",
                "context_K-NSCC": {
                    "field": "생명",
                    "large_category": "LA",
                    "medium_category": "01"
                },
                "context": "<h2>산화적 스트레스에 의한 변화 측정</h2> <p>LB 배지 \\( (\\mathrm{NaCl} ~ 0.35 \\mathrm{~g} / \\mathrm{l} \\), Tryptone \\( 0.35 \\mathrm{~g} / \\mathrm{l} \\), Yeast extract \\( 0.175 \\mathrm{~g} /) 35 \\mathrm{ml} \\)에 야생형 대장균과 \\( \\boldsymbol{\\Delta} \\)dps E.coli 세포를 각각 \\( 500 \\mu \\mathrm{l} \\)씩 접종하고 산화적 스트레스를 유발하는 물질인 과산화수소의 농도를 \\( 0.5 \\mathrm{~mM}, 1 \\mathrm{~mM} \\)로 첨가하여 세포의 생장 환경에 따른 세포의 성장속도를 관찰하였다. 용액의 세포는 \\( 37^{\\circ} \\mathrm{C} \\)에서 배양하며 광학분광계를 이용하여 흡광도 \\( 600 \\mathrm{~nm} \\)에서 한 시간마다 측정하여 48시간 동안 세포생장을 관찰하며 세포성장에 대한 산화적 스트레스의 영향을 관찰하였다</p> <h2>열 충격(heat shock) 스트레스에 의한 세포성장 변화 측정</h2> <p>LB 배지 \\( 35 \\mathrm{ml} \\)에 야생형 대장균과 \\( \\boldsymbol{\\Delta} \\) dps E.coli 세포를 각각 \\( 500 ~ \\mu \\mathrm{l} \\)씩 접종하고 \\( 45^{\\circ} \\mathrm{C} \\)로 예열된 수조에서 배양하며 광학분광계를 사용하여 \\( 600 \\mathrm{~nm} \\) 에서의 세포 흡광도를 측정하였다. 본 실험을 통하여 열 충격에 대한 대장균의 생육에 있어서 DPS 단백질의 유무가 나타내는 영향을 관찰할 수 있었다.</p> <h2>산화스트레스를 유발하는 중금속 \\( \\left(\\mathrm{Fe}^{2+}\\right) \\)의 영향 측정</h2> <p>LB 배지 \\( 35 \\mathrm{ml} \\)에 야생형 대장균과 \\( \\boldsymbol{\\Delta} \\) dps E.coli 세포를 각각 \\( 500 ~ \\mu \\mathrm{l} \\)씩 접종하고 Fenton 반응을 유도하는 물질인 \\( \\mathrm{FeCl}_{2} \\)을 농도를 달리한 배양조건에서 대장균 세포의 생장속도를 측정하였다. 세포는 \\( 37^{\\circ} \\mathrm{C} \\)에서 배양하면서 세포성장을 광학분광계를 이용하여 흡광도 \\( 600 \\mathrm{~nm} \\)에서 세포성장을 한 시간마다 측정하여 7시간 동안 세포생장을 관찰하였다. 세포성장 속도의 변화를 관찰함으로써 산화스트레스를 유발하는 중금속의 존재가 세포성장에 주는 정도를 관찰하고 특히 DPS단백질의 영향을 측정할 수 있었다.</p> <h2>\\( \\mathrm{pH} \\) 에 의한 변화 측정</h2> <p>배지의 \\( \\mathrm{pH} ~ 5.0 \\)를 달리한 조건으로 만든 LB 배지 \\( 35 \\mathrm{ml} \\)에 야생형 대장균과 \\( \\boldsymbol{\\Delta} \\)dps E.coli 세포를 각각 \\( 500 ~ \\mu \\mathrm{l} \\)씩 접종하였다. 세포는 \\( 37^{\\circ} \\mathrm{C} \\)에서 배양하면서 용액의 세포는 \\( 37^{\\circ} \\mathrm{C} \\)에서 배양하며 광학분광계를 이용하여 흡광도 \\( 600 \\mathrm{~nm} \\)에서 세포성장을 한 시간마다 측정하여7시간 동안 세포생장을 관찰하였다. 세포성장 속도의 변화로 배지내의 수 \\( \\mathrm{pH} \\)가 세포의 성장에 미치는 영향을 관찰할 수 있으며, 특히 DPS단백질의 영향을 측정할 수 있었다.</p>",
                "context_length": 1795,
                "clue": [
                    {
                        "clue_text": "용액의 세포는 \\( 37^{\\circ} \\mathrm{C} \\)에서 배양하며 광학분광계를 이용하여 흡광도 \\( 600 \\mathrm{~nm} \\)에서 한 시간마다 측정하여 48시간 동안 세포생장을 관찰하며 세포성장에 대한 산화적 스트레스의 영향을 관찰하였다",
                        "clue_start": "383",
                        "clue_end": "526"
                    },
                    {
                        "clue_text": "본 실험을 통하여 열 충격에 대한 대장균의 생육에 있어서 DPS 단백질의 유무가 나타내는 영향을 관찰할 수 있었다.",
                        "clue_start": "791",
                        "clue_end": "855"
                    },
                    {
                        "clue_text": "세포성장 속도의 변화를 관찰함으로써 산화스트레스를 유발하는 중금속의 존재가 세포성장에 주는 정도를 관찰하고 특히 DPS단백질의 영향을 측정할 수 있었다.",
                        "clue_start": "1252",
                        "clue_end": "1337"
                    },
                    {
                        "clue_text": "세포성장 속도의 변화로 배지내의 수 \\( \\mathrm{pH} \\)가 세포의 성장에 미치는 영향을 관찰할 수 있으며, 특히 DPS단백질의 영향을 측정할 수 있었다.",
                        "clue_start": "1700",
                        "clue_end": "1791"
                    }
                ],
                "terminology": [
                    {
                        "word": "DPS"
                    },
                    {
                        "word": "DPS 단백질"
                    },
                    {
                        "word": "E.coli"
                    },
                    {
                        "word": "Fenton"
                    },
                    {
                        "word": "Fenton 반응"
                    },
                    {
                        "word": "LB"
                    },
                    {
                        "word": "LB 배지"
                    },
                    {
                        "word": "Tryptone"
                    },
                    {
                        "word": "Yeast"
                    },
                    {
                        "word": "Yeast extract"
                    },
                    {
                        "word": "heat shock"
                    },
                    {
                        "word": "과산화수소"
                    },
                    {
                        "word": "광학분광계"
                    },
                    {
                        "word": "단백질"
                    },
                    {
                        "word": "대장균"
                    },
                    {
                        "word": "대장균 세포"
                    },
                    {
                        "word": "배양"
                    },
                    {
                        "word": "배양조건"
                    },
                    {
                        "word": "배지"
                    },
                    {
                        "word": "산화스트레스"
                    },
                    {
                        "word": "산화적 스트레스"
                    },
                    {
                        "word": "생육"
                    },
                    {
                        "word": "생장"
                    },
                    {
                        "word": "세포"
                    },
                    {
                        "word": "세포 흡광도"
                    },
                    {
                        "word": "세포생장"
                    },
                    {
                        "word": "세포성장"
                    },
                    {
                        "word": "야생형"
                    },
                    {
                        "word": "접종"
                    },
                    {
                        "word": "중금속"
                    },
                    {
                        "word": "흡광도"
                    }
                ]
            }
        ]
    }
}