{
    "dataset_info": {
        "identifier": "02-031-002-NL",
        "name": "기술과학 문서 요약 데이터",
        "category": "자연어",
        "last_updated": "2023-08-30"
    },
    "dataset": {
        "doc_id": "31a7cd33-4f8a3304-a05d-4124-b8c5-dd8eb8bc74d3",
        "doc_type": "논문",
        "doc_title": {
            "kor": "편백의 다신초 유도 및 발근을 통한 식물체 재분화",
            "eng": ""
        },
        "doc_category": {
            "KDC": "481.1705",
            "DDC": ""
        },
        "doc_number": {
            "ISSN": "1229-2818",
            "ISBN": "",
            "DOI": "",
            "UCI": ""
        },
        "doc_year": "2019",
        "doc_author": [
            "김지아",
            "이나념",
            "김용욱"
        ],
        "doc_publisher": "한국식물생명공학회",
        "doc_license": "CC BY-NC",
        "context_info": [
            {
                "context_id": "55e-0c9-3f36d41b-8ce8-40c6-89b3-983f9b93163d_00",
                "context_K-NSCC": {
                    "field": "생명",
                    "large_category": "LA",
                    "medium_category": "05"
                },
                "context": "<h1>결과 및 고찰</h1> <h2>식물생장조절물질 종류 및 농도에 따른 다신초 유도 효과</h2> <p>정아절편체로 부터 다신초 유도를 위해 5 종류 싸이토키닌류를 농도 별로 배양한 결과 \\( 0.5 \\mathrm { mg } / \\mathrm { L } \\) zeatin이 첨가된 배지에서 \\( 80 \\% \\) 의 다신초가 유도되어 가장 높은 유도율 결과를 얻었으며(Table 1, Fig. 1), \\( 0.2 \\mathrm { mg } / \\mathrm { L } \\) zeatin과 \\( 0.5 \\mathrm { mg } / \\mathrm { L } \\) 2iP에서도 \\( 73 \\% \\) 의 높은 유도율을 각각 보였다(Table 1). 그 외 \\( 0.2 \\) 와 \\( 0.5 \\mathrm { mg } / \\mathrm { L } \\) BA에서도 다신초 유도율이 \\( 60 \\% \\) 로 각가 나타나 비교적 효과 가 있었다(Table 1). 그러나 TDZ처리의 경우 모든 농도에서 \\( 47 \\% \\) 이하의 저조한 유도율을 보였고, Kinetin의 모든 농도에 서 또한 \\( 7 \\% \\)이하의 유도율을 보여 편백의 다신초지 유도에는 적합하지 않은 것으로 나타났다(Table 1). 절편체당 유도된 다신초의 갯수비교에서는 \\( 0.5 \\mathrm { mg } / \\mathrm { L } \\) BA에서 평균 4.3개로 가장 많이 유도되었으며, \\( 0.2 \\mathrm { mg } / \\mathrm { L } \\) zeatin BA 및 2iP 처리구에 서 각각 3.9,3.7 및 3.5 개가 유도되어 다소 효과가 있었다. Kinetin 및 TDZ처리구의 경우 2~3개 이하의 신초가 유도되 어 BA 혹은 zeatin처리구와 비교하여 다신초 유도를 위한 그 효과가 낮았다(Table 1). 줄기길이는 무첨가구의 \\( 2.1 \\mathrm { ~cm } \\) 및 \\( 0.2 \\mathrm { mg } / \\mathrm { L } \\) 2iP처리에서 \\( 2.0 \\mathrm { ~cm } \\) 로 효과가 있었으나, Kinetin 전 체 농도에서는 줄기길이 평균 \\( 1.3 \\mathrm { ~cm } \\) 로 다신초지 유도율, 절편당 평균 다신초지 개수 그리고 줄기길이 모두 저조한 결과를 보였다. Ishii (1986,2003) 는 편백의 부정아 유도 시 CD배지에 \\( 2.25 \\mathrm { mg } / \\mathrm { L } \\) BA첨가로 최대의 부정아를 유도하였고, Min 등(2010)은 \\( 2.0 \\mathrm { mg } / \\mathrm { L } \\) BA처리에서 높은 부정신초지가 유도되었다고 보고하고 있으나 본 연구의 경우 zeatin 처리에서 다신초지 유도율 및 유도개수가 높게 나타나 기존 최적의 싸이토키닌 종류 및 그에 따른 농도와는 차이를 보였다.</p>",
                "context_length": 1406,
                "clue": [
                    {
                        "clue_text": "줄기길이는 무첨가구의 \\( 2.1 \\mathrm { ~cm } \\) 및 \\( 0.2 \\mathrm { mg } / \\mathrm { L } \\) 2iP처리에서 \\( 2.0 \\mathrm { ~cm } \\) 로 효과가 있었으나, Kinetin 전 체 농도에서는 줄기길이 평균 \\( 1.3 \\mathrm { ~cm } \\) 로 다신초지 유도율, 절편당 평균 다신초지 개수 그리고 줄기길이 모두 저조한 결과를 보였다.",
                        "clue_start": "899",
                        "clue_end": "1129"
                    },
                    {
                        "clue_text": "Ishii (1986,2003) 는 편백의 부정아 유도 시 CD배지에 \\( 2.25 \\mathrm { mg } / \\mathrm { L } \\) BA첨가로 최대의 부정아를 유도하였고, Min 등(2010)은 \\( 2.0 \\mathrm { mg } / \\mathrm { L } \\) BA처리에서 높은 부정신초지가 유도되었다고 보고하고 있으나 본 연구의 경우 zeatin 처리에서 다신초지 유도율 및 유도개수가 높게 나타나 기존 최적의 싸이토키닌 종류 및 그에 따른 농도와는 차이를 보였다.",
                        "clue_start": "1130",
                        "clue_end": "1402"
                    }
                ],
                "terminology": [
                    {
                        "word": "2iP처리"
                    },
                    {
                        "word": "BA"
                    },
                    {
                        "word": "Kinetin"
                    },
                    {
                        "word": "TDZ처리구"
                    },
                    {
                        "word": "zeatin 처리"
                    },
                    {
                        "word": "다신초 유도"
                    },
                    {
                        "word": "무첨가구"
                    },
                    {
                        "word": "배양"
                    },
                    {
                        "word": "배지"
                    },
                    {
                        "word": "부정아 유도"
                    },
                    {
                        "word": "식물생장조절물질"
                    },
                    {
                        "word": "싸이토키닌"
                    },
                    {
                        "word": "유도개수"
                    },
                    {
                        "word": "유도율"
                    },
                    {
                        "word": "처리구"
                    },
                    {
                        "word": "편백"
                    }
                ]
            },
            {
                "context_id": "55e-0c9-3f36d41b-8ce8-40c6-89b3-983f9b93163d_01",
                "context_K-NSCC": {
                    "field": "생명",
                    "large_category": "LA",
                    "medium_category": "05"
                },
                "context": "<h2>다신초 유도를 위한 식물생장조절물질의 고농도 \\( \\rightarrow \\) 저농도 순차적 처리효과</h2> <p>Table 1의 결과를 바탕으로 보다 효과적인 다신초 유도를 위해 고농도 싸이토키닌류에서 3주간 배양 후 저농도 배지에서 다시 7주간 배양하여 다신초를 유도하였다. 그 결과 다신초 유도율은 zeatin치리구 모든 농도에서 \\( 100 \\% \\) 의 유도율을 보였으며, 또한 \\( 5.0 \\rightarrow 0.5 \\mathrm { mg } / \\mathrm { L } \\) BA, \\( 2.0 \\rightarrow 0.2 \\mathrm { mg } / \\mathrm { L } \\) Kinetin 및 \\( 5.0 \\rightarrow 0.5 \\mathrm { mg } / \\mathrm { L } \\) 2iP 처리에서도 \\( 100 \\% \\) 의 유도율을 나타냈다(Table 2, Fig. 2). 반면 최저 유도율은 \\( 5.0 \\rightarrow 0.5 \\mathrm { mg } / \\mathrm { L } \\) TDZ순 차처리에서 \\( 60 \\% \\) 로 가장 낮은 유도율을 보였다(Table 2). 절편체당 유도된 신초지갯수 비교에서 \\( 5.0 \\rightarrow 0.5 \\mathrm { mg } / \\mathrm { L } \\) zeatin 순차처리에서 평균 17.1개로 가장 높았으며, 그외 \\( 5.0 \\rightarrow 0.5 \\mathrm { mg } / \\mathrm { L } \\) 2iP처리의 경우 평균 11.6개의 개의 신초가 유도되어 다소 효과를 보였다. 그러나 Kinctin과 TDZ처리구에서는 평균2.9~4.5개의 신초만이 유도되어 그 효과는 배우 저조하였다(Table 2). Katy ct al. (1993)은 서양측백(white cedar)의 기내재분화를 위 한 다신초지 유도를 위해 \\( 2.0 \\mathrm { mg } / \\mathrm { L } \\) zeatin을 3 주간 처리 후 zeatin 무처리 배지에서 8 주간 배양한 결과 14 개 이상의 많은 다신초를 유도하였다고 보고하고 있어 본 연구결과외 다소 유사하였다. 또한 독일가문비(Picea abies)의 경우 측지로부터 부정신초의 유도에는 \\( 50 \\mathrm { mg } / \\mathrm { L } \\) BA가 첨가된 액체배지에 침지 후 8주간 배양으로 30개 이상의 부정신초를 얻었다고 보고하고 있어(Arnold and Tillberg 1987) 다양한 식물생장조절물질 처리기법이 적용됨을 알 수 있다. Joseph et al. (2018)은 싸이토키닌류는 액아분열조직(axillary bud meristem)의 세포증식을 촉진하는 역할을 하며, 고농도처리는 식물체에는 스트레스로 작용한다고 보고하고 있는데 본 연구결과에서도 고농도 \\( \\rightarrow \\) 저농도 식물생장조절물질을 \\(1/10 \\)로 줄여 배양한 결과 Table 1에서 언급한 결과와 비교하여 6배 이상 다신초 유도갯수가 증가하여 그 결과와 다소 부합되는 경향을보였다. 이러한 결과는 위에서 언급한 것과 같이 고농도의식물생장조절물질이 스트레스 요인으로 작용하여 줄기절편의 액아(잠아) 및 정아분열조직의 세포증식 및 발달을 촉진하여 더 많은 다경신초를 유도했기 때문인 것으로 생각된다</p>",
                "context_length": 1625,
                "clue": [
                    {
                        "clue_text": "Joseph et al. (2018)은 싸이토키닌류는 액아분열조직(axillary bud meristem)의 세포증식을 촉진하는 역할을 하며, 고농도처리는 식물체에는 스트레스로 작용한다고 보고하고 있는데 본 연구결과에서도 고농도 \\( \\rightarrow \\) 저농도 식물생장조절물질을 \\(1/10 \\)로 줄여 배양한 결과 Table 1에서 언급한 결과와 비교하여 6배 이상 다신초 유도갯수가 증가하여 그 결과와 다소 부합되는 경향을보였다.",
                        "clue_start": "1256",
                        "clue_end": "1502"
                    },
                    {
                        "clue_text": "이러한 결과는 위에서 언급한 것과 같이 고농도의식물생장조절물질이 스트레스 요인으로 작용하여 줄기절편의 액아(잠아) 및 정아분열조직의 세포증식 및 발달을 촉진하여 더 많은 다경신초를 유도했기 때문인 것으로 생각된다",
                        "clue_start": "1503",
                        "clue_end": "1621"
                    }
                ],
                "terminology": [
                    {
                        "word": "2iP처리"
                    },
                    {
                        "word": "Kinetin"
                    },
                    {
                        "word": "TDZ처리구"
                    },
                    {
                        "word": "meristem"
                    },
                    {
                        "word": "zeatin"
                    },
                    {
                        "word": "기내재분화"
                    },
                    {
                        "word": "다경신초"
                    },
                    {
                        "word": "다신초"
                    },
                    {
                        "word": "다신초 유도"
                    },
                    {
                        "word": "배양"
                    },
                    {
                        "word": "배지"
                    },
                    {
                        "word": "부정신초"
                    },
                    {
                        "word": "서양측백"
                    },
                    {
                        "word": "세포증식"
                    },
                    {
                        "word": "식물생장조절물질"
                    },
                    {
                        "word": "식물체"
                    },
                    {
                        "word": "신초"
                    },
                    {
                        "word": "액아"
                    },
                    {
                        "word": "액체배지"
                    },
                    {
                        "word": "유도율"
                    },
                    {
                        "word": "잠아"
                    },
                    {
                        "word": "정아분열조직"
                    },
                    {
                        "word": "줄기절편"
                    },
                    {
                        "word": "침지"
                    }
                ]
            }
        ]
    }
}