{
    "dataset_info": {
        "identifier": "02-031-002-NL",
        "name": "기술과학 문서 요약 데이터",
        "category": "자연어",
        "last_updated": "2023-08-30"
    },
    "dataset": {
        "doc_id": "28a7cd33-1456-4a7a-bf57-ca8c1e2971d6",
        "doc_type": "논문",
        "doc_title": {
            "kor": "미생물 공법에 의한 매립가스 황화수소 제거 및 바이오황 생산",
            "eng": ""
        },
        "doc_category": {
            "KDC": "321.39305",
            "DDC": ""
        },
        "doc_number": {
            "ISSN": "1738-3935",
            "ISBN": "",
            "DOI": "",
            "UCI": ""
        },
        "doc_year": "2020",
        "doc_author": [
            "김영민",
            "송효순",
            "안효성",
            "천승규"
        ],
        "doc_publisher": "한국신·재생에너지학회",
        "doc_license": "CC BY",
        "context_info": [
            {
                "context_id": "55e-0c9-merge_28a7cd33-1456-4a7a-bf57-ca8c1e2971d6_00",
                "context_K-NSCC": {
                    "field": "생명",
                    "large_category": "LA",
                    "medium_category": "09"
                },
                "context": "<h1>1. 서 론</h1> <p>매립지 내부의 생물화학적 분해작용에 의하여 발생하는 매립가스는 보통 \\( 40 \\sim 60 \\% \\)의 메탄 \\( \\left ( \\mathrm { CH } _ { 4 } \\right ) \\) 및 \\( 30 \\sim 50 \\% \\)의 이산화탄소 \\( \\left ( \\mathrm { CO } _ { 2 } \\right ) \\)가 주 성분이며, 그 외 질소 \\( \\left ( \\mathrm { N } _ { 2 } \\right ) 0 \\sim 10 \\% \\), 산소 \\( \\left ( \\mathrm { O } _ { 2 } \\right ) 0 \\sim 2 \\% \\), 기타 소량의 황화수소 \\( \\left ( \\mathrm { H } _ { 2 } \\mathrm { S } \\right ) \\), 암모니아 \\( \\left ( \\mathrm { NH } _ { 3 } \\right ) \\), \\( \\mathrm { VOC } \\)(volatile organic compounds) 등으로 구성되어 있다. 이에 따라 많은 매립장에서는 지구온난화 방지 및 신재생에너지의 확보를 위해 매립가스내 \\( \\mathrm { CH } _ { 4 } \\)를 발전 등의 에너지원으로 이용하고 있다. 그러나 건설폐기물이 생활 폐기물과 함께 매립될 경우 시멘트성분에 포함된 석고로 인해 황산염환원세균에 의한 \\( \\mathrm { H } _ { 2 } \\mathrm { S } \\)가 발생하게 되며, 심할 경우 수만 \\( \\mathrm { ppm } \\)의 농도를 보이기도 한다. 이러한 고농도 \\( \\mathrm { H } _ { 2 } \\mathrm { S } \\)가 포함된 매립가스는 특유의 악취발생과 직접적인 건강상의 피해뿐만 아니라 매립가스 이용시설의 부식과 연소 후 \\( \\mathrm { SO } _ { 2 } \\)의 발생 등 각종 문제를 유발하기 때문에 전처리가 필요하다.</p> <p>\\( \\mathrm { H } _ { 2 } \\mathrm { S } \\)를 포함한 산성가스의 제거를 위해 현재 가장 많이 사용되고 있는 전처리 공법으로는 Table \\( 1 \\)과 같이 천연가스 정제, 정유사 탈황 등 대규모 공정에 사용되는 Amine 공정과 Claus 공정이 있고, 이 외에 포집된 산성가스 수용액에 적용하는 철-킬레이트 공법, 수산화철에 의한 건식탈황 공법, 미생물을 이용하는 생물학적 탈황공법 등이 있다. 생물학적 탈황공법의 일종인 THIOPAQ 공법은 스크러버를 통해 \\( \\mathrm { H } _ { 2 } \\mathrm { S } \\)를 \\( \\mathrm { HS } ^ { - } \\)로 이온화시킨 후 박테리아를 이용하여 원소상태의 바이오황(bio-sulfur)으로 전환시키는 공정으로서, 단순한 처리공정, 높은 처리율, 화학물질 사용의 최소화, 광범위한 적용 \\( \\mathrm { H } _ { 2 } \\mathrm { S } \\) 농도 \\( \\left ( 100 \\mathrm { ppmv } \\sim 100 \\mathrm { vol. } \\% \\right ) \\) 및 압력범위 \\( 0 \\sim 1,300 \\mathrm { psi } \\), 상온에서의 처리, 바이오황의 생산 등 기존의 화학적 공정에 비하여 여러 장점을 가지고 있다. \\( \\mathrm { H } _ { 2 } \\mathrm { S } \\) 제거공법에 따라서는 고순도의 황이 생산가능한데, 국내의 경우 대부분 정유사에서 대량 생산된 것(화확황)으로서 황산 제조, 고무 배합제, 농업용 자재 등으로 사용되고 있다. 이에 비하여 THIOPAQ 공정을 통해 생산되는 바이오황은 생산량은 적으나 화학황보다 입자 크기가 작고 약알카리성이며, 친수성으로 화장품, 살충제, 농약, 비료 등의 고부가 제품으로 광범위하게 사용될 수 있는 잠재력을 가지는 것으로 보고되고 있다.</p>",
                "context_length": 1899,
                "clue": [
                    {
                        "clue_text": "이러한 고농도 \\( \\mathrm { H } _ { 2 } \\mathrm { S } \\)가 포함된 매립가스는 특유의 악취발생과 직접적인 건강상의 피해뿐만 아니라 매립가스 이용시설의 부식과 연소 후 \\( \\mathrm { SO } _ { 2 } \\)의 발생 등 각종 문제를 유발하기 때문에 전처리가 필요하다.",
                        "clue_start": "781",
                        "clue_end": "952"
                    },
                    {
                        "clue_text": "이에 비하여 THIOPAQ 공정을 통해 생산되는 바이오황은 생산량은 적으나 화학황보다 입자 크기가 작고 약알카리성이며, 친수성으로 화장품, 살충제, 농약, 비료 등의 고부가 제품으로 광범위하게 사용될 수 있는 잠재력을 가지는 것으로 보고되고 있다.",
                        "clue_start": "1757",
                        "clue_end": "1895"
                    }
                ],
                "terminology": [
                    {
                        "word": "Amine"
                    },
                    {
                        "word": "Claus"
                    },
                    {
                        "word": "HS"
                    },
                    {
                        "word": "THIOPAQ 공법"
                    },
                    {
                        "word": "THIOPAQ 공정"
                    },
                    {
                        "word": "VOC"
                    },
                    {
                        "word": "compounds"
                    },
                    {
                        "word": "psi"
                    },
                    {
                        "word": "매립가스"
                    },
                    {
                        "word": "메탄"
                    },
                    {
                        "word": "미생물"
                    },
                    {
                        "word": "바이오황"
                    },
                    {
                        "word": "박테리아"
                    },
                    {
                        "word": "수산화철"
                    },
                    {
                        "word": "수용액"
                    },
                    {
                        "word": "신재생에너지"
                    },
                    {
                        "word": "암모니아"
                    },
                    {
                        "word": "약알카리성"
                    },
                    {
                        "word": "에너지원"
                    },
                    {
                        "word": "전처리"
                    },
                    {
                        "word": "정유사 탈황"
                    },
                    {
                        "word": "철-킬레이트 공법"
                    },
                    {
                        "word": "친수성"
                    },
                    {
                        "word": "황산"
                    },
                    {
                        "word": "황산염환원세균"
                    },
                    {
                        "word": "황화수소"
                    }
                ]
            },
            {
                "context_id": "55e-0c9-merge_28a7cd33-1456-4a7a-bf57-ca8c1e2971d6_01",
                "context_K-NSCC": {
                    "field": "생명",
                    "large_category": "LA",
                    "medium_category": "09"
                },
                "context": "<p>그러나 이러한 여러 장점과 가능성을 가지고 있는 THIOPAQ 공정은 다른 생물학적 처리공법과 마찬가지로 문제발생 후 정상 회복이 쉽지 않다는 단점이 있기 때문에 유입 매립가스내 황 부하의 변동에 따른 미생물학적 내부 메커너즘의 유지관리가 매우 중요하다. 즉, 유입유량 밎 \\( \\mathrm { H } _ { 2 } \\mathrm { S } \\) 농도에 의해서 결정되는 황부하(S-Load)의 급격한 변화에 효과적으로 대응하지 못하면 미생물의 사멸, 거품 형성 등에 의하여 안정된 생물학적 황 전환이 이루어지지 못하고, 부가적인 화학적 반응에 의하여 시스템의 붕괴를 초래할 수 있다. 또한 생산된 바이오황의 품질은 고부가 이용을 위해 필수적이고, 이는 \\( \\mathrm { H } _ { 2 } \\mathrm { S } \\) 전처리 공정의 운전방식에 의해 크게 영향을 받는다. 따라서 안정적인 공정을 유지하고 처리효율을 높이면서 고품질의 바이오황 생산을 위해서는 처리시설 단위 공정 사이의 균형유지를 위한 최적운전 요소와 조건을 찾아 적용해야하며, 이는 문헌이나 메뉴얼에서 게시하는 일반적인 공정설계나 운전지표 값만으로는 얻어질 수 없는 것이다.</p> <p>본 연구는 국내 최대 규모의 매립장에 THIOPAQ 시설을 설치한 후 약 \\( 2 \\)년간의 운전을 통하여 매립가스내 \\( \\mathrm { H } _ { 2 } \\mathrm { S } \\)의 효과적인 전처리와 생산된 바이오황의 품질을 높일 수 있는 최적의 공정지표별 운전조건을 연구하였다. 특히 대규모 매립장에서 발생하는 다량의 매립가스를 대상으로 본 공법을 적용하여 연구한 경우로는 세계 최초이므로, 향후 국내외 매립가스 내 \\( \\mathrm { H } _ { 2 } \\mathrm { S } \\)의 효과적 제거를 통한 각종 에너지원으로서의 활용도를 높이고 생산된 황의 고부가 이용에 기여할 수 있을 것으로 사료된다.</p> <h1>2. 연구방법</h1> <h2>\\( 2.1 \\) 연구 대상지 개요</h2> <p>수도권지역의 생활 및 건설폐기물 등의 처리를 위해 조성된 S매립지는 Table \\( 2 \\)의 두 개의 매립장에 대하여 \\( 1992 \\)년부터 \\( 2018 \\)년까지 매립이 이루어졌으며, 현재 세 번째 매립장에 매립이 진행 중이다. 사후관리 중인 두 매립장에서 발생된 매립가스는 수평가스 포집관 \\( 48 \\)개, 이격구간 가스 포집관 \\( 60 \\)개 및 수직가스 포집관 \\( 329 \\)개에 의해 포집되고 있고, 포집된 매립가스는 \\( 6 \\)대의 가스 블로워, \\( 31 \\)개의 가스 분배실 등에 의해 총 \\( 80.5 \\mathrm { km } \\) 의 가스이송관로를 거쳐서 최종적으로 Fig. \\( 1 \\)의 \\( 50 \\mathrm { MW } \\) 규모의 매립가스 발전시설로 공급되고 있다.</p>",
                "context_length": 1401,
                "clue": [
                    {
                        "clue_text": "특히 대규모 매립장에서 발생하는 다량의 매립가스를 대상으로 본 공법을 적용하여 연구한 경우로는 세계 최초이므로, 향후 국내외 매립가스 내 \\( \\mathrm { H } _ { 2 } \\mathrm { S } \\)의 효과적 제거를 통한 각종 에너지원으로서의 활용도를 높이고 생산된 황의 고부가 이용에 기여할 수 있을 것으로 사료된다.",
                        "clue_start": "762",
                        "clue_end": "947"
                    },
                    {
                        "clue_text": "본 연구는 국내 최대 규모의 매립장에 THIOPAQ 시설을 설치한 후 약 \\( 2 \\)년간의 운전을 통하여 매립가스내 \\( \\mathrm { H } _ { 2 } \\mathrm { S } \\)의 효과적인 전처리와 생산된 바이오황의 품질을 높일 수 있는 최적의 공정지표별 운전조건을 연구하였다.",
                        "clue_start": "598",
                        "clue_end": "761"
                    },
                    {
                        "clue_text": "그러나 이러한 여러 장점과 가능성을 가지고 있는 THIOPAQ 공정은 다른 생물학적 처리공법과 마찬가지로 문제발생 후 정상 회복이 쉽지 않다는 단점이 있기 때문에 유입 매립가스내 황 부하의 변동에 따른 미생물학적 내부 메커너즘의 유지관리가 매우 중요하다.",
                        "clue_start": "3",
                        "clue_end": "145"
                    }
                ],
                "terminology": [
                    {
                        "word": "THIOPAQ 공정"
                    },
                    {
                        "word": "가스 분배실"
                    },
                    {
                        "word": "가스이송관로"
                    },
                    {
                        "word": "공정지표별 운전조건"
                    },
                    {
                        "word": "매립가스"
                    },
                    {
                        "word": "미생물학적 내부 메커너즘"
                    },
                    {
                        "word": "바이오황"
                    },
                    {
                        "word": "생물학적 황 전환"
                    },
                    {
                        "word": "수직가스 포집관"
                    },
                    {
                        "word": "수평가스 포집관"
                    },
                    {
                        "word": "에너지원"
                    },
                    {
                        "word": "유입유량"
                    },
                    {
                        "word": "이격구간 가스 포집관"
                    },
                    {
                        "word": "전처리 공정"
                    },
                    {
                        "word": "황 부하"
                    }
                ]
            },
            {
                "context_id": "55e-0c9-merge_28a7cd33-1456-4a7a-bf57-ca8c1e2971d6_03",
                "context_K-NSCC": {
                    "field": "생명",
                    "large_category": "LA",
                    "medium_category": "09"
                },
                "context": "<p>\\( \\mathrm { CO } _ { 2 } + \\mathrm { OH } ^ { - } \\rightarrow \\mathrm { HCO } _ { 3 } ^ { - } \\)<caption>(3)</caption></p> <p>\\( \\mathrm { HCO } _ { 3 } ^ { - } + \\mathrm { OH } ^ { - } \\rightarrow \\mathrm { CO } _ { 3 } ^ { 2- } + \\mathrm { H } _ { 2 } \\mathrm { O } \\)<caption>(4)</caption></p> <p>흡수탑에서 생성된 용액 \\( \\left ( \\mathrm { NaHS } + \\mathrm { H } _ { 2 } \\mathrm { O } \\right ) \\)은 이후 미생물 반응조로 이송된다. 미생물반응조는 대기압과 유사한 압력에서 운전되며, 반응기 공기 공급량은 황산염 발생량을 최소화할 수 있도록 자동제어시스템으로 조절하였다. 미생물 반응조에서 \\( \\mathrm { NaHS } \\) 성분은 간상균류(Thiobacillus)의 작용에 의하여 식 \\( (5) \\) 와 같이 황으로 전환된다. 미생물 반응조에서는 흡수탑에서 손실된 \\( \\mathrm { OH } ^ { - } \\)가 식 ( \\( 5 \\))에 의하여 일부 재생되지만, 식 ( \\( 6 \\))의 반응도 일어나기 때문에 \\( 25 \\% \\) \\( \\mathrm { NaOH } \\) 수용액을 계측장치가 부착된 펌프를 이용하여 지속적 재공급하였다. 운전기간 동안 자동계측장치를 통해 미생물반응조 내의 수용액의 양과 유출양이 일정수준이 되도록 조절함으로써 황산염이온의 축적을 방지하도록 하였고, 생성된 기체는 대기로 배출시켰다. 한편, 미생물에 필요한 영양소는 \\( 12 \\)종류의 염류로 구성되는 Nutrimix \\( 34 / 32 \\) solution을 사용하였다.</p> <p>\\( \\mathrm { NaHS } + 1 / 2 \\mathrm { O } _ { 2 } \\rightarrow \\mathrm { S } ^ { 0 } + \\mathrm { NaOH } \\)<caption>(5)</caption></p> <p>\\( 2 \\mathrm { NaHS } + 4 \\mathrm { O } _ { 2 } \\rightarrow \\mathrm { NaHSO } _ { 4 } \\leftrightarrow \\mathrm { Na } _ { 2 } \\mathrm { SO } _ { 4 } + \\mathrm { H } _ { 2 } \\mathrm { SO } _ { 4 } \\)<caption>(6)</caption></p> <p>미생물반응조에서 유출된 현탁액은 침전조에서 물과 분리한 뒤 침전물의 일부는 공정유지에 필요한 만큼 재활용하고 나머지는 탈수 후 회수하였다. 또한 상등수의 일부를 흡수탑으로 재순환하여 사용하고 잉여분은 폐수로 배출하였다. Fig. \\(2 \\)는 본 연구에서 사용한 THIOPAQ 공법의 황화수소 제거설비의 공정 구성도이고, Table \\(3 \\)은 동 설비의 세부사양이다.</p>",
                "context_length": 1519,
                "clue": [
                    {
                        "clue_text": "흡수탑에서 생성된 용액 \\( \\left ( \\mathrm { NaHS } + \\mathrm { H } _ { 2 } \\mathrm { O } \\right ) \\)은 이후 미생물 반응조로 이송된다.",
                        "clue_start": "304",
                        "clue_end": "413"
                    },
                    {
                        "clue_text": "미생물 반응조에서 \\( \\mathrm { NaHS } \\) 성분은 간상균류(Thiobacillus)의 작용에 의하여 식 \\( (5) \\) 와 같이 황으로 전환된다.",
                        "clue_start": "491",
                        "clue_end": "582"
                    },
                    {
                        "clue_text": "미생물 반응조에서는 흡수탑에서 손실된 \\( \\mathrm { OH } ^ { - } \\)가 식 ( \\( 5 \\))에 의하여 일부 재생되지만, 식 ( \\( 6 \\))의 반응도 일어나기 때문에 \\( 25 \\% \\) \\( \\mathrm { NaOH } \\) 수용액을 계측장치가 부착된 펌프를 이용하여 지속적 재공급하였다.",
                        "clue_start": "583",
                        "clue_end": "759"
                    },
                    {
                        "clue_text": "한편, 미생물에 필요한 영양소는 \\( 12 \\)종류의 염류로 구성되는 Nutrimix \\( 34 / 32 \\) solution을 사용하였다.",
                        "clue_start": "860",
                        "clue_end": "938"
                    }
                ],
                "terminology": [
                    {
                        "word": "Na"
                    },
                    {
                        "word": "NaOH"
                    },
                    {
                        "word": "THIOPAQ 공법"
                    },
                    {
                        "word": "간상균류"
                    },
                    {
                        "word": "미생물"
                    },
                    {
                        "word": "상등수"
                    },
                    {
                        "word": "수용액"
                    },
                    {
                        "word": "염류"
                    },
                    {
                        "word": "침전물"
                    },
                    {
                        "word": "침전조"
                    },
                    {
                        "word": "탈수"
                    },
                    {
                        "word": "현탁액"
                    },
                    {
                        "word": "황"
                    },
                    {
                        "word": "황산염"
                    },
                    {
                        "word": "황산염이온"
                    },
                    {
                        "word": "황화수소"
                    },
                    {
                        "word": "흡수탑"
                    }
                ]
            },
            {
                "context_id": "55e-0c9-merge_28a7cd33-1456-4a7a-bf57-ca8c1e2971d6_02",
                "context_K-NSCC": {
                    "field": "생명",
                    "large_category": "LA",
                    "medium_category": "09"
                },
                "context": "<p>S매립지는 생활 및 건설폐기물이 함께 처리됨에 따라 일반적인 생활폐기물 매립장과는 달리 고농도의 \\( \\mathrm { H } _ { 2 } \\mathrm { S } \\)가 발생하고 있다. 다만, Table 2에서 보는 바와 같이 2000년 10월 매립이 종료된 제 1매립장은 2018년 9월 종료된 제2매립장에 비하여 매립가스발생량과 \\( \\mathrm { H } _ { 2 } \\mathrm { S } \\) 농도가 크게 감소한 상태이다.</p> <h2>2.2 공법 및 전처리 설비</h2> <p>발전소로 공급되는 매립가스내 고농도 \\( \\mathrm { H } _ { 2 } \\mathrm { S } \\)의 제거를 위해 THIOPAQ 공법에 의한 두 개의 매립가스 전처리시설을 병렬로 설치하였다. 각 시설은 크게 세 개의 단위공정으로 이루어겨 있는데, 매립가스에 포함된 \\( \\mathrm { H } _ { 2 } \\mathrm { S } \\)를 흡수시키는 흡수탑(Scrubber), 미생물에 의하여 황화물을 원소 황으로 전환하는 미생물반응조(Bioreactor) 그리고 침전조와 탈수기로 구성된 황 분리 회수계통이다. 매립가스가 흡수밥에 유입되면 매립가스내 \\( \\mathrm { H } _ { 2 } \\mathrm { S } \\)는 노즐을 통해 상부에서 뿌려지는 \\( \\mathrm { pH~ } 8 \\sim 9 \\)의 가성소다 \\( ( \\mathrm { NaOH } ) \\) 순환수와 식 (1)과 같이 반응한다. 이때 생성된 황화물( \\( \\mathrm { NaHS } \\))의 일부는 식 (2)에 의해 황산으로 변화된다. 알칼리도의 소모는 대부분 식 (1)에 의하나, 소량이 식 (3)에 따라 소모되어 식 (4)와 같이 탄산염을 생성한다.</p> <p>\\( \\mathrm { H } _ { 2 } \\mathrm { S } + \\mathrm { NaOH } \\rightarrow \\mathrm { NaHS } + \\mathrm { H } _ { 2 } \\mathrm { O } \\)<caption>(1)</caption></p> <p>\\( 2 \\mathrm { NaHS } + 4 \\mathrm { O } _ { 2 } \\rightarrow 2 \\mathrm { NaHSO } _ { 4 } + \\mathrm { H } _ { 2 } \\mathrm { SO } _ { 4 } \\)<caption>(2)</caption></p>",
                "context_length": 1198,
                "clue": [
                    {
                        "clue_text": "S매립지는 생활 및 건설폐기물이 함께 처리됨에 따라 일반적인 생활폐기물 매립장과는 달리 고농도의 \\( \\mathrm { H } _ { 2 } \\mathrm { S } \\)가 발생하고 있다.",
                        "clue_start": "3",
                        "clue_end": "108"
                    },
                    {
                        "clue_text": "발전소로 공급되는 매립가스내 고농도 \\( \\mathrm { H } _ { 2 } \\mathrm { S } \\)의 제거를 위해 THIOPAQ 공법에 의한 두 개의 매립가스 전처리시설을 병렬로 설치하였다.",
                        "clue_start": "282",
                        "clue_end": "394"
                    },
                    {
                        "clue_text": "각 시설은 크게 세 개의 단위공정으로 이루어겨 있는데, 매립가스에 포함된 \\( \\mathrm { H } _ { 2 } \\mathrm { S } \\)를 흡수시키는 흡수탑(Scrubber), 미생물에 의하여 황화물을 원소 황으로 전환하는 미생물반응조(Bioreactor) 그리고 침전조와 탈수기로 구성된 황 분리 회수계통이다.",
                        "clue_start": "395",
                        "clue_end": "575"
                    },
                    {
                        "clue_text": "매립가스가 흡수밥에 유입되면 매립가스내 \\( \\mathrm { H } _ { 2 } \\mathrm { S } \\)는 노즐을 통해 상부에서 뿌려지는 \\( \\mathrm { pH~ } 8 \\sim 9 \\)의 가성소다 \\( ( \\mathrm { NaOH } ) \\) 순환수와 식 (1)과 같이 반응한다.",
                        "clue_start": "576",
                        "clue_end": "742"
                    }
                ],
                "terminology": [
                    {
                        "word": "Bioreactor"
                    },
                    {
                        "word": "THIOPAQ 공법"
                    },
                    {
                        "word": "노즐"
                    },
                    {
                        "word": "매립가스"
                    },
                    {
                        "word": "매립가스발생량"
                    },
                    {
                        "word": "미생물"
                    },
                    {
                        "word": "미생물반응조"
                    },
                    {
                        "word": "알칼리도"
                    },
                    {
                        "word": "전처리"
                    },
                    {
                        "word": "탄산염"
                    },
                    {
                        "word": "황산"
                    },
                    {
                        "word": "황화물"
                    },
                    {
                        "word": "흡수탑"
                    }
                ]
            }
        ]
    }
}