{
    "dataset_info": {
        "identifier": "02-031-002-NL",
        "name": "기술과학 문서 요약 데이터",
        "category": "자연어",
        "last_updated": "2023-08-30"
    },
    "dataset": {
        "doc_id": "8a2ae4d1-3efe2f1c-fb9f-4c2f-8acf-d22a4b309e00",
        "doc_type": "논문",
        "doc_title": {
            "kor": "기능성 멸치 스낵의 제조조건",
            "eng": ""
        },
        "doc_category": {
            "KDC": "470.5",
            "DDC": ""
        },
        "doc_number": {
            "ISSN": "1225-9918",
            "ISBN": "",
            "DOI": "",
            "UCI": ""
        },
        "doc_year": "2003",
        "doc_author": [
            "강동수",
            "최옥수"
        ],
        "doc_publisher": "한국생명과학회",
        "doc_license": "CC BY",
        "context_info": [
            {
                "context_id": "55e-0c9-1cc6a839-e8f2-4e77-916e-7d1e9a51ff06",
                "context_K-NSCC": {
                    "field": "생명",
                    "large_category": "LA",
                    "medium_category": "09"
                },
                "context": "<h1>재료 및 방법</h1> <h2>재료</h2> <p>실헙에 사용한 멸치(Engraulis japonica, 체장 \\( 3.2 \\sim 4.4 \\mathrm{~cm} \\), 체중 \\( 0.1 \\sim 0.2 \\mathrm{~g} \\) )는 건조된 통 멸치를 여수시 중앙동 중앙시장에서 구입하여 사용하였다.</p> <h2>조미액의 제조</h2> <p>조미액은 멸치의 비린 냄새와 짠맛을 조절하고 기능성 성분 검토를 위해 향신료와 설탕 등을 이용해 예비실험을 통하여 적당한 사용량을 설정하여 Table 1 에서와 같이 설탕 \\( 7 \\% \\), 소금 \\( 2 \\% \\), 간장 \\( 5 \\% \\), 생강 \\( 2 \\% \\), 후추 \\( 1 \\% \\), 마늘 \\( 5 \\% \\), 양파 \\( 5 \\% \\), 합초 추출물 \\( 2 \\% \\), 타우린 \\( 0.5 \\% \\) 에 물을 넣고 조미액 \\( -1 \\) 을 만들었고, 됙김가루 \\( 15 \\% \\), 물엿 \\( 15 \\sim 20 \\% \\), 콩가루 \\( 10 \\% \\), 깨가루 \\( 2 \\% \\) 에 물을 넣고 조미액-2를 만들었다.</p> <h2>멸치 스낵 제조</h2> <p>멸치 스낵은 Fig. 1의 제조공정에 따라 제조하였다. 즉, 먼저 혼합 조미액-1에 멸치를 침지시켜 조미액이 층분히 스며들게 한 다음 적당한 수분 함량까지 건조시킨다. 그리고 미리 준비된 조미액-2를 멸치에 덧 입인 후 멸치의 딱딱함을 없애고 바삭한 스낵 효과를 내기 위하여 건조된 멸치를 microwave oven을 이용하여 팽화하였다.</p> <h2>팽화도 측정</h2> <p>시료를 100 ml용량의 메스실린더에 넣고 일정랑의 해사를 첨가하여 실린더의 밑부분을 가볍게 치면서 시료에 해사가 완전히 덮이도록 하여 팽화제품의 부피를 측정하였다. 동일한 방법으로 팽화 전의 시료 부피를 측정하여 팽화도는 팽화전후의 부피차에 대한 백분(\\(\\%\\))로 표시하였다.</p> <h2>절단강도 측정</h2> <p>Rheometer(Model CR-100D, Sun Scientific Co., Japan)를 이용하여 시료의 texture profile analysis (TPA)를 실시하였다. 시료의 크기는 \\( 5 \\mathrm{~mm} \\times 40 \\mathrm{~mm} \\times 3 \\mathrm{~mm}(\\mathrm{~W} \\times \\mathrm{L} \\times \\mathrm{H}) \\)로 하였으며 load range는 \\( 10 \\mathrm{~kg} \\) 으로 하였고 chart speed는 \\( 60 \\mathrm{~mm} / \\mathrm{min} \\) 으로 하여 축정하였다.</p> <h2>색도 측점</h2> <p>시로의 색도는 색차계(COLORI-meter JC801S, Juki, Japan)를 사용하여 reference plate는 백색판을 기군으로 \\( X \\) 값은 78.19, \\( \\mathrm{Y} \\) 값은 79.43, \\( \\mathrm{Z} \\) 값은 89.21로 하는 Hunter scale에 의해 \\( \\mathrm{L} \\) (lightness), \\( \\mathrm{a} \\) (redness) 및 \\( \\mathrm{b} \\) (yellowness) 값으로 표시하였다.</p> <h2>점도 측정</h2> <p>조미액-2의 점도는 회전점도계(DV-III, Brookfield Eng. Inc., USA)를 사용하여 3회 반복 측정하였다. 일정한 온도 조절이 가능한 항온수조에서 회전수를 변화시키며 점도를 축정하였으며 컵의 온도는 \\( 25^{\\circ} \\mathrm{C} \\) 를 유지하도록 조절하였다.</p> <h2>통계처리</h2> <p>결과의 통계처리는 SPSS program(Ver. 10)을 사용하여 분산분석(ANOVA test)과 Duncan의 다중검정법(Duncan's multiple range test)으로 유의성을 검정하였다.</p>",
                "context_length": 1927,
                "clue": [
                    {
                        "clue_text": "조미액은 멸치의 비린 냄새와 짠맛을 조절하고 기능성 성분 검토를 위해 향신료와 설탕 등을 이용해 예비실험을 통하여 적당한 사용량을 설정하여 Table 1 에서와 같이 설탕 \\( 7 \\% \\), 소금 \\( 2 \\% \\), 간장 \\( 5 \\% \\), 생강 \\( 2 \\% \\), 후추 \\( 1 \\% \\), 마늘 \\( 5 \\% \\), 양파 \\( 5 \\% \\), 합초 추출물 \\( 2 \\% \\), 타우린 \\( 0.5 \\% \\) 에 물을 넣고 조미액 \\( -1 \\) 을 만들었고, 됙김가루 \\( 15 \\% \\), 물엿 \\( 15 \\sim 20 \\% \\), 콩가루 \\( 10 \\% \\), 깨가루 \\( 2 \\% \\) 에 물을 넣고 조미액-2를 만들었다.",
                        "clue_start": "197",
                        "clue_end": "554"
                    },
                    {
                        "clue_text": "실헙에 사용한 멸치(Engraulis japonica, 체장 \\( 3.2 \\sim 4.4 \\mathrm{~cm} \\), 체중 \\( 0.1 \\sim 0.2 \\mathrm{~g} \\) )는 건조된 통 멸치를 여수시 중앙동 중앙시장에서 구입하여 사용하였다.",
                        "clue_start": "32",
                        "clue_end": "172"
                    },
                    {
                        "clue_text": "멸치 스낵은 Fig. 1의 제조공정에 따라 제조하였다.",
                        "clue_start": "580",
                        "clue_end": "610"
                    },
                    {
                        "clue_text": "시료를 100 ml용량의 메스실린더에 넣고 일정랑의 해사를 첨가하여 실린더의 밑부분을 가볍게 치면서 시료에 해사가 완전히 덮이도록 하여 팽화제품의 부피를 측정하였다.",
                        "clue_start": "793",
                        "clue_end": "885"
                    },
                    {
                        "clue_text": "결과의 통계처리는 SPSS program(Ver. 10)을 사용하여 분산분석(ANOVA test)과 Duncan의 다중검정법(Duncan's multiple range test)으로 유의성을 검정하였다.",
                        "clue_start": "1810",
                        "clue_end": "1923"
                    }
                ],
                "terminology": [
                    {
                        "word": "Brookfield"
                    },
                    {
                        "word": "Duncan"
                    },
                    {
                        "word": "Hunter scale"
                    },
                    {
                        "word": "Rheometer"
                    },
                    {
                        "word": "SPSS program"
                    },
                    {
                        "word": "chart speed"
                    },
                    {
                        "word": "load range"
                    },
                    {
                        "word": "reference plate"
                    },
                    {
                        "word": "texture profile analysis"
                    },
                    {
                        "word": "다중검정법"
                    },
                    {
                        "word": "됙김가루"
                    },
                    {
                        "word": "메스실린더"
                    },
                    {
                        "word": "백색판"
                    },
                    {
                        "word": "분산분석"
                    },
                    {
                        "word": "색차계"
                    },
                    {
                        "word": "시료"
                    },
                    {
                        "word": "실린더"
                    },
                    {
                        "word": "조미액"
                    },
                    {
                        "word": "체장"
                    },
                    {
                        "word": "타우린"
                    },
                    {
                        "word": "팽화"
                    },
                    {
                        "word": "합초 추출물"
                    },
                    {
                        "word": "해사"
                    },
                    {
                        "word": "회전점도계"
                    }
                ]
            },
            {
                "context_id": "55e-0c9-27e7028e-2065-47fc-933d-b4d288b79fe4",
                "context_K-NSCC": {
                    "field": "생명",
                    "large_category": "LA",
                    "medium_category": "09"
                },
                "context": "<h1>결과 및 고찰</h1> <h2>조직감</h2> <p>대부분의 건조식품에 있어서 품칠은 조직감에 의해 결정되며, 이러한 조직감은 수분함량과 밀접한 관계가 있다. 팽화시 적당한 수분함량을 조사하기 위하여 튀김가루와 물엿의 양을 달리하였을 때 경도 및 전단강도의 변화을 조사한 결과는 Table 2 와 같다. 절단강도는 대체로 튀김가루와 물엿의 양이 많이 첨가된 시료일수록 큰 값을 보였고, 팽화전 멸치의 수분함량에 따른 차이는 크게 나타나지 않았다. 그러나 수분이 \\( 10 \\% \\) 일 때 팽화한 시료는 너무 강한 경도를 나타내어 수분 \\( 30 \\% \\) 일 때가 줗은 것으로 나타냈다.</p> <h2>조미액-2의 점착성</h2> <p>시료에 대한 조미액-2의 적당한 점착성을 보기 위해 튀김가루와 물엿의 양을 달리하였을 때 조미액-2의 점도를 측정하여 Table 3에 나타내었다. 전체적으로 튀김가루와 몰엿의 양이 많이 첨가된 시료일수록 높은 점도를 나타내었으며, 튀김가루 \\( 5 \\% \\)일 때의 시료는 \\( 8.29 \\pm 0.34 \\sim 19.66 \\pm \\) \\( 0.89(\\mathrm{cP}) \\) 의 점도를 보이는데 이 시료는 1차 침지한 상태의 멸치에 아주 소량만 점착되었으머, 튀김가루 \\( 20 \\% \\)일 때의 시료는 \\( 58.76 \\pm 6.88 \\sim 171.06 \\pm 10.51(\\mathrm{cP}) \\)의 점도를 보이며 실제로 많은 양의 조미액이 멸치에 불어 스낵이 두터워지고 작업에 어러움을 주었다. 그래서 점도가 약 \\( 20 \\sim 100(\\mathrm{cP}) \\)를 가지는 튀김가루 \\( 10 \\% \\sim 15 \\% \\)의 시료가 적당한 점착량을 보였고, 작업하기에도 편리하였다. 그리고 튀김가루 \\( 10 \\% \\) 일 때의 시료는 물엿의 사용랑이 \\(25\\%\\)일 때 적당한 점도를 보이는데 이 경우는 팽화 후 단맛이 너무 강하여 부적당하였으며, 뒤김가루 \\( 15 \\% \\) 일 때의 시료는 물엿의 사용량이 \\(15\\sim 20 \\% \\) 일 때 점도가 \\( 35.30 \\pm 2.44 \\sim 49.33 \\pm 2.85\\left(\\mathrm{cP}^{3}\\right) \\)로 나타나 가장 적당한 점착성을 보였다. 따라서 조미맥-2의 최적 배합비는 튀김가루 \\( 15 \\% \\), 물엿 \\( 15 \\sim 20 \\% \\), 콩가루 \\( 10 \\% \\) 및 깨가루 \\( 2 \\% \\)로 하였다.</p> <h2>팽화시간</h2> <p>조미액에 침지한 멸치를 수분 \\( 30 \\% \\) 진후로 전조한 후 팽화할 때의 적당한 시간을 조사하기 위하여 microwave oven에서의 가열시간에 따른 조직감의 변화를 측정한 결과를 Table 4 에 나타내었다. 전체적으로 절단강도는 가열 시간에 따른 큰 차이를 나타내지 않았으며, 10 초 동안 가열한 경우는 경도가 너무 낮게 나타나 무른 감을 주었고, 30 초 동안 가열한 경우는 경도가 너무 높게 나타나 딱딱해져 좋지 못했다. 따라서 본 실험에서 퐹화를 의한 적당한 시간은 20 초로 나타났다. 일반적으로 팽화도는 수분함랑이 감소할수록 중가하고, 또한 온도가 높아질수록 증가하며 팽화시간은 단축되는 것으로 보고되어 있다.</p> <h2>관능적 득성</h2> <p>팽화전 시료의 수분합량과 조미액-2에서 튀김가루와 물엿의 농도를 달리하여 제조한 멸치 스낵의 관능검사를 실시한 결과는 Table 5 에 나타내었다. 꽌능검사 결과, 모든 평가항목에서 \\( 5 \\% \\) 수준에서 유의적인 차이를 보였다. 특히 수분함량 \\( 30 \\% \\), 튀김가루 \\( 15 \\% \\) 에 물엿 \\( 20 \\% \\) 를 넣어 제조한 제품 (a-4)은 냄새, 단닷, 짠맛에서 유의적인 차이를 보였으며, 수분함량 \\( 30 \\% \\), 튀김가루 \\( 15 \\% \\) 에 물엿 \\( 10 \\% \\) 를 넣어 제조한 제폼 \\( (\\mathrm{a}-3) \\) 은 외관, 색조, 조직감 및 전체적인 평가에서 유의적인 차이를 보여 가장 선호도가 높은 제품으로 나타났다. 이상의 결과로 미루어 보아 멸치 스낵의 최적가공조건은 팽화전 시료의 수분함량은 \\( 30 \\% \\) 전후가 적당하며, 조미액-2에서 퇴김가루는 \\( 15 \\% \\), 물엿의 농도는 \\( 10 \\sim 20 \\% \\), 적당한 팽화시간은 20 초로 나타났다.</p>",
                "context_length": 2135,
                "clue": [
                    {
                        "clue_text": "대부분의 건조식품에 있어서 품칠은 조직감에 의해 결정되며, 이러한 조직감은 수분함량과 밀접한 관계가 있다.",
                        "clue_start": "33",
                        "clue_end": "92"
                    },
                    {
                        "clue_text": "팽화시 적당한 수분함량을 조사하기 위하여 튀김가루와 물엿의 양을 달리하였을 때 경도 및 전단강도의 변화을 조사한 결과는 Table 2 와 같다.",
                        "clue_start": "93",
                        "clue_end": "173"
                    },
                    {
                        "clue_text": "조미액에 침지한 멸치를 수분 \\( 30 \\% \\) 진후로 전조한 후 팽화할 때의 적당한 시간을 조사하기 위하여 microwave oven에서의 가열시간에 따른 조직감의 변화를 측정한 결과를 Table 4 에 나타내었다.",
                        "clue_start": "1231",
                        "clue_end": "1353"
                    },
                    {
                        "clue_text": "전체적으로 절단강도는 가열 시간에 따른 큰 차이를 나타내지 않았으며, 10 초 동안 가열한 경우는 경도가 너무 낮게 나타나 무른 감을 주었고, 30 초 동안 가열한 경우는 경도가 너무 높게 나타나 딱딱해져 좋지 못했다.",
                        "clue_start": "1354",
                        "clue_end": "1476"
                    }
                ],
                "terminology": [
                    {
                        "word": "microwave oven"
                    },
                    {
                        "word": "관능검사"
                    },
                    {
                        "word": "단닷"
                    },
                    {
                        "word": "배합비"
                    },
                    {
                        "word": "시료"
                    },
                    {
                        "word": "전단강도"
                    },
                    {
                        "word": "점도"
                    },
                    {
                        "word": "조미액"
                    },
                    {
                        "word": "조직감"
                    },
                    {
                        "word": "침지"
                    },
                    {
                        "word": "팽화"
                    },
                    {
                        "word": "팽화전"
                    }
                ]
            }
        ]
    }
}