{
    "dataset_info": {
        "identifier": "02-031-002-NL",
        "name": "기술과학 문서 요약 데이터",
        "category": "자연어",
        "last_updated": "2023-08-30"
    },
    "dataset": {
        "doc_id": "28a7cd33-6ef4-4667-8254-39ca3850f236",
        "doc_type": "논문",
        "doc_title": {
            "kor": "인삼(Panax ginseng과 전칠삼(Panax notoginseng) 추출물의 항산화능",
            "eng": "Antioxidant potential of root extracts of Panax ginseng and Panax notoginseng"
        },
        "doc_category": {
            "KDC": "521.305",
            "DDC": ""
        },
        "doc_number": {
            "ISSN": "1976-0442",
            "ISBN": "",
            "DOI": "",
            "UCI": ""
        },
        "doc_year": "2021",
        "doc_author": [
            "인만진",
            "김동청"
        ],
        "doc_publisher": "한국응용생명화학회",
        "doc_license": "CC BY",
        "context_info": [
            {
                "context_id": "55e-0c9-5702c2c9-82c2-40ce-95fd-9bdcf34d1400",
                "context_K-NSCC": {
                    "field": "생명",
                    "large_category": "LA",
                    "medium_category": "99"
                },
                "context": "<p>인삼과 전칠삼의 \\( 30 \\% \\) 에탄올 추출물은 ABTS 양이온라디칼을 농도에 비례하여 소거하였다(Fig. 1A). ABTS 양이온라디칼을 절반 소거하는 농도인 \\( \\mathrm{EC}_{50} \\) 값은 인삼 추출물이 \\( 4.76 \\pm 0.12 \\) \\( \\mathrm{mg} / \\mathrm{mL} \\) 이었고, 전칠삼 추출물이 \\( 6.24 \\pm 0.14 \\mathrm{mg} / \\mathrm{mL} \\) 로 나타나 인삼 추출물의 양이온라디칼 소거활성이 다소 우수하였다 \\( (p<0.05 \\), Table 2). 대조물질인 L-ascorbic acid의 ABTS 양이온라디칼에 대한 \\( \\mathrm{EC}_{50 \\text { 값은 }} 66.4 \\pm 2.1 \\mu \\mathrm{g} / \\mathrm{mL} \\) 로 나타나(Table 2), 인삼과 전칠삼 추출물의 양이온라디칼 소거능은 L-ascorbic acid에 비해서는 크게 낮았으나 인삼과 전칠삼 추출물은 단일 성분이 아니라 다당체 등의 다양한 성분이 다량 함유된 혼합물이고 폴리페놀 함량이 낮은 것을 감안하면 양이온라디칼 소거능이 우수하다고 볼 수 있다. 기존의 연구에서도 두충잎 추출물은 폴리페놀 함량이 \\( 64.1 \\mathrm{mg} / \\mathrm{g} \\) 에 \\( \\mathrm{ABTS} \\) 라디칼소거에 대한 \\( \\mathrm{EC}_{50} \\) 값이 \\( 560.6 \\mu \\mathrm{g} / \\mathrm{mL} \\) [20]이었고, 연잎 추출물은 폴리페놀 함량이 \\( 186.2 \\) \\( \\mathrm{mg} / \\mathrm{g} \\) 에 ABTS 라디칼에 대한 \\( \\mathrm{EC}_{50} \\) 값이 \\( 274.1 \\mu \\mathrm{g} / \\mathrm{mL} \\)로 나타나 추출물의 폴리페놀 함량에 비례하여 양이온라디칼 소거능이 증가함을 알 수 있었다. 인삼의 메탄올 추출물과 전칠삼의 물 추출물도 \\( \\mathrm{mg} / \\mathrm{mL} \\) 수준에서 DPPH 유리라디칼을 소거하는 것으로 나타나 본 연구의 ABTS 양이온라디칼 소거능과 비슷하였다. 특히 전칠삼 물 추출물은 \\( 10 \\mathrm{mg} / \\mathrm{mL} \\) 에서 ABTS 양이 온라디칼을 \\( 52.4 \\% \\) 소거한다고 보고[13]하였는데 본 연구의 전칠삼의 \\( 30 \\% \\) 에탄올 추출물이 \\( 6.24 \\mathrm{mg} / \\mathrm{mL} \\) 에서 ABTS 양이온라디칼을 \\( 50 \\% \\) 소거하는 것에 비해 활성이 낮은 수준이었다. 이는 추출용매의 극성 차이로 인해 추출물의 폴리페놀 함량이 달라지고 이에 따라 항산화 활성에서도 차이가 나타나는 것으로 볼 수 있다.</p> <p>인삼과 전칠삼의 \\( 30 \\% \\) 에탄올 추출물의 농도에 비례하여 환원력이 증가하였다(Fig. \\(1\\)B). 반응액의 흡광도가 \\( 0.500 \\) 에 이르는데 필요한 농도인 \\( \\mathrm{EC}_{50} \\) 값은 인삼 추출물이 \\( 1.99 \\pm 0.01 \\mathrm{mg} / \\mathrm{mL} \\)이었고, 전칠삼 추출물이 \\( 3.13 \\pm 0.05 \\mathrm{mg} / \\mathrm{mL} \\) 로 나타나 인삼 추출물의 환원력이 다소 우수하였다 \\( (p<0.05 \\), Table 2\\( ) \\). 기존의 식물의 잎 추출물의 항산화 연구에서 두충잎 추출물은 폴리페놀 함량이 \\( 64.1 \\mathrm{mg} / \\mathrm{g} \\) 에 환원력의 \\( \\mathrm{EC}_{50} \\) 값이 \\( 319.96 \\mu \\mathrm{g} / \\mathrm{mL} \\) [20]이었고, 연잎 추출물은 폴리페놀 함량이 \\( 186.2 \\mathrm{mg} / \\mathrm{g} \\) 에 환원력의 \\( \\mathrm{EC}_{50} \\) 값이 \\( 238.1 \\mu \\mathrm{g} / \\mathrm{mL} \\) [22]으로 나타나 환원력 역시 추출물의 폴리페놀 함량에 비례함을 보여준다. 대조물질인 L-ascorbic acid의 환원력의 \\( \\mathrm{EC}_{50} \\) 값이 \\( 35.4 \\pm 1.6 \\mu \\mathrm{g} / \\mathrm{mL} \\) (Table \\(2\\))인 것에 비해 인삼과 전칠삼 추출물의 환원력은 낮았으나, 뿌리 추출물로서 항산화 활성이 우수하다고 보고된 삼채 뿌리 에탄올 추출물의 환원력 \\( \\left(\\mathrm{EC}_{50}=3.22 \\mathrm{mg} / \\mathrm{mL}\\right) \\)과 비교하였을 때 인삼과 전칠삼의 뿌리 추출물의 환원력은 우수하다고 여겨진다.</p>",
                "context_length": 2309,
                "clue": [
                    {
                        "clue_text": "인삼과 전칠삼의 \\( 30 \\% \\) 에탄올 추출물은 ABTS 양이온라디칼을 농도에 비례하여 소거하였다(Fig.",
                        "clue_start": "3",
                        "clue_end": "65"
                    },
                    {
                        "clue_text": "인삼과 전칠삼의 \\( 30 \\% \\) 에탄올 추출물의 농도에 비례하여 환원력이 증가하였다(Fig.",
                        "clue_start": "1371",
                        "clue_end": "1425"
                    },
                    {
                        "clue_text": "대조물질인 L-ascorbic acid의 환원력의 \\( \\mathrm{EC}_{50} \\) 값이 \\( 35.4 \\pm 1.6 \\mu \\mathrm{g} / \\mathrm{mL} \\) (Table \\(2\\))인 것에 비해 인삼과 전칠삼 추출물의 환원력은 낮았으나, 뿌리 추출물로서 항산화 활성이 우수하다고 보고된 삼채 뿌리 에탄올 추출물의 환원력 \\( \\left(\\mathrm{EC}_{50}=3.22 \\mathrm{mg} / \\mathrm{mL}\\right) \\)과 비교하였을 때 인삼과 전칠삼의 뿌리 추출물의 환원력은 우수하다고 여겨진다.",
                        "clue_start": "2003",
                        "clue_end": "2305"
                    },
                    {
                        "clue_text": "인삼의 메탄올 추출물과 전칠삼의 물 추출물도 \\( \\mathrm{mg} / \\mathrm{mL} \\) 수준에서 DPPH 유리라디칼을 소거하는 것으로 나타나 본 연구의 ABTS 양이온라디칼 소거능과 비슷하였다.",
                        "clue_start": "953",
                        "clue_end": "1069"
                    }
                ],
                "terminology": [
                    {
                        "word": "ABTS 라디칼"
                    },
                    {
                        "word": "ABTS 양이온라디칼"
                    },
                    {
                        "word": "DPPH 유리라디칼"
                    },
                    {
                        "word": "L-ascorbic acid"
                    },
                    {
                        "word": "acid"
                    },
                    {
                        "word": "극성 차"
                    },
                    {
                        "word": "다당체"
                    },
                    {
                        "word": "메탄올"
                    },
                    {
                        "word": "물 추출물"
                    },
                    {
                        "word": "반응액"
                    },
                    {
                        "word": "소거능"
                    },
                    {
                        "word": "소거활성"
                    },
                    {
                        "word": "에탄올 추출물"
                    },
                    {
                        "word": "인삼"
                    },
                    {
                        "word": "추출용매"
                    },
                    {
                        "word": "폴리페놀 함량"
                    },
                    {
                        "word": "항산화 활성"
                    },
                    {
                        "word": "환원력"
                    },
                    {
                        "word": "흡광도"
                    }
                ]
            },
            {
                "context_id": "55e-0c9-0b25a394-253b-4817-bbef-ac8512dacc6a",
                "context_K-NSCC": {
                    "field": "생명",
                    "large_category": "LA",
                    "medium_category": "99"
                },
                "context": "<h2>인삼과 전칠삼의 추출 및 폴리페놀 함량</h2> <p>인삼과 전칠삼의 분말에 \\( 30 \\%(\\mathrm{v} / \\mathrm{v}) \\) 에탄올 수용액을 10 배 \\( (\\mathrm{w} / \\mathrm{v}) \\) 가하고 \\( 50{ }^{\\circ} \\mathrm{C} \\) 의 항온진탕조에서 \\(2\\)시간 추출한 후 원심분리 \\( (3,000 \\times \\mathrm{g}, 10 \\) 분 \\( ) \\) 하여 상등액을 취하고 여과지로 걸러서 인삼과 전칠삼 추출물을 얻었다.</p> <p>인삼과 전칠삼의 \\( 30 \\% \\) 에탄올 추출물의 폴리페놀 함량을 확인하기 위해 10 배 \\( (\\mathrm{w} / \\mathrm{v}) \\) 희석된 Folin \\& Ciocalteu's phenol 용액에 인삼과 전칠삼 추출물을 첨가하여 실온에서 \\(5\\) 분 반응시킨 다음 \\( 10 \\%(\\mathrm{w} / \\mathrm{v}) \\) sodium carbonate 용액을 가하고 실온에서 \\(1\\)시간 정치한 후 \\( 725 \\mathrm{~nm} \\) 의 흡광도를 측정하였다.</p> <h2>인삼과 전칠삼 추출물의 항산화 활성</h2> <p>인삼과 전칠삼의 \\( 30 \\% \\) 에탄올 추출물의 \\( \\mathrm{ABTS} \\) 양이온라디칼 소거활성을 확인하기 위해 \\( \\mathrm{ABTS} \\) 용액 \\( (7.5 \\mathrm{mM} \\mathrm{ABTS}+2.5 \\mathrm{mM} \\) potassium persulfate)을 만들어 어두운 곳에서 \\(15\\)시간 방치한 다음 \\( 414 \\mathrm{nm} \\) 에서의 흡광도가 \\( 1.500 \\pm 0.100 \\) 이 되게 희석하여 얻어진 ABTS 용액에 인삼과 전칠삼 추출물을 첨가하여 실온에 서 \\(90\\) 분 반응시킨 후 \\( 414 \\mathrm{nm} \\) 의 흡광도를 측정하였다. \\( \\mathrm{ABTS} \\) 양이온라디칼 소거활성 \\( (\\%) \\) 은 [\\(1\\)-(실험군의 흡광도/대조군의 흡광도 \\( )] \\times 100 \\) 으로 계산하였다.</p> <p>인삼과 전칠삼의 \\( 30 \\% \\) 에탄올 추출물의 환원력을 확인하기 위해 \\( 0.2 \\mathrm{M} \\) phosphate 완충용액 \\( (\\mathrm{pH} \\quad 6.86) \\) 에 인삼과 전칠삼 추출물을 넣고 \\( 1 \\% \\) potassium ferricyanide를 혼합하여 \\( 50{ }^{\\circ} \\mathrm{C} \\) 에서 \\(20\\) 분 반응시킨 다음 반응액에 \\( 10 \\% \\) trichloroacetic acid를 처리하여 원심분리 \\( (3,000 \\times \\mathrm{g}, 10 \\) 분)한 후 상등액을 얻고 \\( 0.1 \\% \\) ferric chloride를 넣어 \\( 700 \\mathrm{~nm} \\) 의 흡광도를 측정하였다[16]. 환원력은 추출물의 농도에 따른 흡광도의 변화로 확인하였다.</p> <p>인삼과 전칠삼의 \\( 30 \\% \\) 에탄올 추출물의 아질산염 소거활성을 확인하기 위해 \\( 0.2 \\mathrm{M} \\) citric acid 완충용액 \\( (\\mathrm{pH} \\) 1.2)에 인삼과 전칠삼 추출물을 넣고 \\( 1 \\mathrm{mM} \\) sodium nitrite을 혼합하여 \\( 37^{\\circ} \\mathrm{C} \\) 에서 \\(1\\) 시간 반응시킨 다음 \\( 2 \\% \\) acetic acid와 Griess 시약을 차례로 첨가하여 실온에서 \\(15\\) 분 정치시킨 후 \\( 520 \\mathrm{~nm} \\) 의 흡광도를 측정하였다. 아질산염 소거활성(\\%)은 [\\(1\\)-(실험군의 흡광도/대조군의 흡광도)] \\( \\times 100 \\) 으로 계산하였다.</p> <p>항산화 활성의 실험 결과는 Excel 2010 (Microsoft Co., Redmond, WA, USA)으로 분석하여 평균 \\( \\pm \\) 표준편차로 나타내었고, 인삼과 전칠삼 추출물 간의 항산화 활성의 차이에 대한 통계적 유의성은 \\( \\mathrm{t} \\)-test를 통해 검정하였다 \\( (p<0.05) \\).</p>",
                "context_length": 2066,
                "clue": [
                    {
                        "clue_text": "인삼과 전칠삼의 분말에 \\( 30 \\%(\\mathrm{v} / \\mathrm{v}) \\) 에탄올 수용액을 10 배 \\( (\\mathrm{w} / \\mathrm{v}) \\) 가하고 \\( 50{ }^{\\circ} \\mathrm{C} \\) 의 항온진탕조에서 \\(2\\)시간 추출한 후 원심분리 \\( (3,000 \\times \\mathrm{g}, 10 \\) 분 \\( ) \\) 하여 상등액을 취하고 여과지로 걸러서 인삼과 전칠삼 추출물을 얻었다.",
                        "clue_start": "34",
                        "clue_end": "277"
                    },
                    {
                        "clue_text": "인삼과 전칠삼의 \\( 30 \\% \\) 에탄올 추출물의 폴리페놀 함량을 확인하기 위해 10 배 \\( (\\mathrm{w} / \\mathrm{v}) \\) 희석된 Folin \\& Ciocalteu's phenol 용액에 인삼과 전칠삼 추출물을 첨가하여 실온에서 \\(5\\) 분 반응시킨 다음 \\( 10 \\%(\\mathrm{w} / \\mathrm{v}) \\) sodium carbonate 용액을 가하고 실온에서 \\(1\\)시간 정치한 후 \\( 725 \\mathrm{~nm} \\) 의 흡광도를 측정하였다.",
                        "clue_start": "285",
                        "clue_end": "561"
                    },
                    {
                        "clue_text": "항산화 활성의 실험 결과는 Excel 2010 (Microsoft Co., Redmond, WA, USA)으로 분석하여 평균 \\( \\pm \\) 표준편차로 나타내었고, 인삼과 전칠삼 추출물 간의 항산화 활성의 차이에 대한 통계적 유의성은 \\( \\mathrm{t} \\)-test를 통해 검정하였다 \\( (p<0.05) \\).",
                        "clue_start": "1883",
                        "clue_end": "2062"
                    }
                ],
                "terminology": [
                    {
                        "word": "ABTS"
                    },
                    {
                        "word": "ABTS 용액"
                    },
                    {
                        "word": "Folin \\& Ciocalteu's phenol"
                    },
                    {
                        "word": "Griess"
                    },
                    {
                        "word": "Griess 시약"
                    },
                    {
                        "word": "acetic acid"
                    },
                    {
                        "word": "chloride"
                    },
                    {
                        "word": "citric acid"
                    },
                    {
                        "word": "ferric chloride"
                    },
                    {
                        "word": "phenol"
                    },
                    {
                        "word": "phosphate 완충용액"
                    },
                    {
                        "word": "potassium ferricyanide"
                    },
                    {
                        "word": "potassium persulfate"
                    },
                    {
                        "word": "sodium carbonate"
                    },
                    {
                        "word": "sodium nitrite"
                    },
                    {
                        "word": "trichloroacetic acid"
                    },
                    {
                        "word": "검정"
                    },
                    {
                        "word": "대조군"
                    },
                    {
                        "word": "반응액"
                    },
                    {
                        "word": "상등액"
                    },
                    {
                        "word": "소거활성"
                    },
                    {
                        "word": "수용액"
                    },
                    {
                        "word": "실험군"
                    },
                    {
                        "word": "아질산염 소거활성"
                    },
                    {
                        "word": "양이온라디칼"
                    },
                    {
                        "word": "에탄올 수용액"
                    },
                    {
                        "word": "에탄올 추출물"
                    },
                    {
                        "word": "여과지"
                    },
                    {
                        "word": "완충용액"
                    },
                    {
                        "word": "원심분리"
                    },
                    {
                        "word": "전칠삼"
                    },
                    {
                        "word": "통계적 유의성"
                    },
                    {
                        "word": "폴리페놀"
                    },
                    {
                        "word": "폴리페놀 함량"
                    },
                    {
                        "word": "표준편차"
                    },
                    {
                        "word": "항산화 활성"
                    },
                    {
                        "word": "항온진탕조"
                    },
                    {
                        "word": "환원력"
                    },
                    {
                        "word": "흡광도"
                    }
                ]
            }
        ]
    }
}