{
    "dataset_info": {
        "identifier": "02-031-002-NL",
        "name": "기술과학 문서 요약 데이터",
        "category": "자연어",
        "last_updated": "2023-08-30"
    },
    "dataset": {
        "doc_id": "8a2ae4d1-2694d6eb-570e-4de8-9bce-5a8110338e87",
        "doc_type": "논문",
        "doc_title": {
            "kor": "생물방제능과 식물성장촉진능을 동시에 가지는 Bacillus licheniformis K11의 non-siderophore 항진균 물질 및 cellulase의 생산조건 확인",
            "eng": ""
        },
        "doc_category": {
            "KDC": "470.5",
            "DDC": ""
        },
        "doc_number": {
            "ISSN": "1225-9918",
            "ISBN": "",
            "DOI": "",
            "UCI": ""
        },
        "doc_year": "2007",
        "doc_author": [
            "우상민",
            "김상달"
        ],
        "doc_publisher": "한국생명과학회",
        "doc_license": "CC BY",
        "context_info": [
            {
                "context_id": "55e-0c9-merge_la_8a2ae4d1-2694d6eb-570e-4de8-9bce-5a8110338e87_01",
                "context_K-NSCC": {
                    "field": "생명",
                    "large_category": "LA",
                    "medium_category": "09"
                },
                "context": "<h3>식물병원성 진균의 균사체 성장억제 측정</h3> <p>PGPR균주 B. licheniformis K11의 항진균 spectrum을 조사하기 위해 Table 1 의 7종의 식물병원성진균을 대상으로 균사체 성장억제능을 조사하였다. 성장억제거리 조사방법은 \\( 50 \\% \\) potato dextrose agar(PDA)와 \\( 50 \\% \\) nutrient agar를 함유한 평판배지의 우측에 식물병원성 진균들을 \\( 6 \\mathrm { ~mm } \\) 크기의 disc로 접종하여 \\( 28 ^ {\\circ } \\mathrm { C } \\) 에서 48 시간 배양 후 \\( 4 \\mathrm { ~cm } \\) 의 간격에 B. licheniformis K11을 획선하여 \\( 28 ^ {\\circ } \\mathrm { C } \\) 에서 배양하여 서로간의 증식선단까지의 거리를 측정, 비교 하였다.</p> <h3>B. lichniformis \\( \\mathrm { K } 11 \\) 이 생산하는 항진균성 물질의 조사</h3> <p>B. lichniformis K11이 생산하는 항진균성 물질의 생산을 확인하기 위해 균사체 성장억제거리 측정에서 가장 강력히 억제된 Fusarium oxysporum f. sp. lycopersici(KACC 40037)을 대상으로 항진균성 물질을 조사하였다. 항진균성 물질의 곰팡이 성장억제 활성은 건조균체량 측정 방법으로 조사하였으며, non-siderophore 항징균성 물질의 생산을 확인하기 위해 많이 이용된 유기용매 분획방법을 사용하였다. 건조균체량을 측정하기 위해서 B. lichenformis K11를 nutrient broth에 접종하고 3 일간 진탕배양 후 배양상등액을 회수하였으며, \\( 50 \\mathrm { ml } \\) PDB 에 여과한 배양상등액 \\( 25 \\mathrm { ml } \\) 를 흔합 후 미리 준비해둔 F. oxysporium의 분생포자(conidia) \\( 100 \\mu 1 \\) 를 접종하여 \\( 30 ^ {\\circ } \\mathrm { C } , 4 \\) 일간 배양하였다. 이 배양액을 Whatman No. 2에 여과하여 \\( 80 ^ {\\circ } \\mathrm { C } \\) 에서 1 시간 건조한 후 건조균체량을 촉정하였고, 대조군은 nutrient broth를 \\( 25 \\mathrm { ml } \\) 첨가하여 F .oxysporium 을 배양한 것으로 하여 비교하였다. 추가적으로 균사의 성장을 눈으로 확인하기 위해 여과한 배양상등액 10 \\( \\mathrm { ml } \\) 를 \\( 45 ^ {\\circ } \\mathrm { C } \\) 로 식혀둔 \\( 15 \\mathrm { ml } ) PDA에 흔합하여 고체배지를 만든 후, \\( 6 \\mathrm { ~mm } )disc 크기의 F. oxysporium를 고체배지 중앙에 계대하고 \\( 28 ^ {\\circ } \\mathrm { C } , 4 \\) 일간 배양한 후 균사체의 성장에 따른 곰팡이 성장억제 활성을 확인하였다. 대조군은 배양상등액 대신 \\( 10 \\mathrm { ml } \\) nutrient broth와 흔합한 고체배지를 사용하였다.</p>",
                "context_length": 1573,
                "clue": [
                    {
                        "clue_text": "PGPR균주 B. licheniformis K11의 항진균 spectrum을 조사하기 위해 Table 1 의 7종의 식물병원성진균을 대상으로 균사체 성장억제능을 조사하였다.",
                        "clue_start": "34",
                        "clue_end": "130"
                    },
                    {
                        "clue_text": "lichniformis K11이 생산하는 항진균성 물질의 생산을 확인하기 위해 균사체 성장억제거리 측정에서 가장 강력히 억제된 Fusarium oxysporum f. sp. lycopersici(KACC 40037)을 대상으로 항진균성 물질을 조사하였다.",
                        "clue_start": "527",
                        "clue_end": "669"
                    },
                    {
                        "clue_text": "항진균성 물질의 곰팡이 성장억제 활성은 건조균체량 측정 방법으로 조사하였으며, non-siderophore 항징균성 물질의 생산을 확인하기 위해 많이 이용된 유기용매 분획방법을 사용하였다.",
                        "clue_start": "670",
                        "clue_end": "775"
                    }
                ],
                "terminology": [
                    {
                        "word": "B. lichenformis"
                    },
                    {
                        "word": "B. licheniformis"
                    },
                    {
                        "word": "F. oxysporium"
                    },
                    {
                        "word": "Fusarium oxysporum"
                    },
                    {
                        "word": "PDA"
                    },
                    {
                        "word": "PDB"
                    },
                    {
                        "word": "PGPR균주"
                    },
                    {
                        "word": "disc"
                    },
                    {
                        "word": "licheniformis"
                    },
                    {
                        "word": "non-siderophore 항징균성 물질"
                    },
                    {
                        "word": "nutrient agar"
                    },
                    {
                        "word": "nutrient broth"
                    },
                    {
                        "word": "potato dextrose agar"
                    },
                    {
                        "word": "spectrum"
                    },
                    {
                        "word": "건조균체량"
                    },
                    {
                        "word": "계대"
                    },
                    {
                        "word": "고체배지"
                    },
                    {
                        "word": "균사체"
                    },
                    {
                        "word": "배양상등액"
                    },
                    {
                        "word": "분생포자"
                    },
                    {
                        "word": "성장억제거리 조사방법"
                    },
                    {
                        "word": "성장억제능"
                    },
                    {
                        "word": "식물병원성진균"
                    },
                    {
                        "word": "유기용매"
                    },
                    {
                        "word": "진균"
                    },
                    {
                        "word": "진탕배양"
                    },
                    {
                        "word": "평판배지"
                    },
                    {
                        "word": "항진균"
                    },
                    {
                        "word": "항진균성"
                    },
                    {
                        "word": "항진균성 물질"
                    },
                    {
                        "word": "활성"
                    },
                    {
                        "word": "획선"
                    }
                ]
            },
            {
                "context_id": "55e-0c9-merge_la_8a2ae4d1-2694d6eb-570e-4de8-9bce-5a8110338e87_03",
                "context_K-NSCC": {
                    "field": "생명",
                    "large_category": "LA",
                    "medium_category": "09"
                },
                "context": "<p>용하였다. 효소반응 시 P. capsici 기질은 \\( 50 \\mathrm { mM } \\) phosphate buffer \\( ( \\mathrm { pH } \\) 6.0)에 건조된 cell wall을 일정량 넣은 후,Ultraschallprozessor(UP200s, Dr. Hielscher GmbH, Stuttgart)를 이용해 파쇄 후 멸균 증류수와 원심분리기를 이용해 3회 수세하였으며, 침전물을 동일한 buffer에 현탁하여 기질로 이용하였다. 그리고 효소 반응시 효소액으로는 본 균주가 생산하는 cellulase의 조효소액을 사용하였으며, 이는 B. lichen-iformis K11을 nutrient broth에서 \\( 30 ^ {\\circ } \\mathrm { C } \\) 에서 72 시간 배양 후 배양상등액을 염석과 투석 과정을 거쳐 조제하였다. Cellulase의 활성은 DNS 방법으로 확인하였고, cellulase의 활성도 1 unit는 1 분 동안 \\( 0.1 \\mu \\mathrm { g } \\) 의 glucose를 생산하는 효소의 양으로 정의하였다.</p> <h3>배양시간, 배양온도, 그리고 \\( \\mathrm { pH } \\) 에 따른 항진균성 물질의 생산 및 cellulase의 활성 확인</h3> <p>배양시간, 배양온도, 그리고 \\( \\mathrm { pH } \\) 에 따른 B. licheniformis K11의 항진균성 물질의 생산과 cellulase의 효소활성을 확인하기 위해서, \\( 30 ^ {\\circ } \\mathrm { C } \\) 에서 24 시간 배양한 전배양액을 \\( 0.1 \\% \\) 농도로 \\( 100 \\mathrm { ml } \\) nutrient broth에 접종하고 \\( 10 ^ {\\circ } \\mathrm { C } , 20 ^ {\\circ } \\mathrm { C } , 30 ^ {\\circ } \\mathrm { C } , 40 ^ {\\circ } \\mathrm { C } \\), \\( 50 ^ {\\circ } \\mathrm { C } \\) 에서 각각 4 일 동안 배양하였으며, 배양시간은 4 인 동안 매일 배양액을 회수하여 균 생육도와 항진균성 물질과 side-rophore의 생산과 cellulase의 활성을 각각 조사하였다. 균생육도는 흡광도 \\( 600 \\mathrm { ~nm } \\) 에서 확인하였으며, 항진균성 물진의 생산확인은 균체량 측정법으로 cellulase의 활성은 CMC 를 기질로 이용하여 DNS방법으로 확인하였고, siderophore의 생산은 Arnow assay방법을 이용하였다. Arnow assay방법 시 표준시약은 Sigma-Aldrich Co., U.S.A.사의 2,3-dihydroxybenzoic acid를 사용하였다.</p> <h3>탄소원과 질소원에 따른 항진균성 물질 및 cellulase의 활성 확인</h3> <p>탄소원과 질소원의 변화에 따라 B. licheniformis K11의 균생육도와 항진균성 물질과 siderophore의 생산 그리고 cellulase의 활성을 측정하기 위해서 Davis minimal medium \\( \\left (0.7 \\% \\mathrm { ~K } _ { 2 } \\mathrm { HPO } _ { 4 } , 0.2 \\% \\mathrm { KH } _ { 2 } \\mathrm { PO } _ { 4 } , 0.1 \\% \\left ( \\mathrm { NH } _ { 4 } \\right )_ { 2 } \\mathrm { SO } _ { 4 } , 0.05 \\% \\right . \\) so-dium citrate \\( \\cdot 2 \\mathrm { H } _ { 2 } \\mathrm { O } , 0.01 \\% \\mathrm { MgSO } _ { 4 } \\cdot 7 \\mathrm { H } _ { 2 } \\mathrm { O } , 0.1 \\% \\) glucose)중 glucose와 \\( \\left ( \\mathrm { NH } _ { 4 } \\right )_ { 2 } \\mathrm { SO } _ { 4 } \\) 대신 10 가지 탄소원과 16 가지의 질소원을 각각 \\( 0.1 \\% \\) 로 첨가한 Davis minimal medium을 제조하여 \\( 30 ^ {\\circ } \\mathrm { C } \\) 에서 4 일간 진탕배양 후 위와 동일한 방법으로 균 생육도, 항진균성 물질과 siderophore의 생산, 그리고 cellulase의 활성을 조사하였다.</p>",
                "context_length": 2207,
                "clue": [
                    {
                        "clue_text": "효소반응 시 P. capsici 기질은 \\( 50 \\mathrm { mM } \\) phosphate buffer \\( ( \\mathrm { pH } \\) 6.0)에 건조된 cell wall을 일정량 넣은 후,Ultraschallprozessor(UP200s, Dr. Hielscher GmbH, Stuttgart)를 이용해 파쇄 후 멸균 증류수와 원심분리기를 이용해 3회 수세하였으며, 침전물을 동일한 buffer에 현탁하여 기질로 이용하였다.",
                        "clue_start": "9",
                        "clue_end": "257"
                    },
                    {
                        "clue_text": "배양시간, 배양온도, 그리고 \\( \\mathrm { pH } \\) 에 따른 B. licheniformis K11의 항진균성 물질의 생산과 cellulase의 효소활성을 확인하기 위해서, \\( 30 ^ {\\circ } \\mathrm { C } \\) 에서 24 시간 배양한 전배양액을 \\( 0.1 \\% \\) 농도로 \\( 100 \\mathrm { ml } \\) nutrient broth에 접종하고 \\( 10 ^ {\\circ } \\mathrm { C } , 20 ^ {\\circ } \\mathrm { C } , 30 ^ {\\circ } \\mathrm { C } , 40 ^ {\\circ } \\mathrm { C } \\), \\( 50 ^ {\\circ } \\mathrm { C } \\) 에서 각각 4 일 동안 배양하였으며, 배양시간은 4 인 동안 매일 배양액을 회수하여 균 생육도와 항진균성 물질과 side-rophore의 생산과 cellulase의 활성을 각각 조사하였다.",
                        "clue_start": "640",
                        "clue_end": "1124"
                    },
                    {
                        "clue_text": "탄소원과 질소원의 변화에 따라 B. licheniformis K11의 균생육도와 항진균성 물질과 siderophore의 생산 그리고 cellulase의 활성을 측정하기 위해서 Davis minimal medium \\( \\left (0.7 \\% \\mathrm { ~K } _ { 2 } \\mathrm { HPO } _ { 4 } , 0.2 \\% \\mathrm { KH } _ { 2 } \\mathrm { PO } _ { 4 } , 0.1 \\% \\left ( \\mathrm { NH } _ { 4 } \\right )_ { 2 } \\mathrm { SO } _ { 4 } , 0.05 \\% \\right . \\) so-dium citrate \\( \\cdot 2 \\mathrm { H } _ { 2 } \\mathrm { O } , 0.01 \\% \\mathrm { MgSO } _ { 4 } \\cdot 7 \\mathrm { H } _ { 2 } \\mathrm { O } , 0.1 \\% \\) glucose)중 glucose와 \\( \\left ( \\mathrm { NH } _ { 4 } \\right )_ { 2 } \\mathrm { SO } _ { 4 } \\) 대신 10 가지 탄소원과 16 가지의 질소원을 각각 \\( 0.1 \\% \\) 로 첨가한 Davis minimal medium을 제조하여 \\( 30 ^ {\\circ } \\mathrm { C } \\) 에서 4 일간 진탕배양 후 위와 동일한 방법으로 균 생육도, 항진균성 물질과 siderophore의 생산, 그리고 cellulase의 활성을 조사하였다.",
                        "clue_start": "1421",
                        "clue_end": "2203"
                    },
                    {
                        "clue_text": "균생육도는 흡광도 \\( 600 \\mathrm { ~nm } \\) 에서 확인하였으며, 항진균성 물진의 생산확인은 균체량 측정법으로 cellulase의 활성은 CMC 를 기질로 이용하여 DNS방법으로 확인하였고, siderophore의 생산은 Arnow assay방법을 이용하였다.",
                        "clue_start": "1125",
                        "clue_end": "1280"
                    }
                ],
                "terminology": [
                    {
                        "word": "B. licheniformis"
                    },
                    {
                        "word": "CMC"
                    },
                    {
                        "word": "Cellulase"
                    },
                    {
                        "word": "DNS"
                    },
                    {
                        "word": "Davis minimal medium"
                    },
                    {
                        "word": "P. capsici"
                    },
                    {
                        "word": "Ultraschallprozessor"
                    },
                    {
                        "word": "cell wall"
                    },
                    {
                        "word": "citrate"
                    },
                    {
                        "word": "glucose"
                    },
                    {
                        "word": "licheniformis"
                    },
                    {
                        "word": "nutrient broth"
                    },
                    {
                        "word": "phosphate buffer"
                    },
                    {
                        "word": "side-rophore"
                    },
                    {
                        "word": "siderophore"
                    },
                    {
                        "word": "so-dium citrate"
                    },
                    {
                        "word": "unit"
                    },
                    {
                        "word": "균생육도"
                    },
                    {
                        "word": "균주"
                    },
                    {
                        "word": "균체량"
                    },
                    {
                        "word": "멸균 증류수"
                    },
                    {
                        "word": "배양상등액"
                    },
                    {
                        "word": "원심분리기"
                    },
                    {
                        "word": "전배양액"
                    },
                    {
                        "word": "조효소액"
                    },
                    {
                        "word": "진탕배양"
                    },
                    {
                        "word": "질소원"
                    },
                    {
                        "word": "투석"
                    },
                    {
                        "word": "표준시약"
                    },
                    {
                        "word": "항진균성 물질"
                    },
                    {
                        "word": "활성"
                    },
                    {
                        "word": "효소활성"
                    }
                ]
            },
            {
                "context_id": "55e-0c9-merge_la_8a2ae4d1-2694d6eb-570e-4de8-9bce-5a8110338e87_06",
                "context_K-NSCC": {
                    "field": "생명",
                    "large_category": "LA",
                    "medium_category": "09"
                },
                "context": "<h3>배양조건에 따른 항진균성 뭅질의 생산 및 cellulase의 활성 확인</h3> <p>B. licheniformis K11의 온도에 따른 항진균성 물질의 생산을 확인한 견과 \\( 30 ^ {\\circ } \\mathrm { C } \\) 에서는 가장 놮은 균 생육과 항진균성 활성을 나타내었다. 하지만 항진균성 siderophore는 \\( 20 ^ {\\circ } \\mathrm { C } \\) 에서 최대 생산을 나타내었고, cellulase의 활성은 \\( 40 ^ {\\circ } \\mathrm { C } \\) 에서 최대를 나타내었다. 배양시간에 따른 항진균 물질의 생산을 확인한 결과 균 생육과 cellulase, 그리고 siderophore는 72시간 배양 시 최대를 나타내었으나, 항진균성 활성은 96시간 배양 시 최대로 나타났다. 또한 B. licheniformis K11의 \\( \\mathrm { pH } \\) 에 따른 항진균성 물질 및 siderophroe의 생산과 cellulase의 활성을 조사한 결과, \\( \\mathrm { pH } \\) 7.0에서 최대 균 생육을 나타내었고, 항진균 활성은 \\( \\mathrm { pH } 8.0 \\) 에서 가장 높개 나타났다. 하지만 siderophore의 생산은 \\( \\mathrm { pH } \\) 9.0에서 가장 높았고, cellulase의 최대 활성은 \\( \\mathrm { pH } \\) 6.0에서 가장 높았다. 그리고 여러 종류의 탄소원을 천가하여 확인한 결과 균 생육은 trehalrose, starch, \\( \\mathrm { D } ( + ) \\)-maltose, \\( \\mathrm { D } ( + ) \\)-galactose 순이었고, 항진균 활성은 starch에서 가장 높았으며, 그 다음으로 \\( \\mathrm { D } (-)- \\)</p> <p>그 결과 B. licheniformis K11균주는 토마토 무름병과 고추 꼭지썩음병을 유발하는 일으키는 R. stolonifer var. stolonifer(KACC 41365)균주를 제외하고 6종의 식물병원성진균에 대한 균사 억제능을 확인 할 수 있었고, 가장 강력한 억제능을 보이는 F. oxysporum(KACC 40037)을 대상으로 항진균성 물질을 확인 조사하였다. 그 결과 n-butanol 분획에서 sidcrophore 존재를 확인 할 수 없었지만, 강력한 항진균 활성은 나타내는 항진균성 물질을 확인 할 수 있었다. 이는B. licheniformis K11 가 항진균성 siderophore 뿐만 아니라 항진균성 물질을 생산하는 것을 의미한다. 그리하여 PGPR균주인 B. licheniformis K11는 auxin, siderophore 그리고 cellulase, 뿐만아니라 항진균성 물질도 생산하는 것을 확인하였다. 차후 B. licheniformis K11이 생산하는 항진균성 활성물질을 분리, 정제하여 확인할 것이다.</p>",
                "context_length": 1443,
                "clue": [
                    {
                        "clue_text": "B. licheniformis K11의 온도에 따른 항진균성 물질의 생산을 확인한 견과 \\( 30 ^ {\\circ } \\mathrm { C } \\) 에서는 가장 놮은 균 생육과 항진균성 활성을 나타내었다.",
                        "clue_start": "52",
                        "clue_end": "166"
                    },
                    {
                        "clue_text": "배양시간에 따른 항진균 물질의 생산을 확인한 결과 균 생육과 cellulase, 그리고 siderophore는 72시간 배양 시 최대를 나타내었으나, 항진균성 활성은 96시간 배양 시 최대로 나타났다.",
                        "clue_start": "303",
                        "clue_end": "415"
                    },
                    {
                        "clue_text": "또한 B. licheniformis K11의 \\( \\mathrm { pH } \\) 에 따른 항진균성 물질 및 siderophroe의 생산과 cellulase의 활성을 조사한 결과, \\( \\mathrm { pH } \\) 7.0에서 최대 균 생육을 나타내었고, 항진균 활성은 \\( \\mathrm { pH } 8.0 \\) 에서 가장 높개 나타났다.",
                        "clue_start": "416",
                        "clue_end": "607"
                    },
                    {
                        "clue_text": "그리하여 PGPR균주인 B. licheniformis K11는 auxin, siderophore 그리고 cellulase, 뿐만아니라 항진균성 물질도 생산하는 것을 확인하였다.",
                        "clue_start": "1282",
                        "clue_end": "1380"
                    },
                    {
                        "clue_text": "차후 B. licheniformis K11이 생산하는 항진균성 활성물질을 분리, 정제하여 확인할 것이다.",
                        "clue_start": "1381",
                        "clue_end": "1439"
                    }
                ],
                "terminology": [
                    {
                        "word": "B. licheniformis"
                    },
                    {
                        "word": "F. oxysporum"
                    },
                    {
                        "word": "R. stolonifer var. stolonifer"
                    },
                    {
                        "word": "cellulase"
                    },
                    {
                        "word": "licheniformis"
                    },
                    {
                        "word": "n-butanol"
                    },
                    {
                        "word": "n-butanol 분획"
                    },
                    {
                        "word": "pH"
                    },
                    {
                        "word": "sidcrophore"
                    },
                    {
                        "word": "siderophore"
                    },
                    {
                        "word": "starch"
                    },
                    {
                        "word": "배양"
                    },
                    {
                        "word": "배양조건"
                    },
                    {
                        "word": "분획"
                    },
                    {
                        "word": "생육"
                    },
                    {
                        "word": "식물병원성진균"
                    },
                    {
                        "word": "정제"
                    },
                    {
                        "word": "최대 활성"
                    },
                    {
                        "word": "탄소원"
                    },
                    {
                        "word": "항진균 물질"
                    },
                    {
                        "word": "항진균 활성"
                    },
                    {
                        "word": "항진균성 물질"
                    },
                    {
                        "word": "활성물질"
                    }
                ]
            },
            {
                "context_id": "55e-0c9-merge_la_8a2ae4d1-2694d6eb-570e-4de8-9bce-5a8110338e87_00",
                "context_K-NSCC": {
                    "field": "생명",
                    "large_category": "LA",
                    "medium_category": "09"
                },
                "context": "<h1>생물방제능과 식물성장촉진능을 동시에 가지는 Bacillus licheniformis K11의 non-siderophore 항진균 물질 및 cellulase의 생산조건 확인</h1> <h2>서 론</h2> <p>우리나라 농업에서 농작물의 생산량의 증대를 이유로 유기합성 농약과 화학비료의 무분별한 사용으로 농업생태계가 파괴되고, 농산물의 잔류농약 과다 검출로 소비자의 건강을 위협하고 있다. 뿐만 아니라 세계화에 따른 FTA 체결로 인해 우리 농산물이 외국산 농산물에 경쟁력을 가지려면, 농산물의 품질향상과 안전성을 재고하여야한다. 아울러 국제화에 대응하고 국민의 건강을 보호하기위해 환경친화적인 농법이 요구되며, 이를 위해 많은 미생물제제들이 개발, 사용되고 있다. 그 중에서 식물성장 촉진능과 식물병원성진균의 방재능을 동시에 가지는 PGPR(Plant Growth Promoting Rhizobacterium)균주를 이용하여 식물체의 면역력을 유도하거나 생물방제능을 이용하는 친환경 미생물농법의 연구가 최근 활발히 진행되고 있다. PGPR이란 식물 뿌리주변에 생육하면서 식물에 직-간접적인 영향을 줌으로써 식물의 성장을 촉진하는 근권세균을 말하며, 지금까지 보고된 PGPR균주로는 Azospirillum sp. Azotobactor sp., Bacillus sp., Burkholderia sp., Enterobacter. sp., Kluyvera sp., Pseudomonas sp., Serratia sp. 등 많은 미생물들이 알려져 있다. PGPR균주들이 식물의 성장을 직접적으로 조절하는 기작으로는 인산가용화, 질소고정, 식물성장촉진 호르몬(auxin, cytokinin, gibberelin)의 생산, 에틴렌 조절 등이 알려져 있고, 간접적인 기작으로는 생물방제 기작으로 이용되는 5가지 작용이 있다. 첫 번째는 식물병원성 진균의 세포벽을 분해하는 용균작용, 두 번째는 Bacillus sp., Pseudomonas sp., Streptomyces sp. 등이 생산하는 항생물질에 의해 직접 식물병원균의 생육을 저해하는 항생작용, 세 번째는 식물병원균에 기생하면서 식물에 대한 진균의 병원성을 억제하는 기생작용, 네 번째는 생육공간에서 영양분과 같은 생육에 필요한 인자를 경쟁함으로써 병원균의 생육 및 증식을 억제하는 경쟁적 길항작용, 마지막으로 미생물이 생산하는 exopolysaccharide(EPS), lipopolisaccharide(LPS), sal-icylic acid(SA), siderophore, hydrogen cyanide HCN, 2, 3 -butanediol 등의 물질들에 의해서 식물의 면역기능을 활성화하여 병에 대한 저항성을 유도하는 유도저항성 작용 등을 들 수 있다. 본 연구는 auxin, siderophore, 그리고 cellulase를 생산하는 생물방제능과 식물성장촉진능으로 분리, 선발된 Bacillus licheniformis K11에서 항진균성 siderophore이외의 또 다른 항진균성 물질을 확인하였다. 그리고 본 균주가 생산하는 cellulase가 P. capsici의 세포벽의 분해도 할 수 있었다. 따라서 B. licheniformis K11의 배양조건에 따른 항진균성 물질의 생산과 항진균성 cellulase의 활성을 조사 보고하는 바이다.</p> <h2>재료 및 방법</h2> <h3>사용균주</h3> <p>본 연구에 사용된 균주는 PGPR균주로 선발된 B. lichen-iformis K11로써, 식물성장을 촉진하는 auxin과 철이온( \\( \\left . \\mathrm { Fe } ^ { 3 + } \\right ) \\)의 경쟁에서 우위를 선점하기 위해 생산하는 항진균성 side-rophore, 및 섬유소를 분해하는 cellulase를 생산하는 세균이다. 항진균성 물질의 생산확인을 위한 대상균주로 토마토 시들음병을 유발하는 Fusarium oxysporum f. sp. lycopersi- c i KACC40037 외 6종의 식물병원성진균을 이용하였으며, 사용균주의 상세정보는 Table 1 에 나타내었다.</p>",
                "context_length": 2011,
                "clue": [
                    {
                        "clue_text": "우리나라 농업에서 농작물의 생산량의 증대를 이유로 유기합성 농약과 화학비료의 무분별한 사용으로 농업생태계가 파괴되고, 농산물의 잔류농약 과다 검출로 소비자의 건강을 위협하고 있다.",
                        "clue_start": "121",
                        "clue_end": "221"
                    },
                    {
                        "clue_text": "국제화에 대응하고 국민의 건강을 보호하기위해 환경친화적인 농법이 요구되며, 이를 위해 많은 미생물제제들이 개발, 사용되고 있다.",
                        "clue_start": "305",
                        "clue_end": "376"
                    },
                    {
                        "clue_text": "PGPR이란 식물 뿌리주변에 생육하면서 식물에 직-간접적인 영향을 줌으로써 식물의 성장을 촉진하는 근권세균을 말하며, 지금까지 보고된 PGPR균주로는 Azospirillum sp. Azotobactor sp., Bacillus sp., Burkholderia sp., Enterobacter. sp., Kluyvera sp., Pseudomonas sp., Serratia sp. 등 많은 미생물들이 알려져 있다.",
                        "clue_start": "526",
                        "clue_end": "757"
                    },
                    {
                        "clue_text": "cellulase를 생산하는 생물방제능과 식물성장촉진능으로 분리, 선발된 Bacillus licheniformis K11에서 항진균성 siderophore이외의 또 다른 항진균성 물질을 확인하였다.",
                        "clue_start": "1382",
                        "clue_end": "1492"
                    },
                    {
                        "clue_text": "항진균성 물질의 생산확인을 위한 대상균주로 토마토 시들음병을 유발하는 Fusarium oxysporum f. sp. lycopersi- c i KACC40037 외 6종의 식물병원성진균을 이용하였으며, 사용균주의 상세정보는 Table 1 에 나타내었다.",
                        "clue_start": "1866",
                        "clue_end": "2007"
                    }
                ],
                "terminology": [
                    {
                        "word": "2, 3 -butanediol"
                    },
                    {
                        "word": "Azospirillum sp."
                    },
                    {
                        "word": "Azotobactor sp"
                    },
                    {
                        "word": "B. lichen-iformis"
                    },
                    {
                        "word": "B. licheniformis"
                    },
                    {
                        "word": "Bacillus"
                    },
                    {
                        "word": "Bacillus licheniformis"
                    },
                    {
                        "word": "Bacillus sp."
                    },
                    {
                        "word": "Burkholderia"
                    },
                    {
                        "word": "Burkholderia sp."
                    },
                    {
                        "word": "Enterobacter. sp."
                    },
                    {
                        "word": "FTA"
                    },
                    {
                        "word": "Fusarium"
                    },
                    {
                        "word": "Fusarium oxysporum"
                    },
                    {
                        "word": "Kluyvera sp."
                    },
                    {
                        "word": "P. capsici"
                    },
                    {
                        "word": "PGPR"
                    },
                    {
                        "word": "PGPR균주"
                    },
                    {
                        "word": "Pseudomonas"
                    },
                    {
                        "word": "Pseudomonas sp."
                    },
                    {
                        "word": "Serratia"
                    },
                    {
                        "word": "Serratia sp."
                    },
                    {
                        "word": "Streptomyces"
                    },
                    {
                        "word": "Streptomyces sp."
                    },
                    {
                        "word": "acid"
                    },
                    {
                        "word": "auxin"
                    },
                    {
                        "word": "cellulase"
                    },
                    {
                        "word": "cyanide"
                    },
                    {
                        "word": "cytokinin"
                    },
                    {
                        "word": "exopolysaccharide"
                    },
                    {
                        "word": "gibberelin"
                    },
                    {
                        "word": "hydrogen"
                    },
                    {
                        "word": "hydrogen cyanide"
                    },
                    {
                        "word": "hydrogen cyanide HCN"
                    },
                    {
                        "word": "licheniformis"
                    },
                    {
                        "word": "lipopolisaccharide"
                    },
                    {
                        "word": "sal-icylic acid"
                    },
                    {
                        "word": "side-rophore"
                    },
                    {
                        "word": "siderophore"
                    },
                    {
                        "word": "경쟁적 길항작용"
                    },
                    {
                        "word": "균주"
                    },
                    {
                        "word": "근권세균"
                    },
                    {
                        "word": "기생작용"
                    },
                    {
                        "word": "기작"
                    },
                    {
                        "word": "길항작용"
                    },
                    {
                        "word": "농업생태계"
                    },
                    {
                        "word": "대상균주"
                    },
                    {
                        "word": "면역기능"
                    },
                    {
                        "word": "미생물"
                    },
                    {
                        "word": "방재능"
                    },
                    {
                        "word": "배양조건"
                    },
                    {
                        "word": "병원균"
                    },
                    {
                        "word": "병원성"
                    },
                    {
                        "word": "사용균주"
                    },
                    {
                        "word": "생물방제"
                    },
                    {
                        "word": "생물방제 기작"
                    },
                    {
                        "word": "생물방제능"
                    },
                    {
                        "word": "생육"
                    },
                    {
                        "word": "섬유소"
                    },
                    {
                        "word": "세포벽"
                    },
                    {
                        "word": "시들음병"
                    },
                    {
                        "word": "식물병원균"
                    },
                    {
                        "word": "식물병원성진균"
                    },
                    {
                        "word": "식물성장촉진"
                    },
                    {
                        "word": "식물성장촉진 호르몬"
                    },
                    {
                        "word": "식물성장촉진능"
                    },
                    {
                        "word": "식물체"
                    },
                    {
                        "word": "에틴렌"
                    },
                    {
                        "word": "용균작용"
                    },
                    {
                        "word": "유기합성"
                    },
                    {
                        "word": "유도저항성"
                    },
                    {
                        "word": "유도저항성 작용"
                    },
                    {
                        "word": "인산"
                    },
                    {
                        "word": "인산가용화"
                    },
                    {
                        "word": "증식"
                    },
                    {
                        "word": "진균"
                    },
                    {
                        "word": "질소고정"
                    },
                    {
                        "word": "친환경 미생물농법"
                    },
                    {
                        "word": "토마토 시들음병"
                    },
                    {
                        "word": "항생물질"
                    },
                    {
                        "word": "항진균"
                    },
                    {
                        "word": "항진균 물질"
                    },
                    {
                        "word": "항진균성"
                    },
                    {
                        "word": "항진균성 물질"
                    },
                    {
                        "word": "호르몬"
                    },
                    {
                        "word": "활성"
                    },
                    {
                        "word": "활성화"
                    }
                ]
            },
            {
                "context_id": "55e-0c9-merge_la_8a2ae4d1-2694d6eb-570e-4de8-9bce-5a8110338e87_10",
                "context_K-NSCC": {
                    "field": "생명",
                    "large_category": "LA",
                    "medium_category": "09"
                },
                "context": "<h1>생물방제능과 식물성장촉진능을 동시에 가지는 Bacillus licheniformis K11의 non-siderophore 항진균 물질 및 cellulase의 생산조건 확인</h1> <h2>서 론</h2> <p>우리나라 농업에서 농작물의 생산량의 증대를 이유로 유기합성 농약과 화학비료의 무분별한 사용으로 농업생태계가 파괴되고, 농산물의 잔류농약 과다 검출로 소비자의 건강을 위협하고 있다. 뿐만 아니라 세계화에 따른 FTA 체결로 인해 우리 농산물이 외국산 농산물에 경쟁력을 가지려면, 농산물의 품질향상과 안전성을 재고하여야한다. 아울러 국제화에 대응하고 국민의 건간을 보호가기위해 환경친화적인 농법이 요구되며, 이를 위해 많은 미생물제제들이 개발, 사용되고 있다. 그 중에서 식물성장 촉진능과 식물병원성진균의 방제능을 동시에 가지는 PGPR(Plant Growth Promoting Rhizobacterium)균주를 이용하여 식물체의 면역력을 유도하거나 생물방제능을 이용하는 친환경 미생물농법의 연구가 최근 활발히 진행되고 있다. PGPR이란 식물 뿌리주변에 생육하면서 식물에 직 . 간접적인 영향을 줌으로써 식물의 성장을 촉진하는 근권세균을 말하며, 지금까지 보고된 PGPR균주로는 Azospirillum sp. Azotobactor sp., Bacillus sp., Burkholderia sp., Enterobacter. sp., Kluyvera sp., Pseudomonas sp., Serratia sp. 등 많은 미생물들이 알려져 있다.</p> <p>PGPR균주들이 식물의 성장을 직접적으로 조절하는 기작으로는 인산가용화, 질소고정, 식물성장촉진 호르몬(auxin, cytokinin, gibberelin)의 생산, 에틸렌 조절 등이 알려져 있고 , 간접적인 기작으로는 생물방제 기작으로 이용되는 5가지 작용이 있다. 첫 번째는 식물병원성 진균의 세포벽을 분해하는 용균작용, 두 번째는 Bacillus sp, Pseudomonas sp, Streptomyces sp 등이 생산하는 항생물질에 의해 직접 식물병원균의 생육을 저해하는 항생작용, 세 번째는 식물병원균에 기생하면서 식물에 대한 진균의 병원성을 억제하는 기생작용, 네 번째는 생육공간에서 영양분과 같은 생육에 필요한 인자를 경쟁함으로써 병원균의 생육 및 증식을 억제하는 경쟁적 길항작용, 마지막으로 미생물이 생산하는 exopolysaccharide(EPS), lipopolisaccharide(LPS), salicylic acid(SA), siderophore, hydrogen cyanide( \\( \\mathrm { HCN } ), 2,3- \\) butanediol 등의 물질들에 의해서 식물의 면역기능을 활성화하여 병에 대한 저항성을 유도하는 유도저항성 작용 등을 들 수 있다. 본 연구는 auxin, siderophore, 그리고 cellulase를 생산하는 생물방제능과 식물성장촉진능으로 분리, 선발된 Bacillus licheniformis K11에서 항진균성 siderophore이 외의 또 다른 항진균성 물질을 확인하였다. 그리고 본 균주가 생산하는 cellulase가 P. capsici의 세포벽의 분해도 할 수 있었다. 따라서 B. licheniformis K11의 배양조건에 따른 항진균성 물질의 생산과 항진균성 cellulase의 활성을 조사 보고하는 바이다.</p> <h2>재료 및 방법</h2>",
                "context_length": 1677,
                "clue": [
                    {
                        "clue_text": "그 중에서 식물성장 촉진능과 식물병원성진균의 방제능을 동시에 가지는 PGPR(Plant Growth Promoting Rhizobacterium)균주를 이용하여 식물체의 면역력을 유도하거나 생물방제능을 이용하는 친환경 미생물농법의 연구가 최근 활발히 진행되고 있다.",
                        "clue_start": "377",
                        "clue_end": "525"
                    },
                    {
                        "clue_text": "본 연구는 auxin, siderophore, 그리고 cellulase를 생산하는 생물방제능과 식물성장촉진능으로 분리, 선발된 Bacillus licheniformis K11에서 항진균성 siderophore이 외의 또 다른 항진균성 물질을 확인하였다.",
                        "clue_start": "1378",
                        "clue_end": "1519"
                    },
                    {
                        "clue_text": "그리고 본 균주가 생산하는 cellulase가 P. capsici의 세포벽의 분해도 할 수 있었다.",
                        "clue_start": "1520",
                        "clue_end": "1575"
                    }
                ],
                "terminology": [
                    {
                        "word": "Azospirillum sp"
                    },
                    {
                        "word": "Azotobactor sp"
                    },
                    {
                        "word": "Bacillus licheniformis"
                    },
                    {
                        "word": "Bacillus sp"
                    },
                    {
                        "word": "Burkholderia sp"
                    },
                    {
                        "word": "EPS"
                    },
                    {
                        "word": "Enterobacter. sp"
                    },
                    {
                        "word": "FTA"
                    },
                    {
                        "word": "Kluyvera sp"
                    },
                    {
                        "word": "LPS"
                    },
                    {
                        "word": "P. capsici"
                    },
                    {
                        "word": "PGPR"
                    },
                    {
                        "word": "Pseudomonas sp"
                    },
                    {
                        "word": "Serratia sp"
                    },
                    {
                        "word": "Streptomyces"
                    },
                    {
                        "word": "Streptomyces sp"
                    },
                    {
                        "word": "auxin"
                    },
                    {
                        "word": "cellulase"
                    },
                    {
                        "word": "cyanide"
                    },
                    {
                        "word": "cytokinin"
                    },
                    {
                        "word": "exopolysaccharide"
                    },
                    {
                        "word": "gibberelin"
                    },
                    {
                        "word": "hydrogen"
                    },
                    {
                        "word": "hydrogen cyanide"
                    },
                    {
                        "word": "lipopolisaccharide"
                    },
                    {
                        "word": "salicylic acid"
                    },
                    {
                        "word": "siderophore"
                    },
                    {
                        "word": "경쟁적 길항작용"
                    },
                    {
                        "word": "균주"
                    },
                    {
                        "word": "근권세균"
                    },
                    {
                        "word": "기생작용"
                    },
                    {
                        "word": "길항작용"
                    },
                    {
                        "word": "면역기능"
                    },
                    {
                        "word": "미생물"
                    },
                    {
                        "word": "미생물제제"
                    },
                    {
                        "word": "방제능"
                    },
                    {
                        "word": "배양조건"
                    },
                    {
                        "word": "병원균"
                    },
                    {
                        "word": "생물방제 기작"
                    },
                    {
                        "word": "생물방제능"
                    },
                    {
                        "word": "생육"
                    },
                    {
                        "word": "세포벽"
                    },
                    {
                        "word": "식물병원균"
                    },
                    {
                        "word": "식물병원성진균"
                    },
                    {
                        "word": "식물성장 촉진능"
                    },
                    {
                        "word": "식물성장촉진 호르몬"
                    },
                    {
                        "word": "식물체"
                    },
                    {
                        "word": "에틸렌 조절"
                    },
                    {
                        "word": "용균작용"
                    },
                    {
                        "word": "유기합성"
                    },
                    {
                        "word": "유도저항성"
                    },
                    {
                        "word": "유도저항성 작용"
                    },
                    {
                        "word": "인산가용화"
                    },
                    {
                        "word": "저해"
                    },
                    {
                        "word": "증식"
                    },
                    {
                        "word": "질소고정"
                    },
                    {
                        "word": "항생물질"
                    },
                    {
                        "word": "항진균"
                    },
                    {
                        "word": "항진균성"
                    },
                    {
                        "word": "활성화"
                    }
                ]
            }
        ]
    }
}