{
    "dataset_info": {
        "identifier": "02-031-002-NL",
        "name": "기술과학 문서 요약 데이터",
        "category": "자연어",
        "last_updated": "2023-08-30"
    },
    "dataset": {
        "doc_id": "8a2ae4d1-20974054-e60f-43e0-99b4-810f107e6f95",
        "doc_type": "논문",
        "doc_title": {
            "kor": "우무를 첨가한 콩 음료 개발",
            "eng": ""
        },
        "doc_category": {
            "KDC": "470.5",
            "DDC": ""
        },
        "doc_number": {
            "ISSN": "1225-9918",
            "ISBN": "",
            "DOI": "",
            "UCI": ""
        },
        "doc_year": "2003",
        "doc_author": [
            "강동수",
            "회옥수"
        ],
        "doc_publisher": "한국생명과학회",
        "doc_license": "CC BY",
        "context_info": [
            {
                "context_id": "55e-0c9-50818f72-610b-47ae-a463-f407b48d0c2b",
                "context_K-NSCC": {
                    "field": "생명",
                    "large_category": "LA",
                    "medium_category": "99"
                },
                "context": "<h1>서 론</h1><p>콩은 “밭에서 나는 쇠고기\"로 일컬어져 왔으며 오곡중의 하나로서 조상 대대로 된장, 간장, 두부, 콩국(두유), 콩나물 등 여러 가지 형태로 이용되어온 우리민족의 전통식품이다. 콩의 영양성분으로는 우리 몸을 구성하는 세포의 기본물질인 단백질이 가장 풍부하여 \\( 40 \\% \\) 이상 들어 있고, 필수 아미노산이 균형 있게 배합되어 있으며, 다른 식물성 단백질에서 부족 되기 쉬운 lysine이 많은 것이 특징이다. 또한 지방 함량도 \\( 20 \\% \\) 정도인데, 대부분이 불포화 지방산이며 그 반 이상이 필수지방산인 linoenic acid이다. 뿐만 아니라 linolenic acid가 안정적으로 작용하는데 필요한 비타민 E도 충분히 들어있어 동물성 지방의 과잉섭취로 인한 콜레스테롤을 깨끗이 썻어 내는 역할을 한다. 그 외에 비타민 B가 풍부하여 피로회복을 도우며, 칼슘이 뼈를 튼튼히하게 하고, 철분이 빈혈을 예방하기도 한다. 또한 폐경기 이후의 여성둘에게 중요한 식물성 에스트로겐의 가장 풍부한 급원이기도 하다. 그리고 콩과 콩식품의 생리활성에 대한 연구를 보면 항동맥경화효과, 혈당강하효과, 항균효과, 항암효과, 항산화효과 등 많 은 보고가 있다.</p><p>식이섬유의 섭취는 정장, 변비감소, 대장암 예방, 성인병 예방 및 치료, 담석증 방지 등의 효과가 있으나 최근 식생활의 서구화로 인한 식이섬유 섭취부족이 중요한 쟁점으로 부가되고 있는 실정이다. 우무는 입안에서 부드러운 촉감과 식미를 주며, 열량이 낮고 포만감을 주는 우수한 식이섬유의 급원식품이다.</p><p>본 연구에서는 콩의 영양성과 우무의 기능성을 더하여 간편하고 편의성을 크게 증가시킨 고영양의 다이어트 식품으로 이용 가능한 콩 음료 제품의 개발적성을 검토하였다.</p><h1>재료 및 방법</h1><h2>재료</h2><p>콩은 2001년 순천산 대두를 탈피하여 사용하였고, 우뭇가사리는 2001년 여수해역에서 한천질 함량이 높은 5월경 채취한 것을 사용하였다.</p><h2>콩 음료 제조</h2><p>콩 음료는 Fig. 1에서와 같이 제조하였다. 먼저 정선된 우뭇가사리를 \\( 110^{\\circ} \\mathrm{C} \\)에서 충분히 자숙하여 여과시킨 후 여기에 소량의 조미료 및 향료와 함께 식염과 glucomannan을 첨가하여 냉각 응고시켜서 우무를 만들었다. 다음 물에 불린 콩을 증숙하여 마쇄한 후 적당히 간하여 콩물을 만들었다. 여기에 적당한 크기로 세절한 우무를 넣고, 포장하여 열처리하였다. 열처리 온도는 우무의 외형이나 강도 및 탄력성에 큰 영향을 주지 않는 \\( 90^{\\circ} \\mathrm{C} \\) 정도에서 살균하였다.</p><h2>조직감</h2><p>우무의 조직감은 rheometer(Sun Scientific Co., Model CR-100D, Tokyo, Japan)를 이용하여 Table 1에서와 같은 조건으로 시료의 texture profile analysis (TPA)를 실시하였다. 이때 시료의 높이를 적절히 조절한 후 시료가 완전히 부서질 때까지 플런져를 침입시키고, 얻어진 변형곡선에서 시료의 조직감을 측정하였다.</p><h2>색도측정</h2><p>시료의 색도는 색차계(COLORl-meter JC801S, Juki, Japan)를 사용하여 reference plate는 백색판을 기준으로 \\(X\\) 값은 78.19, \\(Y\\)값은 79.43, \\(Z\\)값은 89.21로 하는 Hunter scale에 의해 L(lightness), a(redness) 및 b (yellowness) 값으로 표시하였다.</p><h2>점도측정</h2><p>콩물의 점도는 Brookfield Viscometer (DV-Ⅲ, Brookfield Eng. Inc., USA)를 이용하여 Table 2와 같은 조건으로 일정한 온도 조절이 가능한 항온수조에서 회전수를 변화시키며 3회 반복 측정하였다.</p><h2>관능검사</h2><p>검사 방법은 10인의 관능검사요원이 외관, 색상, 단맛, 짠맛, 조직감 및 종합평가를 “대단히 좋다\"(7점)에서 \"대단히 싫다\"(1점)까지 7점법으로 채점한 다음 평균과 표준편차로 나타내어 제품의 기호도를 조사하였다.</p>",
                "context_length": 2062,
                "clue": [
                    {
                        "clue_text": "본 연구에서는 콩의 영양성과 우무의 기능성을 더하여 간편하고 편의성을 크게 증가시킨 고영양의 다이어트 식품으로 이용 가능한 콩 음료 제품의 개발적성을 검토하였다.",
                        "clue_start": "789",
                        "clue_end": "879"
                    }
                ],
                "terminology": [
                    {
                        "word": "Brookfield Viscometer"
                    },
                    {
                        "word": "Hunter scale"
                    },
                    {
                        "word": "glucomannan"
                    },
                    {
                        "word": "linoenic acid"
                    },
                    {
                        "word": "linolenic acid"
                    },
                    {
                        "word": "lysine"
                    },
                    {
                        "word": "reference plate"
                    },
                    {
                        "word": "rheometer"
                    },
                    {
                        "word": "texture profile analysis"
                    },
                    {
                        "word": "과잉섭취"
                    },
                    {
                        "word": "관능검사"
                    },
                    {
                        "word": "급원식품"
                    },
                    {
                        "word": "담석증"
                    },
                    {
                        "word": "대두"
                    },
                    {
                        "word": "대장암"
                    },
                    {
                        "word": "동물성 지방"
                    },
                    {
                        "word": "마쇄"
                    },
                    {
                        "word": "백색판"
                    },
                    {
                        "word": "불포화 지방산"
                    },
                    {
                        "word": "비타민 B"
                    },
                    {
                        "word": "색도"
                    },
                    {
                        "word": "색차계"
                    },
                    {
                        "word": "생리활성"
                    },
                    {
                        "word": "성인병"
                    },
                    {
                        "word": "세절"
                    },
                    {
                        "word": "세포"
                    },
                    {
                        "word": "시료"
                    },
                    {
                        "word": "식물성 단백질"
                    },
                    {
                        "word": "식물성 에스트로겐"
                    },
                    {
                        "word": "식미"
                    },
                    {
                        "word": "식이섬유"
                    },
                    {
                        "word": "열처리"
                    },
                    {
                        "word": "우무"
                    },
                    {
                        "word": "우뭇가사리"
                    },
                    {
                        "word": "점도"
                    },
                    {
                        "word": "조직감"
                    },
                    {
                        "word": "증숙"
                    },
                    {
                        "word": "철분"
                    },
                    {
                        "word": "칼슘"
                    },
                    {
                        "word": "콜레스테롤"
                    },
                    {
                        "word": "콩과"
                    },
                    {
                        "word": "폐경기"
                    },
                    {
                        "word": "표준편차"
                    },
                    {
                        "word": "필수 아미노산"
                    },
                    {
                        "word": "항산화효과"
                    },
                    {
                        "word": "항온수조"
                    }
                ]
            },
            {
                "context_id": "55e-0c9-b3f68305-0186-45bd-a558-9011b97a195a",
                "context_K-NSCC": {
                    "field": "생명",
                    "large_category": "LA",
                    "medium_category": "99"
                },
                "context": "<h1>결과 및 고찰</h1><h2>우무의 제조</h2><p>우무의 제조시 한천의 적당한 사용량과 물성의 개선을 위해 한천에 식염과 glucomannan의 첨가량을 달리하여 물성을 측정한 결과를 Table 3에 나타내었다. 전체적으로 한천의 사용량이 증가할수록 경도, 응집성, 탄력성 및 검성 등이 높게 나타났으며, 식염 첨가의 영향으로는 경도가 높아졌고, glucomannan의 첨가에 의해 응집성, 탄력성, 검성 등이 개선됨을 알 수 있었다. 한천 \\( 1.0 \\% \\)를 첨가한 경우는 경도, 응집성, 탄력성 및 검성 등이 낮게 나타나 너무 무른감을 주었고, 한천 \\( 2.0 \\% \\)를 첨가한 것은 특히 경도와 검성이 높게 높게 나타나 지나치게 단단함을 주었다. Glucomannan \\( 0.1 \\% \\)와 \\( 0.2 \\% \\)를 첨가한 경우는 첨가하지 않은 것에 비해 특히 응집성, 탄력성 및 검성이 높게 나타나 우무의 물성 개선효과가 상당히 있는 것으로 나타났다.</p><p>살규 후에도 우무가 같은 조직감을 가지는가를 알아보기 위해 \\( 90^{\\circ} \\mathrm{C} \\)에서 15분간 살균, 냉각 한 후 물성을 축정하여 Table 4에 나타내었다. 한천 \\( 1.0 \\%\\), \\(1.5 \\%\\), \\(2.0 \\% \\) 모두 가열 후 경도가 높아졌으며 응집성이나 탄력성 등은 낮아지는 경향을 보였다. 특히 \\( 1.0 \\% \\)의 경우는 살균 후 응집성이나 탄력성은 거의 측정되지 않았다. 그리고 한천 \\( 2.0 \\% \\)의 경우는 살균 후 경도가 너무 높게 나타나 딱딱해졌다. 따라서 적당한 조직감을 갖는 우무의 제조 조건으로는 \\( 1.5 \\% \\) 한천에 식염 \\( 0.1 \\sim 0.2 \\% \\), glucomannan \\( 0.1 \\% \\)를 첨가하는 것으로 하였다.</p><h2>콩물의 제조</h2><p>콩물 방치시 침전되는 침전물의 양을 줄이기 위해 체에 걸러 고형물의 양을 조절하였는데, 그에 따른 색도는 Table 5 에 나타내었다. 고형물의 양이 많아질수록 L-value가 낮아져 탁해졌음을 알 수 있었고, 고형물이 많아질수록 적색도를 나타내는 a-value는 증가하고 황색도를 나타내는 b-value는 낮은 값을 보였다. 고형물 양의 감소로 인한 콩 물의 점도 감소를 보완하기 위해 사용한 설탕의 농도에 따른 색도의 변화로 보면 설탕의 농도가 높아짐에 따라 L-value, a-value 및 b-value 모두 증가하는 것으로 나타나 사용한 고형물 양의 감소로 인한 색도의 변화도 설탕의 사용으로 개선됨을 알 수 있었다.</p><p>콩물에 사용한 고형물 양의 감소로 콩물의 점도가 떨어지는 경향이 있는데 이 점을 보안하기 위해 감미료로 쓰인 설탕의 사용량에 따른 콩물의 점도 변화를 Table 6에 나타내었다. 고형물 \\( 5 \\%\\),\\( 10 \\%\\), \\(15 \\% \\) 첨가구 모두 설탕의 농도가 높아짐에 따라 점도가 상승하는 것으로 나타났다. 따라서 고형물 양의 조절로 인한 콩물의 점도변화는 설탕의 농도를 높임으로서 조정할 수 있는 것으로 나타났다.</p><h2>관능 검사</h2><p>한천, 식염 및 glucomannan의 농도에 따른 우무의 관능 검사 결과는 Table 7에, 그리고 고형물의 양, 설탕 및 식염의 농도에 따른 콩음료의 관능검사 결과는 Table 8에 나타내었다. 먼저 우무의 관능검사 결과, 한천 \\( 1.5 \\% \\)에 식염 \\( 0.2 \\% \\) 및 glucomannan \\( 0.1 \\% \\)를 첨가하여 만든 우무가 외관, 색, 조직감 및 종합평가 항목에서 가장 높은 평점을 얻었으며, 다음으로는 한천 \\( 1.5 \\% \\)에 식염 \\( 0.2 \\% \\) 및 glucomannan \\( 0.2 \\% \\) 첨가구와 한천 \\( 1.5 \\% \\)에 식염 \\( 0.1 \\% \\) 및 glucomannan \\( 0.2 \\% \\) 첨가한 것이 높은 평점을 얻었다. 조직감은 한천 \\( 1.5 \\% \\)에 식염 \\( 0.1 \\% \\)와 \\( 0.2 \\% \\), glucomannan \\( 0.1 \\% \\)와 \\( 0.2 \\% \\)를 첨가한 것이 같은 평점을 얻었으나 식염 \\( 0.1 \\% \\)와 glucomannan \\( 0.2 \\% \\)를 첨가한 것은 외관, 색 및 종합평가에서 낮은 평점 을 얻었다. 그리고 우무를 첨가하여 만는 콩음료의 경우는 고형물이 \\( 10 \\% \\) 인 콩물에 설탕 \\( 3 \\% \\) 및 식염 \\( 0.1 \\sim 0.2 \\% \\) 첨가 구에서 모든 항목에서 가장 높은 평점을 얻었으며, 그 다음으로는 고형물이 \\( 15 \\% \\)인 콩물에 설탕 \\( 3 \\% \\) 및 식염 \\( 0.1 \\sim 0.2 \\% \\) 첨가한 것이 높은 평점을 얻었다. 그러나 고형물 \\( 15 \\% \\) 첨가구는 저장시 침전물의 양이 많아 외관상 문제점이 있기 때문에 콩음료의 최적 제조 조건으로는 한천 \\( 1.5 \\% \\) 에 \\( \\mathrm{NaCl} ~0.2 \\% \\) 및 glucomannan \\( 0.1 \\% \\)를 첨가하여 만든 우무를 고형물이 \\( 10 \\% \\)인 콩물에 설탕 \\( 3 \\% \\) 및 식염 \\( 0.1 \\sim 0.2 \\% \\) 첨가 하여 만든 콩물에 혼합하여 만든 것으로 하였다.</p>",
                "context_length": 2583,
                "clue": [
                    {
                        "clue_text": "따라서 적당한 조직감을 갖는 우무의 제조 조건으로는 \\( 1.5 \\% \\) 한천에 식염 \\( 0.1 \\sim 0.2 \\% \\), glucomannan \\( 0.1 \\% \\)를 첨가하는 것으로 하였다.",
                        "clue_start": "789",
                        "clue_end": "900"
                    },
                    {
                        "clue_text": "고형물 양의 감소로 인한 콩 물의 점도 감소를 보완하기 위해 사용한 설탕의 농도에 따른 색도의 변화로 보면 설탕의 농도가 높아짐에 따라 L-value, a-value 및 b-value 모두 증가하는 것으로 나타나 사용한 고형물 양의 감소로 인한 색도의 변화도 설탕의 사용으로 개선됨을 알 수 있었다.",
                        "clue_start": "1105",
                        "clue_end": "1272"
                    },
                    {
                        "clue_text": "따라서 고형물 양의 조절로 인한 콩물의 점도변화는 설탕의 농도를 높임으로서 조정할 수 있는 것으로 나타났다.",
                        "clue_start": "1458",
                        "clue_end": "1518"
                    },
                    {
                        "clue_text": "한천, 식염 및 glucomannan의 농도에 따른 우무의 관능 검사 결과는 Table 7에, 그리고 고형물의 양, 설탕 및 식염의 농도에 따른 콩음료의 관능검사 결과는 Table 8에 나타내었다.",
                        "clue_start": "1539",
                        "clue_end": "1649"
                    },
                    {
                        "clue_text": "그러나 고형물 \\( 15 \\% \\) 첨가구는 저장시 침전물의 양이 많아 외관상 문제점이 있기 때문에 콩음료의 최적 제조 조건으로는 한천 \\( 1.5 \\% \\) 에 \\( \\mathrm{NaCl} ~0.2 \\% \\) 및 glucomannan \\( 0.1 \\% \\)를 첨가하여 만든 우무를 고형물이 \\( 10 \\% \\)인 콩물에 설탕 \\( 3 \\% \\) 및 식염 \\( 0.1 \\sim 0.2 \\% \\) 첨가 하여 만든 콩물에 혼합하여 만든 것으로 하였다.",
                        "clue_start": "2328",
                        "clue_end": "2579"
                    }
                ],
                "terminology": [
                    {
                        "word": "Glucomannan"
                    },
                    {
                        "word": "L-value"
                    },
                    {
                        "word": "a-value"
                    },
                    {
                        "word": "b-value"
                    },
                    {
                        "word": "검성"
                    },
                    {
                        "word": "고형물"
                    },
                    {
                        "word": "관능"
                    },
                    {
                        "word": "관능검사"
                    },
                    {
                        "word": "물성"
                    },
                    {
                        "word": "색도"
                    },
                    {
                        "word": "설탕"
                    },
                    {
                        "word": "식염"
                    },
                    {
                        "word": "우무"
                    },
                    {
                        "word": "응집성"
                    },
                    {
                        "word": "적색도"
                    },
                    {
                        "word": "점도"
                    },
                    {
                        "word": "조직감"
                    },
                    {
                        "word": "첨가구"
                    },
                    {
                        "word": "침전물"
                    },
                    {
                        "word": "한천"
                    },
                    {
                        "word": "황색도"
                    }
                ]
            }
        ]
    }
}