{
    "dataset_info": {
        "identifier": "02-031-002-NL",
        "name": "기술과학 문서 요약 데이터",
        "category": "자연어",
        "last_updated": "2023-08-30"
    },
    "dataset": {
        "doc_id": "31a7cd33-49c794da-13f6-47bc-8de5-77461e7a74bf",
        "doc_type": "논문",
        "doc_title": {
            "kor": "항원 생산 기반으로서의 식물 연구",
            "eng": ""
        },
        "doc_category": {
            "KDC": "481.1705",
            "DDC": ""
        },
        "doc_number": {
            "ISSN": "1229-2818",
            "ISBN": "",
            "DOI": "",
            "UCI": ""
        },
        "doc_year": "2010",
        "doc_author": [
            "염정원",
            "전재흥",
            "정혁",
            "김현순"
        ],
        "doc_publisher": "한국식물생명공학회",
        "doc_license": "CC BY-NC",
        "context_info": [
            {
                "context_id": "55e-0c9-a4cd350d-e47d-411f-8fdb-231e825e838f",
                "context_K-NSCC": {
                    "field": "생명",
                    "large_category": "LA",
                    "medium_category": "09"
                },
                "context": "<h2>베타아밀로이드 \\( (\\mathrm{A} \\beta) \\)</h2> <p>식물-유래 항원의 연구는 점막·관련 전염성 질병 대상에서 점차 그 범위를 넓혀 비전염성 질환도 포함되어졌다. 그 대표적인 것으로 암-관련 백신과 치매-관련 백신 이다. 퇴행성 신경질환인 알츠하이머병은 불용성 섬유 단백질인 베타아밀로이드 \\( (\\mathrm{A} \\beta) \\) 가 뇌에 축적돼 플라크가 형성되면서 신경세포가 죽어서 발생하는 것으로 알려져 있으며, 베타아밀로이드 축적을 막으면 알츠하이머 병을 예방하거나 발병을 늦추는 것으로 예상된다. 이를 위해 백신으로 면역체계를 활성화해 베타아밀로이드 축적을 막는 방법을 연구하고 있다 (Hardy and Selkoe 2002). 베타 아밀로이드가 감자에서 안정적으로 발현되는 Kim 등 (2003)의 연구를 시작으로 치매-모델 쥐 실험을 통해 항체 형성과 더불어 뇌 속의 플라크가 감소함을 확인하였다 (Youm et al. 2005). 인간 베타아밀로이드 유전자를 발현시킨 토마토를 15 개월 된 생쥐에 먹인 뒤 면역반응을 관찰한 결과, 토마토-추출액을 먹인 쥐에서 항체 형성 반응이 확인되었다 (Youm et al. 2008). 그 밖에도 베타아밀 로이드의 형성을 매개하는 BACE-1 (beta-site APP-cleaving enzyme 1)을 엽록체 형질전환 시스템을 이용해 담배에 형질전환 해 발현율을 높인 실험에서 TSP발현이 \\( 2.0 \\% \\)까지 높아짐을 확인 하였으며, 토마토, 감자에서와 마찬가지로 쥐를 이용한 면역실험에서도 백신으로서의 효과가 입증되었다 (Youm et al. 2010).</p> <p>따라서, 식물체 발현양을 높이고 투여량에 대한 연구가 좀더 진행된다면 형질전환 식물을 이용한 치매 백신에 활용할 수 있을 것으로 기대되고 있다.</p> <h2>TGEV (transmissible gastroenteritis virus), Rabies virus</h2> <p>TGEV는 돼지의 설사병을 일으키는 주요한 바이러스인 전염성 위장염 바이러스로 coronaviridae에 속하며 소장 융모 상피세포에서 증식하여 심한 수양성 설사를 유발한다. 식물경구백신의 우선적인 초점은 인간 병원균에 있지만, 국가생산성과 관계된 돼지설사병 (Gomez et al. 1998), 광견병 (McGarvey et al. 1995) 등과 같은 동물 병원 균에도 매우 효과적으로 이용될 수 있다.</p> <h1>대상식물</h1> <p>식물유래 재조합백신의 연구초기에는 담배와 감자가 주로 사용되었으나, 최근에는 토마토, 바나나, 멜론 그리 고 당근 등 과일이나 채소를 통하여 요리하지 않고 바로 식용으로 섭취할 수 있는 식물 백신의 개발이 이루어지 고 있다 (Table 2). 하지만, 식용이 가능하지 않은 식물의 경우 백신 항원 추출과 정제를 통하여 백신으로의 이용 이 가능하다. 식물체의 종류와 항원단백질이 발현되는 특정 조직의 선택은 매우 중요하므로 대개는 백신의 사 용 용도와 적용범위에 따라 결정된다 (Stevens et al. 2000; Stoger et al. 2005).</p> <h2>담배</h2> <p>담배는 형질전환이 용이하고 게놈 염기서열이 비교적 잘 알려져 있기 때문에 다른 식물체보다 선호된다. 초기 재조합 항원의 발현이 많이 이용되었다. 하지만, 상용화 될 경우 식용이 가능하지 않으므로 추출 정제 과정을 거 쳐야 하는 단점이 있다.</p> <h2>감자</h2> <p>주요 작물중 하나이면서 형질전환이 용이하고, 괴경특이적 (tuber specific) 발현 프로모터를 이용한 발현율 증대도 가능하며, 수확 후 동결건조 및 세대간 변이가 적은 장점이 있다. 재조합 단백질 발현에 많이 이용되지만, 몇 몇 품종을 제외한 감자 자체를 삶아야 한다는 점에서 단백질 안정성이 염려된다.</p> <h2>토마토</h2> <p>항원유전자를 토마토 과육과 같은 식용부위에 발현시 킴으로서 식물 세포벽이 백신 항원을 충분히 보호하여 항원이 손상되지 않고 면역원 상태로 장에 도달할 수 있게 한다. 과육 발현 특이적 프로모터 (E8 promoter)로 발현율을 높이는 시도가 진행중이며, 수확 후 다른 전처리 없이 바로 먹을 수 있는 이점이 있어 식물경구백신 연구에 많이 이용된다. 반면에 과육단백질 함량이 매우 낮고, 기내에서는 과육발현이 어려운 단점이 있다.</p> <h2>곡류 (옥수수, 쌀, 콩 등)</h2> <p>곡류의 경우 단백질 생산은 대게 종자에 축적되는데 이것은 건조한 상태로 수확되어서 처리시까지 안정하게 저장할 수 있다. 부피가 적고 냉장을 하지 않아도 최종목적지로의 배송이 가능하다 (Lamphear et al. 2002). 또한 최소한의 경비로 큰 면적 재배가 가능해 가축의 사료로 이용될 시 매우 경제적이다. 하지만, 콩이나 쌀과 같은 종자 식물은 정제나 보관이 용이한 이점은 있으나 형질 전환이 어렵고, 재배 시 몇몇 종간의 이형교배가 일어날 확률도 있다. 또한, 인간백신으로 이용 시 가열이 필요해 면역원성이 염려되며, 노동력에 비해 수확량이 적은 단점이 있다.</p> <h2>바나나</h2> <p>아이들을 위한 소아용 경구백신 개발에 적합하다. 요리 되지 않은 상태에서 소비되기 때문에 고온 시에 발생하는 단백질의 변성염려가 없고, 특히 저개발 국가의 어린이들 에게 치명적인 설사병 치료에 도움을 줄 수 있다. 대량재 배시 교잡율이 적고, 한번 재배하면 오랜 기간 (10-12개월)수확량이 많은 장점이 있다. 하지만, 특이 프로모터에 대한 연구가 미흡해 형질전환 바나나의 생산이 어렵고, 온실 재배 시 많은 공간이 필요하다는 단점이 있다.</p> <p>식물유래 재조합항원의 가장 이상적인 조건은 익히지 않은 채 섭취하는 것이나 그렇지 못한 담배의 경우에는 백신 항원 추출과 정제 방법을 이용하여 섭취가 가능하다. 최근에는 식물에서 발현뿐 아니라 모상근 (hairy root)을 이용한 식물세포배양을 통해 안전한 생산 시스템의 도입을 시도하고 있다. 형질전환 식물세포배양은 생물공정 측면에서 고려할 때 배지 가격이 저렴하며, 첨가되는 단백질 성분이 없기 때문에 동물세포에 비해 생산, 정제 비용을 낮출 수 있다는 점에서 경제적이다 (Kumar et al.2005; Huang and Mcdonald 2009).",
                "context_length": 3077,
                "clue": [
                    {
                        "clue_text": "따라서, 식물체 발현양을 높이고 투여량에 대한 연구가 좀더 진행된다면 형질전환 식물을 이용한 치매 백신에 활용할 수 있을 것으로 기대되고 있다.",
                        "clue_start": "819",
                        "clue_end": "899"
                    },
                    {
                        "clue_text": "TGEV는 돼지의 설사병을 일으키는 주요한 바이러스인 전염성 위장염 바이러스로 coronaviridae에 속하며 소장 융모 상피세포에서 증식하여 심한 수양성 설사를 유발한다.",
                        "clue_start": "973",
                        "clue_end": "1070"
                    },
                    {
                        "clue_text": "식물유래 재조합백신의 연구초기에는 담배와 감자가 주로 사용되었으나, 최근에는 토마토, 바나나, 멜론 그리 고 당근 등 과일이나 채소를 통하여 요리하지 않고 바로 식용으로 섭취할 수 있는 식물 백신의 개발이 이루어지 고 있다 (Table 2).",
                        "clue_start": "1222",
                        "clue_end": "1357"
                    },
                    {
                        "clue_text": "식물체의 종류와 항원단백질이 발현되는 특정 조직의 선택은 매우 중요하므로 대개는 백신의 사 용 용도와 적용범위에 따라 결정된다 (Stevens et al. 2000; Stoger et al. 2005).",
                        "clue_start": "1417",
                        "clue_end": "1530"
                    }
                ],
                "terminology": [
                    {
                        "word": "TGEV"
                    },
                    {
                        "word": "coronaviridae"
                    },
                    {
                        "word": "enzyme"
                    },
                    {
                        "word": "promoter"
                    },
                    {
                        "word": "virus"
                    },
                    {
                        "word": "게놈"
                    },
                    {
                        "word": "게놈 염기서열"
                    },
                    {
                        "word": "경구백신"
                    },
                    {
                        "word": "과육 발현 특이적 프로모터"
                    },
                    {
                        "word": "괴경특이적"
                    },
                    {
                        "word": "괴경특이적 (tuber specific)"
                    },
                    {
                        "word": "면역원"
                    },
                    {
                        "word": "면역원성"
                    },
                    {
                        "word": "면역체계"
                    },
                    {
                        "word": "모상근"
                    },
                    {
                        "word": "모상근 (hairy root)"
                    },
                    {
                        "word": "발현율"
                    },
                    {
                        "word": "배지"
                    },
                    {
                        "word": "백신 항원"
                    },
                    {
                        "word": "베타아밀로이드"
                    },
                    {
                        "word": "병원균"
                    },
                    {
                        "word": "상피세포"
                    },
                    {
                        "word": "생물공정"
                    },
                    {
                        "word": "세포벽"
                    },
                    {
                        "word": "식물경구백신"
                    },
                    {
                        "word": "식물세포배양"
                    },
                    {
                        "word": "신경세포"
                    },
                    {
                        "word": "알츠하이머"
                    },
                    {
                        "word": "알츠하이머병"
                    },
                    {
                        "word": "엽록체"
                    },
                    {
                        "word": "엽록체 형질전환"
                    },
                    {
                        "word": "융모"
                    },
                    {
                        "word": "이형교배"
                    },
                    {
                        "word": "재조합 단백질"
                    },
                    {
                        "word": "재조합백신"
                    },
                    {
                        "word": "재조합항원"
                    },
                    {
                        "word": "전염성 위장염 바이러스"
                    },
                    {
                        "word": "전처리"
                    },
                    {
                        "word": "정제"
                    },
                    {
                        "word": "추출 정제"
                    },
                    {
                        "word": "치매"
                    },
                    {
                        "word": "프로모터"
                    },
                    {
                        "word": "플라크"
                    },
                    {
                        "word": "항원"
                    },
                    {
                        "word": "항원단백질"
                    },
                    {
                        "word": "항원유전자"
                    },
                    {
                        "word": "항체"
                    },
                    {
                        "word": "형질 전환"
                    },
                    {
                        "word": "형질전환 시스템"
                    },
                    {
                        "word": "형질전환 식물"
                    }
                ]
            },
            {
                "context_id": "55e-0c9-bfb4c684-f4e8-4825-afe6-2c9c18adfdbb",
                "context_K-NSCC": {
                    "field": "생명",
                    "large_category": "LA",
                    "medium_category": "09"
                },
                "context": "<h1>서 론</h1> <p>Vaccination은 인류의 의료 행위 중 가장 경제적인 것 중의 하나로서 상당수의 감염성 질병에서 개발되어 있다. 그럼에도 불구하고 저개발 국가를 위시한 많은 사람들, 특히 전세계 3 천만명 이상의 어린이들이 백신의 혜택을 받지 못하고 있는 것 또한 현실이다. 기존의 백신-개발 시스템이 가지는 고가의 생산설비, 수송과 저장시에 요하는 냉장설비의 경제적 부담 및 백신 투여의 어려움, 위험한 동물 오염원에 대한 안전성 확보, 주사를 맞는 것 에 대한 사람들의 보편적인 거부감을 감안할 때 보다 안전하고 값싼 백신의 공급을 위하여 항원의 발현 대상이 확대되어져 왔고 1990 년대 이후로 식물-분자농업 연구가 활성화됨에 따라 식물도 그 범주에 들게 되었다.</p> <p>경구용 식물 백신 (plant derived oral vaccine)은 병원체의 항원유전자를 식물에 도입시켜 항원단백질을 합성하는 식물체를 만들어 경구로 투여하고자 하는 기술로서, 1980 년대 중반 처음 아이디어가 제시된 후 1990 년 Cutiss 와 Cardineau 에 의해 처음 시도되어 현재까지 많은 연구가 진행되고 있는 분야이다. 식물을 생산-기반으로 하는 백신은 ① 사람이나 동물의 병원체를 가지지 않는 시스템에서 항원단백질만을 목표로 발현하므로 안정성 확보 가 가능하고, ② 식품의 섭식을 통해 처치되므로 백신의 신생산비용이 저렴하고, ③ 농업체계를 활용한 대량생산으로 백신 생산비용이 저렴하고, ④ 백신의 보관에 cold-chain을 요구하지 않는 등 많은 장점을 가지고 있다. 더욱이, 식물유래 경구백신은 소화관. 호흡기, 비뇨생식 기관의 점막표면을 통해 전달되는데, 이곳은 동물 병원균의 주요 침입구로 백신을 섭취할 경우 면역글로블린 \\( \\mathrm{A}(\\mathrm{IgA}) \\) 를 생성하여 점막 세포 표면의 수용체에 병원균의 결합을 억제하는 점막 면역 반응 (mucosal immune response)에 매우 효과적인 것으로 알려져 있다. 또한, 식물경구백신은 항원을 과실이나 곡류와 같은 식용 부분에 발현시킴으로서 식물 세포벽이 백신 항원을 충분히 보호하여 항원이 손상되지 않고 면역원의 상태로 장 관련 림프조직에 도달할 수 있게 한다 (Carter and Langridge 2002).</p> <p>이러한 장점들과는 달리 아직도 불충분한 발현양의 문제, 면역관용의 우려 제기 및 제어된 공간이 아닌 곳에서 의 재배일 경우 대부분의 유전자변형작물들이 가지는 환경 위해성에 대한 검정 등과 같은 해결해야 할 문제들이 극복되지 못하고 있다. 또한, 연구 초기의 식물경구백신이라는 개념은 어떠한 가공 과정도 거치치 않고 항원의 발현 대상 기관 그 자체를 백신으로 취하는 것이었으나 항원의 양을 결정짓기 위한 표준화가 어렵다는 점 등의 이유로 최근에는 순수분리정제를 비롯한 단순 일차 가공을 포함하는 개념으로 좁혀지고 있는 실정이다.</p> <p>본 논문에서는 지금까지 발표된 식물-유래 백신용 연구 내용들을 발현-항원별로 분류, 발현-대상 식물체별 분류, 발현율을 높이기 위한 각종 벡터들의 세부 내용, 면역 반응 향상을 위한 어쥬번트들의 효과, 끝으로 일부 연구진들에 의하여 진행된 임상실험들을 조사하여 실용화에 얼마나 가까이 다가와 있는지를 가늠해 볼 수 있는 기회를 제공하고자 하였으며, 나아가 연구개발 현황들을 분석함으로써 앞으로의 전망과 기대치에 대하여 논의해 보고자 하였다.</p>",
                "context_length": 1693,
                "clue": [
                    {
                        "clue_text": "기존의 백신-개발 시스템이 가지는 고가의 생산설비, 수송과 저장시에 요하는 냉장설비의 경제적 부담 및 백신 투여의 어려움, 위험한 동물 오염원에 대한 안전성 확보, 주사를 맞는 것 에 대한 사람들의 보편적인 거부감을 감안할 때 보다 안전하고 값싼 백신의 공급을 위하여 항원의 발현 대상이 확대되어져 왔고 1990 년대 이후로 식물-분자농업 연구가 활성화됨에 따라 식물도 그 범주에 들게 되었다.",
                        "clue_start": "164",
                        "clue_end": "384"
                    },
                    {
                        "clue_text": "경구용 식물 백신 (plant derived oral vaccine)은 병원체의 항원유전자를 식물에 도입시켜 항원단백질을 합성하는 식물체를 만들어 경구로 투여하고자 하는 기술로서, 1980 년대 중반 처음 아이디어가 제시된 후 1990 년 Cutiss 와 Cardineau 에 의해 처음 시도되어 현재까지 많은 연구가 진행되고 있는 분야이다.",
                        "clue_start": "392",
                        "clue_end": "583"
                    },
                    {
                        "clue_text": "본 논문에서는 지금까지 발표된 식물-유래 백신용 연구 내용들을 발현-항원별로 분류, 발현-대상 식물체별 분류, 발현율을 높이기 위한 각종 벡터들의 세부 내용, 면역 반응 향상을 위한 어쥬번트들의 효과, 끝으로 일부 연구진들에 의하여 진행된 임상실험들을 조사하여 실용화에 얼마나 가까이 다가와 있는지를 가늠해 볼 수 있는 기회를 제공하고자 하였으며, 나아가 연구개발 현황들을 분석함으로써 앞으로의 전망과 기대치에 대하여 논의해 보고자 하였다.",
                        "clue_start": "1443",
                        "clue_end": "1689"
                    }
                ],
                "terminology": [
                    {
                        "word": "Vaccination"
                    },
                    {
                        "word": "immune response"
                    },
                    {
                        "word": "감염성 질병"
                    },
                    {
                        "word": "경구백신"
                    },
                    {
                        "word": "경구용 식물 백신"
                    },
                    {
                        "word": "림프조직"
                    },
                    {
                        "word": "면역 반응"
                    },
                    {
                        "word": "면역관용"
                    },
                    {
                        "word": "면역글로블린"
                    },
                    {
                        "word": "면역원"
                    },
                    {
                        "word": "발현율"
                    },
                    {
                        "word": "백신 항원"
                    },
                    {
                        "word": "병원균"
                    },
                    {
                        "word": "병원체"
                    },
                    {
                        "word": "순수분리정제"
                    },
                    {
                        "word": "식물 세포벽"
                    },
                    {
                        "word": "식물경구백신"
                    },
                    {
                        "word": "어쥬번트"
                    },
                    {
                        "word": "위시"
                    },
                    {
                        "word": "유전자변형작물"
                    },
                    {
                        "word": "점막 세포"
                    },
                    {
                        "word": "점막표면"
                    },
                    {
                        "word": "합성"
                    },
                    {
                        "word": "항원단백질"
                    },
                    {
                        "word": "항원유전자"
                    }
                ]
            },
            {
                "context_id": "55e-0c9-0808dd5d-8823-43a1-8661-b26b586c65b3",
                "context_K-NSCC": {
                    "field": "생명",
                    "large_category": "LA",
                    "medium_category": "09"
                },
                "context": "<h1>식물체 형질전환을 위한 프로모터의 선발</h1> <p>식물유래 재조합 단백질을 생산할 때, 가장 중요하게 고려할 사항이 단백질 발현수준이다. 어떤 프로모터를 선택 하느냐에 따라 전사과정의 속도에 영향을 주고, 이는 단백질 발현에 직접적으로 관여하기 때문이다. 식물체 형질전환 시 가장 많이 이용되는 프로모터는 전조직 발현 \\( \\mathrm{CaMV} \\) (cauliflower mosaic virus) \\( 35 \\mathrm{~S} \\) 프로모터나 이를 식물체에 맞도록 약간씩 변형시킨 프로모터들이다. 그밖에 octopine이나 mannopine synthase 등 수많은 상시발현 프로 모터들이 사용되고 있다. 또한, 식물 바이러스 (TMV, PVX, AIMV)를 일시적 으로 발현시킨 벡터를 사용하여 대상 식물체에 감염시켜 서 목적하는 항원유전자를 과발현시킬 수 있는데, 이러한 식물 바이러스 벡터 시스템은 단백질 발현에 소요되는 시간을 줄이고, 항원생산이 증가되는 장점이 있다). 식물체 발현 바이러스벡터의 선택은 대상 식물체 와 그 발현목적에 따라 정해진다.</p> <P>최근에는 소포체 (ER)발현 특정 시퀀스 (KDEL)를 벡터 내에 임의적으로 삽입함으로서 단백질의 안정성을 높이 고, 식물체 특정조직에 과발현되는 프로모터, 즉 종자발현 (seed specific), 괴경발현 (tuber specific), 과육발현 (fruit specific) 프로모터들을 사용해 항원단백질의 양을 늘린 연구들이 진행되고 있다 .</p> <h1>어쥬번트에 대한 연구</h1> <p>어쥬번트 (adjuvant)는 흔히 백신 보조제, 면역 보강제 또는 항원 보강제로 불리는 물질인데, 백신에 대한 감응반응을 높여 면역시스템에서 항체가 많이 생성 될 수 있도록 한다. 어쥬번트는 보통 leukocyte에 존재하는 immune receptor 에 결합해 세균에 감염되었다는 것을 인지하며 성분분석 및 활성화되어 내재면역을 증강시킨다. 보통 백신의 경우 보조제 투여를 반드시 요구하지는 않지만, 재조합 백신의 경우, oil, aluminum salts, virosomes 등의 어쥬번트를 함께 투여함으로서 면역이 지속적으로 유지되도록 한다. 식물경구백신에서 널리 이용되는 보조제로는 세균에서 파생된 Ⅴ. cholarae toxin Bsubunit (CTB)와 E. coli heat labile enterotoxin B subunit (LTB)등의 세균 독소와 같은 화합물과 그들 각각의 toxoid가 특별히 유용한 점막 보조제로 널리 사용된다. 그 중 CTB는 가장 효과적인 점막면역 보조제로 알려져 있긴 하지만 독성이 너무 높고 그 자신에 대한 강한 면역 반응을 유도해내는 문제가 있어 좀 더 안정한 보조제의 개발이 필요한 실정이다 . 최근들어 인체의 면역력을 높이는 성분으로 알려진 식물체 구성성분인 사포닌이 어쥬번트 가능성이 있음이 연구되고 있는데, 실제 동물실험에 사용해 본 결과 장내 면역시스템에서 백신보조제로서의 역할을 충분히 하는 것으로 나타났다.</p> <p>보조제는 무엇보다 안전하고 분해가 가능하며 스스로 면역반응을 유도하지 않고 적절한 면역반응을 촉진해야하므로 재조합 항원의 종류와 시도 대상을 고려해 적절한 선택이 요구된다. 따라서, 경구백신을 개발함에 있어서 최근의 발전과 더불어 정확한 보조제의 개선이 필요하다.</p> <h2>임상시도의 예</h2> <p>식물체 재조합 백신이 허가를 받아 시판되고 있는 것 은 아직까지는 없다. 하지만, 식물 경구 백신이 향후 수년 내에 현실화 될 것이라는 것이 지배적인 의견이다. 일부 항원 유전자의 경우 사람을 대상으로 하는 임상시험이 완료되어 조만간 FDA의 승인을 얻어 식물을 이용하여 생산된 백신이 실용화 될 수 있을 거라 전망한다. 현재까지 보고된 임상시험 진행 정도를 살펴보면 설사병 예방을 위해 몇몇 지원자 (volunteer)에게 한하여 50-100 g의 감자를 섭취하게 했던 1 차 임상시험이 1997년 시작되었는데, 재조합 항원이 포함된 감자를 생으로 섭취해도 면역반응이 나타난다는 것을 보여주었다. B형 간염의 경우, 임상 1단계로 허가받은 간염 유전자가 발현된 형질전환 감자와 상추를 지원자를 대상으로 먹인 결과 특정 면역글로블린 G 가 생성됨이 보고 되었다. 이 같은 식물 백신 임상시도의 성공적인 보고는 식물유래 재조합 백신의 잠재력을 보여주는 중요한 결과라 하겠다 . 최초로 허가된 식물 생산 백신은 담배 세포 배양을 통한 뉴캐슬병 바이러스에 대한 백신이며, 현재 국내에서 식물체를 이용한 재조합 항원의 생산 이 허가된 예는 아직까지 없다.</p> <h1>결 론</h1> <p>식물유래 재조합 경구백신 기술은 재조합 항원단백질을 식물체에서 안정적으로 발현시킴으로서 그에 따른 비용을 절감할 수 있으며, 그 안전성과 효율성면에서 대체 백신으로서의 가능성이 매우 높은 연구분야라 하겠다. 하지만, 기존의 백신생산시스템에 비해 단백질 발현이나 정제수율이 매우 낮고 치료용 백신의 경우 기술개발 이후에도 상용화까지는 독성시험, 임상시험의 진행 및 생산을 위한 고비용 투자가 요구되는 단점이 있다. 그러나, 성공할 경우의 높은 부가가치를 감안할 때 인류건강 차원에서 지속적인 연구개발 및 투자가 이루어져야 하는 분야이다. 이를 위해 식물체 각각에 대한 강력한 프로모터의 개발이 중점적으로 수행되고, 백신 전달 및 GMO 식물의 허용 또는 기술 자체의 안전성과 평가 등의 문제점들이 해결된다면 식물경구백신의 우수성이 조만간 실용화로 이어질 수 있으리라 여겨진다.</p>",
                "context_length": 2715,
                "clue": [
                    {
                        "clue_text": "어떤 프로모터를 선택 하느냐에 따라 전사과정의 속도에 영향을 주고, 이는 단백질 발현에 직접적으로 관여하기 때문이다.",
                        "clue_start": "83",
                        "clue_end": "148"
                    },
                    {
                        "clue_text": "식물체 발현 바이러스벡터의 선택은 대상 식물체 와 그 발현목적에 따라 정해진다.",
                        "clue_start": "503",
                        "clue_end": "547"
                    },
                    {
                        "clue_text": "어쥬번트 (adjuvant)는 흔히 백신 보조제, 면역 보강제 또는 항원 보강제로 불리는 물질인데, 백신에 대한 감응반응을 높여 면역시스템에서 항체가 많이 생성 될 수 있도록 한다.",
                        "clue_start": "779",
                        "clue_end": "880"
                    },
                    {
                        "clue_text": "현재까지 보고된 임상시험 진행 정도를 살펴보면 설사병 예방을 위해 몇몇 지원자 (volunteer)에게 한하여 50-100 g의 감자를 섭취하게 했던 1 차 임상시험이 1997년 시작되었는데, 재조합 항원이 포함된 감자를 생으로 섭취해도 면역반응이 나타난다는 것을 보여주었다.",
                        "clue_start": "1851",
                        "clue_end": "2005"
                    },
                    {
                        "clue_text": "식물유래 재조합 경구백신 기술은 재조합 항원단백질을 식물체에서 안정적으로 발현시킴으로서 그에 따른 비용을 절감할 수 있으며, 그 안전성과 효율성면에서 대체 백신으로서의 가능성이 매우 높은 연구분야라 하겠다.",
                        "clue_start": "2278",
                        "clue_end": "2393"
                    }
                ],
                "terminology": [
                    {
                        "word": "B subunit"
                    },
                    {
                        "word": "CTB"
                    },
                    {
                        "word": "E. coli"
                    },
                    {
                        "word": "FDA"
                    },
                    {
                        "word": "GMO"
                    },
                    {
                        "word": "enterotoxin"
                    },
                    {
                        "word": "leukocyte"
                    },
                    {
                        "word": "mannopine synthase"
                    },
                    {
                        "word": "octopine"
                    },
                    {
                        "word": "receptor"
                    },
                    {
                        "word": "toxin"
                    },
                    {
                        "word": "toxoid"
                    },
                    {
                        "word": "virus"
                    },
                    {
                        "word": "감응반응"
                    },
                    {
                        "word": "경구백신"
                    },
                    {
                        "word": "과발현"
                    },
                    {
                        "word": "내재면역"
                    },
                    {
                        "word": "면역 반응"
                    },
                    {
                        "word": "면역글로블린"
                    },
                    {
                        "word": "면역반응"
                    },
                    {
                        "word": "면역시스템"
                    },
                    {
                        "word": "바이러스벡터"
                    },
                    {
                        "word": "벡터 시스템"
                    },
                    {
                        "word": "사포닌"
                    },
                    {
                        "word": "상시발현 프로 모터"
                    },
                    {
                        "word": "소포체"
                    },
                    {
                        "word": "시퀀스"
                    },
                    {
                        "word": "식물경구백신"
                    },
                    {
                        "word": "식물유래 재조합 단백질"
                    },
                    {
                        "word": "어쥬번트"
                    },
                    {
                        "word": "어쥬번트 (adjuvant)"
                    },
                    {
                        "word": "재조합 백신"
                    },
                    {
                        "word": "재조합 항원"
                    },
                    {
                        "word": "전사과정"
                    },
                    {
                        "word": "전조직 발현"
                    },
                    {
                        "word": "점막 보조제"
                    },
                    {
                        "word": "점막면역"
                    },
                    {
                        "word": "정제수율"
                    },
                    {
                        "word": "차원"
                    },
                    {
                        "word": "프로모터"
                    },
                    {
                        "word": "항원단백질"
                    },
                    {
                        "word": "항원유전자"
                    },
                    {
                        "word": "항체"
                    },
                    {
                        "word": "형질전환"
                    }
                ]
            },
            {
                "context_id": "55e-0c9-f27ea884-3a4d-4536-b51f-48aba859ef0b",
                "context_K-NSCC": {
                    "field": "생명",
                    "large_category": "LA",
                    "medium_category": "09"
                },
                "context": "<h2>HBV (hepatitis B surface antigen)</h2> <p>현재 사용되는 B형 간염 재조합 백신은 효모로부터 HBV 감염 입자와 유사한 \\( 17 \\mathrm{~nm} \\) 크기의 입자를 생산하여 백신으로 사용하는데 (Wampler et al. 1985), 식물경구백신은 이와 유사한 입자를 식물체에 발현시켜 재조합 단백질로 사용한다. 이를 위해 초기 연구에서 Mason 등 (1992)이 담배에서 HBV 항원의 표면 항원 유전자 (HBsAg)를 도입해 항원 단백질의 생산 및 식물에서 발현된 항원단백질이 HBV 에 감염된 사람의 혈청에 의하여 인식됨을 확인하였고, 이후 생산된 항원을 동물에 주사하여 항체반응과 T 세포 (T cell) 면역반응이 정상적으로 유도됨을 보고 하였다 (Thanavala et al. 1995). Youm 등 (2007)은 다른 연구와 달리 감자에 \\( \\mathrm{preS} 2 \\) 를 포함하는 HBV 중간 단백질 (middle protein)을 도입해 HBV 에 대한 항체 형성 유도가 더 원활히 유지됨을 밝힌 바 있다. 그 이후로도 꾸준히 감자 (Joung et al. 2004; Youm et al. 2007), 토마토 (Gao et al. 2003), 바나나 (Kumar et al. 2005)등 여러 작물에서 시도되어 안정적인 발현 및 백신으로서의 사용가능성이 이미 입증되었다 (Richter et al. 2000; Thanavala et al. 2005; Shchelkunov et al. 2006; Kumar et al. 2007).<h2>Rota 및 Norwalk 바이러스 capsid 단백질</h2> <p>바이러스성 설사병의 주된 원인 바이러스로 알려진 로 타 바이러스와 Norwalk 바이러스는 식물경구백신 연구초기부터 꾸준히 개발이 이루어진 항원이다. Mason 등 (1996)은 Norwalk 바이러스의 capsid 유전자를 담배와 감자에 형질전환 시켜 각각 \\( 0.23 \\%, 0.37 \\% \\) 의 TSP 를 얻어냈는데, 이 capsid 단백질은 담배잎과 감자괴경에서 면역 반응에 관여하는 \\( 38 \\mathrm{~nm} \\)의 rNV (Norwalk virus like particle) 입자를 형성하였다. 이를 쥐에게 먹여 면역반응을 조사한 결과 혈청 \\( \\operatorname{IgG} \\) 항체가 안정적으로 만들어짐을 확인하였다.</p> <p>로타바이러스 역시 어린 아이나 동물에게서 유발되는 설사병으로 외부 capsid 단백질의 주요 부위인 VP7을 감 자에서 발현시켜, 오랜 기간의 기내-계대배양을 통해서도 재조합 항원성분이 그대로 유지됨은 물론이고, 항체-유도 면역반응 역시 원활함을 쥐실험을 통해 검증하였다 (Li et al. 2006).</p> <h2>HPV (human papillomavirus)</h2> <p>자궁경부암은 전세계 여성에서 두 번째로 빈번히 발생 하는 암으로, 해마다 50만 명에게 발병하며, 유방암과 폐 암에 이어 세 번째로 주된 사망원인이 되는 암이다 (Kling and Zeichner 2010). 자궁경부암의 원인은 human papillomavirus 즉 인유두종 바이러스 감염에 의한 것인데, 거의 \\( 80 \\% \\) 이상의 경우가 이 바이러스가 원인이 되어 발병한다. Warzecha 등 (2003)은 HPV의 11 과 16 번 계통의 L1 단백질을 감자에서 발현시켜 면역에 중요한 기능을 하는 VLPs (virus like particles)가 정상적으로 만들어 진다는 것을 보고하였다. 다른 연구그룹에서는 감자 이외에도 담배에서 발현 시킨 HPV 항원유전자를 쥐에게 먹인 결과 T 세포 반응 이 일어나 면역반응이 제대로 유도됨을 확인한 바 있다 (Liu et al. 2005; Fernández-San et al. 2008).</p>",
                "context_length": 1891,
                "clue": [
                    {
                        "clue_text": "현재 사용되는 B형 간염 재조합 백신은 효모로부터 HBV 감염 입자와 유사한 \\( 17 \\mathrm{~nm} \\) 크기의 입자를 생산하여 백신으로 사용하는데 (Wampler et al. 1985), 식물경구백신은 이와 유사한 입자를 식물체에 발현시켜 재조합 단백질로 사용한다.",
                        "clue_start": "46",
                        "clue_end": "201"
                    },
                    {
                        "clue_text": "Mason 등 (1996)은 Norwalk 바이러스의 capsid 유전자를 담배와 감자에 형질전환 시켜 각각 \\( 0.23 \\%, 0.37 \\% \\) 의 TSP 를 얻어냈는데, 이 capsid 단백질은 담배잎과 감자괴경에서 면역 반응에 관여하는 \\( 38 \\mathrm{~nm} \\)의 rNV (Norwalk virus like particle) 입자를 형성하였다.",
                        "clue_start": "913",
                        "clue_end": "1117"
                    },
                    {
                        "clue_text": "로타바이러스 역시 어린 아이나 동물에게서 유발되는 설사병으로 외부 capsid 단백질의 주요 부위인 VP7을 감 자에서 발현시켜, 오랜 기간의 기내-계대배양을 통해서도 재조합 항원성분이 그대로 유지됨은 물론이고, 항체-유도 면역반응 역시 원활함을 쥐실험을 통해 검증하였다 (Li et al. 2006).",
                        "clue_start": "1199",
                        "clue_end": "1368"
                    },
                    {
                        "clue_text": "자궁경부암의 원인은 human papillomavirus 즉 인유두종 바이러스 감염에 의한 것인데, 거의 \\( 80 \\% \\) 이상의 경우가 이 바이러스가 원인이 되어 발병한다.",
                        "clue_start": "1529",
                        "clue_end": "1628"
                    },
                    {
                        "clue_text": "Warzecha 등 (2003)은 HPV의 11 과 16 번 계통의 L1 단백질을 감자에서 발현시켜 면역에 중요한 기능을 하는 VLPs (virus like particles)가 정상적으로 만들어 진다는 것을 보고하였다.",
                        "clue_start": "1629",
                        "clue_end": "1752"
                    }
                ],
                "terminology": [
                    {
                        "word": "B형 간염 재조합 백신"
                    },
                    {
                        "word": "HBV"
                    },
                    {
                        "word": "HBV 감염"
                    },
                    {
                        "word": "HBV 중간 단백질"
                    },
                    {
                        "word": "HBsAg"
                    },
                    {
                        "word": "HPV"
                    },
                    {
                        "word": "Norwalk virus"
                    },
                    {
                        "word": "Norwalk 바이러스"
                    },
                    {
                        "word": "T cell"
                    },
                    {
                        "word": "T 세포"
                    },
                    {
                        "word": "TSP"
                    },
                    {
                        "word": "VLPs"
                    },
                    {
                        "word": "VP7"
                    },
                    {
                        "word": "capsid"
                    },
                    {
                        "word": "capsid 단백질"
                    },
                    {
                        "word": "capsid 유전자"
                    },
                    {
                        "word": "hepatitis"
                    },
                    {
                        "word": "human papillomavirus"
                    },
                    {
                        "word": "particle"
                    },
                    {
                        "word": "protein"
                    },
                    {
                        "word": "rNV"
                    },
                    {
                        "word": "virus"
                    },
                    {
                        "word": "감자괴경"
                    },
                    {
                        "word": "기내-계대배양"
                    },
                    {
                        "word": "단백질"
                    },
                    {
                        "word": "로타바이러스"
                    },
                    {
                        "word": "면역반응"
                    },
                    {
                        "word": "바이러스"
                    },
                    {
                        "word": "발현"
                    },
                    {
                        "word": "백신"
                    },
                    {
                        "word": "세포"
                    },
                    {
                        "word": "식물경구백신"
                    },
                    {
                        "word": "식물체"
                    },
                    {
                        "word": "유전자"
                    },
                    {
                        "word": "인유두종 바이러스"
                    },
                    {
                        "word": "자궁경부암"
                    },
                    {
                        "word": "재조합"
                    },
                    {
                        "word": "재조합 단백질"
                    },
                    {
                        "word": "재조합 백신"
                    },
                    {
                        "word": "재조합 항원성분"
                    },
                    {
                        "word": "표면 항원 유전자"
                    },
                    {
                        "word": "항원"
                    },
                    {
                        "word": "항원단백질"
                    },
                    {
                        "word": "항원유전자"
                    },
                    {
                        "word": "항체"
                    },
                    {
                        "word": "항체-유도 면역반응"
                    },
                    {
                        "word": "혈청"
                    },
                    {
                        "word": "형질전환"
                    },
                    {
                        "word": "효모"
                    }
                ]
            },
            {
                "context_id": "55e-0c9-97ed3b07-226a-462f-9f05-c9dccb7985f4",
                "context_K-NSCC": {
                    "field": "생명",
                    "large_category": "LA",
                    "medium_category": "09"
                },
                "context": "<h1>식물유래 재조합항원</h1> <p>현재 식물체에서 안정적인 발현이 확인되어 개발이 진 행중인 식물유래 경구백신의 종류와 그 진행의 정도를 살 펴보면 다음과 같다 (Table 1). Arntzen 등 (2003)의 보고에 의하면 2003년까지 약 45 여종의 항원들이 식물체에 도입 되어졌으며, 그 이후로도 더 넓은 범위의 질병으로 확대 되어왔다. 본 review 에서는 그들 중 가장 많이 연구가 되어있는 항원을 정리하였다.</p> <h2>CTB (cholera toxin B subunit)</h2> <p>콜레라는 설사병을 유발하는 V. cholera 에 의한 수인성질병으로 해마다 전세계적으로 550만 명이 감염되며, 주로 아시아, 아프리카 등 최빈국에서 12만명이 목숨을 잃는 질병이다. 콜레라는 점막백신으로 감자, 토마토 등 다양한 작물에서 시도되었는데 (Jani et al. 2002), 감자에서 총 수용성 단백질 (TSP)의 \\(0.3\\%\\) (Arakawa et al. 1997), 담배에서 \\( 0.095 \\% \\) (Wang et al. 2001), 토마토의 잎에서 \\( 0.02 \\% \\), 과육에서 \\( 0.04 \\% \\) (Jani et al. 2002)씩 각각 발현되는 것으로 보고되었다. 또한, 콜레라 항원이 발현된 감자를 먹인 쥐에서 콜레라균에 특이적으로 반응하는 항체가 생성됨을 확인하였다 (Arakawa et al. 1998). Nochi 등 (2007)은 콜레라 독소 B를 생산하는 쌀을 만들어 면역반응을 확인하였는데, 형질전환 벼-유래의 CTB 는 위산의 분해에도 안정하며 실온에서 장기간 보관해도 활성이 유지되어 백신으로서의 사용이 가능함을 보여주었다. 식물에서 콜레라 항원을 발현시킬 때 높은 분자량을 나타내는 경향이 있는데, 이는 식물의 경우에 특정 효소들로 인해 특이적인 당쇄화 (glycosylation) 과정을 거치면서 일어나는 현상으로 밝혀졌다 (Warzecha et al. 2007). 식물에서 일어나는 당쇄화 과정은 식물경구백신 생산과 관련해 좀 더 연구가 이루어져야 하는 부분이다.</p> <h2>LTB (heat labile enterotoxin B subunit)</h2> <p>대장균 장독소 (ETEC)는 한개 이상의 독소를 생산해 내는 수양성 질병이다. 이들 중 하나가 고분자량인 heat labile toxin (LT)인데, 이것은 콜레라 독소 (CT)와 매우 유사하다. LTB역시 CTB와 마찬가지로 장의 상피세포 표면 에 존재하는 GM-1 강글리오사이드에 B subunit 펜타머의 특수 상호작용에 의해 결합하며 면역원으로서 뿐만 아니라 공공 투여 항원을 위한 면역보조제로서의 기능도 함께 수행한다.</p> <p>Haq 등 (1995)은 대장균의 LTB를 감자와 담배에서 생산해, 총 수용성 단백질의 \\( 0.02 \\% \\)까지 발현됨을 관찰하였으며, 이들 단백질이 장내 GM-1 강글리오사이드에 결합하는 것으로 보아 생리적 상태인 \\( 11.6\\mathrm{kDa} \\) 의 펜타머 형성이 원활하게 일어날 수 있음을 보여주었다. Mason 등 (1998)은 LTB의 발현율을 높이기 위하여 식물에서 많이 사용되는 코돈 (plant optimized codon)으로 변화시키고, RNA안정성 증가를 위하여 시퀀스를 제거 시키는 등의 다양한 시도를 통해 항원단백질의 발현을 증가시켰으며, Chikwamba 등(2002)은 종자특이발현 (seed specific) 프로모터를 사용해 옥수수에 형질전환시켜 박테리아 유래 LTB와 유사하게 \\( \\mathrm{GM}-1 \\) 강글리오사이드에 결합해 안정적인 항체형성을 확인하였다. LTB와 CTB의 재조합 다중체는 동물 (Mason et al. 1998)과 사람 (Tacket et al. 1998)에게 경구투여 하였을 때 정상적인 면역반응이 유도된다고 보고 된 바 있다.",
                "context_length": 1896,
                "clue": [
                    {
                        "clue_text": "Arntzen 등 (2003)의 보고에 의하면 2003년까지 약 45 여종의 항원들이 식물체에 도입 되어졌으며, 그 이후로도 더 넓은 범위의 질병으로 확대 되어왔다.",
                        "clue_start": "105",
                        "clue_end": "197"
                    },
                    {
                        "clue_text": "식물에서 콜레라 항원을 발현시킬 때 높은 분자량을 나타내는 경향이 있는데, 이는 식물의 경우에 특정 효소들로 인해 특이적인 당쇄화 (glycosylation) 과정을 거치면서 일어나는 현상으로 밝혀졌다 (Warzecha et al. 2007).",
                        "clue_start": "838",
                        "clue_end": "974"
                    },
                    {
                        "clue_text": "LTB역시 CTB와 마찬가지로 장의 상피세포 표면 에 존재하는 GM-1 강글리오사이드에 B subunit 펜타머의 특수 상호작용에 의해 결합하며 면역원으로서 뿐만 아니라 공공 투여 항원을 위한 면역보조제로서의 기능도 함께 수행한다.",
                        "clue_start": "1198",
                        "clue_end": "1327"
                    },
                    {
                        "clue_text": "Mason 등 (1998)은 LTB의 발현율을 높이기 위하여 식물에서 많이 사용되는 코돈 (plant optimized codon)으로 변화시키고, RNA안정성 증가를 위하여 시퀀스를 제거 시키는 등의 다양한 시도를 통해 항원단백질의 발현을 증가시켰으며, Chikwamba 등(2002)은 종자특이발현 (seed specific) 프로모터를 사용해 옥수수에 형질전환시켜 박테리아 유래 LTB와 유사하게 \\( \\mathrm{GM}-1 \\) 강글리오사이드에 결합해 안정적인 항체형성을 확인하였다",
                        "clue_start": "1513",
                        "clue_end": "1787"
                    }
                ],
                "terminology": [
                    {
                        "word": "B subunit"
                    },
                    {
                        "word": "B subunit 펜타머"
                    },
                    {
                        "word": "CT"
                    },
                    {
                        "word": "CTB"
                    },
                    {
                        "word": "ETEC"
                    },
                    {
                        "word": "GM-1 강글리오사이드"
                    },
                    {
                        "word": "LT"
                    },
                    {
                        "word": "LTB"
                    },
                    {
                        "word": "RNA안정성"
                    },
                    {
                        "word": "TSP"
                    },
                    {
                        "word": "V. cholera"
                    },
                    {
                        "word": "cholera toxin"
                    },
                    {
                        "word": "cholera toxin B"
                    },
                    {
                        "word": "cholera toxin B subunit"
                    },
                    {
                        "word": "codon"
                    },
                    {
                        "word": "enterotoxin"
                    },
                    {
                        "word": "glycosylation"
                    },
                    {
                        "word": "seed"
                    },
                    {
                        "word": "subunit"
                    },
                    {
                        "word": "toxin"
                    },
                    {
                        "word": "경구백신"
                    },
                    {
                        "word": "경구투여"
                    },
                    {
                        "word": "과육"
                    },
                    {
                        "word": "단백질"
                    },
                    {
                        "word": "당쇄화"
                    },
                    {
                        "word": "대장균"
                    },
                    {
                        "word": "대장균 장독소"
                    },
                    {
                        "word": "독소"
                    },
                    {
                        "word": "면역반응"
                    },
                    {
                        "word": "면역보조제"
                    },
                    {
                        "word": "면역원"
                    },
                    {
                        "word": "박테리아"
                    },
                    {
                        "word": "발현"
                    },
                    {
                        "word": "발현율"
                    },
                    {
                        "word": "백신"
                    },
                    {
                        "word": "분자량"
                    },
                    {
                        "word": "상피세포"
                    },
                    {
                        "word": "수양성 질병"
                    },
                    {
                        "word": "수용성 단백질"
                    },
                    {
                        "word": "시퀀스"
                    },
                    {
                        "word": "식물경구백신"
                    },
                    {
                        "word": "식물체"
                    },
                    {
                        "word": "장독소"
                    },
                    {
                        "word": "재조합"
                    },
                    {
                        "word": "재조합항원"
                    },
                    {
                        "word": "점막백신"
                    },
                    {
                        "word": "종자특이발현"
                    },
                    {
                        "word": "코돈"
                    },
                    {
                        "word": "콜레라"
                    },
                    {
                        "word": "콜레라 독소 B"
                    },
                    {
                        "word": "콜레라균"
                    },
                    {
                        "word": "펜타머"
                    },
                    {
                        "word": "프로모터"
                    },
                    {
                        "word": "항원"
                    },
                    {
                        "word": "항원단백질"
                    },
                    {
                        "word": "항체"
                    },
                    {
                        "word": "형질전환"
                    }
                ]
            }
        ]
    }
}