{
    "dataset_info": {
        "identifier": "02-031-002-NL",
        "name": "기술과학 문서 요약 데이터",
        "category": "자연어",
        "last_updated": "2023-08-30"
    },
    "dataset": {
        "doc_id": "8a2ae4d1-2cbef0ca-3cd8-4f2d-b56a-b0a3eaf24dd6",
        "doc_type": "논문",
        "doc_title": {
            "kor": "혈전용해효소함유 기능성 청국장제조에 관한 연구",
            "eng": ""
        },
        "doc_category": {
            "KDC": "470.5",
            "DDC": ""
        },
        "doc_number": {
            "ISSN": "1225-9918",
            "ISBN": "",
            "DOI": "",
            "UCI": ""
        },
        "doc_year": "2002",
        "doc_author": [
            "김익조",
            "김형갑",
            "정종화",
            "정영기",
            "류충호"
        ],
        "doc_publisher": "한국생명과학회",
        "doc_license": "CC BY",
        "context_info": [
            {
                "context_id": "55e-0c9-2c2aac9d-8abc-47b4-968a-f3ab1cf7e03c",
                "context_K-NSCC": {
                    "field": "생명",
                    "large_category": "LA",
                    "medium_category": "04"
                },
                "context": "<h1>재료 및 방법</h1><h2>원료대두</h2><p>경남 남해군 서면 농협에서 2001년 가을 수확한 백태를 구입 사용하였다.</p><h2>균주의 분리 및 동정</h2><p>서부경남 일대의 재래시장에서 유통되는 청국장과 장류공장에서 분리한 균주 중 혈전용해능이 있는 균주를 분리하였다. 분리한 균주로 청국장을 제조하여 청국장의 냄새와 맛, 색택, 점질물 생성량, 암모니아취가 등을 조사하였다. 특히 혈전용해효소를 많이 생산(Fig. 1)하는 기능성 청국장제조에 적합한 균주를 선택하였다. 분리된 균주의 생화학적 특성을 Bergey's의 방법에 준하여 동정하였다. 형태학적 특성은 gram 염색법으로 염색 후 현미경으로 검경하였으며, 운동성과 아포형성 유무를 확인하였다.</p><h2>청국장제조 및 발효조건</h2><p>분리균주를 TSA (Trypticase Soy Agar, Difco, France)에 계대 후 TSB (Trypticase Soy Broth, Difco, France)에 \\( 37^{\\circ} \\mathrm{C} \\), 24시간, 진탕 배양한 것을 종균으로 이용하였다. 남해산 대두를 정선하여 이물을 제거하고 3회 세척 후 실온에서 12시간 침지 하였다. 물빼기는 1시간 실시하여 과잉의 수분을 제거하였다. \\( 121^{\\circ} \\mathrm{C} \\)에서 50분간 증자 한 후 \\( 45^{\\circ} \\mathrm{C} \\)까지 방냉하여 전배양한 종균을 원료 \\( \\mathrm{g} \\) 당 \\( 10^{6} \\) 되게 접종하여 통기 가능한 용기에 넣어 발효시켰다. 최적 발효온도와 시간을 검토하기 위해 선발된 종균을 접종한 증자 대두를 25에서 \\( 50^{\\circ} \\mathrm{C} \\)까지 범위의 여러 온도별 항온기에서 발효 72시간까지 6시간마다 시료를 채취하였다. 각 발효조건별로 제조한 청국장의 \\( \\mathrm{pH} \\)는 시간별로 채취한 시료를 동량의 증류수에 현탁하여 \\( \\mathrm{pH} \\) meter(ORION 420A, USA)로 측정하였다. 청국장 발효 중 균수변화는 직접도말법으로 측정하였다. 즉, 각 시간별 시료 \\( 10 \\mathrm{~g} \\)을 멸균증류수 \\( 90 \\mathrm{ml} \\)에 넣고 30분간 교반하여 시험액으로 사용하였다. 시험액을 10배씩 희석하여 NA (Nutrient Agar, Difco, France)에 도말하여 \\( 37^{\\circ} \\mathrm{C} \\) 에서 12시간배양 후 생성된 colony를 계수하였다.</p><h2>혈전용해효소활성 측정 및 그 안정성</h2><p>혈전용해효소의 활성은 fibrin plate 법을 변형하여 lysed zone으로 측정하였다. fibrin plate는 0.06% fibrinogen (Sigma, USA)을 \\(0.01 \\mathrm{M}\\) PBS buffer (\\(\\mathrm{pH} 7.25\\))에 용해시킨 후 샤레에 \\( 10 \\mathrm{ml} \\)를 분주하고 thrombin (Mochida, Japan) \\(20\\mathrm{unit}\\)를 가하여 균일한 두께의 fibrin clot을 형성시킨 후 실온에서 30분방치 후 혈전용해효소 활성 측정에 사용하였다. 시료 중의 혈전용해효소를 \\(0.01 \\mathrm{M}\\) PBS buffer에 용출시킨 후 여과 (Whatman No. 2)하여 여액을 조효소로 사용하였다. 활성측정은 조효소액 \\( 20 \\mu \\ell \\)를 paper disc ( \\( \\phi 8 \\) \\(\\mathrm{mm}\\), Toyo Roshi, Japan)에 흡수시킨 후 제조한 fibrin plate 올려 \\( 37^{\\circ} \\mathrm{C} \\)에서 4시간 동안 반응 후 생성된 투명한 부위의 직경을 측정하였다. 혈전용해효소의 열안정성을 조사하기 위해 제조한 청국장을 증류수 현탁 (\\(1:1\\), \\(\\mathrm{w/v}\\))하여 \\( 30^{\\circ} \\mathrm{C} \\)에서 \\( 80^{\\circ} \\mathrm{C} \\) 범위의 항온수조에서 30분간 중탕처리 후 잔존하는 혈전용해활성을 측정하여 열안정성을 확인하였다. 또 청국장 중의 혈전용해효소활성에 식염의 영향을 조사하기 위해 발효가 끝난 청국장을 멸균식염수 \\( (2 \\% \\sim 20 \\%) \\)에 용출 (\\(1:4\\), \\(\\mathrm{w/v}\\)) 하여 혈전용해활성을 측정하였다.</p>",
                "context_length": 2173,
                "clue": [
                    {
                        "clue_text": "서부경남 일대의 재래시장에서 유통되는 청국장과 장류공장에서 분리한 균주 중 혈전용해능이 있는 균주를 분리하였다.",
                        "clue_start": "100",
                        "clue_end": "162"
                    },
                    {
                        "clue_text": "특히 혈전용해효소를 많이 생산(Fig. 1)하는 기능성 청국장제조에 적합한 균주를 선택하였다.",
                        "clue_start": "223",
                        "clue_end": "275"
                    },
                    {
                        "clue_text": "최적 발효온도와 시간을 검토하기 위해 선발된 종균을 접종한 증자 대두를 25에서 \\( 50^{\\circ} \\mathrm{C} \\)까지 범위의 여러 온도별 항온기에서 발효 72시간까지 6시간마다 시료를 채취하였다.",
                        "clue_start": "786",
                        "clue_end": "904"
                    },
                    {
                        "clue_text": "각 발효조건별로 제조한 청국장의 \\( \\mathrm{pH} \\)는 시간별로 채취한 시료를 동량의 증류수에 현탁하여 \\( \\mathrm{pH} \\) meter(ORION 420A, USA)로 측정하였다.",
                        "clue_start": "905",
                        "clue_end": "1017"
                    },
                    {
                        "clue_text": "혈전용해효소의 열안정성을 조사하기 위해 제조한 청국장을 증류수 현탁 (\\(1:1\\), \\(\\mathrm{w/v}\\))하여 \\( 30^{\\circ} \\mathrm{C} \\)에서 \\( 80^{\\circ} \\mathrm{C} \\) 범위의 항온수조에서 30분간 중탕처리 후 잔존하는 혈전용해활성을 측정하여 열안정성을 확인하였다.",
                        "clue_start": "1863",
                        "clue_end": "2042"
                    }
                ],
                "terminology": [
                    {
                        "word": "Agar"
                    },
                    {
                        "word": "Bergey's의 방법"
                    },
                    {
                        "word": "Broth"
                    },
                    {
                        "word": "NA"
                    },
                    {
                        "word": "Nutrient Agar"
                    },
                    {
                        "word": "PBS"
                    },
                    {
                        "word": "TSA"
                    },
                    {
                        "word": "TSB"
                    },
                    {
                        "word": "Trypticase Soy Agar"
                    },
                    {
                        "word": "Trypticase Soy Broth"
                    },
                    {
                        "word": "buffer"
                    },
                    {
                        "word": "clot"
                    },
                    {
                        "word": "colony"
                    },
                    {
                        "word": "disc"
                    },
                    {
                        "word": "fibrin"
                    },
                    {
                        "word": "fibrin clot"
                    },
                    {
                        "word": "fibrin plate"
                    },
                    {
                        "word": "fibrin plate 법"
                    },
                    {
                        "word": "fibrinogen"
                    },
                    {
                        "word": "gram 염색법"
                    },
                    {
                        "word": "lysed zone"
                    },
                    {
                        "word": "paper disc"
                    },
                    {
                        "word": "plate"
                    },
                    {
                        "word": "thrombin"
                    },
                    {
                        "word": "검경"
                    },
                    {
                        "word": "계대"
                    },
                    {
                        "word": "교반"
                    },
                    {
                        "word": "균주"
                    },
                    {
                        "word": "대두"
                    },
                    {
                        "word": "도말"
                    },
                    {
                        "word": "동정"
                    },
                    {
                        "word": "멸균식염수"
                    },
                    {
                        "word": "멸균증류수"
                    },
                    {
                        "word": "발효"
                    },
                    {
                        "word": "방냉"
                    },
                    {
                        "word": "배양"
                    },
                    {
                        "word": "분리균주"
                    },
                    {
                        "word": "분주"
                    },
                    {
                        "word": "색택"
                    },
                    {
                        "word": "생화학적"
                    },
                    {
                        "word": "생화학적 특성"
                    },
                    {
                        "word": "샤레"
                    },
                    {
                        "word": "샤레에"
                    },
                    {
                        "word": "시료"
                    },
                    {
                        "word": "시험액"
                    },
                    {
                        "word": "식염"
                    },
                    {
                        "word": "암모니아취"
                    },
                    {
                        "word": "여과"
                    },
                    {
                        "word": "여액"
                    },
                    {
                        "word": "열안정성"
                    },
                    {
                        "word": "용출"
                    },
                    {
                        "word": "원료대두"
                    },
                    {
                        "word": "전배양"
                    },
                    {
                        "word": "접종"
                    },
                    {
                        "word": "조효소"
                    },
                    {
                        "word": "조효소액"
                    },
                    {
                        "word": "종균"
                    },
                    {
                        "word": "증류수"
                    },
                    {
                        "word": "증자"
                    },
                    {
                        "word": "직접도말법"
                    },
                    {
                        "word": "진탕"
                    },
                    {
                        "word": "진탕 배양"
                    },
                    {
                        "word": "침지"
                    },
                    {
                        "word": "통기"
                    },
                    {
                        "word": "항온수조"
                    },
                    {
                        "word": "현탁"
                    },
                    {
                        "word": "혈전용해능"
                    },
                    {
                        "word": "혈전용해활성"
                    },
                    {
                        "word": "혈전용해효소"
                    },
                    {
                        "word": "형태학적 특성"
                    },
                    {
                        "word": "활성측정"
                    },
                    {
                        "word": "희석"
                    }
                ]
            },
            {
                "context_id": "55e-0c9-c67b8a27-c6b7-4a61-ac06-24b1aa23ac5f",
                "context_K-NSCC": {
                    "field": "생명",
                    "large_category": "LA",
                    "medium_category": "04"
                },
                "context": "<h1>결과 및 고찰</h1><h2>균주의 분리 및 동정</h2><p>재래시장 및 상점에서 구입한 청국 장에서 분리한 124균주, 장류공장에서 분리한 59균주를 TSB (Trypticase Soy Broth, Difco, France)에서 \\( 40^{\\circ} \\mathrm{C},\\) 48시간 진탕배양한 결과 각각 42균주, 28균주가 혈전용해효소생산 균주로 확인되었다.이들 균주의 혈전용해활성은 \\( 50 \\mathrm{unit} / \\mathrm{m \\ell} \\)이하가 138균주, \\( 51 \\sim 100 \\mathrm{unit} / \\mathrm{m \\ell} \\)가 29균주, \\( 100 \\mathrm{unit} / \\mathrm{m \\ell} \\)이상이 16균주로 나타났다. 혈전용해효소 역가 \\( 100 \\mathrm{unit} / \\mathrm{m \\ell} \\) 이상인 균주로 청국장을 제조하여 암모니아취 및 이취를 거의 생성하지 않는 3균주를 획득하였고 혈전용해효소생산량과 이취생성, 점질물, 색택 등이 가장 우수한 GSK3580균주를 선택하였다. 기능성 청국장제조에 적합한 균주의 형태학적, 생화학적 특성 등을 Table 1에 나타내었다. 분리된 균은 호기성, 간균으로 gram 양성이며 아포를 형성하는 것으로 밝혀졌다. 탄소원으로 glucose, fructose, mannitol, arabinose, cellulose 등을 이용하여 산을 생성하였으며 rhamnose와 lactose는 이용하지 못하였다. Casein과 gelatin을 이용하여 빠른 생육을 보였으며 catalase, oxidase는 양성 urease는 음성이었고 tryptophane을 이용해 indol생성능이 없었다. 이상의 특성을 근거로 Bacillus subtilis로 동정되었으며 최종적으로 Bacillus subtilis GSK3580로 명명하였다.</p><h2>최적온도</h2><p>증자시킨 콩에 분리균주인 B. subtilis GSK3580를 접종하여 \\( 25 \\sim 50^{\\circ} \\mathrm{C} \\) 범위에 10개 구로 나누어 청국장을 제조하였다. 본 연구에서 청국장의 품질은 기본적인 청국장의 물성 외에 기능성물질인 혈전용해효소의 생산량이 중점이 된다. 각각의 온도에서 제조한 청국장의 혈전용해효소 활성을 측정한 결과 \\( 37^{\\circ} \\mathrm{C} \\)에서 가장 높았다. \\( 40^{\\circ} \\mathrm{C} \\) 이상에서도 효소활성은 나타났으나 \\( 37^{\\circ} \\mathrm{C} \\) 보다 상대적으로 낮았고, 암모니아취의 형성속도가 빠른 것으로 나타났다. 청국장 제조시 최적발효온도에 관한 보고로는 석 등의 증자한 대두에 B.licheniformis를 접종하고 \\( 37^{\\circ} \\mathrm{C} \\)에, 손 등은 Bacillus sp.를 \\( 40^{\\circ} \\mathrm{C} \\)에 발효시켰다. 김 등의 볏짚을 이용한 청국장은 각각 \\( 40^{\\circ} \\mathrm{C} \\)와 \\( 50^{\\circ} \\mathrm{C} \\) 발효 등이 있다. 길 등은 \\( 35^{\\circ} \\mathrm{C} \\)에서 발효시킨 청국장에서 혈전용해효소가 가장 많이 생산된다고 하였으나, 본 실험의 결과는 \\( 37^{\\circ} \\mathrm{C} \\)에서 발효시킨 청국장에서 혈전용해효소활성이 더 높았다. 이는 발효 균주에 따른 차이로 사료된다. 또한 \\( 37^{\\circ} \\mathrm{C} \\)에서 발효한 청국장에서 생성되는 효소와 당, 아미노산류의 생산이 가장 적합하다는 보고가 있다.</p>",
                "context_length": 1780,
                "clue": [
                    {
                        "clue_text": "혈전용해효소 역가 \\( 100 \\mathrm{unit} / \\mathrm{m \\ell} \\) 이상인 균주로 청국장을 제조하여 암모니아취 및 이취를 거의 생성하지 않는 3균주를 획득하였고 혈전용해효소생산량과 이취생성, 점질물, 색택 등이 가장 우수한 GSK3580균주를 선택하였다.",
                        "clue_start": "390",
                        "clue_end": "546"
                    },
                    {
                        "clue_text": "본 연구에서 청국장의 품질은 기본적인 청국장의 물성 외에 기능성물질인 혈전용해효소의 생산량이 중점이 된다.",
                        "clue_start": "1051",
                        "clue_end": "1110"
                    },
                    {
                        "clue_text": "각각의 온도에서 제조한 청국장의 혈전용해효소 활성을 측정한 결과 \\( 37^{\\circ} \\mathrm{C} \\)에서 가장 높았다.",
                        "clue_start": "1111",
                        "clue_end": "1184"
                    }
                ],
                "terminology": [
                    {
                        "word": "124균주"
                    },
                    {
                        "word": "138균주"
                    },
                    {
                        "word": "16균주"
                    },
                    {
                        "word": "28균주"
                    },
                    {
                        "word": "29균주"
                    },
                    {
                        "word": "3균주"
                    },
                    {
                        "word": "42균주"
                    },
                    {
                        "word": "59균주"
                    },
                    {
                        "word": "B. subtilis"
                    },
                    {
                        "word": "B. subtilis GSK3580"
                    },
                    {
                        "word": "B.licheniformis"
                    },
                    {
                        "word": "Bacillus sp."
                    },
                    {
                        "word": "Bacillus subtilis"
                    },
                    {
                        "word": "Bacillus subtilis GSK3580"
                    },
                    {
                        "word": "Broth"
                    },
                    {
                        "word": "Difco"
                    },
                    {
                        "word": "GSK3580균주"
                    },
                    {
                        "word": "TSB"
                    },
                    {
                        "word": "Trypticase Soy Broth"
                    },
                    {
                        "word": "arabinose"
                    },
                    {
                        "word": "catalase"
                    },
                    {
                        "word": "cellulose"
                    },
                    {
                        "word": "fructose"
                    },
                    {
                        "word": "gelatin"
                    },
                    {
                        "word": "glucose"
                    },
                    {
                        "word": "gram 양성"
                    },
                    {
                        "word": "indol생성능"
                    },
                    {
                        "word": "lactose"
                    },
                    {
                        "word": "mannitol"
                    },
                    {
                        "word": "oxidase"
                    },
                    {
                        "word": "tryptophane"
                    },
                    {
                        "word": "urease"
                    },
                    {
                        "word": "간균"
                    },
                    {
                        "word": "균주"
                    },
                    {
                        "word": "기능성물질"
                    },
                    {
                        "word": "당"
                    },
                    {
                        "word": "대두"
                    },
                    {
                        "word": "동정"
                    },
                    {
                        "word": "물성"
                    },
                    {
                        "word": "발효"
                    },
                    {
                        "word": "발효 균주"
                    },
                    {
                        "word": "분리균주"
                    },
                    {
                        "word": "색택"
                    },
                    {
                        "word": "생육"
                    },
                    {
                        "word": "생화학적"
                    },
                    {
                        "word": "생화학적 특성"
                    },
                    {
                        "word": "아미노산류"
                    },
                    {
                        "word": "아포"
                    },
                    {
                        "word": "암모니아취"
                    },
                    {
                        "word": "양성"
                    },
                    {
                        "word": "역가"
                    },
                    {
                        "word": "이취"
                    },
                    {
                        "word": "이취생성"
                    },
                    {
                        "word": "접종"
                    },
                    {
                        "word": "증자"
                    },
                    {
                        "word": "진탕배양"
                    },
                    {
                        "word": "탄소원"
                    },
                    {
                        "word": "혈전용해활성"
                    },
                    {
                        "word": "혈전용해효소"
                    },
                    {
                        "word": "혈전용해효소생산 균주"
                    },
                    {
                        "word": "호기성"
                    },
                    {
                        "word": "효소"
                    },
                    {
                        "word": "효소활성"
                    }
                ]
            }
        ]
    }
}