{
    "dataset_info": {
        "identifier": "02-031-002-NL",
        "name": "기술과학 문서 요약 데이터",
        "category": "자연어",
        "last_updated": "2023-08-30"
    },
    "dataset": {
        "doc_id": "28a7cd33-d072-42af-8dba-b9bb4d5fd928",
        "doc_type": "논문",
        "doc_title": {
            "kor": "TNF-α 자극에 활성화된 HaCaT 세포주에서 Yakuchinone-A에 의한 건선 피부염 개선 효과",
            "eng": ""
        },
        "doc_category": {
            "KDC": "521.305",
            "DDC": ""
        },
        "doc_number": {
            "ISSN": "1976-0442",
            "ISBN": "",
            "DOI": "",
            "UCI": ""
        },
        "doc_year": "2020",
        "doc_author": [
            "김민영",
            "황형서"
        ],
        "doc_publisher": "한국응용생명과학회",
        "doc_license": "CC BY",
        "context_info": [
            {
                "context_id": "55e-0c9-ccde851e-a391-42f3-9504-680e87a56613",
                "context_K-NSCC": {
                    "field": "생명",
                    "large_category": "LA",
                    "medium_category": "04"
                },
                "context": "<h3>RNA extraction and real time RT-PCR</h3> <p>In-vitro 건선 피부염 시험모델은 Choi 등의 방법[26]에 따라 수행하였다. \\( \\mathrm{HaCaT} \\) 세포를 6 well-plate에 각 well 당 \\( 4 \\times 10^{5} \\) \\( \\mathrm{cell} / \\mathrm{well} \\) 이 되도록 \\( 2 \\mathrm{~mL} \\) 씩 분주하여 \\( 37^{\\circ} \\mathrm{C}, \\mathrm{CO}_{2} 5 \\% \\) 조건에서 24시간 동안 배양하였다. \\( \\mathrm{HaCaT} \\) 세포에 염증을 유도하기 위해 \\( \\mathrm{TNF}-\\alpha 20 \\mathrm{ng} / \\mathrm{mL} \\) 을 처리하고 yakuchinone-A를 최대 \\( 10 \\mu \\mathrm{g} / \\mathrm{mL} \\) 농도까지 함께 반응시켰다. 2시간 후 배양액을 제거하고 TRIzol reagent (Invitrogen, Waltham, MA, USA)를 분주하여 세포를 용해시킨 뒤 \\( 200 \\mu \\mathrm{L} \\) 의 chroloform을 첨가하여 흔합한 뒤, \\( 14000 \\mathrm{rpm} \\) 으로 원심 분리하여 total RNA를 추출하였다. RNA는 총 \\( 1.5 \\mu \\mathrm{g} \\) 을 되도록 정량 한 후 Revertra ACE kit (Toyobo, OSAKA, Japan)를 활용해 cDNA를 합성하였다. PCR은 real-time PCR (Applied Biosystems, Foster City, CA, USA) 실험 기법을 사용하였으며 각각의 특이 primer를 사용하여 실시간으로 특정 유전자의 mRNA 발현량을 확인하였다. 사용된 Taqman probe는 Table 1에 표기하였다.</p> <h3>Western blotting</h3> <p>\\( \\mathrm{HaCaT} \\) 세포를 6 well-plate 각 well 당 \\( 8 \\times 10^{5} \\mathrm{cell} / \\) well로 seeding한 후, \\( 37^{\\circ} \\mathrm{C}, \\mathrm{CO}_{2} 5 \\% \\) 조건에서 24 시간 배양하였다. 이후 염증을 유도하기 위해 \\( \\mathrm{TNF}-\\alpha 20 \\mathrm{ng} / \\mathrm{mL} \\) 를 처리하였고, 이와 동시에 yakuchinone-A를 \\( 2.5,5,10 \\mu \\mathrm{g} / \\mathrm{mL} \\) 농도조건으로 각각 \\( 2 \\mathrm{~mL} \\) 씩 분주한 뒤 2시간 동안 반응시켰다. 그 다음 차가운 phosphate buffered saline로 3회 세척한 후, RIPA lysis buffer (25 mM Tris-HCl pH 7.6, \\( 150 \\mathrm{nM} \\mathrm{NaCl}, 1 \\% \\mathrm{NP}-40,1 \\% \\) sodium deoxycholate, 0.1\\% SDS, phosphatase inhibitor cocktail, \\( 50 \\mathrm{mM} \\mathrm{EDTA} \\) 를 \\( 100 \\mu \\mathrm{L} \\) 씩 분주하여 \\( 30 \\mathrm{rmm} \\) 에서 5 분 동안 교반하였다. \\( 4^{\\circ} \\mathrm{C}, 12000 \\mathrm{rpm} \\) 에서 15 분간 원심 분리하여 단백질을 추출한 뒤, Bradford (Bio-rad, Hercules, CA, USA) assay 로 정량을 진행하였다. laemmli sample buffer \\( (31.5 \\mathrm{mM} \\) Tris-\\( \\mathrm{HCl}, \\mathrm{pH} 6.8,10 \\% \\) glycerol, 1\\% SDS, \\( 0.005 \\% \\) Bromophenol Blue), \\( \\beta \\)-mercaptoethanol과 단백질 혼합액을 \\( 95^{\\circ} \\mathrm{C} \\) 조건에서 5 분간 열 츙격을 주었다. 이후 \\( 10 \\% \\) SDS-PAGE gel에 각 sample 과 buffer를 lane에 넣고 Tris/Glycine/SDS running buffer를 사용하여 전기 영동을 하였다. Filter paper에 gel을 부착하여 iBlot dry blotting system (Invitrogen, Calsbad, CA, USA)을 사용하여 PVDF membrane에 transfer 하였다. \\( 10 \\% \\) skin milk 를 제조하여 1시간 동안 blocking 후, primary antibody를 분주 하여 1시간 동안 반응시켰다. 그 후 \\( 1 \\mathrm{X} \\) TBST (50 mM Tris, \\( 150 \\mathrm{mM} \\mathrm{NaCl}, 0.1 \\% \\) Tween \\( 20, \\mathrm{pH} \\) 7.4) buffer를 제조하여 5 분씩 6 번, 총 30 분 동안 washing하였다. Secondary antibody 를 1시간 뒤 5 분씩 6 번, 총 30 분 동안 washing하였다. 이후 암실에서 PVDF membrane에 Western ECL substrates (Bio-rad) 을 처리한 후, 30 분 동안 반응시킨 뒤 이미지 치리장치 (Microchemi-DNR, NeveYamin, Israel)로 단백질 발현량을 측정하였다. 단백질 정량 분석은 Image J program (N.I.H, Bethesda, \\( \\mathrm{MD}, \\mathrm{USA}) \\) 을 통해 분석하였고, 사용된 Antibody는 Table 2에 표기하였다.</p> <h3>통계처리</h3> <p>본 연구의 모든 실혐은 3회 이상 반복 실험을 수행하였고, 얻어진 실험값에 대한 모든 통계치리는 Student's t-test를 통해 \\( p \\) 값이 \\( 0.05 \\) 미만일 때 통계적으로 유의성이 있다고 판단하였다.</p>",
                "context_length": 2956,
                "clue": [
                    {
                        "clue_text": "\\( \\mathrm{HaCaT} \\) 세포에 염증을 유도하기 위해 \\( \\mathrm{TNF}-\\alpha 20 \\mathrm{ng} / \\mathrm{mL} \\) 을 처리하고 yakuchinone-A를 최대 \\( 10 \\mu \\mathrm{g} / \\mathrm{mL} \\) 농도까지 함께 반응시켰다.",
                        "clue_start": "306",
                        "clue_end": "475"
                    },
                    {
                        "clue_text": "2시간 후 배양액을 제거하고 TRIzol reagent (Invitrogen, Waltham, MA, USA)를 분주하여 세포를 용해시킨 뒤 \\( 200 \\mu \\mathrm{L} \\) 의 chroloform을 첨가하여 흔합한 뒤, \\( 14000 \\mathrm{rpm} \\) 으로 원심 분리하여 total RNA를 추출하였다.",
                        "clue_start": "476",
                        "clue_end": "659"
                    },
                    {
                        "clue_text": "PCR은 real-time PCR (Applied Biosystems, Foster City, CA, USA) 실험 기법을 사용하였으며 각각의 특이 primer를 사용하여 실시간으로 특정 유전자의 mRNA 발현량을 확인하였다.",
                        "clue_start": "763",
                        "clue_end": "889"
                    },
                    {
                        "clue_text": "본 연구의 모든 실혐은 3회 이상 반복 실험을 수행하였고, 얻어진 실험값에 대한 모든 통계치리는 Student's t-test를 통해 \\( p \\) 값이 \\( 0.05 \\) 미만일 때 통계적으로 유의성이 있다고 판단하였다.",
                        "clue_start": "2828",
                        "clue_end": "2952"
                    }
                ],
                "terminology": [
                    {
                        "word": "Blot dry blotting system"
                    },
                    {
                        "word": "Bradford"
                    },
                    {
                        "word": "Bromophenol Blue"
                    },
                    {
                        "word": "Filter paper"
                    },
                    {
                        "word": "Image J program"
                    },
                    {
                        "word": "In-vitro"
                    },
                    {
                        "word": "In-vitro 건선 피부염"
                    },
                    {
                        "word": "PCR"
                    },
                    {
                        "word": "RIPA"
                    },
                    {
                        "word": "RT-PCR"
                    },
                    {
                        "word": "Revertra ACE kit"
                    },
                    {
                        "word": "SDS-PAGE"
                    },
                    {
                        "word": "SDS-PAGE gel"
                    },
                    {
                        "word": "Secondary antibody"
                    },
                    {
                        "word": "Student's t-test"
                    },
                    {
                        "word": "TBST"
                    },
                    {
                        "word": "TRIzol reagent"
                    },
                    {
                        "word": "Taqman probe"
                    },
                    {
                        "word": "Tris-HCl"
                    },
                    {
                        "word": "Tween"
                    },
                    {
                        "word": "Western ECL substrates"
                    },
                    {
                        "word": "Western blotting"
                    },
                    {
                        "word": "assay"
                    },
                    {
                        "word": "blocking"
                    },
                    {
                        "word": "cDNA"
                    },
                    {
                        "word": "gel"
                    },
                    {
                        "word": "inhibitor"
                    },
                    {
                        "word": "laemmli sample buffer"
                    },
                    {
                        "word": "lane"
                    },
                    {
                        "word": "lysis buffer"
                    },
                    {
                        "word": "mRNA"
                    },
                    {
                        "word": "phosphatase"
                    },
                    {
                        "word": "phosphate buffered saline"
                    },
                    {
                        "word": "primary antibody"
                    },
                    {
                        "word": "real time RT-PCR"
                    },
                    {
                        "word": "real-time PCR"
                    },
                    {
                        "word": "seeding"
                    },
                    {
                        "word": "skin milk"
                    },
                    {
                        "word": "sodium"
                    },
                    {
                        "word": "t-test"
                    },
                    {
                        "word": "total RNA"
                    },
                    {
                        "word": "well"
                    },
                    {
                        "word": "well-plate"
                    },
                    {
                        "word": "yakuchinone-A"
                    },
                    {
                        "word": "건선 피부염"
                    },
                    {
                        "word": "교반"
                    },
                    {
                        "word": "단백질 발현량"
                    },
                    {
                        "word": "단백질 정량 분석"
                    },
                    {
                        "word": "배양"
                    },
                    {
                        "word": "배양액"
                    },
                    {
                        "word": "분간 원심 분리"
                    },
                    {
                        "word": "분주"
                    },
                    {
                        "word": "세포"
                    },
                    {
                        "word": "염증"
                    },
                    {
                        "word": "유의성"
                    },
                    {
                        "word": "유전자"
                    },
                    {
                        "word": "전기 영동"
                    },
                    {
                        "word": "통계처리"
                    },
                    {
                        "word": "특이 primer"
                    },
                    {
                        "word": "합성"
                    }
                ]
            },
            {
                "context_id": "55e-0c9-4c915d30-7137-4362-9480-c5228d339bbc",
                "context_K-NSCC": {
                    "field": "생명",
                    "large_category": "LA",
                    "medium_category": "04"
                },
                "context": "<h3>Yakuchinone-A에 의한 NF-kB 및 STAT3 pathway의 조절</h3> <p>Yakuchinone-A에 의해 염증성 cytokine 및 chemokine의 발현 억제 메커니즘 규명을 위해 western blot을 통해 NF-\\(\\mathrm{\\kappa}\\)B 및 STAT3 신호전달 기작을 관찰하였다. 먼저, I\\(\\mathrm{\\kappa}\\)B는 NF-\\(\\mathrm{\\kappa}\\)B와 복합체를 이루어 전사조절 인자인 NF-\\(\\mathrm{\\kappa}\\)B 기능을 저해하지만, 신호전달에 의해 인산화되면 NF-\\(\\mathrm{\\kappa}\\)B와 분리되어 NF-\\(\\mathrm{\\kappa}\\)B가 핵 안으로 이동하게 되며, 여러 cytokine 및 chemokine 단백질 발현이 촉진된다. TNF-\\(\\alpha \\)에 의해 활성화된 HaCaT 세포에서 yakuchinone-A에 의한 I\\(\\mathrm{\\kappa}\\)B 단백질의 인산화를 관찰한 결과, TNF-\\(\\alpha \\) 처리군에서는 무처리군 대비 인산화된 I\\(\\mathrm{\\kappa}\\)B의 발현이 \\( 11.7 \\pm 1.1 \\)배 증가하였고, 이때 yakuchinone-A를 \\( 2.5,5,10 \\mu \\mathrm{g} / \\mathrm{mL} \\) 농도로 동시 처리 시 TNF-\\(\\alpha \\) 처리군 대비 각각 \\( 64.4 \\pm 1.2,\\) \\(57.6 \\pm 5.1,79.1 \\pm 5.0 \\% \\)로 단백질 발현이 억제되었다(Figs. 3A, B). 또한 IL-6, IL-8, CCL20 발현뿐 아니라 염증반응 촉진과 Th17 분화 등에 밀접하게 연관된 STAT3 단백질의 인산화 조절 변화를 관찰한 결과, TNF-\\(\\alpha \\) 처리군에서 무처리군 대비 인산화된 STAT3의 발현이 약 \\( 15.0 \\pm 1.5 \\)배 증가된 반면, TNF-\\(\\alpha} \\)와 yakuchinone-A를 \\( 2.5,5,10 \\mu \\mathrm{g} / \\mathrm{mL} \\) 농도조건으로 동시 처리한 걸과 TNF-\\(\\alpha \\) 처리군 대비 \\( 63.3 \\pm 2.1,70.2 \\pm 2.8,80.8 \\pm 2.3 \\% \\) 수준만큼 감소하였다(Figs. 3C, D). 따라서 우리는 본 연구를 통해 yakuchinone-A는 TNF-\\( \\alpha \\)에 의해 활성화된 keratinocyte에서 I\\(\\mathrm{\\kappa}\\)B뿐만 아니라 STAT3 단백질의 인산화를 유의적으로 억제하는 것을 알 수 있었다.</p><h3>IL-17A 유도된 HaCaT 세포에서 yakuchinone-A에 의한 CCL20 mRNA 발현 조절</h3> <p>건선 피부염 발병과 밀접한 관련이 있는 Th17 세포에서 분비되는 IL-17A는 각질형성세포를 자극하여 CCL20를 분비하는데, 이는 건선 피부염 발병 기작과 연계되어 있다고 알려진다. 따라서 우리는 HaCaT 세포에 IL-17A를 48시간 처리한 후 yakuchinone-A에 의한 CCL20 mRNA 발현을 관찰하였다. 먼저 IL-17A, yakuchinone-A의 세포독성을 확인하기 위해 CCK-8 assay를 수행하였다. HaCaT 세포에 IL-17A\\((100 \\mathrm{ng} / \\mathrm{mL}) \\)과 yakuchinone-A를 농도별로 48시간 동시 처리한 결과, 최대 \\(6 \\mu \\mathrm{g} / \\mathrm{mL} \\) 농도까지 세포독성이 나타나지 않아 이후 실험에 yakuchinone-A의 최대 농도를 \\( 6 \\mu \\mathrm{g} / \\mathrm{mL} \\)로 설정하여 진행하였다(Fig 4A). 인간 각질형성세포주인 HaCaT 세포에 IL-17A\\((100~ \\mathrm{ng} / \\mathrm{mL} \\) )을 처리한 후 yakuchinone-A를 \\( 1.5,3,6 \\mu \\mathrm{g} / \\mathrm{mL} \\) 농도로 동시 처리한 결과, IL-17A 처리군에서 CCL20의 발현이 무처리군 대비 약 \\( 6.2 \\pm 0.7 \\)배 증가하였으나, yakuchinone-A를 \\(3,6 \\mu \\mathrm{g} / \\mathrm{mL} \\) 농도로 동시 처리한 결과 \\( 25.0 \\pm 7.4,55.5 \\pm 1.1 \\% \\) 수준만큼 CCL20 mRNA 발현이 감소되었다(Fig 4B). 따라서 위 결과들을 통해 IL-17A에 의해 활성화된 각질형성세포에서 CCL20의 발현 또한 yakuchinone-A에 의해 억제됨을 알 수 있었다.</p>",
                "context_length": 2251,
                "clue": [
                    {
                        "clue_text": "Yakuchinone-A에 의해 염증성 cytokine 및 chemokine의 발현 억제 메커니즘 규명을 위해 western blot을 통해 NF-\\(\\mathrm{\\kappa}\\)B 및 STAT3 신호전달 기작을 관찰하였다.",
                        "clue_start": "56",
                        "clue_end": "182"
                    },
                    {
                        "clue_text": "TNF-\\(\\alpha \\)에 의해 활성화된 HaCaT 세포에서 yakuchinone-A에 의한 I\\(\\mathrm{\\kappa}\\)B 단백질의 인산화를 관찰한 결과, TNF-\\(\\alpha \\) 처리군에서는 무처리군 대비 인산화된 I\\(\\mathrm{\\kappa}\\)B의 발현이 \\( 11.7 \\pm 1.1 \\)배 증가하였고, 이때 yakuchinone-A를 \\( 2.5,5,10 \\mu \\mathrm{g} / \\mathrm{mL} \\) 농도로 동시 처리 시 TNF-\\(\\alpha \\) 처리군 대비 각각 \\( 64.4 \\pm 1.2,\\) \\(57.6 \\pm 5.1,79.1 \\pm 5.0 \\% \\)로 단백질 발현이 억제되었다(Figs. 3A, B).",
                        "clue_start": "411",
                        "clue_end": "776"
                    },
                    {
                        "clue_text": "또한 IL-6, IL-8, CCL20 발현뿐 아니라 염증반응 촉진과 Th17 분화 등에 밀접하게 연관된 STAT3 단백질의 인산화 조절 변화를 관찰한 결과, TNF-\\(\\alpha \\) 처리군에서 무처리군 대비 인산화된 STAT3의 발현이 약 \\( 15.0 \\pm 1.5 \\)배 증가된 반면, TNF-\\(\\alpha} \\)와 yakuchinone-A를 \\( 2.5,5,10 \\mu \\mathrm{g} / \\mathrm{mL} \\) 농도조건으로 동시 처리한 걸과 TNF-\\(\\alpha \\) 처리군 대비 \\( 63.3 \\pm 2.1,70.2 \\pm 2.8,80.8 \\pm 2.3 \\% \\) 수준만큼 감소하였다(Figs. 3C, D).",
                        "clue_start": "777",
                        "clue_end": "1130"
                    },
                    {
                        "clue_text": "따라서 우리는 HaCaT 세포에 IL-17A를 48시간 처리한 후 yakuchinone-A에 의한 CCL20 mRNA 발현을 관찰하였다.",
                        "clue_start": "1447",
                        "clue_end": "1523"
                    },
                    {
                        "clue_text": "인간 각질형성세포주인 HaCaT 세포에 IL-17A\\((100~ \\mathrm{ng} / \\mathrm{mL} \\) )을 처리한 후 yakuchinone-A를 \\( 1.5,3,6 \\mu \\mathrm{g} / \\mathrm{mL} \\) 농도로 동시 처리한 결과, IL-17A 처리군에서 CCL20의 발현이 무처리군 대비 약 \\( 6.2 \\pm 0.7 \\)배 증가하였으나, yakuchinone-A를 \\(3,6 \\mu \\mathrm{g} / \\mathrm{mL} \\) 농도로 동시 처리한 결과 \\( 25.0 \\pm 7.4,55.5 \\pm 1.1 \\% \\) 수준만큼 CCL20 mRNA 발현이 감소되었다(Fig 4B).",
                        "clue_start": "1819",
                        "clue_end": "2163"
                    }
                ],
                "terminology": [
                    {
                        "word": "3C"
                    },
                    {
                        "word": "HaCaT 세포"
                    },
                    {
                        "word": "IL-6"
                    },
                    {
                        "word": "IL-8"
                    },
                    {
                        "word": "NF-kB"
                    },
                    {
                        "word": "STAT3"
                    },
                    {
                        "word": "assay"
                    },
                    {
                        "word": "blot"
                    },
                    {
                        "word": "chemokine"
                    },
                    {
                        "word": "chemokine 단백질 발현"
                    },
                    {
                        "word": "chemokine의 발현 억제 메커니즘"
                    },
                    {
                        "word": "cytokine"
                    },
                    {
                        "word": "keratinocyte"
                    },
                    {
                        "word": "mRNA"
                    },
                    {
                        "word": "mRNA 발현"
                    },
                    {
                        "word": "pathway"
                    },
                    {
                        "word": "western blot"
                    },
                    {
                        "word": "yakuchinone-A"
                    },
                    {
                        "word": "yakuchinone-A의 세포독성"
                    },
                    {
                        "word": "각질형성세포"
                    },
                    {
                        "word": "건선 피부염"
                    },
                    {
                        "word": "기작"
                    },
                    {
                        "word": "단백질"
                    },
                    {
                        "word": "단백질 발현"
                    },
                    {
                        "word": "단백질의 인산화"
                    },
                    {
                        "word": "무처리군"
                    },
                    {
                        "word": "발현"
                    },
                    {
                        "word": "발현 억제"
                    },
                    {
                        "word": "발현 조절"
                    },
                    {
                        "word": "복합체"
                    },
                    {
                        "word": "분화"
                    },
                    {
                        "word": "세포"
                    },
                    {
                        "word": "세포독성"
                    },
                    {
                        "word": "신호전달"
                    },
                    {
                        "word": "신호전달 기작"
                    },
                    {
                        "word": "염증반응"
                    },
                    {
                        "word": "염증성 cytokine"
                    },
                    {
                        "word": "인산화"
                    },
                    {
                        "word": "전사조절"
                    },
                    {
                        "word": "활성화"
                    }
                ]
            },
            {
                "context_id": "55e-0c9-e1fe9304-2c50-4123-b30a-e9e0da391533",
                "context_K-NSCC": {
                    "field": "생명",
                    "large_category": "LA",
                    "medium_category": "04"
                },
                "context": "<h2>결 과</h2> <h3>\\(\\mathrm{TNF}- \\alpha \\) 유도된 \\( \\mathrm{HaCaT} \\) 세포에서 yakuchinone-A의 세포독성</h3> <p>익지인의 유효성분 중 하나인 yakuchinone-A은 울금(Curcuma longa)의 curcumin과 매우 유사한 구조직 특징을 가진다(Fig.1A). 따라서 yakuchinone-A의 피부염증 개선 효능을 확인하기 위해 \\( \\mathrm{HaCaT} \\) 세포에 미치는 세포독성을 CCK-8 assay를 통해 확인하였다.먼저 \\( \\mathrm{HaCaT} \\)세포에 미치는 \\( \\mathrm{TNF}-\\alpha \\) 세포독성은 최대 \\( 50 \\mathrm{ng} / \\mathrm{mL} \\) 농도까지 세포독성이 전혀 나타나지 않았으나, 선행 연구결과들을 고려하여 \\( \\mathrm{TNF}-\\alpha \\) 는 \\( 20 \\mathrm{ng} / \\mathrm{mL} \\) 로 설정하였다. 이후 \\( \\mathrm{HaCaT} \\) 세포에 \\(\\mathrm{TNF}- \\alpha \\) 및 yakuchinone-A을 동시 치리한 후 세포독성을 관찰한 결과, yakuchinone-A \\( 10 \\mu \\mathrm{g}/ \\)\\( \\mathrm{mL} \\) 농도 조건까지는 세포독성이 관찰되지 않았으나, \\( 20 \\mu \\mathrm{g} / \\mathrm{mL} \\) 농도부터 세포독성이 관찰되어 yakuchinone-A의 최대 농도값을 \\( 10 \\mu \\mathrm{g} / \\mathrm{mL} \\)로 설정하여 이후 모든 실험에 작용하였다(Fig. 1C).</p> <h3>Yakuchinone-A에 의한 염증성 cytokine 및 CCL20 발현 억제</h3> <p>피부 염증반응에서 yakuchinone- A의 항염증 효능을 확인하기 위해 제일 먼저 \\( \\mathrm{TNF}-\\alpha \\) 에 의해 활성화된 \\( \\mathrm{HaCaT} \\) 세포주에 yakuchinone-A를 농도별로 치리하여 Th17 세포의 활성 촉진에 중요한 IL-6/8, \\(\\mathrm{TNF}- \\alpha \\) cytokine 및 건선 유발 chemokine 중 하나인 CCL20의 mRNA 발현 변화를 관찰하였다. 먼저 \\( \\mathrm{HaCaT} \\) 세포에 \\( \\mathrm{TNF}-\\alpha \\) 를 치리한 결과, \\( \\mathrm{IL}-6 \\) 의 mRNA 발현은 무처리군 대비 약 \\( 3.4 \\pm 0.3 \\) 배까지 증가하였고, yakuchinone-A를 각각 \\( 2.5 \\), \\( 5,10 \\mu \\mathrm{g} / \\mathrm{mL} \\) 농도로 치리한 시험군에서 \\( \\mathrm{TNF}-\\alpha \\) 치리군 대비 각 \\( 13.4 \\pm 8.3,56.9 \\pm 6.5,61.4 \\pm 7.5 \\% \\) 수준으로 유의성 있게 감소하여 yakuchinone-A가 농도의존직으로 IL-6의 mRNA 발현을 억제하는 것을 알 수 있었다(Fig. 2A). 그러나 yakuchinone-A에 의한\\( \\mathrm{IL}-8 \\) 발현량 변화는 \\( \\mathrm{TNF}-\\alpha \\) 치리군에서 약 \\( 7.2 \\pm 0.7 \\) 배로 정상직으로 증가됨이 관찰되었으나, yakuchinone-A를 농도별로 처리했을 때 저농도에서는 변화가 없었고, \\( 10 \\mu \\mathrm{g} / \\mathrm{mL} \\) 농도조건에서만 TNF- \\( \\alpha \\) 치리군 대비 약 \\( 23.6 \\pm 1.5 \\% \\) 로 억제되었다(Fig. 2B). 또한 \\( \\mathrm{HaCaT} \\) 세포에서 \\( \\mathrm{TNF}-\\alpha \\) 에 의해 활성화된 후 yakuchinone-A에 의한 \\( \\mathrm{TNF}-\\alpha \\) 의 mRNA 발현량을 관찰한 결과, \\( \\mathrm{TNF}-\\alpha \\) 처리군 대비 약 \\( 26.6 \\pm 9.2,39.1 \\pm 3.1,46.0 \\pm 4.8 \\% \\) 수준만큼 감소되었다(Fig. 2C). 마지막으로 건선 푀부염 발병에 밀접한 관련이 있는 CCL20 chemokine의 mRNA 발현을 확인하였다. TNF- \\( \\alpha \\) 처리군에서 CCL20의 mRNA 발현은 \\( 102.7 \\pm 23.7 \\) 배 증가하였고, 이때 yakuchinone-A을 처리한 결과 \\( \\mathrm{TNF}-\\alpha \\) 처리군 대비 \\( 2.5 \\) \\( \\mu \\mathrm{g} / \\mathrm{mL} \\) 의 저농도 조건에서 약 \\( 46.6 \\pm 12.3 \\% \\) 수준으로 유의성 있게 감소되었다(Fig. 2D). 따라서 위 결과로부터 우리는 yakuchinone-A 가 건선 유발 cytokine인 , \\( \\mathrm{IL}-6/8 \\), \\( \\mathrm{TNF}-\\alpha \\) 뿐만아니라 CCL20 chemokine의 mRNA 발현을 억제함을 알 수 있었다.</p>",
                "context_length": 2471,
                "clue": [
                    {
                        "clue_text": "익지인의 유효성분 중 하나인 yakuchinone-A은 울금(Curcuma longa)의 curcumin과 매우 유사한 구조직 특징을 가진다(Fig.1A).",
                        "clue_start": "101",
                        "clue_end": "188"
                    },
                    {
                        "clue_text": "피부 염증반응에서 yakuchinone- A의 항염증 효능을 확인하기 위해 제일 먼저 \\( \\mathrm{TNF}-\\alpha \\) 에 의해 활성화된 \\( \\mathrm{HaCaT} \\) 세포주에 yakuchinone-A를 농도별로 치리하여 Th17 세포의 활성 촉진에 중요한 IL-6/8, \\(\\mathrm{TNF}- \\alpha \\) cytokine 및 건선 유발 chemokine 중 하나인 CCL20의 mRNA 발현 변화를 관찰하였다.",
                        "clue_start": "882",
                        "clue_end": "1129"
                    },
                    {
                        "clue_text": "따라서 위 결과로부터 우리는 yakuchinone-A 가 건선 유발 cytokine인 , \\( \\mathrm{IL}-6/8 \\), \\( \\mathrm{TNF}-\\alpha \\) 뿐만아니라 CCL20 chemokine의 mRNA 발현을 억제함을 알 수 있었다.",
                        "clue_start": "2323",
                        "clue_end": "2467"
                    }
                ],
                "terminology": [
                    {
                        "word": "Curcuma longa"
                    },
                    {
                        "word": "IL-6"
                    },
                    {
                        "word": "TNF-"
                    },
                    {
                        "word": "assay"
                    },
                    {
                        "word": "chemokine"
                    },
                    {
                        "word": "curcumin"
                    },
                    {
                        "word": "cytokine"
                    },
                    {
                        "word": "mRNA"
                    },
                    {
                        "word": "mRNA 발현"
                    },
                    {
                        "word": "yakuchinone- A"
                    },
                    {
                        "word": "yakuchinone-A"
                    },
                    {
                        "word": "yakuchinone-A의 세포독성"
                    },
                    {
                        "word": "건선 유발"
                    },
                    {
                        "word": "건선 유발 chemokine"
                    },
                    {
                        "word": "무처리군"
                    },
                    {
                        "word": "발현"
                    },
                    {
                        "word": "발현 억제"
                    },
                    {
                        "word": "발현량"
                    },
                    {
                        "word": "세포"
                    },
                    {
                        "word": "세포독성"
                    },
                    {
                        "word": "세포주"
                    },
                    {
                        "word": "염증반응"
                    },
                    {
                        "word": "염증성 cytokine"
                    },
                    {
                        "word": "울금"
                    },
                    {
                        "word": "유의성"
                    },
                    {
                        "word": "유효성분"
                    },
                    {
                        "word": "치리"
                    },
                    {
                        "word": "항염증"
                    },
                    {
                        "word": "항염증 효능"
                    },
                    {
                        "word": "활성"
                    },
                    {
                        "word": "활성화"
                    }
                ]
            },
            {
                "context_id": "55e-0c9-b7c8fa74-860a-4f72-a546-cca501590c74",
                "context_K-NSCC": {
                    "field": "생명",
                    "large_category": "LA",
                    "medium_category": "04"
                },
                "context": "<h1>\\( \\mathrm{TNF}-\\alpha \\) 자극에 활성화된 HaCaT 세포주에서 Yakuchinone-A에 의한 건선 피부염 개선 효과</h1> <h2>서 론</h2> <p>건선은 만성 염증성 페부질환으로, 발병율 또한 지속적으로 증가하고 있는 추세이다. 최근 연구에서 건선은 \\( \\mathrm{T} \\) 세포의 분화 및 이들이 생산하는 염증성 cytokine과 밀접한 연관이 있으며, 특히 Th17 세포의 분화와 IL-17 및 chemokine (C-C motif) ligand 20 (CCL20)이 중요한 역할을 한다고 보고된다. 혈액 속에 분포하고 있는 면역세포 중 랑게르한스 세포나, 수지상 세포와 같은 antigen-presenting cell (APCs)은 미성숙한 \\( \\mathrm{CD}^{+} \\mathrm{T} \\) 세포에 항원(antigen)을 전달하여 성숙한 \\( \\mathrm{T} \\) 세포(Th1, Th2, Th17)로 분화시킨다. Th1 세포는 tumor necrosis factor- alpha \\( (\\mathrm{TNF}-\\alpha) \\) 를 생산하며, TNF- \\( \\alpha \\) 는 IL-1 \\( \\alpha / \\beta, \\mathrm{IL}-6, \\mathrm{IL}-23 \\) 등의 cytokine을 분비하여 펴부 keratinocyte의 분화 촉진 및 과각화를 유발할 뿐 아니라 NF-KB 및 STAT3 pathway에 의존적으로 Th17 세포 분화를 유도한다. TNF- \\( \\alpha \\) 는 keratinocyte에서 NF-KB pathway를 통해 CCL20을 분비한다. 피부의 keratinocyte나 fibroblast, 점막 등에서 주로 발현되는 CCL20은 liver and activation-regulated chemokine, macrophage inflammatory protein-\\( 3 \\alpha \\) ), Exodus-1으로불리는 chemokine으로, C-C chemokine receptor type 6와 특이적으로 결합하여 미성숙한 수지상세포, \\( \\mathrm{T} \\) 세포, \\( \\mathrm{B} \\) 세포 등의 변역세포를 염증부위로 유인하는 역할을 한다. Th17 세포는 CCL20을 따라 염증부위로 이동하여 Th17 세포의 특이적 cytokine인 IL-17을 분비하고, IL-17은 다시 CCL20의 분비를 증폭시켜 궁극적으로 CCL20에 의한 면역세포 유도 및 염증반응을 지속시킨다. 따라서 CCL20은 크론병과 궤양성 대장암, 만성 폐쇄성 폐질환 등 다양한 질병에서 과다 발현되는 것으로 보고되며, 특히 만성 염증성 피부질환 중 건선 피부의 환자에게서 동일하게 보고된다. 그러나 최근까지 건선 치료제로 흔히 사용되고 있는 국소 비타민 A 혹은 D 유사체, 국소 스테로이드제, UVB 광선 치료법은 장기간 이용 시 면역 억제의 부작용이 나타나 천연 소재 기반의 새로운 건선 치료 소재 발굴이 중요하다.</p> <h2>재료 및 방법</h2> <h3>실험재료</h3> <p>본 연구에서 사용한 1-(4-hydroxy-3-methoxyphenyl)-7phenylheptan-3-one (Yakuchinone-A, CAS Number 78954-23-1)는 Ensol Bioscience (Daejeon, Korea)에서 구매하여 사용하였다. TNF- \\( \\alpha \\)은 Sigma Aldrich (St. Louis, Missouri, MO, USA)에서 구매하였으며, IL-17A (recombinant human IL-17A (human cell-expressed) protein, CF summary)؛ 2 R\\&D system(Minneapolis, \\( \\mathrm{MN} \\), USA)에서 구매하였다.</p> <h3>세포 배양</h3> <p>본 연구에서 항염증 효능을 평가하기 위해 사용된 인간 각질형성세포인 \\( \\mathrm{HaCaT} \\) 세포주는 고려대학교 생명공학원에서 분양 받아 사용하였다. \\( \\mathrm{HaCaT} \\) 세포는 \\( 10 \\% \\) fetal bovine senum (Welgene, Gyeongxan-si, Korea)과 \\( 100 \\mathrm{U} / \\mathrm{mL} \\) penicillin, \\( 100 \\mu \\mathrm{g} / \\mathrm{mL} \\) streptomycin (Gibco, Waltham, MA, USA)이 포함된 Dulbecco's modified Eagle's medium (DMEM, Welgene)에서 배양하였다. 배양은 \\( 37^{\\circ} \\mathrm{C}, \\mathrm{CO}_{2} 5 \\% \\) 유지 조건의 동물세포 배양기(Panasonic, Kadoma, Osaka, Japan)에서 이루어졌다.</p> <h3>세포독성 실혐</h3> <p>Yakuchinone- \\( \\mathrm{A} \\) 의 독성이 없는 세포 치리 농노를 설정하기 위해 cell counting kit-8 assay (CCK-8 assay, DoGen bio, Seoul, Korea)를 시행하였다. 세포독성 평가는 Choi 등의 방법에 따라 측정하였다. \\( \\mathrm{HaCaT} \\) 세포주를 24 well-plate에서 약 \\( 5.0 \\times 10^{4} \\mathrm{cell} / \\mathrm{well} \\) 이 되도록 \\( 500 \\mu \\mathrm{L} \\) 씩 분주한 후 24 시간 배양하였다. 이후 기존의 배양액을 제기하고, Serum Free-DMEM에 \\( \\mathrm{TNF}-\\alpha 20 \\mathrm{ng} / \\mathrm{mL} \\) 와 yakuchinone-A를 공동 처리한 배양액으로 교체 후 24 시간 동안 반응시겼다. 배양액은 제기하고 phenol red free-DMEM과 CCK-8reagent (DoGen bio, Seoul, Korea)를 \\( 10: 1 \\) 비율로 혀석한 훌, 각 well 당 \\( 500 \\mu \\mathrm{L} \\) 씩 분주하여 30분간 반응시켰다. 이후 상등액을 96 well-plate에 \\( 100 \\mu \\mathrm{L} \\) 씩 3번 분주하여 \\( 450 \\mathrm{~nm} \\) 파장에서 흡광도를 관찰하였다. 세포 생존율은 아래 수식에 따라 계산하였다.</p> <p>Cell viability \\( (\\%)=\\frac{O D_{\\text {sample }}^{\\mathrm{a}}-\\mathrm{OD}_{\\text {blank }}^{\\mathrm{b}}}{\\mathrm{OD}_{\\text {control }}^{\\mathrm{c}}-\\mathrm{OD}_{\\text {blank }}} \\times 100 \\)</p> <ol type=a start=1><li>Absorbance of the group treated with yakuchinone-A</li> <li>Absorbance of CCK-8 solution</li> <li>Absorbance of the control group</li></ol>",
                "context_length": 3486,
                "clue": [
                    {
                        "clue_text": "최근 연구에서 건선은 \\( \\mathrm{T} \\) 세포의 분화 및 이들이 생산하는 염증성 cytokine과 밀접한 연관이 있으며, 특히 Th17 세포의 분화와 IL-17 및 chemokine (C-C motif) ligand 20 (CCL20)이 중요한 역할을 한다고 보고된다.",
                        "clue_start": "149",
                        "clue_end": "305"
                    },
                    {
                        "clue_text": "최근까지 건선 치료제로 흔히 사용되고 있는 국소 비타민 A 혹은 D 유사체, 국소 스테로이드제, UVB 광선 치료법은 장기간 이용 시 면역 억제의 부작용이 나타나 천연 소재 기반의 새로운 건선 치료 소재 발굴이 중요하다.",
                        "clue_start": "1345",
                        "clue_end": "1468"
                    },
                    {
                        "clue_text": "본 연구에서 사용한 1-(4-hydroxy-3-methoxyphenyl)-7phenylheptan-3-one (Yakuchinone-A, CAS Number 78954-23-1)는 Ensol Bioscience (Daejeon, Korea)에서 구매하여 사용하였다.",
                        "clue_start": "1507",
                        "clue_end": "1655"
                    },
                    {
                        "clue_text": "본 연구에서 항염증 효능을 평가하기 위해 사용된 인간 각질형성세포인 \\( \\mathrm{HaCaT} \\) 세포주는 고려대학교 생명공학원에서 분양 받아 사용하였다.",
                        "clue_start": "1890",
                        "clue_end": "1980"
                    },
                    {
                        "clue_text": "Yakuchinone- \\( \\mathrm{A} \\) 의 독성이 없는 세포 치리 농노를 설정하기 위해 cell counting kit-8 assay (CCK-8 assay, DoGen bio, Seoul, Korea)를 시행하였다.",
                        "clue_start": "2395",
                        "clue_end": "2524"
                    }
                ],
                "terminology": [
                    {
                        "word": "APCs"
                    },
                    {
                        "word": "Absorbance"
                    },
                    {
                        "word": "C-C chemokine receptor type 6"
                    },
                    {
                        "word": "C-C motif"
                    },
                    {
                        "word": "CCK-8reagent"
                    },
                    {
                        "word": "CCL20"
                    },
                    {
                        "word": "CF"
                    },
                    {
                        "word": "Cell viability"
                    },
                    {
                        "word": "D 유사체"
                    },
                    {
                        "word": "Gibco"
                    },
                    {
                        "word": "HaCaT 세포주"
                    },
                    {
                        "word": "IL-1"
                    },
                    {
                        "word": "IL-17"
                    },
                    {
                        "word": "IL-17A"
                    },
                    {
                        "word": "NF-KB"
                    },
                    {
                        "word": "NF-KB pathway"
                    },
                    {
                        "word": "STAT3 pathway"
                    },
                    {
                        "word": "Serum"
                    },
                    {
                        "word": "Serum Free-DMEM"
                    },
                    {
                        "word": "Th1"
                    },
                    {
                        "word": "Th1 세포"
                    },
                    {
                        "word": "Th17"
                    },
                    {
                        "word": "Th17 세포"
                    },
                    {
                        "word": "Th2"
                    },
                    {
                        "word": "UVB 광선 치료법"
                    },
                    {
                        "word": "antigen"
                    },
                    {
                        "word": "antigen-presenting cel"
                    },
                    {
                        "word": "bovine"
                    },
                    {
                        "word": "cell counting"
                    },
                    {
                        "word": "chemokine"
                    },
                    {
                        "word": "chemokine receptor"
                    },
                    {
                        "word": "control"
                    },
                    {
                        "word": "control group"
                    },
                    {
                        "word": "cytokine"
                    },
                    {
                        "word": "fibroblast"
                    },
                    {
                        "word": "keratinocyte"
                    },
                    {
                        "word": "ligand 20"
                    },
                    {
                        "word": "penicillin"
                    },
                    {
                        "word": "phenol red free-DMEM"
                    },
                    {
                        "word": "protein"
                    },
                    {
                        "word": "receptor"
                    },
                    {
                        "word": "streptomycin"
                    },
                    {
                        "word": "viability"
                    },
                    {
                        "word": "well"
                    },
                    {
                        "word": "well-plate"
                    },
                    {
                        "word": "yakuchinone-A"
                    },
                    {
                        "word": "건선 피부염"
                    },
                    {
                        "word": "과각화"
                    },
                    {
                        "word": "과다 발현"
                    },
                    {
                        "word": "국소 스테로이드제"
                    },
                    {
                        "word": "동물세포"
                    },
                    {
                        "word": "랑게르한스 세포"
                    },
                    {
                        "word": "면역세포"
                    },
                    {
                        "word": "발현"
                    },
                    {
                        "word": "배양"
                    },
                    {
                        "word": "배양기"
                    },
                    {
                        "word": "배양액"
                    },
                    {
                        "word": "분주"
                    },
                    {
                        "word": "분화"
                    },
                    {
                        "word": "상등액"
                    },
                    {
                        "word": "세포 배양"
                    },
                    {
                        "word": "세포 분화"
                    },
                    {
                        "word": "세포 생존율"
                    },
                    {
                        "word": "세포독성"
                    },
                    {
                        "word": "세포주"
                    },
                    {
                        "word": "수지상 세포"
                    },
                    {
                        "word": "수지상세포"
                    },
                    {
                        "word": "염증반응"
                    },
                    {
                        "word": "염증부위"
                    },
                    {
                        "word": "크론병"
                    },
                    {
                        "word": "파장"
                    },
                    {
                        "word": "항염증"
                    },
                    {
                        "word": "항염증 효능"
                    },
                    {
                        "word": "항원"
                    },
                    {
                        "word": "활성화"
                    },
                    {
                        "word": "흡광도"
                    }
                ]
            }
        ]
    }
}