{
    "dataset_info": {
        "identifier": "02-031-002-NL",
        "name": "기술과학 문서 요약 데이터",
        "category": "자연어",
        "last_updated": "2023-08-30"
    },
    "dataset": {
        "doc_id": "8a2ae4d1-18e02528-3087-4fd6-bf39-586f2f75689d",
        "doc_type": "논문",
        "doc_title": {
            "kor": "",
            "eng": "Effects of Shoulder Muscle Strength on Terminal Range by Humeral HeadRetroversion"
        },
        "doc_category": {
            "KDC": "470.5",
            "DDC": ""
        },
        "doc_number": {
            "ISSN": "1225-9918",
            "ISBN": "",
            "DOI": "",
            "UCI": ""
        },
        "doc_year": "2010",
        "doc_author": [
            "박시영",
            "이동준"
        ],
        "doc_publisher": "한국생명과학회",
        "doc_license": "CC BY",
        "context_info": [
            {
                "context_id": "55e-0c9-merge_2_8a2ae4d1-18e02528-3087-4fd6-bf39-586f2f75689d_04",
                "context_K-NSCC": {
                    "field": "생명",
                    "large_category": "LA",
                    "medium_category": "99"
                },
                "context": "<h1>초록</h1> <p>어깨 관절의 외선의 증대와 내선의 감소는 야구 투수들의 어깨에 주의 깊게 발생한다는 것을 알아야한다. 본 연구의 목적은 MRI 진단을 통해 상완골 후경각을 판단하고, 야구 투수들에게 정해진 각도에서의 길항근의 신장성 수축과 주동근의 단축성 수축을 통한 근력을 비교 분석하는데 있다. 대상자는 어깨관절의 통증을 경험하지 않은 9명의 투수들을 선정하였고, 투구측과 비투구측을 어깨관절을 대상으로 등속성 시스템을 이용하여, \\( 90 ^ {\\circ } / \\mathrm { s } \\)와 \\( 180 ^ {\\circ } / \\mathrm { s } \\)의 속도로 어깨관절의 내선 \\( 90 ^ {\\circ } \\)와 외선 \\( 20 ^ {\\circ } \\)의 범위에서 근력측정을 하였다. 모든 데이터는 대응 \\( t \\)검정을 사용해 분석 및 평가를 하였다 \\( ( p<0.05) \\). 그 결과 투구측의 총 가동역은 \\( 180.1 ^ {\\circ } \\)로 나타났으며, 비투구측은 \\( 183.7 ^ {\\circ } \\)로 나타났다. 상완골 후경각은 투구측이 \\( 47.6 \\pm 6.1 ^ {\\circ } \\)로 나타났으며, 비투구측은 \\( 37.8 \\pm 5.3 ^ {\\circ } \\)로 유의한 차이를 보였다 \\( ( p<0.05) \\). 투구측의 내선근 단축성 수축력(IR-Con)은 \\( 31.5 \\pm 5.1 \\mathrm { Nm } \\)로 나타났으며, 비투구측의 \\( 38.7 \\pm 5.2 \\mathrm { Nm } \\)와 비교해 유의한 차이를 보였다 \\( ( p<0.05) \\). 투구측의 외선근 신장성 수축력(ER-Ecc)도 \\( 20.3 \\pm 4.7 \\mathrm { Nm } \\)로 나타났으며, 비투구측의 \\( 25.1 \\pm 3.7 \\mathrm { Nm } \\)에 비교해 통계학적으로 유의한 차이를 보였다 \\( ( p<0.05) \\). 결론으로는 본 연구의 검토를 통해 투수들의 어깨관절에 있어서 외선의 증대 및 내선의 감소는 상완골 후경각의 골성의 변화가 중요한 요인으로 나타났으며, 근력의 변화에도 중대한 영향을 미치는 것으로 나타났다.</p>",
                "context_length": 1065,
                "clue": [
                    {
                        "clue_text": "본 연구의 목적은 MRI 진단을 통해 상완골 후경각을 판단하고, 야구 투수들에게 정해진 각도에서의 길항근의 신장성 수축과 주동근의 단축성 수축을 통한 근력을 비교 분석하는데 있다.",
                        "clue_start": "72",
                        "clue_end": "172"
                    },
                    {
                        "clue_text": "결론으로는 본 연구의 검토를 통해 투수들의 어깨관절에 있어서 외선의 증대 및 내선의 감소는 상완골 후경각의 골성의 변화가 중요한 요인으로 나타났으며, 근력의 변화에도 중대한 영향을 미치는 것으로 나타났다.",
                        "clue_start": "947",
                        "clue_end": "1061"
                    }
                ],
                "terminology": [
                    {
                        "word": "MRI"
                    },
                    {
                        "word": "가동역"
                    },
                    {
                        "word": "골성"
                    },
                    {
                        "word": "길항근"
                    },
                    {
                        "word": "내선"
                    },
                    {
                        "word": "내선근"
                    },
                    {
                        "word": "내선근 단축성 수축력"
                    },
                    {
                        "word": "단축성"
                    },
                    {
                        "word": "단축성 수축"
                    },
                    {
                        "word": "단축성 수축력"
                    },
                    {
                        "word": "등속성"
                    },
                    {
                        "word": "등속성 시스템"
                    },
                    {
                        "word": "비투구측"
                    },
                    {
                        "word": "상완골"
                    },
                    {
                        "word": "상완골 후경각"
                    },
                    {
                        "word": "신장성"
                    },
                    {
                        "word": "외선"
                    },
                    {
                        "word": "주동근"
                    },
                    {
                        "word": "투구측"
                    }
                ]
            },
            {
                "context_id": "55e-0c9-982ba22a-bdc4-450d-9ad5-1f780fd8470c",
                "context_K-NSCC": {
                    "field": "생명",
                    "large_category": "LA",
                    "medium_category": "99"
                },
                "context": "<h1>고 찰</h1><h2>상완골 후경각과 견관절 ROM의 관계</h2><p>상완골 후경각의 증대는 연령을 거듭함과 동시에 평균적으로 일어나는 것이 아니라, 성장에 있어서의 growth spurt와 같이 12세경에 집중적으로 생길 가능성이 있다고 보고 있다. Pritchett (1991)는 상완골 변형에 있어 가장 긴 직경의 성장으로부터 근위골단선의 활동성과 연령의 관계성을 조사하였으며, \\( 10 \\sim 12 \\)세 무렵이 가장 활동성이 높다고 보고했다. 본 연구에서의 대상자는 전원 12세 전후의 성장기로부터 야구를 시작하였으며, 그 시기에 반복된 투구동작에 의한 스트레스가 원인으로 상완골의 후경이 생긴 것으로 사료된다. 이는 본 연구의 결과에서 알 수 있듯이 투구측의 상완골 후경각이 비투구측과 비교해 현저하게 큰 값을 나타내고 있다는 결과를 뒷받침하고 있다. 상완골 후경각의 측정에는 X선, CT, 초음파 등 다양한 방법이 행해지고 있으나, 그 신뢰성에 대해서는 아직까지 확립되어 있지 않다. 그러나 MRI에 의한 측정방법은 선행연구들에 의해 그 신뢰성이 높게 나타나고 있으며, MRI를 이용한 본 연구의 의의는 높게 평가될 수 있을 것으로 사료된다.</p><p>견관절 ROM의 측정결과는 비투구측과 비교해 투구측의 내선 ROM이 작은 값을 나타내었으며, 외선 ROM이 현저하게 크게 나타났음을 알 수 있다. 이는 야구선수들을 대상으로 결과를 얻어낸 선행연구와 일치한 결과를 나타내었으며, 이러한 견관절의 ROM변화의 요인으로는 상완골 후경각의 증대에 의한 골성의 요인과 관절포나 외선근군등의 구축에 의한 연부 조직성의 요인을 들 수 있지만, 본 연구에서는 총가동역에 대해 투구측과 비투구측에서 차이를 보이지 않았던 점을 감안한다면, 상완골 후경각의 증대가 ROM 변화의 주된 요인이 되었다고 볼 수 있다.</p><h2>근력 특성과 상완골 후경각의 관계</h2><p>본 연구에서는 단축성, 신장성 수축의 \\( 90^{\\circ} / \\mathrm{s} \\)와 \\( 180^{\\circ} / \\mathrm{s} \\)를 이용하여, 내선 ROM이 약하게 나타나는 투구측에서 IR-Con의 장력이 비투구측과 비교해 낮게 나타났음을 알 수 있다. 또한, 이는 follow-through기에 견관절의 안정화에 직접적으로 영향을 주는 ER-Ecc의 장력에도 차이를 보여 신장성 수축력에 대한 투구측의 부담감은 크게 나타났음을 알 수 있다. 하지만, Cocking phase와 같은 IR-Ecc과 ER-Con의 장력에서는 투구측이 비투구측과 비교해 높은 값을 보였다. 이러한 결과들은 골성의 요인과 더불어 상완골 후경각이 직접적인 요인으로 작용하여 나타난 결과라고 사료되며, 내 · 외선 근력에 관한 선행 연구들의 결과와 일치한 결과를 나타내었다. 또한 선행연구는 투구 동작을 wind-up, early-cocking, late-cocking, acceleration, follow-through (deceleration) 등 5개의 phase로 분류하였으며, 투구중의 견관절은 cocking 후기에 최대 외선위가 되어 follow-through기까지 서서히 내선위를 유지하여 간다고 설명하였다. 즉 cocking 후기부터 acceleration기에 걸쳐 견관절은 외전 · 외선위를 유지하여야 하며, 상완골 골두에는 외선방향에의 메카니컬 스트레스가 걸려 있다고 생각할 수 있다. 또한 Krahl은 상완골의 후경은 상완골 근위측에 부착하는 근육의 수축력에 의해 주로 근위 골단선으로부터 발생된다고 주장하고 있으며, 투구 동작중의 견관절이 외전 · 외선위를 유지하여야하는 시기부터 acceleration기에 걸쳐 외선방향으로의 메카니컬 스트레스와 동시에 내선근의 강력한 수축력이 생기는 것으로 골두의 스트레스가 증대하여 상완골 골두의 후경이 발생되는 것으로 해석하고 있다. 이러한 주장들은 본 연구에서의 결과에서 투구측의 IR-EcC이 비투구측 보다 높게 나타났음을 알 수 있으며, 실질적으로 투구측의 후경각이 크게 나타나 있음을 입증하였다.</p>",
                "context_length": 1986,
                "clue": [
                    {
                        "clue_text": "본 연구에서의 대상자는 전원 12세 전후의 성장기로부터 야구를 시작하였으며, 그 시기에 반복된 투구동작에 의한 스트레스가 원인으로 상완골의 후경이 생긴 것으로 사료된다.",
                        "clue_start": "260",
                        "clue_end": "354"
                    },
                    {
                        "clue_text": "이는 야구선수들을 대상으로 결과를 얻어낸 선행연구와 일치한 결과를 나타내었으며, 이러한 견관절의 ROM변화의 요인으로는 상완골 후경각의 증대에 의한 골성의 요인과 관절포나 외선근군등의 구축에 의한 연부 조직성의 요인을 들 수 있지만, 본 연구에서는 총가동역에 대해 투구측과 비투구측에서 차이를 보이지 않았던 점을 감안한다면, 상완골 후경각의 증대가 ROM 변화의 주된 요인이 되었다고 볼 수 있다.",
                        "clue_start": "686",
                        "clue_end": "908"
                    },
                    {
                        "clue_text": "이러한 결과들은 골성의 요인과 더불어 상완골 후경각이 직접적인 요인으로 작용하여 나타난 결과라고 사료되며, 내 · 외선 근력에 관한 선행 연구들의 결과와 일치한 결과를 나타내었다.",
                        "clue_start": "1271",
                        "clue_end": "1371"
                    },
                    {
                        "clue_text": "또한 Krahl은 상완골의 후경은 상완골 근위측에 부착하는 근육의 수축력에 의해 주로 근위 골단선으로부터 발생된다고 주장하고 있으며, 투구 동작중의 견관절이 외전 · 외선위를 유지하여야하는 시기부터 acceleration기에 걸쳐 외선방향으로의 메카니컬 스트레스와 동시에 내선근의 강력한 수축력이 생기는 것으로 골두의 스트레스가 증대하여 상완골 골두의 후경이 발생되는 것으로 해석하고 있다.",
                        "clue_start": "1669",
                        "clue_end": "1887"
                    },
                    {
                        "clue_text": "이러한 주장들은 본 연구에서의 결과에서 투구측의 IR-EcC이 비투구측 보다 높게 나타났음을 알 수 있으며, 실질적으로 투구측의 후경각이 크게 나타나 있음을 입증하였다.",
                        "clue_start": "1888",
                        "clue_end": "1982"
                    }
                ],
                "terminology": [
                    {
                        "word": "ER-Ecc"
                    },
                    {
                        "word": "IR-Con"
                    },
                    {
                        "word": "MRI"
                    },
                    {
                        "word": "ROM"
                    },
                    {
                        "word": "견관절"
                    },
                    {
                        "word": "골성"
                    },
                    {
                        "word": "근위골단선"
                    },
                    {
                        "word": "내선 ROM"
                    },
                    {
                        "word": "내선근"
                    },
                    {
                        "word": "내선위"
                    },
                    {
                        "word": "메카니컬 스트레스"
                    },
                    {
                        "word": "비투구측"
                    },
                    {
                        "word": "상완골 골두"
                    },
                    {
                        "word": "상완골 근위측"
                    },
                    {
                        "word": "상완골 변형"
                    },
                    {
                        "word": "상완골 후경각"
                    },
                    {
                        "word": "상완골의 후경"
                    },
                    {
                        "word": "신뢰성"
                    },
                    {
                        "word": "신장성 수축"
                    },
                    {
                        "word": "연부 조직성"
                    },
                    {
                        "word": "외선 ROM"
                    },
                    {
                        "word": "외선위"
                    },
                    {
                        "word": "외전"
                    },
                    {
                        "word": "장력"
                    },
                    {
                        "word": "총가동역"
                    },
                    {
                        "word": "투구측"
                    },
                    {
                        "word": "후경각"
                    }
                ]
            },
            {
                "context_id": "55e-0c9-375e57b4-876a-4dc8-add5-29976a74890c",
                "context_K-NSCC": {
                    "field": "생명",
                    "large_category": "LA",
                    "medium_category": "99"
                },
                "context": "<h1>서 론</h1><p>야구경기에 의한 장해는 견관절(shoulder joint)부위에 많이 나타나고 있으며, 반복에 의한 투구동작에 따른 어깨의 과도한 사용이 주된 원인이라고 볼 수 있다. 또한 이러한 장해 요인은 다양한 형태를 가지고 있으며, 여러 가지 요인을 생각 할 수 있다. 특히, 견관절에 직접적인 가동역(range of motion: ROM)의 제한을 가져다주는 관절 부위의 근력 저하는 장해와 직접적으로 관련되어 있다고 볼 수 있다.</p><p>야구 선수의 견관절의 ROM 에 관해서는 지금까지 많은 연구가 이루어지고 있으며, 비 투구 측(non-dominant)과 비교하여 투구 측(dominant)이 \\( 90^{\\circ} \\) 외전위(shoulder abduction & elbow joint flexion)로의 외선(external rotation)의 ROM이 크게 나타난 반면 내선(internal rotation)의 ROM이 작게 나타나는 것으로 밝혀졌다. 또한 ROM의 특징은 초등학생으로부터 성인에 이르기 까지 폭넓은 연령층의 야구 선수들에게 나타나고 있으며 야구 선수 특유의 적응 현상이라고 생각되고 있었다. 하지만 이러한 ROM의 변화가 투구 장해의 원인이 되고 있다는 보고와 ROM을 개선하는 다양한 치료법이 보고되고 있다는 점에서 주의를 가져야 할 것이다.</p><p>상완골 후경각은 상완골 근위의 골두(proximal head of humerus)가 원위(distal)부의 팔꿈치 관절 내·외측상과(medial.lateral epicondyle)의 축으로부터 약 \\( 30^{\\circ} \\) 후경(retroversion)되어 있는 상태를 말한다. 선행연구들을 살펴보면 대학야구 선수나 프로야구 선수에게 있어 투구 측의 상완골 후경각이 비투구 측과 비교해 중대한 영향을 미친다고 보고하고 있으며, Crockett 등은 프로야구 투수의 상완골 후경각과 견관절 ROM을 조사한 결과, 투구 측과 비 투구 측의 \\( 90^{\\circ} \\) 외전위로의 내선 ROM 과 외선 ROM을 합한 총 ROM은 차이가 없었으나, 투구 측의 내선 ROM의 저하, 외선 ROM의 증가에는 상완골 후경각의 증대가 강하게 관여하고 있다고 보고하고 있다. 또 다른 선행연구는 어깨에 통증을 가지는 소년 야구선수와 건강한 소년 야구 선수를 대상으로 상완골 후경각과 ROM을 조사한 결과, 통증을 가지고 있는 군에게 상완골 후경각의 증대를 비롯하여 내선 ROM의 저하, 외선 ROM의 증가가 나타났다고 보고하고 있다. 이는 상완골 후경각의 증대가 견관절의 ROM 을 변화시키고 장해의 요인으로 작용한다고 볼 수 있다.</p><p>견관절 장해의 한 요인인 근력에 관해서는 지금까지 견관절의 회선관계(internal/external rotation)에 있는 내선근력과 외선근력에 관한 연구가 많이 보고되고 있다. 선행연구에 따르면, 내선근력은 외선근력보다 크고 내선근력과 외선근력의 비율(외선근력/내선근력)이 작으면 근 밸런스가 무너진다고 보고하고 있다. 또한 내 · 외선근은 서로 대항하는 근으로서 주동(agonist) -길항근(antagonist)으로서 작용하고 있으며, 실제로 투구 동작중의 근 활동을 연구한 결과를 살펴보면, 주동근은 구심성(concentric)의 기능으로 상지(upper extremity)를 가속시키며, 길항근은 원심성(eccentric)의 기능으로 주동근의 과도한 스트레스에 적절히 컨트롤할 수 있는 안정화(stability)의 역할을 수행한다고 보고되고 있다. 또한 외선운동에서는 외선근이 주동근으로서 구심성의 기능을 하며, 내선근은 길항근으로서 원심성의 기능을 하고 있다. 내선운동에서는 내선근이 주동근으로서 구심성의 기능을 하며, 외선근은 길항근으로서 원심성의 기능을 한다고 볼 수 있다. 그러나 지금까지 야구 선수에 있어서의 근력 평가는 동일한 수축 양식에 있어서의 내 외선근력을 비교한 연구는 많이 있으나, 상완골의 후경각을 조사하고, 실질적인 투구동작에 영향을 줄 수 있는 각도를 설정하여 내 · 외선근력의 근 수축 양식을 고려한 연구는 적다고 볼 수 있다.</p><p>본 연구의 목적은 대학야구 선수에 있어서의 상완골 후경각과 견관절 근력의 관계를 검토하며, 투구측과 비투구 측의 상완골 후경각과 견관절 내·외선 ROM을 측정하여, 상완골 후경각과 견관절ROM의 관계를 규명하는데 있다. 또한, 견관절 \\( 90^{\\circ} \\) 외전위로부터의 내·외선의 구심성 및 원심성 수축력을 정해진 각도에서 비교 분석하여, 내·외선근력의 특징을 명확히 파악하여 투구 동작시의 근력 특성과 상완골 후경각의 관계를 검토하는데 있다.</p>",
                "context_length": 2284,
                "clue": [
                    {
                        "clue_text": "야구경기에 의한 장해는 견관절(shoulder joint)부위에 많이 나타나고 있으며, 반복에 의한 투구동작에 따른 어깨의 과도한 사용이 주된 원인이라고 볼 수 있다.",
                        "clue_start": "15",
                        "clue_end": "108"
                    },
                    {
                        "clue_text": "야구 선수의 견관절의 ROM 에 관해서는 지금까지 많은 연구가 이루어지고 있으며, 비 투구 측(non-dominant)과 비교하여 투구 측(dominant)이 \\( 90^{\\circ} \\) 외전위(shoulder abduction & elbow joint flexion)로의 외선(external rotation)의 ROM이 크게 나타난 반면 내선(internal rotation)의 ROM이 작게 나타나는 것으로 밝혀졌다.",
                        "clue_start": "259",
                        "clue_end": "496"
                    },
                    {
                        "clue_text": "상완골의 후경각을 조사하고, 실질적인 투구동작에 영향을 줄 수 있는 각도를 설정하여 내 · 외선근력의 근 수축 양식을 고려한 연구는 적다고 볼 수 있다.",
                        "clue_start": "1935",
                        "clue_end": "2020"
                    }
                ],
                "terminology": [
                    {
                        "word": "가동역"
                    },
                    {
                        "word": "견관절 근력"
                    },
                    {
                        "word": "견관절ROM"
                    },
                    {
                        "word": "구심성"
                    },
                    {
                        "word": "근 수축"
                    },
                    {
                        "word": "근위"
                    },
                    {
                        "word": "길항근"
                    },
                    {
                        "word": "내선 ROM"
                    },
                    {
                        "word": "내선근"
                    },
                    {
                        "word": "내선근력"
                    },
                    {
                        "word": "밸런스"
                    },
                    {
                        "word": "비 투구 측"
                    },
                    {
                        "word": "비투구"
                    },
                    {
                        "word": "상완골 후경각"
                    },
                    {
                        "word": "상지"
                    },
                    {
                        "word": "외선 ROM"
                    },
                    {
                        "word": "외선근력"
                    },
                    {
                        "word": "외전위"
                    },
                    {
                        "word": "원심성"
                    },
                    {
                        "word": "주동근"
                    },
                    {
                        "word": "회선관계"
                    }
                ]
            },
            {
                "context_id": "55e-0c9-670d9fb0-aec1-45dd-8fba-157d9943df89",
                "context_K-NSCC": {
                    "field": "생명",
                    "large_category": "LA",
                    "medium_category": "99"
                },
                "context": "<h1>연구 방법</h1><h2>연구 대상자</h2><p>본 연구의 대상은 측정 시기에 어깨와 팔꿈치에 과거병력을 가지고 있지 않은 대학 야구 선수 9명으로 선정하였다. 모든 피험자들에게 실험의 취지와 내용을 설명하고, 도중에 사퇴할 수 있는 것을 이해시키고, 문서에 의한 실험 참가의 동의를 얻었다.</p><h2>측정 절차</h2><p>각 피험자에 대한 실험은 운동 과제 실시일과 MRI 촬영일로 나누어 실시하였다. 운동 과제 실시 일에는 견관절 근력 측정을 위해 내·외선근력을 측정하였으며, MRI 촬영 일에는 자기 공명 영상(Magnetic Resonance Imaging: MRI)을 이용해 상완골 후경각을 측정하였고, 그 후 견관절의 내 · 외선 ROM의 측정을 실시하였다.</p><h2>측정항목 및 방법</h2><h3>견관절 근력 측정</h3><p>등속성 근력 측정 장비(isokinetic muscle strength testing device)인 Biodex Multi-joint System 3 (Biodex Medical Systems Corp., USA)을 이용해 견관절 내·외선의 단축성·신장성 수축에 의한 최대수의근력(muscle voluntary contraction)을 측정하였다. 각속도는 \\( 90^{\\circ} / \\mathrm{s}\\), \\(180^{\\circ} \\) /s로 설정하였으며, 각각의 설정에 따른 근력측정은 5회씩 실시하여 피크토크(peak torque)를 산출했다. 평가 항목은 5회의 피크 토크의 절대치(Newton meter: \\( \\mathrm{Nm}) \\)를 평균한 평균 피크 토크를 이용하였으며, 측정 전에 5분간의 워밍업을 실시하고 몇 차례 연습을 실시한 후 투구 측의 내선근력부터 측정 했다. 각각의 각속도 간은 최대 2분간의 임의의 휴식을 두어 근 피로에 대한 대처를 하였다.</p><h3>동작설정</h3><p>내선근력, 외선근력 측정은 견관절 내·외선근력 측정용의 어태치먼트(attachment)를 이용해 측정지위는 견관절외전 \\( 90^{\\circ} \\), 팔의 관절 굴곡 \\( 90^{\\circ} \\), 팔뚝은 회내위(pronation)로 하여 앉은 자세로 하였다. 또한 이 측정지위를 중간위 \\( \\left(0^{\\circ}\\right) \\)로 하여 측정 ROM은 중간위로부터 외선 \\( 20^{\\circ} \\)에서 내선 \\( 90^{\\circ} \\)로 총 ROM은 \\( 110^{\\circ} \\)의 범위로 설정했다. 내선 \\( 70^{\\circ} \\)에서 \\( 90^{\\circ} \\) 사이에서 내선근력의 단축성 수축력(internal rotator muscle - concentric contraction: IR-Con)과 외선근력의 신장성 수축력(external rotator muscle eccentric contraction: ER-Ecc)을 측정하였으며, 내선 \\( 0^{\\circ} \\)에서 외선 \\( 20^{\\circ} \\) 사이에서 내선근력의 신장성 수축력(IR-Ecc)과 외선근력의 단축성 수축(ER-Con)을 측정하였다. 총 실시 횟수는 각각 5회씩 최대수의적 근력검사로 실시하였다.</p><h2>MRI에 의한 상완골 후경각의 측정</h2><p>상완골 후경각은 MRI를 이용해 측정했다. MRI는 AIRISmate(HITACHI MEDICO CORP., JAPAN)로 코일(coil)을 이용하고 촬영을 실시하였으며, 촬영 자세는 누운자세에서 팔의 관절 회외위(supination), 견관절 \\( 90^{\\circ} \\) 외전위의 자세에서 촬영하였다.</p><p>상완골 후경각의 측정에는 상완골두 중앙의 슬라이스(slice)와 상완골 내 · 외측상과의 슬라이스를 이용했다. 상완골두 중앙의 슬라이스는 상완골 근위단의 관상면 화상으로부터 상완골 경부 축을 수평으로 슬라이스 한 화상을 이용하였으며, 상완골 내 · 외측상과의 슬라이스는 상완골 원위단의 관상면 화상으로부터 팔의 관절 내·외측상과의 중심을 묶는 선상으로 슬라이스 한 화상을 이용하였다. 상완골 후경각은 상완골두 중앙의 슬라이스로 골두 연골변연을 묶은 선의 AB와 상완골 내 · 외측상과의 슬라이스로 내 · 외측상과를 묶은 선CD로 정하였다. 상완골 골두 팔의 관절 내 · 외측상과의 관상면 화상은 TR/TE/FA\\(=250 / 12.0 / 30 \\), Thickness \\( =5.0 \\), FOV\\(=250 \\), Multi slice \\( =8\\), NSA\\(=1 \\), 그 후의 슬라이스 상은 TR/TE/FA\\(=3000 / 20.0 / 90 \\), Thickness \\( =5.0\\), FOV\\(=250 \\), Multi slice \\( =12\\), NSA\\(=4 \\) 로 각각 촬영하였다. 또한 계측은 1명의 분석자가 3회 계측한 치의 평균치를 DATA로 사용하였다.</p><h2>ROM 측정</h2><p>관절 ROM은 관절 각도계(goniometer)를 이용해 견관절 내선, 외선을 측정하였다. 견관절 내 · 외선 측정은 누운 자세로 견관절 \\( 90^{\\circ} \\) 외전, 팔의 관절 \\( 90^{\\circ} \\) 굴곡으로 하여, 팔뚝은 회내·회외 \\( 0^{\\circ} \\)로 하였다. 또한 상완골이 견봉과 같은 높이가 되도록 상완 아래에 타월을 깔았으며, 각도계의 기본축은 팔꿈치를 통과하는 앞이마 선에서 수직선으로 하고, 이동 축은 척골검상돌기를 기준으로 한 척골의 중앙선으로 하여 측정하였다.</p><h2>자료처리</h2><p>본 연구의 통계는 SPSS \\( 15.0 \\) 통계프로그램을 이용하여, 투구측과 비투구측, 내선근력과 외선근력의 비교에 대해서, 각각 paired t-test를 실시하였다. 유의 수준은 모두 \\( 5 \\% \\)미만으로 하였다 \\( (p<0.05) \\).</p>",
                "context_length": 2832,
                "clue": [
                    {
                        "clue_text": "본 연구의 대상은 측정 시기에 어깨와 팔꿈치에 과거병력을 가지고 있지 않은 대학 야구 선수 9명으로 선정하였다.",
                        "clue_start": "32",
                        "clue_end": "94"
                    },
                    {
                        "clue_text": "운동 과제 실시 일에는 견관절 근력 측정을 위해 내·외선근력을 측정하였으며, MRI 촬영 일에는 자기 공명 영상(Magnetic Resonance Imaging: MRI)을 이용해 상완골 후경각을 측정하였고, 그 후 견관절의 내 · 외선 ROM의 측정을 실시하였다.",
                        "clue_start": "234",
                        "clue_end": "382"
                    },
                    {
                        "clue_text": "내선근력, 외선근력 측정은 견관절 내·외선근력 측정용의 어태치먼트(attachment)를 이용해 측정지위는 견관절외전 \\( 90^{\\circ} \\), 팔의 관절 굴곡 \\( 90^{\\circ} \\), 팔뚝은 회내위(pronation)로 하여 앉은 자세로 하였다.",
                        "clue_start": "937",
                        "clue_end": "1082"
                    },
                    {
                        "clue_text": "관절 ROM은 관절 각도계(goniometer)를 이용해 견관절 내선, 외선을 측정하였다.",
                        "clue_start": "2387",
                        "clue_end": "2437"
                    }
                ],
                "terminology": [
                    {
                        "word": "ER-Ecc"
                    },
                    {
                        "word": "IR-Con"
                    },
                    {
                        "word": "MRI"
                    },
                    {
                        "word": "SPSS"
                    },
                    {
                        "word": "paired t-test"
                    },
                    {
                        "word": "t-test"
                    },
                    {
                        "word": "각도계"
                    },
                    {
                        "word": "각속도"
                    },
                    {
                        "word": "견관절"
                    },
                    {
                        "word": "견관절 근력"
                    },
                    {
                        "word": "경부"
                    },
                    {
                        "word": "관상면 화상"
                    },
                    {
                        "word": "내 · 외선 ROM"
                    },
                    {
                        "word": "내선"
                    },
                    {
                        "word": "내선근력"
                    },
                    {
                        "word": "단축성 수축력"
                    },
                    {
                        "word": "등속성 근력"
                    },
                    {
                        "word": "비투구측"
                    },
                    {
                        "word": "상완골 골두"
                    },
                    {
                        "word": "상완골 후경각"
                    },
                    {
                        "word": "상완골두"
                    },
                    {
                        "word": "신장성"
                    },
                    {
                        "word": "외선 ROM"
                    },
                    {
                        "word": "외선근력"
                    },
                    {
                        "word": "외전"
                    },
                    {
                        "word": "외전위"
                    },
                    {
                        "word": "유의 수준"
                    },
                    {
                        "word": "척골검상돌기"
                    },
                    {
                        "word": "투구 측"
                    },
                    {
                        "word": "평균치"
                    },
                    {
                        "word": "피험자"
                    }
                ]
            },
            {
                "context_id": "55e-0c9-merge_2_8a2ae4d1-18e02528-3087-4fd6-bf39-586f2f75689d_02",
                "context_K-NSCC": {
                    "field": "생명",
                    "large_category": "LA",
                    "medium_category": "99"
                },
                "context": "<h1>결 과</h1> <h2>단축성 내선근력(IR-Con)과 신장성 외선근력(ER-Ecc)의 비교</h2> <p>\\( 90 ^ {\\circ } / \\mathrm { s } \\)에서 투구측의 IR-Con은 \\( 31.5 \\pm 4.9 ~ \\mathrm { ~Nm } \\), ER-Ecc은 \\( 20.3 \\pm 4.7 \\mathrm { ~Nm } \\)로 나타났으며 \\( ( p<0.05) \\), 비투구측의 IR-Con은 \\( 35.7 \\pm 5.3 \\mathrm { ~Nm } \\), ER-Ecc은 \\( 25.1 \\pm 3.7 \\mathrm { ~Nm } \\)로 나타났다 \\( ( p<0.05) \\). ER-Ecc에서 투구측과 비투구측간의 유의한 차이가 나타났다 \\( ( p<0.05) \\). \\( 180 ^ {\\circ } / \\mathrm { s } \\)에서 투구측의 IR-Con은 \\( 31.5 \\pm 5.1 \\mathrm { ~Nm } \\), ER-Ecc은 \\( 31.5 \\pm 5.1 \\mathrm { ~Nm } \\)로 나타났으며 \\( (p<0.05) \\), 비투구측 IR-Con은 \\( 38.7 \\pm 5.2 \\mathrm { ~Nm } \\), ER-Ecc은 \\( 29.9 \\pm 3.8 \\mathrm { ~Nm } \\)로 나타났다 \\( (p<0.05) \\). IR-Con에서 투구측과 비투구측 간의 유의한 차이가 나타났다 \\( (p<0.05) \\).</p> <h2>신장성 내선근력(IR-ECc)과 단축성 외선근력(ER-Con)의 비교</h2> <p>\\( 90 ^ {\\circ } / \\mathrm { s } \\)에서 투구측의 IR-Ecc은 \\( 39.7 \\pm 2.7 \\mathrm { ~Nm } \\), ER-Con은 \\( 26.2 \\pm 6.5 \\mathrm { ~Nm } \\)로 나타났으며 \\( (p<0.05) \\), 비투구측의 IR-Ecc은 \\( 31.2 \\pm 4.9 \\mathrm { ~Nm } \\), ER-Con은 \\( 24.6 \\pm 6.5 \\mathrm { ~Nm } \\)로 나타났다 \\( (p<0.05) \\). IR-Ecc에서 투구측과 비투구측간의 유의한 차이가 나타났다 \\( (p<0.05) \\). \\( 180 ^ {\\circ } / \\mathrm { s } \\)에서 투구측의 IR-Ecc은 \\( 40.1 \\pm 1.9 \\mathrm { ~Nm } \\), ER-Con은 \\( 29.3 \\pm 7.0 \\mathrm { ~Nm } \\)로 나타났으며 \\( (p<0.05) \\), 비투구측의 IR-Ecc은 \\( 37.9 \\pm 3.5 \\mathrm { ~Nm } \\), ER-Con은 \\( 24.1 \\pm 5.1 \\mathrm { ~Nm } \\)로 나타났다 \\( (p<0.05) \\).</p> <h2>상완골 후경각</h2> <p>투구측은 \\( 47.6 \\pm 6.1 ^ {\\circ } \\)을 나타냈으며, 비투구측은 \\( 37.8 \\pm 5.3 ^ {\\circ } \\)를 나타내었다 \\( (p<0.05) \\).</p> <h2>견관절ROM</h2> <p>투구측의 내선ROM은 \\( 69.3 \\pm 7.0 ^ {\\circ } \\), 비투구측은 \\( 82.2 \\pm 9.0 ^ {\\circ } \\) 로 나타났다 \\( (p<0.05) \\). 투구측의 외선 ROM은 \\( 110.8 \\pm 7.3 ^ {\\circ } \\), 비투구측은 \\( 101.4 \\pm 6.0 ^ {\\circ } \\)로 나타났으며 \\( (p<0.05) \\), 투구측의 총 ROM은 \\( 180.1 \\pm 8.6 ^ {\\circ } \\), 비투구측은 \\( 183.7 \\pm 7.3 ^ {\\circ } \\)로 나타났으나 양측 간의 유의한 차이가 나타나지 않았다.</p>",
                "context_length": 1819,
                "clue": [
                    {
                        "clue_text": "\\( 180 ^ {\\circ } / \\mathrm { s } \\)에서 투구측의 IR-Ecc은 \\( 40.1 \\pm 1.9 \\mathrm { ~Nm } \\), ER-Con은 \\( 29.3 \\pm 7.0 \\mathrm { ~Nm } \\)로 나타났으며 \\( (p<0.05) \\), 비투구측의 IR-Ecc은 \\( 37.9 \\pm 3.5 \\mathrm { ~Nm } \\), ER-Con은 \\( 24.1 \\pm 5.1 \\mathrm { ~Nm } \\)로 나타났다 \\( (p<0.05) \\).",
                        "clue_start": "1079",
                        "clue_end": "1347"
                    },
                    {
                        "clue_text": "투구측의 내선ROM은 \\( 69.3 \\pm 7.0 ^ {\\circ } \\), 비투구측은 \\( 82.2 \\pm 9.0 ^ {\\circ } \\) 로 나타났다 \\( (p<0.05) \\).",
                        "clue_start": "1497",
                        "clue_end": "1598"
                    },
                    {
                        "clue_text": "\\( 90 ^ {\\circ } / \\mathrm { s } \\)에서 투구측의 IR-Con은 \\( 31.5 \\pm 4.9 ~ \\mathrm { ~Nm } \\), ER-Ecc은 \\( 20.3 \\pm 4.7 \\mathrm { ~Nm } \\)로 나타났으며 \\( ( p<0.05) \\), 비투구측의 IR-Con은 \\( 35.7 \\pm 5.3 \\mathrm { ~Nm } \\), ER-Ecc은 \\( 25.1 \\pm 3.7 \\mathrm { ~Nm } \\)로 나타났다 \\( ( p<0.05) \\).",
                        "clue_start": "64",
                        "clue_end": "335"
                    },
                    {
                        "clue_text": "\\( 180 ^ {\\circ } / \\mathrm { s } \\)에서 투구측의 IR-Con은 \\( 31.5 \\pm 5.1 \\mathrm { ~Nm } \\), ER-Ecc은 \\( 31.5 \\pm 5.1 \\mathrm { ~Nm } \\)로 나타났으며 \\( (p<0.05) \\), 비투구측 IR-Con은 \\( 38.7 \\pm 5.2 \\mathrm { ~Nm } \\), ER-Ecc은 \\( 29.9 \\pm 3.8 \\mathrm { ~Nm } \\)로 나타났다 \\( (p<0.05) \\).",
                        "clue_start": "387",
                        "clue_end": "654"
                    }
                ],
                "terminology": [
                    {
                        "word": "ER-Con"
                    },
                    {
                        "word": "ER-Ecc"
                    },
                    {
                        "word": "IR-Con"
                    },
                    {
                        "word": "IR-ECc"
                    },
                    {
                        "word": "ROM"
                    },
                    {
                        "word": "견관절ROM"
                    },
                    {
                        "word": "내선ROM"
                    },
                    {
                        "word": "단축성 내선근력"
                    },
                    {
                        "word": "단축성 외선근력"
                    },
                    {
                        "word": "비투구측"
                    },
                    {
                        "word": "상완골"
                    },
                    {
                        "word": "상완골 후경각"
                    },
                    {
                        "word": "신장성 내선근력"
                    },
                    {
                        "word": "신장성 외선근력"
                    },
                    {
                        "word": "외선 ROM"
                    },
                    {
                        "word": "투구측"
                    },
                    {
                        "word": "후경각"
                    }
                ]
            }
        ]
    }
}