{
    "dataset_info": {
        "identifier": "02-031-002-NL",
        "name": "기술과학 문서 요약 데이터",
        "category": "자연어",
        "last_updated": "2023-08-30"
    },
    "dataset": {
        "doc_id": "28a7cd33-2918-46e0-bb7a-d67582cd15b6",
        "doc_type": "논문",
        "doc_title": {
            "kor": "계피(Cinnamomum zeylanicum ) 정유의 유제 및 입제의 잉어(Cyprinus carpio) 및 제브라피쉬에 대한 생태독성",
            "eng": "Ecotoxicities of emulsifiable concentrate and granules of cinnamon(Cinnamomum zeylanicum) essential oil against Cyprinus carpio and Danio rerio"
        },
        "doc_category": {
            "KDC": "521.305",
            "DDC": ""
        },
        "doc_number": {
            "ISSN": "1976-0442",
            "ISBN": "",
            "DOI": "",
            "UCI": ""
        },
        "doc_year": "2018",
        "doc_author": [
            "남태훈",
            "전황주",
            "김경남",
            "김형미",
            "김용찬",
            "이성은"
        ],
        "doc_publisher": "한국응용생명화학회",
        "doc_license": "CC BY",
        "context_info": [
            {
                "context_id": "55e-0c9-merge_2_28a7cd33-2918-46e0-bb7a-d67582cd15b6_02",
                "context_K-NSCC": {
                    "field": "생명",
                    "large_category": "LA",
                    "medium_category": "05"
                },
                "context": "<h2>계피 유제의 제브라피시 배아에 대한 생육초기독성</h2> <p>수증기 추출한 고수 유제의 제브라피시 배아 생육초기독성 실험을 위해 수증기 추출법을 이용한 고수 정유를 시용해 제형화한 유제를 유효성분이 \\( 10 , 50 , 100 , 250 , 500 \\mathrm { mg } \\mathrm { L } ^ { -1 } \\) 가 되도록 처리하여 총 \\(5 \\)의 실험군으로 나누어 생육 초기 독성 시험을 실시 하였다. 실험실에서 계대 사육 및 순화시킨 제브라피시의 배아 중 산란된 시간이 \\(6 \\) 시간 이상 차이나지 않는 건강한 개체를 선별하여 독성실험에 사용하였다. Egg water (천일염 \\( 1 \\% \\) 수용액)를 패트리디시에 채워 \\(20 - 28 \\)도의 온도를 유지하여 각 패트리디시 당 \\(30 \\) 마리를 처리허여 반지수식으로 실험을 \\(72 \\) 시간 동안 수행하였다. \\(72 \\) 시간 동안 부화 및 생존한 치어는 \\(72 \\) 시간 경과 후 염소를 제거한 수돗물 \\( 2 \\mathrm { ~L } \\) 를 \\( 3 \\mathrm { ~L } \\) 비커에 채워 \\( 20\\sim28 \\mathrm { C } \\) 의 온도를 유지하여 반지수식으로 실험을 \\(7 \\) 일 동안 수행하였다. 실험도중의 치사개체는 발견 즉시 제거하였으며, 치사량 및 부화율을 \\(24 \\) 시간 단위로 즉정하여 치사량은 \\(10 \\) 일 그리고 부화율은 \\(72 \\) 시간 동안 기록하였다. 각 패트리디시 및 비커의 물은 \\(24 \\)시간마다 갈아주었으며, 하루에 \\(2 \\)회 이상 먹이(브라인슈림프)를 급여하였다. 패트리디시 및 비커 네의 용존산소량, \\( \\mathrm { pH } \\), 온도, 경도, 알칼리도는 \\(24 \\) 시간 단위로 총 \\(10 \\) 일 동안 측정하여 기록하였다.</p> <h2>계피 수증기 증류 추출 정유 유제의 제브라피시에 대한 만성 독성 실험</h2> <p>수증기 추출한 계피 유제의 제브라피시 성체 만성 독성 실험을 위해 수증기 증류 추출법을 이용한 계피 정유를 사용해 제형화한 유제를 유효성분이 \\( 10 , 50 , 100 , 250 , 500 \\mathrm { mg } \\mathrm { L } ^ { -1 } \\) 가 되도록 처리하여 총 \\(5 \\) 개의 실험군으로 나누어 시험을 실시하였다. 구입한 제브라피시를 실험실에서 \\( 1 \\) 주일 이상 순화 시킨 후, 전장 \\( 2-3 \\mathrm { ~cm } \\) 의 건강한 개체를 선별 하여 독성 실험에 사용 하였다. 염소를 제거한 수돗물 \\( 3 \\mathrm { ~L } \\) 를 \\( 3 \\mathrm { ~L } \\) 비커에 채워 \\( 20 - 28 \\) 도의 온도를 유지 하여 각 비커 당 \\( 10 \\) 마리의 제브라피시를 처리해 반지수식으로 실험을 \\( 45 \\) 일 동안 수행 하였다. 각 비커의 물은 일주일에 \\( 3 \\) 회 갈아 주었으며 하루에 \\( 2 \\) 회 이상 먹이 (브라인슈림프) 를 급여 하였다. 페트리디시 및 비커 내의 용존산소량, \\( \\mathrm { pH } \\), 온도, 경도, 알칼리도는 물을 갈아줄 때마다 총 \\( 45 \\) 일 동안 측정하여 기록 하였다.</p> <h2>통계분석</h2> <p>실험에서 얻어진 결과 값은 통계 프로그램(SPSS)의 프로빗(Probit)프로그램을 이용하여 \\( 95 \\% \\) 신뢰 한계에서 반수치사농도 \\( \\left ( \\mathrm { LC } _ { 50 } \\right . \\) )를구하였다. 실험군 간의 유의성을 비교 하기 위하여 \\( t \\)-test \\( (p \\) \\( >0.05) \\) 를 수행 하였다.</p>",
                "context_length": 1800,
                "clue": [
                    {
                        "clue_text": "수증기 추출한 고수 유제의 제브라피시 배아 생육초기독성 실험을 위해 수증기 추출법을 이용한 고수 정유를 시용해 제형화한 유제를 유효성분이 \\( 10 , 50 , 100 , 250 , 500 \\mathrm { mg } \\mathrm { L } ^ { -1 } \\) 가 되도록 처리하여 총 \\(5 \\)의 실험군으로 나누어 생육 초기 독성 시험을 실시 하였다.",
                        "clue_start": "39",
                        "clue_end": "237"
                    },
                    {
                        "clue_text": "\\(72 \\) 시간 동안 부화 및 생존한 치어는 \\(72 \\) 시간 경과 후 염소를 제거한 수돗물 \\( 2 \\mathrm { ~L } \\) 를 \\( 3 \\mathrm { ~L } \\) 비커에 채워 \\( 20\\sim28 \\mathrm { C } \\) 의 온도를 유지하여 반지수식으로 실험을 \\(7 \\) 일 동안 수행하였다.",
                        "clue_start": "449",
                        "clue_end": "628"
                    },
                    {
                        "clue_text": "실험도중의 치사개체는 발견 즉시 제거하였으며, 치사량 및 부화율을 \\(24 \\) 시간 단위로 즉정하여 치사량은 \\(10 \\) 일 그리고 부화율은 \\(72 \\) 시간 동안 기록하였다.",
                        "clue_start": "629",
                        "clue_end": "730"
                    },
                    {
                        "clue_text": "실험에서 얻어진 결과 값은 통계 프로그램(SPSS)의 프로빗(Probit)프로그램을 이용하여 \\( 95 \\% \\) 신뢰 한계에서 반수치사농도 \\( \\left ( \\mathrm { LC } _ { 50 } \\right . \\) )를구하였다. 실험군 간의 유의성을 비교 하기 위하여 \\( t \\)-test \\( (p \\) \\( >0.05) \\) 를 수행 하였다.",
                        "clue_start": "1596",
                        "clue_end": "1796"
                    }
                ],
                "terminology": [
                    {
                        "word": "Egg water"
                    },
                    {
                        "word": "LC"
                    },
                    {
                        "word": "SPSS"
                    },
                    {
                        "word": "간의 유의성"
                    },
                    {
                        "word": "계대"
                    },
                    {
                        "word": "계피 정유"
                    },
                    {
                        "word": "고수 유제"
                    },
                    {
                        "word": "독성실험"
                    },
                    {
                        "word": "반수치사농도"
                    },
                    {
                        "word": "부화율"
                    },
                    {
                        "word": "브라인슈림프"
                    },
                    {
                        "word": "산란"
                    },
                    {
                        "word": "수용액"
                    },
                    {
                        "word": "수증기"
                    },
                    {
                        "word": "알칼리도"
                    },
                    {
                        "word": "정유 유제"
                    },
                    {
                        "word": "제브라피시"
                    },
                    {
                        "word": "제형화"
                    },
                    {
                        "word": "증류"
                    },
                    {
                        "word": "치사개체"
                    },
                    {
                        "word": "치어"
                    },
                    {
                        "word": "패트리디시"
                    }
                ]
            },
            {
                "context_id": "55e-0c9-merge_2_28a7cd33-2918-46e0-bb7a-d67582cd15b6_01",
                "context_K-NSCC": {
                    "field": "생명",
                    "large_category": "LA",
                    "medium_category": "05"
                },
                "context": "<h1>재료 및 방법</h1> <h2>시험물질</h2> <p>시험에 사용된 계피 정유는 전북대학교 이희선 교수께서 수증기 증류법, 핵산을 이용한 용매추출법, 그리고 초임계 추출법을 이용하여 추출한 정유를 제공받아 사용하였다. 상용화된 계피 정유를 Mother and Daughters(포천, 경기도)사로부터 구입하여 사용하였다. 사용된 유화제로는 Castor oil, Tween \\(80 \\), Triton X- \\( 100 \\), Tergitol, Nonidet 등의 비이온계 계면활성제와 음이온성 계면활성제로서 Sodium dodecyl sulfate (SDS) 와 sodium dodecylbenzene sulfonate 등의 \\( 2 \\)종이 사용 되었으며 모두 Sigma-Aldrich사(St Louise, MO, USA)로 부터 구입하였다.</p> <h2>시험생물</h2> <p>본 어독성 실험에 사용된 잉어(Cyprimus carpio)는 오창양어장 (오창, 충북, 대한민국)으로 부터 구입하여 경북대학교 실험실에서 \\(1 \\)주일 이상 순화시킨 것으로 사용하였다. 실험에 사용된 잉어의 전장은 최소 \\( 3-5 \\mathrm { ~cm } \\) 로 건강한 개체를 선별 하였다. 시험 실시 \\(24 \\)시간 전부터 잉어에 대한 먹이공급을 중단하고 사용된 물은 염소를 제거한 상태의 물을 사용하였다.</p> <h2>유제 및 입제의 제조</h2> <p>유제의 품질관리를 위해 정유의 비중들을 측정하였고 그를 바탕으로 유제의 비중들을 측정하였다. 정유 유제를 제형화하기 위하여 에탄올을 용제로 사용하였고 유화제와의 최종 제형 비를 \\( 5:1:4 \\) (정유 : 유화제 : 에탄올)로 설정하여 제조하였다. 비이온성 계면활성제는 이온성 계면활성제에 비하여 피부자극이 적고 유효성분에 영향을 끼치지 않는 것으로 알려져 있다. Tergitol를 선정하여 실험을 수행하였다. 계면활성제가 물과 기름에 대한 친화성 정도를 나타내는 값인 \\( \\mathrm { HLB } \\) 값의 범위가 (8 \\) 에서 \\(15 \\) 사이인 비이온성 계면활성제를 사용하였고, 선택한 계면활성제는 미국 \\( \\mathrm { EPA } \\operatorname { LST } 3,4 \\) 에 농약의 보조제로서 사용이 허가되어 있다.</p> <p>Zeolite를 사용하여 유제를 흡유시켜 입제를 제조 하였으며 입제의 입자별 중량과 흡유능을 고려하여 Zeolite의 적정 크기를 설정 하였다. 선택한 담체는 미국 EPA LIST \\(3, 4 \\) 에 농약의 보조제로서 사용가능 하였고, Zeolite의 흡유능에 따라 최종 제형 비를 \\(1:9 \\) (유제 : Zeolite)가 되도록 제조하였다.</p> <h2>계피정유 원제, 유제, 입제의 잉어에 대한 급성어독성 실험</h2> <p>농촌진흥청 환경생물 독성 시험 기준과 방법(제 \\(5 \\)조 제 \\(1 \\)항 제 \\(4 \\)호)에 따라 잉어에 대한 급성 독성 실험을 실시 하였다.계피원제의 잉어 급성 독성 실험을 위해 수증기, 핵산, 초임계 추출법을 이용하여 획득한 정유와 아세톤을 무게 비 \\( 50: 50 \\) 으로 혼합하였다. 추출법 별로 유효 성분이 \\( 10 \\mathrm { mg } \\mathrm { L } ^ { -1 } \\) 이 되도록 처리할 경우 사용되는 계면활성제 양을 계산 하여 Tergitol을 사용 하여 급성 독성 시험을 실시 하였다.</p>",
                "context_length": 1678,
                "clue": [
                    {
                        "clue_text": "시험에 사용된 계피 정유는 전북대학교 이희선 교수께서 수증기 증류법, 핵산을 이용한 용매추출법, 그리고 초임계 추출법을 이용하여 추출한 정유를 제공받아 사용하였다.",
                        "clue_start": "34",
                        "clue_end": "125"
                    },
                    {
                        "clue_text": "사용된 유화제로는 Castor oil, Tween \\(80 \\), Triton X- \\( 100 \\), Tergitol, Nonidet 등의 비이온계 계면활성제와 음이온성 계면활성제로서 Sodium dodecyl sulfate (SDS) 와 sodium dodecylbenzene sulfonate 등의 \\( 2 \\)종이 사용 되었으며 모두 Sigma-Aldrich사(St Louise, MO, USA)로 부터 구입하였다.",
                        "clue_start": "184",
                        "clue_end": "420"
                    },
                    {
                        "clue_text": "Zeolite를 사용하여 유제를 흡유시켜 입제를 제조 하였으며 입제의 입자별 중량과 흡유능을 고려하여 Zeolite의 적정 크기를 설정 하였다.",
                        "clue_start": "1134",
                        "clue_end": "1214"
                    },
                    {
                        "clue_text": "선택한 담체는 미국 EPA LIST \\(3, 4 \\) 에 농약의 보조제로서 사용가능 하였고, Zeolite의 흡유능에 따라 최종 제형 비를 \\(1:9 \\) (유제 : Zeolite)가 되도록 제조하였다.",
                        "clue_start": "1215",
                        "clue_end": "1328"
                    },
                    {
                        "clue_text": "농촌진흥청 환경생물 독성 시험 기준과 방법(제 \\(5 \\)조 제 \\(1 \\)항 제 \\(4 \\)호)에 따라 잉어에 대한 급성 독성 실험을 실시 하였다.",
                        "clue_start": "1378",
                        "clue_end": "1461"
                    }
                ],
                "terminology": [
                    {
                        "word": "EPA"
                    },
                    {
                        "word": "LST"
                    },
                    {
                        "word": "Nonidet"
                    },
                    {
                        "word": "Sodium dodecyl sulfate"
                    },
                    {
                        "word": "Tergitol"
                    },
                    {
                        "word": "Triton"
                    },
                    {
                        "word": "Tween"
                    },
                    {
                        "word": "Zeolite"
                    },
                    {
                        "word": "계면활성제"
                    },
                    {
                        "word": "계피정유"
                    },
                    {
                        "word": "급성어독성"
                    },
                    {
                        "word": "담체"
                    },
                    {
                        "word": "비이온성 계면활성제"
                    },
                    {
                        "word": "수증기"
                    },
                    {
                        "word": "수증기 증류법"
                    },
                    {
                        "word": "아세톤"
                    },
                    {
                        "word": "어독성 실험"
                    },
                    {
                        "word": "용매추출법"
                    },
                    {
                        "word": "유화제"
                    },
                    {
                        "word": "유효성분"
                    },
                    {
                        "word": "이온성 계면활성제"
                    },
                    {
                        "word": "입제"
                    },
                    {
                        "word": "정유 유제"
                    },
                    {
                        "word": "제형화"
                    },
                    {
                        "word": "초임계 추출법"
                    },
                    {
                        "word": "최종 제형 비"
                    },
                    {
                        "word": "친화성"
                    },
                    {
                        "word": "핵산"
                    },
                    {
                        "word": "흡유능"
                    }
                ]
            },
            {
                "context_id": "55e-0c9-merge_2_28a7cd33-2918-46e0-bb7a-d67582cd15b6_00",
                "context_K-NSCC": {
                    "field": "생명",
                    "large_category": "LA",
                    "medium_category": "05"
                },
                "context": "<h1>서 론</h1> <p>계피(Cinnamomum verum) 나무껍질로부터 추출한 정유 (Essential oils)는 향신료로 주로 사용되어지고 민간치료요법에서도 이용되어왔다. 이들 정유는 식중독을 일으키는 다양한 박테리아에 대하여 항균활성이 뛰어나며 아플라톡신(Aflatoxins)을 생산하여 식품 및 저장 곡물에 주로 오염시키는 Aspergillus flavus 또는 A. fumigatus 등의 곰팡이에 대한 살균 또는 생장 억제 효과를 지니고 있다고 보고되었다. 이들의 동물에 대한 생리활성은 당뇨병 쥐의 총 콜레스테롤 함량, 저밀도지질 (low-density lipids) 및 중성지방(triglycerides)의 농도를 조절하는 기능이 알려졌다. 흥미롭게도 대부분의 계피의 생리활성은 주로 정유형태로 존재할 때 보고된 바가 많으며 이들은 상업적으로도 쉽게 구입할 수 있다.</p> <p>계피정유는 주로 수증기증류법(steam distillation)으로 추출되어지며 이들의 주요성분으로는 모노테르펜으로서 cinnamaldehyde가 약 \\( 92 \\% \\) 정도 존재하는 것으로 보고되었다. 이 계피 정유의 항균작용으로는 균 세포안의 전해질의 누설현상 유도 및 대사작용의 저하로서 확인되었으며, 이러한 항균작용과 더불어옥수수바구미(Sitophilus zeamais)에 대한 살충 및 기피작용을 나타내었다. 살충효과는 농업해충에서도 발견되었으며 실험에 사용된 농업해충으로는 복숭아혹진딧물(Myzus persicae), 배추좀나방(Plutella xylostella), 및 점박이 응애(Tetranychus urticae) 등이었다. 이러한 살충효과를 보고한 논문은 특이하게노 정유를 세가지 다른 방법을 이용하여 추출하였으며 이는 수증기 증류법, 용매추출법(solvent extraction), 및 초임계추출법(supercritical extraction) 등이었다. 수증기증류법 및 핵산을 이용한 용매추출법으로 추출한 계피정유는 각각 복숭아혹진딧물에 대해서 \\( 5.96 \\) 및 \\( 4.64 \\mu \\mathrm { g } / \\mathrm { cm } ^ { 2 } \\) 의 살충효과를 나타내었다. 그러나, 정유는 강한 휘발성분인 모노테르펜으로 주로 구성되어 있으므로 이들을 쉽게 농업적인 목적으로 사용하기 어려운 단점이 있다. 이러한 단점을 극복하여 이들을 농업 해충 등을 박멸하기 위한 제형으로 여러 제형 형태를 개발하였다. 키토산을 이용한 나노캡슐화 방법 및 유제화하여 사용하는 방법등이 고안되었다. 또 다른 형태의 제형으로 최근에는halloysite 나노튜브에 정유를 캡슐화한 후 이들의 방출량을 조절한 경우가 보고되었다.</p> <p>국내에서는 이려한 정유의 제형을 농업적인 목적으로 시용하기 위하여 이 제형의 안전성 (safety) 를 시험헤야 하며 주로 비표적 (non-target) 곤총인 꿀벌 및 민물에 서식하는 잉어 및 미꾸라지를 활용 한다. 따라서, 본 연구는 다양한 추출 방법으로 얻은 계펴정유의 각각의 두 제형(입제와 유제)에 대한 잉어 (Cyprinus carpio) 를 이용한 급성 독성(acute toxicity), 잉어 및 제브라퍼수(Danio rerio)를 이용한 만성독성(Chronic toxicity), 마지막으로 꿀벌(Apis mellifera)을 이용한 엽상 잔류 독성 (honeybee acute and residual toxicity)을 실험하여 이들 정유의 제형이 생테 및 환경에 미칠 영향을 평가 하였다.</p>",
                "context_length": 1724,
                "clue": [
                    {
                        "clue_text": "계피(Cinnamomum verum) 나무껍질로부터 추출한 정유 (Essential oils)는 향신료로 주로 사용되어지고 민간치료요법에서도 이용되어왔다.",
                        "clue_start": "16",
                        "clue_end": "102"
                    },
                    {
                        "clue_text": "이들 정유는 식중독을 일으키는 다양한 박테리아에 대하여 항균활성이 뛰어나며 아플라톡신(Aflatoxins)을 생산하여 식품 및 저장 곡물에 주로 오염시키는 Aspergillus flavus 또는 A. fumigatus 등의 곰팡이에 대한 살균 또는 생장 억제 효과를 지니고 있다고 보고되었다.",
                        "clue_start": "103",
                        "clue_end": "266"
                    },
                    {
                        "clue_text": "계피정유는 주로 수증기증류법(steam distillation)으로 추출되어지며 이들의 주요성분으로는 모노테르펜으로서 cinnamaldehyde가 약 \\( 92 \\% \\) 정도 존재하는 것으로 보고되었다.",
                        "clue_start": "450",
                        "clue_end": "564"
                    },
                    {
                        "clue_text": "그러나, 정유는 강한 휘발성분인 모노테르펜으로 주로 구성되어 있으므로 이들을 쉽게 농업적인 목적으로 사용하기 어려운 단점이 있다.",
                        "clue_start": "1075",
                        "clue_end": "1147"
                    },
                    {
                        "clue_text": "국내에서는 이려한 정유의 제형을 농업적인 목적으로 시용하기 위하여 이 제형의 안전성 (safety) 를 시험헤야 하며 주로 비표적 (non-target) 곤총인 꿀벌 및 민물에 서식하는 잉어 및 미꾸라지를 활용 한다.",
                        "clue_start": "1324",
                        "clue_end": "1445"
                    }
                ],
                "terminology": [
                    {
                        "word": "A. fumigatus"
                    },
                    {
                        "word": "Aflatoxins"
                    },
                    {
                        "word": "Apis mellifera"
                    },
                    {
                        "word": "Aspergillus"
                    },
                    {
                        "word": "Aspergillus flavus"
                    },
                    {
                        "word": "Chronic toxicity"
                    },
                    {
                        "word": "Cinnamomum verum"
                    },
                    {
                        "word": "Cyprinus carpio"
                    },
                    {
                        "word": "Danio rerio"
                    },
                    {
                        "word": "Essential oils"
                    },
                    {
                        "word": "Myzus persicae"
                    },
                    {
                        "word": "Plutella xylostella"
                    },
                    {
                        "word": "Sitophilus zeamais"
                    },
                    {
                        "word": "acute toxicity"
                    },
                    {
                        "word": "cinnamaldehyde"
                    },
                    {
                        "word": "distillation"
                    },
                    {
                        "word": "low-density lipids"
                    },
                    {
                        "word": "non-target"
                    },
                    {
                        "word": "solvent"
                    },
                    {
                        "word": "solvent extraction"
                    },
                    {
                        "word": "steam distillation"
                    },
                    {
                        "word": "supercritical extraction"
                    },
                    {
                        "word": "toxicity"
                    },
                    {
                        "word": "triglycerides"
                    },
                    {
                        "word": "계피정유"
                    },
                    {
                        "word": "급성 독성"
                    },
                    {
                        "word": "나노캡슐화 방법"
                    },
                    {
                        "word": "나노튜브"
                    },
                    {
                        "word": "농업해충"
                    },
                    {
                        "word": "당뇨병"
                    },
                    {
                        "word": "만성독성"
                    },
                    {
                        "word": "모노테르펜"
                    },
                    {
                        "word": "박테리아"
                    },
                    {
                        "word": "배추좀나방"
                    },
                    {
                        "word": "복숭아혹진딧물"
                    },
                    {
                        "word": "생리활성"
                    },
                    {
                        "word": "생장"
                    },
                    {
                        "word": "수증기"
                    },
                    {
                        "word": "수증기증류법"
                    },
                    {
                        "word": "시용"
                    },
                    {
                        "word": "아플라톡신"
                    },
                    {
                        "word": "엽상 잔류 독성"
                    },
                    {
                        "word": "옥수수바구미"
                    },
                    {
                        "word": "용매추출법"
                    },
                    {
                        "word": "저밀도지질"
                    },
                    {
                        "word": "전해질"
                    },
                    {
                        "word": "점박이"
                    },
                    {
                        "word": "점박이 응애"
                    },
                    {
                        "word": "정유"
                    },
                    {
                        "word": "제브라퍼수"
                    },
                    {
                        "word": "제형"
                    },
                    {
                        "word": "중성지방"
                    },
                    {
                        "word": "증류법"
                    },
                    {
                        "word": "초임계추출법"
                    },
                    {
                        "word": "캡슐화"
                    },
                    {
                        "word": "콜레스테롤"
                    },
                    {
                        "word": "키토산"
                    },
                    {
                        "word": "항균작용"
                    },
                    {
                        "word": "항균활성"
                    },
                    {
                        "word": "핵산"
                    }
                ]
            },
            {
                "context_id": "55e-0c9-merge_2_28a7cd33-2918-46e0-bb7a-d67582cd15b6_05",
                "context_K-NSCC": {
                    "field": "생명",
                    "large_category": "LA",
                    "medium_category": "05"
                },
                "context": "<p>잉어에 대한 계피정유 유제의 급성어독성은 Table \\( 2 \\)에 나타내었다. 수증기 증류법으로 추출된 정유는 \\( 48 \\) 시간 동안 잉어에 노출되었을 때 \\( \\mathrm { LC } _ { 50 } \\) 값이 \\( 8.37 \\mathrm { mg } \\mathrm { L } ^ { -1 } \\) 수준이었으며 \\( 96 \\) 시간에서 \\( 8.26 \\mathrm { mg } \\mathrm { L } ^ { -1 } \\) 으로 나타났다. 이는 \\(48 \\) 시간 이후 \\(96 \\) 시간까지 치사개체가 더 발생하였음을 의미한다. 핵산을 이용한 용매 추출 법으로 획득한 계피 정유의 경우 \\( 48 \\) 시간 동안 노출시켰을 때 \\( \\mathrm { LC } _ { 50 } \\) 값이 \\( 6.30 \\mathrm { mg } \\mathrm { L } { } ^ { 1 } \\) 이었으며 \\(96 \\) 시간 노출시켰을 때의 \\( \\mathrm { LC } _ { 50 } \\) 값은 \\(6.14 \\)로 역시 \\( \\mathrm { LC } _ { 50 } \\) 값이 감소되었다. 이러한 결과를 토대로 계피 정유의 유제 형태는 용매 추출법으로 추출된 정유의 형태가 수증기 추출법으로 추출한 정유보다 더 강한 독성을 나타내었다. 또한 초임계 추출로 추출한 정유의 경우 \\( \\mathrm { LC } _ { 50 } \\) 값이 \\( 6.16 \\mathrm { mg } \\mathrm { L } ^ { -1 } \\) 이었으며 \\(96 \\) 시간의 \\( \\mathrm { LC } _ { 50 } \\) 값은 \\( 6.03 \\mathrm { mg } \\mathrm { L } \\) 으로 시간이 경과함에 따라 독성이 더 강하게 나타났고 초임계 추출로 추출 정유의 성분들 중에 강한 독성을 일으키는 성분이 유제 형태로 존재할 때 보다 더 효과적으로 독성을 나다내고 있음을 알 수 있었다. 이러한 결과는 향후 원제를 제제화 하여 사용할 때 환경 중 수서생태계에 미치는 영향을 필히 실시해야 함을 입증하였다.</p> <p>이와 비슷하게 농업해충인 배추좀나방에 대한 계피정유를 함유한 친환경유기농자재 소재 중 이들의 유제에 대한 생태독성평가를 실시하여 잉어에 대한 급성독성이 \\( 1.9 \\mathrm { mg } \\mathrm { L } ^ { -1 } \\)로 나타나어독성 II급으로 판명된 바 있다. 그러나. 이 제형은 계피정유 만으로 유효성분을 구성하지 않고 후추에서 유래된 정유를 함유함으로써 잉어에 대한 급성어독성이 계피정유 만으로 발생한 독성으로 보기에는 무리가 있다고 보여진다.</p>",
                "context_length": 1285,
                "clue": [
                    {
                        "clue_text": "잉어에 대한 계피정유 유제의 급성어독성은 Table \\( 2 \\)에 나타내었다.",
                        "clue_start": "3",
                        "clue_end": "47"
                    },
                    {
                        "clue_text": "이러한 결과를 토대로 계피 정유의 유제 형태는 용매 추출법으로 추출된 정유의 형태가 수증기 추출법으로 추출한 정유보다 더 강한 독성을 나타내었다.",
                        "clue_start": "557",
                        "clue_end": "638"
                    },
                    {
                        "clue_text": "이와 비슷하게 농업해충인 배추좀나방에 대한 계피정유를 함유한 친환경유기농자재 소재 중 이들의 유제에 대한 생태독성평가를 실시하여 잉어에 대한 급성독성이 \\( 1.9 \\mathrm { mg } \\mathrm { L } ^ { -1 } \\)로 나타나어독성 II급으로 판명된 바 있다.",
                        "clue_start": "1020",
                        "clue_end": "1176"
                    },
                    {
                        "clue_text": "이 제형은 계피정유 만으로 유효성분을 구성하지 않고 후추에서 유래된 정유를 함유함으로써 잉어에 대한 급성어독성이 계피정유 만으로 발생한 독성으로 보기에는 무리가 있다고 보여진다.",
                        "clue_start": "1182",
                        "clue_end": "1281"
                    }
                ],
                "terminology": [
                    {
                        "word": "LC"
                    },
                    {
                        "word": "계피정유"
                    },
                    {
                        "word": "급성독성"
                    },
                    {
                        "word": "급성어독성"
                    },
                    {
                        "word": "생태독성평가"
                    },
                    {
                        "word": "수서생태계"
                    },
                    {
                        "word": "수증기"
                    },
                    {
                        "word": "수증기 증류법"
                    },
                    {
                        "word": "용매"
                    },
                    {
                        "word": "용매 추출"
                    },
                    {
                        "word": "용매 추출법"
                    },
                    {
                        "word": "원제"
                    },
                    {
                        "word": "유효성분"
                    },
                    {
                        "word": "정유"
                    },
                    {
                        "word": "제제화"
                    },
                    {
                        "word": "제형"
                    },
                    {
                        "word": "증류법"
                    },
                    {
                        "word": "초임계"
                    },
                    {
                        "word": "초임계 추출"
                    },
                    {
                        "word": "치사개체"
                    },
                    {
                        "word": "핵산"
                    }
                ]
            }
        ]
    }
}