{
    "dataset_info": {
        "identifier": "02-031-002-NL",
        "name": "기술과학 문서 요약 데이터",
        "category": "자연어",
        "last_updated": "2023-08-30"
    },
    "dataset": {
        "doc_id": "8a2ae4d1-21796fc8-7036-40fc-a174-a180f3560aca",
        "doc_type": "논문",
        "doc_title": {
            "kor": "시설재배에서 Botrytis cinerea에 의한 가지 잿빛곰팡이병",
            "eng": ""
        },
        "doc_category": {
            "KDC": "470.5",
            "DDC": ""
        },
        "doc_number": {
            "ISSN": "1225-9918",
            "ISBN": "",
            "DOI": "",
            "UCI": ""
        },
        "doc_year": "2001",
        "doc_author": [
            "김철승",
            "이재필",
            "송주희",
            "임은경",
            "정순재",
            "하상영",
            "문병주"
        ],
        "doc_publisher": "한국생명과학회",
        "doc_license": "CC BY",
        "context_info": [
            {
                "context_id": "55e-0c9-a51b36a3-2778-4af7-a01d-903b9a392282",
                "context_K-NSCC": {
                    "field": "생명",
                    "large_category": "LA",
                    "medium_category": "99"
                },
                "context": "<h1>결 과</h1> <h2>병징 및 발병율 조사</h2> <p>김해시 한림면과 부산시 대저동의 가지 재배하우스내에서 자연 발생한 가지 잿빛곰퐝이병의 병징은 대부분 잎에 소형의 점무늬 증상과 대형의 원형, 부정형의 갈색 병반이 형성되어 잎 전체가 고사하였으며, 주로 어린 위쪽 잎보다는 오래된 아래쪽 잎에서 발병이 심하였다. 꽃에서는 꽃잎의 가장 자리 부터 감엽이 시작되어 꽃전체로 진전되고 결국 고사하였으며, 감염된 꽃잎이 부착된 어린 열매 조직은 갈색으로 변색됨과 동시에 함몰이 되고, 원형 또는 부정형의 병반으로 진행되다가 전체가 짓무르게 되었으며, 습도가 높게되면 병든 잎, 꽃 및 열매의 병반 중앙에 잿빚의 곰팡이가 다량으로 형성되었다. 가지 수확기인 1월~3월 중순에 김해시 한림면의 2개 하우스와 (한림A, 한림B), 부산시 대저동의 한개 하우스에서 한 하우스당 각 5개의 구역을 임의로 선정하여 이병주율을 조사한 결과 \\(38.0 \\sim 52.0\\% \\)로서 평균 \\( 46.0 \\% \\)의 이병주율율 보였다.</p> <h2>병원균의 형태 및 배양적 특성</h2> <p>공시한 병원균 E12 균주의 배지 종류에 따른 형태 및 배양적 특성을 조사한 결과, CMA와 V8A 배지에서는 각각 횐색과 암회색으로 암처리한 후 UV롤 조사한 경우나 암처리만 한 경우 모두 균총 색깔이 같았으나, Czapek's agar, Richard's agar, Sabouraud's agar배지는 UV를 조사한 경우와 암처리만 한 경우의 균총의 색깔은 다르게 나타났는데, Czapek's agar와 Sabouraud's agar의 경우 UV 처리에서는 회색을 나타내었지만 암처러의 경우 짙은 암회색을 나타내었으며, Richard's agar에서는 UV처리시 암갈색이었으며 암처리를 했올 때 회색을 나타내었다. 또한 Sabouraud's agar에서는 UV처리시 건핵을 형성하였다. 분생포자의 모양은 배지종류에 따른 차이 없이 모두 타원형이었으며,그 크기에 있어서는 암처러한 후 UV를 조사한 경우 V8A배지에서 \\( 10.0-20.0 \\times 7.5-12.5 \\mu \\mathrm{m} \\)로 가장 컸으며, 암처리만한 경우에는 Czapek's agar배지에서 \\( 7.5-15.0 \\times \\ 5.0-12.5 \\)로 가장 크게 나타났다.</p> <h2>분생포자 접종원의 부유액 선발</h2> <p>공시 균주 E12의 분생포자를 이용한 병원성 검정에서 효과적인 접종원의 부유액을 선발하기 위해 포자의 부유액을 달리하여 가지 잎에 접종한 겹거, 살균수를 이용한 포자부 유액에서는 발병도가 극히 낮았으며, PDB 포자부유액에서는 72시간 후 \\( 22.5 \\% \\)의 낮은 발병도를 보인 반면, \\( 30 \\% \\) 토마토 주스에서는 72시간 후 \\( 91.0 \\% \\)의 높은 발병도를 보였다.</p> <h2>병원성 검정</h2> <p>공시한 E12 균주의 병원성을 검정하기 위해 E12 균주를 앞서의 분생포자 형성에 양호한 것으로 확인된 V8A 배지에 배양하여, 형성된 분생포자를 효과적인 부유액으로 확인된 \\(30\\%\\) 토마토 쥬스에 부유하여, 가지의 잎과 꽃에 접종한 결과 48시간 후부터 자연 병반과 동일한 병징이 나타나기 시작했으며, 접종 후 3일부터는 모든 처리구에서 병징이 나타나기 시작했다. 접종 초기에는 잎 표면의 여러 곳에서 원형 또는 부정형의 병반이 형성되었고 시간이 경과 할수록 병이 진전되어 그 크기가 커지거나, 또는 잎의 가장 자리부터 감염되어 병이 진행됨에 따라 V자형의 병반으로 진전이 되어 결국에는 낙엽 되거나 고사하였다. 꽃에서는 접종 1~2일 후 자연 병징과 동일하게 꽃잎의 가장 자리부터 갈색으로 병반이 진전되다가 3~4일 후에는 꽃 전체로 진전되어 꽃줄기까지 갈색으로 변하고 결국 말라 죽거나 낙화되었다. 또한, 낙화된 꽃잎이 땅에 떨어지지 않고 잎에 붙어 감염을 일으키는 경우도 있다. 열매에서는 균사 절편을 이용한 상처 접종을 통해 접종 3일 후부터 타원형으로 갈변되면서 병반이 확대되며 열매 표면에서는 흰색의 균사가 관찰되기 시작하며, 접종 6~7일 이후에는 열매전체가 갈색으로 변하여 짓무르고 점액이 나오기 시작하면서 표면에서는 암갈색의 포자가 관찰되기도 한다. 이러한 병징으로부터 동일한 병원균이 재분리 되었다.</p>",
                "context_length": 2109,
                "clue": [
                    {
                        "clue_text": "가지 수확기인 1월~3월 중순에 김해시 한림면의 2개 하우스와 (한림A, 한림B), 부산시 대저동의 한개 하우스에서 한 하우스당 각 5개의 구역을 임의로 선정하여 이병주율을 조사한 결과 \\(38.0 \\sim 52.0\\% \\)로서 평균 \\( 46.0 \\% \\)의 이병주율율 보였다.",
                        "clue_start": "363",
                        "clue_end": "519"
                    },
                    {
                        "clue_text": "또한 Sabouraud's agar에서는 UV처리시 건핵을 형성하였다.",
                        "clue_start": "899",
                        "clue_end": "938"
                    },
                    {
                        "clue_text": "공시 균주 E12의 분생포자를 이용한 병원성 검정에서 효과적인 접종원의 부유액을 선발하기 위해 포자의 부유액을 달리하여 가지 잎에 접종한 겹거, 살균수를 이용한 포자부 유액에서는 발병도가 극히 낮았으며, PDB 포자부유액에서는 72시간 후 \\( 22.5 \\% \\)의 낮은 발병도를 보인 반면, \\( 30 \\% \\) 토마토 주스에서는 72시간 후 \\( 91.0 \\% \\)의 높은 발병도를 보였다.",
                        "clue_start": "1176",
                        "clue_end": "1396"
                    },
                    {
                        "clue_text": "공시한 E12 균주의 병원성을 검정하기 위해 E12 균주를 앞서의 분생포자 형성에 양호한 것으로 확인된 V8A 배지에 배양하여, 형성된 분생포자를 효과적인 부유액으로 확인된 \\(30\\%\\) 토마토 쥬스에 부유하여, 가지의 잎과 꽃에 접종한 결과 48시간 후부터 자연 병반과 동일한 병징이 나타나기 시작했으며, 접종 후 3일부터는 모든 처리구에서 병징이 나타나기 시작했다.",
                        "clue_start": "1420",
                        "clue_end": "1627"
                    },
                    {
                        "clue_text": "열매에서는 균사 절편을 이용한 상처 접종을 통해 접종 3일 후부터 타원형으로 갈변되면서 병반이 확대되며 열매 표면에서는 흰색의 균사가 관찰되기 시작하며, 접종 6~7일 이후에는 열매전체가 갈색으로 변하여 짓무르고 점액이 나오기 시작하면서 표면에서는 암갈색의 포자가 관찰되기도 한다.",
                        "clue_start": "1919",
                        "clue_end": "2076"
                    }
                ],
                "terminology": [
                    {
                        "word": "Czapek's agar배지"
                    },
                    {
                        "word": "PDB"
                    },
                    {
                        "word": "PDB 포자부유액"
                    },
                    {
                        "word": "Richard's agar"
                    },
                    {
                        "word": "Sabouraud's agar"
                    },
                    {
                        "word": "agar"
                    },
                    {
                        "word": "공시 균주"
                    },
                    {
                        "word": "균주"
                    },
                    {
                        "word": "균총"
                    },
                    {
                        "word": "발병도"
                    },
                    {
                        "word": "배양적"
                    },
                    {
                        "word": "배지"
                    },
                    {
                        "word": "병반"
                    },
                    {
                        "word": "병원균"
                    },
                    {
                        "word": "병원성 검정"
                    },
                    {
                        "word": "병징"
                    },
                    {
                        "word": "부정형"
                    },
                    {
                        "word": "분생포자"
                    },
                    {
                        "word": "상처 접종"
                    },
                    {
                        "word": "암처리"
                    },
                    {
                        "word": "유액"
                    },
                    {
                        "word": "이병주율"
                    },
                    {
                        "word": "접종원"
                    },
                    {
                        "word": "포자부유액"
                    }
                ]
            },
            {
                "context_id": "55e-0c9-f517d714-8433-4430-aac3-17e79eccf088",
                "context_K-NSCC": {
                    "field": "생명",
                    "large_category": "LA",
                    "medium_category": "99"
                },
                "context": "<h1>고 찰</h1> <p>최근 부산시 강서구 대저동 지역과 경남 김해시 한림면의 가지 재배 하우스내에서 가지의 잎, 꽃 및 열매에 갈색의 소형점무늬가 형성되고 병반 중앙에 잿빛의 곰팡이가 형성되는 병징이 나타나 병원균을 분리하여 이 병원균의 형태 및 배양적 특성을 조사한 결과, 배지상에서 균총은 넓게 확산되어 \\( 20^{\\circ} \\mathrm{C} \\)에서 8일경 직경이 \\( 6.0 \\mathrm{~cm} \\)이상에 달하며, 초기에는 무색이지만 나중에는 잿빛 내지 회갈색으로 변한다. 분생포자병 기부에는 팽대부가 없고 \\( 750 \\mu \\mathrm{m} \\) 내지 \\( 2 \\mathbb{mm} \\)이상의 길이를 가지며, 기부쪽이 갈색을 띈다. 분생포자는 도란형으로 흔히 볼록한 배꼽이 있으며, 색깔은 담갈색으로 소수성이며 광현하에서는 평활하게 보인다. 크기는 \\( 7.5 \\sim 12.5 \\mu \\mathrm{cm} \\times 5.0 \\sim 12.5 \\mu \\mathrm{m} \\)로서 Eills가 기재한 Botrytis cinerea의 크기인 \\( 6.0 \\sim 18.0 \\times 4.0 \\sim 11.0 \\mu \\mathrm{m} \\)와 유사하였으며, 횡산, Arai 둥의 기재와도 거의 일치하였다. 또한 Botrytis속에는 여러가지 종들이 있지만 모두가 도란형 분생포자를 갖고 있어 서로 유사점이 많으나, B. narcissicola, B. convoluta, B. porri, B. fiariarum 등은 분생포자 크기와 균핵의 해부학적 특성 및 자낭과 형태의 세부적 특성에 의해 구별되므로 본 E12 균주는 B. cinered로 동정되었다.</p> <p>분리한 균주간의 분생포자 크기는 차이가 없었으며, E12 균주는 분생포자가 많이 형성된 반면 병원성이 약해 공시하지 않은 균주 E6, E26는 분생포자를 거의 형성하지 않았지만 균핵을 많이 형성하였는데 이러한 차이는 Paul이 B. cinerea 를 포자나 균핵을 형성하지 않고 기중균사를 많이 형성하는 균사형 (mycelial type), 균핵은 형성하지 않고 포자만 형성하는 포자형 (sporing type) 및 포자형성에 관계없이 균핵을 많이 형성하는 균핵형 (sclerotial type) 등의 3가지 형태로 나눈 것과 김, 김 등에 의한 B. cinerea의 생리생태적 다양성 및 병원성의 차이에 대한 보고와 비교해 볼 때 공시한 E12 균주와 분리된 E6, E26 균주는 동일 B. cinerea총내의 성질이 다른 균주로 생각된다.</p> <p>분생포자 접종원의 부유액 선발 실험에서 영양분이 없는 살균수를 이용한 포자 부유액과 PDB 에서는 거의 발병이 되지 않고, \\( 30 \\% \\) 토마토 주스에서 월등히 높은 발병율을 나타내었는데, 이는 병원균의 부착기 형성을 위해 필요한 양분의 종류나 함량이 토마토 쥬스에 많았던 것으로 사료되며 이는 들깨 잿빚곰팡이병의 분생포자 접종원 부유액 선발 실험에서 \\( 10 \\% \\) 토마토 쥬스를 이용한 결과와 농도만 다를 뿐 일치한다.</p> <p>본 연구에서 조사된 가지 잿빛곰팡이병의 하우스내에서의 발병은 12월에서 3월 사이인 저온과 하우스내의 다습한 조건이 계속 유지될 때 가지의 모든 잎에서 발병이 되나 특히 지표면과 가까운 하위엽과 하우스내의 구석 그늘진 곳에서 발병이 심하였다. 그리고 발병이 되고 나면 병진전이 계속되어 심각한 피해를 초래한다. 이와 같이 하우스내에서 저온과 환기 불량으로 인한 다습한 조건은 병원균의 발병과 증식에 유리한 조건이므로 본 병원균의 심한 발병을 유발하는 요인으로 생각된다.</p>",
                "context_length": 1776,
                "clue": [
                    {
                        "clue_text": "조사된 가지 잿빛곰팡이병의 하우스내에서의 발병은 12월에서 3월 사이인 저온과 하우스내의 다습한 조건이 계속 유지될 때 가지의 모든 잎에서 발병이 되나 특히 지표면과 가까운 하위엽과 하우스내의 구석 그늘진 곳에서 발병이 심하였다.",
                        "clue_start": "1517",
                        "clue_end": "1645"
                    },
                    {
                        "clue_text": "그리고 발병이 되고 나면 병진전이 계속되어 심각한 피해를 초래한다.",
                        "clue_start": "1646",
                        "clue_end": "1683"
                    },
                    {
                        "clue_text": "최근 부산시 강서구 대저동 지역과 경남 김해시 한림면의 가지 재배 하우스내에서 가지의 잎, 꽃 및 열매에 갈색의 소형점무늬가 형성되고 병반 중앙에 잿빛의 곰팡이가 형성되는 병징이 나타나 병원균을 분리하여 이 병원균의 형태 및 배양적 특성을 조사한 결과, 배지상에서 균총은 넓게 확산되어 \\( 20^{\\circ} \\mathrm{C} \\)에서 8일경 직경이 \\( 6.0 \\mathrm{~cm} \\)이상에 달하며, 초기에는 무색이지만 나중에는 잿빛 내지 회갈색으로 변한다.",
                        "clue_start": "16",
                        "clue_end": "277"
                    },
                    {
                        "clue_text": "또한 Botrytis속에는 여러가지 종들이 있지만 모두가 도란형 분생포자를 갖고 있어 서로 유사점이 많으나, B. narcissicola, B. convoluta, B. porri, B. fiariarum 등은 분생포자 크기와 균핵의 해부학적 특성 및 자낭과 형태의 세부적 특성에 의해 구별되므로 본 E12 균주는 B. cinered로 동정되었다.",
                        "clue_start": "634",
                        "clue_end": "828"
                    },
                    {
                        "clue_text": "분리한 균주간의 분생포자 크기는 차이가 없었으며, E12 균주는 분생포자가 많이 형성된 반면 병원성이 약해 공시하지 않은 균주 E6, E26는 분생포자를 거의 형성하지 않았지만 균핵을 많이 형성하였는데 이러한 차이는 Paul이 B. cinerea 를 포자나 균핵을 형성하지 않고 기중균사를 많이 형성하는 균사형 (mycelial type), 균핵은 형성하지 않고 포자만 형성하는 포자형 (sporing type) 및 포자형성에 관계없이 균핵을 많이 형성하는 균핵형 (sclerotial type) 등의 3가지 형태로 나눈 것과 김, 김 등에 의한 B. cinerea의 생리생태적 다양성 및 병원성의 차이에 대한 보고와 비교해 볼 때 공시한 E12 균주와 분리된 E6, E26 균주는 동일 B. cinerea총내의 성질이 다른 균주로 생각된다.",
                        "clue_start": "836",
                        "clue_end": "1251"
                    }
                ],
                "terminology": [
                    {
                        "word": "Arai"
                    },
                    {
                        "word": "B. cinerea"
                    },
                    {
                        "word": "B. cinered"
                    },
                    {
                        "word": "B. convoluta"
                    },
                    {
                        "word": "B. fiariarum"
                    },
                    {
                        "word": "B. narcissicola"
                    },
                    {
                        "word": "B. porri"
                    },
                    {
                        "word": "Botrytis"
                    },
                    {
                        "word": "Botrytis cinerea"
                    },
                    {
                        "word": "PDB"
                    },
                    {
                        "word": "광현하"
                    },
                    {
                        "word": "균사형"
                    },
                    {
                        "word": "균주"
                    },
                    {
                        "word": "균총"
                    },
                    {
                        "word": "균핵"
                    },
                    {
                        "word": "균핵형"
                    },
                    {
                        "word": "기중균사"
                    },
                    {
                        "word": "도란형"
                    },
                    {
                        "word": "들깨 잿빚곰팡이병"
                    },
                    {
                        "word": "배양적"
                    },
                    {
                        "word": "병반"
                    },
                    {
                        "word": "병원균"
                    },
                    {
                        "word": "병징"
                    },
                    {
                        "word": "부착기"
                    },
                    {
                        "word": "분생포자"
                    },
                    {
                        "word": "분생포자병"
                    },
                    {
                        "word": "소수성"
                    },
                    {
                        "word": "약해"
                    },
                    {
                        "word": "자낭과"
                    },
                    {
                        "word": "잿빛곰팡이병"
                    },
                    {
                        "word": "접종원"
                    },
                    {
                        "word": "포자 부유액"
                    },
                    {
                        "word": "포자형"
                    },
                    {
                        "word": "포자형성"
                    }
                ]
            },
            {
                "context_id": "55e-0c9-240734a0-ff67-46ed-88bc-0b373044eb8f",
                "context_K-NSCC": {
                    "field": "생명",
                    "large_category": "LA",
                    "medium_category": "99"
                },
                "context": "<h1>재료 및 방법</h1> <h2>병징 및 발병율 조사</h2> <p>1998년 12월부터 1999년 5월 중순까지 경남 김해시 한림면과 부산시 강서구 대저동의 가지재배 하우스내에서 본 병징을 수시로 관찰하였다. 발병 정도는 가지 수확기인 1월 중순 김해시 한림면에서 2개 하우스와 3월 중순 부산시 대저동 일대에서 1개 하우스에서 한 하우스당 5개의 구역, 구당 \\( 500 \\times 100 \\mathrm{~cm} \\) (10주)를 임의로 선정하고 구역내의 가지 전주수에 대한 이병주율을 조사하였다.</p> <h2>병원균의 분리 및 공시균주</h2> <p>가지 재배 하우스내의 잎과 열매 등에서 갈색의 소형 점무늬가 형성되고 부정형의 대형 병반이 형성되며 잿빛의 포자가 관찰되는 병반을 채집하여 병원균을 분리하였다. 병든 조직 절편을 \\( 5.25 \\% \\) sodium hypochlorite 용액에 약 45초간 표면 살균한 후 멸균수로 3회 세척하여 Potato dextrose agar (PDA) 평판배지에 놓고 \\( 25^{\\circ} \\mathrm{C} \\), 암조건하에서 배양하였다. 신장한 균사를 PDA평판 배지에 이식하고 배양하였는데, 이 과정을 수회 반복하여 병원균을 순수 분리하였다. 잎과 열매 병반으로부터 E1등 12균주를 분리하여 그 중 병원성이 가장 강한 E12 균주를 모든 실험에 공시하였다.</p> <h2>병원균의 형태 및 배양적 특성</h2> <p>배지 종류에 따른 균총의 형태, 분생포자의 크기와 형태 및 분생포자 형성량을 조사하기 위해 병원균의 균총 절편율 Corn meal agar (CMA), V8-juice agar (V8A), Czapek's agar, Richard's agar 및 Sabouraud's agar배지에 각각 이식하고 \\( 20^{\\circ} \\mathrm{C} \\)에서 7일간 배양하였는데 암조건만 처리한 것과 3일 암처리 후 4일간 자외선 (UV)을 조사한 것으로 조건을 각각 달리하여 조사하였다. 분생포자 형성량 조사는 위와 같은 방법으로 배양한 각각의 배지 한 petridish에 멸균수 \\( 10 \\mathrm{m \\ell} \\)을 넣어 포자부유액으로 만들고 그 중 \\( 1 \\mathrm{m \\ell} \\)을 채취하여 혈구계산기를 사용해 각각 3반복으로 조사하였다.</p> <h2>병원성 검정 밎 분생포자 접종원의 부유액 선발</h2> <p>병원성 검정에서는 접종원으로서 분생 포자의 효과적인 포자부유액을 선발하기 위해 PDB, \\(30\\%\\) 토마토 쥬스를 공시하고 여기에 앞서의 분생포자 형성에 양호한 것으로 선발된 배지에서 3일간 암처리한 후 UV을 4일간 처리하여 배양한 E12 균주의 분생포자를 \\( 10^{6} ~ \\mathrm{conidia}/ \\mathrm{ml} \\)농도로 첨가하여 접종원으로 하였다. 처리당 5주씩 3반복으로 각각의 가지 잎에 처리하여 상대습도 \\( 90 \\% \\)이상, \\( 20 \\pm 2^{\\circ} \\mathrm{C} \\) 생육상에 보관하면서 처리 24시간 후부터 발병도를 조사하였다. 가지 열매에서의 병원성 검정에서는 가지 열매 표면에 가위표 모양으로 \\( 2 \\mathrm{~cm} \\) 크기의 상처를 내고 직경 \\( 1 \\mathrm{~cm} \\) 크기의 균사절편을 상처낸 부위에 부착하여 접종하고 잎에서 처리한 것과 같은 조건의 생육상에 보관하면서 발병정도를 조사하였다.</p>",
                "context_length": 1681,
                "clue": [
                    {
                        "clue_text": "발병 정도는 가지 수확기인 1월 중순 김해시 한림면에서 2개 하우스와 3월 중순 부산시 대저동 일대에서 1개 하우스에서 한 하우스당 5개의 구역, 구당 \\( 500 \\times 100 \\mathrm{~cm} \\) (10주)를 임의로 선정하고 구역내의 가지 전주수에 대한 이병주율을 조사하였다.",
                        "clue_start": "121",
                        "clue_end": "284"
                    },
                    {
                        "clue_text": "잎과 열매 병반으로부터 E1등 12균주를 분리하여 그 중 병원성이 가장 강한 E12 균주를 모든 실험에 공시하였다.",
                        "clue_start": "622",
                        "clue_end": "686"
                    },
                    {
                        "clue_text": "배지 종류에 따른 균총의 형태, 분생포자의 크기와 형태 및 분생포자 형성량을 조사하기 위해 병원균의 균총 절편율 Corn meal agar (CMA), V8-juice agar (V8A), Czapek's agar, Richard's agar 및 Sabouraud's agar배지에 각각 이식하고 \\( 20^{\\circ} \\mathrm{C} \\)에서 7일간 배양하였는데 암조건만 처리한 것과 3일 암처리 후 4일간 자외선 (UV)을 조사한 것으로 조건을 각각 달리하여 조사하였다.",
                        "clue_start": "720",
                        "clue_end": "988"
                    },
                    {
                        "clue_text": "병원성 검정에서는 접종원으로서 분생 포자의 효과적인 포자부유액을 선발하기 위해 PDB, \\(30\\%\\) 토마토 쥬스를 공시하고 여기에 앞서의 분생포자 형성에 양호한 것으로 선발된 배지에서 3일간 암처리한 후 UV을 4일간 처리하여 배양한 E12 균주의 분생포자를 \\( 10^{6} ~ \\mathrm{conidia}/ \\mathrm{ml} \\)농도로 첨가하여 접종원으로 하였다.",
                        "clue_start": "1185",
                        "clue_end": "1395"
                    }
                ],
                "terminology": [
                    {
                        "word": "Corn meal agar"
                    },
                    {
                        "word": "E12 균주"
                    },
                    {
                        "word": "PDA평판 배지"
                    },
                    {
                        "word": "Potato dextrose agar"
                    },
                    {
                        "word": "Richard's agar"
                    },
                    {
                        "word": "V8-juice agar"
                    },
                    {
                        "word": "petridish"
                    },
                    {
                        "word": "sodium hypochlorite 용액"
                    },
                    {
                        "word": "공시균주"
                    },
                    {
                        "word": "균사절편"
                    },
                    {
                        "word": "균주"
                    },
                    {
                        "word": "균총"
                    },
                    {
                        "word": "발병도"
                    },
                    {
                        "word": "배양적"
                    },
                    {
                        "word": "배지"
                    },
                    {
                        "word": "병반"
                    },
                    {
                        "word": "병원균"
                    },
                    {
                        "word": "병원성 검정"
                    },
                    {
                        "word": "병징"
                    },
                    {
                        "word": "부정형"
                    },
                    {
                        "word": "분생포자"
                    },
                    {
                        "word": "생육상"
                    },
                    {
                        "word": "암조건"
                    },
                    {
                        "word": "암처리"
                    },
                    {
                        "word": "이병주율"
                    },
                    {
                        "word": "전주수"
                    },
                    {
                        "word": "접종원"
                    },
                    {
                        "word": "평판배지"
                    },
                    {
                        "word": "포자부유액"
                    },
                    {
                        "word": "혈구계산기"
                    }
                ]
            }
        ]
    }
}