{
    "dataset_info": {
        "identifier": "02-031-002-NL",
        "name": "기술과학 문서 요약 데이터",
        "category": "자연어",
        "last_updated": "2023-08-30"
    },
    "dataset": {
        "doc_id": "31a7cd33-74b3d643-dd6b-4a6e-9dda-4485b682dd09",
        "doc_type": "논문",
        "doc_title": {
            "kor": "배추 유전체 염기서열 해독 전략과 현황",
            "eng": ""
        },
        "doc_category": {
            "KDC": "481.1705",
            "DDC": ""
        },
        "doc_number": {
            "ISSN": "1229-2818",
            "ISBN": "",
            "DOI": "",
            "UCI": ""
        },
        "doc_year": "2010",
        "doc_author": [
            "문정환",
            "권수진",
            "박범석"
        ],
        "doc_publisher": "한국식물생명공학회",
        "doc_license": "CC BY-NC",
        "context_info": [
            {
                "context_id": "55e-0c9-c2d99e50-114b-4409-9365-9c6d0f75eb7f",
                "context_K-NSCC": {
                    "field": "생명",
                    "large_category": "LA",
                    "medium_category": "05"
                },
                "context": "<h1>배추 유전체 연구 소재</h1><h2>BAC 유전자은행과 BAC 말단 염기서열</h2><p>식물 유전체 연구에는 다양한 원천소재가 반드시 필요한데, BrGSP (The B. rapa Genome Sequencing Project)에서 생산 사용된 소재들을 표 1 에 정리하였다. 특히 중요한 BAC 유전자은행은 2008 년까지 총 5 세트를 제작하였으며, 이들의 전체 길이는 배추 유전체의 53 배에 해당한다. BAC 유전자은행 제작에는 제한효소 EcoRI, BamHI, HindIII, 그리고 Sau3AI이 사용되었다.</p><p>BrGSP 참여국은 이들 BAC 유전자은행의 클론 146,688 개를 사용하여 총 260,637 개의 BAC 말단 염기서열을 생산하였는데, 총 염기서열 양은 약 \\( 203 \\mathrm {Mbp} \\) 에 달한다. BES 서열의 분석을 통하여 배추 유전체 구조의 특징을 파악 할 수 있다. BES의 BLAST 분석 결과, BES 의 약 \\( 25 \\% \\) 가 동원체 또는 동원체 주변의 반복서열인 것으로 나타났다. 또한 약 \\( 15 \\% \\) 의 BES 는 다른 전이인자 혹은 반복서열로 나타났기 때문에 염색체의 FISH 분석 결과와 종합해 보면 배추의 이질염색질 영역은 약 \\( 40 \\% \\) 이고 유전체 염기서열 분석의 실제 대상인 유전자를 함유하는 진정염색질 영역은 약 \\( 60 \\% \\) 인 것으로 추정되었다 (Yang et al. 2005; Lim et al. 2007). BES를 배추의 ESTs 및 애기장대의 CDS (coding sequences)와 비교한 결과 BES 의 약 \\( 11 \\% \\) 가 단백질을 암호화하는 유전자 (protein-coding genes) 였다. BAC 염기서열을 조사했을 때 단백질 암호화 유전자가 평균 1.1-1.3 \\( \\mathrm{kbp} \\) 크기였으므로 배추 유전체에는 약 \\( 45,000-53,000 \\) 개의 유전자가 있을 것으로 추산되었는데, 이는 Yang 등 (2006)의 추산과 비슷하다.</p><p>배추와 애기장대 유전체 구조의 유사성으로 볼 때 배추의 BES와 애기장대 유전체 서열을 비교하여 배추 유전체 해독을 위한 seed BAC을 선발하는 것은 매우 효과적인 방법이다. 따라서 91,000 개의 배추 BES를 애기장대 유전체 염기서열에 BLAST 분석하여 단일 BAC 클론의 양말단 염기서열이 애기장대에서 동일선상에 \\( 500 \\mathrm{kbp} \\) 이내의 간격에 올바른 방향으로 염기서열 유사성을 보일 경우, 이들 BAC 클론들을 선발하고 이들로부터 애기장대 서열 기준으로 최소 중첩되면서 애기장대의 유전자 지역을 대부분 커버할 수 있는 600 여개의 배추 BAC 클론을 seed BAC (염색체별 염기서열의 기준점)으로 선정하였다 (Mun et al. 2009). 비교유전체 방법으로 선정된 seed BAC은 모두 \"phase 2\" - (염기서열 결정 후 조립한 contig의 방향과 contig 사이의 gap을 알며 contig의 길이 합이 원래 BAC 클론의 \\( 90 \\% \\) 이상)-이상 수준으로 염기서열을 분석하였고, 이 염기서열에 근거하여 SSR (simple sequence repeat) 및 IBP (intron based polymorphism) 마커들을 개발하고 유전지도에 seed BAC 의 위치를 정하였다. 염기서열이 분석된 seed BAC은 모두 핵산지문분석 (fin-gerprinting)하여 물리지도의 contig에 포함시켜 clone-by-clone 염기서열을 진행할 때 다음 염기서열을 결정할 BAC 클론 선발에 이용하였다.</p>",
                "context_length": 1791,
                "clue": [
                    {
                        "clue_text": "BES 서열의 분석을 통하여 배추 유전체 구조의 특징을 파악 할 수 있다.",
                        "clue_start": "423",
                        "clue_end": "464"
                    },
                    {
                        "clue_text": "또한 약 \\( 15 \\% \\) 의 BES 는 다른 전이인자 혹은 반복서열로 나타났기 때문에 염색체의 FISH 분석 결과와 종합해 보면 배추의 이질염색질 영역은 약 \\( 40 \\% \\) 이고 유전체 염기서열 분석의 실제 대상인 유전자를 함유하는 진정염색질 영역은 약 \\( 60 \\% \\) 인 것으로 추정되었다 (Yang et al. 2005; Lim et al. 2007).",
                        "clue_start": "536",
                        "clue_end": "744"
                    },
                    {
                        "clue_text": "배추와 애기장대 유전체 구조의 유사성으로 볼 때 배추의 BES와 애기장대 유전체 서열을 비교하여 배추 유전체 해독을 위한 seed BAC을 선발하는 것은 매우 효과적인 방법이다.",
                        "clue_start": "1017",
                        "clue_end": "1116"
                    },
                    {
                        "clue_text": "비교유전체 방법으로 선정된 seed BAC은 모두 \"phase 2\" - (염기서열 결정 후 조립한 contig의 방향과 contig 사이의 gap을 알며 contig의 길이 합이 원래 BAC 클론의 \\( 90 \\% \\) 이상)-이상 수준으로 염기서열을 분석하였고, 이 염기서열에 근거하여 SSR (simple sequence repeat) 및 IBP (intron based polymorphism) 마커들을 개발하고 유전지도에 seed BAC 의 위치를 정하였다.",
                        "clue_start": "1400",
                        "clue_end": "1660"
                    }
                ],
                "terminology": [
                    {
                        "word": "B. rapa"
                    },
                    {
                        "word": "BAC 말단 염기서열"
                    },
                    {
                        "word": "BAC 염기서열"
                    },
                    {
                        "word": "BAC 유전자은행"
                    },
                    {
                        "word": "BAC 클론"
                    },
                    {
                        "word": "BES 서열"
                    },
                    {
                        "word": "BLAST 분석"
                    },
                    {
                        "word": "BrGSP"
                    },
                    {
                        "word": "CDS"
                    },
                    {
                        "word": "ESTs"
                    },
                    {
                        "word": "FISH 분석"
                    },
                    {
                        "word": "Genome"
                    },
                    {
                        "word": "IBP"
                    },
                    {
                        "word": "SSR"
                    },
                    {
                        "word": "Sequencing"
                    },
                    {
                        "word": "clone-by-clone"
                    },
                    {
                        "word": "clone-by-clone 염기서열"
                    },
                    {
                        "word": "contig"
                    },
                    {
                        "word": "polymorphism"
                    },
                    {
                        "word": "seed BAC"
                    },
                    {
                        "word": "단백질 암호화 유전자"
                    },
                    {
                        "word": "단일 BAC 클론"
                    },
                    {
                        "word": "동원체"
                    },
                    {
                        "word": "마커"
                    },
                    {
                        "word": "물리지도"
                    },
                    {
                        "word": "반복서열"
                    },
                    {
                        "word": "배추 유전체"
                    },
                    {
                        "word": "비교유전체 방법"
                    },
                    {
                        "word": "식물 유전체"
                    },
                    {
                        "word": "염기서열"
                    },
                    {
                        "word": "염기서열 유사성"
                    },
                    {
                        "word": "염색체"
                    },
                    {
                        "word": "원천소재"
                    },
                    {
                        "word": "유전자 지역"
                    },
                    {
                        "word": "유전지도"
                    },
                    {
                        "word": "유전체 서열"
                    },
                    {
                        "word": "유전체 염기서열"
                    },
                    {
                        "word": "유전체 해독"
                    },
                    {
                        "word": "이질염색질"
                    },
                    {
                        "word": "전이인자"
                    },
                    {
                        "word": "제한효소"
                    },
                    {
                        "word": "진정염색질 영역"
                    },
                    {
                        "word": "최소 중첩"
                    },
                    {
                        "word": "핵산지문분석"
                    }
                ]
            },
            {
                "context_id": "55e-0c9-0b4d06fa-d4ac-4489-80a9-c0c0b20166ab",
                "context_K-NSCC": {
                    "field": "생명",
                    "large_category": "LA",
                    "medium_category": "05"
                },
                "context": "<h2>반복염기서열과 이질염색질</h2><p>진화적으로 빠르게 구조가 변하고 있는 동원체는 연속된 반복염기서열 (tandem satellite repeats)과 동원체 특이 전이인자로 구성되어 있다. 식물의 동원체 지역을 구성하는 반복서열은 \\(150\\)-\\(180 \\mathrm{bp}\\) 단위로 종종 수백만 \\( \\mathrm{bp}\\) 이상 반복배열 지역을 형성하는데, 애기장대의 pAL1 (Copen-haver et al. 1999), 벼의 CentO (Zhang et al. 2004), 옥수수의 CentC (Ananiev et al. 1998), 그리고 메디카고 (Medicago truncatula)의 MtRs (Kulikova et al. 2004)가 알려져 있다. 배추의 BAC 클론 \\(10,204\\)개의 말단 염기서열을 분석한 결과 약 \\( 30 \\% \\) 의 BAC 말단 서열에서 양쪽 끝에 제한효소 Hin dIII 자리가 있는 \\( 176 \\mathrm{bp} \\)의 동원체 반복서열을 발견하였다. 배추의 동원체 반복서열은 \\( 82 \\% \\) 염기서열 유사성을 보이는 두 종류로 구성되어 있는데, 각각 CentBr1과 CentBr2로 명명하였다. 배추의 동원체 반복서열을 이용한 FISH 분석에 의하면 CentBr 1은 염색체 A1, A2, A4 와 A6-A10 에 주로 분포하고 CentBr2는 염색체 A3 와 A5 에서만 분포하는 것으로 나타났다. 한편 양배추의 whole-genome shotgun (WGS) 염기서열에서도 CentBr이 발견되었는데, 이는 CentBr이 배추류 식물의 공통적인 동원체 염기서열임을 의미한다.</p><p>한편 이질염색질을 함유한 BAC 클론의 염기서열 분석을 통하여 동원체 특이 Ty1-copia-like retrotransposon (CRB), \\( 238 \\mathrm{bp} \\)길이의 단순연속 반복서열 (TR238), 변형된 rDNAs, 그리고 동원체 주변 특이 (pericentromere-specific) Ty3-gypsy-like retrotransposons (PCRBr) 등을 발견할 수 있었다 (Lim et al. 2007). 전이인자 CRB 는 배추류의 이배체 3종과 이질사배체 3종의 동원체에서 모두 관찰되는 주요 인자였으나, TR238과 PCRBr은 A genome인 배추에서만 특이적으로 발견되었다. 이러한 동원체 및 그 주변 특이 반복서열은 진정염색질과 이질염색질의 경계를 탐색하는데 중요한 단서로 이용될 수 있다. 이 외에도 배추 BAC 말단 염기서열을 조사한 결과 약 \\( 50 \\% \\)에 달하는 BAC 말단 염기서열은 애기장대의 유전체 염기서열과는 유사성이 없는 것으로 분석되었다. 이러한 사실들은 배추 특이적인 서열의 증폭이 배추 유전체의 팽창에 기여하고 있으며, 그들 대부분은 이질배수체 영역의 전이인자 혹은 반복서열에 의해 일어남을 의미한다 (Lim et al. 2005; Yang et al. 2006).</p><p>전이인자 중 불완전한 구조로 non-autonomous한 독특한 LTR retrotransposon의 일종인 TRIM (terminal-repeat retrotran-sposons in miniature)이 발견 되었다 (Yang et al. 2007). TRIM 은 길이가 \\( 100-250 \\mathrm{bp} \\)정도인 말단 반복서열 (TR, terminal repeats)을 특징으로 하는데, 안쪽 염기서열은 \\( 300 \\mathrm{bp} \\) 정도이고, 전이인자 양끝에는 \\( 5 \\mathrm{bp} \\) TSD(target site duplication)를 갖고 있다. 안쪽의 염기서열은 methionine-tRNA 상보적인 서열로 시작하여 전형적인 polypurine tract motifs로 끝나고 있다. 배추의 paralogous BAC 클론 4종의 염기서열로부터 4종의 배추 TRIM (Br1-Br4)을 분리할 수 있었는데, 그 길이는 \\( 364 \\sim 1,311 \\mathrm{bp} \\) 로 다양했다 (Yang et al. 2007). 약 \\( 96 \\mathrm{Mbp} \\)의 배추 BAC 말단 염기서열의 분석을 통해 추정되는 배추 TRIMs의 카피 수는 애기장대 보다 무려 6배나 많았다. 이는 다양한 TRIM elements가 배추와 애기장대의 종 분화 이후에 배추 유전체에서 증폭되었음을 의미한다. 아직 배추 유전체에서 전이인자 TRIMs의 정확한 위치는 파악하지 못했지만, 애기장대의 경우 유전자 지역인 진정염색질에서의 TRIMs 분포 양상과 배추의 ESTs (expressed sequence tags) 염기서열에서 키메라 (chimeric) 형태의 TRIM이 발견됨을 볼 때, 배추에서도 TRIM elements가 유전자 지역에 주로 분포할 것으로 추정된다. TRIMs의 이러한 분포 양상은 진화적으로 중요한 의미를 갖는데, 이들의 이동과 증폭은 배추 유전체의 재구성은 물론 프로모터나 터미네이터의 재배치를 통하여 유전자의 기능이나 발현 양상에 영향을 주었을 것으로 유추된다. 이러한 유전체 서열의 재구성은 배추 유전체의 3배체화 이후 중복된 유전자들의 기능이 분화하거나 새로운 능력을 갖게 되는 계기가 되었을 것으로 추정된다. 한편 배추 TRIMs의 유전체 분포 특성으로 볼 때 다양한 배추류 작물의 종내 또는 종속간 구분을 위한 분자마커로서 활용 가능하다. 따라서 우리는 Br1 과 Br2의 특정 염기서열을 이용하여 전이인자 전시(transposon display)함으로써 상용되는 배추의 \\( F_{1} \\) 종자 16종은 물론 다른 배추류의 종과 속을 구분할 수 있었다 (Kwon et al. 2007).</p>",
                "context_length": 2791,
                "clue": [
                    {
                        "clue_text": "진화적으로 빠르게 구조가 변하고 있는 동원체는 연속된 반복염기서열 (tandem satellite repeats)과 동원체 특이 전이인자로 구성되어 있다.",
                        "clue_start": "25",
                        "clue_end": "111"
                    },
                    {
                        "clue_text": "배추의 동원체 반복서열은 \\( 82 \\% \\) 염기서열 유사성을 보이는 두 종류로 구성되어 있는데, 각각 CentBr1과 CentBr2로 명명하였다.",
                        "clue_start": "516",
                        "clue_end": "599"
                    },
                    {
                        "clue_text": "이 외에도 배추 BAC 말단 염기서열을 조사한 결과 약 \\( 50 \\% \\)에 달하는 BAC 말단 염기서열은 애기장대의 유전체 염기서열과는 유사성이 없는 것으로 분석되었다.",
                        "clue_start": "1235",
                        "clue_end": "1331"
                    },
                    {
                        "clue_text": "아직 배추 유전체에서 전이인자 TRIMs의 정확한 위치는 파악하지 못했지만, 애기장대의 경우 유전자 지역인 진정염색질에서의 TRIMs 분포 양상과 배추의 ESTs (expressed sequence tags) 염기서열에서 키메라 (chimeric) 형태의 TRIM이 발견됨을 볼 때, 배추에서도 TRIM elements가 유전자 지역에 주로 분포할 것으로 추정된다.",
                        "clue_start": "2161",
                        "clue_end": "2365"
                    },
                    {
                        "clue_text": "한편 배추 TRIMs의 유전체 분포 특성으로 볼 때 다양한 배추류 작물의 종내 또는 종속간 구분을 위한 분자마커로서 활용 가능하다.",
                        "clue_start": "2573",
                        "clue_end": "2646"
                    }
                ],
                "terminology": [
                    {
                        "word": "BAC 말단 염기서열"
                    },
                    {
                        "word": "BAC 클론"
                    },
                    {
                        "word": "ESTs"
                    },
                    {
                        "word": "FISH 분석"
                    },
                    {
                        "word": "TRIM"
                    },
                    {
                        "word": "Ty1-copia-like retrotransposon"
                    },
                    {
                        "word": "duplication"
                    },
                    {
                        "word": "동원체"
                    },
                    {
                        "word": "반복배열"
                    },
                    {
                        "word": "반복서열"
                    },
                    {
                        "word": "반복염기서열"
                    },
                    {
                        "word": "배추 유전체"
                    },
                    {
                        "word": "분자마커"
                    },
                    {
                        "word": "염기서열 유사성"
                    },
                    {
                        "word": "염색체"
                    },
                    {
                        "word": "유전자 지역"
                    },
                    {
                        "word": "유전체 서열"
                    },
                    {
                        "word": "이배체"
                    },
                    {
                        "word": "이질배수체"
                    },
                    {
                        "word": "이질염색질"
                    },
                    {
                        "word": "전이인자"
                    },
                    {
                        "word": "제한효소"
                    },
                    {
                        "word": "종 분화"
                    },
                    {
                        "word": "진정염색질"
                    },
                    {
                        "word": "클론의 염기서열"
                    },
                    {
                        "word": "키메라"
                    },
                    {
                        "word": "터미네이터"
                    }
                ]
            },
            {
                "context_id": "55e-0c9-289b6139-ceb9-4501-8ce3-5589f721cc69",
                "context_K-NSCC": {
                    "field": "생명",
                    "large_category": "LA",
                    "medium_category": "05"
                },
                "context": "<h1>서 론</h1><p>배추과 (Brassicaceae family)는 350 속 (genera)에 속하는 약 3,700 종 (species)을 포함하며, 다양한 배추과 식물이 농업적으로 중요한 채소, 양념, 사료 및 유지 작물로 이용되고 있다 (Beilstein et al. 2006). 경제적으로 볼 때 배추과 식물은 세계 채소 생산량의 약 \\( 10 \\% \\)와 식용유 생산량의 약 \\( 12 \\% \\)를 담당하고 있다 (Economic Research Service USDA 2008). 배추과는 13-19개의 족 (族)으로 구분할 수 있는데, 배추족 (Brassiceae tribe)은 약 240개 종을 포함한다. 작물로서 중요한 종들은 유지작물인 유채 (B. napus) 와 갓 (B. juncea), 채소작물인 배추 (B.rapa)와 양배추 (B. oleracea), 그리고 양념작물인 흑겨자 (B. nigra) 등이 있다. 배추류 식물은 현재 이용되는 것 외에도 종간 교잡 등을 통한 새로운 채소작물의 개발은 물론 산업용 오일 등 물질 생산을 위한 분자농업 (molecular farming)기주식물로의 개발 가능성도 크다. 또한 야생종들은 핵 및 세포질 웅성불임, 병충 저항성, 기상 스트레스 저항성 등 농업적으로 유용한 형질을 보유하고 있는 중요한 자원이다. 따라서 배추류 식물을 지속적으로 육종 프로그램에 도입하고 활용하기 위하여 배추의 유전체에 대한 연구와 이해가 필요하다.</p><p>배추과 작물은 크고 다양한 잎과 꽃 기관의 형태적 특징을 나타낸다. 이러한 형태적 다양성은 배추과 작물의 염색체 배수성 (polyploidy)에 기인하는 유전체 수준의 변화에 근거한다 (Lukens et al. 2004). 배추과 식물들 간의 비교유전학적 연구는 염색체 배열의 유사성을 보여주며(Schmidt et al. 2001), 애기장대 (Arabidopsis)와 배추과 식물의 비교 결과 이들이 약 1 천4백만 년-2천만 년 전에 공통조상으로부터 분화되었음을 추정케 해준다 (Bowers et al. 2003). 배추류의 유전체는 애기장대의 유전체가 3배수화 (triplication)된 구조를 보이는데, 애기장대와 분화된 직후인 약 1천 3백만 년-1천7백만 년 전에 전체 유전체가 3배로 증가되었다고 사료된다 (O'Neill and Bancroft 2000; Town et al. 2006; Yang et al. 2006). 이후 배수성 배추류는 염색체 재배열을 통하여 염색체 수와 크기에 변화를 겪었으며, 한편으로는 1만년 전 정도에 자연적인 이질배수 체화 (allopolyploidization)를 통하여 다양하게 진화하였다(U 1935; Rana et al. 2004; Johnston et al. 2005). 현재 작물로 재배되는 배추(B.rapa, AA,\\(2n=20\\)), 흑겨자 (B. nigra, BB, \\(2n=16\\)), 양배추 (B. oleracea, CC, \\(2n=18\\))는 동질이배체 (monogenomic diploids)이고 이들 사이의 자연적인 종간교잡에 의해서 탄생한 갓 (B. juncea, \\( AABB, \\(2n=36\\)), 유채 (B. napus, (AACC, \\(2n=38\\)), 에티오피아겨자 (B. ca-rinata, BBCC,(2n=34\\)은 이질사배체 (allotetraploid)이다. 따라서 배추 유전체 연구는 배수체에서의 유전체 구조의 진화, 유전자 기능의 분화와 발현 조절 메카니즘 등을 연구하는데 필요한 중요한 정보를 제공할 것이다.</p><p>배추과 식물과 모델식물인 애기장대 사이의 밀접한 계통적 유연관계는 모델식물에 대한 연구 결과들을 직접적으로 작물의 개선에 응용할 수 있음을 의미한다. 그러나 배추과 식물에서 일어난 복잡한 염색체 재배열과 배수화 과정으로 인해 모델식물의 유전자와 직접 대응되는 배추의 유전자 (orthologous gene)가 어느 것인가를 동정하는 일이 쉽지 않다. 실제로 배추과 작물에서는 유전체의 3배수화 이후에 유전자의 소멸과 재배열이 동반되는 염색체 단편의 소실과 복제 등 대규모의 염색체 재배열이 1천 5백만 년 이상 동안 이루어졌다 (Town et al. 2006; Yang et al. 2006). 따라서 배추는 물론 다른 배추과 작물에 대한 유전체 분석 및 비교유전체 연구가 향후 지속적으로 수행되어야 할 것이다.</p><p>배추 (B.rapa)는 동지중해 유역과 동중국에서 유래한 것으로 추정되는데, 엽형 (leafy type)인 배추와 청경채, 무형 (turnip type)인 순무, 유지형 (oil type)인 옐로우사순 (yellow sarson) 등 재배 목적에 따라 다양한 작물이 지역의 특성에 맞게 전 세계에서 재배되고 있다. 배추는 이배체이면서 비교적 유전체 크기가 작고 (약 \\(529 \\mathrm{Mbp}\\)), 형질 전환이 가능하며, 특히 한국을 비롯한 동북아시아에서 경제적으로 중요한 채소로서 A genome을 포함한 배추과 식물의 유전 및 유전체 연구의 중심 대상으로 여겨져 왔으며, 8개국이 참여하는 다국적 유전체 프로젝트 (Multinational Brassica Genome Project, MBGP)에서 2003년 B. rapa ssp. pekinensis cv. Chiifu-401-42를 유전체 연구 소재로 선택하였다. 프로젝트 초기에 한국 주도로 BAC (bacterial artificial chromosome) 유전자은행 제작, 핵형분석, 분자마커 개발 및 유전지도 작성 등을 시작으로 clone-by-clone 염기서열 분석전략에 따라 BAC 말단 염기서열 및 물리지도 정보를 기반으로 참여국들이 할당된 염색체별 염기서열 분석을 수행하였다. 본고는 농촌진흥청 국립농업과학원의 배추 유전체 해독 연구를 통해 수행된 연구 결과를 중심으로 작성하였다.</p>",
                "context_length": 2866,
                "clue": [
                    {
                        "clue_text": "따라서 배추 유전체 연구는 배수체에서의 유전체 구조의 진화, 유전자 기능의 분화와 발현 조절 메카니즘 등을 연구하는데 필요한 중요한 정보를 제공할 것이다.",
                        "clue_start": "1657",
                        "clue_end": "1743"
                    },
                    {
                        "clue_text": "배추는 이배체이면서 비교적 유전체 크기가 작고 (약 \\(529 \\mathrm{Mbp}\\)), 형질 전환이 가능하며, 특히 한국을 비롯한 동북아시아에서 경제적으로 중요한 채소로서 A genome을 포함한 배추과 식물의 유전 및 유전체 연구의 중심 대상으로 여겨져 왔으며, 8개국이 참여하는 다국적 유전체 프로젝트 (Multinational Brassica Genome Project, MBGP)에서 2003년 B.",
                        "clue_start": "2331",
                        "clue_end": "2561"
                    },
                    {
                        "clue_text": "배추과 (Brassicaceae family)는 350 속 (genera)에 속하는 약 3,700 종 (species)을 포함하며, 다양한 배추과 식물이 농업적으로 중요한 채소, 양념, 사료 및 유지 작물로 이용되고 있다 (Beilstein et al. 2006).",
                        "clue_start": "15",
                        "clue_end": "163"
                    },
                    {
                        "clue_text": "배추과 식물과 모델식물인 애기장대 사이의 밀접한 계통적 유연관계는 모델식물에 대한 연구 결과들을 직접적으로 작물의 개선에 응용할 수 있음을 의미한다.",
                        "clue_start": "1750",
                        "clue_end": "1833"
                    },
                    {
                        "clue_text": "실제로 배추과 작물에서는 유전체의 3배수화 이후에 유전자의 소멸과 재배열이 동반되는 염색체 단편의 소실과 복제 등 대규모의 염색체 재배열이 1천 5백만 년 이상 동안 이루어졌다 (Town et al. 2006; Yang et al. 2006). 따라서 배추는 물론 다른 배추과 작물에 대한 유전체 분석 및 비교유전체 연구가 향후 지속적으로 수행되어야 할 것이다.",
                        "clue_start": "1946",
                        "clue_end": "2148"
                    }
                ],
                "terminology": [
                    {
                        "word": "B. rapa"
                    },
                    {
                        "word": "BAC 말단 염기서열"
                    },
                    {
                        "word": "Brassica"
                    },
                    {
                        "word": "MBGP"
                    },
                    {
                        "word": "chromosome"
                    },
                    {
                        "word": "clone-by-clone"
                    },
                    {
                        "word": "clone-by-clone 염기서열"
                    },
                    {
                        "word": "gene"
                    },
                    {
                        "word": "genome"
                    },
                    {
                        "word": "nigra"
                    },
                    {
                        "word": "계통적 유연관계"
                    },
                    {
                        "word": "교잡"
                    },
                    {
                        "word": "메카니즘"
                    },
                    {
                        "word": "모델식물"
                    },
                    {
                        "word": "물리지도"
                    },
                    {
                        "word": "발현 조절"
                    },
                    {
                        "word": "배수성"
                    },
                    {
                        "word": "배수체"
                    },
                    {
                        "word": "배수화"
                    },
                    {
                        "word": "배추 유전체"
                    },
                    {
                        "word": "분자농업"
                    },
                    {
                        "word": "분자마커"
                    },
                    {
                        "word": "분화"
                    },
                    {
                        "word": "세포질"
                    },
                    {
                        "word": "애기장대"
                    },
                    {
                        "word": "염기서열 분석"
                    },
                    {
                        "word": "염색체"
                    },
                    {
                        "word": "엽형"
                    },
                    {
                        "word": "유전자 기능"
                    },
                    {
                        "word": "유전자은행"
                    },
                    {
                        "word": "유전지도"
                    },
                    {
                        "word": "유전체 프로젝트"
                    },
                    {
                        "word": "유전체 해독"
                    },
                    {
                        "word": "유채"
                    },
                    {
                        "word": "육종 프로그램"
                    },
                    {
                        "word": "이배체"
                    },
                    {
                        "word": "형질 전환"
                    }
                ]
            },
            {
                "context_id": "55e-0c9-36ded75a-a8ec-4e28-92b7-d7aa2584d41b",
                "context_K-NSCC": {
                    "field": "생명",
                    "large_category": "LA",
                    "medium_category": "05"
                },
                "context": "<h1>배추 유전체 염기서열</h1> <h2>유전자 지역 염기서열 분석 전략</h2> <p>배추과 작물은 동서양을 막론하고 경제적, 사회적으로 중요한 작물일 뿐만 아니라 식물과학의 관점에서도 복잡한 배수체 진화와 분화 연구를 위하여 애기장대 이후의 모델로서 차지하는 비중이 크기 때문에 배추의 유전자 지역의 완성도 높은 염기서열 및 구조 분석은 의미가 크다. 유전체 해독에는 clone-by-clone 방법과 WGS 방법이 각각의 장단점을 가지고 병행되어 왔는데, 우리는 (엄밀히 말해 BrGSP는 협의에 의하여) 배추 유전체의 3 배수체 구조의 복잡성 때문에 시간과 비용면에서 다소 불리하지만 분석 결과의 정밀성이 훨씬 높은 clone-by-clone 유전체 해독 전략을 선택하였다. Clone-by-clone 전략은 통상적으로 평균 \\( 120 \\mathrm{kbp} \\) 이상의 BAC 클론으로 이루어진 완성도 높은 최소중첩경로 (minimum tiling path)를 기반으로 진행되는데, 이는 유전지도와 물리지도 및 세포유전학적 분석을 종합하여 만들 수 있다.</p> <p>한편, Yang 등 (2006)은 배추에는 특별히 유사한 (home-ologous) 염색체 지역이 많고, 이들 지역에서 선택된 BAC 클론들의 염기서열을 분석한 결과, 매 \\( 3-4 \\mathrm{kbp} \\) 마다 유전자가 존재하는 높은 밀도의 유전자 분포를 보일 뿐만 아니라 각 지역 간의 대응 유전자의 염기서열 유사성이 \\( 82 \\% \\) 이상으로 매우 높다는 보고를 하였다. 따라서 중기와 태사기 염색체를 사용한 다양하고 정밀한 FISH 분석을 통하여 일부 염기서열 만으로는 확정할 수 없는 BAC 클론들의 물리적 위치를 실험적으로 검증하고 결정하는 과정이 반드시 필요하다. 또한 양배추 유전체에 대한 WGS 염기서열 \\( 0.44 \\mathrm{X} \\) 를 분석한 결과 전이인자 염기서열이 예상 밖으로 많이 생산되기도 하였다 (Zhang and Wessler 2004; Ayele et al. 2005). 따라서 clone-by-clone 전략을 통해 배추 유전체를 해독할 경우 효율성과 정확성이 높을 것으로 사료된다.</p> <h2>비교유전체 분석에 근거한 seed BAC 선발</h2> <p>Clone-by-clone 전략은 각 염색체별 seed BAC 을 기점으로 서열을 신장하여 연결하는 전략이므로 우선 seed BAC 을 다수 확보하는 것이 중요하다. 애기장대의 유전자 지역이 배추 유전체에 기본적으로 3 배수화되어 분포한다는 사실에 근거하여, 배추의 BES와 애기장대의 유전체 서열을 비교하여 애기장대 진정염색질 영역을 최대한 커버하면서 최소 중첩하도록 배추BAC 클론들을 선발하고, 이들을 분자마커를 이용하여 배추 염색체에 위치시켜서 seed BAC 으로 선발하였다 (그림 2). 이러한 전략을 바탕으로 약 46,000 개 배추 BAC클론의 BES 를 애기장대와 BLASTZ 분석하였다. 이 때 각 BES 가 \\(<\\mathrm{E}^{-6} \\) 조건에서 가장 유사성이 높은 애기장대 염기서열 한 곳만 선정하도록 한 후, BAC 클론의 양쪽 BES 가 애기장대의 동일 염색체에서 \\( 30-500 \\mathrm{kbp} \\) 이내에 올바른 방향을 갖는 클론 4,647개를 선발 정리하였다 (Yang et al. 2005). 이들 BAC 클론은 애기장대 유전자 지역 약 \\( 93 \\mathrm{Mbp} \\) 를, 즉 전체 유전체의 약 \\( 78 \\% \\) 또는 유전자 지역의 약 \\( 92 \\% \\) 에 해당하는 부분을 커버하였다. 선발된 BAC 클론을 대상으로 BAC-FISH 및 BES 를 이용한 STS mapping을 통하여 배추 염색체 상의 위치를 결정하면 염기서열 시작을 위한 seed BAC 을 확보하게 된다. 배추 유전체는 애기장대에 비하여 약 \\( 70 \\% \\) 정도로 위축되었기 때문에 평균 \\( 120 \\mathrm{kbp} \\) 크기의 배추 BAC 클론은 애기장대 약 \\( 165 \\mathrm{kbp} \\) 에 해당하므로 이론적으로 약 600 개의 배추 BAC 클론은 애기장대 유전자 지역 유전체 약 \\( 100 \\mathrm{Mbp} \\) 를 커버할 수 있다. 2008 년 중반까지 우리는 589 개의 최소 중첩되는 BAC 클론을 선발하고 염기서열 분석하여 배추 염색체에 mapping 하였다 (Mun et al. 2009). 한편 분석된 BAC 의 mapping에는 추가적인 FISH 분석과 물리지도 contig 정보가 이용되기도 하였다 (그림 2). 이들 seed BAC 염기서열의 총 길이는 \\( 65.8 \\mathrm{Mbp} \\) 였는데, 실제로는 애기장대의 유전자 영역 \\( 75.3 \\mathrm{Mbp} \\) 를 커버하였다. Seed BAC 및 물리지도와 BES 정보를 통합 제공하는 배추 유전자 영역의 contig \\( 160 \\mathrm{Mbp} \\) 는 각 염색체별로 seed BAC 으로부터 염기서열을 신장하여 완성하는데 사용되었다. 분석된 seed BAC 의 염기서열 자료는 국립농업과학원 배추 유전체 웹사이트에서 열람할 수 있다.</p>",
                "context_length": 2519,
                "clue": [
                    {
                        "clue_text": "우리는 (엄밀히 말해 BrGSP는 협의에 의하여) 배추 유전체의 3 배수체 구조의 복잡성 때문에 시간과 비용면에서 다소 불리하지만 분석 결과의 정밀성이 훨씬 높은 clone-by-clone 유전체 해독 전략을 선택하였다.",
                        "clue_start": "260",
                        "clue_end": "383"
                    },
                    {
                        "clue_text": "Clone-by-clone 전략은 통상적으로 평균 \\( 120 \\mathrm{kbp} \\) 이상의 BAC 클론으로 이루어진 완성도 높은 최소중첩경로 (minimum tiling path)를 기반으로 진행되는데, 이는 유전지도와 물리지도 및 세포유전학적 분석을 종합하여 만들 수 있다.",
                        "clue_start": "384",
                        "clue_end": "542"
                    },
                    {
                        "clue_text": "Clone-by-clone 전략은 각 염색체별 seed BAC 을 기점으로 서열을 신장하여 연결하는 전략이므로 우선 seed BAC 을 다수 확보하는 것이 중요하다.",
                        "clue_start": "1115",
                        "clue_end": "1207"
                    },
                    {
                        "clue_text": "애기장대의 유전자 지역이 배추 유전체에 기본적으로 3 배수화되어 분포한다는 사실에 근거하여, 배추의 BES와 애기장대의 유전체 서열을 비교하여 애기장대 진정염색질 영역을 최대한 커버하면서 최소 중첩하도록 배추BAC 클론들을 선발하고, 이들을 분자마커를 이용하여 배추 염색체에 위치시켜서 seed BAC 으로 선발하였다 (그림 2).",
                        "clue_start": "1208",
                        "clue_end": "1393"
                    }
                ],
                "terminology": [
                    {
                        "word": "BAC 클론"
                    },
                    {
                        "word": "BAC-FISH"
                    },
                    {
                        "word": "BES"
                    },
                    {
                        "word": "BLASTZ 분석"
                    },
                    {
                        "word": "BrGSP"
                    },
                    {
                        "word": "Clone-by-clone"
                    },
                    {
                        "word": "FISH 분석"
                    },
                    {
                        "word": "STS mapping"
                    },
                    {
                        "word": "WGS 방법"
                    },
                    {
                        "word": "WGS 염기서열"
                    },
                    {
                        "word": "seed BAC"
                    },
                    {
                        "word": "seed BAC 염기서열"
                    },
                    {
                        "word": "기점"
                    },
                    {
                        "word": "대응 유전자"
                    },
                    {
                        "word": "동서양"
                    },
                    {
                        "word": "물리지도 contig 정보"
                    },
                    {
                        "word": "밀도"
                    },
                    {
                        "word": "배수체"
                    },
                    {
                        "word": "배수화"
                    },
                    {
                        "word": "배추 유전체"
                    },
                    {
                        "word": "분자마커"
                    },
                    {
                        "word": "분화 연구"
                    },
                    {
                        "word": "세포유전학적 분석"
                    },
                    {
                        "word": "신장"
                    },
                    {
                        "word": "애기장대 유전자"
                    },
                    {
                        "word": "염기서열 분석"
                    },
                    {
                        "word": "염기서열 유사성"
                    },
                    {
                        "word": "염색체 지역"
                    },
                    {
                        "word": "위축"
                    },
                    {
                        "word": "유전자 영역"
                    },
                    {
                        "word": "유전자 지역"
                    },
                    {
                        "word": "유전자의 염기서열"
                    },
                    {
                        "word": "유전체 서열"
                    },
                    {
                        "word": "유전체 염기서열"
                    },
                    {
                        "word": "유전체 해독"
                    },
                    {
                        "word": "전이인자 염기서열"
                    },
                    {
                        "word": "진정염색질 영역"
                    },
                    {
                        "word": "최소 중첩"
                    },
                    {
                        "word": "최소중첩경로"
                    },
                    {
                        "word": "태사기"
                    }
                ]
            },
            {
                "context_id": "55e-0c9-113add9e-2ddd-46ea-869f-9b991669865b",
                "context_K-NSCC": {
                    "field": "생명",
                    "large_category": "LA",
                    "medium_category": "05"
                },
                "context": "<h2>유전자 특성</h2> <p>염기서열분석이 완료된 seed BAC 589개의 염기서열은 NCBI의 HTGS (High Throughput Genome Sequence) 데이터베이스에 등록하였다. Seed BAC 염기서열을 배추의 cDNA 염기서열로 최적화시킨 FGENESH (www.softberry.com) 프로그램을 사용하여 단백질을 암호화하는 유전자 구조를 예측하였다 (표 2). 배추 유전자는 구조적으로 양배추의 것들과 매우 유사하였다 (Town et al. 2006). 그러나 배추 유전자의 평균 길이는 \\( 1.6 \\mathrm{kbp} \\) 로 애기장대의 \\( 2.2 \\mathrm{kbp} \\) 보다 짧았는데, 그 이유는 유전자 당 평균 엑손 (exon)의 개수가 애기장대가 배추보다 1 개 정도 많고, 엑손과 인트론 (intron)의 평균길이도 애기장대가 배추보다 10-20 bp 정도 길기 때문이라고 판단된다. 한편 비교된 유전체 염기서열에서의 유전자 밀도는 배추와 애기장대가 각각 \\( 4.2 \\mathrm{kbp} \\) 와 \\( 4.5 \\mathrm{kbp} \\) 마다 한 개의 유전자가 존재하는 것으로 나타나 배추의 유전자 분포가 애기장대 만큼 조밀하였다 (Mun et al. 2009). 추정된 배추의 단백질 암호화 유전자들로 공개된 데이터베이스 자료와 유사성 분석을 하였을 때 약 \\( 18 \\% \\) 의 배추 유전자들은 기 보고된 자료와 전혀 유사성이 없었다. 이상의 결과들은 EST unigene이 보여준 결과 및 FLC 주변의 염기서열 분석 결과 (Yang et al. 2006)와 일치한다. 배추 유전체 프로젝트의 선도 그룹인 국립농업과학원은 현재 EST와 완전장 유전자 자료를 이용하여 유전체 염기서열에 자동으로 주석을 달고 유전자의 구조와 기능을 예측할 수 있는 파이프라인을 개발 중인데, 완성 후에는 배추의 염기서열과 유전자에 대한 고품질의 정보를 연구자와 개발자들에게 제공할 것이다.</p> <h2>배추 유전체 염기서열</h2> <p>국제컨소시엄 BrGSP 는 그림 3 과 같이 염색체를 국가별로 할당하고 각 염색체의 유전자 지역의 염기서열을 clone-by-clone 방법으로 해독하기로 합의하였다. 또한 BrGSP 는 각 BAC 클론의 염기서열 분석은 phase 2 수준으로 수행할 것을 결정하였다. 이와 더불어 BrGSP 참가국의 필요에 따라서 gap이 없이 완벽한 염기서열 해독(phase 3)을 할 수도 있다. BAC 염기서열 해독은 해당 클론을 삽입단편의 길이가 \\( 5 \\mathrm{kbp} \\) 이내인 짧은 sublibrary로 만든 후 원래 BAC 클론 크기의 약 7-8X 양을 ABI 3730xl 을 사용하여 shotgun 방식으로 분석하여 수행하였고, Phred/Phrap/Consed software package를 이용하여 염기서열 contig를 제작하였다.</p> <p>2009년 말까지 배추 BAC 클론 886개 (한국 681, 영국 200 , 호주 5)의 염기서열 총 \\( 107 \\mathrm{Mbp} \\) 가 NCBI 의 HTGS 데이터베이스에 등록되었다. 한국은 배추 염색체 중에서 가장 길이가 긴 염색체 두 개 \\( \\mathrm{A} 3 \\) 와 \\( \\mathrm{A} 9 \\) 의 염기서열 해독을 BAC 클론 884 개를 분석하여 완성하였다 (표 3). 이들 BAC 클론을 최소 중첩되도록 연결한 결과 염색체 \\( \\mathrm{A} 3 \\) 는 BAC 클론 381 개와 스캐폴드 (scaffold) 7 개의 \\( 34.9 \\mathrm{Mbp} \\), 염색체 A9은 BAC 클론 289 개와 스캐폴드 15 개의 \\( 28.5 \\mathrm{Mbp} \\) 로 마무리 되었다 (그림 4). 이는 추정되는 염색체의 유전자 지역의 길이에 비하여 \\( \\mathrm{A} 3 \\) 는 \\( 90 \\%, \\mathrm{~A} 9 \\) 은 \\( 85 \\% \\) 완성된 것으로 추정된다. 따라서 스캐폴드 사이에 남아있는 장단 길이의 gap, 동원체 주변 및 염색체 말단의 telomere 부분과 유전자 지역의 경계 부분에 대한 세밀한 분석이 추가된다면 두 염색체의 염기서열 완성도는 더 높아질 것이다.</p> <p>염기서열 분석 기술과 기기의 개발은 발전 속도가 매우 빠른 분야로서 프로젝트가 진행되는 중에 분석 능력이 크게 향상되고 분석 비용도 크게 감소한 차세대 염기서열 분석기기가 상용화 되었다. 따라서 BrGSP 참여국에서는 GS-FLX 염기서열 분석기를 사용하여 10 개 이상의 BAC 클론을 함께 분석하여 clone-by-clone 분석의 단점을 보완하고자 시도를 하였다. 이에 한국도 GS-FLX 와 ABI \\( 3730 \\times 1 \\) 을 병행한 BAC 클론 분석을 수행하여 약 \\( 20 \\% \\) 정도의 비용을 절감할 수 있었지만, 서열 통합 작업이 복잡하고 GS-FLX의 pyrosequencing에서 나타나는 poly-mononucleotide 의 해독 불능 등의 문제점도 노출되었다. 한편, 중국의 소채화훼연구소 (Institute of Vegetables and Flowers, IVF)와 북경유전체연구소 (Beijing Genome Institute, BGI)는 Illumina 방식의 WGS을 통하여 배추 유전체의 \\( 70 \\mathrm{X} \\) 이상의 염기서열을 생산하고 성공적으로 조립하였다. 현재 한국 국립농업과학원과 중국의 IVF 는 양측의 염기서열, 유전지도, 물리지도 등의 정보를 일괄하여 배추 전체 유전체 서열에 대한 초안의 공동완성을 협약하고 진행 중이다.</p>",
                "context_length": 2739,
                "clue": [
                    {
                        "clue_text": "Seed BAC 염기서열을 배추의 cDNA 염기서열로 최적화시킨 FGENESH (www.softberry.com) 프로그램을 사용하여 단백질을 암호화하는 유전자 구조를 예측하였다 (표 2).",
                        "clue_start": "112",
                        "clue_end": "218"
                    },
                    {
                        "clue_text": "국제컨소시엄 BrGSP 는 그림 3 과 같이 염색체를 국가별로 할당하고 각 염색체의 유전자 지역의 염기서열을 clone-by-clone 방법으로 해독하기로 합의하였다.",
                        "clue_start": "997",
                        "clue_end": "1090"
                    },
                    {
                        "clue_text": "2009년 말까지 배추 BAC 클론 886개 (한국 681, 영국 200 , 호주 5)의 염기서열 총 \\( 107 \\mathrm{Mbp} \\) 가 NCBI 의 HTGS 데이터베이스에 등록되었다.",
                        "clue_start": "1424",
                        "clue_end": "1532"
                    },
                    {
                        "clue_text": "염기서열 분석 기술과 기기의 개발은 발전 속도가 매우 빠른 분야로서 프로젝트가 진행되는 중에 분석 능력이 크게 향상되고 분석 비용도 크게 감소한 차세대 염기서열 분석기기가 상용화 되었다.",
                        "clue_start": "2067",
                        "clue_end": "2171"
                    }
                ],
                "terminology": [
                    {
                        "word": "BAC 염기서열 해독"
                    },
                    {
                        "word": "BAC 클론"
                    },
                    {
                        "word": "BrGSP"
                    },
                    {
                        "word": "EST"
                    },
                    {
                        "word": "FGENESH"
                    },
                    {
                        "word": "FLC"
                    },
                    {
                        "word": "GS-FLX"
                    },
                    {
                        "word": "Genome"
                    },
                    {
                        "word": "HTGS"
                    },
                    {
                        "word": "NCBI"
                    },
                    {
                        "word": "Seed BAC 염기서열"
                    },
                    {
                        "word": "Sequence"
                    },
                    {
                        "word": "WGS"
                    },
                    {
                        "word": "bp"
                    },
                    {
                        "word": "cDNA"
                    },
                    {
                        "word": "clone-by-clone"
                    },
                    {
                        "word": "contig"
                    },
                    {
                        "word": "poly-mononucleotide"
                    },
                    {
                        "word": "pyrosequencing"
                    },
                    {
                        "word": "shotgun 방식"
                    },
                    {
                        "word": "sublibrary"
                    },
                    {
                        "word": "telomere"
                    },
                    {
                        "word": "unigene"
                    },
                    {
                        "word": "단백질 암호화"
                    },
                    {
                        "word": "데이터베이스"
                    },
                    {
                        "word": "동원체"
                    },
                    {
                        "word": "물리지도"
                    },
                    {
                        "word": "밀도"
                    },
                    {
                        "word": "배추 유전체"
                    },
                    {
                        "word": "삽입단편"
                    },
                    {
                        "word": "스캐폴드"
                    },
                    {
                        "word": "애기장대"
                    },
                    {
                        "word": "엑손"
                    },
                    {
                        "word": "염기서열분석"
                    },
                    {
                        "word": "염색체 말단"
                    },
                    {
                        "word": "완전장 유전자"
                    },
                    {
                        "word": "유전자 지역"
                    },
                    {
                        "word": "유전자 특성"
                    },
                    {
                        "word": "유전체 서열"
                    },
                    {
                        "word": "유전체 염기서열"
                    },
                    {
                        "word": "유전체 프로젝트"
                    },
                    {
                        "word": "인트론"
                    },
                    {
                        "word": "차세대 염기서열"
                    },
                    {
                        "word": "최소 중첩"
                    },
                    {
                        "word": "클론의 염기서열"
                    },
                    {
                        "word": "파이프라인"
                    }
                ]
            },
            {
                "context_id": "55e-0c9-7bc2a620-e69b-4b41-9c86-fef108864346",
                "context_K-NSCC": {
                    "field": "생명",
                    "large_category": "LA",
                    "medium_category": "05"
                },
                "context": "<h2>물리지도</h2> <p>유전체 전체 길이를 포괄하는 물리지도의 제작은 성공적인 clone-by-clone 염기서열 분석을 위하여 반드시 필요하다. 잘 구축된 물리지도는 염기서열 분석을 위한 효율적인 BAC 클론 선발과 분석된 클론들을 순서에 맞게 연속적인 염기서열로 연결하는데 중요한 정보를 제공한다. 유전체 해독에서 물리지도의 유용성은 인간 (Consortium 2001), 애기장대 (Marra et al. 1999), 벼 (Chen et al. 2002), 그리고 M. truncatula (Mun et al. 2006) 유전체 프로젝트에서 충분히 입증되었다. 이러한 물리지도는 과거에는 BAC 클론들의 제한효소 절단 패턴을 아가로스 젤에서 읽고 FPC software package를 이용하여 contig로 조립함으로써 제작하였다 (Soderlund et al. 2000). 그러나 이 방법은 전기 영동 및 제한효소 밴드 읽기가 수작업으로 이루어지기 때문에 속도와 정확성에서 한계가 있다. 한편, 최근에는 제한효소 밴드를 형광표지하여 자동염기서열장치 (auto-matic capillary sequencer)로 분석하는 방법이 고안되었다 (Gregory et al. 1997; Ding et al. 2001; Luo et al. 2003; Xu et al. 2004). 이 새로운 형광표지 자동분석 (Fluorescence-labeled capillary electrophoresis) 방법에는 3-enzyme 방법과 high-information content fingerprinting (HICF) 방법이 있는데, 각각 type IIS restriction enzymes 또는 SNaPshot labeling techniques을 사용한다. 이 방법은 종전의 아가로스 전기 영동 보다 수행능력과 정확도, 분석속도 면에서 횔씬 우수한데, 최초의 HICF 물리지도는 옥수수에서 보고되었다 (Nelson et al. 2005).</p> <p>우리는 배추 유전체의 물리지도를 SNaPshot 방법으로 제작하였다 (Mun et al. 2008). BAC 유전자은행 3종으로부터 총 99,456개 BAC 클론을 선정하고 (배추 유전체 크기의 약 \\( 22.5 \\) 배 길이), 5 종의 제한효소 (EcoRI, BamHI, XbaI, XhoI, and HaeIII)를 동시에 사용하여 절단한 후 4 가지 형광색의 SNaPshot 시약으로 3'-end를 표지하여 ABI 3730xl 자동염기서열 분석장치로 제한효소별 단편의 크기를 분석하였다. 분석 결과 \\( 93 \\% \\) 에 해당하는 총 \\( 93,689 \\) BAC 클론의 핵산지문이 성공적으로 분석되었는데, 이중에서 이질염색질의 반복서열을 포함하는 \\( 26,221 \\) BAC 클론의 데이터를 제외하고 contig를 제작하였다. Contig 제작에 사용된 진정염색질을 포함하는 고품질의 \\( 67,468 \\) BAC 클론은 배추 유전체의 약 \\( 15.2 \\) 배 길이인데, 그 결과 1,417 개 contig를 얻었다. 이 결과를 바탕으로 contig 구조의 신뢰성을 검정하여 최종적으로 1,428 개 contig를 제작하였는데, contig의 평균 길이는 \\( 512 \\mathrm{kbp} \\) 로서 전체 길이는 배추 유전체의 \\( 1.3 \\) 배에 해당하는 \\( 717 \\mathrm{Mbp} \\) 였다. 이 contig들에는 핵산지문분석한 전체 BAC 클론의 약 \\( 15 \\% \\) 에 달하는 다수의 Q 클론 (밴드의 \\( 50 \\% \\) 이상이 consensus map과 일치하지 않는 클론)이 포함되어 있었으나, 3 개의 특별히 큰 contig에 전체 Q 클론의 \\( 48.3 \\% \\) 정도가 포함되었다. 따라서 이들 3 개 contig를 중복오류 (false-positive overlaps)로 제외하면 나머지 contig에 포함되는 Q 클론은 약 7.7\\%가 되며, 이 정도의 수치는 catfish (7.3\\%) (Quiniou et al. 2007)와 옥수수 (11\\%) (Nelson et al. 2005)의 HICF 물리지도에서와 비슷한 수준이다.</p> <p>물리지도 contig 내의 BAC 클론 242 개는 유전지도의 분자마커 315 개와 연관되어 있었기 때문에 이들 BAC 클론은 배추의 염색체별 염기서열 분석에 직접 사용될 수 있었다. 이렇게 유전지도와 연관된 contig의 총 길이는 배추 유전체의 약 \\( 30 \\% \\) 길이에 해당하는 약 \\( 160.7 \\mathrm{Mbp} \\) 에 달했다. 그러나 유전지도와 연관된 물리지도 contig가 전체 유전체를 충분한 수준으로 커버하지 못하고, 각 contig의 클론 중첩도 (depth) 역시 아직 낮기 때문에 물리지도의 보강이 필요했다.</p>",
                "context_length": 2350,
                "clue": [
                    {
                        "clue_text": "유전체 전체 길이를 포괄하는 물리지도의 제작은 성공적인 clone-by-clone 염기서열 분석을 위하여 반드시 필요하다.",
                        "clue_start": "17",
                        "clue_end": "85"
                    },
                    {
                        "clue_text": "잘 구축된 물리지도는 염기서열 분석을 위한 효율적인 BAC 클론 선발과 분석된 클론들을 순서에 맞게 연속적인 염기서열로 연결하는데 중요한 정보를 제공한다.",
                        "clue_start": "86",
                        "clue_end": "172"
                    },
                    {
                        "clue_text": "이 방법은 종전의 아가로스 전기 영동 보다 수행능력과 정확도, 분석속도 면에서 횔씬 우수한데, 최초의 HICF 물리지도는 옥수수에서 보고되었다 (Nelson et al. 2005).",
                        "clue_start": "873",
                        "clue_end": "974"
                    },
                    {
                        "clue_text": "그러나 유전지도와 연관된 물리지도 contig가 전체 유전체를 충분한 수준으로 커버하지 못하고, 각 contig의 클론 중첩도 (depth) 역시 아직 낮기 때문에 물리지도의 보강이 필요했다.",
                        "clue_start": "2239",
                        "clue_end": "2346"
                    }
                ],
                "terminology": [
                    {
                        "word": "3-enzyme 방법"
                    },
                    {
                        "word": "BAC 유전자은행"
                    },
                    {
                        "word": "BAC 클론"
                    },
                    {
                        "word": "Contig"
                    },
                    {
                        "word": "FPC software package"
                    },
                    {
                        "word": "HICF 물리지도"
                    },
                    {
                        "word": "HaeIII"
                    },
                    {
                        "word": "Q 클론"
                    },
                    {
                        "word": "SNaPshot 방법"
                    },
                    {
                        "word": "SNaPshot 시약"
                    },
                    {
                        "word": "capillary electrophoresis"
                    },
                    {
                        "word": "catfish"
                    },
                    {
                        "word": "clone-by-clone"
                    },
                    {
                        "word": "clone-by-clone 염기서열"
                    },
                    {
                        "word": "clone-by-clone 염기서열 분석"
                    },
                    {
                        "word": "restriction"
                    },
                    {
                        "word": "검정"
                    },
                    {
                        "word": "물리지도"
                    },
                    {
                        "word": "배추 유전체"
                    },
                    {
                        "word": "밴드"
                    },
                    {
                        "word": "분자마커"
                    },
                    {
                        "word": "신뢰성"
                    },
                    {
                        "word": "아가로스 젤"
                    },
                    {
                        "word": "애기장대"
                    },
                    {
                        "word": "유전지도"
                    },
                    {
                        "word": "유전체 프로젝트"
                    },
                    {
                        "word": "유전체 해독"
                    },
                    {
                        "word": "이질염색질의 반복서열"
                    },
                    {
                        "word": "자동염기서열 분석장치"
                    },
                    {
                        "word": "자동염기서열장치"
                    },
                    {
                        "word": "전기 영동"
                    },
                    {
                        "word": "제한효소 밴드 읽기"
                    },
                    {
                        "word": "제한효소 절단 패턴"
                    },
                    {
                        "word": "중복오류"
                    },
                    {
                        "word": "중첩도"
                    },
                    {
                        "word": "진정염색질"
                    },
                    {
                        "word": "핵산지문"
                    },
                    {
                        "word": "핵산지문분석"
                    },
                    {
                        "word": "형광표지 자동분석"
                    }
                ]
            },
            {
                "context_id": "55e-0c9-c3ad557a-a427-43ec-a139-c9ee70602f66",
                "context_K-NSCC": {
                    "field": "생명",
                    "large_category": "LA",
                    "medium_category": "05"
                },
                "context": "<h2>발현 유전자와 전사체 분석</h2> <p>유전체 염기서열 후 주석달기 (annotation)와 유전자 기능 연구를 목적으로 배추의 발현 유전자 (EST) 152,253 개의 염기서열을 분석하였다. EST 분석을 위하여 배추의 다양한 조직과 발달 단계에서 그리고 병 처리 및 수분 스트레스 처리 후 등 총 33종의 cDNA 유전자은행을 제작하고 각 cDNA 유전자은행별로 분석되는 EST의 중복성을 고려하여 EST 데이터를 생산하였다. 2006년까지 생산된 EST 127,144 개의 자료는 NCBI 에 등록공개 하였다. 분석된 EST는 Cap3 및 TGICL assembly program 사용, \\( 97 \\% \\) 일치도를 기준으로 조립했을 때 39,095 개의 단일 조합 유전자서열 (unigene)로 정리되었다. 이는 추정되는 배추 유전자 수의 약 \\( 74-87 \\% \\) 정도였는데, 이 중에 16,898 개는 조립된 (tentative consensus sequence) 서열이었고 22,199개는 단일서열 (singleton) 이었다. 배추 unigene의 유전자 ontology 분석이나 길이 분포 분석을 애기장대와 비교했을 때 특정 영역으로의 편중은 발견되지 않았다. 또한 배추의 unigene과 애기장대의 유전체 정보를 비교했을 때, \\( 85 \\% \\) 의 unigene이 애기장대와 일치하였는데, 이는 애기장대 유전자 전체의 약 \\( 75 \\% \\) 에 해당하였다. 일치하는 배추 unigene 들은 편중되지 않게 애기장대 염색체에 골고루 매핑되는 양상을 보였다. 한편 애기장대와 일치하지 않는 \\( 15 \\% \\) 에 해당하는 5,747 개의 unigene은 배추에 특이적인 유전자를 반영하고 있을 것으로 생각된다. 분석된 EST의 염기서열을 보완하여 총 21,409 개의 완전장 (full-length) 유전자를 확보하였는데, 이러한 자료와 소재는 배추 특이의 유전자 발현과 기능 연구는 물론 다른 배추류 작물의 유전자 기능분석 연구에 기여할 것으로 전망된다.</p> <p>분석된 cDNA의 염기서열 정보를 이용한 유전자칩 (mi-croarray)은 조직과 발달, 생물적/비생물적 자극에 따른 유전자의 발현 패턴을 조사하는데 널리 사용되어 왔다. 배추에서 2 종, 즉 KBGP-24K와 KBGP-50K, 유전자칩이 각 유전자 당 6개 (KBGP-24K) 혹은 7개 (KBGP-24K) 표지(probe) 를 갖도록 NimbleGen 방식으로 제작되었다. \\( 24 \\mathrm{~K} \\) 칩은 20개 cDNA 유전자은행의 127,144 ESTs로 조립된 23,932 unigene을 반영하고, \\( 50 \\mathrm{~K} \\) 칩은 약 8,500 개의 추가적인 unigene과 seed BAC 염기서열에서 분석된 17,454 개 CDS 를 합쳐 약 50,000 개의 유전자 그룹을 반영하여 제작되었다.</p> <p>\\( 24 \\mathrm{~K} \\) 칩을 이용하여 조직 및 발달단계별, 생물적/비생물적 스트레스 처리 등 다양한 10 종의 전사체 분석이 이루어졌다 (Lee et al. 2008). 비생물적 스트레스의 경우 저온 \\( \\left(4^{\\circ} \\mathrm{C}\\right) \\), 염 \\( (250 \\mathrm{mM} \\mathrm{NaCl}) \\), 그리고 건조 \\( (a i r-d r y) \\) 처리하고 48 시간 동안 정상과 비교하여 5 배 이상 전사량이 증가하거나 감소하는 반응을 보인 유전자는 각각 저온 417 개 \\( (1.7 \\%) \\), 염 202 개 \\( (0.8 \\%) \\), 건조 738 개 \\( (3.1 \\%) \\) 였다. 이들 유전자의 발현 패턴의 변화는 각각의 조건에서 RT-PCR (reverse transcriptase PCR) 방법으로 확인하였다. 이러한 비생물적 스트레스에 반응하는 유전자 중에는 56 개의 전사조절인자 (transcription factors)와 60 종의 스트레스 공통 반응 유전자가 포함되어 있었다.</p> <h2>기능유전체 연구와 생물정보</h2> <p>농촌진흥청 국립농업과학원의 배추 유전체 웹 사이트 (http://www.brassica-rapa.org)는 BAC 클론 염기서열, 유전자 예측을 위한 임시적인 주석달기, 유전지도와 마커 정보, WebFPC로 보이는 물리지도, cDNA 염기서열, 그리고 다양한 전사체 분석 정보 등을 제공하고 있다. BAC 과 cDNA 유전자은행의 클론들도 이 웹 사이트를 통하여 주문할 수 있다. 충남대학교의 배추과소재은행 (KBGRB, http://www.brassica-resource.org)은 배추 자원의 데이터베이스를 운용하며 다양한 배추 계통의 종자, RI (recombinant inbred) 계통을 포함하는 유전집단, 그리고 DNA 클론들을 보존 분양하는 역할을 수행하고 있다.</p> <p>경희대학교 식물분자유전학 실험실은 유전자 기능 연구를 위하여 T-DNA 삽입 돌연변이 배추를 다수 생산하고 있으며, MBGP의 TILLING (targeting induced local lesions in genomes) Consortium (http://www.brassica.info)은 reverse genetics의 소재로 다수의 배추 돌연변이 집단을 확보하고 서비스하고 있다. TILLING 돌연변이 집단은 주로 EMS (ethylmethane sulfonate) 처리에 의하여 제작되었는데, Chiifu (한국), rapid-cycle (미국), 그리고 R-O-18 (영국) 계통이 사용되었다. 배추의 유전 및 유전체 자료는 MBGP 의 TILLING을 이용한 배추 유전자 기능 연구에 귀중한 정보를 제공할 것이다.</p>",
                "context_length": 2797,
                "clue": [
                    {
                        "clue_text": "유전체 염기서열 후 주석달기 (annotation)와 유전자 기능 연구를 목적으로 배추의 발현 유전자 (EST) 152,253 개의 염기서열을 분석하였다.",
                        "clue_start": "27",
                        "clue_end": "113"
                    },
                    {
                        "clue_text": "분석된 EST의 염기서열을 보완하여 총 21,409 개의 완전장 (full-length) 유전자를 확보하였는데, 이러한 자료와 소재는 배추 특이의 유전자 발현과 기능 연구는 물론 다른 배추류 작물의 유전자 기능분석 연구에 기여할 것으로 전망된다.",
                        "clue_start": "867",
                        "clue_end": "1004"
                    },
                    {
                        "clue_text": "농촌진흥청 국립농업과학원의 배추 유전체 웹 사이트 (http://www.brassica-rapa.org)는 BAC 클론 염기서열, 유전자 예측을 위한 임시적인 주석달기, 유전지도와 마커 정보, WebFPC로 보이는 물리지도, cDNA 염기서열, 그리고 다양한 전사체 분석 정보 등을 제공하고 있다.",
                        "clue_start": "2001",
                        "clue_end": "2167"
                    },
                    {
                        "clue_text": "충남대학교의 배추과소재은행 (KBGRB, http://www.brassica-resource.org)은 배추 자원의 데이터베이스를 운용하며 다양한 배추 계통의 종자, RI (recombinant inbred) 계통을 포함하는 유전집단, 그리고 DNA 클론들을 보존 분양하는 역할을 수행하고 있다.",
                        "clue_start": "2214",
                        "clue_end": "2379"
                    },
                    {
                        "clue_text": "경희대학교 식물분자유전학 실험실은 유전자 기능 연구를 위하여 T-DNA 삽입 돌연변이 배추를 다수 생산하고 있으며, MBGP의 TILLING (targeting induced local lesions in genomes) Consortium (http://www.brassica.info)은 reverse genetics의 소재로 다수의 배추 돌연변이 집단을 확보하고 서비스하고 있다.",
                        "clue_start": "2387",
                        "clue_end": "2602"
                    }
                ],
                "terminology": [
                    {
                        "word": "BAC 클론"
                    },
                    {
                        "word": "CDS"
                    },
                    {
                        "word": "Cap3"
                    },
                    {
                        "word": "Consortium"
                    },
                    {
                        "word": "EMS"
                    },
                    {
                        "word": "EST"
                    },
                    {
                        "word": "ESTs"
                    },
                    {
                        "word": "MBGP"
                    },
                    {
                        "word": "NCBI"
                    },
                    {
                        "word": "NimbleGen"
                    },
                    {
                        "word": "PCR"
                    },
                    {
                        "word": "RI"
                    },
                    {
                        "word": "RT-PCR"
                    },
                    {
                        "word": "T-DNA"
                    },
                    {
                        "word": "TGICL assembly program"
                    },
                    {
                        "word": "TILLING"
                    },
                    {
                        "word": "WebFPC"
                    },
                    {
                        "word": "cDNA 유전자은행"
                    },
                    {
                        "word": "cDNA의 염기서열"
                    },
                    {
                        "word": "reverse genetics"
                    },
                    {
                        "word": "seed BAC 염기서열"
                    },
                    {
                        "word": "sequence"
                    },
                    {
                        "word": "unigene"
                    },
                    {
                        "word": "기능유전체"
                    },
                    {
                        "word": "단일서열"
                    },
                    {
                        "word": "데이터베이스"
                    },
                    {
                        "word": "마커"
                    },
                    {
                        "word": "발달"
                    },
                    {
                        "word": "발현 유전자"
                    },
                    {
                        "word": "배추 유전체"
                    },
                    {
                        "word": "삽입 돌연변이"
                    },
                    {
                        "word": "애기장대 유전자"
                    },
                    {
                        "word": "염색체"
                    },
                    {
                        "word": "완전장"
                    },
                    {
                        "word": "유전자 기능분석"
                    },
                    {
                        "word": "유전자서열"
                    },
                    {
                        "word": "유전자칩"
                    },
                    {
                        "word": "유전체 염기서열"
                    },
                    {
                        "word": "유전체 정보"
                    },
                    {
                        "word": "전사량"
                    },
                    {
                        "word": "전사조절인자"
                    },
                    {
                        "word": "전사체"
                    },
                    {
                        "word": "주석달기"
                    }
                ]
            },
            {
                "context_id": "55e-0c9-ed809fb2-6d37-48a6-83bc-e904ad47c867",
                "context_K-NSCC": {
                    "field": "생명",
                    "large_category": "LA",
                    "medium_category": "05"
                },
                "context": "<h2>배추 유전체의 3 배수화 특성</h2><p>모델 식물들의 전체 유전체 구조가 해독됨으로써 얻어진 지식과 정보들은 현재의 생물학적 지식을 수정하거나 미래의 중요한 농업적 문제들에 해답을 제공할 것으로 기대된다. 식물의 유전체 정보가 생산, 축적되는 양이 증가하면서 벼과와 콩과의 몇몇 식물간의 비교유전체 연구가 이루어졌다 (Paterson et al. 2003; Choi et al. 2004; Cannon et al. 2006). 애기장대는 배추과에 속하며 유전적, 진화적으로 배추와 매우 밀접한 관계이므로 이미 보고된 애기장대의 유전체 정보는 배추의 유전체 구조를 유추하거나 진화적 비교를 하는데 매우 유용하다. 분자유전학적인 방법과 일부 상동성이 있는 유전체 일부분의 염기서열 비교로 우선 밝혀진 배추류 유전체 구조의 특성은 3배수성 (triplicated nature)으로 나타났는데, 이러한 결과는 배추류와 애기장대의 종 분화 직후 배추류 유전체가 3배로 증가하였거나, 이런 유전체의 증가가 배추류와 애기장대의 종분화의 원인이었을 것으로 해석된다 (Lysak et al. 2005; Town et al. 2006; Yang et al. 2006). 즉, 애기장대의 유전체는 2배 수성 구조로 반수체 (n)중에 유사한 염기서열이 두 지역에 존재하는데 (The Arabidopsis Genome Initiative 2000), 배추 반수체에는 애기장대의 대응 염기서열이 일반적으로 각각 세 지역에서 존재한다.</p><p>배추 유전체의 3배수성은 유전지도와 물리지도의 비교 또는 염기서열 수준에서의 synteny 비교에 의하여 알 수 있었다. 장원 배추의 EST 염기서열에 근거한 RFLP (restriction fragment length polymorphism) 마커 545개의 유전지도와 애기장대의 유전자 염기서열을 비교한 결과 단지 62개의 마커가 애기장대와 단일 유전좌위 (single locus) 에서 일치하였고 나머지는 모두 2개 이상의 유사 염기서열을 보였다 (Kim et al. 2006). 또한 유사한 synteny를 보이는 유전체 단편에서의 분자마커의 분포를 조사한 결과는 배추 유전체의 3배수성을 보여주었다 (Park et al. 2005). 한편 FLC (FLOWERING LOCUS C) 유전자 지역을 포함하는 배추의 BAC 클론 4개와 애기장대 5번 염색체의 대응 부분의 염기서열 수준에서의 비교는 6배체 (hexaploid) 모양의 조상 배추가 유전자 또는 일부 염기서열의 소실과 재배치를 통하여 이배체로 진화하는 패턴을 자세히 보여주고 있다 (Yang et al. 2006). 염기서열의 변화로 추정한 애기장대와 배추류의 종분화는 약 1천 7백만 년 -1 천8백만 년 전에 있었고, 배추류의 유전체 3배수화는 약 1천 3 백만 년-1천 7백만 년 전에 일어난 것으로 유추된다. 또한 배추 유전체에서는 약 8십만 년 전에 국부적인 복제 (segmental duplication)가 이루어진 것으로 추정된다. 배추 유전체는 이배체화 (diploidization) 과정을 거치면서 유전자 또는 염기서열이 심각하게 소실되고 일부 복제와 TRIM과 같은 전이인자의 삽입이 있었는데, 전체적으로는 3배수화로 증가된 유전체의 약 \\( 40 \\% \\)를 잃어버렸으며, 그 결과 배추가 갖는 전체 유전자 수는 애기장대의 약 \\( 1.7 \\)배인 것으로 추정된다 (Mun et al. 2009).</p><p>배추의 진화과정에서 유전체 반복성 증가와 이배체화는 잉여의 유전자가 소실되는 것 외에도 다양한 돌연변이를 수용하여 새로운 기능의 유전자의 탄생, 유전자 기능의 감소 또는 융합 등을 가능하게 하여 배추 유전자의 기능 분화에 기여했을 것으로 사료되는데, 배추류 식물의 진화 중 배수체 과정의 영향에 대한 심도 있는 연구가 진행되어야 할 것이다.</p>",
                "context_length": 1890,
                "clue": [
                    {
                        "clue_text": "분자유전학적인 방법과 일부 상동성이 있는 유전체 일부분의 염기서열 비교로 우선 밝혀진 배추류 유전체 구조의 특성은 3배수성 (triplicated nature)으로 나타났는데, 이러한 결과는 배추류와 애기장대의 종 분화 직후 배추류 유전체가 3배로 증가하였거나, 이런 유전체의 증가가 배추류와 애기장대의 종분화의 원인이었을 것으로 해석된다",
                        "clue_start": "348",
                        "clue_end": "537"
                    },
                    {
                        "clue_text": "한편 FLC (FLOWERING LOCUS C) 유전자 지역을 포함하는 배추의 BAC 클론 4개와 애기장대 5번 염색체의 대응 부분의 염기서열 수준에서의 비교는 6배체 (hexaploid) 모양의 조상 배추가 유전자 또는 일부 염기서열의 소실과 재배치를 통하여 이배체로 진화하는 패턴을 자세히 보여주고 있다",
                        "clue_start": "1105",
                        "clue_end": "1276"
                    },
                    {
                        "clue_text": "배추 유전체는 이배체화 (diploidization) 과정을 거치면서 유전자 또는 염기서열이 심각하게 소실되고 일부 복제와 TRIM과 같은 전이인자의 삽입이 있었는데, 전체적으로는 3배수화로 증가된 유전체의 약 \\( 40 \\% \\)를 잃어버렸으며, 그 결과 배추가 갖는 전체 유전자 수는 애기장대의 약 \\( 1.7 \\)배인 것으로 추정된다",
                        "clue_start": "1481",
                        "clue_end": "1670"
                    },
                    {
                        "clue_text": "배추의 진화과정에서 유전체 반복성 증가와 이배체화는 잉여의 유전자가 소실되는 것 외에도 다양한 돌연변이를 수용하여 새로운 기능의 유전자의 탄생, 유전자 기능의 감소 또는 융합 등을 가능하게 하여 배추 유전자의 기능 분화에 기여했을 것으로 사료되는데, 배추류 식물의 진화 중 배수체 과정의 영향에 대한 심도 있는 연구가 진행되어야 할 것이다.",
                        "clue_start": "1696",
                        "clue_end": "1886"
                    }
                ],
                "terminology": [
                    {
                        "word": "Arabidopsis"
                    },
                    {
                        "word": "BAC 클론"
                    },
                    {
                        "word": "EST 염기서열"
                    },
                    {
                        "word": "FLC"
                    },
                    {
                        "word": "Genome"
                    },
                    {
                        "word": "RFLP"
                    },
                    {
                        "word": "duplication"
                    },
                    {
                        "word": "fragment"
                    },
                    {
                        "word": "nature"
                    },
                    {
                        "word": "polymorphism"
                    },
                    {
                        "word": "synteny"
                    },
                    {
                        "word": "국부적인 복제"
                    },
                    {
                        "word": "단일 유전좌위"
                    },
                    {
                        "word": "돌연변이"
                    },
                    {
                        "word": "마커"
                    },
                    {
                        "word": "물리지도"
                    },
                    {
                        "word": "배수체"
                    },
                    {
                        "word": "배수화"
                    },
                    {
                        "word": "배추 반수체"
                    },
                    {
                        "word": "배추 유전체"
                    },
                    {
                        "word": "분자마커"
                    },
                    {
                        "word": "분화"
                    },
                    {
                        "word": "상동성"
                    },
                    {
                        "word": "애기장대"
                    },
                    {
                        "word": "염색체"
                    },
                    {
                        "word": "유전자 기능"
                    },
                    {
                        "word": "유전자 염기서열"
                    },
                    {
                        "word": "유전자 지역"
                    },
                    {
                        "word": "유전체 정보"
                    },
                    {
                        "word": "이배체"
                    },
                    {
                        "word": "장원 배추"
                    },
                    {
                        "word": "전이인자"
                    },
                    {
                        "word": "종분화"
                    },
                    {
                        "word": "콩과"
                    }
                ]
            },
            {
                "context_id": "55e-0c9-57e5ebeb-e559-4bdc-a9a0-59de55488c3a",
                "context_K-NSCC": {
                    "field": "생명",
                    "large_category": "LA",
                    "medium_category": "05"
                },
                "context": "<h2>유전지도</h2> <p>고밀도 유전지도 작성은 식물 유전체 연구에 매우 중요한 기본 요소인데, 유전체 염기서열의 기준점을 제공하거나 염기서열 진행을 점검하는데 반드시 필요하다. 또한 최근의 차세대 염기서열 (Next Generation Sequencing, NGS) 방법에 의한 유전체 해독에서도 NGS 서열의 미비함을 보완하는 중요한 요소로 필수적이다. 배추에서는 다양한 유전집단으로부터 작성된 수종의 유전지도가 보고되었다. 초기에는 주로 혼성화 (hybridization) 마커들이 이용되었지만, 최근에는 사용하기 간편하고 비용이 저렴한 PCR (polymerase chain reaction) 마커들이 주로 개발되어 사용된다.</p> <p>최근에 3종의 배추 (B. rapa ssp. pekinensis) 유전지도가 배추 유전체 프로젝트와 관련하여 보고되었다. 그중 하나는 장원 (cv. Jangwon) 배추의 \\( \\mathrm{F}_{2: 3} \\) 유전지도로서 초기에 520 개 RFLP 마커와 25 개 PCR 마커를 갖는 총 길이 1,287 \\( \\mathrm{cM} \\) 의 지도였다 (Kim et al. 2006). 비록 이 장원 유전지도는 염기서열 분석 대상인 지부 (cv. Chiifu)와 계통은 다르지만 유전체 해독 초기의 완성도 높은 배추 유전지도였기 때문에 핵형분석을 위한 마커 제공, seed BAC의 염색체 상의 위치 결정, 새로 개발된 분자마커의 추가 등 배추 유전체 연구에 중요하게 사용되었다. 따라서 우리는 장원 유전지도에 유전자 표적 (gene-targeting) 또는 SSR 마커 등 500 개 이상의 PCR 기반의 STS 마커를 추가하여 장원 유전지도를 유전체 해독에 이용하기 충분하도록 보강하였다. 2007년 말까지 총 513 개의 염기서열이 분석된 seed BAC 클론이 장원 유전지도 작성에 사용되었는데, 이는 \\( 1,311 \\mathrm{cM} \\) 에 905 개 유전좌위 (genetic loci)를 포함한다. 두 번째 유전지도는 MBGP에서 배추의 표준 유전집단으로 사용하고 있는 지부 \\( \\times \\) 권심 (cv. Chiifu \\( \\times \\mathrm{cv} \\).Kenshin) 교배집단의 유전지도인데, 이 CK 집단은 \\( \\mathrm{F}_{1} \\) 소포자를 배양 고정한 doubled haploid 78 계통으로 구성되었다. CK 유전지도는 주로 AFLP 마커를 포함하여 총 556 개의 다양한 마커로 이루어졌고 총 길이는 \\( 1,182 \\mathrm{cM} \\) 이다 (Choi et al. 2007). 세 번째 VCS 유전지도는 병저항성, 속잎색 등의 중요 형질을 포함하는 cv. VCS3 와 cv. SR5 의 doubled haploid 집단으로 작성되었는데, 장원 유전지도에는 포함되지 않은 BAC 클론 225 개의 위치를 포함하고 있다 (http://www.brassica-rapa.org). 따라서 VCS 유전지도는 장원 유전지도에서 나타날 수 있는 유전적 재조합 (recom-bination)이나 분리 (segregation)의 불균형을 보완하는 역할을 할 것이다. 현재 3 종의 유전지도에서 공통적으로 사용된 마커들을 이용하여 통합된 유전지도를 작성하는 연구가 진행 중이다.</p> <p>이러한 유전지도들의 고밀도 분자마커와 유전체 염기 서열은 작물의 중요한 양적/질적 형질, 예를 들어 병저항성, 개화시기, 또는 유용한 이차대사산물 생산 등과 연관된 마커의 개발은 물론 관련 유전자의 탐색과 기능연구에 크게 활용될 것으로 기대된다. 또한 배추와 애기장대를 비롯한 추가적인 배추류 유전체 염기서열의 생산과 축적은 비교유전체적 방법을 통해 관심있는 orthologous 유전자들을 쉽게 동정 분리할 수 있는 기반을 제공하여 유전자의 기능과 발현을 연구하고 농업 및 관련 산업적으로 중요한 분자마커와 형질전환체를 개발하는데 크게 기여할 것이다.</p>",
                "context_length": 1931,
                "clue": [
                    {
                        "clue_text": "고밀도 유전지도 작성은 식물 유전체 연구에 매우 중요한 기본 요소인데, 유전체 염기서열의 기준점을 제공하거나 염기서열 진행을 점검하는데 반드시 필요하다.",
                        "clue_start": "17",
                        "clue_end": "102"
                    },
                    {
                        "clue_text": "최근의 차세대 염기서열 (Next Generation Sequencing, NGS) 방법에 의한 유전체 해독에서도 NGS 서열의 미비함을 보완하는 중요한 요소로 필수적이다.",
                        "clue_start": "106",
                        "clue_end": "202"
                    },
                    {
                        "clue_text": "최근에는 사용하기 간편하고 비용이 저렴한 PCR (polymerase chain reaction) 마커들이 주로 개발되어 사용된다.",
                        "clue_start": "284",
                        "clue_end": "357"
                    },
                    {
                        "clue_text": "최근에 3종의 배추 (B. rapa ssp. pekinensis) 유전지도가 배추 유전체 프로젝트와 관련하여 보고되었다.",
                        "clue_start": "365",
                        "clue_end": "432"
                    },
                    {
                        "clue_text": "배추류 유전체 염기서열의 생산과 축적은 비교유전체적 방법을 통해 관심있는 orthologous 유전자들을 쉽게 동정 분리할 수 있는 기반을 제공하여 유전자의 기능과 발현을 연구하고 농업 및 관련 산업적으로 중요한 분자마커와 형질전환체를 개발하는데 크게 기여할 것이다.",
                        "clue_start": "1778",
                        "clue_end": "1927"
                    }
                ],
                "terminology": [
                    {
                        "word": "AFLP 마커"
                    },
                    {
                        "word": "BAC 클론"
                    },
                    {
                        "word": "CK 유전지도"
                    },
                    {
                        "word": "MBGP"
                    },
                    {
                        "word": "NGS 서열"
                    },
                    {
                        "word": "PCR"
                    },
                    {
                        "word": "RFLP"
                    },
                    {
                        "word": "SSR 마커"
                    },
                    {
                        "word": "STS 마커"
                    },
                    {
                        "word": "VCS 유전지도"
                    },
                    {
                        "word": "doubled haploid"
                    },
                    {
                        "word": "loci"
                    },
                    {
                        "word": "orthologous"
                    },
                    {
                        "word": "reaction"
                    },
                    {
                        "word": "seed BAC"
                    },
                    {
                        "word": "고밀도 유전지도"
                    },
                    {
                        "word": "교배집단"
                    },
                    {
                        "word": "권심"
                    },
                    {
                        "word": "동정"
                    },
                    {
                        "word": "발현"
                    },
                    {
                        "word": "배양"
                    },
                    {
                        "word": "배추 유전체"
                    },
                    {
                        "word": "분자마커"
                    },
                    {
                        "word": "소포자"
                    },
                    {
                        "word": "식물 유전체"
                    },
                    {
                        "word": "애기장대"
                    },
                    {
                        "word": "염기서열 분석"
                    },
                    {
                        "word": "염색체"
                    },
                    {
                        "word": "유전자 표적"
                    },
                    {
                        "word": "유전적 재조합"
                    },
                    {
                        "word": "유전지도"
                    },
                    {
                        "word": "유전체 염기서열"
                    },
                    {
                        "word": "유전체 해독"
                    },
                    {
                        "word": "이차대사산물"
                    },
                    {
                        "word": "지부"
                    },
                    {
                        "word": "차세대 염기서열"
                    },
                    {
                        "word": "핵형분석"
                    },
                    {
                        "word": "형질"
                    },
                    {
                        "word": "형질전환체"
                    },
                    {
                        "word": "혼성화"
                    }
                ]
            }
        ]
    }
}