{
    "dataset_info": {
        "identifier": "02-031-002-NL",
        "name": "기술과학 문서 요약 데이터",
        "category": "자연어",
        "last_updated": "2023-08-30"
    },
    "dataset": {
        "doc_id": "8a2ae4d1-1137a09e-0a65-402a-9b0b-9239866f71c4",
        "doc_type": "논문",
        "doc_title": {
            "kor": "홍국발효홍삼의 이화학적 특성 및 생리활성",
            "eng": ""
        },
        "doc_category": {
            "KDC": "470.5",
            "DDC": ""
        },
        "doc_number": {
            "ISSN": "1225-9918",
            "ISBN": "",
            "DOI": "",
            "UCI": ""
        },
        "doc_year": "2009",
        "doc_author": [
            "박진철",
            "차재영",
            "이치형",
            "도은수",
            "강인호",
            "조영수"
        ],
        "doc_publisher": "한국생명과학회",
        "doc_license": "CC BY",
        "context_info": [
            {
                "context_id": "55e-0c9-merge_la_8a2ae4d1-1137a09e-0a65-402a-9b0b-9239866f71c4_05",
                "context_K-NSCC": {
                    "field": "생명",
                    "large_category": "LA",
                    "medium_category": "07"
                },
                "context": "<h2>홍삼 및 흥국발효홍삼 분말의 총 당도</h2> <p>홍삼 및 홍국발효홍삼 분말의 \\( 1 \\% \\)( \\( \\mathrm { w/v } \\))수용액 중의 총 당도는 각각 \\( 0.23 \\% \\)및 \\( 0.17 \\% \\)로 홍삼에서 약간 높았다. 이를 \\( 100 \\% \\)로 환산하면 각각 \\( 23 \\% \\)및 \\( 17 \\% \\)로 Kim 이 보고한 건삼의 총당 함량이 \\( 18.9 \\% \\)라고 한 결과와 비슷하며, \\( \\mathrm { Kim } \\)등이 건삼의 전분 함량이 5년근에서 \\( 18.3 \\% \\)라고 하여본 실험 결과와도 비슷하였다. 총 당 함량은 수삼에는 \\( 5.7 \\), \\( 6.5 \\% \\), 유리당 함량은 건삼에 \\( 2.2 \\% \\)및 수삼에 \\( 0.52 \\% \\), 환원당은 건삼에 \\( 3.9 \\% \\)및 수삼에 \\( 1.28 \\% \\)를 나타내었고, \\( 70 \\% \\)에탄올로 추출할 때에 환원당은 수삼에 \\( 7.8 \\% \\), 건삼에 \\( 12.8 \\% \\), 미삼에 \\( 9.1 \\% \\)를 함유하고 있었다. 또한 \\( 80 \\% \\)에탄올 추출물에서 총 당은 \\( 11.5 \\% \\)로 starch \\( 3.9 \\% \\), sucrose \\( 3.8 \\% \\), maltose \\( 3.5 \\% \\), fructose \\( 0.1 \\% \\), glucose \\( 0.04 \\% \\)로 분석되었다.</p> <h2>홍삼 및 흥국발효홍삼 분말 추출물의 pH 및 산도</h2> <p>홍삼 및 홍국발효홍삼의 분말을 \\( 1 \\% \\)(w/v)농도로 증류수에 넣은 다음 균질화 시켜 \\( \\mathrm { pH } \\)값을 측정한 결과, 흥삼 추출물은 \\( \\mathrm { pH } 5.7 \\)및 홍국발효홍삼 추출물의 \\( \\mathrm { pH } \\)는 5.6으로 두 시료간에 큰 차이는 없는 것으로 나타났다. Cho 등 도 인삼추출물의 \\( \\mathrm { pH } \\)를 측정한 결과에서 미삼 \\( \\mathrm { pH } 5.9 \\), 백삼 \\( \\mathrm { pH } 6.0 \\), 수삼 \\( \\mathrm { pH } 5.9 \\)의 약산성을 띄는 암갈색의 액체로 본 실험 결과와 비슷하였다. Lee 등도 홍삼근(30지)와 홍삼미를 \\( 2: 1 \\)비율로 혼합하여 생수로 원물중량 대비 18.6배를 가하여 \\( 75 ^ {\\circ } \\mathrm { C } \\)에서 24,48 , 및 72시간 추출 한 후 \\( \\mathrm { pH } \\)를 측정한 값이 각각 5.0,4.9 및 4.7로 본 실험 결과와는 약간 낮지만 약산성으로 나타났다.</p>",
                "context_length": 1301,
                "clue": [
                    {
                        "clue_text": "홍삼 및 홍국발효홍삼 분말의 \\( 1 \\% \\)( \\( \\mathrm { w/v } \\))수용액 중의 총 당도는 각각 \\( 0.23 \\% \\)및 \\( 0.17 \\% \\)로 홍삼에서 약간 높았다.",
                        "clue_start": "33",
                        "clue_end": "141"
                    },
                    {
                        "clue_text": "이를 \\( 100 \\% \\)로 환산하면 각각 \\( 23 \\% \\)및 \\( 17 \\% \\)로 Kim 이 보고한 건삼의 총당 함량이 \\( 18.9 \\% \\)라고 한 결과와 비슷하며, \\( \\mathrm { Kim } \\)등이 건삼의 전분 함량이 5년근에서 \\( 18.3 \\% \\)라고 하여본 실험 결과와도 비슷하였다.",
                        "clue_start": "142",
                        "clue_end": "317"
                    },
                    {
                        "clue_text": "총 당 함량은 수삼에는 \\( 5.7 \\), \\( 6.5 \\% \\), 유리당 함량은 건삼에 \\( 2.2 \\% \\)및 수삼에 \\( 0.52 \\% \\), 환원당은 건삼에 \\( 3.9 \\% \\)및 수삼에 \\( 1.28 \\% \\)를 나타내었고, \\( 70 \\% \\)에탄올로 추출할 때에 환원당은 수삼에 \\( 7.8 \\% \\), 건삼에 \\( 12.8 \\% \\), 미삼에 \\( 9.1 \\% \\)를 함유하고 있었다.",
                        "clue_start": "318",
                        "clue_end": "542"
                    },
                    {
                        "clue_text": "또한 \\( 80 \\% \\)에탄올 추출물에서 총 당은 \\( 11.5 \\% \\)로 starch \\( 3.9 \\% \\), sucrose \\( 3.8 \\% \\), maltose \\( 3.5 \\% \\), fructose \\( 0.1 \\% \\), glucose \\( 0.04 \\% \\)로 분석되었다.",
                        "clue_start": "543",
                        "clue_end": "704"
                    },
                    {
                        "clue_text": "홍삼 및 홍국발효홍삼의 분말을 \\( 1 \\% \\)(w/v)농도로 증류수에 넣은 다음 균질화 시켜 \\( \\mathrm { pH } \\)값을 측정한 결과, 흥삼 추출물은 \\( \\mathrm { pH } 5.7 \\)및 홍국발효홍삼 추출물의 \\( \\mathrm { pH } \\)는 5.6으로 두 시료간에 큰 차이는 없는 것으로 나타났다.",
                        "clue_start": "749",
                        "clue_end": "933"
                    }
                ],
                "terminology": [
                    {
                        "word": "5년근"
                    },
                    {
                        "word": "fructose"
                    },
                    {
                        "word": "glucose"
                    },
                    {
                        "word": "maltose"
                    },
                    {
                        "word": "pH"
                    },
                    {
                        "word": "starch"
                    },
                    {
                        "word": "sucrose"
                    },
                    {
                        "word": "건삼"
                    },
                    {
                        "word": "미삼"
                    },
                    {
                        "word": "산도"
                    },
                    {
                        "word": "수삼"
                    },
                    {
                        "word": "약산성"
                    },
                    {
                        "word": "에탄올"
                    },
                    {
                        "word": "유리당 함량"
                    },
                    {
                        "word": "증류수"
                    },
                    {
                        "word": "총당 함량"
                    },
                    {
                        "word": "홍국발효홍삼"
                    },
                    {
                        "word": "홍국발효홍삼 분말"
                    },
                    {
                        "word": "홍삼"
                    },
                    {
                        "word": "환원당"
                    },
                    {
                        "word": "흥국발효홍삼"
                    }
                ]
            },
            {
                "context_id": "55e-0c9-merge_la_8a2ae4d1-1137a09e-0a65-402a-9b0b-9239866f71c4_08",
                "context_K-NSCC": {
                    "field": "생명",
                    "large_category": "LA",
                    "medium_category": "07"
                },
                "context": "<p>Lee 등은 우리나라 홍삼 제품의 \\( \\mathrm { Ca } \\)함량은 \\(3,787-4,651 \\mathrm { ppm } \\)이였고, 일본 제품의 경우는 \\(4,020-4,790 \\mathrm { ppm } \\) 함유되었다 고 하였다. Ko 등이 보고한 분석결과를 보면 한국홍삼 제품에서 \\( \\mathrm { Ca } \\)은 \\( 0.31 \\% \\), 중국 홍삼 \\( 0.37 \\% \\), 일본 홍삼 \\( 0.29 \\% \\)및 한국 백삼 \\( 0.34 \\% \\)로 재배국가에 따라 큰 차이가 나지 않았으며, 본 실험 결과와 대체로 일치하는 경향을 보였다. \\( \\mathrm { Zn } \\)성분의 경우 국내산 홍삼에서 \\( 15.37-19.15 \\mathrm { ppm } \\), 북한산은 \\( 13.52-19.88 \\mathrm { ppm } \\), 중국 제품은 \\(13.66-19.08 \\mathrm { ppm } \\), 일본 제품은 \\( 18.60-24.57 \\mathrm { ppm } \\)이 함유되었다고 Lee 등이 보고하였고, Ko 등도 국내산 홍삼 \\( 18.96 \\mathrm { ppm } \\), 중국산 홍삼 \\( 20.19 \\mathrm { ppm } \\), 일본산 홍삼 \\( 18.10 \\) \\( \\mathrm { ppm } \\)및 국내산 백삼 \\( 19.61 \\mathrm { ppm } \\)으로 \\( 18.1-20.2 \\mathrm { ppm } \\)범위 내에서 함유되었다고 하였고, Cho 등은 미삼에서 \\( 47.5 \\mathrm { ppm } \\)함유되었다고 보고하였다. Fe의 경우 Ko 등은 국내산 홍삼 \\( 89.02 \\mathrm { ppm } \\), 중국산 홍삼 \\( 45.14 \\mathrm { ppm } \\), 일본산 홍삼 \\( 35.70 \\mathrm { ppm } \\ 및 국내산 백삼 \\( 98.04 \\mathrm { ppm } \\)으로 국가간 함량 차이가 나는 것으로 보고하였으며, Lee 등은 102.4-142.9 ppm이라고 하였고, Cho 등은 미삼에 \\( 125 \\mathrm { ppm } \\)이 함유되어 있어 다소 차이가 있었으나 본 실험 결과도 이들 범위에 들어가는 것으로 나타났다. 홍삼에 함유된 미네랄 성분은 \\( \\mathrm { P } \\), \\( \\mathrm { K } \\), \\( \\mathrm { Ca } \\), \\( \\mathrm { Mg } \\), \\( \\mathrm { Si } \\), \\( \\mathrm { Mn } \\), \\( \\mathrm { Na } \\), \\( \\mathrm { Fe } \\), \\( \\mathrm { Cu } \\), \\( \\mathrm { Zn } \\)등 일반적으로 식물체에 함유된 미네랄 성분들이 함유된 것으로 보고 되었으며, 본 실험에서도 홍삼과 홍국 발호홍삼의 경우도 이들과 비슷하였으며, 홍국발효홍삼 보다는 대체로 홍삼분말에서 미네랄 성분이 많이 함유된 것으로 나타났다. 이러한 이유는 홍삼을 발효함으로 인해 홍국균의 생육에 미네랄 성분이 어느 정도 소비되었을 것으로 추측되며, 또한 홍국균이 생육하여 함유된 것만큼 홍삼이 적은 비율로 포함되어 있어 홍삼에 함유된 미네랄 성분이 적은 것으로 사료되어 진다. 이처럼 홍삼에서 미네랄 성분 중 \\( \\mathrm { Ca } \\)함량이 높은 것은 인슐린 분비와 작용에 필수적인 역할을 하는 점을 감안하면 홍삼의 주요 효능으로 알려진 당뇨병 치료와 무관하지 않으며, \\( \\mathrm { K } \\)함량이 높은 것 또한 식염의 과다섭취로 인한 피해를 막아주어 혈압을 강하시키는 고혈압 치료제로 알려진 것과 무관하지 않는 것으로 사료되어 진다.</p>",
                "context_length": 1806,
                "clue": [
                    {
                        "clue_text": "Lee 등은 우리나라 홍삼 제품의 \\( \\mathrm { Ca } \\)함량은 \\(3,787-4,651 \\mathrm { ppm } \\)이였고, 일본 제품의 경우는 \\(4,020-4,790 \\mathrm { ppm } \\) 함유되었다 고 하였다.",
                        "clue_start": "3",
                        "clue_end": "139"
                    },
                    {
                        "clue_text": "Ko 등이 보고한 분석결과를 보면 한국홍삼 제품에서 \\( \\mathrm { Ca } \\)은 \\( 0.31 \\% \\), 중국 홍삼 \\( 0.37 \\% \\), 일본 홍삼 \\( 0.29 \\% \\)및 한국 백삼 \\( 0.34 \\% \\)로 재배국가에 따라 큰 차이가 나지 않았으며, 본 실험 결과와 대체로 일치하는 경향을 보였다.",
                        "clue_start": "140",
                        "clue_end": "319"
                    },
                    {
                        "clue_text": "Fe의 경우 Ko 등은 국내산 홍삼 \\( 89.02 \\mathrm { ppm } \\), 중국산 홍삼 \\( 45.14 \\mathrm { ppm } \\), 일본산 홍삼 \\( 35.70 \\mathrm { ppm } \\ 및 국내산 백삼 \\( 98.04 \\mathrm { ppm } \\)으로 국가간 함량 차이가 나는 것으로 보고하였으며, Lee 등은 102.4-142.9 ppm이라고 하였고, Cho 등은 미삼에 \\( 125 \\mathrm { ppm } \\)이 함유되어 있어 다소 차이가 있었으나 본 실험 결과도 이들 범위에 들어가는 것으로 나타났다.",
                        "clue_start": "794",
                        "clue_end": "1097"
                    },
                    {
                        "clue_text": "홍삼에 함유된 미네랄 성분은 \\( \\mathrm { P } \\), \\( \\mathrm { K } \\), \\( \\mathrm { Ca } \\), \\( \\mathrm { Mg } \\), \\( \\mathrm { Si } \\), \\( \\mathrm { Mn } \\), \\( \\mathrm { Na } \\), \\( \\mathrm { Fe } \\), \\( \\mathrm { Cu } \\), \\( \\mathrm { Zn } \\)등 일반적으로 식물체에 함유된 미네랄 성분들이 함유된 것으로 보고 되었으며, 본 실험에서도 홍삼과 홍국 발호홍삼의 경우도 이들과 비슷하였으며, 홍국발효홍삼 보다는 대체로 홍삼분말에서 미네랄 성분이 많이 함유된 것으로 나타났다.",
                        "clue_start": "1098",
                        "clue_end": "1456"
                    },
                    {
                        "clue_text": "이처럼 홍삼에서 미네랄 성분 중 \\( \\mathrm { Ca } \\)함량이 높은 것은 인슐린 분비와 작용에 필수적인 역할을 하는 점을 감안하면 홍삼의 주요 효능으로 알려진 당뇨병 치료와 무관하지 않으며, \\( \\mathrm { K } \\)함량이 높은 것 또한 식염의 과다섭취로 인한 피해를 막아주어 혈압을 강하시키는 고혈압 치료제로 알려진 것과 무관하지 않는 것으로 사료되어 진다.",
                        "clue_start": "1589",
                        "clue_end": "1802"
                    }
                ],
                "terminology": [
                    {
                        "word": "Cu"
                    },
                    {
                        "word": "Fe"
                    },
                    {
                        "word": "고혈압"
                    },
                    {
                        "word": "당뇨병"
                    },
                    {
                        "word": "미네랄"
                    },
                    {
                        "word": "식염"
                    },
                    {
                        "word": "인슐린"
                    },
                    {
                        "word": "홍국균"
                    }
                ]
            },
            {
                "context_id": "55e-0c9-merge_la_8a2ae4d1-1137a09e-0a65-402a-9b0b-9239866f71c4_06",
                "context_K-NSCC": {
                    "field": "생명",
                    "large_category": "LA",
                    "medium_category": "07"
                },
                "context": "<h2>홍삼 및 흥국발효홍삼 분말의 색도(Color)</h2> <p>홍삼 및 홍국발효홍삼 추출물의 색도를 Hunter's value \\( L ^ { * } \\) (명도), \\( \\mathrm { a } ^ { * } \\left ( \\right . \\) 적색도), \\( \\mathrm { b } ^ { * } \\) (황색도) 값으로 나타낸 결과는 Table 3과 같다. 이러한 색도의 차이는 붉은 색소를 만들어내는 홍국에 의한 것으로 보여지며, 홍국을 첨가한 고추장이나 된장의 경우도 붉은색을 많이 나타내어 본 실험결과와 동일한 결과를 나타내었다.</p> <h2>홍삼, 흥국발효홍삼 분말 추출물의 총 폴리페놀 화합물 함량</h2> <p>폴리페놀 화합물은 식물계에 널리 분포되어 있는 2차 대사 산물로서 flavonoid, catechin, tannin 류로 크게 구분된다. 특히, 페놀성 화합물들은 전자공여능이 있어 높은 항산화 작용을 나타내는 것으로 알려져 있다. 이러한 페놀성 물질은 식물의 고유한 색을 부여하고, 떫은맛과 쓴맛의 주체로 식물성 식품의 고유한 맛에도 깊이 관여한다.</p> <p>본 실험에서 사용한 홍삼 및 홍국발효홍삼 추출물의 총 폴리페놀 화합물 함량을 측정한 결과는 Table 4와 같다. 총 폴리페늘 화합물 함량은 홍삼보다 홍국발효홍삼 추출물에서 높았으며, \\( 70 \\% \\)에탄을 추출물에서 가장 높았고 물 추출물에서 가장 낮은 값을 보였다. 두릅순의 경우도 총 폴리페놀 화합물이 물 추출물 보다는 \\( 70 \\% \\)에탄올 및 \\( 70 \\% \\)메탄올 추출물에서 높은 함량을 보여 본 실험 결과와 일치하는 경향을 보였다. 특히 8월에 채취한 함초의 폴리페놀 화합물 함량도 수용성 추출물보다는 에탄올 추출물에서 높은 것으로 보고 되었다.</p> <p>국내산 식물성 천연물 중의 총 폴리페놀 화합물 함량을 분석한 결과를 보면 솔잎 \\( 1.6 \\%-1.8 \\% \\), 뽕잎 \\( 1.3 \\% \\)및 꾸지뽕잎 \\( 1.3 \\% \\), 칡뿌리 \\( 2.0 \\% \\), 호두 \\( 2.1 \\% \\), 해바라기씨 \\( 2.0 \\% \\), 상추 \\( 1.1 \\% \\), 쑥 \\( 1.1 \\% \\), 생강 \\( 1.7 \\% \\), 모과 \\( 4.6 \\% \\), 밤 속껍질 및 감잎 \\( 5.8 \\% \\)등 에서 비교적 높은 농도로 조사 되었으나 나머지 분석대상에서는 낮은 농도로 조사되었다. Kim 등은 미국 백삼으로부터 30, 60, 90 및 120 분의 열처리 시간을 달리하면서 제조한 홍삼의 총 phenolics의 농도는 각각 489.6,518.5,532.1및 574.2 \\( \\mathrm { mg } / 100 \\mathrm { ~g } \\)으로 얼처리 시간 증가와 함께 phenolics의 증가가 있었으며, 120분 열처리의 경우 백삼의 \\( 445.5 \\mathrm { mg } / 100 \\mathrm { ~g } \\)보다 약 \\( 30 \\% \\)증가하는 것으로 보고 되었다. 그러나 상대적인 총 폴리페놀 함량은 미국산 홍삼보다 본 실험에 사용한 홍삼에서 더 많이 함유된 것으로 나타났다. Wang 등은 Korean red ginseng에서 total antioxidant capacity과 radical scavenging activity가 비슷한 수준인 것으로 보고되었으며, 미국산 홍삼에서 항산화 활성 증가는 Maillard 반응 생성물 인 것으로 여겨지는데, 인삼의 열처리 과정 중에 이러한 물질 중의 하나인 maltol이 생성되는 phenolic compounds가 풍부하면서 강한 free radical scavenging 활성을 가진 것으로 보고 된 적이 있다.</p>",
                "context_length": 1798,
                "clue": [
                    {
                        "clue_text": "홍삼 및 홍국발효홍삼 추출물의 색도를 Hunter's value \\( L ^ { * } \\) (명도), \\( \\mathrm { a } ^ { * } \\left ( \\right . \\) 적색도), \\( \\mathrm { b } ^ { * } \\) (황색도) 값으로 나타낸 결과는 Table 3과 같다.",
                        "clue_start": "38",
                        "clue_end": "205"
                    },
                    {
                        "clue_text": "폴리페놀 화합물은 식물계에 널리 분포되어 있는 2차 대사 산물로서 flavonoid, catechin, tannin 류로 크게 구분된다.",
                        "clue_start": "355",
                        "clue_end": "431"
                    },
                    {
                        "clue_text": "본 실험에서 사용한 홍삼 및 홍국발효홍삼 추출물의 총 폴리페놀 화합물 함량을 측정한 결과는 Table 4와 같다.",
                        "clue_start": "558",
                        "clue_end": "621"
                    },
                    {
                        "clue_text": "국내산 식물성 천연물 중의 총 폴리페놀 화합물 함량을 분석한 결과를 보면 솔잎 \\( 1.6 \\%-1.8 \\% \\), 뽕잎 \\( 1.3 \\% \\)및 꾸지뽕잎 \\( 1.3 \\% \\), 칡뿌리 \\( 2.0 \\% \\), 호두 \\( 2.1 \\% \\), 해바라기씨 \\( 2.0 \\% \\), 상추 \\( 1.1 \\% \\), 쑥 \\( 1.1 \\% \\), 생강 \\( 1.7 \\% \\), 모과 \\( 4.6 \\% \\), 밤 속껍질 및 감잎 \\( 5.8 \\% \\)등 에서 비교적 높은 농도로 조사 되었으나 나머지 분석대상에서는 낮은 농도로 조사되었다.",
                        "clue_start": "884",
                        "clue_end": "1179"
                    }
                ],
                "terminology": [
                    {
                        "word": "Hunter's value"
                    },
                    {
                        "word": "Korean red ginseng"
                    },
                    {
                        "word": "Maillard"
                    },
                    {
                        "word": "Maillard 반응"
                    },
                    {
                        "word": "Maillard 반응 생성물"
                    },
                    {
                        "word": "antioxidant"
                    },
                    {
                        "word": "catechin"
                    },
                    {
                        "word": "flavonoid"
                    },
                    {
                        "word": "free radical scavenging"
                    },
                    {
                        "word": "maltol"
                    },
                    {
                        "word": "phenolic compounds"
                    },
                    {
                        "word": "phenolics"
                    },
                    {
                        "word": "radical scavenging activity"
                    },
                    {
                        "word": "tannin"
                    },
                    {
                        "word": "total antioxidant capacity"
                    },
                    {
                        "word": "대사 산물"
                    },
                    {
                        "word": "메탄올"
                    },
                    {
                        "word": "에탄올"
                    },
                    {
                        "word": "열처리"
                    },
                    {
                        "word": "적색도"
                    },
                    {
                        "word": "전자공여능"
                    },
                    {
                        "word": "페놀성"
                    },
                    {
                        "word": "페놀성 물질"
                    },
                    {
                        "word": "폴리페놀"
                    },
                    {
                        "word": "폴리페놀 함량"
                    },
                    {
                        "word": "폴리페놀 화합물"
                    },
                    {
                        "word": "항산화"
                    },
                    {
                        "word": "항산화 활성"
                    },
                    {
                        "word": "홍삼"
                    },
                    {
                        "word": "활성"
                    }
                ]
            },
            {
                "context_id": "55e-0c9-merge_la_8a2ae4d1-1137a09e-0a65-402a-9b0b-9239866f71c4_10",
                "context_K-NSCC": {
                    "field": "생명",
                    "large_category": "LA",
                    "medium_category": "07"
                },
                "context": "<h2>홍삼 및 홍국발효홍삼 분말 추출물의 불포화 지방산 Linoleic acid 산화 실험계를 이용한 항산화 활성</h2> <p>불포화 지방산인 linoleic acid를 이용한 thiocyanate 방법으로 홍삼 및 홍국발효홍삼 추출물의 항산화 활성을 측정한 결과를 Fig. 2와 3에 각각 나타내었다. 반응 최종일 대조군에 대한 생대 활성으로 나타낸 결과는 홍삼의 70% 메탄올 추출물에 서 가장 저해 활성이 높았고, 홍국발효홍삼에서는 \\( 70 \\% \\)에탄올 추출물에서 가장 높았으나 두 시료간에 큰 차이는 없었고 약 \\( 40 \\% \\) 이하의 활성을 보였다. 이들에 비해 대조구로 사용된 시판 합성 항산화제인 BHT는 \\( 63 \\% \\)정도의 비교적 높은 항산화 활성을 보였다. Choi 등 및 Chang 등도 식품으로 사용 되어 그 안전성이 확인된 각종 식물 및 약재를 에탄올과 물로 추출하여 항산화력을 검색한 결과, 에탄을 추출물이 물 추출물 보다 항산화 효과가 강하고 추출 수율도 높았다고 하였다.</p> <p>불포화 지방산인 linoleic acid를 이용한 TBA법으로 항산화 활성을 측정한 결과는 Fig. 3에 나타내었다. TBA법으로 불포화 지방산인 linoleic acid의 산화 반응을 측정한 결과에서는 thiocyanate 방법으로 측정한 결과와 상당히 유사한 결과를 보였으나, 단지 홍국발효홍삼 메탄올 추출물에서 에탄을 추출물 보다 약간 낮은 값을 보였을 뿐이다. 이때 대조구로 사용된 시판 합성 항산화제인 BHT는 \\( 70 \\% \\)정도의 높은 항산화 활성을 보였다.</p> <h1>요 약</h1> <p>홍국발효홍삼의 알코올성 간 질환 개선용 건강기능식품 개발을 위한 기초 자료를 얻기 위하여 일반 이화학적 특성과 항산화 활성 정도를 측정 하였다. 홍삼 및 홍국발효흥삼의 추출물 수율은 각각 수용성 \\( 5.83 \\% \\)및 \\( 6.58 \\% \\), \\(70 \\% \\)에탄올 \\( 0.98 \\% \\)및 \\( 0.62 \\% \\), \\(70 \\% \\)메탄올 \\( 3.04 \\% \\)및 \\( 1.27 \\% \\)로 수용성 추출에서 가장 높았다. 홍삼 및 홍국발효홍삼 \\( 1 \\% \\)추출물 중의 총 당도는 각각 \\( 0.23 \\% \\)및 \\( 0.17 \\% \\)로 홍삼에서 약간 높았으며, 가용성 고형분도 각각 \\( 0.6 \\)및 \\( 0.5 \\)Brix로 홍삼에서 약간 높았다. 총 폴리페놀 화합물 함량은 홍삼보다 홍국발효홍삼 추출물에서 높았으 며, \\( 70 \\% \\)에탄올 추출물에서 가장 높았다. 미네랄 함량은 K가 22,386 및 \\( 16,936 \\mathrm { ppm } \\)으로 가장 많이 함유되어 있었고, 다음으로 \\( \\mathrm { Ca } \\)이 각각 3,693 및 \\( 2,310 \\mathrm { ppm } \\)으로 함유되어 있었고, \\( \\mathrm { Mg } \\)는 각각 2,647 및 \\( 2,703 \\mathrm { ppm } \\), \\( \\mathrm { Na } \\)는 각각 103 및 \\( 109 \\mathrm { ppm } , \\mathrm { Fe } \\)는 각각 115 및 \\( 42 \\mathrm { ppm } , \\mathrm { Zn } \\)은 각각 57 및 \\( 62.3 \\mathrm { ppm } \\)이 함유되어 있었다. 항산화 실험에서 총 폴리페놀 함량, DPPH radical 소거능 및 불포화 지방산 linoleic acid를 이용한 TBA법에 의한 항산화 활성은 홍삼 추출물보다는 홍국발효홍삼에서 높은 것으로 나타났다.</p>",
                "context_length": 1751,
                "clue": [
                    {
                        "clue_text": "Choi 등 및 Chang 등도 식품으로 사용 되어 그 안전성이 확인된 각종 식물 및 약재를 에탄올과 물로 추출하여 항산화력을 검색한 결과, 에탄을 추출물이 물 추출물 보다 항산화 효과가 강하고 추출 수율도 높았다고 하였다.",
                        "clue_start": "388",
                        "clue_end": "513"
                    },
                    {
                        "clue_text": "TBA법으로 불포화 지방산인 linoleic acid의 산화 반응을 측정한 결과에서는 thiocyanate 방법으로 측정한 결과와 상당히 유사한 결과를 보였으나, 단지 홍국발효홍삼 메탄올 추출물에서 에탄을 추출물 보다 약간 낮은 값을 보였을 뿐이다.",
                        "clue_start": "587",
                        "clue_end": "726"
                    },
                    {
                        "clue_text": "홍국발효홍삼의 알코올성 간 질환 개선용 건강기능식품 개발을 위한 기초 자료를 얻기 위하여 일반 이화학적 특성과 항산화 활성 정도를 측정 하였다.",
                        "clue_start": "807",
                        "clue_end": "887"
                    },
                    {
                        "clue_text": "항산화 실험에서 총 폴리페놀 함량, DPPH radical 소거능 및 불포화 지방산 linoleic acid를 이용한 TBA법에 의한 항산화 활성은 홍삼 추출물보다는 홍국발효홍삼에서 높은 것으로 나타났다.",
                        "clue_start": "1633",
                        "clue_end": "1747"
                    }
                ],
                "terminology": [
                    {
                        "word": "BHT"
                    },
                    {
                        "word": "DPPH radical 소거능"
                    },
                    {
                        "word": "Fe"
                    },
                    {
                        "word": "TBA법"
                    },
                    {
                        "word": "linoleic acid"
                    },
                    {
                        "word": "thiocyanate"
                    },
                    {
                        "word": "가용성 고형분"
                    },
                    {
                        "word": "대조구"
                    },
                    {
                        "word": "불포화 지방산"
                    },
                    {
                        "word": "에탄을 추출물"
                    },
                    {
                        "word": "이화학적"
                    },
                    {
                        "word": "저해 활성"
                    },
                    {
                        "word": "추출물 수율"
                    },
                    {
                        "word": "폴리페놀 화합물"
                    },
                    {
                        "word": "합성"
                    },
                    {
                        "word": "항산화 실험"
                    },
                    {
                        "word": "항산화 활성"
                    },
                    {
                        "word": "항산화 효과"
                    },
                    {
                        "word": "항산화력"
                    },
                    {
                        "word": "홍국발효홍삼 분말"
                    }
                ]
            },
            {
                "context_id": "55e-0c9-merge_la_8a2ae4d1-1137a09e-0a65-402a-9b0b-9239866f71c4_04",
                "context_K-NSCC": {
                    "field": "생명",
                    "large_category": "LA",
                    "medium_category": "07"
                },
                "context": "<h2>TBA (2-thiobarbituric acid)에 의한 항산화 활성 측정</h2> <p>시료용액 \\( 1.0 \\mathrm { ml } \\), linoleic acid ( \\( 25 \\mathrm { mg } / \\mathrm { ml } \\), EtOH 용해) \\( 1.0 \\) \\( \\mathrm { ml } \\)을 시험관에 넣고 혼합한 후 \\( 0.2 \\mathrm { M } \\) phosphate buffer \\( ( \\mathrm { pH } \\) 7.0) \\( 2 \\mathrm { ml } \\)와 증류수 \\( 1.0 \\mathrm { ml } \\)를 가하여 \\( 40 ^ {\\circ } \\mathrm { C } \\)에서 반응시키면서 일정간격으로 측정하였다. 즉 시료액 \\( 0.5 \\mathrm { ml } \\)를 centrifuge tube에 넣고 35 \\% trichloroacetic acid \\( 0.25 \\mathrm { ml } \\)와 \\( 0.75 \\% \\)aqueous TBA \\( 0.5 \\mathrm { ml } \\)를 가하여 혼합한 후, 열탕수조에서 가끔 진탕하면서 15분간 처리하여 흐르는 물에 냉각시킨 후, \\( 70 \\% \\)trichloroacetic acid \\( 0.5 \\mathrm { ml } \\)를 가한 다음 20분 후, \\( 3,000 \\mathrm { rpm } \\)에서 15분간 원심분리하고, 그 상징액을 \\( 532 \\mathrm { ~nm } \\)에서 흡광도를 측정 하였다.</p> <h2>통계처리</h2> <p>실험으로부터 얻어진 결과치는 one-way ANOVA 검정에 의한 평균치와 표준오차(mean \\( \\pm \\mathrm { SE } ) \\)로 표시하였다.</p> <h1>결과 및 고찰</h1> <h2>홍삼 및 흥국발효홍삼 분말의 추출 수율 및 가용성 고형분</h2> <p>천연물로부터 생리활성물질과 같은 유효성분을 가장 효율적으로 추출하기 위하여 사용량, 추출 용매의 종류, 추출 온도와 시간 등이 검토되고 있다. 천연물 중에는 catechins, pectin, caffein, flavonoids 등의 식물성 polyphenolic 화합물들은 수용성 또는 지용성으로 구분되어 있어 추출되는 용매에 따라 그 성분들이 달라지기 때문에 추출 수율에 있어서도 많은 차이를 보이고 있다.</p> <p>본 실험에서 홍삼 및 홍국발효훙삼의 수용성 추출물의 수율은 각각 \\( 5.83 \\% \\)및 \\( 6.58 \\% \\)였으며, \\( 70 \\% \\)에탄올 추출물 수율은 각각 \\( 0.98 \\% \\)및 \\( 0.62 \\% \\)였고, \\( 70 \\% \\)메탄을 추출 수율은 각각 \\( 3.04 \\% \\)및 \\( 1.27 \\% \\)로 용매 중에서는 수용성 추출에서 수율이 가장 높았다. Lee 등도 인삼의 추출 용매에 따른 추출수율은 물 추출물이 가장 많고 에탄올은 농도가 높을수록 수율은 낮아지는 경향을 나타내는데, 이는 에탄올의 농도가 높을수록 성분의 추출량이 적어지며 주로 다당류의 추출량이 적어지므로 수율이 감소한다고 하였다. 홍삼 및 홍국발효홍삼의 가용성 고형분은 각각 \\( 0.6 \\)및 \\( 0.5 \\)Brix로 홍삼에서 약간 높았다.</p>",
                "context_length": 1579,
                "clue": [
                    {
                        "clue_text": "즉 시료액 \\( 0.5 \\mathrm { ml } \\)를 centrifuge tube에 넣고 35 \\% trichloroacetic acid \\( 0.25 \\mathrm { ml } \\)와 \\( 0.75 \\% \\)aqueous TBA \\( 0.5 \\mathrm { ml } \\)를 가하여 혼합한 후, 열탕수조에서 가끔 진탕하면서 15분간 처리하여 흐르는 물에 냉각시킨 후, \\( 70 \\% \\)trichloroacetic acid \\( 0.5 \\mathrm { ml } \\)를 가한 다음 20분 후, \\( 3,000 \\mathrm { rpm } \\)에서 15분간 원심분리하고, 그 상징액을 \\( 532 \\mathrm { ~nm } \\)에서 흡광도를 측정 하였다.",
                        "clue_start": "382",
                        "clue_end": "752"
                    },
                    {
                        "clue_text": "천연물로부터 생리활성물질과 같은 유효성분을 가장 효율적으로 추출하기 위하여 사용량, 추출 용매의 종류, 추출 온도와 시간 등이 검토되고 있다.",
                        "clue_start": "926",
                        "clue_end": "1005"
                    },
                    {
                        "clue_text": "본 실험에서 홍삼 및 홍국발효훙삼의 수용성 추출물의 수율은 각각 \\( 5.83 \\% \\)및 \\( 6.58 \\% \\)였으며, \\( 70 \\% \\)에탄올 추출물 수율은 각각 \\( 0.98 \\% \\)및 \\( 0.62 \\% \\)였고, \\( 70 \\% \\)메탄을 추출 수율은 각각 \\( 3.04 \\% \\)및 \\( 1.27 \\% \\)로 용매 중에서는 수용성 추출에서 수율이 가장 높았다.",
                        "clue_start": "1162",
                        "clue_end": "1372"
                    }
                ],
                "terminology": [
                    {
                        "word": "ANOVA"
                    },
                    {
                        "word": "EtOH"
                    },
                    {
                        "word": "SE"
                    },
                    {
                        "word": "TBA"
                    },
                    {
                        "word": "centrifuge tube"
                    },
                    {
                        "word": "flavonoids"
                    },
                    {
                        "word": "linoleic acid"
                    },
                    {
                        "word": "one-way"
                    },
                    {
                        "word": "one-way ANOVA"
                    },
                    {
                        "word": "one-way ANOVA 검정"
                    },
                    {
                        "word": "phosphate buffer"
                    },
                    {
                        "word": "polyphenolic"
                    },
                    {
                        "word": "trichloroacetic acid"
                    },
                    {
                        "word": "가용성 고형분"
                    },
                    {
                        "word": "검정"
                    },
                    {
                        "word": "다당류"
                    },
                    {
                        "word": "물 추출물"
                    },
                    {
                        "word": "상징액"
                    },
                    {
                        "word": "수용성 추출물"
                    },
                    {
                        "word": "시료용액"
                    },
                    {
                        "word": "에탄올"
                    },
                    {
                        "word": "용해"
                    },
                    {
                        "word": "원심분리"
                    },
                    {
                        "word": "유효성분"
                    },
                    {
                        "word": "인삼"
                    },
                    {
                        "word": "증류수"
                    },
                    {
                        "word": "지용성"
                    },
                    {
                        "word": "천연물"
                    },
                    {
                        "word": "추출 용매"
                    },
                    {
                        "word": "추출물 수율"
                    },
                    {
                        "word": "추출수율"
                    },
                    {
                        "word": "통계처리"
                    },
                    {
                        "word": "표준오차"
                    },
                    {
                        "word": "항산화 활성"
                    },
                    {
                        "word": "홍국발효홍삼"
                    },
                    {
                        "word": "홍삼"
                    },
                    {
                        "word": "활성 측정"
                    },
                    {
                        "word": "흡광도"
                    },
                    {
                        "word": "흥국발효홍삼"
                    }
                ]
            },
            {
                "context_id": "55e-0c9-merge_la_8a2ae4d1-1137a09e-0a65-402a-9b0b-9239866f71c4_09",
                "context_K-NSCC": {
                    "field": "생명",
                    "large_category": "LA",
                    "medium_category": "07"
                },
                "context": "<h2>홍삼 및 흥국발효홍삼 분말 추출물의 DPPH free radical에 의한 전자공여 활성</h2> <p>DPPH는 비교적 안정한 free radical로써, ascorbic acid, tocopherol, polyhydroxy 방향족 화합물, 방향족 아민류에 의해 환원되어 짙은 자색이 탈색되는 원리를 이용하여 항산화 활성 을 측정하는데, 이러한 DPPH법은 식물 추출물의 항산화 활성을 간단히 측정할 수 있는 동시에 실제 항산화 활성과도 연관 성이 매우 높기 때문에 많이 이용되고 있다.</P><P>홍삼 및 홍국발효홍삼 추출물의 DPPH radical 소거정도에 의한 항산화 활성은 Fig 에 나타내었다. 양성 대조구로 사용된 시판 합성 항산화제인 BHT \\(0.1 \\% \\)처리에 의해서 \\( 95.3 \\% \\)로 높은 활성을 보였다. 홍삼 및 홍국발효홍삼 추출물의 항산화 활성은 수용성, \\( 70 \\% \\)에탄올, \\( 70 \\% \\)메탄올 추출물 모두 홍삼 추출물 보다는 홍국발효홍삼 추출물에서 약간씩 항산화 활성 이 높은 것으로 나타났으나, 전체적으로 볼 때 \\( 19.2 \\% \\sim 29.5 \\% \\)로 높은 항산화 활성은 아닌 것으로 보여 진다. 홍국발효홍삼 추출물에서 항산화 활성이 높은 것은 홍삼을 발효시킨 홍국의 영향에 의한 것으로 판단되며, 실제로 홍국 추출물에서 항산 화 활성이 보고 되고 있어 이를 뒷받침하고 있다.</p> <p>홍국을 접종하여 \\( 30 ^ {\\circ } \\mathrm { C } \\)에서 15일간 발효시킨 발효콩의 \\( 70 \\% \\) 에탄올 추출물은 \\( 3 \\mathrm { mg } / \\mathrm { ml } \\)농도에서 DPPH radical scavenging effect가 비 발효콩보다 5.2 7.4배 높다고 하였으며, 이러한 항산화 톡성은 Monascus-fermentation 동안 콩으로부터 유래된 mevinolins 및 isoflavone aglycones에 기인한다고 하였다. 그러나 Kim 등은 홍삼 수용성 추출물의 \\( 0.05 \\%(0.5 \\) \\( \\mathrm { mg } / \\mathrm { ml } ) \\sim 20 \\)농도까지 처리에 의한 항산화 활성은 농도 의존적으로 증가하였으며, \\( 0.05 \\% \\)처리에 의해 약 \\( 30 \\% \\)정도로 본 실험결과와 유사하였으나, 이보다 높은 농도인 \\( 0.1 \\% \\)처 에 의해서는 약 \\( 60 \\% \\)정도의 활성을 보여 본 실험 결과와는 약간 다른 경향을 보였다.</p> <p>미국 백삼으로부터 30, 60, 90및 120분의 열처리 시간을 달리하면서 제조한 홍삼의 \\( 0.1 \\mathrm { mg } / \\mathrm { ml } \\)농도 처리에서 DPPH radical scavenging activity \\( \\% \\)는 백삼 \\(59.9 \\% \\)에 비해 각각 \\( 65.2 \\%, 76.1 \\%, 79.9 \\% \\)및 \\( 88.5 \\% \\)로 모두 증가하였데, 이 때 총 phenolics의 농도도 백삼 \\( 445.5 \\mathrm { mg } / 100 \\mathrm { ~g } \\)에 비해 홍삼은 489.6,518.5,532.1 및 \\( 574.2 \\mathrm { mg } / 100 \\mathrm { ~g } \\)으로 열처리 시간 증가와 함께 phenolic 화합물이 증가하고, 따라서 DPPH radical scavenging activity 사이에 높은 정의 상관관계 \\( \\left ( \\mathrm { r } ^ { 2 } =0.9991 \\right ) \\)가 성립되었다고 하였다. 백삼에 비해 홍삼에서 항산화 활성이 증가하는 원인으로 열처리 과정 중에 생성되는 Maillard 반응 생성물인 maltol이 지적되어 있으며, 이 maltol에는 phenolic compounds가 풍부하여 강한 free radical scavenging 활성을 가진 것으로 보고 된 바 있다. Maltol과 같은 Maillard 반응 생성물은 열처리 시간이 길어지면 그만큼 항산화 활성이 증가하는데, 한국산 홍삼, 버섯, 커피 및 과 일도 DPPH free radical scavenging 활성 증가와 함께 항산화 활성이 증가되었다고 하였다. 인삼 수용성 추출물 2 \\( \\mathrm { mg } / \\mathrm { ml } \\)을 첨가하여 DPPH법으로 in vitro 항산화 활성을 측정 한 실험에서 radical scavenging 활성은 거의 없는 것으로 나타나 항산화 효과가 거의 없는 것으로 보고된 바 있다. Kim 등도 약용식물의 수용성 추출물에서 전자공여능에 의한 항산화 활성을 측정한 결과 \\( 1.0 \\mathrm { mg } / \\mathrm { ml } (0.1 \\%) \\)농도에서 당귀 \\( 15.8 \\% \\), 감초 \\( 13.3 \\% \\), 옥죽 \\( 5.4 \\% \\)로 보고되어 시료에 따라 항산화 활성을 다르게 나타내는 경우도 있다. 이상의 결과에서 홍삼 및 홍국발효홍삼 추출물의 DPPH free radical 소거능은 추출 용매의 차이에 의해 크게 영향을 받지 않는 것으로 나타났으며, 홍국균의 발효에 의해서도 크게 항산화 활성이 증가되지는 않는 것으로 나타났다.</p>",
                "context_length": 2566,
                "clue": [
                    {
                        "clue_text": "DPPH는 비교적 안정한 free radical로써, ascorbic acid, tocopherol, polyhydroxy 방향족 화합물, 방향족 아민류에 의해 환원되어 짙은 자색이 탈색되는 원리를 이용하여 항산화 활성 을 측정하는데, 이러한 DPPH법은 식물 추출물의 항산화 활성을 간단히 측정할 수 있는 동시에 실제 항산화 활성과도 연관 성이 매우 높기 때문에 많이 이용되고 있다.",
                        "clue_start": "62",
                        "clue_end": "277"
                    },
                    {
                        "clue_text": "백삼에 비해 홍삼에서 항산화 활성이 증가하는 원인으로 열처리 과정 중에 생성되는 Maillard 반응 생성물인 maltol이 지적되어 있으며, 이 maltol에는 phenolic compounds가 풍부하여 강한 free radical scavenging 활성을 가진 것으로 보고 된 바 있다.",
                        "clue_start": "1776",
                        "clue_end": "1940"
                    },
                    {
                        "clue_text": "이상의 결과에서 홍삼 및 홍국발효홍삼 추출물의 DPPH free radical 소거능은 추출 용매의 차이에 의해 크게 영향을 받지 않는 것으로 나타났으며, 홍국균의 발효에 의해서도 크게 항산화 활성이 증가되지는 않는 것으로 나타났다.",
                        "clue_start": "2432",
                        "clue_end": "2562"
                    },
                    {
                        "clue_text": "Maltol과 같은 Maillard 반응 생성물은 열처리 시간이 길어지면 그만큼 항산화 활성이 증가하는데, 한국산 홍삼, 버섯, 커피 및 과 일도 DPPH free radical scavenging 활성 증가와 함께 항산화 활성이 증가되었다고 하였다.",
                        "clue_start": "1941",
                        "clue_end": "2081"
                    },
                    {
                        "clue_text": "인삼 수용성 추출물 2 \\( \\mathrm { mg } / \\mathrm { ml } \\)을 첨가하여 DPPH법으로 in vitro 항산화 활성을 측정 한 실험에서 radical scavenging 활성은 거의 없는 것으로 나타나 항산화 효과가 거의 없는 것으로 보고된 바 있다.",
                        "clue_start": "2082",
                        "clue_end": "2238"
                    }
                ],
                "terminology": [
                    {
                        "word": "BHT"
                    },
                    {
                        "word": "DPPH free radical scavenging"
                    },
                    {
                        "word": "DPPH free radical 소거능"
                    },
                    {
                        "word": "DPPH radical scavenging effect"
                    },
                    {
                        "word": "DPPH radical 소거정도"
                    },
                    {
                        "word": "DPPH법"
                    },
                    {
                        "word": "Maillard 반응 생성물"
                    },
                    {
                        "word": "Monascus-fermentation"
                    },
                    {
                        "word": "ascorbic"
                    },
                    {
                        "word": "free radical scavenging 활성"
                    },
                    {
                        "word": "in vitro 항산화"
                    },
                    {
                        "word": "isoflavone aglycones"
                    },
                    {
                        "word": "maltol"
                    },
                    {
                        "word": "mevinolins"
                    },
                    {
                        "word": "phenolic compounds"
                    },
                    {
                        "word": "phenolic 화합물"
                    },
                    {
                        "word": "phenolics"
                    },
                    {
                        "word": "polyhydroxy"
                    },
                    {
                        "word": "radical scavenging activity"
                    },
                    {
                        "word": "농도 의존적"
                    },
                    {
                        "word": "당귀"
                    },
                    {
                        "word": "발효"
                    },
                    {
                        "word": "방향족 아민류"
                    },
                    {
                        "word": "상관관계"
                    },
                    {
                        "word": "수용성 추출물"
                    },
                    {
                        "word": "시료"
                    },
                    {
                        "word": "식물 추출물"
                    },
                    {
                        "word": "약용식물"
                    },
                    {
                        "word": "양성 대조구"
                    },
                    {
                        "word": "에탄올 추출물"
                    },
                    {
                        "word": "열처리"
                    },
                    {
                        "word": "옥죽"
                    },
                    {
                        "word": "인삼"
                    },
                    {
                        "word": "전자공여"
                    },
                    {
                        "word": "전자공여능"
                    },
                    {
                        "word": "접종"
                    },
                    {
                        "word": "추출 용매"
                    },
                    {
                        "word": "합성"
                    },
                    {
                        "word": "항산화 활성"
                    },
                    {
                        "word": "항산화 효과"
                    },
                    {
                        "word": "홍국균"
                    },
                    {
                        "word": "홍국발효홍삼"
                    },
                    {
                        "word": "홍삼"
                    },
                    {
                        "word": "환원"
                    },
                    {
                        "word": "흥국발효홍삼"
                    }
                ]
            },
            {
                "context_id": "55e-0c9-merge_la_8a2ae4d1-1137a09e-0a65-402a-9b0b-9239866f71c4_01",
                "context_K-NSCC": {
                    "field": "생명",
                    "large_category": "LA",
                    "medium_category": "07"
                },
                "context": "<p>본 연구에서는 이러한 홍국균을 흥삼에 접종하여 발효시킴으로서 얻어지는 홍국발효홍삼을 이용하여 간 기능 개선 등 건강보조식품을 개발할 목적으로 그 기초 자료를 얻기 위하여 홍국발효홍삼의 일반 이화학적 특성조사와 함께 생리활성작 용에 대하여 검토하였다.</p>\\( \\mathrm { w/v } \\)<h1>재료 및 방법</h1> <h2>실험 재료</h2> <p>실험 재료인 홍삼은 6년근 수삼으로부터 증숙과 건조 과정을 거쳐 제조한 홍삼을 분쇄(MICRO-JET MILL HKJM-300, Hankook Powder System, Seoul, Korea)한 후 얻어진 홍삼분말에 전배양 시킨 홍국균(Monascus purpureus KCCM 12002)을 \\( 5 \\% \\)( \\( \\mathrm { w/v } \\))접종시켜 \\( 30 ^ {\\circ } \\mathrm { C } \\)에서 30일간 고체배양 한 후 건조시킨 분말(200 mesh)을 (주)일한인삼(금산, 충남)에서 제공 받아 사용하였다.</p> <h2>시료의 추출 및 수율 측정</h2> <p>수용성 추출물을 얻기 위하여 각각 건조된 횽삼 및 홍국발효홍삼 분말 시료 \\( 100 \\mathrm { ~g } \\)에 10배 양의 3차 증류수를 가한 후 \\( 40 ^ {\\circ } \\mathrm { C } \\)항온수조에서 3시간씩 교반하면서 3회 반복 추출하였으며, \\(70 \\% \\)에탄올 및 \\(70 \\% \\)메탄올 용매를 수용성 추출물과 동일한 방법으로 추출한 후 추출액을 모아 여과지(Whatman No.2, Whatman International Ltd., England)로 여과시켜 여액을 ro-tatory vacuum evaporator (Rotavapor R215, BUCHI, Switzeland)로 감압 농축하여 각각의 용매를 제거시킨 후 freeze dryer (삼원냉열 SF-DSF 12, 부산, 한국)로 동결건조하여 추출 수율을 구하였다.</p> <h2>총 당 측정</h2> <p>총 당은 phenol-sulfuric acid법으로 측정하였다. 즉, 시험관에 홍삼 및 홍국발효홍삼 분말을 \\( 1 \\% \\)( \\( \\mathrm { w/v } \\))로 증류수에 녹인 시료용액을 각각 \\( 0.5 \\mathrm { ml } \\)씩 취하고, 동시에 표준용액을 \\( 0.5 \\mathrm { ml } \\)씩 각각 취하여 \\( 5 \\% \\)정제페놀수를 \\( 0.5 \\mathrm { ml } \\)가해 잘 혼합시켰다. 여기에 농황산 \\( 2.5 \\mathrm { ml } \\)를 가하여 발색시켜 20분 경과 후 \\( 490 \\mathrm { ~nm } \\)에서 흡광도를 측정하여 검량선으로부터 구해진 포도당의 비율로 총당 함량을 계산하였다.</p> <h2>총 폴리페놀 화합물의 함량 측정</h2> <p>총 폴리페놀 화합물의 함량은 페놀성 물질이 phosphomolybdic acid와 반응하여 청색을 나타내는 것을 이용한 FolinDenis법을 약간 변형시켜 측정하였다. 즉, 홍삼 및 홍국발효홍삼 분말을 \\( 1 \\% \\)( \\( \\mathrm { w/v } \\))로 증류수에 녹인 시료용액 \\( 0.5 \\mathrm { ml } \\)에 Folin-Ciocalteu's phenol reagent \\( 2.5 \\mathrm { ml } \\)를 첨가하여 잘 흔합하고 5분간 실온에서 방치하였다. 정확히 5분 반응시킨 후 \\( 7.5 \\% \\mathrm { Na } _ { 2 } \\mathrm { CO } _ { 3 } 2 \\mathrm { ml } \\)를 가하여 흔합하고 \\( 50 ^ {\\circ } \\mathrm { C } \\)에서 5분간 발색시킨 후 \\( 760 \\mathrm { ~nm } \\)에서 홉광도를 측정하였다. 이때 총 폴리페놀 화합물은 tannic acid를 이용하여 작성한 표준곡선으로 부터 함량을 구하였다. Tannic acid를 이용한 표준곡선은 tannic acid \\( 1 \\mathrm { mg } \\)을 \\( 50 \\% \\)메탄올 용액 \\( 1 \\mathrm { ml } \\)에 녹이고 최종 농도가 0,50,100,150,200,300 및 \\( 500 \\mu \\mathrm { g } / \\mathrm { ml } \\)용액이 되도록 취하여 위와 같은 방법으로 \\( 760 \\mathrm { ~nm } \\)에서 흡광도를 측정하여 작성하였다.</p>",
                "context_length": 2159,
                "clue": [
                    {
                        "clue_text": "본 연구에서는 이러한 홍국균을 흥삼에 접종하여 발효시킴으로서 얻어지는 홍국발효홍삼을 이용하여 간 기능 개선 등 건강보조식품을 개발할 목적으로 그 기초 자료를 얻기 위하여 홍국발효홍삼의 일반 이화학적 특성조사와 함께 생리활성작 용에 대하여 검토하였다.",
                        "clue_start": "3",
                        "clue_end": "142"
                    },
                    {
                        "clue_text": "실험 재료인 홍삼은 6년근 수삼으로부터 증숙과 건조 과정을 거쳐 제조한 홍삼을 분쇄(MICRO-JET MILL HKJM-300, Hankook Powder System, Seoul, Korea)한 후 얻어진 홍삼분말에 전배양 시킨 홍국균(Monascus purpureus KCCM 12002)을 \\( 5 \\% \\)( \\( \\mathrm { w/v } \\))접종시켜 \\( 30 ^ {\\circ } \\mathrm { C } \\)에서 30일간 고체배양 한 후 건조시킨 분말(200 mesh)을 (주)일한인삼(금산, 충남)에서 제공 받아 사용하였다.",
                        "clue_start": "202",
                        "clue_end": "505"
                    },
                    {
                        "clue_text": "수용성 추출물을 얻기 위하여 각각 건조된 횽삼 및 홍국발효홍삼 분말 시료 \\( 100 \\mathrm { ~g } \\)에 10배 양의 3차 증류수를 가한 후 \\( 40 ^ {\\circ } \\mathrm { C } \\)항온수조에서 3시간씩 교반하면서 3회 반복 추출하였으며, \\(70 \\% \\)에탄올 및 \\(70 \\% \\)메탄올 용매를 수용성 추출물과 동일한 방법으로 추출한 후 추출액을 모아 여과지(Whatman No.2, Whatman International Ltd., England)로 여과시켜 여액을 ro-tatory vacuum evaporator (Rotavapor R215, BUCHI, Switzeland)로 감압 농축하여 각각의 용매를 제거시킨 후 freeze dryer (삼원냉열 SF-DSF 12, 부산, 한국)로 동결건조하여 추출 수율을 구하였다.",
                        "clue_start": "537",
                        "clue_end": "966"
                    },
                    {
                        "clue_text": "총 당은 phenol-sulfuric acid법으로 측정하였다.",
                        "clue_start": "990",
                        "clue_end": "1025"
                    },
                    {
                        "clue_text": "총 폴리페놀 화합물의 함량은 페놀성 물질이 phosphomolybdic acid와 반응하여 청색을 나타내는 것을 이용한 FolinDenis법을 약간 변형시켜 측정하였다.",
                        "clue_start": "1389",
                        "clue_end": "1483"
                    }
                ],
                "terminology": [
                    {
                        "word": "Folin-Ciocalteu's phenol"
                    },
                    {
                        "word": "KCCM"
                    },
                    {
                        "word": "Whatman International"
                    },
                    {
                        "word": "freeze dryer"
                    },
                    {
                        "word": "mesh"
                    },
                    {
                        "word": "phenol reagent"
                    },
                    {
                        "word": "phenol-sulfuric acid법"
                    },
                    {
                        "word": "tannic acid"
                    },
                    {
                        "word": "vacuum evaporator"
                    },
                    {
                        "word": "감압 농축"
                    },
                    {
                        "word": "검량선"
                    },
                    {
                        "word": "고체배양"
                    },
                    {
                        "word": "농황산"
                    },
                    {
                        "word": "동결건조"
                    },
                    {
                        "word": "수삼"
                    },
                    {
                        "word": "수용성 추출물"
                    },
                    {
                        "word": "시료"
                    },
                    {
                        "word": "시료용액"
                    },
                    {
                        "word": "여과지"
                    },
                    {
                        "word": "여액"
                    },
                    {
                        "word": "용매"
                    },
                    {
                        "word": "이화학적"
                    },
                    {
                        "word": "전배양"
                    },
                    {
                        "word": "접종"
                    },
                    {
                        "word": "증류수"
                    },
                    {
                        "word": "총 폴리페놀 화합물의 함량"
                    },
                    {
                        "word": "총당 함량"
                    },
                    {
                        "word": "추출 수율"
                    },
                    {
                        "word": "페놀성 물질"
                    },
                    {
                        "word": "포도당"
                    },
                    {
                        "word": "표준곡선"
                    },
                    {
                        "word": "표준용액"
                    },
                    {
                        "word": "홍국균"
                    },
                    {
                        "word": "홍국발효홍삼 분말"
                    },
                    {
                        "word": "흡광도"
                    }
                ]
            },
            {
                "context_id": "55e-0c9-merge_la_8a2ae4d1-1137a09e-0a65-402a-9b0b-9239866f71c4_00",
                "context_K-NSCC": {
                    "field": "생명",
                    "large_category": "LA",
                    "medium_category": "07"
                },
                "context": "<h1>서 론</h1> <p>식생활의 서구화, 환경오염 및 일상생활 속의 스트레스로 인한 음주의 빈도가 잦아짐에 따라 지방간, 간경화, 간암, 고지혈증, 고혈압, 당뇨병, 심장병, 동맥경화증 등의 만성적 질환이 사회적인 문제로 대두되고 있다. 한편, 체내에 유입된 이질성물질(xenobiotics)로 인한 세포 내 유리기(free radical) 생성이나 산화 스트레스에 의해 생성된 생체막 과산화지질의 증가는 조직 세포에 산화적 손상을 주어 조직의 정상적인 생리적 기능을 저하시킴으로서 각종 질병의 발병 원인이 되거나 노화가 진행된다고 하는 확설이 설득력을 얻어가고 있다.<p> <p>우리가 섭취하고 있는 알코올 역시 다른 식품과는 달리 체내에 축적되지 못하는 xenobiotics의 한 종류이며, 과량의 알코올을 섭취하면 간 조직 내에서 알코올 분해산물로 생성된 아세트알데히드와 NADH가 간 세포 손상은 물른 뇌로 전해져 많은 유해화합물로 변화되어 안면홍조, 맥박증가, 오심, 구토 등의 숙취증상을 초래할 수 있다. 간 조직에서 알코올 대사는 주로 ADH와 ALDH활성에 영향을 주는 요인들에 의해 영향을 받게 된다.</p> <p>현대인의 알코올 섭취는 과음 내지는 폭음으로 인해 음주 후 숙취 해소를 위한 숙취 음료나 야물의 섭취로 이어져 이에 대한 관심 증가와 함께 관련 연구도 많이 수행되어져 왔으나 그 효과가 두드러지게 나타나는 경우는 드물다. 대부분 음주자들의 과음 또는 폭음에 따른 숙취해소는 꿀물, 복어국, 한약재 추출물 등 민간요법에 의존하고 있는데, 특히 숙취해소와 함께 예방의학적 효과를 기대할 수 있는 재료로 한약 재가 각광을 받고 있는 추세이다.인삼은 예로부터 생 약재 중에서 가장 진귀한 약제로 사용되어 왔고, 최근까지 인삼의 다양한 한방적 효능이 현대 과학적 연구를 통하여 점차 밝혀지면서 신진대사 촉진작용, 독성물질 해독작용, 간 보호 작용, 간 재생 촉진 작용, 알코올 해독 촉진작용, 고지혈증 개 선효과, 당뇨병 개선효과, 고혈압 개선효과 등이 보고되고 있다. 수삼의 증숙 및 건조로 제조된 홍삼에도 가용성 사포닌 성분과 phenolic acids에 속하는 caffeic acid, saicylic acid, ferulic acid, vanillic acid, maltol, panaxynol, diol 및 triol saponin, ginsenoside Rb1 및 Rb2, matol (2-methy-3,3-hydroxypyrone), cephaloridine, panaxadiol, panaxatriol 등이 간 조직에서 항산화 활성과 항산화 물질의 활성을 증진시키는 효과도 있음이 밝혀졌다.</p> <p>홍국(Monascus purpureus-fermented rice, Red yeast rice, Red koji)은 중국, 대만, 일본, 필리핀 등을 중심으로 동아시아 여러 지역에서 소화불량, 타박상, 이질 등의 민간약재로 사용되어 왔으며, 동시에 홍주, 홍두부 등 천연식품 착색제나 가공품의 소재로 활용되어져 홍국색소가 일본에서는 식품첨가물 로 사용되고 있다. 최근 들어 홍국균이 생산하는 monacolin K, mevinolin, lovastatin, \\( \\gamma \\)-aminobutyric acid (GABA), acethylcholine 등에 의해 콜레스테를 저하 작용, 혈압상승 억제 작용이 밝혀져 있어 홍국의 경제적 효용가치를 시사 하는 중요한 단서가 되고 있다. 최근 mevinolin과 isoflavon 등 특정의 유효 활성성분을 증강시켜 부가가치를 높이기 위하여 홍국 발효콩을 개발하여 잠재된 복합기능성을 평가한 결과가 보고 되었다. 현재 홍국의 우수한 생리활성 효능 때문에 이를 새로운 건강기능식품 개발에 활용하려는 연구가 활발하게 이루어지고 있는 가운데 홍국을 소재로 한 된장, 고추장, 발효메밀, 발효콩 등 건강지향 관련 식품이 상품화 되고 있으며, 또한 식품의약품안 전청은 높은 콜레스테롤 수치의 개선에 도움이 되는 흥국제품을 건강기능식품의 신규품목으로 지정 하게 됨으로서 시장의 활성화가 기대되고 있다.</p>",
                "context_length": 2008,
                "clue": [
                    {
                        "clue_text": "식생활의 서구화, 환경오염 및 일상생활 속의 스트레스로 인한 음주의 빈도가 잦아짐에 따라 지방간, 간경화, 간암, 고지혈증, 고혈압, 당뇨병, 심장병, 동맥경화증 등의 만성적 질환이 사회적인 문제로 대두되고 있다.",
                        "clue_start": "16",
                        "clue_end": "135"
                    },
                    {
                        "clue_text": "대부분 음주자들의 과음 또는 폭음에 따른 숙취해소는 꿀물, 복어국, 한약재 추출물 등 민간요법에 의존하고 있는데, 특히 숙취해소와 함께 예방의학적 효과를 기대할 수 있는 재료로 한약 재가 각광을 받고 있는 추세이다.",
                        "clue_start": "704",
                        "clue_end": "824"
                    },
                    {
                        "clue_text": "인삼은 예로부터 생 약재 중에서 가장 진귀한 약제로 사용되어 왔고, 최근까지 인삼의 다양한 한방적 효능이 현대 과학적 연구를 통하여 점차 밝혀지면서 신진대사 촉진작용, 독성물질 해독작용, 간 보호 작용, 간 재생 촉진 작용, 알코올 해독 촉진작용, 고지혈증 개 선효과, 당뇨병 개선효과, 고혈압 개선효과 등이 보고되고 있다.",
                        "clue_start": "824",
                        "clue_end": "1005"
                    },
                    {
                        "clue_text": "최근 들어 홍국균이 생산하는 monacolin K, mevinolin, lovastatin, \\( \\gamma \\)-aminobutyric acid (GABA), acethylcholine 등에 의해 콜레스테를 저하 작용, 혈압상승 억제 작용이 밝혀져 있어 홍국의 경제적 효용가치를 시사 하는 중요한 단서가 되고 있다.",
                        "clue_start": "1516",
                        "clue_end": "1694"
                    }
                ],
                "terminology": [
                    {
                        "word": "2-methy-3"
                    },
                    {
                        "word": "3-hydroxypyrone"
                    },
                    {
                        "word": "ADH"
                    },
                    {
                        "word": "ALDH활성"
                    },
                    {
                        "word": "GABA"
                    },
                    {
                        "word": "NADH"
                    },
                    {
                        "word": "Rb2"
                    },
                    {
                        "word": "Red koji"
                    },
                    {
                        "word": "Red yeast rice"
                    },
                    {
                        "word": "acethylcholine"
                    },
                    {
                        "word": "aminobutyric acid"
                    },
                    {
                        "word": "caffeic acid"
                    },
                    {
                        "word": "cephaloridine"
                    },
                    {
                        "word": "diol"
                    },
                    {
                        "word": "ferulic"
                    },
                    {
                        "word": "ferulic acid"
                    },
                    {
                        "word": "ginsenoside Rb1"
                    },
                    {
                        "word": "isoflavon"
                    },
                    {
                        "word": "lovastatin"
                    },
                    {
                        "word": "maltol"
                    },
                    {
                        "word": "matol"
                    },
                    {
                        "word": "mevinolin"
                    },
                    {
                        "word": "monacolin K"
                    },
                    {
                        "word": "panaxadiol"
                    },
                    {
                        "word": "panaxatriol"
                    },
                    {
                        "word": "panaxynol"
                    },
                    {
                        "word": "phenolic"
                    },
                    {
                        "word": "phenolic acids"
                    },
                    {
                        "word": "radical"
                    },
                    {
                        "word": "saicylic acid"
                    },
                    {
                        "word": "triol saponin"
                    },
                    {
                        "word": "vanillic acid"
                    },
                    {
                        "word": "xenobiotics"
                    },
                    {
                        "word": "가용성 사포닌 성분"
                    },
                    {
                        "word": "간경화"
                    },
                    {
                        "word": "경제적 효용가치"
                    },
                    {
                        "word": "고지혈증"
                    },
                    {
                        "word": "고혈압"
                    },
                    {
                        "word": "과산화지질"
                    },
                    {
                        "word": "당뇨병"
                    },
                    {
                        "word": "당뇨병 개선효과"
                    },
                    {
                        "word": "대두"
                    },
                    {
                        "word": "독성물질"
                    },
                    {
                        "word": "동맥경화증"
                    },
                    {
                        "word": "만성적"
                    },
                    {
                        "word": "만성적 질환"
                    },
                    {
                        "word": "분해산물"
                    },
                    {
                        "word": "산화"
                    },
                    {
                        "word": "산화 스트레스"
                    },
                    {
                        "word": "산화적 손상"
                    },
                    {
                        "word": "생리활성"
                    },
                    {
                        "word": "생리활성 효능"
                    },
                    {
                        "word": "생체막"
                    },
                    {
                        "word": "세포"
                    },
                    {
                        "word": "수삼"
                    },
                    {
                        "word": "신진대사"
                    },
                    {
                        "word": "아세트알데히드"
                    },
                    {
                        "word": "안면홍조"
                    },
                    {
                        "word": "알코올"
                    },
                    {
                        "word": "알코올 대사"
                    },
                    {
                        "word": "예방의학적 효과"
                    },
                    {
                        "word": "오심"
                    },
                    {
                        "word": "유리기"
                    },
                    {
                        "word": "유해화합물"
                    },
                    {
                        "word": "이질성물질"
                    },
                    {
                        "word": "인삼"
                    },
                    {
                        "word": "증숙"
                    },
                    {
                        "word": "지방간"
                    },
                    {
                        "word": "콜레스테롤"
                    },
                    {
                        "word": "콜레스테를"
                    },
                    {
                        "word": "항산화"
                    },
                    {
                        "word": "항산화 물질"
                    },
                    {
                        "word": "해독작용"
                    },
                    {
                        "word": "홍국균"
                    },
                    {
                        "word": "홍국색소"
                    },
                    {
                        "word": "활성성분"
                    },
                    {
                        "word": "활성화"
                    }
                ]
            },
            {
                "context_id": "55e-0c9-merge_la_8a2ae4d1-1137a09e-0a65-402a-9b0b-9239866f71c4_03",
                "context_K-NSCC": {
                    "field": "생명",
                    "large_category": "LA",
                    "medium_category": "07"
                },
                "context": "<h2>DPPH법에 의한 항산화 활성 측정</h2> <p>DPPH \\( \\left ( \\alpha, \\alpha ^ {\\prime } \\right . \\)-diphenyl- \\( \\beta \\)-picrylhydrazyl)를 이용한 전자공여능(electron donating ability; EDA) 측정에 의한 항산화 활성은 Blois 방법에 따랐다. 즉, DPPH 용액은 \\( 100 \\mathrm { ml } \\) 에탄올에 DPPH 16 \\( \\mathrm { mg } \\)을 녹인 후 증류수 \\( 100 \\mathrm { ml } \\)를 혼합하여 Whatman filter paper No. 2에 여과시켜 만들었다. 이 용액 \\( 5 \\mathrm { ml } \\)에 일정농도 \\( (0.1 \\%) \\)의 시료용액 \\( 1 \\mathrm { ml } \\)을 혼합한 후 실온에서 30분간 반응시킨 후 \\( 528 \\mathrm { ~nm } \\)에서 흡광도의 감소를 측정하였다. 이때 대조구인 BHT도 \\(0.1 \\% \\)농도로 첨가하여 위에서와 동일한 방법으로 흡광도 감소를 측정하였다. DPPH를 이용한 전자공여능 (electron donating ability; EDA)(Blois MS. 1958)은 시료 첨가구와 무첨가구의 홉광도차를 백분율(%)로 표시하였다.</p> <p>EDA \\( ( \\%)= \\{ 1-( \\mathrm { Abs } / \\mathrm { Abc } )] \\times 100 \\)</p> <p>Abc: Absorbance of control treatment at \\( 528 \\mathrm { ~nm } \\)</p> <p>Abs: Absorbance of sample treatment at \\( 528 \\mathrm { ~nm } \\)</p> <h2>Thiocyanate에 의한 항산화 활성 측정</h2> <p>Ohkawa의 방법에 따라 먼저 linoleic acid \\( (25 \\mathrm { mg } / \\mathrm { ml } \\)in EtOH), ferrous chloride \\( (2.45 \\mathrm { mg } / \\mathrm { ml } \\ in \\( 3.5 \\% \\)hydrochloric acid), ammonium thiocyanate \\( \\left (0.3 \\mathrm { ~g } / \\mathrm { ml } \\right . \\)in \\( \\left . \\mathrm { H } _ { 2 } \\mathrm { O } \\right ), 0.2 \\mathrm { M } \\) phosphate buffer( \\( \\mathrm { pH } \\)7.0)를 조제하여 이들을 stock solution으로 사용하였다. 혼합용액은 시료용액 \\( 0.2 \\mathrm { ml } \\), linoleic acid \\( 0.2 \\mathrm { ml } \\)을 시험관에 넣고 흔합한 후 phosphate buffer \\( 0.4 \\mathrm { ml } \\)와 증류수 \\( 0.2 \\mathrm { ml } \\)를 가하여 \\( 40 ^ {\\circ } \\mathrm { C } \\)에서 incubation하면서 일정간경으로 측정하였다. 측정방법은 혼합용액에서 \\( 0.1 \\mathrm { ml } \\)을 취하여 시험관에 넣고 \\(70 \\% \\)ethanol \\( 3 \\mathrm { ml } \\)과 ammonium thiocyanate 용액 \\( 0.1 \\mathrm { ml } \\), ferrous chloride 용액 \\( 0.1 \\mathrm { ml } \\)를 혼합한 후 정확히 3분 후에 \\( 500 \\mathrm { ~nm } \\)에서 흡광도를 측정하였다. 이때 활성의 비교를 위하여 BHT를 \\( 0.05 \\% \\)농도로 사용하여 BHT 첨가구로 하였다.</p>",
                "context_length": 1874,
                "clue": [
                    {
                        "clue_text": "DPPH \\( \\left ( \\alpha, \\alpha ^ {\\prime } \\right . \\)-diphenyl- \\( \\beta \\)-picrylhydrazyl)를 이용한 전자공여능(electron donating ability; EDA) 측정에 의한 항산화 활성은 Blois 방법에 따랐다.",
                        "clue_start": "32",
                        "clue_end": "197"
                    },
                    {
                        "clue_text": "이 용액 \\( 5 \\mathrm { ml } \\)에 일정농도 \\( (0.1 \\%) \\)의 시료용액 \\( 1 \\mathrm { ml } \\)을 혼합한 후 실온에서 30분간 반응시킨 후 \\( 528 \\mathrm { ~nm } \\)에서 흡광도의 감소를 측정하였다.",
                        "clue_start": "349",
                        "clue_end": "494"
                    },
                    {
                        "clue_text": "측정방법은 혼합용액에서 \\( 0.1 \\mathrm { ml } \\)을 취하여 시험관에 넣고 \\(70 \\% \\)ethanol \\( 3 \\mathrm { ml } \\)과 ammonium thiocyanate 용액 \\( 0.1 \\mathrm { ml } \\), ferrous chloride 용액 \\( 0.1 \\mathrm { ml } \\)를 혼합한 후 정확히 3분 후에 \\( 500 \\mathrm { ~nm } \\)에서 흡광도를 측정하였다.",
                        "clue_start": "1570",
                        "clue_end": "1814"
                    },
                    {
                        "clue_text": "이때 활성의 비교를 위하여 BHT를 \\( 0.05 \\% \\)농도로 사용하여 BHT 첨가구로 하였다.",
                        "clue_start": "1815",
                        "clue_end": "1870"
                    }
                ],
                "terminology": [
                    {
                        "word": "Abc"
                    },
                    {
                        "word": "Abs"
                    },
                    {
                        "word": "Absorbance"
                    },
                    {
                        "word": "BHT"
                    },
                    {
                        "word": "Blois 방법"
                    },
                    {
                        "word": "DPPH"
                    },
                    {
                        "word": "DPPH 용액"
                    },
                    {
                        "word": "DPPH법"
                    },
                    {
                        "word": "EDA"
                    },
                    {
                        "word": "EtOH"
                    },
                    {
                        "word": "Ohkawa"
                    },
                    {
                        "word": "Thiocyanate"
                    },
                    {
                        "word": "Whatman filter paper"
                    },
                    {
                        "word": "acid"
                    },
                    {
                        "word": "ammonium thiocyanate"
                    },
                    {
                        "word": "buffer"
                    },
                    {
                        "word": "chloride"
                    },
                    {
                        "word": "control"
                    },
                    {
                        "word": "electron"
                    },
                    {
                        "word": "ethanol"
                    },
                    {
                        "word": "ferrous"
                    },
                    {
                        "word": "ferrous chloride"
                    },
                    {
                        "word": "filter paper"
                    },
                    {
                        "word": "hydrochloric acid"
                    },
                    {
                        "word": "incubation"
                    },
                    {
                        "word": "linoleic"
                    },
                    {
                        "word": "linoleic acid"
                    },
                    {
                        "word": "pH"
                    },
                    {
                        "word": "phosphate buffer"
                    },
                    {
                        "word": "stock"
                    },
                    {
                        "word": "stock solution"
                    },
                    {
                        "word": "무첨가구"
                    },
                    {
                        "word": "백분율"
                    },
                    {
                        "word": "시료"
                    },
                    {
                        "word": "시료용액"
                    },
                    {
                        "word": "에탄올"
                    },
                    {
                        "word": "여과"
                    },
                    {
                        "word": "전자공여능"
                    },
                    {
                        "word": "증류수"
                    },
                    {
                        "word": "첨가구"
                    },
                    {
                        "word": "항산화"
                    },
                    {
                        "word": "항산화 활성"
                    },
                    {
                        "word": "활성 측정"
                    },
                    {
                        "word": "흡광도"
                    },
                    {
                        "word": "흡광도 감소"
                    }
                ]
            },
            {
                "context_id": "55e-0c9-merge_la_8a2ae4d1-1137a09e-0a65-402a-9b0b-9239866f71c4_02",
                "context_K-NSCC": {
                    "field": "생명",
                    "large_category": "LA",
                    "medium_category": "07"
                },
                "context": "<h2>가용성 고형분</h2> <p>홍삼 및 홍국발효홍삼 분말을 \\( 1 \\% \\)( \\( \\mathrm { w/v } \\))로 증류수에 녹인 각 추출물 \\( 1 \\% \\)( \\( \\mathrm { w/v } \\))용액의 가용성 고형분을 디지털 당도계(Refractometer PR-101a, Atago Co., Ltd. Japan)로 3회 반복 측정하여 \\( { } ^ {\\circ } \\)Brix로 표시하였다.</p> <h2>pH 및 적정산도 측정</h2> <p>홍삼 및 홍국발효훙삼 분말을 \\( 1 \\% \\)( \\( \\mathrm { w/v } \\))로 증류수에 녹인 각 추출물 \\( 1 \\% \\)( \\( \\mathrm { w/v } \\))용액의 \\( \\mathrm { pH } \\)는 \\( \\mathrm { pH } \\)meter (Methrohm 691, Swiss)로 직접 측정하였고, 적정 산도는 시료액 \\( 10 \\mathrm { ml } \\)에 각각 중류수 \\( 50 \\mathrm { ml } \\)를 가한 후 잘 흔들어 \\( 1 \\% \\)phenolphthalein 용액 \\( 4 \\sim 5 \\)방울 떨어트리고 \\( 0.1 \\mathrm { ~N } \\mathrm { NaOH } \\)로 적정한 후 그 소모량을 측정하여 총 산도로 환산하였다.</p> <p>Total acidity (acetic acid, \\( \\% \\), ( \\( \\mathrm { w/v } \\))</p> <p>\\( = [( \\)titrated \\( 0.1 \\mathrm { ~N } \\mathrm { NaOH } \\mathrm { ml } \\times 0.0006)/ \\)sample \\( \\mathrm { ml } ] \\times 100 \\)</p> <h2>색도 (Color) 측정</h2> <p>홍삼 및 홍국발효홍삼 분말을 \\( 1 \\% \\)( \\( \\mathrm { w/v } \\))로 증류수에 녹인 각 추출물 \\( 1 \\% \\)( \\( \\mathrm { w/v } \\))용액의 색도는 colorimeter (Handy colorimeter NR-3000, Nippon enshoku, Japan)를 이용하여 Hunter's value \\( L ^ { * } \\)(명도), a* (적색도), \\( \\mathrm { b } ^ { * } \\)(황색도)값을 3회 반복 측정하였다.</p> <h2>Mineral 함량 측정</h2> <p>홍삼 및 홍국발효홍삼 분말의 미네랄 함량은 AOAC분석 방법에 준하여 측정하였다. 즉, 홍삼 및 홍국발효홍삼 분말 \\( 1 \\mathrm { ~g } \\)을 각 \\( 550 ^ {\\circ } \\mathrm { C } \\)회화로에서 3시간 회화 시킨 후 \\( 6 \\mathrm { ~N } \\mathrm { HCl } \\)에 용해시켜 완전히 산분해시켜 수욕조 상에서 산을 완전히 제거하고, 이 건고물에 \\( 3 \\mathrm { ~N } \\mathrm { HCl } \\)를 가하여 Whatman No. 4 여과지로 여과하여 원소 종류에 따라 각각 일정비율로 희석하여 원자흡광 분광광도계(AAnalyst 300, Perkin Elmer, Norwalk, CT, USA)를 이용하여 측정하였다.</p>",
                "context_length": 1581,
                "clue": [
                    {
                        "clue_text": "홍삼 및 홍국발효홍삼 분말을 \\( 1 \\% \\)( \\( \\mathrm { w/v } \\))로 증류수에 녹인 각 추출물 \\( 1 \\% \\)( \\( \\mathrm { w/v } \\))용액의 가용성 고형분을 디지털 당도계(Refractometer PR-101a, Atago Co., Ltd. Japan)로 3회 반복 측정하여 \\( { } ^ {\\circ } \\)Brix로 표시하였다.",
                        "clue_start": "20",
                        "clue_end": "231"
                    },
                    {
                        "clue_text": "홍삼 및 홍국발효훙삼 분말을 \\( 1 \\% \\)( \\( \\mathrm { w/v } \\))로 증류수에 녹인 각 추출물 \\( 1 \\% \\)( \\( \\mathrm { w/v } \\))용액의 \\( \\mathrm { pH } \\)는 \\( \\mathrm { pH } \\)meter (Methrohm 691, Swiss)로 직접 측정하였고,",
                        "clue_start": "261",
                        "clue_end": "445"
                    },
                    {
                        "clue_text": "홍삼 및 홍국발효홍삼 분말을 \\( 1 \\% \\)( \\( \\mathrm { w/v } \\))로 증류수에 녹인 각 추출물 \\( 1 \\% \\)( \\( \\mathrm { w/v } \\))용액의 색도는 colorimeter (Handy colorimeter NR-3000, Nippon enshoku, Japan)를 이용하여 Hunter's value \\( L ^ { * } \\)(명도), a* (적색도), \\( \\mathrm { b } ^ { * } \\)(황색도)값을 3회 반복 측정하였다.",
                        "clue_start": "890",
                        "clue_end": "1160"
                    },
                    {
                        "clue_text": "홍삼 및 홍국발효홍삼 분말의 미네랄 함량은 AOAC분석 방법에 준하여 측정하였다.",
                        "clue_start": "1191",
                        "clue_end": "1236"
                    }
                ],
                "terminology": [
                    {
                        "word": "AOAC분석"
                    },
                    {
                        "word": "Atago"
                    },
                    {
                        "word": "Brix"
                    },
                    {
                        "word": "CT"
                    },
                    {
                        "word": "Hunter's value"
                    },
                    {
                        "word": "Mineral"
                    },
                    {
                        "word": "NaOH"
                    },
                    {
                        "word": "Perkin Elmer"
                    },
                    {
                        "word": "Refractometer"
                    },
                    {
                        "word": "acetic"
                    },
                    {
                        "word": "acetic acid"
                    },
                    {
                        "word": "acid"
                    },
                    {
                        "word": "acidity"
                    },
                    {
                        "word": "colorimeter"
                    },
                    {
                        "word": "pH"
                    },
                    {
                        "word": "phenolphthalein"
                    },
                    {
                        "word": "phenolphthalein 용액"
                    },
                    {
                        "word": "가용성 고형분"
                    },
                    {
                        "word": "건고물"
                    },
                    {
                        "word": "고형분"
                    },
                    {
                        "word": "당도계"
                    },
                    {
                        "word": "디지털 당도계"
                    },
                    {
                        "word": "명도"
                    },
                    {
                        "word": "미네랄"
                    },
                    {
                        "word": "분광광도계"
                    },
                    {
                        "word": "산도"
                    },
                    {
                        "word": "산분해"
                    },
                    {
                        "word": "색도"
                    },
                    {
                        "word": "수욕조"
                    },
                    {
                        "word": "여과"
                    },
                    {
                        "word": "여과지"
                    },
                    {
                        "word": "용액"
                    },
                    {
                        "word": "용해"
                    },
                    {
                        "word": "원소"
                    },
                    {
                        "word": "원자흡광"
                    },
                    {
                        "word": "원자흡광 분광광도계"
                    },
                    {
                        "word": "적색도"
                    },
                    {
                        "word": "적정산도"
                    },
                    {
                        "word": "증류수"
                    },
                    {
                        "word": "총 산도"
                    },
                    {
                        "word": "추출물"
                    },
                    {
                        "word": "홍국발효홍삼"
                    },
                    {
                        "word": "홍국발효홍삼 분말"
                    },
                    {
                        "word": "홍삼"
                    },
                    {
                        "word": "황색도"
                    },
                    {
                        "word": "회화"
                    },
                    {
                        "word": "회화로"
                    },
                    {
                        "word": "희석"
                    }
                ]
            }
        ]
    }
}