{
    "dataset_info": {
        "identifier": "02-031-002-NL",
        "name": "기술과학 문서 요약 데이터",
        "category": "자연어",
        "last_updated": "2023-08-30"
    },
    "dataset": {
        "doc_id": "8a2ae4d1-29e9f7c2-6f0b-4584-97e1-ce9ad666a11c",
        "doc_type": "논문",
        "doc_title": {
            "kor": "재조합 단백질 생산을 위한 소포체 신호전달",
            "eng": ""
        },
        "doc_category": {
            "KDC": "470.5",
            "DDC": ""
        },
        "doc_number": {
            "ISSN": "1225-9918",
            "ISBN": "",
            "DOI": "",
            "UCI": ""
        },
        "doc_year": "2007",
        "doc_author": [
            "구태원",
            "윤은영",
            "강석우",
            "권기상",
            "권오유"
        ],
        "doc_publisher": "한국생명과학회",
        "doc_license": "CC BY",
        "context_info": [
            {
                "context_id": "55e-0c9-80abeeae-071c-415d-b1f6-2ca9626cbcef",
                "context_K-NSCC": {
                    "field": "생명",
                    "large_category": "LA",
                    "medium_category": "99"
                },
                "context": "<h2>금후 연구계획</h2> <p>곤충 생체 및 세포부터 재조합단백질 대량 생산을 위하여 BEVS이 매우 유용하게 이용되지만, BEVS에 의한 재조합단백질 생산의 최대 단점은 포유동물세포에서 일어나는 posttranslational modification과는 다소 다른 과정을 거친 재조합단백질이 생산된다는 것이며, 이러한 재조합단백질은 ER 내에서 집합체를 형성하게 되어 저활성 및 저분비의 원인이 된다. 따라서 이러한 원인은 곤충 생체 및 세포를 이용하여 생채활성을 가진 재조합단백질을 대량생산을 하고자할시 반드시 해결되어야할 필수과제이다. 해결방안으로 고려할 수 있는 것은 다음과 같다.</p> <p>①Signal-sequence processing (SP) : signal peptidase와 chaperone의 복합체 형성, signal peptide의 교환 및 co-/overexpression으로 분비촉진 유도, 세포질에 존재하는 hsp (heat shock protein)의 발현 촉진에 의한 translation효율의 극대화, SP와 관련된 세포질/ER chaperone의 연구가 필요.</p> <p>② Heterologous protein processing : 여러 종류의 chaperone과 관련인자들이 heterologous protein complex형성에 관여하므로 ER chaperone의 co-/overexpression에 의한 재 조합단백질의 분비촉진, 분비단백질의 ER내의 aggregation 방지에 의한 분비 촉진, 효율적인 기능을 위해서는 조절인자들의 탐색 필요, malfold 단백질은 ER내에서 분해 혹은 세포 질내의 proteasome에 의해서 분해, 분해인자를 탐색함으로 ERSD의 진단 및 치료제 개발. 곤충의 glycosylation pathway가 mammalian에서와 차이점의 극복, 적절한 당쇄 관련 효소를 찾아서 co-/overexpression시켜서 곤충에서 완벽한 당쇄를 가진 재조합단백질 생산 유도, ER chaperone의 co-/overexpression에 의한 분비촉진, 효모에서 당쇄 관련된 효소기능은 조금씩 연구되기 시작했지만, 곤충에서의 기능 연구는 아직 세계적으로도 미흡하며 국내에서는 전무한 실정, glycosylation관련 효소의 탐색 및 co-/overexpression으로 정상 당단백질 생산, 각 chaperone의 고유기능과 이들의 상호작용 규명, 각 chaperone과 co-/overexpression에 의한 단백질분비촉진 system 확립, 단백질 발현 및 생합성조절을 PEK를 중심으로 신호전달 기전의 확립.</p> <p>③ Mammalian cell에서의 발현연구 : Mammalian세포에 baculovirus는 침입하지만 증식은 못함, 대부분의 mammalian 분비신호기작은 곤충세포에서 거의 동일, mammalian 세포와 곤충세포에서 동시 발현하는 BEVS는 없음, mammalian세포에 영향을 주지 않는 저수준의 발현을 조절할 수 있 는 인자 탐색 (chaperone&folding효소를 중심으로), mammalian세포에서 BEVS를 이용한 재조합단백질 생산시스템 개발, 외부유전자를 이용한 유전자 치료의 vector로 이용.</p> <p>④ 단백질의 대량생산을 위한 신호전달 연구 : eIF-2a와 pancreatic eIF-2a (PEK)를 중심으로 규명, 여러 종류의 외부 스트레스에 의해서 eukaryotic 세포는 dramatic하게 eIF-2a 의 phosphorylation에 의해서 protein synthesis이 감소, 최근에 분리된 PEK는 ER transmembrane 단백질로서 ER내에서 ER stress에 대응하여 정상적인 protein folding을 할 수 있도록 함, PEK는 거의 모든 조직에서 발현하지만 특히 se-cretory tissue에서 더욱 높은 발현을 나타냄, ER stress에 의한 분비단백질의 합성 감소는 misfolding된 신생단백질이 secretory pathway로 들어가는 것을 막기 때문에 이 기전을 이해하면 불량단백질의 제거와 함께 정상 분비단백질의 분비촉진을 기대할 수 있음.</p>",
                "context_length": 2051,
                "clue": [
                    {
                        "clue_text": "곤충 생체 및 세포부터 재조합단백질 대량 생산을 위하여 BEVS이 매우 유용하게 이용되지만, BEVS에 의한 재조합단백질 생산의 최대 단점은 포유동물세포에서 일어나는 posttranslational modification과는 다소 다른 과정을 거친 재조합단백질이 생산된다는 것이며, 이러한 재조합단백질은 ER 내에서 집합체를 형성하게 되어 저활성 및 저분비의 원인이 된다.",
                        "clue_start": "20",
                        "clue_end": "228"
                    },
                    {
                        "clue_text": "따라서 이러한 원인은 곤충 생체 및 세포를 이용하여 생채활성을 가진 재조합단백질을 대량생산을 하고자할시 반드시 해결되어야할 필수과제이다.",
                        "clue_start": "229",
                        "clue_end": "305"
                    }
                ],
                "terminology": [
                    {
                        "word": "BEVS"
                    },
                    {
                        "word": "ER chaperone"
                    },
                    {
                        "word": "ER stress"
                    },
                    {
                        "word": "folding"
                    },
                    {
                        "word": "glycosylation"
                    },
                    {
                        "word": "misfolding"
                    },
                    {
                        "word": "phosphorylation"
                    },
                    {
                        "word": "proteasome"
                    },
                    {
                        "word": "protein"
                    },
                    {
                        "word": "secretory pathway"
                    },
                    {
                        "word": "signal peptide"
                    },
                    {
                        "word": "transmembrane 단백질"
                    },
                    {
                        "word": "vector"
                    },
                    {
                        "word": "당단백질"
                    },
                    {
                        "word": "당쇄"
                    },
                    {
                        "word": "분비단백질"
                    },
                    {
                        "word": "분해인자"
                    },
                    {
                        "word": "세포질"
                    },
                    {
                        "word": "유전자 치료"
                    },
                    {
                        "word": "재조합단백질"
                    },
                    {
                        "word": "조절인자"
                    },
                    {
                        "word": "포유동물세포"
                    },
                    {
                        "word": "합성"
                    }
                ]
            },
            {
                "context_id": "55e-0c9-7b1b715f-ae67-4860-ab62-cf677e94085a",
                "context_K-NSCC": {
                    "field": "생명",
                    "large_category": "LA",
                    "medium_category": "07"
                },
                "context": "<h1>서 론</h1> <p>생명공학의 발달에 의해서 인간에게 사용할 수 있는 생체 활성물질이 배양세포에서 재조합단백질 형태로 생산되어 단 백질 치료제 및 진단시약으로 사용되고 있다. 배양세 포를 이용할 경우 이들 생체활성물질이 기대했던 것과 달리 대부분이 생체활성을 나타내지 못함으로써 극히 적은 양의 생체환성물질만을 생산한다. 생체활성물질의 직접적인 대량 생산이란 측먼과 함께 단백질의 구조, 기능 및 각종 진병에 서의 역한, 농약 연구, 진단 시약, 백신, 약리 연구 및 유전자 치료등과 같은 분야에서 급증하는 재조합단백질의 수요에 대응하기 위하여 완전하게 생체활성을 가진 재조합단백질을 지속적으로 대량생산할 수 있는 곤충 생체공장화의 연구가 시급히 요구되어서 최근에 곤충 생체공장화가 주목을 받고 있는 실정이다. 생체공장이란 유용하게 이용할 수 있는 생체활성물질을 안정적으로 생명체로부터 대량으로 생산한 수 있는 일종의 생물반응기를 의미한다. 또한, 생체공장을 광의적으로 해석할 경우에는 단일세포 자체도 복잡한 대사경로를 거쳐 유용대사산물을 생산하므로 마이크로 규모의 생체 공장으로 불 수도 있다. 물론 in vitro의 생물반응기를 이용하여 생체활성물질을 생산할 수도 있으나 그것은 너무나 제한적인 종류의 생체활성물질 생산과 복잡하고 고가의 시설을 필요로 한다. 더욱이 생체활성을 가진 물질 생산을 위한 공업적인 최적화는 생체활성물질의 종류에 따라서 많은 차이가 있어서 미래의 생체공장으로 하기에는 많은 어려움이 있다.</p> <p>곤충을 이용한 생체공장화는 최근에 발현벡터 (BEVS: ba-culovirus expression vector system)의 꾸준한 연구결과에 합입어 급속하게 발전되어 각종 분비단백질과 kinase, mela-notransferrin, glutamate transporter등과 같은 많은 종류의 생체활성물질이 곤충배양세포에서 생산되고 있다. 이들 생체물질의 경우 대부분이 치료제 및 진단제로서 인류의 보건에 밀접한 관계가 있으며, 또한 대부분의 생체분자소재는 그 자체가 환경친화성 제품일 뿐만 아니라 생산 공정도 환경오염물질을 유발하지 않는 청정공정에 의해서 생산된다. 생체 공장화에 있어서 생산 단가와 최종 생산물의 품질은 가장 중요하게 고려할 요소다. 그러한 면에서도 곤충 생체 (누에)를 이용한 생체활성물질 생산의 최대 장점은 낮은 제조비용으로 고품질의 생체활성물질을 대량 생산할 수 있다는데 있다.</p> <p>표 1과 같이, 단백질 치료제로서 시장성이 높은 재조합단백질의 대부분은 분비당단백질이며, 따라서 이들 단백질들은 숙주세포의 secretory process에 의해서 생합성 된다. 재조합단백질 생산자들은 발현을 위한 숙주로써 포유동물세포에 초점을 맞추었는데, 왜냐하면 유일하게 포유동물세포만이 정확한 번역 후 변형과정 (post-translational modification step)을 수행할 수 있음으로써 치료적 가치가 높은 대부분의 단백질에 대하여 고유의 생체활성을 나타내게 할 수 있다고 판단하였다. 그러나 포유동물세포롤 재조합단백질 생산을 위한 숙주로 사용할 경우에는 포유동물세포를 배양하고 유지하기 위하여 포유동물 유래의 각종 호르몬과 생장조절물질이 다량으로 필요하므로 상당 비용이 요구된다. 따라서 포유동물세포와 유사한 번역 후 변형과정을 가지면서 저비용으로 재조합단백질을 생산할 수 있는 새로운 생산 시스템이 탐색되었는데, 최근에 곤충생체 및 곤충세포가 주목을 받고 있다.</p> <p>BEVS 이용에 의해서 곤충생체 또는 곤충세포에서 재조합단백질을 생산할 경우 포유동물세포에 비해서 횔씬 저렴한 비용으로 생산할 수 있지만, 생산된 재조합단백질들은 포유동물세포에서와 마찬가지로 재조합단백질의 제한된 분비효율이라는 한계에 직면한다. 비록, BEVS에 의해서 재조합단 백질이 세포 내에서는 과량으로 만들어지지만 그 대부분이 비수용성의 aggregate를 형성함으로써 극히 적은 양만이 세포 외로 분비되거나 혹 분비된다고 하더라도 생체활성을 가지지 못하는 등의 문제점을 가진다. 이러한 문제점이 발생하는 원인은 첫 번째, 세포질에서 과량의 전사체를 만들면서 ER (endoplasmic reticulum) 내로 운반된 과량의 재조합단백질이 생체활성을 가지는 재조합단백질 생산을 위한 rate-limiting factor로서 작용할 수 있으며, 두 번째, 재조합단백질 생산의 과정에서 야기되는 이러한 rate-limiting step이 세포 기능에 있어서 변화와 깊게 연관될 수 있기 때문이다. 특히, ER를 통한 단백질의 이동 및 ER 품질관리 (ER quality control; ERQC) 기작은 단백질의 번역 저해, 세포성장 억제또는 apoptosis의 활성에 의한 세포수를 감소시킬 수 있기 때문이다.</p> <p>따라서 여기에서는 재조합단백질의 생산과 밀접한 관련이있는 ER의 기능과 ER stress response에 대한 최근 연구동향을 분자 수준에서 언급할 것이며, 또한 곤충생체 또는 곤충 세포로부터 재조합단백질의 안정적 대량 생산과 분비능력 개선을 위한 방안으로써 ER signaling과 재조합단백질 생산과의 관련성에 관하여 언급할 것이다.</p>",
                "context_length": 2541,
                "clue": [
                    {
                        "clue_text": "곤충을 이용한 생체공장화는 최근에 발현벡터 (BEVS: ba-culovirus expression vector system)의 꾸준한 연구결과에 합입어 급속하게 발전되어 각종 분비단백질과 kinase, mela-notransferrin, glutamate transporter등과 같은 많은 종류의 생체활성물질이 곤충배양세포에서 생산되고 있다.",
                        "clue_start": "751",
                        "clue_end": "943"
                    },
                    {
                        "clue_text": "BEVS 이용에 의해서 곤충생체 또는 곤충세포에서 재조합단백질을 생산할 경우 포유동물세포에 비해서 횔씬 저렴한 비용으로 생산할 수 있지만, 생산된 재조합단백질들은 포유동물세포에서와 마찬가지로 재조합단백질의 제한된 분비효율이라는 한계에 직면한다.",
                        "clue_start": "1715",
                        "clue_end": "1851"
                    },
                    {
                        "clue_text": "이러한 문제점이 발생하는 원인은 첫 번째, 세포질에서 과량의 전사체를 만들면서 ER (endoplasmic reticulum) 내로 운반된 과량의 재조합단백질이 생체활성을 가지는 재조합단백질 생산을 위한 rate-limiting factor로서 작용할 수 있으며, 두 번째, 재조합단백질 생산의 과정에서 야기되는 이러한 rate-limiting step이 세포 기능에 있어서 변화와 깊게 연관될 수 있기 때문이다.",
                        "clue_start": "1988",
                        "clue_end": "2219"
                    },
                    {
                        "clue_text": "특히, ER를 통한 단백질의 이동 및 ER 품질관리 (ER quality control; ERQC) 기작은 단백질의 번역 저해, 세포성장 억제또는 apoptosis의 활성에 의한 세포수를 감소시킬 수 있기 때문이다.",
                        "clue_start": "2220",
                        "clue_end": "2340"
                    },
                    {
                        "clue_text": "따라서 여기에서는 재조합단백질의 생산과 밀접한 관련이있는 ER의 기능과 ER stress response에 대한 최근 연구동향을 분자 수준에서 언급할 것이며, 또한 곤충생체 또는 곤충 세포로부터 재조합단백질의 안정적 대량 생산과 분비능력 개선을 위한 방안으로써 ER signaling과 재조합단백질 생산과의 관련성에 관하여 언급할 것이다.",
                        "clue_start": "2348",
                        "clue_end": "2537"
                    }
                ],
                "terminology": [
                    {
                        "word": "BEVS"
                    },
                    {
                        "word": "ER (endoplasmic reticulum)"
                    },
                    {
                        "word": "ER stress response"
                    },
                    {
                        "word": "ER 품질관리"
                    },
                    {
                        "word": "apoptosis"
                    },
                    {
                        "word": "expression vector"
                    },
                    {
                        "word": "glutamate"
                    },
                    {
                        "word": "in vitro"
                    },
                    {
                        "word": "modification"
                    },
                    {
                        "word": "rate-limiting"
                    },
                    {
                        "word": "rate-limiting factor"
                    },
                    {
                        "word": "rate-limiting step"
                    },
                    {
                        "word": "secretory process"
                    },
                    {
                        "word": "곤충세포"
                    },
                    {
                        "word": "기작"
                    },
                    {
                        "word": "단백질"
                    },
                    {
                        "word": "단일세포"
                    },
                    {
                        "word": "대사경로"
                    },
                    {
                        "word": "발달"
                    },
                    {
                        "word": "발현"
                    },
                    {
                        "word": "발현벡터"
                    },
                    {
                        "word": "배양"
                    },
                    {
                        "word": "배양세포"
                    },
                    {
                        "word": "백질"
                    },
                    {
                        "word": "번역 후 변형과정"
                    },
                    {
                        "word": "분비능력"
                    },
                    {
                        "word": "분비효율"
                    },
                    {
                        "word": "비수용성"
                    },
                    {
                        "word": "생물반응기"
                    },
                    {
                        "word": "생장조절물질"
                    },
                    {
                        "word": "생체 활성물질"
                    },
                    {
                        "word": "생체물질"
                    },
                    {
                        "word": "생체활성"
                    },
                    {
                        "word": "생합성"
                    },
                    {
                        "word": "세포 외로 분비"
                    },
                    {
                        "word": "세포성장"
                    },
                    {
                        "word": "세포질"
                    },
                    {
                        "word": "숙주"
                    },
                    {
                        "word": "숙주세포"
                    },
                    {
                        "word": "약리"
                    },
                    {
                        "word": "유전자"
                    },
                    {
                        "word": "재조합단백질"
                    },
                    {
                        "word": "전사체"
                    },
                    {
                        "word": "포유동물세포"
                    }
                ]
            },
            {
                "context_id": "55e-0c9-911e5b9f-6e28-4eed-b18a-e20fa15ed322",
                "context_K-NSCC": {
                    "field": "생명",
                    "large_category": "LA",
                    "medium_category": "99"
                },
                "context": "<h2>ER stress signaling의 인지 및 작용의 조작</h2> <p>재조합단백질을 안정적으로 대량발현하기 위한 두 번째 접근 가능한 방법은 ER stress를 받지 않도록 함으로써 과축적 단백질과 ER stress signaling 사이의 상호작용에 대한 perception 또는 execution을 교란하는 것이다. 그러나 stress 인지 과정을 조작하는 것은 현시점에서는 불가능한 것 같다. GRP78은 ER 내에 과축적 되어 있는 단백질을 인지하는 가장 대표적인 센서로 알려져 있으며 또한 IRE1과 PERK의 inhibitor로도 작용한다. GRP78이 과발현 되어 IRE1과 PERK의 lumenal domain 부위와 결합하게 되면 이들 kinase의 활 성이 없어진다. 따라서 앞서 언급한 것과 같이 GRP78의 발현이 증가하면 단백질 분비가 저해되게 된다.</p> <p>Stress signaling의 실행에 관련되어 있는 분자의 억제에 관해서 가장 큰 문제점은 ER의 반응에 관련되어 있는 분자가 동일하게 pro-survival 신호와 pro-apoptotic 신호에 이용 된다는 것이다. 예를 들면, folding-facilitating chaperone의 활성에 필수적인 ATF6과 ATF4는 동시에 세포 제거에 관여할 것으로 보이는 gadd153의 발현을 증가시킨다. 더욱이, 재조합 단백질의 생산을 감소시키는 일부 스트레스 반응 경로의 억제는 세포 배양시 부정적인 영향을 끼칠 수도 있다. 예를 들면, PERK에 의해 전달되는 전반적인 단백질의 번역 억제는 스트레스를 받은 세포의 생존 능력을 약화시킬 수 있다. Gadd153이나 NF-kB와 같이 ER stress에 의해 활성을 갖는 전사 인자들의 다방면적인 영향 때문에 더욱더 그들의 조작이 제한된다. Apoptosis를 조절하기 위해서 어떠한 조작이 필요한지를 알기 위한 gadd153의 활동에 영향을 받는 downstream target와 기작에 대해서는 거의 알려져 있지 않다. 또한 NF-kB의 다양한 target들이 밝혀져 있지만 이들 유전자도 세포나 신호 전달 영역에 한정되어있다. 따라서 이러한 인자들에 대한 자세한 연구를 위해는 관련 cell line의 개발이 절대적으로 필요하다.</p> <p>ER stress response에서 upstream signaling molecule의 조작 또한 매우 난해해 보이기 때문에, 이들 response에 대 하여 얼마의 effector mechanism의 targeting은 해결책을 제시해 줄 수도 있을 것이다. Apoptosis는 대량 세포 배양 시 생산량의 한계를 가지게 하는 ER stress 중 하나로 오래 전부터 알려져 왔다. 따라서 apoptosis 단계로 들어가게 하는 불가역적인 단계에 참여하는 세포 신호를 규명하는 것은 상당한 경제적 파급효과를 나타낼 것이다. Caspase 활성이 이와 같은 역할을 할 것으로 생각되고 있다. ER에서만 발현되며 ER stress에 반응하여 apoptosis를 일으키는데 필수적인 caspase-12는 실마리를 제공할 수 있는 기회를 줄지도 모른다. Caspase-12와 JNK 활성 모두에 관련이 있는 TRAF2의 억제 는 또 다른 대안이 될지도 모른다. 그러나 apoptotic stress signal이 억제되어 있는 상황에선 세포가 바로 necrotic pathway로 진행될지도 모르기 때문에 apoptotic effector의 억제만으로는 충분하지 않는다.</p>",
                "context_length": 1721,
                "clue": [
                    {
                        "clue_text": "재조합단백질을 안정적으로 대량발현하기 위한 두 번째 접근 가능한 방법은 ER stress를 받지 않도록 함으로써 과축적 단백질과 ER stress signaling 사이의 상호작용에 대한 perception 또는 execution을 교란하는 것이다.",
                        "clue_start": "45",
                        "clue_end": "184"
                    },
                    {
                        "clue_text": "Stress signaling의 실행에 관련되어 있는 분자의 억제에 관해서 가장 큰 문제점은 ER의 반응에 관련되어 있는 분자가 동일하게 pro-survival 신호와 pro-apoptotic 신호에 이용 된다는 것이다.",
                        "clue_start": "447",
                        "clue_end": "570"
                    },
                    {
                        "clue_text": "따라서 이러한 인자들에 대한 자세한 연구를 위해는 관련 cell line의 개발이 절대적으로 필요하다.",
                        "clue_start": "1055",
                        "clue_end": "1112"
                    },
                    {
                        "clue_text": "ER stress response에서 upstream signaling molecule의 조작 또한 매우 난해해 보이기 때문에, 이들 response에 대 하여 얼마의 effector mechanism의 targeting은 해결책을 제시해 줄 수도 있을 것이다.",
                        "clue_start": "1120",
                        "clue_end": "1266"
                    }
                ],
                "terminology": [
                    {
                        "word": "Caspase"
                    },
                    {
                        "word": "ER stress"
                    },
                    {
                        "word": "ER stress response"
                    },
                    {
                        "word": "ER stress signaling"
                    },
                    {
                        "word": "JNK"
                    },
                    {
                        "word": "NF-kB"
                    },
                    {
                        "word": "PERK"
                    },
                    {
                        "word": "apoptosis"
                    },
                    {
                        "word": "apoptotic"
                    },
                    {
                        "word": "apoptotic stress signal"
                    },
                    {
                        "word": "cell line"
                    },
                    {
                        "word": "chaperone"
                    },
                    {
                        "word": "domain"
                    },
                    {
                        "word": "downstream"
                    },
                    {
                        "word": "effector"
                    },
                    {
                        "word": "inhibitor"
                    },
                    {
                        "word": "kinase"
                    },
                    {
                        "word": "mechanism"
                    },
                    {
                        "word": "molecule"
                    },
                    {
                        "word": "necrotic pathway"
                    },
                    {
                        "word": "pathway"
                    },
                    {
                        "word": "pro-apoptotic"
                    },
                    {
                        "word": "targeting"
                    },
                    {
                        "word": "upstream"
                    },
                    {
                        "word": "과발현"
                    },
                    {
                        "word": "기작"
                    },
                    {
                        "word": "단백질"
                    },
                    {
                        "word": "대량발현"
                    },
                    {
                        "word": "발현"
                    },
                    {
                        "word": "번역"
                    },
                    {
                        "word": "세포 배양"
                    },
                    {
                        "word": "센서"
                    },
                    {
                        "word": "스트레스 반응"
                    },
                    {
                        "word": "실마리"
                    },
                    {
                        "word": "재조합"
                    },
                    {
                        "word": "재조합단백질"
                    },
                    {
                        "word": "저해"
                    },
                    {
                        "word": "전사"
                    },
                    {
                        "word": "활성"
                    }
                ]
            },
            {
                "context_id": "55e-0c9-78a7113a-adf0-47cf-872b-d142de31b3ef",
                "context_K-NSCC": {
                    "field": "생명",
                    "large_category": "LA",
                    "medium_category": "99"
                },
                "context": "<h2>ER 내 비정상 단백질의 축적 저해</h2> <p>ER folding 능력은 숙주 세포와 배양조건에 의해서 크게 영향을 받는데, 이들 두 factor는 ER folding의 최적화를 위해서 potential site를 제공한다. 본래 효율적인 protein-processing machinery를 가지는 세포를 찾는 것이 합리적인데, 예를 들어, antibody-producing cell로부터 유래된 cell line은 높은 수준에서 단백질의 분비를 처리하도록 프로그램 되어 있다. 단백질 축적을 막는 또 다른 수단으로는 세포 분비 효율을 개선하기 위해서 ER folding machinery를 조작하는 것 이다. ER 기능에 관한 초기 세포공학은 재조합단백질 발현과 ER chaperone up-regulation 사이의 관계에 초점을 맞추 었다. 이들 연구들은 분비 단백질들이 processing을 위해서는 ER chaperone을 요구한다는 것을 제시하였다. 특히, 단백질 분비경로에 있어서 GRP78의 over-expression이 실험되어졌다. 재조합단백질 folding의 촉진자로서, GRP78이 ER 내 혼란을 개선을 위한 유망한 후보자로 대두되었다. 그러나 과 발현된 GRP78은 일시적으로 결합하는 분비단백질에 대하여 오히려 분비 효율을 감소시켰다. 따라서 GRP78은 ER 내 선택적인 단백질에 대한 보류에 관여하며, 그것의 overexpression이 모든 재조합단백질에 대하여 발현을 향상시키지는 않는다고 생각된다.</p> <p>단백질 glycosylation은 단백질 processing의 또 다른 중요 한 결정자인자이다. Oligosaccharide 그룹이 단백질의 folding과 sorting 및 분비 효율에 영향을 주기 때문이다. 부정확하게 glycosylation된 단백질은 집합체를 형성하고 ER lumen에서 보류된다. Glycosylation machinery의 engineering은 EOR이나 UPR 영향을 미치지 않고도 훨씬 많은 양의 생체활성을 나타내는 재조합 당단백질을 생산하기 위한 가능성 있는 대안을 제공한다. 단백질 processing은 saccharide 그룹의 부재나 당이 절단됨으로써 다양한 수준에서 손상될 수 있다. Glycosylation process의 효율성과 정확성은 enzymatic machinery의 활성과 lipid-linked oligosaccharide donor의 유효성에 의해서 결정된다. 결론적으로, glycosylation을 개선하기 위한 접근 방법은 ER glycan assembly apparatus 효소의 과발현과 dolichol이나 nucleotide-sugar precursor와 같은 glycan chain 형성을 위한 기질의 공급을 조절하는 것을 포함하고 있다. Nucleotide-sugar의 농도는 nucleotide와 amino-sugar pool에 의존하며, 이 nucleotide와 amino-sugar pool은 각각 glucose 와 glutamine의 유효성에 의해서 영향을 받는다. Glucose limitation 조건에서, carbon source가 에너지 생산성을 위해서 우선적으로 사용되고 nucleotide가 RNA 합성을 위해서 소비될 때 nucleotide는 고갈된다. 이러한 과정은 절단된 dolichol-linked sugar precursor를 합성함으로써, 단백질 folding에 역효과를 나타낸다. 결론적으로, nucleotide feeding은 매우 중요하며, 또한 glucose feeding보다는 좀 더 효과적일 수가 있다. Amino-sugar의 유효성은 암모니아의 1차 공여체가 되는 glutamine의 공급에 의해서 결정될 수 있으며, 또한 glucosamine 혹은 galactosamine의 직접적인 feeding에 의해서도 결정될 수 있다.</p> <p>위에서 언급된 media supplementation과는 별개로, 다른배양조건 (산소 농도, serum content, 암모니아 존재)이나 배양 시스템은 배양세포의 대사와 재조합단백질에 영향을 미치는 ER stress로 작용할 수도 있다. 따라서 각 세포주에 대한 적정 조건을 규정하고 배양 기간 동안 세포주를 homogenous distribution하는 것이 필수적이다. 배양세포의 대사 상태는 숙주 세포의 primary metabolism을 공정함으로써 조절될 수도 있다. 예로써 GRP78로부터 단백질의 해리와 같은 proses의 몇몇 단계들이 에너지 의존적이기 때문에, 재조합단백질의 높은 수준의 발현은 좀 더 밚은 ATP 생산을 요구를 한다. 그러나 대부분 포유동물세포에서 glucose는 pyruvate를 위하여 산화되어 최종적으로 lactate로 되어, tricarboxylic acid (TCA) cycle를 통한 완전한 산화 보다 횔씬 적은 ATP 생산하고 결국은 media가 산패된다. 심지어 높은 에너지 요구 조건 하에서도, 숙주세포는 \\( \\mathrm{CO}_{2} \\)와 \\( \\mathrm{H}_{2} \\mathrm{O} \\)를 위하여 glucose의 산화 보다는 오히려 glutamine의 산화에 의해서 부가적으로 요구되는 에너지를 생산 할 수 있다. 이러한 관점에서, 새로운 유전자의 발현을 위해서 TCA 회로와 같은 high-ATP-yielding metabolic pathway를 사용하는 directing cell은 세포 분비 효율을 개선 하기 위한 중요한 요소가 될 수 있다. 숙주 세포 내 cytoplasmic pyruvate carboxylase (PYC)의 도입은 glycolysis와 TCA 회로 사이의 결실된 연결을 재구성 한다. 즉, PYC 를 발현하는 세포는 glucose와 glutamine으로부터 좀 더 효율적인 에너지를 생산한다. 결론적으로, 이들 carbon source의 소비가 좀 더 낮아짐으로써 lactate와 ammonia의 생산을 감소시킴으로서 배양수명과 생산성이 확장된다. 또한, ammonia가 단백질 glycosylation에 역효과를 나타내므로, medium 내에 ammonia 농도의 감소는 재조합단백질의 품질과 양을 향상시킨다. 게다가 TCA 회로는 nucleotide 합 성을 위한 aspartate를 공급할 수 있으므로, glycosylation process를 위해서는 nucleotide 유용성이 매우 중요하다는 결론에 도달하게 된다.</p>",
                "context_length": 3158,
                "clue": [
                    {
                        "clue_text": "따라서 GRP78은 ER 내 선택적인 단백질에 대한 보류에 관여하며, 그것의 overexpression이 모든 재조합단백질에 대하여 발현을 향상시키지는 않는다고 생각된다.",
                        "clue_start": "658",
                        "clue_end": "753"
                    },
                    {
                        "clue_text": "Oligosaccharide 그룹이 단백질의 folding과 sorting 및 분비 효율에 영향을 주기 때문이다.",
                        "clue_start": "815",
                        "clue_end": "878"
                    },
                    {
                        "clue_text": "위에서 언급된 media supplementation과는 별개로, 다른배양조건 (산소 농도, serum content, 암모니아 존재)이나 배양 시스템은 배양세포의 대사와 재조합단백질에 영향을 미치는 ER stress로 작용할 수도 있다.",
                        "clue_start": "1911",
                        "clue_end": "2044"
                    },
                    {
                        "clue_text": "게다가 TCA 회로는 nucleotide 합 성을 위한 aspartate를 공급할 수 있으므로, glycosylation process를 위해서는 nucleotide 유용성이 매우 중요하다는 결론에 도달하게 된다.",
                        "clue_start": "3035",
                        "clue_end": "3154"
                    },
                    {
                        "clue_text": "ER folding 능력은 숙주 세포와 배양조건에 의해서 크게 영향을 받는데, 이들 두 factor는 ER folding의 최적화를 위해서 potential site를 제공한다.",
                        "clue_start": "32",
                        "clue_end": "131"
                    }
                ],
                "terminology": [
                    {
                        "word": "ATP 생산"
                    },
                    {
                        "word": "EOR"
                    },
                    {
                        "word": "ER chaperone"
                    },
                    {
                        "word": "ER chaperone up-regulation"
                    },
                    {
                        "word": "ER folding machinery"
                    },
                    {
                        "word": "ER folding 능력"
                    },
                    {
                        "word": "ER lumen"
                    },
                    {
                        "word": "ER stress"
                    },
                    {
                        "word": "Glucose limitation 조건"
                    },
                    {
                        "word": "Glycosylation machinery"
                    },
                    {
                        "word": "Nucleotide-sugar"
                    },
                    {
                        "word": "Oligosaccharide"
                    },
                    {
                        "word": "RNA 합성"
                    },
                    {
                        "word": "TCA 회로"
                    },
                    {
                        "word": "UPR"
                    },
                    {
                        "word": "amino-sugar"
                    },
                    {
                        "word": "ammonia"
                    },
                    {
                        "word": "antibody-producing cell"
                    },
                    {
                        "word": "aspartate"
                    },
                    {
                        "word": "assembly"
                    },
                    {
                        "word": "cell line"
                    },
                    {
                        "word": "directing cell"
                    },
                    {
                        "word": "dolichol"
                    },
                    {
                        "word": "donor"
                    },
                    {
                        "word": "enzymatic machinery"
                    },
                    {
                        "word": "galactosamine"
                    },
                    {
                        "word": "glucosamine"
                    },
                    {
                        "word": "glutamine"
                    },
                    {
                        "word": "glycan chain"
                    },
                    {
                        "word": "glycosylation process"
                    },
                    {
                        "word": "homogenous distribution"
                    },
                    {
                        "word": "lactate"
                    },
                    {
                        "word": "lipid-linked oligosaccharide"
                    },
                    {
                        "word": "media supplementation"
                    },
                    {
                        "word": "nucleotide"
                    },
                    {
                        "word": "over-expression"
                    },
                    {
                        "word": "overexpression"
                    },
                    {
                        "word": "pathway"
                    },
                    {
                        "word": "pool"
                    },
                    {
                        "word": "potential site"
                    },
                    {
                        "word": "precursor"
                    },
                    {
                        "word": "primary metabolism"
                    },
                    {
                        "word": "protein-processing machinery"
                    },
                    {
                        "word": "pyruvate carboxylase"
                    },
                    {
                        "word": "saccharide 그룹"
                    },
                    {
                        "word": "serum"
                    },
                    {
                        "word": "sorting"
                    },
                    {
                        "word": "tricarboxylic acid"
                    },
                    {
                        "word": "up-regulation"
                    },
                    {
                        "word": "공여체"
                    },
                    {
                        "word": "기질"
                    },
                    {
                        "word": "단백질 folding"
                    },
                    {
                        "word": "단백질 glycosylation"
                    },
                    {
                        "word": "단백질 processing"
                    },
                    {
                        "word": "단백질 분비경로"
                    },
                    {
                        "word": "대두"
                    },
                    {
                        "word": "대사"
                    },
                    {
                        "word": "발현"
                    },
                    {
                        "word": "배양 기간"
                    },
                    {
                        "word": "배양세포"
                    },
                    {
                        "word": "배양조건"
                    },
                    {
                        "word": "분비단백질"
                    },
                    {
                        "word": "산패"
                    },
                    {
                        "word": "산화"
                    },
                    {
                        "word": "생체활성"
                    },
                    {
                        "word": "세포"
                    },
                    {
                        "word": "세포주"
                    },
                    {
                        "word": "숙주"
                    },
                    {
                        "word": "숙주세포"
                    },
                    {
                        "word": "암모니아"
                    },
                    {
                        "word": "유전자"
                    },
                    {
                        "word": "재조합 당단백질"
                    },
                    {
                        "word": "재조합단백질"
                    },
                    {
                        "word": "저해"
                    },
                    {
                        "word": "포유동물세포"
                    },
                    {
                        "word": "효소"
                    }
                ]
            },
            {
                "context_id": "55e-0c9-375a4dcc-4c76-4a60-a321-1317c4f592b6",
                "context_K-NSCC": {
                    "field": "생명",
                    "large_category": "LA",
                    "medium_category": "07"
                },
                "context": "<h2>재조합단백질 발현과 ER signaling의 관계</h2> <p>ER은 단백질의 합성 기전에 직접적인 영향을 미칠 뿐만 아니라, 세포의 신호 전달 면에서도 중요한 역할을 수행하며 ER signaling은 생체활성을 가지는 재조합단백질의 분비 비율에 영향을 미칠 수 있다. ER signaling은 ER overload re-sponse (EOR)와 unfolded protein response (UPR) 두 가지 종류로 ER 내에 흔란을 신속하고 적절하게 제거한다. 산업적 규모의 재조합단백질 생산과 관련하여, ER은 강력한 발현 시스템의 사용으로부터 야기되는 과량의 재조합단백질의 합성 때문에 매우 불리한 상황에 노출될 수 있다. 즉, 재조합단백질 발현을 극대화하기 위한 시도는 ER 혼란을 야기 시키고 EOR 및 UPR의 작동을 위한 계기를 제공한다.</p> <p>UPR과 EOR를 구별하기는 어려운데, 왜냐하면 ER 내에 단백질의 과축적으로 인한 triggering factor가 UPR과 EOR 신호 둘 다에 관계하기 때문이다. ER lumen에 단백질의 과 축적으로 인한 EOR은 칼슘이온의 삼투성을 증가시킬 수 있는 반면에, UPR은 ER lumen에 unfolded protein이나 mis-folded protein의 과축적에 의해서 활성화 된다고 알려져 있다. EOR 및 UPR 둘 다는 일정 수준의 protein kin-ase와 전사인자를 요구하고 유전자 발현에 있어서 변화를 일으킨다. 그러나 UPR과 EOR은 signaling에 있어서 각각 다른 mediator를 사용하며 response를 생산하기 위해서도 각각 다른 유전자를 target으로 한다.</p> <p>EOR은 IKK (inhibitor of kB kinase)를 활성화하며, 활성화된 IKK는 I-kB (inhibitor of kB)의 분해를 유도한다. 이러한 과정은 생명의 생/사결정과 염증반응 (inflammatory response)에 관여하는 여러 가지 단백질을 암호화는 유전자의 발현을 유도하는 transcription factor인 NF-кB (nuclear factor-kB)를 활성화 시킨다. UPR은 ER membrane kin-ase인 IRE1 (high inositol-requiring)의 \\( \\alpha \\)와 \\( \\beta \\) isoform과 PERK (PKR-like ER kinase)가 cytoplasmic effector domain의 oligomerization과 trans-autophosphorylation에 의해서 활성화될 때 개시된다. 부가적으로 IRE1 kinase domain의 활성은 IRE1의 endonuclease domain의 활성을 유도하며, 이들 kinase들이 전사인자 (ATF4, ATF6의 \\( \\alpha \\) 및 \\( \\beta \\) isoform, XBP-1)를 조절하는데 작용하고, 이들 전사인자는 GRP78, GRP94, calreticulin, growth arrest gene 및 DNA damage gene인 gadd153과 같은 ER stress responsive gene을 활성화 시킨다. 또한, IRE1과 PERK은 단백질 번역을 전반적으로 저해하는 신호를 보낸다. 그러나 Yeast와 C.elegans 에 있어서는 단지 IRE1만이 UPR signaling의 필수 mediator로서 정의되었다는 것을 주목해야한다. 포유동물 세포에서는 IRE1의 역할은 완전하게 규명되어있지 않다. IRE1 signaling은 다른 UPR signaling pathway에 의해서 충분히 보상될 수 있어서 IRE1 분자가 충분하게 발현 되지 못해도 ER stress responsive 유전자들은 유도될 수 있다. 또한, 최근 연구에 의하면 포유동물 세포에서 IRE1은 ER 팽창을 요구하는 세포 분화에 있어서도 중요한 역할을 수행하는 기능을 가진다.</p> <p>비록 UPR의 주요한 기능이 ER의 혼란을 완화시킴으로써 정상적인 기능을 복구하는 것이지만, 아래의 기작에서 기술한 것처럼, 전반적인 세포 상태에 영향을 줄 수도 있다. 포유 동물 세포의 viral infection에 응답함으로써 전개된다고 알려져 있는 EOR은 ER에서 지시된 기작을 이용할 뿐 만 아니라 세포 전반에도 영향을 미친다. 결론적으로, UPR이나 EOR의 결과는 완전한 cell regeneration과 apoptosis에 의한 생존의 제거까지에도 영향을 미친다. 이처럼 세포를 위하여 유익한 기작의 수단이 때때로 배양세포로부터 재조합단백질 생산을 위한 중대한 한정을 나타낼 수도 있다. 따라서 ER stress signaling의 상호작용에 대한 충분한 이해는 훨씬 많은 양의 활성 재조합단백질 생산을 안정적으로 생산할 수 있는 중요한 실마리를 제공할 것이다.</p>",
                "context_length": 2360,
                "clue": [
                    {
                        "clue_text": "ER은 단백질의 합성 기전에 직접적인 영향을 미칠 뿐만 아니라, 세포의 신호 전달 면에서도 중요한 역할을 수행하며 ER signaling은 생체활성을 가지는 재조합단백질의 분비 비율에 영향을 미칠 수 있다.",
                        "clue_start": "40",
                        "clue_end": "155"
                    },
                    {
                        "clue_text": "즉, 재조합단백질 발현을 극대화하기 위한 시도는 ER 혼란을 야기 시키고 EOR 및 UPR의 작동을 위한 계기를 제공한다.",
                        "clue_start": "359",
                        "clue_end": "427"
                    },
                    {
                        "clue_text": "그러나 UPR과 EOR은 signaling에 있어서 각각 다른 mediator를 사용하며 response를 생산하기 위해서도 각각 다른 유전자를 target으로 한다.",
                        "clue_start": "736",
                        "clue_end": "829"
                    },
                    {
                        "clue_text": "IRE1 signaling은 다른 UPR signaling pathway에 의해서 충분히 보상될 수 있어서 IRE1 분자가 충분하게 발현 되지 못해도 ER stress responsive 유전자들은 유도될 수 있다.",
                        "clue_start": "1717",
                        "clue_end": "1837"
                    },
                    {
                        "clue_text": "비록 UPR의 주요한 기능이 ER의 혼란을 완화시킴으로써 정상적인 기능을 복구하는 것이지만, 아래의 기작에서 기술한 것처럼, 전반적인 세포 상태에 영향을 줄 수도 있다.",
                        "clue_start": "1922",
                        "clue_end": "2016"
                    }
                ],
                "terminology": [
                    {
                        "word": "C.elegans"
                    },
                    {
                        "word": "DNA damage"
                    },
                    {
                        "word": "EOR"
                    },
                    {
                        "word": "ER lumen"
                    },
                    {
                        "word": "ER overload re-sponse"
                    },
                    {
                        "word": "ER signaling"
                    },
                    {
                        "word": "ER stress responsive gene"
                    },
                    {
                        "word": "ER stress signaling"
                    },
                    {
                        "word": "NF-кB"
                    },
                    {
                        "word": "PERK"
                    },
                    {
                        "word": "UPR signaling pathway"
                    },
                    {
                        "word": "apoptosis"
                    },
                    {
                        "word": "cytoplasmic effector domain"
                    },
                    {
                        "word": "endonuclease domain"
                    },
                    {
                        "word": "growth arrest gene"
                    },
                    {
                        "word": "isoform"
                    },
                    {
                        "word": "kinase"
                    },
                    {
                        "word": "mediator"
                    },
                    {
                        "word": "membrane"
                    },
                    {
                        "word": "mis-folded protein"
                    },
                    {
                        "word": "trans-autophosphorylation"
                    },
                    {
                        "word": "transcription"
                    },
                    {
                        "word": "triggering factor"
                    },
                    {
                        "word": "unfolded protein"
                    },
                    {
                        "word": "unfolded protein response"
                    },
                    {
                        "word": "viral infection"
                    },
                    {
                        "word": "구별"
                    },
                    {
                        "word": "기작"
                    },
                    {
                        "word": "단백질 번역"
                    },
                    {
                        "word": "단백질의 합성 기전"
                    },
                    {
                        "word": "발현 시스템"
                    },
                    {
                        "word": "배양세포"
                    },
                    {
                        "word": "분비 비율"
                    },
                    {
                        "word": "산업적 규모"
                    },
                    {
                        "word": "삼투성"
                    },
                    {
                        "word": "생체활성"
                    },
                    {
                        "word": "세포 분화"
                    },
                    {
                        "word": "세포의 신호 전달"
                    },
                    {
                        "word": "실마리"
                    },
                    {
                        "word": "암호화"
                    },
                    {
                        "word": "염증반응"
                    },
                    {
                        "word": "유전자 발현"
                    },
                    {
                        "word": "저해"
                    },
                    {
                        "word": "전개"
                    },
                    {
                        "word": "전사인자"
                    },
                    {
                        "word": "칼슘"
                    },
                    {
                        "word": "칼슘이온"
                    },
                    {
                        "word": "포유동물 세포"
                    },
                    {
                        "word": "활성 재조합단백질"
                    },
                    {
                        "word": "활성화"
                    }
                ]
            },
            {
                "context_id": "55e-0c9-3fc3763e-e501-45ea-9b51-48397421d9c6",
                "context_K-NSCC": {
                    "field": "생명",
                    "large_category": "LA",
                    "medium_category": "07"
                },
                "context": "<h2>ER 내에서 조절되는 신호전달 : 세포의 생존과 사멸</h2> <p>ER stress signaling에 의해서 개시되는 주요한 pro-sur-vival mechanism은 chaperone 발현의 up-regulation과 단백질 합성의 억제이다. Chaperone의 overexpression은 단백질의 folding과정을 촉진한다. UPR은 ATF4, ATF6 및 XBP-1 transcription factor를 통하여 chaperone을 encod-ing하는 유전자에게 신호를 보낸다. ATF4 mRNA는 eIF2a의 phosphorylation의 결과로써 특별하게 번역되는 것 외에는 constitutively하게 발현된다. 이 translational activation은 ATF4 mRNA의 \\( 5^{t} \\) untranslated region 내 short unread open reading frame (uORF)이 존재하기 때문에 일어난다. uORF는 non-stress 조건에서 translational repression을 나타내는 배열로 되어있지만 eIF2a가 PERK에 의해서 인산화 될 때는 번역을 개시가 용이해 진다.</p> <p>ATF6은 ER-associated transmembrane protein이다. ER stress 하에서 ATF6은 cleavage를 겪게 됨으로써, ATF6의 soluble N-terminal DNA binding 도메인이 해리되어 그들의 유전자 발현이 활성화되는 핵에 translocation된다. 이전에 SREBP (sterol regulatory element binding protein) family transcription factor의 processing을 위해서 필요한 효소로 정의되었던 Site-1 protease (S1P)와 Site-2 protease (S2P)가 ATF6을 절단하는 기능을 가진다. 핵 내에서 ATF6은 일단, UPR-responsive 유전자 프로모터의 ERSE (ER-responsive stress element) 서열에 결합한다. 효과적인 transcriptional activation을 위해서, ATF6은 homo- 또는 heterodimer로써 ERSE site에 결합해야 하며, 또한 ERSE의 다른 영역에 constitutively하게 결합하는 transcrip-tion factor NF-Y와 상호작용해야 한다. ATF6은 ER chaperone 그룹의 ERSE site에 결합하여 전사수준에서 조절함으로써 ER chaperone 유전자의 통합된 활성을 작동시킨다.</p> <p>XBP-1은 최근에 IRE1 endonuclease 활성에 대한 target으로써 정의된 transcription factor이다. ATF6는 XBP-1 전사를 활성화하며, XBP1 mRNA의 small intron이 IRE1에 의해서 제거된다. 비록 non-spliced XBP-1이 활성화 되더라도, XBP-1이 unconventional splicing을 경을 때만이 효율적으로 UPR-responsive gene을 활성화할 수 있다.</p> <p>단백질의 번역 억제와 같은 또 다른 ER signaling의 adap-tive component는 folding process로 들어가는 단백질을 감소시킴으로써 stress에 대하여 ER cope를 돕는다. 또한, 단백질 합성의 억제가 cell cycle progression에 관여하는 cyclin 과 같이 신속한 turnover로 단백질에 영향을 끼치는 것처럼, cell cycle arrest를 초래함으로써, ER의 불리한 상황에 대항 하기위한 cell time을 제공한다. PERK와 IRE1 \\( \\beta \\)의 활성 은 ER stress에 대응하여 단백질 번역의 억제를 초래하지만, 이들 kinase들은 뚜렷한 기작에 의해서 번역 기구와 충돌한다. PERK는 eukaryotic initiation factor 2 (eIF2)의 \\( \\alpha \\) subunit를 인산화 시키며, 인산화된 eIF2 \\( \\alpha \\)는 43S translation initiation complex의 assembly를 감소시킨다. 이와는 반대로, IRE1는 그것의 특별한 endoribonuclease 활성 때문에 28S rRNA를 절단한다. 28S rRNA가 ribosome 의 exit site의 형성에 관여하기 때문에, 28S rRNA의 절단은 ribosome으로부터 tRNA의 해리에 영향을 줌으로써 단백질번역을 억제시킨다. 비록, 단백질 합성의 억제가 보호적 기작이라고 생각할 수도 있지만, 만약 기간이 너무 연장 된다면 apoptosis를 유도할 수 있다는 사실에 주목해야만 한다.</p>",
                "context_length": 2331,
                "clue": [
                    {
                        "clue_text": "ER stress signaling에 의해서 개시되는 주요한 pro-sur-vival mechanism은 chaperone 발현의 up-regulation과 단백질 합성의 억제이다.",
                        "clue_start": "42",
                        "clue_end": "143"
                    },
                    {
                        "clue_text": "ATF6은 ER chaperone 그룹의 ERSE site에 결합하여 전사수준에서 조절함으로써 ER chaperone 유전자의 통합된 활성을 작동시킨다.",
                        "clue_start": "1199",
                        "clue_end": "1284"
                    },
                    {
                        "clue_text": "ATF6는 XBP-1 전사를 활성화하며, XBP1 mRNA의 small intron이 IRE1에 의해서 제거된다.",
                        "clue_start": "1366",
                        "clue_end": "1429"
                    },
                    {
                        "clue_text": "단백질의 번역 억제와 같은 또 다른 ER signaling의 adap-tive component는 folding process로 들어가는 단백질을 감소시킴으로써 stress에 대하여 ER cope를 돕는다.",
                        "clue_start": "1546",
                        "clue_end": "1661"
                    },
                    {
                        "clue_text": "또한, 단백질 합성의 억제가 cell cycle progression에 관여하는 cyclin 과 같이 신속한 turnover로 단백질에 영향을 끼치는 것처럼, cell cycle arrest를 초래함으로써, ER의 불리한 상황에 대항 하기위한 cell time을 제공한다.",
                        "clue_start": "1662",
                        "clue_end": "1814"
                    }
                ],
                "terminology": [
                    {
                        "word": "28S rRNA"
                    },
                    {
                        "word": "DNA"
                    },
                    {
                        "word": "ER chaperone"
                    },
                    {
                        "word": "ER cope"
                    },
                    {
                        "word": "ER signaling"
                    },
                    {
                        "word": "ER stress signaling"
                    },
                    {
                        "word": "ERSE site"
                    },
                    {
                        "word": "N-terminal"
                    },
                    {
                        "word": "PERK"
                    },
                    {
                        "word": "SREBP"
                    },
                    {
                        "word": "UPR"
                    },
                    {
                        "word": "UPR-responsive"
                    },
                    {
                        "word": "UPR-responsive gene"
                    },
                    {
                        "word": "adap-tive component"
                    },
                    {
                        "word": "apoptosis"
                    },
                    {
                        "word": "assembly"
                    },
                    {
                        "word": "binding protein"
                    },
                    {
                        "word": "cell cycle arrest"
                    },
                    {
                        "word": "cell cycle progression"
                    },
                    {
                        "word": "cell time"
                    },
                    {
                        "word": "cleavage"
                    },
                    {
                        "word": "constitutively"
                    },
                    {
                        "word": "cyclin"
                    },
                    {
                        "word": "encod-ing"
                    },
                    {
                        "word": "endonuclease"
                    },
                    {
                        "word": "endoribonuclease"
                    },
                    {
                        "word": "eukaryotic initiation factor"
                    },
                    {
                        "word": "exit site"
                    },
                    {
                        "word": "family transcription factor"
                    },
                    {
                        "word": "folding process"
                    },
                    {
                        "word": "folding과정"
                    },
                    {
                        "word": "gene"
                    },
                    {
                        "word": "heterodimer"
                    },
                    {
                        "word": "homo-"
                    },
                    {
                        "word": "mRNA"
                    },
                    {
                        "word": "mechanism"
                    },
                    {
                        "word": "open reading frame"
                    },
                    {
                        "word": "overexpression"
                    },
                    {
                        "word": "phosphorylation"
                    },
                    {
                        "word": "pro-sur-vival mechanism"
                    },
                    {
                        "word": "protease"
                    },
                    {
                        "word": "ribosome"
                    },
                    {
                        "word": "small intron"
                    },
                    {
                        "word": "soluble"
                    },
                    {
                        "word": "subunit"
                    },
                    {
                        "word": "tRNA"
                    },
                    {
                        "word": "transcription factor"
                    },
                    {
                        "word": "translation initiation complex"
                    },
                    {
                        "word": "translational activation"
                    },
                    {
                        "word": "translational repression"
                    },
                    {
                        "word": "translocation"
                    },
                    {
                        "word": "transmembrane"
                    },
                    {
                        "word": "turnover"
                    },
                    {
                        "word": "unconventional splicing"
                    },
                    {
                        "word": "untranslated region"
                    },
                    {
                        "word": "up-regulation"
                    },
                    {
                        "word": "단백질"
                    },
                    {
                        "word": "단백질번역"
                    },
                    {
                        "word": "도메인"
                    },
                    {
                        "word": "번역"
                    },
                    {
                        "word": "보호적 기작"
                    },
                    {
                        "word": "사멸"
                    },
                    {
                        "word": "세포"
                    },
                    {
                        "word": "신호전달"
                    },
                    {
                        "word": "유전자 발현"
                    },
                    {
                        "word": "유전자 프로모터"
                    },
                    {
                        "word": "인산화"
                    },
                    {
                        "word": "전사"
                    },
                    {
                        "word": "전사수준"
                    },
                    {
                        "word": "합성"
                    },
                    {
                        "word": "활성"
                    },
                    {
                        "word": "활성화"
                    },
                    {
                        "word": "효소"
                    }
                ]
            },
            {
                "context_id": "55e-0c9-125d8ee9-5b13-46a1-ac76-554616ebef4f",
                "context_K-NSCC": {
                    "field": "생명",
                    "large_category": "LA",
                    "medium_category": "07"
                },
                "context": "<h1>본 론</h1> <h2>재조합단백질의 발현 : ER-Golgi secretory pathway</h2> <p>단백질의 고차구조 및 번역 후 수식과정 (post-transla-tional modification step)은 생체 내에서 단백질의 traffick-ing, immunogenicity 또는 분비능력등에 결정적으로 영향을 줄 수 있다. 특히 단백질의 작은 변형은 아주 특이적으로 단백질특성에 극적인 변화를 초래할 수 있다. 만약 배양세포로부터 얻은 재조합단백질이 진단약, 예방약 또는 치료제와 같은 의약용으로 사용될 목적이라면, 그들 고유특성에 가장 근접하는 것이 매우 중요하다. 재조합단백질이 고유한 특성을 잘 유지하기 위해서는 정확한 단백질생합성 과정이 유지되는 것과 함께 외부 인자에 의한 심한 교란이 생기지 말아야한다. 단백질 치료제와 같이 재조합 형태로 생산되는 대부분의 단백질은 분비당단백질이며, 이들의 fold-ing, assembly와 당쇄부가 (glycosylation)는 ER lumen에서 일어난다. ER lumen 단백질의 translocation은 CO-translation하게 일어나며, core glycan의 부가 역시 동시에 일어난다. 단백질이 ER lumen에서 정확한 구조를 가지고 정확한 생물활성을 가진 단백질이 되기 위해서 ER lumen은 산화상태의 환경과 ER에 존재하는 효소들과 여러 종류의 chaperone를 제공한다.</p> <p>ER에서 단백질의 3차구조형성을 촉매하여 기본골격형성에 가장 중요한 역할을 담당하는 protein disulfide isomerase (PDI)와 같은 효소와 GRP (glucose-regulated protein) family와 같은 chaperone은 고농도의 단백질의 존재 하에서 단백질의 folding 촉진과 함께 unfolded protein chain에 결합하여 비정상적인 단백질의 aggregation을 저지한다. 그리고 calreticulin과 calnexin과 같은 chaperone은 당단백질의 중간산물에 일시적으로 결함하여 당쇄형성의 품질관리 기전을 제공하여 정확하게 folding된 단백질만이 세포외의 분비를 허용한다. 실제로 ER lumen에서 N-linked glyco-sylation은 membrane-bound dolichol glycan carrier의 as-sembly를 요구하며, 완전한 core oligosaccharide는 이 car-rier로부터 성장하는 polypeptide에 운송되고 N-glycosidic bond를 통하여 asparagine잔기의 side chain에 연결된다. ER glycosylation을 위한 당 기질 (sugar substrates)의 대부분은 sugar nucleotide의 형태로 세포질로부터 공급된다. 분비단백질은 세포외로 분비되는 도중에 ER에서 coreglycan이 절단되고 새로운 carbohydrate의 부가가 일어나는 골지체를 통과한다. ER과는 달리, 골지체는 lipid-linked in-termediate를 사용하지 않고, 특이적인 transporter를 이용하여 세포질로부터 sugar nucleotide와 같은 glycosylation 전구체를 사용한다. 세포외로 misfold되었거나 부정확하게 glycosylation된 단백질이 운송되는 것을 저지하기 위하여 ER 내에 이들 단백질들은 머물게 되며 이들의 일부 단백질은 결국 ER 내에서 분해되거나, 다른 일부 보류 단백질은 세포질로 운송된 다음 proteasome 기작에 의해서 분해된다.</p>",
                "context_length": 1756,
                "clue": [
                    {
                        "clue_text": "단백질의 고차구조 및 번역 후 수식과정 (post-transla-tional modification step)은 생체 내에서 단백질의 traffick-ing, immunogenicity 또는 분비능력등에 결정적으로 영향을 줄 수 있다.",
                        "clue_start": "65",
                        "clue_end": "196"
                    },
                    {
                        "clue_text": "단백질이 ER lumen에서 정확한 구조를 가지고 정확한 생물활성을 가진 단백질이 되기 위해서 ER lumen은 산화상태의 환경과 ER에 존재하는 효소들과 여러 종류의 chaperone를 제공한다.",
                        "clue_start": "605",
                        "clue_end": "715"
                    },
                    {
                        "clue_text": "세포외로 misfold되었거나 부정확하게 glycosylation된 단백질이 운송되는 것을 저지하기 위하여 ER 내에 이들 단백질들은 머물게 되며 이들의 일부 단백질은 결국 ER 내에서 분해되거나, 다른 일부 보류 단백질은 세포질로 운송된 다음 proteasome 기작에 의해서 분해된다.",
                        "clue_start": "1591",
                        "clue_end": "1752"
                    }
                ],
                "terminology": [
                    {
                        "word": "CO-translation"
                    },
                    {
                        "word": "ER"
                    },
                    {
                        "word": "ER glycosylation"
                    },
                    {
                        "word": "ER lumen"
                    },
                    {
                        "word": "ER-Golgi secretory pathway"
                    },
                    {
                        "word": "N-glycosidic bond"
                    },
                    {
                        "word": "N-linked glyco-sylation"
                    },
                    {
                        "word": "aggregation"
                    },
                    {
                        "word": "asparagine잔기"
                    },
                    {
                        "word": "calreticulin"
                    },
                    {
                        "word": "carbohydrate"
                    },
                    {
                        "word": "carrier"
                    },
                    {
                        "word": "chaperone"
                    },
                    {
                        "word": "core oligosaccharide"
                    },
                    {
                        "word": "coreglycan"
                    },
                    {
                        "word": "disulfide"
                    },
                    {
                        "word": "dolichol"
                    },
                    {
                        "word": "folding"
                    },
                    {
                        "word": "glycosylation"
                    },
                    {
                        "word": "immunogenicity"
                    },
                    {
                        "word": "lipid-linked in-termediate"
                    },
                    {
                        "word": "lumen"
                    },
                    {
                        "word": "misfold"
                    },
                    {
                        "word": "modification"
                    },
                    {
                        "word": "nucleotide"
                    },
                    {
                        "word": "oligosaccharide"
                    },
                    {
                        "word": "pathway"
                    },
                    {
                        "word": "polypeptide"
                    },
                    {
                        "word": "proteasome"
                    },
                    {
                        "word": "protein"
                    },
                    {
                        "word": "protein disulfide isomerase"
                    },
                    {
                        "word": "secretory pathway"
                    },
                    {
                        "word": "side chain"
                    },
                    {
                        "word": "sugar nucleotide"
                    },
                    {
                        "word": "translocation"
                    },
                    {
                        "word": "transporter"
                    },
                    {
                        "word": "unfolded"
                    },
                    {
                        "word": "unfolded protein"
                    },
                    {
                        "word": "고유특성"
                    },
                    {
                        "word": "고차구조"
                    },
                    {
                        "word": "골지체"
                    },
                    {
                        "word": "단백질"
                    },
                    {
                        "word": "당 기질"
                    },
                    {
                        "word": "당단백질"
                    },
                    {
                        "word": "당쇄부"
                    },
                    {
                        "word": "당쇄부가"
                    },
                    {
                        "word": "당쇄형성"
                    },
                    {
                        "word": "발현"
                    },
                    {
                        "word": "배양세포"
                    },
                    {
                        "word": "번역"
                    },
                    {
                        "word": "분비능력"
                    },
                    {
                        "word": "분비단백질"
                    },
                    {
                        "word": "산화상태"
                    },
                    {
                        "word": "세포질"
                    },
                    {
                        "word": "수식과정"
                    },
                    {
                        "word": "재조합"
                    },
                    {
                        "word": "재조합단백질"
                    },
                    {
                        "word": "전구체"
                    },
                    {
                        "word": "중간산물"
                    },
                    {
                        "word": "촉매"
                    }
                ]
            },
            {
                "context_id": "55e-0c9-6126abc9-35b5-4fb0-94c0-a2f16b6a4ffc",
                "context_K-NSCC": {
                    "field": "생명",
                    "large_category": "LA",
                    "medium_category": "07"
                },
                "context": "<p>Pro-apoptotic pathway와 관련하여, ER-specific caspase인 caspase-12가 최근에 발견되었으며, 이것은 ER stress에 응답하여 apoptosis의 실행에 필수적인 인자로 보고되었다. DNA와 다양한 단백질의 대규모 절단에 관여하는 apoptotic effector molecule인 caspase는 zymogen으로 합성된 후 inhibitory domain의 proteolysis에 의해서 활성화 된다. 이 cleavage는 apoptosome이라고 불리는 mutimolecular complex 환경 내에서 일어난다. ER apoptosome은 ER 막에서 adapter protein인 TRAF2 (tumor necrosis factor receptorassociated factor 2)를 연결하는 IRE1에 의해서 형성된다고 제안되었으며, 이 TRAF2는 caspase-12의 oligomerization과 cleavage를 고려하여 차례로 caspase-12를 도입한다. Caspase-12는 caspase-7에 의해서 절단되어 활성화될 수도 있다. Caspase-12의 정확한 molecular action은 아직까지 밝혀지지 않았지만, caspase-12가 세포질로 translocatione된 후에 apoptosis의 중요한 mediator인 caspase-9과 상호작용을 하는 것이 알려져 있다. IRE1은 caspase-12 활성 이외에 TRAF2를 통하여 JNK (c-Jun N-terminal kinase)에 신호를 보내기도 한다. JNK의 TRAF2 활성화는 IRE1a binding partner이며 TRAF2 phosphorylation에 영향을 미치는 JIK (JNK inhibitory kinase)에 의해서 조절된다. JNK는 stress-activated protein kinase에 속 하고 많은 cell type에서 다양한 stress 상황에 응답하여 apoptosis를 유도한다.</p> <p>위에서 언급한 기작과 더불어, ER stress response는 gadd153과 NF-кB 두 개의 전사인자를 활성화하는데, 아직 까지 stress response에 있어서 gadd153과 NF-kB의 기능은 완전히 해명되지는 않고 있다. Gadd153은 UV 처리에 응답하는 유전자를 선발하기 위한 screening에서 처음으로 분리 되었지만, 계속적인 연구를 통하여 전사인자인 gadd153이 UPR에서 ER 정점에 달하는 변화에 가장 민감하다는 것을 인식하게 되었다 . Gadd153의 발현은 ER chaperone 및 chaperone과 유사한 분자들을 up-regulate 하는 모든 agent에 의해서 활성화되며, ATF6 및 ATF4 전사인자에 의해서 유도된다. 세포 성장과 분화의 negative regulation에서 gadd153에 대한 역할에 대하여 많은 연구들이 보 고됨으로써, Gadd153이 apoptosis 유도와도 밀접한 관련임이 밝혀졌다. gadd153이 Bcl-2의 down-regulation과 reactive oxygene intermediate의 생산을 증가시키는 glutathion의 결핍에 의한 ER stress에 대하여 세포를 민감하게 반응시킨다. 그러나 gadd153은 직접적인 apoptosis의 mediator가 아니라 apoptosis 쪽으로의 progression에 관여함으로써 작동한다. 아마 gadd153이 up-regulation되게 되면, cell cycle arrest가 초래되어 unfavorable condition 하에서 세포가 대항할 수 있는 세포 시간을 가지게 될 것이다. 지금까지 gadd153의 많은 downstream transcriptional target가 규명되었지만, 그들이 어떻게 apoptosis에 관여하는지 는 분명하지 않다.</p> <p>EOR에 의해서 활성화된 NF-kB 또한 세포 운명과 밀접한 관련을 가지고 있다. 정상적인 조건에서 NF-kB는 I-kB와 복합체를 형성하여 비활성 heterodimer로서 cytoplasm에서 존재한다. 지금까지, 5개의 NF-kB subunit와 7개의 kB inhibitor가 규명되었다. NF-kB는 그것의 inhibitor인 I-кB의 phosphorylation과 순차적인 degradation에 의해서 직접적인 활성을 가지게 된다. EOR과의 관계에 있어서, I-kB의 인산화는 ER lumen으로부터 해리된 칼슙이 ROIs (reactive oxygen intermediates) signaling을 활성화할 때 개시된다. NF-кB는 gadd153과 달리 일반적으로 antiapoptotic 기능을 가진다고 인정되는데, 왜냐하면 NF-kB는 superoxide dismutase 인 IAP (inhibitor of apoptosis) family 나 Bcl-xl과 같은 survival-promoting 유전자를 활성화하기 때문이다. 또한, NF-kB가 cadd153의 억제에 의한 ER-stress-induced death에 대항하여 세포를 보호할 수 있다는 결과도 있다.</p>",
                "context_length": 2523,
                "clue": [
                    {
                        "clue_text": "JNK의 TRAF2 활성화는 IRE1a binding partner이며 TRAF2 phosphorylation에 영향을 미치는 JIK (JNK inhibitory kinase)에 의해서 조절된다. JNK는 stress-activated protein kinase에 속 하고 많은 cell type에서 다양한 stress 상황에 응답하여 apoptosis를 유도한다.",
                        "clue_start": "785",
                        "clue_end": "989"
                    },
                    {
                        "clue_text": "세포 성장과 분화의 negative regulation에서 gadd153에 대한 역할에 대하여 많은 연구들이 보 고됨으로써, Gadd153이 apoptosis 유도와도 밀접한 관련임이 밝혀졌다. gadd153이 Bcl-2의 down-regulation과 reactive oxygene intermediate의 생산을 증가시키는 glutathion의 결핍에 의한 ER stress에 대하여 세포를 민감하게 반응시킨다.",
                        "clue_start": "1376",
                        "clue_end": "1608"
                    },
                    {
                        "clue_text": "EOR에 의해서 활성화된 NF-kB 또한 세포 운명과 밀접한 관련을 가지고 있다.",
                        "clue_start": "1909",
                        "clue_end": "1954"
                    }
                ],
                "terminology": [
                    {
                        "word": "Bcl-2"
                    },
                    {
                        "word": "Bcl-xl"
                    },
                    {
                        "word": "EOR"
                    },
                    {
                        "word": "ER"
                    },
                    {
                        "word": "ER chaperone"
                    },
                    {
                        "word": "ER lumen"
                    },
                    {
                        "word": "ER stress"
                    },
                    {
                        "word": "ER stress response"
                    },
                    {
                        "word": "ER-specific caspase"
                    },
                    {
                        "word": "ER-stress-induced death"
                    },
                    {
                        "word": "I-kB"
                    },
                    {
                        "word": "I-кB"
                    },
                    {
                        "word": "IAP"
                    },
                    {
                        "word": "IRE1"
                    },
                    {
                        "word": "IRE1a binding partner"
                    },
                    {
                        "word": "JIK"
                    },
                    {
                        "word": "JNK"
                    },
                    {
                        "word": "N-terminal"
                    },
                    {
                        "word": "NF-kB"
                    },
                    {
                        "word": "NF-kB subunit"
                    },
                    {
                        "word": "NF-кB"
                    },
                    {
                        "word": "Pro-apoptotic"
                    },
                    {
                        "word": "Pro-apoptotic pathway"
                    },
                    {
                        "word": "UPR"
                    },
                    {
                        "word": "UV"
                    },
                    {
                        "word": "UV 처리"
                    },
                    {
                        "word": "adapter"
                    },
                    {
                        "word": "antiapoptotic"
                    },
                    {
                        "word": "apoptosis"
                    },
                    {
                        "word": "apoptosome"
                    },
                    {
                        "word": "apoptotic"
                    },
                    {
                        "word": "apoptotic effector molecule"
                    },
                    {
                        "word": "arrest"
                    },
                    {
                        "word": "binding"
                    },
                    {
                        "word": "c-Jun"
                    },
                    {
                        "word": "cadd153"
                    },
                    {
                        "word": "caspase"
                    },
                    {
                        "word": "caspase-12"
                    },
                    {
                        "word": "cell cycle"
                    },
                    {
                        "word": "cell cycle arrest"
                    },
                    {
                        "word": "chaperone"
                    },
                    {
                        "word": "cleavage"
                    },
                    {
                        "word": "cytoplasm"
                    },
                    {
                        "word": "degradation"
                    },
                    {
                        "word": "domain"
                    },
                    {
                        "word": "downstream"
                    },
                    {
                        "word": "effector"
                    },
                    {
                        "word": "gadd153"
                    },
                    {
                        "word": "glutathion"
                    },
                    {
                        "word": "heterodimer"
                    },
                    {
                        "word": "inhibitor"
                    },
                    {
                        "word": "inhibitor of apoptosis"
                    },
                    {
                        "word": "inhibitory domain"
                    },
                    {
                        "word": "intermediate"
                    },
                    {
                        "word": "kB inhibitor"
                    },
                    {
                        "word": "kinase"
                    },
                    {
                        "word": "lumen"
                    },
                    {
                        "word": "mediator"
                    },
                    {
                        "word": "molecular"
                    },
                    {
                        "word": "mutimolecular complex"
                    },
                    {
                        "word": "necrosis"
                    },
                    {
                        "word": "oligomerization"
                    },
                    {
                        "word": "phosphorylation"
                    },
                    {
                        "word": "protein"
                    },
                    {
                        "word": "protein kinase"
                    },
                    {
                        "word": "proteolysis"
                    },
                    {
                        "word": "reactive oxygen"
                    },
                    {
                        "word": "reactive oxygen intermediates"
                    },
                    {
                        "word": "screening"
                    },
                    {
                        "word": "signaling"
                    },
                    {
                        "word": "superoxide"
                    },
                    {
                        "word": "superoxide dismutase"
                    },
                    {
                        "word": "survival-promoting"
                    },
                    {
                        "word": "tumor"
                    },
                    {
                        "word": "tumor necrosis factor"
                    },
                    {
                        "word": "unfavorable condition"
                    },
                    {
                        "word": "up-regulate"
                    },
                    {
                        "word": "up-regulation"
                    },
                    {
                        "word": "zymogen"
                    },
                    {
                        "word": "단백질"
                    },
                    {
                        "word": "발현"
                    },
                    {
                        "word": "복합체"
                    },
                    {
                        "word": "분화"
                    },
                    {
                        "word": "세포"
                    },
                    {
                        "word": "세포질"
                    },
                    {
                        "word": "유전자"
                    },
                    {
                        "word": "인산화"
                    },
                    {
                        "word": "전사인자"
                    },
                    {
                        "word": "합성"
                    },
                    {
                        "word": "활성화"
                    }
                ]
            }
        ]
    }
}