{
    "dataset_info": {
        "identifier": "02-031-002-NL",
        "name": "기술과학 문서 요약 데이터",
        "category": "자연어",
        "last_updated": "2023-08-30"
    },
    "dataset": {
        "doc_id": "8a2ae4d1-0347c129-61bd-4168-a7ac-4bbbbc82b6ed",
        "doc_type": "논문",
        "doc_title": {
            "kor": "옥수수 일차뿌리에서 TIBA가 brassinolide에 의해 유도된 굴중성 반응에 미치는 영향",
            "eng": ""
        },
        "doc_category": {
            "KDC": "470.5",
            "DDC": ""
        },
        "doc_number": {
            "ISSN": "1225-9918",
            "ISBN": "",
            "DOI": "",
            "UCI": ""
        },
        "doc_year": "2009",
        "doc_author": [
            "강병희",
            "박지혜",
            "김종식",
            "장수철",
            "김성기",
            "김순영"
        ],
        "doc_publisher": "한국생명과학회",
        "doc_license": "CC BY",
        "context_info": [
            {
                "context_id": "55e-0c9-b38ec87b-ac12-4f96-89e4-e51d63188fb6",
                "context_K-NSCC": {
                    "field": "생명",
                    "large_category": "LA",
                    "medium_category": "05"
                },
                "context": "<h1>결과 및 고찰</h1> <p>콩과 토마토의 줄기에 BL을 처리하면 굴중성 반응이 촉진되며, 옥수수 뿌리에서도 BL이 굴중성 반응을 촉진한다고 보고되었다. 옥수수 뿌리에서 굴중성 반응에 미치는 BL의 효과를 조사하여 본 결과, 2시간 이후부터 BL 처리구는 대조구에 비해 굴중성 반응이 촉진되었으며, 특히 \\( 10^{-7} \\mathrm{M} \\) BL을 처리하면 1시간 후부터 촉진되기 시작하여 4시간 경과 후에는 대조구와 비교하여 \\( 32 \\% \\) 촉진 효과를 나타냈다(data not shown). 따라서 뿌리의 굴중성 반응에 가장 뚜렷한 효과를 나타내는 \\( 10^{-7} \\mathrm{M} \\) BL을 실험에 사용하였다.</p> <p>한편, 옥수수 뿌리에서 BL의 농도가 증가함에 따라 ethyl-ene 생성은 증가하였고, BL은 ethylene 생합성 단계에서 AdoMet가 ACC로 전환되는 단계에 작용하는 ACS의 활성을 촉진하여 ethylene 생성을 촉진한다고 보고되었다. BL이 뿌리의 굴중성 반응에 미치는 영향이 BL이 미치는 eth-ylene 생성과 관계가 있는 알아보기 위하여 ethylene 생성 억제제인 AVG를 처리하여 굴중성 반응과 ethylene 생성을 조사하였다.</p> <p>\\( 10^{-4} \\mathrm{M} \\) AVG는 대조구와 비교하여 뿌리 굴중성 반응에 거의 영향을 주지 않고 대조구와 같은 수준의 굴중성 반응을 보였다. 4시간에서 5시간 사이에 AVG에 의해 유도된 굴중성 반응은 대조구에 비하여 약 \\( 13 \\% \\) 정도 감소되었으나 전체적으로 거의 대조구와 비슷한 양상을 나타내었다. \\( 10^{-7} \\mathrm{M}\\) BL을 처리한 뿌리는 굴중성 반응이 대조구와 비교하여 \\( 43 \\% \\) 정도 증가하였다. 한편 AVG와 BL을 함께 처리한 뿌리는 BL만 처리한 뿌리와 같은 수준의 굴중성 반응을 나타내었다. Fig.1B에서, \\( 10^{4} \\mathrm{M} \\) AVG를 처리하면 옥수수 뿌리의 ethylene 생성은 \\( 97 \\% \\) 억제되어, ethylene 생성이 거의 일어나지 않았다. BL만을 처리한 경우에는 예상한 대로 ethylene 생성이 증가되었다. 또한, BL과 AVG를 함께 처리한 경우에도 ethylene 생성이 약 \\( 60 \\% \\) 정도 억제되었다. 이 결과에 따르면 \\( 10^{-4} \\mathrm{M} \\) AVG를 처리하면 ethylene 생성이 완전하게 억제되어도 굴중성 반응은 대조구와 차이가 없이 나타났다. 이 결과는 옥수수 뿌리의 굴중성 반응이 ethylene에 의해서만 조절될 가능성을 배제하고 있다.</p> <p>이러한 결과를 다시 확인하기 위하여 ethylene 생성 억제제로 알려진 cobalt ion을 이용하여 ethylene 생성과 굴중성 반응을 측정하였다. Cobalt ion은 ethylene 생합성 단계에서 ACC가 ethylene으로 전환되는 단계에 작용하는 ACO 활성 억제제로 알려져 있다. \\( 10^{-4} \\mathrm{M}~ \\mathrm{Co}^{2+} \\)를 처리한 뿌리는 초기에는 대조구와 비교하여 약간 억제되는 경향을 나타냈으나, 4시간 이후에는 대조구와 같은 정도의 굴중성 반응을 보였다. BL만을 처리한 뿌리는 예상대로 굴중성 반응이 촉진되었으나 \\( 10^{-4} \\mathrm{M} \\mathrm{Co}^{2+} \\)과 BL을 함께 처리한 경우, 굴중성 반응은 대조구는 물론 BL만을 처리한 뿌리보다 약 \\( 60 \\% \\) 정도 촉진되었고, 5시간까지 계속 촉진되는 양상을 나타내었다.</p> <p>Cobalt ion을 처리하여 ethylene 생성을 측정하였다. Ethylene 생성은 약 \\( 10 \\% \\) 정도 억제되었다. 그러나 \\( \\mathrm{Co}^{2+} \\)와 BL을 함께 처리하여도 AVG 처리시와 마찬가지로 ethylene 생성에는 BL의 상승효과가 나타나지 않았고 \\( \\mathrm{Co}^{2+} \\)만을 처리한 것과 같은 정도의 ethylene이 생성되었다. 즉, \\( \\mathrm{Co}^{2+} \\) BL의 뿌리는 굴중성 반응이 \\( 60 \\% \\) 정도 촉진되었으나, ethylene 생성은 약 \\( 15 \\% \\) 정도 억제되었다.</p> <p>이러한 BL의 효과가 auxin transport와 관계가 있는지 알아보기 위하여 auxin transport inhibitor인 TIBA를 처리하여 굴중성 반응을 조사하였다. \\( 10^{-5} \\mathrm{M} \\) TIBA를 전처리한 뿌리는 거의 굴중성 반응을 나타내지 않고, 6시간 동안 거의 수평을 유지하였다. BL만을 처리한 뿌리는 굴중성 반응이 촉진되었으나, BL과 TIBA를 함께 처리한 뿌리도 TIBA만을 처리한 뿌리와 마찬가지로 굴중성 반응을 거의 나타내지 않았다.</p> <p>TIBA가 옥수수 뿌리 굴중성에 미치는 영향이 ethylene 생성과 관계가 있는지 조사하기 위하여 TIBA를 처리하여 ethyl-ene 생성을 측정하였다. \\( 10^{-5} \\mathrm{M} \\) TIBA를 처리한 결과, ethylene 생성이 대조구와 비교하여 \\( 96 \\% \\) 증가를 나타내었다. 이러한 증가는 \\( 10^{-7} \\mathrm{M} \\) BL만을 처리한 뿌리보다 약 \\( 50 \\% \\) 정도가 증가 된 것이다. 한편 TIBA와 BL을 함께 처리한 뿌리에서 ethylene 생성은 대조구의 \\( 132 \\% \\) 증가를 나타내었다. 이러한 결과는 BL이 뿌리 굴중성을 촉진하는 반응은 BL이 ethylene 생성을 촉진하여 일어날 가능성이 거의 없다는 것을 제시하고 있다. 따라서 BL과 뿌리 굴중성 반응과의 관계는 auxin transport와 관계가 있을 가능성을 제시하고 있다. Fig.5에서 auxin transport inhibitor인 \\( 10^{-5} \\mathrm{M} \\) TIBA가 존재할 경우에는 ethylene 생성량과는 무관하게 굴중성 반응이 완전하게 억제가 되었다. 그러나 ethylene 생성을 억제하는 AVG와 \\( \\mathrm{Co}^{2+} \\)는 ethylene 생성량을 감소시키기는 하였으나 굴중성 반응에는 전혀 영향을 미치지 않았다.</p> <p>이러한 결과는 BL이 옥수수 뿌리에 존재하는 내적인 aux-in (IAA)의 차등 분포에 영향을 주어 BL이 굴중성 반응을 촉진할 가능성을 제시하고 있다. 이러한 가능성을 확인하기 위 하여 BL과 TIBA, 그리고 IAA를 처리하여 굴중성 반응을 측정하였다. \\( 10^{-5} \\mathrm{M} \\) TIBA를 처리한 결과 뿌리 굴중성 반응은 대조구의 \\( 90 \\% \\) 정도 억제가 되었다. \\( 10^{-7} \\mathrm{M} \\) BL과 \\( 10^{-5} \\mathrm{M} \\) TIBA를 처리하여도 뿌리의 굴중성 반응은 \\( 10^{-5} \\mathrm{M} \\) TIBA를 처리한 뿌리와 마찬가지로 약 \\( 90 \\% \\) 정도 억제되었다. 그러나 BL과 \\( 10^{-5} \\mathrm{M} \\) IAA를 함께 처리한 뿌리는 BL만 처리한 뿌리보다는 굴중성 반응이 억제되었으나 대조구와 같은 정도의 반응을 보였다. 이 결과는 BL에 의해 수평으로 놓인 뿌리의 윗면과 아랫면에 형성된 IAA의 차등분포가 외부에서 처리한 IAA에 의해 차등분포가 감소되었을 가능성을 제시하고 있다. 한편, BL, \\(10^{-5} \\mathrm{M} \\) IAA, 그리고 \\( 10^{-5} \\mathrm{M} \\) TIBA를 함께 처리한 뿌리는 오히려 뿌리가 위로 휘는 음성굴중성 반응을 보였다. 이 결과는 외부에서 처리하여 높아진 내부 IAA transport가 auxin transport inhibitor인 TIBA에 의해 억제되어 아랫면 보다는 뿌리의 윗면에 더 많은 IAA가 분포할 가능성을 제시하고 있다.</p> <p>굴중성 반응은 수평으로 놓인 뿌리의 윗면과 아랫면의 차등 생장에 의하여 일어나는 반응이다. BL이나 TIBA가 뿌리 생장에 영향을 주어 굴중성 반응을 나타내는지 알아보기 위하여 수직으로 놓인 뿌리의 생장률을 4시간 동안 측정하였다. \\( 10^{-7} \\mathrm{M} \\) BL은 대조구와 비교하여 뿌리 생장률을 약 \\( 50 \\% \\) 정도 촉진시켰다. 그러나 BL, IAA, TIBA를 함께 처리한 뿌리에서도 생장률은 억제되지 않고 오히려 증가되어 BL만 처리한 뿌리와 같은 정도의 생장률을 나타내었다. 그러나 BL, IAA, TIBA를 함께 처리한 뿌리에서는 음성굴중성 반응을 보였다. 그러므로 BL에 의하여 일어난 굴중성 반응은 뿌리 자체의 생장률이 억제되어 일어나는 것이 아니라 뿌리 내부에 존재하는 IAA의 차등생장에 영향을 주어 일어날 가능성을 제시하고 있다. 즉, BL을 처리하면 수평으로 놓인 뿌리에서 aux-in transport에 영향을 주어 굴중성 반응을 촉진하는 것으로 예상된다.</p>",
                "context_length": 4383,
                "clue": [
                    {
                        "clue_text": "콩과 토마토의 줄기에 BL을 처리하면 굴중성 반응이 촉진되며, 옥수수 뿌리에서도 BL이 굴중성 반응을 촉진한다고 보고되었다.",
                        "clue_start": "20",
                        "clue_end": "89"
                    },
                    {
                        "clue_text": "이러한 결과는 BL이 뿌리 굴중성을 촉진하는 반응은 BL이 ethylene 생성을 촉진하여 일어날 가능성이 거의 없다는 것을 제시하고 있다. 따라서 BL과 뿌리 굴중성 반응과의 관계는 auxin transport와 관계가 있을 가능성을 제시하고 있다.",
                        "clue_start": "2702",
                        "clue_end": "2842"
                    },
                    {
                        "clue_text": "이러한 결과는 BL이 옥수수 뿌리에 존재하는 내적인 aux-in (IAA)의 차등 분포에 영향을 주어 BL이 굴중성 반응을 촉진할 가능성을 제시하고 있다.",
                        "clue_start": "3069",
                        "clue_end": "3155"
                    },
                    {
                        "clue_text": "그러므로 BL에 의하여 일어난 굴중성 반응은 뿌리 자체의 생장률이 억제되어 일어나는 것이 아니라 뿌리 내부에 존재하는 IAA의 차등생장에 영향을 주어 일어날 가능성을 제시하고 있다.",
                        "clue_start": "4205",
                        "clue_end": "4306"
                    },
                    {
                        "clue_text": "즉, BL을 처리하면 수평으로 놓인 뿌리에서 aux-in transport에 영향을 주어 굴중성 반응을 촉진하는 것으로 예상된다.",
                        "clue_start": "4307",
                        "clue_end": "4379"
                    }
                ],
                "terminology": [
                    {
                        "word": "ACC"
                    },
                    {
                        "word": "ACO"
                    },
                    {
                        "word": "ACS"
                    },
                    {
                        "word": "AVG"
                    },
                    {
                        "word": "AdoMet"
                    },
                    {
                        "word": "BL"
                    },
                    {
                        "word": "Ethylene"
                    },
                    {
                        "word": "IAA"
                    },
                    {
                        "word": "TIBA"
                    },
                    {
                        "word": "aux-in transport"
                    },
                    {
                        "word": "auxin transport"
                    },
                    {
                        "word": "cobalt ion"
                    },
                    {
                        "word": "굴중성"
                    },
                    {
                        "word": "굴중성 반응"
                    },
                    {
                        "word": "대조구"
                    },
                    {
                        "word": "생성 억제제"
                    },
                    {
                        "word": "생장률"
                    },
                    {
                        "word": "생합성"
                    },
                    {
                        "word": "음성굴중성"
                    },
                    {
                        "word": "차등생장"
                    },
                    {
                        "word": "활성"
                    },
                    {
                        "word": "활성 억제제"
                    }
                ]
            },
            {
                "context_id": "55e-0c9-e0939d74-5af5-4471-951c-c7b4eb9d4017",
                "context_K-NSCC": {
                    "field": "생명",
                    "large_category": "LA",
                    "medium_category": "05"
                },
                "context": "<h1>재료 및 방법</h1> <h2>식물 재료</h2> <p>옥수수 종자(Zea mays L., Golden cross bantum 70)를 흐르는 물에 충분히 세척하고 \\( 27^{\\circ} \\mathrm{C} \\) 암 상태에서 15시간 동안 물에 불린 후, 불투명한 플라스틱 쟁반에 젖은 종이 타월을 깔고 옥수수 종자의 배(embryo) 부분이 쟁반 바닥에 닿게 하여 일렬로 배열한 다음 그 위에 종이 타월을 덮고 적신다. 쟁반을 포개어 물이 들어 있는 통 안에 수직 방향으로 세우고 \\( 27^{\\circ} \\mathrm{C} \\) 암실에서 42시간 동안 발아시켰다. 옥수수 뿌리는 \\( 15-20 \\mathrm{~mm} \\) 정도인 것을 골라 실험 재료로 사용하였다.</p> <h2>실험 방법</h2> <h3>에틸렌 생성량 측정</h3> <p>\\( 25 \\mathrm{ml} \\) vial에 완충용액 \\( (1 \\mathrm{ml} \\) potassium - phosphate buffer, \\( 50 \\mathrm{mM}\\), \\(\\mathrm{pH} 6.8\\), \\(50 \\mu \\mathrm{g} / \\mathrm{ml} \\) chloramphenicol)에 test chemical을 처리한 후, 옥수수 일차뿌리 조직절편 \\( (1 \\mathrm{~cm} \\); root cap 포함) 40개를 넣어 실리콘 마개로 막고 \\( 27^{\\circ} \\mathrm{C} \\), 암소에서 진탕 배양하였다. 2시간 간격으로 기체 \\( 1 \\mathrm{ml} \\)씩을 채취하여 gas chroma-tography (Hewlett Packard, 5890 series II, USA; 80/100 Porapak-Q column, oven temp: \\( 120^{\\circ} \\mathrm{C} \\), injector temp: \\( 150^{\\circ} \\mathrm{C} \\), detector temp: \\( 280^{\\circ} \\mathrm{C} \\))를 이용하여 측정하였다.</p> <h3>굴중성 반응 및 뿌리 생장률 측정</h3> <p>각 시약이 들어있는 \\( 1.5 \\mathrm{ml} \\) tube에 \\( 15-20 \\mathrm{~mm} \\) 정도 곧게 자란 옥수수 뿌리 끝이 \\( 2 \\mathrm{~mm} \\) 잠기도록 수직 방향으로 고정시킨 후 습도가 \\( 95 \\% \\) 이상 유지되근 통 안에서 1.5시간 동안 전처리 하였다. 그리고 전처리된 뿌리를 습도가 \\( 95 \\% \\) 이상 유지되는 유리 상자에 수평 혹은 수직으로 부착시켜 그 변화를 접사 렌즈를 부착한 CCD camera (Samsung Aerospace, SAC-410NDX, Korea)를 이용하여 촬영한 영상을 time-lapse video cassette recorder (Samsung, STLU-36D, Korea)로 8시간 동안 지연 녹화한 후, TV 수신카드(Sasem, On-Air TV Little, Korea)의 정지영상 capture program을 사용하여 매 30분 간격으로 저장하고 관찰한 다음 Image Tool program을 이용하여 뿌리의 굴중성 굴곡 혹은 생장률을 측정하였다.</p> <h2>통계분석</h2> <p>모든 실험은 최소한 3회 이상 반복하였고, 각 실험 처리구 당 40개의 옥수수 일차뿌리를 사용하였다. \\( p<0.05 \\) 유의성을 검사하기 위하여 mean value는 Student t test에 따라 계산하였다.</p>",
                "context_length": 1720,
                "clue": [
                    {
                        "clue_text": "옥수수 종자(Zea mays L., Golden cross bantum 70)를 흐르는 물에 충분히 세척하고 \\( 27^{\\circ} \\mathrm{C} \\) 암 상태에서 15시간 동안 물에 불린 후, 불투명한 플라스틱 쟁반에 젖은 종이 타월을 깔고 옥수수 종자의 배(embryo) 부분이 쟁반 바닥에 닿게 하여 일렬로 배열한 다음 그 위에 종이 타월을 덮고 적신다.",
                        "clue_start": "35",
                        "clue_end": "240"
                    },
                    {
                        "clue_text": "쟁반을 포개어 물이 들어 있는 통 안에 수직 방향으로 세우고 \\( 27^{\\circ} \\mathrm{C} \\) 암실에서 42시간 동안 발아시켰다.",
                        "clue_start": "241",
                        "clue_end": "322"
                    },
                    {
                        "clue_text": "\\( 25 \\mathrm{ml} \\) vial에 완충용액 \\( (1 \\mathrm{ml} \\) potassium - phosphate buffer, \\( 50 \\mathrm{mM}\\), \\(\\mathrm{pH} 6.8\\), \\(50 \\mu \\mathrm{g} / \\mathrm{ml} \\) chloramphenicol)에 test chemical을 처리한 후, 옥수수 일차뿌리 조직절편 \\( (1 \\mathrm{~cm} \\); root cap 포함) 40개를 넣어 실리콘 마개로 막고 \\( 27^{\\circ} \\mathrm{C} \\), 암소에서 진탕 배양하였다.",
                        "clue_start": "422",
                        "clue_end": "736"
                    },
                    {
                        "clue_text": "각 시약이 들어있는 \\( 1.5 \\mathrm{ml} \\) tube에 \\( 15-20 \\mathrm{~mm} \\) 정도 곧게 자란 옥수수 뿌리 끝이 \\( 2 \\mathrm{~mm} \\) 잠기도록 수직 방향으로 고정시킨 후 습도가 \\( 95 \\% \\) 이상 유지되근 통 안에서 1.5시간 동안 전처리 하였다.",
                        "clue_start": "1039",
                        "clue_end": "1210"
                    }
                ],
                "terminology": [
                    {
                        "word": "CCD camera"
                    },
                    {
                        "word": "cassette"
                    },
                    {
                        "word": "chloramphenicol"
                    },
                    {
                        "word": "injector"
                    },
                    {
                        "word": "root cap"
                    },
                    {
                        "word": "test chemical"
                    },
                    {
                        "word": "vial"
                    },
                    {
                        "word": "굴중성 굴곡"
                    },
                    {
                        "word": "굴중성 반응"
                    },
                    {
                        "word": "생장률"
                    },
                    {
                        "word": "실리콘"
                    },
                    {
                        "word": "실험 처리구"
                    },
                    {
                        "word": "에틸렌"
                    },
                    {
                        "word": "완충용액"
                    },
                    {
                        "word": "전처리"
                    },
                    {
                        "word": "접사 렌즈"
                    },
                    {
                        "word": "조직절편"
                    },
                    {
                        "word": "진탕 배양"
                    }
                ]
            },
            {
                "context_id": "55e-0c9-73fa1a4a-d14c-4b15-9649-d454907bad01",
                "context_K-NSCC": {
                    "field": "생명",
                    "large_category": "LA",
                    "medium_category": "05"
                },
                "context": "<h1>서 론</h1> <p>Brassinolide (BL)는 1979년 유채(Brassica napus L.) 꽃가루에서 처음으로 존재가 확인되었고, 7-membered lactone ring을 함유하고 있는 고도로 활성이 높은 식물생장 조절물질이다. 50 가지 이상의 Brassinosteroids (BRs) 유사체가 잘 알려져 있으며 그 중에서 Brassinolide [2,22(R)23(R)-tetrahydroxy-24(S)-methyl-B-homo-7-oxa-5a-cholestane-6-one]가 가장 널리 분포하고 생리적 활성이 큰 것으로 밦혀졌다. BRs는 고등식물 뿐만 아니라 녹조류, 양치류와 같은 하등 식물에 이르기까지 광범위하게 발견되고 거의 모든 조직이나 기관들, 예를 들면 화분, 중자, 과육, 꽃눈, 줄기, 잎, 초(sheath)에서 다양한 수준으로 존재하며 다양한 생리적 반응에 관여한다고 알려져 있다.</p> <p>뿌리에서 굴중성 인지 메카니즘을 제공하는 것은 특수화된 세포인 statocyte 내에 있는 amyloplast이며, 이것은 근관의 collumella에 존재한다. 식물체가 중력을 받으면 amylo-plast는 statocyte의 새로운 바닥으로 침전되어 식물이 자극을 인지하는 것으로 알려져 있다. 굴중성 반응은 뿌리 끝에서 \\( 6 \\mathrm{~mm} \\) 정도 떨어진 신장대에서 일어나며, 굴중성 굴곡은 뿌리나 줄기의 반대면에서 차등생장이 일어난 결과이며, 그것은 Cholodny-Went 가설에서 기본적으로 제안된 auxin 기울기에 의해 조절된다고 알려졌다. Auxin은 줄기에서는 생장을 촉진하는 반면 뿌리의 생장은 억제하는 것으로 알려져 있고, 결과적으로 중력 자극이 되는 식물체의 아랫 면에 auxin 농도의 중가는 줄기는 위로, 뿌리는 아래로 휘게 한다. 또한 이러한 auxin의 생리적인 작용은 ethylene을 통하여 일어난다고 알려져 있다.</p> <p>Ethylene은 methionine으로부터 S-adenosyl-L-methionine(AdoMet)과 1-aminocyclopropane-1-carboxylic acid (ACC)를 거쳐 합성된다. AdoMet으로부터 ACC 형성은 pyridoxal 효소인 ACC synthase에 의해 조절되는데, 이 효소는 세포질에 존재하며 pyridoxal phosphate-mediated 효소 작용의 억제제로 알려진 AVG에 의헤 강하게 억제된다. 한편, ACC는 ACC oxidase에 의하여 ethylene으로 전환되는데, ACC oxi-dase는 \\( \\mathrm{Co}^{2+} \\)에 의해 억제된다.</p> <p>Auxin은 ACC 합성 과정에 작용하여 ethylene 생합성을 촉진하며, auxin이 뿌리 생장을 억제하는 것은 auxin에 의해 유도된 ethylene 생합성의 결과로 알려져 있다. 또한 ethylene도 뿌리의 굴중성 반응에 중요한 역할을 하는데, ethylene 생성 억제제를 전처리하면 굴중성 반응의 형태가 변화된다. 이러한 결과들은 뿌리에서 굴중성 반응을 일으키기 위하여 조직 내에 적정 수준의 ethylene이 필요하며, 이를 auxin이 조절할 가능성을 제시하고 있으며 옥수수 뿌리의 신장은 ethylene 생성 변화에 의해 조절 될 수 있다는 것을 제시하였다.</p> <p>본 연구실에서 수행한 이전의 결과에 따르면 BL은 옥수수 뿌리에서 ethylene 생성을 촉진하였고, BL과 IAA가 eth-ylene 생성에 상호작용할 수 있다는 것을 제시하였다. 또한 Chang 등은 BL과 ethylene의 상호작용에 대하여 연구하여 BL이 ACC synthase에 작용한다는 것을 밝혔다. 또한 ara-bidopsis에서 BL과 IAA는 굴중성 반응을 조절한다고 발표되었다.</p> <p>따라서 본 연구에서는 옥수수 식물의 일차 뿌리를 실험 재료로 사용하여 굴중성 반응에 미치는 BRs의 효과를 auxin transport와 에틸렌 생성과의 상호 관계를 중심으로 조사하였다. 이 결과를 확인하기 위하여 에틸렌 생합성 억제제인 \\( \\mathrm{CO}^{2+} \\)와 AVG를 처리하여 뿌리 굴중성 반응을 측정하였다.</p>",
                "context_length": 2059,
                "clue": [
                    {
                        "clue_text": "Brassinolide (BL)는 1979년 유채(Brassica napus L.) 꽃가루에서 처음으로 존재가 확인되었고, 7-membered lactone ring을 함유하고 있는 고도로 활성이 높은 식물생장 조절물질이다.",
                        "clue_start": "16",
                        "clue_end": "141"
                    },
                    {
                        "clue_text": "굴중성 반응은 뿌리 끝에서 \\( 6 \\mathrm{~mm} \\) 정도 떨어진 신장대에서 일어나며, 굴중성 굴곡은 뿌리나 줄기의 반대면에서 차등생장이 일어난 결과이며, 그것은 Cholodny-Went 가설에서 기본적으로 제안된 auxin 기울기에 의해 조절된다고 알려졌다.",
                        "clue_start": "640",
                        "clue_end": "791"
                    },
                    {
                        "clue_text": "본 연구실에서 수행한 이전의 결과에 따르면 BL은 옥수수 뿌리에서 ethylene 생성을 촉진하였고, BL과 IAA가 eth-ylene 생성에 상호작용할 수 있다는 것을 제시하였다.",
                        "clue_start": "1641",
                        "clue_end": "1742"
                    },
                    {
                        "clue_text": "따라서 본 연구에서는 옥수수 식물의 일차 뿌리를 실험 재료로 사용하여 굴중성 반응에 미치는 BRs의 효과를 auxin transport와 에틸렌 생성과의 상호 관계를 중심으로 조사하였다.",
                        "clue_start": "1871",
                        "clue_end": "1975"
                    },
                    {
                        "clue_text": "이 결과를 확인하기 위하여 에틸렌 생합성 억제제인 \\( \\mathrm{CO}^{2+} \\)와 AVG를 처리하여 뿌리 굴중성 반응을 측정하였다.",
                        "clue_start": "1976",
                        "clue_end": "2055"
                    }
                ],
                "terminology": [
                    {
                        "word": "ACC oxi-dase"
                    },
                    {
                        "word": "ACC synthase"
                    },
                    {
                        "word": "AVG"
                    },
                    {
                        "word": "BL"
                    },
                    {
                        "word": "BRs"
                    },
                    {
                        "word": "Cholodny-Went 가설"
                    },
                    {
                        "word": "IAA"
                    },
                    {
                        "word": "amyloplast"
                    },
                    {
                        "word": "ara-bidopsis"
                    },
                    {
                        "word": "auxin"
                    },
                    {
                        "word": "collumella"
                    },
                    {
                        "word": "ethylene 생성"
                    },
                    {
                        "word": "oxidase"
                    },
                    {
                        "word": "pyridoxal"
                    },
                    {
                        "word": "pyridoxal phosphate-mediated"
                    },
                    {
                        "word": "statocyte"
                    },
                    {
                        "word": "굴중성 굴곡"
                    },
                    {
                        "word": "굴중성 반응"
                    },
                    {
                        "word": "굴중성 인지 메카니즘"
                    },
                    {
                        "word": "근관"
                    },
                    {
                        "word": "생리적 반응"
                    },
                    {
                        "word": "생리적 활성"
                    },
                    {
                        "word": "생성 억제제"
                    },
                    {
                        "word": "생합성"
                    },
                    {
                        "word": "세포질"
                    },
                    {
                        "word": "식물생장 조절물질"
                    },
                    {
                        "word": "신장대"
                    },
                    {
                        "word": "에틸렌 생성"
                    },
                    {
                        "word": "에틸렌 생합성"
                    },
                    {
                        "word": "유사체"
                    },
                    {
                        "word": "전처리"
                    },
                    {
                        "word": "차등생장"
                    },
                    {
                        "word": "하등 식물"
                    },
                    {
                        "word": "효소 작용"
                    }
                ]
            }
        ]
    }
}