{
    "dataset_info": {
        "identifier": "02-031-002-NL",
        "name": "기술과학 문서 요약 데이터",
        "category": "자연어",
        "last_updated": "2023-08-30"
    },
    "dataset": {
        "doc_id": "28a7cd33-1c91-40de-8f85-4050912ba042",
        "doc_type": "논문",
        "doc_title": {
            "kor": "국화(Chrysanthemum morifolium )꽃으로부터 Flavonoid의 분리 및 동정",
            "eng": "Flavonoids from the flower of Chrysanthemum morifolium"
        },
        "doc_category": {
            "KDC": "521.305",
            "DDC": ""
        },
        "doc_number": {
            "ISSN": "1976-0442",
            "ISBN": "",
            "DOI": "",
            "UCI": ""
        },
        "doc_year": "2016",
        "doc_author": [
            "김형근",
            "고정환",
            "이영근",
            "박하승",
            "김동찬",
            "손국성",
            "백윤수",
            "권오근",
            "신학기",
            "백남인"
        ],
        "doc_publisher": "한국응용생명화학회",
        "doc_license": "CC BY",
        "context_info": [
            {
                "context_id": "55e-0c9-merge_la_28a7cd33-1c91-40de-8f85-4050912ba042_05",
                "context_K-NSCC": {
                    "field": "생명",
                    "large_category": "LA",
                    "medium_category": "08"
                },
                "context": "<p>화합물 \\(2 \\)는 positive FAB-MS에서 \\( m / z 307[ \\mathrm { M } + \\mathrm { Na } ] ^ { + } \\) 의 분자이온 peak 가 관측되어 분자량을 \\(284 \\) 로 결정하였다. 화합물 \\(1 \\) 과 분자량이 \\( 14 \\mathrm { amu } \\) 차이가 나는 것으로 부터 methyl 기가 한 개 더 존재함을 예상할 수 있었다. IR 스펙트럼으로부터 공역화 된 카보닐기 \\( \\left ( 1653 \\mathrm { ~cm } ^ { -1 } \\right ) \\), 수산기 \\( \\left ( 3259 \\mathrm { ~cm } ^ { -1 } \\right ) \\) 와 이중결합 \\( \\left (1590 \\mathrm { ~cm } ^ { -1 } \\right ) \\)이 있는 것으로 확인되었다. \\( { } ^ { 1 } \\mathrm { H } \\) NMR \\( \\left (400 \\mathrm { MHz } \\right . \\), pyridine- \\( d_ { 5 } \\), \\( \\left .a_ { 11 } \\right ) \\) 과 \\( { } ^ { 13 } \\mathrm { C } \\) NMR (100 MHz, pyridine- \\( \\left .d_ { 5 } , \\delta_ {\\mathrm { C } } \\right ) \\) spectrum을 통하여화합물 \\(1 \\) 과 같은 구조에 하나의 수산기 대신 methoxy \\( \\left ( \\delta_ { 11 } \\right . \\) \\( \\left .3 \\mathrm { H } , \\mathrm { s } ; \\delta_ {\\mathrm { C } } 55.6 \\right ) \\) 기가 결합 했음을 알 수 있었다. Methoxy기의 결합위치를 확인하기 위해 \\( \\mathrm { gHMBC } \\) 를 측정하였다. 그 결과 methoxyl의 proton signal \\( \\left ( \\delta_ { 11 } 3.59 \\right ) \\) 이 \\( \\mathrm { C } -4 \\) 의 oxygenated olefin quaternary carbon signal \\( \\left ( \\delta_ {\\mathrm { C } } \\right . \\) 162.5)과 cross peak 를 보여 \\( \\mathrm { C } -4 \\) 에 methoxy기가 결합해 있음을 확인 하였다. 위의 data를 문헌 값(Malmir 등, \\(2015 \\))과 비교 하여 화합물 \\(2 \\) 를 \\(5,7 \\)-dihydroxy- \\(4 \\)-methoxyflavone, acacetin 으로 구조 동정 하였다.</p>",
                "context_length": 1325,
                "clue": [
                    {
                        "clue_text": "화합물 \\(2 \\)는 positive FAB-MS에서 \\( m / z 307[ \\mathrm { M } + \\mathrm { Na } ] ^ { + } \\) 의 분자이온 peak 가 관측되어 분자량을 \\(284 \\) 로 결정하였다.",
                        "clue_start": "3",
                        "clue_end": "132"
                    },
                    {
                        "clue_text": "화합물 \\(1 \\) 과 분자량이 \\( 14 \\mathrm { amu } \\) 차이가 나는 것으로 부터 methyl 기가 한 개 더 존재함을 예상할 수 있었다.",
                        "clue_start": "133",
                        "clue_end": "221"
                    }
                ],
                "terminology": [
                    {
                        "word": "FAB-MS"
                    },
                    {
                        "word": "IR"
                    },
                    {
                        "word": "IR 스펙트럼"
                    },
                    {
                        "word": "Methoxy기"
                    },
                    {
                        "word": "NMR"
                    },
                    {
                        "word": "acacetin"
                    },
                    {
                        "word": "carbon signal"
                    },
                    {
                        "word": "cross peak"
                    },
                    {
                        "word": "gHMBC"
                    },
                    {
                        "word": "methoxy"
                    },
                    {
                        "word": "methyl"
                    },
                    {
                        "word": "olefin quaternary"
                    },
                    {
                        "word": "positive FAB-MS"
                    },
                    {
                        "word": "proton signal"
                    },
                    {
                        "word": "spectrum"
                    },
                    {
                        "word": "공역화"
                    },
                    {
                        "word": "구조 동정"
                    },
                    {
                        "word": "분자량"
                    },
                    {
                        "word": "분자이온 peak"
                    },
                    {
                        "word": "수산기"
                    },
                    {
                        "word": "이중결합"
                    },
                    {
                        "word": "카보닐기"
                    }
                ]
            },
            {
                "context_id": "55e-0c9-merge_la_28a7cd33-1c91-40de-8f85-4050912ba042_04",
                "context_K-NSCC": {
                    "field": "생명",
                    "large_category": "LA",
                    "medium_category": "08"
                },
                "context": "<h1>결과 및 고찰</h1> <p>화합물 \\(1 \\)은 negative FAB-MS 에서 \\( m / z 269[ \\mathrm { M } - \\mathrm { H } ] ^ { - } \\)의 분자이온 peak가 관측되어 분자량을 270 으로 결정하였다. IR 스펙트럼으로부터 공역화된 카보닐기 \\( \\left (1629 \\mathrm { ~cm } ^ { -1 } \\right ) \\), 수산기 \\( \\left (3427 \\mathrm { ~cm } ^ { -1 } \\right ) \\) 와 이중결합 \\( \\left (1580 \\mathrm { ~cm } ^ { -1 } \\right ) \\) 이 있는 것으로 확인되었다. \\( { } ^ { 1 } \\mathrm { H } \\) NMR \\( (400 \\) \\( \\mathrm { MHz } \\), pyridine- \\( d_ { 5 } , \\delta_ {\\mathrm { H } } \\) ) 스펙트럼에서 적분값이 \\(2 \\) 인 \\(2 \\) 개의 olefin methine proton signal \\( \\left ( \\delta_ {\\mathrm { H } } 7.85,2 \\mathrm { H } , \\mathrm { d } , J=8.0 \\mathrm { ~Hz } ; \\(7.17,2 \\) \\mathrm { H } \\right . \\), \\( \\mathrm { d } , J=8.0 \\mathrm { ~Hz } \\) )로부터 para-이치환 벤젠 구조가 존재함을 확인하였다. 또한 \\(2 \\) 개의 olefin methine proton signal \\( \\left ( \\delta_ {\\mathrm { H } } 6.80,1 \\mathrm { H } \\right . \\), \\( \\mathrm { s } ; 6.70,1 \\mathrm { H } , \\mathrm { s } \\) 으로부터 \\( 1,2,3,5 \\)-사치환 벤젠 구조가 존재함을 확인하였다. 또한 \\(1 \\) 개의 olefin methine proton signal \\( \\left ( \\delta_ {\\mathrm { H } } 6.82 \\right . \\), \\( 1 \\mathrm { H } , \\mathrm { s } ) \\) 을 관측하었으며, 이를 통해 이 화합물이 flavone 화합물 임을 예상하였다. \\( { } ^ { 13 } \\mathrm { C } \\) NMR \\( \\left (100 \\mathrm { MHz } \\right . \\), pyridine- \\( \\left .d_ { 5 } , \\delta_ {\\mathrm { C } } \\right ) \\) 스펙트럼에서 탄소수가 \\(15 \\) 개임을 확인하였으며, 이를 통해 flavone 화합물임을 확인하였다. \\(1 \\)개의 conjugated ketone carbon signal \\( \\left ( \\delta_ {\\mathrm { C } } \\right . \\) 182.54), \\( 5 \\)개의 oxygenated olefin quaternary carbon signal \\( \\left ( \\delta_ {\\mathrm { C } } 166.4 ; 164.3 ; 162.9 ; 162.5 ; 158.3 \\right ) \\) 을 확인하였고, \\(2 \\) 개의 olefin quaternary carbon signal \\( \\left ( \\delta_ {\\mathrm { C } } 122.0 ; 116.7 \\right ) \\) 을 확인하였으며, \\(7 \\)개의 olefin methine carbon signal [ \\( \\delta_ {\\mathrm { C } } 128.7 \\) \\( ( \\times 2) \\); \\( 104.8( \\times 2) \\); 103.6; 98.7; 94.7]을 확인하였다. 위의 data를 문헌값(Wang 등, \\(2015 \\))과 비교하여 화합물 \\(1 \\)을 \\( 5,7,4- \\)trihydroxyflavone, apigenin으로 구조 동정 하였다.</p>",
                "context_length": 1963,
                "clue": [
                    {
                        "clue_text": "화합물 \\(1 \\)은 negative FAB-MS 에서 \\( m / z 269[ \\mathrm { M } - \\mathrm { H } ] ^ { - } \\)의 분자이온 peak가 관측되어 분자량을 270 으로 결정하였다",
                        "clue_start": "20",
                        "clue_end": "142"
                    },
                    {
                        "clue_text": "IR 스펙트럼으로부터 공역화된 카보닐기 \\( \\left (1629 \\mathrm { ~cm } ^ { -1 } \\right ) \\), 수산기 \\( \\left (3427 \\mathrm { ~cm } ^ { -1 } \\right ) \\) 와 이중결합 \\( \\left (1580 \\mathrm { ~cm } ^ { -1 } \\right ) \\) 이 있는 것으로 확인되었다",
                        "clue_start": "144",
                        "clue_end": "348"
                    },
                    {
                        "clue_text": "\\( { } ^ { 1 } \\mathrm { H } \\) NMR \\( (400 \\) \\( \\mathrm { MHz } \\), pyridine- \\( d_ { 5 } , \\delta_ {\\mathrm { H } } \\) ) 스펙트럼에서 적분값이 \\(2 \\) 인 \\(2 \\) 개의 olefin methine proton signal \\( \\left ( \\delta_ {\\mathrm { H } } 7.85,2 \\mathrm { H } , \\mathrm { d } , J=8.0 \\mathrm { ~Hz } ; \\(7.17,2 \\) \\mathrm { H } \\right . \\), \\( \\mathrm { d } , J=8.0 \\mathrm { ~Hz } \\) )로부터 para-이치환 벤젠 구조가 존재함을 확인하였",
                        "clue_start": "350",
                        "clue_end": "746"
                    },
                    {
                        "clue_text": "또한 \\(2 \\) 개의 olefin methine proton signal \\( \\left ( \\delta_ {\\mathrm { H } } 6.80,1 \\mathrm { H } \\right . \\), \\( \\mathrm { s } ; 6.70,1 \\mathrm { H } , \\mathrm { s } \\) 으로부터 \\( 1,2,3,5 \\)-사치환 벤젠 구조가 존재함을 확인하였다",
                        "clue_start": "749",
                        "clue_end": "960"
                    },
                    {
                        "clue_text": "위의 data를 문헌값(Wang 등, \\(2015 \\))과 비교하여 화합물 \\(1 \\)을 \\( 5,7,4- \\)trihydroxyflavone, apigenin으로 구조 동정 하였다.",
                        "clue_start": "1857",
                        "clue_end": "1959"
                    }
                ],
                "terminology": [
                    {
                        "word": "FAB-MS"
                    },
                    {
                        "word": "IR"
                    },
                    {
                        "word": "IR 스펙트럼"
                    },
                    {
                        "word": "NMR"
                    },
                    {
                        "word": "apigenin"
                    },
                    {
                        "word": "flavone 화합물"
                    },
                    {
                        "word": "ketone"
                    },
                    {
                        "word": "negative FAB-MS"
                    },
                    {
                        "word": "olefin methine carbon signal"
                    },
                    {
                        "word": "olefin methine proton signal"
                    },
                    {
                        "word": "olefin quaternary"
                    },
                    {
                        "word": "공역화"
                    },
                    {
                        "word": "구조 동정"
                    },
                    {
                        "word": "벤젠"
                    },
                    {
                        "word": "벤젠 구조"
                    },
                    {
                        "word": "분자량"
                    },
                    {
                        "word": "분자이온 peak"
                    },
                    {
                        "word": "수산기"
                    },
                    {
                        "word": "스펙트럼"
                    },
                    {
                        "word": "카보닐기"
                    }
                ]
            },
            {
                "context_id": "55e-0c9-merge_la_28a7cd33-1c91-40de-8f85-4050912ba042_06",
                "context_K-NSCC": {
                    "field": "생명",
                    "large_category": "LA",
                    "medium_category": "08"
                },
                "context": "<p>화합물 3은 negative FAB-MS 에서 \\( m / z 431 \\) [M-H]의 분자이온 peak가 관측되어 분자량을 \\(432 \\) 로 결정하였다. 화합물 \\(1 \\)과 분자량이 \\( 162 \\mathrm { amu } \\) 차이가 나는 것으로부터 육탄당이 한 개 더 존재함을 예상할 수 있었다. IR 스펙트럼으로부터 공역화된 카보닐기 \\( \\left (1635 \\mathrm { ~cm } ^ { -1 } \\right ) \\), 수산기 \\( \\left (3345 \\mathrm { ~cm } ^ { -1 } \\right ) \\), 방향족 고리 \\( (1605 \\), \\( 1512,1485 \\mathrm { ~cm } ^ { -1 } \\) )가 존재하는 것으로 확인되었다. \\( { } ^ { 1 } \\mathrm { H } \\mathrm { NMR } \\) \\( \\left (400 \\mathrm { MHz } \\right . \\), pyridine- \\( \\left .d_ { 5 } , \\delta_ {\\mathrm { H } } \\right ) \\) 과 \\( { } ^ { 13 } \\mathrm { C } \\) NMR \\( (100 \\mathrm { MHz } \\), pyridine- \\( d_ { 5 } , \\delta_ {\\mathrm { C } } \\) ) spectrum을 통하여 화합물 \\(1 \\) 과 매우 비슷한 구조에 당이 하나 더 결합했음을 알 수 있었다. 당에서 유래한 \\(1 \\)개의 hemiacetal signal \\( \\left ( \\delta_ {\\mathrm { C } } 101.6 ; \\delta_ {\\mathrm { H } } 5.82,1 \\mathrm { H } , \\mathrm { d } , J=7.2 \\mathrm { ~Hz } \\right ), 4 \\)개의 oxygenated methine signal \\( \\left ( \\delta_ {\\mathrm { C } } 78.4 ; 77.8 ; 74.8 ; 71.3 \\right . \\); \\( \\left . \\delta_ {\\mathrm { H } } 3.97 ; 3.48 ; 3.47 ; 3.15 \\right ), 1 \\) 개의 oxygenated methylene signal \\( \\left ( \\delta_ {\\mathrm { C } } 62.3 ; \\delta_ {\\mathrm { H } } 3.94,1 \\mathrm { H } , \\mathrm { dd } , J=12.0,1.6 \\mathrm { ~Hz } ; \\delta_ {\\mathrm { H } } 3.74 \\right . \\), \\( 1 \\mathrm { H } , \\mathrm { dd } , J=12.0,5.2 \\mathrm { ~Hz } ) \\) 의 chemical shift 및 anomer proton signal의 결합정수 \\( (J=7.2 \\mathrm { ~Hz } ) \\) 로부터 당의 구조가 \\( \\beta \\)-glucopyranose 임을 확인하였다. 당의 결합위치를 확인하기 위하여 \\( \\mathrm { gHMBC } \\) 를 측정하였다. 그 결과 anomer proton signal \\( \\left ( \\delta_ {\\mathrm { H } } 5.82, \\mathrm { H } -1 \\right ) \\) 이 C- \\(7 \\)의 oxygenated olefin quaternary carbon signal ( \\( \\left . \\delta_ {\\mathrm { C } } 166.4 \\right ) \\) 과 cross peak를 보여 glucose가 7번에 결합하고 있음을 알 수 있었다. 위의 data를 문헌값(Lee 등, 2013)과 비교하여 화합물 \\( 3 \\) 을 cosmetin으로 구조 동정 하였다.</p>",
                "context_length": 1871,
                "clue": [
                    {
                        "clue_text": "당의 결합위치를 확인하기 위하여 \\( \\mathrm { gHMBC } \\) 를 측정하였다.",
                        "clue_start": "1492",
                        "clue_end": "1542"
                    },
                    {
                        "clue_text": "그 결과 anomer proton signal \\( \\left ( \\delta_ {\\mathrm { H } } 5.82, \\mathrm { H } -1 \\right ) \\) 이 C- \\(7 \\)의 oxygenated olefin quaternary carbon signal ( \\( \\left . \\delta_ {\\mathrm { C } } 166.4 \\right ) \\) 과 cross peak를 보여 glucose가 7번에 결합하고 있음을 알 수 있었다.",
                        "clue_start": "1543",
                        "clue_end": "1799"
                    },
                    {
                        "clue_text": "화합물 3은 negative FAB-MS 에서 \\( m / z 431 \\) [M-H]의 분자이온 peak가 관측되어 분자량을 \\(432 \\) 로 결정하였다.",
                        "clue_start": "3",
                        "clue_end": "90"
                    }
                ],
                "terminology": [
                    {
                        "word": "FAB-MS"
                    },
                    {
                        "word": "IR"
                    },
                    {
                        "word": "NMR"
                    },
                    {
                        "word": "anomer proton signal"
                    },
                    {
                        "word": "chemical shift"
                    },
                    {
                        "word": "cross peak"
                    },
                    {
                        "word": "gHMBC"
                    },
                    {
                        "word": "glucose"
                    },
                    {
                        "word": "hemiacetal signal"
                    },
                    {
                        "word": "negative FAB-MS"
                    },
                    {
                        "word": "oxygenated methine signal"
                    },
                    {
                        "word": "oxygenated methylene signal"
                    },
                    {
                        "word": "spectrum"
                    },
                    {
                        "word": "결합정수"
                    },
                    {
                        "word": "공역화"
                    },
                    {
                        "word": "구조 동정"
                    },
                    {
                        "word": "방향족 고리"
                    },
                    {
                        "word": "분자량"
                    },
                    {
                        "word": "분자이온 peak"
                    },
                    {
                        "word": "수산기"
                    },
                    {
                        "word": "육탄당"
                    },
                    {
                        "word": "카보닐기"
                    }
                ]
            },
            {
                "context_id": "55e-0c9-merge_la_28a7cd33-1c91-40de-8f85-4050912ba042_07",
                "context_K-NSCC": {
                    "field": "생명",
                    "large_category": "LA",
                    "medium_category": "08"
                },
                "context": "<p>화합물 4 는 positive FAB-MS에서 \\( m / z 469[ \\mathrm { M } + \\mathrm { Na } ] ^ { + } \\)의 분자 이온 peak가 관측되어 분자량을 446으로 결정하였다. 화합물 2 와 분자량이 \\( 162 \\mathrm { amu } \\) 차이가 나는 것으로부터 육탄당이 한 개 더 존재함을 예상할 수 있었다. IR 스펙트럼으로부터 공역화된 카보닐기 \\( \\left (1656 \\mathrm { ~cm } ^ { -1 } \\right ) \\), 수산기 \\( \\left (3394 \\mathrm { ~cm } ^ { -1 } \\right ) \\), 방항족 고리 \\( \\left (3072 \\mathrm { ~cm } ^ { -1 } \\right ) \\) 가 존재하는 것으로 확인되었다. \\( { } ^ { 1 } \\mathrm { H } \\mathrm { NMR } (400 \\mathrm { MHz } \\), pyridine \\( \\left .d_ { 5 } , \\delta_ {\\mathrm { H } } \\right ) \\) 과 \\( { } ^ { 13 } \\mathrm { C } \\operatorname { NMR } \\left (100 \\mathrm { MHz } \\right . \\), pyridine \\( \\left .d_ { 5 } , \\delta_ {\\mathrm { C } } \\right ) \\) spectrum을 통하여 화합물 2 와 매우 비슷한 구조에 당이 하나 더 결합헸음 을 알 수 있었다. 당에서 유래한 1개의 hemiacetal signal \\( \\left ( \\delta_ {\\mathrm { C } } \\right . \\) \\( \\left .101.6 ; \\delta_ {\\mathrm { H } } 5.82,1 \\mathrm { H } , \\mathrm { d } , J=7.2 \\mathrm { ~Hz } \\right ), 4 \\) 개의 oxygenated methine signal \\( \\left ( \\delta_ {\\mathrm { C } } 78.4 ; 77.8 ; 74.8 ; 71.3 ; \\delta_ {\\mathrm { H } } 3.97 ; 3.48 ; 3.47 ; 3.15 \\right ) \\), 1 개의 oxygenated methylene signal \\( \\left ( \\delta_ {\\mathrm { C } } 62.3 ; \\delta_ {\\mathrm { H } } 3.94,1 \\mathrm { H } \\right . \\), dd, \\( \\left .J=12.0,1.6 \\mathrm { ~Hz } ; \\delta_ {\\mathrm { H } } 3.74,1 \\mathrm { H } , \\quad \\mathrm { dd } , J=12.0,5.2 \\mathrm { ~Hz } \\right ) \\) 의 chemical shift 및 anomer proton signal의 결합정수 \\( (J=7.2 \\mathrm { ~Hz } ) \\) 로부터 당의 구조가 \\( \\beta \\)-glucopyranose임을 확인하였다. 당의 결합위치를 확인하기 위하여 \\( \\mathrm { gHMBC } \\) 를 측정하였다. 그 결과 anomer proton signal \\( \\left ( \\delta_ {\\mathrm { H } } 5.82, \\mathrm { H } -1 \\right ) \\) 이 \\( \\mathrm { C } -7 \\) 의 oxygenated olefin quaternary carbon signal \\( \\left ( \\delta_ {\\mathrm { C } } \\right . \\) 166.4)과 cross peak를 보 여 glucose가 7번에 결합하고 있음을 알 수 있었다. 위의 data를 문헌값과 비교하여 화합물 4 를 tilianin으로 구조 동정 하였다.</p> <p>Apigenin (1)은 항산화 활성(Agar 등, 2015), 항염 활성 (Tavares 등, 2014), 미백 활성(Karim 등, 2014), 주름개선 활성 (Yu 등, 2015), 간세포보호 활성(Wang 등, 2016), 항암 활성 (Coombs 등, 2016)등이 보고되어 있다. Acacetin (2)은 항산화 활성(Yadav와 Yadava 2013), 항균 활성(Komape 등, 2014), 미백 활성, 주름개선 활성(Karim 등, 2014) 등이 보고되어 있다.Cosmetin (3)은 항산화 활성(Aprotosoaie 등, 2016), 항박테리아 활성(Karlickova 등, 2016), 미백 활성(Bouzaiene 등, 2016)등이 보고되어 있다. Tilianin (4)은 항산화 활성(Kang 등, 1999), 항암 활성(Mohamed 2010), 항알레르기 활성(Xie 등, 2012), 항염 활성(Semwal 과 Semwal 2012), 미백 활성(Thanigaimalai 등2010) 등이 보고되어 있다. 이와 같은 결과를 통해 위의 flavonoid 화합문들이 국화꽃 추출문의 주요한 활성 본체인 것을 확인 하였다. 또한 공통적으로 미백 활성, 항산화 활성, 항염 활성, 주름 개선 활성, 항균 활성, 항알레르기 활성 등의 기능성 화장품과 관련된 다양한 활성을 나타내는 것으로 보아 국화꽃의 기능성 화장품 소재로서의 가능성을 확인하였다.</p>",
                "context_length": 2624,
                "clue": [
                    {
                        "clue_text": "화합물 4 는 positive FAB-MS에서 \\( m / z 469[ \\mathrm { M } + \\mathrm { Na } ] ^ { + } \\)의 분자 이온 peak가 관측되어 분자량을 446으로 결정하였다.",
                        "clue_start": "3",
                        "clue_end": "122"
                    },
                    {
                        "clue_text": "IR 스펙트럼으로부터 공역화된 카보닐기 \\( \\left (1656 \\mathrm { ~cm } ^ { -1 } \\right ) \\), 수산기 \\( \\left (3394 \\mathrm { ~cm } ^ { -1 } \\right ) \\), 방항족 고리 \\( \\left (3072 \\mathrm { ~cm } ^ { -1 } \\right ) \\) 가 존재하는 것으로 확인되었다.",
                        "clue_start": "202",
                        "clue_end": "410"
                    },
                    {
                        "clue_text": "당의 결합위치를 확인하기 위하여 \\( \\mathrm { gHMBC } \\) 를 측정하였다.",
                        "clue_start": "1531",
                        "clue_end": "1581"
                    },
                    {
                        "clue_text": "그 결과 anomer proton signal \\( \\left ( \\delta_ {\\mathrm { H } } 5.82, \\mathrm { H } -1 \\right ) \\) 이 \\( \\mathrm { C } -7 \\) 의 oxygenated olefin quaternary carbon signal \\( \\left ( \\delta_ {\\mathrm { C } } \\right . \\) 166.4)과 cross peak를 보 여 glucose가 7번에 결합하고 있음을 알 수 있었다.",
                        "clue_start": "1582",
                        "clue_end": "1851"
                    },
                    {
                        "clue_text": "flavonoid 화합문들이 국화꽃 추출문의 주요한 활성 본체인 것을 확인 하였다.",
                        "clue_start": "2450",
                        "clue_end": "2496"
                    }
                ],
                "terminology": [
                    {
                        "word": "Acacetin"
                    },
                    {
                        "word": "Apigenin"
                    },
                    {
                        "word": "FAB-MS"
                    },
                    {
                        "word": "IR 스펙트럼"
                    },
                    {
                        "word": "NMR"
                    },
                    {
                        "word": "anomer proton signal"
                    },
                    {
                        "word": "chemical shift"
                    },
                    {
                        "word": "cross peak"
                    },
                    {
                        "word": "flavonoid"
                    },
                    {
                        "word": "gHMBC"
                    },
                    {
                        "word": "glucose"
                    },
                    {
                        "word": "hemiacetal signal"
                    },
                    {
                        "word": "oxygenated methine signal"
                    },
                    {
                        "word": "oxygenated methylene signal"
                    },
                    {
                        "word": "positive FAB-MS"
                    },
                    {
                        "word": "pyridine"
                    },
                    {
                        "word": "spectrum"
                    },
                    {
                        "word": "tilianin"
                    },
                    {
                        "word": "결합정수"
                    },
                    {
                        "word": "공역화"
                    },
                    {
                        "word": "구조 동정"
                    },
                    {
                        "word": "미백 활성"
                    },
                    {
                        "word": "방항족 고리"
                    },
                    {
                        "word": "분자 이온"
                    },
                    {
                        "word": "분자량"
                    },
                    {
                        "word": "수산기"
                    },
                    {
                        "word": "육탄당"
                    },
                    {
                        "word": "주름개선 활성"
                    },
                    {
                        "word": "카보닐기"
                    },
                    {
                        "word": "항균 활성"
                    },
                    {
                        "word": "항박테리아"
                    },
                    {
                        "word": "항산화 활성"
                    },
                    {
                        "word": "항알레르기"
                    },
                    {
                        "word": "항암 활성"
                    },
                    {
                        "word": "항염"
                    },
                    {
                        "word": "화합물"
                    }
                ]
            },
            {
                "context_id": "55e-0c9-merge_la_28a7cd33-1c91-40de-8f85-4050912ba042_00",
                "context_K-NSCC": {
                    "field": "생명",
                    "large_category": "LA",
                    "medium_category": "08"
                },
                "context": "<h1>서 론</h1> <p>국화는 국화과 (Compositae), 국화속(Chrysanthemum)에 속하는 다년생 초본식물로, 아시아에 주로 서식하며, 길가나 산, 들판에서 자란다. 주요한 용도는 관상용이나, 동아시아 문화권에서는 차나 방향제 등으로도 사용된다. 식물학적 특징으로는 \\( 0.3 \\sim 0.9 \\mathrm { ~m } \\) 까지 자라며, 꽃은 가을에 개화하고, 청색, 녹색, 오렌지색, 흰색 등 여러가지 색이 있다. 국화는 스탠다드형 국화, 스프레이형 국화, 화분국화 등으로 분류할 수 있는데, 현재 국내에서만도 \\(700 \\) 종 이상의 품종이 육종개발되어있다. 스탠다드형이 전체의 \\( 80 \\% \\) 이상으로 생산량이 가장 많다(Ministry of Agriculture, Food and Rural Affairs \\(2014 \\) ). 국화꽃의 밝혀진 활성으로서는 항산화(Yuan 등, \\(2015 \\) ), 혈관형성 저해(Zheng 등, \\(2015 \\)), 항 \\( \\mathrm { HIV } \\) 바이러스(Lee 등, \\(2003 \\) ), 항돌연변이(Miyazawa 와 Hisama \\(2003 \\) ), 세포독성(Xie 등, \\(2009 \\) ), 간독성 저해, 유전자독성 저해 (Lee 등, \\(2011 \\))활성 등이 보고되어 있다. 국화의 이러한 다양한 활성에 주목하며 국화품종 중 가장 생산량이 많은 스탠다드형 국화품종인 ‘백선'을 가지고 생리활성물질을 분리하고, 성분 분석을 통해 활용방안을 모색하고자 본 연구를 시작하였다.</p> <h1>재료 및 방법</h1> <h2>실험 재료</h2> <p>본 실험에서 사용한 국화 '백선'(C. morifolium) 은 스탠다드형 국화로 \\( 2015 \\) 년 \\( 9 \\) 월에 양재꽃시장(서울, 대한민국)에서 흰색 꽃을 구입하였으며, 충청남도농업기술원 화훼연구소 (충청남도 예산군 오가면 역탑리) 박하승 박사가 동정하였다. 표본시료( KHU- \\( \\mathrm { NPCL } - 20150930) \\) 는 경희대학교 천연물화학실에 보관되어 있다.</p> <h2>시약 및 기기</h2> <p>시약 및 기기는 이전 실혐과 동일하게 사용하였다( Lee 등, \\(2016 \\) ).</p> <h2>추출 및 분리</h2> <p>국화 ‘백선’의 건조한 꽃 \\(485.0 \\) \\( g ^ {\\circ } \\) 를 \\(80 \\ % \\) MeOH 수용액(50 L)으로 24시간씩 3번 실온에서 추출하였다. 얻어진 여액을 감압농축하여 MeOH 추출물(246.4 g)을 얻었다. 얻어진 \\( \\mathrm { MeOH } \\) 추출물은 물( \\(1 \\) \\( \\mathrm { L } \\))과 \\( \\mathrm { ethyl \\ acetate } \\) \\( \\mathrm { (EtOAc, 1 L×3) } \\)로 분배 추출하였고, 다시 물층을 \\(n \\) \\( \\mathrm { -butyl \\ alcohol } \\) \\( \\mathrm { (n-BuOH, 800 mL×3) } \\)로 분배 추출하였다. 각층을 감압농축하여 \\( \\mathrm { EtOAc } \\) 분획 \\( \\mathrm { (CBE, 8.5 g) } \\, \\(n \\) \\( \\mathrm { -BuOH } \\) 분획 \\( \\mathrm { (CBB, 27.7 g) } \\) 및 물 분획 \\( \\mathrm { (CBW, 188 g) } \\)을 얻었다. \\( \\mathrm { EtOAc } \\) 분획 \\( \\mathrm { (CBE, 8.5 g) } \\)에 대하여 \\( \\mathrm { silica \\ gel \\ (SiO_2) } \\) \\( \\mathrm { columnchromatography } \\) \\( \\mathrm { (c.c., φ4.4×15.0 cm, CHCl_3-MeOH = 10:1→5:1 } \\),각 \\( \\mathrm { 2.0 L } \\))를 실시하여 \\(11 \\)개의 분획 \\( \\mathrm { (CBE-1~CBE-11) } \\)을 얻었다.그 중에서 \\( \\mathrm { CBE-2 } \\) 분획 \\( \\mathrm { [423.6 mg, elution \\ volume/total \\ volume(Ve/Vt) \\ 0.032-086 } \\)]에 대하여 \\( \\mathrm { SiO_2 c.c. (φ3.0×16.0 cm, CHCl3-MeOH-water=50:3:1→24:3:1, } \\) 각 \\( \\mathrm { 470 mL } \\))를 실시하여 화합물 \\( \\mathrm { 2(CBE-2-6, 6.9 mg, Ve/Vt 0.207, SiO_2 \\ TLC \\ R_f 0.61, CHCl 3-MeOH-water=50:3:1) } \\)를 분리하였다. \\( \\mathrm { CBE-9 } \\) 분획 \\( \\mathrm { (284.5 mg, Ve/Vt \\ 0.535-649) } \\)을 \\( \\mathrm { SiO_2 \\ c.c. \\ (φ3.0×15.0 cm, CHCl3-MeOH-water=30:3:1→27:3:1, } \\) 각 \\( \\mathrm { 3.5 L } \\))를 실시하여 총 \\(13 \\)개의 분획 \\( \\mathrm { (CBE-9-1~CBE-9-13) } \\)을 얻었다. 그 중 \\( \\mathrm { CBE-9-9 } \\) 분획 \\( \\mathrm { (61.9 mg, \\ Ve/Vt0.533-632) } \\)에 대하여 \\( \\mathrm { octadecyl \\ silica \\ gel \\ (ODS) \\ c.c. } \\) \\( \\mathrm { ( φ2.0×5.0cm, MeOH-water=1:2, \\ 1.3 L) } \\) 를 실시하여 화합물 \\( \\mathrm { 3 (CBE-9-9-5, 7.4 mg, \\ Ve/Vt \\ 0.322-410, \\ SiO_2 \\ TLC \\ R_f 0.49 \\ CHCl_2-MeOH-water=9:3:1) } \\)을 분리하였다. \\(n \\) \\( \\mathrm { -BuOH } \\) 분획 \\( \\mathrm { (CBB, 27.7g) } \\)에 대하여 \\( \\mathrm { SiO_2 \\ c.c. \\ (φ7.0×10.0 cm, CHCl_3-MeOH=7:1→5:1→3:1 \\ CHCl_3-MeOH-water=12:3:1→10:3:1→7:3:1→65:35:10, } \\) 각 \\( \\mathrm { 1 L } \\))를 실시하여 \\(13 \\)개의 분획 \\( \\mathrm { (CBB-1~CBB-13) } \\)을 얻었다. 그 중에서 \\( \\mathrm { CBB-7 } \\) 분획 \\( \\mathrm { (797.6 mg, \\ Ve/Vt \\ 0.255-318) } \\)에 대하여 \\( \\mathrm { SiO_2 \\ c.c. \\ ( φ4.5×15.0 cm, \\ CHCl_3-MeOH=4:1, \\ 2.1 L) } \\)를 실시하여 화합물 \\( \\mathrm { 4 (CBB-7-4, 28.3 mg, Ve/Vt \\ 0.192-205, \\ SiO_2 \\ TLC \\ R_f \\ 0.27 \\ CHCl_3-MeOH=3:1) } \\)를 분리하였다. \\( \\mathrm { CBB-10 } \\) 분획 \\( \\mathrm { (1.02 g,Ve/Vt \\ 0.563-899) } \\)에 대하여 \\( \\mathrm { SiO_2 \\ c.c. (φ4.0×16.0 cm, \\ CHCl_3-MeOH-water=10:3:1→8:3:1→7:3:1, } \\) 각 \\( \\mathrm { 2 L } \\))를 실시하여 총 \\(9 \\)개의 분획 \\( \\mathrm { (CBB-10-1~CBB-10-9) } \\)을 얻었으며, 화합물 \\( \\mathrm { 3 (CBB-10-5, 253.9 mg, \\ Ve/Vt \\ 0.182-482, \\ SiO_2 \\ TLC \\ R_f \\ 0.60 \\ CHCl_3-MeOH-water=65:35:10) } \\)을 분리하였다. \\( \\mathrm { CBB-10-4 } \\) 분획 \\( \\mathrm { (19.5 mg,Ve/Vt \\ 0.150-179) } \\)에 대하여 \\( \\mathrm { SiO_2 \\ c.c. \\ (φ1.5×16.0 cm, CHCl_3-MeOH-water=50:3:1, } \\) \\( \\mathrm { 1.6 L) } \\)를 실시하여 화합물 \\( \\mathrm { 1 (CBB-10-4-1,13.0 mg, Ve/Vt \\ 0.007-296, SiO_2 \\ TLC \\ R_f \\ 0.42 \\ CHCl_3-MeOH-water=18:3:1) } \\)을 분리하였다. \\( \\mathrm { CBB-10-6 } \\) 분획 \\( \\mathrm { (405.2 mg, \\ Ve/Vt \\ 0.146-216) } \\)에 대하여 \\( \\mathrm { SiO_2 \\ c.c. \\ (φ2.5×16.0 cm, CHCl_3-MeOH-water=18:3:1→12:3:1, } \\) 각 \\( \\mathrm { 2.5 L } \\))를 실시하여 화합물 \\( \\mathrm { 4 (CBB-10-6-4, 13.8 mg, Ve/Vt \\ 0.139-372, SiO_2 \\ TLC \\ R_f \\ 0.52 \\ CHCl_3-MeOH-water=9:3:1) } \\)를 분리하였다.</p>",
                "context_length": 4475,
                "clue": [
                    {
                        "clue_text": "국화는 국화과 (Compositae), 국화속(Chrysanthemum)에 속하는 다년생 초본식물로, 아시아에 주로 서식하며, 길가나 산, 들판에서 자란다.",
                        "clue_start": "16",
                        "clue_end": "103"
                    },
                    {
                        "clue_text": "국화는 스탠다드형 국화, 스프레이형 국화, 화분국화 등으로 분류할 수 있는데, 현재 국내에서만도 \\(700 \\) 종 이상의 품종이 육종개발되어있다.",
                        "clue_start": "246",
                        "clue_end": "328"
                    },
                    {
                        "clue_text": "국화꽃의 밝혀진 활성으로서는 항산화(Yuan 등, \\(2015 \\) ), 혈관형성 저해(Zheng 등, \\(2015 \\)), 항 \\( \\mathrm { HIV } \\) 바이러스(Lee 등, \\(2003 \\) ), 항돌연변이(Miyazawa 와 Hisama \\(2003 \\) ), 세포독성(Xie 등, \\(2009 \\) ), 간독성 저해, 유전자독성 저해 (Lee 등, \\(2011 \\))활성 등이 보고되어 있다.",
                        "clue_start": "429",
                        "clue_end": "659"
                    },
                    {
                        "clue_text": "국화의 이러한 다양한 활성에 주목하며 국화품종 중 가장 생산량이 많은 스탠다드형 국화품종인 ‘백선'을 가지고 생리활성물질을 분리하고, 성분 분석을 통해 활용방안을 모색하고자 본 연구를 시작하였다.",
                        "clue_start": "660",
                        "clue_end": "769"
                    },
                    {
                        "clue_text": "국화 ‘백선’의 건조한 꽃 \\(485.0 \\) \\( g ^ {\\circ } \\) 를 \\(80 \\ % \\) MeOH 수용액(50 L)으로 24시간씩 3번 실온에서 추출하였다. 얻어진 여액을 감압농축하여 MeOH 추출물(246.4 g)을 얻었다.",
                        "clue_start": "1128",
                        "clue_end": "1263"
                    }
                ],
                "terminology": [
                    {
                        "word": "EtOAc"
                    },
                    {
                        "word": "HIV"
                    },
                    {
                        "word": "MeOH 추출물"
                    },
                    {
                        "word": "TLC"
                    },
                    {
                        "word": "acetate"
                    },
                    {
                        "word": "alcohol"
                    },
                    {
                        "word": "elution"
                    },
                    {
                        "word": "gel"
                    },
                    {
                        "word": "octadecyl"
                    },
                    {
                        "word": "간독성"
                    },
                    {
                        "word": "감압농축"
                    },
                    {
                        "word": "개화"
                    },
                    {
                        "word": "국화속"
                    },
                    {
                        "word": "다년생 초본식물"
                    },
                    {
                        "word": "동정"
                    },
                    {
                        "word": "바이러스"
                    },
                    {
                        "word": "분배 추출"
                    },
                    {
                        "word": "분획"
                    },
                    {
                        "word": "생리활성물질"
                    },
                    {
                        "word": "세포독성"
                    },
                    {
                        "word": "수용액"
                    },
                    {
                        "word": "여액"
                    },
                    {
                        "word": "유전자독성"
                    },
                    {
                        "word": "표본시료"
                    },
                    {
                        "word": "항돌연변"
                    },
                    {
                        "word": "항돌연변이"
                    },
                    {
                        "word": "항산화"
                    },
                    {
                        "word": "혈관형성 저해"
                    },
                    {
                        "word": "화합물"
                    },
                    {
                        "word": "활성"
                    }
                ]
            }
        ]
    }
}