{
    "dataset_info": {
        "identifier": "02-031-002-NL",
        "name": "기술과학 문서 요약 데이터",
        "category": "자연어",
        "last_updated": "2023-08-30"
    },
    "dataset": {
        "doc_id": "8a2ae4d1-243919c0-750f-4b13-8752-f88b0b1e11ce",
        "doc_type": "논문",
        "doc_title": {
            "kor": "국내산 녹차 및 후발효차 추출물의 항산화 효과",
            "eng": ""
        },
        "doc_category": {
            "KDC": "470.5",
            "DDC": ""
        },
        "doc_number": {
            "ISSN": "1225-9918",
            "ISBN": "",
            "DOI": "",
            "UCI": ""
        },
        "doc_year": "2004",
        "doc_author": [
            "손미예",
            "김성희",
            "남상해",
            "박석규",
            "성낙주"
        ],
        "doc_publisher": "한국생명과학회",
        "doc_license": "CC BY",
        "context_info": [
            {
                "context_id": "55e-0c9-61149978-5d21-4d03-aef6-fedc3539c9fb",
                "context_K-NSCC": {
                    "field": "생명",
                    "large_category": "LA",
                    "medium_category": "09"
                },
                "context": "<h1>결과 및 고찰</h1> <h2>총 플라보노이드 함량과 총 페놀 함량</h2> <p>플라보노이드의 생리활성 작용으로 가장 주목받는 것 중의 하나는 항산화 작용이다. 플라보노이드는 유리기에 수소원자를 공여하여 생체내에서 산화 스트레스에 의해서 과잉으로 생성된 활성 산소 등의 자유 라디칼의 생성을 억제시킴으로써 항산화 작용을 발휘하게 된다. 그러나 플라보노이드가 고농도로 존재할 경우 \\(\\mathrm{pH}\\)가 알칼리성이고, 또 철분이 존재할 때는 역으로 활성산소의 공여체로서 작용하기 때문에 일정농도 이상의 과잉섭취는 오히려 인체에 해를 초래하게 된다.</p> <p>녹차와 후발효차의 총 플라보노이드 함량을 분석한 결과는 Table 1과 같다. 1년 저장한 녹차의 열수추출물은 \\( 345.1 \\mu \\mathrm{g} / \\mathrm{g} \\)으로 가장 낮은 함량을 보였다. Kim 등과 정의 보고에 의하면 녹차 열수추출물은 \\( 35.5 \\mathrm{mg} / \\mathrm{g} \\), ethanol 추출물은 \\( 31.3 \\mathrm{mg} / \\mathrm{g} \\)으로 추출용매에 따라 추출되는 플라보노이드의 비율이 차이가 나타남을 알 수 있다.</p> <p>페놀성 물질은 식물계에 널리 분포되어 있는 2차 대사산물의 하나로서 다양한 구조를 갖는데, 특히 이 중 phenolic hydroxyl기가 단백질 및 기타 거대 분자들과 결합하는 성질이 강하여 항산화 등과 같은 생리활성 기능을 나타내게 된다. 총 페놀 함량은 녹차 \\( 35.7 \\sim 46.8 \\mathrm{~g} / 100 \\mathrm{~g} \\)에 비하여 발효차의 열수추출물은 \\( 23.5 \\sim 23.9 \\mathrm{~g} / 100 \\mathrm{~g} \\)으로 낮았다. 또한 Chung은 Camellia sinensis에서 \\(10.3\\%\\) 검출되었고, Yeo 등은 녹차의 수용성 획분은 \\( 1.7 \\mathrm{mg} / 100 \\mathrm{~g} \\), 메탄올 가용성 획분은 \\( 2.3 \\mathrm{mg} / 100 \\mathrm{~g} \\), 홍차의 수용성 획분은 \\( 0.9 \\mathrm{mg} / 100 \\mathrm{~g} \\), 메탄올 가용성 획분은 \\( 0.7 \\mathrm{mg} / 100 \\mathrm{~g} \\)이라는 보고가 있다. 또한 1년 저장한 녹차와 발효차의 페놀과 플라보노이드의 함량이 감소되는 결과는 저장기간 동안 동정되지 않은 다른 물질로 변환되었을 것이라 판단된다.</p> <h2>Catechin 함량</h2> <p>Catechin은 epicatechin과 함께 마호가니 나무로부터 최초로 확인된 물질로써, 몇 가지 주요한 catechin으로는 (-)-epigallo-catechin 3-O-gallate (EGCG), (-)-epigallocatechin (EGC), (-)-epicatechin 3-O-gallate (ECG), (-)-epicatechin (EC), (+)-gallocatechin (GC), (+)-catechin (C) 등이 있다. 녹차와 후발효차 추출물의 catechin 함량은 Table 2와 같다. 녹차 추출물에서는 EGC, GC, catechin, catechol 및 EGCG로 총 5종이 검출 정량되었다. EGC는 열수추출물 \\( (29.4 \\mathrm{mg} / \\mathrm{g})\\)>1 년간 저장한 열수추출물 \\( (22.0 \\mathrm{mg} / \\mathrm{g}) \\)의 순으로 그 함량이 높았다. 생리활성이 가장 많은 EGCG는 열수추출물 \\( (40.4 \\mathrm{mg} / \\mathrm{g})\\)>1년간 저장한 열수추출물 \\( (36.7 \\mathrm{mg} / \\mathrm{g}) \\) 의 순이었다. 총 함량을 보면, 열수추출물 \\( (16.3 \\mathrm{mg} / \\mathrm{g})\\)>1 년간 저장한 열수추출물 \\( (14.2 \\mathrm{mg} / \\mathrm{g}) \\) 순으로 많았고, 녹차추출물에서는 catechin 양이 감소함을 알 수 있었다.</p> <p>후발효차 추출물은 녹차추출물과 같이 EGC, GC, catechin, catechol 및 EGCG가 검출 동정되었다. 녹차 추출물과 비교하면 GC와 catechin 양은 증가하였으나 EGC, catechol 및 EGCG의 양이 감소함을 알 수 있었다. 특히 EGCG는 열수추출물에서는 검출되지 않았으며, 총 함량은 열수추출물 \\( (140.6 \\mathrm{mg} / \\mathrm{g})\\)>1년간 저장한 열수추출물 \\( (127.0 \\mathrm{mg} / \\mathrm{g}) \\) 순으로 검출되었다.</p> <p>Na 등의 보고에 의하면, 녹차 잎의 catechin 함량은 (+)EGC가 \\( 26.0 \\mathrm{mg} / \\mathrm{g} \\), (+)catechin이 \\( 1.6 \\mathrm{mg} / \\mathrm{g}\\), (-)EC가 \\( 7.6 \\mathrm{mg} / \\mathrm{g} \\), (-)ECG가 \\( 22.3 \\mathrm{mg} / \\mathrm{g} \\) 그리고 EGCG가 \\( 78.7 \\mathrm{mg} / \\mathrm{g} \\)으로 총 함량이 \\( 136.2 \\mathrm{mg} / \\mathrm{g} \\)이고, 발효된 black tea bag의 catechin 함량은 (+)EGC가 \\( 6.9 \\mathrm{mg} / \\mathrm{g}\\), (+)catechin이 \\( 0.16 \\mathrm{mg} / \\mathrm{g}\\), (-)EC가 \\( 0.9 \\mathrm{mg} / \\mathrm{g}\\), (-)ECG가 \\( 35.7 \\mathrm{mg} / \\mathrm{g} \\) 그리고 EGCG가 \\( 7.3 \\mathrm{mg} / \\mathrm{g} \\)으로 총 함량이 \\( 51.1 \\mathrm{mg} / \\mathrm{g} \\)였다.</p> <h2>SOD 유사 활성</h2> <p>자연에 존재하는 항산화 효소 중의 하나인 superoxide dismutase (SOD)는 세포에 유해한 환원 산소종을 과산화수소로 전환시키는 반응 \\( \\left(2 \\mathrm{O}^{2-}+2 \\mathrm{H}^{+} \\rightarrow \\mathrm{H}_{2} \\mathrm{O}_{2}+\\mathrm{O}_{2}\\right) \\)을 촉매하는 효소이며, SOD에 의해 생성된 \\( \\mathrm{H}_{2} \\mathrm{O}_{2} \\)는 peroxidase나 catalase에 의하여 무해한 물분자와 산소분자로 전환된다. 이러한 SOD는 아니지만 superoxide anion의 활성을 억제시킬 수 있는 물질의 SOD 유사활성능을 측정한 결과는 Fig. 1 과 같다.</p> <p>녹차 추출물의 농도를 높일수록 활성이 계속 증가하여, 추출물의 농도가 \\( 100 \\mu \\mathrm{g} / \\mathrm{ml} \\) 일 때는 대조구인 L-ascorbic acid와 녹차 추출물의 효과가 비슷하였다. 그러나 농도를 \\( 200 \\mu \\mathrm{g}/\\mathrm{ml} \\) 까지 높인 결과 L-ascorbic acid는 \\( 60 \\% \\), 녹차 추출물은 \\( 10 \\sim 26 \\% \\)의 효과를 보여 대조구로 사용한 L-ascorbic acid와 는 상당한 차이를 보였다.</p> <p>Pyrogallol의 자동산화 반응을 이용하여 후발효차 추출물의 SOD 유사활성을 측정한 결과, 추출물의 농도가 \\( 100 \\mu \\mathrm{g}/\\mathrm{ml}, 500 \\mu \\mathrm{g} / \\mathrm{ml} \\)일 때는 녹차 추출물보다 낮은 활성을 보였다. Kim 등의 보고에 의하면 녹차의 열수추출물과 ethanol 추출물은 각각 \\( 85.3 \\%\\), \\(63.5 \\% \\) 로 높은 활성을 보인다는 보고와는 달리 본 실험에서는 추출물의 농도와 결과에 다소간 상이한 결과를 나타내었다.</p> <h2>Hydroxyl radical의 소거 효과</h2> <p>녹차와 후발효차 추출물의 hydroxyl radical에 대한 소거 효과를 실험한 결과는 Fig. 2와 같다. 추출물을 500, 1000, 2000 및 3000 \\(\\mu \\mathrm{g} / \\mathrm{ml} \\)의 농도로 첨가하여, 합성 항산화제 BHA를 대조구로 사용하여 다른 용매 추출물들과 비교한 결과, 후발효차 추출물은 hydroxyl radical 소거 작용에서 녹차 추출물과 비슷한 경향을 나타내었으며, 추출물의 농도가 \\( 3000 \\mu \\mathrm{g} / \\mathrm{ml} \\) 일 때 녹차 추출물은 \\( 60 \\% \\), 후발효차 추출물은 \\( 54 \\%\\), 1년 저장한 녹차 추출물은 \\( 58 \\% \\) 및 1년 저장한 후발효차 추출물은 \\( 62 \\% \\) 의 소거효과를 나타내었다. 또한 대조구인 BHA는 \\( 2000 \\mu \\mathrm{g} / \\mathrm{m} \\ell \\)일 때 \\( 95.5 \\% \\)의 소거효과를 보였다.</p> <h2>\\( \\beta \\)-Carotene-linoleate system을 이용한 항산화 효과</h2> <p>녹차와 후발효차를 열수로 추출하여 \\( \\beta \\)-carotene-linoleate system을 이용하여 농도의 변화에 따른 항산화 효과를 측정한 결과는 Fig. 3에 나타내었다. 추출물의 농도가 \\( 1000 \\mu \\mathrm{g} / \\mathrm{ml} \\)일 때 대조구인 L-ascorbic acid는 \\(37\\%\\), 녹차 추출물은 \\( 27 \\% \\), 1년 저장한 녹차 추출물은 \\( 34 \\% \\), 발효차 추출물은 \\( 30 \\% \\), 1년 저장한 발효차 추출물은 \\( 24 \\% \\)의 항산화 효과를 보였으며, 추출물의 농도가 \\( 3000 \\mu \\mathrm{g} / \\mathrm{ml} \\)일 때는 녹차 추출물과 1년 저장한 녹차 추출물에서 \\( 70 \\% \\)와 \\( 75 \\% \\)의 항산화 효과를 나타내어 후발효차 추출물의 항산화 효과보다 \\(5\\%\\) 정도 높게 나타났다.</p>",
                "context_length": 4972,
                "clue": [
                    {
                        "clue_text": "녹차와 후발효차의 총 플라보노이드 함량을 분석한 결과는 Table 1과 같다. 1년 저장한 녹차의 열수추출물은 \\( 345.1 \\mu \\mathrm{g} / \\mathrm{g} \\)으로 가장 낮은 함량을 보였다. Kim 등과 정의 보고에 의하면 녹차 열수추출물은 \\( 35.5 \\mathrm{mg} / \\mathrm{g} \\), ethanol 추출물은 \\( 31.3 \\mathrm{mg} / \\mathrm{g} \\)으로 추출용매에 따라 추출되는 플라보노이드의 비율이 차이가 나타남을 알 수 있다.</p> <p>페놀성 물질은 식물계에 널리 분포되어 있는 2차 대사산물의 하나로서 다양한 구조를 갖는데, 특히 이 중 phenolic hydroxyl기가 단백질 및 기타 거대 분자들과 결합하는 성질이 강하여 항산화 등과 같은 생리활성 기능을 나타내게 된다. 총 페놀 함량은 녹차 \\( 35.7 \\sim 46.8 \\mathrm{~g} / 100 \\mathrm{~g} \\)에 비하여 발효차의 열수추출물은 \\( 23.5 \\sim 23.9 \\mathrm{~g} / 100 \\mathrm{~g} \\)으로 낮았다. 또한 Chung은 Camellia sinensis에서 \\(10.3\\%\\) 검출되었고, Yeo 등은 녹차의 수용성 획분은 \\( 1.7 \\mathrm{mg} / 100 \\mathrm{~g} \\), 메탄올 가용성 획분은 \\( 2.3 \\mathrm{mg} / 100 \\mathrm{~g} \\), 홍차의 수용성 획분은 \\( 0.9 \\mathrm{mg} / 100 \\mathrm{~g} \\), 메탄올 가용성 획분은 \\( 0.7 \\mathrm{mg} / 100 \\mathrm{~g} \\)이라는 보고가 있다. 또한 1년 저장한 녹차와 발효차의 페놀과 플라보노이드의 함량이 감소되는 결과는 저장기간 동안 동정되지 않은 다른 물질로 변환되었을 것이라 판단된다.",
                        "clue_start": "322",
                        "clue_end": "1240"
                    },
                    {
                        "clue_text": "Catechin은 epicatechin과 함께 마호가니 나무로부터 최초로 확인된 물질로써, 몇 가지 주요한 catechin으로는 (-)-epigallo-catechin 3-O-gallate (EGCG), (-)-epigallocatechin (EGC), (-)-epicatechin 3-O-gallate (ECG), (-)-epicatechin (EC), (+)-gallocatechin (GC), (+)-catechin (C) 등이 있다. 녹차와 후발효차 추출물의 catechin 함량은 Table 2와 같다. 녹차 추출물에서는 EGC, GC, catechin, catechol 및 EGCG로 총 5종이 검출 정량되었다. EGC는 열수추출물 \\( (29.4 \\mathrm{mg} / \\mathrm{g})\\)>1 년간 저장한 열수추출물 \\( (22.0 \\mathrm{mg} / \\mathrm{g}) \\)의 순으로 그 함량이 높았다. 생리활성이 가장 많은 EGCG는 열수추출물 \\( (40.4 \\mathrm{mg} / \\mathrm{g})\\)>1년간 저장한 열수추출물 \\( (36.7 \\mathrm{mg} / \\mathrm{g}) \\) 의 순이었다. 총 함량을 보면, 열수추출물 \\( (16.3 \\mathrm{mg} / \\mathrm{g})\\)>1 년간 저장한 열수추출물 \\( (14.2 \\mathrm{mg} / \\mathrm{g}) \\) 순으로 많았고, 녹차추출물에서는 catechin 양이 감소함을 알 수 있었다.</p> <p>후발효차 추출물은 녹차추출물과 같이 EGC, GC, catechin, catechol 및 EGCG가 검출 동정되었다. 녹차 추출물과 비교하면 GC와 catechin 양은 증가하였으나 EGC, catechol 및 EGCG의 양이 감소함을 알 수 있었다. 특히 EGCG는 열수추출물에서는 검출되지 않았으며, 총 함량은 열수추출물 \\( (140.6 \\mathrm{mg} / \\mathrm{g})\\)>1년간 저장한 열수추출물 \\( (127.0 \\mathrm{mg} / \\mathrm{g}) \\) 순으로 검출되었다.",
                        "clue_start": "1269",
                        "clue_end": "2296"
                    },
                    {
                        "clue_text": "SOD 유사 활성</h2> <p>자연에 존재하는 항산화 효소 중의 하나인 superoxide dismutase (SOD)는 세포에 유해한 환원 산소종을 과산화수소로 전환시키는 반응 \\( \\left(2 \\mathrm{O}^{2-}+2 \\mathrm{H}^{+} \\rightarrow \\mathrm{H}_{2} \\mathrm{O}_{2}+\\mathrm{O}_{2}\\right) \\)을 촉매하는 효소이며, SOD에 의해 생성된 \\( \\mathrm{H}_{2} \\mathrm{O}_{2} \\)는 peroxidase나 catalase에 의하여 무해한 물분자와 산소분자로 전환된다. 이러한 SOD는 아니지만 superoxide anion의 활성을 억제시킬 수 있는 물질의 SOD 유사활성능을 측정한 결과는 Fig. 1 과 같다.</p> <p>녹차 추출물의 농도를 높일수록 활성이 계속 증가하여, 추출물의 농도가 \\( 100 \\mu \\mathrm{g} / \\mathrm{ml} \\) 일 때는 대조구인 L-ascorbic acid와 녹차 추출물의 효과가 비슷하였다. 그러나 농도를 \\( 200 \\mu \\mathrm{g}/\\mathrm{ml} \\) 까지 높인 결과 L-ascorbic acid는 \\( 60 \\% \\), 녹차 추출물은 \\( 10 \\sim 26 \\% \\)의 효과를 보여 대조구로 사용한 L-ascorbic acid와 는 상당한 차이를 보였다.",
                        "clue_start": "2922",
                        "clue_end": "3615"
                    },
                    {
                        "clue_text": "Hydroxyl radical의 소거 효과</h2> <p>녹차와 후발효차 추출물의 hydroxyl radical에 대한 소거 효과를 실험한 결과는 Fig. 2와 같다. 추출물을 500, 1000, 2000 및 3000 \\(\\mu \\mathrm{g} / \\mathrm{ml} \\)의 농도로 첨가하여, 합성 항산화제 BHA를 대조구로 사용하여 다른 용매 추출물들과 비교한 결과, 후발효차 추출물은 hydroxyl radical 소거 작용에서 녹차 추출물과 비슷한 경향을 나타내었으며, 추출물의 농도가 \\( 3000 \\mu \\mathrm{g} / \\mathrm{ml} \\) 일 때 녹차 추출물은 \\( 60 \\% \\), 후발효차 추출물은 \\( 54 \\%\\), 1년 저장한 녹차 추출물은 \\( 58 \\% \\) 및 1년 저장한 후발효차 추출물은 \\( 62 \\% \\) 의 소거효과를 나타내었다. 또한 대조구인 BHA는 \\( 2000 \\mu \\mathrm{g} / \\mathrm{m} \\ell \\)일 때 \\( 95.5 \\% \\)의 소거효과를 보였다.",
                        "clue_start": "3921",
                        "clue_end": "4444"
                    },
                    {
                        "clue_text": "\\( \\beta \\)-Carotene-linoleate system을 이용한 항산화 효과</h2> <p>녹차와 후발효차를 열수로 추출하여 \\( \\beta \\)-carotene-linoleate system을 이용하여 농도의 변화에 따른 항산화 효과를 측정한 결과는 Fig. 3에 나타내었다. 추출물의 농도가 \\( 1000 \\mu \\mathrm{g} / \\mathrm{ml} \\)일 때 대조구인 L-ascorbic acid는 \\(37\\%\\), 녹차 추출물은 \\( 27 \\% \\), 1년 저장한 녹차 추출물은 \\( 34 \\% \\), 발효차 추출물은 \\( 30 \\% \\), 1년 저장한 발효차 추출물은 \\( 24 \\% \\)의 항산화 효과를 보였으며, 추출물의 농도가 \\( 3000 \\mu \\mathrm{g} / \\mathrm{ml} \\)일 때는 녹차 추출물과 1년 저장한 녹차 추출물에서 \\( 70 \\% \\)와 \\( 75 \\% \\)의 항산화 효과를 나타내어 후발효차 추출물의 항산화 효과보다 \\(5\\%\\) 정도 높게 나타났다.",
                        "clue_start": "4453",
                        "clue_end": "4968"
                    }
                ],
                "terminology": [
                    {
                        "word": "-catechin"
                    },
                    {
                        "word": "BHA"
                    },
                    {
                        "word": "EGC"
                    },
                    {
                        "word": "EGCG"
                    },
                    {
                        "word": "L-ascorbic acid"
                    },
                    {
                        "word": "Na"
                    },
                    {
                        "word": "Pyrogallol"
                    },
                    {
                        "word": "SOD 유사활성"
                    },
                    {
                        "word": "catalase"
                    },
                    {
                        "word": "catechin"
                    },
                    {
                        "word": "catechol"
                    },
                    {
                        "word": "ethanol 추출물"
                    },
                    {
                        "word": "hydroxyl radical"
                    },
                    {
                        "word": "phenolic hydroxyl기"
                    },
                    {
                        "word": "superoxide anion"
                    },
                    {
                        "word": "superoxide dismutase"
                    },
                    {
                        "word": "공여체"
                    },
                    {
                        "word": "과산화수소"
                    },
                    {
                        "word": "과잉섭취"
                    },
                    {
                        "word": "녹차 열수추출물"
                    },
                    {
                        "word": "대사산물"
                    },
                    {
                        "word": "대조구"
                    },
                    {
                        "word": "메탄올"
                    },
                    {
                        "word": "산소종"
                    },
                    {
                        "word": "산화 스트레스"
                    },
                    {
                        "word": "생리활성 기능"
                    },
                    {
                        "word": "소거효과"
                    },
                    {
                        "word": "알칼리성"
                    },
                    {
                        "word": "유리기"
                    },
                    {
                        "word": "자동산화 반응"
                    },
                    {
                        "word": "자유 라디칼"
                    },
                    {
                        "word": "촉매"
                    },
                    {
                        "word": "총 플라보노이드 함량"
                    },
                    {
                        "word": "페놀 함량"
                    },
                    {
                        "word": "페놀성 물질"
                    },
                    {
                        "word": "플라보노이드"
                    },
                    {
                        "word": "합성 항산화제"
                    },
                    {
                        "word": "항산화 효과"
                    },
                    {
                        "word": "항산화 효소"
                    },
                    {
                        "word": "환원"
                    },
                    {
                        "word": "활성산소"
                    },
                    {
                        "word": "획분"
                    },
                    {
                        "word": "후발효차"
                    }
                ]
            },
            {
                "context_id": "55e-0c9-db402f5b-2ede-4471-8408-32522c6f7a65",
                "context_K-NSCC": {
                    "field": "생명",
                    "large_category": "LA",
                    "medium_category": "09"
                },
                "context": "<h1>재료 및 방법</h1> <h2>실험 재료</h2> <p>본 실험에 사용된 녹차는 볶음차이며, 후발효차는 자연 유래의 미생물 발효차로서 경남 사천시 곤명면 영봉다원에서 생산되는 친환경 유기농 차엽(6월 초순)으로 제조되는 수제품으로 차광성과 밀폐성이 강한 필름에 포장되어 1년간 실온에서 저장된 실험용 시료를 각각 사용하였다.</p> <h2>시료제조</h2> <p>상기 녹차(\\(100\\mathrm{g}\\))와 후발효차(\\(100\\mathrm{g}\\))에 각각 20배의 증류수를 가하여 \\( 60^{\\circ} \\mathrm{C} \\)에서 8시간 환류냉각하여 3회 추출 한 후 여과하였으며, 이것을 회전증발기에서 농축하였다. 농축물은 다시 동결건조한 후 포장하여 \\( -20^{\\circ} \\mathrm{C} \\)에 보관하면서 시료로 사용하였다. 이후의 분석결과는 각 시료 당 3회 반복 실시하여 평균값으로 나타내었다.</p> <h2>시약 및 기기</h2> <p>본 실험에 사용한 주요 시약으로 (+)-catechin, (-)-gallocatechin gallate, (-)-gallocatechin, (-)-epigallocatechin, (-)-epigallocatechin gallate, catechol, quercetin, caffeic acid, L-ascorbic acid, pyrogallol, butylated hydroxytoluene, potassium ferricyanide, 2-thiobarbituric acid, \\( \\beta \\)-carotene 등은 Sigma사(USA)제품을 이용하였으며, 용매 및 기타 시약은 특급 또는 1급을 사용하였다.</p> <h2>총 플라보노이드 측정</h2> <p>총 플라보노이드의 정량은 Davis 변법을 이용하였으며, 녹차와 후발효차 추출물의 분말 \\( 0.01 \\mathrm{~g} \\)에 증류수 \\( 60 \\mathrm{ml} \\)를 가한 후 \\( 90^{\\circ} \\mathrm{C} \\)에서 30분간 추출한 다음, 다시 여과하여 \\(100\\mathrm{ml} \\)로 정용하였다. 그리고 여과액을 일정량 취하여 시험관에 옮긴 후 \\( 90 \\% \\) diethylene glycol과 \\( 1 \\mathrm{N}\\) \\(\\mathrm{NaOH}\\) \\(0.75 \\mathrm{ml} \\) 를 혼합하여 \\( 420 \\mathrm{~nM} \\)에서 흡광도를 측정하였다. 이때 표준곡선은 quercetin (Sigma Co., USA)의 농도를 \\(0 \\sim 0.5 \\mathrm{mg}\\) 범위가 되도록 제조하였으며, 검량선으로부터 시료 추출물의 풀라보노이드 함량을 계산하였다.</p> <h2>총 페놀 측정</h2> <p>총 페놀의 정량은 Folin-Denis방법에 따라 시험관에 시료 \\( 0.01 \\mathrm{~g} \\)에 Folin-Denis 시약 \\( 5 \\mathrm{ml} \\)를 넣어 혼합한 후, 증류수로 \\( 100 \\mathrm{ml} \\) 정용한 다음 실온에서 30분간 방치하여 \\( 760 \\mathrm{~nM} \\)에서 흡광도를 측정하였다. 이때 quercetin (Sigma Co., USA)의 농도를 \\( 0 \\sim 0.5 \\mathrm{mg} \\)범위가 되도록 제조하여 검량선으로부터 시료 추출물의 페놀 함량을 계산하였다.</p> <h2>Catechin 분석</h2> <p>Catechin 분석은 Wang 등의 방법에 준하여 HPLC로 분석하였다. 즉, 시료 \\( 0.05 \\mathrm{~g} \\)을 각각 시험관에 넣고 1분 동안 sonication 시킨 증류수를 \\( 30 \\mathrm{ml} \\) 가하여 혼합시킨 다음 10분간 원심분리한 후 상징액을 취하였다. 이 상징액에 증류수를 가하여 \\( 50 \\mathrm{ml} \\)로 정용하였다. 그리고 Sep-pak \\( \\mathrm{C}_{18} \\) cartridge에 통과시켜 HPLC로 분석하였다. 용매는 \\( 1 \\% \\) phosphoric acid로 \\( 25 \\% \\) tetrahydrofuran (THF)을 분당 \\( 1 \\mathrm{ml} \\)로 용출하였으며 UV detector로 \\( 210 \\mathrm{nM} \\)에서 측정하였다.</p> <h2>Superoxide dismutase (SOD) 유사활성 측정</h2> <p>SOD 유사활성은 알칼리 상태에서 pyrogallol의 자동산화에 의한 발색원리를 이용한 Marklund와 Marklund의 방법에 따라 측정하였다. 각 시료 \\( 0.2 \\mathrm{ml} \\)에 \\( \\mathrm{pH} 8.5\\)로 보정한 tris \\(\\mathrm{HCl}\\) buffer \\( 3 \\mathrm{ml} \\)와 \\( 7.2 \\mathrm{mM} \\) pyrogallol \\( 0.2 \\mathrm{ml} \\)를 가하고 \\( 25^{\\circ} \\mathrm{C} \\)에서 정확히 10분간 방치한 후 \\( 1 \\mathrm{~N}\\) \\(\\mathrm{HCl}\\) \\(1 \\mathrm{ml} \\)를 가하여 반응을 정지시켜 산화된 pyrogallol의 흡광도를 \\( 420 \\mathrm{~nM}\\)에서 측정하여, \\(100 -\\) [(시료첨가구의 흡광도/ 무첨가구의 흡광도)\\( \\times 100] \\)으로 나타내었다.</p> <h2>Hydroxyl radical 소거 효과 측정</h2> <p>Hydroxyl radical (OH \\(\\cdot\\)) 소거 효과의 측정은 Halliwell과 Gutteridge 등의 방법에 따라 ethylenediaminetetraacetic acid disodium salt (EDTA)가 포함된 Fenton 반응계에서 분석하였다. \\( 1 \\mathrm{mM}\\) \\(\\mathrm{FeCl}_{3}\\),\\(1 \\mathrm{mM}\\) EDTA, \\( 20 \\mathrm{mM}\\) \\(\\mathrm{H}_{2} \\mathrm{O}_{2}\\), \\(1 \\mathrm{mM}\\) ascorbic acid, \\( 30 \\mathrm{mM} \\) 2-deoxy-2-ribose를 \\( 28 \\mathrm{mM}\\) \\(\\mathrm{KH}_{2} \\mathrm{PO}_{4} - \\mathrm{K}_{2} \\mathrm{HPO}_{4} \\) buffer (\\( \\mathrm{pH} 7.4\\))에 녹인 후 각각 \\( 0.3 \\mathrm{ml} \\)씩 첨가하여 \\( 37^{\\circ} \\mathrm{C} \\)에서 반응시킨 후 60분간 incubation시켰다. 다시 thiobarbituric acid (TBA)와 trichloroacetaic acid (TCA)를 첨가하여 끓는 물에서 20분간 반응한 다음 신속하게 냉각시켜 \\( 532 \\mathrm{nM} \\)에서 spectrophotometer (Shimadzu UV-1601, Japan)를 이용하여 흡광도를 측정하였으며 대조구는 butylated hydroxyanisole (BHA)를 사용하였다.</p> <h2>\\( \\beta \\)-Carotene-linoleate system을 이용한 항산화 효과 측정</h2> <p>시료의 항산화력은 \\( \\beta \\)-carotene-linoleate model system으로 측정하였다. 즉 chloroform과 \\( \\beta \\)-carotene용액에 linoleic acid \\( 0.375 \\mathrm{ml} \\)과 tween 40을 첨가한 후 \\( 40^{\\circ} \\mathrm{C} \\)의 회전증발기에서 chloroform을 제거하였다. 잔류 emulsion에 3차 증류수 \\( 750 \\mathrm{ml} \\)를 첨가하여 강하게 진탕한 다음 용기에 넣어 둔다. 시험관에 emulsion용액 \\( 2.5 \\mathrm{ml} \\)에 추출물 \\( 0.3 \\mathrm{ml} \\)에 동일한 것을 두 개 만들어 하나는 그대로 사용하고, 다른 하나는 \\( 55^{\\circ} \\mathrm{C} \\)에서 105분 동안 암실에서 incubation시킨 다음 \\( 492 \\mathrm{nM} \\) 에서 spectrophotometer (Shimadzu UV-1601, Japan)를 사용하여 흡광도를 측정하였다. 이때 대조구는 L-ascorbic acid를 사용하였다.</p> <p>Antioxidant activity effect \\( (\\%)=\\frac{\\text { Sample }_{0}-\\text { Blank }_{105}}{\\text { Blank }_{0}-\\text { Blank }_{105}} \\times 100 \\)</p>",
                "context_length": 4217,
                "clue": [
                    {
                        "clue_text": "본 실험에 사용된 녹차는 볶음차이며, 후발효차는 자연 유래의 미생물 발효차로서 경남 사천시 곤명면 영봉다원에서 생산되는 친환경 유기농 차엽(6월 초순)으로 제조되는 수제품으로 차광성과 밀폐성이 강한 필름에 포장되어 1년간 실온에서 저장된 실험용 시료를 각각 사용하였다.",
                        "clue_start": "35",
                        "clue_end": "185"
                    },
                    {
                        "clue_text": "총 플라보노이드의 정량은 Davis 변법을 이용하였으며, 녹차와 후발효차 추출물의 분말 \\( 0.01 \\mathrm{~g} \\)에 증류수 \\( 60 \\mathrm{ml} \\)를 가한 후 \\( 90^{\\circ} \\mathrm{C} \\)에서 30분간 추출한 다음, 다시 여과하여 \\(100\\mathrm{ml} \\)로 정용하였다.",
                        "clue_start": "857",
                        "clue_end": "1039"
                    },
                    {
                        "clue_text": "SOD 유사활성은 알칼리 상태에서 pyrogallol의 자동산화에 의한 발색원리를 이용한 Marklund와 Marklund의 방법에 따라 측정하였다.",
                        "clue_start": "2134",
                        "clue_end": "2217"
                    },
                    {
                        "clue_text": "Hydroxyl radical (OH \\(\\cdot\\)) 소거 효과의 측정은 Halliwell과 Gutteridge 등의 방법에 따라 ethylenediaminetetraacetic acid disodium salt (EDTA)가 포함된 Fenton 반응계에서 분석하였다.",
                        "clue_start": "2650",
                        "clue_end": "2802"
                    },
                    {
                        "clue_text": "시료의 항산화력은 \\( \\beta \\)-carotene-linoleate model system으로 측정하였다. 즉 chloroform과 \\( \\beta \\)-carotene용액에 linoleic acid \\( 0.375 \\mathrm{ml} \\)과 tween 40을 첨가한 후 \\( 40^{\\circ} \\mathrm{C} \\)의 회전증발기에서 chloroform을 제거하였다.",
                        "clue_start": "3502",
                        "clue_end": "3713"
                    }
                ],
                "terminology": [
                    {
                        "word": "Antioxidant activity"
                    },
                    {
                        "word": "Blank"
                    },
                    {
                        "word": "Catechin"
                    },
                    {
                        "word": "Davis 변법"
                    },
                    {
                        "word": "Fenton"
                    },
                    {
                        "word": "Folin-Denis"
                    },
                    {
                        "word": "Gutteridge"
                    },
                    {
                        "word": "HPLC"
                    },
                    {
                        "word": "Hydroxyl radical"
                    },
                    {
                        "word": "L-ascorbic acid"
                    },
                    {
                        "word": "SOD 유사활성"
                    },
                    {
                        "word": "Sep-pak"
                    },
                    {
                        "word": "Superoxide dismutase"
                    },
                    {
                        "word": "UV detector"
                    },
                    {
                        "word": "ascorbic"
                    },
                    {
                        "word": "buffer"
                    },
                    {
                        "word": "butylated hydroxyanisole"
                    },
                    {
                        "word": "cartridge"
                    },
                    {
                        "word": "chloroform"
                    },
                    {
                        "word": "emulsion"
                    },
                    {
                        "word": "linoleic acid"
                    },
                    {
                        "word": "phosphoric acid"
                    },
                    {
                        "word": "pyrogallol"
                    },
                    {
                        "word": "quercetin"
                    },
                    {
                        "word": "sonication"
                    },
                    {
                        "word": "spectrophotometer"
                    },
                    {
                        "word": "tetrahydrofuran"
                    },
                    {
                        "word": "thiobarbituric acid"
                    },
                    {
                        "word": "trichloroacetaic acid"
                    },
                    {
                        "word": "tris"
                    },
                    {
                        "word": "tween"
                    },
                    {
                        "word": "대조구"
                    },
                    {
                        "word": "동결건조"
                    },
                    {
                        "word": "미생물"
                    },
                    {
                        "word": "반응계"
                    },
                    {
                        "word": "시료 추출물"
                    },
                    {
                        "word": "알칼리"
                    },
                    {
                        "word": "자동산화"
                    },
                    {
                        "word": "정용"
                    },
                    {
                        "word": "증류수"
                    },
                    {
                        "word": "진탕"
                    },
                    {
                        "word": "총 플라보노이드"
                    },
                    {
                        "word": "페놀 함량"
                    },
                    {
                        "word": "표준곡선"
                    },
                    {
                        "word": "항산화 효과"
                    },
                    {
                        "word": "항산화력"
                    },
                    {
                        "word": "환류냉각"
                    },
                    {
                        "word": "회전증발기"
                    },
                    {
                        "word": "후발효차"
                    }
                ]
            },
            {
                "context_id": "55e-0c9-ce166f03-0be6-4067-bbc9-e3829be8d555",
                "context_K-NSCC": {
                    "field": "생명",
                    "large_category": "LA",
                    "medium_category": "09"
                },
                "context": "<p>우리나라에서 제조되는 차의 대부분은 비 발효차인 녹차이며 미생물이 관여하는 후 발효차는 사찰을 중심으로 일부 제조되고 있으며, 이들의 상품화는 녹차에 비하여 미미한 실정이다. 수입개방에 대비한 차 산업의 발전과 더불어 차 품종의 개량, 다양한 제품개발 그리고 차를 이용한 고부가가치 상품의 개발을 위하여 다양한 국산차의 개발이 시급하다. 그리고 차는 제조방법에 따라 녹차, 반발효차, 발효차, 후발효차로 구분되는데, 가장 중요한 것은 제조할 때 발효방법과 발효강도에 따라 차의 성분, 색, 향기, 맛 및 약리 작용 등이 변화하게 되므로 그에 따른 다양한 국산 차류의 품질평가 및 새로운 생리활성 물질과 그 활성에 관한 활발한 검색이 필요하다.</p> <p>녹차는 flavanol, flavanone, flavonoid, phenolic acid를 포함한 polyphenol류를 함유하고 있어 강한 항산화력을 나타낸다. 이러한 물질들은 차 건조중량의 약 \\( 30 \\% \\)를 차지하며, 대부분 녹차의 polyphenol류는 catechin으로 알려진 flavanol 류이다. Polyphenol성 화합물인 catechin은 혈압저하 및 혈중 콜레스테롤 저하, 중금속류 제거작용, 항균, 충치억제, 항암, 중추 신경계 활성화, 항돌연변이 및 항알레르기 등의 약리작용이 있는 것으로 보고되어 있으며. 특히 항산화 작용 및 혈소판 응집의 억제 등에도 효과가 있는 것으로 알려져 있다. 또한 차 잎에서 유래되는 항산화성분들이 생체 내에서 DNA에 손상을 주어 발암 및 돌연변이 등의 세포 기능장해를 유발하며, 동맥경화 및 노화 등에도 관여하는 활성산소 생성을 억제한다는 보고가 있다. 또한 가열 공정에서 식품성분 변화에 관한 연구로는 녹차의 아미노산-당화합물의 변화, epigallocatechin-3-O-gallate의 변화, 녹차의 가열 중 향기성분 변화, 반발효차인 홍차의 향기 성분, 차의 정유성분에 관한 연구 등이 있다.</p> <p>우리나라의 차에 관한 연구는 녹차에 대한 연구가 대부분이며, 대엽종으로 제조되는 후발효차에 대한 연구는 거의 없는 실정이며, 주로 수입된 발효차의 일부 연구가 있을 뿐이다. 따라서 본 연구에서는 항산화 효과가 있는 녹차와 미생물 효소에 의하여 제조되는 후발효차 추출물 중에 존재하는 총 flavonoid, 총 phenol 및 catechin 함량을 조사하였고, superoxide dismutase (SOD) 유사활성, 하이드록시 라디칼 소거능와 \\( \\beta \\)-carotene-linoleate system을 이용한 항산화 효과와 금속이온을 환원시키는 환원력을 측정하여 항산화력과 자유라디칼 소거작용을 조사하였다.</p>",
                "context_length": 1326,
                "clue": [
                    {
                        "clue_text": "우리나라에서 제조되는 차의 대부분은 비 발효차인 녹차이며 미생물이 관여하는 후 발효차는 사찰을 중심으로 일부 제조되고 있으며, 이들의 상품화는 녹차에 비하여 미미한 실정이다.",
                        "clue_start": "3",
                        "clue_end": "100"
                    },
                    {
                        "clue_text": "Polyphenol성 화합물인 catechin은 혈압저하 및 혈중 콜레스테롤 저하, 중금속류 제거작용, 항균, 충치억제, 항암, 중추 신경계 활성화, 항돌연변이 및 항알레르기 등의 약리작용이 있는 것으로 보고되어 있으며. 특히 항산화 작용 및 혈소판 응집의 억제 등에도 효과가 있는 것으로 알려져 있다.",
                        "clue_start": "549",
                        "clue_end": "718"
                    },
                    {
                        "clue_text": "녹차는 flavanol, flavanone, flavonoid, phenolic acid를 포함한 polyphenol류를 함유하고 있어 강한 항산화력을 나타낸다.",
                        "clue_start": "370",
                        "clue_end": "460"
                    }
                ],
                "terminology": [
                    {
                        "word": "DNA"
                    },
                    {
                        "word": "Polyphenol성 화합물"
                    },
                    {
                        "word": "SOD"
                    },
                    {
                        "word": "catechin"
                    },
                    {
                        "word": "epigallocatechin"
                    },
                    {
                        "word": "flavanol"
                    },
                    {
                        "word": "flavanol 류"
                    },
                    {
                        "word": "flavanone"
                    },
                    {
                        "word": "flavonoid"
                    },
                    {
                        "word": "phenol"
                    },
                    {
                        "word": "phenolic acid"
                    },
                    {
                        "word": "polyphenol류"
                    },
                    {
                        "word": "superoxide dismutase"
                    },
                    {
                        "word": "가열 공정"
                    },
                    {
                        "word": "건조중량"
                    },
                    {
                        "word": "금속이온"
                    },
                    {
                        "word": "대엽종"
                    },
                    {
                        "word": "돌연변이"
                    },
                    {
                        "word": "동맥경화"
                    },
                    {
                        "word": "미생물 효소"
                    },
                    {
                        "word": "생리활성"
                    },
                    {
                        "word": "세포 기능장해"
                    },
                    {
                        "word": "아미노산-당화합물"
                    },
                    {
                        "word": "약리"
                    },
                    {
                        "word": "약리작용"
                    },
                    {
                        "word": "자유라디칼 소거작용"
                    },
                    {
                        "word": "정유성분"
                    },
                    {
                        "word": "제조방법"
                    },
                    {
                        "word": "중금속류"
                    },
                    {
                        "word": "중추 신경계"
                    },
                    {
                        "word": "차류"
                    },
                    {
                        "word": "항돌연변"
                    },
                    {
                        "word": "항돌연변이"
                    },
                    {
                        "word": "항산화 작용"
                    },
                    {
                        "word": "항산화 효과"
                    },
                    {
                        "word": "항산화력"
                    },
                    {
                        "word": "항알레르기"
                    },
                    {
                        "word": "혈소판 응집"
                    },
                    {
                        "word": "혈중 콜레스테롤"
                    },
                    {
                        "word": "환원력"
                    },
                    {
                        "word": "활성"
                    },
                    {
                        "word": "활성산소"
                    },
                    {
                        "word": "후발효차"
                    }
                ]
            }
        ]
    }
}