{
    "dataset_info": {
        "identifier": "02-031-002-NL",
        "name": "기술과학 문서 요약 데이터",
        "category": "자연어",
        "last_updated": "2023-08-30"
    },
    "dataset": {
        "doc_id": "8a2ae4d1-2058ecfd-9089-4715-a893-a408a58f5510",
        "doc_type": "논문",
        "doc_title": {
            "kor": "국화추출물이 산화적 스트레스에 의해 유발되는 세포와 DNA 손상에 미치는 영향",
            "eng": ""
        },
        "doc_category": {
            "KDC": "470.5",
            "DDC": ""
        },
        "doc_number": {
            "ISSN": "1225-9918",
            "ISBN": "",
            "DOI": "",
            "UCI": ""
        },
        "doc_year": "2011",
        "doc_author": [
            "박영미",
            "김지인",
            "이창호",
            "임재환",
            "서을원"
        ],
        "doc_publisher": "한국생명과학회",
        "doc_license": "CC BY",
        "context_info": [
            {
                "context_id": "55e-0c9-merge_la_8a2ae4d1-2058ecfd-9089-4715-a893-a408a58f5510_04",
                "context_K-NSCC": {
                    "field": "생명",
                    "large_category": "LA",
                    "medium_category": "08"
                },
                "context": "<p>국화추출물의 \\( \\mathrm { Fe } ^ { 2 + } \\)-chelating 효과를 분석해 보면 \\( 0.32 \\mathrm {\\mu g } / \\) \\( \\mathrm { ml } \\)에서 \\( 1.6 \\%, 1.6 \\mu \\mathrm { g } / \\mathrm { ml } \\)에서 \\( 5.7 \\%, 8 \\mu \\mathrm { g } / \\mathrm { ml } \\)에서 \\( 17.0 \\%, 40 \\) \\( \\mathrm {\\mu g } / \\mathrm { ml } \\)에서 \\( 39.4 \\%, 200 \\mathrm { gg } / \\mathrm { ml } \\)에서 59.4%로 농도가 높아질수록 활성이 증가하는 것으로 나타났다. Woo 등은 남구절초 \\( ( \\) D. zawaskit \\( ) \\) 지상부의 초음파 추출물이 코스모스 (Cosmos bipimatus) 추출물보다 우수한 chelating 효과를 보인다고 하였는데, 본 연구에서도 국화추출물은 \\( \\mathrm { Fe } ^ { 2 + } \\)-chelating 효과가 약 60%로 나타나 비교적 높은 chelating 효과를 가지는 것으로 조사되었다.</p> <p>최근 Woo 등[22]은 충남 태안군에서 채집 후 재배한 감국 (D. indicumb)의 부위별 추출물이 갖는 항산화 활성을 조사한 결과, 꽃 추출물이 잎줄기 추출물에 비해 DPPH 유리 라디칼 제거능과 \\( \\mathrm { Fe } ^ { 2 + } \\)-chelating 효과가 더 높게 나타난다고 보고한 바 있다. 본 연구에서 국화추출물의 DPPH 유리 라디칼 제거능 \\( \\left ( \\mathrm { RC } _ { 50 } =0.31 \\mathrm { mg } \\cdot \\mathrm { ml } ^ { -1 } \\right ) \\) 과 \\( \\mathrm { Fe } ^ { 2 + } \\)-chelating 효과 \\( \\left ( \\mathrm { RC } _ { 50 } =1.27 \\right . \\) \\( \\left . \\mathrm { mg } \\cdot \\mathrm { ml } ^ { -1 } \\right ) \\)은 상위 연구의 DPPH 유리 라디칼 제거능 \\( \\left ( \\mathrm { RC } _ { 50 } =0.47 \\right . \\) \\( \\left . \\mathrm { mg } \\cdot \\mathrm { ml } ^ { -1 } \\right ) \\)과 \\( \\mathrm { Fe } ^ { 2 + } \\)-chelating 효과 \\( \\left ( \\mathrm { RC } _ { 50 } =2.02 \\mathrm { mg } \\cdot \\mathrm { ml } ^ { -1 } \\right ) \\) 보다 더 높은 활성을 보이는 것으로 조사되었는데, 이는 두 연구의 국화추출물이 서로 다른 지역적 특이성에 따른 생리활성 성분의 차이에 따른 것으로 생각된다.</p>",
                "context_length": 1453,
                "clue": [
                    {
                        "clue_text": "국화추출물의 \\( \\mathrm { Fe } ^ { 2 + } \\)-chelating 효과를 분석해 보면 \\( 0.32 \\mathrm {\\mu g } / \\) \\( \\mathrm { ml } \\)에서 \\( 1.6 \\%, 1.6 \\mu \\mathrm { g } / \\mathrm { ml } \\)에서 \\( 5.7 \\%, 8 \\mu \\mathrm { g } / \\mathrm { ml } \\)에서 \\( 17.0 \\%, 40 \\) \\( \\mathrm {\\mu g } / \\mathrm { ml } \\)에서 \\( 39.4 \\%, 200 \\mathrm { gg } / \\mathrm { ml } \\)에서 59.4%로 농도가 높아질수록 활성이 증가하는 것으로 나타났다.",
                        "clue_start": "3",
                        "clue_end": "371"
                    },
                    {
                        "clue_text": "최근 Woo 등[22]은 충남 태안군에서 채집 후 재배한 감국 (D. indicumb)의 부위별 추출물이 갖는 항산화 활성을 조사한 결과, 꽃 추출물이 잎줄기 추출물에 비해 DPPH 유리 라디칼 제거능과 \\( \\mathrm { Fe } ^ { 2 + } \\)-chelating 효과가 더 높게 나타난다고 보고한 바 있다.",
                        "clue_start": "599",
                        "clue_end": "778"
                    }
                ],
                "terminology": [
                    {
                        "word": "DPPH"
                    },
                    {
                        "word": "DPPH 유리 라디칼"
                    },
                    {
                        "word": "Fe"
                    },
                    {
                        "word": "RC"
                    },
                    {
                        "word": "chelating 효과"
                    },
                    {
                        "word": "남구절초"
                    },
                    {
                        "word": "라디칼"
                    },
                    {
                        "word": "생리활성 성분"
                    },
                    {
                        "word": "유리 라디칼"
                    },
                    {
                        "word": "제거능"
                    },
                    {
                        "word": "항산화"
                    },
                    {
                        "word": "항산화 활성"
                    },
                    {
                        "word": "활성"
                    }
                ]
            },
            {
                "context_id": "55e-0c9-merge_la_8a2ae4d1-2058ecfd-9089-4715-a893-a408a58f5510_01",
                "context_K-NSCC": {
                    "field": "생명",
                    "large_category": "LA",
                    "medium_category": "08"
                },
                "context": "<h2>국화추출물의 항산화활성 측정</h2> <p>DPPH (1,1-diphenyl-2-picrylhydrazyl, Sigma-Aldrich, St. Louis, MO, USA) 라디칼 제거능의 측정은 Hsu 등[5]의 방법에 따라 DMSO (dimethyl sulfoxide, Sigma-Aldrich, USA)로 희석한 농도별 국화추출물 \\( 40 \\mu 1 \\)와 \\( 300 \\mathrm { mM } \\mathrm { DPPH } 760 \\mu 1 \\)를 혼합하여 \\( 37 ^ {\\circ } \\mathrm { C } \\)에서 반응시킨 후 \\( 515 \\mathrm { ~nm } \\)에서 흡광도를 측정하였다. 또한 수산화 라디칼 제거 활성은 \\( 1.5 \\mathrm { mM } \\mathrm { FeSO } 4 \\) (Sigma-Aldrich, USA) \\( 250 \\mu 1,6 \\mathrm { mM } \\mathrm { H } \\mathrm { H } _ { 2 } \\mathrm { O } _ { 2 } \\) (Sigma-Aldrich, USA) \\( 175 \\mu l \\)와 농도별 시료 \\( 75 \\mu l \\)를 혼합하여 반응시킨 후 \\( 560 \\mathrm { ~nm } \\)에서 흡광도를 측정하였다. \\( \\mathrm { Fe } ^ { 2 + } \\)-chelating 활성은 시료에 \\( 2 \\mathrm { mM } \\mathrm { FeCl } \\) (Sigma-Aldrich, USA) \\( 15 \\mu l \\)와 \\( 5 \\mathrm { mM } \\) fer-rozine (Sigma-Aldrich, USA) \\( 30 \\mu l \\)를 혼합하여 상온에서 15분 반응시킨 후 \\( 562 \\mathrm { ~nm } \\)에서 \\( \\mathrm { Fe } ^ { 2 + } \\)-ferrozine 용액의 흡광도를 측정하였다. 각 실험 항목에서 농도에 따른 추출물의 항산화활성은 다음의 식으로 %를 계산하였다.</p> <p>소거능 \\( ( \\%) = \\{ 1-( \\) 추출물 처리군의 흡광도/추출물 무처리군의 흡광도) \\( \\} \\times 100 \\)</p> <h2>세포배양</h2> <p>본 연구에 사용한 NIH 3T3 마우스 섬유아 세포주는 한국세포주은행(KRIBB, Taejeon, Korea)에서 분양 받았으며 Dulbecco's modified eagle medium (DMEM, Gibco Inc., USA)에 10% fetal bovine serum (FBS, Gibco Inc., USA)을 첨가한 배지를 이용하여 \\( 37 ^ {\\circ } \\mathrm { C } \\), 5% \\( \\mathrm { CO } _ { 2 } \\) 배양기에서 배양하였다.</p> <h2>세포 생존율 측정</h2> <p>국화추출물의 NIH 3T3 세포 생존에 미치는 영향은 MTT (3-(4,5-dimethylthiazol-2-yl)-2,5-diphenyl-tetrazolium bro-mide) 분석을 통해 실시하였다. NIH 3T3 세포 \\( \\left (5 \\times 10 ^ { 3 } \\right . \\) cells/ well)를 96-well cell plate에 분주한 후 시료, \\( \\mathrm { FeSO } _ { 4 } , \\mathrm { H } _ { 2 } \\mathrm { O } _ { 2 } \\)를 각각 농도별로 처리하여 24시간 배양 후 MTT (Sigma-Aldrich, St. Louis, MO, USA) 용액 \\( (1 \\mathrm { mg } / \\mathrm { ml } ) \\)을 처리하여 4시간 반응 시킨 다음 DMSO로 세포 내 염색액을 용출시킨 후 microplate reader (Infinite 200, Tecan Trading AG, Switzerland)를 이용하여 \\( 570 \\mathrm { ~nm } \\) 파장에서 흡광도를 측정하였다. 이 측정치는 시료의 세포에 대한 독성을 나타내며 생존율은 시료 처리군을 대조군에 대한 백분율(%)로 나타내었다.</p>",
                "context_length": 2000,
                "clue": [
                    {
                        "clue_text": "DPPH (1,1-diphenyl-2-picrylhydrazyl, Sigma-Aldrich, St. Louis, MO, USA) 라디칼 제거능의 측정은 Hsu 등[5]의 방법에 따라 DMSO (dimethyl sulfoxide, Sigma-Aldrich, USA)로 희석한 농도별 국화추출물 \\( 40 \\mu 1 \\)와 \\( 300 \\mathrm { mM } \\mathrm { DPPH } 760 \\mu 1 \\)를 혼합하여 \\( 37 ^ {\\circ } \\mathrm { C } \\)에서 반응시킨 후 \\( 515 \\mathrm { ~nm } \\)에서 흡광도를 측정하였다.",
                        "clue_start": "28",
                        "clue_end": "347"
                    },
                    {
                        "clue_text": "또한 수산화 라디칼 제거 활성은 \\( 1.5 \\mathrm { mM } \\mathrm { FeSO } 4 \\) (Sigma-Aldrich, USA) \\( 250 \\mu 1,6 \\mathrm { mM } \\mathrm { H } \\mathrm { H } _ { 2 } \\mathrm { O } _ { 2 } \\) (Sigma-Aldrich, USA) \\( 175 \\mu l \\)와 농도별 시료 \\( 75 \\mu l \\)를 혼합하여 반응시킨 후 \\( 560 \\mathrm { ~nm } \\)에서 흡광도를 측정하였다.",
                        "clue_start": "348",
                        "clue_end": "634"
                    },
                    {
                        "clue_text": "\\( \\mathrm { Fe } ^ { 2 + } \\)-chelating 활성은 시료에 \\( 2 \\mathrm { mM } \\mathrm { FeCl } \\) (Sigma-Aldrich, USA) \\( 15 \\mu l \\)와 \\( 5 \\mathrm { mM } \\) fer-rozine (Sigma-Aldrich, USA) \\( 30 \\mu l \\)를 혼합하여 상온에서 15분 반응시킨 후 \\( 562 \\mathrm { ~nm } \\)에서 \\( \\mathrm { Fe } ^ { 2 + } \\)-ferrozine 용액의 흡광도를 측정하였다.",
                        "clue_start": "635",
                        "clue_end": "937"
                    },
                    {
                        "clue_text": "본 연구에 사용한 NIH 3T3 마우스 섬유아 세포주는 한국세포주은행(KRIBB, Taejeon, Korea)에서 분양 받았으며 Dulbecco's modified eagle medium (DMEM, Gibco Inc., USA)에 10% fetal bovine serum (FBS, Gibco Inc., USA)을 첨가한 배지를 이용하여 \\( 37 ^ {\\circ } \\mathrm { C } \\), 5% \\( \\mathrm { CO } _ { 2 } \\) 배양기에서 배양하였다.",
                        "clue_start": "1086",
                        "clue_end": "1355"
                    },
                    {
                        "clue_text": "NIH 3T3 세포 \\( \\left (5 \\times 10 ^ { 3 } \\right . \\) cells/ well)를 96-well cell plate에 분주한 후 시료, \\( \\mathrm { FeSO } _ { 4 } , \\mathrm { H } _ { 2 } \\mathrm { O } _ { 2 } \\)를 각각 농도별로 처리하여 24시간 배양 후 MTT (Sigma-Aldrich, St. Louis, MO, USA) 용액 \\( (1 \\mathrm { mg } / \\mathrm { ml } ) \\)을 처리하여 4시간 반응 시킨 다음 DMSO로 세포 내 염색액을 용출시킨 후 microplate reader (Infinite 200, Tecan Trading AG, Switzerland)를 이용하여 \\( 570 \\mathrm { ~nm } \\) 파장에서 흡광도를 측정하였다. 이 측정치는 시료의 세포에 대한 독성을 나타내며 생존율은 시료 처리군을 대조군에 대한 백분율(%)로 나타내었다.",
                        "clue_start": "1495",
                        "clue_end": "1996"
                    }
                ],
                "terminology": [
                    {
                        "word": "0% fetal bovine serum"
                    },
                    {
                        "word": "96-well cell plate"
                    },
                    {
                        "word": "DMSO"
                    },
                    {
                        "word": "DPPH"
                    },
                    {
                        "word": "Gibco"
                    },
                    {
                        "word": "Hsu"
                    },
                    {
                        "word": "MTT"
                    },
                    {
                        "word": "NIH 3T3"
                    },
                    {
                        "word": "NIH 3T3 마우스 섬유아 세포주"
                    },
                    {
                        "word": "NIH 3T3 세포 생존"
                    },
                    {
                        "word": "chelating 활성"
                    },
                    {
                        "word": "fer-rozine"
                    },
                    {
                        "word": "ferrozine"
                    },
                    {
                        "word": "fetal bovine serum"
                    },
                    {
                        "word": "microplate reader"
                    },
                    {
                        "word": "라디칼"
                    },
                    {
                        "word": "무처리군"
                    },
                    {
                        "word": "배지"
                    },
                    {
                        "word": "세포 생존"
                    },
                    {
                        "word": "소거능"
                    },
                    {
                        "word": "수산화"
                    },
                    {
                        "word": "수산화 라디칼"
                    },
                    {
                        "word": "시료"
                    },
                    {
                        "word": "시료 처리군"
                    },
                    {
                        "word": "염색액"
                    },
                    {
                        "word": "제거 활성"
                    },
                    {
                        "word": "제거능"
                    },
                    {
                        "word": "파장"
                    },
                    {
                        "word": "항산화활성"
                    },
                    {
                        "word": "활성"
                    }
                ]
            },
            {
                "context_id": "55e-0c9-merge_la_8a2ae4d1-2058ecfd-9089-4715-a893-a408a58f5510_02",
                "context_K-NSCC": {
                    "field": "생명",
                    "large_category": "LA",
                    "medium_category": "08"
                },
                "context": "<h2>지질과산화 억제능 분석</h2> <p>국화추출물이 수산화 라디칼에 의한 2차 산화물 생성에 미치는 영향을 조사하기 위한 지질과산화 억제능은 NIH 3T3 세포 \\( \\left (2 \\times 10 ^ { 5 } \\right . \\) cells/ \\( \\left . \\mathrm { ml } \\right ) \\)에 시료와 \\( \\mathrm { FeSO } _ { 4 } , \\mathrm { H } _ { 2 } \\mathrm { O } _ { 2 } \\)를 처리하여 배양 한 후 회수하여 1.15% KCl로 균질화시켰으며, \\( 0.2 \\mathrm { ml } \\) sodium dodecyl sulfate (8.1%), \\( 1.5 \\mathrm { ml } \\) acetic acid (20%) 및 \\( 1.5 \\mathrm { ml } \\) thio-barbituric acid (0.8%)를 첨가하여 \\( 95 ^ {\\circ } \\mathrm { C } \\)에서 2시간 반응시켰다. 반응 후 \\( 5 \\mathrm { ml } \\mathrm { n } \\)-butanol/pyridine mixture \\( (15: 1, \\mathrm { v } / \\mathrm { v } ) \\)로 분획을 통해 얻은 상등액의 흡광도를 \\( 532 \\mathrm { ~nm } \\)에서 측정하였다.</p> <h2>DNA 손상 억제능 분석</h2> <p>국화추출물이 유리 라디칼에 의한 유전정보의 손상을 유발하는 DNA 분절에 미치는 영향을 조사하기 위하여 먼저 \\( \\Psi \\) X-174 RF I plasmid DNA (New England BioLabs, County Road Ipswich, MA) 분석을 실시하였다. \\( \\Psi X-174 \\) RF I plasmid DNA \\( 5 \\mu \\mathrm { l } \\), 농도별 시료 \\( 10 \\mu \\mathrm { l } , \\mathrm { FeSO } _ { 4 } \\)와 \\( \\mathrm { H } _ { 2 } \\mathrm { O } _ { 2 } 5 \\mu \\) 쓸 혼합하여 \\( 37 ^ {\\circ } \\mathrm { C } \\) 에서 반응시킨 후 50% glycerol \\( ( \\mathrm { v } / \\mathrm { v } ), 40 \\mathrm { mM } \\) EDTA, \\( 0.05 \\% \\) bromophenol blue을 첨가하여 전기영동 후 분석하였다. 또한 DNA tail 이동도 분석은 Cho 등의 방법에 따라 시료를 처리한 NIH 3T3 세포에 lysis buffer \\( (50 \\mathrm { mM } \\) tris-HCl, \\( \\mathrm { pH } \\) 7.4, \\( 150 \\mathrm { mM } \\) \\( \\mathrm { NaCl } , 1 \\mathrm { mM } \\) EDTA, 1 mM EGTA, \\( 10 \\mathrm { mg } / \\mathrm { ml } \\) aprotinin, \\( 10 \\mathrm { mg } / \\mathrm { ml } \\) leupeptin, \\( 5 \\mathrm { mM } \\) phenyl-methylsulfonyl fluoride, \\( 1 \\mathrm { mM } \\) DTT)와 \\( 0.2 \\mathrm { mg } \\) proteinase K를 혼합한 후 전기영동을 실시하여 확인하였다.</p>",
                "context_length": 1684,
                "clue": [
                    {
                        "clue_text": "국화추출물이 수산화 라디칼에 의한 2차 산화물 생성에 미치는 영향을 조사하기 위한 지질과산화 억제능은 NIH 3T3 세포 \\( \\left (2 \\times 10 ^ { 5 } \\right . \\) cells/ \\( \\left . \\mathrm { ml } \\right ) \\)에 시료와 \\( \\mathrm { FeSO } _ { 4 } , \\mathrm { H } _ { 2 } \\mathrm { O } _ { 2 } \\)를 처리하여 배양 한 후 회수하여 1.15% KCl로 균질화시켰으며, \\( 0.2 \\mathrm { ml } \\) sodium dodecyl sulfate (8.1%), \\( 1.5 \\mathrm { ml } \\) acetic acid (20%) 및 \\( 1.5 \\mathrm { ml } \\) thio-barbituric acid (0.8%)를 첨가하여 \\( 95 ^ {\\circ } \\mathrm { C } \\)에서 2시간 반응시켰다.",
                        "clue_start": "25",
                        "clue_end": "506"
                    },
                    {
                        "clue_text": "국화추출물이 유리 라디칼에 의한 유전정보의 손상을 유발하는 DNA 분절에 미치는 영향을 조사하기 위하여 먼저 \\( \\Psi \\) X-174 RF I plasmid DNA (New England BioLabs, County Road Ipswich, MA) 분석을 실시하였다.",
                        "clue_start": "706",
                        "clue_end": "858"
                    }
                ],
                "terminology": [
                    {
                        "word": "Cho"
                    },
                    {
                        "word": "DNA tail 이동도"
                    },
                    {
                        "word": "DNA 분절"
                    },
                    {
                        "word": "DNA 손상"
                    },
                    {
                        "word": "DTT"
                    },
                    {
                        "word": "EDTA"
                    },
                    {
                        "word": "EGTA"
                    },
                    {
                        "word": "NIH 3T3"
                    },
                    {
                        "word": "RF"
                    },
                    {
                        "word": "acetic acid"
                    },
                    {
                        "word": "bromophenol blue"
                    },
                    {
                        "word": "glycerol"
                    },
                    {
                        "word": "leupeptin"
                    },
                    {
                        "word": "lysis buffer"
                    },
                    {
                        "word": "plasmid DNA"
                    },
                    {
                        "word": "proteinase K"
                    },
                    {
                        "word": "sodium dodecyl sulfate"
                    },
                    {
                        "word": "thio-barbituric acid"
                    },
                    {
                        "word": "산화물"
                    },
                    {
                        "word": "상등액"
                    },
                    {
                        "word": "수산화 라디칼"
                    },
                    {
                        "word": "시료"
                    },
                    {
                        "word": "유리 라디칼"
                    },
                    {
                        "word": "전기영동"
                    },
                    {
                        "word": "지질과산화 억제능"
                    }
                ]
            },
            {
                "context_id": "55e-0c9-merge_la_8a2ae4d1-2058ecfd-9089-4715-a893-a408a58f5510_00",
                "context_K-NSCC": {
                    "field": "생명",
                    "large_category": "LA",
                    "medium_category": "08"
                },
                "context": "<h1>서 론</h1> <p>모든 호기성 생물은 산소를 이용한 물질대사 과정 중 산화환원과정에 의해 유리 라디칼(free radical)과 수산화 라디칼(hydroxyl radical) 및 과산화수소(hydrogen peroxide) 등과 같은 대사성 물질인 활성산소가 부가적으로 생성된다. 호기성 생체 내에서 이러한 산화촉진물질은 산화억제물질과 적절한 균형을 유지하고 있으나, 여러 요인에 의해 균형상태가 무너지게 되면 산화적 스트레스에 의해 세포 손상이나 병리적 질환이 유발되게 된다. 유리 라디칼 중에서 가장 많은 부분을 차지하는 산소 라디칼(oxygen radical)은 비공유 전자에 의해 불안정한 상태에서 강한 반응성을 갖고 있기 때문에 세포 내 여러 구성성분을 산화시켜 심각한 질병을 초래하기도 하며, 유전정보의 손상을 유도하는 DNA 분절을 유발하여 생체 기능을 저하시키는 유전 독성의 원인이 되기도 한다.</p> <p>현대인은 흡연, 각종 환경오염물질, 알코올, 약물, 방사선 등 물리 화학적 요인들에 의해 체내 활성산소가 과다하게 생성되어 심각한 산화적 스트레스에 시달리고 있으며, 이와 관련하여 암, 천식, 심혈관계 질환, 당뇨병, 염증반응 등과 같은 다양한 질병이 보고되고 있다. 이에 따라 산화적 스트레스와 유리 라디칼로 인해 유발되는 생체 손상과 질병을 치료·예방하기 위한 물질로서 여러 종류의 합성 또는 천연 항산화제가 개발되어 왔다. 하지만 지금까지 보고된 대부분의 항산화제는 최근 일정 수준 이상 섭취 시 질병과 부작용을 유발할 수 있고 높은 가격으로 인해 널리 사용되지 못한다는 문제점이 제기되면서 최근에는 이러한 문제점을 감소시킬 수 있는 천연물 유래 항산화제로 대체하려는 시도가 진행되고 있다.</p> <p>국화과 식물은 현화식물 중 가장 넓게 분포하고 있는 분류군으로, 우수한 약리효과를 가져 전통적으로 식용 및 약용 소재로 유용하게 사용되어 왔다. 국화는 항바이러스, 항균 및 항암 활성 등이 있는 것으로도 보고되어 있으며, 감기, 두통, 현기증, 고혈압 등에도 효과적인 것으로 알려져 있다. 최근 Lee 등은 국화추출물이 \\( \\mathrm { CCl } _ { 4 } \\) 처리에 의해 손상된 간세포에서 산화적 스트레스로 유도된 백혈구 DNA의 손상에 대해 높은 보호 효과가 있다고 보고한 바 있으나, 국화추출물이 산화적 스트레스에 미치는 영향에 관한 연구는 미비한 실정이다. 따라서 본 연구에서는 국화(Dendranthema indicum) 추출물이 산화적 스트레스에 의해 유발되는 세포와 DNA 손상에 미치는 영향을 조사하였다.</p> <h1>재료 및 방법</h1> <h2>시료 추출</h2> <p>본 연구에 사용된 국화는 안동 소재의 가을신선(주)에서 수확하여 건조한 국화(Dendranthema indicumb)를 사용하였다. 국화로부터 시료를 추출하기 위해 국화 \\( 100 \\mathrm { ~g } \\)에 \\( 1,000 \\mathrm { ml } \\)의 70% ethanol을 혼합하여 \\( 25 ^ {\\circ } \\mathrm { C } \\)에서 총 3회 환류 추출 후 여과하여 농축하였다. 이 후 petroleum ether와 ethyl acetate로 총 5회 분획하였으며 상온에서 24시간 동안 sodium sulfate를 처리하여 여과 후 건조하였다. 건조한 추출물은 밀봉 후 \\( -70 ^ {\\circ } \\mathrm { C } \\)에 보관하여 시료로 사용하였다.</p>",
                "context_length": 1704,
                "clue": [
                    {
                        "clue_text": "호기성 생체 내에서 이러한 산화촉진물질은 산화억제물질과 적절한 균형을 유지하고 있으나, 여러 요인에 의해 균형상태가 무너지게 되면 산화적 스트레스에 의해 세포 손상이나 병리적 질환이 유발되게 된다.",
                        "clue_start": "163",
                        "clue_end": "273"
                    },
                    {
                        "clue_text": "이에 따라 산화적 스트레스와 유리 라디칼로 인해 유발되는 생체 손상과 질병을 치료·예방하기 위한 물질로서 여러 종류의 합성 또는 천연 항산화제가 개발되어 왔다.",
                        "clue_start": "617",
                        "clue_end": "706"
                    },
                    {
                        "clue_text": "하지만 지금까지 보고된 대부분의 항산화제는 최근 일정 수준 이상 섭취 시 질병과 부작용을 유발할 수 있고 높은 가격으로 인해 널리 사용되지 못한다는 문제점이 제기되면서 최근에는 이러한 문제점을 감소시킬 수 있는 천연물 유래 항산화제로 대체하려는 시도가 진행되고 있다.",
                        "clue_start": "707",
                        "clue_end": "856"
                    },
                    {
                        "clue_text": "국화는 항바이러스, 항균 및 항암 활성 등이 있는 것으로도 보고되어 있으며, 감기, 두통, 현기증, 고혈압 등에도 효과적인 것으로 알려져 있다.",
                        "clue_start": "945",
                        "clue_end": "1025"
                    },
                    {
                        "clue_text": "따라서 본 연구에서는 국화(Dendranthema indicum) 추출물이 산화적 스트레스에 의해 유발되는 세포와 DNA 손상에 미치는 영향을 조사하였다.",
                        "clue_start": "1187",
                        "clue_end": "1273"
                    }
                ],
                "terminology": [
                    {
                        "word": "DNA 분절"
                    },
                    {
                        "word": "DNA 손상"
                    },
                    {
                        "word": "ethanol"
                    },
                    {
                        "word": "ethyl acetate"
                    },
                    {
                        "word": "peroxide"
                    },
                    {
                        "word": "petroleum"
                    },
                    {
                        "word": "radical"
                    },
                    {
                        "word": "sodium sulfate"
                    },
                    {
                        "word": "과산화수소"
                    },
                    {
                        "word": "물질대사 과정"
                    },
                    {
                        "word": "병리적 질환"
                    },
                    {
                        "word": "비공유 전자"
                    },
                    {
                        "word": "산소 라디칼"
                    },
                    {
                        "word": "산화촉진물질"
                    },
                    {
                        "word": "산화환원과정"
                    },
                    {
                        "word": "수산화 라디칼"
                    },
                    {
                        "word": "시료"
                    },
                    {
                        "word": "약리효과"
                    },
                    {
                        "word": "유리 라디칼"
                    },
                    {
                        "word": "유전 독성"
                    },
                    {
                        "word": "천연 항산화제"
                    },
                    {
                        "word": "합성"
                    },
                    {
                        "word": "항암 활성"
                    },
                    {
                        "word": "현화식물"
                    },
                    {
                        "word": "호기성 생물"
                    },
                    {
                        "word": "환류 추출"
                    },
                    {
                        "word": "활성산소"
                    }
                ]
            },
            {
                "context_id": "55e-0c9-merge_la_8a2ae4d1-2058ecfd-9089-4715-a893-a408a58f5510_03",
                "context_K-NSCC": {
                    "field": "생명",
                    "large_category": "LA",
                    "medium_category": "08"
                },
                "context": "<h2>Western blot 분석</h2> <p>NIH 3T3 세포( \\( 1 \\times 10 ^ { 6 } \\) cells/well)를 6-well plate에서 분주하여 16시간 배양한 후 농도별 시료, \\( \\mathrm { FeSO } _ { 4 } , \\mathrm { H } _ { 2 } \\mathrm { O } _ { 2 } \\)를 처리하여 24시간 반응시켰다. 반응 후 시료를 처리한 NIH 3T3 세포로부터 lysis buffer (50 mM Tris-HCl, \\( \\mathrm { pH } \\) 7.4, \\( 150 \\mathrm { mM } \\) \\( \\mathrm { NaCl } \\), \\( 1 \\mathrm { mM } \\) EDTA, \\( 1 \\mathrm { mM } \\) EGTA, \\( 10 \\mathrm { mg } / \\mathrm { ml } \\) aprotinin, \\( 10 \\mathrm { mg } / \\mathrm { ml } \\) leupeptin, \\( 5 \\mathrm { mM } \\) phenylmethylsulfonyl fluoride [PMSF] and \\( 1 \\mathrm { mM } \\) DTT) 이용하여 추출한 단백질을 15% SDS-PAGE로 전기영동 후 PVDF membrane (Sigma-Aldrich, St. Louis, MO, USA)에 transblot 하였다. 이 후 5% BSA로 blocking 시키고, p21 rabbit polyclonal IgG (Cell Signaling Technology, Beverly, MA)와 P-histone H2AX rabbit antibody (Cell Signaling Technology, Beverly, \\( \\mathrm { MA } ) \\)로 1 차 처리 후 \\( \\mathrm { IgG } \\) HRP-linked anti-rabbit antibody (Cell Signaling Technology, Beverly, MA)를 2차 처리하여 반응시켰다. 이 후 ECL de-tection polaroid camera (Amersham Biosciences, USA)를 사용하여 촬영하였으며, 발현 수준은 Un-SCAN-IT gel Version 5.1 (Silk Scientific, Inc.). 프로그램을 통해 분석하였다.</p> <h2>통계처리</h2> <p>모든 실험은 독립적으로 3회 이상 실시하였으며 각 실험에서 얻어진 결과는 평균±표준편차로 나타내었다. 통계처리는 SPSS version 12.0로 분석한 후 t-검정을 실시하여 분산과 평균의 동일성 여부를 검정하였으며, 분석결과는 일원분산분석 (one way ANOVA)에 의한 Duncan 검정을 실시하여 p값이 0.05 미만일 때 유의한 것으로 간주하였다.</p> <h1>결과 및 고찰</h1> <h2>국화추출물의 항산화활성</h2> <p>본 연구에서 국화추출물의 항산화 활성을 분석하기 위하여 DPPH 유리 라디칼과 수산화 라디칼의 제거 활성 및 \\( \\mathrm { Fe } ^ { 2 + } \\)-che-lating 효과를 조사하였다. 국화추출물의 DPPH 유리 라디칼 제거능은 농도가 높아짐에 따라 활성이 증가하여 \\( 0.32 \\mu \\mathrm { g } / \\mathrm { ml } \\)에서 \\( 7.4 \\%, 1.6 \\mathrm {\\mu g } / \\mathrm { ml } \\)에서 10.5%, \\(8 \\mu \\mathrm { g } / \\mathrm { ml } \\)에서 23.6%, \\(40 \\mu \\mathrm { g } / \\) \\( \\mathrm { ml } \\)에서 71.3%, \\(200 \\mathrm {\\mu g } / \\mathrm { ml } \\)에서 92.8%의 제거 효과를 나타내었다. 또한 수산화 라디칼 제거능은 \\( 20 \\mu \\mathrm { g } / \\mathrm { ml } \\)의 저농도에서 약 50% 미만의 활성을 나타내었으나 \\( 200 \\mathrm {\\mu g } / \\mathrm { ml } \\)의 고농도에서는 73.6%의 제거 활성을 보여주었다. 최근 연구에 따르면 국화과 식물인 구절초(Chrysanthemum zawadskir) 추출물의 DPPH 유리 라디칼 소거능은 \\( 1,000 \\mu \\mathrm { g } / \\mathrm { ml } \\)의 농도에서 51%로 나타내고 있으며, 수리취(Synurus palmatopinna-tificus) 추출물은 73%의 DPPH 유리 라디칼 제거 활성을 보여 우수한 항산화 효과를 가진다고 보고된 바 있다. 본 연구에서도 국화추출물의 DPPH 유리 라디칼 제거능은 농도에 따라 약 92.8%의 활성을 나타내고 있어 높은 유리 라디칼 제거 효과를 보여주고 있다.</p>",
                "context_length": 2351,
                "clue": [
                    {
                        "clue_text": "본 연구에서 국화추출물의 항산화 활성을 분석하기 위하여 DPPH 유리 라디칼과 수산화 라디칼의 제거 활성 및 \\( \\mathrm { Fe } ^ { 2 + } \\)-che-lating 효과를 조사하였다.",
                        "clue_start": "1427",
                        "clue_end": "1540"
                    },
                    {
                        "clue_text": "본 연구에서도 국화추출물의 DPPH 유리 라디칼 제거능은 농도에 따라 약 92.8%의 활성을 나타내고 있어 높은 유리 라디칼 제거 효과를 보여주고 있다.",
                        "clue_start": "2262",
                        "clue_end": "2347"
                    },
                    {
                        "clue_text": "이 후 ECL de-tection polaroid camera (Amersham Biosciences, USA)를 사용하여 촬영하였으며, 발현 수준은 Un-SCAN-IT gel Version 5.1 (Silk Scientific, Inc.). 프로그램을 통해 분석하였다.",
                        "clue_start": "1006",
                        "clue_end": "1157"
                    },
                    {
                        "clue_text": "통계처리는 SPSS version 12.0로 분석한 후 t-검정을 실시하여 분산과 평균의 동일성 여부를 검정하였으며, 분석결과는 일원분산분석 (one way ANOVA)에 의한 Duncan 검정을 실시하여 p값이 0.05 미만일 때 유의한 것으로 간주하였다.",
                        "clue_start": "1236",
                        "clue_end": "1380"
                    }
                ],
                "terminology": [
                    {
                        "word": "3T3 세포"
                    },
                    {
                        "word": "6-well plate"
                    },
                    {
                        "word": "ANOVA"
                    },
                    {
                        "word": "BSA"
                    },
                    {
                        "word": "DPPH 유리 라디칼"
                    },
                    {
                        "word": "DTT"
                    },
                    {
                        "word": "Duncan 검정"
                    },
                    {
                        "word": "ECL"
                    },
                    {
                        "word": "ECL de-tection polaroid camera"
                    },
                    {
                        "word": "IgG"
                    },
                    {
                        "word": "MA"
                    },
                    {
                        "word": "NIH 3T3"
                    },
                    {
                        "word": "NaCl"
                    },
                    {
                        "word": "PVDF membrane"
                    },
                    {
                        "word": "SDS-PAGE"
                    },
                    {
                        "word": "SPSS version"
                    },
                    {
                        "word": "Signaling"
                    },
                    {
                        "word": "Western blot 분석"
                    },
                    {
                        "word": "anti-rabbit"
                    },
                    {
                        "word": "antibody"
                    },
                    {
                        "word": "blocking"
                    },
                    {
                        "word": "cells/well"
                    },
                    {
                        "word": "gel"
                    },
                    {
                        "word": "lysis buffer"
                    },
                    {
                        "word": "p21"
                    },
                    {
                        "word": "phenylmethylsulfonyl fluoride"
                    },
                    {
                        "word": "plate"
                    },
                    {
                        "word": "t-검정"
                    },
                    {
                        "word": "transblot"
                    },
                    {
                        "word": "구절초"
                    },
                    {
                        "word": "단백질"
                    },
                    {
                        "word": "발현 수준"
                    },
                    {
                        "word": "배양"
                    },
                    {
                        "word": "분주"
                    },
                    {
                        "word": "수리취"
                    },
                    {
                        "word": "수산화 라디칼"
                    },
                    {
                        "word": "시료"
                    },
                    {
                        "word": "유리 라디칼 소거능"
                    },
                    {
                        "word": "일원분산분석"
                    },
                    {
                        "word": "전기영동"
                    },
                    {
                        "word": "제거 활성"
                    },
                    {
                        "word": "제거능"
                    },
                    {
                        "word": "통계처리"
                    },
                    {
                        "word": "항산화 효과"
                    },
                    {
                        "word": "항산화활성"
                    }
                ]
            },
            {
                "context_id": "55e-0c9-merge_la_8a2ae4d1-2058ecfd-9089-4715-a893-a408a58f5510_06",
                "context_K-NSCC": {
                    "field": "생명",
                    "large_category": "LA",
                    "medium_category": "08"
                },
                "context": "<h2>국화추출물의 산화적 DNA 손상에 대한 보호 효과</h2> <p>국화추출물이 산화적 스트레스에 의한 DNA 손상에 미치는 영향을 조사해보면, 대조군의 \\( \\Psi X-174 \\) RF I plasmid DNA는 super coiled (SC) 형태로 확인되고 있으나, \\( \\mathrm { Fe } ^ { 2 + } \\)와 \\( \\mathrm { H } _ { 2 } \\mathrm { O } _ { 2 } \\)만 처리한 라디칼 처리군에서는 DNA의 분절로 인하여 SC 형태가 open circular (OC) 형태로 전환되고 있다. 이러한 조건에서 시료를 처리하였을 때 SC형태의 DNA는 \\( 1.6 \\mathrm {\\mu g } / \\mathrm { ml } \\)에서 55.8%, \\(8 \\mu \\mathrm { g } / \\mathrm { ml } \\)에서 64.7%, \\(40 \\mu \\mathrm { g } / \\mathrm { ml } \\)에서 71.6%, \\(200 \\mu \\mathrm { g } / \\mathrm { ml } \\)에서 88.7%로 조사되어 시료의 농도가 높아질수록 SC 형태의 DNA로부터 OC 형태의 DNA로 전환되는 것을 억제시키는 것으로 나타났다. 기존 여러 추출물들이 산화적 스트레스에 의한 DNA 손상에 미치는 영향을 조사해보면, 밀몽화 (Buddleja officinalis) 추출물이 DNA 분절화에 미치는 영향을 조사해 보면 \\( 200 \\mathrm {\\mu g } / \\mathrm { ml } \\)에서 SC 형태에서 OC 형태로의 전환을 80% 억제하였으며, 오미자(Schizandra chinensis) 에탄올 추출물은 시료의 농도가 높아질수록 DNA 손상 억제능도 증가하여 \\( 200 \\mu \\mathrm { g } / \\mathrm { ml } \\)의 농도에서 약 93%의 억제 활성을 보인다고 한 바 있다. 본 연구의 국화추출물도 활성산소에 의한 DNA의 분절을 효과적으로 억제하고 있다.</p> <p>DNA tail의 이동도을 살펴보면 대조군에 비해 \\( \\mathrm { Fe } ^ { 2 + } \\)와 \\( \\mathrm { H } _ { 2 } \\mathrm { O } _ { 2 } \\)만을 처리한 라디칼 처리군에서는 tail의 이동이 증가되는 경향을 보여주고 있으나, 시료와 라디칼을 함께 처리한 경우 라디칼 처리군에 비해서 농도가 증가함에 따라 이동이 점차적으로 짧아지고 있다. 최근 Kim과 Park은 오미자 추출물이 DNA tail의 이동을 73%로 억제하여 유전독성으로부터 DNA를 보호하는 데 유효할 것이라고 한 바 있다. 본 연구에서도 국화추출물은 산화적 스트레스에 의한 DNA 분절화을 억제하고 DNA tail의 이동을 감소시키는 것으로 조사되었다.</p>",
                "context_length": 1374,
                "clue": [
                    {
                        "clue_text": "국화추출물이 산화적 스트레스에 의한 DNA 손상에 미치는 영향을 조사해보면, 대조군의 \\( \\Psi X-174 \\) RF I plasmid DNA는 super coiled (SC) 형태로 확인되고 있으나, \\( \\mathrm { Fe } ^ { 2 + } \\)와 \\( \\mathrm { H } _ { 2 } \\mathrm { O } _ { 2 } \\)만 처리한 라디칼 처리군에서는 DNA의 분절로 인하여 SC 형태가 open circular (OC) 형태로 전환되고 있다.",
                        "clue_start": "40",
                        "clue_end": "304"
                    },
                    {
                        "clue_text": "이러한 조건에서 시료를 처리하였을 때 SC형태의 DNA는 \\( 1.6 \\mathrm {\\mu g } / \\mathrm { ml } \\)에서 55.8%, \\(8 \\mu \\mathrm { g } / \\mathrm { ml } \\)에서 64.7%, \\(40 \\mu \\mathrm { g } / \\mathrm { ml } \\)에서 71.6%, \\(200 \\mu \\mathrm { g } / \\mathrm { ml } \\)에서 88.7%로 조사되어 시료의 농도가 높아질수록 SC 형태의 DNA로부터 OC 형태의 DNA로 전환되는 것을 억제시키는 것으로 나타났다.",
                        "clue_start": "305",
                        "clue_end": "614"
                    },
                    {
                        "clue_text": "DNA tail의 이동도을 살펴보면 대조군에 비해 \\( \\mathrm { Fe } ^ { 2 + } \\)와 \\( \\mathrm { H } _ { 2 } \\mathrm { O } _ { 2 } \\)만을 처리한 라디칼 처리군에서는 tail의 이동이 증가되는 경향을 보여주고 있으나, 시료와 라디칼을 함께 처리한 경우 라디칼 처리군에 비해서 농도가 증가함에 따라 이동이 점차적으로 짧아지고 있다.",
                        "clue_start": "994",
                        "clue_end": "1212"
                    },
                    {
                        "clue_text": "본 연구에서도 국화추출물은 산화적 스트레스에 의한 DNA 분절화을 억제하고 DNA tail의 이동을 감소시키는 것으로 조사되었다.",
                        "clue_start": "1298",
                        "clue_end": "1370"
                    }
                ],
                "terminology": [
                    {
                        "word": "DNA tail"
                    },
                    {
                        "word": "DNA 손상 억제능"
                    },
                    {
                        "word": "Fe"
                    },
                    {
                        "word": "OC"
                    },
                    {
                        "word": "RF"
                    },
                    {
                        "word": "plasmid DNA"
                    },
                    {
                        "word": "대조군"
                    },
                    {
                        "word": "라디칼 처리군"
                    },
                    {
                        "word": "분절"
                    },
                    {
                        "word": "분절화"
                    },
                    {
                        "word": "산화적 DNA 손상"
                    },
                    {
                        "word": "산화적 스트레스"
                    },
                    {
                        "word": "시료"
                    },
                    {
                        "word": "억제 활성"
                    },
                    {
                        "word": "에탄올 추출물"
                    },
                    {
                        "word": "유전독성"
                    },
                    {
                        "word": "활성산소"
                    }
                ]
            },
            {
                "context_id": "55e-0c9-merge_la_8a2ae4d1-2058ecfd-9089-4715-a893-a408a58f5510_07",
                "context_K-NSCC": {
                    "field": "생명",
                    "large_category": "LA",
                    "medium_category": "08"
                },
                "context": "<p>국화추출물이 수산화 라디칼에 의한 DNA의 인산화에 미치는 영향을 조사하기 위하여 \\( \\mathrm { Fe } ^ { 2 + } \\)와 \\( \\mathrm { H } _ { 2 } \\mathrm { O } _ { 2 } \\)만 처리한 라디칼 처리군에 대해 시료 처리군의 상대적인 인산화비로 분석하였다. 시료 처리에 따른 phospho-H2AX 발현 수준은 \\( 1.6 \\mu \\mathrm { g } / \\mathrm { ml } \\)에서 51.2%, \\(8 \\mathrm {\\mu g } / \\mathrm { ml } \\)에서 24.4%, \\(40 \\mathrm {\\mu g } / \\mathrm { ml } \\)에서 21.5%, \\( 200 \\mu \\mathrm { g } / \\mathrm { ml } \\)에서 20.2%로 나타나 시료의 농도가 높아짐에 따라 감소하는 경향을 보여주고 있다. 즉, 국화추출물의 농도가 높아질수록 phospho-H2AX 발현은 감소하여 라디칼 처리군에 비해 약 79.8%의 억제 효과를 나타내는 것으로 분석되었다. 기존 여러 추출물들이 산화적 스트레스에 의한 phospho-H2AX의 발현에 미치는 영향을 조사한 연구에서 보리(Hordeum vul-gare) 씨앗에서 정제된 3,4-dihydroxybenzaldehyde의 phos-pho-H2AX 발현 억제율은 \\( 200 \\mathrm {\\mu g } / \\mathrm { ml } \\)에서 80%를 나타내며, 까마중(Solanum nigrum)에서 정제한 lunasin 단백질은 phos-pho-H2AX의 발현 억제율이 \\( 10 \\mu \\mathrm { M } \\)에서 82%를 보인다는 것으로 보아 국화 추출물도 산화적 스트레스에 의한 DNA 인산화를 억제하는데 효과적일 것으로 생각된다.</p> <p>따라서 본 연구의 국화추출물은 산화적 스트레스를 유발하는 유리 리다칼과 생체 내 강한 독성을 나타내는 수산화 라디칼을 제거하는 데 매우 효과적인 것으로 나타났다. 또한 \\( \\mathrm { O } _ { 2 } { } ^ {\\circ } \\), \\( \\mathrm { H } _ { 2 } \\mathrm { O } _ { 2 } , \\mathrm { ROO } ^ {\\circ- } \\)등과 같은 2차 산화물의 생성을 억제할 뿐만 아니라 세포의 비정상적인 증식을 조절하는 것으로 알려진 p21 단백질의 발현을 증가시키는 것으로 나타났다. 이와 더불어 유리 라디칼에 의한 DNA의 분절화와 DNA의 인산화를 억제시켜 DNA의 open circular form 전환과 phospho-H2AX의 발현을 감소시키는 것으로 조사되었다. 이러한 결과로 미루어 보아 국화 추출물은 산화적 스트레스로 인한 생체 독성으로부터 세포와 DNA를 보호하는 데 효과적일 것으로 생각된다.</p> <h1>초록 : 국화추출물이 산화적 스트레스에 의해 유발되는 세포와 DNA 손상에 미치는 영향</h1> <p>본 연구는 국화추출물이 산화적 스트레스에 의한 세포와 DNA의 손상에 미치는 영향을 조사하였다. 국화추출물의 DPPH 유리 라디칼과 수산화 라디칼의 제거 활성은 \\( 200 \\mu \\mathrm { g } / \\mathrm { ml } \\)에서 각각 92.8%, 73.8%로 나타났으며, \\( \\mathrm { Fe } ^ { 2 + } \\)-chelating 효과는 59.4%로 나타났다. 국화 추출물의 지질과산화 억제능은 대조군의 90.3%의 활성을 보였으며, p21 단백질의 발현 수준은 대조군의 79.6%로 나타나 라디칼 처리군에 비해 높은 것으로 조사되었다. 또한 국화추출물의 DNA 분절화 억제 활성은 대조군의 89.6%를 보였고, DNA tail의 이동은 농도에 따른 차이는 있으나 대조군과 비교적 유사한 수준으로 감소되는 경향을 나타내었으며 phospho-H2AX 단백질의 발현은 라디칼 처리군의 79.8%에 해당하는 수준을 보여 DNA 인산화를 억제하는 데 높은 활성을 나타내었다. 따라서 본 연구의 국화추출물은 산화적 스트레스에 의한 생체 내 독성으로부터 세포와 DNA를 보호하는 데 효과적으로 작용하는 천연 항산화 물질로서의 응용이 기대된다.</p>",
                "context_length": 2047,
                "clue": [
                    {
                        "clue_text": "따라서 본 연구의 국화추출물은 산화적 스트레스를 유발하는 유리 리다칼과 생체 내 강한 독성을 나타내는 수산화 라디칼을 제거하는 데 매우 효과적인 것으로 나타났다.",
                        "clue_start": "899",
                        "clue_end": "989"
                    },
                    {
                        "clue_text": "또한 \\( \\mathrm { O } _ { 2 } { } ^ {\\circ } \\), \\( \\mathrm { H } _ { 2 } \\mathrm { O } _ { 2 } , \\mathrm { ROO } ^ {\\circ- } \\)등과 같은 2차 산화물의 생성을 억제할 뿐만 아니라 세포의 비정상적인 증식을 조절하는 것으로 알려진 p21 단백질의 발현을 증가시키는 것으로 나타났다.",
                        "clue_start": "990",
                        "clue_end": "1200"
                    },
                    {
                        "clue_text": "본 연구는 국화추출물이 산화적 스트레스에 의한 세포와 DNA의 손상에 미치는 영향을 조사하였다.",
                        "clue_start": "1449",
                        "clue_end": "1502"
                    },
                    {
                        "clue_text": "국화추출물의 DPPH 유리 라디칼과 수산화 라디칼의 제거 활성은 \\( 200 \\mu \\mathrm { g } / \\mathrm { ml } \\)에서 각각 92.8%, 73.8%로 나타났으며, \\( \\mathrm { Fe } ^ { 2 + } \\)-chelating 효과는 59.4%로 나타났다.",
                        "clue_start": "1503",
                        "clue_end": "1667"
                    },
                    {
                        "clue_text": "국화 추출물의 지질과산화 억제능은 대조군의 90.3%의 활성을 보였으며, p21 단백질의 발현 수준은 대조군의 79.6%로 나타나 라디칼 처리군에 비해 높은 것으로 조사되었다.",
                        "clue_start": "1668",
                        "clue_end": "1766"
                    }
                ],
                "terminology": [
                    {
                        "word": "DNA tail"
                    },
                    {
                        "word": "DNA 손상"
                    },
                    {
                        "word": "DPPH"
                    },
                    {
                        "word": "Fe"
                    },
                    {
                        "word": "ROO"
                    },
                    {
                        "word": "lunasin"
                    },
                    {
                        "word": "p21 단백질"
                    },
                    {
                        "word": "까마중"
                    },
                    {
                        "word": "대조군"
                    },
                    {
                        "word": "라디칼 처리군"
                    },
                    {
                        "word": "발현 수준"
                    },
                    {
                        "word": "분절화"
                    },
                    {
                        "word": "산화물"
                    },
                    {
                        "word": "산화적 스트레스"
                    },
                    {
                        "word": "생체 독성"
                    },
                    {
                        "word": "세포"
                    },
                    {
                        "word": "수산화 라디칼"
                    },
                    {
                        "word": "시료 처리군"
                    },
                    {
                        "word": "억제 활성"
                    },
                    {
                        "word": "유리 라디칼"
                    },
                    {
                        "word": "인산화"
                    },
                    {
                        "word": "정제"
                    },
                    {
                        "word": "제거 활성"
                    },
                    {
                        "word": "증식"
                    },
                    {
                        "word": "지질과산화 억제능"
                    },
                    {
                        "word": "천연 항산화 물질"
                    }
                ]
            },
            {
                "context_id": "55e-0c9-merge_la_8a2ae4d1-2058ecfd-9089-4715-a893-a408a58f5510_05",
                "context_K-NSCC": {
                    "field": "생명",
                    "large_category": "LA",
                    "medium_category": "08"
                },
                "context": "<h2>국화추출물의 산화적 세포 손상에 대한 보호 효과</h2> <p>국화추출물이 세포 생존에 미치는 영향을 조사해 보면 대조군에 비해 \\( \\mathrm { Fe } ^ { 2 + } \\)와 \\( \\mathrm { H } _ { 2 } \\mathrm { O } _ { 2 } \\)만 처리한 라디칼 처리군의 세포 생존율은 70.8%의 활성을 보여주고 있으나 시료를 처리한 실험군에서는 98.7%의 생존율을 나타내주고 있어 세포에 대한 시료의 독성은 거의 없는 것으로 조사되었다. 이러한 조건에서 국화추출물을 처리하였을 때 지질과산화 억제능은 \\( 8 \\mu \\mathrm { g } / \\) \\( \\mathrm { ml } \\)에서 \\( 56.6 \\%, 40 \\mu \\mathrm { g } / \\mathrm { ml } \\)에서 \\( 69.8 \\%, 200 \\mu \\mathrm { g } / \\mathrm { ml } \\)에서 \\( 90.3 \\% \\)로 농도가 높아짐에 따라 활성이 증가하는 경향을 나타내었다. 최근 연구에서 꿀풀 (Prunella vulgaris) 꽃대의 지질과 산화 억제능은 \\( 1,000 \\mathrm {\\mu g } / \\mathrm { ml } \\)의 농도에서 84.6%로 나타나 2차 산화물의 생성을 억제하는데 유효하다고 하였으며, 백작 약(Paeonia japonica) 열수 추출물의 지질과산화 억제능은 50 \\( \\mu \\mathrm { g } / \\mathrm { ml } \\) 농도에서 62%로 나타나 산화적 스트레스의 감소에 효과적이라고 보고된 바 있다. 본 연구에서도 라디칼에 의한 지질과산화 반응에서 국화추출물을 \\( 200 \\mathrm {\\mu g } / \\mathrm { ml } \\) 처리하였을 경우 약 90%의 억제 활성을 보였다.</p> <p>국화추출물이 산화적 스트레스에 의한 p21 단백질의 발현에 미치는 영향을 조사하기 위하여 p21 단백질 발현율을 대조군에 대한 시료 처리군의 상대적 발현으로 분석하였다. 국화추출물을 처리한 경우에 p21 단백질의 발현은 \\( 1.6 \\mathrm {\\mu g } / \\mathrm { ml } \\)에서 \\( 23.9 \\%, 8 \\mu \\mathrm { g } / \\mathrm { ml } \\)에서 \\( 65.1 \\%, 40 \\mu \\mathrm { g } / \\mathrm { ml } \\)에서 \\( 70.3 \\%, 200 \\mu \\mathrm { g } / \\mathrm { ml } \\)에서 79.6%으로 나타나 농도가 높아질수록 증가하는 것으로 나타났다. 따라서 본 연구의 국화추출물은 농도가 높아질수록 p21 단백질의 발현이 증가되는 것으로 보아 세포의 비정상적 증식을 억제하고 손상된 세포의 apoptosis를 유도하는 데 효과가 있을 것으로 생각된다.</p>",
                "context_length": 1383,
                "clue": [
                    {
                        "clue_text": "국화추출물이 세포 생존에 미치는 영향을 조사해 보면 대조군에 비해 \\( \\mathrm { Fe } ^ { 2 + } \\)와 \\( \\mathrm { H } _ { 2 } \\mathrm { O } _ { 2 } \\)만 처리한 라디칼 처리군의 세포 생존율은 70.8%의 활성을 보여주고 있으나 시료를 처리한 실험군에서는 98.7%의 생존율을 나타내주고 있어 세포에 대한 시료의 독성은 거의 없는 것으로 조사되었다.",
                        "clue_start": "39",
                        "clue_end": "267"
                    },
                    {
                        "clue_text": "최근 연구에서 꿀풀 (Prunella vulgaris) 꽃대의 지질과 산화 억제능은 \\( 1,000 \\mathrm {\\mu g } / \\mathrm { ml } \\)의 농도에서 84.6%로 나타나 2차 산화물의 생성을 억제하는데 유효하다고 하였으며, 백작 약(Paeonia japonica) 열수 추출물의 지질과산화 억제능은 50 \\( \\mu \\mathrm { g } / \\mathrm { ml } \\) 농도에서 62%로 나타나 산화적 스트레스의 감소에 효과적이라고 보고된 바 있다.",
                        "clue_start": "512",
                        "clue_end": "782"
                    },
                    {
                        "clue_text": "본 연구에서도 라디칼에 의한 지질과산화 반응에서 국화추출물을 \\( 200 \\mathrm {\\mu g } / \\mathrm { ml } \\) 처리하였을 경우 약 90%의 억제 활성을 보였다.",
                        "clue_start": "783",
                        "clue_end": "888"
                    },
                    {
                        "clue_text": "국화추출물이 산화적 스트레스에 의한 p21 단백질의 발현에 미치는 영향을 조사하기 위하여 p21 단백질 발현율을 대조군에 대한 시료 처리군의 상대적 발현으로 분석하였다.",
                        "clue_start": "896",
                        "clue_end": "990"
                    },
                    {
                        "clue_text": "따라서 본 연구의 국화추출물은 농도가 높아질수록 p21 단백질의 발현이 증가되는 것으로 보아 세포의 비정상적 증식을 억제하고 손상된 세포의 apoptosis를 유도하는 데 효과가 있을 것으로 생각된다.",
                        "clue_start": "1267",
                        "clue_end": "1379"
                    }
                ],
                "terminology": [
                    {
                        "word": "Fe"
                    },
                    {
                        "word": "apoptosis"
                    },
                    {
                        "word": "japonica"
                    },
                    {
                        "word": "p21 단백질"
                    },
                    {
                        "word": "꿀풀  꽃대"
                    },
                    {
                        "word": "대조군"
                    },
                    {
                        "word": "라디칼 처리군"
                    },
                    {
                        "word": "발현"
                    },
                    {
                        "word": "발현율"
                    },
                    {
                        "word": "백작 약 열수 추출물"
                    },
                    {
                        "word": "비정상적 증식"
                    },
                    {
                        "word": "산화물"
                    },
                    {
                        "word": "산화적 세포 손상"
                    },
                    {
                        "word": "산화적 스트레스"
                    },
                    {
                        "word": "세포 생존율"
                    },
                    {
                        "word": "시료 처리군"
                    },
                    {
                        "word": "실험군"
                    },
                    {
                        "word": "억제 활성"
                    },
                    {
                        "word": "열수 추출물"
                    },
                    {
                        "word": "지질과산화 반응"
                    },
                    {
                        "word": "지질과산화 억제능"
                    }
                ]
            }
        ]
    }
}