{
    "dataset_info": {
        "identifier": "02-031-002-NL",
        "name": "기술과학 문서 요약 데이터",
        "category": "자연어",
        "last_updated": "2023-08-30"
    },
    "dataset": {
        "doc_id": "8a2ae4d1-2c5ada2d-4367-4047-beca-db3ad78c6913",
        "doc_type": "논문",
        "doc_title": {
            "kor": "야콘의 이화학적 성분과 항산화 효과",
            "eng": "Physicochemical Composition and Antioxidative Effects of Yacon (Polymnia Sonchifolia)"
        },
        "doc_category": {
            "KDC": "470.5",
            "DDC": ""
        },
        "doc_number": {
            "ISSN": "1225-9918",
            "ISBN": "",
            "DOI": "",
            "UCI": ""
        },
        "doc_year": "2010",
        "doc_author": [
            "김아라",
            "이재준",
            "정해옥",
            "이명렬"
        ],
        "doc_publisher": "한국생명과학회",
        "doc_license": "CC BY",
        "context_info": [
            {
                "context_id": "55e-0c9-2f8ac6e5-7a05-4f53-ae64-3db8b0a38c34",
                "context_K-NSCC": {
                    "field": "생명",
                    "large_category": "LA",
                    "medium_category": "99"
                },
                "context": "<h1>서 론</h1> <p>야콘(Polymnia sonchifolia)은 국화과에 속하는 다년초 괴근 작물로써, 원산지는 칠레의 중 - 북부로부터 페루, 에콰도르에 이르는 남아메리카 안데스 산맥의 중부고지대이며, 현지에서는 '땅속의 배'로 불리운다. 야콘의 명칭은 Liacon (페루, 볼리비아, 아르헨티나), Jiguima 또는 Jiguimilla (베네주엘라, 아르헨티나), Arboloco (콜롬비아), Aricuma 또는 Aricoma (페루, 볼리비아)라고 불리고 있고 일본에서는 Yacon이라 부르고 있다. 우리나라에는 1985년에 일본으로 부터 도입되어 농촌진흥청에서 시험 재배를 실시하였으며, 경기도 강화, 충북 괴산, 강원도 횡성 등지에서 소규모로 재배되었고 최근에 경북 상주와 제주도에서도 재배되고 있으며 우리나라에 도입 후 수량과 식미가 양호하여 개발대상 품목으로 선정되었다. 야콘의 외부 형태는 같은 국화과의 다알리아와 비슷한 근경을 가지고 있지만 줄기는 돼지감자의 지상부와 흡사하며, 괴근의 크기와 형태는 고구마, 다알리아와 비슷하지만 근혼(root scar)이 없고 전분 대신에 다량의 올리고당을 함유한 점이 고구마와 큰 차이점이 있다. 식용부위는 주로 괴근으로 맛은 고구마처럼 감미가 있으며 배와 같이 수분이 많고 시원한 맛을 느끼게 한다. 야콘의 열량은 \\( 54 \\mathrm{kcal} \\)로써 고구마의 \\( 123 \\mathrm{kcal} \\), 감자의 \\( 77 \\mathrm{kcal} \\) 보다 낮은 저칼로리 섬유질 식품으로, 식이섬유도 생체 \\( 100 \\mathrm{~g} \\) 당 \\( 0.5 \\mathrm{~g} \\) 으로써 고구마와 같고 감자보다는 낮으므로 디저트나 다이어트 식품으로 이용할 수 있다.</p> <p>야콘의 영양성분으로는 \\( \\mathrm{Ca}, \\mathrm{K}, \\mathrm{Mg} \\) 등의 함량이 일반채소에 비하여 다량으로 함유되어 있고, 식물성 섬유소가 많으며 알카리성 자연식품으로 가치가 인정되고 있다. 그리고 수확 직후 무게의 \\( 10 \\% \\) 가량 올리고당을 함유하고 있어 우엉에 비하여 3배 정도 많은 올리고당이 함유되어 있고 fructose, glucose, sucrose, fructo-oligo 당, inulin이 다량 함유되어 있다. 야콘에 대한 국내 식품학적 연구로는 Lee 등이 야콘의 건조 잎과 줄기 및 후숙된 괴근의 화학성분을 분석하였고, Kim은 식중독 원인균에 대한 야콘의 높은 항균성 및 기능성 야콘 잼을 제조하여 보고하였으며, Shin 등은 야콘 잎을 이용한 기능성 차 제품을 개발하여 보고하였다. 또한 생리활성 연구로 Min 등은 야콘 추출물의 분획들 중 ethyl acetate 분획에서는 항산화 활성, hexane 분획에서는 항암 활성이 우수하였다고 보고하였다.</p> <p>그러나 이러한 야콘의 우수성에도 불구하고 야콘은 국내에 도입된 지 20년이 넘도록 야콘의 괴근을 일부 생식으로 이용되고 있는 외에 가공식품으로 냉면, 국수, 튀김, 만두, 빈대떡 등이 개발되어 부분적으로 이용이 되고 있을 뿐이다. 또한 야콘은 다양한 생리활성 물질을 함유하고 있는 건강식품으로 인식되면서 이에 대한 관심이 높아지고 있지만 대부분 야콘에 대한 인식부족과 이용이 일반화 되어 있지 않으며, 우리나라에서는 야콘의 식품으로써의 활용이나 생리활성 효능에 관한 연구는 아직까지 매우 미진한 편이다. 야콘은 맛이나 영양학적으로 우수하여 이용성이 큰 작물로 여겨지기 때문에 새로운 기능성 건강식품으로의 개발 가능성이 크다고 할 수 있으며, 현대의 안전한 먹을거리 요구의 증대 및 웰빙 열풍으로 볼 때 야콘을 기능성 건강식품으로 개발하는 연구는 매우 가치가 있을 것이라 사료된다.</p> <p>따라서 본 연구는 야콘의 일반성분과 영양성분 분석 및 항산화 활성 측정을 통해 야콘의 영양 가치를 평가하고 생리활성 기능을 검증함으로써 야콘의 폭넓고 다양한 기능성 식품소재로의 이용 가치를 높이는데 기여하고자 실시하였다.</p>",
                "context_length": 1967,
                "clue": [
                    {
                        "clue_text": "야콘(Polymnia sonchifolia)은 국화과에 속하는 다년초 괴근 작물로써, 원산지는 칠레의 중 - 북부로부터 페루, 에콰도르에 이르는 남아메리카 안데스 산맥의 중부고지대이며, 현지에서는 '땅속의 배'로 불리운다.",
                        "clue_start": "16",
                        "clue_end": "140"
                    },
                    {
                        "clue_text": "야콘의 영양성분으로는 \\( \\mathrm{Ca}, \\mathrm{K}, \\mathrm{Mg} \\) 등의 함량이 일반채소에 비하여 다량으로 함유되어 있고, 식물성 섬유소가 많으며 알카리성 자연식품으로 가치가 인정되고 있다.",
                        "clue_start": "876",
                        "clue_end": "999"
                    },
                    {
                        "clue_text": "따라서 본 연구는 야콘의 일반성분과 영양성분 분석 및 항산화 활성 측정을 통해 야콘의 영양 가치를 평가하고 생리활성 기능을 검증함으로써 야콘의 폭넓고 다양한 기능성 식품소재로의 이용 가치를 높이는데 기여하고자 실시하였다.",
                        "clue_start": "1840",
                        "clue_end": "1963"
                    }
                ],
                "terminology": [
                    {
                        "word": "ethyl acetate 분획"
                    },
                    {
                        "word": "hexane"
                    },
                    {
                        "word": "hexane 분획"
                    },
                    {
                        "word": "inulin"
                    },
                    {
                        "word": "scar"
                    },
                    {
                        "word": "감미"
                    },
                    {
                        "word": "괴근"
                    },
                    {
                        "word": "근경"
                    },
                    {
                        "word": "다년초"
                    },
                    {
                        "word": "볼리비아"
                    },
                    {
                        "word": "생리활성 기능"
                    },
                    {
                        "word": "생리활성 물질"
                    },
                    {
                        "word": "생리활성 연구"
                    },
                    {
                        "word": "섬유소"
                    },
                    {
                        "word": "식미"
                    },
                    {
                        "word": "식이섬유"
                    },
                    {
                        "word": "식중독 원인균"
                    },
                    {
                        "word": "안데스"
                    },
                    {
                        "word": "알카리성"
                    },
                    {
                        "word": "야콘"
                    },
                    {
                        "word": "야콘 추출물"
                    },
                    {
                        "word": "양 가치를"
                    },
                    {
                        "word": "에콰도르"
                    },
                    {
                        "word": "올리고당"
                    },
                    {
                        "word": "인식부족"
                    },
                    {
                        "word": "항균성"
                    },
                    {
                        "word": "항산화"
                    },
                    {
                        "word": "항산화 활성"
                    },
                    {
                        "word": "항암 활성"
                    },
                    {
                        "word": "화학성분"
                    },
                    {
                        "word": "활성"
                    },
                    {
                        "word": "활성 측정"
                    },
                    {
                        "word": "횡성"
                    },
                    {
                        "word": "후숙된 괴근"
                    }
                ]
            },
            {
                "context_id": "55e-0c9-8ed03f4b-1587-408d-918c-bddd9ae1ea9f",
                "context_K-NSCC": {
                    "field": "생명",
                    "large_category": "LA",
                    "medium_category": "99"
                },
                "context": "<h1>재료 및 방법</h1> <h2>실험 재료</h2> <p>본 실험에 사용된 야콘은 2008년 12월 한농마을영농조합법인으로부터 생것을 구입하여 가피를 제거시킨 후 흐르는 물에 3회 수세한 다음 동결 건조하고 분쇄하여 분말로 제조한 후 \\( -70^{\\circ} \\mathrm{C} \\) 에서 냉동보관하면서 시료로 사용하였다. 각 실험항목에 대한 시료의 분석은 3회 반복 실시하였다.</p> <h2>일반 성분</h2> <p>일반성분 분석은 Association of Official Analytical Chemists (A.O.A.C.)방법에 준하여 실시하였는데, 수분은 \\( 105^{\\circ} \\mathrm{C} \\) 상압가열건조법, 조단백질은 micro-kjeldahl법, 조지방은 soxhlet 추출법 및 조회분은 회화법으로 분석하였고, 식이섬유소는 효소중량법(Enzymatic-Gravimetric method)에 의하여 분석하였다. 탄수화물은 100에서 수분, 조단백질, 조지방, 조회분 및 식이섬유소량을 제외한 값으로 나타내었다.</p> <h2>구성당 분석</h2> <p>구성당 분석은 Gancedo 방법에 준하여 실시하였다. 시료 \\( 1 \\mathrm{~g} \\) 에 \\( 80 \\% \\) ethanol \\( 50 \\mathrm{ml} \\) 를 가하여 heating mentle에서 \\( 75^{\\circ} \\mathrm{C} \\) 로 5시간 가열한 다음 Whatman filter paper (No. 2)로 여과하고 여액을 rotary vacuum evaporator에서 감압 농축 후 \\( 10 \\mathrm{ml} \\) 로 정용하여 Ion Chromatography (DX-600, Dionex, USA)로 분석하였으며, 분석조건은 Carbo \\( \\mathrm{Pac}^{\\mathrm{TM}} \\) - PA10 ana-lytical \\( (4 \\times 250 \\mathrm{~mm}) \\) 과 용출용매 Ca-EDTA \\( (500 \\mathrm{mg} / \\mathrm{l}) \\) 를 조합하였다. 전처리된 시료 \\( 1 \\mathrm{ml} \\) 를 취하여 \\( 0.45 \\mu \\mathrm{m} \\) membrane filter로 여과한 후 column에 \\( 20 \\mu 1 \\) 씩 주입하였다. 이 때의 col-\\( \\mathrm{umn} \\) 온도는 \\( 90^{\\circ} \\mathrm{C} \\) 를 유지하였다. 용출 용매는 \\( 0.5 \\mathrm{ml} / \\mathrm{min} \\) 로 흘려보냈으며, 검출은 reactive index detector를 이용하였다.</p> <h2>아미노산 분석</h2> <p>구성아미노산의 분석은 분해관에 건조된 시료 \\( 0.5 \\mathrm{~g} \\) 과 \\( 6 \\mathrm{~N} \\)\\( \\mathrm{HCl} 3 \\mathrm{ml} \\) 를 취하여 탈기하고 \\( 121^{\\circ} \\mathrm{C} \\) 에서 24 시간 가수분해한 다음 여액을 rotary vacuum evaporator로 감압 농축하여 so-dium phosphate buffer ( \\( \\mathrm{pH~} 7.0 \\) ) \\( 10 \\mathrm{ml} \\) 로 정용하였다. 용액 \\( 1 \\mathrm{ml} \\) 를 취하고 membrane filter \\( (0.2 \\mu \\mathrm{m}) \\) 로 여과한 다음 아미노산자동분석기(Biochrom 20, Pharmacia, England)로 분석하였으며, column은 Ultrapace Пcation exchange resin column \\( (11 \\pm 2 \\mu \\mathrm{m}, 220 \\mathrm{~mm}) \\) 을 사용하였고, \\( 0.2 \\mathrm{~N} \\) Na-citrate buffer 용액( \\( \\mathrm{pH} 3.20,4.25 \\), 및 \\( 10.00 \\))의 flow rate는 \\( 40 \\mathrm{ml} / \\mathrm{hr} \\), ninhydrin 용액의 flow rate는 \\( 25 \\mathrm{ml} / \\mathrm{hr} \\), column 온도는 \\( 46^{\\circ} \\mathrm{C} \\), 반응 온도는 \\( 88^{\\circ} \\mathrm{C} \\) 로 하였고, analysis time은 \\( 44 \\mathrm{~min} \\) 으로 하였다.</p>",
                "context_length": 2170,
                "clue": [
                    {
                        "clue_text": "본 실험에 사용된 야콘은 2008년 12월 한농마을영농조합법인으로부터 생것을 구입하여 가피를 제거시킨 후 흐르는 물에 3회 수세한 다음 동결 건조하고 분쇄하여 분말로 제조한 후 \\( -70^{\\circ} \\mathrm{C} \\) 에서 냉동보관하면서 시료로 사용하였다.",
                        "clue_start": "35",
                        "clue_end": "184"
                    },
                    {
                        "clue_text": "일반성분 분석은 Association of Official Analytical Chemists (A.O.A.C.)방법에 준하여 실시하였는데,",
                        "clue_start": "239",
                        "clue_end": "317"
                    },
                    {
                        "clue_text": "구성당 분석은 Gancedo 방법에 준하여 실시하였다.",
                        "clue_start": "554",
                        "clue_end": "584"
                    },
                    {
                        "clue_text": "구성아미노산의 분석은 분해관에 건조된 시료 \\( 0.5 \\mathrm{~g} \\) 과 \\( 6 \\mathrm{~N} \\)\\( \\mathrm{HCl} 3 \\mathrm{ml} \\) 를 취하여 탈기하고 \\( 121^{\\circ} \\mathrm{C} \\) 에서 24 시간 가수분해한 다음 여액을 rotary vacuum evaporator로 감압 농축하여 so-dium phosphate buffer ( \\( \\mathrm{pH~} 7.0 \\) ) \\( 10 \\mathrm{ml} \\) 로 정용하였다.",
                        "clue_start": "1324",
                        "clue_end": "1601"
                    },
                    {
                        "clue_text": "용액 \\( 1 \\mathrm{ml} \\) 를 취하고 membrane filter \\( (0.2 \\mu \\mathrm{m}) \\) 로 여과한 다음 아미노산자동분석기(Biochrom 20, Pharmacia, England)로 분석하였으며,",
                        "clue_start": "1602",
                        "clue_end": "1734"
                    }
                ],
                "terminology": [
                    {
                        "word": "Carbo"
                    },
                    {
                        "word": "Gancedo"
                    },
                    {
                        "word": "Gancedo 방법"
                    },
                    {
                        "word": "Ion Chromatography"
                    },
                    {
                        "word": "Na-citrate buffer 용액"
                    },
                    {
                        "word": "PA10 ana-lytical"
                    },
                    {
                        "word": "Whatman filter paper"
                    },
                    {
                        "word": "analysis time"
                    },
                    {
                        "word": "column"
                    },
                    {
                        "word": "ethanol"
                    },
                    {
                        "word": "flow rate"
                    },
                    {
                        "word": "heating mentle"
                    },
                    {
                        "word": "membrane filter"
                    },
                    {
                        "word": "micro-kjeldahl법"
                    },
                    {
                        "word": "ninhydrin"
                    },
                    {
                        "word": "ninhydrin 용액"
                    },
                    {
                        "word": "reactive index detector"
                    },
                    {
                        "word": "resin"
                    },
                    {
                        "word": "rotary vacuum evaporator"
                    },
                    {
                        "word": "so-dium phosphate buffer"
                    },
                    {
                        "word": "soxhlet"
                    },
                    {
                        "word": "soxhlet 추출법"
                    },
                    {
                        "word": "가수분해"
                    },
                    {
                        "word": "가피"
                    },
                    {
                        "word": "감압 농축"
                    },
                    {
                        "word": "구성아미노산"
                    },
                    {
                        "word": "분해관"
                    },
                    {
                        "word": "상압가열건조법"
                    },
                    {
                        "word": "시료"
                    },
                    {
                        "word": "식이섬유소"
                    },
                    {
                        "word": "아미노산 분석"
                    },
                    {
                        "word": "아미노산자동분석기"
                    },
                    {
                        "word": "야콘"
                    },
                    {
                        "word": "여액"
                    },
                    {
                        "word": "용출용매"
                    },
                    {
                        "word": "용출용매 Ca-EDTA"
                    },
                    {
                        "word": "정용"
                    },
                    {
                        "word": "조단백질"
                    },
                    {
                        "word": "조지방"
                    },
                    {
                        "word": "조회분"
                    },
                    {
                        "word": "탈기"
                    },
                    {
                        "word": "회화법"
                    },
                    {
                        "word": "효소중량법"
                    }
                ]
            },
            {
                "context_id": "55e-0c9-14d273ce-da03-498d-abf4-ffad2f0b5f92",
                "context_K-NSCC": {
                    "field": "생명",
                    "large_category": "LA",
                    "medium_category": "99"
                },
                "context": "<h2>항산화 활성</h2> <p>야콘 에탄올 추출물의 항산화지수 및 아질산염 소거작용을 측정한 결과는 Table 8,9 와 같다.</p> <p>Rancimat에 의한 항산화지수는 시료를 첨가 후 유지의 복잡한 산화과정 중 유도기간 마지막에 상당량의 저분자량 휘발성 카보닐산이 유리되는 양으로 측정하며, 야콘의 유지 산화 억제 효과를 알아보기 위하여 Rancimat으로 측정한 항산화지수는 Tabel 8 에서와 같이 ethylacetate 분획 1.45, n-butanol 분획 1.26 , chloroform 분획 1.04, n-hexane 분획 1.03 및 water 분획 1.01로 모두 시료를 미첨가한 대조군의 항산화지수 1.00보다 높은 항산화 활성을 나타냈다. 특히 분획 중 ethylacetate 분획이 가장 높은 활성을 나타내었고 다음으로는 n-butanol 분획이었으며, 합성항산화제인 BHT의 1.85보다는 낮게 나타났다. 그러나 chloroformm, n-hexane 및 water 분획은 항산화 활성이 나타나지 않았다. 이는 야콘 eth-ylacetate와 n-butanol 분획에 항산화 활성을 나타내는 물질이 다량 함유되어 있는 것으로 사료된다. Lee 등의 연근의 Rancimat의 지질 산패도 유도기간에 따른 항산화력을 비교한 연구에서도 ethylacetate 분획물의 항산화지수가 1.39로 분획물 중 가장 높았으나, 항산화제인 BHT에 비하여 낮게 나타났다고 보고하여 본 연구결과와 유사하였다.</p> <p>야콘 에탄올 추출물 분획의 아질산염 소거작용은 Table 9에서와 같이 \\( \\mathrm{pH} 1.2 \\) 조건에서 ethylacetate 분획이 \\( 49.82 \\% \\), chloroform 분획이 \\( 26.47 \\%, \\mathrm{n} \\)-butanol 분획이 \\( 10.23 \\% \\), n-hex-ane 분획이 \\( 8.14 \\% \\), water 분획이 \\( 5.46 \\% \\) 순으로 분획물 중 eth-ylacetate 분획에서 가장 높은 아질산염 소거능을 보였으나, 양성대조군인 BHT의 \\( 75.29 \\% \\) 보다는 낮게 나타났다. Min 등은 야콘 추출물의 각 용매별 분획에 대한 아질산염 소거능을 측정하였는데, ethylacetate 분획이 \\( 11.71 \\%(100 \\mu \\mathrm{g} / \\mathrm{ml}) \\), \\( 36.81 \\%(500 \\mu \\mathrm{g} / \\mathrm{ml}), 59.70 \\%(1,000 \\mu \\mathrm{g} / \\mathrm{ml}) \\) 로 농도가 증가함에 따라 활성이 증가하였으며, 양성대조군인 ascorbic acid와 비교하였을 때 모든 농도에서 대조구보다 높게 나타나 야콘 추출물의 분획 중 ethylacetate 분획이 가장 높은 아질산염 소거능을 보였다고 보고하여 본 연구결과와 유사하였으며, 이는 야콘 추출물의 총 페놀 함량이 ethylacetate 분획에서 \\( 48.53 \\% \\)로 가장 높게 나타나 분획물 중 가장 높은 활성을 보인 것으로 사료된다. 같은 근채류에 속하는 연근의 경우 \\( 600 \\mu \\mathrm{g} / \\mathrm{ml} \\) 농도에서 연근 에탄올 추출물 분획의 아질산염 소거작용은 \\( \\mathrm{pH} 1.2 \\)에서 ethylacetate 분획물이 \\( 88.33 \\% \\) 로 합성항산화제인 BHT와 비슷한 아질산염 소거능을 나타내어 생체 내에서도 효과적인 아질산염 소거작용을 통하여 nitrosamine 생성을 억제할 것이라고 보고하였다. 아질산염은 식품 중에 존재하는 amine류와 반응하여 \\( \\mathrm{pH} \\) 가 낮은 조건에서 발암물질인 nitrosamine을 쉽게 생성하는 것으로 알려져 있으며, 아질산염 소거능에 영향을 미치는 성분으로는 ascorbic acid, 성분 간의 상호작용에 의해 생성되는 melanoidin, amino acid와 peptide, phe-nol과 flavonoid 화합물 등이 보고되어 있는데, 본 실험에서 야콘 에탄올 추출물의 아질산염 소거작용은 에탄올에 용해되어 있는 이러한 성분들이 복합적으로 작용한 것으로 사료된다.</p> <p>따라서 이상의 결과 체내 \\( \\mathrm{pH} \\) 조건인 \\( \\mathrm{pH~} 1.2 \\)에서 야콘 에탄올 추출물의 Rancimat에 의한 항산화지수는 ethylacetate와 \\( \\mathrm{n} \\)-butanol 분획에서 항산화 활성을 나타냈고, 아질산염 소거능에서는 전 분획물에서 항산화 활성을 나타냈으며, 분획물 중 ethylacetate 분획이 가장 높은 활성을 나타냈으나, 합성항산화제인 BHT에 비해서는 낮은 활성을 나타냈다.</p>",
                "context_length": 2319,
                "clue": [
                    {
                        "clue_text": "야콘 에탄올 추출물의 항산화지수 및 아질산염 소거작용을 측정한 결과는 Table 8,9 와 같다.",
                        "clue_start": "19",
                        "clue_end": "73"
                    },
                    {
                        "clue_text": "야콘 에탄올 추출물 분획의 아질산염 소거작용은 Table 9에서와 같이 \\( \\mathrm{pH} 1.2 \\) 조건에서 ethylacetate 분획이 \\( 49.82 \\% \\), chloroform 분획이 \\( 26.47 \\%, \\mathrm{n} \\)-butanol 분획이 \\( 10.23 \\% \\), n-hex-ane 분획이 \\( 8.14 \\% \\), water 분획이 \\( 5.46 \\% \\) 순으로 분획물 중 eth-ylacetate 분획에서 가장 높은 아질산염 소거능을 보였으나, 양성대조군인 BHT의 \\( 75.29 \\% \\) 보다는 낮게 나타났다.",
                        "clue_start": "750",
                        "clue_end": "1063"
                    },
                    {
                        "clue_text": "본 실험에서 야콘 에탄올 추출물의 아질산염 소거작용은 에탄올에 용해되어 있는 이러한 성분들이 복합적으로 작용한 것으로 사료된다.",
                        "clue_start": "1980",
                        "clue_end": "2051"
                    }
                ],
                "terminology": [
                    {
                        "word": "BHT"
                    },
                    {
                        "word": "Rancimat"
                    },
                    {
                        "word": "amino acid"
                    },
                    {
                        "word": "ascorbic"
                    },
                    {
                        "word": "chloroform"
                    },
                    {
                        "word": "chloroform 분획"
                    },
                    {
                        "word": "ethylacetate"
                    },
                    {
                        "word": "ethylacetate 분획"
                    },
                    {
                        "word": "ethylacetate 분획물"
                    },
                    {
                        "word": "flavonoid"
                    },
                    {
                        "word": "flavonoid 화합물"
                    },
                    {
                        "word": "melanoidin"
                    },
                    {
                        "word": "n-butanol"
                    },
                    {
                        "word": "n-butanol 분획"
                    },
                    {
                        "word": "n-hexane"
                    },
                    {
                        "word": "n-hexane 분획"
                    },
                    {
                        "word": "nitrosamine"
                    },
                    {
                        "word": "peptide"
                    },
                    {
                        "word": "phe-nol"
                    },
                    {
                        "word": "water 분획"
                    },
                    {
                        "word": "근채류"
                    },
                    {
                        "word": "분획물"
                    },
                    {
                        "word": "산패도"
                    },
                    {
                        "word": "산화과정"
                    },
                    {
                        "word": "소거능"
                    },
                    {
                        "word": "소거작용"
                    },
                    {
                        "word": "시료"
                    },
                    {
                        "word": "아질산염"
                    },
                    {
                        "word": "아질산염 소거능"
                    },
                    {
                        "word": "야콘"
                    },
                    {
                        "word": "야콘 에탄올"
                    },
                    {
                        "word": "야콘 추출물"
                    },
                    {
                        "word": "연근"
                    },
                    {
                        "word": "유지 산화"
                    },
                    {
                        "word": "저분자량"
                    },
                    {
                        "word": "카보닐산"
                    },
                    {
                        "word": "페놀"
                    },
                    {
                        "word": "페놀 함량"
                    },
                    {
                        "word": "항산화"
                    },
                    {
                        "word": "항산화 활성"
                    },
                    {
                        "word": "항산화력"
                    },
                    {
                        "word": "항산화지수"
                    },
                    {
                        "word": "활성"
                    }
                ]
            },
            {
                "context_id": "55e-0c9-f406be7b-3d25-421f-bd82-23317ff6e255",
                "context_K-NSCC": {
                    "field": "생명",
                    "large_category": "LA",
                    "medium_category": "99"
                },
                "context": "<h1>초록 : 야콘의 이화학적 성분과 항산화 효과</h1> <p>야콘의 생리활성 기능과 이용 가능성에 관한 연구의 일환으로 야콘 분말의 영양성분 및 항산화 활성을 측정한 결과는 다음과 같다. 야콘 분말의 일반성분은 건물량(dry matter basis)을 기준으로 수분 함량은 \\( 3.53 \\% \\), 조단백질 \\( 1.13 \\% \\), 조지방 \\( 0.40 \\% \\), 조회분 \\( 0.79 \\% \\), 식이섬유소 \\( 1.63 \\% \\) 및 탄수화물 \\( 92.52 \\% \\) 를 함유하였다. 구성당은 fructose가 \\( 1320.84 \\mathrm{mg} /l \\) 로 가장 많았고 glucose가 \\( 1283.70 \\mathrm{mg} /l \\) 검출되어 총 2종이 검출되었다. 아미노산은 glutamic acid 함량이 \\( 123.12 \\mathrm{mg} \\% \\) 로 가장 높았고, 다음으로 aspartic acid, proline, arginine, alanine, valine, histidine, lysine순이었다. 구성 지방산 중 포화지방산인 palmitic acid와 lauric acid 2종류의 지방산만 각각 \\( 51.72 \\% \\) 와 \\( 48.28 \\% \\) 로 검출되었으며, 불포화지방산은 검출되지 않았다. 유기산은 총 3종의 유기산이 검출되었으며, 이 중 oxalic acid가 \\( 2519.29 \\mathrm{mg} /l \\) 로 가장 많았고, 다음으로 benzoic acid \\( 1895.17 \\mathrm{mg} / l \\), formic acid \\( 247.84 \\mathrm{mg} / l \\) 순이었다. 비타민 A, C 및 E의 함량은 각각 \\( 0.057 \\mathrm{mg} \\%, 0.670 \\mathrm{mg} \\% \\) 및 \\( 0.001 \\mathrm{mg} \\% \\) 로 검출되었으며, 무기질은 총 5종의 무기질 성분이 검출되었고, 이 중 \\( \\mathrm{K} \\) 함량이 가장 많았으며, 다음으로 \\( \\mathrm{Na}, \\mathrm{Ca}, \\mathrm{Mg} \\) 순이었고 \\( \\mathrm{Zn} \\) 의 함량은 미량이었다. 야콘 에탄올 추출물을 n-hexane, chloroform, ethylacetate, n-butanol, water로 계통 분획하여 항산화 활성을 측정한 결과 Rancimat으로 측정한 항산화지수는 \\( \\mathrm{pH~} 1.2 \\) 조건에서 분획 중 ethylacetate 분획이 1.45로 가장 높게 나타났으나 양성대조군으로 사용한 BHT 1.83에 비해서는 낮은 활성을 나타내었다. 아질산염 소거능에서도 ethylacetate 분획이 \\( 49.82 \\% \\) 로 분획 중 가장 높은 아질산염 소거능을 보였으나, 양성대조군인 BHT의 \\( 75.29 \\% \\) 보다는 낮게 나타났다. 이상의 결과 야콘은 체내 신진대사와 생리활성을 증진시킬 수 있는 영양소들이 다량 함유하고 있으며 항산화 효과를 나타내는 물질을 함유하고 있는 것으로 판단되어 야콘의 기능성 식품으로써의 이용화가치가 한층 더 높아질 것으로 기대해 본다.</p>",
                "context_length": 1543,
                "clue": [
                    {
                        "clue_text": "야콘의 생리활성 기능과 이용 가능성에 관한 연구의 일환으로 야콘 분말의 영양성분 및 항산화 활성을 측정한 결과는 다음과 같다.",
                        "clue_start": "37",
                        "clue_end": "107"
                    },
                    {
                        "clue_text": "야콘 에탄올 추출물을 n-hexane, chloroform, ethylacetate, n-butanol, water로 계통 분획하여 항산화 활성을 측정한 결과 Rancimat으로 측정한 항산화지수는 \\( \\mathrm{pH~} 1.2 \\) 조건에서 분획 중 ethylacetate 분획이 1.45로 가장 높게 나타났으나 양성대조군으로 사용한 BHT 1.83에 비해서는 낮은 활성을 나타내었다.",
                        "clue_start": "1076",
                        "clue_end": "1295"
                    },
                    {
                        "clue_text": "이상의 결과 야콘은 체내 신진대사와 생리활성을 증진시킬 수 있는 영양소들이 다량 함유하고 있으며 항산화 효과를 나타내는 물질을 함유하고 있는 것으로 판단되어 야콘의 기능성 식품으로써의 이용화가치가 한층 더 높아질 것으로 기대해 본다.",
                        "clue_start": "1409",
                        "clue_end": "1539"
                    }
                ],
                "terminology": [
                    {
                        "word": "BHT"
                    },
                    {
                        "word": "Rancimat"
                    },
                    {
                        "word": "alanine"
                    },
                    {
                        "word": "arginine"
                    },
                    {
                        "word": "aspartic"
                    },
                    {
                        "word": "benzoic acid"
                    },
                    {
                        "word": "chloroform"
                    },
                    {
                        "word": "ethylacetate"
                    },
                    {
                        "word": "ethylacetate 분획"
                    },
                    {
                        "word": "formic acid"
                    },
                    {
                        "word": "fructose"
                    },
                    {
                        "word": "glucose"
                    },
                    {
                        "word": "glutamic acid"
                    },
                    {
                        "word": "histidine"
                    },
                    {
                        "word": "lauric acid"
                    },
                    {
                        "word": "lysine"
                    },
                    {
                        "word": "n-butanol"
                    },
                    {
                        "word": "n-hexane"
                    },
                    {
                        "word": "oxalic acid"
                    },
                    {
                        "word": "palmitic acid"
                    },
                    {
                        "word": "proline"
                    },
                    {
                        "word": "valine"
                    },
                    {
                        "word": "건물량"
                    },
                    {
                        "word": "계통 분획"
                    },
                    {
                        "word": "불포화지방산"
                    },
                    {
                        "word": "소거능"
                    },
                    {
                        "word": "식이섬유소"
                    },
                    {
                        "word": "아질산염"
                    },
                    {
                        "word": "아질산염 소거능"
                    },
                    {
                        "word": "야콘"
                    },
                    {
                        "word": "야콘 분말"
                    },
                    {
                        "word": "야콘 에탄올"
                    },
                    {
                        "word": "유기산"
                    },
                    {
                        "word": "이화학적"
                    },
                    {
                        "word": "조단백질"
                    },
                    {
                        "word": "조지방"
                    },
                    {
                        "word": "조회분"
                    },
                    {
                        "word": "지방산"
                    },
                    {
                        "word": "항산화"
                    },
                    {
                        "word": "항산화 활성"
                    },
                    {
                        "word": "항산화 효과"
                    },
                    {
                        "word": "항산화지수"
                    },
                    {
                        "word": "활성"
                    }
                ]
            },
            {
                "context_id": "55e-0c9-1c59494b-d70f-40c6-87b3-80a25bd8ab58",
                "context_K-NSCC": {
                    "field": "생명",
                    "large_category": "LA",
                    "medium_category": "99"
                },
                "context": "<h2>비타민 함량</h2> <p>야콘 분말의 비타민 A, C, E의 함량을 분석한 결과는 Table 6과 같다. 항산화 비타민인 A, C 및 E의 함량은 각각 \\( 0.057 \\mathrm{mg} \\%, 0.670 \\mathrm{mg} \\% \\) 및 \\( 0.001 \\mathrm{mg} \\% \\) 로 비타민 C를 제외하고는 미량 검출되었으며, 비타민 C의 함량이 가장 높게 나타났다. Lee 등은 야콘의 생괴근과 15일 후숙된 괴근의 비타민 C의 함량은 각각 \\( 2.77 \\mathrm{mg} \\% \\) 와 \\( 2.87 \\mathrm{mg} \\% \\)로 건조 후 함량이 조금 증가하였고, 항산화 활성이 있으며 암을 비롯한 각종 성인병에 효과가 있는 것으로 알려져 있는 비타민 A의 전구체인 \\( \\beta \\)-carotene의 함량은 각각 \\( 0.40 \\mu \\mathrm{g} \\% \\) 와 \\( 0.55 \\mu \\mathrm{g} \\% \\) 이었다고 보고하였다. Kim 등이 보고한 자색고구마의 비타민 함량은 일반 황색고구마보다 대체로 높았고, 특히 자색고구마의 비타민 C 함량은 \\( 63.4 \\mathrm{mg} \\% \\) 로써 일반 황색고구마 \\( 48.70 \\mathrm{mg} \\% \\)에 비하여 높았다고 보고하였다. 또한 토란에 존재하는 비타민은 주로 비타민 C가 \\( 86 \\% \\) 이며, 나머지는 비타민 \\( \\mathrm{B}_{1}, \\mathrm{~B}_{2} \\), nia-in 등이라고 보고되었다. 수용성 비타민인 비타민 \\( \\mathrm{B}_{1}, \\mathrm{~B}_{2} \\),niacin 및 C 함량은 환경요인, 품종에 따라 다양하며, 특히 비타민 C는 열과 산소에 민감하고 ascorbic acid oxi- dase에 의해 쉽게 dehydroascorbic acid로 전환되므로 가공 시 유의해야 될 것으로 사료된다.</p> <h2>무기질 함량</h2> <p>야콘 분말의 무기질 함량은 Table 7과 같다. 총 5종의 무기질 성분이 검출되었으며, 이 중 \\( \\mathrm{K} \\) 함량이 \\( 414.56 \\mathrm{mg} \\% \\) 로 가장 많이 검출되었다. 다음으로 \\( \\mathrm{Na}, \\mathrm{Ca}, \\mathrm{Mg} \\) 순이었고 \\( \\mathrm{Zn} \\) 의 함량은 미량 함유하는 것으로 나타났다. 야콘과 주요 숙근작물의 무기질 성분을 비교한 연구에 의하면 야콘의 \\( \\mathrm{Ca} \\) 함량은 고구마, 토란과 비슷하고 돼지감자보다는 낮았으며, 감자와 우엉보다는 높았고, \\( \\mathrm{Na} \\) 함량은 고구마나 우엉과 비슷한 함량이었고 토란에 비해서는 매우 적은 양이었지만 돼지감자와 감자에 비하여 1.2~2배 높았다고 보고하였다. 자색고구마의 무기질 함량은 \\( \\mathrm{K~} 1,200 \\mathrm{mg} \\% \\), \\( \\mathrm{Mg} 120.4 \\mathrm{mg} \\%, \\mathrm{Ca} 98.2 \\mathrm{mg} \\% \\) 및 \\( \\mathrm{Na} 55 \\mathrm{mg} \\% \\) 등 이었고, 일반 황색고구마는 \\( \\mathrm{K~} 1,330 \\mathrm{mg} \\% \\), \\( \\mathrm{Mg} \\)\\( 137.5 \\mathrm{mg} \\%, \\mathrm{Na} 97.5 \\mathrm{mg} \\% \\) 및 \\( \\mathrm{Ca} 89.3 \\mathrm{mg} \\% \\) 등 이었다고 보고하여 야콘과 고구마의 주요 무기질 조성은 비슷하였으나 야콘의 무기질 함량이 더 낮은 것으로 나타났다. 토란의 무기질 조성은 \\( \\mathrm{K} \\) 함량이 \\( 591 \\mathrm{mg} \\) 로 가장 높았고, 다음으로 \\( \\mathrm{P} \\),\\( \\mathrm{Ca}, \\mathrm{Mg}, \\mathrm{Na} \\) 순으로 검출되었다고 보고되었다. Chang과 Lee의 국내산 식용 지하 부위 채소 9종의 무기질 성분 분석 결과에 의하면 모든 시료에서 가장 많이 함유된 무기질 성분은 \\( \\mathrm{K} \\) 이었고 \\( \\mathrm{P}, \\mathrm{Ca}, \\mathrm{Mg} \\) 순으로 많이 함유되었다고 보고하였으며 이 결과는 야콘의 무기질 조성과도 유사한 것을 알 수 있었다.</p>",
                "context_length": 2124,
                "clue": [
                    {
                        "clue_text": "야콘 분말의 비타민 A, C, E의 함량을 분석한 결과는 Table 6과 같다.",
                        "clue_start": "19",
                        "clue_end": "63"
                    },
                    {
                        "clue_text": "항산화 비타민인 A, C 및 E의 함량은 각각 \\( 0.057 \\mathrm{mg} \\%, 0.670 \\mathrm{mg} \\% \\) 및 \\( 0.001 \\mathrm{mg} \\% \\) 로 비타민 C를 제외하고는 미량 검출되었으며, 비타민 C의 함량이 가장 높게 나타났다.",
                        "clue_start": "64",
                        "clue_end": "216"
                    },
                    {
                        "clue_text": "야콘 분말의 무기질 함량은 Table 7과 같다. 총 5종의 무기질 성분이 검출되었으며, 이 중 \\( \\mathrm{K} \\) 함량이 \\( 414.56 \\mathrm{mg} \\% \\) 로 가장 많이 검출되었다.",
                        "clue_start": "960",
                        "clue_end": "1077"
                    },
                    {
                        "clue_text": "다음으로 \\( \\mathrm{Na}, \\mathrm{Ca}, \\mathrm{Mg} \\) 순이었고 \\( \\mathrm{Zn} \\) 의 함량은 미량 함유하는 것으로 나타났다.",
                        "clue_start": "1078",
                        "clue_end": "1173"
                    }
                ],
                "terminology": [
                    {
                        "word": "ascorbic acid oxi- dase"
                    },
                    {
                        "word": "dehydroascorbic acid"
                    },
                    {
                        "word": "괴근"
                    },
                    {
                        "word": "무기질"
                    },
                    {
                        "word": "숙근작물"
                    },
                    {
                        "word": "시료"
                    },
                    {
                        "word": "야콘"
                    },
                    {
                        "word": "야콘 분말"
                    },
                    {
                        "word": "토란"
                    },
                    {
                        "word": "항산화"
                    },
                    {
                        "word": "항산화 활성"
                    },
                    {
                        "word": "활성"
                    },
                    {
                        "word": "후숙된 괴근"
                    }
                ]
            },
            {
                "context_id": "55e-0c9-4c181008-20a7-4441-8ff7-d1bb5e8a28c5",
                "context_K-NSCC": {
                    "field": "생명",
                    "large_category": "LA",
                    "medium_category": "99"
                },
                "context": "<h2>지방산 분석</h2> <p>지방산 분석은 A.O.A.C. 방법에 따라 시료 \\( 5 \\mathrm{~g} \\) 을 warm-ing blender에 넣고 chloroform \\( 10 \\mathrm{ml} \\) 와 methanol \\( 20 \\mathrm{ml} \\) 을 가하고 2분간 균질화한 다음 chloroform \\( 10 \\mathrm{ml} \\) 을 더 가한 후 30초간 균질화 하였다. 여과 후 30분간 방치한 후 상층을 제거하고 무수 \\( \\mathrm{Na}_{2} \\mathrm{SO}_{4} \\) 를 가하여 탈수한 다음 rotary vacuum evaporator로 감압 농축하였다. 지방 \\( 100 \\mathrm{mg} \\) 을 toluene \\( 5 \\mathrm{ml} \\)에 용해하고 Wungaarden의 방법에 따라 \\( \\mathrm{BF}_{3} \\).methanol로 메칠화 하여 Gas Chromatography (GC-10A, Shimadzu, Kyoto, Japan)로 분석하였으며, 기기 분석조건은 column은 \\( \\mathrm{SP}^{\\mathrm{TM}}-2560 \\) capillary column \\( (100 \\mathrm{~mm} \\) length \\( \\times 0.25 \\mathrm{~mm} \\) i.d. \\( \\times 0.25 \\mu \\mathrm{m} \\) film thickness)을 사용하였고, column 온도는 \\( 170^{\\circ} \\mathrm{C} \\) 에서 5분간 유지한 후 \\( 250^{\\circ} \\mathrm{C} \\) 까지 \\( 4^{\\circ} \\mathrm{C} / \\mathrm{min} \\) 로 승온하였다. Injection 및 detector 온도는 \\( 270^{\\circ} \\mathrm{C} \\) 로 하였고, \\( \\mathrm{N}_{2} \\) flow rate는 \\( 0.6 \\mathrm{ml} / \\mathrm{min} \\) (split ratio=80:1)으로 하여 분석하였다.</p> <h2>유기산 분석</h2> <p>유기산 분석은 A.O.A.C. 방법에 따라 마쇄한 시료 \\( 1 \\mathrm{~g} \\) 에 증류수 \\( 50 \\mathrm{ml} \\) 를 가하여 \\( 80^{\\circ} \\mathrm{C} \\) 수조에서 4시간 가열한 다음 Whatman filter paper (No. 2)로 여과하고, 여액을 rotary vac-uum evaporator로 감압 농축한 후 증류수로 \\( 10 \\mathrm{ml} \\) 로 정용하여 Ion Chromatography (DX-600, Dionex, USA)로 분석하였으며, 분석조건은 검출기는 Photodiode array detector (M990, Waters, MA, USA), column은 Supelcogeltm C-610H column \\( (300 \\times 3.9 \\mathrm{~mm}, 4 \\mu \\mathrm{m}) \\) 을 이용하여 실시하였다. 이 외의 분석조건으로는 wavelength는 \\( 200 \\sim 300 \\mathrm{~nm} \\) (main \\( 210 \\mathrm{~nm} \\) ), flow rate는 \\( 0.5 \\mathrm{ml} / \\mathrm{min} \\), injection volume은 \\( 15 \\mu \\mathrm{l} \\), 이동상은 \\( 0.1 \\% \\) phosphoric acid를 각각 사용하였다.</p> <h2>비타민 분석</h2> <p>비타민 A, C 및 E 분석은 식품공전법의 시험방법을 기준으로 수행하였다. 시료 \\( 0.5 \\mathrm{~g} \\), 아스코르빈산 \\( 0.1 \\mathrm{~g} \\) 및 에탄올 \\( 5 \\mathrm{ml} \\) 를 취하여 \\( 80^{\\circ} \\mathrm{C} \\) 에서 10분간 가열한 후 \\( 50 \\% \\mathrm{KOH} \\) 용액\\( 0.25 \\mathrm{ml} \\) 을 첨가하고, 같은 온도에서 20분간 가열한 다음 증류수 \\( 24 \\mathrm{ml} \\) 와 hexane \\( 5 \\mathrm{ml} \\) 를 가하여 \\( 1,150 \\times g \\) 에서 20분간 원심분리하였다. 상징액을 분리 후 hexane \\( 40 \\mathrm{ml} \\) 를 가하고 원심분리하여 상징액을 분리한 다음 증류수를 가해 10분간 방치 후 하층을 제거하였다. 이 과정을 3회 반복한 후 전 용액을 합하여 무수 \\( \\mathrm{Na}_{2} \\mathrm{SO}_{4} \\) 로 탈수하고 rotary vacuum evaporator로 hexane을 \\( 3 \\mathrm{ml} \\) 까지 감압-농축한 후 HPLC (LC-10AVP, Shimadzu, Kyoto, Japan)로 분석하였으며, 분석조건으로 col-umn은 shim-pack GLC-ODS (M) \\( 25 \\mathrm{~cm} \\) 을 사용하였고, 비타민 A와 비타민 E 분석을 위한 detector는 SPD-10A (UV-VIS detector \\( 254 \\mathrm{~nm} \\) )와 RF-10A (Spectrofluorometric detector)를 각각 사용하였다. 비타민 C 함량은 각 추출물을 \\( 0.2 \\mu \\mathrm{m} \\mathrm{mem} \\) -brane filter로 여과하여 HPLC (Young-Rin Associates, Seoul, Korea)로 분석하였으며, 분석조건으로 column은 \\( \\mu \\) Bondapak \\( \\mathrm{C}_{18}(3.9 \\times 300 \\mathrm{~mm}, 10 \\mu \\mathrm{m}) \\) 을 사용하였고, 유속은 solvent 30 \\( \\mathrm{ml} / \\mathrm{hr} \\), ningydrin \\( 20 \\mathrm{ml} / \\mathrm{hr} \\) 이고, 압력은 solvent \\( 55 \\mathrm{bar} \\), nin-hydrin 12 bar이었다.</p>",
                "context_length": 2959,
                "clue": [
                    {
                        "clue_text": "지방산 분석은 A.O.A.C. 방법에 따라 시료 \\( 5 \\mathrm{~g} \\) 을 warm-ing blender에 넣고 chloroform \\( 10 \\mathrm{ml} \\) 와 methanol \\( 20 \\mathrm{ml} \\) 을 가하고 2분간 균질화한 다음 chloroform \\( 10 \\mathrm{ml} \\) 을 더 가한 후 30초간 균질화 하였다.",
                        "clue_start": "19",
                        "clue_end": "225"
                    },
                    {
                        "clue_text": "여과 후 30분간 방치한 후 상층을 제거하고 무수 \\( \\mathrm{Na}_{2} \\mathrm{SO}_{4} \\) 를 가하여 탈수한 다음 rotary vacuum evaporator로 감압 농축하였다.",
                        "clue_start": "226",
                        "clue_end": "340"
                    },
                    {
                        "clue_text": "유기산 분석은 A.O.A.C. 방법에 따라 마쇄한 시료 \\( 1 \\mathrm{~g} \\) 에 증류수 \\( 50 \\mathrm{ml} \\) 를 가하여 \\( 80^{\\circ} \\mathrm{C} \\) 수조에서 4시간 가열한 다음 Whatman filter paper (No. 2)로 여과하고, 여액을 rotary vac-uum evaporator로 감압 농축한 후 증류수로 \\( 10 \\mathrm{ml} \\) 로 정용하여 Ion Chromatography (DX-600, Dionex, USA)로 분석하였으며, 분석조건은 검출기는 Photodiode array detector (M990, Waters, MA, USA), column은 Supelcogeltm C-610H column \\( (300 \\times 3.9 \\mathrm{~mm}, 4 \\mu \\mathrm{m}) \\) 을 이용하여 실시하였다.",
                        "clue_start": "1036",
                        "clue_end": "1487"
                    },
                    {
                        "clue_text": "비타민 A, C 및 E 분석은 식품공전법의 시험방법을 기준으로 수행하였다.",
                        "clue_start": "1737",
                        "clue_end": "1778"
                    },
                    {
                        "clue_text": "시료 \\( 0.5 \\mathrm{~g} \\), 아스코르빈산 \\( 0.1 \\mathrm{~g} \\) 및 에탄올 \\( 5 \\mathrm{ml} \\) 를 취하여 \\( 80^{\\circ} \\mathrm{C} \\) 에서 10분간 가열한 후 \\( 50 \\% \\mathrm{KOH} \\) 용액\\( 0.25 \\mathrm{ml} \\) 을 첨가하고, 같은 온도에서 20분간 가열한 다음 증류수 \\( 24 \\mathrm{ml} \\) 와 hexane \\( 5 \\mathrm{ml} \\) 를 가하여 \\( 1,150 \\times g \\) 에서 20분간 원심분리하였다.",
                        "clue_start": "1779",
                        "clue_end": "2083"
                    }
                ],
                "terminology": [
                    {
                        "word": "A.O.A.C."
                    },
                    {
                        "word": "A.O.A.C. 방법"
                    },
                    {
                        "word": "Gas Chromatography"
                    },
                    {
                        "word": "HPLC"
                    },
                    {
                        "word": "Ion Chromatography"
                    },
                    {
                        "word": "Photodiode array detector"
                    },
                    {
                        "word": "Whatman filter paper"
                    },
                    {
                        "word": "blender"
                    },
                    {
                        "word": "capillary column"
                    },
                    {
                        "word": "chloroform"
                    },
                    {
                        "word": "flow rate"
                    },
                    {
                        "word": "hexane"
                    },
                    {
                        "word": "injection volume"
                    },
                    {
                        "word": "methanol"
                    },
                    {
                        "word": "phosphoric acid"
                    },
                    {
                        "word": "rotary vac-uum evaporator"
                    },
                    {
                        "word": "rotary vacuum evaporator"
                    },
                    {
                        "word": "solvent"
                    },
                    {
                        "word": "toluene"
                    },
                    {
                        "word": "wavelength"
                    },
                    {
                        "word": "감압 농축"
                    },
                    {
                        "word": "감압-농축"
                    },
                    {
                        "word": "검출기"
                    },
                    {
                        "word": "마쇄"
                    },
                    {
                        "word": "메칠화"
                    },
                    {
                        "word": "비타민 A"
                    },
                    {
                        "word": "비타민 C"
                    },
                    {
                        "word": "비타민 E"
                    },
                    {
                        "word": "승온"
                    },
                    {
                        "word": "시료"
                    },
                    {
                        "word": "식품공전법"
                    },
                    {
                        "word": "아스코르빈산"
                    },
                    {
                        "word": "에탄올"
                    },
                    {
                        "word": "여액"
                    },
                    {
                        "word": "원심분리"
                    },
                    {
                        "word": "유기산"
                    },
                    {
                        "word": "유기산 분석"
                    },
                    {
                        "word": "이동상"
                    },
                    {
                        "word": "정용"
                    },
                    {
                        "word": "증류수"
                    },
                    {
                        "word": "지방산"
                    },
                    {
                        "word": "지방산 분석"
                    }
                ]
            },
            {
                "context_id": "55e-0c9-d1532ad1-eac1-4ad6-a435-9d8d033658b8",
                "context_K-NSCC": {
                    "field": "생명",
                    "large_category": "LA",
                    "medium_category": "99"
                },
                "context": "<h2>지방산 조성</h2> <p>야콘 분말의 지방산 조성은 Table 4와 같다. 구성 지방산 중 포화지방산인 palmitic acid (\\(\\mathrm{C}16:0\\))와 lauric acid (\\(\\mathrm{C}12:0\\)) 2종류의 지방산만 각각 \\( 51.72 \\%, 48.28 \\% \\) 검출되었으며, 불포화 지방산은 검출되지 않았다. 2품종 고구마의 지방산 함량을 분석한 Kim 등의 연구 결과 자색고구마의 조지방 함량 \\( 0.84 \\% \\) 중 지방산 조성은 palmitic acid \\( 49.9 \\% \\), linoleic acid \\( 37.3 \\% \\), linolenic acid \\( 8.5 \\% \\) 및 stearic acid \\( 1.4 \\% \\) 등이었고, 엷은 황색 고구마는 조지방 함량 \\( 0.56 \\% \\) 중 linoleic acid \\( 64.3 \\% \\), palmitic acid \\( 17.5 \\% \\), linolenic acid \\( 9.2 \\% \\), stearic acid \\( 5.2 \\% \\) 및 oleic acid \\( 1.3 \\% \\) 등의 지방산 조성을 나타내었다고 보고하였다. 한국산 마의 경우 긴마와 단마 모두 linoleic acid가 각각 \\( 44.0 \\% \\)와 \\( 45.0 \\% \\)로 가장 많은 부분을 차지하고 있었으며, palmitic acid는 각각 \\( 26.2 \\% \\)와 \\( 30.1 \\% \\)였으며, 다음으로 oleic acid, linolenic acid 등의 순으로 보고되었다. 또한 Han 등은 연근과 우엉의 지방산 조성을 분석한 결과 linoleic acid가 각각 \\( 44.6 \\% \\) 와 \\( 65.2 \\% \\) 로 가장 많았고, palmitic acid는 각각 \\( 37.6 \\% \\)와 \\( 27.7 \\% \\)였으며, 다음으로 oleic acid, stearic acid 등의 순으로 보고하였으며, 토란의 경우 주된 지방산은 linoleic acid \\( 45.0 \\% \\), palmitic acid \\(22.7\\%\\), oleic acid \\( 6.8 \\% \\), linolenic acid \\( 7.3 \\% \\) 였다고 보고되었다. 따라서 대부분의 근채류들은 지방산 조성 및 함량의 차이는 있지만 주요지방산은 palmitic acid와 linoleic acid로 총 지방산의 \\( 70 \\% \\) 이상을 차지하는 것으로 사료된다. 그러나 본 실험에서는 야콘의 구성 지방산 중 포화지방산인 palmitic acid와 lauric acid 2종만 검출되고 불포화지방산은 검출되지 않아 불포화지방산에 의한 지방의 산패가 방지되어 식품 가공 시 지방의 산패로 일어나는 이취 발생이 적어 야콘의 저장 및 가공이 다른 근채류에 비하여 유리할 것으로 사료된다.</p> <h2>유기산 조성</h2> <p>야콘 분말의 유기산 함량은 Table 5와 같다. 총 3종의 유기산이 검출되었으며, 이 중 oxalic acid가 \\( 2519.29 \\mathrm{mg} / l \\) 로 가장 많았고, 다음으로 benzoic acid \\( 1,895.17 \\mathrm{mg} / l \\), formic acid \\( 247.84 \\mathrm{mg} / l \\)순이었다. 고구마의 경우 malic acid가 \\( 370 \\mathrm{mg} \\% \\)로 가장 많았고, 다음으로 tartaric acid \\( 150 \\mathrm{mg} \\% \\), oxalic acid \\( 20 \\mathrm{mg} \\% \\) 순으로 보고되었으며, 토란의 경우는 malic acid가 \\( 60 \\% \\) 이상이었으며, oxalic acid는 \\( 15 \\% \\) 이상 함유하고 있다고 보고되었다. 따라서 근채류들의 유기산 조성은 각기 다른 것으로 판단되며, 본 실험에서 가장 많이 검출된 oxalic acid는 체내에서 무기질과 결합하여 흡수를 저해시켜 무기질의 생체 내 이용도를 낮추는 산으로 알려져 야콘의 육종과정에서 함량이 낮은 품종 선발이 요구되며, 가공 시 제거를 충분히 고려해야 할 것으로 생각된다.</p>",
                "context_length": 2016,
                "clue": [
                    {
                        "clue_text": "따라서 대부분의 근채류들은 지방산 조성 및 함량의 차이는 있지만 주요지방산은 palmitic acid와 linoleic acid로 총 지방산의 \\( 70 \\% \\) 이상을 차지하는 것으로 사료된다.",
                        "clue_start": "1094",
                        "clue_end": "1204"
                    },
                    {
                        "clue_text": "그러나 본 실험에서는 야콘의 구성 지방산 중 포화지방산인 palmitic acid와 lauric acid 2종만 검출되고 불포화지방산은 검출되지 않아 불포화지방산에 의한 지방의 산패가 방지되어 식품 가공 시 지방의 산패로 일어나는 이취 발생이 적어 야콘의 저장 및 가공이 다른 근채류에 비하여 유리할 것으로 사료된다.",
                        "clue_start": "1205",
                        "clue_end": "1382"
                    },
                    {
                        "clue_text": "따라서 근채류들의 유기산 조성은 각기 다른 것으로 판단되며, 본 실험에서 가장 많이 검출된 oxalic acid는 체내에서 무기질과 결합하여 흡수를 저해시켜 무기질의 생체 내 이용도를 낮추는 산으로 알려져 야콘의 육종과정에서 함량이 낮은 품종 선발이 요구되며, 가공 시 제거를 충분히 고려해야 할 것으로 생각된다.",
                        "clue_start": "1837",
                        "clue_end": "2012"
                    }
                ],
                "terminology": [
                    {
                        "word": "Han"
                    },
                    {
                        "word": "benzoic acid"
                    },
                    {
                        "word": "formic acid"
                    },
                    {
                        "word": "lauric acid"
                    },
                    {
                        "word": "linoleic acid"
                    },
                    {
                        "word": "linolenic acid"
                    },
                    {
                        "word": "malic acid"
                    },
                    {
                        "word": "oleic acid"
                    },
                    {
                        "word": "oxalic acid"
                    },
                    {
                        "word": "palmitic acid"
                    },
                    {
                        "word": "stearic acid"
                    },
                    {
                        "word": "tartaric acid"
                    },
                    {
                        "word": "근채류"
                    },
                    {
                        "word": "무기질"
                    },
                    {
                        "word": "불포화 지방산"
                    },
                    {
                        "word": "불포화지방산"
                    },
                    {
                        "word": "야콘"
                    },
                    {
                        "word": "야콘 분말"
                    },
                    {
                        "word": "유기산"
                    },
                    {
                        "word": "이취"
                    },
                    {
                        "word": "조지방"
                    },
                    {
                        "word": "주요지방산"
                    },
                    {
                        "word": "지방산"
                    },
                    {
                        "word": "토란"
                    },
                    {
                        "word": "포화지방산"
                    }
                ]
            },
            {
                "context_id": "55e-0c9-4ca4a52a-d690-43bc-9a01-4a97a6f5dc89",
                "context_K-NSCC": {
                    "field": "생명",
                    "large_category": "LA",
                    "medium_category": "99"
                },
                "context": "<h2>구성당 조성</h2> <p>야콘 분말의 구성당은 rhamnose, galactose, glucose, fruc-tose, ribose, lactose를 분석하였는데 Table 2에서와 같이 총 2종의 유리당이 검출되었으며, 이중 fructose와 glucose가 각각 \\( 1,320.84 \\mathrm{mg} / \\mathrm{l} \\) 와 \\( 1,283.70 \\mathrm{mg} / \\mathrm{l} \\) 검출되었다. 이 결과는 야콘 괴근의 주요한 구성당 성분은 fructose와 glucose라는 보고와 일치하였다. 또한 농림수산식품부가 보고한 야콘 괴근의 유리당 함량은 단당류로써 fructose와 glucose, 이당류로써 sucrose가 검출되었는데, 그 양은 각각 \\( 154 \\mathrm{mg} / \\mathrm{g}, 79 \\mathrm{mg} / \\mathrm{g} \\) 및 \\( 59 \\mathrm{mg} / \\mathrm{g} \\) 으로써 단당류의 양이 많았고, 특히 fructose는 su-crose에 비하여 2.6배를 함유하고 있다고 보고되었다.</p> <p>한편 근채류인 마의 구성당 조성은 fructose, glucose, su-crose만으로 구성되어 있고, fructose와 glucose 함량이 \\( 80 \\% \\) 이상이었다고 보고하여 마의 구성당은 야콘의 구성당 조성과 비슷한 것으로 판단된다. 연근의 경우 총 유리당 함량 \\( 56.1 \\% \\) 중 fructose \\( 12.9 \\% \\), glucose \\( 11.4 \\% \\), sucrose \\( 31.8 \\% \\) 로 su-crose 함량이 가장 높았고, 우엉에는 glucose가 검출되지 않았으며, fructose와 sucrose는 각각 \\( 5.3 \\% \\) 와 \\( 4.5 \\% \\) 로 비슷한 함량을 나타내었다고 보고되었다. 또한 Lee 등은 고구마의 경우 총 유리당 함량 6\\% 중 fructose \\( 0.42 \\% \\), glucose \\( 0.49 \\% \\), sucrose \\( 5.09 \\% \\) 로 연근과 마찬가지로 sucrose 함량이 가장 높았다고 보고하였다. 따라서 대부분 근채류의 괴근에는 fructose, glucose, sucrose가 주요한 구성당으로 그 함량의 차이는 근채류마다 차이를 보이며 수확시기 등에 의하여 영향을 받을 것으로 사료된다.</p> <h2>아미노산 조성</h2> <p>야콘 분말의 구성 아미노산 함량은 3과 같다. 총 18종의 아미노산이 검출되었으며 총 아미노산 함량은 \\( 503.36 \\mathrm{mg} \\) 였다. 구성 아미노산의 경우 glutamic acid 함량이 \\( 123.12 \\mathrm{mg} \\% \\)로 가장 높았고, 다음으로 aspartic acid, proline, arginine, alanine, valine, histidine, lysine 순이었다. 이 결과는 야콘 괴근의 유리질소 화합물량을 분석한 결과 asparagine, gluta-mic acid, proline, arginine 4종류의 아미노산이 비교적 많이 함유되어 있다는 연구 결과와 유사하였다. 구성 아미노산 중 필수아미노산은 \\( 132.82 \\mathrm{mg} \\% \\)로 valine, histidine, lysine, leucine, threonine, isoleucine, phenylalanine, methionine 순이었으며 총 아미노산에 대한 필수아미노산의 비율은 \\( 28.40 \\% \\) 로 나타났다. 따라서 야콘에는 인체 대사에서 필수적인 9종 아미노산 중 8종이 함유되어 있어 좋은 필수아미노산 영양원으로 이용될 수 있을 것으로 생각된다. 야콘의 생괴근과 15일 후숙된 괴근의 아미노산 함량은 각각 \\( 62.70 \\mathrm{mg} \\% \\), \\( 115.10 \\mathrm{mg} \\% \\)로 후숙된 괴근에서의 유리아미노산 함량이 생괴근보다 전체적으로 높게 나타나 수분 증발에 의한 함량의 증가도 있겠지만 아미노산들의 생리대사에 의한 증가도 있을 것이라고 하였고, 생괴근과 후숙된 괴근 모두 isoleucine 함량이 가장 높아 본 실험결과와 차이를 보였다. 또한 숙성 후의 괴근에는 맛 성분에 관여하는 threonine, glutamic acid 및 lysine이 다량 함유되어 있어 맛을 증진한다고 보고되었다. 근채류인 고구마의 구성 아미노산 중 필수아미노산을 포함한 18종의 아미노산을 분석한 결과 총 아미노산은 1,846 \\( \\mathrm{mg} \\% \\) 검출되었고 총 아미노산 중 필수아미노산의 비율은 \\( 47.02 \\% \\) 로 나타났다고 보고되어, 야콘은 총 아미노산 함량뿐만 아니라 필수아미노산의 비율도 고구마보다 낮은 것으로 나타났으며, 고구마의 구성 아미노산 중 다량으로 함유된 아미노산은 glutamic acid, aspartic acid, leucine, lysine으로 야콘의 주요 구성 아미노산과 유사하였다. 본 실험에서는 야콘의 구성 아미노산 중 단맛을 내는 아미노산인 glutamic acid, serine, threonine, alanine, valine, lysine 등의 함량은 \\( 45.92 \\% \\) 였으며, 쓴맛을 내는 아미노산인 arginine, phenylalanine, leucine의 함량은 \\( 13.99 \\% \\) 로 야콘에는 단맛을 내는 아미노산이 쓴맛을 내는 아미노산에 비하여 3.3배 높게 나타났다. 그러나 Han 등은 우엉의 경우 단맛을 내는 아미노산 함량은 \\( 31.9 \\% \\), 쓴맛을 내는 아미노산 함량은 \\( 39.4 \\% \\) 로 우엉은 쓴맛을 내는 아미노산 함량이 많아 쓴맛 성분이 더 우세하며, 이는 우엉이 미약한 쓴맛을 나타내었다는 연구 결과와 일치한다고 보고하였다.</p>",
                "context_length": 2830,
                "clue": [
                    {
                        "clue_text": "야콘 분말의 구성당은 rhamnose, galactose, glucose, fruc-tose, ribose, lactose를 분석하였는데 Table 2에서와 같이 총 2종의 유리당이 검출되었으며, 이중 fructose와 glucose가 각각 \\( 1,320.84 \\mathrm{mg} / \\mathrm{l} \\) 와 \\( 1,283.70 \\mathrm{mg} / \\mathrm{l} \\) 검출되었다.",
                        "clue_start": "19",
                        "clue_end": "242"
                    },
                    {
                        "clue_text": "따라서 대부분 근채류의 괴근에는 fructose, glucose, sucrose가 주요한 구성당으로 그 함량의 차이는 근채류마다 차이를 보이며 수확시기 등에 의하여 영향을 받을 것으로 사료된다.",
                        "clue_start": "1062",
                        "clue_end": "1170"
                    },
                    {
                        "clue_text": "이 결과는 야콘 괴근의 유리질소 화합물량을 분석한 결과 asparagine, gluta-mic acid, proline, arginine 4종류의 아미노산이 비교적 많이 함유되어 있다는 연구 결과와 유사하였다.",
                        "clue_start": "1428",
                        "clue_end": "1545"
                    },
                    {
                        "clue_text": "본 실험에서는 야콘의 구성 아미노산 중 단맛을 내는 아미노산인 glutamic acid, serine, threonine, alanine, valine, lysine 등의 함량은 \\( 45.92 \\% \\) 였으며, 쓴맛을 내는 아미노산인 arginine, phenylalanine, leucine의 함량은 \\( 13.99 \\% \\) 로 야콘에는 단맛을 내는 아미노산이 쓴맛을 내는 아미노산에 비하여 3.3배 높게 나타났다.",
                        "clue_start": "2429",
                        "clue_end": "2665"
                    },
                    {
                        "clue_text": "그러나 Han 등은 우엉의 경우 단맛을 내는 아미노산 함량은 \\( 31.9 \\% \\), 쓴맛을 내는 아미노산 함량은 \\( 39.4 \\% \\) 로 우엉은 쓴맛을 내는 아미노산 함량이 많아 쓴맛 성분이 더 우세하며, 이는 우엉이 미약한 쓴맛을 나타내었다는 연구 결과와 일치한다고 보고하였다.",
                        "clue_start": "2666",
                        "clue_end": "2826"
                    }
                ],
                "terminology": [
                    {
                        "word": "Han"
                    },
                    {
                        "word": "arginine"
                    },
                    {
                        "word": "aspartic"
                    },
                    {
                        "word": "fructose"
                    },
                    {
                        "word": "glucose"
                    },
                    {
                        "word": "glutamic acid"
                    },
                    {
                        "word": "isoleucine"
                    },
                    {
                        "word": "lactose"
                    },
                    {
                        "word": "leucine"
                    },
                    {
                        "word": "lysine"
                    },
                    {
                        "word": "methionine"
                    },
                    {
                        "word": "rhamnose"
                    },
                    {
                        "word": "su-crose"
                    },
                    {
                        "word": "sucrose 함량"
                    },
                    {
                        "word": "구성 아미노산"
                    },
                    {
                        "word": "근채류"
                    },
                    {
                        "word": "단당류"
                    },
                    {
                        "word": "마"
                    },
                    {
                        "word": "생괴근"
                    },
                    {
                        "word": "생리대사"
                    },
                    {
                        "word": "아미노산 조성"
                    },
                    {
                        "word": "야콘"
                    },
                    {
                        "word": "야콘 분말"
                    },
                    {
                        "word": "연근"
                    },
                    {
                        "word": "유리당"
                    },
                    {
                        "word": "유리당 함량"
                    },
                    {
                        "word": "유리아미노산 함량"
                    },
                    {
                        "word": "이당류"
                    },
                    {
                        "word": "필수아미노산"
                    },
                    {
                        "word": "후숙된 괴근"
                    }
                ]
            },
            {
                "context_id": "55e-0c9-849b96bf-026e-4794-a1bc-9124a30e8487",
                "context_K-NSCC": {
                    "field": "생명",
                    "large_category": "LA",
                    "medium_category": "99"
                },
                "context": "<h1>결과 및 고찰</h1> <h2>일반성분 조성</h2> <p>본 실험에서 사용한 야콘 분말의 일반성분 함량은 Table 1과 같다. 일반성분은 건물량 기준(dry matter basis)으로 수분 함량 \\( 3.53 \\% \\), 조단백질 \\( 1.13 \\% \\), 조지방 \\( 0.40 \\% \\), 조회분 \\( 0.79 \\% \\), 식이섬유소 \\( 1.63 \\% \\) 및 탄수화물 \\( 92.52 \\% \\) 이었다. 야콘의 생괴근과 15일 후숙된 괴근의 일반성분을 Lee 등에 의하여 분석한 결과 수분 함량은 생괴근 \\( 89.52 \\% \\) 에서 후숙 후 \\( 86.99 \\% \\) 로 수분 감소는 적게 나타났고, 조단백질은 모두 \\( 0.04 \\% \\), 지방은 각각 \\( 0.31 \\%, 0.43 \\% \\), 회분은 각각 \\( 0.40 \\%, 0.42 \\% \\) 로써 큰 차이를 보이지 않았다. 본 실험 결과와 비교하였을 경우 수분 함량의 차이는 수분 함량 분석 시 건물량과 습량 기준에 따른 분석 차이이며, 다른 성분의 차이는 야콘의 품종, 산지, 수확년도, 생육환경 등의 차이로 기인된 것으로 사료된다. 같은 근채류에 속하는 마의 경우 수분 함량은 \\( 8.8 \\% \\), 조단백질 \\( 0.7 \\% \\), 조지방 \\( 0.4 \\% \\), 조회분 \\( 5.0 \\% \\) 및 탄수화물 \\( 85.1 \\% \\) 함유하고 있다고 보고되어 야콘이 마에 비하여 조회분 함량은 낮았으나, 조 단백질과 탄수화물의 함량은 높게 나타났다. 야콘과 비슷한 주요 숙근작물인 감자, 고구마 및 돼지감자의 일반성분을 비교 연구한 것에 의하면 야콘이 다른 숙근작물에 비하여 수분과 조지방 함량은 높고, 조단백질, 탄수화물 및 조회분 함량은 낮은 것으로 보고되었다. 고구마의 경우는 건물량 기준으로 수분 함량 \\( 5.00 \\% \\), 조단백질 \\( 2.80 \\% \\), 조지방 \\( 0.40 \\% \\), 조회분 \\( 3.70 \\% \\) 및 탄수화물 \\( 88.10 \\% \\) 함유하고 있는 것으로 보고되어 야콘은 고구마에 비하여 지방과 탄수화물 함량은 비슷하였으나, 조단백질 및 조회분의 함량은 낮은 것으로 나타났다. 토란의 경우 습량 기준으로 수분 함량 \\( 70.60 \\sim 88.10 \\% \\), 조단백질 \\( 1.20 \\sim 2.61 \\% \\), 조지방 \\( 0.20 \\sim 1.50 \\% \\), 조회분 \\( 0.90 \\sim 1.20 \\% \\) 및 탄수화물 \\( 7.80 \\sim 31.00 \\% \\)로 품종과 산지에 따라 일반성분의 변동 폭이 넓은 것으로 보고되었다. 또한 Han 등은 근채류에 속하는 연근과 야콘과 같은 국화과에 속하는 우엉의 일반성분을 분석한 결과 습량 기준으로 수분 함량은 각각 \\( 87.59 \\% \\) 와 \\( 78.37 \\% \\), 조단백질은 \\( 0.29 \\% \\) 와 \\( 0.98 \\% \\), 조지방은 \\( 0.05 \\% \\) 와 \\( 0.11 \\% \\), 조회분은 \\( 0.36 \\% \\) 와 \\( 0.27 \\% \\) 및 탄수화물은 \\( 11.71 \\% \\) 와 \\( 20.27 \\% \\) 함유하고 있는 것으로 보고하였다. 본 실험의 야콘의 식이섬유소 함량은 \\( 1.63 \\% \\) 검출되었는데, 농촌진흥청에서 보고한 야콘의 식이섬유소 함량은 습량기준으로 \\( 0.5 \\% \\)로써 고구마와 비슷하게 함유하고 있었으며, 감자보다는 낮았다고 보고하였다.</p>",
                "context_length": 1679,
                "clue": [
                    {
                        "clue_text": "본 실험 결과와 비교하였을 경우 수분 함량의 차이는 수분 함량 분석 시 건물량과 습량 기준에 따른 분석 차이이며, 다른 성분의 차이는 야콘의 품종, 산지, 수확년도, 생육환경 등의 차이로 기인된 것으로 사료된다.",
                        "clue_start": "451",
                        "clue_end": "569"
                    },
                    {
                        "clue_text": "야콘과 비슷한 주요 숙근작물인 감자, 고구마 및 돼지감자의 일반성분을 비교 연구한 것에 의하면 야콘이 다른 숙근작물에 비하여 수분과 조지방 함량은 높고, 조단백질, 탄수화물 및 조회분 함량은 낮은 것으로 보고되었다.",
                        "clue_start": "749",
                        "clue_end": "869"
                    },
                    {
                        "clue_text": "또한 Han 등은 근채류에 속하는 연근과 야콘과 같은 국화과에 속하는 우엉의 일반성분을 분석한 결과 습량 기준으로 수분 함량은 각각 \\( 87.59 \\% \\) 와 \\( 78.37 \\% \\), 조단백질은 \\( 0.29 \\% \\) 와 \\( 0.98 \\% \\), 조지방은 \\( 0.05 \\% \\) 와 \\( 0.11 \\% \\), 조회분은 \\( 0.36 \\% \\) 와 \\( 0.27 \\% \\) 및 탄수화물은 \\( 11.71 \\% \\) 와 \\( 20.27 \\% \\) 함유하고 있는 것으로 보고하였다.",
                        "clue_start": "1273",
                        "clue_end": "1546"
                    }
                ],
                "terminology": [
                    {
                        "word": "Han"
                    },
                    {
                        "word": "건물량 기준"
                    },
                    {
                        "word": "근채류"
                    },
                    {
                        "word": "생괴근"
                    },
                    {
                        "word": "숙근작물"
                    },
                    {
                        "word": "습량 기준"
                    },
                    {
                        "word": "식이섬유소"
                    },
                    {
                        "word": "야콘"
                    },
                    {
                        "word": "야콘 분말"
                    },
                    {
                        "word": "조단백질"
                    },
                    {
                        "word": "조지방"
                    },
                    {
                        "word": "조회분"
                    },
                    {
                        "word": "토란"
                    },
                    {
                        "word": "회분"
                    },
                    {
                        "word": "후숙된 괴근"
                    }
                ]
            },
            {
                "context_id": "55e-0c9-bb2f0576-c0ee-4bf7-84f6-74053a5df92f",
                "context_K-NSCC": {
                    "field": "생명",
                    "large_category": "LA",
                    "medium_category": "99"
                },
                "context": "<h2>무기질 분석</h2> <p>무기질 분석은 A.O.A.C. 방법에 따라 \\( 0.5 \\mathrm{~g}, 20 \\% \\mathrm{HNO}_{3} \\) \\( 10 \\mathrm{ml} \\) 및 \\( 60 \\% \\mathrm{HClO}_{4} 3 \\mathrm{ml} \\) 를 취하여 투명해질 때까지 가열한 후 \\( 0.5 \\mathrm{M} \\mathrm{HNO}_{3} \\) 으로 \\( 50 \\mathrm{ml} \\) 로 정용하였다. 분석항목별 표준용액을 혼합 후 다른 vial에 \\( 8 \\mathrm{ml} \\) 씩 취하여 표준용액으로 하였고 \\( 0.5 \\mathrm{M} \\mathrm{HNO} \\) 을 대조구로 하여 원자흡수분광광도계(AA-6501GS, Shimadzu, Kyoto, Japan)로 분석하였으며 분석조건은 다음과 같다. Acetylene flow rate는 \\( 2.01 / \\mathrm{min} \\), air flow rate는 \\( 13.51 / \\mathrm{min} \\) 의 조건으로 \\( \\mathrm{Ca}(422.7 \\mathrm{~nm}), \\mathrm{K}(766.5 \\mathrm{~nm}) \\), \\( \\mathrm{Zn}(213.9 \\mathrm{~nm}), \\mathrm{Mg}(285.2 \\mathrm{~nm}) \\), \\( \\mathrm{Mn}(285.2 \\mathrm{~nm}), \\mathrm{Na}(589.0 \\mathrm{~nm}) \\) \\( \\mathrm{Fe}(248.3 \\mathrm{~nm}), \\mathrm{Cu}(324.8 \\mathrm{~nm}) \\) 를 분석 정량하였다.</p> <h2>추출물의 조제</h2> <p>동결 건조한 야콘 분말 \\( 100 \\mathrm{~g} \\) 당 \\( 80 \\% \\) 에탄올 \\( 500 \\mathrm{ml} \\) 에 넣어 \\( 65^{\\circ} \\mathrm{C} \\) 에서 환류냉각관을 부착한 \\( 65^{\\circ} \\mathrm{C} \\) 의 heating mantle에서 3시간 동안 3회 추출한 다음 Whatman filter paper (No.2)로 여과하였다. 여액을 \\( 40^{\\circ} \\mathrm{C} \\) 수욕조상에서 rotary vacuum evap-orator로 용매를 제거하고 감압·농축한 후 동결 건조시켜 고형물 함량을 산출한 다음, 시료의 산화방지를 위하여 \\( -70^{\\circ} \\mathrm{C} \\)에 냉동 보관하면서 사용하였다. \\( 80 \\% \\) 야콘 에탄올 추출물을 Fig. 1과 같이 separating funnel에 의한 용매별 분획으로 n-hexane, chloroform, ethylacetate, n-butanol, water로 연속 추출한 후 각 분획물을 rotary vacuum evaporator로 감압- 농축한 다음 동결 건조시켜 항산화 활성 측정용 시료로 사용하였다.</p> <h2>항산화지수</h2> <p>항산화지수(antioxidant index,AI) 는 Joo 등의 방법에 의하여 Rancimat (Metrohm model 679, Herisan, Switzerland)을 이용하여 측정하였는데, 분획에 포함된 용매를 완전히 제거한 후 각 분획의 함량이 \\( 1,000 \\mathrm{ppm} \\) 이 되도록 soybean oil (Sigma Co., St. Louis, USA)에 첨가하고, 초음파(Ultrasonic processor, UCX-750, USA)를 이용하여 각각의 유기 용매 분획 시료와 유지가 잘 혼합되도록 하였다. Rancimat의 측정 조건은 시료 \\( 3.0 \\mathrm{~g} \\) 을 반응용기에 취하고 증류수 \\( 70 \\mathrm{ml} \\) 를 측정용기에 넣은 후 \\( 110^{\\circ} \\mathrm{C} \\) 에서 air flow rate \\( 20 \\mathrm{l} / \\mathrm{hr} \\) 로 하여 산화안정성을 비교하였다. 항산화지수는 분획물을 첨가한 실험군의 유도시간을 분획물을 첨가하지 않은 대조군의 유도시간으로 나눈 값을 구하였고, 모든 측정치는 3회 반복 실험하여 얻은 값의 평균치로 표시하였다. 기존의 상업용 항산화제인 BHT를 유지에 대해 첨가하여 양성대조군으로 비교 실험하였다.</p> <h2>아질산염 소거능</h2> <p>아질산염 소거능(nitrite scavenging ability, NSA) 측정은 Kato 등의 방법에 준하여 \\( 1 \\mathrm{mM} \\mathrm{NaNO}_{2} \\) 용액 \\( 1 \\mathrm{ml} \\) 에 추출물 시료 \\( 0.02 \\mathrm{ml} \\) 를 가하고 \\( 0.1 \\mathrm{~N} \\mathrm{HCl}(\\mathrm{pH} 1.2), 0.2 \\mathrm{M} \\) citrate phosphate buffer \\( (\\mathrm{pH} 4.2, \\mathrm{pH} \\) 6.0)로 각각 \\( \\mathrm{pH} \\) 를 보정한 다음 반응액의 부피를 \\( 10 \\mathrm{ml} \\) 로 정용하였다. 용액을 \\( 37^{\\circ} \\mathrm{C} \\) 에서 1 시간 반응시킨 후 \\( 1 \\mathrm{ml} \\) 씩 취하고 \\( 2 \\% \\) 초산 \\( 5 \\mathrm{ml} \\) 와 \\( 30 \\% \\) 초산에 용해한 Griess 시약(1\\% sulfanylic acid : \\( 1 \\% \\) naphthylamine \\( =1: 1) 0.4 \\mathrm{ml} \\) 를 가하여 15 분간 방치한 다음 \\( 520 \\mathrm{~nm} \\) 에서 흡광도를 측정하였다. 대조군은 증류수를 가하여 상기와 동일한 방법으로 측정하였으며, 아질산염 소거능은 추출물의 시료를 첨가하기 전과 후의 아질산염 백분율( \\( \\% \\))로 표시하였다.</p> <p>아질산염 소거율(\\%) \\( =1-\\frac{(A-C)}{B} \\times 100 \\)\\( \\mathrm{A}: 1 \\mathrm{mM} \\mathrm{NaNO} 2 \\) 용액에 분획을 첨가하여 1시간 방치시킨 후의 흡광도\\( \\mathrm{B}: \\mathrm{NaNO}_{2} \\) 용액의 흡광도\\( \\mathrm{C} \\) : 분획 자체의 흡광도</p> <h2>통계처리</h2> <p>본 실험은 독립적으로 3회 이상 반복 실시하여 얻은 결과로 결과는 실험군당 평균으로 나타내었고, SPSS 통계 package를 이용하여 일원배치 분산분석(one-way analysis of variance)을 한 후 \\( \\mathrm{p}<0.05 \\) 수준에서 Tukey's test에 의하여 각 실험군의 평균치간의 유의성을 검정하였다.</p>",
                "context_length": 3270,
                "clue": [
                    {
                        "clue_text": "무기질 분석은 A.O.A.C. 방법에 따라 \\( 0.5 \\mathrm{~g}, 20 \\% \\mathrm{HNO}_{3} \\) \\( 10 \\mathrm{ml} \\) 및 \\( 60 \\% \\mathrm{HClO}_{4} 3 \\mathrm{ml} \\) 를 취하여 투명해질 때까지 가열한 후 \\( 0.5 \\mathrm{M} \\mathrm{HNO}_{3} \\) 으로 \\( 50 \\mathrm{ml} \\) 로 정용하였다.",
                        "clue_start": "19",
                        "clue_end": "247"
                    },
                    {
                        "clue_text": "\\( 80 \\% \\) 야콘 에탄올 추출물을 Fig. 1과 같이 separating funnel에 의한 용매별 분획으로 n-hexane, chloroform, ethylacetate, n-butanol, water로 연속 추출한 후 각 분획물을 rotary vacuum evaporator로 감압- 농축한 다음 동결 건조시켜 항산화 활성 측정용 시료로 사용하였다.",
                        "clue_start": "1230",
                        "clue_end": "1432"
                    },
                    {
                        "clue_text": "아질산염 소거능(nitrite scavenging ability, NSA) 측정은 Kato 등의 방법에 준하여 \\( 1 \\mathrm{mM} \\mathrm{NaNO}_{2} \\) 용액 \\( 1 \\mathrm{ml} \\) 에 추출물 시료 \\( 0.02 \\mathrm{ml} \\) 를 가하고 \\( 0.1 \\mathrm{~N} \\mathrm{HCl}(\\mathrm{pH} 1.2), 0.2 \\mathrm{M} \\) citrate phosphate buffer \\( (\\mathrm{pH} 4.2, \\mathrm{pH} \\) 6.0)로 각각 \\( \\mathrm{pH} \\) 를 보정한 다음 반응액의 부피를 \\( 10 \\mathrm{ml} \\) 로 정용하였다.",
                        "clue_start": "2121",
                        "clue_end": "2485"
                    },
                    {
                        "clue_text": "본 실험은 독립적으로 3회 이상 반복 실시하여 얻은 결과로 결과는 실험군당 평균으로 나타내었고, SPSS 통계 package를 이용하여 일원배치 분산분석(one-way analysis of variance)을 한 후 \\( \\mathrm{p}<0.05 \\) 수준에서 Tukey's test에 의하여 각 실험군의 평균치간의 유의성을 검정하였다.",
                        "clue_start": "3076",
                        "clue_end": "3266"
                    },
                    {
                        "clue_text": "항산화지수(antioxidant index,AI) 는 Joo 등의 방법에 의하여 Rancimat (Metrohm model 679, Herisan, Switzerland)을 이용하여 측정하였는데, 분획에 포함된 용매를 완전히 제거한 후 각 분획의 함량이 \\( 1,000 \\mathrm{ppm} \\) 이 되도록 soybean oil (Sigma Co., St. Louis, USA)에 첨가하고, 초음파(Ultrasonic processor, UCX-750, USA)를 이용하여 각각의 유기 용매 분획 시료와 유지가 잘 혼합되도록 하였다.",
                        "clue_start": "1455",
                        "clue_end": "1754"
                    }
                ],
                "terminology": [
                    {
                        "word": "A.O.A.C."
                    },
                    {
                        "word": "A.O.A.C. 방법"
                    },
                    {
                        "word": "Acetylene"
                    },
                    {
                        "word": "BHT"
                    },
                    {
                        "word": "Griess 시약"
                    },
                    {
                        "word": "NSA"
                    },
                    {
                        "word": "Rancimat"
                    },
                    {
                        "word": "SPSS 통계 package"
                    },
                    {
                        "word": "Tukey's test"
                    },
                    {
                        "word": "Whatman filter paper"
                    },
                    {
                        "word": "acid"
                    },
                    {
                        "word": "air flow rate"
                    },
                    {
                        "word": "analysis of variance"
                    },
                    {
                        "word": "citrate phosphate buffer"
                    },
                    {
                        "word": "evap-orator"
                    },
                    {
                        "word": "heating mantle"
                    },
                    {
                        "word": "rotary vacuum evaporator"
                    },
                    {
                        "word": "scavenging"
                    },
                    {
                        "word": "separating funnel"
                    },
                    {
                        "word": "soybean oil"
                    },
                    {
                        "word": "vacuum evap-orator"
                    },
                    {
                        "word": "vial"
                    },
                    {
                        "word": "감압·농축"
                    },
                    {
                        "word": "검정"
                    },
                    {
                        "word": "고형물"
                    },
                    {
                        "word": "대조구"
                    },
                    {
                        "word": "대조군"
                    },
                    {
                        "word": "동결 건조"
                    },
                    {
                        "word": "무기질 분석"
                    },
                    {
                        "word": "반응액"
                    },
                    {
                        "word": "분석 정량"
                    },
                    {
                        "word": "분획물"
                    },
                    {
                        "word": "산화방지"
                    },
                    {
                        "word": "산화안정성"
                    },
                    {
                        "word": "소거율"
                    },
                    {
                        "word": "실험군"
                    },
                    {
                        "word": "아질산염 백분율"
                    },
                    {
                        "word": "아질산염 소거능"
                    },
                    {
                        "word": "야콘 분말"
                    },
                    {
                        "word": "야콘 에탄올"
                    },
                    {
                        "word": "양성대조군"
                    },
                    {
                        "word": "에탄올 추출물"
                    },
                    {
                        "word": "여과"
                    },
                    {
                        "word": "여액"
                    },
                    {
                        "word": "용해"
                    },
                    {
                        "word": "원자흡수분광광도계"
                    },
                    {
                        "word": "유기 용매 분획"
                    },
                    {
                        "word": "유도시간"
                    },
                    {
                        "word": "유의성"
                    },
                    {
                        "word": "일원배치 분산분석"
                    },
                    {
                        "word": "증류수"
                    },
                    {
                        "word": "초산"
                    },
                    {
                        "word": "추출물 시료"
                    },
                    {
                        "word": "통계처리"
                    },
                    {
                        "word": "평균치"
                    },
                    {
                        "word": "표준용액"
                    },
                    {
                        "word": "항산화 활성 측정용 시료"
                    },
                    {
                        "word": "항산화지수"
                    },
                    {
                        "word": "환류냉각관"
                    },
                    {
                        "word": "흡광도"
                    }
                ]
            }
        ]
    }
}