{
    "dataset_info": {
        "identifier": "02-031-002-NL",
        "name": "기술과학 문서 요약 데이터",
        "category": "자연어",
        "last_updated": "2023-08-30"
    },
    "dataset": {
        "doc_id": "8a2ae4d1-3d672185-6105-43bc-b3a7-144fc2525ccf",
        "doc_type": "논문",
        "doc_title": {
            "kor": "냉장저장중 사슴고기의 이화화적 성질의 변화",
            "eng": ""
        },
        "doc_category": {
            "KDC": "470.5",
            "DDC": ""
        },
        "doc_number": {
            "ISSN": "1225-9918",
            "ISBN": "",
            "DOI": "",
            "UCI": ""
        },
        "doc_year": "2005",
        "doc_author": [
            "신택순",
            "강한석",
            "김선구",
            "이길왕"
        ],
        "doc_publisher": "한국생명과학회",
        "doc_license": "CC BY",
        "context_info": [
            {
                "context_id": "55e-0c9-merge_la_8a2ae4d1-3d672185-6105-43bc-b3a7-144fc2525ccf_04",
                "context_K-NSCC": {
                    "field": "생명",
                    "large_category": "LA",
                    "medium_category": "01"
                },
                "context": "<p>대체로 저장초기의 \\( \\mathrm { pH } \\)가는 Wiklund 등(2001)이 -1.5 \\( ^ {\\circ } \\mathrm { C } \\)에서 1 주간 보관했을때 5.63 정도 였다는 보고보다도 낮게 나타나는 경향이었다.</p> <p>Pollard 등(1999)은 사슴의 도축전 심한 스트레스는 도축후 사슴고기의 \\( \\mathrm { pH } \\)를 증가시킨다고 보고하였고, Stevenson-Barry 등(1999)은 이렇게 \\( \\mathrm { pH } \\)가 증가된 사슴도체의 연도와 육색은 부정적인 영향을 받고, 다른 이화학적인 성질에도 나쁜 영향을 준다고 보고하였다.</p> <p>Table 5은 배최장근과 대퇴근을 4 \\( ^ {\\circ } \\mathrm { C } \\)와 -2 \\( ^ {\\circ } \\mathrm { C } \\)에서 보관하면서 Shear force value(전단가)를 측정한 결과를 나타내었다. 배최장근을 4 \\( ^ {\\circ } \\mathrm { C } \\)에서 저장하였을 때, 저장 3일경에 비하여 7일 경과시 부터 유의적 감소를 나타내어 육의 연화가 빨리 진행 되는 경향을 나타내었고, -2 \\( ^ {\\circ } \\mathrm { C } \\) 저장구는 저장기간이 경과함에 따라 유의적으로 서서히 감소하였다. 이는 4 \\( ^ {\\circ } \\mathrm { C } \\)저장에 비하여 -2 \\( ^ {\\circ } \\mathrm { C } \\)에 저장한 배최장근이 육의 연화가 서서히 진행된다는 것을 의미하며, -2 \\( ^ {\\circ } \\mathrm { C } \\)가 선도를 잘 보존함을 증명한다 사료된다. 4 \\( ^ {\\circ } \\mathrm { C } \\)에서 저장한 대퇴근은 저장기간이 경과함에 따른 유의적 변화를 나타내지 않았으며, -2 \\( ^ {\\circ } \\mathrm { C } \\) 저장구는 저장기간이 경과함에 따라 저장 7일경부터 11일 경까지는 유의적으로 높은 전단가를 나타내었다가, 15일경에 유의적으로 감소하는 경향을 나타내었다. 이는 -2 \\( ^ {\\circ } \\mathrm { C } \\)에서의 저장이 사슴육의사후강직을 서서히 진행시키는 결과로 사료된다. 저장기간이 경과함에 따라서 전단가는 낮아지는 경향을 나타내어서 Wiklund 등(2001)이 저장기간 경과에 따라 전단가가 감소한다고 한 보고와 유사한 결과였고, Pollard 등(2002)이 red deer의 전단가를 조사한 결과 저장초기(Oweeks)에는 배최장근이 대퇴근보다 높은 전단가를 나타내었으나 저장기간이 경과하면서 대퇴근보다 낮아지는 경향을 나타내었다는 보고와 유사한 결과였다.</p> <p>Table 6은 배최장근과 대퇴근을 4 \\( ^ {\\circ } \\mathrm { C } \\)와 -2 \\( ^ {\\circ } \\mathrm { C } \\)에서 보관하면서 Lightness(밝기)를 측정한 결과를 나타내었다. 배최장근은 4 \\( ^ {\\circ } \\mathrm { C } \\) 저장구의 경우 7일 이후부터 감소하는 경향이었고, -2 \\( ^ {\\circ } \\mathrm { C } \\) 저장구는 11일 이후부터 감소하는 경향을 나타내었다. 대퇴근은 4 \\( ^ {\\circ } \\mathrm { C } \\) 저장구가 저장기간이 경과함에 따라 유의적 변화를 반복한데 비하여, -2 \\( ^ {\\circ } \\mathrm { C } \\) 저장구는 저장 7일 이후부터 증가하여 유의적 변화를 나타내지 않았다.</p>",
                "context_length": 1738,
                "clue": [
                    {
                        "clue_text": "Table 5은 배최장근과 대퇴근을 4 \\( ^ {\\circ } \\mathrm { C } \\)와 -2 \\( ^ {\\circ } \\mathrm { C } \\)에서 보관하면서 Shear force value(전단가)를 측정한 결과를 나타내었다.",
                        "clue_start": "343",
                        "clue_end": "477"
                    },
                    {
                        "clue_text": "Table 6은 배최장근과 대퇴근을 4 \\( ^ {\\circ } \\mathrm { C } \\)와 -2 \\( ^ {\\circ } \\mathrm { C } \\)에서 보관하면서 Lightness(밝기)를 측정한 결과를 나타내었다.",
                        "clue_start": "1330",
                        "clue_end": "1455"
                    },
                    {
                        "clue_text": "대퇴근은 4 \\( ^ {\\circ } \\mathrm { C } \\) 저장구가 저장기간이 경과함에 따라 유의적 변화를 반복한데 비하여, -2 \\( ^ {\\circ } \\mathrm { C } \\) 저장구는 저장 7일 이후부터 증가하여 유의적 변화를 나타내지 않았다.",
                        "clue_start": "1587",
                        "clue_end": "1734"
                    }
                ],
                "terminology": [
                    {
                        "word": "Lightness"
                    },
                    {
                        "word": "Shear force value"
                    },
                    {
                        "word": "pH"
                    },
                    {
                        "word": "대퇴근"
                    },
                    {
                        "word": "배최장근"
                    },
                    {
                        "word": "사후강직"
                    },
                    {
                        "word": "연화"
                    },
                    {
                        "word": "육색"
                    },
                    {
                        "word": "저장초기"
                    },
                    {
                        "word": "전단가"
                    }
                ]
            },
            {
                "context_id": "55e-0c9-merge_la_8a2ae4d1-3d672185-6105-43bc-b3a7-144fc2525ccf_00",
                "context_K-NSCC": {
                    "field": "생명",
                    "large_category": "LA",
                    "medium_category": "08"
                },
                "context": "<p>최근 농림부에서 축산물 가공처리법을 입법예고하여 시행에 들어간 사슴의 도축과 사슴고기 유통에 관한 내용은 2003년부터 지정된 도축장에서 도축하여 사슴고기를 식육화하는 방안을 제시하였다. 그러나, 실제 적용하는 단계에서 많은 문제점이 나타나면서 사슴고기의 완전한 식육화가 아닌 불완전 한 형태의 식육화 법안이 확정되었다. 즉, 생산자가 직접 조리, 판매하는 경우는 자가 도축을 허용하지만, 유통 및 진열을 통한 사슴고기의 판매를 위해서는 지정도축장에서 도축하여야 한다는 것이다.</p> <p>사슴고기의 식육화의 조건에서 가장 중요한 \"도축장에서의 도축\"은 첫째, 지정 도축장의 수가 많지 않아서 장거리의 이동이 불가피하다는 것 둘째, 사슴의 야생성으로 인해서 도축대상 사슴을 이동시키는 과정이 매우 번거롭다는 것 셋째, 사슴의 도약력이 우수하여 도축장에 2 \\( \\mathrm { ~m } \\)이상의 담장이 계류장과 이동로에 설치되어야 한다는 것 넷째, 기존에 사용하던 가축을 기절시키는 방법이 이용되기 어렵고, 약물의 투입을 통한 기절 방법을 이용한다는 것동 여러 어려움이 있어서 사슴고기의 식육화는 지연될 수 밖에 없었다.</p> <p>급할 목적으로 시작된 뉴질랜드의 양록 산업은 2000년 현재 세계최고의 녹용생산과 녹육생산국으로서 생산된 녹육의 90 \\( \\% \\)이상을 수출하고 있고 -1.5 \\( ^ {\\circ } \\mathrm { C } \\)에서 진공포장하여 냉장상태에서 저장기간 14주를 확보하였다고 선언하고 있다(NewZealand Game Industry Board, 2000). 뉴질랜드는 국내의 녹용시장 개방에 큰 관심을 보이고 있고, 녹용의 협상이 해결되면 사슴고기의 시장에도 관심을 가지게 될 것으로 생각된다. 그런데, 국내의 사슴연구는 녹용의 약리성에 대해서 집중되어 있고 사슴고기에 대한 연구는 미미한 상태이다. 이는 국내에서 사슴의 사육 목적이 녹용을 생산하는데 역점을 두고 있었고, 사슴고기에 대해서는 막연히 보양식으로만 인식되고 있었다. 축산물 가공처리법상에서 사슴고기가 식육으로 인정받지 못함으로서 사슴고기의 생산, 유통, 판매 등이 법적 보호를 받지 못하였고, 단속의 대상이 되는 불법상태에서 음성적 으로만 소비되어 왔으나, 2003년부터는 사슴고기를 식육으로 인정하기 시작하였으므로 국내의 여건에 맞는 사슴고기에 대한 연구가 필요할 것으로 생각된다.</p> <p>사슴고기의 식육화에서 큰 걸림돌이 되는 것은 사슴고기의 저장성에 대한 연구가 많지 않아서 사슴고기의 유통기간에 대한 자료가 충분하지 않다는 것으로, 본 연구에서는 사슴고기의 저장기간 중 이화학적 변화를 조사함으로써 사슴고기의 식육화에 필요한 기초자료를 제시하고자 실험을 수행하였다.</p> <h1>재료 및 방법</h1> <h2>공시재료의 처리</h2> <p>시험에 공시한 사슴육은 체중 220 \\( \\mathrm { ~kg } \\) 내외의 Elk 암컷 5 마리를 도축하여 24시간 냉각한 후 발골하였고, 배최장근과 대퇴근을 채취하여 냉장온도로 유지하면서 실험재료로 공시하였다. -2 \\( ^ {\\circ } \\mathrm { C } \\) 와 4 \\( ^ {\\circ } \\mathrm { C } \\) 의 냉장온도에서는 함기포장을 하여 저장실험을 수행하였다.</p>",
                "context_length": 1608,
                "clue": [
                    {
                        "clue_text": "사슴고기의 식육화에서 큰 걸림돌이 되는 것은 사슴고기의 저장성에 대한 연구가 많지 않아서 사슴고기의 유통기간에 대한 자료가 충분하지 않다는 것으로, 본 연구에서는 사슴고기의 저장기간 중 이화학적 변화를 조사함으로써 사슴고기의 식육화에 필요한 기초자료를 제시하고자 실험을 수행하였다.",
                        "clue_start": "1181",
                        "clue_end": "1338"
                    },
                    {
                        "clue_text": "시험에 공시한 사슴육은 체중 220 \\( \\mathrm { ~kg } \\) 내외의 Elk 암컷 5 마리를 도축하여 24시간 냉각한 후 발골하였고, 배최장근과 대퇴근을 채취하여 냉장온도로 유지하면서 실험재료로 공시하였다. -2 \\( ^ {\\circ } \\mathrm { C } \\) 와 4 \\( ^ {\\circ } \\mathrm { C } \\) 의 냉장온도에서는 함기포장을 하여 저장실험을 수행하였다.",
                        "clue_start": "1381",
                        "clue_end": "1604"
                    }
                ],
                "terminology": [
                    {
                        "word": "Elk"
                    },
                    {
                        "word": "공시재료"
                    },
                    {
                        "word": "대퇴근"
                    },
                    {
                        "word": "이화학적"
                    },
                    {
                        "word": "이화학적 변화"
                    },
                    {
                        "word": "축산물 가공처리법"
                    },
                    {
                        "word": "함기포장"
                    }
                ]
            },
            {
                "context_id": "55e-0c9-merge_la_8a2ae4d1-3d672185-6105-43bc-b3a7-144fc2525ccf_03",
                "context_K-NSCC": {
                    "field": "생명",
                    "large_category": "LA",
                    "medium_category": "08"
                },
                "context": "<p>Table 2은 배최장근과 대퇴근을 4 \\( ^ {\\circ } \\mathrm { C } \\)와 -2 \\( ^ {\\circ } \\mathrm { C } \\)에서 보관하면서 지방의 산패도를 측정한 결과를 나타내었다. 대퇴근과 배최장근 공히 저장기간이 경과함에 따라 TBARS가가 유의적으로 증가하였고, Turner 등(1954)은 신선육의 가식권은 0.46이하라고 하였는데, 4 \\( ^ {\\circ } \\mathrm { C } \\)에 저장한 대퇴근과 배최장근구는 저장 11일경 이후부터 가식권을 벗어난 반면, -2 \\( ^ {\\circ } \\mathrm { C } \\) 저장구는 저장 15 일경 까지 가식권 내에 있었다. 대체적으로 4 \\( ^ {\\circ } \\mathrm { C } \\) 저장구보다는 -2 \\( ^ {\\circ } \\mathrm { C } \\) 저장구들이 각 저장기간마다 유의적으로 낮은 TBARS가를 나타내었다.</p> <p>Table 3은 배최장근과 대퇴근을 4 \\( ^ {\\circ } \\mathrm { C } \\)와 -2 \\( ^ {\\circ } \\mathrm { C } \\)에서 보관하면서 휘발성 염기태질소를 측정한 결과를 나타내었다. 대퇴근과 배최장 공히 저장기간이 경과함에 따라 휘발성 염기태질소가 유의적으로 증가하였고, VBN가는 18 \\( \\mathrm { mg } / \\% \\)이하면 신선한 고기로 인정할 수 있는데(변등, 1985, Terasaki 등, 1965), 4 \\( ^ {\\circ } \\mathrm { C } \\)와 -2 \\( ^ {\\circ } \\mathrm { C } \\)에 저장한 대퇴근과 배최장근구는 저장 15 일경 이후까지 가식권을 벗어나지 않았다. 대체적으로 4 \\( ^ {\\circ } \\mathrm { C } \\) 저장구보다는 -2 \\( ^ {\\circ } \\mathrm { C } \\) 저장구들이 각 저장기간마다 낮은 VBN가를 나타내었다.</p> <p>Table 4는 배최장근과 대퇴근을 4 \\( ^ {\\circ } \\mathrm { C } \\)와 \\( -2 ^ {\\circ } \\mathrm { C } \\)에서 보관하면서 \\( \\mathrm { pH } \\)를 측정한 결과를 나타내었다. 저장기간이 경과함에 따라 배최장근과 대퇴근 모두 \\( \\mathrm { pH } \\)는 유의적으로 증가하였고, 저장초기에는4 \\( ^ {\\circ } \\mathrm { C } \\) 저장구와 -2 \\( ^ {\\circ } \\mathrm { C } \\) 저장구 간의 유의적 차이가 나타나지 않았으나 저장기간이 경과함에 따라 배최장근은 저장 11일 경부터 -2 \\( ^ {\\circ } \\mathrm { C } \\) 저장구가 4 \\( ^ {\\circ } \\mathrm { C } \\) 저장구보다 유의적으로 낮은 \\( \\mathrm { pH } \\)가를 나타내었고, 대퇴근은 저장 7일 경부터 -2 \\( ^ {\\circ } \\mathrm { C } \\) 저장구가 4 \\( ^ {\\circ } \\mathrm { C } \\) 저장구보다 유의적으로 낮은 \\( \\mathrm { pH } \\)가를 나타내었다.</p>",
                "context_length": 1547,
                "clue": [
                    {
                        "clue_text": "Table 2은 배최장근과 대퇴근을 4 \\( ^ {\\circ } \\mathrm { C } \\)와 -2 \\( ^ {\\circ } \\mathrm { C } \\)에서 보관하면서 지방의 산패도를 측정한 결과를 나타내었다.",
                        "clue_start": "3",
                        "clue_end": "122"
                    },
                    {
                        "clue_text": "대체적으로 4 \\( ^ {\\circ } \\mathrm { C } \\) 저장구보다는 -2 \\( ^ {\\circ } \\mathrm { C } \\) 저장구들이 각 저장기간마다 유의적으로 낮은 TBARS가를 나타내었다.",
                        "clue_start": "351",
                        "clue_end": "469"
                    },
                    {
                        "clue_text": "Table 3은 배최장근과 대퇴근을 4 \\( ^ {\\circ } \\mathrm { C } \\)와 -2 \\( ^ {\\circ } \\mathrm { C } \\)에서 보관하면서 휘발성 염기태질소를 측정한 결과를 나타내었다.",
                        "clue_start": "477",
                        "clue_end": "598"
                    },
                    {
                        "clue_text": "대체적으로 4 \\( ^ {\\circ } \\mathrm { C } \\) 저장구보다는 -2 \\( ^ {\\circ } \\mathrm { C } \\) 저장구들이 각 저장기간마다 낮은 VBN가를 나타내었다.",
                        "clue_start": "848",
                        "clue_end": "958"
                    },
                    {
                        "clue_text": "Table 4는 배최장근과 대퇴근을 4 \\( ^ {\\circ } \\mathrm { C } \\)와 \\( -2 ^ {\\circ } \\mathrm { C } \\)에서 보관하면서 \\( \\mathrm { pH } \\)를 측정한 결과를 나타내었다.",
                        "clue_start": "966",
                        "clue_end": "1098"
                    }
                ],
                "terminology": [
                    {
                        "word": "TBARS"
                    },
                    {
                        "word": "TBARS가"
                    },
                    {
                        "word": "VBN"
                    },
                    {
                        "word": "가식권"
                    },
                    {
                        "word": "대퇴근"
                    },
                    {
                        "word": "배최장근"
                    },
                    {
                        "word": "산패도"
                    },
                    {
                        "word": "저장초기"
                    },
                    {
                        "word": "휘발성 염기태질소"
                    }
                ]
            },
            {
                "context_id": "55e-0c9-merge_la_8a2ae4d1-3d672185-6105-43bc-b3a7-144fc2525ccf_02",
                "context_K-NSCC": {
                    "field": "생명",
                    "large_category": "LA",
                    "medium_category": "08"
                },
                "context": "<p>VBN \\( \\mathrm { mg } \\%( \\mathrm { mg } / 100 \\mathrm { g } \\) sample \\( )=( \\mathrm { a } - \\mathrm { b } ) \\times \\mathrm { F } (0.98) \\times 28 \\times 100 / \\mathrm { S } \\) (sample의 량) \\( 28=0.02 \\mathrm { ~N } \\mathrm { H } _ { 2 } \\mathrm { SO } _ { 4 } 1 \\mathrm { ml } \\) 소모하는에 필요한 \\( \\mathrm { N } \\) 의 양.</p> <h2>\\( \\mathrm { pH } \\) 측정</h2> <p>근막, 지방 등을 제거한 시료 10 \\( \\mathrm { ~g } \\)에 증류수 90 \\( \\mathrm { ml } \\) (1:9)를 넣어 homogenizer (IKA Works(Asia) Sdn. Bhd. T25-B, Malay-sia)로 균질화(14,000 \\( \\mathrm { rpm } \\), 2 \\( \\mathrm { ~min } \\))하여 \\( \\mathrm { pH } \\)-meter (inoLab \\( \\mathrm { pH } \\) Level 2, Wissenschaftlich Technische Werkstatten D-82362 Weilheim, Germany)를 가지고 3회 반복하여 측정하였다.</p> <h2>조직감의 측정</h2> <p>core (직경 1.27 \\( \\mathrm { ~cm } \\))를 이용하여 근섬유와 평행하게 시료를 채취하여 Instron Testing Machine (Model 4443, Instron, USA) 이용하여 10회 이상 측정하였다. 이때 V-blade를 이용하였으며, compression load cell 50 \\( \\mathrm { ~kg } \\), crosshead speed는 250 \\( \\mathrm { ~mm } / \\mathrm { min } \\), chart speedsms 20 \\( \\times \\)10 \\( \\mathrm { ~mm } / \\mathrm { min } \\)의 조건으로 실시하였다.</p> <h2>육색측정</h2> <p>육색측정은 근육 단면을 Minolta Chroma meter (Minolta Co. CR-300, Japan)로 Hunter L'(명도), a * (적색도), b*(황색도) 값을 총 3회 반복 측정하고, 이때 표준색판은 \\( \\mathrm { Y } \\)=92.4, \\( \\mathrm { x } \\)=0.3136, \\( \\mathrm { y } \\)=0.3196 으로 표준화한 다음 측정하였다.</p> <h2>통계분석</h2> <p>실험에서 획득한 자료를 SAS program (1999)을 이용하여 분산 분석 및 Duncan (1995)의 다중 검정을 실시하였다.</p> <h1>결과 및 고찰</h1> <p>4 \\( ^ {\\circ } \\mathrm { C } \\) 와 -2 \\( ^ {\\circ } \\mathrm { C } \\)에서 사슴의 배최장근과 대퇴근을 저장하여 저장기간경과에 따른 보수성의 변화는 Table 1 과 같다. 배최장근과 대퇴근 공히 저장기간이 경과함에 따라 보수성의 감소가 나타나 Wiklund 등(2001)이 저장기간이 증가함에 따라서 driploss가 증가하였다는 보고와 유사한 경향이었고, -2 \\( ^ {\\circ } \\mathrm { C } \\)에서 보관한 대퇴근의 경우만 저장기간의 경과에 따른 보수성의 유의적 차이가 나타나지 않았다. 배최장근의 경우는 4 \\( ^ {\\circ } \\mathrm { C } \\)보관보다 -2 \\( ^ {\\circ } \\mathrm { C } \\)보관이 보수성이 낮은 결과를 나타내었다. 그러나 대퇴근은 4 \\( ^ {\\circ } \\mathrm { C } \\)와 -2 \\( ^ {\\circ } \\mathrm { C } \\)보관한 실험구간의 유의적 차이가 나타나지 않았다.</p>",
                "context_length": 1970,
                "clue": [
                    {
                        "clue_text": "근막, 지방 등을 제거한 시료 10 \\( \\mathrm { ~g } \\)에 증류수 90 \\( \\mathrm { ml } \\) (1:9)를 넣어 homogenizer (IKA Works(Asia) Sdn. Bhd. T25-B, Malay-sia)로 균질화(14,000 \\( \\mathrm { rpm } \\), 2 \\( \\mathrm { ~min } \\))하여 \\( \\mathrm { pH } \\)-meter (inoLab \\( \\mathrm { pH } \\) Level 2, Wissenschaftlich Technische Werkstatten D-82362 Weilheim, Germany)를 가지고 3회 반복하여 측정하였다.",
                        "clue_start": "359",
                        "clue_end": "710"
                    },
                    {
                        "clue_text": "core (직경 1.27 \\( \\mathrm { ~cm } \\))를 이용하여 근섬유와 평행하게 시료를 채취하여 Instron Testing Machine (Model 4443, Instron, USA) 이용하여 10회 이상 측정하였다. 이때 V-blade를 이용하였으며, compression load cell 50 \\( \\mathrm { ~kg } \\), crosshead speed는 250 \\( \\mathrm { ~mm } / \\mathrm { min } \\), chart speedsms 20 \\( \\times \\)10 \\( \\mathrm { ~mm } / \\mathrm { min } \\)의 조건으로 실시하였다.",
                        "clue_start": "735",
                        "clue_end": "1082"
                    },
                    {
                        "clue_text": "실험에서 획득한 자료를 SAS program (1999)을 이용하여 분산 분석 및 Duncan (1995)의 다중 검정을 실시하였다.",
                        "clue_start": "1347",
                        "clue_end": "1421"
                    },
                    {
                        "clue_text": "배최장근과 대퇴근 공히 저장기간이 경과함에 따라 보수성의 감소가 나타나 Wiklund 등(2001)이 저장기간이 증가함에 따라서 driploss가 증가하였다는 보고와 유사한 경향이었고, -2 \\( ^ {\\circ } \\mathrm { C } \\)에서 보관한 대퇴근의 경우만 저장기간의 경과에 따른 보수성의 유의적 차이가 나타나지 않았다.",
                        "clue_start": "1571",
                        "clue_end": "1759"
                    }
                ],
                "terminology": [
                    {
                        "word": "SO"
                    },
                    {
                        "word": "VBN"
                    },
                    {
                        "word": "chart speedsms"
                    },
                    {
                        "word": "compression load cell"
                    },
                    {
                        "word": "crosshead speed"
                    },
                    {
                        "word": "driploss"
                    },
                    {
                        "word": "homogenizer"
                    },
                    {
                        "word": "load cell"
                    },
                    {
                        "word": "pH"
                    },
                    {
                        "word": "검정"
                    },
                    {
                        "word": "균질화"
                    },
                    {
                        "word": "다중 검정"
                    },
                    {
                        "word": "대퇴근"
                    },
                    {
                        "word": "명도"
                    },
                    {
                        "word": "배최장근"
                    },
                    {
                        "word": "분산 분석"
                    },
                    {
                        "word": "시료"
                    },
                    {
                        "word": "적색도"
                    },
                    {
                        "word": "조직감"
                    },
                    {
                        "word": "증류수"
                    },
                    {
                        "word": "통계분석"
                    },
                    {
                        "word": "황색도"
                    }
                ]
            },
            {
                "context_id": "55e-0c9-merge_la_8a2ae4d1-3d672185-6105-43bc-b3a7-144fc2525ccf_01",
                "context_K-NSCC": {
                    "field": "생명",
                    "large_category": "LA",
                    "medium_category": "08"
                },
                "context": "<h2>보수성의 측정</h2> <p>보수성의 측정은 Laakkonen 등(1970)의 방법에 따라 시료 10 \\( \\mathrm { ~g } \\) 을 동일한 회수로 세절하여 특수 제작된 용기에 넣어 원심분리관 속에 넣고, 완전히 밀폐하여 70 \\( ^ {\\circ } \\mathrm { C } \\)에서 30분간 가열한 후에 상수에서 5분간 냉각하여 원심분리기(union 5 KR,Hanil, Korea)를 이용하여 20분간 원심분리 (3,500 \\( \\mathrm { G } \\))를 한 후 유리된 수분을 평량하여 \\( \\mathrm { F } ( \\%) \\)로 하고, 전수분은 시료 \\( 10 \\mathrm { ~g } \\)을 동일한 횟수로 세절하여 105 \\( ^ {\\circ } \\mathrm { C } \\)에서 항량시까지 건조하여 측정한 수분의 량을 \\( \\mathrm { W } ( \\%) \\)로 하여 산출하였다.</p> <p>W.H.C. \\( ( \\%) = \\frac { W( \\%)-F( \\%) } { W( \\%) } \\times 100 \\)</p> <h2>Thiobarbituric acid reactive substances (TBARS)의 측정</h2> <p>Witte등(1970)의 방법에 따라 시료 20 \\( \\mathrm { ~g } \\)에 20 \\( \\% \\) trichloroa-cetic acid (in 2 \\( \\mathrm { M } \\) phosphoric acid) 50 \\( \\\\mathrm { ml } \\)를 첨가하여 균질화(14,000 \\( \\mathrm { rpm } \\), 2 \\( \\mathrm { ~min } ) \\) 한 후 증류수로 100 \\( \\\\mathrm { ml } \\) 마춘다음 여과(Whatman No.1)하였다. 여액 5 \\( \\\\mathrm { ml } \\) 와 0.005 \\( \\mathrm { M } \\) 2-thiobarbituric acid 용액 5 \\( \\\\mathrm { ml } \\) 를 시험관에 넣어 보관후(암소에서 15 \\( \\\\mathrm { hrs } \\) 보관) Spectrophotometer (Tcc-240A, Shimadzu, JAPAN)로 530 \\( \\mathrm { ~nm } \\) 파장에서 흡광도를 측정하여 다음 공식으로 계산하였다.</p> <p>TBARS \\((MA \\mathrm { mg } / \\mathrm { kg } )= \\) 흡광도 \\( \\times 5.2 \\)</p> <h2>Volatile basic nitrogen (VBN)의 측정</h2> <p>VBN함량은 高坂의 Conway 미량확산법(1957)에 따라 세절한 시료 10 \\( \\mathrm { ~g } \\)에 증류수 90 \\( \\\\mathrm { ml } \\) 가하여 homogenizer (IKA Works (Asia) Sdn. Bhd. T25-B, Malaysia)에서 14,000 \\( \\mathrm { rpm } \\)으로 5분간 homogenizing 한 다음 여과지(Whatman No.1)에 여과하였다. 상기 여과액 3 \\( \\\\mathrm { ml } \\) 를 conway unit 외실에 넣고, 내실에는 0.01 \\( \\mathrm { N } \\) 붕산용액 1 \\( \\\\mathrm { ml } \\) 와 conway시약 (0.066 \\( \\% \\) me-thylred : 0.66 \\( \\% \\) bromcresol green \\( = \\)1 \\(: \\) 1 )을 약 2~3 방울 가한 후 50 \\( \\% \\mathrm { ~K } _ { 2 } \\mathrm { CO } _ { 3 } \\) 액 1 \\( \\\\mathrm { ml } \\) 를 재빨리 외실에 주입하여 바로 밀폐시킨 후(단, 공시험구에는 50 \\( \\% \\mathrm { ~K } _ { 2 } \\mathrm { CO } _ { 3 } \\) 용액을 외실에 주입하지 않는다.) 37 \\( ^ {\\circ } \\mathrm { C } \\)에서 120분간 방치한 후 뚜껑을 조심스럽게 열고, 0.02 \\( \\mathrm { ~N } \\\\mathrm { H } _ { 2 } \\mathrm { SO } _ { 4 } \\) 용액으로 내실의 붕산용액을 신속히 적정하였다. 시료를 S \\( \\mathrm { g } \\), 공시험 측정치를 b \\( \\mathrm { ml } \\), 본실험 적정치 a \\( \\mathrm { ml } \\), 0.02 \\( \\mathrm { N } \\\\mathrm { H } _ { 2 } \\mathrm { SO } _ { 4 } \\)의 표준화 지수를 F라고 할때, 다음식에 의해서 VBN값을 산출하였다.</p>",
                "context_length": 2282,
                "clue": [
                    {
                        "clue_text": "보수성의 측정은 Laakkonen 등(1970)의 방법에 따라 시료 10 \\( \\mathrm { ~g } \\) 을 동일한 회수로 세절하여 특수 제작된 용기에 넣어 원심분리관 속에 넣고, 완전히 밀폐하여 70 \\( ^ {\\circ } \\mathrm { C } \\)에서 30분간 가열한 후에 상수에서 5분간 냉각하여 원심분리기(union 5 KR,Hanil, Korea)를 이용하여 20분간 원심분리 (3,500 \\( \\mathrm { G } \\))를 한 후 유리된 수분을 평량하여 \\( \\mathrm { F } ( \\%) \\)로 하고, 전수분은 시료 \\( 10 \\mathrm { ~g } \\)을 동일한 횟수로 세절하여 105 \\( ^ {\\circ } \\mathrm { C } \\)에서 항량시까지 건조하여 측정한 수분의 량을 \\( \\mathrm { W } ( \\%) \\)로 하여 산출하였다.",
                        "clue_start": "20",
                        "clue_end": "460"
                    },
                    {
                        "clue_text": "상기 여과액 3 \\( \\\\mathrm { ml } \\) 를 conway unit 외실에 넣고, 내실에는 0.01 \\( \\mathrm { N } \\) 붕산용액 1 \\( \\\\mathrm { ml } \\) 와 conway시약 (0.066 \\( \\% \\) me-thylred : 0.66 \\( \\% \\) bromcresol green \\( = \\)1 \\(: \\) 1 )을 약 2~3 방울 가한 후 50 \\( \\% \\mathrm { ~K } _ { 2 } \\mathrm { CO } _ { 3 } \\) 액 1 \\( \\\\mathrm { ml } \\) 를 재빨리 외실에 주입하여 바로 밀폐시킨 후(단, 공시험구에는 50 \\( \\% \\mathrm { ~K } _ { 2 } \\mathrm { CO } _ { 3 } \\) 용액을 외실에 주입하지 않는다.) 37 \\( ^ {\\circ } \\mathrm { C } \\)에서 120분간 방치한 후 뚜껑을 조심스럽게 열고, 0.02 \\( \\mathrm { ~N } \\\\mathrm { H } _ { 2 } \\mathrm { SO } _ { 4 } \\) 용액으로 내실의 붕산용액을 신속히 적정하였다.",
                        "clue_start": "1503",
                        "clue_end": "2076"
                    },
                    {
                        "clue_text": "Witte등(1970)의 방법에 따라 시료 20 \\( \\mathrm { ~g } \\)에 20 \\( \\% \\) trichloroa-cetic acid (in 2 \\( \\mathrm { M } \\) phosphoric acid) 50 \\( \\\\mathrm { ml } \\)를 첨가하여 균질화(14,000 \\( \\mathrm { rpm } \\), 2 \\( \\mathrm { ~min } ) \\) 한 후 증류수로 100 \\( \\\\mathrm { ml } \\) 마춘다음 여과(Whatman No.1)하였다.",
                        "clue_start": "603",
                        "clue_end": "881"
                    },
                    {
                        "clue_text": "TBARS \\((MA \\mathrm { mg } / \\mathrm { kg } )= \\) 흡광도 \\( \\times 5.2 \\)",
                        "clue_start": "1145",
                        "clue_end": "1215"
                    },
                    {
                        "clue_text": "VBN함량은 高坂의 Conway 미량확산법(1957)에 따라 세절한 시료 10 \\( \\mathrm { ~g } \\)에 증류수 90 \\( \\\\mathrm { ml } \\) 가하여 homogenizer (IKA Works (Asia) Sdn. Bhd.",
                        "clue_start": "1266",
                        "clue_end": "1404"
                    }
                ],
                "terminology": [
                    {
                        "word": "2-thiobarbituric acid"
                    },
                    {
                        "word": "Conway 미량확산법"
                    },
                    {
                        "word": "SO"
                    },
                    {
                        "word": "Spectrophotometer"
                    },
                    {
                        "word": "Thiobarbituric acid"
                    },
                    {
                        "word": "VBN함량"
                    },
                    {
                        "word": "Volatile basic nitrogen"
                    },
                    {
                        "word": "Volatile basic nitrogen (VBN)"
                    },
                    {
                        "word": "acid"
                    },
                    {
                        "word": "bromcresol green"
                    },
                    {
                        "word": "conway unit"
                    },
                    {
                        "word": "homogenizer"
                    },
                    {
                        "word": "homogenizing"
                    },
                    {
                        "word": "phosphoric acid"
                    },
                    {
                        "word": "unit"
                    },
                    {
                        "word": "공시험"
                    },
                    {
                        "word": "균질화"
                    },
                    {
                        "word": "내실"
                    },
                    {
                        "word": "미량확산법"
                    },
                    {
                        "word": "보수성"
                    },
                    {
                        "word": "붕산용액"
                    },
                    {
                        "word": "세절"
                    },
                    {
                        "word": "시료"
                    },
                    {
                        "word": "여과"
                    },
                    {
                        "word": "여과지"
                    },
                    {
                        "word": "여액"
                    },
                    {
                        "word": "외실"
                    },
                    {
                        "word": "원심분리"
                    },
                    {
                        "word": "원심분리관"
                    },
                    {
                        "word": "원심분리기"
                    },
                    {
                        "word": "증류수"
                    },
                    {
                        "word": "파장"
                    },
                    {
                        "word": "평량"
                    },
                    {
                        "word": "표준화 지수"
                    },
                    {
                        "word": "항량"
                    },
                    {
                        "word": "흡광도"
                    }
                ]
            },
            {
                "context_id": "55e-0c9-merge_la_8a2ae4d1-3d672185-6105-43bc-b3a7-144fc2525ccf_05",
                "context_K-NSCC": {
                    "field": "생명",
                    "large_category": "LA",
                    "medium_category": "01"
                },
                "context": "<p>Table 7 은 배최장근과 대퇴근을 4 \\( ^ {\\circ } \\mathrm { C } \\)와 -2 \\( ^ {\\circ } \\mathrm { C } \\)에서 보관하면서 Redness(적색도)를 측정한 결과를 나타내었다. 배최장근을 4 \\( { } ^ {\\circ } \\mathrm { C } \\)에 저장한 구는 저장기간이 경과함에 따라 유의적으로 적색도가 감소한 반면, -2 \\( ^ {\\circ } \\mathrm { C } \\) 저장구는 유의적으로 증가하다가 저장 15일경 감소하는 경향을 나타내었다. 대퇴근은 4 \\( ^ {\\circ } \\mathrm { C } \\) 저장구의 경우 저장기간이 경과함에 따라 감소하는 경향이었고, -2 \\( ^ {\\circ } \\mathrm { C } \\) 저장구는 저장기간이 경과함에 따라 서서히 증가하여 15일 경에는 약간 감소하는 경향을 나타내었다. 배최장근과 대퇴근 공히 4 \\( ^ {\\circ } \\mathrm { C } \\) 저장구보다는 -2 \\( ^ {\\circ } \\mathrm { C } \\) 저장구가 유의적으로 높은 적색도를 나타내었다. Pollard 등(2002)이 등심근과 대퇴근이 저장 3 주까지는 적색도가 증가하고 그 이후부터는 감소한다는 보고와는 -2 \\( ^ {\\circ } \\mathrm { C } \\)에서 저장한 구는 유사한 결과였으나 4 \\( ^ {\\circ } \\mathrm { C } \\) 저장구들과는 상이한 결과였다. Wiklund 등(2001)은 -1.5 \\( ^ {\\circ } \\mathrm { C } \\)에서 보관한 red deer 등심근의 적색도가 저장기간이 경과함에 따라서 감소한다고 보고한 바 있다.</p> <p>Table 8 은 배최장근과 대퇴근을 4 \\( ^ {\\circ } \\mathrm { C } \\)와-2 \\( ^ {\\circ } \\mathrm { C } \\)에서 보관하면서 yellowness(황색도)를 측정한 결과를 나타내었다. 배최장근은 저장기간이 경과함에 따라 4 \\( ^ {\\circ } \\mathrm { C } \\)와 -2 \\( ^ {\\circ } \\mathrm { C } \\) 저장구 모두 유의적으로 증가하였다가 저장 15일경에 유의적으로 감소하는 경향이었고, 대퇴근은 \\4( ^ {\\circ } \\mathrm { C } \\)와 -2 \\( ^ {\\circ } \\mathrm { C } \\) 저장구 모두 저장 7일경에 급격히 증가하여 이후 유의적 변화를 나타내지 않았다.</p> <p>신선육과 가공육의 색은 소비자가 구매 결정을 하는데 영향을 미치는 가장 중요한 특성중의 하나이고(Vam Oeckel 등, 1999), 육색은 주로 myoglobin의 화학적 상태와 농도에 따라 다르게 된다. Yasuko 등(2002)은 사슴고기에는 myoglobin의 함량이 높다고 보고하였고, Sekikawa 등(2004)은 말고기의 myoglobin의 변화보다 사슴고기내의 myoglobin의 변화가 더 심하였다고 보고하였다. 사슴고기의 심한 탈색반응에 대해서 Trout와 Gutzke (1996), Renerre와 Bonhmm (1991), Lawrie (1998)가 연구하여 증명한 바 있다. 이러한 myoglobin의 변화는 갈색화 현상을 일으키는데 쇠고기(Sekikawa 등, 1996)와 사슴고기(Stevenson 등, 1989)를 냉장저장할때 L \\( \\^ { * } \\) 값과 b \\( \\mathrm { } ^ { * } \\) 값의 변화 보다는 적색도인 a \\( \\mathrm { } ^ { * } \\) 값의 변화가 많이 일어난다고 보고 되었다. 따라서 사슴고기의 저장시에 육색의 변화가 심하게 일어나고, 이를 방지하는 것이 사슴고기의 기호도를 높이는 좋은 방법이 된다고 할 수 있겠다.</p>",
                "context_length": 1855,
                "clue": [
                    {
                        "clue_text": "Table 7 은 배최장근과 대퇴근을 4 \\( ^ {\\circ } \\mathrm { C } \\)와 -2 \\( ^ {\\circ } \\mathrm { C } \\)에서 보관하면서 Redness(적색도)를 측정한 결과를 나타내었다.",
                        "clue_start": "3",
                        "clue_end": "128"
                    },
                    {
                        "clue_text": "Table 8 은 배최장근과 대퇴근을 4 \\( ^ {\\circ } \\mathrm { C } \\)와-2 \\( ^ {\\circ } \\mathrm { C } \\)에서 보관하면서 yellowness(황색도)를 측정한 결과를 나타내었다.",
                        "clue_start": "847",
                        "clue_end": "974"
                    },
                    {
                        "clue_text": "신선육과 가공육의 색은 소비자가 구매 결정을 하는데 영향을 미치는 가장 중요한 특성중의 하나이고(Vam Oeckel 등, 1999), 육색은 주로 myoglobin의 화학적 상태와 농도에 따라 다르게 된다.",
                        "clue_start": "1234",
                        "clue_end": "1349"
                    },
                    {
                        "clue_text": "Yasuko 등(2002)은 사슴고기에는 myoglobin의 함량이 높다고 보고하였고, Sekikawa 등(2004)은 말고기의 myoglobin의 변화보다 사슴고기내의 myoglobin의 변화가 더 심하였다고 보고하였다.",
                        "clue_start": "1350",
                        "clue_end": "1474"
                    },
                    {
                        "clue_text": "따라서 사슴고기의 저장시에 육색의 변화가 심하게 일어나고, 이를 방지하는 것이 사슴고기의 기호도를 높이는 좋은 방법이 된다고 할 수 있겠다.",
                        "clue_start": "1773",
                        "clue_end": "1851"
                    }
                ],
                "terminology": [
                    {
                        "word": "Pollard"
                    },
                    {
                        "word": "Redness"
                    },
                    {
                        "word": "myoglobin"
                    },
                    {
                        "word": "red deer 등심근"
                    },
                    {
                        "word": "yellowness"
                    },
                    {
                        "word": "갈색화 현상"
                    },
                    {
                        "word": "대퇴근"
                    },
                    {
                        "word": "등심근"
                    },
                    {
                        "word": "배최장근"
                    },
                    {
                        "word": "적색도"
                    },
                    {
                        "word": "황색도"
                    }
                ]
            }
        ]
    }
}