{
    "dataset_info": {
        "identifier": "02-031-002-NL",
        "name": "기술과학 문서 요약 데이터",
        "category": "자연어",
        "last_updated": "2023-08-30"
    },
    "dataset": {
        "doc_id": "8a2ae4d1-3bacd380-3f4b-44ae-99af-df3035027520",
        "doc_type": "논문",
        "doc_title": {
            "kor": "뇌조직의 산화적 스트레스 및 세포막 유동에 미치는 뽕(Morus alba L.) 잎 추출물의 영향",
            "eng": ""
        },
        "doc_category": {
            "KDC": "470.5",
            "DDC": ""
        },
        "doc_number": {
            "ISSN": "1225-9918",
            "ISBN": "",
            "DOI": "",
            "UCI": ""
        },
        "doc_year": "2000",
        "doc_author": [
            "최진호",
            "김대익",
            "박수현",
            "김정민",
            "백영호",
            "이희심",
            "류강선"
        ],
        "doc_publisher": "한국생명과학회",
        "doc_license": "CC BY",
        "context_info": [
            {
                "context_id": "55e-0c9-4d7e3aeb-7ac6-4902-a1c1-79441d080f95",
                "context_K-NSCC": {
                    "field": "생명",
                    "large_category": "LA",
                    "medium_category": "01"
                },
                "context": "<h1>재료 및 방법</h1><h2>동물실험 및 사료조성</h2><p>한국화학연구소에서 구입한 Sprague Dawley계 랫트 (male, \\( 160 \\pm 10 \\mathrm{~g} \\) )를 구입하여 본 대학 동물사육실에서 2주 동안 예비사육한 다음, 7 마리씩 3군으로 나누어 실험용 기본사료(Control group)로써 사육하면서 뽕나무(mulberry: Morus alba L.)의 뽕잎 메탄을 추출물(mulberry leaf extract: MLE)을 하루에 \\(100\\) 및 \\(300 \\mathrm{mg/ \\mathrm{kg}} \\) BW가 되도록 사료에 첨가한 실험그룹 (MLE-100 및 MLE-300 group)으로 하여 6주 간 사육실험을 행하여 뇌의 산화적 스트레스 및 세포막 유동성에 미치는 영향을 평가했다. 동물사육실은 항온항습 \\( \\left(22 \\pm 2^{\\circ} \\mathrm{C}, 65 \\pm 2 \\% \\mathrm{~RH}\\right) \\)하에서 12시간 싸이클\\((06:00 \\sim 18:00)\\)로 명암이 자동 조절된다.</p><h2>조제사료의 조성</h2><p>본 실험에 사용한 사료조성은 전보와 같은 방법으로 탄수화물 \\( 57.8 \\%(\\alpha \\)-corn starch \\( 44.5 \\%+ \\) sucrose \\( 13.3 \\%) \\), 단백질 \\( 16.0 \\% \\) (sodium-free casein), 지질 \\( 18.0 \\% \\) (lard 18.0\\%), 비타민과 무기질(AIN-76 mixture) 각각 \\( 1.0 \\%, 3.5 \\% \\), 그리고 섬유질 \\(3.0\\%\\), DL-methionine \\( 0.3 \\% \\), choline chloride \\( 0.2 \\% \\)를 첨가하였으며, 여기에 cholesterol \\(0.5\\%\\) 및 sodium chloride \\( 0.2 \\% \\)를 첨가하여 고콜레스테롤혈증을 유도하였다. 실험그룹의 사료조성은 뽕잎 메탄올 추출물(MLE)을 하루에 각각 \\(100\\) 및 \\( 300 \\mathrm{mg} / \\mathrm{kg} \\mathrm{~BW} \\) 가 섭취되도록 \\( 0.1 \\% \\) 및 \\( 0.3 \\% \\) 의 MLE를 첨가하는 대신 탄수화물을 각각 \\( 0.1 \\% \\) 및 \\( 0.3 \\% \\)씩 제외하고 조제하였다.</p><h2>뇌세포 획분의 분획</h2><p>뇌세포의 분획은 저자 등[3]의 방법에 따라 균질 완충용액(\\(1.15\\% KCl/10 mM\\) phosphate buffer/\\(5 \\mathrm{mM}\\) EDTA, \\( \\mathrm{pH} 7.4)\\)을 사용하여 미토콘드리아 및 마이크로솜획분을 분획하여 사용하였다. 이들 획분의 단백질의 함량은 Lowry 등의 방법에 따라 정량하였다.</p><h2>콜레스테롤의 함량 측정</h2><p>뇌조직에서 분획한 mitochondria 및 microsome 획분 중의 콜레스테롤의 함량은 Rudel 등의 방법에 따라 o-phthalaldehyde법으로 측정하여 표준 검량선을 이용하여 이들 획분 중의 콜레스테롤의 함량을 정량하였다.</p><h2>세포막 유동성의 측정</h2><p>뇌 조직의 mitochondria 및 nucrosome 획분 중의 세포막 유동성(membrane fluidity)은 형광 probe로서의 1,6-diphenyl-1,3,5-hexatriene(DPH)을 사용한 Heron 등에 의한 형광 분광법에 따라 측정하였다. ",
                "context_length": 1709,
                "clue": [
                    {
                        "clue_text": "한국화학연구소에서 구입한 Sprague Dawley계 랫트 (male, \\( 160 \\pm 10 \\mathrm{~g} \\) )를 구입하여 본 대학 동물사육실에서 2주 동안 예비사육한 다음, 7 마리씩 3군으로 나누어 실험용 기본사료(Control group)로써 사육하면서 뽕나무(mulberry: Morus alba L.)의 뽕잎 메탄을 추출물(mulberry leaf extract: MLE)을 하루에 \\(100\\) 및 \\(300 \\mathrm{mg/ \\mathrm{kg}} \\) BW가 되도록 사료에 첨가한 실험그룹 (MLE-100 및 MLE-300 group)으로 하여 6주 간 사육실험을 행하여 뇌의 산화적 스트레스 및 세포막 유동성에 미치는 영향을 평가했다.",
                        "clue_start": "39",
                        "clue_end": "413"
                    },
                    {
                        "clue_text": "실험그룹의 사료조성은 뽕잎 메탄올 추출물(MLE)을 하루에 각각 \\(100\\) 및 \\( 300 \\mathrm{mg} / \\mathrm{kg} \\mathrm{~BW} \\) 가 섭취되도록 \\( 0.1 \\% \\) 및 \\( 0.3 \\% \\) 의 MLE를 첨가하는 대신 탄수화물을 각각 \\( 0.1 \\% \\) 및 \\( 0.3 \\% \\)씩 제외하고 조제하였다.",
                        "clue_start": "963",
                        "clue_end": "1158"
                    },
                    {
                        "clue_text": "뇌세포의 분획은 저자 등[3]의 방법에 따라 균질 완충용액(\\(1.15\\% KCl/10 mM\\) phosphate buffer/\\(5 \\mathrm{mM}\\) EDTA, \\( \\mathrm{pH} 7.4)\\)을 사용하여 미토콘드리아 및 마이크로솜획분을 분획하여 사용하였다.",
                        "clue_start": "1184",
                        "clue_end": "1336"
                    },
                    {
                        "clue_text": "이들 획분의 단백질의 함량은 Lowry 등의 방법에 따라 정량하였다.",
                        "clue_start": "1337",
                        "clue_end": "1375"
                    },
                    {
                        "clue_text": "뇌조직에서 분획한 mitochondria 및 microsome 획분 중의 콜레스테롤의 함량은 Rudel 등의 방법에 따라 o-phthalaldehyde법으로 측정하여 표준 검량선을 이용하여 이들 획분 중의 콜레스테롤의 함량을 정량하였다.",
                        "clue_start": "1403",
                        "clue_end": "1535"
                    }
                ],
                "terminology": [
                    {
                        "word": "BW"
                    },
                    {
                        "word": "DL-methionine"
                    },
                    {
                        "word": "MLE"
                    },
                    {
                        "word": "Morus"
                    },
                    {
                        "word": "Morus alba L."
                    },
                    {
                        "word": "Sprague Dawley계 랫트"
                    },
                    {
                        "word": "casein"
                    },
                    {
                        "word": "cholesterol"
                    },
                    {
                        "word": "choline chloride"
                    },
                    {
                        "word": "leaf"
                    },
                    {
                        "word": "membrane fluidity"
                    },
                    {
                        "word": "microsome"
                    },
                    {
                        "word": "mitochondria"
                    },
                    {
                        "word": "mulberry leaf extract"
                    },
                    {
                        "word": "nucrosome 획분"
                    },
                    {
                        "word": "o-phthalaldehyde법"
                    },
                    {
                        "word": "sodium chloride"
                    },
                    {
                        "word": "starch"
                    },
                    {
                        "word": "sucrose"
                    },
                    {
                        "word": "고콜레스테롤혈증"
                    },
                    {
                        "word": "균질 완충용액"
                    },
                    {
                        "word": "뇌세포 획분"
                    },
                    {
                        "word": "마이크로솜획분"
                    },
                    {
                        "word": "무기질"
                    },
                    {
                        "word": "미토콘드리아"
                    },
                    {
                        "word": "뽕나무"
                    },
                    {
                        "word": "뽕잎 메탄올 추출물"
                    },
                    {
                        "word": "뽕잎 메탄을 추출물"
                    },
                    {
                        "word": "사료조성"
                    },
                    {
                        "word": "섬유질"
                    },
                    {
                        "word": "세포막 유동성"
                    },
                    {
                        "word": "실험용 기본사료"
                    },
                    {
                        "word": "콜레스테롤"
                    },
                    {
                        "word": "표준 검량선"
                    },
                    {
                        "word": "항온항습"
                    },
                    {
                        "word": "형광 probe"
                    },
                    {
                        "word": "형광 분광법"
                    },
                    {
                        "word": "획분"
                    }
                ]
            },
            {
                "context_id": "55e-0c9-814d498b-1a9d-4612-b19f-807e8d7a7721",
                "context_K-NSCC": {
                    "field": "생명",
                    "large_category": "LA",
                    "medium_category": "01"
                },
                "context": "<h1>결과 및 고찰</h1><h2>뇌조직의 콜레스테롤 함량의 변화</h2><p>SD계 랫트에 뽕잎 추출물(MLE)을 각각 \\(100\\) 및 \\( 300 \\mathrm{mg} / \\) \\( \\mathrm{kg} \\) BW를 6주간 투여하여 본 결과, 뇌조직 중의 콜레스테롤의 함량변화는 Table 1에서 보는 바와 같이 mitochondria 획분에서는 MLE-100 및 MLE-300 투여그룹의 콜레스테롤의 함량은 \\( 101.85 \\pm 5.26 \\) 및 \\( 105.80 \\pm 8.97 \\mathrm{mg} / \\mathrm{g} \\) protein으로서 대조그룹\\( (101.17 \\pm 8.61 \\mathrm{mg} / \\mathrm{g} \\) protein : \\( 100 \\%) \\) 대비 각각 \\( 0.7 \\% \\) 및 \\( 4.6 \\% \\)의 콜레스테롤 함량이 증가하였다. 그러나 microsome 획분에서는 MLE-100 및 MLE-300 투여그룹이 \\(93.21\\pm 6.07\\) 및 \\( 90.01 \\pm \\) \\( 5.56 \\mathrm{mg} / \\mathrm{g} \\) protein으로서 대조그룹\\( (95.36 \\pm 5.49 \\mathrm{mg} / \\mathrm{g} \\) protein: \\( 100 \\%) \\) 대비 \\( 2.3 \\% \\) 및 \\( 5.6 \\% \\)나 감소하였지만, 유의적인 콜레스테롤의 억제효과는 인정할 수 없었다. 그렇지만, 뽕잎 추출물 투여그룹(MLE-100 및 MLE-300)의 혈청 중의 콜레스테롤이나 LDL 및 HDL-콜레스테롤의 함량이 대조그룹 대비 유의적인 억제효과를 기대할 수 없었다는 사실을 감안한다면 뇌조직은 매우 민감한 장기로서, 지나친 변화가 오히려 더욱 문제를 야기할 수 있을 것이기 때문에 뇌조직에서의 유의성이 없는 변화가 오히려 장점으로 작용할 것으로 기대된다. 이러한 사실은 간장 조직의 mitochondria 및 microsome 획분에서는 뽕잎 추출물 투여에 의하여 어느 정도의 콜레스테롤의 억제효과가 인정되었다는 사실과는 상당히 차이가 있음을 알 수 있다.</p><h2>세포막 유동성의 평가</h2><p>성인병(chronic degenerative disease)이란 연령의 증가에 따라 어떤 원인에 의하여 세포막의 유동성이 지장을 받아서 성인병을 유발할 뿐만 아니라 노화까지 촉진하게 된다. 이러한 사실은 1932년 Cannon이 제창했던 <Homeostasis Theory>와 마찬가지로 생체의 항상성(homeostasis)만큼 중요한 것은 없다. 그 이유는 세포막 유동성(membrane fluidity : MF)이 좋아야 항상성을 유지할 수 있고 체내 대사가 원만하게 진행될 수 있기 때문이다.</p><p>따라서 뽕잎 추출물을 SD계 렛트에 6주 동안 투여한 다음, 뇌조직의 세포막 유동성(membrane fluidity: MF)을 측정하여 본 결과는 Table 2에서 보는 바와 같이 뽕잎 추출물(MLE) 투여그룹의 세포막 유동성(MF)에 미치는 영향을 비교하여 보면 MLE-100 및 MLE-300 투여그룹에 의한 뇌조직 중의 mitochondria 획분은 세포막 유동성이 대조그룹 대비 각각 \\( 2.2 \\% \\) 및 \\( 5.1 \\% \\)의 증가현상을 나타내고 있었다. 그렇지만, MLE-100 및 MLE-300 투여그룹에 의한 뇌조직 중의 microsome 획분의 MF는 \\( 3.17 \\pm 0.21 \\) 및 \\( 3.48 \\pm 0.28 \\% \\) polarization으로서 대조그룹 \\( (3.02 \\pm 0.23 \\% \\) polarization ; \\( 100 \\%) \\) 대비 각각 \\( 5.0 \\% \\) 및 \\( 15.2 \\% \\)의 매우 효과적인 MF의 증가현상을 나타내고 있었다.</p>",
                "context_length": 1854,
                "clue": [
                    {
                        "clue_text": "이러한 사실은 간장 조직의 mitochondria 및 microsome 획분에서는 뽕잎 추출물 투여에 의하여 어느 정도의 콜레스테롤의 억제효과가 인정되었다는 사실과는 상당히 차이가 있음을 알 수 있다.",
                        "clue_start": "922",
                        "clue_end": "1034"
                    },
                    {
                        "clue_text": "성인병(chronic degenerative disease)이란 연령의 증가에 따라 어떤 원인에 의하여 세포막의 유동성이 지장을 받아서 성인병을 유발할 뿐만 아니라 노화까지 촉진하게 된다.",
                        "clue_start": "1061",
                        "clue_end": "1166"
                    },
                    {
                        "clue_text": "그 이유는 세포막 유동성(membrane fluidity : MF)이 좋아야 항상성을 유지할 수 있고 체내 대사가 원만하게 진행될 수 있기 때문이다.",
                        "clue_start": "1256",
                        "clue_end": "1339"
                    },
                    {
                        "clue_text": "그렇지만, MLE-100 및 MLE-300 투여그룹에 의한 뇌조직 중의 microsome 획분의 MF는 \\( 3.17 \\pm 0.21 \\) 및 \\( 3.48 \\pm 0.28 \\% \\) polarization으로서 대조그룹 \\( (3.02 \\pm 0.23 \\% \\) polarization ; \\( 100 \\%) \\) 대비 각각 \\( 5.0 \\% \\) 및 \\( 15.2 \\% \\)의 매우 효과적인 MF의 증가현상을 나타내고 있었다.",
                        "clue_start": "1610",
                        "clue_end": "1850"
                    }
                ],
                "terminology": [
                    {
                        "word": "BW"
                    },
                    {
                        "word": "HDL-콜레스테롤"
                    },
                    {
                        "word": "LDL"
                    },
                    {
                        "word": "MF"
                    },
                    {
                        "word": "SD계 랫트"
                    },
                    {
                        "word": "SD계 렛트"
                    },
                    {
                        "word": "microsome"
                    },
                    {
                        "word": "mitochondria"
                    },
                    {
                        "word": "polarization"
                    },
                    {
                        "word": "protein"
                    },
                    {
                        "word": "간장 조직"
                    },
                    {
                        "word": "생체의 항상성"
                    },
                    {
                        "word": "성인병"
                    },
                    {
                        "word": "세포막 유동성"
                    },
                    {
                        "word": "획분"
                    }
                ]
            },
            {
                "context_id": "55e-0c9-683597fe-2fde-461d-9116-5986e7fe98ed",
                "context_K-NSCC": {
                    "field": "생명",
                    "large_category": "LA",
                    "medium_category": "01"
                },
                "context": "<p>\\( 50 \\mathrm{mM} \\) 인산완충용액 \\( (\\mathrm{pH} \\) 7.2, \\( 2,750 \\mu l) \\), 증류수 \\( (250 \\mu l) \\), 시료 \\( (100 \\mu \\ell) \\) 를 첨가◦혼합하여 \\( 37^{\\circ} \\mathrm{C} \\) 항온 수조에서 5 분간 방치한 다음, probe인 \\( 0.167 \\mathrm{mM} \\) TMA-DPH[1-(4-trimethylammoniumphenyl)-6-phenyl-1,3,5-hexa-triene, \\( p \\)-toluene-sulfonate] 용액을 \\( 6.67 \\mu \\ell \\)를 첨가◦혼합하여 \\( 37^{\\circ} \\mathrm{C} \\) 항온 수조에서 shaking하면서 30분간 반응시킨 후 \\( 37^{\\circ} \\mathrm{C} \\)을 유지하면서 형광광도계를 이용하여 \\( 360 \\mathrm{~nm} \\) (excitation)와 \\( 430 \\mathrm{~nm} \\) emission)에서 측정하였다.</p><h2>기초 및 유도산소라디칼의 정량</h2><p>뇌획분중에 있어서 산화적 스트레스(oxidative stress)의 유무를 확인하기 위해서 DCF-DA \\( \\left(2^{\\prime}, 7^{\\prime}\\right. \\)-dichlorofluorescein diacetate)을 probe로 이용한 뇌세포의 mitochondria와 microsome획분의 기초활성산소(basal oxygen radical : BOR)의 생성량의 측정은 Lebel 등의 방법에 따라 측정하였다. BOR의 측정은 기저상테와 라디칼 생성을 유도하기 위해 ascorbic acid와 \\( \\mathrm{FeSO}_{4} \\cdot 7 \\mathrm{H}_{2} \\mathrm{O} \\)로 자극한 유도상태의 두 가지 조건에서 비교 측정하였다. 기저상태와 라디칼 유도의 경우 모두 시료 \\( 500 \\mu \\ell \\)를 환충용액 \\( (40 \\mathrm{mM} \\) Tris- \\( \\mathrm{HCl} \\) buffer \\( \\mathrm{pH} \\) 7.4)으로 10배 희석하고, probe인 \\( 5 \\mu \\mathrm{M} \\mathrm{DCF}- \\) DA (Molecular probe, USA) \\( 12 \\mu \\)를 첨가, \\( 10,000 \\mathrm{rpm} 8 \\)분간 원심분리한다. 잔사를 \\( 40 \\mathrm{mM} \\) Tris- \\( \\mathrm{HCl} 3.0 \\mathrm{ml} \\)에 녹인 후 라디칼 유도상태의 경우에는 \\( 1.0 \\mathrm{mM} \\) ascorbic acid \\( (300 \\mu \\ell) \\)와 \\( 100 \\mu \\mathrm{M} \\mathrm{FeSO}_{4} \\cdot 7 \\mathrm{H}_{2} \\mathrm{O}(150 \\mu \\ell 1) \\)를 혼합하였고 기저상태의 경우는 아무것도 첨가하지 않았다.</p><p>이후 \\( 37^{\\circ} \\mathrm{C} \\)에서 30분간 반응시킨 후 \\( 37^{\\circ} \\mathrm{C} \\) 유지하면서 형광 강도의 변화를 형광광도계를 이용하여 \\( 488 \\mathrm{~nm} \\) (excitation)와 \\( 525 \\mathrm{~nm} \\) (emission)에서 측정하였다. 이 때 형광강도의 변화를 \\( 2^{\\prime}, 7^{\\prime} \\)-dichiorofluorescein diacetate (DCF-DA)을 표준품으로 해서 표준검량선에 의하여 생성된 DCF의 양( \\( (\\mathrm{nmol} / \\mathrm{mg} \\) protein/min)으로 환산하고, 이 양으로써 기초산소라디칼 (basal oxygen radical: BOR) 및 유도산소라디칼(induced oxygen radical: IOR)의 산소라디칼 생성량으로 정량하였다.</p><h2>산화적 스트레스의 분석</h2><p>뇌획분중의 과산화지질의 함량은 저자 등이 사용한 방법에 따라 분광광도계를 사용하여 TBA법으로 말론디알데히드(malondialdehyde: MDA) )의 함랑을 측정하여 과산 화지질(lipid peroxide : LPO)의 함량으로 정량하였다. 또한 뇌조직획분으로서 mitochondria와 microsome의 산화단백질(oxidized protein: OP)의 생성량은 Levine 등의 방법에 따라 carbonyl group의 생성량을 측정하여 OP의 함량을 정량하였다. carbonyl group의 양은 \\( 360 \\mathrm{~nm} \\) 와 370 \\( \\mathrm{nm} \\)사이에 있는 흡광도의 파장에서 분자흡광계수 \\( (E=22,000) \\)를 이용하여 계산하였다.</p><h2>분석결과의 처리</h2><p>본 연구의 모든 실험결과는 통계 처리하여 평균치와 표준편차를 계산하였으며, 각 실험군간의 유의성 검정은 Student's t-test로 실시하였다.</p>",
                "context_length": 2447,
                "clue": [
                    {
                        "clue_text": "뇌획분중에 있어서 산화적 스트레스(oxidative stress)의 유무를 확인하기 위해서 DCF-DA \\( \\left(2^{\\prime}, 7^{\\prime}\\right. \\)-dichlorofluorescein diacetate)을 probe로 이용한 뇌세포의 mitochondria와 microsome획분의 기초활성산소(basal oxygen radical : BOR)의 생성량의 측정은 Lebel 등의 방법에 따라 측정하였다.",
                        "clue_start": "554",
                        "clue_end": "796"
                    },
                    {
                        "clue_text": "BOR의 측정은 기저상테와 라디칼 생성을 유도하기 위해 ascorbic acid와 \\( \\mathrm{FeSO}_{4} \\cdot 7 \\mathrm{H}_{2} \\mathrm{O} \\)로 자극한 유도상태의 두 가지 조건에서 비교 측정하였다.",
                        "clue_start": "797",
                        "clue_end": "931"
                    },
                    {
                        "clue_text": "뇌획분중의 과산화지질의 함량은 저자 등이 사용한 방법에 따라 분광광도계를 사용하여 TBA법으로 말론디알데히드(malondialdehyde: MDA) )의 함랑을 측정하여 과산 화지질(lipid peroxide : LPO)의 함량으로 정량하였다.",
                        "clue_start": "1953",
                        "clue_end": "2089"
                    },
                    {
                        "clue_text": "이 때 형광강도의 변화를 \\( 2^{\\prime}, 7^{\\prime} \\)-dichiorofluorescein diacetate (DCF-DA)을 표준품으로 해서 표준검량선에 의하여 생성된 DCF의 양( \\( (\\mathrm{nmol} / \\mathrm{mg} \\) protein/min)으로 환산하고, 이 양으로써 기초산소라디칼 (basal oxygen radical: BOR) 및 유도산소라디칼(induced oxygen radical: IOR)의 산소라디칼 생성량으로 정량하였다.",
                        "clue_start": "1653",
                        "clue_end": "1925"
                    },
                    {
                        "clue_text": "또한 뇌조직획분으로서 mitochondria와 microsome의 산화단백질(oxidized protein: OP)의 생성량은 Levine 등의 방법에 따라 carbonyl group의 생성량을 측정하여 OP의 함량을 정량하였다.",
                        "clue_start": "2090",
                        "clue_end": "2218"
                    }
                ],
                "terminology": [
                    {
                        "word": "BOR"
                    },
                    {
                        "word": "DA"
                    },
                    {
                        "word": "DCF"
                    },
                    {
                        "word": "DCF-DA"
                    },
                    {
                        "word": "IOR"
                    },
                    {
                        "word": "LPO"
                    },
                    {
                        "word": "Levine 등의 방법"
                    },
                    {
                        "word": "MDA"
                    },
                    {
                        "word": "OP"
                    },
                    {
                        "word": "Student's t-test"
                    },
                    {
                        "word": "TBA법"
                    },
                    {
                        "word": "ascorbic acid"
                    },
                    {
                        "word": "buffer"
                    },
                    {
                        "word": "carbonyl group"
                    },
                    {
                        "word": "dichiorofluorescein diacetate"
                    },
                    {
                        "word": "microsome"
                    },
                    {
                        "word": "microsome획분"
                    },
                    {
                        "word": "mitochondria"
                    },
                    {
                        "word": "oxygen radical"
                    },
                    {
                        "word": "peroxide"
                    },
                    {
                        "word": "probe"
                    },
                    {
                        "word": "t-test"
                    },
                    {
                        "word": "과산화지질"
                    },
                    {
                        "word": "기저상태"
                    },
                    {
                        "word": "기초산소라디칼"
                    },
                    {
                        "word": "기초활성산소"
                    },
                    {
                        "word": "뇌조직획분"
                    },
                    {
                        "word": "뇌획분중"
                    },
                    {
                        "word": "라디칼 유도상태"
                    },
                    {
                        "word": "말론디알데히드"
                    },
                    {
                        "word": "분광광도계"
                    },
                    {
                        "word": "분자흡광계수"
                    },
                    {
                        "word": "산소라디칼"
                    },
                    {
                        "word": "산화단백질"
                    },
                    {
                        "word": "산화적 스트레스"
                    },
                    {
                        "word": "시료"
                    },
                    {
                        "word": "원심분리"
                    },
                    {
                        "word": "유도산소라디칼"
                    },
                    {
                        "word": "유의성 검정"
                    },
                    {
                        "word": "인산완충용액"
                    },
                    {
                        "word": "잔사"
                    },
                    {
                        "word": "증류수"
                    },
                    {
                        "word": "통계 처리"
                    },
                    {
                        "word": "파장"
                    },
                    {
                        "word": "표준검량선"
                    },
                    {
                        "word": "표준편차"
                    },
                    {
                        "word": "표준품"
                    },
                    {
                        "word": "형광 강도"
                    },
                    {
                        "word": "형광광도계"
                    },
                    {
                        "word": "흡광도"
                    },
                    {
                        "word": "희석"
                    }
                ]
            },
            {
                "context_id": "55e-0c9-35640a70-4fa5-45fe-8c80-918cfdf63044",
                "context_K-NSCC": {
                    "field": "생명",
                    "large_category": "LA",
                    "medium_category": "01"
                },
                "context": "<h2>산화적 스트레스의 평가</h2> <p>활성산소의 공격목표는 조직세포중의 지질, 단백질 및 핵산 성분을 공격하여 각각 과산화지질(Iipid peroxide: LPO), 산화단백질(oxidized protein: OP), 핵산의 돌연변이 등이 생성될 수 있다. 이들 산화적 스트레스의 평가에는 LPO는 말론디알데히드(malondialdehyde: MDA), OP는 카르보닐 그룹 (>C \\( =\\mathrm{O} \\) group \\( ) \\) 의 측정 및 핵산의 산화는 8-OHdG의 생성량을 측정하여 평가한다.</p> <h3>과산화지질의 생성 억제효과</h3> <p>세포막의 지질이 활성산소의 공격을 받아 산화될 때 생성되는 LPO는 강력한 세포독성 때문에 성인병과 노화의 지표물질로 알려져 있다. 노화의 가장 중요한 학설로서 Harman(1956)의 〈Free Radical Theory〉, Yu,Yu 및 Yang의〈Oxidative Stress Theory〉 에 따라 뇌조직중의 지질성분의 산화적 스트레스로서 과산회지질(lipid peroxide: LPO) 생성에 미치는 뽕잎 추출물의 영향을 분석◦비교하여 보면 Fig. 1 과 같다.</p> <p>뇌조직 획분중의 LPO의 셍성에 미치는 뽕잎 추출물 (MLE) 투여의 영향은 하루에 MLE-100 및 MLE-300mg/ \\( \\mathrm{kg} \\) BW로써 6주동안 투여한 결과, 뇌조직의 mitochondria획분에서는 대조그룹 대비 각각 \\( 8.5 \\% \\) 및 \\( 18.1 \\% \\) 로서 용량의존적으로 \\( \\mathrm{LPO} \\) 의 생성을 억제하였고, 뇌조직의 microsome획분도 MLE-100 및 MLE-300 투여그룹은 대조그룹 대비 각각 \\( 7.6 \\% \\) 및 \\( 12.3 \\% \\) 로서 역시 용량의존적으로 \\( \\mathrm{LPO} \\)의 생성 억제효과가 인정되었다. 이러한 사실은 전보의 간장의 LPO 생성 억제효과와는 달리 뇌조직은 활성산소에 매우 취약하기 때문에 철저하게 LPO 생성을 억제하고 있음을 알 수 있었다.</p> <p>어떻든 뽕잎 추출물의 투여는 활성산소의 생성을 효과적으로 감소시켜 LPO의 생성을 억제한다는 사실은 매우 중요한 의미를 갖는다. 특히 뇌조직이기 때문에 성인병 뿐만 아니라 신경장해를 수반하는 노인성 치매나 파킨스씨병 등을 억제하는데 뽕잎 추출물이 매우 효과적일 것으로 추정된다.</p> <h3>산화단백질의 생성 억제효과</h3> <p>한편 뇌조직의 단백질 성분이 활성산소의 공격을 받아 셍성되는 카르보널 그룹(>C=O group)의 함량을 측정하</p> <p>여 산화단백질(oxidized protein: OP)의 생성량을 평가하여 본 결과는 Fig. 2에서 보는 바와 같이 MLE-100 및 MLE-300 그룹의 OP의 생성량은 mitochondria획분에서 대조그룹 대비 \\( 4.3 \\) 및 \\( 14.2 \\% \\) 의 범위에서 OP의 생성 억제효과가 용량 의존적으로 나타났을 뿐만 아니라 microsome획분에서 대 조그룹 대비 각각 \\( 10.0 \\% \\) 및 \\( 10.9 \\% \\)의 비교적 높은 OP의 생성 억제효과가 인정되었다.</p> <p>따라서 뇌조직의 OP생성 억제효과도 간장의 OP의 생성 억제효과와 거의 유사한 경향을 나타내고 있었지만, 그래도 뇌조직의 OP 생성 억제효과가 간장조직보다 더 크다는 사실을 알 수 있다. 이러한 사실도 뇌조직이라는 특수한 장기일 뿐만 아니라 조직획분에 따라 산화적 스트레스를 반는 작용 메카니즘에 차이가 있을 것으로 기대된다.</p>",
                "context_length": 1750,
                "clue": [
                    {
                        "clue_text": "이들 산화적 스트레스의 평가에는 LPO는 말론디알데히드(malondialdehyde: MDA), OP는 카르보닐 그룹 (>C \\( =\\mathrm{O} \\) group \\( ) \\) 의 측정 및 핵산의 산화는 8-OHdG의 생성량을 측정하여 평가한다.",
                        "clue_start": "148",
                        "clue_end": "288"
                    },
                    {
                        "clue_text": "세포막의 지질이 활성산소의 공격을 받아 산화될 때 생성되는 LPO는 강력한 세포독성 때문에 성인병과 노화의 지표물질로 알려져 있다.",
                        "clue_start": "320",
                        "clue_end": "393"
                    },
                    {
                        "clue_text": "이러한 사실은 전보의 간장의 LPO 생성 억제효과와는 달리 뇌조직은 활성산소에 매우 취약하기 때문에 철저하게 LPO 생성을 억제하고 있음을 알 수 있었다.",
                        "clue_start": "934",
                        "clue_end": "1020"
                    },
                    {
                        "clue_text": "어떻든 뽕잎 추출물의 투여는 활성산소의 생성을 효과적으로 감소시켜 LPO의 생성을 억제한다는 사실은 매우 중요한 의미를 갖는다.",
                        "clue_start": "1028",
                        "clue_end": "1099"
                    },
                    {
                        "clue_text": "따라서 뇌조직의 OP생성 억제효과도 간장의 OP의 생성 억제효과와 거의 유사한 경향을 나타내고 있었지만, 그래도 뇌조직의 OP 생성 억제효과가 간장조직보다 더 크다는 사실을 알 수 있다.",
                        "clue_start": "1564",
                        "clue_end": "1668"
                    }
                ],
                "terminology": [
                    {
                        "word": "8-OHdG"
                    },
                    {
                        "word": "BW"
                    },
                    {
                        "word": "Harman"
                    },
                    {
                        "word": "LPO"
                    },
                    {
                        "word": "MDA"
                    },
                    {
                        "word": "OP"
                    },
                    {
                        "word": "Radical"
                    },
                    {
                        "word": "microsome획분"
                    },
                    {
                        "word": "mitochondria획분"
                    },
                    {
                        "word": "간장조직"
                    },
                    {
                        "word": "과산화지질"
                    },
                    {
                        "word": "노화의 지표물질"
                    },
                    {
                        "word": "뇌조직 획분중"
                    },
                    {
                        "word": "단백질"
                    },
                    {
                        "word": "대조그룹"
                    },
                    {
                        "word": "돌연변이"
                    },
                    {
                        "word": "말론디알데히드"
                    },
                    {
                        "word": "메카니즘"
                    },
                    {
                        "word": "뽕잎 추출물"
                    },
                    {
                        "word": "산화"
                    },
                    {
                        "word": "산화단백질"
                    },
                    {
                        "word": "산화적 스트레스"
                    },
                    {
                        "word": "생성 억제효과"
                    },
                    {
                        "word": "성인병"
                    },
                    {
                        "word": "세포독성"
                    },
                    {
                        "word": "세포막"
                    },
                    {
                        "word": "용량의존적"
                    },
                    {
                        "word": "전보"
                    },
                    {
                        "word": "조직세포중"
                    },
                    {
                        "word": "조직획분"
                    },
                    {
                        "word": "지질"
                    },
                    {
                        "word": "지질성분"
                    },
                    {
                        "word": "카르보널 그룹"
                    },
                    {
                        "word": "카르보닐 그룹"
                    },
                    {
                        "word": "파킨스씨병"
                    },
                    {
                        "word": "핵산"
                    },
                    {
                        "word": "핵산 성분"
                    },
                    {
                        "word": "활성산소"
                    }
                ]
            },
            {
                "context_id": "55e-0c9-merge_2_8a2ae4d1-3bacd380-3f4b-44ae-99af-df3035027520_06",
                "context_K-NSCC": {
                    "field": "생명",
                    "large_category": "LA",
                    "medium_category": "01"
                },
                "context": "<h1>요 약</h1> <p>뽕잎 추출물(MLE)을 \\( \\mathrm { SD } \\)계 랫트에 하루 100 및 300 \\( \\mathrm { mg } / \\mathrm { kg } \\mathrm { BW } \\)로써 6주간 투여한 결과, 뇌조직에서 MLE-100투여그룹에서는 유의적인 콜레스테롤의 억제효과를 거의 인정 할 수 없었지만, MLE-300투여그룹에서는 mitochondria 및 microsome획분에서 대조그룹 대비 각각 \\( 4.6 \\% \\) 및 \\( 5.6 \\% \\) 정도의 콜레스테롤익 억제효과가 나타났다. MLE-100 및 MLE-300 투여그룹은 mitochondria획분에서 대조그룹 대비 \\( 2.2 \\% \\) 및 \\(5.1 \\% \\)의 세포막 유동성(MF)의 증가효과가 인정되었지만, microsome획분에서는 MLE-100 및 MLE-300 투여그룹은 대조그룹 대비 각각 \\( 5.0 \\% \\) 및 \\( 15.2 \\% \\)의 \\( \\mathrm { MF } \\) 의 현저한 증가효과가 인정되었지만, \\( \\mathrm { MLE } -300 \\) 투여그룹에서만 유의성이 인정되었다. MLE-100 및 MLE-300 투여그룹의 두 획분에서 대조그룹 대비 각각 \\( 15.7 \\% \\) 및 \\( 25.1 \\%, 9.0 \\% \\) 및 \\( 12.4 \\% \\) 의 매우 효과적인 BOR의 생성 억제효과가 인정되었고, MLE-100 및 MLE-300 투여그룹의 두 획분에서 TOR의 생성억제 효과는 대조그륩 대비 각각 \\( 8.9 \\% \\) 및 \\( 13.1 \\%, 16.5 \\% \\) 및 \\( 23.2 \\% \\)로서, 매우 효과적인 OR 의 생성 억제효과가 인정되었다. mitochondria획분에서 MLE-100 및 MLE-300투여그룹은 대조그룹 대비 각각 \\( 8.5 \\% \\) 및 \\( 18.1 \\% \\) 의 과산화지질(LPO)의 생성 억제효과가 인정되었지만, microsome획분에서는 대조그륩 대비 각각 \\( 7.6 \\% \\) 및 \\( 12.3 \\% \\) 의 \\( \\mathrm { LPO } \\) 생성 억제효과가 인정되었다. MLE-100 및 MLE-300투여그룹은 mitochondria획분에서 대조그룹 대비 \\( 4.3 \\% \\) 및 \\( 14.2 \\% \\) 의 산화단백(OP) 생성 억제효과가 인정되었고, microsome획분에서는 MLE-100 및 \\( \\mathrm { MLE } 300 \\) 그룹은 대조그룹 대비 각각 \\( 10.0 \\% \\) 및 \\( 10.9 \\% \\) 의 유의적인 \\( \\mathrm { OP } \\)의 생성 억제효과가 인정되었다. 이상의 결과에서 뽕잎 추출물의 투여는 뇌조직의 콜레스테롤 침착 억제 효과로 인하여 세포막 유동성을 효과적으로 증가시킬 뿐만 아니라 강력한 활성산소(BOR/IOR) 의 생성 억제효과 때문에 뇌조직의 과산화지질(LPO) 밎 산화단백질(OP)의 생성을 매우 효과적으로 억제하여 뇌기능관련 노화과정을 효과적으로 방지할 수 있을 것으로 기대된다.</p>",
                "context_length": 1480,
                "clue": [
                    {
                        "clue_text": "뽕잎 추출물(MLE)을 \\( \\mathrm { SD } \\)계 랫트에 하루 100 및 300 \\( \\mathrm { mg } / \\mathrm { kg } \\mathrm { BW } \\)로써 6주간 투여한 결과, 뇌조직에서 MLE-100투여그룹에서는 유의적인 콜레스테롤의 억제효과를 거의 인정 할 수 없었지만, MLE-300투여그룹에서는 mitochondria 및 microsome획분에서 대조그룹 대비 각각 \\( 4.6 \\% \\) 및 \\( 5.6 \\% \\) 정도의 콜레스테롤익 억제효과가 나타났다.",
                        "clue_start": "16",
                        "clue_end": "295"
                    },
                    {
                        "clue_text": "이상의 결과에서 뽕잎 추출물의 투여는 뇌조직의 콜레스테롤 침착 억제 효과로 인하여 세포막 유동성을 효과적으로 증가시킬 뿐만 아니라 강력한 활성산소(BOR/IOR) 의 생성 억제효과 때문에 뇌조직의 과산화지질(LPO) 밎 산화단백질(OP)의 생성을 매우 효과적으로 억제하여 뇌기능관련 노화과정을 효과적으로 방지할 수 있을 것으로 기대된다.",
                        "clue_start": "1288",
                        "clue_end": "1476"
                    }
                ],
                "terminology": [
                    {
                        "word": "BOR"
                    },
                    {
                        "word": "BW"
                    },
                    {
                        "word": "LPO"
                    },
                    {
                        "word": "MF"
                    },
                    {
                        "word": "MLE"
                    },
                    {
                        "word": "OP"
                    },
                    {
                        "word": "SD"
                    },
                    {
                        "word": "TOR"
                    },
                    {
                        "word": "mitochondria 및 microsome획분"
                    },
                    {
                        "word": "mitochondria획분"
                    },
                    {
                        "word": "과산화지질"
                    },
                    {
                        "word": "대조그룹"
                    },
                    {
                        "word": "랫트"
                    },
                    {
                        "word": "뽕잎 추출물"
                    },
                    {
                        "word": "산화단백질"
                    },
                    {
                        "word": "생성 억제효과"
                    },
                    {
                        "word": "생성억제"
                    },
                    {
                        "word": "세포막 유동성"
                    },
                    {
                        "word": "유의성"
                    },
                    {
                        "word": "콜레스테롤"
                    },
                    {
                        "word": "활성산소"
                    }
                ]
            },
            {
                "context_id": "55e-0c9-661cee91-e499-46e0-bf0d-bb3af82119b5",
                "context_K-NSCC": {
                    "field": "생명",
                    "large_category": "LA",
                    "medium_category": "01"
                },
                "context": "<p>이러한 사실은 Table 1 에서 보는 바와 같이 뽕잎 추출물의 투여에 의하여 뇌조직중의 콜레스테롤의 침착이 상대적으로 낮은 사실과 잘 일치한다고 평가할 수 있다. 어떻든 뽕잎 추출물의 투여가 가장 민감한 장기인 뇌조직의 세포 막의 유동성을 효과적으로 증가시킬수 있다는 사실은 매우 바람직한 효과로 평가할 수 있다.</p> <p>저자 등은 이미 뇌의 synaptosome획분의 세포막 유동성 MF을 측정하여 본 결과, 칼로리 제한에 의한 평균수명 연장효과도 세포막 유동성의 유의적인 중가효과와 매우 깊은 관계에 있다는 사실을 구명하여 학회에 보고한 적이 있다. 이처럼 세포막 운동성은 성인병의 억제 및 노확 방지와 깊은 상관관계가 있다는 사실이 과학적으로 입증된 결과라고 평가할 수 있다.</p> <h2>기초 및 유도산소라디칼의 평가</h2> <p>활성산소(oxygen radicals)는 셍체에 대한 유해한 독성 산소로서, 이것이 세포막의 지질성분이나 단백질 및 핵산을 공격하여 여러 가지 질병을 유발하고 노화를 촉진하는것으로 알려져 있다. 따라서 SD계 랫트에 대한 뽕잎 추출물(MLE)의 투여에 의한 활성산소의 생성량을 평가하기 위하여 기본적인 조건 및 \\( \\mathrm{Fe}^{2+} \\)-ascorbate로 유도한 활성산소를 각각 기초활성산소(basal oxygen radical : BOR) 및 유도활성산소(induced oxygen radical: IOR)로 구분하여 뇌조직의 활성산소 생성에 미치는 뽕잎 추출물의 영향을 분석◦평가하여 본 결과는 Table 3과 같다. 뇌조직에서 BOR의 생성량에 미치는 뽕잎 추출물(MLE)의 영향을 비교하여 보면 MLE-100 및 MLE-300 투여그룹의 mitochondria획분에서 BOR의 생성은 \\( 3.66 \\pm 0.29 \\) 및 \\( 3.25 \\pm 0.17 \\mathrm{nmol} / \\mathrm{mg} \\) protein/min로서 대조그룹 \\( (4.34 \\pm 0.53 \\mathrm{nmol} / \\mathrm{mg} \\) protein: \\( 100 \\%) \\) 대비 각각 \\( 15.7 \\% \\) 및 \\( 25.1 \\% \\) 의 매우 유의적인 BOR의 생성 억제호과가 인정되었을 뿐만 아니라 micosome획분에서도 BOR의 생성은 \\( 646 \\pm 0.52 \\) 및 \\( 6.22 \\pm 0.41 \\mathrm{nmol} / \\mathrm{mg} \\) protein/min으로서 대조그룹 \\( (7.10 \\pm 0.51 \\mathrm{nmol} / \\mathrm{mg} \\) protein/min: \\( 100 \\%) \\) 대비 각각 \\( 9.0 \\% \\) 및 \\( 12.4 \\% \\)의 매우 효과적인 \\( \\mathrm{BOR} \\)의 생성 억제호과가 인정되었다.</p> <p>마찬가지 방법으로 뇌조직획분중의 IOR의 생성량에 미치는 영향을 평가하여 보면 MLE-100 및 MLE-300 투여그룹의 mitochondria 및 microsome획분에서 IOR의 셍성 억제효과는 각각 \\( 8.9 \\% \\) 및 \\( 13.1 \\%, 16.5 \\% \\) 및 \\( 23.2 \\% \\) 의 유의적인 IOR의 생성 억제효과가 인정되었다. 따라서 뽕잎 추출물의 투여는 활성산소의 생성을 매우 효과적으로 억제할 수 있을 것으로 기대된다. 이상의 실험결과에서 평가하여 볼 때 뇌조직에서도 간장조직에서와 거의 같은 패턴으로 뽕잎 추출물이 활성산소를 매우 효과적으로 억제한다는 사실은 매우 의미가 있다고 판단된다.</p>",
                "context_length": 1732,
                "clue": [
                    {
                        "clue_text": "이러한 사실은 Table 1 에서 보는 바와 같이 뽕잎 추출물의 투여에 의하여 뇌조직중의 콜레스테롤의 침착이 상대적으로 낮은 사실과 잘 일치한다고 평가할 수 있다.",
                        "clue_start": "3",
                        "clue_end": "94"
                    },
                    {
                        "clue_text": "어떻든 뽕잎 추출물의 투여가 가장 민감한 장기인 뇌조직의 세포 막의 유동성을 효과적으로 증가시킬수 있다는 사실은 매우 바람직한 효과로 평가할 수 있다.",
                        "clue_start": "95",
                        "clue_end": "179"
                    },
                    {
                        "clue_text": "저자 등은 이미 뇌의 synaptosome획분의 세포막 유동성 MF을 측정하여 본 결과, 칼로리 제한에 의한 평균수명 연장효과도 세포막 유동성의 유의적인 중가효과와 매우 깊은 관계에 있다는 사실을 구명하여 학회에 보고한 적이 있다.",
                        "clue_start": "187",
                        "clue_end": "316"
                    },
                    {
                        "clue_text": "따라서 뽕잎 추출물의 투여는 활성산소의 생성을 매우 효과적으로 억제할 수 있을 것으로 기대된다.",
                        "clue_start": "1579",
                        "clue_end": "1632"
                    }
                ],
                "terminology": [
                    {
                        "word": "BOR"
                    },
                    {
                        "word": "IOR"
                    },
                    {
                        "word": "MF"
                    },
                    {
                        "word": "MLE"
                    },
                    {
                        "word": "SD계"
                    },
                    {
                        "word": "SD계 랫트"
                    },
                    {
                        "word": "basal"
                    },
                    {
                        "word": "induced oxygen radical"
                    },
                    {
                        "word": "microsome획분"
                    },
                    {
                        "word": "mitochondria"
                    },
                    {
                        "word": "mitochondria획분"
                    },
                    {
                        "word": "oxygen radical"
                    },
                    {
                        "word": "oxygen radicals"
                    },
                    {
                        "word": "radical"
                    },
                    {
                        "word": "radicals"
                    },
                    {
                        "word": "synaptosome"
                    },
                    {
                        "word": "간장조직"
                    },
                    {
                        "word": "구명"
                    },
                    {
                        "word": "기초활성산소"
                    },
                    {
                        "word": "단백질"
                    },
                    {
                        "word": "대조그룹"
                    },
                    {
                        "word": "랫트"
                    },
                    {
                        "word": "막의 유동성"
                    },
                    {
                        "word": "뽕잎 추출물"
                    },
                    {
                        "word": "상관관계"
                    },
                    {
                        "word": "생성 억제효과"
                    },
                    {
                        "word": "성인병"
                    },
                    {
                        "word": "세포"
                    },
                    {
                        "word": "세포막"
                    },
                    {
                        "word": "세포막 유동성"
                    },
                    {
                        "word": "억제효과"
                    },
                    {
                        "word": "유도산소라디칼"
                    },
                    {
                        "word": "유도활성산소"
                    },
                    {
                        "word": "지질성분"
                    },
                    {
                        "word": "콜레스테롤"
                    },
                    {
                        "word": "핵산"
                    },
                    {
                        "word": "활성산소"
                    }
                ]
            }
        ]
    }
}