{
    "dataset_info": {
        "identifier": "02-031-002-NL",
        "name": "기술과학 문서 요약 데이터",
        "category": "자연어",
        "last_updated": "2023-08-30"
    },
    "dataset": {
        "doc_id": "8a2ae4d1-12432392-e36d-43a4-92af-3b79a0d38aa4",
        "doc_type": "논문",
        "doc_title": {
            "kor": "훈련방법의 차이가 흰쥐의 혈액성분과 랩틴농도에 미치는 영향",
            "eng": ""
        },
        "doc_category": {
            "KDC": "470.5",
            "DDC": ""
        },
        "doc_number": {
            "ISSN": "1225-9918",
            "ISBN": "",
            "DOI": "",
            "UCI": ""
        },
        "doc_year": "2006",
        "doc_author": [
            "진영완"
        ],
        "doc_publisher": "한국생명과학회",
        "doc_license": "CC BY",
        "context_info": [
            {
                "context_id": "55e-0c9-merge_la_8a2ae4d1-12432392-e36d-43a4-92af-3b79a0d38aa4_01",
                "context_K-NSCC": {
                    "field": "생명",
                    "large_category": "LA",
                    "medium_category": "04"
                },
                "context": "<h2>실험처치</h2> <p>각 그룹의 실험동물은 1주간의 환경적응을 가지고 1주간의 적응훈련을 실시하였다. 그리고 본 훈련을 6주간 하여 총 8주간의 본 훈련을 실시하였다. 우선 트레드밀 훈련은 최초 \\( \\mathrm { 10 m/min } \\)의 속도로 10분간 운동을 실시하여 주 단위로 속도와 시간을 증가시켜 최종 \\( 20 \\mathrm { ~m/min } \\)의 속도로 60분간 실시하였다. 한편, 수영훈련은 \\( 63 \\mathrm { cm \\times 40cm \\times 18cm } \\)수조에서 10분간의 적응훈련을 실시하고 시간을 점차 늘려 최종 60 분간 실시하였다. 이는 Sheperd \\& Gollnik의 선행연구를 고려할 때, 최대 산소섭취량의 \\( 50\\sim60 \\% \\)정도 되는 운동강도라 할 수 있다.</p> <h2>채혈, 측정방법 및 자료처리</h2> <p>1주간의 환경적응, 1주간의 적응훈련 및 6주간의 본 훈련을 마친 뒤, 일시적인 트레드밀과 수영 운동의 효과를 배제하기 위하여 48시간 후에 복부 대동맥에서 전혈 채혈하였고, 무균처리된 해부도구를 가지고 신장주위와 정소주위의 지방 조직을 모두 취하여 무게측정을 하였다. 헐액성분중 트라이 글리세라이드는 triglycerides TG-test kit(Wako, japan)를 이용하여 glycerol-3-phosphate oxidase · p · cholorophenol 법에 의해 측정되었고, 인슐린은 Insulin-EIA test-kit을 사용하여 효소면역측정법으로 측정하였으며, 랩틴은 rat leptin RIA kit을 사용하여 radioimmunoassay법을 사용하여 측정하였다. 측정한 자료는 SPSS 통계 package를 이용하여 기술통계량을 산출하고, 세 그룹간에서 8주간 훈련에 따른 종속변수의 변화는 일원분산분석법을 이용하였으며, 가설검증의 유의수준은 0.05이하로 설정하였다.</p> <h1>결과 및 고찰</h1> <h2>체중 및 지방조직</h2> <p>규칙적인 트레드밀과 수영 훈련 전, 후의 체중의 변화와 지방조직의 변화는 Table 1 와 Table 2에 나타나 있다. 운동은 사용한 운동 방법에 크게 상관없이 주 3회 이상 몇 주간 꾸준하게 수행을 하면 감소하는 것으로 나타난다. 본 연구에서도 그룹 구분 후 최초 \\( 120.8 \\mathrm { ~g } , 115.4 \\mathrm { ~g } \\), 및 \\( 118.0 \\mathrm { ~g } \\)이 었던 체중이 8주후 각각 \\( 332.1 \\mathrm { ~g } , 274.5 \\mathrm { ~g } \\), 및 \\( 287.6 \\mathrm { ~g } \\)의 수치를 보여 통제군, 수영훈련군 및 트레드밀 훈련군의 순으로 크게나타나 트레드밀 훈련군에서 가장 적은 값을 보였다. 그리고 같은 기간의 비슷한 강도의 운동을 수행한 결과 체중 감소에는 트레드밀 훈련이 더 큰 효과를 보이는 것으로 나타났다. 이는 규칙적인 훈련 후 체중의 감소가 나타난다는 선행연구의 결과와 일치하지만 운동의 형태의 차이에서는 트레드밀과 같이 달리는 운동이 수영운동에 비해 체중감소에 큰 효과가 있다는 사실에 의미를 둘 수 있겠다. 한편, 본 연구에서는 체중뿐만이 아니라 지방조직의 변화를 함께 살펴보았는데, 본 연구에서 8주후 부고환 주위의 무게가 각각 \\( 11.8 \\mathrm { ~g } \\), \\( 4.12 \\mathrm { ~g } \\), 및 \\( 4.4 \\mathrm { ~g } \\)으로 나타나 통제군에 비해 트레드밀과 수영 훈련군에서 크게 감소하였고 트레드밀 훈련이 가장 적은 값을 보였다. 그리고 8주후 신장 주위의 무게는 각각 \\( 13.4 \\mathrm { ~g } , 3.8 \\mathrm { ~g } \\), 및 \\( 4.4 \\mathrm { ~g } \\)으로 나타나 역시 트레드밀 훈련이 가장 적은 값을 나타내었다. 본 연구를 통하여 규칙적인 트레드밀 및 수영 훈련은 체중의 감소와 더불어 신장 및 부고환 주위의 지방조직을 감소 시키는 것을 알 수 있었으며, 체중의 감소에서는 트레드밀 훈련이 가장 효과적임을 알 수 있었다 \\( ( \\mathrm { p <0.05}) \\). 추후 운동에 따른 체중의 변화 뿐만이 아니라 피하를 포함하는 조직 주변의 지방조직 변화에 대한 연구가 계속되어야 할 것이다.</p>",
                "context_length": 2128,
                "clue": [
                    {
                        "clue_text": "우선 트레드밀 훈련은 최초 \\( \\mathrm { 10 m/min } \\)의 속도로 10분간 운동을 실시하여 주 단위로 속도와 시간을 증가시켜 최종 \\( 20 \\mathrm { ~m/min } \\)의 속도로 60분간 실시하였다.",
                        "clue_start": "99",
                        "clue_end": "226"
                    },
                    {
                        "clue_text": "1주간의 환경적응, 1주간의 적응훈련 및 6주간의 본 훈련을 마친 뒤, 일시적인 트레드밀과 수영 운동의 효과를 배제하기 위하여 48시간 후에 복부 대동맥에서 전혈 채혈하였고, 무균처리된 해부도구를 가지고 신장주위와 정소주위의 지방 조직을 모두 취하여 무게측정을 하였다.",
                        "clue_start": "447",
                        "clue_end": "597"
                    },
                    {
                        "clue_text": "이는 규칙적인 훈련 후 체중의 감소가 나타난다는 선행연구의 결과와 일치하지만 운동의 형태의 차이에서는 트레드밀과 같이 달리는 운동이 수영운동에 비해 체중감소에 큰 효과가 있다는 사실에 의미를 둘 수 있겠다.",
                        "clue_start": "1452",
                        "clue_end": "1567"
                    },
                    {
                        "clue_text": "본 연구를 통하여 규칙적인 트레드밀 및 수영 훈련은 체중의 감소와 더불어 신장 및 부고환 주위의 지방조직을 감소 시키는 것을 알 수 있었으며, 체중의 감소에서는 트레드밀 훈련이 가장 효과적임을 알 수 있었다 \\( ( \\mathrm { p <0.05}) \\).",
                        "clue_start": "1910",
                        "clue_end": "2054"
                    }
                ],
                "terminology": [
                    {
                        "word": "Insulin-EIA test-kit"
                    },
                    {
                        "word": "SPSS 통계 package"
                    },
                    {
                        "word": "cholorophenol 법"
                    },
                    {
                        "word": "oxidase"
                    },
                    {
                        "word": "radioimmunoassay법"
                    },
                    {
                        "word": "rat leptin RIA kit"
                    },
                    {
                        "word": "triglycerides"
                    },
                    {
                        "word": "triglycerides TG-test kit"
                    },
                    {
                        "word": "기술통계량"
                    },
                    {
                        "word": "랩틴"
                    },
                    {
                        "word": "복부 대동맥"
                    },
                    {
                        "word": "부고환"
                    },
                    {
                        "word": "유의수준"
                    },
                    {
                        "word": "일원분산분석법"
                    },
                    {
                        "word": "전혈 채혈"
                    },
                    {
                        "word": "종속변수"
                    },
                    {
                        "word": "통제군"
                    },
                    {
                        "word": "트라이 글리세라이드"
                    },
                    {
                        "word": "트레드밀 훈련군"
                    },
                    {
                        "word": "피하"
                    },
                    {
                        "word": "환경적응"
                    },
                    {
                        "word": "효소면역측정법"
                    }
                ]
            },
            {
                "context_id": "55e-0c9-merge_la_8a2ae4d1-12432392-e36d-43a4-92af-3b79a0d38aa4_00",
                "context_K-NSCC": {
                    "field": "생명",
                    "large_category": "LA",
                    "medium_category": "04"
                },
                "context": "<h1>서 론</h1> <p>활동량의 감소, 높은 칼로리 섭취, 생활 스트레스 및 운동 부족 등으로 현대인들은 비만의 위협을 받으며 살아가고 있다. 현재 비만은 전 세계적으로 많은 성인병을 유발하는 심각한 질환중 하나로 인식되어져 오고 있으며 비만을 치료 및 예방하기 위해 영양섭취의 제한, 규칙적인 생활습관 등의 노력이 강조되지만 무엇보다 운동의 중요성이 부각되고 있다. 운동이 비만에 미치는 효과에 관한 연구로는 규칙적인 운동이 콜레스테롤 수치를 감소시킨다는 연구와 규칙적인 운동으로 비만으로 인한 성인병이 개선되었다는 연구 등이 있었다. 이러한 연구에 사용되어진 운동으로는 수영, 달리기 등이 주를 이루고 있으며, 대부분이 주3회의 운동을 6주이상 실시하였다. 한편, 랩틴은 지방조직에서 분비되어 중추신경 중 시상하부에 작용하여 식이조절과 에너지 대사에 관여하는 호르몬으로서, 체중조절 뿐만이 아니라 골격근 발달과 호흡중추에도 영향을 미치는 호르몬으로서 내분비계와 에너지 대사에 직접적인 영향을 미치는 호르몬으로 알려져 있으며, 특히, 뇌를 순환하면서 시상하부 수용체에 작용하여 식이를 억제하는 것으로 알려지면서 비만을 연구하는 분야에서 중요한 변인으로 인식되고 있다. 규칙적인 운동과 랩틴의 변화에 관한 연구로는 비만여성에서 규칙적인 운동이 체중과 랩틴 호르몬의 수치를 감소시킨다는 연구, 규칙적인 운동이 TNF- \\( \\alpha \\), IL-6 등의 싸이토카인 수치를 감소시키고 이것이 내피의 기능과 인슐린 민감성을 증가시켜 지방조직의 감소와 더불어 체중을 감소시킨다는 연구, 및 장기적인 L-arginine 투여와 운동프로그램이 제2형 당뇨병 환자의 랩틴 수치를 감소하여 인슐린 민감성을 증가시키고 비만을 치료한다는 연구 등이 있었다. 이제까지 비만을 예방하려는 운동으로는 적정한 강도의 장기간 운동이 효과가 있는 것으로 알려져 있지만 이러한 연구를 운동방법에 차이를 두고 일정한 강도의 운동 효과를 규명한 연구가 없었으며, 랩틴의 수치와 더불어 조직학적인 지방의 양과 콜레스테롤 및 인슐린의 수치를 함께 비교 분석한 연구는 없었다. 따라서 본 연구는 비슷한 강도의 규칙적인 수영과 트레드밀 훈련이 흰쥐의 체중, 지방량, 혈중 triglyceride, in-sulin, 및 랩틴 호르몬 변화에 미치는 영향을 살펴보고 운동이 비만에 미치는 영향을 과학적으로 분석하고자 한다.</p> <h1>재료 및 방법</h1> <h2>실험동물</h2> <p>충북 음성군에 위치한 D업체로부터 구입한 6주령의 SPF(specific pathogen free) Sprague-Dawley rat(110-130 \\( g \\))을 공급받아 D 대학교 실험동물실의 통제된 환경 \\( \\left (22 \\pm 2 ^ {\\circ } \\mathrm { C } , \\mathrm { RH } \\right . \\) \\( 50-60 \\% \\), and a \\( 12 \\mathrm { ~h } \\) photoperiod)에서 통제군 \\( ( \\mathrm { CG } , \\mathrm { n } = 10) \\), 트레드밀훈련군(TG, \\( \\mathrm { n } =10) \\), 수영훈련군(SG, \\( \\mathrm { n } =10) \\)의 세 그룹으로 구분하였다. 사육하는 동안 체중을 측정하였고, 무균음료와 멸균사료를 자유롭게 섭취하도록 등 최적의 환경을 제공하였다. 실험에 사용한 그룹별 신체적 특성은 Table 1에 나타나 있다.</p>",
                "context_length": 1695,
                "clue": [
                    {
                        "clue_text": "활동량의 감소, 높은 칼로리 섭취, 생활 스트레스 및 운동 부족 등으로 현대인들은 비만의 위협을 받으며 살아가고 있다.",
                        "clue_start": "16",
                        "clue_end": "82"
                    },
                    {
                        "clue_text": "현재 비만은 전 세계적으로 많은 성인병을 유발하는 심각한 질환중 하나로 인식되어져 오고 있으며 비만을 치료 및 예방하기 위해 영양섭취의 제한, 규칙적인 생활습관 등의 노력이 강조되지만 무엇보다 운동의 중요성이 부각되고 있다.",
                        "clue_start": "83",
                        "clue_end": "208"
                    },
                    {
                        "clue_text": "운동이 비만에 미치는 효과에 관한 연구로는 규칙적인 운동이 콜레스테롤 수치를 감소시킨다는 연구와 규칙적인 운동으로 비만으로 인한 성인병이 개선되었다는 연구 등이 있었다. 이러한 연구에 사용되어진 운동으로는 수영, 달리기 등이 주를 이루고 있으며, 대부분이 주3회의 운동을 6주이상 실시하였다.",
                        "clue_start": "209",
                        "clue_end": "372"
                    }
                ],
                "terminology": [
                    {
                        "word": "CG"
                    },
                    {
                        "word": "IL-6"
                    },
                    {
                        "word": "L-arginine"
                    },
                    {
                        "word": "SPF"
                    },
                    {
                        "word": "SPF(specific pathogen free)"
                    },
                    {
                        "word": "Sprague-Dawley"
                    },
                    {
                        "word": "Sprague-Dawley rat"
                    },
                    {
                        "word": "TNF-"
                    },
                    {
                        "word": "in-sulin"
                    },
                    {
                        "word": "pathogen"
                    },
                    {
                        "word": "골격근"
                    },
                    {
                        "word": "내피"
                    },
                    {
                        "word": "랩틴"
                    },
                    {
                        "word": "성인병"
                    },
                    {
                        "word": "수용체"
                    },
                    {
                        "word": "시상하부"
                    },
                    {
                        "word": "실험동물"
                    },
                    {
                        "word": "싸이토카인"
                    },
                    {
                        "word": "에너지 대사"
                    },
                    {
                        "word": "인슐린 민감성"
                    },
                    {
                        "word": "제2형 당뇨병"
                    },
                    {
                        "word": "중추신경"
                    },
                    {
                        "word": "지방조직"
                    },
                    {
                        "word": "콜레스테롤"
                    },
                    {
                        "word": "통제군"
                    },
                    {
                        "word": "트레드밀 훈련"
                    },
                    {
                        "word": "혈중"
                    },
                    {
                        "word": "혈중 triglyceride"
                    },
                    {
                        "word": "호르몬"
                    },
                    {
                        "word": "호흡중추"
                    }
                ]
            },
            {
                "context_id": "55e-0c9-merge_la_8a2ae4d1-12432392-e36d-43a4-92af-3b79a0d38aa4_02",
                "context_K-NSCC": {
                    "field": "생명",
                    "large_category": "LA",
                    "medium_category": "04"
                },
                "context": "<h2>Triglycerides 및 insulin</h2> <p>규칙적인 트레드밀과 수영 훈련 전, 후의 체중의 변화와 지방조직의 변화는 Table 2에 나타나 있다. 테이블에서 보듯이 훈련 후 지방조직의 변화는 각각 \\( 50.3 \\mathrm { ~g } , 29 \\mathrm { ~g } \\), 및 \\( 31.8 \\mathrm { ~g } \\)으로 통제군에 비해 트레드밀과 수영 훈련 후 통계적으로 유의하게 감소하였으며 \\( ( \\mathrm { p }<.05) \\), 이 중 트레드밀 훈련이 가장 낮은 수치를 나타내었다. 이는 운동 후 혈중 지방 수치가 감소한다는 여러 선행연구들과 일치하는 것으로 본 연구에서는 수영 훈련과 트레드밀 훈련 사이에 통계적인 차이를 보이지 않지만 같은 기간 비슷한 운동 강도에서는 트레드밀 훈련이 더 효과적으로 트라이글리세라이드를 감소 시킴을 알 수 있었다. 추후 이러한 원인을 규명하는 기전적인 연구가 진행되어져야 한다고 본다. 한편, 인슐린 호르몬의 수치는 각각 \\( 36.3 \\mathrm { ~g } , 22.0 \\mathrm { ~g } \\), 및 \\( 25.6 \\mathrm { ~g } \\)으로 나타나 통제군에 비해 트레드밀과 수영 훈련군이 현저하게 감소하였으며, 수영훈련군에 비해서 트레드밀 훈련군이 통계적으로 현저하게 낮은 값을 보였다 \\( ( \\mathrm { p }<.05) \\). 이는 운동 후 인슐린 호르몬 값이 같게 나타나거나 낮은 값을 보인다는 선행연구와 일치하게 나타났으며, 본 연구에서는 같은 기간의 비슷한 운동 강도에서 수영 훈련 보다는 트레드밀 훈련이 인슐린 호르몬의 수치를 감소 시켰다는데 큰 의의를 가진다고 볼 수 있다. 이는 규칙적인 훈련을 통하여 적은 량의 인슐린으로도 혈관에 있는 당을 필요한 조직으로 쉽게 운반할 수 있음을 의미한다.</p> <h2>랩틴</h2> <p>규칙적인 트레드밀과 수영 훈련 전, 후의 체중의 변화와 랩틴의 변화는 Table 2에 나타나 있다. 지방조직에서 분비되어 중추신경계 중 시상하부에 작용하여 식이조절과 에너지 대사, 체중조절과 골격근 발달, 호흡중추 및 뇌에도 관여하는 랩틴 호르몬은 규칙적인 유산소 훈련과 직접적으로 연관되어져 있어 많은 운동생리학자와 의학자들에게 관심이 되어왔다. 본 연구에서 8주간의 훈련 후 랩틴의 수치는 각각 \\( 4.01 \\mathrm { ng } / \\mathrm { m } \\ell, 0.62 \\mathrm { ng } / \\mathrm { m } \\ell \\), 및 \\( 0.65 \\mathrm { ng } / \\mathrm { m } \\ell \\)로 나타나 통제군에 비해 훈련군에서 현저하게 감소하는 것으로 나타났으며, 트레드밀 훈련군이 가장 낮은 값을 보였다. 이는 고지방 식이를 함에 따라 증가되던 랩틴의 수치가 규칙적인 유산소 훈련을 함에 따라 감소한다는 선행연구를 잘 반영하는 것으로 보인다. 그리고 일회성의 운동에는 랩틴 농도가 민감하게 반영하지 않는 다는 선행연구를 고려할 때, 랩틴은 운동과 직접 연관이 있는 중요한 호르몬으로 간헐적인 운동에서는 민감하게 반응하지 않고 규칙적인 운동에서 감소하는 호르몬으로 랩틴 호르몬의 감소에 수영 보다는 트레드밀 훈련이 더 큰 효과가 있음을 알 수 있다. 아울러, 다른 여러 변인 보다 운동을 통한 랩틴 호르몬의 변화를 주목하는 것이 비만 예방이나 치료에 핵심이 될 것으로 여겨진다.</p> <h1>요 약</h1> <p>본 연구는 비슷한 강도의 규칙적인 수영과 트레드밀 훈련이 흰쥐의 체중, 지방량, 혈중 triglyceride, insulin, 및 랩틴 호르몬 변화에 미치는 영향을 살펴보고 운동이 비만에 미치는 영향을 과학적으로 분석하고자 하였다. 본 연구의 결과로 규칙적인 훈련은 체중과 지방량을 감소시킬 뿐만이 아니라 혈중 triglyceride, insulin, 및 랩틴 호르몬을 감소시킴으로 비만 예방에 큰 효과가 있는 것으로 알려졌으며, 같은 기간의 비슷한 강도의 운동에서 수영 훈련 보다는 트레드밀 위에서 달리는 운동이 비만 예방에 더 큰 효과가 있는 것으로 나타났다. 추후 서로 다른 운동을 부여하여 운동생리학적인 변화를 비교할 뿐만이 아니라 이러한 원인을 규명하는 기전적인 연구가 진행되어져야 한다고 본다.</p>",
                "context_length": 2089,
                "clue": [
                    {
                        "clue_text": "테이블에서 보듯이 훈련 후 지방조직의 변화는 각각 \\( 50.3 \\mathrm { ~g } , 29 \\mathrm { ~g } \\), 및 \\( 31.8 \\mathrm { ~g } \\)으로 통제군에 비해 트레드밀과 수영 훈련 후 통계적으로 유의하게 감소하였으며 \\( ( \\mathrm { p }<.05) \\), 이 중 트레드밀 훈련이 가장 낮은 수치를 나타내었다.",
                        "clue_start": "94",
                        "clue_end": "296"
                    },
                    {
                        "clue_text": "이는 운동 후 혈중 지방 수치가 감소한다는 여러 선행연구들과 일치하는 것으로 본 연구에서는 수영 훈련과 트레드밀 훈련 사이에 통계적인 차이를 보이지 않지만 같은 기간 비슷한 운동 강도에서는 트레드밀 훈련이 더 효과적으로 트라이글리세라이드를 감소 시킴을 알 수 있었다.",
                        "clue_start": "297",
                        "clue_end": "446"
                    },
                    {
                        "clue_text": "훈련을 통하여 적은 량의 인슐린으로도 혈관에 있는 당을 필요한 조직으로 쉽게 운반할 수 있음을 의미한다.",
                        "clue_start": "847",
                        "clue_end": "905"
                    },
                    {
                        "clue_text": "지방조직에서 분비되어 중추신경계 중 시상하부에 작용하여 식이조절과 에너지 대사, 체중조절과 골격근 발달, 호흡중추 및 뇌에도 관여하는 랩틴 호르몬은 규칙적인 유산소 훈련과 직접적으로 연관되어져 있어 많은 운동생리학자와 의학자들에게 관심이 되어왔다.",
                        "clue_start": "981",
                        "clue_end": "1119"
                    },
                    {
                        "clue_text": "그리고 일회성의 운동에는 랩틴 농도가 민감하게 반영하지 않는 다는 선행연구를 고려할 때, 랩틴은 운동과 직접 연관이 있는 중요한 호르몬으로 간헐적인 운동에서는 민감하게 반응하지 않고 규칙적인 운동에서 감소하는 호르몬으로 랩틴 호르몬의 감소에 수영 보다는 트레드밀 훈련이 더 큰 효과가 있음을 알 수 있다.",
                        "clue_start": "1428",
                        "clue_end": "1598"
                    }
                ],
                "terminology": [
                    {
                        "word": "Triglycerides"
                    },
                    {
                        "word": "insulin"
                    },
                    {
                        "word": "triglyceride"
                    },
                    {
                        "word": "고지방 식이"
                    },
                    {
                        "word": "골격근"
                    },
                    {
                        "word": "랩틴"
                    },
                    {
                        "word": "발달"
                    },
                    {
                        "word": "시상하부"
                    },
                    {
                        "word": "에너지 대사"
                    },
                    {
                        "word": "인슐린 호르몬"
                    },
                    {
                        "word": "중추신경계"
                    },
                    {
                        "word": "지방조직"
                    },
                    {
                        "word": "통제군"
                    },
                    {
                        "word": "트라이글리세라이드"
                    },
                    {
                        "word": "트레드밀 훈련군"
                    },
                    {
                        "word": "혈관"
                    },
                    {
                        "word": "혈중 지방"
                    },
                    {
                        "word": "호흡중추"
                    },
                    {
                        "word": "훈련군"
                    }
                ]
            }
        ]
    }
}