{
    "dataset_info": {
        "identifier": "02-031-002-NL",
        "name": "기술과학 문서 요약 데이터",
        "category": "자연어",
        "last_updated": "2023-08-30"
    },
    "dataset": {
        "doc_id": "8a2ae4d1-17ddcce8-3778-4e93-ba5b-2ee22dbd2334",
        "doc_type": "논문",
        "doc_title": {
            "kor": "흰쥐의 턱끝혀근 지배 운동신경원에 대한 억제성 및 흥분성 신경종말의 분포 양식",
            "eng": ""
        },
        "doc_category": {
            "KDC": "470.5",
            "DDC": ""
        },
        "doc_number": {
            "ISSN": "1225-9918",
            "ISBN": "",
            "DOI": "",
            "UCI": ""
        },
        "doc_year": "2011",
        "doc_author": [
            "문용석"
        ],
        "doc_publisher": "한국생명과학회",
        "doc_license": "CC BY",
        "context_info": [
            {
                "context_id": "55e-0c9-cd469694-5646-4450-95e6-cec34950802d",
                "context_K-NSCC": {
                    "field": "생명",
                    "large_category": "LA",
                    "medium_category": "03"
                },
                "context": "<h1>서 론</h1> <p>혀는 음식물에 대한 맛을 감지하는 특별한 기능이 있을 뿐만 아니라 정확한 움직임으로 삼키기, 핥기, 젖먹이, 발성 및 씹기 작용에 중요한 역할을 담당하며, 또한 기도를 확장시켜 호흡을 용의하게 해준다. 혀의 운동을 담당하는 근육으로는 주로 혀의 모양을 변화시키는 자체근육(intrinsic muscle)과 혀의 위치를 변화시키는 바깥기원근육(extrinsic muscle)으로 구성되며 이들은 모두 혀밑신경(hypoglossal nerve)의 지배를 받는다. 삼차신경에 의한 아래턱운동과 함께 음식물을 삼켜주는 혀의 바깥기원근육들은 혀의 내밈(protrusion)과 들임(retrusion) 작용을 율동적으로 수행하게 되는데 이러한 작용들은 말초수용기로 부터 감각정보가 입력되는 감각입력계, 감각정보을 처리하는 중추처리계 및 운동출력계 등이 종합적으로 작용하여 나타나게 되는 복잡한 과정이다. 혀의 바깥기원근육은 혀의 내밈에 관여하는 턱끝혀근(genioglossus muscle)과 혀의 들임에 작용하는 목뿔혀근(hyoglossus muscle) 및 붓혀근(styloglossus muscle)으로 구성되며 이들을 지배하는 신경원은 혀밑신경핵(hypoglossal nucleus) 내에 존재한다. 혀밑신경은 크게 두 개의 가지(branch)를 가지는데 안쪽가지(medial branch)는 들임근들에 그리고 가쪽가지(lateral branch)는 내밈근과 연결되어 있다.</p> <p>입안 바닥과 입인두의 입구에 위치한 혀는 호흡을 위한 기도유지에 중요한 역할을 담당한다. 특히 혀의 내밈에 관여하는 턱끝혀근은 공기의 흡입(inspiration)시에는 활성을 나타내지만 음식물을 삼킬때(swallowing)에는 활성을 나타내지 않는다는 것이 최근 다양한 전기생리학적 연구방법들을 통해 알려졌다. 또한 역행성추적자(retrograde tracer)를 이용하여 혀밑신경핵의 운동신경원들에 투사되는 전운동신경원들(premotor neurons)의 위치와 기능들이 해부학적 연구들에 의해 보고되었으며, 이들 전운동신경원들은 같은쪽(ipsilateral) 또는 반대쪽(contralateral)의 혀밑신경핵 운동신경원들에 투사되어 혀의 반사적 운동을 조절한다. 그러므로 입안의 다양한 기능에 대한 혀내밈반사 또는 혀들임반사를 수행하기 위해서는 전운동신경원들과 턱끝혀근 운동신경원 사이의 억제성 또는 흥분성 신호입력의 양상을 이해하는 것이 매우 중요하다. 지금까지의 많은 전기생리학적인 연구에 의하면 억제성 입력신호는 주로 세포체에서 많이 입력되며, 흥분성 입력신호는 주로 신경세포 가지돌기의 원위부에서 입력됨으로써 운동신경원이 부적절하게 흥분되는 것이 방지된다고 생각되어 왔다. 또한, 운동신경원에 대한 억제성 또는 흥분성신경종말의 미세구조를 분석함으로써 억제성 및 흥분성 신호입력 양상을 척수와 삼차신경계에서 보고하였지만 혀밑신경핵 내의 턱끝혀근 운동신경원에 대한 억제성및 흥분성 신호입력의 양상은 보고된 바 없다.</p> <p>따라서 본 연구에서는 horseradish peroxidase에 의한 세포내 염색법을 이용하여 턱끝혀근의 운동신경원을 표식한 후턱끝혀근 운동신경원의 세포체와 가지돌기의 각 부위에서 억제성 신경전달물질인 GABA와 glycine, 흥분성 신경전달물질인 glutamate에 대한 면역양성 신경종말의 발현빈도, 미세구조 및 연접양상 등을 정량적으로 분석함으로써 턱끝혀근의 억제성 및 흥분성 신호입력의 의의를 밝혀 혀의 운동에 관여하는 신경회로망의 특성을 이해하고자 한다.</p>",
                "context_length": 1748,
                "clue": [
                    {
                        "clue_text": "혀는 음식물에 대한 맛을 감지하는 특별한 기능이 있을 뿐만 아니라 정확한 움직임으로 삼키기, 핥기, 젖먹이, 발성 및 씹기 작용에 중요한 역할을 담당하며, 또한 기도를 확장시켜 호흡을 용의하게 해준다.",
                        "clue_start": "16",
                        "clue_end": "128"
                    },
                    {
                        "clue_text": "삼차신경에 의한 아래턱운동과 함께 음식물을 삼켜주는 혀의 바깥기원근육들은 혀의 내밈(protrusion)과 들임(retrusion) 작용을 율동적으로 수행하게 되는데 이러한 작용들은 말초수용기로 부터 감각정보가 입력되는 감각입력계, 감각정보을 처리하는 중추처리계 및 운동출력계 등이 종합적으로 작용하여 나타나게 되는 복잡한 과정이다.",
                        "clue_start": "273",
                        "clue_end": "459"
                    },
                    {
                        "clue_text": "그러므로 입안의 다양한 기능에 대한 혀내밈반사 또는 혀들임반사를 수행하기 위해서는 전운동신경원들과 턱끝혀근 운동신경원 사이의 억제성 또는 흥분성 신호입력의 양상을 이해하는 것이 매우 중요하다.",
                        "clue_start": "1109",
                        "clue_end": "1216"
                    },
                    {
                        "clue_text": "또한, 운동신경원에 대한 억제성 또는 흥분성신경종말의 미세구조를 분석함으로써 억제성 및 흥분성 신호입력 양상을 척수와 삼차신경계에서 보고하였지만 혀밑신경핵 내의 턱끝혀근 운동신경원에 대한 억제성및 흥분성 신호입력의 양상은 보고된 바 없다.",
                        "clue_start": "1343",
                        "clue_end": "1476"
                    },
                    {
                        "clue_text": "따라서 본 연구에서는 horseradish peroxidase에 의한 세포내 염색법을 이용하여 턱끝혀근의 운동신경원을 표식한 후턱끝혀근 운동신경원의 세포체와 가지돌기의 각 부위에서 억제성 신경전달물질인 GABA와 glycine, 흥분성 신경전달물질인 glutamate에 대한 면역양성 신경종말의 발현빈도, 미세구조 및 연접양상 등을 정량적으로 분석함으로써 턱끝혀근의 억제성 및 흥분성 신호입력의 의의를 밝혀 혀의 운동에 관여하는 신경회로망의 특성을 이해하고자 한다.",
                        "clue_start": "1484",
                        "clue_end": "1744"
                    }
                ],
                "terminology": [
                    {
                        "word": "GABA"
                    },
                    {
                        "word": "branch"
                    },
                    {
                        "word": "glutamate"
                    },
                    {
                        "word": "glycine"
                    },
                    {
                        "word": "horseradish peroxidase"
                    },
                    {
                        "word": "nucleus"
                    },
                    {
                        "word": "가지돌기"
                    },
                    {
                        "word": "가쪽가지(lateral branch)"
                    },
                    {
                        "word": "감각입력계"
                    },
                    {
                        "word": "내밈(protrusion)"
                    },
                    {
                        "word": "내밈근"
                    },
                    {
                        "word": "들임(retrusion)"
                    },
                    {
                        "word": "들임근"
                    },
                    {
                        "word": "말초수용기"
                    },
                    {
                        "word": "면역양성 신경종말"
                    },
                    {
                        "word": "목뿔혀근"
                    },
                    {
                        "word": "목뿔혀근(hyoglossus muscle)"
                    },
                    {
                        "word": "바깥기원근육(extrinsic muscle)"
                    },
                    {
                        "word": "반사적 운동"
                    },
                    {
                        "word": "붓혀근"
                    },
                    {
                        "word": "붓혀근(styloglossus muscle)"
                    },
                    {
                        "word": "삼차신경"
                    },
                    {
                        "word": "삼차신경계"
                    },
                    {
                        "word": "세포내 염색법"
                    },
                    {
                        "word": "세포체"
                    },
                    {
                        "word": "신경종말"
                    },
                    {
                        "word": "신경회로망"
                    },
                    {
                        "word": "안쪽가지(medial branch)"
                    },
                    {
                        "word": "억제성 신경전달물질"
                    },
                    {
                        "word": "억제성 입력신호"
                    },
                    {
                        "word": "역행성추적자"
                    },
                    {
                        "word": "역행성추적자(retrograde tracer)"
                    },
                    {
                        "word": "연접양상"
                    },
                    {
                        "word": "운동출력계"
                    },
                    {
                        "word": "원위부"
                    },
                    {
                        "word": "입인두"
                    },
                    {
                        "word": "자체근육(intrinsic muscle)"
                    },
                    {
                        "word": "전기생리학적 연구방법"
                    },
                    {
                        "word": "전운동신경원들(premotor neurons)"
                    },
                    {
                        "word": "중추처리계"
                    },
                    {
                        "word": "턱끝혀근(genioglossus muscle)"
                    },
                    {
                        "word": "혀내밈반사"
                    },
                    {
                        "word": "혀들임반사"
                    },
                    {
                        "word": "혀밑신경(hypoglossal nerve)"
                    },
                    {
                        "word": "혀밑신경핵"
                    },
                    {
                        "word": "혀밑신경핵(hypoglossal nucleus)"
                    },
                    {
                        "word": "활성"
                    },
                    {
                        "word": "후턱끝혀근 운동신경원"
                    },
                    {
                        "word": "흥분성 신경전달물질"
                    },
                    {
                        "word": "흥분성 신호입력"
                    },
                    {
                        "word": "흥분성신경종말"
                    }
                ]
            },
            {
                "context_id": "55e-0c9-3bc74b57-fa57-4561-9703-92e9aec00c95",
                "context_K-NSCC": {
                    "field": "생명",
                    "large_category": "LA",
                    "medium_category": "03"
                },
                "context": "<h1>고 찰</h1> <p>본 연구에서 GABA와 glycine은 혀밑신경핵의 운동신경원에 대해 연접후 억제를 통하여 혀운동에 대한 조절기능을 가짐을 확인할 수 있었다. 혀밑신경핵 운동신경원으로의 억제성입력은 세포체에서 가지돌기의 원위부로 갈수록 신경종말의수나 밀도에서 약하게 나타났다. 또한 glutamate는 턱끝혀근의 수축을 위한 흥분성 신경전달물질로 작용함을 확인할 수있었으며, 흥분성 입력은 세포체와 가지돌기 모두에서 유의한 차이 없이 일정하게 분포함을 알 수 있었다.</p> <p>본 연구에서 HRP에 의하여 표식된 턱끝혀근 운동신경원은24-30 μμm 의 크기에서 최빈치를 가지는 분포를 나타내었는데, 실험적으로 분석한 운동신경원은 \\( 30 \\mu \\mathrm{m} \\) 이상의 크기에 하나 이상의 C형 신경종말과 복잡한 가지돌기를 가지는 알파 운동신경원을 대상으로 하였다. 이전 연구에서 알파 운동신경원의 특징은 척수, 얼굴신경핵 그리고 삼차신경핵 등에서 보고된바 있으며, 특히 척수의 운동신경핵에서 관찰되는 대부분의 알파 운동신경원은 세포막의 \\( 40 \\% \\) 이상이 신경종말에 의하여 덮여져 있다고 보고되어 있다. 이상의 결과들과 이전의 연구들을 종합해 볼 때 본 연구에서 분석한 운동신경원은 턱끝혀근의 수축을 주도적으로 담당하는 알파 운동신경원이라 추측된다.</p> <p>신경종말의 기능이 연접소포의 모양과 관련을 가진다는 Uchizono와 Bodian의 보고 이후 척수와 삼차신경계에서 전자현미경을 이용한 면역조직화학기법을 통하여 구형의 연접소포를 함유한 S형 신경종말은 흥분성 신경전달물질인 glutamate에 면역반응을 나타내고, 납작한 연접소포를 함유한 F형 및 다형의 소포를 함유한 P형 신경종말은 억제성 신경전달물질인 GABA나 glycine, 혹은 둘 모두에 면역반응을 나타낸다고 보고되었다. 본 연구에서도 대부분의 GABA나 glycine에 면역양성인 신경종말은 F형 또는 P형 이었으며, 연접의 형태가 잘 관찰되는 경우 대칭연접형태를 보였다. 또한 glutamate에 면역양성인 신경종말은 구형의 연접소포를 함유하.고 있으며 비대칭연접의 형태를 가지는 S형이 대부분 이었으며 소수의 C형과 M형도 관찰되었다.</p> <p>일부 전기생리학적인 연구를 보면 혀신경이나 근육 구심신경 혹은 그물구성체를 자극하였을 때 운동신경세포에 나타나는 억제성 연접후전위(IPSP)는 glycine의 길항제인 strychnine에 의해서는 차단되지만 GABA의 길항제인 bi-cuculline이나 picrotoxin에 의해서는 영향을 받지 않는다고한다. 이러한 결과들은 운동신경원의 억제에 GABA 보다는 glycine이 주로 사용된다는 것을 의미한다. 본 실험 결과에서도 GABA 양성 신경종말에 비하여 훨씬 더 많은 glycine 양성신경종말이 혀밑신경핵 운동신경원과 연접을 이루고 있음을 확인할 수 있었다. 즉 턱끝혀근 운동신경원의 경우 glycine 양성 종말이 \\( 27.5 \\% \\) 이며 GABA 양성 종말이 \\( 18.6 \\% \\) 이었다. 이러한 결과는 이전의 척수 및 삼차신경운동핵에서의 결과와 일치한다. 이와 같이 glycine성 신경종말이 GABA성신경종말에 비하여 더 많이 분포하는 것은 연접 후 운동신경 종말의 억제에 있어서 GABA에 비하여 glycine이 주된 역할을 한다는 전기생리학적인 결과와 일치한다.</p> <p>불필요한 운동신경원의 흥분을 방지하기 위하여 흥분성 연접후전위를 차단하는 데는 먼쪽 가지돌기 보다는 세포체나 몸쪽 가지돌기의 억제성 입력이 훨씬 강력하고 효과적이다. 본 연구에서도 GABA나 glycine에 양성인 신경종말이 턱끝혀근 운동신경원에 인접하고 있는 비율은 가지돌기의 원위부에 비하여 높게 나타났다. 즉, GABA나 glycine에 양성인 신경종말은 세포체\\( (35.7\\%) \\)에 비하여 가지돌기의 원위부\\( (23.9\\%) \\)에서 급격히 감소되었다. 이러한 결과는 척수 운동신경원과 삼차신경핵 운동신경원에서의 보고와 동일한데, 이는 운동신경원에 있어서 억제성 신호입력의 위치가 중요하다는 것을 말해 준다.</p> <p>본 연구를 통하여 턱끝혀근 지배 운동신경원은 세포체와 가지돌기의 부위에 따라 GABA, glycine 및 glutamate를 함유하는 전운동신경원들에 의해 서로 다른 양식의 제어를 받고있다는 것을 알 수 있었으며, 운동신경원의 부위에 따른 이러한 억제성 및 흥분성 연접입력 양식의 차이는 유연한 혀운동의 제어기전과 밀접한 관련이 있을 것으로 추정된다.</p>",
                "context_length": 2221,
                "clue": [
                    {
                        "clue_text": "본 연구에서 GABA와 glycine은 혀밑신경핵의 운동신경원에 대해 연접후 억제를 통하여 혀운동에 대한 조절기능을 가짐을 확인할 수 있었다.",
                        "clue_start": "16",
                        "clue_end": "95"
                    },
                    {
                        "clue_text": "일부 전기생리학적인 연구를 보면 혀신경이나 근육 구심신경 혹은 그물구성체를 자극하였을 때 운동신경세포에 나타나는 억제성 연접후전위(IPSP)는 glycine의 길항제인 strychnine에 의해서는 차단되지만 GABA의 길항제인 bi-cuculline이나 picrotoxin에 의해서는 영향을 받지 않는다고한다.",
                        "clue_start": "1101",
                        "clue_end": "1275"
                    },
                    {
                        "clue_text": "이와 같이 glycine성 신경종말이 GABA성신경종말에 비하여 더 많이 분포하는 것은 연접 후 운동신경 종말의 억제에 있어서 GABA에 비하여 glycine이 주된 역할을 한다는 전기생리학적인 결과와 일치한다.",
                        "clue_start": "1539",
                        "clue_end": "1657"
                    },
                    {
                        "clue_text": "본 연구를 통하여 턱끝혀근 지배 운동신경원은 세포체와 가지돌기의 부위에 따라 GABA, glycine 및 glutamate를 함유하는 전운동신경원들에 의해 서로 다른 양식의 제어를 받고있다는 것을 알 수 있었으며, 운동신경원의 부위에 따른 이러한 억제성 및 흥분성 연접입력 양식의 차이는 유연한 혀운동의 제어기전과 밀접한 관련이 있을 것으로 추정된다.",
                        "clue_start": "2021",
                        "clue_end": "2217"
                    },
                    {
                        "clue_text": "이전 연구에서 알파 운동신경원의 특징은 척수, 얼굴신경핵 그리고 삼차신경핵 등에서 보고된바 있으며, 특히 척수의 운동신경핵에서 관찰되는 대부분의 알파 운동신경원은 세포막의 \\( 40 \\% \\) 이상이 신경종말에 의하여 덮여져 있다고 보고되어 있다.",
                        "clue_start": "444",
                        "clue_end": "582"
                    }
                ],
                "terminology": [
                    {
                        "word": "F형"
                    },
                    {
                        "word": "GABA"
                    },
                    {
                        "word": "GABA 양성 신경종말"
                    },
                    {
                        "word": "GABA와 glycine"
                    },
                    {
                        "word": "HRP"
                    },
                    {
                        "word": "S형 신경종말"
                    },
                    {
                        "word": "Uchizono와 Bodian"
                    },
                    {
                        "word": "bi-cuculline"
                    },
                    {
                        "word": "glutamate"
                    },
                    {
                        "word": "glycine"
                    },
                    {
                        "word": "picrotoxin"
                    },
                    {
                        "word": "strychnine"
                    },
                    {
                        "word": "가지돌기"
                    },
                    {
                        "word": "대칭연접형태"
                    },
                    {
                        "word": "면역조직화학기법"
                    },
                    {
                        "word": "삼차신경계"
                    },
                    {
                        "word": "삼차신경핵"
                    },
                    {
                        "word": "세포체"
                    },
                    {
                        "word": "소포"
                    },
                    {
                        "word": "알파 운동신경원"
                    },
                    {
                        "word": "얼굴신경핵"
                    },
                    {
                        "word": "연접소포"
                    },
                    {
                        "word": "연접후 억제"
                    },
                    {
                        "word": "연접후전위"
                    },
                    {
                        "word": "원위부"
                    },
                    {
                        "word": "턱끝혀근"
                    },
                    {
                        "word": "혀밑신경핵"
                    },
                    {
                        "word": "흥분성 신경전달물질"
                    }
                ]
            },
            {
                "context_id": "55e-0c9-6c0d091d-a8a7-4eac-92e5-eed83b052a39",
                "context_K-NSCC": {
                    "field": "생명",
                    "large_category": "LA",
                    "medium_category": "03"
                },
                "context": "<h1>결 과</h1> <h2>일반적인 소견</h2> <p>\\( \\mathrm{HRP} \\)의 역행성 이동으로 표식된 턱끝혀근 운동신경원은 혀밑신경핵의 배쪽(ventral)에 주로 분포하였다. 턱끝혀근 운동신경원 세포체의 평균 지름은 \\( 16-38 \\mu \\mathrm{m} \\)의 분포를 보였고, 24-30 \\( \\Perp \\mathrm{m} \\) 크기에서 최빈치를 가지는 분포를 나타내었다. 본 연구에서 분석한 턱끝혀근 운동신경원은 평균지름이 30\\( \\mu \\mathrm{m} \\) 이상이고, 하나 이상의 \\( \\mathrm{C} \\)형 신경종말이 인접하며 복잡한 가지돌기의 형태를 가지는 알파 운동신경원(alpha motoneuron)으로 판단되었다. 전자현미경적인 관찰에서 \\( \\mathrm{TMB} \\)와 \\( \\mathrm{HRP} \\)의 반응산물은 여러 가지 크기의 전자밀도가 치밀한 결정(crystalline) 혹은 막대(rod) 형태로 나타났는데 이는 주로 표식된 운동신경원의 핵을 제외한 세포체 및 가지돌기에 분포하였다.</p> <p>다음의 미세구조적인 분석은 3개의 턱끝혀근 운동신경원에 연접한 622 개의 신경종말을 기초로 하였다. 622개의 신경종말중 157 개는 세포체에서 관찰하였으며, 465 개는 가지돌기의 근위부, 중간부 및 원위부에서 각각 188 개, 181 개 및 96 개를 관찰하였다. 먼저 연접소포의 형태에 따라 신경종말들을 두 군으로 나눌 수 있었는데, 한 군은 \\( \\mathrm{F} \\) 혹은 P형 신경종말로서 납작하거나 타원형 혹은 둥근 형태의 연접소포 및 약간의 치밀연접소포를 함유하고 있는 것이고, 또 다른 군은 S, C 및 M형 신경종말로서 밝고 구형의 소포를 함유하며 때때로 큰 치밀연접소포를 함유하고 있었다. 연접구조가 명확히 관찰되는 경우 대부분의 F 혹은 P형 신경종말은 대칭연접형태를 보였고, S, C및 M형 신경종말은 비대칭 연접형태를 보였다. 함유하고 있는 연접소포의 형태나 연접복합체의 형태 등 인접한 신경종말의 일반적인 미세구조적 소견은 턱끝혀근 운동신경원의 세포체, 가지돌기의 근위부, 중간부 및 원위부에서 별다른 차이를 보이지 않았다.</p> <p>1개의 턱끝혀근 운동신경원의 세포체에는 평균적으로 52.3개의 신경종말이 관찰되었고, 가지돌기의 근위부, 중간부 및원위부에서는 각각 13.4개, 5.2개 및 3.4개의 신경종말이 관찰되었다. 각 부위에서 관찰한 신경종말의 평균 길이는 1.0-1.2\\( \\mu \\mathrm{m} \\)로 비슷하였다. Synaptic covering \\( ( \\%) \\)은 세포체와 가지돌기의 근위부에서 각각 \\( 65.8 \\% \\)와 \\( 64.0 \\% \\)로 비슷하였으나 가지돌기의 중간부와 원위부에서는 각각 \\( 53.6 \\% \\)와 \\( 48.5 \\% \\)로 관찰되어,세포체에서 가지돌기의 원위부 쪽으로. 감소되는 경향을 보였다(Table 1). GABA, glycine 및 glutamate 면역양성반응을 나타내는 금입자들은 주로 사립체 및 연접소포위에 균일하게 분포하였다. 또한, 연접소포가 밀집된 부위에는 금입자의 밀도도 높았으며, 혈관의 내강과 같이 조직이 없는 resin부위에는 존재하지 않았다. GABA 및 glycine에 면역양성반응을 보이는 신경종말의 금입자 밀도는 연접이후 세포질의 금입자밀도에 비하여 각각 \\( 9 \\sim 11 \\)및 \\( 6 \\sim 7 \\)배 높았으며, glutamate에 양성인 신경종말의 금입자 밀도는 약 \\( 7 \\sim 8 \\)배 높았다.</p>",
                "context_length": 1738,
                "clue": [
                    {
                        "clue_text": "\\( \\mathrm{HRP} \\)의 역행성 이동으로 표식된 턱끝혀근 운동신경원은 혀밑신경핵의 배쪽(ventral)에 주로 분포하였다. 턱끝혀근 운동신경원 세포체의 평균 지름은 \\( 16-38 \\mu \\mathrm{m} \\)의 분포를 보였고, 24-30 \\( \\Perp \\mathrm{m} \\) 크기에서 최빈치를 가지는 분포를 나타내었다.",
                        "clue_start": "33",
                        "clue_end": "221"
                    },
                    {
                        "clue_text": "본 연구에서 분석한 턱끝혀근 운동신경원은 평균지름이 30\\( \\mu \\mathrm{m} \\) 이상이고, 하나 이상의 \\( \\mathrm{C} \\)형 신경종말이 인접하며 복잡한 가지돌기의 형태를 가지는 알파 운동신경원(alpha motoneuron)으로 판단되었다.",
                        "clue_start": "222",
                        "clue_end": "369"
                    },
                    {
                        "clue_text": "다음의 미세구조적인 분석은 3개의 턱끝혀근 운동신경원에 연접한 622 개의 신경종말을 기초로 하였다. 622개의 신경종말중 157 개는 세포체에서 관찰하였으며, 465 개는 가지돌기의 근위부, 중간부 및 원위부에서 각각 188 개, 181 개 및 96 개를 관찰하였다.",
                        "clue_start": "536",
                        "clue_end": "686"
                    },
                    {
                        "clue_text": "먼저 연접소포의 형태에 따라 신경종말들을 두 군으로 나눌 수 있었는데, 한 군은 \\( \\mathrm{F} \\) 혹은 P형 신경종말로서 납작하거나 타원형 혹은 둥근 형태의 연접소포 및 약간의 치밀연접소포를 함유하고 있는 것이고, 또 다른 군은 S, C 및 M형 신경종말로서 밝고 구형의 소포를 함유하며 때때로 큰 치밀연접소포를 함유하고 있었다.",
                        "clue_start": "687",
                        "clue_end": "878"
                    },
                    {
                        "clue_text": "턱끝혀근 운동신경원의 세포체, 가지돌기의 근위부, 중간부 및 원위부에서 별다른 차이를 보이지 않았다.",
                        "clue_start": "1014",
                        "clue_end": "1070"
                    }
                ],
                "terminology": [
                    {
                        "word": "GABA"
                    },
                    {
                        "word": "glutamate"
                    },
                    {
                        "word": "glycine"
                    },
                    {
                        "word": "가지돌기"
                    },
                    {
                        "word": "결정(crystalline)"
                    },
                    {
                        "word": "근위부"
                    },
                    {
                        "word": "금입자밀도"
                    },
                    {
                        "word": "대칭연접형태"
                    },
                    {
                        "word": "막대(rod)"
                    },
                    {
                        "word": "밀도"
                    },
                    {
                        "word": "반응산물"
                    },
                    {
                        "word": "비대칭 연접형태"
                    },
                    {
                        "word": "사립체"
                    },
                    {
                        "word": "세포질"
                    },
                    {
                        "word": "세포체"
                    },
                    {
                        "word": "소포"
                    },
                    {
                        "word": "신경종말"
                    },
                    {
                        "word": "알파 운동신경원"
                    },
                    {
                        "word": "연접소포"
                    },
                    {
                        "word": "원위부"
                    },
                    {
                        "word": "전자밀도"
                    },
                    {
                        "word": "턱끝혀근"
                    },
                    {
                        "word": "혀밑신경핵"
                    },
                    {
                        "word": "혈관"
                    }
                ]
            },
            {
                "context_id": "55e-0c9-65aa87bc-73e6-47c3-a471-8f8781592a00",
                "context_K-NSCC": {
                    "field": "생명",
                    "large_category": "LA",
                    "medium_category": "03"
                },
                "context": "<h1>재료 및 방법</h1> <h2>Horseradish peroxidase (HRP) 주입 및 조직처리</h2> <p>체중이 \\( 300-350 \\mathrm{~g} \\) 인 Sprague-Dawley 계통의 수컷 흰쥐 3마 리를 sodium pentobarbital \\( (40 \\mathrm{mg} / \\mathrm{kg} \\), i.p.)로 마취하고 턱끝 혀근을 노출시킨 후 glass microelectrode에 30\\% HRP (Sigma, USA) 용액을 넣어 오른쪽 턱끝혀근에 \\( 0.7 \\mu 1 \\)의 HRP를 주입하였다. 약 10시간 생존시킨 후 흰쥐를 sodium pentobarbital \\( (80 \\mathrm{mg} / \\mathrm{kg} \\), i.p.)로 마취시킨 뒤 심장을 통해 헤파린을 함유한 식염수와 \\( 2.5 \\% \\) glutaraldehyde, \\( 0.5 \\% \\) paraformaldehyde 및 \\( 0.1 \\% \\) picric acid를 함유한 고정액[in \\( 0.1 \\mathrm{M} \\) phosphate buffer (PB), \\( \\mathrm{pH} 7.4\\)]으로 관류고정하였다. 뇌줄기를 적출하여 \\( 4^{\\circ} \\mathrm{C} \\) 의 동일 고정액에서 2시간 정도 후고정 한 후 진동절편기를 이용하여 \\( 80 \\mu \\mathrm{m} \\) 두께로. 횡단 연속절편을 만들었다. Tungstate/tet-ramethylbenzidine (TMB) 방법을 이용하여 \\( \\mathrm{HRP} \\) 를 가시 화하였고, diaminobenzidine \\( (0.25 \\mathrm{mg} / \\mathrm{ml} \\) in PB, \\( \\mathrm{pH} \\) 6.0)을 이용하여 절편을 안정화하였다. 광학현미경으로 관찰하여 \\( \\mathrm{HRP} \\) 에 진하게 표식된 운동신경원을 포함한 절편을 골라서 \\( 1 \\% \\mathrm{OsO}_{4} \\) (osmium tetroxide in \\( 0.1 \\mathrm{M} \\mathrm{PB}, \\mathrm{pH} 6.0\\) )로 1 시간 후고 정하였다. 에탄올로 탈수하고 Durcupan (Fluka, Switzerland) 으로 포매 한 후 \\( 58^{\\circ} \\mathrm{C} \\) 에서 48시간 동안 경화하였다.</p> <h2>Postembedding immunogold histochemistry</h2> <p>포매된 조직에서 \\( \\mathrm{HRP} \\) 에 표식된 운동신경원들을 세포체(Soma)와 가지돌기의 근위부(primary dendrite, \\( \\mathrm{Pd} \\) ), 중간부 (intermediate dendrite, Id) 및 원위부(distal dendrite, Dd)로 구분하였다. 원위부는 \\( \\mathrm{HRP} \\) 에 표식된 가지돌기 중 적어 도 \\( 100 \\mu \\mathrm{m} \\) 이상의 길이를 가진 가지돌기만 선별하여 구분하였 다. 각 부위가 포함되어있는 절편부위를 면도날로 세절한 뒤 연속 초박절편을 형성하여 formvar film으로 지지막을 형성한 one hole-nickel grid 위에 얹은 후 다음과 같이 postembed-ding immunogold histochemistry를 시행하였다. \\( 1 \\% \\) periodic acid 용액으로 7 분 동안 resin을 etching한 후, \\( 9 \\% \\) sodium-m-periodate 용액으로 osmium을 제거한 다음 \\( 1 \\% \\) sodium borohydride로 10 분간 반응시켜 aldehyde group을 환원시켰 다. \\( 2 \\% \\) human serum albumin (HSA)으로 10 분간 반응시킨 뒤 rabbit anti-GABA항체(1:350, Sigma A2052, USA), rabbit anti-glycine항체(1:100, Abcam ab9442, UK) 및 rabbit anti-glutamate항체(1:400, Sigma G6642, USA)로 실온에서 4시 간 반응하였다. 그 후 \\( 1: 20 \\) 으로 희석한 \\( 15 \\mathrm{~nm} \\) 의 금입자가 결합 된 goat anti-rabbit IgG (Bio Cell Co., London, UK)에 2시간 반응하였다. Uranyl acetate 포화용액과 \\( 0.3 \\% \\) lead citrate 용액 으로 염색한 후 Hitachi H-7500 투과전자현미경으로 25,000배에서 쵤영하였다.</p> <h2>금입자 염색절편의 전자현미경적 분석</h2> <p>\\( \\mathrm{HRP} \\)에 표식된 운동신경원에서 각 부위로 구분한 연속절편의 면역염색반응에 대한 전자현미경 사진들을 다음과 같이 분석하였다. 모든 정량적인 분석은 전자현미경 사진상에서 컴퓨터에 연결된 Wacom digitizing tablet과 \\( \\mathrm{NIH} \\) image software (version 1.62; NIH, USA)를 사용하여 다음 각 항목을 측정하였다. 표식 운동신경원의 1) 둘레 및 길이, 2) 이와 인접하고 있는 신경종말의 수, 3) 각 신경종말 인접부의 평균 길이 (mean apposed length), 그리고 4) 신경종말에 의하여 운동신경원이 덮여진 비율(synaptic covering \\%) 등을 측정하였다. 표식 은동신경원과 연접하근 신경종말을 면역반응의 결과에 따라 GABA 항체에만 면역양성인 신경종말(GABA only), glycine 항체에만 면역양성인 신경종말(glycine only), GABA 및 glycine 항체에 동시에 면역양성인 신경종말(GABA and glycine), glutamate 항체에만 면역양성인 신경종말(glutamate only), 그리고 모든 항체에 면역음성인 신경종말(none) 등 5군으로 분류하여 각각의 측정치를 구하였다. 면역양성 여부는 연접 후 세포질의 금입자 밀도(gold particle density)에 비해 5배 이상의 밀도를 보이근 경우 양성으로 간주하였다. 금입자밀도는 사립체를 제외한 세포질 부위의 면적을 측정하고 여기에 존재하는 금입자의 수를 헤아려 입자수 \\( / \\mathrm{\\mu m}^{2} \\) 으로 표시하였다.</p>",
                "context_length": 3089,
                "clue": [
                    {
                        "clue_text": "뇌줄기를 적출하여 \\( 4^{\\circ} \\mathrm{C} \\) 의 동일 고정액에서 2시간 정도 후고정 한 후 진동절편기를 이용하여 \\( 80 \\mu \\mathrm{m} \\) 두께로. 횡단 연속절편을 만들었다.",
                        "clue_start": "591",
                        "clue_end": "709"
                    },
                    {
                        "clue_text": "포매된 조직에서 \\( \\mathrm{HRP} \\) 에 표식된 운동신경원들을 세포체(Soma)와 가지돌기의 근위부(primary dendrite, \\( \\mathrm{Pd} \\) ), 중간부 (intermediate dendrite, Id) 및 원위부(distal dendrite, Dd)로 구분하였다.",
                        "clue_start": "1218",
                        "clue_end": "1386"
                    },
                    {
                        "clue_text": "Uranyl acetate 포화용액과 \\( 0.3 \\% \\) lead citrate 용액 으로 염색한 후 Hitachi H-7500 투과전자현미경으로 25,000배에서 쵤영하였다.",
                        "clue_start": "2139",
                        "clue_end": "2239"
                    },
                    {
                        "clue_text": "표식 운동신경원의 1) 둘레 및 길이, 2) 이와 인접하고 있는 신경종말의 수, 3) 각 신경종말 인접부의 평균 길이 (mean apposed length), 그리고 4) 신경종말에 의하여 운동신경원이 덮여진 비율(synaptic covering \\%) 등을 측정하였다.",
                        "clue_start": "2499",
                        "clue_end": "2650"
                    }
                ],
                "terminology": [
                    {
                        "word": "Abcam"
                    },
                    {
                        "word": "GABA"
                    },
                    {
                        "word": "Hitachi"
                    },
                    {
                        "word": "Horseradish peroxidase"
                    },
                    {
                        "word": "IgG"
                    },
                    {
                        "word": "Sprague-Dawley"
                    },
                    {
                        "word": "Sprague-Dawley 계통"
                    },
                    {
                        "word": "UK"
                    },
                    {
                        "word": "Uranyl acetate"
                    },
                    {
                        "word": "aldehyde group"
                    },
                    {
                        "word": "anti-rabbit"
                    },
                    {
                        "word": "anti-rabbit IgG"
                    },
                    {
                        "word": "diaminobenzidine"
                    },
                    {
                        "word": "glass microelectrode"
                    },
                    {
                        "word": "glutamate"
                    },
                    {
                        "word": "glycine"
                    },
                    {
                        "word": "goat anti-rabbit IgG"
                    },
                    {
                        "word": "grid"
                    },
                    {
                        "word": "human serum albumin"
                    },
                    {
                        "word": "lead citrate"
                    },
                    {
                        "word": "osmium"
                    },
                    {
                        "word": "paraformaldehyde"
                    },
                    {
                        "word": "particle"
                    },
                    {
                        "word": "periodic acid"
                    },
                    {
                        "word": "phosphate buffer"
                    },
                    {
                        "word": "picric acid"
                    },
                    {
                        "word": "resin"
                    },
                    {
                        "word": "sodium borohydride"
                    },
                    {
                        "word": "sodium pentobarbital"
                    },
                    {
                        "word": "sodium-m-periodate"
                    },
                    {
                        "word": "가지돌기"
                    },
                    {
                        "word": "고정액"
                    },
                    {
                        "word": "관류고정"
                    },
                    {
                        "word": "광학현미경"
                    },
                    {
                        "word": "근위부"
                    },
                    {
                        "word": "금입자밀도"
                    },
                    {
                        "word": "면역반응"
                    },
                    {
                        "word": "면역염색반응"
                    },
                    {
                        "word": "밀도"
                    },
                    {
                        "word": "사립체"
                    },
                    {
                        "word": "세절"
                    },
                    {
                        "word": "세포질"
                    },
                    {
                        "word": "세포체"
                    },
                    {
                        "word": "신경종말"
                    },
                    {
                        "word": "양성"
                    },
                    {
                        "word": "에탄올"
                    },
                    {
                        "word": "연속절편"
                    },
                    {
                        "word": "연접"
                    },
                    {
                        "word": "원위부"
                    },
                    {
                        "word": "전자현미경"
                    },
                    {
                        "word": "전자현미경적"
                    },
                    {
                        "word": "절편"
                    },
                    {
                        "word": "초박절편"
                    },
                    {
                        "word": "탈수"
                    },
                    {
                        "word": "턱끝혀근"
                    },
                    {
                        "word": "투과전자현미경"
                    },
                    {
                        "word": "항체"
                    },
                    {
                        "word": "헤파린"
                    },
                    {
                        "word": "후고정"
                    },
                    {
                        "word": "희석"
                    }
                ]
            },
            {
                "context_id": "55e-0c9-f7455a44-2f48-4399-b88d-21e7c7d967bd",
                "context_K-NSCC": {
                    "field": "생명",
                    "large_category": "LA",
                    "medium_category": "03"
                },
                "context": "<h2>GABA에 면역양성인 신경종말</h2> <p>턱끝혀근 운동신경원에서 관찰한 신경종말 중 \\( 5.3 \\% \\)인 33개에서 GABA에만 양성반응을 보였다. 33개의 GABA 면역양성신경종말 중 세포체에는 9 개, 가지돌기의 근위부, 중간부 및 원위부에는 각각 12 개, 7 개 및 5 개가 관찰되었다. Synapticcovering (\\( \\% \\))은 세포체와 가지돌기의 근위부에서 각각 \\( 3.8 \\% \\)와\\( 4.1 \\% \\)로 비슷하였으나 가지돌기의 중간부와 원위부에서는 각각 \\( 2.2 \\% \\)와 \\( 2.8 \\% \\)로 관찰되어, GABA 면역양성 신경종말은 세포체에서 가지돌기의 원위부 쪽으로 감소되는 경향을 보였다. GABA 면역양성 신경종말에는 타원형 또는 둥근형태의 연접소포 및 약간의 치밀연접소포가 관찰되었고, 연접의 형태는 대칭성 연접을 이루고 있어 F 혹은 P형으로 분류할 수 있었다.</p> <h2>Glycine에 면역양성인 신경종말</h2> <p>턱끝혀근 운동신경원에서 관찰한 신경종말 중 \\( 13.3 \\% \\)인 83개에서 GABA와 glycine 모두에서 양성반응을 보였다. GABA와 glycine 모두에서 양성반응을 보인 83개의 신경종말중 세포체에는 23 개, 가지돌기의 근위부, 중간부 및 원위부에는 각각 24 개, 26 개 및 10 개가 관찰되었다. 각 부위에서 관찰한 면역양성 신경종말의 평균 길이는 \\( 1.1-1.2 \\mu \\mathrm{m} \\)로 비슷하였다. Synaptic covering (\\( \\% \\))은 세포체, 가지돌기 근위부, 중간부 및 원위부에서 각각 \\( 9.1 \\%, 8.2 \\%, 7.4 \\% \\) 및 \\( 5.4 \\% \\)로 관찰되어 세포체에서 가지돌기의 원위부 쪽으로 가면서 감소되는 경향을 보였다. GABA나 glycine에 양성인 대부분의 신경종말은 \\( \\mathrm{F} \\) 혹은 P형으로 분류할 수 있었고 연접구조가 명확히 관찰되는 경우 대칭성 연접을 이루고 있었다.</p> <h2>Glutamate에 면역양성인 신경종말</h2> <p>턱끝혀근 운동신경원에서 관찰한 신경종말 중 \\( 39.1 \\% \\)인 243개에서 glutamate에만 양성반응을 보였다. 243개의 glutamate 면역양성 신경종말 중 세포체에는 60개, 가지돌기의 근위부,중간부 및 원위부에는 각각 71개, 70 개 및 42 개가 관찰되었다. Synaptic covering (\\( \\% \\))은 세포체, 가지돌기 근위부,중간부 및 원위부에서 각각 \\( 27.7 \\%, 25.4 \\%, 22.6 \\% \\) 및 \\( 23.3 \\% \\)로 관찰되어 세포체나 가지돌기의 각 부분 모두에서 비슷한 경향성을 나타내었다. Glutamate 면역양성 신경종말에는 구형의 소포와 때때로 큰치밀연접소포가 관찰되었고, 연접의 형태는 비대칭성 연접을 이루고 있어 S, C 및 M형으로 분류할 수 있었다. 특히 S형이 가장 많았으며 C형은 소수관찰되었고 M형은 매우 드물었다.</p> <h2>GABA, glycine 및 glutamate 모두에 면역음성인 신경종말</h2> <p>턱끝혀근 운동신경원에서 관찰한 신경종말 중 \\( 28.1 \\% \\)인 175개에서는 3가지 아미노산에 대하여 음성반응을 보였다.Synaptic covering (\\( \\% \\))은 세포체나 가지돌기의 각 부분 모두에서 비슷한 경향성을 나타내었다. 각 면역음성 신경종말들의 함유 연접소포의 미세구조적 형태나, 연접의 형태, 신경종말의 형태 등에 있어서 뚜렷한 차이는 관찰할 수없었다.</p> <h2>억제성 및 흥분성 신경종말의 비교</h2> <p>턱끝혀근 운동신경원에서 관찰한 신경종말 중 \\( 71.9 \\% \\)인 447개에서 GABA, glycine 또는 glutamate에 대한 양성반응을 보였다. 본 연구에서 관찰한 622개의 신경종말 중 204 개 \\( (32.8 \\%) \\)는 GABA 또는 glycine에 양성반응을, 243개\\( (39.1 \\%) \\)는 glutamate에 양성반응을 나타내었다. 이상의 결과들을 종합하였을때 억제성 신경전달물질인 GABA 또는 glycine을 가지는 신경종말은 세포체에서 가지돌기로 갈수록 감소되어짐을 관찰할 수 있었고, 특히 가지돌기의 원위부에서 현저히 감소함을 확인할 수 있었다. 반면, 흥분성 신경전달물질인 glutamate를 가지는 신경종말은 세포체와 가지돌기 모두에서 큰 변화를 나타내지 않았다.</p>",
                "context_length": 2177,
                "clue": [
                    {
                        "clue_text": "턱끝혀근 운동신경원에서 관찰한 신경종말 중 \\( 5.3 \\% \\)인 33개에서 GABA에만 양성반응을 보였다.",
                        "clue_start": "29",
                        "clue_end": "90"
                    },
                    {
                        "clue_text": "턱끝혀근 운동신경원에서 관찰한 신경종말 중 \\( 13.3 \\% \\)인 83개에서 GABA와 glycine 모두에서 양성반응을 보였다.",
                        "clue_start": "497",
                        "clue_end": "571"
                    },
                    {
                        "clue_text": "턱끝혀근 운동신경원에서 관찰한 신경종말 중 \\( 39.1 \\% \\)인 243개에서 glutamate에만 양성반응을 보였다.",
                        "clue_start": "1027",
                        "clue_end": "1095"
                    },
                    {
                        "clue_text": "각 부위에서 관찰한 면역양성 신경종말의 평균 길이는 \\( 1.1-1.2 \\mu \\mathrm{m} \\)로 비슷하였다.",
                        "clue_start": "675",
                        "clue_end": "740"
                    },
                    {
                        "clue_text": "Synaptic covering (\\( \\% \\))은 세포체, 가지돌기 근위부,중간부 및 원위부에서 각각 \\( 27.7 \\%, 25.4 \\%, 22.6 \\% \\) 및 \\( 23.3 \\% \\)로 관찰되어 세포체나 가지돌기의 각 부분 모두에서 비슷한 경향성을 나타내었다.",
                        "clue_start": "1185",
                        "clue_end": "1334"
                    }
                ],
                "terminology": [
                    {
                        "word": "GABA"
                    },
                    {
                        "word": "GABA와 glycine"
                    },
                    {
                        "word": "Synapticcovering"
                    },
                    {
                        "word": "glutamate"
                    },
                    {
                        "word": "glycine"
                    },
                    {
                        "word": "가지돌기"
                    },
                    {
                        "word": "근위부"
                    },
                    {
                        "word": "면역양성 신경종말"
                    },
                    {
                        "word": "세포체"
                    },
                    {
                        "word": "아미노산"
                    },
                    {
                        "word": "양성반응"
                    },
                    {
                        "word": "연접"
                    },
                    {
                        "word": "연접소포"
                    },
                    {
                        "word": "원위부"
                    },
                    {
                        "word": "음성반응"
                    },
                    {
                        "word": "턱끝혀근"
                    }
                ]
            }
        ]
    }
}