{
    "dataset_info": {
        "identifier": "02-031-002-NL",
        "name": "기술과학 문서 요약 데이터",
        "category": "자연어",
        "last_updated": "2023-08-30"
    },
    "dataset": {
        "doc_id": "28a7cd33-915d-48c9-987f-49b78537e694",
        "doc_type": "논문",
        "doc_title": {
            "kor": "초과(초과)의 RBL-\\( 2 \\)H\\( 3 \\) 세포 항원 유도 탈과립 억제성분",
            "eng": "Inhibitors of Antigen-induced Degranulation of RBL-\\( 2 \\)H\\( 3 \\) Cells Isolated from Amomum tsao-ko"
        },
        "doc_category": {
            "KDC": "521.305",
            "DDC": ""
        },
        "doc_number": {
            "ISSN": "1976-0442",
            "ISBN": "",
            "DOI": "",
            "UCI": ""
        },
        "doc_year": "2021",
        "doc_author": [
            "정원식",
            "홍성수",
            "박선미",
            "이정아",
            "박주형",
            "안은경",
            "최춘환",
            "오좌섭"
        ],
        "doc_publisher": "한국응용생명화학회",
        "doc_license": "CC BY",
        "context_info": [
            {
                "context_id": "55e-0c9-6a6eede1-7f94-42d4-a199-bbe8de815119",
                "context_K-NSCC": {
                    "field": "생명",
                    "large_category": "LA",
                    "medium_category": "01"
                },
                "context": "<p>화합물 \\(3\\)은 황색 무정형 분말로 분리되었으며, negative 이온 모드의 ESI-MS에서 \\(269\\)[M-H]의 이온 피크를 관찰하여 분자량은 \\(270\\)으로 확인하였다. UV spectrum에서 흡수극대파장 \\( \\left(\\lambda_{\\max }\\right) \\)이 \\( 343 \\mathrm{~nm} \\)에서 나타나 화합물 \\( \\mathbf{3} \\) 역시 chalcone 계열에 속하는 것으로 예상되었다. 화합물 \\( { }^{3} \\)의 \\( { }^{1} \\mathrm{H} \\) 및 \\( { }^{13} \\mathrm{C}-\\mathrm{NMR} \\) 스펙트럼은 화합물 \\(2\\)와 유사하였다. 그러나 화합물 \\(2\\)와 달리 mono-substituted benzene ring에 기인하는 수소 \\( \\delta_{\\mathrm{H}} 7.72(2 \\mathrm{H} \\), \\( \\mathrm{dd}, J=7.7,1.4 \\mathrm{~Hz}, \\mathrm{H}-2,6 \\)와 \\( 7.45 \\) (3H, overlapped, \\( \\mathrm{H}-3,4 \\), \\(5)\\)의 관찰과 \\( \\mathrm{ESI}-\\mathrm{MS} \\)에서도 \\( \\mathrm{amu} 16 \\)의 차이로 화합물 \\(2\\)의 \\( \\mathrm{B} \\) 환에서 hydroxy 그룹이 결여된 화합물로 추정하였다. \\( \\mathrm{HMBC} \\) 스펙트럼에서 methoxy 그룹의 signal이 C-6'에 correlation \\( \\left(\\delta_{\\mathrm{H}}\\right. 3.88 / \\delta_{\\mathrm{C}} 163.2 \\) )하는 것을 확인하였고(Fig. \\(2\\)), 참고문헌과 비교하여 화합물 \\(3\\)은 cardamomin (2',4'-dihydroxy-6'-methoxy chalcone)으로 동정하였으며 이 식물에서 처음 분리, 보고되는 화합물이다. 초과 추출물에서 분리된 화합물 \\(3\\)종을 이용하여 항알러지 효능을 확인하기 위해 \\( \\mathrm{RBL}-2 \\mathrm{H} 3 \\) 세포로부터 \\( \\beta \\) -hexosaminidase assay를 수행한 결과 naringenin-\\(5\\)-\\(O\\)-methyl ether \\((1)\\)은 탈과립화 억제 효과가 없었고 helichrysetin \\((2)\\)와 cardamomin \\((3)\\) 처리군에서는 \\( \\beta \\)-hexosaminidase 억제 효과가 있는 것으로 나타났다(Fig. \\(3\\)). Table S\\(1\\)에서 보는 바와 같이 helichrysetin \\((2)\\)는 \\( 100 \\mathrm{mM} \\)에서 \\( 99.7 \\% \\)이고 cardamomin \\((3)\\)은 \\( 29.7 \\% \\)의 탈과립 억제 효과를 보였다. 이들 화합물 \\(3\\)종은 flavonoid 계열의 화합물로 그 중에서도 화합물 \\(1\\)은 flavanone 골격을 함유하며, 화합물 \\(2\\)와 \\(3\\)은 chalcone 골격으로 차이를 보이며 탈과립화 억제 효과는 chalcone 골격 화합물이 활성을 나타내었으나, 구조-효능 상관 관계를 규명하기에는 더 많은 화합물이 필요하다고 사료된다.</p> <h1>초 록</h1> <p>전통생약으로서 다양한 효능과 향신료, 조미료로서 사용되어온 초과 의 항알레르기 성분연구를 위해 \\( 80 \\% \\) 에탄올 추출물 중 \\( \\mathrm{CH}_{2} \\mathrm{Cl}_{2} \\), 분획으로부터 \\(3\\)종의 flavonoid를 단리하였으며, 이들의 물리화학적 성상과 분광분석 데이터로부터 구조를 확인한 결과 naringenin- \\( 5-O \\)-methyl ether \\((1)\\), helichrysetin \\((2)\\) 및 cardamomin \\((3)\\)로 각각 동정하였다. 이들 화합물 중 화합물 \\(2\\)는 Amomum 속으로부터 처음 규명되었고, 화합물 3 은 이 식물에서 처음 보고되는 화합물이다. 또한 화합물 \\(2\\)와 \\(3\\)은 RBL- \\( 2 \\mathrm{H} 3 \\) 세포로부터 \\( \\beta \\)-hexosaminidase assay를 수행한 결과 탈과립 억제효과를 나타내었다. 따라서 초과의 chalcone 성분은 탈과립 억제효능을 통하여 알러지 질환에 유용할 것으로 사료된다.</p>",
                "context_length": 2144,
                "clue": [
                    {
                        "clue_text": "전통생약으로서 다양한 효능과 향신료, 조미료로서 사용되어온 초과 의 항알레르기 성분연구를 위해 \\( 80 \\% \\) 에탄올 추출물 중 \\( \\mathrm{CH}_{2} \\mathrm{Cl}_{2} \\), 분획으로부터 \\(3\\)종의 flavonoid를 단리하였으며, 이들의 물리화학적 성상과 분광분석 데이터로부터 구조를 확인한 결과 naringenin- \\( 5-O \\)-methyl ether \\((1)\\), helichrysetin \\((2)\\) 및 cardamomin \\((3)\\)로 각각 동정하였다.",
                        "clue_start": "1617",
                        "clue_end": "1899"
                    },
                    {
                        "clue_text": "따라서 초과의 chalcone 성분은 탈과립 억제효능을 통하여 알러지 질환에 유용할 것으로 사료된다.",
                        "clue_start": "2084",
                        "clue_end": "2140"
                    }
                ],
                "terminology": [
                    {
                        "word": "Amomum"
                    },
                    {
                        "word": "ESI-MS"
                    },
                    {
                        "word": "UV spectrum"
                    },
                    {
                        "word": "benzene ring"
                    },
                    {
                        "word": "cardamomin"
                    },
                    {
                        "word": "chalcone 계열"
                    },
                    {
                        "word": "chalcone 골격"
                    },
                    {
                        "word": "chalcone 성분"
                    },
                    {
                        "word": "ether"
                    },
                    {
                        "word": "flavanone 골격"
                    },
                    {
                        "word": "flavonoid 계열"
                    },
                    {
                        "word": "helichrysetin"
                    },
                    {
                        "word": "hexosaminidase assay"
                    },
                    {
                        "word": "hydroxy 그룹"
                    },
                    {
                        "word": "methoxy 그룹"
                    },
                    {
                        "word": "mono-substituted benzene ring"
                    },
                    {
                        "word": "negative 이온 모드"
                    },
                    {
                        "word": "구조-효능 상관 관계"
                    },
                    {
                        "word": "단리"
                    },
                    {
                        "word": "분광분석 데이터"
                    },
                    {
                        "word": "분자량"
                    },
                    {
                        "word": "상관 관계"
                    },
                    {
                        "word": "수소"
                    },
                    {
                        "word": "스펙트럼"
                    },
                    {
                        "word": "억제효능"
                    },
                    {
                        "word": "이온 피크"
                    },
                    {
                        "word": "탈과립 억제 효과"
                    },
                    {
                        "word": "탈과립화 억제 효과"
                    },
                    {
                        "word": "항알러지 효능"
                    },
                    {
                        "word": "항알레르기 성분연구"
                    },
                    {
                        "word": "활성"
                    },
                    {
                        "word": "황색 무정형 분말"
                    },
                    {
                        "word": "흡수극대파장"
                    }
                ]
            },
            {
                "context_id": "55e-0c9-bab5c3ee-a370-49dc-8cac-56bc98e80ce6",
                "context_K-NSCC": {
                    "field": "생명",
                    "large_category": "LA",
                    "medium_category": "01"
                },
                "context": "<p>화합물 \\( \\mathbf{1} \\)은 흰색 무정형 분말로서 \\( 226,283,323 \\mathrm{sh} \\mathrm{nm} \\)의 \\( \\mathrm{UV} \\) 흡수극대치와 NMR 및 ESI-MS spectral data로부터 분자량 \\( 286(\\mathrm{~m} / \\mathrm{z} 285 \\) [M-H]-)의 flavanone 화합물로 추정하였다. \\( { }^{1} \\mathrm{H}-\\mathrm{NMR} \\) 스펙트럼의 \\( \\delta_{\\mathrm{H}} 7.29(2 \\mathrm{H}, \\mathrm{d}, J=8.5 \\mathrm{~Hz}) \\) 및 \\( 6.77(2 \\mathrm{H}, \\mathrm{d}, J=8.5 \\mathrm{~Hz} \\) )에서 flavanone B-ring의 \\( \\rho \\)-disubstituted benzene ring에 의한 signal이 관찰되었고, \\( \\delta_{\\mathrm{H}} 6.05 \\) (\\(1\\)H)와 \\( 5.95(1 \\mathrm{H}) \\)에서 \\( \\mathrm{H}-6 \\) 및 \\( \\mathrm{H}-8 \\) proton이 커플링 상수 \\( J=2.1 \\mathrm{~Hz} \\)의 doublet으로 각각 나타났다. \\( \\delta_{\\mathrm{H}} 5.33(1 \\mathrm{H}, \\mathrm{dd}, J=12.6,2.8 \\mathrm{Hz})\\), \\( 2.99(\\mathrm{dd}, J=16.8,12.6 \\mathrm{~Hz}) \\), 및 \\( 2.48(\\mathrm{dd}, J=16.8,2.8 \\mathrm{Hz} \\) )에서 flavanone 유도체임을 알 수 있는 C-ring의 \\( \\mathrm{H}-2, \\mathrm{H}_{\\mathrm{a}}-3 \\), \\( \\mathrm{H}_{\\mathrm{b}}-3 \\) proton signal과, \\( \\delta_{\\mathrm{H}} 3.73(3 \\mathrm{H}, \\mathrm{s}) \\)에서 한 개의 methoxy</p> <p>그룹을 각각 확인하였다. \\( { }^{13} \\mathrm{C}-\\mathrm{NMR} \\) 와 \\( \\mathrm{DEPT} \\) 스펙트럼에서 \\( \\rho \\) -disubstituted benzene ring의 중복된 탄소( \\( \\delta_{\\mathrm{C}} 128.6\\)과 \\(115.6\\))와 \\( \\delta_{\\mathrm{C}} 56.1 \\)의 methoxy 그룹을 포함하여 총 \\(16\\)개의 신호를 확인하였으며, \\( \\mathrm{HMBC} \\) 스펙트럼으로부터 methoxy 그룹의 수소 \\( \\left(\\delta_{\\mathrm{H}}\\right. 3.87\\))가 \\( \\mathrm{C}-5\\left(\\delta_{\\mathrm{C}} 163.2\\right) \\)와 correlation 하는 것을 통해 methoxy 그룹은 C-\\(5\\)위치에 결합하고 있음을 결정하였다. 또한, \\( \\mathrm{C}-2 \\) 위치의 stereochemistry는 H-\\(2\\)와 H-\\(3\\) proton의 커플링 상수와 비선광도 측정치 \\(([\\alpha]_{\\mathrm{D}}^{24}-17.2) \\)를 문헌 \\(\\left([\\alpha]_{\\mathrm{D}}^{25}-14.0\\right) \\)과 비교하여 \\( S \\)-form임을 알 수 있었으며, 이상의 결과를 문헌과의 비교로 화합물 \\(1\\)은 naringenin-\\(5\\)-\\(O\\)-methyl ether로 구조를 규명하였다. 화합물 \\(2\\)는 황색 무정형 분말로 분리, 정제되었으며, negative 이온 모드의 ESI-MS에서 \\( 285[\\mathrm{M}-\\mathrm{H}]^{-} \\)의 이온 피크를 관찰하여 분자량은 \\(286\\)으로 확인하였다. UV spectrum에서 흡수극대파장 \\( \\left(\\lambda_{\\max }\\right) \\)이 \\( 364 \\mathrm{~nm} \\)에서 나타나 chalcone 계열에 속하는 것으로 예상되었다. \\( { }^{1} \\mathrm{H}-\\mathrm{NMR} \\) 스펙트럼에서 chalcone 골격의 \\( \\mathrm{C}-\\alpha \\)와 \\( \\mathrm{C}-\\beta \\) 위치에 해당하는 한 쌍의 trans olefinic 수소를 \\( \\delta_{\\mathrm{H}} 7.67(1 \\mathrm{H}, \\mathrm{d}, J=15.4 \\mathrm{~Hz}, \\mathrm{H}-\\alpha) \\) 와 \\( 7.63 \\) (1H, d, \\( J=15.4 \\mathrm{~Hz} \\), \\( \\mathrm{H}-\\beta) \\)에서 확인하였고, \\( \\rho \\)-disubstituted benzene ring의 수소 \\( \\delta_{\\mathrm{H}} 7.57(2 \\mathrm{H}, \\mathrm{d}, J=9.1 \\mathrm{~Hz}, \\mathrm{H}-2,6) \\) 과 \\( 6.85(2 \\mathrm{H}, \\mathrm{d}, J=9.1 \\mathrm{~Hz} \\), \\( \\mathrm{H}-3,5) \\)를 관찰하였다. 또한, meta-coupling을 하고 있는 aromatic doublet 수소를 \\( \\delta_{\\mathrm{H}} 6.03\\left(1 \\mathrm{H}, \\mathrm{d}, J=2.1 \\mathrm{~Hz}, \\mathrm{H}-5^{\\prime}\\right) \\)과 \\( 5.93\\left(1 \\mathrm{H}, \\mathrm{d}, J=2.1 \\mathrm{~Hz}, \\mathrm{H}-3^{\\prime}\\right) \\)에서, 한 개의 hydrogen-bonded hydroxy group \\( \\left[\\delta_{\\mathrm{H}} 13.94 \\mathrm{~s})\\right] \\) 과 methoxy 그룹 \\( \\left[\\delta_{\\mathrm{H}} 3.87(3 \\mathrm{H}, \\mathrm{s})\\right] \\)을 확인하였다. \\( { }^{13} \\mathrm{C} \\)-NMR와 DEPT 스펙트럼에서 \\( \\rho \\)-disubstituted benzene ring의 중복된 탄소를 포함하여 총 \\(16\\)개의 신호를 확 인하였으며, 그 중 \\(1\\)개분에 해당하는 탄소를 포함하여 chalcone 골격에 methoxy 그룹 \\(1\\)개가 결합하고 있는 구조로 유추하였다. \\( \\mathrm{HMBC} \\) 스펙트럼에서 methoxy 그룹이 C-\\(6\\)'에 correlation \\( \\left(\\delta_{\\mathrm{H}}\\right. \\) \\( 3.87 / \\delta_{\\mathrm{C}} 163.2 \\) )하는 것을 통해 \\( \\mathrm{C}^{-1} 6^{n} \\)번 위치에 결합한 methoxy 그룹을 확인하였으며(Fig. \\(2\\)), 이를 참고문헌과 비교하여 화합물\\(2\\)를 helichrysetin (\\(2\\)',\\(4\\),\\(4\\)'-trihydroxy-\\(6\\)'-methoxy chalcone)으로 규명하였다. 이는 Amomum속 식물로부터 처음 분리, 보고되는 화합물이다.</p>",
                "context_length": 3545,
                "clue": [
                    {
                        "clue_text": "화합물 \\( \\mathbf{1} \\)은 흰색 무정형 분말로서 \\( 226,283,323 \\mathrm{sh} \\mathrm{nm} \\)의 \\( \\mathrm{UV} \\) 흡수극대치와 NMR 및 ESI-MS spectral data로부터 분자량 \\( 286(\\mathrm{~m} / \\mathrm{z} 285 \\) [M-H]-)의 flavanone 화합물로 추정하였다.",
                        "clue_start": "3",
                        "clue_end": "208"
                    },
                    {
                        "clue_text": "또한, \\( \\mathrm{C}-2 \\) 위치의 stereochemistry는 H-\\(2\\)와 H-\\(3\\) proton의 커플링 상수와 비선광도 측정치 \\(([\\alpha]_{\\mathrm{D}}^{24}-17.2) \\)를 문헌 \\(\\left([\\alpha]_{\\mathrm{D}}^{25}-14.0\\right) \\)과 비교하여 \\( S \\)-form임을 알 수 있었으며, 이상의 결과를 문헌과의 비교로 화합물 \\(1\\)은 naringenin-\\(5\\)-\\(O\\)-methyl ether로 구조를 규명하였다.",
                        "clue_start": "1479",
                        "clue_end": "1764"
                    },
                    {
                        "clue_text": "화합물 \\(2\\)는 황색 무정형 분말로 분리, 정제되었으며, negative 이온 모드의 ESI-MS에서 \\( 285[\\mathrm{M}-\\mathrm{H}]^{-} \\)의 이온 피크를 관찰하여 분자량은 \\(286\\)으로 확인하였다.",
                        "clue_start": "1765",
                        "clue_end": "1895"
                    },
                    {
                        "clue_text": "\\( \\mathrm{HMBC} \\) 스펙트럼에서 methoxy 그룹이 C-\\(6\\)'에 correlation \\( \\left(\\delta_{\\mathrm{H}}\\right. \\) \\( 3.87 / \\delta_{\\mathrm{C}} 163.2 \\) )하는 것을 통해 \\( \\mathrm{C}^{-1} 6^{n} \\)번 위치에 결합한 methoxy 그룹을 확인하였으며(Fig. \\(2\\)), 이를 참고문헌과 비교하여 화합물\\(2\\)를 helichrysetin (\\(2\\)',\\(4\\),\\(4\\)'-trihydroxy-\\(6\\)'-methoxy chalcone)으로 규명하였다.",
                        "clue_start": "3184",
                        "clue_end": "3505"
                    }
                ],
                "terminology": [
                    {
                        "word": "C-ring"
                    },
                    {
                        "word": "DEPT"
                    },
                    {
                        "word": "ESI-MS"
                    },
                    {
                        "word": "ESI-MS spectral data"
                    },
                    {
                        "word": "NMR"
                    },
                    {
                        "word": "UV spectrum"
                    },
                    {
                        "word": "aromatic doublet 수소"
                    },
                    {
                        "word": "benzene ring"
                    },
                    {
                        "word": "chalcone 계열"
                    },
                    {
                        "word": "chalcone 골격"
                    },
                    {
                        "word": "correlation"
                    },
                    {
                        "word": "ether"
                    },
                    {
                        "word": "flavanone B-ring"
                    },
                    {
                        "word": "flavanone 화합물"
                    },
                    {
                        "word": "helichrysetin"
                    },
                    {
                        "word": "hydrogen-bonded hydroxy"
                    },
                    {
                        "word": "hydroxy"
                    },
                    {
                        "word": "meta-coupling"
                    },
                    {
                        "word": "methoxy 그룹"
                    },
                    {
                        "word": "negative 이온 모드"
                    },
                    {
                        "word": "proton"
                    },
                    {
                        "word": "spectral"
                    },
                    {
                        "word": "stereochemistry"
                    },
                    {
                        "word": "trans olefinic 수소"
                    },
                    {
                        "word": "분자량"
                    },
                    {
                        "word": "비선광도"
                    },
                    {
                        "word": "스펙트럼"
                    },
                    {
                        "word": "이온 피크"
                    },
                    {
                        "word": "정제"
                    },
                    {
                        "word": "커플링 상수"
                    },
                    {
                        "word": "황색 무정형 분말"
                    },
                    {
                        "word": "흡수극대파장"
                    }
                ]
            },
            {
                "context_id": "55e-0c9-a25a08da-4862-487f-8dce-f0875bfe7d34",
                "context_K-NSCC": {
                    "field": "생명",
                    "large_category": "LA",
                    "medium_category": "01"
                },
                "context": "<h2>추출 및 분리</h2> <p>건조분말 초과(草果) \\( 5 \\mathrm{~kg} \\)에 \\( 80 \\% \\) 에탄올 \\( (2 \\times 30 \\mathrm{~L}) \\)를 가하여 \\(24\\)시간동안 냉침 추출하였다. 그 후 추출물을 여과하여 농축기 (Rotavapor R-250, Büchi Labortechnik \\( \\mathrm{GmbH} \\), Flawil, Switzerland)로 \\( 40^{\\circ} \\mathrm{C} \\)에서 감압농축 하여 \\( \\mathrm{EtOH} \\) 추출물 \\( 219 \\mathrm{~g} \\)을 확보하였다. 농축된 시료에 대하여 증류수 \\( 500 \\mathrm{~mL} \\)을 가하여 현탁시키고 상법에 따라 동량의 methylene chloride \\( \\left(\\mathrm{CH}_{2} \\mathrm{Cl}_{2}\\right) \\), ethyl acetate (EtOAc) 및 \\( n \\)-BuOH 순으로 용매 분획한 후 농축시켜 \\( \\mathrm{CH}_{2} \\mathrm{Cl}_{2} \\) 가용성 분획 \\( 66 \\mathrm{~g}, \\mathrm{EtOAc} \\) 가용성 분획 \\( 18 \\mathrm{~g} \\), 및 \\( \\mathrm{n}-\\mathrm{BuOH} \\) 가용성 분획 \\( 50 \\mathrm{~g} \\)을 얻었다. \\( \\mathrm{CH}_{2} \\mathrm{Cl}_{2} \\) 가용물을 다시 \\( n \\)-hexane에 현탁시키고 \\( 50 \\%(32 \\mathrm{~g}), 70 \\%(8 \\mathrm{~g}), 90 \\% \\mathrm{MeOH}(12 \\mathrm{~g}) \\), 및 \\( n \\)-hexane \\( (10 \\mathrm{~g}) \\) 순으로 각각 분획하였다. 항알러지 효과가 있는 \\( 70 \\% \\mathrm{MeOH} \\) 가용물에 대하여 \\( \\mathrm{CHCl}_{3}-\\mathrm{MeOH} \\) 혼합용매를 이동상 \\( (1: 0 \\rightarrow 1: 1, \\mathrm{v} / \\mathrm{v}, 2 \\mathrm{~L}) \\)으로 하여 silica gel (\\(70-230\\) Mesh, Merck, Germany)을 이용한 컬럼 크로마토그래피 \\( (\\varnothing 8 \\times 30 \\mathrm{~cm}) \\)를 수행하여 \\(7\\)개의 소분획(\\(G47-70M-1-7\\))으로 나누었다.\\(G47-70M-4\\) 소분획물 \\( (1.1 \\mathrm{~g}) \\)에 대하여 \\( \\mathrm{MeOH} \\)와 증류수 혼합용매를 이동상 \\( (20: 80 \\rightarrow 100: 0, \\mathrm{v} / \\mathrm{v}, 500 \\mathrm{~mL}) \\)으로 하여 역상 ODS-A (\\(12\\mathrm{nm} S- 75 \\mu \\mathrm{m} \\), YMC GEL)을 이용한 VLC (vacuum liquid chromatography, \\( ø 16 \\times 6 \\mathrm{~cm}) \\)를 수행하여 \\(6\\)개의 소분획(\\(G47-70M-4-1-6\\))을 얻었다. G47-70M-4-4 (150 mg)에 대하여 \\( \\mathrm{CHCl}_{3}-\\mathrm{MeOH} \\) 혼합용매를 이동상 \\( (20: 1 \\rightarrow 6: 1, \\mathrm{v} / \\mathrm{v}, 200 \\mathrm{~mL}) \\)으로 하여 silica gel (\\(230-400\\) Mesh, Merck, Germany)을 이용한 컬럼 크로마토그래피(ø1.5× \\( 25 \\mathrm{~cm}) \\)를 수행하여 화합물 \\( \\mathbf{1}(3.2 \\mathrm{mg}) \\)을 분리하였다. 소분획 \\( \\mathrm{G} 47-70 \\mathrm{M}-4-3(600 \\mathrm{mg}) \\)에 대하여 \\( \\mathrm{CHCl}_{3}-\\mathrm{MeOH}(1: 1, \\mathrm{v} / \\mathrm{v}, 2 \\mathrm{~L}) \\)혼합용매를 이동상으로 하여 Sephadex \\( { }^{\\mathrm{TM}} \\mathrm{LH}-20 \\)을 이용한 컬럼크로마토그래피 \\( (\\varnothing 4 \\times 150 \\mathrm{~cm}) \\)를 수행하여 화합물 \\( 2(5.7 \\mathrm{mg}) \\)와 \\(3(7.3 \\mathrm{mg}) \\)을 각각 분리 정제하였다.</p>",
                "context_length": 2197,
                "clue": [
                    {
                        "clue_text": "건조분말 초과(草果) \\( 5 \\mathrm{~kg} \\)에 \\( 80 \\% \\) 에탄올 \\( (2 \\times 30 \\mathrm{~L}) \\)를 가하여 \\(24\\)시간동안 냉침 추출하였다.",
                        "clue_start": "20",
                        "clue_end": "127"
                    },
                    {
                        "clue_text": "그 후 추출물을 여과하여 농축기 (Rotavapor R-250, Büchi Labortechnik \\( \\mathrm{GmbH} \\), Flawil, Switzerland)로 \\( 40^{\\circ} \\mathrm{C} \\)에서 감압농축 하여 \\( \\mathrm{EtOH} \\) 추출물 \\( 219 \\mathrm{~g} \\)을 확보하였다.",
                        "clue_start": "128",
                        "clue_end": "317"
                    },
                    {
                        "clue_text": "\\(G47-70M-4\\) 소분획물 \\( (1.1 \\mathrm{~g}) \\)에 대하여 \\( \\mathrm{MeOH} \\)와 증류수 혼합용매를 이동상 \\( (20: 80 \\rightarrow 100: 0, \\mathrm{v} / \\mathrm{v}, 500 \\mathrm{~mL}) \\)으로 하여 역상 ODS-A (\\(12\\mathrm{nm} S- 75 \\mu \\mathrm{m} \\), YMC GEL)을 이용한 VLC (vacuum liquid chromatography, \\( ø 16 \\times 6 \\mathrm{~cm}) \\)를 수행하여 \\(6\\)개의 소분획(\\(G47-70M-4-1-6\\))을 얻었다.",
                        "clue_start": "1211",
                        "clue_end": "1552"
                    },
                    {
                        "clue_text": "G47-70M-4-4 (150 mg)에 대하여 \\( \\mathrm{CHCl}_{3}-\\mathrm{MeOH} \\) 혼합용매를 이동상 \\( (20: 1 \\rightarrow 6: 1, \\mathrm{v} / \\mathrm{v}, 200 \\mathrm{~mL}) \\)으로 하여 silica gel (\\(230-400\\) Mesh, Merck, Germany)을 이용한 컬럼 크로마토그래피(ø1.5× \\( 25 \\mathrm{~cm}) \\)를 수행하여 화합물 \\( \\mathbf{1}(3.2 \\mathrm{mg}) \\)을 분리하였다.",
                        "clue_start": "1553",
                        "clue_end": "1848"
                    },
                    {
                        "clue_text": "소분획 \\( \\mathrm{G} 47-70 \\mathrm{M}-4-3(600 \\mathrm{mg}) \\)에 대하여 \\( \\mathrm{CHCl}_{3}-\\mathrm{MeOH}(1: 1, \\mathrm{v} / \\mathrm{v}, 2 \\mathrm{~L}) \\)혼합용매를 이동상으로 하여 Sephadex \\( { }^{\\mathrm{TM}} \\mathrm{LH}-20 \\)을 이용한 컬럼크로마토그래피 \\( (\\varnothing 4 \\times 150 \\mathrm{~cm}) \\)를 수행하여 화합물 \\( 2(5.7 \\mathrm{mg}) \\)와 \\(3(7.3 \\mathrm{mg}) \\)을 각각 분리 정제하였다.",
                        "clue_start": "1849",
                        "clue_end": "2193"
                    }
                ],
                "terminology": [
                    {
                        "word": "S-"
                    },
                    {
                        "word": "VLC"
                    },
                    {
                        "word": "ethyl acetate"
                    },
                    {
                        "word": "methylene chloride"
                    },
                    {
                        "word": "silica gel"
                    },
                    {
                        "word": "가용성 분획"
                    },
                    {
                        "word": "감압농축"
                    },
                    {
                        "word": "냉침 추출"
                    },
                    {
                        "word": "농축기"
                    },
                    {
                        "word": "분리 정제"
                    },
                    {
                        "word": "시료"
                    },
                    {
                        "word": "에탄올"
                    },
                    {
                        "word": "여과"
                    },
                    {
                        "word": "역상"
                    },
                    {
                        "word": "용매 분획"
                    },
                    {
                        "word": "이동상"
                    },
                    {
                        "word": "증류수 혼합용매"
                    },
                    {
                        "word": "컬럼"
                    },
                    {
                        "word": "컬럼크로마토그래피"
                    },
                    {
                        "word": "크로마토그래피"
                    },
                    {
                        "word": "항알러지 효과"
                    },
                    {
                        "word": "현탁"
                    },
                    {
                        "word": "화합물"
                    }
                ]
            },
            {
                "context_id": "55e-0c9-38dc9e7e-fc66-4020-a4c5-6edbaa24bcd3",
                "context_K-NSCC": {
                    "field": "생명",
                    "large_category": "LA",
                    "medium_category": "01"
                },
                "context": "<p>초과의 \\( \\mathrm{RBL}-2 \\mathrm{H} 3 \\) 세포 항원 유도 탈과립 억제성분</p> <h1>서 론</h1> <p>초과는 생강과에 속하고 예로부터 향신료, 조미료, 그리고 중국 전통 의학으로 사용되어 왔으며 따뜻하고 매운 성질의 초과는 전통적으로 소화불량, 위장병, 거담, 말라리아, 메스꺼움, 구토, 설사 그리고 복통 등에 사용해 왔다. 이 식물에 대한 성분 연구로는 terpenoids, phenolic compounds, flavonoids, carbaldehydes, sterols, diaryheptanoids, benzaldehyde 및 cycloterpenals 등이 보고되어 있으며, 이들 성분중에서 \\( \\mathrm{He} \\)등은 diarylheptanoids계열 amomutsaokols A-K에서 \\( \\alpha- \\) glucosidase 억제 활성(He 등 2020)과, Kim 등은 pyrano-flavanone과 pyranochalcone 계열 화합물로부터 강력한 nitric oxide 생성 억제 활성을 보고하였다. 또한, 초과의 생리활성 연구로는 항염, 항산화, 항진균 및 항비만 효능 등이 알려져 있다. IgE가 관여하여 일어나는 제 \\(1\\)형 과민반응은 allergy 또는 아토피 반응으로 불리우며, 아토피 질환, 천식, allergy성 비염 등을 포함하는 가장 흔한 만성 면역계 질환이다. 비만세포는 대부분의 allergy 질환에 중요한 역할을 하는 세포로 알려져 있으며, 항원과 항체의 결합을 통하여 활성화되며 세포의 과립 내에 저장되어 있던 히스타민, 염증촉진 사이토카인과 케모카인, 류코트리엔, 그리고 프로스타글란딘과 같은 allergy 유발물질을 분비한다. 따라서, allergy 유발물질의 탈과립 억제를 통한 비만세포 활성화 조절은 allergy 반응의 약물 개발에 중요한 자료로 활용될 수 있을 것이다. Allergy 질환의 예방을 위한 기존에 연구된 천연물 소재로는 충울자(Leomurus sibiricus) 추출물, 검정콩 껍질 유래 안토시아닌, 곰솔(Pimus thunbergii)로부터 분리한 neolignane 등이 보고되었다. 본 연구에서는 초과의 성분 및 효능에 대한 연구를 수행하였으며 에탄올 추출물로부터 분리 정제된 화합물의 \\( \\mathrm{RBL}-2 \\mathrm{H} 3 \\) 세포로부터 탈과립 억제 활성을 확인하였기에 그 결과를 보고하고자 한다.</p> <h1>재료 및 방법</h1> <h2>실험 재료</h2> <p>실험에 사용한 초과(草果)는 \\(2012\\)년 \\(2\\)월 서울 경동시장에서 구입하여 교신저자인 오좌섭 교수로부터 형태학적 평가를 통하여 동정 받은 후 사용하였으며, 표본(G\\(47\\))은 (재)경기도경제과학진흥원 천연물연구팀 표본실에 보관하고 있다.</p> <h2>시약 및 기기</h2> <p>비선광도는 JASCO P-\\(2000\\) polarimeter (Tokyo, Japan)를 사용하여 측정하였다. Nuclear magnetic resonance (NMR)은 Bruker Ascend Ⅲ \\(700\\) (\\(700\\mathrm{MHz}\\), cryoprobe) spectrometer (Bruker BioSpin GmbH., Rheinstetten, Germany)를 이용하여 측정하였으며, Electrospray ionization (ESI) mass는 LTQ Orbitrap XL mass spectrometer (Thermo Fisher Scientific Inc., MA, Waltham, USA)를 사용하였다. TLC plate는 Merck의 Kiesel gel \\( 60 \\mathrm{~F}_{254}(0.25 \\mathrm{~mm} \\), Darmstadt, Germany) 또는 RP-\\(18_{254S}(0.25 \\mathrm{~mm}) \\)를 사용하였다. 컬럼 충진제는 실리카겔 \\(60\\)(\\(70-230\\) Mesh, Merck KGaA), 실리카겔 \\(60\\) (\\(230-400\\) Mesh, Merck KGaA), ODS-A (\\(12 \\mathrm{nm}\\) S-\\(75\\) \\( 7 \\mathrm{~m} \\), YMC GEL), Sephadex \\( { }^{\\mathrm{TM}} \\) LH-\\(20\\) (GE Healthcare, IL, Chicago, USA)를 사용하였다. 발색시약으로는 \\( 10 \\% \\) vanillin \\( \\mathrm{H}_{2} \\mathrm{SO}_{4} \\) (in EtOH) 시약을 사용하였으며, UV의 검색은 \\(254\\) 와 \\( 365 \\mathrm{~nm} \\) 에서 확인하였다. 추출, 분획 및 컬럼 크로마토그래피에 사용한 모든 용매는 \\(1\\)급 시약을 사용하였다. 물은 초순수제조장치(Cascada \\( { }^{\\mathrm{TM}} \\mathrm{RO} \\) water, Pall Corporation, NY, Port Washington, USA)를 이용하여 \\(3\\)차 증류수를 사용하였다.</p>",
                "context_length": 2476,
                "clue": [
                    {
                        "clue_text": "본 연구에서는 초과의 성분 및 효능에 대한 연구를 수행하였으며 에탄올 추출물로부터 분리 정제된 화합물의 \\( \\mathrm{RBL}-2 \\mathrm{H} 3 \\) 세포로부터 탈과립 억제 활성을 확인하였기에 그 결과를 보고하고자 한다.",
                        "clue_start": "1074",
                        "clue_end": "1205"
                    }
                ],
                "terminology": [
                    {
                        "word": "ESI"
                    },
                    {
                        "word": "Electrospray ionization"
                    },
                    {
                        "word": "EtOH"
                    },
                    {
                        "word": "Fisher Scientific"
                    },
                    {
                        "word": "IL"
                    },
                    {
                        "word": "IgE"
                    },
                    {
                        "word": "Kiesel gel"
                    },
                    {
                        "word": "Merck"
                    },
                    {
                        "word": "Mesh"
                    },
                    {
                        "word": "NMR"
                    },
                    {
                        "word": "Nuclear magnetic resonance"
                    },
                    {
                        "word": "TLC"
                    },
                    {
                        "word": "TLC plate"
                    },
                    {
                        "word": "Thermo Fisher Scientific"
                    },
                    {
                        "word": "UV"
                    },
                    {
                        "word": "allergy"
                    },
                    {
                        "word": "amomutsaokols A-K"
                    },
                    {
                        "word": "benzaldehyde"
                    },
                    {
                        "word": "carbaldehydes"
                    },
                    {
                        "word": "compounds"
                    },
                    {
                        "word": "cycloterpenals"
                    },
                    {
                        "word": "diaryheptanoids"
                    },
                    {
                        "word": "flavonoids"
                    },
                    {
                        "word": "gel"
                    },
                    {
                        "word": "glucosidase"
                    },
                    {
                        "word": "mass"
                    },
                    {
                        "word": "mass spectrometer"
                    },
                    {
                        "word": "neolignane"
                    },
                    {
                        "word": "nitric oxide"
                    },
                    {
                        "word": "nitric oxide 생성"
                    },
                    {
                        "word": "phenolic"
                    },
                    {
                        "word": "phenolic compounds"
                    },
                    {
                        "word": "plate"
                    },
                    {
                        "word": "polarimeter"
                    },
                    {
                        "word": "pyrano-flavanone"
                    },
                    {
                        "word": "pyranochalcone"
                    },
                    {
                        "word": "spectrometer"
                    },
                    {
                        "word": "sterols"
                    },
                    {
                        "word": "terpenoids"
                    },
                    {
                        "word": "vanillin"
                    },
                    {
                        "word": "거담"
                    },
                    {
                        "word": "과립"
                    },
                    {
                        "word": "과민반응"
                    },
                    {
                        "word": "동정"
                    },
                    {
                        "word": "류코트리엔"
                    },
                    {
                        "word": "면역계"
                    },
                    {
                        "word": "발색시약"
                    },
                    {
                        "word": "분리 정제"
                    },
                    {
                        "word": "분획"
                    },
                    {
                        "word": "비만세포"
                    },
                    {
                        "word": "비선광도"
                    },
                    {
                        "word": "생리활성"
                    },
                    {
                        "word": "생리활성 연구"
                    },
                    {
                        "word": "생성 억제 활성"
                    },
                    {
                        "word": "세포"
                    },
                    {
                        "word": "실리카겔"
                    },
                    {
                        "word": "아토피 질환"
                    },
                    {
                        "word": "안토시아닌"
                    },
                    {
                        "word": "억제 활성"
                    },
                    {
                        "word": "에탄올"
                    },
                    {
                        "word": "에탄올 추출물"
                    },
                    {
                        "word": "염증촉진 사이토카인"
                    },
                    {
                        "word": "용매"
                    },
                    {
                        "word": "위장병"
                    },
                    {
                        "word": "정제"
                    },
                    {
                        "word": "증류수"
                    },
                    {
                        "word": "천식"
                    },
                    {
                        "word": "천연물"
                    },
                    {
                        "word": "천연물 소재"
                    },
                    {
                        "word": "초순수제조장치"
                    },
                    {
                        "word": "충진제"
                    },
                    {
                        "word": "컬럼"
                    },
                    {
                        "word": "컬럼 크로마토그래피"
                    },
                    {
                        "word": "케모카인"
                    },
                    {
                        "word": "크로마토그래피"
                    },
                    {
                        "word": "탈과립"
                    },
                    {
                        "word": "표본"
                    },
                    {
                        "word": "프로스타글란딘"
                    },
                    {
                        "word": "항비만"
                    },
                    {
                        "word": "항산화"
                    },
                    {
                        "word": "항염"
                    },
                    {
                        "word": "항원"
                    },
                    {
                        "word": "항진균"
                    },
                    {
                        "word": "항체"
                    },
                    {
                        "word": "화합물"
                    },
                    {
                        "word": "활성화"
                    },
                    {
                        "word": "히스타민"
                    }
                ]
            }
        ]
    }
}