{
    "dataset_info": {
        "identifier": "02-031-002-NL",
        "name": "기술과학 문서 요약 데이터",
        "category": "자연어",
        "last_updated": "2023-08-30"
    },
    "dataset": {
        "doc_id": "62374a30-600bc43d-6e5f-4bab-ac30-161db7665591",
        "doc_type": "논문",
        "doc_title": {
            "kor": "섬바디 부위별 추출물의 항혈전 및 항산화 활성",
            "eng": ""
        },
        "doc_category": {
            "KDC": "470.5",
            "DDC": ""
        },
        "doc_number": {
            "ISSN": "1225-9918",
            "ISBN": "",
            "DOI": "",
            "UCI": ""
        },
        "doc_year": "2022",
        "doc_author": [
            "강덕경",
            "이윤진",
            "김종식",
            "손호용"
        ],
        "doc_publisher": "한국생명과학회",
        "doc_license": "CCL 없음",
        "context_info": [
            {
                "context_id": "55e-0c9-4f5db521-e7e6-4288-af85-e051ca43ca20",
                "context_K-NSCC": {
                    "field": "생명",
                    "large_category": "LA",
                    "medium_category": "08"
                },
                "context": "<h1>재료 및 방법</h1> <h2>실험재료 및 시약</h2> <p>본 실험에 사용된 2019년 울릉도에서 수확한 섬바디를 구입하여 에탄올 추출물 제조에 사용하였다. 구체적으로는, 섬바디의 잎(DT-L), 줄기(DT-S), 뿌리(DT-R)를 구분하여, 각각의 시료에 대해 10 배의 \\( 70 \\% \\) ethanol (Daejung Chemicals \\& Metals Co., Ltd. Korea)을 가하고, 상온에서 2회 반복 추출하고, 추출액을 모아 filter paper (Whatsman No. 2, GE healthcare UK limited, UK)로 여과한 후 감압 농축(Eyela Rotary evaporator N-1110S, Tokyo Rikakikai Co., Ltd. Japan)하고 동결건조(FD5508, Ilshin Lab Co. Ltd, Korea)하여 분말로 제조하였다. 확증표본은 안동대학교 식품영양학과에 보관하고 있다. 추출물들은 DMSO에 \\( 100 \\mathrm{mg} / \\mathrm{ml} \\) 농도로 녹인 후, 항혈전 활성 평가시 최종농도가 \\( 2.5 \\mathrm{mg} / \\mathrm{ml} \\) 되도록 첨가하였으며, 적혈구 용혈활성 평가시에는 최종농도가 \\( 1 \\mathrm{mg} / \\mathrm{ml} \\) 되도록 첨가하였다. 항혈전 활성평가에 사용한 혈장은 시판 control plasma (MD Pacific Technology Co., Ltd, Huayuan Industrial Area, China)를 사용하였으며, PT reagent와 aPTT reagent는 MD Pacific Hemostasis (MD Pacific Technology Co., Ltd, Huayuan Industrial Area, China)의 분석시약을 사용하여 측정하였다. 기타 시약은 Sigma-Aldrich Chemical Co. (St. Louis, MO, USA)의 시약급 이상의 제품을 구입하여 사용하였다.</p> <h2>섬바디 부위별 추출물의 혈액응고 저해 활성</h2> <p>섬바디 부위별 추줄물의 항응고 활성은 각각 thrombin time (TT), prothrombin time (PT) 및 activated partial thromboplastin time (aPTT)을 측정하여 평가하였다. 모든 실험은 3회 반복하여 평균치로 나타내었으며, 각각의 항응고 활성은 시료 첨가시의 응고 시간의 평균치를 무첨가시의 응고 시간의 평균치의 비로 나타내었다.</p> <h2>섬바디 부위별 추출물의 혈소판 응집 저해 활성</h2> <p>섬바디 부위별 추출물의 혈소판 응집저해 활성은 수세된 농축 혈소판에 섬바디 시료를 첨가한 후 collagen을 첨가하여 혈소판 응집을 유도한 후 Whole Blood Aggregometer (Chronolog, PA, U.S.A)의 미세전극에 혈소판이 부착, 응집됨에 따라 발생하는 전기 저항값의 변화를 측정하여 평가하였다(IRB-Andong National Univ-1312: 1040191-202002-BR-001-01). 보다 자세하게는 \\( 10 \\mathrm{mM} \\) \\( \\mathrm{CaCl} \\) \\(20 \\mu l \\), suspending buffer \\( 147.5 \\mu \\mathrm{l} \\), 섬바디 시료 5씨가 포함된 반응 cuvette에 \\( 50 \\mu \\)의 인간 유래 혈 소판 \\( \\left(5 \\times 10^{8}\\right. \\) cells \\( \\left./ \\mathrm{ml}\\right) \\)을 첨가하고 3분 동안 \\( 37^{\\circ} \\mathrm{C} \\)로 가온 후, 응집유도제로 collagen \\( (1 \\mathrm{mg} / \\mathrm{ml}) \\) 을 \\( 2.5 \\mu 1 \\)를 넣고 혈소판 응집을 측정하였다. 응집반응은 Whole Blood Aggregometer의 교반장치를 이용하여 반응액을 \\( 500 \\mathrm{rpm} \\)으로 교반시키면서 collagen 첨가 후 12분간 측정하였다. 이후 얻어진 응집곡선으로부터 Aggrolink program (Aggrolink 5.2.3, Chrono- log, PA, USA)을 이용하여 amplitude, slope, area under 를 측정하여 혈소판 응집을 평가하였다. 이때, amplitude \\( (\\Omega) \\)는 응집유도제를 첨가하였을 때 일어나는 혈소판의 최대 응집도를 나타내며, slope는 응집유도제를 첨가한 직후부터 1분 동안의 응집곡선의 기울기를 나타내며, area under는 전체적인 혈소판 응집 정도를 표시하는 것으로 전기저항 증가에 따른 slope 곡선의 하강면적을 나타낸다.</p>",
                "context_length": 2325,
                "summary": "섬바디의 잎, 줄기, 뿌리를 나눠, 시료 각각을 \\(70\\%\\) ethanol로 10배 가하고 상온에서 추출한 액을 모아 여과해 감압 농축 동결건조하여 분말로 만들었다. 추출물들은 DMSO에 녹여, 최종농도 \\( 2.5 \\mathrm{mg} / \\mathrm{ml} \\)를 넣어 항혈전 활성을 관측했다. 또한, 최종농도가 \\( 1 \\mathrm{mg} / \\mathrm{ml} \\)가 될 수 있게 해서 적혈구 용혈활성을 관측하였다. 섬바디 부위별 추줄물의 항응고 활성은 thrombin time, prothrombin time, activated partial thromboplastin time으로 관측했다. 섬바디 부위별 추출물의 혈소판 응집저해 활성은 수세한 농축 혈소판에 섬바디 시료와 collagen을 넣어 혈소판 응집을 이끌어내 미세전극에 혈소판이 부착 응집되며 생긴 전기 저항값 변화를 관측했다.",
                "clue": [
                    {
                        "clue_text": "섬바디 부위별 추줄물의 항응고 활성은 각각 thrombin time (TT), prothrombin time (PT) 및 activated partial thromboplastin time (aPTT)을 측정하여 평가하였다.",
                        "clue_start": "1030",
                        "clue_end": "1155"
                    },
                    {
                        "clue_text": "섬바디 부위별 추출물의 혈소판 응집저해 활성은 수세된 농축 혈소판에 섬바디 시료를 첨가한 후 collagen을 첨가하여 혈소판 응집을 유도한 후 Whole Blood Aggregometer (Chronolog, PA, U.S.A)의 미세전극에 혈소판이 부착, 응집됨에 따라 발생하는 전기 저항값의 변화를 측정하여 평가하였다(IRB-Andong National Univ-1312: 1040191-202002-BR-001-01).",
                        "clue_start": "1286",
                        "clue_end": "1524"
                    },
                    {
                        "clue_text": "구체적으로는, 섬바디의 잎(DT-L), 줄기(DT-S), 뿌리(DT-R)를 구분하여, 각각의 시료에 대해 10 배의 \\( 70 \\% \\) ethanol (Daejung Chemicals \\& Metals Co., Ltd. Korea)을 가하고, 상온에서 2회 반복 추출하고, 추출액을 모아 filter paper (Whatsman No. 2, GE healthcare UK limited, UK)로 여과한 후 감압 농축(Eyela Rotary evaporator N-1110S, Tokyo Rikakikai Co., Ltd. Japan)하고 동결건조(FD5508, Ilshin Lab Co. Ltd, Korea)하여 분말로 제조하였다.",
                        "clue_start": "94",
                        "clue_end": "449"
                    },
                    {
                        "clue_text": "추출물들은 DMSO에 \\( 100 \\mathrm{mg} / \\mathrm{ml} \\) 농도로 녹인 후, 항혈전 활성 평가시 최종농도가 \\( 2.5 \\mathrm{mg} / \\mathrm{ml} \\) 되도록 첨가하였으며, 적혈구 용혈활성 평가시에는 최종농도가 \\( 1 \\mathrm{mg} / \\mathrm{ml} \\) 되도록 첨가하였다.",
                        "clue_start": "479",
                        "clue_end": "667"
                    }
                ],
                "terminology": [
                    {
                        "word": "Aggrolink program"
                    },
                    {
                        "word": "DMSO"
                    },
                    {
                        "word": "Metals"
                    },
                    {
                        "word": "Rotary evaporator"
                    },
                    {
                        "word": "UK"
                    },
                    {
                        "word": "Whole Blood Aggregometer"
                    },
                    {
                        "word": "aPTT reagent"
                    },
                    {
                        "word": "amplitude"
                    },
                    {
                        "word": "area under"
                    },
                    {
                        "word": "collagen"
                    },
                    {
                        "word": "control plasma"
                    },
                    {
                        "word": "cuvette"
                    },
                    {
                        "word": "ethanol"
                    },
                    {
                        "word": "filter paper"
                    },
                    {
                        "word": "prothrombin time"
                    },
                    {
                        "word": "slope 곡선"
                    },
                    {
                        "word": "suspending buffer"
                    },
                    {
                        "word": "thrombin time (TT)"
                    },
                    {
                        "word": "감압 농축"
                    },
                    {
                        "word": "교반장치"
                    },
                    {
                        "word": "농축 혈소판"
                    },
                    {
                        "word": "미세전극"
                    },
                    {
                        "word": "분석시약"
                    },
                    {
                        "word": "섬바디"
                    },
                    {
                        "word": "시료"
                    },
                    {
                        "word": "시약급"
                    },
                    {
                        "word": "에탄올 추출물 제조"
                    },
                    {
                        "word": "용혈활성"
                    },
                    {
                        "word": "응집곡선"
                    },
                    {
                        "word": "응집도"
                    },
                    {
                        "word": "응집반응"
                    },
                    {
                        "word": "응집유도제"
                    },
                    {
                        "word": "전기 저항값"
                    },
                    {
                        "word": "항응고 활성"
                    },
                    {
                        "word": "항혈전"
                    },
                    {
                        "word": "혈소판 응집저해 활성"
                    },
                    {
                        "word": "혈액응고 저해 활성"
                    },
                    {
                        "word": "혈장"
                    },
                    {
                        "word": "확증표본"
                    }
                ]
            },
            {
                "context_id": "55e-0c9-149047bc-8cd8-4fa1-bf14-904dedc41b52",
                "context_K-NSCC": {
                    "field": "생명",
                    "large_category": "LA",
                    "medium_category": "08"
                },
                "context": "<h2>섬바디 부위별 추출물의 혈소판 응집 저해 활성</h2> <p>섬바디 추출물의 항혈전 평가를 위해 부위별 추출물의 혈소판 응집에 미치는 영향을 평가하였다. 먼저 aspirin은 0.125\\( \\mathrm{mg} / \\mathrm{ml} \\) 농도에서 \\( 68.6 \\% \\)의 응집도를, \\( 0.25 \\mathrm{mg} / \\mathrm{ml} \\) 농도에서 \\( 32.5 \\% \\)의 응집도를 나타내어 농도 의존적으로 혈소판 응집저해를 나타내어 임상에서 항혈전제로 사용되는 근거를 알 수 있었다. 섬바디 잎 추출물은 0.25 \\( \\mathrm{mg} / \\mathrm{ml} \\) 에서 \\( 53.3 \\% \\)의 응집도를 나타내어 동일 농도의 aspirin 보다는 미약하였으나, \\( 0.125 \\mathrm{~m} / \\mathrm{ml} \\) 농도의 aspirin 활성보다는 우수한 혈소판 응집저해 활성을 보였다. 또한 섬바디 잎 추출물의 경우 항혈전 활성이 우수하다고 알려진 흑생강 추출물의 \\( 22.2 \\% \\) 혈소판 응집[10]보다는 항혈 전 활성이 미약하였으나, 블랙커런트의 \\( 0.3 \\mathrm{mg} / \\mathrm{ml} \\)에서 \\( 92.4 \\% \\)의 혈소판 응집보다는 강력하여 우수한 항혈 전 활성을 나타내리라 예상되었다. 반면 섬바디 줄기 및 뿌리 추출물은 \\( 0.25 \\mathrm{mg} / \\) \\( \\mathrm{ml} \\)에서 각각 125.1 및 \\( 150.8 \\% \\)의 혈소판 응집도를 나타내어 오히려 혈전 생성을 촉진하는 것으로 확인되었다. 따라서 섬바디 뿌리 추출물은 우수한 혈액응고인자 저해 활성을 보인 반면, \\( 0.25 \\mathrm{mg} / \\mathrm{ml} \\) 농도에서 \\( 150.8 \\% \\)의 혈소판 응집촉진을 동시에 나타내어 실제적인 항혈전제로 이용은 제한될 것으로 판단된다. 이상의 결과는 섬바디 잎 추출물은 혈소판 응집 저해를 통한 항혈전제로, 섬바디 줄기 및 뿌리 추출물은 혈소판 응집 촉진을 통한 지혈제로 개발 가능함을 제시하고 있다.</p> <h2>섬바디 부위별 추출물의 항산화 활성</h2> <p>산화적 스트레스는 혈전 생성에서 중추적 역할을 수행하는 fibrinogen의 수식과 섬유화(fibrillization)를 통해 혈 전 생성을 촉진하며, 적혈구 용혈을 유도하여 혈전증을 가속화하는 것으로 알려져 있다. 또한 항산화 활성을 나타내는 카테친과 같은 phytochemical들은 fibrinogen의 니트로수식화(nitrative modification)를 억제하여 혈전 생성을 억제할 수 있음이 알려져 있다. 따라서 섬바디 부위별 추출물의 항산화 활성을 평가하였으며, 그 결과는 Table 3에 나타내었다. 먼저 활성 대조구로 사용된 vitamin C는 \\( 0.1 \\mathrm{mg} / \\mathrm{ml} \\) 농도에서 DPPH 음이온 소거능, ABTS 양이온 소거능 nitrite 소거능 및 환원력 평가 결과 각각 \\( 92.9 \\%, 98.5 \\%, 85.2 \\% \\) 및 1.601을 나타내어 강력한 항산화 활성을 보였다. 한편 섬바디 잎 추출물 0.5\\( \\mathrm{mg} / \\mathrm{ml} \\)의 경우 DPPH 음이온 소거능, ABTS 양이온 소거능 nitrite 소거능 및 환원력 평가 결과 각각 \\( 59.3 \\%, 88.1 \\%, 48.3 \\% \\) 및 1.015를 나타내어 강력한 항산화 활성을 보였으며, 이러한 항산화 활성은 블랙커런트 열매, 모링가 뿌리 및 도깨비부채 추출물보다 우수하였다. 그러나 뿌리 추출물은 DPPH 음이온 소거능, ABTS 양이온 소거능 평가에서만 양호한 항산화 활성을 보였으며, 줄기 추출물은 전체적으로 미약한 항산화 활성을 보였다. DPPH 음이온 소거능 및 환원력의 경우 잎 >뿌리 >줄기 순으로 나타났으며, ABTS 양이온 소거능의 경우 잎, 뿌리 >줄기 순으로 나타났다. 그러나 nitrite 소거능은 잎 >줄기 >뿌리의 순으로 나타났다. 우수한 항산화 활성을 나타내는 섬바디 잎 추출물을 대상으로 다양한 농도에서 항산화 활성을 평가하여 활성이온의 \\( 50 \\% \\) 소거에 필요한 농도( \\( \\left.\\mathrm{RC}_{50}\\right) \\)를 계산하였다. 대조구로 사용된 vitamin C의 DPPH 음이온, ABTS 양이온 및 nitrite 소거능의 \\( \\mathrm{RC}_{50} \\) 값은 9.5, \\( 8.3 \\) 및 \\( 15.5 \\mu \\mathrm{g} / \\mathrm{ml} \\)으로 매우 강력한 항산화 활성을 확인하였으며, 잎 추출물에서는 각각 118.4, 54.3 및 \\( 211.7 \\mathrm{\\mu g} / \\) \\( \\mathrm{ml} \\)의 \\( \\mathrm{RC}_{50} \\) 값을 확인하였다. 이러한 결과는 섬바디 잎 추출물이 정제되지 않은 상태임을 감안한다면 기존 강력한 항산화 활성이 보고된 블랙커런트, 흑생강 및 도깨비 부채 추출물 보다 강력한 항산화 활성물질을 포함하는 것으로 이해 된다.</p> <h2>섬바디 부위별 추출물의 인간 적혈구 용혈활성</h2> <p>섬바디 추출물의 실제적 이용 가능성을 평가하기 위해 부위별 추출물의 적혈구 용혈활성을 평가하였다. 먼저, 용매 대조구로 사용된 DMSO는 용혈 활성이 없었으며, Triton X-100은 \\( 1 \\mathrm{mg} / \\mathrm{ml} \\) 농도에서 적혈구를 \\( 100 \\% \\) 용혈시킴을 확인하였다. 또한, 항암제, 항진균제로 사용되고 있는 amphotericin B의 경우 \\( 0.0125 \\mathrm{mg} / \\mathrm{ml} \\) 농도에서 \\( 48 \\% \\) 이상 적혈구를 용혈시킴을 확인하였다. 한편 섬바디 잎 및 줄기 추출물은 1 \\( \\mathrm{mg} / \\mathrm{ml} \\) 농도까지 전혀 적혈구 용혈현상이 나타나지 않아 적혈구 용혈에 따른 급성독성은 없음을 확인하였으며, 섬바디 뿌리 추출물은 \\( 1 \\mathrm{mg} / \\mathrm{ml} \\) 농도에서 \\( 88.8 \\% \\)의 강력한 용혈활성을 나타내었다. 섬바디 뿌리 추출물은 \\( 0.5 \\mathrm{mg} / \\mathrm{ml} \\) 농도에서도 \\( 28.6 \\% \\)의 용혈활성을 나타내어 용혈인자를 포함하고 있음을 확인하였다. 상기의 결과는, 섬바디 잎 추출물에서 강력한 항산화 활성 및 혈소판 응집저해 활성에 의한 항혈전 활성을 기대할 수 있으며, 섬바디 잎 추출물의 활성물질을 이용한 항혈전제 및 항산화제로의 개발 가능성을 제시하고 있다. 본 연구는 섬바디의 항혈전 활성에 대한 최초 보고이며, 전 세계적으로 희귀한 섬바디를 이용한 고부가가치 생물소재 개발이 가능함을 제시하고 있다.</p>",
                "context_length": 3316,
                "summary": "섬바디 항혈전 평가를 위해 부위별 추출물의 혈소판 응집에 미치는 영향을 평가를 해보았다. 또한 섬바디 잎 추출물의 경우 항혈전 활성이 우수하다고 알려진 흑생강 추출물의 블랙커런트의 혈소판 응집보다는 강력하여 우수한 항혈 전 활성을 나타내리라 예상되었다.",
                "clue": [
                    {
                        "clue_text": "섬바디 추출물의 항혈전 평가를 위해 부위별 추출물의 혈소판 응집에 미치는 영향을 평가하였다.",
                        "clue_start": "38",
                        "clue_end": "89"
                    },
                    {
                        "clue_text": "또한 섬바디 잎 추출물의 경우 항혈전 활성이 우수하다고 알려진 흑생강 추출물의 \\( 22.2 \\% \\) 혈소판 응집[10]보다는 항혈 전 활성이 미약하였으나, 블랙커런트의 \\( 0.3 \\mathrm{mg} / \\mathrm{ml} \\)에서 \\( 92.4 \\% \\)의 혈소판 응집보다는 강력하여 우수한 항혈 전 활성을 나타내리라 예상되었다.",
                        "clue_start": "466",
                        "clue_end": "655"
                    },
                    {
                        "clue_text": "산화적 스트레스는 혈전 생성에서 중추적 역할을 수행하는 fibrinogen의 수식과 섬유화(fibrillization)를 통해 혈 전 생성을 촉진하며, 적혈구 용혈을 유도하여 혈전증을 가속화하는 것으로 알려져 있다.",
                        "clue_start": "1065",
                        "clue_end": "1185"
                    }
                ],
                "terminology": [
                    {
                        "word": "ABTS 양이온 소거능"
                    },
                    {
                        "word": "DMSO"
                    },
                    {
                        "word": "DPPH 음이온 소거능"
                    },
                    {
                        "word": "Triton"
                    },
                    {
                        "word": "Triton X-100"
                    },
                    {
                        "word": "amphotericin B"
                    },
                    {
                        "word": "aspirin"
                    },
                    {
                        "word": "fibrinogen"
                    },
                    {
                        "word": "modification"
                    },
                    {
                        "word": "nitrite 소거능"
                    },
                    {
                        "word": "vitamin C"
                    },
                    {
                        "word": "급성독성"
                    },
                    {
                        "word": "농도 의존적"
                    },
                    {
                        "word": "니트로수식화"
                    },
                    {
                        "word": "도깨비부채"
                    },
                    {
                        "word": "블랙커런트"
                    },
                    {
                        "word": "산화적 스트레스"
                    },
                    {
                        "word": "섬바디 추출물"
                    },
                    {
                        "word": "섬유화"
                    },
                    {
                        "word": "용매 대조구로"
                    },
                    {
                        "word": "용혈"
                    },
                    {
                        "word": "용혈현상"
                    },
                    {
                        "word": "용혈활성"
                    },
                    {
                        "word": "적혈구"
                    },
                    {
                        "word": "정제"
                    },
                    {
                        "word": "중추적 역할"
                    },
                    {
                        "word": "항산화 활성"
                    },
                    {
                        "word": "항산화제"
                    },
                    {
                        "word": "항진균제"
                    },
                    {
                        "word": "항혈전 활성"
                    },
                    {
                        "word": "항혈전제"
                    },
                    {
                        "word": "혈소판 응집도"
                    },
                    {
                        "word": "혈소판 응집저해"
                    },
                    {
                        "word": "혈소판 응집저해 활성"
                    },
                    {
                        "word": "혈액응고인자 저해"
                    },
                    {
                        "word": "혈전증"
                    },
                    {
                        "word": "환원력 평가"
                    },
                    {
                        "word": "활성 대조구"
                    },
                    {
                        "word": "활성물질"
                    },
                    {
                        "word": "활성이온"
                    },
                    {
                        "word": "흑생강"
                    }
                ]
            },
            {
                "context_id": "55e-0c9-merge_2_62374a30-600bc43d-6e5f-4bab-ac30-161db7665591_02",
                "context_K-NSCC": {
                    "field": "생명",
                    "large_category": "LA",
                    "medium_category": "08"
                },
                "context": "<h2>섬바디 부위별 추출물의 항산화 활성</h2> <p>섬바디 부위별 추출물의 항산화 활성은 DPPH (1,1-diphenyl-2-picryl hydrazyl) 활성 음이온 소거능, ABTS [2,2-azobis(3-ethylbenzothiazoline -6- sulfonate)] 활성 양이온 소거능, nitrite 소거능 및 환원력(reducing power) 측정으로 평가 하였다. 활성 평가는 기존의 방법과 동일하게 사용하였으며, 활성 대조구로는 vitamin C (Sigma Co., St. Louis, MO, USA)를, 용매 대조구로는 DMSO를 사용하였다. 각각의 활성 평가는 각각 3회 반복한 실험의 평균과 편차로 표시하였다.</p> <h2>인간 적혈구 용혈활성</h2> <p>섬바디 부위별 추출물의 인간 적혈구 용혈 활성은 PBS로 3회 수세한 인간 적혈구 \\( 100 \\mu l \\)를 96-well microplate에 가하고 다양한 부위 추출물 \\( 100 \\mu l \\)를 가하여 최종농도가 \\( 1 \\mathrm { mg } / \\mathrm { ml } \\)가 되도록 조정한 후 \\( 37 ^ {\\circ } \\mathrm { C } \\)에서 30 분간 반응시켰으며, 이후, 반응액을 10 분간 원심분리(1,500 rpm)하여 상등액 \\( 100 \\mu l \\)를 새로운 microtiter plate로 옮긴 후 용혈에 따른 헤모글로빈 유출 정도를 \\( 414 \\mathrm { ~nm } \\)에서 측정하였다[18]. 시료의 용매 대조구로는 DMSO \\( (2 \\%) \\)를 사용하였으며, 적혈구 용혈을 위한 실험 대조구로는 Triton X-100 \\( (1 \\mathrm { mg } / \\mathrm { ml } ) \\) 및 amphotericin B를 사용하였다. 용혈 활성은 다음의 수식을 이용하여 계산하였다. Hemolysis \\( ( \\%) = \\left [ \\left (A_ { 414 } \\mathrm { ~nm } \\right . \\right . \\) in the samples \\( -A_ { 414 \\mathrm { ~nm } } \\) in PBS) \\( / \\) \\( \\left (A_ { 414 \\mathrm { ~nm } } \\right . \\) in \\( 0.1 \\% \\) Triton \\( X-100-A_ { 414 } \\mathrm { ~nm } \\) in PBS) \\( ) \\times 100 \\).</p> <h2>추출물의 총 폴리페놀 및 기타 분석</h2> <p>Total polyphenol (TP) 및 Total flavonoid 함량 측정은 기존의 보고된 방법[20]에 따라 측정하였으며, 각각 rutin과 tannic acid를 표준시약으로 사용하였다. 총당 정량은 phenol-sulfuric acid법으로, 환원당 정량의 경우에는 DNS 변법을 이용 하였으며, 각각 sucrose와 glucose를 표준물질로 사용하였다.</p> <h2>통계분석</h2> <p>모든 분석결과는 3회 반복한 실험의 평균과 편차로 나타내었다. 실험 결과는 SPSS 26.0버전을 사용하여 mean \\( \\pm \\mathrm { SD } \\)로 나타내었으며, 각 군간의 차이는 일원배치 분산분석(1-way analysis of variance, ANOVA)을 한 후, Duncan's multiple range test에 의하여 \\( p<0.05 \\) 수준에서 유의성을 검증하였다.</p>",
                "context_length": 1702,
                "summary": "섬바디 부위별 추출물의 항산화 활성은 DPPH, ABTS, nitrite 소거능, 환원력 측정을 통해 확인하였다. 또한 인간 적혈구 용혈 활성 측정을 통해 섬바디 부위별 추출물의 생물학적 효능을 평가하였다. 이러한 방법으로 total polyphenol (TP) 및 total flavonoid 함량을 측정하였으며, rutin과 tannic acid를 표준 시약으로 사용하였다.",
                "clue": [
                    {
                        "clue_text": "섬바디 부위별 추출물의 항산화 활성은 DPPH (1,1-diphenyl-2-picryl hydrazyl) 활성 음이온 소거능, ABTS [2,2-azobis(3-ethylbenzothiazoline -6- sulfonate)] 활성 양이온 소거능, nitrite 소거능 및 환원력(reducing power) 측정으로 평가 하였다.",
                        "clue_start": "32",
                        "clue_end": "217"
                    },
                    {
                        "clue_text": "섬바디 부위별 추출물의 인간 적혈구 용혈 활성은 PBS로 3회 수세한 인간 적혈구 \\( 100 \\mu l \\)를 96-well microplate에 가하고 다양한 부위 추출물 \\( 100 \\mu l \\)를 가하여 최종농도가 \\( 1 \\mathrm { mg } / \\mathrm { ml } \\)가 되도록 조정한 후 \\( 37 ^ {\\circ } \\mathrm { C } \\)에서 30 분간 반응시켰으며, 이후, 반응액을 10 분간 원심분리(1,500 rpm)하여 상등액 \\( 100 \\mu l \\)를 새로운 microtiter plate로 옮긴 후 용혈에 따른 헤모글로빈 유출 정도를 \\( 414 \\mathrm { ~nm } \\)에서 측정하였다[18].",
                        "clue_start": "389",
                        "clue_end": "754"
                    },
                    {
                        "clue_text": "Total polyphenol (TP) 및 Total flavonoid 함량 측정은 기존의 보고된 방법[20]에 따라 측정하였으며, 각각 rutin과 tannic acid를 표준시약으로 사용하였다.",
                        "clue_start": "1247",
                        "clue_end": "1357"
                    }
                ],
                "terminology": [
                    {
                        "word": "ABTS"
                    },
                    {
                        "word": "ANOVA"
                    },
                    {
                        "word": "DMSO"
                    },
                    {
                        "word": "DNS 변법"
                    },
                    {
                        "word": "DPPH"
                    },
                    {
                        "word": "Duncan's multiple range test"
                    },
                    {
                        "word": "Hemolysis"
                    },
                    {
                        "word": "PBS"
                    },
                    {
                        "word": "SD"
                    },
                    {
                        "word": "SPSS"
                    },
                    {
                        "word": "Total flavonoid"
                    },
                    {
                        "word": "Triton"
                    },
                    {
                        "word": "Triton X-100"
                    },
                    {
                        "word": "amphotericin B"
                    },
                    {
                        "word": "flavonoid 함량"
                    },
                    {
                        "word": "glucose"
                    },
                    {
                        "word": "microplate"
                    },
                    {
                        "word": "microtiter plate"
                    },
                    {
                        "word": "multiple range test"
                    },
                    {
                        "word": "nitrite 소거능"
                    },
                    {
                        "word": "phenol-sulfuric acid법"
                    },
                    {
                        "word": "polyphenol"
                    },
                    {
                        "word": "tannic acid"
                    },
                    {
                        "word": "vitamin C"
                    },
                    {
                        "word": "군간"
                    },
                    {
                        "word": "반응액"
                    },
                    {
                        "word": "상등액"
                    },
                    {
                        "word": "섬바디"
                    },
                    {
                        "word": "시료"
                    },
                    {
                        "word": "양이온"
                    },
                    {
                        "word": "용매 대조구로"
                    },
                    {
                        "word": "용혈"
                    },
                    {
                        "word": "용혈활성"
                    },
                    {
                        "word": "원심분리"
                    },
                    {
                        "word": "유의성"
                    },
                    {
                        "word": "음이온"
                    },
                    {
                        "word": "일원배치 분산분석"
                    },
                    {
                        "word": "적혈구"
                    },
                    {
                        "word": "최종농도"
                    },
                    {
                        "word": "통계분석"
                    },
                    {
                        "word": "폴리페놀"
                    },
                    {
                        "word": "표준물질"
                    },
                    {
                        "word": "표준시약"
                    },
                    {
                        "word": "표준시약으"
                    },
                    {
                        "word": "항산화 활성"
                    },
                    {
                        "word": "헤모글로빈"
                    },
                    {
                        "word": "환원당 정량"
                    },
                    {
                        "word": "환원력"
                    },
                    {
                        "word": "활성 대조구"
                    }
                ]
            },
            {
                "context_id": "55e-0c9-a43590fe-5ac9-4d08-be1b-b3c93cfd624a",
                "context_K-NSCC": {
                    "field": "생명",
                    "large_category": "LA",
                    "medium_category": "08"
                },
                "context": "<h1>결과 및 고찰</h1> <h2>섬바디 부위별 추출물의 총 폴리페놀, 총 플라보노이드, 총당 및 환원당 분석</h2> <p>섬바디 부위별 추출물의 유용성분 함량을 분석하였으며, 그 결과는 Table 1에 나타내었다. 먼저 섬바디 에탄올 추출효율은 잎 >뿌리 >줄기의 순으로 나타났으며, 18.5~25.9\\(\\%\\)의 수율을 나타내었다. 부위별 추출물의 총 폴리페놀 함량 분석 결과, 잎 추출물에서 \\( 116.9 \\mathrm{mg} / \\mathrm{g} \\)으로 매우 높게 나타났으며, 이는 뿌리 추출물 \\( (30.6 \\mathrm{mg} / \\mathrm{g}) \\)의 3.8배, 줄기 추출물 \\( (18.1 \\mathrm{mg} / \\mathrm{g}) \\)의 6.5배 높은 함량이었다. 또한, 총 플라보노이드 함량 역시, 잎 추출물에서 \\( 125.7 \\mathrm{mg} / \\mathrm{g} \\)으로 가장 높았으며 이는 뿌리 추출물 \\( (27.0 \\mathrm{mg} / \\mathrm{g}) \\) 의 2.15배, 줄기 추출물 \\( (11.1 \\mathrm{mg} / \\mathrm{g}) \\)의 11.3배로 나타났다. 총당 분석 결과, 특이하게 줄기 추출물에서 가장 높았으며, 다음으로 잎과 뿌리 추출물의 순으로 높았으며, 이러한 패턴은 환원당 함량 분석에서도 동일하게 나타났다. 따라서, 섬바디의 부위별 추출물 중에서는 잎 추출물이 가장 우수한 생리활성을 나타낼 것으로 예상되었다.</p> <h2>섬바디 부위별 추출물의 혈액응고 저해 활성</h2> <p>섬바디 부위별 추출물의 항응고 활성을 TT, PT, aPTT를 각각 측정하여 평가하였다. 활성대조구로는 thrombin 및 혈액응고인자 저해를 통해 혈전생성을 억제하는 aspirin을 사용하였으며, aspirin의 경우 \\( 1.5 \\mathrm{mg} / \\mathrm{ml} \\) 농도에서 용매 대조구에 비해 TT, PT, aPTT를 각각 1.62, 1.57및 1.69배 증가시켜 우수한 혈액응고 저해 활성을 나타내었다. 반면, 섬바디 잎 및 줄기 추출물은 \\( 2.5 \\mathrm{mg} / \\mathrm{ml} \\) 농도에서 TT, PT, aPTT 모두에서 무첨가구에 비해 확연한 연장 효과가 나타나지 않았으며. 특히 줄기 추출물의 경우 트롬빈 및 프로트롬빈을 저해하여 TT및 PT가 유의적으로 감소하였다 \\( (p<0.05) \\). 섬바디 뿌리 추출물에서는 TT 및 aPTT를 각각 1.36배 및 1.67배 연장하는 효과가 나타났으며, 특히 내인성 혈전 생성과 연관된 aPTT의 경우 aspirin \\( (1.5 \\mathrm{mg} / \\mathrm{ml}) \\)에 필적하는 우수한 혈액응고 인자 저해 활성을 보였다. 섬바디 뿌리 추출물은 기존의 장수풍뎅이 유충, 쌍별귀뚜라미, 흰점박이꽃무지 등의 약용 곤충의 1.1~1.5배 연장된 TT, PT, 모링가 뿌리의 1.1~1..42배의 연장된 TT, PT, aPTT 및 흑생강 지하부 추출물의 1.07~1.24배 연장된 TT, aPTT보다 상대적으로 강력한 항혈전 활성을 나타내었다.</p>",
                "context_length": 1529,
                "summary": "섬바디 에탄올 추출효율은 잎 >뿌리 >줄기의 순으로 나타났으며, 18.5~25.9\\(\\%\\)의 수율을 나타내었고 섬바디 부위별 추출물의 항응고 활성을 TT, PT, aPTT를 각각 측정하여 평가하였다.",
                "clue": [
                    {
                        "clue_text": "섬바디 에탄올 추출효율은 잎 >뿌리 >줄기의 순으로 나타났으며, 18.5~25.9\\(\\%\\)의 수율을 나타내었다.",
                        "clue_start": "127",
                        "clue_end": "190"
                    },
                    {
                        "clue_text": "부위별 추출물의 총 폴리페놀 함량 분석 결과, 잎 추출물에서 \\( 116.9 \\mathrm{mg} / \\mathrm{g} \\)으로 매우 높게 나타났으며, 이는 뿌리 추출물 \\( (30.6 \\mathrm{mg} / \\mathrm{g}) \\)의 3.8배, 줄기 추출물 \\( (18.1 \\mathrm{mg} / \\mathrm{g}) \\)의 6.5배 높은 함량이었다.",
                        "clue_start": "191",
                        "clue_end": "392"
                    },
                    {
                        "clue_text": "또한, 총 플라보노이드 함량 역시, 잎 추출물에서 \\( 125.7 \\mathrm{mg} / \\mathrm{g} \\)으로 가장 높았으며 이는 뿌리 추출물 \\( (27.0 \\mathrm{mg} / \\mathrm{g}) \\) 의 2.15배, 줄기 추출물 \\( (11.1 \\mathrm{mg} / \\mathrm{g}) \\)의 11.3배로 나타났다.",
                        "clue_start": "393",
                        "clue_end": "583"
                    },
                    {
                        "clue_text": "섬바디 부위별 추출물의 항응고 활성을 TT, PT, aPTT를 각각 측정하여 평가하였다.",
                        "clue_start": "773",
                        "clue_end": "822"
                    },
                    {
                        "clue_text": "섬바디 뿌리 추출물에서는 TT 및 aPTT를 각각 1.36배 및 1.67배 연장하는 효과가 나타났으며, 특히 내인성 혈전 생성과 연관된 aPTT의 경우 aspirin \\( (1.5 \\mathrm{mg} / \\mathrm{ml}) \\)에 필적하는 우수한 혈액응고 인자 저해 활성을 보였다.",
                        "clue_start": "1189",
                        "clue_end": "1349"
                    }
                ],
                "terminology": [
                    {
                        "word": "PT"
                    },
                    {
                        "word": "TT"
                    },
                    {
                        "word": "aPTT"
                    },
                    {
                        "word": "aspirin"
                    },
                    {
                        "word": "thrombin"
                    },
                    {
                        "word": "내인성 혈전"
                    },
                    {
                        "word": "무첨가구"
                    },
                    {
                        "word": "생리활성"
                    },
                    {
                        "word": "섬바디"
                    },
                    {
                        "word": "수율"
                    },
                    {
                        "word": "쌍별귀뚜라미"
                    },
                    {
                        "word": "에탄올"
                    },
                    {
                        "word": "용매 대조구"
                    },
                    {
                        "word": "유용성분"
                    },
                    {
                        "word": "장수풍뎅이 유충"
                    },
                    {
                        "word": "총 플라보노이드 함량"
                    },
                    {
                        "word": "추출효율"
                    },
                    {
                        "word": "트롬빈"
                    },
                    {
                        "word": "폴리페놀 함량"
                    },
                    {
                        "word": "프로트롬빈"
                    },
                    {
                        "word": "함량 분석"
                    },
                    {
                        "word": "항응고 활성"
                    },
                    {
                        "word": "항혈전 활성"
                    },
                    {
                        "word": "혈액응고 저해 활성"
                    },
                    {
                        "word": "혈액응고인자 저해"
                    },
                    {
                        "word": "혈전생성"
                    },
                    {
                        "word": "환원당"
                    },
                    {
                        "word": "활성대조구"
                    },
                    {
                        "word": "흑생강"
                    }
                ]
            }
        ]
    }
}