{
    "dataset_info": {
        "identifier": "02-031-002-NL",
        "name": "기술과학 문서 요약 데이터",
        "category": "자연어",
        "last_updated": "2023-08-30"
    },
    "dataset": {
        "doc_id": "62374a30-4019e0f8-28aa-4a87-8613-8e2b3ff45807",
        "doc_type": "논문",
        "doc_title": {
            "kor": "황 및 유황 급이에 따른 흰점박이꽃무지 유충의 체성분 변화",
            "eng": ""
        },
        "doc_category": {
            "KDC": "470.5",
            "DDC": ""
        },
        "doc_number": {
            "ISSN": "1225-9918",
            "ISBN": "",
            "DOI": "",
            "UCI": ""
        },
        "doc_year": "2022",
        "doc_author": [
            "박철진",
            "강호인",
            "김삼웅",
            "방규호",
            "김태완",
            "김현욱",
            "김일석"
        ],
        "doc_publisher": "한국생명과학회",
        "doc_license": "CCL 없음",
        "context_info": [
            {
                "context_id": "55e-0c9-b99a3b93-cc6a-4739-b3d2-ea414c30ef5f",
                "context_K-NSCC": {
                    "field": "생명",
                    "large_category": "LA",
                    "medium_category": "08"
                },
                "context": "<h1>결과 및 고찰</h1> <h2>일반성분 분석 결과</h2> <p>유황 및 셀레니움의 급이가 굼벵이의 체성분에 미치는 영향을 알아보기 위해 일반성분을 분석하였다. 일반성분 분석 결과, 단백질 함량은 황을 먹인 처리구에서 \\( 55.2 \\% \\)로 가장 높게 나타났지만, 대조구와 통계적 유의성에서 벗어나지 못했다. 반면에 셀레니움을 먹인 처리구에서 \\( 49.1 \\% \\)로 가장 낮게 나타났다(Fig. 1). 또한, 셀레니움의 영향에 따라 황/셀레니움 복합 처리구에서는 대조구(53.8\\%)보다 낮은 \\( 51.6 \\% \\) 인 것으로 나타났다. 이와 같은 결과는 일반적인 굼벵이 사육에서 단백질 함량이 \\( 50.7 \\sim 53.3 \\% \\) 사이에 존재하는 것에 대해 크게 벗어나지 않았다. 다른 한편으로, 탄수화물 함량이 높은 보조사료(supplementary feed)를 제공할 경우에 체 단백질 함량이 감소하는 것으로나타나고 있다. 본 연구에서, 보조 성분으로 먹인 황과 셀레니움은 체 단백질 함량을 급격히 감소시키지는 않는 것으로 나타났다.</p> <p>지방산의 함량은 황 처리구에서 \\( 13.57 \\% \\) 로 가장 높게 나타난 반면에 셀레니움에서 \\( 7.74 \\% \\) 로 가장 낮은 것으로 관찰되었다. 그러나 지방의 경우에는 황/셀레니움 복합 처리구에서는 대조구(9.20\\%)보다 높은 \\( 11.33 \\% \\) 를 보여 이 경우에는 황에 의해 더 영향을 받는 것으로 관찰되었다. 그러나 일반적인 사양의 결과에서 지방산의 함량이 16.1 \\( 26.7 \\% \\) 인 것에 비교하여 본 연구에서는 대체적으로 낮게 조성되어 있는 것으로 관찰되었다. 이와 같은 결과는 메인 사료인 톱밥의 조성에도 많은 영향을 받는 것으로 추정된다.</p> <p>따라서 황은 단백질과 지방의 함량을 증진시키는 반면에, 셀레니움은 탄수화물의 함량을 증진시키는 것으로 추정되었다.</p> <h2>아미노산 함량의 변화</h2> <p>전체 구조아미노산에서 황 처리구가 가장 높게 나타났지만, 통계적 유의성은 관찰되지 않았다(data not shown). 또한, 전반적으로 대조구에 비교하여 구조아미노산의 값은 황, 셀레니움 및 황/셀레니움 처리구 모두 높게 조성되었지만, 통계적 유의성 없었다. 황 및 셀레니움 처리구에 따른 각 구조아미노산의 함량 변화를 분석해 본 결과, 특이적인 변화가 관찰되지 않았다.</p> <p>전체 유리아미노산은 셀레니움 및 황/셀레니움 처리구에서 대조구나 황 처리구에 비교하여 높게 유지되는 것으로 관찰되었다. 각 개별 유리노산 함량 변화를 분석해 본 결과, 황/셀레니움 복합 처리구에 비필수아미노산 중에서 감마-아미노부틸릭산(GABA), 글루탐산, 프롤린 등에 특이적인 상숭효과가 관찰되었다. 다른 한편으로 셀레니움 처리구에서는 세린이 특이적으로 상승되는 경향성을 보였다. 황/셀레니움 복합 처리구에 GABA는 \\( 144.1 \\mathrm{mg} / 100 \\mathrm{~g} \\) 으로써 다른 처리구에 비교하여 3.7 4.4배 높게 유지되는 것으로 나타났다. 또한, 일반적으로 잘 알려진 Haiibuki brown rice (Satake Co., Ltd., Hiroshima, Japan)의 GABA 함량이 \\( 47.0 \\mathrm{mg} / 100 \\mathrm{~g} \\) dry biomass이며, 일반적인 normal brown rice는 \\( 5.8 \\mathrm{mg} / 100 \\mathrm{~g} \\) dry biomass인 것으로 알려져 있다. 따라서 rice에 비교하여 \\( 3.1 \\)배 이상의 GABA 생산량을 유지하는 것으로 나타났기 때문에 산업적 활용 가치가 매우 높은 것으로 판단된다.</p> <p>필수 유리아미노산의 경우에서, 셀레니움 처리구에 루이신의 함량이 특이적으로 높게 나타났으며, 루이신은 근육형성과 연관성이 있기 때문에 가치성이 있는 것으로 판단된다. 다른 한편으로 황, 셀레니움 및 황/셀레니움 복합 처리구 모두에서 메티오닌 및 트립토판의 생성이 대조구에 비교하여 상승효과가 있는 것으로 나타났다.</p> <p>따라서 구조아미노산의 경우에는 처리구에 따라 특이적인 경향성이 관찰되지 않았지만, 셀레니움 처리구에 유리아미노산의 경우에서 산업적 가치성이 있는 \\( \\mathrm{GABA} \\), 글루탐산 및 루이신 등의 함량이 증가되며, 특히 GABA의 경우에는 매우 의미 있는 개선 효과가 있는 것으로 관찰 되었다.</p> <h2>지방산 함량 및 물리화학적 변화</h2> <p>황 및 셀레니움 처리구에서는 일가 불포화지방산의 함량은 증가한 반면에 포화지방산의 함량은 감소되었다(data not shown). 그러나 황/셀레니움 복합 처리구에서는 일가 불포화지방산의 함량이 감소된 반면에 포화 및 다가 불포화지방산의 함량이 증가되는 경향성을 보였다. 황/셀레니움 복합 처리구에 포화지방산 중 팔미트산과 스레아릭산의 함량이 매우 증가되었다. 특히 헵타데카노 익산과 리그노세릭산은 대조구를 제외한 다른 처리구에서 전혀 감지되지 않았다. 황/셀레니움 복합 처리구에 일가 불화지방산중에서 올레산은 전혀 분석되지 않아 매우 특이적인 것으로 나타났다. 그러나 팔미토렉산이 복합 처리구에서 상승되는 경향성을 보였다. 다른 한편으로 올레산은 황과 셀레니움 개별 처리구에서 대조구에 비교하여 상승되는 경향성을 보여 황/셀레니움 복합 처리구와 대조적인 양상을 보였다.</p> <p>황/셀레니움 복합처리구에 다가 불포화지방산 중에서 리놀레산, 감마-리노렌산, 리노렌산 등이 모두 상승되는 경향성을 보였다. 리놀레산(omega-6), 감마-리노렌산(omega-6) 및 알파-리노렌산(omega-3)는 일반적으로 건강기능성 불포화지방산으로 잘 알려져 있다. 특히, 불포화지방산 중 비교적 높은 함량을 나타내는 리놀레산은 S+SE 복합처리시 매우 높은 값을 보였다. 유사한 실험의 경우는 셀레니움 단독처리시 리놀레산 함량의 변화가 관찰되지 않았지만, 비타민 E와 동시에 처리할 경우에 이 지방산의 함량이 증가되는 경향성을 보였다. 본 연구에서도 셀레니움 단독처리시에는 특이적인 경향성이 보이지 않았지만, 황과 동시 처리시 리놀레산이 증가되는 양상을 보였다.</p> <p>따라서 증가된 이들 불포화지방산을 수거하여 건강기능성 성분으로 활용 가능성이 있는 것으로 추정된다. 그러나 황 및 셀레니움을 개별 처리할 경우에는 일가 불포화지방산의 함량이 증가되는 반면에 황/셀레니움 복합 처리시 다가 불포화지방산이 증가되지만, 포화지방산도 증가되는 경향성을 보였다. 그러므로 황/셀레니움 복합 처리에 따른 다가 불포화지방산의 산업적 활용 가치를 증진 시키기 위해서는 포화지방산을 제거하는 부분 정제 시스템의 도입이 요구된다.</p> <p>황처리구에는 칼륨과 셀레니움의 함량이 저하되는 양상을 제외하고 다른 미네랄 성분에 있어서 특이적인 변화가 관찰되지 않았다. 각 처리구로부터 유래된 분말의 경우에 있어서 \\( \\mathrm{pH} \\) 는 모두 대조구에 비교하여 상승되는 경향성을 보였다. 특히 황 처리구에서 가장 높게 상승되는 것으로 나타났다(data not shown). 분말 색상에 있어 서 황 처리구는 명도가 저하되는 반면에 황색도가 상승되는 경향성을 보였다(data not shown). 그 외의 색상은 특이적인 차이점이 관찰되지 않았다.</p> <p>따라서 본 연구의 결과로부터 황이나 셀레니움의 처리는 단백질 및 지방 함량의 변화를 초래했다. 특히 셀레니움 및 황/셀레니움을 처리하면, GABA, Pro, Ile, Leu, Val 등의 상승이 관찰되었다. 황/셀레니움을 동시에 처리하면 불포화지방산 중 가장 높은 비율을 차지하는 oleic acid가 완전히 결여되는 반면에 포화지방산 및 다가불포화지방산이 증가되었다. 이와 같은 현상을 바탕으로 인위적인 기능성불포화지방산의 생산이 가능한 것으로 판단된다. 따라서 황과 셀레니움 기반 무기염류에 의해 대사산물을 인위적으로 조절하여 기능성이 증가된 굼벵이를 사육하는 것이 가능할 것으로 제의된다.</p>",
                "context_length": 3923,
                "summary": "유황 및 셀레니움을 급여하였을때 굼벵이의 체성분에 나타나는 영향을 알아보기 위해 일반성분을 분석하고 결과를 나타냈다. 첫번째로, 지방과 단백질의 함량 증가는 유황 급여에 따른다는 것을 알 수 있고, 셀레니움은 탄수화물의 함량 증진을 유래시키는 것을 알 수 있었다. 두번째로, 구조아미노산의 경우에는 처리구에 따른 뚜렷한 경향성은 관찰할 수 없었지만, 셀레니움 처리구에 유리아미노산의 경우 산업적 가치성을 가지는 \\( \\mathrm{GABA} \\), 글루탐산 및 루이신 등의 함량이 증가됨을 볼 수 있고, 특히 GABA의 경우는 상당히 높은 유의미를 가지는 개선 효과가 있는 것으로 관찰 되었다. 세 번째로, 셀레니움 단독처리시에도 특별하게 분석가능한 경향성은 없었지만, 유황과의 동시적인 처리 시에는 리놀레산이 증가됨을 알 수 있었다. 그러므로 황과 셀레니움에 기반을 둔 무기염류를 통해서 급여 대사산물을 인위적 조작하여 굼벵이의 기능성을 증가시키는 사육이 가능할 것임을 알 수 있었다.",
                "clue": [
                    {
                        "clue_text": "유황 및 셀레니움의 급이가 굼벵이의 체성분에 미치는 영향을 알아보기 위해 일반성분을 분석하였다.",
                        "clue_start": "40",
                        "clue_end": "93"
                    },
                    {
                        "clue_text": "따라서 황은 단백질과 지방의 함량을 증진시키는 반면에, 셀레니움은 탄수화물의 함량을 증진시키는 것으로 추정되었다.",
                        "clue_start": "878",
                        "clue_end": "941"
                    },
                    {
                        "clue_text": "따라서 구조아미노산의 경우에는 처리구에 따라 특이적인 경향성이 관찰되지 않았지만, 셀레니움 처리구에 유리아미노산의 경우에서 산업적 가치성이 있는 \\( \\mathrm{GABA} \\), 글루탐산 및 루이신 등의 함량이 증가되며, 특히 GABA의 경우에는 매우 의미 있는 개선 효과가 있는 것으로 관찰 되었다.",
                        "clue_start": "2011",
                        "clue_end": "2181"
                    },
                    {
                        "clue_text": "본 연구에서도 셀레니움 단독처리시에는 특이적인 경향성이 보이지 않았지만, 황과 동시 처리시 리놀레산이 증가되는 양상을 보였다.",
                        "clue_start": "2959",
                        "clue_end": "3029"
                    },
                    {
                        "clue_text": "따라서 황과 셀레니움 기반 무기염류에 의해 대사산물을 인위적으로 조절하여 기능성이 증가된 굼벵이를 사육하는 것이 가능할 것으로 제의된다.",
                        "clue_start": "3843",
                        "clue_end": "3919"
                    }
                ],
                "terminology": [
                    {
                        "word": "GABA"
                    },
                    {
                        "word": "Haiibuki brown rice"
                    },
                    {
                        "word": "S+SE"
                    },
                    {
                        "word": "Val"
                    },
                    {
                        "word": "dry biomass"
                    },
                    {
                        "word": "normal brown rice"
                    },
                    {
                        "word": "oleic acid"
                    },
                    {
                        "word": "감마-아미노부틸릭산"
                    },
                    {
                        "word": "구조아미노산"
                    },
                    {
                        "word": "글루탐산"
                    },
                    {
                        "word": "급이"
                    },
                    {
                        "word": "다가 불포화지방산"
                    },
                    {
                        "word": "다가불포화지방산"
                    },
                    {
                        "word": "대사산물"
                    },
                    {
                        "word": "대조구"
                    },
                    {
                        "word": "루이신"
                    },
                    {
                        "word": "리놀레산"
                    },
                    {
                        "word": "메티오닌"
                    },
                    {
                        "word": "복합 처리구"
                    },
                    {
                        "word": "부분 정제"
                    },
                    {
                        "word": "불포화지방산"
                    },
                    {
                        "word": "비필수아미노산"
                    },
                    {
                        "word": "세린"
                    },
                    {
                        "word": "셀레니움"
                    },
                    {
                        "word": "스레아릭산"
                    },
                    {
                        "word": "아미노산 함량"
                    },
                    {
                        "word": "알파-리노렌산"
                    },
                    {
                        "word": "올레산"
                    },
                    {
                        "word": "유리아미노산"
                    },
                    {
                        "word": "유황"
                    },
                    {
                        "word": "일가 불포화지방산"
                    },
                    {
                        "word": "지방산"
                    },
                    {
                        "word": "칼륨"
                    },
                    {
                        "word": "트립토판"
                    },
                    {
                        "word": "포화지방산"
                    },
                    {
                        "word": "프롤린"
                    },
                    {
                        "word": "황색도"
                    }
                ]
            },
            {
                "context_id": "55e-0c9-388e7336-7847-46d4-a33b-e06238e87056",
                "context_K-NSCC": {
                    "field": "생명",
                    "large_category": "LA",
                    "medium_category": "08"
                },
                "context": "<h1>재료 및 방법</h1> <h2>흰점박이꽃무지의 사육</h2> <p>본 실험의 공시충인 흰점박이꽃무지의 유충과 먹이인 참나무 발효톱밥은 농업회사법인 귀농생태마을(경남 진주)에서 공급받았다. 공시충은 유황먹인농장 곤충사육실 (16L:8D, \\( 25 \\pm 2^{\\circ} \\mathrm{C}, 60 \\pm 5 \\% \\mathrm{RH} \\) )에서 사육하였다. 투명한 폴리프로필렌(polypropylene) 재질의 직사각형(400×320×180\\( \\mathrm{mm} \\) ) 용기에 우화한 암수 10 쌍을 넣어 산란한 알에서 부화한 유충을 이용하였다. 유충은 참나무 발효톱밥을 급이하였으며, 유충의 발달 단계에 따라서 크기가 다른 폴리프로필렌(polypropylene) 재질의 직사각형\\( 400 \\times 320 \\times 180 \\mathrm{~mm} \\) ) 용기를 이용하여 사육을 하였다.</p> <h2>영양원 급이</h2> <p>황 및 셀레니움의 급이에 따른 굼벵이의 영양요소 변화를 관찰하기 위해 주사료인 발효톱밥에 황 및 셀레니움을 \\( 1 \\% \\)의 비율로 혼합하였다. 조제된 대체먹이는 2령 유층부터 급이하였으며, 3 령 유충을 3 일 동안 절식상태로 배변을 유도하였다. 이를 흐르는 물에 2회 세척한 후 1시간 스팀처리 후 \\( 60^{\\circ} \\mathrm{C} \\) 건조기에서 48 시간 건조하여 보관하였고, 필요한 경우에는 분쇄기(Super grinder J-1000, Hibell, Hwaseong, Korea)로 분쇄하고 \\( 0.5 \\mathrm{~mm} \\) 체로 선별하여 냉동고에 보관하면서 시험에 사용하였다.</p> <h2>시료 분쇄 및 일반성분 분석</h2> <p>시료를 핀밀분쇄기(DK201, Sejung Tech, Daegu, Korea)를 이용하여 \\( 4,600 \\mathrm{rpm} \\) 으로 분쇄하여 일정량의 시료를 취하였다. 일반성분은 association of official agricultural chem-ists (AOAC) 방법에 따라 분석하였다. 조지방 함량은 soxh-et 방법으로 분석하였고 회분 함량은 \\( 550^{\\circ} \\mathrm{C} \\) 직접회화법으로 측정하였으며 조단백질함량은 Kjeldahl 분석기(2300 Kjeldahl Analyzer Unit, Foss Tecator, Eden Prairie, MN, USA)를 이용하여 정량 분석하였다. 무기성분 함량은 건식법(NAAS, 2000)으로 측정하였다. 즉, 시료 \\( 1 \\mathrm{~g} \\) 을 \\( 550^{\\circ} \\mathrm{C} \\) 에서 회화한 후 \\( 0.5 \\mathrm{~N} \\mathrm{HNO}_{3} \\) 을 넣고 \\( \\mathrm{GF} / \\mathrm{C}(90 \\mathrm{~mm} \\), Cat No. 1822 090, Whatman International Ltd., Maiidstone, England) 여과지로 여과한 다음 \\( 0.5 \\mathrm{~N} \\mathrm{HNO} 30 \\mathrm{ml} \\) 로 정용하여 In-ductively Coupled Plasma Spectrometer (ICP, Thermo Jarrell Ash, Franklin, MA, USA)로 분석하였다.</p> <h2>지방산 분석</h2> <p>지방산 분석은 추출된 조지방 \\( 0.5 \\mathrm{~g} \\) 에 반응시약(metha-nol: heptane: benzene: 2,2-dimethoxypropane: H2SO4=37: \\( 3620: 5: 2(\\mathrm{v} / \\mathrm{v})) 2 \\mathrm{ml} \\) 을 넣고 \\( 80^{\\circ} \\mathrm{C} \\) 에서 20 분간 반응시킨 후 상등액을 질소농축하여 hexane에 용해시켜 지방산 분석 시료로 사용하였다. 지방산 분석은 가스크로마토그래피 (Agilent \\( 6850 \\mathrm{GC} \\), Agilent Technologies, Wilmington, NC, USA)를 사용하였고 column은 HP-INNOWAX( \\( 30 \\mathrm{~m} \\times 0.25 \\) \\( \\mathrm{mm}, 0.25 \\mu \\mathrm{m} \\), Aglient Technologies), 검출기는 flame ioniza-tion detector를 사용하였다. 주입구 온도는 \\( 250^{\\circ} \\mathrm{C} \\), 검출기 온도는 \\( 300^{\\circ} \\mathrm{C} \\) 로 하였으며, 오븐 온도는 \\( 120^{\\circ} \\mathrm{C} \\) 에서 5 분간 유지한 후 분당 \\( 5^{\\circ} \\mathrm{C} \\) 씩 \\( 230^{\\circ} \\mathrm{C} \\) 까지 올려 5 분간 유지하였다. Carrier gas는 N2 (99.999\\%)를 사용하였으며 유속은 \\( 1.3 \\) \\( \\mathrm{ml} / \\mathrm{min} \\) 으로 최종 주입되는 양은 \\( 1 \\mathrm{ml} \\) 이었다. 지방산 조성은 peak area의 상대적인 비로 나타내었고, 3 샘플의 풀링에 의해 분석을 수행하였다.</p> <h2>아미노산 조성분석</h2> <p>구성 아미노산 분석을 위하여 건조된 3 샘플 풀링 흰점박이꽃무지 유충의 분말 \\( 1 \\mathrm{~g} \\) 과 \\( 6 \\mathrm{~N} \\mathrm{HCl} 40 \\mathrm{ml} \\) 을 둥근 플라스틱에 넣고 혼합한 다음 \\( 110^{\\circ} \\mathrm{C} \\) 에서 24 시간 동안 질소가스를 가수분해 하였다. 염산을 \\( 50^{\\circ} \\mathrm{C} \\) 에서 감압 농축시킨 다음 농축시료는 \\( 0.2 \\mathrm{~N} \\) sodium citrate buffer (pH 2.2) 50 \\( \\mathrm{ml} \\) 을 넣어 희석시키고 여과지 \\( (0.25 \\mu \\mathrm{m} \\) millipore)로 여과하였다. 여과한 시료 \\( (20 \\mathrm{ml}) \\) 는 아미노산 분석기(L-8900, Hitachi, Tokyo, Japan)를 이용하였다.</p> <p>유리아미노산 분석을 위하여 건조된 3샘플의 풀링 시료 \\( 1 \\mathrm{~g} \\) 에 증류수 \\( 40 \\mathrm{ml} \\) 를 가하여 15 분간 끓인 후 증류수를 \\( 50 \\mathrm{ml} \\) 로 맞추고 \\( 1 \\mathrm{ml} \\) 를 취하여 \\( 5 \\% \\mathrm{TCA} \\) (trichloroaceticacid) \\( 1 \\mathrm{ml} \\) 를 주입하고 vortex mixer (Genie 2, Scientific in-dustries, Inc USA)로 교반 후 \\( 10,000 \\times \\mathrm{g} \\) 으로 10 분간 원심분리한 후 상등액을 취하여 여과지 \\( (0.25 \\mu \\mathrm{m} \\) millipore \\( ) \\) 로 여과하였다. 여과한 시료 \\( (20 \\mathrm{ml}) \\) 는 아미노산 분석기(L-8900, Hitachi, Tokyo, Japan)를 이용하여 분석하였다.</p> <h2>통계분석</h2> <p>반복 실험을 통하여 얻은 결과는 SAS program (V. 9.2, Cary, NC, USA)를 사용하여 분산분석에 의해 나타내었다. 각 시료의 분석결과에 대한 유의성 검정은 분산분석을 한 후 \\( p<0.05 \\) 수준에서 Duncan's multiple range test (DMRT)를 실시하였다.</p>",
                "context_length": 3725,
                "summary": "본 실험의 공시충인 흰점박이꽃무지의 유충과 참나무 발효톱밥은 농업회사법인 귀농생태마을에서 공급받았다.황 및 셀레니움의 급이에 따른 굼벵이의 영양요소 변화를 관찰하기 위해 주사료인 발효톱밥에 황 및 셀레니움을 \\( 1 \\% \\)의 비율로 혼합하였다.시료를 핀밀분쇄기를 이용하여 \\( 4,600 \\mathrm{rpm} \\) 으로 분쇄하여 일정량의 시료를 취하였다.지방산 조성은 peak area의 상대적인 비로 나타내었고, 3 샘플의 풀링에 의해 분석을 수행하였다. 그리고, 반복 실험으로 얻은 결과는 SAS program을 사용하여 분산분석으로 표시했다.",
                "clue": [
                    {
                        "clue_text": "본 실험의 공시충인 흰점박이꽃무지의 유충과 먹이인 참나무 발효톱밥은 농업회사법인 귀농생태마을(경남 진주)에서 공급받았다.",
                        "clue_start": "41",
                        "clue_end": "108"
                    },
                    {
                        "clue_text": "황 및 셀레니움의 급이에 따른 굼벵이의 영양요소 변화를 관찰하기 위해 주사료인 발효톱밥에 황 및 셀레니움을 \\( 1 \\% \\)의 비율로 혼합하였다.",
                        "clue_start": "477",
                        "clue_end": "559"
                    },
                    {
                        "clue_text": "시료를 핀밀분쇄기(DK201, Sejung Tech, Daegu, Korea)를 이용하여 \\( 4,600 \\mathrm{rpm} \\) 으로 분쇄하여 일정량의 시료를 취하였다.",
                        "clue_start": "851",
                        "clue_end": "948"
                    },
                    {
                        "clue_text": "지방산 조성은 peak area의 상대적인 비로 나타내었고, 3 샘플의 풀링에 의해 분석을 수행하였다.",
                        "clue_start": "2494",
                        "clue_end": "2551"
                    },
                    {
                        "clue_text": "반복 실험을 통하여 얻은 결과는 SAS program (V. 9.2, Cary, NC, USA)를 사용하여 분산분석에 의해 나타내었다.",
                        "clue_start": "3551",
                        "clue_end": "3626"
                    }
                ],
                "terminology": [
                    {
                        "word": "Agilent"
                    },
                    {
                        "word": "Carrier gas"
                    },
                    {
                        "word": "Duncan's multiple range test"
                    },
                    {
                        "word": "HP-INNOWAX"
                    },
                    {
                        "word": "Kjeldahl 분석기"
                    },
                    {
                        "word": "Plasma"
                    },
                    {
                        "word": "SAS program"
                    },
                    {
                        "word": "Spectrometer"
                    },
                    {
                        "word": "Whatman International"
                    },
                    {
                        "word": "grinder"
                    },
                    {
                        "word": "hexane"
                    },
                    {
                        "word": "millipore"
                    },
                    {
                        "word": "multiple range test"
                    },
                    {
                        "word": "peak area"
                    },
                    {
                        "word": "sodium citrate buffer"
                    },
                    {
                        "word": "vortex mixer"
                    },
                    {
                        "word": "가수분해"
                    },
                    {
                        "word": "가스크로마토그래피"
                    },
                    {
                        "word": "건식법"
                    },
                    {
                        "word": "검출기"
                    },
                    {
                        "word": "공시충"
                    },
                    {
                        "word": "구성 아미노산 분석"
                    },
                    {
                        "word": "무기성분"
                    },
                    {
                        "word": "반응시약"
                    },
                    {
                        "word": "분산분석"
                    },
                    {
                        "word": "분쇄기"
                    },
                    {
                        "word": "산란"
                    },
                    {
                        "word": "상등액"
                    },
                    {
                        "word": "셀레니움"
                    },
                    {
                        "word": "시료"
                    },
                    {
                        "word": "아미노산 분석기"
                    },
                    {
                        "word": "영양원"
                    },
                    {
                        "word": "우화"
                    },
                    {
                        "word": "유리아미노산 분석"
                    },
                    {
                        "word": "정용"
                    },
                    {
                        "word": "조단백질함량"
                    },
                    {
                        "word": "조지방"
                    },
                    {
                        "word": "증류수"
                    },
                    {
                        "word": "지방산 분석"
                    },
                    {
                        "word": "폴리프로필렌"
                    },
                    {
                        "word": "풀링"
                    },
                    {
                        "word": "핀밀분쇄기"
                    },
                    {
                        "word": "회분 함량"
                    }
                ]
            },
            {
                "context_id": "55e-0c9-328a33ca-5600-43e6-b5c8-34d9a98670b6",
                "context_K-NSCC": {
                    "field": "생명",
                    "large_category": "LA",
                    "medium_category": "08"
                },
                "context": "<h1>서 론</h1> <p>최근 소득수준의 향상과 의학의 발달 등으로 평균수명이 증가하고 있으며, 식생활의 서구화로 인한 고혈압, 당뇨, 고지혈증 등 생활습관형 질병의 발생이 증가하고 있다. 이러한 질병의 예방 및 치료를 위해 식생활의 변화, 건강보조식품과 영양 보충제 등 2차 먹거리에 대한 관심이 날로 증대되고 있는 실정이다. 이러한 측면에서 일반적으로 단백질, 불포화 지방산 및 미네랄이 다량 함유되어 있는 고급 단백질 공급원으로 알려져 있는 곤충자원에 대한 식·약용 소재화를 위한 연구가 많이 이루어지고 있다.</p> <p>곤충자원에 대해 횐쥐를 이용한 동물임상 실험에서 안전성이 규명되었으며, 또한 최근에는 흰점박이꽃무지를 함유한 음료의 생리활성 효능 및 안전성 검증과 일반성분과 유해물질에 대한 안정성을 확보하였다. 흰점박이꽃무지의 유충을 식품원료로 사용하기 위한 전처리 조건을 확립하여 2014년 10월부터 식품의약품안전처(Ministry of Food and Drung Safety)의 식품허가를 받게 되었다. 이와 같은 결과에 따라 앞으로 흰점박이꽃무지의 수요가 증가 할 것으로 예상되어 경제적인 대체먹이 개발이 요구되는 상황이다.</p> <p>서양의학에서는 유황을 의약품으로 국부자극제, 피부 질환, 변비, 치질 등에 이용하였고, 동양에서는 그 독성을 제거 후 사용하면 지혈작용, 신경마비, 냉수족 등을 치료하는 약품으로 사용하였다. 또한, 마늘과 양파 추출물에 있는 함유 황 유기화합물은 연대적인 항생제가 나오기 전에는 티푸스, 콜레라, 이질 등 질병의 치료약으로 사용되어 왔으며, 병원성 미생물의 생육을 억제하는 것으로 알려져 있다. 동물을 이용한 시험에서는 닭의 시료에 무기태 sulphate를 첨가하면 병아리의 성장 및 식이효율이 개선되고 식이유황의 대사가 질소 대사와 밀접한 관계가 있는 것으로 나타난다.</p> <p>셀레니움은 최근 다양한 동물 실험 결과, 셀레늄은 여러 동물에서 영양적으로 중요한 원소임이 증명되었고, 인간에게 필수 영양소임이 밝혀졌다. 또한 최근 연구에 의하면 셀레늄은 암 예방 효과가 있어 매일 셀레늄을 200 \\( \\mathrm{mg} \\) 섭취하면 암으로 인한 사망률을 \\( 50 \\% \\) 감소와, 중금속 독성을 감소시킬 수 있다.</p> <p>최근까지 흰점박이꽃무지의 사육에 관한 연구는 인공 사육 환경, 형태 및 생육특성에 관한 내용이 보고되었으나, 사육과정에서 중요한 급여에 관해서는 발효 알로에 대체먹이 급이를 제외하면 자료를 탐색하기 어려움이 있을 뿐만 아니라, 유충발육의 대체먹이 및 영양원의 급이에 대한 연구는 미흡한 상황이다. 따라서 본 연구는 식.약용 소재로서 각광을 받고 있는 횐점박이꽃무지의 유충 생산성 향상을 위한 사육기술을 확립하고자 유황 및 셀레니움 분말을 발효톱밥에 혼합하여 급이에 따른 횐점박이꽃무지의 유충의 성분에 미치는 영향을 평가하여 식품을 위한 기초자료로 활용하고자 한다.</p>",
                "context_length": 1440,
                "summary": "본 연구에서는 식용 및 약용 소재로서 관심을 모으고 있는 횐점박이꽃무지의 유충 생산성 향상을 위한 사육기술을 확립하기 위하여, 유황 및 셀레니움 분말을 발효톱밥에 섞어서 급이에 따른 횐점박이꽃무지의 유충의 성분에 미치는 영향을 평가하여 식품을 위한 기초자료로 자리매김하고자 한다.",
                "clue": [
                    {
                        "clue_text": "최근 소득수준의 향상과 의학의 발달 등으로 평균수명이 증가하고 있으며, 식생활의 서구화로 인한 고혈압, 당뇨, 고지혈증 등 생활습관형 질병의 발생이 증가하고 있다.",
                        "clue_start": "16",
                        "clue_end": "107"
                    },
                    {
                        "clue_text": "이러한 질병의 예방 및 치료를 위해 식생활의 변화, 건강보조식품과 영양 보충제 등 2차 먹거리에 대한 관심이 날로 증대되고 있는 실정이다.",
                        "clue_start": "108",
                        "clue_end": "185"
                    },
                    {
                        "clue_text": "곤충자원에 대해 횐쥐를 이용한 동물임상 실험에서 안전성이 규명되었으며, 또한 최근에는 흰점박이꽃무지를 함유한 음료의 생리활성 효능 및 안전성 검증과 일반성분과 유해물질에 대한 안정성을 확보하였다.",
                        "clue_start": "298",
                        "clue_end": "407"
                    },
                    {
                        "clue_text": "동물을 이용한 시험에서는 닭의 시료에 무기태 sulphate를 첨가하면 병아리의 성장 및 식이효율이 개선되고 식이유황의 대사가 질소 대사와 밀접한 관계가 있는 것으로 나타난다.",
                        "clue_start": "816",
                        "clue_end": "914"
                    },
                    {
                        "clue_text": "또한 최근 연구에 의하면 셀레늄은 암 예방 효과가 있어 매일 셀레늄을 200 \\( \\mathrm{mg} \\) 섭취하면 암으로 인한 사망률을 \\( 50 \\% \\) 감소와, 중금속 독성을 감소시킬 수 있다.",
                        "clue_start": "1000",
                        "clue_end": "1113"
                    }
                ],
                "terminology": [
                    {
                        "word": "sulphate"
                    },
                    {
                        "word": "고지혈증"
                    },
                    {
                        "word": "급여"
                    },
                    {
                        "word": "급이"
                    },
                    {
                        "word": "단백질"
                    },
                    {
                        "word": "대사"
                    },
                    {
                        "word": "미네랄"
                    },
                    {
                        "word": "미생물"
                    },
                    {
                        "word": "발달"
                    },
                    {
                        "word": "발효"
                    },
                    {
                        "word": "병원성"
                    },
                    {
                        "word": "불포화 지방산"
                    },
                    {
                        "word": "생리활성 효능"
                    },
                    {
                        "word": "생육"
                    },
                    {
                        "word": "생육특성"
                    },
                    {
                        "word": "셀레늄"
                    },
                    {
                        "word": "셀레니움"
                    },
                    {
                        "word": "시료"
                    },
                    {
                        "word": "식이효율"
                    },
                    {
                        "word": "식품원료"
                    },
                    {
                        "word": "영양원"
                    },
                    {
                        "word": "유기화합물"
                    },
                    {
                        "word": "유충"
                    },
                    {
                        "word": "유황"
                    },
                    {
                        "word": "이질"
                    },
                    {
                        "word": "전처리"
                    },
                    {
                        "word": "중금속"
                    },
                    {
                        "word": "항생제"
                    }
                ]
            }
        ]
    }
}