{
    "dataset_info": {
        "identifier": "02-031-002-NL",
        "name": "기술과학 문서 요약 데이터",
        "category": "자연어",
        "last_updated": "2023-08-30"
    },
    "dataset": {
        "doc_id": "8a2ae4d1-0344508c-dce4-42de-8b3c-4f16350613c2",
        "doc_type": "논문",
        "doc_title": {
            "kor": "Bcl-2 및 IAP family의 발현 변화와 caspase 활성을 통한 봉독의 인체폐암세포 apoptosis 유도",
            "eng": ""
        },
        "doc_category": {
            "KDC": "470.5",
            "DDC": ""
        },
        "doc_number": {
            "ISSN": "1225-9918",
            "ISBN": "",
            "DOI": "",
            "UCI": ""
        },
        "doc_year": "2007",
        "doc_author": [
            "우현주",
            "김현중",
            "홍수현",
            "홍상훈",
            "최병태",
            "이용태",
            "박동일",
            "최영현"
        ],
        "doc_publisher": "한국생명과학회",
        "doc_license": "CC BY",
        "context_info": [
            {
                "context_id": "55e-0c9-91060ca6-6e5a-4249-83e3-6912821c3a72",
                "context_K-NSCC": {
                    "field": "생명",
                    "large_category": "LA",
                    "medium_category": "06"
                },
                "context": "<h1>결과 및 고찰</h1><h2>봉독에 의한 A549 세포의 생존율 억제 및 apoptosis 유발</h2><p>A549 인체 폐암세포의 생존율에 미치는 봉독의 영향을 알아보기 위하여 실험방법에서 서술한 것처럼 A549 세포에 봉독을 48시간 동안 처리한 후, trypan blue로 염색하여 hemocytometer로 살아있는 세포의 수를 계수하였다. 비록 인체 백혈병세포에 비하여 봉독에 대한 감수성이 A549 폐암세포에서 다소 낮으나, Fig. 1A에 나타낸 바와 같이 처리된 봉독의 농도가 증가될수록 A549 세포의 생존율은 매우 감소되었는데, \\( 4.0 \\mu \\mathrm{g} / \\mathrm{ml} \\) 처리군 의 경우 대조군에 비하여 약 \\( 40 \\% \\) 정도의 세포 생존율 감소가 관찰되었으며, \\( 5.0 \\mu \\mathrm{g} / \\mathrm{ml} \\) 처리군에서 살아있는 세포가 \\( 25 \\% \\) 미만 정도임을 알 수 있었다. 이러한 봉독 처리에 의한 A549 세포의 생존율 저하가 apoptosis 유발과 상관성이 있는지를 조사하기 위하여 DAPI staining을 실시하여 해의 형태를 조사하였다. Fig. 1B에 나타낸 바와 같이 봉독이 처리되지 않은 정상 배지에서 자란 A549 세포에서 핵의 형태가 뚜렷하게 정상으로 염색이 되었으나 봉독이 처리된 세포의 경우, 염색질 응축(chromatin condensation)에 의한 apoptosis가 일어난 세포에서 전형적으로 관찰되는 apoptotic body의 출현이 봉독 처리 농도 의존적 증가되었다. 이는 nucleosome의 linker DNA 부분의 절단에 의한 DNA 단편화의 결과이므로 봉독의 처리에 의한 암세포의 생존율 저하는 apoptosis 유발과 밀접한 관련이 있음을 알 수 있었다. 따라서 봉독 처리에 따른 A549 세포의 apoptosis 유발 정도를 정량적으로 비교 평가하기 위하여 동일한 조건으로 배양된 세포들을 대상으로 flow cytometry 분석을 통한 세포주기의 sub-G1기에 해당되는 세포들의 빈도를 조사한 결과는 Fig. 1C에 나타낸 바와 같다.</p><h2>Bcl-2 family에 속하는 유전자의 발현에 미치는 봉독의 영향</h2><p>Bcl-2 family에 속하는 몇 가지 인자들은 apoptosis 유발 조절에 가장 대표적인 유전자로 알려져 있는데, 그중 Bcl-2와 Bcl-xL은 anti-apoptotic 분자로서 apoptosis의 유발을 억제하는 기능을 가지며, Bax는 대표적인 pro-apoptotic 분자로 apoptosis의 유발과 관계가 있다. Anti-apoptotic 분자와 pro-apoptotic 분자는 서로 dimer의 형태로 존재하여 균형을 유지하고 있지만 이러한 균형이 깨어지게 되면 mitochondria로부터의 cytochrome c를 유리시켜 cysteine-related protease인 caspase, DNA의 단편화와 연관된 endonuclease 등의 활성화를 통하여 apoptosis가 유발되는 것으로 알려져 있다. 따라서 A549 세포에서 봉독 처리에 의한 apoptosis 유발에 이들 유전자가 관련되어 있는지의 여부를 RT-PCR 및 Western blot 분석법으로 조사한 결과는 Fig. 2의 좌측에 나타낸 바와 같다. 인체 백혈병세포에서와는 달리 A549 세포에서 Bax 및 Bcl-xL 유전자의 발현은 봉독 처리에 의하여 유의적인 변화는 관찰되지 않았으나, Bcl-2의 경우는 봉독의 처리에 따라 매우 감소되어 \\( 5.0 \\mu \\mathrm{g} / \\mathrm{mll} \\) 처리군의 경우 단백질 수준에서 \\( 80 \\% \\) 이상의 감소 효과를 보였다. 따라서 A549 세포에서 봉독 처리에 의한 apoptosis의 유발에 Bcl-2 family가 중요한 역할을 하고 있으며, Bcl-xL의 감소나 Bax의 증가보다는 Bcl-2의 발현 감소에 따른 Bax의 상대적 발현 증가로 인한 apoptosis 유발 관련 인자들의 활성화가 이루어지고 있음을 시사하여 주는 것이다.</p><h2>IAP family에 속하는 유전자의 발현에 미치는 봉독의 영향</h2><p>Apoptosis에 관여하는 여러 인자들 중 inhibitor of apoptosis proteins (IAPs) family에 속하는 여러 유전자 산물은 곤충 세포에서 바이러스 감염에 의한 apoptosis를 억제하기 위한 baculoviral 단백질 군들로서 외부 선호에 의한 세포 내 anti-apoptotic 활성을 지니는 것으로, caspases와 직접적인 결합을 통하여 그들의 활성을 억제함으로서 apoptosis 유발을 막을 수 있는 것으로 밝혀져 있다. 따라서 봉독 처리에 의한 A549 세포의 apoptosis 유발에 IAP family에 속하는 주요 인자들의 발현 변화를 조사한 결과는 Fig. 2의 우측에 나타낸 바와 같다. 결과에서 알 수 있듯이 봉독 처리에 따른 조사된 2가지 IAP family의 유전자 발현은 봉독 처리군에서 처리 농도가 증가될수록 감소되었음을 알 수 있는데, 특히 CIAP-1 보다는 CIAP-2의 발현이 현저하게 감소되었으며, 이는 인체 백혈병 세포를 대상으로 조사된 선행연구 결과에서와 유사한 경향성임을 알 수 있었다.</p><h2>Caspase-3 및 caspase-9의 활성에 미치는 봉독의 영향</h2><p>Caspase protease는 apoptosis 유발에 중심적인 조절인자로서 작용하는데, 이 효소들은 핵과 mitochondria의 외막에 불활성 상태인 proenzyme 형태로 존재하다가 Bcl-2 family와 같은 apoptosis 유도를 활성화시키는 신호에 의해 mitochondria로부터 유리된 cytochrome c에 의하여 활성화된 protease로 전환되어 직접 또는 간접적으로 세포 내에 존재하는 많은 표적 단백질의 분해에 관여한다. 따라서 caspases의 활성화는 apoptosis의 유발에 대한 증거가 될 수 있다는 것이 많은 선행연구 등에서 검증되어 왔다. 지금까지 알려진 caspases 중 대부분의 apoptosis가 유발된 세포에서 높은 활성도를 보여주는 caspase-3 및 caspase-9의 발현 및 in vitro 활성에 미치는 봉독의 영향을 조사하였다. Fig. 3A의 결과에서 알 수 있듯이 비활성형인 pro-caspase-3 및 pro-caspase-9의 발현이 처리된 봉독의 농도가 증가될수록 점차 감소됨을 알 수 있었다. 또한 DEVD-pNA 및 LEHD-pNA를 기질로 한 in vitro 활성 결과에서도 조사된 두 caspase 모두 최고 농도에서 5-6배의 활성 증가를 보여 비활성형 caspase의 발현 감소와 일치된 결과를 보여주었다. 이러한 결과 역시 선행 연구의 결과를 잘 뒷받침하여 주는 것으로서, 봉독에 의한 A549 폐암세포를 포함한 암세포에서의 apoptosis 유발은 Bcl-xL 및 IAP family의 감소에 따른 caspases의 활성화가 중요한 역할을 한다는 것을 알 수 있었다.</p>",
                "context_length": 3471,
                "summary": "백혈병 세포에 비해 봉독에 대한 감수성이 A549 폐암세포에서 다소 낮으나 봉독에 대한 농도가 증가할수록 A549 세포의 생존율은 매우 감소되고 봉독의 처리에 의한 암세포의 생존율 저하는 apoptosis 유발과 밀접한 관련이 있음을 알 수 있었다. A549 세포에서 봉독 처리에 의한 apoptosis의 유발에 Bcl-2 family가 중요한 역할을 하고 봉독 처리군에서 처리 농도가 증가될수록 IAP family의 유전자는 감소됨을 알 수 있었다. 이러한 결과 역시 선행 연구의 결과를 잘 뒷받침하여 주는 것으로서 caspases의 활성화가 중요한 역할을 한다는 뜻이며, 봉독이 A549 세포 생존율에 영향을 미치는 것으로 사료된다.",
                "clue": [
                    {
                        "clue_text": "비록 인체 백혈병세포에 비하여 봉독에 대한 감수성이 A549 폐암세포에서 다소 낮으나, Fig. 1A에 나타낸 바와 같이 처리된 봉독의 농도가 증가될수록 A549 세포의 생존율은 매우 감소되었는데, \\( 4.0 \\mu \\mathrm{g} / \\mathrm{ml} \\) 처리군 의 경우 대조군에 비하여 약 \\( 40 \\% \\) 정도의 세포 생존율 감소가 관찰되었으며, \\( 5.0 \\mu \\mathrm{g} / \\mathrm{ml} \\) 처리군에서 살아있는 세포가 \\( 25 \\% \\) 미만 정도임을 알 수 있었다.",
                        "clue_start": "200",
                        "clue_end": "487"
                    },
                    {
                        "clue_text": "이는 nucleosome의 linker DNA 부분의 절단에 의한 DNA 단편화의 결과이므로 봉독의 처리에 의한 암세포의 생존율 저하는 apoptosis 유발과 밀접한 관련이 있음을 알 수 있었다.",
                        "clue_start": "786",
                        "clue_end": "896"
                    },
                    {
                        "clue_text": "따라서 A549 세포에서 봉독 처리에 의한 apoptosis의 유발에 Bcl-2 family가 중요한 역할을 하고 있으며, Bcl-xL의 감소나 Bax의 증가보다는 Bcl-2의 발현 감소에 따른 Bax의 상대적 발현 증가로 인한 apoptosis 유발 관련 인자들의 활성화가 이루어지고 있음을 시사하여 주는 것이다.",
                        "clue_start": "1831",
                        "clue_end": "2007"
                    },
                    {
                        "clue_text": "결과에서 알 수 있듯이 봉독 처리에 따른 조사된 2가지 IAP family의 유전자 발현은 봉독 처리군에서 처리 농도가 증가될수록 감소되었음을 알 수 있는데, 특히 CIAP-1 보다는 CIAP-2의 발현이 현저하게 감소되었으며, 이는 인체 백혈병 세포를 대상으로 조사된 선행연구 결과에서와 유사한 경향성임을 알 수 있었다.",
                        "clue_start": "2419",
                        "clue_end": "2599"
                    },
                    {
                        "clue_text": "이러한 결과 역시 선행 연구의 결과를 잘 뒷받침하여 주는 것으로서, 봉독에 의한 A549 폐암세포를 포함한 암세포에서의 apoptosis 유발은 Bcl-xL 및 IAP family의 감소에 따른 caspases의 활성화가 중요한 역할을 한다는 것을 알 수 있었다.",
                        "clue_start": "3320",
                        "clue_end": "3467"
                    }
                ],
                "terminology": [
                    {
                        "word": "A549 세포"
                    },
                    {
                        "word": "A549 인체 폐암세포"
                    },
                    {
                        "word": "A549 폐암세포"
                    },
                    {
                        "word": "Anti-apoptotic"
                    },
                    {
                        "word": "Bax"
                    },
                    {
                        "word": "Bcl-2"
                    },
                    {
                        "word": "Bcl-2 family"
                    },
                    {
                        "word": "Bcl-xL"
                    },
                    {
                        "word": "DAPI staining"
                    },
                    {
                        "word": "DEVD-pNA"
                    },
                    {
                        "word": "DNA 단편화"
                    },
                    {
                        "word": "IAP family"
                    },
                    {
                        "word": "LEHD-pNA"
                    },
                    {
                        "word": "RT-PCR"
                    },
                    {
                        "word": "Western blot"
                    },
                    {
                        "word": "apoptosis 유도"
                    },
                    {
                        "word": "apoptotic body"
                    },
                    {
                        "word": "baculoviral 단백질"
                    },
                    {
                        "word": "caspase"
                    },
                    {
                        "word": "caspase-3"
                    },
                    {
                        "word": "caspase-9"
                    },
                    {
                        "word": "condensation"
                    },
                    {
                        "word": "cytochrome c"
                    },
                    {
                        "word": "dimer"
                    },
                    {
                        "word": "endonuclease"
                    },
                    {
                        "word": "flow cytometry 분석"
                    },
                    {
                        "word": "hemocytometer"
                    },
                    {
                        "word": "in vitro"
                    },
                    {
                        "word": "inhibitor"
                    },
                    {
                        "word": "linker"
                    },
                    {
                        "word": "mitochondria"
                    },
                    {
                        "word": "nucleosome"
                    },
                    {
                        "word": "pro-apoptotic"
                    },
                    {
                        "word": "pro-apoptotic 분자"
                    },
                    {
                        "word": "protease"
                    },
                    {
                        "word": "proteins"
                    },
                    {
                        "word": "sub-G1기"
                    },
                    {
                        "word": "trypan blue"
                    },
                    {
                        "word": "농도 의존적"
                    },
                    {
                        "word": "배지"
                    },
                    {
                        "word": "백혈병세포"
                    },
                    {
                        "word": "봉독"
                    },
                    {
                        "word": "비활성형"
                    },
                    {
                        "word": "세포주기"
                    },
                    {
                        "word": "염색질 응축"
                    },
                    {
                        "word": "외막"
                    },
                    {
                        "word": "유전자 산물"
                    },
                    {
                        "word": "인체 백혈병 세포"
                    },
                    {
                        "word": "조절인자"
                    },
                    {
                        "word": "표적 단백질"
                    },
                    {
                        "word": "핵과"
                    },
                    {
                        "word": "활성"
                    }
                ]
            },
            {
                "context_id": "55e-0c9-e5e8cdbd-b270-4d63-a4eb-4e1154837355",
                "context_K-NSCC": {
                    "field": "생명",
                    "large_category": "LA",
                    "medium_category": "06"
                },
                "context": "<h1>재료 및 방법</h1><p>실험에 사용한 A549 인체 폐암세포는 생명공학연구소 (KRIBB, Teajeon, Korea)에서 분주 받아 사용하였으며, Park 등의 방법에 준하여 배양하였다. 봉독은 Sigma Chemical Co. (St. Luis, MO, USA)에서 구입하였으며, 3차 증류수에 희석하여 사용하였다. 봉독 처리에 따른 A549 세포의 생존율을 조사하기 위하여 세포배양용 6 well plate에 A549 폐암세포를 \\( 2 \\times 10^{4} \\)개/\\(\\mathrm{ml}\\) 정도를 분주하고 24시간 동안 안정화시킨 후, 적정 농도의 봉독을 처리하였다. 48시간 후 배지를 제거하고 trypan blue 염색 후 도립현미경 하에서 살아있는 세포의 수를 측정하였다. Apoptosis 여부의 확인을 위한 핵의 형태적 변화 관찰을 위해 준비된 세포를 모은 다음 formaldehyde 용액으로 고정하고, \\( 4^{\\prime}, 6 \\)-diamidino-2-phenylindole (DAPI, Sigma) 용액으로 15분 정도 염색시킨 후, 형광 현미경을 이용하여 400배의 배율로 각 농도에 따른 암세포의 핵의 형태 변화를 관찰하였다. 봉독의 처리에 따른 세포주기 분포도 변화를 조사하기 위하여 준비된 세포를 CycleTEST PLUS DNA REAGENT Kit (Becton Dickinson, San Jose, CA, USA)를 이용하여 고정 및 염색을 하여 \\( 4^{\\circ} \\mathrm{C} \\), 암실에서 30분 동안 반응을 시킨 다음 DNA flow cytometry (Becton Dickinson)에 적용시켜 형광반응에 따른 histogram을 분석하였다.</p><p>전사 및 번역 수준에서 몇 가지 유전자의 발현 변화 관찰을 위하여 Woo 등의 방법에 준하여 RT-PCR 및 Western blot 분석을 실시하였다. 즉 준비된 세포에 TRIzol reagent (Invitrogen Co., Carlsbad, CA, USA)를 처리하여 total RNA를 분리\\(\\cdot\\)정량한 후, 해당 유전자들의 primer와 ONE-STEP RT-PCR PreMix Kit (Intron, Korea)를 이용하여 PCR을 실시하여 \\( 1 \\% \\) agarose gel로 \\( 100 \\mathrm{~V} \\)에서 전기영동을 하였다. DNA 분리가 끝난 gel을 ethidium bromide (EtBr) 를 이용하여 염색한 후 UV 하에서 확인하였다. 이때 house-keeping 유전자인 glyceraldehyde-3-phosphate dehydrogenase (GAPDH) 유전자를 internal control로 사용하였다. 또한 해당 유전자들의 단백질 수준에서의 발현 차이 분석을 위하여 총 단백질을 분리\\(\\cdot\\)정량한 후, SDS-polyacrylamide gel을 이용하여 전기영동으로 분리하고, 분리된 단백질을 함유한 gel을 nitrocellulose membrane (Schleicher and Schuell, Keenc, NH, USA)으로 electroblotting에 의해 전이시켰다. 준비된 membrane에 해당 단백질의 1차 항체를 적정시간 처리하고 2차 항체를 사용하여 반응시킨 후, enhanced chemiluminoesence (ECL) 용액(Amersham Life Science Corp., Arlington Heights, IL, USA)을 적용시켰다. 본 실험에 사용된 항체들은 Santa Cruz Biotechnology Inc. (Santa Cruz, CA, USA) 및 Calbiochem (Cambridge, MA, USA)에서 구입하였으며, 2차 항체로 사용된 peroxidase-labeled donkcy anti-rabbit 및 pcroxidase-labclcd sheep anti-mouse immunoglobulin은 Amersham에서 구입하였다. 봉독 처리에 의한 caspase-3 및 caspase-9의 정량적 활성 비교를 위해서는 Asp-Glu-Val-Asp (DEVD)-p-nitroaniline (pNA) 및 caspase-9은 Leu-Glu-His-Asp (LEHD)-pNA을 각각의 기질로 사용하여 분석하였다.</p>",
                "context_length": 2106,
                "summary": "생명공학연구소에서 분주 받은 A549 인체 폐암세포를 Park 등의 방법을 통해 배양한 후 실험에 사용했고 histogram을 통해 봉독의 처리에 따른 세포주기 분포도 변화를 조사하였다. 마지막으로 전사 및 번역 수준에서 몇 가지 유전자의 발현 변화 관찰하기 위해 RT-PCR 및 Western blot 분석을 실시했다.",
                "clue": [
                    {
                        "clue_text": "실험에 사용한 A549 인체 폐암세포는 생명공학연구소 (KRIBB, Teajeon, Korea)에서 분주 받아 사용하였으며, Park 등의 방법에 준하여 배양하였다.",
                        "clue_start": "19",
                        "clue_end": "111"
                    },
                    {
                        "clue_text": "봉독의 처리에 따른 세포주기 분포도 변화를 조사하기 위하여 준비된 세포를 CycleTEST PLUS DNA REAGENT Kit (Becton Dickinson, San Jose, CA, USA)를 이용하여 고정 및 염색을 하여 \\( 4^{\\circ} \\mathrm{C} \\), 암실에서 30분 동안 반응을 시킨 다음 DNA flow cytometry (Becton Dickinson)에 적용시켜 형광반응에 따른 histogram을 분석하였다.",
                        "clue_start": "603",
                        "clue_end": "851"
                    },
                    {
                        "clue_text": "전사 및 번역 수준에서 몇 가지 유전자의 발현 변화 관찰을 위하여 Woo 등의 방법에 준하여 RT-PCR 및 Western blot 분석을 실시하였다.",
                        "clue_start": "858",
                        "clue_end": "942"
                    }
                ],
                "terminology": [
                    {
                        "word": "6 well plate"
                    },
                    {
                        "word": "A549 세포"
                    },
                    {
                        "word": "A549 인체 폐암세포"
                    },
                    {
                        "word": "A549 폐암세포"
                    },
                    {
                        "word": "Apoptosis"
                    },
                    {
                        "word": "Biotechnology"
                    },
                    {
                        "word": "Calbiochem"
                    },
                    {
                        "word": "CycleTEST PLUS DNA REAGENT Kit"
                    },
                    {
                        "word": "DNA flow cytometry"
                    },
                    {
                        "word": "DNA 분리"
                    },
                    {
                        "word": "ONE-STEP RT-PCR PreMix Kit"
                    },
                    {
                        "word": "PCR"
                    },
                    {
                        "word": "PreMix"
                    },
                    {
                        "word": "RT-PCR"
                    },
                    {
                        "word": "SDS-polyacrylamide"
                    },
                    {
                        "word": "SDS-polyacrylamide gel"
                    },
                    {
                        "word": "Santa Cruz"
                    },
                    {
                        "word": "TRIzol reagent"
                    },
                    {
                        "word": "UV"
                    },
                    {
                        "word": "Western blot 분석"
                    },
                    {
                        "word": "agarose gel"
                    },
                    {
                        "word": "anti-mouse"
                    },
                    {
                        "word": "anti-mouse immunoglobulin"
                    },
                    {
                        "word": "anti-rabbit"
                    },
                    {
                        "word": "caspase-3"
                    },
                    {
                        "word": "caspase-9"
                    },
                    {
                        "word": "dehydrogenase"
                    },
                    {
                        "word": "electroblotting"
                    },
                    {
                        "word": "enhanced chemiluminoesence"
                    },
                    {
                        "word": "ethidium bromide"
                    },
                    {
                        "word": "formaldehyde"
                    },
                    {
                        "word": "glyceraldehyde-3-phosphate"
                    },
                    {
                        "word": "histogram"
                    },
                    {
                        "word": "immunoglobulin"
                    },
                    {
                        "word": "internal control"
                    },
                    {
                        "word": "nitrocellulose membrane"
                    },
                    {
                        "word": "sheep anti-mouse"
                    },
                    {
                        "word": "total RNA"
                    },
                    {
                        "word": "trypan blue 염색"
                    },
                    {
                        "word": "기질"
                    },
                    {
                        "word": "단백질"
                    },
                    {
                        "word": "도립현미경"
                    },
                    {
                        "word": "발현"
                    },
                    {
                        "word": "배양"
                    },
                    {
                        "word": "배지"
                    },
                    {
                        "word": "번역"
                    },
                    {
                        "word": "봉독"
                    },
                    {
                        "word": "분주"
                    },
                    {
                        "word": "세포배양용"
                    },
                    {
                        "word": "세포주기 분포도 변화"
                    },
                    {
                        "word": "유전자"
                    },
                    {
                        "word": "적정 농도"
                    },
                    {
                        "word": "전기영동"
                    },
                    {
                        "word": "전사"
                    },
                    {
                        "word": "증류수"
                    },
                    {
                        "word": "항체"
                    },
                    {
                        "word": "형광 현미경"
                    },
                    {
                        "word": "형광반응"
                    },
                    {
                        "word": "활성"
                    },
                    {
                        "word": "희석"
                    }
                ]
            }
        ]
    }
}