{
    "dataset_info": {
        "identifier": "02-031-002-NL",
        "name": "기술과학 문서 요약 데이터",
        "category": "자연어",
        "last_updated": "2023-08-30"
    },
    "dataset": {
        "doc_id": "8a2ae4d1-2367275b-7ead-4d36-9828-6b5445adfc66",
        "doc_type": "논문",
        "doc_title": {
            "kor": "발생기 흰쥐 대뇌 피질의 형태 구조에 미치는 Ethlene Glycol Monothyl Ether의 영향",
            "eng": ""
        },
        "doc_category": {
            "KDC": "470.5",
            "DDC": ""
        },
        "doc_number": {
            "ISSN": "1225-9918",
            "ISBN": "",
            "DOI": "",
            "UCI": ""
        },
        "doc_year": "2004",
        "doc_author": [
            "이웅희",
            "정길남",
            "조기진",
            "조운복"
        ],
        "doc_publisher": "한국생명과학회",
        "doc_license": "CC BY",
        "context_info": [
            {
                "context_id": "55e-0c9-a11c8b2a-8ad9-42c9-b951-c6e9098e7538",
                "context_K-NSCC": {
                    "field": "생명",
                    "large_category": "LA",
                    "medium_category": "03"
                },
                "context": "<h1>결 과</h1><h2>EGEE가 대뇌피질 두께에 미치는 영향</h2><p>태생기, 수유기, 이유기 및 성체기에서 EGEE 투여시 대조군에 비해 피질 분화성장에 억제적으로 작용하였으며, EGEE 투여군에서 태생 14일에 대뇌피질의 두께는 두정엽피질이 제일 두꺼웠으나 \\( (95 \\pm 12.7 \\mu \\mathrm{m}) \\), 대조군 \\( (102 \\pm 14.0 \\mu \\mathrm{m}) \\)에 비해 얇았고, 다음은 전두엽피질 \\( (69 \\pm 17.0 \\mu \\mathrm{m}) \\), 측두엽피질 \\( (65 \\pm 11.4 \\mu \\mathrm{m}) \\)의 순으로, 대조군의 전두엽피질 \\( (90 \\pm 8.2 \\mu \\mathrm{m}) \\), 측두엽피질 \\( (85 \\pm 7.9 \\mu \\mathrm{m}) \\)에 비해 두께가 감소되었으며, 후두엽피질이 제일 얇았다 \\( (57 \\pm 10.5 \\mu \\mathrm{m}) \\). 각 엽의 두께 성장은 대조군과 동일하게 수유기에서 빠르게 성장하는 양상을 나타내었고, 출생후 이유기 21일 이후는 성장이 둔화되었으나, 성체와 유사한 경향을 나타내었다. 출생후 성체기 105일 각 엽의 두께 차이는 태생 14일과 같이 두정엽피질\\( (934 \\pm 21.6 \\mu \\mathrm{m}) \\)이 제일 두껍고, 다음으로 전두엽피질\\( (823 \\pm 25.7 \\mu \\mathrm{m}) \\), 측두엽피질\\( (757 \\pm 14.4 \\mu \\mathrm{m}) \\)이었으며, 후두엽피질\\( (663 \\pm 24.6 \\mu \\mathrm{m}) \\)이 제일 얇았다.</p><h2>EGEE가 대뇌피질 조직발생에 미치는 영향</h2><h3>조직발생과 세포층의 분화에 미치는 영향</h3><p>EGEE 투여군에서 태생기 전두엽피질 뇌실막세포층에서는 대조군에 비해 신경모세포 수에 대한 단위면적당 밀도가 낮았다. 외투층에서는 구형내지 타원형의 불규칙한 모양을 가진 신경모세포와 신경교세포가 섞여있으며, 신경섬유층에 빈 공포가 다수 나타났다. 변연층에는 신경모세포와 신경교세포의 수가 줄어들고, 다수의 커다란 공포가 보였다. 두정엽피질에서 뇌실막세포층의 신경모세포와 신경교세포의 수가 적었고, 외투층과 변연층의 구분이 뚜렷하지 않았다. 외투층의 신경모세포는 합착되어 덩어리를 형성하거나, 조직내 사이가 떨어져서 길이를 따라 빈 강소가 형성되는 것이 관찰되었다. 변연층에는 대조군에 비해 크기가 작고 구형 인 신경세포들의 단위면적당 수가 적어지고, 피질내에서 다수의 공포를 형성하고 있었다.</p><p>후두엽피질은 외투층에서 종축으로 빈 강소나 세포주위 공포를 형성하며, 변연층의 조직내 신경섬유가 부재된 빈 강소가 관찰되었고, 측두엽피질에서는 뇌실막세포층, 외투층 및 변연층의 구분이 명확하지 않았고, 신경모세포가 합착된 덩어리가 형성되어, 세포 형태를 구분할 수 없는 것들이 관찰되었다.</p><p>수유기의 대뇌피질 출생후 1일부터 3일까지의 전두엽피질에서 뇌실막세포층의 신경모세포에 불규칙한 모양의 공포가 나타났으며, 신경모세포의 신경섬유가 일부 소실되어 단절된 양상을 나타내었다. 뇌실막세포층과 외투층 사이가 넓어진 형태를 볼 수 있었으며, 변연층에서도 신경세포의 섬유가 단절된 양상을 볼 수 있었다. 대조군과 마찬가지로 출생후 5일부터 대뇌 피질층이 Ⅰ층, Ⅱ층, Ⅲ, Ⅳ 및 Ⅴ층의 혼합층과 Ⅵ층으로 구성된 4층으로 구분되기 시작하나, Ⅰ층과 Ⅱ층, Ⅲ층에 소형의 공포가 다수 관찰되었으며, Ⅴ층에서는 세포 주위에 빈 강소가 형성되어 있었고 신경세포의 수가 감소되었다. 출생 후 7일에서 14일 세포층 내에 신경세포의 수가 더욱 감소되었고, 피질내 조직 세포사이가 멀어진 양상을 나타내었다.</p><p>두정엽피질의 경우 출생 후에는 뇌실막세포층과 외투층의 층구분이 뚜렷하지 않았으며, 염색성이 높은 신경모세포가 수개씩 뭉친 양상이 나타났고, 변연층의 신경모세포는 염색성이 감소되었고, 종축으로 길게 연결된 빈 강소가 나타났다. 출생 후 5일 두정엽피질은 Ⅰ층, Ⅱ층, Ⅲ, Ⅳ 및 Ⅴ층의 혼합층과 Ⅵ층으로 구성된 4층으로 나누어졌으나, 세포층에는 신경세포의 수가 적고, 신경섬유사이에 작은 공포가 다수 존재하고 있었다. Ⅱ층, Ⅲ층에서는 신경세포가 수개-수십개 뭉쳐져, 그 주위에 불규칙한 형태의 내강이 형성된 것을 볼 수 있었으며, Ⅳ층, Ⅴ층의 신경세포들 사이에 신경세포의 섬유가 단절되어 있었고, Ⅵ층에서는 신경섬유의 연락체계가 단절된 양상을 볼 수 있었다. 출생 후 14일에는 외과립, 외추체 세포들 주위에 작은 강소가 다수 나타난 것을 볼 수 있었다.</p><p>후두엽피질에서 출생 후 1일에는 발생기에 따른 세포층의 분화가 잘 되어있지 않으며, 뇌실막세포층과 외투층의 경계가 불분명하고, 신경섬유층 사이에 둥근 모양의 공포가 다수 형성되어 있다. 변연층에서는 신경모세포가 부재된 넓은 부위가 형성된 것을 볼 수 있었다. 출생 후 5일에는 피질내 길다란 내강을 지닌 강소가 형성되어 신경섬유가 분리되어 있었으며, 출생 후 14일 측두엽피질의 상층부에는 신경세포의 섬유사이에 종축으로 갈라져 틈이 생긴 것이 관찰되었다.</p><p>측두엽피질의 경우 출생후 1일 뇌실막세포층의 신경모세포와 신경교세포의 단위면적당 세포 수는 감소하였고, 신경섬유층 사이로 소형의 공포가 다수 나타났으나, 외투층내의 신경세포의 오름가지는 방향이 불규칙해지고, 신경 조직내 사이가 넓어진 형태를 볼 수 있었다. 출생 후 7일과 14일 측두엽피질에는 피질내세포층의 구분이 뚜렷하지 않았고, 과립세포와 신경교세포들이 섞여 있는 양상을 볼 수 있었다.</p><p>이유기와 성체기의 전두엽피질은 출생 후 21일 피질내 Ⅱ층, Ⅳ층에서 상대적으로 염색성이 낮고 크기가 큰 과립세포를 볼 수 있었으며, 세포 주위에 틈이 생겨 공포가 형성된 양상을 관찰할 수 있었다. 출생 후 105일에는 세포층 구분이 뚜렷하지 못하였고, Ⅰ 층의 세포들과 상층부 외과립세포, 외추체세포들이 섞여 있으면서 피질내 빈 강소가 존재하였고, 추체세포와 신경교세포 주위에 다수의 공포가 형성되어 있었다. 그리고, Ⅳ과 Ⅴ층의 혈관 주위에 내강이 확대되어 나타났다. 두정엽 피질에서는 출생후 21일 조직사이에 갈라진 틈이 존재하여 횡축으로 넓은 강소가 형성되어 있었으며, 출생후 105일에는 세포층 구분이 잘 되지 않았고 조직사이에 빈 강소와 신경교세포, 추체세포 주위에 형성된 공포를 볼 수 있었으며, 혈관주위에 내강이 확대된 양상이 나타났다.</p><p>후두엽피질 출생후 21일과 105일 신경세포주위에 빈 공포가 형성되었고, 조직사이에 횡축으로 빈 강소가 형성되어 있음을 볼 수 있었으며, 측두엽피질은 출생 후 21일과 105일 피질내 세포층의 구분이 뚜렷하지 않았고, 피질 주위에 공포와 강소가 구형으로 형성되어 있었으며, 혈관 주위 넓은 강소와 조직의 연접부에 틈이 확장되어 있는 양상이 나타났다.</p>",
                "context_length": 3378,
                "summary": "외투층은 구형 내지 타원형의 불규칙한 형태를 갖는 신경아세포 및 아교세포의 혼합물을 나타냈다. 신경 섬유층은 수많은 빈 액포의 존재를 보여주었습니다. 수유기 동안 대뇌 피질의 전두엽 피질은 뇌실막 세포층의 신경모세포에서 불규칙한 모양의 액포의 존재를 나타냈다. 또한 신경모세포에 연결된 신경 섬유 중 일부가 손실되어 분리되었습니다. 두정엽 피질에서는 출생 후 뇌실막 세포층과 외투막층의 명확한 층화가 관찰되지 않았다. 여러 개의 고도로 염색된 신경모세포가 응집된 반면, 변연층의 신경모세포는 염색이 감소된 것으로 나타났고 세로로 연결되어 빈 공간이 존재했습니다. 조직 내 세포층은 구분이 잘 되지 않았고 액포와 액포가 신경아교세포와 원추세포를 둘러싸고 있는 것이 관찰되었다. 또한 혈관 주변의 내강이 확대되었습니다. 피질 주변에는 구형의 액포와 동이 관찰되었고, 넓은 강소와 혈관 주변 조직의 접합부에서 간격이 확대되었다.",
                "clue": [
                    {
                        "clue_text": "외투층에서는 구형내지 타원형의 불규칙한 모양을 가진 신경모세포와 신경교세포가 섞여있으며, 신경섬유층에 빈 공포가 다수 나타났다.",
                        "clue_start": "940",
                        "clue_end": "1011"
                    },
                    {
                        "clue_text": "수유기의 대뇌피질 출생후 1일부터 3일까지의 전두엽피질에서 뇌실막세포층의 신경모세포에 불규칙한 모양의 공포가 나타났으며, 신경모세포의 신경섬유가 일부 소실되어 단절된 양상을 나타내었다.",
                        "clue_start": "1436",
                        "clue_end": "1539"
                    },
                    {
                        "clue_text": "두정엽피질의 경우 출생 후에는 뇌실막세포층과 외투층의 층구분이 뚜렷하지 않았으며, 염색성이 높은 신경모세포가 수개씩 뭉친 양상이 나타났고, 변연층의 신경모세포는 염색성이 감소되었고, 종축으로 길게 연결된 빈 강소가 나타났다.",
                        "clue_start": "1834",
                        "clue_end": "1959"
                    },
                    {
                        "clue_text": "세포층 구분이 잘 되지 않았고 조직사이에 빈 강소와 신경교세포, 추체세포 주위에 형성된 공포를 볼 수 있었으며, 혈관주위에 내강이 확대된 양상이 나타났다.",
                        "clue_start": "3086",
                        "clue_end": "3172"
                    },
                    {
                        "clue_text": "피질 주위에 공포와 강소가 구형으로 형성되어 있었으며, 혈관 주위 넓은 강소와 조직의 연접부에 틈이 확장되어 있는 양상이 나타났다.",
                        "clue_start": "3301",
                        "clue_end": "3374"
                    }
                ],
                "terminology": [
                    {
                        "word": "EGEE"
                    },
                    {
                        "word": "과립세포"
                    },
                    {
                        "word": "내강"
                    },
                    {
                        "word": "뇌실막세포층"
                    },
                    {
                        "word": "대뇌피질"
                    },
                    {
                        "word": "두정엽피질"
                    },
                    {
                        "word": "변연층"
                    },
                    {
                        "word": "성체기"
                    },
                    {
                        "word": "세포사"
                    },
                    {
                        "word": "세포층"
                    },
                    {
                        "word": "수유기"
                    },
                    {
                        "word": "신경교세포"
                    },
                    {
                        "word": "신경모세포"
                    },
                    {
                        "word": "신경섬유"
                    },
                    {
                        "word": "신경섬유층"
                    },
                    {
                        "word": "연접부"
                    },
                    {
                        "word": "염색성"
                    },
                    {
                        "word": "외투층"
                    },
                    {
                        "word": "전두엽피질"
                    },
                    {
                        "word": "조직발생"
                    },
                    {
                        "word": "측두엽피질"
                    },
                    {
                        "word": "피질"
                    },
                    {
                        "word": "피질 분화성장"
                    },
                    {
                        "word": "피질층"
                    },
                    {
                        "word": "혈관"
                    },
                    {
                        "word": "후두엽피질"
                    }
                ]
            },
            {
                "context_id": "55e-0c9-6828a74e-8c7a-4ffb-9430-1415488ac27e",
                "context_K-NSCC": {
                    "field": "생명",
                    "large_category": "LA",
                    "medium_category": "03"
                },
                "context": "<p>Ethylene glycol monoethyl ether (EGEE)는 휘발성이 강한 수용성의 유기 용매제로서 에톡시알콜로 널리 알려져 있으며, 유화제로 사용되어 수지, 도료, 염료, 페인트, 잉크용제, 피혁 가공 등 화학산업에 널리 사용되고 있다. 한국산업안전공단의 산업안전보건법(1999)에 따르면, 사람의 경우 노출기준\\( 50 \\mathrm{ppm}\\), \\(19 \\mathrm{mg} / \\mathrm{m}^{3} \\) 이하로써 그 이상의 농도에서는 인체에 유해하며, \\( 2,500\\mathrm{ppm}\\)의 고농도 EGEE 에 노출되었을 때 코, 목, 기도 등 외부 호홉기에 심한 자극을 일으키고, 호흡기도를 통해 한꺼번에 다량이 흡입될 경우에는 현기증, 신경쇠약, 피로감, 구토, 기침, 메스꺼움, 두통, 폐부종, 신경마비, 무의식 등을 일으켜, 사람에 따라 증세가 심할 때에는 중추신경계 장애를 동반한 사망을 일으킬 수 있고, 그 외 혈액, 간, 신장 등의 장기손상을 야기시킬 수 있다.</p><p>EGEE는 인간을 포함한 많은 포유동물에서 정소수축을 포함한 웅성생식기계에 독성을 나타내며, 다이옥신이나 DDT 등의 환경호르몬이 포유동물에 미치는 영향과 유사하게 작용하고 있는 것으로 알려져 있다. EGEE를 \\( 500 \\mathrm{mg} / \\mathrm{kg} / \\mathrm{day}\\)의 양으로 투여한 흰쥐에서도 정소가 위축되어 정소 무게가 \\( 53 \\pm 6.1 \\% \\) 로 감소되고, 정소의 정모세포의 소실과 퇴화를 일으킨다고 하였다. 페인트공들에서는 EGEE (범위;\\( \\left.0 \\sim 80.5 \\mathrm{mg} / \\mathrm{m}^{3}\\right)\\) \\(9.9 \\mathrm{mg} / \\mathrm{m}^{3} \\)에 폭로되었을 때 무정자증, 정자부족증을 일으키고, 조혈기에도 유독 증상이 나타난다고 하였다. 염영옥은 흰쥐에 EGEE를 \\( 500 \\mathrm{mg} / \\mathrm{kg} / \\mathrm{day}\\) 로 하여 1주, 2주, 3주 및 4주 투여군에서 정모세포, 정자세포에 심한 영향을 미치며 4주 투여군에서 정모세포 및 정자세포가 관찰되지 않고, 정조세포의 버팀세포의 위축이 투여기간이 길수록 더 심하다고 하였다. 또한, EGEE와 EGME (ethylene glycol monomethyl ether) 처리시 흰쥐에게 행동 이상을 일으켜 신경근육학적 능력, 활동성, 지적 습득능력 등의 저하가 나타난다고 하였다.</p><p>발생기 대뇌피질에 대한 많은 연구에서 신경모세포들은 피질층의 형성과 층의 분화에 중요한 역할을 하며, 대뇌피질 발생시 세포사멸이라는 과정을 거쳐 피질의 두께와 신경세포 수를 결정하는데, Blaschke 등은 태생 10일째의 흰쥐 대뇌피질에서 사멸되는 신경세포가 잘 관찰되지 않으나 태생 14 일부터 18일사이의 대뇌피질의 모든 증식대(zone of all prolif-eration)에서는 약 \\( 50 \\% \\) 정도의 신경세포가 사멸되는 것을 관찰하였다. 사멸과정은 성체의 대뇌피질의 신경세포 수를 조절하는 한 과정이라고 하였으며, Thomaidou 등은 발생기 흰쥐 대뇌피질에서 많은 신경세포가 사멸되는 것을 관찰하고는 신경세포의 사멸과 세포분열사이에 밀접한 관계가 있다고 하였다.</p><p>대뇌피질은 인식, 감각, 운동에 대한 정보를 소유하고 있으며 피질층은 입체적으로 연결되어 있고, 피질의 각 부위는 기능적으로 되어 있어, 발생 중에 각 대뇌엽에 따른 분화와 성장 그리고, 각 엽의 피질층의 두께 변화와 신경모세포 및 신경세포의 숫적인 변동에 따른 기능은 이와 관련된 대뇌피질의 발생 연구에 중요하리라 생각되나 이에 관한 연구는 없다.</p><p>또한, Kirazov 등은 흰쥐 대뇌피질의 각 부위에 따른 두께의 차이는 DNA에 의한 단백질 합성의 양적인 차이에 의한 것으로 기인되며, 발생기 대뇌피질의 구조적 차이와 구성 단백질의 종류가 다르기 때문이라고 하였다.</p><p>이와 같은 사실로 보아 발생기 대뇌피질에 EGEE가 어떤 영향을 미칠 것으로 사료되나 이에 대한 보고는 없으므로 태생기, 수유기, 이유기 및 성체기의 각 엽에서 환경호르몬인 EGEE가 대뇌피질의 계측과 조직발생에 미치는 영향을 밝히고자 하였다.</p>",
                "context_length": 2102,
                "summary": "해당 논문에서는 그 동안 연구되지 않은 환경호르몬인 EGEE(Ethylene glycol monoethyl ether)가 대뇌피질의 계측과 조직발생에 미치는 영향에 대해 알아보고자 한다.",
                "clue": [
                    {
                        "clue_text": "대뇌피질은 인식, 감각, 운동에 대한 정보를 소유하고 있으며 피질층은 입체적으로 연결되어 있고, 피질의 각 부위는 기능적으로 되어 있어, 발생 중에 각 대뇌엽에 따른 분화와 성장 그리고, 각 엽의 피질층의 두께 변화와 신경모세포 및 신경세포의 숫적인 변동에 따른 기능은 이와 관련된 대뇌피질의 발생 연구에 중요하리라 생각되나 이에 관한 연구는 없다.",
                        "clue_start": "1631",
                        "clue_end": "1826"
                    },
                    {
                        "clue_text": "이와 같은 사실로 보아 발생기 대뇌피질에 EGEE가 어떤 영향을 미칠 것으로 사료되나 이에 대한 보고는 없으므로 태생기, 수유기, 이유기 및 성체기의 각 엽에서 환경호르몬인 EGEE가 대뇌피질의 계측과 조직발생에 미치는 영향을 밝히고자 하였다.",
                        "clue_start": "1962",
                        "clue_end": "2098"
                    }
                ],
                "terminology": [
                    {
                        "word": "DDT"
                    },
                    {
                        "word": "EGEE"
                    },
                    {
                        "word": "EGME"
                    },
                    {
                        "word": "Ethylene glycol"
                    },
                    {
                        "word": "Kirazov"
                    },
                    {
                        "word": "ether"
                    },
                    {
                        "word": "zone of all prolif-eration"
                    },
                    {
                        "word": "다이옥신"
                    },
                    {
                        "word": "대뇌피질"
                    },
                    {
                        "word": "사멸과정"
                    },
                    {
                        "word": "성체기"
                    },
                    {
                        "word": "신경모세포"
                    },
                    {
                        "word": "위축"
                    },
                    {
                        "word": "유화제"
                    },
                    {
                        "word": "정모세포"
                    },
                    {
                        "word": "정소"
                    },
                    {
                        "word": "정자세포"
                    },
                    {
                        "word": "정조세포"
                    },
                    {
                        "word": "조직발생"
                    },
                    {
                        "word": "중추신경계"
                    },
                    {
                        "word": "증식대"
                    },
                    {
                        "word": "피질"
                    },
                    {
                        "word": "피질층"
                    },
                    {
                        "word": "피혁"
                    },
                    {
                        "word": "합성"
                    }
                ]
            },
            {
                "context_id": "55e-0c9-298bee0b-7636-4ff2-af30-22c5a6aab8c7",
                "context_K-NSCC": {
                    "field": "생명",
                    "large_category": "LA",
                    "medium_category": "03"
                },
                "context": "<h1>재료 및 방법</h1><h2>실험 동물의 사육 및 처치</h2><p>실험 동물은 자유 급식법으로 사육한 생후 \\( 14 \\sim 16\\)주된 임신 경험이 없는 Sprague-Dawley계 흰쥐 암컷으로, 체중 \\(200\\sim250 \\mathrm{~g} \\) 정도되는 성숙한 것을 사용하였다. 수컷과 합사 시킨 후 질액도말(vaginal fluid smear)표본의 각화상피세포에서 정자가 발견된 날을 임신 0일로 계산하여 임신 14일, 18일째의 태자를 태생기, 출생후 1일, 2일, 3일, 5일, 7일 및 14일째의 개체는 수유기, 출생후 21일째의 개체는 이유기, 출생후 105일째의 개체는 성체기로 구분하여 대뇌피질 각 엽의 조직 발생 실험에 사용하였다.</p><p>그리고, 위와 동일한 방법으로 성숙시킨 Sprague-Dawley계 흰쥐 암컷을 대상으로 임신 7일부터 1주간 6회에 걸쳐 EGEE \\( (250 \\mathrm{mg} / \\mathrm{kg}) \\)를 복강내 투여한 뒤 임신 14 일, 18일 태자, 출생후 1일, 2일, 3일, 5일, 7일 및 14일째의 수유기, 21일째의 이유기, 105일째의 성체 개체를 EGEE 투여군으로 하여 대뇌 피질 조직 발생에 미치는 영향을 대조군과 비교 분석하였다.</p><p>태생기 태자는 성별에 관계없이 사용하였고, 출생 후의 개체는 해부현미경하에서 외부 생식기로써 성을 판별한 후 수컷 개체만을 사용하였다.</p><h2>조직발생 및 형태계측</h2><p>발생기 임신한 쥐(태생기 태자), 수유기, 이유기 및 성체기 때의 흰쥐를 ether로 마취하여 뇌를 적출할 때, 태생기때 태자의 뇌는 전체를 절취하였고, 수유기와 이유기 및 성체기 때의 뇌는 두개골에서 뇌를 적출한 다음, 대뇌와 소뇌 및 뇌줄기로 구분하고, 대뇌를 관상절단, 수평절단, 시상절단하여 각 조직을 절취하였다. 그리고, 절취된 조직을 \\( 10 \\% \\) 중성 포르말린 용액 내에 태생기와 수유기 때의 대뇌조직은 24시간, 이유기와 성체기 때의 대뇌조직은 48시간 고정한 후, 수세와 각 급 알콜에서의 탈수과정을 거쳐 paraplast (융점 \\( \\left.56^{\\circ} \\mathrm{C}\\right) \\)에 포매하였다. 포매된 조직을 \\(5\\sim6 \\mu \\mathrm{m} \\)의 두께로 박절하여 연속 절편을 만든 후, 조직학적 구조는 hematoxylin-eosin (H-E)염색법으로 염색한 후 관찰하였으며, 흰쥐 대뇌의 발생 각 시기에 따라 상대적인 생장량을 비교하기 위하여 관상절단, 수평절단, 시상 절단하여 전두엽피질, 두정엽피질, 후두엽피질 및 측두엽피질의 최대 장축 길이에 따른 각 피질의 두께를 측정하였고, 발생기 각 조직내 단위 면적당 신경세포 수와 크기를 측정하여 산술평균과 표준편차를 구한다음, 두께 변화가 현저한 시기를 택하여 조직발생 정도를 비교하였다.</p><p>그리고, 발생기 대뇌 피질내 신경세포 층의 분화 양상 및 신경 세포층의 분화시기와 각 시기별 형태적 특성을 관찰하였다.</p>",
                "context_length": 1489,
                "summary": "Sprague-Dawley계 흰쥐 암컷의 질액도말(vaginal fluid smear)을 대뇌피질 각 엽의 조직 발생 실험에 사용하였으며, 흰쥐 암컷의 경우 EGEE 투여 후 대조군과 비교 분석하였다.",
                "clue": [
                    {
                        "clue_text": "수컷과 합사 시킨 후 질액도말(vaginal fluid smear)표본의 각화상피세포에서 정자가 발견된 날을 임신 0일로 계산하여 임신 14일, 18일째의 태자를 태생기, 출생후 1일, 2일, 3일, 5일, 7일 및 14일째의 개체는 수유기, 출생후 21일째의 개체는 이유기, 출생후 105일째의 개체는 성체기로 구분하여 대뇌피질 각 엽의 조직 발생 실험에 사용하였다.",
                        "clue_start": "168",
                        "clue_end": "374"
                    },
                    {
                        "clue_text": "그리고, 위와 동일한 방법으로 성숙시킨 Sprague-Dawley계 흰쥐 암컷을 대상으로 임신 7일부터 1주간 6회에 걸쳐 EGEE \\( (250 \\mathrm{mg} / \\mathrm{kg}) \\)를 복강내 투여한 뒤 임신 14 일, 18일 태자, 출생후 1일, 2일, 3일, 5일, 7일 및 14일째의 수유기, 21일째의 이유기, 105일째의 성체 개체를 EGEE 투여군으로 하여 대뇌 피질 조직 발생에 미치는 영향을 대조군과 비교 분석하였다.",
                        "clue_start": "381",
                        "clue_end": "631"
                    },
                    {
                        "clue_text": "포매된 조직을 \\(5\\sim6 \\mu \\mathrm{m} \\)의 두께로 박절하여 연속 절편을 만든 후, 조직학적 구조는 hematoxylin-eosin (H-E)염색법으로 염색한 후 관찰하였으며, 흰쥐 대뇌의 발생 각 시기에 따라 상대적인 생장량을 비교하기 위하여 관상절단, 수평절단, 시상 절단하여 전두엽피질, 두정엽피질, 후두엽피질 및 측두엽피질의 최대 장축 길이에 따른 각 피질의 두께를 측정하였고, 발생기 각 조직내 단위 면적당 신경세포 수와 크기를 측정하여 산술평균과 표준편차를 구한다음, 두께 변화가 현저한 시기를 택하여 조직발생 정도를 비교하였다.",
                        "clue_start": "1099",
                        "clue_end": "1412"
                    }
                ],
                "terminology": [
                    {
                        "word": "EGEE"
                    },
                    {
                        "word": "Sprague-Dawley계"
                    },
                    {
                        "word": "Sprague-Dawley계 흰쥐"
                    },
                    {
                        "word": "ether"
                    },
                    {
                        "word": "hematoxylin-eosin"
                    },
                    {
                        "word": "paraplast"
                    },
                    {
                        "word": "smear"
                    },
                    {
                        "word": "대뇌 피질내 신경세포 층"
                    },
                    {
                        "word": "대뇌피질"
                    },
                    {
                        "word": "박절"
                    },
                    {
                        "word": "생식기"
                    },
                    {
                        "word": "생장량"
                    },
                    {
                        "word": "성체기"
                    },
                    {
                        "word": "세포층"
                    },
                    {
                        "word": "소뇌"
                    },
                    {
                        "word": "수유기"
                    },
                    {
                        "word": "시상"
                    },
                    {
                        "word": "연속 절편"
                    },
                    {
                        "word": "조직발생"
                    },
                    {
                        "word": "조직학적"
                    },
                    {
                        "word": "중성 포르말린 용액"
                    },
                    {
                        "word": "측두엽피질"
                    },
                    {
                        "word": "태자"
                    },
                    {
                        "word": "표준편차"
                    },
                    {
                        "word": "피질"
                    },
                    {
                        "word": "해부현미경"
                    },
                    {
                        "word": "후두엽피질"
                    }
                ]
            },
            {
                "context_id": "55e-0c9-5eba9ed1-f045-46fc-8a7a-c33af4f40642",
                "context_K-NSCC": {
                    "field": "생명",
                    "large_category": "LA",
                    "medium_category": "03"
                },
                "context": "<h1>고 찰</h1><p>고농도 EGEE ( \\( 2500 \\mathrm{ppm}) \\)에 대해 사람의 경우 외부 호흡기에 심한 자극을 일으키며, 다량 흡입시에는 현기증, 신경쇠약, 피로감, 구토, 기침, 메스꺼움, 두통, 폐부종, 신경마비, 무의식등과 중추신경계 장애를 동반한 사망을 일으킬 수 있고, 혈액, 간, 신장 등의 장기손상을 야기시킬 수 있다고 보고되어 있다. 그러나, EGEE가 위와 같은 어떤 영향을 발생기 대뇌피질에 미칠 것으로 사료되나 이에 대한 연구는 없다.</p><p>현재 EGEE 이외에 신경계에 독성을 나타내는 toluene의 경우에는 흰쥐의 자율신경계를 포함한 중추신경계의 기능장애 유발과 수정란의 변화를 초래하며, 신경섬유 myelin의 구조적 특성 유지에 필수적인 인지질의 구성성분인 지방산함량 비율을 감소시켜 인지질의 탈락현상을 유발하고, xylene의 처리시에는 생쥐 영양아세포의 분화에 따른 galactose 포함 항원결정기의 배반포 표면의 발현 양상 변화 등이 보고되어 있다. 또한 EGEE와 ethylene glycol monomethyl ether (EGME) 처리시 흰쥐에게 행동 이상을 일으켜, 신경 근육학적 능력, 활동성, 지적 습득 능력 등의 저하가 나타나며, 2-ethoxyethanol과 ethanol이 흰쥐의 생식기에 독성을 유발함이 보고되어 있다.</p><p>EGEE 투여시 발생기 대뇌 피질 각 엽의 두께 변화에 있어서, 전두엽피질과 두정엽피질의 경우 상대적으로 크게 변동되었으며, 후두엽피질과 측두엽피질은 변화가 작았다. 전두엽피질과 두정엽피질의 경우에는 출생 후 7일부터 14일까지 두께가 상대적으로 증가되었으나, 후두엽피질과 측두엽피질에서는 출생후 1일부터 7일까지 증가되었고, 그 이후 증가폭이 둔화되었다. EGEE 처리시 DNA에 의한 단백질 합성의 양적 차이에 의해 대뇌 피질 각 부위의 증가폭에 차이가 있었으며, EGEE 투여군에서는 수유기인 출생 후 5일까지 대뇌 피질 두께의 증가 비율이 거의 일정하나 대조군보다는 감소되었고, 출생 후 7일부터 14일까지는 대조군의 경우 대뇌 피질 두께가 급속히 증가되었음에 비해 EGEE 투여군에서는 태생기와 수유기 때에 증가속도가 낮았고, 이유기 때에는 대조군의 경우와 유사하게 증가되었으며, 성체기 때에는 최대 두께를 나타내었으나, 대조군에 비해 각 피질의 두께가 줄어든 양상을 나타내었다. Kirazov 등은 DNA에 대한 단백질 비율 증감을 비교한 결과 전뇌에서는 출생후 2일부터 7일까지 급속한 증가가 있음을 보여 주었는데, EGEE 투여군에서의 두께 측정시 면적당 개수는 줄어들고, 크기가 작아지는 양상을 보였다. 그리고, 대조군과 동일하게 EGEE 투여군 내의 Ⅱ층, Ⅲ층에서의 단위면적당 개수가 Ⅳ층, Ⅴ층에서 보다 많고, 세포의 크기는 작으며, 각 뇌엽에서 두정엽피질에서의 개수가 제일 많고, 후두엽피질에서 제일 적으며, 세포 크기는 후두엽피질에서 제일크고, 두정엽피질에서 제일 작았다.</p><p>이상과 같은 사실에서 태생기에 주입된 EGEE는 발생기에 따라 대뇌피질의 두께 발육과 조직 발생, 세포층의 분화 양상 및 신경모세포와 신경세포의 수와 크기의 증가에 심대한 영향을 미쳤다고 사료된다.</p>",
                "context_length": 1585,
                "summary": "고농도 EGEE가 사람의 호흡기에 심한 자극을 줄 수 있으며, 다량 흡입시엔 두통, 구토, 신경마비 등과 중추신경계 장애와 함께 사망에 이를 수 있으며 장기 손상등을 일으킬 수 있다고 보고되어있다. EGEE와 EGME 처리된 흰쥐는 신경 근육학적 능력, 활동성, 지적 습득능력 등의 저하로 인한 행동이상을 일으켰다. EGEE를 투여했을 때 전두엽피질과 두정엽피질이 후두엽피질과 측두엽피질에 비해 크게 변동되었다. 이는 태생기에 주입된 EGEE가 발생기에 따라 대뇌피질의 두께 발육과 조직 발생, 세포층의 분화 양상 및 신경모세포와 신경세포의 수와 크기에 커다란 영향을 미쳤다고 볼 수 있다.",
                "clue": [
                    {
                        "clue_text": "태생기에 주입된 EGEE는 발생기에 따라 대뇌피질의 두께 발육과 조직 발생, 세포층의 분화 양상 및 신경모세포와 신경세포의 수와 크기의 증가에 심대한 영향을 미쳤다고 사료된다.",
                        "clue_start": "1483",
                        "clue_end": "1581"
                    },
                    {
                        "clue_text": "EGEE 투여시 발생기 대뇌 피질 각 엽의 두께 변화에 있어서, 전두엽피질과 두정엽피질의 경우 상대적으로 크게 변동되었으며, 후두엽피질과 측두엽피질은 변화가 작았다.",
                        "clue_start": "682",
                        "clue_end": "774"
                    },
                    {
                        "clue_text": "고농도 EGEE ( \\( 2500 \\mathrm{ppm}) \\)에 대해 사람의 경우 외부 호흡기에 심한 자극을 일으키며, 다량 흡입시에는 현기증, 신경쇠약, 피로감, 구토, 기침, 메스꺼움, 두통, 폐부종, 신경마비, 무의식등과 중추신경계 장애를 동반한 사망을 일으킬 수 있고, 혈액, 간, 신장 등의 장기손상을 야기시킬 수 있다고 보고되어 있다.",
                        "clue_start": "15",
                        "clue_end": "209"
                    },
                    {
                        "clue_text": "EGEE와 ethylene glycol monomethyl ether (EGME) 처리시 흰쥐에게 행동 이상을 일으켜, 신경 근육학적 능력, 활동성, 지적 습득 능력 등의 저하가 나타나며, 2-ethoxyethanol과 ethanol이 흰쥐의 생식기에 독성을 유발함이 보고되어 있다.",
                        "clue_start": "517",
                        "clue_end": "675"
                    }
                ],
                "terminology": [
                    {
                        "word": "DNA"
                    },
                    {
                        "word": "EGEE"
                    },
                    {
                        "word": "Kirazov"
                    },
                    {
                        "word": "ethanol"
                    },
                    {
                        "word": "ether"
                    },
                    {
                        "word": "ethylene glycol"
                    },
                    {
                        "word": "galactose"
                    },
                    {
                        "word": "myelin"
                    },
                    {
                        "word": "toluene"
                    },
                    {
                        "word": "xylene"
                    },
                    {
                        "word": "단백질"
                    },
                    {
                        "word": "대뇌피질"
                    },
                    {
                        "word": "대조군"
                    },
                    {
                        "word": "두정엽피질"
                    },
                    {
                        "word": "발현"
                    },
                    {
                        "word": "배반포 표면"
                    },
                    {
                        "word": "분화"
                    },
                    {
                        "word": "생식기"
                    },
                    {
                        "word": "성체기"
                    },
                    {
                        "word": "세포"
                    },
                    {
                        "word": "세포층"
                    },
                    {
                        "word": "수유기"
                    },
                    {
                        "word": "수정란"
                    },
                    {
                        "word": "신경섬유"
                    },
                    {
                        "word": "신경세포"
                    },
                    {
                        "word": "신장"
                    },
                    {
                        "word": "인지질"
                    },
                    {
                        "word": "자율신경계"
                    },
                    {
                        "word": "전뇌"
                    },
                    {
                        "word": "중추신경계"
                    },
                    {
                        "word": "측두엽피질"
                    },
                    {
                        "word": "투여군"
                    },
                    {
                        "word": "피질"
                    },
                    {
                        "word": "합성"
                    },
                    {
                        "word": "항원결정기"
                    },
                    {
                        "word": "후두엽피질"
                    }
                ]
            },
            {
                "context_id": "55e-0c9-ea59b4e7-aa56-41c3-8b06-80754c7b8f7f",
                "context_K-NSCC": {
                    "field": "생명",
                    "large_category": "LA",
                    "medium_category": "03"
                },
                "context": "<h3>발생기에 따른 세포수와 크기 변화에 미치는 영향</h3><p>EGEE투여시 발생기 피질내 단위면적당 세포 수 변화는, 태생기 출생후 수유기 1일부터 3일까지 신경모세포의 분화가 활발히 일어났으며 피질층이 뇌실막세포층, 외투층, 변연층으로 나누어질 때, 각 층에서의 단위 면적당 수는 대조군보다 감소되어 나타났으며, 두정엽피질 수가 대조군과 동일하게 제일 많았고, 다음으로 전두엽피질, 측두엽피질, 후두엽피질의 순서였다. 태생기 두정엽피질, 전두엽피질, 측두엽피질의 외투층에서 제일 많았고, 태생 14일 두정엽피질 \\(( 200.7\\pm11.4 / 10^{-2} \\mathrm{~mm} )\\),전두엽피질 \\(( 172.8\\pm20.2 / 10^{-2} \\mathrm{~mm} )\\), 측두엽피질 \\(( 157.5\\pm11.5 / 10^{-2} \\mathrm{~mm} )\\)의 순서였고, 후두엽피질은 대조군과 동일하게 수가 가장 작았으며, 후두엽피질은 뇌실막세포층 \\((108.8\\pm 22.4 / 10^{-2}\\mathrm{~mm} )\\)에서 가장 많았다. 출생후 5일부터 각 피질층은 4층로 분화되기 시작하였고, 단위면적당 수가 점차 감소하여, 출생후 5일 부터 Ⅱ층, Ⅲ층에서의 수가 Ⅳ, Ⅴ층에서의 수보다 많았고, 성체기때는 각 세포층내의 신경세포 수는 거의 일정해졌다. 성체기의 Ⅱ층과, Ⅳ층의 외, 내과립세포 수가 각각 두정엽피질 \\( (12.0 \\pm 1.4 / 10^{-2} \\mathrm{~mm}\\), \\(9.4 \\pm 0.7 / 10^{-2} \\mathrm{~mm}) \\), 전두엽피질 \\( (10.8 \\pm 1.2 / 10^{-2} \\mathrm{~mm}\\), \\(7.5 \\pm 1.6 / 10^{-2} \\mathrm{~mm}) \\), 측두엽피질 \\( (9.7 \\pm 0.6 / 10^{-2} \\mathrm{~mm}\\), \\(6.6 \\pm 0.7 / 10^{-2} \\mathrm{~mm}) \\), 후두엽피질 \\( (6.6 \\pm 1.5 / 10^{-2} \\mathrm{mm}\\), \\(5.5 \\pm 1.4 / 10^{-2} \\mathrm{~mm} )\\)의 순서였고, Ⅲ, Ⅴ층에서도 두정엽피질 \\( \\left(3.4 \\pm 0.3\\right. \\)개 \\( / 10^{-2} \\mathrm{~mm}, 3.0 \\pm 0.2 \\) 개 \\( \\left./ 10^{-2} \\mathrm{~mm}\\right) \\), 전두엽피질 \\( (3.1 \\pm 0.8 / 10^{-2} \\mathrm{~mm}\\), \\(2.5 \\pm 0.6 / 10^{-2} \\mathrm{~mm}) \\), 측두엽 피질 \\( (3.0 \\pm 0.910^{-2}\\mathrm{mm}\\), \\(1.5 \\pm 0.4 / 10^{-2} \\mathrm{~mm}) \\), 후두엽피질 \\( (2.8 \\pm 0.6 / 10^{-2} \\mathrm{~mm}\\), \\(1.2 \\pm 0.5 / 10^{-2} \\mathrm{~mm} )\\)의 순서로 수가 많았다.</p><p>EGEE투여시 발생기 피질내 신경세포의 크기변화는, 태생기때 부터 성체기까지 후두엽피질에서의 크기가 제일 컸으며, 성체기로 갈수록 신경세포의 크기가 증가되는 양상을 나타내었다. 태생기와 출생후 수유기 3일까지 각 피질의 뇌실막세포층에서의 신경모세포 크기가 제일 컸는데, 태생 14일 후두엽피질 \\( (5.7 \\pm 1.3 \\mu \\mathrm{m}) \\), 측두엽피질 \\( (5.4 \\pm 0.8 \\mu \\mathrm{m}) \\), 전두엽피질 \\( (5.2 \\pm 1.0 \\mu \\mathrm{m}) \\), 두정엽피질 \\( (4.3 \\pm 0.8 \\mu \\mathrm{m}) \\)의 순서였고 5일부터 각 피질층은 4층으로 분화되기 시작하며, EGEE 투여시에도 세포크기는 증가되는데, 출생후 수유기 5일부터 층Ⅳ과 Ⅴ층에서의 크기가 Ⅱ층과 Ⅲ층에서의 크기보다 컸고, 이유기에서 성체기에 이르는 동안 크기가 계속 증가되어 성체기에서 최대 크기를 나타내었다. 성체기 때는 대조군과 동일하게 내, 외과립세포의 크기가 후두엽피질 \\( (15.2 \\pm 1.2 \\mu \\mathrm{m}\\), \\(14.5 \\pm 2.2 \\mu \\mathrm{m}) \\), 측두엽피질 \\((14.0 \\pm 0.7 \\mu \\mathrm{m}\\), \\(13.7 \\pm 1.4 \\mu \\mathrm{m}) \\), 전두엽피질 \\((13.0 \\pm 1.8 \\mu \\mathrm{m}\\), \\(12.0 \\pm 0.9 \\mu \\mathrm{m}) \\), 두정엽피질\\((12.5 \\pm 1.2 \\mu \\mathrm{m}\\), \\(11.9 \\pm 1.9 \\mu \\mathrm{m}) \\)의 순서였고, 내, 외추체세포에서도 후두엽피질 \\((20.5 \\pm 0.8 \\mu \\mathrm{m}\\), \\(16.3 \\pm 0.9 \\mu \\mathrm{m}) \\), 측두엽피질 \\( (20.0 \\pm 1.7 \\mu \\mathrm{m}\\), \\(14.0 \\pm 1.5 \\mu \\mathrm{m}) \\), 전두엽피질 \\( (19.4 \\pm 1.4 \\mu \\mathrm{m}\\), \\(11.2 \\pm 0.9 \\mu \\mathrm{m}) \\), 두정엽피질\\((15.8 \\pm 2.5 \\mu \\mathrm{m}\\), \\(12.1 \\pm 1.9 \\mu \\mathrm{m}) \\)의 순서였다.</p>",
                "context_length": 2614,
                "summary": "EGEE를 투여했을 때 발생기 피질내의 단위면적당 세포 수 변화는, 태생기 출생후 수유기 1일부터 3일까지 신경모세포의 분화가 활발히 일어났다. 피질층이 뇌실막세포층, 외투층, 변연층으로 나누어질 때, 각 층에서의 단위 면적당 수는 대조군보다 감소되어 나타났다. 특히 두정엽피질 수가 대조군과 동일하게 제일 많았고, 전두엽피질, 측두엽피질, 후두엽피질이 그 뒤를 이었다. EGEE투여시 발생기 피질내 신경세포의 크기변화는, 태생기때부터 성체기까지는 후두엽피질에서의 크기가 제일 컸고, 신경세포의 크기는 성체기로 갈수록 증가되는 양상을 보이고 있었다.",
                "clue": [
                    {
                        "clue_text": "EGEE투여시 발생기 피질내 단위면적당 세포 수 변화는, 태생기 출생후 수유기 1일부터 3일까지 신경모세포의 분화가 활발히 일어났으며 피질층이 뇌실막세포층, 외투층, 변연층으로 나누어질 때, 각 층에서의 단위 면적당 수는 대조군보다 감소되어 나타났으며, 두정엽피질 수가 대조군과 동일하게 제일 많았고, 다음으로 전두엽피질, 측두엽피질, 후두엽피질의 순서였다.",
                        "clue_start": "38",
                        "clue_end": "238"
                    },
                    {
                        "clue_text": "EGEE투여시 발생기 피질내 신경세포의 크기변화는, 태생기때 부터 성체기까지 후두엽피질에서의 크기가 제일 컸으며, 성체기로 갈수록 신경세포의 크기가 증가되는 양상을 나타내었다.",
                        "clue_start": "1476",
                        "clue_end": "1574"
                    }
                ],
                "terminology": [
                    {
                        "word": "EGEE"
                    },
                    {
                        "word": "내과립세포"
                    },
                    {
                        "word": "뇌실막세포층"
                    },
                    {
                        "word": "두정엽피질"
                    },
                    {
                        "word": "변연층"
                    },
                    {
                        "word": "분화"
                    },
                    {
                        "word": "성체기"
                    },
                    {
                        "word": "수유기"
                    },
                    {
                        "word": "신경모세포"
                    },
                    {
                        "word": "신경세포"
                    },
                    {
                        "word": "외과립세포"
                    },
                    {
                        "word": "외추체세포"
                    },
                    {
                        "word": "외투층"
                    },
                    {
                        "word": "전두엽피질"
                    },
                    {
                        "word": "측두엽피질"
                    },
                    {
                        "word": "피질"
                    },
                    {
                        "word": "피질층"
                    },
                    {
                        "word": "후두엽피질"
                    }
                ]
            }
        ]
    }
}