{
    "dataset_info": {
        "identifier": "02-031-002-NL",
        "name": "기술과학 문서 요약 데이터",
        "category": "자연어",
        "last_updated": "2023-08-30"
    },
    "dataset": {
        "doc_id": "8a2ae4d1-14a0eea5-be22-481d-a280-78580ce6167b",
        "doc_type": "논문",
        "doc_title": {
            "kor": "벼멸구 저항성 유전자와 내염성과의 연관",
            "eng": ""
        },
        "doc_category": {
            "KDC": "470.5",
            "DDC": ""
        },
        "doc_number": {
            "ISSN": "1225-9918",
            "ISBN": "",
            "DOI": "",
            "UCI": ""
        },
        "doc_year": "2005",
        "doc_author": [
            "양대화",
            "김진홍",
            "위승곤",
            "백명화",
            "임상용",
            "이인석",
            "이규성",
            "이명철",
            "임용표",
            "정병엽",
            "김재성"
        ],
        "doc_publisher": "한국생명과학회",
        "doc_license": "CC BY",
        "context_info": [
            {
                "context_id": "55e-0c9-merge_la_8a2ae4d1-14a0eea5-be22-481d-a280-78580ce6167b_03",
                "context_K-NSCC": {
                    "field": "생명",
                    "large_category": "LA",
                    "medium_category": "08"
                },
                "context": "<h1>결과 밎 고찰</h1> <h2>SSR 마커에 의한 품종간 유전적 다양성 확인</h2> <p>일품벼와 상해향혈나의 두 자포니카 품종을 대상으로 벼멸구 저항성 유전자(Os-Bi1)로부터 \\( 5.5 \\mathrm { cM } \\) 거리에 위치한 벼멸구 저항성 SSR 마커인 R208를 이용하여 유전적 다양성을 분석하였다. Fig. 1에서 약 100 bp인 SSR 마커 R208의 PCR 산물은 상해향혈나에서만 검출됨이 확인되었다. 마커를 사용한 벼멸구 저항성 개체 선발은 기존에 여러 연구자들에 의해 보고되었다. '가야벼/낙동벼' 조합의 \\( \\mathrm { F } _ { 2 } \\) 집단을 대상으로 벼멸구 저항성과 마커와의 관계를 분석하여 벼멸구 저항성 유전자와 cosegregation 관계에 있는 RAPD (Random Amplified Polymorphic DNA) 마커(OPD7700)를 선발하였으며, '삼강벼/낙동벼' 조합의 \\( F_ { 2 } \\) 집단을 대상으로 벼멸구 저항성 유전자와 \\( 4.1 \\mathrm { cM } \\) 거리에 위치한 RFLP(Restriction Fragment Length Polymorphism) 마커(G258)를 선발하여 보고한 바 있다. 또한 벼 게놈 염기서열 완성과 더불어 전체 게놈을 대표하는 SSR 마커는 수 천종이상 개발되어 상용화하였으며, 벼의 품종간 유전적 배경과 유전적 다 양성연구 및 저항성 유전자 탐색 등에 그 이용이 가속화되고 있다 .</p> <h2>염처리시 벼멸구 저항성 유전자의 발현 정도</h2> <p>벼멸구 저항성과 다른 작물학적 형질과의 연관에 대해서 서론에서 언급한 바와 같이 벼멸구 저항성 유전자는 도복과 밀접한 연관이 있으며, 도복은 양적 유전자가 관여한다는 보고가 있었다. 이러한 양적 유전자는 유전적 및 환경적 요인이 결부되어 나타나는 내염성과도 관련 있는 것으로 보고 되어있다.</p> <p>본 연구에서는 벼멸구 저항성 SSR 마커(R208)에서 확실한 차이를 보인 일품벼와 상해향혈나를 대상으로 벼멸구 저항성 유전자 \\( (O s-B i 1) \\) 와 양적 형질인 내염성과의 관련성을 조사 하였다. 이를 위해 Os-Bi1 발현량의 변화가 real-time PCR에 의해 분석 되었으며, Os-Act1에 대비한 벼멸구 유전자의 발현량의 정량화는 'comparative \\( \\left ( \\Delta \\triangle \\mathrm { C } _ {\\mathrm { T } } \\right ) \\operatorname { } \\)method' 를 사용하여 수행되었다. Fig. 2에서 (A)와 (B)는 Os-Act1과 Os-Bi1 유전자 발현을 수치화하여 검량선으로 나타낸 것으로 원은 검량선 데이터이고 사각형은 각 시료의 유전자 발현 실축치이다. Table 1 에서 \\( \\mathrm { NaCl } \\) 를 처리하지 않은 각 대조구와 비교하였을 때 일품벼는 50 과 \\( 200 \\mathrm { mM } \\mathrm { NaCl } \\) 처리에서 벼멸구 저항성 유전자 \\( \\left (O_ { s-B i 1 } \\right ) \\) 의 발현량이 농도 의존적으로 대조구의 \\( 12 \\% \\)까지 감소하였으며, 상해향혈나는 \\( 50 \\mathrm { mM } \\) 에서 약간 증가하였지만 \\( 200 \\mathrm { mM } \\) 에서는 대조구의 \\( 5 \\% \\) 수준까지 감소하였다. 이러한 결과는 인디카로 부터 여교배동의 방법을 이용해 오랜 기간 육성된 자포니카 저항성 계통에서 인디카와 달리 저항성의 정도가 불안정한 중도저항성이 관찰되는 경우가 많다는 보고와 관련이 있어 보인다. 일반적으로 자포니카보다 인디카 품종에서 내염성과 벼멸구 저항성이 빈번히 보고되어왔다[13,14,24]. 따라서, 벼멸구 저항성과 내염성과의 관련성을 밝히기 위해 내염성 품종인 Pokkali와 감수성인 품종인 IR29[24]을 가지고 Os-Bil의 발현량을 염처리 후 비괴하였다(Table 1). 내염성인 Pokkali는 대조구보다 Os-Bi1의 발현량이 \\( 100 \\mathrm { mM } \\) 에서 약 2 배 증가하였으나 감수성인 IR29는 같은 농도에서 \\( 64 \\% \\) 까지 감소하였다. 그러나 IR29가 벼멸구 저항성을 가지고 있는 품종으로 보고 하였으므로, IR29는 벼멸구 저항성을 가지고 있으나 염처리에 의해 관련 유전자인 Os-Bi1의 발현량이 감소한 것으로 생각된다. 이러한 결과들은 벼멸구 저항성 유전자 \\( (O s-B i 1) \\) 가 적어도 인디카 품종들의 내염성 차이에 관여함을 의미한다. 일반적으로 벼의 내염성은 유전적 및 환경적 요인이 결부되어 나타나는 현상으로 양적 유전자polygene)에 의해 조절되며 본 연구의 결과에 의해 벼멸구 저항성 유전자는 양적 유전자들 중에 하나로 생각된다.</p> <h1>요 약</h1> <p>벼멸구(Nilaparvata lugens Stal.)에 대한 저항성 마커(R208)에서 확실한 차이를 보인 두 자포니카 품종(일품벼과 상해향 혈나)을 대상으로 벼멸구 저항성 유전자(Os-Bi1)와 내염성과의 관련성을 조사하였다. 이를 위해 두 품종에서 염처리에 의한 Os-Bil 발현량의 변화를 real-time PCR을 이용해 정량화하였으며, 인디카 두 품종(Pokkali와 IR29)의 결과와 비교하였다. 일품벼는 50, \\( 200 \\mathrm { mM } \\mathrm { NaCl } \\) 처리에서 Os-Bi1 유전자의 발현량이 농도 의존적으로 감소하였으며, 상해향혈나는 50 \\( \\mathrm { mM } \\) 에서만 약간 증가하고 \\( 200 \\mathrm { mM } \\) 에서는 크게 감소하였다. 비교해서, 내염성인 Pokkali는 Os-Bi1의 발현량이 \\( 100 \\mathrm { mM } \\) 의 \\( \\mathrm { NaCl } \\) 처리에 의해 약 2 배 증가하였으나 감수성인 IR29는 같은 농도에서 발현량이 감소하였다. 이러한 결과들은 벼멸구 저항성 유전자(Os-Bi1)가 적어도 인디카 품종들의 내염성 차이에 관여함을 의미하는 것으로 보인다.</p>",
                "context_length": 2993,
                "summary": "벼멸구에 대한 저항성 마커(R208)에서 확실한 차이를 보인 자포니카 품종인 일품벼과 상해향혈나를 대상으로 벼멸구 저항성 유전자와 내염성과의 관련성을 조사하기 위해,두 품종에서 염처리에 의한 Os-Bil 발현량의 변화를 분석하고 인디카 품종인 Pokkali와 IR29의 결과와 비교하였다. 일품벼는 50, \\( 200 \\mathrm { mM } \\mathrm { NaCl } \\) 처리에서 Os-Bi1 유전자의 발현량이 농도 의존적으로 감소하였으며, 상해향혈나는 50 \\( \\mathrm { mM } \\) 에서만 약간 증가하고 \\( 200 \\mathrm { mM } \\) 에서는 크게 감소하였으며, 내염성인 Pokkali는 Os-Bi1의 발현량이 \\( 100 \\mathrm { mM } \\) 의 \\( \\mathrm { NaCl } \\) 처리에 의해 약 2배 증가하였으나 감수성인 IR29는 같은 농도에서 발현량이 감소하였고, 이러한 결과들은 벼멸구 저항성 유전자(Os-Bi1)가 적어도 인디카 품종들의 내염성 차이에 관여함을 의미하는 것으로 보인다.",
                "clue": [
                    {
                        "clue_text": "벼멸구(Nilaparvata lugens Stal.)에 대한 저항성 마커(R208)에서 확실한 차이를 보인 두 자포니카 품종(일품벼과 상해향 혈나)을 대상으로 벼멸구 저항성 유전자(Os-Bi1)와 내염성과의 관련성을 조사하였다.",
                        "clue_start": "2385",
                        "clue_end": "2512"
                    },
                    {
                        "clue_text": "이를 위해 두 품종에서 염처리에 의한 Os-Bil 발현량의 변화를 real-time PCR을 이용해 정량화하였으며, 인디카 두 품종(Pokkali와 IR29)의 결과와 비교하였다.",
                        "clue_start": "2513",
                        "clue_end": "2613"
                    },
                    {
                        "clue_text": "일품벼는 50, \\( 200 \\mathrm { mM } \\mathrm { NaCl } \\) 처리에서 Os-Bi1 유전자의 발현량이 농도 의존적으로 감소하였으며, 상해향혈나는 50 \\( \\mathrm { mM } \\) 에서만 약간 증가하고 \\( 200 \\mathrm { mM } \\) 에서는 크게 감소하였다.",
                        "clue_start": "2614",
                        "clue_end": "2785"
                    },
                    {
                        "clue_text": "비교해서, 내염성인 Pokkali는 Os-Bi1의 발현량이 \\( 100 \\mathrm { mM } \\) 의 \\( \\mathrm { NaCl } \\) 처리에 의해 약 2 배 증가하였으나 감수성인 IR29는 같은 농도에서 발현량이 감소하였다.",
                        "clue_start": "2786",
                        "clue_end": "2919"
                    },
                    {
                        "clue_text": "이러한 결과들은 벼멸구 저항성 유전자(Os-Bi1)가 적어도 인디카 품종들의 내염성 차이에 관여함을 의미하는 것으로 보인다.",
                        "clue_start": "2920",
                        "clue_end": "2989"
                    }
                ],
                "terminology": [
                    {
                        "word": "Fragment"
                    },
                    {
                        "word": "PCR 산물"
                    },
                    {
                        "word": "Pokkali"
                    },
                    {
                        "word": "Polymorphism"
                    },
                    {
                        "word": "RAPD"
                    },
                    {
                        "word": "RFLP"
                    },
                    {
                        "word": "SSR 마커"
                    },
                    {
                        "word": "cosegregation"
                    },
                    {
                        "word": "real-time PCR"
                    },
                    {
                        "word": "가야벼"
                    },
                    {
                        "word": "검량선"
                    },
                    {
                        "word": "내염성"
                    },
                    {
                        "word": "대조구"
                    },
                    {
                        "word": "도복"
                    },
                    {
                        "word": "벼 게놈 염기서열"
                    },
                    {
                        "word": "벼멸구 저항성 SSR 마커"
                    },
                    {
                        "word": "벼멸구 저항성 유전자"
                    },
                    {
                        "word": "상해향혈나"
                    },
                    {
                        "word": "시료"
                    },
                    {
                        "word": "양적 유전자"
                    },
                    {
                        "word": "여교배동"
                    },
                    {
                        "word": "염처리"
                    },
                    {
                        "word": "유전적 다양성"
                    },
                    {
                        "word": "인디카"
                    },
                    {
                        "word": "일품벼"
                    },
                    {
                        "word": "자포니카 품종"
                    },
                    {
                        "word": "중도저항성"
                    }
                ]
            },
            {
                "context_id": "55e-0c9-merge_la_8a2ae4d1-14a0eea5-be22-481d-a280-78580ce6167b_02",
                "context_K-NSCC": {
                    "field": "생명",
                    "large_category": "LA",
                    "medium_category": "08"
                },
                "context": "<h2>Real-time PCR을 이용한 염처리시 벼멸구 저항성 유전자의 발현량 측정</h2> <p>본 실험은 자포니카와 인디카 품종간에 비교실험으로 수행하였다. 자포니카 품종으로는 일품벼와 상해향혈나를 사용하였고, 인디카 품종으로는 국제미작연구소(IRRI)에서 내염성 품종으로 선발한 Pokkali와 감수성 품종인 IR29를 사용하였다. 염처리를 위해 벼 식물체를 유리온실에서 4 주간 생육 하였으며, 수경액은 기본 영양 기준을 충족하는 \\( 1 / 2 \\mathrm { MS } \\) 배지를 사용하였고 일주일에 2회씩 교환하였다. 염처리는 자 포니카와 인디카 품종간에 조성을 달리하여, 자포니카 품종은 \\( 0,50,200 \\mathrm { mM } \\) 으로 인디카 품종은 \\( 0,100 \\mathrm { mM } \\)로 24시간 처리하였다. 인디카 품종과 달리 자포니카 품종인 일품벼와 상해향혈나는 염 저항성 정도와 관련하여 농도기준에 대해 보고된 바가 없기에 기존에 보고를 참고하여 50과 200 \\( \\mathrm { mM } \\)의 농도로 처리하였다. RNA는 염처리 된 일품벼, 상해향혈나, Pokkali와 IR29의 잎에서 Trizol (Invitrogen사, Carlsbad, CA, USA)을 사용해 추출하였다. 이렇게 얻어진 각 \\( 5 \\mu \\mathrm { g } \\) 의 RNA가 RevertAidTM H Minus Fist Strand cDNA Synthesis Kit (MBI Fermentas 사 Amherst, NY, USA)를 이용한 cDNA 합성에 사용되었다. 유전자 발현량은 수치화하여 확인하기 위해서 real-time PCR (Takara사 SC101, Shiga, Japan)을 사용하였다. Real-time PCR 반응은 \\( 25 \\mu \\mathrm { L } \\) 의 부피에 cDNA \\( 1 \\mu \\mathrm { L } , 1 \\mathrm { X } \\) 의 Premix Taq, 3000배 희석된 SYBR Green I을 \\( 2.5 \\mu \\mathrm { L } , 0.3 \\mu \\mathrm { M } \\)의 Os-Bil forward primer(5'CTGCATCAACACATTCCAGAG 3')와 reverse primer (5' ACTGTTTTGTCAGATGGTAGAGTGA 3') 또는 Os-Act1의 forward primer(5'TCCATCTTGGCATC-TCTCAG 3')와 reverse primer (5' GTACCCTCATCAGG-CATCTG 3')을 넣어 \\( 94 ^ {\\circ } \\mathrm { C } \\) 에서 5 분간 predenaturation을 하고, denaturation은 \\( 94 ^ {\\circ } \\mathrm { C } \\) 에서 20초, annealing은 \\( 48 ^ {\\circ } \\mathrm { C } \\) 에서 20초, extension은 \\( 72 ^ {\\circ } \\mathrm { C } \\) 에서 30 초 과정을 반복하여 수행되었다. Os-Act1은 벼의 actin 유전자이며 내부 표준으로 사용되었다.</p>",
                "context_length": 1540,
                "summary": "벼 식물체는 염처리를 위해 유리온실에서 4주 동안 생육하였으며, 수경액은 1/2 MS 배지를 사용하였다. 그리고 Trizol을 이용하여 염처리 된 벼와 여러 다른 벼 품종의 잎에서 RNA를 추출하였다. 또한, 유전자 발현량을 확인하기 위해 real-time PCR을 사용하였다.",
                "clue": [
                    {
                        "clue_text": "염처리를 위해 벼 식물체를 유리온실에서 4 주간 생육 하였으며, 수경액은 기본 영양 기준을 충족하는 \\( 1 / 2 \\mathrm { MS } \\) 배지를 사용하였고 일주일에 2회씩 교환하였다.",
                        "clue_start": "190",
                        "clue_end": "298"
                    },
                    {
                        "clue_text": "RNA는 염처리 된 일품벼, 상해향혈나, Pokkali와 IR29의 잎에서 Trizol (Invitrogen사, Carlsbad, CA, USA)을 사용해 추출하였다.",
                        "clue_start": "541",
                        "clue_end": "634"
                    },
                    {
                        "clue_text": "유전자 발현량은 수치화하여 확인하기 위해서 real-time PCR (Takara사 SC101, Shiga, Japan)을 사용하였다.",
                        "clue_start": "785",
                        "clue_end": "860"
                    }
                ],
                "terminology": [
                    {
                        "word": "Fermentas"
                    },
                    {
                        "word": "PCR"
                    },
                    {
                        "word": "Premix"
                    },
                    {
                        "word": "RNA"
                    },
                    {
                        "word": "SYBR Green I"
                    },
                    {
                        "word": "Strand cDNA"
                    },
                    {
                        "word": "Trizol"
                    },
                    {
                        "word": "actin 유전자"
                    },
                    {
                        "word": "annealing"
                    },
                    {
                        "word": "cDNA 합성"
                    },
                    {
                        "word": "denaturation"
                    },
                    {
                        "word": "extension"
                    },
                    {
                        "word": "forward primer"
                    },
                    {
                        "word": "predenaturation"
                    },
                    {
                        "word": "real-time PCR"
                    },
                    {
                        "word": "reverse primer"
                    },
                    {
                        "word": "감수성"
                    },
                    {
                        "word": "내염성"
                    },
                    {
                        "word": "배지"
                    },
                    {
                        "word": "벼멸구 저항성 유전자"
                    },
                    {
                        "word": "상해향혈나"
                    },
                    {
                        "word": "수경액"
                    },
                    {
                        "word": "염처리"
                    },
                    {
                        "word": "인디카"
                    },
                    {
                        "word": "자포니카 품종"
                    }
                ]
            },
            {
                "context_id": "55e-0c9-merge_la_8a2ae4d1-14a0eea5-be22-481d-a280-78580ce6167b_00",
                "context_K-NSCC": {
                    "field": "생명",
                    "large_category": "LA",
                    "medium_category": "08"
                },
                "context": "<p>벼멸구(Nilaparvata lugens Stal.)는 중국 남부 지역에서 6 ~ 7월 남서풍을 타고 옮겨오는 비래해충으로서 막대한 경제적 손실을 유발하는데 피해시기에 따라 수량 감소와 쌀의 품질 저하를 가져온다. 현재 벼멸구 방제는 주로 약제에 의해 이루어지고 있는데, 짧은 생활환을 가진 벼멸구의 생태적 특성상 약제 살포에 의해서는 완전방제가 불가능하다. 이러한 이유로 벼멸구에 저항성인 품종을 육성, 보급하는 것은 지속적인 방제나 경제적인 효과를 기대할 수 있으며, 더불어 이 방법은 환경오염을 가장 최소화 할 수 있는 방안이 될 수 있다.</p> <p>우리나라 벼 육종에 있어 인디카에 비해 자포니카 품종의 벼멸구 저항성 육종은 매우 저조한데, 그 주된 이유의 하나로 벼멸구의 저항성원이 자포니카에는 없으며 원연교잡을 통하여 육종하는 과정에서 벼멸구 저항성 인자가 농업적으로 열악한 형질과 연관되어 있다는 점이 지적되고 있다. 또한 인디카로 부터 여표배 등의 방법을 통해 오랜 기간 동안 육성된 자포니카 저항성 계통은 인디카의 저항성에 비해 저항성의 정도가 불안정한 중도저항성을 보이는 경우가 많아 집단 유교 검정조건 하에서 감수성 품종과의 판별이 쉽지 않다는 점 등도 자포니카 저항성 품종육성을 어렵게 하는 요인으로 알려져 있다.</p> <p>최근 병 해충 저항성을 포함한 여러 가지 농업형질 개량에 DNA 마커를 이용하는 분자 육종 기술의 발전은 이러한 문제를 해결할 수 있는 새로운 방안으로 제시되고 있다. 그 중에서 SSR (Simple Sequence Repeat) 마커는 벼 게놈 상에서 발현되는 유전자의 빈도가 높은 부분에서 발견되며, 다른 마커들에 비해 높은 재현성과 품종간 다형화 현상이 보고되어 있다.<p>또한, 벼의 품종간 유전적 배경과 유전적 다양성 연구 및 저항성 유전자 탐색 등에 이러한 SSR 마커가 상용화되어 사용되고 있다.</p> <p>이미 벼멸구는 분자 기술을 통해 12개의 저항성 유전자를 mapping함으로써 염색체 상의 위치가 구명되었으며, 이로 인해 벼멸구 저항성과 밀접하게 연관된 마커를 이용한저항성 개체의 선발 가능성이 한층 증가하고 있다.</p> <p>한편 벼멸구에 대한 양적형질 유전자좌(QTL, quantitative trait loci)분석 연구도 수행되어 QTL과 연관된 마커를 이용한 저항성 품종 육성방법도 제안되었다. 이러한 양적 형질은 길이, 넓이, 무게 등의 수량으로 나타낼 수 있는 유전적 형질을 말하며 수량형질이라고도 한다. 양적인 유전형질은 그것을 지배하는 주요 유전자 외에 다수의 폴리진(polygene)이 관여하는 경우가 많고, 폴리진은 개개의 유전자 작용이 매우 약하며, 다수가 집합하여 비로소 양적 형질로서 발현하기 때문에 이것을 해석하는 데는 통계학적 방법, 즉 QTL 분석이 필요하다.</p>",
                "context_length": 1388,
                "summary": "벼멸구에 저항성인 품종 육성 및 보급은 지속적인 방제와 경제적 효과를 기대할 수 있으며, 환경 오염 최소화에 도움이 된다. 또한, 벼멸구에 대한 양적형질 유전자좌(QTL) 분석 연구를 통해 저항성 품종 육성 방법이 제안되었다. 특히, SSR 마커는 벼 게놈에서 빈도가 높은 부분에서 발견되며, 재현성과 품종 간 다형화 현상이 뛰어나다.",
                "clue": [
                    {
                        "clue_text": "이러한 이유로 벼멸구에 저항성인 품종을 육성, 보급하는 것은 지속적인 방제나 경제적인 효과를 기대할 수 있으며, 더불어 이 방법은 환경오염을 가장 최소화 할 수 있는 방안이 될 수 있다.",
                        "clue_start": "204",
                        "clue_end": "308"
                    },
                    {
                        "clue_text": "한편 벼멸구에 대한 양적형질 유전자좌(QTL, quantitative trait loci)분석 연구도 수행되어 QTL과 연관된 마커를 이용한 저항성 품종 육성방법도 제안되었다.",
                        "clue_start": "1069",
                        "clue_end": "1167"
                    },
                    {
                        "clue_text": "그 중에서 SSR (Simple Sequence Repeat) 마커는 벼 게놈 상에서 발현되는 유전자의 빈도가 높은 부분에서 발견되며, 다른 마커들에 비해 높은 재현성과 품종간 다형화 현상이 보고되어 있다.",
                        "clue_start": "742",
                        "clue_end": "857"
                    },
                    {
                        "clue_text": "우리나라 벼 육종에 있어 인디카에 비해 자포니카 품종의 벼멸구 저항성 육종은 매우 저조한데, 그 주된 이유의 하나로 벼멸구의 저항성원이 자포니카에는 없으며 원연교잡을 통하여 육종하는 과정에서 벼멸구 저항성 인자가 농업적으로 열악한 형질과 연관되어 있다는 점이 지적되고 있다.",
                        "clue_start": "316",
                        "clue_end": "469"
                    }
                ],
                "terminology": [
                    {
                        "word": "DNA 마커"
                    },
                    {
                        "word": "QTL"
                    },
                    {
                        "word": "SSR 마커"
                    },
                    {
                        "word": "Sequence"
                    },
                    {
                        "word": "Simple Sequence Repeat"
                    },
                    {
                        "word": "loci"
                    },
                    {
                        "word": "polygene"
                    },
                    {
                        "word": "게놈"
                    },
                    {
                        "word": "경제적인 효과"
                    },
                    {
                        "word": "구명"
                    },
                    {
                        "word": "농업형질"
                    },
                    {
                        "word": "발현"
                    },
                    {
                        "word": "벼멸구 저항성"
                    },
                    {
                        "word": "병 해충"
                    },
                    {
                        "word": "비래해충"
                    },
                    {
                        "word": "생활환"
                    },
                    {
                        "word": "수량형질"
                    },
                    {
                        "word": "약제 살포"
                    },
                    {
                        "word": "양적형질"
                    },
                    {
                        "word": "염색체"
                    },
                    {
                        "word": "완전방제"
                    },
                    {
                        "word": "유전자좌"
                    },
                    {
                        "word": "유전적 다양성"
                    },
                    {
                        "word": "유전적 형질"
                    },
                    {
                        "word": "유전형질"
                    },
                    {
                        "word": "육종"
                    },
                    {
                        "word": "인디카"
                    },
                    {
                        "word": "자포니카"
                    },
                    {
                        "word": "자포니카 품종"
                    },
                    {
                        "word": "저항성"
                    },
                    {
                        "word": "저항성 유전자"
                    },
                    {
                        "word": "저항성 품종"
                    },
                    {
                        "word": "중도저항성"
                    },
                    {
                        "word": "통계학적"
                    },
                    {
                        "word": "폴리진"
                    },
                    {
                        "word": "품종육성"
                    },
                    {
                        "word": "해충 저항성"
                    }
                ]
            },
            {
                "context_id": "55e-0c9-merge_la_8a2ae4d1-14a0eea5-be22-481d-a280-78580ce6167b_01",
                "context_K-NSCC": {
                    "field": "생명",
                    "large_category": "LA",
                    "medium_category": "08"
                },
                "context": "<p>벼멸구 저항성과 다른 작물학적 형질과의 연관에 대해서 'Mudgo'의 벼멸구 저항성 유전자는 도복과 관련된 유전자와<밀접한 연관을 가지고 있으며, 도복은 유전적으로 환경의 영향을 많이 받는 양적 유전자(polygene)가 관여한다는 보고가 있었다. 이러한 양적 유전자는 유전적 및 환경적 요인이 결부되어 나타나는 내염성과도 관련 있는 것으로 보고 되어있다.</p> <p>따라서 양적 형질과 높은 상관관계가 있는 질적 형질이 있으면 이러한 질적 형질을 마커로 하여 조기에 양적 형질을 육종하는데 유용하게 이용 할 수 있으므로 본 연구에서는 벼멸구 저항성 SSR 마커인 R208을 이용하여 일품벼와 상해향혈나 두 품종의 유전적 다양성을 조사하였다. 또한, 이 SSR 마커와 높은 연관이 있는 질적 형질인 벼멸구 저항성 유전자 (Os-Bi1)와 양적 형질인 내염성과의 관련성을 조사하였다.</p> <h1>재료 및 방법</h1> <h2>SSR marker 분석</h2> <p>식물재료로는 유묘기의 일품벼와 상해향혈나의 잎을 사용하였다. DNA는 약 \\( 0.1 \\mathrm { ~g } \\) 의 건전한 잎에서 DNeasy Plant Mini kit (Qiagen사, Chatsworth, CA, USA)를 이용해 추출한 후 Tris-EDTA 완충용액에 녹여 \\( -20 ^ {\\circ } \\mathrm { C } \\) 에 저장하였다. SSR 마커 분석을 위한 primer pair는 벼 게놈 프로젝트 연구 website (http://www.gramene.org/)에서 보고된 벼멸구 저항성 SSR 마커인 R208로부터 디자인되었다. SSR 분석은 PCR 증폭액 \\( 25 \\mu \\mathrm { L } \\) 에 \\( 20 \\mathrm { ng } \\) 의 DNA, \\( 5 \\mu \\mathrm { M } \\mathrm { R } 208 \\) primer, 1 \\( X \\) Reaction Buffer, dNTP \\( 0.25 \\mathrm { mM } \\), Taq DNA Polymerase (Bioneer사, Daejeon, Korea) \\( 0.5 \\) U을 넣어 \\( 94 ^ {\\circ } \\mathrm { C } \\) 에서 5 분간 predenaturation을 하였고, denaturation은 \\( 94 ^ {\\circ } \\mathrm { C } \\) 에서 1분, annealing은 \\( 48 ^ {\\circ } \\mathrm { C } \\) 에서 1 분, polymerization은 \\( 72 ^ {\\circ } \\mathrm { C } \\) 에서 2 분 과정을 35 회 반복한 후 extention은 \\( 72 ^ {\\circ } \\mathrm { C } \\) 에서 5 분간 합성 과 정을 거혔다. 반응 후 PCR 증폭산물은 \\( 2 \\% \\) ethidium bromide 염색된 겔 상에서 전기영동 하였다.</p>",
                "context_length": 1429,
                "summary": "Mudgo의 벼멸구 저항성 유전자는 도복과 관련된 유전자와 밀접한 연관이 있으며, 내염성과도 관련 있다. 따라서 SSR 마커 R208을 이용하여 일품벼와 상해향혈나 두 품종의 유전적 다양성과 벼멸구 저항성 유전자(Os-Bi1)와 양적 형질인 내염성과의 관련성을 조사하였다. 식물재료로는 유묘기의 일품벼와 상해향혈나의 잎을 사용하였고 건전한 잎에서 DNeasy Plant Mini kit로 추출 후 저장한 뒤 SSR 분석 및 PCR 증폭액을 통해 합성과정을 거쳐, 반응 후 PCR 증폭산물은 ethidium bromide 염색된 겔 상에서 전기영동 하였다.",
                "clue": [
                    {
                        "clue_text": "벼멸구 저항성과 다른 작물학적 형질과의 연관에 대해서 'Mudgo'의 벼멸구 저항성 유전자는 도복과 관련된 유전자와<밀접한 연관을 가지고 있으며, 도복은 유전적으로 환경의 영향을 많이 받는 양적 유전자(polygene)가 관여한다는 보고가 있었다.",
                        "clue_start": "3",
                        "clue_end": "141"
                    },
                    {
                        "clue_text": "따라서 양적 형질과 높은 상관관계가 있는 질적 형질이 있으면 이러한 질적 형질을 마커로 하여 조기에 양적 형질을 육종하는데 유용하게 이용 할 수 있으므로 본 연구에서는 벼멸구 저항성 SSR 마커인 R208을 이용하여 일품벼와 상해향혈나 두 품종의 유전적 다양성을 조사하였다.",
                        "clue_start": "210",
                        "clue_end": "363"
                    },
                    {
                        "clue_text": "또한, 이 SSR 마커와 높은 연관이 있는 질적 형질인 벼멸구 저항성 유전자 (Os-Bi1)와 양적 형질인 내염성과의 관련성을 조사하였다.",
                        "clue_start": "364",
                        "clue_end": "441"
                    },
                    {
                        "clue_text": "식물재료로는 유묘기의 일품벼와 상해향혈나의 잎을 사용하였다.",
                        "clue_start": "489",
                        "clue_end": "522"
                    },
                    {
                        "clue_text": "반응 후 PCR 증폭산물은 \\( 2 \\% \\) ethidium bromide 염색된 겔 상에서 전기영동 하였다.",
                        "clue_start": "1363",
                        "clue_end": "1425"
                    }
                ],
                "terminology": [
                    {
                        "word": "CA"
                    },
                    {
                        "word": "DNeasy Plant Mini kit"
                    },
                    {
                        "word": "PCR 증폭산물"
                    },
                    {
                        "word": "PCR 증폭액"
                    },
                    {
                        "word": "Reaction Buffer"
                    },
                    {
                        "word": "SSR marker 분석"
                    },
                    {
                        "word": "SSR 마커"
                    },
                    {
                        "word": "SSR 분석"
                    },
                    {
                        "word": "Taq DNA Polymerase"
                    },
                    {
                        "word": "Tris-EDTA 완충용액"
                    },
                    {
                        "word": "annealing"
                    },
                    {
                        "word": "dNTP"
                    },
                    {
                        "word": "denaturation"
                    },
                    {
                        "word": "ethidium bromide"
                    },
                    {
                        "word": "extention"
                    },
                    {
                        "word": "polymerization"
                    },
                    {
                        "word": "predenaturation"
                    },
                    {
                        "word": "primer pair"
                    },
                    {
                        "word": "내염성"
                    },
                    {
                        "word": "도복"
                    },
                    {
                        "word": "벼 게놈 프로젝트 연구"
                    },
                    {
                        "word": "벼멸구 저항성 유전자"
                    },
                    {
                        "word": "상관관계"
                    },
                    {
                        "word": "상해향혈나"
                    },
                    {
                        "word": "양적 유전자"
                    },
                    {
                        "word": "양적 형질"
                    },
                    {
                        "word": "완충용액"
                    },
                    {
                        "word": "유묘기"
                    },
                    {
                        "word": "유전적 다양성"
                    },
                    {
                        "word": "전기영동"
                    },
                    {
                        "word": "질적 형질"
                    },
                    {
                        "word": "합성"
                    }
                ]
            }
        ]
    }
}