{
    "dataset_info": {
        "identifier": "02-031-002-NL",
        "name": "기술과학 문서 요약 데이터",
        "category": "자연어",
        "last_updated": "2023-08-30"
    },
    "dataset": {
        "doc_id": "62374a30-3e3c8f17-967d-42a3-86a3-3b176ea122f5",
        "doc_type": "논문",
        "doc_title": {
            "kor": "기외 열처리와 경정접목을 이용한 사과 폿트묘에서의 바이러스 제거",
            "eng": ""
        },
        "doc_category": {
            "KDC": "481.1705",
            "DDC": ""
        },
        "doc_number": {
            "ISSN": "1229-2818",
            "ISBN": "",
            "DOI": "",
            "UCI": ""
        },
        "doc_year": "2022",
        "doc_author": [
            "천재안",
            "권지영",
            "이선기"
        ],
        "doc_publisher": "한국식물생명공학회",
        "doc_license": "CC BY-NC",
        "context_info": [
            {
                "context_id": "55e-0c9-b120a65c-665c-41bb-b192-369a06977a6b",
                "context_K-NSCC": {
                    "field": "생명",
                    "large_category": "LA",
                    "medium_category": "05"
                },
                "context": "<h1>결과 및 고찰</h1> <h2>사과 폿트묘 ASGV 바이러스 진단</h2> <p>폿트묘 열처리를 통한 무병화 재료를 선발하기 위하여 중앙과수묘관리센터 포장에 재식되어있는 5년생 사과 '쓰가루'의 1 년생 가지로부터 접수를 채취하여 폿트에 재식되어 있는 MM111 대목에 가지접 하였으며, 비가림 육묘장에서 1 년간 육묘 후 바이러스를 검사하여 ASGV 에 감염된 것을 확인하였다.</p> <h2>열처리 온도에 대한 신초 생장률</h2> <p>열처리 온도에 따른 폿프묘의 신초 생장률을 조사하기 위하여 \\( 36^{\\circ} \\mathrm{C}, 38^{\\circ} \\mathrm{C}, 40^{\\circ} \\mathrm{C} \\) 처리 온도에서 4 주간 열처리를 수행하였다. 신초 생장률은 \\( 36^{\\circ} \\mathrm{C} \\) 처리구에서 가장 높았으며, 폿트묘 1 은 열처리 1 주부터 빠른 생장률과 4 주까지 가장 높은 신초 생장률을 보였다(Fig. 3A). 폿트묘 2,3은 열처리 2주부터 신초 생장이 활발하였으며 열처리 4주까지 지속적으로 생장하였다(Fig. \\( 3 \\mathrm{~A} \\) ). \\( 38^{\\circ} \\mathrm{C} \\) 처리구 폿트묘 4 , 폿트묘 6 는 열처리 1 주부터 신초의 생장이 시작되었으나 열처리 4 주까지 낮은 신초 생장률을 보였으며, 폿트묘 5 는 열처리 4주까지 신초가 생장하지 않았다(Fig. 2B, \\( 3 \\mathrm{~B} \\) ). \\( 40^{\\circ} \\mathrm{C} \\) 처리구에서는 모든 폿트묘에서 일부 신초만이 발생되고 열처리 기간동안 생장은 정지하였으며, 열처리 3주부터 모든 폿트묘의 고사 증 상이 나타나기 시작하여 4주 후에 괴사하였다. 식물은 지속적으로 고온에 노출되면 단백질 변성을 야기시켜며, 이로 인해 효소 및 세포막이 손상되어 뿌리를 통한 수분공급이 원활하게 이루어지지 않는다(Howarth 2005). 따라서 \\( 40^{\\circ} \\mathrm{C} \\) 처리구는 고온 스트레스로 인한 수분 부족에 의해 고사한 것으로 보인다.</p> <p>바이러스는 열처리에 의헤 복제와 이동이 제한된다(Cooper and Walkey 1978; Zhao et al. 2018). 따라서 바이러스의 복제와 이동을 억제하는 열처리 온도에서 생성된 신초 신장 부위는 바이러스에 감염되지 않으며, 열처리 과정에서 신초의 생장률이 높을수록 바이러스에 감염되지 않은 경정부위를 획득 할 가능성이 높아진다. 하지만 식물은 고온에서는 신초의 생육이 저하되고 열처리 온도가 낮아지면 바이러스의 복제 와 이동이 가능해져 적합한 열처리 온도와 기간이 요구된다 (Panattoni et al. 2013). 따라서 \\( 36^{\\circ} \\mathrm{C} \\) 처리구는 열처리에 의한 스트레스를 최소화하여 신초의 생장을 유지하며, 바이러스의 복제와 이동을 제한하여 바이러스에 감염되지 않는 경정 조직을 생성할 가능성이 높을 것으로 판단된다.</p>",
                "context_length": 1473,
                "summary": "열처리 온도 \\( 36^{\\circ} \\mathrm{C}, 38^{\\circ} \\mathrm{C}, 40^{\\circ} \\mathrm{C} \\)가 폿프묘의 신초 생장률에 미치는 영향을 조사하였다. 바이러스 복제와 이동을 제한하는 열처리 과정은 신초 생장률에 따라 바이러스 감염을 방지하는 경정부위 획득 가능성을 높인다. 특히 \\( 36^{\\circ} \\mathrm{C} \\) 온도 처리는 열처리로 인한 스트레스를 감소시켜 신초 생장률을 유지하며, 바이러스 감염을 방지하는 경정 조직을 생성할 가능성이 높다는 결과를 도출하였다.",
                "clue": [
                    {
                        "clue_text": "열처리 온도에 따른 폿프묘의 신초 생장률을 조사하기 위하여 \\( 36^{\\circ} \\mathrm{C}, 38^{\\circ} \\mathrm{C}, 40^{\\circ} \\mathrm{C} \\) 처리 온도에서 4 주간 열처리를 수행하였다.",
                        "clue_start": "251",
                        "clue_end": "382"
                    },
                    {
                        "clue_text": "따라서 바이러스의 복제와 이동을 억제하는 열처리 온도에서 생성된 신초 신장 부위는 바이러스에 감염되지 않으며, 열처리 과정에서 신초의 생장률이 높을수록 바이러스에 감염되지 않은 경정부위를 획득 할 가능성이 높아진다.",
                        "clue_start": "1110",
                        "clue_end": "1230"
                    },
                    {
                        "clue_text": "따라서 \\( 36^{\\circ} \\mathrm{C} \\) 처리구는 열처리에 의한 스트레스를 최소화하여 신초의 생장을 유지하며, 바이러스의 복제와 이동을 제한하여 바이러스에 감염되지 않는 경정 조직을 생성할 가능성이 높을 것으로 판단된다.",
                        "clue_start": "1337",
                        "clue_end": "1469"
                    }
                ],
                "terminology": [
                    {
                        "word": "ASGV"
                    },
                    {
                        "word": "MM111 대목"
                    },
                    {
                        "word": "경정"
                    },
                    {
                        "word": "경정부위"
                    },
                    {
                        "word": "단백질 변성"
                    },
                    {
                        "word": "대목"
                    },
                    {
                        "word": "무병화"
                    },
                    {
                        "word": "생장률"
                    },
                    {
                        "word": "신초"
                    },
                    {
                        "word": "열처리"
                    },
                    {
                        "word": "육묘"
                    },
                    {
                        "word": "육묘장"
                    },
                    {
                        "word": "재식"
                    },
                    {
                        "word": "폿트"
                    },
                    {
                        "word": "폿트묘"
                    }
                ]
            },
            {
                "context_id": "55e-0c9-e52a3f02-096f-45b7-a2a8-29bdb96820ed",
                "context_K-NSCC": {
                    "field": "생명",
                    "large_category": "LA",
                    "medium_category": "05"
                },
                "context": "<h1>재료 및 방법</h1> <h2>식물 재료</h2> <p>열처리와 경정 접목을 이용한 무병묘를 생산하기 위해 중앙 과수묘목관리센터에 재식되어 있는 5년생 사과 쓰가루 품종의 1 년생 가지로부터 접수를 채취하였으며, 유기물 원료인 피트모스 및 코코피트와 무기물 원료인 제오라이트를 혼합한 상토(슈퍼두배나 상토 2호, 흥농씨앗, Korea)로 채워져 있는 사각심경포트(상부: \\( 140 \\times 140 \\mathrm{~mm} \\), 하부: \\( 100 \\times 100 \\mathrm{~mm} \\), 높이: \\( 400 \\mathrm{~mm} \\) )에 재식된 MM111 무병대목에 가지접 하였다. 접목 폿트묘는 비가림 육묘장에서 1년간 생육 후 RT-PCR을 이용하여 ASGV에 감염된 9개체가 선발되었으며, 열처리 온도에 따라 각각 3 개의 폿트묘가 시험 재료로 사용하였다.</p> <h2>열처리 및 경정 접목</h2> <p>육묘장 생육한 휴면기의 1년생 폿트묘를 이용하여 \\( 60 \\% \\) 습도와 \\( 36^{\\circ} \\mathrm{C}, 38^{\\circ} \\mathrm{C}, 40^{\\circ} \\mathrm{C} \\) 가 유지되는 항온·항습장치에서 16 시간 주간, 8 시간 야간 조건으로 4 주간 열처리 과정을 수행하였다. 각각의 온도에서 3 개의 폿트묘가 처리되었으며, 주지로부터 생성된 신초의 길이를 1 주 간격으로 4 주까지 측정하여 신초의 생육을 조사하였다. 무병묘 생산을 위해 열처리 4주 후 생성된 신초의 경정부위를 \\( 1 \\sim 2 \\mathrm{~cm} \\) 크기로 절취하였으며, 경정접목을 위한 대목으로 M9, M26 보다 세력이 강한 왜성무병대목 MM111에 접목하였다. 접목된 부위는 수분 손실에 의한 고사를 방지하기 위해 빛이 투과되는 플라스틱 캡을 씌워 밀봉하였으며, 항온·항습장치에서 \\( 26^{\\circ} \\mathrm{C}, 60 \\% \\) 습도를 유지하며 16 시간 주간, 8 시간 야간 조건으로 7일간 육묘하였다. 7 일 후 밀봉된 캡을 개방하고 \\( 26^{\\circ} \\mathrm{C}, 60 \\% \\) 습도를 유지하며 16 시간 주간, 8 시간 야간 조건에서 2 개월간 생육 후 생존율 및 바이러스 제거율을 조사하였다. 열처리 온도에 따른 신초생장률 성적은 GraphPad Prism (PRISM 5.0, GraphPAD Software Inc, San Diego, CA, USA) 프로그램을 이용하여 회귀 분석을 하였다.</p> <h2>바이러스 검정</h2> <p>열처리 온도와 기간에 따라 폿트묘에서 발생한 신초의 바이러스 제거율을 조사하기 위해 열처리 3,4 주 후 신초의 하단부와 중간부 및 상단부의 잎을 채취하여 바이러스 검정에 사용하였다. Total RNA를 추출하기 위해 조직파쇄기(TissueLyser II, Takara, Japan)를 이용해 샘플을 마쇄하였으며 \\( 6 \\mathrm{M} \\) Guanidine \\( \\mathrm{HCL} 1 \\mathrm{ml} \\) 첨가하였다. 실온에서 5 분간 반응 후 \\( 13,000 \\mathrm{rpm} \\), \\( 25^{\\circ} \\mathrm{C}, 10 \\mathrm{~min} \\) 간 원심분리하여 상등액을 취하였으며 자동핵산추출기(NucliENS EasyMAG, bioMérieux, Netherlands)를 사용하여 제조사의 추출 방법에 따라 수행하였다. 추출된 Total RNA 는 One-step \\( \\mathrm{P} \\cdot \\mathrm{CHECK}^{\\mathrm{TM}} \\) Virus/Viroid kit Detection kit (Nexbio, Korea)를 사용하여 cDNA합성 후 PCR을 수행하였다. RT-PCR 대조구로 Dehydrogenase subunit 5 (Nad5)유전자 증폭이 사용되었으며, PCR 증폭은 2X RT-PCR Mix \\( 15 \\mu \\), Oligo mix \\( 10 \\mu \\), Total RNA \\( 1 \\mu \\mathrm{g} \\) 를 혼합하였다. \\( \\mathrm{ASGV} \\) 를 검출하기 위한 primer 조합은 Table 1와 같다. 증폭반응은 cDNA 합성을 위해 \\( 50^{\\circ} \\mathrm{C} 30 \\) 분, \\( 95^{\\circ} \\mathrm{C} 1 \\) 분 과정을 1 회 반응시켰으며 \\( \\mathrm{PCR} \\) 반응을 위해 \\( 95^{\\circ} \\mathrm{C} 30 \\) 초, \\( 58^{\\circ} \\mathrm{C} 30 \\) 초, \\( 72^{\\circ} \\mathrm{C} 5 \\) 분을 35 회 반복하였다.</p>",
                "context_length": 2292,
                "summary": "사과 쓰가루 품종의 1년생 가지를 이용하여 무병묘를 생산하고자 열처리 및 접목을 이용하였다. 중앙 과수묘목관리센터에서 채취한 가지를 피트모스, 코코피트, 제오라이트를 혼합한 상토에 심고, MM111 무병대목에 접목하였다. ASGV 바이러스에 감염된 9개체를 선발하여 열처리 온도에 따라 3개체씩 사용하였다. 휴면기 동안 \\(60 \\%\\) 습도와 \\(36^{\\circ} \\mathrm{C}, 38^{\\circ} \\mathrm{C}, 40^{\\circ} \\mathrm{C}\\)의 온도 조건에서 4주간의 열처리를 수행하였다.",
                "clue": [
                    {
                        "clue_text": "열처리 온도와 기간에 따라 폿트묘에서 발생한 신초의 바이러스 제거율을 조사하기 위해 열처리 3,4 주 후 신초의 하단부와 중간부 및 상단부의 잎을 채취하여 바이러스 검정에 사용하였다.",
                        "clue_start": "1255",
                        "clue_end": "1357"
                    },
                    {
                        "clue_text": "열처리와 경정 접목을 이용한 무병묘를 생산하기 위해 중앙 과수묘목관리센터에 재식되어 있는 5년생 사과 쓰가루 품종의 1 년생 가지로부터 접수를 채취하였으며, 유기물 원료인 피트모스 및 코코피트와 무기물 원료인 제오라이트를 혼합한 상토(슈퍼두배나 상토 2호, 흥농씨앗, Korea)로 채워져 있는 사각심경포트(상부: \\( 140 \\times 140 \\mathrm{~mm} \\), 하부: \\( 100 \\times 100 \\mathrm{~mm} \\), 높이: \\( 400 \\mathrm{~mm} \\) )에 재식된 MM111 무병대목에 가지접 하였다.",
                        "clue_start": "35",
                        "clue_end": "339"
                    },
                    {
                        "clue_text": "접목 폿트묘는 비가림 육묘장에서 1년간 생육 후 RT-PCR을 이용하여 ASGV에 감염된 9개체가 선발되었으며, 열처리 온도에 따라 각각 3 개의 폿트묘가 시험 재료로 사용하였다.",
                        "clue_start": "340",
                        "clue_end": "440"
                    },
                    {
                        "clue_text": "육묘장 생육한 휴면기의 1년생 폿트묘를 이용하여 \\( 60 \\% \\) 습도와 \\( 36^{\\circ} \\mathrm{C}, 38^{\\circ} \\mathrm{C}, 40^{\\circ} \\mathrm{C} \\) 가 유지되는 항온·항습장치에서 16 시간 주간, 8 시간 야간 조건으로 4 주간 열처리 과정을 수행하였다.",
                        "clue_start": "469",
                        "clue_end": "645"
                    }
                ],
                "terminology": [
                    {
                        "word": "ASGV"
                    },
                    {
                        "word": "Dehydrogenase"
                    },
                    {
                        "word": "Detection"
                    },
                    {
                        "word": "GraphPad Prism"
                    },
                    {
                        "word": "Guanidine"
                    },
                    {
                        "word": "Oligo"
                    },
                    {
                        "word": "PCR 증폭"
                    },
                    {
                        "word": "RT-PCR"
                    },
                    {
                        "word": "Total RNA"
                    },
                    {
                        "word": "cDNA"
                    },
                    {
                        "word": "cDNA합성"
                    },
                    {
                        "word": "primer"
                    },
                    {
                        "word": "subunit"
                    },
                    {
                        "word": "경정 접목"
                    },
                    {
                        "word": "경정부위"
                    },
                    {
                        "word": "대조구"
                    },
                    {
                        "word": "마쇄"
                    },
                    {
                        "word": "무기물"
                    },
                    {
                        "word": "무병대목"
                    },
                    {
                        "word": "무병묘"
                    },
                    {
                        "word": "상등액"
                    },
                    {
                        "word": "상토"
                    },
                    {
                        "word": "신초"
                    },
                    {
                        "word": "열처리"
                    },
                    {
                        "word": "육묘"
                    },
                    {
                        "word": "육묘장"
                    },
                    {
                        "word": "재식"
                    },
                    {
                        "word": "제오라이트"
                    },
                    {
                        "word": "조직파쇄기"
                    },
                    {
                        "word": "증폭반응"
                    },
                    {
                        "word": "폿트묘"
                    },
                    {
                        "word": "피트모스"
                    },
                    {
                        "word": "합성"
                    },
                    {
                        "word": "회귀 분석"
                    }
                ]
            },
            {
                "context_id": "55e-0c9-8529741d-d6a0-47e8-bfb9-c071ba0eb248",
                "context_K-NSCC": {
                    "field": "생명",
                    "large_category": "LA",
                    "medium_category": "05"
                },
                "context": "<h1>서 론</h1> <p>사과는 세계 여러 지역에서 약 12 개의 바이러스에 자연적으로 감염되며, 과실 생산과 품질에 피해를 주는 주요 바이러스 및 바이로이드는 apple mosaic virus (ApMV), apple stem grooving capillovirus (ASGV), apple stem pitting virus (ASPV), apple chlorotic leaf spot virus (ACLSV), apple scar skin viroid (ASSVd)로 알려져 있다(Nisar 2013). ApMV는 잎에 밝은 크림색의 반점, 모자이크, 갈변을 발생시켜 생육을 저해하며 (Akbaş and Ilhan 2005), ASGV는 접목부위의 고접병에 의한 접목불친화성을 발생시킬 뿐만 아니라, 생육 저해와 수확량 감소를 유발하는 것으로 보고되어져 있다(Massart et al. 2011). ASPV와ACLSV는 잠복기를 가지며 단독 또는 복합감염으로 인한 상호작용으로 고접병과 생육저하를 유발하며 (Jelkmann and Paunovic 2011; Yanase 1974), ASSVd는 과피에 코르크 반점을 유발하여 착색 불량을 야기시키는 것으로 보고되어 있다(Kim et al. 2010). 주요 바이러스 4종과 바이로이드 1 종에 대한 정선, 단양, 예산, 장수, 무주 지역 사과 과수원의 감염률은 \\( 97.3 \\% \\) 의 높은 감염률을 보였으며, 각각의 감염률은 ASGV 93.4\\%,ASPV 85.7\\%, ACLSV 59.0\\%, ASSVd 6.7\\%, \\( \\mathrm{ApMV} 3.6 \\% \\) 로써 \\( \\mathrm{ASGV} \\) 의 감염이 가장 높은 것으로 보고하였다. 바이러스에 감염된 과수는 과실 수확량 감소와 품질 저하를 야기시키며, 접목과 같은 영양번식에 의해 감염이 된다. 따라서 이러한 피해를 감소시키기 위해서는 무병묘의 보급이 필요한 실정이다.</p> <p>일반적으로 감염묘로부터 바이러스를 제거하여 무병묘를 생산하는 방법은 바이러스에 감염된 식물체를 기내로 도입하여 기내에서 열처리 후 생장점 배양을 통한 무병묘 생산과 기외에서 식물체를 열처리 후 신초의 경정부위를 절취하여 기내에 도입 후 증식하여 무병묘를 생산하는 thermotherapy방법이 있다. 항바이러스제를 사용한 chemotherapy 방법은 조직배양체 증식배지에 항바이러스제인 ribavirin, 6-azauracil, 2-thiouracil 등을 처리하여 바이러스 제거 조직을 유도한 후 증식하여 무병묘를 생산한다. 일부 바이러스는 thermotherapy와 chemotherapy 단독 처리로 바이러스를 제거 하기 어려운 경우가 있다. 따라서 열처리와 항바이러스제 처리를 병행하는 방법과 열처리와 초저온 동결 처리를 병행하는 방법이 무병화 효율을 높이는 것으로 보고되었다.</p> <p>국내 사과 농가에 가장 많이 분포하고 있는 ASGV 는 굴곡 사상바이러스로 \\(600-700~nm\\) \\( \\times 12 \\mathrm{~nm} \\) 의 크기와 6,495-6497개의 염기를 가지며, \\( 241 \\mathrm{kDa} \\) 의 ORF1과 \\( 36 \\mathrm{kDa} \\) 의 ORF2를 가지고 있다. ASGV는 다른 바이러스와 다르게 생장점에도 감염 되어 열처리 후 생장점 배양을 통한 바이러스 제거 효율이 떨어진다.</p> <p>Zhao et al. (2018)은 immunolocalization을 통해 기내에서 배양중인 ASGV감염체의 바이러스 감염 분포를 관찰한 결과, 경정부분의 생장점과 엽원기에 ASGV가 감염되어 있으며, 열처리 후 생장점 상층부에서는 바이러스가 제거되었으나 생장점 상층부와 인접한 부위에서는 바이러스가 제거되지 않는 것을 확인하였다. 열처리 후 생장점을 배양하여 재분화 배양체의 바이러스 제거율을 조사한 결과 \\( 20-40 \\% \\) 의 낮은 제거율을 보였으며, 바이러스 제거 효율을 높이기 위헤 열처리 후 경정부위를 초저온동결하여 생장점 부위만을 생존시켜 배양한 결과 \\(93-100\\%\\)의 바이러스 제거율을 보여주었다. 또한 열처리와 항바이러스제를 병행한 무병화 처리는 ASGV바이러스를 효율적으로 제거하는 것으로 보고되었다. 하지만 조직배양과 항바이러스제를 이용한 무병묘 생산은 항바이러스제가 가지고 있는 독성과, 고농도의 식물 호르몬 사용 과 반복적인 증식 분화, 캘러스의 변이로 인해 유전형질이 변할 가능성이 있다. 따라서 본 연구에서는 이러한 문제점을 해결하기 위헤 폿트묘를 이용하여 바이러스가 제거된 경정부위를 생성하는 최적 열처리 온도를 분석하였으며, 기외에서 경정접목을 이용하여 효율적인 무병묘 생산 방법을 찾고자 하였다.</p>",
                "context_length": 2305,
                "summary": "사과는 전세계적으로 다양한 바이러스에 감염되어 큰 피해를 입고 있는데, 그 중 주요 바이러스 및 바이로이드는 apple mosaic virus (ApMV), apple stem grooving capillovirus (ASGV), apple stem pitting virus (ASPV), apple chlorotic leaf spot virus (ACLSV), apple scar skin viroid (ASSVd) 등이다. 주요 4종 바이러스와 1종 바이로이드의 감염률은 매우 높으며, 특히 ASGV의 감염률이 가장 높다. 이런 문제를 해결하기 위해 무병묘의 보급이 필요하며, 열처리와 항바이러스제 처리, 초저온 동결 처리를 병행하는 방법이 효과적이라고 보고되었다. 또한, 경정부위에서 바이러스를 제거하는 폿트묘의 최적 열처리 온도를 분석하고, 효율적인 무병묘 생산 방 법을 찾기 위해 경정접목을 사용하였다.",
                "clue": [
                    {
                        "clue_text": "사과는 세계 여러 지역에서 약 12 개의 바이러스에 자연적으로 감염되며, 과실 생산과 품질에 피해를 주는 주요 바이러스 및 바이로이드는 apple mosaic virus (ApMV), apple stem grooving capillovirus (ASGV), apple stem pitting virus (ASPV), apple chlorotic leaf spot virus (ACLSV), apple scar skin viroid (ASSVd)로 알려져 있다(Nisar 2013).",
                        "clue_start": "16",
                        "clue_end": "285"
                    },
                    {
                        "clue_text": "주요 바이러스 4종과 바이로이드 1 종에 대한 정선, 단양, 예산, 장수, 무주 지역 사과 과수원의 감염률은 \\( 97.3 \\% \\) 의 높은 감염률을 보였으며, 각각의 감염률은 ASGV 93.4\\%,ASPV 85.7\\%, ACLSV 59.0\\%, ASSVd 6.7\\%, \\( \\mathrm{ApMV} 3.6 \\% \\) 로써 \\( \\mathrm{ASGV} \\) 의 감염이 가장 높은 것으로 보고하였다.",
                        "clue_start": "621",
                        "clue_end": "845"
                    },
                    {
                        "clue_text": "따라서 이러한 피해를 감소시키기 위해서는 무병묘의 보급이 필요한 실정이다.",
                        "clue_start": "909",
                        "clue_end": "950"
                    },
                    {
                        "clue_text": "따라서 열처리와 항바이러스제 처리를 병행하는 방법과 열처리와 초저온 동결 처리를 병행하는 방법이 무병화 효율을 높이는 것으로 보고되었다.",
                        "clue_start": "1322",
                        "clue_end": "1398"
                    },
                    {
                        "clue_text": "폿트묘를 이용하여 바이러스가 제거된 경정부위를 생성하는 최적 열처리 온도를 분석하였으며, 기외에서 경정접목을 이용하여 효율적인 무병묘 생산 방법을 찾고자 하였다.",
                        "clue_start": "2211",
                        "clue_end": "2301"
                    }
                ],
                "terminology": [
                    {
                        "word": "ASGV"
                    },
                    {
                        "word": "Yanase"
                    },
                    {
                        "word": "apple mosaic virus"
                    },
                    {
                        "word": "chemotherapy"
                    },
                    {
                        "word": "immunolocalization"
                    },
                    {
                        "word": "leaf"
                    },
                    {
                        "word": "scar"
                    },
                    {
                        "word": "spot"
                    },
                    {
                        "word": "thermotherapy"
                    },
                    {
                        "word": "갈변"
                    },
                    {
                        "word": "경정부위"
                    },
                    {
                        "word": "과수"
                    },
                    {
                        "word": "굴곡 사상바이러스"
                    },
                    {
                        "word": "기외"
                    },
                    {
                        "word": "무병묘"
                    },
                    {
                        "word": "무병화"
                    },
                    {
                        "word": "바이로이드"
                    },
                    {
                        "word": "배양체"
                    },
                    {
                        "word": "복합감염"
                    },
                    {
                        "word": "생육"
                    },
                    {
                        "word": "생육저하"
                    },
                    {
                        "word": "생장점 배양"
                    },
                    {
                        "word": "식물체"
                    },
                    {
                        "word": "신초"
                    },
                    {
                        "word": "열처리"
                    },
                    {
                        "word": "염기"
                    },
                    {
                        "word": "엽원기"
                    },
                    {
                        "word": "영양번식"
                    },
                    {
                        "word": "유전형질"
                    },
                    {
                        "word": "재분화"
                    },
                    {
                        "word": "제거 효율"
                    },
                    {
                        "word": "증식"
                    },
                    {
                        "word": "초저온동결"
                    },
                    {
                        "word": "캘러스"
                    },
                    {
                        "word": "폿트묘"
                    },
                    {
                        "word": "항바이러스제"
                    },
                    {
                        "word": "호르몬"
                    }
                ]
            },
            {
                "context_id": "55e-0c9-2de8cfce-c13d-4012-af53-71c0ca1855fd",
                "context_K-NSCC": {
                    "field": "생명",
                    "large_category": "LA",
                    "medium_category": "05"
                },
                "context": "<h2>열처리를 통한 바이러스 제거 효율</h2> <p>열처리 온도에 따른 바이러스 제거율을 조사하였으며 열처리 과정에서 신장된 신초는 경정부분에 위치한T (상단부)와 신초의 가운데에 위치한 M (중간부), 그리고 주지와 근접한 B (하단부) 3구간으로 구분하여 바이러스 제거율을 조사하였다. \\( 36^{\\circ} \\mathrm{C} \\) 처리구는 열처리 3주 및 4 주 후의 모든 신초의 하단부에서 바이러스가 검출되었으나 중간부와 상단부에서는 바이러스가 제거되었다. 반면 \\( 38^{\\circ} \\mathrm{C} \\) 처리구에서는 모든 신초의 전 구간에서 바이러스가 검출되었다(Table 2).</p> <p>높은 열처리 온도는 바이러스의 이동과 복제를 억제하는 데 효율적이지만 식물 생장에도 영향을 미쳐 식물의 생존율과 신초의 분화 및 생장에 대한 저해 요인으로 작용한다(Hu et al. 2015b; Uchanski et al. 2004). 따라서 효율적으로 무병묘를 생산하기 위해서는 바이러스의 복제와 이동을 억제하며 동시에 식물 생장을 저해하지 않는 최적의 온도가 요.구된다. \\( 36^{\\circ} \\mathrm{C} \\) 처리는 열처리에 의해 바이러스의 복제와 이동 제한되어 신장된 신초의 중간부와 상단부는 바이러스에 감염되지 않았으며, 하단부는 신초 생장이 시작되기 전 또는 바이러스 감염 부위와 근접하여 바이러스 로 보인다. \\( 38^{\\circ} \\mathrm{C} \\) 처리는 열처리 스트레스로 인해 낮은 신초 생장률을 보였으며, 열처리 3주부터 4주까지 모든 신초의 전 구간에서 바이러스가 검출되었다. Hu 등(2015b)는 열처리 후 정단부 신초 보다 생장이 활발한 액아에서 발생한 신초의 정단부의 사용이 무병화 효율이 높아짐을 보고하였는데, \\( 38^{\\circ} \\mathrm{C} \\) 처리구에서 신장한 신초는 낮은 생장률에 의해 상단부와 하단부가 근접하여 바이러스가 제거되지 않은 것으로 보인다. \\( 40^{\\circ} \\mathrm{C} \\) 처리구는 일부 신초가 발생되었으나 생장이 정지되어 상단부, 중간부, 하단부가 구분되지 않았으며, 모든 폿트묘의 신초에서 바이러스가 검출되었다. 따라서 바이러스에 감염된 조직에 존재하는 바이러스는 열처리에 의해 제거되지 않았으며, 바이러스의 복제와 이동이 제한되며 신초의 생장이 활발한 \\( 36^{\\circ} \\mathrm{C} \\) 처리에서 3주 이상 열처리한 신초의 경정 부위는 바이러스가 \\( 100 \\% \\) 제거되었다.</p> <p>열처리에 의해 바이러스가 제거된 조직이 열처리를 제거하였을 경우 바이러스에 재감염 되는 시기를 조사하기 위해 \\( 36^{\\circ} \\mathrm{C} \\) 온도에서 4 주 열처리 후 \\( 26^{\\circ} \\mathrm{C} \\) 로 옮겨 생육한 결과, 2 주 후 신초의 경정부위에서 바이러스 재감염률은 \\( 75 \\% \\) 였으며, 3 주 후 바이러스 재감염률은 \\( 100 \\% \\) 였다.</p> <p>경정 접목에 의한 무병묘를 만들기 위해 \\( 36^{\\circ} \\mathrm{C} \\) 와 \\( 38^{\\circ} \\mathrm{C} \\) 에서 4 주간 처리된 경정부위를 \\( 1 \\sim 2 \\mathrm{~cm} \\) 절취하여 무병대목 MM111에 접목하였으며, 수분손실에 의한 고사를 방지하기 위하여 경정접목 부위를 플라스틱 캡 으로 밀봉한 후 7일 간 육묘하였다. 접목 7일 후 캡을 제거하고 \\( 26^{\\circ} \\mathrm{C} \\) 온도에서 2 개월 동안 육묘하여 접목묘의 생존율과 바이러스 제거율을 조사하였다. \\( 36^{\\circ} \\mathrm{C} \\) 처리구에서 평균 \\( 94.2 \\% \\) 생존율을 보였으며, \\( 38^{\\circ} \\mathrm{C} \\) 처리구에서는 열처리 스트레스에 의해 경정 부위의 갈변이 진행되었으며 \\( 50 \\% \\) 생존율을 보였다. Hu 등(2015a)는 열처리 후 신장된 신초의 경정 접목 생존율이 평균 \\( 41.2 \\% \\) 로 보고하였으며, \\( \\mathrm{Hu} \\) 등 (2019)는 경정 접목 생존율이 평균 \\( 66.7 \\% \\) 로 보고하였는데, 경정 접목 생존율의 차이는 경정 부위의 열처리에 의한 피해 정도와 접목 방법 및 접목 부위의 수분 손실에 따른 고사에 의한 차이로 보여진다.</p> <p>경정 접목 2 개월 후 접목묘의 바이러스 제거율을 조사한 결과, \\( 36^{\\circ} \\mathrm{C} \\) 처리구의 바이러스 제거율은 평균 \\( 19.7 \\% \\) 였다. 열처리 후 생장한 신초의 경정 부위의 바이러스 제거율은 \\( 100 \\% \\) 였는데, 경정 접목 후 폿트묘에서 바이러스가 검출된 것은 열처리 후 신초의 경정부위에 존재하는 바이러스 농도가 낮아 PCR에 검출되지 않았으며, 경정접목 후 육묘과정에서 바이러스가 증식하여 PCR에 검출된 것으로 보인다. \\( 38^{\\circ} \\mathrm{C} \\) 처리구에서는 바이러스가 제거되지 않았는데, 이러한 결과는 접목을 위헤 채취한 경정부위가 바이러스 감염 조직과 근접하여 나타난 결과로 생각된다. 따라서 무병화 효율을 높이기 위해 높이기 위해서는 \\( 36^{\\circ} \\mathrm{C} \\) 이상의 열처리 온도에서 신초가 생장하는 조건과 \\( 1 \\mathrm{~cm} \\) 보다 작은 크기의 경정을 접목할 수 있는 미세접목 기술이 확립되면 효율적인 무병묘 생산이 가능할 것으로 판단된다.</p> <p>본 연구에서는 ASGV에 감염된 폿트묘를 이용해 열처리 온도와 기간에 따른 바이러스 제거율에 대하여 조사하였으며, 열처리 후 신장된 신초의 경정을 이용한 경정접목을 통해 무병묘를 획득하였다. Lee et al. (2013)은 기외에서 폿트묘 열처리 후 기내에서 경정배양을 통해 무병묘를 생산하였는데, 본 연구의 경정접목을 이용한 무병묘 생산은 무병화 과정을 간략화 하여 무병묘 생산을 가능하게 한다. 하지만 열처리와 항바이러스제치리 또는 초저온동결처리 등과의 복합처리 보다 바이러스 제거율이 떨어진다(Hu et al. \\( 2015 \\mathrm{~b} \\); Zhao et al. 2018). 따라서 더욱 효율적인 무병화 시스템을 개발하기 위헤서는 높은 열처리 온도에서 신초 생장이 가능한 시스템 개발이 수행되어야 할 것이다.</p>",
                "context_length": 3106,
                "summary": "열처리 온도에 따라 바이러스 제거 효율을 조사한 결과, 36\\(^\\circ \\mathrm{C}\\) 처리구에서는 3~4주 후 모든 신초의 중간부와 상단부에서 바이러스가 제거되었고, 38\\(^\\circ \\mathrm{C}\\) 처리구에서는 모든 신초의 전 구간에서 바이러스가 검출되었다. 40\\(^\\circ \\mathrm{C}\\) 처리구에서는 모든 폿트묘의 신초에서 바이러스가 검출되었고, 36\\(^\\circ \\mathrm{C}\\) 처리 후 4주 후 26\\(^\\circ \\mathrm{C}\\)로 옮겨 생육한 결과 2주 후 75%, 3주 후 100%의 바이러스 재감염률이 나타났다. 열처리는 바이러스의 복제와 이동을 억제하기때문에 식물 생장을 저해하지 않는 최적의 온도가 필요하다. 경정 접목에 의한 무병묘를 만들기 위해 육묘한 결과 \\( 36^{\\circ} \\mathrm{C} \\) 처리구에서의 생존률은 \\( 94.2 \\% \\)이고 \\( 38^{\\circ} \\mathrm{C} \\) 처리구에서의 생존률은 \\( 50 \\% \\)이었는데 이는 갈변 진행때문에 낮게 나타났다.",
                "clue": [
                    {
                        "clue_text": "열처리 온도에 따른 바이러스 제거율을 조사하였으며 열처리 과정에서 신장된 신초는 경정부분에 위치한T (상단부)와 신초의 가운데에 위치한 M (중간부), 그리고 주지와 근접한 B (하단부) 3구간으로 구분하여 바이러스 제거율을 조사하였다.",
                        "clue_start": "31",
                        "clue_end": "163"
                    },
                    {
                        "clue_text": "\\( 36^{\\circ} \\mathrm{C} \\) 처리구는 열처리 3주 및 4 주 후의 모든 신초의 하단부에서 바이러스가 검출되었으나 중간부와 상단부에서는 바이러스가 제거되었다.",
                        "clue_start": "164",
                        "clue_end": "263"
                    },
                    {
                        "clue_text": "\\( 40^{\\circ} \\mathrm{C} \\) 처리구는 일부 신초가 발생되었으나 생장이 정지되어 상단부, 중간부, 하단부가 구분되지 않았으며, 모든 폿트묘의 신초에서 바이러스가 검출되었다.",
                        "clue_start": "973",
                        "clue_end": "1080"
                    },
                    {
                        "clue_text": "열처리에 의해 바이러스가 제거된 조직이 열처리를 제거하였을 경우 바이러스에 재감염 되는 시기를 조사하기 위해 \\( 36^{\\circ} \\mathrm{C} \\) 온도에서 4 주 열처리 후 \\( 26^{\\circ} \\mathrm{C} \\) 로 옮겨 생육한 결과, 2 주 후 신초의 경정부위에서 바이러스 재감염률은 \\( 75 \\% \\) 였으며, 3 주 후 바이러스 재감염률은 \\( 100 \\% \\) 였다.",
                        "clue_start": "1248",
                        "clue_end": "1471"
                    },
                    {
                        "clue_text": "\\( 36^{\\circ} \\mathrm{C} \\) 처리구에서 평균 \\( 94.2 \\% \\) 생존율을 보였으며, \\( 38^{\\circ} \\mathrm{C} \\) 처리구에서는 열처리 스트레스에 의해 경정 부위의 갈변이 진행되었으며 \\( 50 \\% \\) 생존율을 보였다.",
                        "clue_start": "1778",
                        "clue_end": "1927"
                    }
                ],
                "terminology": [
                    {
                        "word": "ASGV"
                    },
                    {
                        "word": "PCR"
                    },
                    {
                        "word": "갈변"
                    },
                    {
                        "word": "경정 접목"
                    },
                    {
                        "word": "경정배양"
                    },
                    {
                        "word": "경정부위"
                    },
                    {
                        "word": "기외"
                    },
                    {
                        "word": "무병대목"
                    },
                    {
                        "word": "무병묘"
                    },
                    {
                        "word": "무병화"
                    },
                    {
                        "word": "바이러스"
                    },
                    {
                        "word": "분화"
                    },
                    {
                        "word": "생육"
                    },
                    {
                        "word": "생장"
                    },
                    {
                        "word": "생장률"
                    },
                    {
                        "word": "신장"
                    },
                    {
                        "word": "신초"
                    },
                    {
                        "word": "액아"
                    },
                    {
                        "word": "열처리"
                    },
                    {
                        "word": "육묘"
                    },
                    {
                        "word": "저해"
                    },
                    {
                        "word": "접목묘"
                    },
                    {
                        "word": "정단부"
                    },
                    {
                        "word": "제거 효율"
                    },
                    {
                        "word": "증식"
                    },
                    {
                        "word": "처리구"
                    },
                    {
                        "word": "폿트묘"
                    }
                ]
            }
        ]
    }
}