{
    "dataset_info": {
        "identifier": "02-031-002-NL",
        "name": "기술과학 문서 요약 데이터",
        "category": "자연어",
        "last_updated": "2023-08-30"
    },
    "dataset": {
        "doc_id": "28a7cd33-be03-4db1-a066-47bbebece7e8",
        "doc_type": "논문",
        "doc_title": {
            "kor": "옥덩굴 에탄올 추출물의 당 대사 및 인슐린 민감성 개선효과",
            "eng": "aulerpa okamurae ethanol extract improves the glucose metabolism and insulin sensitivity in vitro and in vivo"
        },
        "doc_category": {
            "KDC": "521.305",
            "DDC": ""
        },
        "doc_number": {
            "ISSN": "1976-0442",
            "ISBN": "",
            "DOI": "",
            "UCI": ""
        },
        "doc_year": "2021",
        "doc_author": [
            "박철민",
            "타쿠리랙스미센",
            "류동영"
        ],
        "doc_publisher": "한국응용생명화학회",
        "doc_license": "CC BY",
        "context_info": [
            {
                "context_id": "55e-0c9-6c0b66dd-4705-41ff-93d6-7989c06f600b",
                "context_K-NSCC": {
                    "field": "생명",
                    "large_category": "LA",
                    "medium_category": "01"
                },
                "context": "<h2>Western blot</h2> <p>실험이 종료된 세포를 PBS 용액으로 2회 세척한 후 lysis buffer (PRO-PREP protein extraction solution, 인트론바이오테크놀로지, 서울, 한국)를 넣고 \\( 4^{\\circ} \\mathrm{C} \\)에서 10분간 용해시킨다. 세포를 수거하여 \\( 13,000 \\mathrm{rpm}, 4^{\\circ} \\mathrm{C} \\)에서 20분간 원심분리하여 상청액을 회수하여 단백질을 정량하였다. 각각의 상청액에서 단백질 \\( 30 \\mu \\mathrm{g} \\)를 취하여 SDS loading buffer ( \\( 60 \\mathrm{mM} \\) Tris, \\( 25\\% \\) glycerol, \\( 2\\% \\) SDS, \\( 0.5\\% \\) 2-mercaptoethanol, \\( 0.1\\% \\) bromophenol blue)와 혼합 후 \\( 10 \\% \\) SDS polyacrylamide gel에 loading하여 전기영동하고 nitrocellulose membrane에 전이시켰다. 이후에 membrane은 \\( 5 \\% \\) 무지분유가 첨가된 TTBS (\\( 10 \\mathrm{mM} \\) Tris, \\( 100 \\mathrm{mM}~NaCl, 0.1 \\% \\) tween 20) 용액에 넣고 상온에서 1시간 동안 blocking 시킨다. TTBS 용액으로 10분간 3회 세척한 후 일차 항체(p-IRS1, IRS1, p-AKT, AKT, GLUT4, p-AMPK, AMPK 1:1000)로 2시간 동안 반응시킨 다음에 다시 TTBS 용액으로 3회 세척하였다. 그 다음에 peroxidase가 포함된 2차항체(goat anti mouse 1:2000, goat anti rabbit 1:2000)로 1시간 동안 반응시켰고 항체의 검출은 chemiluminescent substrate 용액을 이용하여 가시화하고 UVP (Image acquisition and analysis software, Visionwork \\( { }^{TM} \\) LS)로 분석하였다. 단백 발현의 결과는 각각의 total 단백 및 \\( \\beta \\)-actin으로 비교 정랑화하였다.</p> <h2>제브라피쉬 사육 및 당 흡수능</h2> <p>서울과학기술대학교 환경독성보건연구실로부터 분양 받은 wild type의 성체 zebrafish는 \\( 14 \\mathrm{~h} \\mathrm{~light}/ 10 \\mathrm{h} \\) darkness의 cycle 주기, \\( 28^{\\circ} \\mathrm{C} \\) 수온과 \\( \\mathrm{pH~} 7.0 \\)을 유지하면서 순환하는 여과 시스템 (Zebtec Stand Alone, Italy)의 수조에 10-15마리 정도 넣은 후 제브라피쉬용 먹이 Gemma Micro ZF 300 (Skretting Zebrafish; Tooele, UT, USA)를 하루에 3번 주면서 사육하였다. Embryo 채취는 성체 zebrafish 암수를 실험 24시간 이전에 embryo 채취용 수조에 넣고 다음날 광주기 시작 2시간 이내에 embryo을 채취하였다. 채취된 embryo는 수정 후 약 6hpf (hours post-fertilization) 일 때 96-well plate 각각의 well에 \\( 200 \\mu \\mathrm{L} \\) 의 E2 배지(zebrafish embryo medium)를 넣은 후 well당 1마리의 embryo를 옮긴 후 7 dpf (day post-fertilization)까지 성장시켰다. Zebrafish larvae에 COE 추출물을 24시간 동안 노출시킨 후 생존율과 기형 정도를 관찰하였다. 당 섭취능도 동일한 조건에서 실험을 진행한 후, well당 \\( 600 \\mu \\mathrm{M} \\) 2-NBDG 용액을 3시간 동안 노출시킨 후 E2 배지를 이용하여 3번 정도 세척한 다음에 COE 추출물을 노출시킨 다음에 디지털 카메라가 장착된 형광현미경(Leica, Wetzlar, Germany)으로 관찰하고 촬영하였다. Zebrafish larvae의 형광 강도는 ImageJ program을 사용하여 정량화하였다.</p> <h2>통계 분석</h2> <p>모든 실험결과는 3회 이상 반복하였으며, 평균 \\( \\pm \\) 표준오차(standard error, SE)로 표현하였다. 각 군 간의 차이는 Graphpad Prism의 One way-ANOVA (analysis of variance) 처리 후 사후검정은 Dunnett's test를 이용하였으며, \\( p<0.05 \\) 수준에서 유의성 있는 것으로 판정하였다.</p>",
                "context_length": 2293,
                "summary": "본 논문은 chemiluminescent substrate 용액을 이용하여 항체를 검출 하고 UVP로 분석하였으며, 단백 발현의 결과는 각 total 단백 및 \\( \\beta \\)-actin으로 비교 정랑화하였다. 실험에 사용된 zebrafish 는 일정 환경 조건을 유지하면서 순환하는 여과 시스템의 수조에 10-15마리 정도 넣은 후 제브라피쉬용 먹이를 주면서 사육하였으며, 같은 조건에서 당섭취능 실험을 진행한 후, COE 추출물을 노출시켰고 그후 형광현미경으로 촬영하고 관찰 하였다. 사후검정은 Dunnett's test를 이용하여 각 군 간의 차이의 비교하였다.",
                "clue": [
                    {
                        "clue_text": "그 다음에 peroxidase가 포함된 2차항체(goat anti mouse 1:2000, goat anti rabbit 1:2000)로 1시간 동안 반응시켰고 항체의 검출은 chemiluminescent substrate 용액을 이용하여 가시화하고 UVP (Image acquisition and analysis software, Visionwork \\( { }^{TM} \\) LS)로 분석하였다.",
                        "clue_start": "815",
                        "clue_end": "1038"
                    },
                    {
                        "clue_text": "단백 발현의 결과는 각각의 total 단백 및 \\( \\beta \\)-actin으로 비교 정랑화하였다.",
                        "clue_start": "1039",
                        "clue_end": "1095"
                    },
                    {
                        "clue_text": "서울과학기술대학교 환경독성보건연구실로부터 분양 받은 wild type의 성체 zebrafish는 \\( 14 \\mathrm{~h} \\mathrm{~light}/ 10 \\mathrm{h} \\) darkness의 cycle 주기, \\( 28^{\\circ} \\mathrm{C} \\) 수온과 \\( \\mathrm{pH~} 7.0 \\)을 유지하면서 순환하는 여과 시스템 (Zebtec Stand Alone, Italy)의 수조에 10-15마리 정도 넣은 후 제브라피쉬용 먹이 Gemma Micro ZF 300 (Skretting Zebrafish; Tooele, UT, USA)를 하루에 3번 주면서 사육하였다.",
                        "clue_start": "1129",
                        "clue_end": "1464"
                    },
                    {
                        "clue_text": "당 섭취능도 동일한 조건에서 실험을 진행한 후, well당 \\( 600 \\mu \\mathrm{M} \\) 2-NBDG 용액을 3시간 동안 노출시킨 후 E2 배지를 이용하여 3번 정도 세척한 다음에 COE 추출물을 노출시킨 다음에 디지털 카메라가 장착된 형광현미경(Leica, Wetzlar, Germany)으로 관찰하고 촬영하였다.",
                        "clue_start": "1825",
                        "clue_end": "2009"
                    },
                    {
                        "clue_text": "각 군 간의 차이는 Graphpad Prism의 One way-ANOVA (analysis of variance) 처리 후 사후검정은 Dunnett's test를 이용하였으며, \\( p<0.05 \\) 수준에서 유의성 있는 것으로 판정하였다.",
                        "clue_start": "2155",
                        "clue_end": "2289"
                    }
                ],
                "terminology": [
                    {
                        "word": "2차항체"
                    },
                    {
                        "word": "96-well plate"
                    },
                    {
                        "word": "AMPK"
                    },
                    {
                        "word": "COE 추출물"
                    },
                    {
                        "word": "Dunnett's test"
                    },
                    {
                        "word": "Embryo"
                    },
                    {
                        "word": "Graphpad Prism"
                    },
                    {
                        "word": "ImageJ program"
                    },
                    {
                        "word": "One way-ANOVA"
                    },
                    {
                        "word": "PBS"
                    },
                    {
                        "word": "SDS polyacrylamide gel"
                    },
                    {
                        "word": "TTBS"
                    },
                    {
                        "word": "UVP"
                    },
                    {
                        "word": "Western blot"
                    },
                    {
                        "word": "Zebrafish larvae"
                    },
                    {
                        "word": "blocking"
                    },
                    {
                        "word": "bromophenol blue"
                    },
                    {
                        "word": "chemiluminescent substrate 용액"
                    },
                    {
                        "word": "loading buffer"
                    },
                    {
                        "word": "lysis buffer"
                    },
                    {
                        "word": "nitrocellulose membrane"
                    },
                    {
                        "word": "peroxidase"
                    },
                    {
                        "word": "plate"
                    },
                    {
                        "word": "protein"
                    },
                    {
                        "word": "total 단백"
                    },
                    {
                        "word": "tween 20"
                    },
                    {
                        "word": "well"
                    },
                    {
                        "word": "wild type"
                    },
                    {
                        "word": "광주기"
                    },
                    {
                        "word": "기형"
                    },
                    {
                        "word": "단백질"
                    },
                    {
                        "word": "당 흡수능"
                    },
                    {
                        "word": "무지분유"
                    },
                    {
                        "word": "발현"
                    },
                    {
                        "word": "배지"
                    },
                    {
                        "word": "사후검정"
                    },
                    {
                        "word": "상청액"
                    },
                    {
                        "word": "세포"
                    },
                    {
                        "word": "여과 시스템"
                    },
                    {
                        "word": "원심분리"
                    },
                    {
                        "word": "유의성"
                    },
                    {
                        "word": "일차 항체"
                    },
                    {
                        "word": "전기영동"
                    },
                    {
                        "word": "정랑화"
                    },
                    {
                        "word": "제브라피쉬"
                    },
                    {
                        "word": "표준오차"
                    },
                    {
                        "word": "형광 강도"
                    },
                    {
                        "word": "형광현미경"
                    }
                ]
            },
            {
                "context_id": "55e-0c9-6eac3f81-e1c8-41b2-b910-39776346d5ae",
                "context_K-NSCC": {
                    "field": "생명",
                    "large_category": "LA",
                    "medium_category": "01"
                },
                "context": "<h1>재료 및 방법</h1> <h2>시약</h2> <p>Insulin, 4-nitrophenyl phosphate bis(cyclohexyl-ammonium) salt (NPP), 3-(4,5-dimethylthiazol-2-yl)-2,5-diphenyltetrazolium bromide (MTT), bovine serum albumin, Oil Red O, 2-mercaptoethanol, anti- \\( \\beta \\)-actin antibody, insulin, dexamethasone (DEX), 3-isobutyl-1-methylxanthine (IBMX) 는 Sigma-Aldrich (St. Louis, MO, USA)로부터 구입하였다. Dulbecco's modified Eagle's medium (DMEM), newborn calf serum (FCS), fetal bovine serum (FBS), phosphate buffered saline (PBS), trypsin-EDTA, penicillin-streptomycin은 Hyclone (Longan, UT, USA)에서 구입하였다. 2-[N-(7-nitrobenz-2-oxa-1,3-diazol-4-yl) amino]-2-deoxyglucose (2-NBDG) 는 Invitrogen (Carlsbad, CA, USA)로부터 구입하였고, Gly-Pro-AMC은 Ana Spec, Inc. (San Jose, CA, USA)로부터 구입하였고, interleukin (IL)-1 \\( \\beta \\) 와 interferon (IFN)- \\( \\gamma \\)은 R\\( \\& \\)D (Minneapolis, MN, USA), rat insulin kit는 Mercodia Developing Diagnostics (Mercodia, Uppsala, Sweden)로부터 구입하였다. Glucose Transporter Type 4 (GLUT4) primary antibody와 secondary antibody (anti-rabbit, anti-mouse)는 Santa Cruz Biotechnology (Dallas, TX, USA)에서 구입하였고, p-IRS1 (insulin receptor substrate 1), IRS1, p-IRS1 (ser 307), p-AKT (protein kinase B, PKB), AKT, p-AMPK (5' AMP-activated protein kinase), AMPK primary antibody는 Cell Signaling Technology (Danvers, MA, USA)에서 구입하였다. Nitrocellulose membrane은 Bio-rad사(서울, 한국)에서 구입하였고, 시약 및 용매는 특급 또는 1 급 시약을 사용하였다.</p> <h2>추출물 제조</h2> <p>전남 진도군 연안에서 채취한 옥덩굴(C. okamurae)은 목포대학교 해양수산자원학과 박찬선교수에 의헤 동정 또는 확인되었다. 수집된 옥덩굴은 \\( 15^{\\circ} \\mathrm{C} \\) 정도의 정수기 물로 약 1~2시간 담그어 놓았다가 염분을 제거시키는 과정을 반복하여 염분을 완전히 제거시켰다. 그런 다음에 \\( 100 \\% \\) EtOH을 첨가하여 추출하는 과정을 반복한 후 추출액을 여과하고 진공하에서 회전감압농축기로 농축시켰다. 그 후에 동결건조기를 이용해 동결건조시킨 파우더를 밀폐용기에 보관하면서 실험에 이용하였다. 옥덩굴 에탄올 추출물의 수율은 \\( 1.16 \\% \\) 이고, COE로 표기하였다.</p> <h2>Dipeptidyl peptidase-Ⅳ (DPP-Ⅳ) 및 protein tyrosine phosphatase 1B (PTP1B) 효소 활성</h2> <p>DPP-Ⅳ 효소 활성 억제능은 다음과 같은 조건에서 측정되었다. Black 96-well plate의 각 well에 mouse serum \\( 10 \\mu \\mathrm{L} \\) COE 추출물 \\( 25 \\mu \\mathrm{L}, 50 \\mu \\mathrm{M} \\) Gly-Pro-AMC \\( 25 \\mu \\mathrm{L} \\)를 넣고 60분 동안 \\( 37^{\\circ} \\mathrm{C} \\)에서 반응시킨다. 1시간 후 반응 정지 시약인 \\( 3 \\mathrm{M} \\) acetic acid를 \\( 70 \\mu \\mathrm{L} \\)씩 첨가하고 \\( VICTOR^{TM} \\) Multilabel Plate Reader(PerkinElmer, MA, USA)의 excitation \\( 370 \\mathrm{~nm} \\), emission \\( 440 \\mathrm{nm} \\)에서 형광을 측정하였다.</p> <p>PTP1B 효소 활성 억제능은 p-NPP를 기질로 이용하여 탈인산화 정도를 측정하여 판단하였다. PTP1B \\( (0.05 \\mu \\mathrm{g} / \\mu \\mathrm{L}) \\) 용액, \\( 20 \\mathrm{mM} \\) p-NPP (\\( 0.1 \\mathrm{M} \\) \\( NaCl \\), \\( 1 \\mathrm{mM} \\) EDTA, \\( 50 \\mathrm{mM} \\) citrate, \\( \\mathrm{pH} 6.0 \\), \\( 1 \\mathrm{mM} \\) DTT) 용액 및 COE 추출물을 첨가시키고 \\( 37^{\\circ} \\mathrm{C} \\)에서 30분간 반응시킨 후, \\( 10 N~ NaOH~10 \\mu \\mathrm{L} \\)를 첨가하여 반응을 종결시킨 다음에 \\( 410 \\mathrm{~nm} \\)에서 흡광도를 측정하였다.</p>",
                "context_length": 2741,
                "summary": "전남 진도군 연안에서 옥덩굴을 채취하고, \\( 100 \\% \\) EtOH을 첨가하여 추출하는 과정을 반복하여 실험에 필요한 옥덩굴 에탄올 추출물을 제조하였다. 이를 이용하여 DPP-IV 효소와 PTP1B 효소의 효소 활성 억제능을 측정하였다.",
                "clue": [
                    {
                        "clue_text": "전남 진도군 연안에서 채취한 옥덩굴(C. okamurae)은 목포대학교 해양수산자원학과 박찬선교수에 의헤 동정 또는 확인되었다.",
                        "clue_start": "1403",
                        "clue_end": "1474"
                    },
                    {
                        "clue_text": "옥덩굴 에탄올 추출물의 수율은 \\( 1.16 \\% \\) 이고, COE로 표기하였다.",
                        "clue_start": "1703",
                        "clue_end": "1749"
                    },
                    {
                        "clue_text": "DPP-Ⅳ 효소 활성 억제능은 다음과 같은 조건에서 측정되었다.",
                        "clue_start": "1845",
                        "clue_end": "1880"
                    },
                    {
                        "clue_text": "PTP1B 효소 활성 억제능은 p-NPP를 기질로 이용하여 탈인산화 정도를 측정하여 판단하였다.",
                        "clue_start": "2310",
                        "clue_end": "2363"
                    },
                    {
                        "clue_text": "그런 다음에 \\( 100 \\% \\) EtOH을 첨가하여 추출하는 과정을 반복한 후 추출액을 여과하고 진공하에서 회전감압농축기로 농축시켰다.",
                        "clue_start": "1574",
                        "clue_end": "1651"
                    }
                ],
                "terminology": [
                    {
                        "word": "3-isobutyl-1-methylxanthine"
                    },
                    {
                        "word": "96-well plate"
                    },
                    {
                        "word": "AMP-activated protein kinase"
                    },
                    {
                        "word": "AMPK"
                    },
                    {
                        "word": "Ana"
                    },
                    {
                        "word": "Biotechnology"
                    },
                    {
                        "word": "COE 추출물"
                    },
                    {
                        "word": "Cell Signaling Technology"
                    },
                    {
                        "word": "DPP-Ⅳ"
                    },
                    {
                        "word": "DTT"
                    },
                    {
                        "word": "EtOH"
                    },
                    {
                        "word": "Glucose"
                    },
                    {
                        "word": "Gly-Pro-AMC"
                    },
                    {
                        "word": "Hyclone"
                    },
                    {
                        "word": "Invitrogen"
                    },
                    {
                        "word": "NaCl"
                    },
                    {
                        "word": "Nitrocellulose membrane"
                    },
                    {
                        "word": "Oil Red"
                    },
                    {
                        "word": "PKB"
                    },
                    {
                        "word": "Plate"
                    },
                    {
                        "word": "Santa Cruz"
                    },
                    {
                        "word": "Transporter"
                    },
                    {
                        "word": "acetic acid"
                    },
                    {
                        "word": "anti-mouse"
                    },
                    {
                        "word": "calf serum"
                    },
                    {
                        "word": "dexamethasone"
                    },
                    {
                        "word": "excitation"
                    },
                    {
                        "word": "fetal bovine serum"
                    },
                    {
                        "word": "insulin"
                    },
                    {
                        "word": "interferon"
                    },
                    {
                        "word": "interleukin"
                    },
                    {
                        "word": "mouse serum"
                    },
                    {
                        "word": "p-AKT"
                    },
                    {
                        "word": "p-AMPK"
                    },
                    {
                        "word": "p-NPP"
                    },
                    {
                        "word": "penicillin-streptomycin"
                    },
                    {
                        "word": "phosphate buffered saline"
                    },
                    {
                        "word": "primary antibody"
                    },
                    {
                        "word": "protein kinase"
                    },
                    {
                        "word": "receptor"
                    },
                    {
                        "word": "secondary antibody"
                    },
                    {
                        "word": "substrate"
                    },
                    {
                        "word": "tyrosine phosphatase"
                    },
                    {
                        "word": "well"
                    },
                    {
                        "word": "기질"
                    },
                    {
                        "word": "동정"
                    },
                    {
                        "word": "수율"
                    },
                    {
                        "word": "에탄올 추출물"
                    },
                    {
                        "word": "여과"
                    },
                    {
                        "word": "옥덩굴"
                    },
                    {
                        "word": "용매"
                    },
                    {
                        "word": "탈인산화"
                    },
                    {
                        "word": "형광"
                    },
                    {
                        "word": "회전감압농축기"
                    },
                    {
                        "word": "효소 활성 억제능"
                    },
                    {
                        "word": "흡광도"
                    }
                ]
            },
            {
                "context_id": "55e-0c9-33c14840-44f7-4f91-a5bd-b1fd1925ed4d",
                "context_K-NSCC": {
                    "field": "생명",
                    "large_category": "LA",
                    "medium_category": "01"
                },
                "context": "<h2>세포배양 및 분화유도</h2> <p>실험에 사용된 모든 세포주는 American Type Culture Collection (ATCC; USA)으로부터 분양 받았다. RIN-m5F 췌장베타세포와 L6 근육세포는 \\( 5 \\% ~\\mathrm{CO}_{2}, 37^{\\circ} \\mathrm{C} \\) 배양기에서 \\( 100 \\mathrm{Units} / \\mathrm{mL} \\) penicilin, \\( 100 \\mu \\mathrm{g} / \\mathrm{mL} \\) streptomycin, \\( 2.5 \\mu \\mathrm{g} / \\mathrm{mL} \\) amphotericin B, \\( 10 \\% \\) FBS가 함유된 RPMI1640 또는 DMEM 배지 조건에서 배양되었고, 3T3-L1 지방전구세포는 동일한 배양조건의 \\( 10 \\% \\) FCS가 함유된 DMEM 배지 조건에서 배양되었다. 모든 세포주는 \\( 2 \\)일마다 신선한 배지로 보충하면서 계대배양하여 실험에 사용하였다.</p> <p>3T3-L1 지방전구세포를 지방세포로 분화시키기 위하여 6-well plate에 \\( 1 \\times 10^{5} \\mathrm{cells} / \\mathrm{well} \\)로 분주하고 \\( 100 \\% \\) confluent 상대가 되면 분화유도 물질인 \\( 5 \\mu \\mathrm{g} / \\mathrm{mL} \\) insulin, \\( 1 \\mu \\mathrm{M} \\) DEX, \\( 0.5 mathrm{mM} \\) IBMX와 \\( 10 \\% \\) FBS가 함유된 DMEM 배지로 교환하며 분화를 유도였으며, 2일 후 \\( 5 \\mu \\mathrm{g} / \\mathrm{mL} \\) insulin이 포함된 DMEM (\\(10 \\% \\)~FBS)배지로 교환하였다. 이로부터 2일 간격으로 DMEM \\( (10 \\% \\)~FBS)배지로 보충하면서 4일 후 실험에 이용하였다. L6 근육세포는 \\( 10 \\% \\) FBS가 함유된 DMEM 배지로 배양한 후에 \\( 80\\)-\\( 90 \\% \\) confluent 상태가 되면 분화유도 하기 위하여 4~5일 동안 \\( 2 \\% \\) FBS 함유 DMEM 배지로 교환한다. 그런 다음에 myotube가 형성되면 실험에 이용하였다.</p> <h2>세포독성</h2> <p>3T3-L1 지방전구세포는 96-well plate에 \\( 1 \\times 10^{3} \\)과 \\( 5 \\times 10^{3} \\mathrm{cells} / \\mathrm{well} \\)로 분주하여 \\( 37^{\\circ} \\mathrm{C}, 5 \\% \\mathrm{CO}_{2} \\) incubator에서 24시간 배양하였다. 그 다음에 COE 추출물을 첨가하고 다시 24 또는 48시간 배양하였다. RIN-m5F 췌장 베타세포는 96-well plate에 well 당 \\( 1 \\times 10^{5} \\)씩 분주하고 12시간 동안 배양시킨 후 3시간 동안 COE 추출물로 노출시키고 IL-\\( 1 \\beta \\)\\((2 \\mathrm{ng} / \\mathrm{mL}) \\)와 IFN-\\( \\gamma(100 \\) \\( \\mathrm{U} / \\mathrm{mL}) \\) 물질을 첨가하여 다시 48시간 동안 배양하였다. 실험이 종료되면 MTT \\( (1 \\mathrm{mg} / \\mathrm{mL}) \\) 용액을 각 well에 \\( 200 \\mu \\mathrm{L} \\)씩 첨가하고 4시간 동안 반응시켰다. MTT 용액을 제거하고 각 well에 DMSO 넣고 10분 후에 \\( 540 \\mathrm{~nm} \\) (Immuno Mini NJ-2300)에서 흡광도를 측정하여 그 결과를 control 값에 대한 비율로 계산하였다. L6 근육세포는 96-well plate에 \\( 5 \\times 10^{3} cells/well \\)로 분주하고 분화유도 후 \\( 0.5 \\mu \\mathrm{M} \\) DEX을 24시간 동안 첨가하였다. 그런 다음 COE추출물을 넣고 24시간 배양시키고 cell counting Kit-8 (Dojindo Laboratory, Kumamoto, Japan) 용액으로 2시간 반응시킨 후 \\( 450 \\mathrm{~nm} \\) (Immuno Mini NJ-2300)에서 흡광도를 측정하여 그 결과를 control 값에 대한 비율로 계산하였다.</p> <h2>인슐린 함량</h2> <p>RIN-m5F 췌장베타세포를 24-well plate에 \\( 2 \\times 10^{5} \\mathrm{cells} / \\mathrm{well} \\)로 분주한 후에 IL-\\( 1 \\beta (2 ng/mL) \\), IFN- \\( \\gamma(100 \\mathrm{U} / \\mathrm{mL}), COE 추출물을 첨가하고 48시간 동안 반응시킨다. 그런 다음에 세포배양액에 분비된 인슐린 함량은 Rat Inulin ELISA Kit를 이용하여 정량화 한다.</p> <h2>Glucose uptake</h2> <p>3T3-L1 지방세포의 인슐린민감성 향상으로 인한 세포내 포도당 섭취 정도를 측정하기 위하여 3T3-L1 지방전구세포는 \\( 1 \\times 10^{4} \\mathrm{cells}/\\mathrm{well} \\) 및 L6 근육세포는 \\( 5 \\times 10^{3} \\mathrm{cells} /\\mathrm{well} \\)로 black 96-well plate에 분주하고 배양하였다. 분화유도를 시작하는 0일째부터 COE 추출물을 처리한 후 실험이 종료된 시점에 배지를 제거하고 2-NBDG 용엑을 3T3-L1 지방세포에는 \\( 150 \\mu \\mathrm{g} / \\mathrm{mL} \\), L6 근육세포에는 \\( 80 \\mu \\mathrm{M} \\) 농도로 첨가하였다. 30분 후에 PBS로 2회 세척하고 VICTOR \\( 3^{TM} \\) Multilabel Counter (PerkinElmer, MA, Boston, USA)의 excitation \\( 485 \\mathrm{~nm} \\), emission \\( 535 \\mathrm{~nm} \\)에서 형광을 측정하여 control 값에 대한 비율로 계산하였다.</p>",
                "context_length": 3024,
                "summary": "L6 근육세포와 RIN-m5F 췌장베타세포는 5\\% ~\\mathrm{CO}_{2}, 37^{\\circ} \\mathrm{C}5% CO2,37\\(^\\circ \\mathrm{C}\\) 배양기에서 100\\mathrm{Units} / \\mathrm{mL}100Units/mL penicilin, 100 \\mu \\mathrm{g} / \\mathrm{mL}100\\(\\mu\\mathrm{g}/\\mathrm{ml}\\) streptomycin, 2.5 \\mu \\mathrm{g} / \\mathrm{mL}2.5\\(\\mu\\mathrm{g}/\\mathrm{ml}\\) amphotericin B, 10 \\%10% FBS가 함유된 RPMI1640 이나 DMEM 배지 조건에서 배양됐고, 3T3-L1 지방전구세포는 동일한 배양조건의 10 \\%10% FCS가 들어간 DMEM 배지 조건에서 배양됐다. 22일마다 모든 세포주는 신선한 배지로 보충하면서 계대배양하여 실험에 사용했다.",
                "clue": [
                    {
                        "clue_text": "RIN-m5F 췌장베타세포와 L6 근육세포는 \\( 5 \\% ~\\mathrm{CO}_{2}, 37^{\\circ} \\mathrm{C} \\) 배양기에서 \\( 100 \\mathrm{Units} / \\mathrm{mL} \\) penicilin, \\( 100 \\mu \\mathrm{g} / \\mathrm{mL} \\) streptomycin, \\( 2.5 \\mu \\mathrm{g} / \\mathrm{mL} \\) amphotericin B, \\( 10 \\% \\) FBS가 함유된 RPMI1640 또는 DMEM 배지 조건에서 배양되었고, 3T3-L1 지방전구세포는 동일한 배양조건의 \\( 10 \\% \\) FCS가 함유된 DMEM 배지 조건에서 배양되었다.",
                        "clue_start": "97",
                        "clue_end": "455"
                    },
                    {
                        "clue_text": "모든 세포주는 \\( 2 \\)일마다 신선한 배지로 보충하면서 계대배양하여 실험에 사용하였다.",
                        "clue_start": "456",
                        "clue_end": "506"
                    }
                ],
                "terminology": [
                    {
                        "word": "24-well plate"
                    },
                    {
                        "word": "3T3-L1"
                    },
                    {
                        "word": "3T3-L1 지방전구세포"
                    },
                    {
                        "word": "6-well plate"
                    },
                    {
                        "word": "96-well plate"
                    },
                    {
                        "word": "COE 추출물"
                    },
                    {
                        "word": "COE추출물"
                    },
                    {
                        "word": "DEX"
                    },
                    {
                        "word": "DMEM 배지"
                    },
                    {
                        "word": "DMSO"
                    },
                    {
                        "word": "FBS"
                    },
                    {
                        "word": "FCS"
                    },
                    {
                        "word": "Glucose uptake"
                    },
                    {
                        "word": "MTT 용액"
                    },
                    {
                        "word": "Multilabel Counter"
                    },
                    {
                        "word": "PBS"
                    },
                    {
                        "word": "Rat Inulin ELISA Kit"
                    },
                    {
                        "word": "amphotericin"
                    },
                    {
                        "word": "cell counting"
                    },
                    {
                        "word": "cells/well"
                    },
                    {
                        "word": "confluent 상태"
                    },
                    {
                        "word": "control"
                    },
                    {
                        "word": "emission"
                    },
                    {
                        "word": "excitation"
                    },
                    {
                        "word": "incubator"
                    },
                    {
                        "word": "insulin"
                    },
                    {
                        "word": "myotube"
                    },
                    {
                        "word": "plate"
                    },
                    {
                        "word": "well"
                    },
                    {
                        "word": "계대배양"
                    },
                    {
                        "word": "근육세포"
                    },
                    {
                        "word": "배양"
                    },
                    {
                        "word": "배양기"
                    },
                    {
                        "word": "배양조건"
                    },
                    {
                        "word": "베타세포"
                    },
                    {
                        "word": "분주"
                    },
                    {
                        "word": "분화"
                    },
                    {
                        "word": "분화유도"
                    },
                    {
                        "word": "세포독성"
                    },
                    {
                        "word": "세포배양"
                    },
                    {
                        "word": "세포배양액"
                    },
                    {
                        "word": "세포주"
                    },
                    {
                        "word": "인슐린"
                    },
                    {
                        "word": "지방세포"
                    },
                    {
                        "word": "지방전구세포"
                    },
                    {
                        "word": "췌장베타세포"
                    },
                    {
                        "word": "포도당"
                    },
                    {
                        "word": "형광"
                    },
                    {
                        "word": "흡광도"
                    }
                ]
            },
            {
                "context_id": "55e-0c9-f8767fa7-c3e0-474e-adb9-1d62ab2a3c20",
                "context_K-NSCC": {
                    "field": "생명",
                    "large_category": "LA",
                    "medium_category": "01"
                },
                "context": "<h2>COE의 3T3-L1 지방세포에서의 당 흡수 및 인슐린 신호전달 단백 발현 증가 효과</h2> <p>인슐린 표적세포인 지방세포에서 인슐린은 포도당과 유리 지방산 흡수를 자극하고 지방분해를 감소시키며 sterol regulatory element-binding protein-1c 및 peroxisome proliferator-activated receptor \\( \\gamma \\)를 포함한 다양한 전사인자의 유전자 발현을 향상시켜 지방세포로의 분화 및 인슐린 감수성을 증가시킨다. 김소희 등은 황백추출물이 3T3-L1 지방세포에서 인슐린 신호 전달 phosphoinositide 3-kinase (PI3K) 인산화 및 당 수송체 GLUT4 활성화를 통해 당 흡수를 촉진시키는 것으로 보고한 바 있다. COE 추출물은 3T3-L1 지방전구세포에서 \\( 500 \\mu \\mathrm{g} / \\mathrm{mL} \\) 농도까지는 세포독성을 나타내지 않았다. 3T3-L1 지방세포에서 COE 추출물 125와 \\( 250 \\mu \\mathrm{g} / \\mathrm{mL}) \\)은 인슐린 수용체 기질 IRS의 인산화 활성과 당 수송체 GLUT4의 전이를 증가시켜 당 흡수를 매우 효과적으로 조절하는 것으로 확인되었다(Fig. 3). COE 추출물은 시료를 첨가하지 않은 대조군에 비해 농도 의존적으로 당 흡수를 증가시켰으나 양성대조물인 인슐린 \\( (100 \\mathrm{nM}) \\) 처리군에 비해서는 낮은 수치를 보였다(Fig. 3A). 또한, COE 추출물은 인슐린 수용체 기질의 타이로신 인산화 및 당 수송체 GLUT4의 발현을 시료를 첨가하지 않은 대조군에 비해 유의적으로 항상시켰다(Fig. 3B와 C). 본 연구결과로 인하여 COE 추출물은 인슐린과 인슐린 수용체의 민감성 항상 및 당 수송체 단백의 전이를 증가시켜 지방세포내로 당 흡수를 개선시키므로 2형 당뇨의 당 대사 및 인슐린저항성 개선효과에 매우 유용한 천연소재라고 사료된다.</p> <h2>COE의 zebrafish larvae에서의 당 흡수 증가 효과</h2> <p>제브라피쉬(zebrafish, Danio rerio)는 잉어과에 속하는 열대어로서 척추동물의 특징을 갖고 있다. 제브라피쉬는 인간의 유전자와 매우 유사한 구조적 특징을 지니고 있기 때문에 당뇨병을 비롯한 대사질환의 병리학적 연구 및 치료 후보약물의 효능을 검증하는데 활용될 수 있는 동물모델이다. Zebrafish larvae의 독성평가를 위해 수정 후 7 dpf (days post-fertilization)일 때 COE 추출물을 \\( 125,250,500 \\mu \\mathrm{g} / \\mathrm{mL} \\) 농도로 24시간 동안 고출시켰으나 생존율과 기형현상은 관찰되지 않있다(Fig. 4A).</p> <p>제브라피쉬 수정 후 7dpf일째에 COE 추출물(125와 250 \\( \\mu \\mathrm{g} \\)/\\( \\mathrm{mL}) \\)과 2-NBDG 물질을 함께 처리하였더니 시료를 첨가하지 않은 대조군에 비해 당 흡수율이 뚜렷하게 증가되는 것으로 관찰되었다(Fig. 4B). 그러므로 COE 추출물은 세포실험 결과와 마찬가지로 제브라피쉬 동물실험에서도 혈액 내 포도당 대사의 항상성 조절기전에 기여하는 유용한 천연소재임이 증명되었다.</p>",
                "context_length": 1625,
                "summary": "인슐린 표적세포인 지방세포에서 인슐린은 포도당과 유리 지방산 흡수를 자극하고 지방분해를 감소시키며 유전자 발현을 향상시켜 지방세포로의 분화 및 인슐린 감수성을 증가시킨다. COE 추출물은 시료를 첨가하지 않은 대조군에 비해 농도 의존적으로 당 흡수를 증가시켰으나 양성대조물인 인슐린 처리군에 비해서는 낮은 수치를 보였으며 제브라피쉬는 인간의 유전자와 매우 유사한 구조적 특징을 지니고 있기 때문에 당뇨병을 비롯한 대사질환의 병리학적 연구 및 치료 후보약물의 효능을 검증하는데 활용될 수 있는 동물모델이다.",
                "clue": [
                    {
                        "clue_text": "인슐린 표적세포인 지방세포에서 인슐린은 포도당과 유리 지방산 흡수를 자극하고 지방분해를 감소시키며 sterol regulatory element-binding protein-1c 및 peroxisome proliferator-activated receptor \\( \\gamma \\)를 포함한 다양한 전사인자의 유전자 발현을 향상시켜 지방세포로의 분화 및 인슐린 감수성을 증가시킨다.",
                        "clue_start": "60",
                        "clue_end": "273"
                    },
                    {
                        "clue_text": "COE 추출물은 시료를 첨가하지 않은 대조군에 비해 농도 의존적으로 당 흡수를 증가시켰으나 양성대조물인 인슐린 \\( (100 \\mathrm{nM}) \\) 처리군에 비해서는 낮은 수치를 보였다(Fig. 3A).",
                        "clue_start": "636",
                        "clue_end": "752"
                    },
                    {
                        "clue_text": "COE 추출물은 인슐린과 인슐린 수용체의 민감성 항상 및 당 수송체 단백의 전이를 증가시켜 지방세포내로 당 흡수를 개선시키므로 2형 당뇨의 당 대사 및 인슐린저항성 개선효과에 매우 유용한 천연소재라고 사료된다.",
                        "clue_start": "863",
                        "clue_end": "980"
                    },
                    {
                        "clue_text": "COE 추출물은 세포실험 결과와 마찬가지로 제브라피쉬 동물실험에서도 혈액 내 포도당 대사의 항상성 조절기전에 기여하는 유용한 천연소재임이 증명되었다.",
                        "clue_start": "1538",
                        "clue_end": "1621"
                    },
                    {
                        "clue_text": "제브라피쉬는 인간의 유전자와 매우 유사한 구조적 특징을 지니고 있기 때문에 당뇨병을 비롯한 대사질환의 병리학적 연구 및 치료 후보약물의 효능을 검증하는데 활용될 수 있는 동물모델이다.",
                        "clue_start": "1096",
                        "clue_end": "1198"
                    }
                ],
                "terminology": [
                    {
                        "word": "3T3-L1"
                    },
                    {
                        "word": "3T3-L1 지방전구세포"
                    },
                    {
                        "word": "COE 추출물"
                    },
                    {
                        "word": "Danio rerio"
                    },
                    {
                        "word": "IRS"
                    },
                    {
                        "word": "Zebrafish larvae"
                    },
                    {
                        "word": "peroxisome"
                    },
                    {
                        "word": "receptor"
                    },
                    {
                        "word": "sterol"
                    },
                    {
                        "word": "기질"
                    },
                    {
                        "word": "농도 의존적"
                    },
                    {
                        "word": "당 수송체"
                    },
                    {
                        "word": "당뇨"
                    },
                    {
                        "word": "당뇨병"
                    },
                    {
                        "word": "대사"
                    },
                    {
                        "word": "대사질환"
                    },
                    {
                        "word": "대조군"
                    },
                    {
                        "word": "독성평가"
                    },
                    {
                        "word": "병리학적 연구"
                    },
                    {
                        "word": "분화"
                    },
                    {
                        "word": "세포독성"
                    },
                    {
                        "word": "시료"
                    },
                    {
                        "word": "신호전달"
                    },
                    {
                        "word": "유리 지방산"
                    },
                    {
                        "word": "유전자 발현"
                    },
                    {
                        "word": "인산화"
                    },
                    {
                        "word": "인슐린 감수성"
                    },
                    {
                        "word": "인슐린 수용체"
                    },
                    {
                        "word": "인슐린저항성"
                    },
                    {
                        "word": "전사인자"
                    },
                    {
                        "word": "전이"
                    },
                    {
                        "word": "제브라피쉬"
                    },
                    {
                        "word": "조절기전"
                    },
                    {
                        "word": "지방분해"
                    },
                    {
                        "word": "지방세포"
                    },
                    {
                        "word": "지방전구세포"
                    },
                    {
                        "word": "척추동물"
                    },
                    {
                        "word": "타이로신"
                    },
                    {
                        "word": "포도당"
                    },
                    {
                        "word": "항상성"
                    },
                    {
                        "word": "활성화"
                    },
                    {
                        "word": "황백추출물"
                    },
                    {
                        "word": "흡수율"
                    }
                ]
            },
            {
                "context_id": "55e-0c9-31bfc2bd-8fc7-4573-a425-5423507ffb0e_00",
                "context_K-NSCC": {
                    "field": "생명",
                    "large_category": "LA",
                    "medium_category": "01"
                },
                "context": "<h2>COE의 덱사메타손(dexamethasone) 유래 인슐린저항성 L6 근육세포에서의 당 흡수 및 인슐린 신호전달 단백의 발현 증가 효과</h2> <p>인슐린저항성은 골격근, 지방세포 및 간과 같은 인슐린 표적조직에 인슐린 작용이 손상되었음을 의미하는데 골격근에서의 당 대사장애는 제2형 당뇨병의 대표적 특징이라 말할 수 있다. 인슐린저항성은 인슐린 수용체, 인슐린 수용체 기질 및 PI3K-AKT 인슐린 신호 전달의 활성을 감소시킴으로써 인슐린 매개 세포내 포도당 흡수를 감소시킨다. Mo 등은 C2C12 근육세포와 마우스의 덱사메타손 유래 제2형 당뇨모델에서 쿠마린(coumarins) 성분이 인슐린 신호전달 protein kinase B (AKT)와 당 수송체 GLUT4의 활성화, 생체 에너지와 당 대사조절에 중요한 역할을 수행하는 AMPK의 활성도를 증가시켜 혈당을 개선시킨다고 보고한 바 있다. 본 실험에서도 덱사 메타손 유래 인슐린저항성 모델을 이용하여 COE 추출물의 인슐린저항성 개선 메커니즘을 분석하였다. L6 근육세포에 \\( 0.5 \\mu \\mathrm { M } \\) 덱타메타손 처리시 정상군에 비해 당 흡수와 세포생존율이 유의하게 감소되었으나 COE 추출물 첨가군에서는 이러한 증상이 유의하게 회복되어지는 것이 관찰되었다(Fig. 5). IRS-1 세린(serine) 잔기의 인산화는 인슐린 신호 전달을 감소시키므로 인슐린저항성이 유발되었음을 의미하는 기전이다. L6 근육세포의 덱사메타손 유래 인슐린저항성 모델에서 IRS-1 (Ser 307) 인산화가 촉진되었으나 COE 추출물 \\( (250 \\mu \\mathrm { g } / \\mathrm { mL } ) \\) 첨가에 의해 유의하게 감소되었다(Fig. 6). 또한, 덱사메타손 노출에 의해 감소된 AKT, AMPK, GLUT4의 발현이 COE 추출물 첨가에 의해 유의하게 증가되는 것이 확인되었다(Fig. 6). 그러므로 COE 추출물은 인슐린 표적세포인 근육세포에서 인슐린 수용체, 인슐린 신호전달, 당 수송체 및 AMPK의 활성화를 통해 인슐린저항성을 개선시키고 당 흡수를 촉진시키는 것으로 확인되었다.</p> <p>결론적으로 COE 추출물은 음식 섭취 후 상승된 혈중 포도당 농도를 조절하는데 관여하는 DPP-Ⅳ 효소의 활성을 감소시키고, 인슐린 표적세포인 지방과 근육세포에서 인슐린 신호전달 IRS-1과 AKT 활성화 및 AMPK 단백 발현의 증가를 통해 당 수송체 GLUT4의 활성을 촉진시켜 당 대사를 조절하는 것으로 확인되었다. 이러한 COE 추출물의 당 대사 조절 효과는 제브라피쉬 실험에서도 동일한 결과로 나타났다. 그러나 2형 당뇨의 특징인 췌장 베타세포의 인슐린 분비 감소에는 아무런 영향을 미치지 않는 것으로 확인되었다. 이상의 결과로 볼 때 COE 추출물은 인슐린 민감성을 개선시켜 당 대사를 효율적으로 조절하는데 기여할 수 있는 건강기능식품 또는 의약품 개발의 유용한 천연소재라고 여겨진다.</p>",
                "context_length": 1459,
                "summary": "결론적으로 COE 추출물은 음식을 섭취한 뒤, 상승된 혈중 포도당 농도를 조절하는데 관계하는 DPP-Ⅳ 효소의 활성을 줄이고, 인슐린 표적세포인 지방과 근육세포에서 인슐린 신호전달 IRS-1과 AKT활성화 또는 AMPK 단백 발현의 증가를 통해서 당 수송체 GLUT4의 활성을 촉진시켜 당 대사를 조절하는 것으로 확인되었고, COE 추출물은 인슐린 민감성을 개선시켜 당 대사를 효율적으로 조절하는데 기여할 수 있는 건강기능식품 또는 의약품 개발의 유용한 천연소재라고 여겨진다.",
                "clue": [
                    {
                        "clue_text": "L6 근육세포의 덱사메타손 유래 인슐린저항성 모델에서 IRS-1 (Ser 307) 인산화가 촉진되었으나 COE 추출물 \\( (250 \\mu \\mathrm { g } / \\mathrm { mL } ) \\) 첨가에 의해 유의하게 감소되었다(Fig. 6).",
                        "clue_start": "723",
                        "clue_end": "863"
                    },
                    {
                        "clue_text": "결론적으로 COE 추출물은 음식 섭취 후 상승된 혈중 포도당 농도를 조절하는데 관여하는 DPP-Ⅳ 효소의 활성을 감소시키고, 인슐린 표적세포인 지방과 근육세포에서 인슐린 신호전달 IRS-1과 AKT 활성화 및 AMPK 단백 발현의 증가를 통해 당 수송체 GLUT4의 활성을 촉진시켜 당 대사를 조절하는 것으로 확인되었다.",
                        "clue_start": "1066",
                        "clue_end": "1245"
                    },
                    {
                        "clue_text": "이러한 COE 추출물의 당 대사 조절 효과는 제브라피쉬 실험에서도 동일한 결과로 나타났다.",
                        "clue_start": "1246",
                        "clue_end": "1296"
                    },
                    {
                        "clue_text": "그러나 2형 당뇨의 특징인 췌장 베타세포의 인슐린 분비 감소에는 아무런 영향을 미치지 않는 것으로 확인되었다.",
                        "clue_start": "1297",
                        "clue_end": "1358"
                    },
                    {
                        "clue_text": "이상의 결과로 볼 때 COE 추출물은 인슐린 민감성을 개선시켜 당 대사를 효율적으로 조절하는데 기여할 수 있는 건강기능식품 또는 의약품 개발의 유용한 천연소재라고 여겨진다.",
                        "clue_start": "1359",
                        "clue_end": "1455"
                    }
                ],
                "terminology": [
                    {
                        "word": "AKT"
                    },
                    {
                        "word": "AMPK"
                    },
                    {
                        "word": "C2C12"
                    },
                    {
                        "word": "COE 추출물"
                    },
                    {
                        "word": "DPP-Ⅳ"
                    },
                    {
                        "word": "GLUT4"
                    },
                    {
                        "word": "L6 근육세포"
                    },
                    {
                        "word": "Mo"
                    },
                    {
                        "word": "PI3K-AKT 인슐린 신호 전달"
                    },
                    {
                        "word": "protein kinase"
                    },
                    {
                        "word": "골격근"
                    },
                    {
                        "word": "근육세포"
                    },
                    {
                        "word": "기전"
                    },
                    {
                        "word": "기질"
                    },
                    {
                        "word": "당 수송체"
                    },
                    {
                        "word": "당 수송체 GLUT4"
                    },
                    {
                        "word": "대사"
                    },
                    {
                        "word": "대사조절"
                    },
                    {
                        "word": "덱사 메타손 유래 인슐린저항성 모델"
                    },
                    {
                        "word": "덱사메타손"
                    },
                    {
                        "word": "덱타메타손"
                    },
                    {
                        "word": "발현"
                    },
                    {
                        "word": "세린"
                    },
                    {
                        "word": "세포생존율"
                    },
                    {
                        "word": "신호전달"
                    },
                    {
                        "word": "인산화"
                    },
                    {
                        "word": "인슐린 매개 세포내 포도당 흡수"
                    },
                    {
                        "word": "인슐린 민감성"
                    },
                    {
                        "word": "인슐린 분비"
                    },
                    {
                        "word": "인슐린 수용체"
                    },
                    {
                        "word": "인슐린 작용"
                    },
                    {
                        "word": "인슐린저항성"
                    },
                    {
                        "word": "잔기"
                    },
                    {
                        "word": "정상군"
                    },
                    {
                        "word": "제2형 당뇨모델에서 쿠마린(coumarins) 성분"
                    },
                    {
                        "word": "제2형 당뇨모델에서 쿠마린(coumarins) 성분이"
                    },
                    {
                        "word": "제2형 당뇨병"
                    },
                    {
                        "word": "제브라피쉬"
                    },
                    {
                        "word": "지방세포"
                    },
                    {
                        "word": "첨가군"
                    },
                    {
                        "word": "췌장 베타세포"
                    },
                    {
                        "word": "포도당"
                    },
                    {
                        "word": "표적조직"
                    },
                    {
                        "word": "혈당"
                    },
                    {
                        "word": "혈중"
                    },
                    {
                        "word": "활성"
                    },
                    {
                        "word": "활성도"
                    },
                    {
                        "word": "활성화"
                    },
                    {
                        "word": "효소"
                    }
                ]
            },
            {
                "context_id": "55e-0c9-839c07ef-ead2-4122-b981-7ca3d3fab85c",
                "context_K-NSCC": {
                    "field": "생명",
                    "large_category": "LA",
                    "medium_category": "01"
                },
                "context": "<h1>결과 및 고찰</h1> <h2>COE의 DPP-Ⅳ와 PTP1B 효소 활성 억제효과</h2> <p>음식을 섭취하게 되면 위장관의 혈당 조절 호르몬인 glucagon-like peptide-1 (GLP-1)가 분비되어 췌장 베타세포의 증식 및 인슐린 분비능을 촉진시켜 혈중의 포도당 농도를 조절한다. 하지만 GLP-1 같은 호르몬의 반감기는 2분 정도로 매우 짧으며 이를 분해하는 효소가 바로 DPP-Ⅳ이다. DPP-4 억제제는 포도당 농도에 비례하여 인슐린 분비를 증가시키고 2형 당뇨의 근본적인 병인인 췌장 베타세포의 기능 저하를 개선시킬 수 있는 약물이다. COE 추출물은 시료를 첨가하지 않는 대조군에 비해 DPP-Ⅳ 효소 활성 억제효과를 유의적으로 나타냈으며, \\( 1000 \\mu \\mathrm{g} / \\mathrm{mL} \\) 농도에서 DPP-Ⅳ 활성이 \\( 20 \\% \\) 정도 억제되는 것으로 나타났다(Fig. 1A).</p> <p>췌장에서 분비된 인슐린은 인슐린 수용체(insulin receptor, IR)와 결합하면 인슐린 수용체 기질 1 (IRS-1)의 타이로신(tyrosine) 잔기 인산화가 증가되고 인슐린 신호전달이 활성화되어 당 수송체 GLUT4 단백을 세포막으로 유도하여 혈중 포도당을 세포내로 흡수시켜 혈중 포도당 농도를 조절한다. PTP1B는 인슐린 신호전달기작에서 IR 및 IRS-1의 타이로신 잔기 인산화 반응을 방해하여 인슐린의 신호전달 반응을 억제시키므로 제2형 당뇨치료제 개발의 타켓기전으로 알려져 있다. COE 추출물은 시료를 첨가하지 않은 대조군에 비해 PTP1B 효소 활성을 감소시키는 경향을 보였으나 통계학적으로 유의적인 감소효과를 보이지 않았다(Fig. 1B). 결론적으로 COE 추출물은 DPP-Ⅳ와 PTP1B 효소 활성 억제효과를 통해 혈중 포도당 농도를 조절할 수 있는 작용기전을 지닌 천연소재라고 여겨진다.</p> <h2>COE의 RIN-m5F 췌장베타세포의 사이토카인에 의한 세포독성 감소 및 인슐린 분비 조절효과</h2> <p>제2형 당뇨병이 진행되는 동안 당 독성과 만성염증으로 인해 췌장 베타세포의 기능이 지속적으로 저하되어 인슐린 분비기능이 감소된다. 임상직으로 제2형 당뇨병 환자에게 인슐린민감성을 증가시키는 경구용 혈당강하제 로지글리타존(rosiglitazone)을 투여하면 베타세포 기능이 상당히 개선되는 것으로 보고된 바 있다. 췌장 베타세포인 RIN-m5F 세포의 사이토카인(IL-\\( 1 \\beta~2 \\mathrm{ng} / \\mathrm{mL} \\), IFN-\\( \\gamma ~100 \\mathrm{~U} / \\mathrm{mL} \\) ) 노출에 의한 세포독성을 측정한 결과, 사이토카인 단독 첨가군의 세포생존율은 정상군에 비해 \\( 50 \\% \\) 정도 감소되었다(Fig. 2A). 사이토카인에 COE 추출물을 함께 처리한 경우의 세포생존율은 사이토카인 단독 처리군에 비해 약간 증가하는 경향을 보이지만 통계적인 유의성은 없었다(Fig. 2A). 사이토카인 노출에 의해 감소된 인슐린 분비량은 COE 추출물을 첨가하여도 아무런 변화를 보이지 않았다(Fig. 2B). COE 추출물은 2형당뇨의 만성 염증반응에 따른 췌장 베타세포의 사멸기전을 미비하게 억제시키지만 인슐린 분비 촉진효과에는 아무런 영향을 미치는 않는 것으로 확인되었다.</p>",
                "context_length": 1642,
                "summary": "PTP1B는 인슐린 신호전달기작에 작용하여 제2형 당료치료제 개발의 타켓기전으로 알려져있다. COE 추출물은 PTP1B 효소 활성을 감소시키는 경향을 보이지만 통계학적으로 유의미한 감소효과는 확인되지 않았다. 췌장 베타세포 RIN-m5F 세포의 사이토카인 노출에 의한 세포독성을 측정하여 사이토카인 단독 첨가군의 세포생존율이 \\(50\\%\\)감소 된것을 확인할 수 있었고 COE 추출물은 2형당뇨의 만성 염증반응의 췌장 베타세포 사멸지전을 약하게 억제시키지만 인슐린 분비 촉진에 큰 영향을 미치지 않는 것으로 확인되었다.",
                "clue": [
                    {
                        "clue_text": "PTP1B는 인슐린 신호전달기작에서 IR 및 IRS-1의 타이로신 잔기 인산화 반응을 방해하여 인슐린의 신호전달 반응을 억제시키므로 제2형 당뇨치료제 개발의 타켓기전으로 알려져 있다.",
                        "clue_start": "656",
                        "clue_end": "758"
                    },
                    {
                        "clue_text": "COE 추출물은 시료를 첨가하지 않은 대조군에 비해 PTP1B 효소 활성을 감소시키는 경향을 보였으나 통계학적으로 유의적인 감소효과를 보이지 않았다(Fig. 1B).",
                        "clue_start": "759",
                        "clue_end": "851"
                    },
                    {
                        "clue_text": "췌장 베타세포인 RIN-m5F 세포의 사이토카인(IL-\\( 1 \\beta~2 \\mathrm{ng} / \\mathrm{mL} \\), IFN-\\( \\gamma ~100 \\mathrm{~U} / \\mathrm{mL} \\) ) 노출에 의한 세포독성을 측정한 결과, 사이토카인 단독 첨가군의 세포생존율은 정상군에 비해 \\( 50 \\% \\) 정도 감소되었다(Fig. 2A).",
                        "clue_start": "1182",
                        "clue_end": "1385"
                    },
                    {
                        "clue_text": "COE 추출물은 2형당뇨의 만성 염증반응에 따른 췌장 베타세포의 사멸기전을 미비하게 억제시키지만 인슐린 분비 촉진효과에는 아무런 영향을 미치는 않는 것으로 확인되었다.",
                        "clue_start": "1545",
                        "clue_end": "1638"
                    }
                ],
                "terminology": [
                    {
                        "word": "COE 추출물"
                    },
                    {
                        "word": "DPP-4"
                    },
                    {
                        "word": "DPP-Ⅳ"
                    },
                    {
                        "word": "GLP-1"
                    },
                    {
                        "word": "IR"
                    },
                    {
                        "word": "receptor"
                    },
                    {
                        "word": "감소효과"
                    },
                    {
                        "word": "경구용"
                    },
                    {
                        "word": "기질"
                    },
                    {
                        "word": "당 수송체"
                    },
                    {
                        "word": "대조군"
                    },
                    {
                        "word": "로지글리타존"
                    },
                    {
                        "word": "만성염증"
                    },
                    {
                        "word": "반감기"
                    },
                    {
                        "word": "베타세포"
                    },
                    {
                        "word": "사이토카인"
                    },
                    {
                        "word": "세포"
                    },
                    {
                        "word": "세포독성"
                    },
                    {
                        "word": "세포막"
                    },
                    {
                        "word": "세포생존율"
                    },
                    {
                        "word": "시료"
                    },
                    {
                        "word": "신호전달"
                    },
                    {
                        "word": "신호전달기작"
                    },
                    {
                        "word": "억제효과"
                    },
                    {
                        "word": "염증반응"
                    },
                    {
                        "word": "위장관"
                    },
                    {
                        "word": "유의성"
                    },
                    {
                        "word": "인슐린"
                    },
                    {
                        "word": "인슐린 분비능"
                    },
                    {
                        "word": "인슐린 분비량"
                    },
                    {
                        "word": "인슐린 수용체"
                    },
                    {
                        "word": "작용기전"
                    },
                    {
                        "word": "정상군"
                    },
                    {
                        "word": "제2형 당뇨병"
                    },
                    {
                        "word": "증식"
                    },
                    {
                        "word": "첨가군"
                    },
                    {
                        "word": "췌장베타세포"
                    },
                    {
                        "word": "타이로신 잔기 인산화 반응"
                    },
                    {
                        "word": "통계학적"
                    },
                    {
                        "word": "포도당"
                    },
                    {
                        "word": "혈당"
                    },
                    {
                        "word": "혈당강하제"
                    },
                    {
                        "word": "혈중"
                    },
                    {
                        "word": "호르몬"
                    },
                    {
                        "word": "활성화"
                    },
                    {
                        "word": "효소 활성"
                    }
                ]
            }
        ]
    }
}