{
    "dataset_info": {
        "identifier": "02-031-002-NL",
        "name": "기술과학 문서 요약 데이터",
        "category": "자연어",
        "last_updated": "2023-08-30"
    },
    "dataset": {
        "doc_id": "28a7cd33-f54e-4e0c-84c6-666ac7686a3a",
        "doc_type": "논문",
        "doc_title": {
            "kor": "Rhodobacter sphaeroides 에서 \\( 5 \\)-aminolevulinic acid 생산에 대한 \\( 850 \\mathrm{nm} \\) 근적외선 발광다이오드 조사 효과",
            "eng": "Effect of  \\( 850 \\mathrm{nm} \\)  near-infrared light emitting diode irradiation on the production of \\( 5 \\)-aminolevulinic acid in Rhodobacter sphaeroides"
        },
        "doc_category": {
            "KDC": "521.305",
            "DDC": ""
        },
        "doc_number": {
            "ISSN": "1976-0442",
            "ISBN": "",
            "DOI": "",
            "UCI": ""
        },
        "doc_year": "2021",
        "doc_author": [
            "모상준"
        ],
        "doc_publisher": "한국응용생명화학회",
        "doc_license": "CC BY",
        "context_info": [
            {
                "context_id": "55e-0c9-merge_la_28a7cd33-f54e-4e0c-84c6-666ac7686a3a_03",
                "context_K-NSCC": {
                    "field": "생명",
                    "large_category": "LA",
                    "medium_category": "07"
                },
                "context": "<h2>통계 분석</h2> <p>\\( Graphpad \\) \\( Prism \\) \\( 7.0 \\) 프로그램 \\( (GraphPad \\) \\(Software, \\) \\( Inc., \\) \\( La \\) \\( Jolla, \\) \\( CA, \\) \\(USA) \\)을 통해 실험 결과 분석을 수행하였고 분석 자료는 평균 \\( \\pm \\) 표준오차 \\( (m e a n \\pm \\mathrm { SE } ) \\) 로 나타냈다. 실험에서 얻은 결과에 대해 일원배치 분산분석 \\( (one \\) \\( way \\) \\(ANOVA) \\) 또는 이원배치 분산분석 \\( (two \\) \\( way \\) \\(ANOVA) \\)로 수행하였으며, 대조군과 실험군 간의 유의성은 \\( Tukey \\) \\( test \\) 를 사용하여 \\( p<0.05 \\) 수준에서 사후 확인하였다. 또한 균주 성장값과 \\( ALA \\) 농도값 결과를 근거로 선형상관 분석을 통해 상관성을 확인하였다.</p> <h1>결과 및 고찰</h1> <h2>\\( LED \\) 조사 파장별 \\( R. \\) \\( sphaeroides \\) 의 성장변화</h2> <p>\\( R. \\) \\( sphaeroides \\) 최적성장 파장을 선정하기 위해 \\( ( 450, \\) \\( 530, \\) \\( 630, \\) \\( 750, \\) \\( 850 \\) \\mathrm { ~nm } \\) 파장의 \\( LED \\) 빛을 조사하여 시간에 따른 \\( R. \\) \\( sphaeroides \\)의 성장변화를 조사하였다. \\( Fig. \\) \\( 2 \\mathrm { A } \\)는 조사한 빛의 파장에 따른 \\( R. \\) \\( sphaeroides \\)의 성장을 시간별로 나타낸 그래프이다. \\( 850 \\mathrm { ~nm } \\) 파장의 \\( \\mathrm { LED } \\)만 조사한 \\( R. \\) \\( sphaeroides \\)의 성장이 대조군 대비 \\( 36 \\)시간부터 \\( 120 \\)시간까지 유의성 있게 증가하였다 \\( (p<0.0001) \\). 특히, \\( 72 \\)시간의 경우 \\( R. \\) \\( sphaeroides \\)의 성장이 대조군 \\( \\left ( \\mathrm { OD } _ { 660 \\mathrm { ~nm } } = 0.833 \\pm 0.015 \\right ) \\) 대비 약 \\( 1.5 \\)배 증가하였다. \\( 450 \\) \\( \\mathrm { nm } \\) 파장의 경우 가장 낮은 성장을 보였으며 \\( 48 \\)시간 이후 \\( 530 \\) \\( \\mathrm { nm } \\) 파장은 \\( 630 \\mathrm { ~nm } \\) 파장 보다 \\( R. \\) \\( sphaeroides \\)의 성장률이 높았다. 또한, 각 \\( LED \\) 파장에서 \\( R. \\) \\( sphaeroides \\)의 최고 성장값과 \\( \\mathrm { ALA } \\)의 농도 사이의 상관관계를 분석한 결과, 이 둘 사이의 상관계수는 \\( r=0.8583 \\)로 계산되었다. 이 결과는 두 변수간에 유의미한 높은 상관관계를 가지고 있고 \\( (p<0.05), \\mathrm { OD } _ { 660 \\mathrm { ~nm } } \\)의 값을 통해 \\( \\mathrm { ALA } \\) 의 농도를 예측 할 수 있다는 결론을 얻었다 \\( (Fig. \\) \\( 2 \\mathrm { B } ) \\). 김 등도 \\( 880 \\mathrm { ~nm } \\) 파장의 \\( LED \\)를 조사하여 본 연구 결과보다 약 \\( 3.8 \\)배 높은 \\( 4.9 \\left ( \\mathrm { OD } _ { 600 \\mathrm { ~nm } } \\right ) \\)의 \\( \\mathrm { OD } \\)값을 보이는 결과를 보고하였으나, \\( \\mathrm { ALA } \\)의 생산량에 대한 결과는 보고하지 않았다 \\( [25]. \\) 이러한 결과는 균주 부유상태에서 \\( 800 \\mathrm { ~nm } \\)와 \\( 850-870 \\mathrm { ~nm } \\)의 최대 흡수대를 나타내는 \\( R. \\) \\( sphaeroides \\)의 특징으로 인한 것으로 추측된다 \\( [22]. \\)</p>",
                "context_length": 2044,
                "summary": "통계적 분석은 Graphpad Prism 7.0 프로그램을 통해 수행되었으며, 결과 데이터는 평균 ± 표준오차로 표현되었다. R. sphaeroides의 최적 성장 파장을 결정하기 위해 다양한 파장의 LED 빛(450, 530, 630, 750, 850 nm)을 이용하여 시간에 따른 성장 변화를 조사하였다. 그 결과, R. sphaeroides의 성장은 대조군에 비해 36시간부터 120시간까지 유의하게 증가하였다(p<0.0001).",
                "clue": [
                    {
                        "clue_text": "통계 분석",
                        "clue_start": "4",
                        "clue_end": "9"
                    },
                    {
                        "clue_text": "\\( Graphpad \\) \\( Prism \\) \\( 7.0 \\) 프로그램 \\( (GraphPad \\) \\(Software, \\) \\( Inc., \\) \\( La \\) \\( Jolla, \\) \\( CA, \\) \\(USA) \\)을 통해 실험 결과 분석을 수행하였고 분석 자료는 평균 \\( \\pm \\) 표준오차 \\( (m e a n \\pm \\mathrm { SE } ) \\) 로 나타냈다.",
                        "clue_start": "18",
                        "clue_end": "233"
                    },
                    {
                        "clue_text": "\\( R. \\) \\( sphaeroides \\) 최적성장 파장을 선정하기 위해 \\( ( 450, \\) \\( 530, \\) \\( 630, \\) \\( 750, \\) \\( 850 \\) \\mathrm { ~nm } \\) 파장의 \\( LED \\) 빛을 조사하여 시간에 따른 \\( R. \\) \\( sphaeroides \\)의 성장변화를 조사하였다.",
                        "clue_start": "563",
                        "clue_end": "751"
                    },
                    {
                        "clue_text": "\\( sphaeroides \\)의 성장이 대조군 대비 \\( 36 \\)시간부터 \\( 120 \\)시간까지 유의성 있게 증가하였다 \\( (p<0.0001) \\).",
                        "clue_start": "914",
                        "clue_end": "1001"
                    }
                ],
                "terminology": [
                    {
                        "word": "ALA"
                    },
                    {
                        "word": "OD"
                    },
                    {
                        "word": "SE"
                    },
                    {
                        "word": "간의 유의성"
                    },
                    {
                        "word": "균주"
                    },
                    {
                        "word": "분산분석"
                    },
                    {
                        "word": "상관계수"
                    },
                    {
                        "word": "선형상관 분석"
                    },
                    {
                        "word": "이원배치 분산분석"
                    },
                    {
                        "word": "일원배치"
                    },
                    {
                        "word": "일원배치 분산분석"
                    },
                    {
                        "word": "파장"
                    },
                    {
                        "word": "표준오차"
                    }
                ]
            },
            {
                "context_id": "55e-0c9-merge_la_28a7cd33-f54e-4e0c-84c6-666ac7686a3a_05",
                "context_K-NSCC": {
                    "field": "생명",
                    "large_category": "LA",
                    "medium_category": "07"
                },
                "context": "<h2>유기산 전구체에 따른 \\( ALA \\)의 생산량 변화</h2>\\( \\) \\( R. \\) \\( sphaeroides \\)<p>위의 결과를 바탕으로 \\( 850 \\mathrm { ~nm } \\) 파장의 \\( \\mathrm { LED } \\)를 조사하며 \\( R. \\) \\( sphaeroides \\)를 \\( 5 \\mathrm { mM } \\) 의 유기산이 함유된 각각의 기본배지에서 \\( 72 \\)시간 성장시킨 후 \\( \\mathrm { ALA } \\)의 농도를 측정하였다. \\( Fig. \\) \\( 4A \\) 에서 보여주듯, 유기산 전구체에 따라 \\( R. \\) \\( sphaeroides \\)의 \\( ALA \\) 생산량이 다양하게 변화됨을 확인하였고, \\( acetic \\) \\( acid, \\) \\( pyruvic \\) \\( acid, \\) \\( succinic \\) \\( acid \\)을 첨가한 배지를 사용한 경우 특히 대조군 \\( (6.30 \\pm 0.30 \\mathrm { mM } ) \\) 보다도 \\( R. \\) \\( sphaeroides \\)의 \\( ALA \\) 생산량이 각각 \\( 2.6, \\) \\( 2.8 \\) 및 \\( 2.3 \\)배 증가하였으며 \\( (p<0.0001), \\) \\( pyruvic \\) \\( acid, \\)를 첨가한 배지를 사용할 경우 대조군 대비 \\( \\mathrm { ALA } \\)의 생산량이 가장 높음을 알 수 있었다. 건조체 질량당 \\( ALA \\)의 생산량 역시 \\( acetic \\) \\( acid, \\) \\( pyruvic \\) \\( acid, \\) \\( succinic \\) \\( acid \\)에서 대조군 \\( (34.2 + 4.9 \\) \\( \\mu \\mathrm { g } / \\mathrm { mg } - \\mathrm { DCW } ) \\) 대비 각각 약 \\( 1.2 \\)배, \\( 1.4 \\)배 및 \\( 1.4 \\)배 증가를 보였으나, \\( pyruvic \\) \\( acid, \\)와 \\( succinic \\) \\( acid \\)에서만 유의성을 확인 할 수 있고 \\( (p<0.05) \\) \\( sulfuric \\) \\( acid \\)를 첨가한 배양액의 균체에서 생산된 \\( \\mathrm { ALA } \\)의 양은 대조군 대비 약 \\( 63.5 \\% \\) 감소한 결과를 보였다 \\( (p<0.001) \\) \\( Fig. \\) \\( 4B \\). 고농도의 \\( glycine \\)은 본 연구에서 \\( R. \\) \\( sphaeroides \\)의 성장 및 \\( \\mathrm { ALA } \\) 생산에 명백한 영향을 미치지 않았다(미공개 데이터). 이것은 아마도 과도한 \\( glycine \\) 첨가가 \\( glycine \\) 자체 및 \\( glycine \\) 대사의 결과로 생성된 암모니아에 의해 세포 성장을 억제하고 또한 알칼리성 조건에서 \\( \\mathrm { ALA } \\)의 화학적 불안정성 때문인 것으로 추측된다 \\( [4] \\). 본 연구에서는 다양한 유기산 중 \\( acetic \\) \\( acid, \\) \\( pyruvic \\) \\( acid, \\) 및 \\( succinic \\) \\( acid \\)에서 \\( \\mathrm { ALA } \\)의 생산이 매우 높았다. 특히 \\( pyruvic \\) \\( acid, \\)에서 가장 높았는데 \\( pyruvic \\) \\( acid, \\)가 \\( glycine \\)과 \\( succinyl-CoA \\)의 전구체 역할을 하여 \\( \\mathrm { ALA } \\)의 생산을 증가시키는 것으로 추즉되며, \\( acetic \\) \\( acid, \\)의 경우 \\( acetyl-CoA \\) 합성효소에 의해 \\( acetyl-CoA \\)로 전환되어 \\( \\mathrm { TCA } \\) 회로를 통해 \\( succinyl-CoA \\)를 합성 한 후 \\( \\mathrm { ALA } \\)의 생산을 증가시키는 것으로 추측된다. \\( Succinic \\) \\( acid \\)의 경우에도 \\( succinyl-CoA \\) 합성효소에 의해 바로 \\( succinyl-CoA \\)로 전환되어 \\( \\mathrm { ALA } \\)의 생산을 증가시킨 것으로 관단된다 \\( [27,28] \\) \\( (Fig. \\) \\( 1) \\). 이것은 고농도의 \\( glycine \\)을 직접 배지에 첨가하여 \\( \\mathrm { ALAS } \\) 에 의해 직접 \\( \\mathrm { ALA } \\)의 생산을 유도하는 것보다 \\( pyruvic \\) \\( acid, \\)가 \\( serine \\)을 통해 \\( glycine \\)을 합성 후 \\( \\mathrm { ALA } \\)를 생산하거나, \\( pyruvic \\) \\( acid, \\) \\( acetic \\) \\( acid, \\) 그리고 \\( succinic \\) \\( acid \\)가 직접 혹은 \\( \\mathrm { CoA } \\) 합성 후 미토콘드리아로 유입되어 \\( TCA \\) 회로를 통해 \\( succinyl-CoA \\)를 합성한 후 이 중 일부가 \\( \\mathrm { ALAS } \\)에 의해 간접적으로 \\( \\mathrm { ALA } \\)를 생산하는 것이 더 안정적임을 보여주는 결과이다 \\( (Fig. \\) \\( 1) \\).</p>",
                "context_length": 2571,
                "summary": "\\( sphaeroides \\)의 \\( ALA \\) 생산량은 \\( 2. 6, 2. 8, 2.3 \\)배 증가하였고, \\( p<0. 0001 \\) 이었다. \\( pyruvic \\) \\( acid \\)를 첨가한 배지를 사용하였을 때, \\( \\mathrm { ALA } \\)의 생산량이 대조군에 비해 가장 높게 관찰되었다. 이 결과는 과도한 \\( glycine \\) 첨가가 암모니아 생성과 \\( \\mathrm { ALA } \\)의 화학적 불안정성 때문에 세포 성장을 억제하는 것으로 추정되었다. \\( pyruvic \\) \\( acid \\)는 \\( glycine \\)과 \\( succinyl-CoA \\)의 전구체 역할을 하여 \\( \\mathrm { ALA } \\)의 생산을 증가시키며, \\( acetic \\) \\( acid \\)의 경우 \\( acetyl-CoA \\) 합성효소에 의해 \\( acetyl-CoA \\)로 전환되어 \\( \\mathrm { TCA } \\) 회로를 통해 \\( succinyl-CoA \\)를 합성한 후 \\( \\mathrm { ALA } \\)의 생산을 증가시킨다고 추측되었다.",
                "clue": [
                    {
                        "clue_text": "\\( sphaeroides \\)의 \\( ALA \\) 생산량이 각각 \\( 2.6, \\) \\( 2.8 \\) 및 \\( 2.3 \\)배 증가하였으며 \\( (p<0.0001), \\) \\( pyruvic \\) \\( acid, \\)를 첨가한 배지를 사용할 경우 대조군 대비 \\( \\mathrm { ALA } \\)의 생산량이 가장 높음을 알 수 있었다.",
                        "clue_start": "520",
                        "clue_end": "708"
                    },
                    {
                        "clue_text": "이것은 아마도 과도한 \\( glycine \\) 첨가가 \\( glycine \\) 자체 및 \\( glycine \\) 대사의 결과로 생성된 암모니아에 의해 세포 성장을 억제하고 또한 알칼리성 조건에서 \\( \\mathrm { ALA } \\)의 화학적 불안정성 때문인 것으로 추측된다 \\( [4] \\).",
                        "clue_start": "1292",
                        "clue_end": "1456"
                    },
                    {
                        "clue_text": "특히 \\( pyruvic \\) \\( acid, \\)에서 가장 높았는데 \\( pyruvic \\) \\( acid, \\)가 \\( glycine \\)과 \\( succinyl-CoA \\)의 전구체 역할을 하여 \\( \\mathrm { ALA } \\)의 생산을 증가시키는 것으로 추즉되며, \\( acetic \\) \\( acid, \\)의 경우 \\( acetyl-CoA \\) 합성효소에 의해 \\( acetyl-CoA \\)로 전환되어 \\( \\mathrm { TCA } \\) 회로를 통해 \\( succinyl-CoA \\)를 합성 한 후 \\( \\mathrm { ALA } \\)의 생산을 증가시키는 것으로 추측된다.",
                        "clue_start": "1591",
                        "clue_end": "1922"
                    },
                    {
                        "clue_text": "이것은 고농도의 \\( glycine \\)을 직접 배지에 첨가하여 \\( \\mathrm { ALAS } \\) 에 의해 직접 \\( \\mathrm { ALA } \\)의 생산을 유도하는 것보다 \\( pyruvic \\) \\( acid, \\)가 \\( serine \\)을 통해 \\( glycine \\)을 합성 후 \\( \\mathrm { ALA } \\)를 생산하거나, \\( pyruvic \\) \\( acid, \\) \\( acetic \\) \\( acid, \\) 그리고 \\( succinic \\) \\( acid \\)가 직접 혹은 \\( \\mathrm { CoA } \\) 합성 후 미토콘드리아로 유입되어 \\( TCA \\) 회로를 통해 \\( succinyl-CoA \\)를 합성한 후 이 중 일부가 \\( \\mathrm { ALAS } \\)에 의해 간접적으로 \\( \\mathrm { ALA } \\)를 생산하는 것이 더 안정적임을 보여주는 결과이다 \\( (Fig. \\) \\( 1) \\).",
                        "clue_start": "2088",
                        "clue_end": "2567"
                    },
                    {
                        "clue_text": "\\( Fig. \\) \\( 4A \\) 에서 보여주듯, 유기산 전구체에 따라 \\( R. \\) \\( sphaeroides \\)의 \\( ALA \\) 생산량이 다양하게 변화됨을 확인하였고, \\( acetic \\) \\( acid, \\) \\( pyruvic \\) \\( acid, \\) \\( succinic \\) \\( acid \\)을 첨가한 배지를 사용한 경우 특히 대조군 \\( (6.30 \\pm 0.30 \\mathrm { mM } ) \\) 보다도 \\( R. \\) \\( sphaeroides \\)의 \\( ALA \\) 생산량이 각각 \\( 2.6, \\) \\( 2.8 \\) 및 \\( 2.3 \\)배 증가하였으며 \\( (p<0.0001), \\) \\( pyruvic \\) \\( acid, \\)를 첨가한 배지를 사용할 경우 대조군 대비 \\( \\mathrm { ALA } \\)의 생산량이 가장 높음을 알 수 있었다.",
                        "clue_start": "268",
                        "clue_end": "708"
                    }
                ],
                "terminology": [
                    {
                        "word": "ALA"
                    },
                    {
                        "word": "CoA"
                    },
                    {
                        "word": "DCW"
                    },
                    {
                        "word": "Succinic"
                    },
                    {
                        "word": "TCA"
                    },
                    {
                        "word": "acetic"
                    },
                    {
                        "word": "acetyl-CoA"
                    },
                    {
                        "word": "glycine"
                    },
                    {
                        "word": "pyruvic"
                    },
                    {
                        "word": "serine"
                    },
                    {
                        "word": "succinyl-CoA"
                    },
                    {
                        "word": "균체"
                    },
                    {
                        "word": "대조군"
                    },
                    {
                        "word": "미토콘드리아"
                    },
                    {
                        "word": "배지"
                    },
                    {
                        "word": "알칼리성"
                    },
                    {
                        "word": "암모니아"
                    },
                    {
                        "word": "유기산"
                    },
                    {
                        "word": "유기산 전구체"
                    },
                    {
                        "word": "전구체"
                    },
                    {
                        "word": "파장"
                    },
                    {
                        "word": "합성효소"
                    },
                    {
                        "word": "화학적 불안정성"
                    },
                    {
                        "word": "회로"
                    }
                ]
            },
            {
                "context_id": "55e-0c9-merge_la_28a7cd33-f54e-4e0c-84c6-666ac7686a3a_02",
                "context_K-NSCC": {
                    "field": "생명",
                    "large_category": "LA",
                    "medium_category": "07"
                },
                "context": "<h2>다양한 유기산 전구체 첨가에 따른 \\( ALA \\) 의 생산량 분석</h2> <p>\\( ALA \\) 생합성 전구체로 사용되는 다양한 유기산 \\((acetic \\) \\( acid, \\) \\( butyric \\) \\( acid, \\) \\( propionic \\) \\( acid, \\) \\( pyruvic \\) \\( acid, \\) \\( succinic \\) \\( acid, \\) \\( sulfuric \\) \\( acid) \\)을 \\((Sigma-Aldrich \\)사 \\((St. Louis, \\) \\( MO, \\) \\( USA) \\)에서 구입하여 기본배지에 최종 농도가 \\( 5 \\mathrm { mM } ( \\mathrm { v } / \\mathrm { v } ) \\) 되게 첨가한 후 \\( 1 \\mathrm { ~N } \\) \\( \\mathrm { NaOH } \\)를 이용하여 \\( \\mathrm { pH } \\) \\( 7.2 \\) 까지 보정한 후 \\( R. \\) \\( sphaeroides \\)를 \\( 660 \\mathrm { ~nm } \\)에서 흡광도 \\( 0.5 \\)가 되도록 접종하였다. 배지의 최종 \\( \\mathrm { pH } \\)는 \\( \\mathrm { pH } \\) \\( paper \\) \\( (Sigma Aldrich, \\) \\( St. Louis, \\) \\( USA) \\) 를 사용하여 확인하였다. 접종 후, \\( 72 \\)시간 배양하여 배양액의 \\( \\mathrm { ALA } \\)의 농도와 건조체 질량당 \\( \\mathrm { ALA } \\) 생산량 측정하기 위하여 위에서 기술한 방법데로 건조체 질량을 측정하였다. 배양하는 동안 동일한 광도로 \\( 850 \\mathrm { ~nm } \\) 파장의 \\( LED \\) 빛을 조사하였다. 정량적 평가를 위해 \\( 3 \\)회 반복 실험하여 최종 \\( \\mathrm { ALA } \\) 생산랑을 결정하였다.</p> <h2>\\( Glucose \\)농도에 따른 \\( R. \\) \\( sphaeroides \\)의 성장변화와 \\( ALA \\) 생산량 분석</h2> <p>\\( 1 \\mathrm { M } \\) \\( glucose \\) 용액을 \\( vaccum \\) \\( filter \\) \\( system \\) \\( (pore \\) \\(size: \\) \\( 0.22 \\mu \\mathrm { m } , \\) \\(Corning, \\) \\( Glendale, \\) \\(AZ, \\) \\( USA) \\)을 통해 멸균 후 최종농도가 \\( 5,10,20,40,80 \\) 및 \\( 160 \\mathrm { mM } \\)이 되도록 기본배지에 넣고, \\( \\mathrm { 5mM } \\)의 \\( pyruvic \\) \\( acid, \\) 첨가 후 \\( 1 \\mathrm { ~N } \\mathrm { NaOH } \\)로 \\( \\mathrm { pH } \\)를 \\( 7.2 \\)로 보정하였다. \\( Glucose \\) 및 \\( pyruvic \\) \\( acid, \\) 첨가와 \\( \\mathrm { pH } \\) 보정이 모두 끝난 기본배지에 \\( R. \\) \\( sphaeroides \\)를 \\( 660 \\mathrm { ~nm } \\)에서 흡광도 \\( 0.5 \\) 가 되도록 접종한 다음 \\( 72 \\)시간 배양하고 그 배양액 \\( 2 \\mathrm { ~mL } \\) 를 분취하여 \\( 1 \\mathrm { ~mL } \\)는 \\( UV-VIS \\) 분광광도계 \\( (Libra \\) \\(S22) \\)를 사용하여 균주의 성장을 위의 방법으로 측정하였다. 나머지 배양액 \\( 1 \\mathrm { ~mL } \\)는 원심분리 후 상등액을 분취하여 위에서 언급한 방법대로 \\( \\mathrm { ALA } \\) 의 농도를 측정하였다. 건조체 질량을 측정하기 위해 상등액을 제거한 원심분리 \\(tube \\)를 위에서 언급한 데로 \\(dry \\) \\(oven \\)에서 건조한 후 질량을 측정하여 \\( R. \\) \\( sphaeroides \\)의 건조체 질량을 측정하였다. 배양하는 동안 동일한 광도로 \\( 850 \\mathrm { ~nm } \\) 파장의 \\( LED \\) 빛을 조사하였고 정량적 평가를 위해 \\( 3 \\)회 반복 실험하여 \\( R. \\) \\( sphaeroides \\) 성장력과 \\( ALA \\) 생산량을 최종 결정하였다.</p>",
                "context_length": 2122,
                "summary": "각종 유기산들을 기본 배지에 5mM (v/v)로 최종 농도를 보정한 후 산도 7.2로 660nm의 흡광도 0.5로 배지에 첨가하여 생합성 실험을 수행하였고 배양하는 동안 동일한 광도850nm에 노출시켜 균주의 성장을 측졍하였으며 나머지는 1ml를 원심분리하여 상등액을 분취하고 알라모의 농도를 측정하는 실험을 하였다. 850nm파장의 LED 빛에 동일하게 노출하면서 3번의 반복 실험을 거치면서 정량적인 평가를 하였으며 성장력과 생산량을 최종 산출할 수 있었다.",
                "clue": [
                    {
                        "clue_text": "\\( ALA \\) 생합성 전구체로 사용되는 다양한 유기산 \\((acetic \\) \\( acid, \\) \\( butyric \\) \\( acid, \\) \\( propionic \\) \\( acid, \\) \\( pyruvic \\) \\( acid, \\) \\( succinic \\) \\( acid, \\) \\( sulfuric \\) \\( acid) \\)을 \\((Sigma-Aldrich \\)사 \\((St. Louis, \\) \\( MO, \\) \\( USA) \\)에서 구입하여 기본배지에 최종 농도가 \\( 5 \\mathrm { mM } ( \\mathrm { v } / \\mathrm { v } ) \\) 되게 첨가한 후 \\( 1 \\mathrm { ~N } \\) \\( \\mathrm { NaOH } \\)를 이용하여 \\( \\mathrm { pH } \\) \\( 7.2 \\) 까지 보정한 후 \\( R. \\) \\( sphaeroides \\)를 \\( 660 \\mathrm { ~nm } \\)에서 흡광도 \\( 0.5 \\)가 되도록 접종하였다.",
                        "clue_start": "50",
                        "clue_end": "560"
                    },
                    {
                        "clue_text": "배지의 최종 \\( \\mathrm { pH } \\)는 \\( \\mathrm { pH } \\) \\( paper \\) \\( (Sigma Aldrich, \\) \\( St. Louis, \\) \\( USA) \\) 를 사용하여 확인하였다",
                        "clue_start": "561",
                        "clue_end": "685"
                    },
                    {
                        "clue_text": "접종 후, \\( 72 \\)시간 배양하여 배양액의 \\( \\mathrm { ALA } \\)의 농도와 건조체 질량당 \\( \\mathrm { ALA } \\) 생산량 측정하기 위하여 위에서 기술한 방법데로 건조체 질량을 측정하였다.",
                        "clue_start": "687",
                        "clue_end": "811"
                    },
                    {
                        "clue_text": "배양하는 동안 동일한 광도로 \\( 850 \\mathrm { ~nm } \\) 파장의 \\( LED \\) 빛을 조사하였고 정량적 평가를 위해 \\( 3 \\)회 반복 실험하여 \\( R. \\) \\( sphaeroides \\) 성장력과 \\( ALA \\) 생산량을 최종 결정하였다.",
                        "clue_start": "1969",
                        "clue_end": "2118"
                    }
                ],
                "terminology": [
                    {
                        "word": "ALA"
                    },
                    {
                        "word": "UV-VIS"
                    },
                    {
                        "word": "glucose"
                    },
                    {
                        "word": "pyruvic"
                    },
                    {
                        "word": "succinic"
                    },
                    {
                        "word": "균주"
                    },
                    {
                        "word": "배지"
                    },
                    {
                        "word": "분광광도계"
                    },
                    {
                        "word": "분취"
                    },
                    {
                        "word": "상등액"
                    },
                    {
                        "word": "생합성"
                    },
                    {
                        "word": "생합성 전구체"
                    },
                    {
                        "word": "원심분리"
                    },
                    {
                        "word": "유기산"
                    },
                    {
                        "word": "유기산 전구체"
                    },
                    {
                        "word": "전구체"
                    },
                    {
                        "word": "파장"
                    }
                ]
            },
            {
                "context_id": "55e-0c9-merge_la_28a7cd33-f54e-4e0c-84c6-666ac7686a3a_04",
                "context_K-NSCC": {
                    "field": "생명",
                    "large_category": "LA",
                    "medium_category": "07"
                },
                "context": "<h2>LED 조사 파장별 ALA의 생산량 변화</h2><p>Fig. 3A는 R. sphaeroides가 최대 성장 시간일때 조사한 LED 빛의 파장에 따른 광합성세균 R. sphaeroides에서 생산되는 ALA의 농도를 보여주는 그래프이다. 각 시간대별 성장 변화를 분석하기 위해 배양액을 분취하여 \\( 660 \\mathrm { ~nm } \\)에서 흡광도를 측정한 후 다시 회수하여 원심분리 후 상층액을 이용하여 ALA의 농도를 측정하여였다. R. sphaeroides를 배양할때 조사한 LED의 파장에 따라 R. sphaeroides에서 생산된 ALA의 농도가 달랐고, 특히 \\( 850 \\mathrm { ~nm } \\) 파장의 LED를 조사한 경우에 R. sphaeroides에서 생산된 ALA의 농도가 대조군 \\( (3.47 \\pm 0.63 \\mathrm { mM } ) \\) 대비 약 1.8 배 높았다 \\( (p<0.0001) \\). 그러나, \\( 450 \\mathrm { ~nm } \\) 파장의 LED를 조사 할 경우 대조군 대비 약 \\( 40.0 \\pm 3.0 \\% \\) 낮았고 \\( (p<0.01) \\) Fig. 2A의 결과와 다르게 \\( 530 \\mathrm { ~nm } \\) 보다 \\( 630 \\mathrm { ~nm } \\) 에서 ALA의 생산량이 높았으나 유의성은 없었다. 또한 건조 균체당 ALA의 생산량을 측정하기 위해 상층액이 제거된 원심분리 tube를 dry oven에서 건조 후 R. sphaeroides 건조체 질랑을 측정하여 Fig. 3B에 건조체 질량당 ALA의 생산랑을 나타냈다. 그 결과 \\( 850 \\mathrm { ~nm } \\)에서 대조군 \\( (18.6 \\pm 3.1 \\mu \\mathrm { g } / \\mathrm { mg } - \\mathrm { DCW } ) \\) 대비 ALA 생산량 값이 약 1.7 배 증가된 결과를 얻었다\\( (p<0.01)\\). ALA의 생산량은 배양액과 건조체 질량 모두 동일하게 \\( 850 \\mathrm { ~nm } \\) 파장의 LED를 조사한 실험군에서 가장 높은 결과를 보였다. 결론적으로, 적외선 파장 빛 부분에서 최대 흡수대를 갖는 R. sphaeroides의 고유한 특징을 이용하면 R. sphaeroides의 광합성 능력을 촉진하여 균의 생장증진 및 ALA의 생합성 양을 높일 수 있다는 결론을 얻었다 \\( [22,26]. \\)</p>",
                "context_length": 1193,
                "summary": "R. sphaeroides의 ALA 생산량에 대한 연구를 수행하였다. 이 과정에서 배양액을 채취하여 660 nm에서의 흡광도를 측정하였으며, ALA 농도를 측정하기 위해 원심분리 후 상층액을 사용하였다. 이 결과, 적외선 파장 빛 부분에서 최대 흡수대를 갖는 R. sphaeroides의 특성을 이용하면 균의 생장증진 및 ALA의 생산량을 향상시킬 수 있다는 결론을 얻었다.",
                "clue": [
                    {
                        "clue_text": "Fig. 3A는 R. sphaeroides가 최대 성장 시간일때 조사한 LED 빛의 파장에 따른 광합성세균 R. sphaeroides에서 생산되는 ALA의 농도를 보여주는 그래프이다.",
                        "clue_start": "34",
                        "clue_end": "136"
                    },
                    {
                        "clue_text": "각 시간대별 성장 변화를 분석하기 위해 배양액을 분취하여 \\( 660 \\mathrm { ~nm } \\)에서 흡광도를 측정한 후 다시 회수하여 원심분리 후 상층액을 이용하여 ALA의 농도를 측정하여였다.",
                        "clue_start": "137",
                        "clue_end": "249"
                    },
                    {
                        "clue_text": "결론적으로, 적외선 파장 빛 부분에서 최대 흡수대를 갖는 R. sphaeroides의 고유한 특징을 이용하면 R. sphaeroides의 광합성 능력을 촉진하여 균의 생장증진 및 ALA의 생합성 양을 높일 수 있다는 결론을 얻었다",
                        "clue_start": "1046",
                        "clue_end": "1174"
                    }
                ],
                "terminology": [
                    {
                        "word": "ALA"
                    },
                    {
                        "word": "DCW"
                    },
                    {
                        "word": "LED 조사 파장"
                    },
                    {
                        "word": "R. sphaeroides"
                    },
                    {
                        "word": "dry oven"
                    },
                    {
                        "word": "건조 균체"
                    },
                    {
                        "word": "건조체 질량"
                    },
                    {
                        "word": "광합성 능력"
                    },
                    {
                        "word": "광합성세균"
                    },
                    {
                        "word": "대조군"
                    },
                    {
                        "word": "분취"
                    },
                    {
                        "word": "생장증진"
                    },
                    {
                        "word": "생합성"
                    },
                    {
                        "word": "실험군"
                    },
                    {
                        "word": "원심분리"
                    },
                    {
                        "word": "적외선 파장 빛 부분"
                    },
                    {
                        "word": "최대 흡수대"
                    },
                    {
                        "word": "파장"
                    },
                    {
                        "word": "흡광도"
                    }
                ]
            },
            {
                "context_id": "55e-0c9-merge_la_28a7cd33-f54e-4e0c-84c6-666ac7686a3a_00",
                "context_K-NSCC": {
                    "field": "생명",
                    "large_category": "LA",
                    "medium_category": "01"
                },
                "context": "<h1>I. 서론</h1> <p>이미지 센서는 촬상 소자를 통해 영상을 전기적 신호로 바꾸는 장치로서, 일반적으로 렌즈와 이미지 센서, 제어 회로를 결합한 모듈 형태로 스마트폰 등의 각종 기기에 장착된다. 렌즈를 모듈 상에 고정하는 과정에서 기계적인 오차로 인해 렌즈의 광학축과 촬상 소자의 수광면이 올바른 방향으로 고정되지 않는 경우가 발생하기도 하며, 모듈을 기기에 장착하는 과정에서도 비슷한 문제가 발생하기도 한다. 이로 인해 이미지 센서 모듈이 취득한 영상이 다소 기울어지거나 회전되기도 하고, 설계 사양에 비해 시야가 좁아지기도 한다. 따라서 이미지 센서 모듈의 광학적 특성을 테스트하여 결함 또는 불량을 판별하여야 한다. 이미지 센서 모듈의 영상 취득 특성을 학인하기 위해서는 이미지 센서 모듈의 생산이나 기기 장착 후에 전용 테스트 장비를 사용해서 전수 검사로 테스트를 수행한다. 이미지 센서 모듈의 광학적 특성 테스트도 거의 비슷한 방법과 절차로 수행되기 때문에, 대체적으로 이미지 센서 모듈의 영상 취득 특성과 광학적 특성을 테스트 장비에서 함께 테스트한다. 최근에 이미지 센서 모듈의 영상 취득 특성 테스트가 표준화 [1]-[4] 되었으므로, 광학적 특성 테스트를 이와 유사한 방법으로 정의하고 표준화하는 것은 테스트 장비에서 영상 취득 특성과 광학적 특성을 함께 테스트하는 데 큰 도움이 된다.</p> <p>본 논문에서는 이미지 센서 모듈의 광학적 특성을 테스트하는 방법을 설명하고, 이를 영상 취득 특성과 유사한 방식으로 표준화한 기술 (description) 방법을 제안한다. 이 테스트 방법 및 기술 방법은 부분적으로 한국반도체산업협회의 표준 [5]-[7]을 참고하였다.</p> <h1>재료 및 방법</h1> <h2>균주 및 배양</h2> <p>본 연구에 사용한 \\( R. sphaeroides \\) \\( KCTC \\) \\( 1434 \\)은 한국생물자원센터( \\( Korean \\) \\( Collection \\) \\( for \\) \\( Type \\) \\( Cultures, \\) \\( Jeongeup, \\) \\( Korea \\))로 부터 분양을 받아 실험을 진행하였다. 본 배양을 위해 단일 R. sphaeroides 콜로니를 \\( 10 \\mathrm { ~mL } \\) 액체 \\( SIS \\)배지에 접종하였다 \\( [23] \\). 액체 배양액을 \\( 660 \\mathrm { ~nm } \\)파장의 분광광도계에서 측정하여 \\( -1.5 \\) 의 \\( OD \\) \\( (optical density) \\)값을 갖는 대수성장 단계에 도달하는 \\( 72 \\)시간 동안 호기적으로 배양하였다. \\( 150 \\mathrm { ~mL } \\)의 \\( serum \\) \\( bottle \\) 배양기에 \\( glutamate \\)가 미 침가된 멸균된 기본배지 \\( (D,L-malic \\) \\( acid \\) \\( 2.7 \\mathrm { ~g } , \\) \\( \\mathrm { KH } _ { 2 } \\mathrm { PO } _ { 4 } \\) \\(0.5 \\mathrm { ~g } , \\left ( \\mathrm { NH } _ { 4 } \\right )_ { 2 } \\mathrm { HPO } _ { 4 } \\) \\(0.5 \\mathrm { ~g } , \\) \\( \\mathrm { MgSO } _ { 4 } \\cdot 7 \\mathrm { H } _ { 2 } \\mathrm { O } \\) \\( 0.1 \\mathrm { ~g } , \\) \\( \\mathrm { CaCl } _ { 2 } -2 \\mathrm { H } _ { 2 } \\mathrm { O } , \\) \\(27 \\mathrm { mg } , \\) \\( nicotinic \\) \\( acid \\) \\( 1 \\mathrm { mg } , \\) \\(vitamin \\) \\( \\mathrm { B } -1 \\) \\( \\mathrm { HCl } \\)) \\( 1 \\mathrm { mg } , \\) \\( \\mathrm { MnSO } _ { 4 } \\cdot 5 \\mathrm { H } _ { 2 } \\mathrm { O } \\) \\( 1.2 \\mathrm { mg } , \\) \\( biotin \\) \\( 0.01 \\mathrm { mg } , \\) 증류수 \\( 1 \\mathrm { ~L } , \\mathrm { pH } 6.8) \\) 를 \\( 50 \\mathrm { ~mL } \\) 씩 분주 한 후 혼합가스 \\( \\left ( \\mathrm { N } _ { 2 } / \\mathrm { H } _ { 2 } / \\mathrm { CO } _ { 2 } ; 90: 5: 5 \\right ) \\) 로 치환된 혐기성 배양기(Thermos Forma, Marietta, \\( \\mathrm { OH } , \\mathrm { USA } ) \\) 에서 7일간 혐기직 상태로 치환시킨 후, 호기적으로 배양한 \\( R \\). \\( sphaeroides \\) 를 초기 균체농도가 \\( 660 \\mathrm { ~nm } \\) 에서 흡광도 \\( 0.5 \\) 가 되도록 접종하였다. 균주를 접종한 \\( serum \\) \\( bottle \\)을 실리콘마개와 알루미늄 캡으로 밀폐한 뒤 호기적 상태에서 \\( magnetic \\) \\( stirrer \\)로 \\( 80-100 \\) \\( rpm \\) 속도로 교반해가며 \\( 30 ^ {\\circ } \\mathrm { C } \\) 에서 배양하였다. 광원의 광도는 \\( serum \\) \\( bottle \\)이 받는 선단부에서 \\( 100 \\mathrm { ~W } \\) 백열등과 \\( LED \\)가 \\( 100-120 \\mu \\mathrm { mol } / \\mathrm { m } ^ { 2 } / \\mathrm { s } \\) 되도록 광원의 위치를 조절하였다. 광도측정은 휴대용 광도계 \\( (DELTA \\) \\( HD2101.2, \\) \\( Italy) \\)를 사용하였다.</p>",
                "context_length": 2909,
                "summary": "이미지 센서 모듈의 광학적 특성 테스트 방법에 대해 설명하고, 영상 취득 특성에 유사한 방식으로 이를 표준화하는 방법을 제안하는 본 연구는 한국반도체산업협회의 표준을 참고하였다. 이 센서는 렌즈, 이미지 센서, 제어 회로가 결합된 모듈 형태로, 렌즈의 광학축과 촬상 소자의 수광면이 올바른 방향으로 고정되지 않는 경우 기계적 오차가 발생할 수 있다. 실험은 한국생물자원센터로부터 분양받은 \\( R. sphaeroides \\) \\( KCTC \\) \\( 1434 \\)를 사용하여 진행되었으며, 휴대용 광도계를 사용하여 광도를 측정하였다.",
                "clue": [
                    {
                        "clue_text": "본 논문에서는 이미지 센서 모듈의 광학적 특성을 테스트하는 방법을 설명하고, 이를 영상 취득 특성과 유사한 방식으로 표준화한 기술 (description) 방법을 제안한다. 이 테스트 방법 및 기술 방법은 부분적으로 한국반도체산업협회의 표준 [5]-[7]을 참고하였다.",
                        "clue_start": "687",
                        "clue_end": "837"
                    },
                    {
                        "clue_text": "이미지 센서는 촬상 소자를 통해 영상을 전기적 신호로 바꾸는 장치로서, 일반적으로 렌즈와 이미지 센서, 제어 회로를 결합한 모듈 형태로 스마트폰 등의 각종 기기에 장착된다. 렌즈를 모듈 상에 고정하는 과정에서 기계적인 오차로 인해 렌즈의 광학축과 촬상 소자의 수광면이 올바른 방향으로 고정되지 않는 경우가 발생하기도 하며, 모듈을 기기에 장착하는 과정에서도 비슷한 문제가 발생하기도 한다.",
                        "clue_start": "18",
                        "clue_end": "235"
                    },
                    {
                        "clue_text": "본 연구에 사용한 \\( R. sphaeroides \\) \\( KCTC \\) \\( 1434 \\)은 한국생물자원센터( \\( Korean \\) \\( Collection \\) \\( for \\) \\( Type \\) \\( Cultures, \\) \\( Jeongeup, \\) \\( Korea \\))로 부터 분양을 받아 실험을 진행하였다.",
                        "clue_start": "879",
                        "clue_end": "1060"
                    },
                    {
                        "clue_text": "본 배양을 위해 단일 R. sphaeroides 콜로니를 \\( 10 \\mathrm { ~mL } \\) 액체 \\( SIS \\)배지에 접종하였다 \\( [23] \\).",
                        "clue_start": "1061",
                        "clue_end": "1151"
                    },
                    {
                        "clue_text": "광도측정은 휴대용 광도계 \\( (DELTA \\) \\( HD2101.2, \\) \\( Italy) \\)를 사용하였다.",
                        "clue_start": "2842",
                        "clue_end": "2905"
                    }
                ],
                "terminology": [
                    {
                        "word": "Collection"
                    },
                    {
                        "word": "KCTC"
                    },
                    {
                        "word": "OD"
                    },
                    {
                        "word": "R. sphaeroides"
                    },
                    {
                        "word": "biotin"
                    },
                    {
                        "word": "glutamate"
                    },
                    {
                        "word": "serum"
                    },
                    {
                        "word": "stirrer"
                    },
                    {
                        "word": "광도계"
                    },
                    {
                        "word": "균주"
                    },
                    {
                        "word": "균체농도"
                    },
                    {
                        "word": "대수성장 단계"
                    },
                    {
                        "word": "분광광도계"
                    },
                    {
                        "word": "센서"
                    },
                    {
                        "word": "알루미늄"
                    },
                    {
                        "word": "액체 배양액"
                    },
                    {
                        "word": "이미지 센서"
                    },
                    {
                        "word": "전기적 신호"
                    },
                    {
                        "word": "제어 회로"
                    },
                    {
                        "word": "증류수"
                    },
                    {
                        "word": "촬상 소자"
                    },
                    {
                        "word": "치환"
                    },
                    {
                        "word": "콜로니"
                    },
                    {
                        "word": "혐기성"
                    },
                    {
                        "word": "회로"
                    }
                ]
            },
            {
                "context_id": "55e-0c9-merge_la_28a7cd33-f54e-4e0c-84c6-666ac7686a3a_07",
                "context_K-NSCC": {
                    "field": "생명",
                    "large_category": "LA",
                    "medium_category": "07"
                },
                "context": "<p>\\( \\mathrm { mg } \\)-DCW) 대비 모두 약 \\( 1.4 \\)배 유의성 있게 증가한 값을 보였고 \\( (p<0.001 \\) 과 \\( p<0.01), 80 \\mathrm { mM } \\) 과 \\( 160 \\mathrm { mM } \\) glucose에서는 배양액의 결과와 동일하게 감소하였다. 특히, \\( 160 \\mathrm { mM } \\) \\( glucose \\)에서는 대조군 대비 약 \\( 32.6 \\pm 10.0 \\% \\) 감소된 유의성있는 결과를 보였다 \\( (p<0.01) \\) \\( (Fig. \\) \\( 5 \\mathrm { B } ) \\). 이 결과는 \\( 50 \\mathrm { mM } \\)의 \\( glucose \\) 농도에서 \\( R. \\) \\( sphaeroides \\) \\( SH5 \\) 균주를 통해 균주의 성장과 \\( \\mathrm { ALA } \\)의 생산을 증가시킨 \\( Tangprasittipap \\)의 실험과 비슷한 결과를 보여준다 \\( [29] \\). 그러나, \\( 80 \\mathrm { mM } \\) 또는 \\( 160 \\mathrm { mM } \\) 의 높은 \\( glucose \\) 농도에서는 오히려 균주의 성장과 \\( \\mathrm { ALA } \\)의 생산 농도가 감소하는 경향을 보였다. 이것은 높은 농도의 \\( glucose \\)가 균주 성장과 \\( \\mathrm { ALA } \\) 생산 농도의 증가 보다는 삼투압 현상을 촉진하여 균주의 성장을 억제하고 이로인해 \\( \\mathrm { ALA } \\)의 생산 농도를 감소시키는 것으로 판단 된다. 결론적으로, 본 연구를 통해 서로 다른 파장을 가진 \\( LED \\)의 광원이 \\( R. \\) \\( sphaeroides \\) 에 서로 다른 성장 효과를 나타내는 결과를 얻었다. 특히, \\( 850 \\mathrm { ~nm } \\) 근적외선 영역의 표장은 \\( R. \\) \\( sphaeroides \\)의 성장과 \\( \\mathrm { ALA } \\)의 생산을 증가시키는 결과를 보여 주었고 \\( pyruvic \\) \\( acid \\)의 첨가와 적정 농도의 \\( glucose \\)는 \\( R. \\) \\( sphaeroides \\)의 성장과 \\( \\mathrm { ALA } \\)의 생산을 더 증가시키는 결과를 보여주었다.</p> <h1>초 록</h1>\\( \\)<p>광감각제를 이용한 광역학 치료는 필요한 특정 부위에만 빛을 조사하여 치료 효과를 나타내는 부작용이 적은 방법이다. \\( 5-aminolevulinic \\) \\( acid \\) \\( (ALA) \\)는 다양한 생물체에서 합성되는 대표적 광감제로 암진단과 치료를 포함하는 다양한 분야에서 사용되고 있다. 본 연구에서는 다양한 파장의 \\( LED \\), 유기산 전구체 및 \\( glucose \\) 농도 변화를 통한 \\( Rhodobacter \\) \\( sphaeroides \\) 의 최적 성장 조건과 \\( \\mathrm { ALA } \\) 생산 조건을 확립하기 위한 실험을 진행하였다. 백열등과 동일한 광도 아래에서 \\( Rhodobacter \\) \\( sphaeroides \\)에 \\( 850 \\mathrm { ~nm } \\) \\( LED \\) 빛을 조사하면 대조군 대비 균주의 성장과 \\( \\mathrm { ALA } \\) 의 생산 농도를 각각 \\( 1.5 \\)배 및 \\( 1.8 \\)배 증가시킬 수 있고, 전구체로 \\( pyruvic \\) \\( acid \\) 를 첨가한 경우 \\( 850 \\mathrm { ~nm } \\) 파장의 \\( LED \\)만 조사한 경우 보다 \\( \\mathrm { ALA } \\) 의 생산 농도를 약 \\( 2.8 \\)배 증가 시켰으며 동일 배양 조건에 \\( 40 \\mathrm { mM } \\) \\( glucose \\)를 첨가하여 배양한 결과 \\( Rhodobacter \\) \\( sphaeroides \\)의 성장은 \\( 850 \\mathrm { ~nm } \\) 파장의 \\( LED \\) 조사와 \\( pyruvic \\) \\( acid \\)를 첨가한 것에 비해 약 \\( 2.9 \\) 배, \\( \\mathrm { ALA } \\)의 생산 농도는 약 \\( 3.4 \\) 배 \\( (20 \\mathrm { mM } ) \\) 증가되었다. 건조체 질량당 \\( \\mathrm { ALA } \\)의 생산은 \\( 20 \\mathrm { mM } \\)과 \\( 40 \\mathrm { mM } \\) \\( glucose \\)에서 대조군 대비 각각 약 \\( 1.4 \\) 배 높은 결과를 나타냈다. 결론적으로 다양한 파장의 \\( \\mathrm { LED } \\) 중 \\( 850 \\mathrm { ~nm } \\) 파장의 \\( LED \\)가 \\( Rhodobacter \\) \\( sphaeroides \\)의 성장률 및 \\( \\mathrm { ALA } \\)의 생산을 최대로 높였으며, \\( 5 ~ \\mathrm { mM } \\) \\( pyruvic \\) \\( ~acid \\)와 \\( 40 ~ \\mathrm { mM } \\) \\( glucose \\)의 농도에서 최적의 \\( Rhodobacter \\) \\( sphaeroides \\) 성장과 \\( \\mathrm { ALA } \\) 생산을 확인하였다.</p>",
                "context_length": 2564,
                "summary": "본 연구에서 진행한 실험은 Rhodobacter sphaeroidessphaeroides 의 최적 성장 조건과 ALA 생산조건을 확립시키기 위해 진행됐으며, 결과적으로 LED파장 중 850 nm 파장의 LED가 ALA의 최대 생산을 이끌어냈고 5 mM pyruvicpyruvic ~acid acid와 40 ~ \\mathrm { mM }40 mM glucoseglucose의 농도가 효율적인 Rhodobacter sphaeroidessphaeroides 성장과 \\mathrm { ALA }ALA 생산에 적합하다는 것을 확인했다.",
                "clue": [
                    {
                        "clue_text": "결론적으로 다양한 파장의 \\( \\mathrm { LED } \\) 중 \\( 850 \\mathrm { ~nm } \\) 파장의 \\( LED \\)가 \\( Rhodobacter \\) \\( sphaeroides \\)의 성장률 및 \\( \\mathrm { ALA } \\)의 생산을 최대로 높였으며, \\( 5 ~ \\mathrm { mM } \\) \\( pyruvic \\) \\( ~acid \\)와 \\( 40 ~ \\mathrm { mM } \\) \\( glucose \\)의 농도에서 최적의 \\( Rhodobacter \\) \\( sphaeroides \\) 성장과 \\( \\mathrm { ALA } \\) 생산을 확인하였다.",
                        "clue_start": "2227",
                        "clue_end": "2560"
                    },
                    {
                        "clue_text": " 이 결과는 \\( 50 \\mathrm { mM } \\)의 \\( glucose \\) 농도에서 \\( R. \\) \\( sphaeroides \\) \\( SH5 \\) 균주를 통해 균주의 성장과 \\( \\mathrm { ALA } \\)의 생산을 증가시킨 \\( Tangprasittipap \\)의 실험과 비슷한 결과를 보여준다 \\( [29] \\).",
                        "clue_start": "322",
                        "clue_end": "508"
                    },
                    {
                        "clue_text": "그러나, \\( 80 \\mathrm { mM } \\) 또는 \\( 160 \\mathrm { mM } \\) 의 높은 \\( glucose \\) 농도에서는 오히려 균주의 성장과 \\( \\mathrm { ALA } \\)의 생산 농도가 감소하는 경향을 보였다.",
                        "clue_start": "509",
                        "clue_end": "646"
                    },
                    {
                        "clue_text": "광감각제를 이용한 광역학 치료는 필요한 특정 부위에만 빛을 조사하여 치료 효과를 나타내는 부작용이 적은 방법이다.",
                        "clue_start": "1167",
                        "clue_end": "1230"
                    },
                    {
                        "clue_text": " \\( sphaeroides \\) 에 서로 다른 성장 효과를 나타내는 결과를 얻었다. 특히, \\( 850 \\mathrm { ~nm } \\) 근적외선 영역의 표장은 \\( R. \\) \\( sphaeroides \\)의 성장과 \\( \\mathrm { ALA } \\)의 생산을 증가시키는 결과를 보여 주었고 \\( pyruvic \\) \\( acid \\)의 첨가와 적정 농도의 \\( glucose \\)는 \\( R. \\) \\( sphaeroides \\)의 성장과 \\( \\mathrm { ALA } \\)의 생산을 더 증가시키는 결과를 보여주었다.",
                        "clue_start": "846",
                        "clue_end": "1142"
                    }
                ],
                "terminology": [
                    {
                        "word": "ALA"
                    },
                    {
                        "word": "LED"
                    },
                    {
                        "word": "Rhodobacter"
                    },
                    {
                        "word": "acid"
                    },
                    {
                        "word": "glucose"
                    },
                    {
                        "word": "pyruvic"
                    },
                    {
                        "word": "광감각제"
                    },
                    {
                        "word": "균주"
                    },
                    {
                        "word": "대조군"
                    },
                    {
                        "word": "배양"
                    },
                    {
                        "word": "배양액"
                    },
                    {
                        "word": "삼투압"
                    },
                    {
                        "word": "유기산 전구체"
                    },
                    {
                        "word": "유의성"
                    },
                    {
                        "word": "적정 농도"
                    },
                    {
                        "word": "파장"
                    },
                    {
                        "word": "합성"
                    }
                ]
            },
            {
                "context_id": "55e-0c9-merge_la_28a7cd33-f54e-4e0c-84c6-666ac7686a3a_01",
                "context_K-NSCC": {
                    "field": "생명",
                    "large_category": "LA",
                    "medium_category": "07"
                },
                "context": "<h2>LED 파장에 따른 R. sphaeroides의 성장변화 측정</h2> <p>LED 파장별 R. sphaeroides의 성장 변화를 측정하기 위해 실험군으로는 각각 126개의 다이오드가 설치된 \\( 450, \\) \\(550, \\) \\(650, \\) \\(750 \\) 및 \\( 850 \\mathrm { ~nm } \\) 파장의 LED를 5일간 조사하며 매 6시간 또는 12시간마다 배양액을 취한 후 UV-VIS 분광광도계(Libra S22, Biochrom, England)를 사용하여 \\( 660 \\mathrm { ~nm } \\) 에서 흡광도 \\( \\left ( \\mathrm { OD } _ { 660 \\mathrm { ~nm } } \\right ) \\)를 측정하여 균주의 성장을 확인하였다. 필요에 따라 배양 시료를 분광 광도계 측정 범위 내에 있는 밀도로 희석하였다. 정량적 평가를 위해 3회 반복 실험하여 최종 성장률을 결정하였다.</p> <h2>배양액의 ALA 농도 및 건조체 질량당 ALA 생산량 측정</h2> <p>배양액 시료 \\( 1 \\mathrm { ~mL } \\) 을 분취 후 15분간 \\( 13,000 \\mathrm { rpm } \\) 으로 원심분리하여 상등액을 회수한 다음, Mauzerall과 Granick의 방법에 따라, 시료 \\( 0.75 \\mathrm { ~mL } \\)에 \\( 1 \\mathrm { M } \\) acetate buffer \\( ( \\mathrm { pH } ~4.6) \\) \\(1 \\mathrm { ~mL } \\) 및 acetyl acetone \\( 40 \\mu \\mathrm { L } \\) 을 혼합하고, 열 중탕으로 15분간 반응시킨 후 냉각시킨다. 상기용액 \\( 1.75 \\mathrm { ~mL } \\) 와 Ehrilich's 시약(Sigma-Aldrich, St.Louis, MO, USA) \\( 1.75 \\mathrm { ~mL } \\) 을 넣고 잘 섞은 후 20분간 상온에서 방치시키고, 분광광도계를 이용하여 \\( 556 \\mathrm { ~nm } \\)에서 흡광도를 측정한 후 ALA 표준곡선 \\( \\left ( \\epsilon_ { 556 } =9,300 \\mathrm { M } ^ { -1 } \\mathrm { ~cm } ^ { -1 } \\right ) \\)을 이용하여 배양액에 포함된 ALA의 농도를 분석하였다. R. sphaeroides 건조체 질량당 ALA의 생산량을 측정하기 위해 상층액이 제거된 원심분리 tube를 \\( 50 ^ {\\circ } \\mathrm { C } \\) 의 dry oven에서 24시간 건조시킨 후 정밀전자저울(OHAUS, Parsippany, NJ, USA)에서 무게를 측정하여 원심분리되기 전에 미리 질량을 재어둔 빈 원심분리 tube의 무게를 빼어 R. sphaeroides의 건조 질량을 산출하였다. 필요에 따라 ALA의 농도는 ALA 표준곡선 선형 범위 내에 있는 농도로 희석하였다. 정량직 평가를 위해 3회 반복 실험하여 최종 농도를 결정하였다.</p>",
                "context_length": 1491,
                "summary": "LED 파장별로 R. sphaeroides의 성장 변화를 측정하기 위해, \\(\\mathrm{450\\sim850nm}\\) 파장의 LED 5개를 5일간 조사하며 UV-VIS 분광광도계를 사용하여 \\(\\mathrm{660nm}\\)에서 흡광도를 측정하여 균주의 성장을 확인했다. 건조체 질량당 ALA의 생산량을 측정하기 위해, 원심분리 tube에서 상층액을 제거하고 \\( 50 ^ {\\circ } \\mathrm { C } \\) 의 dry oven에서 24시간 건조시켰다. 그리고 정밀전자저울에서 무게를 측정한 다음, 원심분리되기 전 미리 질량을 재어둔 빈 원심분리 tube의 무게를 빼어 R. sphaeroides의 건조 질량을 산출하였다.",
                "clue": [
                    {
                        "clue_text": "LED 파장별 R. sphaeroides의 성장 변화를 측정하기 위해 실험군으로는 각각 126개의 다이오드가 설치된 \\( 450, \\) \\(550, \\) \\(650, \\) \\(750 \\) 및 \\( 850 \\mathrm { ~nm } \\) 파장의 LED를 5일간 조사하며 매 6시간 또는 12시간마다 배양액을 취한 후 UV-VIS 분광광도계(Libra S22, Biochrom, England)를 사용하여 \\( 660 \\mathrm { ~nm } \\) 에서 흡광도 \\( \\left ( \\mathrm { OD } _ { 660 \\mathrm { ~nm } } \\right ) \\)를 측정하여 균주의 성장을 확인하였다.",
                        "clue_start": "47",
                        "clue_end": "390"
                    },
                    {
                        "clue_text": "R. sphaeroides 건조체 질량당 ALA의 생산량을 측정하기 위해 상층액이 제거된 원심분리 tube를 \\( 50 ^ {\\circ } \\mathrm { C } \\) 의 dry oven에서 24시간 건조시킨 후 정밀전자저울(OHAUS, Parsippany, NJ, USA)에서 무게를 측정하여 원심분리되기 전에 미리 질량을 재어둔 빈 원심분리 tube의 무게를 빼어 R. sphaeroides의 건조 질량을 산출하였다.",
                        "clue_start": "1167",
                        "clue_end": "1403"
                    }
                ],
                "terminology": [
                    {
                        "word": "ALA 표준곡선"
                    },
                    {
                        "word": "LED 파장"
                    },
                    {
                        "word": "OD"
                    },
                    {
                        "word": "R. sphaeroides"
                    },
                    {
                        "word": "UV-VIS"
                    },
                    {
                        "word": "acetate buffer"
                    },
                    {
                        "word": "acetyl acetone"
                    },
                    {
                        "word": "dry oven"
                    },
                    {
                        "word": "pH"
                    },
                    {
                        "word": "광도계"
                    },
                    {
                        "word": "균주"
                    },
                    {
                        "word": "다이오드"
                    },
                    {
                        "word": "밀도"
                    },
                    {
                        "word": "배양"
                    },
                    {
                        "word": "배양액"
                    },
                    {
                        "word": "분광광도계"
                    },
                    {
                        "word": "분취"
                    },
                    {
                        "word": "상등액"
                    },
                    {
                        "word": "상층액"
                    },
                    {
                        "word": "시료"
                    },
                    {
                        "word": "실험군"
                    },
                    {
                        "word": "열 중탕"
                    },
                    {
                        "word": "원심분리"
                    },
                    {
                        "word": "정밀전자저울"
                    },
                    {
                        "word": "최종 성장률"
                    },
                    {
                        "word": "흡광도"
                    },
                    {
                        "word": "희석"
                    }
                ]
            },
            {
                "context_id": "55e-0c9-merge_la_28a7cd33-f54e-4e0c-84c6-666ac7686a3a_06",
                "context_K-NSCC": {
                    "field": "생명",
                    "large_category": "LA",
                    "medium_category": "07"
                },
                "context": "<h2>Glucose 농도별 \\( R. \\) \\( sphaeroides \\)의 성장과 \\( \\mathrm { ALA } \\)의 생산량</h2> <p>\\( 850 \\mathrm { ~nm } \\) 파장의 \\( LED \\)를 조사하며 \\( 5 \\mathrm { mM } \\)의 \\( pyruvic \\) \\( acid \\)가 함유된 배지에 다양한 농도의 \\( glucose \\)를 첨가한 후 \\( R. \\) \\( sphaeroides \\)의 성장과 \\( \\mathrm { ALA } \\)의 생산량을 측정하였다. \\( Fig. \\) \\( 5 \\mathrm { A } \\)에 나타난 결과치럼 배지에 첨가한 \\( glucose \\)의 농도에 따라 \\( R. \\) \\( sphaeroides \\)의 성장 뿐만 아니라 \\( \\mathrm { ALA } \\) 생산량의 증가를 확인하였다. \\( R. \\) \\( sphaeroides \\)의 성장은 \\( 20 \\mathrm { mM } \\) \\( glucose \\) 농도부터 대조군 \\( \\left ( \\mathrm { OD } _ { 660 \\mathrm { ~mm } } \\right . \\) \\( =1.57 \\pm 0.09 \\) ) 대비 유의성 있는 증가를 나타넸고 \\( \\mathrm { ALA } \\) 의 농도는 \\( 10 \\mathrm { mM } \\) \\( glucose \\) 농도부터 대조군( \\( 5.90 \\pm 0.30 \\) ) 대비 유의성 있는 증가를 보였다. 특히, 배지 내에 \\( glucose \\) 농도를 \\( 40 \\mathrm { mM } \\) 농도로 첨가하였을 때 대조군 대비 \\( R. \\) \\( sphaeroides \\)의 성장은 \\( 2.9 \\)배 증가하였고 \\( (p<0.0001 \\)), \\( ALA \\)의 농도는 약 \\( 3.4 \\)배 증가하였다 \\( (p<0.0001 \\)). 그러나, \\( 80 \\) 과 \\( 160 \\mathrm { mM } \\) \\( glucose \\) 농도에서는 \\( 40 \\) \\( \\mathrm { mM } \\) 대비 \\( R. \\) \\( sphaeroides \\)의 성장이 각각 약 \\( 19.6 \\pm 2.9 \\% \\) 및 \\( 33.4 \\pm 2.4 \\% \\) 감소하였고 \\( \\mathrm { ALA } \\)의 생산 농도 역시 각각 약 \\( 17.1 \\pm 3.5 \\% \\) 및 \\( 46.5 \\pm 3.5 \\% \\) 감소하였다. 건조체 질량당 \\( \\mathrm { ALA } \\)의 생산량은 \\( 20 \\mathrm { mM } \\) 과 \\( 40 \\mathrm { mM } \\) \\( glucose \\)에서 대조군 \\( (51.6 \\pm 4.3 \\mu \\mathrm { g } / \\)</p>",
                "context_length": 1346,
                "summary": "\\( 850 \\mathrm { nm } \\) 파장의 LED를 조사하며 \\( 5 \\mathrm { mM } \\)의 pyruvic acid가 함유된 배지에 다양한 농도의 glucose를 첨가한 후 R. sphaeroides의 성장과 ALA의 생산량을 측정한 결과, 배지에 첨가한 glucose의 농도에 따라 R. sphaeroides의 성장 뿐만 아니라 ALA 생산량의 증가가 되었다.",
                "clue": [
                    {
                        "clue_text": "\\( 850 \\mathrm { ~nm } \\) 파장의 \\( LED \\)를 조사하며 \\( 5 \\mathrm { mM } \\)의 \\( pyruvic \\) \\( acid \\)가 함유된 배지에 다양한 농도의 \\( glucose \\)를 첨가한 후 \\( R. \\) \\( sphaeroides \\)의 성장과 \\( \\mathrm { ALA } \\)의 생산량을 측정하였다.",
                        "clue_start": "83",
                        "clue_end": "282"
                    },
                    {
                        "clue_text": "\\( Fig. \\) \\( 5 \\mathrm { A } \\)에 나타난 결과치럼 배지에 첨가한 \\( glucose \\)의 농도에 따라 \\( R. \\) \\( sphaeroides \\)의 성장 뿐만 아니라 \\( \\mathrm { ALA } \\) 생산량의 증가를 확인하였다.",
                        "clue_start": "283",
                        "clue_end": "431"
                    }
                ],
                "terminology": [
                    {
                        "word": "ALA"
                    },
                    {
                        "word": "LED"
                    },
                    {
                        "word": "OD"
                    },
                    {
                        "word": "acid"
                    },
                    {
                        "word": "glucose"
                    },
                    {
                        "word": "pyruvic"
                    },
                    {
                        "word": "대조군"
                    },
                    {
                        "word": "배지"
                    },
                    {
                        "word": "유의성"
                    },
                    {
                        "word": "파장"
                    }
                ]
            }
        ]
    }
}