{
    "dataset_info": {
        "identifier": "02-031-002-NL",
        "name": "기술과학 문서 요약 데이터",
        "category": "자연어",
        "last_updated": "2023-08-30"
    },
    "dataset": {
        "doc_id": "8a2ae4d1-012311e1-04a1-42e8-b4da-0c128a96565b",
        "doc_type": "논문",
        "doc_title": {
            "kor": "고밀도 지단백 콜레스테롤과 베타 3-아드레날린성 수용체 유전자 변이와의 관련성",
            "eng": ""
        },
        "doc_category": {
            "KDC": "470.5",
            "DDC": ""
        },
        "doc_number": {
            "ISSN": "1225-9918",
            "ISBN": "",
            "DOI": "",
            "UCI": ""
        },
        "doc_year": "2009",
        "doc_author": [
            "유병철",
            "전만중",
            "이용환"
        ],
        "doc_publisher": "한국생명과학회",
        "doc_license": "CC BY",
        "context_info": [
            {
                "context_id": "55e-0c9-merge_la_8a2ae4d1-012311e1-04a1-42e8-b4da-0c128a96565b_03",
                "context_K-NSCC": {
                    "field": "생명",
                    "large_category": "LA",
                    "medium_category": "02"
                },
                "context": "<h3>자료 분석</h3> <p>염기서열분석을 통해 확인된 유전자 다형성의 대립형질에 대한 linkage disequilibrium을 알아보기 위하여 Lewontin's \\( \\mathrm { D } ^ {\\prime } \\left ( \\left | \\mathrm { D } ^ {\\prime } \\right | \\right ) \\) 과 \\( \\mathrm { r } ^ { 2 } \\) 를 구하였다. Hardy-Weinberg equilibrium의 deviation 정도에 대한 유의성을 추정하기 위하여 \\( \\chi ^ { 2 } \\) 검정을 하였으며, 이형접합율은 대립형 질의 빈도인 \\( \\mathrm { p } \\) 와 \\( \\mathrm { q } = 1- \\mathrm { p } \\) 에서 \\( \\mathrm { H } =1- \\mathrm { p } ^ { 2 } - \\mathrm { q } ^ { 2 } =2 \\mathrm { p } (1- \\mathrm { p } ) \\) 의 공식으로 구하였다. \\( \\mathrm { HDL } - \\mathrm { C } \\), 허리둘레, 체질량지수, 중성지방, 공복혈당에 대하여 평균과 표준편차를 구하였으며, 연령을 통제하여 다중 회귀분석을 실시하였다. 통계적 유의수준은 \\( \\mathrm { p }<0.05 \\) 인 경우로 하였으며, 사용된 통계프로그램은 SPSS \\( 14.0 \\) (SPSS Inc., Chicago, IL)이었다.</p> <h1>결과 및 고찰</h1> <h2>ADRB3 유전자 다형성 발현빈도</h2> <p>ADRB3 유전자 다형성인 exon1의 \\( + 188 \\mathrm { ~T } >\\mathrm { C } \\)의 경우 열성 대립형질인 C의 발현빈도가 \\( 0.158 \\)이었으며, intron2의 \\( + 3893 \\mathrm { ~T } >\\mathrm { C } \\)에서는 열성 대립형질 C의 빈도가 \\( 0.164 \\)이었다. ADRB3유전자 염기서열 분석을 통해 밝혀낸 intron2의 \\( + 3893 \\mathrm { ~T } >\\mathrm { C } \\)의 경우 한국인을 대상으로 한 최초의 결과일 뿐만 아니라 다른 인종을 대상으로 한 타 연구자의 결과도 없으므로 다른 인구집단과의 비교가 불가능하였다. 그러나 한국인에서 exon1의 \\( + 188 \\mathrm { ~T } >\\mathrm { C } \\)와 비슷한 빈도로 유전자 변이가 나타났으므로 앞으로 이에 대한 연구가 더 필요할 것으로 생각된다. ADRB3 유전자의 또 다른 유전자 다형성인 exon1의 \\( 188 \\mathrm { ~T } >\\mathrm { C } \\)의 경우는 많은 연구가 이루어져 있다. 한국인을 대상으로 한 Rho 등의 연구에서 열성 대립형질인 C의 발현빈도가 0.160으로 보고하여 본 연구와 유사한 빈도를 보였다. 핀란드인을 대상으로 한 Widen 등의 연구에서는 0.115의 빈도를 나타내어 한국인 보다는 낮았으며, 일본인에서의 exon1의 \\( + 188 \\mathrm { ~T } >\\mathrm { C } \\) 변이의 열성 대립형질 C형 발현 빈도는 \\( 0.188 \\) - 0.21로서 한국인보다 높았다. 홍콩 중국인의 경우에는 열성 대립형질 C형 빈도가 \\( 0.127 \\)로서 한국인에서의 결과보다는 더 낮았다. Lehman 등이 멕시코 출신의 미국인을 대상으로 하여 발견한 ADRB3 유전자의 Ile62Met 변이는 본 연구에서는 발견하지 못하였다.</p>",
                "context_length": 1721,
                "summary": "유전자의 다형성과 그 대립형질에 대한 linkage disequilibrium을 알아보기 위해 Lewontin's \\( \\mathrm { D } ^ {\\prime } \\left ( \\left | \\mathrm { D } ^ {\\prime } \\right | \\right ) \\) 과 \\( \\mathrm { r } ^ { 2 } \\)를 사용하였다. 또한, 여러 건강 지표에 대한 통계적 분석을 실시하고, 연령을 통제한 다중 회귀분석을 사용하였다. 그 결과, 홍콩 중국인에서의 대립형질 C형 빈도는 한국인에 비해 낮으며, ADRB3 유전자의 특정 변이는 발견되지 않았다.",
                "clue": [
                    {
                        "clue_text": "염기서열분석을 통해 확인된 유전자 다형성의 대립형질에 대한 linkage disequilibrium을 알아보기 위하여 Lewontin's \\( \\mathrm { D } ^ {\\prime } \\left ( \\left | \\mathrm { D } ^ {\\prime } \\right | \\right ) \\) 과 \\( \\mathrm { r } ^ { 2 } \\) 를 구하였다.",
                        "clue_start": "18",
                        "clue_end": "224"
                    },
                    {
                        "clue_text": "\\( \\mathrm { HDL } - \\mathrm { C } \\), 허리둘레, 체질량지수, 중성지방, 공복혈당에 대하여 평균과 표준편차를 구하였으며, 연령을 통제하여 다중 회귀분석을 실시하였다.",
                        "clue_start": "515",
                        "clue_end": "624"
                    },
                    {
                        "clue_text": "홍콩 중국인의 경우에는 열성 대립형질 C형 빈도가 \\( 0.127 \\)로서 한국인에서의 결과보다는 더 낮았다. Lehman 등이 멕시코 출신의 미국인을 대상으로 하여 발견한 ADRB3 유전자의 Ile62Met 변이는 본 연구에서는 발견하지 못하였다.",
                        "clue_start": "1578",
                        "clue_end": "1717"
                    }
                ],
                "terminology": [
                    {
                        "word": "ADRB3"
                    },
                    {
                        "word": "HDL"
                    },
                    {
                        "word": "Hardy-Weinberg equilibrium"
                    },
                    {
                        "word": "Ile62Met 변이"
                    },
                    {
                        "word": "SPSS"
                    },
                    {
                        "word": "deviation 정도"
                    },
                    {
                        "word": "exon"
                    },
                    {
                        "word": "intron"
                    },
                    {
                        "word": "linkage disequilibrium"
                    },
                    {
                        "word": "다중 회귀분석"
                    },
                    {
                        "word": "대립형 질"
                    },
                    {
                        "word": "대립형질"
                    },
                    {
                        "word": "발현빈도"
                    },
                    {
                        "word": "열성"
                    },
                    {
                        "word": "염기서열분석"
                    },
                    {
                        "word": "유전자 다형성"
                    },
                    {
                        "word": "이형접합율"
                    },
                    {
                        "word": "통계적 유의수준"
                    },
                    {
                        "word": "표준편차"
                    }
                ]
            },
            {
                "context_id": "55e-0c9-merge_la_8a2ae4d1-012311e1-04a1-42e8-b4da-0c128a96565b_02",
                "context_K-NSCC": {
                    "field": "생명",
                    "large_category": "LA",
                    "medium_category": "02"
                },
                "context": "<h3>ADRB3 유전자의 염기서열분석</h3> <p>ADRB3 유전자에서의 단일염기서열다형성을 확인하기 위하여 연구대상자들 가운데 임의로 24명을 추출하여 ADRB3 유전자 전체에 대한 염기서열 분석을 시행하였으며 이때 \\( \\mathrm { pro } ^ { - } \\) moter 부위 약 \\( -1 \\mathrm { ~kb } \\)가 포함되도록 하였다. 염기서열 분석을 위해 GenBank sequences (Genome sequence: NT_007995 re-leased on 29, Aug. 2006)에 근거하여 고안한 11개의 primer를 사용하였다. 각 primer \\( 1.25 \\mathrm { pmol } \\), genomic DNA \\( 30 \\mathrm { ng } , 250 \\) \\( \\mu \\mathrm { M } \\mathrm { dNTPs } \\), 그리고 \\( 0.15 \\) U Taq DNA polymerase 혼합물(Applied Biosystems, Foster City, CA)로 PCR을 하였다. 증폭은 GeneAmp PCR System 9700 thermal cycler (Applied Biosystems)를 사용하여 touch-down 조건으로 수행하였다. Nucleotide sequencing 은 Big Dye Terminator version \\( 3.1 \\) Cycle Sequencing kit (Applied Biosystems)와 ABI 3730 Genetic Analyzer (Applied Biosystems)로 DNA 염기서열을 분석하였으며, 염기서열의 변이는 DNA star software를 사용하여 chromatogram으로 확인하였다. 염기서열분석 결과 exon1의 \\( + 188 \\mathrm { ~T } >\\mathrm { C } \\) (Trp64Arg), intron1의 + 1219G \\( >\\mathrm { T } \\), intron2의 \\( + 3558 \\mathrm { ~A } >\\mathrm { T } , + 3893 \\mathrm { ~T } >\\mathrm { C } \\)의 4개의 유전자 변이가 확인되었으나 \\( + 188 \\mathrm { ~T } >\\mathrm { C } \\)와 \\( + 1219 \\mathrm { G } >\\mathrm { T } , + 3558 \\mathrm { ~A } >\\mathrm { T } \\)와 \\( + 3893 \\mathrm { ~T } >\\mathrm { C } \\)는 밀접하게 연관되어(tightly linked) 있었으므로 최종 분석에는 exon1의 \\( + 188 \\mathrm { ~T } >\\mathrm { C } \\)와 intron2의 \\( + 3893 \\mathrm { ~T } >\\mathrm { C } \\)를 사용하였다.</p> <h3>Single base extension에 의한 유전형 분석</h3> <p>각 \\( \\mathrm { PCR } \\) primer \\( 1.25 \\mathrm { pmol } \\)과 genomic \\( \\mathrm { DNA } 20 \\mathrm { ng } , 250 \\mathrm { mM } \\) dNTPs, \\( 0.15 \\) U Taq DNA polymerase 혼합물(Applied Biosystems, Foster City, CA, USA)로 \\( \\mathrm { PCR } \\)을 하였다. 증폭은 GeneAmp PCR System 9700 thermal cycler (Applied Biosystem)를 사용하여 touch-down 조건으로 시행하였다. Primer extension 반응을 보기 위해 \\( 1 \\mathrm { U } \\mathrm { SAP } \\) (Amersham Life Science)를 PCR 산물에 첨가하여 PCR을 깨끗이 하였다. 이 혼합물은 \\( 37 ^ {\\circ } \\mathrm { C } \\)에서 1시간동안 배양 후 \\( 72 ^ {\\circ } \\mathrm { C } \\)에서 15분간 배양하여 효소를 불활성화 시켰다. Primer extension 반응은 SNaPshot ddNTP primer extension kit (Applied Biosystems)를 사용하여 수행하였다. \\( 1 \\mathrm { U } \\mathrm { SAP } \\)를 반응 혼합물에 첨가하여 \\( 37 ^ {\\circ } \\mathrm { C } \\)에서 1시간, \\( 72 ^ {\\circ } \\mathrm { C } \\)에서 15분간 배양하였다. DNA 표본과 extension 산물, 그리고 Genescan \\( 120 \\mathrm { Liz } \\) size-standard 용액을 Hi-Di formamide (Applied Biosystems)에 첨가하였다. 이 혼합물을 \\( 95 ^ {\\circ } \\mathrm { C } \\)에서 5분간 배양 후 5분간 얼음에 담궜다가 ABI Prism 3100 Genetic Analyzer에서 전기영동하였다. ABI Prism GeneScan and Genotyper (Applied Biosystems) 프로그램을 사용하여 결과를 분석하였다.</p>",
                "context_length": 2546,
                "summary": "ADRB3 유전자 분석을 위해 24명의 연구대상자를 임의로 추출하여 GenBank sequences 기반 11개의 primer를 사용하여 PCR반응을 실행하였다. 그 결과, ADRB3 유전자에서의 단일염기서열 다형성을 확인할 수 있었다. Single base extension에 의한 유전형 분석에는 ABI Prism GeneScan and Genotype 프로그램을 사용하였다.",
                "clue": [
                    {
                        "clue_text": "ADRB3 유전자에서의 단일염기서열다형성을 확인하기 위하여 연구대상자들 가운데 임의로 24명을 추출하여 ADRB3 유전자 전체에 대한 염기서열 분석을 시행하였으며 이때 \\( \\mathrm { pro } ^ { - } \\) moter 부위 약 \\( -1 \\mathrm { ~kb } \\)가 포함되도록 하였다.",
                        "clue_start": "30",
                        "clue_end": "201"
                    },
                    {
                        "clue_text": "염기서열 분석을 위해 GenBank sequences (Genome sequence: NT_007995 re-leased on 29, Aug. 2006)에 근거하여 고안한 11개의 primer를 사용하였다.",
                        "clue_start": "202",
                        "clue_end": "317"
                    },
                    {
                        "clue_text": "Single base extension에 의한 유전형 분석",
                        "clue_start": "1396",
                        "clue_end": "1428"
                    },
                    {
                        "clue_text": "ABI Prism GeneScan and Genotyper (Applied Biosystems) 프로그램을 사용하여 결과를 분석하였다.",
                        "clue_start": "2467",
                        "clue_end": "2542"
                    }
                ],
                "terminology": [
                    {
                        "word": "ADRB3"
                    },
                    {
                        "word": "CA"
                    },
                    {
                        "word": "DNA 염기서열"
                    },
                    {
                        "word": "GenBank"
                    },
                    {
                        "word": "Nucleotide sequencing"
                    },
                    {
                        "word": "PCR 산물"
                    },
                    {
                        "word": "Primer extension"
                    },
                    {
                        "word": "SAP"
                    },
                    {
                        "word": "Sequencing kit"
                    },
                    {
                        "word": "Taq DNA polymerase"
                    },
                    {
                        "word": "chromatogram"
                    },
                    {
                        "word": "dNTPs"
                    },
                    {
                        "word": "extension 반응"
                    },
                    {
                        "word": "formamide"
                    },
                    {
                        "word": "genomic DNA"
                    },
                    {
                        "word": "star"
                    },
                    {
                        "word": "thermal cycler"
                    },
                    {
                        "word": "단일염기서열다형성"
                    },
                    {
                        "word": "배양"
                    },
                    {
                        "word": "불활성화"
                    },
                    {
                        "word": "염기서열분석"
                    },
                    {
                        "word": "유전자"
                    },
                    {
                        "word": "유전형"
                    },
                    {
                        "word": "전기영동"
                    },
                    {
                        "word": "효소"
                    }
                ]
            },
            {
                "context_id": "55e-0c9-merge_la_8a2ae4d1-012311e1-04a1-42e8-b4da-0c128a96565b_06",
                "context_K-NSCC": {
                    "field": "생명",
                    "large_category": "LA",
                    "medium_category": "02"
                },
                "context": "<p>Miyaki 등은 ADRB3 유전자 단독으로는 비만과 관련이 없으며 고에너지 식이를 섭취하는 것과 같은 환경적 요인이 ADRB3 유전자 다형성과 상호작용하여 비만의 위험도를 증가시킨다고 하였다. 본 연구 결과와 타 연구자들의 결과를 볼 때 ADRB3 유전자 exon1의 \\( + 188 \\mathrm { ~T } >\\mathrm { C } \\) 변이가 직접적으로 비만 또는 당뇨와 관련이 있다고 판단하기는 어려울 것으로 생각된다. ADRB3 유전자 intron2의 \\( + 3893 \\mathrm { ~T } >\\mathrm { C } \\) 변이와의 관련성에 대해서는 역시 비교할 수 있는 연구가 없었다. 이렇게 연구자들마다 결과에 있어서 차이가 나는 이유는 대사증후군같은 다요인의 질환에서는 임상적 표현형에 영향을 미칠 수 있는 유전형간의 상호작용이 있을 수 있다는 점이다. 이는 본 연구의 제한점으로서 대사증후군과 관련 있을 것으로 추정되는 후보 유전자가 현재 많이 밝혀져 있으므로 유전자-유전자 상호작용에 대해서도 고려를 할 필요가 있을 것으로 판단된다. Kissebah 등은 3번과 17번 염색체의 유전자가 대사증후군의 표현형에 영향을 미칠 것으로 보고한 바 있으므로 앞으로 이에 대한 연구가 더 필요할 것으로 생각된다. 결론적으로 한국인을 대상으로 ADRB3 유전자의 염기서열 분석을 통하여 intron2의 \\( + 3893 \\mathrm { ~T } >\\mathrm { C } \\) 변이를 새로이 발견하였으며, 그 열성 대립형질의 발현빈도는 0.164이었다. 그리고 ADRB3 유전자 exon1의 \\( + 188 \\mathrm { ~T } >\\mathrm { C } \\)와 intron2의 \\( + 3893 \\mathrm { ~T } >\\mathrm { C } \\) 변이가 HDL-C와 관련이 있음을 확인하였다.</p> <h1>요약</h1> <p>지방분해와 열생산에 관여한다고 알려진 ADRB3 유전자의 염기서열 분석을 통하여 한국인에서 호발하는 유전자 다형성 부위를 먼저 확인한 후 이 유전자 다형성들과 HDL-C와의 연관성에 대하여 조사하고자 2006 년 5월에서 12월 사이에 부산 지역의 일개 대학병원에서 건강진단을 받은 991명을 대상으로 신장, 체중, 체질량지수, 허리둘레, 고밀도 지단백 콜레스테롤, 중성지방, 공복 혈당을 측정하였으며, 대상자들의 혈액서 DNA를 분리하여 ADRB3 유전자에서 흔히 발생하는 유전자다형성 부위를 확인하였다. 연구결과 한국인에서 ADRB3 유전자의 intron \\( 2 + 3893 \\mathrm { ~T } >\\mathrm { C } \\)의 변이를 처음으로 발견하였으며 열성 대립형질의 발현빈도는 0.164이었다. Exon1의 \\( + 188 \\mathrm { ~T } >\\mathrm { C } \\)와 intron2의 \\( + 3893 \\mathrm { ~T } >\\mathrm { C } \\)의 열성 대립형질인 C형이 있을 경우 HDL-C의 농도가 낮았다. 따라서 ADRB 유전자 다형성은 HDL-C과 관련이 있을 것으로 생각된다.</p>",
                "context_length": 1514,
                "summary": "본문에서는 대사증후군 관련 후보 유전자들 간의 상호작용에 대해 고찰하고 있다. 한국인의 ADRB3 유전자 분석결과 이 유전자의 intron2의 \\( + 3893 \\mathrm { ~T } >\\mathrm { C } \\)의 변이를 처음으로 발견하였고, exon1의 \\( + 188 \\mathrm { ~T } >\\mathrm { C } \\)와 intron2의 \\( + 3893 \\mathrm { ~T } >\\mathrm { C } \\) 변이가 HDL-C와 관련이 있음을 확인하였다.",
                "clue": [
                    {
                        "clue_text": "이는 본 연구의 제한점으로서 대사증후군과 관련 있을 것으로 추정되는 후보 유전자가 현재 많이 밝혀져 있으므로 유전자-유전자 상호작용에 대해서도 고려를 할 필요가 있을 것으로 판단된다.",
                        "clue_start": "438",
                        "clue_end": "540"
                    },
                    {
                        "clue_text": "결론적으로 한국인을 대상으로 ADRB3 유전자의 염기서열 분석을 통하여 intron2의 \\( + 3893 \\mathrm { ~T } >\\mathrm { C } \\) 변이를 새로이 발견하였으며, 그 열성 대립형질의 발현빈도는 0.164이었다.",
                        "clue_start": "635",
                        "clue_end": "769"
                    },
                    {
                        "clue_text": "그리고 ADRB3 유전자 exon1의 \\( + 188 \\mathrm { ~T } >\\mathrm { C } \\)와 intron2의 \\( + 3893 \\mathrm { ~T } >\\mathrm { C } \\) 변이가 HDL-C와 관련이 있음을 확인하였다.",
                        "clue_start": "770",
                        "clue_end": "911"
                    },
                    {
                        "clue_text": "지방분해와 열생산에 관여한다고 알려진 ADRB3 유전자의 염기서열 분석을 통하여 한국인에서 호발하는 유전자 다형성 부위를 먼저 확인한 후 이 유전자 다형성들과 HDL-C와의 연관성에 대하여 조사하고자 2006 년 5월에서 12월 사이에 부산 지역의 일개 대학병원에서 건강진단을 받은 991명을 대상으로 신장, 체중, 체질량지수, 허리둘레, 고밀도 지단백 콜레스테롤, 중성지방, 공복 혈당을 측정하였으며, 대상자들의 혈액서 DNA를 분리하여 ADRB3 유전자에서 흔히 발생하는 유전자다형성 부위를 확인하였다.",
                        "clue_start": "931",
                        "clue_end": "1214"
                    },
                    {
                        "clue_text": "따라서 ADRB 유전자 다형성은 HDL-C과 관련이 있을 것으로 생각된다.",
                        "clue_start": "1469",
                        "clue_end": "1510"
                    }
                ],
                "terminology": [
                    {
                        "word": "ADRB3"
                    },
                    {
                        "word": "DNA"
                    },
                    {
                        "word": "HDL-C"
                    },
                    {
                        "word": "intron"
                    },
                    {
                        "word": "고밀도 지단백"
                    },
                    {
                        "word": "고에너지 식이"
                    },
                    {
                        "word": "공복 혈당"
                    },
                    {
                        "word": "다요인"
                    },
                    {
                        "word": "다형성"
                    },
                    {
                        "word": "대립형질"
                    },
                    {
                        "word": "대사증후군"
                    },
                    {
                        "word": "발현빈도"
                    },
                    {
                        "word": "연관성"
                    },
                    {
                        "word": "열생산"
                    },
                    {
                        "word": "열성"
                    },
                    {
                        "word": "염기서열 분석"
                    },
                    {
                        "word": "염색체"
                    },
                    {
                        "word": "유전자다형성"
                    },
                    {
                        "word": "유전자의 염기서열"
                    },
                    {
                        "word": "임상적 표현형"
                    }
                ]
            },
            {
                "context_id": "55e-0c9-merge_la_8a2ae4d1-012311e1-04a1-42e8-b4da-0c128a96565b_00",
                "context_K-NSCC": {
                    "field": "생명",
                    "large_category": "LA",
                    "medium_category": "02"
                },
                "context": "<h1>서 론</h1> <p>비만은 에너지 섭취와 소비간의 불균형으로 인해 발생하지만 환경적인 요인과 유전적 요인도 일부 작용하게 된다. 갈색지방조직은 열생산의 주된 조직으로서 설치류에서는 장애가 있으면 비만과 인슐린 저항성, 인슐린 비의존성 당뇨병이 발생되었다고 한다. 베타 3-아드레날린성 수용체 \\( \\left ( \\beta_ { 3 } \\right . \\) adrenergic receptor, ADRB3는 7개의 막통과 부위를 가지며 G단백과 결합하는 수용체로서 인간의 지방조직, 특히 내장 지방조직에 주로 분포되어 있으며, 그 외에도 췌장, 담낭, 전립선, 심방, 골격근 등에 분포하고 있다. 이 수용체는 교감신경 작용물질과 결합하여 cyclic AMP의 세포내 농도를 증가시키는 adenylate cyclase를 활성화시켜 지방분해와 열발생을 증가시키게 된다.</p> <p>Pima 인디언 642명을 대상으로 한 연구에서 ADRB3 유전자의 64 번째 아미노산인 tryptophan이 arginine으로 치환되는 missense 변이(Trp64Arg 다형성)가 처음으로 확인되었으며 열성 동형접합(minor homozygote)을 가진 사람들이 우성 동형접합(major homozygote)이나 이형접합(heterozyge)인 사람보다 비인슐린 의존성 당뇨병의 발생 연령이 더 낮았으므로 Trp64Arg (exon1 \\( + 188 \\mathrm { ~T } >\\mathrm { C } ) \\) 변이가 당뇨병의 조기 발생과 관련 있음이 보고되었다. 그 이후로 많은 연구자들이 \\( \\mathrm { ADRB } 3 \\) 유전자의 exon \\( + 188 \\mathrm { ~T } >\\mathrm { C } \\) 변이와 비만, 당뇨병, 등의 대사증후군 구성요소들과의 관련성에 대하여 조사를 하였으나 그 결과들은 일치하지 않고 있다. 최근에는 exon1 \\( + 188 \\mathrm { ~T } >\\mathrm { C } \\) 변이 이외 다른 부위에서의 다형성을 찾고자하는 연구가 진행되고 있다. Lehman 등은 멕시코 출신의 미국인을 대상으로 한 San Antonio Family Diabetes/ Gallbladder Study에서 ADRB3 유전자의 exon1 \\( + 188 \\mathrm { ~T } >\\mathrm { C } \\) 변이 외의 다른 새로운 유전자 다형성인 Ile62Met 변이가 제2형 당뇨병과 관련이 있음을 밝혀내기도 하였다.</p> <p>연구자에 따라 결과가 일치되지는 않지만 ADRB3 유전자의 exonl \\( + 188 \\mathrm { ~T } >\\mathrm { C } \\) 변이는 비만과 대사증후군과 관련이 있다는 보고도 있으므로 본 연구에서는 ADRB3 유전자의 염기서열 분석을 통하여 한국인에서 호발하는 유전자 다형성 부위를 먼저 확인한 후 이 유전자 다형성들과 고밀도 지단백 콜레스테롤(High density lipoprotein cholesterol, HDL-C과의 연관성에 대하여 조사하고자 하였다.</p>",
                "context_length": 1493,
                "summary": "비만의 원인은 에너지 섭취와 소비의 불균형 뿐만 아니라 환경적, 유전적 요인도 작용하는 것으로 알려져 있다. 갈색 지방조직의 기능 이상은 비만과 인슐린 저항성, 당뇨병 등을 유발할 수 있다. Pima 인디언을 대상으로 한 연구에서 ADRB3 유전자의 Trp64Arg 다형성이 처음 확인되었으며, 이 다형성은 당뇨병 조기 발생과 연관성이 있는 것으로 밝혀졌다. 그러나 모든 연구에서 이 결과가 일치하지는 않았다. 본 연구에서는 ADRB3 유전자의 염기서열 분석을 통해 한국인에서 일반적으로 나타나는 유전자 다형성 부위를 확인하고, 이와 고밀도 지단백 콜레스테롤(HDL-C)과의 연관성을 조사하였다.",
                "clue": [
                    {
                        "clue_text": "비만은 에너지 섭취와 소비간의 불균형으로 인해 발생하지만 환경적인 요인과 유전적 요인도 일부 작용하게 된다.",
                        "clue_start": "16",
                        "clue_end": "76"
                    },
                    {
                        "clue_text": "갈색지방조직은 열생산의 주된 조직으로서 설치류에서는 장애가 있으면 비만과 인슐린 저항성, 인슐린 비의존성 당뇨병이 발생되었다고 한다.",
                        "clue_start": "77",
                        "clue_end": "151"
                    },
                    {
                        "clue_text": "Pima 인디언 642명을 대상으로 한 연구에서 ADRB3 유전자의 64 번째 아미노산인 tryptophan이 arginine으로 치환되는 missense 변이(Trp64Arg 다형성)가 처음으로 확인되었으며 열성 동형접합(minor homozygote)을 가진 사람들이 우성 동형접합(major homozygote)이나 이형접합(heterozyge)인 사람보다 비인슐린 의존성 당뇨병의 발생 연령이 더 낮았으므로 Trp64Arg (exon1 \\( + 188 \\mathrm { ~T } >\\mathrm { C } ) \\) 변이가 당뇨병의 조기 발생과 관련 있음이 보고되었다.",
                        "clue_start": "440",
                        "clue_end": "761"
                    },
                    {
                        "clue_text": "연구자에 따라 결과가 일치되지는 않지만 ADRB3 유전자의 exonl \\( + 188 \\mathrm { ~T } >\\mathrm { C } \\) 변이는 비만과 대사증후군과 관련이 있다는 보고도 있으므로 본 연구에서는 ADRB3 유전자의 염기서열 분석을 통하여 한국인에서 호발하는 유전자 다형성 부위를 먼저 확인한 후 이 유전자 다형성들과 고밀도 지단백 콜레스테롤(High density lipoprotein cholesterol, HDL-C과의 연관성에 대하여 조사하고자 하였다.",
                        "clue_start": "1221",
                        "clue_end": "1489"
                    }
                ],
                "terminology": [
                    {
                        "word": "ADRB3"
                    },
                    {
                        "word": "G단백"
                    },
                    {
                        "word": "Ile62Met 변이"
                    },
                    {
                        "word": "Pima 인디언"
                    },
                    {
                        "word": "adenylate cyclase"
                    },
                    {
                        "word": "arginine"
                    },
                    {
                        "word": "cyclic AMP"
                    },
                    {
                        "word": "exon"
                    },
                    {
                        "word": "homozygote"
                    },
                    {
                        "word": "lipoprotein"
                    },
                    {
                        "word": "tryptophan"
                    },
                    {
                        "word": "고밀도 지단백 콜레스테롤"
                    },
                    {
                        "word": "골격근"
                    },
                    {
                        "word": "교감신경"
                    },
                    {
                        "word": "대사증후군"
                    },
                    {
                        "word": "동형접합"
                    },
                    {
                        "word": "수용체"
                    },
                    {
                        "word": "연관성"
                    },
                    {
                        "word": "열발생"
                    },
                    {
                        "word": "열생산"
                    },
                    {
                        "word": "열성"
                    },
                    {
                        "word": "염기서열 분석"
                    },
                    {
                        "word": "우성"
                    },
                    {
                        "word": "유전자 다형성"
                    },
                    {
                        "word": "유전자의 염기서열"
                    },
                    {
                        "word": "이형접합"
                    },
                    {
                        "word": "인슐린 비의존성 당뇨병"
                    },
                    {
                        "word": "지방조직"
                    },
                    {
                        "word": "치환"
                    }
                ]
            },
            {
                "context_id": "55e-0c9-merge_la_8a2ae4d1-012311e1-04a1-42e8-b4da-0c128a96565b_01",
                "context_K-NSCC": {
                    "field": "생명",
                    "large_category": "LA",
                    "medium_category": "02"
                },
                "context": "<h1>재료 및 방법</h1> <h2>연구대상</h2> <p>부산시에 위치하는 일개 대학병원에서 2006년 5월에서 2006년 12월 사이에 건강진단을 받은 수진자 가운데 본 연구에 참여하기를 동의하였던 1,120명 중 자료가 불층분하거나 고혈압, 당뇨, 고지혈증 등으로 약제를 복용중인 사람을 제외한 991명을 대상으로 하였다. 이 가운데 남자는 374명 이었고, 여자는 617명이었다.</p> <h2>신체계측 및 혈액검사</h2> <p>대상자들의 신체계측은 신장, 체중, 체질량지수, 허리둘레 와 수축기와 이완기 혈압을 측정하였다. 키, 체중은 자동측정기를 이용하고, 복부둘레는 직립자세에서 제대부위를 측정하였다. 혈압측정 후 정맥혈을 채혈하여 혈청내 공복 혈당, 총 콜레스테롤, HDL-C, 저밀도 지단백 콜레스테롤(Low density lipoprotein cholesterol, LDL-C과 중성지방 농도를 측정하였다. 공복 혈당, 총콜레스테롤, HDL-C, 중성지방의 농도는 Hitachi 7600-210 및 Hitachi 7180 (Hitachi, Tokyo, Japan)으로 측정하였다. 공복 혈당은 헥소카이네즈법, 총콜레스테롤 가 중성지방은 enzymatic colorimetric법, HDL-C는 selective inhibition 방법으로 측정하였으며, LDL-C는 Friedwald 공식을 이용하여 산출하였다.</p> <h2>DNA 추출</h2> <p>혈액으로부터 DNA를 추출하기 위해 Wizard genomic DNA purification kit (Promega Co, Madison, WI)를 사용하였다. 혈액 \\( 300 \\mu 1 \\)를 \\( 1.5 \\mathrm { ml } \\) 튜브에 분주한 후 세포 용해액 \\( 900 \\mu 1 \\)를 첨가하였다. 위의 용액을 잘 섞은 후 실온에서 10분간 방치하였다. \\( 13,000 \\mathrm { rpm } \\)에서 20초간 원심 분리하여 상층액의 잔여물이 약 \\( 20 \\sim 30 \\mu \\) 남도록 한 후 10~20초간 강하게 섞었다. 핵 용해액을 \\( 300 \\mu \\) 첨가하고 세포가 완전히 용해될 수 있도록 5,6회 섞었다. 그 후 \\( 1.5 \\mu 1 \\)의 RNase를 첨가하여 \\( 2 \\sim 5 \\)회 섞은 뒤 \\( 37 ^ {\\circ } \\mathrm { C } \\)에서 15분 방치하였다. 단백질 침전 용액을 \\( 100 \\mu \\mathrm { l } \\) 첨가한 후 10~20초간 강하게 섞어 \\( 13,000 \\mathrm { rpm } \\)에서 3분간 원심 분리하였다. 상등액을 새로운 튜브로 옮긴 뒤 \\( 300 \\mu \\)의 isopropanol을 첨가하여 \\( 2 \\sim 5 \\)회 섞었다. \\( 13,000 \\mathrm { rpm } \\)에서 1분간 원심 분리하여 상층액을 제거한 후 DNA 침전물을 확인하였다. \\( 70 \\% \\) 에타놀 \\( 900 \\mu \\mathrm { l } \\)를 첨가하여 DNA를 세척한 후 \\( 13,000 \\mathrm { rpm } \\)에서 1분간 원심 분리하여 상층액을 완전히 제거하여 세포를 건조시켰다. DNA rehydration 용액을 \\( 100 \\mu \\) 첨가하여 \\( 65 ^ {\\circ } \\mathrm { C } \\)에서 1시간 방치하였다. 그 후 \\( 4 ^ {\\circ } \\mathrm { C } \\)에서 24시간 방치한 후 \\( -20 ^ {\\circ } \\mathrm { C } \\)에서 DNA를 보관하였다.</p>",
                "context_length": 1742,
                "summary": "본 연구는 2006년 5월부터 12월 사이에 부산시에 위치한 대학병원에서 건강진단을 받은 수진자 중 특정 조건을 만족하는 991명을 대상으로 신장, 체중, 체질량지수, 허리둘레, 수축기 및 이완기 혈압을 측정하였다. 또한 혈압 측정 후 정맥혈을 채혈하여 공복 혈당, 총 콜레스테롤, HDL-C, LDL-C와 중성지방 농도를 측정하였다. 이어 DNA 추출을 위해 Wizard genomic DNA purification kit을 사용하여 혈액에서 DNA를 추출하고, 추출된 DNA는 \\( 4 ^ {\\circ } \\mathrm { C } \\)에서 24시간 방치한 후 \\( -20 ^ {\\circ } \\mathrm { C } \\)에서 보관하였다.",
                "clue": [
                    {
                        "clue_text": "부산시에 위치하는 일개 대학병원에서 2006년 5월에서 2006년 12월 사이에 건강진단을 받은 수진자 가운데 본 연구에 참여하기를 동의하였던 1,120명 중 자료가 불층분하거나 고혈압, 당뇨, 고지혈증 등으로 약제를 복용중인 사람을 제외한 991명을 대상으로 하였다.",
                        "clue_start": "34",
                        "clue_end": "184"
                    },
                    {
                        "clue_text": "대상자들의 신체계측은 신장, 체중, 체질량지수, 허리둘레 와 수축기와 이완기 혈압을 측정하였다.",
                        "clue_start": "246",
                        "clue_end": "299"
                    },
                    {
                        "clue_text": "혈압측정 후 정맥혈을 채혈하여 혈청내 공복 혈당, 총 콜레스테롤, HDL-C, 저밀도 지단백 콜레스테롤(Low density lipoprotein cholesterol, LDL-C과 중성지방 농도를 측정하였다.",
                        "clue_start": "346",
                        "clue_end": "463"
                    },
                    {
                        "clue_text": "혈액으로부터 DNA를 추출하기 위해 Wizard genomic DNA purification kit (Promega Co, Madison, WI)를 사용하였다.",
                        "clue_start": "714",
                        "clue_end": "803"
                    },
                    {
                        "clue_text": "그 후 \\( 4 ^ {\\circ } \\mathrm { C } \\)에서 24시간 방치한 후 \\( -20 ^ {\\circ } \\mathrm { C } \\)에서 DNA를 보관하였다.",
                        "clue_start": "1640",
                        "clue_end": "1738"
                    }
                ],
                "terminology": [
                    {
                        "word": "DNA"
                    },
                    {
                        "word": "DNA purification"
                    },
                    {
                        "word": "DNA 추출"
                    },
                    {
                        "word": "HDL-C"
                    },
                    {
                        "word": "Hitachi"
                    },
                    {
                        "word": "LDL-C"
                    },
                    {
                        "word": "RNase"
                    },
                    {
                        "word": "cholesterol"
                    },
                    {
                        "word": "genomic"
                    },
                    {
                        "word": "genomic DNA"
                    },
                    {
                        "word": "inhibition"
                    },
                    {
                        "word": "isopropanol"
                    },
                    {
                        "word": "lipoprotein"
                    },
                    {
                        "word": "purification"
                    },
                    {
                        "word": "purification kit"
                    },
                    {
                        "word": "고지혈증"
                    },
                    {
                        "word": "고혈압"
                    },
                    {
                        "word": "공복 혈당"
                    },
                    {
                        "word": "단백질"
                    },
                    {
                        "word": "당뇨"
                    },
                    {
                        "word": "상등액"
                    },
                    {
                        "word": "상층액"
                    },
                    {
                        "word": "세포"
                    },
                    {
                        "word": "세포 용해액"
                    },
                    {
                        "word": "신장"
                    },
                    {
                        "word": "신체계측"
                    },
                    {
                        "word": "에타놀"
                    },
                    {
                        "word": "용해액"
                    },
                    {
                        "word": "원심 분리"
                    },
                    {
                        "word": "이완기"
                    },
                    {
                        "word": "이완기 혈압"
                    },
                    {
                        "word": "저밀도 지단백"
                    },
                    {
                        "word": "저밀도 지단백 콜레스테롤"
                    },
                    {
                        "word": "정맥혈"
                    },
                    {
                        "word": "중성지방"
                    },
                    {
                        "word": "지단백"
                    },
                    {
                        "word": "지단백 콜레스테롤"
                    },
                    {
                        "word": "채혈"
                    },
                    {
                        "word": "체질량지수"
                    },
                    {
                        "word": "총콜레스테롤"
                    },
                    {
                        "word": "침전물"
                    },
                    {
                        "word": "콜레스테롤"
                    },
                    {
                        "word": "혈당"
                    }
                ]
            },
            {
                "context_id": "55e-0c9-merge_la_8a2ae4d1-012311e1-04a1-42e8-b4da-0c128a96565b_05",
                "context_K-NSCC": {
                    "field": "생명",
                    "large_category": "LA",
                    "medium_category": "02"
                },
                "context": "<h3>ADRB3 유전자 다형성과 대사증후군 구성요소들 간의 연관성</h3> <p>ADRB3 유전자 다형성과 대사성 장애와 관련된 표현형(허리둘레, 체질량지수, 중성지방, 공복혈당)과의 관련성에 대하여 연령을 통제한 후 다중회귀 분석을 실시하였다. 분석 결과ADRB3 유전자 exon1의 \\( + 188 \\mathrm { ~T } >\\mathrm { C } \\)와 intron2의 \\( + 3893 \\mathrm { ~T } >\\mathrm { C } \\) 다형성과 유의한 관련이 있는 대사성 장애의 표현형은 없었다. Walston 등은 Pima 인디언들을 대상으로 ADRB3 유전자 exonl의 \\( + 188 \\mathrm { ~T } >\\mathrm { C } \\) 변이가 내장 지방조직의 에너지 대사 균형을 변화시킴으로써 인슐린 비의존성 당뇨병의 조기 발생에 영향을 미친다는 보고를 하였으며, Widen 등은 핀란드인을 대상으로 한 연구에서 exonl의 \\( + 188 \\mathrm { ~T } >\\mathrm { C } \\) 변이가 복부비만과 인슐린 저항성에 영향을 미침으로써 비인슐린 의존성 당뇨병의 조기 발견과 관련이 있다고 하였다. Clement 등은 프랑스인을 대상으로 한 연구에서 exon1의 \\( + 188 \\mathrm { ~T } >\\mathrm { C } \\)변이가 체중증가와 관련이 있다고 하였다. 동양인을 대상으로한 연구로는 Kadowaki 등과 Yoshida 등이ADRB3 유전자 exon1의 \\( + 188 \\mathrm { ~T } >\\mathrm { C } \\) 변이가 일본인에서 비만이나 당뇨병에 병리적으로 유의한 영향을 미친다고 보고하였으며 Masuo등은 exon1의 \\( + 188 \\mathrm { ~T } >\\mathrm { C } \\)의 우성 대립형질인 T가 혈압 증가와 관련이 있다고 보고한 바 있다. 그러나 캐나다 원주민을 대상으로 한 연구에서는 exonl의 \\( + 188 \\mathrm { ~T } >\\mathrm { C } \\) 변이와 비만과 비인슐린 의존성 당뇨병간에는 아무런 연관성이 없었다고 하였으며, 일본인을 대상으로 한 Yuan 등의 연구에서도 ADRB3 유전자의 exon1의 \\( + 188 \\mathrm { ~T } >\\mathrm { C } \\) 변이와 비만과는 관련이 없다고 보고하였고, 역시 일본인을 대상으로 한 Matsushita 등의 연구에서도 exon1의 \\( + 188 \\mathrm { ~T } >\\mathrm { C } \\) 변이와 체중증가 또는 체질량 지수와는 관련성이 없었다고 하였다. Tamaki 등도 역시 일본인들을 대상으로 한 연구에서 exonl의 \\( + 188 \\mathrm { ~T } >\\mathrm { C } \\) 변이와 대사증후군 간에는 아무런 연관성이 없는 것으로 보고하였다. 홍콩 중국인을 대상으로 한 연구에서는 exonl의 \\( + 188 \\mathrm { ~T } >\\mathrm { C } \\) 변이가 당뇨병, 고혈압, 지질이상과는 관련성이 없었으나 비만과는 관련이 있었다고 하였다.</p>",
                "context_length": 1514,
                "summary": "ADRB3 유전자 다형성과 대사성 장애와 관련된 표현형의 관련성에 대해 다중회귀 분석을 실시한 결과, exon1의 \\( + 188 \\mathrm { ~T } >\\mathrm { C } \\) 등의 다형성과 유의한 관련이 있는 대사성 장애 표현형은 없었다. 또한 Pima 인디언을 대상으로 한 연구에서는 ADRB3 유전자가 인슐린 비의존성 당뇨병의 조기 발생에 영향을 미친다고 한 반면에 캐나다 원주민을 대상으로 한 연구 등에서는 그렇지 않다고 하는 등 분석 결과가 상이하였다.",
                "clue": [
                    {
                        "clue_text": "ADRB3 유전자 다형성과 대사성 장애와 관련된 표현형(허리둘레, 체질량지수, 중성지방, 공복혈당)과의 관련성에 대하여 연령을 통제한 후 다중회귀 분석을 실시하였다.",
                        "clue_start": "46",
                        "clue_end": "138"
                    },
                    {
                        "clue_text": "분석 결과ADRB3 유전자 exon1의 \\( + 188 \\mathrm { ~T } >\\mathrm { C } \\)와 intron2의 \\( + 3893 \\mathrm { ~T } >\\mathrm { C } \\) 다형성과 유의한 관련이 있는 대사성 장애의 표현형은 없었다.",
                        "clue_start": "139",
                        "clue_end": "289"
                    },
                    {
                        "clue_text": "Walston 등은 Pima 인디언들을 대상으로 ADRB3 유전자 exonl의 \\( + 188 \\mathrm { ~T } >\\mathrm { C } \\) 변이가 내장 지방조직의 에너지 대사 균형을 변화시킴으로써 인슐린 비의존성 당뇨병의 조기 발생에 영향을 미친다는 보고를 하였으며, Widen 등은 핀란드인을 대상으로 한 연구에서 exonl의 \\( + 188 \\mathrm { ~T } >\\mathrm { C } \\) 변이가 복부비만과 인슐린 저항성에 영향을 미침으로써 비인슐린 의존성 당뇨병의 조기 발견과 관련이 있다고 하였다.",
                        "clue_start": "290",
                        "clue_end": "586"
                    },
                    {
                        "clue_text": "그러나 캐나다 원주민을 대상으로 한 연구에서는 exonl의 \\( + 188 \\mathrm { ~T } >\\mathrm { C } \\) 변이와 비만과 비인슐린 의존성 당뇨병간에는 아무런 연관성이 없었다고 하였으며, 일본인을 대상으로 한 Yuan 등의 연구에서도 ADRB3 유전자의 exon1의 \\( + 188 \\mathrm { ~T } >\\mathrm { C } \\) 변이와 비만과는 관련이 없다고 보고하였고, 역시 일본인을 대상으로 한 Matsushita 등의 연구에서도 exon1의 \\( + 188 \\mathrm { ~T } >\\mathrm { C } \\) 변이와 체중증가 또는 체질량 지수와는 관련성이 없었다고 하였다.",
                        "clue_start": "925",
                        "clue_end": "1273"
                    }
                ],
                "terminology": [
                    {
                        "word": "ADRB3"
                    },
                    {
                        "word": "Matsushita"
                    },
                    {
                        "word": "exon1"
                    },
                    {
                        "word": "고혈압"
                    },
                    {
                        "word": "공복혈당"
                    },
                    {
                        "word": "다중회귀"
                    },
                    {
                        "word": "다중회귀 분석"
                    },
                    {
                        "word": "다형성"
                    },
                    {
                        "word": "당뇨병"
                    },
                    {
                        "word": "대사성 장애"
                    },
                    {
                        "word": "대사증후군"
                    },
                    {
                        "word": "비의존성 당뇨병"
                    },
                    {
                        "word": "비인슐린 의존성 당뇨병"
                    },
                    {
                        "word": "에너지 대사"
                    },
                    {
                        "word": "우성"
                    },
                    {
                        "word": "우성 대립형질"
                    },
                    {
                        "word": "유전자"
                    },
                    {
                        "word": "인슐린"
                    },
                    {
                        "word": "인슐린 비의존성 당뇨병"
                    },
                    {
                        "word": "인슐린 저항성"
                    },
                    {
                        "word": "중성지방"
                    },
                    {
                        "word": "지방조직"
                    },
                    {
                        "word": "지질"
                    },
                    {
                        "word": "체질량지수"
                    },
                    {
                        "word": "표현형"
                    }
                ]
            },
            {
                "context_id": "55e-0c9-merge_la_8a2ae4d1-012311e1-04a1-42e8-b4da-0c128a96565b_04",
                "context_K-NSCC": {
                    "field": "생명",
                    "large_category": "LA",
                    "medium_category": "02"
                },
                "context": "<h2>ADRB3 유전자 다형성과 HDL-C와의 연관성</h2> <p>HDL-C와 ADRB3 유전자 다형성과의 관련성을 확인하기 위하여 연령을 통제한 후 다중회귀 분석을 실시하였다. 남녀 구분없이 분석하였을 때와 남자에서는 유의한 관련성이 없었으나 여자의 경우 유전자 변이가 일어났던 두 곳 모두에서 HDL-C와 관련성이 있었다. exonl의 \\( + 188 \\mathrm { ~T } >\\mathrm { C } \\)의 우성 동형접합일 경우 평균 HDL-C 농도가 \\( 56.05 \\pm 12.55 \\mathrm { mg } / \\mathrm { dl } \\), 이형접합인 경우는 \\( 53.02 \\pm 11.27 \\mathrm { mg } / \\mathrm { dl } \\), 열성 동형접합인 경우는 \\( 52.29 \\pm \\) \\( 12.84 \\mathrm { mg } / \\mathrm { dl } \\)로서 열성 대립형질인 C가 있을 경우 HDL-C가 유의하게 낮았다 \\( ( \\mathrm { p }<0.05) \\). intron2의 \\( + 3893 \\mathrm { ~T } >\\mathrm { C } \\)에서는 우성 동형접합일 경우 평균 HDL-C 농도가 \\( 56.05 \\pm 12.61 \\mathrm { mg } / \\mathrm { dl } \\), 이형접합인 경우는 \\( 53.11 \\pm 11.14 \\mathrm { mg } / \\mathrm { dl } \\), 열성 동형접합인 경우는 \\( 52.28 \\pm 12.46 \\mathrm { mg } / \\mathrm { dl } \\)로서 역시 열성 대립형 질인 C가 있을 경우 HDL-C가 유의하게 낮았다(p<0.05). 일본인을 대상으로 한 Shiwaku 등의 연구와 폴란드인을 대상으로 한 Dunajska 등의 연구에서도 ADRB3 유전자 exon1의 \\( + 188 \\mathrm { ~T } >\\mathrm { C } \\)의 변이가 있을 경우 HDL-C의 농도가 낮았음을 보고하였다. 즉, 일본인을 대상으로 한 연구에서는 식이와 활동량을 조절하고 3개월 뒤에 ADRB3 유전자의 변이가 체중감소에 영향을 미치는지를 관찰한 결과 체질량지수, 체중, 체지방, 허리둘레, 엉덩이둘레, 혈당 등에 있어서는 관련이 없었으나 HDL-C는 유의하게 감소하였음을 보고하였다. 폴란드의 폐경기 여성을 대상으로 한 ADRB3 유전자 다형성과 대사증후군간의 관련성에 대한 연구에서도 체질량지수, 허리둘레, 중성지방, 공복 혈당 등과는 관련이 없었으나 HDL-C만 ADRB 유전자 exon1의 \\( + 188 \\mathrm { ~T } >\\mathrm { C } \\)에 변이가 있을 경우 유의하게 감소하였음을 보고하였다. 그러나 일본인을 대상으로 한 Matsushita 등의 연구에서는 ADRB3 유전자 exon1의 \\( + 188 \\mathrm { ~T } >\\mathrm { C } \\) 변이와 HDL-C 농도사이에는 아무런 연관성이 없었다고 보고하였다. 본 연구에서 발견한 ADRB3 유전자 intron2의 \\( + 3893 \\mathrm { ~T } >\\mathrm { C } \\)와 HDL-C의 관련성에 대해서는 비교할 타 연구가 없었다. ADRB3 유전자 다형성과 HDL-C와의 관련성에 대하여 연구 결과가 이렇게 일치되지 않는 이유는 대상 인구집단의 차이에 기인한 면도 있겠지만 ADRB3 유전자가 HDL-C에 대하여 미치는 영향이 적기 때문일 가능성도 있을 것으로 생각된다.</p>",
                "context_length": 1707,
                "summary": "HDL-C와 ADRB3 유전자 다형성과의 관련성을 확인하기 위하여 남녀 구분 없이 분석하였을 때 여자의 경우 유전자 변이가 일어났던 두 곳 모두에서 HDL-C와 관련성이 있었지만 남자는 유의한 관련성이 없었다. 일본인은 ADRB3 유전자 exon1의 \\( + 188 \\mathrm { ~T } >\\mathrm { C } \\)의 농도가 낮았고 폴란드의 폐경기 여성을 대상으로 한 HDL-C만 ADRB 유전자 exon1의 \\( + 188 \\mathrm { ~T } >\\mathrm { C } \\)에 변이가 있을 경우 유의하게 감소하였음을 보고하였다.",
                "clue": [
                    {
                        "clue_text": "HDL-C와 ADRB3 유전자 다형성과의 관련성을 확인하기 위하여 연령을 통제한 후 다중회귀 분석을 실시하였다.",
                        "clue_start": "39",
                        "clue_end": "101"
                    },
                    {
                        "clue_text": "남녀 구분없이 분석하였을 때와 남자에서는 유의한 관련성이 없었으나 여자의 경우 유전자 변이가 일어났던 두 곳 모두에서 HDL-C와 관련성이 있었다.",
                        "clue_start": "102",
                        "clue_end": "184"
                    },
                    {
                        "clue_text": "일본인을 대상으로 한 Shiwaku 등의 연구와 폴란드인을 대상으로 한 Dunajska 등의 연구에서도 ADRB3 유전자 exon1의 \\( + 188 \\mathrm { ~T } >\\mathrm { C } \\)의 변이가 있을 경우 HDL-C의 농도가 낮았음을 보고하였다.",
                        "clue_start": "834",
                        "clue_end": "984"
                    },
                    {
                        "clue_text": "폴란드의 폐경기 여성을 대상으로 한 ADRB3 유전자 다형성과 대사증후군간의 관련성에 대한 연구에서도 체질량지수, 허리둘레, 중성지방, 공복 혈당 등과는 관련이 없었으나 HDL-C만 ADRB 유전자 exon1의 \\( + 188 \\mathrm { ~T } >\\mathrm { C } \\)에 변이가 있을 경우 유의하게 감소하였음을 보고하였다.",
                        "clue_start": "1140",
                        "clue_end": "1329"
                    },
                    {
                        "clue_text": "ADRB3 유전자 다형성과 HDL-C와의 관련성에 대하여 연구 결과가 이렇게 일치되지 않는 이유는 대상 인구집단의 차이에 기인한 면도 있겠지만 ADRB3 유전자가 HDL-C에 대하여 미치는 영향이 적기 때문일 가능성도 있을 것으로 생각된다.",
                        "clue_start": "1569",
                        "clue_end": "1703"
                    }
                ],
                "terminology": [
                    {
                        "word": "ADRB 유전자 exon1"
                    },
                    {
                        "word": "ADRB3"
                    },
                    {
                        "word": "ADRB3 유전자 exon1"
                    },
                    {
                        "word": "ADRB3 유전자 intron2"
                    },
                    {
                        "word": "ADRB3 유전자 다형성"
                    },
                    {
                        "word": "HDL-C"
                    },
                    {
                        "word": "HDL-C 농도"
                    },
                    {
                        "word": "Matsushita"
                    },
                    {
                        "word": "exonl"
                    },
                    {
                        "word": "공복 혈당"
                    },
                    {
                        "word": "다중회귀"
                    },
                    {
                        "word": "다중회귀 분석"
                    },
                    {
                        "word": "대사증후군간"
                    },
                    {
                        "word": "동형접합일"
                    },
                    {
                        "word": "열성"
                    },
                    {
                        "word": "열성 대립형 질"
                    },
                    {
                        "word": "열성 대립형질"
                    },
                    {
                        "word": "열성 동형접"
                    },
                    {
                        "word": "우성"
                    },
                    {
                        "word": "유전자"
                    },
                    {
                        "word": "이형접합"
                    },
                    {
                        "word": "중성지방"
                    },
                    {
                        "word": "체지방"
                    },
                    {
                        "word": "체질량지수"
                    },
                    {
                        "word": "폐경기"
                    },
                    {
                        "word": "폐경기 여성"
                    },
                    {
                        "word": "혈당"
                    }
                ]
            }
        ]
    }
}