{
    "dataset_info": {
        "identifier": "02-031-002-NL",
        "name": "기술과학 문서 요약 데이터",
        "category": "자연어",
        "last_updated": "2023-08-30"
    },
    "dataset": {
        "doc_id": "28a7cd33-9557-4524-a584-e4d99395c9ef",
        "doc_type": "논문",
        "doc_title": {
            "kor": "느티나무 잎 에틸아세테이트 분획물 및 열수 추출물의 항산화 및 산화적 DNA 손상 억제 활성",
            "eng": "Antioxidant activities and inhibitory effects on oxidative DNA damage of leaf from Zelkova serrata with ethyl acetate fractions and hot water extracts"
        },
        "doc_category": {
            "KDC": "521.305",
            "DDC": ""
        },
        "doc_number": {
            "ISSN": "1976-0442",
            "ISBN": "",
            "DOI": "",
            "UCI": ""
        },
        "doc_year": "2016",
        "doc_author": [
            "장태원",
            "박재호"
        ],
        "doc_publisher": "한국응용생명화학회",
        "doc_license": "CC BY",
        "context_info": [
            {
                "context_id": "55e-0c9-f512e813-c725-4645-9326-1c602d64678a",
                "context_K-NSCC": {
                    "field": "생명",
                    "large_category": "LA",
                    "medium_category": "04"
                },
                "context": "<p>항산화 활성 중에서 활성산소 또는 전자 공여능으로 인한 안정화 작용은 환원이라고 할 수 있다. 결과적으로 강한 환원력을 가진 물질은 뛰어난 전자 공여능을 똣하는 것으로 지질과산화 과정과 같은 산화적 기작에서 2 차적인 항산화제의 역할을 수 행할 수 있다. 환원력 평가는 potassium ferricyanide reduction method를 이용하여 ferric-ferricyanide \\( \\left(\\mathrm{Fe}^{3+}\\right) \\) 혼합물이 수소를 공여하여 유리라디칼을 안정화시켜 ferrous \\( \\left(\\mathrm{Fe}^{2+}\\right) \\)로 진환하는 환원력을 \\( 700 \\mathrm{~nm} \\)에서의 흡광도 값으로 표현한 것이다. 환원력에서의 흡광도는 자체적으로 시료의 환원력을 나타내며 높은 환원력을 가질수록 흡광도의 수치가 높게 측정 된다. 느티나무 잎의 에틸아세테이트 분획물과 열수 추출물의 Reducing power는 에틸아세테이트 분획물보다 열수 추출물의 활성이 높았으며, 특히 열수 추출물은 L-ascorbic acid와 비교하였을 때 유사한 환원력을 가진 것으로 보아 강한 항산화제로 평가된다(Table \\( 3 \\)). \\( \\mathrm{Fe}^{2+} \\) 킬레이팅 활성은 철 이온에 대한 시료의 킬레이팅 반응을 통해 산화반응을 일으키는 금속이온과 결합하여여 금속이온의 그 반응성이나 결합성을 제어하는 역할을 한다. 생체 내의 철(Iron, \\( \\mathrm{Fe}) \\) 이온의 과잉으로 야기될 수 있는 hydrogen peroxide와의 fenton reaction에 의한 단백질 발현에 대한 직접적인 손상과 DNA 산화적 스트레스, 세포의 노화와 손상을 야기하는 hydroxyl radical의 억제를 위한 \\( \\mathrm{Fe}^{2+} \\) 킬레이팅 반응을 이용한 것이다. 대조구로는 \\( \\mathrm{Fe}^{2+} \\) 칼레이트화 반응을 통해 \\( \\mathrm{Fe}^{2+} \\) 과다 환자 치료에 사용되어 온 deferoxamine으로 비교 분석하였다. 느티나무 잎의 에틸아세테이트 분획물과 열수 추출물의 \\( \\mathrm{Fe}^{2+} \\) 킬레이팅 활성을 측정한 결과, 각 추출물의 농도가 높을수록 킬레이팅 활성이 높았으며, 추출물 농도 \\( 200 \\mu \\mathrm{g} / \\mathrm{mL} \\)에서 deferoxamine \\( 95.40 \\% \\)과 비교하여 에털아세테이트 분획물 \\( (73.96 \\%) \\)과 열수 추출물(72.42 \\%)로 에틸아세테이트 분획물의 활성이 더 우수한 것으로 나타났다(Table \\( 4 \\)).</p> <h2>충 폐놀성 화합물 함량 분석</h2> <p>활성산소종은 일반적으로 인체 내 세포에 손상을 입힘으로써 질병을 유발하고 노화를 촉진시킨다. 이러한 산화를 방지하기 위하여 천연 항산화제인 페놀성 화합물을 넌리 이용하고 있다. 따라서 페놀성 화합물인 플라보노이드나 페놀산 그리로 안투시아닌 등의 총량인 페놀성 화합물 함랑은 항산화 활성에서는 중요한 인자로 작용한다. 일반적으로 항산화 활성이 증가함에 따라 총 페놀성 화합물의 함량도 증가 한다.</p> <p>느티나무 잎의 에틸아세테이트 분획물과 열수 추출물의 총 페놀성 화합물 함량을 분석한 결과(Fig. 1), 에틸아세테이트 분획물 \\( (56.63 \\pm 0.9 \\mathrm{mg} / \\mathrm{g}) \\), 열수 추출물 \\( (51.62 \\pm 0.9 \\mathrm{mg} / \\mathrm{g}) \\)으로 에틸아세테이트 분획물의 총 페놀성 화합물의 함량이 높았다. 총 페놀성 화합물의 함량은 농도별로 희석한 tannic acid의 표준곡선을 통해 함량을 계산하였다.</p> <h2>산화적 스트레스에 의한 DNA 손상 억제 활성</h2> <p>DNA 손상 억제 활성은 \\( \\mathrm{FeCl}_{2} \\) (ferric chloride)로 인한 산화적 스트레스와 \\( \\mathrm{FeSO}_{4} \\) (ferrous sulfate)와 \\( \\mathrm{H}_{2} \\mathrm{O}_{2} \\)의 fenton 반응에의한 산화적 스트레스로 평가하였으며, \\( \\phi \\)X-174 RF I plasmid DNA cleavage assay로 평가하였다. 특히 DNA의 손상은 산화적 스트레스에 깊은 관련이 있으며, 암의 initiation 단계에서 발생되는 DNA 손상은 암발생과 \\( 83 \\% \\) 이상의 높은 상관성을 나타내므로 initiation 단계에서의 DNA 손상 억제는 항암활성에 있어서 중요한 역할을 한다.</p> <p>느티나무 잎의 에틸아세테이트 분획물과 열수 추출물의 \\( \\mathrm{Fe}^{2+} \\)에 의한 DNA 손상 억제 활성은 대조구와 비교하였을 때 추출물 농도별 \\( (200,40,8,1.6,0.32 \\mu \\mathrm{g} / \\mathrm{mL}) \\) 에틸아세테이트 분획물과 열수 추출물 모두 DNA 손상 억제 활성이 있는 것으로 나타났다(Fig. 2). 특히 \\( 200 \\mu \\mathrm{g} / \\mathrm{mL} \\) 농도에서 열수 추출물의 억제성은 \\( 85.8 \\% \\)로 높게 나타났다. 상대적으로 Ferrous sulfate\\( \\left(\\mathrm{FeSO}_{4}\\right) \\)를 이용한 산화적 스트레스에 의한 DNA damage는 대조구와 비교하였을 때 DNA 손상 억제 활성이 낮게 나타났다(Fig. 3).</p>",
                "context_length": 2697,
                "summary": "다양한 항산화 활성 중에서 활성산소에 의한 안정화 효과 또는 전자를 주는 능력을 환원이라고 하고 흡광도는 시료의 환원력을 직접 반영하며, 흡광도 값이 높을수록 환원력이 높다는 것을 의미합니다. 따라서 플라보노이드, 페놀산 및 안토시아닌을 포함한 페놀 화합물의 총 함량은 물질의 항산화 활성을 결정하는 데 중요한 역할을 합니다. DNA 손상은 산화 스트레스와 밀접한 관련이 있으며, 암 초기 단계에서 발생하는 DNA 손상은 암의 발달과 관련이 있습니다. 일반적으로 \\( 83 \\% \\)를 초과하는 강한 상관관계가 있어 개시 단계에서 DNA 손상을 억제하는 것이 항암 활동에 중요함을 나타냅니다.",
                "clue": [
                    {
                        "clue_text": "항산화 활성 중에서 활성산소 또는 전자 공여능으로 인한 안정화 작용은 환원이라고 할 수 있다.",
                        "clue_start": "3",
                        "clue_end": "55"
                    },
                    {
                        "clue_text": "환원력에서의 흡광도는 자체적으로 시료의 환원력을 나타내며 높은 환원력을 가질수록 흡광도의 수치가 높게 측정 된다.",
                        "clue_start": "381",
                        "clue_end": "444"
                    },
                    {
                        "clue_text": "따라서 페놀성 화합물인 플라보노이드나 페놀산 그리로 안투시아닌 등의 총량인 페놀성 화합물 함랑은 항산화 활성에서는 중요한 인자로 작용한다.",
                        "clue_start": "1443",
                        "clue_end": "1520"
                    },
                    {
                        "clue_text": "특히 DNA의 손상은 산화적 스트레스에 깊은 관련이 있으며, 암의 initiation 단계에서 발생되는 DNA 손상은 암발생과 \\( 83 \\% \\) 이상의 높은 상관성을 나타내므로 initiation 단계에서의 DNA 손상 억제는 항암활성에 있어서 중요한 역할을 한다.",
                        "clue_start": "2116",
                        "clue_end": "2266"
                    }
                ],
                "terminology": [
                    {
                        "word": "DNA damage"
                    },
                    {
                        "word": "DNA 손상"
                    },
                    {
                        "word": "L-ascorbic acid"
                    },
                    {
                        "word": "RF"
                    },
                    {
                        "word": "Reducing power"
                    },
                    {
                        "word": "assay"
                    },
                    {
                        "word": "cleavage"
                    },
                    {
                        "word": "deferoxamine"
                    },
                    {
                        "word": "fenton reaction"
                    },
                    {
                        "word": "fenton 반응"
                    },
                    {
                        "word": "ferric chloride"
                    },
                    {
                        "word": "ferric-ferricyanide"
                    },
                    {
                        "word": "ferrous"
                    },
                    {
                        "word": "hydrogen"
                    },
                    {
                        "word": "hydroxyl radical"
                    },
                    {
                        "word": "initiation"
                    },
                    {
                        "word": "plasmid DNA"
                    },
                    {
                        "word": "potassium ferricyanide"
                    },
                    {
                        "word": "sulfate"
                    },
                    {
                        "word": "tannic acid"
                    },
                    {
                        "word": "금속이온"
                    },
                    {
                        "word": "대조구"
                    },
                    {
                        "word": "산화반응"
                    },
                    {
                        "word": "산화적 기작"
                    },
                    {
                        "word": "산화적 스트레스"
                    },
                    {
                        "word": "수소"
                    },
                    {
                        "word": "시료"
                    },
                    {
                        "word": "안투시아닌"
                    },
                    {
                        "word": "에털아세테이트"
                    },
                    {
                        "word": "에틸아세테이트 분획물"
                    },
                    {
                        "word": "열수 추출물"
                    },
                    {
                        "word": "유리라디칼"
                    },
                    {
                        "word": "전자 공여능"
                    },
                    {
                        "word": "지질과산화"
                    },
                    {
                        "word": "철 이온"
                    },
                    {
                        "word": "총 페놀성"
                    },
                    {
                        "word": "칼레이트화"
                    },
                    {
                        "word": "킬레이팅 반응"
                    },
                    {
                        "word": "킬레이팅 활성"
                    },
                    {
                        "word": "페놀산"
                    },
                    {
                        "word": "페놀성 화합물 함량"
                    },
                    {
                        "word": "폐놀성"
                    },
                    {
                        "word": "표준곡선"
                    },
                    {
                        "word": "플라보노이드"
                    },
                    {
                        "word": "항산화 활성"
                    },
                    {
                        "word": "항산화제"
                    },
                    {
                        "word": "항암활성"
                    },
                    {
                        "word": "환원력"
                    },
                    {
                        "word": "환원력 평가"
                    },
                    {
                        "word": "활성산소"
                    },
                    {
                        "word": "활성산소종"
                    }
                ]
            },
            {
                "context_id": "55e-0c9-2a190517-ed75-4877-a094-aa1f8ace70d1",
                "context_K-NSCC": {
                    "field": "생명",
                    "large_category": "LA",
                    "medium_category": "04"
                },
                "context": "<h1>서 론</h1> <p>최근 고도로 발달한 사회로 인해 삶의 질이 높아지게 되었고, 인간은 건강하고 아름다운 삶을 유지하기 위해 많은 노력을 하고 있다. 특히 최근 연구들은 3화와 암 그리고 만성 질환 등과 같은 질병에 대한 예방 및 억제 치료를 중점에 두고 있다. 이와 같은 관심에 더불어 인체의 산화를 방지하여 노화 및 만성 질환 예방하는 항산화제에 대한 사람들의 인식이 증가하고 있다. 항산화제를 통해 인체 내에서 산화적 스트레스에 대한 방어 기전이 증대되고 질병에 대한 방어능력이 항상될 수 있다. 이러한 이유와 더불어 빠른 효과와 경제적인 측면이 효율적인 합성 항산화제가 질병의 예방과 치료를 위해 제안되었으나, 이들의 인체에 대한 다양한 부작용과 독성 등 안전성 측면에서 문제가 되고 있다. 이에 반해 인체에 대한 유해성이 낮은 천연 항산화제의 사용이 증대되고 있고, 천연 항산화제로 사용될 수 있는 식물의 항산화 물질에 대한 많은 연구가 이루어지고 있다. 식물의 항산화 물질은 phenolics 및 flavonoid 계열의 화합물로 알려져 있고, 이 물질들은 활성산소종(reactive oxygen species, ROS)에 대해 연쇄반응을 통해 alkyl radical 또는 alkylperoxy radical에 수소를 공여하는 반응을 한다. 이러한 활성산소종은 체내의 당, 지질, 단백질과 DNA에 이르는 비가역적인 변형과 파괴를 유래한다고 알려져 있으며, 항산화제의 산화 반응의 억제를 통해 체내 radical의 반응에 대해 인체를 보호하고, 활성산소종에 의한 암, 동맥경화, 심혈관계질환등 다양한 질병에 대한 억제작용을 한다. 이전 연구에서 금속에 대한 산화-환원은 페놀 류 항산화 화합물과 결합하거나 복합체를 형성하여 결과적으로 \\( \\mathrm{H}_{2} \\mathrm{O}_{2} \\)와 금속이온 간의 반응을 억제한다고 밝혔으며, 페놀류 화합물과 같은 항산화 물질은 수소이온이나 전자를 공여하므로써 ROS 를 제어하여, DNA 산화적 손상에 대한 방어 효과를 보인다. 이와 같이, 펜톤 반응의 억제를 이끌어내는 항산화 활성은 철 이온의 환원반응을 발생 시키거나, \\( \\mathrm{OH}^{-} \\)를 직접적으로 소거하므로 \\( \\mathrm{OH}^{-} \\)에 의한 DNA 손상으로부터 supercoiled plasmid DNA의 구조를 보호한다. 느티나무(Zelkova serrata)는 평안남도 및 함경남도 이남에서 자라며 높이 \\( 26 \\mathrm{~m} \\), 지름 \\( 3 \\mathrm{~m} \\)인 낙엽성 교목이다. 또한 생장이 빠르지만 저수지나 염분이 있는 곳에서는 생장이 어렵다. 느티나무는 3-hydroxylated flavonoid C-glucosides , 7-hydroxy-3-methoxycadalrene 이 분석되었고, 최근까지 항진균 활성 및 항산화, 폐암 억제 등의 연구가 진행되어 있다. 하지만 느티나무 잎의 항산화 활성 및 DNA 손상 억제에 대한 연구가 미흡하여, 본 연구를 통해 차후 느티나무 잎의 천연 항산화제로의 활용가능성 및 추출 방식에 따른 효과적인 이용 방법을 제시하고자 한다.</p>",
                "context_length": 1553,
                "summary": "인류의 삶의 질이 높아지게 되어 건강하고 아름다운 삶을 유지하기 위한 다양한 노력으로 항산화에 대한 인식이 높아지고 있다. 항산화를 위한 항산화제는 질병 예방과 치료를 위하 사용되었지만, 안전성의 문제로 천연 항산화제에 대한 관심도가 높아지고 있다. 천연 항산화제의 원료로 느티나무 잎을 사용할 수 있다.",
                "clue": [
                    {
                        "clue_text": "최근 고도로 발달한 사회로 인해 삶의 질이 높아지게 되었고, 인간은 건강하고 아름다운 삶을 유지하기 위해 많은 노력을 하고 있다.",
                        "clue_start": "16",
                        "clue_end": "88"
                    },
                    {
                        "clue_text": "이와 같은 관심에 더불어 인체의 산화를 방지하여 노화 및 만성 질환 예방하는 항산화제에 대한 사람들의 인식이 증가하고 있다.",
                        "clue_start": "152",
                        "clue_end": "221"
                    },
                    {
                        "clue_text": "이러한 이유와 더불어 빠른 효과와 경제적인 측면이 효율적인 합성 항산화제가 질병의 예방과 치료를 위해 제안되었으나, 이들의 인체에 대한 다양한 부작용과 독성 등 안전성 측면에서 문제가 되고 있다.",
                        "clue_start": "286",
                        "clue_end": "395"
                    },
                    {
                        "clue_text": "이에 반해 인체에 대한 유해성이 낮은 천연 항산화제의 사용이 증대되고 있고, 천연 항산화제로 사용될 수 있는 식물의 항산화 물질에 대한 많은 연구가 이루어지고 있다.",
                        "clue_start": "396",
                        "clue_end": "488"
                    },
                    {
                        "clue_text": "하지만 느티나무 잎의 항산화 활성 및 DNA 손상 억제에 대한 연구가 미흡하여, 본 연구를 통해 차후 느티나무 잎의 천연 항산화제로의 활용가능성 및 추출 방식에 따른 효과적인 이용 방법을 제시하고자 한다.",
                        "clue_start": "1435",
                        "clue_end": "1549"
                    }
                ],
                "terminology": [
                    {
                        "word": "DNA 손상"
                    },
                    {
                        "word": "ROS"
                    },
                    {
                        "word": "alkyl radical"
                    },
                    {
                        "word": "alkylperoxy radical"
                    },
                    {
                        "word": "flavonoid 계열"
                    },
                    {
                        "word": "phenolics"
                    },
                    {
                        "word": "plasmid DNA"
                    },
                    {
                        "word": "교목"
                    },
                    {
                        "word": "방어 기전"
                    },
                    {
                        "word": "산화적 손상"
                    },
                    {
                        "word": "수소"
                    },
                    {
                        "word": "연쇄반응"
                    },
                    {
                        "word": "천연 항산화제"
                    },
                    {
                        "word": "철 이온"
                    },
                    {
                        "word": "페놀"
                    },
                    {
                        "word": "페놀류"
                    },
                    {
                        "word": "펜톤 반응"
                    },
                    {
                        "word": "합성 항산화제"
                    },
                    {
                        "word": "항산화 활성"
                    },
                    {
                        "word": "항진균 활성"
                    },
                    {
                        "word": "환원반응"
                    },
                    {
                        "word": "활성산소종"
                    }
                ]
            },
            {
                "context_id": "55e-0c9-merge_2_28a7cd33-9557-4524-a584-e4d99395c9ef_05",
                "context_K-NSCC": {
                    "field": "생명",
                    "large_category": "LA",
                    "medium_category": "99"
                },
                "context": "<h1>초 록</h1> <p>활성산소종은 DNA의 손상에서 중요한 역할을 한다. 최근 활성 산소를 제어하고 조절하기 위해 천연항산화제를 개발하기 위해 많은 노력이 이루어지고 있다. 느티나무(Zelkova serrate)는 느릅나무과의 식물로 한국 마을 입구에 흔히 심어져 친숙한 식물이다. 하지만 느티나무의 항산화 활성 및 산화적 DNA 손상에 대한 방어효과에 대한 연구는 미흡한 실정이다. 본 연구에서 느티나무 잎의 에틸아세테이트 분회물 및 열수 추출물의 항산화 활성 및 산화적 DNA 손상에 대한 억제활성을 확인하였다. 에틸아세테이트 분획물은 열수 추출물에 비해 DPPH 라디칼 소거활성, ABTS 라디칼 소거활성, \\( \\mathrm { Fe } ^ { 2 + } \\) 킬레이팅 활성 그리고 reducing power에서 높은 항산화 활성을 보였다. 또한, 페놀류 화합물 함량은 각각 에틸아세테이트 분획물은 \\( 56.63 \\mathrm { mg } / \\mathrm { g } \\) 그리고 열수 추출물은 \\( 51.61 \\mathrm { mg } / \\mathrm { g } \\)으로 분석됐다. \\( \\phi \\)X-174 RF I plasmid DNA를 이용한 산화적 DNA 손상억제활성은 에틸아세테이트 분획물과 열수 추출물 모두 상당한 방어효과를 나타냈다. 따라서 느티나무 잎의 에틸아세테이트 분획물 및 열수 추출물은 뛰어난 항산화 활성 및 산화적 DNA 손상 억제 효과를 통한 천연 자원으로서의 잠재성을 보였다.</p> <h1>초 록</h1> <p>활성산소종은 DNA의 손상에서 중요한 역할을 한다. 최근 활성 산소를 제어하고 조절하기 위해 천연항산화제를 개발하기 위해 많은 노력이 이루어지고 있다. 느티나무(Zelkova serrate)는 느릅나무과의 식물로 한국 마을 입구에 흔히 심어져 친숙한 식물이다. 하지만 느티나무의 항산화 활성 및 산화적 DNA 손상에 대한 방어효과에 대한 연구는 미흡한 실정이다. 본 연구에서 느티나무 잎의 에틸아세테이트 분회물 및 열수 추출물의 항산화 활성 및 산화적 DNA 손상에 대한 억제활성을 확인하였다. 에틸아세테이트 분획물은 열수 추출물에 비해 DPPH 라디칼 소거활성, ABTS 라디칼 소거활성, \\( \\mathrm { Fe } ^ { 2 + } \\) 킬게이팅 활성 그리고 reducing power에서 높은 항산화 활성을 보였다. 또한, 페놀류 화합물 함량은 각각 에틸아세테이트 분획물은 \\( 56.63 \\mathrm { mg } / \\mathrm { g } \\) 그리고 열수 추출물은 \\( 51.61 \\mathrm { mg } / \\mathrm { g } \\)으로 분석됐다. \\( \\phi \\mathrm { X } -174 \\mathrm { RF } \\) I plasmid DNA를 이용한 산화적 DNA 손상억제활성은 에틸아세테이트 분획물과 열수 추출물 모두 상당한 방어효과를 나타냈다. 따라서 느티나무 잎의 에틸아세테이트 분획물 및 열수 추출물은 뛰어난 항산화 활성 및 산화적 DNA 손상 억제 효과를 통한 천연 자원으로서의 잠재성을 보였다.</p>",
                "context_length": 1517,
                "summary": "느티나무 잎의 에틸아세테이트 분획물과 열수 추출물은 항산화 활성과 산화적 DNA 손상에 대한 억제 활성을 가지며, 특히 에틸아세테이트 분획물은 열수 추출물에 비해 더 높은 항산화 활성을 보여주었다. 이러한 결과는 느티나무 잎의 천연 자원으로서의 잠재성을 보여준다.",
                "clue": [
                    {
                        "clue_text": "하지만 느티나무의 항산화 활성 및 산화적 DNA 손상에 대한 방어효과에 대한 연구는 미흡한 실정이다.",
                        "clue_start": "162",
                        "clue_end": "218"
                    },
                    {
                        "clue_text": "본 연구에서 느티나무 잎의 에틸아세테이트 분회물 및 열수 추출물의 항산화 활성 및 산화적 DNA 손상에 대한 억제활성을 확인하였다.",
                        "clue_start": "219",
                        "clue_end": "292"
                    },
                    {
                        "clue_text": "에틸아세테이트 분획물은 열수 추출물에 비해 DPPH 라디칼 소거활성, ABTS 라디칼 소거활성, \\( \\mathrm { Fe } ^ { 2 + } \\) 킬레이팅 활성 그리고 reducing power에서 높은 항산화 활성을 보였다.",
                        "clue_start": "293",
                        "clue_end": "422"
                    },
                    {
                        "clue_text": "따라서 느티나무 잎의 에틸아세테이트 분획물 및 열수 추출물은 뛰어난 항산화 활성 및 산화적 DNA 손상 억제 효과를 통한 천연 자원으로서의 잠재성을 보였다.",
                        "clue_start": "654",
                        "clue_end": "741"
                    }
                ],
                "terminology": [
                    {
                        "word": "ABTS 라디칼"
                    },
                    {
                        "word": "ABTS 라디칼 소거활성"
                    },
                    {
                        "word": "DPPH 라디칼"
                    },
                    {
                        "word": "DPPH 라디칼 소거활성"
                    },
                    {
                        "word": "Fe"
                    },
                    {
                        "word": "RF"
                    },
                    {
                        "word": "Zelkova serrate"
                    },
                    {
                        "word": "plasmid DNA"
                    },
                    {
                        "word": "reducing power"
                    },
                    {
                        "word": "느티나무"
                    },
                    {
                        "word": "방어효과"
                    },
                    {
                        "word": "분회물"
                    },
                    {
                        "word": "산화적 DNA 손상"
                    },
                    {
                        "word": "에틸아세테이트 분회물"
                    },
                    {
                        "word": "에틸아세테이트 분획물"
                    },
                    {
                        "word": "열수 추출물"
                    },
                    {
                        "word": "천연항산화제"
                    },
                    {
                        "word": "킬게이팅 활성"
                    },
                    {
                        "word": "킬레이팅 활성"
                    },
                    {
                        "word": "페놀류 화합물"
                    },
                    {
                        "word": "항산화 활성"
                    },
                    {
                        "word": "활성 산소"
                    },
                    {
                        "word": "활성산소종"
                    }
                ]
            },
            {
                "context_id": "55e-0c9-1f04464d-9732-42da-9724-04383e823288",
                "context_K-NSCC": {
                    "field": "생명",
                    "large_category": "LA",
                    "medium_category": "04"
                },
                "context": "<h1>재료 및 방법</h1> <h2>실험재료</h2> <p>본 실험에 사용된 느티나무 잎은 충청북도 괴산군 칠성면에서 채취하여, 중원대학교 생약자원개발학과에서 분류 및 동정한 것 (voucher number: JWU15-1)을 시료로 사용하였다.</p> <h2>시료 추출 및 용매분획</h2> <p>ehtyl acetate 분획물(EA)을 얻기 위해 느티나무 잎을 동결건조한 후에 분쇄하여 분말화하였다. 분말화한 느티나무 잎을 초음파를 이용하여 \\( 80 \\% \\) methanol에 \\( 3 \\)일 동안 침출시킨 후, filter paper (Whatman NO. 2, Maidstone, UK)로 여과하였다. methanol 추출물을 \\( 40^{\\circ} \\mathrm{C} \\) 이하의 중탕에서 감압 환류 냉각장치 (N-1110S, EYELA, Tokyo, JAPAN)로 농축한 후 분별 깔대기를 이용하여 petroleum ether, ethyl acetate 을 이용하여 각각 순차적으로 \\( 3 \\) 회 분획 하였다. 이 중 ethyl acetate 분획물을 감압 환류 냉각 장치로 농축하여 시료로 사용하였다. 열수 추출물 (HW) 을 얻기위해 느티나무 잎을 동결건조한 후에 분쇄하여 분말화하였다. 분말화한 느티나무 잎을 증류수에 침출시켜 뜨거울 물에 용출하여 filter paper (Whatman NO. \\( 2 \\), UK) 로 여과하였다. 여과한 추출물을 freeze drier (Ilshin, Donducheon-si, Korea) 를 이용하여 건조시켜 시료로 사용하였다. 모든 시료는 실험 전까지 \\( -27^{\\circ} \\mathrm{C} \\) 냉동 보관하였으며, dimethyl sulfoxide (DMSO)에 용해하여 실험에 사용하였다.</p> <h2>기기 및 시약</h2> <p>본 연구에 사용된 High-performance liquid chromatography grade 의 methanol, petroleum ether, ethyl acetate 및 DMSO 는 SK chemicals (Seoul, Korea) 제품을 사용 하였고, 나머지 시약은 Sigma-aldrich (St. Louis, MO, USA) 제품을 사용하였다. \\( \\phi \\mathrm{X} \\)-174 RF I plasmid DNA는 Promega (Madison, WI, USA)에서 구입하여 사용하였다. 기타시약 및 기기는 별도 표기하였다.</p> <h2>DPPH 라디칼 소거활성</h2> <p>\\( 1 \\),1-diphenyl-2-picryl-hydrazyl (DPPH)를 이용한 전자 공여능은 Bondet 방법을 참고하여 측정하였다. DPPH solution은 \\( 300 \\mu \\mathrm{M} \\) DPPH 를 \\( 515 \\mathrm{nm} \\) 에서 흡광도 값이 \\( 1.00 \\) 이 되도록 ethanol을 이용하여 희석 준비하였다. 각 농도별 추출물 \\( (0.32,1.6,8,40,200 \\mu \\mathrm{g} / \\mathrm{mL}) 40 \\mu \\mathrm{L} \\)에 DPPH solution \\( 760 \\mu \\mathrm{L} \\)를 첨가한 후 \\( 37^{\\circ} \\mathrm{C} \\)에서 \\( 20 \\)분 반응시켜 UV/Visible spectrophotometer (Human Cop, Xma-3000PC, Seoul, Korea) 를 이용하여 \\( 515 \\mathrm{nm} \\)에서 흡광도를 측정하였다.</p> <h2>ABTS 라디칼 소거활성</h2> <p>3-ethylbenzthiazoline-6-sulphonic acid (ABTS) 라디칼 소거 활성 능력은 Van den Berg 등의 방법을 참고하여 측정하였다. ABTS solution은 \\( 7.4 \\mathrm{mM} \\) \\(\\mathrm{2,2'} \\)-Azino-bis (3-ethylbenzothiazoline-6-sulfonic acid) diammonium salt와 \\( 2.6 \\mathrm{mM} \\) potassium persulfate를 혼합하여 \\( 24 \\)시간 ABTS radical 을 형성시킨 후 증류수를 이용하여 \\( 734 \\mathrm{~nm} \\)에서 흡광도 값이 \\( 0.70 \\) 이 되도록 희석하였다. 각 농도별 추출물 \\( 40 \\mu \\mathrm{L} \\)에 ABTS solution \\( 760 \\mu \\mathrm{L} \\)를 첨가한 후 \\( 37^{\\circ} \\mathrm{C} \\)에서 \\( 20 \\)분 반응시켜 UV/Visible spectrophotometer를 이용하여 \\( 734 \\mathrm{~nm} \\)에서 흡광도를 측정하였다.</p> <h2>\\( \\mathrm{Fe}^{2+} \\) 킬레이팅 활성</h2> <p>\\( \\mathrm{Fe}^{2+} \\) 킬레이팅 활성은 Hsu 등의 방법을 참고하여 실험하였다. 각 농도별 추출물 \\( 40 \\mu \\mathrm{L} \\)에 \\( 1 \\mathrm{mM} \\mathrm{FeCl}_{2} 40 \\mu \\mathrm{L} \\)와 증류수 \\( 700 \\mu \\mathrm{L} \\)를 혼합하여 약 \\( 30 \\)초간 실온에서 반응하였다. 이 혼합물에 \\( 5 \\mathrm{mM} \\) ferrozine \\( 40 \\mu \\mathrm{L} \\)을 첨가하여 \\( \\mathrm{Fe}^{2+} \\)-ferrozine complex를 유도하고 \\( 10 \\)분 후 UV/Visible spectrophotometer를 이용하여 \\( 562 \\mathrm{~nm} \\)에서 흡광도를 측정하였다.</p>",
                "context_length": 2772,
                "summary": "본 실험 에서는 느티나무 잎의 항산화능을 측정하였다. 느티나무 잎은 충청북도 괴산군 칠성면에서 채취하여 동결건조 후 분쇄하여 ehtyl acetate 분획물을 얻었다. 항산화능은 DPPH 라디칼 소거활성정도, ABTS 라디칼 소거활성정도, \\(\\mathrm{Fe^{2+}}\\) 킬레이팅 활성 정도를 통해 측정하였다.",
                "clue": [
                    {
                        "clue_text": "본 실험에 사용된 느티나무 잎은 충청북도 괴산군 칠성면에서 채취하여, 중원대학교 생약자원개발학과에서 분류 및 동정한 것 (voucher number: JWU15-1)을 시료로 사용하였다.",
                        "clue_start": "34",
                        "clue_end": "138"
                    },
                    {
                        "clue_text": "ehtyl acetate 분획물(EA)을 얻기 위해 느티나무 잎을 동결건조한 후에 분쇄하여 분말화하였다. 분말화한 느티나무 잎을 초음파를 이용하여 \\( 80 \\% \\) methanol에 \\( 3 \\)일 동안 침출시킨 후, filter paper (Whatman NO.",
                        "clue_start": "168",
                        "clue_end": "317"
                    },
                    {
                        "clue_text": "\\( 1 \\),1-diphenyl-2-picryl-hydrazyl (DPPH)를 이용한 전자 공여능은 Bondet 방법을 참고하여 측정하였다.",
                        "clue_start": "1240",
                        "clue_end": "1319"
                    },
                    {
                        "clue_text": "3-ethylbenzthiazoline-6-sulphonic acid (ABTS) 라디칼 소거 활성 능력은 Van den Berg 등의 방법을 참고하여 측정하였다.",
                        "clue_start": "1755",
                        "clue_end": "1846"
                    },
                    {
                        "clue_text": "\\( \\mathrm{Fe}^{2+} \\) 킬레이팅 활성은 Hsu 등의 방법을 참고하여 실험하였다.",
                        "clue_start": "2364",
                        "clue_end": "2418"
                    }
                ],
                "terminology": [
                    {
                        "word": "ABTS radical"
                    },
                    {
                        "word": "ABTS solution"
                    },
                    {
                        "word": "ABTS 라디칼 소거활성"
                    },
                    {
                        "word": "Bondet"
                    },
                    {
                        "word": "DPPH"
                    },
                    {
                        "word": "DPPH 라디칼 소거활성"
                    },
                    {
                        "word": "Hsu"
                    },
                    {
                        "word": "Promega"
                    },
                    {
                        "word": "RF"
                    },
                    {
                        "word": "SK chemicals"
                    },
                    {
                        "word": "UK"
                    },
                    {
                        "word": "UV/Visible spectrophotometer"
                    },
                    {
                        "word": "Van den Berg"
                    },
                    {
                        "word": "dimethyl sulfoxide"
                    },
                    {
                        "word": "ehtyl acetate 분획물"
                    },
                    {
                        "word": "ethyl acetate"
                    },
                    {
                        "word": "ferrozine"
                    },
                    {
                        "word": "filter paper"
                    },
                    {
                        "word": "liquid chromatography"
                    },
                    {
                        "word": "methanol 추출물"
                    },
                    {
                        "word": "petroleum"
                    },
                    {
                        "word": "plasmid DNA"
                    },
                    {
                        "word": "potassium persulfate"
                    },
                    {
                        "word": "spectrophotometer"
                    },
                    {
                        "word": "시료"
                    },
                    {
                        "word": "열수 추출물"
                    },
                    {
                        "word": "용매분획"
                    },
                    {
                        "word": "전자 공여능"
                    },
                    {
                        "word": "증류수"
                    },
                    {
                        "word": "킬레이팅 활성"
                    },
                    {
                        "word": "환류 냉각장치"
                    },
                    {
                        "word": "흡광도 값"
                    }
                ]
            },
            {
                "context_id": "55e-0c9-88edfda2-db9a-4023-8eeb-21e10abe49fa",
                "context_K-NSCC": {
                    "field": "생명",
                    "large_category": "LA",
                    "medium_category": "04"
                },
                "context": "<h1>결과 및 고찰</h1> <h2>느티나무 잎의 항산화 활성</h2> <p>최근 활성산소종에 대한 관심이 높아지면서 활성산소종을 제어할 수 있는 항산화제에 대한 관심 또한 급증하고 있다. 활성산소종은 자유라디칼을 가지는 불안정한 상태의 산소종을 말하며 강한 반응성을 지닌다. 활성산소종은 체내 각종 세포 등의 여러 대사과정에서 끊임없이 생성되고 인체를 보호하는 작용을 하지만 체내에서 생성되는 활성산소와 항산화효소와의 항상성이 깨지고 과다한 발생은 산화적 스트레스로 인한 노화, 당뇨, 비만과 같은 각종 질병들을 야기하게 될 뿐만 아니라 세포자체의 구조나 기능의 손상과 변질을 유도한다. 이러한 유해 작용을 억제하기 위하여 항산화 기능을 하는 폴리페놀계 화합물을 함유하고 있는 식물자원에 대하여 많은 관심과 연구가 진행되고 있다. 페놀성 화합물은 킬레이팅 반응을 통해 금속이온들을 비활성화 시키고 superoxide-driven fenton reaction과 같은 활성산소종의 기원이 되는 반응들을 억제한다. 페놀성 화합물의 다양한 항산화능력은 그 구조적인 특징과 관련성이 높은데, 이들은 금속 킬레이트제, 환원제, 활성산소의 소거제, 사를절단 항산화제 (chain breaking antioxidants) 등으로서의 역할에 기인하는 것으로 알려져 있다. DPPH 라디칼 소거 활성은 수소 공여체의 활성을 측정하는 방법으로 페놀성 화합물, 방항족 아민류 및 아스코르빈산 등에 의 해 수소나 전자를 받아 환원되어 보라색이 탈색 되는 원리를 이용한 방법이며, 항산화 물질을 탐색하기 위해 많이 이용되고 있다. 느티나무 잎의 에틸아세테이트 분획물과 열수 추출물의 DPPH 라디칼 소거활성을 측정한 결과, 농도의존적으로 활성을 나타냈으며, 추출물 농도 \\( 200 \\mu \\mathrm{g} / \\mathrm{mL} \\)에서 \\( 87.08, \\) \\(72.66 \\% \\)로 에틸아세테이트 분획물의 활성이 더 높게 나타났고 \\( \\mathrm{IC}_{50} \\) (Inhibitor concentration \\( 50 \\% \\) ) 값 또한 \\( 19.2 \\mu \\mathrm{g} / \\mathrm{mL} \\), \\( 25.5 \\mu \\mathrm{g} / \\mathrm{mL} \\)로, 에틸아세테이트 분획물의 활성이 더 높은 것으로 나타났다(Table \\( 1 \\)). ABTS 라디칼 소거활성은 라디칼을 생성하는 ABTS가 존재 시, hydrogen peroxide와 metmyoglobin의 바른 항산화 반응에 의해 myoglobin radical을 감소시키는 기전 이라고 할 수 있다. 느티나무 잎의 에틸아세테이트 분회물과 열수 추출물의 ABTS 라디칼 소거활성을 즉정한 결과, 추출물 농도 \\( 200 \\mu \\mathrm{g} / \\mathrm{mL} \\)에서 \\( 99.50,\\) \\(99.40 \\% \\)로 EA와 HW의 활성이 모두 높게 나타났으며, \\( \\mathrm{IC}_{50} \\)값은 \\( 5.5,4.4 \\mu \\mathrm{g} / \\mathrm{mL} \\)로 열수 추출물의 활성이 더 높은 것으로 나타났다(Table \\( 2 \\)).</p>",
                "context_length": 1550,
                "summary": "항산화 기능을 하는 폴리페놀계 화합물을 함유하는 식물자원에 대한 연구가 많이 진행되고 있는데, DPPH 라디칼 소거 활성은 수소 공여체의 활성을 측정하는 방법이며 ABTS 라디칼 소거활성은 라디칼을 생성하는 ABTS 라디칼이 존재하면 항산화 반응에 의해 myoglobin을 감소시키는 기전으로 황산화 물질을 탐색하기 위해 이용하는 방법이다 . 느티나무 잎의 에틸아세테이트 분획물과 열수 추출물의 DPPH 라디칼 소거활성및 ABTS 라디칼 소거활성을 측정한 결과 DPPH 라디칼 소거활성에 대해서는 에틸아세테이트 분획물, ABTS 라디칼 소거활성에 대해서는 두 가지에 대해 모두 활성이 모두 높게 나타나고, \\( \\mathrm{IC}_{50} \\)값에 대해서만 열수 추출물의 활성이 더 높게 나타났다.",
                "clue": [
                    {
                        "clue_text": "이러한 유해 작용을 억제하기 위하여 항산화 기능을 하는 폴리페놀계 화합물을 함유하고 있는 식물자원에 대하여 많은 관심과 연구가 진행되고 있다.",
                        "clue_start": "331",
                        "clue_end": "410"
                    },
                    {
                        "clue_text": "느티나무 잎의 에틸아세테이트 분획물과 열수 추출물의 DPPH 라디칼 소거활성을 측정한 결과, 농도의존적으로 활성을 나타냈으며, 추출물 농도 \\( 200 \\mu \\mathrm{g} / \\mathrm{mL} \\)에서 \\( 87.08, \\) \\(72.66 \\% \\)로 에틸아세테이트 분획물의 활성이 더 높게 나타났고 \\( \\mathrm{IC}_{50} \\) (Inhibitor concentration \\( 50 \\% \\) ) 값 또한 \\( 19.2 \\mu \\mathrm{g} / \\mathrm{mL} \\), \\( 25.5 \\mu \\mathrm{g} / \\mathrm{mL} \\)로, 에틸아세테이트 분획물의 활성이 더 높은 것으로 나타났다(Table \\( 1 \\)).",
                        "clue_start": "789",
                        "clue_end": "1159"
                    },
                    {
                        "clue_text": "DPPH 라디칼 소거 활성은 수소 공여체의 활성을 측정하는 방법으로 페놀성 화합물, 방항족 아민류 및 아스코르빈산 등에 의 해 수소나 전자를 받아 환원되어 보라색이 탈색 되는 원리를 이용한 방법이며, 항산화 물질을 탐색하기 위해 많이 이용되고 있다.",
                        "clue_start": "649",
                        "clue_end": "788"
                    },
                    {
                        "clue_text": "느티나무 잎의 에틸아세테이트 분회물과 열수 추출물의 ABTS 라디칼 소거활성을 즉정한 결과, 추출물 농도 \\( 200 \\mu \\mathrm{g} / \\mathrm{mL} \\)에서 \\( 99.50,\\) \\(99.40 \\% \\)로 EA와 HW의 활성이 모두 높게 나타났으며, \\( \\mathrm{IC}_{50} \\)값은 \\( 5.5,4.4 \\mu \\mathrm{g} / \\mathrm{mL} \\)로 열수 추출물의 활성이 더 높은 것으로 나타났다(Table \\( 2 \\)).",
                        "clue_start": "1284",
                        "clue_end": "1546"
                    },
                    {
                        "clue_text": "ABTS 라디칼 소거활성은 라디칼을 생성하는 ABTS가 존재 시, hydrogen peroxide와 metmyoglobin의 바른 항산화 반응에 의해 myoglobin radical을 감소시키는 기전 이라고 할 수 있다.",
                        "clue_start": "1160",
                        "clue_end": "1283"
                    }
                ],
                "terminology": [
                    {
                        "word": "ABTS 라디칼 소거활성"
                    },
                    {
                        "word": "DPPH 라디칼 소거활성"
                    },
                    {
                        "word": "HW"
                    },
                    {
                        "word": "antioxidants"
                    },
                    {
                        "word": "fenton"
                    },
                    {
                        "word": "hydrogen"
                    },
                    {
                        "word": "metmyoglobin"
                    },
                    {
                        "word": "myoglobin radical"
                    },
                    {
                        "word": "방항족 아민류"
                    },
                    {
                        "word": "산소종"
                    },
                    {
                        "word": "수소 공여체"
                    },
                    {
                        "word": "아스코르빈산"
                    },
                    {
                        "word": "에틸아세테이트 분획물"
                    },
                    {
                        "word": "열수 추출물"
                    },
                    {
                        "word": "자유라디칼"
                    },
                    {
                        "word": "킬레이팅 반응"
                    },
                    {
                        "word": "페놀성 화합물"
                    },
                    {
                        "word": "폴리페놀계"
                    },
                    {
                        "word": "항산화 기능"
                    },
                    {
                        "word": "항산화 반응"
                    },
                    {
                        "word": "항산화 활성"
                    },
                    {
                        "word": "항산화능력"
                    },
                    {
                        "word": "항산화제"
                    },
                    {
                        "word": "환원"
                    },
                    {
                        "word": "활성산소"
                    },
                    {
                        "word": "활성산소종"
                    }
                ]
            },
            {
                "context_id": "55e-0c9-6b54ee8d-2a7e-4202-9481-5e38222dde5f",
                "context_K-NSCC": {
                    "field": "생명",
                    "large_category": "LA",
                    "medium_category": "04"
                },
                "context": "<h2>Reducing power</h2> <p>Reducing power는 Oyaizu의 방법을 참고하여 측정하였다. 각 농도별 추출물 \\( 100 \\mu \\mathrm{L} \\)에 \\( 0.2 \\mathrm{M} \\) potassium phosphate buffer ( \\( \\mathrm{pH} \\) 6.6) \\( 250 \\mu \\mathrm{L} \\)과 1 \\( \\% \\) potassium hexacyanoferrate (III) \\( 250 \\mu \\mathrm{L} \\)을 혼합한 후, \\( 50^{\\circ} \\mathrm{C} \\)에서 \\( 20 \\)분 반응시킨 후 찬물로 냉각하여, trichloroacetic acid \\( 250 \\mu \\mathrm{L} \\)를 첨가하였다. 위 반응액을 \\( 2000 \\mathrm{~g} \\)에서 \\( 5 \\)분간 원심 분리하여 상등액 \\( 400 \\mu \\mathrm{L} \\)에 증류수 \\( 400 \\mu \\mathrm{L} \\)와 \\( 0.10 \\% \\) ferric chloride \\( 16 \\mu \\mathrm{L} \\)를 첨가하여 혼합한 후, UV/Visible spectrophotometer를 이용하여 \\( 700 \\mathrm{~nm} \\)에서 흡광도를 측정하였다.</p> <h2>총 페놀성 화합물 분석</h2> <p>총 페놀성 화합물 분석은 Folin-Denis의 방법을 참고하여 측정하였다. 건조시료 \\( 1 \\mathrm{~g} \\)에 \\( 1 \\% \\) acetic acid/diethyl ether \\( 100 \\mathrm{~mL} \\) 혼합하여 \\(5 \\)분간 추출 후 상등엑을 제거하였다. 잔여물과 \\( 70 \\% \\) acetone을 혼합하여 \\( 50 \\mathrm{~mL} \\)를 만든 후 \\( 2 \\)시간 동안 교반 추줄하였다. 상등액을 filter paper로 걸려낸 후, \\( 70 \\% \\) acetone으로 \\( 50 \\mathrm{~mL} \\)까지 정용하였다. 주줄물 \\( 50 \\mu \\mathrm{L} \\)와 증류수 \\( 950 \\mu \\mathrm{L} \\), folin \\( 500 \\mu \\mathrm{L} \\)를 혼합한 후, \\( 20 \\% \\) sodium carbonate \\( 2.5 \\mathrm{~mL} \\)를 넣어 \\( 40 \\)분간 실온에서 반응시켰다. 반응물을 흔들지 않고 맑은 액체를 UV/Visible spectrophotometer를 이용하여 \\( 725 \\mathrm{~nm} \\)에서 흡광도를 측정하였다. Standard는 tannic acid를 사용하였고, 정량 직선방정식을 시용하였다.</p> <h2>\\( \\phi \\)X-174 RF I plasmid DNA 산화적 스트레스 손상 억제 활성</h2> <p>\\( \\phi \\)X-174 RF I plasmid DNA 산화적 스트레스 손상 억제 활성은 Jung과 Surh의 방법(Jung and Surh 2001)을 참고하여 측정하였다. Ferric chloride \\( \\left(\\mathrm{FeCl}_{2}\\right) \\)을 통한 산화적 스트레스는 각 농도별 추출물 \\( 40 \\mu \\mathrm{L} \\)와 \\( 4.5 \\mathrm{mM} \\) \\(\\mathrm{FeCl} \\) \\( 60 \\mu \\mathrm{L} \\)와 증류수 \\( 700 \\mu \\mathrm{L} \\)를 넣은 후, \\( 37^{\\circ} \\mathrm{C} \\)에서 \\( 15 \\)분 반응하였다. 반응물 \\( 20 \\mu \\mathrm{L} \\) 와 \\( \\phi \\)X-174 RF I plasmid DNA \\( 5 \\mu \\mathrm{L} \\)를 넣고, \\( 37^{\\circ} \\mathrm{C} \\)에서 \\( 3 \\)분간 반응한 후, \\( 10 \\mathrm{X} \\) loading buffer와 혼합한 후 \\( 1 \\% \\) agarose gel로 전기 영동을 실시한 후 UV하에서 사진 촬영하였다. Ferrous sulfate \\( \\left(\\mathrm{FeSO}_{4}\\right) \\)을 통한 산화적 스트레스는 각 농도별 추출물 \\( 40 \\mu \\mathrm{L} \\)와 \\( 1.5 \\mathrm{mM} \\mathrm{~FeSO} \\mathrm{F}_{4} \\)와 \\( 1.5 \\mathrm{mM} \\) hydrogen peroxide \\( \\left(\\mathrm{H}_{2} \\mathrm{O}_{2}\\right) \\) 를 \\( 1: 1 \\)로 혼합한 용액을 \\( 760 \\mu \\mathrm{L} \\)을 첨가한 뒤 \\( 37^{\\circ} \\mathrm{C} \\)에서 \\( 15 \\)분간 반응하였다. 반응물 \\( 20 \\mu \\mathrm{L} \\)와 \\( \\phi \\)X-174 RF I plasmid DNA \\( 5 \\mu \\mathrm{L} \\)를 넣고, \\( 37^{\\circ} \\mathrm{C} \\)에서 \\( 3 \\)분간 반응한 후, \\( 10 \\mathrm{X} \\) loading buffer와 혼합한 후 \\( 1 \\% \\) agarose gel로 전기영동을 실시한 후 UV하에서 사진 촬영하였다.</p> <h2>통계학적 분석</h2> <p>모든 실험 결과는 \\( 3 \\)번 이상 수행하였으며, 통계분석은 SPSS \\( 18.0 \\) (Statistical Package for the Social Sciences) 을 이용하여 각 실험의 평균과 표준편차를 계산하였고, ANOVA 를 통한 \\( p<0.05 \\) 수준에서 Duncan 다중검정법(duncan's multiple range test)으로 사후 검정하여 각 실험의 유의성을 검증하였다.</p>",
                "context_length": 2787,
                "summary": "본 연구에서는 반응액을 원심 분리한 후 첨가물을 혼합하고, 흡광도를 UV/Visible spectrophotometer로 측정했다. 총 페놀성 화합물 분석은 Folin-Denis 방법, \\( \\phi \\)X-174 RF I plasmid DNA의 산화적 스트레스 손상 억제 활성은 Jung과 Surh의 방법으로 측정했다. 실험 결과는 3번 이상 반복하여 얻었으며, SPSS를 이용한 통계분석을 통해 실험의 유의성을 확인했다. 또한, 반응물과 DNA를 혼합하여 반응시킨 후, agarose gel 전기영동을 수행하고 사진을 촬영했다.",
                "clue": [
                    {
                        "clue_text": "위 반응액을 \\( 2000 \\mathrm{~g} \\)에서 \\( 5 \\)분간 원심 분리하여 상등액 \\( 400 \\mu \\mathrm{L} \\)에 증류수 \\( 400 \\mu \\mathrm{L} \\)와 \\( 0.10 \\% \\) ferric chloride \\( 16 \\mu \\mathrm{L} \\)를 첨가하여 혼합한 후, UV/Visible spectrophotometer를 이용하여 \\( 700 \\mathrm{~nm} \\)에서 흡광도를 측정하였다.",
                        "clue_start": "390",
                        "clue_end": "638"
                    },
                    {
                        "clue_text": "총 페놀성 화합물 분석은 Folin-Denis의 방법을 참고하여 측정하였다.",
                        "clue_start": "668",
                        "clue_end": "710"
                    },
                    {
                        "clue_text": "\\( \\phi \\)X-174 RF I plasmid DNA 산화적 스트레스 손상 억제 활성은 Jung과 Surh의 방법(Jung and Surh 2001)을 참고하여 측정하였다.",
                        "clue_start": "1371",
                        "clue_end": "1470"
                    },
                    {
                        "clue_text": "모든 실험 결과는 \\( 3 \\)번 이상 수행하였으며, 통계분석은 SPSS \\( 18.0 \\) (Statistical Package for the Social Sciences) 을 이용하여 각 실험의 평균과 표준편차를 계산하였고, ANOVA 를 통한 \\( p<0.05 \\) 수준에서 Duncan 다중검정법(duncan's multiple range test)으로 사후 검정하여 각 실험의 유의성을 검증하였다.",
                        "clue_start": "2556",
                        "clue_end": "2783"
                    },
                    {
                        "clue_text": "반응물 \\( 20 \\mu \\mathrm{L} \\)와 \\( \\phi \\)X-174 RF I plasmid DNA \\( 5 \\mu \\mathrm{L} \\)를 넣고, \\( 37^{\\circ} \\mathrm{C} \\)에서 \\( 3 \\)분간 반응한 후, \\( 10 \\mathrm{X} \\) loading buffer와 혼합한 후 \\( 1 \\% \\) agarose gel로 전기영동을 실시한 후 UV하에서 사진 촬영하였다.",
                        "clue_start": "2301",
                        "clue_end": "2531"
                    }
                ],
                "terminology": [
                    {
                        "word": "Duncan"
                    },
                    {
                        "word": "Ferric chloride"
                    },
                    {
                        "word": "Ferrous sulfate"
                    },
                    {
                        "word": "Folin-Denis"
                    },
                    {
                        "word": "RF"
                    },
                    {
                        "word": "Reducing power"
                    },
                    {
                        "word": "SPSS"
                    },
                    {
                        "word": "UV/Visible spectrophotometer"
                    },
                    {
                        "word": "acetone"
                    },
                    {
                        "word": "agarose gel"
                    },
                    {
                        "word": "ether"
                    },
                    {
                        "word": "filter paper"
                    },
                    {
                        "word": "folin"
                    },
                    {
                        "word": "hydrogen peroxide"
                    },
                    {
                        "word": "multiple range test"
                    },
                    {
                        "word": "plasmid DNA"
                    },
                    {
                        "word": "potassium hexacyanoferrate"
                    },
                    {
                        "word": "potassium phosphate buffer"
                    },
                    {
                        "word": "sodium carbonate"
                    },
                    {
                        "word": "spectrophotometer"
                    },
                    {
                        "word": "tannic acid"
                    },
                    {
                        "word": "trichloroacetic acid"
                    },
                    {
                        "word": "다중검정법"
                    },
                    {
                        "word": "사후 검정"
                    },
                    {
                        "word": "상등액"
                    },
                    {
                        "word": "시용"
                    },
                    {
                        "word": "영동"
                    },
                    {
                        "word": "원심 분리"
                    },
                    {
                        "word": "전기영동"
                    },
                    {
                        "word": "정량 직선방정식"
                    },
                    {
                        "word": "정용"
                    },
                    {
                        "word": "증류수"
                    },
                    {
                        "word": "총 페놀성 화합물 분석"
                    },
                    {
                        "word": "통계학적 분석"
                    },
                    {
                        "word": "표준편차"
                    },
                    {
                        "word": "활성"
                    }
                ]
            }
        ]
    }
}