{
    "dataset_info": {
        "identifier": "02-031-002-NL",
        "name": "기술과학 문서 요약 데이터",
        "category": "자연어",
        "last_updated": "2023-08-30"
    },
    "dataset": {
        "doc_id": "8a2ae4d1-1fb2cd6e-a902-4ddd-abc2-7222532889bc",
        "doc_type": "논문",
        "doc_title": {
            "kor": "",
            "eng": "Effects of the Duration of Highly Intensive Exercise on Lymphocyte Cell Death in Rats "
        },
        "doc_category": {
            "KDC": "470.5",
            "DDC": ""
        },
        "doc_number": {
            "ISSN": "1225-9918",
            "ISBN": "",
            "DOI": "",
            "UCI": ""
        },
        "doc_year": "2012",
        "doc_author": [
            "김형수",
            "현경예"
        ],
        "doc_publisher": "한국생명과학회",
        "doc_license": "CC BY",
        "context_info": [
            {
                "context_id": "55e-0c9-merge_la_8a2ae4d1-1fb2cd6e-a902-4ddd-abc2-7222532889bc_02",
                "context_K-NSCC": {
                    "field": "생명",
                    "large_category": "LA",
                    "medium_category": "04"
                },
                "context": "<h2>Lymphocyte subset \\( \\left ( \\mathrm { CD4 } ^ { + } \\right . \\)and \\( \\left . \\mathrm { CD8 } ^ { + } \\right ) \\)assay</h2> <p>\\( 100 \\mathrm {\\mu l } \\) 헤파린 처리 혈액을 \\( 3 \\mathrm { ml } \\) 의 lysing buffer solution (Beckman Coulter VersaLyse Lysing Solution)과 섞고 실온에서 15 분간 정지 시킨 후 \\( 150 \\times g \\) 에서 5 분간 원심 분리하여 상층액을 제거하였다. 여기에 세척을 위해 \\( 2 \\mathrm { ml } \\) 의 PBS를 첨가하고 \\( 150 \\times g \\) 에서 5 분간 원심 분리하여 상층액을 제거하였고 이 세척과정을 3회 실시한 후 잔존 펠렛 내 백혈구 양이 \\( 1 \\times 10 ^ { 6 } \\mathrm { cell } / \\mathrm { ml } \\) 가 되도록 조정하여 측정 회 차 당 \\( 5 \\times 10 ^ { 3 } \\mathrm { cell } / \\mathrm { ml } \\) 농도가 되게 하였다. Isotype IgG1(rat)-FITC (Beckman coulter Co., Germany), Isotype IgG2(rat)-PE (Beckman coulter Co., Germany), Monoclonal Antibody Anti-Rat \\( \\mathrm { CD4 } ^ { + } \\)-FITC (Beckman coulter Co., Germany), 그리고 Monoclonal Antibody Anti-Rat \\( \\mathrm { CD8 } ^ { + } \\)-PE (Beckman coulter Co., Germany)를 이용하여 시료처리를 한 후 flow cytometer (Cell Lab Quanta TMSC, Beckman coulter Co., Germany)에서 \\( \\mathrm { CD4 } ^ { + } \\)와 \\( \\mathrm { CD8 } ^ { + } \\)을 측정하였다.</p> <h2>림프구의 자멸사와 괴사</h2> <p>상기와 동일한 방법으로 용해와 세척 과정을 실시한 후 백혈구 양이 \\( 1 \\times 10 ^ { 6 } \\mathrm { cell } / \\mathrm { ml } \\) 가 되도록 조정하여 처리한 후 측정 회 차 당 \\( 5 \\times 10 ^ { 3 } \\mathrm { cell } / \\mathrm { ml } \\) 를 이용하였다. Beckman coulter Co. (Germany)에서 구입한 Annexin V-FITC와 PI를 이용하여 신속한 염색과정을 거친 후 flow cytometer (Cell Lab Quanta TMSC (Beckman coulter Co., Germany))에서 세포사멸을 측정하였다.</p>",
                "context_length": 1448,
                "summary": "헤파린 처리된 혈액을 lysing buffer solution과 섞어 원심분리하여 상층액을 제거하여 1x10^6 cell/ml로 조정하여 Isotype IgG1(rat)-FITC, Isotype IgG2(rat)-PE, Monoclonal Antibody Anti-Rat CD4+-FITC, Monoclonal Antibody Anti-Rat CD8+-PE를 이용하여 flow cytometer로 CD4+와 CD8+를 측정하고 Annexin V-FITC로 염색 후 flow cytometer로 세포사멸을 측정하였다.",
                "clue": [
                    {
                        "clue_text": "\\( 100 \\mathrm {\\mu l } \\) 헤파린 처리 혈액을 \\( 3 \\mathrm { ml } \\) 의 lysing buffer solution (Beckman Coulter VersaLyse Lysing Solution)과 섞고 실온에서 15 분간 정지 시킨 후 \\( 150 \\times g \\) 에서 5 분간 원심 분리하여 상층액을 제거하였다.",
                        "clue_start": "132",
                        "clue_end": "331"
                    },
                    {
                        "clue_text": "여기에 세척을 위해 \\( 2 \\mathrm { ml } \\) 의 PBS를 첨가하고 \\( 150 \\times g \\) 에서 5 분간 원심 분리하여 상층액을 제거하였고 이 세척과정을 3회 실시한 후 잔존 펠렛 내 백혈구 양이 \\( 1 \\times 10 ^ { 6 } \\mathrm { cell } / \\mathrm { ml } \\) 가 되도록 조정하여 측정 회 차 당 \\( 5 \\times 10 ^ { 3 } \\mathrm { cell } / \\mathrm { ml } \\) 농도가 되게 하였다.",
                        "clue_start": "332",
                        "clue_end": "607"
                    },
                    {
                        "clue_text": "상기와 동일한 방법으로 용해와 세척 과정을 실시한 후 백혈구 양이 \\( 1 \\times 10 ^ { 6 } \\mathrm { cell } / \\mathrm { ml } \\) 가 되도록 조정하여 처리한 후 측정 회 차 당 \\( 5 \\times 10 ^ { 3 } \\mathrm { cell } / \\mathrm { ml } \\) 를 이용하였다.",
                        "clue_start": "1093",
                        "clue_end": "1284"
                    }
                ],
                "terminology": [
                    {
                        "word": "Beckman coulter"
                    },
                    {
                        "word": "CD4"
                    },
                    {
                        "word": "CD8"
                    },
                    {
                        "word": "Isotype"
                    },
                    {
                        "word": "Lymphocyte"
                    },
                    {
                        "word": "Lysing Solution"
                    },
                    {
                        "word": "Monoclonal Antibody"
                    },
                    {
                        "word": "PBS"
                    },
                    {
                        "word": "PI"
                    },
                    {
                        "word": "buffer solution"
                    },
                    {
                        "word": "flow cytometer"
                    },
                    {
                        "word": "lysing buffer"
                    },
                    {
                        "word": "lysing buffer solution"
                    },
                    {
                        "word": "subset"
                    },
                    {
                        "word": "림프구"
                    },
                    {
                        "word": "백혈구"
                    },
                    {
                        "word": "분간 원심 분리"
                    },
                    {
                        "word": "세포사멸"
                    },
                    {
                        "word": "시료처리"
                    },
                    {
                        "word": "용해"
                    },
                    {
                        "word": "원심 분리"
                    },
                    {
                        "word": "펠렛"
                    },
                    {
                        "word": "헤파린"
                    },
                    {
                        "word": "헤파린 처리"
                    }
                ]
            },
            {
                "context_id": "55e-0c9-merge_la_8a2ae4d1-1fb2cd6e-a902-4ddd-abc2-7222532889bc_00",
                "context_K-NSCC": {
                    "field": "생명",
                    "large_category": "LA",
                    "medium_category": "04"
                },
                "context": "<h1>서 론</h1> <p>사회가 발전하고 생활이 윤택해짐에 따라 최근 well-being에 대한 관심이 높아지고 이와 함께 운동을 통한 건강향상에 대한 인지도가 높아지고 있다. 지속적인 운동을 통해 고혈압, 죽상동맥경화증, 당뇨병, 직장암, 유방암, 만성폐쇄성 폐질환과 같은 성인병 및 대사증후군을 예방하고 이러한 질병으로 인한 사망률의 감소, 치료, 기능회복에 긍정적인 효과를 기대할 수 있는 것으로 잘 알려져 있다. 신체활동이나 운동을 하지 않는 경우 우울증, 무기력함 등 심신건강에 있어서 부정적인 영향을 끼치기도 하며, 체내 면역 활동의 저하를 가져와 심혈관계질환 등의 발병 가능성이 알려져 있어 운동의 필요성이 강조되어 왔다. 하지만, 운동이 건강에 좋다는 이유로 그 강도나 운동 시간에 있어서 무분별하게 이루어지는 사태가 빈번해 오히려 건강에 해가 되기도 한다. 실제로, 고강도 운동이 적혈구와 백혈구 및 혈소판의 조성과 기능에 부정적인 영향을 미친다는 보고도 있고 급성 관상동맥증후군 외에도 혈소판과 백혈구 활성의 증가, 혈소판-백혈구 응집 증가, 그리고 혈전증의 조장 등 운동에 따른 혈액 내 성분의 손상효과 등이 보고되고 있다. 그 원인으로서 고강도운동에 따른 혈류속도 증가에 의해 혈관 내에 물리적인 손상이 일어나 적혈구의 용혈과 혈관내피세포의 손상 등이 야기되기도 한다. 이 외에도 운동 스트레스에 따른 카테콜아민 분비증가, 순환 백혈구 막의 CD11발현에 따른 leukocyte elastase 분비 증가, IL-6와 IL-10의 혈중 수준의 상승, 림프구의 감소에 따른 INF- \\( \\gamma \\)의 수준저하 등과 함께 체내 염증반응의 활성화에 따른 손상도 일어난다. 특히, 단기간의 운동이 백혈구의 미토콘드리아 에너지의 비정상화를 유도하여 백혈구의 자멸사 증가와 염증매개물질들의 생성을 촉진시킨다는 보고 외에도 고강도 운동이 백혈구 감소증, 면역력 저하, 세포와 순환계의 산화스트레스 증가 등의 원인이 된다고 보고되고 있다.</p> <p>백혈구 중 림프구는 T-림프구와 B-림프구로 나뉘어지는 데 이들은 체내 면역반응에 있어서 매우 중요한 세포들이다. 일반적으로 림프구의 수가 감소하거나 기능이 떨어질 경우 면역력 저하로 인해 감염증에 걸리기 쉬워진다. 특히, T-림프구의 경우 항원물질의 인식에 있어서 중요한 기능을 담당하고 있는데 이는 T-림프구의 co-receptor인 cluster of differentiation(CD) \\( 4 ^ { + } \\)와 \\( \\mathrm { CD8 } ^ { + } \\)에 의한 림프구의 활성화에 의해 이루어 진다. \\( \\mathrm { CD4 } ^ { + } \\)와 \\( \\mathrm { CD8 } ^ { + } \\)은 면역반응에 중요하게 작용하고 항상 일정한 비율을 유지하고 있어 임상질환 진단의 주요 지표로 사용되는 데 HIV 감염환자의 경우 \\( \\mathrm { CD4 } ^ { + } \\)T-림프구의 apoptosis(programmed cell death)가 촉진되는 등 \\( \\mathrm { CD4 } ^ { + } / \\mathrm { CD8 } ^ { + } \\)비율의 감소는 면역억제와 직접적인 연관성이 있는 것으로 알려져 있다. 고강도 운동의 경우, 물리적 운동에 의한 근육 손상과 비특이적 염증반응이 일어나 조직손상으로 인한 T-세포의 기능적인 변화뿐만 아니라 \\( \\mathrm { CD4 } ^ { + } \\)와 \\( \\mathrm { CD8 } ^ { + } \\)을 포함한 전신성 림프구수의 감소를 일으키고 \\( \\mathrm { CD4 } ^ { + } \\)저하를 통한 \\( \\mathrm { CD4 } ^ { + } / \\) \\( \\mathrm { CD8 } ^ { + } \\)비율의 감소가 유도될 수 도 있다. Waston 등에 따르면 최대 산소섭치량이 \\( 75-85 \\% \\) 의 운동을 15 주 했을 경우 NK 세포의 세포활성이 감소한다는 결과를 보고하였다. 이는 고강도 운동의 유해한 효과를 반영하는 것으로 사료된다. 또한 Shephard의 연구에 따르면 저강도의 운동은 NK 세포를 포함한 면역기능에 긍정적인 효과를 주는 반면 고강도의 운동은 NK의 기능저하를 가져와 면역기능에 부정적일 수 있다는 결과를 보고하였다. 이상과 같이, 운동에 따른 건강유지에 있어서의 부정적인 면을 고려하여 적정한 강도에서의 적당한 운동시간을 안배하는 것이 바람직하므로 고강도운동의 지속 시간에 따른 체내 손상의 정도에 대한 연구가 필요하다 사료되어 본 연구를 진행하게 되었다.</p>",
                "context_length": 2235,
                "summary": "최근 well-being에 대한 관심이 높아지고 이와 함께 운동을 통한 건강향상에 대한 인지도가 높아지고 있고 운동은 성인병 및 대사증후군의 예방, 사망률 감소, 치료, 기능회복에 긍정적인 효과를 기대할 수 있으며, 운동을 하지 않는 경우 우울증, 무기력함 등 심신건강에 부정적인 영향을 미치기도 하지만 과도한 운동은 적혈구와 백혈구 및 혈소판의 조성과 기능에 부정적인 영향을 미치므로, 적절한 운동 강도에 맞춰 실시하는 것이 중요하다.",
                "clue": [
                    {
                        "clue_text": "사회가 발전하고 생활이 윤택해짐에 따라 최근 well-being에 대한 관심이 높아지고 이와 함께 운동을 통한 건강향상에 대한 인지도가 높아지고 있다.",
                        "clue_start": "16",
                        "clue_end": "100"
                    },
                    {
                        "clue_text": "지속적인 운동을 통해 고혈압, 죽상동맥경화증, 당뇨병, 직장암, 유방암, 만성폐쇄성 폐질환과 같은 성인병 및 대사증후군을 예방하고 이러한 질병으로 인한 사망률의 감소, 치료, 기능회복에 긍정적인 효과를 기대할 수 있는 것으로 잘 알려져 있다.",
                        "clue_start": "101",
                        "clue_end": "236"
                    },
                    {
                        "clue_text": "신체활동이나 운동을 하지 않는 경우 우울증, 무기력함 등 심신건강에 있어서 부정적인 영향을 끼치기도 하며, 체내 면역 활동의 저하를 가져와 심혈관계질환 등의 발병 가능성이 알려져 있어 운동의 필요성이 강조되어 왔다.",
                        "clue_start": "237",
                        "clue_end": "357"
                    },
                    {
                        "clue_text": "실제로, 고강도 운동이 적혈구와 백혈구 및 혈소판의 조성과 기능에 부정적인 영향을 미친다는 보고도 있고 급성 관상동맥증후군 외에도 혈소판과 백혈구 활성의 증가, 혈소판-백혈구 응집 증가, 그리고 혈전증의 조장 등 운동에 따른 혈액 내 성분의 손상효과 등이 보고되고 있다.",
                        "clue_start": "435",
                        "clue_end": "586"
                    },
                    {
                        "clue_text": "이상과 같이, 운동에 따른 건강유지에 있어서의 부정적인 면을 고려하여 적정한 강도에서의 적당한 운동시간을 안배하는 것이 바람직하므로 고강도운동의 지속 시간에 따른 체내 손상의 정도에 대한 연구가 필요하다 사료되어 본 연구를 진행하게 되었다.",
                        "clue_start": "2097",
                        "clue_end": "2231"
                    }
                ],
                "terminology": [
                    {
                        "word": "B-림프구"
                    },
                    {
                        "word": "CD4"
                    },
                    {
                        "word": "CD8"
                    },
                    {
                        "word": "HIV"
                    },
                    {
                        "word": "NK 세포"
                    },
                    {
                        "word": "T-림프구"
                    },
                    {
                        "word": "T-세포"
                    },
                    {
                        "word": "apoptosis"
                    },
                    {
                        "word": "cell death"
                    },
                    {
                        "word": "cluster"
                    },
                    {
                        "word": "differentiation"
                    },
                    {
                        "word": "leukocyte elastase 분비"
                    },
                    {
                        "word": "well-being"
                    },
                    {
                        "word": "관상동맥증후군"
                    },
                    {
                        "word": "대사증후군"
                    },
                    {
                        "word": "림프구"
                    },
                    {
                        "word": "물리적 운동"
                    },
                    {
                        "word": "미토콘드리아"
                    },
                    {
                        "word": "비특이적 염증반응"
                    },
                    {
                        "word": "산화스트레스"
                    },
                    {
                        "word": "세포활성"
                    },
                    {
                        "word": "순환 백혈구 막"
                    },
                    {
                        "word": "심혈관계질환"
                    },
                    {
                        "word": "카테콜아민"
                    },
                    {
                        "word": "항원물질"
                    },
                    {
                        "word": "혈관"
                    },
                    {
                        "word": "혈관내피세포"
                    },
                    {
                        "word": "혈소판"
                    },
                    {
                        "word": "혈전증"
                    },
                    {
                        "word": "활성"
                    }
                ]
            },
            {
                "context_id": "55e-0c9-merge_la_8a2ae4d1-1fb2cd6e-a902-4ddd-abc2-7222532889bc_01",
                "context_K-NSCC": {
                    "field": "생명",
                    "large_category": "LA",
                    "medium_category": "04"
                },
                "context": "<p>본 연구에서는 고강도의 유산소운동의 지속시간 변화가 면역반응에 중요한 역할을 담당하고 있는 혈액 내 백혈구의 수준에 미치는 영향과 관련하여 림프구의 사멸 등을 포함한 면역기능 변화를 설치류를 이용하여 연구하였다.</p> <h1>재료 및 방법</h1> <p>본 연구에서 사용한 5 주령의 수컷 Sprague-Dawley (SD) 레트는 중앙실험동물 (Joong-Ang Co., Korea)에서 구입하여 실험동물실에서 실내온도 \\( 25 ^ {\\circ } \\mathrm { C } \\) 와 습도 \\( 60 \\% \\) 그리고 12 시간 간격의 점등, 점멸 환경하에서 멸균된 사료와 음수를 제공하며 관리하였다. 2주간의 적응기간이 지난 후 대조군(Control group, \\( \\mathrm { n } = 8) \\) 을 포함하여 20 분 군(E-20 min group, \\( \\mathrm { n } =8), 60 \\) 분 군(E-60 min group, \\( \\mathrm { n } =8) \\), 그리고 120 분 군(E-120 min group, \\( \\mathrm { n } =8) \\) 등 4 군으로 분류하였다(Table 1). 대조군을 제외한 모든 실험군은 1 주일 동안 \\( 13.33 \\mathrm { ~m } / \\mathrm { min } \\) (약 \\( 0.8 \\mathrm { ~km } / \\mathrm { hr } \\) )의 속도로 수평상태의 motorized treadmill (TM motor 2000, Korea)에서 달리도록 하여 적응을 시켰다. 운동적응 기간이 끝나는 시점에서부터 매일 8 주간 \\( 16.67 \\mathrm { ~m } / \\mathrm { min } \\) 에서 시작하여 \\( 36.67 \\) \\( \\mathrm { m } / \\mathrm { min } \\) (약 \\( 2.20 \\mathrm { ~km } / \\mathrm { hr } \\) )로 서서히 속도를 올리면서 실험군에 따라 각각 20,60,120 분 동안의 달리기를 실시하였고 적용된 최종 속도를 고강도운동 \\( \\left ( \\mathrm { VO } _ { 2 } \\max >80-85 \\% \\right ) \\) 으로 설정하였다. 8 주간의 실험이 종료되는 시기에 에테르를 이용하여 마취를 한 후 실험동물의 심장 좌심실 하측면에서 채혈을 실시한 후 안락사하였다. 이는 동의대학교 동물윤리위원회의 규정에 따라 기관의 승인 하에 실시되었다.</p> <h2>혈액 내 백혈구</h2> <p>백혈구의 측정은 EDTA처리 전혈을 이용하여 동물전용 자동혈액분석기(BC-2800 ver., Shenzhen Mindary Bio-Medical Electronics Co., Ltd., Germany)로 실시하였다.</p>",
                "context_length": 1358,
                "summary": "적응기간을 거친 후 대조군, 20분 군, 60분 군, 120분 군으로 총 4 군으로 분류하였다. 운동적응 기간 후에는 매일 8주 동안 각 군에 따라 20, 60, 120분 동안의 달리기를 실시하였고, 이때 최종 속도는 고강도운동(VO2 max >80-85%)으로 설정하였다. 실험 동안 백혈구의 측정은 동물전용 자동혈액분석기로 진행하였고, 실험 종료 시에는 마취 후 심장 좌심실 하측면에서 채혈 후 안락사하였다.",
                "clue": [
                    {
                        "clue_text": "2주간의 적응기간이 지난 후 대조군(Control group, \\( \\mathrm { n } = 8) \\) 을 포함하여 20 분 군(E-20 min group, \\( \\mathrm { n } =8), 60 \\) 분 군(E-60 min group, \\( \\mathrm { n } =8) \\), 그리고 120 분 군(E-120 min group, \\( \\mathrm { n } =8) \\) 등 4 군으로 분류하였다(Table 1).",
                        "clue_start": "342",
                        "clue_end": "581"
                    },
                    {
                        "clue_text": "운동적응 기간이 끝나는 시점에서부터 매일 8 주간 \\( 16.67 \\mathrm { ~m } / \\mathrm { min } \\) 에서 시작하여 \\( 36.67 \\) \\( \\mathrm { m } / \\mathrm { min } \\) (약 \\( 2.20 \\mathrm { ~km } / \\mathrm { hr } \\) )로 서서히 속도를 올리면서 실험군에 따라 각각 20,60,120 분 동안의 달리기를 실시하였고 적용된 최종 속도를 고강도운동 \\( \\left ( \\mathrm { VO } _ { 2 } \\max >80-85 \\% \\right ) \\) 으로 설정하였다.",
                        "clue_start": "773",
                        "clue_end": "1092"
                    },
                    {
                        "clue_text": "백혈구의 측정은 EDTA처리 전혈을 이용하여 동물전용 자동혈액분석기(BC-2800 ver., Shenzhen Mindary Bio-Medical Electronics Co., Ltd., Germany)로 실시하였다.",
                        "clue_start": "1234",
                        "clue_end": "1354"
                    },
                    {
                        "clue_text": "실험이 종료되는 시기에 에테르를 이용하여 마취를 한 후 실험동물의 심장 좌심실 하측면에서 채혈을 실시한 후 안락사하였다.",
                        "clue_start": "1099",
                        "clue_end": "1166"
                    }
                ],
                "terminology": [
                    {
                        "word": "EDTA처리 전혈"
                    },
                    {
                        "word": "Sprague-Dawley"
                    },
                    {
                        "word": "motorized treadmill"
                    },
                    {
                        "word": "레트"
                    },
                    {
                        "word": "림프구"
                    },
                    {
                        "word": "에테르"
                    },
                    {
                        "word": "운동적응"
                    },
                    {
                        "word": "좌심실"
                    },
                    {
                        "word": "주령"
                    },
                    {
                        "word": "중앙실험동물"
                    }
                ]
            },
            {
                "context_id": "55e-0c9-merge_la_8a2ae4d1-1fb2cd6e-a902-4ddd-abc2-7222532889bc_04",
                "context_K-NSCC": {
                    "field": "생명",
                    "large_category": "LA",
                    "medium_category": "04"
                },
                "context": "<p>Fig. 4 에서 보여지는 정상상태에서의 낮은 수준의 림프구 괴사와는 달리 본 연구에서는 고강도운동을 통해 20 분 군부터 \\( 70 \\% \\) 이상 \\( (6.83 \\pm 1.53 \\) vs. \\( 11.75 \\pm 3.46) \\) 의 림프구 괴사가 일어나는 것을 볼 수 있었고 120분에는 1.5배 이상 \\( (17.28 \\pm 3.82) \\)의 림프구 괴사가 일어나는 것으로 나타났으나 20 분과 120 분 사이의 괴사 정도는 통계적인 유의성은 나타나지 않았다(Fig. 7). 고강도 운동의 지속시간에 따른 림프구 괴사증가율에 있어서는 통계 적으로 유의한 상관성이 있지는 않았으나 수치상의 변화로 볼 때 20 분 군에서 60 분 군으로 연장되는 동안 증가되는 괴사율이 60 분 군에서 120 분 군으로 연장될 때의 그것 보다 높아지는 경향을 보여 20 분 군 이상의 고강도운동은 림프구의 괴사를 증가시키고 이에 따라 면역력이 현저히 떨어지리라 예상된다. 본 연구에서 T-림프구에 의해 주로 분비되는 INF- \\( \\gamma \\)의 수준 역시 20 분 군에서 60 분 군까지 대조군 대비 2.8배에서 3.5배까지 증가하였다가 120 분 군에서는 대조군의 \\( 74 \\% \\) 수준으로 감소되어 전신적인 손상에 의한 염증반응의 증가 이외에도 림프구자체의 손상이 있었음을 예상할 수 있었다. 물론, 항염증 사이토카 인인 혈액 내 interleukin-10도 증가를 보였지만 고강도운동의 지속시간에 따른 증가비율이 염증촉진인자들의 수준 증가 폭에 비해 크지 않아 고강도운동 지속시간 60분 군부터는 염증반응이 활성화되고 있는 것으로 예상되며 120 분에 이르러서는 오히려 면역력이 약화되는 결과를 확인하였다.</p> <p>본 연구에서 조사되지는 않았지만, 고강도운동 후의 면역경쟁력의 손실은 상기도부의 감염률을 높일 수 있고 단기간의 운동 중에 림프구의 상승이 관찰되는 것과는 반대로 장시간의 고강도운동 후 림프구의 운동 전 수준 이하로의 감소는 운동 중 분비되는 스트레스호르몬과 림프구 수와의 통계학적 상관성을 고려할 때 운동 중 백혈구 수에 변화를 가져다 줄 수 있는 카테콜아민의 분비 변화에 따른 T-림프구표면의 \\( \\alpha \\)-, \\( \\beta \\) - adrenoceptor 발현에 영향을 주어 궁극적으로 림프구의 증식 분화 외에도 사이토카인의 생산과 순환패턴 등의 일련의 면역반응에 영향을 미칠 수 있었을 가능성에 대해서도 고려해 볼 만 하다.</p> <p>전반적으로 요약해서, 본 연구를 통해 고강도 운동이 지속되는 시간이 길어짐으로 인해서, 최소 본 연구 조건에서의 쥐 의 경우, 20 분 정도의 고강도운동은 면역력의 활성화가 일어나는 것으로 사료되며 그 이상 시간 동안의 운동은 림프구의 손상 등을 초래해 오히려 면역력을 약화시킬 수 있다고 추정된다. 때문에 장기간의 무리한 운동은 면역력 저하라는 위험 부담을 가질 수 있다고 사료된다.</p>",
                "context_length": 1441,
                "summary": "본 연구에서 고강도 운동의 지속시간에 따른 림프구 괴사증가율은 통계적인 유의성은 없었으나, 20분 군부터 120분 군까지 증가하는 것으로 나타났다. 그러므로 20분 이상의 고강도 운동은 림프구의 괴사를 증가시켜 면역력을 약화시킬 수 있고, 장기간의 무리한 운동은 면역력 저하라는 위험 부담을 가질 수 있음을 알 수 있었다.",
                "clue": [
                    {
                        "clue_text": "Fig. 4 에서 보여지는 정상상태에서의 낮은 수준의 림프구 괴사와는 달리 본 연구에서는 고강도운동을 통해 20 분 군부터 \\( 70 \\% \\) 이상 \\( (6.83 \\pm 1.53 \\) vs. \\( 11.75 \\pm 3.46) \\) 의 림프구 괴사가 일어나는 것을 볼 수 있었고 120분에는 1.5배 이상 \\( (17.28 \\pm 3.82) \\)의 림프구 괴사가 일어나는 것으로 나타났으나 20 분과 120 분 사이의 괴사 정도는 통계적인 유의성은 나타나지 않았다(Fig. 7).",
                        "clue_start": "3",
                        "clue_end": "272"
                    },
                    {
                        "clue_text": "고강도 운동의 지속시간에 따른 림프구 괴사증가율에 있어서는 통계 적으로 유의한 상관성이 있지는 않았으나 수치상의 변화로 볼 때 20 분 군에서 60 분 군으로 연장되는 동안 증가되는 괴사율이 60 분 군에서 120 분 군으로 연장될 때의 그것 보다 높아지는 경향을 보여 20 분 군 이상의 고강도운동은 림프구의 괴사를 증가시키고 이에 따라 면역력이 현저히 떨어지리라 예상된다.",
                        "clue_start": "273",
                        "clue_end": "483"
                    },
                    {
                        "clue_text": "때문에 장기간의 무리한 운동은 면역력 저하라는 위험 부담을 가질 수 있다고 사료된다.",
                        "clue_start": "1390",
                        "clue_end": "1437"
                    }
                ],
                "terminology": [
                    {
                        "word": "T-림프구"
                    },
                    {
                        "word": "adrenoceptor"
                    },
                    {
                        "word": "interleukin"
                    },
                    {
                        "word": "괴사율"
                    },
                    {
                        "word": "대조군"
                    },
                    {
                        "word": "림프구"
                    },
                    {
                        "word": "림프구 괴사"
                    },
                    {
                        "word": "면역경쟁력"
                    },
                    {
                        "word": "면역반응"
                    },
                    {
                        "word": "발현"
                    },
                    {
                        "word": "백혈구"
                    },
                    {
                        "word": "분화"
                    },
                    {
                        "word": "사이토카인"
                    },
                    {
                        "word": "상기도부"
                    },
                    {
                        "word": "순환패턴"
                    },
                    {
                        "word": "염증반응"
                    },
                    {
                        "word": "염증촉진인자"
                    },
                    {
                        "word": "유의성"
                    },
                    {
                        "word": "전신적인 손상"
                    },
                    {
                        "word": "증식"
                    },
                    {
                        "word": "카테콜아민"
                    },
                    {
                        "word": "통계학적"
                    },
                    {
                        "word": "항염증"
                    },
                    {
                        "word": "활성화"
                    }
                ]
            },
            {
                "context_id": "55e-0c9-merge_la_8a2ae4d1-1fb2cd6e-a902-4ddd-abc2-7222532889bc_03",
                "context_K-NSCC": {
                    "field": "생명",
                    "large_category": "LA",
                    "medium_category": "04"
                },
                "context": "<h2>데이터 분석 및 통계처리</h2> <p>자료의 분석에는 일련의 ANOVA를 사용하였고 유의차가 있을 경우 Scheffe's test를 이용하여 사후검정 하였다. \\( p<0.05 \\)의 수준에서 유의성을 채택하였으며 모든 자료는 평균 \\( \\pm \\) 표준 오차(SE)로 표기하였다.</p> <h1>결과 및 고찰</h1> <p>본 연구에서는 고강도 유산소운동의 지속시간 변화에 따른 혈액 내 백혈구의 변화와 면역과 관련한 림프구의 보조인자로서 \\( \\mathrm { CD4 } ^ { + } \\)와 \\( \\mathrm { CD8 } ^ { + } \\)의 수준 변화 외에도 림프구의 세포사 수준에 있어서의 변화를 조사하여 고강도 운동이 체내 면역세포에 미치는 영향을 조사하였다. 8 주간의 실험은 순조롭게 잘 진행되었고 실험에 참여한 동물들에 있어서 외관상의 건강상태에 대한 문제점은 보이지 않았다.</p> <p>Fig. 1에서 보여지듯, 혈액내의 \\( \\mathrm { CD4 } ^ { + } \\)와 \\( \\mathrm { CD8 } ^ { + } \\)count 측정은 표준물질을 이용한 세포간의 구분측정이 명확하게 실시되었으며 이와 같은 결과물을 통해 각 실험군과 대조군 혈액내의 \\( \\mathrm { CD4 } ^ { + } \\)및 \\( \\mathrm { CD8 } ^ { + } \\)의 측정이 이루어졌다. 본 연구에서 관찰된 바로는 고강도운동의 지속 시간이 길어지는 것과 \\( \\mathrm { CD4 } ^ { + } \\)(Fig. 2) 및 \\( \\mathrm { CD8 } ^ { + } \\)(Fig. 3) 간의 상관관계는 나타나지 않았다. 따라서 \\( \\mathrm { CD4 } ^ { + } / \\mathrm { CD8 } ^ { + } \\)비율에 있어서도 변화가 없는 것으로 보였다. 이것은 외상에 의해 \\( \\mathrm { CD4 } ^ { + } \\)저하를 통한 \\( \\mathrm { CD4 } ^ { + } / \\mathrm { CD8 } ^ { + } \\)비율의 감소를 보인 보고와는 달리 고강도운동에서 일어날 수 있는 유의성 있는 세포손상은 본 연구에서의 조건에서는 일어나지 않은 것으로 보인다. 이러한 결과근 운동에 의한 T-림프구의 감소에 대한 보고와 NK 림프구의 기능저하 효과, 아울러 림프구에 의해 분비되는 혈청 내 INF- \\( \\gamma \\)의 수준 변화가 가벼운 운동시 증가 했다가 고강도 운동에서는 급격한 감소가 일어난다고 보고한 타 연구들과 연관지어 생각할 때 본 연구에서 조사된 \\( \\mathrm { CD4 } ^ { + } / \\mathrm { CD8 } ^ { + } \\)의 수준변화는 고강도 운동에 따른 T-림프구의 기능손상이 아닌 세포자체의 손상과 관련이 있으리라 사료된다. 또한, Fig. 5, Fig. 6에서 보여지는 정상 혈액 내에서 림프구의 초기와 후기 세포자멸사 단계 정도에서처럼 고강도운동의 지속시간이 연장됨에 따른 림프구의 초기와 후기단계에서의 자멸사 역시 60 분 까지는 통계적 유의성은 없었다. 그러나 Fig. 6 의 후기단계에서의 세포자멸사 수준이 고강도운동을 120 분까지 지속시켰을 때 다른 군에 비해 약 \\( 15 \\% \\)정도 \\( (96.5 \\pm 9.34 \\) vs. \\( 11.4 \\pm 14.09) \\) 증가하는 것으로 나타나 이 시기에서의 림프구의 활동이 증가하여 림프구에 대한 노화가 촉진되었거나, 명확히 알 수는 없지만, 림프구들이 수행하는 면역작용에 과부하가 걸렸을 가능성에 대해서도 고려해 볼 필요가 있다고 사료된다. Tuan 등의 보고에 따르면 단기간의 고강도운동은 말초혈액 내 백혈구의 미토콘드리아 에너지 수준에 이상을 일으켜 세포자멸사를 증가시키고 염증촉진 매개물질의 수준을 상승시킨다고 하였고, Mars 등은 고강도운동에 따른 림프구의 세포자멸사 증가가 운동유도 림프구 감소증 내지는 면역능력 저하로 인한 것이라고 보고하였다. 마라톤과 같은 지구력을 요하는 운동에서의 림프구 자멸사가 일어날 가능성 외에도 고강도운동에서의 산화성유도 세포자멸사에 대한 세포의 저항성과 림프구 내 caspase-8, caspase-9, 그리고 caspase-3 등 자멸사 관련 인자들의 활성증가가 보고된 바 있고, 고강도 유산소운동에 의한 백혈구의 DNA 손상이 운동에 의해 유도되는 산화적 손상의 대표적인 예라고 보고되어 있어 본 연구에서의 120 분간의 고강도운동에 따른 후기단계의 혈액 내 림프구 자멸사는 산소결핍에 따른 림프구의 산화적 스트레스로 인한 비 정상적 에너지 조절에 따른 세포노화의 촉진이 일어났을 것이라 사료된다.</p>",
                "context_length": 2261,
                "summary": "본 연구에서는 8주간의 고강도 유산소 운동의 지속시간 변화에 따른 혈액 내 백혈구, 면역과 관련한 림프구의 보조인자로서 CD4+와 CD8+의 수준 변화를 조사하였고 고강도 운동이 체내 면역세포에 미치는 영향을 확인하였다. 그 결과 고강도운동의 지속 시간 증가와 CD4+ 및 CD8+간의 상관관계는 나타나지 않았으며 60분까지의 고강도운동의 지속 시간 연장에도 세포자멸사에 있어서의 통계적 유의성은 없었다. 그러나 고강도운동을 120분까지 지속했을 때 후기단계에서의 세포자멸사 수준은 다른 군에 비해 약 15% 증가하는 모습을 보였다.",
                "clue": [
                    {
                        "clue_text": "본 연구에서는 고강도 유산소운동의 지속시간 변화에 따른 혈액 내 백혈구의 변화와 면역과 관련한 림프구의 보조인자로서 \\( \\mathrm { CD4 } ^ { + } \\)와 \\( \\mathrm { CD8 } ^ { + } \\)의 수준 변화 외에도 림프구의 세포사 수준에 있어서의 변화를 조사하여 고강도 운동이 체내 면역세포에 미치는 영향을 조사하였다.",
                        "clue_start": "187",
                        "clue_end": "382"
                    },
                    {
                        "clue_text": "본 연구에서 관찰된 바로는 고강도운동의 지속 시간이 길어지는 것과 \\( \\mathrm { CD4 } ^ { + } \\)(Fig.",
                        "clue_start": "684",
                        "clue_end": "755"
                    },
                    {
                        "clue_text": "2) 및 \\( \\mathrm { CD8 } ^ { + } \\)(Fig. 3) 간의 상관관계는 나타나지 않았다.",
                        "clue_start": "756",
                        "clue_end": "817"
                    },
                    {
                        "clue_text": "또한, Fig. 5, Fig. 6에서 보여지는 정상 혈액 내에서 림프구의 초기와 후기 세포자멸사 단계 정도에서처럼 고강도운동의 지속시간이 연장됨에 따른 림프구의 초기와 후기단계에서의 자멸사 역시 60 분 까지는 통계적 유의성은 없었다.",
                        "clue_start": "1369",
                        "clue_end": "1500"
                    },
                    {
                        "clue_text": "6 의 후기단계에서의 세포자멸사 수준이 고강도운동을 120 분까지 지속시켰을 때 다른 군에 비해 약 \\( 15 \\% \\)정도 \\( (96.5 \\pm 9.34 \\) vs. \\( 11.4 \\pm 14.09) \\) 증가하는 것으로 나타나 이 시기에서의 림프구의 활동이 증가하여 림프구에 대한 노화가 촉진되었거나, 명확히 알 수는 없지만, 림프구들이 수행하는 면역작용에 과부하가 걸렸을 가능성에 대해서도 고려해 볼 필요가 있다고 사료된다.",
                        "clue_start": "1510",
                        "clue_end": "1751"
                    }
                ],
                "terminology": [
                    {
                        "word": "ANOVA"
                    },
                    {
                        "word": "CD4"
                    },
                    {
                        "word": "CD8"
                    },
                    {
                        "word": "DNA"
                    },
                    {
                        "word": "DNA 손상"
                    },
                    {
                        "word": "NK 림프구"
                    },
                    {
                        "word": "SE"
                    },
                    {
                        "word": "Scheffe's test"
                    },
                    {
                        "word": "T-림프구"
                    },
                    {
                        "word": "caspase-3"
                    },
                    {
                        "word": "caspase-8"
                    },
                    {
                        "word": "caspase-9"
                    },
                    {
                        "word": "결과근 운동"
                    },
                    {
                        "word": "대조군"
                    },
                    {
                        "word": "림프구"
                    },
                    {
                        "word": "말초혈액"
                    },
                    {
                        "word": "매개물질"
                    },
                    {
                        "word": "면역능력"
                    },
                    {
                        "word": "면역세포"
                    },
                    {
                        "word": "면역작용"
                    },
                    {
                        "word": "미토콘드리아"
                    },
                    {
                        "word": "백혈구"
                    },
                    {
                        "word": "보조인자"
                    },
                    {
                        "word": "사후검정"
                    },
                    {
                        "word": "산소결핍"
                    },
                    {
                        "word": "산화성유도"
                    },
                    {
                        "word": "산화적 손상"
                    },
                    {
                        "word": "산화적 스트레스"
                    },
                    {
                        "word": "상관관계"
                    },
                    {
                        "word": "세포"
                    },
                    {
                        "word": "세포노화"
                    },
                    {
                        "word": "세포사"
                    },
                    {
                        "word": "세포손상"
                    },
                    {
                        "word": "세포자멸사"
                    },
                    {
                        "word": "세포자멸사 단계"
                    },
                    {
                        "word": "운동유도 림프구 감소증"
                    },
                    {
                        "word": "유의성"
                    },
                    {
                        "word": "통계적 유의성"
                    },
                    {
                        "word": "통계처리"
                    },
                    {
                        "word": "표준 오차"
                    },
                    {
                        "word": "표준물질"
                    },
                    {
                        "word": "혈청"
                    }
                ]
            }
        ]
    }
}