{
    "dataset_info": {
        "identifier": "02-031-002-NL",
        "name": "기술과학 문서 요약 데이터",
        "category": "자연어",
        "last_updated": "2023-08-30"
    },
    "dataset": {
        "doc_id": "8a2ae4d1-3902453f-ce01-4435-9607-a4c0f0ae3a84",
        "doc_type": "논문",
        "doc_title": {
            "kor": "일당귀 에탄올 추출물의 항산화 효과",
            "eng": ""
        },
        "doc_category": {
            "KDC": "470.5",
            "DDC": ""
        },
        "doc_number": {
            "ISSN": "1225-9918",
            "ISBN": "",
            "DOI": "",
            "UCI": ""
        },
        "doc_year": "2009",
        "doc_author": [
            "김아라",
            "이재준",
            "이명렬"
        ],
        "doc_publisher": "한국생명과학회",
        "doc_license": "CC BY",
        "context_info": [
            {
                "context_id": "55e-0c9-be91d2ac-48af-4c11-a3a8-e377d87b4827",
                "context_K-NSCC": {
                    "field": "생명",
                    "large_category": "LA",
                    "medium_category": "04"
                },
                "context": "<h2>항산화 지수</h2> <p>일당귀 에탄올 추출물 분획의 지질 산패도를 알아보기 위하여 Rancimat으로 측정한 항산화 지수 결과는 Table 2 와 같다. 항산화 지수는 n-hexane 분획 1.73, ethylacetate 분획 1.61, chloroform 분획 1.42, n-butanol 분획 1.03 및 water 분획 1.02 로 모두 시료를 미첨가한 대조군의 항산화 지수 1.00보다 높은 항산화 활성을 나타냈으며, 특히 n-hexane 분획의 활성이 가장 높았다. 이는 일당귀 성분 중 항산화 작용을 나타내는 물질이 n-hexane 분획으로 다량 이행되었기 때문으로 사료된다. 본 실험에서 일당귀 에탄올 추출물의 전 분획에서 대조군보다 높은 항산화 활성을 나타냈는데 이는 일당귀 에탄올 추출물에 항산화 활성을 나타내는 물질이 다량 함유되어 있는 것으로 사료된다. Lim 등은 116 종의 생약 에탄올 추출물의 항산화력을 Rancimat으로 측정한 결과, 대부분의 추출물들이 항산화력을 나타내었는데 건강, 백작약, 산수유, 소목의 경우는 ethylacetate 분획에서 항산화 지수가 가장 높게 나타났고, 석곡의 경우 chloroform 분획에서 항산화 지수가 가장 높았다고 보고하였으며, 참당귀 에탄올 추출물의 팜유와 돈지에 대한 항산화 지수는 각각 1.10 과 0.96 이며 같은 미나리과인 강활의 에탄올 추출물은 각각 1.14 와 0.98, 방풍 에탄을 추출물은 각각 1.11 과 0.98 로 모두 비슷한 항산화력을 보였다.</p> <h2>아질산염 소거 작용</h2> <p>\\( \\mathrm{pH} \\) 변화에 따른 일당귀 에탄올 추출물 분획의 아질산염의 소거 작용은 Table 3 과 같다. 일당귀 에탄올 추출물 분획의 아질산염 소거 작용은 \\( \\mathrm{pH} 1.2 \\)의 경우 n-hexane \\( 92.13\\% \\), ethylacetate \\( 84.23 \\% \\), chloroform \\( 72.08 \\%\\), \\(\\mathrm{pH} 4.2\\)의 경우 n-hexane \\( 71.09 \\% \\), ethylacetate \\( 65.22 \\% \\), chloroform \\( 66.13 \\%\\), \\(\\mathrm{pH} 6.0 \\) 의 경우 n-hexane \\( 12.32 \\% \\), ethylacetate \\( 10.18 \\% \\), chloroform \\( 9.02\\% \\) 순으로 모든 \\( \\mathrm{pH} \\) 에서 n-hexane 분획이 타 분획에 비하여 높은 소거 작용은 나타냈다. \\( \\mathrm{pH} \\) 변화에 따른 각 분획의 아질산염 소거 작용은 \\( \\mathrm{pH} 1.2 \\) 와 \\( \\mathrm{pH} 4.2\\)에서 높았으나 \\( \\mathrm{pH} 6.0\\)에서는 매우 낮게 나타났다. 아질산염의 소거 작용은 Lim 과 Kang 등이 보고한 결과와 같이 본 실험에서도 \\( \\mathrm{pH} \\) 가 낮을수록 아질산염 소거능이 우수하였다. 이런 결과는 Lee와 Choi, Walker 등의 보고처럼 \\(\\mathrm{pH} 1.2\\)에서 총 페놀화합물이 다량 용출되고 산성에서 페놀류인 catechol이 아민보다 더 경쟁적으로 아질산과 반응한 결과로 여겨지며, 또한 Lee 등은 아질산염 소거에 영향을 주는 물질로 catechin, chlorogenic acid, morin, luteolin-n-Q glucoside, luteolin, naringenin 등의 flavonoid류라고 보고하였다.</p> <p>따라서 본 실험에서 사람 위 내의 \\( \\mathrm{pH} \\) 와 유사한 조건인 \\( \\mathrm{pH} 1.2 \\) 에서 높은 소거 작용을 나타낸 것은 일당귀 에탄올 분획이 생체 내에서도 효과적인 아질산염 소거 작용을 통해 nitrosamine 생성을 억제할 것으로 생각된다.</p> <p>Kim 등은 참당귀의 농도와 \\( \\mathrm{pH} \\) 를 달리하여 수용성 분획과 methanol 가용성 분획의 아질산염 소거능을 비교 연구한 결과, 수용성 분획과 methanol 가용성 분획 모두 \\( \\mathrm{pH} 1.2 \\) 에서 대부분 \\( 90 \\% \\) 이상의 높은 소거율을 보였고, \\( \\mathrm{pH} 4.2\\), \\(\\mathrm{pH} 6.0 \\) 순으로 낮아져 본 실험결과와 유사했고, 수용성 분획보다 메탄올 가용성 분획에서 아질산염 소거능이 더욱 크게 나타났으며, 농도가 증가하면서 아질산염 소거능도 비례적으로 증가하지만 수용성 분획 \\( \\mathrm{pH} 1.2\\)와 methanol 가용성 분획 \\( \\mathrm{pH} 1.2\\), \\(\\mathrm{pH} 6.0 \\)에서는 농도에 따른 유의적 차이가 없어 적은 양으로도 아질산염 소거능이 탁월하다고 보고하였다.</p> <h2>지질과산화에 대한 억제 효과</h2> <p>일당귀 에탄올 추출물 분획의 항산화 활성을 linoleic acid를 기질용액으로 지질과산화물가(TBA value)를 측정하여 비교한 결과는 Table 4 와 같다. 지질과산화물가를 통한 지질과 산화 억제 효과는 linoleic acid의 산화로 생성된 과산화지질의 분해 과정에서 생기는 peroxy radical의 소거를 통해 지질과산화의 이차분해산물인 malondialdehyde의 생성량을 측정하여 항산화능을 확인하는 방법이다.</p> <p>각 분획의 지질과산화 억제율은 n-hexane 분획 \\( 87.7 \\% \\), ethylacetate 분획 \\( 62.3 \\% \\), chloroform 분획 \\( 40.3 \\% \\) 순으로 DPPH radical 소거 활성과 Rancimat으로 측정한 항산화 지수와 동일하게 n-hexane 분획에서 지질과산화 억제율이 가장 높게 나타났으나, 양성대조군으로 사용한 BHT의 지질과산화 억제율보다는 낮게 나타났다. 이 결과는 Parker 등이 보고한 것처럼 phenol의 OH기가 DPPH용액에 존재하는 유리 라디칼과 linoleic acid의 산화로 인해 생성되는 유리 라디칼에 작용하는 차이 때문으로 생각된다.</p> <h2>Linoleic acid에 대한 항산화 효과</h2> <p>Linoleic acid에 \\( 50^{\\circ} \\mathrm{C} \\) 에서 일정 기간(3일, 5일, 7일) 항온 저장시킨 일당귀 에탄올 추출물 분획을 첨가하여 생성된 과산화물가(POV)를 측정한 견과는 Fig. 2와 같다.</p> <p>3일 저장한 일당귀 에탄올 추출물 분획의 과산화물가는 water 분획 \\( 550 \\mathrm{meq} / \\mathrm{kg} \\), n-butanol 분획 \\( 520 \\mathrm{meq} / \\mathrm{kg} \\), chloroform 분획 \\( 380 \\mathrm{meq} / \\mathrm{kg} \\) 순으로 높았고, 5일 저장에서는 water 분획 \\( 970 \\mathrm{meq} / \\mathrm{kg}\\), n-butanol 분획 \\( 960 \\mathrm{meq} / \\mathrm{kg} \\), chloroform 분획 \\( 670 \\mathrm{meq} / \\mathrm{kg} \\) 순으로, 7일간 저장에서는 water 분획 \\( 1,150 \\mathrm{meq} / \\mathrm{kg}\\), n-butanol 분획 \\( 1,100 \\mathrm{meq} / \\mathrm{kg} \\), ethylacetate 분획 \\( 1,020 \\mathrm{meq} / \\mathrm{kg} \\) 순으로 높았다. 이 결과는 용매 추출에 의한 항산화물질의 양이 n-hexane과 ethylacetate로 추출 시 높았기 때문으로 생각되며 분획의 항산화력과 과산화물가 사이에는 역상관관계가 있음을 알 수 있었다.</p>",
                "context_length": 3804,
                "summary": "일당귀 에탄올 추출물의 항산화 지수를 알기 위해 Rancimat로 측정하였고 일당귀 에탄올 추출물의 전 분획에서 대조군보다 높은 항산화 활성을 나타냈다. 아질산염 소거능을 측정한 결과 위와 유사한 조건인 \\(\\mathrm{1.2pH}\\) 에서 높은 소거 작용을 나타내었다. 지질과산화에 관한 억제 효과를 보기 위해 DPPH radical을 측정한 결과 억제능이 있음을 확인하였다. 마지막으로 Linoleic acid에 대한 항산화 효과를 본 결과 항산화물질의 양이 n-hexane과 ethylacetate로 추출 시 높았기 때문으로 생각되며 분획의 항산화력과 과산화물가 사이에는 역상관관계를 확인하였다.",
                "clue": [
                    {
                        "clue_text": "본 실험에서 일당귀 에탄올 추출물의 전 분획에서 대조군보다 높은 항산화 활성을 나타냈는데 이는 일당귀 에탄올 추출물에 항산화 활성을 나타내는 물질이 다량 함유되어 있는 것으로 사료된다.",
                        "clue_start": "336",
                        "clue_end": "439"
                    },
                    {
                        "clue_text": "따라서 본 실험에서 사람 위 내의 \\( \\mathrm{pH} \\) 와 유사한 조건인 \\( \\mathrm{pH} 1.2 \\) 에서 높은 소거 작용을 나타낸 것은 일당귀 에탄올 분획이 생체 내에서도 효과적인 아질산염 소거 작용을 통해 nitrosamine 생성을 억제할 것으로 생각된다.",
                        "clue_start": "1743",
                        "clue_end": "1901"
                    },
                    {
                        "clue_text": "이 결과는 Parker 등이 보고한 것처럼 phenol의 OH기가 DPPH용액에 존재하는 유리 라디칼과 linoleic acid의 산화로 인해 생성되는 유리 라디칼에 작용하는 차이 때문으로 생각된다.",
                        "clue_start": "2877",
                        "clue_end": "2988"
                    },
                    {
                        "clue_text": "일당귀 에탄올 추출물 분획의 항산화 활성을 linoleic acid를 기질용액으로 지질과산화물가(TBA value)를 측정하여 비교한 결과는 Table 4 와 같다.",
                        "clue_start": "2395",
                        "clue_end": "2487"
                    },
                    {
                        "clue_text": "이 결과는 용매 추출에 의한 항산화물질의 양이 n-hexane과 ethylacetate로 추출 시 높았기 때문으로 생각되며 분획의 항산화력과 과산화물가 사이에는 역상관관계가 있음을 알 수 있었다.",
                        "clue_start": "3691",
                        "clue_end": "3800"
                    }
                ],
                "terminology": [
                    {
                        "word": "BHT"
                    },
                    {
                        "word": "DPPH radical"
                    },
                    {
                        "word": "Linoleic acid"
                    },
                    {
                        "word": "OH기"
                    },
                    {
                        "word": "catechin"
                    },
                    {
                        "word": "catechol"
                    },
                    {
                        "word": "chloroform 분획"
                    },
                    {
                        "word": "chlorogenic acid"
                    },
                    {
                        "word": "ethylacetate"
                    },
                    {
                        "word": "ethylacetate 분획"
                    },
                    {
                        "word": "luteolin"
                    },
                    {
                        "word": "malondialdehyde"
                    },
                    {
                        "word": "methanol"
                    },
                    {
                        "word": "morin"
                    },
                    {
                        "word": "n-butanol"
                    },
                    {
                        "word": "n-butanol 분획"
                    },
                    {
                        "word": "n-hexane"
                    },
                    {
                        "word": "n-hexane 분획"
                    },
                    {
                        "word": "naringenin"
                    },
                    {
                        "word": "nitrosamine"
                    },
                    {
                        "word": "peroxy radical"
                    },
                    {
                        "word": "phenol"
                    },
                    {
                        "word": "water 분획"
                    },
                    {
                        "word": "가용성 분획"
                    },
                    {
                        "word": "강활"
                    },
                    {
                        "word": "과산화물"
                    },
                    {
                        "word": "과산화물가"
                    },
                    {
                        "word": "과산화지질"
                    },
                    {
                        "word": "돈지"
                    },
                    {
                        "word": "방풍"
                    },
                    {
                        "word": "산패도"
                    },
                    {
                        "word": "생약"
                    },
                    {
                        "word": "석곡"
                    },
                    {
                        "word": "소거율"
                    },
                    {
                        "word": "소목"
                    },
                    {
                        "word": "수용성 분획"
                    },
                    {
                        "word": "시료"
                    },
                    {
                        "word": "아질산염"
                    },
                    {
                        "word": "아질산염 소거능"
                    },
                    {
                        "word": "에탄올 분획"
                    },
                    {
                        "word": "에탄을 추출물"
                    },
                    {
                        "word": "용매 추출"
                    },
                    {
                        "word": "유리 라디칼"
                    },
                    {
                        "word": "일당귀"
                    },
                    {
                        "word": "지질 산패도"
                    },
                    {
                        "word": "지질과산화"
                    },
                    {
                        "word": "지질과산화물"
                    },
                    {
                        "word": "지질과산화물가"
                    },
                    {
                        "word": "참당귀"
                    },
                    {
                        "word": "페놀화합물"
                    },
                    {
                        "word": "항산화 지수"
                    },
                    {
                        "word": "항산화 활성"
                    },
                    {
                        "word": "항산화 효과"
                    },
                    {
                        "word": "항산화능"
                    },
                    {
                        "word": "항산화력"
                    },
                    {
                        "word": "항산화물질"
                    }
                ]
            },
            {
                "context_id": "55e-0c9-a8f1737b-0f8b-43fb-b5a1-7d0ab8e0279a",
                "context_K-NSCC": {
                    "field": "생명",
                    "large_category": "LA",
                    "medium_category": "04"
                },
                "context": "<h2>지질과산화 억제 효과</h2> <p>지질과산화 억제 효과는 Ottolenghi 방법을 변형하여 기질 용액 \\( 0.1 \\mathrm{M} \\) phosphate buffer(\\( \\mathrm{pH} 7.0 \\))와 에탄올을 4: 1 로 혼합한 용액에 linoleic acid를 \\( 0.03 \\mathrm{M} \\) 이 되도록 첨가하였다. 이 기질 용액 \\( 2.5 \\mathrm{ml} \\) 에 \\( 0.1 \\mathrm{M} \\) phosphate buffer(\\( \\mathrm{pH} 7.0 \\)) \\( 2.4 \\mathrm{ml} \\) 및 \\( 0.1 \\% \\) 분획 \\( 0.1 \\mathrm{ml} \\) 씩 첨가하여 반응액을 조제한 후 반응액 \\( 2.0 \\mathrm{ml} \\) 에 \\(35\\%\\) TCA \\( 1.0 \\mathrm{ml} \\) 와 \\( 0.75 \\% \\) TBA \\( 2.0 \\mathrm{ml} \\) 을 가한 다음 vortex mixer로 진탕하여 \\( 95^{\\circ} \\mathrm{C} \\) 수욕상에서 40분간 반응하였다. 이 반응액을 실온까지 냉각시켜 acetic acid \\( 1.0 \\mathrm{ml} \\), chloroform \\( 2.0 \\mathrm{ml} \\) 를 가하고 진탕시킨 후 \\( 1,150 \\times \\mathrm{g} \\) 에서 5분 동안 원심분리하여 \\( 532 \\mathrm{~nm} \\) 에서 상징액의 흡광도를 측정하였다. 지질과산화물가는 분획 첨가구의 흡광도와 대조구의 흡광도로부터 산출하였으며 지질과산화반응을 \\( 50 \\% \\) 억제시키는 농도를 \\( \\mathrm{IC}_{50} \\) 으로 하였다.</p> <p>지질과산화 억제활성 \\( (\\%)=\\left(\\mathrm{A}_{\\text {control }}-\\mathrm{A}_{\\text {sample }}\\right) /\\left(\\mathrm{A}_{\\text {control }}-\\mathrm{A}_{\\text {blank }}\\right) \\times 100 \\)</p> <p>\\( \\mathrm{A}_{\\text {contral}} \\) : 대조군(분획 미첨가)의 흡광도</p> <p>\\( \\mathrm{A}_{\\text {sample}} \\) : 실험군(분획 첨가)의 흡광도</p> <p>\\( \\mathrm{A}_{\\text {blank: }} \\) 대조군(증류수 첨가)의 흡광도</p> <h2>Linoleic acid에 대한 항산화 효과</h2> <p>삼각플라스크에 linoleic acid \\( 1 \\mathrm{ml} \\), 에탄올 \\( 20 \\mathrm{ml} \\), 분획 \\( 0.1 \\mathrm{ml} \\) 및 \\( 0.2 \\mathrm{M} \\) phosphate buffer \\( (\\mathrm{pH} 7.4)\\) \\( 25 \\mathrm{ml} \\) 를 취하여 \\( 50^{\\circ} \\mathrm{C} \\) 에서 일정 기간 동안 (3, 5, 7일) 저장한 후 반응액을 분획여두에 옮겨 chloroform을 가하고 3회 반복 추출하였다. Chloroform 추출액에 acetic acid \\( 25 \\mathrm{ml} \\) 및 KI 포화용액 \\( 1 \\mathrm{ml} \\)를 가하고 암소에서 5 분간 방치한 다음 증류수 \\( 50 \\mathrm{ml} \\) 를 가한 후 가용성 전분을 지시약으로 하여 \\( 0.01\\mathrm{N} \\mathrm{~Na}_{2} \\mathrm{S}_{2} \\mathrm{O}_{3} \\) 용액으로 적정하였다.</p> <h2>통계 처리</h2> <p>본 실험은 독립적으로 각 시료 당 3회 반복 실시하여 얻은 결과로 결과는 실험군당 평균 \\( \\pm \\) 표준오차로 나타내었고, SPSS 통계 package를 이용하여 일원배치 분산분석(one-way analysis of variance)을 한 후 \\( p<0.05 \\) 수준에서 Tukey's test에 의하여 각 실험군의 평균치간의 유의성을 검정하였다.</p>",
                "context_length": 1979,
                "summary": "지질과산화 억제 효과는 Ottolenghi 방법을 변형하여 기질 용액과 에탄올을 혼합한 용액에 linoleic acid를 첨가하였다. 지질과산화물가는 분획 첨가구의 흡광도와 대조구의 흡광도로부터 산출하였으며, 지질과산화 반을을 억제시키는 농도를 설정하였다. 이때 첨가한 Linoleic acid에 대한 항산화 효과를 실험하기 위해 추출액 Chloroform에 acetic acid 및 KI 포화용액, 증류수를 가한 후 가용성 전분을 지시약으로 하여 용액 \\( \\mathrm{~Na}_{2} \\mathrm{S}_{2} \\mathrm{O}_{3} \\)으로 적정하였다. 실험을 통해 결과를 실험군당 평균 \\( \\pm \\) 표준오차로 나타내었으며 , 일원배치 분산분석을 한 후 각 실험군의 평균치간의 유의성을 검정하였다.",
                "clue": [
                    {
                        "clue_text": "지질과산화 억제 효과는 Ottolenghi 방법을 변형하여 기질 용액 \\( 0.1 \\mathrm{M} \\) phosphate buffer(\\( \\mathrm{pH} 7.0 \\))와 에탄올을 4: 1 로 혼합한 용액에 linoleic acid를 \\( 0.03 \\mathrm{M} \\) 이 되도록 첨가하였다.",
                        "clue_start": "24",
                        "clue_end": "194"
                    },
                    {
                        "clue_text": "지질과산화물가는 분획 첨가구의 흡광도와 대조구의 흡광도로부터 산출하였으며 지질과산화반응을 \\( 50 \\% \\) 억제시키는 농도를 \\( \\mathrm{IC}_{50} \\) 으로 하였다.",
                        "clue_start": "733",
                        "clue_end": "835"
                    },
                    {
                        "clue_text": "Linoleic acid에 대한 항산화 효과",
                        "clue_start": "1207",
                        "clue_end": "1231"
                    },
                    {
                        "clue_text": "Chloroform 추출액에 acetic acid \\( 25 \\mathrm{ml} \\) 및 KI 포화용액 \\( 1 \\mathrm{ml} \\)를 가하고 암소에서 5 분간 방치한 다음 증류수 \\( 50 \\mathrm{ml} \\) 를 가한 후 가용성 전분을 지시약으로 하여 \\( 0.01\\mathrm{N} \\mathrm{~Na}_{2} \\mathrm{S}_{2} \\mathrm{O}_{3} \\) 용액으로 적정하였다.",
                        "clue_start": "1524",
                        "clue_end": "1753"
                    },
                    {
                        "clue_text": "본 실험은 독립적으로 각 시료 당 3회 반복 실시하여 얻은 결과로 결과는 실험군당 평균 \\( \\pm \\) 표준오차로 나타내었고, SPSS 통계 package를 이용하여 일원배치 분산분석(one-way analysis of variance)을 한 후 \\( p<0.05 \\) 수준에서 Tukey's test에 의하여 각 실험군의 평균치간의 유의성을 검정하였다.",
                        "clue_start": "1776",
                        "clue_end": "1975"
                    }
                ],
                "terminology": [
                    {
                        "word": "KI 포화용액"
                    },
                    {
                        "word": "Linoleic acid"
                    },
                    {
                        "word": "Ottolenghi"
                    },
                    {
                        "word": "SPSS 통계 package"
                    },
                    {
                        "word": "TBA"
                    },
                    {
                        "word": "TCA"
                    },
                    {
                        "word": "Tukey's test"
                    },
                    {
                        "word": "acetic acid"
                    },
                    {
                        "word": "chloroform"
                    },
                    {
                        "word": "phosphate buffer"
                    },
                    {
                        "word": "vortex mixer"
                    },
                    {
                        "word": "가용성 전분"
                    },
                    {
                        "word": "기질 용액"
                    },
                    {
                        "word": "대조구"
                    },
                    {
                        "word": "분획여두"
                    },
                    {
                        "word": "시료"
                    },
                    {
                        "word": "일원배치 분산분석"
                    },
                    {
                        "word": "증류수"
                    },
                    {
                        "word": "지질과산화 억제 효과"
                    },
                    {
                        "word": "지질과산화물"
                    },
                    {
                        "word": "지질과산화물가"
                    },
                    {
                        "word": "지질과산화반응"
                    },
                    {
                        "word": "진탕"
                    },
                    {
                        "word": "표준오차"
                    },
                    {
                        "word": "항산화 효과"
                    },
                    {
                        "word": "흡광도"
                    }
                ]
            },
            {
                "context_id": "55e-0c9-46872000-9d66-4af3-859d-78ab179857ab",
                "context_K-NSCC": {
                    "field": "생명",
                    "large_category": "LA",
                    "medium_category": "04"
                },
                "context": "<h1>재료 및 방법</h1> <h2>재료</h2> <p>일당귀는 국내에서 유통되는 것을 구입하여 수세하고 음건한 것을 Blender (Braun. MR 350. CA. USA)로 조분쇄 후 시료로 사용하였다.</p> <h2>용매 추출</h2> <p>건조된 일당귀는 시료 \\( 100 \\mathrm{~g} \\) 을 \\( 80 \\% \\) 에탄올 \\( 500 \\mathrm{ml} \\) 에 넣어 \\( 65^{\\circ} \\mathrm{C} \\) 에서 환류냉각관을 부착한 \\( 65^{\\circ} \\mathrm{C} \\) 의 heating mantle에서 3시간 동안 3회 추출한 다음 Whatman filter paper (No. 2)로 여과하였다. 여액을 \\( 40^{\\circ} \\mathrm{C} \\) 수욕 상에서 rotary vacuum evaporator로 용매를 제거하고 감압 농축한 후 동결 건조시켜 고형물 함량을 산출한 다음, 시료의 산화방지를 위하여 \\( -70^{\\circ} \\mathrm{C} \\) 에 냉동 보관하면서 사용하였다.</p> <h2>다용매 분획</h2> <p>\\( 80 \\% \\) 일당귀 에탄올 추출물을 Fig. 1과 같이 separating funnel에 의한 용매별 분획으로 n-hexane, chloroform, ethylacetate 및 n-butanol로 연속 추출한 후 각 분획물을 rotary vacuum evaporator로 감압\\(\\cdot\\)농축한 다음 동결 건조시켜 항산화 활성 측정용 시료로 사용하였다.</p> <h2>DPPH radical 소거 활성</h2> <p>시료의 전자공여능 측정을 Blois의 방법에 준하여, 일당귀 에탄올 추출물 분획들의 DPPH에 대한 수소공여능을 측정하였다. DPPH \\( 16 \\mathrm{mg} \\) 을 에탄올 \\( 100 \\mathrm{ml} \\) 에 용해하고 20초간 진탕한 후 \\( 517 \\mathrm{~nm} \\) 에서 흡광도가 \\( 0.93 \\sim 0.97 \\) 이 되도록 적당량의 에탄올을 가하여 DPPH 용액으로 하였다. DPPH 용액 \\( 2 \\mathrm{ml} \\) 와 일당귀 에탄올 추출물 분획 \\( 2 \\mathrm{ml} \\) 를 시험관에 취하고 vortex mixer로 5초간 진탕하여 \\( 517 \\mathrm{~nm} \\) 에서 반응시간에 따른 일당귀 에탄올 추출물 분획의 환원력을 측정하였다. DPPH radical을 \\( 50 \\% \\) 소거시키는 시료의 농도를 \\( \\mathrm{RC}_{50} \\) 으로 하였으며 양성대조군으로 합성항산화제인 BHT를 사용하였다.</p> <p>DPPH radical 소거 활성 \\((\\%)=\\left(A_{\\text {control- }} A_{\\text {sample }}\\right) \\times 100 \\\\ \\mathrm{A}_{\\text {control}}:\\) 음성대조군(분획 미첨가)의 흡광도 \\(\\\\ \\mathrm{A}_{\\text {sample}}:\\) 실험군(분획 첨가)의 흡광도</p> <h2>항산화 지수 측정</h2> <p>항산화 지수(antioxidant index, AI) 는 Joo 등의 방법에 의하여 Rancimat (Metrohm model 679, Herisan, Switzerland)을 이용하여 측정하였다. 일당귀 에탄올 각 분획물에 포함된 용매를 완전히 제거한 후 각 분획물의 함량이 \\( 600 \\mathrm{ppm} \\) 이 되도록 soybean oil (Sigma Co., USA)에 첨가하고, 초음파(Ultrasonic processor, UCX-750, USA)를 이용하여 각각의 유기 용매 분획 시료와 유지가 잘 혼합되도록 하였다. Rancimat의 측정 조건은 시료 \\( 3.0 \\mathrm{~g} \\) 을 반응용기에 취하고 증류수 \\( 70 \\mathrm{ml} \\) 를 측정용기에 넣은 후 \\( 110^{\\circ} \\mathrm{C} \\) 에서 air flow rate \\( 201 / \\mathrm{hr} \\) 로 하여 산화안정성을 비교하였다. 항산화 지수는 분획물을 첨가한 실험군의 유도시간을 분획물을 첨가하지 않은 대조군의 유도시간으로 나눈 값을 구하였고, 모든 측정치는 3회 반복 실험하여 얻은 값의 평균치로 표시하였다. 기존의 상업용 항산화제인 BHT를 유지에 대해 첨가하여 양성대조군으로 비교 실험하였다.</p> <h2>아질산염 소거능</h2> <p>아질산염 소거능(nitrite scavenging ability, NSA) 측정은 Kato 등의 방법에 준하여 \\( 1 \\mathrm{mM} \\mathrm{~NaNO} \\) 용액 \\( 1 \\mathrm{ml} \\) 에 분획 \\( 0.02 \\mathrm{ml} \\) 를 가하고 \\( 0.1 \\mathrm{~N} \\mathrm{HCl}\\) \\((\\mathrm{pH} 1.2)\\), \\(0.2 \\mathrm{M} \\) citrate phosphate buffer \\((\\mathrm{pH} 4.2\\), \\(\\mathrm{pH} 6.0)\\)로 각각 \\( \\mathrm{pH} \\) 를 보정한 다음 반응액의 부피를 \\( 10 \\mathrm{ml} \\) 로 정용하였다. 용액을 \\( 37^{\\circ} \\mathrm{C} \\) 에서 1시간 반응시킨 후 \\( 1 \\mathrm{ml} \\) 씩 취하고 \\( 2 \\% \\) 초산 \\( 5 \\mathrm{ml} \\) 와 \\( 30 \\% \\) 초산에 용해한 Griess 시약\\((1\\%\\) sulfanylic acid : \\( 1 \\% \\) naphthylamine =1: 1) \\( 0.4 \\mathrm{ml} \\) 를 가하여 15 분간 방치한 다음 \\( 520 \\mathrm{~nm} \\)에서 흡광도를 측정하였다. 대조군은 증류수를 가하여 상기와 동일한 방법으로 측정하였으며, 아질산염 소거능은 분획을 첨가하기 전과 후의 아질산염 백분율\\((\\%)\\)로 표시하였다.</p> <p>아질산염 소거율 \\( (\\%)=1-\\frac{(A-C)}{B} \\times 100 \\)</p> <p>A: \\( 1 \\mathrm{mM} \\,\\mathrm{NaNO}_2 \\) 용액에 분획을 첨가하여 1 시간 방치 시킨 후의 흡광도</p> <p>B: \\( \\mathrm{NaNO}_{2} \\) 용액의 흡광도</p> <p>C: 분획 자체의 흡광도</p>",
                "context_length": 3100,
                "summary": "일당귀를 건조하여 분쇄하여 만든 시료로 용매 추출 및 다용매 분획한 후, 일당귀 에탄올 추출물 분획들의 DPPH에 대한 수소공여능, 항산화 지수 그리고 아질산염 소거능을 측정하였다.",
                "clue": [
                    {
                        "clue_text": "일당귀는 국내에서 유통되는 것을 구입하여 수세하고 음건한 것을 Blender (Braun. MR 350. CA. USA)로 조분쇄 후 시료로 사용하였다.",
                        "clue_start": "32",
                        "clue_end": "117"
                    },
                    {
                        "clue_text": "항산화 지수는 분획물을 첨가한 실험군의 유도시간을 분획물을 첨가하지 않은 대조군의 유도시간으로 나눈 값을 구하였고, 모든 측정치는 3회 반복 실험하여 얻은 값의 평균치로 표시하였다. 기존의 상업용 항산화제인 BHT를 유지에 대해 첨가하여 양성대조군으로 비교 실험하였다.",
                        "clue_start": "1995",
                        "clue_end": "2145"
                    },
                    {
                        "clue_text": "항산화 지수(antioxidant index, AI) 는 Joo 등의 방법에 의하여 Rancimat (Metrohm model 679, Herisan, Switzerland)을 이용하여 측정하였다.",
                        "clue_start": "1514",
                        "clue_end": "1624"
                    }
                ],
                "terminology": [
                    {
                        "word": "BHT"
                    },
                    {
                        "word": "Blender"
                    },
                    {
                        "word": "DPPH radical 소거 활성"
                    },
                    {
                        "word": "DPPH 용액"
                    },
                    {
                        "word": "Griess"
                    },
                    {
                        "word": "NSA"
                    },
                    {
                        "word": "Rancimat"
                    },
                    {
                        "word": "Whatman filter paper"
                    },
                    {
                        "word": "air flow rate"
                    },
                    {
                        "word": "antioxidant index"
                    },
                    {
                        "word": "citrate phosphate buffer"
                    },
                    {
                        "word": "ethylacetate"
                    },
                    {
                        "word": "heating mantle"
                    },
                    {
                        "word": "n-butanol"
                    },
                    {
                        "word": "rotary vacuum evaporator"
                    },
                    {
                        "word": "scavenging"
                    },
                    {
                        "word": "separating funnel"
                    },
                    {
                        "word": "soybean oil"
                    },
                    {
                        "word": "vortex mixer"
                    },
                    {
                        "word": "감압 농축"
                    },
                    {
                        "word": "고형물"
                    },
                    {
                        "word": "분획물"
                    },
                    {
                        "word": "산화방지"
                    },
                    {
                        "word": "산화안정성"
                    },
                    {
                        "word": "소거율"
                    },
                    {
                        "word": "수소공여능"
                    },
                    {
                        "word": "아질산염 소거능"
                    },
                    {
                        "word": "여액"
                    },
                    {
                        "word": "용매 추출"
                    },
                    {
                        "word": "유기 용매 분획"
                    },
                    {
                        "word": "유도시간"
                    },
                    {
                        "word": "음건"
                    },
                    {
                        "word": "음성대조군"
                    },
                    {
                        "word": "일당귀"
                    },
                    {
                        "word": "전자공여능"
                    },
                    {
                        "word": "조분쇄"
                    },
                    {
                        "word": "증류수"
                    },
                    {
                        "word": "진탕"
                    },
                    {
                        "word": "항산화 지수"
                    },
                    {
                        "word": "항산화 활성 측정용 시료"
                    },
                    {
                        "word": "환류냉각관"
                    },
                    {
                        "word": "환원력"
                    },
                    {
                        "word": "흡광도"
                    }
                ]
            },
            {
                "context_id": "55e-0c9-a8a98560-3423-464b-a0d6-fc7cbfe8f0aa",
                "context_K-NSCC": {
                    "field": "생명",
                    "large_category": "LA",
                    "medium_category": "04"
                },
                "context": "<h1>서 론</h1> <p>최근 식생활의 변화와 운동량이 부족한 도시인이 늘어남에 따라 질병의 양상이 각종 암, 고혈압 등 순환기계 질환, 간장 장애, 당뇨병 등 각종 퇴행성 질환의 발생률이 높아지는 추세에 있으며, 이러한 질환들의 원인이 활성 산소에 기인된 것이라는 산소유해설이 점차 인정받고 있다. 활성 산소는 단백질, DNA 등에 작용하여 세포막의 구성 성분인 불포화지방산을 공격하여 지질의 과산화반응을 일으켜 세포막의 파괴, 세포의 노화 및 괴사 등을 일으켜 노화 촉진, 스트레스성 호르몬이나 면역물질의 활성도가 감소하고 각종 암 등을 발생시킨다는 보고가 있으며, 질병의 약 \\( 90 \\% \\) 가 활성 산소에 의해 발생한다고 한다.</p> <p>대부분의 식물들은 이러한 활성 산소에 대한 방어기전으로 이를 제거할 수 있는 다양한 형태의 천연 항산화물질을 함유하고 있다. 식물 내에 항산화 활성을 나타내는 물질로는 flavonoids, anthocyanins, carotenoids, vitamin 및 essential oil 등으로 이런 천연 항산화물질이 유리 라디칼로 인해 유발되는 각종 암 및 노화 관련 질환의 예방에 효과가 있는 것으로 보고됨에 따라, 예부터 인간이 안전하게 먹어왔던 천연물질이나 약용식물로부터 항산화물질을 분리하여 항산화력이 우수한 새로운 천연 항산화제의 개발 연구가 더욱 활발히 진행되고 있다.</p> <p>한의학에서 보혈약으로 분류되어 중요하게 쓰이고 있는 당귀는 미나리과에 속하는 다년생 초본으로 한국당귀(Angelica gigas NaKai), 중국당귀[Angelica sinensis(Oliv.)Diels], 일당귀(A. acutiloba Kitagawa)로 구분하며, 그 중 일본 원산종을 일당귀라 하며 화학적 조성이나 효능의 차이가 있는 것으로 알려져 있다. 일당귀의 주요성분으로는 phthalide류의 ligustilide, butylidenephthalide, butylphthalide, sedanoic acid lactone 등이며, 일당귀에 관한 연구로는 항종양 효과, 항균활성 효과, 중추억제 작용, 빈혈에 대한 조혈 효과, 면역기능과 간기능 회복 효과, 돌연변이 유발 억제 효과 및 암세포 성장 저해 효과, 진통, 소염 효과 및 관절염에 미치는 효능 연구 등이 보고되고 있다.</p> <p>일당귀는 주로 뿌리를 약용으로 이용해 왔으나 최근 기능성 채소에 대한 관심이 높아지면서 새로운 쌈 채소로서 이용이 크게 증가하고 있으며, 일당귀 잎에는 상추에 비하여 칼슘과 인의 함량이 각각 2.8 배와 4.5 배 높고, 비타민 C도 8배 정도 높아 소규모이지만 재배하는 농가가 늘어나고 있다.</p> <p>체내의 활성 산소를 조절할 수 있는 천연물 유래의 항산화물질에 대해 많은 연구가 진행 되어 왔지만, 항산화 효과가 탁월하면서 보다 안전하고 효능이 뛰어난 새로운 천연 항산화제의 개발이 매우 중요하다 할 수 있을 것이다.</p> <p>따라서 본 연구는 기존에 연구 개발되어진 천연 항산화제보다 안전하고 우수한 활성을 나타내는 항산화제를 천연식물로부터 개발하기 위한 연구의 일환으로 일당귀의 항산화 활성을 평가하기 위하여 in vitro에서 일당귀 에탄올 추출물과 용매별 분획에 대한 DPPH radical 소거능, 항산화 지수, 아질산염소거능, linoleic acid에 대한 항산화 효과, 지질과산화 억제 효과 등을 측정하여 일당귀의 항산화력을 검토하였다.</p>",
                "context_length": 1691,
                "summary": "최근 식생활의 변화와 운동량이 부족한 도시인이 늘어남에 따라 질병의 양상이 각종 암, 고혈압 등 순환기계 질환, 간장 장애, 당뇨병 등 각종 퇴행성 질환의 발생률이 높아지는 추세에 있으며, 이러한 질환들의 원인이 활성 산소에 기인된 것이라는 산소유해설이 점차 인정받고 있다. 대부분의 식물들은 이러한 활성 산소에 대한 방어기전으로 이를 제거할 수 있는 다양한 형태의 천연 항산화물질을 함유하고 있다. 따라서 본 연구는 기존에 연구 개발되어진 천연 항산화제보다 안전하고 우수한 활성을 나타내는 항산화제를 천연식물로부터 개발하기 위한 연구의 일환으로 일당귀의 항산화 활성을 평가하기 위하여 in vitro에서 일당귀 에탄올 추출물과 용매별 분획에 대한 DPPH radical 소거능, 항산화 지수, 아질산염소거능, linoleic acid에 대한 항산화 효과, 지질과산화 억제 효과 등을 측정하여 일당귀의 항산화력을 검토하였다.",
                "clue": [
                    {
                        "clue_text": "활성 산소는 단백질, DNA 등에 작용하여 세포막의 구성 성분인 불포화지방산을 공격하여 지질의 과산화반응을 일으켜 세포막의 파괴, 세포의 노화 및 괴사 등을 일으켜 노화 촉진, 스트레스성 호르몬이나 면역물질의 활성도가 감소하고 각종 암 등을 발생시킨다는 보고가 있으며, 질병의 약 \\( 90 \\% \\) 가 활성 산소에 의해 발생한다고 한다.",
                        "clue_start": "170",
                        "clue_end": "360"
                    },
                    {
                        "clue_text": "식물 내에 항산화 활성을 나타내는 물질로는 flavonoids, anthocyanins, carotenoids, vitamin 및 essential oil 등으로 이런 천연 항산화물질이 유리 라디칼로 인해 유발되는 각종 암 및 노화 관련 질환의 예방에 효과가 있는 것으로 보고됨에 따라, 예부터 인간이 안전하게 먹어왔던 천연물질이나 약용식물로부터 항산화물질을 분리하여 항산화력이 우수한 새로운 천연 항산화제의 개발 연구가 더욱 활발히 진행되고 있다.",
                        "clue_start": "438",
                        "clue_end": "689"
                    },
                    {
                        "clue_text": "일당귀의 주요성분으로는 phthalide류의 ligustilide, butylidenephthalide, butylphthalide, sedanoic acid lactone 등이며, 일당귀에 관한 연구로는 항종양 효과, 항균활성 효과, 중추억제 작용, 빈혈에 대한 조혈 효과, 면역기능과 간기능 회복 효과, 돌연변이 유발 억제 효과 및 암세포 성장 저해 효과, 진통, 소염 효과 및 관절염에 미치는 효능 연구 등이 보고되고 있다.",
                        "clue_start": "900",
                        "clue_end": "1140"
                    }
                ],
                "terminology": [
                    {
                        "word": "DPPH radical"
                    },
                    {
                        "word": "butylidenephthalide"
                    },
                    {
                        "word": "in vitro"
                    },
                    {
                        "word": "linoleic acid"
                    },
                    {
                        "word": "phthalide류"
                    },
                    {
                        "word": "불포화지방산"
                    },
                    {
                        "word": "순환기계"
                    },
                    {
                        "word": "유리 라디칼"
                    },
                    {
                        "word": "일당귀"
                    },
                    {
                        "word": "조혈"
                    },
                    {
                        "word": "중국당귀"
                    },
                    {
                        "word": "지질과산화 억제 효과"
                    },
                    {
                        "word": "천연 항산화물질"
                    },
                    {
                        "word": "천연 항산화제"
                    },
                    {
                        "word": "천연식물"
                    },
                    {
                        "word": "퇴행성 질환"
                    },
                    {
                        "word": "항균활성"
                    },
                    {
                        "word": "항산화 활성"
                    },
                    {
                        "word": "항산화 효과"
                    },
                    {
                        "word": "항산화력"
                    },
                    {
                        "word": "항종양"
                    },
                    {
                        "word": "호르몬"
                    },
                    {
                        "word": "활성 산소"
                    }
                ]
            },
            {
                "context_id": "55e-0c9-merge_2_8a2ae4d1-3902453f-ce01-4435-9607-a4c0f0ae3a84_04",
                "context_K-NSCC": {
                    "field": "생명",
                    "large_category": "LA",
                    "medium_category": "04"
                },
                "context": "<h1>요 약</h1> <p>본 연구는 일당귀의 생리활성 및 기능성을 검토하기 위하여 in vitro에서 일당귀 에탄올 추출물과 용매별 분획물에 대한 DPPH radical 소거능, 항산화 지수, 아질산염 소거능, linoleic acid에 대한 항산화 효과, 지질과산화 억제 효과를 측정하여 잍당귀의 항산화력을 측정하였다. 일당귀 에탄올 추출물을 n-hexane, chloroform, ethylacetate, n-butanol, water 로 계통 분획하여 DPPH radical에 대한 자유기 소거능을 측정한 결과 n-hexane 분획이 \\( 39 \\mu \\mathrm { g } / \\mathrm { ml } \\) 로 가장 강한 항산화 활성을 나타내었다. 또한 Rancimat로 측정한 항산화 지수도 분획 중 n-hexane 분획이 1.73 으로 가장 높게 나타났으며, 아질산염 소거능에서도 모든 \\( \\mathrm { pH } \\) 에서 n-hexane 분획이 가장 높게 나타났으며, \\( \\mathrm { pH } \\) 변화에 따른 각 분획의 아질산염 소거 작용은 \\( \\mathrm { pH } 1.2 \\) 에서 가장 우수하였다. 지질과산화물 생성 억제 효과는 n-hexane 분획이 \\( 87.7 \\% \\) 로 가장 높았으나, 양성대조군으로 사용한 BHT의 억제율보다는 낮았다. Linoleic acid에 대한 항산화 효과를 과산화물가로 측정한 결과도 n-hexane의 항산화력이 가장 우수하였고 ethylacetate, chloroform, n-butanol, water 순이었다. 이상의 결과 일당귀 추출물은 항산화 효과를 나타내는 물질을 함유하고 있는 것으로 판단되며, 이 원인물질에 대한 연구가 더 진행되어야 할 것이며, 일당귀 추출물의 in vitro 에서 항산화효능의 우수함을 통해 일당귀의 천연항산화제로서 개발 및 활용성을 기대해 본다.</p> <h1>결과 및 고찰</h1> <h2>DPPH radical 소거 활성</h2> <p>일당귀 \\( 80 \\% \\) 에탄올 추출물을 유기 용매별로 분획한 분획의 DPPH법에 의한 전자공여능을 비교한 결과는 Table 1 과 같다. DPPH radical 소거 활성은 n-hexane>ethylacetate>chloroform>n-butanol>water 분획 순으로 n-hexane 분획에서 \\( 39 \\mu \\mathrm { g } / \\mathrm { ml } \\) 로 가장 강한 항산화 활성을 나타냈다. 일당귀 에탄올 추출물의 n-hexane 분획의 DPPH radical 소거 활성은 양성대조군인 BHT의 \\( 14 \\mu \\mathrm { g } / \\mathrm { ml } \\) 보다는 낮은 전자공여능을 나타내었다. 이와 같이 n-hexane 분획의 전자공여능이 높은 것은 일당귀에 함유하고 있는 항산화물질이 n-hexane에 잘 용해되는 것으로 사료된다. 전자공여 작용은 활성 라디칼에 전자를 공여하여 식품 중의 지방 산화를 억제시키는 척도로 사용될 뿐 아니라, 인체 내 활성 라디칼에 의한 노화를 억제하는 척도로 이용되고 있으며, Kim 등은 사용한 시료의 농도가 증가할수록 전자공여능도 증가하였다고 보고하였다. Park 등은 참당귀 methanol 추출물을 농도별로 수소공여능을 측정한 결과, 농도가 증가할수록 농도 의존적으로 높게 나타났으며 특히 최고 농도인 \\( 1 \\mathrm { mg } / \\mathrm { ml } \\) 에서 양성대조군으로 사용된 BHT와 비교하였을 때 \\( 50 \\% \\) 정도의 DPPH radical 소거 효과를 보였다고 보고하였으며, Kang 등의 연구에서는 참당귀의 열수 추출물의 수소공여능은 \\( 1 \\mathrm { mg } / \\mathrm { ml } \\)의 농도에서는 \\( 66.3 \\% \\), methanol 추출물에서는 \\( 81.5 \\% \\) 의 DPPH radical 소거 효과를 보였다고 보고하여 두 연구 간의 차이를 보이는 것으로 나타났다. 생약 5 종 약재의 열수 추출물, 에탄올 추출물, 메탄올 추출물의 DPPH radical 소거능은 추출물 모두 오가피, 독활, 참당귀, 황기, 황정 순으로 나타났으며, 추출 용매 간에는 유의적 차이가 없었다고 보고하였다. 이와 같이 천연 식물들은 대부분 항산화 효과가 있는 것으로 사료된다.</p>",
                "context_length": 2118,
                "summary": "일당귀의 생리활성을 검토하려면 in vitro에서 일당귀 에탄올 추출물과 용매별 분획물에 대해 DPPH radical 소거능, 항산화 지수, 아질산염 소거능, linoleic acid에 대하여 항산화 효과, 지질과산화 억제 효과를 실험해 잍당귀의 항산화력을 측정했다. 일당귀 추출물은 항산화 효과를 나타내어 물질이 함유하고 있는 것으로 판단되어, 원인물질의 연구가 진행되어야 하고, 일당귀 추출물의 in vitro에서 항산화효능을 알리고 일당귀의 천연항산화제로 개발 및 활용성을 기대한다. 생약 5종 약재는 열수 추출물, 에탄올 추출물, 메탄올 추출물의 DPPH radical 소거능은 추출 용매 간 유의적 차이가 없다고 보고했다. 천연 식물들은 항산화 효과가 있다고 판단된다. 천연 식물들은 항산화 효과가 있다.",
                "clue": [
                    {
                        "clue_text": "본 연구는 일당귀의 생리활성 및 기능성을 검토하기 위하여 in vitro에서 일당귀 에탄올 추출물과 용매별 분획물에 대한 DPPH radical 소거능, 항산화 지수, 아질산염 소거능, linoleic acid에 대한 항산화 효과, 지질과산화 억제 효과를 측정하여 잍당귀의 항산화력을 측정하였다.",
                        "clue_start": "16",
                        "clue_end": "181"
                    },
                    {
                        "clue_text": "이상의 결과 일당귀 추출물은 항산화 효과를 나타내는 물질을 함유하고 있는 것으로 판단되며, 이 원인물질에 대한 연구가 더 진행되어야 할 것이며, 일당귀 추출물의 in vitro 에서 항산화효능의 우수함을 통해 일당귀의 천연항산화제로서 개발 및 활용성을 기대해 본다.",
                        "clue_start": "783",
                        "clue_end": "931"
                    },
                    {
                        "clue_text": "생약 5 종 약재의 열수 추출물, 에탄올 추출물, 메탄올 추출물의 DPPH radical 소거능은 추출물 모두 오가피, 독활, 참당귀, 황기, 황정 순으로 나타났으며, 추출 용매 간에는 유의적 차이가 없었다고 보고하였다. 이와 같이 천연 식물들은 대부분 항산화 효과가 있는 것으로 사료된다.",
                        "clue_start": "1952",
                        "clue_end": "2114"
                    }
                ],
                "terminology": [
                    {
                        "word": "BHT"
                    },
                    {
                        "word": "DPPH radical"
                    },
                    {
                        "word": "DPPH radical 소거 활성"
                    },
                    {
                        "word": "DPPH radical 소거능"
                    },
                    {
                        "word": "DPPH법"
                    },
                    {
                        "word": "Rancimat"
                    },
                    {
                        "word": "chloroform"
                    },
                    {
                        "word": "ethylacetate"
                    },
                    {
                        "word": "in vitro"
                    },
                    {
                        "word": "linoleic acid"
                    },
                    {
                        "word": "methanol 추출물"
                    },
                    {
                        "word": "n-butanol"
                    },
                    {
                        "word": "n-hexane"
                    },
                    {
                        "word": "n-hexane 분획"
                    },
                    {
                        "word": "water 분획"
                    },
                    {
                        "word": "계통 분획"
                    },
                    {
                        "word": "과산화물가"
                    },
                    {
                        "word": "농도 의존적"
                    },
                    {
                        "word": "메탄올 추출물"
                    },
                    {
                        "word": "분획물"
                    },
                    {
                        "word": "생리활성"
                    },
                    {
                        "word": "생성 억제 효과"
                    },
                    {
                        "word": "생약"
                    },
                    {
                        "word": "소거 효과"
                    },
                    {
                        "word": "수소공여능"
                    },
                    {
                        "word": "시료"
                    },
                    {
                        "word": "아질산염 소거능"
                    },
                    {
                        "word": "양성대조군"
                    },
                    {
                        "word": "에탄올 추출물"
                    },
                    {
                        "word": "열수 추출물"
                    },
                    {
                        "word": "용해"
                    },
                    {
                        "word": "일당귀"
                    },
                    {
                        "word": "자유기 소거능"
                    },
                    {
                        "word": "전자공여"
                    },
                    {
                        "word": "전자공여능"
                    },
                    {
                        "word": "지방 산화"
                    },
                    {
                        "word": "지질과산화 억제 효과"
                    },
                    {
                        "word": "지질과산화물 생성"
                    },
                    {
                        "word": "참당귀"
                    },
                    {
                        "word": "천연항산화제"
                    },
                    {
                        "word": "추출 용매"
                    },
                    {
                        "word": "항산화 활성"
                    },
                    {
                        "word": "항산화 효과"
                    },
                    {
                        "word": "항산화력"
                    },
                    {
                        "word": "항산화물질"
                    },
                    {
                        "word": "항산화효능"
                    },
                    {
                        "word": "활성 라디칼"
                    }
                ]
            }
        ]
    }
}