{
    "dataset_info": {
        "identifier": "02-031-002-NL",
        "name": "기술과학 문서 요약 데이터",
        "category": "자연어",
        "last_updated": "2023-08-30"
    },
    "dataset": {
        "doc_id": "28a7cd33-7297-45cf-88fd-428ce5d2b6ee",
        "doc_type": "논문",
        "doc_title": {
            "kor": "전산유체역학을 이용한 공기온도변화에 따른 목재펠릿의 연소특성 분석",
            "eng": ""
        },
        "doc_category": {
            "KDC": "321.39305",
            "DDC": ""
        },
        "doc_number": {
            "ISSN": "1738-3935",
            "ISBN": "",
            "DOI": "",
            "UCI": ""
        },
        "doc_year": "2016",
        "doc_author": [
            "오광철",
            "어승희",
            "이상열",
            "이충건",
            "카프레 사걸",
            "최윤성",
            "오재헌",
            "김대현"
        ],
        "doc_publisher": "한국신·재생에너지학회",
        "doc_license": "CC BY",
        "context_info": [
            {
                "context_id": "55e-0c9-908510ad-534e-48b2-b388-2e586c14ef66",
                "context_K-NSCC": {
                    "field": "생명",
                    "large_category": "LA",
                    "medium_category": "09"
                },
                "context": "<h1>2. 이론적 고찰</h1> <p>목질계 바이오매스에 공급되는 산화제 온도변화에 따른 연소현상의 변화를 고찰하였으며, 먼저 화학량론(Stoichiometry) 을 이용하여 1차원분석(One-dimension, 1-D)을 진행하였다.</p> <h2>2.1 목질계 바이오 매스의 연소</h2> <p>목질계 바이오매스의 연소반응은 외부에서 공급되는 열 에너지로 인하여 온도가 증가되어 흡열반응(Endothermic Reaction)으로 수분 증발이 일어난다. 이후 수분함량 \\(0\\)(Zero)을 지나 계속 에너지를 흡수하면 분해연소(Pyrolytic Combusiton)가 일어나 휘발분(Volatile)이 발생되며 나머지는 숯(Charcoal)으로 변환된다. 또한 분해연소로 생성된 물질들은 발열반응(Exothermic Reaction)으로 숯의 일부가 표면연소(Surface Combustion)를 통하여 연소가스 (Combustion Gas)로 변환되고 타지 못한 물질은 비연소물질(Non Burning Material)로 남는다. 마지막 단계로 휘발분의 경우 가스상 반응(Gas Phase Combustion)을 통하여 연소가스로 변화되며 특히 휘발분의 수소(H)성분은 산소 (O)와 결합하여 수분으로 발생된다(Fig. \\(2\\)). 이와 같은 화학적 에너지 전환단계는 목재의 종류, 밀도, 함수율, 열 침투성, 열적특성과 같은 많은 변수들의 함수로써 실제 현상에서는 상기 반응들이 복합적으로 발생하며 이 모든 현상을 시뮬레이션을 통하여 \\( 100 \\% \\) 모사하는 것은 불가능하다. \\( { }^{[6,7]} \\) 따라서 본 연구에서 이루어진 시뮬레이션은 다음과 같은 가정을 통하여 분석을 진행하였다. 첫째, 목재펠릿의 제조공정이나 소재에 따라 변화되는 목재펠릿의 성분을 하나의 평균값으로 적용하여 분석하였다. 둘째, 연소반응을 통해 생성된 열이 보일러의 물집이나 열교환기로의 흐름에 있어서 외부로의 열손실은 없다. 셋째 입력 공기는 건공기로 가정하였다.</p> <h2>2.2 1-D 연소분석방법</h2> <p>반응에 수반되는 반응물과 생성물의 상대적인 질량을 계산하기 위하여 화학반응식을 이용하는 과정을 화학량론 (Stoichiometry)이라 하며, 이를 이용하여 연소분석을 진행하였다. 연소에 의해 다량의 열을 발생하는 성분은 주로 수소 \\( (\\mathrm{H}) \\), 탄소 \\( (\\mathrm{C}) \\), 황 \\( (\\mathrm{S}) \\) 으로써, 일반적으로 발열에 대하여 고려할 경우 이 3 원소에 대하여 분석한다. 이들 가연 원소의 연소에 대한 기본적인 화학 방정식은 식 (\\(15\\))와 같다.</p> <p>\\( C+O_{2}=C O_{2}+407 \\mathrm{MJ} / \\mathrm{kmol} \\)<caption>(1)</caption></p> <p>\\( C+\\frac{1}{2} O_{2}=C O+123 \\mathrm{MJ} / \\mathrm{kmol} \\)<caption>(2)</caption></p> <p>\\( \\mathrm{H}_{2}+\\frac{1}{2} \\mathrm{O}_{2}=\\mathrm{H}_{2} \\mathrm{O}(\\mathrm{g})+241 \\mathrm{MJ} / \\mathrm{kmol} \\)<caption>(3)</caption></p> <p>\\( \\mathrm{H}_{2}+\\frac{1}{2} O_{2}=\\mathrm{H}_{2} O(l)+286 \\mathrm{MJ} / \\mathrm{kmol} \\)<caption>(4)</caption></p> <p>\\( S+O_{2}=S O_{2}+297 \\mathrm{MJ} / \\mathrm{kmol} \\)<caption>(5)</caption></p> <p>현재 우리 주위에서 사용되고 있는 화석연료의 주성분은 탄 소와 수소이다. 이와 같은 탄화수소를 공기를 산화제로 이용 하여 완전연소 시키기 위한 일반 반응식은 식 (6)과 같다. \\( { }^{[8]} \\)</p> <p>\\( C_{x} H_{y}+\\left(x+\\frac{y}{4}\\right) O_{2} \\rightarrow x C_{2}+\\frac{y}{2} H_{2} O+ \\) Heat<caption>(6)</caption></p>",
                "context_length": 2081,
                "summary": "본 논문에서는 목질계 바이오매스에 공급되는 산화제 온도변화에 따른 연소현상의 변화를 관찰하였으며 화학량론으로 1차원분석을 먼저 진행하였다. 연구에서의 시뮬레이션은 첫째로 목재펠릿의 성분을 하나의 평균값으로 적용하여 분석하였고, 두번째로 연소반응을 통해 생성된 열이 보일러의 물집이나 열교환기로의 흐름에 있어서 외부로의 열손실은 없으며, 마지막 세번째로는 입력 공기는 건공기로 가정하는 식의 순서를 통하여 분석을 진행하였다. 본 실험에서 사용한 화학량론 연소분석 방식에서는 반응물과 생성물의 상대적 질량의 계산을 위해 화학반응식을 이용하였다.",
                "clue": [
                    {
                        "clue_text": "목질계 바이오매스에 공급되는 산화제 온도변화에 따른 연소현상의 변화를 고찰하였으며, 먼저 화학량론(Stoichiometry) 을 이용하여 1차원분석(One-dimension, 1-D)을 진행하였다.",
                        "clue_start": "22",
                        "clue_end": "132"
                    },
                    {
                        "clue_text": "첫째, 목재펠릿의 제조공정이나 소재에 따라 변화되는 목재펠릿의 성분을 하나의 평균값으로 적용하여 분석하였다.",
                        "clue_start": "849",
                        "clue_end": "909"
                    },
                    {
                        "clue_text": "둘째, 연소반응을 통해 생성된 열이 보일러의 물집이나 열교환기로의 흐름에 있어서 외부로의 열손실은 없다.",
                        "clue_start": "910",
                        "clue_end": "968"
                    },
                    {
                        "clue_text": "셋째 입력 공기는 건공기로 가정하였다.",
                        "clue_start": "969",
                        "clue_end": "990"
                    },
                    {
                        "clue_text": "반응에 수반되는 반응물과 생성물의 상대적인 질량을 계산하기 위하여 화학반응식을 이용하는 과정을 화학량론 (Stoichiometry)이라 하며, 이를 이용하여 연소분석을 진행하였다.",
                        "clue_start": "1022",
                        "clue_end": "1122"
                    }
                ],
                "terminology": [
                    {
                        "word": "Gas"
                    },
                    {
                        "word": "Reaction"
                    },
                    {
                        "word": "가연 원소"
                    },
                    {
                        "word": "건공기"
                    },
                    {
                        "word": "목재펠릿"
                    },
                    {
                        "word": "목질계 바이오매스"
                    },
                    {
                        "word": "물집"
                    },
                    {
                        "word": "분해연소"
                    },
                    {
                        "word": "비연소물질"
                    },
                    {
                        "word": "산화제"
                    },
                    {
                        "word": "수소"
                    },
                    {
                        "word": "시뮬레이션"
                    },
                    {
                        "word": "연소가스"
                    },
                    {
                        "word": "연소반응"
                    },
                    {
                        "word": "연소분석"
                    },
                    {
                        "word": "연소분석방법"
                    },
                    {
                        "word": "연소현상"
                    },
                    {
                        "word": "완전연소"
                    },
                    {
                        "word": "주성분"
                    },
                    {
                        "word": "탄화수소"
                    },
                    {
                        "word": "표면연소"
                    },
                    {
                        "word": "화학 방정식"
                    },
                    {
                        "word": "화학량론"
                    },
                    {
                        "word": "화학적 에너지"
                    },
                    {
                        "word": "휘발분"
                    },
                    {
                        "word": "흡열반응"
                    }
                ]
            },
            {
                "context_id": "55e-0c9-ac74d8bc-e539-4b3c-bf5d-8fce691620fc",
                "context_K-NSCC": {
                    "field": "생명",
                    "large_category": "LA",
                    "medium_category": "09"
                },
                "context": "<h1>1. 서 론</h1> <p>최근 세계적으로 에너지 소비량이 급격하게 증가하며 이로 인하여 필연적으로 환경오염 문제가 크게 나타나고 있다. 따라서 자연친화적인 신재생에너지의 개발의 중요성이 증대되고 있다. 특히 대한민국의 에너지 공급구조는 수입이 크게 차지하고 있으며 수입의존도가 2013년 기준 \\( 95.7 \\% \\) 를 나타내고 있다(에너지통계연보 에너지경제연구원, 2014). 이 규모는 전체 수입액의 약 \\( 34.7 \\% \\) (한국무역협회, 2014) 로써 이런 문제점을 해결하기 위하여 국내 자체적으로 생산 및 이용 가능한 청정에너지의 개발이 요구되고 있다.</p> <h2>1.1 목재 펠릿의 장점</h2> <p>태양광- 열이나 풍력, 수력과 같은 신재생에너지는 이용에 제약조건이 많이 따른다. 하지만 목질계 바이오매스는 이와 다르게 기존 화석연료와 동일하게 저장 및 이용이 가능한 특성을 가지고 있으며, 석탄과 혼용으로 기존의 시설에 이용 및 적용 가능하여 신재생에너지 의무 할당제도 (Renewable Portfolio Standard, RPS)에 보다 쉽게 활용될 수 있는 이점이 있다. 또한 동일한 양의 에너지 이용 시 생성되는 이산화탄소의 양이 화석연료의 \\( 1 / 12 \\) 수준 \\( { }^{[1]} \\) 이며 이때 발생된 이산화탄소는 다시 새로운 바이오매스의 성장을 위한 광합성작용에 이용된다. 이런 특성을 바탕으로 \\(2006\\)년 유엔기후변화협약(United Nations Framework Convention on Climate Change, UNFCCC)에서 '탄소중립연료(Carbon Neutral)'로 인정되었으며, \\(2015\\)년 \\(1\\)월 \\(2\\) 일 국내 환경부에서 실시한 “온실가스 배출권의 할당 및 거래에 관한 법률\"의 탄소배출권에 관하여 이용이 자유로운 에너지원이다.</p> <p>이러한 목질계 바이오매스는 대부분 톱밥과 같은 작은 입자형태로 분쇄, 건조, 압축하여 작은 알갱이 형태로 성형한 펠릿으로 이용하고 있으며, 재료의 함수율과 크기 및 생산시간에 따른 효율증대를 위한 연구가 활발히 진행되고 있다. \\( { }^{[2,3]} \\) 다른 한편, 최근 목질계 바이오매스의 고밀도 에너지화를 위한 반탄화 목재칩 생산을 위한 연구가 진행되었다. 하지만 생산에 투입되는 에너지 비용을 이용한 경제성분석 결과 펠릿으로의 성형방법에 대한 연구와 개발의 필요성을 언급하고 있다. \\( { }^{[4]} \\)</p> <h2>1.2 목재 펠릿의 이용 현황</h2> <p>국내 임지에서 발생되는 목질계 바이오매스를 그대로 사용하는 양은 꾸준히 감소되어 왔으며, \\(2009\\)년부터 대부분 우드 칩(Wood chip)과 목재펠릿(Wood pellet)으로 가공하여 이용하기 시작했다. 목재펠릿은 크게 부피의 축소(우드칩의 \\(4\\) 배)와 보관 및 운송의 용의, 균질, 규격화를 통하여 자동보일러까지 사용가능해지면서 소비량이 \\(2009\\)년 \\(18\\), \\(216\\) ton에서 \\(2014\\)년 \\(1,940\\),\\(103\\)ton으로 약 \\(106\\)배 증가되었으며, 이에 따라 수입량 또한 크게 증가되었다(Fig. \\(1\\)). 이러한 이용확대에도 불구하고 목재펠릿 이용기기들의 투입 공기와 연료의 양, 연료공급 및 고체연소특성으로 인한 효율감소 및 다양한 문제점에 발생됨에 따라 개발에 많은 시간과 비용이 소모되고 있다. 따라서 이를 보완하고 개발하는데 있어 해석 모델을 이용한 수치해석방법이 유용하게 활용될 수 있다. 본 연구에서는 목재펠릿의 연소현상 후 발생되는 생성물을 화학반응식을 이용한 \\(1\\) 차원분석과 전산유체역학 (Computational Fluid Dynamics, CFD) 프로그램을 이용한 \\(3\\) 차원 해석모델을 이용하여 예측하였다. 또한 실제 사용하고 있는 가정용 목재펠릿보일러의 실험 결과와 앞서 예측한 시뮬레이션 결과를 비교하여 검증하였다.</p>",
                "context_length": 1927,
                "summary": "최근 세계적으로 에너지 소비량이 급격하게 증가하며 이로 인하여 필연적으로 환경오염 문제가 크게 나타나고 있다. 태양광- 열이나 풍력, 수력과 같은 신재생에너지는 이용에 제약조건이 많이 따른다. 목질계 바이오매스는 일반적으로 톱밥과 같은 작은 입자형태로 분쇄, 건조, 압축하여 작은 알갱이 형태로 성형한 펠릿으로 이용하고 있으며, 재료의 함수율과 크기 및 생산시간에 따른 효율증대를 위한 연구가 활발히 진행되고 있다. 그리고 환경부에서 실시한 온실가스 배출권의 할당 및 거래에 관한 법률의 탄소배출권에 관하여 이용이 자유로운 에너지원이다.",
                "clue": [
                    {
                        "clue_text": "최근 세계적으로 에너지 소비량이 급격하게 증가하며 이로 인하여 필연적으로 환경오염 문제가 크게 나타나고 있다.",
                        "clue_start": "19",
                        "clue_end": "80"
                    },
                    {
                        "clue_text": "이런 특성을 바탕으로 \\(2006\\)년 유엔기후변화협약(United Nations Framework Convention on Climate Change, UNFCCC)에서 '탄소중립연료(Carbon Neutral)'로 인정되었으며, \\(2015\\)년 \\(1\\)월 \\(2\\) 일 국내 환경부에서 실시한 “온실가스 배출권의 할당 및 거래에 관한 법률\"의 탄소배출권에 관하여 이용이 자유로운 에너지원이다.",
                        "clue_start": "690",
                        "clue_end": "913"
                    },
                    {
                        "clue_text": "또한 실제 사용하고 있는 가정용 목재펠릿보일러의 실험 결과와 앞서 예측한 시뮬레이션 결과를 비교하여 검증하였다.",
                        "clue_start": "1861",
                        "clue_end": "1923"
                    },
                    {
                        "clue_text": "이러한 목질계 바이오매스는 대부분 톱밥과 같은 작은 입자형태로 분쇄, 건조, 압축하여 작은 알갱이 형태로 성형한 펠릿으로 이용하고 있으며, 재료의 함수율과 크기 및 생산시간에 따른 효율증대를 위한 연구가 활발히 진행되고 있다.",
                        "clue_start": "921",
                        "clue_end": "1047"
                    }
                ],
                "terminology": [
                    {
                        "word": "CFD"
                    },
                    {
                        "word": "Neutral"
                    },
                    {
                        "word": "chip"
                    },
                    {
                        "word": "pellet"
                    },
                    {
                        "word": "광합성작용"
                    },
                    {
                        "word": "목질계 바이오매스"
                    },
                    {
                        "word": "바이오매스"
                    },
                    {
                        "word": "반탄화 목재칩"
                    },
                    {
                        "word": "시뮬레이션"
                    },
                    {
                        "word": "신재생에너지"
                    },
                    {
                        "word": "에너지 소비량"
                    },
                    {
                        "word": "에너지원"
                    },
                    {
                        "word": "연소현상"
                    },
                    {
                        "word": "우드 칩"
                    },
                    {
                        "word": "입자형태"
                    },
                    {
                        "word": "전산유체역학"
                    },
                    {
                        "word": "차원"
                    },
                    {
                        "word": "펠릿"
                    },
                    {
                        "word": "해석 모델"
                    }
                ]
            },
            {
                "context_id": "55e-0c9-7fa00067-8ac5-4086-95ed-f163f2ae5c60",
                "context_K-NSCC": {
                    "field": "생명",
                    "large_category": "LA",
                    "medium_category": "09"
                },
                "context": "<h2>2.3 3-D 연소분석방법</h2> <p>고체연료의 연소는 난류 비예혼합화염이며 불균일반응 (Heterogeneous Reaction)이다. 불균일반응이란 다른 물리적 상태로 존재하는 화학종이 연루되는 반응, 즉 가스-액체 또는 가스-고체사이의 반응을 뜻한다. 따라서 연소 반응은 보존 스칼라(Conserved Scalar)개념에 바탕을 둔 Mixture fraction PDF 모델과 난류 모델(Standard \\( \\mathrm{k}-\\varepsilon)\\) 을 고려하였으며, 복사모델은 복사열전달 방정식 (Radiative transfer equation, RTE)을 바탕으로 세워진 Discrete Ordinate를 이용하였다.</p> <h3>1) 시뮬레이션 방법</h3> <p>연소실 모델의 3차원 설계에는 Workbench(16.1 ANASYS Inc, USA) 및 \\( \\mathrm{CAD}(2012 \\) AutoDesk Inc, USA)를 이용하였으며 연소해석에는 FLUENT(16.1, ANASYS Inc, USA) 를 사용하였다. 시뮬레이션은 실제 사용되고 있는 \\( 20,000 \\mathrm{~J} \\)급의 가정용 펠릿보일러가 사용되었으며, 분석을 위하여 Gas, Water, Frame의 3가지 물질로 정의하여 모델링 후 격자를 생성하였다.</p> <h3>2) 격자생성</h3> <p>생성하는 격자의 품질은 해의 수렴성과 정확한 해석결과 그리고 해석 속도를 결정하는 매우 중요한 특성이다. 격자의 비틀림을 나타내는 왜도(Skewness)는 질이 나쁠수록 0 에 가깝고 질이 좋은 격자일수록 1 에 가깝다. 특히 직교품질(Orthogonal Quality)은 \\(0.01\\)보다 커야하며 평균값은 \\( 0.2 \\) 보다 높아야 한다. 분석에 이용된 형상은 보일러와 동일한 기하학(Geometry) 구조를 가지고 있으며 총 \\(165,995\\) 의 노드와 \\(638,406\\) 개의 격자로 왜도 평균값 \\( 0.3968 \\), 직교품질 평균값 \\( 0.7255 \\) 이다(Fig. 3).</p> <h1>3. 실험방법</h1> <p>본 실험은 정상상태에서의 연소현상에 대하여 분석하기 위하여 실시하였다. Fig. 4의 보일러를 살펴보면 우측상단의 배풍기가 공기를 밀어내면 1 차 공기는 버너 하단, 2 차 공기는 버너상부의 연료투입구에서 동시에 공급된다. 이후 버너 주변 및 상단에서 분해연소가 일어나며 연소실을 중심으로 표면연소가 발생한다. 그 뒤 연소 가스는 연관을 통하여 2 차 열 교환을 통해 열전달 후 배출된다. 이때 보일러 내부순환수의 온도 측정을 위해 \\( \\mathrm{K} \\)-type열전대를 보일러입, 출구와 열교환기의 입, 출구 각각 4 개소에 설치하였으며 입력 공기의 습도 및 온도를 측정하였다. 각 순환수와 부하의 열교환기 입출력 온도 차이가 \\( 0.1^{\\circ} \\mathrm{C} \\) 이내를 만족할 때 정상상태라 판단하여 입력조건을 변화시켜 실험을 진행하였으며, 모든 실험간 데이터 로거(GL800, Graphtech, Japan)와 가스분석기(OPTIMA 7, MRU, Germany)를 이용하여 1초 간격으로 데이터를 기록하였다.</p>",
                "context_length": 1570,
                "summary": "3-D 연소분석방법에서 연소 반응은 Mixture fraction PDF 모델과 난류 모델을 고려하고 복사모델은 Discrete Ordinate를 이용하며, 20,000\\(\\mathrm{J}\\)가정용 펠릿보일러를 사용하고 Gas, Water, Frame의 물질로 정의하여 모델링 후 해의 수렴성과 정확한 해석결과 및 해석 속도를 결정하는 중요한 특성을 가지는 격자를 생성하여 시뮬레이션하였으며, 정상상태에서의 연소현상의 분석을 위해 각 순환수와 부하의 열교환기 입출력 온도 차이 \\( 0.1^{\\circ} \\mathrm{C} \\)이내를 정상상태라 보고 입력조건을 변화시켜 실험하고, 모든 실험간 데이터 로거와 가스분석기를 이용하여 1초 간격으로 데이터를 기록하였다.",
                "clue": [
                    {
                        "clue_text": "따라서 연소 반응은 보존 스칼라(Conserved Scalar)개념에 바탕을 둔 Mixture fraction PDF 모델과 난류 모델(Standard \\( \\mathrm{k}-\\varepsilon)\\) 을 고려하였으며, 복사모델은 복사열전달 방정식 (Radiative transfer equation, RTE)을 바탕으로 세워진 Discrete Ordinate를 이용하였다.",
                        "clue_start": "150",
                        "clue_end": "360"
                    },
                    {
                        "clue_text": "시뮬레이션은 실제 사용되고 있는 \\( 20,000 \\mathrm{~J} \\)급의 가정용 펠릿보일러가 사용되었으며, 분석을 위하여 Gas, Water, Frame의 3가지 물질로 정의하여 모델링 후 격자를 생성하였다.",
                        "clue_start": "537",
                        "clue_end": "657"
                    },
                    {
                        "clue_text": "생성하는 격자의 품질은 해의 수렴성과 정확한 해석결과 그리고 해석 속도를 결정하는 매우 중요한 특성이다.",
                        "clue_start": "682",
                        "clue_end": "740"
                    },
                    {
                        "clue_text": "본 실험은 정상상태에서의 연소현상에 대하여 분석하기 위하여 실시하였다.",
                        "clue_start": "1042",
                        "clue_end": "1081"
                    },
                    {
                        "clue_text": "각 순환수와 부하의 열교환기 입출력 온도 차이가 \\( 0.1^{\\circ} \\mathrm{C} \\) 이내를 만족할 때 정상상태라 판단하여 입력조건을 변화시켜 실험을 진행하였으며, 모든 실험간 데이터 로거(GL800, Graphtech, Japan)와 가스분석기(OPTIMA 7, MRU, Germany)를 이용하여 1초 간격으로 데이터를 기록하였다.",
                        "clue_start": "1371",
                        "clue_end": "1566"
                    }
                ],
                "terminology": [
                    {
                        "word": "Discrete Ordinate"
                    },
                    {
                        "word": "Frame"
                    },
                    {
                        "word": "Mixture"
                    },
                    {
                        "word": "Reaction"
                    },
                    {
                        "word": "transfer"
                    },
                    {
                        "word": "난류 비예혼합화염"
                    },
                    {
                        "word": "로거"
                    },
                    {
                        "word": "배풍기"
                    },
                    {
                        "word": "복사모델"
                    },
                    {
                        "word": "복사열전달 방정식"
                    },
                    {
                        "word": "분해연소"
                    },
                    {
                        "word": "불균일반응"
                    },
                    {
                        "word": "스칼라"
                    },
                    {
                        "word": "시뮬레이션"
                    },
                    {
                        "word": "연소 가스"
                    },
                    {
                        "word": "연소분석방법"
                    },
                    {
                        "word": "연소실"
                    },
                    {
                        "word": "연소해석"
                    },
                    {
                        "word": "연소현상"
                    },
                    {
                        "word": "왜도 평균값"
                    },
                    {
                        "word": "직교품질 평균값"
                    },
                    {
                        "word": "펠릿보일러"
                    },
                    {
                        "word": "표면연소"
                    },
                    {
                        "word": "화학종"
                    }
                ]
            },
            {
                "context_id": "55e-0c9-c9a73503-a08f-4d88-85f2-440071ebec4e",
                "context_K-NSCC": {
                    "field": "생명",
                    "large_category": "LA",
                    "medium_category": "09"
                },
                "context": "<h2>4.3 3-D 시뮬레이션 결과 분석</h2> <p>연소특성을 파악하기 위하여 연소 현상에 가장 중요한 인자인 이산화탄소의 대칭면(Symmetry) 분포를 비교하였다(Fig. \\(6\\)). 먼저 CASE1의 이산화탄소의 분포를 살펴보면, 고온으로 입력되는 산화제로 인하여 연소반응이 더욱 잘 일어나 버너 우측상단에 넓게 분포되어있다. 하지만 \\( \\mathrm{CASE} 3 \\) 의 경우 CASE1보다 이산화탄소의 분포가 협소하게 나타났으며, 특히 이산화탄소가 O(zero)인 부분에는 질소와 산소만으로 구성되어있을 것으로 판단되는데 버너 상단부에 선명하게 나타나 연소가 잘 일어나지 못한 것으로 예측할 수 있다.</p> <p>다음으로 효율 변화를 검증하기 위하여 CASE\\(1\\)과 CASE\\(3\\)의 대칭면 온도 분포를 비교하였다(Fig. \\(7\\)). CASE\\(1\\)의 경우 CASE\\(3\\)보다 연소실에 전체적으로 고온으로 분포되어 있어 내부 수관의 온도가 증가되어 나타났으며, 특히 연소가스가 연소실을 지나 2차 열 교환이 발생되는 연통을 통과할 때 온도 분포가 하단까지 발달하여 보다 더 많이 열전달이 일어난 것이라 판단되다. 또한 온도가 가장 높은 공간이 산소와 가장 많이 반응하는 불꽃 표면이기 때문에 온도 분포를 바탕으로 불꽃형상을 예측할 수 있다. CASE\\(1\\)의 경우 불꽃이 선명하게 나타났으며, 이와 다르게 CASE3는 불안정하게 연소하는 것을 알 수 있다. 따라서 실제보일러에 열효율을 증가시키기 위해서 연통을 통과하는 배기가스를 감속시켜야 하며 이를 위하여 추가적인 구조물(baffle)이 설치되어 있는데 형상변경 및 시뮬레이션을 통한 최적화로 효율을 증가 시킬 수 있을 것이라 판단된다.</p> <h1>5. 결 론</h1> <p>본 연구는 목질계 바이오매스의 연소특성 분석을 산화제 공급 온도변화 조건을 이용하여 이전에 개발된 \\(1\\)-D와 \\(3\\)-D 의 모델의 수정을 통한 보완이 이루어졌다. 연구는 실제 사용하고 있는 \\( 20,000 \\mathrm{~J} \\) 급 가정용 펠릿보일러의 실험과 병행하여 진행되었으며, 연소실 내부 연소현상을 화학양론과 전산유체역학 관점에서 해석하여 그 과정의 흐름과 각각의 특성을 분석하여 시뮬레이션 후 검증하였다. 이를 이용하여 주어진 시스템에 대한 연소모델이 개선되었으며, 구체적인 방법은 다음과 같다.</p> <ol type=1 start=1><li>기존 수행된 \\(1\\)-D 연소해석방법을 통한 분석방법에 온도 변수를 추가하여 모델이 개선되었다. RMSE 방법을 이용하여 분석한 결과 기존 모델에 비하여 개선된 모델의 오차의 정도가 평균 \\( 0.47 \\) 감소하여 모델의 정확도가 증가함을 확인하였다.</li> <li>기존 수행된 전산유체역학 프로그램을 이용한 3-D 연소해석방법에 온도 입력조건을 추가한 개선모델로 분석이 진행되었으며, RMSE 방법을 이용한 분석결과 오차의 정도가 평균 \\( 2.60 \\) 감소하여 모델의 정확도가 증가함을 확인하였다.</li> <li>시뮬레이션 이용하여 도출된 온도와 이산화탄소, 분포를 통하여 실제 연소실 내부의 연소현상을 파악하였으며, 이 분석방법은 실제 보일러 개발에 있어서 지금까지 보다 효율적인 방법으로서 이용될 수 있을 것이라 사료된다.</li> <li>목재펠릿의 품질은 기본적으로 발열량을 기준으로 구분되며 겉보기밀도, 함수율, 회분, 미세분, 내구성 및 기 타첨가물의 정도에 따라 \\( 1 \\sim 4 \\) 등급으로 분류된다. \\( { }^{[15]} \\) 현재 이러한 목재펠릿을 이용하는 소형 난방시스템은 추가적인 클링커, 재, 미연소분등의 연소생성물의 발생으로 인하여 운전 및 효율감소의 문제점을 지니고 있으며, 특히 미세분은 연료공급 시 수분과 미연소분의 증가를 가져와 최종적으로 연소효율의 감소를 가져온다. 따라서 미세분의 발생을 억제하기 위한 내구성증대 및 적정 길이를 가진 목재펠릿의 성형방법의 개발이 필요하며, 앞서 언급한 추가적인 연소반응물이 고려된 시뮬레이션의 개선도 이루어져야 한다.</li></ol>",
                "context_length": 1993,
                "summary": "연소 특성을 파악하기 위하여 이산화탄소의 대칭면을 비교했을 때 Case 1보다 Case 3에서 이산화탄소 분포가 협소하게 나타났고 버너 상단부에는 이산화탄소가 0인 부분으로 연소가 잘 일어나지 않았다. 따라서 실제 보일러에 열효율을 증가시키기 위해서는 배기가스를 감속시켜야 하는데 형상변경과 시뮬레이션을 통해 효율을 증가시킬 수 있다. 본 연구는 목질계 바이오매스의 연소특성 분석을 이전에 개발된 모델을 수정하여 보완하였다. 실제 사용되고 있는 2000J 급 펠릿보일러의 실험과 같이 진행되었고, 연소실 내부의 연소현상을 화학양론과 전산유체역학 관점에서 해석하였다.",
                "clue": [
                    {
                        "clue_text": "연소특성을 파악하기 위하여 연소 현상에 가장 중요한 인자인 이산화탄소의 대칭면(Symmetry) 분포를 비교하였다(Fig.",
                        "clue_start": "32",
                        "clue_end": "100"
                    },
                    {
                        "clue_text": "하지만 \\( \\mathrm{CASE} 3 \\) 의 경우 CASE1보다 이산화탄소의 분포가 협소하게 나타났으며, 특히 이산화탄소가 O(zero)인 부분에는 질소와 산소만으로 구성되어있을 것으로 판단되는데 버너 상단부에 선명하게 나타나 연소가 잘 일어나지 못한 것으로 예측할 수 있다.",
                        "clue_start": "190",
                        "clue_end": "347"
                    },
                    {
                        "clue_text": "따라서 실제보일러에 열효율을 증가시키기 위해서 연통을 통과하는 배기가스를 감속시켜야 하며 이를 위하여 추가적인 구조물(baffle)이 설치되어 있는데 형상변경 및 시뮬레이션을 통한 최적화로 효율을 증가 시킬 수 있을 것이라 판단된다.",
                        "clue_start": "724",
                        "clue_end": "854"
                    },
                    {
                        "clue_text": "본 연구는 목질계 바이오매스의 연소특성 분석을 산화제 공급 온도변화 조건을 이용하여 이전에 개발된 \\(1\\)-D와 \\(3\\)-D 의 모델의 수정을 통한 보완이 이루어졌다.",
                        "clue_start": "878",
                        "clue_end": "973"
                    },
                    {
                        "clue_text": "연구는 실제 사용하고 있는 \\( 20,000 \\mathrm{~J} \\) 급 가정용 펠릿보일러의 실험과 병행하여 진행되었으며, 연소실 내부 연소현상을 화학양론과 전산유체역학 관점에서 해석하여 그 과정의 흐름과 각각의 특성을 분석하여 시뮬레이션 후 검증하였다.",
                        "clue_start": "974",
                        "clue_end": "1117"
                    }
                ],
                "terminology": [
                    {
                        "word": "3-D 연소해석방법"
                    },
                    {
                        "word": "RMSE 방법"
                    },
                    {
                        "word": "대칭면"
                    },
                    {
                        "word": "목재펠릿"
                    },
                    {
                        "word": "목질계 바이오매스"
                    },
                    {
                        "word": "발달"
                    },
                    {
                        "word": "산화제"
                    },
                    {
                        "word": "수관"
                    },
                    {
                        "word": "시뮬레이션"
                    },
                    {
                        "word": "연소가스"
                    },
                    {
                        "word": "연소반응"
                    },
                    {
                        "word": "연소반응물"
                    },
                    {
                        "word": "연소실"
                    },
                    {
                        "word": "연소현상"
                    },
                    {
                        "word": "연통"
                    },
                    {
                        "word": "열전달"
                    },
                    {
                        "word": "전산유체역학"
                    },
                    {
                        "word": "펠릿보일러"
                    },
                    {
                        "word": "하단"
                    }
                ]
            },
            {
                "context_id": "55e-0c9-af0568a0-1ae7-46fb-9824-7e77ca4f6976",
                "context_K-NSCC": {
                    "field": "생명",
                    "large_category": "LA",
                    "medium_category": "09"
                },
                "context": "<p>여기서 연료 \\( 1 \\mathrm{~kg} \\) 이 탄소 \\( \\mathrm{C} \\mathrm{kg} \\), 수소 \\( \\mathrm{H} \\mathrm{kg} \\), 산소 \\( \\mathrm{O} \\mathrm{kg} \\), 황 \\( \\mathrm{Skg} \\), 질소 \\( \\mathrm{N} \\mathrm{kg} \\), 수분 \\( \\mathrm{W} \\mathrm{kg} \\) 으로 구성되어있다면, 이 연료가 완전연소 하는데 필요한 이론산소량 \\( (\\mathrm{OO}) \\) 과 이론공기량(AO)은 식 \\( (7 \\sim 8) \\) 로 나타낼 수 있다.</p> <p>\\( O_{o}=1.9 C+5.6 H+0.7 S-O\\left[\\mathrm{Nm}^{3} / \\mathrm{kg}_{f}\\right] \\)<caption>(7)</caption></p> <p>\\( A_{o}=9.1 C+27.3 H+3.4 S-4.9 O\\left[\\mathrm{Nm}^{3} / \\mathrm{kg}_{f}\\right] \\)<caption>(8)</caption></p> <p>탄소, 수소, 황은 연소반응을 통하여 연소가스가 된다. 하지만 이와 다르게 질소는 연소열에 의하여 특정조건 온도에 따라 질소산화물로 발생되는데 1차원 분석에서는 다루지 않는다. 마지막으로 연료 내부와 산화제 내부 수분이 수증기로 변화 하는데 이 총합이 바로 연소가스량이 된다. 이론습연소가스량은 식 (\\(9\\))과 같이 계산된다.</p> <p>\\( \\begin{aligned} G_{w}=& 9.1 C+27.3 H+3.4 S \\quad\\left[\\mathrm{Nm}^{3} / \\mathrm{kg}_{f}\\right] \\\\ &+0.8 N-4.9 O+12.5 W \\end{aligned} \\)<caption>(9)</caption></p> <p>또한 연소생성 수증기와 산화제 속 수분을 제외한 이론 건조가스량은 식 (\\(10\\))과 같이 계산한다.</p> <p>\\( G_{d}=G_{w}-12.5 W\\left[\\mathrm{Nm}^{3} / \\mathrm{kg}_{f}\\right] \\)<caption>(10)</caption></p> <p>마지막으로 과잉공기비를 적용한 실제 입력되는 공기량은 식 (\\(11\\))을 통하여 구할 수 있다.</p> <p>\\( O_{E x}=m \\cdot O_{0}\\left[\\mathrm{Nm}^{3} / \\mathrm{kg}_{f}\\right] \\)<caption>(11)</caption></p> <p>일반적으로 \\( 1^{\\circ} \\mathrm{C}, 1 \\) 기압의 건조공기는 질소 \\( 79 \\mathrm{~mol} \\%(76.8 \\) \\( \\mathrm{wt} \\%) \\), 산소 \\( 21 \\mathrm{~mol} \\%(23.2 \\mathrm{wt} \\%) \\) 로 구성되어있다. 따라서 이전 연구에서는 \\( \\alpha, \\beta \\) 가 일정한 값으로 계산되었다. \\( { }^{[9]} \\) 하지만 온도변화에 따른 밀도 변화는 산소와 질소 공급의 절대량에 영향을 준다는 점에 착안하여 모델을 개선하였으며, 이에 따른 변화량은 Table \\(1\\)과 같이 나타난다. 최종적인 온도 변화에 및 공기비의 변화에 따른 질소와 산소의 공급량은 식 (12)와 같이 나타난다.</p> <p>\\( O_{2 E x}=\\alpha(m-1) O_{E_{x}} \\quad\\left[\\mathrm{Nm}^{3} / \\mathrm{kg}_{f}\\right] \\) \\( N_{2 E x}=\\beta(m-1) O_{E_{x}} \\)<caption>(12)</caption></p> <p>따라서 배기가스의 주요 구성성분인 산소, 질소, 이산화탄소, 수분은 다음 식 (13)으로 나타낼 수 있다. \\( { }^{[10]} \\)</p> <p>\\( O_{2 f l u e}=\\alpha \\cdot\\left(O_{E_{x}}-A_{o}\\right)\\left[\\mathrm{Nm}^{3} / \\mathrm{kg}_{f}\\right] \\) \\( N_{2 f l u e}=\\left(\\beta \\cdot O_{E_{x}}\\right)+(0.8 \\cdot \\mathrm{N}) \\) \\( C O_{2 \\text { flue }}=1.87 \\cdot C \\) \\( H_{2} O_{\\text {flue }}=(11.2 \\cdot H)+(1.87 \\cdot W) \\)<caption>(13)</caption></p> <p>식 (\\(13\\))을 살펴보면 실제 배기가스의 이산화탄소의 배출은 목재펠릿을 구성하고 있는 탄소의 성분에 관여되어 있으며, 반응에 직접적으로 참여하지 않는 질소의 배출은 제 입력되는 산화제의 과잉공기와 목재펠릿을 구성하고 있는 질소 성분의 영향을 받는다. 또한 산소는 실제 과잉 공급된 공기에서 연소반응 후 이산화탄소나 수분으로 반응되는 이론공기비만큼 감소된 후 배출된다. 마지막으로 수분의 경우 실제 목재펠릿을 구성하고 있는 수분과 수소가 연소반응 후 생성되는 수분, 그리고 산화제 가지고 있는 수분이 합산되어 배출된다.</p>",
                "context_length": 2481,
                "summary": "연료가 완전연소 하는데 필요한 이론산소량과 이론공기량(AO)은 탄소, 수소, 황은 연소반응을 통하여 연소가스가 되고 질소는 연소열에 의하여 특정조건 온도에 따라 질소산화물로 발생되는데 1차원 분석에서는 다루지 않으므로 연료 내부와 산화제 내부 수분이 수증기로 변화 하는데 이 총합이 바로 연소가스량이 된다.",
                "clue": [
                    {
                        "clue_text": "여기서 연료 \\( 1 \\mathrm{~kg} \\) 이 탄소 \\( \\mathrm{C} \\mathrm{kg} \\), 수소 \\( \\mathrm{H} \\mathrm{kg} \\), 산소 \\( \\mathrm{O} \\mathrm{kg} \\), 황 \\( \\mathrm{Skg} \\), 질소 \\( \\mathrm{N} \\mathrm{kg} \\), 수분 \\( \\mathrm{W} \\mathrm{kg} \\) 으로 구성되어있다면, 이 연료가 완전연소 하는데 필요한 이론산소량 \\( (\\mathrm{OO}) \\) 과 이론공기량(AO)은 식 \\( (7 \\sim 8) \\) 로 나타낼 수 있다.",
                        "clue_start": "3",
                        "clue_end": "319"
                    },
                    {
                        "clue_text": "탄소, 수소, 황은 연소반응을 통하여 연소가스가 된다.",
                        "clue_start": "546",
                        "clue_end": "576"
                    },
                    {
                        "clue_text": "질소는 연소열에 의하여 특정조건 온도에 따라 질소산화물로 발생되는데 1차원 분석에서는 다루지 않는다.",
                        "clue_start": "588",
                        "clue_end": "644"
                    },
                    {
                        "clue_text": "연료 내부와 산화제 내부 수분이 수증기로 변화 하는데 이 총합이 바로 연소가스량이 된다.",
                        "clue_start": "651",
                        "clue_end": "700"
                    }
                ],
                "terminology": [
                    {
                        "word": "AO"
                    },
                    {
                        "word": "건조공기"
                    },
                    {
                        "word": "밀도"
                    },
                    {
                        "word": "산화제"
                    },
                    {
                        "word": "수소"
                    },
                    {
                        "word": "수증기"
                    },
                    {
                        "word": "연소가스"
                    },
                    {
                        "word": "연소반응"
                    },
                    {
                        "word": "연소열"
                    },
                    {
                        "word": "완전연소"
                    },
                    {
                        "word": "이론산소량"
                    },
                    {
                        "word": "이론습연소가스량"
                    },
                    {
                        "word": "질소산화물"
                    }
                ]
            }
        ]
    }
}