{
    "dataset_info": {
        "identifier": "02-031-002-NL",
        "name": "기술과학 문서 요약 데이터",
        "category": "자연어",
        "last_updated": "2023-08-30"
    },
    "dataset": {
        "doc_id": "28a7cd33-e960-4e59-975b-937732215868",
        "doc_type": "논문",
        "doc_title": {
            "kor": "칼슘과 마그네슘이 조절된 해양심층수가 신장세포에서 항산화에 미치는 영향",
            "eng": "Effects of calcium and magnesium-balanced deep sea water on antioxidation in kidney cells"
        },
        "doc_category": {
            "KDC": "521.305",
            "DDC": ""
        },
        "doc_number": {
            "ISSN": "1976-0442",
            "ISBN": "",
            "DOI": "",
            "UCI": ""
        },
        "doc_year": "2021",
        "doc_author": [
            "조소민",
            "남자인",
            "박건희",
            "김병구",
            "정귀화",
            "허병석",
            "김지연"
        ],
        "doc_publisher": "한국응용생명화학회",
        "doc_license": "CC BY",
        "context_info": [
            {
                "context_id": "55e-0c9-09f96b8a-2240-45b9-aad2-5a82a2d978c0_01",
                "context_K-NSCC": {
                    "field": "생명",
                    "large_category": "LA",
                    "medium_category": "04"
                },
                "context": "<h2>Glutathione assay</h2> <p>Potassium phosphate buffer \\( 0.1~ \\mathrm { M } \\)를 \\( \\mathrm { pH } ~ \\) \\(7.5 \\)에 맞춰 준비하였다. Potassium phosphate buffer를 기반으로 Glutathione(GSH) standard (Sigma, St.Louis, Missouri, USA, cat. no. G- \\(4251 \\)), DNTB용액, Glutathione reductase (GR) (Sigma, cat. no. G- \\(3664 \\), \\( \\beta \\)-NADPH (Sigma, cat. no. N- \\(7505 \\)) 용액을 준비하였다. HEK \\(293 \\) 세포가 seeding 되어있는 \\(96 \\) well-plate에 DTNB 용액과 GR 용액을 \\(1 \\): \\(1 \\)로 잘 섞어 각 well에 \\( 120 ~ \\mu \\mathrm { L } \\)씩 분주하였다. \\(30 \\)초 후, 빛을 차단하고 \\( \\beta- \\mathrm { NADPH } \\)을 \\( 60~ \\mu \\mathrm { L } \\)씩 분주한 후 microplate reader (BioTek, Winooski, VT, USA)를 사용하여 \\( 412 \\mathrm { ~nm } \\)에서 흡광도를 측정하였다.</p> <h2>Superoxide dismutase</h2> <p>Superoxide Dismutase Activity은 제조사의 프로토콜에 따라 상업적으로 이용 가능한 ELISA 키트(Biovision, Milpitas, CA, USA)를 사용하여 측정되었다. 세포를 PBS로 세척한 다음 PBS에서 균질화하여 상청액을 수집하고 SOD activity 수준을 측정하였다. 시료를 적절하게 희석한 후 각 well에 standards와 상청액을 분주한 후 WST 용액과 enzyme 용액을 분주한다. \\(37 \\) \\( { } ^ {\\circ } \\mathrm { C } \\)에서 \\(20 \\)분동안 방치 후 \\( 450 \\mathrm { ~nm } \\)에서 흡광도를 측정하였다.</p> <h2>Catalase activity</h2> <p>\\( 250~ \\mathrm { mM } \\) \\(~ \\mathrm { KH } 2 \\mathrm { PO } 4 \\) (Daejung, Siheung-si, Gyeonggi-do, Korea, cat. no. \\(6613 \\)- \\(4405 \\)), \\(0.27 \\% \\) \\(~ \\mathrm { H } _ { 2 } \\mathrm { O } _ { 2 } \\) (Duksan, Ansan-si, Gyeonggi-do, Korea, cat. no. \\(1145 \\)), methanol (Duksan, cat. no. \\(58 \\))을 샘플 혹은 STD와 혼합하여 \\(20 \\)분 방치하였다. \\( 7.8 ~ \\mathrm { M } ~ \\) \\( \\mathrm { KOH } \\) (Daejung, cat. no. \\(6597 \\)- \\(4400 \\))로 반응을 종결한 후, \\( 34.2 ~ \\mathrm { mM } \\) purpald 용액을 가하여 \\(10 \\)분간 배양하였다. \\( 65.2 ~ \\mathrm { mM } \\) potassium periodate (Samchun, Seoul, Korea, cat. no. P \\(3453 \\))을 추가하고 실온에서 \\(10 \\)분 방치하였다. 흡광도는 \\( 550 \\mathrm { ~nm } \\)에서 측정되었다.</p> <h2>RT-qPCR</h2> <p>Trizol (Life Technologies, Rockville, MD, USA)을 사용하여 배양된 세포에서 RNA를 분리하였다. cDNA는 transcriptor first strand cDNA synthesis kit (Life Technologies)를 사용하여 역전사 방법을 통해 합성되었으며 Step-One-Plus RT-PCR system에서 Universal Probe Library probe method을 사용하여 RT-qPCR에 사용되었다. 상대적인 mRNA 수준은 comparative \\(2 \\)- \\( \\Delta \\Delta \\)CT method을 사용하여 계산하고 \\( \\beta \\)-actin으로 정규화하였다. 사용된 프라이머의 서열은 다음과 같다: Keap \\(1 \\) forward \\(~5' \\)- \\( \\mathrm { accacaacagtgtggagaggt } \\)- \\(3' \\) and reverse \\(5' \\)- \\( \\mathrm { cgatccttcgtgtcagcat } \\)- \\(3'; \\) Heme oxygenase \\(1 \\) forward \\(5' \\)- \\( \\mathrm { ggcagagggtgatagaagagg } \\)- \\(3' \\) and reverse \\(5' \\)- \\( \\mathrm { agctcctgcaactcctcaaa } \\)- \\(3'; \\) GST-a forward \\(5 \\)'- \\( \\mathrm { ggtgacagcgtttaacaaagc } \\)- \\(3' \\) and reverse \\(5' \\)- \\( \\mathrm { ccgtgcattgaagtagtgga } \\)- \\(3'; \\) GSR forward \\(5 \\)'- \\( \\mathrm { atgatcagcaccaactgcac } \\)- \\(3' \\) and reverse \\(5' \\)- \\( \\mathrm { cgacaaagtctttttaacctcctt } \\)- \\(3'; \\) b-actin forward \\(5' \\)- \\( \\mathrm { aagtccettgccatcctaaaa } \\)- \\(3' \\) and reverse \\(5' \\)- \\( \\mathrm { atgctatcacctcccctgtg } \\)- \\(3' \\).</p> <h2>통계처리</h2> <p>모든 측정값의 통계 분석은 SPSS program ( \\(20.0 \\), SPSS Inc., Chicago, IL, USA)를 사용하여 수행되었다. 모든 데이터는 평균 \\( \\pm \\)표준 오차 (SE)로 표시하였다. 통계 분석은 Duncan's multiple range test one-way ANOVA를 수행하였으며, \\( p< \\) \\( 0.05 \\)에서 통계적으로 유의한 것으로 간주되었다.</p>",
                "context_length": 3142,
                "summary": "Potassium phosphate buffer \\( 0.1~ \\mathrm { M } \\)를 \\( \\mathrm { pH } ~ \\) \\(7.5 \\), Superoxide Dismutase Activity은 제조사의 프로토콜에 따라 상업적으로 이용 가능한 ELISA 키트(Biovision, Milpitas, CA, USA)를 사용하였고, 250 mM \\(\\mathrm { KH } 2 \\mathrm { PO } 4\\), \\(0.27 \\% \\) \\(~ \\mathrm { H } _ { 2 } \\mathrm { O } _ { 2 } \\), methanol을 샘플 혹은 STD와 혼합하여 2020분 방치하였으며, Trizol 을 사용하여 배양된 세포에서 RNA를 분리하였다. 여기서 모든 측정값의 통계 분석은 SPSS program를 사용해 진행하였다.",
                "clue": [
                    {
                        "clue_text": "Potassium phosphate buffer \\( 0.1~ \\mathrm { M } \\)를 \\( \\mathrm { pH } ~ \\) \\(7.5 \\)에 맞춰 준비하였다.",
                        "clue_start": "30",
                        "clue_end": "125"
                    },
                    {
                        "clue_text": "Superoxide Dismutase Activity은 제조사의 프로토콜에 따라 상업적으로 이용 가능한 ELISA 키트(Biovision, Milpitas, CA, USA)를 사용하여 측정되었다.",
                        "clue_start": "717",
                        "clue_end": "826"
                    },
                    {
                        "clue_text": "\\(6613 \\)- \\(4405 \\)), \\(0.27 \\% \\) \\(~ \\mathrm { H } _ { 2 } \\mathrm { O } _ { 2 } \\) (Duksan, Ansan-si, Gyeonggi-do, Korea, cat.",
                        "clue_start": "1212",
                        "clue_end": "1342"
                    },
                    {
                        "clue_text": "Trizol (Life Technologies, Rockville, MD, USA)을 사용하여 배양된 세포에서 RNA를 분리하였다.",
                        "clue_start": "1777",
                        "clue_end": "1850"
                    },
                    {
                        "clue_text": "모든 측정값의 통계 분석은 SPSS program ( \\(20.0 \\), SPSS Inc., Chicago, IL, USA)를 사용하여 수행되었다.",
                        "clue_start": "2915",
                        "clue_end": "2997"
                    }
                ],
                "terminology": [
                    {
                        "word": "ANOVA"
                    },
                    {
                        "word": "CT method"
                    },
                    {
                        "word": "Catalase activity"
                    },
                    {
                        "word": "DNTB용액"
                    },
                    {
                        "word": "DTNB"
                    },
                    {
                        "word": "Duncan's multiple range test"
                    },
                    {
                        "word": "ELISA 키트"
                    },
                    {
                        "word": "GR"
                    },
                    {
                        "word": "Glutathione assay"
                    },
                    {
                        "word": "Glutathione reductase"
                    },
                    {
                        "word": "Heme oxygenase"
                    },
                    {
                        "word": "IL"
                    },
                    {
                        "word": "KOH"
                    },
                    {
                        "word": "Library"
                    },
                    {
                        "word": "NADPH"
                    },
                    {
                        "word": "PBS"
                    },
                    {
                        "word": "Potassium phosphate buffer"
                    },
                    {
                        "word": "RT-PCR"
                    },
                    {
                        "word": "RT-qPCR"
                    },
                    {
                        "word": "Rockville"
                    },
                    {
                        "word": "SE"
                    },
                    {
                        "word": "SOD activity"
                    },
                    {
                        "word": "SPSS program"
                    },
                    {
                        "word": "STD"
                    },
                    {
                        "word": "Step-One-Plus RT-PCR system"
                    },
                    {
                        "word": "Superoxide Dismutase Activity"
                    },
                    {
                        "word": "Trizol"
                    },
                    {
                        "word": "WST"
                    },
                    {
                        "word": "b-actin"
                    },
                    {
                        "word": "cDNA"
                    },
                    {
                        "word": "enzyme"
                    },
                    {
                        "word": "first strand cDNA"
                    },
                    {
                        "word": "mRNA 수준"
                    },
                    {
                        "word": "methanol"
                    },
                    {
                        "word": "microplate reader"
                    },
                    {
                        "word": "multiple range test"
                    },
                    {
                        "word": "one-way"
                    },
                    {
                        "word": "one-way ANOVA"
                    },
                    {
                        "word": "potassium periodate"
                    },
                    {
                        "word": "probe"
                    },
                    {
                        "word": "reverse"
                    },
                    {
                        "word": "seeding"
                    },
                    {
                        "word": "well"
                    },
                    {
                        "word": "well-plate"
                    },
                    {
                        "word": "균질화"
                    },
                    {
                        "word": "배양"
                    },
                    {
                        "word": "분주"
                    },
                    {
                        "word": "상청액"
                    },
                    {
                        "word": "세포"
                    },
                    {
                        "word": "시료"
                    },
                    {
                        "word": "역전사"
                    },
                    {
                        "word": "정규화"
                    },
                    {
                        "word": "통계처리"
                    },
                    {
                        "word": "표준 오차"
                    },
                    {
                        "word": "프라이머"
                    },
                    {
                        "word": "합성"
                    },
                    {
                        "word": "흡광도"
                    },
                    {
                        "word": "희석"
                    }
                ]
            },
            {
                "context_id": "55e-0c9-09f96b8a-2240-45b9-aad2-5a82a2d978c0_00",
                "context_K-NSCC": {
                    "field": "생명",
                    "large_category": "LA",
                    "medium_category": "04"
                },
                "context": "<h1>재료 및 방법</h1> <h2>미네랄 균형을 맞춘 해양심층수 제조</h2> <p>동해 \\( 510~ \\mathrm { m } \\) 깊이에서 채취한 해양심층수를 가공한 샘플은 청주에 소재한 샘표 발효 연구 센터에서 제공받았다. 해양심층수의 경우 높은 나트륨 함량을 가지고 있어, 탈염 과정을 가졌고 해양심층수의 특성상 다른 이온보다 높은 마그네슘 함량을 가지고 있었다. 특히, 마그네슘과 칼슘의 함량 비율이 \\(1 \\): \\(3 \\)- \\(4 \\)로 이에 주목하여, 칼슘과 마그네슘 함량은 적지만 비율은 같으면서 아연이나 셀레늄과 같은 미량 미네랄을 가지고 있는 trace mineral (TM), 높은 마그네슘 함량을 가지고 있으나 칼슘의 함량이 현저히 적은 high magnesium (HM), 마그네슘과 칼슘의 비율이 해양심층수와 비슷하면서 다른 샘플보다 음용하기에 적합한 함량을 가진 high magnesium low sodium (HMLS), 칼슘과 마그네슘의 함량이 거의 \\( 1 \\): \\(1 \\)인 high magnesium high calcium (HMHC)로 크게 네 가지로 제조되었다.</p> <h2>세포 배양</h2> <p>HEK \\(293 \\) 세포는 한국 세포주 은행(KCLB, Seoul, Korea)에서 구입하였다. HEK \\(293 \\) 세포는 Ad \\(5 \\) DNA 단편을 유산된 태아의 신장에서 추출한 세포로 형질 감염시켜 형질 전환된 세포주이다. \\( 10 \\% \\) fetal bovine serum (Biowest, Nuaille, Cholet, France), \\( 1 \\% \\) nonessential amino acid (MEM-NEAA) (Gibco, Rockville, MD, USA)와 \\( 100 ~ \\mathrm { U } / \\) \\( \\mathrm { mL } \\) penicillin- \\( 100 ~ \\mu \\mathrm { g } / \\mathrm { mL } \\) streptomycin (Gibco)이 보충된 Dulbecco's modified Eagle's medium (DMEM) (Gibco)배지를 사용하였다. 세포는 \\( 37~ { } ^ {\\circ } \\mathrm { C } , ~5 \\%~ \\mathrm { CO } _ { 2 } \\)의 인큐베이터에서 배양하였다.</p> <h2>Reactive oxygen species 측정</h2> <p>ROS는 DCF-DA법을 이용하여 측정하였다. \\(96 \\) well plate에 있는 배지를 다 제거해 준 후 DPBS로 세척하였다. 모든 well에 배지를 \\( 180~ \\mu \\mathrm { L } \\)씩 분주하고, \\( \\mathrm { CON } \\)군에는 배지를, \\( \\mathrm { NaCl } \\)군에는 \\( \\mathrm { NaCl } \\)이 들어있는 배지를, 샘플군에는 샘플이 들어있는 배지를 \\( 20~ \\mu \\mathrm { L } \\)씩 넣은 후 \\(2 \\)시간 동안 배양하였다. 상층액을 모두 제거하고 빛을 차단한 후 DCF-DA 용액을 넣고 \\(1 \\)시간 배양한다. 상층액 제거 후 DPBS를 분주한 후 fluorescence spectrophotometer(PerkinElmer, Waltham, MA, USA)를 이용하여 \\( 485 \\mathrm { ~nm } \\)에서 형광을 측정하였다.</p>",
                "context_length": 1661,
                "summary": "미네랄 균형을 맞춘 해양심층수를 4종류로 제조하고, HEK\\(293\\) 세포는 \\(37~{ }^{\\circ}\\mathrm{C},~5\\%~\\mathrm{CO}_{ 2}\\)의 인큐베이터에서 배양하고, DCF-DA법을 이용하여 ROS를 측정하는데, 배지의 상층액 제거 후 DPBS를 분주한 후 fluorescence spectrophotometer를 이용하여 \\( 485 \\mathrm { ~nm } \\)에서 형광을 측정하였다.",
                "clue": [
                    {
                        "clue_text": "미네랄 균형을 맞춘 해양심층수 제조",
                        "clue_start": "21",
                        "clue_end": "40"
                    },
                    {
                        "clue_text": "HEK \\(293 \\) 세포는 Ad \\(5 \\) DNA 단편을 유산된 태아의 신장에서 추출한 세포로 형질 감염시켜 형질 전환된 세포주이다.",
                        "clue_start": "644",
                        "clue_end": "721"
                    },
                    {
                        "clue_text": "세포는 \\( 37~ { } ^ {\\circ } \\mathrm { C } , ~5 \\%~ \\mathrm { CO } _ { 2 } \\)의 인큐베이터에서 배양하였다.",
                        "clue_start": "1058",
                        "clue_end": "1148"
                    },
                    {
                        "clue_text": "ROS는 DCF-DA법을 이용하여 측정하였다.",
                        "clue_start": "1192",
                        "clue_end": "1217"
                    },
                    {
                        "clue_text": "상층액 제거 후 DPBS를 분주한 후 fluorescence spectrophotometer(PerkinElmer, Waltham, MA, USA)를 이용하여 \\( 485 \\mathrm { ~nm } \\)에서 형광을 측정하였다.",
                        "clue_start": "1530",
                        "clue_end": "1657"
                    }
                ],
                "terminology": [
                    {
                        "word": "CON"
                    },
                    {
                        "word": "DCF-DA"
                    },
                    {
                        "word": "DCF-DA법"
                    },
                    {
                        "word": "DNA 단편"
                    },
                    {
                        "word": "DPBS"
                    },
                    {
                        "word": "Gibco"
                    },
                    {
                        "word": "HMHC"
                    },
                    {
                        "word": "NaCl"
                    },
                    {
                        "word": "ROS"
                    },
                    {
                        "word": "Reactive oxygen species"
                    },
                    {
                        "word": "Rockville"
                    },
                    {
                        "word": "TM"
                    },
                    {
                        "word": "amino acid"
                    },
                    {
                        "word": "calcium"
                    },
                    {
                        "word": "fetal bovine serum"
                    },
                    {
                        "word": "fluorescence spectrophotometer"
                    },
                    {
                        "word": "magnesium"
                    },
                    {
                        "word": "mineral"
                    },
                    {
                        "word": "sodium"
                    },
                    {
                        "word": "streptomycin"
                    },
                    {
                        "word": "well plate"
                    },
                    {
                        "word": "마그네슘"
                    },
                    {
                        "word": "미네랄"
                    },
                    {
                        "word": "발효"
                    },
                    {
                        "word": "배지"
                    },
                    {
                        "word": "분주"
                    },
                    {
                        "word": "상층액"
                    },
                    {
                        "word": "세포 배양"
                    },
                    {
                        "word": "세포주 은행"
                    },
                    {
                        "word": "신장"
                    },
                    {
                        "word": "아연"
                    },
                    {
                        "word": "유산"
                    },
                    {
                        "word": "이온"
                    },
                    {
                        "word": "칼슘"
                    },
                    {
                        "word": "탈염 과정"
                    },
                    {
                        "word": "해양심층수"
                    },
                    {
                        "word": "형광"
                    },
                    {
                        "word": "형질 전환"
                    }
                ]
            }
        ]
    }
}