{
    "dataset_info": {
        "identifier": "02-031-002-NL",
        "name": "기술과학 문서 요약 데이터",
        "category": "자연어",
        "last_updated": "2023-08-30"
    },
    "dataset": {
        "doc_id": "31a7cd33-ae05c9ab-ab0f-41eb-a10b-0467fa890373",
        "doc_type": "논문",
        "doc_title": {
            "kor": "둥근잎꿩의비름(Sedum rotundifolium D. Lee)의 식물체 재분화에 미치는 식물생장조절제의 영향",
            "eng": ""
        },
        "doc_category": {
            "KDC": "481.1705",
            "DDC": ""
        },
        "doc_number": {
            "ISSN": "1229-2818",
            "ISBN": "",
            "DOI": "",
            "UCI": ""
        },
        "doc_year": "2010",
        "doc_author": [
            "권혜경",
            "윤의수"
        ],
        "doc_publisher": "한국식물생명공학회",
        "doc_license": "CC BY-NC",
        "context_info": [
            {
                "context_id": "55e-0c9-merge_la_31a7cd33-ae05c9ab-ab0f-41eb-a10b-0467fa890373_02",
                "context_K-NSCC": {
                    "field": "생명",
                    "large_category": "LA",
                    "medium_category": "99"
                },
                "context": "<p>화뢰와 잎 절편체 모두에서 생장조절제가 첨가되지 않은 MS 기본배지에서는 캘러스가 유도되지 않았고, 2,4-D, NAA, BA의 단독처리 한 배지에서도 캘러스의 형성이 거 의 일어나지 않았다. 오옥신류의 2,4-D와 NAA 를 단독처리 한 배지에서는 화뢰 절편체에서만 캘러스의 분화없이 솜털을 많이 갖는 부정근의 발생이 보였다. \\( 2,4- \\mathrm { D } \\)와 BA를 혼합첨가 한 배지에서 화뢰 절편체로부터 캘러스 형성률은 대체로 낮았으며, 캘러스의 증식은 매우 저조하였다. 특히, \\( 1.0 \\sim 2.0 \\mathrm { mg } / \\mathrm { L } \\) 2,4-D와 \\( 1.0 \\mathrm { mg } / \\mathrm { L } \\mathrm { BA } \\)를 혼합첨가 한 배지에서는 화뢰 절편체로부터 부정아의 발생이 보였으며 부정아의 빠른 생장을 보였다. 한편 잎 절편체에서는 \\( 2.0 \\mathrm { mg } / \\mathrm { L } \\) 이상의 \\( 2,4- \\mathrm { D } \\)와 BA를 혼합첨가 한 배지에서는 \\( 70 \\% \\) 이상의 높은 캘러스의 형성률을 보였으나, \\( 3.0 \\mathrm { mg/L } \\) 2,4-D에 BA를 혼합한 배지에서 형성된 캘러스는 점차 연한 녹색을 띄며 캘러스의 형성 이후의 증식은 매우 느렸다. NAA를 첨가한 배지에서는 \\( 2,4- \\mathrm { D } \\)를 첨가한 배지보다 캘러스 형성률이 대체적으로 높았으며, NAA와 BA를 혼합처리 한 배지에서는 화뢰와 잎 절편체 모두에서 캘러스 형성에 효과적이었다. 특히, \\( 1.0 \\sim 2.0 \\mathrm { mg/L } \\) NAA와 \\( 1.0 \\mathrm { mg/L } \\) BA 혼합첨가 배지에서는 캘러스의 형성률이 \\( 100 \\% \\)로 가장 높았으며, 캘러스의 증식 또한 매우 왕성하였다. 참깨에서도 하배축과 자엽 절편체로부터 NAA와 BA 혼합첨가 배지에서는 캘러스의 형성이 양호하였으나 2,4-D와 BA 혼합첨가 배지에서는 저조하였다. 또한 지황의 잎 절편체에서도 NAA와 BA 혼합첨가 배지에서 높은 캘러스 유도율을 보였다. 한편 둥근잎꿩의비름과 같은 Sedum속 식물인 꿩의비름에서는 \\( 2.0 \\mathrm { mg } / \\mathrm { L } \\quad 2,4 \\)-D와 \\( 1.0 \\) \\( \\mathrm { mg/L } BA 혼합배지에서 잎의 절편으로부터 \\( 100 \\% \\)의 캘러스가 형성되었으며, 돌나물에서는 \\( 3.0 \\mathrm { mg/L } \\) 2,4-D와 \\( 1.0 \\mathrm { mg } / \\mathrm { L } \\mathrm { BA } \\) 혼합배지에서 가장 높은 캘러스 형성률을 보였다. 오윽신과 사이토카이닌은 절편체의 탈분화 및 분화에 있어 필수적인 요소이며 동일 속이라 할지라도 배양에 이용되는 조직 절편체의 종류 및 첨가되는 식물생장조절제의 농도에 따라 캘러스 형성 양상이 크게 다르다. 이와 같이 같은 Sedum속 식물에서도 식물생장조절제에 대한 캘러스 형성 반응이 다른 것은 식물종에 따라서 내생호르몬의 종류 및 함량의 차이가 있기 때문인 것으로 생각된다.</p>",
                "context_length": 1580,
                "summary": "MS 기본배지에서는 생장조절제가 첨가되지 않아 캘러스가 유도되지 않았고, 2,4-D, NAA, BA 단독처리 배지에서도 캘러스 형성이 일어나지 않았으나 2,4-D와 NAA를 단독처리한 배지에서는 화뢰 절편체에서 부정근의 발생이 보였고, 2,4-D와 BA를 혼합첨가한 배지에서는 화뢰 절편체로부터 캘러스 형성률이 낮고, 잎 절편체에서는 캘러스 형성이 일어나지 않았다.",
                "clue": [
                    {
                        "clue_text": "화뢰와 잎 절편체 모두에서 생장조절제가 첨가되지 않은 MS 기본배지에서는 캘러스가 유도되지 않았고, 2,4-D, NAA, BA의 단독처리 한 배지에서도 캘러스의 형성이 거 의 일어나지 않았다.",
                        "clue_start": "3",
                        "clue_end": "110"
                    },
                    {
                        "clue_text": "오옥신류의 2,4-D와 NAA 를 단독처리 한 배지에서는 화뢰 절편체에서만 캘러스의 분화없이 솜털을 많이 갖는 부정근의 발생이 보였다.",
                        "clue_start": "111",
                        "clue_end": "186"
                    },
                    {
                        "clue_text": "한편 잎 절편체에서는 \\( 2.0 \\mathrm { mg } / \\mathrm { L } \\) 이상의 \\( 2,4- \\mathrm { D } \\)와 BA를 혼합첨가 한 배지에서는 \\( 70 \\% \\) 이상의 높은 캘러스의 형성률을 보였으나, \\( 3.0 \\mathrm { mg/L } \\) 2,4-D에 BA를 혼합한 배지에서 형성된 캘러스는 점차 연한 녹색을 띄며 캘러스의 형성 이후의 증식은 매우 느렸다.",
                        "clue_start": "449",
                        "clue_end": "676"
                    }
                ],
                "terminology": [
                    {
                        "word": "BA"
                    },
                    {
                        "word": "BA의 단독처리"
                    },
                    {
                        "word": "MS 기본배지"
                    },
                    {
                        "word": "NAA"
                    },
                    {
                        "word": "꿩의비름"
                    },
                    {
                        "word": "내생호르몬"
                    },
                    {
                        "word": "단독처리"
                    },
                    {
                        "word": "돌나물"
                    },
                    {
                        "word": "배지"
                    },
                    {
                        "word": "부정근"
                    },
                    {
                        "word": "부정아"
                    },
                    {
                        "word": "사이토카이닌"
                    },
                    {
                        "word": "생장조절제"
                    },
                    {
                        "word": "식물생장조절제"
                    },
                    {
                        "word": "오옥신류"
                    },
                    {
                        "word": "유도율"
                    },
                    {
                        "word": "잎 절편체"
                    },
                    {
                        "word": "자엽"
                    },
                    {
                        "word": "자엽 절편체"
                    },
                    {
                        "word": "절편체"
                    },
                    {
                        "word": "조직 절편체"
                    },
                    {
                        "word": "캘러스"
                    },
                    {
                        "word": "캘러스 유도율"
                    },
                    {
                        "word": "탈분화"
                    },
                    {
                        "word": "형성률"
                    },
                    {
                        "word": "혼합배지"
                    },
                    {
                        "word": "혼합처리"
                    },
                    {
                        "word": "화뢰"
                    },
                    {
                        "word": "화뢰 절편체"
                    }
                ]
            },
            {
                "context_id": "55e-0c9-merge_la_31a7cd33-ae05c9ab-ab0f-41eb-a10b-0467fa890373_04",
                "context_K-NSCC": {
                    "field": "생명",
                    "large_category": "LA",
                    "medium_category": "99"
                },
                "context": "<p>재분화된 신초를 절단하여 2,4-D, NAA, IAA와 BA를 혼합처리 한 MS 배지로 계대하여 뿌리의 유도율을 조사하였다. 발근은 오옥신뷰와 BA를 혼합처리 한 배지에서보다 오옥신류의 단독처리구에서 횔씬 양호하였다. 특히, \\( 1.0 \\mathrm { mg/L } \\) IAA 단독처리구에서 발근률은 \\( 92.4 \\% \\)로 가장 높았다 (Fig. 1G). \\( 1.0 \\mathrm { mg/L } \\) NAA의 단독처리구에서도 \\( 73.3 \\% \\)의 높은 발근률을 보였으나 IAA 단독처리구에서 보다 더 정상적이며 성장이 양호한 뿌리의 분화가 관찰되었다. Yoon (1997)은 NAA와 IAA 단독처리에서 꿩의비름 신초로부터 발근이 양호하며, NAA 보다는 IAA 단독처리구에서 더 정상적인 뿌리 분화를 얻을 수 있었다고 보고하였다.</p> <p>재분화된 식물체는 순화처리를 위해서 생장조절제를 첨가하지 않은 MS 기본배지에 옮겨 2주간 배양하였다(Fig. 1H). 버미큐라이트와 펄라이트를 2 : 1로 혼합한 인공토양으로 이식하여 재분화체의 생존욜을 관찰한 결과 \\( 100 \\% \\)의 생존욜을 나타냈으며, 정상적인 식물체로 생장하였다 (Fig. 1I). 또한 온실에서 토양 순화과정을 거쳐 춘화처리에 의해 정상적인 꽃이 개화하였다 (Fig. 1J).</p> <h1>적 요</h1> <p>둥근잎꿩의비름 (Sedum rotundifolium D. Lee)의 기내 식물체 재분화 체계를 확립하기 위하여, 생장조절물질을 다르게 조합한 MS 배지에 화뢰와 잎 절편체를 치상하여 캘러스 유도와 식물체 재분화에 미치는 영향을 조사하였다. 캘러스 유기는 화뢰절편체에서 보다 잎절편체에서 왕성하게 관찰되었으며, \\( 1.0 \\sim 2.0 \\mathrm { mg/L } \\) NAA와 \\( 1.0 \\mathrm { mg/L } \\) BA의 혼합첨가 배지에서는 캘러스의 형성률이 \\( 100 \\% \\)로 가장 높았으며, 캘러스의 증식도 매우 왕성하였다. 또한, \\( 2.0 \\mathrm { mg/L } 2,4- \\mathrm { D } \\) 에 \\( 1.0 \\mathrm { mg/L }\\) BA를 혼합처리 한 배지에서 유도된 캘러스를 치상하여 8주간 배양하였을 때 가장 많은 신초가 유도되었고, IAA를 단독처리 한 MS 배지에서 보다 더 정상적이며 성장이 양호한 뿌리의 분화가 관찰되었다. 재분화 식물체는 식물생장조절물질이 첨가되지 않은 MS배지로 계대배양하여 생장시킨 후 인공토양의 화분으로 올겨 관찰한 결과 \\( 100 \\% \\)의 생존률을 보이며 정상적으로 생육하여 재분화 식물체를 대량으로 획득하였다.</p>",
                "context_length": 1303,
                "summary": "신초의 기내 식물체 재분화 체계를 확립하기 위하여, 생장조절물질을 다르게 조합한 MS 배지로 캘러스 유도와 식물체 재분화에 미치는 영향을 조사, 캘러스 유기는 화뢰절편체보다 잎절편체에서 왕성하게 관찰되었고 혼합첨가 배지에서는 캘러스의 형성률이가장 높았다. BA를 혼합처리한 배지에서 유도된 캘러스가 가장 많은 신초가 유도되었고 재분화 식물체는 첨가되지 않은 MS배지로 계대배양하여 생장시킨 후 관찰한 결과 정상적으로 생육하여 재분화 식물체를 대량으로 획득하였다.",
                "clue": [
                    {
                        "clue_text": "둥근잎꿩의비름 (Sedum rotundifolium D. Lee)의 기내 식물체 재분화 체계를 확립하기 위하여, 생장조절물질을 다르게 조합한 MS 배지에 화뢰와 잎 절편체를 치상하여 캘러스 유도와 식물체 재분화에 미치는 영향을 조사하였다.",
                        "clue_start": "678",
                        "clue_end": "811"
                    },
                    {
                        "clue_text": "캘러스 유기는 화뢰절편체에서 보다 잎절편체에서 왕성하게 관찰되었으며, \\( 1.0 \\sim 2.0 \\mathrm { mg/L } \\) NAA와 \\( 1.0 \\mathrm { mg/L } \\) BA의 혼합첨가 배지에서는 캘러스의 형성률이 \\( 100 \\% \\)로 가장 높았으며, 캘러스의 증식도 매우 왕성하였다.",
                        "clue_start": "812",
                        "clue_end": "985"
                    },
                    {
                        "clue_text": "또한, \\( 2.0 \\mathrm { mg/L } 2,4- \\mathrm { D } \\) 에 \\( 1.0 \\mathrm { mg/L }\\) BA를 혼합처리 한 배지에서 유도된 캘러스를 치상하여 8주간 배양하였을 때 가장 많은 신초가 유도되었고, IAA를 단독처리 한 MS 배지에서 보다 더 정상적이며 성장이 양호한 뿌리의 분화가 관찰되었다.",
                        "clue_start": "986",
                        "clue_end": "1176"
                    },
                    {
                        "clue_text": "재분화 식물체는 식물생장조절물질이 첨가되지 않은 MS배지로 계대배양하여 생장시킨 후 인공토양의 화분으로 올겨 관찰한 결과 \\( 100 \\% \\)의 생존률을 보이며 정상적으로 생육하여 재분화 식물체를 대량으로 획득하였다.",
                        "clue_start": "1177",
                        "clue_end": "1299"
                    }
                ],
                "terminology": [
                    {
                        "word": "IAA"
                    },
                    {
                        "word": "MS 기본배지"
                    },
                    {
                        "word": "MS 배지"
                    },
                    {
                        "word": "MS배지"
                    },
                    {
                        "word": "NAA"
                    },
                    {
                        "word": "Sedum rotundifolium"
                    },
                    {
                        "word": "Yoon"
                    },
                    {
                        "word": "계대"
                    },
                    {
                        "word": "계대배양"
                    },
                    {
                        "word": "기내 식물체 재분화 체계"
                    },
                    {
                        "word": "꿩의비름"
                    },
                    {
                        "word": "단독처리"
                    },
                    {
                        "word": "단독처리구"
                    },
                    {
                        "word": "둥근잎꿩의비름"
                    },
                    {
                        "word": "발근"
                    },
                    {
                        "word": "발근률"
                    },
                    {
                        "word": "버미큐라이트"
                    },
                    {
                        "word": "생장조절물질"
                    },
                    {
                        "word": "생장조절제"
                    },
                    {
                        "word": "생존욜"
                    },
                    {
                        "word": "순화처리"
                    },
                    {
                        "word": "식물생장조절물질"
                    },
                    {
                        "word": "식물체 재분화"
                    },
                    {
                        "word": "신초"
                    },
                    {
                        "word": "오옥신류"
                    },
                    {
                        "word": "유도율"
                    },
                    {
                        "word": "인공토양"
                    },
                    {
                        "word": "잎절편체"
                    },
                    {
                        "word": "재분화 식물체"
                    },
                    {
                        "word": "재분화체"
                    },
                    {
                        "word": "절편체"
                    },
                    {
                        "word": "증식도"
                    },
                    {
                        "word": "춘화처리"
                    },
                    {
                        "word": "치상"
                    },
                    {
                        "word": "캘러스"
                    },
                    {
                        "word": "캘러스 유기"
                    },
                    {
                        "word": "토양 순화과정"
                    },
                    {
                        "word": "펄라이트"
                    },
                    {
                        "word": "형성률"
                    },
                    {
                        "word": "혼합처리"
                    },
                    {
                        "word": "혼합첨가 배지"
                    },
                    {
                        "word": "화뢰절편체"
                    }
                ]
            },
            {
                "context_id": "55e-0c9-merge_la_31a7cd33-ae05c9ab-ab0f-41eb-a10b-0467fa890373_00",
                "context_K-NSCC": {
                    "field": "생명",
                    "large_category": "LA",
                    "medium_category": "05"
                },
                "context": "<h1>서 론</h1> <p>동근잎꿩의비름 (Sedum rotundifolium D. Lee)은 돌나물과에 속하는 다년생 초본식물로서 경상북도 청송군 주왕산 계곡의 바위틈에만 분포하고 있으며, 동근꿩의비름이라고도 한다. 동근잎꿩의비름의 초장이 \\( 15 \\sim 25 \\mathrm { ~cm } \\) 정도이고 잎은 원형 또는 타원형으로 가장자리가 볼규칙하고 둔한 톱니모양이다. 특히, \\( 7 \\sim 8 \\)월경에 짙은 자홍색의 꽃이 피는데 관상용으로 이용가치가 늪아 화훼작물로서의 개발 가치가 높다. 또한 어린 순은 식용으로 이용되고 있고, 한방에서는 식물 전체를 대하증이나 선혈 등의 약재로 사용하고 있다. 전세계적으로 우리나라에만 자생하고 있는 둥근잎꿩의비름은 관상용과 약재용으로 무분별한 채취와 자생지의 훼손으로 개체수가 감소되어 환경부가 지정한 멸종위기 식물 II급에 속하는 식물로 매우 귀중한 유전자원이다. 그러나 둥근잎꿩의비름은 자연상태에서 개화기가 짧고, 개화 종료 후 지하부는 월동을 위한 휴면아가 생성되고 지상부는 고사하므로 개체의 번식 혹은 대량 재배에 어려움이 많다.</p> <p>자연상태에서 휴면기를 갖는 둥근잎꿩의비름의 안정적인 주년생산체제를 마련하기 위하여, 화아분화와 개화조절에 관한 연구결과가 보고된 바 있다. 장 \\( \\cdot \\)단일식물인 둥근잎꿩의비름은 휴면의 타파에 저온보다 일장조건이 깊이 관여하며 한계일장인 14시간 이상의 일장에서는 화아분화가 일어나고 시간 이하의 일장에서는 화아발달이 된다. 또한 화아는 21일 이상의 장일처리에서만 형성되며 정상적인 생장을 하여 개화가 된다. 그러나 화아분화와 발달 및 개화조절을 통한 둥근잎꿩의비름의 생산은 단시간 내에 안정적으로 대량생산하는데 어려움이 있다.</p> <p>식물의 조직배양은 멸종위기 종 식물의 번식 수단으로 이용이 가능하며 국내에서도 조직배양의 방법을 통하여 몇 종의 희귀종에 대한 현지의 보존을 위한 연구 결과가 발표된 바 있다. 돌나물과 식물에서 조직배양을 통한 연구는 뀡의비름의 잎과 줄기 절편과 돌나물의 옆절편으로부터 식물체 재분화에 관련한 연구 이외에는 전무한 실정이다.</p> <p>따라서, 본 연구는 멸종 위기에 처한 둥근잎꿩의비름의 보존과 증식을 위하여, 기내 식물체 재분화 체계를 확립하고자 캘러스 형성과 식물체 재분화에 미치는 생장조절물질의 영향을 구명하고자 실시하였다.</p> <h1>재료 및 방법</h1> <h2>식물재료</h2> <p>본 실험에 사용한 둥근잎꿩의비름 (Sedum rotundifolium)은 자생지에서 수집하여 공주대학고 온실에서 재배하여 공시하였다. \\( 3 \\sim 5 \\mathrm { ~mm } \\) 정도 자란 발달 초기의 화뢰와 \\( 5 \\sim 7 \\)번째 잎을 채취하여 흐르는 물에 수세한 후, \\( 70 \\% \\) Ethanol에 30초간 표면소독하고 \\( 1 \\% \\) sodium hypoclorite 용액에서 15분간 살균하여 멸균수로 5회 세척하였다.</p>",
                "context_length": 1468,
                "summary": "동근잎꿩의비름은 돌나물과인 다년생 초본식물로 경상북도 청송군 주왕산 계곡의 바위틈에만 분포하며, 동근꿩의비름이라고도 하는데 자연상태에서 개화기가 짧고, 개화된 후 지하부는 월동을 위해 휴면아가 생성되고 지상부는 고사하므로 개체의 번식이나 재배에 어려움이 많았다. 식물의 조직배양은 멸종위기 종 식물의 번식 수단으로 이용이 가능함에 따라, 본 연구는 기내 식물체 재분화 체계를 확립하고자 캘러스 형성과 식물체 재분화에 미치는 생장조절물질의 영향을 규명하고자 실시하였다.",
                "clue": [
                    {
                        "clue_text": "동근잎꿩의비름 (Sedum rotundifolium D. Lee)은 돌나물과에 속하는 다년생 초본식물로서 경상북도 청송군 주왕산 계곡의 바위틈에만 분포하고 있으며, 동근꿩의비름이라고도 한다.",
                        "clue_start": "16",
                        "clue_end": "122"
                    },
                    {
                        "clue_text": "그러나 둥근잎꿩의비름은 자연상태에서 개화기가 짧고, 개화 종료 후 지하부는 월동을 위한 휴면아가 생성되고 지상부는 고사하므로 개체의 번식 혹은 대량 재배에 어려움이 많다.",
                        "clue_start": "460",
                        "clue_end": "555"
                    },
                    {
                        "clue_text": "식물의 조직배양은 멸종위기 종 식물의 번식 수단으로 이용이 가능하며 국내에서도 조직배양의 방법을 통하여 몇 종의 희귀종에 대한 현지의 보존을 위한 연구 결과가 발표된 바 있다.",
                        "clue_start": "873",
                        "clue_end": "971"
                    },
                    {
                        "clue_text": "따라서, 본 연구는 멸종 위기에 처한 둥근잎꿩의비름의 보존과 증식을 위하여, 기내 식물체 재분화 체계를 확립하고자 캘러스 형성과 식물체 재분화에 미치는 생장조절물질의 영향을 구명하고자 실시하였다.",
                        "clue_start": "1062",
                        "clue_end": "1171"
                    }
                ],
                "terminology": [
                    {
                        "word": "Ethanol"
                    },
                    {
                        "word": "sodium"
                    },
                    {
                        "word": "개화"
                    },
                    {
                        "word": "개화조절"
                    },
                    {
                        "word": "구명"
                    },
                    {
                        "word": "기내 식물체 재분화 체계"
                    },
                    {
                        "word": "뀡의비름"
                    },
                    {
                        "word": "다년생 초본식물"
                    },
                    {
                        "word": "돌나물"
                    },
                    {
                        "word": "돌나물과"
                    },
                    {
                        "word": "동근잎꿩의비름"
                    },
                    {
                        "word": "둥근잎꿩의비름"
                    },
                    {
                        "word": "멸균수"
                    },
                    {
                        "word": "발달"
                    },
                    {
                        "word": "생장"
                    },
                    {
                        "word": "생장조절물질"
                    },
                    {
                        "word": "식물 II급"
                    },
                    {
                        "word": "월동"
                    },
                    {
                        "word": "유전자원"
                    },
                    {
                        "word": "일장"
                    },
                    {
                        "word": "자생지"
                    },
                    {
                        "word": "자연상태"
                    },
                    {
                        "word": "장일처리"
                    },
                    {
                        "word": "조직배양"
                    },
                    {
                        "word": "주년생산체제"
                    },
                    {
                        "word": "증식"
                    },
                    {
                        "word": "초장"
                    },
                    {
                        "word": "캘러스"
                    },
                    {
                        "word": "타파"
                    },
                    {
                        "word": "표면소독"
                    },
                    {
                        "word": "화아"
                    },
                    {
                        "word": "화아발달"
                    },
                    {
                        "word": "화아분화"
                    },
                    {
                        "word": "휴면아"
                    },
                    {
                        "word": "희귀종"
                    }
                ]
            },
            {
                "context_id": "55e-0c9-merge_la_31a7cd33-ae05c9ab-ab0f-41eb-a10b-0467fa890373_03",
                "context_K-NSCC": {
                    "field": "생명",
                    "large_category": "LA",
                    "medium_category": "99"
                },
                "context": "<h2>식물체 재분화에 미치는 생장조절물질의 영향</h2> <p>둥근잎뀡의비름의 재분화체를 획득하기 위하여 화뢰와 잎 절편체로부터 유도된 캘러스와 부정아를 2,4-D, NAA, IAA를 BA와 혼합처리 한 14종의 MS 배지에 치상하여 신초와 뿌리의 형성률을 조사하였다. 부정아가 형성되지 않은 캘러스를 생장호르몬이 첨가되지 않은 MS 배지로 계대배양 하였을 때에는 더 이상의 캘러스 생장이나 신초의 유도가 나타나지 않았으며 갈변 현상을 보였다 (Table 2). 식물생장호르몬의 단독처리구에서는 신초의 형성이 퐌찰되지 않았으나, 2,4-D, NAA, IAA의 오옥신류에 BA를 혼합처리 한 경우에는 신초의 형성이 관찰되었다. 특히, \\( 2.0 \\mathrm { mg/L } \\) 2,4-D에 \\( 1.0 \\mathrm { mg/L } \\) BA를 혼합처리 한 배지에서 8주간 배양하였을 때 가장 많은 신초가 유도되었으며 (Fig. 1D), \\( 1.0 \\mathrm { mg } / \\mathrm { L } \\) NAA와 \\( 1.0 \\mathrm { mg/L } \\) BA 혼합배지에서는 캘러스가 갈변되면서 신초가 유도되었다(Fig. 1E). NAA를 단독처리 한 배지로 계대한 캘러스에서는 가늘고 흰 부정근만 배양 2주 후부터 관찰되었으며(Fig. 1F), 신초는 유도되지 않았다. IAA 단독처리구에서는 캘러스가 녹색에서 노란색으로 변하고, 신초의 형성이 관찰되지 않았다. 2,4-D와 BA의 혼합처리구에서는 신초의 형성과 동시에 부정근의 유도가 관찰되었으며 (Fig. 1D), 이때 유도된 부정근은 정상적인 뿌리로 발달되었다. \\( \\mathrm { Kim } \\) 등 (2007)은 섬시호에서도 캘러스를 통한 신초의 재분화가 \\( 2.0 \\mathrm { mg } / \\mathrm { L } \\) 2,4-D와 \\( 1.0 \\mathrm { mg/L } \\) BA의 혼합배지에서 가장 높았고, 절편제당 재분화된 신초수도 가장 많았다고 보고하였다. 그러나 같은 돌나물과에 속하는 꿩의비름에서는 2,4-D와 BA 혼합배지에서 부정근이 유도되었으며, NAA와 BA 혼합배지에서 부정아의 형성이 왕성하였다. 식물의 조직배양을 틍한 재분화의 효욜은 주로 배지에 첨가된 식물생장조절제와 식물체 자체에 함유하고 있는 내생 물질의 조성 및 균형, 절편체의 분화능, 식물종의 genotype에 의해 결정되며 이들은 같은 속 혹은 동일 종에서도 품종에 따라 상당한 차이를 보인다. 본 연구결과에서 둥근잎꿩의비름으로부터 유도된 캘러스에서 신초의 재분화 효욜을 높이는 데 오옥신류보다 사이토카이넌류의 BA가 보다 더 결정적인 역할을 하는 것으로 보인다. Kang 등(1998)은 플라디을러스 캘러스로부터 신초가 재분화 될때 오옥신의 종류에 상관없이 외생 사이토카이닌이 요구되나 고농도를 푈요로 하지 않는다고 하였으며, 사이토카이닌류 중에서도 BA가 신초 분화에 가장 효과적이라고 보고하였다.</p>",
                "context_length": 1449,
                "summary": "둥근잎뀡의비름 재분화체를 획득하기 위해 2,4-D, NAA, IAA 및 BA를 MS 배지에 치상하여 신초와 뿌리의 형성률을 조사한 결과 2,4-D와 BA 혼합배지에서 신초의 형성과 동시에 부정근의 유도가 관찰되었다. NAA와 BA 혼합배지에서는 부정아의 형성이 왕성하고, IAA 단독처리구에서는 신초의 형성이 관찰되지 않았다. 이러한 결과로 나타난 것으로는 식물생장조절제인 사이토카이닌류 중 BA가 신초 분화에 가장 효과적이라는 것이다.",
                "clue": [
                    {
                        "clue_text": "둥근잎뀡의비름의 재분화체를 획득하기 위하여 화뢰와 잎 절편체로부터 유도된 캘러스와 부정아를 2,4-D, NAA, IAA를 BA와 혼합처리 한 14종의 MS 배지에 치상하여 신초와 뿌리의 형성률을 조사하였다.",
                        "clue_start": "36",
                        "clue_end": "151"
                    },
                    {
                        "clue_text": "식물생장호르몬의 단독처리구에서는 신초의 형성이 퐌찰되지 않았으나, 2,4-D, NAA, IAA의 오옥신류에 BA를 혼합처리 한 경우에는 신초의 형성이 관찰되었다.",
                        "clue_start": "260",
                        "clue_end": "350"
                    },
                    {
                        "clue_text": "그러나 같은 돌나물과에 속하는 꿩의비름에서는 2,4-D와 BA 혼합배지에서 부정근이 유도되었으며, NAA와 BA 혼합배지에서 부정아의 형성이 왕성하였다.",
                        "clue_start": "985",
                        "clue_end": "1070"
                    },
                    {
                        "clue_text": "Kang 등(1998)은 플라디을러스 캘러스로부터 신초가 재분화 될때 오옥신의 종류에 상관없이 외생 사이토카이닌이 요구되나 고농도를 푈요로 하지 않는다고 하였으며, 사이토카이닌류 중에서도 BA가 신초 분화에 가장 효과적이라고 보고하였다.",
                        "clue_start": "1313",
                        "clue_end": "1445"
                    }
                ],
                "terminology": [
                    {
                        "word": "1D"
                    },
                    {
                        "word": "BA"
                    },
                    {
                        "word": "IAA"
                    },
                    {
                        "word": "MS 배지"
                    },
                    {
                        "word": "NAA"
                    },
                    {
                        "word": "genotype"
                    },
                    {
                        "word": "갈변"
                    },
                    {
                        "word": "계대"
                    },
                    {
                        "word": "계대배양"
                    },
                    {
                        "word": "꿩의비름"
                    },
                    {
                        "word": "내생 물질"
                    },
                    {
                        "word": "단독처리"
                    },
                    {
                        "word": "단독처리구"
                    },
                    {
                        "word": "돌나물과"
                    },
                    {
                        "word": "둥근잎꿩의비름"
                    },
                    {
                        "word": "발달"
                    },
                    {
                        "word": "배양"
                    },
                    {
                        "word": "부정근"
                    },
                    {
                        "word": "부정아"
                    },
                    {
                        "word": "분화능"
                    },
                    {
                        "word": "사이토카이닌"
                    },
                    {
                        "word": "생장조절물질"
                    },
                    {
                        "word": "생장호르몬"
                    },
                    {
                        "word": "식물생장호르몬"
                    },
                    {
                        "word": "식물체 재분화"
                    },
                    {
                        "word": "신초"
                    },
                    {
                        "word": "오옥신"
                    },
                    {
                        "word": "오옥신류"
                    },
                    {
                        "word": "잎 절편체"
                    },
                    {
                        "word": "재분화"
                    },
                    {
                        "word": "재분화체"
                    },
                    {
                        "word": "절편체"
                    },
                    {
                        "word": "조직배양"
                    },
                    {
                        "word": "치상"
                    },
                    {
                        "word": "캘러스"
                    },
                    {
                        "word": "캘러스 생장"
                    },
                    {
                        "word": "형성률"
                    },
                    {
                        "word": "혼합배지"
                    },
                    {
                        "word": "혼합처리"
                    },
                    {
                        "word": "혼합처리구"
                    }
                ]
            },
            {
                "context_id": "55e-0c9-merge_la_31a7cd33-ae05c9ab-ab0f-41eb-a10b-0467fa890373_01",
                "context_K-NSCC": {
                    "field": "생명",
                    "large_category": "LA",
                    "medium_category": "99"
                },
                "context": "<h2>캘러스 유도</h2> <p>생장조절제의 종류에 따른 캘러스 형성을 조사하기 위하여, MS 기본배지에 오옥신류의 \\( 1.0,2.0,3.0 \\mathrm { mg/L } \\) 2,4-D와 1.0, \\( 2.0 \\mathrm { mg/L } \\) NAA, 그리고 사이토카이넌류인 \\( 0.1,1.0 \\mathrm { mg/L } \\) BA의 단독처리와 이들 농도의 2,4-D와 NAA를 BA와 흔합처리한 18종의 배지를 이용하였다. 화뢰는 세로로 2등분하여 절단면이 배지에 닿도록 접종하였고, 잎은 \\( 5 \\times 5 \\mathrm { ~mm } \\) 크기로 잘라 앞면이 위쪽이 되도록 접종하였다. 배양조건은 \\( 25 \\pm 2 ^ {\\circ } \\mathrm { C } \\) 에 서 50 \\( \\mu \\mathrm { mol } \\cdot 1 \\mathrm { ~m } ^ { -2 } \\cdot \\sec ^ { -1 } \\) 광도 (16시간 광주기)로 조절되는 배양실에서 배양하였다. 캘러스의 유도율은 절편을 각 배지에 접종하고 4주 후에 캘러스가 유도된 화뢰와 잎의 수를 조사하여 전체 치상 수에 대한 백분율로 나타내었다.</p> <h2>식물체 재분화</h2> <p>유도된 캘러스를 MS 기본고체배지에 \\( 1.0,2.0 \\mathrm { mg } / \\mathrm { L } \\) \\( 2,4- \\mathrm { D } , 1.0,2.0 \\mathrm { mg } / \\mathrm { L } \\mathrm { ~NAA } , 1.0,2.0 \\mathrm { mg } / \\mathrm { L } \\) LAA, \\( 1.0 \\mathrm { mg } / \\mathrm { L } \\) BA 의 단독처리와 이들의 혼합처리 한 10종의 배지를 조제하여 각 절편 유래 캘러스의 증식 및 재분화 식물체를 유도하였다. 4주 간격으로 계대배양하면서 각 배지에서 8주간 배양한 후에 캘러스로부터 유도된 신초와 뿌리 수를 조사하였다. 배양조건은 \\( 25 \\pm 2 ^ {\\circ } \\mathrm { C } \\)에서 \\( 50 \\mu \\mathrm { mol } \\cdot \\mathrm { m } ^ { -2 } \\). \\( \\sec ^ { -1 } \\) 광도 (16시간 광주기)로 조절되는 배양실에서 배양하였다. 재분화된 식물체는 생장조절제를 첨가하지 않은 MS 기본배지에 읆겨 배양 후 버미큐라이트와 펄라이트를 2 : 1로 혼합한 인공배양토로 채운 화분에 이식하였다.</p> <h1>결과 및 고찰</h1> <h2>캘러스 형성에 미치는 생장조절물질의 영향</h2> <p>등근잎꿩의비름 (Sedum rotundifolium)의 캘러스 형성에 미치는 생장조절물질의 영향을 구명하기 위하여, 화뢰와 잎 절편체를 2,4-D와 NAA를 BA와 혼합조제 한 MS 배지에 치상하여 캘러스 분화양상을 조사한 결과, 걸편체에 따라서 캘러스의 분화시기에 차이를 보였다. 화뢰 절편체는 배양 1주일 후부터 화경을 비롯하여 화뢰 전체가 팽대해지기 시작하여 2주일 후에는 짙은 녹색의 축촉하고 부드러윤운 캘러스가 형성되었으나(Fig. 1A), 잎 절편체의 경우에는 치상된 절편체의 절단면이 배양 10일 후부터 팽대되기 시작하여 30 일경에는 잎 절편체의 절단면으로부터 부스러지기 쉬운 캘러스롤 형성하였다 (Fig. 1B). 또한 잎 절편체의 경우 화뢰 절편체에 비하여 전체적으로 캘러스의 유도율이 높았다. 참시호의 경우에서도 잎과 화뢰의 유조직에서 캘러스의 유도가 잘 되었으나, 유엽에서 \\( 65 \\% \\)로 화뢰의 \\( 44 \\% \\)보다 양호하였다.</p>",
                "context_length": 1764,
                "summary": "생장조절제 종류에 따른 캘러스 형성을 조사하기 위해 MS 기본배지에 다양한 조합의 오옥신류, 2,4-D, NAA, 및 BA를 사용하여 배지를 조제하였다. 배양은 일정한 온도와 광도 조건에서 이루어졌으며, 이후 8주 동안 배양한 캘러스에서 신초와 뿌리의 성장을 조사하였다. 또한, 등근잎꿩의비름에 대해 2,4-D와 NAA를 BA와 혼합한 배지에서 화뢰와 잎 절편체를 이용하여 캘러스 분화양상을 조사한 결과, 걸편체에 따라 캘러스의 분화 시기에 차이가 있음을 확인하였다.",
                "clue": [
                    {
                        "clue_text": "생장조절제의 종류에 따른 캘러스 형성을 조사하기 위하여, MS 기본배지에 오옥신류의 \\( 1.0,2.0,3.0 \\mathrm { mg/L } \\) 2,4-D와 1.0, \\( 2.0 \\mathrm { mg/L } \\) NAA, 그리고 사이토카이넌류인 \\( 0.1,1.0 \\mathrm { mg/L } \\) BA의 단독처리와 이들 농도의 2,4-D와 NAA를 BA와 흔합처리한 18종의 배지를 이용하였다.",
                        "clue_start": "19",
                        "clue_end": "243"
                    },
                    {
                        "clue_text": "배양조건은 \\( 25 \\pm 2 ^ {\\circ } \\mathrm { C } \\) 에 서 50 \\( \\mu \\mathrm { mol } \\cdot 1 \\mathrm { ~m } ^ { -2 } \\cdot \\sec ^ { -1 } \\) 광도 (16시간 광주기)로 조절되는 배양실에서 배양하였다.",
                        "clue_start": "340",
                        "clue_end": "503"
                    },
                    {
                        "clue_text": "유도된 캘러스를 MS 기본고체배지에 \\( 1.0,2.0 \\mathrm { mg } / \\mathrm { L } \\) \\( 2,4- \\mathrm { D } , 1.0,2.0 \\mathrm { mg } / \\mathrm { L } \\mathrm { ~NAA } , 1.0,2.0 \\mathrm { mg } / \\mathrm { L } \\) LAA, \\( 1.0 \\mathrm { mg } / \\mathrm { L } \\) BA 의 단독처리와 이들의 혼합처리 한 10종의 배지를 조제하여 각 절편 유래 캘러스의 증식 및 재분화 식물체를 유도하였다.",
                        "clue_start": "607",
                        "clue_end": "911"
                    },
                    {
                        "clue_text": "4주 간격으로 계대배양하면서 각 배지에서 8주간 배양한 후에 캘러스로부터 유도된 신초와 뿌리 수를 조사하였다.",
                        "clue_start": "912",
                        "clue_end": "973"
                    },
                    {
                        "clue_text": "등근잎꿩의비름 (Sedum rotundifolium)의 캘러스 형성에 미치는 생장조절물질의 영향을 구명하기 위하여, 화뢰와 잎 절편체를 2,4-D와 NAA를 BA와 혼합조제 한 MS 배지에 치상하여 캘러스 분화양상을 조사한 결과, 걸편체에 따라서 캘러스의 분화시기에 차이를 보였다.",
                        "clue_start": "1278",
                        "clue_end": "1435"
                    }
                ],
                "terminology": [
                    {
                        "word": "BA"
                    },
                    {
                        "word": "MS 기본배지"
                    },
                    {
                        "word": "MS 배지"
                    },
                    {
                        "word": "NAA"
                    },
                    {
                        "word": "광주기"
                    },
                    {
                        "word": "배양"
                    },
                    {
                        "word": "배양조건"
                    },
                    {
                        "word": "백분율"
                    },
                    {
                        "word": "생장조절물질"
                    },
                    {
                        "word": "생장조절제"
                    },
                    {
                        "word": "식물체 재분화"
                    },
                    {
                        "word": "오옥신류"
                    },
                    {
                        "word": "유도율"
                    },
                    {
                        "word": "유엽"
                    },
                    {
                        "word": "유조직"
                    },
                    {
                        "word": "인공배양토"
                    },
                    {
                        "word": "잎 절편체"
                    },
                    {
                        "word": "재분화 식물체"
                    },
                    {
                        "word": "접종"
                    },
                    {
                        "word": "증식"
                    },
                    {
                        "word": "치상"
                    },
                    {
                        "word": "캘러스 유도"
                    },
                    {
                        "word": "펄라이트"
                    },
                    {
                        "word": "혼합처리"
                    },
                    {
                        "word": "화뢰 절편체"
                    }
                ]
            }
        ]
    }
}