{
    "dataset_info": {
        "identifier": "02-031-002-NL",
        "name": "기술과학 문서 요약 데이터",
        "category": "자연어",
        "last_updated": "2023-08-30"
    },
    "dataset": {
        "doc_id": "31a7cd33-2557f782-0167-4ce9-8031-026fbcc094ec",
        "doc_type": "논문",
        "doc_title": {
            "kor": "LMO법에 따른 연구시설의 운영 및 시험연구용 LMO의 관리",
            "eng": ""
        },
        "doc_category": {
            "KDC": "481.1705",
            "DDC": ""
        },
        "doc_number": {
            "ISSN": "1229-2818",
            "ISBN": "",
            "DOI": "",
            "UCI": ""
        },
        "doc_year": "2008",
        "doc_author": [
            "장호민"
        ],
        "doc_publisher": "한국식물생명공학회",
        "doc_license": "CC BY-NC",
        "context_info": [
            {
                "context_id": "55e-0c9-940c0e35-a9c1-4677-aa3a-a6c027fb61b0",
                "context_K-NSCC": {
                    "field": "생명",
                    "large_category": "LA",
                    "medium_category": "02"
                },
                "context": "<h2>시험·연구용 LMO 수입 신고·승인 및 수출통보</h2> <p>앞에서 LMO를 시험·연구하기 위한 연구시설을 신청하는 절차를 살펴봤다면 이제는 시험·연구에 사용되는 LMO를 수출입하는 절차를 살펴보고자 한다. 시험·연구를 위해 수입되는 LMO는 먼저 수입승인품목인지 아닌지를 확인한 후 만약 수입승인품목이라면 질병관리본부에 승인 신청을 해야 하며 수입승인품목이 아니라면 과학기술부 또는 관계 중앙행정기관에 신고를 해야만 한다. 수입승인품목에는 1) 종명이 명시되지 않고 인체병원성 여부가 밝혀지지 않은 미생물, 2) 통합고시 별표 3-1에 해당하는 단백성 독소 (LD50>\\( 100 \\mathrm{ng} \\) )를 생산하는 경우, 3) 자연적으로 발생하지 않는 경우로 생물체에 약제내성 유전자를 의도적으로 전달하도록 하는 경우 (통합고시 별표 3-2 경우는 제외), 4) 국민보건상 국가관리가 필요한 병원성미생물 (해당병원성 미생물은 전염병예방법 시행규칙 별표1을 참조) 등이 해당된다.</p> <p>수입승인품목을 제외한 모든 LMO의 수입을 위해서는 과학기술부에 수입신고서와 구비서류를 직접 방문하거나 우편으로 제출해야 하며 수수료는 없고 총 30일 이내에 접수 처리가 된다. 수입승인품목이 아닌 LMO 중에서 박람회-전시회에 출품하기 위해 수입하는 경우에는 용도별로 관계중앙행정기관의 장에게 수입 신고를 해야 한다. 한편, 수입승인품목에 해당하는 경우에는 질병관리본부를 직접 방문하거나 우편으로 수입신고서와 구비서류를 제출하여야 하며, 이때 수수료는 2만원, 접수처리기간은 총 270일 이내이다. 만약 신고를 하지 않고 LMO를 수입하다가 적발될 경우에는 법 제 41 조 제 5 항에 따라 2년 이하의 징역 또는 3천만원 이하의 벌금에 처하기 때문에 반드시 LMO 수입 신고·승인 절차를 따라야 한다.</p> <p>시험·연구용 LMO의 수입 신고·승인을 위해서 필요한 구비서류는 Table 4와 같다.</p> <p>한편, 현재 LMO법 하에서의 시험·연구용 LMO를 포함한 모든 LMO 수출에 대해서는 수출 시 산업자원부장관에서 수출통보를 하도록 명시되어 있다. 따라서 수출자는 LMO법 제 20조에 의거하여 산업자원부장관에게 품목, 수량, 수출국가 및 의정서 부속서 II에 관한 정보를 통보해야 하고 만약 환경방출로 사용되는 LMO인 경우에는 의정서 부속서 II 대신 의정서 부속서 I에 해당하는 정보를 통보해야 한다. 하지만 시험·연구용의 경우, 국내에서 연구개발 중인 LMO의 성능테스트나 연구시료의 교환과 같은 순수 연구목적의 LMO 를 외국기관으로 보냈다가 다시 받고자 하는 비상업적 거래 가 빈번한 것으로 보이는데, 이 같은 경우에도 역시 일반적 인 판매목적의 LMO와 같은 규제관리 대상이 된다. LMO법 상으로는 시험·연구용 LMO의 국가간 이동에 대한 차별적 조항이 없어 추가적으로 보완될 필요성이 있을 것으로 보이며, 현재로서는 위에서 기술한 수출통보 형식을 따르면 될 것이다. 다만 상대국이 바이오안전성의정서 당사국인지 비 당사국인지에 따라 절차 내지 서식이 다를 수 있음으로 상대국의 관련규정을 참고해야 한다.</p> <h2>LMO 개발·실험 승인</h2> <p>기본적으로 연구시설의 설치·운영에 대해서 신고를 했거나 허가를 받은 연구실의 경우 LMO 를 개발·실험할 수 있으나 Table 5 와 같은 경우에는 관계중앙행정기관의 승인을 받아야 한다.</p> <p>먼저, 수입승인품목에 해당하는LMO를 개발.실험하는 경우에는 질병관리본부장에게 승인신청을 하여 승인을 받아야 하며, 포장시험 등 환경방출과 관련된 LMO를 개발 실험하는 경우에는 용도에 맞게 과학기술부장관이나 관계중앙행정기관장 또는 위임기관의 장의 승인을 받아야 한다. 또한, 바이오 안전성위원회의 심의를 거쳐 위해 가능성이 크다고 인정되어 산업자원부장관이 고시한 경우에 해당하는 LMO의 개발-실험은 용도별로 관계중앙행정기관의 장에게 승인신청서를 제출하여 승인을 받아야 한다.</p> <p>승인을 받기 위해서는 해당 기관을 방문하거나 우편을 통해 승인신청서를 제출할 수 있으며 총 60일 이내에 접수처리가 완료되며 이를 위해 필요한 수수료는 없다. 만약 승인을 받지 않고 개발·실험을 하다가 적발된 자는 법 제 40조 제4항에 따라 3년 이하의 징역 또는 5천만원 이하의 벌금에 처하게 됨으로 많은 주의가 필요하다 하겠다.</p> <h2>표시 및 취급관리</h2> <p>시험·연구용 \\( \\mathrm{LMO} \\) 를 수입하는 자는 당해 시험·연구용 LMO의 용기나 포장에 (1) LMO의 명칭·종류-용도 및 특성, (2) LMO의 안전한 취급을 위한 주의사항, (3) LMO의 수출자 및 수입자의 성명·주소 및 전화번호, (4) LMO에 해당하는 사실, (5) 환경방출로 사용되는 LMO 해당여부 등을 꼭 표시하도록 되어 있다. 이를 나타내기 위해서는 LMO와 관련된 표시사항이 가려지지 않도록 용기나 포장에 직접 인쇄 하거나 인쇄된 라벨지 등을 부착하여야 하며, 다중 포장일 경우에는 각각의 용기나 포장에 모두 표시를 해야 한다. 또한 표시는 기본적으로 한글을 사용해야 하나 필요 시 영어 또는 특성 표식을 혼용병기하여 표시할 수 있다.</p> <p>시험·연구용 LMO를 이동시킬 때에는 외부로 유출되지 않도록 밀폐하고 용기 또는 포장이 파손되지 않도록 운송하여야 하며, LMO의 특성이 유지될 수 있는 보관시설 및 장비를 확보하고 적합한 방법으로 보관하며, 취급-관리자 또는 책임자를 지정하여 안전하게 관리하여야 한다. 또한, LMO의 운반 및 관리대장을 작성하고 보관 LMO 취급관리 설비를 적정하게 유지·관리하여야 하며, 이동 및 취급 시 주의사항을 준수하고 만약 폐기하는 경우에는 LMO를 불활성화시키거나 멸균처리를 하여야 한다.</p>",
                "context_length": 2826,
                "summary": "LMO 수출입에 관한 절차에 대해 알아보자. 수입승인품목인 경우에는 질병관리본부에 승인 신청을 해야 하고, 그 외의 LMO는 과학기술부에 신고해야 한다. 수입신고서와 구비서류는 직접 방문하거나 우편으로 제출하며, 수입승인품목은 수입신고서와 함께 질병관리본부에 제출해야 한다. 수입승인품목을 제외한 LMO는 과학기술부에 신고하면 되며, 수입신고는 방문이나 우편으로 이루어지고 접수처리 기간은 30일 이내이다. 수입승인품목인 경우에는 수입신고서와 구비서류를 질병관리본부에 제출하며, 접수처리기간은 270일 이내이다. LMO의 이동 시에는 외부로 유출되지 않도록 보관시설을 확보하고 운반할 때에는 밀폐하고 파손되지 않도록 주의해야 한다. 또한, 적합한 방법으로 보관하고 취급-관리자를 지정하여 안전하게 관리해야 한다.",
                "clue": [
                    {
                        "clue_text": "앞에서 LMO를 시험·연구하기 위한 연구시설을 신청하는 절차를 살펴봤다면 이제는 시험·연구에 사용되는 LMO를 수출입하는 절차를 살펴보고자 한다.",
                        "clue_start": "39",
                        "clue_end": "120"
                    },
                    {
                        "clue_text": "수입승인품목을 제외한 모든 LMO의 수입을 위해서는 과학기술부에 수입신고서와 구비서류를 직접 방문하거나 우편으로 제출해야 하며 수수료는 없고 총 30일 이내에 접수 처리가 된다.",
                        "clue_start": "509",
                        "clue_end": "608"
                    },
                    {
                        "clue_text": "한편, 수입승인품목에 해당하는 경우에는 질병관리본부를 직접 방문하거나 우편으로 수입신고서와 구비서류를 제출하여야 하며, 이때 수수료는 2만원, 접수처리기간은 총 270일 이내이다.",
                        "clue_start": "688",
                        "clue_end": "788"
                    },
                    {
                        "clue_text": "시험·연구용 LMO의 수입 신고·승인을 위해서 필요한 구비서류는 Table 4와 같다.",
                        "clue_start": "911",
                        "clue_end": "959"
                    },
                    {
                        "clue_text": "시험·연구용 LMO를 이동시킬 때에는 외부로 유출되지 않도록 밀폐하고 용기 또는 포장이 파손되지 않도록 운송하여야 하며, LMO의 특성이 유지될 수 있는 보관시설 및 장비를 확보하고 적합한 방법으로 보관하며, 취급-관리자 또는 책임자를 지정하여 안전하게 관리하여야 한다.",
                        "clue_start": "2550",
                        "clue_end": "2701"
                    }
                ],
                "terminology": [
                    {
                        "word": "LMO"
                    },
                    {
                        "word": "LMO법"
                    },
                    {
                        "word": "관계중앙행정기관"
                    },
                    {
                        "word": "단백성 독소"
                    },
                    {
                        "word": "미생물"
                    },
                    {
                        "word": "바이오안전성의정서"
                    },
                    {
                        "word": "병원성미생물"
                    },
                    {
                        "word": "시험·연구용 LMO"
                    },
                    {
                        "word": "약제내성 유전자"
                    },
                    {
                        "word": "의정서"
                    },
                    {
                        "word": "징역"
                    },
                    {
                        "word": "포장시험"
                    },
                    {
                        "word": "환경방출"
                    }
                ]
            },
            {
                "context_id": "55e-0c9-fd194bb1-21ab-40ff-9ebd-18007fed46fe",
                "context_K-NSCC": {
                    "field": "생명",
                    "large_category": "LA",
                    "medium_category": "02"
                },
                "context": "<h1>서 론</h1> <p>유전자 수준에서 생물체를 분석하고 연구하는 현대생명 공학은 1857년 멘델의 완두콩 실험을 계기로 유전현상의 존재가 제기된 이래, 1953년 James Watson과 Francis Crick에 의하여 유전현상이 DNA에 의해 전달된다는 것이 구조적으로 확립되면서 그 기초가 마련되었다고 볼 수 있을 것이다. 이후 1974년 유전자 재조합 DNA 분자를 작성한 Paul Berg, 그리고 1973년 대장균을 이용하여 유전자재조합 기술을 확립한 Stanley Cohen와 Herbert Boyer에 의해 특정 유전자의 발현과 제어가 입증되었으며, 이를 바탕으로 유전자변형생물체 (LMO, Living Modified Organism)의 출현이 가능하게 되었다. 유전자변형생물체는 현대생명공학기술에 의하여 새롭게 조합된 유전물질을 갖게 된다는 점에서 그 이전의 자연적 생물공학기술적 방법에 의한 산물과는 구분된다. 이에 따라 유전자변형생물체는 그 무한한 가능성과 더불어 많은 사람들의 인식 혹은 가치관에 혼돈을 가져오고 있기도 하다.</p> <p>사실, 유전자변형생물체는 새롭게 포함된 유전물질이 발휘하는 다양한 기능을 기반으로 식량문제, 환경문제, 에너지·자원문제, 의료문제 등의 세계적 난문제를 해결하는 수단으로 각광을 받아 가고 있다. 유전자변형생물체는 콩, 목 화 등과 같은 유전자변형작물뿐만 아니라 유전자변형나무· 동물·어류·미생물 등의 형태로 매우 다양하다. 유전자변형 작물은 2007년말 현재 전세계 23개국에서 총 1억 1430만 ha 에 달하는 어마어마한 면적으로 재배되고 있으며 이 중 콩이 유전자변형 작물 재배면적의 약 \\( 57 \\% \\) 에 해당하는 5,860만\\( \\mathrm{ha} \\)를 점하고 있고 그 뒤를 옥수수, 면화, 유채 등이 차지하고 있다. 유전자변형작물은 식품, 사료 등 일차적인 용도 이외에 에너지 분야에서 크게 쓰임새가 있음은 주지되어 있기도 하다. 작물의 유지 함량과 구성 성분을 변화시키거나 목질계 원료로부터 당류를 쉽게 추출하기 위해, 그리고 추출된 당류의 효율적인 발효를 위해 유전자변형생물체를 이용하고 있다. 또한 유전자변형생물체는 이미 바이오 의약분야에서 연구개발 혹은 산업화 응용단계에서 가장 활발하게 이용되고 있으며, 이를 포함하면 바이오산업의 약 \\( 70 \\% \\) 이상에서 유전자변형생물체가 직간접적으로 이용되고 있다. 이로써 바이오산업의 발전은 유전자변형생물체의 개발과 응용에 크게 의존한다고 볼 수 있다.</p> <p>그러나 유전자변형생물체는 다양한 분야에서 막대하게 잠재해 있는 편익에도 불구하고 유전자변형생물체의 안전성에 대한 불신이 개발초기부터 지속적으로 제기되어 왔다. 유전자변형생물체가 본격적으로 상업화되어 가고 있는 현재에도 일반소비자들로부터 상당한 우려의 대상이 되고 있는 것도 사실이다.</p> <p>유전자변형생물체가 지니는 잠재력을 캐기 위한 개발노력과 그에 대한 경계심의 충돌은 생명공학기술개발의 역사와 궤를 같이한다 할 수 있을 것이다. 결국 세계사회는 그 상충되는 두 개의 가치가 인류발전을 위하여 합리적으로 조화될 수 있는 장치를 마련할 수 있는 계기를 마련하게 되었으며, 바로 지속 가능한 인류사회의 발전을 기본으로 하고 있는 “생물다양성협약 (CBD, Convention on Biological Diversity, 1993년)\"이 그것이다. 생물다양성협약은 제 8조, 제 19조 등 관련 조항을 통하여 생명공학기술을 안전하게 이용하기 위한 장치의 마련을 규정함으로써 오늘의 \"바이오 안전성의정서 (Cartagena Protocol on Biosafety)\"가 만들어진 직접적인 계기이자 근거를 제공하였다. 따라서 동 의정서는 생물다양성협약 부속의정서로서 제정되었으며2000년 1 월 작성·채택 되었다. 이후 팔라우가 50번째로 비준한 후 90일 뒤인 2003년 9월 발효되었으며 현재는 142개국이 참여하고 있다. 바이오 안전성의정서는 잠재적 위해 가능성을 가진 유전자 변형생물체의 이동·취급·활용에 대한 안전성을 확보하고 국가간 이동시 적절한 보호수단을 강구함으로써 인체 건강을 유지하고 생물다양성을 유지·보존하는 것을 그 목적으로 삼고 있다. 우리나라는 2000년 의정서 서명을 거쳐 2007년 10월 1일, 142번째 국가로 비준서를 기탁하였으며 이에 따라 바이오 안전성의정서는 그로부터 90일이 지난 2008년 1월 1일부터 국내효력을 발휘하게 되었다.</p> <p>바이오 안전성의정서는 강제력이 있는 국제조약으로서의 성격을 지니므로 비준국은 국제적 의무를 지게 된다. 이에 따라 우리나라는 바이오 안전성의정서의 국내이행을 위하여 유전자변형생물체의 개발·생산·수입·수출·유통 등에 있어서 안전성 확보를 위해 필요한 사항을 규정한 \"유전자 변형생물체의 국가간 이동 등에 관한 법률\" (이하 LMO법)을 2001년 3월 제정 및 공포하였다. 또한 2005년 시행령, 2006년 시행규칙, 2007년 12월 통합고시를 확정짓는 등 LMO법의 원활한 이행을 위한 준비를 해 왔다. 동 법의 발효는 바이오 안전성의정서가 국내에 발효되는 시기와 동일하다.</p> <p>LMO법과 부속법률들은 유전자변형생물체의 수입과 수출 등 바이오 안전성의정의 이행관련 사항 이외에 국내생산, 안전관리 등 기본적 국내관리사항을 포함시키고 있다. 또한 유전자변형생물체의 정보보호, LMO법 수행을 위한 바이오 안전성위원회와 바이오 안전성정보센터 등 운영기구들을 규정하고, 보칙-벌칙 조항을 별도로 두고 있다. 시험-연구용 유전자변형생물체와 관련이 있는 조항으로는 시험-연구용 등의 유전자변형생물체의 수입을 다루는 법률 제 9조-시행령 제 12조·통합고시 제 3 장, 연구시설의 설치·운영허가와 관련된 법률 제 22조 제 23조·시행령 제 23조·통합고시 제 9장, 벌칙과 과태료와 관련된 법률 제 40조·제 41조-제44조 등이 있다.</p> <p>시험·연구용 유전자변형생물체 관리 등 연구개발과 관련된 활동에서 안전성을 확보한다는 것은 유전자변형생물체의 산업화 과정상 초기에 해당한다는 점에서 연구자와 상당한 관련성이 있을 수 있기 때문에 매우 중요하다 하겠다. 그리고 연구개발 활동의 안전성 확보를 통해 유전자변형생물체에 대한 소비자들의 우려감을 연구단계에서부터 해소시킴으로써 유전자변형생물체에 대한 반감은 줄이고 유전자변형생물체가 가져다 줄 수 있는 다양한 편익들은 보다 넓게 공유할 수 있을 것이다. 그러므로 관련 사항을 잘 숙지하고 지켜 나가 헛점을 보이지 않는다면 생명산업의 잠재력에 대하여 한결 더 확고한 기대와 지지를 얻어가는 지름길이 될 것이다.</p> <p>본 글에서는 2008년부터 시행되는 LMO법에 따른 유전자 변형생물체의 연구개발관련 관리절차를 소개하기 전에 먼저 미국 일본 등 다른 나라들의 유사한 관리지침을 간단히 살펴보아 국내 관련제도에 관한 독자들의 이해를 돕고자 한다.</p>",
                "context_length": 3365,
                "summary": "유전자 변형 생물체는 잠재력과 경계심을 함께 같고 있는데 안정성 확보를 위해 우리 나라 또한 LMO법을 공포하였다. 유전자 변형 생물체가 아직 안전성을 담보하지 않기 때문이다. 따라서 본 논문에서는 유전자 변형 생물체의 연구의 관리가 어떻게 되는지 관리절차를 소개하고 타국의 관리지침 또한 살펴본다.",
                "clue": [
                    {
                        "clue_text": "유전자변형생물체가 지니는 잠재력을 캐기 위한 개발노력과 그에 대한 경계심의 충돌은 생명공학기술개발의 역사와 궤를 같이한다 할 수 있을 것이다.",
                        "clue_start": "1404",
                        "clue_end": "1483"
                    },
                    {
                        "clue_text": "이에 따라 우리나라는 바이오 안전성의정서의 국내이행을 위하여 유전자변형생물체의 개발·생산·수입·수출·유통 등에 있어서 안전성 확보를 위해 필요한 사항을 규정한 \"유전자 변형생물체의 국가간 이동 등에 관한 법률\" (이하 LMO법)을 2001년 3월 제정 및 공포하였다.",
                        "clue_start": "2239",
                        "clue_end": "2388"
                    },
                    {
                        "clue_text": "시험·연구용 유전자변형생물체 관리 등 연구개발과 관련된 활동에서 안전성을 확보한다는 것은 유전자변형생물체의 산업화 과정상 초기에 해당한다는 점에서 연구자와 상당한 관련성이 있을 수 있기 때문에 매우 중요하다 하겠다.",
                        "clue_start": "2883",
                        "clue_end": "3003"
                    },
                    {
                        "clue_text": "본 글에서는 2008년부터 시행되는 LMO법에 따른 유전자 변형생물체의 연구개발관련 관리절차를 소개하기 전에 먼저 미국 일본 등 다른 나라들의 유사한 관리지침을 간단히 살펴보아 국내 관련제도에 관한 독자들의 이해를 돕고자 한다.",
                        "clue_start": "3234",
                        "clue_end": "3361"
                    }
                ],
                "terminology": [
                    {
                        "word": "James"
                    },
                    {
                        "word": "LMO법"
                    },
                    {
                        "word": "Protocol"
                    },
                    {
                        "word": "기탁"
                    },
                    {
                        "word": "대장균"
                    },
                    {
                        "word": "목질계"
                    },
                    {
                        "word": "발효"
                    },
                    {
                        "word": "변형생물체"
                    },
                    {
                        "word": "생물다양성"
                    },
                    {
                        "word": "생물다양성협약"
                    },
                    {
                        "word": "유전자 수준"
                    },
                    {
                        "word": "유전자변형"
                    },
                    {
                        "word": "유전자변형생물체"
                    },
                    {
                        "word": "유전자변형작물"
                    },
                    {
                        "word": "유전자재조합"
                    },
                    {
                        "word": "유채"
                    },
                    {
                        "word": "의정서"
                    },
                    {
                        "word": "재조합 DNA"
                    }
                ]
            },
            {
                "context_id": "55e-0c9-d96a3859-582b-468d-9eb4-d779deca8f20",
                "context_K-NSCC": {
                    "field": "생명",
                    "large_category": "LA",
                    "medium_category": "02"
                },
                "context": "<h1>LMO법에 따른 연구개발 및 수출입 절차</h1> <p>본 장에서는 올해부터 새롭게 시행되는 LMO법 내용 중 시험-연구용 유전자변형생물체와 관련된 연구개발 및 수출입 절차에 대해서 연구시설 신고·허가, LMO 수출입 신고·승인, LMO 개발·실험 승인으로 나누어 설명하여 LMO법 하에서 연구를 진행하는 연구자들의 이해를 돕고자 한다. 이에 앞서 LMO법이 시행되기 전의 상황을 간단히 살펴보기로 한다.</p> <h2>LMO 법 시행전 유전자변형생물체 안전관리제도</h2> <p>우리나라는 이미 생물다양성협약 당사국이 된 1994년 이후 유전자변형생물체의 안전성 대책을 마련해야 하는 상황이었으며, 특히 1997년도에는 당시 거국적으로 추진하던 OECD 가입의 기본요건의 하나로 유전자변형생물체의 실험에 대한 안전성을 보장하는 실험지침의 구비가 절실해졌었다. 이에 유전자재조합실험과 이에 준하는 실험의 안전을 확보할 수 있는 실험절차를 정함으로써 생명공학적 변이생물체의 전파·확산에 따른 생물학적 위험발생을 예방하고 생명공학 연구를 촉진시키기 위하여 “유전자재조합실험지침\"을 만들었다. 유전자재조합실험지침은 생명공학육성법에서 별도의 조항 (제 15조 및 동법시행령 제 15조)으로 규정되어 있기도 하는 바, 유전자재조합체 및 실험에 대한 물리적 밀폐를 4단계로 나누어 정의하여 유전자재조합체가 외부로 확산되는 것을 막고, 생물학적 밀폐도를 2단계로 나누어 유전자제조합체의 생물학적 안전성을 높이고자 했다. 또한 유전자재조합실험지침은 재조합체의 보관·운반·양도에 대해서 규정하고, 유전자재조합체를 다루는 연구인력에 대한 교육훈련과 건강관리, 실험의 안전성 확보조치 등의 내용도 포함하고 있다. 이러한 유전자재조합실험지침은 우리나라가 생명공학의 위험성에 대해 대처한 첫 번째 대책안이라는 데 의미가 있다. 그러나 법적 강제성을 가지지 못하고 권고 사항에 그치고 있어 실험실에서 이 지침을 따른다는 보장이 없는 한계점이 있다 (Kim, 2002). 또한 빠르게 발전하는 기술개발에 적용되는 실험범위와 연구시설에 대한 설치·운영기준 등이 실질적으로 적용되기 어려웠고 유전자재조합실험의 승인과 신고절차가 구체적으로 제시되지 않아 그 보완의 필요성이 꾸준히 제기되어 왔다. 아울러 2008년 1월 1일 부터 LMO법이 시행됨으로써 유전자변형생물체를 실험에 이용하는 연구자들은 LMO법에서 정한 규칙과 절차에 따라 해당 유전자변형생물체를 취급·운반해야 함은 물론 유전자 변형생물체를 다루는 연구시설, 유전자변형생물체 개발·실험에 대해서도 신고 또는 승인을 받아야만 하게 되었다. 정부는 2007년 5월 유전자재조합실험지침을 개정 고시하고 시행에 들어갔으나 유전자재조합실험지침이 강제성이 없는 생명공학육성법을 기초로 만들어졌기 때문에 실질적 시행이 의문시될 뿐만 아니라 새로 시행되는 LMO법과 중복되 는 면이 많기 때문에 조만간에 LMO법으로 관련 내용이 일원화되어 정비되어야 할 것으로 본다.</p> <h2>연구시설 신고·허가</h2> <p>LMO를 시험연구하기에 앞서 연구자는 관련시설을 먼저 신고하거나 허가를 받아야 하며, 그 신고 혹은 허가는 LMO의 등급에 따라서 정해진다. 따라서 연구자들은 우선 LMO 연구를 위해 설치되는 연구시설이 Table 2에서 보는 4가지 등급 중 어디에 해당하는지를 알아야 할 것이다. 현재 우리나라에서 LMO를 취급하는 연구시설은 연구실 단위별로 보면 그 수가 2천여 개 이상일 것으로 추측된다. 따라서 담당 기관이 LMO를 취급하는 모든 연구실을 직접 방문하여 그 등급을 지정해주는 일은 현실적으로 불가능하다. 이에 연구 시설의 등급은 연구자가 실험-개발하고자 하는 LMO의 인체•환경 위해의 정도에 따라 연구자 본인이 직접 판단하여 결정하는 것이 우선 현실적일 것이다. 연구자 자신이 정한 등급은 추후에 해당 연구실에서 발표되는 논문이나 보고서 등을 참고로 하여 초기에 신청하였던 등급이 재조정되거나 검증될 수 있는 여지가 있을 것이다. LMO 관련 연구시설을 설치·운영하는데 필요한 절차를 보면 현재 대부분을 차지할 것으로 보이는 인체·환경위해성 1,2 등급에 해당하는 LMO 관련 연구시설은 과학기술부에 신고하면 되며, 인체위해성 3,4 등급과 환경위해성 3,4 등급에 해당하는 LMO 관련 연구시설은 각각 질병관리본부와 과학기술부의 허가를 받아야만 한다.</p> <p>Table 2에서 살펴본 바와 같이 인체·환경위해성 1,2 등급에 해당하는 연구시설은 해당 위해성이 없거나 미미한 경우로서 LMO 관련 연구시설의 설치·운영을 신고만 하면 된다. 해당기관은 과학기술부 또는 관계중앙행정기관이며, 이곳에 직접 방문하거나 우편으로 연구시설 신고 신청을 하면 된다. 국공립연구기관은 해당 연구기관의 소관 관계중앙행 정기관장 또는 위임기관장에게 신고하면 되며 만약 법을 위반할 시에는 법 제 43조의 양벌 규정에 의해 위반행위자 외에 기관 또는 기관장에게 벌금이 부과되기 때문에 주의해야 한다.</p> <p>한편 인체위해성 3,4등급에 해당하는 연구시설은 질병관리본부에, 환경위해성 3,4 등급에 해당하는 연구시설은 과학기술부에 연구시설의 허가 신청을 해야 한다. 수수료가 없는 신고절차에 비해 허가절차에는 10만원의 수수료를 내야 하며 법을 위반할 시에는 신고절차와 같이 양벌규정이 적용된다. 신고·허가 신청시에 필요한 구비서류는 Table 3 과 같다.</p>",
                "context_length": 2633,
                "summary": "본 장에서는 LMO법 내용 중 시험-연구용 유전자변형생물체와 관련된 내용과 연구시설 신고·허가 내용을 다룬다. 유전자변형생물체 안전관리제도는 유전자재조합실험지침을 기반으로 운영되는데 유전자재조합실험지침은 생명공학적 변이생물체에 따른 생물학적 위험발생 예방 및 생명공학 연구를 촉진을 위해 만들어졌다. 하지만, 법적 강제성을 가지지 못하는 한계가 있으며, 발전하는 기술개발의 실험범위와 연구시설에 대한 설치·운영기준 등이 실질적으로 적용되기 어려운 문제가 있다. 또한, 유전자재조합실험의 승인과 신고절차가 구체적이지 않은 문제가 있다. 다음으로 본 장에서는 LMO 연구를 위해서는 관련시설의 선고 및 허가를 설명하는데 이는 LMO 등급에 따라 달라진다.",
                "clue": [
                    {
                        "clue_text": "이에 유전자재조합실험과 이에 준하는 실험의 안전을 확보할 수 있는 실험절차를 정함으로써 생명공학적 변이생물체의 전파·확산에 따른 생물학적 위험발생을 예방하고 생명공학 연구를 촉진시키기 위하여 “유전자재조합실험지침\"을 만들었다.",
                        "clue_start": "430",
                        "clue_end": "556"
                    },
                    {
                        "clue_text": "그러나 법적 강제성을 가지지 못하고 권고 사항에 그치고 있어 실험실에서 이 지침을 따른다는 보장이 없는 한계점이 있다 (Kim, 2002).",
                        "clue_start": "902",
                        "clue_end": "980"
                    },
                    {
                        "clue_text": "또한 빠르게 발전하는 기술개발에 적용되는 실험범위와 연구시설에 대한 설치·운영기준 등이 실질적으로 적용되기 어려웠고 유전자재조합실험의 승인과 신고절차가 구체적으로 제시되지 않아 그 보완의 필요성이 꾸준히 제기되어 왔다.",
                        "clue_start": "981",
                        "clue_end": "1103"
                    },
                    {
                        "clue_text": "LMO를 시험연구하기에 앞서 연구자는 관련시설을 먼저 신고하거나 허가를 받아야 하며, 그 신고 혹은 허가는 LMO의 등급에 따라서 정해진다.",
                        "clue_start": "1478",
                        "clue_end": "1556"
                    },
                    {
                        "clue_text": "본 장에서는 올해부터 새롭게 시행되는 LMO법 내용 중 시험-연구용 유전자변형생물체와 관련된 연구개발 및 수출입 절차에 대해서 연구시설 신고·허가, LMO 수출입 신고·승인, LMO 개발·실험 승인으로 나누어 설명하여 LMO법 하에서 연구를 진행하는 연구자들의 이해를 돕고자 한다.",
                        "clue_start": "35",
                        "clue_end": "192"
                    }
                ],
                "terminology": [
                    {
                        "word": "LMO"
                    },
                    {
                        "word": "LMO법"
                    },
                    {
                        "word": "관계중앙행정기관"
                    },
                    {
                        "word": "당사국"
                    },
                    {
                        "word": "동법시행령"
                    },
                    {
                        "word": "물리적 밀폐"
                    },
                    {
                        "word": "변형생물체"
                    },
                    {
                        "word": "생명공학육성법"
                    },
                    {
                        "word": "생명공학적 변이생물체"
                    },
                    {
                        "word": "생물다양성협약"
                    },
                    {
                        "word": "생물학적 밀폐도"
                    },
                    {
                        "word": "생물학적 안전성"
                    },
                    {
                        "word": "생물학적 위험발생"
                    },
                    {
                        "word": "유전자"
                    },
                    {
                        "word": "유전자변형생물체"
                    },
                    {
                        "word": "유전자재조합체"
                    },
                    {
                        "word": "인체·환경위해성"
                    },
                    {
                        "word": "인체위해성"
                    },
                    {
                        "word": "재조합체"
                    },
                    {
                        "word": "확산"
                    },
                    {
                        "word": "환경위해성"
                    }
                ]
            },
            {
                "context_id": "55e-0c9-988490b2-3248-4db8-b571-20110aea43c6",
                "context_K-NSCC": {
                    "field": "생명",
                    "large_category": "LA",
                    "medium_category": "02"
                },
                "context": "<h1>미국, 일본의 시험·연구용 유전자변형생물체의 관리지침</h1> <h2>미국</h2> <p>Paul Berg, Stanley Cohen과 Herbert Boyer 등에 의해 개발 되어온 유전자재조합 기술은 1973 년 “핵산에 관한 고든 회담'에서 처음으로 유전자재조합 실험의 잠재적 위험성에 대한 우려가 제기된 바 있으며, 뒤이어1975년에, 유전자재조합 실험이 인간과 환경에 미칠 수 있는 잠재적 위험성에 대해 논의하는 소위 “아시로마회의\"가 열리게 되었다. 일부 연구자들은 유전자변형미생물이 환경에 방출될 경우 인간에게 미칠 수 있는 위해가능성에 대해서 우려감을 표시했으며 유전자변형생물체의 사용에 대한 지침 마련과 포유동물 DNA를 포함하는 연구는 엄격한 차단시설을 설치하자는데 동의하였다. 이후 1976년 미국국립보건원 (NIH, National Institutes of Health)으로 하여금 유전자재조합 DNA 실험가이드라인(NIH 연구지침)을 제정하여 유전자재조합 기술의 안전대책을 확보하도록 조치하였으며 NIH 연구지침은 이후 미국의 재조합 DNA 연구의 기본방침이 되어 왔다. 미국내 실험실 또는 실질적으로 국가의 재정적 지원을 받는 연구기관에서 진행되는 모든 연구들은 NIH 연구지침을 따라야만 하며 이를 어길 시에는 강제벌칙조항이 있는 것은 아니지만 국가의 재정적 지원에서 불이익을 받게 된다. 이러한 NIH 연구지침은 유전자재조합 기술이 초기에 우려했던 것보다 안전하다는 사실이 밝혀지면서 1994년 이후에만 17번의 개정을 거치 면서 점차 완화되어 왔다.</p> <p>그러나 한편으로는 NIH 연구지침이 주로 환경 및 인간에 대한 노출을 예방하기 위해서 실험실 수준의 실험에 대해서 밀폐할 것에 초점을 맞추고 있어서 야외실험이나 일반적인 환경방출에 의해서 발생하게 될 다양한 환경보건, 동물보건, 식물보건에 관한 문제를 다루지 않는 한계점이 있다. 이를 보완하여 미국은 동식물검역소 (APHIS, Animal and Plant Health Inspection Service)가 환경방출의 위험성을 평가하거나 그러한 문제를 해결하기 위한 방법을 제공하고 있고 환경청 (EPA, Environmental Protection Agency)이 유전자변형 생물체의 살충독소에 대한 관리를 하고 있다.</p> <h2>일본</h2> <p>일본은 2003년 \"유전자재조합 생물 사용 등의 규제에 의한 생물 다양성의 확보에 관한 법률\" (이하 카르타헤나법)을 제정-공포하고, 2004년 2월 바이오안전성의정서와 카르타헤나법이 동시에 발효되었다. 그 이전까지 일본에서 운용해오던 재조합 DNA 실험지침은 법 발효와 동시에 폐지되었다.</p> <p>카르타헤나법은 기존의 재조합 DNA 실험지침과 달리 배양세포를 생물로 취급하지 않으며 배양세포를 숙주로 하는 실험은 “동물생산실험”, “식물생산실험”, 그리고 유전자재조합 바이러스를 배 (胫)와 배우자 (配偶子)에 접종하는 경우에는 “동물접종실험”, “식물접종실험”으로 구분한다.</p> <p>또한 유전자재조합 버섯류에 대한 실용화 연구를 위해 \"버섯생산실험\"을 신설하였고 재조합 동-식물을 이용하여 새로운 품종을 만드는 실험과 재조합 동-식물을 이용하는 실험을 일체화하였다. 또한 유전자재조합 생물·숙주·공여 핵산- 실험분류. 인정숙주 백터계의 정의를 변경하고 단계별 확산방지조치를 두고 있다.</p> <p>카르타헤나법은 기본적으로 환경확산방지조치가 필요없는 사용 (제 1종 사용)과 환경확산방지 대책을 실행해야 하는 사용 (제2종 사용)으로 유전자변형생물체를 구분한 후 각각에 대한 조치들이 규정되어 있다. 제 1종 사용의 경우는 비교적 간단한 조치들로 이루어져 있는 반면에, 제2종 사용의 경우 환경방출로 인해 인간과 환경에 미칠 수 있는 위해가능성 때문에 확산방지조치가 의무화되어 있으며 다양한 유전자변형생물체와 실험에 필요한 각종 조치들을 규정하고 있다.</p>",
                "context_length": 1921,
                "summary": "유전자 재조합 기술의 잠재적 위험성은 1973년 \"핵산에 관한 고든 회담\"에서 우려가 제기되었고, 1975년에 \"아시로마 회의\"에서 논의되었다. 미국국립보건원이 1976년 제정한 유전자재조합 DNA 실험가이드라인인 NIH 연구지침은 미국의 재조합 DNA 연구의 기본 방침이 되었다. 환경방출의 위험성은 미국 동식물검역소에서, 유전자변형 생물체의 살충독소에 대한 관리는 미국 환경청이 담당하고 있다. 일본은 2003년에 유전자재조합 생물 사용등의 규제에 의한 생물 다양성의 확보에 관한 법률인 카르타헤나법을 제정 및 공포했고, 카르타헤나법은 2004년에 바이오안정성의정서와 함께 발효되었다. 카르테헤나법은 유전자변형생물체를 환경확산방지 조치가 필요없는 제 1종 사용과 환경확산방지 대책을 실행해야 하는 제 2종 사용으로 구분하고 각각에 대한 조치를 규정하고 있다.",
                "clue": [
                    {
                        "clue_text": "Paul Berg, Stanley Cohen과 Herbert Boyer 등에 의해 개발 되어온 유전자재조합 기술은 1973 년 “핵산에 관한 고든 회담'에서 처음으로 유전자재조합 실험의 잠재적 위험성에 대한 우려가 제기된 바 있으며, 뒤이어1975년에, 유전자재조합 실험이 인간과 환경에 미칠 수 있는 잠재적 위험성에 대해 논의하는 소위 “아시로마회의\"가 열리게 되었다.",
                        "clue_start": "54",
                        "clue_end": "261"
                    },
                    {
                        "clue_text": "이후 1976년 미국국립보건원 (NIH, National Institutes of Health)으로 하여금 유전자재조합 DNA 실험가이드라인(NIH 연구지침)을 제정하여 유전자재조합 기술의 안전대책을 확보하도록 조치하였으며 NIH 연구지침은 이후 미국의 재조합 DNA 연구의 기본방침이 되어 왔다.",
                        "clue_start": "394",
                        "clue_end": "560"
                    },
                    {
                        "clue_text": "이를 보완하여 미국은 동식물검역소 (APHIS, Animal and Plant Health Inspection Service)가 환경방출의 위험성을 평가하거나 그러한 문제를 해결하기 위한 방법을 제공하고 있고 환경청 (EPA, Environmental Protection Agency)이 유전자변형 생물체의 살충독소에 대한 관리를 하고 있다.",
                        "clue_start": "941",
                        "clue_end": "1132"
                    },
                    {
                        "clue_text": "일본은 2003년 \"유전자재조합 생물 사용 등의 규제에 의한 생물 다양성의 확보에 관한 법률\" (이하 카르타헤나법)을 제정-공포하고, 2004년 2월 바이오안전성의정서와 카르타헤나법이 동시에 발효되었다.",
                        "clue_start": "1152",
                        "clue_end": "1265"
                    },
                    {
                        "clue_text": "카르타헤나법은 기본적으로 환경확산방지조치가 필요없는 사용 (제 1종 사용)과 환경확산방지 대책을 실행해야 하는 사용 (제2종 사용)으로 유전자변형생물체를 구분한 후 각각에 대한 조치들이 규정되어 있다.",
                        "clue_start": "1663",
                        "clue_end": "1775"
                    }
                ],
                "terminology": [
                    {
                        "word": "DNA"
                    },
                    {
                        "word": "EPA"
                    },
                    {
                        "word": "거치"
                    },
                    {
                        "word": "동물생산실험"
                    },
                    {
                        "word": "동물접종실험"
                    },
                    {
                        "word": "바이러스"
                    },
                    {
                        "word": "발효"
                    },
                    {
                        "word": "배양세포"
                    },
                    {
                        "word": "살충독소"
                    },
                    {
                        "word": "숙주"
                    },
                    {
                        "word": "식물생산실험"
                    },
                    {
                        "word": "식물접종실험"
                    },
                    {
                        "word": "유전자변형"
                    },
                    {
                        "word": "유전자변형미생물"
                    },
                    {
                        "word": "유전자변형생물체"
                    },
                    {
                        "word": "유전자재조합"
                    },
                    {
                        "word": "유전자재조합 DNA"
                    },
                    {
                        "word": "인정숙주 백터계"
                    },
                    {
                        "word": "재조합"
                    },
                    {
                        "word": "재조합 DNA"
                    },
                    {
                        "word": "접종"
                    },
                    {
                        "word": "카르타헤나법"
                    },
                    {
                        "word": "확산방지조치"
                    },
                    {
                        "word": "환경방출"
                    },
                    {
                        "word": "환경확산방지조치"
                    }
                ]
            }
        ]
    }
}