{
    "dataset_info": {
        "identifier": "02-031-002-NL",
        "name": "기술과학 문서 요약 데이터",
        "category": "자연어",
        "last_updated": "2023-08-30"
    },
    "dataset": {
        "doc_id": "8a2ae4d1-3e7dc72d-61d7-4d78-abf3-2308afa893b9",
        "doc_type": "논문",
        "doc_title": {
            "kor": "MCF-7 유방암 세포에서 mTOR-COX-2 신호경로를 통한 resveratrol의 apoptosis 효과",
            "eng": "Apoptotic Effects of Resveratrol via mTOR and COX-2 Signal Pathways in MCF-7 Breast Cancer Cells"
        },
        "doc_category": {
            "KDC": "470.5",
            "DDC": ""
        },
        "doc_number": {
            "ISSN": "1225-9918",
            "ISBN": "",
            "DOI": "",
            "UCI": ""
        },
        "doc_year": "2011",
        "doc_author": [
            "이솔화",
            "이혜연",
            "박송이",
            "박옥진",
            "김영민"
        ],
        "doc_publisher": "한국생명과학회",
        "doc_license": "CC BY",
        "context_info": [
            {
                "context_id": "55e-0c9-67cd3502-462f-4826-a29c-49e345c216f2",
                "context_K-NSCC": {
                    "field": "생명",
                    "large_category": "LA",
                    "medium_category": "01"
                },
                "context": "<h1>서 론</h1><p>암은 비정상적인 세포의 증식이 무절제하게 일어남이 원인이며 이러한 세포는 다양한 조직과 기관에서 발생할 수 있다. 그 중에서 유방암은 전 세계적으로 여성들에게 가장 흔히 나타나는 암으로 산업이 발달함에 따라 발생률이 증가하며 이에 따른 사망률 또한 점점 증가하고 있는 추세이다. 유방암은 호르몬 의존성 암으로 에스트로겐 수준에 영향을 받으며 식생활과 출산 등 여러 가지 요인에 의해 발생한다. 최근 여러 연구에 의하면 곡류, 채소 과일 등에 포함되어있는 파이토케미컬(phytochemical)이 세포의 여러 신호분자들을 자극하여 암세포의 성장과 분열을 억제한다는 점에서 많은 주목을 받고 있다.</p><p>레스베라트롤(resveratrol)은 피토알렉신(phytoalexin)의 일종인 파이토케미컬로 포도껍질에 존재하며 레드와인과 포도주스에 다량 함유되어 있다. 레스베라트롤은 암발생이 진행 중인 세포활동을 방해함으로써 항암작용을 하며, 심혈관질환 예방에도 효과가 있는 것으로 알려져 있다. 최근에는 레스베라트롤이 전립선암에서 apoptosis를 유발하여 암세포의 성장을 억제하며, 대장암에서도 IGF-1R/Akt/Wnt 신호 경로의 억제와 p53의 활성화를 통해 apoptosis를 유도하는 것으로 보고되었다.</p><p>mTOR (Mammalian target of rapamycin)는 serin-threo-nine kinase의 일종으로 단백질 번역, 세포 성장, 증식 등의 물질대사 조절에서 중요한 역할을 하는 것으로 알려져 있다. mTOR는 세포에서 mTORC1과 mTORC2의 두 가지 복합체로 존재하는데, 그 중 mTORC1은 암세포에서 과발현되며, 단백질 번역과정에 관여하는 인자들을 활성화 시킴으로 암성장을 촉진하는 것으로 밝혀졌다. mTOR는 진핵세포의 개시인자인 4E-binding protein 1 (4E-BP1)과 S6 kinase 1 (S6K1)을 인산화 시킴으로 eukaryotic initiation factor 4E (elF4E)의 활동을 자유롭게 하여 세포 증식, 성장, 혈관신생을 촉진하는 것으로 보고되었다.</p><p>암 치료를 위한 중요인자로 알려져 있는 Cyclooxygenase-2 COX-2는 유방암, 폐암, 대장암 등 여러 암종에서 apoptosis를 저해하고 발암전구물질을 발암물질로 전환 하며, 염증반응 조절 등의 기능을 하는 것으로 알려져 있다. 최근 연구를 통하여 COX-2를 저해하는 약물인 nonsteroidal antiin-flammatory drugs (NSAIDs)를 이용한 실험에서 NSAIDs의 사용이 유방암 발생 비율을 감소시키며, 유방암 환자와 유방암 세포에서 COX-2와 prostaglandin (PG) 수준이 증가하는 것으로 밝혀졌다. 또한 COX-2는 폐암에서 혈관신생의 중요 인자인 vascular endothelial growth factor (VEGF)와 basic fi-broblast growth factor (bFGF)의 발현에 관여하여 암세포의 전이와 성장을 촉진시키는 것으로 보고되었다.</p><p>본 연구에서는 MCF-7 세포에 다양한 농도로 레스베라트롤을 처리했을 때 MCF-7 세포의 증식이 억제되는지를 알아보고, 암세포 증식억제 효과가 apoptosis에 의해 일어난 것인지를 관찰하고자 하였다. 또한 MCF-7 세포에서 레스베라트롤에 의해 유도된 apoptosis가 mTOR 및 COX-2 신호경로와 어떠한 연관성이 있는지에 대해 알아보고자 하였다.</p>",
                "context_length": 1726,
                "summary": "레스베라트롤(resveratrol)은 피토알렉신(phytoalexin)의 일종인 파이토케미컬로 포도껍질에 존재한다. 레스베라트롤은 전립선암에서 apoptosis를 유발하여 암세포의 성장을 억제하는 것으로 보고 된 바 있다. 본 논문에서는 MCF-7 세포에 레스베라트롤을 처리할 경우 MCF-7 세포의 증식이 억제되는지, 그리고 암세포 증식억제 효과가 apoptosis에 의해 일어난 것인지를 알아보고자 한다.",
                "clue": [
                    {
                        "clue_text": "레스베라트롤(resveratrol)은 피토알렉신(phytoalexin)의 일종인 파이토케미컬로 포도껍질에 존재하며 레드와인과 포도주스에 다량 함유되어 있다.",
                        "clue_start": "354",
                        "clue_end": "441"
                    },
                    {
                        "clue_text": "최근에는 레스베라트롤이 전립선암에서 apoptosis를 유발하여 암세포의 성장을 억제하며, 대장암에서도 IGF-1R/Akt/Wnt 신호 경로의 억제와 p53의 활성화를 통해 apoptosis를 유도하는 것으로 보고되었다.",
                        "clue_start": "514",
                        "clue_end": "637"
                    },
                    {
                        "clue_text": "본 연구에서는 MCF-7 세포에 다양한 농도로 레스베라트롤을 처리했을 때 MCF-7 세포의 증식이 억제되는지를 알아보고, 암세포 증식억제 효과가 apoptosis에 의해 일어난 것인지를 관찰하고자 하였다.",
                        "clue_start": "1521",
                        "clue_end": "1635"
                    }
                ],
                "terminology": [
                    {
                        "word": "COX-2"
                    },
                    {
                        "word": "Cyclooxygenase-2"
                    },
                    {
                        "word": "MCF-7"
                    },
                    {
                        "word": "NSAIDs"
                    },
                    {
                        "word": "apoptosis"
                    },
                    {
                        "word": "endothelial"
                    },
                    {
                        "word": "eukaryotic initiation factor"
                    },
                    {
                        "word": "growth factor"
                    },
                    {
                        "word": "kinase"
                    },
                    {
                        "word": "mTOR"
                    },
                    {
                        "word": "mTORC2"
                    },
                    {
                        "word": "p53"
                    },
                    {
                        "word": "prostaglandin"
                    },
                    {
                        "word": "protein"
                    },
                    {
                        "word": "rapamycin"
                    },
                    {
                        "word": "serin-threo-nine kinase"
                    },
                    {
                        "word": "과발현"
                    },
                    {
                        "word": "단백질"
                    },
                    {
                        "word": "대장암"
                    },
                    {
                        "word": "레스베라트롤"
                    },
                    {
                        "word": "물질대사"
                    },
                    {
                        "word": "발암물질"
                    },
                    {
                        "word": "발현"
                    },
                    {
                        "word": "복합체"
                    },
                    {
                        "word": "심혈관질환"
                    },
                    {
                        "word": "암세포 증식억제 효과"
                    },
                    {
                        "word": "에스트로겐"
                    },
                    {
                        "word": "연관성"
                    },
                    {
                        "word": "염증반응"
                    },
                    {
                        "word": "유방암 세포"
                    },
                    {
                        "word": "인산화"
                    },
                    {
                        "word": "저해"
                    },
                    {
                        "word": "전립선암"
                    },
                    {
                        "word": "진핵세포"
                    },
                    {
                        "word": "파이토케미컬"
                    },
                    {
                        "word": "피토알렉신"
                    },
                    {
                        "word": "항암작용"
                    },
                    {
                        "word": "혈관신생"
                    },
                    {
                        "word": "호르몬 의존성"
                    },
                    {
                        "word": "활성화"
                    }
                ]
            },
            {
                "context_id": "55e-0c9-8258f32e-1b7d-4f43-8971-5dc4093bfc7a",
                "context_K-NSCC": {
                    "field": "생명",
                    "large_category": "LA",
                    "medium_category": "01"
                },
                "context": "<h1>고 찰</h1><p>항암제를 이용한 화학적 치료는 암세포가 항암제에 약제내성을 갖게 되어 치료 후 찾아오는 2차 발병에서 그 효과를 보기 힘들고, 암세포 뿐만 아니라 정상 세포에도 독성이 나타나 이에 대한 여러 방안이 연구되고 있다. 따라서 최근에는 파이토케미컬을 이용하여 암세포의 성장과 분열을 억제하는 연구들이 진행되고 있는 바, 녹차 성분인 Epigallocatechin-3-gallate EGCG은 암세포에서 여러 신호경로를 통해 암세포의 증식 억제는 물론 암 예방 효과가 있는 것으로 알려져 있으며, 커큐민(curcumin)은 강황에서 추출된 폴리페놀류의 파이토케미컬로 암세포에서 apoptosis를 유도하는 것으로 알려져 있다.</p><p>mTOR는 세포의 증식, 성장, 물질대사 등 여러 가지 중요한 역할을 하며, 다양한 암세포에서 PI3K/Akt/mTOR 신호경로를 통해 암세포의 성장과 증식을 조절하는 것으로 알려져 있다. COX-2는 염증반응을 조절하는 중요 인자로 암세포에서 과발현되는 것으로 알려져 있다. 본 연구에서는 레스베라트롤에 의한 MCF-7 세포에서의 암세포 증식 억제 및 apoptosis 유도 효과와, 이에 따른 mTOR 및 COX-2의 발현 양상을 알아보고자 하였다. 이를 위하여 MCF-7 세포에 레스베라트롤을 농도별로 처리하여 암세포의 생존율을 알아본 결과, 대조군과 비교했을 때 농도가 높아짐에 따라 암세포의 생존율이 감소하는 것을 알 수 있었다(Fig. 1A). 동일한 방법으로 시간별 암세포의 생존율을 알아본 결과, 대조군에 비해 시간이 경과함에 따라 암세포 생존율이 감소하는 것을 확인하였다(Fig. 1B). 이와 같은 암세포의 생존율 감소가 apoptosis에 의해 일어나는 것인지 알아보기 위해 Hoechst 33342 염색을 통해 apoptosis에서 나타나는 염색체 응축 현상을 확인한 결과, Fig.2A 에서와 같이 레스베라트롤의 농도가 증가함에 따라 농도의존적으로 염색체 응축 현상인 apoptotic body 가 더 많이 발생된 것을 알 수 있었고, Annexin V-propodium iodide staning을 통한 apoptosis 측정에서도 레스베라트롤의 농도가 증가함에 따라 apoptosis 유도 효과가 큰 것을 확인 하였다(Fig. 2B). 이같은 결과는 전립선암 세포주 LNCaP에 레스베라트롤을 농도별로 처리 했을 때, APO-Direct assay를 통한 apoptosis 측정에서 레스베라트롤의 농도가 증가함에 따라 apoptosis가 유도되었고, 레스베라트롤의 처리 농도 증가는Bax, Bad, Bid 등을 활성화 시키고 Bcl-2를 저해시킴으로써 apoptosis를 촉진한다는 결과와 유사한 것으로 보인다.</p><p>한편 레스베라트롤을 처리했을 때 나타나는 apoptosis 유도 효과가 mTOR 및 COX-2 발현에 어떠한 영향을 미치는지 알아보기 위해 Western blotting을 실시하였다. MCF-7 세포에 레스베라트롤을 농도별로 \\( 6 \\mathrm{hr} \\) 처리했을 때, 농도가 증가함에 따라 mTOR 및 COX-2의 발현이 감소하는 것을 확인하였고 (Fig. 3A), 레스베라트롤 \\( 100 \\mu \\mathrm{M} \\) 을 시간 별로 처리했을 때에도 마찬가지로 시간이 지남에 따라 mTOR와 COX-2의 발현이 감소하였다(Fig. 3B). 레스베라트롤은 HeLa, Hec-1A, KLE등의 여러 자궁암 세포주에서 EIA assay를 통한 prostaglandin E2 (PGE2) 생성실험에서 레스베라트롤의 농도가 높아짐에 따라 COX-2 대사산물인 PGE2 생성이 감소됨이 밝혀졌다. 이러한 결과는 레스베라트롤에 의한 COX-2의 발현감소와 PGE2 생성의 유의성을 보여준다. mTORC1은 암성장의 중요 인자로 알려져 있으며 암세포에서 과발현되어 있는데[10], 최근 연구 에서 mTORC1은 4E-binding protein 1 (4E-BP1)의 인산화를 조절하여 hyposia-inducible factor 1 (HIF-1)을 활성화 시켜 저산소 상태에서 암세포가 적응하고 살아남는데 필요한 유전자를 발현시키는데 도움이 되는 것으로 알려졌다. COX-2 또한 저산소상태의 암세포에서 혈관신생 유도와 관련이 있는 것으로 밝혀져 있고, COX-2에 의해 생성된 산물인 PGE2가 혈관신생을 자극하며, COX-2가 과발현 되면 혈관신생 표적유 전자인 VEGF의 발현이 유도되는 것으로 알려졌다.</p><p>Rapamycin은 mTOR의 특이적인 저해제이며, FK506 bind-ing protein (FKB12)와 복합체를 형성하여 mTORdml FKBP12-Rapamycin binging (FRB) 도메인에 직접 바인딩하여 mTOR의 작용을 저해한다. 또한 세포분열 G1기를 정지시켜 암세포의 증식을 억제하는 효과를 가지고 있다. Celecoxib는 COX-2의 특이적인 저해제로 암세포에서 apopto-sis를 일으키는 것으로 알려져 있다. Rapamycin과 cele-coxib가 MCF-7 세포에 어떠한 영향을 미치는지 알아보기 위해 Rapamycin과 레스베라트롤을 각각 또는 병행처리 하고 celecoxib와 레스베라트롤을 각각 또는 병행처리하여 세포생존율을 측정해 보았다. 그 결과 rapamycin와 celecoxib을 처리했을 때 무처리한 것에 비하여 암세포의 생존율이 감소하였으며 병행처리시에는 암세포의 생존율이 더욱 감소하는 것을 확인하였다(Fig. 4). 동일한 조건에서 mTOR와 COX-2 신호분자 조절에 미치는 영향을 알아보기 위해 Western blotting을 실시한 결과, rapamycin을 단독으로 처리했을 때 COX-2의 발현이 저해되었으며 레스베라트롤과 병행처리 했을 때에 단독으로 처리했을 때 보다 COX-2의 발현이 더 강하게 저해되는 것을 관찰하였다. 또한 celecoxib를 단독으로 처리했을 때 에는 mTOR의 활성에 변화가 없었으며 레스베라트롤과 병행 처리 했을 때에는 mTOR의 활성이 감소하는 것으로 나타났다 (Fig. 5).</p><p>결론적으로, 본 연구를 통하여 레스베라트롤은 MCF-7 세포의 증식을 억제하는 것으로 밝혀졌으며 이러한 증식억제가 apoptosis 의 유도에 의한 것임을 확인하였는데, 이와 같은 결과는 mTOR의 신호경로 저해를 통하여 COX-2의 발현을 감소시킴으로써 나타나는 것으로 보인다.</p>",
                "context_length": 3135,
                "summary": "세포의 증식, 성장, 물질대사 등 여러 중요한 역할을 하는 mTOR는 다양한 암세포에서 PI3K/Akt/mTOR 신호경로를 통해 암세포를 조절한다. APO-Direct assay를 통한 apoptosis 측정에서 레스베라트롤의 농도가 증가함에 따라 apoptosis가 유도되었고, Bcl-2를 저해시킴으로써 apoptosis를 촉진한다. Western blotting은 apoptosis 유도 효과가 mTOR 및 COX-2 발현에 어떠한 영향을 미치는지 알아보기 위해 을 실시하였다. Rapamycin은 mTOR의 특이적인 저해제이며, FK506 bind-ing protein (FKB12)와 복합체를 형성하여 mTORdml FKBP12-Rapamycin binging (FRB) 도메인에 직접 바인딩하여 mTOR의 작용을 저해한다. 본 연구를 통하여 레스베라트롤은 MCF-7 세포의 증식을 억제하고 이는 apoptosis 의 유도에 의한 것임을 확인하였다. 또 mTOR의 신호경로 저해를 통하여 COX-2의 발현을 감소시킴을 알 수 있다.",
                "clue": [
                    {
                        "clue_text": "이같은 결과는 전립선암 세포주 LNCaP에 레스베라트롤을 농도별로 처리 했을 때, APO-Direct assay를 통한 apoptosis 측정에서 레스베라트롤의 농도가 증가함에 따라 apoptosis가 유도되었고, 레스베라트롤의 처리 농도 증가는Bax, Bad, Bid 등을 활성화 시키고 Bcl-2를 저해시킴으로써 apoptosis를 촉진한다는 결과와 유사한 것으로 보인다.",
                        "clue_start": "1131",
                        "clue_end": "1341"
                    },
                    {
                        "clue_text": "한편 레스베라트롤을 처리했을 때 나타나는 apoptosis 유도 효과가 mTOR 및 COX-2 발현에 어떠한 영향을 미치는지 알아보기 위해 Western blotting을 실시하였다.",
                        "clue_start": "1348",
                        "clue_end": "1450"
                    },
                    {
                        "clue_text": "결론적으로, 본 연구를 통하여 레스베라트롤은 MCF-7 세포의 증식을 억제하는 것으로 밝혀졌으며 이러한 증식억제가 apoptosis 의 유도에 의한 것임을 확인하였는데, 이와 같은 결과는 mTOR의 신호경로 저해를 통하여 COX-2의 발현을 감소시킴으로써 나타나는 것으로 보인다.",
                        "clue_start": "2975",
                        "clue_end": "3131"
                    },
                    {
                        "clue_text": "mTOR는 세포의 증식, 성장, 물질대사 등 여러 가지 중요한 역할을 하며, 다양한 암세포에서 PI3K/Akt/mTOR 신호경로를 통해 암세포의 성장과 증식을 조절하는 것으로 알려져 있다.",
                        "clue_start": "368",
                        "clue_end": "473"
                    },
                    {
                        "clue_text": "Rapamycin은 mTOR의 특이적인 저해제이며, FK506 bind-ing protein (FKB12)와 복합체를 형성하여 mTORdml FKBP12-Rapamycin binging (FRB) 도메인에 직접 바인딩하여 mTOR의 작용을 저해한다.",
                        "clue_start": "2198",
                        "clue_end": "2337"
                    }
                ],
                "terminology": [
                    {
                        "word": "APO-Direct assay"
                    },
                    {
                        "word": "Bcl-2"
                    },
                    {
                        "word": "Bid"
                    },
                    {
                        "word": "COX-2"
                    },
                    {
                        "word": "Celecoxib"
                    },
                    {
                        "word": "EGCG"
                    },
                    {
                        "word": "EIA assay"
                    },
                    {
                        "word": "Epigallocatechin-3-gallate"
                    },
                    {
                        "word": "G1기"
                    },
                    {
                        "word": "Hoechst 33342"
                    },
                    {
                        "word": "LNCaP"
                    },
                    {
                        "word": "MCF-7"
                    },
                    {
                        "word": "VEGF"
                    },
                    {
                        "word": "Western blotting"
                    },
                    {
                        "word": "apoptosis"
                    },
                    {
                        "word": "apoptosis 유도 효과"
                    },
                    {
                        "word": "apoptotic body"
                    },
                    {
                        "word": "mTOR"
                    },
                    {
                        "word": "prostaglandin E2"
                    },
                    {
                        "word": "protein"
                    },
                    {
                        "word": "rapamycin"
                    },
                    {
                        "word": "과발현"
                    },
                    {
                        "word": "농도의존적"
                    },
                    {
                        "word": "대조군"
                    },
                    {
                        "word": "도메인"
                    },
                    {
                        "word": "레스베라트롤"
                    },
                    {
                        "word": "물질대사"
                    },
                    {
                        "word": "발현"
                    },
                    {
                        "word": "복합체"
                    },
                    {
                        "word": "세포분열"
                    },
                    {
                        "word": "세포생존율"
                    },
                    {
                        "word": "신호분자"
                    },
                    {
                        "word": "약제내성"
                    },
                    {
                        "word": "염색체 응축 현상"
                    },
                    {
                        "word": "염증반응"
                    },
                    {
                        "word": "유의성"
                    },
                    {
                        "word": "유전자"
                    },
                    {
                        "word": "인산화"
                    },
                    {
                        "word": "자궁암 세포주"
                    },
                    {
                        "word": "저해"
                    },
                    {
                        "word": "저해제"
                    },
                    {
                        "word": "전립선암"
                    },
                    {
                        "word": "증식"
                    },
                    {
                        "word": "증식억제"
                    },
                    {
                        "word": "처리 농도 증가"
                    },
                    {
                        "word": "커큐민"
                    },
                    {
                        "word": "파이토케미컬"
                    },
                    {
                        "word": "폴리페놀류"
                    },
                    {
                        "word": "항암제"
                    },
                    {
                        "word": "혈관신생"
                    },
                    {
                        "word": "활성"
                    },
                    {
                        "word": "활성화"
                    }
                ]
            },
            {
                "context_id": "55e-0c9-e76fc876-854e-497a-aade-05abf1188cc9",
                "context_K-NSCC": {
                    "field": "생명",
                    "large_category": "LA",
                    "medium_category": "01"
                },
                "context": "<h1>결 과</h1><h2>레스베라트롤이 MCF-7 세포의 증식 및 apoptosis에 미치는 영향</h2><p>레스베라트롤이 MCF-7 세포의 증식과 apoptosis에 미치는 영향을 알아보기 위해 레스베라트롤을 농도별로 처리하여 MTT assay를 통해 암세포의 생존율을 측정하였다. 그 결과 레스베라트롤을 \\( 50 \\mu \\mathrm{M}, 100 \\mu \\mathrm{M}, 200 \\mu \\mathrm{M} \\) 의 농도로 24시간 처리했을 때 레스베라트롤의 농도가 높아짐에 따라 MCF-7 세포 의 증식이 억제되는 것을 관찰하였다(Fig. 1A). 또한 레스베라 트롤 \\( 100 \\mu \\mathrm{M} \\) 처리한 후 시간이 경과함에 따라 MCF-7 세포의 증식이 더욱 억제되는 것을 확인하였다(Fig. 1B). 이러한 결과 를 통해 레스베라트롤의 농도가 증가함에 따라 MCF-7 세포의 증식억제에 더욱 효과적으로 작용하는 것을 알 수 있었다.</p><h2>레스베라트롤에 의한 MCF-7 세포의 apoptosis 유도 효과</h2><p>레스베라트롤을 처리했을 때 MCF-7 세포의 증식이 억제된 MTT assay 실험 결과가 apoptosis에 의해 유도된 것인지를 알아보기 위해 Hoechst 33342 염색을 통해 apoptosis에서 나타나는 염색체 응축 현상을 관찰하였다. MTT assay와 동일한 조건으로 레스베라트롤을 \\( 50 \\mu\\mathrm{M}, 100 \\mu \\mathrm{M}, 200 \\mu \\mathrm{M} \\) 로 24시간 처리하고 Hoechst 33342 염색을 통해 apoptosis에서 나타나는 염색체 응축 현상을 확인한 결과, 레스베라트롤의 농도가 증가함에 따라 농도 의존적으로 염색체 응축 현상인 apoptotic body 가 더 많이 발생된 것을 알 수 있었다(Fig. 2A). 동일한 조건으로 Annexin V-propodium iodide staining을 이용하여 apoptosis가 일어난 세포를 측정한 결과, 레스베라트롤을 처리했을 때 apoptosis가 유도됨을 역시 확인하였고 농도가 높아짐에 따라 농도 의존적으로 apoptosis 유도가 더욱 효과적으로 나타난다는 것을 알 수 있었다(Fig. 2B).</p><h2>레스베라트롤이 COX-2와 mTOR 신호 경로에 미치는 영향</h2><p>MCF-7 세포에 레스베라트롤을 농도 별로 처리했을 때 mTOR와 COX-2 신호 분자의 조절에 어떠한 영향을 미치는지 알아보기 위해 Western blotting을 실시하였다. Fig.3A 에서와 같이 레스베라트롤을 \\( 50 \\mu \\mathrm{M}, 100 \\mu \\mathrm{M}, 200 \\mu \\mathrm{M} \\) 으로 각각 처리했을 때, 농도 의존적으로 mTOR와 COX-2의 발현이 감소하는것을 관찰하였다. 또한, Fig. 3B 에서와 같이 레스베라트롤을 \\( 100 \\mu \\mathrm{M} \\) 처리하고 \\( 30 \\mathrm{~min}, 1 \\mathrm{hr}, 3 \\mathrm{hr}, 6 \\mathrm{hr} \\) 시간이 경과함에 따라 시간 의존적으로 mTOR와 COX-2의 발현이 감소하는 것을 확인하였다.</p><h2>Rapamycin과 celecoxib가 MCF-7 세포의 증식과 mTOR, COX-2 신호 경로에 미치는 영향</h2><p>본 연구에서는 rapamycin과 celecoxib를 처리하였을 때, MCF-7 세포 증식에 어떠한 영향을 미치는지 알아보고, 또한 mTOR와 COX-2 신호 분자의 조절 관계를 밝혀보고자 하였다.</p><p>먼저 rapamycin과 celecoxib가 \\( \\mathrm{MCF}-7 \\) 세포의 증식에 어떠한 영향을 미치는지 알아보기 위하여 MTT assay를 통해 암세포의 생존율을 측정해 보았다. 그 결과 Fig. 4 에서와 같이 rapamycin \\( 50 \\mathrm{ng} / \\mathrm{ml} \\) 과 celecoxib \\( 50 \\mu \\mathrm{M} \\) 을 각각 처리하였을 때, 암세포의 증식이 약 \\( 20 \\% \\) 억제되는 것을 관찰하였다. 한편 레스베라트롤을 \\( 100 \\mu \\mathrm{M} \\) 을 처리하고 rapamycin 50 \\( \\mathrm{ng} / \\mathrm{ml} \\) 을 병합처리 했을 시에는 레스베라트롤을 \\( 100 \\mu \\mathrm{M} \\) 을 단독 처리했을 때의 약 \\( 60 \\% \\) 의 세포생존율보다 낮은 약 \\( 50 \\% \\) 의 세포생존율을 보였다. 레스베라트롤을 \\( 100 \\mu \\mathrm{M} \\) 을 처리하고 celecoxib \\( 50 \\mu \\mathrm{M} \\) 을 병합처리 했을 때, 역시 레스베라트롤을 \\( 100 \\mu \\mathrm{M} \\) 을 단독 처리했을 때 약 \\( 60 \\% \\) 의 세포생존율과 비고해 보았을 때 약 \\( 50 \\% \\) 로 더 낮은 세포생존율을 보였다. 이러한 결과는 암세포의 생존과 증식을 촉진하는 mTOR 와 COX의 활성의 저해로 인해 MCF-7 세포 증식이 억제되었기 때문인 것으로 보인다.</p><p>mTOR와 COX-2신호 분자의 조절 관계를 알아보기 위하여 MTT assay (Fig. 4)와 동일한 조건으로 레스베라트롤을 처리하여 Western blotting을 실시하여 실험 결과, Fig. 5 에서와 같이 Rapamycin \\( 50 \\mathrm{ng} / \\mathrm{ml} \\) 을 단독으로 처리하였을 때 COX-2의 발현이 감소하였으며 Rapamycin을 처리하고 레스베라트롤 \\( 100 \\mu \\mathrm{M} \\)을 병행처리 했을 때에는 단독으로 처리했을 때보다 mTOR와 COX-2의 활성이 더 강하게 저해됨을 확인하였다. 한편 celecoxib \\( 50 \\mu \\mathrm{M} \\)을 단독으로 처리했을 때에는 mTOR의 활성에 변화가 없었으며 celecoxib와 레스베라트롤을 병행처리 했을 때에는 mTOR의 활성이 감소하는 것을 확인 할 수 있었다.</p>",
                "context_length": 2963,
                "summary": "레스베라트롤이 MCF-7 세포의 증식에 미치는 영향을 분석한 결과 레스베라트롤의 농도가 증가함에 따라 MCF-7 세포의 증식억제에 더욱 효과적임을 알 수 있었으며, 이때, apoptosis가 유도됨을 확인하였다. 그리고 농도가 높아짐에 따라 농도 의존적으로 apoptosis 유도가 더욱 효과적 발현됨을 알았다. 또한 레스베라트롤의 농도 증가에 따라 mTOR와 COX-2의 발현 역시 감소하는 것을 확인하였다. 한편 rapamycin과 celecoxib를 처리하여 MCF-7 세포 증식에 대한 영향과 mTOR와 COX-2 신호 분자의 조절 관계를 분석한 결과 암세포의 생존과 증식을 촉진하는 mTOR 와 COX의 활성의 저해로 인해 MCF-7 세포 증식이 억제되었다고 추측할 있었다.",
                "clue": [
                    {
                        "clue_text": "이러한 결과 를 통해 레스베라트롤의 농도가 증가함에 따라 MCF-7 세포의 증식억제에 더욱 효과적으로 작용하는 것을 알 수 있었다.",
                        "clue_start": "411",
                        "clue_end": "484"
                    },
                    {
                        "clue_text": "동일한 조건으로 Annexin V-propodium iodide staining을 이용하여 apoptosis가 일어난 세포를 측정한 결과, 레스베라트롤을 처리했을 때 apoptosis가 유도됨을 역시 확인하였고 농도가 높아짐에 따라 농도 의존적으로 apoptosis 유도가 더욱 효과적으로 나타난다는 것을 알 수 있었다(Fig. 2B).",
                        "clue_start": "920",
                        "clue_end": "1108"
                    },
                    {
                        "clue_text": "Fig.3A 에서와 같이 레스베라트롤을 \\( 50 \\mu \\mathrm{M}, 100 \\mu \\mathrm{M}, 200 \\mu \\mathrm{M} \\) 으로 각각 처리했을 때, 농도 의존적으로 mTOR와 COX-2의 발현이 감소하는것을 관찰하였다.",
                        "clue_start": "1257",
                        "clue_end": "1396"
                    },
                    {
                        "clue_text": "본 연구에서는 rapamycin과 celecoxib를 처리하였을 때, MCF-7 세포 증식에 어떠한 영향을 미치는지 알아보고, 또한 mTOR와 COX-2 신호 분자의 조절 관계를 밝혀보고자 하였다.",
                        "clue_start": "1651",
                        "clue_end": "1761"
                    },
                    {
                        "clue_text": "이러한 결과는 암세포의 생존과 증식을 촉진하는 mTOR 와 COX의 활성의 저해로 인해 MCF-7 세포 증식이 억제되었기 때문인 것으로 보인다.",
                        "clue_start": "2433",
                        "clue_end": "2513"
                    }
                ],
                "terminology": [
                    {
                        "word": "COX"
                    },
                    {
                        "word": "COX-2"
                    },
                    {
                        "word": "Hoechst 33342"
                    },
                    {
                        "word": "MCF-7"
                    },
                    {
                        "word": "MTT assay"
                    },
                    {
                        "word": "Western blotting"
                    },
                    {
                        "word": "apoptosis 유도 효과"
                    },
                    {
                        "word": "apoptotic body"
                    },
                    {
                        "word": "celecoxib"
                    },
                    {
                        "word": "mTOR"
                    },
                    {
                        "word": "rapamycin"
                    },
                    {
                        "word": "농도 의존적"
                    },
                    {
                        "word": "레스베라트롤"
                    },
                    {
                        "word": "발현"
                    },
                    {
                        "word": "세포 증식"
                    },
                    {
                        "word": "세포생존율"
                    },
                    {
                        "word": "신호 분자"
                    },
                    {
                        "word": "염색체 응축 현상"
                    },
                    {
                        "word": "저해"
                    },
                    {
                        "word": "증식억제"
                    },
                    {
                        "word": "활성"
                    }
                ]
            },
            {
                "context_id": "55e-0c9-c7caa9e8-20bf-433f-9f90-9dfebc8854b5",
                "context_K-NSCC": {
                    "field": "생명",
                    "large_category": "LA",
                    "medium_category": "01"
                },
                "context": "<h1>재료 및 방법</h1><h2>재료</h2><p>레스베라트롤은 Sigma (St. Louis, MO, USA)에서 구입하여 dimethyl sulfoxide (DMSO)에 녹인 뒤 \\( 100 \\mathrm{mM} \\) stock으로 만들어 \\( -20^{\\circ} \\mathrm{C} \\) 에서 보관하여 사용하였다. Hoechst 33342, 3-(4,5-dime thylthiazol-2-yl)-2.5-diphenyltetrazolium bro- mide (MTT)는 Sigma에서 구입하여 멸균된 증류수에 5 \\( \\mathrm{mg} / \\mathrm{ml} \\) stock으로 만들어 \\( 4^{\\circ} \\mathrm{C} \\) 에서 보관하여 사용하였다. Rapamycin은 (San Diego, CA)에서 구입하여 \\( 50 \\mu \\mathrm{g} / \\mathrm{ml} \\) stock으로 만들어 사용하였다. Celecoxib는 Sigma에서 구입하여 DMSO에 녹인 후 \\( 100 \\mathrm{mM} \\) stock으로 만들어 \\( -20^{\\circ} \\mathrm{C} \\) 에서 보관하여 사용하였다.</p><h2>세포배양</h2><p>MCF-7 세포는 American Type Culture Collection (ATCC, Rockville, MD, USA)에서 분양 받았으며, \\( 10 \\% \\) 우태아혈청 (fetal bovine serum, FBS, Gibco BRL, Grand Island, NY, USA)과 \\( 1 \\% \\) antibiotics \\( (100 \\mathrm{mg} / 1 \\) steptomycin, \\( 100 \\mathrm{U} / \\mathrm{ml} \\) penicillin)가 포함된 RPMI 1640 배지(WelGENE Inc, Korea)를 사용하여 \\( 5 \\% \\mathrm{CO}_{2}, 37^{\\circ} \\mathrm{C} \\) 조건 하에서 배양하였다. 매 48시간 마다 Trypsin-EDTA (WelGENE Inc, Korea)를 이용하여 세포를 부유상태로 만든 다음, 세포를 \\( 1 \\times 10^{6} \\) 개/ml로 분주하여 계대하였다.</p><h2>MTT assay에 의한 세포생존율 측정</h2><p>세포배양용 12 well plate에 MCF-7 세포를 \\( 1 \\times 10^{5} \\) 개/ml로 분주하고 24 시간 동안 안정화시킨 다음 레스베라트롤을 50 \\( \\mu \\mathrm{M}, 100 \\mu \\mathrm{M}, 200 \\mu \\mathrm{M} \\)을 각각 처리하였다. Celecoxib와 rapa-mycin 처리시에는 celecoxib와 rapamycin을 30 분 먼저 처리 한 후 레스베라트롤을 처리하였다. 24 시간 후 \\( 0.5 \\mathrm{mg} / \\mathrm{ml} \\)의 농도로 MTT를 처리한 후 1 시간 동안 \\( \\mathrm{CO}_{2} \\) incubator에서 배양한 다음 MTT 시약이 들어있는 배지를 제거한 뒤에 DMSO 를 \\( 150 \\mu \\) 넣어 well에 생성된 formazan을 모두 녹인 후, 96 well plate에 \\( 100 \\mu 1 \\) 씩 옮겨서 Microplate Reader (BIO-RAD Laboratories, Inc. USA)로 \\( 595 \\mathrm{~nm} \\) 에서 흡광도를 측정하였다.</p><h2>Hoechst 33342를 이용한 chromatin 염색</h2><p>Cover glass가 놓여진 12 well plate에 MCF-7 세포를 \\( 1 \\times 10^{5} \\)개 \\(ml\\)로 분주하고 24 시간 동안 안정화시킨 다음 레스베라트롤을 \\( 50 \\mu \\mathrm{M}, 100 \\mu \\mathrm{M}, 200 \\mu \\mathrm{M} \\) 을 각각 처리하였다. 그 다음 hoechst 33342 시약을 \\( 10 \\mu mathrm{M} \\) 의 농도로 30분 동안 처리한 뒤 \\( 3.5 \\% \\) formaldehyde로 15분간 고정시킨 후에 phosphate buf-fered saline (PBS)으로 두 번 세척하였다. slide glass에 50\\% glycerol을 이용해 부착시키고 나서 형광현미경(Olympus Optical, Tokyo, Japan)을 이용하여 관찰하였다.</p><h2>Apoptosis 측정</h2><p>Apoptosis는 FITC-Annexin \\( \\mathrm{V} \\) apoptosis detection kit (BD Pharmingen \\( { }^{\\mathrm{TM}} \\), San Diego, CA)를 이용해 측정하였다. MCF-7세포를 \\( 100 \\mathrm{~mm} \\) dish에 배양하여 레스베라트롤을 처리한 후 24시간이 지난 뒤 Trypsin-EDTA (WelGENE Inc. Korea)를 이용하여 세포를 부유상태로 만들어 얻은 세포를 원심분리하여 pellet을 얻었다. 그 다음에 차가운 PBS로 washing 한 후 원심분리하여 pellet을 얻은 다음 bind buffer를 이용하여 MCF-7 세포를 \\( 1 \\times 10^{6} \\) 개/ml로 만들었다. MCF-7 세포에 Annexin V-fluorescein isothiocyanate와 propidium iodide를 넣어 15 분간 반응시킨 후 유세포 분석을 통해 측정하였다.</p><h2>Western bloting</h2><p>세포배양용 6 well plate에 MCF-7 세포를 \\( 1 \\times 10^{6} \\) 개/ \\( / \\mathrm{ml} \\) 로 분주하여 24시간 동안 배양한 다음 레스베라트롤을 처리하였다. Celecoxib와 rapamycin 처리시에는 celecoxib와 rapamycin을 30 분 먼저 처리한 후 레스베라트롤을 처리하였다. 모든 물질을 처리한 후 6 시간 동안 \\( \\mathrm{CO}_{2} \\) incubator에서 배양한 뒤 RIPA lysis buffer [25 mM Tris-HCl (pH 8.0), 1\\% NP-40, 0.5\\% sodium deoxycholate, \\( 150 \\mathrm{mM} \\mathrm{NaCl} \\) and \\( 1 \\mathrm{mM} \\) phenyl-methylsulfonyl fluoride]를 각 well에 \\( 150 \\mu \\) 씩 첨가하여 단백질을 분리한 뒤 원심분리하여 상등액만 취하였다. 추출한 단백질은 정량 후 \\( 8 \\% \\) acrylamide gel을 이용하여 전기영동을 실시한 후 nitrocellulose membrane에 transfer 하였다. 그 후 \\( 2 \\% \\) bovine serum albumin (BSA)를 이용해 blocking 한 후, p-mTOR, COX-2, B-actin의 1차 항체를 밤새 \\( 4^{\\circ} \\mathrm{C} \\)에서 반응시키고 2차 항체를 결합시킨 후 실험 결과를 측정하였다.</p>",
                "context_length": 3443,
                "summary": "MCF-7 세포는 American Type Culture Collection 에서 분양되었고 \\( 10 \\% \\) 우태아혈청과 \\( 1 \\% \\) antibiotics 가 포함된 RPMI 1640 배지를 사용하여 \\( 5 \\% \\mathrm{CO}_{2}, 37^{\\circ} \\mathrm{C} \\) 에서 배양하였다. MCF-7 세포를 \\( 1 \\times 10^{5} \\) 개/ml로 분주하고 24 시간 동안 안정화 해준 다음, 레스베라트롤 50 \\( \\mu \\mathrm{M}, 100 \\mu \\mathrm{M}, 200 \\mu \\mathrm{M} \\)을 처리하였다. MCF-7 세포에 Annexin V-fluorescein isothiocyanate와 propidium iodide를 넣고 15 분간 반응시킨 다음 유세포 분석으로 값을 도출하였다. \\( 2 \\% \\) bovine serum albumin (BSA)를 통해 blocking 하고, p-mTOR, COX-2, B-actin의 1차 항체를 하룻밤 동안 \\( 4^{\\circ} \\mathrm{C} \\)에서 반응시킨 다음, 2차 항체를 결합시킨 후 실험 결과를 도출할 수 있었다.",
                "clue": [
                    {
                        "clue_text": "MCF-7 세포는 American Type Culture Collection (ATCC, Rockville, MD, USA)에서 분양 받았으며, \\( 10 \\% \\) 우태아혈청 (fetal bovine serum, FBS, Gibco BRL, Grand Island, NY, USA)과 \\( 1 \\% \\) antibiotics \\( (100 \\mathrm{mg} / 1 \\) steptomycin, \\( 100 \\mathrm{U} / \\mathrm{ml} \\) penicillin)가 포함된 RPMI 1640 배지(WelGENE Inc, Korea)를 사용하여 \\( 5 \\% \\mathrm{CO}_{2}, 37^{\\circ} \\mathrm{C} \\) 조건 하에서 배양하였다.",
                        "clue_start": "601",
                        "clue_end": "978"
                    },
                    {
                        "clue_text": "세포배양용 12 well plate에 MCF-7 세포를 \\( 1 \\times 10^{5} \\) 개/ml로 분주하고 24 시간 동안 안정화시킨 다음 레스베라트롤을 50 \\( \\mu \\mathrm{M}, 100 \\mu \\mathrm{M}, 200 \\mu \\mathrm{M} \\)을 각각 처리하였다.",
                        "clue_start": "1127",
                        "clue_end": "1291"
                    },
                    {
                        "clue_text": "Cover glass가 놓여진 12 well plate에 MCF-7 세포를 \\( 1 \\times 10^{5} \\)개 \\(ml\\)로 분주하고 24 시간 동안 안정화시킨 다음 레스베라트롤을 \\( 50 \\mu \\mathrm{M}, 100 \\mu \\mathrm{M}, 200 \\mu \\mathrm{M} \\) 을 각각 처리하였다.",
                        "clue_start": "1731",
                        "clue_end": "1910"
                    },
                    {
                        "clue_text": "그 후 \\( 2 \\% \\) bovine serum albumin (BSA)를 이용해 blocking 한 후, p-mTOR, COX-2, B-actin의 1차 항체를 밤새 \\( 4^{\\circ} \\mathrm{C} \\)에서 반응시키고 2차 항체를 결합시킨 후 실험 결과를 측정하였다.",
                        "clue_start": "3282",
                        "clue_end": "3439"
                    }
                ],
                "terminology": [
                    {
                        "word": "6 well plate"
                    },
                    {
                        "word": "96 well"
                    },
                    {
                        "word": "96 well plate"
                    },
                    {
                        "word": "Annexin V-fluorescein"
                    },
                    {
                        "word": "Apoptosis"
                    },
                    {
                        "word": "B-actin"
                    },
                    {
                        "word": "BIO-RAD"
                    },
                    {
                        "word": "BIO-RAD Laboratories"
                    },
                    {
                        "word": "BRL"
                    },
                    {
                        "word": "BSA"
                    },
                    {
                        "word": "CA"
                    },
                    {
                        "word": "COX-2"
                    },
                    {
                        "word": "Celecoxib"
                    },
                    {
                        "word": "Collection"
                    },
                    {
                        "word": "Cover"
                    },
                    {
                        "word": "Cover glass"
                    },
                    {
                        "word": "FBS"
                    },
                    {
                        "word": "Gibco"
                    },
                    {
                        "word": "Gibco BRL"
                    },
                    {
                        "word": "MCF-7"
                    },
                    {
                        "word": "MTT"
                    },
                    {
                        "word": "MTT assay"
                    },
                    {
                        "word": "MTT 시약"
                    },
                    {
                        "word": "Microplate"
                    },
                    {
                        "word": "Microplate Reader"
                    },
                    {
                        "word": "PBS"
                    },
                    {
                        "word": "Pharmingen"
                    },
                    {
                        "word": "RIPA"
                    },
                    {
                        "word": "RPMI"
                    },
                    {
                        "word": "Rapamycin"
                    },
                    {
                        "word": "Tris-HCl"
                    },
                    {
                        "word": "Trypsin-EDTA"
                    },
                    {
                        "word": "acrylamide"
                    },
                    {
                        "word": "acrylamide gel"
                    },
                    {
                        "word": "albumin"
                    },
                    {
                        "word": "antibiotics"
                    },
                    {
                        "word": "apoptosis detection"
                    },
                    {
                        "word": "apoptosis detection kit"
                    },
                    {
                        "word": "assay"
                    },
                    {
                        "word": "bind"
                    },
                    {
                        "word": "blocking"
                    },
                    {
                        "word": "bovine"
                    },
                    {
                        "word": "bovine serum albumin"
                    },
                    {
                        "word": "buffer"
                    },
                    {
                        "word": "deoxycholate"
                    },
                    {
                        "word": "detection"
                    },
                    {
                        "word": "dimethyl sulfoxide"
                    },
                    {
                        "word": "fetal bovine serum"
                    },
                    {
                        "word": "formaldehyde"
                    },
                    {
                        "word": "formazan"
                    },
                    {
                        "word": "gel"
                    },
                    {
                        "word": "glycerol"
                    },
                    {
                        "word": "hoechst 33342"
                    },
                    {
                        "word": "incubator"
                    },
                    {
                        "word": "lysis"
                    },
                    {
                        "word": "lysis buffer"
                    },
                    {
                        "word": "membrane"
                    },
                    {
                        "word": "nitrocellulose"
                    },
                    {
                        "word": "nitrocellulose membrane"
                    },
                    {
                        "word": "p-mTOR"
                    },
                    {
                        "word": "pH"
                    },
                    {
                        "word": "pellet"
                    },
                    {
                        "word": "penicillin"
                    },
                    {
                        "word": "phenyl-methylsulfonyl fluoride"
                    },
                    {
                        "word": "phosphate buf-fered saline"
                    },
                    {
                        "word": "plate"
                    },
                    {
                        "word": "propidium iodide"
                    },
                    {
                        "word": "saline"
                    },
                    {
                        "word": "serum"
                    },
                    {
                        "word": "slide"
                    },
                    {
                        "word": "slide glass"
                    },
                    {
                        "word": "sodium"
                    },
                    {
                        "word": "sodium deoxycholate"
                    },
                    {
                        "word": "stock"
                    },
                    {
                        "word": "sulfoxide"
                    },
                    {
                        "word": "transfer"
                    },
                    {
                        "word": "well"
                    },
                    {
                        "word": "well plate"
                    },
                    {
                        "word": "계대"
                    },
                    {
                        "word": "단백질"
                    },
                    {
                        "word": "레스베라트롤"
                    },
                    {
                        "word": "배양"
                    },
                    {
                        "word": "배지"
                    },
                    {
                        "word": "부유상태"
                    },
                    {
                        "word": "분주"
                    },
                    {
                        "word": "세포"
                    },
                    {
                        "word": "세포배양"
                    },
                    {
                        "word": "세포배양용"
                    },
                    {
                        "word": "세포생존율"
                    },
                    {
                        "word": "우태아혈청"
                    },
                    {
                        "word": "원심분리"
                    },
                    {
                        "word": "유세포"
                    },
                    {
                        "word": "전기영동"
                    },
                    {
                        "word": "증류수"
                    },
                    {
                        "word": "항체"
                    },
                    {
                        "word": "형광현미경"
                    },
                    {
                        "word": "흡광도"
                    }
                ]
            }
        ]
    }
}