{
    "dataset_info": {
        "identifier": "02-031-002-NL",
        "name": "기술과학 문서 요약 데이터",
        "category": "자연어",
        "last_updated": "2023-08-30"
    },
    "dataset": {
        "doc_id": "8a2ae4d1-1971b0c5-02ea-43c9-83c0-d9a24f1b3f51",
        "doc_type": "논문",
        "doc_title": {
            "kor": "",
            "eng": "Response of Monodehydroascorbate Reductase in Lettuce Leaves Subjected to Low Temperature Stress"
        },
        "doc_category": {
            "KDC": "470.5",
            "DDC": ""
        },
        "doc_number": {
            "ISSN": "1225-9918",
            "ISBN": "",
            "DOI": "",
            "UCI": ""
        },
        "doc_year": "2011",
        "doc_author": [
            "강상재"
        ],
        "doc_publisher": "한국생명과학회",
        "doc_license": "CC BY",
        "context_info": [
            {
                "context_id": "55e-0c9-merge_la_8a2ae4d1-1971b0c5-02ea-43c9-83c0-d9a24f1b3f51_00",
                "context_K-NSCC": {
                    "field": "생명",
                    "large_category": "LA",
                    "medium_category": "09"
                },
                "context": "<h1>서 론</h1> <p>저온에 노출된 식물에서도 산화적 스트레스를 받아 활성산소인 수퍼옥사이드 \\( \\left ( \\cdot \\mathrm { O } _ { 2 } { } ^ { - } \\right ) \\)가 생성되므로 수퍼옥사이드 전이효소(Superoxide dismutase, SOD)가 다른 활성 산소종인 과산화수소로 환원시키는 효소적작용이 일어나며, 이 과정에서 생성된 과산화수소는 아스코브산(Ascorbate,ASC)의 항산화작용과 관련된 일련의 효소적과정으로 물로 환원되면서 무독화된다. 이 효소적 과정은 아스코브산이 전자공여체로 작용하고 아스코브산 과산화효소(Ascorbate peroxidase, APX)가 촉매하는 반응으로 일어나며 이 과정에서 아스코브산은 모노디하이드로아스코브산(Monodehydroascorbate, MDHA)으로 환원된다. 아스코브산 과산화효소에 의한 효소적과정의 중간생성물인 MDHA는 NADH를 전자공여체로 하여 MDHA 환원 효소(MDHA reductase)의 작용을 받아 아스코브산으로 직접 재생되거나, 비효소적 과정으로 디하이드로아스 코브산(Dehydroascorbate, DHA)으로 환원된다. 이 과정에서 MDHA 환원효소는 활성 산소종인 과산화수소의 제거 과정에 일차적인 역할을 하는 것으로 잘 알려져 있으며, 세포 내 아스코브산의 수준을 일정하게 유지하는 데 매우 중요한 역할을 하는 효소이다. MDHA 환원효소는 dehydroascorbate reductase (DHAR)의 작용과 적절한 네트워크로 연결되어 있는 항산화효소이며, 이 효소의 활성은 엽록체뿐 만 아니라 사이토졸, 마이토콘드리아 등에서도 발현된다고 알려져 있다.</p> <p>MDHA 환원효소의 활성도 변화는 수분부족, 오존, 과산화수소 처리등에서 확인 되었으며, 상추, 오이, 대두, 시금치, 배추 등의 여러 식물종에서 나타난다고 보고되어 있다. 또한 시금치 엽록체에서 분리한 MDHA 환원효소의 정제와 cDNA를 클로닝하여 그 특성을 보고한 바 있으며, 완두콩에 존재하는 MDHA 환원효소의 cDNA를 클로닝하여 여러 가지 스트레스에 반응하는 MDHA 환원효소의 활성과 단백질발현, mRNA수준 등을 보고한 바에 의하면 연속적 광조사, 강한 광, 연속된 암조건, 물리적 손상, 저온, 고온, 제초제, 카드믐 등에 노출시킨 잎에서 MDHA 환원효소의 활성도의 변화가 있음이 보고되어 있다. 저온처리한 상추의 잎 내에서 아스코브산 과산화효소와 DHA 환원효소와의 일련의 효소적작용과 비효소적 항산화작용과 관련된 요인들과의 관련성과 항산화효소의 활성도와 이 효소들의 mRNA의 수준은 밀접하게 연관되어 있음을 보고하였다. 식물체의 저온스트레스의 적응성과 관련된 항산화효소의 변화는 주로 SOD, 카탈레이스(Catalase), APX, 글루타싸이온 환원효소(Glutathione reductase, GR) 등과 연관된 작용으로 보고되어 있으나, MDHA 환원효소의 작용과의 관련성을 보고한 결과는 거의 없는 실정이이다. 따라서 본 연구에서는 정상적으로 생육하고 있는 상추식물을 저온에 노출시킨 후 과산화수소의 독성을 제거하는 항산화물질인 아스코브산과 일련의 효소적과정 중에 작용하는 MDHA 환원효소와의 연관성을 확인하여 식물체의 저온 적응성에 대한 기초자료를 얻기 위하여 수행하였다.</p>",
                "context_length": 1631,
                "summary": "저온에 노출된 식물은 산화적 스트레스로 인해 수퍼옥사이드가 생성되며, SOD가 과산화수소로 환원시키는 효소적 작용을 하고 이 과정에서 생성된 과산화수소는 물로, 아스코브산은 모노디하이드로아스코브산으로, MDHA는 DHA로 환원된다. 식물체의 저온스트레스의 적응성과 관련된 항산화효소의 변화와 MDHA 환원효소의 작용과의 관련성을 보고한 결과는 거의 없어, 본 연구에서는 항산화물질인 아스코브산과 일련의 효소적과정 중에 작용하는 MDHA 환원효소와의 연관성을 확인하여 식물체의 저온 적응성에 대한 기초자료를 얻고자 한다.",
                "clue": [
                    {
                        "clue_text": "저온에 노출된 식물에서도 산화적 스트레스를 받아 활성산소인 수퍼옥사이드 \\( \\left ( \\cdot \\mathrm { O } _ { 2 } { } ^ { - } \\right ) \\)가 생성되므로 수퍼옥사이드 전이효소(Superoxide dismutase, SOD)가 다른 활성 산소종인 과산화수소로 환원시키는 효소적작용이 일어나며, 이 과정에서 생성된 과산화수소는 아스코브산(Ascorbate,ASC)의 항산화작용과 관련된 일련의 효소적과정으로 물로 환원되면서 무독화된다.",
                        "clue_start": "16",
                        "clue_end": "281"
                    },
                    {
                        "clue_text": "이 효소적 과정은 아스코브산이 전자공여체로 작용하고 아스코브산 과산화효소(Ascorbate peroxidase, APX)가 촉매하는 반응으로 일어나며 이 과정에서 아스코브산은 모노디하이드로아스코브산(Monodehydroascorbate, MDHA)으로 환원된다.",
                        "clue_start": "282",
                        "clue_end": "428"
                    },
                    {
                        "clue_text": "아스코브산 과산화효소에 의한 효소적과정의 중간생성물인 MDHA는 NADH를 전자공여체로 하여 MDHA 환원 효소(MDHA reductase)의 작용을 받아 아스코브산으로 직접 재생되거나, 비효소적 과정으로 디하이드로아스 코브산(Dehydroascorbate, DHA)으로 환원된다.",
                        "clue_start": "429",
                        "clue_end": "586"
                    },
                    {
                        "clue_text": "식물체의 저온스트레스의 적응성과 관련된 항산화효소의 변화는 주로 SOD, 카탈레이스(Catalase), APX, 글루타싸이온 환원효소(Glutathione reductase, GR) 등과 연관된 작용으로 보고되어 있으나, MDHA 환원효소의 작용과의 관련성을 보고한 결과는 거의 없는 실정이이다.",
                        "clue_start": "1313",
                        "clue_end": "1478"
                    },
                    {
                        "clue_text": "따라서 본 연구에서는 정상적으로 생육하고 있는 상추식물을 저온에 노출시킨 후 과산화수소의 독성을 제거하는 항산화물질인 아스코브산과 일련의 효소적과정 중에 작용하는 MDHA 환원효소와의 연관성을 확인하여 식물체의 저온 적응성에 대한 기초자료를 얻기 위하여 수행하였다.",
                        "clue_start": "1479",
                        "clue_end": "1627"
                    }
                ],
                "terminology": [
                    {
                        "word": "APX"
                    },
                    {
                        "word": "DHA"
                    },
                    {
                        "word": "GR"
                    },
                    {
                        "word": "MDHA"
                    },
                    {
                        "word": "MDHA 환원효소"
                    },
                    {
                        "word": "NADH"
                    },
                    {
                        "word": "SOD"
                    },
                    {
                        "word": "cDNA"
                    },
                    {
                        "word": "dehydroascorbate reductase"
                    },
                    {
                        "word": "mRNA"
                    },
                    {
                        "word": "과산화수소"
                    },
                    {
                        "word": "과산화효소"
                    },
                    {
                        "word": "글루타싸이온"
                    },
                    {
                        "word": "네트워크"
                    },
                    {
                        "word": "디하이드로아스 코브산"
                    },
                    {
                        "word": "마이토콘드리아"
                    },
                    {
                        "word": "무독화"
                    },
                    {
                        "word": "비효소적"
                    },
                    {
                        "word": "비효소적 과정"
                    },
                    {
                        "word": "사이토졸"
                    },
                    {
                        "word": "수퍼옥사이드"
                    },
                    {
                        "word": "수퍼옥사이드 전이효소"
                    },
                    {
                        "word": "아스코브산"
                    },
                    {
                        "word": "아스코브산 과산화효소"
                    },
                    {
                        "word": "엽록체"
                    },
                    {
                        "word": "저온스트레스"
                    },
                    {
                        "word": "전이효소"
                    },
                    {
                        "word": "전자공여체"
                    },
                    {
                        "word": "촉매"
                    },
                    {
                        "word": "카탈레이스"
                    },
                    {
                        "word": "클로닝"
                    },
                    {
                        "word": "항산화물질"
                    },
                    {
                        "word": "항산화효소"
                    },
                    {
                        "word": "환원"
                    },
                    {
                        "word": "환원효소"
                    },
                    {
                        "word": "활성"
                    },
                    {
                        "word": "활성산소"
                    }
                ]
            },
            {
                "context_id": "55e-0c9-merge_la_8a2ae4d1-1971b0c5-02ea-43c9-83c0-d9a24f1b3f51_04",
                "context_K-NSCC": {
                    "field": "생명",
                    "large_category": "LA",
                    "medium_category": "03"
                },
                "context": "<h2>아스코브산과 디하이드로아스코브산의 함량변화</h2> <p>아스코브산과 관련된 효소의 작용과 저온과 같은 스트레스에 적응하기 위하여 생성되는 항산화물질인 아스코브산과 그 환원형인 디하이드로아스코브산과의 관련성을 확인하기 위하여 저온에 노출되는 시간에 따라 생성되는 변화를 확인한 결과는 Fig. 2와 같다.</p> <p>아스코브산의 함량 변화는 Fig. 1A에서 보는 바와 같이 저온에 노출된 동안 거의 일정하게 증가하는 경향을 보였다. 그러나 dehydroascorbate의 함량은 저온에 노출되는 동안 급격히 감소하였다가 실온으로 회복되면 약간 증가하는 경향을 보였다. 식물에서 과산화수소를 무독화하는 과정은 아스코브산과 관련된 일련의 효소가 작용하는 메카니즘으로 발현된다. 식물은 변화하는 환경스트레스에 적응하기 위하여 아스코브산의 함량은 일정한 수준으로 유지되어야 하므로 아스코브산의 재생과 관련된 효소의 활성이 증가함에 따라 아스코브산과 디하이드로아스코브산의 비율이 일정해지는 것으로 추정할 수 있다. 상추식물의 경우 저온에 노출시켰을 때는 MDHA 환원효소의 활성도가 증가하다가 저온 스트레스를 회복시키면 MDHA 환원효소의 활성도는 다시 감소한다. 상추식물의 잎 내 아스코브산의 함량은 급격하게 증가되며, 이때 아스코브산의 재생과 관련된 다른 효소가 작용한 결과라고 생각된다. 따라서 아스코브산이 재생되는 속도가 증가하면서 다하이드로아스코브산의 함량은 상대적으로 감소하는 것으로 생각된다. 엽채소류 내 항산화물인 아스코브산의 함량을 증가시키기 위하여 일정기간 동안 저온에 노출시킨 후 적정온도로 회복시키면 그 함량을 다소 증가시킬 수 있을 것으로 생각된다.</p> <h2>MDHA 환원효소 활성도와 아스코브산, 디하이드로아스코브산과의 상관관계</h2> <p>아스코브산은 식물을 저온에 노출시켰을 때 이와 관련된 여러 효소들과의 상호작용으로 세포내 수준이 약간씩 증가하면서 식물이 저온에 대한 저항성을 획득하는 것으로 생각할 수 있다. 엽록체분획과 세포질분획에서 MDHA 환원효소의 활성도 증가와 상추식물의 잎 내 아스코브산 또는 디하이드로아스코브산의 함량 변화와의 상관관계를 확인한 결과는 Fig. 3과 같다.</p> <p>저온 처리를 한 상추의 잎 내 아스코브산의 함량은 \\( 0.180 \\) \\( \\mu \\mathrm { mol } \\cdot \\mathrm { gfw } ^ { -1 } \\) 에서 \\( 0.199 \\mu \\mathrm { mol } \\cdot \\mathrm { gfw } ^ { -1 } \\)범위 내에 있었으며, 엽록체분획과 세포질분획의 MDHA 환원효소의 활성도와의 상관관계는 각각 비슷한 정의 상관 \\( \\left ( \\mathrm { R } ^ { 2 } =0.9240,0.9108 \\right ) \\)을 나타내어 식물체내에서 아스코브산의 함량과MDHA 환원효소의 활성도와 밀접한 관련을 가지는 것으로 생각된다. 그러나 환원형인 디하이드로아스코브산의 함량과 MDHA 환원 효소의 활성도 사이에는 각각 더 강한 부의 상관 \\( \\left ( \\mathrm { R } ^ { 2 } =0.8638,0.8980 \\right ) \\)을 나타내었다. 이 결과는 상추식물이 저온과 같은 스트레스에 노출되었을 때 일차적으로 아스코브산 과산화효소의 촉매작용으로 중간생성물인 MDHA가 생성되며, MDHA 환원효소가 중간생성물을 아스코브산으로 재생을 촉진시키므로 MDHA 환원효소의 활성도와 아스코브산의 함량과는 정의 상관을 가지게 되는 것으로 생각된다. 이러한 경향은 엽록체분획과 세포질분획에서 비슷한 경향을 가지므로 이 효소는 엽록체와 세포질에 존재하는 것으로 생각된다. 반면 MDHA 환원효소의 활성도가 증가하면서 환원형인 디하이드로아스코브산으로 환원되는 양이 감소하기 때문에 MDHA 환원효소의 활성도와 DHA의 함량과는 부의 상관을 가지는 것으로 생각되며 이러한 경향은 아스코브산과의 상관관계와 연관을 가지는 것으로 생각된다.</p>",
                "context_length": 1943,
                "summary": "아스코브산과 관련된 효소의 작용과 스트레스 적응성을 위한 항산화물질 생성 관련성을 확인하기 위해 저온에 노출되는 시간에 따른 아스코브산과 디하이드로아스코브산의 변화를 측정하였다. 저온에 노출되면서 아스코브산은 일정하게 증가하고, dehydroascorbate은 먼저 감소 후 다시 증가하는 경향을 보였다. 저온 스트레스에서 상추의 MDHA 환원효소 활성도는 증가하였지만, 스트레스 회복 후 다시 감소하였다. 이러한 변화는 아스코브산의 함량과 MDHA 환원효소의 활성도와 밀접한 관련성을 보여주었다.",
                "clue": [
                    {
                        "clue_text": "아스코브산과 관련된 효소의 작용과 저온과 같은 스트레스에 적응하기 위하여 생성되는 항산화물질인 아스코브산과 그 환원형인 디하이드로아스코브산과의 관련성을 확인하기 위하여 저온에 노출되는 시간에 따라 생성되는 변화를 확인한 결과는 Fig. 2와 같다.",
                        "clue_start": "36",
                        "clue_end": "174"
                    },
                    {
                        "clue_text": "아스코브산의 함량 변화는 Fig. 1A에서 보는 바와 같이 저온에 노출된 동안 거의 일정하게 증가하는 경향을 보였다.",
                        "clue_start": "182",
                        "clue_end": "247"
                    },
                    {
                        "clue_text": "그러나 dehydroascorbate의 함량은 저온에 노출되는 동안 급격히 감소하였다가 실온으로 회복되면 약간 증가하는 경향을 보였다.",
                        "clue_start": "248",
                        "clue_end": "323"
                    },
                    {
                        "clue_text": "상추식물의 경우 저온에 노출시켰을 때는 MDHA 환원효소의 활성도가 증가하다가 저온 스트레스를 회복시키면 MDHA 환원효소의 활성도는 다시 감소한다.",
                        "clue_start": "513",
                        "clue_end": "596"
                    },
                    {
                        "clue_text": "저온 처리를 한 상추의 잎 내 아스코브산의 함량은 \\( 0.180 \\) \\( \\mu \\mathrm { mol } \\cdot \\mathrm { gfw } ^ { -1 } \\) 에서 \\( 0.199 \\mu \\mathrm { mol } \\cdot \\mathrm { gfw } ^ { -1 } \\)범위 내에 있었으며, 엽록체분획과 세포질분획의 MDHA 환원효소의 활성도와의 상관관계는 각각 비슷한 정의 상관 \\( \\left ( \\mathrm { R } ^ { 2 } =0.9240,0.9108 \\right ) \\)을 나타내어 식물체내에서 아스코브산의 함량과MDHA 환원효소의 활성도와 밀접한 관련을 가지는 것으로 생각된다.",
                        "clue_start": "1087",
                        "clue_end": "1431"
                    }
                ],
                "terminology": [
                    {
                        "word": "DHA의 함량과"
                    },
                    {
                        "word": "MDHA 환원효소"
                    },
                    {
                        "word": "dehydroascorbate"
                    },
                    {
                        "word": "과산화수소"
                    },
                    {
                        "word": "디하이드로아스코브산"
                    },
                    {
                        "word": "무독화"
                    },
                    {
                        "word": "부의 상관"
                    },
                    {
                        "word": "상관관계"
                    },
                    {
                        "word": "세포질"
                    },
                    {
                        "word": "세포질분획"
                    },
                    {
                        "word": "아스코브산"
                    },
                    {
                        "word": "아스코브산 과산화효소"
                    },
                    {
                        "word": "저온 스트레스"
                    },
                    {
                        "word": "활성"
                    }
                ]
            },
            {
                "context_id": "55e-0c9-merge_la_8a2ae4d1-1971b0c5-02ea-43c9-83c0-d9a24f1b3f51_02",
                "context_K-NSCC": {
                    "field": "생명",
                    "large_category": "LA",
                    "medium_category": "08"
                },
                "context": "<h2>과산화수소의 함량</h2> <p>과산화수소의 함량의 측정은 시료 \\( 0.5 \\mathrm { ~g } \\)을 액체질소를 넣고 마쇄한 후 10배 부피의 \\( 0.1 \\%( \\mathrm { w } / \\mathrm { v } ) \\) trichloroacetic acid (TCA)로 현탁하여 추출하고 원심분리(12,000× \\( g, 15 \\) 분)하였다. 상징액을 \\( 10 \\mathrm { mM } \\) 인산완충액( \\( \\mathrm { pH } 7.0) \\)과 \\( 1 \\mathrm { M } \\mathrm { KI } \\)를 첨가하여 발색시킨 후 \\( 390 \\mathrm { ~nm } \\)에서 흡광도를 측정하고 표준곡선에 의해 과산화수소의 함량을 \\( \\mu \\mathrm { mol } \\cdot \\mathrm { gfw } ^ { -1 } \\)단위로 환산하였다.</p> <h2>아스코브산과 디하이드로아스코브산의 함량</h2> <p>아스코브산과 디하이드로아스코브산 함량의 측정은 Foyer 등과 Yoshimura 등의 방법을 혼용하여 사용하였다. 시료 \\( (0.5 \\mathrm { ~g } ) \\)를 액체질소를 넣고 마쇄한 후 10배 부피의 \\( 6 \\%( \\mathrm { v } / \\mathrm { v } ) \\) \\( \\mathrm { HClO } _ { 4 } \\)용액으로 추출한 후 \\( 12,000 \\times g \\)에서 원심분리하였다. 아스코브산의 함량은 수집한 상징액을 인산완충액 \\( ( \\mathrm { pH } 12.7) \\)으로 10배 희석한 직후 \\( 265 \\mathrm { ~nm } \\)에서 흡광도를 측정하고, 동일한 상징액에 아스코브산 산화효소(ascorbate oxidase 5 units)를 첨가하고 동일한 파장에서 측정한 흡광도 차이를 표준곡선에 의하여 계산하여 측정하였다. 디하이드로아스코브산의 함량은 총 아스코브산의 함량에서 아스코브산의 함량을 뺀 값으로 나타내었다. 총 아스코브산의 함량은 추출액 \\( 1 \\mathrm { ml } \\) 에 \\( 1.2 \\) \\( \\mathrm { M } \\mathrm { K } _ { 2 } \\mathrm { CO } _ { 3 } \\)를 첨가하여 최종 \\( \\mathrm { pH } \\) 를 \\( 6.0 \\)으로 조정한 반응액에 10 \\( \\mathrm { mM } \\) dithiothreitol (DTT)을 넣고 \\( 25 ^ {\\circ } \\mathrm { C } \\)에서 10분간 반응시켜 아스코브산의 측정방법과 동일하게 측정하였으며 각각의 함량은 \\( \\mu \\mathrm { mol } \\cdot \\mathrm { gfw } ^ { -1 } \\)단위로 나타내었다.</p>",
                "context_length": 1343,
                "summary": "과산화수소 및 아스코브산, 디하이드로아스코브산 함량을 측정하기 위해 각 0.5g의 시료를 추출하고 원심분리하였다. 과산화수소의 함량은 인산완충액과 1MKI으로 발색시킨 후, 흡광도를 측정하고 표준곡선을 통해 환산하여 측정하였고, 아스코브산의 함량은 인산완충액으로 희석한 후의 흡광도와 아스코브산 산화효소를 첨가한 후의 흡광도의 차이를 표준곡선을 통해 계산하여 측정하였으며, 디하이드로아스코브산의 함량은 총 아스코브산의 함량에서 아스코브산의 함량을 뺀 값으로 나타냈다.",
                "clue": [
                    {
                        "clue_text": "과산화수소의 함량의 측정은 시료 \\( 0.5 \\mathrm { ~g } \\)을 액체질소를 넣고 마쇄한 후 10배 부피의 \\( 0.1 \\%( \\mathrm { w } / \\mathrm { v } ) \\) trichloroacetic acid (TCA)로 현탁하여 추출하고 원심분리(12,000× \\( g, 15 \\) 분)하였다.",
                        "clue_start": "22",
                        "clue_end": "204"
                    },
                    {
                        "clue_text": "상징액을 \\( 10 \\mathrm { mM } \\) 인산완충액( \\( \\mathrm { pH } 7.0) \\)과 \\( 1 \\mathrm { M } \\mathrm { KI } \\)를 첨가하여 발색시킨 후 \\( 390 \\mathrm { ~nm } \\)에서 흡광도를 측정하고 표준곡선에 의해 과산화수소의 함량을 \\( \\mu \\mathrm { mol } \\cdot \\mathrm { gfw } ^ { -1 } \\)단위로 환산하였다.",
                        "clue_start": "205",
                        "clue_end": "442"
                    },
                    {
                        "clue_text": "아스코브산의 함량은 수집한 상징액을 인산완충액 \\( ( \\mathrm { pH } 12.7) \\)으로 10배 희석한 직후 \\( 265 \\mathrm { ~nm } \\)에서 흡광도를 측정하고, 동일한 상징액에 아스코브산 산화효소(ascorbate oxidase 5 units)를 첨가하고 동일한 파장에서 측정한 흡광도 차이를 표준곡선에 의하여 계산하여 측정하였다.",
                        "clue_start": "718",
                        "clue_end": "920"
                    },
                    {
                        "clue_text": "디하이드로아스코브산의 함량은 총 아스코브산의 함량에서 아스코브산의 함량을 뺀 값으로 나타내었다.",
                        "clue_start": "921",
                        "clue_end": "974"
                    }
                ],
                "terminology": [
                    {
                        "word": "dithiothreitol"
                    },
                    {
                        "word": "oxidase"
                    },
                    {
                        "word": "trichloroacetic acid"
                    },
                    {
                        "word": "units"
                    },
                    {
                        "word": "과산화수소"
                    },
                    {
                        "word": "디하이드로아스코브산"
                    },
                    {
                        "word": "마쇄"
                    },
                    {
                        "word": "산화효소"
                    },
                    {
                        "word": "시료"
                    },
                    {
                        "word": "아스코브산"
                    },
                    {
                        "word": "인산완충액"
                    },
                    {
                        "word": "파장"
                    },
                    {
                        "word": "표준곡선"
                    },
                    {
                        "word": "흡광도"
                    }
                ]
            },
            {
                "context_id": "55e-0c9-merge_la_8a2ae4d1-1971b0c5-02ea-43c9-83c0-d9a24f1b3f51_01",
                "context_K-NSCC": {
                    "field": "생명",
                    "large_category": "LA",
                    "medium_category": "08"
                },
                "context": "<h1>재료 및 방법</h1> <h2>공시작물의 생육 및 저온 처리</h2> <p>상추(Lactuca Sativa L. cv. Baronet, Journey Co. USA)를 공시작물로 하여 전보와 같은 생육조건 하에서 생육시켰다. 4주간 생육시킨 공시작물을 \\( 4 ^ {\\circ } \\mathrm { C } \\)로 조절된 암상태의 생장상에서 24시간 동안 저온처리 하였으며, 분석용 잎 시료는 처리 시간별 (0,3,6,12,24시간째)로 채취하였다. 저온 처리 한 후 공시작물을 최적 생육온도 \\( \\left (20 ^ {\\circ } \\mathrm { C } \\right ) \\)에서 회복시켰으며, 회복 처리 시간별(24, 48시간)로 각각 분석용 잎 시료를 채취하고 즉시 액체질소에 담가 동결한 후 저온냉동고 \\( \\left (-70 ^ {\\circ } \\mathrm { C } \\right ) \\)에 보관하면서 실험에 사용하였다.</p> <h2>조효소액의 조제 및 MDHAR 활성도 측정</h2> <p>MDHA 환원효소의 활성도 측정을 위한 조효소액은 Hossaine 등과 Jimenez 등의 방법을 혼용하여 조제하였다. 시료 \\( (1 \\mathrm { ~g } ) \\)를 액체질소를 넣고 마쇄한 후 10배 부피의 추출액 \\( (100 \\mathrm { mM } \\) 인산완충액, \\( \\mathrm { pH } \\) 7.5, 1 \\( \\mathrm { mM } \\) EDTA, \\(0.33 \\mathrm { M } \\) Mannitol, \\( 1.0 \\%( \\mathrm { w } / \\mathrm { v } ) \\mathrm { PVP } -40,1 \\mathrm { mM } \\) PMSF)을 첨가하여 현탁하였다. 현탁액을 두겹의 miracloth로 거른 다음 2,200 × \\( \\mathrm { g } \\)에서 5분간 원심분리하여 수집한 침전물을 엽록체분획(Chloroplastic fraction)으로 하였다. 상징액은 \\( 15,000 \\times g \\)로 원심분리하여 침전물을 제거하고 수집한 상징액을 세포질분획 (Cytosolic fraction)으로 하였다. 각 분획 조효소액의 단백질 함량은 Bradford의 방법으로 측정하였다. MDHA 환원효소의 활성도 측정은 Hossain 등의 방법을 약간 변형하여 다음과 같이 측정하였다. 일정량 \\( (50 \\mu l ) \\)의 조효소액과 반응용액 [50 \\( \\mathrm { mM } \\) 인산완충액 \\( ( \\mathrm { pH } 7.6), 0.3 \\mathrm { mM } NADH, 2.5 \\mathrm { mM } \\) ascorbate]을 최종부피가 \\( 1 \\mathrm { ml } \\)가 되도록 혼합하였다. 이 반응 용액에 0.5unit의 ascorbate oxidase (Sigma사)를 넣어 반응을 개시하였으며, NADH의 산화정도 \\( \\left ( \\varepsilon = 6,200 \\mu \\mathrm { M } ^ { -1 } \\mathrm { ~cm } ^ { -1 } \\right ) \\)를 340 \\( \\mathrm { nm } \\)에서 1분 동안 흡광도 변화를 측정하고 감소된 흡광도를 효소의 활성도로 계산하여 나타내었다.</p>",
                "context_length": 1595,
                "summary": "상추를 공시작물로 해 특정 생육 조건 하에 생육시켰다. 생육한 공시작물은 저온 처리 후 최적 생육온도에서 회복시켰고 회복 처리 시간별로 분석용 잎을 채취 후 액체질소에 동결하고 저온냉동고에 보관해 실험에 사용했다. 조효소액은 Hossaine과 Jimenez등의 방법을 혼용해 조제했고 이는 MDHA 환원효소의 활성도 측정에 이용한다. 이 조효소액의 일정량과 반응용액을 최종 부피\\( 1 \\mathrm { ml } \\)되도록 혼합했다. 이 용액에 0.5unit의 ascorbate oxidase를 넣어 반응 개시 후 NADH의 감소된 흡광도를 MDHA 환원효소의 활성도로 계산해 나타냈다.",
                "clue": [
                    {
                        "clue_text": "상추(Lactuca Sativa L. cv. Baronet, Journey Co. USA)를 공시작물로 하여 전보와 같은 생육조건 하에서 생육시켰다.",
                        "clue_start": "46",
                        "clue_end": "129"
                    },
                    {
                        "clue_text": "저온 처리 한 후 공시작물을 최적 생육온도 \\( \\left (20 ^ {\\circ } \\mathrm { C } \\right ) \\)에서 회복시켰으며, 회복 처리 시간별(24, 48시간)로 각각 분석용 잎 시료를 채취하고 즉시 액체질소에 담가 동결한 후 저온냉동고 \\( \\left (-70 ^ {\\circ } \\mathrm { C } \\right ) \\)에 보관하면서 실험에 사용하였다.",
                        "clue_start": "255",
                        "clue_end": "470"
                    },
                    {
                        "clue_text": "MDHA 환원효소의 활성도 측정을 위한 조효소액은 Hossaine 등과 Jimenez 등의 방법을 혼용하여 조제하였다.",
                        "clue_start": "511",
                        "clue_end": "577"
                    },
                    {
                        "clue_text": "일정량 \\( (50 \\mu l ) \\)의 조효소액과 반응용액 [50 \\( \\mathrm { mM } \\) 인산완충액 \\( ( \\mathrm { pH } 7.6), 0.3 \\mathrm { mM } NADH, 2.5 \\mathrm { mM } \\) ascorbate]을 최종부피가 \\( 1 \\mathrm { ml } \\)가 되도록 혼합하였다.",
                        "clue_start": "1157",
                        "clue_end": "1347"
                    },
                    {
                        "clue_text": "이 반응 용액에 0.5unit의 ascorbate oxidase (Sigma사)를 넣어 반응을 개시하였으며, NADH의 산화정도 \\( \\left ( \\varepsilon = 6,200 \\mu \\mathrm { M } ^ { -1 } \\mathrm { ~cm } ^ { -1 } \\right ) \\)를 340 \\( \\mathrm { nm } \\)에서 1분 동안 흡광도 변화를 측정하고 감소된 흡광도를 효소의 활성도로 계산하여 나타내었다.",
                        "clue_start": "1348",
                        "clue_end": "1591"
                    }
                ],
                "terminology": [
                    {
                        "word": "Bradford"
                    },
                    {
                        "word": "MDHA 환원효소"
                    },
                    {
                        "word": "MDHAR"
                    },
                    {
                        "word": "NADH"
                    },
                    {
                        "word": "PMSF"
                    },
                    {
                        "word": "PVP"
                    },
                    {
                        "word": "ascorbate oxidase"
                    },
                    {
                        "word": "miracloth"
                    },
                    {
                        "word": "pH"
                    },
                    {
                        "word": "공시작물"
                    },
                    {
                        "word": "단백질"
                    },
                    {
                        "word": "마쇄"
                    },
                    {
                        "word": "반응용액"
                    },
                    {
                        "word": "분획"
                    },
                    {
                        "word": "산화정도"
                    },
                    {
                        "word": "상징액"
                    },
                    {
                        "word": "생육"
                    },
                    {
                        "word": "생육조건"
                    },
                    {
                        "word": "생장상"
                    },
                    {
                        "word": "세포질분획"
                    },
                    {
                        "word": "시료"
                    },
                    {
                        "word": "액체질소"
                    },
                    {
                        "word": "엽록체분획"
                    },
                    {
                        "word": "원심분리"
                    },
                    {
                        "word": "인산완충액"
                    },
                    {
                        "word": "저온처리"
                    },
                    {
                        "word": "조효소액"
                    },
                    {
                        "word": "침전물"
                    },
                    {
                        "word": "현탁"
                    },
                    {
                        "word": "현탁액"
                    },
                    {
                        "word": "활성도"
                    },
                    {
                        "word": "흡광도 변화"
                    }
                ]
            },
            {
                "context_id": "55e-0c9-merge_la_8a2ae4d1-1971b0c5-02ea-43c9-83c0-d9a24f1b3f51_05",
                "context_K-NSCC": {
                    "field": "생명",
                    "large_category": "LA",
                    "medium_category": "05"
                },
                "context": "<h2>MDHA 환원효소 활성도와 과산화수소 생성량과 상관관계</h2> <p>저온은 식물에 산화적스트레스로 작용하므로 과산화수소의 함량이 증가되므로, MDHA 환원효소의 활성과의 상관관계를 확인한 결과는 Fig. 5와 같다. 엽록체분획과 세포질분획 모두에서 과산화수소의 생성량이 증가하면 MDHA 환원효소의 활성도 각각 정의 상관 \\( \\left ( \\mathrm { R } ^ { 2 } =0.9443,0.9647 \\right ) \\)을 나타내었다.</p> <p>식물은 세포 내에서 생성되는 활성산소인 수퍼옥사이드( • \\( \\mathrm { O } _ { 2 } ^ { - } \\))는 엽록체 틸라코이드의 광계 I (photosystem I )에서 전자수용체의 자동산화작용으로 생성되는 피할 수 없는 작용이다. 수퍼옥사이드의 독성을 제거하기 위하여 일차적으로 수퍼옥사이드 전이효소(SOD)가 작용하여 과산화수소로 환원되고, 이 과산화수소는 일련의 효소적반응으로 물로 환원되는 과정을 가지는 시스템으로 진화되어 있다. 이때 생성된 과산화수소는 아스코브산이 전자공여체로 작용하고 아스코브산 과산화효소가 작용하여 물로 환원된다. 과산화수소를 무독화하는 일련의 효소적작용에 관여하는 효소는 아스코브산 과산화효소와 디하이드로아스코브산 환원효소 등이 관여한다. 이와 네트웍으로 연결된 MDHA 환원효소의 활성도가 증가되어 과산화수소를 무독화하지만 식물체 내 과산화수소의 생성량은 계속 증가되어 정의 상관을 가지는 것으로 생각된다. 이 결과는 수분부족스트레스를 처리한 상추의 잎 내에서도 동일한 결과를 얻었으며, 오존처리, 관수온도등에 대해서도 비슷한 결과를 보였다. 또한 시금치와 토마토 등 식물의 종류에 따라서 비슷한 경향을 나타내는 것으로 보고되어 있다. Okuda 등은 겨울밀의 잎에 저온처리를 하였을 때 과산화수소의 함량이 처리한 후 수분 내에 3배 이상 증가하였으며 15 내지 20분이 지나면 정상 수준으로 회복한다고 보고하였다. 그러나 상추식물에서 저온 처리 시간이 증가하면서 과산화수소의 함량이 점진적으로 증가하였으며, 오이식물에서도 과산화수소의 함량이 증가하는 경향을 나타내었다.</p> <h2>MDHA 환원효소의 Northern Blot</h2> <p>저온처리에 의한 상추의 잎 내에서 스트레스에 적응하는 메카니즘에 관련된 몇 가지 효소의 활성은 증가하는 경향을 보이며, 저온 스트레스를 처리한 경우 상추식물의 잎내 MDHA 환원효소의 mRNA수준 변화를 Northern Blot 분석으로 나타낸 결과는 Fig. 6과 같다. 저온스트레스 처리 시간이 증가할수록 MDHA 환원효소의 활성도는 엽록체분획과 세포질분획 모두에서 급격하게 증가하다가 저온을 회복시키면 활성도가 회복되는 결과를 보이고 있다. 저온에 노출된 시간이 증가할수록 MDHA 환원효소의 mRNA의 발현 수준도 증가하는 경향을 나타내고 있으며, 총 MDHA 환원효소의 활성도가 저온에 노출되는 시간이 증가할수록 증가하였다.</p> <p>이 결과는 저온과 같은 환경에 노출되었을 때 식물의 저온 적응성의 획득에 관여하는 효소적과정에서 아스코브산과 연관된 효소는 아스코브산 과산화효소와 디하이드로아스코브산 환원효소와 더불어 MDHA 환원효소의 활성도 효소적과정에 직접적으로 연관되어 있음을 확인할 수 있다. 따라서 상추 식물은 저온 스트레스에 노출되면 아스코브산의 재생과 관련된 MDHA 환원효소의 활성이 증가될 뿐만 아니라 mRNA의 수준이 증가되어 환경조건에 적응하는 반응을 가지는 것으로 생각할 수 있다. 상추식물에서 수분부족 스트레스와 같은 환경스트레스의 처리에서 MDHA 환원효소의 mRNA 수준이 증가하는 경향을 보였다. 저온처리에 의한 아스코브산 과산화효소와 디하이드로아스코브산 환원효소의 mRNA 의 수준이 효소의 활성도와 정의 상관으로 증가하는 경향을 보였으며, MDHA 환원효소의 mRNA 수준이 비슷한 경향으로 증가하므로 이 세 가지 효소가 일련의 작용을 한다는 것을 추정할 수 있다.</p>",
                "context_length": 1948,
                "summary": "식물 세포에서는 과산화수소의 생성량이 증가하면 MDHA 환원효소의 활성도도 상관관계를 보이며, 이는 엽록체 분획과 세포질 분획에서 모두 확인되었다. 활성 산소인 수퍼옥사이드는 식물의 엽록체에서 발생하는데, 이는 불가피한 과정으로 광계 I에서 자동산화 작용에 의해 생성된다. 또한, 저온 스트레스에 의한 상추의 스트레스 적응 메카니즘과 관련하여, 상추의 잎 내에서 특정 효소의 활성이 증가하는 것이 확인되었다. 특히, 저온 스트레스 시간이 증가함에 따라 MDHA 환원효소의 활성도가 엽록체분획과 세포질분획에서 급증하며, 저온을 회복하면 활성도도 회복하는 경향을 보였다.",
                "clue": [
                    {
                        "clue_text": "엽록체분획과 세포질분획 모두에서 과산화수소의 생성량이 증가하면 MDHA 환원효소의 활성도 각각 정의 상관 \\( \\left ( \\mathrm { R } ^ { 2 } =0.9443,0.9647 \\right ) \\)을 나타내었다.",
                        "clue_start": "126",
                        "clue_end": "252"
                    },
                    {
                        "clue_text": "식물은 세포 내에서 생성되는 활성산소인 수퍼옥사이드( • \\( \\mathrm { O } _ { 2 } ^ { - } \\))는 엽록체 틸라코이드의 광계 I (photosystem I )에서 전자수용체의 자동산화작용으로 생성되는 피할 수 없는 작용이다.",
                        "clue_start": "260",
                        "clue_end": "399"
                    },
                    {
                        "clue_text": "저온처리에 의한 상추의 잎 내에서 스트레스에 적응하는 메카니즘에 관련된 몇 가지 효소의 활성은 증가하는 경향을 보이며, 저온 스트레스를 처리한 경우 상추식물의 잎내 MDHA 환원효소의 mRNA수준 변화를 Northern Blot 분석으로 나타낸 결과는 Fig. 6과 같다.",
                        "clue_start": "1098",
                        "clue_end": "1250"
                    },
                    {
                        "clue_text": "저온스트레스 처리 시간이 증가할수록 MDHA 환원효소의 활성도는 엽록체분획과 세포질분획 모두에서 급격하게 증가하다가 저온을 회복시키면 활성도가 회복되는 결과를 보이고 있다.",
                        "clue_start": "1251",
                        "clue_end": "1347"
                    }
                ],
                "terminology": [
                    {
                        "word": "MDHA 환원효소"
                    },
                    {
                        "word": "Northern Blot 분석"
                    },
                    {
                        "word": "mRNA 수준"
                    },
                    {
                        "word": "과산화수소"
                    },
                    {
                        "word": "광계"
                    },
                    {
                        "word": "디하이드로아스코브산 환원효소"
                    },
                    {
                        "word": "메카니즘"
                    },
                    {
                        "word": "발현"
                    },
                    {
                        "word": "산화적스트레스"
                    },
                    {
                        "word": "상관관계"
                    },
                    {
                        "word": "세포"
                    },
                    {
                        "word": "세포질분획"
                    },
                    {
                        "word": "수퍼옥사이드 전이효소"
                    },
                    {
                        "word": "식물체"
                    },
                    {
                        "word": "아스코브산 과산화효소"
                    },
                    {
                        "word": "엽록체 틸라코이드"
                    },
                    {
                        "word": "저온스트레스"
                    },
                    {
                        "word": "저온처리"
                    },
                    {
                        "word": "전자공여체"
                    },
                    {
                        "word": "전자수용체"
                    },
                    {
                        "word": "활성"
                    },
                    {
                        "word": "활성도"
                    }
                ]
            },
            {
                "context_id": "55e-0c9-merge_la_8a2ae4d1-1971b0c5-02ea-43c9-83c0-d9a24f1b3f51_03",
                "context_K-NSCC": {
                    "field": "생명",
                    "large_category": "LA",
                    "medium_category": "08"
                },
                "context": "<h2>총 RNA 추출 및 Northern Blot</h2> <p>총 RNA의 분리는 Chang 등의 방법을 약간 수정한 CTAB 완충액(2% CTAB, \\( 100 \\mathrm { mM } \\) Tris, \\( \\mathrm { pH } \\) 8.0, \\( 20 \\mathrm { mM } \\) EDTA, \\( 1.4 \\mathrm { M } \\mathrm { NaCl } ) \\) 을 사용하여 분리하였다. 총 RNA(11.4 μg)는 1.5% (w/v) agarose 젤[1×MOPS (20 mM \\( N \\)-morpholino) propanesulfonic acid, pH 7.0), \\( 2 \\mathrm { mM } \\mathrm { Na } \\)-acetate, \\( 1 \\mathrm { mM } \\) EDTA, 3.7 \\% (v/v) formaldehyde)에서 전기영동한 후 Sambrook 등의 방법을 약간 수정하여 20배의 SSC 용액에서 membrane에 전이시켰다.</p> <p>Monodehydroascorbate 환원효소의 \\( \\mathrm { cDNA } \\)는 시금치의 cDNA (accession. No. AB063289)로부터 프라이머 제작 프로그램 (Primer3, Whitehead Institute, USA)을 사용하여 프라이머[MDHAR: 5'-CAT TTT GTC CAA TTC TCC AT-3' (F), 5'- TCC TCA TTT TCT CTT TCC AA-3' (R)]를 제작하여 전보와 동일한 조건에서 \\( \\mathrm { PCR } \\)을 수행하였다. 증폭시킨 DNA단편을 주형으로 하여 random primer DNA 표지 프로토콜을 사용하여 \\( \\left [ \\mathrm { a } ^ { 32 } \\mathrm { P } \\right ] \\mathrm { dCTP } (50 \\mu \\mathrm { Ci } / \\mathrm { ml } ) \\) 로 표지하였으며 Northern blot분석은 전보와 동일한 방법으로 수행하였다.</p> <h1>결과 및 고찰</h1> <h2>MDHA 환원효소의 활성도변화</h2> <p>\\( 4 ^ {\\circ } \\mathrm { C } \\)의 저온에 24시간 노출시킨 상추의 잎 내에서 아스코스산의 재생과 관련된 MDHA 환원효소(MDHAR)의 활성도는 엽록체분획과 세포질분획에서 추출하여 측정하였으며 그 활성도 변화는 Fig. 1과 같다.</p> <p>Fig. 1에 나타난 바와 같이 MDHA 환원효소의 활성도 변화는 저온에 노출되는 시간이 길어질수록 활성도가 증가하였으며, 특히 저온에 노출된 시간이 6시간이 지나면서 급격하게 증가하는 경향을 보였다. 엽록체분획과 세포질분획에서 동일한 경향을 보이며 실온으로 회복시켰을 때 MDHA 환원효소의 활성도가 감소하는 경향을 보였다. 전보에서 식물이 저온과 같은 스트레스에 노출되면 산화적 스트레스가 증가하게 되고 이때 생성되는 과산화수소를 제거하기 위한 메카니즘을 가지고 있다. 아스코브산을 전자공여체로 사용하는 아스코브산 과산화효소(APX)와 DHA 환원효소(DHAR)의 활성이 급격하게 증가하는 것으로 나타났다. 이와 이는 오이의 잎에서 저온 처리를 함으로써 과산화수소의 함량이 증가하고, 수퍼옥사이드 전이효소(SOD)의 활성도도 증가한다고 보고하였다. 그러나 \\( 25 ^ {\\circ } \\mathrm { C } \\)로 회복시키면 수퍼옥사이드 전이효소의 활성도는 회복되지만 과산화수소의 함량은 상당히 증가한다고 하였다. 이 결과는 저온스트레스가 오이식물에 대한 산화적스트레스로 작용하고 있음을 확인할 수 있으며, 아스코브산 과산화효소와 글루타사이온 환원효소(GR)가 작용하여 과산화수소를 제거하기 위한 메카니즘이 발현된다고 하였다. 저온에 노출된 식물에서 저온에 적응하는 메카니즘은 카탈레이스나 수퍼옥사이드 전이효소뿐 만 아니라 아스코브산과 관련된 몇 가지 효소가 작용하는 것으로 생각할 수 있다.</p>",
                "context_length": 1940,
                "summary": "총 RNA 분리를 위해 CTAB 완충액을 사용하여 작업하였으며, Primer3 프로그램을 이용해 프라이머를 제작하였다. 이를 바탕으로 PCR 작업을 수행하였다. DNA 단편을 증폭시키고, 이를 random primer DNA 표지 프로토콜을 사용하여 표지한 후, Northern blot 분석을 수행하였다. 또한, 4℃의 저온에 24시간 노출된 상추 잎에서 MDHA 환원효소(MDHAR)의 활성도를 엽록체분획과 세포질분획에서 추출하여 측정하였다.",
                "clue": [
                    {
                        "clue_text": "총 RNA의 분리는 Chang 등의 방법을 약간 수정한 CTAB 완충액(2% CTAB, \\( 100 \\mathrm { mM } \\) Tris, \\( \\mathrm { pH } \\) 8.0, \\( 20 \\mathrm { mM } \\) EDTA, \\( 1.4 \\mathrm { M } \\mathrm { NaCl } ) \\) 을 사용하여 분리하였다.",
                        "clue_start": "37",
                        "clue_end": "229"
                    },
                    {
                        "clue_text": "No. AB063289)로부터 프라이머 제작 프로그램 (Primer3, Whitehead Institute, USA)을 사용하여 프라이머[MDHAR: 5'-CAT TTT GTC CAA TTC TCC AT-3' (F), 5'- TCC TCA TTT TCT CTT TCC AA-3' (R)]를 제작하여 전보와 동일한 조건에서 \\( \\mathrm { PCR } \\)을 수행하였다.",
                        "clue_start": "580",
                        "clue_end": "789"
                    },
                    {
                        "clue_text": "증폭시킨 DNA단편을 주형으로 하여 random primer DNA 표지 프로토콜을 사용하여 \\( \\left [ \\mathrm { a } ^ { 32 } \\mathrm { P } \\right ] \\mathrm { dCTP } (50 \\mu \\mathrm { Ci } / \\mathrm { ml } ) \\) 로 표지하였으며 Northern blot분석은 전보와 동일한 방법으로 수행하였다.",
                        "clue_start": "790",
                        "clue_end": "1006"
                    },
                    {
                        "clue_text": "\\( 4 ^ {\\circ } \\mathrm { C } \\)의 저온에 24시간 노출시킨 상추의 잎 내에서 아스코스산의 재생과 관련된 MDHA 환원효소(MDHAR)의 활성도는 엽록체분획과 세포질분획에서 추출하여 측정하였으며 그 활성도 변화는 Fig. 1과 같다.",
                        "clue_start": "1057",
                        "clue_end": "1201"
                    },
                    {
                        "clue_text": "\\( 4 ^ {\\circ } \\mathrm { C } \\)의 저온에 24시간 노출시킨 상추의 잎 내에서 아스코스산의 재생과 관련된 MDHA 환원효소(MDHAR)의 활성도는 엽록체분획과 세포질분획에서 추출하여 측정하였으며 그 활성도 변화는 Fig. 1과 같다.",
                        "clue_start": "1057",
                        "clue_end": "1201"
                    }
                ],
                "terminology": [
                    {
                        "word": "CTAB"
                    },
                    {
                        "word": "DNA단편"
                    },
                    {
                        "word": "MDHA 환원효소"
                    },
                    {
                        "word": "NaCl"
                    },
                    {
                        "word": "Northern Blot"
                    },
                    {
                        "word": "PCR"
                    },
                    {
                        "word": "RNA"
                    },
                    {
                        "word": "RNA 추출"
                    },
                    {
                        "word": "SSC"
                    },
                    {
                        "word": "Sambrook"
                    },
                    {
                        "word": "TCA"
                    },
                    {
                        "word": "TTC"
                    },
                    {
                        "word": "Whitehead"
                    },
                    {
                        "word": "agarose 젤"
                    },
                    {
                        "word": "cDNA"
                    },
                    {
                        "word": "dCTP"
                    },
                    {
                        "word": "formaldehyde"
                    },
                    {
                        "word": "membrane"
                    },
                    {
                        "word": "pH"
                    },
                    {
                        "word": "random primer DNA 표지 프로토콜"
                    },
                    {
                        "word": "과산화수소"
                    },
                    {
                        "word": "메카니즘"
                    },
                    {
                        "word": "발현"
                    },
                    {
                        "word": "산화적스트레스"
                    },
                    {
                        "word": "세포질분획"
                    },
                    {
                        "word": "수퍼옥사이드 전이효소"
                    },
                    {
                        "word": "아스코브산"
                    },
                    {
                        "word": "아스코브산 과산화효소"
                    },
                    {
                        "word": "아스코스산"
                    },
                    {
                        "word": "엽록체분획"
                    },
                    {
                        "word": "완충액"
                    },
                    {
                        "word": "저온스트레스"
                    },
                    {
                        "word": "전기영동"
                    },
                    {
                        "word": "전보"
                    },
                    {
                        "word": "전자공여체"
                    },
                    {
                        "word": "프라이머"
                    },
                    {
                        "word": "환원효소"
                    },
                    {
                        "word": "활성"
                    },
                    {
                        "word": "활성도"
                    }
                ]
            }
        ]
    }
}