{
    "dataset_info": {
        "identifier": "02-031-002-NL",
        "name": "기술과학 문서 요약 데이터",
        "category": "자연어",
        "last_updated": "2023-08-30"
    },
    "dataset": {
        "doc_id": "8a2ae4d1-2a2d0f11-e4bb-4dab-8dd8-83afc17d4dba",
        "doc_type": "논문",
        "doc_title": {
            "kor": "",
            "eng": "Anti-Inflammatory and Antioxidant Effect of Astaxanthin Derived from Microalgae"
        },
        "doc_category": {
            "KDC": "470.5",
            "DDC": ""
        },
        "doc_number": {
            "ISSN": "1225-9918",
            "ISBN": "",
            "DOI": "",
            "UCI": ""
        },
        "doc_year": "2011",
        "doc_author": [],
        "doc_publisher": "한국생명과학회",
        "doc_license": "CC BY",
        "context_info": [
            {
                "context_id": "55e-0c9-merge_la_8a2ae4d1-2a2d0f11-e4bb-4dab-8dd8-83afc17d4dba_02",
                "context_K-NSCC": {
                    "field": "생명",
                    "large_category": "LA",
                    "medium_category": "04"
                },
                "context": "<h2>세포 생존율 측정</h2> <p>RAW264.7 cell을 96 well plate에 \\( 5 \\times 10 ^ { 4 } \\) cells/well로 분주하여 16시간 배양한 후, ATX를 농도별 \\( (25-100 \\mu \\mathrm { M } ) \\)로 처리하여 1시간 동안 배양하였다. 그 후, lipopolysaccharide (LPS)를 처리하여 \\( 37 ^ {\\circ } \\mathrm { C } \\), \\(5 \\% \\mathrm { CO } _ { 2 } \\) incubator에서 20시간 배양하였다. 세포배양액을 제거한 후, 세포에 MTT를 \\( 0.5 \\mathrm { mg } / \\mathrm { ml } \\)의 농도로 처리하여 4시간 배양한 후, 배지를 제거하고 생성된 formazan crystals을 DMSO에 녹여 ELISA microplate reader (Tecan, USA)로 \\( 570 \\mathrm { ~nm } \\)에서 흡광도를 측정하여 세포의 생존율을 구하였다. 세포의 생존율은 control cell에 대한 백분율로 표시하엿다.</p> <h2>Nitric oxide ( \\( \\mathrm { NO } \\)) 생성량 측정</h2> <p>RAW264.7 cell을 96 well plate에 \\( 1 \\times 10 ^ { 5 } \\) cells/well로 분주 하여 16시간 배양한 후, ATX를 농도별( \\(25-100 \\mu \\mathrm { M } \\))로 처리하여 1시간 동안 배양하였다. 그 후, LPS로 처리하여 \\( 37 ^ {\\circ } \\mathrm { C } \\), \\( 5 \\% \\) \\( \\mathrm { CO } _ { 2 } \\) incubator에서 20시간 배양하고, \\( \\mathrm { NO } \\)의 양을 Griess 시약으로 측정하였다. 즉, 세포배양액 \\( 100 \\mu \\mathrm { l } \\)와 Griess 시약(1 \\( \\% \\) sul-fanilamide in \\( 5 \\% \\) phosphoric acid + \\( 1 \\% \\) \\( \\alpha \\)-naphthylamide in \\( \\left . \\mathrm { H } _ { 2 } \\mathrm { O } \\right ) \\) \\(100 \\mu \\mathrm { l } \\)를 혼합하여 96 well plate에서 15분 동안 반응시킨 후, \\( 540 \\mathrm { ~nm } \\)에서 ELISA microplate reader (Tecan, USA)로 흡광도를 측정하였다. Sodium nitrite \\( \\left ( \\mathrm { NaNO } _ { 2 } \\right ) \\)로 흡광도를 측정하여 표준곡선을 얻은 후, \\( \\mathrm { NO } \\)의 농도를 산출하였다.</p>",
                "context_length": 1388,
                "summary": "RAW264.7 cell을 96 well plate에 \\( 5 \\times 10 ^ { 4 } \\) cells/well로 분주하고 ATX, LPS를 처리하여 37\\(^\\circ \\mathrm{C}\\), 5% CO2 incubator에서 20시간 배양한 후, MTT를 0.5 mg/ml로 처리하여 세포 생존율을 570 nm에서 ELISA microplate reader로 측정하고 Griess 시약으로 NO 생성량을 540 nm에서 ELISA microplate reader로 측정하여 세포 생존율과 NO 생성량을 측정하였다.",
                "clue": [
                    {
                        "clue_text": "RAW264.7 cell을 96 well plate에 \\( 5 \\times 10 ^ { 4 } \\) cells/well로 분주하여 16시간 배양한 후, ATX를 농도별 \\( (25-100 \\mu \\mathrm { M } ) \\)로 처리하여 1시간 동안 배양하였다.",
                        "clue_start": "22",
                        "clue_end": "169"
                    },
                    {
                        "clue_text": "그 후, lipopolysaccharide (LPS)를 처리하여 \\( 37 ^ {\\circ } \\mathrm { C } \\), \\(5 \\% \\mathrm { CO } _ { 2 } \\) incubator에서 20시간 배양하였다. 세포배양액을 제거한 후, 세포에 MTT를 \\( 0.5 \\mathrm { mg } / \\mathrm { ml } \\)의 농도로 처리하여 4시간 배양한 후, 배지를 제거하고 생성된 formazan crystals을 DMSO에 녹여 ELISA microplate reader (Tecan, USA)로 \\( 570 \\mathrm { ~nm } \\)에서 흡광도를 측정하여 세포의 생존율을 구하였다.",
                        "clue_start": "170",
                        "clue_end": "515"
                    },
                    {
                        "clue_text": "즉, 세포배양액 \\( 100 \\mu \\mathrm { l } \\)와 Griess 시약(1 \\( \\% \\) sul-fanilamide in \\( 5 \\% \\) phosphoric acid + \\( 1 \\% \\) \\( \\alpha \\)-naphthylamide in \\( \\left . \\mathrm { H } _ { 2 } \\mathrm { O } \\right ) \\) \\(100 \\mu \\mathrm { l } \\)를 혼합하여 96 well plate에서 15분 동안 반응시킨 후, \\( 540 \\mathrm { ~nm } \\)에서 ELISA microplate reader (Tecan, USA)로 흡광도를 측정하였다.",
                        "clue_start": "918",
                        "clue_end": "1265"
                    }
                ],
                "terminology": [
                    {
                        "word": "96 well plate"
                    },
                    {
                        "word": "ATX"
                    },
                    {
                        "word": "DMSO"
                    },
                    {
                        "word": "ELISA microplate reader"
                    },
                    {
                        "word": "Griess 시약"
                    },
                    {
                        "word": "LPS"
                    },
                    {
                        "word": "MTT"
                    },
                    {
                        "word": "Nitric oxide"
                    },
                    {
                        "word": "RAW264.7 cell"
                    },
                    {
                        "word": "Sodium nitrite"
                    },
                    {
                        "word": "cells/well"
                    },
                    {
                        "word": "control cell"
                    },
                    {
                        "word": "formazan"
                    },
                    {
                        "word": "incubator"
                    },
                    {
                        "word": "lipopolysaccharide"
                    },
                    {
                        "word": "phosphoric acid"
                    },
                    {
                        "word": "배지"
                    },
                    {
                        "word": "세포배양액"
                    },
                    {
                        "word": "표준곡선"
                    },
                    {
                        "word": "흡광도"
                    }
                ]
            },
            {
                "context_id": "55e-0c9-merge_la_8a2ae4d1-2a2d0f11-e4bb-4dab-8dd8-83afc17d4dba_07",
                "context_K-NSCC": {
                    "field": "생명",
                    "large_category": "LA",
                    "medium_category": "04"
                },
                "context": "<h2>ATX가 LPS로 유도된 NF- \\( \\kappa \\)B활성에 미치는 효과</h2> <p>ATX가 LPS로 유도된 NF- \\( \\kappa \\)B 활성에 미치는 영향을 알아보기 위하여 immunoblot analysis로 NF- \\( \\kappa \\)B (p65 subunit)의 발현수준을 조사하였다. Kim 등은 NF- \\( \\kappa \\)B가 LPS 처리 후 30-60분에 활성화 되었다고 보고하였으며, 본 실험도 동일한 양상을 나타내었다. LPS 처리 후, 30 및 60분에서 NF- \\( \\kappa \\)B 활성이 나타났으며, \\( 100 \\mu \\mathrm { M } \\) 의 ATX 처리로 억제되었다. 이 결과는 ATX가 NF- \\( \\kappa \\)B 활성을 억제한다는 것을 나타내며, 이는 ATX 가 I \\( \\kappa \\)B \\( \\alpha \\) 분해를 저해하여 NF- \\( \\kappa \\)B 가 핵으로 전위하는 것을 억제함을 의미한다.</p> <h2>Superoxide radical 소거활성에 의한 ATX와 \\( \\alpha \\)-tocopherol의 항산화효능 비교</h2> <p>비효소석 superoxide radical 생성계인 \\( \\mathrm { NADH } \\) / PMS에서 superoxide radical의 소거능은 ATX의 경우 \\( 0.01-5 \\mathrm { mg } / \\mathrm { ml } \\)의 농도에서 농도 의존적으로 소거되는 경향을 나타내었으며, positive control인 \\( \\alpha \\)-tocopherol에서도 동일한 양상을 나타내었다. 또한 \\( 5 \\mathrm { mg } / \\mathrm { ml } \\)의 농도에서 ATX는 \\( \\alpha \\)-tocopherol에 비해 superoxide radical 소거능이 1.33배 더 높았다.</p> <h2>ROS의 생성에 미치는 ATX의 효과</h2> <p>ATX의 항산화작용이 세포 내에서 발생하는 ROS 수준에 있어서도 동일한 양상을 나타내는 지를 조사하기 위해 대식세포인 RAW264.7 cell을 이용하여 실험을 수행하였다. LPS 처리군은 대조군에 비해 약 3.3배의 ROS 생성량이 증가하였으며, 이러한 ROS의 증가는 ATX에 의해 농도 의존적으로 억제되었다. 즉, ATX 처리군(25-100 \\( \\mu \\mathrm { M } \\))은 농도의존적으로 LPS로 유도된 ROS 생성을 유의성 있게 억제하였다 \\( (p<0.01) \\).</p> <h1>고 찰</h1> <p>염증, 자가면역질환, 암, 노화, 뇌혈관질환, 심혈관계질환 등의 원인이 ROS인 free radical (hydroxyl 및 peroxyl radicals) 및 singlet oxygen 생성에 관련이 있다는 사실이 밝혀짐에 따라 항산화 효능을 가지는 식품의 섭취를 통해 노화를 지연시키고, 여러 가지 질병을 예방 및 치료하고자 하는 노력이 증가하고 있다. 이러한 질병들을 일으키는 ROS는 매우 불안정하고 반응성이 아주 강해 세포내 단백질, 당 및 지방산은 물론이고, 유전정보를 함유한 DNA 까지도 산화적 손상을 입히며, 결과적으로 이러한 손상은 세포에 치명적인 피해를 입혀 세포가 기능을 잃거나 암세포로 변형되는 것으로 알려져 있다.</p>",
                "context_length": 1613,
                "summary": "ATX의 NF- \\( \\kappa \\)B 활성 억제 효과 및 이를 통한 핵 전위 억제 메커니즘에 대해 분석하였다. 또한, ATX의 항산화 작용이 세포 내 ROS 수준에 어떠한 영향을 미치는지 대식세포를 이용한 실험을 통해 조사하였다. 이러한 연구는 ROS 생성과 관련된 여러 질병 예방 및 치료에 대한 의미있는 노력으로 볼 수 있다.",
                "clue": [
                    {
                        "clue_text": "ATX가 LPS로 유도된 NF- \\( \\kappa \\)B 활성에 미치는 영향을 알아보기 위하여 immunoblot analysis로 NF- \\( \\kappa \\)B (p65 subunit)의 발현수준을 조사하였다.",
                        "clue_start": "54",
                        "clue_end": "173"
                    },
                    {
                        "clue_text": "이 결과는 ATX가 NF- \\( \\kappa \\)B 활성을 억제한다는 것을 나타내며, 이는 ATX 가 I \\( \\kappa \\)B \\( \\alpha \\) 분해를 저해하여 NF- \\( \\kappa \\)B 가 핵으로 전위하는 것을 억제함을 의미한다.",
                        "clue_start": "350",
                        "clue_end": "487"
                    },
                    {
                        "clue_text": "ATX의 항산화작용이 세포 내에서 발생하는 ROS 수준에 있어서도 동일한 양상을 나타내는 지를 조사하기 위해 대식세포인 RAW264.7 cell을 이용하여 실험을 수행하였다.",
                        "clue_start": "957",
                        "clue_end": "1054"
                    },
                    {
                        "clue_text": "염증, 자가면역질환, 암, 노화, 뇌혈관질환, 심혈관계질환 등의 원인이 ROS인 free radical (hydroxyl 및 peroxyl radicals) 및 singlet oxygen 생성에 관련이 있다는 사실이 밝혀짐에 따라 항산화 효능을 가지는 식품의 섭취를 통해 노화를 지연시키고, 여러 가지 질병을 예방 및 치료하고자 하는 노력이 증가하고 있다.",
                        "clue_start": "1252",
                        "clue_end": "1451"
                    }
                ],
                "terminology": [
                    {
                        "word": "ATX"
                    },
                    {
                        "word": "LPS"
                    },
                    {
                        "word": "LPS 처리군"
                    },
                    {
                        "word": "NADH"
                    },
                    {
                        "word": "PMS"
                    },
                    {
                        "word": "RAW264.7"
                    },
                    {
                        "word": "RAW264.7 cell"
                    },
                    {
                        "word": "ROS"
                    },
                    {
                        "word": "Superoxide radical 소거활성"
                    },
                    {
                        "word": "free radical"
                    },
                    {
                        "word": "hydroxyl"
                    },
                    {
                        "word": "immunoblot analysis"
                    },
                    {
                        "word": "peroxyl radicals"
                    },
                    {
                        "word": "singlet oxygen"
                    },
                    {
                        "word": "subunit"
                    },
                    {
                        "word": "superoxide radical 소거능"
                    },
                    {
                        "word": "tocopherol"
                    },
                    {
                        "word": "산화적 손상"
                    },
                    {
                        "word": "심혈관계질환"
                    },
                    {
                        "word": "자가면역질환"
                    },
                    {
                        "word": "전위"
                    },
                    {
                        "word": "지방산"
                    },
                    {
                        "word": "항산화"
                    },
                    {
                        "word": "항산화작용"
                    },
                    {
                        "word": "항산화효능"
                    }
                ]
            },
            {
                "context_id": "55e-0c9-merge_la_8a2ae4d1-2a2d0f11-e4bb-4dab-8dd8-83afc17d4dba_04",
                "context_K-NSCC": {
                    "field": "생명",
                    "large_category": "LA",
                    "medium_category": "04"
                },
                "context": "<h2>Cytokine 측정</h2> <p>96 well plate에 세포 ( \\(5 \\times 10 ^ { 5 } \\)cells/ \\( \\mathrm { ml } \\))를 분주하여 16시간동안 배양한 후, ATX를 농도별 ( \\( 25-100 \\mu \\mathrm { M } \\)) 로 1시간 처리한 후, LPS로 처리하여 \\( 37 ^ {\\circ } \\mathrm { C } , 5 \\% \\mathrm { CO } _ { 2 } \\) incubator에서 20시간 배양하였다. 세포배양액 안에 존재하는 IL-6와 TNF- \\( \\alpha \\) 생성량을 ELISA Kit (Pierce Endogen, Rockford, IL, USA)를 사용하여 측정하였다.</p> <h2>Reporter constructs, transfection, reporter cell line, and luciferase assay</h2> <p>NGL cell \\( \\left (5 \\times 10 ^ { 5 } \\right . cells/ \\mathrm { ml } ) \\)를 16시간 배양한 후, ATX를 농도 별 \\( (25-100 \\mu \\mathrm { M } ) \\)로 1시간 처리한 후 LPS( \\(1 \\mu \\mathrm { g } / \\mathrm { ml } ) \\) 로 처리하고 24시간 동안 배양한 후, cell을 분리하여 Promega luciferase assay system (Promega, Madison, CA, USA)과 luminometer (Tecan, USA)를 이용하여 luciferase activity를 측정하였다. NF- \\( \\kappa \\)B 매개된 luciferase activity를 총 cell lysates의 단백질함량으로 표준화하였고, 단백질의 양은 BCA protein assay kit (Pierce, Rockford, IL, USA)로 측정하였다.</p> <h2>Superoxide radical scavenging activity assay</h2> <p>Superoxide radical \\( \\left ( \\mathrm { O } _ { 2 } ^ { - } \\right ) \\)scavenging activity assay는 산소 라디칼의 제거능을 확인하는 실험법으로 PMS- \\( \\mathrm { NADH } \\) super-oxide generating system을 이용하였다. 즉, Nitroblue tetrazo-lium (NBT, \\( 156 \\mu \\mathrm { M } \\)) 1 \\( \\mathrm { ml } \\) 와 \\( \\beta \\)-nicotinamide adenine dinu-cleotide hydrate (NADH, \\(468 \\mu \\mathrm { M } \\)) 1 \\( \\mathrm { ml } \\) 를 혼합하고, positive control과 각 농도의 시료를 \\( 1 \\mathrm { ml } \\) 씩 넣어 교반한 후, \\( 1 \\mathrm { ml } \\) 의 phenazine methosulfate (PMS, \\(60 \\mu \\mathrm { M } \\)) 를 넣고 \\( 25 ^ {\\circ } \\mathrm { C } \\) 에서 5분간 배양한 후, \\( 560 \\mathrm { ~nm } \\) 에서 absorbance를 측정하였다.</p>",
                "context_length": 1655,
                "summary": "세포를 배양에서 ATX와 LPS 처리 후 IL-6과 TNF-\\(\\alpha\\) 생성량을 ELISA Kit로 측정하였다. NGL cell을 ATX와 LPS 처리 배양된 cell을 분리하여 Promega luciferase assay system과 luminometer를 이용하여 NF- \\( \\kappa \\)B 매개된 luciferase activity를 측정하였고, 이를 총 cell lysates의 단백질함량으로 표준화하여 BCA protein assay kit로 측정하였다. Superoxide radicalscavenging activity assay는 산소 라디칼의 제거능으로 확인하였다.",
                "clue": [
                    {
                        "clue_text": "96 well plate에 세포 ( \\(5 \\times 10 ^ { 5 } \\)cells/ \\( \\mathrm { ml } \\))를 분주하여 16시간동안 배양한 후, ATX를 농도별 ( \\( 25-100 \\mu \\mathrm { M } \\)) 로 1시간 처리한 후, LPS로 처리하여 \\( 37 ^ {\\circ } \\mathrm { C } , 5 \\% \\mathrm { CO } _ { 2 } \\) incubator에서 20시간 배양하였다.",
                        "clue_start": "24",
                        "clue_end": "270"
                    },
                    {
                        "clue_text": "세포배양액 안에 존재하는 IL-6와 TNF- \\( \\alpha \\) 생성량을 ELISA Kit (Pierce Endogen, Rockford, IL, USA)를 사용하여 측정하였다.",
                        "clue_start": "271",
                        "clue_end": "372"
                    },
                    {
                        "clue_text": "NGL cell \\( \\left (5 \\times 10 ^ { 5 } \\right . cells/ \\mathrm { ml } ) \\)를 16시간 배양한 후, ATX를 농도 별 \\( (25-100 \\mu \\mathrm { M } ) \\)로 1시간 처리한 후 LPS( \\(1 \\mu \\mathrm { g } / \\mathrm { ml } ) \\) 로 처리하고 24시간 동안 배양한 후, cell을 분리하여 Promega luciferase assay system (Promega, Madison, CA, USA)과 luminometer (Tecan, USA)를 이용하여 luciferase activity를 측정하였다.",
                        "clue_start": "465",
                        "clue_end": "809"
                    },
                    {
                        "clue_text": "NF- \\( \\kappa \\)B 매개된 luciferase activity를 총 cell lysates의 단백질함량으로 표준화하였고, 단백질의 양은 BCA protein assay kit (Pierce, Rockford, IL, USA)로 측정하였다.",
                        "clue_start": "810",
                        "clue_end": "950"
                    },
                    {
                        "clue_text": "Superoxide radical \\( \\left ( \\mathrm { O } _ { 2 } ^ { - } \\right ) \\)scavenging activity assay는 산소 라디칼의 제거능을 확인하는 실험법으로 PMS- \\( \\mathrm { NADH } \\) super-oxide generating system을 이용하였다.",
                        "clue_start": "1012",
                        "clue_end": "1199"
                    }
                ],
                "terminology": [
                    {
                        "word": "96 well plate"
                    },
                    {
                        "word": "ATX"
                    },
                    {
                        "word": "BCA protein assay kit"
                    },
                    {
                        "word": "Cytokine"
                    },
                    {
                        "word": "ELISA Kit"
                    },
                    {
                        "word": "LPS"
                    },
                    {
                        "word": "NADH"
                    },
                    {
                        "word": "NGL cell"
                    },
                    {
                        "word": "Promega"
                    },
                    {
                        "word": "Reporter"
                    },
                    {
                        "word": "Superoxide radical"
                    },
                    {
                        "word": "TNF-"
                    },
                    {
                        "word": "absorbance"
                    },
                    {
                        "word": "adenine"
                    },
                    {
                        "word": "cell lysates"
                    },
                    {
                        "word": "incubator"
                    },
                    {
                        "word": "luciferase activity"
                    },
                    {
                        "word": "luciferase assay system"
                    },
                    {
                        "word": "luminometer"
                    },
                    {
                        "word": "phenazine methosulfate"
                    },
                    {
                        "word": "radical scavenging activity"
                    },
                    {
                        "word": "scavenging activity assay"
                    },
                    {
                        "word": "교반"
                    },
                    {
                        "word": "단백질"
                    },
                    {
                        "word": "배양"
                    },
                    {
                        "word": "분주"
                    },
                    {
                        "word": "산소 라디칼"
                    },
                    {
                        "word": "세포"
                    },
                    {
                        "word": "세포배양액"
                    },
                    {
                        "word": "시료"
                    },
                    {
                        "word": "제거능"
                    }
                ]
            },
            {
                "context_id": "55e-0c9-merge_la_8a2ae4d1-2a2d0f11-e4bb-4dab-8dd8-83afc17d4dba_01",
                "context_K-NSCC": {
                    "field": "생명",
                    "large_category": "LA",
                    "medium_category": "04"
                },
                "context": "<h1>재료 및 방법</h1> <h2>ATX의 제조</h2> <p>ATX의 생산을 위해 기본적으로 NB/2 배지(효율적인 성장을 위해 다른 질소원을 추가적으로 첨가)에서 Haematococcus pluvialis CCAP-34/1F 균주를 배양하였으며, 다른 배양조건으로는 \\( 25 ^ {\\circ } \\mathrm { C } \\), \\(160 \\mathrm { rpm } \\), \\(10 \\% \\) inoculum, 초기 \\( \\mathrm { pH } \\)는 7.0, 조도는 \\(3,000-3,500 \\mathrm { lux } \\)를 선정하였다. ATX의 생산유도를 위해 vege-tative cell로부터 cyst cell을 만드는 배양조건을 \\( 23 ^ {\\circ } \\mathrm { C } \\), \\(150 \\mathrm { rpm } \\), \\(14,000 \\mathrm { lux } \\)로 하여 15일째 붉은 색의 배양액을 확인하였다. 균체를 원심분리하여 균을 모으고 \\( 25 \\mathrm { ml } \\)의 아세톤을 첨가하여 파쇄한 후 냉각추출을 반복하였다. 그 후, 감압농축을 하였고 n-Hexane으로 다시 추출한 후, 물로 3번 세척하였고, sodium sulfate anhydrous를 이용하여 잔류수분을 제거한 후 ATX 추출물을 제조하였다. 본 실험에서는 ATX를 \\( 0.01 \\% \\) di-methyl sulphoxide (DMSO)에 용해하여 사용하였다.</p> <h2>시약</h2> <p>Dulbecco's modified Eagle's medium (DMEM)은 Hyclone(Thermo Scientific Inc., Bremen, Germany)에서 구입하였고 fetal bovine serum (FBS)은 Sigma Aldrich Co. (St. Louis, MO, USA)로부터, penicillin 및 streptomycin은 Gibco/BRL (Grand Island, NY)에서 구입하였다. Anti-iNOS monoclonal antibody는 Calbiochem (San Diego, Calif.)에서, Anti- \\( \\beta \\)-actin monoclonal antibody는 Sigma Aldrich Co. 로부터 구입하였 다. Anti-NF- \\( \\kappa \\)B p65 monoclonal antibodies와 perox-idase-conjugated secondary antibody는 Santa Cruz Biotechnology, Inc. (Santa Cruz, CA, USA)로부터 구입하였고, interleukin (IL)-6 및 tumour necrosis factor- \\( \\alpha \\) (TNF- \\( \\alpha \\)) ELISA Kits는 Pierce Endogen (Rockford, IL, USA)에서 Promega luciferase assay system은 Promega (Madison, CA,USA)로부터 구입하였고, 3-(4,5-dimethylthiazol-2-yl)-2,5-di-phenyl tetrazolium bromide (MTT), sulfanilamide, lip-opolysaccharide (LPS) 및 다른 모든 시약들은 Sigma Aldrich Co.에서 구입하였다.</p> <h2>세포배양</h2> <p>대식세포주인 RAW264.7 cell은 한국세포주은행(Seoul, Korea)에서 구입하였으며, NF- \\( \\kappa \\)B 전사활성을 측정하기 위하여 NF- \\( \\kappa \\)B reporter construct로 transfection된 RAW264.7 cell (이하 NGL cell)은 주명수 교수로부터 분양 받아 사용하였다. Dulbecco's modified Eagle's medium (DMEM)에 \\(10 \\% \\) fetal bovine serum (FBS), \\( 100 \\mathrm { U } / \\mathrm { ml } \\) penicillin 및 \\( 100 \\mu \\mathrm { g } / \\mathrm { ml } \\) strep-tomycin을 혼합한 배지를 사용하여 \\( 37 ^ {\\circ } \\mathrm { C } \\), \\(5 \\% \\), \\( \\mathrm { CO } _ { 2 } \\) incubator 에서 세포를 배양하여 실험에 이용하였다.</p>",
                "context_length": 2155,
                "summary": "본 실험에서는 NB/2 배지에서 Haematococcus pluvialis CCAP-34/1F 균주를 배양하여 생산한 ATX를 DMSO에 용해하여 사용하였고, 한국세포주은행에서 대식세포주 RAW264.7 cell을 구입하였으며, NGL cell은 주명수 교수로부터 분양 받았고, 시약은 DMEM, FBS, penicillin, streptomycin, Anti-iNOS monoclonal antibody등을 구입하여 사용하였다.",
                "clue": [
                    {
                        "clue_text": "ATX의 생산을 위해 기본적으로 NB/2 배지(효율적인 성장을 위해 다른 질소원을 추가적으로 첨가)에서 Haematococcus pluvialis CCAP-34/1F 균주를 배양하였으며, 다른 배양조건으로는 \\( 25 ^ {\\circ } \\mathrm { C } \\), \\(160 \\mathrm { rpm } \\), \\(10 \\% \\) inoculum, 초기 \\( \\mathrm { pH } \\)는 7.0, 조도는 \\(3,000-3,500 \\mathrm { lux } \\)를 선정하였다.",
                        "clue_start": "37",
                        "clue_end": "309"
                    },
                    {
                        "clue_text": "본 실험에서는 ATX를 \\( 0.01 \\% \\) di-methyl sulphoxide (DMSO)에 용해하여 사용하였다.",
                        "clue_start": "661",
                        "clue_end": "728"
                    },
                    {
                        "clue_text": "대식세포주인 RAW264.7 cell은 한국세포주은행(Seoul, Korea)에서 구입하였으며, NF- \\( \\kappa \\)B 전사활성을 측정하기 위하여 NF- \\( \\kappa \\)B reporter construct로 transfection된 RAW264.7 cell (이하 NGL cell)은 주명수 교수로부터 분양 받아 사용하였다.",
                        "clue_start": "1646",
                        "clue_end": "1836"
                    },
                    {
                        "clue_text": "Dulbecco's modified Eagle's medium (DMEM)은 Hyclone(Thermo Scientific Inc., Bremen, Germany)에서 구입하였고 fetal bovine serum (FBS)은 Sigma Aldrich Co. (St. Louis, MO, USA)로부터, penicillin 및 streptomycin은 Gibco/BRL (Grand Island, NY)에서 구입하였다.",
                        "clue_start": "748",
                        "clue_end": "981"
                    },
                    {
                        "clue_text": "Anti-iNOS monoclonal antibody는 Calbiochem (San Diego, Calif.)에서, Anti- \\( \\beta \\)-actin monoclonal antibody는 Sigma Aldrich Co. 로부터 구입하였 다.",
                        "clue_start": "982",
                        "clue_end": "1121"
                    }
                ],
                "terminology": [
                    {
                        "word": "ATX"
                    },
                    {
                        "word": "CCAP-34"
                    },
                    {
                        "word": "Calbiochem"
                    },
                    {
                        "word": "DMEM"
                    },
                    {
                        "word": "DMSO"
                    },
                    {
                        "word": "ELISA"
                    },
                    {
                        "word": "FBS"
                    },
                    {
                        "word": "Gibco/BRL"
                    },
                    {
                        "word": "Haematococcus pluvialis"
                    },
                    {
                        "word": "Hyclone"
                    },
                    {
                        "word": "LPS"
                    },
                    {
                        "word": "MTT"
                    },
                    {
                        "word": "NGL cell"
                    },
                    {
                        "word": "Pierce"
                    },
                    {
                        "word": "Promega"
                    },
                    {
                        "word": "RAW264.7"
                    },
                    {
                        "word": "RAW264.7 cell"
                    },
                    {
                        "word": "Santa Cruz"
                    },
                    {
                        "word": "Sigma Aldrich"
                    },
                    {
                        "word": "cyst cell"
                    },
                    {
                        "word": "di-methyl sulphoxide"
                    },
                    {
                        "word": "fetal bovine serum"
                    },
                    {
                        "word": "incubator"
                    },
                    {
                        "word": "interleukin"
                    },
                    {
                        "word": "lip-opolysaccharide"
                    },
                    {
                        "word": "luciferase assay system"
                    },
                    {
                        "word": "monoclonal antibodies"
                    },
                    {
                        "word": "monoclonal antibody"
                    },
                    {
                        "word": "n-Hexane"
                    },
                    {
                        "word": "necrosis"
                    },
                    {
                        "word": "p65"
                    },
                    {
                        "word": "pH"
                    },
                    {
                        "word": "penicillin"
                    },
                    {
                        "word": "penicillin 및 streptomycin"
                    },
                    {
                        "word": "perox-idase-conjugated"
                    },
                    {
                        "word": "reporter"
                    },
                    {
                        "word": "secondary antibody"
                    },
                    {
                        "word": "sodium sulfate anhydrous"
                    },
                    {
                        "word": "strep-tomycin"
                    },
                    {
                        "word": "sulfanilamide"
                    },
                    {
                        "word": "tetrazolium"
                    },
                    {
                        "word": "transfection"
                    },
                    {
                        "word": "vege-tative cell"
                    },
                    {
                        "word": "감압농축"
                    },
                    {
                        "word": "균주"
                    },
                    {
                        "word": "균체"
                    },
                    {
                        "word": "냉각추출"
                    },
                    {
                        "word": "배양"
                    },
                    {
                        "word": "배양액"
                    },
                    {
                        "word": "배양조건"
                    },
                    {
                        "word": "배지"
                    },
                    {
                        "word": "세포"
                    },
                    {
                        "word": "세포배양"
                    },
                    {
                        "word": "아세톤"
                    },
                    {
                        "word": "용해"
                    },
                    {
                        "word": "원심분리"
                    },
                    {
                        "word": "전사활성"
                    },
                    {
                        "word": "조도"
                    },
                    {
                        "word": "질소원"
                    }
                ]
            },
            {
                "context_id": "55e-0c9-merge_la_8a2ae4d1-2a2d0f11-e4bb-4dab-8dd8-83afc17d4dba_05",
                "context_K-NSCC": {
                    "field": "생명",
                    "large_category": "LA",
                    "medium_category": "04"
                },
                "context": "<h2>ROS 생성측정</h2> <p>RAW264.7 cell 내에 생성되는 산소라디칼 ROS를 측정하기 위하여 \\( 2 ^ {\\prime } , 7 ^ {\\prime } \\)-dichloro-dihydrofluorescin diacetate (DCFH-DA)를 이용하였다. 세포에 ATX를 농도별로 1시간 처리한 후, LPS \\( (10 \\mu \\mathrm { g } / \\mathrm { ml } ) \\) 를 이용하여 24시간 동안 oxidative stress를 유발시켰다. 원심분리를 이용하여 pellet을 수집한 후, cell ly-sis buffer를 이용하여 시료를 추출해 실험에 이용하였다. 190 \\( \\mu 1 \\) 의 PBS와 \\( 50 \\mu 1 \\) 의 \\( 125 \\mu \\mathrm { M } \\) DCFH-DA와 \\( 10 \\mu 1 \\) 의 시료를 96 well plate (black)에 넣고 잘 혼합하여 30분 동안 배양하였으며 그 후, fluorescence spectrophotometer (Tecan, USA)를 이용하여 Ex: \\( 485 \\mathrm { ~nm } \\) 와 Em: \\( 530 \\mathrm { ~nm } \\)에서 측정한 후, ROS 생성수준을 fluorescence/mg protein으로 계산하였다. 시료의 pro-tein 함량은 BCA protein assay를 이용하여 측정하였다.</p> <h2>통계학적 분석</h2> <p>모든 실험결과는 3회 이상 실험을 반복하여 얻은 자료를 이용하여 평균 \\( \\pm \\) 표준편차로 나타내었고 통계학적 분석에는 SPSS version 14.0을 이용하였다. 실험 군 간 비교에는 one-way analysis of variance (ANOVA) 및 independent \\( t \\)-test를 이용하였고, \\( p<0.05 \\)를 통계학적으로 유의성이 있는 것 으로 간주하였다.</p> <h1>결 과</h1> <h2>ATX가 LPS로 유도된 \\( \\mathrm { NO } \\) 생성에 미치는 효과 및 세포생존율</h2> <p>RAW264.7 cell을 이용하여 LPS로 유도된 \\( \\mathrm { NO } \\) 생성에 대한 ATX의 억제효과를 측정하였다. 대조군과 비교할 때, LPS군 \\( (10 \\mu \\mathrm { g } / \\mathrm { ml } , 20 \\mathrm { hr } ) \\)은 약 36배의 \\( \\mathrm { NO } \\) 생성이 증가하였으며, ATX 처리군 \\( (25-100 \\mu \\mathrm { M } ) \\)은 농도의존적으로 LPS로 유도된 \\( \\mathrm { NO } \\)의 생성을 유의성 있게 억제하였다[25-100 \\( \\mu \\mathrm { M } (p<0.01) \\)]. 또한, ATX의 세포독성효과를 MTT방법을 이용하여 측정한 결과, 세포생존율은 \\( 100 \\mu \\mathrm { M } \\)의 농도에 이르기까지 영향을 받지않았다.</p>",
                "context_length": 1469,
                "summary": "RAW264.7 cell 내에 생성되는 ROS의 측정을 위해 DCFH-DA를 이용했다. 세포에 ATX를 농도별로 처리한 후, LPS를 이용하여 oxidative stress를 유발했다. 이에따른 ATX의 억제효과를 측정한 결과 ATX 처리군은 농도의존적으로 LPS로 유도된 \\( \\mathrm { NO } \\)의 생성을 유의성 있게 억제하는 결과를 보였다.",
                "clue": [
                    {
                        "clue_text": "RAW264.7 cell 내에 생성되는 산소라디칼 ROS를 측정하기 위하여 \\( 2 ^ {\\prime } , 7 ^ {\\prime } \\)-dichloro-dihydrofluorescin diacetate (DCFH-DA)를 이용하였다.",
                        "clue_start": "21",
                        "clue_end": "153"
                    },
                    {
                        "clue_text": "세포에 ATX를 농도별로 1시간 처리한 후, LPS \\( (10 \\mu \\mathrm { g } / \\mathrm { ml } ) \\) 를 이용하여 24시간 동안 oxidative stress를 유발시켰다. ",
                        "clue_start": "154",
                        "clue_end": "270"
                    },
                    {
                        "clue_text": "RAW264.7 cell을 이용하여 LPS로 유도된 \\( \\mathrm { NO } \\) 생성에 대한 ATX의 억제효과를 측정하였다.",
                        "clue_start": "1031",
                        "clue_end": "1105"
                    },
                    {
                        "clue_text": "대조군과 비교할 때, LPS군 \\( (10 \\mu \\mathrm { g } / \\mathrm { ml } , 20 \\mathrm { hr } ) \\)은 약 36배의 \\( \\mathrm { NO } \\) 생성이 증가하였으며, ATX 처리군 \\( (25-100 \\mu \\mathrm { M } ) \\)은 농도의존적으로 LPS로 유도된 \\( \\mathrm { NO } \\)의 생성을 유의성 있게 억제하였다[25-100 \\( \\mu \\mathrm { M } (p<0.01) \\)].",
                        "clue_start": "1106",
                        "clue_end": "1371"
                    }
                ],
                "terminology": [
                    {
                        "word": "96 well plate"
                    },
                    {
                        "word": "ATX"
                    },
                    {
                        "word": "BCA"
                    },
                    {
                        "word": "DCFH-DA"
                    },
                    {
                        "word": "LPS"
                    },
                    {
                        "word": "MTT방법"
                    },
                    {
                        "word": "NO"
                    },
                    {
                        "word": "RAW264.7"
                    },
                    {
                        "word": "RAW264.7 cell"
                    },
                    {
                        "word": "ROS"
                    },
                    {
                        "word": "SPSS version"
                    },
                    {
                        "word": "analysis of variance"
                    },
                    {
                        "word": "buffer"
                    },
                    {
                        "word": "fluorescence spectrophotometer"
                    },
                    {
                        "word": "one-way"
                    },
                    {
                        "word": "one-way analysis of variance"
                    },
                    {
                        "word": "oxidative stress"
                    },
                    {
                        "word": "pellet"
                    },
                    {
                        "word": "protein assay"
                    },
                    {
                        "word": "농도의존적"
                    },
                    {
                        "word": "배양"
                    },
                    {
                        "word": "산소라디칼"
                    },
                    {
                        "word": "세포"
                    },
                    {
                        "word": "세포독성효과"
                    },
                    {
                        "word": "세포생존율"
                    },
                    {
                        "word": "시료"
                    },
                    {
                        "word": "억제효과"
                    },
                    {
                        "word": "원심분리"
                    },
                    {
                        "word": "유의성"
                    },
                    {
                        "word": "통계학적 분석"
                    },
                    {
                        "word": "표준편차"
                    }
                ]
            },
            {
                "context_id": "55e-0c9-merge_la_8a2ae4d1-2a2d0f11-e4bb-4dab-8dd8-83afc17d4dba_09",
                "context_K-NSCC": {
                    "field": "생명",
                    "large_category": "LA",
                    "medium_category": "04"
                },
                "context": "<p>Superoxide radical은 산소분자가 한 개의 전자에 의해 환원된 형태를 가진 것이며, 대부분의 산화반응은 이 radical이 생성되는 반응경로와 긴밀히 연관되어 있다. 또한 이 radical은 항상 과산화수소와 산소를 생성하게 하는 반응 중간체로서 작용하여 다양한 다른 활성산소 화학종들의 생성과 직접 관련 되어 있다. 더욱이 활성산소의 일종인 이 radical은 DNA를 손상시켜 류마티스성 관절염, 동맥경화증, 심근경색증 및 암 을 유발 할 수 있고, 또한 생물체의 노화와의 관련성이 보고되고 있다. ATX가 superoxide radical과 반응하여 이를 얼마나 감소시키는 지를 조사한 결과, \\( 5 \\mathrm { mg } / \\mathrm { ml } \\) 의 ATX가 동일농도의 \\( \\alpha \\)-tocopherol에 비해 superoxide radical 소거능이 더욱더 높은 것으로 나타났으며, 이는 ATX가 강력한 항산화제인 \\( \\alpha \\)-tocopherol 보다 더 우수한 항산화제라는 것을 의미한다. 또한, Ma와 Kinneer 는 LPS로 유도된 NF- \\( \\kappa \\)B 활성이 phenolic antioxidants에 의해 억제된다고 보고하였다. 이는 항산화제가 세포의 신호전달체계에서 항염증제와 거의 같은 역할을 담당할 수도 있다는 것을 시사한다. DCFH-DA를 이용한 ROS 측정결과, ATX 는 세포내부의 ROS 축적을 강력하게 제거하였다. 이러한 ATX 의 항산화효능이 NF- \\( \\kappa \\)B 활성을 억제 시키는 이 물질의 항염증효능과 상호 깊은 연관성이 있을 것으로 사료된다. 또한 Sanlioglu 등은 세포내부의 ROS 증가가 IKK의 활성을 높혀 NF- \\( \\kappa \\)B 활성을 증가시킨다고 보고하였다. 그러므로 ROS 는 NF- \\( \\kappa \\)B 의 활성화 및 \\( \\mathrm { NO } \\), IL-6, TNF- \\( \\alpha \\)등의 생성에 있어 중요한 원천물질일 가능성이 있다.</p> <p>결론적으로, 미세조류 유래 생리활성물질인 ATX가 우수한 superoxide radical 소거제이며, LPS로 유도된 대식세포에서 ROS 의 생성 및 NF- \\( \\kappa \\)B 활성을 저해하므로 iNOS 의 발현 및 \\( \\mathrm { NO } \\), IL-6, TNF- \\( \\alpha \\) 의 생성이 억제됨을 확인 할 수 있었다. 따라서 ATX를 이용한 항염증제, 항산화제 및 항암치료제 등의 개발가능성을 제시한다.</p>",
                "context_length": 1260,
                "summary": "Superoxide radical은 대부분의 산화반응은 이 radical과 긴밀히 연관되어 있는데 이 radical은 DNA를 손상시켜 각종 질병 및 암 유발, 노화와의 관련성이 보고되고 있다. DCFH-DA를 이용한 ROS측정결과, ATX는 세포내부의 ROS축적을 강력하게 제거, 결론적으로 미세조류 유래 생리활성물질인 ATX가 우수한 superoxide radical 소거제임인 동시에 ATX를 이용한 치료제 개발가능성을 제시한다.",
                "clue": [
                    {
                        "clue_text": "Superoxide radical은 산소분자가 한 개의 전자에 의해 환원된 형태를 가진 것이며, 대부분의 산화반응은 이 radical이 생성되는 반응경로와 긴밀히 연관되어 있다.",
                        "clue_start": "3",
                        "clue_end": "102"
                    },
                    {
                        "clue_text": "더욱이 활성산소의 일종인 이 radical은 DNA를 손상시켜 류마티스성 관절염, 동맥경화증, 심근경색증 및 암 을 유발 할 수 있고, 또한 생물체의 노화와의 관련성이 보고되고 있다.",
                        "clue_start": "188",
                        "clue_end": "290"
                    },
                    {
                        "clue_text": "DCFH-DA를 이용한 ROS 측정결과, ATX 는 세포내부의 ROS 축적을 강력하게 제거하였다.",
                        "clue_start": "681",
                        "clue_end": "735"
                    },
                    {
                        "clue_text": "ATX를 이용한 항염증제, 항산화제 및 항암치료제 등의 개발가능성을 제시한다.",
                        "clue_start": "1213",
                        "clue_end": "1256"
                    },
                    {
                        "clue_text": "결론적으로, 미세조류 유래 생리활성물질인 ATX가 우수한 superoxide radical 소거제이며, LPS로 유도된 대식세포에서 ROS 의 생성 및 NF- \\( \\kappa \\)B 활성을 저해하므로 iNOS 의 발현 및 \\( \\mathrm { NO } \\), IL-6, TNF- \\( \\alpha \\) 의 생성이 억제됨을 확인 할 수 있었다.",
                        "clue_start": "1015",
                        "clue_end": "1208"
                    }
                ],
                "terminology": [
                    {
                        "word": "ATX"
                    },
                    {
                        "word": "DCFH-DA"
                    },
                    {
                        "word": "DNA"
                    },
                    {
                        "word": "IL-6"
                    },
                    {
                        "word": "Kinneer"
                    },
                    {
                        "word": "LPS"
                    },
                    {
                        "word": "Ma"
                    },
                    {
                        "word": "NF"
                    },
                    {
                        "word": "NO"
                    },
                    {
                        "word": "ROS"
                    },
                    {
                        "word": "ROS 축적"
                    },
                    {
                        "word": "Sanlioglu"
                    },
                    {
                        "word": "Superoxide radical"
                    },
                    {
                        "word": "TNF-"
                    },
                    {
                        "word": "antioxidants"
                    },
                    {
                        "word": "iNOS"
                    },
                    {
                        "word": "phenolic"
                    },
                    {
                        "word": "radical"
                    },
                    {
                        "word": "superoxide radical 소거능"
                    },
                    {
                        "word": "과산화수소"
                    },
                    {
                        "word": "대식세포"
                    },
                    {
                        "word": "동맥경화증"
                    },
                    {
                        "word": "류마티스성 관절염"
                    },
                    {
                        "word": "미세조류"
                    },
                    {
                        "word": "반응 중간체"
                    },
                    {
                        "word": "발현"
                    },
                    {
                        "word": "산화반응"
                    },
                    {
                        "word": "세포"
                    },
                    {
                        "word": "소거제"
                    },
                    {
                        "word": "신호전달체계"
                    },
                    {
                        "word": "연관성"
                    },
                    {
                        "word": "항산화제"
                    },
                    {
                        "word": "항산화효능"
                    },
                    {
                        "word": "항암치료제"
                    },
                    {
                        "word": "항염증제"
                    },
                    {
                        "word": "환원"
                    },
                    {
                        "word": "활성"
                    },
                    {
                        "word": "활성산소"
                    },
                    {
                        "word": "활성화"
                    }
                ]
            },
            {
                "context_id": "55e-0c9-merge_la_8a2ae4d1-2a2d0f11-e4bb-4dab-8dd8-83afc17d4dba_03",
                "context_K-NSCC": {
                    "field": "생명",
                    "large_category": "LA",
                    "medium_category": "04"
                },
                "context": "<h2>Immunoblot analysis</h2> <p>\\( 1 \\% \\) Triton X-100, \\( 137 \\mathrm { mM } \\) sodium chloride, \\( 10 \\% \\) glycerol, \\( 2 \\mathrm { mM } \\) EDTA, \\( 1 \\mathrm { mM } \\) sodium orthovanadate, \\( 25 \\mathrm { mM } \\) b-glycer-ophosphate, \\( 2 \\mathrm { mM } \\) sodium pyrophosphate, \\( 1 \\mathrm { mM } \\) phenyl-methylsulfonylfluoride, \\( 20 \\mathrm { mM } \\) Tris- \\( \\mathrm { HCl } ( \\mathrm { pH } \\) 7.5)와 1 \\( \\mathrm { mg } / \\mathrm { ml } \\) leupeptin을 포함하는 buffer를 이용하여 cell을 lysis하였고, cell lysates를 \\( 10,000 \\times \\mathrm { g } \\) 로 10분간 원심분리하여 de-bris를 제거하였다. Inducible nitric oxide synthase (iNOS) 발현은 anti-iNOS antibody를 사용하여 면역화학적 방법으로 분석하였으며, anti-NF- \\( \\kappa \\)B p65 monoclonal antibody를 사용하여 NF- \\( \\kappa \\)B를 측정하였다. 2차 antibody로는 goat anti-mouse IgG-horseradish peroxidase (HRP)를 사용하였으며, iNOS와 NF- \\( \\kappa \\)B의 band는 ECL immuno blotting detection reagents(Amersham)를 이용하여 발색하였다.</p> <h2>핵 분획제조</h2> <p>세포를 냉각시킨 PBS로 2회 세척하고, 이것을 PBS와 함께 microtube에 넣어 \\(2,000 \\times \\mathrm { g } \\) 로 5분간 원심분리한 후, PBS를 제거하고, \\( 10 \\mathrm { mM } \\) HEPES ( \\( \\mathrm { pH } 7.9) \\), \\( 10 \\mathrm { mM } \\) \\( \\mathrm { KCl } \\), \\(0.1 \\mathrm { mM } \\) EDTA, \\( 0.5 \\% \\) Nonidet P-40, \\( 1 \\mathrm { mM } \\) DTT, \\( 0.5 \\mathrm { mM } \\) phenyl-methylsulfonylfluoride를 함유하는 hypotonic buffer를 넣어 10분간 얼음위에 놓은 후, \\( 7,200 \\times \\mathrm { g } \\) 로 5분간 원심분리하였다. 그 후, 상등액을 제거하고 crude nuclei가 함유된 pellet에 \\(20 \\mathrm { mM } \\) HEPES \\( \\mathrm { pH } 7.9 \\), \\( 400 \\mathrm { mM } \\mathrm { NaCI } \\), \\(1 \\mathrm { mM } \\) EDTA, \\( 10 \\mathrm { mM } \\) DTT, \\( 1 \\mathrm { mM } \\) PMSF를 함유하는 추출용 buffer \\( 50 \\mu \\mathrm { l } \\) 를 넣어 30분간 얼음 위에 방치한 후, 10분간 \\( 15,800 \\times \\mathrm { g } \\) 로 원심분리하여 핵분획이 포함된 상등액을 얻어 실험에 이용하였다.</p>",
                "context_length": 1745,
                "summary": "Cell lysate를 buffer로 준비한 후 SDS-PAGE로 protein을 분리하고, Immunoblot analysis로 분리된 protein의 양과 상태를 분석하는 Immunoblot analysis를 사용한다. Inducible nitric oxide synthase (iNOS)발현은 anti-iNOS antibody를 사용하여 면역화학적 방법으로 분석하였고, anti-NF- \\( \\kappa \\)B p65 monoclonal antibody를 사용하여 NF- \\( \\kappa \\)B를 측정하였다. 원심분리를 여러 번 거치며 상등액을 제거하고, 10분간 \\( 15,800 \\times \\mathrm { g } \\) 로 원심분리하여 핵분획이 포함된 상등액을 얻어 실험에 이용하였다.",
                "clue": [
                    {
                        "clue_text": "Inducible nitric oxide synthase (iNOS) 발현은 anti-iNOS antibody를 사용하여 면역화학적 방법으로 분석하였으며, anti-NF- \\( \\kappa \\)B p65 monoclonal antibody를 사용하여 NF- \\( \\kappa \\)B를 측정하였다.",
                        "clue_start": "577",
                        "clue_end": "742"
                    },
                    {
                        "clue_text": "그 후, 상등액을 제거하고 crude nuclei가 함유된 pellet에 \\(20 \\mathrm { mM } \\) HEPES \\( \\mathrm { pH } 7.9 \\), \\( 400 \\mathrm { mM } \\mathrm { NaCI } \\), \\(1 \\mathrm { mM } \\) EDTA, \\( 10 \\mathrm { mM } \\) DTT, \\( 1 \\mathrm { mM } \\) PMSF를 함유하는 추출용 buffer \\( 50 \\mu \\mathrm { l } \\) 를 넣어 30분간 얼음 위에 방치한 후, 10분간 \\( 15,800 \\times \\mathrm { g } \\) 로 원심분리하여 핵분획이 포함된 상등액을 얻어 실험에 이용하였다.",
                        "clue_start": "1375",
                        "clue_end": "1741"
                    }
                ],
                "terminology": [
                    {
                        "word": "DTT"
                    },
                    {
                        "word": "ECL"
                    },
                    {
                        "word": "EDTA"
                    },
                    {
                        "word": "HEPES"
                    },
                    {
                        "word": "Immunoblot analysis"
                    },
                    {
                        "word": "Inducible"
                    },
                    {
                        "word": "Nonidet"
                    },
                    {
                        "word": "PBS"
                    },
                    {
                        "word": "PMSF"
                    },
                    {
                        "word": "Triton"
                    },
                    {
                        "word": "Triton X-100"
                    },
                    {
                        "word": "anti-mouse"
                    },
                    {
                        "word": "band"
                    },
                    {
                        "word": "blotting"
                    },
                    {
                        "word": "buffer"
                    },
                    {
                        "word": "cell lysates"
                    },
                    {
                        "word": "detection"
                    },
                    {
                        "word": "glycerol"
                    },
                    {
                        "word": "leupeptin"
                    },
                    {
                        "word": "microtube"
                    },
                    {
                        "word": "monoclonal antibody"
                    },
                    {
                        "word": "nitric oxide synthase"
                    },
                    {
                        "word": "p65"
                    },
                    {
                        "word": "pH"
                    },
                    {
                        "word": "pellet"
                    },
                    {
                        "word": "peroxidase"
                    },
                    {
                        "word": "pyrophosphate"
                    },
                    {
                        "word": "sodium chloride"
                    },
                    {
                        "word": "면역화학적"
                    },
                    {
                        "word": "발색"
                    },
                    {
                        "word": "발현"
                    },
                    {
                        "word": "분획제조"
                    },
                    {
                        "word": "상등액"
                    },
                    {
                        "word": "세포"
                    },
                    {
                        "word": "원심분리"
                    },
                    {
                        "word": "핵분획"
                    }
                ]
            },
            {
                "context_id": "55e-0c9-merge_la_8a2ae4d1-2a2d0f11-e4bb-4dab-8dd8-83afc17d4dba_06",
                "context_K-NSCC": {
                    "field": "생명",
                    "large_category": "LA",
                    "medium_category": "04"
                },
                "context": "<h2>ATX가 LPS로 유도된 iNOS 단백질 발현억제에 미치는 효과</h2> <p>ATX를 이용하여 염증인자 \\( \\mathrm { NO } \\)의 생성억제와 iNOS 단백질 발현억제와의 상관관계를 알아보기 위하여 immunoblot analysis로 단백질발현을 조사한 결과, LPS에 반응한 iNOS 단백질은 현저하게 증가하였으며, ATX는 50 및 \\( 100 \\mu \\mathrm { M } \\) 의 농도에서 iNOS 단백질발현을 억제하였다. 이는 ATX에 의한 생성의 감소가 iNOS 단백질발현의 조절에 의한 것임을 나타낸다.</p> <h2>ATX가 LPS로 유도된 IL-6 및 TNF- \\( \\alpha \\) 의 생성에 미치는 효과</h2> <p>LPS로 유도된 IL-6 및 TNF- \\( \\alpha \\)의 생성에 대한 ATX의 억제효과는 enzyme immunoassay 방법을 이용하여 확인하였으며 LPS 처리군 \\( (10 \\mu \\mathrm { g } / \\mathrm { ml } , 20 \\mathrm { hr } ) \\) 은 대조군과 비교해 약 11배의 IL-6 \\( (p<0.05) \\) 및 약 23 배의 TNF- \\( \\alpha \\) \\((p<0.01) \\)를 생성함으로 유의성 있는 증가를 보였다. 또한 LPS로 유도된 IL-6 및 TNF- \\( \\alpha \\) 생성에 대한 ATX의 억제효과가 \\( 100 \\mu \\mathrm { M } \\) 의 ATX 농도에서 모두 유의성 있게 \\( (p<0.05) \\) 나타났다. 특히, 이 농도에서 ATX는 LPS로 유도된 IL-6의 생성을 \\( 65.2 \\% \\) 억제시켰고, TNF- \\( \\alpha \\)의 생성을 \\( 21.2 \\% \\) 억제시킴으로 IL-6에 있어 약 3배 더 높은 억제효과를 보였다.</p> <h2>ATX가 LPS로 유도된 NF- \\( \\kappa \\)B transcriptional activity에 미치는 효과</h2> <p>ATX가 LPS로 유도된 NF- \\( \\kappa \\)B transcriptional activity에 미치는 영향을 조사하였다. NF- \\( \\kappa \\)B reporter construct로 trans-fection된 RAW264.7 cell인 NGL cell을 ATX의 유무 하에 10 \\( \\mu \\mathrm { g } / \\mathrm { ml } \\) 의 LPS로 처리하여 실험을 진행하였다. ATX 처리군 \\( (25-100 \\mu \\mathrm { M } ) \\)은 용량 의존적으로 LPS로 유도된 NF- \\( \\kappa \\)B tran-scriptional activity를 억제하였다. 특히, \\( 100 \\mu \\mathrm { M } \\) 의 ATX 처리는 NF- \\( \\kappa \\)B transcriptional activity (NF- \\( \\kappa \\)B dependent lucifer-ase activity)를 유의성 있게 감소시켰다. 이는 \\( 100 \\mu \\mathrm { M } \\) 농도의 ATX 가 NF- \\( \\kappa \\)B 활성을 억제하는 것이 NF- \\( \\kappa \\)B transcriptional activity의 억제와 연계됨을 의미한다.</p>",
                "context_length": 1598,
                "summary": "ATX를 이용하여 염증인자 \\( \\mathrm { NO } \\)의 immunoblot analysis로 단백질발현을 조사한 결과, LPS에 반응한 iNOS 단백질은 현저하게 증가하였으며 생성의 감소가 iNOS 단백질발현의 조절에 의한 것이고 LPS로 유도된 iNOS 단백질 발현과 IL-6, TNF-\\(\\alpha\\) 생성을 억제하는 효과가 있음을 immunoblot analysis 및 enzyme immunoassay 방법을 통해 확인하였다.",
                "clue": [
                    {
                        "clue_text": "ATX에 의한 생성의 감소가 iNOS 단백질발현의 조절에 의한 것임을 나타낸다.",
                        "clue_start": "257",
                        "clue_end": "301"
                    },
                    {
                        "clue_text": "LPS로 유도된 IL-6 및 TNF- \\( \\alpha \\)의 생성에 대한 ATX의 억제효과는 enzyme immunoassay 방법을 이용하여 확인하였으며 LPS 처리군 \\( (10 \\mu \\mathrm { g } / \\mathrm { ml } , 20 \\mathrm { hr } ) \\) 은 대조군과 비교해 약 11배의 IL-6 \\( (p<0.05) \\) 및 약 23 배의 TNF- \\( \\alpha \\) \\((p<0.01) \\)를 생성함으로 유의성 있는 증가를 보였다.",
                        "clue_start": "370",
                        "clue_end": "635"
                    },
                    {
                        "clue_text": "또한 LPS로 유도된 IL-6 및 TNF- \\( \\alpha \\) 생성에 대한 ATX의 억제효과가 \\( 100 \\mu \\mathrm { M } \\) 의 ATX 농도에서 모두 유의성 있게 \\( (p<0.05) \\) 나타났다.",
                        "clue_start": "636",
                        "clue_end": "760"
                    },
                    {
                        "clue_text": "ATX 처리군 \\( (25-100 \\mu \\mathrm { M } ) \\)은 용량 의존적으로 LPS로 유도된 NF- \\( \\kappa \\)B tran-scriptional activity를 억제하였다.",
                        "clue_start": "1201",
                        "clue_end": "1313"
                    },
                    {
                        "clue_text": "ATX를 이용하여 염증인자 \\( \\mathrm { NO } \\)의 생성억제와 iNOS 단백질 발현억제와의 상관관계를 알아보기 위하여 immunoblot analysis로 단백질발현을 조사한 결과, LPS에 반응한 iNOS 단백질은 현저하게 증가하였으며, ATX는 50 및 \\( 100 \\mu \\mathrm { M } \\) 의 농도에서 iNOS 단백질발현을 억제하였다.",
                        "clue_start": "48",
                        "clue_end": "253"
                    }
                ],
                "terminology": [
                    {
                        "word": "ATX"
                    },
                    {
                        "word": "IL-6"
                    },
                    {
                        "word": "LPS"
                    },
                    {
                        "word": "LPS 처리군"
                    },
                    {
                        "word": "NGL cell"
                    },
                    {
                        "word": "RAW264.7"
                    },
                    {
                        "word": "enzyme"
                    },
                    {
                        "word": "enzyme immunoassay"
                    },
                    {
                        "word": "iNOS"
                    },
                    {
                        "word": "immunoblot"
                    },
                    {
                        "word": "immunoblot analysis"
                    },
                    {
                        "word": "lucifer-ase"
                    },
                    {
                        "word": "reporter"
                    },
                    {
                        "word": "trans-fection"
                    },
                    {
                        "word": "단백질"
                    },
                    {
                        "word": "단백질발현"
                    },
                    {
                        "word": "발현억제"
                    },
                    {
                        "word": "상관관계"
                    },
                    {
                        "word": "억제효과"
                    },
                    {
                        "word": "염증인자"
                    },
                    {
                        "word": "유의성"
                    }
                ]
            },
            {
                "context_id": "55e-0c9-merge_la_8a2ae4d1-2a2d0f11-e4bb-4dab-8dd8-83afc17d4dba_00",
                "context_K-NSCC": {
                    "field": "생명",
                    "large_category": "LA",
                    "medium_category": "04"
                },
                "context": "<h1>서 론</h1> <p>염증은 물리·화학적인 독성자극이나 미생물의 독성물질에의해 신체국소에서 발생되는 상해를 제거하여 본 상태로 회복시키려는 유기체의 반응이다. 염증반응에서 자극은 직접 생체에 작용하여 손상을 주기도 하지만, 대개 간접적으로 내인성화학전달물질을 통해 국소의 혈관이나 세포에 전달되며, 이로말미암아 관절염, 천식, 자가면역질환 그리고 동맥경화증과같은 다양한 질병이 발생한다. 이러한 질병의 원인이 Reactive Oxygen Species (ROS) 생성에 관련이 있다는 사실이밝혀짐에 따라 염증과 ROS와의 연계성에 대한 연구가 활발히 이루어지고 있다. Miesel 등은 매우 독성이 강한 산화제인superoxide를 포함하는 ROS는 염증기간 동안에 조직 손상을 직접 초래할 수 있다고 보고하였다. 이러한 조직손상이 암의 발생 및 악성종양화와 관련이 있다.</p> <p>최근 연구결과에 따르면 세포내 면역반응의 전사인자인 nuclear factor-kappa B (NF- \\( \\kappa \\)B)는 염증질환, 암의 발생 및 전이, 악성종양화, 자가면역질환 등에 중심적인 역할을 하는 것이 밝혀져 염증 및 암 치료의 중심 target molecule로 대두되고 있다. NF- \\( \\kappa \\)B는 세포에 가해지는 스트레스에 대한 면역응답을 매개하는 전사인자임과 동시에 면역체계의 형성과정과 장기발육에도 깊이 관여하고 있으며 ROS 및 독소물질 등에 의해 과다 활성화되면 면역과민반응과 함께 류마티스관절염, 각종알레르기성 염증, 자가면역질환 등의 염증성질환과 다양한 암을 유발시키는 것으로 알려져 있다 .</p> <p>미세조류 중 Haematococcus pluvialis가 생산하는 생리활성 물질인 astaxanthin (ATX, 3, \\( 3 ^ {\\prime } \\)-dihydroxy- \\( \\beta, \\beta ^ {\\prime } \\)-carotene-4- \\( 4 ^ {\\prime } \\)-dione)은 자연계에 널리 분포되어 있는 ketocarotenoid로 polysoprenoid와 oxygen quenching 기능을 가진 benzenoid ring의 결합체이며, 물고기와 동물의 음식물 속에 들어있는 색소의 원료일 뿐만 아니라, vitamin E와 \\( \\beta \\)-carotene 보다 강한 free radical 항산화활성을 가진 잠재력이 있는 물질이다. 또한, 이 생리활성물질은 과산화상태에서 막의 phos-pholipid와 다른 지질들을 보호하는 기능을 가진 우수한 물질로 알려져 있으며, 특히 이 물질의 항산화작용은 singletoxygen 및 free radical을 소거함으로 항암 및 면역기능활성 효과가 있는 것으로 보고되고 있다. ATX에 대한 연구보고는 많으나, 항염 및 항산화작용에 대한 명료한 기작 및 효과를 증명하는 결과는 아직도 미미한 실정이다. 따라서, 본 연구에서는 미세조류로부터 유래한 ATX를 이용하여 항염 및 항산화작용에 대한 기작 및 효과를 검증하고, 류마티스관절염, 알러지, 천식, 암 등의 주요조절인자인 NF- \\( \\kappa \\)B의 활성억제를 검증하여 항염증제, 항산화제 및 항암치료제로서의 가능성을 타진하고자 한다.</p>",
                "context_length": 1581,
                "summary": "ROS의 생성은 각종 질병의 원인과 관련이 있어 ROS와 염증의 연계성에 대한 연구가 이루어지고 있다. nuclear factor-kappa B는 각종 질병에서 치료의 중심적인 역할을 하는 것이 밝혀져 연구 대상이 되고 있다. astaxanthin은 free radical 항산화활성을 가진 물질로 알려져있다. 이에서 본 연구에서는 ATX를 이용해 항염과 항산화작용에 대한 효과와 NF-kB의 류마티스관절염, 알러지 등에 대한 활성억제를 검증해 항염증제, 항산화제 및 항암치료제로서의 가능성을 모색하고자 한다.",
                "clue": [
                    {
                        "clue_text": "이러한 질병의 원인이 Reactive Oxygen Species (ROS) 생성에 관련이 있다는 사실이밝혀짐에 따라 염증과 ROS와의 연계성에 대한 연구가 활발히 이루어지고 있다.",
                        "clue_start": "221",
                        "clue_end": "321"
                    },
                    {
                        "clue_text": "최근 연구결과에 따르면 세포내 면역반응의 전사인자인 nuclear factor-kappa B (NF- \\( \\kappa \\)B)는 염증질환, 암의 발생 및 전이, 악성종양화, 자가면역질환 등에 중심적인 역할을 하는 것이 밝혀져 염증 및 암 치료의 중심 target molecule로 대두되고 있다.",
                        "clue_start": "444",
                        "clue_end": "610"
                    },
                    {
                        "clue_text": "미세조류 중 Haematococcus pluvialis가 생산하는 생리활성 물질인 astaxanthin (ATX, 3, \\( 3 ^ {\\prime } \\)-dihydroxy- \\( \\beta, \\beta ^ {\\prime } \\)-carotene-4- \\( 4 ^ {\\prime } \\)-dione)은 자연계에 널리 분포되어 있는 ketocarotenoid로 polysoprenoid와 oxygen quenching 기능을 가진 benzenoid ring의 결합체이며, 물고기와 동물의 음식물 속에 들어있는 색소의 원료일 뿐만 아니라, vitamin E와 \\( \\beta \\)-carotene 보다 강한 free radical 항산화활성을 가진 잠재력이 있는 물질이다.",
                        "clue_start": "809",
                        "clue_end": "1183"
                    },
                    {
                        "clue_text": "따라서, 본 연구에서는 미세조류로부터 유래한 ATX를 이용하여 항염 및 항산화작용에 대한 기작 및 효과를 검증하고, 류마티스관절염, 알러지, 천식, 암 등의 주요조절인자인 NF- \\( \\kappa \\)B의 활성억제를 검증하여 항염증제, 항산화제 및 항암치료제로서의 가능성을 타진하고자 한다.",
                        "clue_start": "1415",
                        "clue_end": "1577"
                    }
                ],
                "terminology": [
                    {
                        "word": "ATX"
                    },
                    {
                        "word": "Haematococcus pluvialis"
                    },
                    {
                        "word": "Reactive Oxygen"
                    },
                    {
                        "word": "Reactive Oxygen Species"
                    },
                    {
                        "word": "astaxanthin"
                    },
                    {
                        "word": "benzenoid"
                    },
                    {
                        "word": "benzenoid ring"
                    },
                    {
                        "word": "free radical"
                    },
                    {
                        "word": "ketocarotenoid"
                    },
                    {
                        "word": "molecule"
                    },
                    {
                        "word": "nuclear factor-kappa B"
                    },
                    {
                        "word": "oxygen quenching"
                    },
                    {
                        "word": "polysoprenoid"
                    },
                    {
                        "word": "quenching"
                    },
                    {
                        "word": "radical"
                    },
                    {
                        "word": "singletoxygen"
                    },
                    {
                        "word": "target molecule"
                    },
                    {
                        "word": "vitamin"
                    },
                    {
                        "word": "기작"
                    },
                    {
                        "word": "내인성화학전달물질"
                    },
                    {
                        "word": "대두"
                    },
                    {
                        "word": "독성물질"
                    },
                    {
                        "word": "면역반응"
                    },
                    {
                        "word": "면역응답"
                    },
                    {
                        "word": "면역체계"
                    },
                    {
                        "word": "미생물"
                    },
                    {
                        "word": "미세조류"
                    },
                    {
                        "word": "생리활성"
                    },
                    {
                        "word": "생리활성물질"
                    },
                    {
                        "word": "세포"
                    },
                    {
                        "word": "염증"
                    },
                    {
                        "word": "염증반응"
                    },
                    {
                        "word": "염증질환"
                    },
                    {
                        "word": "유기체"
                    },
                    {
                        "word": "자가면역질환"
                    },
                    {
                        "word": "전이"
                    },
                    {
                        "word": "천식"
                    },
                    {
                        "word": "타진"
                    },
                    {
                        "word": "항산화작용"
                    },
                    {
                        "word": "항산화제"
                    },
                    {
                        "word": "항산화활성"
                    },
                    {
                        "word": "항암치료제"
                    },
                    {
                        "word": "항염"
                    },
                    {
                        "word": "항염증제"
                    },
                    {
                        "word": "혈관"
                    },
                    {
                        "word": "활성억제"
                    },
                    {
                        "word": "활성화"
                    }
                ]
            },
            {
                "context_id": "55e-0c9-merge_la_8a2ae4d1-2a2d0f11-e4bb-4dab-8dd8-83afc17d4dba_08",
                "context_K-NSCC": {
                    "field": "생명",
                    "large_category": "LA",
                    "medium_category": "04"
                },
                "context": "<p>\\( \\mathrm { NO } \\)는 세포 내에서 다양하게 작용한다. 즉, cNOS 는 일정한 양의 \\( \\mathrm { NO } \\)를 생산하므로 신경시스템에서 신호전달을 위해 작용을 하거나 혹은 혈관을 확장하여 혈압을 조정하므로 세포의 항상성에 기여한다. 반면에, iNOS는 LPS로 처리된 대식세포에서 많은 양의 \\( \\mathrm { NO } \\)를 생성하므로 세포에 손상을 초래하며, 다양한 급성 및 만성적 염증상황에서 병리학적인 과정에 관여 할 수 있다. 생성된 \\( \\mathrm { NO } \\) 양을 Griess 시약으로, iNOS 단백질발현을 immunoblot으로 분석한 결과, ATX는 LPS로 유도된 \\( \\mathrm { NO } \\) 생성 및 iNOS 단백질발현 수준을 현저히 억제시켰다. 이는 ATX가 iNOS의 기능을 제어하여 \\( \\mathrm { NO } \\) 생성을 감소시키므로 신경질환을 포함하는 염증성 질병의 치료에 이용될 수 있을 것으로 사료된다.</p> <p>염증성 cytokine인 IL-6와 TNF- \\( \\alpha \\)는 면역학적 기능이 다양할 뿐 아니라 target cell과 상호작용을 하며 염증을 매개하고 조절한다. 또한, 다른 면역세포들을 활성화시키고 류마티스성 관절염 같은 염증성 질병을 일으킬 수 있다. 특히, IL-6는 주로 단핵구나 대식세포에서 분비되며 증식하는 B 세포가 형질세포로 전환되는 마지막 분화단계를 증진시키고, 항체분비를 자극하는 것으로, 이 cytokine의 수준은 염증성 병변에서 항상 증가하는 것으로 보고되고 있다. 최근에, 약초들의 추출성분을 이용하여 IL-6 및 TNF- \\( \\alpha \\)와 같은 염증성 사이토카인을 억제시킴으로 염증성 질환을 치료하는 새로운 연구영역이 확대되고 있다. LPS로 대식세포를 자극하면 많은 양의 IL-6 및 TNF- \\( \\alpha \\)가 방출되며, 이러한 cytokine들에 대한 ATX의 억제효과를 ELISA kit을 이용하여 측정하였다. LPS는 IL-6 및 TNF- \\( \\alpha \\)의 생성을 유의성 있게 증가시켰으며, ATX (100 \\( \\mu \\mathrm { M } ) \\)는 LPS로 유도된 IL-6 및 TNF- \\( \\alpha \\)의 생성을 유의성 있게 억제시켰다. 특히, 이 농도에서 ATX는 LPS로 유도된 IL-6 및 TNF- \\( \\alpha \\) 생성을 각각 \\( 65.2 \\%, 21.2 \\% \\) 억제시킴으로 IL-6에 있어 약 3 배 더 높은 억제효과를 보였다.</p> <p>NF- \\( \\kappa \\)B는 면역반응, 세포자살 및 cell cycle에 관련된 유전자 발현을 조절하는 편재된 전사인자이며, iNOS, COX-2, IL-1 \\( \\beta \\) 및 TNF- \\( \\alpha \\)를 포함하는 많은 염증성 유전자들의 발현을 조절한다. 그리고 이 전사인자의 비정상적인 활성은 다양한 염증성질병과 종양생성에 관련되며, 항염증 약제들은 NF- \\( \\kappa \\)B 경로를 조절할 수 있다. 또한 이 전사인자의 활성화를 억제하는것은 암과 염증성질병의 예방과 치료에 효과적인 것으로 보고되었다. \\( \\mathrm { NO } \\), IL-6 및 TNF- \\( \\alpha \\)를 억제하는 분자적인 기작을이해하기 위해 LPS로 유도된 NF- \\( \\kappa \\)B 활성에 대한 ATX의 효능을 immunoblot으로 분석한 결과, ATX가 LPS로 유도된 NF- \\( \\kappa \\)B 활성을 효과적으로 억제하였다. 이러한 결과는 ATX가 LPS로 유도된 대식세포에서 NF- \\( \\kappa \\)B 경로를 조절할 수 있다는 것을의미한다. NF- \\( \\kappa \\)B 경로는 iNOS 발현의 조절에 관련되며, 몇몇화학방어적인 phytochemicals는 과도한 이 전사인자의 활성을 억제하므로 iNOS 발현을 억제한다. 또한 이 경로는LPS로 자극된 세포에서 염증성 cytokine들의 방출을 조절하는 핵심 조정자이다. 더욱이 NF- \\( \\kappa \\)B dependent luciferase assay로 측정한 결과, ATX \\( (100 \\mu \\mathrm { M } ) \\) 는 LPS로 유도된 lucifer-ase 활성을 현저히 억제하였다. 결과를 종합해 볼 때, ATX로 NF- \\( \\kappa \\)B transcriptional activity를 억제시키는 것이 NF- \\( \\kappa \\)B 의활성억제와 연계됨을 시사한다. 이러한 현상은 iNOS, IL-6 ,TNF- \\( \\alpha \\) 및 ROS의 유도에 대한 억제와 밀접하게 관련되어 있다. 이는 ATX가 NF- \\( \\kappa \\)B p65 subunit의 핵 전위 및 I \\( \\kappa \\)B \\( \\alpha \\)의 분해를 억제하여 염증성 매개자들의 생성을 저해한다는 Lee 등 의 보고와 일치한다.</p>",
                "context_length": 2397,
                "summary": "ATX는 iNOS의 기능을 조절하여 \\( \\mathrm { NO } \\) 생성을 감소시키는 효과가 있으며, 이로 인해 염증성 질환 치료에 유용할 것으로 예상된다. ATX는 또한 NF-\\( \\kappa \\)B 전사인자의 활동을 억제하여 염증성 유전자의 발현을 줄이며, 이는 NF-\\( \\kappa \\)B p65 subunit의 핵 전위와 I \\( \\kappa \\)B \\( \\alpha \\)의 분해를 억제함으로써 염증성 매개자들의 생성을 저해하는 것으로 나타났다.",
                "clue": [
                    {
                        "clue_text": "이는 ATX가 iNOS의 기능을 제어하여 \\( \\mathrm { NO } \\) 생성을 감소시키므로 신경질환을 포함하는 염증성 질병의 치료에 이용될 수 있을 것으로 사료된다.",
                        "clue_start": "406",
                        "clue_end": "502"
                    },
                    {
                        "clue_text": "LPS는 IL-6 및 TNF- \\( \\alpha \\)의 생성을 유의성 있게 증가시켰으며, ATX (100 \\( \\mu \\mathrm { M } ) \\)는 LPS로 유도된 IL-6 및 TNF- \\( \\alpha \\)의 생성을 유의성 있게 억제시켰다.",
                        "clue_start": "994",
                        "clue_end": "1132"
                    },
                    {
                        "clue_text": "NF- \\( \\kappa \\)B는 면역반응, 세포자살 및 cell cycle에 관련된 유전자 발현을 조절하는 편재된 전사인자이며, iNOS, COX-2, IL-1 \\( \\beta \\) 및 TNF- \\( \\alpha \\)를 포함하는 많은 염증성 유전자들의 발현을 조절한다.",
                        "clue_start": "1258",
                        "clue_end": "1409"
                    },
                    {
                        "clue_text": "결과를 종합해 볼 때, ATX로 NF- \\( \\kappa \\)B transcriptional activity를 억제시키는 것이 NF- \\( \\kappa \\)B 의활성억제와 연계됨을 시사한다.",
                        "clue_start": "2094",
                        "clue_end": "2200"
                    },
                    {
                        "clue_text": "이는 ATX가 NF- \\( \\kappa \\)B p65 subunit의 핵 전위 및 I \\( \\kappa \\)B \\( \\alpha \\)의 분해를 억제하여 염증성 매개자들의 생성을 저해한다는 Lee 등 의 보고와 일치한다.",
                        "clue_start": "2271",
                        "clue_end": "2393"
                    }
                ],
                "terminology": [
                    {
                        "word": "ATX"
                    },
                    {
                        "word": "B 세포"
                    },
                    {
                        "word": "COX-2"
                    },
                    {
                        "word": "ELISA"
                    },
                    {
                        "word": "ELISA kit"
                    },
                    {
                        "word": "Griess"
                    },
                    {
                        "word": "Griess 시약"
                    },
                    {
                        "word": "IL-1"
                    },
                    {
                        "word": "IL-6"
                    },
                    {
                        "word": "LPS"
                    },
                    {
                        "word": "NO"
                    },
                    {
                        "word": "ROS"
                    },
                    {
                        "word": "TNF-"
                    },
                    {
                        "word": "assay"
                    },
                    {
                        "word": "cNOS"
                    },
                    {
                        "word": "cell cycle"
                    },
                    {
                        "word": "cytokine"
                    },
                    {
                        "word": "iNOS"
                    },
                    {
                        "word": "iNOS 발현"
                    },
                    {
                        "word": "immunoblot"
                    },
                    {
                        "word": "lucifer-ase"
                    },
                    {
                        "word": "luciferase"
                    },
                    {
                        "word": "luciferase assay"
                    },
                    {
                        "word": "p65"
                    },
                    {
                        "word": "phytochemicals"
                    },
                    {
                        "word": "subunit"
                    },
                    {
                        "word": "기작"
                    },
                    {
                        "word": "단백질발현"
                    },
                    {
                        "word": "대식세포"
                    },
                    {
                        "word": "류마티스성 관절염"
                    },
                    {
                        "word": "만성적"
                    },
                    {
                        "word": "면역반응"
                    },
                    {
                        "word": "발현"
                    },
                    {
                        "word": "병변"
                    },
                    {
                        "word": "분화단계"
                    },
                    {
                        "word": "사이토카인"
                    },
                    {
                        "word": "세포"
                    },
                    {
                        "word": "세포자살"
                    },
                    {
                        "word": "신경시스템"
                    },
                    {
                        "word": "신호전달"
                    },
                    {
                        "word": "억제효과"
                    },
                    {
                        "word": "염증"
                    },
                    {
                        "word": "염증성 병변"
                    },
                    {
                        "word": "염증성 사이토카인"
                    },
                    {
                        "word": "염증성 질병"
                    },
                    {
                        "word": "염증성 질환"
                    },
                    {
                        "word": "유의성"
                    },
                    {
                        "word": "유전자"
                    },
                    {
                        "word": "유전자 발현"
                    },
                    {
                        "word": "저해"
                    },
                    {
                        "word": "전사인자"
                    },
                    {
                        "word": "전위"
                    },
                    {
                        "word": "증식"
                    },
                    {
                        "word": "항상성"
                    },
                    {
                        "word": "항염증"
                    },
                    {
                        "word": "혈관"
                    },
                    {
                        "word": "형질세포"
                    },
                    {
                        "word": "활성화"
                    }
                ]
            }
        ]
    }
}