{
    "dataset_info": {
        "identifier": "02-031-002-NL",
        "name": "기술과학 문서 요약 데이터",
        "category": "자연어",
        "last_updated": "2023-08-30"
    },
    "dataset": {
        "doc_id": "31a7cd33-2d3dedbc-0b53-41ea-b05f-44db24bb8c04",
        "doc_type": "논문",
        "doc_title": {
            "kor": "전수조사를 통한 국내 유전자변형생물체의 연구 동향 분석",
            "eng": ""
        },
        "doc_category": {
            "KDC": "481.1705",
            "DDC": ""
        },
        "doc_number": {
            "ISSN": "1229-2818",
            "ISBN": "",
            "DOI": "",
            "UCI": ""
        },
        "doc_year": "2008",
        "doc_author": [
            "이훈복",
            "최경화",
            "정순기",
            "김용호",
            "김환묵"
        ],
        "doc_publisher": "한국식물생명공학회",
        "doc_license": "CC BY-NC",
        "context_info": [
            {
                "context_id": "55e-0c9-merge_la_31a7cd33-2d3dedbc-0b53-41ea-b05f-44db24bb8c04_02",
                "context_K-NSCC": {
                    "field": "생명",
                    "large_category": "LA",
                    "medium_category": "02"
                },
                "context": "<h2>전수조사</h2> <h3>숙주의 빈도 조사</h3> <p>본 조사를 통해 조사된 숙주는 총 59 종류였으며, 이중 식물이 26 종, 동물이 15 종, 그리고 미생물이 18 종이었다. 대장균을 포함하는 미생물 숙주의 총 사용빈도수는 106 회로 전체의 \\( 40.3 \\% \\) 를 나타내었고 식물 94 회 \\( 36.7 \\% \\), 동물 63 회 \\( 24.0 \\% \\)다. 그러므로 미생물이 숙수로서 종종 사용되어 지고 있음을 볼 때, 이는 최초로 1973년 Cohen et al.에 의해서 대장균에서 유전자변형체를 성공한 이래 유전자변형체를 만들기 위한 좋은 재료로 선호되고 있음을 알수있고, 이러한 미생물이 실험실에서 다뤄지고 있는 중이나, 이후 폐기처분시에 안전관리대책이 매우 중요한 사안이라고 볼 때, 그 안전관리대책마련이 매우 중요하게 될 것이다.</p> <h3>숙주의 위해도 분석</h3> <p>본 조사를 통해 59 개의 숙주종류가 사용되어지고 있음이 밝혀졌는데, 이들의 위해도를 등급별로 분류하여보면 위해성이 없는 위해도 1등급이라고 응답한 경우 전체 숙주 사용 빈도수 263 건중 194 건으로 전체의 \\( 73.8 \\% \\) 를 차지하였다. 그리고 숙주의 위해도가 조금있지만 치료가 용이한 위해도 2등급이라고 응답한 경우는 전체 숙주사용빈도수 263 건중 68 건으로 전체의 \\( 25.9 \\% \\) 를 차지하였고, 숙주의 위해도가 상당 할 수 있으나 치유가 가능한 위해도 3 등급은 1 건이 존재하였는데, H10407 E. coli가 이에 해당하는 위해도를 보였다. 따라서 대부분의 숙주의 위해도 등급은 위해도 1,2 등급으 로 나타나, 전체 응답자의 \\( 99.8 \\% \\) 를 나타내었다.</p> <h3>발현 유전자의 위해도별 분석</h3> <p>발현유전자의 위해도 분석결과 위해도 1 등급인 경우는 전체 숙주사용빈도수 263 개중 232 개로 \\( 88.2 \\% \\) 를 차지하여 발현유전자가 생산하는 물질의 독성이 없다고 응답하였다. 또한 전체 숙주사용빈도수 263 개중 30 개가 위해도가 2 등급 이라고 응답하여 발현유전자가 생산하는 물질의 독성이 매우 낮았다는 것을 알 수 있다.</p> <p>발현 유전자의 위해도 등급은 유전자 유래 (gene source) 나 벡터 (vector)가 병원체 유래인가, virulency가 있는가 등 에 따라 위해도 1,2,3,4등급으로 구분되었다. 숙주의 위해도는 연구자 내지 실험 당사자에게 중요한 부분이지만 발현 유전자의 위해도는 소비자에게 직접적인 영향을 미칠 수 있 는 부분이다. 그러나 본 연구를 수행할 당시엔 국내에서는 발현유전자에 대한 정량적인 위해도 등급이 없어 모호한 판단 가능성도 배제할 수는 없었다. 따라서 소비자에게 직접 적인 영향을 미칠 수 있는 발현유전자가 생산해 내는 물질에 대한 정확한 위해도 평가가 선행되어야 하며 이를 위해선 보건복지부 및 질병관리본부에서 발행한 지침서를 참조할 수 있다.</p>",
                "context_length": 1456,
                "summary": "이 연구에서는 총 59개의 다양한 숙주(식물 26종, 동물 15종, 미생물 18종)가 조사되었으며, 그 중 미생물 숙주의 사용빈도는 106회로 전체의 40.3%를 차지하였다. 발현유전자의 위해도 분석 결과, 전체 숙주사용빈도 263개 중 232개(88.2%)는 위해도 1등급으로, 발현유전자가 생산하는 물질의 독성이 없음을 보여주었다. 그러나 30개(2등급)는 독성이 매우 낮음을 나타냄으로써, 소비자에게 직접적인 영향을 미칠 수 있는 발현유전자가 생성하는 물질의 위해도 평가가 필요함을 강조하였다.",
                "clue": [
                    {
                        "clue_text": "본 조사를 통해 조사된 숙주는 총 59 종류였으며, 이중 식물이 26 종, 동물이 15 종, 그리고 미생물이 18 종이었다.",
                        "clue_start": "36",
                        "clue_end": "105"
                    },
                    {
                        "clue_text": "대장균을 포함하는 미생물 숙주의 총 사용빈도수는 106 회로 전체의 \\( 40.3 \\% \\) 를 나타내었고 식물 94 회 \\( 36.7 \\% \\), 동물 63 회 \\( 24.0 \\% \\)다.",
                        "clue_start": "106",
                        "clue_end": "212"
                    },
                    {
                        "clue_text": "그러므로 미생물이 숙수로서 종종 사용되어 지고 있음을 볼 때, 이는 최초로 1973년 Cohen et al.에 의해서 대장균에서 유전자변형체를 성공한 이래 유전자변형체를 만들기 위한 좋은 재료로 선호되고 있음을 알수있고, 이러한 미생물이 실험실에서 다뤄지고 있는 중이나, 이후 폐기처분시에 안전관리대책이 매우 중요한 사안이라고 볼 때, 그 안전관리대책마련이 매우 중요하게 될 것이다.",
                        "clue_start": "213",
                        "clue_end": "427"
                    },
                    {
                        "clue_text": "본 조사를 통해 59 개의 숙주종류가 사용되어지고 있음이 밝혀졌는데, 이들의 위해도를 등급별로 분류하여보면 위해성이 없는 위해도 1등급이라고 응답한 경우 전체 숙주 사용 빈도수 263 건중 194 건으로 전체의 \\( 73.8 \\% \\) 를 차지하였다.",
                        "clue_start": "455",
                        "clue_end": "595"
                    },
                    {
                        "clue_text": "그리고 숙주의 위해도가 조금있지만 치료가 용이한 위해도 2등급이라고 응답한 경우는 전체 숙주사용빈도수 263 건중 68 건으로 전체의 \\( 25.9 \\% \\) 를 차지하였고, 숙주의 위해도가 상당 할 수 있으나 치유가 가능한 위해도 3 등급은 1 건이 존재하였는데, H10407 E. coli가 이에 해당하는 위해도를 보였다.",
                        "clue_start": "596",
                        "clue_end": "778"
                    }
                ],
                "terminology": [
                    {
                        "word": "Cohen"
                    },
                    {
                        "word": "E. coli"
                    },
                    {
                        "word": "H10407"
                    },
                    {
                        "word": "virulency"
                    },
                    {
                        "word": "미생물"
                    },
                    {
                        "word": "발현유전자"
                    },
                    {
                        "word": "벡터"
                    },
                    {
                        "word": "병원체"
                    },
                    {
                        "word": "보건복지부"
                    },
                    {
                        "word": "숙주"
                    },
                    {
                        "word": "위해도"
                    },
                    {
                        "word": "유전자 유래"
                    },
                    {
                        "word": "유전자변형체"
                    },
                    {
                        "word": "질병관리본부"
                    },
                    {
                        "word": "회로"
                    }
                ]
            },
            {
                "context_id": "55e-0c9-merge_la_31a7cd33-2d3dedbc-0b53-41ea-b05f-44db24bb8c04_01",
                "context_K-NSCC": {
                    "field": "생명",
                    "large_category": "LA",
                    "medium_category": "02"
                },
                "context": "<h1>재료 및 방법</h1> <h2>전수조사 방법 및 분석</h2> <p>본 연구는 과학기술부 국책과제인 「생명공학안전성평가기술개발사업」의 제 2 단계 1 차년도 사업으로 2004 년도에 추진되었으며, 한국생명공학연구원, 국립환경연구원, 한국환경정책평가연구원이 공동으로 찹여하였다. 본 연구를 위하여 총 소요기간은 7개월 이었으며 예비조사와 전수조사를 실시하였다. 2004년 1월부터 2004년 7월까지 총 7개월간의 조사기간을 3단계로 구분하여 본 연구를 수행하였는데, 1단계는 1월 15 일부터 4월 30 일까지 전수조사 설문지 작성을 포함한 예비조사기간이었으며, 2단계는 5월 3일부터 6 원 8일까지 우편을 이용한 전수조사 설문지 발송 및 결과 취합을 위한 기간이었고, 3 단계는 6월 9일부터 7월 30 일까지 본 연구 결과 분석 및 보고서를 작성한 기간으로 구분되어 연구가 수행되었다.</p> <p>예비조사를 위해서 과학기술부의 프론티어 연구개발사업인 작물유전체기능연구사업단이 주관한 Crop Functional Genomics 2004에 발표된 모든 연구결과를 분석하였다. 전수조사는 국내에서 생명공학기술을 이용하여 연구를 수행중인 국공립연구소, 대학교, 산업체를 대상으로 하였으며, 총 423 곳을 선정하였다. 대상선정에 있어 대학교의 경우는 학과를 하나의 독립기관으로 보았으며, 국공립연구소 및 기업체는 실험실을 하나의 독립기관으로 보았다. 따라서 대학교, 국공립연구소 그리고 기업체의 법인명은 총 대상기관 계상시 중복되었다.</p> <p>본 조사를 진행할때, 조사대상 범위가 너무나 방대하고 대상 생물체 종류가 너무나 다양하였기 때문에, 1 차 적으로 국내의 연구기관에게 시험· 연구용 LMO를 공급하는 시약 및 재료회사의 카달로그를 검토하여 숙주별로 그 종류를 파악하였으며 2차적으로는 국내 대학교(314개교)와 생명공학관련 연구기관으로 간주되는 국·공립연구소(32개 기관), 기업연구소(77)로 충 423 개 기관에 설문지를 배포하여 조사하였다. 전수조사를 위한 자료 조사 내용은 식물, 동물, 미생물을 기준으로 숙주명, 숙주의 위해노, 발현유선자의 위해도, 숙주의 사용목적별 빈도분석 및 위해도간 관계, 실험량, 폐기량, 생산량과 LMO의 연구 시설, LMO의 획득현황 등이다.본 연구를 통해서 취합된 조사내용은 공동 시행기관인 국립환경연구원 LMO 환경위해성심사단에서 번석하였으며, 분석은 통계프로그램인 \\( \\mathrm { SPSS } ^ {\\infty } \\) 를 이용하여 빈도분석, 비표분석 및 교차분석 등을 실시하였다.</p> <h1>결과 및 고찰</h1> <h2>예비조사</h2> <p>본 연구에서 수행된 예비조사에서 시험· 연구용 LMO를 이용한 연구비율은 Bioinformatics 9건, Biotechnology 21건, Developmental Biology 47건, Emerging Technology 5건, Epigenetics and Gene Silencing 11건, Genomics and Molecular Brecding 87건, Signaling and Secondary Metabolism 34건, Stress Biology 65건, Transgenesis 14건, Other Category 25건등 총 318 건 이었다.<p>Emerging Technology 분야에서는 \\( 100 \\% \\) 가 시험·연구용 LMO와 관련된 연구였고, Transgenesis 분야는 \\( 71 \\% \\), Developmental Biology분야는 \\( 53 \\% \\) 가 시험·연구용 LMO를 이용한 연구였다. Bioinformatics와 Emerging Technology부분을 제외한 모든 연기분야에서 시험·연구용 LMO와 관련된 연구의 비율이 높았다. 이는 작물유전체 연구분야에서 시험·연구용 LMO를 이용한 실험이 광범위하게 적용되고 있음을 알 수 있었다.</p>",
                "context_length": 1916,
                "summary": "본 연구는 과학기술부 국책과제인 「생명공학안전성평가기술개발사업」의 제 2 단계 1 차년도 사업으로 2004 년도에 추진되었으며, 한국생명공학연구원, 국립환경연구원, 한국환경정책평가연구원이 공동으로 참여하였으며 예비조사를 위해서 과학기술부의 프론티어 연구개발사업인 작물유전체기능연구사업단이 주관한 Crop Functional Genomics 2004에 발표된 모든 연구결과를 분석하였다.",
                "clue": [
                    {
                        "clue_text": "본 연구는 과학기술부 국책과제인 「생명공학안전성평가기술개발사업」의 제 2 단계 1 차년도 사업으로 2004 년도에 추진되었으며, 한국생명공학연구원, 국립환경연구원, 한국환경정책평가연구원이 공동으로 찹여하였다.",
                        "clue_start": "42",
                        "clue_end": "158"
                    },
                    {
                        "clue_text": "예비조사를 위해서 과학기술부의 프론티어 연구개발사업인 작물유전체기능연구사업단이 주관한 Crop Functional Genomics 2004에 발표된 모든 연구결과를 분석하였다.",
                        "clue_start": "454",
                        "clue_end": "552"
                    }
                ],
                "terminology": [
                    {
                        "word": "Bioinformatics"
                    },
                    {
                        "word": "Biotechnology"
                    },
                    {
                        "word": "Crop"
                    },
                    {
                        "word": "Developmental Biology"
                    },
                    {
                        "word": "Emerging Technology"
                    },
                    {
                        "word": "Gene Silencing"
                    },
                    {
                        "word": "LMO"
                    },
                    {
                        "word": "Metabolism"
                    },
                    {
                        "word": "Other Category"
                    },
                    {
                        "word": "SPSS"
                    },
                    {
                        "word": "Signaling"
                    },
                    {
                        "word": "Stress Biology"
                    },
                    {
                        "word": "Transgenesis"
                    },
                    {
                        "word": "교차분석"
                    },
                    {
                        "word": "미생물"
                    },
                    {
                        "word": "발현유선자"
                    },
                    {
                        "word": "비표분석"
                    },
                    {
                        "word": "빈도분석"
                    },
                    {
                        "word": "시험· 연구용 LMO"
                    },
                    {
                        "word": "시험·연구용 LMO"
                    },
                    {
                        "word": "예비조사"
                    },
                    {
                        "word": "위해노"
                    },
                    {
                        "word": "위해도"
                    },
                    {
                        "word": "작물유전체"
                    }
                ]
            },
            {
                "context_id": "55e-0c9-merge_la_31a7cd33-2d3dedbc-0b53-41ea-b05f-44db24bb8c04_03",
                "context_K-NSCC": {
                    "field": "생명",
                    "large_category": "LA",
                    "medium_category": "02"
                },
                "context": "<h3>숙주의 사용목적별 빈도분석 및 위해도간 관계</h3> <p>본 결과를 통해 조사된 바에 의하면 대부분의 숙주는 시험·연구용을 목적으로 사용된다고 응답한 연구자가 전체의 \\( 51.3 \\% \\) 로 반 이상이 시험·연구를 목적으로 숙주를 이용하고 있었다. 그리고 치료용, 즉 의약용으로 사용한다고 응답한 연구자는 전체의 \\( 19 \\% \\) 로 시험·연구용 다음으로 많았다. 다음이 농업용으로 사용한다는 응답자는 \\( 12.9 \\% \\), 환경정화용이 \\( 1.9 \\% \\) 를 차지하고 있었다. 본 조사에서 나타난 결과 대부분이 시험·연구용으로 LMO를 사용하고 있는 것으로 나타났는데, 이는 상품으로의 개발을 위해 현재 국내 실험실에서 많은 연구활동이 이루어지고 있음을 보여주고 있다.</p> <p>따라서 시험·연구용 LMO에 대한 관리는 무엇보다도 이들의 안전성을 확보하는 것이 중요한 사항이다. 개발의 초기단계인 시험·연구활동에서부터 LMO를 안전하게 취급하고 관리·통제할 때에만 차후 발생하게 될 2 차, 3 차의 위해로부터 벗어날 수 있을 것이다.</p> <p>하지만, 실험실 수준에서 이루어지는 연구는 정확한 현황을 파악하기가 거의 불가능하다고 할 수 있다. 또한 이러한 현황은 기업의 연구활동으로서 기업의 경제적 이익창출과 직결되어 기업비밀에 붙여지는 경우가 대부분이다. 즉, 기업 연구소에서의 연구활동은 직접적 상품화가 유일한 목적이다. 또한 대학내 연구실에서 이루어지는 연구활동도 자체 LMO 개발을 통한 상품화가 목적인 것도 있으며, 순수한 시험·연구를 목적으로만 하는 경우도 있다.</p> <p>조사결과 시험·연구용 LMO의 숙주위해도 수준은 대부분이 위해도 1 등급과 위해도 2 등급에 해당하였다. 그리고 치료용으로 사용되는 LMO도 위해도 1 등급과 위해도 2 등급이었다. 조사된 LMO의 개발용도별 위해도 수준은 위해도 1등급이 전체의 \\( 73.8 \\% \\), 위해도 수준 2 등급이 전체의 \\( 25.9 \\% \\) 를 차지하였으며, 위해도 수준이 3 등급인 것은 \\( 0.4 \\% \\) 로 시험·연구용으로 사용되는 LM-대장균 1종이 해당되었다.</p> <p>한편, 본 전수조사의 결과에서도 응답자의 약 \\( 12.9 \\% \\) 가 농업용으로서의 LMO를 개발하고 있다고 응답하여 많은 부분을 차지하고 있었다. 물론 현재 국내의 상황과 기술수준으로 볼 때 개발 및 기술의 초기단계로서 시험·연구용 LMO가 전체 응답자의 \\( 51.3 \\% \\) 를 차지하고는 있지만, 이중에서도 최종목적이 농업용으로의 개발이 목적인 LMO가 상당량 포함되어 있을 것으로 추정할 수 있다.</p> <p>개발의 용도가 치료용이라고 응답한 연구자들도 약 \\( 19.0 \\% \\)를 차지하여 농업용보다 많은 것으로 조사되었으나, 농업용과 치료용 모두 인체에 영향이 직접적으로 미칠 수 있는 생물체로서 이들의 위해도 수준에 대한 정확한 판단은 무엇보다도 인체건강을 확보하는데 중요한 지표가 될 것이다.</p>",
                "context_length": 1466,
                "summary": "본 조사 결과, 대부분의 숙주는 시험·연구용으로 사용되고 있으며, 치료용, 농업용, 환경정화용으로 사용하는 응답자도 있었다. 시험·연구용 LMO의 위해도 수준은 대부분 1~2등급이었고, 치료용도 마찬가지로 1~2등급이었다. 그리고 시험·연구용과 농업용, 치료용 모두 인체에 영향이 직접적으로 미칠 수 있는 생물체로서 위해도 수준에 대한 정확한 판단은 인체건강을 확보하는데 매우 중요하다.",
                "clue": [
                    {
                        "clue_text": "본 결과를 통해 조사된 바에 의하면 대부분의 숙주는 시험·연구용을 목적으로 사용된다고 응답한 연구자가 전체의 \\( 51.3 \\% \\) 로 반 이상이 시험·연구를 목적으로 숙주를 이용하고 있었다.",
                        "clue_start": "37",
                        "clue_end": "145"
                    },
                    {
                        "clue_text": "본 결과를 통해 조사된 바에 의하면 대부분의 숙주는 시험·연구용을 목적으로 사용된다고 응답한 연구자가 전체의 \\( 51.3 \\% \\) 로 반 이상이 시험·연구를 목적으로 숙주를 이용하고 있었다. 그리고 치료용, 즉 의약용으로 사용한다고 응답한 연구자는 전체의 \\( 19 \\% \\) 로 시험·연구용 다음으로 많았다.",
                        "clue_start": "37",
                        "clue_end": "212"
                    },
                    {
                        "clue_text": "조사결과 시험·연구용 LMO의 숙주위해도 수준은 대부분이 위해도 1 등급과 위해도 2 등급에 해당하였다.",
                        "clue_start": "796",
                        "clue_end": "854"
                    },
                    {
                        "clue_text": "그리고 치료용으로 사용되는 LMO도 위해도 1 등급과 위해도 2 등급이었다.",
                        "clue_start": "855",
                        "clue_end": "897"
                    },
                    {
                        "clue_text": "개발의 용도가 치료용이라고 응답한 연구자들도 약 \\( 19.0 \\% \\)를 차지하여 농업용보다 많은 것으로 조사되었으나, 농업용과 치료용 모두 인체에 영향이 직접적으로 미칠 수 있는 생물체로서 이들의 위해도 수준에 대한 정확한 판단은 무엇보다도 인체건강을 확보하는데 중요한 지표가 될 것이다.",
                        "clue_start": "1299",
                        "clue_end": "1462"
                    }
                ],
                "terminology": [
                    {
                        "word": "LM-대장균"
                    },
                    {
                        "word": "LMO"
                    },
                    {
                        "word": "빈도분석"
                    },
                    {
                        "word": "숙주"
                    },
                    {
                        "word": "시험·연구용 LMO"
                    },
                    {
                        "word": "위해도"
                    }
                ]
            },
            {
                "context_id": "55e-0c9-merge_la_31a7cd33-2d3dedbc-0b53-41ea-b05f-44db24bb8c04_05",
                "context_K-NSCC": {
                    "field": "생명",
                    "large_category": "LA",
                    "medium_category": "02"
                },
                "context": "<p>생산량은 식물은 월별 \\( 13.5 \\) 개, 동물은 월별 \\( 8.7 \\) 마리, 미생물은 월별 \\( 6.5 \\times 10 ^ { 11 } \\mathrm { CFU } \\) 를 월 단위별로 나타내었다.</p> <h3>설문조사를 통한 LMO의 획득현황</h3> <p>설문지를 통한 국내연구기관의 LMO 수출입현황을 조사한 결과 설문지배포 및 응답현황은 전체 423개 배부처로부터 응답을 한 회수율은 \\( 10.6 \\% \\) 이었다. 회수율이 가장 낮은 대학의 경우 \\( 6.7 \\% \\) 로서 추후 보다 응답율이 높은 설문조사가 될 수 있도록 설문지 배부방법, 회수 방법 등에 대한 체계적인 검토가 필요한 것으로 나타났다. 총 회수된 설문지 회수 개수 116 개 (이중 수출입 관련하여 응답한 개수는 45 개임)의 설문내용을 분석한 결과 총 59 종류의 숙주를 대상으로 263건의 LMO에 대한 구매 혹은 구입이 이루어진 것으로 조사되었다. 총 263 건에 대한 숙주별 구입 방법을 분석한 결과 숙주의 총사용빈도수 263 건에 대하여 172 건 \\( 65 \\% \\) 은 구체적인 구입방법을 기술하지 않았으며 회사로부터 구매한 것 이 43건, 무상 양수 받았다고 응답한 것이 역시 43건으로 각 각 \\( 16 \\% \\) 를 차지하였으며 구매 혹은 무상양수로 응답한 건수가 5 건으로 \\( 2 \\% \\) 를 차지하였다.<p>구매방법에 대하여 응답한 사례가 91건으로 조사되었다. 이들 중 식물이 11 건으로 전체 응답자에 \\( 12.1 \\% \\) 를 차지하였으며, 미생물은 60 건으로 \\( 65.9 \\% \\), 동물은 20 건으로 \\( 22.0 \\% \\) 를 나타내었다. 이러한 결과로부터도 시험·연구용 LMO 개발에 대한 연구활동에 있어 미생물이 가장 많이 사용 되어지고 있음을 알 수 있다. 앞에서 이미 기술한 숙주의 총사용빈도수가 미생물이 가장 많았던 사례와 일치하고 있음을 볼 수 있다. 따라서 미생물에 대한 안전관리대책 수립은 식물과 동물에 비해 앞서 수립해야 할 것이라 사료된다. 또한 구매 내지 무상양수는 어디로부터 하였는가에 대한 질문에 대하여 구매하여 사용했다고 응답한 건수 43건 중 26 건이 국내에서 구입하였다고 응답하였으며, 16건은 국외를 통해 구입한 것으로 나타났다. 그리고 무상양수의 경우는 \\( 16(67.0 \\%) \\)건이 국내에서, 7 (25.3 \\%)건이 국외에서 이뤄진 것으로 조사 되었다.</p> <p>이러한 결과로부터 국내 연구자들은 LMO의 개발 연구를 위하여 국내에서 숙주를 구매하거나 무상으로 분양받는 사례가 많음을 알 수 있었다. 이는 국외를 통하지 않고서도 국내에서도 원하는 숙주를 쉽게 구매 내지 무상양수를 받을 수 있다는 것을 나타낸다. 즉, 구매의 경우 국내에 있는 생명공학다국적기업을 통해 쉽게 원하는 숙주를 구매할 수 있다는 것이다. 또한 국내 연구자들은 상호 공동연구를 수행하는 과정에서 원하는 숙주를 무상으로 교환하고 있다는 사실도 알 수 있었다.</p>",
                "context_length": 1469,
                "summary": "LMO에 속하는 숙주의 구입 방법을 조사한 결과, 총사용빈도수 263 건 중 172건은 구입방법을 기술하지 않았고, 43건은 회사로부터 구매한 것이었다. 또한 43건은 무상 양수를 받은 것이었으며 구매 혹은 무상양수 건은 5건이었다. 또한 조사 결과를 통해, 시험·연구용 LMO 개발에 미생물이 많이 사용됨을 알 수 있었다. 따라서 미생물에 대한 안전관리대책을 가장 먼저 수립해야 한다. 국내 생명공학다국적기업을 통해 숙주 구매가 쉽게 가능함을 알 수 있었다. 또한 공동 연구를 위한 무상 교환도 하고 있음을 알 수 있었다.",
                "clue": [
                    {
                        "clue_text": "총 263 건에 대한 숙주별 구입 방법을 분석한 결과 숙주의 총사용빈도수 263 건에 대하여 172 건 \\( 65 \\% \\) 은 구체적인 구입방법을 기술하지 않았으며 회사로부터 구매한 것 이 43건, 무상 양수 받았다고 응답한 것이 역시 43건으로 각 각 \\( 16 \\% \\) 를 차지하였으며 구매 혹은 무상양수로 응답한 건수가 5 건으로 \\( 2 \\% \\) 를 차지하였다.",
                        "clue_start": "476",
                        "clue_end": "685"
                    },
                    {
                        "clue_text": "이러한 결과로부터도 시험·연구용 LMO 개발에 대한 연구활동에 있어 미생물이 가장 많이 사용 되어지고 있음을 알 수 있다.",
                        "clue_start": "828",
                        "clue_end": "896"
                    },
                    {
                        "clue_text": "따라서 미생물에 대한 안전관리대책 수립은 식물과 동물에 비해 앞서 수립해야 할 것이라 사료된다.",
                        "clue_start": "953",
                        "clue_end": "1006"
                    },
                    {
                        "clue_text": "즉, 구매의 경우 국내에 있는 생명공학다국적기업을 통해 쉽게 원하는 숙주를 구매할 수 있다는 것이다.",
                        "clue_start": "1343",
                        "clue_end": "1399"
                    },
                    {
                        "clue_text": "또한 국내 연구자들은 상호 공동연구를 수행하는 과정에서 원하는 숙주를 무상으로 교환하고 있다는 사실도 알 수 있었다.",
                        "clue_start": "1400",
                        "clue_end": "1465"
                    }
                ],
                "terminology": [
                    {
                        "word": "CFU"
                    },
                    {
                        "word": "LMO"
                    },
                    {
                        "word": "미생물"
                    },
                    {
                        "word": "숙주"
                    },
                    {
                        "word": "시험·연구용 LMO"
                    },
                    {
                        "word": "회수율"
                    }
                ]
            },
            {
                "context_id": "55e-0c9-merge_la_31a7cd33-2d3dedbc-0b53-41ea-b05f-44db24bb8c04_06",
                "context_K-NSCC": {
                    "field": "생명",
                    "large_category": "LA",
                    "medium_category": "02"
                },
                "context": "<p>한편 LMO가 어떠한 경로를 통하여 구입되었는가 하는 질문에는 전체 응답건수 91 건 중 우편으로 구입한 것이 55건으로 \\( 60.4 \\% \\) 를 나타내었으며, 직접 구입한 것이 33 건으로 \\( 36.3 \\% \\), 자체적으로 개발한 경우는 1 건, 기타 2건으로 조사되었다. 그리고 우편을 통해 구입한 경우 중 개발목적을 살펴 보면, 시험·연구용이 28 건으로 \\( 50.9 \\% \\), 연구 및 치료용이 21 건으로 \\( 38.2 \\% \\), 기타 6 건으로 \\( 11.9 \\% \\) 로 나타났다. 또한 직접 구입한 경우도 시험-연구를 목적으로 구입한 경우가 전체 33 건 중 26 건을 차지하여 \\( 78.8 \\% \\) 로 나타났다. 따라서 시험·연구용으로 구입하는 경우가 대부분인 것을 알 수 있었으며, 이러한 결과는 개발의 초기단계인 시험연구활동이 국내에서 활발하게 이루어지고 있으며, 이에 대한 관리방안 마련이 시급히 만들어져 국내의 연구환경 조성 및 철저한 안전관리대책을 마련할 필요가 있음을 알 수 있었다.</p> <h1>결 론</h1> <p>본 연구 결과에 대한 결론을 정리하면, 첫째, 시험·연구용 LMO의 안전관리 방안 마련 시 미생물뿐만 아니라 동물,식물에 대한 안전관리가 동시에 마련되어야 할 것이다. 둘째, 숙주별 위해도를 분석한 결과 과학기술부 관리대상이 거의 대부분임을 알 수 있었다. 셋째, 대부분이 과학기술부 관리대상이었으나 위해도에 대한 기준이 명확하지 않으므로 숙주별 위해도 기준마련이 시급하다고 판단된다. 넷째, 현재 국내 실험실에서 연구는 반 이상이 시험-연구를 목적으로 하므로 시험·연구 활동의 안전성을 확보할 수 있는 시설기준, 연구자 안전관리지침 등을 마련해야 한다. 다섯째, 본 조사를 바탕으로 실험실 안전관리지침을 제정하고, 폐기에 대한 철저한 관리방안이 수립되어야 할 것이다. 여섯째, 설문조사를 통한 LMO 획득현황을 조사한 결과 숙주별 미생 물의 구매가 가장 많았으며, 수출입 안전관리시 미생물의 안전관리 수립과 함께 동·식물의 안전관리도 수립해야 한다.</p> <p>그리고 인위적으로 종간의 벽을 허무는 LMO의 창출과정에 따라 LMO에 대한 인체 및 환경에 대한 잠재적인 악영향이 우려되며 이러한 측면에서 LMO의 연구 목적의 이용 또는 상업화를 위한 시험·연구 단계에서 LMO 및 연구시설의 안전관리가 철저히 이루어져 LMO의 인체 및 환경에 대한 잠재적인 악영향을 사전에 차단해야 한다. 또한 시험·연구용 LMO의 연구가 궁극적으로 고부가 가치의 LMO의 창출이나 가치 있는 유전자의 발굴로 우리나라의 실정에 적합한 과학적이고 통용성이 확보된 시험·연구용LMO의 위해성 관리기술의 개발에 있으며 수입 LMO의 수량을 포함한 유통경로, 표시제등의 안전관리뿐만 아니라, 국내 연구에서 LMO 취급관련 연구시설도 안전관리를 받아야 하므로 본 연구를 통한 LMO연구의 현황 파악이 더욱 큰 역할을 할 수 있을 것으로 기대된다.</p> <p>전수조사 결과를 바탕으로 시험·연구용 LMO와 관련된 행정조치사항을 조화롭게 마련하는데 토대가 되었으며 본 연구 결과를 토대로 현재 바이오안전성평가관리사업을 과학기술부와 과학재단의 지원하에 한국생명공학연구원주관으로 수행 중에 있다. 국내의 LMO 연구동향을 파악한 본 연구를 통해 LMO 안전관리 체계마련, LMO 안전성평가기준 마련, LMO안전성 모니터링, LMO 안전관리 교육 및 LMO의 안전성 홍보 등을 시행하여, 국민과 윤택한 삶을 공유할 수 있는 토대를 마련하고 안전한 연구환경을 조성함으로써, 미래 지속가능한 생명공학연구의 발전의 기초를 마련 할 수 있을 것으로 기대된다.</p>",
                "context_length": 1789,
                "summary": "LMO의 구입 방법 중 우편, 직접 구입 등이 60.4%, 36.3%로 나타났고, 시험·연구용으로 구입하는 경우가 대부분이라는 것을 알 수 있었다. 미생물뿐만 아니라 동물, 식물에 대한 안전관리가 동시에 마련되어야 하며, 숙주별 위해도 기준마련이 시급하며 LMO의 연구 목적의 이용 또는 상업화를 위한 시험·연구 단계에서 LMO 및 연구시설의 안전관리가 철저히 이루어져야 한다.",
                "clue": [
                    {
                        "clue_text": "이러한 결과는 개발의 초기단계인 시험연구활동이 국내에서 활발하게 이루어지고 있으며, 이에 대한 관리방안 마련이 시급히 만들어져 국내의 연구환경 조성 및 철저한 안전관리대책을 마련할 필요가 있음을 알 수 있었다.",
                        "clue_start": "404",
                        "clue_end": "521"
                    },
                    {
                        "clue_text": "본 연구 결과에 대한 결론을 정리하면, 첫째, 시험·연구용 LMO의 안전관리 방안 마련 시 미생물뿐만 아니라 동물,식물에 대한 안전관리가 동시에 마련되어야 할 것이다.",
                        "clue_start": "542",
                        "clue_end": "635"
                    }
                ],
                "terminology": [
                    {
                        "word": "LMO"
                    },
                    {
                        "word": "미생물"
                    },
                    {
                        "word": "시험·연구용 LMO"
                    },
                    {
                        "word": "위해도"
                    },
                    {
                        "word": "유전자"
                    }
                ]
            },
            {
                "context_id": "55e-0c9-merge_la_31a7cd33-2d3dedbc-0b53-41ea-b05f-44db24bb8c04_04",
                "context_K-NSCC": {
                    "field": "생명",
                    "large_category": "LA",
                    "medium_category": "02"
                },
                "context": "<p>이러한 결과로부터 위해도 수준 1과 위해도 수준 2에 해당하는 관리대상 숙주가 전체의 \\( 99.6 \\% \\) 를 차지함을 알 수 있었으며, 이들 중 \\( 51.3 \\% \\) 가 과학기술부의 관리대상 숙주인 것으로 조사되었다. 따라서 과학기술부는 우선적으로 이들 시험·연구용 LMO에 대한 위해도 수준별 관리대책을 수립해야 할 것이다. 현재도 계속해서 이들의 안전관리가 허술하여 대부분 실험하고 난 후 폐기처리하는 과정이 제재없이 이루어져 환경 중으로 비의도적으로 방출되는 사례가 다반사라는 지적이 있다. 이러한 상황을 방치할 경우 국내 수질에 대한 오염과 토양에 대한 오염으로 이어져 2차적으로는 인간 에게까지 그 영향이 미칠 수 있음을 명심해야 할 것이다.</p> <h3>숙주의 실험량, 폐기량 및 생산량 분석</h3> <p>미생물의 정량화를 위하여 Colony Forming Unit(CFU)를사용하였다. 즉, 식물, 동물과는 달리 개체가 사람의 눈으로 확인하기에는 불가능하므로, 집락(colony)의 형태로 확인하는 수밖에 없다. 그러므로 실험시에 관리하기가 힘들고, 특히 폐기하는 과정에서 쉽게 환경중으로 방출될 가능성이 가장 큰 생물체이다. 또한 번식력이 왕성하여 다른 식물, 동물보 다는 환경중에서 적응속도가 빨라 환경중에 방출될 경우 쉽게 살아남을 수 있는 생물체이다. 조사결과 식물은 월별 약 327 개, 동물은 월별 약 280 마리, 미생물은 월별 약 \\( 8.3 \\times 10 ^ { 11 } \\mathrm { CFU } \\) 를 LMO 생산을 위하여 숙주로서 사용하고 있었다.</p> <p>폐기량은 실험량과 유사하게 폐기되고 있었으나 동물은 실험량에 약 \\( 18.7 \\% \\) 만이 폐기됨을 알 수 있었다. 이는 숙주가 동물일 경우 그 자체로서 특성을 유지시켜 상업화하거나 반복적인 세대교번을 시키기 때문인 것으로 판단된다. 반면, 미생물은 자체를 숙주로 이용하여 원하는 특성을 발현시킨 후 또 다른 식물 내지 동물로 감염시키는 vector로서의 역할도 동시에 하거나, 미생물 체내에서 발현시켜 원하는 물질을 생산하여 그 생산된 물질만을 얻은 후 폐기하기 때문에 상대적으로 실험량에 대한 폐기량의 비율이 \\( 92.8 \\% \\) 를 차지하여 대부분이 폐기되는 것으로 나타났다. 식물의 경우는 실험량에 대한 폐기량의 비율이 \\( 68.3 \\% \\) 로 반 이상이 폐기되는 것으로 나타나 상당량이 폐기되는 것을 알 수 있다. 특히 가장 많이 사용되는 LMO는 대장균으로서 이들을 폐기처분과정에서 제대로 관리되지 않을 경우 실험실 하수구를 통해 바로 환경 중에 방출되어 우리 인간의 장내로 들어올 가능성이 큰 생물체이다.</p>",
                "context_length": 1318,
                "summary": "위해도 수준 1~2의 관리 대상 숙주는 전체의 99.6%를 차지하며, 이들 중 51.3%가 과학기술부의 관리 대상 숙주로 조사되었다. LMO 생산을 위해 월별 약 식물 327개, 동물 280마리, 미생물 \\( 8.3 \\times 10 ^ { 11 } \\mathrm { CFU } \\)가 사용되었으며, 실험량 대비 폐기량은 동물은 \\( 18.7 \\% \\), 식물은 \\( 68.3 \\% \\), 미생물은 \\( 92.8 \\% \\)가 폐기되는 것으로 나타났다.",
                "clue": [
                    {
                        "clue_text": "이러한 결과로부터 위해도 수준 1과 위해도 수준 2에 해당하는 관리대상 숙주가 전체의 \\( 99.6 \\% \\) 를 차지함을 알 수 있었으며, 이들 중 \\( 51.3 \\% \\) 가 과학기술부의 관리대상 숙주인 것으로 조사되었다.",
                        "clue_start": "3",
                        "clue_end": "129"
                    },
                    {
                        "clue_text": "폐기량은 실험량과 유사하게 폐기되고 있었으나 동물은 실험량에 약 \\( 18.7 \\% \\) 만이 폐기됨을 알 수 있었다.",
                        "clue_start": "795",
                        "clue_end": "861"
                    },
                    {
                        "clue_text": "반면, 미생물은 자체를 숙주로 이용하여 원하는 특성을 발현시킨 후 또 다른 식물 내지 동물로 감염시키는 vector로서의 역할도 동시에 하거나, 미생물 체내에서 발현시켜 원하는 물질을 생산하여 그 생산된 물질만을 얻은 후 폐기하기 때문에 상대적으로 실험량에 대한 폐기량의 비율이 \\( 92.8 \\% \\) 를 차지하여 대부분이 폐기되는 것으로 나타났다.",
                        "clue_start": "928",
                        "clue_end": "1124"
                    },
                    {
                        "clue_text": "식물의 경우는 실험량에 대한 폐기량의 비율이 \\( 68.3 \\% \\) 로 반 이상이 폐기되는 것으로 나타나 상당량이 폐기되는 것을 알 수 있다.",
                        "clue_start": "1125",
                        "clue_end": "1205"
                    },
                    {
                        "clue_text": "조사결과 식물은 월별 약 327 개, 동물은 월별 약 280 마리, 미생물은 월별 약 \\( 8.3 \\times 10 ^ { 11 } \\mathrm { CFU } \\) 를 LMO 생산을 위하여 숙주로서 사용하고 있었다.",
                        "clue_start": "666",
                        "clue_end": "787"
                    }
                ],
                "terminology": [
                    {
                        "word": "CFU"
                    },
                    {
                        "word": "Colony Forming Unit"
                    },
                    {
                        "word": "LMO"
                    },
                    {
                        "word": "vector"
                    },
                    {
                        "word": "관리대상 숙주"
                    },
                    {
                        "word": "대장균"
                    },
                    {
                        "word": "미생물"
                    },
                    {
                        "word": "세대교번"
                    },
                    {
                        "word": "수준별 관리대책"
                    },
                    {
                        "word": "시험·연구용 LMO"
                    },
                    {
                        "word": "실험량"
                    },
                    {
                        "word": "위해도"
                    },
                    {
                        "word": "집락"
                    }
                ]
            }
        ]
    }
}