{
    "dataset_info": {
        "identifier": "02-031-002-NL",
        "name": "기술과학 문서 요약 데이터",
        "category": "자연어",
        "last_updated": "2023-08-30"
    },
    "dataset": {
        "doc_id": "31a7cd33-dbe1fabb-447e-4f4d-9b54-5961d4683abb",
        "doc_type": "논문",
        "doc_title": {
            "kor": "무궁화 품종 '난파'의 효율적인 재분화 체계 확립",
            "eng": ""
        },
        "doc_category": {
            "KDC": "481.1705",
            "DDC": ""
        },
        "doc_number": {
            "ISSN": "1229-2818",
            "ISBN": "",
            "DOI": "",
            "UCI": ""
        },
        "doc_year": "2019",
        "doc_author": [
            "손지희",
            "선현진",
            "강홍규",
            "서석철",
            "이효연"
        ],
        "doc_publisher": "한국식물생명공학회",
        "doc_license": "CC BY-NC",
        "context_info": [
            {
                "context_id": "55e-0c9-merge_la_31a7cd33-dbe1fabb-447e-4f4d-9b54-5961d4683abb_03",
                "context_K-NSCC": {
                    "field": "생명",
                    "large_category": "LA",
                    "medium_category": "05"
                },
                "context": "<p>본 연구를 통해 확립된 성숙한 잎을 이용한 무궁화의 재분화 체계는 식물재료를 얻는데 시기적인 제한을 받지 않고 보다 적은 비용으로 많은 양의 잎 절편을 얻을 수 있는 장점이 있다. 또한 재분화 효율이 매우 높으므로 향후 우수 무궁화 품종의 대량증식 및 무궁화의 분자육종을 통한 신품종 개발에 유용하게 활용될 수 있을 것으로 기대된다.</p> <h1>결 론</h1> <p>무궁화는 우리나라를 상징하는 나라 꽃으로 공원, 정원, 도로변 등에 관상용으로 널리 이용되고 있다. 본 연구는 무궁화 품종 '난파'의 성숙 잎을 재료로 이용하여 재분화 체계를 확립하기 위하여 수행되었다. 표면 살균한 성숙 잎 절편을 각기 다른 농도로 조합 처리된 NAA와 BAP를 포함하는 변형된 MS배지에서 배양하였다. 이들 배지 중 \\( 0.46 \\mathrm { mg } / \\mathrm { L } \\) NAA와 \\( 0.5 \\mathrm { mg } / \\mathrm { L } \\) BAP를 포함하는 변형된 MS 배지(CI-1)와 \\( 0.92 \\mathrm { mg } / \\mathrm { L } \\) NAA와 \\( 1 \\mathrm{ mg } / \\mathrm{ L } \\) 의 BAP를 포함하는 변형 된 MS배지(CI-4)가 캘러스 형성에 가장 효과적이었다. CI-1 배지에서는 흰색을 띤 노란색의 캘러스가 관찰되었고, CI-4 배지에서는 녹색의 캘러스가 형성되었다. BAP를 \\( 0.5 \\mathrm { mg } / \\mathrm { L } \\) 의 농도로 포함하는 변형된 MS 배지에서의 신초형성율은 CI-1배지 유래의 캘러스가 CI-4 유래의 캘러스보다 높았다. 본 연구에서 사용된 배지 중 신초 형성능을 가진 캘러스의 생산에는 \\( 0.46 \\mathrm { mg } / \\mathrm { L } \\) NAA 와 \\( 0.5 \\mathrm { mg } / ) LBAP를 포함하는 변형된 MS 배지가 가장 적합하였다. 본 연구의 결과는 무궁화 품종 '난파'의 식물 재분화에 성숙 잎이 사용 가능함을 보여주고 있고, 본 연구에서 확립된 재분화 시스템은 향후'난파' 품종의 분자육종에 유용하게 활용될 수 있을 것으로 기대된다.</p>",
                "context_length": 1080,
                "summary": "본 연구를 통해 확립된 성숙한 잎을 이용한 무궁화의 재분화 체계는 식물재료를 얻는데 시기적인 제한을 받지 않고 보다 적은 비용으로 많은 양의 잎 절편을 얻을 수 있는 장점이 있으며, 무궁화 품종 '난파'의 식물 재분화에 성숙 잎이 사용 가능함을 보여주고 있고, 본 연구에서 확립된 재분화 시스템은 향후'난파' 품종의 분자육종에 유용하게 활용될 수 있을 것으로 기대된다.",
                "clue": [
                    {
                        "clue_text": "본 연구를 통해 확립된 성숙한 잎을 이용한 무궁화의 재분화 체계는 식물재료를 얻는데 시기적인 제한을 받지 않고 보다 적은 비용으로 많은 양의 잎 절편을 얻을 수 있는 장점이 있다.",
                        "clue_start": "3",
                        "clue_end": "103"
                    },
                    {
                        "clue_text": "본 연구의 결과는 무궁화 품종 '난파'의 식물 재분화에 성숙 잎이 사용 가능함을 보여주고 있고, 본 연구에서 확립된 재분화 시스템은 향후'난파' 품종의 분자육종에 유용하게 활용될 수 있을 것으로 기대된다.",
                        "clue_start": "962",
                        "clue_end": "1076"
                    }
                ],
                "terminology": [
                    {
                        "word": "BAP"
                    },
                    {
                        "word": "LBAP"
                    },
                    {
                        "word": "MS배지"
                    },
                    {
                        "word": "NAA"
                    },
                    {
                        "word": "배지"
                    },
                    {
                        "word": "분자육종"
                    },
                    {
                        "word": "신초"
                    },
                    {
                        "word": "신초형성율"
                    },
                    {
                        "word": "신품종"
                    },
                    {
                        "word": "잎 절편"
                    },
                    {
                        "word": "재분화 효율"
                    },
                    {
                        "word": "캘러스"
                    }
                ]
            },
            {
                "context_id": "55e-0c9-merge_la_31a7cd33-dbe1fabb-447e-4f4d-9b54-5961d4683abb_01",
                "context_K-NSCC": {
                    "field": "생명",
                    "large_category": "LA",
                    "medium_category": "05"
                },
                "context": "<p>본 연구에서는 무궁화의 대량증식의 한계점을 극복하기 위하여 제주대학교의 온실에서 재배하고 있는 무궁화 우량 품종 '난파'의 성숙한 잎을 이용한 효율적인 조직배양 방법을 확립하고자 하였다.</p> <h1>재료 및 방법</h1> <h2>식물재료</h2> <p>본 실험에서는 제주대학교 아열대원예산업연구소의 온실에서 재배중인 무궁화 품종 ‘난파'의 잎을 식물재료로 사용하였다. 포장에서 재배한 무궁화를 2017년 겨울 온실로 옮겨 심은 후 개엽은 2018년 3월 초에 시작되었다. 개엽 후 3개월 이상 생장한 잎을 실험에 사용하였고, 온실에서는 시기에 관계 없이 식물재료의 안정적인 확보가 가능하였다. 채취한 잎은 멸균수로 3 회 세척 후 \\( 75 \\% \\) 에탄올에서 1 분 처리한 후 멸균수로 3회 세척하였다. 1차 소독 후 \\( 0.03 \\% \\) Tween 20 을 첨가한 차아염소산나트륨( \\( \\mathrm { NaOCl } ) 1.5 \\% \\) 에서 20분 소독 후 멸균수로 3회 세척하였다. 잎은 가운데 엽맥을 중심으로 약 \\( 0.5 \\mathrm { ~cm } \\times 0.5 \\mathrm { ~cm } \\) 크기로 잘라 실험에 사용하였다.</p> <h2>기본 배지</h2> <p>무궁화‘난파'의 잎으로부터 캘러스 및 신초 재분화를 유도하기 위한 배지로는 MS배지에서 철, 염화칼슘 및 비타민의 농도가 변형된 MS배지를 기본으로 사용하였다.</p> <h2>캘러스 유도 및 증식</h2> <p>캘러스의 유도에는 변형된 MS 배지에 식물생장조절호르몬 NAA (Naphthalene acetic acid, Duchefa, Haarlem, The Netherlands)와 BAP (6- benzylaminopurine, Duchefa, Haarlem, The Netherlands)를 각각 다른 농도로 조합한 4종류의 배지를 사용하였다. 약 \\( 0.5 \\mathrm { ~cm } \\times 0.5 \\mathrm { ~cm } \\) 크기로 절단한 잎 절편을 각 캘러스 유도 배지가 포함된 페트리디쉬(SPL, Korea)에 10개씩 치상하고 6주간 배양하였다. 배양 6 주 후에 캘러스 유도율과 색깔 및 성장 정도 등을 조사하였다. 캘러스 유도를 위한 기내 배양은 \\( 24 \\pm 1 ^ {\\circ } \\mathrm { C } \\), 암조건 하에서 수행하였다. 각 실험은 3 반복으로 수행하였다.</p> <h2>신초 재분화 및 발근</h2> <p>각 캘러스 유도배지에서 유도된 캘러스를 변형된 MS배지에 BAP \\( 0.5 \\mathrm { mg } / \\mathrm { L } \\) 를 첨가한 재분화배지에 치상하고 3주간 배양하였다. 배양 3주 후에 신초 형성율을 조사하였고, 캘러스에 신초가 1 개 이상인 것을 조사하였으며 하나의 캘러스에 복수의 신초가 형성된 것도 하나로 간주하였다. 또한 신초 형성 과정, 신초의 변이 여부 등을 관찰하였다. 형성된 신초는 생장을 촉진하기 위해 신초 부분을 캘러스에서 잘라내어 \\( \\mathrm { GA } _ { 3 } \\) 를 \\( 0.5 \\mathrm { mg } / \\mathrm { L } \\) 로 첨가한 변형된 \\( \\mathrm { MS } \\) 배지에 옮겨 배양하였다. 그 후 신초 생육이 우수한 개체들은 변형된 MS 배지에 IAA (Indole amino acetic acid, Duchefa, Haarlem, The Netherlands) \\( 0 \\mathrm { mg } / \\mathrm { L } \\) 또는 \\( 0.5 \\mathrm { mg } / \\mathrm { L } \\) 를 첨가한 배지에 옮겨 발근을 유도하였다. 재분화를 위한 모든 실험은 \\( 23 \\pm 1 ^ {\\circ } \\mathrm { C } \\) 16시간 광주기에서 수행하였다.</p>",
                "context_length": 1875,
                "summary": "무궁화의 대량증식의 한계점을 극복하기 위하여 무궁화 우량품종 '난파'의 잎을 이용하여 효율적인 조직배양 방법을 확립하기 위해, 첫째 영양분의 농도가 변형된 MS 배지에 NAA와 BAP을 조합한 배지를 사용하여 캘러스 유도 및 증식을 수행하였다. 둘째 유도된 캘러스를 BAP이 첨가된 재분화배지에 치상하고 배양한다. 셋째 우수한 신초들은 IAA 가 첨가된 배지에 옮겨 발근을 유도한다.",
                "clue": [
                    {
                        "clue_text": "본 연구에서는 무궁화의 대량증식의 한계점을 극복하기 위하여 제주대학교의 온실에서 재배하고 있는 무궁화 우량 품종 '난파'의 성숙한 잎을 이용한 효율적인 조직배양 방법을 확립하고자 하였다.",
                        "clue_start": "3",
                        "clue_end": "107"
                    },
                    {
                        "clue_text": "무궁화‘난파'의 잎으로부터 캘러스 및 신초 재분화를 유도하기 위한 배지로는 MS배지에서 철, 염화칼슘 및 비타민의 농도가 변형된 MS배지를 기본으로 사용하였다.",
                        "clue_start": "619",
                        "clue_end": "708"
                    },
                    {
                        "clue_text": "캘러스의 유도에는 변형된 MS 배지에 식물생장조절호르몬 NAA (Naphthalene acetic acid, Duchefa, Haarlem, The Netherlands)와 BAP (6- benzylaminopurine, Duchefa, Haarlem, The Netherlands)를 각각 다른 농도로 조합한 4종류의 배지를 사용하였다.",
                        "clue_start": "737",
                        "clue_end": "926"
                    },
                    {
                        "clue_text": "각 캘러스 유도배지에서 유도된 캘러스를 변형된 MS배지에 BAP \\( 0.5 \\mathrm { mg } / \\mathrm { L } \\) 를 첨가한 재분화배지에 치상하고 3주간 배양하였다.",
                        "clue_start": "1215",
                        "clue_end": "1320"
                    },
                    {
                        "clue_text": "그 후 신초 생육이 우수한 개체들은 변형된 MS 배지에 IAA (Indole amino acetic acid, Duchefa, Haarlem, The Netherlands) \\( 0 \\mathrm { mg } / \\mathrm { L } \\) 또는 \\( 0.5 \\mathrm { mg } / \\mathrm { L } \\) 를 첨가한 배지에 옮겨 발근을 유도하였다. 재분화를 위한 모든 실험은 \\( 23 \\pm 1 ^ {\\circ } \\mathrm { C } \\) 16시간 광주기에서 수행하였다.",
                        "clue_start": "1595",
                        "clue_end": "1871"
                    }
                ],
                "terminology": [
                    {
                        "word": "BAP"
                    },
                    {
                        "word": "GA"
                    },
                    {
                        "word": "IAA"
                    },
                    {
                        "word": "MS배지"
                    },
                    {
                        "word": "NAA"
                    },
                    {
                        "word": "Tween 20"
                    },
                    {
                        "word": "acetic"
                    },
                    {
                        "word": "개엽"
                    },
                    {
                        "word": "광주기"
                    },
                    {
                        "word": "기내 배양"
                    },
                    {
                        "word": "난파"
                    },
                    {
                        "word": "멸균수"
                    },
                    {
                        "word": "발근"
                    },
                    {
                        "word": "식물생장조절호르몬"
                    },
                    {
                        "word": "신초 재분화"
                    },
                    {
                        "word": "암조건"
                    },
                    {
                        "word": "염화칼슘"
                    },
                    {
                        "word": "엽맥"
                    },
                    {
                        "word": "잎 절편"
                    },
                    {
                        "word": "재분화배지"
                    },
                    {
                        "word": "차아염소산나트륨"
                    },
                    {
                        "word": "치상"
                    },
                    {
                        "word": "캘러스 유도배지"
                    },
                    {
                        "word": "페트리디쉬"
                    },
                    {
                        "word": "형성율"
                    }
                ]
            },
            {
                "context_id": "55e-0c9-merge_la_31a7cd33-dbe1fabb-447e-4f4d-9b54-5961d4683abb_02",
                "context_K-NSCC": {
                    "field": "생명",
                    "large_category": "LA",
                    "medium_category": "05"
                },
                "context": "<h1>결과 및 고찰</h1> <h2>캘러스 유도</h2> <p>무궁화 ‘난파'의 성숙한 잎을 이용하여 캘러스를 유도하기 위하여 잎 절편을 잘라 NAA \\( 0.46 \\mathrm { mg } / \\mathrm { L } \\) 와 BAP \\( 0.5 \\mathrm { mg } / \\mathrm { L } \\) (CI-1), NAA \\( 0.92 \\mathrm { mg } / \\mathrm { L } \\) 와 BAP \\( 0.5 \\mathrm { mg } / \\mathrm { L } \\) (CI-2), NAA \\( 0.46 \\mathrm { mg } / \\mathrm { L } \\)와 BAP \\( 1 \\mathrm { mg } / \\mathrm { L } \\) (CI-3), NAA \\( 0.92 \\mathrm { mg } / \\mathrm { L } \\) 와 BAP \\( 1 \\mathrm { mg } / \\mathrm { L } \\) (CI-4)를 각각 조합한 캘러스 유도배지(Callus induction, CI)에 치상하여 암조건 하에서 배양하였다. 그 결과 잎 절편 가장자리부터 캘러스가 형성되기 시작했고 사용한 모든 캘러스 유도배지에서 캘러스의 형성이 관찰되었다. 암조건 하에서 NAA \\( 0.92 \\mathrm { mg } / \\mathrm { L } \\) 와 BAP \\( 1 \\mathrm { mg } / \\mathrm { L } \\) 를 포함한 캘러스 유도배지(CI-4)에서 유도된 캘러스는 짙은 녹색을 띄고 다른 배지에 비해 캘러스의 성장 정도도 가장 빨랐다. 그 외 다른 캘러스 유도배지에서 형성된 캘러스는 노란 빛이 도는 흰색을 나타냈다. 유도된 모든 캘러스의 질감은 딱딱하고 쉽게 부숴지지 않았으며 캘러스 유도배지 CI-1과 CI-4에서는 캘러스가 증식함에 따라 신초도 함께 형성되는 것이 관찰되었다. 또한 캘러스 유도율은 CI-1 배지와 CI-4 배지에서 \\( 100 \\% \\) 로 가장 높은 효율을 나타내었다. 본 결과는 ‘난파’ 성숙 잎 절편체로부터의 캘러스 유도에는 식물생장 호르몬 NAA와 BAP의 혼용처리가 적합함을 시사한다.</p> <h2>캘러스 유도배지가 신초 형성에 미치는 영향</h2> <p>Hibisucus 속 식물은 신초 유도시 BAP의 농도가 높으면 한 캘러스 당 형성되는 신초의 수가 증가한다는 보고에 따라 본 실험에서는 변형된 MS배지에 BAP를 \\( 0.5 \\mathrm { mg } / \\mathrm { L } \\) 농도로 단독 처리한 신초 재분화배지를 사용하였다. 캘러스 형성률이 가장 낮았던 CI-3 캘러스 유도배지 유래의 캘러스를 제외하고 나머지 CI-1, CI-2 및 CI-4배지에서 각각 유도된 캘러스를 재분화배지에 옮겨 3주간 배양한 후 신초 형성율을 조사하였다. 그 결과 캘러스 유도배지에서 이미 신초의 형성이 관찰되었던 CI-1과 CI-4 유래의 캘러스는 더욱 비대해짐과 동시에 신초의 형성이 가속화됨이 관찰되었다. CI-1과 CI-4 배지 유래의 캘러스는 높은 신초 형성율을 나타냈고, 특히 CI-1 유래 캘러스에서의 신초형성율은 \\( 100 \\% \\) 로 조사되었다. 이에 비해 CI-2 유래의 캘러스는 다소 낮은 신초형성율을 나타냈다. CI-2 유래 캘러스의 신초형성율을 개선할 수 있는지를 확인하기 위해 신초가 형성되지 않은 캘러스 덩어리를 여러 개로 분할하여 동일한 재분화배지에 옮겨 10일간 배양한 후 신초형성 여부를 조사하였다. 그 결과 여러 개의 조각으로 분할된 CI-2 유래 캘러스의 신초형성율은 약 \\( 67 \\% \\) 로 증가하였다. 이 결과는 캘러스의 크기가 크면 재분화 빈도가 낮아진다는 보고(Haque and Islam 2015)와 일치하며 CI-1 및 CI-4 유래의 캘러스도 적절한 크기로 분할하여 배양하면 더 많은 신초 형성이 가능함을 시사한다. 신초 형성 후 약 \\( 1 \\mathrm { ~cm } \\) 이상 생장된 신초는 변형된 MS배지에 IAA \\( 0.5 \\mathrm { mg } / \\mathrm { L } \\) 를 첨가한 배지에서 쉽게 발근이 유도되었다. '난파'의 성숙 잎으로부터 얻은 재분화 식물체는 극히 일부에서 잎 형태에 있어서의 변이가 관찰되었으나 대부분의 재분화 식물체는 정상적인 잎과 형태적 특성이 동일하였다.</p>",
                "context_length": 2099,
                "summary": "무궁화 '난파'의 성숙한 잎을 이용하여 캘러스를 유도하기 위해 식물생장 호르몬 NAA와 BAP를 각각 다른 농도로 조합한 4가지 캘러스 유도배지에 치상하여 배양하였다. 그 결과 NAA와 BAP를 혼용처리하는 것이 캘러스 유도에 적합함을 보였다. 그 중 캘러스 형성률이 높은 3가지 배지를 재분화배지에 옮겨 3주간 배양 후 신초 형성율을 조사하였다. CI-1과 CI-4 배지 유래의 캘러스는 높은 신초 형성율을 보였고 낮은 CI-2 유래 캘러스를 여러 조각으로 배양한 결과 신초형성율이 개선되었다.",
                "clue": [
                    {
                        "clue_text": "무궁화 ‘난파'의 성숙한 잎을 이용하여 캘러스를 유도하기 위하여 잎 절편을 잘라 NAA \\( 0.46 \\mathrm { mg } / \\mathrm { L } \\) 와 BAP \\( 0.5 \\mathrm { mg } / \\mathrm { L } \\) (CI-1), NAA \\( 0.92 \\mathrm { mg } / \\mathrm { L } \\) 와 BAP \\( 0.5 \\mathrm { mg } / \\mathrm { L } \\) (CI-2), NAA \\( 0.46 \\mathrm { mg } / \\mathrm { L } \\)와 BAP \\( 1 \\mathrm { mg } / \\mathrm { L } \\) (CI-3), NAA \\( 0.92 \\mathrm { mg } / \\mathrm { L } \\) 와 BAP \\( 1 \\mathrm { mg } / \\mathrm { L } \\) (CI-4)를 각각 조합한 캘러스 유도배지(Callus induction, CI)에 치상하여 암조건 하에서 배양하였다.",
                        "clue_start": "36",
                        "clue_end": "538"
                    },
                    {
                        "clue_text": "본 결과는 ‘난파’ 성숙 잎 절편체로부터의 캘러스 유도에는 식물생장 호르몬 NAA와 BAP의 혼용처리가 적합함을 시사한다.",
                        "clue_start": "977",
                        "clue_end": "1045"
                    },
                    {
                        "clue_text": "캘러스 형성률이 가장 낮았던 CI-3 캘러스 유도배지 유래의 캘러스를 제외하고 나머지 CI-1, CI-2 및 CI-4배지에서 각각 유도된 캘러스를 재분화배지에 옮겨 3주간 배양한 후 신초 형성율을 조사하였다.",
                        "clue_start": "1247",
                        "clue_end": "1363"
                    },
                    {
                        "clue_text": "CI-1과 CI-4 배지 유래의 캘러스는 높은 신초 형성율을 나타냈고, 특히 CI-1 유래 캘러스에서의 신초형성율은 \\( 100 \\% \\) 로 조사되었다.",
                        "clue_start": "1451",
                        "clue_end": "1537"
                    },
                    {
                        "clue_text": "그 결과 여러 개의 조각으로 분할된 CI-2 유래 캘러스의 신초형성율은 약 \\( 67 \\% \\) 로 증가하였다.",
                        "clue_start": "1689",
                        "clue_end": "1751"
                    }
                ],
                "terminology": [
                    {
                        "word": "BAP"
                    },
                    {
                        "word": "IAA"
                    },
                    {
                        "word": "MS배지"
                    },
                    {
                        "word": "NAA"
                    },
                    {
                        "word": "발근"
                    },
                    {
                        "word": "식물생장 호르몬"
                    },
                    {
                        "word": "신초"
                    },
                    {
                        "word": "신초형성율"
                    },
                    {
                        "word": "암조건"
                    },
                    {
                        "word": "잎 절편체"
                    },
                    {
                        "word": "재분화 식물체"
                    },
                    {
                        "word": "재분화배지"
                    },
                    {
                        "word": "치상"
                    },
                    {
                        "word": "캘러스"
                    },
                    {
                        "word": "캘러스 유도배지"
                    },
                    {
                        "word": "캘러스 유도율"
                    },
                    {
                        "word": "형성률"
                    },
                    {
                        "word": "형성율"
                    },
                    {
                        "word": "혼용처리"
                    }
                ]
            },
            {
                "context_id": "55e-0c9-merge_la_31a7cd33-dbe1fabb-447e-4f4d-9b54-5961d4683abb_00",
                "context_K-NSCC": {
                    "field": "생명",
                    "large_category": "LA",
                    "medium_category": "05"
                },
                "context": "<h1>서 론</h1> <p>아욱과에 속하는 무궁화는 낙엽 활엽 관목 식물로 정원, 공원, 도로변 등에 관상용 식물로 이용되고 있다. 무궁화의 어린 잎과 꽃은 식용이 가능하며 모든 부위는 약용으로 쓰인다. 무궁화의 전통적 약용식물로서의 효과는 매우 광범위하다. 꽃은 이뇨제, 위 보호제로서 잎은 이뇨제, 거담제로 뿌리 껍질은 항염증제, 진통제, 피부연화제, 해열제, 지혈제 뿐 만 아니라 설사, 이질, 복통, 생리통, 무좀 치료제 등으로 널리 이용되어 왔다. 이외에도 무궁화 추출물은 유방암 세포의 생존능력 저하기능, 폐암 세포 증식 억제, 피부상처 치유, 항산화 효과, 콜라겐 합성 효과가 있다고 보고되었고 음료 첨가제로도 이용되고 있다. 이와 같이 무궁화는 관상용 이외에 의약품과 화장품의 원료로도 사용되는 경제적 가치가 높은 식물 자원이다.</p> <p>무궁화는 전세계적으로 약 200 여 품종이 있고 그 중 국내에서 개발된 품종은 약 70 여 품종이다. 국립산림과학원에서는 국내에서 개발된 품종 중 선덕, 원화, 개량단심, 고주몽, 난파, 칠보, 불새, 칠보아사달 등 8 개 품종을 선정하여 우량 품종으로 보급하고 있다. 무궁화는 종자 또는 영양번식이 가능하지만 타가수정작물이므로 실생묘의 경우에는 양친의 유전적 형질에 따라 유전변이가 발생하게 되어 후대가 모본의 우수한 특성을 그대로 가지지 못하는 경우가 많다. 따라서 무궁화의 번식에는 개체의 균일성을 유지하기 위해 삽목이나 접목을 통한 영양번식법이 주로 이용되고 있다. 그러나 삽목이나 접목을 통한 번식은 증식효율이 낮은 단점이있다. 따라서 우량 형질을 가진 부모세대와 유전적으로 동일하면서 무궁화를 효율적으로 증식할 수 있는 조직배양 방법의 개발이 필요하다.</p> <p>'난파'는 화색이 붉은 자주색으로서 적색이 강한 꽃으로 국내에서 육성된 품종이다. 국립산림과학원에 따르면‘난파'는 심한 추위에도 상해가 없는 무궁화 품종 ‘불새'와 유연 관계가 가장 가깝다고 보고되었다. 무궁화는 내한성이 비교적 약하여 대부분의 품종은 높은 고도에서 월동하지 못한다. 생육지역이 북한계선 남한지역에 국한되므로 국내에서 재배하는 부분에 있어서는 큰 문제점이 없으나, 한반도가 통일되는 시점에 전 지역에 무궁화를 재배하기 위해서는 내한성 품종의 개발 등 대비가 필요하다. 기존의 품종 개량 방법 중 내한성 품종의 개발에 가장 적합할 것으로 판단되는 방법은 식물 형질 전환을 통한 분자육종이며, 분자육종 기술을 적용하기 위해 서는 사용 품종의 조직배양계가 확립되어야 한다.</p> <p>무궁화의 기내 증식을 위한 조직배양 재료로는 신초정단부, 주심조직, 액아, 어린 잎, 원형질체, 접합배, 잎자루, 뿌리 등이 이용되어 왔으나 비교적 재료의 확보가 용이한 무궁화의 성숙한 잎을 재료로 한 기내증식 시도는 거의 없는 실정이다. 신초정단부, 원형질체, 접 합배 등의 경우에는 재분화 효율이 낮고 재료의 지속적인 확보가 어려운 단점이 있고, 액아나 어린 잎도 재료를 얻을 수 있는 시기가 제한적이다. 또한 잎자루와 뿌리는 실험을 수행하기 위한 양을 확보하는데 어려움이 있다. 온실에서 재배하고 있는 무궁화로부터 성숙한 잎 재료를 확보하는 것은 시기적인 제한이 적고 한번에 많은 양의 절편을 얻을 수 있는 장점이 있다.</p>",
                "context_length": 1604,
                "summary": "무궁화는 전세계적으로 약 200여 품종이 있으며, 국내 개발 품종은 약 70여 개로, 국립산림과학원은 그 중 8개 품종(선덕, 원화, 개량단심, 고주몽, 난파, 칠보, 불새, 칠보아사달)을 우량 품종으로 선정하여 보급하고 있다. 무궁화는 관상용과 의약품, 화장품 원료로 활용되는 경제적 가치가 높은 식물이다. 내한성이 약해 대부분의 품종이 높은 고도에서는 월동할 수 없으며, 현재 국내 재배에 큰 문제는 없으나, 한반도 통일 시 전 지역 재배를 위해 내한성 품종 개발이 필요하다.",
                "clue": [
                    {
                        "clue_text": "무궁화는 전세계적으로 약 200 여 품종이 있고 그 중 국내에서 개발된 품종은 약 70 여 품종이다.",
                        "clue_start": "425",
                        "clue_end": "481"
                    },
                    {
                        "clue_text": "무궁화는 관상용 이외에 의약품과 화장품의 원료로도 사용되는 경제적 가치가 높은 식물 자원이다.",
                        "clue_start": "365",
                        "clue_end": "417"
                    },
                    {
                        "clue_text": "국립산림과학원에서는 국내에서 개발된 품종 중 선덕, 원화, 개량단심, 고주몽, 난파, 칠보, 불새, 칠보아사달 등 8 개 품종을 선정하여 우량 품종으로 보급하고 있다.",
                        "clue_start": "482",
                        "clue_end": "575"
                    },
                    {
                        "clue_text": "무궁화는 내한성이 비교적 약하여 대부분의 품종은 높은 고도에서 월동하지 못한다.",
                        "clue_start": "974",
                        "clue_end": "1018"
                    },
                    {
                        "clue_text": "육지역이 북한계선 남한지역에 국한되므로 국내에서 재배하는 부분에 있어서는 큰 문제점이 없으나, 한반도가 통일되는 시점에 전 지역에 무궁화를 재배하기 위해서는 내한성 품종의 개발 등 대비가 필요하다.",
                        "clue_start": "1020",
                        "clue_end": "1130"
                    }
                ],
                "terminology": [
                    {
                        "word": "개량단심"
                    },
                    {
                        "word": "거담제"
                    },
                    {
                        "word": "기내증식"
                    },
                    {
                        "word": "낙엽 활엽 관목 식물"
                    },
                    {
                        "word": "난파"
                    },
                    {
                        "word": "내한성"
                    },
                    {
                        "word": "모본"
                    },
                    {
                        "word": "분자육종"
                    },
                    {
                        "word": "분자육종 기술"
                    },
                    {
                        "word": "삽목"
                    },
                    {
                        "word": "생육지역"
                    },
                    {
                        "word": "세포"
                    },
                    {
                        "word": "세포 증식"
                    },
                    {
                        "word": "신초정단부"
                    },
                    {
                        "word": "실생묘"
                    },
                    {
                        "word": "아욱과"
                    },
                    {
                        "word": "액아"
                    },
                    {
                        "word": "약용식물"
                    },
                    {
                        "word": "양친"
                    },
                    {
                        "word": "영양번식"
                    },
                    {
                        "word": "우량 품종"
                    },
                    {
                        "word": "우량 형질"
                    },
                    {
                        "word": "원형질체"
                    },
                    {
                        "word": "월동"
                    },
                    {
                        "word": "유방암 세포"
                    },
                    {
                        "word": "유연 관계"
                    },
                    {
                        "word": "유전변이"
                    },
                    {
                        "word": "유전적 형질"
                    },
                    {
                        "word": "이뇨제"
                    },
                    {
                        "word": "이질"
                    },
                    {
                        "word": "잎자루"
                    },
                    {
                        "word": "재분화"
                    },
                    {
                        "word": "재분화 효율"
                    },
                    {
                        "word": "절편"
                    },
                    {
                        "word": "접합배"
                    },
                    {
                        "word": "조직배양"
                    },
                    {
                        "word": "조직배양계"
                    },
                    {
                        "word": "주심조직"
                    },
                    {
                        "word": "증식"
                    },
                    {
                        "word": "칠보아사달"
                    },
                    {
                        "word": "콜라겐"
                    },
                    {
                        "word": "타가수정작물"
                    },
                    {
                        "word": "폐암 세포"
                    },
                    {
                        "word": "품종 개량"
                    },
                    {
                        "word": "피부연화제"
                    },
                    {
                        "word": "합성"
                    },
                    {
                        "word": "항산화"
                    },
                    {
                        "word": "항산화 효과"
                    },
                    {
                        "word": "항염증제"
                    },
                    {
                        "word": "해열제"
                    },
                    {
                        "word": "형질"
                    },
                    {
                        "word": "형질 전환"
                    },
                    {
                        "word": "화색"
                    }
                ]
            }
        ]
    }
}