{
    "dataset_info": {
        "identifier": "02-031-002-NL",
        "name": "기술과학 문서 요약 데이터",
        "category": "자연어",
        "last_updated": "2023-08-30"
    },
    "dataset": {
        "doc_id": "8a2ae4d1-0faada2d-3ae1-4e76-863e-ccbae1c8f5bc",
        "doc_type": "논문",
        "doc_title": {
            "kor": "Real-time PCR을 이용한 가축생균제용 유산균 정량분석",
            "eng": ""
        },
        "doc_category": {
            "KDC": "470.5",
            "DDC": ""
        },
        "doc_number": {
            "ISSN": "1225-9918",
            "ISBN": "",
            "DOI": "",
            "UCI": ""
        },
        "doc_year": "2010",
        "doc_author": [
            "최연재",
            "김선호",
            "구민정",
            "최한나",
            "김동운",
            "조상범",
            "김수기",
            "전체옥",
            "배귀석",
            "이상석"
        ],
        "doc_publisher": "한국생명과학회",
        "doc_license": "CC BY",
        "context_info": [
            {
                "context_id": "55e-0c9-e0fc758c-c18a-4922-a000-882d83771e36",
                "context_K-NSCC": {
                    "field": "생명",
                    "large_category": "LA",
                    "medium_category": "05"
                },
                "context": "<h1>재료 및 방법</h1> <h2>정량분석용 표준균주 및 배양</h2> <p>본 실험에서 사용된 표준 균주는 Lactobacillus reuteri KCTC3594를 사용하였다. 또한 가축생균제용 유산균의 spe-cific primer 확인을 위해 Lactobacillus plantarum KCTC3104을 사용하였으며, Lactobacillus 균주들의 배양을 위해 MRS (deMan, Rogosa and Sharpe) Agar (Difco) 배지를 사용하였으며, \\( 37^{\\circ} \\mathrm{C} \\)에서 24시간 동안 혐기적으로 배양하였다.</p> <h2>시험용 생균제</h2> <p>본 시험에 사용된 생균제는 시중에서 판매되고 있는 유산균 배양 생균제를 구입하여 사용하였다. 가축용 생균제는 고체발효(solid-state fermentation)방법을 통해 제조되었으며, 총 16종의 생균제 제품을 본 시험에 사용하였다. 생균제 제조를 위해 고체배지로서 탈지강에 규산염제 및 다공성 물질을 첨가하였으며, 유산균 접종 후 \\( 37^{\\circ} \\mathrm{C} \\)에서 3 ~ 4일 동안 고체발효기에서 제조한 제품을 사용하였다.</p> <h2>생균수 측정</h2> <p>생균수 측정을 위해 멸균 생리식염수 \\( 9 \\mathrm{ml} \\)에 시료 \\( 1 \\mathrm{~g} \\)을 넣은 후 10진 희석하여 측정하였다. 유산균의 생균수 측정배지는 MRS Agar (Lactobacillsu Agar acc. To De Man, Rogosa and Sharpe. Difco)를 사용하였으며, \\( 37^{\\circ} \\mathrm{C} \\)에서 48시간 동안 Anaerobic jar에 넣어 혐기배양한 후 균수를 측정하였다.</p> <h3>Lactobacillus genus primer를 이용한 based-PCR</h3> <p>\\( 5 \\% \\) Chelex (Biorad, USA)를 사용하여 Lactobacillus 균주의 DNA를 추출하였고, 추출한 PCR template DNA의 16S-23S rRNA intergenic species region 을 Lactobacillus genus specific primer인 LbLMA-1 (forward), R16-1 (reverse)와 Lactobacillus genus Real-time PCR prime인 alllact-F (forward), allact-R(reverse)를 사용하여 각각 증폭하였다(Table 1). PolymeraseChain Reaction은 DNA thermal cycler (Biorad, USA)를 이용하였고, PCR 반응액은 template DNA \\(1 μ1\\), \\( 2.5 \\mathrm{mM} \\) dNTPs \\( 0.5μ1\\), 1.25unit의 Taq polymerase (Takara) \\(0.125 μl\\), PCR buffer \\(15 \\mathrm{mM} \\), MgC12, \\( 100 \\mathrm{mM} \\) Tris-HCl pH 8.3, \\( 500 \\mathrm{mM} \\)KCl) \\( 2.5 μl \\)와 10 pmol forward 및 reverse primer 각각 \\( 1 μl \\)를 넣은 후 최종 부피가 \\( 25 \\mu 1 \\)가 되도록 멸균된 3차 증류수를 첨가하였다. PCR 조건은 \\( 94^{\\circ} \\mathrm{C} \\)에서 5분간 실시 후, \\( 94^{\\circ} \\mathrm{C} \\)에서 30초, \\( 58^{\\circ} \\mathrm{C} \\)에서 30초, \\( 72^{\\circ} \\mathrm{C} \\) 에서 30초, 33 cycle 수행하였으며 마지막으로 \\( 72^{\\circ} \\mathrm{C} \\)에서 10분간 반응하였다. PCR 산물은 \\( 2.0 \\% \\) agarose gel에서 전기영동하여 그 크기를 확인하였다.</p> <h3>TA cloning 및 transformation</h3> <p>증폭된 16S-23S rRNA intergenic species region PCR 산물은 QIAquick \\( { }^{\\circledR} \\) PCR purification kit (QIAGEN, Valencia, CA, USA)를 사용하여 정제한 후 PCR 생성물을 cloning하기 위하여 Promega (USA)의 pGEM - T Vector Syste과 T&A Cloning Vector (RBC Bioscience, KOREA)를 이용하였다. PCR 생성물을 T vector protocol에 따라 ligation reaction [T4 DNA Ligase 10 × Buffer \\( 1 \\mu \\mathrm{l} \\), pGEM - T vector (\\(50 ng\\)), PCR product \\( \\times \\mu \\mathrm{l} \\), T4 DNA ligase (3 weiss units / \\( μl\\)) \\(1 μl\\), add deionized water up to 10 \\( μl\\))를 준비하여 상온에서 1시간 반응시켰다. \\( -70^{\\circ} \\mathrm{C} \\) 에서 보관되어있는 E. coli Top10 competent cell 50 \\( μl\\)를 꺼내어 얼음에서 녹인 뒤 ligation을 실시한 반응물 0.5 \\( μl\\)를 Micropulser (Biorad, USA)를 이용하여 electroporation 시킨 후 \\( 500 \\( μl\\) Medium을 첨가하여 \\( 37^{\\circ} \\mathrm{C} \\) 에서 1 시간 배양 후 배양액을 ampicillin이 \\( 50 \\mathrm{\\mu g} / \\mathrm{ml} \\) 농도로 첨가된 Lirua-Bertani agar배지에 도말하여 \\( 37^{\\circ} \\mathrm{C} \\) 에서 하루 동안 배양하였다. 이때 transformation의 color selection을 위하여 plate당 X-gal (bromo-4-chloro-3-indolyl-ß-D-galacto-pyranoside, \\( 20 \\mathrm{mg} / \\) \\( \\mathrm{ml}) 35 \\) ul, IPTG (isopropyl-1-thio- \\( \\beta \\)-D-galactopyranoside,\\( 20 \\% \\mathrm{w} / \\mathrm{v}) 7 \\mu \\)를 함께 첨가하였다. 배지 위에 형성된 white, blue colony 중에 white colony를 임의적으로 선택하여 다시 ampicillin (50 mg/ml)이 포함된 LB Broth에 배양하였다.</p>",
                "context_length": 3244,
                "summary": "Lactobacillus reuteri KCTC3594 표준 균주를 활용하여 실시한 본 실험에서는 고체발효(solid-state fermentation)방식으로 가축용 생균제를 제조하였다. 이때 총 16종의 생균제 제품을 실험에 동원하였다.",
                "clue": [
                    {
                        "clue_text": "본 실험에서 사용된 표준 균주는 Lactobacillus reuteri KCTC3594를 사용하였다.",
                        "clue_start": "45",
                        "clue_end": "101"
                    },
                    {
                        "clue_text": "가축용 생균제는 고체발효(solid-state fermentation)방법을 통해 제조되었으며, 총 16종의 생균제 제품을 본 시험에 사용하였다.",
                        "clue_start": "392",
                        "clue_end": "473"
                    }
                ],
                "terminology": [
                    {
                        "word": "Anaerobic jar"
                    },
                    {
                        "word": "DNA ligase"
                    },
                    {
                        "word": "DNA thermal cycler"
                    },
                    {
                        "word": "Difco"
                    },
                    {
                        "word": "E. coli"
                    },
                    {
                        "word": "IPTG"
                    },
                    {
                        "word": "LB Broth"
                    },
                    {
                        "word": "Lactobacillus"
                    },
                    {
                        "word": "Lirua-Bertani agar배지"
                    },
                    {
                        "word": "MRS Agar"
                    },
                    {
                        "word": "Micropulser"
                    },
                    {
                        "word": "PCR buffer"
                    },
                    {
                        "word": "PCR product"
                    },
                    {
                        "word": "PCR purification kit"
                    },
                    {
                        "word": "PCR 반응액"
                    },
                    {
                        "word": "PCR 산물"
                    },
                    {
                        "word": "PCR 생성물"
                    },
                    {
                        "word": "PCR 조건"
                    },
                    {
                        "word": "Promega"
                    },
                    {
                        "word": "Reaction"
                    },
                    {
                        "word": "Real-time PCR"
                    },
                    {
                        "word": "T4"
                    },
                    {
                        "word": "Taq polymerase"
                    },
                    {
                        "word": "Tris-HCl"
                    },
                    {
                        "word": "Vector"
                    },
                    {
                        "word": "X-gal"
                    },
                    {
                        "word": "agarose gel"
                    },
                    {
                        "word": "ampicillin"
                    },
                    {
                        "word": "blue colony"
                    },
                    {
                        "word": "cloning"
                    },
                    {
                        "word": "competent cell"
                    },
                    {
                        "word": "dNTPs"
                    },
                    {
                        "word": "deionized water"
                    },
                    {
                        "word": "electroporation"
                    },
                    {
                        "word": "fermentation"
                    },
                    {
                        "word": "genus"
                    },
                    {
                        "word": "intergenic"
                    },
                    {
                        "word": "ligation"
                    },
                    {
                        "word": "plantarum"
                    },
                    {
                        "word": "protocol"
                    },
                    {
                        "word": "rRNA"
                    },
                    {
                        "word": "reverse primer"
                    },
                    {
                        "word": "template DNA"
                    },
                    {
                        "word": "transformation"
                    },
                    {
                        "word": "units"
                    },
                    {
                        "word": "white colony"
                    },
                    {
                        "word": "고체발효"
                    },
                    {
                        "word": "고체배지"
                    },
                    {
                        "word": "균주"
                    },
                    {
                        "word": "배지"
                    },
                    {
                        "word": "생균수"
                    },
                    {
                        "word": "생균제 제품"
                    },
                    {
                        "word": "시료"
                    },
                    {
                        "word": "전기영동"
                    },
                    {
                        "word": "정제"
                    },
                    {
                        "word": "증류수"
                    },
                    {
                        "word": "표준균주"
                    },
                    {
                        "word": "혐기배양"
                    }
                ]
            },
            {
                "context_id": "55e-0c9-d249c906-fed5-42d6-8cc8-e1e7f99098a6",
                "context_K-NSCC": {
                    "field": "생명",
                    "large_category": "LA",
                    "medium_category": "05"
                },
                "context": "<h3>Plasmid DNA purification</h3> <p>Solgent plasmid mini prep kit (Solgent, KOREA)를 사용하여 plasmid DNA를 추출하였다. \\( 5 \\mathrm{ml} \\)의 배양액을 원심분리하여 cell pellet을 얻은 후 \\( 250 μl \\)의 Buffer SP1으로 cell pellet을 현탁 시킨다. \\( 250 μl \\)의 Buffer SP2를 넣고 4 ~ 6회 정도 부드럽게 흔들어 혼합 후 \\( 350 μl \\)의 Buffer SGP3을 같은 방법으로 혼합하여 상온에서 10분간 원심분리 하였다. Spin column을 2ml collection tube에 장착시키고, 원심분리로 얻어진 상층액을 장착된 spin column으로 옮긴 후 30초간 \\( 10,000 \\mathrm{rpm} \\)으로 원심분리하여 DNA를 얻었다. spin column에 \\( 500 μl \\)의 Buffer WB를 넣고 원심분리하고, \\( 750 μl \\)의 Buffer WB를 넣고 원심분리를 하였다. collection tube로 내려간 용액은 버리고 2분간 다시 한번 원심분리 한 후 30 ~ \\( 50 μl \\)의 buffer EB를 spin col-umn의 membrane 중앙에 바로 떨어뜨린 후, 상온에서 1분간 놓아둔 후에 원심분리 하여 정제된 DNA solution을 얻었다.</p> <h3>Cloning 된 plasmid DNA copy number에 따른 detection limit</h3> <p>Lactobacillus strain의 16S - 23S rRNA intergenic species re-gion이 cloning된 plasmid DNA를 확인한 후 Spectrophotometer(Hitachi, Japan)를 이용하여absorbance \\( 260 \\mathrm{~nm} \\) 와 \\( 280 \\mathrm{~nm} \\)에서 DNA 농도를 측정하였다. 각각의 농도를 이용하여 copy number를 계산하고, 10진 희석법을 이용하여 \\( 10^{10} \\) copy부터 \\( 10^{2} \\) copy까지 희석하여 각 DNA 용액을 Real-time PCR 법을 통해 검출한계를 분석하였다.</p> <p>\\( \\mathrm{DNA} \\) 농도 \\( =260 \\mathrm{~nm} \\) 흡광도 측정 값 \\( \\times \\) 희석비율 \\( (\\%) \\times \\mathrm{DNA} \\) 측정 상수 값(50)</p> <h3>SYBR Green 1 방법을 이용한 RT PCR</h3> <p>plasmid DNA의 농도를 결정한 후, 단계별로 희석 한 standard 샘플과 Wizard Genomic DNA purification kit (Promega, USA)를 이용하여 DNA를 추출한 생균제 제품을 Lactobacillus genus specific primer인 LbLMA-1 (reverse)와 R16-1 (forward)를 사용하여 증폭하였다. RT PCR 반응액은 template DNA \\(10 μl \\), Quantace (UK)사의 2x sensimix noref \\( 25 \\mu l, 50 \\times \\) SYBR \\( 1 \\mu l, \\operatorname{Mgcl} 2 \\mu l,10 \\mu \\mathrm{M} \\) forward 및 reverseprimer 각각 \\( 2 μl \\)를 넣은 후 최종 부피가 \\( 50 μl \\)가 되도록 멸균된 3차 증류수를 첨가하여 Chromo4 Detector (Bio-Rad)에 반응시켰다. Real-time PCR 조건은 \\( 95^{\\circ} \\mathrm{C} \\)에서 15분간 실시 후, \\( 95^{\\circ} \\mathrm{C} \\)에서 15초, \\( 57^{\\circ} \\mathrm{C} \\)에서 15초, \\( 72^{\\circ} \\mathrm{C} \\)에서 30초를 35 cycle 수행하였으며 마지막으로 \\( 72^{\\circ} \\mathrm{C} \\)에서 5 분간 반응하였다. Ct (threshold)값은 형광커브와 역치선이 만나는 cycle 값으로 MJ opticon monitor (Bio-rad)로 분석하였다.</p> <h3>Probe 방법을 이용한 RT PCR</h3> <p>plasmid DNA의 농도를 결정한 후, 단계별로 희석 한 standard 샘플과 Wizard Genomic DNA purification kit(Promega, USA)를 이용하여 DNA를 추출한 생균제 제품을 Lactobacillus genus RT PCR primer인 alllact-F (forward)와 alllact-R (reverse), alllact-P (probe)를 사용하여 증폭하였다. Real-time PCR 반응액은 template DNA \\( 10 μl \\), Quantace (UK)사의 2x sensimix noref \\( 25 \\mu l \\), probe \\( 2 \\mu l, \\operatorname{Mgcl} 1 \\mu l, 5 \\mu \\mathrm{M} \\), forward 및 reverse primer 각각 \\( 2 \\mu l \\)를 넣은 후 최종 부피가 \\( 50 \\mu l \\)가 되도록 멸균된 3차 증류수를 첨가하여 Chromo4 Detector (Bio-Rad)에 반응시켰다. Real-time PCR 조건은 \\( 95^{\\circ} \\mathrm{C} \\)에서 10분간 실시 후, \\( 95^{\\circ} \\mathrm{C} \\)에서 15초, \\( 60^{\\circ} \\mathrm{C} \\)에서 45초, \\( 72^{\\circ} \\mathrm{C} \\)에서 30초를 45 cycle 수행하였으며 마지막으로 \\( 72^{\\circ} \\mathrm{C} \\)에서 30초간 반응하였다. Ct (threshold)값은 형광커브와 역치선이 만나는 cycle값으로 MJ opticon monitor (Bio-rad)로 분석하였다.",
                "context_length": 2937,
                "summary": "먼저 추출한 plasmid DNA가 Lactobacillus strain의 16S - 23S rRNA intergenic species re-gion이 cloning된 plasmid DNA임을 확인한 다음 absorbance \\( 260 \\mathrm{~nm} \\) 와 \\( 280 \\mathrm{~nm} \\)에서 DNA 농도를 측정하였다. 이때 각각의 농도를 이용하여 copy number를 계산하였고, 10진 희석법을 이용하여 \\( 10^{10} \\) copy부터 \\( 10^{2} \\) copy까지 희석하여 RT PCR 법을 통해 검출한계를 분석하였다. 이렇게 plasmid DNA의 농도까지 결정한 후, DNA를 추출한 생균제 제품을 LbLMA-1과 R16-1을 이용하여 증폭하였다.",
                "clue": [
                    {
                        "clue_text": "Solgent plasmid mini prep kit (Solgent, KOREA)를 사용하여 plasmid DNA를 추출하였다.",
                        "clue_start": "37",
                        "clue_end": "109"
                    },
                    {
                        "clue_text": "Lactobacillus strain의 16S - 23S rRNA intergenic species re-gion이 cloning된 plasmid DNA를 확인한 후 Spectrophotometer(Hitachi, Japan)를 이용하여absorbance \\( 260 \\mathrm{~nm} \\) 와 \\( 280 \\mathrm{~nm} \\)에서 DNA 농도를 측정하였다.",
                        "clue_start": "771",
                        "clue_end": "978"
                    },
                    {
                        "clue_text": "각각의 농도를 이용하여 copy number를 계산하고, 10진 희석법을 이용하여 \\( 10^{10} \\) copy부터 \\( 10^{2} \\) copy까지 희석하여 각 DNA 용액을 Real-time PCR 법을 통해 검출한계를 분석하였다.",
                        "clue_start": "979",
                        "clue_end": "1113"
                    },
                    {
                        "clue_text": "plasmid DNA의 농도를 결정한 후, 단계별로 희석 한 standard 샘플과 Wizard Genomic DNA purification kit (Promega, USA)를 이용하여 DNA를 추출한 생균제 제품을 Lactobacillus genus specific primer인 LbLMA-1 (reverse)와 R16-1 (forward)를 사용하여 증폭하였다.",
                        "clue_start": "1281",
                        "clue_end": "1486"
                    }
                ],
                "terminology": [
                    {
                        "word": "Buffer WB"
                    },
                    {
                        "word": "DNA purification"
                    },
                    {
                        "word": "DNA solution"
                    },
                    {
                        "word": "DNA 농도"
                    },
                    {
                        "word": "Genomic DNA"
                    },
                    {
                        "word": "Lactobacillus strain"
                    },
                    {
                        "word": "MJ opticon monitor"
                    },
                    {
                        "word": "PCR 반응액"
                    },
                    {
                        "word": "PCR 조건"
                    },
                    {
                        "word": "Probe"
                    },
                    {
                        "word": "RT PCR"
                    },
                    {
                        "word": "Real-time PCR"
                    },
                    {
                        "word": "Real-time PCR 법"
                    },
                    {
                        "word": "SYBR Green"
                    },
                    {
                        "word": "Solgent plasmid mini prep kit"
                    },
                    {
                        "word": "Spectrophotometer"
                    },
                    {
                        "word": "cell pellet"
                    },
                    {
                        "word": "cloning"
                    },
                    {
                        "word": "collection tube"
                    },
                    {
                        "word": "copy number"
                    },
                    {
                        "word": "detection limit"
                    },
                    {
                        "word": "genus"
                    },
                    {
                        "word": "intergenic"
                    },
                    {
                        "word": "membrane"
                    },
                    {
                        "word": "plasmid DNA"
                    },
                    {
                        "word": "primer"
                    },
                    {
                        "word": "purification kit"
                    },
                    {
                        "word": "rRNA"
                    },
                    {
                        "word": "reverse"
                    },
                    {
                        "word": "reverseprimer"
                    },
                    {
                        "word": "spin column"
                    },
                    {
                        "word": "template DNA"
                    },
                    {
                        "word": "생균제 제품"
                    },
                    {
                        "word": "역치선"
                    },
                    {
                        "word": "정제"
                    },
                    {
                        "word": "증류수"
                    },
                    {
                        "word": "흡광도"
                    },
                    {
                        "word": "희석법"
                    }
                ]
            },
            {
                "context_id": "55e-0c9-merge_2_8a2ae4d1-0faada2d-3ae1-4e76-863e-ccbae1c8f5bc_00",
                "context_K-NSCC": {
                    "field": "생명",
                    "large_category": "LA",
                    "medium_category": "05"
                },
                "context": "<h1>서 론</h1> <p>Probiotics는 그리스 어원의 'for life'의 뜻을 가진 생균을 의미하며 장내의 미생물 군집의 균형에 도움을 주는 미생물과 그 미생물이 생산한 대사산물을 포함한다. 국내에서 생균제로 가장 많이 사용되고 있는 미생물은 Lactobacillus, Bifidobacterium, Enterococcus와 같은 유산균이며, 효모, 곰팡이, Bacillus sp. 등이 주로 가축용으로 사용되고 있다. 현재 국내에 유통되고 있는 생균제는 수의과학검역원에서 허가를 취득한 동물약품 생균제와 각 시 ◦ 도에 등록한 보조사료 생균제 제품 군으로 분류할 수 있다. 동물용 의약품 생균제의 경우 미생물의 성분, 함량 및 균수측정, 임상시험과 독성, 안정성 시험 등을 거쳐 허가를 취득하며, 보조사료 생균제는 각 시 ◦ 도에서 관리하며 신청 시 업체가 지정한 사설연구기관에서 측정한 균수가 최소 \\( 10 ^ { 6 } \\mathrm { CFU } / \\mathrm { g } \\)이상이면 허가를 취득한다. 이를 검증하기 위한 방법으로 식품공전 및 사료공정서에 등재된 표준 시험법에 따라 증균 배양과 선택배지를 이용한 방법을 사용하고 있다. 그러나 표준 시험법인 배지법은 여러 배양단계와 생화학적 확인검사를 거쳐야 하므로 결과를 얻기까지 많은 시간과 노동력이 소요되며 위양성(false positive re-action)이나 위음성(false negative reaction)의 결과를 얻을 수 있는 단점이 있다. 따라서 이러한 표준 시험법을 개선하고 보완하기 위한 추가적인 검출법이 요구되는 실정이며, 신속하고 정확한 검출을 위하여 면역 기법이나 유전자 기법을 활용한 검출법의 활용이 증가하고 있다. 여러 기법 중 특히 Real time PCR 기법은 가장 빠르고 신뢰성 있는 방법으로 알려져 있다. 이 방법은 기존의 PCR과는 달리 전기영동의 과정이 필요 없이 유전자의 증폭 시 증가되는 형광을 모니터상에서 실시간으로 관찰 할 수 있다는 장점이 있다. 따라서 전기영동에 의한 오염을 줄이고 검출 시간을 줄일 수 있으며 정량적인 분석까지 가능하다. 또한 검출한계가 이론상 1 \\( \\mathrm { CFU } / 25 \\mathrm { ~g } \\)인 매우 민감한 방법으로 검출 가능하다. 이러한 신속 검출법이 표준방법의 대체 방법으로 사용되기 위해서는 검사방법의 공인 평가 및 검증 과정을 거쳐 국제적 신뢰도와 공정성이 확보 되어야 하며, 신속키트법과 표준법을 비교 검증하는 연구가 활발히 진행되고 있는 상황이다. 본 연구는 가축용 생균제 제품을 신속하고 정확하게 검증하기 위하여 일반적인 배지법 및 Real-time PCR을 이용하여 가축용 생균제의 유산균 정량 ◦ 정성 분석 및 비교 분석하였다.</p>",
                "context_length": 1360,
                "summary": "Probiotics는 'for life'의 그리스어 원어를 뜻하며, 주로 장내 미생물 군집의 균형을 돕는 미생물과 그들의 대사산물을 포함한다. 가축용 및 인간용 생균제에는 주로 Lactobacillus, Bifidobacterium, Enterococcus 등의 유산균과 Bacillus sp.가 사용되며, 보조사료 생균제의 경우 균수가 최소 \\(10^6 \\mathrm{CFU/g}\\) 이상일 때 허가를 받을 수 있다. 더 나아가 더 빠르고 정확한 생균제 제품의 검증을 위해 Real time PCR 기법을 활용한 검출법의 중요성이 증대되고 있다. 이에 따라 본 연구에서는 가축용 생균제의 유산균 정량 및 정성 분석을 위해 배지법 및 Real-time PCR을 사용하였다.",
                "clue": [
                    {
                        "clue_text": "Probiotics는 그리스 어원의 'for life'의 뜻을 가진 생균을 의미하며 장내의 미생물 군집의 균형에 도움을 주는 미생물과 그 미생물이 생산한 대사산물을 포함한다.",
                        "clue_start": "16",
                        "clue_end": "113"
                    },
                    {
                        "clue_text": "국내에서 생균제로 가장 많이 사용되고 있는 미생물은 Lactobacillus, Bifidobacterium, Enterococcus와 같은 유산균이며, 효모, 곰팡이, Bacillus sp. 등이 주로 가축용으로 사용되고 있다.",
                        "clue_start": "114",
                        "clue_end": "241"
                    },
                    {
                        "clue_text": "동물용 의약품 생균제의 경우 미생물의 성분, 함량 및 균수측정, 임상시험과 독성, 안정성 시험 등을 거쳐 허가를 취득하며, 보조사료 생균제는 각 시 ◦ 도에서 관리하며 신청 시 업체가 지정한 사설연구기관에서 측정한 균수가 최소 \\( 10 ^ { 6 } \\mathrm { CFU } / \\mathrm { g } \\)이상이면 허가를 취득한다.",
                        "clue_start": "329",
                        "clue_end": "518"
                    },
                    {
                        "clue_text": "표준 시험법을 개선하고 보완하기 위한 추가적인 검출법이 요구되는 실정이며, 신속하고 정확한 검출을 위하여 면역 기법이나 유전자 기법을 활용한 검출법의 활용이 증가하고 있다. 여러 기법 중 특히 Real time PCR 기법은 가장 빠르고 신뢰성 있는 방법으로 알려져 있다.",
                        "clue_start": "755",
                        "clue_end": "907"
                    },
                    {
                        "clue_text": "본 연구는 가축용 생균제 제품을 신속하고 정확하게 검증하기 위하여 일반적인 배지법 및 Real-time PCR을 이용하여 가축용 생균제의 유산균 정량 ◦ 정성 분석 및 비교 분석하였다.",
                        "clue_start": "1253",
                        "clue_end": "1356"
                    }
                ],
                "terminology": [
                    {
                        "word": "Bacillus"
                    },
                    {
                        "word": "Bacillus sp."
                    },
                    {
                        "word": "Bifidobacterium"
                    },
                    {
                        "word": "CFU"
                    },
                    {
                        "word": "Enterococcus"
                    },
                    {
                        "word": "Lactobacillus"
                    },
                    {
                        "word": "PCR"
                    },
                    {
                        "word": "PCR 기법"
                    },
                    {
                        "word": "Probiotics"
                    },
                    {
                        "word": "Real time PCR"
                    },
                    {
                        "word": "Real-time PCR"
                    },
                    {
                        "word": "reaction"
                    },
                    {
                        "word": "군집"
                    },
                    {
                        "word": "대사산물"
                    },
                    {
                        "word": "미생물"
                    },
                    {
                        "word": "생균제 제품"
                    },
                    {
                        "word": "생화학적"
                    },
                    {
                        "word": "선택배지"
                    },
                    {
                        "word": "식품공전"
                    },
                    {
                        "word": "신뢰성"
                    },
                    {
                        "word": "위양성"
                    },
                    {
                        "word": "위음성"
                    },
                    {
                        "word": "유산균"
                    },
                    {
                        "word": "유전자의 증폭"
                    },
                    {
                        "word": "전기영동"
                    },
                    {
                        "word": "정성 분석"
                    },
                    {
                        "word": "증균"
                    },
                    {
                        "word": "표준 시험법"
                    },
                    {
                        "word": "표준법"
                    },
                    {
                        "word": "형광"
                    }
                ]
            },
            {
                "context_id": "55e-0c9-61d5f97b-ff1b-43e2-83a2-cef94de6c2f1",
                "context_K-NSCC": {
                    "field": "생명",
                    "large_category": "LA",
                    "medium_category": "05"
                },
                "context": "<h1>결과 및 고찰</h1> <h2>Lactobacillus genus primer를 이용한 based-PCR</h2> <p>일반적인 PCR에 사용되는 특이 primer는 real-time PCR을 수행하기에는 PCR 산물크기가 커서 PCR efficency를 떨어뜨리기 때문에 DNA정량에 오류로 작용할 가능성이 있으며, 따라서 PCR 산물의 크기가 작은 primer를 사용하였으며, tar-get DNA 이외의 비특이적인 band가 나타나는지를 확인하였다. Lactobacillus genus specific primer인 LbLMA- 1 (reverse)과 R16-1 (forward), Lactobacillus genus RT PCR prime인 all-lact-F (forward)와 allact-R (reverse)의 PCR 산물을 \\( 2.0\\% \\) agarose gel에서 \\( 100 \\mathrm{~V} \\)에서 40분간 전기 영동하여 확인한 결과 Lactobacillus genus specific primer의 Amplification size는 \\(210 \\mathrm{bp} \\), Lactobacillus genus Real-time PCR primer의 Amplification size는 \\( 92 \\mathrm{bp} \\)임을 확인 할 수 있었으며, 비특이적인 band는 나타나지 않았다.</p> <h2>Lactobacillus reuteri 16S-23S rRNA intergenic species region의 cloning</h2> <p>LbLMA-1과 R16-1 primer set을 이용하여 증폭시킨 DNA fragment가 \\( 210 \\mathrm{bp} \\)임을 확인하고 pGEM - T vector system(promega, USA)을 이용하여 형질 전환 하였다. plasmid DNA(vector size \\( 3,015 \\mathrm{bp} \\) )의 크기가 약 \\( 3.2 \\mathrm{~kb} \\)정도임을 확인하고, plasmid를 추출 및 정제하여, Macrogen에 DNA sequence를 의뢰하였다. sequence된 염기서열을 가지고 plasmid DNA가 insert 되었는지 확인하기 위해서 Finch TV program과 BLAST (Basic Local Alignment Search Tool)search program을 이용하여 NCBI (National Center for Biotechnology Information)의 Genebank에서 염기서열을 비교한 결과 \\( 99 \\% \\) 일치함을 알 수 있었다. alllact-F와 alllact-Rprimer set을 이용하여 증폭시킨 DNA fragment가 \\( 92 \\mathrm{bp} \\)임을 확인하고 T&A Cloning vector (RBC Bioscience, Korea)을 이용하여 형질 전환 하였다. plasmid DNA (vector size \\( 2728 \\mathrm{bp} \\))의 크기가 약 \\( 2.8 \\mathrm{~kb} \\)정도임을 확인하고, plasmid DNA를 추출 및 정제하였다.</p> <h2>Gene cloning 된 plasmid DNA copy number에 따른 검출한계</h2> <p>plasmid DNA를 \\( 10^{10} \\) copy number로부터 \\( 10^{2} \\) copy num-ber에 이르기 까지 단계적으로 희석하여 SYBR Green1 dye를 이용하여 RT PCR을 실행한 결과 Ct값에 따른 plasmid DNA copy number의 표준곡선을 얻었으며 이때의 Slope는 -3.346이었고, Y절편은 33.18, \\( \\mathrm{R}^{2} \\) 값은 0.993으로 나타났다. Probe 방법을 이용하여 Real-time PCR을 실행한 결과 Slope는 -3.321이었고, Y절편은 39.10, \\( \\mathrm{R}^{2} \\)값은 0.995로 나타났다. 두 가지 방법 모두 \\( 10^{10} \\) copy number 이상에서는 초기 DNA양이 많아 PCR inhibitor로 작용하여 검출곡선을 나타낼 수 없었다. SYBR Green1 dye를 이용한 방법과 Probe 방법을 이용한 plasmid DNA copy nember에 대한 차이는 없는 것으로 사료되며, 이를 이용한 표준곡선 제작 또한 가능함을 알 수 있었다.</p> <h2>RT PCR system을 이용한 Lactobacilli 정성◦정량 분석</h2> <p>RT PCR의 정량에서 가장 중요한 개념은 crossing point 혹은 Ct (Threshold Cycle) Value 이라는 수치이다. Fluorescence값이 base line값을 지나는 시점을 의미하므로 그 절대값이 낮을수록 sample내 존재하는 미생물 균총의 수가 많음을 의미하게 된다. SYBR Green1 방법을 이용한 생균제의 Lactobacilli 정성◦정량 분석결과 16개의 제품에서 모두 증폭이 일어났으며, 이때 Real-time PCR값은 4.46 ~ \\( 6.56 log \\) copies로 나타났고, 생균수 측정 결과 값은 5.63 ~ \\( 7.59 log \\) \\( \\mathrm{CFU} / \\mathrm{g} \\)로 나타나 차이를 보였다. Probe 방법을 이용한 생균제의 Lactobacilli 정성◦정량 분석결과에서는 Real-time PCR값은 5.51 ~ \\( 7.00 log \\) cop-ies로 나타났으며, 생균수 측정 결과 값은 5.63 ~ \\( 7.59 log \\) \\( \\mathrm{CFU} / \\mathrm{g} \\)로 나타나 차이를 보였다.PCR inhibitor와 primer의 dimer형성에 의한 conventional method와 차이가 있음을 확인 할 수 있었다. 하지만 SYBR Green1 방법과 Probe 방법을 이용한 Lactobacilli 정성◦정량 분석결과 표준 곡선 도출에는 차이가 없었으나, 혼합 미생물이 포함되어 있는 시료분석에서 Probe 방법을 이용한 분석방법이 생균수 측정 결과값과 근사함을 알 수 있었다. 또한 생균수 측정결과 값이 RT PCR 기법을 이용하여 측정한 미생물 수 보다 높음을 알 수 있었다. 이는 RT PCR기법은 미생물의 특이적인 primer를 이용하여 특이적 strain을 분석해내는 반면에 생균수 측정방법은 특이적 genus에 대한 전체적인 미생물을 측정하기 때문으로 사료된다. 이러한 결과를 종합해 볼 때 본 연구에서 실시한 RT PCR법은 3 ~ 4일이 소요되는 기존의 배지법과 비교하여 24시간 이내에 신속하게 검출이 가능하다고 여겨지며, 또한 RT PCR을 이용한 분석방법에서도 dye 사용과 primer 사용에 따라 결과 값이 차이가 나타났음을 확인 할 수 있었으며, Probe 방법을 이용하여 실험 한 결과가 민감한 결과를 나타내었음을 확인할 수 있었다.</p>",
                "context_length": 3382,
                "summary": "일반 PCR용 특이 프라이머는 크기가 큰 PCR 산물을 생성하므로, 실시간 PCR에서 DNA 정량에 오차를 유발할 수 있음을 인지하였다. 따라서, 타겟 DNA 이외의 비특이적인 띠를 확인하기 위해 PCR 산물의 크기가 작은 프라이머를 사용하였다. LbLMA-1과 R16-1 프라이머 세트를 이용하여 증폭된 DNA 단편은 \\(210 \\, \\text{bp}\\)였으며, pGEM-T vector system을 이용하여 형질전환을 시행하였다. 플라스미드 DNA를 \\(10^{10}\\) 복제수에서 \\(10^{2}\\) 복제수까지 점차 희석한 후, SYBR Green1 염료를 이용한 RT-PCR을 실행하여 plasmid DNA 복제 수에 따른 Ct값의 표준 곡선을 얻었다. 이때의 기울기는 -3.346, Y절편은 33.18, 결정계수 \\(R^{2}\\)는 0.993으로 계산되었다. SYBR Green1 염료와 Probe 방법을 이용한 플라스미드 DNA 복제 수의 차이는 없었으며, 이를 통한 표준곡선 생성도 가능하다는 것을 확인하였다. 본 연구의 RT-PCR 방법은 기존의 3-4일이 소요되는 배지법에 비해 24시간 이내에 빠르게 검출 가능하며, 염료와 프라이머의 사용에 따라 결과값에 차이가 나타나며, Probe 방법은 더욱 민감한 결과를 보였다.",
                "clue": [
                    {
                        "clue_text": "일반적인 PCR에 사용되는 특이 primer는 real-time PCR을 수행하기에는 PCR 산물크기가 커서 PCR efficency를 떨어뜨리기 때문에 DNA정량에 오류로 작용할 가능성이 있으며, 따라서 PCR 산물의 크기가 작은 primer를 사용하였으며, tar-get DNA 이외의 비특이적인 band가 나타나는지를 확인하였다.",
                        "clue_start": "71",
                        "clue_end": "258"
                    },
                    {
                        "clue_text": "LbLMA-1과 R16-1 primer set을 이용하여 증폭시킨 DNA fragment가 \\( 210 \\mathrm{bp} \\)임을 확인하고 pGEM - T vector system(promega, USA)을 이용하여 형질 전환 하였다.",
                        "clue_start": "772",
                        "clue_end": "905"
                    },
                    {
                        "clue_text": "plasmid DNA를 \\( 10^{10} \\) copy number로부터 \\( 10^{2} \\) copy num-ber에 이르기 까지 단계적으로 희석하여 SYBR Green1 dye를 이용하여 RT PCR을 실행한 결과 Ct값에 따른 plasmid DNA copy number의 표준곡선을 얻었으며 이때의 Slope는 -3.346이었고, Y절편은 33.18, \\( \\mathrm{R}^{2} \\) 값은 0.993으로 나타났다.",
                        "clue_start": "1607",
                        "clue_end": "1846"
                    },
                    {
                        "clue_text": "SYBR Green1 dye를 이용한 방법과 Probe 방법을 이용한 plasmid DNA copy nember에 대한 차이는 없는 것으로 사료되며, 이를 이용한 표준곡선 제작 또한 가능함을 알 수 있었다.",
                        "clue_start": "2042",
                        "clue_end": "2157"
                    },
                    {
                        "clue_text": "이러한 결과를 종합해 볼 때 본 연구에서 실시한 RT PCR법은 3 ~ 4일이 소요되는 기존의 배지법과 비교하여 24시간 이내에 신속하게 검출이 가능하다고 여겨지며, 또한 RT PCR을 이용한 분석방법에서도 dye 사용과 primer 사용에 따라 결과 값이 차이가 나타났음을 확인 할 수 있었으며, Probe 방법을 이용하여 실험 한 결과가 민감한 결과를 나타내었음을 확인할 수 있었다.",
                        "clue_start": "3162",
                        "clue_end": "3378"
                    }
                ],
                "terminology": [
                    {
                        "word": "Alignment"
                    },
                    {
                        "word": "Amplification size"
                    },
                    {
                        "word": "BLAST"
                    },
                    {
                        "word": "Biotechnology"
                    },
                    {
                        "word": "Ct"
                    },
                    {
                        "word": "DNA"
                    },
                    {
                        "word": "DNA fragment"
                    },
                    {
                        "word": "DNA sequence"
                    },
                    {
                        "word": "Fluorescence값"
                    },
                    {
                        "word": "Gene"
                    },
                    {
                        "word": "Genebank"
                    },
                    {
                        "word": "Lactobacilli"
                    },
                    {
                        "word": "Lactobacillus"
                    },
                    {
                        "word": "LbLMA-1"
                    },
                    {
                        "word": "Macrogen"
                    },
                    {
                        "word": "NCBI"
                    },
                    {
                        "word": "PCR"
                    },
                    {
                        "word": "PCR efficency"
                    },
                    {
                        "word": "PCR primer"
                    },
                    {
                        "word": "PCR 산물"
                    },
                    {
                        "word": "PCR기법"
                    },
                    {
                        "word": "PCR법"
                    },
                    {
                        "word": "Probe"
                    },
                    {
                        "word": "R16-1"
                    },
                    {
                        "word": "RT PCR"
                    },
                    {
                        "word": "Real-time PCR"
                    },
                    {
                        "word": "SYBR"
                    },
                    {
                        "word": "SYBR Green1"
                    },
                    {
                        "word": "SYBR Green1 dye"
                    },
                    {
                        "word": "T&A Cloning vector"
                    },
                    {
                        "word": "Threshold Cycle"
                    },
                    {
                        "word": "agarose"
                    },
                    {
                        "word": "agarose gel"
                    },
                    {
                        "word": "alllact-F"
                    },
                    {
                        "word": "alllact-Rprimer set"
                    },
                    {
                        "word": "band"
                    },
                    {
                        "word": "base line"
                    },
                    {
                        "word": "cloning"
                    },
                    {
                        "word": "copy number"
                    },
                    {
                        "word": "crossing"
                    },
                    {
                        "word": "crossing point"
                    },
                    {
                        "word": "dye"
                    },
                    {
                        "word": "fragment"
                    },
                    {
                        "word": "gel"
                    },
                    {
                        "word": "genus"
                    },
                    {
                        "word": "inhibitor"
                    },
                    {
                        "word": "intergenic"
                    },
                    {
                        "word": "pGEM - T vector system"
                    },
                    {
                        "word": "plasmid"
                    },
                    {
                        "word": "plasmid DNA"
                    },
                    {
                        "word": "plasmid DNA copy nember"
                    },
                    {
                        "word": "primer"
                    },
                    {
                        "word": "primer set"
                    },
                    {
                        "word": "rRNA"
                    },
                    {
                        "word": "sequence"
                    },
                    {
                        "word": "specific primer"
                    },
                    {
                        "word": "strain"
                    },
                    {
                        "word": "vector"
                    },
                    {
                        "word": "균총"
                    },
                    {
                        "word": "미생물 균총"
                    },
                    {
                        "word": "생균수"
                    },
                    {
                        "word": "생균제"
                    },
                    {
                        "word": "염기서열"
                    },
                    {
                        "word": "영동"
                    },
                    {
                        "word": "전기 영동"
                    },
                    {
                        "word": "절대값"
                    },
                    {
                        "word": "특이 primer"
                    },
                    {
                        "word": "표준곡선"
                    },
                    {
                        "word": "형질"
                    },
                    {
                        "word": "형질 전환"
                    },
                    {
                        "word": "희석"
                    }
                ]
            }
        ]
    }
}