{
    "dataset_info": {
        "identifier": "02-031-002-NL",
        "name": "기술과학 문서 요약 데이터",
        "category": "자연어",
        "last_updated": "2023-08-30"
    },
    "dataset": {
        "doc_id": "8a2ae4d1-07b807a6-8c6f-44d9-815f-91c473342ae4",
        "doc_type": "논문",
        "doc_title": {
            "kor": "Uridylate kinase를 이용한 원핵생물의 분류",
            "eng": ""
        },
        "doc_category": {
            "KDC": "470.5",
            "DDC": ""
        },
        "doc_number": {
            "ISSN": "1225-9918",
            "ISBN": "",
            "DOI": "",
            "UCI": ""
        },
        "doc_year": "2003",
        "doc_author": [
            "이동근",
            "김철민",
            "김상진",
            "하배진",
            "하종명",
            "이상현",
            "이재화"
        ],
        "doc_publisher": "한국생명과학회",
        "doc_license": "CC BY",
        "context_info": [
            {
                "context_id": "55e-0c9-merge_la_8a2ae4d1-07b807a6-8c6f-44d9-815f-91c473342ae4_01",
                "context_K-NSCC": {
                    "field": "생명",
                    "large_category": "LA",
                    "medium_category": "02"
                },
                "context": "<h2>원핵생물의 보존적 유전자 선정</h2> <p>보존적 유전자 탐색 과정을 진핵생물인 효모를 포함하는 43종의 미생물에 대하여 수행하여 총 72종의 COG를 얻었다. 보존적 유전자 탐색 과정을 42종의 원핵생물에 대하여 수행하였고 여기서 구한 COG 중 43종의 미생물에서 보존적인 것을 제외한 것들은 원핵생물들이 공통적으로 보유하는 COG로 간주하였다.</p> <h2>아미노산과 염기서열의 확보</h2> <p>원핵생물 42종에 보존적인 COG를 선정한 후에 COG 홈페이지를 경유하여 NCBI에서 각 원핵생물의 COC에 해당하는 핵산염기서열과 아미노산 서열을 구하였다.</p> <h2>16S rDNA 염기서열 추출 및 분석</h2> <p>전체 유전자 염기서연에서 rRNA 그룹을 조사하여 16S rRNA 유전자의 염기서열을 추출하였고, 이것이 불가능한 경우에는 RDP-Ⅱ (http://rdp.cme.msu.edu)의 hierarchy browser를 이용하여 16S rRNA 유전자의 염기서열이 \\( 1200 \\mathrm { ~bp } \\) 이상인 것만을 추출하였다.</p> <h2>다중서열 정렬 및 유연관계 분석</h2> <p>원핵생물 수준에서 보존적인 COG에 속하는 각 원핵생물 보유의 염기서열과 16S rDNA의 염기서열들은 ClustalX (ver. 1.64b) 프로그램을 이용하여 multiple alignmnent를 수행하고 manual alignment를 통하여 보정하였다. Neighbor-joining method와 bootstrap method (n = 1000)로 상관관계를 분석하였다.</p> <h1>결과 및 토의</h1> <h2>원핵생물 한정의 보존적 유전자와 특성</h2> <p>원핵생물에서만 발견되는 3종류의 COG들은 COG0195, COG0358, COG0528로 각각 transcription elongation fac-tor, bacterial DNA primase 그리고 uridylate kinase의 기능을 갖는 것이었다. COG0195와 COG0358은 각각 기능별로 보면 K (transcription)와 L (DNA replication, recombi-nation and repair)에 속하는 것이었다. 유전정보의 저장과 발현에 관계되는 것으로 진핵생물을 포함하는 43종의 미생물이 보유하는 72종의 COG중 translation에 관여하는 COG가 52종 이었고 transcription에 관련되는 COG가 4종 그리고 replication에 관여하는 COG가 3종인 것과 비교하면, 원핵생물이 진핵생물과는 transcription과 translation에서 차이를 보이는 진화적 분기가 있었다고 사료되었다. Uridylate kinase는 COG site의 기능분류상 F (Nucleotidetransport and metabolism)에 속하는 것으로 ATP와 UMP를 이용하여 ADP와 UDP을 만들어내는 효소로 pyrimidine ribonucleotide의 de novo biosynthesis에 관여하며 cytosol과 membrane 근처에 분포하는 것으로 알려져 있다.</p> <h2>보존성 및 유사도 비교</h2> <p>원핵생물에서만 발견되는 유전자는 16S rRNA 등과 함께 원핵생물을 분류하는 분자로서의 기능을 수행할 수 있을 것이다. 분류에 사용되는 분자의 조건은 비교대상생물에서 모두 발견되어야 하고 보존성이 높아야하며 동시에 각 생물이 구분될 수 있는 변이가 있어야 하는 것으로 알려져 왔다. COG0195, COG0358, COG0528은 비교대상 원핵생물에 모두 존재하는 유전자로 각 COG에서 보이는 핵산과 아미노산의 유사도는 Table 2에 나타내었다. 전체적으로 보면 핵산의 유사도보다 아미노산의 유사도가 높은 것을 알 수 있으며, 변이도를 보면 고세균 (Archaebacteria)에서 COG0195가 진정세균 (Eubacteria)에서는 COG0358이 핵산과 아미노산 모두에서 큰 것을 알 수 있었다. 진화속도의 문제가 있겠지만 수치상으로는 원시조상 고세균에서 COG0195가 아주 오래전부터 존재하여 많은 변이가 있는 것으로 추측할 수 있었다.</p>Mycobacterium leprae (Mle)와 Mycobacterium tuberculosis (Mtu) 그리고 Escherichia coli K12 (Eco)와 Escherichia coli 0157 (EcZ)의 경우 같은 속(genus)에 속하는데 COG0915의 구성원들을 보면 각각 ML1558와 Rv2841 그리고 nusA와 ZnusA 유전자를 보유하였다. 유사도 측면에서 보면 각각 핵산에서는 \\( 82.78 \\% \\)와 \\( 99.40 \\% \\)의 유사도를 보인 반면 아미노산에서는 \\( 100 \\% \\)의 유사도를 보였다. 아미노산의 유사도가 핵산의 유사도 보다 높은 것은 redundancy로 설명이 가능할 것이다. 한편 핵산의 유사도가 진화의 정도를 표시하는 것이라고 생각하면 Mycobacterium leprae (Mle)와 Mycobacterium tuberculosis (Mtu)가 Escherichia coli K12 (Eco)와 Escherichia coli O157 (EcZ)보다 먼저 분기되었다는 것을 의미하는 것이라고 할 수 있었다. 이러한 경향은 고세균에서 더 심한 것을 알 수 있었다. 같은 Thermoplasma 속에 속하는 Thermoplasma acidophilum (Tvo)과 Thermoplasma volcanium (Tac) 그리고 Methanobacterium속에 속하는 Meth-anobacterium thermoautotrophicum \\( ( \\mathrm { Mth } ) \\) 3균주는 각각 TVN117, TA0393m, MTH1217를 COG0195의 구성원으로 보유하고 있는데 핵산에서는 \\( 27.31-33.33 \\% \\)의 유사도를 보였지만 아미노산에서는 \\( 100 \\% \\)의 유사성을 보였다.</p>",
                "context_length": 2926,
                "summary": "원핵생물 42종에 보존적인 COG를 선정한 후, 핵산염기서열과 아미노산 서열을 구하고, 전체 유전자 염기서열에서 16S rRNA 유전자의 염기서열을 추출했다. ClustalX를 이용하여 이들의 multiple alignmnent를 수행하고 보정하였다. 그 결과, 원핵생물이 transcription과 translation에서 진화적 분기가 있었다고 사료되며, 핵산의 유사도보다 아미노산의 유사도가 높은 것을 알 수 있다.",
                "clue": [
                    {
                        "clue_text": "원핵생물 42종에 보존적인 COG를 선정한 후에 COG 홈페이지를 경유하여 NCBI에서 각 원핵생물의 COC에 해당하는 핵산염기서열과 아미노산 서열을 구하였다.",
                        "clue_start": "232",
                        "clue_end": "321"
                    },
                    {
                        "clue_text": "전체 유전자 염기서연에서 rRNA 그룹을 조사하여 16S rRNA 유전자의 염기서열을 추출하였고, 이것이 불가능한 경우에는 RDP-Ⅱ (http://rdp.cme.msu.edu)의 hierarchy browser를 이용하여 16S rRNA 유전자의 염기서열이 \\( 1200 \\mathrm { ~bp } \\) 이상인 것만을 추출하였다.",
                        "clue_start": "360",
                        "clue_end": "546"
                    },
                    {
                        "clue_text": "원핵생물 수준에서 보존적인 COG에 속하는 각 원핵생물 보유의 염기서열과 16S rDNA의 염기서열들은 ClustalX (ver. 1.64b) 프로그램을 이용하여 multiple alignmnent를 수행하고 manual alignment를 통하여 보정하였다.",
                        "clue_start": "581",
                        "clue_end": "726"
                    },
                    {
                        "clue_text": "유전정보의 저장과 발현에 관계되는 것으로 진핵생물을 포함하는 43종의 미생물이 보유하는 72종의 COG중 translation에 관여하는 COG가 52종 이었고 transcription에 관련되는 COG가 4종 그리고 replication에 관여하는 COG가 3종인 것과 비교하면, 원핵생물이 진핵생물과는 transcription과 translation에서 차이를 보이는 진화적 분기가 있었다고 사료되었다.",
                        "clue_start": "1099",
                        "clue_end": "1326"
                    },
                    {
                        "clue_text": "전체적으로 보면 핵산의 유사도보다 아미노산의 유사도가 높은 것을 알 수 있으며, 변이도를 보면 고세균 (Archaebacteria)에서 COG0195가 진정세균 (Eubacteria)에서는 COG0358이 핵산과 아미노산 모두에서 큰 것을 알 수 있었다.",
                        "clue_start": "1819",
                        "clue_end": "1961"
                    }
                ],
                "terminology": [
                    {
                        "word": "16S rDNA 염기서열"
                    },
                    {
                        "word": "COC"
                    },
                    {
                        "word": "COG"
                    },
                    {
                        "word": "ClustalX"
                    },
                    {
                        "word": "Escherichia coli"
                    },
                    {
                        "word": "Methanobacterium속"
                    },
                    {
                        "word": "Mycobacterium leprae"
                    },
                    {
                        "word": "Mycobacterium tuberculosis"
                    },
                    {
                        "word": "NCBI"
                    },
                    {
                        "word": "Neighbor-joining"
                    },
                    {
                        "word": "RDP-Ⅱ"
                    },
                    {
                        "word": "Thermoplasma acidophilum"
                    },
                    {
                        "word": "Thermoplasma volcanium"
                    },
                    {
                        "word": "Thermoplasma 속"
                    },
                    {
                        "word": "UDP"
                    },
                    {
                        "word": "UMP"
                    },
                    {
                        "word": "Uridylate kinase"
                    },
                    {
                        "word": "alignment"
                    },
                    {
                        "word": "bacterial DNA primase"
                    },
                    {
                        "word": "bootstrap method"
                    },
                    {
                        "word": "de novo biosynthesis"
                    },
                    {
                        "word": "elongation"
                    },
                    {
                        "word": "hierarchy browser"
                    },
                    {
                        "word": "membrane"
                    },
                    {
                        "word": "metabolism"
                    },
                    {
                        "word": "multiple alignmnent"
                    },
                    {
                        "word": "pyrimidine ribonucleotide"
                    },
                    {
                        "word": "rRNA 그룹"
                    },
                    {
                        "word": "rRNA 유전자"
                    },
                    {
                        "word": "recombi-nation and repair"
                    },
                    {
                        "word": "redundancy"
                    },
                    {
                        "word": "replication"
                    },
                    {
                        "word": "transcription"
                    },
                    {
                        "word": "translation"
                    },
                    {
                        "word": "다중서열"
                    },
                    {
                        "word": "미생물"
                    },
                    {
                        "word": "보존적 유전자"
                    },
                    {
                        "word": "비교대상생물"
                    },
                    {
                        "word": "상관관계"
                    },
                    {
                        "word": "아미노산"
                    },
                    {
                        "word": "아미노산 서열"
                    },
                    {
                        "word": "원시조상 고세균"
                    },
                    {
                        "word": "원핵생물"
                    },
                    {
                        "word": "유연관계"
                    },
                    {
                        "word": "유전자의 염기서열"
                    },
                    {
                        "word": "진정세균"
                    },
                    {
                        "word": "진핵생물"
                    },
                    {
                        "word": "진화속도"
                    },
                    {
                        "word": "진화적 분기"
                    },
                    {
                        "word": "핵산"
                    }
                ]
            },
            {
                "context_id": "55e-0c9-merge_la_8a2ae4d1-07b807a6-8c6f-44d9-815f-91c473342ae4_03",
                "context_K-NSCC": {
                    "field": "생명",
                    "large_category": "LA",
                    "medium_category": "02"
                },
                "context": "<p>Fig. 1을 보면 uridylate kinase 유전자를 이용한 분류에서는 16S rRNA 유전자를 이용한 분류와 공통점과 차이점이 있는 것을 알 수 있었다. 공통점은 첫째 uridylate kinasi를 이용한 분류가 16S rRNA를 이용한 분류처럼 같은 속(genus)에 속하는 세균들은 아주 높은 bootstrap value를 갖고 같은 위치에 분포하는 것으로 드러났다. 둘째 고세균내부의 응집성이 높은 것을 알 수 있었고 16S rRNA와 같이 Crenarchaeota인 Aeropyrum pernix (Ape)가 상대적인 상관관계가 낮게 나왔다. 셋째 고세균 그룹이 진정세균의 Firmicutes 그룹 일부와 상관관계가 상대적으로 높게 나왔다.</p> <p>하지만 16S rRNA와의 차이점을 보이는 부분도 있었는데 첫째 Firmucutes에 속하는 세균들이 3 군데로 흩어지고 gamma-Proteobacteria에 속하는 일부 세균도 다른 세균들과 그룹을 형성하는 것으로 나타났다. 둘째 Proteobacteria의 alpha와 epsilon 그룹들이 분류도에서 \\( 16 \\mathrm { ~S } \\) rRNA와 다른 결과를 보였다. 셋째 기타 진정세균으로 분류하였던 세균들이 16S rRNA에서 하나의 그룹을 형성했던 것과는 달리 진정세균의 Spirochaetales에 속하는 Treponema pallidum (Tpa)와 Borrelia burgdorferi (Bbu)가 고세균과 유연관계가 높은 것으로 드러났다. 넷째 16S rRNA를 이용한 분류에서는 gamma-Proteobacteria가 고세균과 유연관계가 먼 것으로 나타났는데 uridylate kinase를 이용한 분류에서는 gamma-Proteobacteria의 일부는 16S rRNA보다 고세균과 유연관계가 높은 것으로 나타났다. 이러한 양상은 최대절약법 (parsimony)을 이용한 결과에서도 유사한 것으로 나타났다. 유전자의 수평전달에 의한 영향일 가능성도 있으나 비교대상 모든 세균이 공통적으로 보유하고 있으므로 원시조상세균으로부터 보유하고 있었을 가능성이 더 높을 것으로 사료되었다. 이 등은 유전자 하나를 이용한 분류가 아닌 전체 게놈이 보유하고 있는 유전자중 현재 알려진 3800 여개의 ortholog의 보유유무에 따른 분류를 시도하였다. 그 보고에서도 Proteobacteria의 경우 16S rRNA와 일치하는 부분과 일치하지 않는 부분이 있는 것을 알 수 있었다.</p> <p>COG0528인 uridylate kinase의 경우 16S rRNA 유전자처럼 보존성이 아주 높지는 않았지만 오히려 이러한 점이 16S rRNA 유전자의 아주 높은 보존성에 의해서 생기는 유연관계의 과소 혹은 과대평가를 줄일 수 있을 것이며 16S rRNA와 상호 보완적인 결과로 원핵생물의 정확한 분류에 기여할 수 있을 것으로 사료되었다. 한편 고세균의 경우 COG0358 (bacterial primase)을 그리고 Eub-acteria의 경우 COG0195 (transcription elongation factor)를 이용한 분류까지 첨가된다면 보다 정확한 분류가 가능 할 것으로 사료되었다. 본 연구결과는 16S rRNA 유전자만을 이용하여 분류할 때 단점을 보완하는데 이용가능할 것이며, 특히 bootstrap value가 높은 같은 속이나 종에서는 16S rRNAA를 이용한 분류와 동등하게 사용될 수 있을 것이다.</p> <h1>요 약</h1> <p>원핵생물 (procaryote)의 분류에 16S rRNA 유전자가 많이 이용되어 있으나 제한된 해상력과 유전자의 수에 차이가 있는 등의 문제가 있어 이를 보완할 수 있는 새로운 생체분자를 찾고 그 분류 결과를 16S rRNA의 결과와 비교하였다. COG (Clusters of Orthologous of protein) 방법을 이용하여 43종의 미생물중에서 진핵생물을 제외한 42종의 원핵생물 (procaryote)에서만 발견되는 3종류의 COG인 Transcription elongation factor인 COG0195과 bacterial DNA primase인 COG0358 그리고 uridylate kinase인 COG0528를 구하였다. 이중 유사도와 유전자 수를 바탕으로 새로운 분류의 키로 uridylate kinase를 설정하여 분석한 결과, 같은 속 (genus)에 속하는 세균들은 아주 높은 bootstrap value를 갖고 분류도에서 같은 위치에 분포하고 고세균 (Archaebacteria) 내부의 응집성이 높은 등의 유사성을 보였다. 한편 alpha와 epsilon 그룹의 Proteobacteria가 분류도에서 다르게 위치하고 진정세균 (Eubacteria)의 Spi-rochaetales에 속하는 Treponema pallidum (Tpa)와 Borrelia burgdorferi (Bbu)가 고세균과 유연관계가 높게 나타나는 등 차이점도 보였다. Uridylate kinase를 이용한 분류는, 아주 높은 보존성에 의해서 생기는 16S rRNA 유전자를 이용한 문제점을 보완하여 원핵생물의 정확한 분류에 기여할 수 있을 것으로 사료되었다.</p>",
                "context_length": 2536,
                "summary": "COG 방법을 이용하여 진핵생물이 아닌 원핵생물만 가지는 COG를 구하였다. 그 중에서 새로운 분류의 키로 uridylate kinase인 COG0528를 사용해서 원핵생물을 새로 분류한 결과, 같은 속의 세균들이 높은 bootstrap value값으로 분류도에서 분리되고 고세균 내부의 응집성이 높은 특징을 보였다. 따라서 원핵생물을 분류할 때 16S rRNA 유전자의 사용시 생기는 유연관계의 과대 혹은 과소평가의 문제점을 보완하기 위해 Uridylate kinase를 이용한 분류를 사용할 수 있다. 특히 bootstrap value가 높은 같은 속이나 종에서 사용하기에 효과가 좋은 것으로 사료된다.",
                "clue": [
                    {
                        "clue_text": "COG0528인 uridylate kinase의 경우 16S rRNA 유전자처럼 보존성이 아주 높지는 않았지만 오히려 이러한 점이 16S rRNA 유전자의 아주 높은 보존성에 의해서 생기는 유연관계의 과소 혹은 과대평가를 줄일 수 있을 것이며 16S rRNA와 상호 보완적인 결과로 원핵생물의 정확한 분류에 기여할 수 있을 것으로 사료되었다.",
                        "clue_start": "1226",
                        "clue_end": "1417"
                    },
                    {
                        "clue_text": "본 연구결과는 16S rRNA 유전자만을 이용하여 분류할 때 단점을 보완하는데 이용가능할 것이며, 특히 bootstrap value가 높은 같은 속이나 종에서는 16S rRNAA를 이용한 분류와 동등하게 사용될 수 있을 것이다.",
                        "clue_start": "1563",
                        "clue_end": "1690"
                    },
                    {
                        "clue_text": "COG (Clusters of Orthologous of protein) 방법을 이용하여 43종의 미생물중에서 진핵생물을 제외한 42종의 원핵생물 (procaryote)에서만 발견되는 3종류의 COG인 Transcription elongation factor인 COG0195과 bacterial DNA primase인 COG0358 그리고 uridylate kinase인 COG0528를 구하였다.",
                        "clue_start": "1849",
                        "clue_end": "2071"
                    },
                    {
                        "clue_text": "이중 유사도와 유전자 수를 바탕으로 새로운 분류의 키로 uridylate kinase를 설정하여 분석한 결과, 같은 속 (genus)에 속하는 세균들은 아주 높은 bootstrap value를 갖고 분류도에서 같은 위치에 분포하고 고세균 (Archaebacteria) 내부의 응집성이 높은 등의 유사성을 보였다.",
                        "clue_start": "2072",
                        "clue_end": "2246"
                    },
                    {
                        "clue_text": "Uridylate kinase를 이용한 분류는, 아주 높은 보존성에 의해서 생기는 16S rRNA 유전자를 이용한 문제점을 보완하여 원핵생물의 정확한 분류에 기여할 수 있을 것으로 사료되었다.",
                        "clue_start": "2425",
                        "clue_end": "2532"
                    }
                ],
                "terminology": [
                    {
                        "word": "16S rRNA"
                    },
                    {
                        "word": "Aeropyrum pernix"
                    },
                    {
                        "word": "Borrelia burgdorferi"
                    },
                    {
                        "word": "COG"
                    },
                    {
                        "word": "Crenarchaeota"
                    },
                    {
                        "word": "Eub-acteria"
                    },
                    {
                        "word": "Firmicutes 그룹"
                    },
                    {
                        "word": "Firmucutes"
                    },
                    {
                        "word": "Orthologous"
                    },
                    {
                        "word": "Proteobacteria"
                    },
                    {
                        "word": "Spi-rochaetales"
                    },
                    {
                        "word": "Spirochaetales"
                    },
                    {
                        "word": "Transcription"
                    },
                    {
                        "word": "Treponema pallidum"
                    },
                    {
                        "word": "bacterial"
                    },
                    {
                        "word": "bootstrap value"
                    },
                    {
                        "word": "elongation factor"
                    },
                    {
                        "word": "epsilon 그룹"
                    },
                    {
                        "word": "gamma-Proteobacteria"
                    },
                    {
                        "word": "ortholog"
                    },
                    {
                        "word": "primase"
                    },
                    {
                        "word": "protein"
                    },
                    {
                        "word": "rRNA 유전자"
                    },
                    {
                        "word": "uridylate kinase"
                    },
                    {
                        "word": "uridylate kinase 유전자"
                    },
                    {
                        "word": "uridylate kinasi"
                    },
                    {
                        "word": "게놈"
                    },
                    {
                        "word": "고세균"
                    },
                    {
                        "word": "상관관계"
                    },
                    {
                        "word": "생체분자"
                    },
                    {
                        "word": "수평전달"
                    },
                    {
                        "word": "원시조상세균"
                    },
                    {
                        "word": "원핵생물"
                    },
                    {
                        "word": "유연관계"
                    },
                    {
                        "word": "응집성"
                    },
                    {
                        "word": "진정세균"
                    },
                    {
                        "word": "진핵생물"
                    },
                    {
                        "word": "최대절약법"
                    },
                    {
                        "word": "해상력"
                    }
                ]
            },
            {
                "context_id": "55e-0c9-merge_la_8a2ae4d1-07b807a6-8c6f-44d9-815f-91c473342ae4_02",
                "context_K-NSCC": {
                    "field": "생명",
                    "large_category": "LA",
                    "medium_category": "02"
                },
                "context": "<p>하지만 COG0358과 COG0528의 경우에는 진정세균 서로간의 변이정도가 고세균 서로간의 변이정도보다 범위가 넓고 최소치도 낮아, 하나의 유전자로 생물군의 진화정도를 파악하기에는 오류가 있을 가능성이 높음을 알 수 있었다. 한 유전자가 수평전달 (horizontal gene transfer)이 되면 다른 유전자들의 유사도보다 횔썬 높은 유사도가 발생할 수 있다는 보고도 있었다.</p> <h2>분류를 위한 새로운 분자</h2> <p>16S rRNA 유전자를 이용한 분류에서는 보존정도가 너무 높아 진화적인 경향을 파악할 때 제한된 해상력을 보인다는 것과 각 미생물마다 유전자의 수가 달라서 어떤 원핵생물들의 경우에는 진화적 경향을 제시할 때 과대 혹은 과소 평가가 될 수 있어 다른 분자들이 보완책으로 이용되어 왔다. 이런 유전자 그룹은 세균 각 종에 대해 정량적인 비교와 진화적 관점의 파악이 유리하다고 할 것이다. 그러나 16S rRNA 유전자 이외의 유전자 그룹중 일부는 COG검색을 해보면, 42종의 원핵생물 모두가 이러한 유전자를 가지고 있지는 않는 것으로 드러나 비교대상 미생물이 한정될 수 밖에 없거나 진핵생물과 공통적으로 존재하여 원핵생물만의 분류를 위한 분자가 아니라는 것을 알 수 있었다. Table 1에 나타난 COG0195, COG0358, COG0528 그룹은 42종의 원핵생물에서만 분포하는 분자들로 원핵생물들만의 분류를 위한 새로운 분자(molecular clock)의 후보가될 수 있다고 추측되었다. 또한 COG0195와 COG0358의 경우는 한 생물내에 중복되는 유전자와 관찰되는 반면 COG0528의 경우 하나의 미생물에 하나의 유전자만 존재하므로 각 미생물은 유전자의 중복성에 의한 문제를 피힐수 있다는 것을 알 수 있었고 세균 각 종에 대해 정량적인 비교와 진화적 관점의 파악이 유리하다고 사료되었다. 한편 고세균의 경우 COG0358 (bacterial primase)을 그리퍼 진정세균의 경우 COG0195 (transcription elongation factor를 이용한 분류도 가능할 것으로 사료되었지만 Ilyina 등이 primase를 그리고 Baldauf 등이 elongation factor를 이용한 분류를 시도한 보고가 있어 본 논문에서는 분류의 새로운 분자로서 uridylate kinase를 적용하였다.</p> <p>Fig. 1은 42종의 원핵생물을 165 rRNA 유전자를 이용한 분류와 COG0528인 uridylate kinase의 유전자를 이용한 분류를 나타내고 있다.</p> <p>16S rRNA 유전자를 이용한 분류에서는 고세균, 진정세균에 속하는 Firmicutes와 Proteobacteria 그리고 기타 진정세균의 4 그룹으로 나누어졌다. 고세균은 진정세균의 Firmicutes와 상관관계가 높은 것올 알 수 있었고 Pro-teobacteria와 Firmicutes에 속하지 않는 기타 진정세균과의 상관관계도 어느 정도 높은 것을 알 수 있었다.</p> <p>Helicobacter pyroli J99 (jHP)의 경우 \\( 1200 \\mathrm { ~bp } \\) 이상의 16S rRNA 염기서열을 구할 수 없어 16S rRNA를 이용한 분석에서는 제외하였다.</p>",
                "context_length": 1598,
                "summary": "42개의 원핵생물 분류를 위해 16S rRNA 유전자는 해상력이 낮고, COG0195, COG0358, COG0528 그룹은 42개의 원핵생물에서만 분포하는 분자로 새로운 분자(molecular clock)의 후보가 될 수 있다. 고세균과 진정세균의 변이정도가 다르고, 수평전달이 발생할 수 있어 하나의 유전자로 생물군의 진화정도를 파악하기에는 오류가 있을 가능성이 높다. 따라서 uridylate kinase를 이용한 분류를 시도하여 원핵생물들만의 분류를 위한 분자로 사용할 수 있다.",
                "clue": [
                    {
                        "clue_text": "하지만 COG0358과 COG0528의 경우에는 진정세균 서로간의 변이정도가 고세균 서로간의 변이정도보다 범위가 넓고 최소치도 낮아, 하나의 유전자로 생물군의 진화정도를 파악하기에는 오류가 있을 가능성이 높음을 알 수 있었다.",
                        "clue_start": "3",
                        "clue_end": "129"
                    },
                    {
                        "clue_text": "16S rRNA 유전자를 이용한 분류에서는 보존정도가 너무 높아 진화적인 경향을 파악할 때 제한된 해상력을 보인다는 것과 각 미생물마다 유전자의 수가 달라서 어떤 원핵생물들의 경우에는 진화적 경향을 제시할 때 과대 혹은 과소 평가가 될 수 있어 다른 분자들이 보완책으로 이용되어 왔다. 이런 유전자 그룹은 세균 각 종에 대해 정량적인 비교와 진화적 관점의 파악이 유리하다고 할 것이다.",
                        "clue_start": "248",
                        "clue_end": "463"
                    },
                    {
                        "clue_text": "Table 1에 나타난 COG0195, COG0358, COG0528 그룹은 42종의 원핵생물에서만 분포하는 분자들로 원핵생물들만의 분류를 위한 새로운 분자(molecular clock)의 후보가될 수 있다고 추측되었다. 또한 COG0195와 COG0358의 경우는 한 생물내에 중복되는 유전자와 관찰되는 반면 COG0528의 경우 하나의 미생물에 하나의 유전자만 존재하므로 각 미생물은 유전자의 중복성에 의한 문제를 피힐수 있다는 것을 알 수 있었고 세균 각 종에 대해 정량적인 비교와 진화적 관점의 파악이 유리하다고 사료되었다.",
                        "clue_start": "626",
                        "clue_end": "923"
                    },
                    {
                        "clue_text": "16S rRNA 유전자를 이용한 분류에서는 고세균, 진정세균에 속하는 Firmicutes와 Proteobacteria 그리고 기타 진정세균의 4 그룹으로 나누어졌다.",
                        "clue_start": "1264",
                        "clue_end": "1356"
                    }
                ],
                "terminology": [
                    {
                        "word": "16S rRNA 염기서열"
                    },
                    {
                        "word": "Baldauf"
                    },
                    {
                        "word": "Firmicutes"
                    },
                    {
                        "word": "Ilyina"
                    },
                    {
                        "word": "Proteobacteria"
                    },
                    {
                        "word": "elongation factor"
                    },
                    {
                        "word": "gene transfer"
                    },
                    {
                        "word": "primase"
                    },
                    {
                        "word": "rRNA 유전자"
                    },
                    {
                        "word": "uridylate kinase"
                    },
                    {
                        "word": "고세균"
                    },
                    {
                        "word": "미생물"
                    },
                    {
                        "word": "변이정도"
                    },
                    {
                        "word": "상관관계"
                    },
                    {
                        "word": "수평전달"
                    },
                    {
                        "word": "원핵생물"
                    },
                    {
                        "word": "진정세균"
                    },
                    {
                        "word": "해상력"
                    }
                ]
            },
            {
                "context_id": "55e-0c9-merge_la_8a2ae4d1-07b807a6-8c6f-44d9-815f-91c473342ae4_00",
                "context_K-NSCC": {
                    "field": "생명",
                    "large_category": "LA",
                    "medium_category": "02"
                },
                "context": "<h1>서 론</h1> <p>미생물은 형태적으로 매우 단순하여 동 ◦ 식물에 적용되는 분류기준의 적용이 어려워 동 ◦ 식물과 달리 주로 생리적, 생화학적 특성에 의존하여 왔다. 한편 미생물 생체내에 존재하는 몇 가지 거대분자들은 진화적인 역사를 담고 있는 것으로 간주되어 이를 이용하여 진화적인 유연관계와 계통적인 다양성을 파악해왔다.</p> <p>진화적인 관계를 나타내는 분자들의 조건은 비교대상 미생물에서 모두 발견될 것, 보존성이 아주 높을 것, 동시에 각 생물이 구분될 수 있는 변이를 나타낼 것, 그리고 크기가 적당할 것 등이다. 이러한 기준에 부합되며 분자생물학적 방법의 발달에 따라 현재는 16S rRNA 유전자 염기서열을 이용한 분류법이 널리 사용되고 있다.</p> <p>하지만 16S rRNA 유전자를 이용한 분류의 단점으로는 보존정도가 아주 높아 원핵생물 (procaryote) 내에서 진화적인 경향을 파악할 때 제한된 해상력을 나타낸다는 점과 각 원핵생물마다 유전자의 수가 다르며 또한 하나의 원핵 생물이 갖는 16S rRNA 유전자들의 염기서열이 다른 경우도 있어, 어떤 미생물 집단의 경우에는 진화적 경향을 제시한 때 과대 혹은 과소 평가가 될 수 있다. 이런 단점을 보완하고 세균의 다양성 평가의 다른 척도로서 rRNA 유전자 외에 recA, rpo, dnaG, elongation factor, ATPase, tRNA synthetase 등이 사용되었다.</p> <p>아직도 미생물 분류에 있어서 해결할 수 없는 문제로는 적합한 분류기준의 설정과 공동조상에서 어떤 경로로 분화되었고 각 분류그룹들이 어떻게 연관되는 지를 명확히하는 것 등이 있다. 염기서열에 기초한 방법으로 하나의 유전자에만 국한하지 않는 DNA-DNA hybridization, GC contents, RFLP (restriction fragment length polymor-phisms), RAPD (random-amplified polymorphic DNAs) 등을 이용한 각 원핵생물의 유연관계를 밝히려는 시도가 있었다.</p> <p>한편 생화학적 분류법과 전체게놈의 염기서열에 기초한 분류법의 중간자적 위치에 있는 방법으로 COG (Clusters of Orthologous Groups of protein)를 이용한 분류도 있었다. 강 등은 COG를 이용하여 42종의 원핵생물과 1종의 진핵생물 모두에 분포하는 유전자 72종을 밝혔으며, 이 등은 원핵생물 42종 모두에 분포하는 75종의 유전자를 밝혔다. 두 보고에서 차이가 나는 3종류의 유전자 그룹은 원핵생물에서만 발견되는 것으로 이들은 원핵생물의 분류에 이용될 가능성이 높다고 할 것이다.</p> <p>본 논문에서는 3종류의 유전자 그룹을 이용한 원핵생물의 분류와 그 결과를 16S rRNA 유전자를 이용한 분류와의 비교를 목적으로 한다.</p> <h1>재료 및 방법</h1> <h2>재료</h2> <p>Table 1에 표시된 분석에 이용한 42종의 원핵생물(procaryote) 유전체 (genome)는 National Center for Bio-technology Information (NCBI)의 공개 서버로부터 추출하였다. 미생물 유전자의 유사성에 관한 자료는 COGs에서 정리된 자료를 이용하였는데 이들은 2002년 4월 현재 43종의 미생물 유전체를 ortholog 그룹으로 분류하여, 총 77,069개의 유전자들을 3,852개의 단백질 그룹으로 분류해 놓았다. 분석대상 원핵생물은 고세균 (Archebacteria)가 9종, 세균 중 Firmicutes가 9종, Proteobacteria가 16종, 기타 8종 이었다. COGs 데이터베이스의 자료를 종(species)과 orthologs에 따라 2차원으로 재정렬하여 개별 orthologs를 종을 기준으로 분류하였다. 이후 각 그룹별로 보존적 유전자의 항목을 배열화하였다.</p>",
                "context_length": 1907,
                "summary": "미생물은 형태적으로 매우 단순하여 생리적, 생화학적 특성을 주로 활용해 분류하였다. 그러나 진화적 역사를 담은 몇몇 거대분자를 이용해 진화적 유연관계와 계통적인 다양성을 파악해 왔다. 이 연구에서는 높은 보존정도와 다양한 16S rRNA 유전자 수 등으로 인해 제한된 해상력을 보였던 16S rRNA 유전자를 이용한 분류와 비교하여, recA, rpo, dnaG, elongation factor, ATPase, tRNA synthetase 등 3종류의 유전자 그룹을 이용한 원핵생물의 분류 결과를 제시한다.",
                "clue": [
                    {
                        "clue_text": "하지만 16S rRNA 유전자를 이용한 분류의 단점으로는 보존정도가 아주 높아 원핵생물 (procaryote) 내에서 진화적인 경향을 파악할 때 제한된 해상력을 나타낸다는 점과 각 원핵생물마다 유전자의 수가 다르며 또한 하나의 원핵 생물이 갖는 16S rRNA 유전자들의 염기서열이 다른 경우도 있어, 어떤 미생물 집단의 경우에는 진화적 경향을 제시한 때 과대 혹은 과소 평가가 될 수 있다.",
                        "clue_start": "384",
                        "clue_end": "603"
                    },
                    {
                        "clue_text": "본 논문에서는 3종류의 유전자 그룹을 이용한 원핵생물의 분류와 그 결과를 16S rRNA 유전자를 이용한 분류와의 비교를 목적으로 한다.",
                        "clue_start": "1323",
                        "clue_end": "1399"
                    },
                    {
                        "clue_text": "이런 단점을 보완하고 세균의 다양성 평가의 다른 척도로서 rRNA 유전자 외에 recA, rpo, dnaG, elongation factor, ATPase, tRNA synthetase 등이 사용되었다.",
                        "clue_start": "604",
                        "clue_end": "717"
                    },
                    {
                        "clue_text": "미생물은 형태적으로 매우 단순하여 동 ◦ 식물에 적용되는 분류기준의 적용이 어려워 동 ◦ 식물과 달리 주로 생리적, 생화학적 특성에 의존하여 왔다. 한편 미생물 생체내에 존재하는 몇 가지 거대분자들은 진화적인 역사를 담고 있는 것으로 간주되어 이를 이용하여 진화적인 유연관계와 계통적인 다양성을 파악해왔다.",
                        "clue_start": "16",
                        "clue_end": "187"
                    }
                ],
                "terminology": [
                    {
                        "word": "16S rRNA"
                    },
                    {
                        "word": "16S rRNA 유전자 염기서열"
                    },
                    {
                        "word": "ATPase"
                    },
                    {
                        "word": "Archebacteria"
                    },
                    {
                        "word": "COG"
                    },
                    {
                        "word": "COGs"
                    },
                    {
                        "word": "DNA-DNA hybridization"
                    },
                    {
                        "word": "Firmicutes"
                    },
                    {
                        "word": "GC"
                    },
                    {
                        "word": "GC content"
                    },
                    {
                        "word": "Orthologous"
                    },
                    {
                        "word": "Proteobacteria"
                    },
                    {
                        "word": "RAPD"
                    },
                    {
                        "word": "RFLP"
                    },
                    {
                        "word": "elongation"
                    },
                    {
                        "word": "elongation factor"
                    },
                    {
                        "word": "fragment"
                    },
                    {
                        "word": "genome"
                    },
                    {
                        "word": "hybridization"
                    },
                    {
                        "word": "ortholog"
                    },
                    {
                        "word": "orthologs"
                    },
                    {
                        "word": "procaryote"
                    },
                    {
                        "word": "protein"
                    },
                    {
                        "word": "rRNA"
                    },
                    {
                        "word": "rRNA 유전자"
                    },
                    {
                        "word": "rRNA 유전자 염기서열"
                    },
                    {
                        "word": "recA"
                    },
                    {
                        "word": "synthetase"
                    },
                    {
                        "word": "tRNA"
                    },
                    {
                        "word": "tRNA synthetase"
                    },
                    {
                        "word": "거대분자"
                    },
                    {
                        "word": "고세균"
                    },
                    {
                        "word": "단백질"
                    },
                    {
                        "word": "데이터베이스"
                    },
                    {
                        "word": "미생물"
                    },
                    {
                        "word": "미생물 유전체"
                    },
                    {
                        "word": "발달"
                    },
                    {
                        "word": "배열화"
                    },
                    {
                        "word": "보존적 유전자"
                    },
                    {
                        "word": "분자생물학적 방법"
                    },
                    {
                        "word": "분화"
                    },
                    {
                        "word": "생화학적"
                    },
                    {
                        "word": "생화학적 특성"
                    },
                    {
                        "word": "서버"
                    },
                    {
                        "word": "염기서열"
                    },
                    {
                        "word": "원핵생물"
                    },
                    {
                        "word": "유연관계"
                    },
                    {
                        "word": "유전자"
                    },
                    {
                        "word": "유전자 염기서열"
                    },
                    {
                        "word": "유전체"
                    },
                    {
                        "word": "진핵생물"
                    },
                    {
                        "word": "해상력"
                    }
                ]
            }
        ]
    }
}