{
    "dataset_info": {
        "identifier": "02-031-002-NL",
        "name": "기술과학 문서 요약 데이터",
        "category": "자연어",
        "last_updated": "2023-08-30"
    },
    "dataset": {
        "doc_id": "8a2ae4d1-2f2fc66c-fe2d-405a-ab87-da13eb224a47",
        "doc_type": "논문",
        "doc_title": {
            "kor": "\b납에 노출된 애기장대의 식물기관에 축적된 납 농도",
            "eng": ""
        },
        "doc_category": {
            "KDC": "470.5",
            "DDC": ""
        },
        "doc_number": {
            "ISSN": "1225-9918",
            "ISBN": "",
            "DOI": "",
            "UCI": ""
        },
        "doc_year": "2007",
        "doc_author": [
            "박종범"
        ],
        "doc_publisher": "한국생명과학회",
        "doc_license": "CC BY",
        "context_info": [
            {
                "context_id": "55e-0c9-1f2b8f20-a0b6-495f-9eda-25e459939168",
                "context_K-NSCC": {
                    "field": "생명",
                    "large_category": "LA",
                    "medium_category": "05"
                },
                "context": "<h1>결과 및 고찰</h1><h2>줄기 납 농도</h2><p>여러 가지 농도의 납 용액을 첨가한 토양에서 생장한 애기장대의 줄기 내에 축적된 납 농도를 측정한 결과는 Fig. 1과 같다. 토양에 첨가한 납의 농도가 증가합에 따라 줄기 내에 축적된 납의 농도도 증가하였으나, 오염물질 배출기준농도 \\( (1 \\mathrm{mg} /1) \\) 와 이보다 10 배 높은 농도 \\( (10 \\mathrm{mg} /1) \\) , 50배 높은 농도 \\( (50 \\mathrm{mg} /1) \\)에서의 차이는 크지 않았다(Fig. 1). 영양액만을 첨가한 토양에서 생장한 애기장대 정상식물의 줄기에 축적된 납의 농도와 비교하여 오염물질 배출기준농도와 이보다 10 배 높은 농도, 50배 높은 농도의 납을 첨가한 토양에서 생장한 애기장대의 줄기에 축적된 납의 농도는 농도별로 큰 차이없이 약 \\( 20 \\%-30 \\% \\) 증가하여 비교적 유사한 증가율을 나타내었다(Fig. 1). 이러한 결과는 여러 가지 농도의 납 용액을 애기장대에 처리하였을 때 줄기 생장에 미치는 영향을 조사한 결과, 오염물질 배출기준 농도인 \\( 1 \\mathrm{mg} / 1 \\)에서는 정상 식물의 줄기보다 약 \\( 15 \\% \\) 정도 생장이 감소하였고, 이보다 10 배 높은 농도인 \\( 10 \\mathrm{mg} / 1 \\)에서는 약 \\( 13 \\% \\) 정도 생장이 감소하였으나, 50 배 높은 농도인 \\( 50 \\mathrm{mg} / 1 \\)를 처리한 식물에서는 약 \\( 41 \\% \\) 줄기 생장이 감소하였다는 연구보고와는 비교되는 결과이다. 이러한 연구보고는 오염물질 배출기준농도보 다 50 배 높은 납 농도를 처리한 애기장대의 줄기 생장 감소는 오염물질 배출기준농도와 이보다 10 배 높은 납 농도를 처리한 애기장대의 줄기 생장 감소보다 더 많이 감소되었음을 나타내고 있다. 따라서 이와 같은 연구보고와 본 실험결과는 토양 속에 오염된 납의 농도가 증가함에 따라 줄기 생장은 다소 감소하였으나 줄기 속에 축적되는 납의 농도는 비례하여 증가하지 않았음을 나타내고 있다. 어떤 식물은 토양으로부터 비교적 많은 양의 중금속을 홉수하여 조직내에 격리시키는데, 이러한 식물을 금속 hyperaccumulator라고 한다. 십자화과 식물인 Thlaspi caerulescens은 토양속의 아연과 카드뮴농도보다 약 10배나 높은 아연과 카드뮴을 경엽부에 축적하고 있는 것으로 보고되었다. 또한 식물이 체내에 중금속이 축적되면 자체적으로 중금속 결합 단백질인 phytoche-latin을 생합성시켜 유리 중금속의 농도를 낮추어 중금속에 대한 해독작용을 하는 것으로 알려져 있다.</p>",
                "context_length": 1317,
                "summary": "여러 가지 농도의 토양 속 납용액은 식물의 생장속도를 감소하게 하지만 줄기 속에 축적되는 납의 농도는 비례하여 증가하지 않는다는 것을 보여준다.",
                "clue": [
                    {
                        "clue_text": "여러 가지 농도의 납 용액을 첨가한 토양에서 생장한 애기장대의 줄기 내에 축적된 납 농도를 측정한 결과는 Fig. 1과 같다.",
                        "clue_start": "35",
                        "clue_end": "105"
                    },
                    {
                        "clue_text": "토양에 첨가한 납의 농도가 증가합에 따라 줄기 내에 축적된 납의 농도도 증가하였으나, 오염물질 배출기준농도 \\( (1 \\mathrm{mg} /1) \\) 와 이보다 10 배 높은 농도 \\( (10 \\mathrm{mg} /1) \\) , 50배 높은 농도 \\( (50 \\mathrm{mg} /1) \\)에서의 차이는 크지 않았다(Fig. 1",
                        "clue_start": "106",
                        "clue_end": "292"
                    },
                    {
                        "clue_text": "영양액만을 첨가한 토양에서 생장한 애기장대 정상식물의 줄기에 축적된 납의 농도와 비교하여 오염물질 배출기준농도와 이보다 10 배 높은 농도, 50배 높은 농도의 납을 첨가한 토양에서 생장한 애기장대의 줄기에 축적된 납의 농도는 농도별로 큰 차이없이 약 \\( 20 \\%-30 \\% \\) 증가하여 비교적 유사한 증가율을 나타내었다(Fig. 1)",
                        "clue_start": "295",
                        "clue_end": "485"
                    },
                    {
                        "clue_text": "또한 식물이 체내에 중금속이 축적되면 자체적으로 중금속 결합 단백질인 phytoche-latin을 생합성시켜 유리 중금속의 농도를 낮추어 중금속에 대한 해독작용을 하는 것으로 알려져 있다.",
                        "clue_start": "1208",
                        "clue_end": "1313"
                    }
                ],
                "terminology": [
                    {
                        "word": "Thlaspi caerulescens"
                    },
                    {
                        "word": "phytoche-latin"
                    },
                    {
                        "word": "금속 hyperaccumulator"
                    },
                    {
                        "word": "납 용액"
                    },
                    {
                        "word": "배출기준농도"
                    },
                    {
                        "word": "십자화과"
                    },
                    {
                        "word": "애기장대"
                    },
                    {
                        "word": "오염물질 배출기준농도"
                    },
                    {
                        "word": "카드뮴"
                    },
                    {
                        "word": "해독작용"
                    }
                ]
            },
            {
                "context_id": "55e-0c9-201018a3-6937-4994-a96e-73d3bc5e4af4",
                "context_K-NSCC": {
                    "field": "생명",
                    "large_category": "LA",
                    "medium_category": "05"
                },
                "context": "<h1>재료 및 방법</h1><h2>실힘재료</h2><p>애기장대(Arabidopsis thaliana) 종자(Col-O)는 미국 Ohio State University의 Arabidopsis Biological Resource Center(ABRC)에서 분양받아 실험재료로 사용하였으며, 애기장대에 처리한 납은 시판중인 표준용액(Kanto Chemical Co.)을 구입하여 사용하였다.</p><h2>재료식물의 재배</h2><p>애기장대 종자를 peat moss와 질석, 펄라이트가 각각 1: 1: 1 로 흔합된 인조 흙이 담긴 표판에 파종한 후 랩을 씌워 2일 동안 4\\(^ {\\circ} \\mathrm{ C } \\)에서 저온처리한 다음 growth chamber에 옮겨서 배양하였다. Growth chamber내의 환경조건은 16 시간의 명처리와 8시간의 암처리로 조정된 광주기하에서 온도는 \\( 22 \\pm 1^{\\circ} \\mathrm{C} \\) 로, 습도는 50-80%로 유지되도록 조절하여 주었다. 배양 약 2주 후면 싹이 나오는데 이때 랩을 제거하고 3-4일 마다 계속 수분상태를 점검하여 적절한 습도가 유지되도록 수시로 영양액을 공급하여 주었다.</p><h2>납 용액 처리</h2><p>애기장대 종자를 묘판에 파종한 후 growth chamber내에서 약 15일 정도 재배한 애기장대에 납을 3가지 농도로 각각 처리하였다. 환경부에서 고시한 오염물질 배출기준치 농도(1 \\( \\mathrm{mg} /1) \\) 와 이보다 10 배(10 \\( \\mathrm{mg} /1) \\) , 50배(50 \\( \\mathrm{mg} /1) \\) 높은 농도로 제조한 납 용액을 11 영양액에 첨가하여 사용하였으며, 대조구는 납 용액이 첨가되지 않은 영양액만을 사용하였다. 납용액 처리는 애기장대에 습도를 유지시키기 위하여 공급하여 주는 영양액에 납 용액을 농도별로 첨가하여 애기장대에 공급하여 주었다.</p><h2>식물체내 납 측정</h2><p>애기장대를 growth chamber에서 배양하는 동안 각각 다른 납 농도가 포함된 영양액과 납용액이 들어 있지 않은 영 양액을 3 ~ 4일 간격으로 \\( 250 \\mathrm{ml} \\)씩 묘판이 담긴 용기에 공급하여 45일간 배양한 후, 성체식물의 각 영양기관에 축적된 납의 농도는 원자흡광분광계(atomic absorption spectropho-tometer)를 사용하여 측정하였다. 애기장대 식물체에 묻어 있던 홁을 깨끗이 세척하여 물기를 말린 다음 줄기, 뿌리, 잎등을 분리하여 절단한 후 약 48시간 동안 동결 건조시킨 재료를 \\( 1 \\mathrm{g} \\) 씩 \\( 100 \\mathrm{ml} \\) 의 질산에 녹여서 시료를 만든 후 원자흡광분광계로 측정하였다.</p>",
                "context_length": 1360,
                "summary": "미국 ABRC에서 분양받은 애기장대 종자를 인조 흙이 담긴 묘판에 파종하고 재배하여 3가지 농도로 제조한 납 용액을 각각 처리하여 3 ~ 4일 간격으로 공급하고 45일 후 성체 식물에 축적된 납의 농도를 원자흡광분광계를 사용하여 측정하였다.",
                "clue": [
                    {
                        "clue_text": "애기장대(Arabidopsis thaliana) 종자(Col-O)는 미국 Ohio State University의 Arabidopsis Biological Resource Center(ABRC)에서 분양받아 실험재료로 사용하였으며, 애기장대에 처리한 납은 시판중인 표준용액(Kanto Chemical Co.)을 구입하여 사용하였다.",
                        "clue_start": "32",
                        "clue_end": "217"
                    },
                    {
                        "clue_text": "애기장대 종자를 peat moss와 질석, 펄라이트가 각각 1: 1: 1 로 흔합된 인조 흙이 담긴 표판에 파종한 후 랩을 씌워 2일 동안 4\\(^ {\\circ} \\mathrm{ C } \\)에서 저온처리한 다음 growth chamber에 옮겨서 배양하였다.",
                        "clue_start": "241",
                        "clue_end": "385"
                    },
                    {
                        "clue_text": "애기장대 종자를 묘판에 파종한 후 growth chamber내에서 약 15일 정도 재배한 애기장대에 납을 3가지 농도로 각각 처리하였다.",
                        "clue_start": "618",
                        "clue_end": "694"
                    },
                    {
                        "clue_text": "애기장대를 growth chamber에서 배양하는 동안 각각 다른 납 농도가 포함된 영양액과 납용액이 들어 있지 않은 영 양액을 3 ~ 4일 간격으로 \\( 250 \\mathrm{ml} \\)씩 묘판이 담긴 용기에 공급하여 45일간 배양한 후, 성체식물의 각 영양기관에 축적된 납의 농도는 원자흡광분광계(atomic absorption spectropho-tometer)를 사용하여 측정하였다.",
                        "clue_start": "977",
                        "clue_end": "1195"
                    }
                ],
                "terminology": [
                    {
                        "word": "Arabidopsis"
                    },
                    {
                        "word": "growth chamber"
                    },
                    {
                        "word": "peat"
                    },
                    {
                        "word": "spectropho-tometer"
                    },
                    {
                        "word": "광주기"
                    },
                    {
                        "word": "납 용액"
                    },
                    {
                        "word": "대조구"
                    },
                    {
                        "word": "시료"
                    },
                    {
                        "word": "암처리"
                    },
                    {
                        "word": "양액"
                    },
                    {
                        "word": "원자흡광분광계"
                    },
                    {
                        "word": "질산"
                    },
                    {
                        "word": "펄라이트"
                    },
                    {
                        "word": "표준용액"
                    }
                ]
            },
            {
                "context_id": "55e-0c9-merge_2_8a2ae4d1-2f2fc66c-fe2d-405a-ab87-da13eb224a47_04",
                "context_K-NSCC": {
                    "field": "생명",
                    "large_category": "LA",
                    "medium_category": "05"
                },
                "context": "<h2>식물체내 납 농도</h2> <p>여러 가지 농도의 납 용액을 첩가한 토양에서 생장한 애기장대의 식물체 내에 축적된 납 농도를 측정한 결과, 토양에 첨가한 납의 농도가 증가함에 따라 식물체 내에 축적된 납의 농도도 증가하는 경향을 나타내고 있었는데, 특히 오염물질 배출기준농도보다 50 배 높은 농도에서는 매우 높은 증가를 나타내었다(Fig. 5). 오엽물질 배출기준농도 \\( (1 \\mathrm { mg } / 1) \\)와 이보다 10 배 높은 농도 \\( (10 \\mathrm { mg } / 1) \\) 의 납 용액을 첨가한 토양에서 생장한 애기장대 식물체 내에 축적된 납의 농도는 납 용액이 첨가되지 않은 토양에서 생장한 정상식물체에 축적된 납 농도보다 평균 약 \\( 57 \\% \\) 증가율을 나타내어 약 0.6 배 증가하였다. 반면 오염물질 배출기준농도보다 50 배 높은 농도 \\( (50 \\) \\( \\mathrm { mg } /1) \\) 의 납 용액을 첨가한 토양에서 생장한 애기장대 식물체내에 축적된 납의 농도는 정상식물체보다 약 \\( 258 \\% \\) 의 높은 증가율올 나타내어 약 2.6 배 가량 증가하였음을 보여주고있다.</p> <h1>요약</h1> <p>3 가지 농도의 납율 첨가한 토양에서 생장한 애기장대 (Arabidopsis thaliana)에서 식물체에 축적된 납의 농도를 조사하였다. 환경부 고시 오염물질 배출기준 농도 \\( (1 \\mathrm { mg } /1) \\) 와 10배 높은 농도 \\( (10 \\mathrm { mg } /1) \\) 및 50 배 높은 농도 \\( (50 \\mathrm { mg } /1) \\) 의 납이 첨가된 토양에서 생장한 식물의 줄기에 축적된 납의 농도는 3 가지 농도에서 증가율이 유사하게 나타났으며, 정상식물 줄기에 비하여 평균 약 \\( 24 \\% \\) 증가하였다. 3 가지 농도의 납이 첨가된 토양에서 생장한 식물의 잎에 축적된 납의 농도는 정상식물 잎에 비하여 평균 약 \\( 57 \\% \\) 증가하였으며, 줄기와 마찬가지로 토양에 첨가된 납의 농도 증가에 따라 잎에 축적된 납의 농도는 유의한 차이는 나타나지 않았으며 증가율도 유사하였다. 반면 오염물질 배출기준 농도와 10 배 높은 농도의 납이 첨가된 토양에서 생장한 식물의 뿌리에 축적된 납의 농도는 정상식물 뿌리에 비하여 평균 약 \\( 114 \\% \\) 증가하였으나, 50 배 높은 농도에서는 약 \\( 861 \\% \\) 종가하여 줄기나 잎과는 대조적인 결과를 나타내었다. 토양 속에 첨가된 납의 농도가 증가하면 애기장대 식물체 내에 축직된 납의 농도도 증가하였는데, 특히 오염물질 배출기준농도보다 50 배 높은 납이 첨가된 토양에서 생장한 식물체내에 축적된 납 농도는 정상식물보다 약 2.6 배 증가하였다. 이러한 결과는 토양 속에 오염된 납은 식물의 줄기나 잎보다는 뿌리에 더 많이 축적되며, 줄기와 잎에 축적되는 납 농도는 토양 속에 오염된 납 농도에 비례하여 증가하지 않으나 뿌리에서는 농도에 비례하여 매우 증가하였음을 나타내고 있다.</p>",
                "context_length": 1494,
                "summary": "토양에 첨가한 납의 농도가 증가함에 따라 식물체 내에 축적된 납 농도도 증가하는 경향이 나타났으며, 오염물질 배출기준농도(1mg/1)와 10배 높은 농도(10mg/1)의 납 용액을 첨가한 토양에서 생장한 애기장대 식물체 내에 축적된 납의 농도는 0.6배 증가하였고, 50배 높은 농도(50mg/1)의 납 용액을 첨가한 토양에서 생장한 애기장대 식물체 내에 축적된 납의 농도는 2.6배 증가하였다.",
                "clue": [
                    {
                        "clue_text": "여러 가지 농도의 납 용액을 첩가한 토양에서 생장한 애기장대의 식물체 내에 축적된 납 농도를 측정한 결과, 토양에 첨가한 납의 농도가 증가함에 따라 식물체 내에 축적된 납의 농도도 증가하는 경향을 나타내고 있었는데, 특히 오염물질 배출기준농도보다 50 배 높은 농도에서는 매우 높은 증가를 나타내었다(Fig.",
                        "clue_start": "22",
                        "clue_end": "194"
                    },
                    {
                        "clue_text": "오엽물질 배출기준농도 \\( (1 \\mathrm { mg } / 1) \\)와 이보다 10 배 높은 농도 \\( (10 \\mathrm { mg } / 1) \\) 의 납 용액을 첨가한 토양에서 생장한 애기장대 식물체 내에 축적된 납의 농도는 납 용액이 첨가되지 않은 토양에서 생장한 정상식물체에 축적된 납 농도보다 평균 약 \\( 57 \\% \\) 증가율을 나타내어 약 0.6 배 증가하였다.",
                        "clue_start": "199",
                        "clue_end": "412"
                    },
                    {
                        "clue_text": "반면 오염물질 배출기준농도보다 50 배 높은 농도 \\( (50 \\) \\( \\mathrm { mg } /1) \\) 의 납 용액을 첨가한 토양에서 생장한 애기장대 식물체내에 축적된 납의 농도는 정상식물체보다 약 \\( 258 \\% \\) 의 높은 증가율올 나타내어 약 2.6 배 가량 증가하였음을 보여주고있다.",
                        "clue_start": "413",
                        "clue_end": "582"
                    }
                ],
                "terminology": [
                    {
                        "word": "납 용액"
                    },
                    {
                        "word": "생장한 애기장대"
                    },
                    {
                        "word": "식물체"
                    },
                    {
                        "word": "오염물질 배출기준농도"
                    },
                    {
                        "word": "정상식물체"
                    },
                    {
                        "word": "증가율"
                    }
                ]
            },
            {
                "context_id": "55e-0c9-c858d582-1e43-4b8b-8860-6737a0c41532",
                "context_K-NSCC": {
                    "field": "생명",
                    "large_category": "LA",
                    "medium_category": "05"
                },
                "context": "<h1>서 론</h1><p>오늘날 현대사회는 고도의 산업화로 인하여 공장에서 배출되는 각종 중금속류가 함유된 계기물과 폐수가 급속히 증가하여 생태계의 오염을 가중시키고 있다. 중금속에 의한 수질, 대기 및 토양 둥의 환경오염은 생물계에 중대한 영향을 미친다. 중금속에 의한 이러한 환경오염이 위험한 것은 특히인체의 경우 미량이라도 체내에 축적되면 잘 배설되지 않고 장기간에 걸쳐 부작용을 나타내기 때문이다. 중금속은 비중이 4 ~ 5 이상인 금속을 말하는데, 수은, 납, 카드뮴 등과같이 환경오염물질로서 생체에 해로운 영향을 미치는 금속을 유해중금속이라 한다. 중금속은 생체내로 흡수되면 생체내 물질과 결합하여 잘 분해 되지 않는 유기복합체를 형성하기 때문에 몸 밖으로 빨리 배출되지 않고 간장, 신장 등의 실질장기나 뼈에 축적된다. 톡히 비소 (As), 수은(Hg), 납 (Pb), 카드늄(Cd), 크롬(Cr) 등은 낮은 농도에서도 건강장해를 유발할 가능성이 있는 물질이다. 납은 우리 생활환경과 밀접한 관계가 있는데, 납이 우리 체내에 들어오는 경우는 호흡기, 소화기 그리고 피부로 구분된다. 체내에 들어온 납은 들어온 경로에 관계없이 혈액에 흡수된 후 혈액 및 간, 콩팔과 갇은 연부조직에 충 훕수된 납의 \\(5\\%\\) 미만만 남아 있고, 흡수된 납의 대부분(\\(90\\%\\) 이상)이 뼛속에 저장된다. 뼛속의 납은 물렁뼈에 약 \\(20-30\\%\\) 그리고 나머지가 정강이뼈 같은 딱딱한 뼈에 저장된다. 혈액의 납은 활성화된 상태로 조혈기관과 체내의 여러 장기에 직접적인 영향을 주는 반면 뺏속의 납은 비활성화된 상태로 비교적 안정된 상태로 오랫동안 저장된다. 혈액의 납은 체내에 남아있는 반감기가 짧아 약 3-6주 정도밖에 안되지만 뺏속의 납, 특히 경골의 경우 반감기가 10년이 넘는 경우가 많다. 중금속이 식물의 생장에 미치는 영향은 다양하다. 크롬, 카드뭄, 구리 등의 중금속은 식물 생장과 종자발아에 커다란 영향을 미치는 것으로 보고되었다. 중금속이 식물의 광합성 기능과 기공 기작에 손상을 주는 것과 같은 심각한 증상들이 나타남에 따라 이러한 중금속 오염을 감소시키거나 오염된 환경으로부터 중금속을 제거시키고자하는 연구들이 활발하게 진행되고 있다. 최근에는 십자화과 식물 중 배추속(Brassica)식물과 Thlaspi caerulescens 및 벼과 식물인 Agrostis capillaris, Festuca rubra율 이용하여 오염 된 토양에서 카드뮴, 구리, 아연, 납 등과 같은 중금속을 제거하려는 연구가 많이 이루어지고 있다. 애기장대(Arabidopsis thaliana)는 십자화과 장대나물속의 일년생 초본식물로서 식물체 전체의 유전자 지도가 완성된 최초의 고등식물이며, 6-8주의 짧은 생활사를 가지고 있어서 식물학의 여러 분야에서 모델식물로 광범위하게 이용되고 있다. 저자는 애기장대의 이런 장점을 이용하여 구리,납, 크롬, 카드뮵 둥의 중금속이 애지장대의 생장과 종자발아에 미치는 영향을 연구하여 보고한 바 있다. 그러나 이러한 중금속에 노출된 식물에서 식물체 내의 각 영양기관에 축적된 중금속의 농도를 측정한 연구견과는 아직 보고된 바 없다. 따라서 본 연구는 이전 연구의 후속연구로 환경부고시 오염물질 배출기준농도와 이보다 10배, 50배 높은 농도외 납을 첨가한 토양에서 생장한 애기장대 식물체의 줄기, 뿌리,잎 등 각 영양기관에 축적된 납의 농도를 조사하여 고등식물의 생장에 어떠한 영향을 미치는지를 연구하였다. 이러한 연구는 토양 속에 오염된 중금속 농도와 식물체 내에 축적된 중금속 농도와의 연관성과 식물체 각 영양기관에 축적되 중금속이 실제로 식물체의 생장에 어떠한 영향을 미치는지를 유추할 수 있게 하며, 중금속에 내성을 가지는 식물의 연구 또는 식물체를 이용한 중금속 제거에 대한 기초적인 자료를 제공하게 될 것이다.</p>",
                "context_length": 1889,
                "summary": "중금속은 생체내로 흡수되면 생체내 물질과 결합하여 잘 분해 되지 않는 유기복합체를 형성, 몸 밖으로 빠르게 배출되지 않고 장기나 뼈에 축적되며 구리, 크롬, 카드뭄 등의 중금속은 식물 생장과 종자발아에 큰 영향을 주므로 본 연구는 환경부고시 오염물질 배출기준 10배, 50배 높은 농도의 납을 첨가한 토양에서 생장한 애기장대 식물체의 잎, 줄기, 뿌리 등 각 기관에 축적된 납의 농도를 조사하여 납이 고등식물의 생장에 주는 영향을 연구하였다.",
                "clue": [
                    {
                        "clue_text": "중금속은 생체내로 흡수되면 생체내 물질과 결합하여 잘 분해 되지 않는 유기복합체를 형성하기 때문에 몸 밖으로 빨리 배출되지 않고 간장, 신장 등의 실질장기나 뼈에 축적된다.",
                        "clue_start": "314",
                        "clue_end": "410"
                    },
                    {
                        "clue_text": "중금속이 식물의 생장에 미치는 영향은 다양하다.",
                        "clue_start": "899",
                        "clue_end": "925"
                    },
                    {
                        "clue_text": "크롬, 카드뭄, 구리 등의 중금속은 식물 생장과 종자발아에 커다란 영향을 미치는 것으로 보고되었다.",
                        "clue_start": "926",
                        "clue_end": "981"
                    },
                    {
                        "clue_text": "따라서 본 연구는 이전 연구의 후속연구로 환경부고시 오염물질 배출기준농도와 이보다 10배, 50배 높은 농도외 납을 첨가한 토양에서 생장한 애기장대 식물체의 줄기, 뿌리,잎 등 각 영양기관에 축적된 납의 농도를 조사하여 고등식물의 생장에 어떠한 영향을 미치는지를 연구하였다.",
                        "clue_start": "1556",
                        "clue_end": "1709"
                    }
                ],
                "terminology": [
                    {
                        "word": "Agrostis capillaris"
                    },
                    {
                        "word": "Festuca rubra"
                    },
                    {
                        "word": "Thlaspi caerulescens"
                    },
                    {
                        "word": "경골"
                    },
                    {
                        "word": "고등식물"
                    },
                    {
                        "word": "광합성"
                    },
                    {
                        "word": "구리"
                    },
                    {
                        "word": "기공"
                    },
                    {
                        "word": "기작"
                    },
                    {
                        "word": "모델식물"
                    },
                    {
                        "word": "반감기"
                    },
                    {
                        "word": "비소"
                    },
                    {
                        "word": "비활성화"
                    },
                    {
                        "word": "생물계"
                    },
                    {
                        "word": "생장한 애기장대"
                    },
                    {
                        "word": "식물체"
                    },
                    {
                        "word": "신장"
                    },
                    {
                        "word": "십자화과 식물"
                    },
                    {
                        "word": "연부조직"
                    },
                    {
                        "word": "유전자 지도"
                    },
                    {
                        "word": "유해중금속"
                    },
                    {
                        "word": "정강"
                    },
                    {
                        "word": "종자발아"
                    },
                    {
                        "word": "중금속 오염"
                    },
                    {
                        "word": "중금속류"
                    },
                    {
                        "word": "초본식물"
                    },
                    {
                        "word": "카드뮴"
                    },
                    {
                        "word": "활성화"
                    }
                ]
            },
            {
                "context_id": "55e-0c9-merge_2_8a2ae4d1-2f2fc66c-fe2d-405a-ab87-da13eb224a47_03",
                "context_K-NSCC": {
                    "field": "생명",
                    "large_category": "LA",
                    "medium_category": "05"
                },
                "context": "<h2>잎 납 농도</h2> <p>여러 가지 농도의 납 용액을 첨가한 토양에서 생장한 애기장대의 잎 내에 축적된 납 농도를 측정한 결과는 Fig. 2와 같다. 오염물질 배출기준농도 \\( (1 \\mathrm { mg } / 1) \\) 와 이보다 10 배 높은 농도 \\( (10 \\mathrm { mg } / \\mathrm { l } ), 50 \\) 배 높은 농도 \\( (50 \\mathrm { mg } / \\mathrm { l } ) \\)의 납을 첨가한 토양에서 생장한 애기장대의 잎에 축적된 납의 농도는 영양액만을 첨가한 토양에서 생장한 애기장대 정상식물의 잎에 축적된 납의 농도와 비교하여 약 \\( 45 \\%-60 \\% \\) 증가하여 농도별로 큰 차이가 없는 비교적 유사한 중가율을 나타내었다(Fig. 2). 이러한 결과는 납을 각 농도별로 처리한 애기장대의 전체적인 잎 생장을 정상 식물의 잎 생장과 비교., 관찰한 연구에서 오염물질 배출기준 농도와 이보다 10배 높은 농도 및 50배 높은 농도에서의 잎 생장이 정상식물의 잎 생장과 비교하여 차이가 거의 관찰되지 않았다는 연구보고와 일치하는 결과이다. 이러한 연구보고는 토양 속에 천가한 납의 농도가 증가함에 따라 애기장대의 잎 생장은 정상식물의 잎 생장과 비교하여 큰 차이가 없음을 보여준다. 이와 같은 연구보고와 본 실험결과는 토양 속에 오염된 납의 농도가 증가함에 따라 애기장대의 읶 생장은 거의 변화가 없으며 잎 속에 축적되는 납의 농도 또한 농도에 비례하여 중가하지 않았음을 나타내고 있다. 한편 니켈hyperaccumulator인 Psychotrisdouarrei의 잎은 nonaccumulator인 Ficus webbianai 잎보다 약 180 배나 더 밚은 니켈을 축적하고 있으며, 또한 아연, 크롬,코발트, 납은 각각 2.5 배, 1.5배, 1.3 배, 6.5배 더 높은 농도를 가지고 있었다는 연구보고도 있다.</p> <h2>뿌리 납 농도</h2> <p>여러 가지 농도의 납 용액을 첨가한 토양에서 생장한 애기장대의 뿌리 내에 축적된 납 농도를 측정한 결과는 Fig. 3과 같다. 토양에 첨가한 남외 농도가 증가함에 따라 뿌리 내에 축적된 납의 농도도 증가하는 경향을 나타내고 있었는데, 특히 오염물진 배출기준농도보다 50 배 높은 농도에서는 비약직인 증가를 나타내었다. 영양액만을 첨가한 토양에서 생장한 애기장대 정상식물의 뿌리에 축적된 납의 농도와 비교하여 오염물질 배출기준농도 \\( (1 \\mathrm { mg } /1) \\) 와 이보다 10 배 높은 농도 \\( (10 \\mathrm { mg } /1) \\) 의 납을 첨가한 토양에서 생장한 애기장대의 뿌리에 축직된 납의 농도는 각각 약 \\( 100 \\%, 128 \\% \\) 증가하였다(Fig. 3). 반면 오염물질 배출기준농도보다 50 배 높은 농도(50 \\( \\mathrm { mg } / 1) \\) 의 납을 첨가한 토양에서 생장한 애기장대의 뿌리에 축적된 납의 농도는 정상식물의 뿌리와 비교하여 약 \\( 861 \\% \\) 라는 놀라운 증가율을 나타내었다(Fig. 3). 이것은 여러 가지 농도의 납 용액을 애기장대에 처리하였을 때 뿌리 생장에 미치는 영향을 조사한 결과(Fig. 4)와는 상반되는 결과이다. 애기장대의 뿌리 길이를 측정한 결과, 오염물질 배출기준 농도인 \\( 1 \\mathrm { mg } / 1 \\) 에서는 정상식물의 뿌리 길이와 거의 유사한 생장을나타내었고, 이보다 10 배 높은 농도인 \\( 10 \\mathrm { mg } /1 \\) 에서는 정상식물의 뿌리보다 약 \\( 5 \\% \\) 정도 생장이 감소하였으나, 50 배 높은 농도인 \\( 50 \\mathrm { mg } /1 \\) 를 처리한 식물에서는 정상식물보다 약 \\( 10 \\% \\) 뿌리 생장이 감소하였다(Fig. 4). 이러한 결과는 오염물질 배출기준농도의 납 농도에서는 뿌리 생장이 정상식물의 뿌리 생장과 거의 차이가 없었으나, 납 농도가 증가할수록 비례하여 뿌리 생장이 다소 감소되었음을 나타내고 있다. 이 와 같은 결과들은 토양 속에 오엽된 납의 농도가 증가함에 따라 뿌리 속에 축적되는 납의 농도는 매우 증가하였으나 이것이 뿌리의 생장에는 크게 영향을 미치지는 않았음을 나타내고 있다. 이것은 뿌리가 토양으로부터 영양분을 흡수하는 과정에서 뿌리표면은 영양분뿐만 아니라 많은 오염물과 결합하기 때문일 것으로 생각된다. 인디안 겨자(Brassica jun-cea) 는 뿌리조직 속에 카드뮴, 니켈, 납 등을 액체배지에서보다 500 배 높은 농도까지 축적할 수 있으며, 해바라기 뿌리는 우라늄으로 오염된 물로부터 우라늄을 30,000배 농축하였고, 담배 뿌리는 \\( 1-5 \\mathrm { ppm } \\) 수은이 포함된 액체배지에 노출되었을 때 배지속의 수은 농도를 거의 100 배 정도 감소시켰다는 보고도 있다.</p>",
                "context_length": 2373,
                "summary": "오염물질 배출기준농도와 10배 높은 농도, 50배 높은 농도의 납을 첨가한 토양에서 생장한 애기장대의 잎에 축적된 납의 농도는 영양액만 첨가한 토양에서 생장한 대조군의 잎에 축적된 납의 농도와 비교해 약 45%-60% 증가해 농도별로 별 차이 없이 비교적 유사한 증가율을 나타냈고, 이는 토양속 납의 농도가 증가함에 따라 애기장대의 잎 생장 추이와 축적되는 납의 농도가 농도에 비례해 거의 변화가 없었음을 의미한다. 반면 애기장대의 뿌리 내에 축적된 납의 농도는 토양에 첨가한 납의 농도가 증가할 때마다 비례해서 함께 증가했는데, 특히 오염물진 배출기준농도보다 50 배 높은 농도에서는 비약직인 증가를 보였다. 다만 뿌리의 생장 자체에는 큰 영향을 미치지 않았다.",
                "clue": [
                    {
                        "clue_text": "오염물질 배출기준농도 \\( (1 \\mathrm { mg } / 1) \\) 와 이보다 10 배 높은 농도 \\( (10 \\mathrm { mg } / \\mathrm { l } ), 50 \\) 배 높은 농도 \\( (50 \\mathrm { mg } / \\mathrm { l } ) \\)의 납을 첨가한 토양에서 생장한 애기장대의 잎에 축적된 납의 농도는 영양액만을 첨가한 토양에서 생장한 애기장대 정상식물의 잎에 축적된 납의 농도와 비교하여 약 \\( 45 \\%-60 \\% \\) 증가하여 농도별로 큰 차이가 없는 비교적 유사한 중가율을 나타내었다(Fig. 2).",
                        "clue_start": "89",
                        "clue_end": "397"
                    },
                    {
                        "clue_text": "이와 같은 연구보고와 본 실험결과는 토양 속에 오염된 납의 농도가 증가함에 따라 애기장대의 읶 생장은 거의 변화가 없으며 잎 속에 축적되는 납의 농도 또한 농도에 비례하여 중가하지 않았음을 나타내고 있다.",
                        "clue_start": "644",
                        "clue_end": "758"
                    },
                    {
                        "clue_text": "토양에 첨가한 남외 농도가 증가함에 따라 뿌리 내에 축적된 납의 농도도 증가하는 경향을 나타내고 있었는데, 특히 오염물진 배출기준농도보다 50 배 높은 농도에서는 비약직인 증가를 나타내었다.",
                        "clue_start": "1038",
                        "clue_end": "1144"
                    },
                    {
                        "clue_text": "반면 오염물질 배출기준농도보다 50 배 높은 농도(50 \\( \\mathrm { mg } / 1) \\) 의 납을 첨가한 토양에서 생장한 애기장대의 뿌리에 축적된 납의 농도는 정상식물의 뿌리와 비교하여 약 \\( 861 \\% \\) 라는 놀라운 증가율을 나타내었다(Fig. 3).",
                        "clue_start": "1361",
                        "clue_end": "1513"
                    },
                    {
                        "clue_text": "이 와 같은 결과들은 토양 속에 오엽된 납의 농도가 증가함에 따라 뿌리 속에 축적되는 납의 농도는 매우 증가하였으나 이것이 뿌리의 생장에는 크게 영향을 미치지는 않았음을 나타내고 있다.",
                        "clue_start": "1972",
                        "clue_end": "2075"
                    }
                ],
                "terminology": [
                    {
                        "word": "Brassica jun-cea"
                    },
                    {
                        "word": "Ficus webbianai 잎"
                    },
                    {
                        "word": "Psychotrisdouarrei"
                    },
                    {
                        "word": "hyperaccumulator"
                    },
                    {
                        "word": "nonaccumulator"
                    },
                    {
                        "word": "납 용액"
                    },
                    {
                        "word": "니켈"
                    },
                    {
                        "word": "뿌리조직"
                    },
                    {
                        "word": "생장"
                    },
                    {
                        "word": "생장한 애기장대"
                    },
                    {
                        "word": "아연"
                    },
                    {
                        "word": "애기장대"
                    },
                    {
                        "word": "액체배지"
                    },
                    {
                        "word": "오염물질 배출기준농도"
                    },
                    {
                        "word": "인디안 겨자"
                    },
                    {
                        "word": "천가"
                    },
                    {
                        "word": "카드뮴"
                    },
                    {
                        "word": "코발트"
                    },
                    {
                        "word": "크롬"
                    }
                ]
            }
        ]
    }
}