{
    "dataset_info": {
        "identifier": "02-031-002-NL",
        "name": "기술과학 문서 요약 데이터",
        "category": "자연어",
        "last_updated": "2023-08-30"
    },
    "dataset": {
        "doc_id": "8a2ae4d1-3f39e22f-b4a1-4ab3-9bb9-a5c897b5d416",
        "doc_type": "논문",
        "doc_title": {
            "kor": "미생물 생촉매를 이용한 Trichloroethylene 연속처리용 생물반응기 시스템 평가",
            "eng": ""
        },
        "doc_category": {
            "KDC": "470.5",
            "DDC": ""
        },
        "doc_number": {
            "ISSN": "1225-9918",
            "ISBN": "",
            "DOI": "",
            "UCI": ""
        },
        "doc_year": "2003",
        "doc_author": [
            "이은열"
        ],
        "doc_publisher": "한국생명과학회",
        "doc_license": "CC BY",
        "context_info": [
            {
                "context_id": "55e-0c9-d012bf21-d13a-4e31-99fd-0c7bfda6ba1b",
                "context_K-NSCC": {
                    "field": "생명",
                    "large_category": "LA",
                    "medium_category": "08"
                },
                "context": "<h1>결과 및 토론</h1> <h2>미생물 생촉매 분해능 및 특성 평가</h2> <p>TCE 분해용 생촉매로 가장 많이 사용되는 미생물로는 Burkholderia cepacia G4와 Methylosinus trichosporium OB3b가 있다. Burkholderia cepacia G4와 다양한 pseudomonads 계열의 미생물들은 toluene, phenol 등을 성장기질로 제공하면 TCE 분해능이 있는 toluene monooxygenase (TMO)가 유도발현되며, TMO는 분해대사과정의 첫 번째 산화반응에서 기질과 함께 TCE를 공동대사로 분해한다. B.cepacia G4 유래 TMO의 TCE에 대한 최대 분해속도 \\( \\left(\\mathrm{V}_{\\mathrm{max}}\\right) \\)와 기질 친화도 \\( \\mathrm{K}_{\\mathrm{m}} \\)은 각각 \\( 10 \\sim 20 \\mathrm{nmol} / \\mathrm{min} \\cdot mg~ protein\\) 과 \\( 3 \\sim 10~ \\mu \\mathrm{M} \\)이다. Methane monooxygenase (MMO)는 메탄을 메탄올로 산화시킬 때 공동대사적으로 TCE를 산화시킨다. M. trichosporium OB3b는 배지내에 구리이온이 결핍된 조건에서 TCE 분해능이 우수한 soluble MMO가 생성되며, M. trichosporium OB3b의 \\( \\mathrm{V}_{\\max } \\) 및 \\( \\mathrm{K}_{\\mathrm{m}} \\)은 각각 \\( 450 \\mathrm{nmol} / \\mathrm{min} \\cdot \\mathrm{mg~ protein} \\) 및 \\( 45~ \\mu \\mathrm{M} \\) 수준이다.</p> <p>B. cepacia G4와 M. trichosporium OB3b의 TCE 생분해능 및 특성을 평가해 보면, \\( \\mathrm{V}_{\\max } \\)는 M. trichosporium OB3b가 10 배정도 높아 고농도의 TCE를 함유하고 있는 산업폐가스 처리에는 M. trichosporium OB3b가 효율적으로 사용될 수 있음을 알 수 있다. 반면에 \\( \\mathrm{K}_{\\mathrm{m}} \\)값 역시 M. trichosporium OB3b의 경우 \\( 145~ \\mu \\mathrm{~M} \\)로 B. cepacia G4의 \\( 3 \\sim 10~ \\mu \\mathrm{~M} \\)에 비해 높아 오히려 낮은 농도의 TCE 처리에는 B. cepacia G4가 효과적으로 사용될 수 있다. B. cepacia G4는 TCE 독성에 덜 민감하기도 하고, 성장속도가 M. trichosporium OB3b에 비해 빠르므로 생분해능 재활성이 용이하다는 장점도 있으므로 낮은 농도의 TCE 처리에 이용될 수 있을 것으로 평가할 수 있다.</p> <h2>공동대사를 이용한 TCE 처리에서의 문제점</h2> <p>미생물은 TCE를 성장기질로 사용하지 못하므로 다른 성장기질이 TMO 또는 sMMO에 의해 산화될 때 같이 산화되는 공동대사 과정을 거쳐야만 분해될 수 있다. 그러나, 이러한 공동대사는 공급되는 성장기질과 TCE 사이에 심한 경쟁저해가 유발되어 TCE 생분해 속도가 저하되어 반응기 효율이 낮아질 수 있다.</p> <p>이러한 기질 경쟁저해를 막기 위하여 성장기질을 공급하지 않는 경우 TCE 분해과정에서 TCE 및 독성 분해산물에 의해 TMO 또는 sMMO의 활성 저하와 세포 활성 저하가 일어나 시간이 경과함에 따라 TCE 분해 효율이 급격히 감소된다. TCE와의 경쟁적 저해를 최소화하는 최적 농도의 성장기질을 공급하여 TCE 분해능 및 반응기 운전 안정성을 향상시킨 연구 결과들이 보고되었으나, 장기간 동안 TCE를 처리할 수는 없었다. 이러한 문제점을 구복할 수 있는 반응기 시스탬으로 parallel TBF system을 늘 수 있다. 이 시스템은 두 개의 TBF 반응기를 병렬로 연결하여, 한 쪽 TBF에서 TCE론 처리하는 동안 다른 쪽 TBF에서는 불활성화된 미생물막을 재활성화시키고, 이와 간은 반옹기 운전을 교대로 반복적으로 운영함으로써 TCE 제거효율을 안정적으로 약 \\( 50 \\% \\)이상 유지할 수 있었으며, 비표적 낮은 농도 \\( \\left(2 \\sim 4 \\mathrm{ppm}_{\\mathrm{v}}\\right) \\)에서는 \\( 100 \\% \\) 수준의 처리효율을 안정적으로 얻은 결과가 보고되었다. 그러나, 이 시스템은 처리효율이 낮은 편이기 때문에 보다 높은 처리 효울을 가지면서 공동대사의 상반적 특성을 해결할 수 있는 반응기 시스템 개발이 필요하다고 평가할 수 있다.</p> <h2>2단계 CSTR/TBF 시스템을 이용한 연속적 TCE 처리기술 평가</h2> <p>일반적으로 산업체에서 발생하는 폐가스는 연속적으로 배출되며 농도가 높은 편이므로 장기간 안징되게 높은 농도의 TCE률 처리할 수 있는 생물반응기 시스템 개발이 요구되고 있다. 이러한 목적에 부합될 수 있는 반응기 시스템이 2단계 CSTR/TBF 시스템이라고 할 수 있다. 2단계 CSTR/TBF 시스템은 TCE 분해를 위한 TBF uint와 TCE 분해과정에서 불활성화된 생촉매를 재활성화시키는 CSTR을 연결시킨 시스템이다. 폐가스에 포함된 TCE는 공기와 함께 공급되면서 TBF 단위 반응기에서 미생물막에 의해 분해된다. 분해과정에서 불활성화된 생촉매는 유일탄소원으로 phenol(for B. cepacia) 또는 methane(for M. trichosporium)과 다른 배지 성분이 공급되는 CSTR에서 재활성화된 다음 다시 TBF 단위 반응기로 재순환될 수 있도록 구성되어 있다. 성장기질은 CSTR반응기에만 공급되고 TBF에는 공급되지 않으므로 경쟁저해 현상을 막을 수 있어 TCE 분해 효율을 높일 수 있다.</p> <p>B. cepacia를 생촉매로 사용한 2단계 CSTR/TBF 시스템의 성능을 평가해 보면, 유입부 TCE 농도가 \\( 15 \\mathrm{~ppm}_{\\mathrm{v}} \\) 수준의 고농도에서도 \\( 100 \\% \\) 수준의 처리능력을 보여주고 있음을 알 수 있다. 유입부 TCE 농도가 \\( 18 \\mathrm{~ppm}_{\\mathrm{v}} \\) 수준에서는 CSTR에서 TBF로 공급되는 세포 배양액 순환속도를 \\( 40 \\mathrm{~ml} / \\mathrm{min} \\)로 높여주거나, 또는 EBRT(empty bed residence time)를 \\( 9.8 \\mathrm{~min} \\)으로 높이면 \\( 18 \\mathrm{~ppm}_{\\mathrm{v}} \\) 수준의 유입 TCE 농도.에서도 \\( 100 \\% \\)의 효율을 얻을 수 있었다. 반응기 운전 기간과 관련하여 기존 연구 결과와 비교해 보면, 1단계 TBF는 수일 정도만 안정되게 운전되는 반면, 2단계 CSTR/TBF 시스템은 3개월 이상의 상기간 운전에서도 안정된 TCE 처리효율을 보여 주고 있어 연속적인 TCE 처리가 가능한 시스템으로 평가할 수 있다.</p>",
                "context_length": 3451,
                "summary": "B. cepacia G4와 M. trichosporium OB3b의 TCE 생분해능을 조사한 결과, M. trichosporium OB3b의 최대 반응속도(\\( \\mathrm{V}_{\\max } \\))가 약 10배 높아 고농도 TCE를 처리하는데 더 적합함을 확인하였다. TCE는 미생물에게는 성장기질로 사용될 수 없으며, TMO 또는 sMMO에 의한 산화 공동대사 과정을 필요로 한다. 그러나, 이 과정은 TCE의 생분해 속도를 저하시킬 수 있는데, 이는 공급되는 성장기질과 TCE 사이의 경쟁 저해 때문이다. 2단계 CSTR/TBF 시스템은 TCE를 분해하는 TBF 유닛과 불활성화된 생촉매를 재활성화시키는 CSTR로 구성되어 있으며, 이 시스템은 3개월 이상 안정적으로 운영되어 TCE 처리에 효과적임을 보여준다.",
                "clue": [
                    {
                        "clue_text": "B. cepacia G4와 M. trichosporium OB3b의 TCE 생분해능 및 특성을 평가해 보면, \\( \\mathrm{V}_{\\max } \\)는 M. trichosporium OB3b가 10 배정도 높아 고농도의 TCE를 함유하고 있는 산업폐가스 처리에는 M. trichosporium OB3b가 효율적으로 사용될 수 있음을 알 수 있다.",
                        "clue_start": "875",
                        "clue_end": "1070"
                    },
                    {
                        "clue_text": "미생물은 TCE를 성장기질로 사용하지 못하므로 다른 성장기질이 TMO 또는 sMMO에 의해 산화될 때 같이 산화되는 공동대사 과정을 거쳐야만 분해될 수 있다.",
                        "clue_start": "1444",
                        "clue_end": "1532"
                    },
                    {
                        "clue_text": "그러나, 이러한 공동대사는 공급되는 성장기질과 TCE 사이에 심한 경쟁저해가 유발되어 TCE 생분해 속도가 저하되어 반응기 효율이 낮아질 수 있다.",
                        "clue_start": "1533",
                        "clue_end": "1615"
                    },
                    {
                        "clue_text": "2단계 CSTR/TBF 시스템은 TCE 분해를 위한 TBF uint와 TCE 분해과정에서 불활성화된 생촉매를 재활성화시키는 CSTR을 연결시킨 시스템이다.",
                        "clue_start": "2494",
                        "clue_end": "2580"
                    },
                    {
                        "clue_text": "반응기 운전 기간과 관련하여 기존 연구 결과와 비교해 보면, 1단계 TBF는 수일 정도만 안정되게 운전되는 반면, 2단계 CSTR/TBF 시스템은 3개월 이상의 상기간 운전에서도 안정된 TCE 처리효율을 보여 주고 있어 연속적인 TCE 처리가 가능한 시스템으로 평가할 수 있다.",
                        "clue_start": "3292",
                        "clue_end": "3447"
                    }
                ],
                "terminology": [
                    {
                        "word": "Burkholderia cepacia"
                    },
                    {
                        "word": "CSTR"
                    },
                    {
                        "word": "CSTR/TBF 시스템"
                    },
                    {
                        "word": "EBRT"
                    },
                    {
                        "word": "MMO"
                    },
                    {
                        "word": "Methane monooxygenase"
                    },
                    {
                        "word": "TCE 분해용 생촉매"
                    },
                    {
                        "word": "TMO"
                    },
                    {
                        "word": "parallel TBF system"
                    },
                    {
                        "word": "phenol"
                    },
                    {
                        "word": "pseudomonads"
                    },
                    {
                        "word": "sMMO"
                    },
                    {
                        "word": "soluble"
                    },
                    {
                        "word": "toluene"
                    },
                    {
                        "word": "공동대사"
                    },
                    {
                        "word": "구리"
                    },
                    {
                        "word": "기질 친화도"
                    },
                    {
                        "word": "메탄"
                    },
                    {
                        "word": "메탄올"
                    },
                    {
                        "word": "미생물"
                    },
                    {
                        "word": "배지"
                    },
                    {
                        "word": "분해 효율"
                    },
                    {
                        "word": "분해능"
                    },
                    {
                        "word": "분해산물"
                    },
                    {
                        "word": "분해속도"
                    },
                    {
                        "word": "불활성화"
                    },
                    {
                        "word": "산화"
                    },
                    {
                        "word": "산화반응"
                    },
                    {
                        "word": "생물반응기 시스템"
                    },
                    {
                        "word": "생분해"
                    },
                    {
                        "word": "성장기질"
                    },
                    {
                        "word": "세포 배양액"
                    },
                    {
                        "word": "세포 활성"
                    },
                    {
                        "word": "유도발현"
                    },
                    {
                        "word": "유일탄소원"
                    },
                    {
                        "word": "유입부"
                    },
                    {
                        "word": "저해"
                    },
                    {
                        "word": "제거효율"
                    },
                    {
                        "word": "특성 평가"
                    }
                ]
            },
            {
                "context_id": "55e-0c9-merge_2_8a2ae4d1-3f39e22f-b4a1-4ab3-9bb9-a5c897b5d416_00",
                "context_K-NSCC": {
                    "field": "생명",
                    "large_category": "LA",
                    "medium_category": "08"
                },
                "context": "<h1>서 론</h1> <p>Trichloroethylene (TCE)은 용매 특성이 우수하여 공업용 유기용매, 그리스 제거제, 드라이클리닝 제재로 널리 사용되어 왔으나, 적절한 처리 방법이 개발되지 못하여 대기, 토양 및 지하수 등 광범위한 영역에서 검출되고 있는 독성 환경오염 물질이다. TCE 처리기술로는 활성탄을 이용하여 흡착 제거시키는 물리적 처리 방법이 있다. 이 방법은 짧은 체류시간에 효율적인 제거가 가능하나, 단순히 TCE를 활성탄으로 이동시킨 것이므로 재처리가 요구되며 높은 설비투자비가 요구된다. 소각은 고농도의 TCE를 처리할 수 있고 처리효율이 높으나, 독성 부산물이 발생되며 초기설비비 및 운전비가 높다는 단점이 있다.</p> <p>미생물을 이용한 생분해법은 TCE를 무해한 최종산물로 완전히 분해시키는 환경친화적 처리기술이다. 또한, 운전비 및 설비비도 낮아 기존 기술에 대한 상업적 대체 기술로써도 충요하다. 미생물은 주로 막을 형성시켜 이용하는데, 단위 부피당 처리 효율을 높일 수 있고 shock load-ing에 대한 안정성도 높기 때문이다. 사용되는 생물반응기 시스템 선택에 있어서 TCE가 물에 대한 용해도가 낮으므로 contacting unit에서 효과적인 물질전달이 어려운 bioscrubber 보다는 biofilter 형태가 좋다. Biofilter 중에서도 TCE 및 독성 분해 산물로 인해 불활성화된 생물막의 재활성화를 위해 영양분을 살수시키는 trickling biofilter (TBF) 시스템이 TCE 처리에 가장 적합하다.</p> <p>실제 처리에 있어서 가장 중요한 것은 연속적으로 배출되는 폐가스를 처리할 수 있어야 한다는 점이다. 그러나, 단순 TBF를 이용하는 경우 미생물막의 불활성화로 인하여 안정적인 연속분해에 한계가 있으며, 미생물막 재활성화를 위헤 성장기질을 공급하는 경우 경쟁적 저해로 인한 TCE 분해속도 저하가 문제가 될 수 있다. 본 논문에서는 미생물막을 이용한 TCE 처리와 관련되어 주로 사용되는 매탄자화균, Pseudomonads 등의 미생물 생촉매와 장기간 연속처리를 위해 개발된 2단계 continuous stirred tank reactor(CSTR)/TBF 생물반응기 시스템의 특성을 실험 결과를 중심으로 분석하고, 미생물의 공동대사를 이용한 실규모의 연속적 TCE 처리 기술성을 평가하고자 한다.</p> <h1>실험 및 재료</h1> <h2>균주 및 배양조건</h2> <p>B. cepacia G4 배양 배지로는 M9 배지를 사용하였으며, M. trichosporium OB3b 배양용 배지는 Higgins nitrate minimal salt medium에 구리 이온의 농도를 조정하여 사용하였다. 풀라스그 배양은 진탕 배양기를 이용하여 교반속도 \\( 250 \\mathrm { ~rpm } \\), 온도 \\( 30 ^ {\\circ } \\mathrm { C } \\)에서 행하였다.</p> <p>TCE, phenol 농도 분석 및 toluene monooxygenase, soluble methane monooxygenase 효소 활성측정 TCE농도는 \\( 100~ \\mu \\ell \\) gas-tight syringe로 \\( 30~ \\mu \\)의 gas sample을 채취하여 전자포집검출기(ECD)를 이용하여 GC로 분석하였다. 가스크로마토그래프(Hewlett Packard 5890 II plus, USA)의 오븐, 검출기 및 주입구 온도는 각각 100, 200 및 \\( 250 ^ {\\circ } \\mathrm { C } \\)에서 실시하였다. Phenol 농도는 modified colorimetric assay 방법으로 결정하였고, toluene mono-oxygenase (TMO) 활성은 modified naphtalene oxidation assay 방법으로, soluble methane monooxygenase (sMMO) 활성은 propylene을 기질로 propylene oxide의 생성속도로 결정하였다.</p> <h2>2단계 CSTR/TBF 시스템 구성 및 운전</h2> <p>2단계 CSTR/TBF 시스템은 TCE가 분해되는 TBF와 미생물이 재활성화되는 CSTR을 연결하여 구성하였다. CSTR에서 성장 및 재활성화된 미생물 배양액은 연동펌프에 의해 TBF 상단부로 공급되며, TBF에서 유출되는 세포 배양액은 다시 CSTR로 재순환되며 일부는 bleeding 하였다. 모든 반응기의 연결관은 viton tubing 빛 teflon tape을 이용하여 TCE 소실을 최소화하였다.</p>",
                "context_length": 2240,
                "summary": "Trichloroethylene(TCE)는 탁월한 용매 특성을 지녀 산업 유기용매, 그리스 제거제 및 드라이클리닝 제재로 활용되지만, 처리 방법의 미비로 인해 환경 오염물질로 대기, 토양 및 지하수 등에 존재한다. 활성탄을 활용한 물리적 처리는 효율적이지만 재처리 필요성과 높은 설비투자비를 가지고 있다. 반면 미생물을 활용한 생분해법은 TCE를 무해한 물질로 완전 분해하며, 비용 효율이 높아 상업적 대체 기술로 적합하다. 이 논문에서는 주로 사용되는 미생물 생촉매와 함께 연속적 TCE 처리를 위한 2단계 CSTR/TBF 생물반응기 시스템의 특성을 실험하고 평가할 것이다.",
                "clue": [
                    {
                        "clue_text": "Trichloroethylene (TCE)은 용매 특성이 우수하여 공업용 유기용매, 그리스 제거제, 드라이클리닝 제재로 널리 사용되어 왔으나, 적절한 처리 방법이 개발되지 못하여 대기, 토양 및 지하수 등 광범위한 영역에서 검출되고 있는 독성 환경오염 물질이다.",
                        "clue_start": "16",
                        "clue_end": "162"
                    },
                    {
                        "clue_text": "본 논문에서는 미생물막을 이용한 TCE 처리와 관련되어 주로 사용되는 매탄자화균, Pseudomonads 등의 미생물 생촉매와 장기간 연속처리를 위해 개발된 2단계 continuous stirred tank reactor(CSTR)/TBF 생물반응기 시스템의 특성을 실험 결과를 중심으로 분석하고, 미생물의 공동대사를 이용한 실규모의 연속적 TCE 처리 기술성을 평가하고자 한다.",
                        "clue_start": "955",
                        "clue_end": "1167"
                    },
                    {
                        "clue_text": "TCE 처리기술로는 활성탄을 이용하여 흡착 제거시키는 물리적 처리 방법이 있다.",
                        "clue_start": "163",
                        "clue_end": "207"
                    },
                    {
                        "clue_text": "미생물을 이용한 생분해법은 TCE를 무해한 최종산물로 완전히 분해시키는 환경친화적 처리기술이다.",
                        "clue_start": "368",
                        "clue_end": "421"
                    },
                    {
                        "clue_text": "cepacia G4 배양 배지로는 M9 배지를 사용하였으며, M. trichosporium OB3b 배양용 배지는 Higgins nitrate minimal salt medium에 구리 이온의 농도를 조정하여 사용하였다.",
                        "clue_start": "1214",
                        "clue_end": "1337"
                    }
                ],
                "terminology": [
                    {
                        "word": "CSTR"
                    },
                    {
                        "word": "CSTR/TBF 시스템"
                    },
                    {
                        "word": "GC"
                    },
                    {
                        "word": "M9 배지"
                    },
                    {
                        "word": "Phenol"
                    },
                    {
                        "word": "Pseudomonads"
                    },
                    {
                        "word": "TCE"
                    },
                    {
                        "word": "Trichloroethylene"
                    },
                    {
                        "word": "assay"
                    },
                    {
                        "word": "biofilter"
                    },
                    {
                        "word": "bioscrubber"
                    },
                    {
                        "word": "colorimetric"
                    },
                    {
                        "word": "gas-tight syringe"
                    },
                    {
                        "word": "methane monooxygenase"
                    },
                    {
                        "word": "mono-oxygenase"
                    },
                    {
                        "word": "nitrate"
                    },
                    {
                        "word": "oxidation"
                    },
                    {
                        "word": "propylene oxide"
                    },
                    {
                        "word": "soluble"
                    },
                    {
                        "word": "toluene"
                    },
                    {
                        "word": "trickling biofilter"
                    },
                    {
                        "word": "unit"
                    },
                    {
                        "word": "가스크로마토그래프"
                    },
                    {
                        "word": "검출기"
                    },
                    {
                        "word": "교반속도"
                    },
                    {
                        "word": "구리"
                    },
                    {
                        "word": "균주"
                    },
                    {
                        "word": "기질"
                    },
                    {
                        "word": "미생물"
                    },
                    {
                        "word": "배양 배지"
                    },
                    {
                        "word": "배양용 배지"
                    },
                    {
                        "word": "배양조건"
                    },
                    {
                        "word": "분해속도"
                    },
                    {
                        "word": "불활성화"
                    },
                    {
                        "word": "생물막"
                    },
                    {
                        "word": "생물반응기 시스템"
                    },
                    {
                        "word": "세포 배양액"
                    },
                    {
                        "word": "용매"
                    },
                    {
                        "word": "용해도"
                    },
                    {
                        "word": "이온"
                    },
                    {
                        "word": "저해"
                    },
                    {
                        "word": "진탕 배양기"
                    },
                    {
                        "word": "활성"
                    },
                    {
                        "word": "활성측정"
                    },
                    {
                        "word": "활성탄"
                    },
                    {
                        "word": "효소"
                    },
                    {
                        "word": "흡착"
                    }
                ]
            }
        ]
    }
}