{
    "dataset_info": {
        "identifier": "02-031-002-NL",
        "name": "기술과학 문서 요약 데이터",
        "category": "자연어",
        "last_updated": "2023-08-30"
    },
    "dataset": {
        "doc_id": "8a2ae4d1-1ee07c89-ea77-4b55-883f-3b16de8290c0",
        "doc_type": "논문",
        "doc_title": {
            "kor": "Flavor Modification of Mideoduck (Styela clava) Drips by Maillard Reaction",
            "eng": ""
        },
        "doc_category": {
            "KDC": "470.5",
            "DDC": ""
        },
        "doc_number": {
            "ISSN": "1225-9918",
            "ISBN": "",
            "DOI": "",
            "UCI": ""
        },
        "doc_year": "2010",
        "doc_author": [
            "Seok-Joong Kang",
            "Sung-Ju Jung",
            "Yeung Joon Choi",
            "Byeong-Dae Choi"
        ],
        "doc_publisher": "한국생명과학회",
        "doc_license": "CC BY",
        "context_info": [
            {
                "context_id": "55e-0c9-ecdff638-bec3-40ba-8694-258d675a5c20",
                "context_K-NSCC": {
                    "field": "생명",
                    "large_category": "LA",
                    "medium_category": "09"
                },
                "context": "<h1>서 론</h1><p>우리나라의 생활수준이 향상되고, 식품의 안전성과 기호◦영양적인 면에 대한 소비자들의 인식이 높아짐에 따라 조리식품의 고유한 맛을 향상시키고 가공식품 자체의 자연적인 맛을 충족시키기 위한 천연 풍미소재의 이용은 날로 높아지고 있다. 이러한 천연 풍미소재는 서구에서 보편화된 쇠고기 가수 분해물(beef extracts)에서 그 원류를 찾을 수 있으나, 원료의 다양성, 독특한 풍미 및 영양성분이 많이 함유되어 있는 어패류가 천연 풍미소재의 원료로서 널리 이용되고 있다.</p><p>게, 새우, 오징어 및 조개와 같은 수산물은 다른 어류와 달리 특유의 맛과 냄새를 지니고 있는데, 이 맛과 냄새는 대부분의 경우 기호적인 면에서 환영을 받아왔고 오래 전부터 수산가공 이용에 있어서 흥미를 끌어온 기능성 성분들이었다. 수산식품의 풍미성분에 관한 연구는 주로 맛을 나타내는 물질에 집중되어 왔다. 그러나 1970년 초반에 와서 기체크로마토그라피(GC) 및 질량분석기(GC/MS) 등의 분석기기가 발달되면서 향미성분에 대한 관심이 고조되기 시작하였다. 수산식품의 특징적인 것은 신선할 때의 자체 냄새와 요리하였을 때의 냄새는 서로 다르다는 것이다. 신선할 때의 냄새는 소비자가 느끼는 냄새이므로 매우 중요한 요소가 되며, 특히 신선한 어류와 패류의 냄새는 지질성분에 관여하는 lipoxygenase 기원의 냄새가 큰 영향을 미친다고 하였다. 그러나 생태환경에 따라 생성되는 아민, 특히 trimethylamines는 신선한 수산식품의 냄새에 미치는 영향이 큰 물질이기도 하다.</p><p>비효소적 갈변반응을 Maillard반응이라고 하며 색소형성 및 풍미의 변화에 큰 역할을 한다. 이 반응의 특징은 aldehyde류, ketone류와 amine을 함유한 환원당류와 peptide류 및 단백질류가 서로 반응하는 것이다. 이 반응을 통하여 식품의 가치를 증진시키고, 커피 및 초코렛 향과 같은 기호성을 증진시킨다. 미더덕 체액의 냄새는 평가결과 바람직하지 못한것으로 나타났다. 미더덕 체액에는 다량의 아미노산 및 단백질 분해물질이 포함되어 있으나, 당의 함량이 낮아 가열하더라도 갈변반응과 Maillard반응이 일어나지 않는다. 따라서 본 연구에서는 체액에 일정량의 당을 첨가하고 고온에서 반응시켜 바람직한 풍미를 나타내는 조건을 찾고 반응물을 이용하여 조미료 등의 조제에 활용하고자 하였다.</p>",
                "context_length": 1183,
                "summary": "천연 풍미소재로 어패류가 널리 이용되고 있으며 어패류의 lipoxygenase가 풍미에 큰 영향을 미치며 수산식품의 trimethylamines도 풍미에 큰 영향을 미친다. 비효소적 갈변반응은 색소형성 및 풍미에 큰 역할을 하며 본 연구는 미더덕 체액에 일정량의 당을 첨가하고 고온 반응을 통해 조미료 등의 제조에 활용하고자 하였다.",
                "clue": [
                    {
                        "clue_text": "천연 풍미소재는 서구에서 보편화된 쇠고기 가수 분해물(beef extracts)에서 그 원류를 찾을 수 있으나, 원료의 다양성, 독특한 풍미 및 영양성분이 많이 함유되어 있는 어패류가 천연 풍미소재의 원료로서 널리 이용되고 있다.",
                        "clue_start": "148",
                        "clue_end": "276"
                    },
                    {
                        "clue_text": "신선할 때의 냄새는 소비자가 느끼는 냄새이므로 매우 중요한 요소가 되며, 특히 신선한 어류와 패류의 냄새는 지질성분에 관여하는 lipoxygenase 기원의 냄새가 큰 영향을 미친다고 하였다. 그러나 생태환경에 따라 생성되는 아민, 특히 trimethylamines는 신선한 수산식품의 냄새에 미치는 영향이 큰 물질이기도 하다.",
                        "clue_start": "596",
                        "clue_end": "779"
                    },
                    {
                        "clue_text": "비효소적 갈변반응을 Maillard반응이라고 하며 색소형성 및 풍미의 변화에 큰 역할을 한다.",
                        "clue_start": "786",
                        "clue_end": "838"
                    },
                    {
                        "clue_text": "미더덕 체액에는 다량의 아미노산 및 단백질 분해물질이 포함되어 있으나, 당의 함량이 낮아 가열하더라도 갈변반응과 Maillard반응이 일어나지 않는다. 따라서 본 연구에서는 체액에 일정량의 당을 첨가하고 고온에서 반응시켜 바람직한 풍미를 나타내는 조건을 찾고 반응물을 이용하여 조미료 등의 조제에 활용하고자 하였다.",
                        "clue_start": "1003",
                        "clue_end": "1179"
                    },
                    {
                        "clue_text": "본 연구에서는 체액에 일정량의 당을 첨가하고 고온에서 반응시켜 바람직한 풍미를 나타내는 조건을 찾고 반응물을 이용하여 조미료 등의 조제에 활용하고자 하였다.",
                        "clue_start": "1092",
                        "clue_end": "1179"
                    }
                ],
                "terminology": [
                    {
                        "word": "Maillard반응"
                    },
                    {
                        "word": "aldehyde"
                    },
                    {
                        "word": "amine"
                    },
                    {
                        "word": "ketone"
                    },
                    {
                        "word": "lipoxygenase"
                    },
                    {
                        "word": "peptide류"
                    },
                    {
                        "word": "trimethylamines"
                    },
                    {
                        "word": "갈변반응"
                    },
                    {
                        "word": "기체크로마토그라피"
                    },
                    {
                        "word": "비효소적 갈변반응"
                    },
                    {
                        "word": "쇠고기 가수 분해물"
                    },
                    {
                        "word": "지질성분"
                    },
                    {
                        "word": "질량분석기"
                    },
                    {
                        "word": "천연 풍미소재"
                    },
                    {
                        "word": "향미성분"
                    }
                ]
            },
            {
                "context_id": "55e-0c9-c9f804d0-b867-4be4-b7dd-9ebbf9869b7a",
                "context_K-NSCC": {
                    "field": "생명",
                    "large_category": "LA",
                    "medium_category": "09"
                },
                "context": "<h1>재료 및 방법</h1><h2>미더덕 체액을 활용한 풍미개선 물질의 개발</h2><p>최적 풍미개선 물질을 만들기 위한 반응조건을 설정하기 위하여 체액을 \\(\\mathrm{Brix}\\) \\(10.0\\)으로 농축한 다음, \\( 0.1 \\mathrm{M} \\)의 glucose, ribose 및 fructose \\(100 \\mathrm{ml} \\)와 \\( 0.05 \\mathrm{M} \\)의 thiamine, methionine, taurine, glycine, alanine, threonine 및 cystine을 혼합하고 \\( 0.1\\mathrm{N}\\) \\(\\mathrm{NaOH} \\)로 \\( \\mathrm{pH}\\ 7.0\\sim7.2\\)로 조절하여 반응조(stainless steel, \\( 300 \\mathrm{ml} \\) )에 넣어 온도 \\( 160^{\\circ} \\mathrm{C} \\)에서 \\( 2.5 \\mathrm{hr} \\) 반응시켜 미더덕 체액 풍미개선 물질을 제조하였다.</p><h2>미더덕 향기물질의 추출 및 농축</h2><p>제조된 풍미개선 물질을 \\( 500 \\mathrm{ml} \\) 비이커에 취한 다음 여기에 methylene dichloride \\( 50 \\mathrm{ml} \\)를 넣은 후 약 12시간 동안 미더덕 향기성분을 추출하였다. 추출된 향기성분은 Kurdena-Danishi 농축기(Cole-Parmer Co., Vernon Hills, IL, USA)를 사용하여 \\( 40^{\\circ} \\mathrm{C} \\) 이하에서 용매를 날려 보내고 \\( 1 \\mathrm{ml} \\)가 될 때까지 농축하였다.</p><h2>향기물질의 패널평가</h2><p>미더덕 향기에 익숙하게 훈련된 7인의 panel을 구성하여 시료의 맛과 향 등 종합적 기호도 평가(overall acceptance)등에 대하여 5단계 평점법 (+++++, 아주 좋음; ++++, 좋음; +++, 보통; ++ , 싫음; +, 아주 싫음)으로 평가하고, 그 결과를 평균값으로 나타내었다.</p><h2>향료물질의 GC 및 GC-MSD분석</h2><p>향기물질의 조성은 capillary column (Omegawax-320, 30 \\( \\mathrm{m} \\times 0.32 \\mathrm{mm} \\) i.d., \\( 0.25 \\mu \\mathrm{m} \\) thickness, Supelco, St. Louis. MO, USA)과 FID를 부착한 GC (Shimadzu 17A, Kyoto, Japan)로 분석하였다. 분석조건은 column 온도를 최초 5분간은 \\( 60^{\\circ} \\mathrm{C} \\)로 유지하다가 \\( 3^{\\circ} \\mathrm{C} / \\mathrm{min} \\)로 \\( 240^{\\circ} \\mathrm{C} \\)까지 승온한 다음 40분간 유지하였다. Injector \\( 250^{\\circ} \\mathrm{C} \\), detector \\( 260^{\\circ} \\mathrm{C} \\), carrier gas \\( (\\mathrm{He}) \\)는 \\(1 \\mathrm{ml} / \\mathrm{min} \\)로 유지하였고, split ratio는 \\(50:1\\)로 하였다. 질량분석은 JEOL GC/MSD (JMS-GC MATEⅡ, JEOL Ltd., Tokyo, Japan)로 분석하였다. Column은 DB-Wax \\( { }^{\\mathrm{TM}} \\) capillary column \\( (60 \\mathrm{m} \\) length \\( \\times 0.25 \\mathrm{~mm} \\) I.D \\( \\times 0.25 \\mu \\mathrm{m} \\) film thickness, J&W Scientific, Folsom, CA, USA)을 사용하였다. GC/MSD 분석조건은 GC와 같은 조건으로 하였고, EI mode로 행하였다. 각 화합물의 잠정적인 동정은 standard MS library data (Wiley 275K, Hewlett-Packard Co., USA)에 의하였다.</p><h2>향기성분의 동정 및 정량</h2><p>GC profile에 나타난 각 향기성분의 peak에 해당하는 휘발성 화합물의 linear retention indices를 결정하기 위하여 탄화수소( \\( n\\)-paraffins, \\( \\mathrm{C}_{5}-\\mathrm{C}_{25} \\), Alltech Associates Inc., Bannockbum, IL, USA)를 표준물질로 사용하였고, 시료의 향기성분을 분석할 때와 동일한 조건으로 GC에 주입하여 \\( \\mathrm{C} 5-\\mathrm{C} 25 \\)의 표준 머무름 시간을 구하였다. 각 휘발성 화합물에 대한 잠정적인 동정은 retention index 및 standard MS library data (Wiely 275K, Hewlett-Packard Co., USA)에 의하였다.</p>",
                "context_length": 2420,
                "summary": "미더덕 체액을 이용한 풍미개선 물질의 개발을 위해 체액을 농축한 후 반응조에서 적절한 온도로 반응시켜 미더덕 체액 풍미개선 물질을 제조하였고, 제조된 풍미개선 물질을 methylene dichloride \\( 50 \\mathrm{ml} \\)를 넣은 후 약 12시간 동안 미더덕 향기성분을 추출하였다. 추출된 향기성분은 농축기를 사용하여 농축한 후 미더덕 향기에 익숙하게 훈련된 7인의 panel을 구성하여 맛과 향 등 종합적 기호도 평가를 하였다.",
                "clue": [
                    {
                        "clue_text": "미더덕 체액을 활용한 풍미개선 물질의 개발",
                        "clue_start": "20",
                        "clue_end": "43"
                    },
                    {
                        "clue_text": "최적 풍미개선 물질을 만들기 위한 반응조건을 설정하기 위하여 체액을 \\(\\mathrm{Brix}\\) \\(10.0\\)으로 농축한 다음, \\( 0.1 \\mathrm{M} \\)의 glucose, ribose 및 fructose \\(100 \\mathrm{ml} \\)와 \\( 0.05 \\mathrm{M} \\)의 thiamine, methionine, taurine, glycine, alanine, threonine 및 cystine을 혼합하고 \\( 0.1\\mathrm{N}\\) \\(\\mathrm{NaOH} \\)로 \\( \\mathrm{pH}\\ 7.0\\sim7.2\\)로 조절하여 반응조(stainless steel, \\( 300 \\mathrm{ml} \\) )에 넣어 온도 \\( 160^{\\circ} \\mathrm{C} \\)에서 \\( 2.5 \\mathrm{hr} \\) 반응시켜 미더덕 체액 풍미개선 물질을 제조하였다.",
                        "clue_start": "51",
                        "clue_end": "501"
                    },
                    {
                        "clue_text": "제조된 풍미개선 물질을 \\( 500 \\mathrm{ml} \\) 비이커에 취한 다음 여기에 methylene dichloride \\( 50 \\mathrm{ml} \\)를 넣은 후 약 12시간 동안 미더덕 향기성분을 추출하였다.",
                        "clue_start": "534",
                        "clue_end": "658"
                    },
                    {
                        "clue_text": "추출된 향기성분은 Kurdena-Danishi 농축기(Cole-Parmer Co., Vernon Hills, IL, USA)를 사용하여 \\( 40^{\\circ} \\mathrm{C} \\) 이하에서 용매를 날려 보내고 \\( 1 \\mathrm{ml} \\)가 될 때까지 농축하였다.",
                        "clue_start": "659",
                        "clue_end": "812"
                    },
                    {
                        "clue_text": "미더덕 향기에 익숙하게 훈련된 7인의 panel을 구성하여 시료의 맛과 향 등 종합적 기호도 평가(overall acceptance)등에 대하여 5단계 평점법 (+++++, 아주 좋음; ++++, 좋음; +++, 보통; ++ , 싫음; +, 아주 싫음)으로 평가하고, 그 결과를 평균값으로 나타내었다.",
                        "clue_start": "838",
                        "clue_end": "1006"
                    }
                ],
                "terminology": [
                    {
                        "word": "DB-Wax"
                    },
                    {
                        "word": "EI mode"
                    },
                    {
                        "word": "FID"
                    },
                    {
                        "word": "GC profile"
                    },
                    {
                        "word": "GC/MSD"
                    },
                    {
                        "word": "Injector"
                    },
                    {
                        "word": "Kurdena-Danishi 농축기"
                    },
                    {
                        "word": "capillary column"
                    },
                    {
                        "word": "carrier gas"
                    },
                    {
                        "word": "cystine"
                    },
                    {
                        "word": "detector"
                    },
                    {
                        "word": "fructose"
                    },
                    {
                        "word": "linear retention indices"
                    },
                    {
                        "word": "methylene dichloride"
                    },
                    {
                        "word": "panel"
                    },
                    {
                        "word": "peak"
                    },
                    {
                        "word": "retention index"
                    },
                    {
                        "word": "ribose"
                    },
                    {
                        "word": "split ratio"
                    },
                    {
                        "word": "standard MS library data"
                    },
                    {
                        "word": "threonine"
                    },
                    {
                        "word": "기호도 평가"
                    },
                    {
                        "word": "농축기"
                    },
                    {
                        "word": "동정"
                    },
                    {
                        "word": "머무름 시간"
                    },
                    {
                        "word": "승온"
                    },
                    {
                        "word": "시료"
                    },
                    {
                        "word": "용매"
                    },
                    {
                        "word": "질량분석"
                    },
                    {
                        "word": "탄화수소"
                    },
                    {
                        "word": "평점법"
                    },
                    {
                        "word": "표준물질"
                    },
                    {
                        "word": "풍미개선 물질"
                    },
                    {
                        "word": "향기물질"
                    },
                    {
                        "word": "휘발성 화합물"
                    }
                ]
            },
            {
                "context_id": "55e-0c9-5b8491dd-a7ec-4e4e-8114-278c762dda6f",
                "context_K-NSCC": {
                    "field": "생명",
                    "large_category": "LA",
                    "medium_category": "09"
                },
                "context": "<h1>결과 및 고찰</h1><h2>최적조건 설정을 위한 반응모델</h2><p>미더덕 조미료를 조제하기 위한 반응조건을 설정하기 위하여 미더덕 가공 시 회수되는 체액을 \\(\\mathrm{Brix}\\) \\( 10.0 \\)으로 농축한 다음, 여러 종류의 당과 아미노산, 양파, 녹차, 생강 등과 혼합하여 여러 조건의 온도에서 실시하여 가장 높은 평가를 얻은 \\( 160^{\\circ} \\mathrm{C} \\)에서 2시간 30분 동안 stainless steel 반응조에서 반응시켜 얻어진 반응액에 대하여 7인의 panel이 평가하도록 하여 그 결과를 Table 1에 나타내었다.</p><p>Maillard 반응의 기본이 되는 당과 아미노산을 결정하기 위하여 미더덕 체액, 6탄당인 glucose와 5탄당인 ribose를 기본으로 하여, thiamine과 아미노산으로는 methionine, taurine, glycine, alanine, threonine 및 cystine 등을 사용하였고, 실용적인 방안을 강구하기 위하여 식용하는 양파, 마늘, 감귤, 생강, 녹차, 파 등을 첨가하여 반응액을 만들었다. Ribose와 thiamine 구가 패널로부터 가장 높은 평가를 받았고, 이어서 glucose와 thiamine 구가, ribose와 methionine 구는 아주 나쁜 풍미를 형성하는 것으로 나타났다. 함황화합물인 taurine을 첨가한 glucose 및 ribose구는 보통의 평가로 나타났고, 체액에 당과 아미노산을 첨가한 경우도 thiamine 구만 보통으로 평가되었으나 나머지 아미노산의 경우 싫어하는 것으로 나타났다. 환원당과 아미노산 간에는 비효소적 갈변반응인 Maillard 반응이 일어나기 쉬운데 이 반응은 식품의 색깔뿐만 아니라 맛이나 향과 같은 관능적 요소에도 영향을 주기도 하 나, lysine과 같은 필수 아미노산의 파괴 등 영양가의 손실을 일으키는 것으로도 알려져 있다.</p><p>Ribose와 glucose를 \\( 160^{\\circ} \\mathrm{C} \\)에서 2.5시간 가열한 결과 특이한 차이를 나타내지 않았고, 체액에 양파, 마늘, 파 첨가는 보통으로, 감귤, 녹차 첨가는 매우 좋은 결과를 보여 주었다. 그리고 체액과 glucose, glycine, cystine 구가 가장 좋은 평가를 보여주어 이들 5개에 대하여 향기성분의 분석을 실시하였다. Song 등은 glucose와 glycine 혼합계의 Maillard반응에 대하여 농도, \\( \\mathrm{pH} \\) 및 온도가 반응에 미치는 영향을 조사한 결과 Maillard 반응이 일어나는 과정에 반응물의 \\( \\mathrm{pH} \\) 및 온도가 큰 영향을 미치는 것으로 구명하였고, Lee and Han은 fruc-tose와 glycine의 모델반응에서 일어나는 색의 변화와 당과 아미노산의 정량적 변화가 바람직한 풍미 형성에 기여한다고 하여 본 실험결과와 유사한 결과를 나타내었다.</p><h2>반응모델에서 얻어진 반응액의 향기성분</h2><p>총 91개 성분을 분리◦동정하였으며, hydrocarbon류 29종, aldehyde류 11종, alcohol류 8종, ketone류 7종, pyrazine류 2종, 함황화합물 5종, ester류 3종, acid류 13종, 기타 13종을 확인하였다. A구에서는 5-methylfurfural \\(3.12\\%\\), 5-methyl-2(3H)-furanone \\(2.13\\%\\), 2-methoxy-3-ethyl-pyrazine \\(3.15\\%\\)로 생성되었고, ester 화합물인 1,2-bezenedicarboxylic acid dibutylester가 \\(20.83\\%\\), (Z,Z,Z)-9,12,15-octadecatrienoic acid methylester가 \\(6.41\\%\\)였고, 그 외 tertadecanoic acid \\(1.71\\%\\)를 비롯한 (Z)-octadecenoic acid \\(8.93\\%\\) 등 장쇄지방산 및 이들 이성체가 전체 향기성분의 \\(43.99\\%\\)를 차지하였다. B구에서는 5-methylfurfural이 \\(31.44\\%\\)로 6탄당인 glucose보다는 5탄당인 ribose가 효과적이었고, 5-methyl-2(3H)-furanone \\(2.51\\%\\), 2-methoxy-3-ethylpyrazine \\(2.42\\%\\)가 생성되었다. 그리고 ester 화합물인 1,2-bezenedicarboxylic acid dibutylester가 \\(20.05\\%\\), (Z,Z,Z)-9,12,15-octadecatrienoic acid methylester가 \\(7.06\\%\\)로 이와 같은 체액-당 반응에서는 ester 화합물의 형성에 좋은 조건을 제공하는 것으로 나타났다. 그 외 tertadecanoic acid \\(1.12\\%\\)를 비롯한 (Z)-octadecenoic acid \\(6.34\\%\\) 등 장쇄지방산 및 이들 이성체가 전체 향기성분의 \\(31.32\\%\\)를 차지하였다.</p><p>Maillard 반응의 주 기질인 당과 아미노산은 반응과정 중 pyrazine, oxazoles, thiophenes, thiazoles 그리고 또 다른 heterocyclic sulfur 화합물 등과 같은 meat flavor에 기여하는 향기물질이 생성된다. 따라서 amino 화합물과 carbonyl 화합물의 종류와 첨가비율, \\( \\mathrm{pH} \\), 가열온도에 따른 Maillard 반응속도 연구, 그리고 반응영향인자에 대한 연구가 이루어졌다. 높은 분자량의 지방산 ester류인 ethyl myristate, ethyl palmitate 및 ethyl oleate는 발효과정에 원 시료에서 유래된 지방효소에 의하여 생성된 유리 지방산이 ethanol과 ester화되어 생성되는 것으로 밝혔고, 또한 이들은 된장 가열 시 mild waxy와 같은 풍미를 발현하는데도 기여하는 것으로 보고되었다.</p><p>기본 반응구에 오렌지 껍질을 첨가하여 반응시킨 \\( \\mathrm{C} \\)구에서는 octenal \\(2.02\\%\\), 1,1,2,3-tetramethylyclohexane \\(3.88\\%\\)로 hy-drocarbon 화합물의 형성이 두드려졌고, ester 화합물인 1,2-bezenedicarboxylic acid dibutylester가 \\(20.13\\%\\), (Z,Z,Z)-9,12,15-octadecatrienoic acid methylester가 \\(2.82\\%\\)로 A, B구와 비슷하였다. 그러나 tetradecanoic acid가 \\(20.11\\%\\)로 급격히 증가하여 오렌지에 함유된 유기산이 반응조건에 큰 영향을 미친 것으로 나타났고, (Z)-octadecenoic acid \\(2.42\\%\\) 등 장쇄지방산 및 이들 이성체가 전체 향기성분의 \\(44.38\\%\\)를 차지하였다. \\( \\mathrm{D} \\)구에는 좀 다른 풍미성분을 형성시키기 위하여 녹차를 첨가하여 반응시켰다. 5-Methyl-2(3H)-furanone \\(3.97\\%\\), octenal \\(1.08\\%\\), 2-acetylthiazole \\(1.10\\%\\) 등 다른 구와는 다른 향기성분의 형성을 나타내었고, 특히 1,2-bezenedicarboxylic acid dibutylester가 \\(1.38\\%\\) 밖에 형성되지 않아 향기형성의 변화를 나타내었다. 그러나 octadecanoic acid가 \\(30.01\\%\\)로 나타나 오렌지 첨가구와는 전혀 다른 성상을 보였으며, tetradecanoic acid를 포함한 장쇄지방산의 함량이 \\(62.71\\%\\)로 높았고 panel 요원들의 평가도 우수하여 미더덕 체액을 활용한 조미료 개발의 가능성을 제시하였다.</p><p>쇠고기에서 대부분 발견되는 hydrocarbon류는 단독기질 반응액보다 lactose와 xylose 혼합 반응액에서 많은 양을 나타내었고, 삶은 고기 향의 형성에는 cystine에 lactose와 maltose를 혼합하여 가열한 반응액이 효과적이었다고 하였다. 조리된 고기 냄새에는 thiophenes이 관여하였으며, 쇠고기 향의 형성에는 3-methyl thiophene과 2-thiophene carboxaldehyde 이외에 2-formyl 유도체도 존재하였고, 닭고기 향의 형성에는 이외에도 ketones류가 관여한다고 하였다. Ketones 화합물 중에는 2-heptanone이나 2-nonanone이 존재하였고, furan 화합물에서는 3-methylfuran과 2-pentylfuran이 주성분이었다. 특히 amadori 생성물의 deamination이나 dehydration에 의해 생성되는 2-furfural은 모든 반응액에 존재하였으며, 고기 향의 형성에 주성분은 아니지만 함황화합물과 함께 고기의 향 형성에 기여한다는 보고처럼 함황화합물과 xylose와의 반응액에서 고기 향미 부여에 더욱 효과적이었다고 하여 본 실험에서와 같이 함황화합물이 미더덕 체액과의 반응결과 풍미형성에 영향을 미치는 것으로 나타났다.</p><p>Maillard 반응은 온도에 관계없이 반응초기에 환원당과 아미노산의 급격한 반응이 일어나며, 첨가된 아미노산의 종류에 따라 큰 차이가 나는 것으로 알려져 있다. 따라서 이들 반응계를 활용하기 위하여 E구와 같이 체액-glucose-gly-cine-cysteine계를 만들고 반응시킨 결과, 체액에 의한 hetero-cyclic 화합물의 형성은 저조하였으나 패널평가에서는 높은 기호도를 보였으며, (Z,Z,Z)-9,12,15-octadecatrienoic acid methylester가 \\(29.26\\%\\)로 가장 높았으며 이를 포함한 장쇄지방산의 함량은 \\(48.90\\%\\)를 차지하였다. Xylose, cysteine, thiamine의 Maillard 반응계에서 항황화합물의 형성 정도를 파악하기 위하여 \\( \\left[{ }^{13} \\mathrm{C}_{5}\\right] \\)xylose를 이용하여 \\( 145^{\\circ} \\mathrm{C} \\)에서 \\( 20 \\mathrm{min} \\)간 반응시킨 결과 2-furfural과 2-furfurylthiol은 xylose로부터 기원된 것이고, 3-mercapto-2-butanone, 4,5-dihydro-2-methyl-3(2H)-fur-anone, 4,5-dihydro-2-methyl-3-furanthiol, 4,5-dihydro-2- methyl-3(2H)-thiophene은 thiamine으로부터 기원된 것이며, 2-methyl-3-furanthiol, 3-mercapto-2-pentanone은 cysteine 기원인 것으로 밝혀져 A 및 B구에서 얻어진 furfural, furanone 등은 당 기원으로 형성되었고, D구의 thiophene은 녹차에 함유된 thiamine에 의한 영향으로 여겨진다.</p>",
                "context_length": 5316,
                "summary": "미더덕 조미료 조제 반응조건 설정을 위해 미더덕 체액을 농축과 혼합, 복수 환경하 실시후 고평가 반응액을 패널이 평가하도록 하였다. Ribose와 thiamine 구가 가장 고평가였으며, 그다음으로 glucose와 thiamine 구가, ribose와 methionine 구는 매우 나쁜 풍미를 만들었다. taurine 첨가의 glucose 및 ribose 구는 보통이었으며, 체액에 당과 아미노산을 첨가할 시에도 thiamine 구만 보통으로 평가되었으나 나머지 아미노산의 경우 불호이었다. glucose와 glycine 혼합계의 Maillard 반응 과정에 있어서 반응물의 \\( \\mathrm{pH} \\) 및 온도가 큰 영향을 끼치며, fruc-tose와 glycine의 모델반응의 색 변화는 당과 아미노산의 정량적 변화가 적절한 풍미 형성에 기여한다. 총 91개 성분을 분리◦동정하였더니 A구에서는 장쇄지방산 및 이들 이성체가 전체 향기성분의 \\(43.99\\%\\)를 차지했고 B구에서는 glucose보다는 ribose가 효과적이었다. 체액-당 반응은 ester 화합물의 형성에 좋은 조건을 제공한다. 장쇄지방산 및 이들 이성체가 전체 향기성분의 \\(31.32\\%\\)를 차지하였다. 오렌지 껍질을 첨가한 C구에서는 hy-drocarbon 화합물의 형성이 현저했고,ester 화합물은 A, B구와 비슷하였다. 그러나 tetradecanoic acid가 급격히 증가하여 오렌지에 함유된 유기산이 반응조건에 큰 영향을 미친 것으로 나타났고, 장쇄지방산 및 이들 이성체가 전체 향기성분의\\(44.38\\%\\)를 차지하였다. D구에서는 좀 다른 풍미성분을 형성시키기위하여 녹차를 첨가후 반응시켰더니 오렌지 첨가구와는 매우 다른 성상을 보였고 패널 요원의 평가도 우수하여 미더덕 체액을 활용한 조미료 개발의 가능성을 열었다. Maillard 반응은 첨가된 아미노산의 종류에 따라 큰 차이가 있다. 따라서 이들 반응계를 활용하기 위하여 E구와 같이 체액-glucose-gly-cine-cysteine계를 만들고 반응시킨 결과, 패널평가에서는 높은 기호도를 보였다.",
                "clue": [
                    {
                        "clue_text": "미더덕 조미료를 조제하기 위한 반응조건을 설정하기 위하여 미더덕 가공 시 회수되는 체액을 \\(\\mathrm{Brix}\\) \\( 10.0 \\)으로 농축한 다음, 여러 종류의 당과 아미노산, 양파, 녹차, 생강 등과 혼합하여 여러 조건의 온도에서 실시하여 가장 높은 평가를 얻은 \\( 160^{\\circ} \\mathrm{C} \\)에서 2시간 30분 동안 stainless steel 반응조에서 반응시켜 얻어진 반응액에 대하여 7인의 panel이 평가하도록 하여 그 결과를 Table 1에 나타내었다.",
                        "clue_start": "44",
                        "clue_end": "321"
                    },
                    {
                        "clue_text": "Maillard 반응의 기본이 되는 당과 아미노산을 결정하기 위하여 미더덕 체액, 6탄당인 glucose와 5탄당인 ribose를 기본으로 하여, thiamine과 아미노산으로는 methionine, taurine, glycine, alanine, threonine 및 cystine 등을 사용하였고, 실용적인 방안을 강구하기 위하여 식용하는 양파, 마늘, 감귤, 생강, 녹차, 파 등을 첨가하여 반응액을 만들었다. Ribose와 thiamine 구가 패널로부터 가장 높은 평가를 받았고, 이어서 glucose와 thiamine 구가, ribose와 methionine 구는 아주 나쁜 풍미를 형성하는 것으로 나타났다. 함황화합물인 taurine을 첨가한 glucose 및 ribose구는 보통의 평가로 나타났고, 체액에 당과 아미노산을 첨가한 경우도 thiamine 구만 보통으로 평가되었으나 나머지 아미노산의 경우 싫어하는 것으로 나타났다. 환원당과 아미노산 간에는 비효소적 갈변반응인 Maillard 반응이 일어나기 쉬운데 이 반응은 식품의 색깔뿐만 아니라 맛이나 향과 같은 관능적 요소에도 영향을 주기도 하 나, lysine과 같은 필수 아미노산의 파괴 등 영양가의 손실을 일으키는 것으로도 알려져 있다.",
                        "clue_start": "328",
                        "clue_end": "950"
                    },
                    {
                        "clue_text": "Song 등은 glucose와 glycine 혼합계의 Maillard반응에 대하여 농도, \\( \\mathrm{pH} \\) 및 온도가 반응에 미치는 영향을 조사한 결과 Maillard 반응이 일어나는 과정에 반응물의 \\( \\mathrm{pH} \\) 및 온도가 큰 영향을 미치는 것으로 구명하였고, Lee and Han은 fruc-tose와 glycine의 모델반응에서 일어나는 색의 변화와 당과 아미노산의 정량적 변화가 바람직한 풍미 형성에 기여한다고 하여 본 실험결과와 유사한 결과를 나타내었다.",
                        "clue_start": "1169",
                        "clue_end": "1446"
                    },
                    {
                        "clue_text": "A구에서는 5-methylfurfural \\(3.12\\%\\), 5-methyl-2(3H)-furanone \\(2.13\\%\\), 2-methoxy-3-ethyl-pyrazine \\(3.15\\%\\)로 생성되었고, ester 화합물인 1,2-bezenedicarboxylic acid dibutylester가 \\(20.83\\%\\), (Z,Z,Z)-9,12,15-octadecatrienoic acid methylester가 \\(6.41\\%\\)였고, 그 외 tertadecanoic acid \\(1.71\\%\\)를 비롯한 (Z)-octadecenoic acid \\(8.93\\%\\) 등 장쇄지방산 및 이들 이성체가 전체 향기성분의 \\(43.99\\%\\)를 차지하였다. B구에서는 5-methylfurfural이 \\(31.44\\%\\)로 6탄당인 glucose보다는 5탄당인 ribose가 효과적이었고, 5-methyl-2(3H)-furanone \\(2.51\\%\\), 2-methoxy-3-ethylpyrazine \\(2.42\\%\\)가 생성되었다. 그리고 ester 화합물인 1,2-bezenedicarboxylic acid dibutylester가 \\(20.05\\%\\), (Z,Z,Z)-9,12,15-octadecatrienoic acid methylester가 \\(7.06\\%\\)로 이와 같은 체액-당 반응에서는 ester 화합물의 형성에 좋은 조건을 제공하는 것으로 나타났다. 그 외 tertadecanoic acid \\(1.12\\%\\)를 비롯한 (Z)-octadecenoic acid \\(6.34\\%\\) 등 장쇄지방산 및 이들 이성체가 전체 향기성분의 \\(31.32\\%\\)를 차지하였다.",
                        "clue_start": "1622",
                        "clue_end": "2449"
                    },
                    {
                        "clue_text": "기본 반응구에 오렌지 껍질을 첨가하여 반응시킨 \\( \\mathrm{C} \\)구에서는 octenal \\(2.02\\%\\), 1,1,2,3-tetramethylyclohexane \\(3.88\\%\\)로 hy-drocarbon 화합물의 형성이 두드려졌고, ester 화합물인 1,2-bezenedicarboxylic acid dibutylester가 \\(20.13\\%\\), (Z,Z,Z)-9,12,15-octadecatrienoic acid methylester가 \\(2.82\\%\\)로 A, B구와 비슷하였다. 그러나 tetradecanoic acid가 \\(20.11\\%\\)로 급격히 증가하여 오렌지에 함유된 유기산이 반응조건에 큰 영향을 미친 것으로 나타났고, (Z)-octadecenoic acid \\(2.42\\%\\) 등 장쇄지방산 및 이들 이성체가 전체 향기성분의 \\(44.38\\%\\)를 차지하였다.",
                        "clue_start": "2915",
                        "clue_end": "3360"
                    }
                ],
                "terminology": [
                    {
                        "word": "(Z)-octadecenoic acid"
                    },
                    {
                        "word": "2-formyl 유도체"
                    },
                    {
                        "word": "2-heptanone"
                    },
                    {
                        "word": "2-methoxy-3-ethylpyrazine"
                    },
                    {
                        "word": "2-methyl-3-furanthiol"
                    },
                    {
                        "word": "2-nonanone"
                    },
                    {
                        "word": "2-pentylfuran"
                    },
                    {
                        "word": "2-thiophene carboxaldehyde"
                    },
                    {
                        "word": "3-mercapto-2-butanone"
                    },
                    {
                        "word": "3-mercapto-2-pentanone"
                    },
                    {
                        "word": "3-methylfuran"
                    },
                    {
                        "word": "5탄당인 ribose"
                    },
                    {
                        "word": "6탄당인 glucose"
                    },
                    {
                        "word": "Ketones"
                    },
                    {
                        "word": "Maillard 반응"
                    },
                    {
                        "word": "Maillard반응"
                    },
                    {
                        "word": "acid"
                    },
                    {
                        "word": "acid류"
                    },
                    {
                        "word": "alanine"
                    },
                    {
                        "word": "alcohol류"
                    },
                    {
                        "word": "aldehyde류"
                    },
                    {
                        "word": "amadori 생성물"
                    },
                    {
                        "word": "bezenedicarboxylic"
                    },
                    {
                        "word": "carbonyl"
                    },
                    {
                        "word": "carbonyl 화합물"
                    },
                    {
                        "word": "cysteine"
                    },
                    {
                        "word": "cystine"
                    },
                    {
                        "word": "deamination"
                    },
                    {
                        "word": "dehydration"
                    },
                    {
                        "word": "dibutylester"
                    },
                    {
                        "word": "ester"
                    },
                    {
                        "word": "ester 화합물"
                    },
                    {
                        "word": "ester류"
                    },
                    {
                        "word": "ethyl"
                    },
                    {
                        "word": "ethyl palmitate"
                    },
                    {
                        "word": "fruc-tose"
                    },
                    {
                        "word": "furan 화합물"
                    },
                    {
                        "word": "furanone"
                    },
                    {
                        "word": "furfural"
                    },
                    {
                        "word": "glucose"
                    },
                    {
                        "word": "glycine"
                    },
                    {
                        "word": "hetero-cyclic 화합물"
                    },
                    {
                        "word": "heterocyclic"
                    },
                    {
                        "word": "heterocyclic sulfur 화합물"
                    },
                    {
                        "word": "hydrocarbon류"
                    },
                    {
                        "word": "ketone류"
                    },
                    {
                        "word": "lactose"
                    },
                    {
                        "word": "maltose"
                    },
                    {
                        "word": "meat flavor"
                    },
                    {
                        "word": "methionine"
                    },
                    {
                        "word": "methoxy"
                    },
                    {
                        "word": "methyl"
                    },
                    {
                        "word": "methylester"
                    },
                    {
                        "word": "methylfurfural"
                    },
                    {
                        "word": "octadecatrienoic"
                    },
                    {
                        "word": "octadecenoic"
                    },
                    {
                        "word": "oxazoles"
                    },
                    {
                        "word": "panel"
                    },
                    {
                        "word": "pyrazine"
                    },
                    {
                        "word": "pyrazine류"
                    },
                    {
                        "word": "ribose"
                    },
                    {
                        "word": "stainless steel 반응조"
                    },
                    {
                        "word": "taurine"
                    },
                    {
                        "word": "tertadecanoic acid"
                    },
                    {
                        "word": "tetradecanoic acid"
                    },
                    {
                        "word": "thiamine"
                    },
                    {
                        "word": "thiazoles"
                    },
                    {
                        "word": "thiophene"
                    },
                    {
                        "word": "thiophenes,"
                    },
                    {
                        "word": "threonine"
                    },
                    {
                        "word": "xylose"
                    },
                    {
                        "word": "구명"
                    },
                    {
                        "word": "단독기질"
                    },
                    {
                        "word": "모델반응"
                    },
                    {
                        "word": "반응계"
                    },
                    {
                        "word": "반응구"
                    },
                    {
                        "word": "반응액"
                    },
                    {
                        "word": "반응영향인자"
                    },
                    {
                        "word": "분자량"
                    },
                    {
                        "word": "비효소적"
                    },
                    {
                        "word": "성상"
                    },
                    {
                        "word": "시료"
                    },
                    {
                        "word": "아미노산"
                    },
                    {
                        "word": "유기산"
                    },
                    {
                        "word": "유리 지방산"
                    },
                    {
                        "word": "이성체"
                    },
                    {
                        "word": "장쇄지방산"
                    },
                    {
                        "word": "주성분"
                    },
                    {
                        "word": "지방산"
                    },
                    {
                        "word": "지방효소"
                    },
                    {
                        "word": "체액-glucose-gly-cine-cysteine계"
                    },
                    {
                        "word": "체액-당 반응"
                    },
                    {
                        "word": "최적조건"
                    },
                    {
                        "word": "필수 아미노산"
                    },
                    {
                        "word": "함황화합물"
                    },
                    {
                        "word": "항황화합물"
                    },
                    {
                        "word": "향기물질"
                    },
                    {
                        "word": "향미"
                    },
                    {
                        "word": "혼합계"
                    },
                    {
                        "word": "화합물"
                    }
                ]
            }
        ]
    }
}