{
    "dataset_info": {
        "identifier": "02-031-002-NL",
        "name": "기술과학 문서 요약 데이터",
        "category": "자연어",
        "last_updated": "2023-08-30"
    },
    "dataset": {
        "doc_id": "8a2ae4d1-433fc4ba-ac0f-4f7c-b8e0-49fbef1dbfd7",
        "doc_type": "논문",
        "doc_title": {
            "kor": "35종 해조류 추출물의 in-vitro 항혈전 활성 평가",
            "eng": ""
        },
        "doc_category": {
            "KDC": "470.5",
            "DDC": ""
        },
        "doc_number": {
            "ISSN": "1225-9918",
            "ISBN": "",
            "DOI": "",
            "UCI": ""
        },
        "doc_year": "2010",
        "doc_author": [
            "안선미",
            "홍용기",
            "권기석",
            "손호용"
        ],
        "doc_publisher": "한국생명과학회",
        "doc_license": "CC BY",
        "context_info": [
            {
                "context_id": "55e-0c9-3de46345-c241-4f59-86bb-07e5c10a406f",
                "context_K-NSCC": {
                    "field": "생명",
                    "large_category": "LA",
                    "medium_category": "04"
                },
                "context": "<p>35 종 해조류 추출물의 성분 분석 결과는 Table 3 에 나타내었다. 총 flavonoid , 총 polyphenol , 총당 및 환원당 함량은 해조류 종류에 따라 다양하였으며, 갈조류의 경우 각각 \\( 14. 83 \\pm 17. 7 \\), \\( 47. 82 \\pm 59. 1 \\), \\( 54. 78 \\pm 17. 6 \\) 및 \\( 23. 39 \\pm 11. 6 \\) \\( \\mathrm {mg} / \\mathrm {g} \\), 홍조류의 경우 각각 \\( 1. 34 \\pm 0. 9 \\), \\( 5. 36 \\pm 2. 5 \\), \\( 84. 07 \\pm 62. 8 \\) 및 \\( 7. 56 \\pm 2. 3 \\) \\( \\mathrm {mg} / \\mathrm {g} \\), 녹조류의 경우 각각 \\( 4. 83 \\pm 1. 8 \\), \\( 11. 88 \\pm 5. 6 \\), \\( 179. 66 \\pm 112. 2 \\) 및 \\( 27. 68 \\pm 14. 3 \\) \\( \\mathrm {mg} / \\mathrm {g} \\)을 나타내어 갈조류는 총 flavonoid , 총 polyphenol 함량이 상대적으로 매우 높으며, 홍조류와 녹조류는 상대적으로 총당 함량이 높음을 알 수 있었다. 각각의 성분과 항혈전 활성의 상관 관계를 검토한 결과, 총당 함량과 항혈전 활성과는 무관하였으며 (상관 계수 0.03~0.036), 항혈전 활성과 가장 뚜렷한 상관 관계를 나타낸 것은 총 flavonoid 함량이었다(상관 계수 0.63~0.69). 부분적으로 총 polyphenol 함량이 높은 경우 TT 값의 연장 활성이 우수한 경우가 있었으나, PT 및 aPTT 와의 상관 관계는 낮게 나타났다(상관 계수 0.53~0.61). 항혈전 활성이 우수한 8종의 시료는 총 flavonoid 함량 및 총 polypheno 함량이 상대적으로 매우 높은 특징을 나타내었으며, 각각 \\( 27. 73 \\pm 18. 8 \\) 및 \\( 90. 58 \\pm 62. 6 \\) \\( \\mathrm {mg} / \\mathrm {g} \\) 의 매우 높은 값을 나타내었다. 따라서 이들은 항혈전 활성 뿐만 아니라 항산화 활성도 매우 우수할 것으로 추측된다. 현재 추출물의 flavonoid 성분 정제를 진행 중에 있으며, 활성 물질의 특성 및 안정성을 검토 중에 있다. 본 결과는 경제적이면서 대량공급이 가능한 해조류로부터 신규의 안전한 항혈전제 개발이 가능함을 제시하고 있으며, 톳 및 야마다모자반과 같이 트롬빈 및 혈장내 응고 인자에 대한 특이 저해제 개발이 가능함을 제시하고 있다.</p>",
                "context_length": 1267,
                "summary": "35종의 해조류 추출물을 분석한 결과, 총당 함량은 항혈전 활성과 관련이 없었으며, 가장 강한 상관관계를 보인 것은 총 flavonoid 함량이었다. 이는 항혈전 활성과 항산화 활성이 뛰어날 것을 예상하게 한다. 이 결과는 해조류를 이용한 안전하고 경제적인 항혈전제 개발 가능성을 시사하며, 특히 톳과 야마다모자반 같은 해조류는 트롬빈과 혈장 내 응고 인자에 대한 특이 저해제 개발에 적합할 것을 제시하고 있다.",
                "clue": [
                    {
                        "clue_text": "35 종 해조류 추출물의 성분 분석 결과는 Table 3 에 나타내었다.",
                        "clue_start": "3",
                        "clue_end": "43"
                    },
                    {
                        "clue_text": "각각의 성분과 항혈전 활성의 상관 관계를 검토한 결과, 총당 함량과 항혈전 활성과는 무관하였으며 (상관 계수 0.03~0.036), 항혈전 활성과 가장 뚜렷한 상관 관계를 나타낸 것은 총 flavonoid 함량이었다(상관 계수 0.63~0.69).",
                        "clue_start": "612",
                        "clue_end": "750"
                    },
                    {
                        "clue_text": "따라서 이들은 항혈전 활성 뿐만 아니라 항산화 활성도 매우 우수할 것으로 추측된다.",
                        "clue_start": "1032",
                        "clue_end": "1078"
                    },
                    {
                        "clue_text": "본 결과는 경제적이면서 대량공급이 가능한 해조류로부터 신규의 안전한 항혈전제 개발이 가능함을 제시하고 있으며, 톳 및 야마다모자반과 같이 트롬빈 및 혈장내 응고 인자에 대한 특이 저해제 개발이 가능함을 제시하고 있다.",
                        "clue_start": "1142",
                        "clue_end": "1263"
                    }
                ],
                "terminology": [
                    {
                        "word": "PT"
                    },
                    {
                        "word": "TT 값"
                    },
                    {
                        "word": "aPTT"
                    },
                    {
                        "word": "flavonoid 함량"
                    },
                    {
                        "word": "polyphenol 함량"
                    },
                    {
                        "word": "갈조류"
                    },
                    {
                        "word": "녹조류"
                    },
                    {
                        "word": "상관 관계"
                    },
                    {
                        "word": "시료"
                    },
                    {
                        "word": "연장 활성"
                    },
                    {
                        "word": "응고 인자"
                    },
                    {
                        "word": "저해제"
                    },
                    {
                        "word": "정제"
                    },
                    {
                        "word": "총 flavonoid"
                    },
                    {
                        "word": "총 polyphenol"
                    },
                    {
                        "word": "총당 함량"
                    },
                    {
                        "word": "트롬빈"
                    },
                    {
                        "word": "항산화 활성도"
                    },
                    {
                        "word": "항혈전 활성"
                    },
                    {
                        "word": "항혈전제"
                    },
                    {
                        "word": "해조류 추출물"
                    },
                    {
                        "word": "환원당"
                    },
                    {
                        "word": "활성 물질"
                    }
                ]
            },
            {
                "context_id": "55e-0c9-ef526120-046e-4b79-86e5-a01fdde20b4c",
                "context_K-NSCC": {
                    "field": "생명",
                    "large_category": "LA",
                    "medium_category": "04"
                },
                "context": "<p>기존의 해조류 물 추출물의 경우 홍조류가 갈조류 및 녹조류보다 상대적으로 우수한 aPTT 연장활성을 나타내는 것으로 보고되어 있으나, 본 연구에서는 갈조류에서 더욱 강력한 항혈전 활성이 나타나는 것이 특이하였으며, 특히 톳과 야마다모자반은 다른 6종과는 달리 각각 aPTT 및 TT 값만을 14배 이상 연장시켰다. 이러한 결과는 다양한 혈전생성 경로 중에서 톳은 내인성 경로의 혈액응고인자 저해를 통해, 야마다모자반은 트롬빈 저해를 통해 항응고 활성을 나타냄을 의미한다. 현재까지 갈조류의 항혈전 성분으로 알려진 물질은 alginic acid와 fucoidan 과 같은 수용성의 고분자 다당류이나, 본 실험에서는 지용성, 저분자 물질들을 대상으로 시료를 조제하였기 때문에 alginic acid 및 fucoidan 에 의한 항혈전 활성은 아닌 것으로 판단된다. 실제 고분자 및 저분자 alginic acid 및 fucoidan (Sigma Co., USA)의 경우 \\( 5\\) \\( \\mathrm{mg} / \\mathrm{ml} \\) 농도까지는 트롬빈의 직접저해는 나타나지 않았다(results not shown). 따라서 본 연구의 갈조류 항혈전 활성물질은 기존의 보고된 물질과는 다른 것으로 판단된다.</p> <p>선별된 8종 해조류 추출물을 대상으로 다양한 농도에서 항혈전 활성을 평가하였다. 먼저 트롬빈 저해의 경우, 알송이모자반에서 가장 강력하였으며 \\( 1\\) \\( \\mathrm{mg} / \\mathrm{ml} \\) 농도에서 대조구의 14배 이상의 TT 연장, \\( 0.25\\) \\( \\mathrm{mg} / \\mathrm{ml} \\) 농도에서 2.4배 TT 연장을 나타내어 아스피린( \\( 1.5\\) \\( \\mathrm{mg} / \\mathrm{ml} \\))이 2.6배의 TT 연장과 비교할만 하였다. 특히 감태의 경우, 농도 의존적으로 트롬빈 저해가 나타났으며 \\( 1.5\\) \\( \\mathrm{mg} / \\mathrm{ml} \\) 농도에서 5.1배의 TT 연장을 나타내었다. 대황 및 넓패는 \\( 2.5\\) \\( \\mathrm{mg} / \\mathrm{ml} \\) 농도에서 14배 이상의 TT 연장효과를 나타내었으나, 곰피, 패, 야마다모자반의 경우 \\( 2.5\\) \\( \\mathrm{mg} / \\mathrm{ml} \\) 농도에서 각각 3.7배, 1.7배 및 2배의 약한 TT 연장 효과를 나타내었다. 프로트롬빈 저해의 경우 역시 알송이모자반에서 가장 강력한 활성이 나타났으며, 대황, 감태, 넓패, 곰피, 패의 순으로 저해가 강력하였다. 야마다모자반의 경우에는 \\( 5\\) \\( \\mathrm{mg} / \\mathrm{ml} \\) 농도까지 프로트롬빈 저해가 나타나지 않아 트롬빈 특이적 저해임을 확인하였다. 혈장내 응고인자 저해를 평가한 경우 곰피, 대황, 넓패 및 알송이모자반은 \\( 1.5 \\) \\( \\mathrm{mg} / \\mathrm{ml} \\) 농도에서 14배 이상 aPTT를 연장시켰으나, 감태는 \\( 2.5 \\) \\( \\mathrm{mg} / \\mathrm{ml} \\) 농도 이상에서, 톳과 패는 각각 \\( 5\\) \\(\\mathrm{mg} / \\mathrm{ml} \\) 이상에서 14배 이상의 연장된 aPTT를 나타내었다. 따라서, 내인성 및 외인성 혈전 생성방지에는 35종의 해조류 중 곰피, 대황, 넓패 및 알송이모자반이 가장 효율적임을 확인하였다.</p>",
                "context_length": 1681,
                "summary": "본 연구에서 해조류 물 추출물의 홍조류, 갈조류 및 녹조류에 대하여 실험을 진행한 결과, 갈조류인 톳과 야마다모자반이 aPTT 및 TT 값만을 14배 이상 연장시키는 강력한 항혈전 활성을 보였다. 이것은 톳이 내인성 경로의 혈액응고인자 저해를, 야마다모자반은 트롬빈 저해로 인해 항응고 활성이 나타는 것을 뜻한다. 선별된 8종 해초류를 대상으로 다양한 농도에서의 항혈전 활성 평가를 진행한 결과, 내인성 및 외인성 혈전 생성방지에는 곰피, 대황, 넓패 및 알송이모자반이 가장 탁월했음을 알 수 있었다.",
                "clue": [
                    {
                        "clue_text": "기존의 해조류 물 추출물의 경우 홍조류가 갈조류 및 녹조류보다 상대적으로 우수한 aPTT 연장활성을 나타내는 것으로 보고되어 있으나, 본 연구에서는 갈조류에서 더욱 강력한 항혈전 활성이 나타나는 것이 특이하였으며, 특히 톳과 야마다모자반은 다른 6종과는 달리 각각 aPTT 및 TT 값만을 14배 이상 연장시켰다.",
                        "clue_start": "3",
                        "clue_end": "178"
                    },
                    {
                        "clue_text": "이러한 결과는 다양한 혈전생성 경로 중에서 톳은 내인성 경로의 혈액응고인자 저해를 통해, 야마다모자반은 트롬빈 저해를 통해 항응고 활성을 나타냄을 의미한다.",
                        "clue_start": "179",
                        "clue_end": "266"
                    },
                    {
                        "clue_text": "선별된 8종 해조류 추출물을 대상으로 다양한 농도에서 항혈전 활성을 평가하였다.",
                        "clue_start": "629",
                        "clue_end": "673"
                    },
                    {
                        "clue_text": "따라서, 내인성 및 외인성 혈전 생성방지에는 35종의 해조류 중 곰피, 대황, 넓패 및 알송이모자반이 가장 효율적임을 확인하였다.",
                        "clue_start": "1605",
                        "clue_end": "1677"
                    }
                ],
                "terminology": [
                    {
                        "word": "aPTT"
                    },
                    {
                        "word": "aPTT 연장활성"
                    },
                    {
                        "word": "alginic acid"
                    },
                    {
                        "word": "fucoidan"
                    },
                    {
                        "word": "갈조류"
                    },
                    {
                        "word": "감태"
                    },
                    {
                        "word": "고분자 다당류"
                    },
                    {
                        "word": "곰피"
                    },
                    {
                        "word": "내인성"
                    },
                    {
                        "word": "내인성 경로"
                    },
                    {
                        "word": "넓패"
                    },
                    {
                        "word": "녹조류"
                    },
                    {
                        "word": "농도 의존적"
                    },
                    {
                        "word": "대조구"
                    },
                    {
                        "word": "대황"
                    },
                    {
                        "word": "시료"
                    },
                    {
                        "word": "아스피린"
                    },
                    {
                        "word": "알송이모자반"
                    },
                    {
                        "word": "야마다모자반"
                    },
                    {
                        "word": "연장효과"
                    },
                    {
                        "word": "외인성"
                    },
                    {
                        "word": "저분자"
                    },
                    {
                        "word": "지용성"
                    },
                    {
                        "word": "톳"
                    },
                    {
                        "word": "트롬빈 저해"
                    },
                    {
                        "word": "특이적 저해"
                    },
                    {
                        "word": "패"
                    },
                    {
                        "word": "프로트롬빈"
                    },
                    {
                        "word": "프로트롬빈 저해"
                    },
                    {
                        "word": "항응고 활성"
                    },
                    {
                        "word": "항혈전 성분"
                    },
                    {
                        "word": "항혈전 활성"
                    },
                    {
                        "word": "해조류 추출물"
                    },
                    {
                        "word": "혈액응고인자 저해"
                    },
                    {
                        "word": "혈장내 응고인자"
                    },
                    {
                        "word": "혈전생성"
                    },
                    {
                        "word": "활성물질"
                    }
                ]
            },
            {
                "context_id": "55e-0c9-b136d590-890f-40ab-b482-f7537ad70a4e",
                "context_K-NSCC": {
                    "field": "생명",
                    "large_category": "LA",
                    "medium_category": "04"
                },
                "context": "<h1>재료 및 방법</h1> <h2>실험재료 및 시료의 조제</h2> <p>본 실험에 사용된 해조류들은 갈조류 17종, 홍조류 11종 및 녹조류 7종의 35종으로, 그 중 33종은 2003년 6월에서 2008년 9월 사이에 부산, 경남, 경북 및 전남에서, 포도송이해초 및 코토니 2종은 각각 2008년 1월 Vietnam 및 2008년 9월 Indonesia에서 구입하여 시료로 사용하였다. 해조류들은 부경대학교에서 동정, 확인하였으며, 각각의 시료는 현재 부경대학교 생물공학과에 보관되어 있다. 채취한 해조류들은 이물질을 제거하고 수돗물로 세척한 후 실온에서 음건하였다. 건조 해조류들은 믹서기로 분쇄 후 \\( -20^\\circ \\mathrm{C} \\)에서 사용 전까지 보관하였다. 메탄올 추출물은 건조분말 해조류에 10배 부피의 메탄올을 가한 후 상온에서 2일 추출하였으며, 이를 4회 반복한 후 추출액을 모아 감압 농축하여 분말로 제조하였다. 사용한 해조류의 상세정보는 Table 1에 나타내었다. 추출물은 DMSO (dimethylsulfoxide)에 녹인 후 적당한 농도로 희석하여 coagulation parameter 인 TT, PT 및 aPTT를 측정하였으며, 활성물길 탐색을 위해 총 flavonoid, 총 polyphenol, 총당 및 환원당 함량을 측정하였다. 사용한 인간혈장은 최근 1개월 동안 약물투여를 받지 않은 지원자의 전혈로부터 조제하였으며, 채혈 후 \\( 4^\\circ \\mathrm{C} \\) 에서 \\( 5,000 \\times g \\) 로 5분 동안 원심분리하여 혈장을 분리하고 냉동보관 하였으며, 필요시 상온에서 해동하여 사용하였다. PT와 aPTT분석에는 MD Pacific Hemostasis (Tianjin MD Pacific Co., China)의 분석시약 및 표준혈장(MD Pacific Co., China )을 사용하여 측정하였다.</p> <h2>항혈전 활성</h2> <p>항혈전 활성은 해조류 시료들의TT, PT 및 aPTT를 측정하여 평가하였으며, 기존의 보고한 방법과 동일하게 Amelung coagulometer KC-1A (Tokyo, Japan)를 이용하여 혈액 응고시간을 측정하여 평가하였다. 시료 대조군으로는 아스피린과 헤파린(Sigma Co., USA)을, 용매 대조군으로는 DMSO를 사용하였다. 시료의 항혈전 활성은, 해조류 시료의 TT, PT 및 aPTT를 각각 3회 이상 반복한 실험의 평균치를 용매 대조구인 DMSO의 TT, PT 및 aPTT 평균치의 비로 각각 나타내었다.</p> <h2>기타 분석</h2> <p>해조류 시료의 총 flavonoid의 함량 측정은 기존의 보고한 방법에 따라 측정하였으며, 각각의 시료를 18시간 메탄올 교반 추출하고 여과한 추출 검액 \\(400\\) \\( \\mu \\mathrm{l}\\)에 \\(90\\%\\) diethylene gly-col \\( 4\\) \\( \\mathrm{ml} \\) 를 첨가하고 다시 \\( 1\\) \\( \\mathrm{N}\\) \\( \\mathrm{NaOH}\\) \\( 40\\) \\( \\mu \\mathrm{l}^{2} \\) 를 넣고 \\( 37^\\circ \\mathrm{C} \\) 에서 1시간 반응 후 \\( 420\\) \\( \\mathrm{nm} \\)에서 흡광도를 측정하였다. 표준시약으로는 rutin을 사용하였다. 총 polyphenol 함량은 추출 검액 \\(400\\) \\( \\mu \\mathrm{l}\\)에 \\(50\\) \\( \\mu \\mathrm{l}\\)의 Folin-ciocalteau, \\( 100\\) \\( \\mu \\mathrm{l} \\)의 \\( \\mathrm{Na_2CO_3} \\) 포화용액을 넣고 실온에서 1시간 방치한 후 \\( 725\\) \\( \\mathrm{~nm} \\)에서 흡광도를 측정하였다. 표준시약으로는 tannic acid를 사용하였다. 총당 정량은 시료 \\( 100\\) \\( \\mu \\mathrm{l} \\) 를 \\( 5 \\% \\) 페놀용액 \\( 300\\) \\( \\mu \\mathrm{l} \\) 및 진한황산 \\( 1.5\\) \\( \\mathrm{ml} \\)를 가하여 실온에서 30분간 반응시킨 후, \\( 490\\) \\( \\mathrm{~nm} \\)에서 흡광도를 측정하여 결정하였으며, sucrose를 이용하여 작성한 표준검량선에 의해 계산하였다. 환원당 정량은 시료용액 \\( 200\\) \\( \\mu \\mathrm{l} \\) 를 dnitrosalicylic acid reagent \\(600\\) \\( \\mu \\mathrm{l} \\)와 잘 혼합한 후 \\( 100^\\circ \\mathrm{C} \\) 에서 10분간 중탕하였고, 실온에서 방냉 후, \\( 546\\) \\( \\mathrm{nm} \\) 에서 흡광도를 측정하였으며, glu-cose를 이용하여 작성한 표준검량선에 의해 계산하였다.</p> <h2>통계분석</h2> <p>실험 결과는 SPSS 18.0 버전을 사용하여 \\( mean \\pm SD \\)로 나타내었으며, 각 군간의 차이는 ANOVA Tukey LSD 통계처리방법으로 통계적 유의성 검정을 조사하였다. 유의수준은 \\( p<0.05 \\)로 하였다. 항혈전 활성과 추출물 성분과의 상관관계 검토는 SigmaPlot 2001 (Ver 7.0)의 linear regression을 이용하였다.</p>",
                "context_length": 2593,
                "summary": "본 실험에서 사용된 해조류들은 갈조류, 홍조류 및 녹조류 총 35종이며, 항혈전 활성과 flavonoid의 함량을 측정하여 그 상관관계를 linear regression을 이용하여 검토하였다.",
                "clue": [
                    {
                        "clue_text": "본 실험에 사용된 해조류들은 갈조류 17종, 홍조류 11종 및 녹조류 7종의 35종으로, 그 중 33종은 2003년 6월에서 2008년 9월 사이에 부산, 경남, 경북 및 전남에서, 포도송이해초 및 코토니 2종은 각각 2008년 1월 Vietnam 및 2008년 9월 Indonesia에서 구입하여 시료로 사용하였다.",
                        "clue_start": "43",
                        "clue_end": "220"
                    },
                    {
                        "clue_text": "항혈전 활성은 해조류 시료들의TT, PT 및 aPTT를 측정하여 평가하였으며, 기존의 보고한 방법과 동일하게 Amelung coagulometer KC-1A (Tokyo, Japan)를 이용하여 혈액 응고시간을 측정하여 평가하였다. 시료 대조군으로는 아스피린과 헤파린(Sigma Co., USA)을, 용매 대조군으로는 DMSO를 사용하였다.",
                        "clue_start": "964",
                        "clue_end": "1154"
                    },
                    {
                        "clue_text": "해조류 시료의 총 flavonoid의 함량 측정은 기존의 보고한 방법에 따라 측정하였으며, 각각의 시료를 18시간 메탄올 교반 추출하고 여과한 추출 검액 \\(400\\) \\( \\mu \\mathrm{l}\\)에 \\(90\\%\\) diethylene gly-col \\( 4\\) \\( \\mathrm{ml} \\) 를 첨가하고 다시 \\( 1\\) \\( \\mathrm{N}\\) \\( \\mathrm{NaOH}\\) \\( 40\\) \\( \\mu \\mathrm{l}^{2} \\) 를 넣고 \\( 37^\\circ \\mathrm{C} \\) 에서 1시간 반응 후 \\( 420\\) \\( \\mathrm{nm} \\)에서 흡광도를 측정하였다. 표준시약으로는 rutin을 사용하였다.",
                        "clue_start": "1281",
                        "clue_end": "1639"
                    },
                    {
                        "clue_text": "항혈전 활성과 추출물 성분과의 상관관계 검토는 SigmaPlot 2001 (Ver 7.0)의 linear regression을 이용하였다.",
                        "clue_start": "2512",
                        "clue_end": "2589"
                    }
                ],
                "terminology": [
                    {
                        "word": "ANOVA"
                    },
                    {
                        "word": "ANOVA Tukey"
                    },
                    {
                        "word": "ANOVA Tukey LSD"
                    },
                    {
                        "word": "Amelung coagulometer"
                    },
                    {
                        "word": "DMSO"
                    },
                    {
                        "word": "Folin-ciocalteau"
                    },
                    {
                        "word": "LSD"
                    },
                    {
                        "word": "LSD 통계처리방법"
                    },
                    {
                        "word": "PT"
                    },
                    {
                        "word": "SD"
                    },
                    {
                        "word": "SPSS"
                    },
                    {
                        "word": "SigmaPlot"
                    },
                    {
                        "word": "TT"
                    },
                    {
                        "word": "Tukey"
                    },
                    {
                        "word": "aPTT"
                    },
                    {
                        "word": "acid"
                    },
                    {
                        "word": "coagulometer"
                    },
                    {
                        "word": "diethylene gly-col"
                    },
                    {
                        "word": "dimethylsulfoxide"
                    },
                    {
                        "word": "flavonoid"
                    },
                    {
                        "word": "glu-cose"
                    },
                    {
                        "word": "linear regression"
                    },
                    {
                        "word": "parameter"
                    },
                    {
                        "word": "polyphenol"
                    },
                    {
                        "word": "polyphenol 함량"
                    },
                    {
                        "word": "reagent"
                    },
                    {
                        "word": "rutin"
                    },
                    {
                        "word": "sucrose"
                    },
                    {
                        "word": "tannic"
                    },
                    {
                        "word": "tannic acid"
                    },
                    {
                        "word": "갈조류"
                    },
                    {
                        "word": "감압"
                    },
                    {
                        "word": "감압 농축"
                    },
                    {
                        "word": "검액"
                    },
                    {
                        "word": "검정"
                    },
                    {
                        "word": "교반"
                    },
                    {
                        "word": "교반 추출"
                    },
                    {
                        "word": "녹조류"
                    },
                    {
                        "word": "대조군"
                    },
                    {
                        "word": "동정"
                    },
                    {
                        "word": "메탄올"
                    },
                    {
                        "word": "메탄올 교반 추출"
                    },
                    {
                        "word": "메탄올 추출물"
                    },
                    {
                        "word": "방냉"
                    },
                    {
                        "word": "분석시약"
                    },
                    {
                        "word": "상관관계"
                    },
                    {
                        "word": "상관관계 검토"
                    },
                    {
                        "word": "시료"
                    },
                    {
                        "word": "시료 대조군"
                    },
                    {
                        "word": "시료용액"
                    },
                    {
                        "word": "실험의 평균치"
                    },
                    {
                        "word": "여과"
                    },
                    {
                        "word": "용매"
                    },
                    {
                        "word": "용매 대조군"
                    },
                    {
                        "word": "원심분리"
                    },
                    {
                        "word": "유의성"
                    },
                    {
                        "word": "유의성 검정"
                    },
                    {
                        "word": "유의수준"
                    },
                    {
                        "word": "음건"
                    },
                    {
                        "word": "전혈"
                    },
                    {
                        "word": "진한황산"
                    },
                    {
                        "word": "채혈"
                    },
                    {
                        "word": "통계분석"
                    },
                    {
                        "word": "통계적 유의성"
                    },
                    {
                        "word": "통계적 유의성 검정"
                    },
                    {
                        "word": "평균치"
                    },
                    {
                        "word": "포화용액"
                    },
                    {
                        "word": "표준검량선"
                    },
                    {
                        "word": "표준시약"
                    },
                    {
                        "word": "표준시약으"
                    },
                    {
                        "word": "표준혈장"
                    },
                    {
                        "word": "항혈전"
                    },
                    {
                        "word": "항혈전 활성"
                    },
                    {
                        "word": "헤파린"
                    },
                    {
                        "word": "혈장"
                    },
                    {
                        "word": "환원당"
                    },
                    {
                        "word": "환원당 정량"
                    },
                    {
                        "word": "흡광도"
                    },
                    {
                        "word": "희석"
                    }
                ]
            },
            {
                "context_id": "55e-0c9-2181ef7d-31e5-4503-bd9e-ed36ae81c171",
                "context_K-NSCC": {
                    "field": "생명",
                    "large_category": "LA",
                    "medium_category": "04"
                },
                "context": "<h1>결과 및 고찰</h1> <p>35종 해조류의 메탄올 추출효율은 \\( 1.83 \\% \\) (작은구슬산호말) \\(13.19\\% \\)(잘피) 로 다양하였으며, 평균 추출율은 \\(5.92 \\pm 2.43 \\% \\)였다. 17종 갈조류의 평균 추출율은 \\( 6.29 \\pm 2.42 \\% \\), 11종 흥조류의 평균 추출율은 \\( 5.25 \\pm 1.90 \\% \\) 및 7 종 녹조류의 평균 추출율은 \\( 6.19 \\pm 3.27 \\% \\) 로 거의 유사하였다. 그러나, 잘피, 대황, 알송이모자반, 감태 등은 \\( 8 \\% \\) 이상의 높은 추출효율을 나타내었다. 이러한 추출율은 해조류의 채취시기와 채취장소에 따라 차이가 나리라 예상되므로 각각의 해조류의 특성으로 볼 수는 없으나, 유효활성물질의 경제성 평가 등의 기본자료로 이용될 것이다. 조제된 메탄올 추출물을 대상으로 TT, PT 및 aPTT를 조사한 결과는 Table 2에 나타내었다. TT는 혈전생성에 있어 가장 중요한 트롬빈 활성화에 의해 피브리노젠이 피브린으로 전환되어 나타나는 혈전생성까지의 시간을 나타내는 수치로, 본 실험에서는 용매대조구로 사용된 DMSO 첨가구에서 평균 32.5초를 나타내었다. PT는 주로 외인계 응고 인자의 결핍 및 이상을 검출하는 검사로, 혈장에 조직 트롬보플라스틴과 칼슘을 첨가한 경우 피브린으로 석출될 때까지의 시간을 말하며 본 실험에서 시료 무첨가구는18.5초를 나타내었다. 한편 aPTT는 혈장내 응고 인자의 결핍을 측정하는 방법으로 수술 전의 환자 및 출혈성 소인의 일반검사에서 이용되고 있으며, 본 실험에서 시료 무첨가구는 39.5초를 나타내었다. 먼저 활성 대조구로 사용된 아스피린은 \\( 1.5\\) \\( \\mathrm{mg} / \\mathrm{ml} \\) 농도에서 용매 대조구에 비해 약 2.6배의 증가된 TT 값을 나타내었고, PT 및 aPTT 에는 거의 영향을 나타내지 않았다. 헤파린은 \\( 1.5\\) \\( \\mathrm{\\mu g} / \\mathrm{ml} \\) 농도에서 용매 대조구의 14배 이상의 연장된 TT 값을 나타내어 우수한 항트롬빈 활성을 나타내었다. 그러나 헤파린 역시 PT 및 aPTT 값의 변화를 거의 나타내지 않아, 아스피린과 헤파린은 트롬빈의 저해를 통해 항혈전 활성을 나타냄을 확인하였다. 한편 해조류 시료 농도 \\( 5\\) \\( \\mathrm{mg} / \\mathrm{ml} \\)에서 TT를 측정한 결과, 갈조류 17종류 중 감태, 곰피, 대황, 넓패, 패, 알송이모자반 및 야마다모자반의 7종에서 14배 이상 연장된 TT 값을 나타내었다. 반면 홍조류와 녹조류에서는 트롬빈 저해활성이 인정되지 않았다. PT 측정 결과, 트롬빈 저해활성이 나타난 7종 중 야마다모자반을 제외한 6종에서 강력한 프로트롬빈 저해활성이 나타났다. aPTT 측정에서는, 프로트롬빈 저해활성이 나타난 6종의 시료(알송이모자반, 감태, 곰피, 대황, 넓패, 및 패) 및 톳에서 14배 이상 연장된 aPTT 값을 나타내어 내인성 유래 혈전생성을 강력하게 억제함을 확인하였다. 그 외 모자반(모자반, 괭생이모자반 및 야마다모자반), 지충이, 청각, 파래(잎파래 및 구멍갈파래) 등은 2.5~3.4배 이상의 연장된 aPTT 값을 나타내어 기존 보고와 유사하였다. 그러나 본 실험에서는 14배 이상의 강력한 항응고 활성을 나타내는 감태, 곰피, 대황, 넓패, 패, 알송이모자반, 야마다모자반 및 톳의 8종 갈조류를 선별하였으며, 감태, 패, 톳을 제외한 5종에서는 트롬빈 저해활성이 보고된 바 없다.</p>",
                "context_length": 1741,
                "summary": "해조류 \\(5.92 \\pm 2.43 \\% \\), 갈조류 \\( 6.29 \\pm 2.42 \\% \\), 홍조류 \\( 6.29 \\pm 2.42 \\% \\), 녹조류 \\( 6.19 \\pm 3.27 \\% \\)와 같이 메탄올 추출효율의 평균에서 각각의 그룹에서는 유사한 수치를 확인할 수 있었다. 잘피, 대황, 알송이모자반, 감태는 \\(8 \\%\\)이상의 높은 수치를 확인 하였다. 채취의 시기, 장소 등에 따라 차이가 있어 명확한 특성이 아닌 유효활성물질의 평가 등의 기본자료로 정도로 이용할 수 있다.",
                "clue": [
                    {
                        "clue_text": "35종 해조류의 메탄올 추출효율은 \\( 1.83 \\% \\) (작은구슬산호말) \\(13.19\\% \\)(잘피) 로 다양하였으며, 평균 추출율은 \\(5.92 \\pm 2.43 \\% \\)였다.",
                        "clue_start": "20",
                        "clue_end": "122"
                    },
                    {
                        "clue_text": "17종 갈조류의 평균 추출율은 \\( 6.29 \\pm 2.42 \\% \\), 11종 흥조류의 평균 추출율은 \\( 5.25 \\pm 1.90 \\% \\) 및 7 종 녹조류의 평균 추출율은 \\( 6.19 \\pm 3.27 \\% \\) 로 거의 유사하였다.",
                        "clue_start": "123",
                        "clue_end": "257"
                    },
                    {
                        "clue_text": "그러나, 잘피, 대황, 알송이모자반, 감태 등은 \\( 8 \\% \\) 이상의 높은 추출효율을 나타내었다.",
                        "clue_start": "258",
                        "clue_end": "315"
                    },
                    {
                        "clue_text": "이러한 추출율은 해조류의 채취시기와 채취장소에 따라 차이가 나리라 예상되므로 각각의 해조류의 특성으로 볼 수는 없으나, 유효활성물질의 경제성 평가 등의 기본자료로 이용될 것이다.",
                        "clue_start": "316",
                        "clue_end": "415"
                    }
                ],
                "terminology": [
                    {
                        "word": "DMSO"
                    },
                    {
                        "word": "PT"
                    },
                    {
                        "word": "TT"
                    },
                    {
                        "word": "TT 값"
                    },
                    {
                        "word": "aPTT"
                    },
                    {
                        "word": "aPTT 값"
                    },
                    {
                        "word": "aPTT 측정"
                    },
                    {
                        "word": "갈조류"
                    },
                    {
                        "word": "감태"
                    },
                    {
                        "word": "곰피"
                    },
                    {
                        "word": "괭생이모자반"
                    },
                    {
                        "word": "구멍갈파래"
                    },
                    {
                        "word": "내인성"
                    },
                    {
                        "word": "넓패"
                    },
                    {
                        "word": "녹조류"
                    },
                    {
                        "word": "대조구"
                    },
                    {
                        "word": "대황"
                    },
                    {
                        "word": "메탄올"
                    },
                    {
                        "word": "메탄올 추출물"
                    },
                    {
                        "word": "메탄올 추출효율"
                    },
                    {
                        "word": "모자반"
                    },
                    {
                        "word": "무첨가구"
                    },
                    {
                        "word": "소인"
                    },
                    {
                        "word": "시료"
                    },
                    {
                        "word": "시료 무첨가구"
                    },
                    {
                        "word": "아스피린"
                    },
                    {
                        "word": "알송이모자반"
                    },
                    {
                        "word": "야마다모자반"
                    },
                    {
                        "word": "외인계"
                    },
                    {
                        "word": "용매"
                    },
                    {
                        "word": "용매대조구"
                    },
                    {
                        "word": "유효활성물질"
                    },
                    {
                        "word": "응고 인자"
                    },
                    {
                        "word": "잎파래"
                    },
                    {
                        "word": "작은구슬산호말"
                    },
                    {
                        "word": "잘피"
                    },
                    {
                        "word": "저해"
                    },
                    {
                        "word": "저해활성"
                    },
                    {
                        "word": "조직 트롬보플라스틴"
                    },
                    {
                        "word": "지충이"
                    },
                    {
                        "word": "첨가구"
                    },
                    {
                        "word": "청각"
                    },
                    {
                        "word": "추출효율"
                    },
                    {
                        "word": "칼슘"
                    },
                    {
                        "word": "트롬빈"
                    },
                    {
                        "word": "트롬빈 저해활성"
                    },
                    {
                        "word": "패"
                    },
                    {
                        "word": "프로트롬빈"
                    },
                    {
                        "word": "프로트롬빈 저해활성"
                    },
                    {
                        "word": "피브리노젠"
                    },
                    {
                        "word": "피브린"
                    },
                    {
                        "word": "항응고"
                    },
                    {
                        "word": "항응고 활성"
                    },
                    {
                        "word": "항트롬빈"
                    },
                    {
                        "word": "항트롬빈 활성"
                    },
                    {
                        "word": "항혈전"
                    },
                    {
                        "word": "항혈전 활성"
                    },
                    {
                        "word": "해조류"
                    },
                    {
                        "word": "헤파린"
                    },
                    {
                        "word": "혈장"
                    },
                    {
                        "word": "혈전생성"
                    },
                    {
                        "word": "홍조류"
                    },
                    {
                        "word": "활성 대조구"
                    },
                    {
                        "word": "활성화"
                    },
                    {
                        "word": "흥조류"
                    }
                ]
            },
            {
                "context_id": "55e-0c9-3bcb57ca-cb89-4280-b7b0-37017c9a76e0",
                "context_K-NSCC": {
                    "field": "생명",
                    "large_category": "LA",
                    "medium_category": "04"
                },
                "context": "<h1>서 론</h1> <p>해양은 지구 표면적의 약 \\( 70 \\% \\) 를 차지하며, 지구 상 생물종의 \\( 80 \\% \\) 이상이 생존하는 주요 서식처이다. 또한 해양은 지구 온도조절 및 모든 생명체의 생존을 지탱해주는 중요한 역할을 수행하고 있다. 인류는 수많은 해양생물 종들을 식용, 약용 및 화장품 등의 다양한 용도로 이용하여 왔다. 한편 한국은 삼면이 바다로 둘러싸여 다양한 해산물들을 쉽게 얻을 수 있으며, 특히 해조류의 경우 중국, 필리핀, 일본에 이어 세계 4위의 생산국이다. 김, 미역, 다시마, 청각, 파래, 톳 등의 다양한 해조류는 단백질과 미네랄이 풍부하여 유용 식용자원으로 이용되어 왔으며, 건제품, 염장품 및 조미품 등으로 직접 이용하거나 또는 다른 식품의 부재료로 첨가되기도 하며, 최근에는 해조류의 다양한 건강기능성이 알려지면서 환, 정, 드링크 등의 가공제품으로 출시되고 있다. 과거 해조류에 대한 연구는 주로 양식, 수확 및 저장에 관한 연구가 대부분이었으나, 최근에는 해조류의 중금속 제거 활성, 고지혈증 예방 및 angiotensin-I 전환효소 저해에 의한 항고혈압 활성, 항돌연변이 및 항암 활성, 항염증, 항산화, 항적조, 항균 활성 및 항응고 활성 등의 다양한 생리활성이 보고되고 있다. 따라서 향후 식품, 의약품 및 화장품 분야에서의 해조류의 이용은 폭발적으로 증가되리라 판단된다.</p> <p>한편, 인구의 고령화와 현대사회의 고도화에 따라 혈전성 질환이 빠르게 증가되고 있으며 이러한 혈전성 질환에 해조류가 긍정적으로 작용함이 알려져 있다. 혈전증은 외인성 또는 내인성 요인에 의한 혈전의 과다생성으로 인해 혈액 순환이 비정상적인 상태를 말하며, 혈액순환 장해, 혈행속도 감소, 혈액점도 이상 및 이로 인한 조직 기관의 손상 등의 문제점을 야기하며, 특히 심혈관 및 뇌혈관 이상의 경우 생명이 위협받기도 한다. 본 연구팀에서는 와파린, 헤파린, 아스피린 등 기존 항혈전제가 가진 경구투여 불가, 사용범위 제한 및 위장장해 등의 문제점을 보완할 수 있는 안전성이 우수한 신규의 항혈전제 개발을 목표로 장기간 연구하여 왔으며, 약용 및 야생식물, 산채류, 국내 자생곤충, 기능성 쌀, 천연 향신료 및 전통주 등으로부터 항혈전제 및 트롬빈 직접 저해제를 선별, 개발하여 왔다. 따라서 본 연구에서는 안전성이 확보된 식용자원인 해조류의 항혈전 활성 평가 및 신규의 항혈전제 개발 가능성을 검토하고자 하였다. 대부분의 기존 연구가 해조류의 열수 및 냉수 추출물을 조제하고, fucoidan과 같은 고분자 해조다당류를 대상으로 내인성 경로에 의한 항혈전 활성을 평가한 것과는 달리, 본 연구에서는 해조류의 메탄올 추출물을 조제하고 저분자의 지용성 물질을 대상으로 thrombin time (TT), prothrombin time (PT), activated partial throm-boplastin time (aPTT)을 평가하였다. 그 결과 수종의 갈조류에서 매우 강력한 항혈전 활성을 확인하고, 유의성 있는 결과를 얻었기에 이에 보고하는 바이다.</p>",
                "context_length": 1511,
                "summary": "인구 고령화와 사회의 고도화가 혈전성 질환 증가를 유발하는 가운데, 식용 해조류의 긍정적 역할이 주목받고 있다. 본 연구는 식용 해조류의 항혈전 활성을 평가하고 새로운 항혈전제 개발 가능성을 탐구하였다. 여기서 고분자 해조다당류가 아닌, 저분자 지용성 물질에 집중하였으며, 이를 위해 해조류의 메탄올 추출물을 사용하였다. 그 결과, 갈조류에서 강력한 항혈전 활성을 발견하였다.",
                "clue": [
                    {
                        "clue_text": "한편, 인구의 고령화와 현대사회의 고도화에 따라 혈전성 질환이 빠르게 증가되고 있으며 이러한 혈전성 질환에 해조류가 긍정적으로 작용함이 알려져 있다.",
                        "clue_start": "696",
                        "clue_end": "779"
                    },
                    {
                        "clue_text": "따라서 본 연구에서는 안전성이 확보된 식용자원인 해조류의 항혈전 활성 평가 및 신규의 항혈전제 개발 가능성을 검토하고자 하였다.",
                        "clue_start": "1133",
                        "clue_end": "1204"
                    },
                    {
                        "clue_text": "대부분의 기존 연구가 해조류의 열수 및 냉수 추출물을 조제하고, fucoidan과 같은 고분자 해조다당류를 대상으로 내인성 경로에 의한 항혈전 활성을 평가한 것과는 달리, 본 연구에서는 해조류의 메탄올 추출물을 조제하고 저분자의 지용성 물질을 대상으로 thrombin time (TT), prothrombin time (PT), activated partial throm-boplastin time (aPTT)을 평가하였다.",
                        "clue_start": "1205",
                        "clue_end": "1442"
                    },
                    {
                        "clue_text": "그 결과 수종의 갈조류에서 매우 강력한 항혈전 활성을 확인하고, 유의성 있는 결과를 얻었기에 이에 보고하는 바이다.",
                        "clue_start": "1443",
                        "clue_end": "1507"
                    }
                ],
                "terminology": [
                    {
                        "word": "PT"
                    },
                    {
                        "word": "TT"
                    },
                    {
                        "word": "aPTT"
                    },
                    {
                        "word": "angiotensin-I"
                    },
                    {
                        "word": "angiotensin-I 전환효소"
                    },
                    {
                        "word": "fucoidan"
                    },
                    {
                        "word": "prothrombin"
                    },
                    {
                        "word": "prothrombin time"
                    },
                    {
                        "word": "thrombin"
                    },
                    {
                        "word": "thrombin time"
                    },
                    {
                        "word": "갈조류"
                    },
                    {
                        "word": "건제품"
                    },
                    {
                        "word": "경구투여"
                    },
                    {
                        "word": "고분자 해조다당류"
                    },
                    {
                        "word": "고지혈증"
                    },
                    {
                        "word": "기능성 쌀"
                    },
                    {
                        "word": "내인성"
                    },
                    {
                        "word": "내인성 경로"
                    },
                    {
                        "word": "냉수 추출물"
                    },
                    {
                        "word": "메탄올"
                    },
                    {
                        "word": "메탄올 추출물"
                    },
                    {
                        "word": "미네랄"
                    },
                    {
                        "word": "산채류"
                    },
                    {
                        "word": "생리활성"
                    },
                    {
                        "word": "아스피린"
                    },
                    {
                        "word": "열수"
                    },
                    {
                        "word": "염장품"
                    },
                    {
                        "word": "와파린"
                    },
                    {
                        "word": "외인성"
                    },
                    {
                        "word": "위장장해"
                    },
                    {
                        "word": "유의성"
                    },
                    {
                        "word": "자생곤충"
                    },
                    {
                        "word": "저분자"
                    },
                    {
                        "word": "저해"
                    },
                    {
                        "word": "저해제"
                    },
                    {
                        "word": "전환효소"
                    },
                    {
                        "word": "제거 활성"
                    },
                    {
                        "word": "조미품"
                    },
                    {
                        "word": "중금속"
                    },
                    {
                        "word": "중금속 제거 활성"
                    },
                    {
                        "word": "지용성"
                    },
                    {
                        "word": "지용성 물질"
                    },
                    {
                        "word": "트롬빈"
                    },
                    {
                        "word": "트롬빈 직접 저해제"
                    },
                    {
                        "word": "항고혈압"
                    },
                    {
                        "word": "항고혈압 활성"
                    },
                    {
                        "word": "항균 활성"
                    },
                    {
                        "word": "항돌연변"
                    },
                    {
                        "word": "항돌연변이"
                    },
                    {
                        "word": "항산화"
                    },
                    {
                        "word": "항암 활성"
                    },
                    {
                        "word": "항염증"
                    },
                    {
                        "word": "항응고"
                    },
                    {
                        "word": "항응고 활성"
                    },
                    {
                        "word": "항적조"
                    },
                    {
                        "word": "항혈전"
                    },
                    {
                        "word": "항혈전 활성"
                    },
                    {
                        "word": "항혈전 활성 평가"
                    },
                    {
                        "word": "항혈전제"
                    },
                    {
                        "word": "해조다당류"
                    },
                    {
                        "word": "헤파린"
                    },
                    {
                        "word": "혈전"
                    },
                    {
                        "word": "혈전증"
                    },
                    {
                        "word": "혈행속도"
                    }
                ]
            }
        ]
    }
}