{
    "dataset_info": {
        "identifier": "02-031-002-NL",
        "name": "기술과학 문서 요약 데이터",
        "category": "자연어",
        "last_updated": "2023-08-30"
    },
    "dataset": {
        "doc_id": "8a2ae4d1-0927a0b1-9c35-4f0a-8921-af29ed58d512",
        "doc_type": "논문",
        "doc_title": {
            "kor": "꿀풀 추출물의 유산균에 대한 생육과 항산화 활성 및 어류 병원성 미생물에 대한 항균활성",
            "eng": ""
        },
        "doc_category": {
            "KDC": "470.5",
            "DDC": ""
        },
        "doc_number": {
            "ISSN": "1225-9918",
            "ISBN": "",
            "DOI": "",
            "UCI": ""
        },
        "doc_year": "2007",
        "doc_author": [
            "문영건",
            "여인규",
            "허문수"
        ],
        "doc_publisher": "한국생명과학회",
        "doc_license": "CC BY",
        "context_info": [
            {
                "context_id": "55e-0c9-merge_la_8a2ae4d1-0927a0b1-9c35-4f0a-8921-af29ed58d512_04",
                "context_K-NSCC": {
                    "field": "생명",
                    "large_category": "LA",
                    "medium_category": "08"
                },
                "context": "<h1>결과 및 고찰</h1> <h2>Lactic acid bacteria의 생육</h2> <p>Lactic acid bacteria의 생육조건 알아보기 위해 Lactobacilli MRS broth에서 72시간 동안 배양 하면서 균수의 변화 및 \\( \\mathrm { pH } \\) 변화를 측정한 결과 E. faccium, L. rhamnosus, L. plantarum, P. pentosaceus 배양액 흡광도가 48시간 배양하였을 때 가장 높은 흡광도 값을 나타내고 있으며 48시간 이후에는 흡광도 값이 감소하였다. 48시간 배양액을 glucose 함량을 \\( 1 \\% \\) 높인 BCP plate count agar(Eiken chemical, Japan)에 \\( 100 \\mu \\mathrm { l } \\)를 도말하여 colony를 계측한 결과 L. plantarum은 \\( 2.3 \\times 10 ^ { 9 } \\mathrm { cfu } / \\) \\( \\mathrm { ml } \\), L. rhamnosus는 \\( 2.1 \\times 10 ^ { 9 } \\mathrm { cfu } / \\mathrm { ml } \\) 그리고 E. faceium, P. pentosaceus는 \\( 2.2 \\times 10 ^ { 9 } \\mathrm { cfu } / \\mathrm { ml } \\)로 나타났다. 또한 배양 48시간에 각 배양액의 \\( \\mathrm { pH } \\)는 초기 6.5~6.7에서 \\( \\mathrm { pH } 3.9 \\)로 변화 되었다.</p> <h2>자생식물 추출물 첨가에 따른 lactic acid bacteria의 생육</h2> <p>제주도 야생에서 채집한 꿀풀 잎과 꽃을 \\( 100 ^ {\\circ } \\mathrm { C } \\) 수용상에서 추출한 추출액을 lactic acid bacteria 배양 배지인 Lactobacilli MRS broth에 \\( 0 \\%, 5 \\%, 10 \\%, 15 \\%, 20 \\% \\)씩 첨가하여 72시간동안 배양하면서 E. faecium, L. rhamnosus, L. plantarum, P. pentosaceus 생육에 미치는 영향을 조사하였다. 그 결과를 Table 2, 3에 나타내었다.</p> <p>결과에서도 나타났듯이 꿀풀 잎과 꽃 추출액을 \\( 10 \\% \\) 농도에서 4종의 lactic acid bacteria에 생육에 가장 높은 영향을 미치는 것을 알 수가 있었다. Table. 2에서 꿀풀 잎 추출액 같은 경우는 \\( 10 \\% \\) 농도를 첨가 하였을 때 L. plantarum에 가장 높은 영향을 나타내었으며, 다음으로 L. rhamnosus와 E. faecium이다.</p> <p>꿀풀 꽃 추출액 같은 경우에서도 꿀풀 잎 추출액 \\( 10 \\% \\) 농도를 첨가하였을 때와 마찬가지로 L. plantarum 생육에 가장 높은 영향을 미친다는 것으로 나타났으며, 다음으로 L. rhamnosus, E. faecium, P. pentosaceus 순으로 나타났다. 그러나 꿀풀 잎과 꽃 추출액을 비교하였을 때는 꿀풀 꽃 추출액을 첨가하였을 때가 L. plantarum 뿐만 아니라 L. rhamnosus, E. faecium, P. pentosaceus 생육에 더 좋은 영향을 미치고 있다는 것을 알 수가 있다. 이는 Choi 등, Kim 등, Koo 등의 약용식물 및 천연산물 추출물이 유산균 생육에 미치는 영향 시험결과와 유사하였다.</p>",
                "context_length": 1704,
                "summary": "Lactic acid bacteria의 생육조건을 알아보기 위해 실험을 하고 측정한 결과 4종의 Lactic acid bacteria 배양액 흡광도는 48시간 배양시 가장 높은 흡광도를 나타냈고 이후에는 감소했다. 제주도 야생의 꿀풀 잎과 꽃을 72시간 동안 배양하면서 Lactic acid bacteria 생육에 미치는 영향을 조사했다. 결과에서는 꿀풀 잎과 꽃 추출액은 \\( 10 \\% \\) 농도에서 생육에 가장 큰 영향을 미치는 것을 알 수 있다. 하지만 꿀풀 잎과 꽃 추출액을 비교하면 꿀풀 꽃 추출액이 생육에 더 좋은 영향을 미치고 있음을 알 수 있다.",
                "clue": [
                    {
                        "clue_text": "Lactic acid bacteria의 생육조건 알아보기 위해 Lactobacilli MRS broth에서 72시간 동안 배양 하면서 균수의 변화 및 \\( \\mathrm { pH } \\) 변화를 측정한 결과 E. faccium, L. rhamnosus, L. plantarum, P. pentosaceus 배양액 흡광도가 48시간 배양하였을 때 가장 높은 흡광도 값을 나타내고 있으며 48시간 이후에는 흡광도 값이 감소하였다.",
                        "clue_start": "54",
                        "clue_end": "292"
                    },
                    {
                        "clue_text": "결과에서도 나타났듯이 꿀풀 잎과 꽃 추출액을 \\( 10 \\% \\) 농도에서 4종의 lactic acid bacteria에 생육에 가장 높은 영향을 미치는 것을 알 수가 있었다.",
                        "clue_start": "1112",
                        "clue_end": "1210"
                    },
                    {
                        "clue_text": "제주도 야생에서 채집한 꿀풀 잎과 꽃을 \\( 100 ^ {\\circ } \\mathrm { C } \\) 수용상에서 추출한 추출액을 lactic acid bacteria 배양 배지인 Lactobacilli MRS broth에 \\( 0 \\%, 5 \\%, 10 \\%, 15 \\%, 20 \\% \\)씩 첨가하여 72시간동안 배양하면서 E. faecium, L. rhamnosus, L. plantarum, P. pentosaceus 생육에 미치는 영향을 조사하였다.",
                        "clue_start": "825",
                        "clue_end": "1079"
                    },
                    {
                        "clue_text": "그러나 꿀풀 잎과 꽃 추출액을 비교하였을 때는 꿀풀 꽃 추출액을 첨가하였을 때가 L. plantarum 뿐만 아니라 L. rhamnosus, E. faecium, P. pentosaceus 생육에 더 좋은 영향을 미치고 있다는 것을 알 수가 있다.",
                        "clue_start": "1492",
                        "clue_end": "1630"
                    }
                ],
                "terminology": [
                    {
                        "word": "BCP plate count agar"
                    },
                    {
                        "word": "E. faceium"
                    },
                    {
                        "word": "E. faecium"
                    },
                    {
                        "word": "E. faecium, P. pentosaceus"
                    },
                    {
                        "word": "L. plantarum"
                    },
                    {
                        "word": "L. rhamnosus"
                    },
                    {
                        "word": "Lactic acid bacteria"
                    },
                    {
                        "word": "Lactobacilli MRS broth"
                    },
                    {
                        "word": "P. pentosaceus"
                    },
                    {
                        "word": "colony"
                    },
                    {
                        "word": "glucose"
                    },
                    {
                        "word": "plantarum"
                    },
                    {
                        "word": "생육조건"
                    },
                    {
                        "word": "자생식물"
                    },
                    {
                        "word": "흡광도 값"
                    }
                ]
            },
            {
                "context_id": "55e-0c9-merge_la_8a2ae4d1-0927a0b1-9c35-4f0a-8921-af29ed58d512_00",
                "context_K-NSCC": {
                    "field": "생명",
                    "large_category": "LA",
                    "medium_category": "08"
                },
                "context": "<h1>서 론</h1> <p>경제성장의 발달로 풍족한 식생활을 영위하며 평균수명도 날로 증가하고 있으나, 식생활 패턴의 변화로 인해 많은 질병에 노출되고 있다. 이로 인해 최근 들어 천연물을 중심으로 한 학문이 발전을 하면서 천연식물에 대한 관심이 높아지고 있다. 이러한 육상 천연식물자원을 활용하는 방법은 크게 두 가지로 나누어 생각해 볼 수 있다. 하나는, 식물이 함유하고 있는 탄수화물, 지방유, 셀룰로오스 등과 같은 양적으로 대량생산되는 1차 대사산물을 식품 첨가제, 식량 등으로 이용하는 것과 다른 하나는 식물의 2차 대사산물을 활용하는 것이다. 이러한 2차 대사산물은 식물 종에 따라 함유량이 다르겠지만 1차 대사산물에 비하여 매우 적은 양만이 식물에 함유되어 있다. 특히 물질에 따라 특정 식물에만 국한되어 존재하는 것도 식물이 가지는 2차 대사산물의 특징이다. 이렇듯 육상식물이 가지고 있는 다양한 생리활성 효능을 나타내는 천연 물질에 대하여 많은 연구가 이루어지고 있다. 이러한 효능 중에서도 항균효능에 대한 연구는 식품, 의약품, 화장품, 양식업, 축산업 등 관련분야에서 적용이 되고 있는데 이는 생리활성 물질을 생산하는 공장이라고 불려질 만큼 다양한 물질을 생산해내고 특히 자기방어 기작과 관련한 대사물질의 천연 항균에 잠재력이 있다는 연구에 기초하고 있다고 생각되어진다. 식품분야에서 식물의 항균효능에 관한 연구는 인체 안전성의 문제점이 제기된 sorbate, benzoate, propionate 등과 같은 기존 화학합성 보존제를 대체할 수 있는 천연방부제, 천연보존제의 개발이 주로 진행되어오고 있다. 그리고 식물의 2차 대사산물의 다양한 생리활성 효능 중에서 항산화 효과를 들 수가 있다. 생물체는 산화촉진물질(prooxidant)과 산화억제물질(antioxidant)이 균형을 이루고 있으나 여러 가지 요인들에 의하여 이런 균형상태가 무너지면 산화촉진 방향으로 균형이 기울어져 산화적 스트레스가(oxidative stress)가 유발되어 잠재적인 세포손상이나 병리적 질환을 일으키게 된다. 이러한 산화적 스트레스의 직접적 원인이 되는 활성산소종(reactive oxygen species, ROS)은 호흡을 하는 대부분의 생물에서 필수적으로 생성되는 부산물이다. ROS에서 유래되는 산소 라디칼은 자유라디칼 중에서 가장 많은 부분을 차지하며, 비공유 전자를 갖고 있기 때문에 불안정하고 반응력이 높아 생체물질과 쉽게 반응하게 되고, 끊임없이 체내 고분자를 공격하여 결국은 세포와 조직에 비가역적인 손상을 초래하거나 돌연변이, 세포독성 및 발암 등을 초래하여 생체나 식품에 문제가 되고 있다. 이를 방지하기 위해 수많은 합성 또는 천연 항산화 물질이 개발되어 왔으나, 그 효과와 경제성 및 안전성 때 문에 실제로 많이 사용되고 있는 것은 합성 항산화제인 BHA(Butylated Hydroxy Anisole), BHT(Butylated Hydroxy Toluene)이며, 천연 항산화제로는 tocopherol 정도이다. 그러나 합성항산화제인 BHA, BHT를 실험동물에 고농도로 투여 할 경우에는 간 비대증이 유발되거나 발암성을 나타내는 것으로 알려져 있다. 따라서 천연으로부터 얻은 항산화제를 인공합성물에 대체하려는 시도가 많이 이루어지고 있 다. 현재 천연물 중 가장 많이 사용되고 있는 것이 tocopherol이나 식물성 기름에 효과가 낮고 가격이 고가인 결점이 있다. 따라서 인체에 무해하고 항산화력이 우수한 천연 항산화제에 관한 연구가 오래전부터 진행되어 왔으며, 대부분의 식물들의 항산화능 물질들은 phenolic 및 flavonoid 계 통의 화합물로 알려져 있으며, 특히 식물계내에는 대부분 phenolic 화합물로 보고되어져 있다. 지구상 현화식물 250,000종 중에 약 \\( 20 \\% \\) 정도가 각 지역의 민속약용식물로서 연구되어지고 있다. 우리나라의 경우 약 4,500여 종의 고등식물이 존재하고 있다고 추정되고 있다.</p>",
                "context_length": 1947,
                "summary": "천연물 중심의 학문이 발전하면서 천연 식물에 대한 연구가 활발해지고 있다. 천연 식물은 1차 대사산물(탄수화물, 지방유, 셀룰로오스 등)과 2차 대사산물을 포함하고 있으며, 이들은 다양한 생리활성 효능을 갖는다. 특히, 항균효능에 대한 연구는 식품, 의약품, 화장품 등 다양한 분야에 적용되고 있으며, 이는 천연 식물이 다양한 물질을 생산하고, 자기 방어와 관련된 대사물질의 항균성에 잠재력이 있음을 근거로 한다. 이에 따라, 천연 항산화제를 인공 합성물로 대체하는 시도가 증가하고 있다.",
                "clue": [
                    {
                        "clue_text": "이로 인해 최근 들어 천연물을 중심으로 한 학문이 발전을 하면서 천연식물에 대한 관심이 높아지고 있다.",
                        "clue_start": "90",
                        "clue_end": "147"
                    },
                    {
                        "clue_text": "하나는, 식물이 함유하고 있는 탄수화물, 지방유, 셀룰로오스 등과 같은 양적으로 대량생산되는 1차 대사산물을 식품 첨가제, 식량 등으로 이용하는 것과 다른 하나는 식물의 2차 대사산물을 활용하는 것이다.",
                        "clue_start": "197",
                        "clue_end": "310"
                    },
                    {
                        "clue_text": "이렇듯 육상식물이 가지고 있는 다양한 생리활성 효능을 나타내는 천연 물질에 대하여 많은 연구가 이루어지고 있다.",
                        "clue_start": "434",
                        "clue_end": "496"
                    },
                    {
                        "clue_text": "이러한 효능 중에서도 항균효능에 대한 연구는 식품, 의약품, 화장품, 양식업, 축산업 등 관련분야에서 적용이 되고 있는데 이는 생리활성 물질을 생산하는 공장이라고 불려질 만큼 다양한 물질을 생산해내고 특히 자기방어 기작과 관련한 대사물질의 천연 항균에 잠재력이 있다는 연구에 기초하고 있다고 생각되어진다.",
                        "clue_start": "497",
                        "clue_end": "667"
                    },
                    {
                        "clue_text": "따라서 천연으로부터 얻은 항산화제를 인공합성물에 대체하려는 시도가 많이 이루어지고 있 다.",
                        "clue_start": "1560",
                        "clue_end": "1610"
                    }
                ],
                "terminology": [
                    {
                        "word": "BHA"
                    },
                    {
                        "word": "BHT"
                    },
                    {
                        "word": "Hydroxy"
                    },
                    {
                        "word": "ROS"
                    },
                    {
                        "word": "Toluene"
                    },
                    {
                        "word": "benzoate"
                    },
                    {
                        "word": "flavonoid"
                    },
                    {
                        "word": "phenolic"
                    },
                    {
                        "word": "phenolic 화합물"
                    },
                    {
                        "word": "propionate"
                    },
                    {
                        "word": "sorbate"
                    },
                    {
                        "word": "tocopherol"
                    },
                    {
                        "word": "대사물질"
                    },
                    {
                        "word": "대사산물"
                    },
                    {
                        "word": "민속약용식물"
                    },
                    {
                        "word": "병리적 질환"
                    },
                    {
                        "word": "보존제"
                    },
                    {
                        "word": "비공유 전자"
                    },
                    {
                        "word": "산소 라디칼"
                    },
                    {
                        "word": "산화억제물질"
                    },
                    {
                        "word": "산화촉진물질"
                    },
                    {
                        "word": "생리활성 물질"
                    },
                    {
                        "word": "생리활성 효능"
                    },
                    {
                        "word": "셀룰로오스"
                    },
                    {
                        "word": "식물성 기름"
                    },
                    {
                        "word": "육상식물"
                    },
                    {
                        "word": "자기방어"
                    },
                    {
                        "word": "자유라디칼"
                    },
                    {
                        "word": "천연 항산화 물질"
                    },
                    {
                        "word": "천연 항산화제"
                    },
                    {
                        "word": "천연보존제"
                    },
                    {
                        "word": "천연식물"
                    },
                    {
                        "word": "합성"
                    },
                    {
                        "word": "항균효능"
                    },
                    {
                        "word": "항산화 효과"
                    },
                    {
                        "word": "항산화능"
                    },
                    {
                        "word": "항산화력"
                    },
                    {
                        "word": "현화식물"
                    },
                    {
                        "word": "화학합성"
                    },
                    {
                        "word": "활성산소종"
                    }
                ]
            },
            {
                "context_id": "55e-0c9-merge_la_8a2ae4d1-0927a0b1-9c35-4f0a-8921-af29ed58d512_05",
                "context_K-NSCC": {
                    "field": "생명",
                    "large_category": "LA",
                    "medium_category": "08"
                },
                "context": "<p>이상의 결과로 보았을 때 lactic acid bacteria만을 배양 하였을 때나 꿀풀 추출액을 농도별로 첨가하여 배양하였을 때 모두 48시간이 최적 배양시간임을 확인할 수가 있었다. 또한 Lactobacilli MRS broth 배지에서 lactic acid bacteria만을 배양하였을 때 보다 자생식물 추출물을 첨가하여 배양하였을 때 균수가 증가하는 결과를 볼 수 있다.</p> <h2>항균활성 측정</h2> <p>어류 병원성 미생물인 그람 양성균 1종과 그람 음성균 12종에 대하여 꿀풀 잎과 꽃 추출액을 \\( 10 \\% \\) 첨가하여 배양한 lactic acid bacteria 배양액을 가지고 항균활성을 측정하였다. 그 결과를 살펴보면 꿀풀 잎과 꽃 추출액을 첨가한 시료에서 모든 항균실험 균주에 대하여 강한 항균 활성을 나타내고 있다. 그 중에서도 추출액을 첨가하여 배양한 L. plantarum 시료에서 가장 강한 항균활성을 나타내었다. 다음으로 L. rhamnosus, E. faecium, P. pentosaceus 순으로 나타났다. 특히 꿀풀 꽃 추출액을 첨가한 시료에서는 꿀풀 잎 추출액을 첨가하여 배양한 시료보다 전체적으로 높은 항균활성을 나타내었다. Min 등의 꿀풀 열수 추출물을 가지고 실험한 결과보다 높은 항균활성을 나타내었다. 이는 꿀풀 추출액이 lactic acid bacteria 발효에 영향을 미쳐 항균활성을 증가시켰다고 사료되어진다.</p> <h2>DPPH radical 소거활성 측정</h2> <p>채집된 꿀풀 잎과 꽃 열수 추출액을 첨가하여 48시간 배양한 lactic acid bacteria 배양액의 항산화능을 DPPH에 대한 전자공여능(electron donating ability, EDA ( \\( \\% \\)))으로 측정 하였다. 일반적으로 특정 물질에 대한 항산화 활성을 측정하는 방법에는 여러 가지가 있으나 그 중에서도 DPPH radical 소거활성법은 비교적 간단하면서 여러 개의 샘플을 동시에 측정할 수 있는 방법으로 흔히 이용되고 있다. DPPH 는 자신이가지고 있는 흘수의 전자 때문에 \\( 518 \\mathrm { ~nm } \\)에서 강한 흡수 band를 보이나 phenolic 화합물과 같이 수소에 전자를 제공해주는 전자공여체와 반응을 하게 되면 전자나 hydrogen radical을 받아 phenoxy radical을 생성하게 된다. 따라서 흡수 band도 사라지게 되고 안정한 분자가 된다. 또한 공여된 전자는 비가역적으로 결합하며 그 수에 비계하여 진보라색의 DPPH의 색깔은 점점 옅어지게 되고 흡광도도 감소하게 된다. 꿀풀 잎과 꽃 열수 추출액을 농도별로 첨가하여 48시간 배양한 4종의 lactic acid bacteria 배양액에 전자공여능(EDA)을 측정하였다. 또한 꿀풀 잎과 꽃 열수 추출액 자체의 효과를 Fig. 2에 나타내어 추출물 자체의 효과인지 추출물에 의해서 lactic acid bacteria가 영향을 받아 효과를 나타내는지를 비교하였 다. 꿀풀 잎과 꽃 열수 추출액 자체의 전자공여능을 측정한 결과에서는 \\( 20 \\% \\) 농도에서 꿀풀 꽃 추출액이 가장 높은 활성 \\( 65 \\% \\)을 나타내었고 반면 꿀풀 잎과 꽃 열수 추출액을 농도별로 첨가하여 48시간 배양한 L. plantarum, L. rhamnosus, E. faecium, P. pentosaceus 배양액에서는 꿀풀 잎과 꽃 열수 추출액 자체만을 측정한 결과보다 훨씬 높은 전자공여능을 나타내었다. 각 추출액을 \\( 5 \\% \\) 첨가하였을 때부터 높은 활성을 나타내기 시작하였으며 추출액을 \\( 10 \\% \\)를 첨가하였을 경우 가장 높은 전자공여능을 나타내었다. 그 중에서도 꿀풀 꽃 추출액을 첨가하여 배양한 L. plantarum, L. rhamnosus 배양액의 전자공여능을 합성 항산화제인 BHA와 BHT의 전자공여능과 비교하였을 때 BHA( \\( 90 \\% \\))와는 유사하거나 조금 높은 활성을 BHT( \\(81 \\%) \\)보다는 높은 라디칼 소거활성을 나타내었다. 추출액을 첨가하여 배양한 E. faecium, P. pentosaceus 배양액에서도 L. plantarum, L. rhamnosus 배양액 보다는 못하지만 식물 자체의 전자공여능 보다는 높은 활성을 나타내었다. Joo 등의 열수추출물 항산화 활성 시험결과와 비교하였을 때 본 연구에서 측정한 꿀풀 추출물 자체의 전자공여능은 낮았으나 꿀풀 추출물을 lactic acid bacteria에 첨가하여 배양한 배양액을 추출하여 시험한 결과에서는 높은 전자공여능을 나타내었다. 이와 같은 결과로 L. plantarum, L. rhamnosus에 꿀풀 꽃 추출액을 첨가할 경우 전자공여능이 높게 나타났으며 이는 꿀풀 꽃 추출액이 lactic acid bacteria 발효에 영향을 미치는 것으로 생각되어진다.</p>",
                "context_length": 2387,
                "summary": "꿀풀 추출액을 농도별로 첨가하여 어류 병원성 미생물균에서 배양한 lactic acid bacteria 배양액의 항균활성을 측정하였다. Lactobacilli MRS broth 배지에서 lactic acid bacteria를 배양하였다. 꿀풀 잎과 꽃 추출액을 첨가하여 배양한 시료에서 강한 항균 활성이 나타났다. 꿀풀 추출액을 농도별로 첨가하여 배양한 lactic acid bacteria 배양액의 전체적으로 높은 항균활성도 측정되었다.",
                "clue": [
                    {
                        "clue_text": "어류 병원성 미생물인 그람 양성균 1종과 그람 음성균 12종에 대하여 꿀풀 잎과 꽃 추출액을 \\( 10 \\% \\) 첨가하여 배양한 lactic acid bacteria 배양액을 가지고 항균활성을 측정하였다.",
                        "clue_start": "240",
                        "clue_end": "355"
                    },
                    {
                        "clue_text": "또한 Lactobacilli MRS broth 배지에서 lactic acid bacteria만을 배양하였을 때 보다 자생식물 추출물을 첨가하여 배양하였을 때 균수가 증가하는 결과를 볼 수 있다.",
                        "clue_start": "107",
                        "clue_end": "215"
                    },
                    {
                        "clue_text": "그 결과를 살펴보면 꿀풀 잎과 꽃 추출액을 첨가한 시료에서 모든 항균실험 균주에 대하여 강한 항균 활성을 나타내고 있다.",
                        "clue_start": "356",
                        "clue_end": "423"
                    },
                    {
                        "clue_text": "특히 꿀풀 꽃 추출액을 첨가한 시료에서는 꿀풀 잎 추출액을 첨가하여 배양한 시료보다 전체적으로 높은 항균활성을 나타내었다.",
                        "clue_start": "538",
                        "clue_end": "606"
                    },
                    {
                        "clue_text": "그 중에서도 추출액을 첨가하여 배양한 L. plantarum 시료에서 가장 강한 항균활성을 나타내었다.",
                        "clue_start": "424",
                        "clue_end": "481"
                    }
                ],
                "terminology": [
                    {
                        "word": "BHA"
                    },
                    {
                        "word": "BHT"
                    },
                    {
                        "word": "DPPH"
                    },
                    {
                        "word": "DPPH radical 소거활성법"
                    },
                    {
                        "word": "E. faecium, P. pentosaceus"
                    },
                    {
                        "word": "EDA"
                    },
                    {
                        "word": "L. plantarum"
                    },
                    {
                        "word": "L. rhamnosus"
                    },
                    {
                        "word": "Lactobacilli MRS broth"
                    },
                    {
                        "word": "P. pentosaceus"
                    },
                    {
                        "word": "band"
                    },
                    {
                        "word": "hydrogen"
                    },
                    {
                        "word": "lactic acid bacteria 배양액"
                    },
                    {
                        "word": "phenolic"
                    },
                    {
                        "word": "phenoxy radical"
                    },
                    {
                        "word": "plantarum"
                    },
                    {
                        "word": "균주"
                    },
                    {
                        "word": "그람 양성균"
                    },
                    {
                        "word": "그람 음성균"
                    },
                    {
                        "word": "꿀풀"
                    },
                    {
                        "word": "라디칼 소거활성"
                    },
                    {
                        "word": "발효"
                    },
                    {
                        "word": "배지"
                    },
                    {
                        "word": "병원성"
                    },
                    {
                        "word": "비가역적"
                    },
                    {
                        "word": "수소"
                    },
                    {
                        "word": "시료"
                    },
                    {
                        "word": "열수 추출액"
                    },
                    {
                        "word": "열수추출물"
                    },
                    {
                        "word": "자생식물"
                    },
                    {
                        "word": "전자공여능"
                    },
                    {
                        "word": "합성"
                    },
                    {
                        "word": "항균실험"
                    },
                    {
                        "word": "항균활성"
                    },
                    {
                        "word": "항산화 활성"
                    },
                    {
                        "word": "항산화능"
                    }
                ]
            },
            {
                "context_id": "55e-0c9-merge_la_8a2ae4d1-0927a0b1-9c35-4f0a-8921-af29ed58d512_07",
                "context_K-NSCC": {
                    "field": "생명",
                    "large_category": "LA",
                    "medium_category": "08"
                },
                "context": "<p>그러나 꿀풀 잎과 꽃 열수 추출액을 농도별 첨가하여 48시간 배양한 lactic acid bacteria 배양액의 HSA 결과를 살펴보면 \\( 5 \\% \\) 추출액을 첨가하여 48시간 배양한 모든 lactic acid bacteria 배양액에서 BHT보다 높은 소거활성을 나타내기 시작하였으며, \\( 10 \\% \\) 첨가한 경우는 모든 lactic acid bacteria 배양액에서 BHA보다 높은 hydroxyl radical 소거 활성을 나타내었다.</p> <p>그 중에서도 꿀풀 꽃 추출액을 \\( 10 \\% \\) 첨가한 L. plantarum 배양액에서 가장 높은 hydroxyl radical 소거 활성을 나타내었다. 또한 L. plantarum 보다는 약하지만 꿀풀 꽃 추출액을 \\( 10 \\% \\)를 첨가한 L. rhamnosus, E. faecium, P. pentosaceus 배양액에서도 꿀풀 잎 추출액을 첨가한 시료보다 높은 활성을 나타내었다.</p> <p>이와 같은 결과로 lactic acid bacteria에 꿀풀 잎과 꽃 열수 추출액을 첨가하여 배양할 경우 꿀풀 잎과 꽃 자체의 HSA보다 횔씬 높은 HSA를 나타내었다. 그리고 꿀풀 잎 보다는 꽃에서 더 높은 hydroxyl radical 소거 활성을 나타내었다. 이는 꿀풀 꽃 추출액이 잎보다는 lactic acid bacteria 발효에 더 좋은 영향을 미치는 것으로 생각되어진다.</p> <h1>요 약</h1> <p>본 연구는 제주도에서 채집된 꿀풀을 꽃과 잎 부위별로 나누어 각 부위를 열수 추출하여 각 추출액을 농도별로 첨가하여 E. faccium KCCM 12118, L. rhamnosus KCCM 32826, L. plantarum KCCM 11542, P. pentosaceus KCCM 40464 균종에 대하여 생육에 미치는 영향과 그 배양액을 가지고 DPPH 라 디칼 소거활성 및 Hydroxyl radical 소거활성 그리고 어류 질병 미생물에 대한 항균활성을 조사하였다.</p> <p>꿀풀의 꽃과 잎 추출액을 농도별로 첨가하여 4종의 lactic acid bacteria를 72시간 배양하면서 생육활성을 보았을 때 \\( 10 \\% \\)를 첨가하여 48시간 배양 하였을 때가 가장 좋은 생육조건임을 알 수가 있었으며, 또한 lactic acid bacteria 생육시 꿀풀 꽃과 잎 추출액 첨가가 lactic acid bacteria 증식에 효과가 있음을 나타내었다. DPPH 라디칼 소거활성에서는 꿀풀 꽃 추출액을 \\( 10 \\% \\) 첨가하여 배양하였을 때 합성 항산화제인 BHA \\( (90 \\%) \\)와 BHT \\( (81 \\%) \\)의 EDA와 비교하였을 때 BHA와 유사하거나 조금 높은 활성을 BHT보다는 높은 라디칼 소거활성을 나타내었다. Hydroxyl radical 소거활성은 \\(5 \\% \\) 꿀풀 각 부위의 추출액을 첨가한 배양액에서부터 BHT보다 높은 소거활성을 나타내기 시작하여 \\( 10 \\% \\)를 첨가한 배양액에서는 BHA보다 높은 소거 활성을 나타내었다.</p>",
                "context_length": 1511,
                "summary": "꿀풀 잎과 꽃의 열수 추출액을 각각 다양한 농도로 첨가하여 48시간 동안 유산균을 배양하였을 때, \\( 5 \\% \\) 이상 농도에서 BHT를 초과하는 소거활성을, \\( 10 \\% \\) 이상 농도에서는 BHA를 초과하는 hydroxyl radical 소거활성을 보였다. 특히, \\( 10 \\% \\) 농도의 꿀풀 꽃 추출액을 첨가한 L. plantarum 배양액과 pentosaceus 배양액에서 가장 높은 활성을 관찰하였다. 이로써, 꿀풀의 열수 추출액을 첨가한 유산균 배양액은 꿀풀 자체보다 상당히 높은 HSA를 나타내는 것으로 밝혀졌다.",
                "clue": [
                    {
                        "clue_text": "그러나 꿀풀 잎과 꽃 열수 추출액을 농도별 첨가하여 48시간 배양한 lactic acid bacteria 배양액의 HSA 결과를 살펴보면 \\( 5 \\% \\) 추출액을 첨가하여 48시간 배양한 모든 lactic acid bacteria 배양액에서 BHT보다 높은 소거활성을 나타내기 시작하였으며, \\( 10 \\% \\) 첨가한 경우는 모든 lactic acid bacteria 배양액에서 BHA보다 높은 hydroxyl radical 소거 활성을 나타내었다.",
                        "clue_start": "3",
                        "clue_end": "257"
                    },
                    {
                        "clue_text": "그 중에서도 꿀풀 꽃 추출액을 \\( 10 \\% \\) 첨가한 L. plantarum 배양액에서 가장 높은 hydroxyl radical 소거 활성을 나타내었다.",
                        "clue_start": "265",
                        "clue_end": "353"
                    },
                    {
                        "clue_text": "pentosaceus 배양액에서도 꿀풀 잎 추출액을 첨가한 시료보다 높은 활성을 나타내었다.",
                        "clue_start": "435",
                        "clue_end": "486"
                    },
                    {
                        "clue_text": "이와 같은 결과로 lactic acid bacteria에 꿀풀 잎과 꽃 열수 추출액을 첨가하여 배양할 경우 꿀풀 잎과 꽃 자체의 HSA보다 횔씬 높은 HSA를 나타내었다.",
                        "clue_start": "494",
                        "clue_end": "589"
                    }
                ],
                "terminology": [
                    {
                        "word": "BHA"
                    },
                    {
                        "word": "BHT"
                    },
                    {
                        "word": "DPPH 라디칼 소거활성"
                    },
                    {
                        "word": "E. faccium"
                    },
                    {
                        "word": "E. faecium, P. pentosaceus"
                    },
                    {
                        "word": "HSA"
                    },
                    {
                        "word": "Hydroxyl radical 소거활성"
                    },
                    {
                        "word": "KCCM"
                    },
                    {
                        "word": "L. plantarum"
                    },
                    {
                        "word": "L. rhamnosus"
                    },
                    {
                        "word": "P. pentosaceus"
                    },
                    {
                        "word": "hydroxyl radical 소거 활성"
                    },
                    {
                        "word": "lactic acid bacteria 배양액"
                    },
                    {
                        "word": "plantarum"
                    },
                    {
                        "word": "균종"
                    },
                    {
                        "word": "꿀풀"
                    },
                    {
                        "word": "발효"
                    },
                    {
                        "word": "생육"
                    },
                    {
                        "word": "생육활성"
                    },
                    {
                        "word": "시료"
                    },
                    {
                        "word": "어류 질병 미생물"
                    },
                    {
                        "word": "열수 추출액"
                    },
                    {
                        "word": "증식"
                    },
                    {
                        "word": "합성"
                    },
                    {
                        "word": "항균활성"
                    }
                ]
            },
            {
                "context_id": "55e-0c9-merge_la_8a2ae4d1-0927a0b1-9c35-4f0a-8921-af29ed58d512_03",
                "context_K-NSCC": {
                    "field": "생명",
                    "large_category": "LA",
                    "medium_category": "08"
                },
                "context": "<p>전자 공여능(Electron donating ability, EDA( \\( \\% \\)))은 꿀풀 꽃과 잎 열수 추출액을 농도별로 첨가하여 배양시킨 lactic acid bacteria 배양액과 control의 흡광도 감소율로 나타내었다.</p> <p>EDA( \\( \\% \\)) = (1- 꿀풀 꽃과 잎 열수 추출액을 농도별로 첨가하여 배양시킨 lactic acid bacteria 배양액 흡광도/ control의 흡광도 \\( ) \\times 100 \\)</p> <h2>Hydroxyl radical 소거활성 측정</h2> <p>농도별로 희석된 꿀풀 꽃과 잎 열수 추출액을 농도별로 첨가하여 48시간 배양시킨 lactic acid bacteria 배양액의 hydroxyl radical \\( ( \\mathrm { OH } \\cdot) \\) 소거활성능을 조사하기 위해 2-deoxy-ribose oxidation method 방법을 변형하여 측정하였다.</p> <p>시험관에 \\( 10 \\mathrm { mM } \\mathrm { FeSO } 4 \\) / EDTA 용액 \\( 0.2 \\mathrm { ml } , 10 \\mathrm { mM } \\) 2-de-oxyribose \\( 0.2 \\mathrm { ml } \\), 농축액 \\( 0.2 \\mathrm { ml } \\)와 \\( 0.1 \\mathrm { mM } \\) phosphate buffer \\( \\left ( \\mathrm { pH } \\right . \\) 7.4) \\( 1 \\mathrm { ml } , 10 \\mathrm { mM } \\mathrm { H } _ { 2 } \\mathrm { O } _ { 2 } 0.2 \\mathrm { ml } \\)를 가하고 \\( 37 ^ {\\circ } \\mathrm { C } \\)에서 4시간 동안 반응 시킨 후, \\( 2.8 \\% \\) TCA (trichloroacetic acid)용액 \\( 1 \\mathrm { ml } \\)를 가하여 반응을 중지 시켰다. 그 후, \\( 1.0 \\% \\) TBA (thiobarbituric acid)용액 \\( 1 \\mathrm { ml } \\)를 가하여 \\( 100 ^ {\\circ } \\mathrm { C } \\)에서 10분간 가열시킨 후 급속히 냉각시켜 \\( 532 \\mathrm { ~nm } \\)에서 흡광도를 측정하 였으며 시료에 대한 가준시료는 DPPH액을 가지고 측정하였다. \\( \\mathrm { OH } \\) 소거활성은 HSA (hydroxyl radical scavenging ability)로 표기 하였으며 다음과 같은 식으로 계산 하였다.</p> <p>\\( \\operatorname { HSA } ( \\%)=[1-[( \\) absorbance of sample at \\( 532 \\mathrm { ~nm } ) / \\) (absorbance of control at \\( 532 \\mathrm { ~nm } )]] \\times 100 \\)</p>",
                "context_length": 1462,
                "summary": "꿀풀 꽃과 잎 열수 추출액을 농도별로 달리 첨가 배양한 lactic acid bacteria 배양액과 control 간의 흡광도 감소율(EDA)을 측정하기 위하여, 2-deoxy-ribose oxidation method 방법을 변형하여 hydroxyl radical 소거활성능을 측정하였다. HSA로 표기하여 sample과 control의 흡광도를 비교하여 EDA를 계산하였다.",
                "clue": [
                    {
                        "clue_text": "전자 공여능(Electron donating ability, EDA( \\( \\% \\)))은 꿀풀 꽃과 잎 열수 추출액을 농도별로 첨가하여 배양시킨 lactic acid bacteria 배양액과 control의 흡광도 감소율로 나타내었다.",
                        "clue_start": "3",
                        "clue_end": "135"
                    },
                    {
                        "clue_text": "EDA( \\( \\% \\)) = (1- 꿀풀 꽃과 잎 열수 추출액을 농도별로 첨가하여 배양시킨 lactic acid bacteria 배양액 흡광도/ control의 흡광도 \\( ) \\times 100 \\)",
                        "clue_start": "143",
                        "clue_end": "256"
                    },
                    {
                        "clue_text": "농도별로 희석된 꿀풀 꽃과 잎 열수 추출액을 농도별로 첨가하여 48시간 배양시킨 lactic acid bacteria 배양액의 hydroxyl radical \\( ( \\mathrm { OH } \\cdot) \\) 소거활성능을 조사하기 위해 2-deoxy-ribose oxidation method 방법을 변형하여 측정하였다.",
                        "clue_start": "298",
                        "clue_end": "478"
                    },
                    {
                        "clue_text": "\\( \\mathrm { OH } \\) 소거활성은 HSA (hydroxyl radical scavenging ability)로 표기 하였으며 다음과 같은 식으로 계산 하였다.",
                        "clue_start": "1194",
                        "clue_end": "1290"
                    },
                    {
                        "clue_text": "\\( \\operatorname { HSA } ( \\%)=[1-[( \\) absorbance of sample at \\( 532 \\mathrm { ~nm } ) / \\) (absorbance of control at \\( 532 \\mathrm { ~nm } )]] \\times 100 \\)",
                        "clue_start": "1298",
                        "clue_end": "1458"
                    }
                ],
                "terminology": [
                    {
                        "word": "2-de-oxyribose"
                    },
                    {
                        "word": "DPPH액"
                    },
                    {
                        "word": "EDA"
                    },
                    {
                        "word": "EDTA 용액"
                    },
                    {
                        "word": "HSA"
                    },
                    {
                        "word": "Hydroxyl radical 소거활성"
                    },
                    {
                        "word": "TBA"
                    },
                    {
                        "word": "TCA"
                    },
                    {
                        "word": "absorbance"
                    },
                    {
                        "word": "control"
                    },
                    {
                        "word": "lactic acid bacteria 배양액"
                    },
                    {
                        "word": "oxidation"
                    },
                    {
                        "word": "phosphate buffer"
                    },
                    {
                        "word": "scavenging"
                    },
                    {
                        "word": "꿀풀 꽃과 잎 열수 추출액"
                    },
                    {
                        "word": "소거활성능"
                    },
                    {
                        "word": "시료"
                    },
                    {
                        "word": "전자 공여능"
                    },
                    {
                        "word": "흡광도 감소율"
                    },
                    {
                        "word": "희석"
                    }
                ]
            },
            {
                "context_id": "55e-0c9-merge_la_8a2ae4d1-0927a0b1-9c35-4f0a-8921-af29ed58d512_06",
                "context_K-NSCC": {
                    "field": "생명",
                    "large_category": "LA",
                    "medium_category": "08"
                },
                "context": "<h2>Hydroxyl radical 소거활성 측정</h2> <p>Free radical이란 제일 바깥쪽 전자각에 짝지어지지 않은 전자(unpaired electron)를 포함하는 화학종으로 대체로 강한 반응성을 나타낸다. 이들은 탐식작용, prostaglandin 합성과 같은 생리적 과정에서 뿐만 아니라 많은 효소촉매반응의 중간물질로서 중요한 역할을 하고 있다. 그러나 강한 반응성 때문에 인접한 세포성분들을 무차별 공격하여 손상을 일으킬 수 있다. Free radical 중에 생체 내에서 가장 빈번히 출현하고 따라서 중요하게 취급되는 것이 산소 radical이다. 주요 산소 radical로는 superoxide \\( \\left ( \\mathrm { O } _ { 2 } - \\right ) \\), hydroxyl \\( ( \\mathrm { OH } \\cdot) \\), perhydroxyl \\( \\left ( \\mathrm { HO } _ { 2 } \\cdot \\right ) \\), alkoxy(RO \\( \\left . \\cdot \\right ) \\), peroxy(ROO \\( \\left . \\cdot \\right ) \\) radical 등이 있다. 그 외 radical은 아니지만 반응성이 강한 산소종으로 과산화수소 \\( \\left ( \\mathrm { H } _ { 2 } \\mathrm { O } _ { 2 } \\right ) \\)와 singlet oxygen이 있다. Singlet oxygen은 분자산소와는 달이 외각의 전자 2개의 spin방향이 서로 반대로 되어 있어 불안정하다. 이상에서 열거한 여러 형태의 산소를 가리켜 흔히 reactive oxygen species(ROS, 활성 산소)라 부르는데 그 중에서도 hydroxyl radical과 singlet oxygen이 수용액 중에서 가장 강한 반응성을 나타내어 지질산화를 개시하고 DNA에 손상을 주거나 돌연변이를 유발하는 물질로 알려져 있고, 생체의 대사과정에서 생성되는 지질의 과산화물이나 과산화수소 \\( \\left ( \\mathrm { H } _ { 2 } \\mathrm { O } _ { 2 } \\right ) \\)가 \\( \\mathrm { Fe } ^ { 2 } + \\)나 \\( \\mathrm { Cu } ^ { 2 } + \\) 이온의 존재하에서 생산되며 가장 독성이 강한 free radical이므로 이 라디칼을 소거하는 정도를 측정 하였다. 합성 항산화제인 BHT(butylated hydroxytoluene)와 BHA(butylated hydroxyanisole)를 대조구로 사용하여 꿀풀 잎과 꽃 열수 추출액의 농도별 첨가하여 48시간 배양한 Lactic acid bacteria 배양액에 대하여 hydroxyl radical scavenging activity(HSA) 측정 하였다. 또한 꿀풀 잎과 꽃 열수 추출액 자체의 효과를 Fig. 7에 나타내어 추출물 자체의 효과인지 추출물에 의해서 lactic acid bacteria가 영향을 받아 효과를 나타내는지를 비교하였다. 대조구로 사용 된 합성 항산화제인 BHA는 \\( 63 \\% \\), BHT는 \\( 54 \\% \\)에 Hydroxyl radical 소거활성을 나타내었다. 반면, 꿀풀 잎과 꽃 열수 추출액을 \\( 20 \\% \\) 첨가하였을 때 각각 \\( 40 \\% \\), \\( 45 \\% \\)에 Hydroxyl radical 소거활성을 나타내었다.</p>",
                "context_length": 1686,
                "summary": "hydroxyl radical이 활성 산소 중 가장 강한 반응성을 나타내어 DNA에 손상을 주는 물질로 알려져 있는 free radical이므로, 본 논문은 이 라디칼을 소거하는 정도를 측정하였으며, 합성 항산화제인 BHT와 BHA를 대조구로 하여 lactic acid bacteria 배양액에 대해 HSA를 측정하였다. 대조구로 사용된 BHA는 \\( 63 \\% \\), BHT는 \\( 54 \\% \\)의 Hydroxyl radical 소거활성을 보였으며, 꿀풀 잎과 꽃 열수 추출액을 첨가한 경우에는 각각 \\( 40 \\% \\), \\( 45 \\% \\)의 Hydroxyl radical 소거활성을 나타내었다.",
                "clue": [
                    {
                        "clue_text": "이상에서 열거한 여러 형태의 산소를 가리켜 흔히 reactive oxygen species(ROS, 활성 산소)라 부르는데 그 중에서도 hydroxyl radical과 singlet oxygen이 수용액 중에서 가장 강한 반응성을 나타내어 지질산화를 개시하고 DNA에 손상을 주거나 돌연변이를 유발하는 물질로 알려져 있고, 생체의 대사과정에서 생성되는 지질의 과산화물이나 과산화수소 \\( \\left ( \\mathrm { H } _ { 2 } \\mathrm { O } _ { 2 } \\right ) \\)가 \\( \\mathrm { Fe } ^ { 2 } + \\)나 \\( \\mathrm { Cu } ^ { 2 } + \\) 이온의 존재하에서 생산되며 가장 독성이 강한 free radical이므로 이 라디칼을 소거하는 정도를 측정 하였다.",
                        "clue_start": "786",
                        "clue_end": "1195"
                    },
                    {
                        "clue_text": "합성 항산화제인 BHT(butylated hydroxytoluene)와 BHA(butylated hydroxyanisole)를 대조구로 사용하여 꿀풀 잎과 꽃 열수 추출액의 농도별 첨가하여 48시간 배양한 Lactic acid bacteria 배양액에 대하여 hydroxyl radical scavenging activity(HSA) 측정 하였다.",
                        "clue_start": "1196",
                        "clue_end": "1390"
                    },
                    {
                        "clue_text": "대조구로 사용 된 합성 항산화제인 BHA는 \\( 63 \\% \\), BHT는 \\( 54 \\% \\)에 Hydroxyl radical 소거활성을 나타내었다.",
                        "clue_start": "1499",
                        "clue_end": "1583"
                    },
                    {
                        "clue_text": "반면, 꿀풀 잎과 꽃 열수 추출액을 \\( 20 \\% \\) 첨가하였을 때 각각 \\( 40 \\% \\), \\( 45 \\% \\)에 Hydroxyl radical 소거활성을 나타내었다.",
                        "clue_start": "1584",
                        "clue_end": "1682"
                    }
                ],
                "terminology": [
                    {
                        "word": "BHA"
                    },
                    {
                        "word": "BHT"
                    },
                    {
                        "word": "Cu"
                    },
                    {
                        "word": "DNA"
                    },
                    {
                        "word": "Fe"
                    },
                    {
                        "word": "HSA"
                    },
                    {
                        "word": "Hydroxyl radical 소거활성"
                    },
                    {
                        "word": "Lactic"
                    },
                    {
                        "word": "Lactic acid bacteria 배양액"
                    },
                    {
                        "word": "ROO"
                    },
                    {
                        "word": "ROS"
                    },
                    {
                        "word": "Singlet"
                    },
                    {
                        "word": "acid"
                    },
                    {
                        "word": "bacteria"
                    },
                    {
                        "word": "butylated hydroxyanisole"
                    },
                    {
                        "word": "butylated hydroxytoluene"
                    },
                    {
                        "word": "electron"
                    },
                    {
                        "word": "free radical"
                    },
                    {
                        "word": "hydroxyl"
                    },
                    {
                        "word": "hydroxyl radical"
                    },
                    {
                        "word": "lactic acid"
                    },
                    {
                        "word": "lactic acid bacteria"
                    },
                    {
                        "word": "perhydroxyl"
                    },
                    {
                        "word": "prostaglandin"
                    },
                    {
                        "word": "radical"
                    },
                    {
                        "word": "radical scavenging activity"
                    },
                    {
                        "word": "radical 소거활성"
                    },
                    {
                        "word": "reactive oxygen"
                    },
                    {
                        "word": "reactive oxygen species"
                    },
                    {
                        "word": "scavenging"
                    },
                    {
                        "word": "singlet oxygen"
                    },
                    {
                        "word": "superoxide"
                    },
                    {
                        "word": "unpaired electron"
                    },
                    {
                        "word": "과산화물"
                    },
                    {
                        "word": "과산화수소"
                    },
                    {
                        "word": "꿀풀"
                    },
                    {
                        "word": "대사과정"
                    },
                    {
                        "word": "대조구"
                    },
                    {
                        "word": "돌연변이"
                    },
                    {
                        "word": "라디칼"
                    },
                    {
                        "word": "배양"
                    },
                    {
                        "word": "배양액"
                    },
                    {
                        "word": "산소종"
                    },
                    {
                        "word": "소거활성"
                    },
                    {
                        "word": "수용액"
                    },
                    {
                        "word": "열수"
                    },
                    {
                        "word": "열수 추출액"
                    },
                    {
                        "word": "이온"
                    },
                    {
                        "word": "중간물질"
                    },
                    {
                        "word": "지질"
                    },
                    {
                        "word": "지질산화"
                    },
                    {
                        "word": "탐식작용"
                    },
                    {
                        "word": "합성"
                    },
                    {
                        "word": "화학종"
                    },
                    {
                        "word": "활성 산소"
                    }
                ]
            },
            {
                "context_id": "55e-0c9-merge_la_8a2ae4d1-0927a0b1-9c35-4f0a-8921-af29ed58d512_02",
                "context_K-NSCC": {
                    "field": "생명",
                    "large_category": "LA",
                    "medium_category": "08"
                },
                "context": "<h2>자생식물 추출물 첨가에 따른 lactic acid bacteria 생육 조건</h2> <p>본 연구에서 사용된 4종의 균주를 Lactobacilli MRS broth에 \\(5 \\% \\)씩 접종하고 난 후 꿀풀 꽃과 잎 열수 추출물을 배양액에 \\( 0 \\%, 5 \\%, 10 \\%, 15 \\%, 20 \\% \\)씩 첨가하여 \\( 37 ^ {\\circ } \\mathrm { C } \\)에서 48시간 정치배양하면서 생육시간에 따른 각각의 lactic acid bacteria에 생균수를 조사하기 위하여 배양기간 동안 12시간 마다 배양액의 \\( \\mathrm { pH } \\) 및 glucose 함량을 \\( 1 \\% \\) 높인 BCP plate count agar(Eiken chemical, Japan)를 사용하여 생성된 colony를 계측하여 생균수 변화를 측정하였다.</p> <p>또한 각 농도별로 12시간마다 배양액을 취하여 4000 xg로 원심 분리하여 상등액만을 모아 항균 실험 및 항산화능 실험에 사용하였다.</p> <h2>항균실험 균주</h2> <p>본 실험에 사용된 균주는 어류 질병 미생물로서 한국유전자은행인 KCTC(Korean Collection For Type Culture)에서 그람 음성균 12종과 그람 양성균 1종을 분양받아 실험에 사용하였다.</p> <h2>항균활성 측정</h2> <p>어류 질병 미생물에 대한 항균활성 측정은 Murry 등의 방법을 응용하여 측정하였다. L. plantarum, L. rhamnosus, E. faceium 그리고 P. pentosaceus가 접종되어진 배양액에 각 꿀풀 열수 추출액을 \\( 10 \\% \\) 첨가하여 48시간 동안 배양한 배양액을 5000 xg로 원심 분리하여 상층액만을 모아 항균활성 측정 시료로 이용하였다. 먼저 전 배양된 공시균을 Muller Hinton broth (Difco, USA)에 12시간 정도 배양하여 배양액의 탁도를 MacFarland turbidity No. 0.5가 되도록 조절한 후 멸균된 면봉을 사용하여 Muller Hinton agar (Difco, USA)에 회전하면서 배지 전면에 균액을 골고루 도말하였다. 항균측정용 시료액은 \\( 8 \\mathrm { ~mm } \\) paper disc (ADVANTEC, Japan)에 50 \\( \\mu \\mathrm { l } \\)를 흡수 건조시켜 배지위에 부착시켜서 각 공시균의 최적 온도에서 24시간 배양 후 생성된 억제환(직경 \\( \\mathrm { mm } \\) )을 측정하여 항균 효과를 확인하였다.</p> <h2>DPPH radical 소거활성 측정</h2> <p>전자공여능은 \\( 4.0 \\times 10 ^ { -4 } \\mathrm { M } \\) DPPH(1,1-diphenyl-2-picryhy-drazyl)용액 \\( 2 \\mathrm { ml } \\)와 꿀풀 꽃과 잎 열수 추출액을 농도별로 첨가하여 48시간 배양시킨 probiotic bacteria 배양액을 \\( 1 \\mathrm { ml } \\)씩 혼합한 후, UV/VIS spectrophotometer(Hanson OPRON-3000 , Korea)로 \\( 518 \\mathrm { ~nm } \\)에서 흡광도를 측정하였다. 대조구로는 합성 항산화제인 BHA(butylated hydroxytoluene)와 BHT(butylated hydroxytoluene)를 \\( 0.05 \\%( \\mathrm { w } / \\mathrm { v } ) \\)의 농도로 제조한 후 제조된 DPPH용액 \\( 2 \\mathrm { ml } \\)와 대조구액 \\( 1 \\mathrm { ml } \\)를 혼합한 것과 꿀풀 꽃과 잎 열수 추출액을 농도별로 첨가하여 배양시킨 lactic acid bacteria 배양액을 시험구와 같은 농도로 희석액을 제조한 후 제조된 DPPH 용액 \\( 2 \\mathrm { ml } \\) 와 대조구액 \\( 1 \\mathrm { ml } \\)씩을 혼합한 후 30분간 상온에서 반응시킨 후 흡광도를 측정 하였다.</p>",
                "context_length": 1991,
                "summary": "4종의 균주를 이용해 꿀풀의 꽃과 잎 열수 추출물을 첨가한 배양액에서의 생균수를 조사했다. 어류 질병 미생물에 대한 항균활성 측정과 전자공여능을 측정하기 위한 방법을 적용하였다. 이를 위해 꿀풀 열수 추출액과 probiotic bacteria 배양액을 혼합하고, UV/VIS spectrophotometer를 이용하여 흡광도를 측정하였다.",
                "clue": [
                    {
                        "clue_text": "본 연구에서 사용된 4종의 균주를 Lactobacilli MRS broth에 \\(5 \\% \\)씩 접종하고 난 후 꿀풀 꽃과 잎 열수 추출물을 배양액에 \\( 0 \\%, 5 \\%, 10 \\%, 15 \\%, 20 \\% \\)씩 첨가하여 \\( 37 ^ {\\circ } \\mathrm { C } \\)에서 48시간 정치배양하면서 생육시간에 따른 각각의 lactic acid bacteria에 생균수를 조사하기 위하여 배양기간 동안 12시간 마다 배양액의 \\( \\mathrm { pH } \\) 및 glucose 함량을 \\( 1 \\% \\) 높인 BCP plate count agar(Eiken chemical, Japan)를 사용하여 생성된 colony를 계측하여 생균수 변화를 측정하였다.",
                        "clue_start": "55",
                        "clue_end": "432"
                    },
                    {
                        "clue_text": "본 실험에 사용된 균주는 어류 질병 미생물로서 한국유전자은행인 KCTC(Korean Collection For Type Culture)에서 그람 음성균 12종과 그람 양성균 1종을 분양받아 실험에 사용하였다.",
                        "clue_start": "540",
                        "clue_end": "656"
                    },
                    {
                        "clue_text": "어류 질병 미생물에 대한 항균활성 측정은 Murry 등의 방법을 응용하여 측정하였다.",
                        "clue_start": "681",
                        "clue_end": "728"
                    },
                    {
                        "clue_text": "전자공여능은 \\( 4.0 \\times 10 ^ { -4 } \\mathrm { M } \\) DPPH(1,1-diphenyl-2-picryhy-drazyl)용액 \\( 2 \\mathrm { ml } \\)와 꿀풀 꽃과 잎 열수 추출액을 농도별로 첨가하여 48시간 배양시킨 probiotic bacteria 배양액을 \\( 1 \\mathrm { ml } \\)씩 혼합한 후, UV/VIS spectrophotometer(Hanson OPRON-3000 , Korea)로 \\( 518 \\mathrm { ~nm } \\)에서 흡광도를 측정하였다.",
                        "clue_start": "1303",
                        "clue_end": "1598"
                    }
                ],
                "terminology": [
                    {
                        "word": "BCP"
                    },
                    {
                        "word": "BCP plate count agar"
                    },
                    {
                        "word": "BHA"
                    },
                    {
                        "word": "BHT"
                    },
                    {
                        "word": "Collection"
                    },
                    {
                        "word": "DPPH"
                    },
                    {
                        "word": "DPPH radical"
                    },
                    {
                        "word": "DPPH radical 소거활성"
                    },
                    {
                        "word": "DPPH용액"
                    },
                    {
                        "word": "E. faceium"
                    },
                    {
                        "word": "KCTC"
                    },
                    {
                        "word": "L. plantarum"
                    },
                    {
                        "word": "L. rhamnosus"
                    },
                    {
                        "word": "Lactobacilli"
                    },
                    {
                        "word": "Lactobacilli MRS"
                    },
                    {
                        "word": "Lactobacilli MRS broth"
                    },
                    {
                        "word": "MRS"
                    },
                    {
                        "word": "MRS broth"
                    },
                    {
                        "word": "MacFarland"
                    },
                    {
                        "word": "Muller Hinton broth"
                    },
                    {
                        "word": "P. pentosaceus"
                    },
                    {
                        "word": "UV/VIS"
                    },
                    {
                        "word": "UV/VIS spectrophotometer"
                    },
                    {
                        "word": "acid"
                    },
                    {
                        "word": "agar"
                    },
                    {
                        "word": "bacteria"
                    },
                    {
                        "word": "broth"
                    },
                    {
                        "word": "butylated hydroxytoluene"
                    },
                    {
                        "word": "colony"
                    },
                    {
                        "word": "disc"
                    },
                    {
                        "word": "glucose"
                    },
                    {
                        "word": "lactic"
                    },
                    {
                        "word": "lactic acid"
                    },
                    {
                        "word": "lactic acid bacteria"
                    },
                    {
                        "word": "lactic acid bacteria 배양액"
                    },
                    {
                        "word": "pH"
                    },
                    {
                        "word": "paper disc"
                    },
                    {
                        "word": "pentosaceus"
                    },
                    {
                        "word": "plantarum"
                    },
                    {
                        "word": "plate"
                    },
                    {
                        "word": "plate count agar"
                    },
                    {
                        "word": "probiotic"
                    },
                    {
                        "word": "probiotic bacteria"
                    },
                    {
                        "word": "radical"
                    },
                    {
                        "word": "radical 소거활성"
                    },
                    {
                        "word": "spectrophotometer"
                    },
                    {
                        "word": "공시균"
                    },
                    {
                        "word": "균액"
                    },
                    {
                        "word": "균주"
                    },
                    {
                        "word": "그람 양성균"
                    },
                    {
                        "word": "그람 음성균"
                    },
                    {
                        "word": "꿀풀"
                    },
                    {
                        "word": "꿀풀 꽃과 잎 열수 추출액"
                    },
                    {
                        "word": "대조구"
                    },
                    {
                        "word": "도말"
                    },
                    {
                        "word": "미생물"
                    },
                    {
                        "word": "배양"
                    },
                    {
                        "word": "배양액"
                    },
                    {
                        "word": "배지"
                    },
                    {
                        "word": "생균수"
                    },
                    {
                        "word": "생육"
                    },
                    {
                        "word": "생육 조건"
                    },
                    {
                        "word": "소거활성"
                    },
                    {
                        "word": "시료"
                    },
                    {
                        "word": "양성균"
                    },
                    {
                        "word": "어류 질병 미생물"
                    },
                    {
                        "word": "억제환"
                    },
                    {
                        "word": "열수"
                    },
                    {
                        "word": "열수 추출물"
                    },
                    {
                        "word": "열수 추출액"
                    },
                    {
                        "word": "원심 분리"
                    },
                    {
                        "word": "음성균"
                    },
                    {
                        "word": "자생식물"
                    },
                    {
                        "word": "전 배양"
                    },
                    {
                        "word": "전자공여능"
                    },
                    {
                        "word": "접종"
                    },
                    {
                        "word": "정치배양"
                    },
                    {
                        "word": "최적 온도"
                    },
                    {
                        "word": "탁도"
                    },
                    {
                        "word": "합성"
                    },
                    {
                        "word": "항균 효과"
                    },
                    {
                        "word": "항균실험"
                    },
                    {
                        "word": "항균활성"
                    },
                    {
                        "word": "항산화능"
                    },
                    {
                        "word": "흡광도"
                    }
                ]
            },
            {
                "context_id": "55e-0c9-merge_la_8a2ae4d1-0927a0b1-9c35-4f0a-8921-af29ed58d512_01",
                "context_K-NSCC": {
                    "field": "생명",
                    "large_category": "LA",
                    "medium_category": "08"
                },
                "context": "<p>본 연구에서는 우리나라 식품의약품안정청에 식품원료로 사용 가능한 식물로 분류되어 있고, 한약재로도 널리 쓰이는 꿀풀을 이용하여 인체에 유익한 미생물로 알려진 lactic acid bacteria 생육에 미치는 영향과 lactic acid bacteria에 의해 발효되어진 꿀풀 추출액의 항산화 효과 및 어류질병 미생물에 대한 항균 활성을 조사하였다.</p> <h1>재료 및 방법</h1> <h2>사용시료</h2> <p>본 실험의 공시 재료인 꿀풀은 2005년 7월에 제주도 목초지에서 채집하여 Table 1과 같이 꽃과 잎으로 나누어 실험에 이용하였다. 식물분류는 한국식물도감과 한국의 자원식물 1 그리고 제주식물도감 인터넷 사이트(http://www.nfc.co.kr)를 참고 하였다.</p> <h2>사용균주</h2> <p>본 연구에 사용된 균주는 한국종균협회 (KCCM, Korean Culture Center of Microorganism)에서 Enterococcus faecium KCCM 12118, Lactobacillus rhamnosus KCCM 32826, Lactobacillus plantarum KCCM 11542, Pediococcus pentosaceus KCCM 40464를 분양받아 MRS agar (Difco, USA)에서 stab culture 하여 \\( 4 ^ {\\circ } \\mathrm { C } \\)에서 보관하면서 3주마다 계대하여 실험에 사용하였다.</p> <h2>시료 추출방법</h2> <p>생체로 채집된 식물은 물을 이용하여 훍과 같은 이물질은 제거한 후 바람이 통하는 음지에서 3일 이상 건조하여 수분을 충분히 제거하였다. 음건된 식물체는 각 부위별로 자른 다음 mixer를 이용하여 미세하게 마쇄하여 실험에 사용하였다.</p> <p>증류수 \\( 500 \\mathrm { ml } \\) 당 \\( 10 \\mathrm { ~g } \\)의 식물시료를 혼합하여 \\( 100 ^ {\\circ } \\mathrm { C } \\) 수욕상에서 약 60 분간 중탕한 다음 Whatman No.2 여과지를 사용하여 1차 여과과정을 거친 후 pore size \\( 0.45 \\mu \\mathrm { m } \\) syringe 용 멸균 필터를 사용하여 무균적으로 식물 열수 추출액을 조제 하여 갈색 병에 보관하면서 유산균 생육 및 항균 항산화 효과 측정에 사용하였으며, 추출된 시료 보관은 \\( 4 ^ {\\circ } \\mathrm { C } \\)에서 보관 하면서 사용하였다.</p> <h2>Lactic acid bacteria 생육조건</h2> <p>Lactobacilli MRS (Difco, USA) broth에서 L. plantarum은 \\( 3.0 \\times 10 ^ { 8 } \\mathrm { cfu } / \\mathrm { ml } \\), L. rhamnosus, E. faceium 그리고 P. pentosaceus는 \\( 2.9 \\times 10 ^ { 8 } \\mathrm { cfu } / \\mathrm { ml } \\) 농도로 접종하여 \\( 37 ^ {\\circ } \\mathrm { C } \\)에서 48시간 정치배양하면서 배양시간에 따른 생균수를 측정하기 위해 12시간 별로 흡광도 및 \\( \\mathrm { pH } \\) 측정하였다. \\( \\mathrm { pH } \\) 측정은 \\( \\mathrm { pH } \\) meter (SevenMulti, Swiss)를 이용하여 조사하였고, 생균수는 Lactobacilli MRS broth에서 배양하는 동안 12시간마다 UV/VIS spectrophotometer (Hanson OPRON-3000, Korea) 를 사용하여 \\( 600 \\mathrm { ~nm } \\)에서 배양액의 흡광도를 측정하여 생육을 조사하였다.</p>",
                "context_length": 1866,
                "summary": "본 연구는 꿀풀을 이용한 lactic acid bacteria 생육, 항산화 효과 및 항균 활성을 조사하였다. 꿀풀을 꽃과 잎으로 나누어 사용하였고 사용균주는 MRS agar에서 stab culture 하여 실험에 사용하였다. 시료 추출을 위해 식물은 건조하여 수분을 충분히 제거하고 mixer를 이용하여 미세하게 마쇄, 다음으로 중탕 및 여과과정을 거쳐 항균 항상화 효과 및 유산균 생육 연구에 사용하였다. 생육을 조사하기 위해 정치배양의 조건을 갖추고 시간에 따른 흡광도 및 \\( \\mathrm { pH } \\)를 측정하였다.",
                "clue": [
                    {
                        "clue_text": "본 연구에 사용된 균주는 한국종균협회 (KCCM, Korean Culture Center of Microorganism)에서 Enterococcus faecium KCCM 12118, Lactobacillus rhamnosus KCCM 32826, Lactobacillus plantarum KCCM 11542, Pediococcus pentosaceus KCCM 40464를 분양받아 MRS agar (Difco, USA)에서 stab culture 하여 \\( 4 ^ {\\circ } \\mathrm { C } \\)에서 보관하면서 3주마다 계대하여 실험에 사용하였다.",
                        "clue_start": "409",
                        "clue_end": "726"
                    },
                    {
                        "clue_text": "증류수 \\( 500 \\mathrm { ml } \\) 당 \\( 10 \\mathrm { ~g } \\)의 식물시료를 혼합하여 \\( 100 ^ {\\circ } \\mathrm { C } \\) 수욕상에서 약 60 분간 중탕한 다음 Whatman No.2 여과지를 사용하여 1차 여과과정을 거친 후 pore size \\( 0.45 \\mu \\mathrm { m } \\) syringe 용 멸균 필터를 사용하여 무균적으로 식물 열수 추출액을 조제 하여 갈색 병에 보관하면서 유산균 생육 및 항균 항산화 효과 측정에 사용하였으며, 추출된 시료 보관은 \\( 4 ^ {\\circ } \\mathrm { C } \\)에서 보관 하면서 사용하였다.",
                        "clue_start": "889",
                        "clue_end": "1235"
                    },
                    {
                        "clue_text": "pentosaceus는 \\( 2.9 \\times 10 ^ { 8 } \\mathrm { cfu } / \\mathrm { ml } \\) 농도로 접종하여 \\( 37 ^ {\\circ } \\mathrm { C } \\)에서 48시간 정치배양하면서 배양시간에 따른 생균수를 측정하기 위해 12시간 별로 흡광도 및 \\( \\mathrm { pH } \\) 측정하였다.",
                        "clue_start": "1424",
                        "clue_end": "1619"
                    },
                    {
                        "clue_text": "본 연구에서는 우리나라 식품의약품안정청에 식품원료로 사용 가능한 식물로 분류되어 있고, 한약재로도 널리 쓰이는 꿀풀을 이용하여 인체에 유익한 미생물로 알려진 lactic acid bacteria 생육에 미치는 영향과 lactic acid bacteria에 의해 발효되어진 꿀풀 추출액의 항산화 효과 및 어류질병 미생물에 대한 항균 활성을 조사하였다.",
                        "clue_start": "3",
                        "clue_end": "198"
                    }
                ],
                "terminology": [
                    {
                        "word": "E. faceium"
                    },
                    {
                        "word": "Enterococcus"
                    },
                    {
                        "word": "Enterococcus faecium"
                    },
                    {
                        "word": "L. plantarum"
                    },
                    {
                        "word": "L. rhamnosus"
                    },
                    {
                        "word": "Lactic"
                    },
                    {
                        "word": "Lactic acid"
                    },
                    {
                        "word": "Lactobacilli"
                    },
                    {
                        "word": "Lactobacilli MRS"
                    },
                    {
                        "word": "Lactobacilli MRS broth"
                    },
                    {
                        "word": "Lactobacillus"
                    },
                    {
                        "word": "Lactobacillus plantarum"
                    },
                    {
                        "word": "Lactobacillus rhamnosus"
                    },
                    {
                        "word": "MRS"
                    },
                    {
                        "word": "MRS agar"
                    },
                    {
                        "word": "MRS broth"
                    },
                    {
                        "word": "P. pentosaceus"
                    },
                    {
                        "word": "Pediococcus"
                    },
                    {
                        "word": "Pediococcus pentosaceus"
                    },
                    {
                        "word": "UV/VIS"
                    },
                    {
                        "word": "acid"
                    },
                    {
                        "word": "agar"
                    },
                    {
                        "word": "bacteria"
                    },
                    {
                        "word": "broth"
                    },
                    {
                        "word": "lactic acid bacteria"
                    },
                    {
                        "word": "pH"
                    },
                    {
                        "word": "pentosaceus"
                    },
                    {
                        "word": "plantarum"
                    },
                    {
                        "word": "pore"
                    },
                    {
                        "word": "pore size"
                    },
                    {
                        "word": "spectrophotometer"
                    },
                    {
                        "word": "stab culture"
                    },
                    {
                        "word": "syringe 용 멸균 필터"
                    },
                    {
                        "word": "계대"
                    },
                    {
                        "word": "균주"
                    },
                    {
                        "word": "꿀풀"
                    },
                    {
                        "word": "마쇄"
                    },
                    {
                        "word": "멸균 필터"
                    },
                    {
                        "word": "무균적"
                    },
                    {
                        "word": "미생물"
                    },
                    {
                        "word": "발효"
                    },
                    {
                        "word": "배양"
                    },
                    {
                        "word": "배양액"
                    },
                    {
                        "word": "사용균주"
                    },
                    {
                        "word": "생균수"
                    },
                    {
                        "word": "생육"
                    },
                    {
                        "word": "생육조건"
                    },
                    {
                        "word": "시료"
                    },
                    {
                        "word": "식물 열수 추출액"
                    },
                    {
                        "word": "식물체"
                    },
                    {
                        "word": "식품원료"
                    },
                    {
                        "word": "어류질병"
                    },
                    {
                        "word": "여과지"
                    },
                    {
                        "word": "열수"
                    },
                    {
                        "word": "열수 추출액"
                    },
                    {
                        "word": "유산균"
                    },
                    {
                        "word": "음건"
                    },
                    {
                        "word": "음지"
                    },
                    {
                        "word": "자원식물"
                    },
                    {
                        "word": "접종"
                    },
                    {
                        "word": "정치배양"
                    },
                    {
                        "word": "증류수"
                    },
                    {
                        "word": "항균 활성"
                    },
                    {
                        "word": "항산화"
                    },
                    {
                        "word": "항산화 효과"
                    },
                    {
                        "word": "흡광도"
                    }
                ]
            }
        ]
    }
}