{
    "dataset_info": {
        "identifier": "02-031-002-NL",
        "name": "기술과학 문서 요약 데이터",
        "category": "자연어",
        "last_updated": "2023-08-30"
    },
    "dataset": {
        "doc_id": "8a2ae4d1-2d8c1df4-6fa9-499d-8099-a9b662806349",
        "doc_type": "논문",
        "doc_title": {
            "kor": "차가버섯의 균사체 및 세포외다당체의 생산조건과 면역활성",
            "eng": ""
        },
        "doc_category": {
            "KDC": "470.5",
            "DDC": ""
        },
        "doc_number": {
            "ISSN": "1225-9918",
            "ISBN": "",
            "DOI": "",
            "UCI": ""
        },
        "doc_year": "2009",
        "doc_author": [
            "박희성",
            "신동일",
            "정일경",
            "양병근"
        ],
        "doc_publisher": "한국생명과학회",
        "doc_license": "CC BY",
        "context_info": [
            {
                "context_id": "55e-0c9-merge_la_8a2ae4d1-2d8c1df4-6fa9-499d-8099-a9b662806349_00",
                "context_K-NSCC": {
                    "field": "생명",
                    "large_category": "LA",
                    "medium_category": "01"
                },
                "context": "<h1>서 론</h1> <p>차가버섯(Inonotus obliquus)은 소나무비늘버섯과(Hymenochaetaceae)에 속하는 버섯으로써 주로 약용으로 사용되어 왔으며, 한랭지역의 자작나무 줄기에 기생하는 균핵으로 표면은 검고 내부는 황갈색을 띄고 있고, 주요 자생지역은 시베리아, 캐나다 및 일본 홋카이도 지역으로 알려져 있다. 이 버섯은 다른 약용버섯과 마찬가지로 항종양 활성을 나타내는 다당체를 많이 함유하고 있는 것으로 보고되었을 뿐만 아니라, 항산화, 항당뇨 및 항돌연변이 등의 효과를 가지고 있어 최근에 건강식품 및 기능성 식품의 소재로 각광 받고 있다.</p> <p>면역계 중에서 보체계는 fungi, bacteria, virus 등의 미생물 감염으로부터 숙주를 보호하는 자기 방어(host defense)기능을 가지며 암세포를 사멸시키는 식작용(phagocytosis)을 원활히 돕고 염증(inflammation) 또는 알레르기 반응 등 여러 가지 면역 조절에 중요한 역할을 담당한다고 알려져 있다. 이러한 면역계를 자극하여 숙주의 생물학적 반응의 변화를 유도함으로써 여러 가지 치료효과를 나타내는 물질인 biological response modifier (BRM)는 식물 및 버섯유래의 다당, 세균류의 세포벽 성분 등에서 발견되고 있다. 특히, 버섯류에서 유래된 면역조절물질들은 그 잠재적인 가치에 비하여 밝혀진 바는 아직 일부분에 지나지 않는다. 특히 진균류에 속하는 담자균류에서 분리된 단백다당체 또는 다당체가 생체 면역기능을 증강시키거나 억제된 면역기능을 정상적으로 회복시켜줌 으로써 효과를 발휘한다는 것이 그간의 연구 결과에 의해 밝혀지고 있다.</p> <p>따라서 본 연구는 차가버섯의 균사체 액체배양을 통한 균사체 생장과 세포외 다당체 생산을 위한 배양조건의 최적화를 조사하고 세포내, 외 다당체의 항보체 활성과 대식세포 lysomal enzyme 활성을 비교 검토하였다.</p> <h1>재료 및 방법</h1> <h2>균주 및 종균</h2> <p>본 실험에 사용된 차가버섯은 한국농업미생물자원센터로부터 분양 받아 사용하였다. 보관용 배지로는 potato dextrose agar (Difico. Co.)를 사용하였고, 종균은 차가버섯 균사체를 potato dextrose broth 배지 \\( 100 \\mathrm { ml } \\)을 포함한 \\( 250 \\mathrm { ml } \\) flask를 진탕배양기(125 \\( \\mathrm { rpm } \\))에서 \\( 25 ^ {\\circ } \\mathrm { C } \\)로 7일간 배양하여 사용하였다. 배양 후 균사체를 포함한 배지 \\( 100 \\mathrm { ml } \\) 을 ice bath에서 3분간 Sorvall omi-mixer를 이용하여 무균적으로 균질화 한 후, 균사체 현탁액을 종균으로 사용하였다.</p> <h2>균사체 및 세포 내 · 외다당체 회수</h2> <p>배양된 차가버섯 균사체 배양액을 \\( 10,000 \\times g \\)에서 20 분간 원심분리하고, 침전된 균사체는 증류수로 3회에 걸쳐 세척하여 냉동건조기에서 중량이 일정하게 될 때까지 냉동건조하여 무게를 측정하였다. 세포외 다당체(extracellular polysaccharide)는 분리된 상등액에 4배의 에탄올을 첨가한 다음 24시간 동안 침전하고, 원심분리 \\( (10,000 \\times \\mathrm { g } / 20 \\mathrm { ~min } ) \\)한 후 침전물을 동결건조하였으며, 세포내 다당체(intracellular polysaccharide)는 냉동건조된 균사체를 열수추출 후 원심분리 \\( (10,000 \\times \\mathrm { g } / 20 \\mathrm { ~min } ) \\)하여 상등액에 4배의 에탄올을 첨가하고 \\( 4 ^ {\\circ } \\mathrm { C } \\)에서 24시간 방치 한 후 다시 원심분리하여 침전물을 동결건조하여 시료로 사용하였다.</p>",
                "context_length": 1943,
                "summary": "차가버섯은 항종양 활성을 나타내는 다당체를 많이 함유하고 있어 건강식품 및 기능성 식품의 소재로 각광 받고 있으며, 식물 및 버섯유래의 다당 및 세균류의 세포벽 성분 등에서 면역계를 자극하여 숙주의 생물학적 반응 변화를 유도하는 BRM가 발견되고 있으므로, 본 연구는 차가버섯의 균사체 액체배양을 통한 균사체 생장과 세포외 다당체 생산을 위한 배양조건의 최적화를 조사하고 세포내/외 다당체의 항보체 활성과 대식세포 활성을 비교 검토한다. 종균은 차가버섯 균사체를 진탕 배양하여 사용하였으며, 균사체 세포 내/외 다당체는 각 방법으로 처리된 상등액 에탄올을 첨가후 원심분리하는 과정으로 회수하였다.",
                "clue": [
                    {
                        "clue_text": "이 버섯은 다른 약용버섯과 마찬가지로 항종양 활성을 나타내는 다당체를 많이 함유하고 있는 것으로 보고되었을 뿐만 아니라, 항산화, 항당뇨 및 항돌연변이 등의 효과를 가지고 있어 최근에 건강식품 및 기능성 식품의 소재로 각광 받고 있다.",
                        "clue_start": "187",
                        "clue_end": "318"
                    },
                    {
                        "clue_text": "이러한 면역계를 자극하여 숙주의 생물학적 반응의 변화를 유도함으로써 여러 가지 치료효과를 나타내는 물질인 biological response modifier (BRM)는 식물 및 버섯유래의 다당, 세균류의 세포벽 성분 등에서 발견되고 있다.",
                        "clue_start": "514",
                        "clue_end": "648"
                    },
                    {
                        "clue_text": "따라서 본 연구는 차가버섯의 균사체 액체배양을 통한 균사체 생장과 세포외 다당체 생산을 위한 배양조건의 최적화를 조사하고 세포내, 외 다당체의 항보체 활성과 대식세포 lysomal enzyme 활성을 비교 검토하였다.",
                        "clue_start": "833",
                        "clue_end": "954"
                    },
                    {
                        "clue_text": "보관용 배지로는 potato dextrose agar (Difico. Co.)를 사용하였고, 종균은 차가버섯 균사체를 potato dextrose broth 배지 \\( 100 \\mathrm { ml } \\)을 포함한 \\( 250 \\mathrm { ml } \\) flask를 진탕배양기(125 \\( \\mathrm { rpm } \\))에서 \\( 25 ^ {\\circ } \\mathrm { C } \\)로 7일간 배양하여 사용하였다.",
                        "clue_start": "1040",
                        "clue_end": "1278"
                    },
                    {
                        "clue_text": "세포외 다당체(extracellular polysaccharide)는 분리된 상등액에 4배의 에탄올을 첨가한 다음 24시간 동안 침전하고, 원심분리 \\( (10,000 \\times \\mathrm { g } / 20 \\mathrm { ~min } ) \\)한 후 침전물을 동결건조하였으며, 세포내 다당체(intracellular polysaccharide)는 냉동건조된 균사체를 열수추출 후 원심분리 \\( (10,000 \\times \\mathrm { g } / 20 \\mathrm { ~min } ) \\)하여 상등액에 4배의 에탄올을 첨가하고 \\( 4 ^ {\\circ } \\mathrm { C } \\)에서 24시간 방치 한 후 다시 원심분리하여 침전물을 동결건조하여 시료로 사용하였다.",
                        "clue_start": "1558",
                        "clue_end": "1939"
                    }
                ],
                "terminology": [
                    {
                        "word": "Sorvall omi-mixer"
                    },
                    {
                        "word": "bacteria"
                    },
                    {
                        "word": "enzyme"
                    },
                    {
                        "word": "flask"
                    },
                    {
                        "word": "fungi"
                    },
                    {
                        "word": "ice bath"
                    },
                    {
                        "word": "polysaccharide"
                    },
                    {
                        "word": "potato dextrose agar"
                    },
                    {
                        "word": "potato dextrose broth"
                    },
                    {
                        "word": "virus"
                    },
                    {
                        "word": "균사체 배양액"
                    },
                    {
                        "word": "균사체 액체배양"
                    },
                    {
                        "word": "균주"
                    },
                    {
                        "word": "균핵"
                    },
                    {
                        "word": "냉동건조기"
                    },
                    {
                        "word": "단백다당체"
                    },
                    {
                        "word": "담자균류"
                    },
                    {
                        "word": "대식세포"
                    },
                    {
                        "word": "면역 조절"
                    },
                    {
                        "word": "면역계"
                    },
                    {
                        "word": "미생물"
                    },
                    {
                        "word": "배지"
                    },
                    {
                        "word": "보체계"
                    },
                    {
                        "word": "상등액"
                    },
                    {
                        "word": "생물학적 반응"
                    },
                    {
                        "word": "생체 면역기능"
                    },
                    {
                        "word": "세균류"
                    },
                    {
                        "word": "세포내 다당체"
                    },
                    {
                        "word": "세포벽"
                    },
                    {
                        "word": "세포외 다당체"
                    },
                    {
                        "word": "소나무비늘버섯과"
                    },
                    {
                        "word": "시료"
                    },
                    {
                        "word": "식작용"
                    },
                    {
                        "word": "열수추출"
                    },
                    {
                        "word": "자기 방어"
                    },
                    {
                        "word": "자생지역"
                    },
                    {
                        "word": "종균"
                    },
                    {
                        "word": "증류수"
                    },
                    {
                        "word": "진균류"
                    },
                    {
                        "word": "진탕배양기"
                    },
                    {
                        "word": "한랭지역"
                    },
                    {
                        "word": "항당뇨"
                    },
                    {
                        "word": "항돌연변"
                    },
                    {
                        "word": "항돌연변이"
                    },
                    {
                        "word": "항보체"
                    },
                    {
                        "word": "항종양 활성"
                    }
                ]
            },
            {
                "context_id": "55e-0c9-merge_la_8a2ae4d1-2d8c1df4-6fa9-499d-8099-a9b662806349_03",
                "context_K-NSCC": {
                    "field": "생명",
                    "large_category": "LA",
                    "medium_category": "01"
                },
                "context": "<h2>통계 처리</h2> <p>실험결과들은 SPSS (statistical package of social science) program을 이용하여 분석, 비교하였고, AVOVA (analysis of variance) 분석을 통해 나타내었으며, 각 실험군 간의 평균치의 통계적 유의성 \\( \\mathrm { p }<0.05 \\) 수준에서 Duncan's muliple range test 에 의해 검정하였다.</p> <h1>결과 및 고찰</h1> <h2>배양조건 확립</h2> <p>차가버섯의 균사체 생장과 세포외 다당체 생산을 위한 기본 적정 배지를 선발하기 위하여 PDB를 비롯한 4가지 배지를 이용한 실험 결과, MCM에서 가장 높았고, YM, PMP, MY, PDB 배지 순으로 나타났다. 이는 Lee 등의 차가 버섯 균의 생장 배지에서 MCM이 우수하게 나타났다는 것과 같은 결과이며, 소량의 무기염류가 포함된 배지에서 버섯 균사체의 성장률이 높다는 보고와 같은 결과를 나타내었다. 상기와 같은 결과로 차가버섯 균사체는 탄소원과 질소원뿐만 아니라 무기염류 등의 각종 영양원이 고르게 포함된 배지에서 균사체 생장이 양호하다는 일반 버섯의 배양 특성과 비슷한 양상을 보이는 것을 확인할 수 있었다.</p> <p>Flask 진탕배양에서 \\( \\mathrm { pH } \\)에 따른 균사체 생육과 세포외 다당체 생산에 미치는 영향을 조사한 결과 \\( \\mathrm { pH } 5.5 \\)에서 균사체 생장은 \\( 9.41 \\mathrm { ~g } / \\mathrm { l } \\), 세포외 다당체 생산은 \\( 1.16 \\mathrm { ~g } / \\mathrm { l } \\)로 가장 높았으나, \\( \\mathrm { pH } \\) 가 \\( 8.0 \\)이상에서는 균사체 생장과 세포외 다당체 생산이 감소하였다. 이는 Choi와 Lee 등의 최적 \\( \\mathrm { pH } 6.0 \\)과 \\( 7.0 \\)는 다소 차이가 있으나, \\( \\mathrm { pH } 8.0 \\) 이상에서는 균사체 생육이 급격히 감소한다는 보고와는 일치하였다. 일반적으로 버섯의 종류에 따라 차이는 있으나, 생장 최적 \\( \\mathrm { pH } \\)는 약산성 또는 중성으로 알려져 있다.</p> <p>배양 온도는 \\( 25 \\sim 30 ^ {\\circ } \\mathrm { C } \\)의 범위에서 균사체 생장 및 세포외 다당체 생산이 비교적 양호하였고, \\( 25 ^ {\\circ } \\mathrm { C } \\)에서 균사체 생장 및 세포외 다당체 생산이 최대가 되었다. 그러나 \\( 35 ^ {\\circ } \\mathrm { C } \\)에서는 균사체 생장과 세포외 다당체 생산이 급격후 감소하는 결과를 보였다. 이는 대부분의 버섯류에서 균사체 생장을 위한 최적 온도는 \\( 25-30 ^ {\\circ } \\mathrm { C } \\)이고, \\( 35 ^ {\\circ } \\mathrm { C } \\) 이상에서는 균사체 생장이 저해를 받는다는 보고들과 같은 결과를 나타내었다.</p>",
                "context_length": 1500,
                "summary": "SPSS를 이용한 분석과 AVOVA 분석을 통해 4가지 배지(MCM, YM, PMP, MY, PDB) 중 MCM이 생장 배지로 적합하다는 것을 확인하였고, Flask 진탕배양에서 pH 5.5에서 균사체 생장과 세포외 다당체 생산이 가장 높았으며, pH 8.0 이상에서는 감소하는 것을 확인하였으며,. 버섯의 종류에 따른 차이는 일반적으로 존재하지만 생장의 최적 pH는 약산성 또는 중성으로 알려져 있다.",
                "clue": [
                    {
                        "clue_text": "일반적으로 버섯의 종류에 따라 차이는 있으나, 생장 최적 \\( \\mathrm { pH } \\)는 약산성 또는 중성으로 알려져 있다.",
                        "clue_start": "1036",
                        "clue_end": "1109"
                    },
                    {
                        "clue_text": "실험결과들은 SPSS (statistical package of social science) program을 이용하여 분석, 비교하였고, AVOVA (analysis of variance) 분석을 통해 나타내었으며, 각 실험군 간의 평균치의 통계적 유의성 \\( \\mathrm { p }<0.05 \\) 수준에서 Duncan's muliple range test 에 의해 검정하였다.",
                        "clue_start": "18",
                        "clue_end": "230"
                    },
                    {
                        "clue_text": "Flask 진탕배양에서 \\( \\mathrm { pH } \\)에 따른 균사체 생육과 세포외 다당체 생산에 미치는 영향을 조사한 결과 \\( \\mathrm { pH } 5.5 \\)에서 균사체 생장은 \\( 9.41 \\mathrm { ~g } / \\mathrm { l } \\), 세포외 다당체 생산은 \\( 1.16 \\mathrm { ~g } / \\mathrm { l } \\)로 가장 높았으나, \\( \\mathrm { pH } \\) 가 \\( 8.0 \\)이상에서는 균사체 생장과 세포외 다당체 생산이 감소하였다.",
                        "clue_start": "627",
                        "clue_end": "906"
                    }
                ],
                "terminology": [
                    {
                        "word": "AVOVA"
                    },
                    {
                        "word": "Duncan's muliple range test"
                    },
                    {
                        "word": "Flask 진탕배양"
                    },
                    {
                        "word": "MCM"
                    },
                    {
                        "word": "PDB 배지"
                    },
                    {
                        "word": "SPSS"
                    },
                    {
                        "word": "pH"
                    },
                    {
                        "word": "검정"
                    },
                    {
                        "word": "균사체 생장"
                    },
                    {
                        "word": "배양조건"
                    },
                    {
                        "word": "생육"
                    },
                    {
                        "word": "세포외 다당체"
                    },
                    {
                        "word": "실험군"
                    },
                    {
                        "word": "약산성"
                    },
                    {
                        "word": "영양원"
                    },
                    {
                        "word": "저해"
                    },
                    {
                        "word": "최적 온도"
                    },
                    {
                        "word": "통계 처리"
                    },
                    {
                        "word": "통계적 유의성"
                    },
                    {
                        "word": "평균치"
                    }
                ]
            },
            {
                "context_id": "55e-0c9-merge_la_8a2ae4d1-2d8c1df4-6fa9-499d-8099-a9b662806349_02",
                "context_K-NSCC": {
                    "field": "생명",
                    "large_category": "LA",
                    "medium_category": "01"
                },
                "context": "<p>\\( \\mathrm { ITCH } _ { 50 } ( \\%) = \\frac {\\mathrm { TCH } _ { 50 } \\text { of control } - \\mathrm { TCH } _ { 50 } \\text { treated with sample } } {\\mathrm { TCH } _ { 50 } \\text { of control } } \\times 100 \\)</p> <h2>실험 동물</h2> <p>BALB/c 마우스(6주령, male)를 (주)대한바이오링크로부터 분양 받아 사용하였으며, 사육실 환경은 온도 \\( 22 \\pm 2 ^ {\\circ } \\mathrm { C } \\), 습도 \\( 55 \\pm 5 \\% \\) 정도를 유지하고 12시간 간격으로 명암을 구분하였다. 사육기간 동안 사료((주)삼양)와 음료(1차 증류수)는 충분히 공급하였다.</p> <h2>대식세포의 분리</h2> <p>대식세포(macrophage)는 5-8주령 우성 BALB/c 마우스의 복강내에 \\( 10 \\% \\) thioglycollate medium \\( 3 \\mathrm { ml } \\) 을 복강에 주입한 후 3일 이내에 회수하였다. 세포 농도는 \\( 10 \\% \\) FBS (fetal bovine serum)가 첨가된 HBBS (Hank's balanced salt solution) buffer를 이용하여 \\( 1 \\times 10 ^ { 6 } \\) \\( \\mathrm { cells/ ml } \\) 로 조정하였고, 그 후, 96-well microplate의 각 well에 세포현탁액 \\( \\left (2 \\times 10 ^ { 5 } \\right . \\) \\( \\mathrm { cells/ well } ) \\) \\( 200 \\mathrm {\\mu \\mathrm { l } } \\) 씩 분주하였다. 상기 세포를 \\( 37 ^ {\\circ } \\mathrm { C } , 5 \\% \\mathrm { CO } _ { 2 } \\) 조건에서 2시간동안 배양한 후 plate를 강하게 털어서 비부착성세포를 제거하고 부착성 대식세포를 분리하였다. 세포내, 외 다 당체와 LPS를 10,50 및 \\( 100 \\mathrm {\\mu } \\mathrm { g } / \\mathrm { ml } \\) 농도로 첨가하거나 또는 첨가하지 않고 \\( 37 ^ {\\circ } \\mathrm { C } , 5 \\% \\mathrm { CO } _ { 2 } \\) 조건 하에서 48시간 동안 배양하였다.</p> <h2>대식세포의 lysosomal enzyme 활성 측정</h2> <p>Lysosomal enzyme 활성은 96-well flat-bottomed tissue culture plates를 이용하여 분석하였다. \\(0.1 \\% \\) Triton X-100 \\( 25 \\mathrm {\\mu \\mathrm { l } } \\) 를 첨가하여 microplate \\( \\left (2 \\times 10 ^ { 5 } \\right . \\mathrm { cells/ well } \\) ) 내에서 대식세포 단층을 용해시켰다. \\( 10 \\mathrm { mM } \\) PNPP (p-nitrophenyl phosphate) 용액 \\( 150 \\mathrm {\\mu \\mathrm { l } } \\)를 대식세포의 lysosomal enzyme (acid phosphatase)의 반응기질로서 첨가하였다. 그 후, \\( 50 \\mathrm {\\mu \\mathrm { l } } \\) citrate buffer을 각 well에 첨가한 후, \\( 37 ^ {\\circ } \\mathrm { C } \\) 에서 1시간 동안 배양한 다음, \\( 0.2 \\mathrm { M } \\) borate buffer ( \\( \\mathrm { pH } \\) 9.8) \\( 25 \\mathrm \\mathrm {\\mu \\mathrm { l } } \\)를 반응 혼합물에 첨가하고, \\( 405 \\mathrm { ~nm } \\)에서 흡광도를 측정하였다.</p>",
                "context_length": 1973,
                "summary": "주요 실험 내용은 6주령 BALB/c 마우스를 대한바이오링크에서 분양 받아, 조절된 온도와 습도의 사육실에서 명암 주기를 적용하여 사육하였다. HBBS 버퍼에 FBS를 첨가해 세포 농도를 \\(1 \\times 10 ^ { 6 } \\) \\( \\mathrm { cells/ ml } \\)로 조정한 후, 96-well microplate에 세포현탁액을 분주하였다. 특정 조건에서 배양 후 비부착성세포를 제거하였고, 다 당체와 LPS를 첨가한 후 다시 배양하였다. 분리된 대식세포에서 Lysosomal enzyme의 활성을 측정하였다.",
                "clue": [
                    {
                        "clue_text": "BALB/c 마우스(6주령, male)를 (주)대한바이오링크로부터 분양 받아 사용하였으며, 사육실 환경은 온도 \\( 22 \\pm 2 ^ {\\circ } \\mathrm { C } \\), 습도 \\( 55 \\pm 5 \\% \\) 정도를 유지하고 12시간 간격으로 명암을 구분하였다.",
                        "clue_start": "237",
                        "clue_end": "390"
                    },
                    {
                        "clue_text": "세포 농도는 \\( 10 \\% \\) FBS (fetal bovine serum)가 첨가된 HBBS (Hank's balanced salt solution) buffer를 이용하여 \\( 1 \\times 10 ^ { 6 } \\) \\( \\mathrm { cells/ ml } \\) 로 조정하였고, 그 후, 96-well microplate의 각 well에 세포현탁액 \\( \\left (2 \\times 10 ^ { 5 } \\right . \\) \\( \\mathrm { cells/ well } ) \\) \\( 200 \\mathrm {\\mu \\mathrm { l } } \\) 씩 분주하였다. 상기 세포를 \\( 37 ^ {\\circ } \\mathrm { C } , 5 \\% \\mathrm { CO } _ { 2 } \\) 조건에서 2시간동안 배양한 후 plate를 강하게 털어서 비부착성세포를 제거하고 부착성 대식세포를 분리하였다. 세포내, 외 다 당체와 LPS를 10,50 및 \\( 100 \\mathrm {\\mu } \\mathrm { g } / \\mathrm { ml } \\) 농도로 첨가하거나 또는 첨가하지 않고 \\( 37 ^ {\\circ } \\mathrm { C } , 5 \\% \\mathrm { CO } _ { 2 } \\) 조건 하에서 48시간 동안 배양하였다.",
                        "clue_start": "585",
                        "clue_end": "1229"
                    },
                    {
                        "clue_text": "Lysosomal enzyme 활성은 96-well flat-bottomed tissue culture plates를 이용하여 분석하였다.",
                        "clue_start": "1275",
                        "clue_end": "1352"
                    },
                    {
                        "clue_text": "그 후, \\( 50 \\mathrm {\\mu \\mathrm { l } } \\) citrate buffer을 각 well에 첨가한 후, \\( 37 ^ {\\circ } \\mathrm { C } \\) 에서 1시간 동안 배양한 다음, \\( 0.2 \\mathrm { M } \\) borate buffer ( \\( \\mathrm { pH } \\) 9.8) \\( 25 \\mathrm \\mathrm {\\mu \\mathrm { l } } \\)를 반응 혼합물에 첨가하고, \\( 405 \\mathrm { ~nm } \\)에서 흡광도를 측정하였다.",
                        "clue_start": "1677",
                        "clue_end": "1969"
                    }
                ],
                "terminology": [
                    {
                        "word": "BALB/c"
                    },
                    {
                        "word": "BALB/c 마우스"
                    },
                    {
                        "word": "FBS"
                    },
                    {
                        "word": "HBBS"
                    },
                    {
                        "word": "LPS"
                    },
                    {
                        "word": "Triton"
                    },
                    {
                        "word": "Triton X-100"
                    },
                    {
                        "word": "borate buffer"
                    },
                    {
                        "word": "bovine"
                    },
                    {
                        "word": "citrate buffer"
                    },
                    {
                        "word": "control"
                    },
                    {
                        "word": "lysosomal enzyme"
                    },
                    {
                        "word": "microplate"
                    },
                    {
                        "word": "pH"
                    },
                    {
                        "word": "phosphatase"
                    },
                    {
                        "word": "serum"
                    },
                    {
                        "word": "thioglycollate"
                    },
                    {
                        "word": "tissue culture plates"
                    },
                    {
                        "word": "well"
                    },
                    {
                        "word": "대식세포 단층"
                    },
                    {
                        "word": "반응기질"
                    },
                    {
                        "word": "배양"
                    },
                    {
                        "word": "복강"
                    },
                    {
                        "word": "분주"
                    },
                    {
                        "word": "비부착성세포"
                    },
                    {
                        "word": "상기 세포"
                    },
                    {
                        "word": "세포현탁액"
                    },
                    {
                        "word": "실험 동물"
                    },
                    {
                        "word": "우성"
                    },
                    {
                        "word": "증류수"
                    },
                    {
                        "word": "활성 측정"
                    },
                    {
                        "word": "흡광도"
                    }
                ]
            },
            {
                "context_id": "55e-0c9-merge_la_8a2ae4d1-2d8c1df4-6fa9-499d-8099-a9b662806349_01",
                "context_K-NSCC": {
                    "field": "생명",
                    "large_category": "LA",
                    "medium_category": "01"
                },
                "context": "<h2>배양 배지</h2> <p>적정 기본 배지를 선별하기 위하여 PDB (potato dextrose brothe), YM (yeast malt), MCM (mushroom complete medium), PMP (potato malt peptone), 및 MY (malt yeast) 등의 배지를 이용하였다. 각 배지의 조성 \\( ( \\mathrm { g } / \\mathrm { l } ) \\) 은 다음과 같다. PDB: potato dextrose broth 24; YM: yeast extract 3, malt extract 3 , peptone 5, dextrose 10; MCM: glucose 20, yeast extract 2, peptone 2, \\( \\mathrm { K } _ { 2 } \\mathrm { HPO } _ { 4 } 1, \\mathrm { KH } _ { 2 } \\mathrm { PO } _ { 4 } 0.46, \\mathrm { MgSO } _ { 4 } 0.5 \\); PMP: potato dextrose broth 24, malt extract 10, peptone 1; MY: malt extract 20, yeast extract 2이며, \\( \\mathrm { pH } \\) 는 멸균전 \\( 4.5 \\)로 조절하였다.</p> <h2>\\( \\mathrm { pH } \\) 및 온도에 따른 배양</h2> <p>상기에 선택된 배지를 사용하여 온도는 \\( 5 ^ {\\circ } \\mathrm { C } \\) 간격으로 15 \\( 35 ^ {\\circ } \\mathrm { C } \\)로, \\( \\mathrm { pH } \\)는 \\( 0.5 \\) 간격으로 \\( 4.0 \\sim 9.0 \\)으로 조절하여 \\( 125 \\mathrm { rpm } \\)으로 10 일간 진탕배양하였다. 배양 후 원심분리하여 균사체를 회수하고 냉동건조하여 균사체의 건조중량을 측정하였고, 배양액은 에탄올 침전하여 다당체를 회수하고 냉동건조하여 다당체의 건조중량을 구하였다.</p> <h2>교반속도 및 배양기간 따른 배양</h2> <p>상기에 선택된 배지를 사용하여 \\( 25 \\mathrm { rpm } \\) 간격으로 \\( 100 \\sim 175 \\mathrm { rpm } \\)로 조절하여 \\( 25 ^ {\\circ } \\mathrm { C } \\)와 \\( \\mathrm { pH } 5.5 \\)에서 10 일간 배양하였으며, 배양기간별 실험은 1일 간격으로 15일간 배양하였다. 배양 후 균사체는 냉동건조하여 건조중량을 구하였고, 배양액은 에탄올 침전하여 다당체를 회수하고 냉동건조 후 다당체의 회수율을 구하였다.</p> <h2>항보체 활성의 측정</h2> <p>항보체 활성은 Mayer 법 으로 측정하였다. NHS (normal human serum), \\( \\mathrm { GVB } ^ { 2 + } \\) \\(( \\)gelatine veronal buffered saline, \\( \\mathrm { pH } \\) \\( 7.2) \\) 와 세포내, 외 다당체 \\( (100,500 \\) 및 \\( 1,000 \\mu \\mathrm { g } / \\mathrm { ml } ) \\) 를 각각 \\( 50 \\mu \\mathrm { l } \\)씩 혼합하여 \\( 37 ^ {\\circ } \\mathrm { C } \\)에서 30분간 반웅시킨 후 반응액에 \\( \\mathrm { GVB } ^ { 2 + } \\)를 \\( 350 \\mathrm {\\mu \\mathrm { l } } \\)씩 첨가하고, 이를 10배에서 160배까지 연속 희석하여 \\( 750 \\mathrm {\\mu \\mathrm { l } } \\)의 \\( \\mathrm { GVB } ^ { 2 + } \\)와 양의 감작혈구 \\( \\left (1 \\times 10 ^ { 8 } \\right . \\) \\( \\mathrm { cells/ml } \\) )를 \\( 250 \\mathrm {\\mu \\mathrm { l } } \\)씩 첨가하여 1시간동안 반응시킨 다음 PBS를 \\( 2.5 \\mathrm { ml } \\)씩 가하여 원심분리 후 상등액을 흡광도 \\( 412 \\mathrm { ~nm } \\)에서 측정하였다. 한편 대조구는 동일조건에서 시료를 함유하지 않은채 측정하였으며 항보체 활성은 대조구 대비 총보체 용혈( \\( 50 \\% \\) of total complement hemolysis, \\( \\mathrm { TCH } _ { 50 } \\) )의 저지율(inhibition of \\( \\mathrm { TCH } _ { 50 } , \\mathrm { ITCH } _ { 50 } \\) )로 나타내었다. Positive 물질은 LPS (lipopolysaccharide)를 사용하였다.</p>",
                "context_length": 2330,
                "summary": "다양한 배지(PDB, YM, MCM, PMP, MY 등)를 활용하여 선택된 배지의 온도를 \\( 5 ^ {\\circ } \\mathrm { C } \\) 간격으로 15 \\( 35 ^ {\\circ } \\mathrm { C } \\), pH는 \\( 0. 5 \\) 간격으로 \\( 4. 0 \\sim 9. 0 \\)으로 조절하고, 125 rpm으로 10일 간 진탕배양을 수행하였다. 또한, 같은 배지를 사용하여 100\\(\\sim\\)175 rpm의 범위에서 25 rpm 간격으로 조절하여, \\( 25 ^ {\\circ } \\mathrm { C } \\)와 \\( \\mathrm { pH } 5. 5 \\)에서 10일 간 배양하였으며, 이를 1일 간격으로 15일 간 진행하였다. 항체 활성은 Mayer 방법으로 측정하였다.",
                "clue": [
                    {
                        "clue_text": "적정 기본 배지를 선별하기 위하여 PDB (potato dextrose brothe), YM (yeast malt), MCM (mushroom complete medium), PMP (potato malt peptone), 및 MY (malt yeast) 등의 배지를 이용하였다.",
                        "clue_start": "18",
                        "clue_end": "174"
                    },
                    {
                        "clue_text": "상기에 선택된 배지를 사용하여 온도는 \\( 5 ^ {\\circ } \\mathrm { C } \\) 간격으로 15 \\( 35 ^ {\\circ } \\mathrm { C } \\)로, \\( \\mathrm { pH } \\)는 \\( 0.5 \\) 간격으로 \\( 4.0 \\sim 9.0 \\)으로 조절하여 \\( 125 \\mathrm { rpm } \\)으로 10 일간 진탕배양하였다.",
                        "clue_start": "702",
                        "clue_end": "905"
                    },
                    {
                        "clue_text": "상기에 선택된 배지를 사용하여 \\( 25 \\mathrm { rpm } \\) 간격으로 \\( 100 \\sim 175 \\mathrm { rpm } \\)로 조절하여 \\( 25 ^ {\\circ } \\mathrm { C } \\)와 \\( \\mathrm { pH } 5.5 \\)에서 10 일간 배양하였으며, 배양기간별 실험은 1일 간격으로 15일간 배양하였다.",
                        "clue_start": "1035",
                        "clue_end": "1228"
                    },
                    {
                        "clue_text": "항보체 활성은 Mayer 법 으로 측정하였다.",
                        "clue_start": "1332",
                        "clue_end": "1357"
                    }
                ],
                "terminology": [
                    {
                        "word": "LPS"
                    },
                    {
                        "word": "MCM"
                    },
                    {
                        "word": "MY"
                    },
                    {
                        "word": "Mayer 법"
                    },
                    {
                        "word": "PBS"
                    },
                    {
                        "word": "PDB"
                    },
                    {
                        "word": "PMP"
                    },
                    {
                        "word": "Positive 물질"
                    },
                    {
                        "word": "YM"
                    },
                    {
                        "word": "complement"
                    },
                    {
                        "word": "glucose"
                    },
                    {
                        "word": "malt extract"
                    },
                    {
                        "word": "pH"
                    },
                    {
                        "word": "peptone"
                    },
                    {
                        "word": "potato dextrose broth"
                    },
                    {
                        "word": "serum"
                    },
                    {
                        "word": "yeast extract"
                    },
                    {
                        "word": "건조중량"
                    },
                    {
                        "word": "교반속도"
                    },
                    {
                        "word": "균사체"
                    },
                    {
                        "word": "다당체"
                    },
                    {
                        "word": "대조구"
                    },
                    {
                        "word": "반응액"
                    },
                    {
                        "word": "배양 배지"
                    },
                    {
                        "word": "배양액"
                    },
                    {
                        "word": "상등액"
                    },
                    {
                        "word": "시료"
                    },
                    {
                        "word": "에탄올 침전"
                    },
                    {
                        "word": "용혈"
                    },
                    {
                        "word": "원심분리"
                    },
                    {
                        "word": "저지율"
                    },
                    {
                        "word": "진탕배양"
                    },
                    {
                        "word": "항보체 활성"
                    },
                    {
                        "word": "회수율"
                    },
                    {
                        "word": "흡광도"
                    },
                    {
                        "word": "희석"
                    }
                ]
            },
            {
                "context_id": "55e-0c9-merge_la_8a2ae4d1-2d8c1df4-6fa9-499d-8099-a9b662806349_04",
                "context_K-NSCC": {
                    "field": "생명",
                    "large_category": "LA",
                    "medium_category": "01"
                },
                "context": "<p>교반속도는 \\( 150 \\mathrm { rpm } \\) 에서 가장 높은 균사체 수율과 세포외 다당체 생산이 되었고, 125 와 \\( 175 \\mathrm { rpm } \\) 에서는 비교적 양호한 편이었으나, \\( 100 \\mathrm { rpm } \\) 이하의 교반 속도에서는 급격히 감소하였다. 낮은 교반속도에서는 균사체의 pellet 크기가 증가함에 따라 균사체 내로의 산소 전달 및 배지 영양성분의 홉수나 이용이 곤란하여 균사체의 생장이 저하되기 때문이라 생각된다. Natarajan과 Raman이 Lentinus cladopus의 액체배양시 camp connection에 의한 균사체의 생장 정도가 정치배양에서는 \\( 95 \\% \\) 나 되지만 회전 진탕배양 시에는 \\( 51 \\% \\) 로 떨어진다고 보고한 것으로 보아 교반속도가 높다고 해서 균사체 수율 및 세포외 다당체 생산이 많은 것이 아니라 적정한 교반속도에서 최대의 균사체 생장과 세포외 다당체 생산이 되는 것으로 사료된다. 따라서 상기와 같은 결과로 차가버섯균사체 생장과 세포외 다당체 생산을 위한 최적 배양 \\( \\mathrm { pH } \\), 온도, 및 교반속도는 각각 \\( 5.5,25 ^ {\\circ } \\mathrm { C } \\) 및 \\( 150 \\mathrm { rpm } \\) 으로 결정하였다.</p> <h2>배양기간에 따른 균사체 수율과 다당체 생산</h2> <p>배양 완료 시기를 결정하기 위해 상기 조건으로 15일 동안 배양한 결과, 배양 11일째 균사체 수율은 \\( 10.89 \\mathrm { g } / \\mathrm { l } \\)로 최대였으며, 이때 세포외 다당체 생산도 \\( 1.25 \\mathrm { g } / \\mathrm { l } \\)로 최대치를 나타내었다. 정지기(stationary phase) 이후에 균사체의 생장이 감소하는 현상은 영양분의 고갈로 인한 균사체의 lysis때문이고, 세포외 다당체 생산이 감소하는 것은 영양분 고갈 때문에 이를 재이용하기 위한 효소의 분해 현상으로 추측된다. 따라서 Flask 진탕배양 시에는 11일 후 배양을 끝내고 균사체와 세포외 다당체를 회수하는 것이 가장 효과적으로 나타났다.</p> <h2>항보체 활성</h2> <p>차가버섯 균사체의 액체배양에 의해 생산된 세포내,외 다당체들의 다양한 농도에 따른 항보체 활성에 대한 실험 결과는 Fig. 5와 같다. LPS (양성 대조군)보다는 항보체 활성이 낮게 나타났지만, 차가버섯 유래 다당체들의 처리 농도가 높을 수록 항보체 활성이 높게 나타났으며, \\( 1,000 \\mu \\mathrm { g } / \\mathrm { ml } \\) 농도에서 세포내 다당체는 \\( 64.1 \\% \\), 세포외 다당체는 \\( 70.4 \\% \\)의 가장 높은 항보체 활성을 보였다. 이는 버섯류의 다당체들이 높은 항보체 활성을 가지고 있다고 보고한 Song 등과 Okuda 등 의 결과들과 유사하다. 또한 Lee 등은 보체 시스템이 면역 시스템의 숙주 방어 메카니즘에 의해 항종양 효과와 밀접한 관련이 있다고 보고하였다. 따라서 차가버섯 유래 세포내 · 외 다당체들은 항종양 물질로써 가능성을 가지고 있을 수 있다고 예상할 수 있다.</p>",
                "context_length": 1581,
                "summary": "본 연구에서는 차가버섯균사체 생장과 세포외 다당체 생산이 \\( \\mathrm { pH } \\) \\( 5.5,25 ^ {\\circ } \\mathrm { C } \\) 및 \\( 150 \\mathrm { rpm } \\)의 교반속도에서 Flask 진탕배양 11일 후에 최대치임을 확인하였다. 또한 차가버섯 유래 다당체들의 처리 농도가 높을수록 항보체 활성이 높게 나타나 차가버섯 유래 세포내 · 외 다당체들이 항종양 물질로써의 가능성이 있음을 입증하였다.",
                "clue": [
                    {
                        "clue_text": "따라서 상기와 같은 결과로 차가버섯균사체 생장과 세포외 다당체 생산을 위한 최적 배양 \\( \\mathrm { pH } \\), 온도, 및 교반속도는 각각 \\( 5.5,25 ^ {\\circ } \\mathrm { C } \\) 및 \\( 150 \\mathrm { rpm } \\) 으로 결정하였다.",
                        "clue_start": "504",
                        "clue_end": "664"
                    },
                    {
                        "clue_text": "배양 완료 시기를 결정하기 위해 상기 조건으로 15일 동안 배양한 결과, 배양 11일째 균사체 수율은 \\( 10.89 \\mathrm { g } / \\mathrm { l } \\)로 최대였으며, 이때 세포외 다당체 생산도 \\( 1.25 \\mathrm { g } / \\mathrm { l } \\)로 최대치를 나타내었다.",
                        "clue_start": "705",
                        "clue_end": "880"
                    },
                    {
                        "clue_text": "LPS (양성 대조군)보다는 항보체 활성이 낮게 나타났지만, 차가버섯 유래 다당체들의 처리 농도가 높을 수록 항보체 활성이 높게 나타났으며, \\( 1,000 \\mu \\mathrm { g } / \\mathrm { ml } \\) 농도에서 세포내 다당체는 \\( 64.1 \\% \\), 세포외 다당체는 \\( 70.4 \\% \\)의 가장 높은 항보체 활성을 보였다.",
                        "clue_start": "1183",
                        "clue_end": "1380"
                    },
                    {
                        "clue_text": "따라서 차가버섯 유래 세포내 · 외 다당체들은 항종양 물질로써 가능성을 가지고 있을 수 있다고 예상할 수 있다.",
                        "clue_start": "1515",
                        "clue_end": "1577"
                    }
                ],
                "terminology": [
                    {
                        "word": "Flask 진탕배양"
                    },
                    {
                        "word": "LPS"
                    },
                    {
                        "word": "Lentinus cladopus"
                    },
                    {
                        "word": "camp connection"
                    },
                    {
                        "word": "pH"
                    },
                    {
                        "word": "교반"
                    },
                    {
                        "word": "교반속도"
                    },
                    {
                        "word": "균사체 수율"
                    },
                    {
                        "word": "균사체의 pellet"
                    },
                    {
                        "word": "대조군"
                    },
                    {
                        "word": "면역 시스템"
                    },
                    {
                        "word": "배지"
                    },
                    {
                        "word": "보체 시스템"
                    },
                    {
                        "word": "분해 현상"
                    },
                    {
                        "word": "생장"
                    },
                    {
                        "word": "세포내 다당체"
                    },
                    {
                        "word": "세포외 다당체"
                    },
                    {
                        "word": "숙주 방어 메카니즘"
                    },
                    {
                        "word": "액체배양"
                    },
                    {
                        "word": "정지기"
                    },
                    {
                        "word": "정치배양"
                    },
                    {
                        "word": "항보체 활성"
                    },
                    {
                        "word": "항종양"
                    },
                    {
                        "word": "회전 진탕배양"
                    },
                    {
                        "word": "효소"
                    }
                ]
            },
            {
                "context_id": "55e-0c9-merge_la_8a2ae4d1-2d8c1df4-6fa9-499d-8099-a9b662806349_05",
                "context_K-NSCC": {
                    "field": "생명",
                    "large_category": "LA",
                    "medium_category": "01"
                },
                "context": "<h2>대식세포 활성</h2> <p>Lysosomal enzyme과 식세포(phagocyte)의 활성은 대식세포의 기능을 평가하는 중요한 요소이며, 단핵 식세포에 의한 lysosomal enzyme의 생성은 수많은 외래 자극물질에 반응하여 일어난다고 알려져 있다. 본 연구에서는 차가버섯 세포내, 외 다당체의 마우스 복강내 대식세포 lysosomal enzyme 활성에 대한 효과를 조사하여 Fig. 6 에 나타내었다. 대식세포의 lysosomal enzyme 활성은 세포내, 외 다당체의 처리 농도가 높을수록 활성이 높게 나타났으며, 음성대조군(NC)과 비교했을 때, 10, 50, 및 \\(100 \\mu \\mathrm { g } / \\mathrm { ml } \\) 농도에서 세포내 다당체는 142 , 152, 및 \\(217 \\% \\)로, 세포외 다당체는 138, 170 , 및 \\(204 \\% \\) 로 각각 증가하였다. 이는 차가버섯 유래 다당체들이 lysosome 내 효소 활성 때문에, 식균작용(phagocytosis)에 의해 빨려 들어간 외부물질을 용해시키므로 대식세포를 활성화시킨다고 사료된다. Kiho 등과 Tsukagoshi와 Ohashi 는 뽕나무버섯붙이(Armillariella tabescens)의 자실체로부터 분리된 다당류 들이 sarcoma 180에서 항암 활성을 가지는 것은 대식세포에서 lysosomal enzyme 활성과 관계있다고 보고하였다. 그러므로, 차가버섯 유래 세포내 · 외 다당체들은 선천성 면역 반응을 향상시켜주는 물질로 간주 될 수 있다.</p> <h1>요 약</h1> <p>차가버섯의 균사체 생장과 세포외 다당체 생산을 위한 최적의 배양조건을 조사하고, 세포내 · 외 다당체의 항보체 활성과 대식세포의 lysosomal enzyme 활성을 관찰하였다. 균사체 생장과 세포외 다당체 생산을 위한 최적 \\( \\mathrm { pH } \\), 온도, 및 교반속도는 각각 \\( 5.5,25 ^ {\\circ } \\mathrm { C } , 150 \\mathrm { rpm } \\)으로 나타났으며, 배양기간은 11일 째 최대 균사체 생장 \\( (10.89 \\mathrm { ~g } / \\mathrm { l } ) \\)과 세포외다당체 생산 \\( (1.25 \\mathrm { ~g / l } ) \\)을 보였다. 항보체 활성은 세포내 · 외 다당체의 처리 농도가 높을수록 활성이 증가함을 보였고, 대식세포의 lysosomal enzyme 활성은 \\( 100 \\mu \\mathrm { g } / \\mathrm { ml } \\) 농도에서 음성대조군에 비해 세포내 다당체는 약 2.2배, 세포외 다당체는 약 2배 정도 증가하였다.</p>",
                "context_length": 1321,
                "summary": "연구 결과 차가버섯의 균사체 생장과 세포외 다당체 생산의 최적의 배양조건(\\( \\mathrm { pH } \\), 온도, 교반 속도, 배양기간)을 도출하고 대식세포의 lysosomal enzyme 활성은 세포 내. 외 다당체 처리 농도가 높을수록 증가함을 확인했다.",
                "clue": [
                    {
                        "clue_text": "차가버섯의 균사체 생장과 세포외 다당체 생산을 위한 최적의 배양조건을 조사하고, 세포내 · 외 다당체의 항보체 활성과 대식세포의 lysosomal enzyme 활성을 관찰하였다.",
                        "clue_start": "793",
                        "clue_end": "892"
                    },
                    {
                        "clue_text": "균사체 생장과 세포외 다당체 생산을 위한 최적 \\( \\mathrm { pH } \\), 온도, 및 교반속도는 각각 \\( 5.5,25 ^ {\\circ } \\mathrm { C } , 150 \\mathrm { rpm } \\)으로 나타났으며, 배양기간은 11일 째 최대 균사체 생장 \\( (10.89 \\mathrm { ~g } / \\mathrm { l } ) \\)과 세포외다당체 생산 \\( (1.25 \\mathrm { ~g / l } ) \\)을 보였다.",
                        "clue_start": "893",
                        "clue_end": "1142"
                    },
                    {
                        "clue_text": "항보체 활성은 세포내 · 외 다당체의 처리 농도가 높을수록 활성이 증가함을 보였고, 대식세포의 lysosomal enzyme 활성은 \\( 100 \\mu \\mathrm { g } / \\mathrm { ml } \\) 농도에서 음성대조군에 비해 세포내 다당체는 약 2.2배, 세포외 다당체는 약 2배 정도 증가하였다.",
                        "clue_start": "1143",
                        "clue_end": "1317"
                    }
                ],
                "terminology": [
                    {
                        "word": "lysosomal enzyme"
                    },
                    {
                        "word": "lysosome"
                    },
                    {
                        "word": "pH"
                    },
                    {
                        "word": "phagocyte"
                    },
                    {
                        "word": "sarcoma 180"
                    },
                    {
                        "word": "교반속도"
                    },
                    {
                        "word": "균사체 생장"
                    },
                    {
                        "word": "다당류"
                    },
                    {
                        "word": "단핵 식세포"
                    },
                    {
                        "word": "대식세포"
                    },
                    {
                        "word": "배양조건"
                    },
                    {
                        "word": "뽕나무버섯붙이"
                    },
                    {
                        "word": "선천성 면역 반응"
                    },
                    {
                        "word": "세포내 다당체"
                    },
                    {
                        "word": "세포외 다당체"
                    },
                    {
                        "word": "식균작용"
                    },
                    {
                        "word": "음성대조군"
                    },
                    {
                        "word": "자실체"
                    },
                    {
                        "word": "항보체 활성"
                    },
                    {
                        "word": "항암 활성"
                    },
                    {
                        "word": "효소 활성"
                    }
                ]
            }
        ]
    }
}