{
    "dataset_info": {
        "identifier": "02-031-002-NL",
        "name": "기술과학 문서 요약 데이터",
        "category": "자연어",
        "last_updated": "2023-08-30"
    },
    "dataset": {
        "doc_id": "96aba9d6-623fa2e9-fbf3-482d-b268-610d943c2dbc",
        "doc_type": "도서",
        "doc_title": {
            "kor": "m997-위상수학",
            "eng": ""
        },
        "doc_category": {
            "KDC": "416",
            "DDC": ""
        },
        "doc_number": {
            "ISSN": "",
            "ISBN": "9788961059978",
            "DOI": "",
            "UCI": ""
        },
        "doc_year": "2017",
        "doc_author": [
            "한상언"
        ],
        "doc_publisher": "경문사",
        "doc_license": "저작권 협의됨",
        "context_info": [
            {
                "context_id": "55e-0c9-merge_96aba9d6-623fa2e9-fbf3-482d-b268-610d943c2dbc_07",
                "context_K-NSCC": {
                    "field": "자연",
                    "large_category": "NA",
                    "medium_category": "03"
                },
                "context": "<p>을 중심이 \\( p \\)이고 반경이 \\( r \\)인 \\( \\mathbb { R } ^ { n } \\)상의 열린구 (open ball)라 한다. 즉 점 \\( p \\)로부터 거리가 \\( r \\) 미만인 \\( \\mathbb { R } ^ { n } \\)의 점들의 집합이다.</p> <p>[예제 2.1.12] (1) \\( \\mathbb { R } \\)상의 열린구는 열린구간이다. 즉 주어진 \\( p \\in \\mathbb { R } \\)에 대하여</p> <p>\\[ B(p, r)= \\{ x \\in \\mathbb { R } \\mid d(x, p)<r \\} \\]</p> <p>이다(그림 2.1 참조).</p> <p>(2) \\( \\mathbb { R } ^ { 2 } \\)상의 열린구는 열린원판이다. 즉 주어진 \\( p \\in \\mathbb { R } ^ { 2 } \\)와 \\( 0<r \\in \\mathbb { R } \\)에 대하여</p> <p>\\[ B(p, r)= \\left \\{ x \\in \\mathbb { R } ^ { 2 } \\mid d(x, p)<r \\right \\} \\]</p> <p>이다 (그림 2.1 참조).</p> <p>(3) \\( \\mathbb { R } ^ { 3 } \\)상에서 열린구는 (열린)구이다. 즉 주어진 \\( p \\in \\mathbb { R } ^ { 3 } \\)와 \\( 0<r \\in \\mathbb { R } \\)에 대하여</p> <p>\\[ B(p, r)= \\left \\{ x \\in \\mathbb { R } ^ {\\prime } \\mid d(x, p)<r \\right \\} \\]</p> <p>이다 (그림 2.1 참조).</p> <p>\\( \\mathbb { R } ^ { n } \\)상에서 열린구 \\( B(p, r) \\)은 다음과 같은 성질이 있다.</p> <p>성질 2.1.13 \\( B \\left (x, r_ { 1 } \\right ) \\)과 \\( B \\left (y, r_ { 2 } \\right ) \\)를 \\( \\mathbb { R } ^ { n } \\)상의 열린구라 하자. 임의로 주어진 점 \\( z \\in B \\left (x, r_ { 1 } \\right ) \\cap B \\left (y, r_ { 2 } \\right ) \\)에 대하여 \\( z \\in B \\left (z, r_ { 3 } \\right ) \\subset B \\left (x, r_ { 1 } \\right ) \\cap B \\left (y, r_ { 2 } \\right ) \\)를 만족하는 실수 \\( r_ { 3 } \\)가 존재한다.</p>",
                "context_length": 1252,
                "summary": "\\( \\mathbb { R } ^ { n } \\)상의 열린구 \\( B(p, r) \\)는 반경이 \\( r \\)이고 중심이 \\( p \\)인 집합이고 그림 2.1 참조하여 \\( \\mathbb { R } \\)상의 열린구는 열린구간, \\( \\mathbb { R } ^ { 2 } \\)상의 열린구는 열린원판, \\( \\mathbb { R } ^ { 3 } \\)상의 열린구는 (열린)구이며, 이들 사이에 임의의 점 \\( z \\)가 있을 때 \\( z \\in B \\left (x, r_ { 1 } \\right ) \\cap B \\left (y, r_ { 2 } \\right ) \\)를 만족하는 실수 \\( r_ { 3 } \\)가 존재한다.",
                "clue": [
                    {
                        "clue_text": "[예제 2.1.12] (1) \\( \\mathbb { R } \\)상의 열린구는 열린구간이다.",
                        "clue_start": "160",
                        "clue_end": "210"
                    },
                    {
                        "clue_text": "(2) \\( \\mathbb { R } ^ { 2 } \\)상의 열린구는 열린원판이다.",
                        "clue_start": "340",
                        "clue_end": "386"
                    },
                    {
                        "clue_text": "(3) \\( \\mathbb { R } ^ { 3 } \\)상에서 열린구는 (열린)구이다.",
                        "clue_start": "575",
                        "clue_end": "623"
                    },
                    {
                        "clue_text": "\\( \\mathbb { R } ^ { n } \\)상에서 열린구 \\( B(p, r) \\)은 다음과 같은 성질이 있다.",
                        "clue_start": "816",
                        "clue_end": "880"
                    },
                    {
                        "clue_text": "임의로 주어진 점 \\( z \\in B \\left (x, r_ { 1 } \\right ) \\cap B \\left (y, r_ { 2 } \\right ) \\)에 대하여 \\( z \\in B \\left (z, r_ { 3 } \\right ) \\subset B \\left (x, r_ { 1 } \\right ) \\cap B \\left (y, r_ { 2 } \\right ) \\)를 만족하는 실수 \\( r_ { 3 } \\)가 존재한다.",
                        "clue_start": "1011",
                        "clue_end": "1248"
                    }
                ],
                "terminology": [
                    {
                        "word": "실수"
                    },
                    {
                        "word": "열린구"
                    },
                    {
                        "word": "열린구간"
                    },
                    {
                        "word": "열린원판"
                    },
                    {
                        "word": "집합"
                    }
                ]
            },
            {
                "context_id": "55e-0c9-merge_96aba9d6-623fa2e9-fbf3-482d-b268-610d943c2dbc_04",
                "context_K-NSCC": {
                    "field": "자연",
                    "large_category": "NA",
                    "medium_category": "03"
                },
                "context": "<p>\\( \\frac { 1 } { n }<x \\)인 자연수 \\( n \\)이 존재하므로 모순이다. 따라서 \\( x=0 \\)이다. 이제 실수상에서 유리수집합과 무리수집합의 조밀성을 알아본다.</p> <p>정리 2.1.9 (1) 임의의 서로 다른 두 실수 사이에는 유리수가 존재한다.</p> <p>(2) 임의의 서로 다른 두 실수 사이에는 무리수가 존재한다.</p> <p>증명</p> <p>(1) 서로 다른 임의의 두 실수 \\( x, y( \\in \\mathbb { R } ) \\)에 대하여, 일반성을 잃지 않고 \\( x<y \\)라 가정하자. 그러면 \\( y-x>0 \\)이므로 성질 2.1.8(1)에 의하여 \\( n(y-x)>1 \\)인 자연수 \\( n \\)이 존재한다. 더 나아가 \\( k_ { 1 } >n x, k_ { 2 } >\\) \\( -n x \\)인 자연수 \\( k_ { 1 } , k_ { 2 } \\)가 존재하여 \\( -k_ { 2 }<n x<k_ { 1 } \\)이 성립한다. 이제 정수집합 \\( \\mathbb { Z } \\)의 부분집합 \\( S= \\{ l \\in \\mathbb { Z } \\mid n x<l \\} \\)을 생각하자. 그러면 \\( k_ { 1 } \\in S \\)이므로 \\( S \\)는 공집합이 아니고, \\( -k_ { 2 } \\)가 \\( S \\)의 하계이므로 \\( S \\)는 아래로 유계이다. 따라서 정렬원리 (정리 1.7.5)에 의하여 정수 \\( m= \\min (S) \\in S \\)이 존재한다. 그러면 \\( m-1 \\leq n x<m \\)이므로 \\( n x<m \\leq 1 + n x<n y \\)이다. 그리고 \\( n \\)이 자연수이므로 \\( x< \\frac { m } { n }<y \\)이다.</p> <p>(2) 서로 다른 임의의 두 실수 \\( x, y( \\in \\mathbb { R } ) \\)에 대하여 일반성을 잃지 않고 \\( x<y \\)라 하자. (1)에 의하여 \\( x<p<y \\)를 만족하는 유리수 \\( p( \\in \\mathbb { Q } ) \\)가 존재한다. 그리고 성질 \\( 2.1.8 \\)에 의하여</p> <p>\\[ 0< \\frac { 1 } { n }< \\frac { y-p } {\\sqrt { 2 } } \\]</p> <p>를 만족하는 자연수 \\( n( \\in \\mathbb { N } ) \\)이 존재한다. 그러면 무리수 \\( r:=p + \\frac {\\sqrt { 2 } } { n } \\) \\( \\left ( \\in \\mathbb { Q } ^ { c } \\right ) \\)이</p>",
                "context_length": 1248,
                "summary": "임의의 서로 다른 두 실수 사이에는 유리수와 무리수가 존재한다는 정리를 제시한다. 두 실수 \\(x\\)와 \\(y\\) 사이에는 \\(x<p<y\\)를 만족하는 유리수 \\(p\\)가 존재하고, 또한 \\( 0< \\frac { 1 } { n }< \\frac { y-p } {\\sqrt { 2 } } \\)를 만족하는 자연수 \\( n \\)이 존재한다. 이를 바탕으로, 무리수 \\( r:=p + \\frac {\\sqrt { 2 } } { n } \\)이 존재함을 알 수 있다.",
                "clue": [
                    {
                        "clue_text": "이제 실수상에서 유리수집합과 무리수집합의 조밀성을 알아본다.",
                        "clue_start": "72",
                        "clue_end": "105"
                    },
                    {
                        "clue_text": "정리 2.1.9 (1) 임의의 서로 다른 두 실수 사이에는 유리수가 존재한다.",
                        "clue_start": "113",
                        "clue_end": "156"
                    },
                    {
                        "clue_text": "(2) 임의의 서로 다른 두 실수 사이에는 무리수가 존재한다.",
                        "clue_start": "164",
                        "clue_end": "198"
                    }
                ],
                "terminology": [
                    {
                        "word": "공집합"
                    },
                    {
                        "word": "무리수"
                    },
                    {
                        "word": "무리수집합"
                    },
                    {
                        "word": "부분집합"
                    },
                    {
                        "word": "실수"
                    },
                    {
                        "word": "아래로 유계"
                    },
                    {
                        "word": "유계"
                    },
                    {
                        "word": "자연수"
                    },
                    {
                        "word": "정렬원리"
                    },
                    {
                        "word": "정수"
                    },
                    {
                        "word": "정수집합"
                    },
                    {
                        "word": "조밀성"
                    }
                ]
            },
            {
                "context_id": "55e-0c9-merge_96aba9d6-623fa2e9-fbf3-482d-b268-610d943c2dbc_12",
                "context_K-NSCC": {
                    "field": "자연",
                    "large_category": "NA",
                    "medium_category": "03"
                },
                "context": "<p>\\[ q \\in B(q, s)=(q-s, g + s) \\subset \\mathbb { Q } ^ { c } \\]</p> <p>를 만족하는 양의 실수 \\( s \\)가 존재하지 않으므로 \\( \\mathbb { Q } ^ { c } \\)는 \\( \\mathbb { R } \\)의 열린집합이 아니다. 더 나아가 닫힌집합의 정의하여 의하여 \\( \\mathbb { Q } , \\mathbb { Q } ^ { c } \\)는 모두 \\( \\mathbb { R } \\)의 닫힌집합도 아니다.</p> <p>(★) 정리 2.1.17(3)과 관련하여, 일반적으로 무한개의 열린집합의 교집합은 열린집합이 아니다.</p> <p>[예제 2.1.19] 모든 자연수 \\( n \\in \\mathbb { N } \\)에 대하여 \\( U_ { n } = \\left (- \\frac { 1 } { n } , \\frac { 1 } { n } \\right ) \\)은 \\( \\mathbb { R } \\)의 열린집합이지만 \\( \\bigcap_ { n=1 } ^ {\\infty } U_ { n } = \\{ 0 \\} \\)이 되어서 \\( \\mathbb { R } \\)의 열린집합이 아니다.</p> <p>주의 2.1.20 열린집합의 정의에서 알 수 있듯이 열린구 \\( B(x, r) \\)의 선택은 전체 집합에 따라서 결정된다. 구체적으로 살펴보면 \\( \\mathbb { R } \\)에서의 \\( B(x, r) \\)과 \\( \\mathbb { R } ^ { 2 } \\)에서의 \\( B(x, r) \\)은 다르다 (그림 2.1 참조). 예를 들면 다음과 같다.</p> <p>(1) \\( A=(-a, a)( \\subset \\mathbb { R } ) \\)은 \\( \\mathbb { R } \\)의 열린집합이다. 왜냐하면 임의의 \\( x \\in A \\)에 대하여 \\( B(x, r)=(x-r, x + r) \\) 이 존재하여 \\( x \\in B(x, r) \\subset A \\) 이기 때문이다.</p> <p>(2) \\( B=(-a, a) \\times \\{ 0 \\} \\left ( \\subset \\mathbb { R } ^ { 2 } \\right ) \\) (여기서 \\( a \\in \\mathbb { R } \\) 이다)은 \\( \\mathbb { R } ^ { 2 } \\)의 열린집합이 아니다 (그림 2.4 참조). 왜냐하면 \\( B \\subset \\mathbb { R } ^ { 2 } \\)이므로 임의의 점 \\( p \\in B \\)에 대하여 \\( \\mathbb { R } ^ { 2 } \\)에서의 \\( B(x, r) \\) \\( \\left ( \\subset \\mathbb { R } ^ { 2 } \\right ) \\)이 존재하여 \\( p \\in B(p, r) \\subset B \\)이 성립해야 하는데 그렇지 못하기 때문이다.</p>",
                "context_length": 1376,
                "summary": "\\(Q\\)의 열린구 \\(B(q, s)\\)가 \\( \\mathbb { Q } ^ { c } \\)에 포함되지 않으므로 \\( \\mathbb { Q } ^ { c } \\)는 \\( \\mathbb { R } \\)의 열린집합이 아니고 닫힌집합도 아니다. 일반적으로 무한개의 열린집합의 교집합은 열린집합이 아니며, 예를 들어 R에서의 \\(B(x, r)\\)와\\( \\mathbb { R }^2\\)에서의 \\(B(x, r)\\)은 다르다.",
                "clue": [
                    {
                        "clue_text": "정리 2.1.17(3)과 관련하여, 일반적으로 무한개의 열린집합의 교집합은 열린집합이 아니다.",
                        "clue_start": "278",
                        "clue_end": "330"
                    }
                ],
                "terminology": [
                    {
                        "word": "닫힌집합"
                    },
                    {
                        "word": "실수"
                    },
                    {
                        "word": "열린구"
                    },
                    {
                        "word": "열린집합"
                    },
                    {
                        "word": "자연수"
                    },
                    {
                        "word": "전체 집합"
                    },
                    {
                        "word": "집합"
                    }
                ]
            },
            {
                "context_id": "55e-0c9-merge_96aba9d6-623fa2e9-fbf3-482d-b268-610d943c2dbc_09",
                "context_K-NSCC": {
                    "field": "자연",
                    "large_category": "NA",
                    "medium_category": "03"
                },
                "context": "<p>(2) \\( C \\left ( \\subset \\mathbb { R } ^ { n } \\right ) \\)가 \\( \\mathbb { R } ^ { n } \\)의 닫힌집합 (closed set)이란 \\( C ^ {\\subset } = \\mathbb { R } ^ { n } -C \\)가 \\( \\mathbb { R } ^ { n } \\)의 열린집합이 되는 경우를 의미한다.</p> <p>[예제 2.1.15] 그림 2.2에서 \\( \\mathbb { R } ^ { 2 } \\)의 부분집합 \\( X \\)는 \\( \\mathbb { R } ^ { 2 } \\)의 열린집합이다. 그러나 \\( \\mathbb { R } ^ { 2 } \\)의 부분집합 \\( Y \\)는 \\( \\mathbb { R } ^ { 2 } \\)의 열린집합이 아니다. 왜냐하면 점 \\( q( \\in Y) \\)에서 \\( Y \\)에 포함되는 열린구가 존재하지 않기 때문이다.</p> <p>기초정리 2.1.16 유클리드 공간 \\( \\mathbb { R } ^ { n } \\)상의 임의의 열린구 \\( B(p, r) \\)은 열린집합이다.</p> <p>증명 임의로 주어진 \\( x \\in B(p, r) \\)에 대하여 \\( t:=d(x, p)( \\in \\mathbb { R } ) \\)이라 하자. 이제 \\( \\varepsilon:=r-t( \\in \\mathbb { R } ) \\)로 놓으면 \\( B(x, \\varepsilon) \\subset B(p, r) \\)이다 (그림 2.3 참조).</p> <p>왜냐하면 만약 \\( w \\in B(x, \\varepsilon) \\)이면 \\( d(w, x)< \\varepsilon \\)이므로</p> <p>\\[ d(w, p) \\leq d(w, x) + d(x, p)< \\varepsilon + t=r \\]</p> <p>이 되어 \\( w \\in B(p, r) \\)이다. 그러므로 \\( x \\in B(x, \\varepsilon) \\subset B(p, r) \\)이다. 따라서 \\( B(p, r) \\)는 \\( \\mathbb { R } ^ { n } \\)의 열린집합이다. 열린집합의 정의로부터 다음 성질을 알 수 있다.</p> <p>정리 2.1.17 \\( \\mathbb { R } ^ { n } \\)의 부분집합들에 대하여 다음이 성립한다.</p> <ul> <li>(1) \\( \\varnothing \\)과 \\( \\mathbb { R } ^ { n } \\)은 \\( \\mathbb { R } ^ { n } \\)의 열린집합이다.</li> <li>(2) 만약 \\( U_ {\\alpha } ( \\alpha \\in \\Lambda) \\)가 \\( \\mathbb { R } ^ { n } \\)의 열린집합이면 \\( \\bigcup_ {\\alpha \\in \\Lambda } U_ {\\alpha } \\)도 \\( \\mathbb { R } ^ { n } \\)의 열린집합이다 (여기서 \\( \\Lambda \\)는 임의의 첨자집합이다).</li> <li>(3) \\( \\mathbb { R } ^ { n } \\)의 유한개의 열린집합 \\( U_ { 1 } , U_ { 2 } , \\cdots, U_ { k } \\)에 대하여 \\( \\bigcap_ { i=1 } ^ { k } U_ { i } \\)도 \\( \\mathbb { R } ^ { n } \\)의 열린집합이다.</li></ul> <p>(1) (i) \\( \\varnothing \\)은 어떠한 점도 갖지 않으므로 조건부 논리 (정의 1.1.4 참조)에 의하여 \\( \\varnothing \\)은 \\( \\mathbb { R } ^ { n } \\)의 열린집합이다.</p>",
                "context_length": 1759,
                "summary": "임의로 주어진 \\( x \\in B(p, r) \\)에 대해 \\( t:=d(x, p)( \\in \\mathbb { R } ) \\)이라 하고 \\( \\varepsilon:=r-t( \\in \\mathbb { R } ) \\)로 놓으면 \\( B(x, \\varepsilon) \\subset B(p, r) \\)인 이유는 만약 \\( w \\in B(x, \\varepsilon) \\)이면 \\( d(w, x)< \\varepsilon \\)이므로\\[ d(w, p) \\leq d(w, x) + d(x, p)< \\varepsilon + t=r \\]이 되어 \\( w \\in B(p, r) \\)이 나오기 때문이다.",
                "clue": [
                    {
                        "clue_text": "증명 임의로 주어진 \\( x \\in B(p, r) \\)에 대하여 \\( t:=d(x, p)( \\in \\mathbb { R } ) \\)이라 하자.",
                        "clue_start": "557",
                        "clue_end": "636"
                    },
                    {
                        "clue_text": "이제 \\( \\varepsilon:=r-t( \\in \\mathbb { R } ) \\)로 놓으면 \\( B(x, \\varepsilon) \\subset B(p, r) \\)이다 (그림 2.3 참조).",
                        "clue_start": "637",
                        "clue_end": "743"
                    },
                    {
                        "clue_text": "왜냐하면 만약 \\( w \\in B(x, \\varepsilon) \\)이면 \\( d(w, x)< \\varepsilon \\)이므로</p> <p>\\[ d(w, p) \\leq d(w, x) + d(x, p)< \\varepsilon + t=r \\]</p> <p>이 되어 \\( w \\in B(p, r) \\)이다.",
                        "clue_start": "751",
                        "clue_end": "918"
                    }
                ],
                "terminology": [
                    {
                        "word": "닫힌집합"
                    },
                    {
                        "word": "부분집합"
                    },
                    {
                        "word": "열린집합"
                    },
                    {
                        "word": "유클리드 공간"
                    },
                    {
                        "word": "집합"
                    },
                    {
                        "word": "첨자집합"
                    }
                ]
            },
            {
                "context_id": "55e-0c9-merge_96aba9d6-623fa2e9-fbf3-482d-b268-610d943c2dbc_01",
                "context_K-NSCC": {
                    "field": "자연",
                    "large_category": "NA",
                    "medium_category": "03"
                },
                "context": "<p>이제 하계와 관련하여 다음 성질을 소개한다.</p> <p>성질 2.1.4 전순서집합 \\( ( \\mathbb { R } , \\leq) \\)의 부분집합 \\( B \\)에 대하여 다음은 서로 동치이다.</p> <ul> <li>(a) \\( \\beta= \\inf B( \\in \\mathbb { R } ) \\)</li> <li>(b) (i) 모든 \\( b \\in B \\)에 대하여 \\( \\beta \\leq b \\)이다.</li> <li>(ii) 만약 \\( \\beta<r \\)이면 \\( b<r \\)인 \\( B \\)인 원소 \\( b \\)가 존재한다.</li></ul> <p>위 성질에서 조건 (b)-(i)는 \\( \\beta \\)가 집합 \\( B \\)의 하계임을 의미하고, (b)-(ii)는 \\( \\beta \\)보다 큰 실수 \\( r \\)은 \\( B \\)의 하계가 아님을 의미한다.</p> <p>정리 2.1.5 (최대하계정리) 전순서집합 \\( ( \\mathbb { R } , \\leq) \\)에서 만약 \\( B( \\subset \\mathbb { R } ) \\)가 아래로 유계인 집합이면 \\( \\inf B( \\in \\mathbb { R } ) \\)가 유일하게 존재한다.</p> <p>증명 집합 \\( B \\)가 아래로 유계이므로 \\( B \\)의 하계 \\( l( \\in \\mathbb { R } ) \\)이 존재하여 모든 \\( b \\in B \\)에 대하여 \\( l \\leq b \\)를 만족한다. 따라서 모든 \\( b \\in B \\)에 대하여 \\( -l \\geq-b \\)이므로 \\( u=-l \\)은 집합 \\( A:= \\{ -b \\in \\mathbb { R } \\mid b \\in B \\} \\)의 상계가 된다. 따라서 \\( A \\)는 위로 유계인 집합이므로, 성질 2.1.2에 의하여 \\( \\alpha= \\sup A \\in \\mathbb { R } \\)가 존재한다. 그리고 성실 2.1.1과 성실 2.1.4에 의하여 \\( \\beta:=- \\alpha( \\in \\mathbb { R } ) \\)가 \\( B \\)의 최대하계임을 알 수 있다. 즉 \\( \\inf B= \\beta \\)이다. \\( \\inf B \\)의 유일성은 정리 \\( 2.1 .3 \\)의 증명과 같은 방법으로 보일 수 있다.</p> <p>따름정리 2.1.6 \\( ( \\mathbb { R } , \\leq) \\)상에서 위로 유계인 증가수열은 수렴한다.</p> <p>증명 수열 \\( \\left \\langle x_ { n } \\right \\rangle \\)이 위로 유계인 증가수열이라 하자. 그러면 \\( A:= \\left \\{ x_ { n } \\mid n \\in \\mathbb { N } \\right \\} \\)이 위로 유계인 집합이므로 \\( A \\)의 상한 \\( \\alpha= \\sup A( \\in \\mathbb { R } ) \\)가 존재한다. 이제 수열 \\( \\left \\langle x_ { n } \\right \\rangle \\)이 \\( \\alpha \\)로 수렴함을 보이자. 임의로 주어진 \\( \\varepsilon>0 \\)에 대하여 \\( \\alpha- \\varepsilon< \\alpha \\)이고 \\( \\alpha \\)가 집합 \\( A \\)의 최소상계이므로 \\( \\alpha- \\varepsilon<x_ { k } \\leq \\alpha \\)를 만족하는 \\( x_ { k } \\in A \\)가 존재한다. 이러한 \\( k \\)에 대하여</p>",
                "context_length": 1664,
                "summary": "전순서집합 \\( ( \\mathbb { R } , \\leq) \\)에서 \\( \\beta \\)는 부분집합 \\( B \\)의 하계임을 의미한다. 또한 전순서집합 \\( ( \\mathbb { R } , \\leq) \\)에서 집합 \\( B \\)가 아래로 유계이면 \\( A \\)는 위로 유계인 집합이되어 \\( \\inf B= \\beta \\)이다.",
                "clue": [
                    {
                        "clue_text": "위 성질에서 조건 (b)-(i)는 \\( \\beta \\)가 집합 \\( B \\)의 하계임을 의미하고, (b)-(ii)는 \\( \\beta \\)보다 큰 실수 \\( r \\)은 \\( B \\)의 하계가 아님을 의미한다.",
                        "clue_start": "315",
                        "clue_end": "430"
                    },
                    {
                        "clue_text": "증명 집합 \\( B \\)가 아래로 유계이므로 \\( B \\)의 하계 \\( l( \\in \\mathbb { R } ) \\)이 존재하여 모든 \\( b \\in B \\)에 대하여 \\( l \\leq b \\)를 만족한다.",
                        "clue_start": "597",
                        "clue_end": "712"
                    }
                ],
                "terminology": [
                    {
                        "word": "동치"
                    },
                    {
                        "word": "따름정리"
                    },
                    {
                        "word": "부분집합"
                    },
                    {
                        "word": "상계"
                    },
                    {
                        "word": "수렴"
                    },
                    {
                        "word": "수열"
                    },
                    {
                        "word": "실수"
                    },
                    {
                        "word": "아래로 유계"
                    },
                    {
                        "word": "유계"
                    },
                    {
                        "word": "유일성"
                    },
                    {
                        "word": "전순서집합"
                    },
                    {
                        "word": "증가수열"
                    },
                    {
                        "word": "증명 수열"
                    },
                    {
                        "word": "집합"
                    },
                    {
                        "word": "최대하계정리"
                    },
                    {
                        "word": "최소상계"
                    },
                    {
                        "word": "하계"
                    }
                ]
            },
            {
                "context_id": "55e-0c9-merge_96aba9d6-623fa2e9-fbf3-482d-b268-610d943c2dbc_19",
                "context_K-NSCC": {
                    "field": "자연",
                    "large_category": "NA",
                    "medium_category": "03"
                },
                "context": "<p>\\[ p \\in B(p . \\delta) \\subset U \\subset f ^ { -1 } (B(f(p), \\varepsilon)) \\]</p> <p>이다. 그러므로 참고 2.1.28에 의하여, \\( x \\in \\mathbb { R } ^ { n } \\)에 대하여</p> <p>\\[ d(x, p)< \\delta \\Rightarrow d(f(x), f(p))< \\varepsilon \\]</p> <p>이 성립하므로 \\( f \\)는 점 \\( p \\)에서 연속이다. 성질 2.1.29를 활용하여 다음 성질을 얻는다.</p> <p>성질 2.1.30 함수 \\( f: \\mathbb { R } ^ { m } \\rightarrow \\mathbb { R } ^ { n } \\)에 대하여 다음은 서로 동치이다.</p> <ul> <li>(a) \\( f \\)가 연속이다.</li> <li>(b) \\( \\mathbb { R } ^ { n } \\)의 임의의 열린집합 \\( V \\)에 대하여 \\( f ^ { -1 } (V) \\)가 \\( \\mathbb { R } ^ { m } \\)의 열린집합이다.</li></ul> <p>(a) \\( \\Rightarrow \\) (b) \\( f \\)를 연속이라 하자. 그리고 \\( V \\)를 \\( \\mathbb { R } ^ { n } \\)의 열린집합이라 하자. 임의의 한 점 \\( x \\in f ^ { -1 } (V) \\)에 대해 \\( f(x) \\in V \\)이고 \\( f \\)가 \\( x \\)에서 연속이므로 성질 2.1.29에 의하여</p> <p>\\[ x \\in U_ { x } \\subset f ^ { -1 } (V) \\]</p> <p>를 만족하는 \\( \\mathbb { R } ^ { m } \\)의 열린집합 \\( U_ { x } \\)가 존재한다. 그러면</p> <p>\\[ f ^ { -1 } (V)= \\bigcup_ { x \\in f ^ { -1 } (V) } U_ { x } \\]</p> <p>이므로 정리 2.1.17(2)에 의하여 \\( f ^ { -1 } (V) \\)는 \\( \\mathbb { R } ^ { m } \\)의 열린집합이다. (b) \\( \\Rightarrow \\) (a) 임의의 한 점 \\( x \\in \\mathbb { R } ^ { m } \\)에 대하여 \\( f \\)가 점 \\( x \\)에서 연속임을 보이면 된다. 이제 \\( V \\)를 \\( f(x) \\in V \\)인 \\( \\mathbb { R } ^ { n } \\)의 임의의 열린집합이라 하자. 그러면 (b)에 의하여 \\( f ^ { -1 } (V) \\)는 \\( \\mathbb { R } ^ { m } \\)의 열린집합이다. 이제 \\( U=f ^ { -1 } (V) \\)라 하면</p> <p>\\[ x \\in U=f ^ { -1 } (V) \\]</p> <p>이 되므로 성질 2.1.29에 의하여 \\( f \\)는 \\( x \\)에서 연속이다.</p>",
                "context_length": 1416,
                "summary": "주어진 조건 (a)와 (b)에 대하여, 연속함수 \\( f \\)의 성질을 검토하였다. 이에 따르면 (a)에서 (b)로, 그리고 (b)에서 (a)로 성질을 전환할 수 있다. 이는 \\( f \\)가 점 \\( p \\)에서 연속임을 보여준다. 또한, (a)에서 (b)로의 성질은 임의의 열린집합에 대해 \\( f \\)의 역상이 열린집합임을 의미한다. 따라서 \\( f \\)가 점 \\( x \\)에서 연속함을 증명하기 위해 임의의 열린집합 \\( V \\)를 사용할 수 있다. 이에 따라 \\( f \\)는 점 \\( x \\)에서 연속이다.",
                "clue": [
                    {
                        "clue_text": "그러므로 참고 2.1.28에 의하여, \\( x \\in \\mathbb { R } ^ { n } \\)에 대하여</p> <p>\\[ d(x, p)< \\delta \\Rightarrow d(f(x), f(p))< \\varepsilon \\]</p> <p>이 성립하므로 \\( f \\)는 점 \\( p \\)에서 연속이다.",
                        "clue_start": "92",
                        "clue_end": "261"
                    },
                    {
                        "clue_text": "성질 2.1.30 함수 \\( f: \\mathbb { R } ^ { m } \\rightarrow \\mathbb { R } ^ { n } \\)에 대하여 다음은 서로 동치이다.",
                        "clue_start": "297",
                        "clue_end": "392"
                    },
                    {
                        "clue_text": "<li>(a) \\( f \\)가 연속이다.",
                        "clue_start": "402",
                        "clue_end": "424"
                    },
                    {
                        "clue_text": " <li>(b) \\( \\mathbb { R } ^ { n } \\)의 임의의 열린집합 \\( V \\)에 대하여 \\( f ^ { -1 } (V) \\)가 \\( \\mathbb { R } ^ { m } \\)의 열린집합이다.</li>",
                        "clue_start": "429",
                        "clue_end": "552"
                    },
                    {
                        "clue_text": "임의의 한 점 \\( x \\in f ^ { -1 } (V) \\)에 대해 \\( f(x) \\in V \\)이고 \\( f \\)가 \\( x \\)에서 연속이므로 성질 2.1.29에 의하여</p> <p>\\[ x \\in U_ { x } \\subset f ^ { -1 } (V) \\]</p> <p>를 만족하는 \\( \\mathbb { R } ^ { m } \\)의 열린집합 \\( U_ { x } \\)가 존재한다.",
                        "clue_start": "658",
                        "clue_end": "876"
                    }
                ],
                "terminology": [
                    {
                        "word": "동치"
                    },
                    {
                        "word": "연속"
                    },
                    {
                        "word": "열린집합"
                    },
                    {
                        "word": "함수"
                    }
                ]
            },
            {
                "context_id": "55e-0c9-merge_96aba9d6-623fa2e9-fbf3-482d-b268-610d943c2dbc_08",
                "context_K-NSCC": {
                    "field": "자연",
                    "large_category": "NA",
                    "medium_category": "03"
                },
                "context": "<p>증명 임의의 점 \\( z \\in B \\left (x, r_ { 1 } \\right ) \\cap B \\left (y, r_ { 2 } \\right ) \\)에 대하여</p> <p>\\[ s_ { 1 } =r_ { 1 } -d(x, z), s_ { 2 } =r_ { 2 } -d(y, z) \\]</p> <p>라 하면 \\( s_ { 1 } , s_ { 2 } >0 \\)이다. 이제 \\( r_ { 3 } = \\min \\left \\{ s_ { 1 } , s_ { 2 } \\right \\} \\)로 놓으면</p> <p>\\[ z \\in B \\left (z, r_ { 3 } \\right ) \\subset B \\left (x, r_ { 1 } \\right ) \\cap B \\left (y, r_ { 2 } \\right ) \\]</p> <p>이다. 왜냐하면 만약 \\( w \\in B \\left (z, r_ { 3 } \\right ) \\)이면 \\( d(z, w)<r_ { 3 } \\)이므로</p> <p>\\[ d(x, w) \\leq d(x, z) + d(z, w)<d(x, z) + r_ { 3 } \\leq d(x, z) + s_ { 1 } =r_ { 1 } \\\\ d(y, w) \\leq d(y, z) + d(z, w)<d(y, z) + r_ { 3 } \\leq d(y, z) + s_ { 2 } =r_ { 2 } \\]</p> <p>이 되어서 \\( w \\in B \\left (x, r_ { 1 } \\right ) \\cap B \\left (y, r_ { 2 } \\right ) \\)이다. 따라서 \\( B \\left (z, r_ { 3 } \\right ) \\subset B \\left (x, r_ { 1 } \\right ) \\cap B \\left (y, r_ { 2 } \\right ) \\)이다.</p> <h1>\\( \\mathbb { R } ^ { n } \\)상에서 열린집합과 닫힌집합</h1> <p>이제 \\( \\mathbb { R } ^ { n } \\)상에서 열린구를 활용하여 열린집합과 닫힌집합을 정의한다.</p> <p>정의 2.1.14 (1) \\( U \\subset \\mathbb { R } ^ { n } \\)가 \\( \\mathbb { R } ^ { n } \\)의 열린집합 (open set)이란 임의의 점 \\( x \\in U \\)에 대하여 \\( x \\in B(x, r) \\subset U \\)를 만족하는 양의 실수 \\( r \\)이 존재함을 뜻한다. 여기서 \\( B(x, r) \\)은 \\( \\mathbb { R } ^ { n } \\)상에서 열린구이다.</p>",
                "context_length": 1254,
                "summary": "\\(r_3 = \\min\\{s_1, s_2\\}\\)로 놓으면 \\(z \\in B(z, r_3) \\subset B(x, r_1) \\cap B(y, r_2)\\)가 된다. \\(\\mathbb{R}^n\\)상에서 열린집합은 임의의 점 \\(x \\in U\\)에 대하여 \\(x \\in B(x, r) \\subset U\\)를 만족하는 양의 실수 \\(r\\)이 존재함을 뜻한다.",
                "clue": [
                    {
                        "clue_text": "이제 \\( r_ { 3 } = \\min \\left \\{ s_ { 1 } , s_ { 2 } \\right \\} \\)로 놓으면",
                        "clue_start": "208",
                        "clue_end": "276"
                    },
                    {
                        "clue_text": "\\[ z \\in B \\left (z, r_ { 3 } \\right ) \\subset B \\left (x, r_ { 1 } \\right ) \\cap B \\left (y, r_ { 2 } \\right ) \\]",
                        "clue_start": "284",
                        "clue_end": "398"
                    }
                ],
                "terminology": [
                    {
                        "word": "닫힌집합"
                    },
                    {
                        "word": "실수"
                    },
                    {
                        "word": "열린구"
                    },
                    {
                        "word": "열린집합"
                    }
                ]
            },
            {
                "context_id": "55e-0c9-merge_96aba9d6-623fa2e9-fbf3-482d-b268-610d943c2dbc_03",
                "context_K-NSCC": {
                    "field": "자연",
                    "large_category": "NA",
                    "medium_category": "03"
                },
                "context": "<p>성질 2.1.8 (아르키메데스 정리) 실수 \\( x, y \\in \\mathbb { R } \\)에 대하여 다음이 성립한다.</p> <ul> <li>(1) 임의의 양의 실수 \\( x>0 \\)와 실수 \\( y \\)에 대하여 \\( n x>y \\)를 만족하는 자연수 \\( n( \\in \\mathbb { N } ) \\)이 존재한다.</li> <li>(2) 임의의 양의 실수 \\( x>0 \\)에 대하여 \\( 0< \\frac { 1 } { n }<x \\)를 만족하는 자연수 \\( n( \\in \\mathbb { N } ) \\)이 존재한다.</li> <li>(3) 모든 자연수 \\( n( \\in \\mathbb { N } ) \\)에 대하여 \\( 0 \\leq x< \\frac { 1 } { n } \\)을 만족하는 실수 \\( x \\)는 0이다.</li></ul> <p>증명</p> <p>(1) 귀류법을 사용하여, \\( nx>y \\)를 만족하는 자연수 \\( n \\)이 존재하지 않는다고 가정하자. 그러면 모든 자연수 \\( n \\)에 대하여 \\( n x \\leq y \\)가 되어서 \\( y \\)는 집합 \\( A:= \\{ n x \\mid n \\in \\mathbb { N } \\} \\)의 상계이다. 그리고 성질 2.1.2 (최소상계성질)에 의하여 \\( \\alpha= \\sup A( \\in \\mathbb { R } ) \\)가 존재한다. 그런데 \\( x>0 \\)이므로 \\( \\alpha-x< \\alpha \\)이다. 따라서 \\( \\alpha-x \\)는 \\( A \\)의 상계가 아니므로 \\( \\alpha-x<m x( \\in A) \\)인 자연수 \\( m \\in \\mathbb { N } \\)이 존재한다. 그런데 \\( \\alpha<(m + 1) x \\in A \\)이므로 \\( \\alpha \\)가 \\( A \\)의 상계라는 사실에 모순이다. 따라서 \\( n x>y \\)를 만족하는 자연수 \\( n \\)이 존재한다.</p> <p>(2) (1)에 의하여, \\( y=1 \\)인 경우, \\( nx>1 \\)인 자연수 \\( n( \\in \\mathbb { N } ) \\)이 존재하고, 양변을 \\( n \\)으로 나누면 \\( x>\\frac { 1 } { n } >0 \\)을 만족한다.</p> <p>(3) 귀류법을 사용하여, 모든 자연수 \\( n( \\in \\mathbb { N } ) \\)에 대하여 \\( 0 \\leq x< \\frac { 1 } { n } \\)을 만족하는 실수 \\( x \\)는 \\( x \\neq 0 \\)라고 가정하자. \\( x>0 \\)이므로 (2)에 의하여,</p>",
                "context_length": 1244,
                "summary": "아르키메데스 정리에 따르면, 임의의 양의 실수 \\( x>0 \\)와 실수 \\( y \\)에 대해 \\( n x>y \\)를 만족하는 자연수 \\( n \\)이 존재한다. 또한, \\( 0< \\frac { 1 } { n }<x \\)를 만족하는 자연수 \\( n \\)도 존재하며, 모든 자연수 \\( n \\)에 대해 \\( 0 \\leq x< \\frac { 1 } { n } \\)을 만족하는 실수 \\( x \\)는 0이다. 이러한 사실은 귀류법을 통해 증명할 수 있으며, 이는 \\( nx>y \\)를 만족하는 자연수 \\( n \\)이 존재하지 않는다는 가정을 무효화한다.",
                "clue": [
                    {
                        "clue_text": "성질 2.1.8 (아르키메데스 정리) 실수 \\( x, y \\in \\mathbb { R } \\)에 대하여 다음이 성립한다.",
                        "clue_start": "3",
                        "clue_end": "70"
                    },
                    {
                        "clue_text": "<ul> <li>(1) 임의의 양의 실수 \\( x>0 \\)와 실수 \\( y \\)에 대하여 \\( n x>y \\)를 만족하는 자연수 \\( n( \\in \\mathbb { N } ) \\)이 존재한다.</li> <li>(2) 임의의 양의 실수 \\( x>0 \\)에 대하여 \\( 0< \\frac { 1 } { n }<x \\)를 만족하는 자연수 \\( n( \\in \\mathbb { N } ) \\)이 존재한다.</li> <li>(3) 모든 자연수 \\( n( \\in \\mathbb { N } ) \\)에 대하여 \\( 0 \\leq x< \\frac { 1 } { n } \\)을 만족하는 실수 \\( x \\)는 0이다.</li></ul>",
                        "clue_start": "75",
                        "clue_end": "416"
                    },
                    {
                        "clue_text": "(1) 귀류법을 사용하여, \\( nx>y \\)를 만족하는 자연수 \\( n \\)이 존재하지 않는다고 가정하자.",
                        "clue_start": "430",
                        "clue_end": "490"
                    },
                    {
                        "clue_text": "따라서 \\( n x>y \\)를 만족하는 자연수 \\( n \\)이 존재한다.",
                        "clue_start": "897",
                        "clue_end": "937"
                    },
                    {
                        "clue_text": "(2) (1)에 의하여, \\( y=1 \\)인 경우, \\( nx>1 \\)인 자연수 \\( n( \\in \\mathbb { N } ) \\)이 존재하고, 양변을 \\( n \\)으로 나누면 \\( x>\\frac { 1 } { n } >0 \\)을 만족한다.",
                        "clue_start": "945",
                        "clue_end": "1079"
                    }
                ],
                "terminology": [
                    {
                        "word": "귀류법"
                    },
                    {
                        "word": "상계"
                    },
                    {
                        "word": "실수"
                    },
                    {
                        "word": "자연수"
                    },
                    {
                        "word": "집합"
                    },
                    {
                        "word": "최소상계성질"
                    }
                ]
            },
            {
                "context_id": "55e-0c9-merge_96aba9d6-623fa2e9-fbf3-482d-b268-610d943c2dbc_16",
                "context_K-NSCC": {
                    "field": "자연",
                    "large_category": "NA",
                    "medium_category": "03"
                },
                "context": "<p>예제 2.1.24에서 알 수 있듯이 무한개의 닫힌집합들의 합집합은 닫힌집합일 필요는 없다.</p> <p>성질 2.1.25 \\( \\mathbb { R } \\)의 열린집합인 동시에 닫힌집합은 \\( \\varnothing \\)과 \\( \\mathbb { R } \\)뿐이다.</p> <p>증명 (귀류법 사용) \\( \\varnothing \\subsetneq A \\subsetneq \\mathbb { R } \\)을 만족하는 열린집합인 동시에 닫힌집합 \\( A \\)가 존재한다고 가정하자. 그러면 \\( A ^ { c } \\)도 \\( \\mathbb { R } \\)의 열린집합인 동시에 닫힌집합이고 \\( \\varnothing \\subsetneq A ^ { c } \\subsetneq \\mathbb { R } \\)이다. 이제 \\( a \\in A \\)와 \\( b \\in A ^ { c } \\)를 택하고 \\( a<b \\)라 하자. 그러면 \\( A \\)가 열린집합이므로</p> <p>\\[ a \\in[a, a + \\delta) \\subset(a- \\delta, a + \\delta) \\subset A \\]</p> <p>를 만족하는 양수 \\( \\delta \\)가 존재한다. 따라서 집합</p> <p>\\[ C= \\{ x \\in \\mathbb { R } || a, x) \\subset A \\} \\]</p> <p>는 공집합이 아니고 \\( b \\)를 상계로 갖는다 \\( ( \\because a + \\delta \\in C) \\). 즉 \\( C \\)가 위로 유계인 집합이다 \\( \\left ( \\because \\exists ^ {\\forall } x \\in A, x \\leq b \\right ) \\). 그러므로 성질 2.1.2에 의해 \\( \\sup C:= \\beta \\in \\mathbb { R } \\)이 존재한다. 그러면 \\( \\beta \\in A \\)이거나 \\( \\beta \\in A ^ { c } \\)이어야 한다.</p> <p>(i) 먼저 \\( \\beta \\in A \\)인 경우를 생각하자. \\( A \\)가 열린집합이므로 \\( ( \\beta- \\varepsilon, \\beta + \\varepsilon) \\) \\( \\subset A \\)를 만족하는 양수 \\( \\varepsilon \\)이 존재한다. 그리고 \\( \\beta- \\varepsilon< \\beta= \\sup C \\)이므로 \\( \\beta- \\varepsilon<x \\)인 \\( x \\in C \\)가 존재하여 \\( [a, x) \\subset A \\)를 만족한다. 따라서</p> <p>\\[ [a, \\beta + \\varepsilon) \\subset[a, x) \\cup( \\beta- \\varepsilon, \\beta + \\varepsilon) \\subset A \\]</p> <p>이므로 \\( \\beta + \\varepsilon \\in C \\)이다. 이는 \\( \\beta= \\sup C \\)라는 사실에 모순이다.</p>",
                "context_length": 1424,
                "summary": "무한개의 닫힌집합들의 합집합이 닫힌집합일 필요는 없다는 것을 예제 2.1.24를 통해 확인할 수 있다. 성질 2.1.25는 실수 \\( \\mathbb { R } \\)의 열린집합이자 동시에 닫힌집합이 될 수 있는 것은 \\( \\varnothing \\)과 \\( \\mathbb { R } \\)뿐이라는 것을 보여준다. 귀류법을 이용하여 \\( \\varnothing \\subsetneq A \\subsetneq \\mathbb { R } \\)을 만족하는 열린집합이자 동시에 닫힌집합 \\( A \\)가 존재한다는 가정이 모순임을 보여준다.",
                "clue": [
                    {
                        "clue_text": "예제 2.1.24에서 알 수 있듯이 무한개의 닫힌집합들의 합집합은 닫힌집합일 필요는 없다.",
                        "clue_start": "3",
                        "clue_end": "53"
                    },
                    {
                        "clue_text": "성질 2.1.25 \\( \\mathbb { R } \\)의 열린집합인 동시에 닫힌집합은 \\( \\varnothing \\)과 \\( \\mathbb { R } \\)뿐이다.",
                        "clue_start": "61",
                        "clue_end": "150"
                    },
                    {
                        "clue_text": "증명 (귀류법 사용) \\( \\varnothing \\subsetneq A \\subsetneq \\mathbb { R } \\)을 만족하는 열린집합인 동시에 닫힌집합 \\( A \\)가 존재한다고 가정하자.",
                        "clue_start": "158",
                        "clue_end": "267"
                    },
                    {
                        "clue_text": "성질 2.1.25 \\( \\mathbb { R } \\)의 열린집합인 동시에 닫힌집합은 \\( \\varnothing \\)과 \\( \\mathbb { R } \\)뿐이다.",
                        "clue_start": "61",
                        "clue_end": "150"
                    }
                ],
                "terminology": [
                    {
                        "word": "공집합"
                    },
                    {
                        "word": "귀류법"
                    },
                    {
                        "word": "닫힌집합"
                    },
                    {
                        "word": "상계"
                    },
                    {
                        "word": "열린집합"
                    },
                    {
                        "word": "유계인 집합"
                    },
                    {
                        "word": "집합"
                    }
                ]
            },
            {
                "context_id": "55e-0c9-merge_96aba9d6-623fa2e9-fbf3-482d-b268-610d943c2dbc_10",
                "context_K-NSCC": {
                    "field": "자연",
                    "large_category": "NA",
                    "medium_category": "03"
                },
                "context": "<p>(ii) 임의의 점 \\( x \\in \\mathbb { R } ^ { n } \\)에 대하여 임의의 \\( \\varepsilon(0< \\varepsilon \\in \\mathbb { R } ) \\)을 택하면 \\( x \\in B(x, \\varepsilon) \\subset \\mathbb { R } ^ { n } \\)이므로 \\( \\mathbb { R } ^ { n } \\)은 \\( \\mathbb { R } ^ { n } \\)의 열린집합이다.</p> <p>(2) 임의의 점 \\( x \\in \\bigcup_ {\\alpha \\in \\Lambda } U_ {\\alpha } \\)에 대하여 \\( x \\in U_ {\\alpha_ { 0 } } \\)인 \\( \\alpha_ { 0 } \\in \\Lambda \\)가 존재한다. 그런데 \\( U_ {\\alpha_ { 0 } } \\)가 \\( \\mathbb { R } ^ { n } \\)의 열린집합이므로 \\( B(x, r) \\left ( \\subset U_ {\\alpha_ { 0 } } \\right ) \\)이 존재한다. 그러므로</p> <p>\\[ x \\in B(x, r) \\subset U_ {\\alpha_ { 0 } } \\subset \\bigcup_ {\\alpha \\in \\Lambda } U_ {\\alpha } \\]</p> <p>이 성립하므로 \\( \\bigcup_ {\\alpha \\in \\Lambda } U_ {\\alpha } \\)는 \\( \\mathbb { R } ^ { n } \\)의 열린집합이다.</p> <p>(3) 임의의 점 \\( x \\in \\bigcap_ { i=1 } ^ { k } U_ { i } \\)을 택하자. 그러면 임의의 \\( i \\in \\{ 1,2, \\cdots, k \\} \\)에 대해 \\( x \\in U_ { i } \\)이고 \\( U_ { i } \\)가 열린집합이므로 \\( B \\left (x, r_ { i } \\right ) \\left ( \\subset \\mathbb { R } ^ { n } \\right ) \\)가 존재하여 \\( x \\in B \\left (x, r_ { i } \\right ) \\subset U_ { i } \\)이 성립한다. 이제 \\( r:= \\min \\left \\{ r_ { 1 } , r_ { 2 } , \\cdots, r_ { k } \\right \\} \\)이라 하면 \\( r \\)은 양의 실수이고, 모든 \\( i \\in \\{ 1,2, \\cdots, k \\} \\)에 대하여</p>",
                "context_length": 1202,
                "summary": "주어진 식이 성립하므로, \\( \\bigcup_ {\\alpha \\in \\Lambda } U_ {\\alpha } \\)는 \\( \\mathbb { R } ^ { n } \\)의 열린집합이다. 임의의 점 \\( x \\)가 \\( \\bigcap_ { i=1 } ^ { k } U_ { i } \\)에 포함될 경우, \\( x \\)가 \\( U_ { i } \\)에 속하며 이 \\( U_ { i } \\)는 열린집합이므로, \\( x \\)는 \\( U_ { i } \\)를 포함하는 열린공 \\( B \\left (x, r_ { i } \\right ) \\)에 속한다.",
                "clue": [
                    {
                        "clue_text": "\\[ x \\in B(x, r) \\subset U_ {\\alpha_ { 0 } } \\subset \\bigcup_ {\\alpha \\in \\Lambda } U_ {\\alpha } \\]",
                        "clue_start": "540",
                        "clue_end": "639"
                    },
                    {
                        "clue_text": "이 성립하므로 \\( \\bigcup_ {\\alpha \\in \\Lambda } U_ {\\alpha } \\)는 \\( \\mathbb { R } ^ { n } \\)의 열린집합이다.",
                        "clue_start": "647",
                        "clue_end": "742"
                    },
                    {
                        "clue_text": "(3) 임의의 점 \\( x \\in \\bigcap_ { i=1 } ^ { k } U_ { i } \\)을 택하자. 그러면 임의의 \\( i \\in \\{ 1,2, \\cdots, k \\} \\)에 대해 \\( x \\in U_ { i } \\)이고 \\( U_ { i } \\)가 열린집합이므로 \\( B \\left (x, r_ { i } \\right ) \\left ( \\subset \\mathbb { R } ^ { n } \\right ) \\)가 존재하여 \\( x \\in B \\left (x, r_ { i } \\right ) \\subset U_ { i } \\)이 성립한다.",
                        "clue_start": "750",
                        "clue_end": "1058"
                    }
                ],
                "terminology": [
                    {
                        "word": "양의 실수"
                    },
                    {
                        "word": "열린집합"
                    }
                ]
            },
            {
                "context_id": "55e-0c9-merge_96aba9d6-623fa2e9-fbf3-482d-b268-610d943c2dbc_05",
                "context_K-NSCC": {
                    "field": "자연",
                    "large_category": "NA",
                    "medium_category": "03"
                },
                "context": "<p>\\[ x<p<r=p + \\frac {\\sqrt { 2 } } { n }<y \\]</p> <p>를 만족한다.</p> <p>[예제 2.1.10] \\( \\mathbb { R } \\)상에서 부분집합 \\( A= \\{ x \\in \\mathbb { Q } \\mid 0<x< \\sqrt { 3 } \\} \\)에 대하여 \\( \\inf A \\) \\( =0, \\sup A= \\sqrt { 3 } \\)이다.</p> <h1>\\( \\mathbb { R } ^ { n } \\)상에서 열린구(open ball)</h1> <p>이제 \\( \\mathbb { R } ^ { n } \\)상에서 열린집합을 정의하고 다양한 성질을 알아보기 위하여 실공간 \\( \\mathbb { R } ^ { n } \\)상에서 보통거리에 대하여 알아보자.</p> <p>\\[ \\mathbb { R } ^ { n } = \\left \\{\\left (x_ { 1 } , x_ { 2 } , \\cdots, x_ { n } \\right ) i x_ { i } \\in \\mathbb { R } , i \\in \\{ 1,2, \\cdots, n \\} \\right \\} \\]</p> <p>이다. \\( \\mathbb { R } ^ { n } \\)상의 임의의 두 점 \\( x:= \\left (x_ { 1 } , x_ { 2 } , \\cdots, x_ { n } \\right ), y:= \\left (y_ { 1 } , y_ { 2 } , \\cdot \\cdot, y_ { n } \\right ) \\)에 대하여</p> <p>\\[ d(x, y):= \\|x-y \\|= \\sqrt {\\sum_ { i=1 } ^ { n } \\left (x_ { i } -y_ { i } \\right ) ^ { 2 } } \\in \\mathbb { R } \\]</p> <p>와 같이 정의된 \\( d \\)를 \\( \\mathbb { R } ^ { n } \\)상의 보통거리 (usual metric) 또는 유클리드 거리 (Euclidean metric)라 한다. \\( n=1 \\)인 경우, \\( d(x, y)= \\|x-y \\|=|x-y| \\)이다. 이러한 거리 \\( d \\)를 갖는 실공간 \\( \\mathbb { R } ^ { n } \\)을 유클리드 공간(Euclidean space)이라 한다. 이제부터 아무런 언급이 없으면 \\( \\mathbb { R } ^ { n } \\)은 유클리드 공간을 의미한다.</p>",
                "context_length": 1175,
                "summary": "\\( \\mathbb { R } ^ { n } \\)상의 임의의 두 점 \\( x, y \\)를 갖는 유클리드 거리를 이용하여 \\( \\mathbb { R } \\)상의 부분집합 \\( A= \\{ x \\in \\mathbb { Q } \\mid 0<x< \\sqrt { 3 } \\} \\)의 최소값과 최대값을 구할 수 있다.",
                "clue": [
                    {
                        "clue_text": "\\( \\mathbb { R } ^ { n } \\)상의 임의의 두 점 \\( x:= \\left (x_ { 1 } , x_ { 2 } , \\cdots, x_ { n } \\right ), y:= \\left (y_ { 1 } , y_ { 2 } , \\cdot \\cdot, y_ { n } \\right ) \\)에 대하여</p> <p>\\[ d(x, y):= \\|x-y \\|= \\sqrt {\\sum_ { i=1 } ^ { n } \\left (x_ { i } -y_ { i } \\right ) ^ { 2 } } \\in \\mathbb { R } \\]</p> <p>와 같이 정의된 \\( d \\)를 \\( \\mathbb { R } ^ { n } \\)상의 보통거리 (usual metric) 또는 유클리드 거리 (Euclidean metric)라 한다.",
                        "clue_start": "572",
                        "clue_end": "979"
                    }
                ],
                "terminology": [
                    {
                        "word": "보통거리 (usual metric)"
                    },
                    {
                        "word": "부분집합"
                    },
                    {
                        "word": "실공간"
                    },
                    {
                        "word": "열린구(open ball)"
                    },
                    {
                        "word": "열린집합"
                    },
                    {
                        "word": "유클리드 거리 (Euclidean metric)"
                    },
                    {
                        "word": "유클리드 공간(Euclidean space)"
                    }
                ]
            },
            {
                "context_id": "55e-0c9-merge_96aba9d6-623fa2e9-fbf3-482d-b268-610d943c2dbc_06",
                "context_K-NSCC": {
                    "field": "자연",
                    "large_category": "NA",
                    "medium_category": "03"
                },
                "context": "<p>성질 2.1.11 임의의 \\( x, y, z \\in \\mathbb { R } ^ { n } \\)에 대하여 다음이 성립한다.</p> <ul> <li>(1) \\( d(x, y) \\geq 0 \\)</li> <li>(2) \\( d(x, y)=0 \\Leftrightarrow x=y \\)</li> <li>(3) \\( d(x, y)=d(y, x) \\)</li> <li>(4) \\( d(x, z) \\leq d(x, y) + d(y, z) \\) (삼각부등식 성질)</li></ul> <p>(1), (2), (3)은 명백하므로 (4)만 보이자. 먼저 임의의 점 \\( x \\in \\mathbb { R } ^ { n } \\)을 위치벡터로 인식하여 \\( \\|x \\|=x \\cdot x \\)임을 상기하자. 여기서 연산자 \". \"은 벡터의 내적 (inner product)이다. 그리고 \\( x, y \\in \\mathbb { R } ^ { n } \\)의 내적은 \\( x \\cdot y= \\|x \\| \\|y \\| \\cos \\theta \\)이므로 \\( x \\cdot y \\leq \\|x \\| \\|y \\| \\)이 성립한다. 여기서 \\( \\theta \\)는 두 벡터 \\( x \\)와 \\( y \\)가 이루는 각이다. 이제 임의의 \\( x, y, z \\left ( \\in \\mathbb { R } ^ { n } \\right ) \\)에 대하여</p> <p>\\[ ( \\|x-y \\| + \\|y-z \\|) ^ { 2 } \\\\= \\|x-y \\| ^ { 2 } + 2 \\|x-y \\| \\|y-z \\| + \\|y-z \\| ^ { 2 } \\\\ \\geq(x-y) \\cdot(x-y) + 2(x-y) \\cdot(y-z) + (y-z) \\cdot(y-z) \\] \\[ \\begin {aligned} =&(x \\cdot x-2 x \\cdot y + y \\cdot y) + 2(x \\cdot y-x \\cdot z-y \\cdot y + y \\cdot z) \\\\ & + (y \\cdot y-2 y \\cdot z + z \\cdot z) \\\\=&(x-z) \\cdot(x-z) \\\\=& \\|x-z \\| ^ { 2 } \\end {aligned} \\]</p> <p>이므로 \\( d(x, y) + d(y, z) \\geq { d } (x, z) \\)이 성립한다.</p> <p>임의의 점 \\( p \\in \\mathbb { R } ^ { n } \\)와 양의 실수 \\( r \\)에 대하여</p> <p>\\( B(p, r)= \\left \\{ x \\in \\mathbb { R } ^ { n } \\mid d(x, p)<r \\right \\} \\)</p>",
                "context_length": 1270,
                "summary": "임의의 \\( x, y, z \\in \\mathbb { R } ^ { n } \\)에 대해 (1) \\( d(x, y) \\geq 0 \\), (2) \\( d(x, y)=0 \\Leftrightarrow x=y \\), (3) \\( d(x, y)=d(y, x) \\)이 성립하고 (4) \\( d(x, z) \\leq d(x, y) + d(y, z) \\)인 삼각부등식 성질이 성립한다. 그리고 임의의 점 \\( p \\in \\mathbb { R } ^ { n } \\)와 양의 실수 \\( r \\)에 대하여 \\( B(p, r)= \\left \\{ x \\in \\mathbb { R } ^ { n } \\mid d(x, p)<r \\right \\} \\)가 성립한다.",
                "clue": [
                    {
                        "clue_text": "성질 2.1.11 임의의 \\( x, y, z \\in \\mathbb { R } ^ { n } \\)에 대하여 다음이 성립한다.",
                        "clue_start": "3",
                        "clue_end": "71"
                    },
                    {
                        "clue_text": " <li>(1) \\( d(x, y) \\geq 0 \\)</li> <li>(2) \\( d(x, y)=0 \\Leftrightarrow x=y \\)</li> <li>(3) \\( d(x, y)=d(y, x) \\)</li> <li>(4) \\( d(x, z) \\leq d(x, y) + d(y, z) \\) (삼각부등식 성질)</li>",
                        "clue_start": "80",
                        "clue_end": "259"
                    },
                    {
                        "clue_text": "\\( B(p, r)= \\left \\{ x \\in \\mathbb { R } ^ { n } \\mid d(x, p)<r \\right \\} \\)",
                        "clue_start": "1190",
                        "clue_end": "1266"
                    },
                    {
                        "clue_text": "임의의 점 \\( p \\in \\mathbb { R } ^ { n } \\)와 양의 실수 \\( r \\)에 대하여",
                        "clue_start": "1123",
                        "clue_end": "1182"
                    }
                ],
                "terminology": [
                    {
                        "word": "내적"
                    },
                    {
                        "word": "벡터"
                    },
                    {
                        "word": "삼각부등식"
                    },
                    {
                        "word": "실수"
                    },
                    {
                        "word": "위치벡터"
                    }
                ]
            },
            {
                "context_id": "55e-0c9-merge_96aba9d6-623fa2e9-fbf3-482d-b268-610d943c2dbc_00",
                "context_K-NSCC": {
                    "field": "자연",
                    "large_category": "NA",
                    "medium_category": "03"
                },
                "context": "<h1>2.1 \\( \\mathbb { R } ^ { n } \\)에서 열린집합</h1> <p>임의의 집합 \\( X \\)상의 위상은 실공간 \\( \\mathbb { R } ^ { n } \\)상의 열린집합의 성질을 추상화 혹은 일반화하여 생성된 개념이다. 그러므로 위상수학을 공부하는 데 있어서 \\( \\mathbb { R } ^ { n } \\)상의 열린 집합의 성질을 먼저 알아야 한다. 이제 \\( \\mathbb { R } ^ { n } \\)상에서 열린집합에 관하여 알아보자. 먼저 실수공간 \\( \\mathbb { R } \\)의 기본성질을 알아본다. 제1장의 정의 1.5.7에서 주어진 집합의 상한과 하한의 개념을 알아보았다. 이를 바탕으로 다음 성질을 소개한다.</p> <p>성질 2.1.1 전순서집합 \\( ( \\mathbb { R } , \\leq) \\)의 부분집합 \\( A \\)에 대하여 다음은 서로 동치이다.</p> <ul> <li>(a) \\( \\alpha = \\sup A \\in \\mathbb { R } \\)</li> <li>(b) (i) 모든 \\( a \\in A \\)에 대하여 \\( a \\leq \\alpha \\)이다.</li> <li>(ii) 만약 \\( r< \\alpha \\)이면 \\( r<a \\)인 \\( A \\)인 원소 \\( a \\)가 존재한다.</li></ul> <p>위 성질에서 조건 (b)-(i)는 \\( \\alpha \\)가 \\( A \\)의 상계임을 의미하고 (b)-(ii)는 \\( \\alpha \\)보다 작은 실수 \\( r \\)은 \\( A \\)의 상계가 아님을 의미한다. 이제 전순서집합 \\( ( \\mathbb { R } , \\leq) \\)의 다양한 성질을 알아본다.</p> <p>성질 2.1.2 (죄소상계성질) 전순서집합 \\( ( \\mathbb { R } , \\leq) \\)에서 만약 \\( A( \\subset \\mathbb { R } ) \\)가 위로 유계인 집합이면 \\( \\sup A \\in \\mathbb { R } \\)이 존재한다.</p> <p>성질 2.1.3 전순서집합 \\( ( \\mathbb { R } , \\leq) \\)에서 만약 \\( A( \\subset \\mathbb { R } ) \\)의 최소상계가 존재하면 유일하다.</p> <p>증명 \\( \\alpha, \\beta \\in \\mathbb { R } \\)를 \\( A \\)의 최소상계라 하자. 그러면 \\( \\alpha \\)가 \\( A \\)의 상계이고 \\( \\beta \\)는 최소상계이므로 \\( \\beta \\leq \\alpha \\)이다. 같은 방법으로 \\( \\beta \\)는 \\( A \\)의 상계이고 \\( \\alpha \\)는 최소상계이므로 \\( \\alpha \\leq \\beta \\)이다. 따라서 \\( \\alpha= \\beta \\) 이다.</p>",
                "context_length": 1347,
                "summary": "임의의 집합 \\(X\\)의 위상 개념은 실공간 \\(\\mathbb{R}^n\\)의 열린 집합의 성질을 일반화한 것으로, 이를 이해하기 위해서는 \\(\\mathbb{R}^n\\)의 열린 집합의 성질을 먼저 알아야 한다. 그리고 제1장의 정의 1.5.7에서는 집합의 상한과 하한에 대해 알아보았다.",
                "clue": [
                    {
                        "clue_text": "임의의 집합 \\( X \\)상의 위상은 실공간 \\( \\mathbb { R } ^ { n } \\)상의 열린집합의 성질을 추상화 혹은 일반화하여 생성된 개념이다.",
                        "clue_start": "51",
                        "clue_end": "138"
                    },
                    {
                        "clue_text": "그러므로 위상수학을 공부하는 데 있어서 \\( \\mathbb { R } ^ { n } \\)상의 열린 집합의 성질을 먼저 알아야 한다.",
                        "clue_start": "139",
                        "clue_end": "212"
                    },
                    {
                        "clue_text": "1장의 정의 1.5.7에서 주어진 집합의 상한과 하한의 개념을 알아보았다.",
                        "clue_start": "305",
                        "clue_end": "346"
                    },
                    {
                        "clue_text": "이를 바탕으로 다음 성질을 소개한다.",
                        "clue_start": "347",
                        "clue_end": "367"
                    }
                ],
                "terminology": [
                    {
                        "word": "동치"
                    },
                    {
                        "word": "부분집합"
                    },
                    {
                        "word": "상계"
                    },
                    {
                        "word": "실공간"
                    },
                    {
                        "word": "실수"
                    },
                    {
                        "word": "실수공간"
                    },
                    {
                        "word": "열린집합"
                    },
                    {
                        "word": "위로 유계"
                    },
                    {
                        "word": "위상"
                    },
                    {
                        "word": "위상수학"
                    },
                    {
                        "word": "유계"
                    },
                    {
                        "word": "전순서집합"
                    },
                    {
                        "word": "집합"
                    },
                    {
                        "word": "최소상계"
                    }
                ]
            },
            {
                "context_id": "55e-0c9-merge_96aba9d6-623fa2e9-fbf3-482d-b268-610d943c2dbc_11",
                "context_K-NSCC": {
                    "field": "자연",
                    "large_category": "NA",
                    "medium_category": "03"
                },
                "context": "<p>\\[ B(x, r) \\subset B \\left (x, r_ { i } \\right ) \\subset U_ { i } \\]</p> <p>이므로 \\( x \\in B(x, r) \\subset \\bigcap_ { i=1 } ^ { k } U_ { i } \\)이다. 그러므로 \\( \\bigcap_ { i=1 } ^ { k } U_ { i } \\)는 열린집합이다.</p> <p>[예제 2.1.18] \\( \\mathbb { R } \\)의 두 점 \\( a, v \\in \\mathbb { R } \\)에 대하여 다음이 성립한다.</p> <ul> <li>(1) 임의의 열린구간 (예, \\( (a, b),(a, \\infty),(- \\infty, b)) \\)은 \\( \\mathbb { R } \\)의 열린집합이다.</li> <li>(2) \\( [a, b],[a, \\infty),(- \\infty, b] \\)는 모두 \\( \\mathbb { R } \\)의 닫힌집합이다.</li> <li>(3) 구간 \\( [a, b) \\) 혹은 \\( (a, b] \\)는 열린집합도 아니고 닫힌집합도 아니다.</li> <li>(4) 정수집합 \\( \\mathbb { Z } \\)는 \\( \\mathbb { R } \\)의 닫힌집합이다.</li> <li>(5) \\( \\mathbb { Q } , \\mathbb { Q } ^ { c } \\)는 모두 \\( \\mathbb { R } \\)의 열린집합도 아니고 닫힌집합도 아니다.</li></ul> <p>풀이 (1), (2), (3)은 명백하므로 연습문제로 남긴다.</p> <p>(4) \\( \\mathbb { Z } ^ { c } = \\bigcup_ { n \\in \\mathbb { Z } } (n, n + 1) \\)인데, 정리 2.1.17(2)에 의하여 \\( \\mathbb { Z } ^ { c } \\) 는 열린집합이다. 그러므로 \\( \\mathbb { Z } \\)는 \\( \\mathbb { R } \\)의 닫힌집합이다.</p> <p>(5) 임의의 점 \\( p \\in \\mathbb { Q } \\)에 대하여, 정리 2.1.9(2)에 의하여</p> <p>\\[ p \\in B(p, r)=(p-r, p + r) \\subset \\mathbb { Q } \\]</p> <p>를 만족하는 양의 실수 \\( r \\)이 존재하지 않으므로 \\( \\mathbb { Q } \\)는 \\( \\mathbb { R } \\)의 열린집합이 아니다. 이제 \\( \\mathbb { Q } ^ { c } \\)가 \\( \\mathbb { R } \\)의 열린집합이 아님을 보이자. 임의의 점 \\( q \\in \\mathbb { Q } ^ { c } \\)에 대하여, 정리 2.1.9(1)에 의하여</p>",
                "context_length": 1314,
                "summary": "임의의 열린 구간은 실수 집합 \\(\\mathbb{R}\\)에서 열린 집합이며, \\([a, b]\\), \\([a, \\infty)\\), \\((-\\infty, b]\\)는 모두 \\(\\mathbb{R}\\)에서 닫힌 집합이다. 또한, 정수 집합 \\(\\mathbb{Z}\\) 역시 \\(\\mathbb{R}\\)에서 닫힌 집합이다. 따라서, \\(x \\in B(x, r) \\subset \\bigcap_{i=1}^{k} U_i\\)이므로 \\(\\bigcap_{i=1}^{k} U_i\\)는 열린 집합이다. 또한, \\(p \\in B(p, r) = (p-r, p+r) \\subset \\mathbb{Q}\\)이다.",
                "clue": [
                    {
                        "clue_text": "(1) 임의의 열린구간 (예, \\( (a, b),(a, \\infty),(- \\infty, b)) \\)은 \\( \\mathbb { R } \\)의 열린집합이다.",
                        "clue_start": "303",
                        "clue_end": "389"
                    },
                    {
                        "clue_text": "(2) \\( [a, b],[a, \\infty),(- \\infty, b] \\)는 모두 \\( \\mathbb { R } \\)의 닫힌집합이다.",
                        "clue_start": "399",
                        "clue_end": "474"
                    },
                    {
                        "clue_text": "(4) 정수집합 \\( \\mathbb { Z } \\)는 \\( \\mathbb { R } \\)의 닫힌집합이다.",
                        "clue_start": "551",
                        "clue_end": "609"
                    },
                    {
                        "clue_text": "이므로 \\( x \\in B(x, r) \\subset \\bigcap_ { i=1 } ^ { k } U_ { i } \\)이다. 그러므로 \\( \\bigcap_ { i=1 } ^ { k } U_ { i } \\)는 열린집합이다.",
                        "clue_start": "79",
                        "clue_end": "201"
                    },
                    {
                        "clue_text": "\\[ p \\in B(p, r)=(p-r, p + r) \\subset \\mathbb { Q } \\]",
                        "clue_start": "1033",
                        "clue_end": "1087"
                    }
                ],
                "terminology": [
                    {
                        "word": "닫힌집합"
                    },
                    {
                        "word": "실수"
                    },
                    {
                        "word": "열린구간"
                    },
                    {
                        "word": "열린집합"
                    },
                    {
                        "word": "정수집합"
                    }
                ]
            },
            {
                "context_id": "55e-0c9-merge_96aba9d6-623fa2e9-fbf3-482d-b268-610d943c2dbc_14",
                "context_K-NSCC": {
                    "field": "자연",
                    "large_category": "NA",
                    "medium_category": "03"
                },
                "context": "<p>\\[ r:= \\min \\left \\{ d \\left (p, a_ { i } \\right ) \\mid i \\in \\{ 1,2, \\cdots, k \\} \\right \\} \\]</p> <p>라 하면 \\( B(p, r) \\cap A= \\varnothing \\)이므로 \\( p \\in B(p, r) \\subset A ^ { c } \\)이다. 따라서 \\( A ^ { c } \\)은 \\( \\mathbb { R } ^ { n } \\)의 열린집합이므로 \\( A \\)는 \\( \\mathbb { R } ^ { n } \\)의 닫힌집합이다.</p> <p>정리 2.1.23 \\( \\mathbb { R } ^ { n } \\)의 부분집합들에 대하여 다음이 성립한다.</p> <p>(1) \\( \\varnothing \\)과 \\( \\mathbb { R } ^ { n } \\)은 \\( \\mathbb { R } ^ { n } \\)의 닫힌집합이다.</p> <p>(2) 만약 \\( C_ {\\alpha } ( \\alpha \\in \\Lambda) \\)가 \\( \\mathbb { R } ^ { n } \\)의 닫힌집합이면 \\( \\bigcap_ {\\alpha \\in \\Lambda } C_ {\\alpha } \\)도 \\( \\mathbb { R } ^ { n } \\)의 닫힌집합이다 (여기서 \\( \\Lambda \\)는 임의의 첨자집합이다).</p> <p>(3) \\( \\mathbb { R } ^ { n } \\)의 유한개의 닫힌집합 \\( C_ { 1 } , C_ { 2 } , \\cdots, C_ { k } \\)에 대하여 \\( \\bigcup_ {\\alpha=1 } ^ { k } C_ {\\alpha } \\)도 \\( \\mathbb { R } ^ { n } \\)의 닫힌집합이다.</p> <p>증명 정리 2.1.17과 닫힌집합의 정의를 사용하여 증명한다.</p> <p>(1) 정리 2.1.17에 의하여 \\( \\mathbb { R } ^ { n } \\)이 열린집합이므로 \\( \\varnothing ^ { c } = \\mathbb { R } ^ { n } \\)이므로 \\( \\varnothing \\)는 닫힌집합이다. 같은 방법으로 \\( \\varnothing \\)이 열린집합이고 \\( \\left ( \\mathbb { R } ^ { n } \\right ) ^ { c } = \\varnothing \\)이므로 \\( \\mathbb { R } ^ { n } \\)은 닫힌집합이다.</p>",
                "context_length": 1183,
                "summary": "\\[ r:= \\min \\left \\{ d \\left (p, a_ { i } \\right ) \\mid i \\in \\{ 1,2, \\cdots, k \\} \\right \\} \\] 라 하면 \\( B(p, r) \\cap A= \\varnothing \\)이므로 \\( p \\in B(p, r) \\subset A ^ { c } \\)이므로 \\( A ^ { c } \\)은 \\( \\mathbb { R } ^ { n } \\)의 열린집합이므로 \\( A \\)는 \\( \\mathbb { R } ^ { n } \\)의 닫힌집합이며, \\( \\mathbb { R } ^ { n } \\)의 부분집합에 대해 성립하는 3가지 정리에 대해 증명하였다.",
                "clue": [
                    {
                        "clue_text": "\\[ r:= \\min \\left \\{ d \\left (p, a_ { i } \\right ) \\mid i \\in \\{ 1,2, \\cdots, k \\} \\right \\} \\]",
                        "clue_start": "3",
                        "clue_end": "98"
                    },
                    {
                        "clue_text": "따라서 \\( A ^ { c } \\)은 \\( \\mathbb { R } ^ { n } \\)의 열린집합이므로 \\( A \\)는 \\( \\mathbb { R } ^ { n } \\)의 닫힌집합이다.",
                        "clue_start": "189",
                        "clue_end": "292"
                    }
                ],
                "terminology": [
                    {
                        "word": "닫힌집합"
                    },
                    {
                        "word": "부분집합"
                    },
                    {
                        "word": "열린집합"
                    },
                    {
                        "word": "첨자집합"
                    }
                ]
            },
            {
                "context_id": "55e-0c9-merge_96aba9d6-623fa2e9-fbf3-482d-b268-610d943c2dbc_18",
                "context_K-NSCC": {
                    "field": "자연",
                    "large_category": "NA",
                    "medium_category": "03"
                },
                "context": "<p>성질 2.1.29 함수 \\( f: \\mathbb { R } ^ { m } \\rightarrow \\mathbb { R } ^ { n } \\)에 대하여 다음은 서로 동치이다.</p> <ul> <li>(a) \\( f \\)가 점 \\( p \\in \\mathbb { R } ^ { m } \\)에서 연속이다.</li> <li>(b) \\( f(p) \\)를 원소로 갖는 임의의 열린집합 \\( V \\subset \\mathbb { R } ^ { n } \\)에 대하여 \\( p \\in U \\subset f ^ { -1 } (V) \\)를 만족하는 열린집합 \\( U \\subset \\mathbb { R } ^ { m } \\)가 존재한다.</li></ul> <p>증명 (a) \\( \\Rightarrow \\) (b) \\( \\mathbb { R } ^ { n } \\)에서 \\( f(p) \\)를 원소로 갖는 임의의 열린집합 \\( V \\)를 택하자. \\( V \\)가 열린집합이므로 정의 2.1.14에 의해</p> <p>\\[ f(p) \\in B(f(p), \\varepsilon) \\subset V \\]</p> <p>를 만족하는 양의 실수 \\( \\varepsilon \\)이 존재한다. 그리고 \\( f \\)가 점 \\( p \\)에서 연속이므로</p> <p>\\[ d(x, p)< \\delta \\Rightarrow d(f(x), f(p))< \\varepsilon \\]</p> <p>를 만족하는 양의 실수 \\( \\delta \\)가 존재한다. 그러므로 참고 2.1.28에 의해</p> <p>\\[ p \\in B(p, \\delta) \\subset f ^ { -1 } (B(f(p), \\varepsilon)) \\subset f ^ { -1 } (V) \\]</p> <p>이 성립하므로 \\( B(p, \\delta)(=U) \\)가 점 \\( p \\)에서 \\( f \\)의 연속성을 보강하는 \\( \\mathbb { R } ^ { m } \\)의 열린집합이다. (b) \\( \\Rightarrow \\) (a) 임의의 양의 실수 \\( \\varepsilon \\)에 대하여 \\( B(f(p), \\varepsilon)(:=V) \\)이 \\( f(p) \\)를 원소로 갖는 \\( \\mathbb { R } ^ { n } \\)의 열린집합이므로 가정 (b)에 의해</p> <p>\\[ p \\in U \\subset f ^ { -1 } (B(f(p), \\varepsilon)) \\]</p> <p>를 만족하는 \\( \\mathbb { R } ^ { m } \\)의 열린집합 \\( U \\)가 존재한다. 그리고 열린집합의 정의에 의하여 \\( p \\in B(p, \\delta) \\subset U \\)를 만족하는 양의 실수 \\( \\delta \\)가 존재하여</p>",
                "context_length": 1323,
                "summary": "본 논문의 발췌된 내용에서는 \\( f(p) \\)를 원소로 갖는 임의의 열린 집합 \\( V \\)를 설정하고 \\( f(p) \\)의 특정 점에서의 연속성과 임의의 열린집합에서 조건을 만족하는 열린집합의 존재성에 대한 증명을 하기 위해서 앞서 제시된 정리와 참고를 이용하였다.",
                "clue": [
                    {
                        "clue_text": "\\( f \\)가 점 \\( p \\in \\mathbb { R } ^ { m } \\)에서 연속이다.",
                        "clue_start": "116",
                        "clue_end": "168"
                    },
                    {
                        "clue_text": "\\( f(p) \\)를 원소로 갖는 임의의 열린집합 \\( V \\subset \\mathbb { R } ^ { n } \\)에 대하여 \\( p \\in U \\subset f ^ { -1 } (V) \\)를 만족하는 열린집합 \\( U \\subset \\mathbb { R } ^ { m } \\)가 존재한다.",
                        "clue_start": "182",
                        "clue_end": "345"
                    }
                ],
                "terminology": [
                    {
                        "word": "동치"
                    },
                    {
                        "word": "실수"
                    },
                    {
                        "word": "연속성"
                    },
                    {
                        "word": "열린집합"
                    },
                    {
                        "word": "원소"
                    },
                    {
                        "word": "함수"
                    }
                ]
            },
            {
                "context_id": "55e-0c9-merge_96aba9d6-623fa2e9-fbf3-482d-b268-610d943c2dbc_13",
                "context_K-NSCC": {
                    "field": "자연",
                    "large_category": "NA",
                    "medium_category": "03"
                },
                "context": "<p>성질 2.1.21 \\( U \\subset \\mathbb { R } ^ { n } \\)에 대하여 다음은 동치이다.</p> <ul> <li>(a) \\( U \\)는 \\( \\mathbb { R } ^ { n } \\)의 열린집합이다.</li> <li>(b) \\( U \\)는 적당한 열린구들의 합집합이다. 즉 \\( U= \\bigcup_ {\\alpha \\in A } B \\left (x_ {\\alpha } , r_ {\\alpha } \\right ) \\) 이다.</li></ul> <p>증명 (a) \\( \\Rightarrow \\) (b) \\( U \\)가 \\( \\mathbb { R } ^ { n } \\)의 열린집합이면 임의의 점 \\( x \\in U \\)에 대하여 \\( x \\in B(x \\), \\( \\left .r_ { x } \\right ) \\subset U \\)인 열린구 \\( B \\left (x, r_ { x } \\right ) \\)가 존재한다. 따라서 \\( U= \\bigcup_ { x \\in U } B \\left (x, r_ { x } \\right ) \\)이다.</p> <p>(b) \\( \\Rightarrow \\) (a) \\( U= \\bigcup_ {\\alpha \\in A } B \\left (x_ {\\alpha } , r_ {\\alpha } \\right ) \\)라 하자. 기초정리 2.1.16에 의하여 모든 \\( B \\left (x_ {\\alpha } \\right . \\), \\( \\left .r_ {\\alpha } \\right ) \\)가 \\( \\mathbb { R } ^ { n } \\)의 열린집합이기에 정리 2.1.17(2)에 의하여 \\( U \\)는 \\( \\mathbb { R } ^ { n } \\)의 열린집합이다. 이제 \\( \\mathbb { R } ^ { n } \\)의 닫힌집합의 성질에 대해 알아보자.</p> <p>성질 2.1.22 \\( \\mathbb { R } ^ { n } \\)의 모든 유한 부분집합은 닫힌집합이다:</p> <p>\\( A= \\left \\{ a_ { 1 } , \\cdots, a_ { k } \\right \\} \\subset \\mathbb { R } ^ { n } \\)라 하자. 이제 \\( A ^ { c } = \\mathbb { R } ^ { n } -A \\)가 열린집합임을 보이자. 임의로 주어진 점 \\( p \\in A ^ { c } \\)에 대해</p>",
                "context_length": 1165,
                "summary": "성질 2.1.21은 주어진 U가 닫힌집합인 경우, U는 적당한 열린구들의 합집합이라는 것을 보여줍니다. 또한, 성질 2.1.22는 \\(\\mathbb{R}^n\\)의 모든 유한 부분집합이 닫힌집합이라는 것을 보여줍니다.",
                "clue": [
                    {
                        "clue_text": "성질 2.1.21 \\( U \\subset \\mathbb { R } ^ { n } \\)에 대하여 다음은 동치이다.",
                        "clue_start": "3",
                        "clue_end": "65"
                    },
                    {
                        "clue_text": "성질 2.1.22 \\( \\mathbb { R } ^ { n } \\)의 모든 유한 부분집합은 닫힌집합이다:",
                        "clue_start": "910",
                        "clue_end": "968"
                    }
                ],
                "terminology": [
                    {
                        "word": "닫힌집합"
                    },
                    {
                        "word": "동치"
                    },
                    {
                        "word": "부분집합"
                    },
                    {
                        "word": "열린구"
                    },
                    {
                        "word": "열린집합"
                    },
                    {
                        "word": "유한 부분집합"
                    },
                    {
                        "word": "합집합"
                    }
                ]
            }
        ]
    }
}