{
    "dataset_info": {
        "identifier": "02-031-002-NL",
        "name": "기술과학 문서 요약 데이터",
        "category": "자연어",
        "last_updated": "2023-08-30"
    },
    "dataset": {
        "doc_id": "772a8b07-b0f89639-0bc6-4b91-a189-978aabf85490",
        "doc_type": "도서",
        "doc_title": {
            "kor": "공업수학",
            "eng": ""
        },
        "doc_category": {
            "KDC": "414",
            "DDC": ""
        },
        "doc_number": {
            "ISSN": "",
            "ISBN": "9788961051446",
            "DOI": "",
            "UCI": ""
        },
        "doc_year": "2022",
        "doc_author": [],
        "doc_publisher": "경문사",
        "doc_license": "저작권 협의됨",
        "context_info": [
            {
                "context_id": "55e-0c9-c4c91e3c-11f9-45a3-9e97-2e3b8680172c",
                "context_K-NSCC": {
                    "field": "자연",
                    "large_category": "NA",
                    "medium_category": "01"
                },
                "context": "<h2>정리 2.4</h2> <p>두 함수 \\( y_{1}(x) \\) 와 \\( y_{2}(x) \\) 가 한 구간 \\( J \\) 에서 미분방정식 \\[y^{\\prime \\prime}+P(x) y^{\\prime}+Q(x) y=0\\]의 일차독립인 해이면 위의 미분방정식의 해는 임의의 상수 \\( c_{1}, c_{2} \\) 에 대하여\\[c_{1} y_{1}(x)+c_{2} y_{2}(x)\\] 형태가 된다. 즉, 위의 미분방정식의 모든 해는 일차독립인 해의 일차결합으로 된다. \\( y_{1}(x) \\) 와 \\( y_{2}(x) \\) 가 일차독립일 때, \\( c_{1} y_{1}(x)+c_{2} y_{2}(x) \\) 를 미분방정식\\[y^{\\prime \\prime}+P(x) y^{\\prime}+Q(x) y=0\\] 의 일반해(general solution)라고 하고, 또 이때 \\( y_{1}(x) \\) 와 \\( y_{2}(x) \\) 는 주어진 미분방정식의 해의 기본계(fundamental system of solutions)를 구성한다고 부른다.</p> <p>예제 6 위의 예제 5에서 살핀 것과 같이 두 함수 \\( e^{2 x} \\) 와 \\( e^{-2 x} \\) 는 미분방정식 \\( y^{\\prime \\prime}-4 y=0 \\) 의 일차독립인 해이므로 이들은 미분방정식 \\( y^{\\prime \\prime}-4 y=0 \\) 의 한 해의 기본계를 이루 며, 또 미분방정식 \\( y^{\\prime \\prime}-4 y=0 \\) 의 일반헤는\\[c_{1} e^{2 x}+c_{2} e^{-2 x}\\]이 된다. 마찬가지로 두 함수 \\( \\sin (2 x) \\) 와 \\( \\cos (2 x) \\) 는 미분방정식 \\( y^{\\prime \\prime}+4 y=0 \\) 의 일차독립인 해이므로 이들은 미분방정식 \\( y^{\\prime \\prime}+4 y=0 \\) 의 해의 기본계를 이룬다. 그러므로 미분방정식 \\( y^{\\prime \\prime}+4 y=0 \\) 의 일반해는 \\( c_{1} \\sin (2 x)+c_{2} \\cos (2 x) \\)이다.</p> <p>[정리 2.4의 증명] \\( y(x) \\) 를 미분방정식 \\( y^{\\prime \\prime}+P(x) y^{\\prime}+Q(x) y=0 \\) 의 해라고 하자. 구간 \\( J \\) 내의 한 점 \\( x_{0} \\) 를 택하고,\\[y\\left(x_{0}\\right)=A, y^{\\prime}\\left(x_{0}\\right)=B\\]라고 하자. 이때 \\( X, Y \\) 에 관한 연립방정식\\[\\begin{array}{r}y_{1}\\left(x_{0}\\right) X+y_{2}\\left(x_{0}\\right) Y=A \\\\y_{1}^{\\prime}\\left(x_{0}\\right) X+y_{2}^{\\prime}\\left(x_{0}\\right) Y=B\\end{array}\\]</p> <p>는 X, Y 의 계수로 된 행렬식이 0 이 아닐 때, 즉</p> <p>\\( \\left|\\begin{array}{cc}y_{1}\\left(x_{0}\\right) & y_{2}\\left(x_{0}\\right) \\\\ y_{1}^{\\prime}\\left(x_{0}\\right) & y_{2}^{\\prime}\\left(x_{0}\\right)\\end{array}\\right| \\neq 0 \\)</p> <p>인 경우에 해를 유일하게 갖게 된다. 그러나 위의 행렬식은 바로 점 \\( x_{0} \\) 에서의 론스키안이므로 앞의 정리 2.3의 (2)에 의해 \\( y_{1}(x) \\) 와 \\( y_{2}(x) \\) 가 일차 독립일 때는 0 이 되지 않는다. 따라서 이 경우 해를 갖게 되는데 \\( X=c_{1}, Y=c_{2} \\) 로 놓으면 함수</p> <p>\\( c_{1} y_{1}(x)+c_{2} y_{2}(x) \\)</p> <p>가 초기치 문제</p> <p>\\( y^{\\prime \\prime}+P(x) y^{\\prime}+Q(x) y=0 ; y\\left(x_{0}\\right)=A, y^{\\prime}\\left(x_{0}\\right)=B \\)</p> <p>의 한 해가 된다. 그러면 정리 2.1의 해의 유일성에 의해 위의 \\( y(x) \\)가 바로 원하는 해가 된다.</p> <p>위의 정리에 의해 미분방정식 \\( y^{\\prime \\prime}+P(x) y^{\\prime}+Q(x) y=0 \\) 의 일반해를 구하는 요령을 알 수 있다. 즉, 일차독립인 두 개의 해를 구한 다음에 이들을 일차결합하면 일반해가 된다. 또 초기치 문제의 해는 주어진 미분방정식의 일반해를 구하고, 조건에 맞도록 상수를 결정해 주면 된다.</p> <p>예제 7 초기치 문제</p> <p>\\( y^{\\prime \\prime}+4 y=0 ; y(\\pi)=3, \\quad y^{\\prime}(\\pi)=-2 \\)의 해를 구하려면, 우선 미분방정식 \\( y^{\\prime \\prime}+4 y=0 \\) 의 일반해 \\[y=c_{1} \\sin (2 x)+c_{2} \\cos (2 x)\\]를 구하고, 다음은 조건\\[\\begin{array}{l}y(\\pi)=3=c_{2} \\\\y^{\\prime}(\\pi)=-2=2 c_{1}\\end{array}\\]을 만족해야 하므로 \\( c_{1}=-1, c_{2}=3 \\) 을 정한다. 따라서 위의 초기치 문제의 해는\\[y=-\\sin (2 x)+3 \\cos (2 x)\\]가 된다.</p>",
                "context_length": 2636,
                "summary": "미분방정식 \\(y^{\\prime \\prime}+P(x) y^{\\prime}+Q(x) y=0\\)의 모든 해는 일차독립인 해의 일차결합 꼴이며 이 때 \\( c_{1} y_{1}(x)+c_{2} y_{2}(x) \\)를 일반해라고 하며 \\( y_{1}(x) \\), \\( y_{2}(x) \\)를 일차독립인 미분방정식의 해의 기본계를 구성한다고 말한다. 즉, 두 개의 해가 구해진 일차독립을 일차결합하면 일반해가 되며 초기치 문제의 해는 미분방정식의 일반해를 구하고 조건에 맞도록 상수를 결정하면 된다.",
                "clue": [
                    {
                        "clue_text": "즉, 일차독립인 두 개의 해를 구한 다음에 이들을 일차결합하면 일반해가 된다.",
                        "clue_start": "2163",
                        "clue_end": "2206"
                    },
                    {
                        "clue_text": "또 초기치 문제의 해는 주어진 미분방정식의 일반해를 구하고, 조건에 맞도록 상수를 결정해 주면 된다.",
                        "clue_start": "2207",
                        "clue_end": "2263"
                    },
                    {
                        "clue_text": "즉, 위의 미분방정식의 모든 해는 일차독립인 해의 일차결합으로 된다.",
                        "clue_start": "224",
                        "clue_end": "262"
                    },
                    {
                        "clue_text": "\\( y_{1}(x) \\) 와 \\( y_{2}(x) \\) 가 일차독립일 때, \\( c_{1} y_{1}(x)+c_{2} y_{2}(x) \\) 를 미분방정식\\[y^{\\prime \\prime}+P(x) y^{\\prime}+Q(x) y=0\\] 의 일반해(general solution)라고 하고, 또 이때 \\( y_{1}(x) \\) 와 \\( y_{2}(x) \\) 는 주어진 미분방정식의 해의 기본계(fundamental system of solutions)를 구성한다고 부른다.",
                        "clue_start": "263",
                        "clue_end": "527"
                    }
                ],
                "terminology": [
                    {
                        "word": "기본계"
                    },
                    {
                        "word": "론스키안"
                    },
                    {
                        "word": "미분방정식"
                    },
                    {
                        "word": "일반해"
                    },
                    {
                        "word": "일차결합"
                    },
                    {
                        "word": "주면"
                    },
                    {
                        "word": "초기치 문제"
                    },
                    {
                        "word": "함수"
                    },
                    {
                        "word": "해"
                    },
                    {
                        "word": "행렬식"
                    }
                ]
            },
            {
                "context_id": "55e-0c9-ea198852-3d67-4ab6-8d15-049f508ce232",
                "context_K-NSCC": {
                    "field": "자연",
                    "large_category": "NA",
                    "medium_category": "01"
                },
                "context": "<p>■예제 5</p> <p>비제차미분방정식 \\[y^{\\prime \\prime}-6 y^{\\prime}+9 y=8 e^{3 x}\\]의 한 특수해를 구해보자. 우선 \\( y_{p}=A e^{3 x} \\) 로 놓으면, \\( e^{3 x} \\) 이 주어진 비제차방정식의 동반제차 방정식의 한 해이므로 식이 성립하지 않고, 또 \\( y_{p}=A x e^{x} \\) 로 놓아도 마찬가지 이유로 곤란하므로, \\( y_{D}=A x^{2} e^{3 x} \\) 로 놓자. 이것을 주어진 비제차미분방정식에 대입하여 정리하면 \\( 2 A e^{3 x}=8 e^{3 x} \\) 를 얻으므로 \\( A=4 \\) 를 얻고, 따라서 한 특수해 \\( y_{p}=4 x^{2} e^{3 x} \\) 를 얻는다.</p> <p>[방법 2] 매개변수변화법(variation of parameters)</p> <p>이 방법은 비제차미분방정식 \\( y^{\\prime \\prime}+P(x) y^{\\prime}+Q(x) y=F(x) \\) 에서 \\( P(x) \\) 와 \\( Q(x) \\) 가 상수가 아닌 경우에도 쓸 수 있다. \\( y_{1}(x) \\) 와 \\( y_{2}(x) \\) 가 주어진 비제차방정식의 동반제차방정식의 해의 기본계 를 이룰 때, 이들을 이용하여 비제차미분방정식의 한 특수해를 \\[y_{p}=u(x) y_{1}(x)+v(x) y_{2}(x)\\]로 놓아 \\( u(x) \\) 와 \\( v(x) \\) 를 정하는 방법이다. 실제로, \\( y_{p} \\) 를 미분하면\\[y_{b}^{\\prime}=u^{\\prime} y_{1}+v^{\\prime} y_{2}+u y_{1}^{\\prime}+v y_{2}^{\\prime}\\]가 되는데, 이때 조건</p> <p>\\( u^{\\prime} y_{1}+v^{\\prime} y_{2}=0 \\)<caption>(*)</caption></p> <p>을 부과하면 \\( y_{p}^{\\prime} \\) 는 간단하게 \\( y_{p}^{\\prime}=u y_{1}^{\\prime}+v y_{2}^{\\prime} \\) 이 된다. 이것을 미분하면\\[y_{p}^{\\prime \\prime}=u^{\\prime} y_{1}^{\\prime}+v^{\\prime} y_{2}{ }^{\\prime}+u y_{1}{ }^{\\prime \\prime}+v y_{2}{ }^{\\prime \\prime}\\]이 되고, \\( y_{p}, y_{p}^{\\prime}, y_{p}^{\\prime \\prime} \\) 를 주어진 미분방정식에 대입하면\\[u^{\\prime} y_{1}^{\\prime}+v^{\\prime} y_{2}^{\\prime}+u y_{1}^{\\prime \\prime}+v y_{2}^{\\prime \\prime}+P(x)\\left(u y_{1}^{\\prime}+v y_{2}^{\\prime}\\right)+Q(x)\\left(u y_{1}+v y_{2}\\right)=F(x)\\]가 되고, 이 식을 정리하면\\[u\\left[y_{1}^{\\prime \\prime}+P(x) y_{1}^{\\prime}+Q(x) y\\right]+v\\left[y_{2}^{\\prime \\prime}+P(x) y_{2}^{\\prime}+Q(x) y_{2}\\right]+u^{\\prime} y_{1}^{\\prime}+v^{\\prime} y_{2}^{\\prime}=F(x)\\]가 된다. 그러나 \\( y_{1} \\) 과 \\( y_{2} \\) 가 주어진 비제차미분방정식의 동반제차방정식의 해이므로 윗식은 간단히</p> <p>\\( u^{\\prime} y_{1}^{\\prime}+v^{\\prime} y_{2}^{\\prime}=F(x) \\)<caption>(**)</caption></p> <p>가 된다. 이 때의 위의 \\( \\left(^{*}\\right) \\) 과 \\( \\left(^{* *}\\right) \\) 은 \\( u^{\\prime} \\) 과 \\( v^{\\prime} \\) 에 관한 연립방정식이므로 이들을 풀면\\[u^{\\prime}=\\frac{-y_{2} F(x)}{y_{1} y_{2}^{\\prime}-y_{2} y_{1}^{\\prime}} \\text { 와 } \\quad v^{\\prime}=\\frac{y_{1} F(x)}{y_{1} y_{2}^{\\prime}-y_{2} y_{1}^{\\prime}}\\]가 얻어진다. 한편, 윗식의 분모는 \\( y_{1}, y_{2} \\) 의 론스키안 \\( W\\left(y_{1}, y_{2}\\right) \\) 인데 \\( y_{1}, y_{2} \\)가 동반제차미분 방정식의 해의 기본계를 이루므로 \\( W\\left(y_{1}, y_{2}\\right) \\) 는 0이 아니다. 따라서 \\( u(x) \\) 와 \\( v(x) \\) 를 \\[u(x)=\\int \\frac{-y_{2} F(x)}{W\\left(y_{1}, y_{2}\\right)} d x \\text { 와 } v(x)=\\int \\frac{y_{1} F(x)}{W\\left(y_{1}, y_{2}\\right)} d x\\]와 같이 하여 구할 수 있다.</p> <p>■예제 6</p> <p>비제차미분방정식 \\( y^{\\prime \\prime}+4 y=\\tan (2 x) \\)의 한 특수해를 구해보자. 동반제차미분방정식의 해의 기본계를 구하면\\[y_{1}=\\cos (2 x), \\quad y_{2}=\\sin (2 x)\\]이므로 이들의 론스키안은 \\( W\\left(y_{1}, y_{2}\\right)=2 \\) 이다. 따라서 \\( u(x) \\) 와 \\( v(x) \\) 를 구하면\\[\\begin{aligned}u(x) &=\\int \\frac{-\\sin (2 x) \\tan (2 x)}{2} d x \\\\&=\\frac{1}{4} \\sin (2 x)-\\frac{1}{4} \\ln \\left|\\tan \\left(\\frac{\\pi}{4}+x\\right)\\right| \\\\v(x) &=\\int \\frac{\\cos (2 x) \\tan (2 x)}{2} d x=-\\frac{1}{4} \\cos (2 x)\\end{aligned}\\]가 된다. 그러므로 한 특수해는 \\[\\begin{aligned}y_{p}(x) &=\\frac{1}{4} \\sin (2 x) \\cos (2 x)-\\frac{1}{4} \\cos (2 x) \\ln \\left|\\tan \\left(\\frac{\\pi}{4}+x\\right)\\right|-\\frac{1}{4} \\sin (2 x) \\cos (2 x) \\\\&=-\\frac{1}{4} \\cos (2 x) \\ln \\left|\\tan \\left(\\frac{\\pi}{4}+x\\right)\\right|\\end{aligned}\\]이고, 또 일반해를 구하면\\[y(x)=c_{1} \\cos (2 x)+c_{2} \\sin (2 x)-\\frac{1}{4} \\cos (2 x) \\ln \\left|\\tan \\left(\\frac{\\pi}{4}+x\\right)\\right|\\]가 된다.</p> <p>■예제 7</p> <p>비제차미분방정식 \\[y^{\\prime \\prime}-\\frac{4}{x} y^{\\prime}+\\frac{4}{x^{2}} y=x^{2}+1\\]의 한 특수해를 구해보자. 뒤의 10 절에서 다루게 될 오일러 방정식의 해법에 의하면 구간 \\( [0, \\infty] \\) 에서 \\( y_{1}=x \\) 와 \\( y_{2}=x^{4} \\) 는 주어진 미분방정식의 동반제차방정식의 해의 기본계를 이룬다. 이들의 론스키안을 계산하면\\[W\\left(y_{1}, y_{2}\\right)=y_{1} y_{2}{ }^{\\prime}-y_{2} y_{1}{ }^{\\prime}=3 x^{4}\\]이므로\\[\\begin{array}{l}u(x)=\\int \\frac{-x^{4}\\left(x^{2}+1\\right)}{3 x^{4}} d x=-\\frac{x^{3}}{9}-\\frac{x}{3} \\\\v(x)=\\int \\frac{x\\left(x^{2}+1\\right)}{3 x^{4}} d x=\\frac{1}{3} \\ln |x|-\\frac{1}{6} x^{2}\\end{array}\\]</p> <p>이 되고, 따라서 한 특수해는\\[\\begin{aligned}y_{p}(x) &=\\left(-\\frac{x^{3}}{9}-\\frac{x}{3}\\right) x+\\left(\\frac{1}{3} \\ln |x|-\\frac{1}{6} x^{2}\\right) x^{4} \\\\&=-\\frac{x^{4}}{9}-\\frac{x^{2}}{3}+\\frac{x^{4}}{3} \\ln |x|-\\frac{1}{6} x^{6}\\end{aligned}\\]이며, 일반해는\\[y(x)=c_{1} x+c_{2} x^{4}-\\frac{x^{4}}{9}-\\frac{x^{2}}{3}+\\frac{x^{4}}{3} \\ln |x|-\\frac{1}{6} x^{6}\\]이 된다.</p>",
                "context_length": 4262,
                "summary": "비제차미분방정식 \\( y^{\\prime \\prime}+P(x) y^{\\prime}+Q(x) y=F(x) \\)에서 \\( y_{1}(x) \\) 와 \\( y_{2}(x) \\) 가 비제차방정식의 동반제차방정식의 해의 기본계를 이룰 때, 특수해를 \\(y_{p}=u(x) y_{1}(x)+v(x) y_{2}(x)\\)로 놓아 \\( u(x) \\) 와 \\( v(x) \\) 를 정할 수 있고 이는 \\(u(x)=\\int \\frac{-y_{2} F(x)}{W\\left(y_{1}, y_{2}\\right)} d x \\text { 와 } v(x)=\\int \\frac{y_{1} F(x)}{W\\left(y_{1}, y_{2}\\right)} d x\\) 공식을 이용하여 구할 수 있으며 이 방법은 \\( P(x) \\) 와 \\( Q(x) \\) 가 상수가 아닌 경우에도 쓸 수 있다.",
                "clue": [
                    {
                        "clue_text": "이 방법은 비제차미분방정식 \\( y^{\\prime \\prime}+P(x) y^{\\prime}+Q(x) y=F(x) \\) 에서 \\( P(x) \\) 와 \\( Q(x) \\) 가 상수가 아닌 경우에도 쓸 수 있다.",
                        "clue_start": "435",
                        "clue_end": "550"
                    },
                    {
                        "clue_text": "\\( y_{1}(x) \\) 와 \\( y_{2}(x) \\) 가 주어진 비제차방정식의 동반제차방정식의 해의 기본계 를 이룰 때, 이들을 이용하여 비제차미분방정식의 한 특수해를 \\[y_{p}=u(x) y_{1}(x)+v(x) y_{2}(x)\\]로 놓아 \\( u(x) \\) 와 \\( v(x) \\) 를 정하는 방법이다.",
                        "clue_start": "551",
                        "clue_end": "724"
                    },
                    {
                        "clue_text": "따라서 \\( u(x) \\) 와 \\( v(x) \\) 를 \\[u(x)=\\int \\frac{-y_{2} F(x)}{W\\left(y_{1}, y_{2}\\right)} d x \\text { 와 } v(x)=\\int \\frac{y_{1} F(x)}{W\\left(y_{1}, y_{2}\\right)} d x\\]와 같이 하여 구할 수 있다.",
                        "clue_start": "2268",
                        "clue_end": "2450"
                    }
                ],
                "terminology": [
                    {
                        "word": "기본계"
                    },
                    {
                        "word": "동반제차방정식"
                    },
                    {
                        "word": "론스키안"
                    },
                    {
                        "word": "매개변수변화법"
                    },
                    {
                        "word": "미분방정식"
                    },
                    {
                        "word": "방정식"
                    },
                    {
                        "word": "비제차미분방정식"
                    },
                    {
                        "word": "비제차방정식"
                    },
                    {
                        "word": "연립방정식"
                    },
                    {
                        "word": "오일러 방정식"
                    },
                    {
                        "word": "일반해"
                    },
                    {
                        "word": "특수해"
                    }
                ]
            },
            {
                "context_id": "55e-0c9-2de97b5c-a184-43bc-839f-352c125731c7",
                "context_K-NSCC": {
                    "field": "자연",
                    "large_category": "NA",
                    "medium_category": "01"
                },
                "context": "<h1>2.3 미분방정식 \\( y^{\\prime \\prime}+A y^{\\prime}+B y=0 \\)에서 \\( A^{2}-4 B \\geq 0 \\) 인 경우의 일반해</h1> <p>선형제차이계 미분방정식 \\( y^{\\prime \\prime}+P(x) y^{\\prime}+Q(x) y=0 \\)에서 \\( P(x), Q(x) \\) 에 관한 가정이 없는 경우에는 해를 구하는 것이 어려울 수 있다. 여기서는 \\( P(x) \\)와 \\( Q(x) \\)가 상수 \\( A, B \\)인 상수계수의 미분방정식 \\( y^{\\prime \\prime}+A y^{\\prime}+B y=0 \\) 의 경우를 살피겠다.</p> <p>위의 미분방정식에 한 지수함수 \\( y=e^{x x} \\) 를 대입하면,</p> <p>\\( r^{2} e^{r x}+r A e^{r x}+B e^{r x}=0 \\)</p> <p>인데, 여기서 \\( e^{n x} \\) 는 결코 0 이 되지 않으므로 이것으로 나누면 방정식</p> <p>\\( r^{2}+A r+B=0 \\)</p> <p>을 얻게 된다. 이때 이 방정식을 위의 미분방정식의 특성방정식(characteristic equation)이라고 한다. 이와 같은 \\( r \\) 에 관한 이차방정식의 해를 근의 공식에 의해 구해보면</p> <p>\\( r=\\frac{-A \\pm \\sqrt{A^{2}-4 B}}{2} \\)</p> <p>인데, 이미 알고 있는 것과 같이 다음의 세 가지 경우가 있다.</p> <p>(1) 두 개의 서로 다른 실근 \\( r_{1}, r_{2}\\left(A^{2}-4 B>0\\right. \\) 인 경우)</p> <p>(2) 한 개의 중근 \\( r\\left(A^{2}-4 B=0\\right. \\) 인 경우 \\( ) \\)</p> <p>(3) 두 개의 서로 다른 허근 \\( \\left(A^{2}-4 B<0\\right. \\) 인 경우)</p> <p>여기서는 위의 (1), (2)의 경우를 살피고 (3)의 경우는 다음 절에서 복수지수함수의 기본성질을 익힌 후에 2.5 절에서 다룰 예정이다.</p> <p>경우 1 두 함수</p> <p>\\( y_{1}(x)=e^{r_{1} x} \\) 과 \\( y_{2}(x)=e^{r_{2} x} \\)</p> <p>이 주어진 미분방정식의 해인데, 이들의 론스키안을 구해보면</p> <p>\\( y_{1} y_{2}^{\\prime}-y_{2} y_{1}^{\\prime}=r_{2} e^{r_{1} x} e^{r_{2} x}-r_{1} e^{r_{1} x} e^{r_{2} x}=\\left(r_{2}-r_{1}\\right) e^{\\left(r_{1}+r_{2}\\right) x} \\)</p> <p>이므로 임의의 구간 \\( J \\) 위에서 이들은 일차독립이다. 그러므로 이들은 주어진 미분방정식의 해의 기본계를 이루고, 따라서 일반해는 임의의 상수 \\( c_{1}, c_{2} \\) 에 대하여</p> <p>\\( y=c_{1} e^{r_{1} x}+c_{2} e^{r_{2} x} \\)</p> <p>이다.</p> <p>■ 예제 1 미분방정식 \\( y^{\\prime \\prime}+4 y^{\\prime}-2 y=0 \\)의 특성방정식은</p> <p>\\( r^{2}+4 r-2=0 \\)</p> <p>이고, 이 방정식의 해를 구하면</p> <p>\\( r_{1}=-2+\\sqrt{6} \\) 과 \\( r_{2}=-2-\\sqrt{6} \\)</p> <p>이다. 따라서 주어진 미분방정식의 일반해는 임의의 상수 \\( c_{1}, c_{2} \\) 에 대하여\\[y=c_{1} e^{(-2+\\sqrt{6}) x}+c_{2} e^{(-2-\\sqrt{6}) x}\\] 또는 \\[y=e^{-2 x}\\left(c_{1} e^{\\sqrt{6} x}+c_{2} e^{-\\sqrt{6} x}\\right)\\] 이 된다.</p> <p>경우 2 이때 특성방정식의 해는 \\( r=-A / 2 \\) 이므로 함수</p> <p>\\( y_{1}(x)=e^{-A x / 2} \\)</p> <p>이 주어진 미분방정식의 한 해임을 알 수 있으나, 해의 기본계를 이루기 위해서는 일차독립인 한 개의 해 \\( y_{2}(x) \\)가 더 필요하다. \\( y_{2}(x)=u(x) y_{1}(x) \\)로 놓고, 이것을 주어진 미분방정식에 대입하면</p> <p>\\( u^{\\prime \\prime} e^{-A x / 2}-A u^{\\prime} e^{-A x / 2}+\\frac{A^{2}}{4} u e^{-A x / 2}+A u^{\\prime} e^{-A x / 2}-\\frac{A^{2}}{2} u e^{-A x / 2}+B u e^{-A x / 2}=0 \\)</p> <p>이 얻어지는데, 이 식을 0 이 아닌 \\( e^{-A x / 2} \\) 로 나누면 \\( A^{2}-4 B=0 \\) 이므로, 윗식은 간단히 \\( u^{\\prime \\prime}=0 \\) 이 된다. 그러므로 해 \\( u(x)=c_{1} x+c_{2} \\) 를 얻게 된다. 이때 특별히 \\( c_{1}=1, c_{2}=0 \\) 으로 하여 \\( y_{2}(x)=x e^{-A x / 2} \\) 로 하고, \\( y_{1}(x), y_{2}(x) \\) 의 론스키안을 계산해 보면</p> <p>\\( \\begin{aligned} y_{1} y_{2}^{\\prime}-y_{2} y_{1}^{\\prime} &=e^{-A x / 2}\\left(e^{-A x / 2}-\\frac{A}{2} x e^{-A x / 2}\\right)-x e^{-A x / 2}\\left(-\\frac{A}{2} e^{-A x / 2}\\right) \\\\ &=e^{-A x} \\neq 0 \\end{aligned} \\)</p> <p>이므로 위의 \\( y_{1}(x) \\) 와 \\( y_{2}(x) \\) 가 한 해의 기본계를 이루고, 따라서 이 경우 일반해는 임의의 상 수 \\( c_{1}, c_{2} \\) 에 대하여 \\[y=c_{1} e^{-A x / 2}+c_{2} x e^{-A x / 2}\\]또는\\[y=e^{-A x / 2}\\left(c_{1}+c_{2} x\\right)\\]이 된다.</p> <p>■예제 2 미분방정식</p> <p>\\( y^{\\prime \\prime}+4 y^{\\prime}+4 y=0 \\) 의 특성방정식\\[r^{2}+4 r+4=0\\]은 중근 \\( r=-2 \\) 를 갖는다. 그러므로 이 미분방정식의 일반해는 \\[y(x)=e^{-2 x}\\left(c_{1}+c_{2} x\\right)\\]이다.</p> <p>■예제 3 초기치 문제</p> <p>\\[y^{\\prime \\prime}+2 y^{\\prime}-3 y=0 ; \\quad y(0)=1, \\quad y^{\\prime}(0)=4\\]의 해를 구하려면, 우선 위의 미분방정식의 일반해를 구하기 위해 특성방정식을 구하면\\[r^{2}+2 r-3=0\\]또는 \\[(r+3)(r-1)=0\\]이므로 특성방정식의 근은 1 과 \\( -3 \\) 이다. 따라서 일반해는 \\[y=c_{1} e^{x}+c_{2} e^{-3 x}\\]이 된다. 다음은 초기조건에 의해 \\[y(0)=c_{1}+c_{2}=1\\]과 \\[y^{\\prime}(0)=c_{1}-3 c_{2}=4\\] 이므로, 이들을 풀면 \\[c_{1}=\\frac{7}{4}, \\quad c_{2}=-\\frac{3}{4}\\] 를 얻게 된다. 그러므로 주어진 조건의 문제의 해는 \\[y=\\frac{7}{4} e^{x}-\\frac{3}{4} e^{-3 x}\\] 이다.</p> <p>■예제 4 초기치 문제</p> <p>\\[y^{\\prime \\prime}-8 y^{\\prime}+16 y=0 ; y(1)=3, \\quad y^{\\prime}(1)=-2\\]의 해를 구하려면, 우선 일반해를 구하기 위해 특성방정식을 구하면\\[(r-4)^{2}=0\\]이므로 일반해는\\[ y=e^{4 x}\\left(c_{1}+c_{2} x\\right)\\]가 된다. 다음은 주어진 초기조건을 만족해야 하므로 \\[y(1)=e^{4}\\left(c_{1}+c_{2}\\right)=3\\]과 \\[y^{\\prime}(1)=4 e^{4} c_{1}+5 e^{4} c_{2}=-2\\] 이어야 한다. 이들을 풀면 \\[c_{1}=17 e^{-4}, \\quad c_{2}=-14 e^{-4}\\]이 얻어지고, 따라서 주어진 초기치 문제의 해는\\[y=e^{4 x}\\left(17 e^{-4}-14 e^{-4} x\\right)=e^{4(x-1)}(17-14 x)\\] 가 된다.</p>",
                "context_length": 4099,
                "summary": "미분방정식의 형태가 \\( y^{\\prime \\prime}+A y^{\\prime}+B y=0 \\) 인 경우 \\( y=e^{x x} \\) 를 대입하면 방정식 \\( r^{2}+A r+B=0 \\)을 얻고 이를 특성방정식이라고 한다. 이 식을 이용해 이차방정식의 판별식을 이용하게 되면 \\(A^2-4B\\)를 얻게 되고, 0과 같거나 0보다 큰 경우 이들의 론스키안을 구해 일반해를 구한다.",
                "clue": [
                    {
                        "clue_text": "\\( r^{2} e^{r x}+r A e^{r x}+B e^{r x}=0 \\)",
                        "clue_start": "384",
                        "clue_end": "427"
                    },
                    {
                        "clue_text": "\\( r=\\frac{-A \\pm \\sqrt{A^{2}-4 B}}{2} \\)",
                        "clue_start": "639",
                        "clue_end": "680"
                    },
                    {
                        "clue_text": "(1) 두 개의 서로 다른 실근 \\( r_{1}, r_{2}\\left(A^{2}-4 B>0\\right. \\) 인 경우)",
                        "clue_start": "731",
                        "clue_end": "797"
                    },
                    {
                        "clue_text": "(2) 한 개의 중근 \\( r\\left(A^{2}-4 B=0\\right. \\) 인 경우 \\( ) \\)",
                        "clue_start": "805",
                        "clue_end": "861"
                    },
                    {
                        "clue_text": "(3) 두 개의 서로 다른 허근 \\( \\left(A^{2}-4 B<0\\right. \\) 인 경우)",
                        "clue_start": "869",
                        "clue_end": "923"
                    }
                ],
                "terminology": [
                    {
                        "word": "근의 공식"
                    },
                    {
                        "word": "기본계"
                    },
                    {
                        "word": "론스키안"
                    },
                    {
                        "word": "미분방정식"
                    },
                    {
                        "word": "방정식"
                    },
                    {
                        "word": "복수지수함수"
                    },
                    {
                        "word": "상수"
                    },
                    {
                        "word": "상수계수"
                    },
                    {
                        "word": "선형제차이계 미분방정식"
                    },
                    {
                        "word": "실근"
                    },
                    {
                        "word": "이차방정식"
                    },
                    {
                        "word": "일반해"
                    },
                    {
                        "word": "일차독립"
                    },
                    {
                        "word": "중근"
                    },
                    {
                        "word": "지수함수"
                    },
                    {
                        "word": "특성방정식"
                    },
                    {
                        "word": "허근"
                    }
                ]
            },
            {
                "context_id": "55e-0c9-4ef6e494-1ef2-4ed3-9a4c-e1b250417065",
                "context_K-NSCC": {
                    "field": "자연",
                    "large_category": "NA",
                    "medium_category": "01"
                },
                "context": "<h1>2.7 \\(y^{\\prime \\prime}+P(x) y^{\\prime}+Q(x) y=F(x) \\) 의 특수해를 구하는 방법</h1> <p>일반적으로 비제차미분방정식\\[y^{\\prime \\prime}+P(x) y^{\\prime}+Q(x) y=F(x)\\]의 한 해를 구하기는 매우 어려우나, 여기서는 흔히 쓰이는 두 가지 방법을 살펴보자.</p> <p>첫번째 경우로는 \\( P(x) \\)와 \\( Q(x) \\)가 상수인 경우이다. 이 때는 동반제차미분방정식의 해를 구 할 수 있으므로 주어진 비제차미분방정식의 한 특수해를 구하면 앞 절의 정리 2.5에 의해 일반 해가 정해진다.</p> <p>[방법 1] 미정계수법(undetermined coefficients)</p> <p>이 방법은 \\( F(x) \\)의 모습을 살펴 정해지지 않은 상수를 넣어 만든 추측해(conjectured solution)를 주어진 비제차미분방정식에 대입하여 상수를 결정하는 방법이다. 구체적인 예를 통하여 이 방법을 익혀보자.</p> <p>■예제 1</p> <p>비제차미분방정식 \\( y^{\\prime \\prime}-4 y=8 x^{2}-2 x \\) 의 해를 구해보자. \\( F(x)=8 x^{2}-2 x \\) 는 다항식인데, 다항식의 미분은 다시 다른 다항식이 되므로 적당한 다항식을 넣어 \\( y^{\\prime \\prime}-4 y \\) 를 계산하면 \\( F(x) \\) 를 얻을 수 있음을 짐작할 수 있다. 그런데 \\( F(x) \\) 의 최고차 항이 \\( x^{2} \\) 이므로 해가 되기 위한 다항식의 차수는 이차 이하이어야 함을 알 수 있다. 따라서\\[y_{p}=a x^{2}+b x+c\\]로 놓으면</p> <p>\\( y_{p}^{\\prime}=2 a x+b \\) 와 \\( y_{p}^{\\prime \\prime}=2 a \\)</p> <p>가 되므로 이것을 주어진 미분방정식에 대입하면\\[\\begin{array}{l}y_{p}^{\\prime \\prime}-4 y_{p}=2 a-4\\left(a x^{2}+b x+c\\right)=-4 a x^{2}-4 b x+2 a-4 c=8 x^{2}-2 x \\\\-4 a=8,-4 b=-2 \\text { 와 } 2 a-4 c=0\\end{array}\\]이 얻어진다. 이 식을 풀어 \\( a, b, c \\) 를 정하면 \\( a=-2, b=1 / 2, c=-1 \\) 이므로 \\( y_{p}=-2 x^{2} \\) \\( +\\frac{1}{2} x-1 \\) 을 얻게 되며, 또 이것을 주어진 미분방정식에 대입하여 한 해가 됨을 확인할 수 있 다. 한편, 주어진 미분방정식의 동반제차방정식을 풀면\\[y_{h}=c_{1} e^{2 x}+c_{2} e^{-2 x}\\]이 되므로 주어진 비제차미분방정식의 일반해는 \\[y=c_{1} e^{2 x}+c_{2} e^{-2 x}-2 x^{2}+\\frac{1}{2} x-1\\]이 된다.</p> <p>■예제 2</p> <p>비제차미분방정식 \\[y^{\\prime \\prime}+2 y^{\\prime}-3 y=4 e^{2 x} \\]의 해를 구해보자. \\( e^{2 x} \\) 의 고계미분은 \\( e^{2 x} \\) 의 상수배이므로 \\( y_{p}=k e^{2 x} \\) 로 추측해를 놓아 보자. 이 것을 주어진 미분방정식에 대입하면\\[4 k e^{2 x}+4 k e^{2 x}-3 k e^{2 x}=4 e^{2 x}\\]이 되므로 \\( k=4 / 5 \\) 를 얻고, 따라서\\[y_{p}=\\frac{4}{5} e^{2 x}\\]를 얻는다. 한편, 동반제차방정식의 해는\\[y_{h}=c_{1} e^{x}+c_{2} e^{-3 x}\\]이므로 주어진 비제차미분방정식의 일반해는\\[y=c_{1} e^{x}+c_{2} e^{-3 x}+\\frac{4}{5} e^{2 x}\\]이 된다.</p> <p>■예제 3</p> <p>비제차미분방정식 \\[y^{\\prime \\prime}-3 y^{\\prime}+7 y=x-\\cos (2 x)\\]의 한 특수해를 구해보자. 위의 미분방정식의 우변 \\( F(x) \\) 는 다항식과 삼각함수로 되어있는데, 다항식의 미분은 다시 다른 다항식이 되고, 또 삼각함수 \\( \\cos (2 x) \\) 와 \\( \\sin (2 x) \\) 의 미분도 미분횟 수에 따라 이들의 상수배로 나타내어지므로 추측해를\\[y_{p}=a x+b+h \\cos (2 x)+k \\sin (2 x)\\]로 놓아보자. 이것의 일계도함수와 이계도함수\\[\\begin{array}{l}y_{p}^{\\prime}=a-2 h \\sin (2 x)+2 k \\cos (2 k) \\\\y_{p}^{\\prime \\prime}=-4 h \\cos (2 x)-4 k \\sin (2 x)\\end{array}\\]를 주어진 비제차미분방정식에 대입하면\\[\\begin{aligned}-4 h \\cos (2 x)-4 k \\sin (2 x)-3 a &+6 h \\sin (2 x)-6 k \\cos (2 x) \\\\&+7 a x+7 b+7 h \\cos (2 x)+7 k \\sin (2 x)=x-\\cos (2 x)\\end{aligned}\\]가 되고, 이것을 정리하여 방정식을 풀면 \\[a=\\frac{1}{7}, \\quad b=\\frac{3}{49}, h=-\\frac{1}{15}, k=\\frac{2}{15}\\]을 얻게 되므로, 원하는 특수해는 \\[y_{p}=\\frac{1}{7} x+\\frac{3}{49}-\\frac{1}{15} \\cos (2 x)+\\frac{2}{15} \\sin (2 x)\\]이다.위의 세 개의 예를 통하여 얻은 결과를 요약하면, 비제차미분방정식의 한 특수해는 우변 \\( F(x) \\) 의 형태가 각각 다항식, 지수함수, 삼각함수일 때, 추측해를 각각 상수배의 다항식, 지수 함수, 삼각함수로 놓아 주어진 미분방정식에 대입하여 상수를 결정하여 특수해를 정하는 것이다. 그러나, (1) 미분방정식의 계수가 상수가 아닌 경우(2) \\( F(x)=\\tan x, \\sec x \\) 등인 경우에는 곤란함을 쉽게 짐작할 수 있다.</p> <p>이런 경우 이외에도, 예를 들어 미분방정식 \\( y^{\\prime \\prime}+2 y^{\\prime}-3 y=4 e^{x} \\) 에서는 \\( y_{p}=A e^{x} \\) 로 놓아 주어진 미분방정식에 대입하면 \\( 0=4 e^{x} \\) 를 얻게 되므로 불가능하다. 이런 경우에는 추측해에 \\( x \\), \\( x^{2} \\) 등을 곱해서 해결할 수 있다. 예를 통하여 확인해 보자.</p> <p>■예제 4</p> <p>비제차미분방정식 \\[y^{\\prime \\prime}+2 y^{\\prime}-3 y=4 e^{x}\\]의 한 특수해를 구해보자. 위에서 살핀 것과 같이 \\( y_{p}=A e^{x} \\) 는 적합하지 않으므로, \\( y_{p}=A x e^{x} \\) 로 놓자. 일계도함수와 이계도함수\\[y_{p}^{\\prime}=A e^{x}+A x e^{x}, \\quad y_{p}^{\\prime \\prime}=2 A e^{x}+A x e^{x}\\]를 구하여 주어진 미분방정식에 대입하면\\[2 A e^{x}+A x e^{x}+2\\left(A e^{x}+A x e^{x}\\right)-3 A x e^{x}=4 e^{x}\\]이므로 \\( 4 A e^{x}=4 e^{x} \\), 즉 \\( A=1 \\) 을 얻는다. 따라서 \\( y_{p}=x e^{x} \\) 이다.</p>",
                "context_length": 3571,
                "summary": "비제차미분방정식 즉 일반적인 \\(y^{\\prime \\prime}+P(x) y^{\\prime}+Q(x) y=F(x)\\)의 해를 구하기 위해 미정계수법을 이용할 수 있고, 임의 상수를 넣은 후 추측해를 주어진 방정식에 대입해 상수를 결정하는 방법이다.",
                "clue": [
                    {
                        "clue_text": "일반적으로 비제차미분방정식\\[y^{\\prime \\prime}+P(x) y^{\\prime}+Q(x) y=F(x)\\]의 한 해를 구하기는 매우 어려우나, 여기서는 흔히 쓰이는 두 가지 방법을 살펴보자.",
                        "clue_start": "81",
                        "clue_end": "191"
                    },
                    {
                        "clue_text": "첫번째 경우로는 \\( P(x) \\)와 \\( Q(x) \\)가 상수인 경우이다. 이 때는 동반제차미분방정식의 해를 구 할 수 있으므로 주어진 비제차미분방정식의 한 특수해를 구하면 앞 절의 정리 2.5에 의해 일반 해가 정해진다.",
                        "clue_start": "199",
                        "clue_end": "324"
                    },
                    {
                        "clue_text": "이 방법은 \\( F(x) \\)의 모습을 살펴 정해지지 않은 상수를 넣어 만든 추측해(conjectured solution)를 주어진 비제차미분방정식에 대입하여 상수를 결정하는 방법이다. 구체적인 예를 통하여 이 방법을 익혀보자.",
                        "clue_start": "379",
                        "clue_end": "506"
                    }
                ],
                "terminology": [
                    {
                        "word": "conjectured solution"
                    },
                    {
                        "word": "undetermined coefficients"
                    },
                    {
                        "word": "동반제차방정식"
                    },
                    {
                        "word": "미분방정식"
                    },
                    {
                        "word": "미정계수법"
                    },
                    {
                        "word": "방정식"
                    },
                    {
                        "word": "비제차미분방정식"
                    },
                    {
                        "word": "삼각함수"
                    },
                    {
                        "word": "상수배"
                    },
                    {
                        "word": "일반해"
                    },
                    {
                        "word": "지수함수"
                    },
                    {
                        "word": "최고차"
                    },
                    {
                        "word": "최고차 항"
                    },
                    {
                        "word": "추측해"
                    },
                    {
                        "word": "특수해"
                    },
                    {
                        "word": "함수"
                    }
                ]
            },
            {
                "context_id": "55e-0c9-ee30da72-9b1e-4f3c-8e6d-483a932cdbc8",
                "context_K-NSCC": {
                    "field": "자연",
                    "large_category": "NA",
                    "medium_category": "01"
                },
                "context": "<h1>2.2 선형제차이계 미분방정식의 이론</h1> <p>선형이계 미분방정식</p> <p>\\( y^{\\prime \\prime}+P(x) y^{\\prime}+Q(x)=F(x) \\)</p> <p>가 한 구간 \\( J \\) 안의 모든 \\( x \\)에 대해 \\( F(x)=0 \\) 인 경우에 이 미분방정식을 제차(homogeneous) 라고 하며, 그렇지 않은 경우, 즉 \\( J \\)안에 적어도 하나의 \\( x \\)에 대하여 \\( F(x) \\neq 0 \\) 인 경우를 비제차(nonhomogeneous)라고 한다.</p> <p>예제 1</p> <p>\\( F(x)=\\left\\{\\begin{array}{ll}0, & 0 \\leq x \\leq 1 \\\\ 1, & 1<x \\leq 2\\end{array}\\right. \\)</p> <p>인 경우에는 미분방정식 \\( y^{\\prime \\prime}+x y^{\\prime}-2 y=F(x) \\) 는 구간 \\( [0,1] \\) 에서는 제차이지만, 구간 \\( [0,2] \\) 에서는 비제차이다.</p> <p>많은 경우에서 구간 \\( J \\)는 실수 전체이다. 이런 경우에는 구간 \\( J \\)를 특별히 언급하지 않아도 되므로 생략하기도 한다. 흔한 예로는 \\( P(x), Q(x) \\) 가 모든 실수 위에서 정의되어 있으며 아무런 제한이 없는 경우이다.</p> <p>이제 선형제차이계 미분방정식의 해에 관한 몇 가지 성질을 살피겠다. 이런 성질들은 후에 실제적으로 선형제차이계 미분방정식의 해를 구하는데 도움이 될 것이다.</p> <h2>정리 2.2</h2> <p>\\( y_{1}(x), y_{2}(x) \\)를 구간 \\( J \\) 에서 미분방정식 \\( y^{\\prime \\prime}+P(x) y^{\\prime}+Q(x) y=0 \\)의 해라고 하자. 그러면 (1) \\( y_{1}(x)+y_{2}(x) \\) 도 구간 \\( J \\) 에서 위의 미분방정식의 해이고, (2) 임의의 상수 \\( c \\) 에 대하여 \\( c y_{1}(x), c y_{2}(x) \\) 도 구간 \\( J \\) 에서 위의 미분방정식의 해가 된다.</p> <p>[증명] (1) 구간 \\( J \\)안의 임의의 \\( x \\)에 대하여 \\( y_{1}(x)+y_{2}(x) \\) 를 주어진 미분방정식에 대입하여 정리하면, \\( y_{1}(x) \\) 와 \\( y_{2}(x) \\)가 해이므로</p> <p>\\( \\begin{aligned} {\\left[y_{1}(x)+y_{2}(x)\\right]^{\\prime \\prime} } &+P(x)\\left[y_{1}(x)+y_{2}(x)\\right]^{\\prime}+Q(x)\\left[y_{1}(x)+y_{2}(x)\\right] \\\\ &=\\left[y_{1}^{\\prime \\prime}+P(x) y_{1}^{\\prime}+Q(x) y_{1}\\right]+\\left[y_{2}^{\\prime \\prime}+P(x) y_{2}^{\\prime}+Q(x) y_{2}\\right]=0+0=0 \\end{aligned} \\)</p> <p>이 된다.</p> <p>(2) 임의의 상수 \\( c \\) 에 대하여 \\( c y_{1}(x) \\)를 주어진 미분방정식에 대입하면</p> <p>\\( \\left[c y_{1}(x)\\right]^{\\prime \\prime}+P(x)\\left[c y_{1}(x)\\right]^{\\prime}+Q(x)\\left[c y_{1}(x)\\right]=c\\left[y_{1}^{\\prime \\prime}+P(x) y_{1}^{\\prime}+Q(x) y_{1}\\right]=c \\cdot 0=0 \\)</p> <p>이므로 \\( c y_{1}(x) \\)는 한 해임을 알 수 있고, \\( c y_{2}(x) \\)도 마찬가지로 보일 수 있다.</p> <p>위의 정리의 (1)과 (2)를 묶어서 말하면 \\( y_{1}(x) \\) 와 \\( y_{2}(x) \\) 가 선형제차이계 미분방정식 \\( y^{\\prime \\prime}+P(x) y^{\\prime}+Q(x) y=0 \\)의 해이고 \\( c_{1}, c_{2} \\)가 임의의 상수일 때</p> <p>\\( c_{1} y_{1}(x)+c_{2} y_{2}(x) \\)</p> <p>도 주어진 미분방정식의 한 해가 된다.</p> <p>일반적으로 \\( c_{1}, c_{2} \\) 가 상수일 때 \\( c_{1} y_{1}(x)+c_{2} y_{2}(x) \\) 형태를 두 함수 \\( y_{1}(x), y_{2}(x) \\) 의 일차결 합(linear combination)이라고 한다. 그러므로 위의 정리의 내용은 선형제차미분방정식의 해들의 일차결합도 한 해라는 것이다.</p> <p>예제 2 어렵지 않게 \\( \\sin (2 x) \\) 와 \\( \\cos (2 x) \\) 가 미분방정식 \\( y^{\\prime \\prime}+4 y=0 \\) 의 해임을 확인할 수 있다. 그러므로 이들의 일차결합</p> <p>\\( c_{1} \\sin (2 x)+c_{2} \\cos (2 x) \\)</p> <p>도 한 해가 되는데, 이것을 윗식을 미분방정식에 직접 대입시켜 보면 어렵지 않게 해가 되는 것을 확인할 수 있다.</p> <p>또한 \\( e^{2 x} \\) 와 \\( e^{-2 x} \\) 는 미분방정식 \\( y^{\\prime \\prime}-4 y=0 \\) 의 해이므로 이들의 일차결합</p> <p>\\( c_{1} e^{2 x}+c_{2} e^{-2 x} \\)</p> <p>한편, 구간 \\( J=(0, \\infty) \\) 에서 두 함수</p> <p>\\( x^{2+\\sqrt{2}} \\) 과 \\( x^{2-\\sqrt{2}} \\)</p> <p>는 미분방정식</p> <p>\\( y^{\\prime \\prime}-\\frac{3}{x} y^{\\prime}+\\frac{2}{x^{2}} y=0 \\)</p> <p>의 해이므로 이들의 일차결합</p> <p>\\( c_{1} x^{2+\\sqrt{2}}+c_{2} x^{2-\\sqrt{2}} \\)</p> <p>도 구간 \\( J \\)에서 한 해가 된다.</p> <p>예제 3 위의 정리의 결과는 비제차미분방정식에서는 성립하지 않는다. 예를 들어</p> <p>\\( y_{1}(x)=e^{x}+x \\) 와 \\( y_{2}(x)=-e^{x}+x \\)</p> <p>는 미분방정식 \\( y^{\\prime \\prime}-y=-x \\) 의 해이지만 이들의 합 \\( y_{1}(x)+y_{2}(x)=2 x \\)는 미분방정식에 대입 시켜 보면 해가 아님을 알 수 있다.</p> <p>한 구간 \\( J \\)에서 \\( y_{2}(x) \\) 가 \\( y_{1}(x) \\)의 상수배인 경우에는 \\( y_{1}(x) \\)와 \\( y_{2}(x) \\)의 일차결합은 단지 \\( y_{1}(x) \\)의 상수배가 된다. 이런 경우에 \\( y_{2}(x) \\)는 해로서 별다른 의미가 없다. 이와 같이 한 해 \\( y_{2}(x) \\)가 다른 해 \\( y_{1}(x) \\)의 상수배인 경우에 \\( y_{1}(x) \\) 와 \\( y_{2}(x) \\)는 일차종속(linearly dependent)이 라고 하며, 그렇지 않은 경우에 일차독립(linearly independent)이라고 한다. 두 함수 \\( y_{1}(x) \\) 와 \\( y_{2}(x) \\)가 일차독립인 경우에 이들의 일차결합 \\( c_{1} y_{1}(x)+c_{2} y_{2}(x) \\)는 아주 다른 함수가 된다 물론 \\( c_{1}, c_{2} \\) 는 모두 0 이 아닌 경우이다).</p>",
                "context_length": 3645,
                "summary": "선형이계 미분방정식 \\( y^{\\prime \\prime}+P(x) y^{\\prime}+Q(x)=F(x) \\)에서 임의의 구간 \\( J \\)안에 적어도 하나의 \\( x \\)에 대하여 \\( F(x) \\neq 0 \\) 인 경우를 비제차라고 하며 구간 \\(J\\)내 모든 \\(x\\)에 대해 \\( F(x)=0 \\) 인 경우 제차라고 한다. 한편 \\( y_{1}(x), y_{2}(x) \\)가 선형이계 미분방정식의 해라면, 각 해들 끼리 더한 값도, 임의의 상수를 곱한 값도 해가 된다.",
                "clue": [
                    {
                        "clue_text": "선형이계 미분방정식</p> <p>\\( y^{\\prime \\prime}+P(x) y^{\\prime}+Q(x)=F(x) \\)</p> <p>가 한 구간 \\( J \\) 안의 모든 \\( x \\)에 대해 \\( F(x)=0 \\) 인 경우에 이 미분방정식을 제차(homogeneous) 라고 하며, 그렇지 않은 경우, 즉 \\( J \\)안에 적어도 하나의 \\( x \\)에 대하여 \\( F(x) \\neq 0 \\) 인 경우를 비제차(nonhomogeneous)라고 한다.",
                        "clue_start": "33",
                        "clue_end": "285"
                    },
                    {
                        "clue_text": "\\( y_{1}(x), y_{2}(x) \\)를 구간 \\( J \\) 에서 미분방정식 \\( y^{\\prime \\prime}+P(x) y^{\\prime}+Q(x) y=0 \\)의 해라고 하자.",
                        "clue_start": "781",
                        "clue_end": "884"
                    },
                    {
                        "clue_text": "그러면 (1) \\( y_{1}(x)+y_{2}(x) \\) 도 구간 \\( J \\) 에서 위의 미분방정식의 해이고, (2) 임의의 상수 \\( c \\) 에 대하여 \\( c y_{1}(x), c y_{2}(x) \\) 도 구간 \\( J \\) 에서 위의 미분방정식의 해가 된다.",
                        "clue_start": "885",
                        "clue_end": "1034"
                    }
                ],
                "terminology": [
                    {
                        "word": "linear combination"
                    },
                    {
                        "word": "linearly dependent"
                    },
                    {
                        "word": "linearly independent"
                    },
                    {
                        "word": "미분방정식"
                    },
                    {
                        "word": "비제차"
                    },
                    {
                        "word": "상수배"
                    },
                    {
                        "word": "선형이계"
                    },
                    {
                        "word": "선형제차미분방정식"
                    },
                    {
                        "word": "선형제차이계 미분방정식"
                    },
                    {
                        "word": "실수"
                    },
                    {
                        "word": "실수 전체"
                    },
                    {
                        "word": "일차결합"
                    },
                    {
                        "word": "일차독립"
                    },
                    {
                        "word": "일차종속"
                    },
                    {
                        "word": "제차(homogeneous)"
                    },
                    {
                        "word": "함수"
                    }
                ]
            },
            {
                "context_id": "55e-0c9-d3b62a6f-aac0-49a1-b758-1049b7fe89f8",
                "context_K-NSCC": {
                    "field": "자연",
                    "large_category": "NA",
                    "medium_category": "01"
                },
                "context": "<h1>2.9 오일러 미분방정식</h1> <p>\\( A \\) 와 \\( B \\) 가 상수일 때\\[x^{2} y^{\\prime \\prime}+A x y^{\\prime}+B y=0\\]형태의 이계 미분방정식을 오일러의 방정식(Euler's equation)이라 한다. 이 절에서는 오일러의 방정식의 두 가지 해법을 살피겠다. 첫째 방법은 \\( y=x^{r} \\) 로 놓아 \\( r \\) 을 알맞게 잡아 해를 구하는 것이다. 즉, \\( y=x^{r} \\) 을 주어진 미 분방정식에 대입하여 정리하면 \\[r(r-1) x^{r}+A r x^{r}+B x^{r}=0 \\]을 얻게 되는데, \\( x \\neq 0 \\) 이면 위의 방정식은\\[r(r-1)+A r+B=0\\] 또는 \\[r^{2}+(A-1) r+B=0\\] 이 된다. 이때 위의 \\( r \\)에 관한 방정식을 주어진 미분방정식의 특성방정식(characteristic equation)이라고 한다. 주어진 오일러의 방정식은 특성방정식의 근의 형태에 따라 다음의 세 가지 경우를 생각할 수 있다.</p> <p>경우 1 특성방정식이 서로 다른 두 실근 \\( r_{1}, r_{2} \\) 를 가질 때: 이 때는 \\( x^{r_{1}}, x^{r_{2}} \\) 이 주어진 미분방정식의 일차독립인 해이므로 \\[y=c_{1} x^{r_{1}}+c_{2} x^{r_{2}}\\] 일반해가 된다.</p> <p>■ 예제 1</p> <p>미분방정식 \\[x^{2} y^{\\prime \\prime}+5 x y^{\\prime}-2 y=0\\]에 \\( y=x^{r} \\) 을 대입한 특성방정식은 \\[r^{2}+4 r-2=0\\]이다. 근을 구하면 \\( r=-2+\\sqrt{6}, r=-2-\\sqrt{6} \\) 이므로 \\( x>0 \\) 일 때\\[y=c_{1} x^{-2+\\sqrt{6}}+c_{2} x^{-2-\\sqrt{6}}=\\frac{1}{x^{2}}\\left(c_{1} x^{\\sqrt{6}}+c_{2} x^{-\\sqrt{6}}\\right)\\] 이 일반해가 된다.</p> <p>경우 2 특성방정식이 중근 \\( r \\)을 가질 때: 이 때는 한근이 \\( r \\) 이므로, 앞 절의 세 번째 방 법에 의하여 다른 근을 구하면 \\( x>0 \\) 일 때 \\( x^{r} \\ln (x) \\) 가 된다. \\[y=x^{r_{1}}\\left[c_{1}+c_{2} \\ln (x)\\right]\\]가 된다.</p> <p>■ 예제 2</p> <p>미분방정식 \\[x^{2} y^{\\prime \\prime}+5 x y^{\\prime}+4 y=0\\]의 특성방정식은 \\[r^{2}+4 r+4=0\\] 이므로 중근 \\( r=-2 \\) 를 갖고, 따라서 주어진 미분방정식의 일반해는 \\[y=x^{-2}\\left[c_{1}+c_{2} \\ln (x)\\right]\\]가 된다.</p> <p>경우 3 특성방정식이 복소근 \\( p \\pm i q \\)를 가질 때: 이 때는\\[x^{i q}=e^{i q \\ln (x)}=\\cos [q \\ln (x)]+i \\sin [q \\ln (x)]\\]이므로, \\( x>0 \\) 인 경우에 \\[\\begin{array}{l}x^{p+i q}=x^{p} \\cdot x^{i q}=x^{p}\\{\\cos [q \\ln (x)]+i \\sin [q \\ln (x)]\\} \\\\x^{p-i q}=x^{p}\\{\\cos [q \\ln (x)]-i \\sin [q \\ln (x)]\\}\\end{array}\\]가 해의 기본계를 이룬다. 그러므로 일반해는 \\[y=c_{1} x^{p}\\{\\cos [q \\ln (x)]+i \\sin [q \\ln (x)]\\}+c_{2} x^{\\dagger}\\{\\cos [q \\ln (x)]-i \\sin [q \\ln (x)]\\}\\]인데, \\( c_{1}=c_{2}=\\frac{1}{2 !} \\) 일 때 주어진 미분방정식의 한 해\\[x^{\\not} \\cos [q \\ln (x)]\\]를 얻고, \\( c_{1}=-c_{2}=1 / 2 \\) 일 때 다른 한 해\\[x^{p} \\sin [q \\ln (x)]\\]를 얻게 된다. 그런데 이들이 \\( x>0 \\) 일 때 주어진 미분방정식의 해의 기본계를 이루는 것을 알 수 있으므로 주어진 미분방정식의 일반해는 \\[y=c_{1} x^{b} \\cos [q \\ln (x)]+c_{2} x^{p} \\sin [q \\ln (x)]\\]가 된다.</p> <p>■ 예제 3</p> <p>미분방정식 \\[x^{2} y^{\\prime \\prime}+4 x y^{\\prime}+6 y=0\\]의 특성방정식은 \\[r^{2}+3 r+6=0\\]이므로 복소근\\[\\frac{-3+i \\sqrt{15}}{2}, \\frac{-3-i \\sqrt{15}}{2} \\]를 갖는 위의 경우에 해당된다. 그러므로 일반해는 \\( x>0 \\) 일 때\\[y=c_{1} x^{-3 / 2} \\cos \\left(\\frac{\\sqrt{15}}{2} \\ln (x)\\right)+c_{2} x^{-3 / 2} \\sin \\left(\\frac{\\sqrt{15}}{2} \\ln (x)\\right)\\]가 된다.오일러의 방정식의 해를 구하는 다른 방법은 치환을 통하여 구하는 것이다. 즉 \\( x>0 \\) 일 때 \\( z=\\ln (x) \\) 로 놓으면, 합성함수의 미분법에 의해 \\[\\frac{d y}{d x}=\\frac{d y}{d z} \\frac{d z}{d x}=\\frac{1}{x} \\frac{d y}{d z}\\]이고, 다시 이것을 미분하면\\[\\begin{aligned}\\frac{d^{2} y}{d x^{2}} &=\\frac{d}{d x}\\left(\\frac{d y}{d x}\\right)=\\frac{d}{d x}\\left(\\frac{1}{x} \\frac{d y}{d z}\\right)=-\\frac{1}{x^{2}} \\frac{d y}{d z}+\\frac{1}{x} \\frac{d}{d x}\\left(\\frac{d y}{d z}\\right) \\\\ &=-\\frac{1}{x^{2}} \\frac{d y}{d z}+\\frac{1}{x} \\frac{d}{d z}\\left(\\frac{d z}{d z}\\right) \\frac{d z}{d x}=-\\frac{1}{x^{2}} \\frac{d y}{d z}+\\frac{1}{x^{2}} \\frac{d^{2} y}{d z^{2}} \\end{aligned}\\]가 된다. 이들을 오일러의 방정식 \\( x^{2} y^{\\prime \\prime}+A x y^{\\prime}+B y=0 \\) 에 대입하면 \\[x^{2}\\left(-\\frac{1}{x^{2}} \\frac{d y}{d z}+\\frac{1}{x^{2}} \\frac{d^{2} y}{d z^{2}}\\right)+A x\\left(\\frac{1}{x} \\frac{d y}{d z}\\right)+B y=0\\] 또는 \\[\\frac{d^{2} y}{d z^{2}}+(A-1) \\frac{d y}{d z}+B y=0\\]이 되는데, 이것은 \\( z \\) 와 \\( y \\) 에 관한 상수계수의 미분방정식이므로 해를 구할 수 있다. 그리하여 \\( z=\\ln (x) \\)를 대입하면 원래의 방정식의 해가 된다.</p> <p>■ 예제 4</p> <p>\\[x^{2} y^{\\prime \\prime}-4 x y^{\\prime}+6 y=0\\]의 해를 구해보자. \\( z=\\ln (x) \\) 로 놓아 위의 결과를 써서 주어진 미분방정식을 정리하면 \\[\\frac{d^{2} y}{d z^{2}}-5 \\frac{d y}{d z}+6 y=0\\]이 되고, 이 미분방정식의 해를 구하면\\[y=c_{1} e^{3 z}+c_{2} e^{2 z}\\]이 된다. 여기서 \\( z=\\ln (x) \\) 를 대입하면 주어진 미분방정식의 일반해\\[y=c_{1} e^{3 \\ln (x)}+c_{2} e^{2 \\ln (x)}=c_{2} x^{3}+c_{2} x^{2}\\]이 얻어진다.</p> <p>■ 예제 5</p> <p>비제차 오일러의 미분방정식 \\[x^{2} y^{\\prime \\prime}-4 x y^{\\prime}+4 y=x^{4}+x^{2}, \\quad x>0\\]의 해를 구해보자. 우선 동반제차방정식\\[x^{2} y^{\\prime \\prime}-4 x y^{\\prime}+4 y=0\\]의 해를 구하면 \\( y_{1}=x, y_{2}=x^{4} \\) 가 된다. 다음은 특수해를 구하기 위하여 주어진 미분방정식을 \\( x^{2} \\) 으로 나누면 \\[ y^{\\prime \\prime}-\\frac{4}{x} y^{\\prime}+\\frac{4}{x^{2}} y=x^{2}+1\\]이 되는데, 이 미분방정식의 특수해를 미정계수법에 의하여 구해보자.\\[y_{p}=v_{1}(x) x+v_{2}(x) x^{4} \\]로 놓으면\\[v_{1}^{\\prime}(x)=\\frac{\\left|\\begin{array}{cc}0 & x^{4} \\\\x^{2}+1 & 4 x^{3}\\end{array}\\right|}{\\left|\\begin{array}{cc}x & x^{4} \\\\1 & 4 x^{3}\\end{array}\\right|}=\\frac{-x^{4}\\left(x^{2}+1\\right)}{3 x^{4}}=-\\frac{1}{3}\\left(1+x^{2}\\right)\\] 이므로 \\[v_{2}^{\\prime}(x)=\\frac{\\left|\\begin{array}{cc}x & 0 \\\\1 & 1+x^{2}\\end{array}\\right|}{\\left|\\begin{array}{cc}x & x^{4} \\\\1 & 4 x^{3}\\end{array}\\right|}=\\frac{x\\left(x^{2}+1\\right)}{3 x^{4}}=\\frac{1}{3 x}+\\frac{1}{3 x^{3}}\\]을 얻고, \\[v_{1}(x)=\\int-\\frac{1}{3}\\left(1+x^{2}\\right) d x=-\\frac{1}{9} x^{3}-\\frac{1}{3} x\\]이므로 \\[v_{2}(x)=\\int\\left(\\frac{1}{3 x}+\\frac{1}{3 x^{3}}\\right) d x=\\frac{1}{3} \\ln (x)-\\frac{1}{6 x^{2}}\\]을 얻는다. 그러므로 특수해는 \\[\\begin{aligned} y_{p}(x) &=x\\left(-\\frac{x^{3}}{9}-\\frac{x}{3}\\right)+x^{4}\\left(\\frac{1}{3} \\ln (x)-\\frac{1}{6 x^{2}}\\right) \\\\&=-\\frac{x^{4}}{9}-\\frac{x^{2}}{3}+\\frac{x^{4}}{3} \\ln (x)-\\frac{x^{2}}{6}=-\\frac{x^{4}}{9}-\\frac{x^{2}}{2}+\\frac{x^{4}}{3} \\ln (x)\\end{aligned}\\] 이고, 따라서 주어진 비제차 오일러의 방정식의 일반해는\\[y=c_{1} x+c_{2} x^{4}-\\frac{1}{9} x^{4}-\\frac{1}{2} x^{2}+\\frac{1}{3} x^{4} \\ln (x)\\] 가 된다.",
                "context_length": 5295,
                "summary": "오일러의 방정식(Euler's equation)은 \\( A \\) 와 \\( B \\) 가 상수일 때 \\(x^{2} y^{\\prime \\prime}+A x y^{\\prime}+B y=0\\) 형태의 이계 미분방정식이다. \\( y=x^{r} \\) 을 주어진 미 분방정식에 대입하여 정리하면 \\(r(r-1) x^{r}+A r x^{r}+B x^{r}=0 \\)을 얻게 된다. 그리고 \\( x \\neq 0 \\) 이면 위의 방정식은 \\(r(r-1)+A r+B=0\\) 또는 \\(r^{2}+(A-1) r+B=0\\) 이 되는데 이때 위의 \\( r \\)에 관한 방정식을 주어진 미분방정식의 특성방정식(characteristic equation)이라고 한다. 오일러 방정식은 특성방정식의 근의 형태에 따라 몇 가지 경우가 생긴다.",
                "clue": [
                    {
                        "clue_text": "\\( A \\) 와 \\( B \\) 가 상수일 때\\[x^{2} y^{\\prime \\prime}+A x y^{\\prime}+B y=0\\]형태의 이계 미분방정식을 오일러의 방정식(Euler's equation)이라 한다.",
                        "clue_start": "26",
                        "clue_end": "145"
                    },
                    {
                        "clue_text": "즉, \\( y=x^{r} \\) 을 주어진 미 분방정식에 대입하여 정리하면 \\[r(r-1) x^{r}+A r x^{r}+B x^{r}=0 \\]을 얻게 되는데, \\( x \\neq 0 \\) 이면 위의 방정식은\\[r(r-1)+A r+B=0\\] 또는 \\[r^{2}+(A-1) r+B=0\\] 이 된다.",
                        "clue_start": "233",
                        "clue_end": "395"
                    },
                    {
                        "clue_text": "이때 위의 \\( r \\)에 관한 방정식을 주어진 미분방정식의 특성방정식(characteristic equation)이라고 한다.",
                        "clue_start": "396",
                        "clue_end": "467"
                    },
                    {
                        "clue_text": "주어진 오일러의 방정식은 특성방정식의 근의 형태에 따라 다음의 세 가지 경우를 생각할 수 있다.",
                        "clue_start": "468",
                        "clue_end": "521"
                    }
                ],
                "terminology": [
                    {
                        "word": "characteristic equation"
                    },
                    {
                        "word": "기본계"
                    },
                    {
                        "word": "미분방정식"
                    },
                    {
                        "word": "미분법"
                    },
                    {
                        "word": "미정계수법"
                    },
                    {
                        "word": "방정식"
                    },
                    {
                        "word": "복소근"
                    },
                    {
                        "word": "비제차"
                    },
                    {
                        "word": "상수계수"
                    },
                    {
                        "word": "실근"
                    },
                    {
                        "word": "이계"
                    },
                    {
                        "word": "이계 미분방정식"
                    },
                    {
                        "word": "일반해"
                    },
                    {
                        "word": "중근"
                    },
                    {
                        "word": "치환"
                    },
                    {
                        "word": "특성방정식"
                    },
                    {
                        "word": "특수해"
                    },
                    {
                        "word": "합성함수"
                    },
                    {
                        "word": "합성함수의 미분법"
                    }
                ]
            },
            {
                "context_id": "55e-0c9-657f7500-f459-40b3-a1a3-4e438de14396",
                "context_K-NSCC": {
                    "field": "자연",
                    "large_category": "NA",
                    "medium_category": "01"
                },
                "context": "<h1>2.1 선형이계 미분방정식: 해의 존재성과 유일성</h1> <p>\\( P(x), Q(x), F(x) \\) 가 \\( x \\) 의 함수일 때</p> <p>\\( y^{\\prime \\prime}+P(x) y^{\\prime}+Q(x) y=F(x) \\)</p> <p>형태의 미분방정식을 선형이계 미분방정식(linear second order differential equation)이라고 한다. 예를 들면</p> <p>\\( y^{\\prime \\prime}-2 x y^{\\prime}+3 y=4 e^{-2 x} \\) 과 \\( y^{\\prime \\prime}-2 y=0 \\)</p> <p>등은 선형이계 미분방정식이고</p> <p>\\( y^{\\prime \\prime}-y y^{\\prime}+6 x y=0 \\) 과 \\( \\left(y^{\\prime \\prime}\\right)^{2}-2 y=4 x \\)</p> <p>등은 선형이 아닌 이계 미분방정식이다.</p> <p>다음의 정리는 선형이계 미분방정식을 다루는데 기본적인 정리이다. 우리는 이 정리를 증명없이 소개하겠으며, 이 정리를 써서 이계 미분방정식의 해를 이끌어 내는데 사용할 것이다.</p> <h2>정리 2.1</h2> <p>한 구간 \\( J \\)에서 함수 \\( P(x), Q(x), F(x) \\) 가 연속이라고 하자. \\( x_{0} \\) 가 구간 \\( J \\) 안의 임의의 점이 라 하고 A와 B가 임의의 실수라고 하면, 이계 미분방정식 \\( y^{\\prime \\prime}+P(x) y^{\\prime}+Q(x) y=F(x) \\)의 해로서 조건 \\( y\\left(x_{0}\\right)=A \\) 와 \\( y^{\\prime}\\left(x_{0}\\right)=B \\)를 만족하는 해가 오직 한 개 존재한다.</p> <p>일반적으로 다음과 같은</p> <p>\\( y^{\\prime \\prime}+P(x) y^{\\prime}+Q(x) y=F(x) ; \\quad y\\left(x_{0}\\right)=A, \\quad y^{\\prime}\\left(x_{0}\\right)=B \\)</p> <p>형태의 해를 구하는 문제를 초기치 문제(initial value problem)라고 한다. 따라서 위의 정리는 한 초기치 문제에서 선형이계 미분방정식의 계수함수가 한 구간 위에서 연속일 때는 오직 한 개의 해가 존재한다는 것이다.</p> <p>이계 미분방정식의 해는 방정식이 이계도함수를 갖고 있으므로 두 개의 적분상수를 갖게 된다. 그러므로 두 개의 조건 \\( y\\left(x_{0}\\right)=A \\) 와 \\( y^{\\prime}\\left(x_{0}\\right)=B \\)는 초기치 문제의 유일한 해의 상수를 정하는데 필요하다.</p> <p>예제 1 함수</p> <p>\\( y=c_{1} e^{\\sqrt{2} x}+c_{2} e^{-\\sqrt{2} x}-\\frac{1}{2} x^{2} \\)</p> <p>은 초기치 문제 \\( y^{\\prime \\prime}-2 y=x^{2}-1, y(1)=3, y^{\\prime}(1)=-5 \\)의 한 해가 됨을 쉽게 확인할 수 있다. 이때 임의의 상수를 정하여 초기치 문제의 해를 구하면</p> <p>\\( c_{1} e^{\\sqrt{2}}+c_{2} e^{-\\sqrt{2}}-\\frac{1}{2}=3 \\) \\( \\sqrt{2} c_{1} e^{\\sqrt{2}}-\\sqrt{2} c_{2} e^{-\\sqrt{2}}-1=-5 \\)</p> <p>이므로</p> <p>\\( c_{1}=\\frac{e^{-\\sqrt{2}}}{2 \\sqrt{2}}\\left(7 \\frac{\\sqrt{2}}{2}-4\\right) \\) 과 \\( \\quad c_{2}=\\frac{e^{\\sqrt{2}}}{2 \\sqrt{2}}\\left(4+\\frac{7}{2} \\sqrt{2}\\right) \\)</p> <p>를 얻는다.</p> <p>미분방정식에서 자주 접하게 되는 다른 형태의 문제로는 경계치 문제(boundary value problem)가 있다. 이것은 한 미분방정식의 해로서 주어진 구간의 양 끝에서 특정한 조건을 만 족하는 해를 찾는 문제이다. 이 문제는 구간의 한 점에서 함수값이 정해지고 그 점에서의 도함 수의 값이 정해진 해를 구하는 초기치 문제와는 아주 다르다. 한 예로는 양끝이 고정된 현(예 를 들면 기타줄)의 진동을 들 수 있다.</p> <p>다음과 같이 해의 존재성이나 유일성이 성립하지 않는 예를 쉽게 생각할 수 있으므로 위의 정리와 같은 결과는 경계치 문제에서는 없다. 즉 경계치 문제</p> <p>\\( y^{\\prime \\prime}+y=0 ; \\quad y(0)=y(\\pi)=0 \\)</p> <p>은 무한히 많은 해 \\( y=C \\sin (x) \\) 를 갖고, 경계치 문제</p> <p>\\( y^{\\prime \\prime}+y=0 ; \\quad y(0)=y^{\\prime}(\\pi)=0 \\)</p> <p>은 단 하나의 해 \\( y=0 \\) 을 갖고, 경계치 문제</p> <p>\\( y^{\\prime \\prime}+y=x ; \\quad y(0)=0, \\quad y^{\\prime}(\\pi)=0 \\)</p> <p>은 해가 없다.</p>",
                "context_length": 2515,
                "summary": "초기치 문제(initial value problem)는 한 문제에서 선형이계 미분방정식의 계수함수가 한 구간 위에서 연속일 때는 오직 한 개의 해가 존재한다. 그리고 구간의 한 점에서 함수값이 정해지고 그 점에서의 도함 수의 값이 정해진 해를 구하는 문제이다. 미분방정식에서 다른 형태의 문제로는 경계치 문제(boundary value problem)가 있는데 이것은 한 미분방정식의 해로서 주어진 구간의 양 끝에서 특정한 조건을 만 족하는 해를 찾는 문제로 초기치 문제와는 아주 다르다.",
                "clue": [
                    {
                        "clue_text": "형태의 해를 구하는 문제를 초기치 문제(initial value problem)라고 한다.",
                        "clue_start": "1025",
                        "clue_end": "1075"
                    },
                    {
                        "clue_text": "따라서 위의 정리는 한 초기치 문제에서 선형이계 미분방정식의 계수함수가 한 구간 위에서 연속일 때는 오직 한 개의 해가 존재한다는 것이다.",
                        "clue_start": "1076",
                        "clue_end": "1153"
                    },
                    {
                        "clue_text": "미분방정식에서 자주 접하게 되는 다른 형태의 문제로는 경계치 문제(boundary value problem)가 있다.",
                        "clue_start": "1884",
                        "clue_end": "1949"
                    },
                    {
                        "clue_text": "이것은 한 미분방정식의 해로서 주어진 구간의 양 끝에서 특정한 조건을 만 족하는 해를 찾는 문제이다.",
                        "clue_start": "1950",
                        "clue_end": "2006"
                    },
                    {
                        "clue_text": "이 문제는 구간의 한 점에서 함수값이 정해지고 그 점에서의 도함 수의 값이 정해진 해를 구하는 초기치 문제와는 아주 다르다.",
                        "clue_start": "2007",
                        "clue_end": "2076"
                    }
                ],
                "terminology": [
                    {
                        "word": "differential equation"
                    },
                    {
                        "word": "initial value problem"
                    },
                    {
                        "word": "경계치 문제(boundary value problem)"
                    },
                    {
                        "word": "계수함수"
                    },
                    {
                        "word": "미분방정식"
                    },
                    {
                        "word": "방정식"
                    },
                    {
                        "word": "선형이계 미분방정식"
                    },
                    {
                        "word": "실수"
                    },
                    {
                        "word": "이계 미분방정식"
                    },
                    {
                        "word": "이계도함수"
                    },
                    {
                        "word": "적분상수"
                    },
                    {
                        "word": "초기치 문제"
                    },
                    {
                        "word": "함수"
                    },
                    {
                        "word": "해"
                    },
                    {
                        "word": "해의 존재성"
                    }
                ]
            },
            {
                "context_id": "55e-0c9-76d6588a-93b1-4838-82e2-84c03dd25826",
                "context_K-NSCC": {
                    "field": "자연",
                    "large_category": "NA",
                    "medium_category": "01"
                },
                "context": "<h2>2.4복소지수함수의 배경</h2> <p>복수지수에 관한 이론과 성질은 이 책의 뒷부분에 있는 복소해석학에서 다시 자세하게 다룰 내 용이지만, 여기서는 앞절에서 언급한 것과 같이 선형제차이계 미분방정식의 특성방정식이 복소 근을 갖게 되는 경우에 해를 구하기 위하여 필요한 정노의 내용을 살펴보자.</p> <p>미적분학에서 배운 것과 같이 지수함수 \\( e^{x} \\) 를 테일러급수로 전개하면</p> <p>\\[e^{x}=\\sum_{n=0}^{\\infty} \\frac{x^{n}}{n !}=1+x+\\frac{1}{2 !} x^{2}+\\frac{1}{3 !} x^{3}+\\cdots+\\frac{1}{n !} x^{n}+\\cdots\\]이므로 \\( e^{i y} \\) 를 \\[e^{i y}=\\sum_{n=0}^{\\infty} \\frac{(i y)^{n}}{n !}\\] 과 같이 하여 \\( y^{n} \\) 의 거듭제곱의 짝수차수와 홀수차수로 나누어 정리하면 \\[e^{i y}=\\sum_{n=0}^{\\infty} \\frac{(-1)^{n} y^{2 n}}{(2 n) !}+i \\sum_{n=0}^{\\infty} \\frac{(-1)^{n} y^{2 n+1}}{(2 n+1) !}\\] 이 되는데 윗식의 앞의 항은 \\( \\cos x \\) 에 관한 전개식이고, 둘째 항은 \\( \\sin x \\) 에 관한 전개식이므로 \\( e^{x+i y} \\) 를 \\[e^{x+i y}=e^{x}[\\cos (y)+i \\sin (y)]=e^{x} \\cos (y)+i e^{x} \\sin (y)\\] 와 같이 정의할 수 있다. 그러므로 예를 들어 몇 개의 값을 구해보면</p> <p>\\( \\begin{aligned} e^{2+i \\pi} &=e^{2} \\cos (\\pi)+i e^{2} \\sin (\\pi)=-e^{2} \\\\ e^{2+i(\\pi / 2)} &=e^{2} \\cos \\left(\\frac{\\pi}{2}\\right)+i e^{2} \\sin \\left(\\frac{\\pi}{2}\\right)=i e^{2} \\\\ e^{2+3 i} &=e^{2} \\cos (3)+i e^{2} \\sin (3) \\end{aligned} \\)</p> <p>이 된다. 또 위의 복소지수함수의 미분은</p> <p>\\( \\begin{aligned} \\frac{d}{d x} e^{(a+i b) x} &=\\frac{d}{d x}\\left[e^{a x} \\cos (b x)+i e^{a x} \\sin (b x)\\right] \\\\ &=\\frac{d}{d x}\\left[e^{a x} \\cos (b x)\\right]+i \\frac{d}{d x}\\left[e^{a x} \\sin (b x)\\right] \\\\ &=a e^{a x} \\cos (b x)-b e^{a x} \\sin (b x)+i a e^{a x} \\sin (b x)+i b e^{a x} \\cos (b x) \\\\ &=a e^{a x}[\\cos (b x)+i \\sin (b x)]+i b e^{a x}[\\cos (b x)+i \\sin (b x)] \\\\ &=(a+i b) e^{a x}[\\cos (b x)+i \\sin (b x)] \\\\ &=(a+i b) e^{(a+i b) x} \\end{aligned} \\)</p> <h2>2.5 미분방정식 \\( y^{\\prime \\prime}+A y^{\\prime}+B y=0 \\) 에서 \\( A^{2}-4 B<0 \\) 인 경우의 해</h2> <p>앞에서 이미 언급한 대로 여기서는 미분방정식 \\( y^{\\prime \\prime}+A y^{\\prime}+B y=0 \\) 의 특성방정식 \\( r^{2}+A r+B \\) \\( =0 \\) 이 두 개의 복소근 \\[ r_{1}=\\frac{-A+i \\sqrt{4 B-A^{2}}}{2} \\text { 과 } r_{2}=\\frac{-A-i \\sqrt{4 B-A^{2}}}{2} \\] 을 갖는 경우를 살펴보자.</p> <p>\\[p=\\frac{-A}{2} \\text { 와 } q=\\frac{\\sqrt{4 B-A^{2}}}{2}\\]으로 놓으면 \\( r_{1}=p+i q, r_{2}=p-i q \\) 가 된다. 이때 복소지수함수 \\[\\begin{array}{l}e^{r_{1} x}=e^{b x} \\cos (q x)+i e^{b x} \\sin (q x) \\\\e^{r_{2} x}=e^{\\not x} \\cos (q x)-i e^{b x} \\sin (q x)\\end{array}\\] 가 주어진 미분방정식의 해이므로 이들의 일차결합\\[\\begin{array}{l}\\frac{1}{2}\\left(e^{r_{1} x}+e^{r_{2} x}\\right)=e^{p x} \\cos (q x) \\\\\\frac{1}{2 i}\\left(e^{r_{1} x}-e^{r_{2} x}\\right)=e^{b x} \\sin (q x)\\end{array}\\] 도 해가 된다. 더욱이 이들의 론스키안을 구해보면 \\( e^{2 p x} \\) 이므로 결코 0 이 되지 않는다. 그러므로\\[y_{1}(x)=e^{\\not x x} \\cos (q x) \\text { 와 } y_{2}(x)=e^{b x} \\sin (q x)\\]는 주어진 미분방정식 \\( y^{\\prime \\prime}+A y^{\\prime}+B y=0 \\) 의 해의 한 기본계를 이루고, 따라서 \\( A^{2}-4 B<0 \\) 일 때 이 미분방정식의 일반해는\\[y=c_{1} e^{b x} \\cos (q x)+c_{2} e^{b x} \\sin (q x)=e^{b x}\\left[c_{1} \\cos (q x)+c_{2} \\sin (q x)\\right]\\]가 된다. 물론 복소지수함수로 된 함수\\[c_{1} e^{r_{1, x}}+c_{2} e^{r_{1}, x}\\] 도 위의 미분방정식의 일반해이지만, 대개는 위의 형태인 지수함수와 삼각함수로 된 해를 일반 해로 한다.</p> <p>■예제 1<p> <p>미분방정식 \\( y^{\\prime \\prime}+2 y^{\\prime}+6 y=0 \\) 의 특성방정식 \\( r^{2}+2 r+6=0 \\) 은 복소근 \\( r_{1}=-1+i \\sqrt{5} \\) 와 \\( r_{2}=-1-i \\sqrt{5} \\) 를 가지므로 일반해는 [y=c_{1} e^{-x} \\cos (\\sqrt{5} x)+c_{2} e^{-x} \\sin (\\sqrt{5} x)\\] 가 된다.</p> <p>■예제 2</p> <p>초기치 문제 \\[y^{\\prime \\prime}+2 y^{\\prime}+3 y=0, \\quad y(0)=2, \\quad y^{\\prime}(0)=-3\\]에서는, 우선 주어진 미분방정식의 특성방정식이 \\( r^{2}+2 r+3=0 \\) 이므로 일반해는 \\[y=c_{1} e^{-x} \\cos (\\sqrt{2} x)+c_{2} e^{-x} \\sin (\\sqrt{2} x)\\]가 된다. 다음은 위의 해가 주어진 조건을 만족해야 하므로\\[\\begin{array}{l}y(0)=c_{1}=2 \\\\y^{\\prime}(0)=c_{1}+\\sqrt{2} c_{2}=-3\\end{array}\\]이 된다. 이들을 풀면\\[c_{1}=2 \\text { 와 } c_{2}=\\frac{-5}{\\sqrt{2}}\\]를 얻게 되므로 주어진 초기치 문제의 해는\\[y=2 e^{-x} \\cos (\\sqrt{2} x)-\\frac{5}{\\sqrt{2}} \\sin (\\sqrt{2} x)\\]이다. 지금까지 2.3 절과 2.5 절에서 살핀 사실들을 정리하면 아래와 같다.</p> <p>이계 미분방정식 \\( y^{\\prime \\prime}+A y^{\\prime}+B y=0 \\) 의 일반해</p> <p>특성방정식 \\( r^{2}+A r+B=0 \\) 이 (1) 두 실근 \\( r_{1}, r_{2} \\) 를 가지면 일반해는 \\( y=c_{1} e^{r_{1} x}+c_{2} e^{r_{2} x} \\) 이고, (2) 중근 \\( r \\) 을 가지면 일반해는 \\( y=e^{r_{1} x}\\left(c_{1}+c_{2} x\\right) \\) 이고, (3) 복소근 \\( p+i q, p-i q \\) 를 가지면 일반해는 \\( y=c_{1} e^{p x} \\cos (q x)+c_{2} e^{p x} \\sin (q x) \\) 이다.</p>",
                "context_length": 3975,
                "summary": "선형제차이계 미분방정식의 특성방정식으로 복소근을 갖게 되는 경우에 해를 구할 수 있는데 여기에 필요한 정노의 내용을 살펴보자. 미분방정식 \\( y^{\\prime \\prime}+A y^{\\prime}+B y=0 \\) 의 특성방정식 \\( r^{2}+A r+B \\) \\( =0 \\) 이 갖는 복소근은 \\[y_{1}(x)=e^{\\not x x} \\cos (q x) \\text { 와 } y_{2}(x)=e^{b x} \\sin (q x)\\]는 주어진 미분방정식 \\( y^{\\prime \\prime}+A y^{\\prime}+B y=0 \\) 의 해의 한 기본계 이룬다. 따라서 \\( A^{2}-4 B<0 \\) 일 때 이 미분방정식의 일반해는\\[y=c_{1} e^{b x} \\cos (q x)+c_{2} e^{b x} \\sin (q x)=e^{b x}\\left[c_{1} \\cos (q x)+c_{2} \\sin (q x)\\right]\\]가 된다.",
                "clue": [
                    {
                        "clue_text": "앞에서 이미 언급한 대로 여기서는 미분방정식 \\( y^{\\prime \\prime}+A y^{\\prime}+B y=0 \\) 의 특성방정식 \\( r^{2}+A r+B \\) \\( =0 \\) 이 두 개의 복소근 \\[ r_{1}=\\frac{-A+i \\sqrt{4 B-A^{2}}}{2} \\text { 과 } r_{2}=\\frac{-A-i \\sqrt{4 B-A^{2}}}{2} \\] 을 갖는 경우를 살펴보자.",
                        "clue_start": "1666",
                        "clue_end": "1888"
                    },
                    {
                        "clue_text": "그러므로\\[y_{1}(x)=e^{\\not x x} \\cos (q x) \\text { 와 } y_{2}(x)=e^{b x} \\sin (q x)\\]는 주어진 미분방정식 \\( y^{\\prime \\prime}+A y^{\\prime}+B y=0 \\) 의 해의 한 기본계를 이루고, 따라서 \\( A^{2}-4 B<0 \\) 일 때 이 미분방정식의 일반해는\\[y=c_{1} e^{b x} \\cos (q x)+c_{2} e^{b x} \\sin (q x)=e^{b x}\\left[c_{1} \\cos (q x)+c_{2} \\sin (q x)\\right]\\]가 된다.",
                        "clue_start": "2407",
                        "clue_end": "2712"
                    },
                    {
                        "clue_text": "복수지수에 관한 이론과 성질은 이 책의 뒷부분에 있는 복소해석학에서 다시 자세하게 다룰 내 용이지만, 여기서는 앞절에서 언급한 것과 같이 선형제차이계 미분방정식의 특성방정식이 복소 근을 갖게 되는 경우에 해를 구하기 위하여 필요한 정노의 내용을 살펴보자.",
                        "clue_start": "26",
                        "clue_end": "168"
                    }
                ],
                "terminology": [
                    {
                        "word": "기본계"
                    },
                    {
                        "word": "론스키안"
                    },
                    {
                        "word": "미분방정식"
                    },
                    {
                        "word": "미적분학"
                    },
                    {
                        "word": "복소근"
                    },
                    {
                        "word": "복소지수함수"
                    },
                    {
                        "word": "복소해석학"
                    },
                    {
                        "word": "복수지수"
                    },
                    {
                        "word": "삼각함수"
                    },
                    {
                        "word": "선형제차이계"
                    },
                    {
                        "word": "선형제차이계 미분방정식"
                    },
                    {
                        "word": "실근"
                    },
                    {
                        "word": "이계"
                    },
                    {
                        "word": "이계 미분방정식"
                    },
                    {
                        "word": "일반해"
                    },
                    {
                        "word": "전개식"
                    },
                    {
                        "word": "중근"
                    },
                    {
                        "word": "지수함수"
                    },
                    {
                        "word": "초기치 문제"
                    },
                    {
                        "word": "테일러급수"
                    },
                    {
                        "word": "특성방정식"
                    },
                    {
                        "word": "해"
                    }
                ]
            },
            {
                "context_id": "55e-0c9-ba24f81f-b20f-4f3f-be3e-0f1445616cc8",
                "context_K-NSCC": {
                    "field": "자연",
                    "large_category": "NA",
                    "medium_category": "01"
                },
                "context": "<h2>2.8 계수의 감수</h2> <p>여기서는 이계 미분방정식을 한 개 또는 그 이상의 일계 미분방정식으로 고쳐서 해를 구하는 세 가지 경우를 살펴보자. 이러한 방법을 계수의 감수(reduction of order)라고 부른다.</p> <h3>1. 종속변수가 없을 때(absent dependent variable)</h3> <p>이계 미분방정식\\[F\\left(x, y, y^{\\prime}, y^{\\prime \\prime}\\right)=0\\]에서 \\( y \\)의 항이 없을 때, \\( u=y^{\\prime} \\) 으로 놓으면 주어진 이계 미분방정식은 \\( x \\)와 \\( u \\)에 관한 일계 미분방정식\\[f\\left(x, u, u^{\\prime}\\right)=0\\]이 되므로, 이것의 해를 구하여 적분을 하면 \\( y \\)에 관한 해를 구할 수 있다.</p> <p>■예제 1</p> <p>미분방정식 \\( x y^{\\prime \\prime}+2 y^{\\prime}=4 x^{3} \\) 은 \\( y \\) 의 항이 없으므로 위의 경우에 해당된다. \\( u=y^{\\prime} \\) 으로 놓으면 주어진 미분방정식은 \\( x u^{\\prime}+2 u=4 x^{3} \\) 이 되므로, 이 미분방정식의 해를 구하면 \\[u=\\frac{4 x^{3}}{5}+\\frac{C}{x^{2}}\\]가 되고, 다시 이것을 적분하면\\[y(x)=\\int u(x) d x=\\frac{x^{4}}{5}-\\frac{C}{x}+K\\]가 구해진다. 이때 \\( C \\) 와 \\( K \\) 는 임의의 적분상수이다.</p> <h3>2. 독립변수가 없을 때(absent independent variable)</h3> <p>이 경우는 이계 미분방정식에서 독립변수 \\( x \\) 의 항이 없을 때이다. 이런 경우에는 \\( u=y^{\\prime} \\) 으로 놓으면, 합성함수의 미분법에 의해\\[y^{\\prime \\prime}=\\frac{d}{d x}\\left(\\frac{d y}{d x}\\right)=\\frac{d}{d x}\\left(y^{\\prime}\\right)=\\frac{d y^{\\prime}}{d y} \\frac{d y}{d x}=\\left(\\frac{d u}{d y}\\right) u\\]이므로, 주어진 미분방정식 \\( F\\left(y, y^{\\prime}, y^{\\prime \\prime}\\right)=0 \\) 은\\[F\\left(y, u, u \\frac{d u}{d y}\\right)=0\\]의 형태인 \\( y \\)를 독립변수, \\( u \\)를 종속변수로 된 일계 미분방정식이 되어 해를 구하면 \\( u \\) 가 \\( y \\) 에 관한 함수로 나타내어 지는데 이것을 적분하면 원래 주어진 미분방정식의 해를 구하게 된다.</p> <p>■예제 2</p> <p>미분방정식 \\( y^{\\prime \\prime}-2 y y^{\\prime}=0 \\) 에서는 \\( x \\) 의 항이 없으므로 위의 경우이다. \\[u=y^{\\prime}, \\quad u \\frac{d u}{d y}=y^{\\prime \\prime} \\]으로 놓으면\\[u \\frac{d u}{d y}-2 y u=0\\]이 되므로, \\( u \\neq 0 \\) 를 가정하면\\[\\frac{d u}{d y}=2 y, \\quad d u=2 y d y\\]가 된다. 이 미분방정식은 변수분리형이므로 해를 구하면\\[u=y^{2}+C\\]가 되고, 이때 \\( u=d y / d x \\) 이므로 윗식은\\[\\frac{d y}{d x}=y^{2}+C\\]또는\\[\\frac{d y}{y^{2}+C}=d x\\]가 된다. 이 미분방정식은 \\( C>0, C=0 \\) 또는 \\( C<0 \\)의 세 가지 경우에 각각 다른 해를 갖게 되는데 실제적인 계산은 미적분학에서의 방법을 써서 구할 수 있으므로 생략하겠다.</p> <h3>3. 한 개의 해를 알고 있는 경우 다른 해를 구할 때</h3> <p>미분방정식\\[y^{\\prime \\prime}+P(x) y^{\\prime}+Q(x) y=0\\]의 한 해 \\( y_{1}(x) \\) 를 알고 있을 때, \\( y_{2}(x)=v(x) y_{1}(x) \\) 로 놓아 이 함수가 주어진 미분방정식의 해가 되도록 \\( v(x) \\) 를 정해보자.\\( y_{2}(x) \\) 를 주어진 미분방정식에 대입하면\\[v y^{\\prime \\prime}+v^{\\prime \\prime} y_{1}+2 v^{\\prime} y_{1}^{\\prime}+P(x)\\left(v y_{1}^{\\prime}+v^{\\prime} y_{1}\\right)+Q(x) v y_{1}=0\\]이 되고, 다시 윗식을 정리하면\\[v^{\\prime \\prime} y_{1}+v^{\\prime}\\left[2 y_{1}^{\\prime}+P(x) y_{1}\\right]+v\\left[y_{1}^{\\prime \\prime}+P(x) y_{1}{ }^{\\prime}+Q(x) y_{1}\\right]=0\\]이 된다. 한편, \\( y_{1} \\) 가 주어진 미분방정식의 한 해이므로 윗식은 간단히\\[v^{\\prime \\prime} y_{1}+v^{\\prime}\\left[2 y_{1}^{\\prime}+P(x) y_{1}\\right]=0\\]이 되는데, 이것은 \\( y_{1} \\) 과 \\( v \\) 에 관하여 앞의 첫번째 경우에 해당하므로 \\( y_{1} \\neq 0 \\) 인 경우에 \\( v(x) \\)를 정할 수 있으므로 주어진 미분방정식의 다른 해를 구할 수 있으므로 일반해가 정해진다.</p> <p>■예제 3</p> <p>미분방정식 \\[y^{\\prime \\prime}+\\frac{3}{x} y^{\\prime}+\\frac{1}{x^{2}} y=0\\]에서 \\( y_{1}=1 / x \\) 이 한 해가 됨을 알 수 있다. 이 해를 이용하여 다른 해를 구하기 위하여 \\( y_{2}=v / x, v^{\\prime}=x \\) 로 놓아, 이것을 주어진 미분방정식에 대입하여 정리하면\\[u+\\frac{1}{x} u=0\\]이 된다. 이 미분방정식의 해를 구하면 \\( u=1 / x \\) 이고, \\( v(x) \\) 를 구하면\\[v(x)=\\int \\frac{1}{x} d x=\\ln |x|\\]가 되므로 \\( y_{2}(x)=(1 / x) \\ln |x| \\) 이다.</p>",
                "context_length": 3032,
                "summary": "계수의 감수란 이계 미분 방정식식\\(F\\left(x, y, y^{\\prime}, y^{\\prime \\prime}\\right)=0\\)을 일계 미분방정식으로 고쳐 해를 구하는 것으로 3가지 방법이 있다. 먼저 종속변수가 없을 때 \\( u=y^{\\prime} \\) 으로 놓아 일계 미분방정식\\(f\\left(x, u, u^{\\prime}\\right)=0\\) 꼴로 놓고 적분하여 \\(y\\)에 관한 해를 구한다. 독립변수가 없는 경우 역시 \\( u=y^{\\prime} \\)을 이용해 일계 미분방정식\\(f\\left(y, y^\\prime, y^{\\prime\\prime}\\right)=0\\) 꼴로 만들고 적분하여 해를 구한다. 마지막으로 한 개의 해를 알고 있는 경우 알고 있는 해를 대입 후 미분방정식의 한 해를 구하는 방식으로 진행한다.",
                "clue": [
                    {
                        "clue_text": "이계 미분방정식\\[F\\left(x, y, y^{\\prime}, y^{\\prime \\prime}\\right)=0\\]에서 \\( y \\)의 항이 없을 때, \\( u=y^{\\prime} \\) 으로 놓으면 주어진 이계 미분방정식은 \\( x \\)와 \\( u \\)에 관한 일계 미분방정식\\[f\\left(x, u, u^{\\prime}\\right)=0\\]이 되므로, 이것의 해를 구하여 적분을 하면 \\( y \\)에 관한 해를 구할 수 있다.",
                        "clue_start": "187",
                        "clue_end": "424"
                    },
                    {
                        "clue_text": "이 경우는 이계 미분방정식에서 독립변수 \\( x \\) 의 항이 없을 때이다. 이런 경우에는 \\( u=y^{\\prime} \\) 으로 놓으면, 합성함수의 미분법에 의해\\[y^{\\prime \\prime}=\\frac{d}{d x}\\left(\\frac{d y}{d x}\\right)=\\frac{d}{d x}\\left(y^{\\prime}\\right)=\\frac{d y^{\\prime}}{d y} \\frac{d y}{d x}=\\left(\\frac{d u}{d y}\\right) u\\]이므로, 주어진 미분방정식 \\( F\\left(y, y^{\\prime}, y^{\\prime \\prime}\\right)=0 \\) 은\\[F\\left(y, u, u \\frac{d u}{d y}\\right)=0\\]의 형태인 \\( y \\)를 독립변수, \\( u \\)를 종속변수로 된 일계 미분방정식이 되어 해를 구하면 \\( u \\) 가 \\( y \\) 에 관한 함수로 나타내어 지는데 이것을 적분하면 원래 주어진 미분방정식의 해를 구하게 된다.",
                        "clue_start": "832",
                        "clue_end": "1336"
                    },
                    {
                        "clue_text": "미분방정식\\[y^{\\prime \\prime}+P(x) y^{\\prime}+Q(x) y=0\\]의 한 해 \\( y_{1}(x) \\) 를 알고 있을 때, \\( y_{2}(x)=v(x) y_{1}(x) \\) 로 놓아 이 함수가 주어진 미분방정식의 해가 되도록 \\( v(x) \\) 를 정해보자.\\( y_{2}(x) \\) 를 주어진 미분방정식에 대입하면\\[v y^{\\prime \\prime}+v^{\\prime \\prime} y_{1}+2 v^{\\prime} y_{1}^{\\prime}+P(x)\\left(v y_{1}^{\\prime}+v^{\\prime} y_{1}\\right)+Q(x) v y_{1}=0\\]이 되고, 다시 윗식을 정리하면\\[v^{\\prime \\prime} y_{1}+v^{\\prime}\\left[2 y_{1}^{\\prime}+P(x) y_{1}\\right]+v\\left[y_{1}^{\\prime \\prime}+P(x) y_{1}{ }^{\\prime}+Q(x) y_{1}\\right]=0\\]이 된다.",
                        "clue_start": "1890",
                        "clue_end": "2394"
                    },
                    {
                        "clue_text": "한편, \\( y_{1} \\) 가 주어진 미분방정식의 한 해이므로 윗식은 간단히\\[v^{\\prime \\prime} y_{1}+v^{\\prime}\\left[2 y_{1}^{\\prime}+P(x) y_{1}\\right]=0\\]이 되는데, 이것은 \\( y_{1} \\) 과 \\( v \\) 에 관하여 앞의 첫번째 경우에 해당하므로 \\( y_{1} \\neq 0 \\) 인 경우에 \\( v(x) \\)를 정할 수 있으므로 주어진 미분방정식의 다른 해를 구할 수 있으므로 일반해가 정해진다.",
                        "clue_start": "2395",
                        "clue_end": "2658"
                    }
                ],
                "terminology": [
                    {
                        "word": "계수의 감수(reduction of order)"
                    },
                    {
                        "word": "독립변수"
                    },
                    {
                        "word": "미분방정식"
                    },
                    {
                        "word": "미분법"
                    },
                    {
                        "word": "미적분학"
                    },
                    {
                        "word": "변수분리형"
                    },
                    {
                        "word": "이계 미분방정식"
                    },
                    {
                        "word": "일계"
                    },
                    {
                        "word": "일계 미분방정식"
                    },
                    {
                        "word": "일반해"
                    },
                    {
                        "word": "적분"
                    },
                    {
                        "word": "적분상수"
                    },
                    {
                        "word": "종속변수"
                    },
                    {
                        "word": "함수"
                    },
                    {
                        "word": "합성함수"
                    },
                    {
                        "word": "합성함수의 미분법"
                    }
                ]
            },
            {
                "context_id": "55e-0c9-357e16a6-6151-4382-a90f-66ad26446925",
                "context_K-NSCC": {
                    "field": "자연",
                    "large_category": "NA",
                    "medium_category": "01"
                },
                "context": "<h2>2.6 선형비제차이계 미분방정식의 이론</h2> <p>여기서는 아래와 같은</p> <p>\\( y^{\\prime \\prime}+P(x) y^{\\prime}+Q(x) y=F(x) \\)<caption>(*)</caption></p> <p>형태의 비제차이계 미분방정식의 해에 관한 이론을 생각해 보자. 다음의 정리에 의해 제차미분 방정식</p> <p>\\( y^{\\prime \\prime}+P(x) y^{\\prime}+Q(x) y=0 \\)<caption>(**)</caption></p> <p>의 일반해와 (*)의 오직 한 개의 해를 알면, 비제차미분방정식 (**)의 모든 해를 구할 수 있다.</p> <h3>정리 2.5</h3> <p>구간 \\( J \\) 위에서 함수 \\( y_{1}(x) \\) 와 \\( y_{2}(x) \\) 가 제차미분방정식 \\( (* *) \\) 의 해의 한 기본계를 이루고, 또 구간 \\( J \\) 위에서 함수 \\( y_{p}(x) \\) 가 비제차미분방정식 \\( (*) \\) 의 한 해이면, 임의의 상수 \\( c_{1}, c_{2} \\) 에 대하여 함수\\[y(x)=c_{1} y_{1}(x)+c_{2} y_{2}(x)+y_{p}(x)\\]는 주어진 비제차미분방정식 \\( (*) \\) 의 해가 된다.</p> <p>[증명] \\( y(x) \\)를 구간 \\( J \\) 위에서 \\( \\left(^{*}\\right) \\) 의 해라고 하자. 이때 가정에 의해 \\( y_{p}(x) \\) 가 또한 주어진 비제차미분방정식의 해이므로</p> <p>\\( \\begin{aligned} {\\left[y^{\\prime \\prime}+P(x) y^{\\prime}+Q(x) y\\right] } &-\\left[y_{p}^{\\prime \\prime}+P(x) y_{p}^{\\prime}+Q(x) y_{p}\\right] \\\\ &=\\left(y-y_{p}\\right)^{\\prime \\prime}+P(x)\\left(y-y_{p}\\right)^{\\prime}+Q(x)\\left(y-y_{p}\\right) \\\\ &=F(x)-F(x)=0 \\end{aligned} \\)</p> <p>이 되므로 \\( y(x)-y_{p}(x) \\) 도 제차미분방정식 (* *)의 한 해가 된다. 한편, \\( y_{1}(x) \\) 와 \\( y_{2}(x) \\) 가 해의 기본계를 이루므로 \\( y(x)-y_{p}(x) \\) 는 이들의 일차결합으로 나타내어진다. 즉, 적당한 상수 \\( c_{1} \\), \\( c_{2} \\) 에 대하여 \\[y(x)-y_{p}(x)=c_{1} y_{1}(x)+c_{2} y_{2}(x)\\] 이므로 \\[y(x)=c_{1} y_{1}(x)+c_{2} y_{2}(x)+y_{p}(x)\\] 가 되어 원하는 결과가 된다.</p> <p>위에서 살핀 것과 같이 비제차미분방정식 \\( \\left(^{*}\\right) \\) 의 해를 구하는데는 제차미분방정식 (**)의 해를 구하는 것이 중요한 단계이다. 그래서 제차미분방정식(**)을 비제차미분방정식 (*)의 동반제차방정식(associated homogeneous equaion)이라고 하며, 흔히 \\( \\left(^{* *}\\right) \\) 의 일반해를 \\( y_{h}(x),\\left(^{*}\\right) \\) 의한 특수해를 \\( y_{p}(x) \\) 로 나타내어 \\[y_{h}(x)+y_{p}(x)\\]를 주어진 비제차미분방정식 (*)의 일반해(general solution)로 한다.</p> <p>■예제 1</p> <p>비제차미분방정식 \\[y^{\\prime \\prime}+4 y=e^{x}\\]의 동반제차방정식은 \\( y^{\\prime \\prime}+4 y=0 \\) 이고, 또 이 방정식의 해의 기본계는 \\( \\cos (2 x) \\) 와 \\( \\sin (2 x) \\) 이 므로 \\[y_{h}=c_{1} \\cos (2 x)+c_{2} \\sin (2 x)\\]가 된다. 한편, \\( y_{D}=\\frac{1}{5} e^{x} \\) 이 주어진 비제차미분방정식의 한 특수해임을 알 수 있으므로 일반해 는 임의의 상수 \\( c_{1}, c_{2} \\) 에 대하여\\[y=y_{h}+y_{p}=c_{1} \\cos (2 x)+c_{2} \\sin (2 x)+\\frac{1}{5} e^{x}\\]이 된다.</p> <p>■예제 2</p> <p>초기치 문제 \\[y^{\\prime \\prime}-4 y=x ; y(1)=3, \\quad y^{\\prime}(1)=-2\\]의 해를 구해 보자. 우선 주어진 비제차방정식의 동반제차방정식의 일반해는\\[y_{h}=c_{1} e^{2 x}+c_{2} e^{-2 x}\\]이고, \\( y_{p}=-\\frac{1}{4} x \\) 가 주어진 비제차미분방정식의 한 특수해이므로 일반해는\\[y=y_{h}+y_{p}=c_{1} e^{2 x}+c_{2} c^{-2 x}-\\frac{1}{4} x\\]</p> <p>가 된다. 이 함수가 초기조건 \\[\\begin{array}{l}y(1)=c_{1} e^{2}+c_{2} e^{-2}-\\frac{1}{4}=3 \\\\y^{\\prime}(1)=2 c_{1} e^{2}-2 c_{2} e^{-2}-\\frac{1}{4}=-2\\end{array}\\]를 만족해야 하므로, 이들을 풀면 \\[c_{1}=\\frac{19}{16 e^{2}} \\text { 와 } c_{2}=\\frac{33 e^{2}}{16}\\]을 얻고, 따라서 주어진 초기치 문제의 해는\\[y=\\frac{16}{16 e^{2}} e^{2 x}+\\frac{33 e^{2}}{16} e^{-2 x}-\\frac{1}{4} x \\]가 된다.</p>",
                "context_length": 2715,
                "summary": "비제차미분방정식의 해를 구하기 위해서 제차미분방정식의 해를 구해야한다. 그래서 제차미분방정식을 비제차미분방정식의 동반제차방정식이라고 하며 비제차미분방정식의 일반해가 된다.",
                "clue": [
                    {
                        "clue_text": "구간 \\( J \\) 위에서 함수 \\( y_{1}(x) \\) 와 \\( y_{2}(x) \\) 가 제차미분방정식 \\( (* *) \\) 의 해의 한 기본계를 이루고, 또 구간 \\( J \\) 위에서 함수 \\( y_{p}(x) \\) 가 비제차미분방정식 \\( (*) \\) 의 한 해이면, 임의의 상수 \\( c_{1}, c_{2} \\) 에 대하여 함수\\[y(x)=c_{1} y_{1}(x)+c_{2} y_{2}(x)+y_{p}(x)\\]는 주어진 비제차미분방정식 \\( (*) \\) 의 해가 된다.",
                        "clue_start": "355",
                        "clue_end": "623"
                    },
                    {
                        "clue_text": "위에서 살핀 것과 같이 비제차미분방정식 \\( \\left(^{*}\\right) \\) 의 해를 구하는데는 제차미분방정식 (**)의 해를 구하는 것이 중요한 단계이다. 그래서 제차미분방정식(**)을 비제차미분방정식 (*)의 동반제차방정식(associated homogeneous equaion)이라고 하며, 흔히 \\( \\left(^{* *}\\right) \\) 의 일반해를 \\( y_{h}(x),\\left(^{*}\\right) \\) 의한 특수해를 \\( y_{p}(x) \\) 로 나타내어 \\[y_{h}(x)+y_{p}(x)\\]를 주어진 비제차미분방정식 (*)의 일반해(general solution)로 한다.",
                        "clue_start": "1348",
                        "clue_end": "1683"
                    }
                ],
                "terminology": [
                    {
                        "word": "기본계"
                    },
                    {
                        "word": "동반제차방정식"
                    },
                    {
                        "word": "미분방정식"
                    },
                    {
                        "word": "방정식"
                    },
                    {
                        "word": "비제차"
                    },
                    {
                        "word": "비제차미분방정식"
                    },
                    {
                        "word": "비제차방정식"
                    },
                    {
                        "word": "비제차이계"
                    },
                    {
                        "word": "일반해"
                    },
                    {
                        "word": "일차결합"
                    },
                    {
                        "word": "제차미분 방정식"
                    },
                    {
                        "word": "제차미분방정식"
                    },
                    {
                        "word": "초기치 문제"
                    },
                    {
                        "word": "특수해"
                    },
                    {
                        "word": "함수"
                    }
                ]
            }
        ]
    }
}