{
    "dataset_info": {
        "identifier": "02-031-002-NL",
        "name": "기술과학 문서 요약 데이터",
        "category": "자연어",
        "last_updated": "2023-08-30"
    },
    "dataset": {
        "doc_id": "96aba9d6-95d3384f-1e30-4a51-a178-d03bf469a005",
        "doc_type": "도서",
        "doc_title": {
            "kor": "M657-(사범대생을 위한) 형대대수학",
            "eng": ""
        },
        "doc_category": {
            "KDC": "412",
            "DDC": ""
        },
        "doc_number": {
            "ISSN": "",
            "ISBN": "9788961056571",
            "DOI": "",
            "UCI": ""
        },
        "doc_year": "2013",
        "doc_author": [
            "박제남"
        ],
        "doc_publisher": "경문사",
        "doc_license": "저작권 협의됨",
        "context_info": [
            {
                "context_id": "55e-0c9-merge_96aba9d6-95d3384f-1e30-4a51-a178-d03bf469a005_02",
                "context_K-NSCC": {
                    "field": "자연",
                    "large_category": "NA",
                    "medium_category": "01"
                },
                "context": "<p>\\( 1: 59: 00: 15=1 + 59 \\times \\frac { 1 } { 60 } + 15 \\times \\frac { 1 } { 60 ^ { 3 } } = \\frac { 28561 } { 14400 } = \\frac { 169 ^ { 2 } } { 120 ^ { 2 } } \\)</p> <p>② 둘째 칸 1: 56: 56: 58: 14: 50: 06: 15 를 십진법으로 고치면</p> <p>\\( \\begin {aligned} 1: 56 ; 56: 58: 14 ; 50: 06: 15 \\\\=& 1 + 56 \\times \\frac { 1 } { 60 } + 56 \\times \\frac { 1 } { 60 ^ { 2 } } + 58 \\times \\frac { 1 } { 60 ^ { 3 } } + 14 \\times \\frac { 1 } { 60 ^ { 4 } } + 50 \\times \\frac { 1 } { 60 ^ { 5 } } + 6 \\times \\frac { 1 } { 60 ^ { 6 } } \\\\ & + 15 \\times \\frac { 1 } { 60 ^ { 7 } } \\\\=& \\frac { 23280625 } { 11943936 } = \\frac { 4825 ^ { 2 } } { 3456 ^ { 2 } } \\end {aligned} \\)</p> <h3>3) 두 수 \\( \\frac { 169 ^ { 2 } } { 120 ^ { 2 } } , \\frac { 4825 ^ { 2 } } { 3456 ^ { 2 } } \\) 을 살펴보면 점토에 새겨져 있는 수가 단지 피타고라스짝만을 의미하는 것이 아니라 삼각비와도 관련 있다는 것을 알 수 있다.</h3> <p>① 직각삼각형에서 \\( a=120, c=169 \\) 이면 그 사잇각 \\( \\theta \\) 는 \\( \\cos \\theta=120 / 169 \\) 에서 계산기를 쓰면 \\( \\theta=44.76 ^ {\\circ } \\) 이다.</p> <p>② 다시 말하면, 점토의 첫째 칸에 있는 수들은 직각 삼각형(특히, 피타고라스 삼각형)에서 밑변과 빗변의 비의 제곱을 알려주는 값이고 이것은 결국 cosine의 값을 나타내므로 점토판은 각도가 31.89도부터 44.76도에 이르는 삼각비를 나타낸 표이다. 이로부터 당시 바빌로니아인들이 삼각비의 값을 표로 만들어 사용했다는 것을 알 수 있다.</p>",
                "context_length": 1157,
                "summary": "( \\frac { 169 ^ { 2 } } { 120 ^ { 2 } } , \\frac { 4825 ^ { 2 } } { 3456 ^ { 2 } } \\)의 두 수는 피타고라스짝 뿐만아니라 삼각비와도 관련이 있다는 것을 알 수 있다. 직각삼각형에서 \\( a=120, c=169 \\)이면 사잇각 \\( \\cos \\theta=120 / 169 \\)이에 계산기를 쓰면 \\( \\theta=44.76 ^ {\\circ } \\) 이다.",
                "clue": [
                    {
                        "clue_text": "3) 두 수 \\( \\frac { 169 ^ { 2 } } { 120 ^ { 2 } } , \\frac { 4825 ^ { 2 } } { 3456 ^ { 2 } } \\) 을 살펴보면 점토에 새겨져 있는 수가 단지 피타고라스짝만을 의미하는 것이 아니라 삼각비와도 관련 있다는 것을 알 수 있다.",
                        "clue_start": "659",
                        "clue_end": "820"
                    },
                    {
                        "clue_text": "① 직각삼각형에서 \\( a=120, c=169 \\) 이면 그 사잇각 \\( \\theta \\) 는 \\( \\cos \\theta=120 / 169 \\) 에서 계산기를 쓰면 \\( \\theta=44.76 ^ {\\circ } \\) 이다.",
                        "clue_start": "829",
                        "clue_end": "954"
                    }
                ],
                "terminology": [
                    {
                        "word": "빗변"
                    },
                    {
                        "word": "사잇각"
                    },
                    {
                        "word": "삼각비"
                    },
                    {
                        "word": "십진법"
                    },
                    {
                        "word": "직각삼각형"
                    },
                    {
                        "word": "피타고라스 삼각형"
                    }
                ]
            },
            {
                "context_id": "55e-0c9-merge_96aba9d6-95d3384f-1e30-4a51-a178-d03bf469a005_01",
                "context_K-NSCC": {
                    "field": "자연",
                    "large_category": "NA",
                    "medium_category": "01"
                },
                "context": "<p>천체 관측에 따른 계산에서 필요로 하는 삼각비를 구한 프톨레마이오스(Ptolemy)의 현표를 소개하였다. 프톨레마이오스는 중심각이 \\( \\frac { 1 } { 2 } { } ^ {\\circ } \\) 에서 \\( 180 ^ {\\circ } \\) 까지 \\( \\frac { 1 } { 2 } \\) 도 간격으로 이에 해당하는 현의 길이 360 개를 구했는데 그의 계산방법을 알아보았다.</p> <p>10 세기 경에 아랍 수학자들에 의하여 피타고라스짝이 모두 구해진다. 피타고라스, 플라톤, 그리고 디오판토스가 일부 피타고라스짝을 어떻게 구했는지 소개하였다. 또한 피타고라스짝에서 만들어지는 삼각형의 넓이를 피타고라스수라 부른다(예를 들면 \\( (3,4,5) \\) 가 피타고라스짝이므로 6 은 피타고라스수이다). 피타고라스수를 만드는 방법을 알아보았다.</p> <h2>3.1 삼각비와 피타고라스짝(Plimpton 322)</h2> <p>점토판의 크기는 \\( 13 \\times 9 \\times 2 \\mathrm { ~cm } \\) 이다. 뉴욕에서 출판업을 하는 George A. Plimpton의 이름에서 따왔는데 그는 역사적인 수학책 등의 모든 소장품을 1930 년대 중반에 콜럼비아대학에 기증하였다. 그는 이 점토판을 1922년 경에 Edgar J. Banks로부터 10달러에 구입하였는데 Banks는 이 점토판을 이라크 남쪽 Senkereh로 불리는 유적지에서 구했다고 한다. Senkereh의 옛 지명은 Larsa이다. 기원전 1900 년에서 기원전 1600 년 사이로 연대가 추정되며 60 진법으로 쓰여져 있다.</p> <h3>1) Plimpton 322 의 오류 수정</h3> <p>플림톤에는 세 군데 오류가 있다. 먼저 이를 수정해보자.</p> <p>① 첫 번째 오류 : 9째 줄</p> <p>점토판을 만드는 과정에서 8: 1 을 9: 1 로 단순히 잘못 기입한 것으로 짐작할 수 있다. \\( 8: 1=8 \\times 60 + 1=481 \\) 로 고치면 피타고라스짝(481,600,769) 를 얻는다.</p> <p>② 두 번째 오류: 13 째 줄</p> <p>점토판을 만드는 과정에서 25921 의 제곱근 \\( 161=2 \\times 60 + 41=2: 41 \\) 을 점토판에 써 넣어야하는데 이를 잊고 \\( 25921=7: 21: 1 \\) 로 잘못 기입한 것으로 추측할 수 있다.</p> <p>③ 세 번째 오류 : 15 째 줄</p> <p>두 수 56,53 으로는 피타고라스짝을 만들 수 없다. 그러나 53 의 2 배 106 을 사용하면 (56,90,106)은 피타고라스짝이다. 따라서 점토판에 있는 53 은 \\( 106=1: 46 \\) 으로 바꾸어야한다.</p> <h3>2) 60진법을 10 진법으로 고쳐보자.</h3> <p>① 첫째 칸 1: 59: 00: 15를 십진법으로 고치면</p>",
                "context_length": 1399,
                "summary": "1922년에 Edgar J. Banks로부터 10달러에 점토판을 구입한 사람은 피타고라스 수를 생성하는 방법에 대해 연구하였다. 그는 피타고라스, 플라톤, 디오판토스가 피타고라스짝을 생성하는 방법에 대해 소개하였다. 특히, 피타고라스짝으로부터 생성된 삼각형의 넓이를 '피타고라스 수'라고 명명하였다. 예를 들어, \\( (3,4,5) \\) 가 피타고라스짝이면, 그로부터 유도되는 넓이 6은 피타고라스 수이다.",
                "clue": [
                    {
                        "clue_text": "그는 이 점토판을 1922년 경에 Edgar J. Banks로부터 10달러에 구입하였는데 Banks는 이 점토판을 이라크 남쪽 Senkereh로 불리는 유적지에서 구했다고 한다.",
                        "clue_start": "615",
                        "clue_end": "714"
                    },
                    {
                        "clue_text": "피타고라스수를 만드는 방법을 알아보았다.",
                        "clue_start": "397",
                        "clue_end": "419"
                    },
                    {
                        "clue_text": "피타고라스, 플라톤, 그리고 디오판토스가 일부 피타고라스짝을 어떻게 구했는지 소개하였다. 또한 피타고라스짝에서 만들어지는 삼각형의 넓이를 피타고라스수라 부른다(예를 들면 \\( (3,4,5) \\) 가 피타고라스짝이므로 6 은 피타고라스수이다).",
                        "clue_start": "261",
                        "clue_end": "396"
                    }
                ],
                "terminology": [
                    {
                        "word": "Plimpton 322"
                    },
                    {
                        "word": "삼각비"
                    },
                    {
                        "word": "제곱근"
                    },
                    {
                        "word": "플림톤"
                    },
                    {
                        "word": "피타고라스수"
                    },
                    {
                        "word": "피타고라스짝"
                    }
                ]
            },
            {
                "context_id": "55e-0c9-merge_96aba9d6-95d3384f-1e30-4a51-a178-d03bf469a005_05",
                "context_K-NSCC": {
                    "field": "자연",
                    "large_category": "NA",
                    "medium_category": "01"
                },
                "context": "<p>현표를 바탕으로 보면 프톨레마이오스는 \\( \\sqrt { 2 } \\risingdotseq \\frac { 577 } { 408 } , \\sqrt { 3 } \\risingdotseq \\frac { 374123 } { 216000 } \\), 그리고 \\( \\pi \\) 를 \\( \\frac { 377 } { 120 } \\risingdotseq 3.1416666 \\) 으로 사용하였다.</p> <p>(1) 프톨레마이오스의 계산방법을 살펴보자.</p> <p>이제 원의 반지름 \\( r \\) 을 60 으로 하여 내용을 전개하자. 중심각이 \\( \\alpha \\) 인 현(chord)의 길이를 \\( crd \\alpha \\) 로 표시하자. 먼저, 원을 \\( n \\) 등분한 중심각의 현의 길이를 \\( c_ { n } \\) 이라 하면</p> <p>\\( c_ { n } = \\operatorname { crd } \\left ( \\frac { 360 ^ {\\circ } } { n } \\right ) \\)</p> <p>그림에서 지름이 \\( A C(=2 r=120) \\) 이고 원의 중심을 \\( D \\)라 하자.</p> <p>(a) \\( D C \\) 의 중심을 \\( E \\)</p> <p>(b) \\( B E=E F \\)</p> <p>인 \\( E, F \\) 를 잡자. 이때 프톨레마이오스는 다음을 얻는다.</p> <p>\\( D F=c_ { 10 } , B F=c_ { 5 } \\)</p> <p>먼저 \\( D F=c_ { 10 } \\) 인 이유는 원에 내접하는 정 10 각형의 한 변의 길이는 \\( D F \\) 이다. 그 이유를 살펴보자. \\( E B ^ { 2 } =r ^ { 2 } + (r / 2) ^ { 2 } , E B= \\frac { 1 } { 2 } r \\sqrt { 5 } \\) 이고 따라서</p> <p>\\( D F=E B-D E= \\frac { 1 } { 2 } r \\sqrt { 5 } - \\frac { 1 } { 2 } r= \\frac { 1 } { 2 } r( \\sqrt { 5 } -1) \\)</p> <p>이다. 오른쪽 그림에서 닮은비를 사용하면</p> <p>\\( \\frac { r } { x } = \\frac { x } { r-x } , x ^ { 2 } + r x-r ^ { 2 } =0 \\)</p>",
                "context_length": 1120,
                "summary": "프톨레마이오스는 원의 반지름과 중심각을 기반으로 \\(\\sqrt{2}, \\sqrt{3}, \\pi\\)를 계산하여 \\(577/408, 374123/216000, 377/120\\)으로 표현하였다. \\( D F=c_ { 10 } \\) 가 되는 이유는 원에 내접하는 정 10 각형의 한 변의 길이는 \\( D F \\) 이다.",
                "clue": [
                    {
                        "clue_text": "현표를 바탕으로 보면 프톨레마이오스는 \\( \\sqrt { 2 } \\risingdotseq \\frac { 577 } { 408 } , \\sqrt { 3 } \\risingdotseq \\frac { 374123 } { 216000 } \\), 그리고 \\( \\pi \\) 를 \\( \\frac { 377 } { 120 } \\risingdotseq 3.1416666 \\) 으로 사용하였다.",
                        "clue_start": "3",
                        "clue_end": "212"
                    },
                    {
                        "clue_text": "먼저 \\( D F=c_ { 10 } \\) 인 이유는 원에 내접하는 정 10 각형의 한 변의 길이는 \\( D F \\) 이다.",
                        "clue_start": "711",
                        "clue_end": "779"
                    }
                ],
                "terminology": [
                    {
                        "word": "내접"
                    },
                    {
                        "word": "닮은비"
                    },
                    {
                        "word": "전개"
                    }
                ]
            },
            {
                "context_id": "55e-0c9-merge_96aba9d6-95d3384f-1e30-4a51-a178-d03bf469a005_00",
                "context_K-NSCC": {
                    "field": "자연",
                    "large_category": "NA",
                    "medium_category": "01"
                },
                "context": "<h1>제3장 피타고라스짝</h1> <p>방정식 \\( X ^ { 2 } + Y ^ { 2 } = Z ^ { 2 } \\) 양의 정수해 \\( (a, b, c) \\) 를 피타고라스짝(Pythagorean triple)이라 부른다. 2009 개정 교육과정 수학(3)에서 처음으로 피타고라스짝을 도입 정의하고 있다. 각 변의 길이가 정수인 삼각형을 피타고라스 삼각형이라 하고 이때의 넓이를 피타고라스 수(Pythagorean number)라 한다.</p> <p>이와 같은 정의를 바탕으로 현재까지 진행되고 있는 정수론적 발전을 요약하면 다음과 같다.</p> <p>피타고라스 정리에서 가장 오래되고 중요한 결과는 \\( \\sqrt { 2 } \\) 가 유리수가 아니라는 것이다. 이는 히파수스(Hippasos)의 발견으로 여겨지며 이를 파타고라스 학파는 비밀로 하기로 했으나 히파수스는 이를 어기고 발설을 하였다. 필자는 히파수스의 행동을 지동설을 주장한 갈릴레이의 위대한 행동과 비교하곤 한다. 히파수스에 변절 이후 Plato은 유리수가 아닌 수의 발견에 대한 중요성을 인지하고 곧 이를 “정사각형의 대각선과 변의 비가 유리수가 아니라는 것을 모르면 인간으로 불릴 자격이 없다\"70)로 표현하였다. 환원하면 2 개의 피타고라스 삼각형으로 나누어지는 정사각형은 존재하지 않는다. 3 개로 나누어지는 정사각형이 존재하지 못하는 거도 쉽게 보일 수 있지만 4개로 나눌 수 없다는 완벽한 증명은 학부 수준을 넘어 선다. 즉, 곡선(Elliptic curve)</p> <p>\\( y ^ { 2 } =x(x + 1)(x-4)=x ^ { 3 } -3 x ^ { 2 } -4 x \\)</p> <p>의 유리수인 해 \\( (x, y) \\) 를 찾는 문제이다 \\( (x>4) \\). 환원하면 \\( \\operatorname { gcd } (a, b)=1 \\) 인 두 피타고라스짝 \\( (a, a + b, m),(b, a + b, n) \\) 은 존재하지 않는다는 것이다. 결국 \\( m \\geq 5 \\) 일 때, \\( m \\) 개의 피타고라스 삼각형으로 나누어지는 정사각형은 존재한다. 한편, 페르마는 넓이가 1이고 각 변의 길이가 유리수인 직각삼각형이 존재하지 못한다는 것을 증명하였다. 157인 경우는 존재한다. 그러나 일반적인 수에 대하여는 아직 해결을 못하고 있다.</p> <p>본 장에서는 삼각비와 피타고라스짝을 다룬다. 연대가 B.C. 1900 B.C. 1600으로 추정되는 고대 바빌로나아인의 점토판(Plimpton 322 )을 자세히 알아보았다. Plimpton 322 는 삼각비로 말하면 각도가 \\( 44.76 ^ {\\circ } \\) 에서 \\( 31.89 ^ {\\circ } \\) 까지 15 개로 나누어 이에 대한 \\( (1 / \\cos \\theta) ^ { 2 } \\) 을 기록한 것이고 피타고라스짝으로 말하면 \\( (119,120,169),(3367,3456,4825), \\cdots \\) 등 모두 15 개를 기록한 것이다. 이와 같이 정수 입장에서 보면 삼각비나 피타고라스짝은 같은 개념이다.</p>",
                "context_length": 1504,
                "summary": "피타고라스 정리의 가장 오래된 결과는 \\(\\sqrt{2}\\)가 유리수가 아닌 것이며, 히파수스가 비밀로 하던 그것을 발견하고 발표하였다. 환원하면 2개의 피타고라스 삼각형으로 나누어지는 정사각형은 존재하지 않고 3개로 나누어지는 정사각형도 존재하지 않으며 4개로 나눌 수 없다는 완벽한 증명은 학부 수준을 넘어서고 페르마는 넓이가 1이고 각 변의 길이가 유리수인 직각삼각형이 존재하지 않는다는 것을 증명하였다.",
                "clue": [
                    {
                        "clue_text": "피타고라스 정리에서 가장 오래되고 중요한 결과는 \\( \\sqrt { 2 } \\) 가 유리수가 아니라는 것이다.",
                        "clue_start": "310",
                        "clue_end": "371"
                    },
                    {
                        "clue_text": "이는 히파수스(Hippasos)의 발견으로 여겨지며 이를 파타고라스 학파는 비밀로 하기로 했으나 히파수스는 이를 어기고 발설을 하였다.",
                        "clue_start": "372",
                        "clue_end": "447"
                    },
                    {
                        "clue_text": "환원하면 2 개의 피타고라스 삼각형으로 나누어지는 정사각형은 존재하지 않는다.",
                        "clue_start": "608",
                        "clue_end": "651"
                    },
                    {
                        "clue_text": "3 개로 나누어지는 정사각형이 존재하지 못하는 거도 쉽게 보일 수 있지만 4개로 나눌 수 없다는 완벽한 증명은 학부 수준을 넘어 선다.",
                        "clue_start": "652",
                        "clue_end": "727"
                    },
                    {
                        "clue_text": "한편, 페르마는 넓이가 1이고 각 변의 길이가 유리수인 직각삼각형이 존재하지 못한다는 것을 증명하였다.",
                        "clue_start": "1036",
                        "clue_end": "1093"
                    }
                ],
                "terminology": [
                    {
                        "word": "Elliptic curve"
                    },
                    {
                        "word": "gcd"
                    },
                    {
                        "word": "방정식"
                    },
                    {
                        "word": "삼각비"
                    },
                    {
                        "word": "양의 정수해"
                    },
                    {
                        "word": "유리수"
                    },
                    {
                        "word": "정수"
                    },
                    {
                        "word": "정수해"
                    },
                    {
                        "word": "지동설"
                    },
                    {
                        "word": "직각삼각형"
                    },
                    {
                        "word": "피타고라스 삼각형"
                    },
                    {
                        "word": "피타고라스 수"
                    },
                    {
                        "word": "피타고라스 수(Pythagorean number)"
                    },
                    {
                        "word": "피타고라스 정리"
                    },
                    {
                        "word": "피타고라스짝"
                    },
                    {
                        "word": "피타고라스짝(Pythagorean triple)"
                    },
                    {
                        "word": "해"
                    },
                    {
                        "word": "환원"
                    },
                    {
                        "word": "히파수스"
                    }
                ]
            }
        ]
    }
}