{
    "dataset_info": {
        "identifier": "02-031-002-NL",
        "name": "기술과학 문서 요약 데이터",
        "category": "자연어",
        "last_updated": "2023-08-30"
    },
    "dataset": {
        "doc_id": "96aba9d6-558e87dd-792b-4f2c-94b5-80c406a5104b",
        "doc_type": "도서",
        "doc_title": {
            "kor": "M521-기초정수론",
            "eng": ""
        },
        "doc_category": {
            "KDC": "412.9",
            "DDC": ""
        },
        "doc_number": {
            "ISSN": "",
            "ISBN": "9788961055215",
            "DOI": "",
            "UCI": ""
        },
        "doc_year": "2012",
        "doc_author": [
            "오정환",
            "이준복"
        ],
        "doc_publisher": "경문사",
        "doc_license": "저작권 협의됨",
        "context_info": [
            {
                "context_id": "55e-0c9-2da24da9-2b8b-41de-9f29-609805a163f6",
                "context_K-NSCC": {
                    "field": "자연",
                    "large_category": "NA",
                    "medium_category": "01"
                },
                "context": "<h1>7.1 가우스 함수</h1> <p>가우스 함수 \\( [x] \\)는 6장에서 소개하였다. \\( [x] \\)는 \\( [x] \\leq x<[x]+1 \\)을 만족시키는 유일한 정수이다. 또한 \\( p^{k} \\mid n \\)이고 \\( p^{k+1} \\nmid n \\)이면 \\( p^{k} \\| n \\)이라고 정의하자. 다음 정리는 가우스 함수 \\( [x] \\)의 많은 기본 성질을 포함하고 있다.</p> <p>정리 7.1 실수 \\( x, y \\)에 대하여 다음 성질을 만족한다.</p> <ol type=1 start=1><li>\\( [x] \\leq x<[x]+1, x-1<[x] \\leq x, 0 \\leq x-[x]<1 \\)</li> <li>\\( x \\geq 0 \\) 이면 \\( [x]=\\sum_{1 \\leq i \\leq x} 1 \\) 이다.</li> <li>\\( [x]+[y] \\leq[x+y] \\leq[x]+[y]+1 \\)</li> <li>\\( m \\) 이 양의 정수이면 \\( \\left[\\frac{[x]}{m}\\right]=\\left[\\frac{x}{m}\\right] \\) 이다.</li> <li>\\( n \\)과 \\( a \\)가 양의 정수이면 \\( \\left[\\frac{n}{a}\\right] \\)은 \\( 1,2, \\cdots, n \\) 중에서 \\( a \\)의 배수의 개수이다.</li></ol> <p>증명 (1), (2)는 정의에 의해 당연하다. \\( n, m \\)은 정수 그리고 \\( 0 \\leq a, b<1 \\)에 대해 \\( x=n+a, y=m+b \\)라 놓으면 \\[ \\begin{aligned} {[x]+[y] } &=n+m \\leq[n+a+m+b]=[x+y] \\\\ &=n+m+[a+b] \\leq n+m+1=[x]+[y]+1 \\end{aligned} \\] 이다. 그러므로 (3)이 성립하고 (4)를 증명하기 위하여 \\[ x=n+a, n=q m+r, 0 \\leq a<1,0 \\leq r \\leq m-1 \\] 이라 하면 \\( 0 \\leq r+a<m \\) 이므로 \\[ \\left[\\frac{x}{m}\\right]=\\left[\\frac{q m+r+a}{m}\\right]=q+\\left[\\frac{r+a}{m}\\right]=q \\] 이고 \\[ [\\underline{[x]}]=[\\underline{n}]=\\left[q+\\frac{r}{\\underline{n}]}\\right]=q \\]이다. 따라서 (4)가 성립한다. (5)를 증명하기 위하여 \\( a, 2 a, \\cdots, j a \\)를 \\( n \\)보다 작거나 같은 \\( a \\)의 모든 배수라 하면 \\( j a \\leq n<(j+1) a \\)이다. 따라서 \\( j \\leq \\frac{n}{a}<j+1 \\), 즉 \\( \\left[\\frac{n}{a}\\right]=j \\)이다.</p> <p>정리 7.2 \\( n \\)은 양의 정수, \\( p \\)는 소수, 그리고 \\( p^{e} \\| n ! \\)이면 \\[ e=\\sum_{k=1}^{\\infty}\\left[\\frac{n}{p^{k}}\\right] \\] 이다.</p> <p>증명 만일 \\( p^{k}>n \\)이면 \\( \\left[\\frac{n}{p^{k}}\\right]=0 \\)이다. 따라서 사실상 \\( \\sum_{k=1}^{\\infty}\\left[\\frac{n}{p^{k}}\\right] \\) 은 무한급수가 아니다. 정리 7.1의 (5)에 의하여 \\( 1,2, \\cdots, n \\) 중에서 \\( p \\)의 배수의 개수는 \\( \\left[\\frac{n}{p}\\right] \\)이다. 마찬가지로 \\( 1,2, \\cdots, n \\) 중에서 \\( p^{2}, p^{3}, \\cdots, p^{k} \\)의 배수의 개수는 각각 \\[ \\left[\\frac{n}{p^{2}}\\right],\\left[\\frac{n}{p^{3}}\\right], \\cdots,\\left[\\frac{n}{p^{k}}\\right] \\] 이다. 따라서 \\( p^{e} \\)가 \\( n ! \\)를 나눌 수 있는 가장 큰 \\( e \\)는 \\[ e=\\sum_{k=1}^{\\infty}\\left[\\frac{n}{p^{k}}\\right] \\] 이다.</p> <p>보기 7.1 \\( 30 ! \\)에서 0이 아닌 수가 몇 번째 자리에서 처음 나타나는가?</p> <p>\\( e \\)와 \\( f \\)를 각각 \\( 5^{e} \\| 30 ! \\), \\( 2^{f} \\| 30 ! \\)인 정수라면 \\( \\\\e=\\left[\\frac{30}{5}\\right]+\\left[\\frac{30}{25}\\right]=6+1=7 \\) \\( \\\\f=\\left[\\frac{30}{2}\\right]+\\left[\\frac{30}{4}\\right]+\\left[\\frac{30}{8}\\right]+\\left[\\frac{30}{16}\\right] =15+7+3+1=26 \\) 따라서 \\( 10^{n} \\| 30! \\)인 \\( n \\)은 7이므로 8번째 자리에서 0이 아닌 수가 처음 나온다.</p> <p>정리 7.3 \\( n \\)과 \\( r \\)을 \\( 1 \\leq r \\leq n \\)인 정수라 하면 이항계수 \\[ \\left(\\begin{array}{l} n \\\\ r \\end{array}\\right)=\\frac{n !}{r !(n-r) !} \\] 은 정수이다.</p> <p>증명 임의의 소수 \\( p \\)에 대하여 \\( e, f \\)를 각각 \\( p^{e} \\| r !(n-r) ! \\)이고 \\( p^{f} \\| n !\\) 인 정수라 하면 \\[ e=\\sum_{k=1}^{\\infty}\\left[\\frac{r}{p^{k}}\\right]+\\sum_{k=1}^{\\infty}\\left[\\frac{n-r}{p^{k}}\\right] \\leq \\sum_{k=1}^{\\infty}\\left[\\frac{r+n-r}{p^{k}}\\right]=f \\] 이다. 따라서 이항계수 \\( \\left(\\begin{array}{l}n \\\\ r\\end{array}\\right)=\\frac{n !}{r !(n-r) !} \\)은 정수이다.</p>",
                "context_length": 2931,
                "summary": "[정리 7.1] 실수 \\( x, y \\)에 대하여 다음 성질을 \\[ 1. \\quad [x] \\leq x<[x]+1, x-1<[x] \\leq x, 0 \\leq x-[x]<1 \\] \\[ 2. \\quad x \\geq 0 이면 [x]=\\sum_{1 \\leq i \\leq x} 1 이다.\\] \\[ 3. \\quad [x]+[y] \\leq[x+y] \\leq[x]+[y]+1 \\] \\[ 4. \\quad m이 ~양의 ~정수이면 \\left[\\frac{[x]}{m}\\right]=\\left[\\frac{x}{m}\\right] 이다. \\] \\[ 5. \\quad n과 a가 양의 정수이면 \\left[\\frac{n}{a}\\right] 은 1,2, \\cdots, n 중에서 a의 배수의 개수이다.\\] 만족한다. [정리 7.2] 양의 정수가 \\( n \\), 소수가 \\( p \\), 그리고 \\( p^{e} \\| n ! \\)이면 \\[ e=\\sum_{k=1}^{\\infty}\\left[\\frac{n}{p^{k}}\\right] \\] 이다. [정리 7.3] \\(n\\)과 \\(r\\)을 \\( 1 \\leq r \\leq n \\)인 정수라 하면 이항계수 \\[\\left(\\begin{array}{l} n \\\\ r \\end{array}\\right)=\\frac{n !}{r !(n-r) !}\\]은 정수이다.",
                "clue": [
                    {
                        "clue_text": "가우스 함수 \\( [x] \\)는 6장에서 소개하였다.",
                        "clue_start": "23",
                        "clue_end": "52"
                    },
                    {
                        "clue_text": "정리 7.1 실수 \\( x, y \\)에 대하여 다음 성질을 만족한다.",
                        "clue_start": "229",
                        "clue_end": "267"
                    },
                    {
                        "clue_text": "정리 7.2 \\( n \\)은 양의 정수, \\( p \\)는 소수, 그리고 \\( p^{e} \\| n ! \\)이면 \\[ e=\\sum_{k=1}^{\\infty}\\left[\\frac{n}{p^{k}}\\right] \\] 이다.",
                        "clue_start": "1371",
                        "clue_end": "1491"
                    }
                ],
                "terminology": [
                    {
                        "word": "가우스 함수"
                    },
                    {
                        "word": "무한급수"
                    },
                    {
                        "word": "배수"
                    },
                    {
                        "word": "소수"
                    },
                    {
                        "word": "실수"
                    },
                    {
                        "word": "이항계수"
                    },
                    {
                        "word": "함수"
                    }
                ]
            },
            {
                "context_id": "55e-0c9-2d60220c-76c6-467b-a885-22b77374d275",
                "context_K-NSCC": {
                    "field": "자연",
                    "large_category": "NA",
                    "medium_category": "01"
                },
                "context": "<p>정리 7.17 만일 \\( p \\)와 \\( q=2 p+1 \\)이 소수이면 \\( q \\)는 \\( M_{p} \\)와 \\( M_{p}+2 \\) 중 오직 하나의 약수이다.</p> <p>증명 페르마의 작은 정리에 의하여 \\[ 2^{q-1}-1 \\equiv 0(\\bmod q) \\] 이다. 따라서 \\[ \\left(2^{\\frac{q-1}{2}}-1\\right)\\left(2^{\\frac{q-1}{2}}+1 \\right) \\equiv \\left(2^{p}-1\\right)\\left(2^{p}+1\\right) \\equiv 0(\\bmod q) \\] 즉, \\( M_{p}\\left(M_{p}+2\\right) \\equiv 0( \\bmod q) \\)이다. 따라서 \\( q \\mid M_{p} \\) 또는 \\( q \\mid M_{p}+2 \\)이다. 그러나 \\( q \\)가 \\( M_{p} \\)와 \\( M_{p}+2 \\)를 동시에 나눌 수는 없다. 왜냐하면 동시에 나누는 경우에 \\( q \\mid 2 \\)이므로 모순이다.</p> <p>보기 7.6</p> <p>\\( p=23 \\)과 \\( q=2 p+1=47 \\)은 소수이므로 \\( 47 \\mid M_{23} \\) 또는 \\( 47 \\mid M_{23}+2 \\)이다. 그런데 \\[ 2^{23} \\equiv 2^{3}\\left(2^{5}\\right)^{4} \\equiv 2^{3} \\cdot(-15)^{4}( \\bmod 47) \\] 이고 \\( (-15)^{4}=(225)^{2} \\equiv(-10)^{2} \\equiv 6( \\bmod 47) \\) 이므로 \\[ 2^{23} \\equiv 2^{3} \\cdot 6 \\equiv 48 \\equiv 1(\\bmod 47) \\] 이다. 따라서 \\( M_{23} \\)이 합성수임을 알 수 있다.</p> <p>정리 7.18 \\( q=2 n+1 \\)가 소수이면 다음을 만족한다.</p> <ol type=1 start=1><li>\\( q \\equiv \\pm 1( \\bmod 8) \\) 이면 \\( q \\mid M_{n} \\)</li> <li>\\( q \\equiv \\pm 3( \\bmod 8) \\)이면 \\( q \\mid M_{n}+2 \\)</li></ol> <p>증명 \\( q \\mid M_{n} \\)이라는 사실은 \\[ 2^{ \\frac{q-1}{2}} = 2^{n} \\equiv 1( \\bmod q) \\] 와 동치이므로 르장드르 심벌로 나타내면 \\( \\left( \\frac{2}{q}\\right)=1 \\)과 동치이다. 따라서 \\( q \\equiv \\pm 1(\\bmod 8) \\)이면 \\( \\left( \\frac{2}{q} \\right)=1 \\), 즉 \\( q \\mid M_{n} \\)이다. 마찬가지로 (2)의 결과를 얻을 수 있다.</p> <p>따름정리 7.19 \\( p \\)와 \\( q = 2 p+1 \\)가 소수라 하자. \\( p \\equiv 3( \\bmod 4) \\)이면 \\( q \\mid M_{p} \\) 그리고 \\( p \\equiv 1 \\) \\( (\\bmod 4) \\)이면 \\( q \\nmid M_{p} \\)이다.</p> <p>증명 \\( p=4 k+3 \\)이면 \\( q=8 k+7 \\)이고 \\( p=4 k+1 \\)이면 \\( q=8 k+3 \\)이므로 정리 7.18에 의하여 그 결과를 얻는다.</p>",
                "context_length": 1597,
                "summary": "만일 \\( p \\)와 \\( q\\)가 \\(2 p+1 \\)의 소수이면 \\( q \\)는 \\( M_{p} \\)와 \\( M_{p}+2 \\) 중 오직 하나의 약수이며, \\( q \\equiv \\pm 3\\)이면 \\( q \\mid M_{n}+2 \\), \\( q \\equiv \\pm 1\\) 이면 \\( q \\mid M_{n} \\)이다. 만약 \\( p=4 k+3 \\)이면 \\( q=8 k+7 \\)이고 \\( p=4 k+1 \\)이면 \\( q=8 k+3 \\)이므로, \\( p \\equiv 3\\)이면 \\( q \\mid M_{p} \\) 그리고 \\( p \\equiv 1 \\) 이면 \\( q \\nmid M_{p} \\)이다.",
                "clue": [
                    {
                        "clue_text": "만일 \\( p \\)와 \\( q=2 p+1 \\)이 소수이면 \\( q \\)는 \\( M_{p} \\)와 \\( M_{p}+2 \\) 중 오직 하나의 약수이다.",
                        "clue_start": "11",
                        "clue_end": "93"
                    },
                    {
                        "clue_text": "\\( q \\equiv \\pm 3( \\bmod 8) \\)이면 \\( q \\mid M_{n}+2 \\)",
                        "clue_start": "1003",
                        "clue_end": "1056"
                    },
                    {
                        "clue_text": "\\( q \\equiv \\pm 1( \\bmod 8) \\) 이면 \\( q \\mid M_{n} \\)",
                        "clue_start": "941",
                        "clue_end": "993"
                    },
                    {
                        "clue_text": "\\( p \\equiv 3( \\bmod 4) \\)이면 \\( q \\mid M_{p} \\) 그리고 \\( p \\equiv 1 \\) \\( (\\bmod 4) \\)이면 \\( q \\nmid M_{p} \\)이다.",
                        "clue_start": "1385",
                        "clue_end": "1494"
                    },
                    {
                        "clue_text": "증명 \\( p=4 k+3 \\)이면 \\( q=8 k+7 \\)이고 \\( p=4 k+1 \\)이면 \\( q=8 k+3 \\)이므로 정리 7.18에 의하여 그 결과를 얻는다.",
                        "clue_start": "1502",
                        "clue_end": "1593"
                    }
                ],
                "terminology": [
                    {
                        "word": "동치"
                    },
                    {
                        "word": "르장드르 심벌"
                    },
                    {
                        "word": "소수"
                    },
                    {
                        "word": "페르마의 작은 정리"
                    },
                    {
                        "word": "합성수"
                    }
                ]
            },
            {
                "context_id": "55e-0c9-5d0d597d-408c-4f4b-9bd0-ae0fd8384031",
                "context_K-NSCC": {
                    "field": "자연",
                    "large_category": "NA",
                    "medium_category": "01"
                },
                "context": "<h1>7.4 완전수와 메르센 소수</h1> <p>산술 함수 이론의 응용으로서 완전수(perfect number)에 관하여 알아보자. 완전수에 관한 문제는 오래전부터 다루어져 왔으나 아직도 많은 미해결 문제를 가지고 있다.</p> <p>정의 7.4 양의 정수 \\( n \\)이 \\( n \\)의 모든 양의 약수의 합과 같을 때, 즉 \\( \\sigma(n)=2 n \\)일 때 \\( n \\)을 완전수라 한다.</p> <p>예를 들어 \\( \\sigma(6)=1+2+3+6=2 \\cdot 6 \\) \\[\\sigma(28)=1+2+4+7+14+28=2 \\cdot 28\\] 이므로 6과 28은 완전수이다. 496도 8128도 완전수가 됨을 쉽게 알 수 있다. 우리는 다음과 같은 당연한 질문을 생각할 수 있을 것이다.</p> <ol type=1 start=1><li>어떻게 완전수를 찾을 수 있는가?</li> <li>완전수는 무한히 많은가?</li> <li>\\( n \\) 번째 완전수는 \\( n \\) 자릿수인가?</li> <li>짝수인 완전수의 일의 자릿수는 항상 반복적으로 6 또는 8 인가?</li> <li>홀수인 완전수는 존재하는가?</li></ol> <p>5번째와 6번째의 완전수는 33550336 그리고 8589869056으로 알려져 있다. 따라서 (3), (4)는 사실이 아님을 알 수 있으나 (1), (2) 그리고 (5)는 아직도 해결되지 않은 문제들이다.</p> <p>정리 7.14 \\( 2^{k}-1 \\)이 소수이면 \\( n=2^{k-1}\\left(2^{k}-1\\right) \\)은 완전수이고 모든 짝수인 완전수는 이와 같은 형태이다.</p> <p>증명 \\( 2^{k}-1=p, p \\)를 소수라 놓으면 \\( n=2^{k-1} p \\)이고 \\( \\operatorname{gcd}\\left(2^{k-1,} p\\right)=1 \\)이므로 \\[ \\begin{aligned} \\sigma(n) &=\\sigma\\left(2^{k-1} p\\right)=\\sigma\\left(2^{k-1}\\right) \\sigma(p) \\\\ &=\\left(2^{k}-1\\right)(p+1)=\\left(2^{k}-1\\right) 2^{k}=2 n \\end{aligned} \\] 따라서 \\( n \\)은 완전수이다. 반대로 \\( n \\)이 짝수인 완전수라고 하자. 그러면 홀수 \\( m \\)과 \\( k \\geq 2 \\)에 대해 \\( n=2^{k-1} m \\)으로 놓으면 \\( \\operatorname{gcd}\\left(2^{k-1}, m\\right)=1 \\)이므로 \\[ \\sigma(n)=\\sigma\\left(2^{k-1} m\\right)=\\sigma\\left(2^{k-1}\\right) \\sigma(m)=\\left(2^{k}-1\\right) \\sigma(m) \\] 이다. 즉, \\( \\sigma(n)=\\left(2^{k}-1\\right) \\sigma(m)=2 n=2^{k} m \\)이다. 따라서 \\[ 2^{k} m=\\left(2^{k}-1\\right) \\sigma(m) \\] 이고 또한 \\( \\operatorname{gcd}\\left(2^{k}-1,2^{k}\\right)=1 \\)이므로 \\( \\left(2^{k}-1\\right) \\mid m \\)이다. \\( m=\\left(2^{k}-1\\right) t \\)라 놓으면 \\( \\sigma(m)=2^{k} t \\)이고 \\( t \\)와 \\( m \\)은 \\( m \\)의 약수이므로 \\[ 2^{k} t=\\sigma(m) \\geq m+t=2^{k} t \\] 이다. 따라서 \\( \\sigma(m)=m+t \\). 이것은 \\( t=1 \\)이고 \\( m \\)은 소수일 수밖에 없다. 즉, \\( m=\\left(2^{k}-1\\right) t=2^{k}-1 \\)인 소수이다. 따라서 정리는 증명되었다.</p> <p>정리 7.14에 의하면 짝수인 완전수를 찾는 문제는 \\( 2^{k}-1 \\)의 형태의 소수를 찾는 문제와 동일함을 말한다.</p> <p>정의 7.5 소수 \\( p=2^{k}-1 \\)을 메르센 소수(Mersenne prime)라 한다.</p>",
                "context_length": 1987,
                "summary": "양의 정수 \\( n \\)이 \\( n \\)의 모든 양의 약수의 합과 같을 때 \\( \\sigma (n)=2n \\)일 때 \\( n \\)을 완전수라 한다. \\( 2^{k}-1 \\)이 소수이면 \\( n=2^{k-1}\\left(2^{k}-1\\right) \\)은 완전수이고 모든 짝수인 완전수는 이와 같은 형태이며, 짝수인 완전수를 찾는 문제는 \\( 2^{k}-1 \\)의 형태의 소수를 찾는 문제와 같으며, 소수 \\( p=2^{k}-1 \\)을 메르센 소수라 한다.",
                "clue": [
                    {
                        "clue_text": "양의 정수 \\( n \\)이 \\( n \\)의 모든 양의 약수의 합과 같을 때, 즉 \\( \\sigma(n)=2 n \\)일 때 \\( n \\)을 완전수라 한다.",
                        "clue_start": "139",
                        "clue_end": "224"
                    },
                    {
                        "clue_text": "\\( 2^{k}-1 \\)이 소수이면 \\( n=2^{k-1}\\left(2^{k}-1\\right) \\)은 완전수이고 모든 짝수인 완전수는 이와 같은 형태이다.",
                        "clue_start": "717",
                        "clue_end": "803"
                    },
                    {
                        "clue_text": "정리 7.14에 의하면 짝수인 완전수를 찾는 문제는 \\( 2^{k}-1 \\)의 형태의 소수를 찾는 문제와 동일함을 말한다.",
                        "clue_start": "1853",
                        "clue_end": "1921"
                    },
                    {
                        "clue_text": "소수 \\( p=2^{k}-1 \\)을 메르센 소수(Mersenne prime)라 한다.",
                        "clue_start": "1936",
                        "clue_end": "1983"
                    }
                ],
                "terminology": [
                    {
                        "word": "Mersenne prime"
                    },
                    {
                        "word": "perfect number"
                    },
                    {
                        "word": "prime"
                    },
                    {
                        "word": "메르센 소수"
                    },
                    {
                        "word": "산술 함수 이론"
                    },
                    {
                        "word": "소수"
                    },
                    {
                        "word": "약수"
                    },
                    {
                        "word": "완전수"
                    },
                    {
                        "word": "정수"
                    },
                    {
                        "word": "짝수"
                    },
                    {
                        "word": "함수"
                    },
                    {
                        "word": "홀수"
                    }
                ]
            },
            {
                "context_id": "55e-0c9-8b1f62d1-56ae-4508-a022-24cf2857b5cd",
                "context_K-NSCC": {
                    "field": "자연",
                    "large_category": "NA",
                    "medium_category": "01"
                },
                "context": "<p>보조정리 7.15 \\( a^{k}-1(a>0, k \\geq 2) \\)이 소수이면 \\( a=2 \\)이고 \\( k \\)는 소수이다.</p> <p>증명 \\[ a^{k}-1=(a-1)\\left(a^{k-1}+a^{k-2}+\\cdots+a+1\\right) \\] 이고 \\( a^{k}-1 \\)이 소수이므로 \\( a-1=1 \\), 즉 \\( a=2 \\)이다. 또한 \\( k \\)가 합성수이면 \\( k=r s, r>1, s>1 \\)이라 놓고 \\[ a^{k}-1=\\left(a^{r}\\right)^{s}-1=\\left(a^{r}-1\\right)\\left(a^{r(s-1)}+a^{r(s-2)}+\\cdots+a^{r}+1\\right) \\] 이 됨으로 \\( a^{k}-1 \\)이 소수가 아니다. 따라서 \\( k \\)는 소수이다.</p> <p>소수 \\( p=2,3,5,7 \\)에 대하여 메르센 소수 \\( 2^{p}-1 = 3,7,31,127 \\)을 얻어서 \\[ \\begin{array}{c} 2\\left(2^{2}-1\\right)=6, \\\\ 2^{2} \\left(2^{3}-1 \\right)=28 \\\\ 2^{4} \\left(2^{5}-1\\right)=496, \\\\ 2^{6}\\left(2^{7}-1\\right)=8128 \\end{array} \\] 등의 완전수가 존재한다. 모든 소수 \\( p \\)에 대하여 \\( 2^{p}-1 \\)이 소수가 되는 것은 아니다. 예를 들어 \\( 2^{11}-1=2047=23 \\cdot 89 \\)이다. 메르센 소수가 무한히 많이 존재하는가? 즉, 짝수인 완전수가 무한히 많이 존재하는가라는 문제는 아직도 미해결 문제이다.</p> <p>정리 7.16 짝수인 완전수의 일의 자릿수는 항상 6 또는 8이다.</p> <p>증명 \\( n \\)을 짝수인 완전수라 하면 \\( 2^{k}-1 \\)인 메르센 소수에 대하여 \\( n=2^{k-1} \\) \\( \\left(2^{k}-1\\right) \\)의 형태를 갖는다. 또한 \\( k \\)는 소수이다. 따라서 \\( k=2 \\)이면 \\( n=6 \\)이고, \\( k>2 \\)라 가정하면 \\( k \\equiv 1( \\bmod 4) \\) 또는 \\( k \\equiv 3( \\bmod 4) \\)이다. \\( k=4 m+1 \\) 형태이면 \\[ n=2^{4 m}\\left(2^{4 m+1}-1\\right)=2^{8 m+1}-2^{4 m}=2 \\cdot 16^{2 m}-16^{m} \\] 이고 또한 어떤 양의 정수 \\( t \\) 에 대하여 \\( 16^{t} \\equiv 6( \\bmod 10) \\)이므로 \\( n \\equiv 2 \\cdot 6 \\) \\( -6 \\equiv 6(\\bmod 10) \\)이다. \\( k=4 m+3 \\) 형태이면 \\[ n=2^{4 m+2}\\left(2^{4 m+3}-1\\right)=2^{8 m+5}-2^{4 m+2}=2 \\cdot 16^{2 m+1}-4 \\cdot 16^{m} \\]이다. 따라서 \\( n \\equiv 2 \\cdot 4 \\cdot 6 \\equiv-12 \\equiv 8(\\bmod 10) \\)이다. 그러므로 모든 짝수인 완전수는 일의 자릿수가 6 또는 8이다.</p> <p>메르센 소수 \\( M_{p} = 2^{p}-1 \\)이 짝수인 완전수 \\( 2^{p-1} M_{p} \\)와 일대일 대응관계가 있음을 알아 보았다. \\( M_{p}=2^{p}-1 \\)이 어떤 경우에 소수 또는 합성수가 되는지 알아 보는 것은 중요한 문제이다.</p>",
                "context_length": 1679,
                "summary": "\\( a^{k}-1(a>0, k \\geq 2) \\)이 소수이면 \\( a=2 \\)이고 \\( k \\)는 소수이며, 소수 \\( p=2,3,5,7 \\)에 대하여 메르센 소수 \\( 2^{p}-1 = 3,7,31,127 \\)을 얻어서 \\[ \\begin{array}{c} 2\\left(2^{2}-1\\right)=6, \\\\ 2^{2} \\left(2^{3}-1 \\right)=28 \\\\ 2^{4} \\left(2^{5}-1\\right)=496, \\\\ 2^{6}\\left(2^{7}-1\\right)=8128 \\end{array} \\] 등의 완전수가 존재하고, 모든 소수 \\( p \\)에 대하여 \\( 2^{p}-1 \\)이 소수가 되는 것은 아니다. 한편, 완전수가 짝수면 일의 자릿수는 항상 6이나 8이다.",
                "clue": [
                    {
                        "clue_text": "보조정리 7.15 \\( a^{k}-1(a>0, k \\geq 2) \\)이 소수이면 \\( a=2 \\)이고 \\( k \\)는 소수이다.",
                        "clue_start": "3",
                        "clue_end": "74"
                    },
                    {
                        "clue_text": "소수 \\( p=2,3,5,7 \\)에 대하여 메르센 소수 \\( 2^{p}-1 = 3,7,31,127 \\)을 얻어서 \\[ \\begin{array}{c} 2\\left(2^{2}-1\\right)=6, \\\\ 2^{2} \\left(2^{3}-1 \\right)=28 \\\\ 2^{4} \\left(2^{5}-1\\right)=496, \\\\ 2^{6}\\left(2^{7}-1\\right)=8128 \\end{array} \\] 등의 완전수가 존재한다.",
                        "clue_start": "406",
                        "clue_end": "645"
                    },
                    {
                        "clue_text": "모든 소수 \\( p \\)에 대하여 \\( 2^{p}-1 \\)이 소수가 되는 것은 아니다.",
                        "clue_start": "646",
                        "clue_end": "694"
                    },
                    {
                        "clue_text": "정리 7.16 짝수인 완전수의 일의 자릿수는 항상 6 또는 8이다.",
                        "clue_start": "810",
                        "clue_end": "847"
                    }
                ],
                "terminology": [
                    {
                        "word": "메르센 소수"
                    },
                    {
                        "word": "소수"
                    },
                    {
                        "word": "완전수"
                    },
                    {
                        "word": "일대일 대응관계"
                    },
                    {
                        "word": "정수"
                    },
                    {
                        "word": "짝수인 완전수"
                    },
                    {
                        "word": "합성수"
                    }
                ]
            },
            {
                "context_id": "55e-0c9-85dd6981-e554-432c-af99-eb23c9015760",
                "context_K-NSCC": {
                    "field": "자연",
                    "large_category": "NA",
                    "medium_category": "01"
                },
                "context": "<p>정리 7.20 \\( p \\)가 홀수인 소수이면 \\( M_{p} \\)의 모든 소수인 약수는 \\( 2 k p+1 \\)의 형태를 갖는다.</p> <p>증명 \\( q \\)를 \\( M_{p} \\)의 임의의 소수인 약수라 하면 \\( 2^{p} \\equiv 1(\\bmod q) \\)이다. \\( l \\)을 \\( 2^{l} \\equiv 1 \\)\\( (\\bmod q) \\)인 가장 작은 양의 정수, 즉 법 \\( q \\)에 관한 2의 위수라 하면 \\( l \\mid p \\)이다. 분명히 \\( l \\neq 1 \\)이므로 \\( l=p \\)이다. 또한 페르마의 작은 정리에 의하여 \\( 2^{q-1} \\equiv 1(\\bmod q) \\)이므로 \\( p \\mid q-1 \\)이다. 즉, \\( q=p t+1 \\)이다. 그런데 \\( q \\)는 홀수이므로 \\( t \\)는 짝수이다. 따라서 \\( q=2 k p+1 \\)의 형태를 갖는다.</p> <p>정리 7.21 \\( p \\)가 홀수인 소수이면 \\( M_{p} \\)의 모든 소수인 약수는 \\( q \\)는 \\( q \\equiv \\pm 1(\\bmod 8) \\)의 형태를 갖는다.</p> <p>증명 \\( q=2 n+1 \\)을 \\( M_{p} \\)의 소수인 약수라 하자. \\( a=2^{\\frac{p+1}{2}} \\)이면 \\[ a^{2}-2=2^{p+1}-2=2 M_{p} \\equiv 0(\\bmod q) \\] 이다. 따라서 \\( a^{2} \\equiv 2(\\bmod q) \\) 이고 여기에 \\( n \\) 제곱을 하면 \\[ a^{q-1}=a^{2 n} \\equiv 2^{n}(\\bmod q) \\] 를 얻는다. 또한 \\( q \\)가 홀수이고 \\( \\operatorname{gcd}(a, q)=1 \\)이므로 \\( a^{q-1} \\equiv 1(\\bmod q) \\)이다. 따라서 \\( 2^{n} \\equiv 1(\\bmod q) \\), 즉 \\( q \\equiv \\pm 1(\\bmod 8) \\)이다.</p> <p>지금까지 짝수인 완전수에 관하여 알아 보았다. 그러면 홀수인 완전수는 존재하는가? 이 문제는 아직도 해결되지 않은 문제이다. 이제 홀수인 완전수가 될 필요조건에 대하여 알아보자.</p> <p>정리 7.22 \\( n \\)이 홀수인 완전수이면 서로 다른 홀수인 소수 \\( p_{i} \\) 와 \\( p_{1} \\equiv k_{1} \\equiv 1(\\bmod 4) \\)에 대하여 \\[ n=p_{1}^{k_{1}} p_{2}{ }^{2 j_{2}} \\cdots p_{r}^{2 j_{r}} \\] 의 형태를 갖는다.</p> <p>증명 \\( n=p_{1}^{k_{1}} p_{2}^{k_{2}} \\cdots p_{r}^{k_{r}}\\)인 완전수라 하면 \\[ 2 n=\\sigma(n)=\\sigma\\left(p_{1}^{k_{1}}\\right) \\sigma\\left(p_{2}^{k_{2}}\\right) \\cdots \\sigma\\left(p_{r}^{k_{r}}\\right) \\] 이다. \\( n \\)이 홀수이므로 \\( 2 n \\equiv 2(\\bmod 4) \\)이다. 따라서 \\( 2 \\mid \\sigma(n) \\)이고 \\( 4 \\nmid \\sigma(n) \\)이다. 그러므로 \\( \\sigma\\left(p_{i}^{k_{i}}\\right) \\) 중 하나만, 이를테면 \\( \\sigma\\left(p_{1}^{k_{1}}\\right) \\)은 짝수이고 4의 배수가 아니다. 그리고 다른 \\( \\sigma\\left(p_{i}^{k_{i}}\\right) \\)는 모두 홀수이다. \\( p_{i} \\)는 모두 홀수이므로 \\( p_{i} \\equiv 1 \\)\\( (\\bmod 4) \\) 또는 \\( p_{i} \\equiv 3(\\bmod 4) \\)이다. \\( p_{i} \\equiv 3 \\equiv-1(\\bmod 4) \\) 이면 \\[ \\begin{aligned} \\sigma\\left(p_{i}^{k_{i}}\\right) &=1+p_{i}+p_{i}{ }^{2}+\\cdots+p_{i}^{k_{i}} \\\\ & \\equiv 1+(-1)+(-1)^{2}+\\cdots+(-1)^{k_{i}}(\\bmod 4) \\end{aligned} \\] 이다. 따라서 \\[ \\sigma\\left(p_{i}^{k_{i}}\\right)=\\left\\{\\begin{array}{ll} 0(\\bmod 4), & k_{i} \\text { 가 홀수일 때 } \\\\ 1(\\bmod 4), & k_{i} \\text { 가 짝수일 때 } \\end{array}\\right. \\] 이다. 그리고 \\( \\sigma\\left(p_{1}^{k_{1}}\\right) \\equiv 2(\\bmod 4) \\) 이므로 \\( p_{1} \\equiv 1(\\bmod 4) \\) 이다. 또한 \\( p_{i} \\equiv \\) \\( 3(\\bmod 4) \\) 이면 모든 지수 \\( k_{i} \\) 는 짝수여야만 한다. 만일 \\( p_{i} \\equiv 1(\\bmod 4) \\)이면 \\[ \\begin{aligned} \\sigma\\left(p_{i}^{k_{i}}\\right) &=1+p_{i}+p_{i}{ }^{2}+\\cdots+p_{i}^{k_{i}} \\\\ & \\equiv 1+1^{1}+1^{2}+\\cdots+1^{k_{i}}(\\bmod 4) \\\\ & \\equiv k_{i}+1(\\bmod 4) \\end{aligned} \\] 이다. 그리고 \\( \\sigma\\left(p_{1}^{k_{1}}\\right) \\equiv 2(\\bmod 4) \\)이므로 \\( k_{1} \\equiv 1(\\bmod 4) \\)이다. \\( i \\neq 1 \\)인 \\( \\sigma\\left(p_{i}^{k_{i}}\\right) \\) 는 \\( \\equiv 1 \\) 또는 \\( 3(\\bmod 4) \\)이므로 \\( k_{i} \\equiv 0 \\) 또는 \\( 2(\\bmod 4) \\)이다. 따라서 \\( i \\neq 1 \\)인 어떤 경우도 \\( k_{i} \\)는 짝수이고 \\( p_{1} \\equiv k_{1} \\equiv 1(\\bmod 4) \\) 이다.</p> <p>위 정리에 의하여 홀수인 완전수 \\( n \\)은 \\[ n=p_{1}^{k_{1}} p_{2}^{2 j_{2}} \\cdots p_{k_{r}}^{2 j_{r}}=p_{1}^{k_{1}}\\left(p_{2}^{j_{2}} \\cdots p_{r}^{j_{r}}\\right)^{2}=p_{1}^{k_{1}} m^{2} \\] 으로 나타낼 수 있다.</p> <p>따름정리 7.23 \\( n \\)이 홀수인 완전수이면 \\( p \\)는 \\( p \\nmid m \\)인 소수이며 \\( p \\equiv k \\equiv 1(\\bmod 4) \\)에 대하여 \\( n=p^{k} m^{2} \\)인 형태로 나타낼 수 있다. 특히 \\( n \\equiv 1(\\bmod 4) \\)이다.</p> <p>증명 \\( n \\equiv 1(\\bmod 4) \\) 만 보이면 된다. \\( p \\equiv k \\equiv 1(\\bmod 4) \\) 이므로 \\( p^{k} \\equiv 1(\\bmod 4) \\)이고 \\( m \\equiv 1 \\) 또는 \\( 3(\\bmod 4) \\)이므로 \\( m^{2} \\equiv 1(\\bmod 4) \\)이다. 따라서 \\( n= p^{k} m^{2} \\equiv 1 \\cdot 1 \\equiv 1(\\bmod 4) \\)이다.</p> <p>오래전부터 정수론 학자들이 관심을 가져온 또 다른 종류의 정수들, 친근한 수(amicable numbers)가 있다.</p> <p>정의 7.6 한 쌍의 정수 \\( m, n \\)을 친근한 수라 함은 \\( m, n \\)을 제외한 각각의 양의 약수들의 합이 각각 \\( n \\)과 \\( m \\)이 될 때를 말한다.</p> <p>\\( \\sigma \\) 함수를 써서 친근한 수를 표현하면 \\[ \\sigma(m)-m=n \\text { 이고 } \\sigma(n)-n=m \\] 이다. 따라서 \\( \\sigma(m)=m+n=\\sigma(n) \\)이다. 예를 들어 \\( m=220, n=284 \\)는 친근한 수이다. 즉 \\[ \\sigma(m)=\\sigma(n)=504=284+220 \\]</p> <p>그 외에 \\( m=17296 \\)과 \\( n=18416 \\)도 친근한 수이고 많은 친근한 수의 쌍이 알려져 있지만 무한히 많은 쌍이 있는지는 아직도 해결되지 않았다.</p>",
                "context_length": 4043,
                "summary": "\\( p \\)가 홀수인 소수이면 \\( M_{p} \\)의 모든 소수인 약수는 \\( 2 k p+1 \\)의 형태를 갖으며, \\( q \\)는 \\( q \\equiv \\pm 1\\)의 형태를 갖는다. 그리고, \\(n \\)이 홀수인 완전수이면 서로 다른 홀수인 소수 \\( p_{i} \\) 와 \\( p_{1} \\equiv k_{1} \\equiv 1\\)에 대하여 아래의 형태를 갖고, \\[ n=p_{1}^{k_{1}} p_{2}^{2 j_{2}} \\cdots p_{k_{r}}^{2 j_{r}}=p_{1}^{k_{1}}\\left(p_{2}^{j_{2}} \\cdots p_{r}^{j_{r}}\\right)^{2}=p_{1}^{k_{1}} m^{2} \\] 으로 나타낼 수 있으며, \\( n \\)이 홀수인 완전수이면 \\( p \\)는 \\( p \\nmid m \\)인 소수이며 \\( p \\equiv k \\equiv 1 \\)에 대하여 \\( n=p^{k} m^{2} \\)인 형태로 나타낼 수 있다. 정수론 학자들이 관심을 가져온 또 다른 종류의 정수들, 친근한 수가 있는데, 한 쌍의 정수 \\( m, n \\)을 친근한 수라 함은 \\( m, n \\)을 제외한 각각의 양의 약수들의 합이 각각 \\( n \\)과 \\( m \\)이 될 때를 말한다.",
                "clue": [
                    {
                        "clue_text": "정리 7.20 \\( p \\)가 홀수인 소수이면 \\( M_{p} \\)의 모든 소수인 약수는 \\( 2 k p+1 \\)의 형태를 갖는다.",
                        "clue_start": "3",
                        "clue_end": "76"
                    },
                    {
                        "clue_text": "정리 7.21 \\( p \\)가 홀수인 소수이면 \\( M_{p} \\)의 모든 소수인 약수는 \\( q \\)는 \\( q \\equiv \\pm 1(\\bmod 8) \\)의 형태를 갖는다.",
                        "clue_start": "460",
                        "clue_end": "558"
                    },
                    {
                        "clue_text": "정리 7.22 \\( n \\)이 홀수인 완전수이면 서로 다른 홀수인 소수 \\( p_{i} \\) 와 \\( p_{1} \\equiv k_{1} \\equiv 1(\\bmod 4) \\)에 대하여 \\[ n=p_{1}^{k_{1}} p_{2}{ }^{2 j_{2}} \\cdots p_{r}^{2 j_{r}} \\] 의 형태를 갖는다.",
                        "clue_start": "1070",
                        "clue_end": "1246"
                    },
                    {
                        "clue_text": "따름정리 7.23 \\( n \\)이 홀수인 완전수이면 \\( p \\)는 \\( p \\nmid m \\)인 소수이며 \\( p \\equiv k \\equiv 1(\\bmod 4) \\)에 대하여 \\( n=p^{k} m^{2} \\)인 형태로 나타낼 수 있다.",
                        "clue_start": "3139",
                        "clue_end": "3273"
                    },
                    {
                        "clue_text": "정의 7.6 한 쌍의 정수 \\( m, n \\)을 친근한 수라 함은 \\( m, n \\)을 제외한 각각의 양의 약수들의 합이 각각 \\( n \\)과 \\( m \\)이 될 때를 말한다.",
                        "clue_start": "3639",
                        "clue_end": "3737"
                    }
                ],
                "terminology": [
                    {
                        "word": "amicable numbers"
                    },
                    {
                        "word": "따름정리"
                    },
                    {
                        "word": "소수"
                    },
                    {
                        "word": "완전수"
                    },
                    {
                        "word": "정수"
                    },
                    {
                        "word": "정수론"
                    },
                    {
                        "word": "지수"
                    },
                    {
                        "word": "페르마의 작은 정리"
                    },
                    {
                        "word": "함수"
                    }
                ]
            },
            {
                "context_id": "55e-0c9-91d5cee4-7e59-400d-8cae-3f04e0d1e084",
                "context_K-NSCC": {
                    "field": "자연",
                    "large_category": "NA",
                    "medium_category": "01"
                },
                "context": "<h1>7.2 산술 함수</h1> <p>어떤 함수들은 약수의 성질과 아주 중요한 연관성을 가지고 있다. 자연수를 정의역으로 갖는 함수를 산술 함수(arithmetic function)라 한다.</p> <p>정의 7.1 주어진 자연수 \\( n \\)에 대하여 \\( \\tau(n) \\)을 \\( n \\)의 양의 약수의 개수, \\( \\sigma(n) \\)을 \\( n \\)의 약수들의 합, \\( \\sigma_{k}(n) \\)을 \\( n \\)의 양의 약수들의 \\( k \\)제곱의 합 그리고 \\( \\omega(n) \\)을 \\( n \\)을 나누는 서로 다른 소수의 개수라 정의한다.</p> <p>예를 들어 \\( \\tau(12)=6, \\sigma(12)=1+2+3+4+6+12=28, \\sigma_{2}(12)=1^{2}+2^{2}+ 3^{2}+4^{2}+6^{2}+12^{2}=210, \\omega(12)=2 \\)이다. 분명히 \\( n \\)이 소수일 필요충분조건은 \\( \\tau(n)=2 \\)이고 또한 이것은 \\( \\sigma(n)=n+1 \\)과 동치이다. 또한 위에서 정의한 산술 함수들을 합의 기호로 표현하면 \\[ \\tau(n)=\\sum_{d \\mid n} 1, \\sigma(n)=\\sum_{d \\mid n} d, \\sigma_{k}(n)=\\sum_{d \\mid n} d^{k} \\text { 그리고 } \\omega(n)=\\sum_{p \\mid n} 1 \\text { 이다. } \\] 자연수 \\( n \\)의 소인수분해가 \\( n=p_{1}^{k_{1}} p_{2}^{k_{2}} \\cdots p_{r}^{k_{r}} \\)이라면 \\( n \\)의 양의 약수 \\( d \\)는 \\[ d=p_{1}^{a_{1}} p_{2}^{a_{2}} \\cdots p_{r}^{a_{r}}, 0 \\leq a_{i} \\leq k_{i}(i=1,2, \\cdots, r) \\] 의 형태를 갖고 또한 이와 같은 \\( d \\)는 모두 \\( n \\)의 양의 약수임은 당연하다.</p> <p>정리 7.4 자연수 \\( n>1 \\)의 소인수분해가 \\( n=p_{1}^{k_{1}} p_{2}^{k_{2}} \\cdots p_{r}^{k_{r}} \\)이면,</p> <ol type=1 start=1><li>\\( \\tau(n)=\\left(k_{1}+1\\right)\\left(k_{2}+1\\right) \\cdots\\left(k_{r}+1\\right) \\) 이고,</li> <li>(2) \\( \\sigma(n)=\\frac{p_{1}^{k_{1}+1}-1}{p_{1}-1} \\cdot \\frac{p_{2}^{k_{2}+1}-1}{p_{2}-1} \\cdots \\frac{p_{r}^{k_{r}+1}-1}{p_{r}-1} \\)이다.</li></ol> <p>증명 \\( n \\)의 양의 약수 \\( d \\)는 \\( d = p_{1}^{a_{1}} p_{2}^{a_{2}} \\cdots p_{r}^{a_{r}}, 0 \\leq a_{i} \\leq k_{i}(i=1,2, \\cdots, r) \\)이므로 \\( a_{i} \\) 각각에 대하여 \\( k_{i} + 1 \\) 선택의 방법이 있다. 따라서 \\( n \\)의 양의 약수의 총 개수는 \\[ \\left(k_{1}+1\\right)\\left(k_{2}+1\\right) \\cdots \\left(k_{r}+1 \\right) \\]이다. \\( \\sigma(n) \\)을 계산하기 위해 \\[ \\left(1+p_{1}+ \\cdots+ p_{1}^{k_{1}} \\right) \\left(1+p_{2} + \\cdots+p_{2}^{k_{2}}\\right) cdots\\left(1 +p_{r}+ \\cdots+p_{r}^{k_{r}} \\right) \\] 을 생각하자. \\( n \\)의 양의 약수는 이 곱을 전개하였을 때 정확히 하나의 합으로 나타난다. 따라서 \\[ \\sigma(n)=\\left(1+p_{1}+\\cdots+p_{1}^{k_{1}}\\right)\\left(1+p_{2}+\\cdots+p_{2}^{k_{2}}\\right) \\cdots\\left(1+p_{r}+\\cdots+p_{r}^{k_{r}}\\right) \\] 이다. 즉 \\[ \\sigma(n)=\\frac{p_{1}^{k_{1}+1}-1}{p_{1}-1} \\cdot \\frac{p_{2}^{k_{2}+1}-1}{p_{2}-1} \\cdots \\frac{p_{r}^{k_{r}+1}-1}{p_{r}-1} \\] 이다.</p>",
                "context_length": 2143,
                "summary": "산술 함수(arithmetic function)는 자연수를 정의역으로 갖는 함수를 뜻한다. 자연수 \\( n \\)에 대하여 \\( \\tau(n) \\)은 \\( n \\)의 양의 약수의 개수, \\( \\sigma(n) \\)을 \\( n \\)은 약수들의 합, \\( \\sigma_{k}(n) \\)은 \\( n \\)의 양의 약수들의 \\( k \\)제곱의 합, \\( \\omega(n) \\)을 \\( n \\)을 나누는 서로 다른 소수의 개수라고 정의한다. 자연수 \\( n \\)의 소인수분해가 \\( n=p_{1}^{k_{1}} p_{2}^{k_{2}} \\cdots p_{r}^{k_{r}} \\)이라면 \\( n \\)의 양의 약수 \\( d \\)는 \\( d=p_{1}^{a_{1}} p_{2}^{a_{2}} \\cdots p_{r}^{a_{r}}, 0 \\leq a_{i} \\leq k_{i}(i=1,2, \\cdots, r) \\) 의 형태를 갖고, 이와 같은 \\( d \\)는 모두 \\( n \\)의 양의 약수이다. 자연수 n의 양의 약수의 개수 \\( \\tau(n)\\)는 \\(\\left(k_{1}+1\\right)\\left(k_{2}+1\\right) \\cdots\\left(k_{r}+1\\right) \\) 이다. 자연수 n의 약수들의 합 \\( \\sigma(n)\\)는 \\(\\frac{p_{1}^{k_{1}+1}-1}{p_{1}-1} \\cdot \\frac{p_{2}^{k_{2}+1}-1}{p_{2}-1} \\cdots \\frac{p_{r}^{k_{r}+1}-1}{p_{r}-1} \\)이다.",
                "clue": [
                    {
                        "clue_text": "어떤 함수들은 약수의 성질과 아주 중요한 연관성을 가지고 있다.",
                        "clue_start": "22",
                        "clue_end": "57"
                    },
                    {
                        "clue_text": "자연수를 정의역으로 갖는 함수를 산술 함수(arithmetic function)라 한다.",
                        "clue_start": "58",
                        "clue_end": "107"
                    },
                    {
                        "clue_text": "분명히 \\( n \\)이 소수일 필요충분조건은 \\( \\tau(n)=2 \\)이고 또한 이것은 \\( \\sigma(n)=n+1 \\)과 동치이다.",
                        "clue_start": "450",
                        "clue_end": "526"
                    },
                    {
                        "clue_text": "또한 위에서 정의한 산술 함수들을 합의 기호로 표현하면 \\[ \\tau(n)=\\sum_{d \\mid n} 1, \\sigma(n)=\\sum_{d \\mid n} d, \\sigma_{k}(n)=\\sum_{d \\mid n} d^{k} \\text { 그리고 } \\omega(n)=\\sum_{p \\mid n} 1 \\text { 이다.",
                        "clue_start": "527",
                        "clue_end": "706"
                    },
                    {
                        "clue_text": "자연수 \\( n \\)의 소인수분해가 \\( n=p_{1}^{k_{1}} p_{2}^{k_{2}} \\cdots p_{r}^{k_{r}} \\)이라면 \\( n \\)의 양의 약수 \\( d \\)는 \\[ d=p_{1}^{a_{1}} p_{2}^{a_{2}} \\cdots p_{r}^{a_{r}}, 0 \\leq a_{i} \\leq k_{i}(i=1,2, \\cdots, r) \\] 의 형태를 갖고 또한 이와 같은 \\( d \\)는 모두 \\( n \\)의 양의 약수임은 당연하다.",
                        "clue_start": "712",
                        "clue_end": "968"
                    }
                ],
                "terminology": [
                    {
                        "word": "동치"
                    },
                    {
                        "word": "산술 함수"
                    },
                    {
                        "word": "소인수분해"
                    },
                    {
                        "word": "약수"
                    },
                    {
                        "word": "양의 약수"
                    },
                    {
                        "word": "자연수"
                    },
                    {
                        "word": "전개"
                    },
                    {
                        "word": "정의역"
                    },
                    {
                        "word": "필요충분조건"
                    },
                    {
                        "word": "함수"
                    },
                    {
                        "word": "합의 기호"
                    }
                ]
            },
            {
                "context_id": "55e-0c9-9d67c089-e243-4a4b-9280-9a95babea47d",
                "context_K-NSCC": {
                    "field": "자연",
                    "large_category": "NA",
                    "medium_category": "01"
                },
                "context": "<h1>7.3 뫼비우스 역공식</h1> <p>지금까지 \\( \\tau(n)=\\sum_{d \\mid n} 1 \\)과 \\( \\sigma(n)=\\sum_{d \\mid n} d \\)에 대하여 살펴보았다. 오일러 \\( \\phi \\) 함수 \\( \\phi(n) \\)은 \\( \\tau(n), \\sigma(n) \\)과 같은 형태의 간단한 표현방법은 없다. 따라서 \\( \\phi(n) \\)을 어떤 산술 함수들의 합으로 표현할 수 있는가를 알아보자. 모든 양의 정수 \\( n \\)에 대하여 산술 함수 \\( F(n) \\)과 \\( f(n) \\)이 \\[ F(n)=\\sum_{d \\mid n} f(d) \\] 와 같은 관계를 가지고 있을 때 \\( f(n) \\) 을 \\( F(n) \\) 의 항들의 합으로 표현할 수 있을까? 이 결과가 바로 뫼비우스 역공식(Möbius inversion formula)이다.</p> <p>정의 7.3 \\( n \\)은 양의 정수, 뫼비우스 함수 \\( \\mu(n) \\)은 다음과 같이 정의된다.<p>\\( \\mu(n)=\\left\\{\\begin{array}{ll}1, & n=1 \\text { 일 때 } \\\\ 0, & \\text { 어떤 소수 } p \\text { 에 대해 } p^{2} \\mid n \\text { 일 때 } \\\\ (-1)^{r}, & \\text { 어떤 소수 } p_{1}, \\cdots, p_{r} \\text { 에 대해 } n=p_{1} p_{2} \\cdots p_{r} \\text { 일 때 }\\end{array}\\right. \\)</p></p> <p>예를 들어 \\( \\mu(1)=1, \\mu(2)=-1, \\mu(3)=-1, \\mu(4)=0, \\mu(5)=-1, \\cdots \\) 이다. 또 \\( p \\)가 소수이면 당연히 \\( \\mu(p)=-1 \\) 이고 \\( k \\geq 2 \\)인 정수 \\( k \\)에 대하여 \\( \\mu\\left(p^{k}\\right)=0 \\)이다.</p> <p>정리 7.9 \\( \\mu(n) \\)은 승법 함수이다.</p> <p>증명 \\( m \\)과 \\( n \\)을 \\( \\operatorname{gcd}(m, n) = 1 \\)인 양의 정수라 하자. \\( m=1 \\)이면 \\( \\mu(1)=1 \\)이므로 \\[ \\mu(m n)=\\mu(n)=\\mu(1) \\cdot \\mu(n) = \\mu(m) \\mu(n) \\] 이다. 따라서 \\( m>1, n>1 \\)이라 가정해도 좋다. 만일 \\( p^{2} \\mid m \\) 또는 \\( p^{2} \\mid n \\)이면 \\( p^{2} \\mid m n \\)이므로 \\( \\mu(m n)=0=\\mu(m) \\mu(n) \\)이다. 그러므로 서로 다른 소수 \\( p_{i} \\)와 \\( q_{j} \\)에 대하여 \\( m=p_{1} p_{2} \\cdots p_{r}, n=q_{1} q_{2} \\cdots q_{s} \\)라 놓으면 \\[ \\mu(m n)=(-1)^{r+s}=(-1)^{r} \\cdot(-1)^{s}= \\mu(m) \\mu(n) . \\] 따라서 \\( \\mu(n) \\)은 승법 함수이다.</p>",
                "context_length": 1490,
                "summary": "오일러 \\( \\phi \\) 함수 \\( \\phi(n) \\)은 \\( \\tau(n), \\sigma(n) \\)처럼 간단한 표현 방법이 없으므로 \\( \\phi(n) \\)을 어떤 산술 함수들의 합으로 표현할 수 있는가를 검토하고자 한다. \\( m>1, n>1 \\)이라 가정한다면 \\( p^{2} \\mid m \\) 또는 \\( p^{2} \\mid n \\)이면 \\( p^{2} \\mid m n \\)이므로 \\( \\mu(m n)=0=\\mu(m) \\mu(n) \\)이 된다.",
                "clue": [
                    {
                        "clue_text": "지금까지 \\( \\tau(n)=\\sum_{d \\mid n} 1 \\)과 \\( \\sigma(n)=\\sum_{d \\mid n} d \\)에 대하여 살펴보았다. 오일러 \\( \\phi \\) 함수 \\( \\phi(n) \\)은 \\( \\tau(n), \\sigma(n) \\)과 같은 형태의 간단한 표현방법은 없다.",
                        "clue_start": "25",
                        "clue_end": "188"
                    },
                    {
                        "clue_text": "따라서 \\( \\phi(n) \\)을 어떤 산술 함수들의 합으로 표현할 수 있는가를 알아보자.",
                        "clue_start": "189",
                        "clue_end": "239"
                    },
                    {
                        "clue_text": "따라서 \\( m>1, n>1 \\)이라 가정해도 좋다. 만일 \\( p^{2} \\mid m \\) 또는 \\( p^{2} \\mid n \\)이면 \\( p^{2} \\mid m n \\)이므로 \\( \\mu(m n)=0=\\mu(m) \\mu(n) \\)이다.",
                        "clue_start": "1150",
                        "clue_end": "1283"
                    },
                    {
                        "clue_text": "그러므로 서로 다른 소수 \\( p_{i} \\)와 \\( q_{j} \\)에 대하여 \\( m=p_{1} p_{2} \\cdots p_{r}, n=q_{1} q_{2} \\cdots q_{s} \\)라 놓으면 \\[ \\mu(m n)=(-1)^{r+s}=(-1)^{r} \\cdot(-1)^{s}= \\mu(m) \\mu(n) .",
                        "clue_start": "1284",
                        "clue_end": "1456"
                    },
                    {
                        "clue_text": "\\] 따라서 \\( \\mu(n) \\)은 승법 함수이다.",
                        "clue_start": "1457",
                        "clue_end": "1486"
                    }
                ],
                "terminology": [
                    {
                        "word": "뫼비우스 역공식"
                    },
                    {
                        "word": "뫼비우스 함수"
                    },
                    {
                        "word": "산술 함수"
                    },
                    {
                        "word": "승법"
                    },
                    {
                        "word": "승법 함수"
                    },
                    {
                        "word": "역공식"
                    },
                    {
                        "word": "정수"
                    },
                    {
                        "word": "함수"
                    }
                ]
            },
            {
                "context_id": "55e-0c9-merge_2_96aba9d6-558e87dd-792b-4f2c-94b5-80c406a5104b_04",
                "context_K-NSCC": {
                    "field": "자연",
                    "large_category": "NA",
                    "medium_category": "01"
                },
                "context": "<p>정리 7.10 양의 정수 \\( n \\)에 대하여 다음 관계식이 성립한다.<p>\\( \\sum_ { d \\mid n } \\mu(d) = \\left \\{\\begin {array} { ll } 1, & n=1 \\text { 일 때 } \\\\ 0, & n>1 \\text { 일 때 } \\end {array} \\right . \\)</p></p> <p>증명 분명히 \\( \\sum_ { d \\mid n } \\mu(d)= \\mu(1)=1 \\)이다. \\( n>1 \\)에 대하여 다음과 같은 산술 함수 \\( F(n)= \\sum_ { d \\mid n } \\mu(d) \\)을 정의하자. \\( \\mu(n) \\)이 승법 함수이므로 정리 7.7에 의하여 \\( F(n) \\)도 승법 함수이다. 먼저 소수 \\( p \\)에 대하여 \\[ \\begin {aligned} F \\left (p ^ { k } \\right ) &= \\sum_ { d \\mid p ^ { k } } \\mu(d)= \\mu(1) + \\mu(p) + \\mu \\left (p ^ { 2 } \\right ) + \\cdots + \\mu \\left (p ^ { k } \\right ) \\\\ &= \\mu(1) + \\mu(p)=1 + (-1)=0 \\end {aligned} \\] 이다. 따라서 \\( n=p_ { 1 } ^ { k_ { 1 } } p_ { 2 } ^ { k_ { 2 } } \\cdots p_ { r } ^ { k_ { r } } \\)이면 \\[ \\sum_ { d \\mid n } \\mu(d)=F(n)=F \\left (p_ { 1 } ^ { k_ { 1 } } \\right ) F \\left (p_ { 2 } ^ { k_ { 2 } } \\right ) \\cdots F \\left (p_ { r } ^ { k_ { r } } \\right )=0 \\] 이다.</p> <p>정리 7.11 뫼비우스 역공식 산술 함수 \\( F \\)와 \\( f \\)가 다음과 같이 정의되어 있다.<p>\\( F(n)= \\sum_ { d \\mid n } f(d) \\)</p> <p>그러면 \\( f(n)= \\sum_ { d \\mid n } \\mu(d) F \\left ( \\frac { n } { d } \\right ) \\) 이다.</p></p> <p>증명 분명히 \\[ \\begin {aligned} \\sum_ { d \\mid n } \\mu(d) F \\left ( \\frac { n } { d } \\right ) &= \\sum_ { d \\mid n } \\mu(d) \\left ( \\sum_ { c \\mid \\left ( \\frac { n } { d } \\right ) } f(c) \\right ) \\\\ &= \\sum_ { d \\mid n } \\sum_ { c \\mid \\frac { n } { d } } \\mu(d) f(c) \\end {aligned} \\]<caption>(7.2)</caption>이고 (7.2)의 이중합은 \\( d \\mid n \\)이고 \\( c \\mid \\frac { n } { d } \\)인 모든 양의 정수의 쌍 \\( (c, d) \\)들의 합이므로 \\( c d \\mid n \\)인 모든 양의 정수의 쌍 \\( (c, d) \\)들의 합과 같다. 따라서 이 합을 \\( c \\mid n \\)이고 \\( d \\mid \\frac { n } { c } \\)인 모든 양의 정수의 쌍 \\( (c, d) \\)들의 합으로 표현하면 (7.2) 는 \\[ \\begin {aligned} \\sum_ { d \\mid n } \\sum_ { c \\mid \\frac { n } { d } } \\mu(d) f(c) &= \\sum_ { c \\mid n } \\left ( \\sum_ { d \\mid \\frac { n } { c } } \\mu(d) f(c) \\right ) \\\\ &= \\sum_ { c \\mid n } f(c) \\left ( \\sum_ { d \\backslash \\frac { n } { c } } \\mu(d) \\right ) \\end {aligned} \\]<caption>(7.3)</caption>와 같이 표현된다. 따라서 정리 \\( 7.10 \\)에 의하여 \\( \\frac { n } { c } =1 \\)이면, \\( n=c \\)일 때 \\( \\sum_ { d \\mid 1 } \\mu(d)=1 \\)이고, 그 외의 경우에는 \\( \\sum_ { d \\mid \\frac { n } { c } } \\mu(d)=0 \\)이므로 \\( \\sum_ { d \\mid \\frac { n } { c } } \\mu(d)=1 \\)이다.</p> <p>그러므로 \\[ f(n)= \\sum_ { d \\mid n } \\mu(d) F \\left ( \\frac { n } { d } \\right ) \\] 이다.</p>",
                "context_length": 2282,
                "summary": "뫼비우스 역공식은 양의 정수 n에 대해, 함수 F(n)과 f(n)이 주어졌을 때, f(n) = ∑d∣n\\(\\mu\\)(d)F(n/d)를 만족한다는 것을 나타낸다. 즉, \\(\\mu\\)(1)=1, \\(\\mu\\)(n>1)=0인 승법 함수 \\(\\mu\\)(n)과 소인수 분해된 n에 대해 F(n)=0이 되는 것을 보장한다.",
                "clue": [
                    {
                        "clue_text": "그러면 \\( f(n)= \\sum_ { d \\mid n } \\mu(d) F \\left ( \\frac { n } { d } \\right ) \\) 이다.",
                        "clue_start": "1000",
                        "clue_end": "1082"
                    },
                    {
                        "clue_text": "따라서 정리 \\( 7.10 \\)에 의하여 \\( \\frac { n } { c } =1 \\)이면, \\( n=c \\)일 때 \\( \\sum_ { d \\mid 1 } \\mu(d)=1 \\)이고, 그 외의 경우에는 \\( \\sum_ { d \\mid \\frac { n } { c } } \\mu(d)=0 \\)이므로 \\( \\sum_ { d \\mid \\frac { n } { c } } \\mu(d)=1 \\)이다.",
                        "clue_start": "1969",
                        "clue_end": "2187"
                    }
                ],
                "terminology": [
                    {
                        "word": "관계식"
                    },
                    {
                        "word": "뫼비우스 역공식"
                    },
                    {
                        "word": "산술 함수"
                    },
                    {
                        "word": "승법 함수"
                    },
                    {
                        "word": "양의 정수"
                    },
                    {
                        "word": "역공식"
                    },
                    {
                        "word": "이중합"
                    },
                    {
                        "word": "정수"
                    },
                    {
                        "word": "함수"
                    }
                ]
            },
            {
                "context_id": "55e-0c9-4ccc38cf-80e0-42e1-a4d6-48958fc054f3",
                "context_K-NSCC": {
                    "field": "자연",
                    "large_category": "NA",
                    "medium_category": "01"
                },
                "context": "<p>보기 7.2</p> <p>\\( 720=2^{4} \\cdot 3^{2} \\cdot 5, \\quad \\tau(720)=(4+1)(2+1)(1+1)=30 \\)</p> <p>\\( \\sigma(720)=\\frac{2^{5}-1}{2-1} \\cdot \\frac{3^{3}-1}{3-1} \\cdot \\frac{5^{2}-1}{5-1}=31 \\cdot 13 \\cdot 6=2418 \\)</p> <p>\\( \\tau(n) \\)의 또 다른 성질 중의 하나로 양의 정수 \\( n \\)의 모든 약수의 곱은 \\( n^{\\frac{\\tau(n)}{2}} \\)이 된다는 사실이 있다. \\( d \\)를 \\( n \\)의 임의의 양의 약수라 하면 어떤 정수 \\( d^{*} \\)에 대해 \\( n=d d^{*} \\)이다. \\( d \\)가 \\( n \\)의 모든 \\( \\tau(n) \\)의 양의 약수에 대해서 같은 \\( \\tau(n) \\) 방정식을 얻고 이 방정식들을 모두 곱하면 \\[ n^{\\tau(n)}=\\left(\\prod_{d \\mid n} d\\right) \\cdot\\left(\\prod_{d^{*} \\mid n} d^{*}\\right) \\] 를 얻는다. 그러나 \\( \\Pi_{d \\mid n} d=\\Pi_{d^{*} \\mid n} d^{*} \\) 이므로 \\( n^{\\frac{\\tau(n)}{2}}=\\prod_{d \\mid n} d \\)<caption>(7.1)</caption>이다. 예를 들어 \\( \\prod_{d \\| 16} d=16^{\\frac{\\tau(16)}{2}}=16^{\\frac{5}{2}}=4^{5}=1024 . \\tau(n) \\)은 항상 짝수는 아니다. 등식 (7.1)의 좌, 우변 모두는 정수이므로 \\( \\tau(n) \\)이 홀수인 경우는 \\( n \\)이 완전 제곱수가 된다는 사실을 알 수 있다. 일반적으로 \\( \\tau(m n)=\\tau(m) \\tau(n) \\)과 \\( \\sigma(m n)=\\sigma(m) \\sigma(n) \\)은 성립하지 않음을 알 수 있다. \\( \\tau(2 \\cdot 10)=\\tau(20)=6 \\neq 2 \\cdot 4=\\tau(2) \\cdot \\tau(10) \\)이고, \\( \\quad \\sigma(2 \\cdot 10)=\\sigma(20)=42 \\neq 3 \\cdot 18=\\sigma(2) \\cdot \\sigma(10) \\)이다.</p> <p>정의 7.2 \\( \\operatorname{gcd}(m, n)=1 \\)일 때, \\( f(m n)=f(m) f(n) \\)인 산술 함수 \\( f \\)를 승법 함수(multiplicative function)라 한다.</p> <p>\\( f \\) 가 항등적으로 0이 아닌 승법 함수이면 \\( f(n) \\neq 0 \\)인 정수 \\( n \\)이 존재하고 \\( f(n) =f(n \\cdot 1)=f(n) f(1) \\)이므로 \\( f(1)=1 \\)이다.</p> <p>정리 7.5 \\( \\tau \\)와 \\( \\sigma \\)는 승법 함수이다.</p> <p>증명 \\( m \\)과 \\( n \\)이 서로소라 하자. 먼저 \\( m \\) 또는 \\( n \\)이 1이면 자명하므로 \\( m>1 \\), \\( n>1 \\) 이라 가정하자. 만일 \\[ m=p_{1}^{k_{1}} p_{2}^{k_{2}} \\cdots p_{r}^{k_{r}}, \\quad n=q_{1}^{j_{1}} q_{2}^{j_{2}} \\cdots q_{s}^{j_{s}} \\] 라 놓으면 \\( \\operatorname{gcd}(m, n)=1 \\)이므로 \\( \\operatorname{gcd}\\left(p_{i}, q_{j}\\right)=1 \\)이다. 따라서 \\( m n \\)의 소인수 분해는 \\[ m n=p_{1}^{k_{1}} p_{2}^{k_{2}} \\cdots p_{r}^{k_{r}} \\cdot q_{1}^{j_{1}} q_{2}^{j_{2}} \\cdots q_{s}^{j_{s}} \\] 이다. 그러므로 \\[ \\begin{aligned} \\tau(m n) &=\\left[\\left(k_{1}+1\\right) \\cdots\\left(k_{r}+1\\right)\\right]\\left[\\left(j_{1}+1\\right) cdots\\left(j_{s}+1\\right)\\right]=\\tau(m) \\tau(n), \\\\ \\sigma(m n) &=\\left[\\frac{p_{1}^{k_{1}+1}-1}{p_{1}-1} \\cdots frac{p_{r}^{k_{r}+1}-1}{p_{r}-1}\\right]\\left[\\frac{q_{1}^{j_{1}+1}-1}{q_{1}-1} \\cdots \\frac{q_{s}^{j_{s}+1}-1}{q_{s}-1}\\right] \\\\ &=\\sigma(m) \\sigma(n) \\end{aligned} \\] 이다. 따라서 \\( \\tau \\)와 \\( \\sigma \\)는 승법 함수이다.</p> <p>보조정리 7.6 \\( \\operatorname{gcd}(m, n)=1 \\)이면 \\( m n \\)의 양의 약수들은 \\( d_{1}\\left|n, d_{2}\\right| m \\) 그리고 \\( \\left(d_{1}, d_{2}\\right)=1 \\)인 \\( d_{1} d_{2} \\)들로 이루어져 있고 이 곱 \\( d_{1} d_{2} \\)는 모두 다르다.</p> <p>증명 \\( m>1, n>1 \\)이라 가정해도 충분하다. \\( m \\)과 \\( n \\)의 소인수분해를 \\[ m=p_{1}^{k_{1}} p_{2}^{k_{2}} \\cdots p_{r}^{k_{r}}, \\quad n=q_{1}^{j_{1}} q_{2}^{j_{2}} \\cdots q_{s}^{j_{s}} \\] 라 놓으면 \\( p_{1}, \\cdots, p_{r}, q_{1}, \\cdots, q_{s} \\)들은 모두 서로 다른 소수들이므로 따라서, \\( m n \\)의 소인수분해는 \\[ m n=p_{1}^{k_{1}} p_{2}^{k_{2}} \\cdots p_{r}^{k_{r}} q_{1}^{j_{1}} q_{2}^{j_{2}} \\cdots q_{s}^{j_{s}} \\] 이다. 그러므로 \\( m n \\)의 양의 약수 \\( d \\)는 \\[ d=p_{1}^{a_{1}} p_{2}^{a_{2}} \\cdots p_{r}^{a_{r}} q_{1}^{b_{1}} q_{2}^{b_{2}} \\cdots q_{s}^{b_{s}}, \\quad 0 \\leq a_{i} \\leq k_{i}, \\quad 0 \\leq b_{i} \\leq j_{i} \\] 이다. 따라서 \\( d=d_{1} d_{2}, \\operatorname{gcd}\\left(d_{2}, d_{2}\\right)=1 \\) 로 나타낼 수 있다. 여기서 \\( d_{1}=p_{1}^{a_{1}} p_{2}^{a_{2}} \\cdots p_{r}^{a_{r}}, d_{2}=q_{1}^{b_{1}} q_{2}^{b_{2}} \\cdots q_{s}^{b_{s}} \\)이다.</p> <p>정리 7.7 \\( f \\)가 승법 함수이면 \\( F(n)=\\sum_{d \\mid n} f(d) \\)로 정의된 함수 \\( F \\)도 승법 함수이다.</p> <p>\\( F(m n)=\\sum_{d \\mid m n} f(d)=\\sum_{d_{1}\\left|m, d_{2}\\right| n} f\\left(d_{1} d_{2}\\right) \\)</p> <p>또한, \\( f \\)가 승법 함수이므로 \\( f\\left(d_{1} d_{2}\\right)=f\\left(d_{1}\\right) f\\left(d_{2}\\right) \\)이다. 따라서 \\[ \\begin{aligned} F(m n) &=\\sum_{d_{1}\\left|m, d_{2}\\right| n} f\\left(d_{1}\\right) f\\left(d_{2}\\right) \\\\ &=\\left(\\sum_{d_{1} \\mid m} f\\left(d_{1}\\right)\\right)\\left(\\sum_{d_{2} \\mid n} f\\left(d_{2}\\right)\\right)=F(m) F(n) \\end{aligned} \\] 이다. 즉, \\( F \\)도 승법 함수이다.</p> <p>정리 7.5는 정리 7.7을 이용하여 다음과 같이 쉽게 증명된다.</p> <p>따름정리 7.8 \\( \\tau \\)와 \\( \\sigma \\)는 승법 함수이다.</p> <p>증명 분명히 \\( f(n)=1, g(n)=n \\)인 함수는 승법 함수이다. 따라서 \\( \\tau(n)=\\sum_{d \\mid n} 1 \\)과 \\( \\sigma(n)=\\sum_{d \\mid n} d \\)도 승법 함수이다.</p>",
                "context_length": 4156,
                "summary": "승법 함수(multiplicative function)는, \\( \\operatorname{gcd}(m, n)=1 \\)일 때, \\( f(m n)=f(m) f(n) \\)인 산술 함수 \\( f \\)를 말하며, \\( \\tau \\)와 \\( \\sigma \\)는 승법 함수이다. 이어서, \\( f \\)가 승법 함수이면 \\( F(n)=\\sum_{d \\mid n} f(d) \\)로 정의된 함수 \\( F \\)도 \\[ F(m n)=\\sum_{d \\mid m n} f(d)=\\sum_{d_{1}\\left|m, d_{2}\\right| n} f\\left(d_{1} d_{2}\\right) \\] 승법 함수이다.",
                "clue": [
                    {
                        "clue_text": "정의 7.2 \\( \\operatorname{gcd}(m, n)=1 \\)일 때, \\( f(m n)=f(m) f(n) \\)인 산술 함수 \\( f \\)를 승법 함수(multiplicative function)라 한다.",
                        "clue_start": "1161",
                        "clue_end": "1279"
                    },
                    {
                        "clue_text": "정리 7.5 \\( \\tau \\)와 \\( \\sigma \\)는 승법 함수이다.",
                        "clue_start": "1414",
                        "clue_end": "1455"
                    },
                    {
                        "clue_text": "정리 7.7 \\( f \\)가 승법 함수이면 \\( F(n)=\\sum_{d \\mid n} f(d) \\)로 정의된 함수 \\( F \\)도 승법 함수이다.",
                        "clue_start": "3367",
                        "clue_end": "3448"
                    },
                    {
                        "clue_text": "\\( F(m n)=\\sum_{d \\mid m n} f(d)=\\sum_{d_{1}\\left|m, d_{2}\\right| n} f\\left(d_{1} d_{2}\\right) \\)",
                        "clue_start": "3456",
                        "clue_end": "3553"
                    }
                ],
                "terminology": [
                    {
                        "word": "따름정리"
                    },
                    {
                        "word": "방정식"
                    },
                    {
                        "word": "산술 함수"
                    },
                    {
                        "word": "소인수"
                    },
                    {
                        "word": "소인수분해"
                    },
                    {
                        "word": "승법"
                    },
                    {
                        "word": "승법 함수"
                    },
                    {
                        "word": "약수"
                    },
                    {
                        "word": "완전 제곱수"
                    },
                    {
                        "word": "정수"
                    },
                    {
                        "word": "제곱수"
                    },
                    {
                        "word": "함수"
                    },
                    {
                        "word": "항등적"
                    }
                ]
            },
            {
                "context_id": "55e-0c9-3f3d1a6a-3424-4416-8384-1be0a89c5982",
                "context_K-NSCC": {
                    "field": "자연",
                    "large_category": "NA",
                    "medium_category": "01"
                },
                "context": "<p>보기 7.3</p> <p>\\( n=14 \\) 일 때 (7.3)의 이중합의 표현을 보면 \\[ \\begin{aligned} \\sum_{d \\mid 14} \\sum_{c \\mid \\frac{14}{d}} \\mu(d) f(c)=& \\mu(1)[f(1)+f(2)+f(7)+f(14)]+\\mu(14) f(1) \\\\ &+\\mu(2)[f(1)+f(7)]+\\mu(7)[f(1)+f(2)] \\\\ =& f(1)[\\mu(1)+\\mu(2)+\\mu(7)+\\mu(14)]+f(14) \\mu(1) \\end{aligned} \\] \\[ \\begin{aligned} &+f(2)[\\mu(1)+\\mu(7)]+f(7)[\\mu(1)+\\mu(2)] \\\\ =& \\sum_{c \\mid 14}\\left(\\sum_{d \\mid \\frac{14}{c}} f(c) \\mu(d)\\right) \\end{aligned} \\] 이다.</p> <p>보기 7.4</p> <p>\\( \\tau(n)=\\sum_{d \\mid n} 1 \\)이므로 \\( f(n)=1, F(n)=\\tau(n) \\)이라 놓으면 \\[ \\sum_{d \\mid n} \\mu(d) \\tau\\left(\\frac{n}{d}\\right)=1 \\] 을 얻을 수 있다. 또한 \\( \\sigma(n)=\\sum_{d \\mid n} d \\) 이므로 \\( f(n)=n, F(n)=\\sigma(n) \\) 이라 놓으면 \\[ \\sum_{d \\mid n} \\mu(d) \\sigma\\left(\\frac{n}{d}\\right)=n \\] 의 공식을 얻는다.</p> <p>보조정리 7.12 \\( n \\)은 양의 정수, \\( d \\)를 \\( n \\)의 약수라 하면 \\( 1 \\leq k \\leq n \\)이고 \\( \\operatorname{gcd}(k, n)=d \\)인 정수 \\( k \\)의 개수는 \\( \\phi\\left(\\frac{n}{d}\\right) \\)이다.</p> <p>증명 \\( \\operatorname{gcd}(k, n)=d \\)이면 \\( d \\mid k \\)이고 \\( \\operatorname{gcd}\\left(\\frac{k}{d,}, \\frac{n}{d}\\right)=1 \\) 이다. 또한 \\( 1 \\leq k \\leq n \\)이면 \\( 1 \\leq \\frac{k}{d} \\leq \\frac{n}{d} \\)이므로 조건을 만족하는 정수 \\( k \\)는 \\( d \\mid k, \\operatorname{gcd}\\left(\\frac{k}{d,} \\frac{n}{d}\\right)=1 \\)이고, \\( 1 \\leq \\frac{k}{d} \\leq \\frac{n}{d} \\)을 만족한다. 따라서 그런 정수 \\( k \\)는 \\( k=k^{\\prime} d, \\operatorname{gcd}\\left(k^{\\prime}, \\frac{n}{d}\\right)=1 \\)이고 \\( 1 \\leq k^{\\prime} \\leq \\frac{n}{d} \\)을 만족한다. 반대로 \\( \\operatorname{gcd}\\left(k^{\\prime}, \\frac{n}{d}\\right)=1 \\)이고 \\( 1 \\leq k^{\\prime} \\leq \\frac{n}{d} \\)인 정수 \\( k^{\\prime} \\)에 대하여 \\( k=k^{\\prime} d \\)는 보조정리의 조건을 만족시킨다. 따라서 보조정리의 조건을 만족시키는 정수 \\( k \\)의 개수는 \\( 1 \\leq k^{\\prime} \\leq \\frac{n}{d} \\)이고 \\( \\operatorname{gcd}\\left(k^{\\prime}, \\frac{n}{d}\\right)=1 \\)인 정수 \\( k^{\\prime} \\)의 개수, 즉 \\( \\phi\\left(\\frac{n}{d}\\right) \\)과 같다.</p> <p>정리 7.13 양의 정수 \\( n \\)에 대하여 다음이 성립한다. \\[ n=\\sum_{d \\mid n} \\phi(d) \\]</p> <p>증명 \\( 1 \\leq k \\leq n \\)인 모든 정수 \\( k \\)는 \\( n \\)의 오직 하나의 양의 약수 \\( d \\)에 대하여 \\( \\operatorname{gcd}(k, n)=d \\)를 만족하므로 보조정리 7.12에 의하여 \\( n=d d^{\\prime} \\)이면 \\[ n=\\sum_{d \\mid n} \\phi\\left(\\frac{n}{d}\\right)=\\sum_{d^{\\prime} \\mid n} \\phi\\left(d^{\\prime}\\right) \\] 이다. 따라서 정리는 증명되었다.</p> <p>정리 7.13에 뫼비우스 역공식을 적용하면 \\[ \\phi(n)=\\sum_{d \\mid n} \\mu(d) \\frac{n}{d}=n \\sum_{d \\mid n} \\frac{\\mu(d)}{d} \\] 를 얻는다. \\( \\mu(n) \\)과 \\( \\frac{1}{n} \\)은 승법 함수이고 \\( \\frac{\\mu(n)}{n} \\)도 승법 함수이다. 따라서 \\( \\frac{\\phi(n)}{n} \\)도 승법 함수이고 \\( \\phi(n) \\)도 승법 함수임을 알 수 있다. 소수 \\( p \\)와 정수 \\( k \\geq 1 \\)에 대하여 \\[ \\begin{aligned} \\phi\\left(p^{k}\\right) &=p^{k} \\cdot \\sum_{d \\mid p^{k}} \\frac{\\mu(d)}{d} \\\\ &=p^{k} \\cdot\\left(\\frac{\\mu(1)}{1}+\\frac{\\mu(p)}{p}+\\frac{\\mu\\left(p^{2}\\right)}{p^{2}}+\\cdots+\\frac{\\mu\\left(p^{k}\\right)}{p^{k}}\\right) \\\\ &=p^{k}\\left(1-\\frac{1}{p}\\right) \\end{aligned} \\] 이므로 \\( n=p_{1}^{k_{1}} p_{2}^{k_{2}} \\cdots p_{r}^{k_{r}} \\)이면 \\[ \\phi(n)=\\phi\\left(p_{1}^{k_{1}}\\right) \\phi\\left(p_{2}^{k_{2}}\\right) \\cdots \\phi\\left(p_{r}^{k_{r}}\\right) \\] \\( =p_{1}^{k_{1}}\\left(1-\\frac{1}{p_{1}}\\right) p_{2}^{k_{2}}\\left(1-\\frac{1}{p_{2}}\\right) \\cdots p_{r}^{k_{r}}\\left(1-\\frac{1}{p_{r}}\\right) \\) \\( =n\\left(1-\\frac{1}{p_{1}}\\right)\\left(1-\\frac{1}{p_{2}}\\right) \\cdots\\left(1-\\frac{1}{p_{r}}\\right) \\) \\( =p_{1}^{k_{1}-1}\\left(p_{1}-1\\right) p_{2}^{k_{2}-1}\\left(p_{2}-1\\right) \\cdots p_{r}^{k_{r}-1}\\left(p_{r}-1\\right) \\).</p> <p>보기 7.5 \\(\\phi(14400)=\\phi\\left(2^{6} \\cdot 3^{2} \\cdot 5^{2}\\right)=2^{5}(2-1) \\cdot 3^{1}(3-1) \\cdot 5^{1}(5-1)=3840 \\)이다.</p>",
                "context_length": 3437,
                "summary": "\\( \\tau(n)=\\sum_{d \\mid n} 1 \\)이므로 \\( f(n)=1, F(n)=\\tau(n) \\)이라 놓으면 \\(\\sum_{d \\mid n} \\mu(d) \\tau\\left(\\frac{n}{d}\\right)=1 \\)가 성립하고, \\( \\sigma(n)=\\sum_{d \\mid n} d \\) 이므로 \\( f(n)=n, F(n)=\\sigma(n) \\) 이라 놓으면 \\( \\sum_{d \\mid n} \\mu(d) \\sigma\\left(\\frac{n}{d}\\right)=n \\)이다. \\( n \\)은 양의 정수, \\( d \\)를 \\( n \\)의 약수라 하면 \\( 1 \\leq k \\leq n \\)이고 \\( \\operatorname{gcd}(k, n)=d \\)인 정수 \\( k \\)의 개수는 \\( \\phi\\left(\\frac{n}{d}\\right) \\)이고, \\( n=\\sum_{d \\mid n} \\phi(d) \\)가 성립한다. 여기에 뫼비우스 역공식을 적용하면 \\(\\phi(n)\\)\\(=\\sum_{d \\mid n} \\mu(d) \\frac{n}{d}\\)\\(=n \\sum_{d \\mid n} \\frac{\\mu(d)}{d}\\)를 얻는다.",
                "clue": [
                    {
                        "clue_text": "\\( \\tau(n)=\\sum_{d \\mid n} 1 \\)이므로 \\( f(n)=1, F(n)=\\tau(n) \\)이라 놓으면 \\[ \\sum_{d \\mid n} \\mu(d) \\tau\\left(\\frac{n}{d}\\right)=1 \\] 을 얻을 수 있다.",
                        "clue_start": "459",
                        "clue_end": "597"
                    },
                    {
                        "clue_text": "또한 \\( \\sigma(n)=\\sum_{d \\mid n} d \\) 이므로 \\( f(n)=n, F(n)=\\sigma(n) \\) 이라 놓으면 \\[ \\sum_{d \\mid n} \\mu(d) \\sigma\\left(\\frac{n}{d}\\right)=n \\] 의 공식을 얻는다.",
                        "clue_start": "598",
                        "clue_end": "747"
                    },
                    {
                        "clue_text": "\\( n \\)은 양의 정수, \\( d \\)를 \\( n \\)의 약수라 하면 \\( 1 \\leq k \\leq n \\)이고 \\( \\operatorname{gcd}(k, n)=d \\)인 정수 \\( k \\)의 개수는 \\( \\phi\\left(\\frac{n}{d}\\right) \\)이다.",
                        "clue_start": "765",
                        "clue_end": "917"
                    },
                    {
                        "clue_text": "\\[ n=\\sum_{d \\mid n} \\phi(d) \\]",
                        "clue_start": "1845",
                        "clue_end": "1876"
                    },
                    {
                        "clue_text": "정리 7.13에 뫼비우스 역공식을 적용하면 \\[ \\phi(n)=\\sum_{d \\mid n} \\mu(d) \\frac{n}{d}=n \\sum_{d \\mid n} \\frac{\\mu(d)}{d} \\] 를 얻는다.",
                        "clue_start": "2170",
                        "clue_end": "2284"
                    }
                ],
                "terminology": [
                    {
                        "word": "뫼비우스 역공식"
                    },
                    {
                        "word": "보조정리"
                    },
                    {
                        "word": "승법"
                    },
                    {
                        "word": "승법 함수"
                    },
                    {
                        "word": "약수"
                    },
                    {
                        "word": "양의 약수"
                    },
                    {
                        "word": "양의 정수"
                    },
                    {
                        "word": "역공식"
                    },
                    {
                        "word": "이중합"
                    },
                    {
                        "word": "정수"
                    },
                    {
                        "word": "함수"
                    }
                ]
            }
        ]
    }
}