{
    "dataset_info": {
        "identifier": "02-031-002-NL",
        "name": "기술과학 문서 요약 데이터",
        "category": "자연어",
        "last_updated": "2023-08-30"
    },
    "dataset": {
        "doc_id": "96aba9d6-34e59ced-667e-494c-b98a-d4578a7d4e1f",
        "doc_type": "도서",
        "doc_title": {
            "kor": "m867-미분적분학",
            "eng": ""
        },
        "doc_category": {
            "KDC": "414.1",
            "DDC": ""
        },
        "doc_number": {
            "ISSN": "",
            "ISBN": "9788961058674",
            "DOI": "",
            "UCI": ""
        },
        "doc_year": "2015",
        "doc_author": [
            "이춘호"
        ],
        "doc_publisher": "경문사",
        "doc_license": "저작권 협의됨",
        "context_info": [
            {
                "context_id": "55e-0c9-c8e7f3eb-3c12-4ee1-a0a6-c2f720b65f04",
                "context_K-NSCC": {
                    "field": "자연",
                    "large_category": "NA",
                    "medium_category": "02"
                },
                "context": "<h2>6.3 역삼각함수</h2> <p>적분을 보다 간편하게 구하기 위하여 역삼각함수의 도함수를 이용하는 방법을 다룬다. \\( y=\\sin x \\)는 전단사함수가 아니므로 역함수를 갖지 않지만 정의역을 \\( \\left[-\\frac{\\pi}{2}, \\frac{\\pi}{2}\\right] \\)로 제한하면 역함수를 갖는다.</p> <p>정의 6.5</p> <p>\\( y=\\sin x,-\\frac{\\pi}{2} \\leq x \\leq \\frac{\\pi}{2} \\)의 역함수를 \\( \\arcsin \\)함수라 하고 \\( y=\\sin ^{-1} x \\)로 쓴다.</p> <p>\\( y=\\sin ^{-1} x \\)의 정의역은 \\( [-1,1] \\)이고 치역은 \\( \\left[-\\frac{\\pi}{2}, \\frac{\\pi}{2}\\right] \\)이다. 즉 \\[\\begin{array}{l} y=\\sin ^{-1} x \\Longleftrightarrow x=\\sin y \\\\ -1 \\leq x \\leq 1, \\quad-\\frac{\\pi}{2} \\leq y \\leq \\frac{\\pi}{2} \\end{array}\\] 이다.</p> <p>\\( y=\\cos x \\)는 정의역을 \\( [0, \\pi] \\)로 제한하면 전단사함수가 되고 역함수 \\( y=\\cos ^{-1} x \\)를 갖는다. \\( y=\\cos ^{-1} x \\) 의 정의역은 \\( [-1,1] \\)이고 치역은 \\( [0, \\pi] \\)이다. 즉 \\[\\begin{array}{l} y=\\cos ^{-1} x \\Longleftrightarrow x=\\cos y \\\\ -1 \\leq x \\leq 1, \\quad 0 \\leq y \\leq \\pi \\end{array}\\]</p> <p>예제 6.14</p> <p>다음을 계산하여라.</p> <p>(i) \\( \\sin ^{-1}\\left(\\frac{1}{\\sqrt{2}}\\right) \\) (ii) \\( \\cos ^{-1}\\left(-\\frac{1}{2}\\right) \\) (iii) \\( \\sin ^{-1}\\left(\\sin \\frac{5}{6} \\pi\\right) \\) (iv) \\( \\cos \\left(\\cos ^{-1} \\frac{6}{10}\\right) \\)</p> <p>풀이</p> <p>(i) \\( \\sin ^{-1}\\left(\\frac{1}{\\sqrt{2}}\\right)=x \\)라 놓으면 \\( \\frac{1}{\\sqrt{2}}=\\sin x \\) 이므로 \\( x=\\frac{\\pi}{4}, \\frac{3}{4} \\pi \\)이다. 하지만 \\( -\\frac{\\pi}{2} \\leq \\) \\( \\sin ^{-1}\\left(\\frac{1}{\\sqrt{2}}\\right)=x \\leq \\frac{\\pi}{2} \\)이므로 \\( x=\\frac{1}{4} \\pi \\)이다.</p> <p>(ii) \\( \\cos ^{-1}\\left(-\\frac{1}{2}\\right)=x \\)라 놓으면 \\( -\\frac{1}{2}=\\cos x \\)이므로 \\( x=\\frac{2}{3} \\pi, \\frac{4}{3} \\pi \\)이지만 \\( 0 \\leq \\cos ^{-1}\\left(-\\frac{1}{2}\\right) \\leq \\) \\( \\pi \\)이므로 \\( x=\\frac{2}{3} \\pi \\)이다.</p> <p>(iii) \\( \\sin ^{-1}\\left(\\sin \\frac{5}{6} \\pi\\right)=\\sin ^{-1}\\left(\\frac{1}{2}\\right)=\\frac{1}{6} \\pi \\)</p> <p>(iv) \\( \\cos \\left(\\cos ^{-1} \\frac{6}{10}\\right)=\\frac{6}{10} \\)</p> <p>\\( y=\\tan x \\)의 정의역을 \\( \\left(-\\frac{\\pi}{2}, \\frac{\\pi}{2}\\right) \\)로 제한하면 역함수 \\( y=\\tan ^{-1} x \\)가 존재한다. 따라서 \\[\\begin{array}{c} y=\\tan ^{-1} x \\Longleftrightarrow x=\\tan y \\\\ -\\frac{\\pi}{2}<y<\\frac{\\pi}{2} \\end{array}\\] 이다.</p> <p>\\( y=\\sec x \\)의 정의역을 \\( \\left[0, \\frac{\\pi}{2}\\right) \\cup\\left(\\frac{\\pi}{2}, \\pi\\right] \\)로 제한하면 역함수 \\( y=\\sec ^{-1} x \\)가 존재한다. 따라서 \\[\\begin{array}{r} y=\\sec ^{-1} x \\Longleftrightarrow x=\\sec y \\\\ |x| \\geq 1, \\quad 0 \\leq y \\leq \\pi, \\quad y \\neq \\frac{\\pi}{2} \\end{array}\\] 이다. 다른 삼각함수의 역함수는 다음과 같다. \\[\\begin{array}{l} y=\\cot ^{-1} x \\Leftrightarrow x=\\cot y \\\\ x \\text { 는 모든 실수, } 0<y<\\pi \\\\ y=\\csc ^{-1} x \\Leftrightarrow x=\\csc y \\\\ |x| \\geq 1,0<|y| \\leq \\frac{\\pi}{2} \\end{array}\\]</p>",
                "context_length": 2523,
                "summary": "적분을 간편하게 구하기 위해 역삼각함수의 도함수를 활용하는 방법을 설명한다. \\( y=\\sin x \\)의 역함수를 \\( \\arcsin \\)함수라 하며 \\( y=\\sin ^{-1} x \\)로 표현한다. \\( y=\\cos x \\)는 정의역을 \\( [0, \\pi] \\)로 제한하면 역함수 \\( y=\\cos ^{-1} x \\)를 갖게 된다. 반면 \\( y=\\sin x \\)는 전단사함수가 아니지만 정의역을 \\( \\left[-\\frac{\\pi}{2}, \\frac{\\pi}{2}\\right] \\)로 제한하면 역함수를 갖게 된다. 이외의 삼각함수 역함수에 대한 내용도 다룬다.",
                "clue": [
                    {
                        "clue_text": "적분을 보다 간편하게 구하기 위하여 역삼각함수의 도함수를 이용하는 방법을 다룬다.",
                        "clue_start": "22",
                        "clue_end": "67"
                    },
                    {
                        "clue_text": "\\( y=\\sin x,-\\frac{\\pi}{2} \\leq x \\leq \\frac{\\pi}{2} \\)의 역함수를 \\( \\arcsin \\)함수라 하고 \\( y=\\sin ^{-1} x \\)로 쓴다.",
                        "clue_start": "199",
                        "clue_end": "306"
                    },
                    {
                        "clue_text": "\\( y=\\cos x \\)는 정의역을 \\( [0, \\pi] \\)로 제한하면 전단사함수가 되고 역함수 \\( y=\\cos ^{-1} x \\)를 갖는다.",
                        "clue_start": "569",
                        "clue_end": "651"
                    },
                    {
                        "clue_text": "\\( y=\\sin x \\)는 전단사함수가 아니므로 역함수를 갖지 않지만 정의역을 \\( \\left[-\\frac{\\pi}{2}, \\frac{\\pi}{2}\\right] \\)로 제한하면 역함수를 갖는다.",
                        "clue_start": "68",
                        "clue_end": "177"
                    },
                    {
                        "clue_text": "다른 삼각함수의 역함수는 다음과 같다.",
                        "clue_start": "2311",
                        "clue_end": "2332"
                    }
                ],
                "terminology": [
                    {
                        "word": "도함수"
                    },
                    {
                        "word": "삼각함수"
                    },
                    {
                        "word": "실수"
                    },
                    {
                        "word": "역삼각함수"
                    },
                    {
                        "word": "역함수"
                    },
                    {
                        "word": "적분"
                    },
                    {
                        "word": "전단사함수"
                    },
                    {
                        "word": "정의역"
                    },
                    {
                        "word": "치역"
                    }
                ]
            },
            {
                "context_id": "55e-0c9-62a8c051-2329-454d-86a3-12a2395aa66d",
                "context_K-NSCC": {
                    "field": "자연",
                    "large_category": "NA",
                    "medium_category": "02"
                },
                "context": "<p>예제 6.7</p> <p>\\(\\int e^{3 x+1} d x \\) 를 구하여라.</p> <p>풀이</p>\\(\\begin{aligned}\\int e^{3 x+1} d x &=\\int_{1} e^{3 x+1} \\cdot \\frac{1}{3} \\cdot(3 x+1)^{\\prime} d x=\\frac{1}{3} \\int e^{3 x+1} \\cdot(3 x+1)^{\\prime} d x \\\\&=\\frac{1}{3} e^{3 x+1}+C\\end{aligned}\\)</p> <p>자연로그함수의 역함수로 자연지수함수를 정의하였다. 이들로부터 일반적인 지수함수와 로그함수를 정의하고자 한다.</p> <p>정의 6.3</p> <p>\\( a \\neq 1 \\)인 양수, 임의의 실수 \\( x \\)에 대하여 \\[a^{x}=e^{x \\ln a}\\] 라 한다.</p> <p>위의 정의로부터 모든 실수 \\( x \\)에 대하여 \\[\\ln \\left(a^{x}\\right)=\\ln \\left(e^{x \\ln a}\\right)=x \\ln a\\]<caption>(6.8)</caption>가 성립한다.</p> <p>정리 6.6</p> <p>\\( a \\neq 1 \\)인 양수이고 \\( x \\)와 \\( y \\)가 실수이면 다음이 성립한다.</p> <p>(i) \\( a^{x} a^{y}=a^{x+y} \\) (ii) \\( \\frac{a^{x}}{a^{y}}=a^{x-y} \\) (iii) \\( \\left(a^{x}\\right)^{y}=a^{x y} \\)</p> <p>[증명]</p> <p>\\[\\text { (i) } \\begin{aligned} a^{x+y}=e^{[(x+y) \\ln a]} &=e^{(x \\ln a+y \\ln a)} \\\\ &=e^{x \\ln a} e^{y \\ln a} \\\\ &=a^{x} a^{y} \\end{aligned}\\]<caption>정리(6.5)</caption>(ii) (i)에서 \\( y=-x \\)를 대입하면 \\( a^{0}=e^{0 \\ln a}=e^{0}=1 \\)이므로 \\[a^{x} a^{-x}=a^{x-x}=a^{0}=1\\] 이다. 따라서 \\[a^{-x}=\\frac{1}{a^{x}}\\] 이고 \\[\\frac{a^{x}}{a^{y}}=a^{x} \\cdot a^{-y}=a^{x-y}\\] 이 성립한다. (iii) 식 (6.8)를 이용하면 \\[\\left(a^{x}\\right)^{y}=e^{y \\ln a^{x}}=e^{y x \\ln a}=a^{x y} .\\] 지수함수 \\( y=a^{x} \\)를 미분하면 \\[\\frac{d}{d x} a^{x}=\\frac{d}{d x}\\left(e^{x \\ln a}\\right)=(\\ln a) e^{x \\ln a}=(\\ln a) a^{x} \\text { nonumber }\\]<caption>(6.9)</caption></p> <p>\\[\\frac{d}{d x} a^{x}=a^{x} \\ln a\\]<caption>(6.10)</caption>\\( r \\)이 임의의 실수일 때 \\[\\frac{d}{d x} x^{r}=\\frac{d}{d x}\\left(e^{r \\ln x}\\right)=\\frac{r}{x} e^{r \\ln x}=\\frac{r}{x} x^{r}=r x^{r-1}, \\quad x>0\\] 이다. 즉 \\[\\frac{d}{d x} x^{r}=r x^{r-1} .\\]<caption>(6.11)</caption></p> <p>예제 6.9</p> <p>\\( \\frac{d}{d x} 5^{3 x} \\)를 구하여라.</p> <p>풀이</p> <p>\\( \\frac{d}{d x} 5^{3 x}=3(\\ln 5) 5^{3 x} \\)</p> <p>예제 6.10</p> <p>\\( f(x)=(2 x)^{\\sin x}, x>0 \\)에서 \\( f^{\\prime}(x) \\)를 구하여라.</p> <p>풀이</p> <p>\\( \\begin{aligned} f(x)=(2 x)^{\\sin x}=e^{\\sin x \\ln 2 x} \\text { 이므로 } \\\\ f^{\\prime}(x) &=\\left[(\\cos x) \\ln 2 x+(\\sin x) \\cdot \\frac{1}{2 x} \\cdot 2\\right] e^{\\sin x \\ln 2 x} \\\\ &=\\left[(\\ln 2 x) \\cos x+\\frac{1}{x} \\sin x\\right](2 x)^{\\sin x} \\end{aligned} \\)</p> <p>예제 6.11</p> <p>\\( f(x)=x^{x}, x>0 \\) 일 때 \\( f^{\\prime}(x) \\) 를 구하여라.</p> <p>풀이</p> <p>\\( f(x)=x^{x}=e^{x \\ln x} \\)이므로 \\[f^{\\prime}(x)=\\left[\\ln x+x \\frac{1}{x}\\right] e^{x \\ln x}=[1+\\ln x] x^{x} .\\] \\( \\frac{d}{d x} a^{x}=(\\ln a) a^{x} \\)이므로 \\[ \\int a^{x} d x=\\frac{1}{\\ln a} a^{x}+C. \\]</p> <p>예제 6.12</p> <p>\\( \\int 2^{x^{3}} x^{2} d x \\)를 구하여라.</p> <p>풀이</p> <p>\\( \\begin{aligned} \\int 2^{x^{3}} x^{2} d x &=\\int 2^{x^{3}} \\cdot \\frac{1}{3} \\cdot\\left(x^{3}\\right)^{\\prime} d x=\\frac{1}{3} \\int 2^{x^{3}} \\cdot\\left(x^{3}\\right)^{\\prime} d x \\\\ &=\\frac{1}{3} 2^{x^{3}} \\cdot \\frac{1}{\\ln 2}+C=\\frac{1}{3 \\ln 2} 2^{x^{3}}+C \\end{aligned} \\)</p> <p>\\( 0<a<1 \\)이면 \\( f(x)=a^{x} \\)은 순감소함수이고 \\( a>1 \\)이면 \\( f(x)=a^{x} \\)은 순증가함수이므로 \\( f(x)=a^{x} \\)은 역함수를 갖는다.</p> <p>정의 6.4</p> <p>\\( a \\neq 1 \\)인 양수이면 \\( y=a^{x} \\)의 역함수를 \\[y=\\log _{a} x\\] 으로 쓰고 \\( a \\)를 밑으로 하는 로그함수라 한다.</p> <p>정의로부터 \\[a^{\\log _{a} x}=x, \\quad \\log _{a} a^{x}=x\\] 가 성립한다. \\[y=\\log _{a} x \\Leftrightarrow x=a^{y}\\] 이므로 \\( a \\)대신 \\( e \\)를 대입하면 정의 6.2과 식 (6.5) 로부터 \\[\\log _{e} x=\\ln x\\] 이다. \\( y=\\log _{a} x \\)이면 \\( x=a^{y} \\)이므로 \\[\\ln x=y \\ln a\\] 이다. 따라서 \\[\\log _{a} x=\\frac{\\ln x}{\\ln a}\\]<caption>(6.12)</caption>이다. \\( y=\\log _{a} x \\)의 도함수를 구하기 위해 \\( x=a^{y} \\)로 놓고 정리 6.4를 이용하면 \\[\\frac{d y}{d x}=\\frac{1}{\\frac{d x}{d y}}=\\frac{1}{(\\ln a) a^{y}}=\\frac{1}{x \\ln a}\\] 이다. 즉 \\[\\frac{d}{d x} \\log _{a} x=\\frac{1}{x \\ln a} .\\]</p> <p>예제 6.13</p> <p>\\( y=\\log _{10}\\left(x^{2}-3 x\\right) \\)일 때 \\( \\frac{d y}{d x} \\)를 구하여라.</p> <p>풀이</p> <p>\\( \\frac{d y}{d x}=\\frac{1}{\\ln 10} \\cdot \\frac{1}{x^{2}-3 x} \\cdot\\left(x^{2}-3 x\\right)^{\\prime}=\\frac{2 x-3}{\\left(x^{2}-3 x\\right) \\ln 10} \\)</p> <p>정리 6.7</p> <p>\\( a \\neq 1 \\)인 양수, \\( x>0, y>0 \\)에 대하여 \\[\\log _{a} x y=\\log _{a} x+\\log _{a} y .\\]</p> <p>[증명]</p> <p>식 (6.12)와 정리 5.12에 의하여 \\[\\log _{a} x y=\\frac{\\ln x y}{\\ln a}=\\frac{\\ln x+\\ln y}{\\ln a}=\\frac{\\ln x}{\\ln a}+\\frac{\\ln y}{\\ln a}=\\log _{a} x+\\log _{a} y .\\]</p>",
                "context_length": 4066,
                "summary": "\\( a \\neq 1 \\)인 양수, 임의의 실수 \\( x \\)에 대하여 \\[a^{x}=e^{x \\ln a}\\]라 정의한다. 위의 정의에서 모든 실수 \\( x \\)에 대하여 \\[\\ln \\left(a^{x}\\right)=\\ln \\left(e^{x \\ln a}\\right)=x \\ln a\\]가 성립한다. \\( a \\neq 1 \\)인 양수이고 \\( x \\)와 \\( y \\)가 실수이면 (i) \\( a^{x} a^{y}=a^{x+y} \\) (ii) \\( \\frac{a^{x}}{a^{y}}=a^{x-y} \\) (iii) \\( \\left(a^{x}\\right)^{y}=a^{x y} \\)이 성립한다. \\( a \\neq 1 \\)인 양수, \\( x>0, y>0 \\)에 대하여 \\[\\log _{a} x y=\\log _{a} x+\\log _{a} y .\\] 라고 정리할 수 있다.",
                "clue": [
                    {
                        "clue_text": "자연로그함수의 역함수로 자연지수함수를 정의하였다.",
                        "clue_start": "266",
                        "clue_end": "293"
                    },
                    {
                        "clue_text": "\\( a \\neq 1 \\)인 양수, 임의의 실수 \\( x \\)에 대하여 \\[a^{x}=e^{x \\ln a}\\] 라 한다.",
                        "clue_start": "348",
                        "clue_end": "415"
                    },
                    {
                        "clue_text": "(i) \\( a^{x} a^{y}=a^{x+y} \\) (ii) \\( \\frac{a^{x}}{a^{y}}=a^{x-y} \\) (iii) \\( \\left(a^{x}\\right)^{y}=a^{x y} \\)",
                        "clue_start": "628",
                        "clue_end": "739"
                    },
                    {
                        "clue_text": "즉 \\[\\frac{d}{d x} x^{r}=r x^{r-1} .\\]<caption>(6.11)</caption>",
                        "clue_start": "1587",
                        "clue_end": "1649"
                    }
                ],
                "terminology": [
                    {
                        "word": "도함수"
                    },
                    {
                        "word": "로그함수"
                    },
                    {
                        "word": "순감소함수"
                    },
                    {
                        "word": "순증가함수"
                    },
                    {
                        "word": "실수"
                    },
                    {
                        "word": "양수"
                    },
                    {
                        "word": "역함수"
                    },
                    {
                        "word": "자연로그함수"
                    },
                    {
                        "word": "자연지수함수"
                    },
                    {
                        "word": "지수함수"
                    }
                ]
            },
            {
                "context_id": "55e-0c9-merge_2_96aba9d6-34e59ced-667e-494c-b98a-d4578a7d4e1f_08",
                "context_K-NSCC": {
                    "field": "자연",
                    "large_category": "NA",
                    "medium_category": "02"
                },
                "context": "<p>예제 6.23</p> <p>\\( \\int_ { -1 } ^ { 1 } \\frac { 1 } { 1 + x ^ { 2 } } d x \\)를 구하여라.</p> <p>풀이</p> <p>\\( \\begin {aligned} \\int_ { -1 } ^ { 1 } \\frac { 1 } { 1 + x ^ { 2 } } d x &= \\left [ \\tan ^ { -1 } x \\right ]_ { -1 } ^ { 1 } = \\tan ^ { -1 } (1)- \\tan ^ { -1 } (-1) \\\\ &= \\frac {\\pi } { 4 } - \\left (- \\frac {\\pi } { 4 } \\right )= \\frac {\\pi } { 2 } \\end {aligned} \\)</p> <p>예제 6.24</p> <p>\\( \\int \\frac { 1 } { x ^ { 2 } + 16 } d x \\)를 구하여라.</p> <p>풀이</p> <p>\\( \\begin {aligned} \\int \\frac { 1 } { x ^ { 2 } + 16 } d x &= \\frac { 1 } { 16 } \\int \\frac { 1 } { 1 + \\left ( \\frac { x } { 4 } \\right ) ^ { 2 } } d x= \\frac { 1 } { 16 } \\cdot 4 \\tan ^ { -1 } \\frac { x } { 4 } + C \\\\ &= \\frac { 1 } { 4 } \\tan ^ { -1 } \\frac { x } { 4 } + C \\end {aligned} \\)</p> <p>예제 6.24에서 이용한 방법으로 다음 식을 얻는다. \\[ \\int \\frac { 1 } { x ^ { 2 } + a ^ { 2 } } d x= \\frac { 1 } { a } \\tan ^ { -1 } \\frac { x } { a } + C, \\quad a>0 \\]</p> <p>예제 6.25</p> <p>\\( \\int \\frac { 1 } { 2 x ^ { 2 } + 2 x + 1 } d x \\)를 구하여라.</p> <p>풀이</p> <p>\\( \\begin {aligned} \\int \\frac { 1 } { 2 x ^ { 2 } + 2 x + 1 } d x &= \\int \\frac { 1 } { 2 \\left (x + \\frac { 1 } { 2 } \\right ) ^ { 2 } - \\frac { 1 } { 2 } + 1 } d x= \\int \\frac { 1 } {\\frac { 1 } { 2 } + 2 \\left (x + \\frac { 1 } { 2 } \\right ) ^ { 2 } } d x \\\\ &= \\int \\frac { 1 } {\\frac { 1 } { 2 } \\left [1 + \\left \\{ 2 \\left (x + \\frac { 1 } { 2 } \\right ) \\right \\} ^ { 2 } \\right ] } d x=2 \\int \\frac { 1 } { 1 + \\left [2 \\left (x + \\frac { 1 } { 2 } \\right ) \\right ] ^ { 2 } } d x \\\\ &=2 \\cdot \\frac { 1 } { 2 } \\tan ^ { -1 } 2 \\left (x + \\frac { 1 } { 2 } \\right ) + C \\\\ &= \\tan ^ { -1 } (2 x + 1) + C \\end {aligned} \\)</p>",
                "context_length": 1649,
                "summary": "예제 6.24의 방법으로 \\( \\int \\frac { 1 } { 2 x ^ { 2 } + 2 x + 1 } d x = \\frac { 1 } { \\sqrt { 2 } } \\tan ^ { -1 } \\frac { x + 1 } { \\sqrt { 2 } } + C\\)를 얻을 수 있다.",
                "clue": [
                    {
                        "clue_text": "\\( \\begin {aligned} \\int_ { -1 } ^ { 1 } \\frac { 1 } { 1 + x ^ { 2 } } d x &= \\left [ \\tan ^ { -1 } x \\right ]_ { -1 } ^ { 1 } = \\tan ^ { -1 } (1)- \\tan ^ { -1 } (-1) \\\\ &= \\frac {\\pi } { 4 } - \\left (- \\frac {\\pi } { 4 } \\right )= \\frac {\\pi } { 2 } \\end {aligned} \\)",
                        "clue_start": "103",
                        "clue_end": "371"
                    },
                    {
                        "clue_text": "\\( \\begin {aligned} \\int \\frac { 1 } { x ^ { 2 } + 16 } d x &= \\frac { 1 } { 16 } \\int \\frac { 1 } { 1 + \\left ( \\frac { x } { 4 } \\right ) ^ { 2 } } d x= \\frac { 1 } { 16 } \\cdot 4 \\tan ^ { -1 } \\frac { x } { 4 } + C \\\\ &= \\frac { 1 } { 4 } \\tan ^ { -1 } \\frac { x } { 4 } + C \\end {aligned} \\)",
                        "clue_start": "464",
                        "clue_end": "759"
                    },
                    {
                        "clue_text": "예제 6.24에서 이용한 방법으로 다음 식을 얻는다.",
                        "clue_start": "767",
                        "clue_end": "796"
                    }
                ],
                "terminology": []
            },
            {
                "context_id": "55e-0c9-7cf007dd-2654-4ca8-8155-2ae6105ed794",
                "context_K-NSCC": {
                    "field": "자연",
                    "large_category": "NA",
                    "medium_category": "02"
                },
                "context": "<h2>6.2지수함수와 로그함수</h2> <p>\\( \\ln x=\\int_{1}^{x} \\frac{1}{t} d t, x>0 \\) 이고 \\( \\frac{d}{d x} \\ln x=\\frac{1}{x}>0 \\) 이므로 \\( \\ln x \\) 는 정리 6.2에 의하여 역함수를 갖는다.</p> <p>정의 6.2</p> <p>자연로그함수 \\( y=\\ln x \\)의 역함수를 자연지수함수라 하고 함수값을 \\( \\exp x \\)로 표시한다.</p> <p>\\( \\ln x \\)는 \\( x>0 \\)에서 미분가능하므로 연속이다. 중간값 정리에 의하여 구간 [1,4]에서 \\( \\ln e=1 \\)이 되는 \\( e \\)가 존재한다. \\[y=\\exp x \\Leftrightarrow x=\\ln y \\]<caption>(6.4)</caption>이므로 \\[\\exp 1=e\\]<caption>(6.5)</caption>이다. \\( r \\)이 유리수일 때 정리 5.12에 의하여 \\[\\ln e^{r}=r \\ln e=r\\] 이고 식 (6.4)에서 \\( x \\) 대신에 \\( r \\)를, \\( y \\)대신에 \\( e^{r} \\)을 대입하면 \\[e^{r}=\\exp r \\Longleftrightarrow r=\\ln e^{r}\\] 이므로 \\[e^{r}=\\exp r, r \\text { 은 유리수 }\\] 이다. \\( r \\)이 무리수인 경우에도 \\( e^{r} \\)을 \\( \\exp r \\)로 정의하면 모든 실수 \\( x \\)에 대하여 \\[\\exp x=e^{x}\\]<caption>(6.6)</caption>이 성립한다.</p> <p>자연지수함수의 정의에 의하여 \\[\\begin{array}{c} \\exp (\\ln x)=x, x>0 \\\\ \\ln (\\exp y)=y \\end{array}\\] 이므로 식 (6.6) 의 표현을 쓰면 \\[e^{\\ln x}=x, x>0, \\quad \\ln e^{y}=y\\]<caption>(6.7)</caption>가 성립한다.</p> <p>정리 6.5</p> <p>임의의 실수 \\( a, b \\)에 대하여 다음이 성립한다. \\[e^{a} e^{b}=e^{a+b}\\]</p> <p>[증명]</p> <p>식 (6.7)과 정리 5.12에 의하여 \\[e^{a} e^{b}=\\exp \\left(\\ln e^{a} e^{b}\\right)=\\exp \\left(\\ln e^{a}+\\ln e^{b}\\right)=\\exp (a+b)=e^{a+b}\\] 이다. \\( y=e^{x} \\)의 도함수를 구하자. \\[y=e^{x} \\Leftrightarrow x=\\ln y\\] 이므로 정리 6.4에 의하여 \\[\\frac{d y}{d x}=\\frac{1}{\\frac{d x}{d y}}=\\frac{1}{\\frac{1}{y}}=y=e^{x}\\] 이다. 즉 \\[\\frac{d}{d x} e^{x}=e^{x}\\] 이다.</p> <p>예제6.5</p> <p>\\(f(x)=e^{x^{2} \\ln x} \\)의 도함수를 구하여라.</p> <p>풀이</p> <p>\\(f^{\\prime}(x)=\\left(x^{2} \\ln x\\right)^{\\prime} e^{x^{2} \\ln x}=\\left(2 x \\ln x+x^{2} \\cdot \\frac{1}{x}\\right) e^{x^{2} \\ln x}=x\\left(\\ln x^{2}+1\\right) e^{x^{2} \\ln x}\\)</p> <p>예제 6.6</p> <p>\\(f(x)=x e^{\\frac{x}{2}} \\)의 그래프를 그려라.<p>풀이</p> <p>\\( f^{\\prime}(x)=e^{\\frac{x}{2}}+\\frac{1}{2} x e^{\\frac{x}{2}}=\\left(1+\\frac{1}{2} x\\right) e^{\\frac{x}{2}}=\\left(\\frac{x+2}{2}\\right) e^{\\frac{x}{2}} \\), \\( f^{\\prime \\prime}(x)=\\frac{1}{2}\\left(\\frac{x+2}{2}\\right) e^{\\frac{x}{2}}+\\frac{1}{2} e^{\\frac{x}{2}}=\\left(\\frac{x+4}{4}\\right) e^{\\frac{x}{2}} \\) \\( f^{\\prime}(-2)=0 \\) 이며 \\( x<-2 \\) 이면 \\( f^{\\prime}(x)<0 \\)이다. \\( x>-2 \\)이면 \\( f^{\\prime}(x)>0 \\)이므로 \\( (-\\infty,-2] \\)에서 \\( f \\)는 감소하고 \\( [-2, \\infty) \\)에서 \\( f \\)는 증가한다. \\( f \\)는 끝점과 특이점을 갖지 않으므로 최소값은 \\( f(-2)=-2 e^{-1} \\)이다. \\( f^{\\prime \\prime}(-4)=0 \\)이며 \\( x<-4 \\)일 때 \\( f^{\\prime \\prime}(x)<0 \\)이고 \\( x>-4 \\)일 때 \\( f^{\\prime \\prime}(x)>0 \\)이므로 \\( f \\)의 그래프는 \\( (-\\infty,-4) \\)에서 아래로 오목하고 \\( (-4, \\infty) \\)에서 위로 오목하다. \\( f^{\\prime \\prime} \\)이 존재하지 않는 점은 없으므로 \\[(-4, f(-4))=\\left(-4,-4 e^{-2}\\right)\\] 가 \\( f \\)의 유일한 변곡점이다. 또한 \\[\\lim _{x \\rightarrow \\infty} f(x)=\\infty, \\quad \\lim _{x \\rightarrow-\\infty} f(x)=0\\] 이므로 이들을 종합하면 \\( f \\)의 그래프는 그림 6.4와 같다.</p> <p>\\(\\frac{d}{d x} e^{x}=e^{x}\\)으로부터 \\[\\int e^{x} d x=e^{x}+C\\] 라는 적분 공식을 얻는다.</p>",
                "context_length": 2758,
                "summary": "\\( \\ln x=\\int_{1}^{x} \\frac{1}{t} d t, x>0 \\) 이고 \\( \\frac{d}{d x} \\ln x=\\frac{1}{x}>0 \\) 이므로 \\( \\ln x \\)는 역함수를 가진다. 자연로그함수 \\( y=\\ln x \\)의 역함수를 자연지수함수라 하고 함수값을 \\( \\exp x \\)로 나타낸다. 임의의 실수 \\( a, b \\)에 대해 \\[e^{a} e^{b}=e^{a+b}\\]가 성립한다.",
                "clue": [
                    {
                        "clue_text": "자연로그함수 \\( y=\\ln x \\)의 역함수를 자연지수함수라 하고 함수값을 \\( \\exp x \\)로 표시한다.",
                        "clue_start": "176",
                        "clue_end": "238"
                    },
                    {
                        "clue_text": "임의의 실수 \\( a, b \\)에 대하여 다음이 성립한다.",
                        "clue_start": "981",
                        "clue_end": "1013"
                    },
                    {
                        "clue_text": "\\[e^{a} e^{b}=e^{a+b}\\]",
                        "clue_start": "1014",
                        "clue_end": "1037"
                    },
                    {
                        "clue_text": "\\( \\ln x=\\int_{1}^{x} \\frac{1}{t} d t, x>0 \\) 이고 \\( \\frac{d}{d x} \\ln x=\\frac{1}{x}>0 \\) 이므로 \\( \\ln x \\) 는 정리 6.2에 의하여 역함수를 갖는다.",
                        "clue_start": "26",
                        "clue_end": "154"
                    }
                ],
                "terminology": [
                    {
                        "word": "도함수"
                    },
                    {
                        "word": "로그함수"
                    },
                    {
                        "word": "미분가능"
                    },
                    {
                        "word": "실수"
                    },
                    {
                        "word": "역"
                    },
                    {
                        "word": "역함수"
                    },
                    {
                        "word": "오목"
                    },
                    {
                        "word": "자연로그함수"
                    },
                    {
                        "word": "자연지수함수"
                    },
                    {
                        "word": "적분"
                    },
                    {
                        "word": "적분 공식"
                    },
                    {
                        "word": "중간값 정리"
                    },
                    {
                        "word": "특이점"
                    },
                    {
                        "word": "함수"
                    }
                ]
            },
            {
                "context_id": "55e-0c9-1e898ed9-61dc-48f1-8186-74e043b1621d",
                "context_K-NSCC": {
                    "field": "자연",
                    "large_category": "NA",
                    "medium_category": "02"
                },
                "context": "<p>예제 6.15</p> <p>다음을 계산하여라.</p> <p>(i) \\( \\tan ^{-1}(1) \\) (ii) \\( \\sec ^{-1}(2) \\)</p> <p>풀이</p> <p>(i) \\( x=\\tan ^{-1}(1) \\)이라 놓으면 \\( 1=\\tan x \\)이고 \\( x=\\frac{\\pi}{4}, \\frac{5}{4} \\pi \\)이다. \\( -\\frac{\\pi}{2}<\\tan ^{-1}(1)<\\frac{\\pi}{2} \\)이므로 \\( x=\\frac{\\pi}{4} \\)이다.</p> <p>(ii) \\( x=\\sec ^{-1}(2) \\)라 놓으면 \\( 2=\\sec x=\\frac{1}{\\cos x} \\)이고 \\( x=\\frac{\\pi}{3}, \\frac{5}{3} \\pi \\)이다. \\( 0 \\leq \\sec ^{-1}(2) \\leq \\)\\( \\pi, \\sec ^{-1}(2) \\neq \\frac{\\pi}{2} \\)이므로 \\( x=\\frac{\\pi}{3} \\)이다.</p> <p>정리 6.8</p> <p>(i) \\( \\sin \\left(\\cos ^{-1} x\\right)=\\sqrt{1-x^{2}} \\) (ii) \\( \\cos \\left(\\sin ^{-1} x\\right)=\\sqrt{1-x^{2}} \\) (iii) \\( \\sec \\left(\\tan ^{-1} x\\right)=\\sqrt{1+x^{2}} \\) (iv) \\( \\tan \\left(\\sec ^{-1} x\\right)=\\pm \\sqrt{x^{2}-1} \\) (v) \\( \\tan \\left(\\sin ^{-1} x\\right)=\\frac{x}{\\sqrt{1-x^{2}}} \\) (vi) \\( \\cos \\left(\\tan ^{-1} x\\right)=\\frac{1}{\\sqrt{1+x^{2}}} \\)</p> <p>[증명]</p> <p>(i)과 (v)만 증명하도록 한다.</p> <p>(i) \\( \\sin ^{2} \\theta+\\cos ^{2} \\theta=1 \\)이므로 \\( 0 \\leq \\theta \\leq \\pi \\)일 때 \\( \\sin \\theta=\\sqrt{1-\\cos ^{2} \\theta} \\)이다. \\[\\sin \\left(\\cos ^{-1} x\\right)=\\sqrt{1-\\cos ^{2}\\left(\\cos ^{-1} x\\right)}=\\sqrt{1-x^{2}} .\\]</p> <p>(v) \\( -\\frac{\\pi}{2}<\\theta<\\frac{\\pi}{2} \\)일 때 \\[\\tan \\theta=\\frac{\\sin \\theta}{\\cos \\theta}=\\frac{\\sin \\theta}{\\sqrt{1-\\sin ^{2} \\theta}}\\] 이므로 \\( \\theta=\\sin ^{-1} x \\)를 대입하면 \\[\\tan \\left(\\sin ^{-1} x\\right)=\\frac{\\sin \\left(\\sin ^{-1} x\\right)}{\\sqrt{1-\\sin ^{2}\\left(\\sin ^{-1} x\\right)}}=\\frac{x}{\\sqrt{1-x^{2}}} .\\]</p> <p>예제 6.17</p> <p>\\( \\cos \\left(2 \\tan ^{-1} x\\right)=\\frac{1-x^{2}}{1+x^{2}} \\)임을 보여라.</p> <p>풀이</p> <p>\\( \\cos 2 \\theta=2 \\cos ^{2} \\theta-1 \\)이므로 \\[\\begin{aligned} \\cos \\left(2 \\tan ^{-1} x\\right) &=2 \\cos ^{2}\\left(\\tan ^{-1} x\\right)-1 \\\\ &=2\\left(\\frac{1}{\\sqrt{1+x^{2}}}\\right)^{2}-1=\\frac{2}{1+x^{2}}-1=\\frac{1-x^{2}}{1+x^{2}} \\end{aligned}\\]</p> <p>\\( y=\\sin ^{-1} x \\)의 도함수를 구하여 보자. \\[\\begin{array}{l} y=\\sin ^{-1} x \\Longleftrightarrow x=\\sin y \\\\ -1 \\leq x \\leq 1, \\quad-\\frac{\\pi}{2} \\leq y \\leq \\frac{\\pi}{2} \\end{array}\\] 의 우변에서 \\( x \\)에 관하여 미분하면 \\[\\frac{d y}{d x}=\\frac{1}{\\frac{d x}{d y}}=\\frac{1}{\\cos y}=\\frac{1}{\\pm \\sqrt{1-\\sin ^{2} y}}\\] 이다. \\( -\\frac{\\pi}{2} \\leq y=\\sin ^{-1} x \\leq \\frac{\\pi}{2} \\)이므로 \\( 0 \\leq \\cos y \\)이고 \\[y^{\\prime}=\\frac{1}{\\sqrt{1-\\sin ^{2} y}}=\\frac{1}{\\sqrt{1-x^{2}}}\\] 이다. 따라서 \\[\\frac{d}{d x} \\sin ^{-1} x=\\frac{1}{\\sqrt{1-x^{2}}}, \\quad-1<x<1\\] 비슷한 방법으로 다음 사실이 성립함을 보일 수 있다. \\[\\begin{aligned} \\frac{d}{d x} \\cos ^{-1} x &=\\frac{-1}{\\sqrt{1-x^{2}}}, &-1<x<1 \\\\ \\frac{d}{d x} \\tan ^{-1} x &=\\frac{1}{1+x^{2}} \\\\ \\frac{d}{d x} \\sec ^{-1} x &=\\frac{1}{|x| \\sqrt{x^{2}-1}}, & &|x|>1 \\\\ \\frac{d}{d x} \\cot ^{-1} x &=\\frac{-1}{1+x^{2}} & \\\\ \\frac{d}{d x} \\csc ^{-1} x &=\\frac{-1}{|x| \\sqrt{x^{2}-1}}, & &|x|>1 \\end{aligned}\\] 위의 도함수의 공식으로부터 다음의 적분공식이 유도된다. \\[\\begin{array}{l} \\int \\frac{1}{\\sqrt{1-x^{2}}} d x=\\sin ^{-1} x+C \\\\ \\int \\frac{1}{1+x^{2}} d x=\\tan ^{-1} x+C \\\\ \\int \\frac{1}{x \\sqrt{x^{2}-1}} d x=\\sec ^{-1}|x|+C \\end{array}\\]</p>",
                "context_length": 2966,
                "summary": "\\( \\sin \\left(\\cos ^{-1} x\\right)=\\sqrt{1-x^{2}} \\), \\( \\tan \\left(\\sin ^{-1} x\\right)=\\frac{x}{\\sqrt{1-x^{2}}} \\) 등이 성립하는 것을 알아보았다. \\( y=\\sin ^{-1} x \\)의 도함수를 구하면 \\[\\frac{d}{d x} \\sin ^{-1} x=\\frac{1}{\\sqrt{1-x^{2}}}, \\quad-1<x<1\\]가 된다. 다른 삼각함수의 도함수도 비슷하게 구할 수 있고, 이러한 도함수의 공식으로부터 적분공식을 유도할 수 있다.",
                "clue": [
                    {
                        "clue_text": "(i) \\( \\sin \\left(\\cos ^{-1} x\\right)=\\sqrt{1-x^{2}} \\) (ii) \\( \\cos \\left(\\sin ^{-1} x\\right)=\\sqrt{1-x^{2}} \\) (iii) \\( \\sec \\left(\\tan ^{-1} x\\right)=\\sqrt{1+x^{2}} \\) (iv) \\( \\tan \\left(\\sec ^{-1} x\\right)=\\pm \\sqrt{x^{2}-1} \\) (v) \\( \\tan \\left(\\sin ^{-1} x\\right)=\\frac{x}{\\sqrt{1-x^{2}}} \\) (vi) \\( \\cos \\left(\\tan ^{-1} x\\right)=\\frac{1}{\\sqrt{1+x^{2}}} \\)",
                        "clue_start": "509",
                        "clue_end": "873"
                    },
                    {
                        "clue_text": "\\( y=\\sin ^{-1} x \\)의 도함수를 구하여 보자.",
                        "clue_start": "1837",
                        "clue_end": "1871"
                    },
                    {
                        "clue_text": "따라서 \\[\\frac{d}{d x} \\sin ^{-1} x=\\frac{1}{\\sqrt{1-x^{2}}}, \\quad-1<x<1\\] 비슷한 방법으로 다음 사실이 성립함을 보일 수 있다.",
                        "clue_start": "2303",
                        "clue_end": "2405"
                    },
                    {
                        "clue_text": "\\[\\begin{aligned} \\frac{d}{d x} \\cos ^{-1} x &=\\frac{-1}{\\sqrt{1-x^{2}}}, &-1<x<1 \\\\ \\frac{d}{d x} \\tan ^{-1} x &=\\frac{1}{1+x^{2}} \\\\ \\frac{d}{d x} \\sec ^{-1} x &=\\frac{1}{|x| \\sqrt{x^{2}-1}}, & &|x|>1 \\\\ \\frac{d}{d x} \\cot ^{-1} x &=\\frac{-1}{1+x^{2}} & \\\\ \\frac{d}{d x} \\csc ^{-1} x &=\\frac{-1}{|x| \\sqrt{x^{2}-1}}, & &|x|>1 \\end{aligned}\\] 위의 도함수의 공식으로부터 다음의 적분공식이 유도된다.",
                        "clue_start": "2406",
                        "clue_end": "2780"
                    }
                ],
                "terminology": [
                    {
                        "word": "도함수"
                    },
                    {
                        "word": "미분"
                    },
                    {
                        "word": "적분공식"
                    }
                ]
            },
            {
                "context_id": "55e-0c9-9322150a-c70d-4369-a7c2-02b0f309c62c",
                "context_K-NSCC": {
                    "field": "자연",
                    "large_category": "NA",
                    "medium_category": "02"
                },
                "context": "<p>\\( \\infty \\cdot 0 \\) 와 \\( \\infty-\\infty \\)형태들은 \\( \\frac{0}{0} \\) 또는 \\( \\frac{\\infty}{\\infty} \\)형태로 바꾸어 L'Hôpital의 법칙을 적용하며 \\( 0^{0} \\), \\( \\infty^{0} \\) 그리고 \\( 1^{\\infty} \\) 형태들은 지수 및 로그함수를 이용하여 도함수를 구한다.</p> <p>예제 6.32</p> <p>\\( \\lim _{x \\rightarrow \\infty} x \\sin \\frac{1}{x} \\)을 구하여라.</p> <p>풀이</p> <p>주어진 극한은 \\( 0 \\cdot \\infty \\)인 형태이다. \\( x=\\frac{1}{1 / x} \\)를 이용하여 주어진 식을 \\( \\frac{\\infty}{\\infty} \\)인 꼴로 바꾸면 \\[\\lim _{x \\rightarrow \\infty} x \\sin \\frac{1}{x}=\\lim _{x \\rightarrow \\infty} \\frac{\\sin \\frac{1}{x}}{\\frac{1}{x}}=\\lim _{x \\rightarrow \\infty} \\frac{-\\frac{1}{x^{2}} \\cos \\frac{1}{x}}{-\\frac{1}{x^{2}}}=\\lim _{x \\rightarrow \\infty} \\cos \\frac{1}{x}=1 .\\]</p> <p>예제 6.33</p> <p>\\( \\lim _{x \\rightarrow 0}\\left(\\frac{2}{x}-\\frac{2}{\\sin x}\\right) \\)를 구하여라.</p> <p>풀이</p> <p>주어진 극한은 \\( \\infty-\\infty \\)인 형태이다. 통분하여 \\( \\frac{0}{0} \\)인 꼴로 바꾸면 \\[\\begin{aligned} \\lim _{x \\rightarrow 0}\\left(\\frac{2}{x}-\\frac{2}{\\sin x}\\right) &=\\lim _{x \\rightarrow 0} \\frac{2 \\sin x-2 x}{x \\sin x}=\\lim _{x \\rightarrow 0} \\frac{2(\\cos x-1)}{\\sin x+x \\cos x} \\\\ &=\\lim _{x \\rightarrow 0} \\frac{-2 \\sin x}{\\cos x+\\cos x-x \\sin x}=0 . \\end{aligned}\\]</p> <p>예제 6.34</p> <p>\\( \\lim _{x \\rightarrow 0^{+}} x^{x} \\)을 구하여라.</p> <p>풀이</p> <p>주어진 극한은 \\( 0^{0} \\)인 형태이다. 지수의 정의 \\( x^{x}=e^{x \\ln x} \\)와 지수함수의 연속성을 이용하면 \\[\\lim _{x \\rightarrow 0^{+}} x^{x}=\\lim _{x \\rightarrow 0^{+}} e^{x \\ln x}=\\exp \\left(\\lim _{x \\rightarrow 0^{+}} x \\ln x\\right)\\] 이므로 극한 \\( \\lim _{x \\rightarrow 0^{+}} x \\ln x \\)을 구하여야 한다. \\( 0 \\cdot \\infty \\)인 형태이므로 예제 6.32와 같은 방법을 사용하면 \\[\\lim _{x \\rightarrow 0^{+}} x \\ln x=\\lim _{x \\rightarrow 0^{+}} \\frac{\\ln x}{\\frac{1}{x}}=\\lim _{x \\rightarrow 0^{+}} \\frac{\\frac{1}{x}}{-\\frac{1}{x^{2}}}=\\lim _{x \\rightarrow 0^{+}}(-x)=0\\] 이므로 주어진 극한은 \\( \\lim _{x \\rightarrow 0^{+}} x^{x}=\\lim _{x \\rightarrow 0^{+}} e^{x \\ln x}=e^{0}=1 \\)이다.</p> <p>예제 6.35</p> <p>\\( \\lim _{x \\rightarrow 0}(\\cos x)^{\\frac{1}{x}} \\)을 구하여라.</p> <p>풀이</p> <p>주어진 극한은 \\( 1^{\\infty} \\)인 형태이다. 지수의 정의 \\( (\\cos x)^{\\frac{1}{x}}=e^{\\frac{1}{x} \\ln (\\cos x)} \\)와 지수함수의 연속성을 이용하여 예제 6.34과 같이 먼저 극한 \\( \\lim _{x \\rightarrow 0} \\frac{1}{x} \\ln (\\cos x) \\)을 구하자. \\[\\lim _{x \\rightarrow 0} \\frac{1}{x} \\ln (\\cos x)=\\lim _{x \\rightarrow 0} \\frac{\\ln (\\cos x)}{x}=\\lim _{x \\rightarrow 0} \\frac{\\frac{1}{\\cos x} \\cdot(-\\sin x)}{1}=0\\] 이므로 \\( \\lim _{x \\rightarrow 0}(\\cos x)^{\\frac{1}{x}}=\\exp \\left(\\lim _{x \\rightarrow 0} \\frac{1}{x} \\ln (\\cos x)\\right)=e^{0}=1 \\)이다.</p> <p>예제 6.36</p> <p>\\( \\lim _{x \\rightarrow 0}(1+x)^{\\frac{1}{x}}=\\lim _{x \\rightarrow \\infty}\\left(1+\\frac{1}{x}\\right)^{x}=e \\)임을 보여라.</p> <p>풀이</p> <p>(1) 주어진 극한은 \\( 1^{\\infty} \\)형태이다. \\( (1+x)^{\\frac{1}{x}}=\\exp \\left(\\frac{1}{x} \\ln (1+x)\\right) \\) 이므로 예제 6.35과 같이 극한 \\( \\lim _{x \\rightarrow 0} \\frac{1}{x} \\ln (1+x) \\)을 구하자. \\( \\frac{0}{0} \\)형태이므로 L'Hôpital의 법칙을 이용하면 \\[\\lim _{x \\rightarrow 0} \\frac{1}{x} \\ln (1+x)=\\lim _{x \\rightarrow 0} \\frac{\\ln (1+x)}{x}=\\lim _{x \\rightarrow 0} \\frac{\\frac{1}{1+x}}{1}=1\\] 이다. 따라서 \\[\\lim _{x \\rightarrow 0}(1+x)^{\\frac{1}{x}}=\\exp \\left(\\lim _{x \\rightarrow 0} \\frac{1}{x} \\ln (1+x)\\right)=e^{1}=e\\] 이다.</p> <p>(2) 한편 극한 \\( \\lim _{x \\rightarrow \\infty}\\left(1+\\frac{1}{x}\\right)^{x} \\)은 (1)에서 구한 극한식을 \\( x \\)대신 \\( \\frac{1}{t} \\)로 바꾸면 극한 \\( x \\rightarrow 0^{+} \\)과 \\( t \\rightarrow \\infty \\)은 서로 동치이므로 두 극한은 동치임을 알 수 있다.</p>",
                "context_length": 3305,
                "summary": "\\( \\infty \\cdot 0 \\) 와 \\( \\infty-\\infty \\)수식들은 \\( \\frac{0}{0} \\) 또는 \\( \\frac{\\infty}{\\infty} \\)수식으로 바꾸어 L'Hôpital의 법칙을 적용하며 \\( 0^{0} \\), \\( \\infty^{0} \\), \\( 1^{\\infty} \\) 수식들은 지수 및 로그함수를 사용하여 도함수를 구한다. 극한인 \\( \\lim _{x \\rightarrow \\infty}\\left(1+\\frac{1}{x}\\right)^{x} \\)은 획득한 극한식을 \\( x \\) 말고 \\( \\frac{1}{t} \\)로 변환한다면 극한인 \\( x \\rightarrow 0^{+} \\)과 \\( t \\rightarrow \\infty \\)은 전부 동치임을 발견할 수 있다.",
                "clue": [
                    {
                        "clue_text": "\\( \\infty \\cdot 0 \\) 와 \\( \\infty-\\infty \\)형태들은 \\( \\frac{0}{0} \\) 또는 \\( \\frac{\\infty}{\\infty} \\)형태로 바꾸어 L'Hôpital의 법칙을 적용하며 \\( 0^{0} \\), \\( \\infty^{0} \\) 그리고 \\( 1^{\\infty} \\) 형태들은 지수 및 로그함수를 이용하여 도함수를 구한다.",
                        "clue_start": "3",
                        "clue_end": "207"
                    },
                    {
                        "clue_text": "(2) 한편 극한 \\( \\lim _{x \\rightarrow \\infty}\\left(1+\\frac{1}{x}\\right)^{x} \\)은 (1)에서 구한 극한식을 \\( x \\)대신 \\( \\frac{1}{t} \\)로 바꾸면 극한 \\( x \\rightarrow 0^{+} \\)과 \\( t \\rightarrow \\infty \\)은 서로 동치이므로 두 극한은 동치임을 알 수 있다.",
                        "clue_start": "3093",
                        "clue_end": "3301"
                    }
                ],
                "terminology": [
                    {
                        "word": "L'Hôpital의 법칙"
                    },
                    {
                        "word": "극한"
                    },
                    {
                        "word": "극한식"
                    },
                    {
                        "word": "도함수"
                    },
                    {
                        "word": "동치"
                    },
                    {
                        "word": "로그함수"
                    },
                    {
                        "word": "연속성"
                    },
                    {
                        "word": "지수"
                    },
                    {
                        "word": "지수 및 로그함수"
                    },
                    {
                        "word": "지수함수"
                    },
                    {
                        "word": "통분"
                    }
                ]
            },
            {
                "context_id": "55e-0c9-ee036a9b-f16b-4b1b-ae09-5723a77fa007",
                "context_K-NSCC": {
                    "field": "자연",
                    "large_category": "NA",
                    "medium_category": "02"
                },
                "context": "<h2>6.4 쌍곡선함수</h2> <p>\\( \\int \\frac{1}{\\sqrt{a x^{2}+b x+c}} d x \\)가 \\( \\int \\frac{1}{\\sqrt{A^{2}-x^{2}}} d x \\)로 \\( \\int \\frac{1}{a x^{2}+b x+c} d x \\)가 \\( \\int \\frac{1}{A^{2}+x^{2}} d x \\)로 귀착될 때에는 6.3절의 \\( \\arcsin \\)과 \\( \\arctan \\)로 계산된다. 이 절에서는 \\( \\int \\frac{1}{\\sqrt{x^{2}-A^{2}}} d x, \\int \\frac{1}{\\sqrt{x^{2}+A^{2}}} d x \\)와 \\( \\int \\frac{1}{A^{2}-x^{2}} d x \\), 그리고 \\( \\int \\frac{-1}{x \\sqrt{1-x^{2}}} d x \\)꼴의 적분을 쉽게 계산하기 위하여 역쌍곡선함수의 도함수를 이용하는 방법을 다룬다.</p> <p>정의 6.6</p> <p>쌍곡선 싸인, 쌍곡선 코싸인, 쌍곡선 탄젠트, 쌍곡선 코탄젠트, 쌍곡선 세컨트, 그리고 쌍곡선 코세컨트를 다음과 같이 정의한다. \\[\\begin{array}{l} \\sinh x=\\frac{e^{x}-e^{-x}}{2}, \\quad \\cosh x=\\frac{e^{x}+e^{-x}}{2} \\\\ \\tanh x=\\frac{\\sinh x}{\\cosh x}=\\frac{e^{x}-e^{-x}}{e^{x}+e^{-x}}, \\quad \\operatorname{coth} x=\\frac{1}{\\tanh x} \\\\ \\operatorname{sech} x=\\frac{1}{\\cosh x}, \\quad \\operatorname{csch} x=\\frac{1}{\\sinh x} \\end{array}\\]</p> <p>\\( \\sinh x \\)를 \"hyperbolic sine \\( x \\)\"라고 읽는다. \\( y=\\sinh x \\)의 도함수를 구하여 보자. \\[\\frac{d}{d x} \\sinh x=\\frac{d}{d x}\\left(\\frac{e^{x}-e^{-x}}{2}\\right)=\\frac{e^{x}+e^{-x}}{2}=\\cosh x .\\] 비슷한 방법으로 다른 쌍곡선함수의 도함수를 구하면 다음과 같다. \\[\\begin{array}{l} \\frac{d}{d x} \\cosh x=\\sinh x \\\\ \\frac{d}{d x} \\tanh x=\\operatorname{sech}^{2} x \\\\ \\frac{d}{d x} \\operatorname{coth} x=-\\operatorname{csch}^{2} x \\\\ \\frac{d}{d x} \\operatorname{sech} x=-\\operatorname{sech} x \\tanh x \\\\ \\frac{d}{d x} \\operatorname{csch} x=-\\operatorname{csch} x \\operatorname{coth} x \\end{array}\\] 쌍곡선함수들은 삼각함수들 사이의 식과 비슷한 식을 만족한다. \\[\\cosh ^{2} x-\\sinh ^{2} x=\\left(\\frac{e^{x}+e^{-x}}{2}\\right)^{2}-\\left(\\frac{e^{x}-e^{-x}}{2}\\right)^{2}=1\\] 따라서 \\[\\cosh ^{2} x-\\sinh ^{2} x=1 .\\]<caption>(6.13)</caption></p> <p>정의 6.6 를 사용하면 \\[\\begin{aligned} \\sinh & x \\cosh y+\\cosh x \\sinh y=\\frac{e^{x}-e^{-x}}{2} \\cdot \\frac{e^{y}+e^{-y}}{2}+\\frac{e^{x}+e^{-x}}{2} \\cdot \\frac{e^{y}-e^{-y}}{2} \\\\ =& \\frac{e^{x+y}+e^{x-y}-e^{-x+y}-e^{-(x+y)}+e^{x+y}-e^{x-y}+e^{-x+y}-e^{-(x+y)}}{4} \\\\ =& \\frac{e^{x+y}-e^{-(x+y)}}{2}=\\sinh (x+y) \\end{aligned}\\] 을 얻는다. 비슷하게 다음 등식을 얻을 수 있다. \\[\\begin{array}{l} \\sinh (x \\pm y)=\\sinh x \\cosh y \\pm \\cosh x \\sinh y \\\\ \\cosh (x \\pm y)=\\cosh x \\cosh y \\pm \\sinh x \\sinh y \\\\ \\tanh (x \\pm y)=\\frac{\\tanh x \\pm \\tanh y}{1 \\pm \\tanh x \\tanh y} \\\\ \\tanh ^{2} x+\\operatorname{sech}^{2} x=1 \\\\ \\operatorname{coth}^{2} x-\\operatorname{csch}^{2} x=1 \\end{array}\\] 쌍곡선함수의 그래프는 다음과 같다.</p> <p>쌍곡선함수들은 원래의 정의역에서 또는 제한된 정의역에서 역함수를 갖는다. \\[\\begin{array}{l} y=\\sinh ^{-1} x \\Leftrightarrow x=\\sinh y \\\\ y=\\cosh ^{-1} x \\Leftrightarrow x=\\cosh y, \\quad x \\geq 0 \\\\ y=\\tanh ^{-1} x \\Leftrightarrow x=\\tanh y \\\\ y=\\operatorname{sech}^{-1} x \\Leftrightarrow x=\\operatorname{sech} y \\end{array}\\] \\( \\sinh ^{-1} x \\)를 \"arc hyperbolic sine \\( x \\)\"라 읽는다. \\( y=\\sinh ^{-1} x \\)의 도함수를 구하여 보자. \\[y=\\sinh ^{-1} x \\Leftrightarrow x=\\sinh y\\] 이므로 식 (6.13)에 의하여 \\[\\frac{d y}{d x}=\\frac{1}{\\frac{d x}{d y}}=\\frac{1}{\\cosh y}=\\frac{1}{\\pm \\sqrt{1+\\sinh ^{2} y}}\\] 이다. \\( \\cosh y=\\frac{e^{y}+e^{-y}}{2}>0 \\)이므로 \\[\\frac{d}{d x} \\sinh ^{-1} x=\\frac{1}{\\sqrt{1+\\sinh ^{2} y}}=\\frac{1}{\\sqrt{1+x^{2}}}\\] 이다. 비슷한 방법으로 다음 식이 성립한다. \\[\\begin{aligned} \\frac{d}{d x} \\cosh ^{-1} x &=\\frac{1}{\\sqrt{x^{2}-1}}, \\quad x>1 \\\\ \\frac{d}{d x} \\tanh ^{-1} x=\\frac{1}{1-x^{2}}, &-1<x<1 \\\\ \\frac{d}{d x} \\operatorname{sech}^{-1} x=\\frac{-1}{x \\sqrt{1-x^{2}}}, & 0<x<1 \\end{aligned}\\] 위의 도함수 공식들로부터 다음의 적분공식이 유도된다. \\[\\begin{array}{l} \\int \\frac{1}{\\sqrt{1+x^{2}}} d x=\\sinh ^{-1} x+C \\\\ \\int \\frac{1}{\\sqrt{x^{2}-1}} d x=\\cosh ^{-1} x+C, \\quad x>1 \\\\ \\int \\frac{1}{1-x^{2}} d x=\\tanh ^{-1} x+C, \\quad-1<x<1 \\\\ \\int \\frac{-1}{x \\sqrt{1-x^{2}}} d x=\\operatorname{sech}^{-1} x+C, \\quad 0<x<1 \\end{array}\\]</p>",
                "context_length": 3600,
                "summary": "\\( \\int \\frac{1}{\\sqrt{a x^{2}+b x+c}} d x \\)가 \\( \\int \\frac{1}{\\sqrt{A^{2}-x^{2}}} d x \\)로 \\( \\int \\frac{1}{a x^{2}+b x+c} d x \\)가 \\( \\int \\frac{1}{A^{2}+x^{2}} d x \\)로 귀결될 때에는 \\( \\arcsin \\)과 \\( \\arctan \\)로 값이 산출된다. 본 절에서는 \\( \\int \\frac{1}{\\sqrt{x^{2}-A^{2}}} d x, \\int \\frac{1}{\\sqrt{x^{2}+A^{2}}} d x \\)와 \\( \\int \\frac{1}{A^{2}-x^{2}} d x \\), 과 \\( \\int \\frac{-1}{x \\sqrt{1-x^{2}}} d x \\)꼴의 적분을 간단하게 산술하고자 역쌍곡선함수의 도함수를 활용하는 기법을 설명한다.",
                "clue": [
                    {
                        "clue_text": "\\( \\int \\frac{1}{\\sqrt{a x^{2}+b x+c}} d x \\)가 \\( \\int \\frac{1}{\\sqrt{A^{2}-x^{2}}} d x \\)로 \\( \\int \\frac{1}{a x^{2}+b x+c} d x \\)가 \\( \\int \\frac{1}{A^{2}+x^{2}} d x \\)로 귀착될 때에는 6.3절의 \\( \\arcsin \\)과 \\( \\arctan \\)로 계산된다.",
                        "clue_start": "22",
                        "clue_end": "241"
                    },
                    {
                        "clue_text": "이 절에서는 \\( \\int \\frac{1}{\\sqrt{x^{2}-A^{2}}} d x, \\int \\frac{1}{\\sqrt{x^{2}+A^{2}}} d x \\)와 \\( \\int \\frac{1}{A^{2}-x^{2}} d x \\), 그리고 \\( \\int \\frac{-1}{x \\sqrt{1-x^{2}}} d x \\)꼴의 적분을 쉽게 계산하기 위하여 역쌍곡선함수의 도함수를 이용하는 방법을 다룬다.",
                        "clue_start": "242",
                        "clue_end": "462"
                    }
                ],
                "terminology": [
                    {
                        "word": "도함수"
                    },
                    {
                        "word": "쌍곡선"
                    },
                    {
                        "word": "쌍곡선함수"
                    },
                    {
                        "word": "역쌍곡선함수"
                    },
                    {
                        "word": "역함수"
                    },
                    {
                        "word": "적분"
                    },
                    {
                        "word": "정의역"
                    }
                ]
            },
            {
                "context_id": "55e-0c9-5fa79c03-9fcb-420d-a554-aa0ded0b06cd",
                "context_K-NSCC": {
                    "field": "자연",
                    "large_category": "NA",
                    "medium_category": "02"
                },
                "context": "<p>예제 6.1</p> <p>\\(f(x)=x^{5}+2 x+1 \\)의 역함수가 존재함을 보여라.</p> <p>풀이</p> <p>\\( f^{\\prime}(x)=5 x^{4}+2>0, \\forall x \\). 따라서 \\( f \\)는 순증가함수이다. 그러므로 정리 6.2 에 의하여 \\( f \\)는 역함수를 갖는다. \\( f \\)의 역함수가 존재하면 \\[x=f^{-1}(y) \\Leftrightarrow y=f(x)\\] 이고 \\( (x, y) \\)와 \\( (y, x) \\)는 직선 \\( y=x \\)에 대하여 대칭이므로 \\( f^{-1} \\)의 그래프는 \\( f \\)의 그래프와 \\( y=x \\)에 대하여 대칭으로 그려진다.</p> <p>예제 6.2</p> <p>\\(f(x)=x^{2}(x \\geq 0) \\) 의 역함수를 구하여라.</p> <p>\\( f(0)=0 \\)이고 \\( x>0 \\)이면 \\( f^{\\prime}(x)=2 x>0 \\)이므로 \\( f \\)는 \\( x>0 \\)에서 순증가함수이므로 정리 6.2에 의하여 역함수를 갖는다. \\( x, y \\)를 교환하면 \\( x=y^{2} \\)이고 \\( y \\)에 관하여 풀면 \\( y=\\sqrt{x} \\)이다. 즉 \\[f^{-1}(x)=\\sqrt{x}\\] 이다.</p> <p>정리 6.3</p> <p>\\( f \\)가 구간 \\( I \\)에서 연속이고 \\( f(I)=J \\)가 구간일 때 \\( f \\)가 역함수를 가지면 \\( f^{-1} \\)는 \\( J \\)에서 연속이다.</p> <p>정리 6.4 (역함수의 정리)</p> <p>\\( f \\)가 열린구간 \\( I \\)에서 연속이고 역함수를 갖는다고 하자. \\( I \\)의 어떤 점 \\( a \\)에서 \\( f^{\\prime}(a) \\)가 존재하고 \\( f^{\\prime}(a) \\neq 0, c=f(a) \\)이면 \\[\\left(f^{-1}\\right)^{\\prime}(c)=\\frac{1}{f^{\\prime}(a)}\\] 이다.</p> <p>[증명]</p> <p>\\( f \\)가 \\( I \\)에서 연속이므로 정리 ⒍3에 의하여 \\( f^{-1} \\)는 \\( c=f(a) \\)에서 연속이고 \\( f \\)가 역함수를 갖기 때문에 \\( f(x) \\neq f(a), \\forall a \\neq x \\in I \\)이다. 따라서 \\[\\begin{aligned} \\left(f^{-1}\\right)^{\\prime}(c) &=\\lim _{y \\rightarrow c} \\frac{f^{-1}(y)-f^{-1}(c)}{y-c} \\\\ &=\\lim _{x \\rightarrow a} \\frac{f^{-1}(f(x))-f^{-1}(f(a))}{f(x)-f(a)}=\\lim _{x \\rightarrow a} \\frac{x-a}{f(x)-f(a)} \\\\ &=\\frac{1}{\\lim _{x \\rightarrow a} \\frac{f(x)-f(a)}{x-a}}=\\frac{1}{f^{\\prime}(a)} \\end{aligned}\\] 이 성립한다.</p> <p>\\( f \\)가 역함수를 가지면 \\[y=f(x) \\Leftrightarrow x=f^{-1}(y)\\] 이므로 \\[\\frac{d x}{d y}=\\frac{d}{d y} f^{-1}(y)=\\left(f^{-1}\\right)^{\\prime}(y)=\\frac{1}{f^{\\prime}(x)}=\\frac{1}{\\frac{d}{d x} f(x)}=\\frac{1}{\\frac{d y}{d x}}\\] 이다. 즉 식 (6.3)은 다음과 같다. \\[\\frac{d x}{d y}=\\frac{1}{\\frac{d y}{d x}}\\]</p> <p>예제 6.3</p> <p>y=f(x)=x^{5}+2 x+1 \\)일 때 \\( \\left(f^{-1}\\right)^{\\prime}(4) \\)를 구하여라.</p> <p>풀이</p> <p>\\( 4=f(1) \\)이고 \\( f^{\\prime}(x)=5 x^{4}+2 \\)이므로 \\[\\left(f^{-1}\\right)^{\\prime}(4)=\\frac{1}{f^{\\prime}(1)}=\\frac{1}{7}\\] 이다.</p> <p>예제 6.4</p> <p>y=\\sin x,-\\frac{\\pi}{2}<x<\\frac{\\pi}{2} \\)일 때 \\( \\frac{d x}{d y} \\)를 구하여라.</p> <p>풀이</p> <p>\\( \\frac{d x}{d y}=\\frac{1}{\\frac{d y}{d x}}=\\frac{1}{\\cos x}=\\sec x \\)</p>",
                "context_length": 2171,
                "summary": "함수 \\(f(x)=x^{5}+2 x+1 \\)의 역함수 존재를 보여주며, \\(f(x)=x^{2}(x \\geq 0) \\)의 역함수를 계산하였다. 또한, \\( f \\)가 연속이며 구간 \\( I \\)에서 역함수를 가질 때, \\( f^{-1} \\)는 구간 \\( J \\)에서 연속이라는 사실을 언급한다. 마지막으로, 함수 \\( f \\)가 열린 구간 \\( I \\)에서 연속이며 역함수를 갖고, \\( f^{\\prime}(a) \\)가 존재하며 \\( f^{\\prime}(a) \\neq 0, c=f(a) \\)일 경우, \\( \\left(f^{-1}\\right)^{\\prime}(c)=\\frac{1}{f^{\\prime}(a)} \\)라는 점을 설명한다.",
                "clue": [
                    {
                        "clue_text": "\\(f(x)=x^{5}+2 x+1 \\)의 역함수가 존재함을 보여라.",
                        "clue_start": "17",
                        "clue_end": "54"
                    },
                    {
                        "clue_text": "\\(f(x)=x^{2}(x \\geq 0) \\) 의 역함수를 구하여라.",
                        "clue_start": "368",
                        "clue_end": "406"
                    },
                    {
                        "clue_text": "\\( f \\)가 구간 \\( I \\)에서 연속이고 \\( f(I)=J \\)가 구간일 때 \\( f \\)가 역함수를 가지면 \\( f^{-1} \\)는 \\( J \\)에서 연속이다.",
                        "clue_start": "641",
                        "clue_end": "735"
                    },
                    {
                        "clue_text": "\\( f \\)가 열린구간 \\( I \\)에서 연속이고 역함수를 갖는다고 하자. \\( I \\)의 어떤 점 \\( a \\)에서 \\( f^{\\prime}(a) \\)가 존재하고 \\( f^{\\prime}(a) \\neq 0, c=f(a) \\)이면 \\[\\left(f^{-1}\\right)^{\\prime}(c)=\\frac{1}{f^{\\prime}(a)}\\] 이다.",
                        "clue_start": "767",
                        "clue_end": "960"
                    }
                ],
                "terminology": [
                    {
                        "word": "순증가함수"
                    },
                    {
                        "word": "역함수"
                    },
                    {
                        "word": "연속"
                    },
                    {
                        "word": "열린구간"
                    }
                ]
            },
            {
                "context_id": "55e-0c9-9d366d5f-b887-414c-9a22-1f86c41fc849",
                "context_K-NSCC": {
                    "field": "자연",
                    "large_category": "NA",
                    "medium_category": "02"
                },
                "context": "<h1>6.5 L'Hôpital의 법칙</h1> <p>극한문제에서 간단한 형태는 대입이나 대수적 인수분해 방법으로 풀 수 있지만 \\[\\frac{0}{0}, \\frac{\\infty}{\\infty}, \\quad 0 \\cdot \\infty, \\infty-\\infty, \\quad 0^{0}, \\infty^{0}, 1^{\\infty}\\] 꼴의 극한은 다른 방법으로 해결하여야 한다.</p> <p>정리 6.9 (Cauchy의 평균값 정리)</p> <p>\\( f \\)와 \\( g \\)가 \\( [a, b] \\)에서 연속이고 \\( (a, b) \\)에서 미분가능하다고 하자. \\( g^{\\prime}(x) \\neq 0, a<x<b \\)이면 \\[\\frac{f(b)-f(a)}{g(b)-g(a)}=\\frac{f^{\\prime}(c)}{g^{\\prime}(c)}\\] 를 만족하는 \\( c \\)가 \\( (a, b) \\)내에 존재한다.</p> <p>[증명]</p> <p>\\( h(x)=[f(b)-f(a)] g(x)-[g(b)-g(a)] f(x), a \\leq x \\leq b \\)라 놓으면 \\( h \\)는 \\( [a, b] \\)에서 연속이고 \\( (a, b) \\)에서 미분가능하다. 평균값 정리에 의하여 \\[\\frac{h(b)-h(a)}{b-a}=h^{\\prime}(c)\\] 를 만족하는 \\( c \\)가 \\( (a, b) \\)내에 존재한다. \\( h(a)=h(b) \\)이므로 \\( h^{\\prime}(c)=0 \\)이고 \\[h^{\\prime}(x)=[f(b)-f(a)] g^{\\prime}(x)-[g(b)-g(a)] f^{\\prime}(x), a<x<b\\] 이므로 \\[[f(b)-f(a)] g^{\\prime}(c)-[g(b)-g(a)] f^{\\prime}(c)=0\\]<caption>(6.14)</caption>이다. \\( g^{\\prime}(x) \\neq 0, a<x<b \\)라는 가정에 의하여 \\( g^{\\prime}(c) \\neq 0 \\)이므로 \\( g(a) \\neq g(b) \\)이다. 왜냐하면 \\( g(a)=g(b) \\)이면 Rolle의 정리(정리 4.4)에 의하여 \\( g^{\\prime}(c)=0 \\)이 되는 \\( c \\)가 \\( (a, b) \\)내에 존재하여야 하는데 이는 \\( g^{\\prime}(c) \\neq 0 \\)라는 가정에 모순이기 때문이다. 따라서 식 (6.14)의 양변을 \\( [g(b)-g(a)] g^{\\prime}(c) \\)로 나누면 \\[\\frac{f(b)-f(a)}{g(b)-g(a)}-\\frac{f^{\\prime}(c)}{g^{\\prime}(c)}=0\\] 이 성립한다.</p> <p>Cauchy의 평균값 정리는 평균값 정리의 일반화이다. 실제로 \\( g(x)=x, a \\leq x \\leq b \\)라 놓으면 \\[\\frac{f(b)-f(a)}{b-a}=\\frac{f(b)-f(a)}{g(b)-g(a)}=\\frac{f^{\\prime}(c)}{g^{\\prime}(c)}=\\frac{f^{\\prime}(c)}{1}=f^{\\prime}(c)\\] 가 되어 평균값 정리와 일치한다.</p> <p>정리 6.10 (L'Hôpital의 법칙)</p> <p>(i) \\( f \\)와 \\( g \\)가 \\( (a, b) \\)에서 미분가능하고 \\( g^{\\prime}(x) \\neq 0, a<x<b \\)라 하자. 만일 \\[\\lim _{x \\rightarrow a^{+}} f(x)=0=\\lim _{x \\rightarrow a^{+}} g(x), \\quad \\lim _{x \\rightarrow a^{+}} \\frac{f^{\\prime}(x)}{g^{\\prime}(x)}=L\\] 이면 \\[\\lim _{x \\rightarrow a^{+}} \\frac{f(x)}{g(x)}=L=\\lim _{x \\rightarrow a^{+}} \\frac{f^{\\prime}(x)}{g^{\\prime}(x)}\\] 이다.</p> <p>(ii) \\( f \\)와 \\( g \\)가 \\( (a, \\infty) \\)에서 미분가능하고 \\( g^{\\prime}(x) \\neq 0, x>a \\)라 하자. 만일 \\[\\lim _{x \\rightarrow \\infty} f(x)=0=\\lim _{x \\rightarrow \\infty} g(x), \\quad \\lim _{x \\rightarrow \\infty} \\frac{f^{\\prime}(x)}{g^{\\prime}(x)}=L\\] 이면 \\[\\lim _{x \\rightarrow \\infty} \\frac{f(x)}{g(x)}=L=\\lim _{x \\rightarrow \\infty} \\frac{f^{\\prime}(x)}{g^{\\prime}(x)}\\] 이다.</p>",
                "context_length": 2264,
                "summary": "Cauchy의 평균값 정리는 평균값 정리의 일반화이고 실제로 \\( g(x)=x, a \\leq x \\leq b \\)라 놓으면 평균값 정리와 일치한다. 평균값 정리는 \\(\\frac{f(b)-f(a)}{b-a}=\\frac{f(b)-f(a)}{g(b)-g(a)}=\\frac{f^{\\prime}(c)}{g^{\\prime}(c)}=\\frac{f^{\\prime}(c)}{1}=f^{\\prime}(c)\\)이 된다. 그리고 \\(f \\)와 \\( g \\)가 \\( (a, b) \\)에서 미분가능하고 \\( g^{\\prime}(x) \\neq 0, a<x<b \\)라고 하면 \\(\\lim _{x \\rightarrow a^{+}} \\frac{f(x)}{g(x)}=L=\\lim _{x \\rightarrow a^{+}} \\frac{f^{\\prime}(x)}{g^{\\prime}(x)}\\)이 된다.",
                "clue": [
                    {
                        "clue_text": "Cauchy의 평균값 정리는 평균값 정리의 일반화이다.",
                        "clue_start": "1282",
                        "clue_end": "1312"
                    },
                    {
                        "clue_text": "실제로 \\( g(x)=x, a \\leq x \\leq b \\)라 놓으면 \\[\\frac{f(b)-f(a)}{b-a}=\\frac{f(b)-f(a)}{g(b)-g(a)}=\\frac{f^{\\prime}(c)}{g^{\\prime}(c)}=\\frac{f^{\\prime}(c)}{1}=f^{\\prime}(c)\\] 가 되어 평균값 정리와 일치한다.",
                        "clue_start": "1313",
                        "clue_end": "1498"
                    },
                    {
                        "clue_text": "(i) \\( f \\)와 \\( g \\)가 \\( (a, b) \\)에서 미분가능하고 \\( g^{\\prime}(x) \\neq 0, a<x<b \\)라 하자.",
                        "clue_start": "1537",
                        "clue_end": "1619"
                    },
                    {
                        "clue_text": "\\[\\lim _{x \\rightarrow a^{+}} f(x)=0=\\lim _{x \\rightarrow a^{+}} g(x), \\quad \\lim _{x \\rightarrow a^{+}} \\frac{f^{\\prime}(x)}{g^{\\prime}(x)}=L\\]",
                        "clue_start": "1623",
                        "clue_end": "1767"
                    },
                    {
                        "clue_text": "\\[\\lim _{x \\rightarrow a^{+}} \\frac{f(x)}{g(x)}=L=\\lim _{x \\rightarrow a^{+}} \\frac{f^{\\prime}(x)}{g^{\\prime}(x)}\\]",
                        "clue_start": "1771",
                        "clue_end": "1886"
                    }
                ],
                "terminology": [
                    {
                        "word": "Cauchy의 평균값 정리"
                    },
                    {
                        "word": "L'Hôpital의 법칙"
                    },
                    {
                        "word": "Rolle의 정리"
                    },
                    {
                        "word": "aRolle의 정리"
                    },
                    {
                        "word": "극한"
                    },
                    {
                        "word": "대수적"
                    },
                    {
                        "word": "미분가능"
                    },
                    {
                        "word": "인수분해"
                    },
                    {
                        "word": "평균값 정리"
                    }
                ]
            },
            {
                "context_id": "55e-0c9-a0b22f65-260d-4c43-829a-0ed70c8f0a57",
                "context_K-NSCC": {
                    "field": "자연",
                    "large_category": "NA",
                    "medium_category": "02"
                },
                "context": "<h1>역함수</h1> <p>이 장에서는 역함수의 일반적인 성질과 일반적인 지수함수와 로그함수의 성질을 다룬다. 그리고 삼각함수와 쌍곡선함수의 역함수를 이용하여 적분하는 방법과 유리함수의 극한을 구하는 방법을 다룬다.</p> <h2>6.1 역함수</h2> <p>정의 6.1</p> <p>\\( f \\)가 함수일 때 \\( f \\)의 치역을 정의역으로 갖는 함수 \\( g \\)가 존재하여</p> <p>\\( f(x)=y \\Leftrightarrow g(y)=x \\)<caption>(6.1)</caption></p> <p>가 성립하면 \\( f \\)는 역함수 \\( g \\)를 갖는다고 한다.</p> <p>위 정의에서 식 (6.1)을 만족하는 \\( g \\)는 정의역 내의 각각의 \\( y \\)에 \\( f(x)=y \\)가 되는 모든 \\( x \\)를 대응시키지만 \\( g \\)가 함수이므로 \\( f(x)=y \\)가 되는 \\( x \\)는 오직 하나이다. 그러므로 \\( g \\)는 유일하게 결정되며 \\( g \\)를 \\( f^{-1} \\)로 쓰겠다. \\( y=f(x)=2 x \\)의 역함수는 \\( x=f^{-1}(y)=\\frac{y}{2} \\)이고 \\( y=f(x)=x^{3} \\)의 역함수는 \\( x=f^{-1}(y)=\\sqrt[3]{y} \\)이다.</p> <p>모든 함수의 역함수가 항상 존재하는 것은 아니다. \\( y=f(x)=x^{2} \\)은 치역의 각 원소 \\( y \\)에 대하여 두 개의 \\( x \\)가 대응하므로 역함수가 존재하지 않는다.</p> <p>정리 6.1</p> <p>\\( f \\)가 역함수를 갖고 \\( D \\)를 \\( f \\)의 정의역, \\( R \\)을 \\( f \\)의 치역이라 하면 다음 성질이 성립한다.</p> <p>(i) \\( \\left(f^{-1}\\right)^{-1}(x)=f(x) \\)</p> <p>(ii) \\( f^{-1}(f(x))=x, \\quad \\forall x \\in D \\)</p> <p>(iii) \\( f\\left(f^{-1}(y)\\right)=y, \\quad \\forall y \\in R \\)</p> <p>[증명]</p> <p>(i) \\( f \\)의 치역은 \\( f^{-1} \\)의 정의역이고 \\( f \\)의 정의역은 \\( f^{-1} \\)의 치역이므로</p> <p>\\( f^{-1}(y)=x \\Leftrightarrow f(x)=y \\)<caption>(6.2)</caption></p> <p>이다. 따라서 \\( f \\) 는 \\( f^{-1} \\)의 역함수이다.</p> <p>(ii) 식 (6.2)의 \\( f^{-1}(y)=x \\)에 \\( y \\) 대신 \\( f(x) \\)를 대입하면 성립한다.</p> <p>(iii) 식 (6.2)의 \\( f(x)=y \\)에 \\( x \\) 대신 \\( f^{-1}(y) \\)를 대입하면 성립한다.</p> <p>정리 6.2</p> <p>함수 \\( f \\)가 정의역에서 순증가 또는 순감소하면 역함수를 갖는다.</p> <p>[증명]</p> <p>\\( f \\)는 정의역이 \\( D \\)이고 순증가한다고 하자. 그러면 \\( x_{1} \\neq x_{2}, x_{1}, x_{2} \\in D \\)에 대하여 \\( x_{1}<x_{2} \\)이면 \\( f\\left(x_{1}\\right)<f\\left(x_{2}\\right) \\)이고 \\( x_{1}>x_{2} \\)이면 \\( f\\left(x_{1}\\right)>f\\left(x_{2}\\right) \\)이다. 즉 항상 \\( f\\left(x_{1}\\right) \\neq f\\left(x_{2}\\right) \\)이다. 따라서 \\( f \\) 의 치역의 각 원소 \\( f(x) \\)에 대해서 \\( x \\)를 대응시키는 관계 \\( g \\)는 함수가 되므로 \\( f \\)는 역함수 \\( g \\)를 갖는다. 비슷하게 \\( f \\)가 순감소할 때에도 증명된다.</p>",
                "context_length": 1874,
                "summary": "함수 \\( f \\)가 주어진 정의역에서 치역을 가질 때, \\( f(x)=y \\)를 만족하는 함수 \\( g \\)가 존재하며, 이 때 \\( g \\)를 \\( f \\)의 역함수라 부른다. 역함수는 항상 존재하는 것은 아니며, 함수 \\( f \\)가 순증가 또는 순감소할 때만 역함수를 갖는다. 또한 역함수에 대한 세 가지 주요 속성이 존재하며, 이는 다음과 같다: \\( \\left(f^{-1}\\right)^{-1}(x)=f(x) \\), \\( f^{-1}(f(x))=x \\), \\( f\\left(f^{-1}(y)\\right)=y \\).",
                "clue": [
                    {
                        "clue_text": "\\( f \\)가 함수일 때 \\( f \\)의 치역을 정의역으로 갖는 함수 \\( g \\)가 존재하여</p> <p>\\( f(x)=y \\Leftrightarrow g(y)=x \\)<caption>(6.1)</caption></p> <p>가 성립하면 \\( f \\)는 역함수 \\( g \\)를 갖는다고 한다.",
                        "clue_start": "160",
                        "clue_end": "325"
                    },
                    {
                        "clue_text": "그러므로 \\( g \\)는 유일하게 결정되며 \\( g \\)를 \\( f^{-1} \\)로 쓰겠다.",
                        "clue_start": "469",
                        "clue_end": "520"
                    },
                    {
                        "clue_text": "모든 함수의 역함수가 항상 존재하는 것은 아니다.",
                        "clue_start": "641",
                        "clue_end": "668"
                    },
                    {
                        "clue_text": "함수 \\( f \\)가 정의역에서 순증가 또는 순감소하면 역함수를 갖는다.",
                        "clue_start": "1398",
                        "clue_end": "1438"
                    },
                    {
                        "clue_text": "<p>(i) \\( \\left(f^{-1}\\right)^{-1}(x)=f(x) \\)</p> <p>(ii) \\( f^{-1}(f(x))=x, \\quad \\forall x \\in D \\)</p> <p>(iii) \\( f\\left(f^{-1}(y)\\right)=y, \\quad \\forall y \\in R \\)",
                        "clue_start": "850",
                        "clue_end": "1019"
                    }
                ],
                "terminology": [
                    {
                        "word": "로그함수"
                    },
                    {
                        "word": "쌍곡선함수"
                    },
                    {
                        "word": "역함수"
                    },
                    {
                        "word": "유리함수"
                    },
                    {
                        "word": "적분"
                    },
                    {
                        "word": "정의역"
                    },
                    {
                        "word": "치역"
                    },
                    {
                        "word": "함수"
                    }
                ]
            },
            {
                "context_id": "55e-0c9-bc5cdf9c-d9b2-470c-b8ff-7834863af5c0",
                "context_K-NSCC": {
                    "field": "자연",
                    "large_category": "NA",
                    "medium_category": "02"
                },
                "context": "<p>예제 6.28</p> <p>\\( \\lim _{x \\rightarrow 0} \\frac{1-\\cos x}{x^{2}+3 x^{3}} \\)를 구하여라.</p> <p>풀이</p> <p>\\( \\lim _{x \\rightarrow 0}(1-\\cos x)=0=\\lim _{x \\rightarrow 0}\\left(x^{2}+3 x^{3}\\right) \\)이므로 L'Hôpital의 법칙에 의하여 \\[\\begin{array}{l} \\lim _{x \\rightarrow 0} \\frac{1-\\cos x}{x^{2}+3 x^{3}}=\\lim _{x \\rightarrow 0} \\frac{\\sin x}{2 x+9 x^{2}} \\\\ \\lim _{x \\rightarrow 0} \\sin x=0=\\lim _{x \\rightarrow 0}\\left(2 x+9 x^{2}\\right) \\end{array}\\] 이므로 L'Hôpital의 법칙을 다시 적용하면 \\[\\lim _{x \\rightarrow 0} \\frac{1-\\cos x}{x^{2}+3 x^{3}}=\\lim _{x \\rightarrow 0} \\frac{\\sin x}{2 x+9 x^{2}}=\\lim _{x \\rightarrow 0} \\frac{\\cos x}{2+18 x}=\\frac{1}{2} .\\]</p> <p>예제 6.29</p> <p>\\( \\lim _{x \\rightarrow \\infty} \\frac{\\frac{\\pi}{2}-\\tan ^{-1} x}{\\frac{1}{x}} \\)를 구하여라.</p> <p>풀이</p> <p>\\( \\lim _{x \\rightarrow \\infty}\\left(\\frac{\\pi}{2}-\\tan ^{-1} x\\right)=0=\\lim _{x \\rightarrow \\infty} \\frac{1}{x} \\) 이므로 L'Hôpital의 법칙에 의하여 \\( \\lim _{x \\rightarrow \\infty} \\frac{\\frac{\\pi}{2}-\\tan ^{-1} x}{\\frac{1}{x}}=\\lim _{x \\rightarrow \\infty} \\frac{\\frac{-1}{1+x^{2}}}{-\\frac{1}{x^{2}}}=\\lim _{x \\rightarrow \\infty} \\frac{x^{2}}{1+x^{2}}=1 \\).</p> <p>정리 6.11 (제2 L'Hôpital의 법칙)</p> <p>(i) \\( f \\)와 \\( g \\)가 \\( (a, b) \\)에서 미분가능하고 \\( g^{\\prime}(x) \\neq 0, a<x<b \\)라 하자. 만일 \\[\\lim _{x \\rightarrow a^{+}} f(x)=\\pm \\infty, \\quad \\lim _{x \\rightarrow a^{+}} g(x)=\\pm \\infty, \\quad \\lim _{x \\rightarrow a^{+}} \\frac{f^{\\prime}(x)}{g^{\\prime}(x)}=L\\] 이면 \\[\\lim _{x \\rightarrow a^{+}} \\frac{f(x)}{g(x)}=L=\\lim _{x \\rightarrow a^{+}} \\frac{f^{\\prime}(x)}{g^{\\prime}(x)} \\]</p> <p>(ii) \\( f \\)와 \\( g \\)가 \\( (a, \\infty) \\) 에서 미분가능하고 \\( g^{\\prime}(x) \\neq 0, x>a \\)라 하자. 만일 \\[\\lim _{x \\rightarrow \\infty} f(x)=\\pm \\infty, \\quad \\lim _{x \\rightarrow \\infty} g(x)=\\pm \\infty, \\quad \\lim _{x \\rightarrow \\infty} \\frac{f^{\\prime}(x)}{g^{\\prime}(x)}=L\\] 이면 \\[\\lim _{x \\rightarrow \\infty} \\frac{f(x)}{g(x)}=L=\\lim _{x \\rightarrow \\infty} \\frac{f^{\\prime}(x)}{g^{\\prime}(x)} \\]</p> <p>예제 6.30</p> <p>\\( \\lim _{x \\rightarrow\\left(\\frac{\\pi}{2}\\right)^{-}} \\frac{\\tan x}{\\sec x+1} \\)를 구하여라.</p> <p>풀이</p> <p>\\( \\lim _{x \\rightarrow\\left(\\frac{\\pi}{2}\\right)^{-}} \\tan x=\\infty=\\lim _{x \\rightarrow\\left(\\frac{\\pi}{2}\\right)^{-}}(\\sec x+1) \\) 이므로 제2 L'Hôpital의 법칙에 의하여 \\( \\lim _{x \\rightarrow\\left(\\frac{\\pi}{2}\\right)^{-}} \\frac{\\tan x}{\\sec x+1}=\\lim _{x \\rightarrow\\left(\\frac{\\pi}{2}\\right)^{-}} \\frac{\\sec ^{2} x}{\\sec x \\tan x}=\\lim _{x \\rightarrow\\left(\\frac{\\pi}{2}\\right)^{-}} \\frac{1}{\\sin x}=1 \\).</p> <p>예제 6.31</p> <p>\\( \\lim _{x \\rightarrow \\infty} \\frac{e^{x}}{x^{2}} \\)를 구하여라.</p> <p>풀이</p> <p>\\( \\lim _{x \\rightarrow \\infty} e^{x}=\\infty=\\lim _{x \\rightarrow \\infty} x^{2} \\) 이므로 제2 L'Hôpital의 법칙에 의하여 \\[\\lim _{x \\rightarrow \\infty} \\frac{e^{x}}{x^{2}}=\\lim _{x \\rightarrow \\infty} \\frac{e^{x}}{2 x}=\\lim _{x \\rightarrow \\infty} \\frac{e^{x}}{2}=\\infty .\\]</p>",
                "context_length": 2823,
                "summary": "정리 [6.11] 제2 L'Hôpital의 법칙은 다음과 같이 (i) \\( f \\)와 \\( g \\)가 \\( (a, b) \\)에서 미분가능하며 \\( g^{\\prime}(x) \\neq 0, a<x<b \\)라 나타낼 수 있다. 만일 \\[\\lim _{x \\rightarrow a^{+}} f(x)=\\pm \\infty, \\quad \\lim _{x \\rightarrow a^{+}} g(x)=\\pm \\infty, \\quad \\lim _{x \\rightarrow a^{+}} \\frac{f^{\\prime}(x)}{g^{\\prime}(x)}=L\\] 이면 \\[\\lim _{x \\rightarrow a^{+}} \\frac{f(x)}{g(x)}=L=\\lim _{x \\rightarrow a^{+}} \\frac{f^{\\prime}(x)}{g^{\\prime}(x)} \\] 로 정리할 수 있다. (ii) \\( f \\)와 \\( g \\)가 \\( (a, \\infty) \\)에서 미분가능하고 \\( g^{\\prime}(x) \\neq 0, x>a \\)로 나타내자. 만일 \\[\\lim _{x \\rightarrow \\infty} f(x)=\\pm \\infty,\\quad \\lim _{x \\rightarrow \\infty} g(x)=\\pm \\infty, \\quad \\lim _{x \\rightarrow\\infty} \\frac{f^{\\prime}(x)}{g^{\\prime}(x)}=L\\] 이면 \\[\\lim _{x\\rightarrow\\infty}\\frac{f(x)}{g(x)}=L=\\lim _{x \\rightarrow \\infty}\\frac{f^{\\prime}(x)}{g^{\\prime}(x)}\\] 로 정리해 볼 수 있다.",
                "clue": [
                    {
                        "clue_text": "정리 6.11 (제2 L'Hôpital의 법칙)",
                        "clue_start": "1121",
                        "clue_end": "1147"
                    },
                    {
                        "clue_text": "(i) \\( f \\)와 \\( g \\)가 \\( (a, b) \\)에서 미분가능하고 \\( g^{\\prime}(x) \\neq 0, a<x<b \\)라 하자.",
                        "clue_start": "1155",
                        "clue_end": "1237"
                    },
                    {
                        "clue_text": "만일 \\[\\lim _{x \\rightarrow a^{+}} f(x)=\\pm \\infty, \\quad \\lim _{x \\rightarrow a^{+}} g(x)=\\pm \\infty, \\quad \\lim _{x \\rightarrow a^{+}} \\frac{f^{\\prime}(x)}{g^{\\prime}(x)}=L\\] 이면 \\[\\lim _{x \\rightarrow a^{+}} \\frac{f(x)}{g(x)}=L=\\lim _{x \\rightarrow a^{+}} \\frac{f^{\\prime}(x)}{g^{\\prime}(x)} \\]",
                        "clue_start": "1238",
                        "clue_end": "1532"
                    },
                    {
                        "clue_text": "(ii) \\( f \\)와 \\( g \\)가 \\( (a, \\infty) \\) 에서 미분가능하고 \\( g^{\\prime}(x) \\neq 0, x>a \\)라 하자.",
                        "clue_start": "1540",
                        "clue_end": "1627"
                    },
                    {
                        "clue_text": "만일 \\[\\lim _{x \\rightarrow \\infty} f(x)=\\pm \\infty, \\quad \\lim _{x \\rightarrow \\infty} g(x)=\\pm \\infty, \\quad \\lim _{x \\rightarrow \\infty} \\frac{f^{\\prime}(x)}{g^{\\prime}(x)}=L\\] 이면 \\[\\lim _{x \\rightarrow \\infty} \\frac{f(x)}{g(x)}=L=\\lim _{x \\rightarrow \\infty} \\frac{f^{\\prime}(x)}{g^{\\prime}(x)} \\]",
                        "clue_start": "1628",
                        "clue_end": "1927"
                    }
                ],
                "terminology": [
                    {
                        "word": "L'Hôpital의 법칙"
                    },
                    {
                        "word": "미분가능"
                    }
                ]
            }
        ]
    }
}