{
    "dataset_info": {
        "identifier": "02-031-002-NL",
        "name": "기술과학 문서 요약 데이터",
        "category": "자연어",
        "last_updated": "2023-08-30"
    },
    "dataset": {
        "doc_id": "62374a30-734e8c1e-8d9c-4f29-b134-4340f257ad8d",
        "doc_type": "논문",
        "doc_title": {
            "kor": "제1형 우측중도절단된 로그정규 수명 자료를 모니터링하는 누적합 관리도",
            "eng": ""
        },
        "doc_category": {
            "KDC": "413.05",
            "DDC": ""
        },
        "doc_number": {
            "ISSN": "1225-066X",
            "ISBN": "",
            "DOI": "",
            "UCI": ""
        },
        "doc_year": "2021",
        "doc_author": [
            "최민재",
            "이재헌"
        ],
        "doc_publisher": "한국통계학회",
        "doc_license": "CC BY-NC",
        "context_info": [
            {
                "context_id": "55e-0c9-merge_62374a30-734e8c1e-8d9c-4f29-b134-4340f257ad8d_08",
                "context_K-NSCC": {
                    "field": "자연",
                    "large_category": "NA",
                    "medium_category": "09"
                },
                "context": "<p>Tables 1-3은 \\( n=3 \\) 일 때, Table 4-6은 \\( n=5 \\) 일 때, 그리고 Tables 7-9는 \\( n=10 \\) 일 때의 결과를 각각 나타낸다. Tables 1, 4, 7은 \\( p c_ { 0 } =0.5 \\) 일 때, Tables 2, 5, 8은 \\( p c_ { 0 } =0.8 \\) 일 때, 그리고 Tables 3, 6, 9는 \\( p c_ { 0 } =0.95 \\) 일 때의 결과를 각각 나타낸다. LCUSUM은 우도비 CUSUM 관리도, BCUSUM은 이항 CUSUM 관리도를 나타내고, 이상상태일 때 두 관리도 절차 중 성능이 더 좋은 경우, 즉 이상상태일 때 ARL인 \\( \\mathrm { ARL } _ { 1 } \\) 값이 더 작은 경우를 이탤릭체로 표시하였다. 이때 CUSUM 관리도에서는 탐지하고자 하는 모수의 변화값을 사전에 지정을 해야 하는데, 관리도 설계의 편의상 각 \\( \\gamma \\) 의 값에 해당되는 모수의 값을 목표값으로 설정하였다.</p> <p>Table 3을 제외하면 대부분의 경우에서 우도비 CUSUM 관리도의 성능이 더 좋은 것으로 나타났다. Table 3 의 조건인 \\( n=3, p c_ { 0 } =0.95 \\) 에서는 두 관리도 절차의 성능이 대체적으로 비슷한 것을 알 수 있다. 전반적으로 우도비 CUSUM 관리도의 성능이 좋지만, 중도절단율이 아주 높은 경우 이항 CUSUM 관리도의 성능이 우도비 CUSUM 관리도와 유사해지거나 더 좋은 것을 확인할 수 있었다. 이 결과는 와이블 수명 자료에 대한 Choi와 Lee (2016)의 연구와 유사한 결과라고 할 수 있다.</p> <p>Table 10은 중도절단율이 아주 높은 경우, 즉 \\( p c_ { 0 } =0.95 \\) 일 때 각각의 조건에 따라 표본크기 \\( n \\) 에 따른 성능을 비교한 것이다. \\( n \\) 이 커질수록 두 관리도의 성능은 모두 좋아지며, 두 관리도간의 성능 차이는 전반적으로 비슷한 경향을 나타냈다. 따라서 중도절단율이 아주 높은 경우 두 관리도의 성능은 \\( n \\) 에 따라 큰 차이가 나지는 않음을 알 수 있었다. 이 논문에 결과를 제시하지는 않았지만, 다른 \\( p c_ { 0 } \\) 일 때에도 유사한 결론을 얻었다.</p> <h1>5. 결론</h1> <p>이 논문에서는 로그정규분포를 따르는 제1형 우측중도절단 수명 자료를 관리하는 두 가지의 CUSUM 관리도 절차를 제안하고, 모의실험을 통해 각 조건에 따른 성능을 비교하였다. 특히 분포의 형상모수 \\( \\sigma \\) 는 고정되어 있고, 제품 수명의 평균 감소를 탐지하는 상황을 고려하였다.</p>",
                "context_length": 1310,
                "summary": "이 연구에서는 로그정규분포를 따르는 제1형 우측중도절단 수명 자료를 처리하는 두 가지 CUSUM 관리도 절차(LCUSUM과 BCUSUM)를 제시하고 그들의 성능을 모의실험으로 비교했다. 탐지하려는 모수의 변화값은 사전에 설정되어 있었으며, 이상상태일 때 ARL \\( \\mathrm { ARL } _ { 1 } \\) 값이 더 작은 경우를 우수한 성능으로 간주했다. 결과적으로, 대다수의 경우에서 LCUSUM의 성능이 BCUSUM보다 우수하였으나, 중도절단율이 매우 높은 경우에는 BCUSUM의 성능이 LCUSUM과 비슷하거나 더 좋게 나타났다.",
                "clue": [
                    {
                        "clue_text": "이 논문에서는 로그정규분포를 따르는 제1형 우측중도절단 수명 자료를 관리하는 두 가지의 CUSUM 관리도 절차를 제안하고, 모의실험을 통해 각 조건에 따른 성능을 비교하였다.",
                        "clue_start": "1143",
                        "clue_end": "1240"
                    },
                    {
                        "clue_text": "LCUSUM은 우도비 CUSUM 관리도, BCUSUM은 이항 CUSUM 관리도를 나타내고, 이상상태일 때 두 관리도 절차 중 성능이 더 좋은 경우, 즉 이상상태일 때 ARL인 \\( \\mathrm { ARL } _ { 1 } \\) 값이 더 작은 경우를 이탤릭체로 표시하였다.",
                        "clue_start": "248",
                        "clue_end": "400"
                    },
                    {
                        "clue_text": "이때 CUSUM 관리도에서는 탐지하고자 하는 모수의 변화값을 사전에 지정을 해야 하는데, 관리도 설계의 편의상 각 \\( \\gamma \\) 의 값에 해당되는 모수의 값을 목표값으로 설정하였다.",
                        "clue_start": "401",
                        "clue_end": "507"
                    },
                    {
                        "clue_text": "Table 3을 제외하면 대부분의 경우에서 우도비 CUSUM 관리도의 성능이 더 좋은 것으로 나타났다.",
                        "clue_start": "515",
                        "clue_end": "572"
                    },
                    {
                        "clue_text": "전반적으로 우도비 CUSUM 관리도의 성능이 좋지만, 중도절단율이 아주 높은 경우 이항 CUSUM 관리도의 성능이 우도비 CUSUM 관리도와 유사해지거나 더 좋은 것을 확인할 수 있었다.",
                        "clue_start": "654",
                        "clue_end": "758"
                    }
                ],
                "terminology": [
                    {
                        "word": "ARL"
                    },
                    {
                        "word": "BCUSUM"
                    },
                    {
                        "word": "CUSUM"
                    },
                    {
                        "word": "CUSUM 관리도"
                    },
                    {
                        "word": "LCUSUM"
                    },
                    {
                        "word": "로그정규분포"
                    },
                    {
                        "word": "모수"
                    },
                    {
                        "word": "모의실험"
                    },
                    {
                        "word": "와이블 수명 자료"
                    },
                    {
                        "word": "우도비"
                    },
                    {
                        "word": "우도비 CUSUM 관리도"
                    },
                    {
                        "word": "우측중도절단"
                    },
                    {
                        "word": "우측중도절단 수명 자료"
                    },
                    {
                        "word": "이항"
                    },
                    {
                        "word": "이항 CUSUM"
                    },
                    {
                        "word": "이항 CUSUM 관리도"
                    },
                    {
                        "word": "평균 감소"
                    },
                    {
                        "word": "표본크기"
                    },
                    {
                        "word": "형상모수"
                    }
                ]
            },
            {
                "context_id": "55e-0c9-merge_62374a30-734e8c1e-8d9c-4f29-b134-4340f257ad8d_09",
                "context_K-NSCC": {
                    "field": "자연",
                    "large_category": "NA",
                    "medium_category": "09"
                },
                "context": "<p>고려한 공정 상황에서 관리도의 성능은 \\( \\sigma, p c_ { 0 } \\), 그리고 \\( n \\) 에 영향을 받는다. 모의실험 결과, 일반적으로 \\( p c_ { 0 } \\) 가 클수록 또는 \\( n \\) 이 작을수록, 즉 사용 가능한 정보의 양이 적을수록 관리도의 전반적인 성능이 나빠지는 경향을 나타내었다. 또한 \\( \\sigma \\) 값이 클수록 관리도의 전반적인 성능이 나빠지는 경향 또한 발견할 수 있었다. 우도비 CUSUM 관리도와 이항 CUSUM 관리도 절차를 비교했을 때, 대체로 우도비 CUSUM 관리도의 성능이 좋게 나타났으나, \\( \\sigma \\) 값이 큰 경우 또는 \\( p c_ { 0 } \\) 가 큰 경우, 이항 CUSUM 관리도의 성능이 좋은 경우도 많이 발생하는 것을 알 수 있었다. 종합적으로 살펴볼 때, \\( p c_ { 0 } \\) 가 작은 경우 또는 \\( \\sigma \\) 값이 작은 경우에는 우도비 CUSUM 관리도 절차의 사용을 권장한다. 반대로 \\( p c_ { 0 } \\) 가 큰 경우 또는 \\( \\sigma \\) 값이 크고 매우 미세한 변화를 탐지하는 경우에는 이항 CUSUM 관리도 절차를 사용하는 것이 효율적이라고 할 수 있다.</p> <p>이 논문에서 제안한 두 가지 절차는 로그정규분포를 따르는 중도절단된 수명 자료를 모니터링하는 관리도 절차이다. 기술의 발전에 따라 제품의 수명은 점점 늘어나기 때문에, 수명 시험에서 시간 및 비용의 문제로 인해 중도절단율은 더욱 높아질 것이다. 따라서 표본에서 중도절단되지 않은 자료의 개수에 기초한 이항 CUSUM 관리도 절차는 상대적으로 간편하게 적용할 수 있다는 장점이 있기 때문에 유용하게 사용할 수 있을 것으로 판단한다. 이 논문에서는 \\( \\sigma \\) 가 고정된 상태에서 제품 수명의 평균 감소를 탐지하는 관리도 절차를 제안하였는데, 향후 \\( \\mu \\) 와 \\( \\sigma \\) 가 동시에 변화하는 경우를 탐지하는 관리도 절차에 대해 연구를 진행할 예정이다.</p> <h1>요 약</h1> <p>제품의 수명을 유지시키는 것은 품질관리의 주요 목표 중 하나이다. 실제 공정에서는 시간 및 비용의 문제로 인해 모든 표본의 수명을 측정할 수 없는 경우가 많이 발생하기 때문에, 대부분 중도절단된 자료를 포함시켜 표본을 구성한다. 이 논문에서는 제1형의 우측중도절단된 수명 자료가 로그정규분포를 따르는 경우, 제품 수명의 평균을 모니터링하는 두 가지 누적합 관리도 절차를 제안한다. 하나는 우도비에 기초한 누적합 관리도이고, 다른 하나는 이항분포에 기초한 누적합 관리도 절차이다. 모의실험을 통해 평균런길이를 비교하는 방법으로 제안된 두 관리도 절차의 성능을 비교하였다. 모의실험 결과, 중도절단율이 낮은 경우, 형상모수값이 작은 경우, 평균의 감소 변화량이 큰 경우에는 우도비 누적합 관리도가 더 효율적이며, 반대로 중도절단율이 높은 경우, 형상모수값이 큰 경우, 평균의 감소 변화량이 적은 경우에는 이항 누적합 관리도가 더 효율적인 것으로 나타났다.</p>",
                "context_length": 1499,
                "summary": "이 논문은 로그정규분포를 따르는 중도절단된 수명 자료에 대한 관리도 절차를 제시한다. 이를 위해 중도절단되지 않은 자료의 개수에 기반한 이항 CUSUM 관리도 절차가 효율적으로 사용될 것으로 제안한다. 제품의 수명을 유지하는 것이 품질관리의 주요 목표임을 강조하며, 모의실험 결과를 통해 중도절단율, 형상모수값, 평균의 감소 변화량에 따른 두 가지 관리도 절차의 효율성을 비교분석한다.",
                "clue": [
                    {
                        "clue_text": "이 논문에서 제안한 두 가지 절차는 로그정규분포를 따르는 중도절단된 수명 자료를 모니터링하는 관리도 절차이다.",
                        "clue_start": "618",
                        "clue_end": "679"
                    },
                    {
                        "clue_text": "따라서 표본에서 중도절단되지 않은 자료의 개수에 기초한 이항 CUSUM 관리도 절차는 상대적으로 간편하게 적용할 수 있다는 장점이 있기 때문에 유용하게 사용할 수 있을 것으로 판단한다.",
                        "clue_start": "755",
                        "clue_end": "858"
                    },
                    {
                        "clue_text": "제품의 수명을 유지시키는 것은 품질관리의 주요 목표 중 하나이다.",
                        "clue_start": "1019",
                        "clue_end": "1055"
                    },
                    {
                        "clue_text": "모의실험 결과, 중도절단율이 낮은 경우, 형상모수값이 작은 경우, 평균의 감소 변화량이 큰 경우에는 우도비 누적합 관리도가 더 효율적이며, 반대로 중도절단율이 높은 경우, 형상모수값이 큰 경우, 평균의 감소 변화량이 적은 경우에는 이항 누적합 관리도가 더 효율적인 것으로 나타났다.",
                        "clue_start": "1338",
                        "clue_end": "1495"
                    }
                ],
                "terminology": [
                    {
                        "word": "CUSUM"
                    },
                    {
                        "word": "CUSUM 관리도"
                    },
                    {
                        "word": "감소 변화량"
                    },
                    {
                        "word": "누적합 관리도"
                    },
                    {
                        "word": "누적합 관리도 절차"
                    },
                    {
                        "word": "로그정규분포"
                    },
                    {
                        "word": "모의실험"
                    },
                    {
                        "word": "우도비"
                    },
                    {
                        "word": "우도비 CUSUM 관리도"
                    },
                    {
                        "word": "우측중도절단"
                    },
                    {
                        "word": "이항"
                    },
                    {
                        "word": "이항 CUSUM"
                    },
                    {
                        "word": "이항 CUSUM 관리도"
                    },
                    {
                        "word": "이항 누적합 관리도"
                    },
                    {
                        "word": "이항분포"
                    },
                    {
                        "word": "중도절단율"
                    },
                    {
                        "word": "평균 감소"
                    },
                    {
                        "word": "평균런길이"
                    },
                    {
                        "word": "표본"
                    },
                    {
                        "word": "형상모수값"
                    }
                ]
            },
            {
                "context_id": "55e-0c9-merge_62374a30-734e8c1e-8d9c-4f29-b134-4340f257ad8d_07",
                "context_K-NSCC": {
                    "field": "자연",
                    "large_category": "NA",
                    "medium_category": "09"
                },
                "context": "<p>이항 CUSUM 관리도 절차는 \\( S_ { i } ^ { + } >h_ { S } \\) 인 경우 공정에 이상이 발생했다는 신호를 주는 것이다. 여기서 관리한계 \\( h_ { S } \\) 는 우도비 CUSUM 관리도와 마찬가지로 주어진 \\( n, p c_ { 0 } , \\sigma \\) 에 따라 \\( \\mathrm { ARL } _ { 0 } \\approx 370 \\) 을 만족하도록 설정하였다.</p> <h1>4. 모의실험</h1> <p>이 장에서는 앞에서 제안한 우도비 CUSUM 관리도와 이항 CUSUM 관리도 절차의 성능을 모의실험을 통하여 비교하고자 한다. 관리도의 성능 비교의 측도는 일반적으로 많이 사용하는 ARL을 사용하였다.</p> <p>먼저 \\( \\sigma \\) 는 0.5, 1, 2, 5인 경우를 고려하였고, 각 경우에서 평균의 변화율 \\( \\gamma \\) 는 0.99, 0.98, 0.95, 0.9, 0.8, 0.65, 0.5인 경우를 고려하였다. 관리상태일 때 중도절단율 \\( p c_ { 0 } \\) 는 0.5, 0.8, 0.95를 사용하여 중도절단율이 \\( 50 \\% \\) 인 경우, 높은 경우, 아주 높은 경우를 나타낼 수 있도록 하였다. 표본크기 \\( n \\) 은 크기에 따른 성능 변화의 양상을 살펴보기 위해 3, 5, 10인 경우를 살펴보았다. 확률변수 \\( T \\) 가 \\( L N \\left ( \\mu, \\sigma ^ { 2 } \\right ) \\) 을 따를 때 \\( Z=e ^ { - \\mu } T \\) 로 치환할 경우 \\( Z \\) 는 \\( L N \\left (0, \\sigma ^ { 2 } \\right ) \\) 인 표준 로그정규분포를 따른다. 따라서 일반성을 잃지 않기 때문에 \\( \\mu_ { 0 } \\) 는 0으로 설정하였다. 각 경우에 대해 50,000 번씩 반복을 수행하여 ARL값을 계산하였다.</p> <p>관리한계 \\( h_ { C } \\) 와 \\( h_ { S } \\) 는 \\( \\mathrm { ARL } _ { 0 } \\approx 370 \\) 를 만족하도록 설정했는데, 이항 CUSUM 관리도의 경우 이산형 통계량을 사용하기 때문에 \\( p c_ { 0 } \\) 가 높을 때 \\( \\mathrm { ARL } _ { 0 } \\approx 370 \\) 을 만족하는 \\( h_ { S } \\) 를 찾기 어려운 경우가 발생하였다. 특히 \\( \\sigma \\) 와 \\( \\gamma \\) 값이 작은 경우 이러한 현상이 발생했는데, 이때에는 이상상태 성능의 공정한 비교를 위하여 두 관리도 절차의 관리한계를 모두 조정하여 \\( \\mathrm { ARL } _ { 0 } \\) 가 370 에 가까우면서 서로 유사하도록 설정하였다.</p>",
                "context_length": 1344,
                "summary": "본 연구에서는 우도비 CUSUM 관리도와 이항 CUSUM 관리도의 성능을 ARL을 통해 비교하였다. 여러 가지 조건 하에서, 특히 \\( \\sigma \\)와 \\( \\gamma \\)가 작은 경우, 두 관리도 절차의 성능을 공정하게 비교하기 위해 관리한계를 조정하여 ARL 값이 370에 근접하도록 설정하였다.",
                "clue": [
                    {
                        "clue_text": "이 장에서는 앞에서 제안한 우도비 CUSUM 관리도와 이항 CUSUM 관리도 절차의 성능을 모의실험을 통하여 비교하고자 한다.",
                        "clue_start": "250",
                        "clue_end": "320"
                    },
                    {
                        "clue_text": "관리도의 성능 비교의 측도는 일반적으로 많이 사용하는 ARL을 사용하였다.",
                        "clue_start": "321",
                        "clue_end": "362"
                    },
                    {
                        "clue_text": "먼저 \\( \\sigma \\) 는 0.5, 1, 2, 5인 경우를 고려하였고, 각 경우에서 평균의 변화율 \\( \\gamma \\) 는 0.99, 0.98, 0.95, 0.9, 0.8, 0.65, 0.5인 경우를 고려하였다.",
                        "clue_start": "370",
                        "clue_end": "492"
                    },
                    {
                        "clue_text": "특히 \\( \\sigma \\) 와 \\( \\gamma \\) 값이 작은 경우 이러한 현상이 발생했는데, 이때에는 이상상태 성능의 공정한 비교를 위하여 두 관리도 절차의 관리한계를 모두 조정하여 \\( \\mathrm { ARL } _ { 0 } \\) 가 370 에 가까우면서 서로 유사하도록 설정하였다.",
                        "clue_start": "1176",
                        "clue_end": "1340"
                    }
                ],
                "terminology": [
                    {
                        "word": "ARL"
                    },
                    {
                        "word": "CUSUM"
                    },
                    {
                        "word": "CUSUM 관리도"
                    },
                    {
                        "word": "관리한계"
                    },
                    {
                        "word": "로그정규분포"
                    },
                    {
                        "word": "모의실험"
                    },
                    {
                        "word": "우도비"
                    },
                    {
                        "word": "이산형"
                    },
                    {
                        "word": "이산형 통계량"
                    },
                    {
                        "word": "이상상태"
                    },
                    {
                        "word": "이항"
                    },
                    {
                        "word": "이항 CUSUM"
                    },
                    {
                        "word": "이항 CUSUM 관리도"
                    },
                    {
                        "word": "중도절단율"
                    },
                    {
                        "word": "통계량"
                    },
                    {
                        "word": "표본크기"
                    },
                    {
                        "word": "확률변수"
                    }
                ]
            },
            {
                "context_id": "55e-0c9-merge_62374a30-734e8c1e-8d9c-4f29-b134-4340f257ad8d_06",
                "context_K-NSCC": {
                    "field": "자연",
                    "large_category": "NA",
                    "medium_category": "09"
                },
                "context": "<p>공정이 관리상태, 즉 \\( L N \\left ( \\mu_ { 0 } , \\sigma ^ { 2 } \\right ) \\) 인 경우 중도절단율 \\( p c_ { 0 } \\) 는</p> <p>\\[ p c_ { 0 } =1- \\Phi \\left ( \\frac {\\log C- \\mu_ { 0 } } {\\sigma } \\right ) \\]<caption>(3.1)</caption></p> <p>가 되고, 공정이 이상상태, 즉 \\( L N \\left ( \\mu_ { 1 } , \\sigma ^ { 2 } \\right ) \\) 인 경우 중도절단율 \\( p c_ { 1 } \\) 은</p> <p>\\[ p c_ { 1 } =1- \\Phi \\left ( \\frac {\\log C- \\mu_ { 1 } } {\\sigma } \\right ) \\]<caption>(3.2)</caption></p> <p>이 된다. 앞에서 언급한 바와 같이 이 논문에서는 평균 수명이 감소하는 경우, 즉 식 (2.1)의 \\( \\gamma \\) 가 \\( \\gamma<1 \\) 인 경우만 고려하였다. 이 경우 \\( \\mu_ { 1 }< \\mu_ { 0 } \\) 이고, 식 (3.1)과 (3.2)로부터 \\( p c_ { 1 }<p c_ { 0 } \\) 가 성립한다.</p> <p>\\( \\sigma \\) 가 고정된 상태에서 평균 수명이 감소하는 것, 즉 \\( \\mu \\) 가 감소하는 것을 탐지하는 것은 \\( p c \\) 가 감소하는 것을 탐지하는 것과 동일하기 때문에, 이항 CUSUM 관리도 절차를 적용할 수 있다. \\( p c \\) 의 감소, 즉 \\( 1-p c \\) 의 증가를 탐지하는 이항 CUSUM 관리도의 관리통계량 \\( S_ { i } ^ { + } \\)는</p> <p>\\[ S_ { i } ^ { + } = \\max \\left (0, S_ { i-1 } ^ { + } + X_ { i } -k \\right ), \\quad S_ { 0 } ^ { + } =0 \\]</p> <p>가 된다. 이때 참고값(reference value)인 \\( k \\) 는 다음과 같다.</p> <p>\\[ k= \\frac { n \\log \\left ( \\frac { p c_ { 0 } } { p c_ { 1 } } \\right ) } {\\log \\left ( \\frac {\\left (1-p c_ { 1 } \\right ) p c_ { 0 } } {\\left (1-p c_ { 0 } \\right ) p c_ { 1 } } \\right ) } \\]</p>",
                "context_length": 1235,
                "summary": "이 논문에서는 평균 수명이 감소하는 경우만 고려시 \\( \\mu_ { 1 }< \\mu_ { 0 } \\) 이고, \\( p c_ { 1 }\\)(공정이 이상상태일때 중도절단율)\\(<p c_ { 0 } \\) (공정이관리상태일때 중도절단율)이다. \\(\\sigma\\)가 일정할때 \\(\\mu\\)이 감소하는 것은 \\( pc\\)가 감소하는 것과 같기 때문에, 이항 CUSUM 관리도 절차 적용이 가능하다.",
                "clue": [
                    {
                        "clue_text": "공정이 관리상태, 즉 \\( L N \\left ( \\mu_ { 0 } , \\sigma ^ { 2 } \\right ) \\) 인 경우 중도절단율 \\( p c_ { 0 } \\) 는",
                        "clue_start": "3",
                        "clue_end": "99"
                    },
                    {
                        "clue_text": "가 되고, 공정이 이상상태, 즉 \\( L N \\left ( \\mu_ { 1 } , \\sigma ^ { 2 } \\right ) \\) 인 경우 중도절단율 \\( p c_ { 1 } \\) 은",
                        "clue_start": "219",
                        "clue_end": "321"
                    },
                    {
                        "clue_text": "앞에서 언급한 바와 같이 이 논문에서는 평균 수명이 감소하는 경우, 즉 식 (2.1)의 \\( \\gamma \\) 가 \\( \\gamma<1 \\) 인 경우만 고려하였다.",
                        "clue_start": "447",
                        "clue_end": "538"
                    },
                    {
                        "clue_text": "이 경우 \\( \\mu_ { 1 }< \\mu_ { 0 } \\) 이고, 식 (3.1)과 (3.2)로부터 \\( p c_ { 1 }<p c_ { 0 } \\) 가 성립한다.",
                        "clue_start": "539",
                        "clue_end": "630"
                    },
                    {
                        "clue_text": "\\( \\sigma \\) 가 고정된 상태에서 평균 수명이 감소하는 것, 즉 \\( \\mu \\) 가 감소하는 것을 탐지하는 것은 \\( p c \\) 가 감소하는 것을 탐지하는 것과 동일하기 때문에, 이항 CUSUM 관리도 절차를 적용할 수 있다.",
                        "clue_start": "638",
                        "clue_end": "771"
                    }
                ],
                "terminology": [
                    {
                        "word": "CUSUM"
                    },
                    {
                        "word": "CUSUM 관리도"
                    },
                    {
                        "word": "이상상태"
                    },
                    {
                        "word": "이항"
                    },
                    {
                        "word": "이항 CUSUM"
                    },
                    {
                        "word": "이항 CUSUM 관리도"
                    }
                ]
            },
            {
                "context_id": "55e-0c9-merge_62374a30-734e8c1e-8d9c-4f29-b134-4340f257ad8d_04",
                "context_K-NSCC": {
                    "field": "자연",
                    "large_category": "NA",
                    "medium_category": "09"
                },
                "context": "<p>이때 \\( i \\) 번째 표본에서 실제 고장이 발생한 개수를 \\( X_ { i } \\), 실제 고장이 발생한 시간의 총합을 \\( Y_ { i } ^ { * } \\) 라고 한다면, \\( X_ { i } = \\sum_ { j=1 } ^ { n } \\delta_ { i j } \\) 와 \\( Y_ { i } ^ { * } = \\sum_ { j=1 } ^ { n } \\delta_ { i j } Y_ { i j } \\) 가 된다. 따라서 \\( Z_ { i } \\) 는 다음과 같이 표현할 수 있다.</p> <p>\\[ \\begin {aligned} Z_ { i } &= \\left ( \\frac {\\mu_ { 1 } - \\mu_ { 0 } } {\\sigma ^ { 2 } } \\right ) \\left (Y_ { i } ^ { * } - \\frac {\\mu_ { 0 } + \\mu_ { 1 } } { 2 } X_ { i } \\right ) + \\left (n-X_ { i } \\right ) \\log \\left ( \\frac { 1- \\Phi \\left ( \\frac {\\log C- \\mu_ { 1 } } {\\sigma } \\right ) } { 1- \\Phi \\left ( \\frac {\\log C- \\mu_ { 0 } } {\\sigma } \\right ) } \\right ) \\\\ &= \\left ( \\frac {\\mu_ { 1 } - \\mu_ { 0 } } {\\sigma ^ { 2 } } \\right ) \\left [Y_ { i } ^ { * } - \\frac {\\mu_ { 0 } + \\mu_ { 1 } } { 2 } X_ { i } + \\left ( \\frac {\\sigma ^ { 2 } } {\\mu_ { 1 } - \\mu_ { 0 } } \\right ) \\left (n-X_ { i } \\right ) \\log \\left ( \\frac { 1- \\Phi \\left ( \\frac {\\log C- \\mu_ { 1 } } {\\sigma } \\right ) } { 1- \\Phi \\left ( \\frac {\\log C- \\mu_ { 0 } } {\\sigma } \\right ) } \\right ) \\right ] \\end {aligned} \\]<caption>(2.2)</caption></p>",
                "context_length": 1120,
                "summary": "i번째 표본의 실제 고장 발생 개수 X_i, 실제 고장 발생 시간 Y_i*로 표현하면 Z_i는 (2.2)와 같이 표현된다.",
                "clue": [
                    {
                        "clue_text": "이때 \\( i \\) 번째 표본에서 실제 고장이 발생한 개수를 \\( X_ { i } \\), 실제 고장이 발생한 시간의 총합을 \\( Y_ { i } ^ { * } \\) 라고 한다면, \\( X_ { i } = \\sum_ { j=1 } ^ { n } \\delta_ { i j } \\) 와 \\( Y_ { i } ^ { * } = \\sum_ { j=1 } ^ { n } \\delta_ { i j } Y_ { i j } \\) 가 된다. 따라서 \\( Z_ { i } \\) 는 다음과 같이 표현할 수 있다.",
                        "clue_start": "3",
                        "clue_end": "277"
                    }
                ],
                "terminology": [
                    {
                        "word": "표본"
                    }
                ]
            },
            {
                "context_id": "55e-0c9-merge_62374a30-734e8c1e-8d9c-4f29-b134-4340f257ad8d_02",
                "context_K-NSCC": {
                    "field": "자연",
                    "large_category": "NA",
                    "medium_category": "09"
                },
                "context": "<h1>2. 우도비에 기초한 CUSUM 관리도 절차</h1> <p>각 시점에서 표본크기는 \\( n \\) 이라 하고 시점 \\( i \\) 에서 \\( j \\) 번째 제품 수명의 관측값을 \\( T_ { i j } \\) 로 나타낼 때 \\( (i=1,2, \\ldots, j= 1,2, \\ldots n), T_ { i j } \\) 가 \\( L N \\left ( \\mu, \\sigma ^ { 2 } \\right ) \\) 를 따르는 공정으로 고려하자. 이때 모수 \\( \\mu \\) 는 공정이 관리상태일 때 \\( \\mu= \\mu_ { 0 } \\), 이상상태일 때 \\( \\mu= \\mu_ { 1 } \\) 값을 갖는다고 가정하며, \\( \\sigma \\) 는 변하지 않는다고 가정하였다. 또한 관리상태에서의 모수인 \\( \\mu_ { 0 } \\) 와 \\( \\sigma \\) 는 알려져 있거나, 제1국면을 통하여 정확하게 추정되었다고 가정한다. 이 경우 제품 수명의 평균은 관리상태일 때 \\( E_ { 0 } (T)= \\exp \\left ( \\mu_ { 0 } + \\sigma ^ { 2 } / 2 \\right ) \\) 이고, 이상상태일 때 \\( E_ { 1 } (T)= \\exp \\left ( \\mu_ { 1 } + \\sigma ^ { 2 } / 2 \\right ) \\) 이 된다. \\( E_ { 1 } (T)= \\gamma E_ { 0 } (T) \\) 라고 하면, \\( \\gamma \\) 는</p> <p>\\[ \\gamma= \\frac { E_ { 1 } (T) } { E_ { 0 } (T) } = \\frac {\\exp \\left ( \\mu_ { 1 } + \\frac {\\sigma ^ { 2 } } { 2 } \\right ) } {\\exp \\left ( \\mu_ { 0 } + \\frac {\\sigma ^ { 2 } } { 2 } \\right ) } = \\exp \\left ( \\mu_ { 1 } - \\mu_ { 0 } \\right ) \\]<caption>(2.1)</caption></p> <p>가 된다. 일반적으로 제품 수명의 평균이 감소하는 경우, 즉 \\( \\gamma<1 \\) 인 경우를 탐지하는 것에 더 관심이 많기 때문에 이 논문에서는 \\( \\mu_ { 1 }< \\mu_ { 0 } \\) 인 경우를 고려하였다.</p>",
                "context_length": 1123,
                "summary": "논문에서는 \\( (i=1,2, \\ldots, j= 1,2, \\ldots n), T_ { i j } \\) 가 \\( L N \\left ( \\mu, \\sigma ^ { 2 } \\right ) \\)를 따르는 공정을 \\( \\gamma<1 \\) 인 경우를 탐지하는 것에 중요하므로 \\( \\mu_ { 1 }< \\mu_ { 0 } \\) 인 조건을 참조한다.",
                "clue": [
                    {
                        "clue_text": "각 시점에서 표본크기는 \\( n \\) 이라 하고 시점 \\( i \\) 에서 \\( j \\) 번째 제품 수명의 관측값을 \\( T_ { i j } \\) 로 나타낼 때 \\( (i=1,2, \\ldots, j= 1,2, \\ldots n), T_ { i j } \\) 가 \\( L N \\left ( \\mu, \\sigma ^ { 2 } \\right ) \\) 를 따르는 공정으로 고려하자.",
                        "clue_start": "37",
                        "clue_end": "243"
                    },
                    {
                        "clue_text": "일반적으로 제품 수명의 평균이 감소하는 경우, 즉 \\( \\gamma<1 \\) 인 경우를 탐지하는 것에 더 관심이 많기 때문에 이 논문에서는 \\( \\mu_ { 1 }< \\mu_ { 0 } \\) 인 경우를 고려하였다.",
                        "clue_start": "1000",
                        "clue_end": "1119"
                    }
                ],
                "terminology": [
                    {
                        "word": "CUSUM"
                    },
                    {
                        "word": "CUSUM 관리도 절차"
                    },
                    {
                        "word": "모수"
                    },
                    {
                        "word": "우도비"
                    },
                    {
                        "word": "표본크기"
                    }
                ]
            },
            {
                "context_id": "55e-0c9-merge_62374a30-734e8c1e-8d9c-4f29-b134-4340f257ad8d_00",
                "context_K-NSCC": {
                    "field": "자연",
                    "large_category": "NA",
                    "medium_category": "09"
                },
                "context": "<h1>1. 서론</h1> <p>산업의 생산공정에서 관리도(control chart)는 공정의 상태를 파악하고 제품의 품질을 변화시키는 이상원인을 최대한 빠르게 탐지하여 공정을 효율적으로 관리할 수 있게 하는 통계적 도구이다. 관리도의 종류에는 Shewhart 관리도를 비롯하여 누적합(cumulative sum, CUSUM) 관리도, 지수가중이동평균(exponentially weighted moving average, EWMA) 관리도 등이 있다.</p> <p>일반적으로 제품의 수명은 중요한 품질특성치 중 하나이다. 가속 검사, 파괴 검사 등 여러 방법으로 제품의 수명을 측정할 수 있는데, 비용과 시간의 제약 때문에 중도절단(censoring)은 빈번하게 발생하는 현상 중 하나이다. 중도절단은 제1형과 제2형으로 구분할 수 있는데, 제1형 중도절단(type I censoring)은 정해진 시점까지 시험을 진행한 후 중지하는 것이고 제2형 중도절단(type II censoring)은 정해진 개수의 수명 자료를 얻은 후 시험을 중지하는 것이다. 이때 시험 시작 후 관측을 하다가 중단하는 경우를 우측중도절단(right censoring)이라 하고, 시험 시작 후 관측을 하지 않다가 시험 중간에 관측을 시작하는 경우를 좌측중도절단(left censoring)이라 한다. 이 논문에서는 가장 빈번하게 발생하는 제1형 우측중도절단 자료를 고려하였다.</p> <p>와이블분포(Weibull distribution)와 로그정규분포(lognormal distribution)는 제품의 수명을 나타내는데 적합한 분포로 알려져 있다. 제1형 우측중도절단이 존재하는 와이블 수명 분포의 관리도 절차에 관한 연구로는 Steiner와 Mackay (2000), Zhang과 Chen (2004), Dickinson 등 (2014), Choi와 Lee (2016), 그리고 Han과 Lee (2017) 등이 있다. Steiner와 Mackay (2000)는 중도절단된 자료를 조건부 기댓값으로 대체한 후 Shewhart 관리도에 적용하는 절차를 제안하였다. Zhang과 Chen (2004)은 이 조건부 기댓값의 개념을 EWMA 관리도에 적용하는 절차를 제안하고, 관리도의 성능을 Steiner와 Mackay (2000)의 관리도 절차와 비교하였다. Dickinson 등 (2014)은 형상모수는 변하지 않을 때 척도모수의 감소를 탐지하는 우도비(likelihood ratio)에 기초한 CUSUM 관리도 절차를 제안하였다. Dickinson 등 (2014)은 그들이 제안한 CUSUM 관리도의 성능이 Zhang과 Chen (2004)이 제안한 EWMA 관리도에 비하여 더 효율적임을 보였다. Choi와 Lee (2016)는 이항 CUSUM 관리도 절차를 제안하고 Dickinson 등 (2014)의 결과와 비교하여, 표본크기가 작고 중도절단율(censoring rate)이 높을수록 제안한 CUSUM 관리도의 성능이 좋음을 보였다. Han과 Lee (2017)는 일반화우도비(generalized lifelihood ratio, GLR) 관리도 절차를 제안하고 그 효율을 기존 연구와 비교하였다.</p> <p>중도절단이 존재하는 로그정규분포 수명 자료를 모니터링하는 관리도 절차에 대한 연구는 많이 진행되지 않았는데, 최근 연구로는 Arif 등 (2018)이 있다. Arif 등 (2018)은 로그정규분포를 따르는 수명 자료에 대해 가속수명시험을 하는 상황에서 공정을 모니터링하는 관리도 절차를 제안하였다.</p>",
                "context_length": 1738,
                "summary": "이 논문에서는 가장 빈번하게 발생하는 정해진 시점까지 시험을 진행한 후 중지하는 제1형 중도절단중 시험 시작 후 관측을 하다가 중단하는 우측중도절단에 대한 자료를 고려하였다. 제품의 수명을 나타내는데 적합한 분포인 와이블분포와 로그정규분포가 있는데, 제1형 우측중도절단이 존재하는 와이블 수명 분포의 관리도 절차에 관한 다양한 연구들이 존재한다.",
                "clue": [
                    {
                        "clue_text": "중도절단은 제1형과 제2형으로 구분할 수 있는데, 제1형 중도절단(type I censoring)은 정해진 시점까지 시험을 진행한 후 중지하는 것이고 제2형 중도절단(type II censoring)은 정해진 개수의 수명 자료를 얻은 후 시험을 중지하는 것이다.",
                        "clue_start": "387",
                        "clue_end": "533"
                    },
                    {
                        "clue_text": "이 논문에서는 가장 빈번하게 발생하는 제1형 우측중도절단 자료를 고려하였다.",
                        "clue_start": "660",
                        "clue_end": "702"
                    },
                    {
                        "clue_text": "와이블분포(Weibull distribution)와 로그정규분포(lognormal distribution)는 제품의 수명을 나타내는데 적합한 분포로 알려져 있다.",
                        "clue_start": "710",
                        "clue_end": "800"
                    },
                    {
                        "clue_text": "제1형 우측중도절단이 존재하는 와이블 수명 분포의 관리도 절차에 관한 연구로는 Steiner와 Mackay (2000), Zhang과 Chen (2004), Dickinson 등 (2014), Choi와 Lee (2016), 그리고 Han과 Lee (2017) 등이 있다.",
                        "clue_start": "801",
                        "clue_end": "953"
                    },
                    {
                        "clue_text": "이때 시험 시작 후 관측을 하다가 중단하는 경우를 우측중도절단(right censoring)이라 하고, 시험 시작 후 관측을 하지 않다가 시험 중간에 관측을 시작하는 경우를 좌측중도절단(left censoring)이라 한다.",
                        "clue_start": "534",
                        "clue_end": "659"
                    }
                ],
                "terminology": [
                    {
                        "word": "CUSUM 관리도"
                    },
                    {
                        "word": "EWMA 관리도"
                    },
                    {
                        "word": "Shewhart 관리도"
                    },
                    {
                        "word": "Weibull distribution"
                    },
                    {
                        "word": "censoring"
                    },
                    {
                        "word": "cumulative sum"
                    },
                    {
                        "word": "likelihood ratio"
                    },
                    {
                        "word": "lognormal distribution"
                    },
                    {
                        "word": "관리도"
                    },
                    {
                        "word": "관리도(control chart)"
                    },
                    {
                        "word": "누적합"
                    },
                    {
                        "word": "로그정규분포"
                    },
                    {
                        "word": "와이블분포"
                    },
                    {
                        "word": "우도비"
                    },
                    {
                        "word": "이항"
                    },
                    {
                        "word": "이항 CUSUM"
                    },
                    {
                        "word": "이항 CUSUM 관리도"
                    },
                    {
                        "word": "일반화우도비"
                    },
                    {
                        "word": "조건부 기댓값"
                    },
                    {
                        "word": "중도절단"
                    },
                    {
                        "word": "지수가중이동평균"
                    },
                    {
                        "word": "척도모수"
                    },
                    {
                        "word": "표본크기"
                    },
                    {
                        "word": "형상모수"
                    }
                ]
            },
            {
                "context_id": "55e-0c9-merge_62374a30-734e8c1e-8d9c-4f29-b134-4340f257ad8d_01",
                "context_K-NSCC": {
                    "field": "자연",
                    "large_category": "NA",
                    "medium_category": "09"
                },
                "context": "<p>로그정규분포는 로그를 취하면 정규분포를 따르는 확률변수의 분포이며, 그 확률변수는 항상 양의 값을 갖는다. 수명을 나타내는 확률변수 \\( T \\) 가 위치모수(location parameter) \\( \\mu \\) 와 형상모수(shape parameter) \\( \\sigma \\) 를 갖는 로그정규분포, 즉 \\( L N \\left ( \\mu, \\sigma ^ { 2 } \\right ) \\) 를 따른다고 할 때, 확률밀도함수(pdf)와 누적분포함수(cdf)는 각각 다음과 같다.</p> <p>\\[ \\begin {aligned} &f \\left (t \\mid \\mu, \\sigma ^ { 2 } \\right ) = \\frac { 1 } {\\sqrt { 2 \\pi } \\sigma t } \\exp \\left \\{ - \\frac { ( \\log t- \\mu) ^ { 2 } } { 2 \\sigma ^ { 2 } } \\right \\} , \\quad t>0 \\\\ &F \\left (t \\mid \\mu, \\sigma ^ { 2 } \\right )= \\Phi \\left ( \\frac {\\log t- \\mu } {\\sigma } \\right ), \\quad t>0 \\end {aligned} \\]</p> <p>여기서 \\( \\Phi( \\cdot) \\) 는 표준정규분포의 누적분포함수를 나타낸다. 이때 \\( T \\) 의 평균은 \\( \\exp \\left ( \\mu + \\sigma ^ { 2 } / 2 \\right ) \\) 이고, 미리 정해진 중도절단 시점을 \\( C \\) 라 할 경우 중도절단율 \\( p c \\) 는</p> <p>\\[ p c=P(T \\geq C)=1- \\Phi \\left ( \\frac {\\log C- \\mu } {\\sigma } \\right ) \\]<caption>(1.1)</caption></p> <p>가 된다.</p> <p>로그정규분포를 따르는 확률변수 \\( T \\) 의 평균은 위치모수 \\( \\mu \\) 뿐만 아니라 형상모수 \\( \\sigma \\) 의 변화에도 영향을 받는다. 그러나 이 논문에서는 \\( \\sigma \\) 가 고정된 상태에서, 좀 더 쉽게 변할 수 있는 \\( \\mu \\) 의 변화로 인하여 평균이 감소하는 경우에 초점을 맞추어 이를 모니터링하는 상황을 고려하였다.</p> <p>이 논문에서는 로그정규분포를 가정할 때 중도절단율이 0.5 이상으로 아주 높은 경우를 고려하며, 평균 수명의 감소를 탐지하는 두 가지 CUSUM 관리도 절차를 제안한다. 그중 하나는 CUSUM 관리도에서 전통적으로 사용하는 우도비에 기초한 절차로서 2장에서 소개하고, 다른 하나는 이항분포에 기초한 절차로서 3장에서 소개하고 있다. 4장에서는 모의실험을 통하여 여러 가지 이상상태에서 두 관리도의 성능을 비교하였으며, 이 논문의 결론은 5장에 제시한다.</p>",
                "context_length": 1380,
                "summary": "로그정규분포는 로그를 취하면 정규분포를 따르는 확률변수의 분포이며, 그 확률변수는 항상 양의 값을 얻음으로써 수명을 나타내는 확률변수 \\( T \\) 가 위치모수(location parameter) \\( \\mu \\) 와 형상모수(shape parameter) \\( \\sigma \\) 를 갖는 로그정규분포, 즉 \\( L N \\left ( \\mu, \\sigma ^ { 2 } \\right ) \\) 를 따르며, 이 논문에서는 로그정규분포를 가정할 때 중도절단율이 0.5 이상으로 아주 높은 경우를 고려하며, 평균 수명의 감소를 탐지하는 두 가지 CUSUM 관리도 절차를 제안하고자 한다.",
                "clue": [
                    {
                        "clue_text": "로그정규분포는 로그를 취하면 정규분포를 따르는 확률변수의 분포이며, 그 확률변수는 항상 양의 값을 갖는다. 수명을 나타내는 확률변수 \\( T \\) 가 위치모수(location parameter) \\( \\mu \\) 와 형상모수(shape parameter) \\( \\sigma \\) 를 갖는 로그정규분포, 즉 \\( L N \\left ( \\mu, \\sigma ^ { 2 } \\right ) \\) 를 따른다고 할 때, 확률밀도함수(pdf)와 누적분포함수(cdf)는 각각 다음과 같다.",
                        "clue_start": "3",
                        "clue_end": "269"
                    },
                    {
                        "clue_text": "이 논문에서는 로그정규분포를 가정할 때 중도절단율이 0.5 이상으로 아주 높은 경우를 고려하며, 평균 수명의 감소를 탐지하는 두 가지 CUSUM 관리도 절차를 제안한다.",
                        "clue_start": "1123",
                        "clue_end": "1217"
                    }
                ],
                "terminology": [
                    {
                        "word": "CUSUM 관리도"
                    },
                    {
                        "word": "누적분포함수"
                    },
                    {
                        "word": "로그"
                    },
                    {
                        "word": "로그정규분포"
                    },
                    {
                        "word": "모의실험"
                    },
                    {
                        "word": "우도비"
                    },
                    {
                        "word": "위치모수"
                    },
                    {
                        "word": "이상상태"
                    },
                    {
                        "word": "이항분포"
                    },
                    {
                        "word": "정규분포"
                    },
                    {
                        "word": "중도절단"
                    },
                    {
                        "word": "중도절단율"
                    },
                    {
                        "word": "표준정규분포"
                    },
                    {
                        "word": "형상모수"
                    },
                    {
                        "word": "확률밀도함수"
                    },
                    {
                        "word": "확률변수"
                    }
                ]
            },
            {
                "context_id": "55e-0c9-merge_62374a30-734e8c1e-8d9c-4f29-b134-4340f257ad8d_05",
                "context_K-NSCC": {
                    "field": "자연",
                    "large_category": "NA",
                    "medium_category": "09"
                },
                "context": "<p>식 (2.2)의 로그우도비에 기초하여, 시점 \\( i \\) 에서 제품 수명의 평균 감소를 탐지하는 우도비에 기초한 CUSUM 관리도(우도비 CUSUM 관리도)의 관리통계량을 다음과 같이 정의할 수 있다.</p> <p>\\[ C_ { i } ^ { + } = \\max \\left (0, C_ { i-1 } ^ { + } + Z_ { i } \\right ), C_ { 0 } ^ { + } =0. \\]</p> <p>우도비 CUSUM 관리도 절차는 \\( C_ { i } ^ { + } >h_ { C } \\) 인 경우 공정에 이상이 발생했다는 신호를 주는 것이다. 여기서 관리한계 \\( h_ { C } \\) 는 주어진 \\( n, p c, \\sigma \\) 에 따라 관리상태일 때의 평균런길이(average run length, ARL), 즉 \\( \\mathrm { ARL } _ { 0 } \\) 가 주어진 값을 만족하도록 설정할 수 있다. 관리도에서 런길이(run length)는 이상신호를 줄 때까지 관측한 표본의 개수를 나타내는 용어로서, \\( \\mathrm { ARL } _ { 0 } \\) 는 가설검정에서 제1종 오류와 유사한 개념으로 생각할 수 있다. 이 논문에서는 일반적으로 많이 사용하는 \\( \\mathrm { ARL } _ { 0 } \\approx 370 \\) 인 경우를 고려하였다.</p> <h1>3. 이항분포에 기초한 CUSUM 관리도 절차</h1> <p>Choi와 Lee (2016)는 제1형 우측중도절단이 존재하는 와이블 수명 자료를 모니터링하는 이항 CUSUM 관리도 절차를 제안하고, 그 효율을 살펴보았다. 이 절차는 이항분포에 기초한 CUSUM 관리도(이항 CUSUM 관리도)로서, 와이블분포의 모수가 변화할 경우 중도절단율 \\( p c \\) 가 변화한다는 사실을 이용한 관리도 절차이다. 일반적으로 우도비에 기초한 관리도는 계량형 관리도(variables control chart)이고 이항분포에 기초한 관리도는 계수형 관리도(attributes control chart)이기 때문에, 계량형 자료를 사용하는 절차가 계수형 자료를 사용하는 절차에 비해 효율적이라고 알려져 있다. 그러나 중도절단율이 높은 경우 계량형 자료 또한 정보의 손실이 많기 때문에 이항 CUSUM 관리도의 효율이 좋은 경우가 많이 발생하였다.</p> <p>이 장에서는 Choi와 Lee (2016)가 제안한 이항 CUSUM 관리도 절차와 유사하게, 제1형 우측중도절단이 존재하는 로그정규 수명 자료의 평균 수명을 모니터링하는 이항 CUSUM 관리도 절차를 제안하고자 한다. 제품 수명의 관측값 \\( T_ { i j } \\) 가 \\( L N \\left ( \\mu, \\sigma ^ { 2 } \\right ) \\) 를 따르고 중도절단 시점을 \\( C \\) 라고 할 때, 중도절단율 \\( p c \\) 는 식 (1.1)과 같다. 따라서 2장에서 정의한 \\( i \\) 번째 표본에서 실제 고장이 발생한 개수 \\( X_ { i } \\) 는 이항분포 \\( B(n, 1-p c) \\) 를 따르게 된다.</p>",
                "context_length": 1507,
                "summary": "Choi 및 Lee(2016)는 이항 CUSUM 관리도를 제안하여 중도절단율이 높은 와이블 수명 자료를 모니터링하는데 효율적이다. 이는 계량형 자료를 사용하는 절차보다 계수형 자료를 사용하는 절차가 손실이 적기 때문이며, \\( \\mathrm { ARL } _ { 0 } \\approx 370 \\) 인 경우를 고려하여 설정할 수 있다.",
                "clue": [
                    {
                        "clue_text": "Choi와 Lee (2016)는 제1형 우측중도절단이 존재하는 와이블 수명 자료를 모니터링하는 이항 CUSUM 관리도 절차를 제안하고, 그 효율을 살펴보았다.",
                        "clue_start": "711",
                        "clue_end": "799"
                    },
                    {
                        "clue_text": "일반적으로 우도비에 기초한 관리도는 계량형 관리도(variables control chart)이고 이항분포에 기초한 관리도는 계수형 관리도(attributes control chart)이기 때문에, 계량형 자료를 사용하는 절차가 계수형 자료를 사용하는 절차에 비해 효율적이라고 알려져 있다.",
                        "clue_start": "903",
                        "clue_end": "1065"
                    },
                    {
                        "clue_text": "관리도에서 런길이(run length)는 이상신호를 줄 때까지 관측한 표본의 개수를 나타내는 용어로서, \\( \\mathrm { ARL } _ { 0 } \\) 는 가설검정에서 제1종 오류와 유사한 개념으로 생각할 수 있다. 이 논문에서는 일반적으로 많이 사용하는 \\( \\mathrm { ARL } _ { 0 } \\approx 370 \\) 인 경우를 고려하였다.",
                        "clue_start": "468",
                        "clue_end": "668"
                    }
                ],
                "terminology": [
                    {
                        "word": "CUSUM"
                    },
                    {
                        "word": "CUSUM 관리도"
                    },
                    {
                        "word": "계수"
                    },
                    {
                        "word": "관리통계량"
                    },
                    {
                        "word": "관리한계"
                    },
                    {
                        "word": "런길이(run length)"
                    },
                    {
                        "word": "로그우도비"
                    },
                    {
                        "word": "모수"
                    },
                    {
                        "word": "와이블 수명 자료"
                    },
                    {
                        "word": "와이블분포"
                    },
                    {
                        "word": "우도비"
                    },
                    {
                        "word": "우도비 CUSUM 관리도"
                    },
                    {
                        "word": "우측중도절단"
                    },
                    {
                        "word": "이항"
                    },
                    {
                        "word": "이항 CUSUM"
                    },
                    {
                        "word": "이항 CUSUM 관리도"
                    },
                    {
                        "word": "이항분포"
                    },
                    {
                        "word": "평균런길이(average run length, ARL)"
                    },
                    {
                        "word": "표본"
                    }
                ]
            },
            {
                "context_id": "55e-0c9-merge_62374a30-734e8c1e-8d9c-4f29-b134-4340f257ad8d_03",
                "context_K-NSCC": {
                    "field": "자연",
                    "large_category": "NA",
                    "medium_category": "09"
                },
                "context": "<p>\\( Y_ { i j } = \\log T_ { i j } \\) 로 치환할 경우 확률변수 \\( Y_ { i j } \\) 는 정규분포 \\( N \\left ( \\mu, \\sigma ^ { 2 } \\right ) \\) 을 따른다는 사실이 잘 알려져 있기 때문에, 우리는 \\( T_ { i j } \\) 대신 로그변환을 한 \\( Y_ { i j } \\) 를 사용한 절차를 제안하고자 한다. 우측중도절단 자료가 존재하는 경우 \\( i \\) 번째 표본 \\( \\mathbf { y } _ {\\mathbf { i } } = \\left (y_ { i 1 } , y_ { i 2 } , \\ldots, y_ { i n } \\right ) \\) 에 대한 우도함수(likelihood function)는</p> <p>\\[ L \\left ( \\mu, \\sigma ^ { 2 } \\mid \\mathbf { y } _ {\\mathbf { i } } \\right )= \\prod_ { j=1 } ^ { n } f \\left (y_ { i j } \\mid \\mu, \\sigma ^ { 2 } \\right ) ^ {\\delta_ { i j } } \\left [1-F \\left (y_ { i j } \\mid \\mu, \\sigma ^ { 2 } \\right ) \\right ] ^ { 1- \\delta_ { i j } } \\]</p> <p>가 된다. 여기서 \\( \\delta_ { i j } \\) 는 중도절단 시점 \\( C \\) 에 대해서 \\( y_ { i j } \\leq \\log C \\) 인 경우에는 1이고, \\( y_ { i j } >\\log C \\) 인 경우에는 0으로 정의한다. 즉, \\( T_ { i j } \\) 가 실제 고장시간을 나타내면 1이고 중도절단된 경우에는 0의 값을 갖는 것이다. 따라서 \\( i \\) 번째 표본에 대한 로그우도비(log likelihood ratio) \\( Z_ { i } \\) 는 다음과 같이 나타낼 수 있다.</p> <p>\\[ \\begin {aligned} Z_ { i } &= \\sum_ { j=1 } ^ { n } \\delta_ { i j } \\log \\left [ \\frac { f \\left (Y_ { i j } \\mid \\mu_ { 1 } , \\sigma ^ { 2 } \\right ) } { f \\left (Y_ { i j } \\mid \\mu_ { 0 } , \\sigma ^ { 2 } \\right ) } \\right ] + \\sum_ { j=1 } ^ { n } \\left (1- \\delta_ { i j } \\right ) \\log \\left ( \\frac { 1-F \\left (Y_ { i j } \\mid \\mu_ { 1 } , \\sigma ^ { 2 } \\right ) } { 1-F \\left (Y_ { i j } \\mid \\mu_ { 0 } , \\sigma ^ { 2 } \\right ) } \\right ) \\\\ &= \\left ( \\frac {\\mu_ { 1 } - \\mu_ { 0 } } {\\sigma ^ { 2 } } \\right ) \\sum_ { j=1 } ^ { n } \\delta_ { i j } \\left [ \\left (Y_ { i j } - \\frac {\\mu_ { 0 } + \\mu_ { 1 } } { 2 } \\right ) \\right ] + \\sum_ { j=1 } ^ { n } \\left (1- \\delta_ { i j } \\right ) \\log \\left ( \\frac { 1- \\Phi \\left ( \\frac {\\log C- \\mu_ { 1 } } {\\sigma } \\right ) } { 1- \\Phi \\left ( \\frac {\\log C- \\mu_ { 0 } } {\\sigma } \\right ) } \\right ) \\end {aligned} \\]</p>",
                "context_length": 1862,
                "summary": "\\( Y_ { i j } = \\log T_ { i j } \\)로 치환하면 확률변수 \\( Y_ { i j } \\) 는 정규분포 \\( N \\left ( \\mu, \\sigma ^ { 2 } \\right ) \\)을 따르기 때문에 로그변환을 한 \\( Y_ { i j } \\)를 \\( T_ { i j } \\) 대신 사용한 절차를 제안하고, 우측 중도절단 자료가 있는 \\( i \\) 번째 표본에 대한 우도함수의 식에서 \\( \\delta_ { i j } \\)은 \\( T_ { i j } \\)가 실제 고장시간을 나타내면 1의 값을 가지고, 중도절단되면 0의 값을 가진다.",
                "clue": [
                    {
                        "clue_text": "\\( Y_ { i j } = \\log T_ { i j } \\) 로 치환할 경우 확률변수 \\( Y_ { i j } \\) 는 정규분포 \\( N \\left ( \\mu, \\sigma ^ { 2 } \\right ) \\) 을 따른다는 사실이 잘 알려져 있기 때문에, 우리는 \\( T_ { i j } \\) 대신 로그변환을 한 \\( Y_ { i j } \\) 를 사용한 절차를 제안하고자 한다.",
                        "clue_start": "3",
                        "clue_end": "214"
                    },
                    {
                        "clue_text": "즉, \\( T_ { i j } \\) 가 실제 고장시간을 나타내면 1이고 중도절단된 경우에는 0의 값을 갖는 것이다.",
                        "clue_start": "814",
                        "clue_end": "878"
                    },
                    {
                        "clue_text": "우측중도절단 자료가 존재하는 경우 \\( i \\) 번째 표본 \\( \\mathbf { y } _ {\\mathbf { i } } = \\left (y_ { i 1 } , y_ { i 2 } , \\ldots, y_ { i n } \\right ) \\) 에 대한 우도함수(likelihood function)는</p> <p>\\[ L \\left ( \\mu, \\sigma ^ { 2 } \\mid \\mathbf { y } _ {\\mathbf { i } } \\right )= \\prod_ { j=1 } ^ { n } f \\left (y_ { i j } \\mid \\mu, \\sigma ^ { 2 } \\right ) ^ {\\delta_ { i j } } \\left [1-F \\left (y_ { i j } \\mid \\mu, \\sigma ^ { 2 } \\right ) \\right ] ^ { 1- \\delta_ { i j } } \\]</p> <p>가 된다.",
                        "clue_start": "215",
                        "clue_end": "680"
                    },
                    {
                        "clue_text": "여기서 \\( \\delta_ { i j } \\) 는 중도절단 시점 \\( C \\) 에 대해서 \\( y_ { i j } \\leq \\log C \\) 인 경우에는 1이고, \\( y_ { i j } >\\log C \\) 인 경우에는 0으로 정의한다.",
                        "clue_start": "681",
                        "clue_end": "813"
                    }
                ],
                "terminology": [
                    {
                        "word": "likelihood ratio"
                    },
                    {
                        "word": "로그변환"
                    },
                    {
                        "word": "로그우도비"
                    },
                    {
                        "word": "우도함수"
                    },
                    {
                        "word": "우측중도절단"
                    },
                    {
                        "word": "정규분포"
                    },
                    {
                        "word": "중도절단"
                    },
                    {
                        "word": "치환"
                    },
                    {
                        "word": "표본"
                    },
                    {
                        "word": "확률변수"
                    }
                ]
            }
        ]
    }
}