{
    "dataset_info": {
        "identifier": "02-031-002-NL",
        "name": "기술과학 문서 요약 데이터",
        "category": "자연어",
        "last_updated": "2023-08-30"
    },
    "dataset": {
        "doc_id": "55e4099e-356d-4681-8d2a-06f0f683a473",
        "doc_type": "도서",
        "doc_title": {
            "kor": "사범대생을 위한 대수학_자기동형사상과 Galois 이론",
            "eng": ""
        },
        "doc_category": {
            "KDC": "412",
            "DDC": ""
        },
        "doc_number": {
            "ISSN": "",
            "ISBN": "9791160731088",
            "DOI": "",
            "UCI": ""
        },
        "doc_year": "2018",
        "doc_author": [
            "정상조"
        ],
        "doc_publisher": "경문사",
        "doc_license": "저작권 협의됨",
        "context_info": [
            {
                "context_id": "55e-0c9-merge_55e4099e-356d-4681-8d2a-06f0f683a473_01",
                "context_K-NSCC": {
                    "field": "자연",
                    "large_category": "NA",
                    "medium_category": "01"
                },
                "context": "<p>이 절에서는 대입준동형사상 \\( \\phi_ {\\alpha } \\)(정리 \\( 5.4.4 \\))를 대신하는 새로운 동형사상 \\( \\psi_ {\\alpha, \\beta } \\)에 대해 논한다. 동형사상 \\( \\psi_ {\\alpha, \\beta } \\)가 대수적 확대체의 구조를 연구하는 아주 중요한 도구이다.</p> <p>정의 \\( 9.1.1 \\) [대수적 켤레원소(algebraic conjugate element)] 체 \\( F \\)의 대수적 확대체 \\( E \\)의 원소 \\( \\alpha, \\beta \\in E \\)에 대하여 \\( \\alpha, \\beta \\)가 \\( F \\)위의 대수적 켤레원소(algebraic conjugate element) 정의 \\( \\\\operatorname { irr } ( \\alpha, F) = \\operatorname { irr } ( \\beta, F) \\)</p> <p>예 \\( 9.1.2 \\) [켤레원소] 유리수체 \\( \\mathbb { Q } \\) 위의 대수적 켤레원소에 대한 예를 살펴 보자.</p> <ol type=1 start=1><li>\\( \\sqrt { 2 } \\)와 \\( - \\sqrt { 2 } \\)는 \\( \\mathbb { Q } \\) 위의 대수적 켤레원소이다. 실제로 \\( \\operatorname { irr } ( \\sqrt { 2 } , \\mathbb { Q } )= \\operatorname { irr } (- \\sqrt { 2 } , \\mathbb { Q } )=x ^ { 2 } -2 \\)이다. 하지만, \\( \\sqrt { 2 } \\)와 \\( - \\sqrt { 2 } \\)는 실수체 \\( \\mathbb { R } \\) 위의 대수적 컬레원소가 아니다. 왜냐하면, \\( \\operatorname { irr } ( \\sqrt { 2 } , \\mathbb { R } )=x- \\sqrt { 2 } \\neq \\operatorname { irr } (- \\sqrt { 2 } , \\mathbb { R } )=x + \\sqrt { 2 } \\)이기 때문이다.</li> <li>허수 \\( i \\)와 \\( -i \\)는 \\( \\mathbb { Q } \\) 위의 대수적 컬레원소이다. 실제로 \\( \\operatorname { irr } (i, \\mathbb { Q } )= \\operatorname { irr } (-i, \\mathbb { Q } )=x ^ { 2 } + 1 \\)이다.</li> <li>\\( \\sqrt[3] { 2 } \\)와 \\( \\sqrt[3] { 2 } \\frac { (-1 \\pm i \\sqrt { 3 } ) } { 2 } \\)는 \\( \\mathbb { Q } \\) 위의 대수적 컬레원소이다. 실제로 \\( \\operatorname { irr } ( \\sqrt[3] { 2 } , \\mathbb { Q } )= \\operatorname { irr } \\left ( \\sqrt[3] { 2 } \\frac { (-1 \\pm i \\sqrt { 3 } ) } { 2 } , \\mathbb { Q } \\right )=x ^ { 3 } -2 \\)이다.</li> <li>복소수 \\( a + b i \\)와 켤레 복소수 \\( a-b i \\)는 실수체 \\( \\mathbb { R } \\) 위의 대수적 켤레원소이다. 실제로 \\( \\operatorname { irr } (a + b i, \\mathbb { R } )= \\operatorname { irr } (a-b i, \\mathbb { R } )=x ^ { 2 } -2 a x + a ^ { 2 } + b ^ { 2 } \\)이다.</li></ol> <p>정리 \\( 9.1.3 \\) (켤레 동형사상) 체 \\( F \\) 위의 대수적 원소 \\( \\alpha, \\beta \\)에 대하여 \\( \\operatorname { deg } ( \\alpha, F)=n \\)일 때, \\[ \\psi_ {\\alpha, \\beta } : F( \\alpha) \\longrightarrow F( \\beta), \\quad \\psi_ {\\alpha, \\beta } \\left (a_ { 0 } + a_ { 1 } \\alpha + \\cdots + a_ { n-1 } \\alpha ^ { n-1 } \\right )=a_ { 0 } + a_ { 1 } \\beta + \\cdots + a_ { n-1 } \\beta ^ { n-1 } \\] 에 대하여 다음은 동치이다. 함수 \\( \\psi_ {\\alpha, \\beta } \\)가 동형사상 \\( ( \\)즉 \\( F( \\alpha) \\cong F( \\beta)) \\quad \\Longleftrightarrow \\operatorname { irr } ( \\alpha, F)= \\operatorname { irr } ( \\beta, F) \\)</p> <p>(증명) \\( ( \\Rightarrow) \\) 함수 \\( \\psi_ {\\alpha, \\beta } \\)가 동형사상이라 하자. 그리고 \\( F \\) 위에서 \\( \\alpha \\)의 기약다항식을 \\[ p(x)= \\operatorname { irr } ( \\alpha, F)=x ^ { n } + b_ { n-1 } x ^ { n-1 } + \\cdots + b_ { 1 } x + b_ { 0 } \\in F[x] \\] 라 하자. 그러면 \\( p( \\alpha)= \\operatorname { irr } ( \\alpha, F)( \\alpha)=0 \\)이므로 \\[ \\begin {aligned} 0= \\psi_ {\\alpha, \\beta } (p( \\alpha)) &= \\psi_ {\\alpha, \\beta } \\left ( \\alpha ^ { n } + b_ { n-1 } \\alpha ^ { n-1 } + \\cdots + b_ { 1 } \\alpha + b_ { 0 } \\right ) \\\\ &= \\beta ^ { n } + b_ { n-1 } \\beta ^ { n-1 } + \\cdots + b_ { 1 } \\beta + b_ { 0 } =p( \\beta) \\end {aligned} \\]</p>",
                "context_length": 2940,
                "summary": "대입준동형사상을 대신하는 새로운 동형사상 \\( \\psi_ {\\alpha, \\beta } \\)은 대수적 확대체의 구조를 연구하는 중요한 연구 도구이다. 대수적 켤레원소체 \\( F \\)의 대수적 확대체 \\( E \\)의 원소 \\( \\alpha, \\beta \\in E \\)에 대하여 \\( \\alpha, \\beta \\)가 \\( F \\)의 대수적 켤레원소라는 것과 켤레 동형사상체 \\( F \\)의 대수적 원소 \\( \\alpha, \\beta \\)에 대해 \\( \\operatorname { deg } ( \\alpha, F)=n \\)일 경우 \\[ \\psi_ {\\alpha, \\beta } : F( \\alpha) \\longrightarrow F( \\beta), \\quad \\psi_ {\\alpha, \\beta } \\left (a_ { 0 } + a_ { 1 } \\alpha + \\cdots + a_ { n-1 } \\alpha ^ { n-1 } \\right )=a_ { 0 } + a_ { 1 } \\beta + \\cdots + a_ { n-1 } \\beta ^ { n-1 } \\]가 동치임을 증명한다.",
                "clue": [
                    {
                        "clue_text": "이 절에서는 대입준동형사상 \\( \\phi_ {\\alpha } \\)(정리 \\( 5.4.4 \\))를 대신하는 새로운 동형사상 \\( \\psi_ {\\alpha, \\beta } \\)에 대해 논한다.",
                        "clue_start": "3",
                        "clue_end": "108"
                    },
                    {
                        "clue_text": "동형사상 \\( \\psi_ {\\alpha, \\beta } \\)가 대수적 확대체의 구조를 연구하는 아주 중요한 도구이다.",
                        "clue_start": "109",
                        "clue_end": "174"
                    },
                    {
                        "clue_text": "정리 \\( 9.1.3 \\) (켤레 동형사상) 체 \\( F \\) 위의 대수적 원소 \\( \\alpha, \\beta \\)에 대하여 \\( \\operatorname { deg } ( \\alpha, F)=n \\)일 때, \\[ \\psi_ {\\alpha, \\beta } : F( \\alpha) \\longrightarrow F( \\beta), \\quad \\psi_ {\\alpha, \\beta } \\left (a_ { 0 } + a_ { 1 } \\alpha + \\cdots + a_ { n-1 } \\alpha ^ { n-1 } \\right )=a_ { 0 } + a_ { 1 } \\beta + \\cdots + a_ { n-1 } \\beta ^ { n-1 } \\] 에 대하여 다음은 동치이다.",
                        "clue_start": "1768",
                        "clue_end": "2144"
                    },
                    {
                        "clue_text": "정의 \\( 9.1.1 \\) [대수적 켤레원소(algebraic conjugate element)] 체 \\( F \\)의 대수적 확대체 \\( E \\)의 원소 \\( \\alpha, \\beta \\in E \\)에 대하여 \\( \\alpha, \\beta \\)가 \\( F \\)위의 대수적 켤레원소(algebraic conjugate element) 정의 \\( \\\\operatorname { irr } ( \\alpha, F) = \\operatorname { irr } ( \\beta, F) \\)",
                        "clue_start": "182",
                        "clue_end": "448"
                    }
                ],
                "terminology": [
                    {
                        "word": "기약다항식"
                    },
                    {
                        "word": "대수적 원소"
                    },
                    {
                        "word": "대수적 켤레원소"
                    },
                    {
                        "word": "대수적 확대체"
                    },
                    {
                        "word": "대입준동형사상"
                    },
                    {
                        "word": "동치"
                    },
                    {
                        "word": "동형사상"
                    },
                    {
                        "word": "복소수"
                    },
                    {
                        "word": "실수체"
                    },
                    {
                        "word": "유리수체"
                    },
                    {
                        "word": "체"
                    },
                    {
                        "word": "켤레 동형사상"
                    },
                    {
                        "word": "켤레 복소수"
                    },
                    {
                        "word": "허수"
                    }
                ]
            },
            {
                "context_id": "55e-0c9-merge_55e4099e-356d-4681-8d2a-06f0f683a473_00",
                "context_K-NSCC": {
                    "field": "자연",
                    "large_category": "NA",
                    "medium_category": "01"
                },
                "context": "<h1>제 9 장 자기동형사상과 Galois 이론</h1> <p>갈루아(프: E. Galois, \\( 1811-1832 \\))는 군이라는 이름을 처음으로 사용하고, 오늘날에 정규부분군으로 불리는 군을 정의하였다. 또한, Galois 체(Galois field)라고도 불리는 유한체를 처음으로 도입하였다. 추상대수학에서, Galois 이론(Galois theory, -理論: 정리 \\( 9.4.11 \\))은 체의 확대를 그 자기동형군을 통해 연구하는 이론이다. 체의 확대 가운데 Galois 확대들은 그 자기동형군에 의하여 완전히 결정되 며, 이 경우 자기동형군을 Galois 군(Galois group)이라고 한다.</p> <p>Galois 군은 다항방정식의 근이 가지는 구조를 보여주는 수학적 개념으로, 방정식이 정의되는 기저체(base field)와 여기에 방정식의 근을 추가하여 생성되는 분해체(splitting field, 分解醩) 사이의 관계를 군의 구조로 바꾼 것이다.</p> <p>방정식의 근을 직접 구하거나 그 성질을 연구하는 것은 쉽지 않지만, Galois 군은 보통 유한군이므로 그 구조를 파악하기가 비교적 쉽다. Abel(노: N. H. Abel, \\( 1802-1829 \\))이 \\( 5 \\)차 방정식의 근의 공식이 없다는 사실을 증명한 것도 잘 분석하면 Galois 군의 구조를 이용한 것이라고 할 수 있으며, 고차방정식이 언제 근의 공식이 가지느냐의 여부도 Galois 군의 구조가 결정한다. Galois 군은 분해체와 Galois 군 사이의 관계를 규명한 Galois 의 이름을 따서 명명되었다.</p> <p>Galois는 유한 차원 Galois 확대의 경우, 치환군을 이용해서 주어진 방정식의 다양한 해들이 서로 어떻게 대응되는가를 기술하였고, 이 과정에서 군의 개념을 도입하였다.</p> <p>이후 Galois 이론은 데데킨트(독: J. W. R. Dedekind, \\( 1831-1916 \\)), 크로네커(독: L. Kro-necker, \\( 1823-1891 \\)), 아르틴(오: E. Artin, \\( 1898-1962 \\)) 등에 의해 추상화되었고, 무한 차원의 Galois 확대의 경우는 사유한군(profinite group, 射有限群) 이론의 도입으로 완성되었다. 그로텐디크(독: A. Grothendieck, \\( 1928-2014 \\))는 Galois 이론을 대수기하학을 사용하여 임의의 스킴(Scheme)의 에탈 기본군(étale fundamental group)에 대한 이론으로 일반화시켰다. [ \\( 11, 12 \\)]</p> <h2>9.1 자기동형사상</h2> <p>체 \\( F \\)의 대수적 폐포 \\( \\bar { F } \\)는 \\( F \\)의 대수적 확대체이고 대수적 폐체이다(정리 \\( 8.2.21 \\)). 이때 체 \\( F \\)의 대수적 확대체 \\( E \\)는 \\( \\bar { F } \\)의 부분체이다. 체 \\( F \\)의 대수적 원소 \\( \\alpha, \\beta \\in E \\)에 대하여 \\[ F( \\alpha) \\cong F( \\beta) \\Longleftrightarrow \\operatorname { irr } ( \\alpha, F) = \\operatorname { irr } ( \\beta, F) \\] 임을 보인다. 이때 동형 \\( F( \\alpha) \\cong F( \\beta) \\)을 증명할 때 사용하는 사상이 \\( \\psi_ {\\alpha, \\beta } \\)이다(정리 \\( 9.1.3 \\)).</p>",
                "context_length": 1723,
                "summary": "갈루아가 제시한 군이론인 Galois 이론은 다항방정식의 근의 구조를 자기동형군을 통해 연구하는 이론이다. Abel이 5차 방정식의 근의 공식이 없다는 사실을 증명하기도 하였고, 데데킨트, 크로네커, 아르틴 등에 의해 추상화되었으며, 그로텐디크에 의해 스킴의 에탈 기본군에 대한 이론으로 일반화되었다. Galois 이론은 방정식의 근을 직접 구하거나 그 성질을 연구하는 것이 쉽지 않지만, 치환군을 이용해서 주어진 방정식의 다양한 해들이 서로 어떻게 대응되는가를 기술하여 군의 개념을 도입하였다.",
                "clue": [
                    {
                        "clue_text": "갈루아(프: E. Galois, \\( 1811-1832 \\))는 군이라는 이름을 처음으로 사용하고, 오늘날에 정규부분군으로 불리는 군을 정의하였다.",
                        "clue_start": "36",
                        "clue_end": "118"
                    },
                    {
                        "clue_text": "H. Abel, \\( 1802-1829 \\))이 \\( 5 \\)차 방정식의 근의 공식이 없다는 사실을 증명한 것도 잘 분석하면 Galois 군의 구조를 이용한 것이라고 할 수 있으며, 고차방정식이 언제 근의 공식이 가지느냐의 여부도 Galois 군의 구조가 결정한다.",
                        "clue_start": "589",
                        "clue_end": "737"
                    },
                    {
                        "clue_text": "Galois는 유한 차원 Galois 확대의 경우, 치환군을 이용해서 주어진 방정식의 다양한 해들이 서로 어떻게 대응되는가를 기술하였고, 이 과정에서 군의 개념을 도입하였다.",
                        "clue_start": "804",
                        "clue_end": "901"
                    },
                    {
                        "clue_text": "이후 Galois 이론은 데데킨트(독: J. W. R. Dedekind, \\( 1831-1916 \\)), 크로네커(독: L. Kro-necker, \\( 1823-1891 \\)), 아르틴(오: E. Artin, \\( 1898-1962 \\)) 등에 의해 추상화되었고, 무한 차원의 Galois 확대의 경우는 사유한군(profinite group, 射有限群) 이론의 도입으로 완성되었다",
                        "clue_start": "909",
                        "clue_end": "1121"
                    },
                    {
                        "clue_text": "그로텐디크(독: A. Grothendieck, \\( 1928-2014 \\))는 Galois 이론을 대수기하학을 사용하여 임의의 스킴(Scheme)의 에탈 기본군(étale fundamental group)에 대한 이론으로 일반화시켰다",
                        "clue_start": "1123",
                        "clue_end": "1253"
                    }
                ],
                "terminology": [
                    {
                        "word": "Galois 군(Galois group)"
                    },
                    {
                        "word": "Galois 이론"
                    },
                    {
                        "word": "Galois 체"
                    },
                    {
                        "word": "Galois 체(Galois field)"
                    },
                    {
                        "word": "Galois 확대"
                    },
                    {
                        "word": "splitting field"
                    },
                    {
                        "word": "고차방정식"
                    },
                    {
                        "word": "군"
                    },
                    {
                        "word": "근"
                    },
                    {
                        "word": "근의 공식"
                    },
                    {
                        "word": "기본군"
                    },
                    {
                        "word": "기저체"
                    },
                    {
                        "word": "기저체(base field)"
                    },
                    {
                        "word": "다항방정식"
                    },
                    {
                        "word": "대수기하학"
                    },
                    {
                        "word": "대수적"
                    },
                    {
                        "word": "대수적 폐체"
                    },
                    {
                        "word": "대수적 폐포"
                    },
                    {
                        "word": "대수적 확대체"
                    },
                    {
                        "word": "데데킨트"
                    },
                    {
                        "word": "동형"
                    },
                    {
                        "word": "무한 차원"
                    },
                    {
                        "word": "방정식"
                    },
                    {
                        "word": "부분체"
                    },
                    {
                        "word": "분해체"
                    },
                    {
                        "word": "사상"
                    },
                    {
                        "word": "사유한군"
                    },
                    {
                        "word": "스킴"
                    },
                    {
                        "word": "스킴(Scheme)"
                    },
                    {
                        "word": "유한 차원"
                    },
                    {
                        "word": "유한군"
                    },
                    {
                        "word": "유한체"
                    },
                    {
                        "word": "자기동형군"
                    },
                    {
                        "word": "자기동형사상"
                    },
                    {
                        "word": "정규부분군"
                    },
                    {
                        "word": "차원"
                    },
                    {
                        "word": "체"
                    },
                    {
                        "word": "추상대수학"
                    },
                    {
                        "word": "추상화"
                    },
                    {
                        "word": "치환군"
                    },
                    {
                        "word": "크로네커"
                    },
                    {
                        "word": "폐체"
                    },
                    {
                        "word": "폐포"
                    }
                ]
            }
        ]
    }
}