{
    "dataset_info": {
        "identifier": "02-031-002-NL",
        "name": "기술과학 문서 요약 데이터",
        "category": "자연어",
        "last_updated": "2023-08-30"
    },
    "dataset": {
        "doc_id": "96aba9d6-5aa2527e-73e0-4a82-9398-7f1f0b691938",
        "doc_type": "도서",
        "doc_title": {
            "kor": "m565-(처음부터배우는)핵심 공업수학",
            "eng": ""
        },
        "doc_category": {
            "KDC": "530.1",
            "DDC": ""
        },
        "doc_number": {
            "ISSN": "",
            "ISBN": "9788961055659",
            "DOI": "",
            "UCI": ""
        },
        "doc_year": "2012",
        "doc_author": [
            "유주식",
            "김종성"
        ],
        "doc_publisher": "경문사",
        "doc_license": "저작권 협의됨",
        "context_info": [
            {
                "context_id": "55e-0c9-merge_96aba9d6-5aa2527e-73e0-4a82-9398-7f1f0b691938_06",
                "context_K-NSCC": {
                    "field": "자연",
                    "large_category": "NA",
                    "medium_category": "99"
                },
                "context": "<p>예제 \\( 1.1.5 \\) [계수비교법] 다음 식이 \\( x \\) 에 대한 항등식일 때 상수 \\( A, B, C \\) 의 값을 구하여라.</p> <p>\\( x + 10=A \\left (x ^ { 2 } + 2 x + 5 \\right ) + x(B x + C) \\)</p> <p>풀이 \\( \\quad \\) 준 식의 우변을 정리하면 다음과 같다. \\[ \\begin {aligned} x + 10 &=A \\left (x ^ { 2 } + 2 x + 5 \\right ) + x(B x + C) \\\\ &=(A + B) x ^ { 2 } + (2 A + C) x + 5 A \\end {aligned} \\]</p> <p>여기에서 같은 차수에 대한 양변의 계수를 비교하면</p>\\( x ^ { 2 } \\) 의 계수 : \\( 0=A + B \\)</p>\\( x \\) 의 계수 : \\( 1=2 A + C \\)</p>상수항 \\( \\quad: 10=5 \\mathrm { ~A } \\)</p>\\( \\therefore A=2, B=-2, C=-3 \\)</p>이다.</p> <p>예제 \\( 1.1.6 \\) [수치대입법] 다음 식이 \\( x \\) 에 대한 항등식일 때 상수 \\( A, B, C \\) 의 값을 구하여라.</p> <p>\\( 9 x-6=A(x-1)(x + 2) + B x(x + 2) + C x(x-1) \\)</p> <p>풀이 \\( \\quad \\)주어진 방정식은 모든 \\( x \\) 에 대해 성립하므로 \\( x=0,1,-2 \\) 를 대입하면</p> <p>\\[ -6=A \\times(-2), 3=B \\times(3),-24=C \\times(6) \\] 이 된다. 따라서 \\( A=3, B=1, C=-4 \\) 이다.</p> <h2>1.2 인수분해</h2> <p>[10] 인수분해</p> <p>하나의 다항식을 두 개 이상의 단항식이나 다항식의 곱으로 나타내는 것을 인수분해라 한다.</p> <ul>(1) 인수분해를 하는 방법은 여러 가지가 있지만 기본 원칙은 공통인수를 찾는 것이다.</ul> <ul>(2) 특정 형태의 다항식은 인수분해 공식을 이용하면 편리하다.</ul> <p>[11] 공통인수에 의한 인수분해</p> <ul>(1) \\( a x + a y=a(x + y) \\)</ul> <ul>(2) \\( a(x + y) + b(x + y)=(a + b)(x + y) \\)</ul> <p>예</p> <ul>(1) \\( a + 2 a b=a(1 + 2 b) \\)</ul> <ul>(2) \\( 2 x ^ { 2 } + 4 x=2 x(x + 2) \\)</ul> <ul>(3) \\( 3 x ^ { 2 } y + 6 x y ^ { 2 } =3 x y(x + 2 y) \\)</ul> <ul>(4) \\( a x + 2 x + 3 a + 6=x(a + 2) + 3(a + 2)=(a + 2)(x + 3) \\)</ul> <ul>(5) \\( (x + 2 y) ^ { 2 } + 4 x + 8 y=(x + 2 y) ^ { 2 } + 4(x + 2 y)=(x + 2 y)(x + 2 y + 4) \\)</ul> <ul>(6) \\( (x-1) ^ { 2 } + 2(x-1) ^ { 3 } =(x-1) ^ { 2 } \\{ 1 + 2(x-1) \\} =(x-1) ^ { 2 } (2 x-1) \\)</ul> <p>[ 12 ] 인수분해 공식</p> <ul>(1) \\( a ^ { 2 } + 2 a b + b ^ { 2 } =(a + b) ^ { 2 } , a ^ { 2 } -2 a b + b ^ { 2 } =(a-b) ^ { 2 } \\)</ul> <ul>(2) \\( a ^ { 2 } -b ^ { 2 } =(a + b)(a-b) \\)</ul> <ul>(3) \\( x ^ { 2 } + (a + b) x + a b=(x + a)(x + b) \\)</ul> <ul>(4) \\( a c x ^ { 2 } + (a d + b c) x + b d=(a x + b)(c x + d) \\)</ul> <ul>(5) \\( a ^ { 2 } + b ^ { 2 } + c ^ { 2 } + 2 a b + 2 b c + 2 c a=(a + b + c) ^ { 2 } \\)</ul> <ul>(6) \\( \\begin {aligned} a ^ { 3 } + 3 a ^ { 2 } b + 3 a b ^ { 2 } + b ^ { 3 } &=(a + b) ^ { 3 } \\\\ a ^ { 3 } -3 a ^ { 2 } b + 3 a b ^ { 2 } -b ^ { 3 } &=(a-b) ^ { 3 } \\end {aligned} \\)</ul> <ul>(7) \\( \\begin {array} { l } a ^ { 3 } + b ^ { 3 } =(a + b) \\left (a ^ { 2 } -a b + b ^ { 2 } \\right ) \\\\ a ^ { 3 } -b ^ { 3 } =(a-b) \\left (a ^ { 2 } + a b + b ^ { 2 } \\right ) \\end {array} \\)</ul> <ul>(8) \\( a ^ { 3 } + b ^ { 3 } + c ^ { 3 } -3 a b c=(a + b + c) \\left (a ^ { 2 } + b ^ { 2 } + c ^ { 2 } -a b-b c-c a \\right ) \\)</ul> <ul>(9) \\( a ^ { 4 } + a ^ { 2 } b ^ { 2 } + b ^ { 4 } = \\left (a ^ { 2 } + a b + b ^ { 2 } \\right ) \\left (a ^ { 2 } -a b + b ^ { 2 } \\right ) \\)</ul> <p>예 \\( \\quad \\)(여기에서 \\( A \\cdot B=A \\times B \\) 를 나타낸다.)</p> <ul>(1) \\( x ^ { 2 } + 6 x + 9=x ^ { 2 } + 2 \\cdot x \\cdot 3 + 3 ^ { 2 } =(x + 3) ^ { 2 } \\)</ul> <ul>(2) \\( 4 x ^ { 2 } -9 y ^ { 2 } =(2 x) ^ { 2 } -(3 y) ^ { 2 } =(2 x + 3 y)(2 x-3 y) \\)</ul> <ul>(3) \\( x ^ { 2 } + 5 x + 6=x ^ { 2 } + (2 + 3) x + 2 \\times 3=(x + 2)(x + 3) \\)</ul> <ul>(4) \\( 3 x ^ { 2 } + 10 x + 8=1 \\cdot 3 x ^ { 2 } + (1 \\cdot 4 + 2 \\cdot 3) x + 2 \\cdot 4=(x + 2)(3 x + 4) \\)</ul> <ul>(5) \\( \\begin {aligned} & x ^ { 2 } + 4 y ^ { 2 } + 9 + 4 x y + 12 y + 6 x \\\\=& x ^ { 2 } + (2 y) ^ { 2 } + 3 ^ { 2 } + 2 \\cdot x \\cdot 2 y + 2 \\cdot 2 y \\cdot 3 + 2 \\cdot 3 \\cdot x=(x + 2 y + 3) ^ { 2 } \\end {aligned} \\)</ul> <ul>(6) \\( \\begin {aligned} x ^ { 3 } + 6 x ^ { 2 } y + 12 x y ^ { 2 } + 8 y ^ { 3 } &=x ^ { 3 } + 3 \\left (x ^ { 2 } \\cdot 2 y \\right ) + 3 \\left \\{ x \\cdot(2 y) ^ { 2 } \\right \\} + (2 y) ^ { 3 } \\\\ &=(x + 2 y) ^ { 3 } \\end {aligned} \\)</ul> <ul>(7) \\( 8 x ^ { 3 } + 27 y ^ { 3 } =(2 x) ^ { 3 } + (3 y) ^ { 3 } =(2 x + 3 y) \\left (4 x ^ { 2 } -6 x y + 9 y ^ { 2 } \\right ) \\)</ul> <ul>(8) \\( \\begin {aligned} x ^ { 3 } + 8 y ^ { 3 } -6 x y + 1 &=x ^ { 3 } + (2 y) ^ { 3 } + 1 ^ { 3 } -3 \\cdot x \\cdot 2 y \\cdot 1 \\\\ &=(x + 2 y + 1) \\left (x ^ { 2 } + 4 y ^ { 2 } -2 x y-2 y-x + 1 \\right ) \\end {aligned} \\)</ul> <ul>(9) \\( \\begin {aligned} 16 x ^ { 4 } + 36 x ^ { 2 } y ^ { 2 } + 81 y ^ { 4 } &=(2 x) ^ { 4 } + (2 x) ^ { 2 } (3 y) ^ { 2 } + (3 y) ^ { 4 } \\\\ &= \\left (4 x ^ { 2 } + 6 x y + 9 y ^ { 2 } \\right ) \\left (4 x ^ { 2 } -6 x y + 9 y ^ { 2 } \\right ) \\end {aligned} \\)</ul> <p>예제 \\( 1.2.1 \\) 다음 식을 인수분해하여라.</p>",
                "context_length": 4320,
                "summary": "인수분해는 하나의 다항식을 두 개 이상의 단항식이나 다항식의 곱으로 나타내는 것이며, 기본 원칙은 공통인수를 찾는 것이다. x^2+5x-6을 공통인수를 찾아 (x-6)(x+6)로 인수분해하였다. [공통인수에 의한 인수분해] 다음 다항식을 공통인수를 찾아 인수분해하여라.\\( x ^ { 2 } + 5 x-6 \\)풀이 \\( \\quad \\) \\( x ^ { 2 } + 5 x-6=x(x + 6)-6=(x - 6)(x + 6) \\) 이다.",
                "clue": [
                    {
                        "clue_text": "\\[ \\begin {aligned} x + 10 &=A \\left (x ^ { 2 } + 2 x + 5 \\right ) + x(B x + C) \\\\ &=(A + B) x ^ { 2 } + (2 A + C) x + 5 A \\end {aligned} \\]",
                        "clue_start": "195",
                        "clue_end": "335"
                    },
                    {
                        "clue_text": "\\[ -6=A \\times(-2), 3=B \\times(3),-24=C \\times(6) \\] 이 된다.",
                        "clue_start": "750",
                        "clue_end": "808"
                    },
                    {
                        "clue_text": "하나의 다항식을 두 개 이상의 단항식이나 다항식의 곱으로 나타내는 것을 인수분해라 한다.",
                        "clue_start": "880",
                        "clue_end": "929"
                    },
                    {
                        "clue_text": "인수분해를 하는 방법은 여러 가지가 있지만 기본 원칙은 공통인수를 찾는 것이다.",
                        "clue_start": "942",
                        "clue_end": "986"
                    }
                ],
                "terminology": [
                    {
                        "word": "계수비교법"
                    },
                    {
                        "word": "공통인수"
                    },
                    {
                        "word": "단항식"
                    },
                    {
                        "word": "방정식"
                    },
                    {
                        "word": "상수"
                    },
                    {
                        "word": "상수항"
                    },
                    {
                        "word": "수치대입법"
                    },
                    {
                        "word": "양변"
                    },
                    {
                        "word": "우변"
                    },
                    {
                        "word": "인수분해"
                    },
                    {
                        "word": "항등식"
                    }
                ]
            },
            {
                "context_id": "55e-0c9-merge_96aba9d6-5aa2527e-73e0-4a82-9398-7f1f0b691938_12",
                "context_K-NSCC": {
                    "field": "자연",
                    "large_category": "NA",
                    "medium_category": "99"
                },
                "context": "<p>따라서 \\( n=0,1,2, \\cdots \\) 에 대하여 \\( (i x) ^ { 4 n } =x ^ { 4 n } ,(i x) ^ { 4 n + 1 } =i x ^ { 4 n + 1 } \\), \\( (i x) ^ { 4 n + 2 } =-x ^ { 4 n + 2 } ,(i x) ^ { 4 n + 3 } =-i x ^ { 4 n + 3 } \\) 이므로</p> <p>\\[ \\begin {aligned} e ^ { i x } &=1- \\frac { x ^ { 2 } } { 2 ! } + \\frac { x ^ { 4 } } { 4 ! } - \\frac { x ^ { 6 } } { 6 ! } + \\cdots + i \\left (x- \\frac { x ^ { 3 } } { 3 ! } + \\frac { x ^ { 5 } } { 5 ! } - \\frac { x ^ { 7 } } { 7 ! } + \\cdots \\right ) \\\\ &= \\cos x + i \\sin x \\end {aligned} \\] 가 된다.</p> <p>[ 18 ] 드무아브르 정리</p> <p>\\( ( \\cos \\theta + i \\sin \\theta) ^ { n } \\) 에 대한 다음 관계식을 드무아브르 정리(De Moivre's theorem)라 한다. \\[ ( \\cos \\theta + i \\sin \\theta) ^ { n } = \\cos (n \\theta) + i \\sin (n \\theta) \\] 여기에서 \\( n \\) 은 임의의 정수이다.</p> <p>\\( \\dagger \\) 드무아브르 정리 또는 드무아브르 공식(De Moivre's formula)이라 한다.</p> <p>설명 오일러 공식에서 \\[ \\cos \\theta + i \\sin \\theta=e ^ { i \\theta } \\] 이므로 양변을 \\( n \\) 제곱하면</p> <p>\\[ \\begin {aligned} ( \\cos \\theta + i \\sin \\theta) ^ { n } &= \\left (e ^ { i \\theta } \\right ) ^ { n } =e ^ { i(n \\theta) } \\\\ &= \\cos (n \\theta) + i \\sin (n \\theta) \\end {aligned} \\] 가 성립한다.</p>",
                "context_length": 1102,
                "summary": "\\( ( \\cos \\theta + i \\sin \\theta) ^ { n } \\) 에 대한 식\\( ( \\cos \\theta + i \\sin \\theta) ^ { n } = \\cos (n \\theta) + i \\sin (n \\theta) \\)은 드무아브르 정리이다. 설명 오일러 공식을 통해 식 \\(=\\cos(n \\theta)+i \\sin(n \\theta)\\)가 성립된다.",
                "clue": [
                    {
                        "clue_text": "\\( ( \\cos \\theta + i \\sin \\theta) ^ { n } \\) 에 대한 다음 관계식을 드무아브르 정리(De Moivre's theorem)라 한다.",
                        "clue_start": "539",
                        "clue_end": "631"
                    },
                    {
                        "clue_text": "\\[ ( \\cos \\theta + i \\sin \\theta) ^ { n } = \\cos (n \\theta) + i \\sin (n \\theta) \\]",
                        "clue_start": "632",
                        "clue_end": "714"
                    },
                    {
                        "clue_text": "\\[ ( \\cos \\theta + i \\sin \\theta) ^ { n } = \\cos (n \\theta) + i \\sin (n \\theta) \\]",
                        "clue_start": "632",
                        "clue_end": "714"
                    },
                    {
                        "clue_text": "설명 오일러 공식에서 \\[ \\cos \\theta + i \\sin \\theta=e ^ { i \\theta } \\] 이므로 양변을 \\( n \\) 제곱하면</p> <p>\\[ \\begin {aligned} ( \\cos \\theta + i \\sin \\theta) ^ { n } &= \\left (e ^ { i \\theta } \\right ) ^ { n } =e ^ { i(n \\theta) } \\\\ &= \\cos (n \\theta) + i \\sin (n \\theta) \\end {aligned} \\] 가 성립한다.",
                        "clue_start": "816",
                        "clue_end": "1098"
                    }
                ],
                "terminology": [
                    {
                        "word": "관계식"
                    },
                    {
                        "word": "드무아브르 공식(De Moivre's formula)"
                    },
                    {
                        "word": "드무아브르 정리"
                    },
                    {
                        "word": "오일러 공식"
                    },
                    {
                        "word": "정수"
                    }
                ]
            },
            {
                "context_id": "55e-0c9-merge_96aba9d6-5aa2527e-73e0-4a82-9398-7f1f0b691938_18",
                "context_K-NSCC": {
                    "field": "자연",
                    "large_category": "NA",
                    "medium_category": "99"
                },
                "context": "<p>[24] 유리식의 성질</p> <p>다항식 \\( A, B, C(B \\neq 0, C \\neq 0) \\) 에 대하여 다음 식이 성립한다.</p>(1) \\( \\frac { A } { B } = \\frac { A C } { B C } \\) \\( \\quad \\) (2) \\( \\frac { A } { B } = \\frac { A / C } { B / C } \\)</p> <p>예제 \\( 1.5.1 \\) 다음 분수식을 간단히 하여라.</p> <p>(1) \\( \\frac { x } { x-2 } - \\frac { x-4 } { 2-x } \\) \\( \\quad \\) (2) \\( \\frac { x + 4 } { x ^ { 2 } + 3 x + 2 } - \\frac { x + 8 } { x ^ { 2 } + x-2 } \\)</p> <p>풀이 (1) \\( \\begin {aligned} \\frac { x } { x-2 } - \\frac { x-4 } { 2-x } &= \\frac { x } { x-2 } + \\frac { x-4 } { x-2 } \\\\ &= \\frac { x + (x-4) } { x-2 } \\\\ &= \\frac { 2(x-2) } { x-2 } \\\\ &=2 \\end {aligned} \\)</p> <p>(2) \\( \\frac { x + 4 } { x ^ { 2 } + 3 x + 2 } - \\frac { x + 8 } { x ^ { 2 } + x-2 } = \\frac { x + 4 } { (x + 1)(x + 2) } - \\frac { x + 8 } { (x-1)(x + 2) } \\) \\( = \\frac { (x + 4)(x-1)-(x + 8)(x + 1) } { (x + 1)(x + 2)(x-1) } \\)</p>\\( = \\frac { x ^ { 2 } + 3 x-4- \\left (x ^ { 2 } + 9 x + 8 \\right ) } { (x + 1)(x + 2)(x-1) } \\)</p>\\( = \\frac { -6(x + 2) } { (x + 1)(x + 2)(x-1) } \\)</p>\\( = \\frac { -6 } { (x + 1)(x-1) } \\)</p>",
                "context_length": 1053,
                "summary": "다항식 \\( A, B, C(B \\neq 0, C \\neq 0) \\)에 대하여 주어진 분수식을 간단히 하면 다음과 같다. 첫번째, \\( \\frac { x } { x-2 } - \\frac { x-4 } { 2-x } \\)은 2와 같다. 두번째, \\( \\frac { x + 4 } { x ^ { 2 } + 3 x + 2 } - \\frac { x + 8 } { x ^ { 2 } + x-2 } \\)는 분자를 전개하면 \\( (x + 4)(x-1)-(x + 8)(x + 1) \\)이고, 분모는 \\( (x + 1)(x + 2)(x-1) \\)이다.",
                "clue": [
                    {
                        "clue_text": "다항식 \\( A, B, C(B \\neq 0, C \\neq 0) \\) 에 대하여 다음 식이 성립한다.",
                        "clue_start": "23",
                        "clue_end": "78"
                    },
                    {
                        "clue_text": "예제 \\( 1.5.1 \\) 다음 분수식을 간단히 하여라.",
                        "clue_start": "209",
                        "clue_end": "240"
                    },
                    {
                        "clue_text": "(1) \\( \\frac { x } { x-2 } - \\frac { x-4 } { 2-x } \\) \\( \\quad \\) (2) \\( \\frac { x + 4 } { x ^ { 2 } + 3 x + 2 } - \\frac { x + 8 } { x ^ { 2 } + x-2 } \\)",
                        "clue_start": "248",
                        "clue_end": "401"
                    },
                    {
                        "clue_text": "풀이 (1) \\( \\begin {aligned} \\frac { x } { x-2 } - \\frac { x-4 } { 2-x } &= \\frac { x } { x-2 } + \\frac { x-4 } { x-2 } \\\\ &= \\frac { x + (x-4) } { x-2 } \\\\ &= \\frac { 2(x-2) } { x-2 } \\\\ &=2 \\end {aligned} \\)",
                        "clue_start": "409",
                        "clue_end": "616"
                    },
                    {
                        "clue_text": "(2) \\( \\frac { x + 4 } { x ^ { 2 } + 3 x + 2 } - \\frac { x + 8 } { x ^ { 2 } + x-2 } = \\frac { x + 4 } { (x + 1)(x + 2) } - \\frac { x + 8 } { (x-1)(x + 2) } \\) \\( = \\frac { (x + 4)(x-1)-(x + 8)(x + 1) } { (x + 1)(x + 2)(x-1) } \\)",
                        "clue_start": "624",
                        "clue_end": "853"
                    }
                ],
                "terminology": [
                    {
                        "word": "유리식"
                    }
                ]
            },
            {
                "context_id": "55e-0c9-merge_96aba9d6-5aa2527e-73e0-4a82-9398-7f1f0b691938_05",
                "context_K-NSCC": {
                    "field": "자연",
                    "large_category": "NA",
                    "medium_category": "99"
                },
                "context": "<p>예제 \\( 1.1.3 \\) \\( x ^ { 2 } -5 x-1=0 \\) 일 때 다음 식의 값을 구하여라.</p> <p>(1) \\( x ^ { 2 } + \\frac { 1 } { x ^ { 2 } } \\) \\( \\quad \\) (2) \\( x ^ { 3 } - \\frac { 1 } { x ^ { 3 } } \\)</p> <p>풀이 \\( \\quad x \\neq 0 \\) 이므로 \\( x ^ { 2 } -5 x-1=0 \\) 의 양변을 \\( x \\) 로 나누면 \\( x-5- \\frac { 1 } { x } =0 \\).</p> <p>\\( \\therefore x- \\frac { 1 } { x } =5 \\)</p>(1) \\( x ^ { 2 } + \\frac { 1 } { x ^ { 2 } } = \\left (x- \\frac { 1 } { x } \\right ) ^ { 2 } + 2 x \\times \\frac { 1 } { x } =5 ^ { 2 } + 2=27 \\)</p>(2) \\( x ^ { 3 } - \\frac { 1 } { x ^ { 3 } } = \\left (x- \\frac { 1 } { x } \\right ) \\left (x ^ { 2 } + x \\times \\frac { 1 } { x } + \\frac { 1 } { x ^ { 2 } } \\right )=5 \\times(27 + 1)=140 \\)</p> <p>예제 \\( 1.1.4 \\) \\( x + y=3, x y=1 \\) 일 때 다음 식의 값을 구하여라.</p> <p>(1) \\( x-y \\) \\( \\quad \\) (2) \\( x ^ { 2 } + y ^ { 2 } \\) \\( \\quad \\) (3) \\( x ^ { 4 } + y ^ { 4 } \\)</p> <p>풀이 \\( \\quad \\) (1) \\( (x-y) ^ { 2 } =(x + y) ^ { 2 } -4 x y=3 ^ { 2 } -4 \\times 1=5 \\quad \\therefore(x-y)= \\pm \\sqrt { 5 } \\)</p>(2) \\( x ^ { 2 } + y ^ { 2 } =(x + y) ^ { 2 } -2 x y=3 ^ { 2 } -2 \\times 1=7 \\)</p>(3) \\( x ^ { 4 } + y ^ { 4 } = \\left (x ^ { 2 } + y ^ { 2 } \\right ) ^ { 2 } -2(x y) ^ { 2 } =7 ^ { 2 } -2 \\times 1 ^ { 2 } =47 \\)</p>",
                "context_length": 1203,
                "summary": "예제 1.1.3에서는 \\( x ^ { 2 } -5 x-1=0 \\) 일 때 식(1)과 식(2)의 값을 도출하였고 예제 \\( 1.1.4 \\)에서는 \\( 1.1.4 \\) \\( x + y=3, x y=1 \\) 일 때 식(1),(2),(3)의 값을 도출하였다.",
                "clue": [
                    {
                        "clue_text": "예제 \\( 1.1.3 \\) \\( x ^ { 2 } -5 x-1=0 \\) 일 때 다음 식의 값을 구하여라.",
                        "clue_start": "3",
                        "clue_end": "61"
                    },
                    {
                        "clue_text": "예제 \\( 1.1.4 \\) \\( x + y=3, x y=1 \\) 일 때 다음 식의 값을 구하여라.",
                        "clue_start": "686",
                        "clue_end": "740"
                    }
                ],
                "terminology": []
            },
            {
                "context_id": "55e-0c9-merge_96aba9d6-5aa2527e-73e0-4a82-9398-7f1f0b691938_14",
                "context_K-NSCC": {
                    "field": "자연",
                    "large_category": "NA",
                    "medium_category": "99"
                },
                "context": "<p>\\( \\therefore a \\left (x + \\frac { b } { 2 a } \\right ) ^ { 2 } = \\frac { b ^ { 2 } -4 a c } { 4 a } \\)</p>\\( \\therefore \\left (x + \\frac { b } { 2 a } \\right )= \\pm \\frac {\\sqrt { b ^ { 2 } -4 a c } } { 2 a } \\)</p>\\( \\therefore x=- \\frac { b } { 2 a } \\pm \\frac {\\sqrt { b ^ { 2 } -4 a c } } { 2 a } = \\frac { -b \\pm \\sqrt { b ^ { 2 } -4 a c } } { 2 a } \\)</p> <p>(2) \\( A x ^ { 2 } + 2 B x + C=0(A \\neq 0) \\) 의 근은 윗식의 \\( a, b, c \\) 에 \\( A, 2 B, C \\) 를 각각 대입하면 유도된다.</p> <p>예 (1) \\( x ^ { 2 } -5 x + 2=0 \\) 의 근은</p> <p>\\( x= \\frac { -(-5) \\pm \\sqrt { (-5) ^ { 2 } -4 \\times 1 \\times 2 } } { 2 \\times 1 } = \\frac { 5 \\pm \\sqrt { 17 } } { 2 } \\)</p> <p>(2) \\( x ^ { 2 } + 4 x-3=0 \\) 의 근은 \\( x= \\frac { -(2) \\pm \\sqrt { 2 ^ { 2 } -1 \\times(-3) } } { 1 } =-2 \\pm \\sqrt { 7 } . \\)</p> <p>(3) \\( x ^ { 2 } -x + 1=0 \\) 의 근 \\( x= \\frac { -(-1) \\pm \\sqrt { (-1) ^ { 2 } -4 \\times 1 \\times 1 } } { 2 } = \\frac { 1 \\pm \\sqrt { -3 } } { 2 } = \\frac { 1 \\pm \\sqrt { 3 } i } { 2 } \\)</p>",
                "context_length": 978,
                "summary": "이 문서는 이차 방정식의 근을 찾는 방법에 대해 설명하고 있다. 주어진 방정식의 근을 찾기 위해 다음 식을 사용하였다: \\( x = \\frac { -B \\pm \\sqrt { B ^ { 2 } -4 \\times A \\times C } } { 2 \\times A } \\). 세 가지 예시가 주어졌는데, 각각의 예시에서 주어진 방정식의 계수를 위의 식에 대입하여 근을 찾았다.",
                "clue": [
                    {
                        "clue_text": "(2) \\( A x ^ { 2 } + 2 B x + C=0(A \\neq 0) \\) 의 근은 윗식의 \\( a, b, c \\) 에 \\( A, 2 B, C \\) 를 각각 대입하면 유도된다.",
                        "clue_start": "369",
                        "clue_end": "471"
                    },
                    {
                        "clue_text": "예 (1) \\( x ^ { 2 } -5 x + 2=0 \\) 의 근은",
                        "clue_start": "479",
                        "clue_end": "516"
                    },
                    {
                        "clue_text": "\\( x= \\frac { -(-5) \\pm \\sqrt { (-5) ^ { 2 } -4 \\times 1 \\times 2 } } { 2 \\times 1 } = \\frac { 5 \\pm \\sqrt { 17 } } { 2 } \\)",
                        "clue_start": "524",
                        "clue_end": "648"
                    },
                    {
                        "clue_text": "(2) \\( x ^ { 2 } + 4 x-3=0 \\) 의 근은 \\( x= \\frac { -(2) \\pm \\sqrt { 2 ^ { 2 } -1 \\times(-3) } } { 1 } =-2 \\pm \\sqrt { 7 } .",
                        "clue_start": "656",
                        "clue_end": "777"
                    },
                    {
                        "clue_text": "(3) \\( x ^ { 2 } -x + 1=0 \\) 의 근 \\( x= \\frac { -(-1) \\pm \\sqrt { (-1) ^ { 2 } -4 \\times 1 \\times 1 } } { 2 } = \\frac { 1 \\pm \\sqrt { -3 } } { 2 } = \\frac { 1 \\pm \\sqrt { 3 } i } { 2 } \\)",
                        "clue_start": "788",
                        "clue_end": "974"
                    }
                ],
                "terminology": [
                    {
                        "word": "근"
                    }
                ]
            },
            {
                "context_id": "55e-0c9-merge_96aba9d6-5aa2527e-73e0-4a82-9398-7f1f0b691938_03",
                "context_K-NSCC": {
                    "field": "자연",
                    "large_category": "NA",
                    "medium_category": "99"
                },
                "context": "<p>[8] 항등식</p> <p>등식에 포함된 문자에 어떤 값을 대입하여도 항상 성립하는 등식을 그 문자에 대한 항등식이라 한다. 다음 식이 \\( x \\) 에 대한 항등식이면 \\[ \\begin {array} { l } A_ { n } x ^ { n } + A_ { n-1 } x ^ { n-1 } + A_ { n-2 } x ^ { n-2 } + \\cdots + A_ { 2 } x ^ { 2 } + A_ { 1 } x + A_ { 0 } \\\\ =A_ { n } ^ {\\prime } x ^ { n } + A_ { n-1 } ^ {\\prime } x ^ { n-1 } + A_ { n-2 } ^ {\\prime } x ^ { n-2 } + \\cdots + A_ { 2 } ^ {\\prime } { } _ { 2 } x ^ { 2 } + A_ { 1 } ^ {\\prime } x + A_ { 0 } ^ {\\prime } . \\end {array} \\]</p> <p>상수들은 다음 조건을 만족한다. \\[ A_ { n } =A_ { n } ^ {\\prime } , A_ { n-1 } =A_ { n-1 } ^ {\\prime } , A_ { n-2 } =A_ { n-2 } ^ {\\prime } , \\cdots, A_ { 1 } =A_ { 1 } ^ {\\prime } , A_ { 0 } =A_ { 0 } ^ {\\prime } . \\]</p> <p>[9] 미정계수법</p> <p>항등식의 성질을 이용하여 등식의 정해지지 않은 계수를 구하는 방법.</p> <ul>(1) 계수비교법 : 항등식의 양변에 있는 같은 차수의 항의 계수가 같으므로 양변의 계수를 비교하여 결정하는 방법.</ul> <ul>(2) 수치대입법 : 항등식은 미지수에 어떤 값을 대입하여도 항상 성립하므로 적당한 수치를 대입하여 계수를 결정하는 방법.</ul> <p>예 (1) \\( 2 x + b=a(x-1) \\) 일 때 \\( a, b \\) 의 값은?</p>\\( 2 x + b=a x-a \\) 이므로 \\( x \\) 의 계수와 상수항을 비교하면,</p>\\(2=a, b=-a . \\quad \\therefore a=2, b=-2 \\)</p>",
                "context_length": 1057,
                "summary": "항등식이란 등식에 문자에 어떤 값을 대입하여도 언제나 성립하는 등식을 의미한다. 항등식의 성질을 이용하여, 양변의 계수를 비교하여 결정하는 방법을 계수비교법이라 하고, 적당한 수치를 대입하여 계수를 결정하는 방법을 수치대입법이라 한다.",
                "clue": [
                    {
                        "clue_text": "등식에 포함된 문자에 어떤 값을 대입하여도 항상 성립하는 등식을 그 문자에 대한 항등식이라 한다.",
                        "clue_start": "18",
                        "clue_end": "72"
                    },
                    {
                        "clue_text": "항등식의 성질을 이용하여 등식의 정해지지 않은 계수를 구하는 방법.",
                        "clue_start": "710",
                        "clue_end": "747"
                    },
                    {
                        "clue_text": "계수비교법 : 항등식의 양변에 있는 같은 차수의 항의 계수가 같으므로 양변의 계수를 비교하여 결정하는 방법.",
                        "clue_start": "760",
                        "clue_end": "820"
                    },
                    {
                        "clue_text": "수치대입법 : 항등식은 미지수에 어떤 값을 대입하여도 항상 성립하므로 적당한 수치를 대입하여 계수를 결정하는 방법.",
                        "clue_start": "834",
                        "clue_end": "898"
                    }
                ],
                "terminology": [
                    {
                        "word": "계수비교법"
                    },
                    {
                        "word": "등식"
                    },
                    {
                        "word": "미정계수법"
                    },
                    {
                        "word": "미지수"
                    },
                    {
                        "word": "상수항"
                    },
                    {
                        "word": "수치대입법"
                    },
                    {
                        "word": "양변의 계수"
                    },
                    {
                        "word": "항등식"
                    }
                ]
            },
            {
                "context_id": "55e-0c9-merge_96aba9d6-5aa2527e-73e0-4a82-9398-7f1f0b691938_07",
                "context_K-NSCC": {
                    "field": "자연",
                    "large_category": "NA",
                    "medium_category": "99"
                },
                "context": "<p>(1) \\( a b + b + a + 1 \\) \\( \\quad \\) (2) \\( x ^ { 2 } + 2 x y-2 y-1 \\)</p>(3) \\( (a + 2 b) ^ { 2 } + 3 a + 6 b \\) \\( \\quad \\) (4) \\( x ^ { 4 } -1 \\)</p> <p>풀이 \\( \\text { (1) } \\begin {aligned} a b + b + a + 1 &=a(b + 1) + (b + 1) \\\\ &=(a + 1)(b + 1) \\end {aligned} \\)</p> <p>(2) \\( x ^ { 2 } + 2 x y-2 y-1=2 y(x-1) + \\left (x ^ { 2 } -1 \\right ) \\)</p>\\( =2 y(x-1) + (x-1)(x + 1) \\)</p>\\( =(x-1)(x + 1 + 2 y) \\)</p> <p>(3) \\( \\begin {aligned} (a + 2 b) ^ { 2 } + 3 a + 6 b &=(a + 2 b) ^ { 2 } + 3(a + 2 b) \\\\ &=(a + 2 b)(a + 2 b + 3) \\end {aligned} \\)</p> <p>(4) \\( \\begin {aligned} x ^ { 4 } -1 &= \\left (x ^ { 2 } + 1 \\right ) \\left (x ^ { 2 } -1 \\right ) \\\\ &= \\left (x ^ { 2 } + 1 \\right )(x + 1)(x-1) \\end {aligned} \\)</p> <h2>1.3 복소수</h2> <p>[13] 허수단위(imaginary unit)</p> <p>제곱하여 \\( -1 \\) 이 되는 수를 기호 \\( i \\) 로 나타내기로 한다. 즉 \\( i ^ { 2 } =-1 \\) 로 정의하며, 이때 \\( i \\) 를 허수단위라 한다. \\( i= \\sqrt { -1 } \\) 이다.</p> <p>\\( \\dagger x ^ { 2 } + 1=0 \\) 이 되는 실수는 없지만 \\( x= \\pm i \\) 는 \\( x ^ { 2 } + 1=0 \\) 을 만족하는 근이다.</p> <p>[14] 복소수(complex number)</p> <p>임의의 두 실수 \\( x, y \\) 에 대하여 \\[ z=x + i y \\] 로 나타내는 수를 복소수라 한다. 여기에서 \\( x \\) 를 복소수 \\( z \\) 의 실수부분, \\( y \\) 를 허수부분이라 하고 다음과 같이 나타낸다.</p>",
                "context_length": 1181,
                "summary": "허수단위 i는 \\(i^{2} = -1\\)으로 정의된다. 실수 x, y가 주어질 때, \\(z = x + iy\\)를 복소수라고 정의하며, 이때 x는 복소수 z의 실수부분, y는 허수부분으로 분류된다.",
                "clue": [
                    {
                        "clue_text": "즉 \\( i ^ { 2 } =-1 \\) 로 정의하며, 이때 \\( i \\) 를 허수단위라 한다.",
                        "clue_start": "830",
                        "clue_end": "882"
                    },
                    {
                        "clue_text": "임의의 두 실수 \\( x, y \\) 에 대하여 \\[ z=x + i y \\] 로 나타내는 수를 복소수라 한다.",
                        "clue_start": "1049",
                        "clue_end": "1109"
                    },
                    {
                        "clue_text": "여기에서 \\( x \\) 를 복소수 \\( z \\) 의 실수부분, \\( y \\) 를 허수부분이라 하고 다음과 같이 나타낸다.",
                        "clue_start": "1110",
                        "clue_end": "1177"
                    }
                ],
                "terminology": [
                    {
                        "word": "complex number"
                    },
                    {
                        "word": "imaginary unit"
                    },
                    {
                        "word": "복소수"
                    },
                    {
                        "word": "실수"
                    },
                    {
                        "word": "실수부분"
                    },
                    {
                        "word": "허수단위"
                    },
                    {
                        "word": "허수부분"
                    }
                ]
            },
            {
                "context_id": "55e-0c9-merge_96aba9d6-5aa2527e-73e0-4a82-9398-7f1f0b691938_17",
                "context_K-NSCC": {
                    "field": "자연",
                    "large_category": "NA",
                    "medium_category": "99"
                },
                "context": "<p>풀이 주어진 식을 \\( x \\) 에 대해 정리하면 \\[ x ^ { 2 } + 2 y ^ { 2 } + 2 x y + 2 x + 4 y + 2=x ^ { 2 } + 2 x(y + 1) + 2 y ^ { 2 } + 4 y + 2=0 . \\]</p> <p>\\( x \\) 는 실수이므로 \\[ \\begin {aligned} D / 4 &=(y + 1) ^ { 2 } - \\left (2 y ^ { 2 } + 4 y + 2 \\right )=-y ^ { 2 } -2 y-1 \\\\ &=-(y + 1) ^ { 2 } \\geq 0 . \\end {aligned} \\]</p> <p>\\[ \\therefore y=-1 \\quad \\because( \\text { 실수 } ) ^ { 2 } \\geq 0 \\] \\( y=-1 \\) 을 주어진 식에 대입하여 정리하면 \\( x ^ { 2 } =0 \\). \\[ \\therefore x=0 \\]</p> <p>예제 \\( 1.4.4 \\) 계수가 실수인 이차방정식 \\( x ^ { 2 } + a x + b=0 \\) 의 한 근이 \\( 2-3 i \\) 일 때 \\( a, b \\) 의 값을 구하여라.</p> <p>풀이 계수가 실수이고 한 근 \\( \\alpha=2-3 i \\).</p> <p>\\( \\therefore \\) 다른 한 근 \\( \\beta=2 + 3 i \\)</p> <p>\\( \\therefore \\alpha + \\beta=4=-a, \\alpha \\beta=(2-3 i)(2 + 3 i)= \\left (2 ^ { 2 } + 3 ^ { 2 } \\right )=13=b \\)</p> <p>\\( \\therefore a=-4, b=13 \\)</p> <h2>1.5 유리식의 계산</h2> <p>[23] 유리식</p> <p>두 다항식 \\( A, B \\) 에 대하여 \\( \\frac { A } { B } \\) 의 형태로 나타내어지는 식을 유리식이라 한다. \\( B \\) 가 상수이면 \\( \\frac { A } { B } \\) 는 다항식이므로 다항식은 유리식에 포함된다.</p> <p>\\( \\dagger \\frac { 2 } { x + 3 } , \\frac { x + 1 } { x ^ { 2 } + 3 x + 5 } \\) 과 같이 분모가 1 차 이상의 다항식인 유리식을 분수식이라 한다.</p>",
                "context_length": 1119,
                "summary": "이차방정식 \\(x^2 + ax + b = 0\\)에서 한 근이 \\(2-3i\\)가 될 때의 \\(a, b\\) 값을 찾는 문제를 풀어보자. 또한, 유리식은 두 다항식의 비로 표현되는 식이며, 그 중에서도 분모가 1차 이상인 유리식은 분수식이라 부른다. 예를 들어, \\(\\frac{2}{x+3}\\) 및 \\(\\frac{x+1}{x^2 + 3x + 5}\\)은 분수식이다.",
                "clue": [
                    {
                        "clue_text": "예제 \\( 1.4.4 \\) 계수가 실수인 이차방정식 \\( x ^ { 2 } + a x + b=0 \\) 의 한 근이 \\( 2-3 i \\) 일 때 \\( a, b \\) 의 값을 구하여라.",
                        "clue_start": "463",
                        "clue_end": "564"
                    },
                    {
                        "clue_text": "두 다항식 \\( A, B \\) 에 대하여 \\( \\frac { A } { B } \\) 의 형태로 나타내어지는 식을 유리식이라 한다.",
                        "clue_start": "857",
                        "clue_end": "929"
                    },
                    {
                        "clue_text": "\\( \\dagger \\frac { 2 } { x + 3 } , \\frac { x + 1 } { x ^ { 2 } + 3 x + 5 } \\) 과 같이 분모가 1 차 이상의 다항식인 유리식을 분수식이라 한다.",
                        "clue_start": "1001",
                        "clue_end": "1115"
                    }
                ],
                "terminology": [
                    {
                        "word": "계수"
                    },
                    {
                        "word": "근"
                    },
                    {
                        "word": "다항식"
                    },
                    {
                        "word": "분수식"
                    },
                    {
                        "word": "상수"
                    },
                    {
                        "word": "실수"
                    },
                    {
                        "word": "유리식"
                    },
                    {
                        "word": "이차방정식"
                    }
                ]
            },
            {
                "context_id": "55e-0c9-merge_96aba9d6-5aa2527e-73e0-4a82-9398-7f1f0b691938_08",
                "context_K-NSCC": {
                    "field": "자연",
                    "large_category": "NA",
                    "medium_category": "99"
                },
                "context": "<p>\\[ \\operatorname { Re } z=x, \\operatorname { Im } z=y \\] \\( y=0 \\) 이면 \\( z \\) 는 실수가 되므로 복소수의 집합은 실수의 집합을 포함한다. \\( y \\neq 0 \\) 이면 \\( z \\) 는 실수가 아니다. 실수가 아닌 복소수를 허수라 한다.</p> <p>- 복소수 \\( (x + i y) \\left \\{\\begin {array} { l } \\text { 실수 } x(y=0) \\\\ \\text { 허수 } (y \\neq 0) \\end {array} \\right . \\)</p> <p>\\( \\dagger \\operatorname { Re } z=0 \\), 즉 \\( z=i y( \\) 실수 \\( y \\neq 0 \\) )인 복소수를 순허수라 한다.</p> <p>[15] 복소수의 상등</p> <p>\\( a, b, c, d \\) 가 실수일 때 \\( a + b i=c + d i \\Leftrightarrow a=c, b=d \\)</p> <p>[16] 복소수의 사칙연산</p> <p>\\( a, b, c, d \\) 가 실수일 때</p> <ul>(1) 덧셈 : \\( (a + b i) + (c + d i)=(a + c) + (b + d) i \\)</ul> <ul>(2) 뺄셈 : \\( (a + b i)-(c + d i)=(a-c) + (b-d) i \\)</ul> <ul>(3) 곱셈 : \\( (a + b i) \\times(c + d i)=(a c-b d) + (a d + b c) i \\)</ul> <ul>(4) 나눗셈 : \\( \\frac { (a + b i) } { (c + d i) } = \\frac { a c + b d } { c ^ { 2 } + d ^ { 2 } } + \\frac { -a d + b c } { c ^ { 2 } + d ^ { 2 } } i \\quad( \\) 단, \\( c + d i \\neq 0) \\)</ul> <p>예제 \\( 1.3.1 \\) 다음을 계산하여라.</p> <p>(1) \\( (3-2 i) + (-6 + 4 i) \\) \\( \\quad \\) (2) \\( (-7 + 3 i)-(5-2 i) \\)</p>(3) \\( (2 + 3 i)(4-5 i) \\) \\( \\quad \\) (4) \\( \\frac { 2 + 3 i } { 1-2 i } \\)</p>",
                "context_length": 1135,
                "summary": "\\( \\operatorname { Re } z=x, \\operatorname { Im } z=y \\) 여기서 \\( y=0 \\) 이면 \\( z \\)는 실수로 복소수의 집합은 실수의 집합을 포함한다. 그러나 \\( y \\neq 0 \\)이면 \\( z \\)는 실수가 아니고 실수가 아닌 복소수는 허수다. 그 중, \\(z=0 \\), 즉 \\( z=i y( \\) 실수 \\( y \\neq 0 \\) )인 복소수를 순허수라 한다.",
                "clue": [
                    {
                        "clue_text": "\\[ \\operatorname { Re } z=x, \\operatorname { Im } z=y \\]",
                        "clue_start": "3",
                        "clue_end": "59"
                    },
                    {
                        "clue_text": "\\( a, b, c, d \\) 가 실수일 때 \\( a + b i=c + d i \\Leftrightarrow a=c, b=d \\)",
                        "clue_start": "422",
                        "clue_end": "493"
                    },
                    {
                        "clue_text": "(1) 덧셈 : \\( (a + b i) + (c + d i)=(a + c) + (b + d) i \\)",
                        "clue_start": "556",
                        "clue_end": "612"
                    },
                    {
                        "clue_text": "(3) 곱셈 : \\( (a + b i) \\times(c + d i)=(a c-b d) + (a d + b c) i \\)",
                        "clue_start": "682",
                        "clue_end": "748"
                    }
                ],
                "terminology": [
                    {
                        "word": "복소수"
                    },
                    {
                        "word": "상등"
                    },
                    {
                        "word": "순허수"
                    },
                    {
                        "word": "실수"
                    },
                    {
                        "word": "집합"
                    },
                    {
                        "word": "허수"
                    }
                ]
            },
            {
                "context_id": "55e-0c9-merge_96aba9d6-5aa2527e-73e0-4a82-9398-7f1f0b691938_09",
                "context_K-NSCC": {
                    "field": "자연",
                    "large_category": "NA",
                    "medium_category": "99"
                },
                "context": "<p>풀이</p> <ul>(1) \\( \\begin {aligned} (3-2 i) + (-6 + 4 i) &=3-2 i-6 + 4 i \\\\ &=3-6 + (-2 + 4) i=-3 + 2 i \\end {aligned} \\)</ul> <ul>(2) \\( \\begin {aligned} (-7 + 3 i)-(5-2 i) &=-7 + 3 i-5 + 2 i \\\\ &=-7-5 + (3 + 2) i=-12 + 5 i \\end {aligned} \\)</ul> <ul>(3) \\( \\begin {aligned} (2 + 3 i)(4-5 i) &=2(4-5 i) + 3 i(4-5 i) \\\\ &=8-10 i + 12 i-15 i ^ { 2 } =8 + 15 + (-10 + 12) i \\\\ &=23 + 2 i \\end {aligned} \\)</ul> <ul>(4) \\( \\begin {aligned} \\frac { 2 + 3 i } { 1-2 i } = \\frac { (2 + 3 i)(1 + 2 i) } { (1-2 i)(1 + 2 i) } &= \\frac { 2 + 4 i + 3 i + 6 i ^ { 2 } } { 1-(2 i) ^ { 2 } } \\\\ &= \\frac { 2-6 + (4 + 3) i } { 1 + 4 } = \\frac { -4 + 7 i } { 5 } \\\\ &=- \\frac { 4 } { 5 } + \\frac { 7 } { 5 } i \\end {aligned} \\)</ul> <p>예제 \\( 1.3.2 \\) \\( x ^ { 2 } + 25=0 \\) 을 만족하는 \\( x \\) 를 구하여라.</p> <p>풀이 \\( x ^ { 2 } =-25 \\) 이므로 \\( x= \\pm \\sqrt { -25 } = \\pm \\sqrt { 25 } i= \\pm 5 i \\).</p> <p>예제 \\( 1.3.3 \\) 방정식 \\( x ^ { 3 } -3 x ^ { 2 } + 7 x-5=0 \\) 의 근을 구하여라.</p> <p>풀이 \\( f(x)=x ^ { 3 } -3 x ^ { 2 } + 7 x-5 \\) 라 하면 \\( f(1)=1-3 + 7-5=0 \\) 이다.</p>",
                "context_length": 1039,
                "summary": "예제 \\( 1.3.2 \\) \\( x ^ { 2 } + 25=0 \\)을 풀이 \\( x= \\pm \\sqrt { -25 } = \\pm \\sqrt { 25 } i= \\pm 5 i \\)이며, 방정식 \\( x ^ { 3 } -3 x ^ { 2 } + 7 x-5=0 \\) 의 근을 구하면, \\( f(1)=1-3 + 7-5=0 \\) 이다.",
                "clue": [
                    {
                        "clue_text": "예제 \\( 1.3.2 \\) \\( x ^ { 2 } + 25=0 \\) 을 만족하는 \\( x \\) 를 구하여라.",
                        "clue_start": "722",
                        "clue_end": "782"
                    },
                    {
                        "clue_text": "풀이 \\( x ^ { 2 } =-25 \\) 이므로 \\( x= \\pm \\sqrt { -25 } = \\pm \\sqrt { 25 } i= \\pm 5 i \\).",
                        "clue_start": "790",
                        "clue_end": "875"
                    },
                    {
                        "clue_text": "예제 \\( 1.3.3 \\) 방정식 \\( x ^ { 3 } -3 x ^ { 2 } + 7 x-5=0 \\) 의 근을 구하여라.",
                        "clue_start": "883",
                        "clue_end": "951"
                    },
                    {
                        "clue_text": "풀이 \\( f(x)=x ^ { 3 } -3 x ^ { 2 } + 7 x-5 \\) 라 하면 \\( f(1)=1-3 + 7-5=0 \\) 이다.",
                        "clue_start": "959",
                        "clue_end": "1035"
                    }
                ],
                "terminology": [
                    {
                        "word": "근"
                    },
                    {
                        "word": "방정식"
                    }
                ]
            },
            {
                "context_id": "55e-0c9-merge_96aba9d6-5aa2527e-73e0-4a82-9398-7f1f0b691938_11",
                "context_K-NSCC": {
                    "field": "자연",
                    "large_category": "NA",
                    "medium_category": "99"
                },
                "context": "<p>[ 17 ] 오일러 공식과 복소수의 지수 형식</p> <p>\\( e ^ { i \\theta } \\) 에 대한 다음 공식 \\[ e ^ { i \\theta } = \\cos \\theta + i \\sin \\theta \\]</p> <p>를 오일러 공식(Euler's formula)이라 하고, 복소수 \\( z \\) 는 \\[ z=r( \\cos \\theta + i \\sin \\theta)=r e ^ { i \\theta } \\] 와 같이 지수형식(exponential form)으로 표현된다.</p> <p>보충설명 함수 \\( f(x) \\) 의 테일러 급수(Taylor series) 전개는 다음과 같이 정의된다. \\[ f(x)=f(0) + f ^ {\\prime } (0) x + \\frac { f ^ {\\prime \\prime } (0) } { 2 ! } x ^ { 2 } + \\frac { f ^ {\\prime \\prime \\prime } (0) } { 3 ! } x ^ { 3 } + \\cdots \\]</p> <p>이에 따라 \\( e ^ { x } , \\sin x, \\cos x \\) 를 테일러 급수로 전개하면 다음과 같이 된다. \\[ \\begin {array} { l } e ^ { x } =1 + x + \\frac { x ^ { 2 } } { 2 ! } + \\frac { x ^ { 3 } } { 3 ! } + \\frac { x ^ { 4 } } { 4 ! } + \\frac { x ^ { 5 } } { 5 ! } + \\cdots \\\\ \\sin x=x- \\frac { x ^ { 3 } } { 3 ! } + \\frac { x ^ { 5 } } { 5 ! } - \\frac { x ^ { 7 } } { 7 ! } + \\cdots \\\\ \\cos x=1- \\frac { x ^ { 2 } } { 2 ! } + \\frac { x ^ { 4 } } { 4 ! } - \\frac { x ^ { 6 } } { 6 ! } + \\cdots \\end {array} \\]</p>",
                "context_length": 983,
                "summary": "복소수의 지수형식과 오일러 공식을 이용하여 복소수 \\( z \\)를 \\( e ^ { i \\theta } = \\cos \\theta + i \\sin \\theta \\)와 같이 표현하였다. 또한 복소수 \\( z \\)는 \\( z=r( \\cos \\theta + i \\sin \\theta)=r e ^ { i \\theta } \\)와 같이 지수형식으로 나타내었다. 추가적으로, \\( e ^ { x } , \\sin x, \\cos x \\)는 각각의 테일러 급수로 전개하였다.",
                "clue": [
                    {
                        "clue_text": "오일러 공식과 복소수의 지수 형식</p> <p>\\( e ^ { i \\theta } \\) 에 대한 다음 공식 \\[ e ^ { i \\theta } = \\cos \\theta + i \\sin \\theta \\]</p> <p>를 오일러 공식(Euler's formula)이라 하고, 복소수 \\( z \\) 는 \\[ z=r( \\cos \\theta + i \\sin \\theta)=r e ^ { i \\theta } \\] 와 같이 지수형식(exponential form)으로 표현된다.",
                        "clue_start": "10",
                        "clue_end": "270"
                    },
                    {
                        "clue_text": "\\[ \\begin {array} { l } e ^ { x } =1 + x + \\frac { x ^ { 2 } } { 2 ! } + \\frac { x ^ { 3 } } { 3 ! } + \\frac { x ^ { 4 } } { 4 ! } + \\frac { x ^ { 5 } } { 5 ! } + \\cdots \\\\ \\sin x=x- \\frac { x ^ { 3 } } { 3 ! } + \\frac { x ^ { 5 } } { 5 ! } - \\frac { x ^ { 7 } } { 7 ! } + \\cdots \\\\ \\cos x=1- \\frac { x ^ { 2 } } { 2 ! } + \\frac { x ^ { 4 } } { 4 ! } - \\frac { x ^ { 6 } } { 6 ! } + \\cdots \\end {array} \\]",
                        "clue_start": "574",
                        "clue_end": "979"
                    },
                    {
                        "clue_text": "이에 따라 \\( e ^ { x } , \\sin x, \\cos x \\) 를 테일러 급수로 전개하면 다음과 같이 된다.",
                        "clue_start": "509",
                        "clue_end": "573"
                    }
                ],
                "terminology": [
                    {
                        "word": "Euler's formula"
                    },
                    {
                        "word": "cos"
                    },
                    {
                        "word": "exponential form"
                    },
                    {
                        "word": "sin"
                    },
                    {
                        "word": "복소수"
                    },
                    {
                        "word": "오일러 공식"
                    },
                    {
                        "word": "전개"
                    },
                    {
                        "word": "지수 형식"
                    },
                    {
                        "word": "테일러 급수"
                    },
                    {
                        "word": "함수"
                    }
                ]
            },
            {
                "context_id": "55e-0c9-merge_96aba9d6-5aa2527e-73e0-4a82-9398-7f1f0b691938_15",
                "context_K-NSCC": {
                    "field": "자연",
                    "large_category": "NA",
                    "medium_category": "99"
                },
                "context": "<p>[22] 판별식</p> <p>계수 \\( a, b, c \\) 가 실수인 이차방정식 \\( a x ^ { 2 } + b x + c=0 \\) 에서 \\( D=b ^ { 2 } -4 a c \\) 라고 하면 \\( D \\)의 값에 따라 다음과 같은 근을 갖는다.</p> <ul>(1) \\( D>0 \\Leftrightarrow \\) 서로 다른 두 실근</ul> <ul>(2) \\( D=0 \\Leftrightarrow \\) 중근 (서로 같은 두 실근)</ul> <ul>(3) \\( D<0 \\Leftrightarrow \\) 서로 다른 두 허근</ul> <p>\\( A x ^ { 2 } + 2 B x + C=0 \\) 이면 \\( D / 4=B ^ { 2 } -A C \\) 를 사용하면 편리하다.</p> <ul>(1) \\( D / 4>0 \\Leftrightarrow \\) 서로 다른 두 실근</ul> <ul>(2) \\( D / 4=0 \\Leftrightarrow \\) 중근(서로 같은 두 실근)</ul> <ul>(3) \\( D / 4<0 \\Leftrightarrow \\) 서로 다른 두 허근</ul> <p>설명 근의 공식에서 \\( x= \\frac { -b \\pm \\sqrt { b ^ { 2 } -4 a c } } { 2 a } \\) 이므로 \\( D=b ^ { 2 } -4 a c \\) 의 부호에 따라 서로 다른 실근 중근 또는 허근을 갖는다.</p> <p>예 (1) \\( 2 x ^ { 2 } -3 x-1=0 \\)</p>\\( D=(-3) ^ { 2 } -4 \\times 2 \\times(-1)=17>0 \\quad \\therefore \\text { 서로 다른 두 실근 } \\)</p> <p>(2) \\( x ^ { 2 } + 6 x + 9=0 \\)</p>\\( D=6 ^ { 2 } -4 \\times 1 \\times 9=0 \\left ( \\right . \\) 또는 \\( \\left .D / 4=3 ^ { 2 } -1 \\times 9=0 \\right ) \\therefore \\) 중근</p> <p>(3) \\( x ^ { 2 } -2 x + 3=0 \\)</p>\\( \\begin {array} { l } D=2 ^ { 2 } -4 \\times 1 \\times 3=-8<0 \\left ( \\text { 또는 } D / 4=1 ^ { 2 } -1 \\times 3=-2<0 \\right ) \\\\ \\therefore \\text { 서로 다른 두 허근 } \\end {array} \\)</p>",
                "context_length": 1205,
                "summary": "이차방정식에서 판별식이 양수이면 서로 다른 두 실근을, 0이면 중근을, 음수이면 서로 다른 두 허근을 갖는다.",
                "clue": [
                    {
                        "clue_text": "계수 \\( a, b, c \\) 가 실수인 이차방정식 \\( a x ^ { 2 } + b x + c=0 \\) 에서 \\( D=b ^ { 2 } -4 a c \\) 라고 하면 \\( D \\)의 값에 따라 다음과 같은 근을 갖는다.",
                        "clue_start": "19",
                        "clue_end": "141"
                    }
                ],
                "terminology": [
                    {
                        "word": "근"
                    },
                    {
                        "word": "근의 공식"
                    },
                    {
                        "word": "실근"
                    },
                    {
                        "word": "이차방정식"
                    },
                    {
                        "word": "중근"
                    },
                    {
                        "word": "판별식"
                    },
                    {
                        "word": "허근"
                    }
                ]
            },
            {
                "context_id": "55e-0c9-merge_96aba9d6-5aa2527e-73e0-4a82-9398-7f1f0b691938_02",
                "context_K-NSCC": {
                    "field": "자연",
                    "large_category": "NA",
                    "medium_category": "99"
                },
                "context": "<p>다항식 \\( F \\) 를 식 \\( p(p \\neq 0) \\) 로 나누었을 때의 몫을 \\( Q \\), 나머지를 \\( R \\) 이라고 하면 \\( F=p Q + R \\) 이 된다. 단, \\( R \\) 의 차수는 \\( p \\) 의 차수보다 낮다. 특히 \\( R=0 \\) 일 때 식 \\( F \\) 는 \\( p \\) 로 나누어떨어진다고 한다.</p> <ul>(1) 다항식 \\( \\div \\) 단항식 : \\( (a + b) \\div p= \\frac { a } { p } + \\frac { b } { p } \\)</ul> <ul>(2) 다항식 다항식 : 두 다항식을 내림차순으로 정리한 후 계수가 0 인 항은 비워 두고 계산한다.</ul> <p>예 (1) \\( \\left (2 x ^ { 2 } y-12 x y ^ { 2 } \\right ) \\div 2 x= \\frac { 2 x ^ { 2 } y } { 2 x } - \\frac { 12 x y ^ { 2 } } { 2 x } =x y-6 y ^ { 2 } \\)</p> <p>(2) \\( \\left (2 x ^ { 3 } + 3 x ^ { 2 } -4 x + 5 \\right ) \\div(x-2) \\)</p> <p>\\( x-2) \\begin {array} { r } \\frac { 2 x ^ { 2 } + 7 x + 10 } { 2 x ^ { 3 } + 3 x ^ { 2 } -4 x + 5 } \\\\ \\frac { 2 x ^ { 3 } -4 x ^ { 2 } } { 7 x ^ { 2 } -4 x + 5 } \\\\ \\frac { 7 x ^ { 2 } -14 x } { 10 x + 5 } \\\\ \\frac { 10 x-20 } { 25 } \\end {array} \\)</p> <p>\\( \\therefore \\) 몫은 \\( 2 x ^ { 2 } + 7 x + 10 \\), 나머지는 25</p>",
                "context_length": 912,
                "summary": "다항식 F를 식 p로 나눈 몫을 Q, 나머지가 R일 때 F = pQ + R으로 표현할 수 있으며, R의 차수는 p보다 낮고 R이 0이면 F가 p로 나누어떨어진다고 표현한다.",
                "clue": [
                    {
                        "clue_text": "다항식 \\( F \\) 를 식 \\( p(p \\neq 0) \\) 로 나누었을 때의 몫을 \\( Q \\), 나머지를 \\( R \\) 이라고 하면 \\( F=p Q + R \\) 이 된다. 단, \\( R \\) 의 차수는 \\( p \\) 의 차수보다 낮다.",
                        "clue_start": "3",
                        "clue_end": "136"
                    }
                ],
                "terminology": [
                    {
                        "word": "계수"
                    },
                    {
                        "word": "내림차순"
                    },
                    {
                        "word": "다항식"
                    },
                    {
                        "word": "단항식"
                    },
                    {
                        "word": "차수"
                    },
                    {
                        "word": "항"
                    }
                ]
            },
            {
                "context_id": "55e-0c9-merge_96aba9d6-5aa2527e-73e0-4a82-9398-7f1f0b691938_16",
                "context_K-NSCC": {
                    "field": "자연",
                    "large_category": "NA",
                    "medium_category": "99"
                },
                "context": "<p>예제 \\( 1.4.1 \\) 다음 이차방정식의 근을 구하여라.</p> <p>(1) \\( 6 x ^ { 2 } -7 x-24=0 \\) \\( \\quad \\) (2) \\( x ^ { 2 } -( \\sqrt { 2 } - \\sqrt { 3 } ) x- \\sqrt { 6 } =0 \\)</p> <p>풀이 (1) \\( 6 x ^ { 2 } -7 x-24=(2 x + 3)(3 x-8)=0 \\)</p>\\( \\therefore x=- \\frac { 3 } { 2 } , \\frac { 8 } { 3 } \\)</p> <p>(2) \\( x ^ { 2 } -( \\sqrt { 2 } - \\sqrt { 3 } ) x- \\sqrt { 6 } =(x- \\sqrt { 2 } )(x + \\sqrt { 3 } )=0 \\)</p>\\( \\therefore x= \\sqrt { 2 } ,- \\sqrt { 3 } \\)</p> <p>예제 \\( 1.4.2 \\) \\( x ^ { 2 } - \\sqrt { 5 } x + 1=0 \\) 의 한 근이 \\( \\alpha \\) 일 때 \\( \\alpha ^ { 2 } + \\frac { 1 } {\\alpha ^ { 2 } } \\) 의 값을 구하여라.</p> <p>풀이 \\( \\alpha \\) 는 방정식 \\( x ^ { 2 } - \\sqrt { 5 } x + 1=0 \\) 의 근이므로 \\( \\alpha ^ { 2 } - \\sqrt { 5 } \\alpha + 1=0 \\).</p>양변을 \\( \\alpha \\) 로 나누면 \\( \\alpha- \\sqrt { 5 } + \\frac { 1 } {\\alpha } =0 \\).</p>\\( \\therefore \\alpha + \\frac { 1 } {\\alpha } = \\sqrt { 5 } \\)</p> <p>\\( \\therefore \\alpha ^ { 2 } + \\frac { 1 } {\\alpha ^ { 2 } } = \\left ( \\alpha + \\frac { 1 } {\\alpha } \\right ) ^ { 2 } -2=( \\sqrt { 5 } ) ^ { 2 } -2=3 \\)</p> <p>예제 \\( 1.4.3 \\) 방정식 \\( x ^ { 2 } + 2 y ^ { 2 } + 2 x y + 2 x + 4 y + 2=0 \\) 을 만족하는 실수 \\( x, y \\) 의 값을 구하여라.</p>",
                "context_length": 1134,
                "summary": "이차방정식 \\(6x^{2}-7x-24\\), \\(x^{2}-(\\sqrt{2}-\\sqrt{3})x-\\sqrt{6}\\)의 근을 구하고, \\(1.4.2\\)\\(x^{2}-\\sqrt{5}x+1=0\\)의 한 근이 \\(\\alpha\\) 일 때 \\(\\alpha^{2}+\\frac{1}{\\alpha^{2}}\\)의 값을 구하는 문제이다.",
                "clue": [
                    {
                        "clue_text": "풀이 (1) \\( 6 x ^ { 2 } -7 x-24=(2 x + 3)(3 x-8)=0 \\)",
                        "clue_start": "164",
                        "clue_end": "215"
                    },
                    {
                        "clue_text": "예제 \\( 1.4.2 \\) \\( x ^ { 2 } - \\sqrt { 5 } x + 1=0 \\) 의 한 근이 \\( \\alpha \\) 일 때 \\( \\alpha ^ { 2 } + \\frac { 1 } {\\alpha ^ { 2 } } \\) 의 값을 구하여라.",
                        "clue_start": "447",
                        "clue_end": "587"
                    },
                    {
                        "clue_text": "\\( \\therefore \\alpha ^ { 2 } + \\frac { 1 } {\\alpha ^ { 2 } } = \\left ( \\alpha + \\frac { 1 } {\\alpha } \\right ) ^ { 2 } -2=( \\sqrt { 5 } ) ^ { 2 } -2=3 \\)",
                        "clue_start": "863",
                        "clue_end": "1016"
                    },
                    {
                        "clue_text": "(2) \\( x ^ { 2 } -( \\sqrt { 2 } - \\sqrt { 3 } ) x- \\sqrt { 6 } =(x- \\sqrt { 2 } )(x + \\sqrt { 3 } )=0 \\)",
                        "clue_start": "285",
                        "clue_end": "389"
                    }
                ],
                "terminology": [
                    {
                        "word": "근"
                    },
                    {
                        "word": "방정식"
                    },
                    {
                        "word": "실수"
                    },
                    {
                        "word": "이차방정식"
                    }
                ]
            }
        ]
    }
}