{
    "dataset_info": {
        "identifier": "02-031-002-NL",
        "name": "기술과학 문서 요약 데이터",
        "category": "자연어",
        "last_updated": "2023-08-30"
    },
    "dataset": {
        "doc_id": "55e4099e-6db3-4be9-b9bc-18d0d1698a3b",
        "doc_type": "도서",
        "doc_title": {
            "kor": "기초미적분학_수열",
            "eng": ""
        },
        "doc_category": {
            "KDC": "414",
            "DDC": ""
        },
        "doc_number": {
            "ISSN": "",
            "ISBN": "9791160733600",
            "DOI": "",
            "UCI": ""
        },
        "doc_year": "2020",
        "doc_author": [
            "김대식",
            "김윤경"
        ],
        "doc_publisher": "경문사",
        "doc_license": "저작권 협의됨",
        "context_info": [
            {
                "context_id": "55e-0c9-merge_55e4099e-6db3-4be9-b9bc-18d0d1698a3b_02",
                "context_K-NSCC": {
                    "field": "자연",
                    "large_category": "NA",
                    "medium_category": "06"
                },
                "context": "<p>예제 \\(6.1.3 \\) 다음을 구하여라.<ol type = 1 start=1><li>\\(1 \\)에서 \\(100 \\)까지의 자연수의 합</li> <li>초항이 \\(4 \\)이고 공차가 \\(3 \\)인 등차수열에서 \\( S_ { 20 } \\)</li></ol></p> <p>풀이<ol type=1 start=1><li>\\( S_ { 100 } = \\frac { 100(1 + 100) } { 2 } =50 \\cdot 101=5050 \\)</li> <li>\\( S_ { 20 } = \\frac { 20[2 \\cdot 4 + (20-1) \\cdot 3] } { 2 } = \\frac { 20(8 + 57) } { 2 } =650 \\)</li></ol></p> <p>유제 \\(6.1.3 \\) 다음을 구하여라.<ol type=1 start=1><li>\\(10 \\)에서 \\(100 \\)까지의 홀수의 합</li> <li>초항이 \\(4 \\)이고 공차가 \\(3 \\)인 등차수열에서 \\( S_ { 20 } \\)</li></ol></p> <p>예제 \\(6.1.1 \\)의 \\((2) \\)와 같이 앞의 항에 일정한 수를 곱하여 다음 항이 얻어지는 수열, 즉 \\( a_ { n + 1 } =a_ { n } \\cdot r, n=1,2, \\cdots \\) 인 수열을 등비수열(geometric sequence)이라 하고, \\( r \\) 을 공비라고 한다.</p> <p>초항이 \\( a \\) 이고 공비가 \\( r \\) 인 등비수열에서 \\(a_ { 1 } =a, a_ { 2 } =a_ { 1 } r=a r, a_ { 3 } =a_ { 2 } r=a r ^ { 2 } , \\cdots \\) 이므로 일반항은 \\( a_ { n } =a r ^ { n-1 } \\) 이다.</p> <p>정리 \\(6.1.3 \\) 초항이 \\( a \\) 이고 공비가 \\( r \\) 인 등비수열의 일반항은 \\( a_ { n } =a r ^ { n-1 } \\) 이다.</p> <p>예제 \\(6.1.4 \\) 다음을 구하여라.<ol type=1 start=1><li>초항이 \\(3 \\)이고 공비가 \\(2 \\)인 등비수열의 제 \\(7 \\)항</li> <li>제 \\(2 \\)항이 \\(-6 \\)이고 제 \\(5 \\)항이 \\(48 \\)인 등비수열의 제 \\(9 \\)항</li></ol></p> <p>풀이</p> <p>\\((1) \\) \\( a_ { 7 } =3 \\cdot 2 ^ { 6 } =192 \\)</p> <p>\\((2) \\) \\( a_ { 2 } =a r=-6, a_ { 5 } =a r ^ { 4 } =48 \\) 을 연립으로 풀면 \\( a=3, r=-2 \\) 이다. 따라서 제 9 항은 \\( a_ { 9 } =3 \\cdot(-2) ^ { 8 } =768 \\) 이다.</p>",
                "context_length": 1345,
                "summary": "예제 6.1.3의 (1)과 (2)를 구하는 방법과 초항이 a, 공비가 r인 등비수열의 일반항이 a_n = ar^(n-1)이라는 것을 정리하였다. 또한 예제 6.1.4의 (1), (2)도 풀어보았다.",
                "clue": [
                    {
                        "clue_text": "초항이 \\( a \\) 이고 공비가 \\( r \\) 인 등비수열에서 \\(a_ { 1 } =a, a_ { 2 } =a_ { 1 } r=a r, a_ { 3 } =a_ { 2 } r=a r ^ { 2 } , \\cdots \\) 이므로 일반항은 \\( a_ { n } =a r ^ { n-1 } \\) 이다.",
                        "clue_start": "695",
                        "clue_end": "859"
                    },
                    {
                        "clue_text": "\\((1) \\) \\( a_ { 7 } =3 \\cdot 2 ^ { 6 } =192 \\)",
                        "clue_start": "1142",
                        "clue_end": "1189"
                    },
                    {
                        "clue_text": "\\((2) \\) \\( a_ { 2 } =a r=-6, a_ { 5 } =a r ^ { 4 } =48 \\) 을 연립으로 풀면 \\( a=3, r=-2 \\) 이다.",
                        "clue_start": "1197",
                        "clue_end": "1285"
                    }
                ],
                "terminology": [
                    {
                        "word": "공비"
                    },
                    {
                        "word": "공차"
                    },
                    {
                        "word": "등비수열"
                    },
                    {
                        "word": "등비수열(geometric sequence)"
                    },
                    {
                        "word": "등차수열"
                    },
                    {
                        "word": "수열"
                    },
                    {
                        "word": "연립"
                    },
                    {
                        "word": "일반항"
                    },
                    {
                        "word": "자연수"
                    },
                    {
                        "word": "초항"
                    }
                ]
            },
            {
                "context_id": "55e-0c9-merge_55e4099e-6db3-4be9-b9bc-18d0d1698a3b_03",
                "context_K-NSCC": {
                    "field": "자연",
                    "large_category": "NA",
                    "medium_category": "06"
                },
                "context": "<p>유제 \\(6.1.4 \\) 다음을 구하여라.<ol type = 1 start=1><li>초항이 \\(2 \\)이고 공비가 \\(-3 \\)인 등비수열의 제 \\(8 \\)항</li> <li>제 \\(3 \\)항이 \\(6 \\)이고 제 \\(8 \\)항이 \\(192 \\)인 등비수열의 제 \\(9 \\)항</li></ol></p> <p>초항이 \\( a \\) 이고 공비가 \\( r \\) 인 등비수열에서 초항부터 제 \\( n \\) 항까지의 합 \\( S_ { n } \\) 을 구하여 보자.</p> <p>\\( S_ { n } =a + a r + a r ^ { 2 } + \\cdots + a r ^ { n-2 } + a r ^ { n-1 } \\)</p> <p>(ⅰ) \\( r=1 \\) 일 때: \\( S_ { n } =a + a + \\cdots + a=n a \\)</p> <p>(ⅱ) \\( r \\neq 1 \\) 일 때: 위 식의 양변에 \\( r \\) 을 곱하면 \\( r S_ { n } =a r + a r ^ { 2 } + a r ^ { 3 } + \\cdots + a r ^ { n-1 } + a r ^ { n } \\) 이다. 위 식에서 아래 식을 빼면 \\( (1-r) S_ { n } =a-a r ^ { n } \\) \\( \\therefore S_ { n } = \\frac { a \\left (1-r ^ { n } \\right ) } { 1-r } \\)</p> <p>정리 \\(6.1.4 \\) 등비수열의 합 초항이 \\( a \\) 이고 공비가 \\( r \\) 인 등비수열에서 초항부터 제 \\( n \\) 항까지의 합 \\( S_ { n } \\) 은 다음과 같다.<ol type=1 start=1><li>\\( r=1 \\) 일 때 \\( S_ { n } =n a \\).</li> <li>\\( r \\neq 1 \\) 일 때 \\( S_ { n } = \\frac { a \\left (1-r ^ { n } \\right ) } { 1-r } = \\frac { a \\left (r ^ { n } -1 \\right ) } { r-1 } \\).</li></ol></p> <p>예제 \\(6.1.5 \\) 다음을 구하여라.<ol type=1 start=1><li>초항이 \\(3 \\) 이고 공비가 \\(2 \\) 인 등비수열의 제 \\(7 \\) 항까지의 합</li> <li>제 \\(2 \\) 항이 \\( -6 \\) 이고 제 \\(5 \\) 항이 \\(48 \\) 인 등비수열의 제 \\(9 \\) 항까지의 합</li></ol></p>",
                "context_length": 1200,
                "summary": "등비수열의 n번째 항, 공비 등을 직접 수열을 파악해 봄으로써 그 값을 구할 수가 있다. 이를 등비수열의 합에 대한 하나의 정리로 나타낼 수 있다. 해당하는 정리는 초항이 a이고 공비가 r인 등비수열에서 초항부터 제 n항까지의 값은 주어진 수식과 같음을 의미한다.",
                "clue": [
                    {
                        "clue_text": "초항이 \\(2 \\)이고 공비가 \\(-3 \\)인 등비수열의 제 \\(8 \\)항",
                        "clue_start": "51",
                        "clue_end": "92"
                    },
                    {
                        "clue_text": "제 \\(3 \\)항이 \\(6 \\)이고 제 \\(8 \\)항이 \\(192 \\)인 등비수열의 제 \\(9 \\)항",
                        "clue_start": "102",
                        "clue_end": "158"
                    },
                    {
                        "clue_text": "\\( r=1 \\) 일 때 \\( S_ { n } =n a \\).",
                        "clue_start": "818",
                        "clue_end": "852"
                    },
                    {
                        "clue_text": "\\( r \\neq 1 \\) 일 때 \\( S_ { n } = \\frac { a \\left (1-r ^ { n } \\right ) } { 1-r } = \\frac { a \\left (r ^ { n } -1 \\right ) } { r-1 } \\).",
                        "clue_start": "862",
                        "clue_end": "997"
                    }
                ],
                "terminology": [
                    {
                        "word": "공비"
                    },
                    {
                        "word": "등비수열"
                    },
                    {
                        "word": "초항"
                    }
                ]
            },
            {
                "context_id": "55e-0c9-merge_55e4099e-6db3-4be9-b9bc-18d0d1698a3b_01",
                "context_K-NSCC": {
                    "field": "자연",
                    "large_category": "NA",
                    "medium_category": "06"
                },
                "context": "<p>정리 \\(6.1.1 \\) 초항이 \\( a \\) 이고 공차가 \\( d \\) 인 등차수열의 일반항은 \\( a_ { n } = a + (n-1) d \\) 이다.</p> <p>예제 \\(6.1.2 \\) 다음을 구하여라.<ol type=1 start=1><li>초항이 \\(5 \\) 이고 공차가 \\( -3 \\) 인 등차수열의 제 \\(10 \\) 항</li> <li>제 \\(4 \\) 항이 \\(18 \\) 이고 제 \\(13 \\) 항이 \\(63 \\) 인 등차수열의 일반항</li></ol></p> <p>풀이</p> <p>\\((1) \\) \\( a_ { 10 } =a + 9 d=5 + 9 \\times(-3)=-22 \\)</p> <p>\\( a_ { 4 } =a + 3 d=18, a_ { 13 } =a + 12 d=63 \\) 을 연립으로 풀면 \\(a=3, d=5 \\)이다. 따라서 일반항은 \\( a_ { n } =3 + (n-1) \\cdot 5=5 n-2 \\) 이다.</p> <p>유제 \\(6.1.2 \\) 다음을 구하여라<ol type=1 start=1><li>초항이 \\(6 \\)이고 공차가 \\( -2 \\)인 등차수열의 제 \\(10 \\) 항</li> <li>제 \\(4 \\) 항이 \\( -18 \\)이고 제 \\(13 \\) 항이 \\(63 \\) 인 등차수열의 일반항</li></ol></p> <p>초항이 \\( a \\) 이고 공차가 \\( d \\) 인 등차수열에서 초항부터 제 \\( n \\) 항 \\( a_ { n } =l \\) 까지의 합 \\( S_ { n } \\) 을 구하여 보자.</p> <p>\\( S_ { n } =a + (a + d) + \\cdots + \\left (a_ { n } -d \\right ) + l \\) 이고 \\( S_ { n } \\) 의 우변을 역순으로 쓰면 \\( S_ { n } =l + (l-d) + \\cdots + (a + d) + a \\) 이다. 두 식을 더하면 \\( 2 S_ { n } =(a + l) + (a + l) + \\cdots + (a + l) + (a + l)=n(a + l) \\) 이므로 \\( S_ { n } = \\frac { n(a + l) } { 2 } = \\frac { n[2 a + (n-1) d] } { 2 } \\) 이다.</p> <p>정리 \\(6.1.2 \\) 등차수열의 합 초항 \\( a \\) 인 등차수열에서 초항부터 제 \\( n \\) 항까지의 합 \\( S_ { n } \\) 은 다음과 같다.<ol type=1 start=1><li>\\( n \\) 항이 \\(l \\)이면 \\( S_ { n } = \\frac { n(a + l) } { 2 } \\)</li> <li>공차가 \\( d \\) 이면 \\( S_ { n } = \\frac { n[2 a + (n-1) d] } { 2 } \\)</li></ol></p>",
                "context_length": 1355,
                "summary": "초항이 a 이고 공차가 d 인 등차수열은 \\( a_ { n } = a + (n-1) d \\)이다. 또한 초항이 a 인 등차수열에서 n항까지의 합은 \\( n \\) 항이 \\(l \\)이면 \\( S_ { n } = \\frac { n(a + l) }이고 공차가 d이면 \\( S_ { n } = \\frac { n[2 a + (n-1) d] } { 2 } \\)이다.",
                "clue": [
                    {
                        "clue_text": "정리 \\(6.1.1 \\) 초항이 \\( a \\) 이고 공차가 \\( d \\) 인 등차수열의 일반항은 \\( a_ { n } = a + (n-1) d \\) 이다.",
                        "clue_start": "3",
                        "clue_end": "89"
                    },
                    {
                        "clue_text": "정리 \\(6.1.2 \\) 등차수열의 합 초항 \\( a \\) 인 등차수열에서 초항부터 제 \\( n \\) 항까지의 합 \\( S_ { n } \\) 은 다음과 같다.<ol type=1 start=1><li>\\( n \\) 항이 \\(l \\)이면 \\( S_ { n } = \\frac { n(a + l) } { 2 } \\)</li> <li>공차가 \\( d \\) 이면 \\( S_ { n } = \\frac { n[2 a + (n-1) d] } { 2 } \\)</li></ol>",
                        "clue_start": "1095",
                        "clue_end": "1351"
                    }
                ],
                "terminology": [
                    {
                        "word": "공차"
                    },
                    {
                        "word": "등차수열"
                    },
                    {
                        "word": "일반항"
                    },
                    {
                        "word": "초항"
                    }
                ]
            },
            {
                "context_id": "55e-0c9-merge_55e4099e-6db3-4be9-b9bc-18d0d1698a3b_00",
                "context_K-NSCC": {
                    "field": "자연",
                    "large_category": "NA",
                    "medium_category": "06"
                },
                "context": "<h1>6.1. 수열</h1> <p>자연수 전체의 집합을 \\( N \\) 이라 할 때, 함수 \\( f: N \\rightarrow R, f(n) = a_ { n } \\) 을 수열(sequence)이라 한다. 이러한 수열은 \\( a_ { 1 } , a_ { 2 } , a_ { 3 } , \\cdots, a_ { n } , \\cdots \\) 또는 간단히 \\( \\left \\{ a_ { n } \\right \\} \\) 으로 나타내고, 수열을 이루는 각각의 수를 그 수열의 항이라 부르며 \\( n \\) 번째 항 \\( a_ { n } \\) 을 일반항이라 한다. 수열 중에서 각 항 사이에 어떤 규칙성이 있는 수열이 우리의 관심 대상이 된다.</p> <p>예제 \\(6.1.1 \\) 다음 수열의 일반항을 구하여라.<ol type=1 start=1><li>\\( 2,4,6,8, \\cdots \\)</li> <li>\\( 1,2,4,8, \\cdots \\)</li></ol></p> <p>풀이<ol type=1 start=1><li>\\( a_ { 1 } =2, a_ { 2 } =4=2 \\cdot 2, a_ { 3 } =6=2 \\cdot 3, a_ { 4 } =8=2 \\cdot 4 \\) 이므로 \\( a_ { n } =2 n \\) 이다.</li> <li>\\( a_ { 1 } =1=2 ^ { 0 } , a_ { 2 } =2=2 ^ { 1 } , a_ { 3 } =4=2 ^ { 2 } , a_ { 4 } =8=2 ^ { 3 } \\) 이므로 \\( a_ { n } =2 ^ { n-1 } \\) 이다.</li></ol></p> <p>예제 \\(6.1.1 \\)의 \\((1) \\)과 같이 앞의 항에 일정한 수를 더하여 다음 항이 얻어지는 수열, 즉 \\(a_ { n + 1 } =a_ { n } + d, n=1,2, \\cdots \\)인 수열을 등차수열(arithmetic sequence)이라 하고, \\( d \\) 를 공차라고 한다.</p> <p>초항이 \\( a \\) 이고 공차가 \\( d \\) 인 등차수열에서 \\(a_ { 1 } =a, a_ { 2 } =a_ { 1 } + d=a + d, a_ { 3 } =a_ { 2 } + d=a + 2 d, \\cdots \\)이므로 일반항은 \\( a_ { n } =a + (n-1) d \\) 이다.</p>",
                "context_length": 1122,
                "summary": "자연수 전체의 집합을 \\( N \\)이라 할 때, 함수 \\( f: N \\rightarrow R, f(n) = a_ { n } \\)을 수열이라고 한다. 이런 수열은 \\( a_ { 1 } , a_ { 2 } , a_ { 3 } , \\cdots, a_ { n } , \\cdots \\)이나 간단히 \\( \\left \\{ a_ { n } \\right \\} \\)으로 표현하고, 수열을 구성하는 각각의 수를 그 수열의 항이라 말하고 \\( n \\)번째 항 \\( a_ { n } \\)을 일반항이라 한다.",
                "clue": [
                    {
                        "clue_text": "자연수 전체의 집합을 \\( N \\) 이라 할 때, 함수 \\( f: N \\rightarrow R, f(n) = a_ { n } \\) 을 수열(sequence)이라 한다.",
                        "clue_start": "20",
                        "clue_end": "113"
                    },
                    {
                        "clue_text": "이러한 수열은 \\( a_ { 1 } , a_ { 2 } , a_ { 3 } , \\cdots, a_ { n } , \\cdots \\) 또는 간단히 \\( \\left \\{ a_ { n } \\right \\} \\) 으로 나타내고, 수열을 이루는 각각의 수를 그 수열의 항이라 부르며 \\( n \\) 번째 항 \\( a_ { n } \\) 을 일반항이라 한다.",
                        "clue_start": "114",
                        "clue_end": "305"
                    }
                ],
                "terminology": [
                    {
                        "word": "공차"
                    },
                    {
                        "word": "등차수열"
                    },
                    {
                        "word": "등차수열(arithmetic sequence)"
                    },
                    {
                        "word": "수열"
                    },
                    {
                        "word": "수열의 항"
                    },
                    {
                        "word": "일반항"
                    },
                    {
                        "word": "자연수"
                    },
                    {
                        "word": "전체의 집합"
                    },
                    {
                        "word": "집합"
                    },
                    {
                        "word": "함수"
                    },
                    {
                        "word": "항"
                    }
                ]
            },
            {
                "context_id": "55e-0c9-merge_55e4099e-6db3-4be9-b9bc-18d0d1698a3b_04",
                "context_K-NSCC": {
                    "field": "자연",
                    "large_category": "NA",
                    "medium_category": "06"
                },
                "context": "<p>풀이</p> <ol type = 1 start=1><li>\\( S_ { 7 } = \\frac { 3 \\left (2 ^ { 7 } -1 \\right ) } { 2-1 } =381 \\)</li> <li>예제 \\( 6.1 .4 \\) (2)에서 \\( a=3, r=-2 \\) 이므로 \\[ S_ { 9 } = \\frac { 3 \\left \\{ 1-(-2) ^ { 9 } \\right \\} } { 1-(-2) } =513 \\]</li></ol> <p>유제 \\(6.1.5 \\) 다음을 구하여라.<ol type=1 start=1><li>초항이 \\(2 \\) 이고 공비가 \\(- 3 \\) 인 등비수열의 제 \\(8 \\) 항까지의 합</li> <li>제 \\(3 \\)항이 \\(6 \\) 이고 제 \\(8 \\) 항이 \\(192 \\) 인 등비수열의 제 \\(10 \\) 항까지의 합</li></ol></p> <p>등차수열과 등비수열은 금융기관에서 정기예금의 이자계산에 사용된다. 원금 \\( a \\) 원을 연이율 \\( i \\) 인 정기예금에 가입하였을 때, \\( n \\) 년 후의 원리합계를 \\( a_ { n } \\) 이라 하면<ol type=i start=1><li>단리인 경우 \\[ a_ { 1 } =a + a i=a(1 + i), a_ { 2 } =a_ { 1 } + a i=a(1 + 2 i), \\cdots, a_ { n } =a(1 + n i) \\]</li> <li>복리인 경우 \\[ a_ { 1 } =a + a i=a(1 + i), a_ { 2 } =a_ { 1 } (1 + i)=a(1 + i) ^ { 2 } , \\cdots, a_ { n } =a(1 + i) ^ { n } \\]</li></ol></p> <p>즉, 단리인 경우는 공차가 \\( a i \\) 인 등차수열을 이루고, 복리인 경우는 공비가 \\( 1 + i \\) 인 등비수열을 이룬다.</p> <p>예제 \\(6.1.6 \\) 연복리 이율이 \\( i \\) 인 정기적금에 매년 초에 \\( a \\) 원씩을 납입할 때 \\( n \\) 년 후 연말 만기 시 원리합계를 구하여라.</p> <p>풀이 첫 해 연초에 납입한 \\( a \\)원에 대한 만기 시( \\( n \\)년 후 연말) 원리합계 : \\( a(1 + i) ^ { n } \\) 둘째 해 연초에 납입한 \\( a \\)원에 대한 만기 시 원리합계: \\( a(1 + i) ^ { n-1 } \\) 마지막 \\( n \\)째 해 연초에 납입한 \\( a \\)원에 대한 만기 시 연말 원리합계: \\( a(1 + i) \\) 따라서 만기 원리합계는 \\[ \\begin {aligned} S_ { n } &=a(1 + i) + a(1 + i) ^ { 2 } + \\cdots + a(1 + i) ^ { n-1 } + a(1 + i) ^ { n } \\\\ &= \\frac { a(1 + i) \\left [(1 + i) ^ { n } -1 \\right ] } { (1 + i)-1 } = \\frac { a(1 + i) \\left [(1 + i) ^ { n } -1 \\right ] } { i } \\end {aligned} \\]</p> <p>유제 \\(6.1.6 \\) 연 단리 이율이 \\( i \\)인 정기적금에 매년 초에 \\( a \\)원씩을 납입할 때 \\( n \\)년 후 연말 만 기 시 원리합계를 구하여라.</p> <p>수열 \\( \\left \\{ a_ { n } \\right \\} \\) 의 초항부터 \\( n \\)항까지의 합을 \\( S_ { n } \\)이라 할 때, \\[ a_ { 1 } =S_ { 1 } , a_ { n } =S_ { n } -S_ { n-1 } , n=2,3, \\cdots \\] 이므로 합 \\( S_ { n } \\)으로부터 일반항 \\( a_ { n } \\)을 구할 수 있다.</p> <p>예제 \\(6.1.7 \\) \\( S_ { n } =n ^ { 2 } + 2 n \\)일 때, 일반항 \\( a_ { n } \\)을 구하여라.</p> <p>\\( n=1 \\) 일 때, \\( a_ { 1 } =S_ { 1 } =3 \\) \\( \\cdots ① \\) \\( n \\geq 2 \\) 일 때, \\( a_ { n } =S_ { n } -S_ { n-1 } \\) \\( =n ^ { 2 } + 2 n-(n-1) ^ { 2 } -2(n-1) \\) \\( =2 n + 1 \\cdots ② \\) 식 ②에 \\( n=1 \\)을 대입하면 식 ①과 일치한다. 따라서 \\( a_ { n } =2 n + 1 \\) 이다.</p>",
                "context_length": 2157,
                "summary": "금융기관에서 정기예금의 이자 계산 시 등차수열과 등비수열이 활용된다. 단리의 경우, 공차가 \\( a i \\)인 등차수열이 구성되며, 복리의 경우, 공비가 \\( 1 + i \\)인 등비수열이 형성된다.",
                "clue": [
                    {
                        "clue_text": "등차수열과 등비수열은 금융기관에서 정기예금의 이자계산에 사용된다.",
                        "clue_start": "439",
                        "clue_end": "475"
                    },
                    {
                        "clue_text": "등차수열과 등비수열은 금융기관에서 정기예금의 이자계산에 사용된다.",
                        "clue_start": "439",
                        "clue_end": "475"
                    },
                    {
                        "clue_text": "즉, 단리인 경우는 공차가 \\( a i \\) 인 등차수열을 이루고, 복리인 경우는 공비가 \\( 1 + i \\) 인 등비수열을 이룬다.",
                        "clue_start": "836",
                        "clue_end": "910"
                    }
                ],
                "terminology": [
                    {
                        "word": "공비"
                    },
                    {
                        "word": "공차"
                    },
                    {
                        "word": "단리"
                    },
                    {
                        "word": "등비수열"
                    },
                    {
                        "word": "등차수열"
                    },
                    {
                        "word": "복리"
                    },
                    {
                        "word": "연이율"
                    },
                    {
                        "word": "일반항"
                    }
                ]
            }
        ]
    }
}