{
    "dataset_info": {
        "identifier": "02-031-002-NL",
        "name": "기술과학 문서 요약 데이터",
        "category": "자연어",
        "last_updated": "2023-08-30"
    },
    "dataset": {
        "doc_id": "96aba9d6-1cd2ab4c-efec-4a41-9586-0b7d0cd43eaf",
        "doc_type": "도서",
        "doc_title": {
            "kor": "m812-논리와 사고",
            "eng": ""
        },
        "doc_category": {
            "KDC": "410.1",
            "DDC": ""
        },
        "doc_number": {
            "ISSN": "",
            "ISBN": "9788961058124",
            "DOI": "",
            "UCI": ""
        },
        "doc_year": "2014",
        "doc_author": [
            "김동건"
        ],
        "doc_publisher": "경문사",
        "doc_license": "저작권 협의됨",
        "context_info": [
            {
                "context_id": "55e-0c9-ae3deb28-4aaa-454a-90e6-66cbb0a0433b",
                "context_K-NSCC": {
                    "field": "자연",
                    "large_category": "NA",
                    "medium_category": "01"
                },
                "context": "<h1>9.2 정언삼단논법</h1> <h2>1) 정언삼단논법의 개념</h2> <p>삼단논법이란 세 개의 명제로 이루어진 논증형식을 말하는데, 논증의 수는 결론의 수가 결정한다. 삼단논법은 하나의 결론과 두 개의 전제를 갖는 논증형식이라고 볼 수 있다. 삼단논법 중 정언적(categorical) 판단만을 전제로 하여 정언적 결론을 내리는 추리를 정언삼단논법이라 한다. 정언삼단논법은 정확히 세 개의 명제와 세 개의 개념으로 이루어진 논증으로 각각의 개념은 전체 논증에서 정확히 두 번씩 등장한다. 기본형식은 다음과 같다.</p> <p>M-P (대전제) S-M (소전제) \\( \\therefore \\) S-P(결론)</p> <p>즉</p> <p>모든 M은 P다. (대전제) 모든 S는 M이다. (소전제) \\( \\therefore \\) 모든 S는 P다. (결론)</p> <p>다음의 예를 보자.</p> <p>\"모든 사람은 죽는 것이다. 모든 영웅도 사람이다. 그러므로 모든 영웅도 죽는 것이다.\"</p> <p>위의 세 개의 판단에는 『영웅』, 『사람』, 『죽는 것』의 세 개념이, 즉 소개념, 중개념 그리고 대개념이 있다. 죽는다는 것은 개념의 외연이 가장 넓어서 다른 두 개념을 포함하고 있으므로 이것을 대개념이라고 하고 결론에 있어서는 빈개념이 된다. 『영웅』이라는 개념은 외연이 가장 적어서 다른 두 개념에 포함되고 있으므로 이것을 소개념이라 하고 결론에 있어서 주개념이 된다.</p> <p>『사람」이라는 개념은 외연의 크기가 다소 두 개념의 중간이 되므로 이것을 중개념이라고 하나 대개념과 소개념과의 관계를 매개하여 결론을 성립시키는 의미로 보아 보통 매개념이라고 부른다.</p> <p>언어적 표현에서는 대개념을 대명사(major term)라 하여 기호를 P(predicate의 첫 글자)로 표시하고, 소개념은 소명사(minor term)라 하여 기호를 S(subject의 첫 글자)로 표시하고, 매개념은 중명사(middle term)라 하여 기호를 M(medium의 첫 글자)으로 표시한다.</p> <p>대개념을 가진 전제를 대전제라 하고 소개념을 가진 전제를 소전제라 한다. 삼단논법(연역법)은 “전체에 관해서 참인 것은 부분에 관해서도 참이다.\"는 법칙에 의거하여 보편적 원리로부터 부분에 관한 지식을 이끌어내는 것이다. 즉 일반으로부터 특수를 추론하는 방법이다.</p> <p>삼단논법은 그 전제를 구성하고 있는 판단의 종류에 따라 정언샴단논법, 가언삼단논법, 선언삼단논법 그리고 특히 대전제가 가언판단으로 되고 소전제가 선언판단으로 된 딜레마(dilemma) 등으로 구별할 수 있다.</p> <p> <형제 사이></p> <p>독실한 신앙을 가진 아버지가 하루는 아들을 불러 앉혀 놓고는 타일렀다.</p> <p>\"애야, 너도 이젠 철이 들었으니 교회에 다녀야 할 게 아니겠니?\"</p> <p>그러자 아들은 \"예, 알겠습니다. 하나님을 믿어서 좋다면 꼭 믿어야죠!\"하고 대답했다.</p> <p>\"암, 그렇고말고, 전지전능하신 하나님 아버지께서는 나약한 우리 인간이 진심으로 믿기만 하면 장차 우리를 천국으로 인도해주실 거다.\"</p> <p>\"아버지, 정말 그렇다면 저도 오늘부터 교회에 다니겠습니다.\" 아들의 시원스런 대답에 아버지는 너무도 기뻐서 그 자리에서 성경을 꺼내 들고 아들에게 하나님 말씀을 가르치기 시작했다. 아버지가 읽으면 아들은 따라 외웠다.</p> <p>\"전지전능 하신 하나님 아버지시여!\"</p> <p>\"전지전능 하신 하나님 할아버지시여!\"</p> <p>\"주여, 만물의 창조주이신 하나님 아버지시여!\"</p> <p>\"주여, 만물의 창조주이신 하나님 할아버지시여!\"</p> <p>\"하나님 아버지시여!\"하고 가르쳤는데 매번 ‘할'자 하나를 더 붙여 “하나님 할아버지시여\"하고 외우는 통에 아버지는 그만 화가 나서 꾸짖었다.</p> <p>\"아니, 이 바보 같은 녀석아! 하나님 할아버지가 뭐냐, 하나님 아버지라는데도!\"</p> <p>아버지의 꾸중을 듣고 억울하다고 생각한 아들은 머리를 긁적거리면서 되물었다.</p> <p>\"아니, 아버지께서 하나님을 아버지라고 부르시는데 저는 아버지의 아들이니 하나님을 할아버지라 불러야 옳지 않겠습니까?\" 아버지는 기가 차다는 듯 표정으로 조용히 말했다.</p> <p>\"아니다 아냐, 너나 나나 다 같은 하나님의 아들이란다. 따라서 하나님을 모두 아버지라 불러야 한다. \\( \\cdots \\)\"</p> <p>그러자 아들은 아버지의 말이 채 끝나기도 전에 야무지게 반문했다.\"</p> <p>\"아니, 아버지도 하나님의 아들이고 저도 하나님의 아들이라면, 아버지와 제가 형제 사이란 말입니까?\"</p> <p>\"엉??\"</p> <p>아버지는 입만 딱 벌리고 아무 말도 하지 못했다.</p> <h2>2) 정언삼단논법의 공리와 규칙</h2> <p>삼단논법은 다음의 3 개의 공리에 의거한다.</p> <p>공리 1 : 두 개념(S와 P)이 동일한 제3개념(M)과 일치하는 경우에는 두 개념(S와 P)도 서로 일치한다..</p> <p>즉</p> <p>S=M 그리고 P=M이면, S=P</p> <p>공리 2 : 두 개념(S와 P) 중의 한 쪽이 동일한 제3개념(M)과 일치하고 다른 쪽이 일치하지 않을 경우에는 두 개념(S와 P)도 서로 일치하지 않는다.</p> <p>즉</p> <p>S=M, P \\(\\neq\\) M 또는 S \\(\\neq\\) M, P=M</p> <p>공리 3 : 두 개념(S와 P)이 같이 동일한 제3개념(M)과 일치하지 않을 경우에는 두 개념(S와 P)은 일치하기도 하고 일치하지 않기도 하여 그 관계가 일정하지 않다.</p> <p>즉</p> <p>S \\(\\neq\\) M, P \\(\\neq\\) M이면, S=P 또는 S \\(\\neq\\) P</p> <p>이러한 공리에 의거해서 삼단논법의 6개의 규칙과 3개의 부칙이 생긴다.</p> <p>규칙 1 : 삼단논법은 3개의 개념으로 이루어지고 또한 3개에 한한다. 그리고 그들의 의의는 추리의 과정을 통해서 항상 통일되어야 한다.</p> <p>개념이 두 개뿐이면 직접추리는 가능하나 삼단논법일 수 없고 개념이 세 개보다 많으면 대전제, 소전제, 매개념을 정할 수 없게 되어<매개념 애매의 허위>또는<4개 개념 허위>에 빠지게 된다. 다음의 예를 보자..</p> <p>“병은 안정을 필요로 한다. 그의 게으름은 병이다. 그러므로 그의 게으름은 안정을 필요로 한다.\"</p> <p>위의 예에서 소전제에 사용된 병은 비유적으로 사용된 것으로, 일반적인 병과는 달라서 당장에는 낫지 않는다고나 할 수 있는 그런 의미의 한 소부분밖에 공통으로 하고 있지 않다.</p> <p>규칙 2 : 삼단논법은 3 개의 판단으로 이루어지고 또한 3 개에 한한다..</p> <p>규칙 3 : 매개념은 전제에 있어서 한 번은 반드시 주연(전칭)되어야 한다..</p> <p>이와 관련하여 예를 보자..</p> <p>\"어떤 버섯은 독이 있다. 송이버섯은 버섯이다. 그러므로 송이버섯은 독이 있다.\"</p> <p>위의 예는 바른 추리는 아니다. 매개념이 『버섯』인데, 『버섯』이 두 전제에서 모두 부주연 되고 있다. 이와 같은 허위를<매개념 부주연의 허위라>고 한다.</p> <p>규칙 4 : 전제에 있어서 주연(전칭)되지 않는 개념을 결론에서 주연(전칭)시킬 수 없다.</p> <p>이러한 규칙을 위반하면<대개념 부당주연의 허위>또는<소개념 부당주연의 허위>를 범하는 것이 된다. 다음의 예를 보자.</p> <p>\"모든 주전론자는 애국자이다. 모든 비전론자는 주전론자가 아니다. 그러므로 모든 비전론자는 애국자가 아니다.\"</p> <p>위의 예는<대개념 부당주연의 허위>에 해당한다.</p> <p>규칙 5 : 양 전제가 다 같이 긍정이면 결론도 긍정이어야 한다. 또한 전제의 하나가 부정이면 결론도 부정이어야 한다.</p> <p>이런 규칙을 위반하면<부당부정의 허위>또는<부당긍정의 허위>를 범하는 것이 된다.</p> <p>규칙 6 : 양 전제가 동시에 부정일 때, 결론을 얻을 수 없다.</p> <p>이것의 위반은<부정전제의 허위>라고 한다. 여기서 주의할 점은 일상의 표현에서는 부정적으로 표현되기는 하나, 삼단논법의 형식으로 바꾸는 경우에는 긍정적으로 표현되는 경우가 많다. 다음의 예를 보자.</p> <p>“경험이 없는 인간은 성공하지 못한다. 그는 경험이 없다. 그러므로 그는 성공하지 못한다.\"</p> <p>위의 경우는<부정전제의 허위라고 할 수가 없고, 다음과 같이 고칠 수 있다.</p> <p>\"경험이 없는 인간은 성공하지 못하는 인간이다. 그는 경험이 없는 인간이다. 그러므로 그는 성공하지 못하는 인간이다.\"</p> <p>부칙 1: 양 전제가 모두 특칭이면 결론을 얻을 수 없다.</p> <p>그것이 모두 긍정인 경우에 전제에는 하나도 주연된 개념이 없는 것이 되고 또한 그 하나가 부정인 경우에는 부정판단의 P만 주연되고, 이것이 매개념으로 되지 않으면 안 된다.</p> <p>부칙 2 : 전제의 하나가 특칭이면 결론도 특칭이어야 한다.</p> <p>전제가 다 같이 긍정인 경우에는 주연되어 있는 개념은 전칭판단의 S뿐이고 이것이 매개념이 되어야만 하고, 그렇다면 결론의 S는 부주연의 개념을 쓰지 않을 수 없으므로 특칭판단이 된다.</p> <p>부칙 3 : 대전제가 특칭이고 또한 소전제가 부정이면, 결론을 얻을 수 없다.</p>",
                "context_length": 4547,
                "summary": "삼단논법은 하나의 결론과 두 개의 전제를 갖는 논증형식인데 이 중 전언적 판단만을 전제로 정언적 결론을 내리면 전언삼단논법이다. 정언삼단논법은 세 개의 명제와 세 개의 개념으로 이루어져 있는데 그 형식은 M-P (대전제) S-M (소전제) \\( \\therefore \\) S-P(결론) 이다. 정언삼단논법에서는 개념 S와 P가 동일한 3개념 M과 일치하면 S와 P도 일치한다.",
                "clue": [
                    {
                        "clue_text": "삼단논법은 하나의 결론과 두 개의 전제를 갖는 논증형식이라고 볼 수 있다.",
                        "clue_start": "99",
                        "clue_end": "140"
                    },
                    {
                        "clue_text": "삼단논법 중 정언적(categorical) 판단만을 전제로 하여 정언적 결론을 내리는 추리를 정언삼단논법이라 한다.",
                        "clue_start": "141",
                        "clue_end": "205"
                    },
                    {
                        "clue_text": "공리 1 : 두 개념(S와 P)이 동일한 제3개념(M)과 일치하는 경우에는 두 개념(S와 P)도 서로 일치한다.",
                        "clue_start": "2380",
                        "clue_end": "2442"
                    },
                    {
                        "clue_text": "공리 2 : 두 개념(S와 P) 중의 한 쪽이 동일한 제3개념(M)과 일치하고 다른 쪽이 일치하지 않을 경우에는 두 개념(S와 P)도 서로 일치하지 않는다.",
                        "clue_start": "2486",
                        "clue_end": "2573"
                    },
                    {
                        "clue_text": "공리 3 : 두 개념(S와 P)이 같이 동일한 제3개념(M)과 일치하지 않을 경우에는 두 개념(S와 P)은 일치하기도 하고 일치하지 않기도 하여 그 관계가 일정하지 않다.",
                        "clue_start": "2636",
                        "clue_end": "2731"
                    }
                ],
                "terminology": [
                    {
                        "word": "categorical"
                    },
                    {
                        "word": "major term"
                    },
                    {
                        "word": "middle term"
                    },
                    {
                        "word": "minor term"
                    },
                    {
                        "word": "predicate"
                    },
                    {
                        "word": "가언삼단논법"
                    },
                    {
                        "word": "가언판단"
                    },
                    {
                        "word": "공리"
                    },
                    {
                        "word": "대개념"
                    },
                    {
                        "word": "대명사"
                    },
                    {
                        "word": "대전제"
                    },
                    {
                        "word": "딜레마"
                    },
                    {
                        "word": "매개념"
                    },
                    {
                        "word": "부당긍정의 허위"
                    },
                    {
                        "word": "부당부정의 허위"
                    },
                    {
                        "word": "부정전제"
                    },
                    {
                        "word": "부정판단"
                    },
                    {
                        "word": "부주연"
                    },
                    {
                        "word": "부칙"
                    },
                    {
                        "word": "빈개념"
                    },
                    {
                        "word": "삼단논법"
                    },
                    {
                        "word": "선언삼단논법"
                    },
                    {
                        "word": "선언판단"
                    },
                    {
                        "word": "소개념"
                    },
                    {
                        "word": "소명사"
                    },
                    {
                        "word": "소전제"
                    },
                    {
                        "word": "연역법"
                    },
                    {
                        "word": "외연"
                    },
                    {
                        "word": "전칭"
                    },
                    {
                        "word": "전칭판단"
                    },
                    {
                        "word": "정언삼단논법"
                    },
                    {
                        "word": "정언적"
                    },
                    {
                        "word": "주연"
                    },
                    {
                        "word": "중개념"
                    },
                    {
                        "word": "추론"
                    },
                    {
                        "word": "특칭"
                    },
                    {
                        "word": "특칭판단"
                    }
                ]
            },
            {
                "context_id": "55e-0c9-merge_2_96aba9d6-1cd2ab4c-efec-4a41-9586-0b7d0cd43eaf_07",
                "context_K-NSCC": {
                    "field": "자연",
                    "large_category": "NA",
                    "medium_category": "01"
                },
                "context": "<h1>9.4 선언삼단논법</h1> <p>선언판단을 기초로 한 삼단논법으로 선언판단을 대전제로 하고 그 선언지 가운데 어느 것을 긍정 또는 부정하는 정언판단을 소전제로 하여 결론을 이끌어낸다.</p> <p>두 개 이상의 정언명제가 접속사 “혹은“에 의해 연결되어 있는 복합명제를<선언명제>라고 한다. 선언명제에서 \"혹은“에 의해 연결되어 있는 각 부분들은 선언지라고 말한다.</p> <p> <선언삼단논법(disjunctive syllogism)>의 형식은 크게 둘로 나눌 수 있는데, 첫째는 대전제의 선언지 중 어느 것을 소전제에서 긍정하고 나머지 선언지를 결론에서 부정하는 형태를 취하는 긍정적 부정식이며, 둘째는 대전제의 선언지 중 어느 것을 소전제에서 부정하고 나머지 선언지를 결론에서 긍정하는 형태를 취하는 부정적 긍정식이 있다. 선언삼단논법은 다음의 형식을 취하는 논법이다.</p> <p>\"A 또는 B이다. A는 아니다. 그러므로 B이다.”</p> <h2>1) 긍정적 부정식의 형식</h2> <p>\"A는 B이거나 C이다. 그리고 A는 B이다. 그러므로 A는 C가 아니다.</p> <p>이 경우는 대전제의 선언지 가운데 어느 하나를 소전제에서 긍정함으로써 성립한다. 예를 들어보자.</p> <p>\"그 사람은 남자이거나 여자다. 그 사람은 남자다. 그러므로 그 사람은 여자가 아니다.\"</p> <h2>2) 긍정적 긍정식의 형식</h2> <p>\"A는 B이거나 C이다. 그리고 A는 B가 아니다. 그러므로 A는 C이다.\"</p> <p>이 경우는 대전제의 선언지 가운데 어느 하나를 소전제에서 부정함으로써 성립한다. 예를 들어보자.</p> <p>\"저 소는 암놈이거나 수놈이다. 저 소는 암놈이 아니다. 그러므로 저 소는 수놈이다.\"</p> <p> <외나무다리에서 만난 염소></p> <p>어느 날 흰 염소와 검은 염소 두 마리가 외나무다리에서 만났다. 원래부터 사이가 좋지 않은 그들은 서로 제 갈 길이 바쁘다고 버티면서 길을 비켜 주지 않았다.</p> <p>흰 염소는 \"내가 먼저 건너갈 테니 넌 되돌아갔다가 다시 건너 와\" 하고 호통을 쳤다.</p> <p>검은 염소는 \"너나 되돌아갔다가 다시 건너오렴. 난 볼일이 바빠서 지체할 수 없어\" 하고 꼼짝도 하지 않았다.</p> <p>다리목에서 이 광경을 바라보던 늙은 염소는 혹은 흰 염소가 양보하거나 혹은 검은 염소가 양보하거나 혹은 둘 다 양보하지 않을 것이다! 라고 판단했다.</p> <h1>9.5 딜레마</h1> <p>딜레마(dilemma)는 가언명제와 선언명제가 혼합된 삼단논법이다. 즉 대전제가 두 개의 가언판단이 연결되어 구성되고 소전제는 대전제의 두 전건을 선언적으로 긍정하거나 후건을 선언적으로 부정하거나 하여 결론을 이끌어낸다.</p> <p>이 경우 결론이 정언적인가 혹은 선언적인가에 따라 단순과 복잡으로 구분되며, 소전제가 긍정적인가 혹은 부정적인가에 따라 구성과 파괴로 구분된다.</p> <h2>1) 단순 구성적 딜레마의 형식</h2> <p>\"A이면 B이다. C이면 B이다. A이든가, C이든가다. 따라서 B이다.\"</p> <p>다음의 예를 보자.</p> <p>\"정상에 오르기 위해서 A코스를 택하면 약 5 시간이 소요된다. 정상에 오르기 위해서 B코스를 택하면 약 5시간이 소요된다. 그런데 정상에 오르기 위해서는 A코스를 택하든가, B코스를 택하든가다. 따라서 정상에 오르려면 약 5 시간이 소요된다.\"</p> <h2>2) 단순 파괴적 딜레마의 형식</h2> <p>\"A이면 B이다. A이면 C이다. B가 아니든가, C가 아니든가다. 따라서 A가 아니다.\"</p> <p>다음의 예를 보자.</p> <p>\"그 아기가 급성뇌막염에 걸렸다면, 그는 고열에 시달릴 것이다. 그 아기가 급성뇌막염에 걸렸다면, 그는 구토 증세를 보일 것이다. 그런데 그 아기는 고열에 시달리지 않으며, 구토 증세를 보이지도 않는다. 따라서 그 아기는 급성뇌막염에 걸린 것이 아니다.\"</p> <h2>3) 복잡 구성적 딜레마의 형식</h2> <p>\"A이면 B이다. C이면 D이다. A이든가, C이든가다. 따라서 B이든가, D이든가다.\"</p> <p>다음의 예를 보자.</p> <p>\"남대문 도매시장에 가서 장을 보면, 돈을 절약할 수 있다. 집 앞의 상가에서 장을 보면, 시간을 절약할 수 있다. 남대문 도매시장에 가서 장을 보든가, 집 앞의 상가에서 장을 보든가다. 따라서 돈을 절약하든가, 시간을 절약하든가다.\"</p> <h3>4) 복잡 파괴적 딜레마의 형식</h3> <p>\"A이면 B이다. C이면 D이다. B가 아니거나, D가 아니거나이다. 따라서 A가 아니거나, C가 아니거나이다.\"</p> <p>다음의 예를 보자.</p> <p>\"남대문 도매시장에 가서 장을 보면, 돈을 절약할 수 있다. 집 앞의 상가에서 장을 보면, 시간을 절약할 수 있다. 돈을 절약하지 않든가, 시간을 절약하지 않든가다. 따라서 남대문 도매시장에 가서 장을 보러가지 않든가, 집 앞의 상가에서 장을 보러가지 않든가다.\"</p>",
                "context_length": 2437,
                "summary": "선언판단을 기초로 한 삼단논법으로 선언판단을 대전제로 하고 그 선언지 가운데 어느 것을 긍정 또는 부정하는 정언판단을 소전제로 하여 결론을 이끌어내는 선언삼단논법의 형식은 크게 둘로 나눌 수 있는데, 첫째는 대전제의 선언지 중 어느 것을 소전제에서 긍정하고 나머지 선언지를 결론에서 부정하는 형태를 취하는 긍정적 부정식이며, 둘째는 대전제의 선언지 중 어느 것을 소전제에서 부정하고 나머지 선언지를 결론에서 긍정하는 형태를 취하는 부정적 긍정식이 있다.",
                "clue": [
                    {
                        "clue_text": "선언판단을 기초로 한 삼단논법으로 선언판단을 대전제로 하고 그 선언지 가운데 어느 것을 긍정 또는 부정하는 정언판단을 소전제로 하여 결론을 이끌어낸다.",
                        "clue_start": "23",
                        "clue_end": "107"
                    },
                    {
                        "clue_text": "<선언삼단논법(disjunctive syllogism)>의 형식은 크게 둘로 나눌 수 있는데, 첫째는 대전제의 선언지 중 어느 것을 소전제에서 긍정하고 나머지 선언지를 결론에서 부정하는 형태를 취하는 긍정적 부정식이며, 둘째는 대전제의 선언지 중 어느 것을 소전제에서 부정하고 나머지 선언지를 결론에서 긍정하는 형태를 취하는 부정적 긍정식이 있다.",
                        "clue_start": "218",
                        "clue_end": "412"
                    }
                ],
                "terminology": [
                    {
                        "word": "가언판단"
                    },
                    {
                        "word": "구성적 딜레마"
                    },
                    {
                        "word": "딜레마"
                    },
                    {
                        "word": "복합명제"
                    },
                    {
                        "word": "삼단논법"
                    },
                    {
                        "word": "선언명제"
                    },
                    {
                        "word": "선언삼단논법"
                    },
                    {
                        "word": "선언판단"
                    },
                    {
                        "word": "소전제"
                    },
                    {
                        "word": "정언명제"
                    }
                ]
            },
            {
                "context_id": "55e-0c9-merge_2_96aba9d6-1cd2ab4c-efec-4a41-9586-0b7d0cd43eaf_01",
                "context_K-NSCC": {
                    "field": "자연",
                    "large_category": "NA",
                    "medium_category": "01"
                },
                "context": "<p>\"이 책상은 갈색이다.\"</p> <p>이 책상은 주어이며, 갈색은 술어이고, \" \\( \\cdots \\)은 \\( \\cdots \\)이다.\"는 연결어가 된다. 주어는 다른 말로 주사 또는 주개념이라고 하며, 술어는 다른 말로 빈사 또는 빈개념이라고 한다. 연결어는 다른 말로 계사(copula)라고 한다.</p> <p>전통적 논리학에서 다루는 판단 내지 명제의 종류는 다음과 같이 정리할 수 있다.</p> <p>정언삼단논법이란 두 전제와 결론 모두가 정언명제인 경우를 말한다. 가언삼단논법은 “만일 A라면 B이다. A이다. 그러므로 B이다.”라는 형식을 취하는 논법이다. 선언삼단논법은 “A 또는 B이다. A는 아니다. 그러므로 B다.”라는 형식을 취하는 논법이다. 그러나 가언삼단논법과 선언삼단논법은 결국 정언삼단논법에 귀착한다는 것이 전통논리학의 입장이다.</p> <p> <정언명제>란 “모든 남성은 동물이다.”와 같이 하나의 주개념과 하나의 빈개념으로 이루어진 명제로서 빈개념이 주개념을 전체적으로나 부분적으로 긍정하거나 부정하는 명제이다. 예를 들어 \"어떤 과학자는 여성이다.\" \"어떤 정치가는 거짓말쟁이가 아니다.\" 이러한 명제는 질과 양으로 구분한다.</p> <p>앞에서 소개했던 명제의 양과 질에 대해 다시 한 번 간단히 설명해보겠다.</p> <h2>1) 명제의 질</h2> <p>명제의 질은 주개념과 빈개념의 일치여부를 나타내주며, 둘이 일치하여 \" \\( \\cdots \\)이다.\"로 나타낸다. 빈개념이 주개념을 긍정하는지 혹은 부정하는지에 따라서 명제의 질은 긍정(affirmative)과 부정(negative)으로 구분된다.</p> <p>\"모든 남성은 동물이다.\" \"어떤 과학자는 여성이다.\"</p> <p>이와 같은 정언명제의 질은 긍정임을 알 수 있다. 이와 대조적으로</p> <p>“모든 고양이는 참새가 아니다.” \"어떤 정치가는 거짓말쟁이가 아니다.\"</p> <p>이와 같은 정언명제의 질은 부정이다. 주개념과 빈개념 사이의 관계를 나타내주는 정언명제의 구성요소를 계사(copula)라고 하는데, 계사는 대체로 “~이다.”와 “~이 아니다.”의 형태를 갖는다.</p> <h2>2) 명제의 양</h2> <p>명제의 양이란 명제의 주장내용이 빈개념의 주개념에 대한 언명이 전체적인가 혹은 부분적인가에 따라 명제의 양은 전칭(universal)과 특칭(particular)으로 구분한다.</p> <p>\"모든 남성은 동물이다.\" \"모든 고양이는 참새가 아니다.\"</p> <p>이와 같은 경우는 전칭의 양을 갖는다. 이에 비해서</p> <p>“어떤 과학자는 여성이다.\" \"어떤 정치가는 거짓말쟁이가 아니다.\"</p> <p>이런 경우는 특칭의 양을 갖는다. 이와 같은 명제의 양을 알려주는 정언명제의 구성요소를 양화사라고 한다. 양화사는 \"어떤~\"과 “모든~\"이 대표적이다. “어떤~\"은 최소한 하나 이상이라는 의미를 갖는다.</p> <p>이와 관련하여 페아노는 모든 논리적 명제를 일곱 개의 기본 기호로 공식화함으로써 논리학이 좀 더 멋있게 보이도록 하였다.</p> <p>이 논리 기호들의 처음 다섯 가지는<연결사>라고 하고, 마지막 두 개는<양화사>라고 불린다. 이 일곱 개의 기본 논리 기호들을 사용하는 명제들을 다루는 것을<술어계산(predicate calculus)>이라고 한다.</p>",
                "context_length": 1627,
                "summary": "전통적 논리학은 가언삼단논법과 선언삼단논법은 정언삼단논법에 귀착한다는 입장이다. 그 중 정언삼단논법이란 전제와 결론이 모두 정언명제인 경우를 말하고 하나의 주개념과 하나의 빈개념으로 이루어진 정언명제는 질과 양으로 구분한다. 명제의 질은 긍정과 부정으로 구분하고 명제의 양은 전징과 특칭으로 구분한다.",
                "clue": [
                    {
                        "clue_text": "주어는 다른 말로 주사 또는 주개념이라고 하며, 술어는 다른 말로 빈사 또는 빈개념이라고 한다.",
                        "clue_start": "89",
                        "clue_end": "142"
                    },
                    {
                        "clue_text": "정언삼단논법이란 두 전제와 결론 모두가 정언명제인 경우를 말한다.",
                        "clue_start": "230",
                        "clue_end": "266"
                    },
                    {
                        "clue_text": " 가언삼단논법은 “만일 A라면 B이다. A이다. 그러므로 B이다.”라는 형식을 취하는 논법이다.",
                        "clue_start": "266",
                        "clue_end": "319"
                    },
                    {
                        "clue_text": "<정언명제>란 “모든 남성은 동물이다.”와 같이 하나의 주개념과 하나의 빈개념으로 이루어진 명제로서 빈개념이 주개념을 전체적으로나 부분적으로 긍정하거나 부정하는 명제이다.",
                        "clue_start": "434",
                        "clue_end": "529"
                    },
                    {
                        "clue_text": "이 일곱 개의 기본 논리 기호들을 사용하는 명제들을 다루는 것을<술어계산(predicate calculus)>이라고 한다.",
                        "clue_start": "1555",
                        "clue_end": "1623"
                    }
                ],
                "terminology": [
                    {
                        "word": "가언삼단논법"
                    },
                    {
                        "word": "계사"
                    },
                    {
                        "word": "귀착"
                    },
                    {
                        "word": "논리학"
                    },
                    {
                        "word": "선언삼단논법"
                    },
                    {
                        "word": "양화사"
                    },
                    {
                        "word": "언명"
                    },
                    {
                        "word": "연결어"
                    },
                    {
                        "word": "전칭"
                    },
                    {
                        "word": "전통적 논리학"
                    },
                    {
                        "word": "정언명제"
                    },
                    {
                        "word": "정언삼단논법"
                    },
                    {
                        "word": "주장내용"
                    },
                    {
                        "word": "특칭"
                    }
                ]
            },
            {
                "context_id": "55e-0c9-merge_2_96aba9d6-1cd2ab4c-efec-4a41-9586-0b7d0cd43eaf_00",
                "context_K-NSCC": {
                    "field": "자연",
                    "large_category": "NA",
                    "medium_category": "01"
                },
                "context": "<p>우리들은 일생생활을 하면서 삼단논법이라는 말을 자주 듣고 쓰고 있다. 특히 논리학에서 수학에서 이론적인 체계를 언급한다. 여기서 삼단논법의 개념이 무엇이며, 표준형식 정언명제의 틀은 어떻게 되어 있으며, 정언삼단논법이란 어떻게 전개되는 것이며, 삼단논법의 오류란 어떻게 이해를 해야 되는가를 정리한다.</p> <h1>9.1 삼단논법의 개념</h1> <p>우리들은 일생생활을 하면서 삼단논법이라는 말을 자주 듣고 쓰고 있다. 특히 논리학에서 수학에서 이론적인 체계를 언급한다. 여기서 삼단논법의 개념이 무엇이며, 표준형식 정언명제의 틀은 어떻게 되어 있으며, 정언삼단논법이란 어떻게 전개되는 것이며, 삼단논법의 오류란 어떻게 이해를 해야 되는가를 정리한다.</p> <p>한 개의 판단 또는 두 개 이상의 판단에서 새로운 판단을 도출하는 것이 추리(inference)이다. 추리가 언어로 표현되었을 때 그것은 논증이 된다. 그리고 도출의 이유로서 주어진 판단이 전제(premises)이며, 이것을 토대로 새로이 도출된 새로운 판단을 결론(conclusion)이라고 한다. 전제와 결론을 연결시켜주는 말을 연결어라고 한다. 여기서 언급된 전제와 결론은 추리의 두 가지 요소가 된다.</p> <p>전통적 논리학에서 전제로 되는 판단이 1 개인 경우를<직접추리>라고 하고, 그것이 2 개 이상인 경우를<간접추리>라고 한다. 간접추리 중 전제가 2 개인 것을 새로 얻어진 결론으로서의 판단을 더해서 3 개의 판단으로 이루어져 있기 때문에<삼단논법>이라고 한다.</p> <p>삼단논법(syllogism; syllogismus)이라는 말을 우리들은 생활하는 중에 자주 이야기하는데, 과연 삼단논법이라는 진정한 의미는 무엇일끼? 아리스토텔레스가 그 이론적 기초를 이루었으며, 2 개의 전제와 1 개의 결론으로 형성된다. 삼단논법은 그 전제의 성격에 따라 정언삼단논법, 가언삼단논법, 선언삼단논법으로 구분한다. 일반적으로 정언삼단논법을 삼단논법이라고 한다. 보통 소크라테스의 삼단논법을 흔히 이야기한다.</p> <p>\"모든 사람은 죽는다. (대전제) 소크라테스는 사람이다. (소전제) 그러므로 소크라테스는 죽는다. (결론)\"</p> <p>삼단논법이란 두 개의 전제와 하나의 결론으로 이루어진 논증을 말한다. 즉 A = B, B=B이면, A=C이다. 이것이 전통적 논리학에서 전형적인 추리법이며 정언삼단논법이라고 한다. 보통 삼단논법이라고 말할 때는 정언삼단논법을 의미한다.</p> <p> <명제(proposition)>란 어떤 문제에 대한 하나의 논리적 판단이며 내용과 주장을 언어 또는 기호로 표시한 것이다. 즉 참과 거짓을 판단할 수 있는 문장이나 식을 명제라고 한다. 명제에는 참인 명제와 거짓인 명제가 있다.</p> <p>“3은 O보다 크다.\" (참인 명제) \" \\( |-5|=-5 \\)\" (거짓인 명제)</p> <p>명제가 성립되기 위해서는 판단의 대상이 되는 주어(S: subject)와 그 대상을 이러저러하다고 규정하여 표현해주는 술어(P: predicate) 그리고 이 둘을 이어줄 연결어가 필요하다. 다음의 예를 보자.</p>",
                "context_length": 1528,
                "summary": "삼단논법은 일반적으로 아리스토텔레스가 기초를 이루었으며, 두 개의 전제와 한 개의 결론으로 구성된 추론법을 지칭한다. 이는 전제의 종류에 따라 정언삼단논법, 가언삼단논법, 선언삼단논법으로 나뉘며, 보통 삼단논법이라 하면 정언삼단논법을 가리킨다.",
                "clue": [
                    {
                        "clue_text": "삼단논법(syllogism; syllogismus)이라는 말을 우리들은 생활하는 중에 자주 이야기하는데, 과연 삼단논법이라는 진정한 의미는 무엇일끼? 아리스토텔레스가 그 이론적 기초를 이루었으며, 2 개의 전제와 1 개의 결론으로 형성된다.",
                        "clue_start": "766",
                        "clue_end": "900"
                    },
                    {
                        "clue_text": "삼단논법은 그 전제의 성격에 따라 정언삼단논법, 가언삼단논법, 선언삼단논법으로 구분한다.",
                        "clue_start": "901",
                        "clue_end": "950"
                    },
                    {
                        "clue_text": "일반적으로 정언삼단논법을 삼단논법이라고 한다.",
                        "clue_start": "951",
                        "clue_end": "976"
                    }
                ],
                "terminology": [
                    {
                        "word": "가언삼단논법"
                    },
                    {
                        "word": "간접추리"
                    },
                    {
                        "word": "결론(conclusion)"
                    },
                    {
                        "word": "논리학"
                    },
                    {
                        "word": "대전제"
                    },
                    {
                        "word": "명제(proposition)"
                    },
                    {
                        "word": "삼단논법"
                    },
                    {
                        "word": "선언삼단논법"
                    },
                    {
                        "word": "소전제"
                    },
                    {
                        "word": "술어(P: predicate)"
                    },
                    {
                        "word": "연결어"
                    },
                    {
                        "word": "전제(premises)"
                    },
                    {
                        "word": "전통적 논리학"
                    },
                    {
                        "word": "정언삼단논법"
                    },
                    {
                        "word": "주어(S: subject)"
                    },
                    {
                        "word": "직접추리"
                    },
                    {
                        "word": "추리(inference)"
                    },
                    {
                        "word": "표준형식 정언명제"
                    }
                ]
            },
            {
                "context_id": "55e-0c9-a97cf28d-c2d5-45ea-b22c-619e68a190b0",
                "context_K-NSCC": {
                    "field": "자연",
                    "large_category": "NA",
                    "medium_category": "01"
                },
                "context": "<h1>9.6 정언삼단논법의 원칙과 오류</h1> <p>다음은 삼단논법에 대한 오류의 예이다.</p> <p> <암에 대한 일반적인 생각, 삼단논법></p> <p>1994년 공립 캔버라 종합병원에 부임한 나는 새로운 병원에 빨리 익숙해지기 위해 여러 모로 노력했다. 하지만 가장 먼저 한 일은 평소에 해온 것처럼 외과의 입원기록을 조사하는 것이었다. 역시 암환자가 많았다. 여러 병명의 외과환자가 입원하고 있었지만, 그 가운데 암환자가 가장 많다는 사실은 거의 알려져 있지 않다.</p> <p>하지만 대학병원과 암센터는 물론이고 지방병원까지 외과에 입원하고 있는 환자들은 대부분이 암환자이다. 수술이 필요한 병의 치료는 의학의 진보와 함께 발전해 왔지만, 암은 여전히 외과의 가장 큰 과제로 남아 있다. 그리고 이것은 앞으로도 당분간은 계속될 것이다. 아무튼 입원 기록을 조사하고 있던 나는 무심코 어떤 환자의 진료기록 카드에 눈이 머물렀다.</p> <p>‘초진한 날에 입원, 며칠 후에 암으로 사망.'이 짧은 기록으로 알 수 있는 건 많지 않다. 하지만 이 기록대로라면 자금까지 많은 암환자를 보아온 나로서도 어처구니없다는 생각이 드는 입원 경력이다. 뭔가 잘못 기록한 것이 아닌가하는 생각이 들 정도였다.</p> <p>\"그 환자는 악성 흉막염(가슴으로 암이 전이된 것) 때문에 입원하기 반년 전부터 좌기호흡(호흡곤란으로 밤에도 눕지 못하는 상태)을 해왔다고 합니다. 병원을 찾아왔을 때에는 이미 효과적인 치료 방법이 없는 상태였지요.\"</p> <p>카드를 보면서 놀라는 나에게 그 환자를 담당했던 젊은 의사가 이렇게 설명하였다.</p> <p>\"이 지역에는 종합검진을 통해 암을 조기에 발견하는 경우도 가끔 있지만, 반대로 증상이 나타났는데도 병원을 찾지 않아 이 환자처럼 어찌해볼 도리가 없는 경우도 적지 않습니다.\"</p> <p>암을 완치한 환자들의 명단은 외과의에게 용기를 준다. 그러나 암이 상당히 진행된 후에야 병원을 찾는 환자가 적지 않다는 현실은 나뿐만 아니라 모든 의사들을 우울하게 만든다. 의료가 진보함에 따라 국민들의 암에 대한 지식도 풍부해지고 의료복지도 충실해졌다고 생각하였는데, 일본의 현실은 이렇게 뒤떨어져 있다니!</p> <p>지난해 어느 유명 연기자가 위암수술을 두 번이나 받고서도 사망했다는 보도가 있자, 여러 병원의 외과에서 약간의 소동이 일어났다. 검사에서 아무런 이상을 발견하지 못하여 암이 아니라고 통보하여도, 이를 받아들이지 않고 다른 검사를 희망하는 환자들이 늘어났기 때문이다.</p> <p>심지어 한 환자는 수술 전에 그 수술에 대해 설명하는데, \"좀 더 넓게 암 주변 조직을 넓게 한꺼번에 떼어내도 상관없지 않느냐?\"고 전문용어를 써가며 묻기도 했다.</p> <p>이 일로 해서 부정확한 보도의 영향을 새삼스럽게 느끼게 되었다. 그리고 동시에 암환자가 자신의 치료에 대해 어떤 생각을 갖고 있는지도 알게 되었다.</p> <p>그러나 이런 적극적인 사람들은 아직 소수이고, 대부분의 사람들은 암을 다음과 같은 삼단논법으로 생각하고 있다.</p> <p>\"암은 죽음의 병이다. 그러나 나는 아직 죽어서는 안 되며, 죽을 리도 없다. 그러므로 나는 아직 암에 걸려서는 안 되고, 암에 걸릴 리도 없다.\"</p> <p>그러나 이 삼단논법이 환자들의 암 치료를 늦추고 있다. 왜냐하면 이 삼단논법에는 두 가지 큰 잘못이 있기 때문이다. 하나는 암은 더 이상 죽는 병이 아니라는 점이고, 다른 하나는 암은 아주 흔한 병이며, 누구든 언제라도 암에 걸릴 수 있다는 점이다. 정말 뜻밖이라고 생각될 것이다. 하지만 이것은 사실이다.</p> <p>정언삼단논법의 원칙과 오류는 다음과 같이 정리할 수 있다.</p> <p>원칙 1 : 정언삼단논법은 반드시 세 개의 개념을 가져야 하고, 그 개념은 논증 전체에서 동일한 의미로 사용되어야 한다.</p> <p>만약 어떤 정언삼단논법이 세 개 이상의 개념을 포함한다면, 이 삼단논법은 오류를 범하게 된다. 매개념은 대개념과 소개념을 연결시키는 중요한 역할을 하기 때문에 의미가 명확해야 한다. 그럼에도 불구하고 매개념이 다의적이라면, 전제로부터 결론을 도출할 수 없기 때문에<애매한 매개념의 오류>를 범하게 된다.</p> <p>원칙 2 : 정언삼단논법은 세 개의 명제만을 갖는다.</p> <p>세 개 이상의 명제로 이루어진 논증은 두 개 이상의 정언삼단논법의 복합이다. 두 개의 명제로 이루어진 논증은 한 명제가 생략된<생략삼단논법>이다. 둘 이상의 샴단논법으로 구성된 삼단논법의 변형은<연쇄삼단논법>이라고 불린다.</p> <p> <연쇄삼단논법은 대개의 경우, 한 삼단논법의 결론을 다른 삼단논법의 전제로 삼는다. 명제들 중 하나가 생략된 삼단논법을<생략삼단논법>이라고 말한다.<생략삼단논법>에서 생략된 명제는 전제들 중 하나일 수도 있고 결론일 수도 있다. 다음의 예를 보자.</p> <p>“휘발유의 공급이 부족하기 때문에 휘발유의 값이 오른다.”</p> <p>이 삼단논법에서 생략된 전제를 찾아 다시 정리하면 다음과 같다.</p> <p>“물건의 공급이 부족하면 그 물건의 값은 오른다. 휘발유의 공급이 부족하다. 그러므로 휘발유의 값이 오른다.\"</p> <p>원칙 3 : 매개념은 적어도 한 번은 주연되어야 한다.</p> <p>만약 매개념이 한 번도 주연되지 않는다면,<매개념 부주연의 오류>를 범하게 된다.</p> <p>원칙 4: 전제에서 부주연인 개념을 결론에서 주연시키면 안 된다.</p> <p>만약 전제에서 부주연인 개념을 결론에서 주연시킨다면,<부당주연의 오류>를 범하게 된다. 대개념을 부당하게 주연시키면<대개념 부당주연의 오류>를, 소개념을 부당하게 주연시키면<소개념 부당주연의 오류>를 범하게 된다.</p> <p>원칙 5 : 전제가 모두 부정일 때는 결론을 도출할 수 없다.</p> <p>두 전제가 모두가 부정일 경우,<양 부정(전제)의 오류>를 범하게 된다.</p> <p>원칙 6 : 전제가 모두 긍정일 때는 결론도 긍정이어야 한다.</p> <p>만약 전제가 모두 긍정임에도 불구하고 부정인 결론을 도출한다면<부당부정의 오류>를 범하게 된다.</p> <p>원칙 7 : 전제 중 하나가 부정이면 결론도 부정이어야 한다.</p> <p>만약 전제 중 하나가 부정임에도 불구하고 긍정인 결론을 도출한다면<부당긍정의 오류>를 범하게 된다.</p> <p>원칙 8: 전제가 모두 특칭일 때는 결론을 도출할 수 없다.</p> <p>만약 두 전제가 모두 특칭이라면<양 특칭(전제)의 오류>를 범하게 된다.</p> <p>원칙 9 : 전제 중 하나가 특칭이면 결론도 특칭이어야 한다.</p> <p>만약 전제 중 하나가 특칭임에도 불구하고 전칭인 결론을 도출한다면,<부당전칭의 오류>를 범하게 된다.</p> <p>원칙 10: 대전제가 특칭이고 소전제가 부정이면 결론을 도출할 수 없다.</p> <p>이 원칙은 여타의 원칙들의 귀결이다. 소전제가 부정이므로 결론도 부정이고 따라서 결론의 술어, 즉 결론의 대개념은 주연된다. 대개념 부주연의 오류를 범하지 않으려면, 대전제의 대개념은 주연되어야 한다. 대전제가 특칭이므로 대개념은 대전제의 술어자리에 있어야 하고 대전제는 부정이어야 한다. 그러면<양 부정(전제)의 오류>를 범하게 된다.</p> <p>원칙 11 : 전제가 모두 전칭일 때는 특칭의 결론을 도출할 수 없다.</p> <p>만약 두 전제가 모두 전칭임에도 불구하고 특칭인 결론을 도출한다면<존재가정의 오류>를 범하게 된다. 이 원칙은 현대논리학에서 부가된 원칙이다. 전통적인 아리스토텔레스 논리학에서는 이 원칙을 인정하지 않으며, 따라서 전통적인 아리스토텔레스 논리학에서는<존재가정의 오류>가 없다.</p> <p>아리스토텔레스는 모든 명제가 전칭이면서 타당한 삼단논법의 결론의 양을 대소대당관계에 의해 특칭으로 바꾼 것을 부식이라는 명칭으로 불렀으며, 부식은 원식의 타당성에 의해 타당한 논증으로 간주했다.</p> <p>그러나 존재함축에 대한 부울의 해석에 의해 양 축소대당이 인정되지 않게 됨으로써 부식의 타당성은 부정되었다.</p>",
                "context_length": 3925,
                "summary": "정언삼단논법의 원칙과 오류는 다음과 같이 원칙 1에서 원칙 11까지 총 11개로 정리할 수 있다. 간단히 예를 들면, 원칙 1은 정언삼단논법은 반드시 개념 세 개를 갖고, 그 개념을 논증 전체에서 동일한 의미로 사용해야 한다는 것이며, 만일 매개념이 다의적이라면, 전제에서 도출할 결론이 없기 때문에<애매한 매개념의 오류>를 범하게 된다. 또 하나 예를 들어 원칙 11은 전제가 모두 전칭일 때는 특칭의 결론을 도출할 수 없다는 것으로 만약 두 전제가 모두 전칭인데도 특칭인 결론을 도출한다면<존재가정의 오류>를 범하게 된다.",
                "clue": [
                    {
                        "clue_text": "정언삼단논법의 원칙과 오류는 다음과 같이 정리할 수 있다.",
                        "clue_start": "1777",
                        "clue_end": "1809"
                    },
                    {
                        "clue_text": "원칙 1 : 정언삼단논법은 반드시 세 개의 개념을 가져야 하고, 그 개념은 논증 전체에서 동일한 의미로 사용되어야 한다.",
                        "clue_start": "1817",
                        "clue_end": "1884"
                    },
                    {
                        "clue_text": "원칙 11 : 전제가 모두 전칭일 때는 특칭의 결론을 도출할 수 없다.",
                        "clue_start": "3536",
                        "clue_end": "3575"
                    },
                    {
                        "clue_text": "그럼에도 불구하고 매개념이 다의적이라면, 전제로부터 결론을 도출할 수 없기 때문에<애매한 매개념의 오류>를 범하게 된다.",
                        "clue_start": "1994",
                        "clue_end": "2061"
                    },
                    {
                        "clue_text": "만약 두 전제가 모두 전칭임에도 불구하고 특칭인 결론을 도출한다면<존재가정의 오류>를 범하게 된다.",
                        "clue_start": "3583",
                        "clue_end": "3638"
                    }
                ],
                "terminology": [
                    {
                        "word": "논리학"
                    },
                    {
                        "word": "대개념"
                    },
                    {
                        "word": "대소대당관계"
                    },
                    {
                        "word": "대전제"
                    },
                    {
                        "word": "매개념"
                    },
                    {
                        "word": "부당주연의 오류"
                    },
                    {
                        "word": "부울의 해석"
                    },
                    {
                        "word": "부주연"
                    },
                    {
                        "word": "삼단논법"
                    },
                    {
                        "word": "생략삼단논법"
                    },
                    {
                        "word": "소개념"
                    },
                    {
                        "word": "소전제"
                    },
                    {
                        "word": "아리스토텔레스 논리학"
                    },
                    {
                        "word": "악성 흉막염"
                    },
                    {
                        "word": "연쇄삼단논법"
                    },
                    {
                        "word": "원식"
                    },
                    {
                        "word": "전이"
                    },
                    {
                        "word": "전칭"
                    },
                    {
                        "word": "정언삼단논법"
                    },
                    {
                        "word": "존재함축"
                    },
                    {
                        "word": "축소대당"
                    }
                ]
            },
            {
                "context_id": "55e-0c9-ccfe61c6-5ef6-4e79-bdd9-575b4d396fcf",
                "context_K-NSCC": {
                    "field": "자연",
                    "large_category": "NA",
                    "medium_category": "01"
                },
                "context": "<h1>9.3 가언삼단논법</h1> <p>가언삼단논법(hypothetical syllogism)은 가언명제로 만들어진 삼단논법을 의미한다. 가언명제란 두 개의 정언명제가 “만일 \\( \\cdots \\) 이라면(if \\( \\cdots \\) then)”이라는 접속사에 의해 결합된 복합명제이다. 가언명제에 있어서 “만일”에 의해 이끌려지는 명제를 전건(antecedent)이라고 하고 그 뒤의 명제를 후건(consequent)이라고 한다. 즉 가언삼단논법은 대전제가 가언명제이고 소전제와 결론이 정언명제로 구성되어 있는 추리를 말한다. 이것을<혼합가언삼단논법>이라고도 한다. 이러한 추리에 타당성을 부여할 수 있기 위해서는 다음과 같은 것에 유의해야 한다.</p> <p>규칙 1 : 대전제의 전건이 소전제에서 긍정되고 후건이 결론에서 긍정되어야 한다.</p> <p>“만일 A이면, B이다. A이다. 그러므로 B이다.\"</p> <p>다음의 예를 보자.</p> <p>“철에 열을 가하면 팽창한다. 철에 열을 가하였다. 그러므로 철은 팽창한다.\"</p> <p>규칙 2: 대전제의 후건이 소전제에서 부정되고 전건이 결론에서 부정되어야 한다.</p> <p>“만일 A이면, B이다. B가 아니다. 그러므로 A가 아니다.\"</p> <p>이러한 두 가지 규칙은 가언명제의 본성으로부터 귀결하는 규칙이다. 가언명제에서는 전건이 후건의 조건 또는 근거로 되지만, 반드시 유일한 근거 또는 조건이 되는 것은 아니다.</p> <p>이러한 가언삼단논법의 종류는 크게 두 가지가 있는데, 대전제만이 가언판단이고 다른 것은 정언판단인 삼단논법을<혼합가언삼단논법>또는<반가언삼단논법>이라고 하고, 전부가 가언판단을 이루고 있는 삼단논법을<순수가언삼단논법>또는<전가언삼단논법>이라고 한다.</p> <h2>1) 반가언삼단논법</h2> <p>이것은 하나의 가언명제와 두 개의 정언명제로 구성된 삼단논법을 말한다. 이때 하나의 가언명제는 대전제로 쓰인다. 반가언삼단논법은 긍정식과 부정식이 있다.</p> <p>긍정식은 대전제의 전건을 소전제에서 긍정하여 결론에서 대전제의 후건을 긍정하는 가언삼단논법이다.</p> <p>부정식은 대전제의 후건을 소전제에서 부정하여 결론에서 대전제의 전건을 부정하는 가언삼단논법이다.</p> <h3>(1) 전건 긍정의 형식</h3> <p>\"A이면 B이고, A이다. 그러므로 B이다.\"</p> <p>가언판단은 원래 전건이 충족되면 후건도 충족되는 필연적인 관계에 있으므로 전건을 긍정하면 후건도 긍정된다. 예를 들면 다음과 같다.</p> <p>“비가 오면 강물이 많아진다. 비가 왔다. 그러므로 강물이 많아졌다.\"</p> <h3>(2) 전건 부정의 형식</h3> <p>\"A이면 B이고, A가 아니다. 그러므로 A가 아니다.\"</p> <p>이 경우 B는 전제에서 긍정판단의 빈개념으로 부주연된 것이 결론에서 부정판단의 빈개념으로 주연되므로<대개념 부당주연의 오류>를 범한다. 그러므로 전건 부정인 경우에 후건을 부정해서는 안 된다. 이를 위반하면<전건 부정의 오류>에 빠진다. 다음의 예를 보자.</p> <p>“통근차가 고장이 나면 지각한다. 고장이 나지 않았다. 그러므로 지각하지 않았다.\"</p> <p>이러한 결론은 잘못된 추리인데 전건이 후건에 대한 유일한 원인이 될 수 없다.</p> <h3>(3) 후건 긍정의 형식</h3> <p>\"A이면 B이다. 그리고 B이다. 그러므로 A이다.\"</p> <p>이 경우 두 전제가 모두 긍정이므로<매개념 부주연의 오류>를 범하게 된다. 따라서 후건을 긍정함으로써 전건을 긍정하여서는 안 된다. 이를 어기면<후건 긍정의 오류>에 빠진다. 예를 들면 다음과 같다.</p> <p>“교통사고가 나면 인명이 상한다. 인명이 상했다. 그러므로 교통사고가 났다.\"</p> <p>예의 결론은 잘못된 추리인데, 전건이 후건에 대한 유일한 이유가 될 수 없기 때문이다.</p> <p>\"비가 오면 땅이 젖는다. 땅이 젖지 않았다. 그러므로 비가 오지 안았다.\"</p> <p>\"만일 우주가 무한히 오래되었다면, 우주에 수소가 전혀 남지 않았을 것이다. 수소는 계속해서 헬륨으로 변해 우주에 가득 차기 때문이다. 그리고 이 변화는 한 방향으로만 진행된다. 그런데 우주에 거의 수소로만 구성되어 있다. 따라서 우주는 무한히 오래된 것이 아니다.\"</p> <h2>2) 전가언삼단논법</h2> <p>두 전제와 결론이 모두 가언판단으로 되어 있는 삼단논법이다. 이를<순수가언삼단논법>이라고도 한다.</p> <h3>(1) 긍정적 긍정식의 형식</h3> <p>\"A이면 B이다. 그리고 C이면 A이다. 그러므로 C이면 B이다.\"</p> <p>이 경우 정언샴단논법의 제1격에 해당하며, 대전제의 전건과 소전제의 후건은 매개념의 역할을 한다. 예를 들어 보자.</p> <p>\"교통이 발달하면 여행이 편리해진다. 도로가 확장되면 교통이 발달한다. 그러므로 도로가 확장되면 여행이 편리해진다.”</p> <h3>(2) 긍정적 부정식의 형식</h3> <p>\"A이면 B이고, C이면 B가 아니다. 그러므로 C이면 A가 아니다.\"</p> <p>이 경우는 제 2 격에 해당하며, 두 전제의 후건이 매개념의 역할을 한다. 예를 들어 보자.</p> <p>\"교양 있는 사람이면 공중도덕을 지킨다. 무식한 사람은 공중도덕을 지키지 않는다. 그러므로 무식한 사람은 교양 있는 사람이 아니다.\"</p> <h3>(3) 부정적 긍정식의 형식</h3> <p>\"B가 아니면 A이고, B이면 C이다. 그러므로 C가 아니면 A이다.\"</p> <p>이 경우는 제 3 격에 해당하며, 두 전제의 전건이 매개념의 역할을 한다. 예를 들어 보자.</p> <p>“이것을 알지 못한다면 그는 어리석다. 이것을 안다면 싸움이 해소된다. 그러므로 싸움이 해소되지 않는다면 그는 어리석다.\"</p> <h3>(4) 부정적 부정식의 형식</h3> <p>\"A이면 B이고, B이면 C이다. 그러므로 C가 아니면 a가 아니다.\"</p> <p>이 경우는 제 4 격에 해당하며, 대전제의 전건과 소전제의 전건이 매개념의 역할을 한다. 예를 들어 보자.</p> <p>\"인간이면 동물이다. 동물이면 생물이다. 그러므로 생물이 아니면 인간이 아니다.\"</p> <p>\"제가 운전면허를 따지 않았다면, 당연히 저는 운전을 할 수 없었겠지요. 제가 운전을 할 수 없었다면, 저는 대중교통을 이용해야 했을 테고요. 제가 대중교통을 이용했다면, 저는 도시 바깥으로는 나가기 어려웠겠지요. 제가 도시 바깥으로 나가기 어려웠다면, 저는 주말여행을 취미로 삼을 수 없었을 겁니다. 제가 말 여행을 취미로 삼을 수 없었다면, 지금 제 아내를 그 여행에서 만날 수도 없었겠지요. 지금의 제 아내를 만날 수 없었다면, 저는 결혼을 하지 못했을 겁니다. 제가 결혼을 하지 못했다면, 저는 자녀를 낳을 수 없었겠지요. 제가 자녀를 낳을 수 없었다면, 급락하는 출산율로 인한 우리나라의 위기에 아무런 기여를 할 수 없었을 겁니다. 제가 우리나라의 위기에 기여할 수 없었다면, 우리나라는 멸망했겠죠. 조금 비약이 있기는 하지만, 그래서 결론은 우리나라가 멸망하지 않기 위해서 저는 운전면허를 따야만 했습니다.\"</p>",
                "context_length": 3478,
                "summary": "가언명제로 만들어진 삼단논법을 가언삼단논법(hypothetical syllogism)이라 하는데, 가언명제는 대전제이고, 정언명제는 소전제와 결론으로 구성되어 있는 추리를 말하는 것이다. 규칙으로는 첫 번째, 대전제의 전건을 소전제에서 긍정하고 결론에서 후건을 긍정해야 하는 것이며, 규칙 두 번째, 대전제의 후건을 소전제에서 부정하고 전건을 결론에서 부정해야 한다. 이러한 가언삼단논법은 두 종류로 나눌 수 있는데,<혼합가언삼단논법>또는<반가언삼단논법>은 대전제만이 가언판단이라 하는 것이며 다른 것은 정언판단인 삼단논법이며,<순수가언삼단논법>또는<전가언삼단논법>은 전부가 가언판단을 이루고 있는 삼단논법을 일컫는 것이다.",
                "clue": [
                    {
                        "clue_text": "가언삼단논법(hypothetical syllogism)은 가언명제로 만들어진 삼단논법을 의미한다.",
                        "clue_start": "23",
                        "clue_end": "77"
                    },
                    {
                        "clue_text": "즉 가언삼단논법은 대전제가 가언명제이고 소전제와 결론이 정언명제로 구성되어 있는 추리를 말한다.",
                        "clue_start": "243",
                        "clue_end": "296"
                    },
                    {
                        "clue_text": "규칙 1 : 대전제의 전건이 소전제에서 긍정되고 후건이 결론에서 긍정되어야 한다.",
                        "clue_start": "372",
                        "clue_end": "417"
                    },
                    {
                        "clue_text": "규칙 2: 대전제의 후건이 소전제에서 부정되고 전건이 결론에서 부정되어야 한다.",
                        "clue_start": "531",
                        "clue_end": "575"
                    },
                    {
                        "clue_text": "이러한 가언삼단논법의 종류는 크게 두 가지가 있는데, 대전제만이 가언판단이고 다른 것은 정언판단인 삼단논법을<혼합가언삼단논법>또는<반가언삼단논법>이라고 하고, 전부가 가언판단을 이루고 있는 삼단논법을<순수가언삼단논법>또는<전가언삼단논법>이라고 한다.",
                        "clue_start": "730",
                        "clue_end": "869"
                    }
                ],
                "terminology": [
                    {
                        "word": "antecedent"
                    },
                    {
                        "word": "consequent"
                    },
                    {
                        "word": "hypothetical syllogism"
                    },
                    {
                        "word": "가언명제"
                    },
                    {
                        "word": "가언삼단논법"
                    },
                    {
                        "word": "가언판단"
                    },
                    {
                        "word": "대개념 부당주연"
                    },
                    {
                        "word": "대전제"
                    },
                    {
                        "word": "매개념"
                    },
                    {
                        "word": "명제"
                    },
                    {
                        "word": "반가언삼단논법"
                    },
                    {
                        "word": "복합명제"
                    },
                    {
                        "word": "부당주연의 오류"
                    },
                    {
                        "word": "부정판단"
                    },
                    {
                        "word": "부주연"
                    },
                    {
                        "word": "빈개념"
                    },
                    {
                        "word": "삼단논법"
                    },
                    {
                        "word": "소전제"
                    },
                    {
                        "word": "수소"
                    },
                    {
                        "word": "순수가언삼단논법"
                    },
                    {
                        "word": "전가언삼단논법"
                    },
                    {
                        "word": "전건"
                    },
                    {
                        "word": "전건 부정"
                    },
                    {
                        "word": "정언명제"
                    },
                    {
                        "word": "지각"
                    },
                    {
                        "word": "헬륨"
                    },
                    {
                        "word": "혼합가언삼단논법"
                    },
                    {
                        "word": "후건"
                    },
                    {
                        "word": "후건 긍정"
                    }
                ]
            },
            {
                "context_id": "55e-0c9-c368b325-7031-4511-95b2-e56aa479ebf5",
                "context_K-NSCC": {
                    "field": "자연",
                    "large_category": "NA",
                    "medium_category": "01"
                },
                "context": "<h2>3) 정언삼단논법의 격과 식</h2> <p>정언명제의 종류에는 전칭 긍정명제(A명제), 전칭 부정명제(E명제), 특칭 긍정명제(I명제), 특칭 부정명제(O명제)의 4 가지가 있다. 정언삼단논법은 정언명제들로 구성되므로 대전제, 소전제, 결론에 올 수 있는 정언명제의 종류도 4종류이다.</p> <p>정언삼단논법을 구성하는 대전제, 소전제, 결론의 명제들이 A, E, I, O 명제 중 어느 것에 해당하느냐에 따라서 정언삼단논법의<식(mood)>이 결정된다.</p> <p>표준형식의 정언삼단논법은 식과 격에 의해 구분된다. 대전제, 소전제, 결론에 해당하는 명제의 양과 질에 의해 구분된다. 즉 AAA식이란 대전제, 소전제, 결론 모두가 전칭 긍정명제인 정언삼단논법이고, IOO식이란 대전제는 특칭 긍정, 소전제와 결론은 특칭 부정명제인 정언삼단논법이다.</p> <p> <격(figure)>이란 매개념의 위치에 의해 정해진다. 매개념이 대전제의 주개념과 소전제의 빈개념 자리에 있는 경우를 1 격이라고 한다. 매개념이 두 전제 모두에서 주개념 자리에 있는 경우를 2격이라고 한다. 매개념이 두 전제 모두에서 빈개념 자리에 있는 경우를 3 격이라고 한다. 매개념이 대전제의 빈개념과 소전제의 주개념 자리에 있는 경우를 4 격이라고 한다.</p> <p>삼단논법을 특징짓는 데에는 두 가지 방법이 있다. 첫 번째 방법은 사용된 명제들의 종류와 관계가 있다. 소크라테스 삼단논법에서는, 사용된 세 개의 명제 모두가 전칭 긍정인 A형의 명제들이다. 따라서 이 삼단논법은<식(mood)>AAA라고 한다. 다른 식으로는 EIO, AOO 등이 있다. 통 털어서 모든 식의 개수는 \\( 4 \\times 4 \\times 4=64 \\) 개이다. 이것을 다음과 같이 나타낼 수 있다.</p> <p>AAA식을 갖는 정언삼단논법의 예를 보자.</p> <p>\"모든 식물은 생물이다. (대전제) 모든 장미는 식물이다. (소전제) 따라서 모든 장미는 생물이다.” (결론)</p> <p>IAI식의 정언샴단논법의 예를 보자.</p> <p>“몇몇 여인은 화가이다. (대전제) 모든 화가는 예술이다. (소전제) 그러므로 몇몇 예술가는 여인이다.” (결론)</p> <p>삼단논법을 특징짓는 두 번째의 방법은 두 개의 전제에서 성질 P(주개념), M(매개념), S(빈개념)를 배열하는 것과 관계가 있다. 격이란 두 전제가 대전제, 소전제의 순서로 배열되어 있을 때, 매개념의 위치가 어디에 놓이느냐에 따라 결정된다. 여기에는<격>에 따라 네 가지로 분류할 수 있다.</p> <p>정언삼단논법의 타당성은 식과 격에 의해 결정된다. 정언샴단논법의 식의 가능한 조합은 64 개이고 이 각각의 식이 4 개의 격을 갖게 되므로 가능한 정언삼단논법의 형식은 모두 256 개이다. 아리스토텔레스는 이 256 개의 가능한 정언삼단논법의 형식들 중 24 개만이 타당한 형식이라고 보았다. 이들 중 올바른 추리 양식은 19 개이다.</p> <p>정언삼단논법의 타당성을 점검하는 방법은 논리적 유비의 방법, 벤 다이어그램에 의한 방법과 규칙을 동원하는 방법이 있다. 정언삼단논법을 구성할 때는 총 11 가지의 규칙들을 지켜야 하며, 해당 규칙을 지키지 않을 경우 형식적 오류를 범하게 된다.</p> <h2>4) 일상적 표현의 기본형화</h2> <p>일상적인 사고표현은 질서정연하게 정돈된 정언삼단논법의 전형적인 표현이라기보다는 표현자의 변형된 형태에 의한 표현들이 대부분이다. 이러한 변형된 형태들을 기본형으로 바꾸어 그 추리의 타당성 여부를 검토해볼 필요가 있다. 변형된 형태들을 기본형으로 바꾸는데 고려해야 할 점은 다음과 같다.</p> <h3>(1) 명사(개념)의 수는 세 개로 통일한다.</h3> <p>동의어들을 한 명사 또는 명사상당어구로 바꿔서 명사의 수가 셋이 되도록 만든다. 다음의 예를 보자.</p> <p>\"모든 원숭이는 젖을 먹고 자라는 동물이다. 모든 포유류는 조류가 아니다. 따라서 모든 원숭이는 조류가 아니다.\"</p> <p>“젖을 먹고 자라는 동물’을 포유류로 통일하면, 다음과 같이 정리할 수 있다. “모든 원숭이는 포유류이다. 모든 포유류는 조류가 아니다. 따라서 모든 원숭이는 조류가 아니다.\"</p> <h3>(2) 빈개념이 형용사로 되어 있으면 그것을 명사형으로 바꾼다.</h3> <p>예를 들어 “눈은 하얗다.\"는 “눈은 하얀 것이다.”로 바꿔 쓴다.</p> <h3>(3) 명제의 질을 분명하게 표현한다.</h3> <p>기본형에서는 긍정명제는 “~이다.”라는 계사를 쓰고, 부정명제는 “~아니다.”라는 계사를 쓴다.</p> <p>예를 들어 “돼지가 꿀꿀거린다.”를 “돼지는 꿀꿀 소리를 내는 동물이다.”로 고쳐서 쓴다.</p> <h3>(4) 명제의 양을 주개념 앞에 놓는다.</h3> <p>기본형에서는 전칭명제는 “모든~”이라고 쓰고, 특칭명제는 “약간의~”, “일부의~”, “몇몇의~”라고 써서 명제의 양을 분명히 나타낸다.</p> <p>예를 들어 “사람이면 누구나 이성적 동물이다”는 “모든 사람은 이성적 동물이다.”로 고친다.</p>",
                "context_length": 2473,
                "summary": "정언명제는 전칭 긍정명제, 전칭 부정명제, 특칭 긍정명제, 특칭 부정명제 4가지가 있어 정언명제로 구성되는 정언삼단논법도 대전제, 소전제, 결론도 4종류의 정언명제가 올 수 있다. 정언삼단논법의 타당성은 식과 격에 의해 결정되는데 격은 두 전제가 대전제, 소전제 순으로 배열될 때 매개념의 위치가 어디에 놓이는지에 따라 결정된다. 정언삼단논법의 타당성을 검토할 때는 변형된 형태를 기본형으로 바꾸어야 한다.",
                "clue": [
                    {
                        "clue_text": "정언삼단논법은 정언명제들로 구성되므로 대전제, 소전제, 결론에 올 수 있는 정언명제의 종류도 4종류이다.",
                        "clue_start": "105",
                        "clue_end": "163"
                    },
                    {
                        "clue_text": "정언명제의 종류에는 전칭 긍정명제(A명제), 전칭 부정명제(E명제), 특칭 긍정명제(I명제), 특칭 부정명제(O명제)의 4 가지가 있다.",
                        "clue_start": "28",
                        "clue_end": "104"
                    },
                    {
                        "clue_text": "격이란 두 전제가 대전제, 소전제의 순서로 배열되어 있을 때, 매개념의 위치가 어디에 놓이느냐에 따라 결정된다.",
                        "clue_start": "1158",
                        "clue_end": "1220"
                    },
                    {
                        "clue_text": "정언삼단논법의 타당성은 식과 격에 의해 결정된다.",
                        "clue_start": "1256",
                        "clue_end": "1283"
                    },
                    {
                        "clue_text": "이러한 변형된 형태들을 기본형으로 바꾸어 그 추리의 타당성 여부를 검토해볼 필요가 있다.",
                        "clue_start": "1692",
                        "clue_end": "1741"
                    }
                ],
                "terminology": [
                    {
                        "word": "AAA"
                    },
                    {
                        "word": "AOO"
                    },
                    {
                        "word": "EIO"
                    },
                    {
                        "word": "IAI"
                    },
                    {
                        "word": "IOO"
                    },
                    {
                        "word": "격"
                    },
                    {
                        "word": "격(figure)"
                    },
                    {
                        "word": "계사"
                    },
                    {
                        "word": "긍정명제"
                    },
                    {
                        "word": "논리적 유비의 방법"
                    },
                    {
                        "word": "다이어그램"
                    },
                    {
                        "word": "대전제"
                    },
                    {
                        "word": "매개념"
                    },
                    {
                        "word": "명사상당어구"
                    },
                    {
                        "word": "명사형"
                    },
                    {
                        "word": "명제"
                    },
                    {
                        "word": "벤 다이어그램"
                    },
                    {
                        "word": "부정명제"
                    },
                    {
                        "word": "빈개념"
                    },
                    {
                        "word": "삼단논법"
                    },
                    {
                        "word": "소전제"
                    },
                    {
                        "word": "소크라테스 삼단논법"
                    },
                    {
                        "word": "식"
                    },
                    {
                        "word": "전칭"
                    },
                    {
                        "word": "전칭 긍정명제"
                    },
                    {
                        "word": "전칭 부정명제"
                    },
                    {
                        "word": "전칭명제"
                    },
                    {
                        "word": "정언명제"
                    },
                    {
                        "word": "정언삼단논법"
                    },
                    {
                        "word": "주개념"
                    },
                    {
                        "word": "특칭"
                    },
                    {
                        "word": "특칭 긍정"
                    },
                    {
                        "word": "특칭 긍정명제"
                    },
                    {
                        "word": "특칭 부정명제"
                    },
                    {
                        "word": "특칭명제"
                    },
                    {
                        "word": "표준형식"
                    }
                ]
            }
        ]
    }
}