{
    "dataset_info": {
        "identifier": "02-031-002-NL",
        "name": "기술과학 문서 요약 데이터",
        "category": "자연어",
        "last_updated": "2023-08-30"
    },
    "dataset": {
        "doc_id": "772a8b07-9200a942-157b-4812-8655-6601641b3eae",
        "doc_type": "도서",
        "doc_title": {
            "kor": "미분기하학",
            "eng": ""
        },
        "doc_category": {
            "KDC": "414",
            "DDC": ""
        },
        "doc_number": {
            "ISSN": "",
            "ISBN": "9788961050456",
            "DOI": "",
            "UCI": ""
        },
        "doc_year": "2007",
        "doc_author": [
            "윤갑진"
        ],
        "doc_publisher": "경문사",
        "doc_license": "저작권 협의됨",
        "context_info": [
            {
                "context_id": "55e-0c9-4c26f041-8b30-4d8e-a1af-fc8227c57d65",
                "context_K-NSCC": {
                    "field": "자연",
                    "large_category": "NA",
                    "medium_category": "02"
                },
                "context": "<h1>2.4 벡터장</h1> <p>미분가능한 곡선에서 정의된 벡터장을 확장하여 3차원 유클리드 공간의 개부분집합에서 정의된 벡터장을 정의하자. 벡터장은 유체의 흐름이나 자기장 등을 설명하는데 필요한 개념이기도 하다.</p> <p>정의 2.4.1</p> <p>(1) \\( \\mathbb{R}^{3} \\) 의 각 점 \\( \\mathrm{p} \\in \\mathbb{R}^{3} \\) 에 대하여 접벡터 \\( V(\\mathrm{p}) \\in \\mathrm{T}_{\\mathrm{p}} \\mathrm{R}^{3} \\) 을 대응시키는 사상 \\( V \\) 를 \\( \\mathrm{R}^{3} \\) 의 벡터장(vector field)이라고 한다.</p> <p>(2) 벡터장 \\( V \\) 와 미분가능한 함수 \\( f: \\mathbb{R}^{3} \\rightarrow \\mathbb{R} \\) 에 대하여 \\( V[f] \\) 는 다음과 같이 \\( V[f](\\mathbf{p})=V(\\mathbf{p})[f] \\)정의되는 함수이다.</p> <p>정의 2.4.2 \\( \\mathbb{R}^{3} \\) 의 자연좌표함수(notural coordinate functions)는 좌표축 \\( x_{1}=x, x_{2}=y \\), \\( x_{3}=z \\) 를 나타내는 함수로 점 \\( \\mathrm{p}=\\left(p_{1}, p_{2}, p_{3}\\right) \\) 에 대하여\\[x_{i}(\\mathbf{p})=p_{i} \\quad(i=1,2,3)\\]로 정의되는 함수이다.</p> <p>2 차원 유클리드 평면 \\( \\mathbb{R}^{2} \\) 의 자연좌표함수는 종종 \\( (u, v) \\) 로 나타낸다.</p> <p>정의 2.4.3 \\[\\begin{array}{c}\\mathbb{R}^{3} \\text { 의 벡터장 } U_{i}(i=1,2,3) \\text { 는 다음과 같이 정의된 벡터장이다. } \\\\ \\\\U_{1}(\\mathbf{p})=(1,0,0)_{p} \\\\ U_{2}(\\mathbf{p})=(0,1,0)_{p} \\\\ U_{3}(\\mathbf{p})=(0,0,1)_{p} \\end{array} \\]벡터장 \\( \\left\\{U_{1}, U_{2}, U_{3}\\right\\} \\) 을 자연틀마당(natural frome field)이라고 한다.</p> <p>도움정리 2.4 .4 미분가능한 함수 \\( f: \\mathbb{R}^{3} \\rightarrow \\mathbb{R} \\) 에 대하여\\[U_{i}[f]=\\frac{\\partial f}{\\partial x_{i}} \\quad(i=1,2,3)\\]이 성립한다. 특히\\[U_{i}\\left[x_{j}\\right]=\\delta_{i j}=\\left\\{\\begin{array}{ll}1 & i=j \\\\0 & i \\neq j\\end{array}\\right.\\]</p> <p>증명 \\( \\mathrm{p} \\equiv \\mathbb{R}^{3} \\) 을 임의의 점이라고 하고 \\( U_{i}(\\mathbf{p}) \\) 의 성분을 \\( U_{i}(\\mathbf{p})=\\left(v_{1}, v_{2 i}, v_{3 i}\\right) \\) 로 놓으면\\[v_{j i}=\\delta_{j i}=\\left\\{\\begin{array}{ll}1 & i=j \\\\ 0 & i \\neq j\\end{array}\\right.\\]이므로 도움정리 2.2.3에 의해\\[U_{i}[f](\\mathrm{p})=U_{i}(\\mathrm{p})[f]=\\sum_{j=1}^{3} v_{j i} \\frac{\\partial f}{\\partial x_{j}}(\\mathrm{p})\\]\\[=\\frac{\\partial f}{\\partial x_{i}}(\\mathbf{p}) \\]따라서 \\( U_{i}[f]=\\frac{\\partial f}{\\partial x_{i}} \\) 이므로 특히 \\( f=x_{j} \\) 이면\\[U_{i}\\left[x_{j}\\right]=\\frac{\\partial x_{j}}{\\partial x_{i}}=\\delta_{i j}\\]</p> <p>정의 2.4.5 \\( \\mathrm{R}^{3} \\) 의 벡터장 \\( X \\) 와 \\( Y \\) 에 대하여 합과 내적을\\( (X+Y)\\mathrm{p})=X(\\mathrm{p})+Y(\\mathrm{p}) \\)\\( (X \\cdot Y)(\\mathrm{p})=X(\\mathrm{p}) \\cdot Y(\\mathrm{p}) \\) 로 정의한다. 또, 실수 \\( a \\in \\mathbb{R} \\) 와 합수 \\( f: \\mathbb{R}^{3} \\rightarrow \\mathbb{R} \\) 에 대하여 벡터장의 실수곱 과 합수곱을\\( (a X)(\\mathbf{p})=a X(\\mathbf{p}) \\)\\( (f X)(\\mathbf{p})=f(\\mathbf{p}) X(\\mathbf{p}) \\)로 정의한다.</p> <p>다음 정리에 의하면 자연틀마당은 벡터장의 기저가 된다.</p> <p>정리 2.4.6 \\( V \\) 가 \\( \\mathbb{R}^{3} \\) 의 벡터장이면\\[V=\\sum_{i=1}^{3} v_{i} U_{i}\\] 를 만족시키는 함수 \\( v_{i}: \\mathbb{R}^{3} \\rightarrow \\mathbb{R} \\quad(i=1,2,3) \\) 이 유일하게 존재한다.</p> <p>증명 각 점 \\( \\mathrm{p} \\in \\mathbb{R}^{3} \\) 에 대하여 \\( V(\\mathrm{p}) \\in \\mathrm{T}_{\\mathrm{p}} \\mathbb{R}^{3} \\) 이므로 \\( V(\\mathrm{p}) \\) 의 성분을 \\( \\left(v_{1}(\\mathbf{p}), v_{2}(\\mathbf{p}), v_{3}(\\mathbf{p})\\right) \\) 로 나타낼 수 있다. 따라서\\[\\begin{aligned}V(\\mathbf{p}) &=\\left(v_{1}(\\mathbf{p}), v_{2}(\\mathbf{p}), v_{3}(\\mathbf{p})\\right)_{\\mathbf{p}} \\\\&=v_{1}(\\mathbf{p})(1,0,0)_{\\mathbf{p}}+v_{2}(\\mathbf{p})(0,1,0)_{\\mathbf{p}}+v_{3}(\\mathbf{p})(0,0,1)_{\\mathbf{p}} \\\\&=v_{1}(\\mathbf{p}) U_{1}(\\mathbf{p})+v_{2}(\\mathbf{p}) U_{2}(\\mathbf{p})+v_{3}(\\mathbf{p}) U_{3}(\\mathbf{p})\\end{aligned}\\] 그러므로\\[V=\\sum_{i=1}^{3} v_{i} U_{i}\\]</p> <p>도움정리 2.4.4에 의해 \\( V=\\sum_{i=1}^{3} v_{i} U_{i} \\) 가 \\( \\mathbb{R}^{3} \\) 의 벡터장이고 \\( f: \\mathbb{R}^{3} \\rightarrow \\mathbb{R} \\) 가 미분가능한 함수이면 \\( V[f]=\\sum_{i=1}^{3} v_{i} \\frac{\\partial f}{\\partial x_{i}} \\)가 성립한다.</p> <p>정의 2.4 .7 벡터장 \\( V \\) 를 식(2.4 .1)로 나타내었을 때, 성분함수 \\( v_{i}(i=1,2,3) \\) 가 모두 미분 가능하면 \\( V \\) 를 미분가능한 벡터장이라고 한다.</p> <p>정의 2.4.1과 정의 2.4 .5에 의하여 다음이 성립한다: 미분가능한 함수 \\( f, g: \\mathbb{R}^{3} \\rightarrow \\mathbb{R} \\) 와 실수 \\( a \\in \\mathbb{R} \\) 에 대하여</p> <p>\\( \\begin{aligned}(X+Y)[f] &=X[f]+Y[f] \\\\(a X)[f] &=a X[f] \\\\(g X)[f] &=g X[f] \\end{aligned} \\)</p> <p>도움정리 2.4.8 \\( X \\) 와 \\( Y \\) 가 미분가능한 벡터장이면 실수 \\( a \\in \\mathrm{R} \\) 와 미분가능한 함수 \\( f: \\mathbb{R}^{3} \\rightarrow \\mathbb{R} \\) 에 대하여 \\( X+Y, a X, f X \\) 도 미분가능한 벡터장이고 \\( X \\cdot Y \\) 는 미분가능한 함수이다.</p> <p>\\( R^{3} \\) 의 벡터장 \\( X \\) 와 \\( Y \\) 에 대하여 \\( X \\times Y \\) 를 \\[X \\times Y(p)=X(p) \\times Y(p)\\] 로 정의하자. \\( \\mathrm{X} \\) 와 \\( \\mathrm{Y} \\) 가 미분가능하면 \\( \\mathrm{X} \\times \\mathrm{Y} \\) 도 미분가능한 벡터장임을 알 수 있다. 끝으로, 미분가능한 함수의 그래디언트에 대하여 알아보자.</p> <p>정의 2.4.9 \\( g: \\mathbb{R}^{3} \\rightarrow \\mathbb{R} \\) 가 미분가능한 함수일 때, \\( g \\) 의 그래디언트(gradient) \\( \\nabla g \\) 는\\[\\nabla g=\\sum_{i=1}^{3} \\frac{\\partial g}{\\partial x_{i}} U_{i}\\]로 정의되는 벡터장이다.</p> <p>도움정리 2.4 .10 미분가능한 함수 \\( g: R^{3} \\rightarrow \\mathbb{R} \\) 의 그래디언트는 임의의 미분가능한 벡터장 \\( V \\) 에 대하여 \\[\\nabla g \\cdot V=V[g]\\]를 만족시키는 유일한 벡터장이다.</p> <p>증명 \\[\\begin{array}{l}V=\\sum_{j=1}^{3} v_{j} U_{j} \\text { } \\\\로 놓으면 식 (2.4.2)에 의해 V[g]=\\sum_{i=1}^{3} v_{i} \\frac{\\partial g}{\\partial x_{i}}\\end{array}\\]정의에 의해\\[\\begin{aligned}\\nabla g \\cdot V &=\\left(\\sum_{i=1}^{3} \\frac{\\partial g}{\\partial x_{i}} U_{i}\\right) \\cdot\\left(\\sum_{j=1}^{3} v_{j} U_{j}\\right) \\\\&=\\sum_{i, j=1}^{3} v_{j} \\frac{\\partial g}{\\partial x_{i}}\\left(U_{i} \\cdot U_{j}\\right) \\\\&=\\sum_{i, j=1}^{3} v_{j} \\frac{\\partial g}{\\partial x_{i}} \\delta_{i j}=\\sum_{i=1}^{3} v_{i} \\frac{\\partial g}{\\partial x_{i}} \\end{aligned}\\]따라서\\[V \\cdot \\nabla g=V[g]\\]역으로, \\( \\mathbb{R}^{3} \\) 의 벡터장 \\( W=\\sum_{i=1}^{3} w_{i} U_{i} \\) 가 모든 벡터장 \\( V \\) 에 대하여 \\( W \\cdot V=V[g] \\) 를 만족시킨다고 가정하면 \\( W \\cdot V=\\sum_{i=1}^{3} w_{i} v_{i} \\) 이므로 \\[\\sum_{i=1}^{3} v_{i} w_{i}=\\sum_{i=1}^{3} v_{i} \\frac{\\partial g}{\\partial x_{i}}\\] \\( V=\\sum_{j=1}^{3} v_{j} U_{j} \\) 가 임의의 벡터장이므로 각 \\( i=1,2,3 \\) 에 대하여\\[w_{i}=\\frac{\\partial g}{\\partial x_{i}}\\]이 성립한다. 따라서\\[W=\\sum_{i=1}^{3} w_{i} U_{i}=\\sum_{i=1}^{3} \\frac{\\partial g}{\\partial x_{i}} U_{i}=\\nabla g \\]</p> <p></p> <p></p> <p></p> <p></p> <p></p> <p></p> <p></p> <p></p>",
                "context_length": 5725,
                "summary": "벡터장은 유체의 흐름이나 자기장을 설명할 수 있다. 더 자세히 설명하면 각 점 \\( \\mathrm{p} \\in \\mathbb{R}^{3} \\) 에 대하여 접벡터 \\( V(\\mathrm{p}) \\in \\mathrm{T}_{\\mathrm{p}} \\mathrm{R}^{3} \\) 을 대응시키면 사상 \\( V \\)는 \\( \\mathrm{R}^{3} \\) 의 벡터장(vector field)이라는 것을 알 수 있다. 그리고 점 \\( \\mathrm{p}=\\left(p_{1}, p_{2}, p_{3}\\right) \\) 에 대하여 \\(x_{i}(\\mathbf{p})=p_{i} \\quad(i=1,2,3)\\)로 정의되는 함수를 \\( \\mathbb{R}^{3} \\) 의 자연좌표함수(notural coordinate functions)라고 한다. 그래디언트(gradient) \\( \\nabla g \\) 는 \\(\\mathbb{R}^{3} \\rightarrow \\mathbb{R} \\) 가 미분가능한 함수일 때 \\(\\nabla g=\\sum_{i=1}^{3} \\frac{\\partial g}{\\partial x_{i}} U_{i}\\)를 통하여 정의를 설명할 수 있다.",
                "clue": [
                    {
                        "clue_text": "벡터장은 유체의 흐름이나 자기장 등을 설명하는데 필요한 개념이기도 하다.",
                        "clue_start": "81",
                        "clue_end": "121"
                    },
                    {
                        "clue_text": "(1) \\( \\mathbb{R}^{3} \\) 의 각 점 \\( \\mathrm{p} \\in \\mathbb{R}^{3} \\) 에 대하여 접벡터 \\( V(\\mathrm{p}) \\in \\mathrm{T}_{\\mathrm{p}} \\mathrm{R}^{3} \\) 을 대응시키는 사상 \\( V \\) 를 \\( \\mathrm{R}^{3} \\) 의 벡터장(vector field)이라고 한다.",
                        "clue_start": "145",
                        "clue_end": "353"
                    },
                    {
                        "clue_text": "정의 2.4.2 \\( \\mathbb{R}^{3} \\) 의 자연좌표함수(notural coordinate functions)는 좌표축 \\( x_{1}=x, x_{2}=y \\), \\( x_{3}=z \\) 를 나타내는 함수로 점 \\( \\mathrm{p}=\\left(p_{1}, p_{2}, p_{3}\\right) \\) 에 대하여\\[x_{i}(\\mathbf{p})=p_{i} \\quad(i=1,2,3)\\]로 정의되는 함수이다.",
                        "clue_start": "518",
                        "clue_end": "752"
                    },
                    {
                        "clue_text": "정의 2.4.9 \\( g: \\mathbb{R}^{3} \\rightarrow \\mathbb{R} \\) 가 미분가능한 함수일 때, \\( g \\) 의 그래디언트(gradient) \\( \\nabla g \\) 는\\[\\nabla g=\\sum_{i=1}^{3} \\frac{\\partial g}{\\partial x_{i}} U_{i}\\]로 정의되는 벡터장이다.",
                        "clue_start": "4256",
                        "clue_end": "4449"
                    }
                ],
                "terminology": [
                    {
                        "word": "3차원 유클리드 공간"
                    },
                    {
                        "word": "natural frome field"
                    },
                    {
                        "word": "vector field"
                    },
                    {
                        "word": "개부분집합"
                    },
                    {
                        "word": "그래디언트"
                    },
                    {
                        "word": "기저"
                    },
                    {
                        "word": "내적"
                    },
                    {
                        "word": "도움정리"
                    },
                    {
                        "word": "미분 가능"
                    },
                    {
                        "word": "미분가능"
                    },
                    {
                        "word": "미분가능한 곡선"
                    },
                    {
                        "word": "미분가능한 함수"
                    },
                    {
                        "word": "벡터장"
                    },
                    {
                        "word": "성분함수"
                    },
                    {
                        "word": "실수곱"
                    },
                    {
                        "word": "유클리드 공간"
                    },
                    {
                        "word": "유클리드 평면"
                    },
                    {
                        "word": "자기장"
                    },
                    {
                        "word": "자연좌표함수"
                    },
                    {
                        "word": "자연틀마당"
                    },
                    {
                        "word": "접벡터"
                    },
                    {
                        "word": "좌표축"
                    }
                ]
            },
            {
                "context_id": "55e-0c9-a0304b1f-bca6-4dd7-996c-a9b6916ecd30",
                "context_K-NSCC": {
                    "field": "자연",
                    "large_category": "NA",
                    "medium_category": "02"
                },
                "context": "<p>곡면 이론에서 다루는 기하학적 개념들은 두 개 이상의 매개변수를 포함하는 경우가많다. 예를 들어 곡면에서 정의된 함수는 두 개의 독립변수가 필요하다. 독립변수의개수가 하나인 함수에서 두 개인 함수로 일반화하는 것이 외형적으로는 아무런 문제가 없어 보이지만 실제로는 매우 미묘한 차이를 보일 수도 있다. 독립변수의 개수가두 개 이상인 함수의 미분과 적분에 관한 수학적 이론을 다루는 것을 고등미적분학또는 다변수해석학이라고 한다. 곡면 이론을 이해하기 위해서는 다변수해석학이 반드시 필요하다.</p> <p>이 장에서는 다변수해석학을 기하학적 관점에서 알아보자. 3차원 유클리드 공간에서 정의된 함수의 미분을 기하학적으로 이해하고, 미분기하학에서 가장 기본이 되는개념인 접벡터의 정의와 성질 및 다변수함수와의 관계 등을 살펴보기로 한다.끝으로 유클리드 공간에서 정의된 벡터장의 미분법인 공변미분에 대하여 알아본다.곡면 이론에서 다루는 내용을 정확하게 이해하기 위해서 다변수해석학을 다루고 있는책을 참고하는 것도 매우 좋은 방법이다. 다변수해석학을 다루고 있는 참고문헌으로는 [8], [13], [17], [20] 등이 있다.</p> <h1>2.1 접벡터</h1> <p>정의 2.1.1 유클리드 공간 \\( \\mathbb{R}^{3} \\) 의 두 벡터 \\( \\mathrm{p} \\) 와 \\( \\mathrm{v} \\) 의 순서쌍 \\( (\\mathrm{p}, \\mathrm{v}) \\) 를 \\( \\mathbb{R}^{3} \\) 의 접벡터(tongent vector)라고 하고, \\( \\mathrm{v} \\) 를 벡터부분(vector port), \\( \\mathrm{p} \\) 를 작용점(point of opplication) 이라고 한다(그림 2.1). 접벡터 (p, v)를 보통 \\( \\mathrm{v}_{\\mathrm{p}} \\) 로 나타낸다.</p> <p>접벡터 \\(V_{p}\\)는 점 \\(p\\) 로부터 \\(p+v\\)까지의 화살표로 이해하면 된다. 예를 들어\\( \\mathrm{p}=(1,2,1) \\) 이고 \\( \\mathrm{v}=(2,-4,5) \\) 이면 \\( \\mathrm{v}_{\\mathrm{p}} \\) 는 점 \\( (1,2,1) \\) 부터 점 \\( (3,-2,6) \\) 까지의 벡터를 나타낸다. 즉, 시점이 \\( (1,2,1) \\) 이고 종점이 \\( (3,-2,6) \\) 인 벡터를 나타낸다고 말할 수 있다.</p> <p>두 접벡터 \\( \\mathrm{v}_{\\mathrm{p}} \\) 와 \\( \\mathrm{w}_{\\mathrm{q}} \\) 에 대하여 \\( \\mathrm{v}=\\mathrm{w} \\) 이고 동시에 \\( \\mathrm{p}=\\mathrm{q} \\) 일 때 서로 같다고 하고 \\( \\mathrm{v}_{\\mathrm{p}}=\\mathrm{w}_{\\mathrm{q}} \\) 로 나타낸다. 벡터부분은 같고 작용점이 다른 두 접벡터를 서로 평행하다고 한다.</p> <p>정의 \\( 2.1 .2 \\quad \\mathrm{p} \\in \\mathbb{R}^{3} \\) 일 때 점 \\( \\mathrm{p} \\) 에서 \\( \\mathbb{R}^{3} \\) 에 접하는 모든 접벡터의 집합을 점 \\( \\mathrm{p} \\) 에서 \\( \\mathbb{R}^{3} \\) 의 접공간(tongent space)이라 하고. \\( T_{p} R^{3} \\) 로 나타낸다. 즉 \\[ T_{p} R^{3}=\\left\\{v_{p} \\mid v \\in \\mathbb{R}^{3}\\right\\} \\]</p> <p>주어진 접공간에 속하는 접벡터들은 모두 같은 작용점을 가지므로 벡터공간 \\( \\mathbb{R}^{3} \\) 에서의 벡터합과 스칼라곱을 접공간에 도입할 수 있다. 접벡터 \\( \\mathrm{v}_{\\mathrm{p}}, \\mathrm{w}_{\\mathrm{p}} \\in \\mathrm{T}_{\\mathrm{p}} \\mathbb{R}^{3} \\) 와 실수 \\( a \\in \\mathbb{R} \\) 에 대하여 합과 스칼라곱을 각각 다음과 같이 정의한다.</p> <p>\\( \\mathrm{v}_{\\mathrm{p}}+\\mathrm{w}_{\\mathrm{p}}=(\\mathrm{v}+\\mathrm{w})_{\\mathrm{p}}, \\quad a \\mathrm{v}_{\\mathrm{p}}=(a \\mathrm{v})_{\\mathrm{p}} \\)</p> <p>합과 스칼라곱을 동반한 접공간 \\( \\left(\\mathrm{T}_{\\mathrm{p}} \\mathbb{R}^{3},+, \\cdot\\right) \\) 는 벡터공간이 된다. 특히, 사상</p> <p>\\( \\mathrm{T}_{\\mathrm{p}} \\mathbb{R}^{3} \\rightarrow \\mathbb{R}^{3}, \\mathrm{v}_{\\mathrm{p}} \\rightarrow \\mathrm{v} \\)</p> <p>는 벡터공간 \\( T_{p} \\mathbb{R}^{3} \\) 과 \\( \\mathbb{R}^{3} \\) 사이의 선형동형사상(isomorphism)이다. 따라서 접공간 \\( T_{p} \\mathbb{R}^{3} \\)은 3차원 벡터공간으로 \\( \\mathbb{R}^{3} \\) 과 같은 벡터구조를 갖는다. 그러므로 \\( \\mathbb{R}^{3} \\) 에서 정의된 다 른 연산자를 접공간 \\( T_{p} \\mathbb{R}^{3} \\) 위에서 그대로 정의할 수 있다. 예를 들면, 내적은<p>\\( \\left\\langle\\mathrm{v}_{\\mathrm{p}}, \\mathrm{w}_{\\mathrm{p}}\\right\\rangle=\\mathrm{v} \\cdot \\mathrm{w} \\)</p>로 정의하고 벡터곱은<p>\\( \\mathrm{v}_{\\mathrm{p}} \\times \\mathrm{w}_{\\mathrm{p}}=(\\mathrm{v} \\times \\mathrm{w})_{\\mathrm{p}} \\)</p>로 정의한다. 더욱이 \\( \\mathbb{R}^{3} \\) 에서 성립하는 내적 또는 벡터곱에 관한 항등식이나 부등식이 접공간 \\( T_{p} R^{3} \\) 에서 그대로 성립한다. 즉, \\( \\left\\|v_{p}\\right\\|^{2}=\\left\\langle v_{p}, v_{p}\\right\\rangle=v \\cdot v=\\|v\\|^{2} \\) 이므로 \\( \\left\\|\\mathrm{v}_{\\mathrm{p}}\\right\\|=\\|\\mathbf{v}\\| \\) 가 성립한다. 또,<p>\\( \\left|\\left\\langle\\mathrm{v}_{\\mathrm{p}}, \\mathrm{w}_{\\mathrm{p}}\\right\\rangle\\right| \\leq\\|\\mathrm{v}\\|\\|\\mathbf{w}\\| \\)</p>이고<p>\\( \\left\\|\\mathrm{v}_{\\mathrm{p}} \\times \\mathrm{w}_{\\mathrm{p}}\\right\\|^{2}=\\|\\mathrm{v} \\times \\mathrm{w}\\|^{2}=\\|\\mathrm{v}\\|^{2}\\|\\mathrm{w}\\|^{2}-(\\mathrm{v} \\cdot \\mathrm{w})^{2} \\)</p>이 성립한다. \\( \\alpha=\\alpha(t):(a, b) \\rightarrow \\mathbb{R}^{3} \\) 이 정칙곡선일 때, 속도벡터 \\( \\alpha^{\\prime}(t) \\) 는 \\( \\alpha(t) \\) 에서의 접벡터라고 말할 수 있다. 즉, \\( \\alpha^{\\prime}(t)=a^{\\prime}(t)_{a(t)} \\) 이고<p>\\( v(t)=\\left\\|\\alpha^{\\prime}(t)\\right\\|=\\sqrt{\\left\\langle\\alpha^{\\prime}(t)_{\\alpha(t)}, \\alpha^{\\prime}(t)_{\\alpha(t)}\\right\\rangle} \\)</p></p>",
                "context_length": 3837,
                "summary": "유클리드 공간 \\( \\mathbb{R}^{3} \\)의 두 벡터 \\( \\mathrm{p}\\)와 \\( \\mathrm{v}\\)의 순서쌍 \\( (\\mathrm{p}, \\mathrm{v})\\)를 \\( \\mathbb{R}^{3} \\)의 접벡터라고 하고, \\( \\mathrm{v} \\)를 벡터부분, \\( \\mathrm{p} \\)를 작용점이라고 할때, 접벡터 \\(V_{p}\\)는 점 \\(p\\)로부터 \\(p+v\\)까지의 화살표로 나타낸다. 두 접벡터 \\( \\mathrm{v}_{\\mathrm{p}} \\)와 \\( \\mathrm{w}_{\\mathrm{q}} \\)에 대하여 \\( \\mathrm{v}=\\mathrm{w} \\)이고 동시에 \\( \\mathrm{p}=\\mathrm{q} \\)일 때 같고, \\( \\mathrm{v}_{\\mathrm{p}}=\\mathrm{w}_{\\mathrm{q}} \\)이다. \\(\\quad \\mathrm{p} \\in \\mathbb{R}^{3} \\)일 때 점 \\( \\mathrm{p} \\)에서 \\( \\mathbb{R}^{3} \\)에 접하는 모든 접벡터의 집합을 점 \\( \\mathrm{p} \\)에서 \\( \\mathbb{R}^{3} \\)의 접공간(tongent space)이라 하고 \\( T_{p} R^{3} \\)로 나타낸다. \\( \\mathrm{v}_{\\mathrm{p}}+\\mathrm{w}_{\\mathrm{p}}\\)=\\((\\mathrm{v}+\\mathrm{w})_{\\mathrm{p}}, \\quad a \\mathrm{v}_{\\mathrm{p}}=(a \\mathrm{v})_{\\mathrm{p}} \\) 이 성립한다.",
                "clue": [
                    {
                        "clue_text": "곡면 이론을 이해하기 위해서는 다변수해석학이 반드시 필요하다.",
                        "clue_start": "242",
                        "clue_end": "276"
                    },
                    {
                        "clue_text": "3차원 유클리드 공간에서 정의된 함수의 미분을 기하학적으로 이해하고, 미분기하학에서 가장 기본이 되는개념인 접벡터의 정의와 성질 및 다변수함수와의 관계 등을 살펴보기로 한다.",
                        "clue_start": "315",
                        "clue_end": "412"
                    },
                    {
                        "clue_text": "두 접벡터 \\( \\mathrm{v}_{\\mathrm{p}} \\) 와 \\( \\mathrm{w}_{\\mathrm{q}} \\) 에 대하여 \\( \\mathrm{v}=\\mathrm{w} \\) 이고 동시에 \\( \\mathrm{p}=\\mathrm{q} \\) 일 때 서로 같다고 하고 \\( \\mathrm{v}_{\\mathrm{p}}=\\mathrm{w}_{\\mathrm{q}} \\) 로 나타낸다.",
                        "clue_start": "1193",
                        "clue_end": "1405"
                    },
                    {
                        "clue_text": "따라서 접공간 \\( T_{p} \\mathbb{R}^{3} \\)은 3차원 벡터공간으로 \\( \\mathbb{R}^{3} \\) 과 같은 벡터구조를 갖는다.",
                        "clue_start": "2476",
                        "clue_end": "2559"
                    },
                    {
                        "clue_text": "그러므로 \\( \\mathbb{R}^{3} \\) 에서 정의된 다 른 연산자를 접공간 \\( T_{p} \\mathbb{R}^{3} \\) 위에서 그대로 정의할 수 있다.",
                        "clue_start": "2560",
                        "clue_end": "2650"
                    }
                ],
                "terminology": [
                    {
                        "word": "곡면 이론"
                    },
                    {
                        "word": "공변미분"
                    },
                    {
                        "word": "기하학적 관점"
                    },
                    {
                        "word": "내적"
                    },
                    {
                        "word": "다변수해석학"
                    },
                    {
                        "word": "독립변수"
                    },
                    {
                        "word": "매개변수"
                    },
                    {
                        "word": "미분"
                    },
                    {
                        "word": "미분기하학"
                    },
                    {
                        "word": "벡터"
                    },
                    {
                        "word": "벡터곱"
                    },
                    {
                        "word": "벡터공간"
                    },
                    {
                        "word": "벡터부분(vector port)"
                    },
                    {
                        "word": "벡터장"
                    },
                    {
                        "word": "부등식"
                    },
                    {
                        "word": "선형동형사상"
                    },
                    {
                        "word": "선형동형사상(isomorphism)"
                    },
                    {
                        "word": "속도벡터"
                    },
                    {
                        "word": "스칼라곱"
                    },
                    {
                        "word": "실수"
                    },
                    {
                        "word": "유클리드 공간"
                    },
                    {
                        "word": "의 접공간(tongent space)"
                    },
                    {
                        "word": "작용점(point of opplication)"
                    },
                    {
                        "word": "적분"
                    },
                    {
                        "word": "접공간"
                    },
                    {
                        "word": "접벡터"
                    },
                    {
                        "word": "접벡터(tongent vector)"
                    },
                    {
                        "word": "정칙곡선"
                    },
                    {
                        "word": "집합"
                    },
                    {
                        "word": "함수"
                    },
                    {
                        "word": "항등식"
                    }
                ]
            },
            {
                "context_id": "55e-0c9-48d2f525-2cb9-4f7f-8328-594c238e9a4a",
                "context_K-NSCC": {
                    "field": "자연",
                    "large_category": "NA",
                    "medium_category": "02"
                },
                "context": "<h1>2.2 방향도함수</h1> <p>\\( f: \\mathbb{R}^{3} \\rightarrow \\mathbb{R} \\) 를 미분가능한 함수라고 하자. 접벡터 \\( \\mathrm{v}_{\\mathrm{p}} \\in \\mathrm{T}_{\\mathrm{p}} \\mathbb{R}^{3} \\) 에 대하여 다음과 같이 정의된 값</p> <p>\\( \\mathrm{v}_{\\mathrm{p}}[f]=\\left.\\frac{d}{d t}(f(\\mathrm{p}+t \\mathrm{v}))\\right|_{t=0} \\)</p> <p>을 방향 \\( v_{p} \\) 에 대한 함수 \\( f \\) 의 방향도함수(directional derivative)라고 한다.</p> <p>식 (2.2 .1)은</p> <p>\\( \\mathrm{v}_{\\mathrm{p}}[f]=\\lim _{t \\rightarrow 0} \\frac{f(\\mathrm{p}+t \\mathrm{v})-f(\\mathrm{p})}{t} \\)</p> <p>으로 나타낼 수 있다. \\( e_{1}=(1,0,0), e_{2}=(0,1,0), e_{3}=(0,0,1) \\) 일 때, 각각의 방향도함수는 주어진 함수의 편도함수를 나타낸다. 즉,</p> <p>\\( \\left(\\mathbf{e}_{i}\\right)_{\\mathrm{p}}[f]=\\frac{\\partial f}{\\partial x_{i}}(\\mathrm{p}) \\)</p> <p>보기 2.2,2 \\( f(x, y, z)=x^{2}+y+z \\) 이고 \\( \\mathrm{p}=(1,0,1), \\mathrm{v}=(1,-2,0) \\) 일 때, \\( \\mathrm{v}_{\\mathrm{p}}[f] \\) 를 구하여라.</p> <p>풀이. \\( \\mathrm{p}+t \\mathrm{v}=(1+t,-2 t, 1) \\) 이므로 \\( f(\\mathrm{p}+t \\mathrm{v})=t^{2}+2 \\) 이다. 따라서</p> <p>\\( \\mathrm{v}_{\\mathrm{p}}[f]=\\left.\\frac{\\mathrm{d}}{\\mathrm{d} t} f(\\mathrm{p}+t \\mathrm{v})\\right|_{t=0}=0 \\)</p> <p>다음 정리는 방향도함수 \\( \\mathrm{v}_{\\mathrm{p}}[f] \\)를 구하는 일반적인 방법을 제공해준다.</p> <p>도움정리 2.2 .3 \\( \\mathrm{v}_{\\mathrm{p}} \\in \\mathrm{T}_{\\mathrm{p}} \\mathrm{R}^{3}, \\mathrm{v}=\\left(v_{1}, v_{2}, v_{3}\\right) \\) 이면</p> <p>\\( \\mathrm{v}_{p}[f]=\\sum_{i=1}^{3} v_{i} \\frac{\\partial f}{\\partial x_{i}}(\\mathrm{p}) \\)</p> <p>증명</p> <p>\\( \\mathrm{p}=\\left(p_{1}, p_{2}, p_{3}\\right) \\)으로 놓으면 \\( \\mathrm{p}+t \\mathrm{v}=\\left(p_{1}+t v_{1}, p_{2}+t v_{2}, p_{3}+t v_{3}\\right) \\) 이고 \\( f(\\mathrm{p}+t \\mathrm{v})=f\\left(p_{1}+t v_{1}, p_{2}+t v_{2}, p_{3}+t v_{3}\\right) \\) 이다.</p> <p>\\( \\frac{d}{d t}\\left(p_{i}+t v_{i}\\right)=v_{i} \\quad(i=1,2,3) \\)</p> <p>이므로 식 (2.2.3)에 연쇄법칙(합성합수의 미분법)을 적용하면</p> <p>\\( \\frac{d}{d t} f(\\mathrm{p}+t \\mathrm{v})=\\sum_{i=1}^{3} \\frac{\\partial f}{\\partial x_{i}}(\\mathrm{p}+t \\mathrm{v}) \\cdot v_{i} \\)</p> <p>따라서</p> <p>\\( \\mathrm{v}_{\\mathrm{p}}[f]=\\left.\\frac{d}{d t} f(\\mathrm{p}+t \\mathrm{v})\\right|_{t=0}=\\sum_{i=1}^{3} v_{i} \\frac{\\partial f}{\\partial x_{i}}(\\mathrm{p}) \\)</p> <p>다음 정리는 방향도함수에 대한 기본적인 성질들을 나타낸다.</p> <p>정리 2.2.4 접벡터 \\( \\mathrm{v}_{\\mathrm{p}} \\), \\( \\mathrm{w}_{\\mathrm{p}} \\in \\mathrm{T}_{\\mathrm{p}} \\mathrm{R}^{3} \\) 과 실수 \\( a, b \\) 에 대하여 \\( f, g: \\mathbb{R}^{3} \\rightarrow \\mathbb{R} \\) 가 미분가능한 함수이면</p> <ol type=1 start=1><li>\\( \\left(a v_{p}+b w_{p}\\right)[f]=a v_{p}[f]+b w_{p}[f] \\)</li> <li>\\( v_{p}[a f+b g]=a v_{p}[f]+b v_{p}[g] \\)</li> <li>\\( \\mathrm{v}_{\\mathrm{p}}[f g]=\\mathrm{v}_{p}[f] g(\\mathbf{p})+f(\\mathbf{p}) \\mathrm{v}_{\\mathrm{p}}[g] \\)</li></ol> <p>증명 (1) \\( \\mathrm{v}=\\left(v_{1}, v_{2}, v_{3}\\right), \\mathrm{w}=\\left(w_{1}, w_{2}, w_{3}\\right) \\) 으로 놓으면 \\[a v+b w=\\left(a v_{1}+b w_{1}, a v_{2}+b v_{2}: a v_{3}+b w_{3}\\right)\\]</p> <p>이다. 도움정리 2.2.3에 의해</p> <p>\\( \\begin{aligned}\\left(a \\mathrm{v}_{\\mathrm{p}}+b \\mathrm{w}_{\\mathrm{p}}\\right)[f] &=\\sum_{i=1}^{3}\\left(a v_{i}+b w_{i}\\right) \\frac{\\partial f}{\\partial x_{i}}(\\mathrm{p}) \\\\ &=a \\sum_{i=1}^{3} v_{i} \\frac{\\partial f}{\\partial x_{i}}(\\mathrm{p})+b \\sum_{i=1}^{3} w_{i} \\frac{\\partial f}{\\partial x_{i}}(\\mathrm{p}) \\\\ &=a \\mathrm{v}_{\\mathrm{p}}[f]+b \\mathrm{w}_{\\mathrm{p}}[f] \\end{aligned} \\)</p> <p>(2) 편미분에 관한 성질에 의해</p> <p>\\( \\frac{\\partial}{\\partial x_{i}}(a f+b g)=a \\frac{\\partial f}{\\partial x_{i}}+b \\frac{\\partial g}{\\partial x_{i}} \\)</p> <p>이므로 도움정리 2.2.3로부터 성립한다.</p> <p>(3) \\( \\mathrm{v}=\\left(v_{1}, v_{2}, v_{3}\\right) \\) 으로 놓으면 도움정리 2.2 .3에 의해</p> <p>\\( \\mathrm{v}_{\\mathrm{p}}[f g]=\\sum_{i=1}^{3} v_{i} \\frac{\\partial}{\\partial x_{i}}(f g)(\\mathbf{p}) \\)</p> <p>이다. 편미분에 관한 곱의 법칙에 의해</p> <p>\\( \\frac{\\partial}{\\partial x_{i}}(f g)=\\frac{\\partial f}{\\partial x_{i}} g+f \\frac{\\partial g}{\\partial x_{i}} \\)</p> <p>이므로</p> <p>\\( \\begin{aligned} \\mathrm{v}_{\\mathrm{p}}[f g] &=\\sum_{i=1}^{3}\\left(\\frac{\\partial f}{\\partial x_{i}}(\\mathbf{p}) g(\\mathbf{p})+f(\\mathbf{p}) \\frac{\\partial g}{\\partial x_{i}}(\\mathbf{p})\\right) \\mathrm{v}_{i} \\\\ &=\\mathrm{v}_{\\mathrm{p}}[f] g(\\mathbf{p})+f(\\mathbf{p}) \\mathrm{v}_{\\mathrm{p}}[g] \\end{aligned} \\)</p>",
                "context_length": 4081,
                "summary": "접벡터 \\( \\mathrm{v}_{\\mathrm{p}} \\in \\mathrm{T}_{\\mathrm{p}} \\mathbb{R}^{3} \\) 에 대해 \\( \\mathrm{v}_{\\mathrm{p}}[f]=\\left.\\frac{d}{d t}(f(\\mathrm{p}+t \\mathrm{v}))\\right|_{t=0} \\)을 방향 \\( v_{p} \\) 에 대한 미분 가능한 함수 \\( f: \\mathbb{R}^{3} \\rightarrow \\mathbb{R} \\) 의 방향도함수라고 하며 \\(\\mathrm{v}=\\left(v_{1}, v_{2}, v_{3}\\right) \\) 이면 \\( \\mathrm{v}_{p}[f]=\\sum_{i=1}^{3} v_{i} \\frac{\\partial f}{\\partial x_{i}}(\\mathrm{p}) \\)이 성립한다.",
                "clue": [
                    {
                        "clue_text": "\\( f: \\mathbb{R}^{3} \\rightarrow \\mathbb{R} \\) 를 미분가능한 함수라고 하자.",
                        "clue_start": "22",
                        "clue_end": "85"
                    },
                    {
                        "clue_text": "보기 2.2,2 \\( f(x, y, z)=x^{2}+y+z \\) 이고 \\( \\mathrm{p}=(1,0,1), \\mathrm{v}=(1,-2,0) \\) 일 때, \\( \\mathrm{v}_{\\mathrm{p}}[f] \\) 를 구하여라.",
                        "clue_start": "714",
                        "clue_end": "844"
                    }
                ],
                "terminology": [
                    {
                        "word": "곱의 법칙"
                    },
                    {
                        "word": "도움정리"
                    },
                    {
                        "word": "미분가능"
                    },
                    {
                        "word": "미분가능한 함수"
                    },
                    {
                        "word": "미분법"
                    },
                    {
                        "word": "방향도함수"
                    },
                    {
                        "word": "실수"
                    },
                    {
                        "word": "연쇄법칙"
                    },
                    {
                        "word": "접벡터"
                    },
                    {
                        "word": "편도함수"
                    },
                    {
                        "word": "편미분"
                    },
                    {
                        "word": "함수"
                    }
                ]
            },
            {
                "context_id": "55e-0c9-3181d4ad-144d-433e-9e64-161a954da3b2",
                "context_K-NSCC": {
                    "field": "자연",
                    "large_category": "NA",
                    "medium_category": "02"
                },
                "context": "<h1>2.5 벡터장의 미분</h1> <p>이 절에서는 벡터장의 미분에 대하여 알아보자. 벡터장의 미분은 같은 변수에 따라서움직이는 성분함수들의 미분이기 때문에 흔히 공변미분(covariant derivative)이라고 한다.</p> <p>정의 2.5 .1 \\( W \\) 를 \\( \\mathbb{R}^{3} \\) 의 미분가능한 벡터장이라 하고 \\( v_{p} \\in T_{p} R^{3} \\) 을 접벡터라 하자. 방향 \\( \\mathrm{v}_{\\mathrm{p}} \\) 에 대한 \\( W \\) 의 공변미분은\\[\\nabla_{\\mathbf{v}} W=(W(\\mathrm{p}+t \\mathrm{v}))^{\\prime}(0) \\]로 정의한다(그림 2.2).</p> <p>여기서 \\( W(\\mathrm{p}+t \\mathrm{v}) \\) 의 미분은 벡터장 \\( W \\) 의 점 \\( \\mathrm{p}+t \\mathrm{v} \\) 에서의 벡터부분을 미분한 값이다. 따라서 \\( t=0 \\) 를 대입한 값인 공변미분 \\( \\nabla_{\\mathrm{v}} W \\) 는 \\( \\mathrm{T}_{\\mathrm{p}} \\mathbb{R}^{3} \\) 의 원소이다.</p> <p>보기 2.5.2</p> <p>\\( W=x^{2} U_{1}+y z U_{2}+x y U_{3} \\) 이고 \\( \\mathrm{p}=(1,2,-1), \\mathrm{v}=(-1,2,1) \\) 일 때, 벡터장 \\(W\\)에 대한 \\(v\\) 방향의 공변미분을 구하여라.풀이.\\( \\mathrm{p}+t \\mathrm{v}=(1-t, 2+2 t,-1+t) \\) 이므로 \\( W(\\mathrm{p}+t \\mathrm{v})=\\left((1-t)^{2}, 2\\left(t^{2}-1\\right), 2\\left(1-t^{2}\\right)\\right) \\) 이다. 따라서\\[\\left.\\frac{d}{d t} W(\\mathrm{p}+t \\mathrm{v})\\right|_{t=0}=(-2,0,0)=-2 U_{1}(\\mathrm{p}) \\]</p> <p>정리 2.5.3 \\( W=\\sum w_{i} U_{i} \\) 가 미분가능한 벡터장이고 \\( \\mathrm{v}_{\\mathrm{p}} \\in \\mathrm{T}_{\\mathrm{p}} \\mathbb{R}^{3} \\) 이면\\( \\nabla_{\\mathrm{v}} W=\\sum_{i=1}^{3} \\mathrm{v}_{\\mathrm{p}}\\left[w_{i}\\right] U_{i}(\\mathrm{p}) \\)</p> <p>증명 정의로부터 \\[W(\\mathrm{p}+t \\mathrm{v})=\\sum_{i=1}^{3} w_{i}(\\mathrm{p}+t \\mathrm{v}) U_{i}(\\mathrm{p}+t \\mathrm{v})\\]이고 공변미분은 \\( W(\\mathrm{p}+t \\mathrm{v}) \\) 의 벡터부분인 \\( w_{i}(\\mathrm{p}+t \\mathrm{v}) \\) 를 미분하변 된다.\\[\\left.\\frac{d}{d t} w_{i}(\\mathrm{p}+t \\mathrm{v})\\right|_{t=0}=\\mathrm{v}\\left[w_{i}\\right]\\]이므로 \\[\\begin{aligned}\\frac{d}{d t} W(\\mathrm{p}+t \\mathrm{v}) &=\\left.\\sum_{i=1}^{3} \\frac{d}{d t} w_{i}(\\mathrm{p}+t \\mathrm{v})\\right|_{t=0} U_{i}(\\mathbf{p}) \\\\&=\\sum_{i=1}^{3} \\mathrm{v}\\left[w_{i}\\right] U_{i}(\\mathbf{p}) \\end{aligned}\\]</p> <p>정리 2.5.3과 방향도함수에 관한 성질을 나타내는 정리 2.2.4에 의하면 다음이 성립함을 쉽게 알 수 있다.</p> <p>정리 2.5.4 \\( \\mathrm{v}_{p}, \\mathrm{w}_{p} \\in \\mathrm{T}_{p} \\mathbb{R}^{3}, f: \\mathbb{R}^{3} \\rightarrow \\mathbb{R} \\) 이고 \\( Y \\) 와 \\( Z \\) 가 미분가능한 벡터장이라 하면 실수 \\( a, b \\in \\mathbb{R} \\) 에 대하여 \\[\\begin{array}{l}\\nabla_{a \\mathrm{~V}+b \\mathrm{~W}} Y=a \\nabla_{\\mathrm{V}} Y+b \\nabla_{\\mathrm{w}} Y \\\\ \\nabla_{\\mathrm{V}}(a Y+b Z)=a \\nabla_{\\mathrm{v}} Y+b \\nabla_{\\mathrm{v}} Z \\\\ \\nabla_{\\mathrm{V}}(f Y)=\\mathrm{v}[f] Y(\\mathrm{p})+f(\\mathrm{p}) \\nabla_{\\mathrm{v}} Y \\\\ \\mathrm{v}_{\\mathrm{p}}[Y \\cdot Z]=\\nabla_{\\mathrm{v}} Y \\cdot Z(\\mathrm{p})+Y(\\mathrm{p}) \\cdot \\nabla_{\\mathrm{v}} Z \\end{array}\\]</p> <p>도움정리 2.5.5 \\( Y \\) 와 \\( Z \\) 가 미분가능한 벡터장이면 \\( \\mathrm{v}_{\\mathrm{p}} \\in \\mathrm{T}_{\\mathrm{p}} \\mathrm{R}^{3} \\) 에 대하여\\[ \\nabla_{\\mathrm{v}}(Y \\times Z)=\\nabla_{\\mathrm{v}} Y \\times Z(\\mathrm{p})+Y(\\mathrm{p}) \\times \\nabla_{\\mathrm{v}} Z \\]</p> <p>증명 \\[ \\begin{aligned}Y=\\sum_{i=1}^{3} y_{i} U_{i}, \\quad Z=\\sum_{i=1}^{3} z_{i} U_{i} \\text { } \\\\로 놓으면 Y \\times Z &=\\left(y_{2} z_{3}-y_{3} z_{2}, y_{3} z_{1}-y_{1} z_{3}, y_{1} z_{2}-y_{2} z_{1}\\right) \\\\ &=\\sum_{i=1}^{3}\\left(y_{i+1} z_{i}+2-y_{i}+2 z_{i+1}\\right) U_{i} \\end{aligned}\\]여기서 \\( y_{4}=y_{1}, y_{5}=y_{2}, z_{4}=z_{1}, z_{5}=z_{2} \\) 이다. 따라서 \\[\\nabla_{\\mathrm{V}} Y \\times Z=\\sum_{i=1}^{3} \\mathrm{v}\\left[y_{i+1} z_{i+1}-y_{i+2} z_{i+1}\\right] U_{i}(\\mathrm{p}) \\]\\[\\begin{array}{l}=\\sum_{i=1}^{3}\\left(\\mathbf{v}\\left[y_{i+1}\\right] z_{i+2}(\\mathbf{p})+y_{i+1}(\\mathbf{p}) v\\left[z_{i+2}\\right]-v\\left[y_{i+2}\\right] z_{i+1}(\\mathbf{p})-y_{i+2}(\\mathbf{p}) v\\left[z_{i+1}\\right]\\right) U_{i}(\\mathbf{p}) \\\\ =\\sum_{i=1}^{3}\\left(\\mathbf{v}\\left[y_{i+1}\\right] z_{i+2}(\\mathbf{p})-v\\left[y_{i}+2\\right] z_{i+1}(\\mathbf{p})\\right) U_{i}(\\mathbf{p})\\end{array}\\]\\[\\begin{array}{l}+\\sum_{i=1}^{3}\\left(y_{i+1}(\\mathrm{p}) v\\left[z_{i+2}\\right]-y_{i+2}(\\mathrm{p}) \\mathrm{v}\\left[z_{i+1}\\right]\\right) U_{i}(p) \\\\\\nabla_{V} Y \\times Z(\\mathrm{p})+Y(\\mathrm{p}) \\times \\nabla_{V} Z \\end{array}\\]\\[=\\nabla_{\\mathrm{V}} Y \\times Z(\\mathbf{p})+Y(\\mathbf{p}) \\times \\nabla_{\\mathrm{v}} Z \\]</p> <p>정의 2.5.6 \\( V \\) 와 \\( W \\) 가 미분가능한 벡터장일 때, \\( \\nabla_{V} W \\) 를\\[\\left(\\nabla_{V} W\\right)(\\mathbf{p})=\\nabla_{V(p)} W\\]로 정의한다.</p> <p>도움정리 2.5.7 \\( \\begin{aligned} \\nabla_{V} W 는 벡터장이고 또 W &=\\sum_{i=1}^{3} w_{i} U_{i} \\text { 이면 } \\\\ & \\nabla_{V} W=\\sum_{i=1}^{3} V\\left[w_{i}\\right] U_{i} \\end{aligned} \\)</p> <p>증명 정의에 의해 \\( \\nabla_{V} W \\) 는 벡터장이다. \\( W=\\sum_{i=1}^{3} w_{i} U_{i} \\) 이면 \\[\\begin{aligned}\\left(\\nabla_{V} W\\right)(\\mathbf{p}) &=\\nabla_{V(p)} W=\\sum_{i=1}^{3} V(\\mathbf{p})\\left[w_{i}\\right] U_{i}(\\mathbf{p}) \\\\&=\\sum_{i=1}^{3} V\\left[w_{i}\\right](\\mathrm{p}) U_{i}(\\mathbf{p})\\end{aligned} \\]</p> <p>\\( =\\left(\\sum_{i=1}^{3} V\\left[w_{i}\\right] U_{i}\\right)(\\mathrm{p}) \\)</p> <p>보기 2.5.8 \\( V=x y U_{1}+(x+z) U_{2}+y U_{3}, W=y^{2} U_{1}+x y U_{3} \\) 일 때, \\( \\nabla_{V} W \\) 를 구하여라. 풀이. 공변미분의 정의와 성질에 의해\\[\\begin{array}{l}V\\left[y^{2}\\right]=(x+z) U_{2}\\left[y^{2}\\right]=2 y(x+z) \\\\ V[x y]=x y U_{1}[x y]+(x+z) U_{2}[x y]=x\\left(x+y^{2}+z\\right) \\end{array}\\]따라서\\[\\nabla_{V} W=2 y(x+z) U_{1}+x\\left(x+y^{2}+z\\right) U_{3}\\]</p> <p>따름정리 2.5.9 \\( V, W, Y, Z \\) 가 각각 미분가능한 벡터장이고 \\( a, b \\in \\mathbb{R}, f, g: \\mathbb{R}^{3} \\rightarrow \\mathbb{R} \\) 이면\\[\\begin{array}{l}\\nabla_{f V+g \\Pi W} Y=f \\nabla_{V} Y+g \\nabla_{W} Y \\\\\\nabla_{V}(a Y+b Z)=a \\nabla_{V} Y+b \\nabla_{V} Z \\\\\\nabla_{V}(f Y)=V[f] Y+f \\nabla_{V} Y \\\\V[Y \\cdot Z]=\\nabla_{V} Y \\cdot Z+Y \\cdot \\nabla_{V} Z\\end{array} \\]</p> <p>증명 정의 2.5.6과 정리 2.5.4를 이용하면 쉽게 증명할 수 있다.</p> <p></p> <p></p>",
                "context_length": 5419,
                "summary": "\\( W \\)는 \\( \\mathbb{R}^{3} \\)의 미분가능한 벡터장이고 \\( v_{p} \\in T_{p} R^{3} \\ 을 접벡터라고 하면, \\( W(\\mathrm{p}+t \\mathrm{v}) \\)의 미분은 벡터장 \\( W \\)의 점 \\( \\mathrm{p}+t \\mathrm{v} \\)에서의 벡터부분을 미분한 값이다. \\( t=0 \\)를 대입한 \\( \\nabla_{\\mathrm{v}} W \\)는 \\( \\mathrm{T}_{\\mathrm{p}} \\mathbb{R}^{3} \\)의 원소이다. \\( W\\), \\( V \\)가 미분가능한 벡터장이고 \\( \\mathrm{v}_{\\mathrm{p}} \\in \\mathrm{T}_{\\mathrm{p}} \\mathbb{R}^{3} \\)이면 \\( \\nabla_{\\mathrm{v}} W=\\sum_{i=1}^{3} \\mathrm{v}_{\\mathrm{p}}\\left[w_{i}\\right] U_{i}(\\mathrm{p}) \\) 식과, \\((\\nabla_{V} W) ( \\mathbf{p})\\)=\\(\\nabla_{V(p)} W\\) 식이 성립한다.",
                "clue": [
                    {
                        "clue_text": "\\( W \\) 를 \\( \\mathbb{R}^{3} \\) 의 미분가능한 벡터장이라 하고 \\( v_{p} \\in T_{p} R^{3} \\) 을 접벡터라 하자.",
                        "clue_start": "144",
                        "clue_end": "230"
                    },
                    {
                        "clue_text": "여기서 \\( W(\\mathrm{p}+t \\mathrm{v}) \\) 의 미분은 벡터장 \\( W \\) 의 점 \\( \\mathrm{p}+t \\mathrm{v} \\) 에서의 벡터부분을 미분한 값이다.",
                        "clue_start": "374",
                        "clue_end": "481"
                    },
                    {
                        "clue_text": "따라서 \\( t=0 \\) 를 대입한 값인 공변미분 \\( \\nabla_{\\mathrm{v}} W \\) 는 \\( \\mathrm{T}_{\\mathrm{p}} \\mathbb{R}^{3} \\) 의 원소이다.",
                        "clue_start": "482",
                        "clue_end": "592"
                    },
                    {
                        "clue_text": "\\( V \\) 와 \\( W \\) 가 미분가능한 벡터장일 때, \\( \\nabla_{V} W \\) 를\\[\\left(\\nabla_{V} W\\right)(\\mathbf{p})=\\nabla_{V(p)} W\\]로 정의한다.",
                        "clue_start": "3956",
                        "clue_end": "4074"
                    },
                    {
                        "clue_text": "\\( W=\\sum w_{i} U_{i} \\) 가 미분가능한 벡터장이고 \\( \\mathrm{v}_{\\mathrm{p}} \\in \\mathrm{T}_{\\mathrm{p}} \\mathbb{R}^{3} \\) 이면\\( \\nabla_{\\mathrm{v}} W=\\sum_{i=1}^{3} \\mathrm{v}_{\\mathrm{p}}\\left[w_{i}\\right] U_{i}(\\mathrm{p}) \\)",
                        "clue_start": "1021",
                        "clue_end": "1237"
                    }
                ],
                "terminology": [
                    {
                        "word": "공변미분"
                    },
                    {
                        "word": "도움정리"
                    },
                    {
                        "word": "따름정리"
                    },
                    {
                        "word": "미분"
                    },
                    {
                        "word": "미분가능"
                    },
                    {
                        "word": "방향도함수"
                    },
                    {
                        "word": "벡터부분"
                    },
                    {
                        "word": "벡터장"
                    },
                    {
                        "word": "변수"
                    },
                    {
                        "word": "성분함수"
                    },
                    {
                        "word": "실수"
                    },
                    {
                        "word": "원소"
                    },
                    {
                        "word": "접벡터"
                    }
                ]
            },
            {
                "context_id": "55e-0c9-f32b505b-12ae-474f-91e4-1d0270f6dee2",
                "context_K-NSCC": {
                    "field": "자연",
                    "large_category": "NA",
                    "medium_category": "02"
                },
                "context": "<h1>2.3 다변수함수의 미분</h1> <p>이 절에서는 다변수함수의 미분을 기하학적 관점에서 알아보고 다변수해석학에서 매우 유용한 정리인 역함수의 정리와 음함수의 정리를 소개한다. 역함수의 정리와 음함수의 정리를 기하학적 관점에서 보면 그것의 증명보다는 응용이나 적용이 중요하기때문에 정리의 증명은 부록에서 소개하고 여기서는 생략하였다.</p> <p>\\( 1 \\leq n, m \\leq 3 \\) 일 때 벡터값을 함수값으로 갖는 다변수함수</p> <p>\\( F: \\mathbb{R}^{n} \\rightarrow \\mathbb{R}^{m} \\)</p> <p>을 생각하자.\\(n=3\\) 이고 \\(m=1\\)인 경우 2절에서 접벡터의 방향도함수에 대하여 알아 보았다. 실수의 집합으로 사상되는 함수 \\( f: \\mathbb{R}^{3} \\rightarrow \\mathbb{R} \\) 가 점 \\( \\mathrm{p} \\) 에서 일차미분 가능하다는 것은 벡터 \\( \\mathrm{a} \\in \\mathbb{R}^{3} \\) 가 존재하여 \\( \\mathrm{h} \\rightarrow 0 \\) 이면</p> <p>\\( \\frac{f(\\mathrm{p}+\\mathrm{h})-f(\\mathrm{p})-\\mathrm{a} \\cdot \\mathrm{h}}{\\|\\mathrm{h}\\|} \\rightarrow 0 \\)</p> <p>일 때를 말한다. \\( n=2 \\) 인 경우에도 같은 방법으로 정의하면 된다. 일차도함수 뿐만 아니라 모든 차수의 도함수가 존재할때 \\( f \\) 가 미분가능하다고 한다. \\( n=1 \\) 이고 \\( m=3 \\) 인 경우는 1 장에서 다루었던 곡선에 해당한다. 따라서 여기서는 다음과 같은 경우</p> <p>\\( \\mathbb{R}^{2} \\rightarrow \\mathbb{R}^{2}, \\mathbb{R}^{2} \\rightarrow \\mathbb{R}^{3}, \\mathbb{R}^{3} \\rightarrow \\mathbb{R}^{3} \\)</p> <p>에 함수의 미분에 대하여 알아보기로 한다. 함수 \\( F: \\mathbb{R}^{n} \\rightarrow \\mathbb{R}^{m} \\) 을 성분으로 나타내면</p> <p>\\( F(\\mathrm{p})=\\left(f_{1}(\\mathrm{p}), \\cdots, f_{m}(\\mathrm{p})\\right) \\)</p> <p>과 같이 쓸 수 있다. 이때 \\( f_{i}: \\mathbb{R}^{n} \\rightarrow \\mathbb{R} \\) 를 함수 \\( F \\)의 성분함수라고 한다.</p> <p>정의 2.3 .1 함수 \\( F: \\mathbb{R}^{n} \\rightarrow \\mathbb{R}^{m} \\) 을 \\( F=\\left(f_{1}, \\cdots, f_{m}\\right) \\) 으로 나타낼 때, 모든 \\( i=1, \\cdots, m \\) 에 대하여 \\( f_{i}: \\mathbb{R}^{n} \\rightarrow \\mathbb{R} \\) 가 미분가능하면 함수 \\( F \\) 가 미분가능하다고 한다. 또, \\( n=m \\) 일 때 \\( F: \\mathbb{R}^{n} \\rightarrow \\mathbb{R}^{n} \\) 이 미분가능한 전단사함수이고 역함수 \\( F^{-1}: \\mathbb{R}^{n} \\rightarrow \\mathbb{R}^{n} \\) 가 미분가능하변 함수 \\( F \\) 를 미분동형사상(diffeomorphism)이라고 한다.</p> <p>다변수함수의 미분은 국소적으로도 정의할 수 있다. \\( D \\) 가 \\( \\mathbb{R}^{n} \\) 의 부분집합이라 하자. \\( D \\) 의 각 점 \\( \\mathrm{p} \\in D \\) 에 대하여 집합</p> <p>\\( \\left\\{q \\in \\mathbb{R}^{3} \\mid\\|q-p\\|<\\epsilon\\right\\} \\)</p> <p>이 \\( D \\) 에 포함되도록 하는 양수 \\( \\epsilon>0 \\) 이 존재할 때, 집합 \\( D \\) 를 개집합(open set)이라고 한다. \\( D \\subset \\mathbb{R}^{n} \\) 을 개집합이라 하고 함수 \\( F: D \\rightarrow \\mathbb{R}^{m} \\) 이 \\( F=\\left(f_{1}, \\cdots, f_{m}\\right) \\) 일 때, 모든 \\( i=1, \\cdots, m \\) 에 대하여 \\( f_{i}: D \\rightarrow \\mathbb{R} \\) 가 미분가능하면 \\( F \\) 가 미분가능하다고 한다. 또, \\( E \\) 가 \\( \\mathbb{R}^{n} \\) 의 다른 개집합일 때 함수 \\( F: D \\rightarrow E \\) 의 역함수 \\( F^{-1}: E \\rightarrow D \\) 가 존재하고 미분 가능하면 \\( F \\) 를 미분동형사상이라 하고 이 경우 두 집합 \\( D \\) 와 \\( E \\) 를 미분동형 (diffeomorphic)이라고 한다. \\( D \\) 가 \\( \\mathbb{R}^{n} \\) 의 개집합일 때 기호 \\( D \\subset \\mathbb{R}^{n} \\) 으로 나타내자.</p> <p>정리 2.3.2 \\[D \\subset \\mathbb{R}^{n} \\stackrel{F}{\\longrightarrow} \\in \\mathbb{R}^{m} \\stackrel{G}{\\mathbb{R}^{l}} \\]이 미분가능하변 합성함수 \\( G \\circ F: D \\rightarrow \\mathbb{R}^{l} \\) 도 미분가능하다.</p> <p>증명 다변수해석학 또는 고등미적분학에서 성립하는 기본적인 성질이다.</p> <p>3 차원 유클리드 공간 \\( \\mathbb{R}^{3} \\) 에서 정의된 벡터를 \\( n \\) 차원 유클리드 공간 \\( \\mathbb{R}^{n} \\) 에 같은 방법으로 정의할 수 있다. 다시 말해서 \\( \\mathrm{v}_{\\mathrm{p}} \\) 가 점 \\( \\mathrm{p} \\in \\mathbb{R}^{n} \\) 에서 \\( \\mathrm{R}^{n} \\) 에 접하는 접벡터라는 것은 \\( \\mathbb{R}^{n} \\) 의 두 벡터 \\( \\mathrm{v} \\) 와 \\( \\mathrm{p} \\) 로 구성되어 있는 순서쌍을 말한다. 또, 점 \\( \\mathrm{p} \\) 에서 \\( \\mathbb{R}^{n} \\) 에 접하는 접벡터 전체의 집합을 \\( T_{p} R^{n} \\) 으로 나타낸다(2장1절 연습문제 참고).</p> <p>정의 2.3.3 \\( D \\subset \\mathbb{R}^{n} \\) 을 개집합이라 하고 \\( F: D \\rightarrow \\mathbb{R}^{m} \\) 을 미분가능한 함수라 하자. \\( \\mathrm{v}_{\\mathrm{p}} \\in \\mathrm{T}_{\\mathrm{p}} \\mathrm{R}^{n} \\) 에 대하여, \\( d F_{\\mathrm{p}}\\left(\\mathrm{v}_{\\mathrm{p}}\\right) \\) 를 곳선 \\( t \\rightarrow F(\\mathrm{p}+t \\mathrm{v}) \\) 의 \\( t=0 \\) 에서의 미분계수로 정의한 다. 즉,\\[d F_{\\mathrm{p}}\\left(\\mathrm{v}_{\\mathrm{p}}\\right)=(F(\\mathrm{p}+t \\mathrm{v}))^{\\prime}(0) \\]그리고 사상 \\( d F_{\\mathrm{p}}: \\mathrm{T}_{\\mathrm{p}} \\mathbb{R}^{\\mathrm{n}} \\rightarrow \\mathrm{T}_{\\mathrm{F}(\\mathrm{p})} \\mathrm{R}^{\\mathrm{m}} \\) 을 함수 \\( F \\) 의 미분사상(differentiol)이라고 한다.</p> <p>정리 2.3.4 \\( \\mathrm{v}_{\\mathrm{p}} \\in \\mathrm{T}_{\\mathrm{p}} \\mathbb{R}^{\\mathrm{n}} \\) 이고. \\( F: \\mathbb{R}^{n} \\rightarrow \\mathbb{R}^{m}, F=\\left(f_{1}, \\cdots, f_{m}\\right) \\) 이 미분가능하면 \\( d F_{p}\\left(\\mathrm{v}_{\\mathrm{p}}\\right)=\\left(\\mathrm{v}_{\\mathrm{p}}\\left[f_{1}\\right], \\cdots, \\mathrm{v}_{\\mathrm{p}}\\left[f_{m}\\right]\\right)_{F(\\mathrm{p})} \\)</p> <p>증명 곡선 \\( \\beta \\) 를\\[\\beta(t)=F(\\mathrm{p}+t \\mathrm{v})=\\left(f_{1}(\\mathrm{p}+t \\mathrm{v}), f_{2}(\\mathrm{p}+t \\mathrm{v}), \\cdots, f_{m}(\\mathrm{p}+t \\mathrm{v})\\right)\\]</p> <p>로 정의하면 정의에 의해 \\( \\beta^{\\prime}(0)=d F_{\\mathrm{p}}\\left(\\mathrm{v}_{\\mathrm{p}}\\right) \\) 이다. 방향도함수의 정의에 의해</p> <p>\\( \\left.\\frac{d}{d t}\\left(f_{i}(\\mathrm{p}+t \\mathrm{v})\\right)\\right|_{t=0}=\\mathrm{v}_{\\mathrm{p}}\\left[f_{i}\\right] \\)</p> <p>이므로</p> <p>\\( d F_{\\mathrm{p}}(\\mathrm{v})=\\left(\\mathrm{v}_{\\mathrm{p}}\\left[f_{1}\\right], \\cdots, \\mathrm{v}_{\\mathrm{p}}\\left[f_{m}\\right]\\right) \\)</p> <p>따름정리2.3.5 미분가능한 함수 \\( F: \\mathbb{R}^{n} \\rightarrow \\mathbb{R}^{m} \\) 에 대하여 각 점 \\( \\mathrm{p} \\in \\mathbb{R}^{n} \\) 에서의 미분사상</p> <p>\\( d F_{\\mathrm{p}}: \\mathrm{T}_{\\mathrm{p}} \\mathbb{R}^{\\mathrm{n}} \\rightarrow \\mathrm{T}_{\\mathrm{F}(\\mathrm{p})} \\mathbb{R}^{\\mathrm{m}} \\)</p> <p>은 선형사상이다.</p> <p>증명 \\( \\mathrm{v} \\) 와 \\( \\mathrm{w} \\) 가 점 \\( \\mathrm{p} \\) 에서의 접벡터라고 할 때, 임의의 두 실수 \\( a, b \\) 에 대하여</p> <p>\\( d F_{p}(a v+b w)=a d F_{p}(\\mathrm{v})+b d F_{p}(w) \\)</p> <p>가 성립함을 보이면 된다. 그런데 이것은 정리 2.2.4와 정리 2.3.4에 의해 자명하다.</p> <p>\\( n \\) 차원 유클리드 공간 \\( \\mathbb{R}^{n} \\) 의 표준기저를</p> <p>\\[\\mathrm{e}_{1}=(1,0, \\cdots, 0), \\mathrm{e}_{2}=(0,1,0, \\cdots, 0), \\cdots, \\mathrm{e}_{n}=(0, \\cdots, 0,1) \\]로 놓으면 식 (2.2.2)와 식 (2.3.1)에 의해</p> <p>\\( \\begin{aligned} d F_{\\mathrm{p}}\\left(\\left(\\mathbf{e}_{i}\\right)_{\\mathrm{p}}\\right) &=\\left(\\left(\\mathbf{e}_{i}\\right)_{\\mathrm{p}}\\left[f_{1}\\right], \\cdots,\\left(\\mathbf{e}_{i}\\right)_{\\mathrm{p}}\\left[f_{m}\\right]\\right) \\\\ &=\\left(\\frac{\\partial f_{1}}{\\partial x_{i}}(\\mathrm{p}), \\frac{\\partial f_{2}}{\\partial x_{i}}(\\mathrm{p}), \\cdots, \\frac{\\partial f_{m}}{\\partial x_{i}}(\\mathrm{p})\\right) \\end{aligned} \\)</p> <p>이다. 따라서</p> <p>\\( d F_{\\mathrm{p}}\\left(\\left(\\mathbf{e}_{i}\\right)_{p}\\right)=\\frac{\\partial F}{\\partial x_{i}}(\\mathrm{p}) \\)</p> <p>다음에는 1장에서 배운 곡선과 방향도함수 또는 곡선의 미분에 대한 관계식을 알아보자.</p> <p>참고 2.3.6 \\(\\quad p \\in \\mathbb{R} \\) 이고 \\( 1_{p} \\in T_{p} R \\) 를 접벡터라 하자. 임의의 함수 \\( f: \\mathbb{R} \\rightarrow \\mathbb{R} \\) 에 대하여</p> <p>\\( 1_{p}[f]=\\left.\\frac{d}{d t}(f(p+t \\cdot 1))\\right|_{t=0}=f^{\\prime}(p) \\)</p> <p>가 성립한다.</p> <p>도움정리 2.3.7 \\( \\alpha:(a, b) \\rightarrow \\mathbb{R}^{3} \\) 이 미분가능한 곡선이면 각 점 \\( p \\in(a, b) \\) 에 대하여 \\[d \\alpha_{p}\\left(1_{p}\\right)=\\alpha^{\\prime}(p)\\]</p>",
                "context_length": 6503,
                "summary": "다변수함수의 미분에 대해 알아본다. 다변수함수를 \\( F: \\mathbb{R}^{n} \\rightarrow \\mathbb{R}^{m} \\) 로 표현하면, 함수의 성분함수를 \\( f_{i}: \\mathbb{R}^{n} \\rightarrow \\mathbb{R} \\) 라고 한다. 모든 성분함수가 미분 가능하면 함수 \\( f \\)는 미분 가능하다고 한다. 또한, \\( n=m \\)인 경우 함수 F가 전단사함수이고 역함수 \\( F^{-1}\\)가 미분 가능하면 \\( F \\)를 미분동형사상이라고 한다. 함수 \\( F \\)의 미분은 \\(dF_{\\mathrm{p}}\\left(\\mathrm{v}_{\\mathrm{p}}\\right) \\)로 나타내며, 선형사상이다. 합성함수의 미분에 대해서도 소개한다. 이어서 접벡터와 미분사상에 대한 정의와 성질을 설명한다. 이를 통해 다변수함수의 미분을 기하학적으로 이해할 수 있다.",
                "clue": [
                    {
                        "clue_text": "이때 \\( f_{i}: \\mathbb{R}^{n} \\rightarrow \\mathbb{R} \\) 를 함수 \\( F \\)의 성분함수라고 한다.",
                        "clue_start": "1185",
                        "clue_end": "1263"
                    },
                    {
                        "clue_text": "또, \\( n=m \\) 일 때 \\( F: \\mathbb{R}^{n} \\rightarrow \\mathbb{R}^{n} \\) 이 미분가능한 전단사함수이고 역함수 \\( F^{-1}: \\mathbb{R}^{n} \\rightarrow \\mathbb{R}^{n} \\) 가 미분가능하변 함수 \\( F \\) 를 미분동형사상(diffeomorphism)이라고 한다.",
                        "clue_start": "1504",
                        "clue_end": "1699"
                    },
                    {
                        "clue_text": "즉,\\[d F_{\\mathrm{p}}\\left(\\mathrm{v}_{\\mathrm{p}}\\right)=(F(\\mathrm{p}+t \\mathrm{v}))^{\\prime}(0) \\]그리고 사상 \\( d F_{\\mathrm{p}}: \\mathrm{T}_{\\mathrm{p}} \\mathbb{R}^{\\mathrm{n}} \\rightarrow \\mathrm{T}_{\\mathrm{F}(\\mathrm{p})} \\mathrm{R}^{\\mathrm{m}} \\) 을 함수 \\( F \\) 의 미분사상(differentiol)이라고 한다.",
                        "clue_start": "3492",
                        "clue_end": "3783"
                    },
                    {
                        "clue_text": "\\( d F_{\\mathrm{p}}: \\mathrm{T}_{\\mathrm{p}} \\mathbb{R}^{\\mathrm{n}} \\rightarrow \\mathrm{T}_{\\mathrm{F}(\\mathrm{p})} \\mathbb{R}^{\\mathrm{m}} \\)",
                        "clue_start": "4882",
                        "clue_end": "5025"
                    }
                ],
                "terminology": [
                    {
                        "word": "diffeomorphic"
                    },
                    {
                        "word": "diffeomorphism"
                    },
                    {
                        "word": "open set"
                    },
                    {
                        "word": "개집합"
                    },
                    {
                        "word": "관계식"
                    },
                    {
                        "word": "기하학적 관점"
                    },
                    {
                        "word": "다변수함수"
                    },
                    {
                        "word": "다변수해석학"
                    },
                    {
                        "word": "도함수"
                    },
                    {
                        "word": "미분"
                    },
                    {
                        "word": "미분가능"
                    },
                    {
                        "word": "미분가능한 곡선"
                    },
                    {
                        "word": "미분가능한 함수"
                    },
                    {
                        "word": "미분계수"
                    },
                    {
                        "word": "미분동형"
                    },
                    {
                        "word": "미분동형사상"
                    },
                    {
                        "word": "미분사상"
                    },
                    {
                        "word": "방향도함수"
                    },
                    {
                        "word": "벡터"
                    },
                    {
                        "word": "벡터값"
                    },
                    {
                        "word": "부분집합"
                    },
                    {
                        "word": "선형사상"
                    },
                    {
                        "word": "성분함수"
                    },
                    {
                        "word": "실수"
                    },
                    {
                        "word": "역함수"
                    },
                    {
                        "word": "유클리드 공간"
                    },
                    {
                        "word": "음함수"
                    },
                    {
                        "word": "음함수의 정리"
                    },
                    {
                        "word": "일차도함수"
                    },
                    {
                        "word": "일차미분"
                    },
                    {
                        "word": "전단사함수"
                    },
                    {
                        "word": "접벡터"
                    },
                    {
                        "word": "집합"
                    },
                    {
                        "word": "표준기저"
                    },
                    {
                        "word": "함수"
                    },
                    {
                        "word": "함수값"
                    },
                    {
                        "word": "합성함수"
                    }
                ]
            }
        ]
    }
}