{
    "dataset_info": {
        "identifier": "02-031-002-NL",
        "name": "기술과학 문서 요약 데이터",
        "category": "자연어",
        "last_updated": "2023-08-30"
    },
    "dataset": {
        "doc_id": "55e4099e-d003-406b-ad48-6470cbe96fc2",
        "doc_type": "도서",
        "doc_title": {
            "kor": "대학기초수학_인수분해",
            "eng": ""
        },
        "doc_category": {
            "KDC": "411",
            "DDC": ""
        },
        "doc_number": {
            "ISSN": "",
            "ISBN": "9791160730524",
            "DOI": "",
            "UCI": ""
        },
        "doc_year": "2017",
        "doc_author": [
            "전춘배"
        ],
        "doc_publisher": "경문사",
        "doc_license": "저작권 협의됨",
        "context_info": [
            {
                "context_id": "55e-0c9-merge_2_55e4099e-d003-406b-ad48-6470cbe96fc2_00",
                "context_K-NSCC": {
                    "field": "자연",
                    "large_category": "NA",
                    "medium_category": "99"
                },
                "context": "<h1>3 인수분해</h1> <p>학습목표</p> <ol type = 1 start=1><li>공통인수를 찾아 다항식을 인수분해할 수 있다.</li> <li>인수분해 공식을 사용하여 다항식을 인수분해할 수 있다.</li> <li>인수분해 공식을 사용하여 수식을 계산할 수 있다.</li></ol> <h2>\\(3-1 \\) 공통인수 \\((1 \\))</h2> <ul> <li>\\( A B + A C-A D=A(B + C-D) \\)</li> <li>\\( A B-C B + D B=(A-C + D) B \\)</li></ul> <p>연습 \\(3-1 \\) 다음 식에서 공통인수를 찾아 곱의 꼴로 나타내어라.</p> <ol type=1 start=1><li>\\( a x + 2 a y \\)</li> <li>\\( 2 x ^ { 2 } + 4 x \\)</li> <li>\\( 3 a + 12 a b \\)</li> <li>\\( a x-a y + a z \\)</li></ol> <h2>\\(3-2 \\) 공통인수 \\((2 \\))</h2> <ul> <li>\\( A B + A C-D E + D F=A(B + C)-D(E-F) \\)</li> <li>\\( A B-C B + D E-F E=(A-C) B + (D-F) E \\)</li> <li>\\( A B + A C-D B-D C=A(B + C)-D(B + C)=(A-D)(B + C) \\)</li></ul> <p>연습 \\(3-2 \\) 다음 식에서 공통인수를 찾아 곱의 꼴로 나타내어라.</p> <ol type=1 start=1><li>\\( a x + a y + b x + b y \\)</li> <li>\\( x ^ { 2 } -2 x + 4 x-8 \\)</li></ol> <h2>\\(3-3 \\) 인수분해</h2> <p>\\( x ^ { 2 } + 5 x + 4=(x + 1)(x + 4) \\) 와 같이 한 다항식을 두 개 이상의 인수들의 곱으로 표현하 는 것을 인수분해라고 한다. \\[ x ^ { 2 } + 5 x + 4 \\underset {\\text { 인수분해 } } {\\rightleftarrows } (x + 1)(x + 4) \\]</p> <p>연습 \\(3-3 \\) 다음을 인수분해하여라.</p> <ol type=1 start=1><li>\\( 2 x ^ { 2 } -5 x \\)</li> <li>\\( 3 x ^ { 2 } -6 x + 4 x-8 \\)</li></ol> <h2>\\(3-4 \\) 완전제곱식으로의 인수분해</h2> <ul> <li>\\( A ^ { 2 } + 2 A B + B ^ { 2 } =(A + B) ^ { 2 } \\)</li> <li>\\( A ^ { 2 } -2 A B + B ^ { 2 } =(A-B) ^ { 2 } \\)</li></ul> <p>연습 \\(3-4 \\) 다음을 인수분해하여라.</p> <ol type=1 start=1><li>\\( x ^ { 2 } + 4 x + 4 \\)</li> <li>\\( a ^ { 2 } + 4 a b + 4 b ^ { 2 } \\)</li> <li>\\( x ^ { 2 } -6 x + 9 \\)</li> <li>\\( 9 a ^ { 2 } -6 a b + b ^ { 2 } \\)</li></ol>",
                "context_length": 1550,
                "summary": "학습목표에 맞추어 공통인수를 찾아내어 다항식을 곱의 형태로 인수분해 하는 예시와 예제를 제시한다. 또한 인수분해가 한 다항식을 두 개 이상의 인수들의 곱으로 표현하는 것이라 설명하며 인수분해 공식에 맞추어 다항식을 일반 인수분해 및 완전제곱식으로 나타낼 수 있는 예시와 예제를 제공한다.",
                "clue": [
                    {
                        "clue_text": "<li>공통인수를 찾아 다항식을 인수분해할 수 있다.</li> <li>인수분해 공식을 사용하여 다항식을 인수분해할 수 있다.</li> <li>인수분해 공식을 사용하여 수식을 계산할 수 있다.</li>",
                        "clue_start": "49",
                        "clue_end": "160"
                    },
                    {
                        "clue_text": "\\( x ^ { 2 } + 5 x + 4=(x + 1)(x + 4) \\) 와 같이 한 다항식을 두 개 이상의 인수들의 곱으로 표현하 는 것을 인수분해라고 한다.",
                        "clue_start": "859",
                        "clue_end": "948"
                    }
                ],
                "terminology": [
                    {
                        "word": "공통인수"
                    },
                    {
                        "word": "다항식"
                    },
                    {
                        "word": "완전제곱식"
                    },
                    {
                        "word": "인수"
                    },
                    {
                        "word": "인수분해"
                    }
                ]
            },
            {
                "context_id": "55e-0c9-merge_2_55e4099e-d003-406b-ad48-6470cbe96fc2_03",
                "context_K-NSCC": {
                    "field": "자연",
                    "large_category": "NA",
                    "medium_category": "99"
                },
                "context": "<p>문제 \\(3-6 \\) 다음을 인수분해하여라.</p> <ol type=1 start=1><li>\\( x ^ { 2 } -5.4 x + 7.29 \\)</li> <li>\\( 4 x ^ { 2 } + 96 x-1728 \\)</li> <li>\\( x ^ { 2 } - \\frac { 19 } { 51 } x- \\frac { 4 } { 17 } \\)</li> <li>\\( 2 x ^ { 2 } + 892 x + 83616 \\)</li></ol> <p>삼차다항식 \\( a x ^ { 3 } + b x ^ { 2 } + c x + d \\) 는 삼차방정식 \\( a x ^ { 3 } + b x ^ { 2 } + c x + d=0 \\) 의 해에 따라 다음과 같이 인수분해된다.</p> <ol type=1 start=1><li>해가 \\( x= \\alpha, y= \\beta, x= \\gamma \\) 인 경우 \\[ a x ^ { 3 } + b x ^ { 2 } + c x + d=a(x- \\alpha)(x- \\beta)(x- \\gamma) \\]</li> <li>해가 \\( x= \\alpha \\) (중근), \\( x= \\beta \\) 인 경우 \\[ a x ^ { 3 } + b x ^ { 2 } + c x + d=a(x- \\alpha) ^ { 2 } (x- \\beta) \\]</li> <li>해가 \\( x= \\alpha \\) (삼중근)인 경우 \\[ a x ^ { 3 } + b x ^ { 2 } + c x + d=a(x- \\alpha) ^ { 3 } \\]</li></ol> <p>문제 \\(3-7 \\) 다음을 인수분해하여라. (참고 : 중근의 경우 마지막에 출력된다.)</p> <ol type=1 start=1><li>\\( 3 x ^ { 3 } + 150 x ^ { 2 } -8007 x-216810 \\)</li> <li>\\( 2 x ^ { 3 } -9 x ^ { 2 } + 13.5 x-6.75 \\)</li> <li>\\( -2 x ^ { 3 } -76 x ^ { 2 } + 510 x-792 \\)</li> <li>\\( -x ^ { 3 } -3.6 x ^ { 2 } + 16.84 x + 23.664 \\)</li></ol> <p>문제 \\(3-8 \\) 다음을 계산하여라.</p> <ol type=1 start=1><li>\\( x=4- \\sqrt { 3 } \\) 일 때, \\( x ^ { 2 } -8 x + 12 \\)</li> <li>\\( x=-2 + \\sqrt { 5 } \\) 일 때, \\( x ^ { 2 } + 4 x + 12 \\)</li> <li>\\( x=2 + \\sqrt[3] { 4 } \\) 일 때, \\( x ^ { 3 } -6 x ^ { 2 } + 12 x + 36 \\)</li> <li>\\( x=-2- \\sqrt[3] { 4 } \\) 일 때, \\( x ^ { 3 } + 6 x ^ { 2 } + 12 x + 36 \\)</li></ol> <p>문제 \\(3-9 \\) 다음을 구하여라.</p> <ol type=1 start=1><li>\\( \\frac { 31 ^ { 4 } + 31 ^ { 2 } + 1 } { 31 ^ { 2 } + 31 + 1 } =30 ^ { 2 } + a \\) 를 만족하는 실수 \\( a \\) 의 값을 구하여라.</li> <li>\\( 2 ^ { 24 } -3 ^ { 15 } -13 ^ { 3 } \\) 이 \\( 2 ^ { 8 } 3 ^ { a } 13 ^ { b } \\) 로 소인수 분해 될 때 \\( a + b \\) 를 구하여라.</li></ol> <p>문제 \\(3-10 \\) 다음을 구하여라.</p> <ol type=1 start=1><li>\\( 15 \\cdot 16 \\cdot 17 \\cdot 18 + 1=A ^ { 2 } \\) 을 만족하는 자연수 \\( A \\) 의 값.</li> <li>\\( (2 + 1) \\left (2 ^ { 2 } + 1 \\right ) \\left (2 ^ { 4 } + 1 \\right ) \\left (2 ^ { 8 } + 1 \\right )=2 ^ { a } -1 \\) 을 만족하는 자연수 \\( a \\) 의 값.</li></ol> <p>문제 \\(3-11 \\) \\( f(x)=x ^ { 4 } -x ^ { 3 } -3 x ^ { 2 } + 5 x-2 \\) 일 때, \\( f(11) \\) 의 값을 구하여라.</p>",
                "context_length": 2098,
                "summary": "문제 \\(3-6 \\)을 인수분해하려면 삼차다항식 \\( a x ^ { 3 } + b x ^ { 2 } + c x + d \\)를 고려해야 한다. 이 식은 삼차방정식 \\( a x ^ { 3 } + b x ^ { 2 } + c x + d=0 \\)의 해에 따라 다음과 같이 인수분해된다. 해가 \\( x= \\alpha, y= \\beta, x= \\gamma \\)인 경우에는 \\[ a x ^ { 3 } + b x ^ { 2 } + c x + d=a(x- \\alpha)(x- \\beta)(x- \\gamma) \\]로 표현된다. 해가 \\( x= \\alpha \\) (중근), \\( x= \\beta \\)인 경우에는 \\[ a x ^ { 3 } + b x ^ { 2 } + c x + d=a(x- \\alpha) ^ { 2 } (x- \\beta) \\]로 표현된다. 마지막으로, 해가 \\( x= \\alpha \\) (삼중근)인 경우에는 \\[ a x ^ { 3 } + b x ^ { 2 } + c x + d=a(x- \\alpha) ^ { 3 } \\]로 표현된다.",
                "clue": [
                    {
                        "clue_text": "문제 \\(3-6 \\) 다음을 인수분해하여라.",
                        "clue_start": "3",
                        "clue_end": "27"
                    },
                    {
                        "clue_text": "삼차다항식 \\( a x ^ { 3 } + b x ^ { 2 } + c x + d \\) 는 삼차방정식 \\( a x ^ { 3 } + b x ^ { 2 } + c x + d=0 \\) 의 해에 따라 다음과 같이 인수분해된다.",
                        "clue_start": "249",
                        "clue_end": "371"
                    },
                    {
                        "clue_text": "해가 \\( x= \\alpha, y= \\beta, x= \\gamma \\) 인 경우 \\[ a x ^ { 3 } + b x ^ { 2 } + c x + d=a(x- \\alpha)(x- \\beta)(x- \\gamma) \\]",
                        "clue_start": "399",
                        "clue_end": "519"
                    },
                    {
                        "clue_text": "해가 \\( x= \\alpha \\) (중근), \\( x= \\beta \\) 인 경우 \\[ a x ^ { 3 } + b x ^ { 2 } + c x + d=a(x- \\alpha) ^ { 2 } (x- \\beta) \\]",
                        "clue_start": "529",
                        "clue_end": "647"
                    },
                    {
                        "clue_text": "해가 \\( x= \\alpha \\) (삼중근)인 경우 \\[ a x ^ { 3 } + b x ^ { 2 } + c x + d=a(x- \\alpha) ^ { 3 } \\]",
                        "clue_start": "657",
                        "clue_end": "748"
                    }
                ],
                "terminology": [
                    {
                        "word": "삼차다항식"
                    },
                    {
                        "word": "삼차방정식"
                    },
                    {
                        "word": "소인수"
                    },
                    {
                        "word": "소인수 분해"
                    },
                    {
                        "word": "실수"
                    },
                    {
                        "word": "인수분해"
                    },
                    {
                        "word": "자연수"
                    },
                    {
                        "word": "중근"
                    }
                ]
            },
            {
                "context_id": "55e-0c9-merge_2_55e4099e-d003-406b-ad48-6470cbe96fc2_02",
                "context_K-NSCC": {
                    "field": "자연",
                    "large_category": "NA",
                    "medium_category": "99"
                },
                "context": "<h2>\\(3-8 \\) 인수분해의 활용</h2> <p>인수분해를 활용하면 복잡한 수식을 간단하게 계산할 수 있다.</p> <p>연습 \\(3-8 \\) 다음을 계산하여라.</p> <ol type=1 start=1><li>\\( 24 \\times 20-24 \\times 15 \\)</li> <li>\\( 55 ^ { 2 } -45 ^ { 2 } \\)</li> <li>\\( 9 ^ { 2 } -7 ^ { 2 } + 5 ^ { 2 } -3 ^ { 2 } \\)</li> <li>\\( 53 ^ { 2 } \\times \\frac { 7 } { 10 } -47 ^ { 2 } \\times \\frac { 7 } { 10 } \\)</li></ol> <p>확인 \\(3-1 \\) 다음 식에서 공통인수를 찾아 곱의 꼴로 나타내어라.</p> <ol type = 1 start=1><li>\\( a x-2 a x ^ { 2 } \\)</li> <li>\\( -2 x ^ { 2 } + 4 x \\)</li> <li>\\( 3 a ^ { 2 } b + 12 a b \\)</li> <li>\\( (x + 3) x + (x + 3) 5 \\)</li></ol> <p>확인 \\(3-2 \\) 다음 식에서 공통인수를 찾아 곱의 꼴로 나타내어라.</p> <ol type=1 start=1><li>\\( a x-a y + b x-b y \\)</li> <li>\\( w y + w z-2 x y-2 x z \\)</li></ol> <p>확인 \\(3-3 \\) 다음을 인수분해하여라.</p> <ol type=1 start=1><li>\\( 2 x ^ { 2 } -4 x ^ { 3 } \\)</li> <li>\\( 2 x ^ { 2 } + 6 x + 5 x + 15 \\)</li></ol> <p>확인 \\(3-4 \\) 다음을 인수분해하여라.</p> <ol type=1 start=1><li>\\( x ^ { 2 } -4 x + 4 \\)</li> <li>\\( a ^ { 2 } + 6 a b + 9 b ^ { 2 } \\)</li> <li>\\( x ^ { 2 } -8 x + 16 \\)</li> <li>\\( 25 a ^ { 2 } + 10 a b + b ^ { 2 } \\)</li></ol> <p>확인 \\(3-5 \\) 다음을 인수분해하여라.</p> <ol type=1 start=1><li>\\( x ^ { 2 } -25 \\)</li> <li>\\( 25 x ^ { 2 } -36 y ^ { 2 } \\)</li> <li>\\( 81 a ^ { 2 } -4 b ^ { 2 } \\)</li> <li>\\( 49 a ^ { 2 } -9 b ^ { 2 } \\)</li></ol> <p>확인 \\(3-6 \\) 다음을 인수분해하여라.</p> <ol type=1 start=1><li>\\( x ^ { 2 } + 4 x + 3 \\)</li> <li>\\( 2 x ^ { 2 } -9 x-5 \\)</li> <li>\\( x ^ { 2 } -4 x y + 3 y ^ { 2 } \\)</li> <li>\\( 2 x ^ { 2 } + 5 x y-3 y ^ { 2 } \\)</li></ol> <p>확인 \\(3-7 \\) 다음을 인수분해하여라.</p> <ol type=1 start=1><li>\\( x ^ { 3 } + 1 \\)</li> <li>\\( a ^ { 3 } -8 b ^ { 3 } \\)</li> <li>\\( x ^ { 3 } -3 x ^ { 2 } + 3 x-1 \\)</li> <li>\\( x ^ { 3 } + 6 x ^ { 2 } + 12 x + 8 \\)</li></ol> <p>확인 \\(3-8 \\) 다음을 계산하여라.</p> <ol type=1 start=1><li>\\( 25 \\times 20-25 \\times 15 \\)</li> <li>\\( 101 ^ { 2 } -99 ^ { 2 } \\)</li> <li>\\( 12 ^ { 2 } -9 ^ { 2 } + 6 ^ { 2 } -3 ^ { 2 } \\)</li> <li>\\( 101 ^ { 2 } \\times \\frac { 5 } { 2 } -99 ^ { 2 } \\times \\frac { 5 } { 2 } \\)</li></ol> <p>확인 \\(3-9 \\) \\( A=x + y, B=x y \\) 일 때, 다음 식을 \\( A \\) 와 \\( B \\) 로 나타내어라.</p> <ol type=1 start=1><li>\\( 2 x-3 x y + 2 y \\)</li> <li>\\( x ^ { 2 } + 2 x y + y ^ { 2 } \\)</li> <li>\\( x ^ { 2 } + y ^ { 2 } \\)</li> <li>\\( x ^ { 3 } + y ^ { 3 } \\)</li></ol> <p>확인 \\(3-10 \\) 다음을 인수분해하여라.</p> <ol type=1 start=1><li>\\( (1 + x) ^ { 2 } -4(1 + x) + 4 \\)</li> <li>\\( (a + 1) ^ { 2 } -4(b + 1) ^ { 2 } \\)</li> <li>\\( (t + 1) ^ { 2 } + 4(t + 1) + 3 \\)</li> <li>\\( (x + 1) ^ { 3 } + 1 \\)</li></ol> <p>문제 \\(3-1 \\) 다음을 계산하여라.</p> <ol type = 1 start=1><li>\\( 25 \\cdot 36-2 \\cdot 25 \\cdot 36 \\)</li> <li>\\( 2 \\cdot 55 ^ { 2 } -4 \\cdot 55 \\)</li> <li>\\( 3 \\cdot 14 ^ { 2 } \\cdot 16 + 12 \\cdot 14 \\cdot 16 \\)</li> <li>\\( (26 + 3) \\cdot 26 + (26 + 3) \\cdot 5 \\)</li></ol> <p>문제 \\(3-2 \\) 다음을 계산하여라.</p> <ol type=1 start=1><li>\\( 56 \\cdot 51-56 \\cdot 50 + 44 \\cdot 51-44 \\cdot 50 \\)</li> <li>\\( 151 \\cdot 150 + 151 \\cdot 50-2 \\cdot 15 \\cdot 151-2 \\cdot 15 \\cdot 50 \\)</li></ol> <p>문제 \\(3-3 \\) 다음을 계산하여라.</p> <ol type=1 start=1><li>\\( 2 \\cdot 72 ^ { 2 } -4 \\cdot 72 ^ { 3 } \\)</li> <li>\\( 2 \\cdot 37 ^ { 2 } + 6 \\cdot 37 + 5 \\cdot 37 + 15 \\)</li></ol> <p>문제 \\(3-4 \\) 다음을 계산하여라.</p> <ol type=1 start=1><li>\\( 52 ^ { 2 } -4 \\cdot 52 + 4 \\)</li> <li>\\( 97 ^ { 2 } + 6 \\cdot 97 \\cdot 96 + 9 \\cdot 96 ^ { 2 } \\)</li> <li>\\( 104 ^ { 2 } -8 \\cdot 104 + 16 \\)</li> <li>\\( 75 ^ { 2 } + 10 \\cdot 75 \\cdot 55 + 25 \\cdot 55 ^ { 2 } \\)</li></ol> <p>문제 \\(3-5 \\) 다음을 계산하여라.</p> <ol type=1 start=1><li>\\( 35 ^ { 2 } -25 \\)</li> <li>\\( 25 \\cdot 56 ^ { 2 } -36 \\cdot 44 ^ { 2 } \\)</li> <li>\\( 81 \\cdot 1.2 ^ { 2 } -16 \\cdot 4.8 ^ { 2 } \\)</li> <li>\\( 49 \\cdot 12.5 ^ { 2 } -9 \\cdot 7.5 ^ { 2 } \\)</li></ol> <p>이차방정식 \\( a x ^ { 2 } + b x + c=0 \\) 의 근이 \\( x= \\alpha, y= \\beta \\) 인 경우 \\( a x ^ { 2 } + b x + c=a(x- \\alpha)(x- \\beta) \\) 로 인수분해된다.</p>",
                "context_length": 3802,
                "summary": "복잡한 수식은 인수분해를 통해 간단하게 계산이 가능하며, 근이 \\( x= \\alpha, y= \\beta \\) 인 이차방정식 \\( a x ^ { 2 } + b x + c=0 \\)은 \\( a x ^ { 2 } + b x + c=a(x- \\alpha)(x- \\beta) \\)와 같이 인수분해를 통해 간단하게 계산이 가능하다.",
                "clue": [
                    {
                        "clue_text": "인수분해를 활용하면 복잡한 수식을 간단하게 계산할 수 있다.",
                        "clue_start": "30",
                        "clue_end": "63"
                    },
                    {
                        "clue_text": "이차방정식 \\( a x ^ { 2 } + b x + c=0 \\) 의 근이 \\( x= \\alpha, y= \\beta \\) 인 경우 \\( a x ^ { 2 } + b x + c=a(x- \\alpha)(x- \\beta) \\) 로 인수분해된다.",
                        "clue_start": "3666",
                        "clue_end": "3798"
                    }
                ],
                "terminology": [
                    {
                        "word": "공통인수"
                    },
                    {
                        "word": "이차방정식"
                    },
                    {
                        "word": "인수분해"
                    }
                ]
            }
        ]
    }
}