{
    "dataset_info": {
        "identifier": "02-031-002-NL",
        "name": "기술과학 문서 요약 데이터",
        "category": "자연어",
        "last_updated": "2023-08-30"
    },
    "dataset": {
        "doc_id": "96aba9d6-813832de-bfc9-42e5-91f0-9e90499e9f8f",
        "doc_type": "도서",
        "doc_title": {
            "kor": "m896-미분적분학",
            "eng": ""
        },
        "doc_category": {
            "KDC": "414.1",
            "DDC": ""
        },
        "doc_number": {
            "ISSN": "",
            "ISBN": "9788961059350",
            "DOI": "",
            "UCI": ""
        },
        "doc_year": "2015",
        "doc_author": [
            "김종률"
        ],
        "doc_publisher": "경문사",
        "doc_license": "저작권 협의됨",
        "context_info": [
            {
                "context_id": "55e-0c9-35fc61ca-85b5-43d8-b9a8-ef1a89bf87e3",
                "context_K-NSCC": {
                    "field": "자연",
                    "large_category": "NA",
                    "medium_category": "02"
                },
                "context": "<h1>2.7 고 계도함 수</h1> <p>[정의 2.5] 함수 \\( y=f(x) \\) 의 도함수 \\( f^{\\prime}(x) \\) 도 하나의 함수이다. \\( f^{\\prime}(x) \\) 가 미분가능한 함수일 때, \\( f^{\\prime}(x) \\) 의 도함수를 \\( y=f(x) \\) 의 2계도함수라고 하고, 기호</p> <p>\\( y^{\\prime \\prime}, f^{\\prime \\prime}(x), \\frac{d^{2} y}{d x^{2}}, \\frac{d^{2}}{d x^{2}} f(x), D_{x}^{2} y, D_{x}^{2} f(x) \\)</p> <p>등으로 나타낸다. 마찬가지로 \\( f^{\\prime \\prime}(x) \\) 가 미분가능한 함수일 때 \\( f^{\\prime \\prime}(x) \\) 의 도함수를 \\( f(x) \\) 의 3 계도함수라고 하고, 기호</p> <p>\\( y^{\\prime \\prime \\prime}, f^{\\prime \\prime \\prime}(x), \\frac{d^{3} y}{d x^{3}}, \\frac{d^{3}}{d x^{3}} f(x), D_{x}^{3} y, D_{x}^{3} f(x) \\)</p> <p>등으로 나타낸다. 일반적으로 \\( y=f(x) \\) 를 \\( x \\) 에 관하여 \\( n \\) 번 미분한 결과를 \\( y=f(x) \\) 의 \\( n \\) 계도함수 ( \\( n \\)th derivative)라고 하고, 기호</p> <p>\\( y^{(n)}, f^{(n)}(x), \\frac{d^{n} y}{d x^{n}}, \\frac{d^{n}}{d x^{n}} f(x), D_{x}^{n} y, D_{x}^{n} f(x) \\)</p> <p>등으로 나타낸다. 2계 이상의 도함수를 고계도함수라고 한다.</p></p> <p>예제 1 \\( y=x^{3}-3 x^{2}+5 \\) 의 2 계도함수를 구하어라.</p> <p>풀 이 \\( y^{\\prime}=3 x^{2}-6 x, y^{\\prime \\prime}=6 x-6 \\)</p> <p>예제 2 \\( y=\\sin x \\) 의 3계도함수를 구하여라.</p> <p>풀 이 \\( y^{\\prime}=\\cos x, y^{\\prime \\prime}=-\\sin x, y^{\\prime \\prime \\prime}=-\\cos x \\)</p> <p>예제 3 \\( y=x \\cos x \\) 의 3 계도함수를 구하어라.</p> <p>풀 이<p>\\( y^{\\prime}=\\cos x-x \\sin x \\\\ y^{\\prime \\prime}=-\\sin x-\\sin x-x \\cos x=-2 \\sin x-x \\cos x \\\\ y^{\\prime \\prime \\prime}=-2 \\cos x-\\cos x+x \\sin x=-3 \\cos x+x \\sin x \\)</p></p> <p>예제 4 \\( x^{2}-y^{2}=a^{2} \\) 일 때 \\( \\frac{d^{2} y}{d x^{2}} \\) 를 구하여라.</p> <p>풀 이<p>양변을 \\( x \\) 에 관하여 미분하면 \\( 2 x-2 y \\frac{d y}{d x}=0 \\) 이므로 \\( \\frac{d y}{d x}=\\frac{x}{y} \\)</p> <p>\\( \\begin{aligned} \\frac{d^{2} y}{d x^{2}} &=\\frac{d}{d x}\\left(\\frac{d y}{d x}\\right)=\\frac{d}{d x}\\left(\\frac{x}{y}\\right)=\\frac{y-x \\frac{d y}{d x}}{y^{2}} \\\\ &=\\frac{y-x\\left(\\frac{x}{y}\\right)}{y^{2}}=\\frac{y^{2}-x^{2}}{y^{3}}=-\\frac{a^{2}}{y^{3}} \\end{aligned} \\)</p></p> <p>예제 5 \\( y=x^{n} \\) 의 \\( n \\) 계도함수를 무하여라.</p> <p>풀 이<p>\\( y^{\\prime}=n x^{n-1}, y^{\\prime \\prime}=n(n-1) x^{n-2},\\\\ y^{\\prime \\prime \\prime}=n(n-1)(n-2) x^{n-3}, \\cdots,\\\\ y^{(n)}=n(n-1)(n-2) \\cdots\\{n-(n-1)\\} x^{n-n}=n ! \\)</p></p> <p>예제 6 \\( y=\\cos 2 x \\) 의 \\( n \\) 계도함수를 구하어라.</p> <p>풀 이<p>\\( y^{\\prime}=-2 \\sin 2 x=2 \\cos \\left(2 x+\\frac{\\pi}{2}\\right) \\\\ y^{\\prime \\prime}=-2^{2} \\sin \\left(2 x+\\frac{\\pi}{2}\\right)=2^{2} \\cos (2 x+\\pi) \\\\ y^{\\prime \\prime \\prime}=-2^{3} \\sin \\left(2 x+\\frac{2 \\pi}{2}\\right)=2^{3} \\cos \\left(2 x+\\frac{3 \\pi}{2}\\right) \\\\ \\vdots \\\\ y^{(n)}=2^{n} \\cos \\left(2 x+\\frac{n \\pi}{2}\\right) \\)</p></p>",
                "context_length": 2473,
                "summary": "함수 \\(y=f(x)\\)의 도함수 \\(f^{\\prime}(x)\\)도 하나의 함수이다. \\( f^{\\prime \\prime}(x) \\) 가 미분가능한 함수일 때 \\( f^{\\prime \\prime}(x) \\) 의 도함수를 \\( f(x) \\) 의 3계도함수라고 한다. 일반적으로 \\(y=f(x)\\) 를 \\(x\\)에 관하여 \\(n\\)번 미분한 결과를 \\(y=f(x)\\)의 \\(n\\)계도함수 ( nnth derivative)라고 한다. 2계 이상의 도함수는 고계도함수라고 정의한다.",
                "clue": [
                    {
                        "clue_text": "[정의 2.5] 함수 \\( y=f(x) \\) 의 도함수 \\( f^{\\prime}(x) \\) 도 하나의 함수이다.",
                        "clue_start": "24",
                        "clue_end": "86"
                    },
                    {
                        "clue_text": "마찬가지로 \\( f^{\\prime \\prime}(x) \\) 가 미분가능한 함수일 때 \\( f^{\\prime \\prime}(x) \\) 의 도함수를 \\( f(x) \\) 의 3 계도함수라고 하고, 기호</p> <p>\\( y^{\\prime \\prime \\prime}, f^{\\prime \\prime \\prime}(x), \\frac{d^{3} y}{d x^{3}}, \\frac{d^{3}}{d x^{3}} f(x), D_{x}^{3} y, D_{x}^{3} f(x) \\)</p> <p>등으로 나타낸다.",
                        "clue_start": "331",
                        "clue_end": "606"
                    },
                    {
                        "clue_text": "일반적으로 \\( y=f(x) \\) 를 \\( x \\) 에 관하여 \\( n \\) 번 미분한 결과를 \\( y=f(x) \\) 의 \\( n \\) 계도함수 ( \\( n \\)th derivative)라고 하고, 기호</p> <p>\\( y^{(n)}, f^{(n)}(x), \\frac{d^{n} y}{d x^{n}}, \\frac{d^{n}}{d x^{n}} f(x), D_{x}^{n} y, D_{x}^{n} f(x) \\)</p> <p>등으로 나타낸다.",
                        "clue_start": "607",
                        "clue_end": "852"
                    },
                    {
                        "clue_text": "2계 이상의 도함수를 고계도함수라고 한다.",
                        "clue_start": "853",
                        "clue_end": "876"
                    }
                ],
                "terminology": [
                    {
                        "word": "계도함수"
                    },
                    {
                        "word": "도함수"
                    },
                    {
                        "word": "미분가능"
                    },
                    {
                        "word": "함수"
                    }
                ]
            },
            {
                "context_id": "55e-0c9-61c78bbd-9a1f-4def-a38a-d0b70e7a94e8",
                "context_K-NSCC": {
                    "field": "자연",
                    "large_category": "NA",
                    "medium_category": "02"
                },
                "context": "<h1>2.2 미분공식</h1> <p>도함수를 구할 때에는 도함수의 정의에 의하는 것보다 쉽게 구할 수 있는 편리한 공식이 있는데 그 공식을 알아보기로 한다.</p> <p>[정리 2.2] \\( c \\) 가 상수일 때<p>\\( \\frac{d}{d x} c=0 \\)</p></p> <p>증명 \\( f(x)=c \\) 라 하면</p> <p>\\( \\frac{d}{d x} c=f^{\\prime}(x)=\\lim _{\\Delta x \\rightarrow 0} \\frac{f(x+\\Delta x)-f(x)}{\\Delta x}=\\lim _{\\Delta x \\rightarrow 0} \\frac{c-c}{\\Delta x}=0 \\)</p> <p>[정리 2.3] \\( n \\) 이 자연수일 때<p>\\( \\frac{d}{d x} x^{n}=n x^{n-1} \\)</p></p> <p>증명 \\( \\quad \\begin{aligned} \\frac{d}{d x} x^{n} &=\\lim _{\\Delta x \\rightarrow 0} \\frac{(x+\\Delta x)^{n}-x^{n}}{\\Delta x} \\\\ &=\\lim _{\\Delta x \\rightarrow 0}\\left\\{n x^{n-1}+\\frac{n(n-1)}{2 !} x^{n-2} \\Delta x+\\cdots+(\\Delta x)^{n-1}\\right\\} \\\\ &=n x^{n-1} \\end{aligned} \\)</p> <p>예제 1 \\( y=x^{4} \\) 과 \\( y=x^{10} \\) 에 대하여 \\( \\frac{d y}{d x} \\) 를 구하여라.</p> <p>풀 이\\( \\frac{d}{d x} x^{4}=4 x^{3}, \\quad \\frac{d}{d x} x^{10}=10 x^{9} \\)</p> <p>[정리 2.4] 함수 \\( f(x), g(x) \\) 가 미분가능할 때<ol type=1 start=1><li>\\( \\{f(x)+g(x)\\}^{\\prime}=f^{\\prime}(x)+g^{\\prime}(x) \\)</li> <li>\\( \\{c f(x)\\}^{\\prime}=c f^{\\prime}(x) \\quad(c \\) 는 상수 \\( ) \\)</li></ol></p> <p>증명</p> <ol type=1 start=1><li>\\( \\begin{aligned} \\{f(x)+g(x)\\}^{\\prime} &=\\lim _{\\Delta x \\rightarrow 0} \\frac{\\{f(x+\\Delta x)+g(x+\\Delta x)\\}-\\{f(x)+g(x)\\}}{\\Delta x} \\\\ &=\\lim _{\\Delta x \\rightarrow 0} \\frac{f(x+\\Delta x)-f(x)}{\\Delta x}+\\lim _{\\Delta x \\rightarrow 0} \\frac{g(x+\\Delta x)-g(x)}{\\Delta x} \\\\ &=f^{\\prime}(x)+g^{\\prime}(x) \\end{aligned} \\)</li> <li>\\( \\begin{aligned}\\{c f(x)\\}^{\\prime} &=\\lim _{\\Delta x \\rightarrow 0} \\frac{c f(x+\\Delta x)-c f(x)}{\\Delta x}=c \\lim _{\\Delta x \\rightarrow 0} \\frac{f(x+\\Delta x)-f(x)}{\\Delta x} \\\\ &=c f^{\\prime}(x) \\end{aligned} \\)</li></ol> <p>예제 2 \\( y=x^{3}+2 x \\) 일 때 \\( \\frac{d y}{d x} \\) 를 구하여라.</p> <p>풀 이 \\( \\frac{d y}{d x}=\\frac{d}{d x}\\left(x^{3}\\right)+\\frac{d}{d x}(2 x)=3 x^{2}+2 \\)</p> <p>예제 3 \\( y=2 x^{3}-3 x^{2}+x-5 \\) 일 때 \\( \\frac{d y}{d x} \\) 를 구하여라.</p> <p>풀 이 \\( \\begin{aligned} \\frac{d y}{d x} &=\\frac{d}{d x}\\left(2 x^{3}\\right)-\\frac{d}{d x}\\left(3 x^{2}\\right)+\\frac{d}{d x}(x)-\\frac{d}{d x}(5) \\\\ &=6 x^{2}-6 x+1 \\end{aligned} \\)</p> <p>[정리 2.5] 함수 \\( f(x), g(x) \\) 가 미분가능할 때<p>\\( \\{f(x) g(x)\\}^{\\prime}=f^{\\prime}(x) g(x)+f(x) g^{\\prime}(x) \\)</p></p> <p>증명 \\( \\begin{aligned} &\\{f(x) g(x)\\}^{\\prime}=\\lim _{h \\rightarrow 0} \\frac{f(x+h) g(x+h)-f(x) g(x)}{h} \\\\=& \\lim _{h \\rightarrow 0} \\frac{f(x+h) g(x+h)-f(x) g(x+h)+f(x) g(x+h)-f(x) g(x)}{h} \\\\=& \\lim _{h \\rightarrow 0} \\frac{f(x+h)-f(x)}{h} g(x+h)+f(x) \\lim _{h \\rightarrow 0} \\frac{g(x+h)-g(x)}{h} \\\\=& f^{\\prime}(x) g(x)+f(x) g^{\\prime}(x) \\end{aligned} \\)</p> <p>에졔 4 \\( y=\\left(x^{2}+1\\right)\\left(2 x^{3}-x^{2}-2\\right) \\) 일 때 \\( \\frac{d y}{d x} \\) 를 구하여라.</p> <p>풀 이 \\( \\begin{aligned} \\frac{d y}{d x} &=\\left(x^{2}+1\\right)^{\\prime}\\left(2 x^{3}-x^{2}-2\\right)+\\left(x^{2}+1\\right)\\left(2 x^{3}-x^{2}-2\\right)^{\\prime} \\\\ &=2 x\\left(2 x^{3}-x^{2}-2\\right)+\\left(x^{2}+1\\right)\\left(6 x^{2}-2 x\\right) \\\\ &=10 x^{4}-4 x^{3}+6 x^{2}-6 x \\end{aligned} \\)</p> <p>[정리 2.6] 함수 \\( f(x), g(x) \\) 가 미분가능하고 \\( g(x) \\neq 0 \\) 일 때<p>\\( \\left\\{\\frac{f(x)}{g(x)}\\right\\}^{\\prime}=\\frac{f^{\\prime}(x) g(x)-f(x) g^{\\prime}(x)}{\\{g(x)\\}^{2}} \\)</p></p> <p>증명 \\( \\left\\{\\frac{f(x)}{g(x)}\\right\\}^{\\prime}=\\lim _{h \\rightarrow 0} \\frac{\\frac{f(x+h)}{g(x+h)}-\\frac{f(x)}{g(x)}}{h} \\\\ =\\lim _{h \\rightarrow 0} \\frac{f(x+h) g(x)-f(x) g(x+h)}{h g(x+h) g(x)} \\\\ =\\lim _{h \\rightarrow 0} \\frac{f(x+h) g(x)-f(x) g(x)+f(x) g(x)-f(x) g(x+h)}{h g(x+h) g(x)} \\\\ =\\lim _{h \\rightarrow 0} \\frac{f(x+h)-f(x)}{h} \\frac{g(x)}{g(x+h) g(x)} \\\\ +\\lim _{h \\rightarrow 0} \\frac{-f(x)}{g(x+h) g(x)} \\frac{g(x+h)-g(x)}{h} \\\\ =\\frac{f^{\\prime}(x) g(x)-f(x) g^{\\prime}(x)}{\\{g(x)\\}^{2}} \\)</p> <p>예제 5 \\( y=\\frac{3 x^{2}+1}{x^{3}+2} \\) 일 때 \\( \\frac{d y}{d x} \\) 를 구하어라.</p> <p>\\( \\begin{aligned} \\frac{d y}{d x} &=\\frac{\\left(3 x^{2}+1\\right)^{\\prime}\\left(x^{3}+2\\right)-\\left(3 x^{2}+1\\right)\\left(x^{3}+2\\right)^{\\prime}}{\\left(x^{3}+2\\right)^{2}} \\\\ &=\\frac{6 x\\left(x^{3}+2\\right)-\\left(3 x^{2}+1\\right) 3 x^{2}}{\\left(x^{3}+2\\right)^{2}} \\\\ &=\\frac{-3 x^{4}-3 x^{2}+12 x}{\\left(x^{3}+2\\right)^{2}} \\end{aligned} \\)</p> <p>정리 2.6을 이용하면 정리 2.3을 지수 \\( n \\) 이 음의 정수인 경우까지 확장할 수 있다.</p> <p>[정리 2.7] \\( n \\) 이 양의 정수일 때<p>\\( \\frac{d}{d x} x^{-n}=-n x^{-n-1} \\)</p></p> <p>증명 \\( \\begin{aligned} \\frac{d}{d x}\\left(x^{-n}\\right) &=\\frac{d}{d x}\\left(\\frac{1}{x^{n}}\\right)=\\frac{x^{n}(1)^{\\prime}-1\\left(x^{n}\\right)^{\\prime}}{\\left(x^{n}\\right)^{2}} \\\\ &=\\frac{-n x^{n-1}}{x^{2 n}}=-n x^{n-1-2 n}=-n x^{-n-1} \\end{aligned} \\)</p> <p>간단한 분수함수의 도함수는 정리 2.6을 적용하기보다는 식을 변형한 후 정리 2.7을 직용하여 다음과 같이 계산하는 것이 편리하다.</p> <p>\\( \\frac{d}{d x}\\left(\\frac{1}{x}\\right)=\\frac{d}{d x} x^{-1}=(-1) x^{-2}=-\\frac{1}{x^{2}} \\\\ \\frac{d}{d t}\\left(\\frac{3}{t^{5}}\\right)=3 \\frac{d}{d t}\\left(t^{-5}\\right)=3(-5) t^{-6}=-\\frac{15}{t^{6}} \\\\ \\frac{d}{d x}\\left(\\sqrt[3]{x^{2}}\\right)=\\frac{d}{d x} x^{2 / 3}=\\frac{2}{3} x^{-1 / 3}=\\frac{2}{3 \\sqrt[3]{x}} \\)</p>",
                "context_length": 4906,
                "summary": "본문에서는 도함수를 구할 때 도함수의 정의에 의한 계산보다 편리한 공식을 통해서 값을 도출할 수 있도록 하며, 그 공식에 대해서 설명한다. 본문에서 정리 2.2부터 2.7까지를 보이고 있으며, 이에 대한 증명과 예제를 보이고 있는데 예를 들면 정리 2.7의 경우 \\( n \\) 이 양의 정수일 때<p>\\( \\frac{d}{d x} x^{-n}=-n x^{-n-1} \\)에 대한 증명을 \\( \\begin{aligned} \\frac{d}{d x}\\left(x^{-n}\\right) &=\\frac{d}{d x}\\left(\\frac{1}{x^{n}}\\right)=\\frac{x^{n}(1)^{\\prime}-1\\left(x^{n}\\right)^{\\prime}}{\\left(x^{n}\\right)^{2}} \\\\ &=\\frac{-n x^{n-1}}{x^{2 n}}=-n x^{n-1-2 n}=-n x^{-n-1} \\end{aligned} \\)으로 나타낼 수 있고, 간단한 분수함수의 도함수는 정리 2.6을 적용하기보다는 식을 변형한 후 정리 2.7을 적용하여 계산하는 것이 편리하다.",
                "clue": [
                    {
                        "clue_text": "도함수를 구할 때에는 도함수의 정의에 의하는 것보다 쉽게 구할 수 있는 편리한 공식이 있는데 그 공식을 알아보기로 한다.",
                        "clue_start": "21",
                        "clue_end": "88"
                    },
                    {
                        "clue_text": "[정리 2.7] \\( n \\) 이 양의 정수일 때",
                        "clue_start": "4161",
                        "clue_end": "4188"
                    },
                    {
                        "clue_text": "증명 \\( \\begin{aligned} \\frac{d}{d x}\\left(x^{-n}\\right) &=\\frac{d}{d x}\\left(\\frac{1}{x^{n}}\\right)=\\frac{x^{n}(1)^{\\prime}-1\\left(x^{n}\\right)^{\\prime}}{\\left(x^{n}\\right)^{2}} \\\\ &=\\frac{-n x^{n-1}}{x^{2 n}}=-n x^{n-1-2 n}=-n x^{-n-1} \\end{aligned} \\)",
                        "clue_start": "4241",
                        "clue_end": "4493"
                    },
                    {
                        "clue_text": "간단한 분수함수의 도함수는 정리 2.6을 적용하기보다는 식을 변형한 후 정리 2.7을 직용하여 다음과 같이 계산하는 것이 편리하다.",
                        "clue_start": "4501",
                        "clue_end": "4574"
                    },
                    {
                        "clue_text": "\\( \\frac{d}{d x} x^{-n}=-n x^{-n-1} \\)",
                        "clue_start": "4191",
                        "clue_end": "4229"
                    }
                ],
                "terminology": [
                    {
                        "word": "도함수"
                    },
                    {
                        "word": "도함수의 정의"
                    },
                    {
                        "word": "미분가능"
                    },
                    {
                        "word": "미분공식"
                    },
                    {
                        "word": "분수함수"
                    },
                    {
                        "word": "함수"
                    }
                ]
            },
            {
                "context_id": "55e-0c9-2eecac2e-205b-4ad8-a208-fdfb7c531e58",
                "context_K-NSCC": {
                    "field": "자연",
                    "large_category": "NA",
                    "medium_category": "02"
                },
                "context": "<h1>2.5 삼각함수의 도함수</h1> <p>삼각함수의 도함수를 구하기 위하여는 먼저 삼각함수의 극한에 관한 사항을 알아야 한다.</p> <p>[정리 2.10] \\( \\lim _{x \\rightarrow 0} \\sin x=0 \\quad \\) (단, \\( x \\) 는 radian)</p> <p>증명<p>(i) \\( 0<x<\\frac{\\pi}{2} \\) 이면 그림 2.3의 반지름 1 , 중심각 \\( x \\) 라디안인 부채꼴에서</p> <p>\\( \\widehat{A B}=x \\\\ \\overline{B C}=\\overline{O B} \\sin x=\\sin x \\)</p> <p>이고 \\( \\overline{B C}<\\widehat{A B} \\) 이므로</p> <p>\\( 0<\\sin x<x \\)</p> <p>(ii) \\( -\\frac{\\pi}{2}<x<0 \\) 이면 \\( 0<-x<\\frac{\\pi}{2} \\) 이므로</p> <p>\\( 0<\\sin (-x)<-x \\\\ 0<-\\sin x<-x \\\\ x<\\sin x<0 \\)</p> <p>(i)과 (ii)에 의하여 \\( -|x|<\\sin x<|x| \\) 이다. 그런데</p> <p>\\( \\lim _{x \\rightarrow 0}(-|x|)=0=\\lim _{h \\rightarrow 0}|x| \\)</p> <p>이므로 정리 1.3의 squeeze 정리에 의해 \\( \\lim _{x \\rightarrow 0} \\sin x=0 \\) 이다.</p></p> <p>[따름정리 2.11] \\( \\lim _{x \\rightarrow 0} \\cos x=1 \\quad \\) (단, \\( x \\) 는 radian)</p> <p>증명 \\( \\lim _{x \\rightarrow 0} \\cos x=\\lim _{x \\rightarrow 0} \\sqrt{1-\\sin ^{2} x}=\\sqrt{\\lim _{x \\rightarrow 0}\\left(1-\\sin ^{2} x\\right)}=1 \\)</p> <p>[정리 2.12] \\( \\lim _{x \\rightarrow 0} \\frac{\\sin x}{x}=1 \\quad \\) (단, \\( x \\) 는 radian)</p> <p>증명</p> <p>(i) \\( 0<x<\\frac{\\pi}{2} \\) 일 때 그림 2.4의 반지름 \\( r \\) 인 원에서 \\( \\angle A O B=x \\) 일 때</p> <p>\\( \\overline{B H}=r \\sin x, \\overline{A T}=r \\tan x \\)</p> <p>이고 \\( \\triangle O A B< \\) 부채꼴 \\( O A B<\\triangle O A T \\) 이므로 \\( \\frac{1}{2} r^{2} \\sin x<\\frac{1}{2} r^{2} x<\\frac{1}{2} r^{2} \\tan x \\) 에서</p> <p>\\( \\sin x<x<\\tan x \\)</p> <p>이다. \\( \\sin x>0 \\) 이므로 각 변을 \\( \\sin x \\) 로 나누면 \\( 1<\\frac{x}{\\sin x}<\\frac{1}{\\cos x} \\) 이고 각 변의 역수를 취하면</p> <p>\\( 1>\\frac{\\sin x}{x}>\\cos x \\)</p> <p>(ii) \\( -\\frac{\\pi}{2}<x<0 \\) 일 때 \\( -x>0 \\) 이므로 (i)에 의해</p> <p>\\( 1>\\frac{\\sin (-x)}{-x}>\\cos (-x) \\)</p> <p>이므로</p> <p>\\( 1>\\frac{\\sin x}{x}>\\cos x \\)</p> <p>(i), (ii)와 따름정리 2.11, 정리 1.3에 의하여 \\( \\lim _{x \\rightarrow 0} \\frac{\\sin x}{x}=1 \\) 이다.</p> <p>예제 1 다음 극한값을 구하여라.</p> <p>(1) \\( \\lim _{x \\rightarrow 0} \\frac{\\sin 3 x}{\\sin 5 x} \\)</p> <p>(2) \\( \\lim _{x \\rightarrow \\infty} x \\sin \\frac{1}{x} \\)</p> <p>(3) \\( \\lim _{x \\rightarrow 0} \\frac{1-\\cos k x}{x^{2}}( \\) 단, \\( k \\neq 0) \\)</p> <p>(4) \\( \\lim _{x \\rightarrow 0} \\frac{\\tan 2 x}{\\tan 3 x} \\)</p> <p>풀 이</p> <p>(1) \\( \\lim _{x \\rightarrow 0} \\frac{\\sin 3 x}{\\sin 5 x}=\\lim _{x \\rightarrow 0} \\frac{3 \\frac{\\sin 3 x}{3 x}}{5 \\frac{\\sin 5 x}{5 x}}=\\frac{3}{5} \\frac{\\lim _{3 x \\rightarrow 0} \\frac{\\sin 3 x}{3 x}}{\\lim _{5 x \\rightarrow 0} \\frac{\\sin 5 x}{5 x}}=\\frac{3}{5} \\frac{1}{1}=\\frac{3}{5} \\)</p> <p>(2) \\( \\lim _{x \\rightarrow \\infty} x \\sin \\frac{1}{x}=\\lim _{\\frac{1}{x} \\rightarrow 0} \\frac{\\sin \\frac{1}{x}}{\\frac{1}{x}}=1 \\)</p> <p>(3) \\( \\lim _{x \\rightarrow 0} \\frac{1-\\cos k x}{x^{2}}=\\lim _{x \\rightarrow 0} \\frac{1-\\cos ^{2} k x}{x^{2}(1+\\cos k x)}=\\lim _{x \\rightarrow 0} \\frac{\\sin ^{2} k x}{x^{2}(1+\\cos k x)} =\\lim _{x \\rightarrow 0}\\left(\\frac{\\sin k x}{k x}\\right)^{2} \\frac{k^{2}}{1+\\cos k x}=1^{2} \\frac{k^{2}}{2}=\\frac{k^{2}}{2} \\)</p> <p>(4) \\( \\lim _{x \\rightarrow 0} \\frac{\\tan 2 x}{\\tan 3 x}=\\lim _{x \\rightarrow 0} \\frac{2 \\frac{\\sin 2 x}{2 x} \\frac{1}{\\cos 2 x}}{3 \\frac{\\sin 3 x}{3 x} \\frac{1}{\\cos 3 x}}=\\frac{2 \\cdot 1 \\cdot 1}{3 \\cdot 1 \\cdot 1}=\\frac{2}{3} \\)</p>",
                "context_length": 3114,
                "summary": "삼각함수의 도함수를 구하기 위하여는 먼저 삼각함수의 극한에 관한 사항을 알아야 한다. 정리 2.10은 \\( \\lim _{x \\rightarrow 0} \\sin x=0 \\quad \\) (단, \\( x \\) 는 radian). 정리 2.11은 \\( \\lim _{x \\rightarrow 0} \\cos x=1 \\quad \\) (단, \\( x \\) 는 radian). 정리 2.12는 \\( \\lim _{x \\rightarrow 0} \\frac{\\sin x}{x}=1 \\quad \\) (단, \\( x \\) 는 radian)이라고 볼 수 있다.",
                "clue": [
                    {
                        "clue_text": "삼각함수의 도함수를 구하기 위하여는 먼저 삼각함수의 극한에 관한 사항을 알아야 한다.",
                        "clue_start": "26",
                        "clue_end": "73"
                    },
                    {
                        "clue_text": "[정리 2.10] \\( \\lim _{x \\rightarrow 0} \\sin x=0 \\quad \\) (단, \\( x \\) 는 radian)",
                        "clue_start": "81",
                        "clue_end": "157"
                    },
                    {
                        "clue_text": "[따름정리 2.11] \\( \\lim _{x \\rightarrow 0} \\cos x=1 \\quad \\) (단, \\( x \\) 는 radian)",
                        "clue_start": "728",
                        "clue_end": "806"
                    },
                    {
                        "clue_text": "[정리 2.12] \\( \\lim _{x \\rightarrow 0} \\frac{\\sin x}{x}=1 \\quad \\) (단, \\( x \\) 는 radian)",
                        "clue_start": "965",
                        "clue_end": "1051"
                    }
                ],
                "terminology": [
                    {
                        "word": "squeeze 정리"
                    },
                    {
                        "word": "극한값"
                    },
                    {
                        "word": "도함수"
                    },
                    {
                        "word": "따름정리"
                    },
                    {
                        "word": "부채꼴"
                    },
                    {
                        "word": "삼각함수"
                    },
                    {
                        "word": "삼각함수의 도함수"
                    }
                ]
            },
            {
                "context_id": "55e-0c9-merge_2_96aba9d6-813832de-bfc9-42e5-91f0-9e90499e9f8f_02",
                "context_K-NSCC": {
                    "field": "자연",
                    "large_category": "NA",
                    "medium_category": "02"
                },
                "context": "<h1>2.3 접선과 법선</h1> <p>그림 2.2에서와 같이</p> <p>\\( \\frac {\\Delta y } {\\Delta x } = \\tan \\theta \\)</p> <p>이므로 \\( [a, a + \\Delta x] \\) 에서의 평균변화율은 \\( x=a \\) 와 \\( x=a + \\Delta x \\) 에 대응하는 곡선 위의 두 점 \\( P, Q \\) 를 지나는 직선의 기울기와 같고</p> <p>\\( f ^ {\\prime } (a)= \\lim _ {\\Delta x \\rightarrow 0 } \\frac {\\Delta y } {\\Delta x } = \\tan \\alpha \\)</p> <p>이므로, 미분계수 \\( f ^ {\\prime } (a) \\) 는 \\( x=a \\) 에 대응하는 곡선 위의 점 \\( P \\) 에서의</p> <p>접선의 기울기와 같다. 점 \\( \\left (x_ { 1 } , y_ { 1 } \\right ) \\) 을 지나고 기울기가 \\( m \\) 인 직선의 방정식이</p> <p>\\( y-y_ { 1 } =m \\left (x-x_ { 1 } \\right ) \\)</p> <p>이므로, 곡선 \\( y=f(x) \\) 위의 점 \\( (a, f(a)) \\) 에서의 접선의 방정식은</p> <p>\\( y-f(a)=f ^ {\\prime } (a)(x-a) \\)</p> <p>이고, 접선과 수직인 법선의 방정식은</p> <p>\\( y-f(a)=- \\frac { 1 } { f ^ {\\prime } (a) } (x-a) \\)</p> <p>이다.</p> <p>예제 1 곡선 \\( y=x ^ { 2 } -2 x \\) 위의 \\( x=3 \\) 인 점에서의 접선과 법선의 방정식을 구하여라.</p> <p>풀 이 접점은 \\( (3,3) \\) 이고 \\( f(x)=x ^ { 2 } -2 x \\) 에서 \\( f ^ {\\prime } (x)=2 x-2 \\) 이므로</p> <p>\\( f ^ {\\prime } (3)=6-2=4 \\)</p> <p>따라서 접선의 방정식은</p> <p>\\( y-3=4(x-3) \\), 즉 \\( y=4 x-9 \\)</p> <p>또 법선의 방정식은</p> <p>\\( y-3=- \\frac { 1 } { 4 } (x-3), \\quad \\) 즉 \\( \\quad y=- \\frac { 1 } { 4 } x + \\frac { 15 } { 4 } \\)</p> <p>예제 2 곡선 \\( y= \\frac { 1 } { 2 x-1 } \\) 의 기울기 \\( -2 \\) 인 접선의 방정식을 구하여라.</p> <p>풀 이 \\( y ^ {\\prime } = \\frac { -2 } { (2 x-1) ^ { 2 } } \\) 이다. 접점을 \\( \\left (a, \\frac { 1 } { 2 a-1 } \\right ) \\) 이라고 하면 이 점에서의 미분계수 \\( \\frac { -2 } { (2 a-1) ^ { 2 } } \\) 가 기울기 \\( -2 \\) 와 같으므로</p> <p>\\( \\frac { -2 } { (2 a-1) ^ { 2 } } =-2 \\)</p> <p>즉</p> <p>\\( (2 a-1) ^ { 2 } =1, \\quad 2 a-1= \\pm 1 \\\\ \\therefore a=1 \\) 또는 0</p> <p>따라서 접점은 \\( (1,1) \\) 또는 \\( (0,-1) \\) 이다. 구하는 접선은</p> <p>\\( y-1=-2(x-1) \\), 즉 \\( y=-2 x + 3 \\)</p> <p>또는</p> <p>\\( y + 1=-2(x-0) \\), 즉 \\( y=-2 x-1 \\)</p>",
                "context_length": 1727,
                "summary": "\\(\\frac{\\Delta y}{\\Delta x}=\\tan\\theta \\)이므로 \\([a,a+\\Delta x]\\)에서의 평균변화율은 \\(x=a\\)와 \\(x=a+\\Delta x\\)에 대응하는 곡선 위의 두 점 \\(P,Q\\)를 지나는 직선의 기울기와 같고 \\(f ^{\\prime}(a)=\\lim_{\\Delta x \\rightarrow 0}\\frac {\\Delta y}{\\Delta x}=\\tan \\alpha\\)이므로 곡선 \\(y=f(x)\\) 위의 점\\((a, f(a))\\)에서의 접선과 법선의 기울기는 미분계수\\( f'(a) \\)와 같다. 예제를 통해 곡선 위의 점에서의 접선과 법선의 방정식을 구하는 방법을 살펴보았다.",
                "clue": [
                    {
                        "clue_text": "점 \\( \\left (x_ { 1 } , y_ { 1 } \\right ) \\) 을 지나고 기울기가 \\( m \\) 인 직선의 방정식이</p> <p>\\( y-y_ { 1 } =m \\left (x-x_ { 1 } \\right ) \\)</p> <p>이므로, 곡선 \\( y=f(x) \\) 위의 점 \\( (a, f(a)) \\) 에서의 접선의 방정식은</p> <p>\\( y-f(a)=f ^ {\\prime } (a)(x-a) \\)</p> <p>이고, 접선과 수직인 법선의 방정식은</p> <p>\\( y-f(a)=- \\frac { 1 } { f ^ {\\prime } (a) } (x-a) \\)</p> <p>이다.",
                        "clue_start": "427",
                        "clue_end": "760"
                    },
                    {
                        "clue_text": "그림 2.2에서와 같이</p> <p>\\( \\frac {\\Delta y } {\\Delta x } = \\tan \\theta \\)</p> <p>이므로 \\( [a, a + \\Delta x] \\) 에서의 평균변화율은 \\( x=a \\) 와 \\( x=a + \\Delta x \\) 에 대응하는 곡선 위의 두 점 \\( P, Q \\) 를 지나는 직선의 기울기와 같고</p> <p>\\( f ^ {\\prime } (a)= \\lim _ {\\Delta x \\rightarrow 0 } \\frac {\\Delta y } {\\Delta x } = \\tan \\alpha \\)</p> <p>이므로, 미분계수 \\( f ^ {\\prime } (a) \\) 는 \\( x=a \\) 에 대응하는 곡선 위의 점 \\( P \\) 에서의</p> <p>접선의 기울기와 같다.",
                        "clue_start": "23",
                        "clue_end": "426"
                    }
                ],
                "terminology": [
                    {
                        "word": "기울기"
                    },
                    {
                        "word": "미분계수"
                    },
                    {
                        "word": "방정식"
                    },
                    {
                        "word": "법선"
                    },
                    {
                        "word": "법선의 방정식"
                    },
                    {
                        "word": "접선"
                    },
                    {
                        "word": "접선의 방정식"
                    },
                    {
                        "word": "접점"
                    },
                    {
                        "word": "직선의 방정식"
                    },
                    {
                        "word": "평균변화율"
                    }
                ]
            },
            {
                "context_id": "55e-0c9-21d65150-f5f0-4ba8-89f0-4705cfd1c063",
                "context_K-NSCC": {
                    "field": "자연",
                    "large_category": "NA",
                    "medium_category": "02"
                },
                "context": "<h1>2.6 음 함수의 도함수</h1> <p>[정의 2.4]<p>\\( x \\) 의 함수 \\( y \\) 가 방정식 \\( y=f(x) \\) 의 꼴로 표시될 때 \\( y \\) 는 \\( x \\) 의 양함수라 하고, 이에 반하여 방정식 \\( f(x, y)=0 \\) 의 꼴로 표시될 때 \\( y \\) 는 \\( x \\) 의 음함수(implicit function)라고 한다.</p></p> <p>\\( x \\) 의 함수 \\( y \\) 가 방정식</p> <p>\\( x^{2}+y^{2}=9 \\)<caption>(1)</caption></p> <p>또는</p> <p>\\( x^{3}+y^{3}=6 x y \\)<caption>(2)</caption></p> <p>에 의하어 음함수로 정의되었을 때 방정식 (1)의 경우는 간단히 양함수</p> <p>\\( y=\\sqrt{9-x^{2}} \\) 또는 \\( y=-\\sqrt{9-x^{2}} \\)</p> <p>로 변형할 수 있으나 식 (2)의 경우는 간단히 쉽게 양함수로 표시할 수가 없다. \\( y \\) 가 \\( x \\) 의 음함수로 정의되었을 때 도함수 \\( \\frac{d y}{d x} \\) 는 양함수 \\( y=f(x) \\) 의 꼴로 변형하지 않고도 구할 수 있다.</p> <p>예제 1 \\( x^{2}+y^{2}=9 \\) 에서 \\( \\frac{d y}{d x} \\) 를 구하여라.</p> <p>풀 이</p> <p>\\( x^{2}+y^{2}=9 \\) 에서 \\( y=f(x) \\) (이때 \\( f(x) \\) 가 구체적으로 어떻게 표현되는지 알 필요는 없다)라 하면,</p> <p>\\( x^{2}+f^{2}(x)=9 \\)</p> <p>이다. 양변을 \\( x \\) 에 관헤 미분하면</p> <p>\\( \\frac{d}{d x}\\left(x^{2}+f^{2}(x)\\right)=\\frac{d}{d x}(9) \\\\ 2 x+2 f(x) f^{\\prime}(x)=0 \\)</p> <p>이므로</p> <p>\\( f^{\\prime}(x)=-\\frac{x}{f(x)} \\)</p> <p>이다. 즉 \\( \\frac{d y}{d x}=-\\frac{x}{y} \\) 이다.</p> <p>예제 2 곡선 \\( x^{3}+y^{3}=6 x y \\) 에서<ol type=1 start=1><li>\\( \\frac{d y}{d x} \\) 를 구하어라.</li> <li>곡선 위의 점 \\( (3,3) \\) 에서의 접선을 구하어라.</li></ol></p> <p>풀 이</p> <p>(1) 양변을 \\( x \\) 에 관하여 미분하면</p> <p>\\( 3 x^{2}+3 y^{2} \\frac{d y}{d x}=6\\left(y+x \\frac{d y}{d x}\\right) \\\\ x^{2}+y^{2} \\frac{d y}{d x}=2 y+2 x \\frac{d y}{d x} \\)</p> <p>이다. 이 식을 정리하여 \\( \\frac{d y}{d x} \\) 에 대하여 풀면</p> <p>\\( \\left(y^{2}-2 x\\right) \\frac{d y}{d x}=2 y-x^{2} \\\\ \\frac{d y}{d x}=\\frac{2 y-x^{2}}{y^{2}-2 x} \\)</p> <p>(2) \\( \\left.\\frac{d y}{d x}\\right|_{x=y=3}=\\frac{2 \\cdot 3-3^{2}}{3^{2}-2 \\cdot 3}=-1 \\) 이므로 접선의 방정식은</p> <p>\\( y-3=(-1)(x-3) \\\\ x+y=6 \\)</p> <p>예제 3 \\( \\sin (x+y)=y^{2} \\cos x \\) 에서 \\( \\frac{d y}{d x} \\) 를 구하어라.</p> <p>풀 이<p>양변을 \\( x \\) 에 관하여 미분하면</p> <p>\\( \\cos (x+y) \\frac{d}{d x}(x+y)=2 y \\frac{d y}{d x} \\cos x-y^{2} \\sin x \\\\ \\cos (x+y)\\left(1+\\frac{d y}{d x}\\right)=2 y \\cos x \\cdot \\frac{d y}{d x}-y^{2} \\sin x \\)</p> <p>이다. 이 식을 정리하여 \\( \\frac{d y}{d x} \\) 에 대하여 풀면</p> <p>\\( \\{2 y \\cos x-\\cos (x+y)\\} \\frac{d y}{d x}=\\cos (x+y)+y^{2} \\sin x \\\\ \\frac{d y}{d x}=\\frac{\\cos (x+y)+y^{2} \\sin x}{2 y \\cos x-\\cos (x+y)} \\)</p></p> <p>예제 4 \\( x^{2}+y^{2}=25 \\) 이고, \\( x, y \\) 가 모두 \\( t \\) 에 관하여 미분가능할 때 \\( \\frac{d y}{d t} \\) 를 \\( x, y \\) 와 \\( \\frac{d x}{d t} \\) 의 식으로 구하어라.</p> <p>풀 이<p>양변을 \\( t \\) 에 관하여 미분하면</p> <p>\\( 2 x \\frac{d x}{d t}+2 y \\frac{d y}{d t}=0 \\\\ y \\frac{d y}{d t}=-x \\frac{d x}{d t} \\)</p> <p>따라서 \\( \\frac{d y}{d t}=-\\frac{x}{y} \\frac{d x}{d t} \\)</p></p>",
                "context_length": 2520,
                "summary": "\\( x \\) 의 함수 \\( y \\) 가 방정식 \\( y=f(x) \\) 의 꼴로 표시될 때 \\( y \\) 는 \\( x \\) 의 양함수라 하고, 이에 반하여 방정식 \\( f(x, y)=0 \\) 의 꼴로 표시될 때 \\( y \\) 는 \\( x \\) 의 음함수라고 하는데, \\( y \\) 가 \\( x \\) 의 음함수로 정의되었을 때 양변을 \\( x \\) 또는 \\( y \\)로 미분하여 도함수 \\( \\frac{d y}{d x} \\)를 \\( x \\)와 \\( y \\)에 대하여 나타내는 방법을 이용하면 음함수를 양함수 \\( y=f(x) \\) 의 꼴로 변형하지 않고도 구할 수 있다.",
                "clue": [
                    {
                        "clue_text": "[정의 2.4]<p>\\( x \\) 의 함수 \\( y \\) 가 방정식 \\( y=f(x) \\) 의 꼴로 표시될 때 \\( y \\) 는 \\( x \\) 의 양함수라 하고, 이에 반하여 방정식 \\( f(x, y)=0 \\) 의 꼴로 표시될 때 \\( y \\) 는 \\( x \\) 의 음함수(implicit function)라고 한다.",
                        "clue_start": "26",
                        "clue_end": "203"
                    },
                    {
                        "clue_text": "\\( y \\) 가 \\( x \\) 의 음함수로 정의되었을 때 도함수 \\( \\frac{d y}{d x} \\) 는 양함수 \\( y=f(x) \\) 의 꼴로 변형하지 않고도 구할 수 있다.",
                        "clue_start": "511",
                        "clue_end": "611"
                    },
                    {
                        "clue_text": "양변을 \\( x \\) 에 관헤 미분하면",
                        "clue_start": "820",
                        "clue_end": "841"
                    },
                    {
                        "clue_text": "즉 \\( \\frac{d y}{d x}=-\\frac{x}{y} \\) 이다.",
                        "clue_start": "1008",
                        "clue_end": "1048"
                    },
                    {
                        "clue_text": "즉 \\( \\frac{d y}{d x}=-\\frac{x}{y} \\) 이다.",
                        "clue_start": "1008",
                        "clue_end": "1048"
                    }
                ],
                "terminology": [
                    {
                        "word": "도함수"
                    },
                    {
                        "word": "미분"
                    },
                    {
                        "word": "미분가능"
                    },
                    {
                        "word": "방정식"
                    },
                    {
                        "word": "양함수"
                    },
                    {
                        "word": "음함수"
                    },
                    {
                        "word": "음함수(implicit function)"
                    },
                    {
                        "word": "접선"
                    },
                    {
                        "word": "접선의 방정식"
                    },
                    {
                        "word": "함수"
                    },
                    {
                        "word": "함수의 도함수"
                    }
                ]
            },
            {
                "context_id": "55e-0c9-979a4b63-faa0-4d6c-adba-b66455029d76",
                "context_K-NSCC": {
                    "field": "자연",
                    "large_category": "NA",
                    "medium_category": "02"
                },
                "context": "<h1>2.8 변 화 율</h1> <p>물탱크를 채울 때, 수면은 올라간다. 수면이 얼마나 빨리 솟아오르는지를 알기 위해서는 수면의 높이의 변화율을 알아야 한다. \\( h \\) 를 높이, \\( t \\) 를 적당한 순간으로부터 측정된 시간이라 하면 도함수 \\( \\frac{d h}{d t} \\) 는 높이의 변화율을 나타낸다. 탱크 안의 물의 부피 \\( V \\) 또한 변하고 있으며 \\( \\frac{d V}{d t} \\) 는 부피의 변화율을 의미한다.</p> <p>이와 같이, 시간에 따라 변하는 어떤 기하학적 또는 물리적 양 \\( Q \\) 가 시간의 함수, 즉 \\( Q=Q(t) \\) 라 하면 도함수 \\( \\frac{d Q}{d t} \\) 는 시간에 대한 그 양의 변화율이다.</p> <p>예제 1 반지름이 \\( r \\) 인 구형의 고무풍선 속으로 \\( 3600 \\mathrm{~cm}^{3} / \\mathrm{min} \\) 의 일정한 비율로 기체가 유입되고 있다. (a) \\( r=30 \\mathrm{~cm} \\), (b) \\( r=60 \\mathrm{~cm} \\) 일 때, 풍선의 반지름의 증가율을 구하어라.</p> <p>풀 이</p> <p>풍선의 부피 \\( V \\) 는 구의 부피의 공식으로부터</p> <p>\\( V=\\frac{4}{3} \\pi r^{3} \\)<caption>(1)</caption></p> <p>이다. 문제로부터 \\( \\frac{d V}{d t}=3600 \\) 이고 주어진 두 개의 \\( r \\) 에 대해 \\( \\frac{d r}{d t} \\) 를 구해야 한다. \\( V \\) 와 \\( r \\) 이 시간 \\( t \\) 의 함수이므로 (1)을 \\( t \\) 에 관해 미분하면</p> <p>\\( \\frac{d V}{d t}=\\frac{4}{3} \\pi \\cdot 3 r^{2} \\frac{d r}{d t}=4 \\pi r^{2} \\frac{d r}{d t} \\)<caption>(2)</caption></p> <p>\\( \\frac{d V}{d t}=3600 \\) 을 (2)에 대입하면</p> <p>\\( \\frac{d r}{d t}=\\frac{1}{4 \\pi r^{2}} \\frac{d V}{d t}=\\frac{900}{\\pi r^{2}} \\)</p> <p>따라서 (a) \\( r=30 \\mathrm{~cm} \\), (b) \\( r=60 \\mathrm{~cm} \\) 일 때,</p> <p>(a) \\( \\frac{d r}{d t}=\\frac{1}{\\pi}(\\mathrm{cm} / \\mathrm{min}) \\)</p> <p>(b) \\( \\frac{d r}{d t}=\\frac{1}{4 \\pi}(\\mathrm{cm} / \\mathrm{min}) \\)</p> <p>이다. 풍선의 부피가 일정한 비율로 증가하고 있기 때문에, 반지름은 점점 느리게 증가하리라고 생각할 수 있는데, 위 결과는 이를 수학적으로 보여주고 있다.</p> <p>예제 2 밑면의 지름이 \\( 12 \\mathrm{~m} \\), 높이가 \\( 12 \\mathrm{~m} \\) 인 꼭지점이 아래에 있는 원뿔 모양 의 물탱크 안으로 \\( 4 \\mathrm{~m}^{3} / \\mathrm{min} \\) 의 비율로 물이 유입되고 있다. 높이가 \\( 2 \\mathrm{~m} \\) 일 때, 수위의 증가율을 구하여라.</p> <p>풀 이</p> <p>그림 2.6에서 보듯이 시각 \\( t \\) 에서 수면의 반지름을 \\( x \\), 높이를 \\( y \\) 라 하면 유입된 물의 부피 \\( V \\) 는 원뿔의 공식으로부터</p> <p>\\( V=\\frac{1}{3} \\pi x^{2} y \\)<caption>(3)</caption></p> <p>이다. 문제로부터 \\( \\frac{d V}{d t}=4 \\) 이고 \\( y=2 \\) 일 때, \\( \\frac{d y}{d t} \\) 를 구해야 한다. 그림 2.6에 있는 삼각형으로부터</p> <p>\\( \\frac{x}{y}=\\frac{6}{12}=\\frac{1}{2} \\) 또는 \\( \\quad x=\\frac{1}{2} y \\)</p> <p>이를 (3)에 대입하면</p> <p>\\( V=\\frac{1}{12} \\pi y^{3} \\)<caption>(4)</caption></p> <p>(4)를 \\( t \\) 에 관해 미분하면</p> <p>\\( \\frac{d V}{d t}=\\frac{\\pi}{4} y^{2} \\frac{d y}{d t} \\)</p> <p>\\( \\frac{d V}{d t}=4 \\) 이므로</p> <p>\\( \\frac{d y}{d t}=\\frac{16}{\\pi y^{2}} \\)</p> <p>따라서 \\( y=2 \\) 일 때</p> <p>\\( \\frac{d y}{d t}=\\frac{4}{\\pi}(\\mathrm{m} / \\mathrm{min}) \\)</p> <p>이다.</p> <p>예제 3 길이 \\( \\sqrt{13} \\mathrm{~m} \\) 의 사다리가 벽에 기대어 있고 사다리의 밑이 \\( 2 \\mathrm{~m} / \\mathrm{min} \\) 의 일정한 비율로 벽에서 멀어지고 있다. 사다리의 밑이 벽에서 \\( 3 \\mathrm{~m} \\) 떨어져 있는 순간에, 사다리의 꼭대기는 얼마나 빠르게 벽 아래로 이동하는가?</p> <p>풀 이<p>그림 2.7에서 보듯이 \\( \\frac{d x}{d t}=2 \\) 이고 \\( x=3 \\) 일 때, \\( \\frac{d y}{d t} \\) 를 구해야 한다. 피타고라스 정리로부터</p> <p>\\( x^{2}+y^{2}=13 \\)</p> <p>양변을 \\( t \\) 에 관해 미분하면</p> <p>\\( 2 x \\frac{d x}{d t}+2 y \\frac{d y}{d t}=0 \\)</p> <p>\\( \\frac{d x}{d t}=2 \\) 이므로</p> <p>\\( \\frac{d y}{d t}=-\\frac{2 x}{y} \\)</p> <p>(5)에서 \\( x=3 \\) 일 때, \\( y=2 \\) 이므로</p> <p>\\( \\frac{d y}{d t}=-\\frac{2 \\cdot 3}{2}=-3(\\mathrm{~m} / \\mathrm{min}) \\)</p> <p>이다.</p></p>",
                "context_length": 2988,
                "summary": "시간에 따라 변하는 어떤 기하학적 또는 물리적 양 \\(Q\\)가 시간의 함수, 즉 \\(Q=Q(t)\\)라 하면 도함수 \\(\\frac{d Q}{d t}\\)는 시간에 대한 그 양의 변화율을 나타낸다. 길이 \\( \\sqrt{13} \\mathrm{m} \\) 의 사다리가 벽에 기대어 있고 사다리의 밑이 \\(2\\mathrm{m/ min}\\)의 일정한 비율로 벽에서 멀어지고 있을 때 사다리의 밑이 벽에서 \\(3\\mathrm{m}\\) 떨어져 있는 순간에, 사다리의 꼭대기는 얼마나 빠르게 벽 아래로 이동하는지를 구할려면 \\(\\frac{d x}{d t}=2\\) 이고 \\(x=3\\) 일 때, \\(\\frac{d y}{d t}\\)\\(=-\\frac{2 \\cdot 3}{2}=-3\\)이므로, 정답은 \\(3\\mathrm{m/min}\\)이다.",
                "clue": [
                    {
                        "clue_text": "시간에 따라 변하는 어떤 기하학적 또는 물리적 양 \\( Q \\) 가 시간의 함수, 즉 \\( Q=Q(t) \\) 라 하면 도함수 \\( \\frac{d Q}{d t} \\) 는 시간에 대한 그 양의 변화율이다.",
                        "clue_start": "265",
                        "clue_end": "377"
                    },
                    {
                        "clue_text": "예제 3 길이 \\( \\sqrt{13} \\mathrm{~m} \\) 의 사다리가 벽에 기대어 있고 사다리의 밑이 \\( 2 \\mathrm{~m} / \\mathrm{min} \\) 의 일정한 비율로 벽에서 멀어지고 있다.",
                        "clue_start": "2350",
                        "clue_end": "2468"
                    },
                    {
                        "clue_text": "다리의 밑이 벽에서 \\( 3 \\mathrm{~m} \\) 떨어져 있는 순간에, 사다리의 꼭대기는 얼마나 빠르게 벽 아래로 이동하는가?",
                        "clue_start": "2470",
                        "clue_end": "2543"
                    },
                    {
                        "clue_text": "그림 2.7에서 보듯이 \\( \\frac{d x}{d t}=2 \\) 이고 \\( x=3 \\) 일 때, \\( \\frac{d y}{d t} \\) 를 구해야 한다.",
                        "clue_start": "2557",
                        "clue_end": "2643"
                    },
                    {
                        "clue_text": "\\( \\frac{d y}{d t}=-\\frac{2 \\cdot 3}{2}=-3(\\mathrm{~m} / \\mathrm{min}) \\)",
                        "clue_start": "2896",
                        "clue_end": "2969"
                    }
                ],
                "terminology": [
                    {
                        "word": "도함수"
                    },
                    {
                        "word": "미분"
                    },
                    {
                        "word": "변화율"
                    },
                    {
                        "word": "증가율"
                    },
                    {
                        "word": "피타고라스 정리"
                    },
                    {
                        "word": "함수"
                    }
                ]
            },
            {
                "context_id": "55e-0c9-cbcec429-2b40-4f53-bebc-15c192076ec6",
                "context_K-NSCC": {
                    "field": "자연",
                    "large_category": "NA",
                    "medium_category": "02"
                },
                "context": "<h1>2.9 미 분</h1> <p>함수 \\( f(x) \\) 가 미분가능한 함수일 때,</p> <p>\\( \\varepsilon=\\frac{f(x+\\Delta x)-f(x)}{\\Delta x}-f(x)=\\frac{\\Delta y}{\\Delta x}-f(x) \\)</p> <p>라 하면, \\( \\Delta y=f^{\\prime}(x) \\Delta x+\\varepsilon \\Delta x \\) 가 된다. 이때 \\( \\Delta x \\) 가 0 에 가까우면 \\( \\lim _{\\Delta x \\rightarrow 0} \\varepsilon =0 \\) 이므로 \\( \\varepsilon \\Delta x \\) 는 더욱 0 에 가깝다. 따라서 \\( \\Delta x \\) 가 0 에 가까워지면 \\( f^{\\prime}(x) \\Delta x \\) 는 \\( \\Delta y \\) 에 가까워진다. 즉</p> <p>\\( \\Delta y \\fallingdotseq f^{\\prime}(x) \\Delta x \\) 또는 \\( f(x+\\Delta x) \\fallingdotseq f(x)+f^{\\prime}(x) \\Delta x \\)</p> <p>[정의 2.6]<p>함수 \\( y=f(x) \\) 가 미분가능할 때 \\( f^{\\prime}(x) \\Delta x \\) 를 \\( y \\) 의 미분 또는 \\( f(x) \\) 의 미분이라 하고, 기호 \\( d y \\) 또는 \\( d f(x) \\) 로 나타낸다. 즉</p> <p>\\( d y=d f(x)=f^{\\prime}(x) \\Delta x \\)</p> <p>그런데 \\( f(x)=x \\) 일 때에는 \\( f^{\\prime}(x)=1 \\) 이므로</p> <p>\\( d x=1 \\cdot \\Delta x=\\Delta x \\)</p> <p>로 되어 함수 \\( x \\) 의 미분 \\( d x \\) 는 독립변수 \\( x \\) 의 증분 \\( \\Delta x \\) 와 같다. 따라서</p> <p>\\( d y=d f(x)=f^{\\prime}(x) d x \\)</p> <p>미분의 기하학적 의미를 알아보자. 그림 2.8의 두 점 \\( P(x, y) \\) 와 \\( Q(x+\\Delta x, y+\\Delta y) \\) 를 곡선 \\( y=f(x) \\) 위의 점이라고 하자. 점 \\( P \\) 에서의 도함수의 값은 접선 \\( P T \\) 의 기울기와 같으므로</p> <p>\\( d y=f^{\\prime}(x) d x=\\frac{\\overline{R T}}{\\overline{P R}} \\overline{P R}=\\overline{R T} \\)</p> <p>이다. 따라서 \\( d y(=\\overline{R T}) \\) 는 \\( d x \\) 에 대응하는 접선에서의 \\( y \\) 증분인데, \\( \\Delta y(=\\overline{R Q}) \\) 는 \\( d x \\) 에 대응하는 곡선에서의 \\( y \\) 증분이다.</p> <p>예제 1 \\( y=x \\sin x \\) 일 때 \\( d y \\) 를 구하여라.</p> <p>풀 이 \\( \\frac{d y}{d x}=\\sin x+x \\cos x \\) 이므로 \\( d y=(\\sin x+x \\cos x) d x \\)</p> <p>예제 2 함수 \\( y=x^{2} \\) 에서 \\( x \\) 가 1 에서 \\( 1.2 \\) 로 변할 때 다음을 구하여라.<ol type=1 start=1><li>\\( x \\) 증분</li> <li>\\( y \\) 증분</li> <li>\\( d x \\)</li> <li>\\( d y \\)</li></ol></p> <p>풀 이<ol type=1 start=1><li>\\( \\Delta x=1.2-1=0.2 \\)</li> <li>\\( \\Delta y=(1.2)^{2}-1^{2}=0.44 \\)</li> <li>\\( d x=\\Delta x=0.2 \\)</li> <li>\\( d y=f^{\\prime}(1) \\cdot d x=2 \\times 0.2=0.4 \\)</li></ol></p> <p>예제 2 에서 보듯이 \\( \\Delta y \\fallingdotseq d y \\) 이지만 일반적으로 \\( d y \\) 의 계산이 더 간단하다.</p> <p>예제 3 \\( f(x)=x^{4}-2 x^{3}+9 x+7 \\) 일 때 미분을 이용하여 \\( f(1.997) \\) 의 근사값을 구하여라.</p> <p>풀 이<p>\\( x=2, \\Delta x=-0.003 \\\\ f^{\\prime}(x)=4 x^{3}-6 x^{2}+9 \\\\ f(1.997)=f(2-0.003) \\fallingdotseq f(2)+f^{\\prime}(2)(-0.003) \\)</p> <p>\\( f(2)=25, f^{\\prime}(2)=17 \\) 이므로</p> <p>\\( f(1.997) \\fallingdotseq 25+17 \\times(-0.003)=24.949 \\)</p> <p>예제 4 미분을 이용하여 \\( \\sqrt{98} \\) 의 근사값을 구하여라.</p> <p>풀 이<p>98은 제곱수 100 에 가까운 수이다.</p> <p>\\( \\sqrt{98}=\\sqrt{100-2}=10 \\sqrt{1-0.02} \\)</p> <p>이므로 \\( f(x)=10 \\sqrt{x}, x=1, \\Delta x=-0.02 \\) 이라 하자.</p> <p>\\( f^{\\prime}(x)=\\frac{5}{\\sqrt{x}} \\)</p> <p>이므로</p> <p>\\( \\sqrt{98}=10 \\sqrt{1-0.02}=f(1-0.02) \\fallingdotseq f(1)+f^{\\prime}(1) \\cdot \\Delta x \\)</p> <p>\\( f(1)=10, f^{\\prime}(1)=5 \\) 이므로</p> <p>\\( \\sqrt{98} \\fallingdotseq 10+5 \\times(-0.02)=9.9 \\)</p> <p>\\( y=f(x) \\) 에서 \\( d y \\) 를 근사오차, \\( \\frac{d y}{y} \\) 를 상대오차, \\( \\frac{d y}{y} \\times 100 \\% \\) 를 백분오차라 한다.</p></p> <p>예제 5 \\( 0.02 \\mathrm{~cm} \\) 이내의 오차로 공의 반지름을 재어 \\( 5 \\mathrm{~cm} \\) 를 얻었을 때, 공의 부피을 계산하면 최대오차의 근사값은 얼마인가?</p> <p>풀 0l<p>공의 부피 \\( V=\\frac{4}{3} \\pi r^{3} \\) 의 정확한 최대오차는 \\( r \\) 가 5 에서 \\( 5 \\pm 0.02 \\) 로 변할 때 그 값의 증분 \\( \\Delta V \\) 이다. 따라서 근사오차 \\( d V \\) 를 구하면</p> <p>\\( d V=4 \\pi r^{2} d r=4 \\pi \\times 5^{2} \\times(\\pm 0.02)=\\pm 2 \\pi(\\mathrm{cm})^{3} \\)</p></p>",
                "context_length": 3289,
                "summary": "함수 \\( y=f(x) \\) 가 미분가능할 때 \\( f^{\\prime}(x) \\Delta x \\) 를 \\( y \\) 의 미분 또는 \\( f(x) \\) 의 미분이라 하고, 기호 \\( d y \\) 또는 \\( d f(x) \\) 로 나타내며 \\( d y=d f(x)=f^{\\prime}(x) \\Delta x \\)이다. 이를 기하학적으로 해석해보면 \\( d y \\) 는 \\( d x \\) 에 대응하는 접선에서의 \\( y \\) 증분인데, \\( \\Delta y \\) 는 \\( d x \\) 에 대응하는 곡선에서의 \\( y \\) 증분이다.",
                "clue": [
                    {
                        "clue_text": "[정의 2.6]<p>함수 \\( y=f(x) \\) 가 미분가능할 때 \\( f^{\\prime}(x) \\Delta x \\) 를 \\( y \\) 의 미분 또는 \\( f(x) \\) 의 미분이라 하고, 기호 \\( d y \\) 또는 \\( d f(x) \\) 로 나타낸다.",
                        "clue_start": "571",
                        "clue_end": "713"
                    },
                    {
                        "clue_text": "즉</p> <p>\\( d y=d f(x)=f^{\\prime}(x) \\Delta x \\)",
                        "clue_start": "714",
                        "clue_end": "762"
                    },
                    {
                        "clue_text": "따라서 \\( d y(=\\overline{R T}) \\) 는 \\( d x \\) 에 대응하는 접선에서의 \\( y \\) 증분인데, \\( \\Delta y(=\\overline{R Q}) \\) 는 \\( d x \\) 에 대응하는 곡선에서의 \\( y \\) 증분이다.",
                        "clue_start": "1264",
                        "clue_end": "1404"
                    },
                    {
                        "clue_text": "미분의 기하학적 의미를 알아보자.",
                        "clue_start": "994",
                        "clue_end": "1012"
                    }
                ],
                "terminology": [
                    {
                        "word": "근사값"
                    },
                    {
                        "word": "근사오차"
                    },
                    {
                        "word": "기하학적 의미"
                    },
                    {
                        "word": "도함수"
                    },
                    {
                        "word": "독립변수"
                    },
                    {
                        "word": "미분"
                    },
                    {
                        "word": "미분가능"
                    },
                    {
                        "word": "백분오차"
                    },
                    {
                        "word": "상대오차"
                    },
                    {
                        "word": "접선"
                    },
                    {
                        "word": "제곱수"
                    },
                    {
                        "word": "최대오차"
                    },
                    {
                        "word": "함수"
                    }
                ]
            },
            {
                "context_id": "55e-0c9-5ec8fcc1-a470-44a4-a54e-06abfd4e8692",
                "context_K-NSCC": {
                    "field": "자연",
                    "large_category": "NA",
                    "medium_category": "02"
                },
                "context": "<p>[정리 2.13]<p>\\( \\frac{d}{d x} \\sin u=\\cos u \\frac{d u}{d x} \\)</p></p> <p>증명<p>우선 \\( u=x \\) 인 경우에는</p> <p>\\( \\frac{d}{d x} \\sin x=\\lim _{\\Delta x \\rightarrow 0} \\frac{\\sin (x+\\Delta x)-\\sin x}{\\Delta x} \\)</p> <p>차를 곱으로 고치는 공식 \\( \\sin A-\\sin B=2 \\cos \\frac{A+B}{2} \\sin \\frac{A-B}{2} \\) 를 이용하면</p> <p>\\( \\begin{aligned} \\frac{d}{d x} \\sin x &=\\lim _{\\Delta x \\rightarrow 0} \\frac{2 \\cos \\left(x+\\frac{\\Delta x}{2}\\right) \\sin \\frac{\\Delta x}{2}}{\\Delta x} \\\\ &=\\lim _{\\Delta x \\rightarrow 0} \\cos \\left(x+\\frac{\\Delta x}{2}\\right) \\frac{\\sin \\frac{\\Delta x}{2}}{\\frac{\\Delta x}{2}}=\\cos x \\end{aligned} \\)</p> <p>이다. \\( u \\) 가 \\( x \\) 의 미분가능한 함수이면 정리 2.8 의 연쇄법칙에 의하여</p> <p>\\( \\frac{d}{d x} \\sin u=\\frac{d}{d u} \\sin u \\frac{d u}{d x}=\\cos u \\frac{d u}{d x} \\)</p></p> <p>예제 2 \\( y=\\sin \\left(3+4 x^{3}\\right) \\) 에서 \\( \\frac{d y}{d x} \\) 를 구하여라.</p> <p>풀 이<p>\\( u=3+4 x^{3} \\) 이라 하면, 정리 2.13에 의하여</p> <p>\\( \\frac{d y}{d x}=\\cos \\left(3+4 x^{3}\\right) \\frac{d}{d x}\\left(3+4 x^{3}\\right)=12 x^{2} \\cos \\left(3+4 x^{3}\\right) \\)</p></p> <p>[정리 2.14]<p>\\( \\frac{d}{d x} \\cos u=-\\sin u \\frac{d u}{d x} \\)</p></p> <p>증명<p>\\( \\frac{d}{d x} \\cos x=\\lim _{\\Delta x \\rightarrow 0} \\frac{\\cos (x+\\Delta x)-\\cos x}{\\Delta x} \\)</p> <p>차를 곱으로 고치는 공식 \\( \\cos A-\\cos B=-2 \\sin \\frac{A+B}{2} \\sin \\frac{A-B}{2} \\) 를 이용하면</p> <p>\\( \\begin{aligned} \\frac{d}{d x} \\cos x &=\\lim _{\\Delta x \\rightarrow 0} \\frac{-2 \\sin \\left(x+\\frac{\\Delta x}{2}\\right) \\sin \\frac{\\Delta x}{2}}{\\Delta x} \\\\ &=-\\lim _{\\Delta x \\rightarrow 0} \\sin \\left(x+\\frac{\\Delta x}{2}\\right) \\frac{\\sin \\frac{\\Delta x}{2}}{\\frac{\\Delta x}{2}}=-\\sin x \\end{aligned} \\)</p> <p>이다. \\( u \\) 가 \\( x \\) 의 미분가능한 함수이면 연쇄법칙에 의하여</p> <p>\\( \\frac{d}{d x} \\cos u=-\\sin u \\frac{d u}{d x} \\)</p></p> <p>예제 3 \\( y=\\cos (\\sin x) \\) 에서 \\( \\frac{d y}{d x} \\) 를 구하여라.</p> <p>풀 이<p>\\( u=\\sin x \\) 라 하면</p> <p>\\( \\frac{d y}{d x}=-\\sin (\\sin x) \\frac{d}{d x}(\\sin x)=-\\cos x \\cdot \\sin (\\sin x) \\)</p></p> <p>[정리 2.15]<p>\\( \\frac{d}{d x} \\tan u=\\sec ^{2} u \\frac{d u}{d x} \\)</p></p> <p>증명<p>\\( \\tan x=\\frac{\\sin x}{\\cos x} \\) 이므로</p> <p>\\( \\begin{aligned} \\frac{d}{d x} \\tan x &=\\frac{d}{d x}\\left(\\frac{\\sin x}{\\cos x}\\right)=\\frac{(\\sin x)^{\\prime} \\cos x-\\sin x(\\cos x)^{\\prime}}{\\cos ^{2} x} \\\\ &=\\frac{\\cos ^{2} x+\\sin ^{2} x}{\\cos ^{2} x}=\\frac{1}{\\cos ^{2} x}=\\sec ^{2} x \\end{aligned} \\)</p> <p>이다. \\( u \\) 가 \\( x \\) 의 미분가능한 함수이면 연쇄법칙에 의하여</p> <p>\\( \\frac{d}{d x} \\tan u=\\sec ^{2} u \\frac{d u}{d x} \\)</p> <p>나머지 삼각함수도 sine과 cosine을 이용하여 표현하고 그 도함수를 구하면 다음과 같다.</p></p> <p>[정리 2.16]<ol type=1 start=1><li>\\( \\frac{d}{d x} \\cot u=-\\csc ^{2} u \\frac{d u}{d x} \\)</li> <li>\\( \\frac{d}{d x} \\sec u=\\sec u \\tan u \\frac{d u}{d x} \\)</li> <li>\\( \\frac{d}{d x} \\csc u=-\\csc u \\cot u \\frac{d u}{d x} \\)</li></ol></p> <p>예제 8 \\( y=\\tan ^{3}(2 x+1) \\) 에서 \\( \\frac{d y}{d x} \\) 를 구하여라.</p> <p>풀 이<p>\\( u=\\tan (2 x+1) \\) 라 하면 \\( y=u^{3} \\) 이므로 정리 2.15에 의하여</p> <p>\\( \\begin{aligned} \\frac{d y}{d x} &=3 u^{2} \\frac{d u}{d x}=3 \\tan ^{2}(2 x+1) \\sec ^{2}(2 x+1) \\frac{d}{d x}(2 x+1) \\\\ &=3 \\tan ^{2}(2 x+1) \\sec ^{2}(2 x+1) \\cdot 2 \\\\ &=6 \\tan ^{2}(2 x+1) \\sec ^{2}(2 x+1) \\end{aligned} \\)</p></p> <p>예제 9 \\( y=\\cot \\sqrt{1-x} \\) 에서 \\( \\frac{d y}{d x} \\) 를 구하어라.</p> <p>풀 이<p>\\( u=\\sqrt{1-x} \\) 라 하면</p> <p>\\( \\frac{d y}{d x}=-\\csc ^{2} \\sqrt{1-x} \\cdot \\frac{d}{d x} \\sqrt{1-x}=\\frac{\\csc ^{2} \\sqrt{1-x}}{2 \\sqrt{1-x}} \\)</p></p>",
                "context_length": 3359,
                "summary": "정리 2.13과 2.14은 미분가능한 함수 u가 x일 때, \\(\\frac{d}{dx}\\sin u = \\cos u \\frac{du}{dx}, \\frac{d}{dx}\\cos u = -\\sin u \\frac{du}{dx}\\)를 증명한 것이다.",
                "clue": [
                    {
                        "clue_text": "차를 곱으로 고치는 공식 \\( \\sin A-\\sin B=2 \\cos \\frac{A+B}{2} \\sin \\frac{A-B}{2} \\) 를 이용하면",
                        "clue_start": "215",
                        "clue_end": "295"
                    },
                    {
                        "clue_text": "차를 곱으로 고치는 공식 \\( \\cos A-\\cos B=-2 \\sin \\frac{A+B}{2} \\sin \\frac{A-B}{2} \\) 를 이용하면",
                        "clue_start": "1226",
                        "clue_end": "1307"
                    },
                    {
                        "clue_text": "나머지 삼각함수도 sine과 cosine을 이용하여 표현하고 그 도함수를 구하면 다음과 같다.",
                        "clue_start": "2451",
                        "clue_end": "2503"
                    }
                ],
                "terminology": [
                    {
                        "word": "cosine"
                    },
                    {
                        "word": "sine"
                    },
                    {
                        "word": "도함수"
                    },
                    {
                        "word": "미분가능"
                    },
                    {
                        "word": "미분가능한 함수"
                    },
                    {
                        "word": "삼각함수"
                    },
                    {
                        "word": "연쇄법칙"
                    },
                    {
                        "word": "함수"
                    }
                ]
            },
            {
                "context_id": "55e-0c9-20011093-e18a-4972-bf22-1a0e66135b27",
                "context_K-NSCC": {
                    "field": "자연",
                    "large_category": "NA",
                    "medium_category": "02"
                },
                "context": "<h1>2.1 미분계수와 도함 수</h1> <p>[정의 2.1] 증분, 평균변화율 함수 \\( y=f(x) \\) 에서 \\( x \\) 가 \\( a \\) 에서 \\( a+h \\) 까지 변할 때 \\( y \\) 는 \\( f(a) \\) 에서 \\( f(a+h) \\) 까지 변한다. 이 때 \\( x \\) 의 변화량 \\( (a+h)-a=h \\) 를 \\( x \\) 의 증분, \\( y \\) 의 변화량 \\( f(a+h)-f(a) \\) 를 \\( y \\) 의 증분이라 하고 각각 기호 \\( \\Delta x, \\Delta y \\) 로 나타낸다. 즉</p> <p>\\( \\Delta x=(a+h)-a=h, \\quad \\Delta y=f(a+h)-f(a) \\)</p> <p>여기서 두 증분 \\( \\Delta x, \\Delta y \\) 의 비</p> <p>\\( \\frac{\\Delta y}{\\Delta x}=\\frac{f(a+h)-f(a)}{h}=\\frac{f(a+\\Delta x)-f(a)}{\\Delta x} \\)</p> <p>를 \\( x \\) 가 \\( a \\) 에서 \\( a+h(=a+\\Delta x) \\) 까지 변할 때의 함수 \\( f(x) \\) 의 평균변화율이라 한다.</p> <p>평균변화율 \\( \\frac{f(a+h)-f(a)}{h} \\) 의 기하학적 의미는 그림 2.1에서와 같이 \\( y=f(x) \\) 의 그레프 위의 두 점 \\( (a, f(a)),(a+h, f(a+h)) \\) 를 지나는 직선의 기울기이다.</p> <p>[정의 2.2] 미분계수(순간변화율), 미분가능<p>함수 \\( y=f(x) \\) 의 정의역 내의 한 점 \\( a \\) 에 대하여 극한값</p> <p>\\( \\lim _{\\Delta x \\rightarrow 0} \\frac{f(a+\\Delta x)-f(a)}{\\Delta x} \\)</p> <p>가 존재할 때, 이 극한값을 함수 \\( f(x) \\) 의 \\( x=a \\) 에서의 미분계수 모는 순간변화율이라 하고 \\( f^{\\prime}(a) \\) 로 나타내며 \\( f(x) \\) 는 \\( x=a \\) 에서 미분가능하다고 한다.</p></p> <p>미분계수 \\( f^{\\prime}(a) \\) 의 기하학적 의미는 곡선 \\( y=f(x) \\) 위의 점 \\( (a \\), \\( f(a)) \\) 에서의 이 곡선의 접선의 기울기이다.</p> <p>예제 1 함수 \\( f(x)=x^{2}-8 x+9 \\) 의 \\( x=a \\) 에서의 미분계수를 구하여라.</p> <p>풀 이 \\( \\begin{aligned} f^{\\prime}(a) &=\\lim _{h \\rightarrow 0} \\frac{f(a+h)-f(a)}{h} \\\\ &=\\lim _{h \\rightarrow 0} \\frac{\\left[(a+h)^{2}-8(a+h)+9\\right]-\\left[a^{2}-8 a+9\\right]}{h} \\\\ &=\\lim _{h \\rightarrow 0} \\frac{2 a h+h^{2}-8 h}{h} \\\\ &=\\lim _{h \\rightarrow 0}(2 a+h-8) \\\\ &=2 a-8 \\end{aligned} \\)</p> <p>예제 2 f \\( f(x)=\\frac{x}{x+1} \\) 일 때 \\( f^{\\prime}(1) \\) 을 구하여라.</p> <p>풀 이\\( \\begin{aligned} f^{\\prime}(1) &=\\lim _{\\Delta x \\rightarrow 0} \\frac{f(1+\\Delta x)-f(1)}{\\Delta x}=\\lim _{\\Delta x \\rightarrow 0} \\frac{\\frac{1+\\Delta x}{(1+\\Delta x)+1}-\\frac{1}{2}}{\\Delta x} \\\\ &=\\lim _{\\Delta x \\rightarrow 0} \\frac{\\Delta x}{2 \\Delta x(2+\\Delta x)}=\\frac{1}{4} \\end{aligned} \\)</p> <p>[정의 2.3] 도함수<p>함수 \\( y=f(x) \\) 에서 극한</p> <p>\\( \\lim _{\\Delta x \\rightarrow 0} \\frac{f(x+\\Delta x)-f(x)}{\\Delta x} \\)</p> <p>로 정의된 함수를 \\( f(x) \\) 의 도함수라고 하고, 기호</p> <p>\\( y^{\\prime}, f^{\\prime}(x), \\frac{d y}{d x}, \\frac{d}{d x} f(x), D_{x} y \\)</p> <p>등으로 나타낸다. 또 \\( f(x) \\) 에서 \\( f^{\\prime}(x) \\) 를 구하는 것을 \\( f(x) \\) 를 \\( x \\)에 관하여 미분한다고 한다.</p></p> <p>예제 3 \\( f(x)=\\sqrt{x-5}(x \\geq 5) \\) 의 도함수를 구하여라.</p> <p>풀이 \\( \\begin{aligned} f^{\\prime}(x) &=\\lim _{h \\rightarrow 0} \\frac{f(x+h)-f(x)}{h} \\\\ &=\\lim _{h \\rightarrow 0} \\frac{\\sqrt{x+h-5}-\\sqrt{x-5}}{h} \\\\ &=\\lim _{h \\rightarrow 0} \\frac{\\sqrt{x+h-5}-\\sqrt{x-5}}{h} \\cdot \\frac{\\sqrt{x+h-5}+\\sqrt{x-5}}{\\sqrt{x+h-5}+\\sqrt{x-5}} \\\\ &=\\lim _{h \\rightarrow 0} \\frac{(x+h-5)-(x-5)}{h(\\sqrt{x+h-5}+\\sqrt{x-5})} \\\\ &=\\lim _{h \\rightarrow 0} \\frac{1}{\\sqrt{x+h-5}+\\sqrt{x-5}} \\\\ &=\\frac{1}{2 \\sqrt{x-5}} \\end{aligned} \\)</p> <p>여기서 \\( f^{\\prime}(x) \\) 의 정의역은 \\( (5, \\infty) \\) 이다.</p> <p>예제 \\( 4 f(x)=|x| \\) 는 어디에서 미분가능한가?</p> <p>풀이 \\( \\begin{aligned} f^{\\prime}(x) &=\\lim _{\\Delta x \\rightarrow 0} \\frac{|x+\\Delta x|-|x|}{\\Delta x} \\\\ &=\\lim _{\\Delta x \\rightarrow 0} \\frac{|x+\\Delta x|-|x|}{\\Delta x} \\cdot \\frac{|x+\\Delta x|+|x|}{|x+\\Delta x|+|x|} \\\\ &=\\lim _{\\Delta x \\rightarrow 0} \\frac{(x+\\Delta x)^{2}-x^{2}}{\\Delta x(|x+\\Delta x|+|x|)} \\\\ &=\\lim _{\\Delta x \\rightarrow 0} \\frac{2 x+\\Delta x}{|x+\\Delta x|+|x|} \\\\ &=\\frac{x}{|x|} \\end{aligned} \\)</p> <p>따라서</p> <p>\\( f^{\\prime}(x)=\\left\\{\\begin{aligned} 1, & x>0 \\\\-1, & x<0 \\end{aligned}\\right. \\)</p> <p>이고 \\( f^{\\prime}(0) \\) 은 존재하지 않으므로 \\( f(x)=|x| \\) 는 0 을 제외한 모든 실수에서 미분가능하다.</p> <p>[정리 2.1] 함수 \\( f(x) \\) 가 \\( x=a \\) 에서 미분가능하면 \\( f(x) \\) 는 \\( x=a \\) 에서 연속이다.</p> <p>증명 이 정리는 \\( \\left\\ulcorner f^{\\prime}(a)=\\lim _{x \\rightarrow a} \\frac{f(x)-f(a)}{x-a}\\right. \\) 가 존재하면 \\( \\lim _{x \\rightarrow a} f(x)=f(a) \\) 이다」와 같으므로 이 명제를 증명하면 된다.</p> <p>\\( \\lim _{x \\rightarrow a}\\{f(x)-f(a)\\}=\\lim _{x \\rightarrow a}\\left\\{\\frac{f(x)-f(a)}{x-a} \\cdot(x-a)\\right\\} \\)</p> <p>이다. 그런데 \\( f^{\\prime}(a)=\\lim _{x \\rightarrow a} \\frac{f(x)-f(a)}{x-a} \\) 가 존재하므로</p> <p>\\( \\begin{aligned} \\lim _{x \\rightarrow a}\\{f(x)-f(a)\\} &=\\lim _{x \\rightarrow a} \\frac{f(x)-f(a)}{x-a} \\cdot \\lim _{x \\rightarrow a}(x-a) \\\\ &=f^{\\prime}(a) \\cdot 0=0 \\end{aligned} \\)</p> <p>즉</p> <p>\\( \\lim _{x \\rightarrow a} f(x)=f(a) \\)</p> <p>따라서 \\( f(x) \\) 는 \\( x=a \\) 에서 연속이다.</p>",
                "context_length": 4250,
                "summary": "[정의 2 - 1] 증분, 평균변화율 함수 \\( y=f(x) \\) 에서 \\( x \\) 가 \\( a \\) 에서 \\( a+h \\) 까지 변할 때 \\( y \\) 는 \\( f(a) \\) 에서 \\( f(a+h) \\) 까지 변한다. [정의 2-2] 미분계수(순간변화율), 미분가능 함수 \\( y=f(x) \\) 의 정의역 내의 한 점 \\( a \\) 에 대하여 극한값 \\( \\lim _{\\Delta x \\rightarrow 0} \\frac{f(a+\\Delta x)-f(a)}{\\Delta x} \\) 가 존재할 때, 이 극한값을 함수 \\( f(x) \\) 의 \\( x=a \\) 에서의 미분계수 모는 순간변화율이라 하고 \\( f^{\\prime}(a) \\) 로 나타내며 \\( f(x) \\) 는 \\( x=a \\) 에서 미분가능하다고 한다. [정의 2-3] 도함수 함수 \\( y=f(x) \\) 에서 극한 \\( \\lim _{\\Delta x \\rightarrow 0} \\frac{f(x+\\Delta x)-f(x)}{\\Delta x} \\)로 정의된 함수를 도함수라고 한다. [정리 2- 1] 함수 \\( f(x) \\) 가 \\( x=a \\) 에서 미분 되는 경우에서 \\( f(x) \\) 는 \\( x=a \\) 에서 연속으로 나타낼 수 있음을 정의한다.",
                "clue": [
                    {
                        "clue_text": "[정의 2.1] 증분, 평균변화율 함수 \\( y=f(x) \\) 에서 \\( x \\) 가 \\( a \\) 에서 \\( a+h \\) 까지 변할 때 \\( y \\) 는 \\( f(a) \\) 에서 \\( f(a+h) \\) 까지 변한다.",
                        "clue_start": "27",
                        "clue_end": "148"
                    },
                    {
                        "clue_text": "[정의 2.2] 미분계수(순간변화율), 미분가능<p>함수 \\( y=f(x) \\) 의 정의역 내의 한 점 \\( a \\) 에 대하여 극한값",
                        "clue_start": "729",
                        "clue_end": "804"
                    },
                    {
                        "clue_text": "가 존재할 때, 이 극한값을 함수 \\( f(x) \\) 의 \\( x=a \\) 에서의 미분계수 모는 순간변화율이라 하고 \\( f^{\\prime}(a) \\) 로 나타내며 \\( f(x) \\) 는 \\( x=a \\) 에서 미분가능하다고 한다.",
                        "clue_start": "892",
                        "clue_end": "1021"
                    },
                    {
                        "clue_text": "[정의 2.3] 도함수<p>함수 \\( y=f(x) \\) 에서 극한",
                        "clue_start": "1897",
                        "clue_end": "1933"
                    },
                    {
                        "clue_text": "[정리 2.1] 함수 \\( f(x) \\) 가 \\( x=a \\) 에서 미분가능하면 \\( f(x) \\) 는 \\( x=a \\) 에서 연속이다.",
                        "clue_start": "3493",
                        "clue_end": "3569"
                    }
                ],
                "terminology": [
                    {
                        "word": "곡선의 접선"
                    },
                    {
                        "word": "극한값"
                    },
                    {
                        "word": "기울기"
                    },
                    {
                        "word": "기하학적 의미"
                    },
                    {
                        "word": "도함수"
                    },
                    {
                        "word": "미분"
                    },
                    {
                        "word": "미분가능"
                    },
                    {
                        "word": "미분계수"
                    },
                    {
                        "word": "순간변화율"
                    },
                    {
                        "word": "실수"
                    },
                    {
                        "word": "접선"
                    },
                    {
                        "word": "접선의 기울기"
                    },
                    {
                        "word": "정의역"
                    },
                    {
                        "word": "증분"
                    },
                    {
                        "word": "평균변화율"
                    },
                    {
                        "word": "평균변화율 함수"
                    },
                    {
                        "word": "함수"
                    }
                ]
            }
        ]
    }
}