{
    "dataset_info": {
        "identifier": "02-031-002-NL",
        "name": "기술과학 문서 요약 데이터",
        "category": "자연어",
        "last_updated": "2023-08-30"
    },
    "dataset": {
        "doc_id": "772a8b07-95ad1b7f-0861-4639-80a4-3d76d47b7338",
        "doc_type": "도서",
        "doc_title": {
            "kor": "기초수학",
            "eng": ""
        },
        "doc_category": {
            "KDC": "412",
            "DDC": ""
        },
        "doc_number": {
            "ISSN": "",
            "ISBN": "9788961054669",
            "DOI": "",
            "UCI": ""
        },
        "doc_year": "2011",
        "doc_author": [
            "허걸"
        ],
        "doc_publisher": "경문사",
        "doc_license": "저작권 협의됨",
        "context_info": [
            {
                "context_id": "55e-0c9-b143e339-e6e6-4929-a273-763ec8f797ef",
                "context_K-NSCC": {
                    "field": "자연",
                    "large_category": "NA",
                    "medium_category": "99"
                },
                "context": "<h2>2.2 .2 함수의 표시</h2> <p>함수는 흔히 \\( f, F, g, G \\) 등과 같은 문자로 표시된다. \\( f \\) 가 함수면, \\( f \\) 의 정의역의 각 원 \\( x \\) 에 대하여 대응하는 공변역에 속하는 상을 기호 \\( f(x) \\) 로 나타내고 \\( f(x) \\) 를 \" \\( f \\) (of) \\( x \\) \"로 읽는다. 우리는 \\( f(x) \\) 를 원 \\( x \\) 에서 \\( f \\) 의 값(value of \\( f \\) at the element \\( x \\) )이라 부른다. \\( f(x) \\) 는 \" \\( f \\cdot x \\) \"를 의미하지 않음에 주의하라. 예로써, 보기 \\( 2.2 .5 \\) 에 주어진 함수를 \\( y=f(x)=2 x-5,1 \\leq x \\leq 6 \\) 로 쓸 수 있다. 그러면 \\( f(1)=-3 \\). 그림 2.2.3은 몇 가지 다른 함수를 설명한다.</p> <p>때때로 함수 \\( f \\) 를 정의역으로부터 수를 입력 받아서, 이것을 솜씨 있게 처리하여 값을 출력하는 기계로 생각하는 것이 도움이 될 수 있다. 그림 2.2.4을 보라.</p> <p>이 입력/출력 기계에 대한 제한은 다음과 같다.</p> <p>(1) 이 기계는 함수의 정의역으로부터 수를 허용한다.</p> <p>(2) 각 입력에 대하여, (다른 입력에 대하여 반복될 수도 있는) 꼭 하나의 출력이 있다.</p> <p>함수 \\( y=f(x) \\) 에 대하여, 변수 \\( x \\) 를 독립변수(independent variable)라 한다. 왜냐면, \\( x \\) 를 정의역의 임의의 원으로 선택할 수 있기 때문이다. 변수 \\( y \\) 클 종속변수(dependent variable)라 한다. 왜냐면, 값 \\( y \\)는 \\( x \\) 에 종속되기 때문이다.</p> <p>임의의 기호가 독립변수와 종속변수를 나타내는데 사용될 수 있다. 예로써, \\( f \\) 가 세제곱 함수(cube function)면, \\( f \\) 는 \\( f(x)=x^{3} \\) 또는 \\( f(t)=t^{3} \\) 또는 \\( f(z)=z^{3} \\) 으로 정의될 수 있다. 이들 세 함수는 모두 같다. 각각은 우리에게 독립변수를 세제곱한다는 것을 말해준다.</p> <h2>2.2.3 함수의 값을 구하기</h2> <p>이제 함수의 값을 구하는 문제를 생각해 보자. 예로써, \\( f \\) 가 \\( f(x)=x^{3} \\) 으로 정의되는 함수면, \\( f \\) 는 독립변수를 세제곱한다는 것을 우리에게 말해준다. 그래서, \\( f(2) \\) 는 2 를 세제곱함을 의미하고, \\( f(a) \\) 는 \\( a \\) 를 세제곱합을 의미하고, \\( f(x+h) \\) 는 \\( x+h \\) 를 세제곱함을 의미한다.</p> <p>보기 2.2.6 함수의 값을 구하기</p> <p>\\( f(x)=2 x^{2}-3 x \\) 로 정의되는 함수 \\( f \\) 에 대하여, 다음 각각의 값을 구하라.</p> <p>(a) \\( f(3) \\) (b) \\( f(x)+f(3) \\) (c) \\( f(-x) \\)</p> <p>(d) \\( -f(x) \\) (e) \\( f(x+3) \\) (f) \\( \\frac{f(x+h)-f(x)}{h} \\)</p> <p>풀이</p> <p>(a) \\( f \\) 에 대한 방정식에 있는 \\( x \\) 대신에 3 을 대입한다, 그러면 \\[f(3)=2(3)^{2}-3(3)=18-9=9 \\text {. }\\]</p> <p>(b) \\( f(x)+f(3)=\\left(2 x^{2}-3 x\\right)+(9)=2 x^{2}-3 x+9 \\).</p> <p>(c) \\( f \\) 에 대한 방정식에 있는 \\( x \\) 대신에 \\( -x \\) 를 대입한다. 그러면 \\[f(-x)=2(-x)^{2}-3(-x)=2 x^{2}+3 x .\\]</p> <p>(d) \\( -f(x)=-\\left(2 x^{2}-3 x\\right)=-2 x^{2}+3 x \\).</p> <p>(e) \\( f(x+3)=2(x+3)^{2}-3(x+3) \\) 여기에서 괄호의 사용에 주의한다. \\[\\begin{array}{l} =2\\left(x^{2}+6 x+9\\right)-3 x-9 \\\\ =2 x^{2}+12 x+18-3 x-9 \\\\ =2 x^{2}+9 x+9 .\\end{array}\\]</p> <p>(f) \\( \\frac{f(x+h)-f(x)}{h}=\\frac{\\left[2(x+h)^{2}-3(x+h)\\right]-\\left[2 x^{2}-3 x\\right]}{h} \\) \\( \\uparrow f(x+h)=2(x+h)^{2}-3(x+h) \\) \\( =\\frac{2\\left(x^{2}+2 x h+h^{2}\\right)-3 x-3 h-2 x^{2}+3 x}{h} \\) 간단히 한다. \\( =\\frac{2 x^{2}+4 x h+2 h^{2}-3 h-2 x^{2}}{h} \\) \\( =\\begin{array}{c}4 x h+2 h^{2}-3 h \\\\ h\\end{array} \\) \\( =\\frac{h(4 x+2 h-3)}{h} \\quad h \\) 를 공통인수로 끌어낸다. \\( =4 x+2 h-3 . \\quad h \\) 를 약분한다.</p> <p>보기 \\( 2.2 .6 \\) 에서 \\( f(x+3) \\neq f(x)+f(3) \\) 이고 \\( f(-x) \\neq-f(x) \\) 임에 주의하라.</p> <p>보기 2.6.6(f)에 있는 식(미분적분학에서 중요한 식임)을 \\( f \\) 의 차몫(difference quotient)이라 한다.</p>",
                "context_length": 2687,
                "summary": "함수는 흔히 \\( f, F, g, G \\) 와 같은 문자로 표시되며, 함수 \\( f\\) 는 정의역으로부터 수를 입력 받아 출력하는 역할을 하는 것으로 이해하면 된다. 함수 \\( y=f(x) \\) 에 대하여 변수 \\( x \\) 는 독립변수, 변수 \\( y \\) 는 종속변수로, 예를 들면 \\( f \\) 가 세제곱 함수이면, \\( f \\) 는 \\( f(x)=x^{3} \\) 또는 \\( f(t)=t^{3} \\) 또는 \\( f(z)=z^{3} \\) 으로 정의될 수 있다. 이를 이용하여 함수의 값을 구하는 문제에서, \\( f(x)=2 x^{2}-3 x \\) 로 정의되는 함수 \\( f \\) 에서 \\( f(x+3) \\) 를 구하는 방식은 \\( f(x+3)=2(x+3)^{2}-3(x+3) = 2 x^{2}+9 x+9\\) 이다.",
                "clue": [
                    {
                        "clue_text": "함수는 흔히 \\( f, F, g, G \\) 등과 같은 문자로 표시된다.",
                        "clue_start": "26",
                        "clue_end": "65"
                    },
                    {
                        "clue_text": "때때로 함수 \\( f \\) 를 정의역으로부터 수를 입력 받아서, 이것을 솜씨 있게 처리하여 값을 출력하는 기계로 생각하는 것이 도움이 될 수 있다.",
                        "clue_start": "466",
                        "clue_end": "548"
                    },
                    {
                        "clue_text": "예로써, \\( f \\) 가 세제곱 함수(cube function)면, \\( f \\) 는 \\( f(x)=x^{3} \\) 또는 \\( f(t)=t^{3} \\) 또는 \\( f(z)=z^{3} \\) 으로 정의될 수 있다.",
                        "clue_start": "935",
                        "clue_end": "1053"
                    },
                    {
                        "clue_text": "(e) \\( f(x+3)=2(x+3)^{2}-3(x+3) \\) 여기에서 괄호의 사용에 주의한다.",
                        "clue_start": "1932",
                        "clue_end": "1985"
                    },
                    {
                        "clue_text": "\\( f(x)=2 x^{2}-3 x \\) 로 정의되는 함수 \\( f \\) 에 대하여, 다음 각각의 값을 구하라.",
                        "clue_start": "1384",
                        "clue_end": "1446"
                    }
                ],
                "terminology": [
                    {
                        "word": "공변역"
                    },
                    {
                        "word": "공통인수"
                    },
                    {
                        "word": "독립변수"
                    },
                    {
                        "word": "독립변수(independent variable)"
                    },
                    {
                        "word": "미분적분학"
                    },
                    {
                        "word": "방정식"
                    },
                    {
                        "word": "상"
                    },
                    {
                        "word": "세제곱"
                    },
                    {
                        "word": "약분"
                    },
                    {
                        "word": "정의역"
                    },
                    {
                        "word": "종속변수"
                    },
                    {
                        "word": "종속변수(dependent variable)"
                    },
                    {
                        "word": "차몫"
                    },
                    {
                        "word": "차몫(difference quotient)"
                    },
                    {
                        "word": "함수"
                    }
                ]
            },
            {
                "context_id": "55e-0c9-9b29a461-7517-47eb-8144-93a56f925419",
                "context_K-NSCC": {
                    "field": "자연",
                    "large_category": "NA",
                    "medium_category": "99"
                },
                "context": "<h2>2.3.3 증가, 감소와 상수인 1 차 함수</h2> <p>우리는 탐구의 결과를 다음의 정리로 요약한다.</p> <p>정리 2.3.7 증가, 감소와 상수 1 차 함수</p> <p>1 차 합수 \\( f(x)=m x+b \\) 는 :</p> <p>(1) \\( m>0 \\) 면 \\( f \\) 의 정의역에서 증가한다.</p> <p>(2) \\( m<0 \\) 면 \\( f \\) 의 정의역에서 감소한다.</p> <p>(3) \\( m=0 \\) 면 \\( f \\) 의 정의역에서 상수다.</p> <p>보기 \\( 2.3 .8 1 \\) 차 함수가 증가, 감소 또는 상수인지를 결정하기</p> <p>다음 1 차 함수들이 증가, 감소 또는 상수인지를 결정하라.</p> <p>(a) \\( f(x)=3 x-1 \\) (b) \\( g(x)=-5 x+3 \\) (c) \\( s(t)=\\frac{2}{3} t+1 \\) (d) \\( h(z)=5 \\)</p> <p>풀이</p> <p>(a) 함수 \\( f \\) 의 기울기 \\( m=3>0 \\) 이고 정의역 \\( (-\\infty, \\infty) \\) 다. 따라서, 정리 2.3.7(1)에 의하여, \\( f \\) 는 구간 \\( (-\\infty, \\infty) \\) 에서 증가한다.</p> <p>(b) 함수 \\( g \\) 의 기울기 \\( m=-5<0 \\) 이고 정의역 \\( (-\\infty, \\infty) \\) 다. 따라서, 정리 2.3.7(2)에 의하여, \\( g \\) 는 구간 \\( (-\\infty, \\infty) \\) 에서 감소한다.</p> <p>(c) 함수 \\( s \\) 의 기울기 \\( m=\\frac{2}{3}>0 \\) 이고 정의역 \\( (-\\infty, \\infty) \\) 다. 따라서, 정리 \\( 2.3 .7(1) \\) 에 의하여, \\( s \\) 는 구간 \\( (-\\infty, \\infty) \\) 에서 증가한다.</p> <p>(d) 함수 \\( h \\) 의 기울기 \\( m=0 \\) 이고 정의역 \\( (-\\infty, \\infty) \\) 다. 따라서, 정리 \\( 2.3 .7(3) \\) 에 의하여, \\( h \\) 는 구간 \\( (-\\infty, \\infty) \\) 에서 상수다.</p> <h2>2.3.4 1차 함수의 영</h2> <p>함수 \\( f \\) 와 실수 \\( r \\) 에 대하여 \\( f(r)=0 \\) 이면 \\( r \\) 은 함수 \\( f \\) 의 영이라 한다. 임의의 함수 \\( f(x)=m x+b \\) 에 대하여 \\( m \\neq 0 \\) 이면 함수 \\( f \\) 는 꼭 하나의 영을 가짐을 보여 줄 수 있다. 즉, \\( f \\) 가 증가 또는 감소면 \\( f \\) 는 꼭 하나의 영을 갖는다.</p> <p>보기 2.3.9 1차 함수의 영을 구하기</p> <p>\\( f(x)=-\\frac{1}{2} x+2 \\) 의 영을 구하라. \\( f \\) 의 그래프를 그리기 위하여 \\( y \\)-절편과 함께 영을 사용하라.</p> <p>풀이 우리는 영을 구하기 위하여 방정식 \\( f(x)=0 \\) 을 푼다.</p> <p>\\[\\begin{aligned}f(x) &=0 \\\\-\\frac{1}{2} x+2 &=0 \\quad f(x)=-\\frac{1}{2} x+2\\end{aligned}\\] \\( -\\frac{1}{2} x=-2 \\quad \\) 이 방정식의 양변에서 2 를 뺀다. \\( x=4, \\quad \\) 이 방정식의 양변에 \\( -2 \\) 를 곱한다.</p> <p>확인 : \\( f(4)=-\\frac{1}{2}(4)+2=0 \\).</p> <p>\\( y \\)-절편은 2 다. 그러므로 점 \\( (0,2) \\) 는 이 함수의 그래프 위에 있다. \\( f \\) 의 영은 4 다. 그러므로 \\( x \\)-절편은 4 이고 점 \\( (4,0) \\) 은 이 그래프 위에 있다. \\( f \\) 의 그래프에 대하여 그림 \\( 2.3 .7 \\) 을 보라.</p>",
                "context_length": 1885,
                "summary": "일차함수 \\( f(x)=m x+b \\)에서, \\(m\\)이 양수이면 함수의 정의역에서 증가, \\(m\\)이 음수이면 정의역에서 감소, \\(m\\)이 0이면 정의역에서 상수이다. 또한 일차함수와 실수 \\(x\\)에 대해서 \\( f(x)=0 \\)이면 \\(x\\)는 함수 \\( f \\)의 영이라고 하며 앞선 일차함수에서 \\(m\\)이 0이 아니면 함수 \\( f \\)는 꼭 하나의 영을 가진다.",
                "clue": [
                    {
                        "clue_text": "<p>1 차 합수 \\( f(x)=m x+b \\) 는 :</p> <p>(1) \\( m>0 \\) 면 \\( f \\) 의 정의역에서 증가한다.</p> <p>(2) \\( m<0 \\) 면 \\( f \\) 의 정의역에서 감소한다.</p> <p>(3) \\( m=0 \\) 면 \\( f \\) 의 정의역에서 상수다.",
                        "clue_start": "101",
                        "clue_end": "265"
                    },
                    {
                        "clue_text": "함수 \\( f \\) 와 실수 \\( r \\) 에 대하여 \\( f(r)=0 \\) 이면 \\( r \\) 은 함수 \\( f \\) 의 영이라 한다.",
                        "clue_start": "1094",
                        "clue_end": "1170"
                    },
                    {
                        "clue_text": "임의의 함수 \\( f(x)=m x+b \\) 에 대하여 \\( m \\neq 0 \\) 이면 함수 \\( f \\) 는 꼭 하나의 영을 가짐을 보여 줄 수 있다.",
                        "clue_start": "1171",
                        "clue_end": "1255"
                    }
                ],
                "terminology": [
                    {
                        "word": "1차 함수"
                    },
                    {
                        "word": "기울기"
                    },
                    {
                        "word": "방정식"
                    },
                    {
                        "word": "상수"
                    },
                    {
                        "word": "실수"
                    },
                    {
                        "word": "영"
                    },
                    {
                        "word": "절편"
                    },
                    {
                        "word": "정의역"
                    },
                    {
                        "word": "함수"
                    }
                ]
            },
            {
                "context_id": "55e-0c9-c0f988e4-b375-4f63-99bf-82fd54c7808a",
                "context_K-NSCC": {
                    "field": "자연",
                    "large_category": "NA",
                    "medium_category": "99"
                },
                "context": "<h2>2.1 .3 부등식의 성질</h2> <p>두 양의 실수의 곱은 양, 두 음의 실수의 곱은 양이고, 0 과 0의 곱은 0 이다. 임의의 실수 \\( a \\) 에 대하여, \\( a^{2} \\) 의 값은 0 또는 양이다. \\( a^{2} \\) 은 음이 아니다. 이것을 음 아닌 성질(nonnegative property)이라 한다.</p> <p>정리 2.1.6 음 아닌 성질 임의의 실수 \\( a \\) 에 대하여, \\( a^{2} \\geq 0 \\),<p>우리가 부등식의 양변에 같은 수를 더하면, 우리는 같은 꼴 부등식을 얻는다. 예로써, \\( 2<3 \\) 이므로, \\( 2+5<3+5 \\) 또는 \\( 7<8 \\) 이다. 이것을 부등식의 덧셈성질(addition property)이라 한다.</p> <p>정리 2.1.7 부등식의 덧셈성질 \\( a, b \\) 와 \\( c \\) 는 임의의 실수라 하자.</p> <p>(1) \\( a<b \\) 면, \\( a+c<b+c \\).</p> <p>(2) \\( a>b \\) 면, \\( a+c>b+c \\),</p> <p>보기 \\( 2.1 .8 \\) 부등식의 덧셈성질</p> <p>(a) \\( x<-3 \\) 이면, \\( x+3<-3+3 \\) 또는 \\( x+3<0 \\).</p> <p>(b) \\( x>5 \\) 이면, \\( x+(-5)>5+(-5) \\) 또는 \\( x-5>0 \\).</p> <p>보기 \\( 2.1 .9 \\) 부등식에 양수를 곱하기</p> <p>부등식 \\( 2<5 \\) 의 각 변에 3 을 곱한 결과를 부등식으로 나타내라.</p> <p>풀이 우리는 부등식 \\( 2<5 \\) 에서 시작한다. 각 변에 3 을 곱하여 수 6 과 15 를 얻는다. 그러므로 \\( 6<15 \\).</p> <p>보기 2.1.10 부등식에 음수를 곱하기</p> <p>부등식 \\( 7>3 \\) 의 각 변에 \\( -2 \\) 를 곱한 결과를 부등식으로 나타내라.</p> <p>풀이 우리는 부등식 \\( 7>3 \\) 에서 시작한다. 각 변에 \\( -2 \\) 를 곱하여 수 \\( -14 \\) 와 \\( -6 \\) 을 얻는다. 그러므로\\( -14<-6 \\).</p> <p>정리 2.1.11 부등식의 곱 성질 \\( a, b \\) 와 \\( c \\) 는 임의의 실수라 하자.</p> <p>(1a) \\( a<b \\) 고 \\( c>0 \\) 면, \\( a c<b c \\),</p> <p>(1b) \\( a<b \\) 고 \\( c<0 \\) 면, \\( a c>b c \\).</p> <p>(2a) \\( a>b \\) 고 \\( c>0 \\) 면, \\( a c>b c \\).</p> <p>(2b) \\( a>b \\) 고 \\( c<0 \\) 면, \\( a c<b c \\).</p> <p>부등식의 곱 성질은 각 변이 양의 실수로 곱해지면 부등식의 방향이 같게 유지되고, 반면에, 각 변이 음의 실수로 곱해지면 부등식의 방향이 반대된다는 것을 설명한다.</p> <p>보기 2.1.12 부등식의 곱 성질<p>(a) \\( 3 x<9 \\) 이면, \\( \\frac{1}{3}(3 x)<\\frac{1}{3}(9) \\) 또는 \\( x<3 \\).</p> <p>(b) \\( \\frac{x}{-2}<8 \\) 이면, \\( -2\\left(\\frac{x}{-2}\\right)>-2(8) \\) 또는 \\( x>-16 \\).</p> <p>(c) \\( -5 x>-15 \\) 면, \\( \\frac{-5 x}{-5}<\\frac{-15}{-5} \\) 또는 \\( x<3 \\).</p> <p>(d) \\( -2 x<8 \\) 이면, \\( \\frac{-2 x}{-2}>\\frac{8}{-2} \\) 또는 \\( x>-4 \\).</p>",
                "context_length": 1763,
                "summary": "부등식의 음이 아닌 성질(nonnegative property)은 두 양의 실수의 곱, 두 음의 실수의 곱 그리고 0과 0의 곱은 0 이고 임의의 실수 \\( a \\) 에 대하여, \\( a^{2} \\) 의 값은 0 또는 양인 성질이다. 이 외의 부등식의 성질에는 부등식의 덧셈성질(addition property)과 부등식의 곱성질 등이 있다.",
                "clue": [
                    {
                        "clue_text": "두 양의 실수의 곱은 양, 두 음의 실수의 곱은 양이고, 0 과 0의 곱은 0 이다.",
                        "clue_start": "27",
                        "clue_end": "74"
                    },
                    {
                        "clue_text": "\\( a^{2} \\) 은 음이 아니다.",
                        "clue_start": "124",
                        "clue_end": "145"
                    },
                    {
                        "clue_text": "임의의 실수 \\( a \\) 에 대하여, \\( a^{2} \\) 의 값은 0 또는 양이다. \\( a^{2} \\) 은 음이 아니다.",
                        "clue_start": "75",
                        "clue_end": "145"
                    },
                    {
                        "clue_text": "이것을 부등식의 덧셈성질(addition property)이라 한다.",
                        "clue_start": "348",
                        "clue_end": "386"
                    },
                    {
                        "clue_text": "정리 2.1.11 부등식의 곱 성질 \\( a, b \\) 와 \\( c \\) 는 임의의 실수라 하자.",
                        "clue_start": "1047",
                        "clue_end": "1101"
                    }
                ],
                "terminology": [
                    {
                        "word": "덧셈성질"
                    },
                    {
                        "word": "덧셈성질(addition property)"
                    },
                    {
                        "word": "부등식"
                    },
                    {
                        "word": "실수"
                    },
                    {
                        "word": "음 아닌 성질(nonnegative property)"
                    }
                ]
            },
            {
                "context_id": "55e-0c9-186d131d-7701-4f6b-befe-30f3d7f8cf42",
                "context_K-NSCC": {
                    "field": "자연",
                    "large_category": "NA",
                    "medium_category": "99"
                },
                "context": "<h1>2.4 직선의 방정식; 일차 함수 만들기</h1> <h2>2.4 .1 직선의 방정식</h2> <p>이제 우리는 직선의 방정식의 여러 가지 꼴을 유도할 준비가 되어 있다. 하나의 보기부터 시작하자.</p> <p>보기 2.4.1 직선의 그래프를 그리기</p> <p>방정식 \\( x=3 \\) 의 그래프를 그려라.</p> <p>풀이 \\( x=3 \\) 의 그래프를 그리기 위하여, \\( x=3 \\) 인 평면에 있는 모든 점 \\( (x, y) \\) 를 찾는다. \\( y \\)-좌표가 무엇이 사용된다 할지라도, 대응하는 \\( x \\)-좌표는 언제나 3이다. 결과적으로, 방정식 \\( x=3 \\) 의 그래프는 \\( x \\) -절편 3과 정의되지 않는 기울기를 갖는 세로 직선이다. 그립 2.4.1을 보라.</p> <p>정리 2.4.2 세로 직선의 방정식</p> <p>세로 직선은 다음 꼴의 방정식으로 주어진다. \\[x=a .\\] 여기서 \\( a \\) 는 \\( x \\)-절편이다. \\( x=a \\) 꼴의 방정식은 함수가 아니다.</p> <h2>2.4 .2 비세로 직선의 방정식</h2> <p>이제 \\( L \\) 은 기울기 \\( m \\) 을 갖고 점 \\( (x, y) \\) 을 포함하는 비세로 직선이라 하자. 그림 2.4.2를 보라. \\( L \\)위의 임의의 점 \\( (x, y) \\)에 대하여, 우리는 \\( m=\\frac{y-y_{1}}{x-x_{1}} \\) 또는 \\( y-y_{1}=m\\left(x-x_{1}\\right) \\)을 갖는다.</p> <p>정리 2.4.3 직선의 방정식의 점-기울기 꼴</p> <p>점 \\( (x, y) \\) 을 포함하고 기울기 \\( m \\) 인 비세로 직선의 방정식은 다음과 같다.</p> <p>\\[y-y_{1}=m\\left(x-x_{1}\\right)\\]</p> <p>보기 2.4.4 직선의 점-기울기 꼴을 사용하기</p> <p>점 \\( (1,2) \\) 를 포함하고 기울기 4 인 직선의 방정식은 \\( m=4, x_{1}=1 \\) 이고 \\( y_{1}=2 \\)를 갖는 점-기울기 꼴을 사용하여 구해질 수 있다. \\( y-y_{1}=m\\left(x-x_{1}\\right) \\) \\( y-2=4(x-1) \\quad m=4, x_{1}=1, y_{1}=2 \\) \\( y=f(x)=4 x-2, \\quad f(x)=m x+b \\) 그림 2.4.3을 보라.</p> <p>정리 2.4.5 가로 직선의 방정식</p> <p>가로 직선은 다음과 같은 꼴의 방정식이다. \\( y=b \\) 여기서 \\( b \\) 는 \\( y \\)-절편이다. 함수 \\( f(x)=b \\) 를 상수함수(constant function)라 한다.</p> <p>보기 2.4.6 두 점이 주어진 직선의 방정식을 구하기</p> <p>두 점 \\( (2,3) \\) 과 \\( (-2,5) \\) 를 포힘하는 직선 \\( L \\) 의 방정식을 구하라. 직선 \\( L \\) 의 그래프를 그려라.</p> <p>풀이 우리는 처음에 이 직선의 기울기를 계산한다. 그러면 \\[m=\\frac{5-3}{-2-2}=\\frac{2}{-4}=-\\frac{1}{2} \\text {. }\\] 우리는 직선의 방정식의 점-기울기 꼴을 얻기 위하여 점 \\( (2,3) \\)과 기울기 \\( m=-\\frac{1}{2} \\) 를 사용한다. 그러면 \\[y-3=-\\frac{1}{2}(x-2) \\quad y-y_{1}=m\\left(x-x_{1}\\right)\\] \\[y-3=-\\frac{1}{2} x+1\\] \\[y=f(x)=-\\frac{1}{2} x+4 .\\] 그래프에 대하여 그림 2.4.4을 보라.</p>",
                "context_length": 1753,
                "summary": "방정식 \\( x=3 \\) 의 그래프는 \\( x=3 \\) 인 평면에 있는 모든 점 \\( (x, y) \\)을 찾으면 \\( x \\) -절편 3과 정의되지 않는 기울기를 갖는 세로 직선을 알 수 있다. 세로 직선 방정식은 \\( x=a \\)로 주어질 수 있는데 여기서 \\( a \\) 는 \\( x \\)-절편으로 이 방정식은 함수가 아니다. 점 \\( (x, y) \\) 을 포함하고 기울기 \\( m \\) 인 비세로 직선의 방정식은 \\(y-y_{1}=m\\left(x-x_{1}\\right)\\)이다. 가로 직선 방정식은 \\( y=b \\)이고 \\( b \\) 는 \\( y \\)-절편이며 여기서 함수 \\( f(x)=b \\) 를 상수함수(constant function)라고 한다.",
                "clue": [
                    {
                        "clue_text": "점 \\( (x, y) \\) 을 포함하고 기울기 \\( m \\) 인 비세로 직선의 방정식은 다음과 같다.",
                        "clue_start": "785",
                        "clue_end": "841"
                    },
                    {
                        "clue_text": "\\[y-y_{1}=m\\left(x-x_{1}\\right)\\]",
                        "clue_start": "849",
                        "clue_end": "882"
                    },
                    {
                        "clue_text": "가로 직선은 다음과 같은 꼴의 방정식이다.",
                        "clue_start": "1192",
                        "clue_end": "1215"
                    },
                    {
                        "clue_text": "\\( y=b \\) 여기서 \\( b \\) 는 \\( y \\)-절편이다. 함수 \\( f(x)=b \\) 를 상수함수(constant function)라 한다.",
                        "clue_start": "1216",
                        "clue_end": "1300"
                    },
                    {
                        "clue_text": "결과적으로, 방정식 \\( x=3 \\) 의 그래프는 \\( x \\) -절편 3과 정의되지 않는 기울기를 갖는 세로 직선이다.",
                        "clue_start": "309",
                        "clue_end": "376"
                    }
                ],
                "terminology": [
                    {
                        "word": "기울기"
                    },
                    {
                        "word": "방정식"
                    },
                    {
                        "word": "비세"
                    },
                    {
                        "word": "비세로 직선"
                    },
                    {
                        "word": "상수함수"
                    },
                    {
                        "word": "일차 함수"
                    },
                    {
                        "word": "절편"
                    },
                    {
                        "word": "점-기울기"
                    },
                    {
                        "word": "직선의 그래프"
                    },
                    {
                        "word": "직선의 방정식"
                    },
                    {
                        "word": "함수"
                    }
                ]
            },
            {
                "context_id": "55e-0c9-cda01333-4ab5-44f5-a6eb-9153b377a862",
                "context_K-NSCC": {
                    "field": "자연",
                    "large_category": "NA",
                    "medium_category": "99"
                },
                "context": "<h2>2.4 .3 음함수 꼴의 1 차 방정식의 기울기와 \\( y \\)-절편</h2> <p>1 차 함수가 음함수 꼴로 주어지면, \\( y \\) 에 대하여 주어진 방정식을 풀고 함수를 \\( y=f(x)=m x+b \\) 꾤로 명백하게 씀으로써 기울기와 \\( y \\)-절편을 구할 수 있다. 이와 같은 꼴의 직선의 방정식을 기울기-절편 꼴(slope-intercept form)이라 한다. 왜냐면, 기울기와 \\( y \\)-절편이 주어진 방정식으로부터 쉽게 확인되기 때문이다.</p> <p>정의 2.4.7 직선의 방정식의 일반 꼴</p> <p>다음의 방정식으로 주어지는 직선 \\( L \\) 의 방정식을 일반 꼴(general form)이라 한다. \\[A x+B y=C .\\] 여기서 \\( A, B, C \\) 는 실수고 \\( A \\neq 0, B \\neq 0 \\) 이다. 세로 직선도 가로 직선도 아닌 직선은 \\[A x+B y=C A \\neq 0, B \\neq 0\\] 꼴의 일반 방정식을 갖는다. 모든 직선의 방정식을 일반 꼴로 쓸 수 있기 때문에, 정의 \\( 2.4 .7 \\) 에 소개한 방정식과 같은 꼴인 임의의 방정식을 1 차 방정식(linear equation)이라 한다.</p> <h2>2.4.4 나란한 직선과 수직인 직선</h2> <p>(평면에 있는) 두 직선이 만나지 않을 때, 즉, 두 직선이 공통의 점을 갖지 않을 때, 이들을 나란하다(To be parallel)고 한다. 그림 2.4.5를 살펴보라. 거기에서 우리는 두 직선을 그렸고 좌표축에 나란 한 변을 그림으로써 두 개의 직각삼각형을 만들었다. 이 두 직선이 나란하기 위한 펄요충분조건은 두 직각삼각형이 닮는다. (여러분은 그 이유를 아는가? 두 각이 같다.) 그리고 두 삼각형이 닯기 위한 펄요충분조전은 대응하는 변들의 비가 같다.</p> <p>이것은 다음의 결과를 제시하여 준다.</p> <p>정리 2.4.8 나란한 직선의 판정법</p> <p>두 개의 비세로 직선이 나란하다 \\( \\Leftrightarrow \\) 이들의 기울기가 같고 이들이 다른 \\( y \\)-절편을 갖는다.</p> <p>보기 2.4.9 두 직선이 나란함을 증명하기</p> <p>다음 방정식으로 주어진 두 직선이 나란함을 증명하라 : \\[L_{1}: 2 x+3 y=6, \\quad L_{2}: 4 x+6 y=0 .\\]</p> <p>풀이 이 두 직선이 같은 기울기와 다른 \\( y \\)-졀편을 가짐을 보이면, 정리 \\( 2.4 .8 \\) 에 의하여, 이 두 직선은 나란함을 증명하는 셈이 된다. 이제 직선 \\( L_{1} \\) 과 \\( L_{2} \\) 의 기울기와 \\( y \\)-절편을 구하기 위하여, 우리는 각 방정식을 기울기-절편 꼴로 쓴다. 그러면 \\[\\begin{aligned}L_{1}: 2 x+3 y =6 & 3 y =-2 x+6 & y =-\\frac{2}{3} x+2\\end{aligned}\\] \\[L_{2}: 4 x+6 y=0\\] \\( \\begin{aligned} 6 y =-4 x & y =-\\frac{2}{3} x \\end{aligned} \\) 기울기 \\( =-\\frac{2}{3} ; \\quad y \\)-절편 \\( =2 ; \\quad \\) 기울기 \\( =-\\frac{2}{3} ; \\quad y \\)-절편 \\( =0 \\). 그래서 이 두 직선은 같은 기울기 \\( -\\frac{2}{3} \\) 와 다른 \\( y \\)-절편을 갖는다. 따 라서 두 직선 \\( L_{1} \\) 과 \\( L_{2} \\) 는 나란하다. 그림 2.4.6을 보라.</p> <p>보기 2.4.10 주어진 직선에 나란한 직선을 구하기</p> <p>점 \\( (2,-3) \\) 을 포함하고 직선 \\( 2 x+y=6 \\) 에 나란한 직선의 방정식을 구하라.</p> <p>풀이 두 직선은 나란해야 하므로, 우리가 찾는 직선의 기울기는 직선 \\( 2 x+y=6 \\) 의 기울기와 같다. 우리는 직선 \\( 2 x+y=6 \\) 을 기울기-절편 꼴로 고친다. 그러면 \\[\\begin{aligned}2 x+y &=6 \\\\ y &=-2 x+6 .\\end{aligned}\\]</p> <p>그래서 우리가 찾는 직선의 기울기는 \\( -2 \\) 다. 한편 우리가 찾는 직선은 점 \\( (2,-3) \\) 을 포함하므로, 점-기울기 꼴을 사용하면, \\[\\begin{aligned}y-(-3) &=-2(x-2) & & \\text { 점-7기울기 꼴 } \\\\ y+3 &=-2 x+4 & & \\\\y &=-2 x+1 & & \\text { 기울기-절편 꼴 } \\\\2 x+y &=1 . & & \\text { 일반 꼴 }\\end{aligned}\\] 따라서 직선 \\( 2 x+y=1 \\) 은 직선 \\( 2 x+y=6 \\) 에 나란하고 점 \\( (2,-3) \\) 을 포함한다. 그립 2.4.7을 보라.</p>",
                "context_length": 2343,
                "summary": "1 차 함수가 음함수 꼴로 주어지면 함수를 \\( y=f(x)=m x+b \\) 꾤로 명백하게 씀으로써 기울기와 \\( y \\)-절편을 구할 수 있다. 이런 꼴의 직선 방정식을 기울기-절편 꼴(slope-intercept form)이라 한다. \\(A x+B y=C .\\)에서 \\( A, B, C \\) 는 실수고 \\( A \\neq 0, B \\neq 0 \\) 일 때, 세로 직선도 가로 직선도 아닌 직선은 \\(A x+B y=C A \\neq 0, B \\neq 0\\) 일반 방정식의 꼴을 갖는다.",
                "clue": [
                    {
                        "clue_text": "1 차 함수가 음함수 꼴로 주어지면, \\( y \\) 에 대하여 주어진 방정식을 풀고 함수를 \\( y=f(x)=m x+b \\) 꾤로 명백하게 씀으로써 기울기와 \\( y \\)-절편을 구할 수 있다.",
                        "clue_start": "51",
                        "clue_end": "159"
                    },
                    {
                        "clue_text": "이와 같은 꼴의 직선의 방정식을 기울기-절편 꼴(slope-intercept form)이라 한다.",
                        "clue_start": "160",
                        "clue_end": "214"
                    },
                    {
                        "clue_text": "\\[A x+B y=C .\\] 여기서 \\( A, B, C \\) 는 실수고 \\( A \\neq 0, B \\neq 0 \\) 이다.",
                        "clue_start": "358",
                        "clue_end": "426"
                    },
                    {
                        "clue_text": "\\[A x+B y=C .\\] 여기서 \\( A, B, C \\) 는 실수고 \\( A \\neq 0, B \\neq 0 \\) 이다.",
                        "clue_start": "358",
                        "clue_end": "426"
                    },
                    {
                        "clue_text": "세로 직선도 가로 직선도 아닌 직선은 \\[A x+B y=C A \\neq 0, B \\neq 0\\] 꼴의 일반 방정식을 갖는다.",
                        "clue_start": "427",
                        "clue_end": "496"
                    }
                ],
                "terminology": [
                    {
                        "word": "기울기"
                    },
                    {
                        "word": "기울기-절편"
                    },
                    {
                        "word": "기울기-절편 꼴"
                    },
                    {
                        "word": "방정식"
                    },
                    {
                        "word": "비세"
                    },
                    {
                        "word": "비세로 직선"
                    },
                    {
                        "word": "실수"
                    },
                    {
                        "word": "음함수"
                    },
                    {
                        "word": "일반 꼴"
                    },
                    {
                        "word": "점-기울기"
                    },
                    {
                        "word": "좌표축"
                    },
                    {
                        "word": "직각삼각형"
                    },
                    {
                        "word": "직선의 방정식"
                    },
                    {
                        "word": "함수"
                    }
                ]
            },
            {
                "context_id": "55e-0c9-7b19cec4-d2a5-4480-a66a-49f44b73e77d",
                "context_K-NSCC": {
                    "field": "자연",
                    "large_category": "NA",
                    "medium_category": "99"
                },
                "context": "<h2>2.1 .4 부등식의 풀이</h2> <p>1변수 부등식(inequality in one variable)이란, 부등기호 \\( <, \\leq,>\\) 또는 \\( \\geq \\) 중의 하나로 분리되는, 적어도 하나의 변수를 포함하는 두 식으로 이루어진 명제를 말한다. 부등식을 푼다(To solve an inequality)는 뜻은 이 명제가 참이 되는 변수의 모든 값을 구하는 것을 의미한다. 이와 같은 값들을 이 부등식의 해(solution)라 한다. 예로써, 다음은 한 개의 변수 \\( x \\)를 포합하는 부등식이다.</p> <p>\\[x+3<5, \\quad 2 x-5 \\geq 3, \\quad x^{2}-2 \\leq 7, \\quad \\frac{x-2}{x+1}>0 .\\]</p> <p>꼭 같은 해집합을 갖는 부등식을 같은 꼴 부등식(equivalent inequality)이라 한다. 방정식과 마찬가지로, 부등식을 푸는 하나의 방법은, \\( x<2 \\)와 같은 분명한 해를 갖는 부등식이 얻어질 때까지, 주어진 부등식을 계속되는 같은 꼴 부등식들로 바꾸는 것이다.</p> <p>부등기호를 변화시키지 않는 단계</p> <p>단계 1 : 같은 항을 결합하고 괄호를 없앰으로써 부등식의 양변을 간단히 한다.</p> <p>\\( x+2+5>2 x+4(x+1) \\)을 \\( x+7>6 x+4 \\)로 바꾼다.</p> <p>단계 2 : 부등식의 양변에 같은 식을 더하거나 뺀다.</p> <p>\\( 2 x-3<5 \\)를 \\( (2 x-3)+3<5+3 \\)으로 바꾼다.</p> <p>단계 3 : 부등식의 양변에 같은 양의 식으로 곱하거나 나눈다.</p> <p>\\( 3 x>9 \\)를 \\( \\frac{3 x}{3}>\\frac{9}{3} \\)로 바꾼다.</p> <p>부등기호의 방향을 반대로 하는 단계</p> <p>단계 1 : 부등식의 양변을 바꾼다.</p> <p>\\( 2<x \\) 대신 \\( x>2 \\)로 바푼다.</p> <p>단계 2 : 부등식의 양변에 음의 식으로 곱하거나 나눈다.</p> <p>\\( -2 x>8 \\) 대신에 \\( \\frac{-2 x}{-2}<\\frac{8}{-2} \\)로 바꾼다.</p> <p>다음에 설명하는 보기들과 같이, 우리가 방정식을 풀기 위하여 사용했던 것과 같은 많은 단계를 사용하여 우리는 부등식을 푼다. 부등식의 해를 쓰는데 있어서, 우리는 편리한대로 집합표시 또는 부등식표시를 사용할 수 있다.</p> <p>보기 2.1.13 부등식의 풀이</p> <p>부등식 \\( 3 x+7 \\geq x-3 \\)을 풀고 해집합의 그래프를 그려라.</p> <p>풀이 \\( 3 x+7 \\geq x-3 \\) \\( 3 x+7-7 \\geq x-3-7 \\quad \\) 양변에서 7를 뺀다.  \\[\\] \\(3 x \\geq x-10 \\) 간단히 한다. \\[\\] \\( 3x-x \\geq x-10-x \\) 양변에서 \\(x\\)를 뺀다.  \\[\\] \\( 2 x \\geq-10 \\) 간단히 한다.  \\[\\] \\( \\frac{2 x}{2} \\geq \\frac{-10}{2} \\quad \\) 양변을 2로 나눈다. (부등기호의 방향은 변하지 않는다.)  \\[\\] \\( x \\geq-5, \\quad \\) 간단히 한다.</p> <p>따라서 해집합은 \\( \\{x: x \\geq-5\\} \\) 또는 \\( [-5, \\infty) \\) 이다. 이 해집합의 그래프에 대해서 그림 2.1.1을 보라.</p> <p>보기 2.1.14 결합된 부등식의 풀이</p> <p>부식 \\( -5<3 x-2<1 \\)을 풀고 해집합의 그래프를 그려라.</p> <p>풀이 부등식 \\( -5<3 x-2<1 \\) 는 다음 두 부등식과 같은 꼴이다. \\(-5<3 x-2 \\) 이고 \\( 3 x-2<1 \\).</p> <p>우리는 이들 두 부등식을 분리하여 각각 풀 것이다. \n\\( \\begin{array}{ccr}-5<3 x-2 & & 3 x-2<1\\\\ -5+2<3 x-2+2 & \\text { 양변에 } 2 \\text { 를 더한다. } & 3 x-2+2<1+2\\\\-3<3 x & \\text { 간단히 한다. } & 3 x<3 \\\\ \\frac{-3}{3}<\\frac{3 x}{3} & \\text { 양변에 3으로 나눈다. } & \\frac{3 x}{3}<\\frac{3}{3} \\\\ -1<x . & \\text { 간단히 한다. } & x<1\\end{array} \\)</p> <p>주어진 부등식의 해집합은 \\( -1<x \\)이고 \\( x<1 \\)인 모든 \\( x \\)로 이루어진다. 이것을 더욱 완벽하게 \\( \\{x \\mid-1<x<1\\} \\)로 쓸 수 있다. 구간 표시에서, 해는 \\( (-1,1) \\)이다.</p>",
                "context_length": 2268,
                "summary": "부등기호 \\(<, \\leq,>\\), \\( \\geq \\) 중 하나로 분리되는 적어도 한 개의 변수를 포함하는 두 식으로 되어있는 명제를 일변수 부등식이라고 하며 이 명제가 참이 되는 모든 변수의 값을 찾는 것을 부등식을 푼다고 말하고 이 부등식을 푸는 방법은 \\( x<2 \\) 와 같은 분명한 해를 갖는 부등식이 얻어질 때까지, 주어진 부등식을 똑같은 해집합을 갖는 같은 꼴 부등식들로 계속해서 바꾸는 것이다.",
                "clue": [
                    {
                        "clue_text": "1변수 부등식(inequality in one variable)이란, 부등기호 \\( <, \\leq,>\\) 또는 \\( \\geq \\) 중의 하나로 분리되는, 적어도 하나의 변수를 포함하는 두 식으로 이루어진 명제를 말한다.",
                        "clue_start": "27",
                        "clue_end": "149"
                    },
                    {
                        "clue_text": "부등식을 푼다(To solve an inequality)는 뜻은 이 명제가 참이 되는 변수의 모든 값을 구하는 것을 의미한다.",
                        "clue_start": "150",
                        "clue_end": "220"
                    },
                    {
                        "clue_text": "마찬가지로, 부등식을 푸는 하나의 방법은, \\( x<2 \\)와 같은 분명한 해를 갖는 부등식이 얻어질 때까지, 주어진 부등식을 계속되는 같은 꼴 부등식들로 바꾸는 것이다.",
                        "clue_start": "447",
                        "clue_end": "542"
                    },
                    {
                        "clue_text": "꼭 같은 해집합을 갖는 부등식을 같은 꼴 부등식(equivalent inequality)이라 한다.",
                        "clue_start": "386",
                        "clue_end": "441"
                    }
                ],
                "terminology": [
                    {
                        "word": "방정식"
                    },
                    {
                        "word": "변수"
                    },
                    {
                        "word": "부등식"
                    },
                    {
                        "word": "항"
                    },
                    {
                        "word": "해"
                    },
                    {
                        "word": "해집합"
                    }
                ]
            },
            {
                "context_id": "55e-0c9-12b0e46f-3e85-450d-8969-c9c55630fc71",
                "context_K-NSCC": {
                    "field": "자연",
                    "large_category": "NA",
                    "medium_category": "99"
                },
                "context": "<h2>2.1.2 구간</h2> <p>\\( a \\) 와 \\( b \\) 는 \\( a<b \\) 인 두 실수라 가정하자. 우리는 표시 \\( a<x<b \\) 를 \\( x \\) 가 \\( a \\) 와 \\( b \\) 사이(between)의 수를 의미하는 것으로 사용할 것이다. 그래서 식 \\( a<x<b \\) 는 두 부등식 \\( a<x \\) 이고 \\( x<b \\) 와 같은 꼴이다. 비숫하게, 식 \\( a \\leq x \\leq b \\) 는 두 부둥식 \\( a \\leq x \\) 이고 \\( x \\leq b \\) 와 같은 꼴이다. 나머지 두 가능한 식, \\( a \\leq x<b \\) 와 \\( a<x \\leq b \\) 이 비숫하게 정의 된다.</p> <p>비록 \\( 3 \\geq x \\geq 2 \\) 로 쓰는 것이 인정될 수 있을지라도, 값이 더 작은 쪽에서 더 큰 쪽으로 가도록, 부등기호를 바꾸어서 \\( 2 \\leq x \\leq 3 \\) 으로 대신하여 쓰는 것이 더 줗다.</p> <p>\\( 2 \\leq x \\leq 1 \\) 과 같은 명제는 거짓이다. 왜냐면, \\( 2 \\leq x \\) 이고 \\( x \\leq 1 \\) 인 실수 \\( x \\) 가 존재하지 않기 때문이다. 마지막으로, \\( 2 \\leq x \\geq 3 \\) 에서처럼, 우리는 결코 부등기호를 혼합해서는 안 된다.</p> <p>정의 2.1.3 구간 \\( a \\) 와 \\( b \\) 는 \\( a<b \\) 인 두 실수라 하자.</p> <p>(1) \\( a \\leq x \\leq b \\) 인 모든 실수 \\( x \\) 들의 집합을 닫힌구간(closed interval)이라 하고 기호 \\( [a, b] \\) 로 쓴다. 따라서 \\( [a, b]=\\{x: x \\) 는 실수고 \\( a \\leq x \\leq b\\} \\).</p> <p>(2) \\( a<x<b \\) 인 모든 실수 \\( x \\) 들의 집합을 열린구간(open interval)이라 하고 기호 \\( (a, b) \\) 로 쓴다. 따라서 \\( (a, b)=\\{x: x \\) 는 실수고 \\( a<x<b\\} \\).</p> <p>(3) \\( a<x \\leq b \\) 인 모든 실수 \\( x \\) 들의 집합과 \\( a \\leq x<b \\) 인 모든 실수 \\( x \\) 들의 집합을 반-열린구간(half-open interval) 또는 반-닫힌구간(half-closed interval)이라하고 각각 기호 \\( (a, b] \\) 와 \\( [a, b) \\)로 쓴다. 따라서 \\[\\begin{array}{l}(a, b]=\\{x: x \\text { 는 실수고 } a<x \\leq b\\}, \\\\{[a, b)=\\{x: x \\text { 는 실수고 } a \\leq x<b\\} .}\\end{array}\\]</p> <p>정의 2.1.3에서, \\( a \\) 는 이 구간의 왼쪽끝점(left endpoint), \\( b \\) 는 이 구간의 오른쪽끝점(right endpoint)이라 한다. (\"무한대(infinity)\"라고 읽는) 기호 \\( \\infty \\) 는 실수가 아니지만, 표시의 의도는 양의 방향으로 끝없음을 가리키기 위하여 사용한다. (\"음의 무한대(negative infinity)\"라고 읽는) 기호 \\( -\\infty \\) 는 역시 실수가 아니지만, 표시의 외도는 음의 방향으로 끌없을을 가리키기 위하여 사용한다. 우리는 기호 \\( \\infty \\) 와 \\( -\\infty \\) 을 사용하여 다른 다섯 종류의 구간을 정의할 수 있다. \\( [a, \\infty)=\\{x: x \\) 는 실수고 \\( x \\geq a\\} \\) 또는 \\( \\{x: x \\) 는 실수고 \\( a \\leq x<\\infty\\} \\), \\( (a, \\infty)=\\{x: x \\) 는 실수고 \\( x>a\\} \\) 또는 \\( \\{x: x \\) 는 실수고 \\( a<x<\\infty\\} \\), \\( (-\\infty, a]=\\{x: x \\) 는 실수고 \\( x \\leq a\\} \\) 또는 \\( \\{x: x \\) 는 실수고 \\( -\\infty<x \\leq a\\} \\), \\( (-\\infty, a)=\\{x: x \\) 는 실수고 \\( x<a\\} \\) 또는 \\( \\{x: \\) 는 실수고 \\( -\\infty<x<a\\} \\), \\( (-\\infty,-\\infty)=\\{x: x \\) 는 실수고 \\( -\\infty<x<\\infty\\} \\). \\( \\infty \\) 와 \\( -\\infty \\) 는 실수가 아니므로, 이들은 결코 끝점으로 포함 되지 않음에 주목하라.</p> <p>보기 2.1.4 구간표시를 사용하여 부등식을 쓰기</p> <p>구간표시를 사용하여 각 부등식을 써라.</p> <p>(a) \\( -1 \\leq x \\leq 4 \\) (b) \\( -3<x<0 \\) (c) \\( x>3 \\) (d) \\( x \\leq 2 \\)</p> <p>풀이</p> <ol type=a start=1><li>\\( -1 \\leq x \\leq 4 \\) 는 \\( -1 \\) 에서부터 4 까지의 모든 수 \\( x \\) 를 나타낸다. 따라서 구간표시로, 우리는 \\( [-1,4] \\)를 쓴다.</li> <li>구간표시로, \\( -3<x<0 \\) 은 \\( (-3,0) \\) 이다.</li> <li>\\( x>3 \\) 은 3 보다 큰 모든 수 \\( x \\) 로 이루어진다. 따라서, 구간표시로, 우리는 \\( (3, \\infty) \\) 로 쓴다.</li> <li>구간표시로, \\( x \\leq 2 \\) 는 \\( (-\\infty, 2] \\) 다.</li></ol> <p>보기 \\( 2.1 .5 \\) 부등식표시를 사용하여 구간을 쓰기</p> <p>각 구간을 \\( x \\) 를 포합하는 구간으로 써라.</p> <p>(a) \\( [0,3) \\) (b) \\( (1, \\infty) \\) (c) \\( [-1,2] \\) (d) \\( (-\\infty,-2] \\)</p> <p>풀이 (a) \\( 0 \\leq x<3 \\) (b) \\( x>1 \\) 또는 \\( 1<x<\\infty \\) (c) \\( -1 \\leq x \\leq 2 \\) (d) \\( x \\leq-2 \\) 또는 \\( -\\infty<x \\leq-2 \\)</p>",
                "context_length": 2971,
                "summary": "구간 \\( a \\) 와 \\( b \\) 는 \\( a<b \\) 인 두 실수라 하면, \\( a \\leq x \\leq b \\) 인 모든 실수 \\( x \\) 들의 집합을 닫힌구간(closed interval)이라 하고, \\( a<x<b \\) 인 모든 실수 \\( x \\) 들의 집합을 열린구간(open interval)이라 하며, \\( a<x \\leq b \\) 인 모든 실수 \\( x \\) 들의 집합과 \\( a \\leq x<b \\) 인 모든 실수 \\( x \\) 들의 집합을 반-열린구간(half-open interval) 또는 반-닫힌구간(half-closed interval)이라하고\\( \\infty \\) 와 \\( -\\infty \\) 을 이용하여 다섯 종류의 구간을 정의할 수 있다.",
                "clue": [
                    {
                        "clue_text": "(1) \\( a \\leq x \\leq b \\) 인 모든 실수 \\( x \\) 들의 집합을 닫힌구간(closed interval)이라 하고 기호 \\( [a, b] \\) 로 쓴다.",
                        "clue_start": "721",
                        "clue_end": "818"
                    },
                    {
                        "clue_text": "(2) \\( a<x<b \\) 인 모든 실수 \\( x \\) 들의 집합을 열린구간(open interval)이라 하고 기호 \\( (a, b) \\) 로 쓴다.",
                        "clue_start": "881",
                        "clue_end": "966"
                    },
                    {
                        "clue_text": "(3) \\( a<x \\leq b \\) 인 모든 실수 \\( x \\) 들의 집합과 \\( a \\leq x<b \\) 인 모든 실수 \\( x \\) 들의 집합을 반-열린구간(half-open interval) 또는 반-닫힌구간(half-closed interval)이라하고 각각 기호 \\( (a, b] \\) 와 \\( [a, b) \\)로 쓴다.",
                        "clue_start": "1019",
                        "clue_end": "1204"
                    },
                    {
                        "clue_text": "우리는 기호 \\( \\infty \\) 와 \\( -\\infty \\) 을 사용하여 다른 다섯 종류의 구간을 정의할 수 있다.",
                        "clue_start": "1623",
                        "clue_end": "1689"
                    },
                    {
                        "clue_text": "정의 2.1.3 구간 \\( a \\) 와 \\( b \\) 는 \\( a<b \\) 인 두 실수라 하자.",
                        "clue_start": "660",
                        "clue_end": "713"
                    }
                ],
                "terminology": [
                    {
                        "word": "닫힌구간"
                    },
                    {
                        "word": "반-닫힌구간"
                    },
                    {
                        "word": "반-열린구간"
                    },
                    {
                        "word": "부등기호"
                    },
                    {
                        "word": "부등식"
                    },
                    {
                        "word": "실수"
                    },
                    {
                        "word": "열린구간"
                    },
                    {
                        "word": "오른쪽끝점"
                    },
                    {
                        "word": "왼쪽끝점"
                    },
                    {
                        "word": "집합"
                    }
                ]
            },
            {
                "context_id": "55e-0c9-814e9227-362f-49bd-85a5-1ff77219251e",
                "context_K-NSCC": {
                    "field": "자연",
                    "large_category": "NA",
                    "medium_category": "99"
                },
                "context": "<h1>2.2 함수에 대한 첫걸음</h1> <h2>2.2 .1 함수</h2> <p>관계(relation)란 두 집합 사이의 대응(correspondence)을 말한다. 두 집합 \\( X, Y \\) 가 있을 때, 두 원소 \\( x \\in X \\) 와 \\( y \\in Y \\) 에 대하여 어떤 관계가 \\( x \\) 와 \\( y \\) 사이에 있으면, \\( y \\) 는 \\( x \\) 에 대응한다(correspond) 또는 \\( y \\) 는 \\( x \\) 에 종속이다(depend on)라 하고 기호 \\( x \\rightarrow y \\) 로 쓴다. 우리는 역시 \\( x \\rightarrow y \\) 를 순서짝 \\( (x, y) \\) 로 쓸수 있다.</p> <h3>보기 2.2.1 관계의 예</h3> <p>그림 2.2.1은 네명의 남학생과 이들의 생일 사이의 관계를 나타낸다. 이 관계는 “생일\"이라고 이름을 붙일 수 있다. 그러면 김군은 7 월 20일에 대응하고, 이군은 9월 21 일에 대응하고 박군과 최군은 12 월 4일에 대웅한다. 순서짝율 사용하여, 이 관계는 다음과 같이 표시될 것이다.</p> <p>\\( \\{( \\) 김군, 7 월 20 일), (이군, 9 월 21 일 ), (박군, 12 월 4 일 \\( ),( \\) 최군, 12 월 4 일) \\( \\} \\)</p> <h3>정의 2.2.2 함수의 정의</h3> <p>\\( X \\) 와 \\( Y \\) 는 임의의 집합이라 하자. \\( X \\) 에서 \\( Y \\) 로의 함수(function from \\( X \\) into \\( Y \\) )는 \\( X \\) 의 각각의 원소가 꼭 하나의 \\( Y \\) 의 원소와 대웅하는 관계를 말한다.</p> <p>이때 \\( X \\) 를 함수의 정의역(domain)이라 한다. \\( X \\) 의 각 원 \\( x \\) 에 대하여, 대응하는 \\( Y \\) 의 원을 \\( x \\) 에서 이 함수의 값(value) 또는 \\( x \\) 의 상(image)이라 한다. \\( Y \\) 를 합수의 공변역(codomain)이라 하고 정의역의 원의 모든 상들의 집합을 이 함수의 치역(range)이라 한다.</p> <p>말로하면 합수에 대하여, 정의역은 입력의 집합이고, 치역은 출력의 집합이다.</p> <p>\\( X \\) 의 어떤 원의 상이 아닌 \\( Y \\) 의 어떤 원이 있을 수 있으므로, 함수의 치역은 \\( Y \\) 의 부분집합일 수 있다. 두 집합 사이외 퐌계가 모두 함수가 되는 것은 아니다. 다음외 보기는 관계가 함수인지 아닌지를 결정하는 방법을 보여준다.</p> <h3>보기 2.2 .3 관계가 함수를 나타내는지를 결정하기</h3> <p>(a) 그림 2.2.1을 보라. 이 관계에 대하여, 정의역은 네 명의 학셍들을 나타내고, 공변역은 이들의 생일을 나타낸다.</p> <p>(b) 그림 2.2.2을 보라. 이 관계에 대하여, 정의역은 \\( A \\) 회사의 회사원 변씨, 최씨, 박씨, 강양을 나타내고 공변역은 이들의 전화번호를 나타낸다.</p> <p>풀이</p> <p>(a) 그림 2.2.1에 있는 관계는 함수다. 왜냐면, 정의역의 각 원은 공변역의 꼭 하나의 원에 대응되기 때문이다. 정의역의 두 개 이상의 원이 공변역의 같은 원에 대응될 수 있음에 주목하라(박군과 최군의 생일이 같다).</p> <p>(b) 그림 2.2.2에 있는 관계는 함수가 아니다. 왜냐면, 정의역의 각 원이 공변역의 꼭 하나의 원에 대용되지 않기 때문이다. 박씨는 두 개의 전화번호를 갖는다. 그러므로 정의역에서 박씨를 택하면, 하나의 전화번호만이 여기에 할당될 수 없다.</p> <p>함수에 숨어있는 생각은 이것의 예측이다. 입력(input)이 알려지면, 우리는 함수를 사용하여 출력(output)을 결정할 수 있다. \"합수가 아닌 관계\"에서, 우리는 이와 같은 예측을 하지 못한다. 그림 2.2.1로 되돌아가 보자. 입력은 \\{김군, 이군, 박군, 최군\\}이다. 대응은 \"생일\"을 나타내고 출력은 {7월 20일, 9월 21일, 12 월 4 일 }이다. \"박군의 생일은 언제인가?\"라는 질문을 받으면, 우리는 대응을 사용하여 \"12월 4일\"이라고 대답할 수 있다. 이제 그림 2.2.2을 생각하자. \"박씨의 전화번호는 무엇인가?\"라는 질문을 받으면, 우리는 하나의 전화번호를 알려줄 수 없다. 왜나면, 하나의 입력 \"박씨\"로부터 생기는 두 개의 출력이 있기 때문이다. 이 이유 때문에, 그림 \\( 2.2 .2 \\) 에 있는 판계는 합수가 아니다.</p> <h3>보기 2.2.4 관계가 함수를 나타내는 지를 결정하기</h3> <p>각 관계가 함수인지를 결정하라. 함수면, 정의역가 치역을 말하라.</p> <p>(a) \\( \\{(ㄱ, a),(ㄴ, b),(ㄷ, c),(ㄹ, d)\\} \\)</p> <p>(b) \\( \\{(ㄱ, a),(ㄴ, a),(ㄷ, b),(ㄹ, c)\\} \\)</p> <p>풀이</p> <p>(a) 이 관계는 함수다. 왜나면, 첫 원이 같고 둘째원이 다른 순서 짝들은 존재하지 않기 때문이다. 이 함수의 정의 역은 {ㄱ, ㄴ, ㄷ, ㄹ} 이고 치역은 \\( \\{a, b, c, d\\} \\) 다.</p> <p>(b) 이 관계는 함수다. 왜냐면, 첫 원이 같고 둘째원이 다른 순서 짝들은 존재하지 않기 때문이다. 이 함수의 정의역은 {ㄱ, ㄴ, ㄷ, ㄹ}이고 치역은 \\( \\{a, b, c\\} \\) 다.</p> <p>(c) 이 관계는 함수가 아니다. 왜냐면, 첫 원이 같고 둘째원이 다른 두 개의 순서짝, (ㄱ, ㄱ) 과 (ㄱ, ㄷ)이 있기 때문이다.</p> <h3>보기 2.2.5 함수의 예</h3> <p>다음의 방정식을 생각하라 : \\( y=2 x-5, \\quad 1 \\leq x \\leq 6 \\). 이 방정식은 함수인가를 말하라.</p> <p>풀이 각 입력 \\( x \\) 에 대하여 꼭 하나의 출력 \\( y \\) 가 대응됨에 주목하라. 예로써, \\( x=1 \\) 이면, \\( y=2(1)-5=-3, x=3 \\) 이면, \\( y=2(3)-5=1 \\). 이 이유 때문에, 이 방정식은 함수다. 우리는 입력을 1 과 6 사이의 실수들로 제한하므로, 이 함수의 정의역은 \\( \\{x: 1 \\leq x \\leq 6\\} \\) 이다. 이 합수는 \\( x \\) 의 상을 얻기 위하여 \\( x \\) 에 2 를 곱한 후에 이 결과에서 5 를 뺀다는 것을 상세하게 설명해 주고 있다.</p>",
                "context_length": 3102,
                "summary": "두 집합 \\( X, Y \\) 에서 각각의 원소 \\(x\\), \\(y\\) 사이에 어떤 관계가 있으면, \\(y\\)는 \\(x\\)에 대응한다 또는 종속이다라고 칭하며 기호로는 \\( x \\rightarrow y \\)로 쓴다. 이 개념을 확장하면 함수란 두 집합 \\( X, Y \\) 에서 \\( X \\)의 각각의 원소가 반드시 하나의 \\( Y \\)의 원소와 대응하는 관계를 말하며 이때 \\( X \\)는 함수의 정의역, \\( Y \\)를 함수의 공변역, 대응된 정의역의 모든 원소들의 집합을 함수의 치역이라고 한다.",
                "clue": [
                    {
                        "clue_text": "두 집합 \\( X, Y \\) 가 있을 때, 두 원소 \\( x \\in X \\) 와 \\( y \\in Y \\) 에 대하여 어떤 관계가 \\( x \\) 와 \\( y \\) 사이에 있으면, \\( y \\) 는 \\( x \\) 에 대응한다(correspond) 또는 \\( y \\) 는 \\( x \\) 에 종속이다(depend on)라 하고 기호 \\( x \\rightarrow y \\) 로 쓴다.",
                        "clue_start": "94",
                        "clue_end": "303"
                    },
                    {
                        "clue_text": "\\( X \\) 에서 \\( Y \\) 로의 함수(function from \\( X \\) into \\( Y \\) )는 \\( X \\) 의 각각의 원소가 꼭 하나의 \\( Y \\) 의 원소와 대웅하는 관계를 말한다.",
                        "clue_start": "717",
                        "clue_end": "831"
                    },
                    {
                        "clue_text": "이때 \\( X \\) 를 함수의 정의역(domain)이라 한다.",
                        "clue_start": "839",
                        "clue_end": "873"
                    },
                    {
                        "clue_text": "\\( Y \\) 를 합수의 공변역(codomain)이라 하고 정의역의 원의 모든 상들의 집합을 이 함수의 치역(range)이라 한다.",
                        "clue_start": "975",
                        "clue_end": "1048"
                    }
                ],
                "terminology": [
                    {
                        "word": "codomain"
                    },
                    {
                        "word": "correspondence"
                    },
                    {
                        "word": "domain"
                    },
                    {
                        "word": "range"
                    },
                    {
                        "word": "공변역"
                    },
                    {
                        "word": "대응"
                    },
                    {
                        "word": "방정식"
                    },
                    {
                        "word": "부분집합"
                    },
                    {
                        "word": "정의역"
                    },
                    {
                        "word": "집합"
                    },
                    {
                        "word": "치역"
                    },
                    {
                        "word": "함수"
                    }
                ]
            },
            {
                "context_id": "55e-0c9-7fc0f397-fdb0-4aaf-ac2a-778d0f5b61c9",
                "context_K-NSCC": {
                    "field": "자연",
                    "large_category": "NA",
                    "medium_category": "99"
                },
                "context": "<h1>2.1 일변수 방정식과 부등식을 대수적으로 풀기</h1> <h2>2.1.1 일변수 방정식</h2> <p>일변수 방정식(equation in one variable)이란 적어도 하나가 변수를 포합하는 두 개의 식이 같다는 명제를 말한다. 이 식들을 이 방정식의 변(side)들이라 한다. 방정식은 명제합수이므로, 이것은, 변수의값에 따라서, 참 또는 거짓일 수 있다. 아무런 제한이 없는 한, 변수가 택할 수 있는 값들은 이 변수의 정의역의 값들이다. 참인 명제가 되게 하는 변수가 택할 수 있는 값들을 이 방정식의 해(solution) 또는 근(root)이라 한다. 방정식을 푼다(To solve an equation)는 것은 이 방정식의 모든 해를 구하는 것을 의미한다. 예로써, 다음은 모두 1 변수 \\( x \\) 의 방정식이다.</p> <p>\\[x+3=5, \\quad x^{2}+2 x=3 x-1, \\quad \\frac{x^{2}-9}{x+2}=0, \\quad x^{2}+6=5 .\\]</p> <p>이들 명제 중 첫 번째, \\( x+3=5 \\) 는 \\( x=2 \\) 일 때 참이고 \\( x \\) 의 임의의 다른 선택에 대하여 거짓이다. 이때, 우리는 2 는 방정식 \\( x+3=5 \\) 의 해 또는 2는 방정식 \\( x+3=5 \\) 를 만족한다(To satisfy)고 말한다. 왜냐면, \\( x \\) 대신에 2 를 대입하면 이 결과는 참인 명제이기 때문이다.</p> <p>때때로 방정식은 두 개 이상의 해를 가질 것이다. 예로써, 방정식 \\[\\frac{x^{2}-9}{x+2}=0\\] 은 해로써 \\( x=-3 \\) 과 \\( x=3 \\) 을 갖는다.</p> <p>보통, 우리는 방정식의 해를 집합표시로 쓸 것이다. 이 집합을 이 방정식의 해집합(solution set)이라한다. 예로써, 방정식 \\( x^{2}-4=0 \\) 의 해집합은 \\( \\{-2,2\\} \\) 다.</p> <p>아무런 지적이 없을 때, 우리는 실수 해, 즉, 실수인 해로 제한할 것이다. 예로써, \\( x^{2}+6=5 \\) 는 실수 해를 갖지 않는다. 왜냐면, 6에 더해질 때 제곱이 5와 같게 되는 실수가 존재하지 않기 때문이다.</p> <p>양변이 어뗜 변수 값에 대하여도 만족되는 방정식을 항등식(identity)이라 한다. 예로써, 방정식 \\( 5 x+7=2 x+3+3 x+4 \\)는 항등식이다. 왜냐면, 이 명제는 임의의 실수 \\( x \\) 에 대하여 참이기 때문이다.</p> <p>정의 2.1.1 같은 꼴 방정식 정확하게 같은 해집합을 갖는 두 개 이상의 방정식들을 같은 꼴 방정식(equivalent equation)들이라 한다.</p> <p>예로써, 다음의 모든 방정식들은 같은 꼴이다. 왜냐면, 각각은 꼭 하나의 해 \\( x=3 \\) 을 갖기 때문이다.</p> <p>\\[\\begin{aligned}2 x+1 &=7, \\\\2 x &=6, \\\\x &=3 .\\end{aligned}\\] 이 세 방정식들은 많은 꼴의 방정식들을 풀기 위한 하나의 방법을 설명하여 준다. 원래 방정식을 같은 꼴 방정식으로 바꾸고, \\( x=3 \\) 과 같은 분명한 해를 갖는 방정식에 도달할 때까지 계속한다. 그렇지만, \"내가 어뗳게 같은 꼴 방정식을 얻을까?\"라는 질문이 있을 수 있다. 일반적으로, 그렇게 하기 위하여 다섯 가지 단계가 있다.</p> <p>같은 꼴 방정식으로 끝나는 단계</p> <p>단계 \\( 1: \\) 방정식의 양변을 바꾼다. \\( 2=x \\) 를 \\( x=2 \\) 로 바꾼다.</p> <p>단계 2 : 같은 항을 결합하고, 괄호를 없애는 등을 함으로써 방정식의 양변을 간단히 한다. \\( x+2+5=2 x+4(x+1) \\) 을 \\( x+7=6 x+4 \\) 로 바꾼다.</p> <p>단계 3 : 방정식의 양변에 같은 식을 더하거나 뺀다. \\( 2 x-3=5 \\) 를 \\( (2 x-3)+3=5+3 \\) 으로 바꾼다.</p> <p>단계 4 : 영이 아닌 같은 식을 방정식의 양변에 곱하거나 나눈다. \\( \\frac{2 x}{x-1}=\\frac{5}{x-1}, \\quad x \\neq 1 \\) 을 \\( \\frac{2 x}{x-1} \\cdot(x-1)=\\frac{5}{x-1} \\cdot(x-1) \\) 로 바푼다.</p> <p>단계 5 : 방정식의 한 변이 0이고 다른 변이 인수분해 될 수 있다면, 우리는 영-곱 성질을 사용하여 각 인수가 0 과 같게 할 수 있다. \\( x(x-2)=0 \\) 을 \\( x=0 \\) 또는 \\( x-2=0 \\) 으로 바푼다.</p> <p>주목 방정식의 양변을 제곱하는 것이 반드시 같은 꼴 방정식을 유도하는 것은 아니다.</p> <p>보기 2.1.2 방정식의 풀이</p> <p>방정식을 풀어라 : \\( 3 x-2=7 \\).</p> <p>풀이 우리는 원래의 방정식을 갈은 꼴 방정식들로 바푼다. \\[\\begin{aligned}3 x-2 &=7 & & \\\\ (3 x-2)+2 &=7+2 & & \\text { 양변에 } 2 \\text { 를 더 한다. } \\\\ 3 x &=9 & & \\text { 간단히 한다. } \\\\ \\frac{3 x}{3} &=\\frac{9}{3} & & \\text { 양변을 } 3 \\text { 으로 나눈다. } \\\\ x &=3, & & \\text { 간단히 한다. }\\end{aligned}\\] 마지막 방정식 \\( x=3 \\) 은 하나의 해 3 을 갖는다. 모든 방정식들은 같은 꼴이다. 그러므로, 3 은 원래 방정식 \\( 3 x-2=7 \\) 의 꼭 하나의 해다.</p> <p>확인 : 원래의 방정식에서 \\( x \\) 대신에 3 을 대입함으로써 해임을 확인하는 것은 줗은 연습이다. \\[3(3)-2=7\\\\ 7=7.\\] 해임이 확인된다.</p>",
                "context_length": 2791,
                "summary": "방정식 중 적어도 하나의 변수를 포함하는 두 개의 식이 같다는 명제를 가지는 것을 일변수 방정식(equation in one variable)이라 하고 방정식은 명제함수이므로 변수의 값은 참 또는 거짓일 수 있다. 여기서 참인 명제가 되게 하는 변수가 택할 수 있는 값들을 이 방정식의 해(solution) 또는 근(root)이라한다. 방정식의 모든 해를 구하는 것은 방정식을 푼다(To solve an equation)를 의미한다. 양변이 어뗜 변수 값에 대하여도 만족되는 방정식을 항등식(identity)이라 하며 예로써 임의의 실수 \\( x \\) 가 참인 명제를 갖는다면 \\( 5 x+7=2 x+3+3 x+4 \\) 방정식은 항등식이다. 두 개 이상의 방정식들이 같은 꼴과 같은 해집합을 가지면 이 방정식들은 같은 꼴 방정식(equivalent equation)들이라 한다.",
                "clue": [
                    {
                        "clue_text": "일변수 방정식(equation in one variable)이란 적어도 하나가 변수를 포합하는 두 개의 식이 같다는 명제를 말한다.",
                        "clue_start": "62",
                        "clue_end": "135"
                    },
                    {
                        "clue_text": "참인 명제가 되게 하는 변수가 택할 수 있는 값들을 이 방정식의 해(solution) 또는 근(root)이라 한다.",
                        "clue_start": "256",
                        "clue_end": "320"
                    },
                    {
                        "clue_text": "방정식을 푼다(To solve an equation)는 것은 이 방정식의 모든 해를 구하는 것을 의미한다.",
                        "clue_start": "321",
                        "clue_end": "380"
                    },
                    {
                        "clue_text": "양변이 어뗜 변수 값에 대하여도 만족되는 방정식을 항등식(identity)이라 한다.",
                        "clue_start": "1079",
                        "clue_end": "1126"
                    },
                    {
                        "clue_text": "같은 꼴 방정식 정확하게 같은 해집합을 갖는 두 개 이상의 방정식들을 같은 꼴 방정식(equivalent equation)들이라 한다.",
                        "clue_start": "1226",
                        "clue_end": "1301"
                    }
                ],
                "terminology": [
                    {
                        "word": "To solve an equation"
                    },
                    {
                        "word": "equation in one variable"
                    },
                    {
                        "word": "equivalent equation"
                    },
                    {
                        "word": "identity"
                    },
                    {
                        "word": "solve an equation"
                    },
                    {
                        "word": "근"
                    },
                    {
                        "word": "근(root)"
                    },
                    {
                        "word": "대수적"
                    },
                    {
                        "word": "방정식"
                    },
                    {
                        "word": "부등식"
                    },
                    {
                        "word": "실수"
                    },
                    {
                        "word": "영-곱 성질"
                    },
                    {
                        "word": "인수분해"
                    },
                    {
                        "word": "일변수"
                    },
                    {
                        "word": "정의역"
                    },
                    {
                        "word": "집합"
                    },
                    {
                        "word": "집합표시"
                    },
                    {
                        "word": "항등식"
                    },
                    {
                        "word": "해(solution)"
                    },
                    {
                        "word": "해집합(solution set)"
                    }
                ]
            },
            {
                "context_id": "55e-0c9-5c8bc074-74e5-4b13-8fb2-6d045ddec46c",
                "context_K-NSCC": {
                    "field": "자연",
                    "large_category": "NA",
                    "medium_category": "99"
                },
                "context": "<h2>2.2 .6 함수들의 연산</h2> <p>다음에 우리는 함수들의 연산을 소개한다. 수들처럼, 함수들을 더하고, 때고, 곱하고 나눌 수 있음을 우리는 알게 된다. 예로써, \\( f(x)=x^{2}+9 \\) 이고 \\( g(x)=3 x+5 \\) 면, \\[f(x)+g(x)=\\left(x^{2}+9\\right)+(3 x+5)=x^{2}+3 x+14 \\text {. }\\] 이 새로운 합수 \\( y=x^{2}+3 x+14 \\) 를 합 함수(sum function)라 하고 기호 \\( f+g \\) 로 쓴다. 비숫하게 \\[f(x) \\cdot g(x)=\\left(x^{2}+9\\right)(3 x+5)=3 x^{3}+5 x^{2}+27 x+45\\] 이 새로운 함수 \\( y=3 x^{3}+5 x^{2}+27 x+45 \\) 를 곱 함수(product function)라 하고 기호 \\( f \\cdot g \\) 로 쓴다.</p> <p>더욱 정확한 정의는 다음에 주어진다.</p> <p>\\( f \\) 와 \\( g \\) 가 함수면, 합 \\( f+g \\) 는 다음과 같이 정의되는 함수다. \\[(f+g)(x)=f(x)+g(x) .\\] \\( f+g \\) 의 정의역은 \\( f \\) 와 \\( g \\) 모두의 정의역에 속하는 수 \\( x \\) 들로 이루어진다.</p> <p>차 \\( f-g \\) 는 다음과 같이 정의되는 합수다. \\[(f-g)(x)=f(x)-g(x) .\\] \\( f-g \\) 의 정의역은 \\( f \\) 와 \\( g \\) 모두의 정의역에 속하는 수 \\( x \\) 들로 이루어진다.</p> <p>곱 \\( f \\cdot g \\) 는 다음과 같이 정의되는 합수다. \\[(f \\cdot g)(x)=f(x) \\cdot g(x) .\\] \\( f \\cdot g \\) 의 정의역은 \\( f \\) 와 \\( g \\) 모두의 정의역에 속하는 수 \\( x \\) 들로 이루어진다.</p> <p>몫 \\( \\frac{f}{g} \\) 는 다음과 같이 정의되는 함수다. \\[\\left(\\frac{f}{g}\\right)(x)=\\frac{f(x)}{g(x)}, \\quad g(x) \\neq 0 .\\] \\( \\frac{f}{g} \\) 의 정의역은 \\( f \\) 와 \\( g \\) 모두의 정의역에 속하는 \\( g(x) \\neq 0 \\) 인 수 \\( x \\) 들로 이루어진다.</p> <p>보기 2.2.9 함수들의 연산</p> <p>\\( f \\) 와 \\( g \\) 는 각각 다음과 같이 정의되는 함수라 하자 : \\[f(x)=\\frac{1}{x+2}, \\quad g(x)=\\frac{x}{x-1} .\\]</p> <p>다음을 구하고 각 경우의 정의역을 결정하라.</p> <p>(a) \\( (f+g)(x) \\) (b) \\( (f-g)(x) \\) (c) \\( (f \\cdot g)(x) \\) (d) \\( \\left(\\frac{f}{g}\\right)(x) \\)</p> <p>풀이 \\( f \\) 의 정의역은 \\( \\{x: x \\neq-2\\} \\) 이고 \\( g \\) 의 정의역은 \\( \\{x: x \\neq 1\\} \\) 이다.</p> <p>(a) \\( (f+g)(x)=f(x)+g(x)=\\frac{1}{x+2}+\\frac{x}{x-1} \\) \\[=\\frac{x-1}{(x+2)(x-1)}+\\frac{x(x+2)}{(x+2)(x-1)}=\\frac{x^{2}+3 x-1}{(x+2)(x-1)} .\\] \\( f+g \\) 의 정의역은 \\( f \\) 와 \\( g \\) 모두의 정의역에 속하는 수 \\( x \\) 들로 이루어진다. 그러므로 \\( f+g \\) 의 정의역은 \\( \\{x: x \\neq-2, x \\neq 1\\} \\) 이다.</p> <p>(b) \\( (f-g)(x)=f(x)-g(x)=\\frac{1}{x+2}-\\frac{x}{x-1} \\) \\[=\\frac{x-1}{(x+2)(x-1)}-\\frac{x(x+2)}{(x+2)(x-1)}=\\frac{-\\left(x^{2}+x+1\\right)}{(x+2)(x-1)} .\\] \\( f-g \\) 의 정의역은 \\( f \\) 와 \\( g \\) 모두의 정의역에 속하는 수 \\( x \\) 들로 이루어진다. 그러므로 \\( f-g \\) 의 정의역은 \\( \\{x: x \\neq-2, x \\neq 1\\} \\) 이다.</p> <p>(c) \\( (f \\cdot g)(x)=f(x) \\cdot g(x)=\\frac{1}{x+2} \\cdot \\frac{x}{x-1}=\\frac{x}{(x+2)(x-1)} \\). \\( f \\cdot g \\) 의 정의역은 \\( f \\) 와 \\( g \\) 모두의 정의역에 속하는 수 \\( x \\) 들로 이루어진다. 그러므로 \\( f \\cdot g \\) 의 정의역은 \\( \\{x: x \\neq-2, x \\neq 1\\} \\) 이다.</p> <p>(d) \\( \\left(\\frac{f}{g}\\right)(x)=\\frac{f(x)}{g(x)}=\\frac{\\frac{1}{x+2}}{\\frac{x}{x-1}}=\\frac{1}{x+2} \\cdot \\frac{x-1}{x}=\\frac{x-1}{x(x+2)} \\). \\( \\frac{f}{g} \\) 의 정의역은 \\( f \\) 와 \\( g \\) 모두의 정의역에 속하는 \\( g(x) \\neq 0 \\) 인 수 \\( x \\) 들로 이투어진다. \\( x=0 \\) 일 때 \\( g(x)=0 \\) 이므로, 우리는 \\( -2 \\) 와 1 은 풀론 0도 제외한다. 따라서 \\( \\frac{f}{g} \\) 의 정의역은 \\( \\{x: x \\neq-2, x \\neq 0, x \\neq 1\\} \\) 이다.</p> <p>미분적분학에서, 복잡한 함수를 더 간단한 함수들의 합, 차, 곱 또는 묷으로 생각하는 것이 때때로 도움이 될 수 있다. 예로써, \\( F(x)=x^{2}+\\sqrt{x} \\) 은 \\( f(x)=x^{2} \\) 과 \\( g(x)=\\sqrt{x} \\) 의 합이다. \\( H(x)=\\frac{x^{2}-1}{x^{2}+1} \\) 은 \\( f(x)=x^{2}-1 \\) 과 \\( g(x)=x^{2}+1 \\) 의 몫이다.</p>",
                "context_length": 2929,
                "summary": "함수들은 연산이 가능하다. 즉 더하기, 빼기, 곱하기, 나누기가 가능하다.",
                "clue": [
                    {
                        "clue_text": "다음에 우리는 함수들의 연산을 소개한다. 수들처럼, 함수들을 더하고, 때고, 곱하고 나눌 수 있음을 우리는 알게 된다. 예로써, \\( f(x)=x^{2}+9 \\) 이고 \\( g(x)=3 x+5 \\) 면, \\[f(x)+g(x)=\\left(x^{2}+9\\right)+(3 x+5)=x^{2}+3 x+14 \\text {.",
                        "clue_start": "27",
                        "clue_end": "203"
                    },
                    {
                        "clue_text": "비숫하게 \\[f(x) \\cdot g(x)=\\left(x^{2}+9\\right)(3 x+5)=3 x^{3}+5 x^{2}+27 x+45\\] 이 새로운 함수 \\( y=3 x^{3}+5 x^{2}+27 x+45 \\) 를 곱 함수(product function)라 하고 기호 \\( f \\cdot g \\) 로 쓴다.",
                        "clue_start": "282",
                        "clue_end": "453"
                    }
                ],
                "terminology": [
                    {
                        "word": "product function"
                    },
                    {
                        "word": "sum function"
                    },
                    {
                        "word": "곱 함수"
                    },
                    {
                        "word": "미분적분학"
                    },
                    {
                        "word": "정의역"
                    },
                    {
                        "word": "함수"
                    },
                    {
                        "word": "합 함수"
                    }
                ]
            },
            {
                "context_id": "55e-0c9-cf93d74a-61f5-4c05-ad5a-7441ffd060b4",
                "context_K-NSCC": {
                    "field": "자연",
                    "large_category": "NA",
                    "medium_category": "99"
                },
                "context": "<h1>2.3 함수의 그래프</h1> <p>함수가 \\( x \\) 와 \\( y \\) 의 방정식으로 정의될 때, 이 함수의 그래프(graph of the function)란 이 방정식을 만족하는 \\( x y \\)-평면에 있는 점들의 집합, 즉 이 방정식의 그래프를 말한다.</p> <h2>2.3 .1 함수의 그래프를 판정하기</h2> <p>\\( x y \\)-평면에 있는 모든 점들의 모임이 함수의 그래프를 나타내지는 않는다. 함수에 대하여, 정의역의 각 수는 꼭 하나의 상 \\( y \\) 를 갖는 것을 기억하라. 이것은 함수의 그래프가 같은 \\( x \\)-좌표와 다른 \\( y \\)-좌표들을 갖는 두 점을 포함할 수 없음을 의미한다. 그러므로, 함수의 그래프는 다음의 셰로 직선판정법 (vertical-line test)을 만족해야만 한다.</p> <p>정리 2.3.1 세로 직선판정법</p> <p>\\( x y \\)-평면에 있는 점들의 집합이 합수의 그래프다 \\( \\Leftrightarrow \\) 모든 세로 직선이 많아야 한 점에서 이 그래프와 만난다.</p> <p>이 결과를 설명하는 다른 방법은 다음과 같다. 입의의 세로 직선이 두 점 이상에서 그래프와 만나면, 이 그래프는 함수의 그래프가 아니다.</p> <p>보기 2.3.2 함수의 그래프를 확인하기</p> <p>그림 2.3.2에 있는 그래프들 중 어느 것이 함수의 그래프인가?</p> <p>풀이 그림 2.3.2(a)와 (b)에 있는 그래프는 함수의 그래프다. 왜냐면, 모든 세로 직선이 많아야 한 점에서 이 그래프와 만나기 때문이다. 그러나 그림 2.3.2(c)와 (d)는 함수의 그래프가 아니다. 왜냐면, 하나의 세로 직선이 두 점 이상에서 이 그래프와 만나기 때문이다.</p> <p>보기 2.3.3 함수의 그래프에 관한 정보를 얻기</p> <p>합수 \\( f(x)=\\frac{x}{x+2} \\) 를 생각하자.</p> <p>(a) \\( f \\) 의 그래프 위에 점 \\( \\left(1, \\frac{1}{2}\\right) \\) 이 있는가?</p> <p>(b) \\( x=-1 \\) 이면, \\( f(x) \\) 는 무엇인가? 어떤 점이 \\( f \\) 의 그래프 위에 있는가?</p> <p>(c) \\( f(x)=2 \\) 면, \\( x \\) 는 무엇인가? 어떤 점이 \\( f \\) 의 그래프 위에 있는가?</p> <p>풀이</p> <p>(a) \\( x=1 \\) 이라 하자. 그러면 \\( f(x)=\\frac{x}{x+2} \\quad f(1)=\\frac{1}{1+2}=\\frac{1}{3} \\). 그래서 점 \\( \\left(1, \\frac{1}{3}\\right) \\) 은 \\( f \\) 의 그래프 위에 있다. 그러나 점 \\( \\left(1, \\frac{1}{2}\\right) \\) 은 \\( f \\) 의 그래프 위에 있지 않다.</p> <p>(b) \\( x=-1 \\) 이라 하자. 그러면 \\( f(x)=\\frac{x}{x+2} f(-1)=\\frac{-1}{-1+2}=-1 \\). 따라서 점 \\( (-1,-1) \\) 은 \\( f \\) 의 그래프 위에 있다.</p> <p>(c) \\( f(x)=2 \\) 라 하자. 그러면 \\( f(x)=2 \\)</p>\\[\\frac{x}{x+2}=2\\] \\( x=2(x+2) \\quad \\) 양변에 \\( x+2 \\) 를 곱한다. \\( x=2 x+4 \\quad \\) 괄호를 없앤다. \\( x=-4, \\quad x \\) 를 푼다. 따라서 점 \\( (-4,2) \\) 는 \\( f \\) 의 그래프 위에 있다.</p> <h2>2.3 .2 1차 함수의 그래프</h2> <p>아마도 모든 함수들 중에서 가장 간단한 것은 1 차 함수일 것이다. 이 이유 매문에, 우리가 특별한 형태의 함수들 중에서 1 차 합수에 대한 연구부터 시작하는 것이 논리적일 것이다.</p> <p>보기 2.3.4 함수의 그래프 그리기</p> <p>합수의 그래프를 그려라 : \\( f(x)=-3 x+7 \\).</p> <p>풀이 이 합수의 그래프를 그리기 위하여, 독립변수 \\( x \\) 의 몇 개의 값을 선택하고 대용하는 중속변수의 값을 결정하기 위하여 이 함수를 사용한다.</p> <p>표 2.3.1에 점들을 정하고 이들을 매끄러운 곡선으로 연결하여 그림 2.3.3에서 보이는 그래프를 얻는다.</p> <p>그래프 2.3.3에 있는 그래프는 직선(straight line)임에 주목하라. 이 이유 때문에, 함수 \\( f(x)=-3 x+7 \\) 을 1 차 함수라 한다.</p> <p>정의 2.3.4 1차 함수</p> <p>1 차 함수(linear function)란 \\[f(x)=m x+b .\\] 꼴의 합수를 말한다. 여기서 \\( m \\) 과 \\( b \\) 는 실수다. 1 차 합수의 정의역은 모든 실수들의 집합이다. 1 차 함수의 그래프는 직선(line)이다. 1차 함수 \\( f(x)=m x+b \\) 의 그래프외 \\( y \\)-절편이란 이 그래프와 \\( y \\) 축이 만나는 점을 말한다.</p> <p>정리 2.3.5 두 점을 포함하는 직선의 기울기</p> <p>\\( P=\\left(x_{1}, y_{1}\\right) \\) 와 \\( Q=\\left(x_{2}, y_{2}\\right) \\) 는 \\( x_{1} \\neq x_{2} \\) 인 1 차 함수의 그래프 위외 서로 다른 두 점이고 \\( m \\) 은 \\( P \\) 와 \\( Q \\) 를 포함하는 직선의 기울기라 하자. 그러면 \\[m=\\frac{y_{2}-y_{1}}{x_{2}-x_{1}}, \\quad x_{1} \\neq x_{2} .\\]</p> <p>\\( P=\\left(x_{1}, y_{1}\\right) \\) 와 \\( Q=\\left(x_{2}, y_{2}\\right) \\) 가 직선위의 서로 다른 두 점이고 \\( x_{1}=x_{2} \\) 면, 이 직선은 세로 직선(vertical line)이고 이것의 기울기 \\( m \\) 은 정의되지 않는다(undefined). 세로 직선은 함수의 그래프가 아니다. 여러분은 그 이유를 아는가? 세로 직선 판정법이 실패된다.</p> <p>그림 2.3.4(a)는 직선의 기울기에 대한 보기를 제공하고, 그림 \\( 2.3 .4(b) \\) 는 세로 직선을 설명한다.</p> <p>그림 2.3.4(a)가 설명하둣이, 비세로 직선의 기울기 \\( m \\) 은 다음과 같이 생각될 수 있다. \\[m=\\frac{y_{2}-y_{1}}{x_{2}-x_{1}}=\\frac{y \\text { 의 증분 }}{x \\text { 의 증분 }}=\\frac{\\Delta y}{\\Delta x} .\\]</p> <p>기울기는 비세로 직선의 가파름(steepness)에 대한 수적인 양을 제공한다. 그림 \\( 2.2 .5 \\) 에서, \\( x \\) 의 증분 \\( \\Delta x \\) 는 세 그림 모두에서 같다. 그래서 가장 큰 \\( y \\) 의 중분 \\( \\Delta y \\) 를 갖는 직선은 가장 큰 기울기를 가질 것이다. 가장 작은 \\( y \\) 의 중분 \\( \\Delta y \\) 를 갖는 직선은 가장 작은 기울기를 가질 것이다.</p> <p>이제 \\( b=7 \\) 이 \\( f(x)=-3 x+7 \\) 에서 하는 역할을 살펴보자. 우리가 표 2.3.1과 그림 2.3.3을 살펴보면, \\( f(x)=-3 x+7 \\) 의 그래프의 \\( y \\)-절편이 7 임을 우리는 알게 된다. 일반적으로, 1 차 함수 \\( f(x)=m x+b \\) 의 그래프의 \\( y \\)-절편은 \\( f(0)=b \\) 이다. 그러므로 이 그래프는 점 \\( (0, b) \\) 에서 \\( y \\)-축과 만난다. 기울기 \\( m \\) 과 \\( y \\) 절편 \\( b \\) 는 임외의 1 차 함수의 그래프를 그리는데 사용될 수 있다.</p> <p>보기 2.3.6 기울기와 \\( y \\)-절편을 사용하여 1 차 함수의 그레프를 그리기</p> <p>1 차 함수의 그래프를 그려라: \\( f(x)=-\\frac{1}{2} x+2 \\).</p> <p>풀이 \\( f(x)=m x+b \\) 와 \\( f(x)=-\\frac{1}{2} x+2 \\) 를 비교하여, 우리는 기울기는 \\( m=-\\frac{1}{2} \\) 이고 \\( y \\)-절편은 \\( b=2 \\) 임을 안다. \\( f \\) 의 그래프를 그리기 위하여, 우리는 점 \\( (0,2) \\) 를 정하고 그래프 위의 두 번째 점을 구하기 위하여 기울기를 사용한다. 기울기는 \\( -\\frac{1}{2}=\\frac{-1}{2}=\\frac{\\Delta y}{\\Delta x} \\) 이므로, 우리는 \\( x \\) 가 2 만큼 중가하면 \\( y \\) 는 1 만클 감소할 것임을 안다. \\( (0,2) \\) 로부터 오른쪽으로 2 단위 아래로 1 단위를 움직여서 생기는 점은 \\( (2,1) \\) 이다. 우리는 \\( f \\) 의 그래프를 그리 기 위하여 이 두 점을 사용한다.</p>",
                "context_length": 4296,
                "summary": "함수의 그래프를 판정하기 위해서 세로 직선판정법을 확인해야한다. 세로 직선판정법을 요약해 설명하면 임의의 세로 직선이 한점에서만 만나야 함수의 그래프이다. 이를 1차 함수에 적용해 설명하면 1차 함수는 \\(f(x)=m x+b\\)의 꼴로 세로 직선이 한점에서만 만나게 된다. \\(m\\)은 값이 클수록 직선이 가파라라 지며 \\(x=0\\)인 경우 \\(y\\)절편은 \\(b\\)가 된다.",
                "clue": [
                    {
                        "clue_text": "함수가 \\( x \\) 와 \\( y \\) 의 방정식으로 정의될 때, 이 함수의 그래프(graph of the function)란 이 방정식을 만족하는 \\( x y \\)-평면에 있는 점들의 집합, 즉 이 방정식의 그래프를 말한다.",
                        "clue_start": "24",
                        "clue_end": "150"
                    },
                    {
                        "clue_text": "\\( x y \\)-평면에 있는 점들의 집합이 합수의 그래프다 \\( \\Leftrightarrow \\) 모든 세로 직선이 많아야 한 점에서 이 그래프와 만난다.",
                        "clue_start": "445",
                        "clue_end": "532"
                    },
                    {
                        "clue_text": "1 차 함수(linear function)란 \\[f(x)=m x+b .\\] 꼴의 합수를 말한다.",
                        "clue_start": "2212",
                        "clue_end": "2265"
                    },
                    {
                        "clue_text": "기울기는 비세로 직선의 가파름(steepness)에 대한 수적인 양을 제공한다.",
                        "clue_start": "3197",
                        "clue_end": "3241"
                    }
                ],
                "terminology": [
                    {
                        "word": "1 차 함수(linear function)"
                    },
                    {
                        "word": "graph of the function"
                    },
                    {
                        "word": "steepness"
                    },
                    {
                        "word": "vertical-line test"
                    },
                    {
                        "word": "가파름(steepness)"
                    },
                    {
                        "word": "기울기"
                    },
                    {
                        "word": "독립변수"
                    },
                    {
                        "word": "방정식"
                    },
                    {
                        "word": "비세"
                    },
                    {
                        "word": "비세로 직선"
                    },
                    {
                        "word": "세로 직선(vertical line)"
                    },
                    {
                        "word": "절편"
                    },
                    {
                        "word": "정의역"
                    },
                    {
                        "word": "직선(straight line)"
                    },
                    {
                        "word": "직선판정법"
                    },
                    {
                        "word": "집합"
                    },
                    {
                        "word": "함수"
                    }
                ]
            },
            {
                "context_id": "55e-0c9-8c03d342-160a-4eda-96e3-0e56c67ae99b",
                "context_K-NSCC": {
                    "field": "자연",
                    "large_category": "NA",
                    "medium_category": "99"
                },
                "context": "<h2>2.2 .4 함수의 음함수 꼴</h2> <p>일반적으로, 합수 \\( f \\) 가 \\( x \\) 와 \\( y \\) 의 방정식으로 정의될 때, 우리는 이 함수가 암시적으로(implicitly) 주어진다고 말한다. 이 방정식을 \\( x \\) 에 의하여 \\( y \\) 를 푸는 것이 가눙하면, 우리는 \\( y=f(x) \\) 로 쓰고 이 함수는 명백하게(explicitly) 주어진다고 말한다. 예로써, 음함수 꼴(Implicit Form) \\( 3 x+y=5 \\) \\( x^{2}-y=6 \\) \\( x y=4 \\) 양함수 끌(Explicitly Form) \\( y=f(x)=-3 x+5 \\) \\( y=f(x)=x^{2}-6 \\) \\( y=f(x)=\\frac{4}{x} \\)</p> <p>\\( x \\) 와 \\( y \\) 의 방정식이 모두 합수 \\( y=f(x) \\) 를 정의하는 것은 아니다. 주어진 \\( x \\) 의 값에 대하여 방정식을 \\( y \\) 에 대하여 풀었을 때 두 개 이상의 \\( y \\) 의 값이 얻어지면, 이 방정식은 함수를 정의하지 못한다.</p> <p>보기 2.2.7 방정식이 함수인지를 결정하기</p> <p>방정식 \\( x^{2}+y^{2}=4 \\) 가 함수인지를 결정하라.</p> <p>풀이 \\( x^{2}+y^{2}=4 \\) 가 함수를 정의하는지를 결정하기 위하여, 우리는 이 방정식을 \\( y \\) 에 대하여 풀 필요가 있다. \\( x^{2}+y^{2}=4 \\quad y^{2}=4-x^{2} \\quad y=\\pm \\sqrt{4-x^{2}} \\) \\( -2 \\) 와 2 사이의 \\( x \\) 의 값에 대하여, \\( y \\) 의 값이 두 개 생긴다. 예로써, \\( x=0 \\) 이면 \\( y=\\pm \\sqrt{4}=\\pm 2 \\), 이것은 방정식 \\( x^{2}+y^{2}=4 \\) 가 함수가 아니라는 것을 의미한다.</p> <h2>2.2 .5 함수의 정의역</h2> <p>종종 함수 \\( f \\) 의 정의역은 상세하게 설명되지 않는다. 대신에, 함수를 정의하는 방정식만 주어진다. 이와 같은 경우에, \\( f \\) 의 정의역은 값 \\( f(x) \\) 가 실수가 되는 가장 큰 실수집합으로 한다. \\( f \\) 의 정의역은 식 \\( f(x) \\) 에 있는 변수 \\( x \\) 의 정의역과 같다.</p> <p>보기 \\( 2.2 .8 \\) 함수의 정의역을 구하기</p> <p>다음 각 합수의 정의역을 구하라. (a) \\( f(x)=x^{2}+3 x \\) (b) \\( g(x)=\\frac{2 x}{x^{2}-1} \\) (c) \\( h(t)=\\sqrt{2-3 t} \\)</p> <p>풀이</p> <p>(a) 함수 \\( f \\) 는 우리에게 실수의 제곱에 이 실수의 3 배를 더 한다는 것을 말해준다. 이 같은 연산은 임의의 실수에 대하여 실행될 수 있으므로, \\( f \\) 의 정의역은 모든 실수들이다.</p> <p>(b) 합수 \\( g \\) 는 \\( 2 x \\) 를 \\( x^{2}-1 \\) 로 나누는 것을 말해준다. 0 으로 나누는 것은 정외되지 않으므로, 분모 \\( x^{2}-1 \\) 은 결코 0 이 될 수 없다. 즉, \\( x^{2}-1 \\neq 0 \\). 그래서 \\( x \\neq-1 \\) 이고 \\( x \\neq 1 \\). 따라서 함수 \\( g \\) 의 정의역은 \\( \\{x ; x \\neq-1, x \\neq 1\\} \\) 다.</p> <p>(c) 함수 \\( h \\) 는 우리에게 \\( 2-3 t \\) 의 제곱근을 취하는 것을 말해준다. 그러나 음 아닌 수만이 실 제곱근을 갖는다. 그래서 제곱근 안에 있는 식은 0 보다 크거나 같아야만 한다. 그러므로, \\[2-3 t \\geq 0, \\quad-3 t \\geq-2, \\quad t \\leq \\frac{2}{3} .\\] 따라서 \\( h \\) 의 정의역은 \\( \\left\\{t: t \\leq \\frac{2}{3}\\right\\} \\) 또는 구간 \\( \\left(-\\infty, \\frac{2 }{3}\\right] \\) 다.</p> <p>\\( x \\) 가 함수 \\( f \\) 의 정의역의 원이면, 우리는 \\( f \\) 가 \\( x \\) 에서 정의된다 \\( (f \\) is defined at \\( x) \\) 또는 \\( f(x) \\) 가 존재한다 \\( (f(x) \\) exists)고 말한다. \\( x \\) 가 \\( f \\) 외 정외역외 원이 아니면, 우리는 \\( f \\) 는 \\( x \\) 에서 정의되지 않는다( \\( f \\) is not defined at \\( x \\) ) 또는 \\( f(x) \\) 가 존재하지 않는다 \\( (f(x) \\) does not exists)고 말한다. 예로써, \\( f(x)=\\frac{x}{x^{2}-4} \\) 면, \\( f(0) \\) 은 존재하지만 \\( f(2) \\) 와 \\( f(-2) \\) 는 존재하지 않는다(여러분은 그 이유를 아는가?),</p>",
                "context_length": 2383,
                "summary": "함수 중에서 \\( f \\)가 \\( x \\) 와 \\( y \\) 의 방정식으로 정의될 때를 함수가 암시적으로 주어진 음함수 꼴이라고 하며 이 방정식을 \\( y=f(x) \\)로서 \\( x \\) 에 의해 \\( y \\) 를 푸는 것이 가능해지면 함수가 명백하게 주어진다고 하며 양함수 꼴이라고 한다. 이 양함수 꼴에서 방정식을 풀었을 때 \\( y \\) 의 값이 2개 이상 나온다면 이 방정식은 함수라고 말할 수 없다. 또한 대체로 함수 \\( f \\)의 정의역은 설명되어 있지 않은 경우가 많은데 이 경우에는 \\( f(x) \\) 가 실수가 되는 가장 큰 실수집합으로 정의한다.",
                "clue": [
                    {
                        "clue_text": "일반적으로, 합수 \\( f \\) 가 \\( x \\) 와 \\( y \\) 의 방정식으로 정의될 때, 우리는 이 함수가 암시적으로(implicitly) 주어진다고 말한다.",
                        "clue_start": "29",
                        "clue_end": "120"
                    },
                    {
                        "clue_text": "이 방정식을 \\( x \\) 에 의하여 \\( y \\) 를 푸는 것이 가눙하면, 우리는 \\( y=f(x) \\) 로 쓰고 이 함수는 명백하게(explicitly) 주어진다고 말한다.",
                        "clue_start": "121",
                        "clue_end": "219"
                    },
                    {
                        "clue_text": "주어진 \\( x \\) 의 값에 대하여 방정식을 \\( y \\) 에 대하여 풀었을 때 두 개 이상의 \\( y \\) 의 값이 얻어지면, 이 방정식은 함수를 정의하지 못한다.",
                        "clue_start": "443",
                        "clue_end": "536"
                    },
                    {
                        "clue_text": "종종 함수 \\( f \\) 의 정의역은 상세하게 설명되지 않는다.",
                        "clue_start": "951",
                        "clue_end": "986"
                    },
                    {
                        "clue_text": "이와 같은 경우에, \\( f \\) 의 정의역은 값 \\( f(x) \\) 가 실수가 되는 가장 큰 실수집합으로 한다.",
                        "clue_start": "1012",
                        "clue_end": "1075"
                    }
                ],
                "terminology": [
                    {
                        "word": "explicitly"
                    },
                    {
                        "word": "implicitly"
                    },
                    {
                        "word": "방정식"
                    },
                    {
                        "word": "분모"
                    },
                    {
                        "word": "실 제곱근"
                    },
                    {
                        "word": "실수"
                    },
                    {
                        "word": "실수집합"
                    },
                    {
                        "word": "양함수"
                    },
                    {
                        "word": "음함수"
                    },
                    {
                        "word": "정의역"
                    },
                    {
                        "word": "정의역의 원"
                    },
                    {
                        "word": "제곱"
                    },
                    {
                        "word": "제곱근"
                    },
                    {
                        "word": "함수"
                    }
                ]
            }
        ]
    }
}