{
    "dataset_info": {
        "identifier": "02-031-002-NL",
        "name": "기술과학 문서 요약 데이터",
        "category": "자연어",
        "last_updated": "2023-08-30"
    },
    "dataset": {
        "doc_id": "55e4099e-9ae6-4ad5-afcc-169c689746c1",
        "doc_type": "도서",
        "doc_title": {
            "kor": "대수적 위상수학_특이코호몰로지",
            "eng": ""
        },
        "doc_category": {
            "KDC": "415",
            "DDC": ""
        },
        "doc_number": {
            "ISSN": "",
            "ISBN": "9788961053655",
            "DOI": "",
            "UCI": ""
        },
        "doc_year": "2010",
        "doc_author": [
            "조용승"
        ],
        "doc_publisher": "경문사",
        "doc_license": "저작권 협의됨",
        "context_info": [
            {
                "context_id": "55e-0c9-a760394c-d498-48e2-b51f-80bf383c3113_01",
                "context_K-NSCC": {
                    "field": "자연",
                    "large_category": "NA",
                    "medium_category": "03"
                },
                "context": "<p>\\(2 \\). \\( F \\) 가 체(field)이면 \\( H ^ { k } (X ; F) \\simeq H_ { k } (X ; F) ^ { * } \\) 임을 보이시오.</p> <p>\\(3 \\). 모든 \\( k \\) 에 대하여 \\( H_ { k } (X) \\) 가 유한개의 생성원을 갖고, 자유 부분군 \\( F_ { k } (X) \\) 와 토존 부분군(torsion subgroup) \\( T_ { k } (X) \\) 를 가지면, 즉 \\[ H_ { k } (X) = F_ { k } (X) \\oplus T_ { k } (X) \\text { 이면 } H ^ { k } (X) \\simeq F_ { k } (X) \\oplus T_ { k-1 } (X) \\] 임을 보이시오.</p> <p>\\(4 \\). 사슬복체 \\[ \\cdots \\rightarrow S_ { n + 1 } (X) \\stackrel {\\partial_ { n + 1 } } {\\longrightarrow } S_ { n } (X) \\stackrel {\\partial_ { n } } {\\longrightarrow } S_ { n-1 } (X) \\rightarrow \\cdots \\] 에서 \\( 0 \\rightarrow B_ { n } (X) \\stackrel { j_ { n } } {\\longrightarrow } Z_ { n } (X) \\rightarrow H_ { n } (X: \\mathbb { Z } ) \\rightarrow 0 \\) 은 완전열이다. 여기에 아벨군 \\( G \\) 를 텐서하면 \\[ 0 \\rightarrow \\operatorname { Tor } \\left (H_ { n } (X), G \\right ) \\rightarrow B_ { n } \\otimes G \\stackrel { j_ { n } \\otimes I } {\\longrightarrow } Z_ { n } \\otimes G \\rightarrow H_ { n } (X) \\otimes G \\rightarrow 0 \\] 가 된다. 여기서 \\( \\operatorname { Tor } \\left (H_ { n-1 } (X), G \\right ) \\) 는 \\( j_ { n } \\otimes I \\) 의 핵(kernel)이다.</p> <ol type= start=1><li>\\( 0 \\rightarrow H_ { n } (X: \\mathbb { Z } ) \\otimes G \\rightarrow H_ { n } (X: G) \\rightarrow \\operatorname { Tor } \\left (H_ { n-1 } (X: \\mathbb { Z } ), G \\right ) \\rightarrow 0 \\) 이 분리완전열임을 보이시오.</li> <li>\\( \\operatorname { Tor } \\left (H_ { n-1 } (X: \\mathbb { Z } ), \\mathbb { Z } _ { 2 } \\right ) \\) 는 \\( H_ { n-1 } (X: \\mathbb { Z } ) \\) 의 order 2 인 원소들의 부분 군임을 보이시오.</li> <li>\\( \\operatorname { Tor } \\left ( \\mathbb { Z } , \\mathbb { Z } _ { n } \\right )=0, \\operatorname { Tor } \\left ( \\mathbb { Z } _ { n } , \\mathbb { Z } _ { m } \\right )= \\mathbb { Z } _ { d } , d= \\operatorname { gcd } (n, m) \\) 임을 보이시오.</li></ol>",
                "context_length": 1761,
                "summary": "\\( F \\) 가 체인 경우, \\( H ^ { k } (X ; F) \\simeq H_ { k } (X ; F) ^ { * } \\) 임을 보이고, 모든 \\( k \\) 에 대하여 \\( H_ { k } (X) \\) 가 유한개의 생성원과 자유 부분군 \\( F_ { k } (X) \\), 토존 부분군 \\( T_ { k } (X) \\) 를 가질 때 \\( H ^ { k } (X) \\simeq F_ { k } (X) \\oplus T_ { k-1 } (X) \\) 라는 사실을 밝히였다. 또한, 사슬복체에 대한 완전열에 대해 논의하고, 아벨군 \\( G \\) 를 텐서한 경우의 결과를 제시하였다. 여기서 \\( \\operatorname { Tor } \\left (H_ { n-1 } (X), G \\right ) \\) 는 \\( j_ { n } \\otimes I \\) 의 핵임을 밝혔다.",
                "clue": [
                    {
                        "clue_text": "\\( F \\) 가 체(field)이면 \\( H ^ { k } (X ; F) \\simeq H_ { k } (X ; F) ^ { * } \\) 임을 보이시오.",
                        "clue_start": "11",
                        "clue_end": "96"
                    },
                    {
                        "clue_text": "모든 \\( k \\) 에 대하여 \\( H_ { k } (X) \\) 가 유한개의 생성원을 갖고, 자유 부분군 \\( F_ { k } (X) \\) 와 토존 부분군(torsion subgroup) \\( T_ { k } (X) \\) 를 가지면, 즉 \\[ H_ { k } (X) = F_ { k } (X) \\oplus T_ { k } (X) \\text { 이면 } H ^ { k } (X) \\simeq F_ { k } (X) \\oplus T_ { k-1 } (X) \\] 임을 보이시오.",
                        "clue_start": "112",
                        "clue_end": "376"
                    },
                    {
                        "clue_text": "사슬복체 \\[ \\cdots \\rightarrow S_ { n + 1 } (X) \\stackrel {\\partial_ { n + 1 } } {\\longrightarrow } S_ { n } (X) \\stackrel {\\partial_ { n } } {\\longrightarrow } S_ { n-1 } (X) \\rightarrow \\cdots \\] 에서 \\( 0 \\rightarrow B_ { n } (X) \\stackrel { j_ { n } } {\\longrightarrow } Z_ { n } (X) \\rightarrow H_ { n } (X: \\mathbb { Z } ) \\rightarrow 0 \\) 은 완전열이다.",
                        "clue_start": "392",
                        "clue_end": "740"
                    },
                    {
                        "clue_text": "여기에 아벨군 \\( G \\) 를 텐서하면 \\[ 0 \\rightarrow \\operatorname { Tor } \\left (H_ { n } (X), G \\right ) \\rightarrow B_ { n } \\otimes G \\stackrel { j_ { n } \\otimes I } {\\longrightarrow } Z_ { n } \\otimes G \\rightarrow H_ { n } (X) \\otimes G \\rightarrow 0 \\] 가 된다.",
                        "clue_start": "741",
                        "clue_end": "994"
                    },
                    {
                        "clue_text": "여기서 \\( \\operatorname { Tor } \\left (H_ { n-1 } (X), G \\right ) \\) 는 \\( j_ { n } \\otimes I \\) 의 핵(kernel)이다.",
                        "clue_start": "995",
                        "clue_end": "1102"
                    }
                ],
                "terminology": [
                    {
                        "word": "gcd"
                    },
                    {
                        "word": "subgroup"
                    },
                    {
                        "word": "부분 군"
                    },
                    {
                        "word": "분리완전열"
                    },
                    {
                        "word": "사슬복체"
                    },
                    {
                        "word": "생성원"
                    },
                    {
                        "word": "아벨군"
                    },
                    {
                        "word": "완전열"
                    },
                    {
                        "word": "원소"
                    },
                    {
                        "word": "유한"
                    },
                    {
                        "word": "자유 부분군"
                    },
                    {
                        "word": "체"
                    },
                    {
                        "word": "텐서"
                    },
                    {
                        "word": "토존"
                    },
                    {
                        "word": "토존 부분군"
                    },
                    {
                        "word": "핵"
                    }
                ]
            },
            {
                "context_id": "55e-0c9-d1adb6c1-ae98-4d44-aa0f-4f84458719c2_01",
                "context_K-NSCC": {
                    "field": "자연",
                    "large_category": "NA",
                    "medium_category": "03"
                },
                "context": "<h1>4.2 연습문제</h1> <p>\\([1-8] \\) 다음 특이코호몰로지에 대한 몇 가지 기본성질을 증명하시오.</p> <p>\\(1 \\). \\( c: X \\rightarrow P \\) 가 상수맵이면 \\( c ^ { * } : H ^ { 0 } (P) \\rightarrow H ^ { 0 } (X) \\) 의 여핵(cokernel)을 \\[ H ^ { 0 } (X)=H ^ { 0 } (X) / \\operatorname { Im } c ^ { * } \\] 로 정의한다. 여기서 \\( H ^ { 0 } (X) \\) 를 축소 0 번째 코호몰로지군(reduced 0-th cohomology group)이라 한다. 만일 \\( A \\neq \\phi \\) 이면, \\( H ^ { 0 \\# } (X, A)=H ^ { 0 } (X, A) \\) 라 정의하면 \\( (*) \\quad 0 \\rightarrow H ^ { 0 \\# } (X, A) \\rightarrow H ^ { 0 \\# } (X) \\rightarrow H ^ { 0 \\# } (A) \\rightarrow H ^ { 1 } (X, A) \\rightarrow H ^ { 1 } (X) \\rightarrow \\cdots \\) 은 완전열이다. (*)를 축소 코호몰로지완전열(reduced cohomology exact sequence)이라 부른다.</p> <p>\\(2 \\). \\( X \\supset X_ { 1 } \\supset A \\) 에 대하여 \\[ \\cdots \\rightarrow H ^ { k } \\left (X, X_ { 1 } \\right ) \\rightarrow H ^ { k } (X, A) \\rightarrow H ^ { k } \\left (X_ { 1 } , A \\right ) \\rightarrow H ^ { k + 1 } \\left (X, X_ { 1 } \\right ) \\rightarrow \\cdots \\] 은 완전열이다.</p> <p>\\(3 \\). 완전분할 \\( \\left (X, X_ { 1 } , X_ { 2 } \\right ) \\) 에 대하여 마이어-비토리스열 \\[ \\cdots \\rightarrow H ^ { k } (X) \\rightarrow H ^ { k } \\left (X_ { 1 } \\right ) \\oplus H ^ { k } \\left (X_ { 2 } \\right ) \\rightarrow H ^ { k } (A) \\rightarrow \\cdots \\] 은 완전열이다. 여기서 \\( X=X_ { 1 } \\cup X_ { 2 } , A=X_ { 1 } \\cap X_ { 2 } \\) 이다.</p>",
                "context_length": 1278,
                "summary": "상수맵이면 cokernel을 통해 0번째 코호몰로지군(H^0)을 정의하고, A가 비어있지 않다면 축소 코호몰로지완전열(reduced cohomology exact sequence)을 이룬다. \\(X, X_1, A\\)에 대한 완전열을 증명하고, 완전분할 \\((X, X_1, X_2)\\)에 대한 Mayer-Vietoris 완전열을 증명한다.",
                "clue": [
                    {
                        "clue_text": "\\( c: X \\rightarrow P \\) 가 상수맵이면 \\( c ^ { * } : H ^ { 0 } (P) \\rightarrow H ^ { 0 } (X) \\) 의 여핵(cokernel)을 \\[ H ^ { 0 } (X)=H ^ { 0 } (X) / \\operatorname { Im } c ^ { * } \\] 로 정의한다.",
                        "clue_start": "80",
                        "clue_end": "261"
                    },
                    {
                        "clue_text": "\\( X \\supset X_ { 1 } \\supset A \\) 에 대하여 \\[ \\cdots \\rightarrow H ^ { k } \\left (X, X_ { 1 } \\right ) \\rightarrow H ^ { k } (X, A) \\rightarrow H ^ { k } \\left (X_ { 1 } , A \\right ) \\rightarrow H ^ { k + 1 } \\left (X, X_ { 1 } \\right ) \\rightarrow \\cdots \\] 은 완전열이다.",
                        "clue_start": "680",
                        "clue_end": "945"
                    },
                    {
                        "clue_text": "완전분할 \\( \\left (X, X_ { 1 } , X_ { 2 } \\right ) \\) 에 대하여 마이어-비토리스열 \\[ \\cdots \\rightarrow H ^ { k } (X) \\rightarrow H ^ { k } \\left (X_ { 1 } \\right ) \\oplus H ^ { k } \\left (X_ { 2 } \\right ) \\rightarrow H ^ { k } (A) \\rightarrow \\cdots \\] 은 완전열이다.",
                        "clue_start": "961",
                        "clue_end": "1208"
                    }
                ],
                "terminology": [
                    {
                        "word": "마이어-비토리스열"
                    },
                    {
                        "word": "상수맵"
                    },
                    {
                        "word": "여핵"
                    },
                    {
                        "word": "완전분할"
                    },
                    {
                        "word": "완전열"
                    },
                    {
                        "word": "축소 코호몰로지완전열"
                    },
                    {
                        "word": "코호몰로지군"
                    },
                    {
                        "word": "특이코호몰로지"
                    }
                ]
            },
            {
                "context_id": "55e-0c9-d1adb6c1-ae98-4d44-aa0f-4f84458719c2_02",
                "context_K-NSCC": {
                    "field": "자연",
                    "large_category": "NA",
                    "medium_category": "03"
                },
                "context": "<p>\\(4 \\). \\( X \\) 가 한 점으로 축약(contractible)이면 \\( H ^ { k \\# } (X)=0, { } ^ {\\forall } k \\) 이다.</p> <p>\\(5 \\). \\( X \\) 가 패스성분의 서로소인 합집합 \\( X= \\coprod_ { i } X_ { i } \\) 이면 \\[ H ^ { k } (X)= \\bigoplus_ { i } H ^ { k } \\left (X_ { i } \\right ) \\] 이고, \\( \\phi \\neq A \\subset X \\) 가 패스연결이면 \\( H ^ { 0 } (X)= \\mathbb { Z } \\) 이며 \\( H ^ { 0 } (X, A)=0 \\) 이다.</p> <p>\\(6 \\). 쌍 \\( \\left (E ^ { n } , S ^ { n-1 } \\right ) \\) 에 대하여 경계맵 \\[ \\delta: H ^ { k \\# } \\left (S ^ { n-1 } \\right ) \\rightarrow H ^ { k + 1 } \\left (E ^ { n } , S ^ { n-1 } \\right ) \\] 은 동형맵이고 \\[ H ^ { k \\# } \\left (S ^ { n } \\right )= \\left \\{\\begin {array} { ll } \\mathbb { Z } , & k=n \\\\ 0, & \\text { 그 외 } \\end {array} \\right . \\] 이다.</p> <p>\\(7 \\). 맵 \\( E \\supset S ^ { n-1 } \\stackrel { f } {\\rightarrow } Y \\) 에 의한 첨가공간 \\( Z=E \\bigcup_ { f } Y \\) 에 대하여,<ol type= start=1><li>만일 \\( k \\neq n, n-1 \\) 이면 \\( H ^ { k } (Z) \\rightarrow H ^ { k } (Y) \\) 는 동형맵이다.</li> <li>\\( H ^ { n-1 } (Z) \\simeq \\operatorname { Ker } \\left [H ^ { n-1 } (f): H ^ { n-1 } (Y) \\rightarrow H ^ { n-1 } \\left (S ^ { n-1 } \\right ) \\right ] \\)</li> <li>\\( 0 \\rightarrow \\operatorname { Coker } H ^ { n-1 } (f) \\rightarrow H ^ { n } (Z) \\rightarrow H ^ { n } (Y) \\rightarrow 0 \\) 은 완전열이다.</li></ol>여기서 \\( f: \\left (E ^ { n } , S ^ { n-1 } \\right ) \\rightarrow(Z, Y) \\) 이고, 대응하는 완전열 \\( \\cdots \\rightarrow H ^ { n-1 } (Z) \\rightarrow H ^ { n-1 } (Y) \\stackrel { H ^ { n-1 } (f) } {\\longrightarrow } H ^ { n-1 } \\left (S ^ { n-1 } \\right ) \\rightarrow H ^ { n } (Y) \\rightarrow \\cdots \\) \\( H ^ { n } (Z, Y) \\stackrel { H ^ { n } (f) } {\\longrightarrow } H ^ { n } \\left (E ^ { n } , S ^ { n-1 } \\right ) \\) 은 동형맵이다.</p> <p>\\(8 \\). 정리 \\( 4.2 .3 \\) 을 증명하시오.</p>",
                "context_length": 1697,
                "summary": "\\( X \\) 가 한 점으로 축약(contractible)이면 \\( H ^ { k \\# } (X)=0, { } ^ {\\forall } k \\) 인데, \\( Z=E \\bigcup_ { f } Y \\)에 대하여 \\( f: \\left (E ^ { n } , S ^ { n-1 } \\right ) \\rightarrow(Z, Y) \\) 이고, 대응하는 완전열은 동형맵이다.",
                "clue": [
                    {
                        "clue_text": "\\( X \\) 가 한 점으로 축약(contractible)이면 \\( H ^ { k \\# } (X)=0, { } ^ {\\forall } k \\) 이다.",
                        "clue_start": "11",
                        "clue_end": "94"
                    },
                    {
                        "clue_text": "여기서 \\( f: \\left (E ^ { n } , S ^ { n-1 } \\right ) \\rightarrow(Z, Y) \\) 이고, 대응하는 완전열 \\( \\cdots \\rightarrow H ^ { n-1 } (Z) \\rightarrow H ^ { n-1 } (Y) \\stackrel { H ^ { n-1 } (f) } {\\longrightarrow } H ^ { n-1 } \\left (S ^ { n-1 } \\right ) \\rightarrow H ^ { n } (Y) \\rightarrow \\cdots \\) \\( H ^ { n } (Z, Y) \\stackrel { H ^ { n } (f) } {\\longrightarrow } H ^ { n } \\left (E ^ { n } , S ^ { n-1 } \\right ) \\) 은 동형맵이다.",
                        "clue_start": "1238",
                        "clue_end": "1653"
                    }
                ],
                "terminology": [
                    {
                        "word": "경계맵"
                    },
                    {
                        "word": "동형맵"
                    },
                    {
                        "word": "서로소"
                    },
                    {
                        "word": "완전열"
                    },
                    {
                        "word": "첨가공간"
                    },
                    {
                        "word": "축약(contractible)"
                    },
                    {
                        "word": "패스연결"
                    },
                    {
                        "word": "합집합"
                    }
                ]
            },
            {
                "context_id": "55e-0c9-a760394c-d498-48e2-b51f-80bf383c3113_00",
                "context_K-NSCC": {
                    "field": "자연",
                    "large_category": "NA",
                    "medium_category": "03"
                },
                "context": "<p>다음은 대수학에 속하는 유용한 정리를 증명없이 소개하자. 자세한 증명은 \\( \\mathrm { T } \\). Hungerford의 책 Algebra를 참조하자.</p> <p>정리 \\(4.3.2 \\)</p> <p>\\( R \\) 은 환이고, \\[ 0 \\rightarrow A \\rightarrow B \\rightarrow C \\rightarrow 0 \\] 은 \\( R \\) 모듈로서 완전열이라 하자.</p> <p>\\((1) \\) 좌 \\( R \\) 모듈(left \\( R \\) module) \\( D \\) 에 대하여, 홈 함수자(hom functor) \\( \\operatorname { Hom } _ { R } (D \\), - )를 취하면 \\[ 0 \\rightarrow \\operatorname { Hom } _ { R } (D, A) \\rightarrow \\operatorname { Hom } _ { R } (D, B) \\rightarrow \\operatorname { Hom } _ { R } (D, C) \\] 는 완전열이다. 즉 \\( \\operatorname { Hom } _ { R } (D, \\cdot) \\) 는 좌완전함수자(left exact functor)이다.</p> <p>\\((2) \\) 우 \\( R \\) 모듈(right \\( R \\) module) \\( D \\) 에 대하여, 텐서 함수자(tensor functor) \\( D \\otimes_ { R } \\) 를 취하면 \\[ D \\otimes_ { R } A \\rightarrow D \\otimes_ { R } B \\rightarrow D \\otimes_ { R } C \\rightarrow 0 \\] 은 완전열이다. 즉 \\( D \\otimes { } _ { R } \\) 은 우완전함수자(right exact functor)이다.</p> <p>\\((3) \\) 만일 \\[ 0 \\rightarrow A \\rightarrow B \\rightarrow C \\rightarrow 0 \\] 이 분리완전열(split exact sequence)이면 \\( \\operatorname { Hom } _ { R } (D, \\quad) \\) 와 \\( D \\otimes_ { R } \\) 은 완전함수자(exact functor)이다.</p> <p>\\((4) \\) \\( \\operatorname { Hom } _ { R } \\left (A \\otimes { } _ { R } B, C \\right ) \\simeq \\operatorname { Hom } _ { R } \\left (A, \\operatorname { Hom } _ { R } (B, C) \\right ) \\) 는 동형이다.</p> <h1>4.3 연습문제</h1> <p>\\(1 \\). 완전열 \\( 0 \\rightarrow \\mathbb { Z } \\stackrel { n } {\\longrightarrow } \\mathbb { Z } \\rightarrow \\mathbb { Z } _ { n } \\rightarrow 0 \\) 에 대하여 사슬복합체의 완전열 \\[ 0 \\rightarrow S(X) \\stackrel { n } {\\longrightarrow } S(X) \\rightarrow \\mathbb { Z } _ { n } \\otimes S(X) \\rightarrow 0 \\] 을 사용하여 ⓐ \\( \\cdots \\rightarrow H_ { k } (X ; \\mathbb { Z } ) \\stackrel { n } {\\rightarrow } H_ { k } (X ; \\mathbb { Z } ) \\rightarrow H_ { k } \\left (X ; \\mathbb { Z } _ { n } \\right ) \\stackrel {\\beta } {\\rightarrow } H_ { k-1 } (X ; \\mathbb { Z } ) \\rightarrow \\cdots \\) ⓑ \\( \\cdots \\rightarrow H ^ { k-1 } (X ; \\mathbb { Z } ) \\stackrel {\\beta } {\\rightarrow } H ^ { k } \\left (X ; \\mathbb { Z } _ { n } \\right ) \\rightarrow H ^ { k } (X ; \\mathbb { Z } ) \\stackrel { n } {\\rightarrow } H ^ { k } (X ; \\mathbb { Z } ) \\rightarrow \\cdots \\) 가 완전열임을 보이시오. 여기서 \\( \\beta \\) 를 복스타인 준동형맵(Bockstein homomorphism)이라 부른다.</p>",
                "context_length": 2233,
                "summary": "환이인 \\( R \\)에 대하여 주어진 \\( 0 \\rightarrow A \\rightarrow B \\rightarrow C \\rightarrow 0 \\)는 \\( R \\) 모듈의 완전열이다. 이 때, 함수자 \\( \\operatorname { Hom } _ { R } (D, \\cdot) \\)는 좌완전함수자이며, \\( D \\otimes { } _ { R } \\)는 우완전함수자로 작동한다.",
                "clue": [
                    {
                        "clue_text": "\\( R \\) 은 환이고, \\[ 0 \\rightarrow A \\rightarrow B \\rightarrow C \\rightarrow 0 \\] 은 \\( R \\) 모듈로서 완전열이라 하자.",
                        "clue_start": "121",
                        "clue_end": "224"
                    },
                    {
                        "clue_text": "즉 \\( \\operatorname { Hom } _ { R } (D, \\cdot) \\) 는 좌완전함수자(left exact functor)이다.",
                        "clue_start": "522",
                        "clue_end": "602"
                    },
                    {
                        "clue_text": "즉 \\( D \\otimes { } _ { R } \\) 은 우완전함수자(right exact functor)이다.",
                        "clue_start": "831",
                        "clue_end": "893"
                    }
                ],
                "terminology": [
                    {
                        "word": "functor"
                    },
                    {
                        "word": "homomorphism"
                    },
                    {
                        "word": "대수학"
                    },
                    {
                        "word": "분리완전열"
                    },
                    {
                        "word": "사슬복합체"
                    },
                    {
                        "word": "완전열"
                    },
                    {
                        "word": "완전함수자(exact functor)"
                    },
                    {
                        "word": "우완전함수자(right exact functor)"
                    },
                    {
                        "word": "좌완전함수자(left exact functor)"
                    },
                    {
                        "word": "준동형맵"
                    },
                    {
                        "word": "증명"
                    },
                    {
                        "word": "홈 함수자"
                    }
                ]
            },
            {
                "context_id": "55e-0c9-ab2fe46a-9964-4fea-aad3-a95d687b658f_00",
                "context_K-NSCC": {
                    "field": "자연",
                    "large_category": "NA",
                    "medium_category": "03"
                },
                "context": "<h1>4.3 계수변환(Coefficient Change)</h1> <p>지금까지 호몰로지군과 코호몰로지군의 계수는 정수 \\( \\mathbb { Z } \\) 였다. 계수변환을 생각해보자. \\( R \\) 을 환(ring), \\( M \\) 과 \\( N \\) 을 \\( R \\) 모듈(module)이라 하자.</p> <p>정의 \\(4.3.1 \\)</p> <p>\\( M \\) 의 분해(resolution)는 사슬복합체(chain complex) \\( C = \\left (C_ { q } , \\partial_ { q } \\right ) \\) 로서 \\( \\varepsilon: C_ { 0 } \\rightarrow M \\) 은 전사준동형맵 \\( \\operatorname { Im } \\partial_ { k } = \\operatorname { Ker } _ { k-1 } (k>1), \\operatorname { Im } \\partial_ { 1 } = \\operatorname { Ker } \\varepsilon \\), \\( C_ { k } \\) 는 자유 \\( R \\) 모듈(free \\( R \\) module)로 정의한다. 홈 함수자(hom functor) \\( \\operatorname { Hom } _ { R } (, N):=H( \\) 를 \\( M \\) 의 분해(resolution) \\[ \\cdots \\rightarrow C_ { k } \\stackrel {\\partial_ { k } } {\\longrightarrow } C_ { k-1 } \\rightarrow \\cdots \\stackrel {\\partial_ { 1 } } {\\longrightarrow } C_ { 0 } \\stackrel {\\varepsilon } {\\rightarrow } M \\rightarrow 0 \\] 에 작용하면 코사슬복합체(cochain complex) \\[ \\begin {array} { c } C ^ { * } = \\left \\{\\left (H \\left (C_ { q } \\right ), \\partial_ { q } ^ { * } : H \\left (C_ { q-1 } \\right ) \\rightarrow H \\left (C_ { q } \\right ) \\right ) \\right \\} , \\\\ \\text { 즉 } \\\\ 0 \\rightarrow H(M) \\stackrel {\\varepsilon ^ { * } } {\\longrightarrow } H \\left (C_ { 0 } \\right ) \\stackrel {\\partial_ { 1 } ^ { * } } {\\longrightarrow } \\cdots H \\left (C_ { k-1 } \\right ) \\stackrel {\\partial_ { k } ^ { * } } {\\longrightarrow } H \\left (C_ { k } \\right ) \\stackrel {\\partial_ { k + 1 } ^ { * } } {\\longrightarrow } H \\left (C_ { k + 1 } \\right ) \\rightarrow \\cdots \\end {array} \\] 이 유도된다.</p>",
                "context_length": 1538,
                "summary": "계수변환은 호몰로지군과 코호몰로지군의 계수를 정수 \\(\\mathbb{Z} \\)에서 다른 것으로 변환하는 것이다. 분해된 M의 사슬복합체 C는 전사준동형맵을 만족하는 R 모듈이다.",
                "clue": [
                    {
                        "clue_text": "지금까지 호몰로지군과 코호몰로지군의 계수는 정수 \\( \\mathbb { Z } \\) 였다. 계수변환을 생각해보자.",
                        "clue_start": "41",
                        "clue_end": "104"
                    },
                    {
                        "clue_text": "홈 함수자(hom functor) \\( \\operatorname { Hom } _ { R } (, N):=H( \\) 를 \\( M \\) 의 분해(resolution) \\[ \\cdots \\rightarrow C_ { k } \\stackrel {\\partial_ { k } } {\\longrightarrow } C_ { k-1 } \\rightarrow \\cdots \\stackrel {\\partial_ { 1 } } {\\longrightarrow } C_ { 0 } \\stackrel {\\varepsilon } {\\rightarrow } M \\rightarrow 0 \\] 에 작용하면 코사슬복합체(cochain complex) \\[ \\begin {array} { c } C ^ { * } = \\left \\{\\left (H \\left (C_ { q } \\right ), \\partial_ { q } ^ { * } : H \\left (C_ { q-1 } \\right ) \\rightarrow H \\left (C_ { q } \\right ) \\right ) \\right \\} , \\\\ \\text { 즉 } \\\\ 0 \\rightarrow H(M) \\stackrel {\\varepsilon ^ { * } } {\\longrightarrow } H \\left (C_ { 0 } \\right ) \\stackrel {\\partial_ { 1 } ^ { * } } {\\longrightarrow } \\cdots H \\left (C_ { k-1 } \\right ) \\stackrel {\\partial_ { k } ^ { * } } {\\longrightarrow } H \\left (C_ { k } \\right ) \\stackrel {\\partial_ { k + 1 } ^ { * } } {\\longrightarrow } H \\left (C_ { k + 1 } \\right ) \\rightarrow \\cdots \\end {array} \\] 이 유도된다.",
                        "clue_start": "568",
                        "clue_end": "1534"
                    },
                    {
                        "clue_text": "\\( M \\) 의 분해(resolution)는 사슬복합체(chain complex) \\( C = \\left (C_ { q } , \\partial_ { q } \\right ) \\) 로서 \\( \\varepsilon: C_ { 0 } \\rightarrow M \\) 은 전사준동형맵 \\( \\operatorname { Im } \\partial_ { k } = \\operatorname { Ker } _ { k-1 } (k>1), \\operatorname { Im } \\partial_ { 1 } = \\operatorname { Ker } \\varepsilon \\), \\( C_ { k } \\) 는 자유 \\( R \\) 모듈(free \\( R \\) module)로 정의한다.",
                        "clue_start": "197",
                        "clue_end": "567"
                    },
                    {
                        "clue_text": "계수변환을 생각해보자.",
                        "clue_start": "92",
                        "clue_end": "104"
                    },
                    {
                        "clue_text": "\\( R \\) 을 환(ring), \\( M \\) 과 \\( N \\) 을 \\( R \\) 모듈(module)이라 하자.",
                        "clue_start": "105",
                        "clue_end": "168"
                    }
                ],
                "terminology": [
                    {
                        "word": "functor"
                    },
                    {
                        "word": "계수변환"
                    },
                    {
                        "word": "분해"
                    },
                    {
                        "word": "사슬복합체"
                    },
                    {
                        "word": "전사준동형맵"
                    },
                    {
                        "word": "정수"
                    },
                    {
                        "word": "코사슬복합체"
                    },
                    {
                        "word": "코호몰로지군"
                    },
                    {
                        "word": "호몰로지군"
                    },
                    {
                        "word": "홈 함수자"
                    },
                    {
                        "word": "환"
                    }
                ]
            },
            {
                "context_id": "55e-0c9-bdc7e0ee-0b01-468d-8f7b-d6ab36606d1b_03",
                "context_K-NSCC": {
                    "field": "자연",
                    "large_category": "NA",
                    "medium_category": "03"
                },
                "context": "<p>공간쌍 \\( (X, A) \\) 에 대한 사슬복합체 \\[ 0 \\rightarrow S_ { k } (A) \\stackrel { i } {\\rightarrow } S_ { k } (X) \\stackrel { p } {\\rightarrow } S_ { k } (X, A) \\rightarrow 0 \\] 은 완전열이다. 여기에 \\( \\operatorname { Hom } (, \\mathbb { Z } ) \\) 를 작용하면 \\[ 0 \\rightarrow S ^ { k } (X, A) \\stackrel { p ^ {\\# } } {\\rightarrow } S ^ { k } (X) \\stackrel { i ^ {\\# } } {\\rightarrow } S ^ { k } (A) \\rightarrow 0 \\] 은 완전열이다.</p> <p>다음은 연결준동형맵(connecting homomorphism)을 정의하자. 간단한 계산으로 \\((1) \\) \\( \\delta \\circ p ^ {\\# } =p ^ {\\# } \\circ \\delta \\) \\((2) \\) \\( \\delta \\circ i ^ {\\# } =i ^ {\\# } \\circ \\delta \\) 임을 알 수 있다.</p> <p>따라서 \\[ H ^ { k } (X, A) \\stackrel { p ^ { * } } {\\longrightarrow } H ^ { k } (X) \\stackrel { i ^ { * } } {\\longrightarrow } H ^ { k } (A) \\] 가 유도된다.</p> <p>각 \\( c \\in Z ^ { k } (A) \\) 에 대하여 \\( c ^ {\\prime } \\in S ^ { k } (X) \\) 가 있어 \\( i ^ {\\# } \\left (c ^ {\\prime } \\right )=c \\) 이고 \\[ i ^ {\\# } \\delta \\left (c ^ {\\prime } \\right )= \\delta i ^ {\\# } \\left (c ^ {\\prime } \\right )= \\delta(c)=0 \\] 이므로 \\[ \\delta \\left (c ^ {\\prime } \\right ) \\in \\operatorname { Ker } i ^ {\\# } = \\operatorname { Im } p ^ {\\# } \\] 이고 \\( d \\in S ^ { k + 1 } (X, A) \\) 가 존재하여 \\( p ^ {\\# } (d)= \\delta \\left (c ^ {\\prime } \\right ) \\) 이다. \\[ p ^ {\\# } \\delta(d)= \\delta p ^ {\\# } (d)= \\delta \\delta \\left (c ^ {\\prime } \\right )=0 \\] 이고 \\( p ^ {\\# } \\) 가 단사이므로 \\( \\delta(d)=0 \\) 이고 \\( d \\in Z ^ { k + 1 } (X, A) \\) 이다.</p> <p>연결준동형맵을 \\[ \\delta: H ^ { k } (A) \\rightarrow H ^ { k + 1 } (X, A), \\delta([c])=[d] \\] 로 정의한다.</p>",
                "context_length": 1506,
                "summary": "\\((X,A)\\)에 대한 사슬복합체 \\(0\\rightarrow S_ {}(A)\\stackrel{i}{\\rightarrow}S_{k}(X)\\stackrel{p}{\\rightarrow}S_{k}(X,A)\\rightarrow0 \\), \\(\\operatorname{Hom}(\\mathbb{ Z})\\)를 적용하면 \\(0\\rightarrow S^{k}(X,A)\\stackrel{p^{\\#}}{\\rightarrow}S^{k}(X)\\stackrel{i^ {\\#}}{\\rightarrow}S^{k}(A)\\rightarrow 0\\)은 완전열이다.",
                "clue": [
                    {
                        "clue_text": "공간쌍 \\( (X, A) \\) 에 대한 사슬복합체 \\[ 0 \\rightarrow S_ { k } (A) \\stackrel { i } {\\rightarrow } S_ { k } (X) \\stackrel { p } {\\rightarrow } S_ { k } (X, A) \\rightarrow 0 \\] 은 완전열이다.",
                        "clue_start": "3",
                        "clue_end": "177"
                    },
                    {
                        "clue_text": "여기에 \\( \\operatorname { Hom } (, \\mathbb { Z } ) \\) 를 작용하면 \\[ 0 \\rightarrow S ^ { k } (X, A) \\stackrel { p ^ {\\# } } {\\rightarrow } S ^ { k } (X) \\stackrel { i ^ {\\# } } {\\rightarrow } S ^ { k } (A) \\rightarrow 0 \\] 은 완전열이다.",
                        "clue_start": "178",
                        "clue_end": "401"
                    }
                ],
                "terminology": [
                    {
                        "word": "homomorphism"
                    },
                    {
                        "word": "공간쌍"
                    },
                    {
                        "word": "단사"
                    },
                    {
                        "word": "사슬복합체"
                    },
                    {
                        "word": "연결준동형맵"
                    },
                    {
                        "word": "완전열"
                    },
                    {
                        "word": "유도"
                    }
                ]
            },
            {
                "context_id": "55e-0c9-bdc7e0ee-0b01-468d-8f7b-d6ab36606d1b_01",
                "context_K-NSCC": {
                    "field": "자연",
                    "large_category": "NA",
                    "medium_category": "03"
                },
                "context": "<p>\\((2) \\) 맵 \\( f: X \\rightarrow Y \\) 에 대하여 특이코사슬 간의 특이사슬맵(singular cochain map) \\[ S ^ { k } (f): S ^ { k } (Y) \\rightarrow S ^ { k } (X) \\] 를 \\( c \\in S ^ { k } (Y), \\sigma \\in S_ { k } (X) \\) 에 대하여 \\[ \\left [ \\sigma, S ^ { k } (f) c \\right ]= \\left [S_ { k } (f) \\sigma, c \\right ] \\] 로 정의한다.</p> <p>(3) 코경계맵(coboundary map) \\[ \\begin {array} { c } \\delta: S ^ { k } (X) \\rightarrow S ^ { k + 1 } (X), \\\\{ [ \\sigma, \\delta(c)]=[ \\partial \\sigma, c], c \\in S ^ { k } (X), \\sigma \\in S_ { k + 1 } (X) } \\end {array} \\] 로 정의한다.</p> <p>정리 \\(4.2.1 \\)</p> <ol type= start=1><li>맵 \\( f: X \\rightarrow Y \\) 에 대하여 \\( \\delta S ^ { k } (f)=S ^ { k + 1 } (f) \\delta \\) 이다.</li> <li>\\( \\delta \\circ \\delta=0 \\) 이다.</li></ol> <p>[증명]</p> <p>정의와 호몰로지에 대한 쌍대성으로부터 쉽게 증명된다.</p> <p>정의 \\(4.2.2 \\)</p> <p>공간 \\( X \\) 에 대하여 코사슬군과 코경계맵들의 복합체(complex) \\[ \\cdots \\rightarrow S ^ { k-1 } (X) \\stackrel {\\delta } {\\rightarrow } S ^ { k } (X) \\stackrel {\\delta } {\\rightarrow } S ^ { k + 1 } (X) \\rightarrow \\cdots \\] 를 생각하자. 코사이클군(cocycle group) : \\[ Z ^ { k } (X):= \\operatorname { Ker } \\left [ \\delta: S ^ { k } (X) \\rightarrow S ^ { k + 1 } (X) \\right ] \\] 코경계군(coboundary group) : \\[ B ^ { k } (X):= \\operatorname { Im } \\left [ \\delta: S ^ { k-1 } (X) \\rightarrow S ^ { k } (X) \\right ] \\] \\( k \\) 차원 특이코호몰로지군( \\( k \\)-th singular cohomology group) : \\[ H ^ { k } (X)= \\frac { Z ^ { k } (X) } { B ^ { k } (X) } \\] 로 정의한다. 맵 \\( f: X \\rightarrow Y \\) 에 대해 정리 4.2.1에 의하여 \\[ S ^ { k } (f): S ^ { k } (Y) \\rightarrow S ^ { k } (X) \\] 는 코사이클을 코사이클로, 코경계를 코경계로 보낸다. 따라서 준동형맵 \\[ H ^ { k } (f): H ^ { k } (Y) \\rightarrow H ^ { k } (X) \\] 는 잘 정의된다.</p>",
                "context_length": 1625,
                "summary": "맵에 대하여 특이코사슬 간의 특이사슬맵에 대하여 정의하고 코경계맵도 정의한다. 증명은 정의 4.2.2로 공간 \\( X \\) 에 대하여 코사슬군과 코경계맵들의 복합체를 먼저 생각하고 k 차원 특이코호몰로지군로 정의하면 정리 4.2.1에 코사이클을 코사이클로, 코경계를 코경계로 보내 준동형맵이 잘 정의된다.",
                "clue": [
                    {
                        "clue_text": "\\((2) \\) 맵 \\( f: X \\rightarrow Y \\) 에 대하여 특이코사슬 간의 특이사슬맵(singular cochain map) \\[ S ^ { k } (f): S ^ { k } (Y) \\rightarrow S ^ { k } (X) \\] 를 \\( c \\in S ^ { k } (Y), \\sigma \\in S_ { k } (X) \\) 에 대하여 \\[ \\left [ \\sigma, S ^ { k } (f) c \\right ]= \\left [S_ { k } (f) \\sigma, c \\right ] \\] 로 정의한다.",
                        "clue_start": "3",
                        "clue_end": "296"
                    },
                    {
                        "clue_text": "(3) 코경계맵(coboundary map) \\[ \\begin {array} { c } \\delta: S ^ { k } (X) \\rightarrow S ^ { k + 1 } (X), \\\\{ [ \\sigma, \\delta(c)]=[ \\partial \\sigma, c], c \\in S ^ { k } (X), \\sigma \\in S_ { k + 1 } (X) } \\end {array} \\] 로 정의한다.",
                        "clue_start": "304",
                        "clue_end": "528"
                    },
                    {
                        "clue_text": "공간 \\( X \\) 에 대하여 코사슬군과 코경계맵들의 복합체(complex) \\[ \\cdots \\rightarrow S ^ { k-1 } (X) \\stackrel {\\delta } {\\rightarrow } S ^ { k } (X) \\stackrel {\\delta } {\\rightarrow } S ^ { k + 1 } (X) \\rightarrow \\cdots \\] 를 생각하자.",
                        "clue_start": "789",
                        "clue_end": "1001"
                    },
                    {
                        "clue_text": "맵 \\( f: X \\rightarrow Y \\) 에 대해 정리 4.2.1에 의하여 \\[ S ^ { k } (f): S ^ { k } (Y) \\rightarrow S ^ { k } (X) \\] 는 코사이클을 코사이클로, 코경계를 코경계로 보낸다.",
                        "clue_start": "1405",
                        "clue_end": "1541"
                    },
                    {
                        "clue_text": "따라서 준동형맵 \\[ H ^ { k } (f): H ^ { k } (Y) \\rightarrow H ^ { k } (X) \\] 는 잘 정의된다.",
                        "clue_start": "1542",
                        "clue_end": "1621"
                    }
                ],
                "terminology": [
                    {
                        "word": "singular"
                    },
                    {
                        "word": "복합체"
                    },
                    {
                        "word": "쌍대성"
                    },
                    {
                        "word": "준동형맵"
                    },
                    {
                        "word": "차원"
                    },
                    {
                        "word": "코경계"
                    },
                    {
                        "word": "코경계군"
                    },
                    {
                        "word": "코경계맵"
                    },
                    {
                        "word": "코사슬군"
                    },
                    {
                        "word": "코사이클"
                    },
                    {
                        "word": "코사이클군"
                    },
                    {
                        "word": "특이사슬맵"
                    },
                    {
                        "word": "특이코사슬"
                    },
                    {
                        "word": "특이코호몰로지군"
                    },
                    {
                        "word": "호몰로지"
                    }
                ]
            },
            {
                "context_id": "55e-0c9-237a18ae-d8f8-42db-80cf-467f838f4102_02",
                "context_K-NSCC": {
                    "field": "자연",
                    "large_category": "NA",
                    "medium_category": "03"
                },
                "context": "<p>\\((4) \\) 방향불가 곡면 \\( U_ { h } \\) 에 대하여 \\( 3.7 \\) 절의 연습문제 \\(3 \\)을 사용하면, \\( U_ { h } \\) 의 \\( \\mathbb { Z } _ { 2 } \\) 계수에서 코호몰로지는 \\[ H ^ { k } \\left (U_ { h } ; \\mathbb { Z } _ { 2 } \\right ) \\simeq H_ { k } \\left (U_ { h } ; \\mathbb { Z } _ { 2 } \\right ) ^ { * } \\simeq \\left \\{\\begin {array} { ll } \\mathbb { Z } _ { 2 } , & k=0,2 \\\\ \\mathbb { Z } _ { 2 } ^ { h } , & k=1 \\\\ 0, & \\text { 그 외 } \\end {array} \\right . \\] 이고, \\( U_ { h } \\) 의 \\( \\mathbb { Z } \\) 계수에서 코호몰로지는 \\[ H ^ { k } \\left (U_ { h } ; \\mathbb { Z } \\right )= \\left \\{\\begin {array} { ll } \\mathbb { Z } , & k=0 \\\\ \\mathbb { Z } ^ { h-1 } , & k=1 \\\\ \\mathbb { Z } _ { 2 } , & k=2 \\\\ 0, & k>2 \\end {array} \\right . \\] 이다.</p> <p>\\((5) \\) 정리 \\(3.7.4 \\)에 의하여, \\( \\mathbb { R P } ^ { n } \\) 의 \\( \\mathbb { Z } _ { 2 } \\) 계수의 코호몰로지는 \\[ H ^ { k } \\left ( \\mathbb { R } \\mathbb { P } ^ { n } ; \\mathbb { Z } _ { 2 } \\right )= \\left \\{\\begin {array} { ll } \\mathbb { Z } _ { 2 } , & 0 \\leq k \\leq n \\\\ 0, & \\text { 그 외 } \\end {array} \\right . \\] 이다.</p>",
                "context_length": 1015,
                "summary": "본 장에서는 \\((4) \\) 방향불가 곡면 \\( U_ { h } \\) 에 대한 \\( U_ { h } \\) 의 \\( \\mathbb { Z } _ { 2 } \\) 계수에서 코호몰로지와 \\( U_ { h } \\) 의 \\( \\mathbb { Z } \\) 계수에서 코호몰로지와 \\( \\mathbb { R P } ^ { n } \\) 의 \\( \\mathbb { Z } _ { 2 } \\) 계수의 코호몰로지의 값을 구하고자 한다.",
                "clue": [
                    {
                        "clue_text": "\\((5) \\) 정리 \\(3.7.4 \\)에 의하여, \\( \\mathbb { R P } ^ { n } \\) 의 \\( \\mathbb { Z } _ { 2 } \\) 계수의 코호몰로지는 \\[ H ^ { k } \\left ( \\mathbb { R } \\mathbb { P } ^ { n } ; \\mathbb { Z } _ { 2 } \\right )= \\left \\{\\begin {array} { ll } \\mathbb { Z } _ { 2 } , & 0 \\leq k \\leq n \\\\ 0, & \\text { 그 외 } \\end {array} \\right . \\] 이다.",
                        "clue_start": "698",
                        "clue_end": "1011"
                    }
                ],
                "terminology": [
                    {
                        "word": "계수"
                    },
                    {
                        "word": "방향불가"
                    },
                    {
                        "word": "코호몰로지"
                    }
                ]
            },
            {
                "context_id": "55e-0c9-bdc7e0ee-0b01-468d-8f7b-d6ab36606d1b_00",
                "context_K-NSCC": {
                    "field": "자연",
                    "large_category": "NA",
                    "medium_category": "03"
                },
                "context": "<h1>\\( 4.2 \\) 특이코호몰로지(Singular Cohomology)</h1> <p>특이호몰로지는 위상공간을 아벨군에 대응시켜 여러 가지 위상성질을 유도했다.</p> <p>특이코호몰로지는 호몰로지의 쌍대(dual) 개념으로 위상공간을 아벨군에 대응시키지만 호몰로지와 짝(pairing)을 이루고 호몰로지는 공변함수자(covariant functior)이지만 코호몰로지는 반변함수자(contravariant functor)이다.</p> <p>정의 \\(4.2.1 \\)</p> <p>\\((1) \\) 특이코사슬(singular cochain)들의 자유아벨군을 \\[ S ^ { k } (X) = S_ { k } (X) ^ { * } = \\operatorname { Hom } _ {\\mathbb { Z } } \\left (S_ { k } (X), \\mathbb { Z } \\right ) \\] 로 정의한다. \\( S ^ { k } (X) \\) 를 \\( X \\) 의 \\( k \\) 차 특이코사슬군 \\( (k \\)-th singular cochain group)이라 부른다. \\( X \\) 의 \\( k \\) 차 특이코사슬군 \\( S ^ { k } (X) \\) 의 원소인 준동형맵 \\( c: S_ { k } (X) \\rightarrow \\mathbb { Z } \\) 을 \\( X \\) 의 특이 \\( k \\) 코사슬(singular \\( k \\)-cochain)이라 한다. 특이사슬과 특이코 사슬은 짝(pairing)을 이룬다. 즉, \\[ [,]: S_ { k } (X) \\times S ^ { k } (X) \\rightarrow \\mathbb { Z } \\] 는 이중 준동형맵(bi-homomorphism)으로 각 \\( c, c_ { 1 } , c_ { 2 } \\in S ^ { k } (X), \\sigma, \\sigma_ { 1 } , \\sigma_ { 2 } \\in S_ { k } (X), \\gamma \\in \\mathbb { Z } \\) 에 대하여 \\[ \\begin {array} { l } {\\left [ \\sigma_ { 1 } + \\sigma_ { 2 } , c \\right ]= \\left [ \\sigma_ { 1 } , c \\right ] + \\left [ \\sigma_ { 2 } , c \\right ], } \\\\{\\left [ \\sigma, c_ { 1 } + c_ { 2 } \\right ]= \\left [ \\sigma, c_ { 1 } \\right ] + \\left [ \\sigma, c_ { 2 } \\right ], } \\\\{ [ \\gamma \\sigma, c]= \\gamma[ \\sigma, c]=[ \\sigma, \\gamma c] } \\end {array} \\] 이다.</p>",
                "context_length": 1342,
                "summary": "특이호몰로지는 위상공간을 아벨군에 대응시켜 여러 위상성질을 유도하였고, 이는 호몰로지의 쌍대 개념으로 호몰로지와 짝을 이루고 호몰로지는 공변함수자이며 코호몰로지는 반변함수자이며, 이를 특이코사슬들의 자유아벨군을 정의하면 \\[ S ^ { k } (X) = S_ { k } (X) ^ { * } = \\operatorname { Hom } _ {\\mathbb { Z } } \\left (S_ { k } (X), \\mathbb { Z } \\right ) \\].",
                "clue": [
                    {
                        "clue_text": "특이호몰로지는 위상공간을 아벨군에 대응시켜 여러 가지 위상성질을 유도했다.",
                        "clue_start": "51",
                        "clue_end": "92"
                    },
                    {
                        "clue_text": "특이코호몰로지는 호몰로지의 쌍대(dual) 개념으로 위상공간을 아벨군에 대응시키지만 호몰로지와 짝(pairing)을 이루고 호몰로지는 공변함수자(covariant functior)이지만 코호몰로지는 반변함수자(contravariant functor)이다.",
                        "clue_start": "100",
                        "clue_end": "242"
                    },
                    {
                        "clue_text": "\\((1) \\) 특이코사슬(singular cochain)들의 자유아벨군을 \\[ S ^ { k } (X) = S_ { k } (X) ^ { * } = \\operatorname { Hom } _ {\\mathbb { Z } } \\left (S_ { k } (X), \\mathbb { Z } \\right ) \\] 로 정의한다. \\( S ^ { k } (X) \\) 를 \\( X \\) 의 \\( k \\) 차 특이코사슬군 \\( (k \\)-th singular cochain group)이라 부른다.",
                        "clue_start": "271",
                        "clue_end": "542"
                    }
                ],
                "terminology": [
                    {
                        "word": "Singular Cohomology"
                    },
                    {
                        "word": "contravariant functor"
                    },
                    {
                        "word": "covariant functior"
                    },
                    {
                        "word": "dual"
                    },
                    {
                        "word": "pairing"
                    },
                    {
                        "word": "singular cochain"
                    },
                    {
                        "word": "공변함수자"
                    },
                    {
                        "word": "반변함수자"
                    },
                    {
                        "word": "쌍대"
                    },
                    {
                        "word": "아벨군"
                    },
                    {
                        "word": "위상공간"
                    },
                    {
                        "word": "위상성질"
                    },
                    {
                        "word": "이중 준동형맵"
                    },
                    {
                        "word": "자유아벨군"
                    },
                    {
                        "word": "준동형맵"
                    },
                    {
                        "word": "짝"
                    },
                    {
                        "word": "코사슬"
                    },
                    {
                        "word": "코호몰로지"
                    },
                    {
                        "word": "특이사슬"
                    },
                    {
                        "word": "특이코 사슬"
                    },
                    {
                        "word": "특이코사슬"
                    },
                    {
                        "word": "특이코사슬군"
                    },
                    {
                        "word": "특이코호몰로지"
                    },
                    {
                        "word": "특이호몰로지"
                    },
                    {
                        "word": "호몰로지"
                    }
                ]
            },
            {
                "context_id": "55e-0c9-d1adb6c1-ae98-4d44-aa0f-4f84458719c2_00",
                "context_K-NSCC": {
                    "field": "자연",
                    "large_category": "NA",
                    "medium_category": "03"
                },
                "context": "<p>정리 \\(4.2.3 \\)</p> <p>특이코호몰로지는 다음 성질을 갖는다.</p> <p>\\((1) \\) 각 \\( k \\) 에 대하여 \\[ H ^ { k } : \\text { Top } \\rightarrow \\text { Abel } \\] 은 반변함수자(contravariant functor)이다.</p> <p>\\((2) \\) 각 공간쌍 \\( (X, A) \\) 에 대하여 \\[ 0 \\rightarrow H ^ { 0 } (X, A) \\rightarrow H ^ { 0 } (X) \\rightarrow H ^ { 0 } (A) \\stackrel {\\delta } {\\rightarrow } H ^ { 1 } (X, A) \\rightarrow \\cdots \\] 은 완전열이다.</p> <p>\\((3) \\) 각 맵 \\( f:(X, A) \\rightarrow(Y, B) \\) 에 대하여 다음 다이어그램 \\[ \\begin {array} { c } H ^ { k } (A) \\stackrel {\\delta } {\\longrightarrow } H ^ { k + 1 } (X, A) \\\\ \\uparrow H ^ { k } (f) \\uparrow H ^ { k + 1 } (f) \\\\ H ^ { k } (B) \\stackrel {\\delta } {\\longrightarrow } H ^ { k + 1 } (Y, B), k \\end {array} \\] 은 교환이다.</p> <p>\\((4) \\) 만일 두 맵 \\( f, g:(X, A) \\rightarrow(Y, B) \\) 가 호모토픽이면 \\[ H ^ { k } (f) = H ^ { k } (g), k \\] 이다.</p> <p>\\((5) \\) 만일 \\( \\bar { U } \\subset A ^ {\\circ } \\subset X \\) 이면, 포함맵 \\[ i:(X-U, A-U) \\rightarrow(X, A) \\] 에 대하여 \\[ i ^ { * } : H ^ { k } (X, A) \\stackrel {\\simeq } {\\longrightarrow } H ^ { k } (X-U, A-U), k \\] 가 동형맵이다.</p> <p>\\((6) \\) \\( H ^ { k } ( \\{\\) 점 \\( \\} )= \\left \\{\\begin {array} { ll } \\mathbb { Z } , & k=0 \\\\ 0, & \\text { 그 외. } \\end {array} \\right . \\)</p> <p>[증명]</p> <p>특이호몰로지에서 위의 정리와 같은 성질이 유도되었다. 특이코호몰로지는 특이호몰로지의 쌍대 개념으로 증명을 자연스럽게 따라가면 증명된다.</p>",
                "context_length": 1284,
                "summary": "각 \\( k \\)에 대해 정의된 함수자 \\( H ^ { k } \\)은 Top에서 Abel로의 반변함수자이다. 공간쌍 \\( (X, A) \\)에 대해서는 완전열을 구성하며, 맵 \\( f:(X, A) \\rightarrow(Y, B) \\)에 대해 교환 다이어그램을 만족한다. 추가적으로, 두 맵 \\( f, g:(X, A) \\rightarrow(Y, B) \\)가 호모토픽일 때, \\( H ^ { k } (f) = H ^ { k } (g), k \\)가 성립한다.",
                "clue": [
                    {
                        "clue_text": "특이호몰로지에서 위의 정리와 같은 성질이 유도되었다.",
                        "clue_start": "1205",
                        "clue_end": "1234"
                    },
                    {
                        "clue_text": "특이코호몰로지는 특이호몰로지의 쌍대 개념으로 증명을 자연스럽게 따라가면 증명된다.",
                        "clue_start": "1235",
                        "clue_end": "1280"
                    }
                ],
                "terminology": [
                    {
                        "word": "contravariant functor"
                    },
                    {
                        "word": "공간쌍"
                    },
                    {
                        "word": "동형맵"
                    },
                    {
                        "word": "반변함수자"
                    },
                    {
                        "word": "완전열"
                    },
                    {
                        "word": "특이코호몰로지"
                    },
                    {
                        "word": "특이호몰로지"
                    },
                    {
                        "word": "포함맵"
                    },
                    {
                        "word": "호모토픽"
                    }
                ]
            },
            {
                "context_id": "55e-0c9-bdc7e0ee-0b01-468d-8f7b-d6ab36606d1b_02",
                "context_K-NSCC": {
                    "field": "자연",
                    "large_category": "NA",
                    "medium_category": "03"
                },
                "context": "<p>정리 \\(4.2.2 \\)</p> <ol type= start=1><li>항등맵 \\( I_ { X } : X \\rightarrow X \\) 에 대하여 \\( H ^ { k } \\left (I_ { X } \\right )=I_ { H ^ { k } (X) } \\) 이다.</li> <li>합성맵 \\( X \\stackrel { f } {\\longrightarrow } Y \\stackrel { g } {\\longrightarrow } Z \\) 에 대하여 \\[ H ^ { k } (g \\circ f)=H ^ { k } (f) \\circ H ^ { k } (g) \\] 이다.</li></ol> <p>정의 \\(4.2.3 \\)</p> <p>공간쌍 \\( (X, A) \\) 에 대하여 관계사슬군(relative chain group)은 \\[ S_ { k } (X, A)=S_ { k } (X) / S_ { k } (A) \\] 이다. 관계코사슬군(relative cochain group)의 관계코경계맵(relative coboundary map) \\[ S ^ { k } (X, A):= \\operatorname { Hom } _ {\\mathbb { Z } } \\left (S_ { k } (X, A), \\mathbb { Z } \\right ) \\] 라 하고 \\[ \\delta: S ^ { k } (X, A) \\rightarrow S ^ { k + 1 } (X, A) \\] 를 \\[ [ \\sigma, \\delta c]=[ \\partial \\sigma, c], c \\in S ^ { k } (X, A), \\sigma \\in S_ { k + 1 } (X, A) \\] 로 정의하자. 관계특이코호몰로지군(relative singular cohomology group)을 \\[ H ^ { k } (X, A)= \\frac {\\operatorname { Ker } \\left [ \\delta: S ^ { k } (X, A) \\rightarrow S ^ { k + 1 } (X, A) \\right ] } {\\operatorname { Im } \\left [ \\delta: S ^ { k-1 } (X, A) \\rightarrow S ^ { k } (X, A) \\right ] } \\] 로 정의한다.</p> <p>[주의]</p> <p>여기서 \\( \\delta \\circ \\delta=0 \\) 이다. 의미상으로 명확하기 때문에 경계맵 \\( \\partial \\) 과 코경계맵 \\( \\delta \\) 을 복체 \\( S(X) \\) 와 관계복체 \\( S(X, A) \\) 에 혼용하였다.</p>",
                "context_length": 1260,
                "summary": "공간쌍 \\( (X, A) \\)에 대해 관계사슬군은 \\(S_{k}(X, A)=S_{k}(X) / S_{k} (A) \\)라 하고 관계코사슬군의 관계코경계맵 \\( S^{k}(X, A):= \\operatorname{Hom}_{\\mathbb{Z}} \\left (S_{k}(X, A), \\mathbb{Z} \\right ) \\)라 하고 \\( \\delta: S^{k}(X, A) \\rightarrow S^{k+1}(X, A) \\)를 \\( [\\sigma, \\delta c]=[ \\partial \\sigma, c], c \\in S^{k}(X, A), \\sigma \\in S_{k+1}(X, A) \\)로 정의한다.",
                "clue": [
                    {
                        "clue_text": "공간쌍 \\( (X, A) \\) 에 대하여 관계사슬군(relative chain group)은 \\[ S_ { k } (X, A)=S_ { k } (X) / S_ { k } (A) \\] 이다.",
                        "clue_start": "353",
                        "clue_end": "458"
                    },
                    {
                        "clue_text": "관계코사슬군(relative cochain group)의 관계코경계맵(relative coboundary map) \\[ S ^ { k } (X, A):= \\operatorname { Hom } _ {\\mathbb { Z } } \\left (S_ { k } (X, A), \\mathbb { Z } \\right ) \\] 라 하고 \\[ \\delta: S ^ { k } (X, A) \\rightarrow S ^ { k + 1 } (X, A) \\] 를 \\[ [ \\sigma, \\delta c]=[ \\partial \\sigma, c], c \\in S ^ { k } (X, A), \\sigma \\in S_ { k + 1 } (X, A) \\] 로 정의하자.",
                        "clue_start": "459",
                        "clue_end": "818"
                    },
                    {
                        "clue_text": "관계특이코호몰로지군(relative singular cohomology group)을 \\[ H ^ { k } (X, A)= \\frac {\\operatorname { Ker } \\left [ \\delta: S ^ { k } (X, A) \\rightarrow S ^ { k + 1 } (X, A) \\right ] } {\\operatorname { Im } \\left [ \\delta: S ^ { k-1 } (X, A) \\rightarrow S ^ { k } (X, A) \\right ] } \\] 로 정의한다.",
                        "clue_start": "819",
                        "clue_end": "1101"
                    }
                ],
                "terminology": [
                    {
                        "word": "경계맵"
                    },
                    {
                        "word": "공간쌍"
                    },
                    {
                        "word": "관계복체"
                    },
                    {
                        "word": "관계사슬군"
                    },
                    {
                        "word": "관계코경계맵"
                    },
                    {
                        "word": "관계코사슬군"
                    },
                    {
                        "word": "관계특이코호몰로지군"
                    },
                    {
                        "word": "복체"
                    },
                    {
                        "word": "코경계맵"
                    },
                    {
                        "word": "합성맵"
                    },
                    {
                        "word": "항등맵"
                    }
                ]
            },
            {
                "context_id": "55e-0c9-ab2fe46a-9964-4fea-aad3-a95d687b658f_01",
                "context_K-NSCC": {
                    "field": "자연",
                    "large_category": "NA",
                    "medium_category": "03"
                },
                "context": "<p>정의 4.3.2</p> <p>홈함수자 \\( \\operatorname { Hom } _ { R } (, N) \\) 에 대한 \\( k \\) 번째 유도함수자 \\( k \\)-th derived functor) \\( \\operatorname { Ext } _ { R } ^ { k } (, N) \\) 을 \\[ \\operatorname { Ext } _ { R } ^ { k } (M, N)= \\frac {\\operatorname { Ker } \\left [ \\partial_ { k + 1 } ^ { * } : H \\left (C_ { k } \\right ) \\rightarrow H \\left (C_ { k + 1 } \\right ) \\right ] } {\\operatorname { Im } \\left [ \\partial_ { k } ^ { * } : H \\left (C_ { k-1 } \\right ) \\rightarrow H \\left (C_ { k } \\right ) \\right ] } \\] 로 정의한다.</p> <p>[주의]</p> <p>(1) \\( 0 \\rightarrow H(M) \\stackrel {\\varepsilon ^ { * } } {\\longrightarrow } H \\left (C_ { 0 } \\right ) \\stackrel {\\partial_ { 1 } ^ { * } } {\\longrightarrow } H \\left (C_ { 1 } \\right ) \\) 은 완전열이다. 즉 \\( \\varepsilon ^ { * } \\) 는 단사이고, \\( \\operatorname { Im } \\varepsilon ^ { * } = \\operatorname { Ker } \\partial_ { 1 } ^ { * } \\) 이다. 따라서 \\( \\operatorname { Ext } ^ { 0 } (M, N)=H ^ { 0 } \\left (C ^ { * } \\right ), \\operatorname { Ker } _ { 1 } ^ { * } \\cong \\operatorname { Hom } _ { R } (M, N) \\) 이다.</p> <p>(2) 만일 \\( R= \\mathbb { Z } \\) 이면 \\( M \\) 의 분해는 \\[ 0 \\rightarrow C_ { 1 } \\stackrel {\\partial_ { 1 } } {\\longrightarrow } C_ { 0 } \\stackrel {\\varepsilon } {\\rightarrow } M \\rightarrow 0 \\] 이다. 여기서 \\( C_ { 0 } \\) 는 \\( M \\) 에 의하여 생성된 자유아벨군이고, \\( C_ { 1 } \\) 은 \\( \\varepsilon \\) 의 핵 (kernel)이다. \\( M \\) 의 분해에 \\( \\operatorname { Hom } _ { z } (, N) \\) 을 취하면 \\[ 0 \\rightarrow \\operatorname { Hom } _ { Z } (M, N) \\stackrel {\\varepsilon ^ { * } } {\\longrightarrow } \\operatorname { Hom } _ {\\mathbb { Z } } \\left (C_ { 0 } , N \\right ) \\stackrel {\\partial_ { 1 } ^ { * } } {\\longrightarrow } \\operatorname { Hom } _ {\\mathbb { Z } } \\left (C_ { 1 } , N \\right ) \\rightarrow 0 \\] 이므로 \\( \\mathrm { Ext } ^ { k } =0, { } ^ {\\forall } k \\geq 2 \\) 이고, \\[ \\operatorname { Ext } (M, N)= \\frac {\\operatorname { Hom } \\left (C_ { 1 } , N \\right ) } {\\operatorname { Im } \\partial_ { 1 } ^ { * } } \\] 이다. 여기서 \\( \\operatorname { Ext } (M, N):= \\operatorname { Ext } ^ { 1 } (M, N) \\) 이다.</p> <p>(3) \\( G \\) 가 아벨군이면 \\[ \\operatorname { Ext } ( \\mathbb { Z } , G)=0 \\] 이다. 왜냐하면 \\( 0 \\rightarrow \\mathbb { Z } \\rightarrow \\mathbb { Z } \\rightarrow 0 \\) 이기 때문이다. \\[ \\operatorname { Ext } ( \\mathbb { Z } / n \\mathbb { Z } , G)=G / n G \\] 이다. 왜냐하면 \\[ 0 \\rightarrow \\mathbb { Z } \\stackrel { n } {\\longrightarrow } \\mathbb { Z } \\stackrel {\\varepsilon } {\\longrightarrow } \\mathbb { Z } / n \\mathbb { Z } \\rightarrow 0 \\] 이기 때문이다. 따라서 \\[ \\operatorname { Ext } \\left ( \\mathbb { Z } _ { n } \\mathbb { Z } _ { n } \\right )=0, \\operatorname { Ext } \\left ( \\mathbb { Z } _ { n } , \\mathbb { Z } \\right )= \\mathbb { Z } _ { n } \\] 이고, \\[ \\operatorname { Ext } \\left ( \\mathbb { Z } _ { n } , \\mathbb { Z } _ { m } \\right )= \\mathbb { Z } _ { m } / n \\mathbb { Z } _ { m } = \\mathbb { Z } _ { (n, m) } \\] 이다.</p> <p>(4) \\( R \\) 이 \\( \\mathbb { Q } , \\mathbb { R } , \\mathbb { C } \\) 와 같이 체(field)이면 \\( M \\) 은 벡터공간이며 \\( M \\) 의 분해는 \\[ 0 \\rightarrow M \\stackrel {\\varepsilon } {\\rightarrow } M \\rightarrow 0 \\] 이다. 따라서 \\( \\operatorname { Ext } (M, N)=0 \\) 이다.</p>",
                "context_length": 3071,
                "summary": "\\( 0 \\rightarrow H(M) \\stackrel {\\varepsilon ^ { * } } {\\longrightarrow } H \\left (C_ { 0 } \\right ) \\stackrel {\\partial_ { 1 } ^ { * } } {\\longrightarrow } H \\left (C_ { 1 } \\right ) \\) 은 완전열이며, 만일 \\( R= \\mathbb { Z } \\) 이면 \\( M \\) 의 분해는 0이고, \\( R \\) 이 \\( \\mathbb { Q } , \\mathbb { R } , \\mathbb { C } \\) 와 같이 체이면 \\( M \\) 은 벡터공간이며 \\( M \\) 의 분해는0이다.",
                "clue": [
                    {
                        "clue_text": "(1) \\( 0 \\rightarrow H(M) \\stackrel {\\varepsilon ^ { * } } {\\longrightarrow } H \\left (C_ { 0 } \\right ) \\stackrel {\\partial_ { 1 } ^ { * } } {\\longrightarrow } H \\left (C_ { 1 } \\right ) \\) 은 완전열이다.",
                        "clue_start": "530",
                        "clue_end": "729"
                    },
                    {
                        "clue_text": "(2) 만일 \\( R= \\mathbb { Z } \\) 이면 \\( M \\) 의 분해는 \\[ 0 \\rightarrow C_ { 1 } \\stackrel {\\partial_ { 1 } } {\\longrightarrow } C_ { 0 } \\stackrel {\\varepsilon } {\\rightarrow } M \\rightarrow 0 \\] 이다.",
                        "clue_start": "1041",
                        "clue_end": "1233"
                    },
                    {
                        "clue_text": "(4) \\( R \\) 이 \\( \\mathbb { Q } , \\mathbb { R } , \\mathbb { C } \\) 와 같이 체(field)이면 \\( M \\) 은 벡터공간이며 \\( M \\) 의 분해는 \\[ 0 \\rightarrow M \\stackrel {\\varepsilon } {\\rightarrow } M \\rightarrow 0 \\] 이다.",
                        "clue_start": "2828",
                        "clue_end": "3022"
                    },
                    {
                        "clue_text": "따라서 \\( \\operatorname { Ext } (M, N)=0 \\) 이다.",
                        "clue_start": "3023",
                        "clue_end": "3067"
                    }
                ],
                "terminology": [
                    {
                        "word": "functor"
                    },
                    {
                        "word": "kernel"
                    },
                    {
                        "word": "단사"
                    },
                    {
                        "word": "벡터공간"
                    },
                    {
                        "word": "아벨군"
                    },
                    {
                        "word": "완전열"
                    },
                    {
                        "word": "유도함수자"
                    },
                    {
                        "word": "자유아벨군"
                    },
                    {
                        "word": "홈함수자"
                    }
                ]
            },
            {
                "context_id": "55e-0c9-237a18ae-d8f8-42db-80cf-467f838f4102_00",
                "context_K-NSCC": {
                    "field": "자연",
                    "large_category": "NA",
                    "medium_category": "03"
                },
                "context": "<p>정리 4.3.1 범계수정리(Universal Coefficient Theorem)</p> <p>공간쌍 \\( (X, A) \\) 와 아벨군 \\( G \\) 에 대하여 \\[ 0 \\rightarrow \\operatorname { Ext } \\left (H_ { n-1 } (X, A ; \\mathbb { Z } ), G \\right ) \\rightarrow H ^ { n } (X, A ; G) \\stackrel {\\alpha } {\\rightarrow } \\] \\[ \\operatorname { Hom } \\left (H_ { n } (X, A ; \\mathbb { Z } ), G \\right ) \\rightarrow 0 \\] 은 자연성(naturality), 완전열(exact sequence)이고 분리(splitting)된다. 여기서 분리는 \\( H ^ { n } (X, A ; G) \\simeq \\operatorname { Ext } \\left (H_ { n-1 } (X, A ; \\mathbb { Z } ), G \\right ) \\oplus \\operatorname { Hom } \\left (H_ { n } (X, A ; \\mathbb { Z } ), G \\right ) \\) 을 의미하며, 맵 \\( \\alpha: H ^ { n } (X, A ; G) \\rightarrow \\operatorname { Hom } \\left (H_ { n } (X, A ; \\mathbb { Z } ), G \\right ) \\)은 크로네커곱(Kronecker product) \\( ( \\alpha[c])[ \\sigma] = [ \\sigma, c] \\) 이다.</p> <p>[증명]</p> <p>편의상 \\( S_ { n } (X, A)=S_ { n } , H_ { n } (X, A ; \\mathbb { Z } )=H_ { n } , B_ { n } (X, A)=B_ { n } \\), \\( Z_ { n } (X, A)=Z_ { n } \\) 이라고 놓자. 그러면 \\[ \\begin {array} { l } 0 \\rightarrow B_ { n } \\rightarrow Z_ { n } \\rightarrow H_ { n } \\rightarrow 0 \\\\ 0 \\rightarrow Z_ { n } \\rightarrow S_ { n } \\rightarrow B_ { n-1 } \\rightarrow 0 \\end {array} \\] 은 완전열이다. 둘째 열은 모두 자유(free)이므로 분리이다. 홈 함수자 \\( \\operatorname { Hom } (, G) \\) 는 좌완전(left exact)이므로 다음과 같은 다이어그램을 얻는다. 위 다이어그램에서 첫째와 셋째 열과 둘째 행은 완전열이다. 편의상 \\[ \\begin {array} { c } F_ { 0 } := \\operatorname { Ker } \\left [ \\operatorname { Hom } \\left (S_ { n } , G \\right ) \\stackrel { j_ { 2 } } {\\longrightarrow } \\operatorname { Hom } \\left (Z_ { n } , G \\right ) \\right ] \\\\ F_ { 1 } := \\operatorname { Ker } \\left [ \\operatorname { Hom } \\left (S_ { n } , G \\right ) \\stackrel { i_ { 2 } \\circ j_ { 2 } } {\\longrightarrow } \\operatorname { Hom } \\left (B_ { n } , G \\right ) \\right ] \\end {array} \\] 라 두자. 그러면 \\( F_ { 0 } \\subset F_ { 1 } = \\operatorname { Ker } \\partial_ { n + 1 } ^ { * } \\) 이다. \\[ \\begin {array} { l } \\operatorname { Hom } \\left (H_ { n } , G \\right ) \\cong \\operatorname { Im } i_ { 1 } = \\operatorname { Ker } i_ { 2 } , \\\\ F_ { 1 } =j_ { 2 } ^ { -1 } \\left ( \\text { Ker } i_ { 2 } \\right ) \\supset j_ { 2 } ^ { -1 } (0)=F_ { 0 } \\end {array} \\] 이므로 전사준동형맵 \\[ j_ { 2 } : F_ { 1 } \\rightarrow \\operatorname { Hom } \\left (H_ { n } , G \\right ) \\simeq \\operatorname { Im } i_ { 1 } = \\operatorname { Ker } i_ { 2 } \\subset \\operatorname { Hom } \\left (Z_ { n } , G \\right ) \\] 는 핵(kernel) \\( F_ { 0 } \\) 를 갖는다. \\[ F_ { 0 } = \\operatorname { Ker } j_ { 2 } = \\operatorname { Im } j_ { 1 } \\simeq \\operatorname { Hom } \\left (B_ { n-1 } , G \\right ) \\] 이므로 전사준동형맵 \\( F_ { 0 } \\rightarrow \\operatorname { Ext } \\left (H_ { n-1 } , G \\right ) \\) 가 존재하여 \\[ \\operatorname { Hom } \\left (S_ { n-1 } , G \\right ) \\rightarrow \\operatorname { Hom } \\left (B_ { n-1 } , G \\right ) \\] 이 전사이므로 핵 \\[ K \\cong \\operatorname { Im } \\partial_ { n } ^ { * } \\] 을 갖는다. 코호몰로지는 \\[ H ^ { n } = \\frac {\\operatorname { Ker } \\partial_ { n + 1 } ^ { * } } {\\operatorname { Im } \\partial_ { n } ^ { * } } \\] 이므로, 다음 다이어그램을 얻는다. 위 다이어그램은 교환이고 마지막 열이 구하는 완전열이다. 자연성(naturality)은 구성으로부터 알 수 있고, 분리은 \\[ \\operatorname { Hom } \\left (H_ { n } , G \\right ) \\simeq F_ { 1 } / F_ { 0 } \\rightarrow F_ { 1 } \\rightarrow H ^ { n } \\] 으로부터 증명된다.</p>",
                "context_length": 3217,
                "summary": "공간쌍 \\( (X, A) \\) 와 아벨군 \\( G \\)은 자연성, 완전열이며 분리는 \\( H ^ { n } (X, A ; G) \\simeq \\)\\(\\operatorname { Ext } \\left (H_ { n-1 } (X, A ; \\mathbb { Z } ), G \\right )\\)\\( \\oplus \\operatorname { Hom } \\left (H_ { n } (X, A ; \\mathbb { Z } ), G \\right ) \\) 을 의미한다. 맵 \\( \\alpha: H ^ { n } (X, A ; G) \\rightarrow \\operatorname { Hom}\\left (H_ {n} (X, A;\\mathbb {Z} ),G\\right)\\)은 \\( ( \\alpha[c])[\\sigma]=[\\sigma, c]\\)이다.",
                "clue": [
                    {
                        "clue_text": "공간쌍 \\( (X, A) \\) 와 아벨군 \\( G \\) 에 대하여 \\[ 0 \\rightarrow \\operatorname { Ext } \\left (H_ { n-1 } (X, A ; \\mathbb { Z } ), G \\right ) \\rightarrow H ^ { n } (X, A ; G) \\stackrel {\\alpha } {\\rightarrow } \\] \\[ \\operatorname { Hom } \\left (H_ { n } (X, A ; \\mathbb { Z } ), G \\right ) \\rightarrow 0 \\] 은 자연성(naturality), 완전열(exact sequence)이고 분리(splitting)된다.",
                        "clue_start": "56",
                        "clue_end": "408"
                    },
                    {
                        "clue_text": "여기서 분리는 \\( H ^ { n } (X, A ; G) \\simeq \\operatorname { Ext } \\left (H_ { n-1 } (X, A ; \\mathbb { Z } ), G \\right ) \\oplus \\operatorname { Hom } \\left (H_ { n } (X, A ; \\mathbb { Z } ), G \\right ) \\) 을 의미하며, 맵 \\( \\alpha: H ^ { n } (X, A ; G) \\rightarrow \\operatorname { Hom } \\left (H_ { n } (X, A ; \\mathbb { Z } ), G \\right ) \\)은 크로네커곱(Kronecker product) \\( ( \\alpha[c])[ \\sigma] = [ \\sigma, c] \\) 이다.",
                        "clue_start": "409",
                        "clue_end": "811"
                    }
                ],
                "terminology": [
                    {
                        "word": "Kronecker product"
                    },
                    {
                        "word": "Universal Coefficient Theorem"
                    },
                    {
                        "word": "exact sequence"
                    },
                    {
                        "word": "naturality"
                    },
                    {
                        "word": "sequence"
                    },
                    {
                        "word": "공간쌍"
                    },
                    {
                        "word": "다이어그램"
                    },
                    {
                        "word": "범계수정리"
                    },
                    {
                        "word": "분리(splitting)"
                    },
                    {
                        "word": "아벨군"
                    },
                    {
                        "word": "완전열"
                    },
                    {
                        "word": "자연성"
                    },
                    {
                        "word": "전사"
                    },
                    {
                        "word": "전사준동형맵"
                    },
                    {
                        "word": "좌완전(left exact)"
                    },
                    {
                        "word": "코호몰로지"
                    },
                    {
                        "word": "크로네커곱"
                    },
                    {
                        "word": "핵(kernel)"
                    },
                    {
                        "word": "홈 함수자"
                    }
                ]
            }
        ]
    }
}