{
    "dataset_info": {
        "identifier": "02-031-002-NL",
        "name": "기술과학 문서 요약 데이터",
        "category": "자연어",
        "last_updated": "2023-08-30"
    },
    "dataset": {
        "doc_id": "772a8b07-3652bcd3-9eb9-4265-9be5-a4022a01ea1c",
        "doc_type": "도서",
        "doc_title": {
            "kor": "미분적분을 위한 기초수학의 이해",
            "eng": ""
        },
        "doc_category": {
            "KDC": "414",
            "DDC": ""
        },
        "doc_number": {
            "ISSN": "",
            "ISBN": "9788961053846",
            "DOI": "",
            "UCI": ""
        },
        "doc_year": "2011",
        "doc_author": [
            "이건창",
            "안성수"
        ],
        "doc_publisher": "경문사",
        "doc_license": "저작권 협의됨",
        "context_info": [
            {
                "context_id": "55e-0c9-merge_772a8b07-3652bcd3-9eb9-4265-9be5-a4022a01ea1c_10",
                "context_K-NSCC": {
                    "field": "자연",
                    "large_category": "NA",
                    "medium_category": "99"
                },
                "context": "<p>풀이 두 직선은 나란해야 하므로, 직선의 기울기는 직선 \\( 2 x + y=6 \\) 의 기울기와 같다. 직선 \\( 2 x + y=6 \\) 을 기울기-절편 꼴로 고친다. 그러면 \\[ \\begin {array} { l } 2 x + y=6 . \\\\ y=-2 x + 6 . \\end {array} \\] 그래서 직선의 기울기는 \\( -2 \\) 다. 한편 직선은 점 \\( (2,-3) \\) 을 포함하므로, 점-기울기 꼴을 사용하면, \\[ \\begin {array} { c } y-(-3)=-2(x-2) \\text { 짐-기울기 꼴 } \\\\ y + 3=-2 x + 4 \\\\ y=-2 x + 1 \\quad \\text { 기울기-절편 꼴 } \\\\ 2 x + y=1 . \\end {array} \\] 그림 5.2.10을 보라.</p> <p>두 직선이 직각 \\( \\left (90 ^ {\\circ } \\right ) \\) 에서 만날 때, 이들은 수직이다(perpendicular)라고 말한다. 그림 5.2.11을 보라.</p> <p>다음의 결과는 두 직선이 수직일 조건을 준다. 두 비세로 직선이 수직이다 \\( \\Leftrightarrow \\) 이들의 기울기의 곱이 \\(-1 \\)이다.</p> <p>주목 두 개의 명제 \\( P \\) 와 \\( Q \\) 사이에 \" \\( P \\Leftrightarrow Q \\) \"에 대한 증명을 할 때에 앞으로 “( \\( \\Rightarrow) \\) :\"과 “ \\( ( \\Longleftarrow) \\) :\"를 사용할 것이다. \\( ( \\Rightarrow): \\) 은 \"P이면 \\( Q \\) 이다\"를 증명한다는 뜻이고 \\( ( \\Longleftarrow): \\) 은 “ \\( Q \\) 이면 \\( P \\) 이다\"를 증명한다는 뜻으로 사용한다.</p> <p>증명 \\( m_ { 1 } \\) 과 \\( m_ { 2 } \\) 는 두 직선의 기울기를 나타낸다고 하자. 두 직선이 원점에서 만나도록 두 직선의 위치를 정할지라도 일반성을 잃지 않는다. 그림 5.2.12를 보라. 점 \\( A= \\left (1, m_ { 2 } \\right ) \\) 는 기울기 \\( m_ { 2 } \\) 를 갖는 직선 위에 있고 점 \\( B= \\left (1, m_ { 1 } \\right ) \\) 는 기울기 \\( m_ { 1 } \\) 을 갖는 직선 위에 있다.</p> <p>\\( ( \\Rightarrow) \\) : 두 직선이 수직이라 가정하자. 그러면 \\( \\triangle O A B \\) 는 직각삼각형이다. 피타고라스 정리에 의하여, \\[ [d(O, A)] ^ { 2 } + [d(O, B)] ^ { 2 } =[d(A, B)] ^ { 2 } . \\] 한편, 거리 공식에 의하여, \\[ \\begin {array} { c } { [d(O, A)] ^ { 2 } =(1-0) ^ { 2 } + \\left (m_ { 2 } -0 \\right ) ^ { 2 } =1 + m_ { 2 } ^ { 2 } . } \\\\{ [d(O, B)] ^ { 2 } =(1-0) ^ { 2 } + \\left (m_ { 1 } -0 \\right ) ^ { 2 } =1 + m_ { 1 } ^ { 2 } . } \\\\{ [d(A, B)] ^ { 2 } =(1-1) ^ { 2 } + \\left (m_ { 2 } -m_ { 1 } \\right ) ^ { 2 } =m_ { 2 } ^ { 2 } -2 m_ { 1 } m_ { 2 } + m_ { 1 } ^ { 2 } . } \\end {array} \\] 이들을 방정식 (5.2.1)에 대입하면, \\[ \\left (1 + m_ { 2 } ^ { 2 } \\right ) + \\left (1 + m_ { 1 } ^ { 2 } \\right )=m_ { 2 } ^ { 2 } -2 m_ { 1 } m_ { 2 } + m_ { 1 } ^ { 2 } . \\] 간단하게 정돈하면, 다음을 얻는다. 따라서 필요조건이 참임을 증명하였다 \\( \\quad m_ { 1 } m_ { 2 } =-1 \\). \\( ( \\Leftarrow) \\) : 충분조건이 참임을 증명하는 것은 여러분의 몫으로 남겨둔다.</p>",
                "context_length": 2008,
                "summary": "두 직선이 나란하게 만나는 것은 \\( m_ { 1 } \\cdot m_ { 2 } =-1 \\) 일 때뿐이다. 두 직선이 수직인 조건은 그들의 기울기의 곱이 -1이며 직각에서 만난다는 것이다. 두 직선이 원점에서 만나거나 임의의 위치를 정해주더라도 일반성을 잃지 않는다.",
                "clue": [
                    {
                        "clue_text": "두 직선이 직각 \\( \\left (90 ^ {\\circ } \\right ) \\) 에서 만날 때, 이들은 수직이다(perpendicular)라고 말한다.",
                        "clue_start": "407",
                        "clue_end": "491"
                    },
                    {
                        "clue_text": "두 비세로 직선이 수직이다 \\( \\Leftrightarrow \\) 이들의 기울기의 곱이 \\(-1 \\)이다.",
                        "clue_start": "540",
                        "clue_end": "599"
                    },
                    {
                        "clue_text": "두 직선이 원점에서 만나도록 두 직선의 위치를 정할지라도 일반성을 잃지 않는다.",
                        "clue_start": "938",
                        "clue_end": "982"
                    },
                    {
                        "clue_text": "점 \\( A= \\left (1, m_ { 2 } \\right ) \\) 는 기울기 \\( m_ { 2 } \\) 를 갖는 직선 위에 있고 점 \\( B= \\left (1, m_ { 1 } \\right ) \\) 는 기울기 \\( m_ { 1 } \\) 을 갖는 직선 위에 있다.",
                        "clue_start": "998",
                        "clue_end": "1146"
                    },
                    {
                        "clue_text": "이들을 방정식 (5.2.1)에 대입하면, \\[ \\left (1 + m_ { 2 } ^ { 2 } \\right ) + \\left (1 + m_ { 1 } ^ { 2 } \\right )=m_ { 2 } ^ { 2 } -2 m_ { 1 } m_ { 2 } + m_ { 1 } ^ { 2 } . \\]",
                        "clue_start": "1711",
                        "clue_end": "1874"
                    }
                ],
                "terminology": [
                    {
                        "word": "거리 공식"
                    },
                    {
                        "word": "기울기"
                    },
                    {
                        "word": "기울기-절편"
                    },
                    {
                        "word": "방정식"
                    },
                    {
                        "word": "비세"
                    },
                    {
                        "word": "비세로 직선"
                    },
                    {
                        "word": "점-기울기"
                    },
                    {
                        "word": "직각삼각형"
                    },
                    {
                        "word": "피타고라스 정리"
                    }
                ]
            },
            {
                "context_id": "55e-0c9-merge_772a8b07-3652bcd3-9eb9-4265-9be5-a4022a01ea1c_14",
                "context_K-NSCC": {
                    "field": "자연",
                    "large_category": "NA",
                    "medium_category": "99"
                },
                "context": "<p>단계 \\( 4: 40 x + 18 x=435,000 \\) \\[ 58 x=435,000 \\] \\[ x=7,500 \\text { . } \\] 따라서 김 군의 정상직인 한 시간 단위의 임금은 시간당 7,500 원이다. 단계 5 : 김 군이 받은 봉급 총액 435,000 원에 대하여, 40 시간의 봉급은 \\( 40(7,500)= \\) 300,000 원이고 12 시간 초과 수당은 \\( 12(1.5)(7,500)=135,000 \\) 원이다.</p> <p>다음의 보기는 이자(interest)와 관계된다. 이자는 빌린 돈의 사용으로 지불되는 돈이다. 대부(loan)의 형태로 은행으로부터 개인이 또는 저금(savings) 거래(account)의 형태로 개인으로부터 은행이) 빌린 총액을 원금(principal)이라 한다. 백분율로 표시되는 이율(rate of interest)은 주어진 시기동안 (보통 1년 단위 임) 원 금 사용에 대하여 청구되는 총액이다.</p> <p>\\( P \\) 원의 원금을 소수로 표시되는 년 이율(annum interest rate) \\( r \\) 로 \\( t \\) 년간 빌리면, 청구되는 이자 \\( I \\) 는 다음과 같다. \\[ I= \\text { Prt. } \\] 이 때, \\( I \\) 는 단리 또는 단순이자(simple interest)라 한다.</p> <p>보기 5.3.4 재정학(Finance) : 대부에 대한 이자를 계산하기 박 군이 년 단순이율 \\( 9 \\% \\) 로 6 개월 동안 500,000 원을 빌린다고 가정한다. 박 군이 이 대부에 대하여 부담하게 될 이자는 얼마인가? 박군은 6 개월 후에 얼마를 갚아야 하는가? 풀이 이율은 1 년 단위로 주어진다. 그래서 돈을 빌린 실제 시각은 년으로 표시되어져야만 한다. 부담하게 되는 이자는 원금 \\( (P=500,000 \\) 원 \\( ) \\), 이율 \\( (r=9 \\%=0.09) \\) 과 년으로 된 시각 \\( (t=6 / 12=1 / 2) \\) 의 곱이 될 것이다. 그래서 부담하게 되는 이자 \\( =I= \\operatorname { Prt } =(500,000)(0.09) \\left ( \\frac { 1 } { 2 } \\right )=22,500 \\) 원. 따라서 박 군은 500,000 원 \\( + 22,500 \\) 원 \\( =522,500 \\) 원을 갚아야 할 것이다.</p> <p>보기 5.3.5 재정 계획 이씨는 \\( 70,000,000 \\) 원의 투자금을 갖고 있으며 년 \\( 9 \\% \\) 의 총 수익률(overall rate of return)이 필요하다. 그는 안전한 정부 보증 예금 증권(government-insured certificate of deposit)에 투자할 수 있지만, 이 증권은 년 \\( 5 \\% \\) 만 지불한다. \\( 9 \\% \\) 를 얻기 위하여, 그는 년 \\( 12 \\% \\) 를 지불하는 무보증 법인 회사채(noninsured corporate bond)에 투자금의 일부를 투자하고자 한다. 목적을 달성하기 위하여 그는 각각 얼마씩 투자해야만 되는가?</p>",
                "context_length": 1510,
                "summary": "대부에 대한 이자를 계산하기 박 군이 년 단순이율 9 \\%9% 로 6 개월 동안 500,000 원을 빌린다고 가정하고 박 군이 이 대부에 대하여 부담하게 될 이자는 얼마인가? 박군은 6 개월 후에 얼마를 갚아야 하는가? 풀이 이율은 1 년 단위로 주어진다. 돈을 빌린 실제시각은 년으로 표시한다. 부담 이자는 원금 (P=500,000(P=500,000 원 )), 이율(r=9 \\%=0.09)(r=9%=0.09) 과 년으로 된 시각 (t=6 / 12=1 / 2)(t=6/12=1/2) 의 곱이 될 것이다. 부담 이자=I=Prt=(500,000)(0.09)( 2 1 ​ )=22,500 원. 결과 박 군은 500,000 원 + 22,500+22,500 원 =522,500=522,500 원을 갚아야 할 것이다.",
                "clue": [
                    {
                        "clue_text": "보기 5.3.5 재정 계획 이씨는 \\( 70,000,000 \\) 원의 투자금을 갖고 있으며 년 \\( 9 \\% \\) 의 총 수익률(overall rate of return)이 필요하다.",
                        "clue_start": "1166",
                        "clue_end": "1268"
                    },
                    {
                        "clue_text": "보기 5.3.4 재정학(Finance) : 대부에 대한 이자를 계산하기 박 군이 년 단순이율 \\( 9 \\% \\) 로 6 개월 동안 500,000 원을 빌린다고 가정한다.",
                        "clue_start": "667",
                        "clue_end": "761"
                    },
                    {
                        "clue_text": "그래서 돈을 빌린 실제 시각은 년으로 표시되어져야만 한다.",
                        "clue_start": "840",
                        "clue_end": "872"
                    },
                    {
                        "clue_text": "부담하게 되는 이자는 원금 \\( (P=500,000 \\) 원 \\( ) \\), 이율 \\( (r=9 \\%=0.09) \\) 과 년으로 된 시각 \\( (t=6 / 12=1 / 2) \\) 의 곱이 될 것이다.",
                        "clue_start": "873",
                        "clue_end": "984"
                    }
                ],
                "terminology": [
                    {
                        "word": "단리"
                    },
                    {
                        "word": "백분율"
                    },
                    {
                        "word": "이율"
                    }
                ]
            },
            {
                "context_id": "55e-0c9-merge_772a8b07-3652bcd3-9eb9-4265-9be5-a4022a01ea1c_01",
                "context_K-NSCC": {
                    "field": "자연",
                    "large_category": "NA",
                    "medium_category": "99"
                },
                "context": "<p>그림 5.1.1에 있는 그래프는 직선(straight line)임에 주목하라. 이 이유 때문에, 함수 \\( f(x)=-3 x + 7 \\) 을 1 차 함수라 한다. 따라서 1 차 함수(linear function)란 \\( f(x)=m x + b \\)</p> <p>꼴의 함수를 말한다. 여기서 \\( m \\) 과 \\( b \\) 는 실수다. 1 차 함수의 정의역은 모든 실수들의 집합이다. 1 차 함수의 그래프는 직선(line)이다.</p> <p>점을 정하는 방법(point-plotting method)을 사용하여 함수의 그래프를 그리는 것은 오히려 비효율적이다. 오히려 함수들의 그래프를 얻기 위하여 이들의 성질들을 사용할 것이다. 예로써, \\( f(x)=m x + b=-3 x + 7 \\) 에서, \\( m=-3 \\) 과 \\( b=7 \\) 은 어떤 역할을 하는가?</p> <p>이제 두 점을 포함하는 직선의 기울기에 대하여 살펴보자.</p> <p>\\( P= \\left (x_ { 1 } , y_ { 1 } \\right ) \\) 와 \\( Q= \\left (x_ { 2 } , y_ { 2 } \\right ) \\) 는 \\( x_ { 1 } \\neq x_ { 2 } \\) 인 1 차 함수의 그래프 위의 서로 다른 두 점이고 \\( m \\) 은 \\( P \\) 와 \\( Q \\) 를 포함하는 직선의 기울기라 하자. 그러면 \\[ m= \\frac { y_ { 2 } -y_ { 1 } } { x_ { 2 } -x_ { 1 } } , \\quad x_ { 1 } \\neq x_ { 2 } \\] \\( P= \\left (x_ { 1 } , y_ { 1 } \\right ) \\) 와 \\( Q= \\left (x_ { 2 } , y_ { 2 } \\right ) \\) 가 직선위의 서로 다른 두 점이고 \\( x_ { 1 } =x_ { 2 } \\) 면, 이 직선은 세로 직선(vertical line)이고 이것의 기울기 \\( m \\) 은 정의되지 않는다(undefined). 세로 직선은 함수의 그래프가 아니다. 세로 직선 판정법이 실패된다.</p> <p>그림 5.1.2(a)는 비세로 직선의 기울기에 대한 보기를 제공하고, 그림 5.1.2(b)는 세로 직선을 설명한다.</p> <p>그림 5.1.2(a)에서, 비세로 직선의 기울기 \\( m \\) 은 다음과 같이 생각될 수 있다. \\[ m= \\frac { y_ { 2 } -y_ { 1 } } { x_ { 2 } -x_ { 1 } } = \\frac { y \\text { 의 증분 } } { x \\text { 의 증분 } } = \\frac {\\Delta y } {\\Delta x } . \\]</p>",
                "context_length": 1297,
                "summary": "그림 5.1.1의 그래프는 직선(straight line)이며, 1 차 함수 \\( f(x)=m x + b \\) 로 정의되며, 실수들의 집합이 정의역이다. 그래프를 그리기 위해 점을 정하는 방법은 비효율적이므로 함수의 성질을 사용하여 그래프를 얻는 것이 좋다. 비세로 직선의 기울기는 \\( m= \\frac { y_ { 2 } -y_ { 1 } } { x_ { 2 } -x_ { 1 } } = \\frac { y \\text { 의 증분 } } { x \\text { 의 증분 } } = \\frac {\\Delta y } {\\Delta x } \\) 로 생각할 수 있다.",
                "clue": [
                    {
                        "clue_text": "그림 5.1.1에 있는 그래프는 직선(straight line)임에 주목하라.",
                        "clue_start": "3",
                        "clue_end": "46"
                    },
                    {
                        "clue_text": "점을 정하는 방법(point-plotting method)을 사용하여 함수의 그래프를 그리는 것은 오히려 비효율적이다.",
                        "clue_start": "249",
                        "clue_end": "315"
                    },
                    {
                        "clue_text": "오히려 함수들의 그래프를 얻기 위하여 이들의 성질들을 사용할 것이다.",
                        "clue_start": "316",
                        "clue_end": "354"
                    },
                    {
                        "clue_text": "\\( P= \\left (x_ { 1 } , y_ { 1 } \\right ) \\) 와 \\( Q= \\left (x_ { 2 } , y_ { 2 } \\right ) \\) 는 \\( x_ { 1 } \\neq x_ { 2 } \\) 인 1 차 함수의 그래프 위의 서로 다른 두 점이고 \\( m \\) 은 \\( P \\) 와 \\( Q \\) 를 포함하는 직선의 기울기라 하자.",
                        "clue_start": "475",
                        "clue_end": "674"
                    },
                    {
                        "clue_text": "그림 5.1.2(a)는 비세로 직선의 기울기에 대한 보기를 제공하고, 그림 5.1.2(b)는 세로 직선을 설명한다.",
                        "clue_start": "1023",
                        "clue_end": "1087"
                    }
                ],
                "terminology": [
                    {
                        "word": "기울기"
                    },
                    {
                        "word": "비세"
                    },
                    {
                        "word": "비세로 직선"
                    },
                    {
                        "word": "정의역"
                    },
                    {
                        "word": "집합"
                    },
                    {
                        "word": "함수"
                    }
                ]
            },
            {
                "context_id": "55e-0c9-merge_772a8b07-3652bcd3-9eb9-4265-9be5-a4022a01ea1c_12",
                "context_K-NSCC": {
                    "field": "자연",
                    "large_category": "NA",
                    "medium_category": "99"
                },
                "context": "<p>수학적 문제에 대한 임의의 해가 수학적 문제, 말로 된 표현과 실제문제에 반하는가를 확인해야만 한다. 모형 만들기 과정(modeling process)의 설명에 대하여 그림 5.3.1을 보라.</p> <p>어떤 말을 수학기호로 바꾸는데 도움을 줄 몇 가지 보기를 살펴보자.</p> <p>보기 5.3.1 말로 된 표현을 수학의 식으로 옮기기</p> <p>(a) 직사각형의 넓이는 이것의 가로와 이것의 세로의 곱이다. 옮김(translation) : \\( A \\) 는 직사각형의 넓이, \\( l \\) 은 가로이고 \\( w \\) 는 세로를 나타낸다고 하자. 그러면 \\( A=l w \\).</p> <p>(b) 등속운동(uniform motion)에 대하여, 물체의 속도는 소요된 시각으로 나누어진 움직인 거리와 같다. 옮김 : \\( v \\) 는 등속운동하는 물체의 속도, \\( s \\) 는 이 물체가 움직인 거리이고 \\( t \\) 는 소요된 시각이라 하자. 그러면 \\( v=s / t \\).</p> <p>(c) 주식(stock)과 채권(bond)에 투자한 총액이 \\( 50,000,000 \\) 원이다. 주식에 투자된 총액이 \\( x \\) 원일 때, 채권에 투자된 총액을 \\( x \\) 에 의하여 나타내어라. 옮김 : \\( x \\) 는 주식에 투자한 총액이고 \\( y \\) 는 채권에 투자한 총액이라 하자. 그러면 총 투자액은 \\( 50,000,000 \\) 원 이므로, \\( x + y=50,000,000 \\). 그래서 \\( y=50,000,000-x \\) (원)이다.</p> <p>(d) \\( x \\) 는 수라 하자. \\( x \\) 를 5 배한다는 \\( 5 x \\) \\( x \\) 보다 3 이 작다는 \\( x-3 \\). 4 만큼 \\( x \\) 를 초과하는 수는 \\( x + 4 \\). \\( x \\) 가 더해질 때 5 가 되는 수는 \\( 5-x \\) 다.</p> <p>보기 5.3.2 투자주식과 채권에 투자한 총액이 \\( 18,000,000 \\) 원이다. 채권에 투자한 금액은 주식에 투자한 금액의 반이다. 각 부분에 얼마씩 투자 되었는가?</p> <p>풀이 단계 1 : 우리는 두 가지 투자금액을 구하라는 질문을 받고 있다. 두 가지 투자 총액은 \\( 18,000,000 \\) 원 이어야만 한다(여러분은 그 이유를 아는가?). 단계 \\( 2: x \\) 와 \\( y \\) 는 각각 주식과 채권에 투자한 금액을 나타낸다고 하자. 단계 3 : 우리는 다음의 사실을 안다. (i) 총 투자금액은 \\( 18,000,000 \\) 원이다.(ii) 채권투자금액은 주식투자금액의 반이다. 이 사실을 방정식으로 나타내면, \\[ \\begin {aligned} x + y &=18,000,000 . \\\\ y &= \\frac { 1 } { 2 } x . \\end {aligned} \\] 단계 \\( 4:(5.3 .1) \\) 과 (5.3.2)에서, \\[ x + \\frac { 1 } { 2 } x=18,000,000 \\] \\[ \\frac { 3 } { 2 } x=18,000,000 \\quad \\text { 간단히 한다. } \\] \\( \\left ( \\frac { 2 } { 3 } \\right ) \\left ( \\frac { 3 } { 2 } x \\right )= \\left ( \\frac { 2 } { 3 } \\right ) 18,000,000 \\quad \\) 양변에 \\( \\frac { 2 } { 3 } \\) 를 곱한다. \\( x=12,000,000 . \\quad \\) 간단히 한다. 따라서 \\( 12,000,000 \\) 원은 주식에 투자한 금액이고 \\( 18,000,000 \\) 원 \\( -12,000,000 \\) 원 = \\( 6,000,000 \\) 원은 채권에 투자한 금액이다. 단계 5 : 총 투자금액은 \\( 12,000,000 \\) 원 \\( + 6,000,000 \\) 원 \\( =18,000,000 \\) 원이고 채권투자 금 \\( (6,000,000 \\) 원 \\( ) \\) 은 주식 투자금( \\( 12,000,000 \\) 원 \\( ) \\) 의 반이다.</p>",
                "context_length": 1982,
                "summary": "수학적 문제를 표현과 실제 문제에 반하는지 확인해야 한다. 모형 만들기 과정의 설명을 살펴보고, 말로 된 표현을 수학의 식으로 옮겨야 한다. 18,000,000원이 투자되었을 때, 주식과 채권에 각각 반씩 투자되었다. \\[ \\begin {aligned} x + y &=18,000,000 . \\\\ y &= \\frac { 1 } { 2 } x . \\end {aligned} \\] 단계 \\( 4:(5.3 .1) \\) 과 (5.3.2)에서, \\[ x + \\frac { 1 } { 2 } x=18,000,000 \\] .",
                "clue": [
                    {
                        "clue_text": "수학적 문제에 대한 임의의 해가 수학적 문제, 말로 된 표현과 실제문제에 반하는가를 확인해야만 한다.",
                        "clue_start": "3",
                        "clue_end": "59"
                    },
                    {
                        "clue_text": "직사각형의 넓이는 이것의 가로와 이것의 세로의 곱이다.",
                        "clue_start": "204",
                        "clue_end": "234"
                    },
                    {
                        "clue_text": "등속운동(uniform motion)에 대하여, 물체의 속도는 소요된 시각으로 나누어진 움직인 거리와 같다.",
                        "clue_start": "340",
                        "clue_end": "400"
                    },
                    {
                        "clue_text": "\\( v=s / t \\).",
                        "clue_start": "483",
                        "clue_end": "497"
                    },
                    {
                        "clue_text": "주식에 투자된 총액이 \\( x \\) 원일 때, 채권에 투자된 총액을 \\( x \\) 에 의하여 나타내어라.",
                        "clue_start": "560",
                        "clue_end": "618"
                    }
                ],
                "terminology": [
                    {
                        "word": "bond"
                    },
                    {
                        "word": "stock"
                    },
                    {
                        "word": "translation"
                    },
                    {
                        "word": "uniform motion"
                    },
                    {
                        "word": "등속운동"
                    },
                    {
                        "word": "방정식"
                    },
                    {
                        "word": "수학기호"
                    },
                    {
                        "word": "채권"
                    }
                ]
            },
            {
                "context_id": "55e-0c9-merge_772a8b07-3652bcd3-9eb9-4265-9be5-a4022a01ea1c_04",
                "context_K-NSCC": {
                    "field": "자연",
                    "large_category": "NA",
                    "medium_category": "99"
                },
                "context": "<p>함수 \\( f \\) 의 기울기 \\( m=3>0 \\) 이고 정의역 \\( (- \\infty, \\infty) \\) 이다. 따라서, \\( f \\) 는 구간 \\( (- \\infty, \\infty) \\) 에서 증가한다.</p> <p>함수 \\( g \\) 의 기울기 \\( m=-5<0 \\) 이고 정의역 \\( (- \\infty, \\infty) \\) 이다. 따라서, \\( g \\) 는 구간 \\( (- \\infty, \\infty) \\) 에서 감소한다.</p> <p>함수 \\( s \\) 의 기울기 \\( m= \\frac { 2 } { 3 } >0 \\) 이고 정의역 \\( (- \\infty, \\infty) \\) 이다. 따라서, \\( s \\) 는 구간 \\( (- \\infty, \\infty) \\) 에서 증가한다.</p> <p>(d) 함수 \\( h \\) 의 기울기 \\( m=0 \\) 이고 정의역 \\( (- \\infty, \\infty) \\) 이다. 따라서, \\( h \\) 는 구간 \\( (- \\infty, \\infty) \\) 에서 상수이다.</p> <p>이제 함수 \\( f \\) 와 실수 \\( r \\) 에 대하여 \\( f(r)=0 \\) 이면 \\( r \\) 은 함수 \\( f \\) 의 영임을 상기하라. 임의의 함수 \\( f(x)=m x + b \\) 에 대하여 \\( m \\neq 0 \\) 이면 함수 \\( f \\) 는 꼭 하나의 영을 가짐을 보여 줄 수 있다. 즉, \\( f \\) 가 증가 또는 감소면 \\( f \\) 는 꼭 하나의 영을 갖는다.</p> <p>보기 5.1.4 1차 함수의 영을 구하기</p> <p>\\( f(x)=- \\frac { 1 } { 2 } x + 2 \\) 의 영을 구하여라. \\( f \\) 의 그래프를 그리기 위하여 \\( y \\)-절편과 함께 영을 사용하여라.</p> <p>풀이 우리는 영을 구하기 위하여 방정식 \\( f(x)=0 \\) 을 푼다.</p> <p>\\( f(x)=0 \\) \\( - \\frac { 1 } { 2 } x + 2=0 \\quad f(x)=- \\frac { 1 } { 2 } x + 2 \\) \\( - \\frac { 1 } { 2 } x=-2 \\quad \\) 이 방정식의 양변에서 2 를 뺀다. \\[x=4 \\text { . } \\] 이 방정식의 양변에 \\( -2 \\) 를 곱한나.</p>",
                "context_length": 1116,
                "summary": "본 논문에서는 각각의 함수의 기울기를 도출하고 정의역 \\((-\\infty, \\infty)\\)을 가지는 것을 확인하였다. 이때 함수는 정의역 구간에서 증가한다. 1차 함수 \\( f(x)=m x + b \\)에 대하여 \\( m \\neq 0 \\)이면 함수 \\( f \\)는 반드시 하나의 영을 가지는데, 이는 \\(f\\)가 증감을 하면 \\(f\\) 는 꼭 하나의 영을 갖는다는 것을 의미한다.",
                "clue": [
                    {
                        "clue_text": "따라서, \\( f \\) 는 구간 \\( (- \\infty, \\infty) \\) 에서 증가한다.",
                        "clue_start": "68",
                        "clue_end": "119"
                    },
                    {
                        "clue_text": "따라서, \\( g \\) 는 구간 \\( (- \\infty, \\infty) \\) 에서 감소한다.",
                        "clue_start": "193",
                        "clue_end": "244"
                    },
                    {
                        "clue_text": "따라서, \\( s \\) 는 구간 \\( (- \\infty, \\infty) \\) 에서 증가한다.",
                        "clue_start": "335",
                        "clue_end": "386"
                    },
                    {
                        "clue_text": "따라서, \\( h \\) 는 구간 \\( (- \\infty, \\infty) \\) 에서 상수이다.",
                        "clue_start": "461",
                        "clue_end": "512"
                    },
                    {
                        "clue_text": "즉, \\( f \\) 가 증가 또는 감소면 \\( f \\) 는 꼭 하나의 영을 갖는다.",
                        "clue_start": "689",
                        "clue_end": "735"
                    }
                ],
                "terminology": [
                    {
                        "word": "기울기"
                    },
                    {
                        "word": "방정식"
                    },
                    {
                        "word": "실수"
                    },
                    {
                        "word": "정의역"
                    },
                    {
                        "word": "함수"
                    },
                    {
                        "word": "함수의 영"
                    }
                ]
            },
            {
                "context_id": "55e-0c9-merge_772a8b07-3652bcd3-9eb9-4265-9be5-a4022a01ea1c_09",
                "context_K-NSCC": {
                    "field": "자연",
                    "large_category": "NA",
                    "medium_category": "99"
                },
                "context": "<p>또한, (평면에 있는) 두 직선이 만나지 않을 때, 즉, 두 직선이 공통의 점을 갖지 않을 때, 이들을 나란하다(parallel)고 한다. 그림 5.2.8을 살펴보라.</p> <p>거기에서 우리는 두 직선을 그렸고 좌표축에 나란한 변을 그림으로써 두 개의 직각 삼각형을 만들었다. 이 두 직선이 나란하기 위한 필요충분조건은 두 직각삼각형이 닮는다. 그리고 두 삼각형이 닮기 위한 필요충분조건은 대응하는 변들의 비가 같다. 이것은 다음의 결과를 제시하여 준다.</p> <p>보기 5.2.6 두 직선이 나란함을 증명하기 다음 방정식으로 주어진 두 직선이 나란함을 증명하여라. \\[ L_ { 1 } : 2 x + 3 y=6, \\quad L_ { 2 } : 4 x + 6 y=0 . \\]</p> <p>풀이 이 두 직선이 같은 기울기와 다른 \\( y \\)-절편을 가짐을 보이면, 이 두 직선은 나란함을 증명하는 셈이 된다. 이제 직선 \\( L_ { 1 } \\) 과 \\( L_ { 2 } \\) 의 기울기와 \\( y \\)-질편을 구하기 위하여, 각 방정식을 기울기-절편 꼴로 쓴다. 그러면 \\[ \\begin {array} { cc } L_ { 1 } : 2 x + 3 y=6, & L_ { 2 } : 4 x + 6 y=0 \\\\ 3 y=-2 x + 6 & 6 =-4 x \\\\ y=- \\frac { 2 } { 3 } x + 2 & y=- \\frac { 2 } { 3 } x \\end {array} \\] 기울기 \\( =- \\frac { 2 } { 3 } ; \\quad y \\)-절편 \\( =2 ; \\quad \\) 기울기 \\( =- \\frac { 2 } { 3 } ; \\quad y \\)-절편 \\( =0 \\). 그래서 이 두 직선은 같은 기울기 \\( - \\frac { 2 } { 3 } \\) 와 다른 \\( y \\)-절편을 갖는다. 따라서 두 직선 \\( L_ { 1 } \\) 과 \\( L_ { 2 } \\) 는 나란하다. 그림 5.2.9를 보라.</p> <p>보기 5.2.7 주어진 직선에 나란한 직선을 구하기 점 \\( (2,-3) \\) 을 포함하고 직선 \\( 2 x + y=6 \\) 에 나란한 직선의 방정식을 구하여라.</p>",
                "context_length": 1069,
                "summary": "두 직선이 나란함을 증명하기 위해 같은 기울기와 다른 \\( y \\)-절편을 갖는다는 것을 보여주면 된다. 또한, 본문에 언급한 바와 같이 주어진 점 \\( (2,-3) \\) 을 포함하고 직선 \\( 2 x + y=6 \\) 에 나란한 직선의 방정식을 구할 수 있다.",
                "clue": [
                    {
                        "clue_text": "풀이 이 두 직선이 같은 기울기와 다른 \\( y \\)-절편을 가짐을 보이면, 이 두 직선은 나란함을 증명하는 셈이 된다.",
                        "clue_start": "391",
                        "clue_end": "458"
                    },
                    {
                        "clue_text": "보기 5.2.7 주어진 직선에 나란한 직선을 구하기 점 \\( (2,-3) \\) 을 포함하고 직선 \\( 2 x + y=6 \\) 에 나란한 직선의 방정식을 구하여라.",
                        "clue_start": "975",
                        "clue_end": "1065"
                    },
                    {
                        "clue_text": "따라서 두 직선 \\( L_ { 1 } \\) 과 \\( L_ { 2 } \\) 는 나란하다.",
                        "clue_start": "905",
                        "clue_end": "953"
                    }
                ],
                "terminology": [
                    {
                        "word": "기울기"
                    },
                    {
                        "word": "기울기-절편"
                    },
                    {
                        "word": "방정식"
                    },
                    {
                        "word": "좌표축"
                    },
                    {
                        "word": "직각삼각형"
                    },
                    {
                        "word": "직선의 방정식"
                    },
                    {
                        "word": "필요충분조건"
                    }
                ]
            },
            {
                "context_id": "55e-0c9-merge_772a8b07-3652bcd3-9eb9-4265-9be5-a4022a01ea1c_11",
                "context_K-NSCC": {
                    "field": "자연",
                    "large_category": "NA",
                    "medium_category": "99"
                },
                "context": "<p>여러분은 \\( m_ { 1 } m_ { 2 } =-1 \\) 을 관찰함으로써 두 비세로 직선이 수직일 조건이 \\( m_ { 1 } \\) 과 \\( m_ { 2 } \\) 가 서로의 음의 역수, 즉, \\( m_ { 1 } =- \\frac { 1 } { m_ { 2 } } \\) 또는 \\( m_ { 2 } =- \\frac { 1 } { m_ { 1 } } \\) 임을 의미함을 기억하는 것이 더 쉽다는 것을 알 수 있다.</p> <p>보기 5.2.8 다른 직선에 수직인 직선의 기울기를 구하기 어떤 직선의 기울기가 \\( \\frac { 2 } { 3 } \\) 이고 기울기가 \\( - \\frac { 3 } { 2 } \\) 인 임의의 직선은 이 직선에 수직이다.</p> <p>보기 5.2.9 주어진 직선에 수직인 직선의 방정식을 구하기 점 \\( (1,-2) \\) 를 포함하고 직선 \\( x + 3 y=6 \\) 에 수직인 직선의 방정식을 구하여라.</p> <p>풀이 먼저 주어진 방정식을 주어진 직선의 방정식을 기울기-절편 꼴로 고쳐서 이 직선의 기울기를 구하자. 그러면 \\( x + 3 y=6 \\). \\( 3 y=-x + 6 . \\quad y \\) 에 대하여 풀기 위하여 진행한다. \\( y=- \\frac { 1 } { 3 } x + 2 . \\quad y=m x + b \\) 꼴로 둔다. 그래서 주어진 직선의 기울기는 \\( - \\frac { 1 } { 3 } \\).</p> <p>그러므로 이 직선에 수직이 되는 임의의 직선의 기울기는 3이다. 그런데 직선은 점 \\( (1,-2) \\) 를 포함하고 기울기는 3 이다. 그래서 점-기울기 꼴을 사용하면, \\( y-(-2)=3(x-1) \\) 점-기울기 꼴 이제 이 방정식의 기울기-절편 꼴을 얻기 위하여, \\( y \\) 에 대하여 푼다. 그러면 \\( y + 2=3(x-1) \\) 그림 5.2.13은 이 그래프를 보여 준다.</p> <h1>5.3 1차 방정식을 세우기; 응용</h1> <p>응용문제를 풀기 위하여, 말로 된 표현을 수학의 언어로 옮길 수 있어야만 한다. 모르는 양(unknown quantity)을 나타내기 위하여 변수를 사용하여 이들 변수를 포함하는 관계를 찾음으로써 이 문제를 해결한다. 이 모든 것을 행하는 과정을 수학적 모형 만들기(mathematical modeling)라 한다.</p>",
                "context_length": 1144,
                "summary": "두 비세로 직선이 수직일 경우, 기울기 m1과 m2가 음의 역수인 관계를 기억하는 것이 더 쉽다. 또한, 주어진 직선의 기울기를 구하고 이 직선에 수직인 임의의 직선의 방정식을 구하는 과정을 통해 모르는 양을 나타내기 위해 변수를 사용하여 이들 변수를 포함하는 관계를 찾아 수학적 모형 만들기를 한다.",
                "clue": [
                    {
                        "clue_text": "여러분은 \\( m_ { 1 } m_ { 2 } =-1 \\) 을 관찰함으로써 두 비세로 직선이 수직일 조건이 \\( m_ { 1 } \\) 과 \\( m_ { 2 } \\) 가 서로의 음의 역수, 즉, \\( m_ { 1 } =- \\frac { 1 } { m_ { 2 } } \\) 또는 \\( m_ { 2 } =- \\frac { 1 } { m_ { 1 } } \\) 임을 의미함을 기억하는 것이 더 쉽다는 것을 알 수 있다.",
                        "clue_start": "3",
                        "clue_end": "232"
                    },
                    {
                        "clue_text": "응용문제를 풀기 위하여, 말로 된 표현을 수학의 언어로 옮길 수 있어야만 한다.",
                        "clue_start": "964",
                        "clue_end": "1008"
                    },
                    {
                        "clue_text": "모르는 양(unknown quantity)을 나타내기 위하여 변수를 사용하여 이들 변수를 포함하는 관계를 찾음으로써 이 문제를 해결한다.",
                        "clue_start": "1009",
                        "clue_end": "1085"
                    },
                    {
                        "clue_text": "이 모든 것을 행하는 과정을 수학적 모형 만들기(mathematical modeling)라 한다.",
                        "clue_start": "1086",
                        "clue_end": "1140"
                    }
                ],
                "terminology": [
                    {
                        "word": "기울기"
                    },
                    {
                        "word": "기울기-절편"
                    },
                    {
                        "word": "방정식"
                    },
                    {
                        "word": "비세"
                    },
                    {
                        "word": "비세로 직선"
                    },
                    {
                        "word": "수직"
                    },
                    {
                        "word": "음의 역수"
                    },
                    {
                        "word": "점-기울기"
                    },
                    {
                        "word": "직선의 기울기"
                    },
                    {
                        "word": "직선의 방정식"
                    }
                ]
            },
            {
                "context_id": "55e-0c9-merge_772a8b07-3652bcd3-9eb9-4265-9be5-a4022a01ea1c_07",
                "context_K-NSCC": {
                    "field": "자연",
                    "large_category": "NA",
                    "medium_category": "99"
                },
                "context": "<p>보기 5.2.2 직선의 점-기울기 꼴을 사용하기</p> <p>점 \\( (1,2) \\) 를 포함하고 기울기 \\(4 \\)인 직선의 방정식은 \\( m=4, x_ { 1 } =1 \\) 이고 \\( y_ { 1 } =2 \\) 를 갖는 점-기울기 꼴을 사용하여 구해질 수 있다. \\[ \\begin {array} { l } y-y_ { 1 } =m \\left (x-x_ { 1 } \\right ) \\\\ y-2=4(x-1) \\quad m=4, x_ { 1 } =1, y_ { 1 } =2 \\\\ y=f(x)=4 x-2 . \\quad f(x)=m x + b \\end {array} \\] 그림 5.2.3을 보라.</p> <p>보기 5.2.3 가로 직선의 방정식을 구하기 점 \\( (3,2) \\) 를 포함하는 가로 직선의 방정식을 구하여라.</p> <p>풀이 모든 \\( y \\)-좌표는 같기 때문에, 가로 직선의 기울기는 0이다. 방정식을 얻기 위하여, \\( m=0, x_ { 1 } =3 \\) 과 \\( y_ { 1 } =2 \\) 를 갖는 점-기울기 꼴을 사용한다. 그러면 \\[ \\begin {array} { l } y-y_ { 1 } =m \\left (x-x_ { 1 } \\right ) \\\\ y-2=0 \\cdot(x-3) \\quad m=0, x_ { 1 } =3, y_ { 1 } =2 \\\\ y-2=0 \\\\ y=f(x)=2 . \\end {array} \\] 그래프에 대하여 그림 5.2.5를 보라.</p> <p>보기 5.2.3에 의하여, 다음의 결과를 얻는다. 가로 직선은 다음과 같은 꼴의 방정식이다. \\( y=b \\). 여기서 \\( b \\) 는 \\( y \\)-절편이다. 함수 \\( f(x)=b \\) 를 상수함수(constant function)라 한다.</p> <p>보기 5.2.4 두 점이 주어진 직선의 방정식을 구하기 두 점 \\( (2,3) \\) 과 \\( (-2,5) \\) 를 포함하는 직선 \\( L \\) 의 방정식을 구하여라. 직선 \\( L \\) 의 그래프 를 그려라.</p> <p>풀이 처음에 이 직선의 기울기를 게산한다. 그러면 \\[ m= \\frac { 5-3 } { -2-2 } = \\frac { 2 } { -4 } =- \\frac { 1 } { 2 } . \\] 직선의 방정식의 점-기울기 꼴을 얻기 위하여 점 \\( (2,3) \\) 과 기울기 \\( m=- \\frac { 1 } { 2 } \\) 를 사용한다. 그러면 \\[ \\begin {array} { c } y-3=- \\frac { 1 } { 2 } (x-2) \\quad y-y_ { 1 } =m \\left (x-x_ { 1 } \\right ) \\\\ y-3=- \\frac { 1 } { 2 } x + 1 \\\\ y=f(x)=- \\frac { 1 } { 2 } x + 4 . \\end {array} \\] 그래프에 대하여 그림 5.2.6을 보라.</p>",
                "context_length": 1397,
                "summary": "본 논문에서는 점-기울기 꼴을 사용하여 두 점이 주어진 직선의 방정식을 구할 수 있음을 설명한다. 예를 들어 점 \\( (1,2) \\) 를 포함하고 기울기가 \\(4 \\)인 직선의 방정식의 경우 \\( m=4, x_ { 1 } =1 \\)이고 \\( y_ { 1 } =2 \\) 를 갖는 점-기울기 꼴을 사용하여 구해질 수 있다. 기울기를 계산한 후 점과 기울기를 사용하여 방정식을 구해 값을 도출하였다.",
                "clue": [
                    {
                        "clue_text": "점 \\( (1,2) \\) 를 포함하고 기울기 \\(4 \\)인 직선의 방정식은 \\( m=4, x_ { 1 } =1 \\) 이고 \\( y_ { 1 } =2 \\) 를 갖는 점-기울기 꼴을 사용하여 구해질 수 있다.",
                        "clue_start": "37",
                        "clue_end": "151"
                    },
                    {
                        "clue_text": "직선의 방정식의 점-기울기 꼴을 얻기 위하여 점 \\( (2,3) \\) 과 기울기 \\( m=- \\frac { 1 } { 2 } \\) 를 사용한다.",
                        "clue_start": "1098",
                        "clue_end": "1178"
                    }
                ],
                "terminology": [
                    {
                        "word": "constant function"
                    },
                    {
                        "word": "기울기"
                    },
                    {
                        "word": "방정식"
                    },
                    {
                        "word": "상수함수"
                    },
                    {
                        "word": "상수함수(constant function)"
                    },
                    {
                        "word": "점-기울기"
                    },
                    {
                        "word": "함수"
                    }
                ]
            },
            {
                "context_id": "55e-0c9-merge_772a8b07-3652bcd3-9eb9-4265-9be5-a4022a01ea1c_06",
                "context_K-NSCC": {
                    "field": "자연",
                    "large_category": "NA",
                    "medium_category": "99"
                },
                "context": "<p>(d) \\( V(x)=-4,000,000 x + 28,000,000 \\) 의 기울기는 \\( -4,000,000 \\) 이므로, 장부가격의 평균변화율은 \\( -4,000,000 \\) 원/년이다. 따라서 해마다 이 자동차의 장부가격은 \\( 4,000,000 \\) 원씩 감소한다.</p> <p>(e) 장부가격이 \\( 8,000,000 \\) 원이 되는 때를 구하기 위하여, 다음 방정식을 푼다. \\( V(x)=8,000,000-4,000,000 x + 28,000,000=8,000,000 \\) \\( -4,000,000 x=-20,000,000 \\quad \\) 양변에서 \\( 28,000,000 \\) 을 뻰다. \\( x= \\frac { -20,000,000 } { -4,000,000 } =5 . \\quad \\) 양변을 \\( -4,000,000 \\) 으로 나눈다.</p> <p>따라서 5 년 후에 이 자동차는 \\( 8,000,000 \\) 원의 장부가격을 가질 것이다.</p> <h1>5.2. 직선의 방정식</h1> <p>이제 직선의 방정식의 여러 가지 꼴을 유도할 준비가 되어 있다. 다음의 보기부터 시작하자.</p> <p>보기 5.2.1 직선의 그래프를 그리기 방정식 \\( x=3 \\) 의 그래프를 그려라.</p> <p>풀이 \\( x=3 \\) 의 그래프를 그리기 위하여, \\( x=3 \\) 인 평면에 있는 모든 점 \\( (x, y) \\) 를 찾는다. \\( y \\)-좌표가 무엇이 사용된다 할지라도, 대응하는 \\( x \\)-좌표는 언제나 3이다. 결과적으로, 방정식 \\( x=3 \\) 의 그래프는 \\( x \\)-절편 3 과 정의되지 않는 기울기를 갖는 세로 직선이다. 그림 5.2.1을 보라.</p> <p>보기 5.2.1에 의하여 제시된 대로, 다음의 결과를 갖는다.세로 직선은 다음 꼴의 방정식으로 주어진다. \\[ x=a \\text { . } \\] 여기서 \\( a \\) 는 \\( x \\)-절편이다. \\( x=a \\) 꼴의 방정식은 함수가 아니다.</p> <p>이제 \\( L \\) 은 기울기 \\( m \\) 을 갖고 점 \\( (x, y) \\) 을 포함하는 비세로 직선이라 하자. 그림 5.2.2를 보라. \\( L \\) 위의 임의의 점 \\( (x, y) \\) 에 대하여, \\[ m= \\frac { y-y_ { 1 } } { x-x_ { 1 } } \\text { 또는 } y-y_ { 1 } =m \\left (x-x_ { 1 } \\right ) \\] 을 갖는다. 점 \\( (x, y) \\) 을 포함하고 기울기 \\( m \\) 인 비세로 직선의 방정식은 다음과 같다. \\[ y-y_ { 1 } =m \\left (x-x_ { 1 } \\right ) . \\]</p>",
                "context_length": 1315,
                "summary": "직선 방정식의 다양한 형태에 대해 설명하고 있다. \\( x=3 \\)의 그래프는 \\( x \\)-절편이 3인 세로 직선으로, 기울기가 정의되지 않는다. 기울기 \\( m \\)을 가지며 점 \\( (x, y) \\)을 포함하는 비세로 직선을 \\( L \\)로 설정하였으며, 이 직선의 방정식을 유도하였다.",
                "clue": [
                    {
                        "clue_text": "직선의 방정식의 여러 가지 꼴을 유도할 준비가 되어 있다.",
                        "clue_start": "516",
                        "clue_end": "548"
                    },
                    {
                        "clue_text": "결과적으로, 방정식 \\( x=3 \\) 의 그래프는 \\( x \\)-절편 3 과 정의되지 않는 기울기를 갖는 세로 직선이다.",
                        "clue_start": "752",
                        "clue_end": "819"
                    },
                    {
                        "clue_text": "이제 \\( L \\) 은 기울기 \\( m \\) 을 갖고 점 \\( (x, y) \\) 을 포함하는 비세로 직선이라 하자.",
                        "clue_start": "984",
                        "clue_end": "1048"
                    },
                    {
                        "clue_text": "점 \\( (x, y) \\) 을 포함하고 기울기 \\( m \\) 인 비세로 직선의 방정식은 다음과 같다.",
                        "clue_start": "1206",
                        "clue_end": "1262"
                    }
                ],
                "terminology": [
                    {
                        "word": "그리기 방정식"
                    },
                    {
                        "word": "기울기"
                    },
                    {
                        "word": "방정식"
                    },
                    {
                        "word": "비세"
                    },
                    {
                        "word": "비세로 직선"
                    },
                    {
                        "word": "절편"
                    },
                    {
                        "word": "평균변화율"
                    },
                    {
                        "word": "함수"
                    }
                ]
            },
            {
                "context_id": "55e-0c9-merge_772a8b07-3652bcd3-9eb9-4265-9be5-a4022a01ea1c_03",
                "context_K-NSCC": {
                    "field": "자연",
                    "large_category": "NA",
                    "medium_category": "99"
                },
                "context": "<p>탐구 \\( y \\)-절편 \\( b \\) 의 역할을 알아보기 위하여, 같은 스크린(screen)에 다음 직선들의 그래프를 그려라.</p> <p>\\( Y_ { 1 } =2 x \\) \\( Y_ { 2 } =2 x + 1 \\) \\( Y_ { 3 } =2 x-1 \\) \\( Y_ { 4 } =2 x + 4 \\) \\( Y_ { 5 } =2 x-4 \\)</p> <p>그림 5.1.5를 보라. \\( f(x)=2 x + b \\) 꼴의 1 차 함수들에 관하여 여러분은 어떤 결론을 얻는가?</p> <p>결과 모든 직선은 같은 기울기 2를 가지므로, 모두 증가한다는 것을 우리는 알게 된다. 이 그래프들은 \\( b \\) 의 값에 따라서 위 또는 아래로 위치가 바뀐다.</p> <p>탐구 기울기 \\( m \\) 이 하는 역할을 알아보기 위하여, 같은 스그린 위에 다음 직선들의 그래프를 그려라.</p> <p>\\( Y_ { 1 } =2 x \\) \\( Y_ { 2 } =x + 2 \\) \\( Y_ { 3 } =-x + 2 \\) \\( Y_ { 4 } =3 x + 2 \\) \\( Y_ { 5 } =-3 x + 2 \\)</p> <p>그림 5.1.6을 보라. \\( f(x)=m x + 2 \\) 꼴의 1 차 함수들에 관하여 여러분은 어떤 결론을 얻는가?</p> <p>결과 1 차 함수의 기울기 \\( m \\) 이 양 \\( (m>0) \\) 일 때 이 직선은 위쪽 오른쪽으로 기울고; \\( m<0 \\) 일 때 이 직선은 아래쪽 오른쪽으로 기울고; \\( m=0 \\) 일 때 이 직선은 수평함을 알아야만 한다.</p> <p>탐구의 결과를 다음의 정리로 요약한다. 1 차 함수 \\( f(x)=m x + b \\) 는:</p> <ol type=1 start=1><li>(1) \\( m>0 \\) 이면 \\( f \\) 의 정의역에서 증가한다.</li> <li>(2) \\( m<0 \\) 이면 \\( f \\) 의 정의역에서 감소한다.</li> <li>(3) \\( m=0 \\) 이면 \\( f \\) 의 정의역에서 상수다.</li></ol> <p>보기 5.1.3 1차 함수가 증가, 감소 또는 상수인지를 결정하기 다음 1 차 함수들이 증가, 감소 또는 상수인지를 결정하여라.</p> <ol type=a start=1><li>\\( f(x)=3 x-1 \\)</li> <li>\\( g(x)=-5 x + 3 \\)</li> <li>\\( s(t)= \\frac { 2 } { 3 } t + 1 \\)</li> <li>\\( h(z)=5 \\)</li></ol> <p>풀이</p>",
                "context_length": 1231,
                "summary": "1차 함수 \\( f(x)=2 x + b \\)의 기울기 m 이 양일 때 증가, 음일 때 감소하며 0일 때 상수이다. 보기 5.1.3 1차 함수들은 (a) 3x-1은 증가, (b) -5x+3은 감소, (c) 2/3t+1은 증가, (d) h(z)=5는 상수이다.",
                "clue": [
                    {
                        "clue_text": "탐구 기울기 \\( m \\) 이 하는 역할을 알아보기 위하여, 같은 스그린 위에 다음 직선들의 그래프를 그려라.",
                        "clue_start": "373",
                        "clue_end": "434"
                    },
                    {
                        "clue_text": "\\( Y_ { 1 } =2 x \\) \\( Y_ { 2 } =x + 2 \\) \\( Y_ { 3 } =-x + 2 \\) \\( Y_ { 4 } =3 x + 2 \\) \\( Y_ { 5 } =-3 x + 2 \\)",
                        "clue_start": "442",
                        "clue_end": "555"
                    },
                    {
                        "clue_text": "보기 5.1.3 1차 함수가 증가, 감소 또는 상수인지를 결정하기 다음 1 차 함수들이 증가, 감소 또는 상수인지를 결정하여라.",
                        "clue_start": "1000",
                        "clue_end": "1071"
                    },
                    {
                        "clue_text": "\\( f(x)=2 x + b \\) 꼴의 1 차 함수들에 관하여 여러분은 어떤 결론을 얻는가?",
                        "clue_start": "215",
                        "clue_end": "266"
                    },
                    {
                        "clue_text": "<li>\\( f(x)=3 x-1 \\)</li> <li>\\( g(x)=-5 x + 3 \\)</li> <li>\\( s(t)= \\frac { 2 } { 3 } t + 1 \\)</li> <li>\\( h(z)=5 \\)",
                        "clue_start": "1095",
                        "clue_end": "1211"
                    }
                ],
                "terminology": [
                    {
                        "word": "1 차 함수"
                    },
                    {
                        "word": "기울기"
                    },
                    {
                        "word": "정의역"
                    },
                    {
                        "word": "함수"
                    }
                ]
            },
            {
                "context_id": "55e-0c9-merge_772a8b07-3652bcd3-9eb9-4265-9be5-a4022a01ea1c_18",
                "context_K-NSCC": {
                    "field": "자연",
                    "large_category": "NA",
                    "medium_category": "99"
                },
                "context": "<p>그러므로 다음을 얻는다. \\[ \\left ( \\begin {array} { c } 1 \\text { 시간에 박군이 } \\\\ \\text { 일을끌내는부분 } \\end {array} \\right ) + \\left ( \\begin {array} { c } 1 \\text { 시간에박군의형이 } \\\\ \\text { 일을글내는부분 } \\end {array} \\right )= \\left ( \\begin {array} { c } 1 \\text { 시간에핲께일을 } \\\\ \\text { 글내는부분 } \\end {array} \\right ) \\] 이것은 방정식을 끌어낸다. \\( \\frac { 1 } { 4 } + \\frac { 1 } { 6 } = \\frac { 1 } { t } \\).</p> <p>단계 \\( 4: t \\) 에 대하여 이 방정식을 푼다. \\[ \\begin {aligned} \\frac { 1 } { 4 } + \\frac { 1 } { 6 } &= \\frac { 1 } { t } \\\\ \\frac { 3 + 2 } { 12 } &= \\frac { 1 } { t } \\\\ \\frac { 5 } { 12 } &= \\frac { 1 } { t } \\\\ 5 t &=12 \\\\ t &= \\frac { 12 } { 5 } . \\end {aligned} \\] 그러면 이 일을 함께 끝내는데 걸리는 시간은 \\( \\frac { 12 } { 5 } =2 \\) 시간 24 분이다. 그러므로 그들은 \\( 12: 24 \\) 분에 이 일을 끝낼 것이다. 그들이 36 분 내에 골프장에 도착할 수 있다면, 그들은 약속된 골프를 칠 것이다. 단계 5: 1 시간 후에, 별도로 일하게 되면, \\( \\frac { 1 } { 4 } + \\frac { 1 } { 6 } = \\frac { 3 } { 12 } + \\frac { 2 } { 12 } = \\frac { 5 } { 12 } \\) 의 일을 끝낼 것이다. 1 시간 후에, 함께 일하면, \\( \\frac { 1 } {\\frac { 12 } { 5 } } = \\frac { 5 } { 12 } \\) 의 일을 끝낼 것이다.</p>",
                "context_length": 1037,
                "summary": "방정식을 이용하여 박군이 일을 끌내는 부분과 박군의 형이 일을 글내는 부분이 합쳐져서 일을 끝내는데 걸리는 시간을 구할 수 있다. 이 경우에는 약 2시간 24분이 걸리며, 만약 그들이 36분 내에 골프장에 도착할 수 있다면 약속된 골프를 칠 것이다.",
                "clue": [
                    {
                        "clue_text": "\\[ \\left ( \\begin {array} { c } 1 \\text { 시간에 박군이 } \\\\ \\text { 일을끌내는부분 } \\end {array} \\right ) + \\left ( \\begin {array} { c } 1 \\text { 시간에박군의형이 } \\\\ \\text { 일을글내는부분 } \\end {array} \\right )= \\left ( \\begin {array} { c } 1 \\text { 시간에핲께일을 } \\\\ \\text { 글내는부분 } \\end {array} \\right ) \\] 이것은 방정식을 끌어낸다.",
                        "clue_start": "17",
                        "clue_end": "315"
                    },
                    {
                        "clue_text": "\\( \\frac { 1 } { 4 } + \\frac { 1 } { 6 } = \\frac { 1 } { t } \\).",
                        "clue_start": "316",
                        "clue_end": "380"
                    },
                    {
                        "clue_text": "\\end {aligned} \\] 그러면 이 일을 함께 끝내는데 걸리는 시간은 \\( \\frac { 12 } { 5 } =2 \\) 시간 24 분이다.",
                        "clue_start": "629",
                        "clue_end": "710"
                    },
                    {
                        "clue_text": "그들이 36 분 내에 골프장에 도착할 수 있다면, 그들은 약속된 골프를 칠 것이다.",
                        "clue_start": "749",
                        "clue_end": "795"
                    },
                    {
                        "clue_text": "단계 5: 1 시간 후에, 별도로 일하게 되면, \\( \\frac { 1 } { 4 } + \\frac { 1 } { 6 } = \\frac { 3 } { 12 } + \\frac { 2 } { 12 } = \\frac { 5 } { 12 } \\) 의 일을 끝낼 것이다.",
                        "clue_start": "796",
                        "clue_end": "942"
                    }
                ],
                "terminology": [
                    {
                        "word": "방정식"
                    }
                ]
            },
            {
                "context_id": "55e-0c9-merge_772a8b07-3652bcd3-9eb9-4265-9be5-a4022a01ea1c_02",
                "context_K-NSCC": {
                    "field": "자연",
                    "large_category": "NA",
                    "medium_category": "99"
                },
                "context": "<p>기울기는 비세로 직선의 가파름(steepness)에 대한 수적인 양을 제공한다. 그림 5.1.3에서, \\( x \\) 의 증분 \\( \\Delta x \\) 는 세 그림 모두에서 같다. 그래서 가장 큰 \\( y \\) 의 증분 \\( \\Delta y \\) 를 갖는 직선은 가장 큰 기울기를 가질 것이다. 가장 작은 \\( y \\) 의 증분 \\( \\Delta y \\) 를 갖는 직선은 가장 작은 기울기를 가질 것이다.</p> <p>이제 \\( b=7 \\) 이 \\( f(x)=-3 x + 7 \\) 에서 하는 역할을 살펴보자. 표 5.1.1과 그림 5.1.1을 살펴보면, \\( f(x)=-3 x + 7 \\) 의 그래프의 \\( y \\)-절편이 7 임을 알게 된다. 일반적으로, 1 차 함 수 \\( f(x)=m x + b \\) 의 그래프의 \\( y \\)-절편은 \\( f(0)=b \\) 이다. 그러므로 이 그래프는 점 \\( (0, b) \\) 에서 \\( y \\)-축과 만난다. 기울기 \\( m \\) 과 \\( y \\)-절편 \\( b \\) 는 임의의 1 차 함수의 그래프를 그리 는데 사용될 수 있다.</p> <p>보기 5.1.2 기울기와 \\( y \\)-절편을 사용하여 1 차 함수의 그래프를 그리기 1 차 함수의 그래프를 그려라: \\( f(x)=- \\frac { 1 } { 2 } x + 2 \\)</p> <p>풀이 \\( f(x)=m x + b \\) 와 \\( f(x)=- \\frac { 1 } { 2 } x + 2 \\) 를 비교하여, 기울기는 \\( m=- \\frac { 1 } { 2 } \\) 이고 \\( y \\)-절편은 \\( b=2 \\) 임을 안다. \\( f \\) 의 그래프를 그리기 위하여, 점 \\( (0,2) \\) 를 정하고 그래프 위의 두 번째 점을 구하기 위하여 기울기를 사용한다. 기울기는 \\( - \\frac { 1 } { 2 } = \\frac { -1 } { 2 } = \\frac {\\Delta y } {\\Delta x } \\) 이므로, \\( x \\) 가 2 만큼 증가하면 \\( y \\) 는 1 만큼 감소할 것임을 안다. \\( (0,2) \\) 로부더 오른쪽으로 2단위 아래로 1 단위를 움직여서 생기는 점은 \\( (2,1) \\) 이다. \\( f \\) 의 그래프를 그리기 위하여 이 두 점을 사용한다.</p>",
                "context_length": 1116,
                "summary": "기울기는 직선의 가파름을 수치로 표현하며, 기울기 \\(m\\)과 \\(y\\)-절편 \\(b\\)는 1차 함수 \\(f(x) = mx + b\\)의 그래프를 그리는데 사용된다. 일반적으로, \\(y\\)-절편은 \\(f(0) = b\\)로 표현된다.",
                "clue": [
                    {
                        "clue_text": "기울기는 비세로 직선의 가파름(steepness)에 대한 수적인 양을 제공한다.",
                        "clue_start": "3",
                        "clue_end": "47"
                    },
                    {
                        "clue_text": "일반적으로, 1 차 함 수 \\( f(x)=m x + b \\) 의 그래프의 \\( y \\)-절편은 \\( f(0)=b \\) 이다.",
                        "clue_start": "364",
                        "clue_end": "433"
                    },
                    {
                        "clue_text": "기울기 \\( m \\) 과 \\( y \\)-절편 \\( b \\) 는 임의의 1 차 함수의 그래프를 그리 는데 사용될 수 있다.",
                        "clue_start": "480",
                        "clue_end": "547"
                    }
                ],
                "terminology": [
                    {
                        "word": "steepness"
                    },
                    {
                        "word": "가파름"
                    },
                    {
                        "word": "기울기"
                    },
                    {
                        "word": "비세"
                    },
                    {
                        "word": "비세로 직선"
                    },
                    {
                        "word": "절편"
                    },
                    {
                        "word": "증분"
                    },
                    {
                        "word": "함수"
                    }
                ]
            },
            {
                "context_id": "55e-0c9-merge_772a8b07-3652bcd3-9eb9-4265-9be5-a4022a01ea1c_08",
                "context_K-NSCC": {
                    "field": "자연",
                    "large_category": "NA",
                    "medium_category": "99"
                },
                "context": "<p>1 차 함수가 음함수 꼴로 주어지면, \\( y \\) 에 대하여 주어진 방정식을 풀고 함수를 \\( y=f(x)=m x + b \\) 꼴로 명백하게 씀으로써 기울기와 \\( y \\)-절편을 구할 수 있다. 이와 같은 꼴의 직선의 방정식을 기울기-절편 꼴(slope-intercept form)이라 한다. 왜냐면, 기울기와 \\( y \\)-절편이 주어진 방정식으로부터 쉽게 확인되기 때문이다.</p> <p>보기 5.2.5 기울기와 \\( y \\)-절편을 구하기 방정식 \\( x + 3 y=12 \\) 의 기울기 \\( m \\) 과 \\( y \\)-절편 \\( b \\) 를 구하여라. 이 방정식의 그래프를 그려라.</p> <p>풀이 기울기와 \\( y \\)-질편을 구하기 위하여, 이 방정식을 기울기-질편 꼴, \\( y=f(x)=m x + b \\) 로 쓴다. 그러면 \\[ \\begin {array} { c } x + 3 y=12 \\\\ 3 y=-x + 12 \\\\ y=f(x)=- \\frac { 1 } { 3 } x + 4 . \\quad f(x)=m x + b \\end {array} \\] 따라서 기울기 \\( m \\) 은 \\( x \\) 의 계수인 \\( - \\frac { 1 } { 3 } \\) 이고 \\( y \\)-질편 \\( b \\) 는 4 다. 방정식 \\( x + 3 y=12 \\) 의 그래프에 대하여 그림 5.2.7을 보라.</p> <p>보기 5.2.5에 있는 직선의 방정식 꼴을 일반 꼴(general form)이라 한다. 다음의 방정식으로 주어지는 직선 \\( L \\) 의 방정식을 일반 꼴 (general form)이라 한다. \\[ A x + B y=C \\text { . } \\] 여기서 \\( A, B, C \\) 는 실수고 \\( A \\neq 0, B \\neq 0 \\) 이다.</p> <p>모든 직선은 일반 꼴로 쓰여 진 방정식과 같은 꼴인 방정식을 갖는다. 예로써, 방정식이 \\( x=a \\) 인 세로 직선을 방정식이 \\( 1 \\cdot x + 0 \\cdot y=a \\quad A=1, B=0, C=a \\) 인 일반 꼴로 쓸 수 있다. 방정식이 \\( y=b \\) 인 가로 직선을 방정식이 \\[ 0 \\cdot x + 1 \\cdot y=b \\quad A=0, B=1, \\quad C=b \\] 인 일반 꼴로 쓸 수 있다. 세로 직선도 가로 직선도 아닌 직선은 \\[ A x + B y=C, A \\neq 0, B \\neq 0 \\] 꼴의 일반 방정식을 갖는다. 모든 직선의 방정식을 일반 꼴로 쓸 수 있기 때문에, 이와 같은 꼴인 임의의 방정식을 1 차 방정식(inear equation)이라 한다.</p>",
                "context_length": 1276,
                "summary": "1차 함수가 음함수의 꼴로 주어지면, \\( y \\) 에 대하여 주어진 방정식을 풀고 기울기-절편 꼴(slope-intercept form)인 \\( y=f(x)=m x + b \\) 로 확실하게 쓰면 기울기와 \\( y \\)-절편을 구할 수 있다. 모든 직선의 방정식은 일반 꼴로 쓰여 진 방정식인 \\( A x + B y=C \\) 꼴로 표현된다.",
                "clue": [
                    {
                        "clue_text": "1 차 함수가 음함수 꼴로 주어지면, \\( y \\) 에 대하여 주어진 방정식을 풀고 함수를 \\( y=f(x)=m x + b \\) 꼴로 명백하게 씀으로써 기울기와 \\( y \\)-절편을 구할 수 있다.",
                        "clue_start": "3",
                        "clue_end": "113"
                    },
                    {
                        "clue_text": "이와 같은 꼴의 직선의 방정식을 기울기-절편 꼴(slope-intercept form)이라 한다.",
                        "clue_start": "114",
                        "clue_end": "168"
                    },
                    {
                        "clue_text": "보기 5.2.5에 있는 직선의 방정식 꼴을 일반 꼴(general form)이라 한다.",
                        "clue_start": "682",
                        "clue_end": "730"
                    },
                    {
                        "clue_text": "\\[ A x + B y=C \\text { . } \\]",
                        "clue_start": "790",
                        "clue_end": "819"
                    }
                ],
                "terminology": [
                    {
                        "word": "계수"
                    },
                    {
                        "word": "기울기"
                    },
                    {
                        "word": "기울기-절편"
                    },
                    {
                        "word": "기울기-절편 꼴"
                    },
                    {
                        "word": "기울기-절편 꼴(slope-intercept form)"
                    },
                    {
                        "word": "방정식"
                    },
                    {
                        "word": "음함수"
                    },
                    {
                        "word": "일반 꼴"
                    },
                    {
                        "word": "일반 꼴 (general form)"
                    },
                    {
                        "word": "일반 꼴(general form)"
                    },
                    {
                        "word": "절편"
                    },
                    {
                        "word": "직선의 방정식"
                    },
                    {
                        "word": "함수"
                    }
                ]
            }
        ]
    }
}